date,value,raw_value,unit,approval_status,qualifiers,last_modified,time_series_id
2014-10-25,9.69,9.69,ft^3/s,Approved,[],2025-03-11T19:58:58.212270+00:00,1d5974fd48b84c7994291b887ca03571
2014-10-26,10.4,10.4,ft^3/s,Approved,[],2025-03-11T19:58:58.212270+00:00,1d5974fd48b84c7994291b887ca03571
2014-10-27,11.1,11.1,ft^3/s,Approved,[],2025-03-11T19:58:58.212270+00:00,1d5974fd48b84c7994291b887ca03571
2014-10-28,10.8,10.8,ft^3/s,Approved,[],2025-03-11T19:58:58.212270+00:00,1d5974fd48b84c7994291b887ca03571
2014-10-29,11.3,11.3,ft^3/s,Approved,[],2025-03-11T19:58:58.212270+00:00,1d5974fd48b84c7994291b887ca03571
2014-10-30,11.5,11.5,ft^3/s,Approved,[],2025-03-11T19:58:58.212270+00:00,1d5974fd48b84c7994291b887ca03571
2014-10-31,12.3,12.3,ft^3/s,Approved,[],2025-03-11T19:58:58.212270+00:00,1d5974fd48b84c7994291b887ca03571
2014-11-01,12.2,12.2,ft^3/s,Approved,[],2025-03-11T19:58:58.212270+00:00,1d5974fd48b84c7994291b887ca03571
2014-11-02,12.9,12.9,ft^3/s,Approved,[],2025-03-11T19:58:58.212270+00:00,1d5974fd48b84c7994291b887ca03571
2014-11-03,12.8,12.8,ft^3/s,Approved,[],2025-03-11T19:58:58.212270+00:00,1d5974fd48b84c7994291b887ca03571
2014-11-04,14.8,14.8,ft^3/s,Approved,[],2025-03-11T19:58:58.212270+00:00,1d5974fd48b84c7994291b887ca03571
2014-11-05,144.0,144,ft^3/s,Approved,[],2025-03-11T19:58:58.212270+00:00,1d5974fd48b84c7994291b887ca03571
2014-11-06,187.0,187,ft^3/s,Approved,[],2025-03-11T19:58:58.212270+00:00,1d5974fd48b84c7994291b887ca03571
2014-11-07,92.1,92.1,ft^3/s,Approved,[],2025-03-11T19:58:58.212270+00:00,1d5974fd48b84c7994291b887ca03571
2014-11-08,54.0,54.0,ft^3/s,Approved,[],2025-03-11T19:58:58.212270+00:00,1d5974fd48b84c7994291b887ca03571
2014-11-09,39.1,39.1,ft^3/s,Approved,[],2025-03-11T19:58:58.212270+00:00,1d5974fd48b84c7994291b887ca03571
2014-11-10,30.8,30.8,ft^3/s,Approved,[],2025-03-11T19:58:58.212270+00:00,1d5974fd48b84c7994291b887ca03571
2014-11-11,26.1,26.1,ft^3/s,Approved,[],2025-03-11T19:58:58.212270+00:00,1d5974fd48b84c7994291b887ca03571
2014-11-12,21.0,21.0,ft^3/s,Approved,[],2025-03-11T19:58:58.212270+00:00,1d5974fd48b84c7994291b887ca03571
2014-11-13,19.1,19.1,ft^3/s,Approved,[],2025-03-11T19:58:58.212270+00:00,1d5974fd48b84c7994291b887ca03571
2014-11-14,18.6,18.6,ft^3/s,Approved,[],2025-03-11T19:58:58.212270+00:00,1d5974fd48b84c7994291b887ca03571
2014-11-15,18.9,18.9,ft^3/s,Approved,[],2025-03-11T19:58:58.212270+00:00,1d5974fd48b84c7994291b887ca03571
2014-11-16,19.3,19.3,ft^3/s,Approved,[],2025-03-11T19:58:58.212270+00:00,1d5974fd48b84c7994291b887ca03571
2014-11-17,18.0,18.0,ft^3/s,Approved,[],2025-03-11T19:58:58.212270+00:00,1d5974fd48b84c7994291b887ca03571
2014-11-18,17.4,17.4,ft^3/s,Approved,[],2025-03-11T19:58:58.212270+00:00,1d5974fd48b84c7994291b887ca03571
2014-11-19,17.0,17.0,ft^3/s,Approved,[],2025-03-11T19:58:58.212270+00:00,1d5974fd48b84c7994291b887ca03571
2014-11-20,16.9,16.9,ft^3/s,Approved,[],2025-03-11T19:58:58.212270+00:00,1d5974fd48b84c7994291b887ca03571
2014-11-21,32.7,32.7,ft^3/s,Approved,[],2025-03-11T19:58:58.212270+00:00,1d5974fd48b84c7994291b887ca03571
2014-11-22,390.0,390,ft^3/s,Approved,[],2025-03-11T19:58:58.212270+00:00,1d5974fd48b84c7994291b887ca03571
2014-11-23,515.0,515,ft^3/s,Approved,[],2025-03-11T19:58:58.212270+00:00,1d5974fd48b84c7994291b887ca03571
2014-11-24,213.0,213,ft^3/s,Approved,[],2025-03-11T19:58:58.212270+00:00,1d5974fd48b84c7994291b887ca03571
2014-11-25,106.0,106,ft^3/s,Approved,[],2025-03-11T19:58:58.212270+00:00,1d5974fd48b84c7994291b887ca03571
2014-11-26,72.0,72.0,ft^3/s,Approved,[],2025-03-11T19:58:58.212270+00:00,1d5974fd48b84c7994291b887ca03571
2014-11-27,56.6,56.6,ft^3/s,Approved,[],2025-03-11T19:58:58.212270+00:00,1d5974fd48b84c7994291b887ca03571
2014-11-28,47.3,47.3,ft^3/s,Approved,[],2025-03-11T19:58:58.212270+00:00,1d5974fd48b84c7994291b887ca03571
2014-11-29,40.1,40.1,ft^3/s,Approved,[],2025-03-11T19:58:58.212270+00:00,1d5974fd48b84c7994291b887ca03571
2014-11-30,37.0,37.0,ft^3/s,Approved,[],2025-03-11T19:58:58.212270+00:00,1d5974fd48b84c7994291b887ca03571
2014-12-01,34.2,34.2,ft^3/s,Approved,[],2025-03-11T19:58:58.212270+00:00,1d5974fd48b84c7994291b887ca03571
2014-12-02,33.2,33.2,ft^3/s,Approved,[],2025-03-11T19:58:58.212270+00:00,1d5974fd48b84c7994291b887ca03571
2014-12-03,32.0,32.0,ft^3/s,Approved,[],2025-03-11T19:58:58.212270+00:00,1d5974fd48b84c7994291b887ca03571
2014-12-04,31.3,31.3,ft^3/s,Approved,[],2025-03-11T19:58:58.212270+00:00,1d5974fd48b84c7994291b887ca03571
2014-12-05,30.8,30.8,ft^3/s,Approved,[],2025-03-11T19:58:58.212270+00:00,1d5974fd48b84c7994291b887ca03571
2014-12-06,31.6,31.6,ft^3/s,Approved,[],2025-03-11T19:58:58.212270+00:00,1d5974fd48b84c7994291b887ca03571
2014-12-07,32.3,32.3,ft^3/s,Approved,[],2025-03-11T19:58:58.212270+00:00,1d5974fd48b84c7994291b887ca03571
2014-12-08,31.7,31.7,ft^3/s,Approved,[],2025-03-11T19:58:58.212270+00:00,1d5974fd48b84c7994291b887ca03571
2014-12-09,30.2,30.2,ft^3/s,Approved,[],2025-03-11T19:58:58.212270+00:00,1d5974fd48b84c7994291b887ca03571
2014-12-10,29.3,29.3,ft^3/s,Approved,[],2025-03-11T19:58:58.212270+00:00,1d5974fd48b84c7994291b887ca03571
2014-12-11,33.9,33.9,ft^3/s,Approved,[],2025-03-11T19:58:58.212270+00:00,1d5974fd48b84c7994291b887ca03571
2014-12-12,30.9,30.9,ft^3/s,Approved,[],2025-03-11T19:58:58.212270+00:00,1d5974fd48b84c7994291b887ca03571
2014-12-13,28.8,28.8,ft^3/s,Approved,[],2025-03-11T19:58:58.212270+00:00,1d5974fd48b84c7994291b887ca03571
2014-12-14,28.8,28.8,ft^3/s,Approved,[],2025-03-11T19:58:58.212270+00:00,1d5974fd48b84c7994291b887ca03571
2014-12-15,28.3,28.3,ft^3/s,Approved,[],2025-03-11T19:58:58.212270+00:00,1d5974fd48b84c7994291b887ca03571
2014-12-16,27.5,27.5,ft^3/s,Approved,[],2025-03-11T19:58:58.212270+00:00,1d5974fd48b84c7994291b887ca03571
2014-12-17,26.0,26.0,ft^3/s,Approved,[],2025-03-11T19:58:58.212270+00:00,1d5974fd48b84c7994291b887ca03571
2014-12-18,27.8,27.8,ft^3/s,Approved,[],2025-03-11T19:58:58.212270+00:00,1d5974fd48b84c7994291b887ca03571
2014-12-19,61.2,61.2,ft^3/s,Approved,[],2025-03-11T19:58:58.212270+00:00,1d5974fd48b84c7994291b887ca03571
2014-12-20,36.5,36.5,ft^3/s,Approved,[],2025-03-11T19:58:58.212270+00:00,1d5974fd48b84c7994291b887ca03571
2014-12-21,33.1,33.1,ft^3/s,Approved,[],2025-03-11T19:58:58.212270+00:00,1d5974fd48b84c7994291b887ca03571
2014-12-22,26.3,26.3,ft^3/s,Approved,[],2025-03-11T19:58:58.212270+00:00,1d5974fd48b84c7994291b887ca03571
2014-12-23,29.2,29.2,ft^3/s,Approved,[],2025-03-11T19:58:58.212270+00:00,1d5974fd48b84c7994291b887ca03571
2014-12-24,26.8,26.8,ft^3/s,Approved,[],2025-03-11T19:58:58.212270+00:00,1d5974fd48b84c7994291b887ca03571
2014-12-25,24.4,24.4,ft^3/s,Approved,[],2025-03-11T19:58:58.212270+00:00,1d5974fd48b84c7994291b887ca03571
2014-12-26,23.4,23.4,ft^3/s,Approved,[],2025-03-11T19:58:58.212270+00:00,1d5974fd48b84c7994291b887ca03571
2014-12-27,24.3,24.3,ft^3/s,Approved,[],2025-03-11T19:58:58.212270+00:00,1d5974fd48b84c7994291b887ca03571
2014-12-28,26.2,26.2,ft^3/s,Approved,[],2025-03-11T19:58:58.212270+00:00,1d5974fd48b84c7994291b887ca03571
2014-12-29,25.5,25.5,ft^3/s,Approved,[],2025-03-11T19:58:58.212270+00:00,1d5974fd48b84c7994291b887ca03571
2014-12-30,25.4,25.4,ft^3/s,Approved,[],2025-03-11T19:58:58.212270+00:00,1d5974fd48b84c7994291b887ca03571
2014-12-31,24.2,24.2,ft^3/s,Approved,[],2025-03-11T19:58:58.212270+00:00,1d5974fd48b84c7994291b887ca03571
2015-01-01,57.7,57.7,ft^3/s,Approved,[],2025-03-11T19:58:58.212270+00:00,1d5974fd48b84c7994291b887ca03571
2015-01-02,58.4,58.4,ft^3/s,Approved,[],2025-03-11T19:58:58.212270+00:00,1d5974fd48b84c7994291b887ca03571
2015-01-03,240.0,240,ft^3/s,Approved,[],2025-03-11T19:58:58.212270+00:00,1d5974fd48b84c7994291b887ca03571
2015-01-04,131.0,131,ft^3/s,Approved,[],2025-03-11T19:58:58.212270+00:00,1d5974fd48b84c7994291b887ca03571
2015-01-05,86.8,86.8,ft^3/s,Approved,[],2025-03-11T19:58:58.212270+00:00,1d5974fd48b84c7994291b887ca03571
2015-01-06,65.6,65.6,ft^3/s,Approved,[],2025-03-11T19:58:58.212270+00:00,1d5974fd48b84c7994291b887ca03571
2015-01-07,57.6,57.6,ft^3/s,Approved,[],2025-03-11T19:58:58.212270+00:00,1d5974fd48b84c7994291b887ca03571
2015-01-08,50.8,50.8,ft^3/s,Approved,[],2025-03-11T19:58:58.212270+00:00,1d5974fd48b84c7994291b887ca03571
2015-01-09,47.4,47.4,ft^3/s,Approved,[],2025-03-11T19:58:58.212270+00:00,1d5974fd48b84c7994291b887ca03571
2015-01-10,50.3,50.3,ft^3/s,Approved,[],2025-03-11T19:58:58.212270+00:00,1d5974fd48b84c7994291b887ca03571
2015-01-11,191.0,191,ft^3/s,Approved,[],2025-03-11T19:58:58.212270+00:00,1d5974fd48b84c7994291b887ca03571
2015-01-12,132.0,132,ft^3/s,Approved,[],2025-03-11T19:58:58.212270+00:00,1d5974fd48b84c7994291b887ca03571
2015-01-13,90.7,90.7,ft^3/s,Approved,[],2025-03-11T19:58:58.212270+00:00,1d5974fd48b84c7994291b887ca03571
2015-01-14,72.8,72.8,ft^3/s,Approved,[],2025-03-11T19:58:58.212270+00:00,1d5974fd48b84c7994291b887ca03571
2015-01-15,64.4,64.4,ft^3/s,Approved,[],2025-03-11T19:58:58.212270+00:00,1d5974fd48b84c7994291b887ca03571
2015-01-16,55.8,55.8,ft^3/s,Approved,[],2025-03-11T19:58:58.212270+00:00,1d5974fd48b84c7994291b887ca03571
2015-01-17,50.1,50.1,ft^3/s,Approved,[],2025-03-11T19:58:58.212270+00:00,1d5974fd48b84c7994291b887ca03571
2015-01-18,50.0,50.0,ft^3/s,Approved,[],2025-09-02T15:32:16.761021+00:00,1d5974fd48b84c7994291b887ca03571
2015-01-19,45.0,45.0,ft^3/s,Approved,[],2025-09-02T15:32:16.761021+00:00,1d5974fd48b84c7994291b887ca03571
2015-01-20,42.5,42.5,ft^3/s,Approved,[],2025-03-11T19:58:58.212270+00:00,1d5974fd48b84c7994291b887ca03571
2015-01-21,48.6,48.6,ft^3/s,Approved,[],2025-03-11T19:58:58.212270+00:00,1d5974fd48b84c7994291b887ca03571
2015-01-22,698.0,698,ft^3/s,Approved,[],2025-03-11T19:58:58.212270+00:00,1d5974fd48b84c7994291b887ca03571
2015-01-23,568.0,568,ft^3/s,Approved,[],2025-03-11T19:58:58.212270+00:00,1d5974fd48b84c7994291b887ca03571
2015-01-24,368.0,368,ft^3/s,Approved,[],2025-03-11T19:58:58.212270+00:00,1d5974fd48b84c7994291b887ca03571
2015-01-25,215.0,215,ft^3/s,Approved,[],2025-03-11T19:58:58.212270+00:00,1d5974fd48b84c7994291b887ca03571
2015-01-26,144.0,144,ft^3/s,Approved,[],2025-03-11T19:58:58.212270+00:00,1d5974fd48b84c7994291b887ca03571
2015-01-27,117.0,117,ft^3/s,Approved,[],2025-03-11T19:58:58.212270+00:00,1d5974fd48b84c7994291b887ca03571
2015-01-28,98.9,98.9,ft^3/s,Approved,[],2025-03-11T19:58:58.212270+00:00,1d5974fd48b84c7994291b887ca03571
2015-01-29,86.1,86.1,ft^3/s,Approved,[],2025-03-11T19:58:58.212270+00:00,1d5974fd48b84c7994291b887ca03571
2015-01-30,78.3,78.3,ft^3/s,Approved,[],2025-03-11T19:58:58.212270+00:00,1d5974fd48b84c7994291b887ca03571
2015-01-31,88.3,88.3,ft^3/s,Approved,[],2025-03-11T19:58:58.212270+00:00,1d5974fd48b84c7994291b887ca03571
2015-02-01,89.4,89.4,ft^3/s,Approved,[],2025-03-11T19:58:58.212270+00:00,1d5974fd48b84c7994291b887ca03571
2015-02-02,77.7,77.7,ft^3/s,Approved,[],2025-03-11T19:58:58.212270+00:00,1d5974fd48b84c7994291b887ca03571
2015-02-03,86.0,86.0,ft^3/s,Approved,[],2025-03-11T19:58:58.212270+00:00,1d5974fd48b84c7994291b887ca03571
2015-02-04,85.2,85.2,ft^3/s,Approved,[],2025-03-11T19:58:58.212270+00:00,1d5974fd48b84c7994291b887ca03571
2015-02-05,75.1,75.1,ft^3/s,Approved,[],2025-03-11T19:58:58.212270+00:00,1d5974fd48b84c7994291b887ca03571
2015-02-06,67.2,67.2,ft^3/s,Approved,[],2025-03-11T19:58:58.212270+00:00,1d5974fd48b84c7994291b887ca03571
2015-02-07,61.1,61.1,ft^3/s,Approved,[],2025-03-11T19:58:58.212270+00:00,1d5974fd48b84c7994291b887ca03571
2015-02-08,56.4,56.4,ft^3/s,Approved,[],2025-03-11T19:58:58.212270+00:00,1d5974fd48b84c7994291b887ca03571
2015-02-09,53.5,53.5,ft^3/s,Approved,[],2025-03-11T19:58:58.212270+00:00,1d5974fd48b84c7994291b887ca03571
2015-02-10,49.8,49.8,ft^3/s,Approved,[],2025-03-11T19:58:58.212270+00:00,1d5974fd48b84c7994291b887ca03571
2015-02-11,49.6,49.6,ft^3/s,Approved,[],2025-03-11T19:58:58.212270+00:00,1d5974fd48b84c7994291b887ca03571
2015-02-12,47.5,47.5,ft^3/s,Approved,[],2025-03-11T19:58:58.212270+00:00,1d5974fd48b84c7994291b887ca03571
2015-02-13,45.1,45.1,ft^3/s,Approved,[],2025-03-11T19:58:58.212270+00:00,1d5974fd48b84c7994291b887ca03571
2015-02-14,43.8,43.8,ft^3/s,Approved,[],2025-03-11T19:58:58.212270+00:00,1d5974fd48b84c7994291b887ca03571
2015-02-15,43.6,43.6,ft^3/s,Approved,[],2025-03-11T19:58:58.212270+00:00,1d5974fd48b84c7994291b887ca03571
2015-02-16,44.0,44.0,ft^3/s,Approved,[],2025-03-11T19:58:58.212270+00:00,1d5974fd48b84c7994291b887ca03571
2015-02-17,42.2,42.2,ft^3/s,Approved,[],2025-03-11T19:58:58.212270+00:00,1d5974fd48b84c7994291b887ca03571
2015-02-18,40.5,40.5,ft^3/s,Approved,[],2025-03-11T19:58:58.212270+00:00,1d5974fd48b84c7994291b887ca03571
2015-02-19,39.6,39.6,ft^3/s,Approved,[],2025-03-11T19:58:58.212270+00:00,1d5974fd48b84c7994291b887ca03571
2015-02-20,39.0,39.0,ft^3/s,Approved,[],2025-03-11T19:58:58.212270+00:00,1d5974fd48b84c7994291b887ca03571
2015-02-21,38.3,38.3,ft^3/s,Approved,[],2025-03-11T19:58:58.212270+00:00,1d5974fd48b84c7994291b887ca03571
2015-02-22,38.1,38.1,ft^3/s,Approved,[],2025-03-11T19:58:58.212270+00:00,1d5974fd48b84c7994291b887ca03571
2015-02-23,36.4,36.4,ft^3/s,Approved,[],2025-03-11T19:58:58.212270+00:00,1d5974fd48b84c7994291b887ca03571
2015-02-24,36.4,36.4,ft^3/s,Approved,[],2025-03-11T19:58:58.212270+00:00,1d5974fd48b84c7994291b887ca03571
2015-02-25,36.1,36.1,ft^3/s,Approved,[],2025-03-11T19:58:58.212270+00:00,1d5974fd48b84c7994291b887ca03571
2015-02-26,35.3,35.3,ft^3/s,Approved,[],2025-03-11T19:58:58.212270+00:00,1d5974fd48b84c7994291b887ca03571
2015-02-27,34.6,34.6,ft^3/s,Approved,[],2025-03-11T19:58:58.212270+00:00,1d5974fd48b84c7994291b887ca03571
2015-02-28,34.5,34.5,ft^3/s,Approved,[],2025-03-11T19:58:58.212270+00:00,1d5974fd48b84c7994291b887ca03571
2015-03-01,38.3,38.3,ft^3/s,Approved,[],2025-03-11T19:58:58.212270+00:00,1d5974fd48b84c7994291b887ca03571
2015-03-02,40.8,40.8,ft^3/s,Approved,[],2025-03-11T19:58:58.212270+00:00,1d5974fd48b84c7994291b887ca03571
2015-03-03,39.7,39.7,ft^3/s,Approved,[],2025-03-11T19:58:58.212270+00:00,1d5974fd48b84c7994291b887ca03571
2015-03-04,46.6,46.6,ft^3/s,Approved,[],2025-03-11T19:58:58.212270+00:00,1d5974fd48b84c7994291b887ca03571
2015-03-05,95.7,95.7,ft^3/s,Approved,[],2025-03-11T19:58:58.212270+00:00,1d5974fd48b84c7994291b887ca03571
2015-03-06,76.4,76.4,ft^3/s,Approved,[],2025-03-11T19:58:58.212270+00:00,1d5974fd48b84c7994291b887ca03571
2015-03-07,60.4,60.4,ft^3/s,Approved,[],2025-03-11T19:58:58.212270+00:00,1d5974fd48b84c7994291b887ca03571
2015-03-08,53.6,53.6,ft^3/s,Approved,[],2025-03-11T19:58:58.212270+00:00,1d5974fd48b84c7994291b887ca03571
2015-03-09,1000.0,1000,ft^3/s,Approved,[],2025-03-11T19:58:58.212270+00:00,1d5974fd48b84c7994291b887ca03571
2015-03-10,674.0,674,ft^3/s,Approved,[],2025-03-11T19:58:58.212270+00:00,1d5974fd48b84c7994291b887ca03571
2015-03-11,488.0,488,ft^3/s,Approved,[],2025-03-11T19:58:58.212270+00:00,1d5974fd48b84c7994291b887ca03571
2015-03-12,321.0,321,ft^3/s,Approved,[],2025-03-11T19:58:58.212270+00:00,1d5974fd48b84c7994291b887ca03571
2015-03-13,189.0,189,ft^3/s,Approved,[],2025-03-11T19:58:58.212270+00:00,1d5974fd48b84c7994291b887ca03571
2015-03-14,146.0,146,ft^3/s,Approved,[],2025-03-11T19:58:58.212270+00:00,1d5974fd48b84c7994291b887ca03571
2015-03-15,125.0,125,ft^3/s,Approved,[],2025-03-11T19:58:58.212270+00:00,1d5974fd48b84c7994291b887ca03571
2015-03-16,110.0,110,ft^3/s,Approved,[],2025-03-11T19:58:58.212270+00:00,1d5974fd48b84c7994291b887ca03571
2015-03-17,102.0,102,ft^3/s,Approved,[],2025-03-11T19:58:58.212270+00:00,1d5974fd48b84c7994291b887ca03571
2015-03-18,109.0,109,ft^3/s,Approved,[],2025-03-11T19:58:58.212270+00:00,1d5974fd48b84c7994291b887ca03571
2015-03-19,99.1,99.1,ft^3/s,Approved,[],2025-03-11T19:58:58.212270+00:00,1d5974fd48b84c7994291b887ca03571
2015-03-20,140.0,140,ft^3/s,Approved,[],2025-03-11T19:58:58.212270+00:00,1d5974fd48b84c7994291b887ca03571
2015-03-21,291.0,291,ft^3/s,Approved,[],2025-03-11T19:58:58.212270+00:00,1d5974fd48b84c7994291b887ca03571
2015-03-22,239.0,239,ft^3/s,Approved,[],2025-03-11T19:58:58.212270+00:00,1d5974fd48b84c7994291b887ca03571
2015-03-23,169.0,169,ft^3/s,Approved,[],2025-03-11T19:58:58.212270+00:00,1d5974fd48b84c7994291b887ca03571
2015-03-24,140.0,140,ft^3/s,Approved,[],2025-03-11T19:58:58.212270+00:00,1d5974fd48b84c7994291b887ca03571
2015-03-25,121.0,121,ft^3/s,Approved,[],2025-03-11T19:58:58.212270+00:00,1d5974fd48b84c7994291b887ca03571
2015-03-26,108.0,108,ft^3/s,Approved,[],2025-03-11T19:58:58.212270+00:00,1d5974fd48b84c7994291b887ca03571
2015-03-27,99.9,99.9,ft^3/s,Approved,[],2025-03-11T19:58:58.212270+00:00,1d5974fd48b84c7994291b887ca03571
2015-03-28,89.2,89.2,ft^3/s,Approved,[],2025-03-11T19:58:58.212270+00:00,1d5974fd48b84c7994291b887ca03571
2015-03-29,82.3,82.3,ft^3/s,Approved,[],2025-03-11T19:58:58.212270+00:00,1d5974fd48b84c7994291b887ca03571
2015-03-30,79.2,79.2,ft^3/s,Approved,[],2025-03-11T19:58:58.212270+00:00,1d5974fd48b84c7994291b887ca03571
2015-03-31,74.8,74.8,ft^3/s,Approved,[],2025-03-11T19:58:58.212270+00:00,1d5974fd48b84c7994291b887ca03571
2015-04-01,71.3,71.3,ft^3/s,Approved,[],2025-03-11T19:58:58.212270+00:00,1d5974fd48b84c7994291b887ca03571
2015-04-02,68.5,68.5,ft^3/s,Approved,[],2025-03-11T19:58:58.212270+00:00,1d5974fd48b84c7994291b887ca03571
2015-04-03,65.6,65.6,ft^3/s,Approved,[],2025-03-11T19:58:58.212270+00:00,1d5974fd48b84c7994291b887ca03571
2015-04-04,59.7,59.7,ft^3/s,Approved,[],2025-03-11T19:58:58.212270+00:00,1d5974fd48b84c7994291b887ca03571
2015-04-05,59.7,59.7,ft^3/s,Approved,[],2025-03-11T19:58:58.212270+00:00,1d5974fd48b84c7994291b887ca03571
2015-04-06,60.5,60.5,ft^3/s,Approved,[],2025-03-11T19:58:58.212270+00:00,1d5974fd48b84c7994291b887ca03571
2015-04-07,58.6,58.6,ft^3/s,Approved,[],2025-03-11T19:58:58.212270+00:00,1d5974fd48b84c7994291b887ca03571
2015-04-08,56.7,56.7,ft^3/s,Approved,[],2025-03-11T19:58:58.212270+00:00,1d5974fd48b84c7994291b887ca03571
2015-04-09,54.3,54.3,ft^3/s,Approved,[],2025-03-11T19:58:58.212270+00:00,1d5974fd48b84c7994291b887ca03571
2015-04-10,62.4,62.4,ft^3/s,Approved,[],2025-03-11T19:58:58.212270+00:00,1d5974fd48b84c7994291b887ca03571
2015-04-11,71.8,71.8,ft^3/s,Approved,[],2025-03-11T19:58:58.212270+00:00,1d5974fd48b84c7994291b887ca03571
2015-04-12,65.7,65.7,ft^3/s,Approved,[],2025-03-11T19:58:58.212270+00:00,1d5974fd48b84c7994291b887ca03571
2015-04-13,61.3,61.3,ft^3/s,Approved,[],2025-03-11T19:58:58.212270+00:00,1d5974fd48b84c7994291b887ca03571
2015-04-14,56.1,56.1,ft^3/s,Approved,[],2025-03-11T19:58:58.212270+00:00,1d5974fd48b84c7994291b887ca03571
2015-04-15,51.6,51.6,ft^3/s,Approved,[],2025-03-11T19:58:58.212270+00:00,1d5974fd48b84c7994291b887ca03571
2015-04-16,50.2,50.2,ft^3/s,Approved,[],2025-03-11T19:58:58.212270+00:00,1d5974fd48b84c7994291b887ca03571
2015-04-17,110.0,110,ft^3/s,Approved,[],2025-03-11T19:58:58.212270+00:00,1d5974fd48b84c7994291b887ca03571
2015-04-18,391.0,391,ft^3/s,Approved,[],2025-03-11T19:58:58.212270+00:00,1d5974fd48b84c7994291b887ca03571
2015-04-19,211.0,211,ft^3/s,Approved,[],2025-03-11T19:58:58.212270+00:00,1d5974fd48b84c7994291b887ca03571
2015-04-20,130.0,130,ft^3/s,Approved,[],2025-03-11T19:58:58.212270+00:00,1d5974fd48b84c7994291b887ca03571
2015-04-21,74.2,74.2,ft^3/s,Approved,[],2025-03-11T19:58:58.212270+00:00,1d5974fd48b84c7994291b887ca03571
2015-04-22,56.1,56.1,ft^3/s,Approved,[],2025-03-11T19:58:58.212270+00:00,1d5974fd48b84c7994291b887ca03571
2015-04-23,47.8,47.8,ft^3/s,Approved,[],2025-03-11T19:58:58.212270+00:00,1d5974fd48b84c7994291b887ca03571
2015-04-24,84.6,84.6,ft^3/s,Approved,[],2025-03-11T19:58:58.212270+00:00,1d5974fd48b84c7994291b887ca03571
2015-04-25,57.7,57.7,ft^3/s,Approved,[],2025-03-11T19:58:58.212270+00:00,1d5974fd48b84c7994291b887ca03571
2015-04-26,46.3,46.3,ft^3/s,Approved,[],2025-03-11T19:58:58.212270+00:00,1d5974fd48b84c7994291b887ca03571
2015-04-27,58.4,58.4,ft^3/s,Approved,[],2025-03-11T19:58:58.212270+00:00,1d5974fd48b84c7994291b887ca03571
2015-04-28,48.2,48.2,ft^3/s,Approved,[],2025-03-11T19:58:58.212270+00:00,1d5974fd48b84c7994291b887ca03571
2015-04-29,39.8,39.8,ft^3/s,Approved,[],2025-03-11T19:58:58.212270+00:00,1d5974fd48b84c7994291b887ca03571
2015-04-30,35.0,35.0,ft^3/s,Approved,[],2025-03-11T19:58:58.212270+00:00,1d5974fd48b84c7994291b887ca03571
2015-05-01,30.8,30.8,ft^3/s,Approved,[],2025-03-11T19:58:58.212270+00:00,1d5974fd48b84c7994291b887ca03571
2015-05-02,28.7,28.7,ft^3/s,Approved,[],2025-03-11T19:58:58.212270+00:00,1d5974fd48b84c7994291b887ca03571
2015-05-03,26.9,26.9,ft^3/s,Approved,[],2025-03-11T19:58:58.212270+00:00,1d5974fd48b84c7994291b887ca03571
2015-05-04,25.2,25.2,ft^3/s,Approved,[],2025-03-11T19:58:58.212270+00:00,1d5974fd48b84c7994291b887ca03571
2015-05-05,66.8,66.8,ft^3/s,Approved,[],2025-03-11T19:58:58.212270+00:00,1d5974fd48b84c7994291b887ca03571
2015-05-06,449.0,449,ft^3/s,Approved,[],2025-03-11T19:58:58.212270+00:00,1d5974fd48b84c7994291b887ca03571
2015-05-07,268.0,268,ft^3/s,Approved,[],2025-03-11T19:58:58.212270+00:00,1d5974fd48b84c7994291b887ca03571
2015-05-08,225.0,225,ft^3/s,Approved,[],2025-03-11T19:58:58.212270+00:00,1d5974fd48b84c7994291b887ca03571
2015-05-09,132.0,132,ft^3/s,Approved,[],2025-03-11T19:58:58.212270+00:00,1d5974fd48b84c7994291b887ca03571
2015-05-10,82.3,82.3,ft^3/s,Approved,[],2025-03-11T19:58:58.212270+00:00,1d5974fd48b84c7994291b887ca03571
2015-05-11,146.0,146,ft^3/s,Approved,[],2025-03-11T19:58:58.212270+00:00,1d5974fd48b84c7994291b887ca03571
2015-05-12,177.0,177,ft^3/s,Approved,[],2025-03-11T19:58:58.212270+00:00,1d5974fd48b84c7994291b887ca03571
2015-05-13,373.0,373,ft^3/s,Approved,[],2025-03-11T19:58:58.212270+00:00,1d5974fd48b84c7994291b887ca03571
2015-05-14,441.0,441,ft^3/s,Approved,[],2025-03-11T19:58:58.212270+00:00,1d5974fd48b84c7994291b887ca03571
2015-05-15,287.0,287,ft^3/s,Approved,[],2025-03-11T19:58:58.212270+00:00,1d5974fd48b84c7994291b887ca03571
2015-05-16,198.0,198,ft^3/s,Approved,[],2025-03-11T19:58:58.212270+00:00,1d5974fd48b84c7994291b887ca03571
2015-05-17,477.0,477,ft^3/s,Approved,[],2025-03-11T19:58:58.212270+00:00,1d5974fd48b84c7994291b887ca03571
2015-05-18,322.0,322,ft^3/s,Approved,[],2025-03-11T19:58:58.212270+00:00,1d5974fd48b84c7994291b887ca03571
2015-05-19,195.0,195,ft^3/s,Approved,[],2025-03-11T19:58:58.212270+00:00,1d5974fd48b84c7994291b887ca03571
2015-05-20,146.0,146,ft^3/s,Approved,[],2025-03-11T19:58:58.212270+00:00,1d5974fd48b84c7994291b887ca03571
2015-05-21,728.0,728,ft^3/s,Approved,[],2025-03-11T19:58:58.212270+00:00,1d5974fd48b84c7994291b887ca03571
2015-05-22,414.0,414,ft^3/s,Approved,[],2025-03-11T19:58:58.212270+00:00,1d5974fd48b84c7994291b887ca03571
2015-05-23,482.0,482,ft^3/s,Approved,[],2025-03-11T19:58:58.212270+00:00,1d5974fd48b84c7994291b887ca03571
2015-05-24,1690.0,1690,ft^3/s,Approved,[],2025-03-11T19:58:58.212270+00:00,1d5974fd48b84c7994291b887ca03571
2015-05-25,4230.0,4230,ft^3/s,Approved,[],2025-03-11T19:58:58.212270+00:00,1d5974fd48b84c7994291b887ca03571
2015-05-26,1120.0,1120,ft^3/s,Approved,[],2025-03-11T19:58:58.212270+00:00,1d5974fd48b84c7994291b887ca03571
2015-05-27,729.0,729,ft^3/s,Approved,[],2025-03-11T19:58:58.212270+00:00,1d5974fd48b84c7994291b887ca03571
2015-05-28,708.0,708,ft^3/s,Approved,[],2025-03-11T19:58:58.212270+00:00,1d5974fd48b84c7994291b887ca03571
2015-05-29,1010.0,1010,ft^3/s,Approved,[],2025-03-11T19:58:58.212270+00:00,1d5974fd48b84c7994291b887ca03571
2015-05-30,626.0,626,ft^3/s,Approved,[],2025-03-11T19:58:58.212270+00:00,1d5974fd48b84c7994291b887ca03571
2015-05-31,540.0,540,ft^3/s,Approved,[],2025-03-11T19:58:58.212270+00:00,1d5974fd48b84c7994291b887ca03571
2015-06-01,498.0,498,ft^3/s,Approved,[],2025-03-11T19:58:58.212270+00:00,1d5974fd48b84c7994291b887ca03571
2015-06-02,460.0,460,ft^3/s,Approved,[],2025-03-11T19:58:58.212270+00:00,1d5974fd48b84c7994291b887ca03571
2015-06-03,373.0,373,ft^3/s,Approved,[],2025-03-11T19:58:58.212270+00:00,1d5974fd48b84c7994291b887ca03571
2015-06-04,280.0,280,ft^3/s,Approved,[],2025-03-11T19:58:58.212270+00:00,1d5974fd48b84c7994291b887ca03571
2015-06-05,224.0,224,ft^3/s,Approved,[],2025-03-11T19:58:58.212270+00:00,1d5974fd48b84c7994291b887ca03571
2015-06-06,163.0,163,ft^3/s,Approved,[],2025-03-11T19:58:58.212270+00:00,1d5974fd48b84c7994291b887ca03571
2015-06-07,131.0,131,ft^3/s,Approved,[],2025-03-11T19:58:58.212270+00:00,1d5974fd48b84c7994291b887ca03571
2015-06-08,116.0,116,ft^3/s,Approved,[],2025-03-11T19:58:58.212270+00:00,1d5974fd48b84c7994291b887ca03571
2015-06-09,103.0,103,ft^3/s,Approved,[],2025-03-11T19:58:58.212270+00:00,1d5974fd48b84c7994291b887ca03571
2015-06-10,93.3,93.3,ft^3/s,Approved,[],2025-03-11T19:58:58.212270+00:00,1d5974fd48b84c7994291b887ca03571
2015-06-11,85.1,85.1,ft^3/s,Approved,[],2025-03-11T19:58:58.212270+00:00,1d5974fd48b84c7994291b887ca03571
2015-06-12,78.4,78.4,ft^3/s,Approved,[],2025-03-11T19:58:58.212270+00:00,1d5974fd48b84c7994291b887ca03571
2015-06-13,75.9,75.9,ft^3/s,Approved,[],2025-03-11T19:58:58.212270+00:00,1d5974fd48b84c7994291b887ca03571
2015-06-14,265.0,265,ft^3/s,Approved,[],2025-03-11T19:58:58.212270+00:00,1d5974fd48b84c7994291b887ca03571
2015-06-15,357.0,357,ft^3/s,Approved,[],2025-03-11T19:58:58.212270+00:00,1d5974fd48b84c7994291b887ca03571
2015-06-16,306.0,306,ft^3/s,Approved,[],2025-03-11T19:58:58.212270+00:00,1d5974fd48b84c7994291b887ca03571
2015-06-17,672.0,672,ft^3/s,Approved,[],2025-03-11T19:58:58.212270+00:00,1d5974fd48b84c7994291b887ca03571
2015-06-18,939.0,939,ft^3/s,Approved,[],2025-03-11T19:58:58.212270+00:00,1d5974fd48b84c7994291b887ca03571
2015-06-19,505.0,505,ft^3/s,Approved,[],2025-03-11T19:58:58.212270+00:00,1d5974fd48b84c7994291b887ca03571
2015-06-20,435.0,435,ft^3/s,Approved,[],2025-03-11T19:58:58.212270+00:00,1d5974fd48b84c7994291b887ca03571
2015-06-21,577.0,577,ft^3/s,Approved,[],2025-03-11T19:58:58.212270+00:00,1d5974fd48b84c7994291b887ca03571
2015-06-22,564.0,564,ft^3/s,Approved,[],2025-03-11T19:58:58.212270+00:00,1d5974fd48b84c7994291b887ca03571
2015-06-23,383.0,383,ft^3/s,Approved,[],2025-03-11T19:58:58.212270+00:00,1d5974fd48b84c7994291b887ca03571
2015-06-24,254.0,254,ft^3/s,Approved,[],2025-03-11T19:58:58.212270+00:00,1d5974fd48b84c7994291b887ca03571
2015-06-25,205.0,205,ft^3/s,Approved,[],2025-03-11T19:58:58.212270+00:00,1d5974fd48b84c7994291b887ca03571
2015-06-26,178.0,178,ft^3/s,Approved,[],2025-03-11T19:58:58.212270+00:00,1d5974fd48b84c7994291b887ca03571
2015-06-27,174.0,174,ft^3/s,Approved,[],2025-03-11T19:58:58.212270+00:00,1d5974fd48b84c7994291b887ca03571
2015-06-28,383.0,383,ft^3/s,Approved,[],2025-03-11T19:58:58.212270+00:00,1d5974fd48b84c7994291b887ca03571
2015-06-29,417.0,417,ft^3/s,Approved,[],2025-03-11T19:58:58.212270+00:00,1d5974fd48b84c7994291b887ca03571
2015-06-30,304.0,304,ft^3/s,Approved,[],2025-03-11T19:58:58.212270+00:00,1d5974fd48b84c7994291b887ca03571
2015-07-01,345.0,345,ft^3/s,Approved,[],2025-03-11T19:58:58.212270+00:00,1d5974fd48b84c7994291b887ca03571
2015-07-02,222.0,222,ft^3/s,Approved,[],2025-03-11T19:58:58.212270+00:00,1d5974fd48b84c7994291b887ca03571
2015-07-03,176.0,176,ft^3/s,Approved,[],2025-03-11T19:58:58.212270+00:00,1d5974fd48b84c7994291b887ca03571
2015-07-04,149.0,149,ft^3/s,Approved,[],2025-03-11T19:58:58.212270+00:00,1d5974fd48b84c7994291b887ca03571
2015-07-05,133.0,133,ft^3/s,Approved,[],2025-03-11T19:58:58.212270+00:00,1d5974fd48b84c7994291b887ca03571
2015-07-06,120.0,120,ft^3/s,Approved,[],2025-03-11T19:58:58.212270+00:00,1d5974fd48b84c7994291b887ca03571
2015-07-07,108.0,108,ft^3/s,Approved,[],2025-03-11T19:58:58.212270+00:00,1d5974fd48b84c7994291b887ca03571
2015-07-08,98.9,98.9,ft^3/s,Approved,[],2025-03-11T19:58:58.212270+00:00,1d5974fd48b84c7994291b887ca03571
2015-07-09,89.2,89.2,ft^3/s,Approved,[],2025-03-11T19:58:58.212270+00:00,1d5974fd48b84c7994291b887ca03571
2015-07-10,79.6,79.6,ft^3/s,Approved,[],2025-03-11T19:58:58.212270+00:00,1d5974fd48b84c7994291b887ca03571
2015-07-11,74.0,74.0,ft^3/s,Approved,[],2025-03-11T19:58:58.212270+00:00,1d5974fd48b84c7994291b887ca03571
2015-07-12,69.5,69.5,ft^3/s,Approved,[],2025-03-11T19:58:58.212270+00:00,1d5974fd48b84c7994291b887ca03571
2015-07-13,65.6,65.6,ft^3/s,Approved,[],2025-03-11T19:58:58.212270+00:00,1d5974fd48b84c7994291b887ca03571
2015-07-14,60.4,60.4,ft^3/s,Approved,[],2025-03-11T19:58:58.212270+00:00,1d5974fd48b84c7994291b887ca03571
2015-07-15,55.5,55.5,ft^3/s,Approved,[],2025-03-11T19:58:58.212270+00:00,1d5974fd48b84c7994291b887ca03571
2015-07-16,51.7,51.7,ft^3/s,Approved,[],2025-03-11T19:58:58.212270+00:00,1d5974fd48b84c7994291b887ca03571
2015-07-17,48.8,48.8,ft^3/s,Approved,[],2025-03-11T19:58:58.212270+00:00,1d5974fd48b84c7994291b887ca03571
2015-07-18,46.5,46.5,ft^3/s,Approved,[],2025-03-11T19:58:58.212270+00:00,1d5974fd48b84c7994291b887ca03571
2015-07-19,44.9,44.9,ft^3/s,Approved,[],2025-03-11T19:58:58.212270+00:00,1d5974fd48b84c7994291b887ca03571
2015-07-20,43.6,43.6,ft^3/s,Approved,[],2025-03-11T19:58:58.212270+00:00,1d5974fd48b84c7994291b887ca03571
2015-07-21,40.2,40.2,ft^3/s,Approved,[],2025-03-11T19:58:58.212270+00:00,1d5974fd48b84c7994291b887ca03571
2015-07-22,37.1,37.1,ft^3/s,Approved,[],2025-03-11T19:58:58.212270+00:00,1d5974fd48b84c7994291b887ca03571
2015-07-23,35.6,35.6,ft^3/s,Approved,[],2025-03-11T19:58:58.212270+00:00,1d5974fd48b84c7994291b887ca03571
2015-07-24,33.6,33.6,ft^3/s,Approved,[],2025-03-11T19:58:58.212270+00:00,1d5974fd48b84c7994291b887ca03571
2015-07-25,32.0,32.0,ft^3/s,Approved,[],2025-03-11T19:58:58.212270+00:00,1d5974fd48b84c7994291b887ca03571
2015-07-26,30.7,30.7,ft^3/s,Approved,[],2025-03-11T19:58:58.212270+00:00,1d5974fd48b84c7994291b887ca03571
2015-07-27,30.2,30.2,ft^3/s,Approved,[],2025-03-11T19:58:58.212270+00:00,1d5974fd48b84c7994291b887ca03571
2015-07-28,29.0,29.0,ft^3/s,Approved,[],2025-03-11T19:58:58.212270+00:00,1d5974fd48b84c7994291b887ca03571
2015-07-29,27.9,27.9,ft^3/s,Approved,[],2025-03-11T19:58:58.212270+00:00,1d5974fd48b84c7994291b887ca03571
2015-07-30,26.8,26.8,ft^3/s,Approved,[],2025-03-11T19:58:58.212270+00:00,1d5974fd48b84c7994291b887ca03571
2015-07-31,26.1,26.1,ft^3/s,Approved,[],2025-03-11T19:58:58.212270+00:00,1d5974fd48b84c7994291b887ca03571
2015-08-01,25.2,25.2,ft^3/s,Approved,[],2025-03-11T19:58:58.212270+00:00,1d5974fd48b84c7994291b887ca03571
2015-08-02,24.5,24.5,ft^3/s,Approved,[],2025-03-11T19:58:58.212270+00:00,1d5974fd48b84c7994291b887ca03571
2015-08-03,24.0,24.0,ft^3/s,Approved,[],2025-03-11T19:58:58.212270+00:00,1d5974fd48b84c7994291b887ca03571
2015-08-04,24.1,24.1,ft^3/s,Approved,[],2025-03-11T19:58:58.212270+00:00,1d5974fd48b84c7994291b887ca03571
2015-08-05,22.4,22.4,ft^3/s,Approved,[],2025-03-11T19:58:58.212270+00:00,1d5974fd48b84c7994291b887ca03571
2015-08-06,21.1,21.1,ft^3/s,Approved,[],2025-03-11T19:58:58.212270+00:00,1d5974fd48b84c7994291b887ca03571
2015-08-07,20.3,20.3,ft^3/s,Approved,[],2025-03-11T19:58:58.212270+00:00,1d5974fd48b84c7994291b887ca03571
2015-08-08,20.0,20.0,ft^3/s,Approved,[],2025-03-11T19:58:58.212270+00:00,1d5974fd48b84c7994291b887ca03571
2015-08-09,18.8,18.8,ft^3/s,Approved,[],2025-03-11T19:58:58.212270+00:00,1d5974fd48b84c7994291b887ca03571
2015-08-10,17.9,17.9,ft^3/s,Approved,[],2025-03-11T19:58:58.212270+00:00,1d5974fd48b84c7994291b887ca03571
2015-08-11,17.4,17.4,ft^3/s,Approved,[],2025-03-11T19:58:58.212270+00:00,1d5974fd48b84c7994291b887ca03571
2015-08-12,16.3,16.3,ft^3/s,Approved,[],2025-03-11T19:58:58.212270+00:00,1d5974fd48b84c7994291b887ca03571
2015-08-13,15.6,15.6,ft^3/s,Approved,[],2025-03-11T19:58:58.212270+00:00,1d5974fd48b84c7994291b887ca03571
2015-08-14,15.9,15.9,ft^3/s,Approved,[],2025-03-11T19:58:58.212270+00:00,1d5974fd48b84c7994291b887ca03571
2015-08-15,15.9,15.9,ft^3/s,Approved,[],2025-03-11T19:58:58.212270+00:00,1d5974fd48b84c7994291b887ca03571
2015-08-16,15.5,15.5,ft^3/s,Approved,[],2025-03-11T19:58:58.212270+00:00,1d5974fd48b84c7994291b887ca03571
2015-08-17,15.4,15.4,ft^3/s,Approved,[],2025-03-11T19:58:58.212270+00:00,1d5974fd48b84c7994291b887ca03571
2015-08-18,15.2,15.2,ft^3/s,Approved,[],2025-03-11T19:58:58.212270+00:00,1d5974fd48b84c7994291b887ca03571
2015-08-19,15.1,15.1,ft^3/s,Approved,[],2025-03-11T19:58:58.212270+00:00,1d5974fd48b84c7994291b887ca03571
2015-08-20,15.7,15.7,ft^3/s,Approved,[],2025-03-11T19:58:58.212270+00:00,1d5974fd48b84c7994291b887ca03571
2015-08-21,16.9,16.9,ft^3/s,Approved,[],2025-03-11T19:58:58.212270+00:00,1d5974fd48b84c7994291b887ca03571
2015-08-22,16.3,16.3,ft^3/s,Approved,[],2025-03-11T19:58:58.212270+00:00,1d5974fd48b84c7994291b887ca03571
2015-08-23,15.7,15.7,ft^3/s,Approved,[],2025-03-11T19:58:58.212270+00:00,1d5974fd48b84c7994291b887ca03571
2015-08-24,15.0,15.0,ft^3/s,Approved,[],2025-03-11T19:58:58.212270+00:00,1d5974fd48b84c7994291b887ca03571
2015-08-25,14.3,14.3,ft^3/s,Approved,[],2025-03-11T19:58:58.212270+00:00,1d5974fd48b84c7994291b887ca03571
2015-08-26,13.4,13.4,ft^3/s,Approved,[],2025-03-11T19:58:58.212270+00:00,1d5974fd48b84c7994291b887ca03571
2015-08-27,13.1,13.1,ft^3/s,Approved,[],2025-03-11T19:58:58.212270+00:00,1d5974fd48b84c7994291b887ca03571
2015-08-28,12.8,12.8,ft^3/s,Approved,[],2025-03-11T19:58:58.212270+00:00,1d5974fd48b84c7994291b887ca03571
2015-08-29,12.0,12.0,ft^3/s,Approved,[],2025-03-11T19:58:58.212270+00:00,1d5974fd48b84c7994291b887ca03571
2015-08-30,11.8,11.8,ft^3/s,Approved,[],2025-03-11T19:58:58.212270+00:00,1d5974fd48b84c7994291b887ca03571
2015-08-31,12.7,12.7,ft^3/s,Approved,[],2025-03-11T19:58:58.212270+00:00,1d5974fd48b84c7994291b887ca03571
2015-09-01,12.7,12.7,ft^3/s,Approved,[],2025-03-11T19:58:58.212270+00:00,1d5974fd48b84c7994291b887ca03571
2015-09-02,12.5,12.5,ft^3/s,Approved,[],2025-03-11T19:58:58.212270+00:00,1d5974fd48b84c7994291b887ca03571
2015-09-03,12.6,12.6,ft^3/s,Approved,[],2025-03-11T19:58:58.212270+00:00,1d5974fd48b84c7994291b887ca03571
2015-09-04,11.4,11.4,ft^3/s,Approved,[],2025-03-11T19:58:58.212270+00:00,1d5974fd48b84c7994291b887ca03571
2015-09-05,11.7,11.7,ft^3/s,Approved,[],2025-03-11T19:58:58.212270+00:00,1d5974fd48b84c7994291b887ca03571
2015-09-06,11.6,11.6,ft^3/s,Approved,[],2025-03-11T19:58:58.212270+00:00,1d5974fd48b84c7994291b887ca03571
2015-09-07,11.0,11.0,ft^3/s,Approved,[],2025-03-11T19:58:58.212270+00:00,1d5974fd48b84c7994291b887ca03571
2015-09-08,10.9,10.9,ft^3/s,Approved,[],2025-03-11T19:58:58.212270+00:00,1d5974fd48b84c7994291b887ca03571
2015-09-09,123.0,123,ft^3/s,Approved,[],2025-03-11T19:58:58.212270+00:00,1d5974fd48b84c7994291b887ca03571
2015-09-10,98.8,98.8,ft^3/s,Approved,[],2025-03-11T19:58:58.212270+00:00,1d5974fd48b84c7994291b887ca03571
2015-09-11,26.2,26.2,ft^3/s,Approved,[],2025-03-11T19:58:58.212270+00:00,1d5974fd48b84c7994291b887ca03571
2015-09-12,19.4,19.4,ft^3/s,Approved,[],2025-03-11T19:58:58.212270+00:00,1d5974fd48b84c7994291b887ca03571
2015-09-13,15.4,15.4,ft^3/s,Approved,[],2025-03-11T19:58:58.212270+00:00,1d5974fd48b84c7994291b887ca03571
2015-09-14,13.8,13.8,ft^3/s,Approved,[],2025-03-11T19:58:58.212270+00:00,1d5974fd48b84c7994291b887ca03571
2015-09-15,13.6,13.6,ft^3/s,Approved,[],2025-03-11T19:58:58.212270+00:00,1d5974fd48b84c7994291b887ca03571
2015-09-16,13.1,13.1,ft^3/s,Approved,[],2025-03-11T19:58:58.212270+00:00,1d5974fd48b84c7994291b887ca03571
2015-09-17,12.8,12.8,ft^3/s,Approved,[],2025-03-11T19:58:58.212270+00:00,1d5974fd48b84c7994291b887ca03571
2015-09-18,12.4,12.4,ft^3/s,Approved,[],2025-03-11T19:58:58.212270+00:00,1d5974fd48b84c7994291b887ca03571
2015-09-19,11.0,11.0,ft^3/s,Approved,[],2025-03-11T19:58:58.212270+00:00,1d5974fd48b84c7994291b887ca03571
2015-09-20,10.6,10.6,ft^3/s,Approved,[],2025-03-11T19:58:58.212270+00:00,1d5974fd48b84c7994291b887ca03571
2015-09-21,10.3,10.3,ft^3/s,Approved,[],2025-03-11T19:58:58.212270+00:00,1d5974fd48b84c7994291b887ca03571
2015-09-22,10.3,10.3,ft^3/s,Approved,[],2025-03-11T19:58:58.212270+00:00,1d5974fd48b84c7994291b887ca03571
2015-09-23,9.57,9.57,ft^3/s,Approved,[],2025-03-11T19:58:58.212270+00:00,1d5974fd48b84c7994291b887ca03571
2015-09-24,9.49,9.49,ft^3/s,Approved,[],2025-03-11T19:58:58.212270+00:00,1d5974fd48b84c7994291b887ca03571
2015-09-25,9.7,9.70,ft^3/s,Approved,[],2025-03-11T19:58:58.212270+00:00,1d5974fd48b84c7994291b887ca03571
2015-09-26,10.5,10.5,ft^3/s,Approved,[],2025-03-11T19:58:58.212270+00:00,1d5974fd48b84c7994291b887ca03571
2015-09-27,10.1,10.1,ft^3/s,Approved,[],2025-03-11T19:58:58.212270+00:00,1d5974fd48b84c7994291b887ca03571
2015-09-28,10.8,10.8,ft^3/s,Approved,[],2025-03-11T19:58:58.212270+00:00,1d5974fd48b84c7994291b887ca03571
2015-09-29,11.1,11.1,ft^3/s,Approved,[],2025-03-11T19:58:58.212270+00:00,1d5974fd48b84c7994291b887ca03571
2015-09-30,10.7,10.7,ft^3/s,Approved,[],2025-03-11T19:58:58.212270+00:00,1d5974fd48b84c7994291b887ca03571
2015-10-01,10.3,10.3,ft^3/s,Approved,[],2025-03-11T19:58:58.212270+00:00,1d5974fd48b84c7994291b887ca03571
2015-10-02,10.5,10.5,ft^3/s,Approved,[],2025-03-11T19:58:58.212270+00:00,1d5974fd48b84c7994291b887ca03571
2015-10-03,10.5,10.5,ft^3/s,Approved,[],2025-03-11T19:58:58.212270+00:00,1d5974fd48b84c7994291b887ca03571
2015-10-04,10.8,10.8,ft^3/s,Approved,[],2025-03-11T19:58:58.212270+00:00,1d5974fd48b84c7994291b887ca03571
2015-10-05,11.5,11.5,ft^3/s,Approved,[],2025-03-11T19:58:58.212270+00:00,1d5974fd48b84c7994291b887ca03571
2015-10-06,12.2,12.2,ft^3/s,Approved,[],2025-03-11T19:58:58.212270+00:00,1d5974fd48b84c7994291b887ca03571
2015-10-07,12.0,12.0,ft^3/s,Approved,[],2025-03-11T19:58:58.212270+00:00,1d5974fd48b84c7994291b887ca03571
2015-10-08,11.9,11.9,ft^3/s,Approved,[],2025-03-11T19:58:58.212270+00:00,1d5974fd48b84c7994291b887ca03571
2015-10-09,12.5,12.5,ft^3/s,Approved,[],2025-03-11T19:58:58.212270+00:00,1d5974fd48b84c7994291b887ca03571
2015-10-10,12.9,12.9,ft^3/s,Approved,[],2025-03-11T19:58:58.212270+00:00,1d5974fd48b84c7994291b887ca03571
2015-10-11,12.4,12.4,ft^3/s,Approved,[],2025-03-11T19:58:58.212270+00:00,1d5974fd48b84c7994291b887ca03571
2015-10-12,13.4,13.4,ft^3/s,Approved,[],2025-03-11T19:58:58.212270+00:00,1d5974fd48b84c7994291b887ca03571
2015-10-13,13.0,13.0,ft^3/s,Approved,[],2025-03-11T19:58:58.212270+00:00,1d5974fd48b84c7994291b887ca03571
2015-10-14,11.9,11.9,ft^3/s,Approved,[],2025-03-11T19:58:58.212270+00:00,1d5974fd48b84c7994291b887ca03571
2015-10-15,13.9,13.9,ft^3/s,Approved,[],2025-03-11T19:58:58.212270+00:00,1d5974fd48b84c7994291b887ca03571
2015-10-16,13.3,13.3,ft^3/s,Approved,[],2025-03-11T19:58:58.212270+00:00,1d5974fd48b84c7994291b887ca03571
2015-10-17,12.9,12.9,ft^3/s,Approved,[],2025-03-11T19:58:58.212270+00:00,1d5974fd48b84c7994291b887ca03571
2015-10-18,12.6,12.6,ft^3/s,Approved,[],2025-03-11T19:58:58.212270+00:00,1d5974fd48b84c7994291b887ca03571
2015-10-19,14.0,14.0,ft^3/s,Approved,[],2025-03-11T19:58:58.212270+00:00,1d5974fd48b84c7994291b887ca03571
2015-10-20,12.9,12.9,ft^3/s,Approved,[],2025-03-11T19:58:58.212270+00:00,1d5974fd48b84c7994291b887ca03571
2015-10-21,12.4,12.4,ft^3/s,Approved,[],2025-03-11T19:58:58.212270+00:00,1d5974fd48b84c7994291b887ca03571
2015-10-22,15.7,15.7,ft^3/s,Approved,[],2025-03-11T19:58:58.212270+00:00,1d5974fd48b84c7994291b887ca03571
2015-10-23,29.8,29.8,ft^3/s,Approved,[],2025-03-11T19:58:58.212270+00:00,1d5974fd48b84c7994291b887ca03571
2015-10-24,1660.0,1660,ft^3/s,Approved,[],2025-03-11T19:58:58.212270+00:00,1d5974fd48b84c7994291b887ca03571
2015-10-25,757.0,757,ft^3/s,Approved,[],2025-03-11T19:58:58.212270+00:00,1d5974fd48b84c7994291b887ca03571
2015-10-26,490.0,490,ft^3/s,Approved,[],2025-03-11T19:58:58.212270+00:00,1d5974fd48b84c7994291b887ca03571
2015-10-27,427.0,427,ft^3/s,Approved,[],2025-03-11T19:58:58.212270+00:00,1d5974fd48b84c7994291b887ca03571
2015-10-28,401.0,401,ft^3/s,Approved,[],2025-03-11T19:58:58.212270+00:00,1d5974fd48b84c7994291b887ca03571
2015-10-29,386.0,386,ft^3/s,Approved,[],2025-03-11T19:58:58.212270+00:00,1d5974fd48b84c7994291b887ca03571
2015-10-30,2240.0,2240,ft^3/s,Approved,[],2025-03-11T19:58:58.212270+00:00,1d5974fd48b84c7994291b887ca03571
2015-10-31,1520.0,1520,ft^3/s,Approved,[],2025-03-11T19:58:58.212270+00:00,1d5974fd48b84c7994291b887ca03571
2015-11-01,744.0,744,ft^3/s,Approved,[],2025-03-11T19:58:58.212270+00:00,1d5974fd48b84c7994291b887ca03571
2015-11-02,572.0,572,ft^3/s,Approved,[],2025-03-11T19:58:58.212270+00:00,1d5974fd48b84c7994291b887ca03571
2015-11-03,496.0,496,ft^3/s,Approved,[],2025-03-11T19:58:58.212270+00:00,1d5974fd48b84c7994291b887ca03571
2015-11-04,468.0,468,ft^3/s,Approved,[],2025-03-11T19:58:58.212270+00:00,1d5974fd48b84c7994291b887ca03571
2015-11-05,450.0,450,ft^3/s,Approved,[],2025-03-11T19:58:58.212270+00:00,1d5974fd48b84c7994291b887ca03571
2015-11-06,554.0,554,ft^3/s,Approved,[],2025-03-11T19:58:58.212270+00:00,1d5974fd48b84c7994291b887ca03571
2015-11-07,557.0,557,ft^3/s,Approved,[],2025-03-11T19:58:58.212270+00:00,1d5974fd48b84c7994291b887ca03571
2015-11-08,455.0,455,ft^3/s,Approved,[],2025-03-11T19:58:58.212270+00:00,1d5974fd48b84c7994291b887ca03571
2015-11-09,401.0,401,ft^3/s,Approved,[],2025-03-11T19:58:58.212270+00:00,1d5974fd48b84c7994291b887ca03571
2015-11-10,360.0,360,ft^3/s,Approved,[],2025-03-11T19:58:58.212270+00:00,1d5974fd48b84c7994291b887ca03571
2015-11-11,333.0,333,ft^3/s,Approved,[],2025-03-11T19:58:58.212270+00:00,1d5974fd48b84c7994291b887ca03571
2015-11-12,311.0,311,ft^3/s,Approved,[],2025-03-11T19:58:58.212270+00:00,1d5974fd48b84c7994291b887ca03571
2015-11-13,257.0,257,ft^3/s,Approved,[],2025-03-11T19:58:58.212270+00:00,1d5974fd48b84c7994291b887ca03571
2015-11-14,239.0,239,ft^3/s,Approved,[],2025-03-11T19:58:58.212270+00:00,1d5974fd48b84c7994291b887ca03571
2015-11-15,243.0,243,ft^3/s,Approved,[],2025-03-11T19:58:58.212270+00:00,1d5974fd48b84c7994291b887ca03571
2015-11-16,228.0,228,ft^3/s,Approved,[],2025-03-11T19:58:58.212270+00:00,1d5974fd48b84c7994291b887ca03571
2015-11-17,325.0,325,ft^3/s,Approved,[],2025-03-11T19:58:58.212270+00:00,1d5974fd48b84c7994291b887ca03571
2015-11-18,229.0,229,ft^3/s,Approved,[],2025-03-11T19:58:58.212270+00:00,1d5974fd48b84c7994291b887ca03571
2015-11-19,150.0,150,ft^3/s,Approved,[],2025-03-11T19:58:58.212270+00:00,1d5974fd48b84c7994291b887ca03571
2015-11-20,121.0,121,ft^3/s,Approved,[],2025-03-11T19:58:58.212270+00:00,1d5974fd48b84c7994291b887ca03571
2015-11-21,98.3,98.3,ft^3/s,Approved,[],2025-03-11T19:58:58.212270+00:00,1d5974fd48b84c7994291b887ca03571
2015-11-22,93.7,93.7,ft^3/s,Approved,[],2025-03-11T19:58:58.212270+00:00,1d5974fd48b84c7994291b887ca03571
2015-11-23,87.8,87.8,ft^3/s,Approved,[],2025-03-11T19:58:58.212270+00:00,1d5974fd48b84c7994291b887ca03571
2015-11-24,83.1,83.1,ft^3/s,Approved,[],2025-03-11T19:58:58.212270+00:00,1d5974fd48b84c7994291b887ca03571
2015-11-25,79.7,79.7,ft^3/s,Approved,[],2025-03-11T19:58:58.212270+00:00,1d5974fd48b84c7994291b887ca03571
2015-11-26,84.6,84.6,ft^3/s,Approved,[],2025-03-11T19:58:58.212270+00:00,1d5974fd48b84c7994291b887ca03571
2015-11-27,296.0,296,ft^3/s,Approved,[],2025-03-11T19:58:58.212270+00:00,1d5974fd48b84c7994291b887ca03571
2015-11-28,294.0,294,ft^3/s,Approved,[],2025-03-11T19:58:58.212270+00:00,1d5974fd48b84c7994291b887ca03571
2015-11-29,230.0,230,ft^3/s,Approved,[],2025-03-11T19:58:58.212270+00:00,1d5974fd48b84c7994291b887ca03571
2015-11-30,189.0,189,ft^3/s,Approved,[],2025-03-11T19:58:58.212270+00:00,1d5974fd48b84c7994291b887ca03571
2015-12-01,159.0,159,ft^3/s,Approved,[],2025-03-11T19:58:58.212270+00:00,1d5974fd48b84c7994291b887ca03571
2015-12-02,138.0,138,ft^3/s,Approved,[],2025-03-11T19:58:58.212270+00:00,1d5974fd48b84c7994291b887ca03571
2015-12-03,121.0,121,ft^3/s,Approved,[],2025-03-11T19:58:58.212270+00:00,1d5974fd48b84c7994291b887ca03571
2015-12-04,112.0,112,ft^3/s,Approved,[],2025-03-11T19:58:58.212270+00:00,1d5974fd48b84c7994291b887ca03571
2015-12-05,105.0,105,ft^3/s,Approved,[],2025-03-11T19:58:58.212270+00:00,1d5974fd48b84c7994291b887ca03571
2015-12-06,99.9,99.9,ft^3/s,Approved,[],2025-03-11T19:58:58.212270+00:00,1d5974fd48b84c7994291b887ca03571
2015-12-07,96.9,96.9,ft^3/s,Approved,[],2025-03-11T19:58:58.212270+00:00,1d5974fd48b84c7994291b887ca03571
2015-12-08,92.0,92.0,ft^3/s,Approved,[],2025-03-11T19:58:58.212270+00:00,1d5974fd48b84c7994291b887ca03571
2015-12-09,87.1,87.1,ft^3/s,Approved,[],2025-03-11T19:58:58.212270+00:00,1d5974fd48b84c7994291b887ca03571
2015-12-10,83.3,83.3,ft^3/s,Approved,[],2025-03-11T19:58:58.212270+00:00,1d5974fd48b84c7994291b887ca03571
2015-12-11,80.7,80.7,ft^3/s,Approved,[],2025-03-11T19:58:58.212270+00:00,1d5974fd48b84c7994291b887ca03571
2015-12-12,78.6,78.6,ft^3/s,Approved,[],2025-03-11T19:58:58.212270+00:00,1d5974fd48b84c7994291b887ca03571
2015-12-13,565.0,565,ft^3/s,Approved,[],2025-03-11T19:58:58.212270+00:00,1d5974fd48b84c7994291b887ca03571
2015-12-14,301.0,301,ft^3/s,Approved,[],2025-03-11T19:58:58.212270+00:00,1d5974fd48b84c7994291b887ca03571
2015-12-15,193.0,193,ft^3/s,Approved,[],2025-03-11T19:58:58.212270+00:00,1d5974fd48b84c7994291b887ca03571
2015-12-16,152.0,152,ft^3/s,Approved,[],2025-03-11T19:58:58.212270+00:00,1d5974fd48b84c7994291b887ca03571
2015-12-17,131.0,131,ft^3/s,Approved,[],2025-03-11T19:58:58.212270+00:00,1d5974fd48b84c7994291b887ca03571
2015-12-18,115.0,115,ft^3/s,Approved,[],2025-03-11T19:58:58.212270+00:00,1d5974fd48b84c7994291b887ca03571
2015-12-19,108.0,108,ft^3/s,Approved,[],2025-03-11T19:58:58.212270+00:00,1d5974fd48b84c7994291b887ca03571
2015-12-20,104.0,104,ft^3/s,Approved,[],2025-03-11T19:58:58.212270+00:00,1d5974fd48b84c7994291b887ca03571
2015-12-21,101.0,101,ft^3/s,Approved,[],2025-03-11T19:58:58.212270+00:00,1d5974fd48b84c7994291b887ca03571
2015-12-22,97.0,97.0,ft^3/s,Approved,[],2025-03-11T19:58:58.212270+00:00,1d5974fd48b84c7994291b887ca03571
2015-12-23,91.5,91.5,ft^3/s,Approved,[],2025-03-11T19:58:58.212270+00:00,1d5974fd48b84c7994291b887ca03571
2015-12-24,85.4,85.4,ft^3/s,Approved,[],2025-03-11T19:58:58.212270+00:00,1d5974fd48b84c7994291b887ca03571
2015-12-25,81.5,81.5,ft^3/s,Approved,[],2025-03-11T19:58:58.212270+00:00,1d5974fd48b84c7994291b887ca03571
2015-12-26,80.4,80.4,ft^3/s,Approved,[],2025-03-11T19:58:58.212270+00:00,1d5974fd48b84c7994291b887ca03571
2015-12-27,216.0,216,ft^3/s,Approved,[],2025-03-11T19:58:58.212270+00:00,1d5974fd48b84c7994291b887ca03571
2015-12-28,243.0,243,ft^3/s,Approved,[],2025-03-11T19:58:58.212270+00:00,1d5974fd48b84c7994291b887ca03571
2015-12-29,168.0,168,ft^3/s,Approved,[],2025-03-11T19:58:58.212270+00:00,1d5974fd48b84c7994291b887ca03571
2015-12-30,137.0,137,ft^3/s,Approved,[],2025-03-11T19:58:58.212270+00:00,1d5974fd48b84c7994291b887ca03571
2015-12-31,119.0,119,ft^3/s,Approved,[],2025-03-11T19:58:58.212270+00:00,1d5974fd48b84c7994291b887ca03571
2016-01-01,105.0,105,ft^3/s,Approved,[],2025-03-11T19:58:58.212270+00:00,1d5974fd48b84c7994291b887ca03571
2016-01-02,103.0,103,ft^3/s,Approved,[],2025-03-11T19:58:58.212270+00:00,1d5974fd48b84c7994291b887ca03571
2016-01-03,101.0,101,ft^3/s,Approved,[],2025-03-11T19:58:58.212270+00:00,1d5974fd48b84c7994291b887ca03571
2016-01-04,96.1,96.1,ft^3/s,Approved,[],2025-03-11T19:58:58.212270+00:00,1d5974fd48b84c7994291b887ca03571
2016-01-05,91.0,91.0,ft^3/s,Approved,[],2025-03-11T19:58:58.212270+00:00,1d5974fd48b84c7994291b887ca03571
2016-01-06,101.0,101,ft^3/s,Approved,[],2025-03-11T19:58:58.212270+00:00,1d5974fd48b84c7994291b887ca03571
2016-01-07,100.0,100,ft^3/s,Approved,[],2025-03-11T19:58:58.212270+00:00,1d5974fd48b84c7994291b887ca03571
2016-01-08,90.4,90.4,ft^3/s,Approved,[],2025-03-11T19:58:58.212270+00:00,1d5974fd48b84c7994291b887ca03571
2016-01-09,81.2,81.2,ft^3/s,Approved,[],2025-03-11T19:58:58.212270+00:00,1d5974fd48b84c7994291b887ca03571
2016-01-10,77.4,77.4,ft^3/s,Approved,[],2025-03-11T19:58:58.212270+00:00,1d5974fd48b84c7994291b887ca03571
2016-01-11,77.4,77.4,ft^3/s,Approved,[],2025-03-11T19:58:58.212270+00:00,1d5974fd48b84c7994291b887ca03571
2016-01-12,74.8,74.8,ft^3/s,Approved,[],2025-03-11T19:58:58.212270+00:00,1d5974fd48b84c7994291b887ca03571
2016-01-13,72.5,72.5,ft^3/s,Approved,[],2025-03-11T19:58:58.212270+00:00,1d5974fd48b84c7994291b887ca03571
2016-01-14,70.9,70.9,ft^3/s,Approved,[],2025-03-11T19:58:58.212270+00:00,1d5974fd48b84c7994291b887ca03571
2016-01-15,71.2,71.2,ft^3/s,Approved,[],2025-03-11T19:58:58.212270+00:00,1d5974fd48b84c7994291b887ca03571
2016-01-16,66.2,66.2,ft^3/s,Approved,[],2025-03-11T19:58:58.212270+00:00,1d5974fd48b84c7994291b887ca03571
2016-01-17,64.5,64.5,ft^3/s,Approved,[],2025-03-11T19:58:58.212270+00:00,1d5974fd48b84c7994291b887ca03571
2016-01-18,62.6,62.6,ft^3/s,Approved,[],2025-03-11T19:58:58.212270+00:00,1d5974fd48b84c7994291b887ca03571
2016-01-19,62.7,62.7,ft^3/s,Approved,[],2025-03-11T19:58:58.212270+00:00,1d5974fd48b84c7994291b887ca03571
2016-01-20,60.6,60.6,ft^3/s,Approved,[],2025-03-11T19:58:58.212270+00:00,1d5974fd48b84c7994291b887ca03571
2016-01-21,59.2,59.2,ft^3/s,Approved,[],2025-03-11T19:58:58.212270+00:00,1d5974fd48b84c7994291b887ca03571
2016-01-22,55.8,55.8,ft^3/s,Approved,[],2025-03-11T19:58:58.212270+00:00,1d5974fd48b84c7994291b887ca03571
2016-01-23,56.7,56.7,ft^3/s,Approved,[],2025-03-11T19:58:58.212270+00:00,1d5974fd48b84c7994291b887ca03571
2016-01-24,57.3,57.3,ft^3/s,Approved,[],2025-03-11T19:58:58.212270+00:00,1d5974fd48b84c7994291b887ca03571
2016-01-25,55.9,55.9,ft^3/s,Approved,[],2025-03-11T19:58:58.212270+00:00,1d5974fd48b84c7994291b887ca03571
2016-01-26,50.8,50.8,ft^3/s,Approved,[],2025-03-11T19:58:58.212270+00:00,1d5974fd48b84c7994291b887ca03571
2016-01-27,49.6,49.6,ft^3/s,Approved,[],2025-03-11T19:58:58.212270+00:00,1d5974fd48b84c7994291b887ca03571
2016-01-28,49.4,49.4,ft^3/s,Approved,[],2025-03-11T19:58:58.212270+00:00,1d5974fd48b84c7994291b887ca03571
2016-01-29,49.2,49.2,ft^3/s,Approved,[],2025-03-11T19:58:58.212270+00:00,1d5974fd48b84c7994291b887ca03571
2016-01-30,47.8,47.8,ft^3/s,Approved,[],2025-03-11T19:58:58.212270+00:00,1d5974fd48b84c7994291b887ca03571
2016-01-31,46.9,46.9,ft^3/s,Approved,[],2025-03-11T19:58:58.212270+00:00,1d5974fd48b84c7994291b887ca03571
2016-02-01,45.9,45.9,ft^3/s,Approved,[],2025-03-11T19:58:58.212270+00:00,1d5974fd48b84c7994291b887ca03571
2016-02-02,45.7,45.7,ft^3/s,Approved,[],2025-03-11T19:58:58.212270+00:00,1d5974fd48b84c7994291b887ca03571
2016-02-03,41.2,41.2,ft^3/s,Approved,[],2025-03-11T19:58:58.212270+00:00,1d5974fd48b84c7994291b887ca03571
2016-02-04,40.5,40.5,ft^3/s,Approved,[],2025-03-11T19:58:58.212270+00:00,1d5974fd48b84c7994291b887ca03571
2016-02-05,40.7,40.7,ft^3/s,Approved,[],2025-03-11T19:58:58.212270+00:00,1d5974fd48b84c7994291b887ca03571
2016-02-06,47.7,47.7,ft^3/s,Approved,[],2025-03-11T19:58:58.212270+00:00,1d5974fd48b84c7994291b887ca03571
2016-02-07,42.0,42.0,ft^3/s,Approved,[],2025-03-11T19:58:58.212270+00:00,1d5974fd48b84c7994291b887ca03571
2016-02-08,39.5,39.5,ft^3/s,Approved,[],2025-03-11T19:58:58.212270+00:00,1d5974fd48b84c7994291b887ca03571
2016-02-09,37.9,37.9,ft^3/s,Approved,[],2025-03-11T19:58:58.212270+00:00,1d5974fd48b84c7994291b887ca03571
2016-02-10,37.7,37.7,ft^3/s,Approved,[],2025-03-11T19:58:58.212270+00:00,1d5974fd48b84c7994291b887ca03571
2016-02-11,38.5,38.5,ft^3/s,Approved,[],2025-03-11T19:58:58.212270+00:00,1d5974fd48b84c7994291b887ca03571
2016-02-12,38.1,38.1,ft^3/s,Approved,[],2025-03-11T19:58:58.212270+00:00,1d5974fd48b84c7994291b887ca03571
2016-02-13,36.0,36.0,ft^3/s,Approved,[],2025-03-11T19:58:58.212270+00:00,1d5974fd48b84c7994291b887ca03571
2016-02-14,38.0,38.0,ft^3/s,Approved,[],2025-03-11T19:58:58.212270+00:00,1d5974fd48b84c7994291b887ca03571
2016-02-15,37.1,37.1,ft^3/s,Approved,[],2025-03-11T19:58:58.212270+00:00,1d5974fd48b84c7994291b887ca03571
2016-02-16,35.6,35.6,ft^3/s,Approved,[],2025-03-11T19:58:58.212270+00:00,1d5974fd48b84c7994291b887ca03571
2016-02-17,35.0,35.0,ft^3/s,Approved,[],2025-03-11T19:58:58.212270+00:00,1d5974fd48b84c7994291b887ca03571
2016-02-18,34.4,34.4,ft^3/s,Approved,[],2025-03-11T19:58:58.212270+00:00,1d5974fd48b84c7994291b887ca03571
2016-02-19,35.5,35.5,ft^3/s,Approved,[],2025-03-11T19:58:58.212270+00:00,1d5974fd48b84c7994291b887ca03571
2016-02-20,36.4,36.4,ft^3/s,Approved,[],2025-03-11T19:58:58.212270+00:00,1d5974fd48b84c7994291b887ca03571
2016-02-21,37.1,37.1,ft^3/s,Approved,[],2025-03-11T19:58:58.212270+00:00,1d5974fd48b84c7994291b887ca03571
2016-02-22,35.5,35.5,ft^3/s,Approved,[],2025-03-11T19:58:58.212270+00:00,1d5974fd48b84c7994291b887ca03571
2016-02-23,353.0,353,ft^3/s,Approved,[],2025-03-11T19:58:58.212270+00:00,1d5974fd48b84c7994291b887ca03571
2016-02-24,182.0,182,ft^3/s,Approved,[],2025-03-11T19:58:58.212270+00:00,1d5974fd48b84c7994291b887ca03571
2016-02-25,102.0,102,ft^3/s,Approved,[],2025-03-11T19:58:58.212270+00:00,1d5974fd48b84c7994291b887ca03571
2016-02-26,74.3,74.3,ft^3/s,Approved,[],2025-03-11T19:58:58.212270+00:00,1d5974fd48b84c7994291b887ca03571
2016-02-27,61.0,61.0,ft^3/s,Approved,[],2025-03-11T19:58:58.212270+00:00,1d5974fd48b84c7994291b887ca03571
2016-02-28,54.1,54.1,ft^3/s,Approved,[],2025-03-11T19:58:58.212270+00:00,1d5974fd48b84c7994291b887ca03571
2016-02-29,50.5,50.5,ft^3/s,Approved,[],2025-03-11T19:58:58.212270+00:00,1d5974fd48b84c7994291b887ca03571
2016-03-01,44.2,44.2,ft^3/s,Approved,[],2025-03-11T19:58:58.212270+00:00,1d5974fd48b84c7994291b887ca03571
2016-03-02,40.1,40.1,ft^3/s,Approved,[],2025-03-11T19:58:58.212270+00:00,1d5974fd48b84c7994291b887ca03571
2016-03-03,36.5,36.5,ft^3/s,Approved,[],2025-03-11T19:58:58.212270+00:00,1d5974fd48b84c7994291b887ca03571
2016-03-04,35.0,35.0,ft^3/s,Approved,[],2025-03-11T19:58:58.212270+00:00,1d5974fd48b84c7994291b887ca03571
2016-03-05,33.1,33.1,ft^3/s,Approved,[],2025-03-11T19:58:58.212270+00:00,1d5974fd48b84c7994291b887ca03571
2016-03-06,33.1,33.1,ft^3/s,Approved,[],2025-03-11T19:58:58.212270+00:00,1d5974fd48b84c7994291b887ca03571
2016-03-07,33.6,33.6,ft^3/s,Approved,[],2025-03-11T19:58:58.212270+00:00,1d5974fd48b84c7994291b887ca03571
2016-03-08,62.6,62.6,ft^3/s,Approved,[],2025-03-11T19:58:58.212270+00:00,1d5974fd48b84c7994291b887ca03571
2016-03-09,546.0,546,ft^3/s,Approved,[],2025-03-11T19:58:58.212270+00:00,1d5974fd48b84c7994291b887ca03571
2016-03-10,457.0,457,ft^3/s,Approved,[],2025-03-11T19:58:58.212270+00:00,1d5974fd48b84c7994291b887ca03571
2016-03-11,379.0,379,ft^3/s,Approved,[],2025-03-11T19:58:58.212270+00:00,1d5974fd48b84c7994291b887ca03571
2016-03-12,349.0,349,ft^3/s,Approved,[],2025-03-11T19:58:58.212270+00:00,1d5974fd48b84c7994291b887ca03571
2016-03-13,215.0,215,ft^3/s,Approved,[],2025-03-11T19:58:58.212270+00:00,1d5974fd48b84c7994291b887ca03571
2016-03-14,165.0,165,ft^3/s,Approved,[],2025-03-11T19:58:58.212270+00:00,1d5974fd48b84c7994291b887ca03571
2016-03-15,138.0,138,ft^3/s,Approved,[],2025-03-11T19:58:58.212270+00:00,1d5974fd48b84c7994291b887ca03571
2016-03-16,118.0,118,ft^3/s,Approved,[],2025-03-11T19:58:58.212270+00:00,1d5974fd48b84c7994291b887ca03571
2016-03-17,107.0,107,ft^3/s,Approved,[],2025-03-11T19:58:58.212270+00:00,1d5974fd48b84c7994291b887ca03571
2016-03-18,98.9,98.9,ft^3/s,Approved,[],2025-03-11T19:58:58.212270+00:00,1d5974fd48b84c7994291b887ca03571
2016-03-19,82.5,82.5,ft^3/s,Approved,[],2025-03-11T19:58:58.212270+00:00,1d5974fd48b84c7994291b887ca03571
2016-03-20,79.5,79.5,ft^3/s,Approved,[],2025-03-11T19:58:58.212270+00:00,1d5974fd48b84c7994291b887ca03571
2016-03-21,75.7,75.7,ft^3/s,Approved,[],2025-03-11T19:58:58.212270+00:00,1d5974fd48b84c7994291b887ca03571
2016-03-22,71.3,71.3,ft^3/s,Approved,[],2025-03-11T19:58:58.212270+00:00,1d5974fd48b84c7994291b887ca03571
2016-03-23,66.6,66.6,ft^3/s,Approved,[],2025-03-11T19:58:58.212270+00:00,1d5974fd48b84c7994291b887ca03571
2016-03-24,57.3,57.3,ft^3/s,Approved,[],2025-03-11T19:58:58.212270+00:00,1d5974fd48b84c7994291b887ca03571
2016-03-25,58.1,58.1,ft^3/s,Approved,[],2025-03-11T19:58:58.212270+00:00,1d5974fd48b84c7994291b887ca03571
2016-03-26,56.3,56.3,ft^3/s,Approved,[],2025-03-11T19:58:58.212270+00:00,1d5974fd48b84c7994291b887ca03571
2016-03-27,52.5,52.5,ft^3/s,Approved,[],2025-03-11T19:58:58.212270+00:00,1d5974fd48b84c7994291b887ca03571
2016-03-28,51.3,51.3,ft^3/s,Approved,[],2025-03-11T19:58:58.212270+00:00,1d5974fd48b84c7994291b887ca03571
2016-03-29,51.5,51.5,ft^3/s,Approved,[],2025-03-11T19:58:58.212270+00:00,1d5974fd48b84c7994291b887ca03571
2016-03-30,54.8,54.8,ft^3/s,Approved,[],2025-03-11T19:58:58.212270+00:00,1d5974fd48b84c7994291b887ca03571
2016-03-31,54.5,54.5,ft^3/s,Approved,[],2025-03-11T19:58:58.212270+00:00,1d5974fd48b84c7994291b887ca03571
2016-04-01,74.6,74.6,ft^3/s,Approved,[],2025-03-11T19:58:58.212270+00:00,1d5974fd48b84c7994291b887ca03571
2016-04-02,71.5,71.5,ft^3/s,Approved,[],2025-03-11T19:58:58.212270+00:00,1d5974fd48b84c7994291b887ca03571
2016-04-03,60.2,60.2,ft^3/s,Approved,[],2025-03-11T19:58:58.212270+00:00,1d5974fd48b84c7994291b887ca03571
2016-04-04,52.7,52.7,ft^3/s,Approved,[],2025-03-11T19:58:58.212270+00:00,1d5974fd48b84c7994291b887ca03571
2016-04-05,46.9,46.9,ft^3/s,Approved,[],2025-03-11T19:58:58.212270+00:00,1d5974fd48b84c7994291b887ca03571
2016-04-06,41.0,41.0,ft^3/s,Approved,[],2025-03-11T19:58:58.212270+00:00,1d5974fd48b84c7994291b887ca03571
2016-04-07,38.9,38.9,ft^3/s,Approved,[],2025-03-11T19:58:58.212270+00:00,1d5974fd48b84c7994291b887ca03571
2016-04-08,36.7,36.7,ft^3/s,Approved,[],2025-03-11T19:58:58.212270+00:00,1d5974fd48b84c7994291b887ca03571
2016-04-09,35.9,35.9,ft^3/s,Approved,[],2025-03-11T19:58:58.212270+00:00,1d5974fd48b84c7994291b887ca03571
2016-04-10,36.6,36.6,ft^3/s,Approved,[],2025-03-11T19:58:58.212270+00:00,1d5974fd48b84c7994291b887ca03571
2016-04-11,35.6,35.6,ft^3/s,Approved,[],2025-03-11T19:58:58.212270+00:00,1d5974fd48b84c7994291b887ca03571
2016-04-12,37.9,37.9,ft^3/s,Approved,[],2025-03-11T19:58:58.212270+00:00,1d5974fd48b84c7994291b887ca03571
2016-04-13,145.0,145,ft^3/s,Approved,[],2025-03-11T19:58:58.212270+00:00,1d5974fd48b84c7994291b887ca03571
2016-04-14,82.2,82.2,ft^3/s,Approved,[],2025-03-11T19:58:58.212270+00:00,1d5974fd48b84c7994291b887ca03571
2016-04-15,59.8,59.8,ft^3/s,Approved,[],2025-03-11T19:58:58.212270+00:00,1d5974fd48b84c7994291b887ca03571
2016-04-16,51.3,51.3,ft^3/s,Approved,[],2025-03-11T19:58:58.212270+00:00,1d5974fd48b84c7994291b887ca03571
2016-04-17,584.0,584,ft^3/s,Approved,[],2025-03-11T19:58:58.212270+00:00,1d5974fd48b84c7994291b887ca03571
2016-04-18,833.0,833,ft^3/s,Approved,[],2025-03-11T19:58:58.212270+00:00,1d5974fd48b84c7994291b887ca03571
2016-04-19,531.0,531,ft^3/s,Approved,[],2025-03-11T19:58:58.212270+00:00,1d5974fd48b84c7994291b887ca03571
2016-04-20,548.0,548,ft^3/s,Approved,[],2025-03-11T19:58:58.212270+00:00,1d5974fd48b84c7994291b887ca03571
2016-04-21,509.0,509,ft^3/s,Approved,[],2025-03-11T19:58:58.212270+00:00,1d5974fd48b84c7994291b887ca03571
2016-04-22,410.0,410,ft^3/s,Approved,[],2025-03-11T19:58:58.212270+00:00,1d5974fd48b84c7994291b887ca03571
2016-04-23,317.0,317,ft^3/s,Approved,[],2025-03-11T19:58:58.212270+00:00,1d5974fd48b84c7994291b887ca03571
2016-04-24,267.0,267,ft^3/s,Approved,[],2025-03-11T19:58:58.212270+00:00,1d5974fd48b84c7994291b887ca03571
2016-04-25,195.0,195,ft^3/s,Approved,[],2025-03-11T19:58:58.212270+00:00,1d5974fd48b84c7994291b887ca03571
2016-04-26,138.0,138,ft^3/s,Approved,[],2025-03-11T19:58:58.212270+00:00,1d5974fd48b84c7994291b887ca03571
2016-04-27,278.0,278,ft^3/s,Approved,[],2025-03-11T19:58:58.212270+00:00,1d5974fd48b84c7994291b887ca03571
2016-04-28,192.0,192,ft^3/s,Approved,[],2025-03-11T19:58:58.212270+00:00,1d5974fd48b84c7994291b887ca03571
2016-04-29,148.0,148,ft^3/s,Approved,[],2025-03-11T19:58:58.212270+00:00,1d5974fd48b84c7994291b887ca03571
2016-04-30,133.0,133,ft^3/s,Approved,[],2025-03-11T19:58:58.212270+00:00,1d5974fd48b84c7994291b887ca03571
2016-05-01,112.0,112,ft^3/s,Approved,[],2025-03-11T19:58:58.212270+00:00,1d5974fd48b84c7994291b887ca03571
2016-05-02,110.0,110,ft^3/s,Approved,[],2025-03-11T19:58:58.212270+00:00,1d5974fd48b84c7994291b887ca03571
2016-05-03,109.0,109,ft^3/s,Approved,[],2025-03-11T19:58:58.212270+00:00,1d5974fd48b84c7994291b887ca03571
2016-05-04,97.5,97.5,ft^3/s,Approved,[],2025-03-11T19:58:58.212270+00:00,1d5974fd48b84c7994291b887ca03571
2016-05-05,85.4,85.4,ft^3/s,Approved,[],2025-03-11T19:58:58.212270+00:00,1d5974fd48b84c7994291b887ca03571
2016-05-06,75.7,75.7,ft^3/s,Approved,[],2025-03-11T19:58:58.212270+00:00,1d5974fd48b84c7994291b887ca03571
2016-05-07,69.8,69.8,ft^3/s,Approved,[],2025-03-11T19:58:58.212270+00:00,1d5974fd48b84c7994291b887ca03571
2016-05-08,67.5,67.5,ft^3/s,Approved,[],2025-03-11T19:58:58.212270+00:00,1d5974fd48b84c7994291b887ca03571
2016-05-09,66.8,66.8,ft^3/s,Approved,[],2025-03-11T19:58:58.212270+00:00,1d5974fd48b84c7994291b887ca03571
2016-05-10,60.7,60.7,ft^3/s,Approved,[],2025-03-11T19:58:58.212270+00:00,1d5974fd48b84c7994291b887ca03571
2016-05-11,93.8,93.8,ft^3/s,Approved,[],2025-03-11T19:58:58.212270+00:00,1d5974fd48b84c7994291b887ca03571
2016-05-12,78.4,78.4,ft^3/s,Approved,[],2025-03-11T19:58:58.212270+00:00,1d5974fd48b84c7994291b887ca03571
2016-05-13,67.2,67.2,ft^3/s,Approved,[],2025-03-11T19:58:58.212270+00:00,1d5974fd48b84c7994291b887ca03571
2016-05-14,131.0,131,ft^3/s,Approved,[],2025-03-11T19:58:58.212270+00:00,1d5974fd48b84c7994291b887ca03571
2016-05-15,205.0,205,ft^3/s,Approved,[],2025-03-11T19:58:58.212270+00:00,1d5974fd48b84c7994291b887ca03571
2016-05-16,161.0,161,ft^3/s,Approved,[],2025-03-11T19:58:58.212270+00:00,1d5974fd48b84c7994291b887ca03571
2016-05-17,132.0,132,ft^3/s,Approved,[],2025-03-11T19:58:58.212270+00:00,1d5974fd48b84c7994291b887ca03571
2016-05-18,155.0,155,ft^3/s,Approved,[],2025-03-11T19:58:58.212270+00:00,1d5974fd48b84c7994291b887ca03571
2016-05-19,1000.0,1000,ft^3/s,Approved,[],2025-03-11T19:58:58.212270+00:00,1d5974fd48b84c7994291b887ca03571
2016-05-20,556.0,556,ft^3/s,Approved,[],2025-03-11T19:58:58.212270+00:00,1d5974fd48b84c7994291b887ca03571
2016-05-21,433.0,433,ft^3/s,Approved,[],2025-03-11T19:58:58.212270+00:00,1d5974fd48b84c7994291b887ca03571
2016-05-22,312.0,312,ft^3/s,Approved,[],2025-03-11T19:58:58.212270+00:00,1d5974fd48b84c7994291b887ca03571
2016-05-23,197.0,197,ft^3/s,Approved,[],2025-03-11T19:58:58.212270+00:00,1d5974fd48b84c7994291b887ca03571
2016-05-24,156.0,156,ft^3/s,Approved,[],2025-03-11T19:58:58.212270+00:00,1d5974fd48b84c7994291b887ca03571
2016-05-25,134.0,134,ft^3/s,Approved,[],2025-03-11T19:58:58.212270+00:00,1d5974fd48b84c7994291b887ca03571
2016-05-26,122.0,122,ft^3/s,Approved,[],2025-03-11T19:58:58.212270+00:00,1d5974fd48b84c7994291b887ca03571
2016-05-27,193.0,193,ft^3/s,Approved,[],2025-03-11T19:58:58.212270+00:00,1d5974fd48b84c7994291b887ca03571
2016-05-28,158.0,158,ft^3/s,Approved,[],2025-03-11T19:58:58.212270+00:00,1d5974fd48b84c7994291b887ca03571
2016-05-29,139.0,139,ft^3/s,Approved,[],2025-03-11T19:58:58.212270+00:00,1d5974fd48b84c7994291b887ca03571
2016-05-30,153.0,153,ft^3/s,Approved,[],2025-03-11T19:58:58.212270+00:00,1d5974fd48b84c7994291b887ca03571
2016-05-31,292.0,292,ft^3/s,Approved,[],2025-03-11T19:58:58.212270+00:00,1d5974fd48b84c7994291b887ca03571
2016-06-01,216.0,216,ft^3/s,Approved,[],2025-03-11T19:58:58.212270+00:00,1d5974fd48b84c7994291b887ca03571
2016-06-02,839.0,839,ft^3/s,Approved,[],2025-03-11T19:58:58.212270+00:00,1d5974fd48b84c7994291b887ca03571
2016-06-03,592.0,592,ft^3/s,Approved,[],2025-03-11T19:58:58.212270+00:00,1d5974fd48b84c7994291b887ca03571
2016-06-04,1440.0,1440,ft^3/s,Approved,[],2025-03-11T19:58:58.212270+00:00,1d5974fd48b84c7994291b887ca03571
2016-06-05,567.0,567,ft^3/s,Approved,[],2025-03-11T19:58:58.212270+00:00,1d5974fd48b84c7994291b887ca03571
2016-06-06,435.0,435,ft^3/s,Approved,[],2025-03-11T19:58:58.212270+00:00,1d5974fd48b84c7994291b887ca03571
2016-06-07,368.0,368,ft^3/s,Approved,[],2025-03-11T19:58:58.212270+00:00,1d5974fd48b84c7994291b887ca03571
2016-06-08,309.0,309,ft^3/s,Approved,[],2025-03-11T19:58:58.212270+00:00,1d5974fd48b84c7994291b887ca03571
2016-06-09,251.0,251,ft^3/s,Approved,[],2025-03-11T19:58:58.212270+00:00,1d5974fd48b84c7994291b887ca03571
2016-06-10,231.0,231,ft^3/s,Approved,[],2025-03-11T19:58:58.212270+00:00,1d5974fd48b84c7994291b887ca03571
2016-06-11,215.0,215,ft^3/s,Approved,[],2025-03-11T19:58:58.212270+00:00,1d5974fd48b84c7994291b887ca03571
2016-06-12,184.0,184,ft^3/s,Approved,[],2025-03-11T19:58:58.212270+00:00,1d5974fd48b84c7994291b887ca03571
2016-06-13,138.0,138,ft^3/s,Approved,[],2025-03-11T19:58:58.212270+00:00,1d5974fd48b84c7994291b887ca03571
2016-06-14,124.0,124,ft^3/s,Approved,[],2025-03-11T19:58:58.212270+00:00,1d5974fd48b84c7994291b887ca03571
2016-06-15,113.0,113,ft^3/s,Approved,[],2025-03-11T19:58:58.212270+00:00,1d5974fd48b84c7994291b887ca03571
2016-06-16,104.0,104,ft^3/s,Approved,[],2025-03-11T19:58:58.212270+00:00,1d5974fd48b84c7994291b887ca03571
2016-06-17,95.3,95.3,ft^3/s,Approved,[],2025-03-11T19:58:58.212270+00:00,1d5974fd48b84c7994291b887ca03571
2016-06-18,88.3,88.3,ft^3/s,Approved,[],2025-03-11T19:58:58.212270+00:00,1d5974fd48b84c7994291b887ca03571
2016-06-19,84.1,84.1,ft^3/s,Approved,[],2025-03-11T19:58:58.212270+00:00,1d5974fd48b84c7994291b887ca03571
2016-06-20,79.4,79.4,ft^3/s,Approved,[],2025-03-11T19:58:58.212270+00:00,1d5974fd48b84c7994291b887ca03571
2016-06-21,75.9,75.9,ft^3/s,Approved,[],2025-03-11T19:58:58.212270+00:00,1d5974fd48b84c7994291b887ca03571
2016-06-22,71.7,71.7,ft^3/s,Approved,[],2025-03-11T19:58:58.212270+00:00,1d5974fd48b84c7994291b887ca03571
2016-06-23,67.3,67.3,ft^3/s,Approved,[],2025-03-11T19:58:58.212270+00:00,1d5974fd48b84c7994291b887ca03571
2016-06-24,61.9,61.9,ft^3/s,Approved,[],2025-03-11T19:58:58.212270+00:00,1d5974fd48b84c7994291b887ca03571
2016-06-25,59.8,59.8,ft^3/s,Approved,[],2025-03-11T19:58:58.212270+00:00,1d5974fd48b84c7994291b887ca03571
2016-06-26,58.4,58.4,ft^3/s,Approved,[],2025-03-11T19:58:58.212270+00:00,1d5974fd48b84c7994291b887ca03571
2016-06-27,55.1,55.1,ft^3/s,Approved,[],2025-03-11T19:58:58.212270+00:00,1d5974fd48b84c7994291b887ca03571
2016-06-28,57.3,57.3,ft^3/s,Approved,[],2025-03-11T19:58:58.212270+00:00,1d5974fd48b84c7994291b887ca03571
2016-06-29,106.0,106,ft^3/s,Approved,[],2025-03-11T19:58:58.212270+00:00,1d5974fd48b84c7994291b887ca03571
2016-06-30,103.0,103,ft^3/s,Approved,[],2025-03-11T19:58:58.212270+00:00,1d5974fd48b84c7994291b887ca03571
2016-07-01,71.0,71.0,ft^3/s,Approved,[],2025-03-11T19:58:58.212270+00:00,1d5974fd48b84c7994291b887ca03571
2016-07-02,55.9,55.9,ft^3/s,Approved,[],2025-03-11T19:58:58.212270+00:00,1d5974fd48b84c7994291b887ca03571
2016-07-03,49.3,49.3,ft^3/s,Approved,[],2025-03-11T19:58:58.212270+00:00,1d5974fd48b84c7994291b887ca03571
2016-07-04,44.6,44.6,ft^3/s,Approved,[],2025-03-11T19:58:58.212270+00:00,1d5974fd48b84c7994291b887ca03571
2016-07-05,41.9,41.9,ft^3/s,Approved,[],2025-03-11T19:58:58.212270+00:00,1d5974fd48b84c7994291b887ca03571
2016-07-06,38.9,38.9,ft^3/s,Approved,[],2025-03-11T19:58:58.212270+00:00,1d5974fd48b84c7994291b887ca03571
2016-07-07,37.1,37.1,ft^3/s,Approved,[],2025-03-11T19:58:58.212270+00:00,1d5974fd48b84c7994291b887ca03571
2016-07-08,34.1,34.1,ft^3/s,Approved,[],2025-03-11T19:58:58.212270+00:00,1d5974fd48b84c7994291b887ca03571
2016-07-09,33.0,33.0,ft^3/s,Approved,[],2025-03-11T19:58:58.212270+00:00,1d5974fd48b84c7994291b887ca03571
2016-07-10,32.2,32.2,ft^3/s,Approved,[],2025-03-11T19:58:58.212270+00:00,1d5974fd48b84c7994291b887ca03571
2016-07-11,31.4,31.4,ft^3/s,Approved,[],2025-03-11T19:58:58.212270+00:00,1d5974fd48b84c7994291b887ca03571
2016-07-12,30.2,30.2,ft^3/s,Approved,[],2025-03-11T19:58:58.212270+00:00,1d5974fd48b84c7994291b887ca03571
2016-07-13,27.7,27.7,ft^3/s,Approved,[],2025-03-11T19:58:58.212270+00:00,1d5974fd48b84c7994291b887ca03571
2016-07-14,27.0,27.0,ft^3/s,Approved,[],2025-03-11T19:58:58.212270+00:00,1d5974fd48b84c7994291b887ca03571
2016-07-15,26.1,26.1,ft^3/s,Approved,[],2025-03-11T19:58:58.212270+00:00,1d5974fd48b84c7994291b887ca03571
2016-07-16,25.3,25.3,ft^3/s,Approved,[],2025-03-11T19:58:58.212270+00:00,1d5974fd48b84c7994291b887ca03571
2016-07-17,23.8,23.8,ft^3/s,Approved,[],2025-03-11T19:58:58.212270+00:00,1d5974fd48b84c7994291b887ca03571
2016-07-18,23.5,23.5,ft^3/s,Approved,[],2025-03-11T19:58:58.212270+00:00,1d5974fd48b84c7994291b887ca03571
2016-07-19,22.4,22.4,ft^3/s,Approved,[],2025-03-11T19:58:58.212270+00:00,1d5974fd48b84c7994291b887ca03571
2016-07-20,21.8,21.8,ft^3/s,Approved,[],2025-03-11T19:58:58.212270+00:00,1d5974fd48b84c7994291b887ca03571
2016-07-21,21.1,21.1,ft^3/s,Approved,[],2025-03-11T19:58:58.212270+00:00,1d5974fd48b84c7994291b887ca03571
2016-07-22,20.7,20.7,ft^3/s,Approved,[],2025-03-11T19:58:58.212270+00:00,1d5974fd48b84c7994291b887ca03571
2016-07-23,20.3,20.3,ft^3/s,Approved,[],2025-03-11T19:58:58.212270+00:00,1d5974fd48b84c7994291b887ca03571
2016-07-24,19.9,19.9,ft^3/s,Approved,[],2025-03-11T19:58:58.212270+00:00,1d5974fd48b84c7994291b887ca03571
2016-07-25,22.0,22.0,ft^3/s,Approved,[],2025-03-11T19:58:58.212270+00:00,1d5974fd48b84c7994291b887ca03571
2016-07-26,58.1,58.1,ft^3/s,Approved,[],2025-03-11T19:58:58.212270+00:00,1d5974fd48b84c7994291b887ca03571
2016-07-27,136.0,136,ft^3/s,Approved,[],2025-03-11T19:58:58.212270+00:00,1d5974fd48b84c7994291b887ca03571
2016-07-28,111.0,111,ft^3/s,Approved,[],2025-03-11T19:58:58.212270+00:00,1d5974fd48b84c7994291b887ca03571
2016-07-29,61.2,61.2,ft^3/s,Approved,[],2025-03-11T19:58:58.212270+00:00,1d5974fd48b84c7994291b887ca03571
2016-07-30,46.1,46.1,ft^3/s,Approved,[],2025-03-11T19:58:58.212270+00:00,1d5974fd48b84c7994291b887ca03571
2016-07-31,36.0,36.0,ft^3/s,Approved,[],2025-03-11T19:58:58.212270+00:00,1d5974fd48b84c7994291b887ca03571
2016-08-01,26.9,26.9,ft^3/s,Approved,[],2025-03-11T19:58:58.212270+00:00,1d5974fd48b84c7994291b887ca03571
2016-08-02,25.0,25.0,ft^3/s,Approved,[],2025-03-11T19:58:58.212270+00:00,1d5974fd48b84c7994291b887ca03571
2016-08-03,23.4,23.4,ft^3/s,Approved,[],2025-03-11T19:58:58.212270+00:00,1d5974fd48b84c7994291b887ca03571
2016-08-04,23.7,23.7,ft^3/s,Approved,[],2025-03-11T19:58:58.212270+00:00,1d5974fd48b84c7994291b887ca03571
2016-08-05,21.5,21.5,ft^3/s,Approved,[],2025-03-11T19:58:58.212270+00:00,1d5974fd48b84c7994291b887ca03571
2016-08-06,21.3,21.3,ft^3/s,Approved,[],2025-03-11T19:58:58.212270+00:00,1d5974fd48b84c7994291b887ca03571
2016-08-07,20.0,20.0,ft^3/s,Approved,[],2025-03-11T19:58:58.212270+00:00,1d5974fd48b84c7994291b887ca03571
2016-08-08,17.4,17.4,ft^3/s,Approved,[],2025-03-11T19:58:58.212270+00:00,1d5974fd48b84c7994291b887ca03571
2016-08-09,17.0,17.0,ft^3/s,Approved,[],2025-03-11T19:58:58.212270+00:00,1d5974fd48b84c7994291b887ca03571
2016-08-10,15.8,15.8,ft^3/s,Approved,[],2025-03-11T19:58:58.212270+00:00,1d5974fd48b84c7994291b887ca03571
2016-08-11,14.9,14.9,ft^3/s,Approved,[],2025-03-11T19:58:58.212270+00:00,1d5974fd48b84c7994291b887ca03571
2016-08-12,14.4,14.4,ft^3/s,Approved,[],2025-03-11T19:58:58.212270+00:00,1d5974fd48b84c7994291b887ca03571
2016-08-13,24.2,24.2,ft^3/s,Approved,[],2025-03-11T19:58:58.212270+00:00,1d5974fd48b84c7994291b887ca03571
2016-08-14,68.3,68.3,ft^3/s,Approved,[],2025-03-11T19:58:58.212270+00:00,1d5974fd48b84c7994291b887ca03571
2016-08-15,654.0,654,ft^3/s,Approved,[],2025-03-11T19:58:58.212270+00:00,1d5974fd48b84c7994291b887ca03571
2016-08-16,777.0,777,ft^3/s,Approved,[],2025-03-11T19:58:58.212270+00:00,1d5974fd48b84c7994291b887ca03571
2016-08-17,802.0,802,ft^3/s,Approved,[],2025-03-11T19:58:58.212270+00:00,1d5974fd48b84c7994291b887ca03571
2016-08-18,466.0,466,ft^3/s,Approved,[],2025-03-11T19:58:58.212270+00:00,1d5974fd48b84c7994291b887ca03571
2016-08-19,396.0,396,ft^3/s,Approved,[],2025-03-11T19:58:58.212270+00:00,1d5974fd48b84c7994291b887ca03571
2016-08-20,369.0,369,ft^3/s,Approved,[],2025-03-11T19:58:58.212270+00:00,1d5974fd48b84c7994291b887ca03571
2016-08-21,1360.0,1360,ft^3/s,Approved,[],2025-03-11T19:58:58.212270+00:00,1d5974fd48b84c7994291b887ca03571
2016-08-22,635.0,635,ft^3/s,Approved,[],2025-03-11T19:58:58.212270+00:00,1d5974fd48b84c7994291b887ca03571
2016-08-23,499.0,499,ft^3/s,Approved,[],2025-03-11T19:58:58.212270+00:00,1d5974fd48b84c7994291b887ca03571
2016-08-24,444.0,444,ft^3/s,Approved,[],2025-03-11T19:58:58.212270+00:00,1d5974fd48b84c7994291b887ca03571
2016-08-25,389.0,389,ft^3/s,Approved,[],2025-03-11T19:58:58.212270+00:00,1d5974fd48b84c7994291b887ca03571
2016-08-26,364.0,364,ft^3/s,Approved,[],2025-03-11T19:58:58.212270+00:00,1d5974fd48b84c7994291b887ca03571
2016-08-27,344.0,344,ft^3/s,Approved,[],2025-03-11T19:58:58.212270+00:00,1d5974fd48b84c7994291b887ca03571
2016-08-28,292.0,292,ft^3/s,Approved,[],2025-03-11T19:58:58.212270+00:00,1d5974fd48b84c7994291b887ca03571
2016-08-29,250.0,250,ft^3/s,Approved,[],2025-03-11T19:58:58.212270+00:00,1d5974fd48b84c7994291b887ca03571
2016-08-30,249.0,249,ft^3/s,Approved,[],2025-03-11T19:58:58.212270+00:00,1d5974fd48b84c7994291b887ca03571
2016-08-31,185.0,185,ft^3/s,Approved,[],2025-03-11T19:58:58.212270+00:00,1d5974fd48b84c7994291b887ca03571
2016-09-01,122.0,122,ft^3/s,Approved,[],2025-03-11T19:58:58.212270+00:00,1d5974fd48b84c7994291b887ca03571
2016-09-02,110.0,110,ft^3/s,Approved,[],2025-03-11T19:58:58.212270+00:00,1d5974fd48b84c7994291b887ca03571
2016-09-03,99.5,99.5,ft^3/s,Approved,[],2025-03-11T19:58:58.212270+00:00,1d5974fd48b84c7994291b887ca03571
2016-09-04,92.4,92.4,ft^3/s,Approved,[],2025-03-11T19:58:58.212270+00:00,1d5974fd48b84c7994291b887ca03571
2016-09-05,88.3,88.3,ft^3/s,Approved,[],2025-03-11T19:58:58.212270+00:00,1d5974fd48b84c7994291b887ca03571
2016-09-06,84.5,84.5,ft^3/s,Approved,[],2025-03-11T19:58:58.212270+00:00,1d5974fd48b84c7994291b887ca03571
2016-09-07,79.3,79.3,ft^3/s,Approved,[],2025-03-11T19:58:58.212270+00:00,1d5974fd48b84c7994291b887ca03571
2016-09-08,72.3,72.3,ft^3/s,Approved,[],2025-03-11T19:58:58.212270+00:00,1d5974fd48b84c7994291b887ca03571
2016-09-09,67.0,67.0,ft^3/s,Approved,[],2025-03-11T19:58:58.212270+00:00,1d5974fd48b84c7994291b887ca03571
2016-09-10,62.4,62.4,ft^3/s,Approved,[],2025-03-11T19:58:58.212270+00:00,1d5974fd48b84c7994291b887ca03571
2016-09-11,59.7,59.7,ft^3/s,Approved,[],2025-03-11T19:58:58.212270+00:00,1d5974fd48b84c7994291b887ca03571
2016-09-12,58.7,58.7,ft^3/s,Approved,[],2025-03-11T19:58:58.212270+00:00,1d5974fd48b84c7994291b887ca03571
2016-09-13,57.0,57.0,ft^3/s,Approved,[],2025-03-11T19:58:58.212270+00:00,1d5974fd48b84c7994291b887ca03571
2016-09-14,59.9,59.9,ft^3/s,Approved,[],2025-03-11T19:58:58.212270+00:00,1d5974fd48b84c7994291b887ca03571
2016-09-15,55.8,55.8,ft^3/s,Approved,[],2025-03-11T19:58:58.212270+00:00,1d5974fd48b84c7994291b887ca03571
2016-09-16,52.9,52.9,ft^3/s,Approved,[],2025-03-11T19:58:58.212270+00:00,1d5974fd48b84c7994291b887ca03571
2016-09-17,48.4,48.4,ft^3/s,Approved,[],2025-03-11T19:58:58.212270+00:00,1d5974fd48b84c7994291b887ca03571
2016-09-18,46.6,46.6,ft^3/s,Approved,[],2025-03-11T19:58:58.212270+00:00,1d5974fd48b84c7994291b887ca03571
2016-09-19,44.9,44.9,ft^3/s,Approved,[],2025-03-11T19:58:58.212270+00:00,1d5974fd48b84c7994291b887ca03571
2016-09-20,42.1,42.1,ft^3/s,Approved,[],2025-03-11T19:58:58.212270+00:00,1d5974fd48b84c7994291b887ca03571
2016-09-21,40.4,40.4,ft^3/s,Approved,[],2025-03-11T19:58:58.212270+00:00,1d5974fd48b84c7994291b887ca03571
2016-09-22,38.3,38.3,ft^3/s,Approved,[],2025-03-11T19:58:58.212270+00:00,1d5974fd48b84c7994291b887ca03571
2016-09-23,37.8,37.8,ft^3/s,Approved,[],2025-03-11T19:58:58.212270+00:00,1d5974fd48b84c7994291b887ca03571
2016-09-24,39.4,39.4,ft^3/s,Approved,[],2025-03-11T19:58:58.212270+00:00,1d5974fd48b84c7994291b887ca03571
2016-09-25,142.0,142,ft^3/s,Approved,[],2025-03-11T19:58:58.212270+00:00,1d5974fd48b84c7994291b887ca03571
2016-09-26,164.0,164,ft^3/s,Approved,[],2025-03-11T19:58:58.212270+00:00,1d5974fd48b84c7994291b887ca03571
2016-09-27,107.0,107,ft^3/s,Approved,[],2025-03-11T19:58:58.212270+00:00,1d5974fd48b84c7994291b887ca03571
2016-09-28,80.4,80.4,ft^3/s,Approved,[],2025-03-11T19:58:58.212270+00:00,1d5974fd48b84c7994291b887ca03571
2016-09-29,65.3,65.3,ft^3/s,Approved,[],2025-03-11T19:58:58.212270+00:00,1d5974fd48b84c7994291b887ca03571
2016-09-30,56.6,56.6,ft^3/s,Approved,[],2025-03-11T19:58:58.212270+00:00,1d5974fd48b84c7994291b887ca03571
2016-10-01,53.1,53.1,ft^3/s,Approved,[],2025-03-11T19:58:58.212270+00:00,1d5974fd48b84c7994291b887ca03571
2016-10-02,50.4,50.4,ft^3/s,Approved,[],2025-03-11T19:58:58.212270+00:00,1d5974fd48b84c7994291b887ca03571
2016-10-03,47.5,47.5,ft^3/s,Approved,[],2025-03-11T19:58:58.212270+00:00,1d5974fd48b84c7994291b887ca03571
2016-10-04,44.5,44.5,ft^3/s,Approved,[],2025-03-11T19:58:58.212270+00:00,1d5974fd48b84c7994291b887ca03571
2016-10-05,40.9,40.9,ft^3/s,Approved,[],2025-03-11T19:58:58.212270+00:00,1d5974fd48b84c7994291b887ca03571
2016-10-06,39.7,39.7,ft^3/s,Approved,[],2025-03-11T19:58:58.212270+00:00,1d5974fd48b84c7994291b887ca03571
2016-10-07,37.7,37.7,ft^3/s,Approved,[],2025-03-11T19:58:58.212270+00:00,1d5974fd48b84c7994291b887ca03571
2016-10-08,37.8,37.8,ft^3/s,Approved,[],2025-03-11T19:58:58.212270+00:00,1d5974fd48b84c7994291b887ca03571
2016-10-09,37.9,37.9,ft^3/s,Approved,[],2025-03-11T19:58:58.212270+00:00,1d5974fd48b84c7994291b887ca03571
2016-10-10,36.8,36.8,ft^3/s,Approved,[],2025-03-11T19:58:58.212270+00:00,1d5974fd48b84c7994291b887ca03571
2016-10-11,36.0,36.0,ft^3/s,Approved,[],2025-03-11T19:58:58.212270+00:00,1d5974fd48b84c7994291b887ca03571
2016-10-12,35.0,35.0,ft^3/s,Approved,[],2025-03-11T19:58:58.212270+00:00,1d5974fd48b84c7994291b887ca03571
2016-10-13,34.0,34.0,ft^3/s,Approved,[],2025-03-11T19:58:58.212270+00:00,1d5974fd48b84c7994291b887ca03571
2016-10-14,35.3,35.3,ft^3/s,Approved,[],2025-03-11T19:58:58.212270+00:00,1d5974fd48b84c7994291b887ca03571
2016-10-15,36.0,36.0,ft^3/s,Approved,[],2025-03-11T19:58:58.212270+00:00,1d5974fd48b84c7994291b887ca03571
2016-10-16,35.0,35.0,ft^3/s,Approved,[],2025-03-11T19:58:58.212270+00:00,1d5974fd48b84c7994291b887ca03571
2016-10-17,34.4,34.4,ft^3/s,Approved,[],2025-03-11T19:58:58.212270+00:00,1d5974fd48b84c7994291b887ca03571
2016-10-18,33.2,33.2,ft^3/s,Approved,[],2025-03-11T19:58:58.212270+00:00,1d5974fd48b84c7994291b887ca03571
2016-10-19,31.9,31.9,ft^3/s,Approved,[],2025-03-11T19:58:58.212270+00:00,1d5974fd48b84c7994291b887ca03571
2016-10-20,29.4,29.4,ft^3/s,Approved,[],2025-03-11T19:58:58.212270+00:00,1d5974fd48b84c7994291b887ca03571
2016-10-21,29.6,29.6,ft^3/s,Approved,[],2025-03-11T19:58:58.212270+00:00,1d5974fd48b84c7994291b887ca03571
2016-10-22,29.5,29.5,ft^3/s,Approved,[],2025-03-11T19:58:58.212270+00:00,1d5974fd48b84c7994291b887ca03571
2016-10-23,29.2,29.2,ft^3/s,Approved,[],2025-03-11T19:58:58.212270+00:00,1d5974fd48b84c7994291b887ca03571
2016-10-24,29.3,29.3,ft^3/s,Approved,[],2025-03-11T19:58:58.212270+00:00,1d5974fd48b84c7994291b887ca03571
2016-10-25,29.6,29.6,ft^3/s,Approved,[],2025-03-11T19:58:58.212270+00:00,1d5974fd48b84c7994291b887ca03571
2016-10-26,30.0,30.0,ft^3/s,Approved,[],2025-03-11T19:58:58.212270+00:00,1d5974fd48b84c7994291b887ca03571
2016-10-27,29.0,29.0,ft^3/s,Approved,[],2025-03-11T19:58:58.212270+00:00,1d5974fd48b84c7994291b887ca03571
2016-10-28,28.2,28.2,ft^3/s,Approved,[],2025-03-11T19:58:58.212270+00:00,1d5974fd48b84c7994291b887ca03571
2016-10-29,27.3,27.3,ft^3/s,Approved,[],2025-03-11T19:58:58.212270+00:00,1d5974fd48b84c7994291b887ca03571
2016-10-30,27.1,27.1,ft^3/s,Approved,[],2025-03-11T19:58:58.212270+00:00,1d5974fd48b84c7994291b887ca03571
2016-10-31,26.6,26.6,ft^3/s,Approved,[],2025-03-11T19:58:58.212270+00:00,1d5974fd48b84c7994291b887ca03571
2016-11-01,27.1,27.1,ft^3/s,Approved,[],2025-03-11T19:58:58.212270+00:00,1d5974fd48b84c7994291b887ca03571
2016-11-02,26.6,26.6,ft^3/s,Approved,[],2025-03-11T19:58:58.212270+00:00,1d5974fd48b84c7994291b887ca03571
2016-11-03,91.3,91.3,ft^3/s,Approved,[],2025-03-11T19:58:58.212270+00:00,1d5974fd48b84c7994291b887ca03571
2016-11-04,150.0,150,ft^3/s,Approved,[],2025-03-11T19:58:58.212270+00:00,1d5974fd48b84c7994291b887ca03571
2016-11-05,95.3,95.3,ft^3/s,Approved,[],2025-03-11T19:58:58.212270+00:00,1d5974fd48b84c7994291b887ca03571
2016-11-06,119.0,119,ft^3/s,Approved,[],2025-03-11T19:58:58.212270+00:00,1d5974fd48b84c7994291b887ca03571
2016-11-07,192.0,192,ft^3/s,Approved,[],2025-03-11T19:58:58.212270+00:00,1d5974fd48b84c7994291b887ca03571
2016-11-08,196.0,196,ft^3/s,Approved,"[""ESTIMATED""]",2025-09-02T15:32:16.761021+00:00,1d5974fd48b84c7994291b887ca03571
2016-11-09,190.0,190,ft^3/s,Approved,"[""ESTIMATED""]",2025-09-02T15:32:16.761021+00:00,1d5974fd48b84c7994291b887ca03571
2016-11-10,139.0,139,ft^3/s,Approved,[],2025-09-02T15:32:16.761021+00:00,1d5974fd48b84c7994291b887ca03571
2016-11-11,101.0,101,ft^3/s,Approved,[],2025-03-11T19:58:58.212270+00:00,1d5974fd48b84c7994291b887ca03571
2016-11-12,81.6,81.6,ft^3/s,Approved,[],2025-03-11T19:58:58.212270+00:00,1d5974fd48b84c7994291b887ca03571
2016-11-13,70.2,70.2,ft^3/s,Approved,[],2025-03-11T19:58:58.212270+00:00,1d5974fd48b84c7994291b887ca03571
2016-11-14,63.8,63.8,ft^3/s,Approved,[],2025-03-11T19:58:58.212270+00:00,1d5974fd48b84c7994291b887ca03571
2016-11-15,58.2,58.2,ft^3/s,Approved,[],2025-03-11T19:58:58.212270+00:00,1d5974fd48b84c7994291b887ca03571
2016-11-16,53.9,53.9,ft^3/s,Approved,[],2025-03-11T19:58:58.212270+00:00,1d5974fd48b84c7994291b887ca03571
2016-11-17,50.6,50.6,ft^3/s,Approved,[],2025-03-11T19:58:58.212270+00:00,1d5974fd48b84c7994291b887ca03571
2016-11-18,44.5,44.5,ft^3/s,Approved,[],2025-03-11T19:58:58.212270+00:00,1d5974fd48b84c7994291b887ca03571
2016-11-19,42.0,42.0,ft^3/s,Approved,[],2025-03-11T19:58:58.212270+00:00,1d5974fd48b84c7994291b887ca03571
2016-11-20,41.6,41.6,ft^3/s,Approved,[],2025-03-11T19:58:58.212270+00:00,1d5974fd48b84c7994291b887ca03571
2016-11-21,40.4,40.4,ft^3/s,Approved,[],2025-03-11T19:58:58.212270+00:00,1d5974fd48b84c7994291b887ca03571
2016-11-22,39.7,39.7,ft^3/s,Approved,[],2025-03-11T19:58:58.212270+00:00,1d5974fd48b84c7994291b887ca03571
2016-11-23,53.1,53.1,ft^3/s,Approved,[],2025-03-11T19:58:58.212270+00:00,1d5974fd48b84c7994291b887ca03571
2016-11-24,43.8,43.8,ft^3/s,Approved,[],2025-03-11T19:58:58.212270+00:00,1d5974fd48b84c7994291b887ca03571
2016-11-25,41.0,41.0,ft^3/s,Approved,[],2025-03-11T19:58:58.212270+00:00,1d5974fd48b84c7994291b887ca03571
2016-11-26,40.6,40.6,ft^3/s,Approved,[],2025-03-11T19:58:58.212270+00:00,1d5974fd48b84c7994291b887ca03571
2016-11-27,39.5,39.5,ft^3/s,Approved,[],2025-03-11T19:58:58.212270+00:00,1d5974fd48b84c7994291b887ca03571
2016-11-28,37.8,37.8,ft^3/s,Approved,[],2025-03-11T19:58:58.212270+00:00,1d5974fd48b84c7994291b887ca03571
2016-11-29,36.4,36.4,ft^3/s,Approved,[],2025-03-11T19:58:58.212270+00:00,1d5974fd48b84c7994291b887ca03571
2016-11-30,35.3,35.3,ft^3/s,Approved,[],2025-03-11T19:58:58.212270+00:00,1d5974fd48b84c7994291b887ca03571
2016-12-01,34.3,34.3,ft^3/s,Approved,[],2025-03-11T19:58:58.212270+00:00,1d5974fd48b84c7994291b887ca03571
2016-12-02,36.2,36.2,ft^3/s,Approved,[],2025-03-11T19:58:58.212270+00:00,1d5974fd48b84c7994291b887ca03571
2016-12-03,159.0,159,ft^3/s,Approved,[],2025-03-11T19:58:58.212270+00:00,1d5974fd48b84c7994291b887ca03571
2016-12-04,199.0,199,ft^3/s,Approved,[],2025-03-11T19:58:58.212270+00:00,1d5974fd48b84c7994291b887ca03571
2016-12-05,245.0,245,ft^3/s,Approved,[],2025-03-11T19:58:58.212270+00:00,1d5974fd48b84c7994291b887ca03571
2016-12-06,201.0,201,ft^3/s,Approved,[],2025-03-11T19:58:58.212270+00:00,1d5974fd48b84c7994291b887ca03571
2016-12-07,132.0,132,ft^3/s,Approved,[],2025-03-11T19:58:58.212270+00:00,1d5974fd48b84c7994291b887ca03571
2016-12-08,94.4,94.4,ft^3/s,Approved,[],2025-03-11T19:58:58.212270+00:00,1d5974fd48b84c7994291b887ca03571
2016-12-09,83.1,83.1,ft^3/s,Approved,[],2025-03-11T19:58:58.212270+00:00,1d5974fd48b84c7994291b887ca03571
2016-12-10,76.0,76.0,ft^3/s,Approved,[],2025-03-11T19:58:58.212270+00:00,1d5974fd48b84c7994291b887ca03571
2016-12-11,71.0,71.0,ft^3/s,Approved,[],2025-03-11T19:58:58.212270+00:00,1d5974fd48b84c7994291b887ca03571
2016-12-12,68.0,68.0,ft^3/s,Approved,[],2025-03-11T19:58:58.212270+00:00,1d5974fd48b84c7994291b887ca03571
2016-12-13,63.4,63.4,ft^3/s,Approved,[],2025-03-11T19:58:58.212270+00:00,1d5974fd48b84c7994291b887ca03571
2016-12-14,60.7,60.7,ft^3/s,Approved,[],2025-03-11T19:58:58.212270+00:00,1d5974fd48b84c7994291b887ca03571
2016-12-15,58.3,58.3,ft^3/s,Approved,[],2025-03-11T19:58:58.212270+00:00,1d5974fd48b84c7994291b887ca03571
2016-12-16,57.0,57.0,ft^3/s,Approved,[],2025-03-11T19:58:58.212270+00:00,1d5974fd48b84c7994291b887ca03571
2016-12-17,53.1,53.1,ft^3/s,Approved,[],2025-03-11T19:58:58.212270+00:00,1d5974fd48b84c7994291b887ca03571
2016-12-18,43.1,43.1,ft^3/s,Approved,[],2025-03-11T19:58:58.212270+00:00,1d5974fd48b84c7994291b887ca03571
2016-12-19,45.0,45.0,ft^3/s,Approved,[],2025-03-11T19:58:58.212270+00:00,1d5974fd48b84c7994291b887ca03571
2016-12-20,47.4,47.4,ft^3/s,Approved,[],2025-03-11T19:58:58.212270+00:00,1d5974fd48b84c7994291b887ca03571
2016-12-21,45.6,45.6,ft^3/s,Approved,[],2025-03-11T19:58:58.212270+00:00,1d5974fd48b84c7994291b887ca03571
2016-12-22,43.5,43.5,ft^3/s,Approved,[],2025-03-11T19:58:58.212270+00:00,1d5974fd48b84c7994291b887ca03571
2016-12-23,43.5,43.5,ft^3/s,Approved,[],2025-03-11T19:58:58.212270+00:00,1d5974fd48b84c7994291b887ca03571
2016-12-24,43.4,43.4,ft^3/s,Approved,[],2025-03-11T19:58:58.212270+00:00,1d5974fd48b84c7994291b887ca03571
2016-12-25,43.2,43.2,ft^3/s,Approved,[],2025-03-11T19:58:58.212270+00:00,1d5974fd48b84c7994291b887ca03571
2016-12-26,42.1,42.1,ft^3/s,Approved,[],2025-03-11T19:58:58.212270+00:00,1d5974fd48b84c7994291b887ca03571
2016-12-27,40.8,40.8,ft^3/s,Approved,[],2025-03-11T19:58:58.212270+00:00,1d5974fd48b84c7994291b887ca03571
2016-12-28,39.7,39.7,ft^3/s,Approved,[],2025-03-11T19:58:58.212270+00:00,1d5974fd48b84c7994291b887ca03571
2016-12-29,37.3,37.3,ft^3/s,Approved,[],2025-03-11T19:58:58.212270+00:00,1d5974fd48b84c7994291b887ca03571
2016-12-30,37.9,37.9,ft^3/s,Approved,[],2025-03-11T19:58:58.212270+00:00,1d5974fd48b84c7994291b887ca03571
2016-12-31,36.0,36.0,ft^3/s,Approved,[],2025-03-11T19:58:58.212270+00:00,1d5974fd48b84c7994291b887ca03571
2017-01-01,35.6,35.6,ft^3/s,Approved,[],2025-03-11T19:58:58.212270+00:00,1d5974fd48b84c7994291b887ca03571
2017-01-02,63.2,63.2,ft^3/s,Approved,[],2025-03-11T19:58:58.212270+00:00,1d5974fd48b84c7994291b887ca03571
2017-01-03,57.9,57.9,ft^3/s,Approved,[],2025-03-11T19:58:58.212270+00:00,1d5974fd48b84c7994291b887ca03571
2017-01-04,48.1,48.1,ft^3/s,Approved,[],2025-03-11T19:58:58.212270+00:00,1d5974fd48b84c7994291b887ca03571
2017-01-05,41.6,41.6,ft^3/s,Approved,[],2025-03-11T19:58:58.212270+00:00,1d5974fd48b84c7994291b887ca03571
2017-01-06,35.2,35.2,ft^3/s,Approved,[],2025-03-11T19:58:58.212270+00:00,1d5974fd48b84c7994291b887ca03571
2017-01-07,36.1,36.1,ft^3/s,Approved,[],2025-03-11T19:58:58.212270+00:00,1d5974fd48b84c7994291b887ca03571
2017-01-08,35.4,35.4,ft^3/s,Approved,[],2025-03-11T19:58:58.212270+00:00,1d5974fd48b84c7994291b887ca03571
2017-01-09,35.4,35.4,ft^3/s,Approved,[],2025-03-11T19:58:58.212270+00:00,1d5974fd48b84c7994291b887ca03571
2017-01-10,34.7,34.7,ft^3/s,Approved,[],2025-03-11T19:58:58.212270+00:00,1d5974fd48b84c7994291b887ca03571
2017-01-11,34.7,34.7,ft^3/s,Approved,[],2025-03-11T19:58:58.212270+00:00,1d5974fd48b84c7994291b887ca03571
2017-01-12,35.2,35.2,ft^3/s,Approved,[],2025-03-11T19:58:58.212270+00:00,1d5974fd48b84c7994291b887ca03571
2017-01-13,100.0,100,ft^3/s,Approved,[],2025-03-11T19:58:58.212270+00:00,1d5974fd48b84c7994291b887ca03571
2017-01-14,81.0,81.0,ft^3/s,Approved,[],2025-03-11T19:58:58.212270+00:00,1d5974fd48b84c7994291b887ca03571
2017-01-15,74.5,74.5,ft^3/s,Approved,[],2025-03-11T19:58:58.212270+00:00,1d5974fd48b84c7994291b887ca03571
2017-01-16,142.0,142,ft^3/s,Approved,[],2025-03-11T19:58:58.212270+00:00,1d5974fd48b84c7994291b887ca03571
2017-01-17,191.0,191,ft^3/s,Approved,[],2025-03-11T19:58:58.212270+00:00,1d5974fd48b84c7994291b887ca03571
2017-01-18,811.0,811,ft^3/s,Approved,[],2025-03-11T19:58:58.212270+00:00,1d5974fd48b84c7994291b887ca03571
2017-01-19,382.0,382,ft^3/s,Approved,[],2025-03-11T19:58:58.212270+00:00,1d5974fd48b84c7994291b887ca03571
2017-01-20,297.0,297,ft^3/s,Approved,[],2025-03-11T19:58:58.212270+00:00,1d5974fd48b84c7994291b887ca03571
2017-01-21,231.0,231,ft^3/s,Approved,[],2025-03-11T19:58:58.212270+00:00,1d5974fd48b84c7994291b887ca03571
2017-01-22,140.0,140,ft^3/s,Approved,[],2025-03-11T19:58:58.212270+00:00,1d5974fd48b84c7994291b887ca03571
2017-01-23,117.0,117,ft^3/s,Approved,[],2025-03-11T19:58:58.212270+00:00,1d5974fd48b84c7994291b887ca03571
2017-01-24,105.0,105,ft^3/s,Approved,[],2025-03-11T19:58:58.212270+00:00,1d5974fd48b84c7994291b887ca03571
2017-01-25,95.1,95.1,ft^3/s,Approved,[],2025-03-11T19:58:58.212270+00:00,1d5974fd48b84c7994291b887ca03571
2017-01-26,87.7,87.7,ft^3/s,Approved,[],2025-03-11T19:58:58.212270+00:00,1d5974fd48b84c7994291b887ca03571
2017-01-27,82.0,82.0,ft^3/s,Approved,[],2025-03-11T19:58:58.212270+00:00,1d5974fd48b84c7994291b887ca03571
2017-01-28,78.5,78.5,ft^3/s,Approved,[],2025-03-11T19:58:58.212270+00:00,1d5974fd48b84c7994291b887ca03571
2017-01-29,74.5,74.5,ft^3/s,Approved,[],2025-03-11T19:58:58.212270+00:00,1d5974fd48b84c7994291b887ca03571
2017-01-30,73.0,73.0,ft^3/s,Approved,[],2025-03-11T19:58:58.212270+00:00,1d5974fd48b84c7994291b887ca03571
2017-01-31,69.6,69.6,ft^3/s,Approved,[],2025-03-11T19:58:58.212270+00:00,1d5974fd48b84c7994291b887ca03571
2017-02-01,67.3,67.3,ft^3/s,Approved,[],2025-03-11T19:58:58.212270+00:00,1d5974fd48b84c7994291b887ca03571
2017-02-02,62.3,62.3,ft^3/s,Approved,[],2025-03-11T19:58:58.212270+00:00,1d5974fd48b84c7994291b887ca03571
2017-02-03,60.3,60.3,ft^3/s,Approved,[],2025-03-11T19:58:58.212270+00:00,1d5974fd48b84c7994291b887ca03571
2017-02-04,61.0,61.0,ft^3/s,Approved,[],2025-03-11T19:58:58.212270+00:00,1d5974fd48b84c7994291b887ca03571
2017-02-05,60.9,60.9,ft^3/s,Approved,[],2025-03-11T19:58:58.212270+00:00,1d5974fd48b84c7994291b887ca03571
2017-02-06,61.0,61.0,ft^3/s,Approved,[],2025-03-11T19:58:58.212270+00:00,1d5974fd48b84c7994291b887ca03571
2017-02-07,59.7,59.7,ft^3/s,Approved,[],2025-03-11T19:58:58.212270+00:00,1d5974fd48b84c7994291b887ca03571
2017-02-08,56.1,56.1,ft^3/s,Approved,[],2025-03-11T19:58:58.212270+00:00,1d5974fd48b84c7994291b887ca03571
2017-02-09,52.9,52.9,ft^3/s,Approved,[],2025-03-11T19:58:58.212270+00:00,1d5974fd48b84c7994291b887ca03571
2017-02-10,53.5,53.5,ft^3/s,Approved,[],2025-03-11T19:58:58.212270+00:00,1d5974fd48b84c7994291b887ca03571
2017-02-11,52.9,52.9,ft^3/s,Approved,[],2025-03-11T19:58:58.212270+00:00,1d5974fd48b84c7994291b887ca03571
2017-02-12,51.7,51.7,ft^3/s,Approved,[],2025-03-11T19:58:58.212270+00:00,1d5974fd48b84c7994291b887ca03571
2017-02-13,50.7,50.7,ft^3/s,Approved,[],2025-03-11T19:58:58.212270+00:00,1d5974fd48b84c7994291b887ca03571
2017-02-14,147.0,147,ft^3/s,Approved,[],2025-03-11T19:58:58.212270+00:00,1d5974fd48b84c7994291b887ca03571
2017-02-15,111.0,111,ft^3/s,Approved,[],2025-03-11T19:58:58.212270+00:00,1d5974fd48b84c7994291b887ca03571
2017-02-16,85.7,85.7,ft^3/s,Approved,[],2025-03-11T19:58:58.212270+00:00,1d5974fd48b84c7994291b887ca03571
2017-02-17,73.1,73.1,ft^3/s,Approved,[],2025-03-11T19:58:58.212270+00:00,1d5974fd48b84c7994291b887ca03571
2017-02-18,66.3,66.3,ft^3/s,Approved,[],2025-03-11T19:58:58.212270+00:00,1d5974fd48b84c7994291b887ca03571
2017-02-19,62.7,62.7,ft^3/s,Approved,[],2025-03-11T19:58:58.212270+00:00,1d5974fd48b84c7994291b887ca03571
2017-02-20,382.0,382,ft^3/s,Approved,[],2025-03-11T19:58:58.212270+00:00,1d5974fd48b84c7994291b887ca03571
2017-02-21,237.0,237,ft^3/s,Approved,[],2025-03-11T19:58:58.212270+00:00,1d5974fd48b84c7994291b887ca03571
2017-02-22,145.0,145,ft^3/s,Approved,[],2025-03-11T19:58:58.212270+00:00,1d5974fd48b84c7994291b887ca03571
2017-02-23,115.0,115,ft^3/s,Approved,[],2025-03-11T19:58:58.212270+00:00,1d5974fd48b84c7994291b887ca03571
2017-02-24,97.8,97.8,ft^3/s,Approved,[],2025-03-11T19:58:58.212270+00:00,1d5974fd48b84c7994291b887ca03571
2017-02-25,86.9,86.9,ft^3/s,Approved,[],2025-03-11T19:58:58.212270+00:00,1d5974fd48b84c7994291b887ca03571
2017-02-26,83.2,83.2,ft^3/s,Approved,[],2025-03-11T19:58:58.212270+00:00,1d5974fd48b84c7994291b887ca03571
2017-02-27,79.9,79.9,ft^3/s,Approved,[],2025-03-11T19:58:58.212270+00:00,1d5974fd48b84c7994291b887ca03571
2017-02-28,76.7,76.7,ft^3/s,Approved,[],2025-03-11T19:58:58.212270+00:00,1d5974fd48b84c7994291b887ca03571
2017-03-01,70.4,70.4,ft^3/s,Approved,[],2025-03-11T19:58:58.212270+00:00,1d5974fd48b84c7994291b887ca03571
2017-03-02,66.7,66.7,ft^3/s,Approved,[],2025-03-11T19:58:58.212270+00:00,1d5974fd48b84c7994291b887ca03571
2017-03-03,64.0,64.0,ft^3/s,Approved,[],2025-03-11T19:58:58.212270+00:00,1d5974fd48b84c7994291b887ca03571
2017-03-04,95.3,95.3,ft^3/s,Approved,[],2025-03-11T19:58:58.212270+00:00,1d5974fd48b84c7994291b887ca03571
2017-03-05,132.0,132,ft^3/s,Approved,[],2025-03-11T19:58:58.212270+00:00,1d5974fd48b84c7994291b887ca03571
2017-03-06,112.0,112,ft^3/s,Approved,[],2025-03-11T19:58:58.212270+00:00,1d5974fd48b84c7994291b887ca03571
2017-03-07,91.5,91.5,ft^3/s,Approved,[],2025-03-11T19:58:58.212270+00:00,1d5974fd48b84c7994291b887ca03571
2017-03-08,80.2,80.2,ft^3/s,Approved,[],2025-03-11T19:58:58.212270+00:00,1d5974fd48b84c7994291b887ca03571
2017-03-09,75.7,75.7,ft^3/s,Approved,[],2025-03-11T19:58:58.212270+00:00,1d5974fd48b84c7994291b887ca03571
2017-03-10,71.6,71.6,ft^3/s,Approved,[],2025-03-11T19:58:58.212270+00:00,1d5974fd48b84c7994291b887ca03571
2017-03-11,111.0,111,ft^3/s,Approved,[],2025-03-11T19:58:58.212270+00:00,1d5974fd48b84c7994291b887ca03571
2017-03-12,142.0,142,ft^3/s,Approved,[],2025-03-11T19:58:58.212270+00:00,1d5974fd48b84c7994291b887ca03571
2017-03-13,112.0,112,ft^3/s,Approved,[],2025-03-11T19:58:58.212270+00:00,1d5974fd48b84c7994291b887ca03571
2017-03-14,93.5,93.5,ft^3/s,Approved,[],2025-03-11T19:58:58.212270+00:00,1d5974fd48b84c7994291b887ca03571
2017-03-15,82.4,82.4,ft^3/s,Approved,[],2025-03-11T19:58:58.212270+00:00,1d5974fd48b84c7994291b887ca03571
2017-03-16,77.0,77.0,ft^3/s,Approved,[],2025-03-11T19:58:58.212270+00:00,1d5974fd48b84c7994291b887ca03571
2017-03-17,73.2,73.2,ft^3/s,Approved,[],2025-03-11T19:58:58.212270+00:00,1d5974fd48b84c7994291b887ca03571
2017-03-18,69.8,69.8,ft^3/s,Approved,[],2025-03-11T19:58:58.212270+00:00,1d5974fd48b84c7994291b887ca03571
2017-03-19,68.0,68.0,ft^3/s,Approved,[],2025-03-11T19:58:58.212270+00:00,1d5974fd48b84c7994291b887ca03571
2017-03-20,63.7,63.7,ft^3/s,Approved,[],2025-03-11T19:58:58.212270+00:00,1d5974fd48b84c7994291b887ca03571
2017-03-21,60.1,60.1,ft^3/s,Approved,[],2025-03-11T19:58:58.212270+00:00,1d5974fd48b84c7994291b887ca03571
2017-03-22,57.6,57.6,ft^3/s,Approved,[],2025-03-11T19:58:58.212270+00:00,1d5974fd48b84c7994291b887ca03571
2017-03-23,55.6,55.6,ft^3/s,Approved,[],2025-03-11T19:58:58.212270+00:00,1d5974fd48b84c7994291b887ca03571
2017-03-24,54.7,54.7,ft^3/s,Approved,[],2025-03-11T19:58:58.212270+00:00,1d5974fd48b84c7994291b887ca03571
2017-03-25,56.8,56.8,ft^3/s,Approved,[],2025-03-11T19:58:58.212270+00:00,1d5974fd48b84c7994291b887ca03571
2017-03-26,54.4,54.4,ft^3/s,Approved,[],2025-03-11T19:58:58.212270+00:00,1d5974fd48b84c7994291b887ca03571
2017-03-27,54.4,54.4,ft^3/s,Approved,[],2025-03-11T19:58:58.212270+00:00,1d5974fd48b84c7994291b887ca03571
2017-03-28,52.8,52.8,ft^3/s,Approved,[],2025-03-11T19:58:58.212270+00:00,1d5974fd48b84c7994291b887ca03571
2017-03-29,163.0,163,ft^3/s,Approved,[],2025-03-11T19:58:58.212270+00:00,1d5974fd48b84c7994291b887ca03571
2017-03-30,99.8,99.8,ft^3/s,Approved,[],2025-03-11T19:58:58.212270+00:00,1d5974fd48b84c7994291b887ca03571
2017-03-31,75.6,75.6,ft^3/s,Approved,[],2025-03-11T19:58:58.212270+00:00,1d5974fd48b84c7994291b887ca03571
2017-04-01,63.9,63.9,ft^3/s,Approved,[],2025-03-11T19:58:58.212270+00:00,1d5974fd48b84c7994291b887ca03571
2017-04-02,98.9,98.9,ft^3/s,Approved,[],2025-03-11T19:58:58.212270+00:00,1d5974fd48b84c7994291b887ca03571
2017-04-03,98.2,98.2,ft^3/s,Approved,[],2025-03-11T19:58:58.212270+00:00,1d5974fd48b84c7994291b887ca03571
2017-04-04,75.6,75.6,ft^3/s,Approved,[],2025-03-11T19:58:58.212270+00:00,1d5974fd48b84c7994291b887ca03571
2017-04-05,60.8,60.8,ft^3/s,Approved,[],2025-03-11T19:58:58.212270+00:00,1d5974fd48b84c7994291b887ca03571
2017-04-06,55.7,55.7,ft^3/s,Approved,[],2025-03-11T19:58:58.212270+00:00,1d5974fd48b84c7994291b887ca03571
2017-04-07,51.8,51.8,ft^3/s,Approved,[],2025-03-11T19:58:58.212270+00:00,1d5974fd48b84c7994291b887ca03571
2017-04-08,49.3,49.3,ft^3/s,Approved,[],2025-03-11T19:58:58.212270+00:00,1d5974fd48b84c7994291b887ca03571
2017-04-09,47.2,47.2,ft^3/s,Approved,[],2025-03-11T19:58:58.212270+00:00,1d5974fd48b84c7994291b887ca03571
2017-04-10,51.6,51.6,ft^3/s,Approved,[],2025-03-11T19:58:58.212270+00:00,1d5974fd48b84c7994291b887ca03571
2017-04-11,131.0,131,ft^3/s,Approved,[],2025-03-11T19:58:58.212270+00:00,1d5974fd48b84c7994291b887ca03571
2017-04-12,123.0,123,ft^3/s,Approved,[],2025-03-11T19:58:58.212270+00:00,1d5974fd48b84c7994291b887ca03571
2017-04-13,87.6,87.6,ft^3/s,Approved,[],2025-03-11T19:58:58.212270+00:00,1d5974fd48b84c7994291b887ca03571
2017-04-14,69.0,69.0,ft^3/s,Approved,[],2025-03-11T19:58:58.212270+00:00,1d5974fd48b84c7994291b887ca03571
2017-04-15,59.5,59.5,ft^3/s,Approved,[],2025-03-11T19:58:58.212270+00:00,1d5974fd48b84c7994291b887ca03571
2017-04-16,53.9,53.9,ft^3/s,Approved,[],2025-03-11T19:58:58.212270+00:00,1d5974fd48b84c7994291b887ca03571
2017-04-17,50.7,50.7,ft^3/s,Approved,[],2025-03-11T19:58:58.212270+00:00,1d5974fd48b84c7994291b887ca03571
2017-04-18,66.1,66.1,ft^3/s,Approved,[],2025-03-11T19:58:58.212270+00:00,1d5974fd48b84c7994291b887ca03571
2017-04-19,54.3,54.3,ft^3/s,Approved,[],2025-03-11T19:58:58.212270+00:00,1d5974fd48b84c7994291b887ca03571
2017-04-20,48.0,48.0,ft^3/s,Approved,[],2025-03-11T19:58:58.212270+00:00,1d5974fd48b84c7994291b887ca03571
2017-04-21,43.8,43.8,ft^3/s,Approved,[],2025-03-11T19:58:58.212270+00:00,1d5974fd48b84c7994291b887ca03571
2017-04-22,40.6,40.6,ft^3/s,Approved,[],2025-03-11T19:58:58.212270+00:00,1d5974fd48b84c7994291b887ca03571
2017-04-23,38.7,38.7,ft^3/s,Approved,[],2025-03-11T19:58:58.212270+00:00,1d5974fd48b84c7994291b887ca03571
2017-04-24,37.0,37.0,ft^3/s,Approved,[],2025-03-11T19:58:58.212270+00:00,1d5974fd48b84c7994291b887ca03571
2017-04-25,35.4,35.4,ft^3/s,Approved,[],2025-03-11T19:58:58.212270+00:00,1d5974fd48b84c7994291b887ca03571
2017-04-26,33.6,33.6,ft^3/s,Approved,[],2025-03-11T19:58:58.212270+00:00,1d5974fd48b84c7994291b887ca03571
2017-04-27,31.8,31.8,ft^3/s,Approved,[],2025-03-11T19:58:58.212270+00:00,1d5974fd48b84c7994291b887ca03571
2017-04-28,31.0,31.0,ft^3/s,Approved,[],2025-03-11T19:58:58.212270+00:00,1d5974fd48b84c7994291b887ca03571
2017-04-29,30.5,30.5,ft^3/s,Approved,[],2025-03-11T19:58:58.212270+00:00,1d5974fd48b84c7994291b887ca03571
2017-04-30,30.4,30.4,ft^3/s,Approved,[],2025-03-11T19:58:58.212270+00:00,1d5974fd48b84c7994291b887ca03571
2017-05-01,28.4,28.4,ft^3/s,Approved,[],2025-03-11T19:58:58.212270+00:00,1d5974fd48b84c7994291b887ca03571
2017-05-02,27.3,27.3,ft^3/s,Approved,[],2025-03-11T19:58:58.212270+00:00,1d5974fd48b84c7994291b887ca03571
2017-05-03,26.0,26.0,ft^3/s,Approved,[],2025-03-11T19:58:58.212270+00:00,1d5974fd48b84c7994291b887ca03571
2017-05-04,23.9,23.9,ft^3/s,Approved,[],2025-03-11T19:58:58.212270+00:00,1d5974fd48b84c7994291b887ca03571
2017-05-05,23.4,23.4,ft^3/s,Approved,[],2025-03-11T19:58:58.212270+00:00,1d5974fd48b84c7994291b887ca03571
2017-05-06,23.3,23.3,ft^3/s,Approved,[],2025-03-11T19:58:58.212270+00:00,1d5974fd48b84c7994291b887ca03571
2017-05-07,24.0,24.0,ft^3/s,Approved,[],2025-03-11T19:58:58.212270+00:00,1d5974fd48b84c7994291b887ca03571
2017-05-08,23.0,23.0,ft^3/s,Approved,[],2025-03-11T19:58:58.212270+00:00,1d5974fd48b84c7994291b887ca03571
2017-05-09,24.3,24.3,ft^3/s,Approved,[],2025-03-11T19:58:58.212270+00:00,1d5974fd48b84c7994291b887ca03571
2017-05-10,23.9,23.9,ft^3/s,Approved,[],2025-03-11T19:58:58.212270+00:00,1d5974fd48b84c7994291b887ca03571
2017-05-11,24.5,24.5,ft^3/s,Approved,[],2025-03-11T19:58:58.212270+00:00,1d5974fd48b84c7994291b887ca03571
2017-05-12,23.6,23.6,ft^3/s,Approved,[],2025-03-11T19:58:58.212270+00:00,1d5974fd48b84c7994291b887ca03571
2017-05-13,20.6,20.6,ft^3/s,Approved,[],2025-03-11T19:58:58.212270+00:00,1d5974fd48b84c7994291b887ca03571
2017-05-14,19.7,19.7,ft^3/s,Approved,[],2025-03-11T19:58:58.212270+00:00,1d5974fd48b84c7994291b887ca03571
2017-05-15,19.1,19.1,ft^3/s,Approved,[],2025-03-11T19:58:58.212270+00:00,1d5974fd48b84c7994291b887ca03571
2017-05-16,18.8,18.8,ft^3/s,Approved,[],2025-03-11T19:58:58.212270+00:00,1d5974fd48b84c7994291b887ca03571
2017-05-17,19.0,19.0,ft^3/s,Approved,[],2025-03-11T19:58:58.212270+00:00,1d5974fd48b84c7994291b887ca03571
2017-05-18,18.8,18.8,ft^3/s,Approved,[],2025-03-11T19:58:58.212270+00:00,1d5974fd48b84c7994291b887ca03571
2017-05-19,19.0,19.0,ft^3/s,Approved,[],2025-03-11T19:58:58.212270+00:00,1d5974fd48b84c7994291b887ca03571
2017-05-20,124.0,124,ft^3/s,Approved,[],2025-03-11T19:58:58.212270+00:00,1d5974fd48b84c7994291b887ca03571
2017-05-21,146.0,146,ft^3/s,Approved,[],2025-03-11T19:58:58.212270+00:00,1d5974fd48b84c7994291b887ca03571
2017-05-22,86.5,86.5,ft^3/s,Approved,[],2025-03-11T19:58:58.212270+00:00,1d5974fd48b84c7994291b887ca03571
2017-05-23,97.9,97.9,ft^3/s,Approved,[],2025-03-11T19:58:58.212270+00:00,1d5974fd48b84c7994291b887ca03571
2017-05-24,75.9,75.9,ft^3/s,Approved,[],2025-03-11T19:58:58.212270+00:00,1d5974fd48b84c7994291b887ca03571
2017-05-25,53.7,53.7,ft^3/s,Approved,[],2025-03-11T19:58:58.212270+00:00,1d5974fd48b84c7994291b887ca03571
2017-05-26,41.2,41.2,ft^3/s,Approved,[],2025-03-11T19:58:58.212270+00:00,1d5974fd48b84c7994291b887ca03571
2017-05-27,35.6,35.6,ft^3/s,Approved,[],2025-03-11T19:58:58.212270+00:00,1d5974fd48b84c7994291b887ca03571
2017-05-28,38.4,38.4,ft^3/s,Approved,[],2025-03-11T19:58:58.212270+00:00,1d5974fd48b84c7994291b887ca03571
2017-05-29,74.0,74.0,ft^3/s,Approved,[],2025-03-11T19:58:58.212270+00:00,1d5974fd48b84c7994291b887ca03571
2017-05-30,64.4,64.4,ft^3/s,Approved,[],2025-03-11T19:58:58.212270+00:00,1d5974fd48b84c7994291b887ca03571
2017-05-31,48.3,48.3,ft^3/s,Approved,[],2025-03-11T19:58:58.212270+00:00,1d5974fd48b84c7994291b887ca03571
2017-06-01,38.5,38.5,ft^3/s,Approved,[],2025-03-11T19:58:58.212270+00:00,1d5974fd48b84c7994291b887ca03571
2017-06-02,37.2,37.2,ft^3/s,Approved,[],2025-03-11T19:58:58.212270+00:00,1d5974fd48b84c7994291b887ca03571
2017-06-03,42.7,42.7,ft^3/s,Approved,[],2025-03-11T19:58:58.212270+00:00,1d5974fd48b84c7994291b887ca03571
2017-06-04,105.0,105,ft^3/s,Approved,[],2025-03-11T19:58:58.212270+00:00,1d5974fd48b84c7994291b887ca03571
2017-06-05,103.0,103,ft^3/s,Approved,[],2025-03-11T19:58:58.212270+00:00,1d5974fd48b84c7994291b887ca03571
2017-06-06,206.0,206,ft^3/s,Approved,[],2025-03-11T19:58:58.212270+00:00,1d5974fd48b84c7994291b887ca03571
2017-06-07,109.0,109,ft^3/s,Approved,[],2025-03-11T19:58:58.212270+00:00,1d5974fd48b84c7994291b887ca03571
2017-06-08,67.8,67.8,ft^3/s,Approved,[],2025-03-11T19:58:58.212270+00:00,1d5974fd48b84c7994291b887ca03571
2017-06-09,52.5,52.5,ft^3/s,Approved,[],2025-03-11T19:58:58.212270+00:00,1d5974fd48b84c7994291b887ca03571
2017-06-10,43.0,43.0,ft^3/s,Approved,[],2025-03-11T19:58:58.212270+00:00,1d5974fd48b84c7994291b887ca03571
2017-06-11,36.7,36.7,ft^3/s,Approved,[],2025-03-11T19:58:58.212270+00:00,1d5974fd48b84c7994291b887ca03571
2017-06-12,32.0,32.0,ft^3/s,Approved,[],2025-03-11T19:58:58.212270+00:00,1d5974fd48b84c7994291b887ca03571
2017-06-13,28.5,28.5,ft^3/s,Approved,[],2025-03-11T19:58:58.212270+00:00,1d5974fd48b84c7994291b887ca03571
2017-06-14,25.0,25.0,ft^3/s,Approved,[],2025-03-11T19:58:58.212270+00:00,1d5974fd48b84c7994291b887ca03571
2017-06-15,23.7,23.7,ft^3/s,Approved,[],2025-03-11T19:58:58.212270+00:00,1d5974fd48b84c7994291b887ca03571
2017-06-16,22.2,22.2,ft^3/s,Approved,[],2025-03-11T19:58:58.212270+00:00,1d5974fd48b84c7994291b887ca03571
2017-06-17,21.0,21.0,ft^3/s,Approved,[],2025-03-11T19:58:58.212270+00:00,1d5974fd48b84c7994291b887ca03571
2017-06-18,19.8,19.8,ft^3/s,Approved,[],2025-03-11T19:58:58.212270+00:00,1d5974fd48b84c7994291b887ca03571
2017-06-19,18.6,18.6,ft^3/s,Approved,[],2025-03-11T19:58:58.212270+00:00,1d5974fd48b84c7994291b887ca03571
2017-06-20,17.5,17.5,ft^3/s,Approved,[],2025-03-11T19:58:58.212270+00:00,1d5974fd48b84c7994291b887ca03571
2017-06-21,17.0,17.0,ft^3/s,Approved,[],2025-03-11T19:58:58.212270+00:00,1d5974fd48b84c7994291b887ca03571
2017-06-22,15.8,15.8,ft^3/s,Approved,[],2025-03-11T19:58:58.212270+00:00,1d5974fd48b84c7994291b887ca03571
2017-06-23,14.8,14.8,ft^3/s,Approved,[],2025-03-11T19:58:58.212270+00:00,1d5974fd48b84c7994291b887ca03571
2017-06-24,35.8,35.8,ft^3/s,Approved,[],2025-03-11T19:58:58.212270+00:00,1d5974fd48b84c7994291b887ca03571
2017-06-25,38.6,38.6,ft^3/s,Approved,[],2025-03-11T19:58:58.212270+00:00,1d5974fd48b84c7994291b887ca03571
2017-06-26,54.5,54.5,ft^3/s,Approved,[],2025-03-11T19:58:58.212270+00:00,1d5974fd48b84c7994291b887ca03571
2017-06-27,39.7,39.7,ft^3/s,Approved,[],2025-03-11T19:58:58.212270+00:00,1d5974fd48b84c7994291b887ca03571
2017-06-28,30.1,30.1,ft^3/s,Approved,[],2025-03-11T19:58:58.212270+00:00,1d5974fd48b84c7994291b887ca03571
2017-06-29,22.8,22.8,ft^3/s,Approved,[],2025-03-11T19:58:58.212270+00:00,1d5974fd48b84c7994291b887ca03571
2017-06-30,19.1,19.1,ft^3/s,Approved,[],2025-03-11T19:58:58.212270+00:00,1d5974fd48b84c7994291b887ca03571
2017-07-01,16.5,16.5,ft^3/s,Approved,[],2025-03-11T19:58:58.212270+00:00,1d5974fd48b84c7994291b887ca03571
2017-07-02,14.6,14.6,ft^3/s,Approved,[],2025-03-11T19:58:58.212270+00:00,1d5974fd48b84c7994291b887ca03571
2017-07-03,14.0,14.0,ft^3/s,Approved,[],2025-03-11T19:58:58.212270+00:00,1d5974fd48b84c7994291b887ca03571
2017-07-04,12.7,12.7,ft^3/s,Approved,[],2025-03-11T19:58:58.212270+00:00,1d5974fd48b84c7994291b887ca03571
2017-07-05,10.9,10.9,ft^3/s,Approved,[],2025-03-11T19:58:58.212270+00:00,1d5974fd48b84c7994291b887ca03571
2017-07-06,12.0,12.0,ft^3/s,Approved,[],2025-03-11T19:58:58.212270+00:00,1d5974fd48b84c7994291b887ca03571
2017-07-07,11.5,11.5,ft^3/s,Approved,[],2025-03-11T19:58:58.212270+00:00,1d5974fd48b84c7994291b887ca03571
2017-07-08,10.3,10.3,ft^3/s,Approved,[],2025-03-11T19:58:58.212270+00:00,1d5974fd48b84c7994291b887ca03571
2017-07-09,9.15,9.15,ft^3/s,Approved,[],2025-03-11T19:58:58.212270+00:00,1d5974fd48b84c7994291b887ca03571
2017-07-10,8.43,8.43,ft^3/s,Approved,[],2025-03-11T19:58:58.212270+00:00,1d5974fd48b84c7994291b887ca03571
2017-07-11,6.98,6.98,ft^3/s,Approved,[],2025-03-11T19:58:58.212270+00:00,1d5974fd48b84c7994291b887ca03571
2017-07-12,6.96,6.96,ft^3/s,Approved,[],2025-03-11T19:58:58.212270+00:00,1d5974fd48b84c7994291b887ca03571
2017-07-13,6.63,6.63,ft^3/s,Approved,[],2025-03-11T19:58:58.212270+00:00,1d5974fd48b84c7994291b887ca03571
2017-07-14,6.47,6.47,ft^3/s,Approved,[],2025-03-11T19:58:58.212270+00:00,1d5974fd48b84c7994291b887ca03571
2017-07-15,36.8,36.8,ft^3/s,Approved,[],2025-03-11T19:58:58.212270+00:00,1d5974fd48b84c7994291b887ca03571
2017-07-16,43.5,43.5,ft^3/s,Approved,[],2025-03-11T19:58:58.212270+00:00,1d5974fd48b84c7994291b887ca03571
2017-07-17,33.6,33.6,ft^3/s,Approved,[],2025-03-11T19:58:58.212270+00:00,1d5974fd48b84c7994291b887ca03571
2017-07-18,22.0,22.0,ft^3/s,Approved,[],2025-03-11T19:58:58.212270+00:00,1d5974fd48b84c7994291b887ca03571
2017-07-19,16.0,16.0,ft^3/s,Approved,[],2025-03-11T19:58:58.212270+00:00,1d5974fd48b84c7994291b887ca03571
2017-07-20,13.0,13.0,ft^3/s,Approved,[],2025-03-11T19:58:58.212270+00:00,1d5974fd48b84c7994291b887ca03571
2017-07-21,11.6,11.6,ft^3/s,Approved,[],2025-03-11T19:58:58.212270+00:00,1d5974fd48b84c7994291b887ca03571
2017-07-22,9.81,9.81,ft^3/s,Approved,[],2025-03-11T19:58:58.212270+00:00,1d5974fd48b84c7994291b887ca03571
2017-07-23,8.02,8.02,ft^3/s,Approved,[],2025-03-11T19:58:58.212270+00:00,1d5974fd48b84c7994291b887ca03571
2017-07-24,38.4,38.4,ft^3/s,Approved,[],2025-03-11T19:58:58.212270+00:00,1d5974fd48b84c7994291b887ca03571
2017-07-25,119.0,119,ft^3/s,Approved,[],2025-03-11T19:58:58.212270+00:00,1d5974fd48b84c7994291b887ca03571
2017-07-26,47.6,47.6,ft^3/s,Approved,[],2025-03-11T19:58:58.212270+00:00,1d5974fd48b84c7994291b887ca03571
2017-07-27,27.5,27.5,ft^3/s,Approved,[],2025-03-11T19:58:58.212270+00:00,1d5974fd48b84c7994291b887ca03571
2017-07-28,21.6,21.6,ft^3/s,Approved,[],2025-03-11T19:58:58.212270+00:00,1d5974fd48b84c7994291b887ca03571
2017-07-29,16.7,16.7,ft^3/s,Approved,[],2025-03-11T19:58:58.212270+00:00,1d5974fd48b84c7994291b887ca03571
2017-07-30,13.0,13.0,ft^3/s,Approved,[],2025-03-11T19:58:58.212270+00:00,1d5974fd48b84c7994291b887ca03571
2017-07-31,11.1,11.1,ft^3/s,Approved,[],2025-03-11T19:58:58.212270+00:00,1d5974fd48b84c7994291b887ca03571
2017-08-01,9.38,9.38,ft^3/s,Approved,[],2025-03-11T19:58:58.212270+00:00,1d5974fd48b84c7994291b887ca03571
2017-08-02,8.78,8.78,ft^3/s,Approved,[],2025-03-11T19:58:58.212270+00:00,1d5974fd48b84c7994291b887ca03571
2017-08-03,119.0,119,ft^3/s,Approved,[],2025-03-11T19:58:58.212270+00:00,1d5974fd48b84c7994291b887ca03571
2017-08-04,155.0,155,ft^3/s,Approved,[],2025-03-11T19:58:58.212270+00:00,1d5974fd48b84c7994291b887ca03571
2017-08-05,81.8,81.8,ft^3/s,Approved,[],2025-03-11T19:58:58.212270+00:00,1d5974fd48b84c7994291b887ca03571
2017-08-06,40.2,40.2,ft^3/s,Approved,[],2025-03-11T19:58:58.212270+00:00,1d5974fd48b84c7994291b887ca03571
2017-08-07,719.0,719,ft^3/s,Approved,[],2025-03-11T19:58:58.212270+00:00,1d5974fd48b84c7994291b887ca03571
2017-08-08,369.0,369,ft^3/s,Approved,[],2025-03-11T19:58:58.212270+00:00,1d5974fd48b84c7994291b887ca03571
2017-08-09,277.0,277,ft^3/s,Approved,[],2025-03-11T19:58:58.212270+00:00,1d5974fd48b84c7994291b887ca03571
2017-08-10,215.0,215,ft^3/s,Approved,[],2025-03-11T19:58:58.212270+00:00,1d5974fd48b84c7994291b887ca03571
2017-08-11,100.0,100,ft^3/s,Approved,[],2025-03-11T19:58:58.212270+00:00,1d5974fd48b84c7994291b887ca03571
2017-08-12,66.0,66.0,ft^3/s,Approved,[],2025-03-11T19:58:58.212270+00:00,1d5974fd48b84c7994291b887ca03571
2017-08-13,57.2,57.2,ft^3/s,Approved,[],2025-03-11T19:58:58.212270+00:00,1d5974fd48b84c7994291b887ca03571
2017-08-14,56.4,56.4,ft^3/s,Approved,[],2025-03-11T19:58:58.212270+00:00,1d5974fd48b84c7994291b887ca03571
2017-08-15,47.4,47.4,ft^3/s,Approved,[],2025-03-11T19:58:58.212270+00:00,1d5974fd48b84c7994291b887ca03571
2017-08-16,40.7,40.7,ft^3/s,Approved,[],2025-03-11T19:58:58.212270+00:00,1d5974fd48b84c7994291b887ca03571
2017-08-17,34.0,34.0,ft^3/s,Approved,[],2025-03-11T19:58:58.212270+00:00,1d5974fd48b84c7994291b887ca03571
2017-08-18,24.6,24.6,ft^3/s,Approved,[],2025-03-11T19:58:58.212270+00:00,1d5974fd48b84c7994291b887ca03571
2017-08-19,23.4,23.4,ft^3/s,Approved,[],2025-03-11T19:58:58.212270+00:00,1d5974fd48b84c7994291b887ca03571
2017-08-20,21.4,21.4,ft^3/s,Approved,[],2025-03-11T19:58:58.212270+00:00,1d5974fd48b84c7994291b887ca03571
2017-08-21,20.0,20.0,ft^3/s,Approved,[],2025-03-11T19:58:58.212270+00:00,1d5974fd48b84c7994291b887ca03571
2017-08-22,18.3,18.3,ft^3/s,Approved,[],2025-03-11T19:58:58.212270+00:00,1d5974fd48b84c7994291b887ca03571
2017-08-23,16.4,16.4,ft^3/s,Approved,[],2025-03-11T19:58:58.212270+00:00,1d5974fd48b84c7994291b887ca03571
2017-08-24,16.8,16.8,ft^3/s,Approved,[],2025-03-11T19:58:58.212270+00:00,1d5974fd48b84c7994291b887ca03571
2017-08-25,29.5,29.5,ft^3/s,Approved,[],2025-03-11T19:58:58.212270+00:00,1d5974fd48b84c7994291b887ca03571
2017-08-26,562.0,562,ft^3/s,Approved,[],2025-03-11T19:58:58.212270+00:00,1d5974fd48b84c7994291b887ca03571
2017-08-27,1460.0,1460,ft^3/s,Approved,[],2025-03-11T19:58:58.212270+00:00,1d5974fd48b84c7994291b887ca03571
2017-08-28,598.0,598,ft^3/s,Approved,[],2025-03-11T19:58:58.212270+00:00,1d5974fd48b84c7994291b887ca03571
2017-08-29,408.0,408,ft^3/s,Approved,[],2025-03-11T19:58:58.212270+00:00,1d5974fd48b84c7994291b887ca03571
2017-08-30,352.0,352,ft^3/s,Approved,[],2025-03-11T19:58:58.212270+00:00,1d5974fd48b84c7994291b887ca03571
2017-08-31,319.0,319,ft^3/s,Approved,[],2025-03-11T19:58:58.212270+00:00,1d5974fd48b84c7994291b887ca03571
2017-09-01,247.0,247,ft^3/s,Approved,[],2025-03-11T19:58:58.212270+00:00,1d5974fd48b84c7994291b887ca03571
2017-09-02,180.0,180,ft^3/s,Approved,[],2025-03-11T19:58:58.212270+00:00,1d5974fd48b84c7994291b887ca03571
2017-09-03,99.3,99.3,ft^3/s,Approved,[],2025-03-11T19:58:58.212270+00:00,1d5974fd48b84c7994291b887ca03571
2017-09-04,73.8,73.8,ft^3/s,Approved,[],2025-03-11T19:58:58.212270+00:00,1d5974fd48b84c7994291b887ca03571
2017-09-05,63.8,63.8,ft^3/s,Approved,[],2025-03-11T19:58:58.212270+00:00,1d5974fd48b84c7994291b887ca03571
2017-09-06,54.8,54.8,ft^3/s,Approved,[],2025-03-11T19:58:58.212270+00:00,1d5974fd48b84c7994291b887ca03571
2017-09-07,50.4,50.4,ft^3/s,Approved,[],2025-03-11T19:58:58.212270+00:00,1d5974fd48b84c7994291b887ca03571
2017-09-08,47.7,47.7,ft^3/s,Approved,[],2025-03-11T19:58:58.212270+00:00,1d5974fd48b84c7994291b887ca03571
2017-09-09,45.2,45.2,ft^3/s,Approved,[],2025-03-11T19:58:58.212270+00:00,1d5974fd48b84c7994291b887ca03571
2017-09-10,41.8,41.8,ft^3/s,Approved,[],2025-03-11T19:58:58.212270+00:00,1d5974fd48b84c7994291b887ca03571
2017-09-11,39.1,39.1,ft^3/s,Approved,[],2025-03-11T19:58:58.212270+00:00,1d5974fd48b84c7994291b887ca03571
2017-09-12,36.0,36.0,ft^3/s,Approved,[],2025-03-11T19:58:58.212270+00:00,1d5974fd48b84c7994291b887ca03571
2017-09-13,35.2,35.2,ft^3/s,Approved,[],2025-03-11T19:58:58.212270+00:00,1d5974fd48b84c7994291b887ca03571
2017-09-14,34.4,34.4,ft^3/s,Approved,[],2025-03-11T19:58:58.212270+00:00,1d5974fd48b84c7994291b887ca03571
2017-09-15,32.8,32.8,ft^3/s,Approved,[],2025-03-11T19:58:58.212270+00:00,1d5974fd48b84c7994291b887ca03571
2017-09-16,31.7,31.7,ft^3/s,Approved,[],2025-03-11T19:58:58.212270+00:00,1d5974fd48b84c7994291b887ca03571
2017-09-17,30.6,30.6,ft^3/s,Approved,[],2025-03-11T19:58:58.212270+00:00,1d5974fd48b84c7994291b887ca03571
2017-09-18,29.9,29.9,ft^3/s,Approved,[],2025-03-11T19:58:58.212270+00:00,1d5974fd48b84c7994291b887ca03571
2017-09-19,28.6,28.6,ft^3/s,Approved,[],2025-03-11T19:58:58.212270+00:00,1d5974fd48b84c7994291b887ca03571
2017-09-20,28.0,28.0,ft^3/s,Approved,[],2025-03-11T19:58:58.212270+00:00,1d5974fd48b84c7994291b887ca03571
2017-09-21,27.3,27.3,ft^3/s,Approved,[],2025-03-11T19:58:58.212270+00:00,1d5974fd48b84c7994291b887ca03571
2017-09-22,28.4,28.4,ft^3/s,Approved,[],2025-03-11T19:58:58.212270+00:00,1d5974fd48b84c7994291b887ca03571
2017-09-23,30.3,30.3,ft^3/s,Approved,[],2025-03-11T19:58:58.212270+00:00,1d5974fd48b84c7994291b887ca03571
2017-09-24,31.8,31.8,ft^3/s,Approved,[],2025-03-11T19:58:58.212270+00:00,1d5974fd48b84c7994291b887ca03571
2017-09-25,32.2,32.2,ft^3/s,Approved,[],2025-03-11T19:58:58.212270+00:00,1d5974fd48b84c7994291b887ca03571
2017-09-26,54.5,54.5,ft^3/s,Approved,[],2025-03-11T19:58:58.212270+00:00,1d5974fd48b84c7994291b887ca03571
2017-09-27,133.0,133,ft^3/s,Approved,[],2025-03-11T19:58:58.212270+00:00,1d5974fd48b84c7994291b887ca03571
2017-09-28,137.0,137,ft^3/s,Approved,[],2025-03-11T19:58:58.212270+00:00,1d5974fd48b84c7994291b887ca03571
2017-09-29,291.0,291,ft^3/s,Approved,[],2025-03-11T19:58:58.212270+00:00,1d5974fd48b84c7994291b887ca03571
2017-09-30,133.0,133,ft^3/s,Approved,[],2025-03-11T19:58:58.212270+00:00,1d5974fd48b84c7994291b887ca03571
2017-10-01,82.8,82.8,ft^3/s,Approved,[],2025-03-11T19:58:58.212270+00:00,1d5974fd48b84c7994291b887ca03571
2017-10-02,63.3,63.3,ft^3/s,Approved,[],2025-03-11T19:58:58.212270+00:00,1d5974fd48b84c7994291b887ca03571
2017-10-03,106.0,106,ft^3/s,Approved,[],2025-03-11T19:58:58.212270+00:00,1d5974fd48b84c7994291b887ca03571
2017-10-04,120.0,120,ft^3/s,Approved,[],2025-03-11T19:58:58.212270+00:00,1d5974fd48b84c7994291b887ca03571
2017-10-05,90.8,90.8,ft^3/s,Approved,[],2025-03-11T19:58:58.212270+00:00,1d5974fd48b84c7994291b887ca03571
2017-10-06,68.9,68.9,ft^3/s,Approved,[],2025-03-11T19:58:58.212270+00:00,1d5974fd48b84c7994291b887ca03571
2017-10-07,57.8,57.8,ft^3/s,Approved,[],2025-03-11T19:58:58.212270+00:00,1d5974fd48b84c7994291b887ca03571
2017-10-08,51.9,51.9,ft^3/s,Approved,[],2025-03-11T19:58:58.212270+00:00,1d5974fd48b84c7994291b887ca03571
2017-10-09,47.4,47.4,ft^3/s,Approved,[],2025-03-11T19:58:58.212270+00:00,1d5974fd48b84c7994291b887ca03571
2017-10-10,37.8,37.8,ft^3/s,Approved,[],2025-03-11T19:58:58.212270+00:00,1d5974fd48b84c7994291b887ca03571
2017-10-11,38.3,38.3,ft^3/s,Approved,[],2025-03-11T19:58:58.212270+00:00,1d5974fd48b84c7994291b887ca03571
2017-10-12,37.0,37.0,ft^3/s,Approved,[],2025-03-11T19:58:58.212270+00:00,1d5974fd48b84c7994291b887ca03571
2017-10-13,36.9,36.9,ft^3/s,Approved,[],2025-03-11T19:58:58.212270+00:00,1d5974fd48b84c7994291b887ca03571
2017-10-14,36.9,36.9,ft^3/s,Approved,[],2025-03-11T19:58:58.212270+00:00,1d5974fd48b84c7994291b887ca03571
2017-10-15,31.9,31.9,ft^3/s,Approved,[],2025-03-11T19:58:58.212270+00:00,1d5974fd48b84c7994291b887ca03571
2017-10-16,31.3,31.3,ft^3/s,Approved,[],2025-03-11T19:58:58.212270+00:00,1d5974fd48b84c7994291b887ca03571
2017-10-17,31.6,31.6,ft^3/s,Approved,[],2025-03-11T19:58:58.212270+00:00,1d5974fd48b84c7994291b887ca03571
2017-10-18,32.4,32.4,ft^3/s,Approved,[],2025-03-11T19:58:58.212270+00:00,1d5974fd48b84c7994291b887ca03571
2017-10-19,33.1,33.1,ft^3/s,Approved,[],2025-03-11T19:58:58.212270+00:00,1d5974fd48b84c7994291b887ca03571
2017-10-20,29.4,29.4,ft^3/s,Approved,[],2025-03-11T19:58:58.212270+00:00,1d5974fd48b84c7994291b887ca03571
2017-10-21,28.8,28.8,ft^3/s,Approved,[],2025-03-11T19:58:58.212270+00:00,1d5974fd48b84c7994291b887ca03571
2017-10-22,83.3,83.3,ft^3/s,Approved,[],2025-03-11T19:58:58.212270+00:00,1d5974fd48b84c7994291b887ca03571
2017-10-23,61.7,61.7,ft^3/s,Approved,[],2025-03-11T19:58:58.212270+00:00,1d5974fd48b84c7994291b887ca03571
2017-10-24,46.5,46.5,ft^3/s,Approved,[],2025-03-11T19:58:58.212270+00:00,1d5974fd48b84c7994291b887ca03571
2017-10-25,40.8,40.8,ft^3/s,Approved,[],2025-03-11T19:58:58.212270+00:00,1d5974fd48b84c7994291b887ca03571
2017-10-26,35.5,35.5,ft^3/s,Approved,[],2025-03-11T19:58:58.212270+00:00,1d5974fd48b84c7994291b887ca03571
2017-10-27,26.9,26.9,ft^3/s,Approved,[],2025-03-11T19:58:58.212270+00:00,1d5974fd48b84c7994291b887ca03571
2017-10-28,27.5,27.5,ft^3/s,Approved,[],2025-03-11T19:58:58.212270+00:00,1d5974fd48b84c7994291b887ca03571
2017-10-29,28.0,28.0,ft^3/s,Approved,[],2025-03-11T19:58:58.212270+00:00,1d5974fd48b84c7994291b887ca03571
2017-10-30,27.8,27.8,ft^3/s,Approved,[],2025-03-11T19:58:58.212270+00:00,1d5974fd48b84c7994291b887ca03571
2017-10-31,40.3,40.3,ft^3/s,Approved,[],2025-03-11T19:58:58.212270+00:00,1d5974fd48b84c7994291b887ca03571
2017-11-01,51.4,51.4,ft^3/s,Approved,[],2025-03-11T19:58:58.212270+00:00,1d5974fd48b84c7994291b887ca03571
2017-11-02,37.0,37.0,ft^3/s,Approved,[],2025-03-11T19:58:58.212270+00:00,1d5974fd48b84c7994291b887ca03571
2017-11-03,33.7,33.7,ft^3/s,Approved,[],2025-03-11T19:58:58.212270+00:00,1d5974fd48b84c7994291b887ca03571
2017-11-04,31.4,31.4,ft^3/s,Approved,[],2025-03-11T19:58:58.212270+00:00,1d5974fd48b84c7994291b887ca03571
2017-11-05,30.2,30.2,ft^3/s,Approved,[],2025-03-11T19:58:58.212270+00:00,1d5974fd48b84c7994291b887ca03571
2017-11-06,29.1,29.1,ft^3/s,Approved,[],2025-03-11T19:58:58.212270+00:00,1d5974fd48b84c7994291b887ca03571
2017-11-07,26.7,26.7,ft^3/s,Approved,[],2025-03-11T19:58:58.212270+00:00,1d5974fd48b84c7994291b887ca03571
2017-11-08,23.7,23.7,ft^3/s,Approved,[],2025-03-11T19:58:58.212270+00:00,1d5974fd48b84c7994291b887ca03571
2017-11-09,30.2,30.2,ft^3/s,Approved,[],2025-03-11T19:58:58.212270+00:00,1d5974fd48b84c7994291b887ca03571
2017-11-10,29.6,29.6,ft^3/s,Approved,[],2025-03-11T19:58:58.212270+00:00,1d5974fd48b84c7994291b887ca03571
2017-11-11,29.5,29.5,ft^3/s,Approved,[],2025-03-11T19:58:58.212270+00:00,1d5974fd48b84c7994291b887ca03571
2017-11-12,29.2,29.2,ft^3/s,Approved,[],2025-03-11T19:58:58.212270+00:00,1d5974fd48b84c7994291b887ca03571
2017-11-13,28.7,28.7,ft^3/s,Approved,[],2025-03-11T19:58:58.212270+00:00,1d5974fd48b84c7994291b887ca03571
2017-11-14,27.9,27.9,ft^3/s,Approved,[],2025-03-11T19:58:58.212270+00:00,1d5974fd48b84c7994291b887ca03571
2017-11-15,27.8,27.8,ft^3/s,Approved,[],2025-03-11T19:58:58.212270+00:00,1d5974fd48b84c7994291b887ca03571
2017-11-16,26.9,26.9,ft^3/s,Approved,[],2025-03-11T19:58:58.212270+00:00,1d5974fd48b84c7994291b887ca03571
2017-11-17,26.8,26.8,ft^3/s,Approved,[],2025-03-11T19:58:58.212270+00:00,1d5974fd48b84c7994291b887ca03571
2017-11-18,22.7,22.7,ft^3/s,Approved,[],2025-03-11T19:58:58.212270+00:00,1d5974fd48b84c7994291b887ca03571
2017-11-19,23.6,23.6,ft^3/s,Approved,[],2025-03-11T19:58:58.212270+00:00,1d5974fd48b84c7994291b887ca03571
2017-11-20,23.8,23.8,ft^3/s,Approved,[],2025-03-11T19:58:58.212270+00:00,1d5974fd48b84c7994291b887ca03571
2017-11-21,22.8,22.8,ft^3/s,Approved,[],2025-03-11T19:58:58.212270+00:00,1d5974fd48b84c7994291b887ca03571
2017-11-22,19.7,19.7,ft^3/s,Approved,[],2025-03-11T19:58:58.212270+00:00,1d5974fd48b84c7994291b887ca03571
2017-11-23,22.7,22.7,ft^3/s,Approved,[],2025-03-11T19:58:58.212270+00:00,1d5974fd48b84c7994291b887ca03571
2017-11-24,23.4,23.4,ft^3/s,Approved,[],2025-03-11T19:58:58.212270+00:00,1d5974fd48b84c7994291b887ca03571
2017-11-25,22.5,22.5,ft^3/s,Approved,[],2025-03-11T19:58:58.212270+00:00,1d5974fd48b84c7994291b887ca03571
2017-11-26,22.0,22.0,ft^3/s,Approved,[],2025-03-11T19:58:58.212270+00:00,1d5974fd48b84c7994291b887ca03571
2017-11-27,22.1,22.1,ft^3/s,Approved,[],2025-03-11T19:58:58.212270+00:00,1d5974fd48b84c7994291b887ca03571
2017-11-28,24.7,24.7,ft^3/s,Approved,[],2025-03-11T19:58:58.212270+00:00,1d5974fd48b84c7994291b887ca03571
2017-11-29,23.3,23.3,ft^3/s,Approved,[],2025-03-11T19:58:58.212270+00:00,1d5974fd48b84c7994291b887ca03571
2017-11-30,21.6,21.6,ft^3/s,Approved,[],2025-03-11T19:58:58.212270+00:00,1d5974fd48b84c7994291b887ca03571
2017-12-01,21.5,21.5,ft^3/s,Approved,[],2025-03-11T19:58:58.212270+00:00,1d5974fd48b84c7994291b887ca03571
2017-12-02,20.9,20.9,ft^3/s,Approved,[],2025-03-11T19:58:58.212270+00:00,1d5974fd48b84c7994291b887ca03571
2017-12-03,20.9,20.9,ft^3/s,Approved,[],2025-03-11T19:58:58.212270+00:00,1d5974fd48b84c7994291b887ca03571
2017-12-04,21.1,21.1,ft^3/s,Approved,[],2025-03-11T19:58:58.212270+00:00,1d5974fd48b84c7994291b887ca03571
2017-12-05,18.2,18.2,ft^3/s,Approved,[],2025-03-11T19:58:58.212270+00:00,1d5974fd48b84c7994291b887ca03571
2017-12-06,121.0,121,ft^3/s,Approved,[],2025-03-11T19:58:58.212270+00:00,1d5974fd48b84c7994291b887ca03571
2017-12-07,106.0,106,ft^3/s,Approved,[],2025-03-11T19:58:58.212270+00:00,1d5974fd48b84c7994291b887ca03571
2017-12-08,72.2,72.2,ft^3/s,Approved,[],2025-03-11T19:58:58.212270+00:00,1d5974fd48b84c7994291b887ca03571
2017-12-09,51.0,51.0,ft^3/s,Approved,[],2025-03-11T19:58:58.212270+00:00,1d5974fd48b84c7994291b887ca03571
2017-12-10,43.7,43.7,ft^3/s,Approved,[],2025-03-11T19:58:58.212270+00:00,1d5974fd48b84c7994291b887ca03571
2017-12-11,38.8,38.8,ft^3/s,Approved,[],2025-03-11T19:58:58.212270+00:00,1d5974fd48b84c7994291b887ca03571
2017-12-12,33.5,33.5,ft^3/s,Approved,[],2025-03-11T19:58:58.212270+00:00,1d5974fd48b84c7994291b887ca03571
2017-12-13,33.3,33.3,ft^3/s,Approved,[],2025-03-11T19:58:58.212270+00:00,1d5974fd48b84c7994291b887ca03571
2017-12-14,30.8,30.8,ft^3/s,Approved,[],2025-03-11T19:58:58.212270+00:00,1d5974fd48b84c7994291b887ca03571
2017-12-15,29.8,29.8,ft^3/s,Approved,[],2025-03-11T19:58:58.212270+00:00,1d5974fd48b84c7994291b887ca03571
2017-12-16,129.0,129,ft^3/s,Approved,[],2025-03-11T19:58:58.212270+00:00,1d5974fd48b84c7994291b887ca03571
2017-12-17,206.0,206,ft^3/s,Approved,[],2025-03-11T19:58:58.212270+00:00,1d5974fd48b84c7994291b887ca03571
2017-12-18,108.0,108,ft^3/s,Approved,[],2025-03-11T19:58:58.212270+00:00,1d5974fd48b84c7994291b887ca03571
2017-12-19,302.0,302,ft^3/s,Approved,[],2025-03-11T19:58:58.212270+00:00,1d5974fd48b84c7994291b887ca03571
2017-12-20,131.0,131,ft^3/s,Approved,[],2025-03-11T19:58:58.212270+00:00,1d5974fd48b84c7994291b887ca03571
2017-12-21,87.0,87.0,ft^3/s,Approved,[],2025-03-11T19:58:58.212270+00:00,1d5974fd48b84c7994291b887ca03571
2017-12-22,76.0,76.0,ft^3/s,Approved,[],2025-03-11T19:58:58.212270+00:00,1d5974fd48b84c7994291b887ca03571
2017-12-23,66.8,66.8,ft^3/s,Approved,[],2025-03-11T19:58:58.212270+00:00,1d5974fd48b84c7994291b887ca03571
2017-12-24,58.5,58.5,ft^3/s,Approved,[],2025-03-11T19:58:58.212270+00:00,1d5974fd48b84c7994291b887ca03571
2017-12-25,56.4,56.4,ft^3/s,Approved,[],2025-03-11T19:58:58.212270+00:00,1d5974fd48b84c7994291b887ca03571
2017-12-26,51.8,51.8,ft^3/s,Approved,[],2025-03-11T19:58:58.212270+00:00,1d5974fd48b84c7994291b887ca03571
2017-12-27,44.7,44.7,ft^3/s,Approved,[],2025-03-11T19:58:58.212270+00:00,1d5974fd48b84c7994291b887ca03571
2017-12-28,47.9,47.9,ft^3/s,Approved,[],2025-03-11T19:58:58.212270+00:00,1d5974fd48b84c7994291b887ca03571
2017-12-29,46.3,46.3,ft^3/s,Approved,[],2025-03-11T19:58:58.212270+00:00,1d5974fd48b84c7994291b887ca03571
2017-12-30,43.4,43.4,ft^3/s,Approved,[],2025-03-11T19:58:58.212270+00:00,1d5974fd48b84c7994291b887ca03571
2017-12-31,37.0,37.0,ft^3/s,Approved,[],2025-03-11T19:58:58.212270+00:00,1d5974fd48b84c7994291b887ca03571
2018-01-01,35.8,35.8,ft^3/s,Approved,[],2025-03-11T19:58:58.212270+00:00,1d5974fd48b84c7994291b887ca03571
2018-01-02,38.6,38.6,ft^3/s,Approved,[],2025-03-11T19:58:58.212270+00:00,1d5974fd48b84c7994291b887ca03571
2018-01-03,38.8,38.8,ft^3/s,Approved,[],2025-03-11T19:58:58.212270+00:00,1d5974fd48b84c7994291b887ca03571
2018-01-04,38.4,38.4,ft^3/s,Approved,[],2025-03-11T19:58:58.212270+00:00,1d5974fd48b84c7994291b887ca03571
2018-01-05,37.2,37.2,ft^3/s,Approved,[],2025-03-11T19:58:58.212270+00:00,1d5974fd48b84c7994291b887ca03571
2018-01-06,36.3,36.3,ft^3/s,Approved,[],2025-03-11T19:58:58.212270+00:00,1d5974fd48b84c7994291b887ca03571
2018-01-07,36.2,36.2,ft^3/s,Approved,[],2025-03-11T19:58:58.212270+00:00,1d5974fd48b84c7994291b887ca03571
2018-01-08,32.8,32.8,ft^3/s,Approved,[],2025-03-11T19:58:58.212270+00:00,1d5974fd48b84c7994291b887ca03571
2018-01-09,34.5,34.5,ft^3/s,Approved,[],2025-03-11T19:58:58.212270+00:00,1d5974fd48b84c7994291b887ca03571
2018-01-10,34.2,34.2,ft^3/s,Approved,[],2025-03-11T19:58:58.212270+00:00,1d5974fd48b84c7994291b887ca03571
2018-01-11,30.0,30.0,ft^3/s,Approved,[],2025-03-11T19:58:58.212270+00:00,1d5974fd48b84c7994291b887ca03571
2018-01-12,28.8,28.8,ft^3/s,Approved,[],2025-03-11T19:58:58.212270+00:00,1d5974fd48b84c7994291b887ca03571
2018-01-13,29.3,29.3,ft^3/s,Approved,[],2025-03-11T19:58:58.212270+00:00,1d5974fd48b84c7994291b887ca03571
2018-01-14,31.0,31.0,ft^3/s,Approved,[],2025-03-11T19:58:58.212270+00:00,1d5974fd48b84c7994291b887ca03571
2018-01-15,29.2,29.2,ft^3/s,Approved,[],2025-03-11T19:58:58.212270+00:00,1d5974fd48b84c7994291b887ca03571
2018-01-16,27.8,27.8,ft^3/s,Approved,[],2025-03-11T19:58:58.212270+00:00,1d5974fd48b84c7994291b887ca03571
2018-01-17,30.1,30.1,ft^3/s,Approved,[],2025-03-11T19:58:58.212270+00:00,1d5974fd48b84c7994291b887ca03571
2018-01-18,30.5,30.5,ft^3/s,Approved,[],2025-03-11T19:58:58.212270+00:00,1d5974fd48b84c7994291b887ca03571
2018-01-19,30.1,30.1,ft^3/s,Approved,[],2025-03-11T19:58:58.212270+00:00,1d5974fd48b84c7994291b887ca03571
2018-01-20,29.6,29.6,ft^3/s,Approved,[],2025-03-11T19:58:58.212270+00:00,1d5974fd48b84c7994291b887ca03571
2018-01-21,30.3,30.3,ft^3/s,Approved,[],2025-03-11T19:58:58.212270+00:00,1d5974fd48b84c7994291b887ca03571
2018-01-22,29.9,29.9,ft^3/s,Approved,[],2025-03-11T19:58:58.212270+00:00,1d5974fd48b84c7994291b887ca03571
2018-01-23,28.7,28.7,ft^3/s,Approved,[],2025-03-11T19:58:58.212270+00:00,1d5974fd48b84c7994291b887ca03571
2018-01-24,27.6,27.6,ft^3/s,Approved,[],2025-03-11T19:58:58.212270+00:00,1d5974fd48b84c7994291b887ca03571
2018-01-25,26.5,26.5,ft^3/s,Approved,[],2025-03-11T19:58:58.212270+00:00,1d5974fd48b84c7994291b887ca03571
2018-01-26,26.9,26.9,ft^3/s,Approved,[],2025-03-11T19:58:58.212270+00:00,1d5974fd48b84c7994291b887ca03571
2018-01-27,25.2,25.2,ft^3/s,Approved,[],2025-03-11T19:58:58.212270+00:00,1d5974fd48b84c7994291b887ca03571
2018-01-28,25.9,25.9,ft^3/s,Approved,[],2025-03-11T19:58:58.212270+00:00,1d5974fd48b84c7994291b887ca03571
2018-01-29,24.5,24.5,ft^3/s,Approved,[],2025-03-11T19:58:58.212270+00:00,1d5974fd48b84c7994291b887ca03571
2018-01-30,25.2,25.2,ft^3/s,Approved,[],2025-03-11T19:58:58.212270+00:00,1d5974fd48b84c7994291b887ca03571
2018-01-31,24.8,24.8,ft^3/s,Approved,[],2025-03-11T19:58:58.212270+00:00,1d5974fd48b84c7994291b887ca03571
2018-02-01,22.8,22.8,ft^3/s,Approved,[],2025-03-11T19:58:58.212270+00:00,1d5974fd48b84c7994291b887ca03571
2018-02-02,21.2,21.2,ft^3/s,Approved,[],2025-03-11T19:58:58.212270+00:00,1d5974fd48b84c7994291b887ca03571
2018-02-03,24.1,24.1,ft^3/s,Approved,[],2025-03-11T19:58:58.212270+00:00,1d5974fd48b84c7994291b887ca03571
2018-02-04,22.8,22.8,ft^3/s,Approved,[],2025-03-11T19:58:58.212270+00:00,1d5974fd48b84c7994291b887ca03571
2018-02-05,22.4,22.4,ft^3/s,Approved,[],2025-03-11T19:58:58.212270+00:00,1d5974fd48b84c7994291b887ca03571
2018-02-06,22.1,22.1,ft^3/s,Approved,[],2025-03-11T19:58:58.212270+00:00,1d5974fd48b84c7994291b887ca03571
2018-02-07,20.1,20.1,ft^3/s,Approved,[],2025-03-11T19:58:58.212270+00:00,1d5974fd48b84c7994291b887ca03571
2018-02-08,22.7,22.7,ft^3/s,Approved,[],2025-03-11T19:58:58.212270+00:00,1d5974fd48b84c7994291b887ca03571
2018-02-09,22.8,22.8,ft^3/s,Approved,[],2025-03-11T19:58:58.212270+00:00,1d5974fd48b84c7994291b887ca03571
2018-02-10,21.9,21.9,ft^3/s,Approved,[],2025-03-11T19:58:58.212270+00:00,1d5974fd48b84c7994291b887ca03571
2018-02-11,19.8,19.8,ft^3/s,Approved,[],2025-03-11T19:58:58.212270+00:00,1d5974fd48b84c7994291b887ca03571
2018-02-12,21.6,21.6,ft^3/s,Approved,[],2025-03-11T19:58:58.212270+00:00,1d5974fd48b84c7994291b887ca03571
2018-02-13,21.8,21.8,ft^3/s,Approved,[],2025-03-11T19:58:58.212270+00:00,1d5974fd48b84c7994291b887ca03571
2018-02-14,22.6,22.6,ft^3/s,Approved,[],2025-03-11T19:58:58.212270+00:00,1d5974fd48b84c7994291b887ca03571
2018-02-15,23.0,23.0,ft^3/s,Approved,[],2025-03-11T19:58:58.212270+00:00,1d5974fd48b84c7994291b887ca03571
2018-02-16,22.2,22.2,ft^3/s,Approved,[],2025-03-11T19:58:58.212270+00:00,1d5974fd48b84c7994291b887ca03571
2018-02-17,22.7,22.7,ft^3/s,Approved,[],2025-03-11T19:58:58.212270+00:00,1d5974fd48b84c7994291b887ca03571
2018-02-18,22.5,22.5,ft^3/s,Approved,[],2025-03-11T19:58:58.212270+00:00,1d5974fd48b84c7994291b887ca03571
2018-02-19,22.7,22.7,ft^3/s,Approved,[],2025-03-11T19:58:58.212270+00:00,1d5974fd48b84c7994291b887ca03571
2018-02-20,30.5,30.5,ft^3/s,Approved,[],2025-03-11T19:58:58.212270+00:00,1d5974fd48b84c7994291b887ca03571
2018-02-21,28.9,28.9,ft^3/s,Approved,[],2025-03-11T19:58:58.212270+00:00,1d5974fd48b84c7994291b887ca03571
2018-02-22,60.8,60.8,ft^3/s,Approved,[],2025-03-11T19:58:58.212270+00:00,1d5974fd48b84c7994291b887ca03571
2018-02-23,187.0,187,ft^3/s,Approved,[],2025-03-11T19:58:58.212270+00:00,1d5974fd48b84c7994291b887ca03571
2018-02-24,123.0,123,ft^3/s,Approved,[],2025-03-11T19:58:58.212270+00:00,1d5974fd48b84c7994291b887ca03571
2018-02-25,137.0,137,ft^3/s,Approved,[],2025-03-11T19:58:58.212270+00:00,1d5974fd48b84c7994291b887ca03571
2018-02-26,135.0,135,ft^3/s,Approved,[],2025-03-11T19:58:58.212270+00:00,1d5974fd48b84c7994291b887ca03571
2018-02-27,94.1,94.1,ft^3/s,Approved,[],2025-03-11T19:58:58.212270+00:00,1d5974fd48b84c7994291b887ca03571
2018-02-28,73.4,73.4,ft^3/s,Approved,[],2025-03-11T19:58:58.212270+00:00,1d5974fd48b84c7994291b887ca03571
2018-03-01,59.6,59.6,ft^3/s,Approved,[],2025-03-11T19:58:58.212270+00:00,1d5974fd48b84c7994291b887ca03571
2018-03-02,56.1,56.1,ft^3/s,Approved,[],2025-03-11T19:58:58.212270+00:00,1d5974fd48b84c7994291b887ca03571
2018-03-03,51.9,51.9,ft^3/s,Approved,[],2025-03-11T19:58:58.212270+00:00,1d5974fd48b84c7994291b887ca03571
2018-03-04,52.5,52.5,ft^3/s,Approved,[],2025-03-11T19:58:58.212270+00:00,1d5974fd48b84c7994291b887ca03571
2018-03-05,47.0,47.0,ft^3/s,Approved,[],2025-03-11T19:58:58.212270+00:00,1d5974fd48b84c7994291b887ca03571
2018-03-06,42.7,42.7,ft^3/s,Approved,[],2025-03-11T19:58:58.212270+00:00,1d5974fd48b84c7994291b887ca03571
2018-03-07,38.6,38.6,ft^3/s,Approved,[],2025-03-11T19:58:58.212270+00:00,1d5974fd48b84c7994291b887ca03571
2018-03-08,37.2,37.2,ft^3/s,Approved,[],2025-03-11T19:58:58.212270+00:00,1d5974fd48b84c7994291b887ca03571
2018-03-09,37.1,37.1,ft^3/s,Approved,[],2025-03-11T19:58:58.212270+00:00,1d5974fd48b84c7994291b887ca03571
2018-03-10,35.3,35.3,ft^3/s,Approved,[],2025-03-11T19:58:58.212270+00:00,1d5974fd48b84c7994291b887ca03571
2018-03-11,30.1,30.1,ft^3/s,Approved,[],2025-03-11T19:58:58.212270+00:00,1d5974fd48b84c7994291b887ca03571
2018-03-12,30.4,30.4,ft^3/s,Approved,[],2025-03-11T19:58:58.212270+00:00,1d5974fd48b84c7994291b887ca03571
2018-03-13,30.2,30.2,ft^3/s,Approved,[],2025-03-11T19:58:58.212270+00:00,1d5974fd48b84c7994291b887ca03571
2018-03-14,30.1,30.1,ft^3/s,Approved,[],2025-03-11T19:58:58.212270+00:00,1d5974fd48b84c7994291b887ca03571
2018-03-15,30.3,30.3,ft^3/s,Approved,[],2025-03-11T19:58:58.212270+00:00,1d5974fd48b84c7994291b887ca03571
2018-03-16,29.5,29.5,ft^3/s,Approved,[],2025-03-11T19:58:58.212270+00:00,1d5974fd48b84c7994291b887ca03571
2018-03-17,33.3,33.3,ft^3/s,Approved,[],2025-03-11T19:58:58.212270+00:00,1d5974fd48b84c7994291b887ca03571
2018-03-18,43.3,43.3,ft^3/s,Approved,[],2025-03-11T19:58:58.212270+00:00,1d5974fd48b84c7994291b887ca03571
2018-03-19,41.1,41.1,ft^3/s,Approved,[],2025-03-11T19:58:58.212270+00:00,1d5974fd48b84c7994291b887ca03571
2018-03-20,33.7,33.7,ft^3/s,Approved,[],2025-03-11T19:58:58.212270+00:00,1d5974fd48b84c7994291b887ca03571
2018-03-21,30.6,30.6,ft^3/s,Approved,[],2025-03-11T19:58:58.212270+00:00,1d5974fd48b84c7994291b887ca03571
2018-03-22,29.2,29.2,ft^3/s,Approved,[],2025-03-11T19:58:58.212270+00:00,1d5974fd48b84c7994291b887ca03571
2018-03-23,28.6,28.6,ft^3/s,Approved,[],2025-03-11T19:58:58.212270+00:00,1d5974fd48b84c7994291b887ca03571
2018-03-24,27.7,27.7,ft^3/s,Approved,[],2025-03-11T19:58:58.212270+00:00,1d5974fd48b84c7994291b887ca03571
2018-03-25,28.2,28.2,ft^3/s,Approved,[],2025-03-11T19:58:58.212270+00:00,1d5974fd48b84c7994291b887ca03571
2018-03-26,27.4,27.4,ft^3/s,Approved,[],2025-03-11T19:58:58.212270+00:00,1d5974fd48b84c7994291b887ca03571
2018-03-27,26.4,26.4,ft^3/s,Approved,[],2025-03-11T19:58:58.212270+00:00,1d5974fd48b84c7994291b887ca03571
2018-03-28,926.0,926,ft^3/s,Approved,[],2025-03-11T19:58:58.212270+00:00,1d5974fd48b84c7994291b887ca03571
2018-03-29,351.0,351,ft^3/s,Approved,[],2025-03-11T19:58:58.212270+00:00,1d5974fd48b84c7994291b887ca03571
2018-03-30,253.0,253,ft^3/s,Approved,[],2025-03-11T19:58:58.212270+00:00,1d5974fd48b84c7994291b887ca03571
2018-03-31,140.0,140,ft^3/s,Approved,[],2025-03-11T19:58:58.212270+00:00,1d5974fd48b84c7994291b887ca03571
2018-04-01,94.7,94.7,ft^3/s,Approved,[],2025-03-11T19:58:58.212270+00:00,1d5974fd48b84c7994291b887ca03571
2018-04-02,77.2,77.2,ft^3/s,Approved,[],2025-03-11T19:58:58.212270+00:00,1d5974fd48b84c7994291b887ca03571
2018-04-03,67.4,67.4,ft^3/s,Approved,[],2025-03-11T19:58:58.212270+00:00,1d5974fd48b84c7994291b887ca03571
2018-04-04,55.5,55.5,ft^3/s,Approved,[],2025-03-11T19:58:58.212270+00:00,1d5974fd48b84c7994291b887ca03571
2018-04-05,53.9,53.9,ft^3/s,Approved,[],2025-03-11T19:58:58.212270+00:00,1d5974fd48b84c7994291b887ca03571
2018-04-06,53.5,53.5,ft^3/s,Approved,[],2025-03-11T19:58:58.212270+00:00,1d5974fd48b84c7994291b887ca03571
2018-04-07,54.5,54.5,ft^3/s,Approved,[],2025-03-11T19:58:58.212270+00:00,1d5974fd48b84c7994291b887ca03571
2018-04-08,45.8,45.8,ft^3/s,Approved,[],2025-03-11T19:58:58.212270+00:00,1d5974fd48b84c7994291b887ca03571
2018-04-09,45.3,45.3,ft^3/s,Approved,[],2025-03-11T19:58:58.212270+00:00,1d5974fd48b84c7994291b887ca03571
2018-04-10,42.6,42.6,ft^3/s,Approved,[],2025-03-11T19:58:58.212270+00:00,1d5974fd48b84c7994291b887ca03571
2018-04-11,40.7,40.7,ft^3/s,Approved,[],2025-03-11T19:58:58.212270+00:00,1d5974fd48b84c7994291b887ca03571
2018-04-12,39.6,39.6,ft^3/s,Approved,[],2025-03-11T19:58:58.212270+00:00,1d5974fd48b84c7994291b887ca03571
2018-04-13,43.6,43.6,ft^3/s,Approved,[],2025-03-11T19:58:58.212270+00:00,1d5974fd48b84c7994291b887ca03571
2018-04-14,52.8,52.8,ft^3/s,Approved,[],2025-03-11T19:58:58.212270+00:00,1d5974fd48b84c7994291b887ca03571
2018-04-15,37.2,37.2,ft^3/s,Approved,[],2025-03-11T19:58:58.212270+00:00,1d5974fd48b84c7994291b887ca03571
2018-04-16,35.8,35.8,ft^3/s,Approved,[],2025-03-11T19:58:58.212270+00:00,1d5974fd48b84c7994291b887ca03571
2018-04-17,33.9,33.9,ft^3/s,Approved,[],2025-03-11T19:58:58.212270+00:00,1d5974fd48b84c7994291b887ca03571
2018-04-18,31.5,31.5,ft^3/s,Approved,[],2025-03-11T19:58:58.212270+00:00,1d5974fd48b84c7994291b887ca03571
2018-04-19,30.1,30.1,ft^3/s,Approved,[],2025-03-11T19:58:58.212270+00:00,1d5974fd48b84c7994291b887ca03571
2018-04-20,29.2,29.2,ft^3/s,Approved,[],2025-03-11T19:58:58.212270+00:00,1d5974fd48b84c7994291b887ca03571
2018-04-21,29.1,29.1,ft^3/s,Approved,[],2025-03-11T19:58:58.212270+00:00,1d5974fd48b84c7994291b887ca03571
2018-04-22,27.4,27.4,ft^3/s,Approved,[],2025-03-11T19:58:58.212270+00:00,1d5974fd48b84c7994291b887ca03571
2018-04-23,27.6,27.6,ft^3/s,Approved,[],2025-03-11T19:58:58.212270+00:00,1d5974fd48b84c7994291b887ca03571
2018-04-24,26.6,26.6,ft^3/s,Approved,[],2025-03-11T19:58:58.212270+00:00,1d5974fd48b84c7994291b887ca03571
2018-04-25,25.4,25.4,ft^3/s,Approved,[],2025-03-11T19:58:58.212270+00:00,1d5974fd48b84c7994291b887ca03571
2018-04-26,25.8,25.8,ft^3/s,Approved,[],2025-03-11T19:58:58.212270+00:00,1d5974fd48b84c7994291b887ca03571
2018-04-27,25.3,25.3,ft^3/s,Approved,[],2025-03-11T19:58:58.212270+00:00,1d5974fd48b84c7994291b887ca03571
2018-04-28,24.1,24.1,ft^3/s,Approved,[],2025-03-11T19:58:58.212270+00:00,1d5974fd48b84c7994291b887ca03571
2018-04-29,23.3,23.3,ft^3/s,Approved,[],2025-03-11T19:58:58.212270+00:00,1d5974fd48b84c7994291b887ca03571
2018-04-30,23.7,23.7,ft^3/s,Approved,[],2025-03-11T19:58:58.212270+00:00,1d5974fd48b84c7994291b887ca03571
2018-05-01,24.2,24.2,ft^3/s,Approved,[],2025-03-11T19:58:58.212270+00:00,1d5974fd48b84c7994291b887ca03571
2018-05-02,24.0,24.0,ft^3/s,Approved,[],2025-03-11T19:58:58.212270+00:00,1d5974fd48b84c7994291b887ca03571
2018-05-03,24.1,24.1,ft^3/s,Approved,[],2025-03-11T19:58:58.212270+00:00,1d5974fd48b84c7994291b887ca03571
2018-05-04,183.0,183,ft^3/s,Approved,[],2025-03-11T19:58:58.212270+00:00,1d5974fd48b84c7994291b887ca03571
2018-05-05,205.0,205,ft^3/s,Approved,[],2025-03-11T19:58:58.212270+00:00,1d5974fd48b84c7994291b887ca03571
2018-05-06,89.9,89.9,ft^3/s,Approved,[],2025-03-11T19:58:58.212270+00:00,1d5974fd48b84c7994291b887ca03571
2018-05-07,56.7,56.7,ft^3/s,Approved,[],2025-03-11T19:58:58.212270+00:00,1d5974fd48b84c7994291b887ca03571
2018-05-08,42.5,42.5,ft^3/s,Approved,[],2025-03-11T19:58:58.212270+00:00,1d5974fd48b84c7994291b887ca03571
2018-05-09,35.2,35.2,ft^3/s,Approved,[],2025-03-11T19:58:58.212270+00:00,1d5974fd48b84c7994291b887ca03571
2018-05-10,31.6,31.6,ft^3/s,Approved,[],2025-03-11T19:58:58.212270+00:00,1d5974fd48b84c7994291b887ca03571
2018-05-11,28.7,28.7,ft^3/s,Approved,[],2025-03-11T19:58:58.212270+00:00,1d5974fd48b84c7994291b887ca03571
2018-05-12,26.8,26.8,ft^3/s,Approved,[],2025-03-11T19:58:58.212270+00:00,1d5974fd48b84c7994291b887ca03571
2018-05-13,25.4,25.4,ft^3/s,Approved,[],2025-03-11T19:58:58.212270+00:00,1d5974fd48b84c7994291b887ca03571
2018-05-14,24.3,24.3,ft^3/s,Approved,[],2025-03-11T19:58:58.212270+00:00,1d5974fd48b84c7994291b887ca03571
2018-05-15,22.7,22.7,ft^3/s,Approved,[],2025-03-11T19:58:58.212270+00:00,1d5974fd48b84c7994291b887ca03571
2018-05-16,21.4,21.4,ft^3/s,Approved,[],2025-03-11T19:58:58.212270+00:00,1d5974fd48b84c7994291b887ca03571
2018-05-17,20.3,20.3,ft^3/s,Approved,[],2025-03-11T19:58:58.212270+00:00,1d5974fd48b84c7994291b887ca03571
2018-05-18,17.5,17.5,ft^3/s,Approved,[],2025-03-11T19:58:58.212270+00:00,1d5974fd48b84c7994291b887ca03571
2018-05-19,16.8,16.8,ft^3/s,Approved,[],2025-03-11T19:58:58.212270+00:00,1d5974fd48b84c7994291b887ca03571
2018-05-20,70.0,70.0,ft^3/s,Approved,[],2025-03-11T19:58:58.212270+00:00,1d5974fd48b84c7994291b887ca03571
2018-05-21,124.0,124,ft^3/s,Approved,[],2025-03-11T19:58:58.212270+00:00,1d5974fd48b84c7994291b887ca03571
2018-05-22,59.5,59.5,ft^3/s,Approved,[],2025-03-11T19:58:58.212270+00:00,1d5974fd48b84c7994291b887ca03571
2018-05-23,40.0,40.0,ft^3/s,Approved,[],2025-03-11T19:58:58.212270+00:00,1d5974fd48b84c7994291b887ca03571
2018-05-24,32.9,32.9,ft^3/s,Approved,[],2025-03-11T19:58:58.212270+00:00,1d5974fd48b84c7994291b887ca03571
2018-05-25,29.2,29.2,ft^3/s,Approved,[],2025-03-11T19:58:58.212270+00:00,1d5974fd48b84c7994291b887ca03571
2018-05-26,25.5,25.5,ft^3/s,Approved,[],2025-03-11T19:58:58.212270+00:00,1d5974fd48b84c7994291b887ca03571
2018-05-27,23.9,23.9,ft^3/s,Approved,[],2025-03-11T19:58:58.212270+00:00,1d5974fd48b84c7994291b887ca03571
2018-05-28,20.7,20.7,ft^3/s,Approved,[],2025-03-11T19:58:58.212270+00:00,1d5974fd48b84c7994291b887ca03571
2018-05-29,19.5,19.5,ft^3/s,Approved,[],2025-03-11T19:58:58.212270+00:00,1d5974fd48b84c7994291b887ca03571
2018-05-30,17.8,17.8,ft^3/s,Approved,[],2025-03-11T19:58:58.212270+00:00,1d5974fd48b84c7994291b887ca03571
2018-05-31,16.7,16.7,ft^3/s,Approved,[],2025-03-11T19:58:58.212270+00:00,1d5974fd48b84c7994291b887ca03571
2018-06-01,16.0,16.0,ft^3/s,Approved,[],2025-03-11T19:58:58.212270+00:00,1d5974fd48b84c7994291b887ca03571
2018-06-02,14.2,14.2,ft^3/s,Approved,[],2025-03-11T19:58:58.212270+00:00,1d5974fd48b84c7994291b887ca03571
2018-06-03,13.3,13.3,ft^3/s,Approved,[],2025-03-11T19:58:58.212270+00:00,1d5974fd48b84c7994291b887ca03571
2018-06-04,275.0,275,ft^3/s,Approved,[],2025-03-11T19:58:58.212270+00:00,1d5974fd48b84c7994291b887ca03571
2018-06-05,121.0,121,ft^3/s,Approved,[],2025-03-11T19:58:58.212270+00:00,1d5974fd48b84c7994291b887ca03571
2018-06-06,58.1,58.1,ft^3/s,Approved,[],2025-03-11T19:58:58.212270+00:00,1d5974fd48b84c7994291b887ca03571
2018-06-07,37.5,37.5,ft^3/s,Approved,[],2025-03-11T19:58:58.212270+00:00,1d5974fd48b84c7994291b887ca03571
2018-06-08,30.8,30.8,ft^3/s,Approved,[],2025-03-11T19:58:58.212270+00:00,1d5974fd48b84c7994291b887ca03571
2018-06-09,26.9,26.9,ft^3/s,Approved,[],2025-03-11T19:58:58.212270+00:00,1d5974fd48b84c7994291b887ca03571
2018-06-10,24.0,24.0,ft^3/s,Approved,[],2025-03-11T19:58:58.212270+00:00,1d5974fd48b84c7994291b887ca03571
2018-06-11,21.5,21.5,ft^3/s,Approved,[],2025-03-11T19:58:58.212270+00:00,1d5974fd48b84c7994291b887ca03571
2018-06-12,18.7,18.7,ft^3/s,Approved,[],2025-03-11T19:58:58.212270+00:00,1d5974fd48b84c7994291b887ca03571
2018-06-13,16.8,16.8,ft^3/s,Approved,[],2025-03-11T19:58:58.212270+00:00,1d5974fd48b84c7994291b887ca03571
2018-06-14,15.6,15.6,ft^3/s,Approved,[],2025-03-11T19:58:58.212270+00:00,1d5974fd48b84c7994291b887ca03571
2018-06-15,15.3,15.3,ft^3/s,Approved,[],2025-03-11T19:58:58.212270+00:00,1d5974fd48b84c7994291b887ca03571
2018-06-16,14.9,14.9,ft^3/s,Approved,[],2025-03-11T19:58:58.212270+00:00,1d5974fd48b84c7994291b887ca03571
2018-06-17,14.6,14.6,ft^3/s,Approved,[],2025-03-11T19:58:58.212270+00:00,1d5974fd48b84c7994291b887ca03571
2018-06-18,14.5,14.5,ft^3/s,Approved,[],2025-03-11T19:58:58.212270+00:00,1d5974fd48b84c7994291b887ca03571
2018-06-19,16.3,16.3,ft^3/s,Approved,[],2025-03-11T19:58:58.212270+00:00,1d5974fd48b84c7994291b887ca03571
2018-06-20,19.8,19.8,ft^3/s,Approved,[],2025-03-11T19:58:58.212270+00:00,1d5974fd48b84c7994291b887ca03571
2018-06-21,17.4,17.4,ft^3/s,Approved,[],2025-03-11T19:58:58.212270+00:00,1d5974fd48b84c7994291b887ca03571
2018-06-22,15.3,15.3,ft^3/s,Approved,[],2025-03-11T19:58:58.212270+00:00,1d5974fd48b84c7994291b887ca03571
2018-06-23,13.8,13.8,ft^3/s,Approved,[],2025-03-11T19:58:58.212270+00:00,1d5974fd48b84c7994291b887ca03571
2018-06-24,12.3,12.3,ft^3/s,Approved,[],2025-03-11T19:58:58.212270+00:00,1d5974fd48b84c7994291b887ca03571
2018-06-25,11.1,11.1,ft^3/s,Approved,[],2025-03-11T19:58:58.212270+00:00,1d5974fd48b84c7994291b887ca03571
2018-06-26,9.9,9.90,ft^3/s,Approved,[],2025-03-11T19:58:58.212270+00:00,1d5974fd48b84c7994291b887ca03571
2018-06-27,9.03,9.03,ft^3/s,Approved,[],2025-03-11T19:58:58.212270+00:00,1d5974fd48b84c7994291b887ca03571
2018-06-28,8.44,8.44,ft^3/s,Approved,[],2025-03-11T19:58:58.212270+00:00,1d5974fd48b84c7994291b887ca03571
2018-06-29,7.38,7.38,ft^3/s,Approved,[],2025-03-11T19:58:58.212270+00:00,1d5974fd48b84c7994291b887ca03571
2018-06-30,7.07,7.07,ft^3/s,Approved,[],2025-03-11T19:58:58.212270+00:00,1d5974fd48b84c7994291b887ca03571
2018-07-01,6.46,6.46,ft^3/s,Approved,[],2025-03-11T19:58:58.212270+00:00,1d5974fd48b84c7994291b887ca03571
2018-07-02,7.0,7.00,ft^3/s,Approved,[],2025-03-11T19:58:58.212270+00:00,1d5974fd48b84c7994291b887ca03571
2018-07-03,5.98,5.98,ft^3/s,Approved,[],2025-03-11T19:58:58.212270+00:00,1d5974fd48b84c7994291b887ca03571
2018-07-04,86.8,86.8,ft^3/s,Approved,[],2025-03-11T19:58:58.212270+00:00,1d5974fd48b84c7994291b887ca03571
2018-07-05,198.0,198,ft^3/s,Approved,[],2025-03-11T19:58:58.212270+00:00,1d5974fd48b84c7994291b887ca03571
2018-07-06,126.0,126,ft^3/s,Approved,[],2025-03-11T19:58:58.212270+00:00,1d5974fd48b84c7994291b887ca03571
2018-07-07,127.0,127,ft^3/s,Approved,[],2025-03-11T19:58:58.212270+00:00,1d5974fd48b84c7994291b887ca03571
2018-07-08,87.9,87.9,ft^3/s,Approved,[],2025-03-11T19:58:58.212270+00:00,1d5974fd48b84c7994291b887ca03571
2018-07-09,287.0,287,ft^3/s,Approved,[],2025-03-11T19:58:58.212270+00:00,1d5974fd48b84c7994291b887ca03571
2018-07-10,180.0,180,ft^3/s,Approved,[],2025-03-11T19:58:58.212270+00:00,1d5974fd48b84c7994291b887ca03571
2018-07-11,101.0,101,ft^3/s,Approved,[],2025-03-11T19:58:58.212270+00:00,1d5974fd48b84c7994291b887ca03571
2018-07-12,73.2,73.2,ft^3/s,Approved,[],2025-03-11T19:58:58.212270+00:00,1d5974fd48b84c7994291b887ca03571
2018-07-13,59.9,59.9,ft^3/s,Approved,[],2025-03-11T19:58:58.212270+00:00,1d5974fd48b84c7994291b887ca03571
2018-07-14,51.6,51.6,ft^3/s,Approved,[],2025-03-11T19:58:58.212270+00:00,1d5974fd48b84c7994291b887ca03571
2018-07-15,46.2,46.2,ft^3/s,Approved,[],2025-03-11T19:58:58.212270+00:00,1d5974fd48b84c7994291b887ca03571
2018-07-16,41.9,41.9,ft^3/s,Approved,[],2025-03-11T19:58:58.212270+00:00,1d5974fd48b84c7994291b887ca03571
2018-07-17,38.0,38.0,ft^3/s,Approved,[],2025-03-11T19:58:58.212270+00:00,1d5974fd48b84c7994291b887ca03571
2018-07-18,35.7,35.7,ft^3/s,Approved,[],2025-03-11T19:58:58.212270+00:00,1d5974fd48b84c7994291b887ca03571
2018-07-19,33.3,33.3,ft^3/s,Approved,[],2025-03-11T19:58:58.212270+00:00,1d5974fd48b84c7994291b887ca03571
2018-07-20,32.0,32.0,ft^3/s,Approved,[],2025-03-11T19:58:58.212270+00:00,1d5974fd48b84c7994291b887ca03571
2018-07-21,30.7,30.7,ft^3/s,Approved,[],2025-03-11T19:58:58.212270+00:00,1d5974fd48b84c7994291b887ca03571
2018-07-22,29.6,29.6,ft^3/s,Approved,[],2025-03-11T19:58:58.212270+00:00,1d5974fd48b84c7994291b887ca03571
2018-07-23,27.9,27.9,ft^3/s,Approved,[],2025-03-11T19:58:58.212270+00:00,1d5974fd48b84c7994291b887ca03571
2018-07-24,25.4,25.4,ft^3/s,Approved,[],2025-03-11T19:58:58.212270+00:00,1d5974fd48b84c7994291b887ca03571
2018-07-25,23.7,23.7,ft^3/s,Approved,[],2025-03-11T19:58:58.212270+00:00,1d5974fd48b84c7994291b887ca03571
2018-07-26,23.1,23.1,ft^3/s,Approved,[],2025-03-11T19:58:58.212270+00:00,1d5974fd48b84c7994291b887ca03571
2018-07-27,23.9,23.9,ft^3/s,Approved,[],2025-03-11T19:58:58.212270+00:00,1d5974fd48b84c7994291b887ca03571
2018-07-28,21.4,21.4,ft^3/s,Approved,[],2025-03-11T19:58:58.212270+00:00,1d5974fd48b84c7994291b887ca03571
2018-07-29,21.9,21.9,ft^3/s,Approved,[],2025-03-11T19:58:58.212270+00:00,1d5974fd48b84c7994291b887ca03571
2018-07-30,19.4,19.4,ft^3/s,Approved,[],2025-03-11T19:58:58.212270+00:00,1d5974fd48b84c7994291b887ca03571
2018-07-31,18.0,18.0,ft^3/s,Approved,[],2025-03-11T19:58:58.212270+00:00,1d5974fd48b84c7994291b887ca03571
2018-08-01,14.8,14.8,ft^3/s,Approved,[],2025-03-11T19:58:58.212270+00:00,1d5974fd48b84c7994291b887ca03571
2018-08-02,13.0,13.0,ft^3/s,Approved,[],2025-03-11T19:58:58.212270+00:00,1d5974fd48b84c7994291b887ca03571
2018-08-03,13.3,13.3,ft^3/s,Approved,[],2025-03-11T19:58:58.212270+00:00,1d5974fd48b84c7994291b887ca03571
2018-08-04,13.8,13.8,ft^3/s,Approved,[],2025-03-11T19:58:58.212270+00:00,1d5974fd48b84c7994291b887ca03571
2018-08-05,14.1,14.1,ft^3/s,Approved,[],2025-03-11T19:58:58.212270+00:00,1d5974fd48b84c7994291b887ca03571
2018-08-06,14.3,14.3,ft^3/s,Approved,[],2025-03-11T19:58:58.212270+00:00,1d5974fd48b84c7994291b887ca03571
2018-08-07,12.4,12.4,ft^3/s,Approved,[],2025-03-11T19:58:58.212270+00:00,1d5974fd48b84c7994291b887ca03571
2018-08-08,8.74,8.74,ft^3/s,Approved,[],2025-03-11T19:58:58.212270+00:00,1d5974fd48b84c7994291b887ca03571
2018-08-09,9.58,9.58,ft^3/s,Approved,[],2025-03-11T19:58:58.212270+00:00,1d5974fd48b84c7994291b887ca03571
2018-08-10,11.2,11.2,ft^3/s,Approved,[],2025-03-11T19:58:58.212270+00:00,1d5974fd48b84c7994291b887ca03571
2018-08-11,37.4,37.4,ft^3/s,Approved,[],2025-03-11T19:58:58.212270+00:00,1d5974fd48b84c7994291b887ca03571
2018-08-12,73.5,73.5,ft^3/s,Approved,[],2025-03-11T19:58:58.212270+00:00,1d5974fd48b84c7994291b887ca03571
2018-08-13,57.5,57.5,ft^3/s,Approved,[],2025-03-11T19:58:58.212270+00:00,1d5974fd48b84c7994291b887ca03571
2018-08-14,47.0,47.0,ft^3/s,Approved,[],2025-03-11T19:58:58.212270+00:00,1d5974fd48b84c7994291b887ca03571
2018-08-15,36.9,36.9,ft^3/s,Approved,[],2025-03-11T19:58:58.212270+00:00,1d5974fd48b84c7994291b887ca03571
2018-08-16,31.8,31.8,ft^3/s,Approved,[],2025-03-11T19:58:58.212270+00:00,1d5974fd48b84c7994291b887ca03571
2018-08-17,25.3,25.3,ft^3/s,Approved,[],2025-03-11T19:58:58.212270+00:00,1d5974fd48b84c7994291b887ca03571
2018-08-18,22.2,22.2,ft^3/s,Approved,[],2025-03-11T19:58:58.212270+00:00,1d5974fd48b84c7994291b887ca03571
2018-08-19,18.8,18.8,ft^3/s,Approved,[],2025-03-11T19:58:58.212270+00:00,1d5974fd48b84c7994291b887ca03571
2018-08-20,18.2,18.2,ft^3/s,Approved,[],2025-03-11T19:58:58.212270+00:00,1d5974fd48b84c7994291b887ca03571
2018-08-21,14.8,14.8,ft^3/s,Approved,[],2025-03-11T19:58:58.212270+00:00,1d5974fd48b84c7994291b887ca03571
2018-08-22,12.3,12.3,ft^3/s,Approved,[],2025-03-11T19:58:58.212270+00:00,1d5974fd48b84c7994291b887ca03571
2018-08-23,17.5,17.5,ft^3/s,Approved,[],2025-03-11T19:58:58.212270+00:00,1d5974fd48b84c7994291b887ca03571
2018-08-24,16.7,16.7,ft^3/s,Approved,[],2025-03-11T19:58:58.212270+00:00,1d5974fd48b84c7994291b887ca03571
2018-08-25,12.8,12.8,ft^3/s,Approved,[],2025-03-11T19:58:58.212270+00:00,1d5974fd48b84c7994291b887ca03571
2018-08-26,11.9,11.9,ft^3/s,Approved,[],2025-03-11T19:58:58.212270+00:00,1d5974fd48b84c7994291b887ca03571
2018-08-27,11.1,11.1,ft^3/s,Approved,[],2025-03-11T19:58:58.212270+00:00,1d5974fd48b84c7994291b887ca03571
2018-08-28,9.35,9.35,ft^3/s,Approved,[],2025-03-11T19:58:58.212270+00:00,1d5974fd48b84c7994291b887ca03571
2018-08-29,7.1,7.10,ft^3/s,Approved,[],2025-03-11T19:58:58.212270+00:00,1d5974fd48b84c7994291b887ca03571
2018-08-30,5.08,5.08,ft^3/s,Approved,[],2025-03-11T19:58:58.212270+00:00,1d5974fd48b84c7994291b887ca03571
2018-08-31,5.34,5.34,ft^3/s,Approved,[],2025-03-11T19:58:58.212270+00:00,1d5974fd48b84c7994291b887ca03571
2018-09-01,6.35,6.35,ft^3/s,Approved,[],2025-03-11T19:58:58.212270+00:00,1d5974fd48b84c7994291b887ca03571
2018-09-02,8.22,8.22,ft^3/s,Approved,[],2025-03-11T19:58:58.212270+00:00,1d5974fd48b84c7994291b887ca03571
2018-09-03,14.8,14.8,ft^3/s,Approved,[],2025-03-11T19:58:58.212270+00:00,1d5974fd48b84c7994291b887ca03571
2018-09-04,17.3,17.3,ft^3/s,Approved,[],2025-03-11T19:58:58.212270+00:00,1d5974fd48b84c7994291b887ca03571
2018-09-05,17.2,17.2,ft^3/s,Approved,[],2025-03-11T19:58:58.212270+00:00,1d5974fd48b84c7994291b887ca03571
2018-09-06,39.9,39.9,ft^3/s,Approved,[],2025-03-11T19:58:58.212270+00:00,1d5974fd48b84c7994291b887ca03571
2018-09-07,57.7,57.7,ft^3/s,Approved,[],2025-03-11T19:58:58.212270+00:00,1d5974fd48b84c7994291b887ca03571
2018-09-08,233.0,233,ft^3/s,Approved,[],2025-03-11T19:58:58.212270+00:00,1d5974fd48b84c7994291b887ca03571
2018-09-09,263.0,263,ft^3/s,Approved,[],2025-03-11T19:58:58.212270+00:00,1d5974fd48b84c7994291b887ca03571
2018-09-10,191.0,191,ft^3/s,Approved,[],2025-03-11T19:58:58.212270+00:00,1d5974fd48b84c7994291b887ca03571
2018-09-11,122.0,122,ft^3/s,Approved,[],2025-03-11T19:58:58.212270+00:00,1d5974fd48b84c7994291b887ca03571
2018-09-12,114.0,114,ft^3/s,Approved,[],2025-03-11T19:58:58.212270+00:00,1d5974fd48b84c7994291b887ca03571
2018-09-13,111.0,111,ft^3/s,Approved,[],2025-03-11T19:58:58.212270+00:00,1d5974fd48b84c7994291b887ca03571
2018-09-14,86.7,86.7,ft^3/s,Approved,[],2025-03-11T19:58:58.212270+00:00,1d5974fd48b84c7994291b887ca03571
2018-09-15,88.8,88.8,ft^3/s,Approved,[],2025-03-11T19:58:58.212270+00:00,1d5974fd48b84c7994291b887ca03571
2018-09-16,80.3,80.3,ft^3/s,Approved,[],2025-03-11T19:58:58.212270+00:00,1d5974fd48b84c7994291b887ca03571
2018-09-17,68.0,68.0,ft^3/s,Approved,[],2025-03-11T19:58:58.212270+00:00,1d5974fd48b84c7994291b887ca03571
2018-09-18,59.6,59.6,ft^3/s,Approved,[],2025-03-11T19:58:58.212270+00:00,1d5974fd48b84c7994291b887ca03571
2018-09-19,52.0,52.0,ft^3/s,Approved,[],2025-03-11T19:58:58.212270+00:00,1d5974fd48b84c7994291b887ca03571
2018-09-20,57.8,57.8,ft^3/s,Approved,[],2025-03-11T19:58:58.212270+00:00,1d5974fd48b84c7994291b887ca03571
2018-09-21,157.0,157,ft^3/s,Approved,[],2025-03-11T19:58:58.212270+00:00,1d5974fd48b84c7994291b887ca03571
2018-09-22,896.0,896,ft^3/s,Approved,[],2025-03-11T19:58:58.212270+00:00,1d5974fd48b84c7994291b887ca03571
2018-09-23,309.0,309,ft^3/s,Approved,[],2025-03-11T19:58:58.212270+00:00,1d5974fd48b84c7994291b887ca03571
2018-09-24,221.0,221,ft^3/s,Approved,[],2025-03-11T19:58:58.212270+00:00,1d5974fd48b84c7994291b887ca03571
2018-09-25,129.0,129,ft^3/s,Approved,[],2025-03-11T19:58:58.212270+00:00,1d5974fd48b84c7994291b887ca03571
2018-09-26,92.5,92.5,ft^3/s,Approved,[],2025-03-11T19:58:58.212270+00:00,1d5974fd48b84c7994291b887ca03571
2018-09-27,77.0,77.0,ft^3/s,Approved,[],2025-03-11T19:58:58.212270+00:00,1d5974fd48b84c7994291b887ca03571
2018-09-28,69.3,69.3,ft^3/s,Approved,[],2025-03-11T19:58:58.212270+00:00,1d5974fd48b84c7994291b887ca03571
2018-09-29,147.0,147,ft^3/s,Approved,[],2025-03-11T19:58:58.212270+00:00,1d5974fd48b84c7994291b887ca03571
2018-09-30,144.0,144,ft^3/s,Approved,[],2025-03-11T19:58:58.212270+00:00,1d5974fd48b84c7994291b887ca03571
2018-10-01,116.0,116,ft^3/s,Approved,[],2025-03-11T19:58:58.212270+00:00,1d5974fd48b84c7994291b887ca03571
2018-10-02,85.8,85.8,ft^3/s,Approved,[],2025-03-11T19:58:58.212270+00:00,1d5974fd48b84c7994291b887ca03571
2018-10-03,72.9,72.9,ft^3/s,Approved,[],2025-03-11T19:58:58.212270+00:00,1d5974fd48b84c7994291b887ca03571
2018-10-04,65.0,65.0,ft^3/s,Approved,[],2025-03-11T19:58:58.212270+00:00,1d5974fd48b84c7994291b887ca03571
2018-10-05,60.8,60.8,ft^3/s,Approved,[],2025-03-11T19:58:58.212270+00:00,1d5974fd48b84c7994291b887ca03571
2018-10-06,57.0,57.0,ft^3/s,Approved,[],2025-03-11T19:58:58.212270+00:00,1d5974fd48b84c7994291b887ca03571
2018-10-07,62.7,62.7,ft^3/s,Approved,[],2025-03-11T19:58:58.212270+00:00,1d5974fd48b84c7994291b887ca03571
2018-10-08,202.0,202,ft^3/s,Approved,[],2025-03-11T19:58:58.212270+00:00,1d5974fd48b84c7994291b887ca03571
2018-10-09,500.0,500,ft^3/s,Approved,[],2025-03-11T19:58:58.212270+00:00,1d5974fd48b84c7994291b887ca03571
2018-10-10,366.0,366,ft^3/s,Approved,[],2025-03-11T19:58:58.212270+00:00,1d5974fd48b84c7994291b887ca03571
2018-10-11,244.0,244,ft^3/s,Approved,[],2025-03-11T19:58:58.212270+00:00,1d5974fd48b84c7994291b887ca03571
2018-10-12,152.0,152,ft^3/s,Approved,[],2025-03-11T19:58:58.212270+00:00,1d5974fd48b84c7994291b887ca03571
2018-10-13,114.0,114,ft^3/s,Approved,[],2025-03-11T19:58:58.212270+00:00,1d5974fd48b84c7994291b887ca03571
2018-10-14,104.0,104,ft^3/s,Approved,[],2025-03-11T19:58:58.212270+00:00,1d5974fd48b84c7994291b887ca03571
2018-10-15,367.0,367,ft^3/s,Approved,[],2025-03-11T19:58:58.212270+00:00,1d5974fd48b84c7994291b887ca03571
2018-10-16,1380.0,1380,ft^3/s,Approved,[],2025-03-11T19:58:58.212270+00:00,1d5974fd48b84c7994291b887ca03571
2018-10-17,555.0,555,ft^3/s,Approved,[],2025-03-11T19:58:58.212270+00:00,1d5974fd48b84c7994291b887ca03571
2018-10-18,449.0,449,ft^3/s,Approved,[],2025-03-11T19:58:58.212270+00:00,1d5974fd48b84c7994291b887ca03571
2018-10-19,655.0,655,ft^3/s,Approved,[],2025-03-11T19:58:58.212270+00:00,1d5974fd48b84c7994291b887ca03571
2018-10-20,478.0,478,ft^3/s,Approved,[],2025-03-11T19:58:58.212270+00:00,1d5974fd48b84c7994291b887ca03571
2018-10-21,305.0,305,ft^3/s,Approved,[],2025-03-11T19:58:58.212270+00:00,1d5974fd48b84c7994291b887ca03571
2018-10-22,198.0,198,ft^3/s,Approved,[],2025-03-11T19:58:58.212270+00:00,1d5974fd48b84c7994291b887ca03571
2018-10-23,160.0,160,ft^3/s,Approved,[],2025-03-11T19:58:58.212270+00:00,1d5974fd48b84c7994291b887ca03571
2018-10-24,193.0,193,ft^3/s,Approved,[],2025-03-11T19:58:58.212270+00:00,1d5974fd48b84c7994291b887ca03571
2018-10-25,257.0,257,ft^3/s,Approved,[],2025-03-11T19:58:58.212270+00:00,1d5974fd48b84c7994291b887ca03571
2018-10-26,185.0,185,ft^3/s,Approved,[],2025-03-11T19:58:58.212270+00:00,1d5974fd48b84c7994291b887ca03571
2018-10-27,148.0,148,ft^3/s,Approved,[],2025-03-11T19:58:58.212270+00:00,1d5974fd48b84c7994291b887ca03571
2018-10-28,127.0,127,ft^3/s,Approved,[],2025-03-11T19:58:58.212270+00:00,1d5974fd48b84c7994291b887ca03571
2018-10-29,115.0,115,ft^3/s,Approved,[],2025-03-11T19:58:58.212270+00:00,1d5974fd48b84c7994291b887ca03571
2018-10-30,107.0,107,ft^3/s,Approved,[],2025-03-11T19:58:58.212270+00:00,1d5974fd48b84c7994291b887ca03571
2018-10-31,104.0,104,ft^3/s,Approved,[],2025-03-11T19:58:58.212270+00:00,1d5974fd48b84c7994291b887ca03571
2018-11-01,99.4,99.4,ft^3/s,Approved,[],2025-03-11T19:58:58.212270+00:00,1d5974fd48b84c7994291b887ca03571
2018-11-02,91.9,91.9,ft^3/s,Approved,[],2025-03-11T19:58:58.212270+00:00,1d5974fd48b84c7994291b887ca03571
2018-11-03,84.7,84.7,ft^3/s,Approved,[],2025-03-11T19:58:58.212270+00:00,1d5974fd48b84c7994291b887ca03571
2018-11-04,121.0,121,ft^3/s,Approved,[],2025-03-11T19:58:58.212270+00:00,1d5974fd48b84c7994291b887ca03571
2018-11-05,95.8,95.8,ft^3/s,Approved,[],2025-03-11T19:58:58.212270+00:00,1d5974fd48b84c7994291b887ca03571
2018-11-06,87.2,87.2,ft^3/s,Approved,[],2025-03-11T19:58:58.212270+00:00,1d5974fd48b84c7994291b887ca03571
2018-11-07,79.3,79.3,ft^3/s,Approved,[],2025-03-11T19:58:58.212270+00:00,1d5974fd48b84c7994291b887ca03571
2018-11-08,78.3,78.3,ft^3/s,Approved,[],2025-03-11T19:58:58.212270+00:00,1d5974fd48b84c7994291b887ca03571
2018-11-09,284.0,284,ft^3/s,Approved,[],2025-03-11T19:58:58.212270+00:00,1d5974fd48b84c7994291b887ca03571
2018-11-10,165.0,165,ft^3/s,Approved,[],2025-03-11T19:58:58.212270+00:00,1d5974fd48b84c7994291b887ca03571
2018-11-11,122.0,122,ft^3/s,Approved,[],2025-03-11T19:58:58.212270+00:00,1d5974fd48b84c7994291b887ca03571
2018-11-12,142.0,142,ft^3/s,Approved,[],2025-03-11T19:58:58.212270+00:00,1d5974fd48b84c7994291b887ca03571
2018-11-13,117.0,117,ft^3/s,Approved,[],2025-03-11T19:58:58.212270+00:00,1d5974fd48b84c7994291b887ca03571
2018-11-14,106.0,106,ft^3/s,Approved,[],2025-03-11T19:58:58.212270+00:00,1d5974fd48b84c7994291b887ca03571
2018-11-15,98.1,98.1,ft^3/s,Approved,[],2025-03-11T19:58:58.212270+00:00,1d5974fd48b84c7994291b887ca03571
2018-11-16,91.6,91.6,ft^3/s,Approved,[],2025-03-11T19:58:58.212270+00:00,1d5974fd48b84c7994291b887ca03571
2018-11-17,86.1,86.1,ft^3/s,Approved,[],2025-03-11T19:58:58.212270+00:00,1d5974fd48b84c7994291b887ca03571
2018-11-18,79.5,79.5,ft^3/s,Approved,[],2025-03-11T19:58:58.212270+00:00,1d5974fd48b84c7994291b887ca03571
2018-11-19,77.7,77.7,ft^3/s,Approved,[],2025-03-11T19:58:58.212270+00:00,1d5974fd48b84c7994291b887ca03571
2018-11-20,75.2,75.2,ft^3/s,Approved,[],2025-03-11T19:58:58.212270+00:00,1d5974fd48b84c7994291b887ca03571
2018-11-21,73.8,73.8,ft^3/s,Approved,[],2025-03-11T19:58:58.212270+00:00,1d5974fd48b84c7994291b887ca03571
2018-11-22,72.5,72.5,ft^3/s,Approved,[],2025-03-11T19:58:58.212270+00:00,1d5974fd48b84c7994291b887ca03571
2018-11-23,70.1,70.1,ft^3/s,Approved,[],2025-03-11T19:58:58.212270+00:00,1d5974fd48b84c7994291b887ca03571
2018-11-24,67.7,67.7,ft^3/s,Approved,[],2025-03-11T19:58:58.212270+00:00,1d5974fd48b84c7994291b887ca03571
2018-11-25,61.6,61.6,ft^3/s,Approved,[],2025-03-11T19:58:58.212270+00:00,1d5974fd48b84c7994291b887ca03571
2018-11-26,58.4,58.4,ft^3/s,Approved,[],2025-03-11T19:58:58.212270+00:00,1d5974fd48b84c7994291b887ca03571
2018-11-27,58.3,58.3,ft^3/s,Approved,[],2025-03-11T19:58:58.212270+00:00,1d5974fd48b84c7994291b887ca03571
2018-11-28,58.5,58.5,ft^3/s,Approved,[],2025-03-11T19:58:58.212270+00:00,1d5974fd48b84c7994291b887ca03571
2018-11-29,62.0,62.0,ft^3/s,Approved,[],2025-03-11T19:58:58.212270+00:00,1d5974fd48b84c7994291b887ca03571
2018-11-30,59.0,59.0,ft^3/s,Approved,[],2025-03-11T19:58:58.212270+00:00,1d5974fd48b84c7994291b887ca03571
2018-12-01,101.0,101,ft^3/s,Approved,[],2025-03-11T19:58:58.212270+00:00,1d5974fd48b84c7994291b887ca03571
2018-12-02,69.8,69.8,ft^3/s,Approved,[],2025-03-11T19:58:58.212270+00:00,1d5974fd48b84c7994291b887ca03571
2018-12-03,60.7,60.7,ft^3/s,Approved,[],2025-03-11T19:58:58.212270+00:00,1d5974fd48b84c7994291b887ca03571
2018-12-04,57.0,57.0,ft^3/s,Approved,[],2025-03-11T19:58:58.212270+00:00,1d5974fd48b84c7994291b887ca03571
2018-12-05,55.8,55.8,ft^3/s,Approved,[],2025-03-11T19:58:58.212270+00:00,1d5974fd48b84c7994291b887ca03571
2018-12-06,55.9,55.9,ft^3/s,Approved,[],2025-03-11T19:58:58.212270+00:00,1d5974fd48b84c7994291b887ca03571
2018-12-07,374.0,374,ft^3/s,Approved,[],2025-03-11T19:58:58.212270+00:00,1d5974fd48b84c7994291b887ca03571
2018-12-08,728.0,728,ft^3/s,Approved,[],2025-03-11T19:58:58.212270+00:00,1d5974fd48b84c7994291b887ca03571
2018-12-09,381.0,381,ft^3/s,Approved,[],2025-03-11T19:58:58.212270+00:00,1d5974fd48b84c7994291b887ca03571
2018-12-10,273.0,273,ft^3/s,Approved,[],2025-03-11T19:58:58.212270+00:00,1d5974fd48b84c7994291b887ca03571
2018-12-11,187.0,187,ft^3/s,Approved,[],2025-03-11T19:58:58.212270+00:00,1d5974fd48b84c7994291b887ca03571
2018-12-12,137.0,137,ft^3/s,Approved,[],2025-03-11T19:58:58.212270+00:00,1d5974fd48b84c7994291b887ca03571
2018-12-13,121.0,121,ft^3/s,Approved,[],2025-03-11T19:58:58.212270+00:00,1d5974fd48b84c7994291b887ca03571
2018-12-14,103.0,103,ft^3/s,Approved,[],2025-03-11T19:58:58.212270+00:00,1d5974fd48b84c7994291b887ca03571
2018-12-15,98.6,98.6,ft^3/s,Approved,[],2025-03-11T19:58:58.212270+00:00,1d5974fd48b84c7994291b887ca03571
2018-12-16,93.6,93.6,ft^3/s,Approved,[],2025-03-11T19:58:58.212270+00:00,1d5974fd48b84c7994291b887ca03571
2018-12-17,88.7,88.7,ft^3/s,Approved,[],2025-03-11T19:58:58.212270+00:00,1d5974fd48b84c7994291b887ca03571
2018-12-18,84.5,84.5,ft^3/s,Approved,[],2025-03-11T19:58:58.212270+00:00,1d5974fd48b84c7994291b887ca03571
2018-12-19,82.2,82.2,ft^3/s,Approved,[],2025-03-11T19:58:58.212270+00:00,1d5974fd48b84c7994291b887ca03571
2018-12-20,75.9,75.9,ft^3/s,Approved,[],2025-03-11T19:58:58.212270+00:00,1d5974fd48b84c7994291b887ca03571
2018-12-21,77.2,77.2,ft^3/s,Approved,[],2025-03-11T19:58:58.212270+00:00,1d5974fd48b84c7994291b887ca03571
2018-12-22,71.4,71.4,ft^3/s,Approved,[],2025-03-11T19:58:58.212270+00:00,1d5974fd48b84c7994291b887ca03571
2018-12-23,65.3,65.3,ft^3/s,Approved,[],2025-03-11T19:58:58.212270+00:00,1d5974fd48b84c7994291b887ca03571
2018-12-24,65.1,65.1,ft^3/s,Approved,[],2025-03-11T19:58:58.212270+00:00,1d5974fd48b84c7994291b887ca03571
2018-12-25,64.0,64.0,ft^3/s,Approved,[],2025-03-11T19:58:58.212270+00:00,1d5974fd48b84c7994291b887ca03571
2018-12-26,98.9,98.9,ft^3/s,Approved,[],2025-03-11T19:58:58.212270+00:00,1d5974fd48b84c7994291b887ca03571
2018-12-27,1150.0,1150,ft^3/s,Approved,[],2025-03-11T19:58:58.212270+00:00,1d5974fd48b84c7994291b887ca03571
2018-12-28,404.0,404,ft^3/s,Approved,[],2025-03-11T19:58:58.212270+00:00,1d5974fd48b84c7994291b887ca03571
2018-12-29,343.0,343,ft^3/s,Approved,[],2025-03-11T19:58:58.212270+00:00,1d5974fd48b84c7994291b887ca03571
2018-12-30,295.0,295,ft^3/s,Approved,[],2025-03-11T19:58:58.212270+00:00,1d5974fd48b84c7994291b887ca03571
2018-12-31,228.0,228,ft^3/s,Approved,[],2025-03-11T19:58:58.212270+00:00,1d5974fd48b84c7994291b887ca03571
2019-01-01,148.0,148,ft^3/s,Approved,[],2025-03-11T19:58:58.212270+00:00,1d5974fd48b84c7994291b887ca03571
2019-01-02,961.0,961,ft^3/s,Approved,[],2025-03-11T19:58:58.212270+00:00,1d5974fd48b84c7994291b887ca03571
2019-01-03,927.0,927,ft^3/s,Approved,[],2025-03-11T19:58:58.212270+00:00,1d5974fd48b84c7994291b887ca03571
2019-01-04,511.0,511,ft^3/s,Approved,[],2025-03-11T19:58:58.212270+00:00,1d5974fd48b84c7994291b887ca03571
2019-01-05,412.0,412,ft^3/s,Approved,[],2025-03-11T19:58:58.212270+00:00,1d5974fd48b84c7994291b887ca03571
2019-01-06,353.0,353,ft^3/s,Approved,[],2025-03-11T19:58:58.212270+00:00,1d5974fd48b84c7994291b887ca03571
2019-01-07,288.0,288,ft^3/s,Approved,[],2025-03-11T19:58:58.212270+00:00,1d5974fd48b84c7994291b887ca03571
2019-01-08,198.0,198,ft^3/s,Approved,[],2025-03-11T19:58:58.212270+00:00,1d5974fd48b84c7994291b887ca03571
2019-01-09,155.0,155,ft^3/s,Approved,[],2025-03-11T19:58:58.212270+00:00,1d5974fd48b84c7994291b887ca03571
2019-01-10,143.0,143,ft^3/s,Approved,[],2025-03-11T19:58:58.212270+00:00,1d5974fd48b84c7994291b887ca03571
2019-01-11,144.0,144,ft^3/s,Approved,[],2025-03-11T19:58:58.212270+00:00,1d5974fd48b84c7994291b887ca03571
2019-01-12,185.0,185,ft^3/s,Approved,[],2025-03-11T19:58:58.212270+00:00,1d5974fd48b84c7994291b887ca03571
2019-01-13,149.0,149,ft^3/s,Approved,[],2025-03-11T19:58:58.212270+00:00,1d5974fd48b84c7994291b887ca03571
2019-01-14,131.0,131,ft^3/s,Approved,[],2025-03-11T19:58:58.212270+00:00,1d5974fd48b84c7994291b887ca03571
2019-01-15,123.0,123,ft^3/s,Approved,[],2025-03-11T19:58:58.212270+00:00,1d5974fd48b84c7994291b887ca03571
2019-01-16,119.0,119,ft^3/s,Approved,[],2025-03-11T19:58:58.212270+00:00,1d5974fd48b84c7994291b887ca03571
2019-01-17,117.0,117,ft^3/s,Approved,[],2025-03-11T19:58:58.212270+00:00,1d5974fd48b84c7994291b887ca03571
2019-01-18,113.0,113,ft^3/s,Approved,[],2025-03-11T19:58:58.212270+00:00,1d5974fd48b84c7994291b887ca03571
2019-01-19,99.7,99.7,ft^3/s,Approved,[],2025-03-11T19:58:58.212270+00:00,1d5974fd48b84c7994291b887ca03571
2019-01-20,98.8,98.8,ft^3/s,Approved,[],2025-03-11T19:58:58.212270+00:00,1d5974fd48b84c7994291b887ca03571
2019-01-21,97.2,97.2,ft^3/s,Approved,[],2025-03-11T19:58:58.212270+00:00,1d5974fd48b84c7994291b887ca03571
2019-01-22,95.5,95.5,ft^3/s,Approved,[],2025-03-11T19:58:58.212270+00:00,1d5974fd48b84c7994291b887ca03571
2019-01-23,117.0,117,ft^3/s,Approved,[],2025-03-11T19:58:58.212270+00:00,1d5974fd48b84c7994291b887ca03571
2019-01-24,106.0,106,ft^3/s,Approved,[],2025-03-11T19:58:58.212270+00:00,1d5974fd48b84c7994291b887ca03571
2019-01-25,96.8,96.8,ft^3/s,Approved,[],2025-03-11T19:58:58.212270+00:00,1d5974fd48b84c7994291b887ca03571
2019-01-26,96.7,96.7,ft^3/s,Approved,[],2025-03-11T19:58:58.212270+00:00,1d5974fd48b84c7994291b887ca03571
2019-01-27,176.0,176,ft^3/s,Approved,[],2025-03-11T19:58:58.212270+00:00,1d5974fd48b84c7994291b887ca03571
2019-01-28,125.0,125,ft^3/s,Approved,[],2025-03-11T19:58:58.212270+00:00,1d5974fd48b84c7994291b887ca03571
2019-01-29,102.0,102,ft^3/s,Approved,[],2025-03-11T19:58:58.212270+00:00,1d5974fd48b84c7994291b887ca03571
2019-01-30,98.6,98.6,ft^3/s,Approved,[],2025-03-11T19:58:58.212270+00:00,1d5974fd48b84c7994291b887ca03571
2019-01-31,93.5,93.5,ft^3/s,Approved,[],2025-03-11T19:58:58.212270+00:00,1d5974fd48b84c7994291b887ca03571
2019-02-01,92.5,92.5,ft^3/s,Approved,[],2025-03-11T19:58:58.212270+00:00,1d5974fd48b84c7994291b887ca03571
2019-02-02,89.9,89.9,ft^3/s,Approved,[],2025-03-11T19:58:58.212270+00:00,1d5974fd48b84c7994291b887ca03571
2019-02-03,87.8,87.8,ft^3/s,Approved,[],2025-03-11T19:58:58.212270+00:00,1d5974fd48b84c7994291b887ca03571
2019-02-04,85.7,85.7,ft^3/s,Approved,[],2025-03-11T19:58:58.212270+00:00,1d5974fd48b84c7994291b887ca03571
2019-02-05,83.4,83.4,ft^3/s,Approved,[],2025-03-11T19:58:58.212270+00:00,1d5974fd48b84c7994291b887ca03571
2019-02-06,81.7,81.7,ft^3/s,Approved,[],2025-03-11T19:58:58.212270+00:00,1d5974fd48b84c7994291b887ca03571
2019-02-07,74.9,74.9,ft^3/s,Approved,[],2025-03-11T19:58:58.212270+00:00,1d5974fd48b84c7994291b887ca03571
2019-02-08,67.1,67.1,ft^3/s,Approved,[],2025-03-11T19:58:58.212270+00:00,1d5974fd48b84c7994291b887ca03571
2019-02-09,71.6,71.6,ft^3/s,Approved,[],2025-03-11T19:58:58.212270+00:00,1d5974fd48b84c7994291b887ca03571
2019-02-10,75.6,75.6,ft^3/s,Approved,[],2025-03-11T19:58:58.212270+00:00,1d5974fd48b84c7994291b887ca03571
2019-02-11,77.5,77.5,ft^3/s,Approved,[],2025-03-11T19:58:58.212270+00:00,1d5974fd48b84c7994291b887ca03571
2019-02-12,73.8,73.8,ft^3/s,Approved,[],2025-03-11T19:58:58.212270+00:00,1d5974fd48b84c7994291b887ca03571
2019-02-13,71.1,71.1,ft^3/s,Approved,[],2025-03-11T19:58:58.212270+00:00,1d5974fd48b84c7994291b887ca03571
2019-02-14,69.2,69.2,ft^3/s,Approved,[],2025-03-11T19:58:58.212270+00:00,1d5974fd48b84c7994291b887ca03571
2019-02-15,67.0,67.0,ft^3/s,Approved,[],2025-03-11T19:58:58.212270+00:00,1d5974fd48b84c7994291b887ca03571
2019-02-16,61.8,61.8,ft^3/s,Approved,[],2025-03-11T19:58:58.212270+00:00,1d5974fd48b84c7994291b887ca03571
2019-02-17,59.9,59.9,ft^3/s,Approved,[],2025-03-11T19:58:58.212270+00:00,1d5974fd48b84c7994291b887ca03571
2019-02-18,57.8,57.8,ft^3/s,Approved,[],2025-03-11T19:58:58.212270+00:00,1d5974fd48b84c7994291b887ca03571
2019-02-19,62.6,62.6,ft^3/s,Approved,[],2025-03-11T19:58:58.212270+00:00,1d5974fd48b84c7994291b887ca03571
2019-02-20,66.6,66.6,ft^3/s,Approved,[],2025-03-11T19:58:58.212270+00:00,1d5974fd48b84c7994291b887ca03571
2019-02-21,63.2,63.2,ft^3/s,Approved,[],2025-03-11T19:58:58.212270+00:00,1d5974fd48b84c7994291b887ca03571
2019-02-22,62.6,62.6,ft^3/s,Approved,[],2025-03-11T19:58:58.212270+00:00,1d5974fd48b84c7994291b887ca03571
2019-02-23,60.2,60.2,ft^3/s,Approved,[],2025-03-11T19:58:58.212270+00:00,1d5974fd48b84c7994291b887ca03571
2019-02-24,55.3,55.3,ft^3/s,Approved,[],2025-03-11T19:58:58.212270+00:00,1d5974fd48b84c7994291b887ca03571
2019-02-25,55.1,55.1,ft^3/s,Approved,[],2025-03-11T19:58:58.212270+00:00,1d5974fd48b84c7994291b887ca03571
2019-02-26,54.1,54.1,ft^3/s,Approved,[],2025-03-11T19:58:58.212270+00:00,1d5974fd48b84c7994291b887ca03571
2019-02-27,53.7,53.7,ft^3/s,Approved,[],2025-03-11T19:58:58.212270+00:00,1d5974fd48b84c7994291b887ca03571
2019-02-28,51.3,51.3,ft^3/s,Approved,[],2025-03-11T19:58:58.212270+00:00,1d5974fd48b84c7994291b887ca03571
2019-03-01,51.7,51.7,ft^3/s,Approved,[],2025-03-11T19:58:58.212270+00:00,1d5974fd48b84c7994291b887ca03571
2019-03-02,50.0,50.0,ft^3/s,Approved,[],2025-03-11T19:58:58.212270+00:00,1d5974fd48b84c7994291b887ca03571
2019-03-03,46.6,46.6,ft^3/s,Approved,[],2025-03-11T19:58:58.212270+00:00,1d5974fd48b84c7994291b887ca03571
2019-03-04,44.2,44.2,ft^3/s,Approved,[],2025-03-11T19:58:58.212270+00:00,1d5974fd48b84c7994291b887ca03571
2019-03-05,45.4,45.4,ft^3/s,Approved,[],2025-03-11T19:58:58.212270+00:00,1d5974fd48b84c7994291b887ca03571
2019-03-06,46.2,46.2,ft^3/s,Approved,[],2025-03-11T19:58:58.212270+00:00,1d5974fd48b84c7994291b887ca03571
2019-03-07,45.2,45.2,ft^3/s,Approved,[],2025-03-11T19:58:58.212270+00:00,1d5974fd48b84c7994291b887ca03571
2019-03-08,45.3,45.3,ft^3/s,Approved,[],2025-03-11T19:58:58.212270+00:00,1d5974fd48b84c7994291b887ca03571
2019-03-09,49.2,49.2,ft^3/s,Approved,[],2025-03-11T19:58:58.212270+00:00,1d5974fd48b84c7994291b887ca03571
2019-03-10,49.9,49.9,ft^3/s,Approved,[],2025-03-11T19:58:58.212270+00:00,1d5974fd48b84c7994291b887ca03571
2019-03-11,48.2,48.2,ft^3/s,Approved,[],2025-03-11T19:58:58.212270+00:00,1d5974fd48b84c7994291b887ca03571
2019-03-12,48.5,48.5,ft^3/s,Approved,[],2025-03-11T19:58:58.212270+00:00,1d5974fd48b84c7994291b887ca03571
2019-03-13,92.3,92.3,ft^3/s,Approved,[],2025-03-11T19:58:58.212270+00:00,1d5974fd48b84c7994291b887ca03571
2019-03-14,73.4,73.4,ft^3/s,Approved,[],2025-03-11T19:58:58.212270+00:00,1d5974fd48b84c7994291b887ca03571
2019-03-15,59.0,59.0,ft^3/s,Approved,[],2025-03-11T19:58:58.212270+00:00,1d5974fd48b84c7994291b887ca03571
2019-03-16,55.1,55.1,ft^3/s,Approved,[],2025-03-11T19:58:58.212270+00:00,1d5974fd48b84c7994291b887ca03571
2019-03-17,51.6,51.6,ft^3/s,Approved,[],2025-03-11T19:58:58.212270+00:00,1d5974fd48b84c7994291b887ca03571
2019-03-18,48.5,48.5,ft^3/s,Approved,[],2025-03-11T19:58:58.212270+00:00,1d5974fd48b84c7994291b887ca03571
2019-03-19,47.6,47.6,ft^3/s,Approved,[],2025-03-11T19:58:58.212270+00:00,1d5974fd48b84c7994291b887ca03571
2019-03-20,44.6,44.6,ft^3/s,Approved,[],2025-03-11T19:58:58.212270+00:00,1d5974fd48b84c7994291b887ca03571
2019-03-21,46.6,46.6,ft^3/s,Approved,[],2025-03-11T19:58:58.212270+00:00,1d5974fd48b84c7994291b887ca03571
2019-03-22,44.8,44.8,ft^3/s,Approved,[],2025-03-11T19:58:58.212270+00:00,1d5974fd48b84c7994291b887ca03571
2019-03-23,43.1,43.1,ft^3/s,Approved,[],2025-03-11T19:58:58.212270+00:00,1d5974fd48b84c7994291b887ca03571
2019-03-24,40.7,40.7,ft^3/s,Approved,[],2025-03-11T19:58:58.212270+00:00,1d5974fd48b84c7994291b887ca03571
2019-03-25,38.6,38.6,ft^3/s,Approved,[],2025-03-11T19:58:58.212270+00:00,1d5974fd48b84c7994291b887ca03571
2019-03-26,37.5,37.5,ft^3/s,Approved,[],2025-03-11T19:58:58.212270+00:00,1d5974fd48b84c7994291b887ca03571
2019-03-27,36.7,36.7,ft^3/s,Approved,[],2025-03-11T19:58:58.212270+00:00,1d5974fd48b84c7994291b887ca03571
2019-03-28,37.3,37.3,ft^3/s,Approved,[],2025-03-11T19:58:58.212270+00:00,1d5974fd48b84c7994291b887ca03571
2019-03-29,37.4,37.4,ft^3/s,Approved,[],2025-03-11T19:58:58.212270+00:00,1d5974fd48b84c7994291b887ca03571
2019-03-30,35.9,35.9,ft^3/s,Approved,[],2025-03-11T19:58:58.212270+00:00,1d5974fd48b84c7994291b887ca03571
2019-03-31,35.4,35.4,ft^3/s,Approved,[],2025-03-11T19:58:58.212270+00:00,1d5974fd48b84c7994291b887ca03571
2019-04-01,36.0,36.0,ft^3/s,Approved,[],2025-03-11T19:58:58.212270+00:00,1d5974fd48b84c7994291b887ca03571
2019-04-02,36.2,36.2,ft^3/s,Approved,[],2025-03-11T19:58:58.212270+00:00,1d5974fd48b84c7994291b887ca03571
2019-04-03,35.8,35.8,ft^3/s,Approved,[],2025-03-11T19:58:58.212270+00:00,1d5974fd48b84c7994291b887ca03571
2019-04-04,36.5,36.5,ft^3/s,Approved,[],2025-03-11T19:58:58.212270+00:00,1d5974fd48b84c7994291b887ca03571
2019-04-05,36.2,36.2,ft^3/s,Approved,[],2025-03-11T19:58:58.212270+00:00,1d5974fd48b84c7994291b887ca03571
2019-04-06,340.0,340,ft^3/s,Approved,[],2025-03-11T19:58:58.212270+00:00,1d5974fd48b84c7994291b887ca03571
2019-04-07,342.0,342,ft^3/s,Approved,[],2025-03-11T19:58:58.212270+00:00,1d5974fd48b84c7994291b887ca03571
2019-04-08,230.0,230,ft^3/s,Approved,[],2025-03-11T19:58:58.212270+00:00,1d5974fd48b84c7994291b887ca03571
2019-04-09,133.0,133,ft^3/s,Approved,[],2025-03-11T19:58:58.212270+00:00,1d5974fd48b84c7994291b887ca03571
2019-04-10,99.6,99.6,ft^3/s,Approved,[],2025-03-11T19:58:58.212270+00:00,1d5974fd48b84c7994291b887ca03571
2019-04-11,81.7,81.7,ft^3/s,Approved,[],2025-03-11T19:58:58.212270+00:00,1d5974fd48b84c7994291b887ca03571
2019-04-12,71.8,71.8,ft^3/s,Approved,[],2025-03-11T19:58:58.212270+00:00,1d5974fd48b84c7994291b887ca03571
2019-04-13,112.0,112,ft^3/s,Approved,[],2025-03-11T19:58:58.212270+00:00,1d5974fd48b84c7994291b887ca03571
2019-04-14,108.0,108,ft^3/s,Approved,[],2025-03-11T19:58:58.212270+00:00,1d5974fd48b84c7994291b887ca03571
2019-04-15,85.8,85.8,ft^3/s,Approved,[],2025-03-11T19:58:58.212270+00:00,1d5974fd48b84c7994291b887ca03571
2019-04-16,73.1,73.1,ft^3/s,Approved,[],2025-03-11T19:58:58.212270+00:00,1d5974fd48b84c7994291b887ca03571
2019-04-17,68.8,68.8,ft^3/s,Approved,[],2025-03-11T19:58:58.212270+00:00,1d5974fd48b84c7994291b887ca03571
2019-04-18,256.0,256,ft^3/s,Approved,[],2025-03-11T19:58:58.212270+00:00,1d5974fd48b84c7994291b887ca03571
2019-04-19,164.0,164,ft^3/s,Approved,[],2025-03-11T19:58:58.212270+00:00,1d5974fd48b84c7994291b887ca03571
2019-04-20,110.0,110,ft^3/s,Approved,[],2025-03-11T19:58:58.212270+00:00,1d5974fd48b84c7994291b887ca03571
2019-04-21,89.7,89.7,ft^3/s,Approved,[],2025-03-11T19:58:58.212270+00:00,1d5974fd48b84c7994291b887ca03571
2019-04-22,77.3,77.3,ft^3/s,Approved,[],2025-03-11T19:58:58.212270+00:00,1d5974fd48b84c7994291b887ca03571
2019-04-23,71.3,71.3,ft^3/s,Approved,[],2025-03-11T19:58:58.212270+00:00,1d5974fd48b84c7994291b887ca03571
2019-04-24,536.0,536,ft^3/s,Approved,[],2025-03-11T19:58:58.212270+00:00,1d5974fd48b84c7994291b887ca03571
2019-04-25,541.0,541,ft^3/s,Approved,[],2025-03-11T19:58:58.212270+00:00,1d5974fd48b84c7994291b887ca03571
2019-04-26,369.0,369,ft^3/s,Approved,[],2025-03-11T19:58:58.212270+00:00,1d5974fd48b84c7994291b887ca03571
2019-04-27,251.0,251,ft^3/s,Approved,[],2025-03-11T19:58:58.212270+00:00,1d5974fd48b84c7994291b887ca03571
2019-04-28,147.0,147,ft^3/s,Approved,[],2025-03-11T19:58:58.212270+00:00,1d5974fd48b84c7994291b887ca03571
2019-04-29,118.0,118,ft^3/s,Approved,[],2025-03-11T19:58:58.212270+00:00,1d5974fd48b84c7994291b887ca03571
2019-04-30,104.0,104,ft^3/s,Approved,[],2025-03-11T19:58:58.212270+00:00,1d5974fd48b84c7994291b887ca03571
2019-05-01,95.8,95.8,ft^3/s,Approved,[],2025-03-11T19:58:58.212270+00:00,1d5974fd48b84c7994291b887ca03571
2019-05-02,102.0,102,ft^3/s,Approved,[],2025-03-11T19:58:58.212270+00:00,1d5974fd48b84c7994291b887ca03571
2019-05-03,272.0,272,ft^3/s,Approved,[],2025-03-11T19:58:58.212270+00:00,1d5974fd48b84c7994291b887ca03571
2019-05-04,510.0,510,ft^3/s,Approved,[],2025-03-11T19:58:58.212270+00:00,1d5974fd48b84c7994291b887ca03571
2019-05-05,325.0,325,ft^3/s,Approved,[],2025-03-11T19:58:58.212270+00:00,1d5974fd48b84c7994291b887ca03571
2019-05-06,251.0,251,ft^3/s,Approved,[],2025-03-11T19:58:58.212270+00:00,1d5974fd48b84c7994291b887ca03571
2019-05-07,344.0,344,ft^3/s,Approved,[],2025-03-11T19:58:58.212270+00:00,1d5974fd48b84c7994291b887ca03571
2019-05-08,698.0,698,ft^3/s,Approved,[],2025-03-11T19:58:58.212270+00:00,1d5974fd48b84c7994291b887ca03571
2019-05-09,445.0,445,ft^3/s,Approved,[],2025-03-11T19:58:58.212270+00:00,1d5974fd48b84c7994291b887ca03571
2019-05-10,326.0,326,ft^3/s,Approved,[],2025-03-11T19:58:58.212270+00:00,1d5974fd48b84c7994291b887ca03571
2019-05-11,270.0,270,ft^3/s,Approved,[],2025-03-11T19:58:58.212270+00:00,1d5974fd48b84c7994291b887ca03571
2019-05-12,221.0,221,ft^3/s,Approved,[],2025-03-11T19:58:58.212270+00:00,1d5974fd48b84c7994291b887ca03571
2019-05-13,161.0,161,ft^3/s,Approved,[],2025-03-11T19:58:58.212270+00:00,1d5974fd48b84c7994291b887ca03571
2019-05-14,139.0,139,ft^3/s,Approved,[],2025-03-11T19:58:58.212270+00:00,1d5974fd48b84c7994291b887ca03571
2019-05-15,127.0,127,ft^3/s,Approved,[],2025-03-11T19:58:58.212270+00:00,1d5974fd48b84c7994291b887ca03571
2019-05-16,117.0,117,ft^3/s,Approved,[],2025-03-11T19:58:58.212270+00:00,1d5974fd48b84c7994291b887ca03571
2019-05-17,111.0,111,ft^3/s,Approved,[],2025-03-11T19:58:58.212270+00:00,1d5974fd48b84c7994291b887ca03571
2019-05-18,106.0,106,ft^3/s,Approved,[],2025-03-11T19:58:58.212270+00:00,1d5974fd48b84c7994291b887ca03571
2019-05-19,105.0,105,ft^3/s,Approved,[],2025-03-11T19:58:58.212270+00:00,1d5974fd48b84c7994291b887ca03571
2019-05-20,96.9,96.9,ft^3/s,Approved,[],2025-03-11T19:58:58.212270+00:00,1d5974fd48b84c7994291b887ca03571
2019-05-21,101.0,101,ft^3/s,Approved,[],2025-03-11T19:58:58.212270+00:00,1d5974fd48b84c7994291b887ca03571
2019-05-22,98.3,98.3,ft^3/s,Approved,[],2025-03-11T19:58:58.212270+00:00,1d5974fd48b84c7994291b887ca03571
2019-05-23,87.6,87.6,ft^3/s,Approved,[],2025-03-11T19:58:58.212270+00:00,1d5974fd48b84c7994291b887ca03571
2019-05-24,81.2,81.2,ft^3/s,Approved,[],2025-03-11T19:58:58.212270+00:00,1d5974fd48b84c7994291b887ca03571
2019-05-25,76.5,76.5,ft^3/s,Approved,[],2025-03-11T19:58:58.212270+00:00,1d5974fd48b84c7994291b887ca03571
2019-05-26,72.9,72.9,ft^3/s,Approved,[],2025-03-11T19:58:58.212270+00:00,1d5974fd48b84c7994291b887ca03571
2019-05-27,68.7,68.7,ft^3/s,Approved,[],2025-03-11T19:58:58.212270+00:00,1d5974fd48b84c7994291b887ca03571
2019-05-28,66.5,66.5,ft^3/s,Approved,[],2025-03-11T19:58:58.212270+00:00,1d5974fd48b84c7994291b887ca03571
2019-05-29,64.9,64.9,ft^3/s,Approved,[],2025-03-11T19:58:58.212270+00:00,1d5974fd48b84c7994291b887ca03571
2019-05-30,79.2,79.2,ft^3/s,Approved,[],2025-03-11T19:58:58.212270+00:00,1d5974fd48b84c7994291b887ca03571
2019-05-31,70.1,70.1,ft^3/s,Approved,[],2025-03-11T19:58:58.212270+00:00,1d5974fd48b84c7994291b887ca03571
2019-06-01,63.5,63.5,ft^3/s,Approved,[],2025-03-11T19:58:58.212270+00:00,1d5974fd48b84c7994291b887ca03571
2019-06-02,60.1,60.1,ft^3/s,Approved,[],2025-03-11T19:58:58.212270+00:00,1d5974fd48b84c7994291b887ca03571
2019-06-03,57.5,57.5,ft^3/s,Approved,[],2025-03-11T19:58:58.212270+00:00,1d5974fd48b84c7994291b887ca03571
2019-06-04,64.9,64.9,ft^3/s,Approved,[],2025-03-11T19:58:58.212270+00:00,1d5974fd48b84c7994291b887ca03571
2019-06-05,208.0,208,ft^3/s,Approved,[],2025-03-11T19:58:58.212270+00:00,1d5974fd48b84c7994291b887ca03571
2019-06-06,238.0,238,ft^3/s,Approved,[],2025-03-11T19:58:58.212270+00:00,1d5974fd48b84c7994291b887ca03571
2019-06-07,146.0,146,ft^3/s,Approved,[],2025-03-11T19:58:58.212270+00:00,1d5974fd48b84c7994291b887ca03571
2019-06-08,101.0,101,ft^3/s,Approved,[],2025-03-11T19:58:58.212270+00:00,1d5974fd48b84c7994291b887ca03571
2019-06-09,106.0,106,ft^3/s,Approved,[],2025-03-11T19:58:58.212270+00:00,1d5974fd48b84c7994291b887ca03571
2019-06-10,156.0,156,ft^3/s,Approved,[],2025-03-11T19:58:58.212270+00:00,1d5974fd48b84c7994291b887ca03571
2019-06-11,104.0,104,ft^3/s,Approved,[],2025-03-11T19:58:58.212270+00:00,1d5974fd48b84c7994291b887ca03571
2019-06-12,85.0,85.0,ft^3/s,Approved,[],2025-03-11T19:58:58.212270+00:00,1d5974fd48b84c7994291b887ca03571
2019-06-13,73.0,73.0,ft^3/s,Approved,[],2025-03-11T19:58:58.212270+00:00,1d5974fd48b84c7994291b887ca03571
2019-06-14,66.0,66.0,ft^3/s,Approved,[],2025-03-11T19:58:58.212270+00:00,1d5974fd48b84c7994291b887ca03571
2019-06-15,61.5,61.5,ft^3/s,Approved,[],2025-03-11T19:58:58.212270+00:00,1d5974fd48b84c7994291b887ca03571
2019-06-16,59.5,59.5,ft^3/s,Approved,[],2025-03-11T19:58:58.212270+00:00,1d5974fd48b84c7994291b887ca03571
2019-06-17,308.0,308,ft^3/s,Approved,[],2025-03-11T19:58:58.212270+00:00,1d5974fd48b84c7994291b887ca03571
2019-06-18,143.0,143,ft^3/s,Approved,[],2025-03-11T19:58:58.212270+00:00,1d5974fd48b84c7994291b887ca03571
2019-06-19,96.1,96.1,ft^3/s,Approved,[],2025-03-11T19:58:58.212270+00:00,1d5974fd48b84c7994291b887ca03571
2019-06-20,77.2,77.2,ft^3/s,Approved,[],2025-03-11T19:58:58.212270+00:00,1d5974fd48b84c7994291b887ca03571
2019-06-21,69.2,69.2,ft^3/s,Approved,[],2025-03-11T19:58:58.212270+00:00,1d5974fd48b84c7994291b887ca03571
2019-06-22,62.1,62.1,ft^3/s,Approved,[],2025-03-11T19:58:58.212270+00:00,1d5974fd48b84c7994291b887ca03571
2019-06-23,59.1,59.1,ft^3/s,Approved,[],2025-03-11T19:58:58.212270+00:00,1d5974fd48b84c7994291b887ca03571
2019-06-24,104.0,104,ft^3/s,Approved,[],2025-03-11T19:58:58.212270+00:00,1d5974fd48b84c7994291b887ca03571
2019-06-25,121.0,121,ft^3/s,Approved,[],2025-03-11T19:58:58.212270+00:00,1d5974fd48b84c7994291b887ca03571
2019-06-26,86.6,86.6,ft^3/s,Approved,[],2025-03-11T19:58:58.212270+00:00,1d5974fd48b84c7994291b887ca03571
2019-06-27,70.6,70.6,ft^3/s,Approved,[],2025-03-11T19:58:58.212270+00:00,1d5974fd48b84c7994291b887ca03571
2019-06-28,181.0,181,ft^3/s,Approved,[],2025-03-11T19:58:58.212270+00:00,1d5974fd48b84c7994291b887ca03571
2019-06-29,110.0,110,ft^3/s,Approved,[],2025-03-11T19:58:58.212270+00:00,1d5974fd48b84c7994291b887ca03571
2019-06-30,190.0,190,ft^3/s,Approved,[],2025-03-11T19:58:58.212270+00:00,1d5974fd48b84c7994291b887ca03571
2019-07-01,139.0,139,ft^3/s,Approved,[],2025-03-11T19:58:58.212270+00:00,1d5974fd48b84c7994291b887ca03571
2019-07-02,98.8,98.8,ft^3/s,Approved,[],2025-03-11T19:58:58.212270+00:00,1d5974fd48b84c7994291b887ca03571
2019-07-03,90.1,90.1,ft^3/s,Approved,[],2025-03-11T19:58:58.212270+00:00,1d5974fd48b84c7994291b887ca03571
2019-07-04,76.1,76.1,ft^3/s,Approved,[],2025-03-11T19:58:58.212270+00:00,1d5974fd48b84c7994291b887ca03571
2019-07-05,67.7,67.7,ft^3/s,Approved,[],2025-03-11T19:58:58.212270+00:00,1d5974fd48b84c7994291b887ca03571
2019-07-06,60.2,60.2,ft^3/s,Approved,[],2025-03-11T19:58:58.212270+00:00,1d5974fd48b84c7994291b887ca03571
2019-07-07,55.4,55.4,ft^3/s,Approved,[],2025-03-11T19:58:58.212270+00:00,1d5974fd48b84c7994291b887ca03571
2019-07-08,67.5,67.5,ft^3/s,Approved,[],2025-03-11T19:58:58.212270+00:00,1d5974fd48b84c7994291b887ca03571
2019-07-09,77.2,77.2,ft^3/s,Approved,[],2025-03-11T19:58:58.212270+00:00,1d5974fd48b84c7994291b887ca03571
2019-07-10,70.2,70.2,ft^3/s,Approved,[],2025-03-11T19:58:58.212270+00:00,1d5974fd48b84c7994291b887ca03571
2019-07-11,59.5,59.5,ft^3/s,Approved,[],2025-03-11T19:58:58.212270+00:00,1d5974fd48b84c7994291b887ca03571
2019-07-12,52.8,52.8,ft^3/s,Approved,[],2025-03-11T19:58:58.212270+00:00,1d5974fd48b84c7994291b887ca03571
2019-07-13,45.6,45.6,ft^3/s,Approved,[],2025-03-11T19:58:58.212270+00:00,1d5974fd48b84c7994291b887ca03571
2019-07-14,42.9,42.9,ft^3/s,Approved,[],2025-03-11T19:58:58.212270+00:00,1d5974fd48b84c7994291b887ca03571
2019-07-15,40.1,40.1,ft^3/s,Approved,[],2025-03-11T19:58:58.212270+00:00,1d5974fd48b84c7994291b887ca03571
2019-07-16,37.8,37.8,ft^3/s,Approved,[],2025-03-11T19:58:58.212270+00:00,1d5974fd48b84c7994291b887ca03571
2019-07-17,34.9,34.9,ft^3/s,Approved,[],2025-03-11T19:58:58.212270+00:00,1d5974fd48b84c7994291b887ca03571
2019-07-18,32.9,32.9,ft^3/s,Approved,[],2025-03-11T19:58:58.212270+00:00,1d5974fd48b84c7994291b887ca03571
2019-07-19,31.5,31.5,ft^3/s,Approved,[],2025-03-11T19:58:58.212270+00:00,1d5974fd48b84c7994291b887ca03571
2019-07-20,30.2,30.2,ft^3/s,Approved,[],2025-03-11T19:58:58.212270+00:00,1d5974fd48b84c7994291b887ca03571
2019-07-21,28.7,28.7,ft^3/s,Approved,[],2025-03-11T19:58:58.212270+00:00,1d5974fd48b84c7994291b887ca03571
2019-07-22,27.3,27.3,ft^3/s,Approved,[],2025-03-11T19:58:58.212270+00:00,1d5974fd48b84c7994291b887ca03571
2019-07-23,25.0,25.0,ft^3/s,Approved,[],2025-03-11T19:58:58.212270+00:00,1d5974fd48b84c7994291b887ca03571
2019-07-24,24.6,24.6,ft^3/s,Approved,[],2025-03-11T19:58:58.212270+00:00,1d5974fd48b84c7994291b887ca03571
2019-07-25,23.3,23.3,ft^3/s,Approved,[],2025-03-11T19:58:58.212270+00:00,1d5974fd48b84c7994291b887ca03571
2019-07-26,23.8,23.8,ft^3/s,Approved,[],2025-03-11T19:58:58.212270+00:00,1d5974fd48b84c7994291b887ca03571
2019-07-27,21.6,21.6,ft^3/s,Approved,[],2025-03-11T19:58:58.212270+00:00,1d5974fd48b84c7994291b887ca03571
2019-07-28,20.6,20.6,ft^3/s,Approved,[],2025-03-11T19:58:58.212270+00:00,1d5974fd48b84c7994291b887ca03571
2019-07-29,20.3,20.3,ft^3/s,Approved,[],2025-03-11T19:58:58.212270+00:00,1d5974fd48b84c7994291b887ca03571
2019-07-30,19.0,19.0,ft^3/s,Approved,[],2025-03-11T19:58:58.212270+00:00,1d5974fd48b84c7994291b887ca03571
2019-07-31,17.6,17.6,ft^3/s,Approved,[],2025-03-11T19:58:58.212270+00:00,1d5974fd48b84c7994291b887ca03571
2019-08-01,16.6,16.6,ft^3/s,Approved,[],2025-03-11T19:58:58.212270+00:00,1d5974fd48b84c7994291b887ca03571
2019-08-02,15.8,15.8,ft^3/s,Approved,[],2025-03-11T19:58:58.212270+00:00,1d5974fd48b84c7994291b887ca03571
2019-08-03,15.5,15.5,ft^3/s,Approved,[],2025-03-11T19:58:58.212270+00:00,1d5974fd48b84c7994291b887ca03571
2019-08-04,17.8,17.8,ft^3/s,Approved,[],2025-03-11T19:58:58.212270+00:00,1d5974fd48b84c7994291b887ca03571
2019-08-05,18.1,18.1,ft^3/s,Approved,[],2025-03-11T19:58:58.212270+00:00,1d5974fd48b84c7994291b887ca03571
2019-08-06,16.1,16.1,ft^3/s,Approved,[],2025-03-11T19:58:58.212270+00:00,1d5974fd48b84c7994291b887ca03571
2019-08-07,14.1,14.1,ft^3/s,Approved,[],2025-03-11T19:58:58.212270+00:00,1d5974fd48b84c7994291b887ca03571
2019-08-08,13.4,13.4,ft^3/s,Approved,[],2025-03-11T19:58:58.212270+00:00,1d5974fd48b84c7994291b887ca03571
2019-08-09,12.1,12.1,ft^3/s,Approved,[],2025-03-11T19:58:58.212270+00:00,1d5974fd48b84c7994291b887ca03571
2019-08-10,11.2,11.2,ft^3/s,Approved,[],2025-03-11T19:58:58.212270+00:00,1d5974fd48b84c7994291b887ca03571
2019-08-11,10.1,10.1,ft^3/s,Approved,[],2025-03-11T19:58:58.212270+00:00,1d5974fd48b84c7994291b887ca03571
2019-08-12,10.4,10.4,ft^3/s,Approved,[],2025-03-11T19:58:58.212270+00:00,1d5974fd48b84c7994291b887ca03571
2019-08-13,10.0,10.0,ft^3/s,Approved,[],2025-03-11T19:58:58.212270+00:00,1d5974fd48b84c7994291b887ca03571
2019-08-14,8.5,8.50,ft^3/s,Approved,[],2025-03-11T19:58:58.212270+00:00,1d5974fd48b84c7994291b887ca03571
2019-08-15,8.57,8.57,ft^3/s,Approved,[],2025-03-11T19:58:58.212270+00:00,1d5974fd48b84c7994291b887ca03571
2019-08-16,8.54,8.54,ft^3/s,Approved,[],2025-03-11T19:58:58.212270+00:00,1d5974fd48b84c7994291b887ca03571
2019-08-17,8.06,8.06,ft^3/s,Approved,[],2025-03-11T19:58:58.212270+00:00,1d5974fd48b84c7994291b887ca03571
2019-08-18,7.26,7.26,ft^3/s,Approved,[],2025-03-11T19:58:58.212270+00:00,1d5974fd48b84c7994291b887ca03571
2019-08-19,7.76,7.76,ft^3/s,Approved,[],2025-03-11T19:58:58.212270+00:00,1d5974fd48b84c7994291b887ca03571
2019-08-20,6.66,6.66,ft^3/s,Approved,[],2025-03-11T19:58:58.212270+00:00,1d5974fd48b84c7994291b887ca03571
2019-08-21,5.98,5.98,ft^3/s,Approved,[],2025-03-11T19:58:58.212270+00:00,1d5974fd48b84c7994291b887ca03571
2019-08-22,6.18,6.18,ft^3/s,Approved,[],2025-03-11T19:58:58.212270+00:00,1d5974fd48b84c7994291b887ca03571
2019-08-23,6.42,6.42,ft^3/s,Approved,[],2025-03-11T19:58:58.212270+00:00,1d5974fd48b84c7994291b887ca03571
2019-08-24,6.11,6.11,ft^3/s,Approved,[],2025-03-11T19:58:58.212270+00:00,1d5974fd48b84c7994291b887ca03571
2019-08-25,7.02,7.02,ft^3/s,Approved,[],2025-03-11T19:58:58.212270+00:00,1d5974fd48b84c7994291b887ca03571
2019-08-26,7.03,7.03,ft^3/s,Approved,[],2025-03-11T19:58:58.212270+00:00,1d5974fd48b84c7994291b887ca03571
2019-08-27,6.99,6.99,ft^3/s,Approved,[],2025-03-11T19:58:58.212270+00:00,1d5974fd48b84c7994291b887ca03571
2019-08-28,6.69,6.69,ft^3/s,Approved,[],2025-03-11T19:58:58.212270+00:00,1d5974fd48b84c7994291b887ca03571
2019-08-29,6.03,6.03,ft^3/s,Approved,[],2025-03-11T19:58:58.212270+00:00,1d5974fd48b84c7994291b887ca03571
2019-08-30,5.57,5.57,ft^3/s,Approved,[],2025-03-11T19:58:58.212270+00:00,1d5974fd48b84c7994291b887ca03571
2019-08-31,5.34,5.34,ft^3/s,Approved,[],2025-03-11T19:58:58.212270+00:00,1d5974fd48b84c7994291b887ca03571
2019-09-01,6.08,6.08,ft^3/s,Approved,[],2025-03-11T19:58:58.212270+00:00,1d5974fd48b84c7994291b887ca03571
2019-09-02,6.22,6.22,ft^3/s,Approved,[],2025-03-11T19:58:58.212270+00:00,1d5974fd48b84c7994291b887ca03571
2019-09-03,5.11,5.11,ft^3/s,Approved,[],2025-03-11T19:58:58.212270+00:00,1d5974fd48b84c7994291b887ca03571
2019-09-04,5.1,5.10,ft^3/s,Approved,[],2025-03-11T19:58:58.212270+00:00,1d5974fd48b84c7994291b887ca03571
2019-09-05,4.98,4.98,ft^3/s,Approved,[],2025-03-11T19:58:58.212270+00:00,1d5974fd48b84c7994291b887ca03571
2019-09-06,3.99,3.99,ft^3/s,Approved,[],2025-03-11T19:58:58.212270+00:00,1d5974fd48b84c7994291b887ca03571
2019-09-07,3.82,3.82,ft^3/s,Approved,[],2025-03-11T19:58:58.212270+00:00,1d5974fd48b84c7994291b887ca03571
2019-09-08,4.09,4.09,ft^3/s,Approved,[],2025-03-11T19:58:58.212270+00:00,1d5974fd48b84c7994291b887ca03571
2019-09-09,4.35,4.35,ft^3/s,Approved,[],2025-03-11T19:58:58.212270+00:00,1d5974fd48b84c7994291b887ca03571
2019-09-10,5.37,5.37,ft^3/s,Approved,[],2025-03-11T19:58:58.212270+00:00,1d5974fd48b84c7994291b887ca03571
2019-09-11,9.03,9.03,ft^3/s,Approved,[],2025-03-11T19:58:58.212270+00:00,1d5974fd48b84c7994291b887ca03571
2019-09-12,5.92,5.92,ft^3/s,Approved,[],2025-03-11T19:58:58.212270+00:00,1d5974fd48b84c7994291b887ca03571
2019-09-13,5.79,5.79,ft^3/s,Approved,[],2025-03-11T19:58:58.212270+00:00,1d5974fd48b84c7994291b887ca03571
2019-09-14,4.91,4.91,ft^3/s,Approved,[],2025-03-11T19:58:58.212270+00:00,1d5974fd48b84c7994291b887ca03571
2019-09-15,4.66,4.66,ft^3/s,Approved,[],2025-03-11T19:58:58.212270+00:00,1d5974fd48b84c7994291b887ca03571
2019-09-16,4.85,4.85,ft^3/s,Approved,[],2025-03-11T19:58:58.212270+00:00,1d5974fd48b84c7994291b887ca03571
2019-09-17,5.05,5.05,ft^3/s,Approved,[],2025-03-11T19:58:58.212270+00:00,1d5974fd48b84c7994291b887ca03571
2019-09-18,4.83,4.83,ft^3/s,Approved,[],2025-03-11T19:58:58.212270+00:00,1d5974fd48b84c7994291b887ca03571
2019-09-19,4.9,4.90,ft^3/s,Approved,[],2025-03-11T19:58:58.212270+00:00,1d5974fd48b84c7994291b887ca03571
2019-09-20,5.13,5.13,ft^3/s,Approved,[],2025-03-11T19:58:58.212270+00:00,1d5974fd48b84c7994291b887ca03571
2019-09-21,5.16,5.16,ft^3/s,Approved,[],2025-03-11T19:58:58.212270+00:00,1d5974fd48b84c7994291b887ca03571
2019-09-22,4.93,4.93,ft^3/s,Approved,[],2025-03-11T19:58:58.212270+00:00,1d5974fd48b84c7994291b887ca03571
2019-09-23,4.85,4.85,ft^3/s,Approved,[],2025-03-11T19:58:58.212270+00:00,1d5974fd48b84c7994291b887ca03571
2019-09-24,4.73,4.73,ft^3/s,Approved,[],2025-03-11T19:58:58.212270+00:00,1d5974fd48b84c7994291b887ca03571
2019-09-25,4.03,4.03,ft^3/s,Approved,[],2025-03-11T19:58:58.212270+00:00,1d5974fd48b84c7994291b887ca03571
2019-09-26,3.4,3.40,ft^3/s,Approved,[],2025-03-11T19:58:58.212270+00:00,1d5974fd48b84c7994291b887ca03571
2019-09-27,3.52,3.52,ft^3/s,Approved,[],2025-03-11T19:58:58.212270+00:00,1d5974fd48b84c7994291b887ca03571
2019-09-28,4.94,4.94,ft^3/s,Approved,[],2025-03-11T19:58:58.212270+00:00,1d5974fd48b84c7994291b887ca03571
2019-09-29,6.36,6.36,ft^3/s,Approved,[],2025-03-11T19:58:58.212270+00:00,1d5974fd48b84c7994291b887ca03571
2019-09-30,6.54,6.54,ft^3/s,Approved,[],2025-03-11T19:58:58.212270+00:00,1d5974fd48b84c7994291b887ca03571
2019-10-01,5.86,5.86,ft^3/s,Approved,[],2025-03-11T19:58:58.212270+00:00,1d5974fd48b84c7994291b887ca03571
2019-10-02,4.49,4.49,ft^3/s,Approved,[],2025-03-11T19:58:58.212270+00:00,1d5974fd48b84c7994291b887ca03571
2019-10-03,4.01,4.01,ft^3/s,Approved,[],2025-03-11T19:58:58.212270+00:00,1d5974fd48b84c7994291b887ca03571
2019-10-04,3.91,3.91,ft^3/s,Approved,[],2025-03-11T19:58:58.212270+00:00,1d5974fd48b84c7994291b887ca03571
2019-10-05,3.81,3.81,ft^3/s,Approved,[],2025-03-11T19:58:58.212270+00:00,1d5974fd48b84c7994291b887ca03571
2019-10-06,4.15,4.15,ft^3/s,Approved,[],2025-03-11T19:58:58.212270+00:00,1d5974fd48b84c7994291b887ca03571
2019-10-07,3.91,3.91,ft^3/s,Approved,[],2025-03-11T19:58:58.212270+00:00,1d5974fd48b84c7994291b887ca03571
2019-10-08,3.75,3.75,ft^3/s,Approved,[],2025-03-11T19:58:58.212270+00:00,1d5974fd48b84c7994291b887ca03571
2019-10-09,3.67,3.67,ft^3/s,Approved,[],2025-03-11T19:58:58.212270+00:00,1d5974fd48b84c7994291b887ca03571
2019-10-10,3.44,3.44,ft^3/s,Approved,[],2025-03-11T19:58:58.212270+00:00,1d5974fd48b84c7994291b887ca03571
2019-10-11,13.3,13.3,ft^3/s,Approved,[],2025-03-11T19:58:58.212270+00:00,1d5974fd48b84c7994291b887ca03571
2019-10-12,15.6,15.6,ft^3/s,Approved,[],2025-03-11T19:58:58.212270+00:00,1d5974fd48b84c7994291b887ca03571
2019-10-13,10.0,10.0,ft^3/s,Approved,[],2025-03-11T19:58:58.212270+00:00,1d5974fd48b84c7994291b887ca03571
2019-10-14,9.87,9.87,ft^3/s,Approved,[],2025-03-11T19:58:58.212270+00:00,1d5974fd48b84c7994291b887ca03571
2019-10-15,9.55,9.55,ft^3/s,Approved,[],2025-03-11T19:58:58.212270+00:00,1d5974fd48b84c7994291b887ca03571
2019-10-16,17.2,17.2,ft^3/s,Approved,[],2025-03-11T19:58:58.212270+00:00,1d5974fd48b84c7994291b887ca03571
2019-10-17,16.8,16.8,ft^3/s,Approved,[],2025-03-11T19:58:58.212270+00:00,1d5974fd48b84c7994291b887ca03571
2019-10-18,13.0,13.0,ft^3/s,Approved,[],2025-03-11T19:58:58.212270+00:00,1d5974fd48b84c7994291b887ca03571
2019-10-19,11.4,11.4,ft^3/s,Approved,[],2025-03-11T19:58:58.212270+00:00,1d5974fd48b84c7994291b887ca03571
2019-10-20,9.98,9.98,ft^3/s,Approved,[],2025-03-11T19:58:58.212270+00:00,1d5974fd48b84c7994291b887ca03571
2019-10-21,30.0,30.0,ft^3/s,Approved,[],2025-03-11T19:58:58.212270+00:00,1d5974fd48b84c7994291b887ca03571
2019-10-22,17.9,17.9,ft^3/s,Approved,[],2025-03-11T19:58:58.212270+00:00,1d5974fd48b84c7994291b887ca03571
2019-10-23,13.1,13.1,ft^3/s,Approved,[],2025-03-11T19:58:58.212270+00:00,1d5974fd48b84c7994291b887ca03571
2019-10-24,82.5,82.5,ft^3/s,Approved,[],2025-03-11T19:58:58.212270+00:00,1d5974fd48b84c7994291b887ca03571
2019-10-25,226.0,226,ft^3/s,Approved,[],2025-03-11T19:58:58.212270+00:00,1d5974fd48b84c7994291b887ca03571
2019-10-26,108.0,108,ft^3/s,Approved,[],2025-03-11T19:58:58.212270+00:00,1d5974fd48b84c7994291b887ca03571
2019-10-27,65.8,65.8,ft^3/s,Approved,[],2025-03-11T19:58:58.212270+00:00,1d5974fd48b84c7994291b887ca03571
2019-10-28,49.2,49.2,ft^3/s,Approved,[],2025-03-11T19:58:58.212270+00:00,1d5974fd48b84c7994291b887ca03571
2019-10-29,42.9,42.9,ft^3/s,Approved,[],2025-03-11T19:58:58.212270+00:00,1d5974fd48b84c7994291b887ca03571
2019-10-30,36.8,36.8,ft^3/s,Approved,[],2025-03-11T19:58:58.212270+00:00,1d5974fd48b84c7994291b887ca03571
2019-10-31,36.8,36.8,ft^3/s,Approved,[],2025-03-11T19:58:58.212270+00:00,1d5974fd48b84c7994291b887ca03571
2019-11-01,37.5,37.5,ft^3/s,Approved,[],2025-03-11T19:58:58.212270+00:00,1d5974fd48b84c7994291b887ca03571
2019-11-02,33.6,33.6,ft^3/s,Approved,[],2025-03-11T19:58:58.212270+00:00,1d5974fd48b84c7994291b887ca03571
2019-11-03,32.5,32.5,ft^3/s,Approved,[],2025-03-11T19:58:58.212270+00:00,1d5974fd48b84c7994291b887ca03571
2019-11-04,31.0,31.0,ft^3/s,Approved,[],2025-03-11T19:58:58.212270+00:00,1d5974fd48b84c7994291b887ca03571
2019-11-05,28.6,28.6,ft^3/s,Approved,[],2025-03-11T19:58:58.212270+00:00,1d5974fd48b84c7994291b887ca03571
2019-11-06,27.6,27.6,ft^3/s,Approved,[],2025-03-11T19:58:58.212270+00:00,1d5974fd48b84c7994291b887ca03571
2019-11-07,41.5,41.5,ft^3/s,Approved,[],2025-03-11T19:58:58.212270+00:00,1d5974fd48b84c7994291b887ca03571
2019-11-08,52.7,52.7,ft^3/s,Approved,[],2025-03-11T19:58:58.212270+00:00,1d5974fd48b84c7994291b887ca03571
2019-11-09,43.5,43.5,ft^3/s,Approved,[],2025-03-11T19:58:58.212270+00:00,1d5974fd48b84c7994291b887ca03571
2019-11-10,39.3,39.3,ft^3/s,Approved,[],2025-03-11T19:58:58.212270+00:00,1d5974fd48b84c7994291b887ca03571
2019-11-11,34.9,34.9,ft^3/s,Approved,[],2025-03-11T19:58:58.212270+00:00,1d5974fd48b84c7994291b887ca03571
2019-11-12,40.3,40.3,ft^3/s,Approved,[],2025-03-11T19:58:58.212270+00:00,1d5974fd48b84c7994291b887ca03571
2019-11-13,41.8,41.8,ft^3/s,Approved,[],2025-03-11T19:58:58.212270+00:00,1d5974fd48b84c7994291b887ca03571
2019-11-14,39.8,39.8,ft^3/s,Approved,[],2025-03-11T19:58:58.212270+00:00,1d5974fd48b84c7994291b887ca03571
2019-11-15,38.9,38.9,ft^3/s,Approved,[],2025-03-11T19:58:58.212270+00:00,1d5974fd48b84c7994291b887ca03571
2019-11-16,36.5,36.5,ft^3/s,Approved,[],2025-03-11T19:58:58.212270+00:00,1d5974fd48b84c7994291b887ca03571
2019-11-17,35.6,35.6,ft^3/s,Approved,[],2025-03-11T19:58:58.212270+00:00,1d5974fd48b84c7994291b887ca03571
2019-11-18,34.6,34.6,ft^3/s,Approved,[],2025-03-11T19:58:58.212270+00:00,1d5974fd48b84c7994291b887ca03571
2019-11-19,31.9,31.9,ft^3/s,Approved,[],2025-03-11T19:58:58.212270+00:00,1d5974fd48b84c7994291b887ca03571
2019-11-20,32.1,32.1,ft^3/s,Approved,[],2025-03-11T19:58:58.212270+00:00,1d5974fd48b84c7994291b887ca03571
2019-11-21,32.7,32.7,ft^3/s,Approved,[],2025-03-11T19:58:58.212270+00:00,1d5974fd48b84c7994291b887ca03571
2019-11-22,30.8,30.8,ft^3/s,Approved,[],2025-03-11T19:58:58.212270+00:00,1d5974fd48b84c7994291b887ca03571
2019-11-23,30.6,30.6,ft^3/s,Approved,[],2025-03-11T19:58:58.212270+00:00,1d5974fd48b84c7994291b887ca03571
2019-11-24,30.8,30.8,ft^3/s,Approved,[],2025-03-11T19:58:58.212270+00:00,1d5974fd48b84c7994291b887ca03571
2019-11-25,29.9,29.9,ft^3/s,Approved,[],2025-03-11T19:58:58.212270+00:00,1d5974fd48b84c7994291b887ca03571
2019-11-26,29.7,29.7,ft^3/s,Approved,[],2025-03-11T19:58:58.212270+00:00,1d5974fd48b84c7994291b887ca03571
2019-11-27,26.8,26.8,ft^3/s,Approved,[],2025-03-11T19:58:58.212270+00:00,1d5974fd48b84c7994291b887ca03571
2019-11-28,26.9,26.9,ft^3/s,Approved,[],2025-03-11T19:58:58.212270+00:00,1d5974fd48b84c7994291b887ca03571
2019-11-29,29.8,29.8,ft^3/s,Approved,[],2025-03-11T19:58:58.212270+00:00,1d5974fd48b84c7994291b887ca03571
2019-11-30,31.7,31.7,ft^3/s,Approved,[],2025-03-11T19:58:58.212270+00:00,1d5974fd48b84c7994291b887ca03571
2019-12-01,29.7,29.7,ft^3/s,Approved,[],2025-03-11T19:58:58.212270+00:00,1d5974fd48b84c7994291b887ca03571
2019-12-02,28.4,28.4,ft^3/s,Approved,[],2025-03-11T19:58:58.212270+00:00,1d5974fd48b84c7994291b887ca03571
2019-12-03,27.6,27.6,ft^3/s,Approved,[],2025-03-11T19:58:58.212270+00:00,1d5974fd48b84c7994291b887ca03571
2019-12-04,27.2,27.2,ft^3/s,Approved,[],2025-03-11T19:58:58.212270+00:00,1d5974fd48b84c7994291b887ca03571
2019-12-05,26.7,26.7,ft^3/s,Approved,[],2025-03-11T19:58:58.212270+00:00,1d5974fd48b84c7994291b887ca03571
2019-12-06,25.9,25.9,ft^3/s,Approved,[],2025-03-11T19:58:58.212270+00:00,1d5974fd48b84c7994291b887ca03571
2019-12-07,25.3,25.3,ft^3/s,Approved,[],2025-03-11T19:58:58.212270+00:00,1d5974fd48b84c7994291b887ca03571
2019-12-08,25.8,25.8,ft^3/s,Approved,[],2025-03-11T19:58:58.212270+00:00,1d5974fd48b84c7994291b887ca03571
2019-12-09,25.0,25.0,ft^3/s,Approved,[],2025-03-11T19:58:58.212270+00:00,1d5974fd48b84c7994291b887ca03571
2019-12-10,37.4,37.4,ft^3/s,Approved,[],2025-03-11T19:58:58.212270+00:00,1d5974fd48b84c7994291b887ca03571
2019-12-11,41.9,41.9,ft^3/s,Approved,[],2025-03-11T19:58:58.212270+00:00,1d5974fd48b84c7994291b887ca03571
2019-12-12,36.0,36.0,ft^3/s,Approved,[],2025-03-11T19:58:58.212270+00:00,1d5974fd48b84c7994291b887ca03571
2019-12-13,33.5,33.5,ft^3/s,Approved,[],2025-03-11T19:58:58.212270+00:00,1d5974fd48b84c7994291b887ca03571
2019-12-14,31.3,31.3,ft^3/s,Approved,[],2025-03-11T19:58:58.212270+00:00,1d5974fd48b84c7994291b887ca03571
2019-12-15,30.2,30.2,ft^3/s,Approved,[],2025-03-11T19:58:58.212270+00:00,1d5974fd48b84c7994291b887ca03571
2019-12-16,27.8,27.8,ft^3/s,Approved,[],2025-03-11T19:58:58.212270+00:00,1d5974fd48b84c7994291b887ca03571
2019-12-17,25.4,25.4,ft^3/s,Approved,[],2025-03-11T19:58:58.212270+00:00,1d5974fd48b84c7994291b887ca03571
2019-12-18,27.2,27.2,ft^3/s,Approved,[],2025-03-11T19:58:58.212270+00:00,1d5974fd48b84c7994291b887ca03571
2019-12-19,25.5,25.5,ft^3/s,Approved,[],2025-03-11T19:58:58.212270+00:00,1d5974fd48b84c7994291b887ca03571
2019-12-20,33.3,33.3,ft^3/s,Approved,[],2025-03-11T19:58:58.212270+00:00,1d5974fd48b84c7994291b887ca03571
2019-12-21,46.0,46.0,ft^3/s,Approved,[],2025-03-11T19:58:58.212270+00:00,1d5974fd48b84c7994291b887ca03571
2019-12-22,38.9,38.9,ft^3/s,Approved,[],2025-03-11T19:58:58.212270+00:00,1d5974fd48b84c7994291b887ca03571
2019-12-23,34.9,34.9,ft^3/s,Approved,[],2025-03-11T19:58:58.212270+00:00,1d5974fd48b84c7994291b887ca03571
2019-12-24,33.4,33.4,ft^3/s,Approved,[],2025-03-11T19:58:58.212270+00:00,1d5974fd48b84c7994291b887ca03571
2019-12-25,33.8,33.8,ft^3/s,Approved,[],2025-03-11T19:58:58.212270+00:00,1d5974fd48b84c7994291b887ca03571
2019-12-26,30.8,30.8,ft^3/s,Approved,[],2025-03-11T19:58:58.212270+00:00,1d5974fd48b84c7994291b887ca03571
2019-12-27,30.6,30.6,ft^3/s,Approved,[],2025-03-11T19:58:58.212270+00:00,1d5974fd48b84c7994291b887ca03571
2019-12-28,31.8,31.8,ft^3/s,Approved,[],2025-03-11T19:58:58.212270+00:00,1d5974fd48b84c7994291b887ca03571
2019-12-29,32.1,32.1,ft^3/s,Approved,[],2025-03-11T19:58:58.212270+00:00,1d5974fd48b84c7994291b887ca03571
2019-12-30,29.2,29.2,ft^3/s,Approved,[],2025-03-11T19:58:58.212270+00:00,1d5974fd48b84c7994291b887ca03571
2019-12-31,28.4,28.4,ft^3/s,Approved,[],2025-03-11T19:58:58.212270+00:00,1d5974fd48b84c7994291b887ca03571
2020-01-01,28.8,28.8,ft^3/s,Approved,[],2025-03-11T19:58:58.212270+00:00,1d5974fd48b84c7994291b887ca03571
2020-01-02,27.9,27.9,ft^3/s,Approved,[],2025-03-11T19:58:58.212270+00:00,1d5974fd48b84c7994291b887ca03571
2020-01-03,27.2,27.2,ft^3/s,Approved,[],2025-03-11T19:58:58.212270+00:00,1d5974fd48b84c7994291b887ca03571
2020-01-04,26.5,26.5,ft^3/s,Approved,[],2025-03-11T19:58:58.212270+00:00,1d5974fd48b84c7994291b887ca03571
2020-01-05,26.8,26.8,ft^3/s,Approved,[],2025-03-11T19:58:58.212270+00:00,1d5974fd48b84c7994291b887ca03571
2020-01-06,25.7,25.7,ft^3/s,Approved,[],2025-03-11T19:58:58.212270+00:00,1d5974fd48b84c7994291b887ca03571
2020-01-07,24.6,24.6,ft^3/s,Approved,[],2025-03-11T19:58:58.212270+00:00,1d5974fd48b84c7994291b887ca03571
2020-01-08,24.3,24.3,ft^3/s,Approved,[],2025-03-11T19:58:58.212270+00:00,1d5974fd48b84c7994291b887ca03571
2020-01-09,25.5,25.5,ft^3/s,Approved,[],2025-03-11T19:58:58.212270+00:00,1d5974fd48b84c7994291b887ca03571
2020-01-10,65.9,65.9,ft^3/s,Approved,[],2025-03-11T19:58:58.212270+00:00,1d5974fd48b84c7994291b887ca03571
2020-01-11,160.0,160,ft^3/s,Approved,[],2025-03-11T19:58:58.212270+00:00,1d5974fd48b84c7994291b887ca03571
2020-01-12,77.3,77.3,ft^3/s,Approved,[],2025-03-11T19:58:58.212270+00:00,1d5974fd48b84c7994291b887ca03571
2020-01-13,54.2,54.2,ft^3/s,Approved,[],2025-03-11T19:58:58.212270+00:00,1d5974fd48b84c7994291b887ca03571
2020-01-14,44.9,44.9,ft^3/s,Approved,[],2025-03-11T19:58:58.212270+00:00,1d5974fd48b84c7994291b887ca03571
2020-01-15,40.3,40.3,ft^3/s,Approved,[],2025-03-11T19:58:58.212270+00:00,1d5974fd48b84c7994291b887ca03571
2020-01-16,49.3,49.3,ft^3/s,Approved,[],2025-03-11T19:58:58.212270+00:00,1d5974fd48b84c7994291b887ca03571
2020-01-17,78.2,78.2,ft^3/s,Approved,[],2025-03-11T19:58:58.212270+00:00,1d5974fd48b84c7994291b887ca03571
2020-01-18,50.4,50.4,ft^3/s,Approved,[],2025-03-11T19:58:58.212270+00:00,1d5974fd48b84c7994291b887ca03571
2020-01-19,41.6,41.6,ft^3/s,Approved,[],2025-03-11T19:58:58.212270+00:00,1d5974fd48b84c7994291b887ca03571
2020-01-20,39.9,39.9,ft^3/s,Approved,[],2025-03-11T19:58:58.212270+00:00,1d5974fd48b84c7994291b887ca03571
2020-01-21,37.4,37.4,ft^3/s,Approved,[],2025-03-11T19:58:58.212270+00:00,1d5974fd48b84c7994291b887ca03571
2020-01-22,80.8,80.8,ft^3/s,Approved,[],2025-03-11T19:58:58.212270+00:00,1d5974fd48b84c7994291b887ca03571
2020-01-23,81.8,81.8,ft^3/s,Approved,[],2025-03-11T19:58:58.212270+00:00,1d5974fd48b84c7994291b887ca03571
2020-01-24,66.7,66.7,ft^3/s,Approved,[],2025-03-11T19:58:58.212270+00:00,1d5974fd48b84c7994291b887ca03571
2020-01-25,56.8,56.8,ft^3/s,Approved,[],2025-03-11T19:58:58.212270+00:00,1d5974fd48b84c7994291b887ca03571
2020-01-26,49.6,49.6,ft^3/s,Approved,[],2025-03-11T19:58:58.212270+00:00,1d5974fd48b84c7994291b887ca03571
2020-01-27,47.3,47.3,ft^3/s,Approved,[],2025-03-11T19:58:58.212270+00:00,1d5974fd48b84c7994291b887ca03571
2020-01-28,77.5,77.5,ft^3/s,Approved,[],2025-03-11T19:58:58.212270+00:00,1d5974fd48b84c7994291b887ca03571
2020-01-29,68.7,68.7,ft^3/s,Approved,[],2025-03-11T19:58:58.212270+00:00,1d5974fd48b84c7994291b887ca03571
2020-01-30,57.9,57.9,ft^3/s,Approved,[],2025-03-11T19:58:58.212270+00:00,1d5974fd48b84c7994291b887ca03571
2020-01-31,48.4,48.4,ft^3/s,Approved,[],2025-03-11T19:58:58.212270+00:00,1d5974fd48b84c7994291b887ca03571
2020-02-01,44.7,44.7,ft^3/s,Approved,[],2025-03-11T19:58:58.212270+00:00,1d5974fd48b84c7994291b887ca03571
2020-02-02,41.6,41.6,ft^3/s,Approved,[],2025-03-11T19:58:58.212270+00:00,1d5974fd48b84c7994291b887ca03571
2020-02-03,39.3,39.3,ft^3/s,Approved,[],2025-03-11T19:58:58.212270+00:00,1d5974fd48b84c7994291b887ca03571
2020-02-04,35.5,35.5,ft^3/s,Approved,[],2025-03-11T19:58:58.212270+00:00,1d5974fd48b84c7994291b887ca03571
2020-02-05,31.7,31.7,ft^3/s,Approved,[],2025-03-11T19:58:58.212270+00:00,1d5974fd48b84c7994291b887ca03571
2020-02-06,34.7,34.7,ft^3/s,Approved,[],2025-03-11T19:58:58.212270+00:00,1d5974fd48b84c7994291b887ca03571
2020-02-07,34.1,34.1,ft^3/s,Approved,[],2025-03-11T19:58:58.212270+00:00,1d5974fd48b84c7994291b887ca03571
2020-02-08,32.3,32.3,ft^3/s,Approved,[],2025-03-11T19:58:58.212270+00:00,1d5974fd48b84c7994291b887ca03571
2020-02-09,33.9,33.9,ft^3/s,Approved,[],2025-03-11T19:58:58.212270+00:00,1d5974fd48b84c7994291b887ca03571
2020-02-10,34.7,34.7,ft^3/s,Approved,[],2025-03-11T19:58:58.212270+00:00,1d5974fd48b84c7994291b887ca03571
2020-02-11,85.9,85.9,ft^3/s,Approved,[],2025-03-11T19:58:58.212270+00:00,1d5974fd48b84c7994291b887ca03571
2020-02-12,547.0,547,ft^3/s,Approved,[],2025-03-11T19:58:58.212270+00:00,1d5974fd48b84c7994291b887ca03571
2020-02-13,299.0,299,ft^3/s,Approved,[],2025-03-11T19:58:58.212270+00:00,1d5974fd48b84c7994291b887ca03571
2020-02-14,141.0,141,ft^3/s,Approved,[],2025-03-11T19:58:58.212270+00:00,1d5974fd48b84c7994291b887ca03571
2020-02-15,105.0,105,ft^3/s,Approved,[],2025-03-11T19:58:58.212270+00:00,1d5974fd48b84c7994291b887ca03571
2020-02-16,88.0,88.0,ft^3/s,Approved,[],2025-03-11T19:58:58.212270+00:00,1d5974fd48b84c7994291b887ca03571
2020-02-17,80.1,80.1,ft^3/s,Approved,[],2025-03-11T19:58:58.212270+00:00,1d5974fd48b84c7994291b887ca03571
2020-02-18,71.3,71.3,ft^3/s,Approved,[],2025-03-11T19:58:58.212270+00:00,1d5974fd48b84c7994291b887ca03571
2020-02-19,67.2,67.2,ft^3/s,Approved,[],2025-03-11T19:58:58.212270+00:00,1d5974fd48b84c7994291b887ca03571
2020-02-20,99.5,99.5,ft^3/s,Approved,[],2025-03-11T19:58:58.212270+00:00,1d5974fd48b84c7994291b887ca03571
2020-02-21,92.2,92.2,ft^3/s,Approved,[],2025-03-11T19:58:58.212270+00:00,1d5974fd48b84c7994291b887ca03571
2020-02-22,80.5,80.5,ft^3/s,Approved,[],2025-03-11T19:58:58.212270+00:00,1d5974fd48b84c7994291b887ca03571
2020-02-23,74.2,74.2,ft^3/s,Approved,[],2025-03-11T19:58:58.212270+00:00,1d5974fd48b84c7994291b887ca03571
2020-02-24,73.7,73.7,ft^3/s,Approved,[],2025-03-11T19:58:58.212270+00:00,1d5974fd48b84c7994291b887ca03571
2020-02-25,66.8,66.8,ft^3/s,Approved,[],2025-03-11T19:58:58.212270+00:00,1d5974fd48b84c7994291b887ca03571
2020-02-26,57.5,57.5,ft^3/s,Approved,[],2025-03-11T19:58:58.212270+00:00,1d5974fd48b84c7994291b887ca03571
2020-02-27,58.5,58.5,ft^3/s,Approved,[],2025-03-11T19:58:58.212270+00:00,1d5974fd48b84c7994291b887ca03571
2020-02-28,55.9,55.9,ft^3/s,Approved,[],2025-03-11T19:58:58.212270+00:00,1d5974fd48b84c7994291b887ca03571
2020-02-29,54.7,54.7,ft^3/s,Approved,[],2025-03-11T19:58:58.212270+00:00,1d5974fd48b84c7994291b887ca03571
2020-03-01,52.8,52.8,ft^3/s,Approved,[],2025-03-11T19:58:58.212270+00:00,1d5974fd48b84c7994291b887ca03571
2020-03-02,52.5,52.5,ft^3/s,Approved,[],2025-03-11T19:58:58.212270+00:00,1d5974fd48b84c7994291b887ca03571
2020-03-03,50.3,50.3,ft^3/s,Approved,[],2025-03-11T19:58:58.212270+00:00,1d5974fd48b84c7994291b887ca03571
2020-03-04,289.0,289,ft^3/s,Approved,[],2025-03-11T19:58:58.212270+00:00,1d5974fd48b84c7994291b887ca03571
2020-03-05,223.0,223,ft^3/s,Approved,[],2025-03-11T19:58:58.212270+00:00,1d5974fd48b84c7994291b887ca03571
2020-03-06,121.0,121,ft^3/s,Approved,[],2025-03-11T19:58:58.212270+00:00,1d5974fd48b84c7994291b887ca03571
2020-03-07,93.5,93.5,ft^3/s,Approved,[],2025-03-11T19:58:58.212270+00:00,1d5974fd48b84c7994291b887ca03571
2020-03-08,80.2,80.2,ft^3/s,Approved,[],2025-03-11T19:58:58.212270+00:00,1d5974fd48b84c7994291b887ca03571
2020-03-09,74.7,74.7,ft^3/s,Approved,[],2025-03-11T19:58:58.212270+00:00,1d5974fd48b84c7994291b887ca03571
2020-03-10,71.2,71.2,ft^3/s,Approved,[],2025-03-11T19:58:58.212270+00:00,1d5974fd48b84c7994291b887ca03571
2020-03-11,66.0,66.0,ft^3/s,Approved,[],2025-03-11T19:58:58.212270+00:00,1d5974fd48b84c7994291b887ca03571
2020-03-12,61.4,61.4,ft^3/s,Approved,[],2025-03-11T19:58:58.212270+00:00,1d5974fd48b84c7994291b887ca03571
2020-03-13,58.5,58.5,ft^3/s,Approved,[],2025-03-11T19:58:58.212270+00:00,1d5974fd48b84c7994291b887ca03571
2020-03-14,54.3,54.3,ft^3/s,Approved,[],2025-03-11T19:58:58.212270+00:00,1d5974fd48b84c7994291b887ca03571
2020-03-15,55.3,55.3,ft^3/s,Approved,[],2025-03-11T19:58:58.212270+00:00,1d5974fd48b84c7994291b887ca03571
2020-03-16,55.2,55.2,ft^3/s,Approved,[],2025-03-11T19:58:58.212270+00:00,1d5974fd48b84c7994291b887ca03571
2020-03-17,54.6,54.6,ft^3/s,Approved,[],2025-03-11T19:58:58.212270+00:00,1d5974fd48b84c7994291b887ca03571
2020-03-18,57.6,57.6,ft^3/s,Approved,[],2025-03-11T19:58:58.212270+00:00,1d5974fd48b84c7994291b887ca03571
2020-03-19,58.5,58.5,ft^3/s,Approved,[],2025-03-11T19:58:58.212270+00:00,1d5974fd48b84c7994291b887ca03571
2020-03-20,127.0,127,ft^3/s,Approved,[],2025-03-11T19:58:58.212270+00:00,1d5974fd48b84c7994291b887ca03571
2020-03-21,255.0,255,ft^3/s,Approved,[],2025-03-11T19:58:58.212270+00:00,1d5974fd48b84c7994291b887ca03571
2020-03-22,376.0,376,ft^3/s,Approved,[],2025-03-11T19:58:58.212270+00:00,1d5974fd48b84c7994291b887ca03571
2020-03-23,183.0,183,ft^3/s,Approved,[],2025-03-11T19:58:58.212270+00:00,1d5974fd48b84c7994291b887ca03571
2020-03-24,128.0,128,ft^3/s,Approved,[],2025-03-11T19:58:58.212270+00:00,1d5974fd48b84c7994291b887ca03571
2020-03-25,106.0,106,ft^3/s,Approved,[],2025-03-11T19:58:58.212270+00:00,1d5974fd48b84c7994291b887ca03571
2020-03-26,92.3,92.3,ft^3/s,Approved,[],2025-03-11T19:58:58.212270+00:00,1d5974fd48b84c7994291b887ca03571
2020-03-27,83.1,83.1,ft^3/s,Approved,[],2025-03-11T19:58:58.212270+00:00,1d5974fd48b84c7994291b887ca03571
2020-03-28,77.1,77.1,ft^3/s,Approved,[],2025-03-11T19:58:58.212270+00:00,1d5974fd48b84c7994291b887ca03571
2020-03-29,72.4,72.4,ft^3/s,Approved,[],2025-03-11T19:58:58.212270+00:00,1d5974fd48b84c7994291b887ca03571
2020-03-30,99.6,99.6,ft^3/s,Approved,[],2025-03-11T19:58:58.212270+00:00,1d5974fd48b84c7994291b887ca03571
2020-03-31,85.0,85.0,ft^3/s,Approved,[],2025-03-11T19:58:58.212270+00:00,1d5974fd48b84c7994291b887ca03571
2020-04-01,74.3,74.3,ft^3/s,Approved,[],2025-03-11T19:58:58.212270+00:00,1d5974fd48b84c7994291b887ca03571
2020-04-02,83.3,83.3,ft^3/s,Approved,[],2025-03-11T19:58:58.212270+00:00,1d5974fd48b84c7994291b887ca03571
2020-04-03,163.0,163,ft^3/s,Approved,[],2025-03-11T19:58:58.212270+00:00,1d5974fd48b84c7994291b887ca03571
2020-04-04,256.0,256,ft^3/s,Approved,[],2025-03-11T19:58:58.212270+00:00,1d5974fd48b84c7994291b887ca03571
2020-04-05,227.0,227,ft^3/s,Approved,[],2025-03-11T19:58:58.212270+00:00,1d5974fd48b84c7994291b887ca03571
2020-04-06,148.0,148,ft^3/s,Approved,[],2025-03-11T19:58:58.212270+00:00,1d5974fd48b84c7994291b887ca03571
2020-04-07,120.0,120,ft^3/s,Approved,[],2025-03-11T19:58:58.212270+00:00,1d5974fd48b84c7994291b887ca03571
2020-04-08,103.0,103,ft^3/s,Approved,[],2025-03-11T19:58:58.212270+00:00,1d5974fd48b84c7994291b887ca03571
2020-04-09,174.0,174,ft^3/s,Approved,[],2025-03-11T19:58:58.212270+00:00,1d5974fd48b84c7994291b887ca03571
2020-04-10,214.0,214,ft^3/s,Approved,[],2025-03-11T19:58:58.212270+00:00,1d5974fd48b84c7994291b887ca03571
2020-04-11,137.0,137,ft^3/s,Approved,[],2025-03-11T19:58:58.212270+00:00,1d5974fd48b84c7994291b887ca03571
2020-04-12,142.0,142,ft^3/s,Approved,[],2025-03-11T19:58:58.212270+00:00,1d5974fd48b84c7994291b887ca03571
2020-04-13,120.0,120,ft^3/s,Approved,[],2025-03-11T19:58:58.212270+00:00,1d5974fd48b84c7994291b887ca03571
2020-04-14,101.0,101,ft^3/s,Approved,[],2025-03-11T19:58:58.212270+00:00,1d5974fd48b84c7994291b887ca03571
2020-04-15,90.2,90.2,ft^3/s,Approved,[],2025-03-11T19:58:58.212270+00:00,1d5974fd48b84c7994291b887ca03571
2020-04-16,83.5,83.5,ft^3/s,Approved,[],2025-03-11T19:58:58.212270+00:00,1d5974fd48b84c7994291b887ca03571
2020-04-17,78.5,78.5,ft^3/s,Approved,[],2025-03-11T19:58:58.212270+00:00,1d5974fd48b84c7994291b887ca03571
2020-04-18,76.7,76.7,ft^3/s,Approved,[],2025-03-11T19:58:58.212270+00:00,1d5974fd48b84c7994291b887ca03571
2020-04-19,74.2,74.2,ft^3/s,Approved,[],2025-03-11T19:58:58.212270+00:00,1d5974fd48b84c7994291b887ca03571
2020-04-20,69.3,69.3,ft^3/s,Approved,[],2025-03-11T19:58:58.212270+00:00,1d5974fd48b84c7994291b887ca03571
2020-04-21,64.6,64.6,ft^3/s,Approved,[],2025-03-11T19:58:58.212270+00:00,1d5974fd48b84c7994291b887ca03571
2020-04-22,104.0,104,ft^3/s,Approved,[],2025-03-11T19:58:58.212270+00:00,1d5974fd48b84c7994291b887ca03571
2020-04-23,73.2,73.2,ft^3/s,Approved,[],2025-03-11T19:58:58.212270+00:00,1d5974fd48b84c7994291b887ca03571
2020-04-24,64.0,64.0,ft^3/s,Approved,[],2025-03-11T19:58:58.212270+00:00,1d5974fd48b84c7994291b887ca03571
2020-04-25,57.7,57.7,ft^3/s,Approved,[],2025-03-11T19:58:58.212270+00:00,1d5974fd48b84c7994291b887ca03571
2020-04-26,54.4,54.4,ft^3/s,Approved,[],2025-03-11T19:58:58.212270+00:00,1d5974fd48b84c7994291b887ca03571
2020-04-27,52.6,52.6,ft^3/s,Approved,[],2025-03-11T19:58:58.212270+00:00,1d5974fd48b84c7994291b887ca03571
2020-04-28,50.2,50.2,ft^3/s,Approved,[],2025-03-11T19:58:58.212270+00:00,1d5974fd48b84c7994291b887ca03571
2020-04-29,125.0,125,ft^3/s,Approved,[],2025-03-11T19:58:58.212270+00:00,1d5974fd48b84c7994291b887ca03571
2020-04-30,80.3,80.3,ft^3/s,Approved,[],2025-03-11T19:58:58.212270+00:00,1d5974fd48b84c7994291b887ca03571
2020-05-01,66.3,66.3,ft^3/s,Approved,[],2025-03-11T19:58:58.212270+00:00,1d5974fd48b84c7994291b887ca03571
2020-05-02,57.2,57.2,ft^3/s,Approved,[],2025-03-11T19:58:58.212270+00:00,1d5974fd48b84c7994291b887ca03571
2020-05-03,52.1,52.1,ft^3/s,Approved,[],2025-03-11T19:58:58.212270+00:00,1d5974fd48b84c7994291b887ca03571
2020-05-04,47.7,47.7,ft^3/s,Approved,[],2025-03-11T19:58:58.212270+00:00,1d5974fd48b84c7994291b887ca03571
2020-05-05,45.6,45.6,ft^3/s,Approved,[],2025-03-11T19:58:58.212270+00:00,1d5974fd48b84c7994291b887ca03571
2020-05-06,42.6,42.6,ft^3/s,Approved,[],2025-03-11T19:58:58.212270+00:00,1d5974fd48b84c7994291b887ca03571
2020-05-07,41.6,41.6,ft^3/s,Approved,[],2025-03-11T19:58:58.212270+00:00,1d5974fd48b84c7994291b887ca03571
2020-05-08,38.0,38.0,ft^3/s,Approved,[],2025-03-11T19:58:58.212270+00:00,1d5974fd48b84c7994291b887ca03571
2020-05-09,39.1,39.1,ft^3/s,Approved,[],2025-03-11T19:58:58.212270+00:00,1d5974fd48b84c7994291b887ca03571
2020-05-10,36.9,36.9,ft^3/s,Approved,[],2025-03-11T19:58:58.212270+00:00,1d5974fd48b84c7994291b887ca03571
2020-05-11,36.5,36.5,ft^3/s,Approved,[],2025-03-11T19:58:58.212270+00:00,1d5974fd48b84c7994291b887ca03571
2020-05-12,92.7,92.7,ft^3/s,Approved,[],2025-03-11T19:58:58.212270+00:00,1d5974fd48b84c7994291b887ca03571
2020-05-13,85.4,85.4,ft^3/s,Approved,[],2025-03-11T19:58:58.212270+00:00,1d5974fd48b84c7994291b887ca03571
2020-05-14,69.5,69.5,ft^3/s,Approved,[],2025-03-11T19:58:58.212270+00:00,1d5974fd48b84c7994291b887ca03571
2020-05-15,59.5,59.5,ft^3/s,Approved,[],2025-03-11T19:58:58.212270+00:00,1d5974fd48b84c7994291b887ca03571
2020-05-16,490.0,490,ft^3/s,Approved,[],2025-03-11T19:58:58.212270+00:00,1d5974fd48b84c7994291b887ca03571
2020-05-17,201.0,201,ft^3/s,Approved,[],2025-03-11T19:58:58.212270+00:00,1d5974fd48b84c7994291b887ca03571
2020-05-18,111.0,111,ft^3/s,Approved,[],2025-03-11T19:58:58.212270+00:00,1d5974fd48b84c7994291b887ca03571
2020-05-19,81.1,81.1,ft^3/s,Approved,[],2025-03-11T19:58:58.212270+00:00,1d5974fd48b84c7994291b887ca03571
2020-05-20,67.4,67.4,ft^3/s,Approved,[],2025-03-11T19:58:58.212270+00:00,1d5974fd48b84c7994291b887ca03571
2020-05-21,57.7,57.7,ft^3/s,Approved,[],2025-03-11T19:58:58.212270+00:00,1d5974fd48b84c7994291b887ca03571
2020-05-22,54.0,54.0,ft^3/s,Approved,[],2025-03-11T19:58:58.212270+00:00,1d5974fd48b84c7994291b887ca03571
2020-05-23,48.3,48.3,ft^3/s,Approved,[],2025-03-11T19:58:58.212270+00:00,1d5974fd48b84c7994291b887ca03571
2020-05-24,44.9,44.9,ft^3/s,Approved,[],2025-03-11T19:58:58.212270+00:00,1d5974fd48b84c7994291b887ca03571
2020-05-25,304.0,304,ft^3/s,Approved,[],2025-03-11T19:58:58.212270+00:00,1d5974fd48b84c7994291b887ca03571
2020-05-26,168.0,168,ft^3/s,Approved,[],2025-03-11T19:58:58.212270+00:00,1d5974fd48b84c7994291b887ca03571
2020-05-27,128.0,128,ft^3/s,Approved,[],2025-03-11T19:58:58.212270+00:00,1d5974fd48b84c7994291b887ca03571
2020-05-28,180.0,180,ft^3/s,Approved,[],2025-03-11T19:58:58.212270+00:00,1d5974fd48b84c7994291b887ca03571
2020-05-29,111.0,111,ft^3/s,Approved,[],2025-03-11T19:58:58.212270+00:00,1d5974fd48b84c7994291b887ca03571
2020-05-30,79.6,79.6,ft^3/s,Approved,[],2025-03-11T19:58:58.212270+00:00,1d5974fd48b84c7994291b887ca03571
2020-05-31,63.6,63.6,ft^3/s,Approved,[],2025-03-11T19:58:58.212270+00:00,1d5974fd48b84c7994291b887ca03571
2020-06-01,55.2,55.2,ft^3/s,Approved,[],2025-03-11T19:58:58.212270+00:00,1d5974fd48b84c7994291b887ca03571
2020-06-02,49.6,49.6,ft^3/s,Approved,[],2025-03-11T19:58:58.212270+00:00,1d5974fd48b84c7994291b887ca03571
2020-06-03,44.7,44.7,ft^3/s,Approved,[],2025-03-11T19:58:58.212270+00:00,1d5974fd48b84c7994291b887ca03571
2020-06-04,41.8,41.8,ft^3/s,Approved,[],2025-03-11T19:58:58.212270+00:00,1d5974fd48b84c7994291b887ca03571
2020-06-05,38.2,38.2,ft^3/s,Approved,[],2025-03-11T19:58:58.212270+00:00,1d5974fd48b84c7994291b887ca03571
2020-06-06,35.6,35.6,ft^3/s,Approved,[],2025-03-11T19:58:58.212270+00:00,1d5974fd48b84c7994291b887ca03571
2020-06-07,33.0,33.0,ft^3/s,Approved,[],2025-03-11T19:58:58.212270+00:00,1d5974fd48b84c7994291b887ca03571
2020-06-08,30.8,30.8,ft^3/s,Approved,[],2025-03-11T19:58:58.212270+00:00,1d5974fd48b84c7994291b887ca03571
2020-06-09,29.6,29.6,ft^3/s,Approved,[],2025-03-11T19:58:58.212270+00:00,1d5974fd48b84c7994291b887ca03571
2020-06-10,26.6,26.6,ft^3/s,Approved,[],2025-03-11T19:58:58.212270+00:00,1d5974fd48b84c7994291b887ca03571
2020-06-11,25.4,25.4,ft^3/s,Approved,[],2025-03-11T19:58:58.212270+00:00,1d5974fd48b84c7994291b887ca03571
2020-06-12,25.0,25.0,ft^3/s,Approved,[],2025-03-11T19:58:58.212270+00:00,1d5974fd48b84c7994291b887ca03571
2020-06-13,23.9,23.9,ft^3/s,Approved,[],2025-03-11T19:58:58.212270+00:00,1d5974fd48b84c7994291b887ca03571
2020-06-14,22.4,22.4,ft^3/s,Approved,[],2025-03-11T19:58:58.212270+00:00,1d5974fd48b84c7994291b887ca03571
2020-06-15,22.0,22.0,ft^3/s,Approved,[],2025-03-11T19:58:58.212270+00:00,1d5974fd48b84c7994291b887ca03571
2020-06-16,21.7,21.7,ft^3/s,Approved,[],2025-03-11T19:58:58.212270+00:00,1d5974fd48b84c7994291b887ca03571
2020-06-17,20.6,20.6,ft^3/s,Approved,[],2025-03-11T19:58:58.212270+00:00,1d5974fd48b84c7994291b887ca03571
2020-06-18,20.1,20.1,ft^3/s,Approved,[],2025-03-11T19:58:58.212270+00:00,1d5974fd48b84c7994291b887ca03571
2020-06-19,19.2,19.2,ft^3/s,Approved,[],2025-03-11T19:58:58.212270+00:00,1d5974fd48b84c7994291b887ca03571
2020-06-20,61.9,61.9,ft^3/s,Approved,[],2025-03-11T19:58:58.212270+00:00,1d5974fd48b84c7994291b887ca03571
2020-06-21,25.3,25.3,ft^3/s,Approved,[],2025-03-11T19:58:58.212270+00:00,1d5974fd48b84c7994291b887ca03571
2020-06-22,22.9,22.9,ft^3/s,Approved,[],2025-03-11T19:58:58.212270+00:00,1d5974fd48b84c7994291b887ca03571
2020-06-23,255.0,255,ft^3/s,Approved,[],2025-03-11T19:58:58.212270+00:00,1d5974fd48b84c7994291b887ca03571
2020-06-24,91.3,91.3,ft^3/s,Approved,[],2025-03-11T19:58:58.212270+00:00,1d5974fd48b84c7994291b887ca03571
2020-06-25,59.1,59.1,ft^3/s,Approved,[],2025-03-11T19:58:58.212270+00:00,1d5974fd48b84c7994291b887ca03571
2020-06-26,43.7,43.7,ft^3/s,Approved,[],2025-03-11T19:58:58.212270+00:00,1d5974fd48b84c7994291b887ca03571
2020-06-27,35.5,35.5,ft^3/s,Approved,[],2025-03-11T19:58:58.212270+00:00,1d5974fd48b84c7994291b887ca03571
2020-06-28,37.6,37.6,ft^3/s,Approved,[],2025-03-11T19:58:58.212270+00:00,1d5974fd48b84c7994291b887ca03571
2020-06-29,39.9,39.9,ft^3/s,Approved,[],2025-03-11T19:58:58.212270+00:00,1d5974fd48b84c7994291b887ca03571
2020-06-30,31.0,31.0,ft^3/s,Approved,[],2025-03-11T19:58:58.212270+00:00,1d5974fd48b84c7994291b887ca03571
2020-07-01,27.9,27.9,ft^3/s,Approved,[],2025-03-11T19:58:58.212270+00:00,1d5974fd48b84c7994291b887ca03571
2020-07-02,26.4,26.4,ft^3/s,Approved,[],2025-03-11T19:58:58.212270+00:00,1d5974fd48b84c7994291b887ca03571
2020-07-03,23.8,23.8,ft^3/s,Approved,[],2025-03-11T19:58:58.212270+00:00,1d5974fd48b84c7994291b887ca03571
2020-07-04,21.4,21.4,ft^3/s,Approved,[],2025-03-11T19:58:58.212270+00:00,1d5974fd48b84c7994291b887ca03571
2020-07-05,19.7,19.7,ft^3/s,Approved,[],2025-03-11T19:58:58.212270+00:00,1d5974fd48b84c7994291b887ca03571
2020-07-06,25.4,25.4,ft^3/s,Approved,[],2025-03-11T19:58:58.212270+00:00,1d5974fd48b84c7994291b887ca03571
2020-07-07,19.7,19.7,ft^3/s,Approved,[],2025-03-11T19:58:58.212270+00:00,1d5974fd48b84c7994291b887ca03571
2020-07-08,23.8,23.8,ft^3/s,Approved,[],2025-03-11T19:58:58.212270+00:00,1d5974fd48b84c7994291b887ca03571
2020-07-09,21.8,21.8,ft^3/s,Approved,[],2025-03-11T19:58:58.212270+00:00,1d5974fd48b84c7994291b887ca03571
2020-07-10,20.2,20.2,ft^3/s,Approved,[],2025-03-11T19:58:58.212270+00:00,1d5974fd48b84c7994291b887ca03571
2020-07-11,18.5,18.5,ft^3/s,Approved,[],2025-03-11T19:58:58.212270+00:00,1d5974fd48b84c7994291b887ca03571
2020-07-12,17.9,17.9,ft^3/s,Approved,[],2025-03-11T19:58:58.212270+00:00,1d5974fd48b84c7994291b887ca03571
2020-07-13,17.5,17.5,ft^3/s,Approved,[],2025-03-11T19:58:58.212270+00:00,1d5974fd48b84c7994291b887ca03571
2020-07-14,15.9,15.9,ft^3/s,Approved,[],2025-03-11T19:58:58.212270+00:00,1d5974fd48b84c7994291b887ca03571
2020-07-15,14.9,14.9,ft^3/s,Approved,[],2025-03-11T19:58:58.212270+00:00,1d5974fd48b84c7994291b887ca03571
2020-07-16,13.3,13.3,ft^3/s,Approved,[],2025-03-11T19:58:58.212270+00:00,1d5974fd48b84c7994291b887ca03571
2020-07-17,11.0,11.0,ft^3/s,Approved,[],2025-03-11T19:58:58.212270+00:00,1d5974fd48b84c7994291b887ca03571
2020-07-18,9.2,9.20,ft^3/s,Approved,[],2025-03-11T19:58:58.212270+00:00,1d5974fd48b84c7994291b887ca03571
2020-07-19,9.06,9.06,ft^3/s,Approved,[],2025-03-11T19:58:58.212270+00:00,1d5974fd48b84c7994291b887ca03571
2020-07-20,8.95,8.95,ft^3/s,Approved,[],2025-03-11T19:58:58.212270+00:00,1d5974fd48b84c7994291b887ca03571
2020-07-21,8.39,8.39,ft^3/s,Approved,[],2025-03-11T19:58:58.212270+00:00,1d5974fd48b84c7994291b887ca03571
2020-07-22,9.1,9.10,ft^3/s,Approved,[],2025-03-11T19:58:58.212270+00:00,1d5974fd48b84c7994291b887ca03571
2020-07-23,4.88,4.88,ft^3/s,Approved,[],2025-03-11T19:58:58.212270+00:00,1d5974fd48b84c7994291b887ca03571
2020-07-24,3.77,3.77,ft^3/s,Approved,[],2025-03-11T19:58:58.212270+00:00,1d5974fd48b84c7994291b887ca03571
2020-07-25,3.9,3.90,ft^3/s,Approved,[],2025-03-11T19:58:58.212270+00:00,1d5974fd48b84c7994291b887ca03571
2020-07-26,4.92,4.92,ft^3/s,Approved,[],2025-03-11T19:58:58.212270+00:00,1d5974fd48b84c7994291b887ca03571
2020-07-27,5.5,5.50,ft^3/s,Approved,[],2025-03-11T19:58:58.212270+00:00,1d5974fd48b84c7994291b887ca03571
2020-07-28,9.13,9.13,ft^3/s,Approved,[],2025-03-11T19:58:58.212270+00:00,1d5974fd48b84c7994291b887ca03571
2020-07-29,5.9,5.90,ft^3/s,Approved,[],2025-03-11T19:58:58.212270+00:00,1d5974fd48b84c7994291b887ca03571
2020-07-30,4.23,4.23,ft^3/s,Approved,[],2025-03-11T19:58:58.212270+00:00,1d5974fd48b84c7994291b887ca03571
2020-07-31,10.6,10.6,ft^3/s,Approved,[],2025-03-11T19:58:58.212270+00:00,1d5974fd48b84c7994291b887ca03571
2020-08-01,7.61,7.61,ft^3/s,Approved,[],2025-03-11T19:58:58.212270+00:00,1d5974fd48b84c7994291b887ca03571
2020-08-02,4.31,4.31,ft^3/s,Approved,[],2025-03-11T19:58:58.212270+00:00,1d5974fd48b84c7994291b887ca03571
2020-08-03,5.31,5.31,ft^3/s,Approved,[],2025-03-11T19:58:58.212270+00:00,1d5974fd48b84c7994291b887ca03571
2020-08-04,9.89,9.89,ft^3/s,Approved,[],2025-03-11T19:58:58.212270+00:00,1d5974fd48b84c7994291b887ca03571
2020-08-05,6.95,6.95,ft^3/s,Approved,[],2025-03-11T19:58:58.212270+00:00,1d5974fd48b84c7994291b887ca03571
2020-08-06,5.51,5.51,ft^3/s,Approved,[],2025-03-11T19:58:58.212270+00:00,1d5974fd48b84c7994291b887ca03571
2020-08-07,4.95,4.95,ft^3/s,Approved,[],2025-03-11T19:58:58.212270+00:00,1d5974fd48b84c7994291b887ca03571
2020-08-08,5.85,5.85,ft^3/s,Approved,[],2025-03-11T19:58:58.212270+00:00,1d5974fd48b84c7994291b887ca03571
2020-08-09,5.95,5.95,ft^3/s,Approved,[],2025-03-11T19:58:58.212270+00:00,1d5974fd48b84c7994291b887ca03571
2020-08-10,6.14,6.14,ft^3/s,Approved,[],2025-03-11T19:58:58.212270+00:00,1d5974fd48b84c7994291b887ca03571
2020-08-11,4.83,4.83,ft^3/s,Approved,[],2025-03-11T19:58:58.212270+00:00,1d5974fd48b84c7994291b887ca03571
2020-08-12,4.22,4.22,ft^3/s,Approved,[],2025-03-11T19:58:58.212270+00:00,1d5974fd48b84c7994291b887ca03571
2020-08-13,4.32,4.32,ft^3/s,Approved,[],2025-03-11T19:58:58.212270+00:00,1d5974fd48b84c7994291b887ca03571
2020-08-14,3.25,3.25,ft^3/s,Approved,[],2025-03-11T19:58:58.212270+00:00,1d5974fd48b84c7994291b887ca03571
2020-08-15,2.12,2.12,ft^3/s,Approved,[],2025-03-11T19:58:58.212270+00:00,1d5974fd48b84c7994291b887ca03571
2020-08-16,2.54,2.54,ft^3/s,Approved,[],2025-03-11T19:58:58.212270+00:00,1d5974fd48b84c7994291b887ca03571
2020-08-17,4.12,4.12,ft^3/s,Approved,[],2025-03-11T19:58:58.212270+00:00,1d5974fd48b84c7994291b887ca03571
2020-08-18,4.17,4.17,ft^3/s,Approved,[],2025-03-11T19:58:58.212270+00:00,1d5974fd48b84c7994291b887ca03571
2020-08-19,3.53,3.53,ft^3/s,Approved,[],2025-03-11T19:58:58.212270+00:00,1d5974fd48b84c7994291b887ca03571
2020-08-20,1.47,1.47,ft^3/s,Approved,[],2025-03-11T19:58:58.212270+00:00,1d5974fd48b84c7994291b887ca03571
2020-08-21,0.86,0.86,ft^3/s,Approved,[],2025-03-11T19:58:58.212270+00:00,1d5974fd48b84c7994291b887ca03571
2020-08-22,44.0,44.0,ft^3/s,Approved,[],2025-03-11T19:58:58.212270+00:00,1d5974fd48b84c7994291b887ca03571
2020-08-23,42.7,42.7,ft^3/s,Approved,[],2025-03-11T19:58:58.212270+00:00,1d5974fd48b84c7994291b887ca03571
2020-08-24,20.1,20.1,ft^3/s,Approved,[],2025-03-11T19:58:58.212270+00:00,1d5974fd48b84c7994291b887ca03571
2020-08-25,13.0,13.0,ft^3/s,Approved,[],2025-03-11T19:58:58.212270+00:00,1d5974fd48b84c7994291b887ca03571
2020-08-26,8.53,8.53,ft^3/s,Approved,[],2025-03-11T19:58:58.212270+00:00,1d5974fd48b84c7994291b887ca03571
2020-08-27,7.03,7.03,ft^3/s,Approved,[],2025-03-11T19:58:58.212270+00:00,1d5974fd48b84c7994291b887ca03571
2020-08-28,5.56,5.56,ft^3/s,Approved,[],2025-03-11T19:58:58.212270+00:00,1d5974fd48b84c7994291b887ca03571
2020-08-29,4.37,4.37,ft^3/s,Approved,[],2025-03-11T19:58:58.212270+00:00,1d5974fd48b84c7994291b887ca03571
2020-08-30,3.72,3.72,ft^3/s,Approved,[],2025-03-11T19:58:58.212270+00:00,1d5974fd48b84c7994291b887ca03571
2020-08-31,3.47,3.47,ft^3/s,Approved,[],2025-03-11T19:58:58.212270+00:00,1d5974fd48b84c7994291b887ca03571
2020-09-01,3.16,3.16,ft^3/s,Approved,[],2025-03-11T19:58:58.212270+00:00,1d5974fd48b84c7994291b887ca03571
2020-09-02,3.13,3.13,ft^3/s,Approved,[],2025-03-11T19:58:58.212270+00:00,1d5974fd48b84c7994291b887ca03571
2020-09-03,14.6,14.6,ft^3/s,Approved,[],2025-03-11T19:58:58.212270+00:00,1d5974fd48b84c7994291b887ca03571
2020-09-04,178.0,178,ft^3/s,Approved,[],2025-03-11T19:58:58.212270+00:00,1d5974fd48b84c7994291b887ca03571
2020-09-05,58.5,58.5,ft^3/s,Approved,[],2025-03-11T19:58:58.212270+00:00,1d5974fd48b84c7994291b887ca03571
2020-09-06,32.6,32.6,ft^3/s,Approved,[],2025-03-11T19:58:58.212270+00:00,1d5974fd48b84c7994291b887ca03571
2020-09-07,22.8,22.8,ft^3/s,Approved,[],2025-03-11T19:58:58.212270+00:00,1d5974fd48b84c7994291b887ca03571
2020-09-08,18.7,18.7,ft^3/s,Approved,[],2025-03-11T19:58:58.212270+00:00,1d5974fd48b84c7994291b887ca03571
2020-09-09,232.0,232,ft^3/s,Approved,[],2025-03-11T19:58:58.212270+00:00,1d5974fd48b84c7994291b887ca03571
2020-09-10,205.0,205,ft^3/s,Approved,[],2025-03-11T19:58:58.212270+00:00,1d5974fd48b84c7994291b887ca03571
2020-09-11,95.3,95.3,ft^3/s,Approved,[],2025-03-11T19:58:58.212270+00:00,1d5974fd48b84c7994291b887ca03571
2020-09-12,60.1,60.1,ft^3/s,Approved,[],2025-03-11T19:58:58.212270+00:00,1d5974fd48b84c7994291b887ca03571
2020-09-13,44.3,44.3,ft^3/s,Approved,[],2025-03-11T19:58:58.212270+00:00,1d5974fd48b84c7994291b887ca03571
2020-09-14,32.8,32.8,ft^3/s,Approved,[],2025-03-11T19:58:58.212270+00:00,1d5974fd48b84c7994291b887ca03571
2020-09-15,29.0,29.0,ft^3/s,Approved,[],2025-03-11T19:58:58.212270+00:00,1d5974fd48b84c7994291b887ca03571
2020-09-16,25.8,25.8,ft^3/s,Approved,[],2025-03-11T19:58:58.212270+00:00,1d5974fd48b84c7994291b887ca03571
2020-09-17,24.4,24.4,ft^3/s,Approved,[],2025-03-11T19:58:58.212270+00:00,1d5974fd48b84c7994291b887ca03571
2020-09-18,23.3,23.3,ft^3/s,Approved,[],2025-03-11T19:58:58.212270+00:00,1d5974fd48b84c7994291b887ca03571
2020-09-19,19.7,19.7,ft^3/s,Approved,[],2025-03-11T19:58:58.212270+00:00,1d5974fd48b84c7994291b887ca03571
2020-09-20,18.9,18.9,ft^3/s,Approved,[],2025-03-11T19:58:58.212270+00:00,1d5974fd48b84c7994291b887ca03571
2020-09-21,50.2,50.2,ft^3/s,Approved,[],2025-03-11T19:58:58.212270+00:00,1d5974fd48b84c7994291b887ca03571
2020-09-22,164.0,164,ft^3/s,Approved,[],2025-03-11T19:58:58.212270+00:00,1d5974fd48b84c7994291b887ca03571
2020-09-23,109.0,109,ft^3/s,Approved,[],2025-03-11T19:58:58.212270+00:00,1d5974fd48b84c7994291b887ca03571
2020-09-24,68.9,68.9,ft^3/s,Approved,[],2025-03-11T19:58:58.212270+00:00,1d5974fd48b84c7994291b887ca03571
2020-09-25,52.1,52.1,ft^3/s,Approved,[],2025-03-11T19:58:58.212270+00:00,1d5974fd48b84c7994291b887ca03571
2020-09-26,43.1,43.1,ft^3/s,Approved,[],2025-03-11T19:58:58.212270+00:00,1d5974fd48b84c7994291b887ca03571
2020-09-27,37.8,37.8,ft^3/s,Approved,[],2025-03-11T19:58:58.212270+00:00,1d5974fd48b84c7994291b887ca03571
2020-09-28,28.7,28.7,ft^3/s,Approved,[],2025-03-11T19:58:58.212270+00:00,1d5974fd48b84c7994291b887ca03571
2020-09-29,27.6,27.6,ft^3/s,Approved,[],2025-03-11T19:58:58.212270+00:00,1d5974fd48b84c7994291b887ca03571
2020-09-30,25.2,25.2,ft^3/s,Approved,[],2025-03-11T19:58:58.212270+00:00,1d5974fd48b84c7994291b887ca03571
2020-10-01,22.4,22.4,ft^3/s,Approved,[],2025-03-11T19:58:58.212270+00:00,1d5974fd48b84c7994291b887ca03571
2020-10-02,21.9,21.9,ft^3/s,Approved,[],2025-03-11T19:58:58.212270+00:00,1d5974fd48b84c7994291b887ca03571
2020-10-03,21.6,21.6,ft^3/s,Approved,[],2025-03-11T19:58:58.212270+00:00,1d5974fd48b84c7994291b887ca03571
2020-10-04,20.7,20.7,ft^3/s,Approved,[],2025-03-11T19:58:58.212270+00:00,1d5974fd48b84c7994291b887ca03571
2020-10-05,20.0,20.0,ft^3/s,Approved,[],2025-03-11T19:58:58.212270+00:00,1d5974fd48b84c7994291b887ca03571
2020-10-06,19.3,19.3,ft^3/s,Approved,[],2025-03-11T19:58:58.212270+00:00,1d5974fd48b84c7994291b887ca03571
2020-10-07,18.1,18.1,ft^3/s,Approved,[],2025-03-11T19:58:58.212270+00:00,1d5974fd48b84c7994291b887ca03571
2020-10-08,18.1,18.1,ft^3/s,Approved,[],2025-03-11T19:58:58.212270+00:00,1d5974fd48b84c7994291b887ca03571
2020-10-09,18.3,18.3,ft^3/s,Approved,[],2025-03-11T19:58:58.212270+00:00,1d5974fd48b84c7994291b887ca03571
2020-10-10,17.0,17.0,ft^3/s,Approved,[],2025-03-11T19:58:58.212270+00:00,1d5974fd48b84c7994291b887ca03571
2020-10-11,15.7,15.7,ft^3/s,Approved,[],2025-03-11T19:58:58.212270+00:00,1d5974fd48b84c7994291b887ca03571
2020-10-12,14.4,14.4,ft^3/s,Approved,[],2025-03-11T19:58:58.212270+00:00,1d5974fd48b84c7994291b887ca03571
2020-10-13,13.9,13.9,ft^3/s,Approved,[],2025-03-11T19:58:58.212270+00:00,1d5974fd48b84c7994291b887ca03571
2020-10-14,12.1,12.1,ft^3/s,Approved,[],2025-03-11T19:58:58.212270+00:00,1d5974fd48b84c7994291b887ca03571
2020-10-15,11.0,11.0,ft^3/s,Approved,[],2025-03-11T19:58:58.212270+00:00,1d5974fd48b84c7994291b887ca03571
2020-10-16,10.2,10.2,ft^3/s,Approved,[],2025-03-11T19:58:58.212270+00:00,1d5974fd48b84c7994291b887ca03571
2020-10-17,10.3,10.3,ft^3/s,Approved,[],2025-03-11T19:58:58.212270+00:00,1d5974fd48b84c7994291b887ca03571
2020-10-18,11.4,11.4,ft^3/s,Approved,[],2025-03-11T19:58:58.212270+00:00,1d5974fd48b84c7994291b887ca03571
2020-10-19,9.92,9.92,ft^3/s,Approved,[],2025-03-11T19:58:58.212270+00:00,1d5974fd48b84c7994291b887ca03571
2020-10-20,9.81,9.81,ft^3/s,Approved,[],2025-03-11T19:58:58.212270+00:00,1d5974fd48b84c7994291b887ca03571
2020-10-21,8.6,8.60,ft^3/s,Approved,[],2025-03-11T19:58:58.212270+00:00,1d5974fd48b84c7994291b887ca03571
2020-10-22,9.22,9.22,ft^3/s,Approved,[],2025-03-11T19:58:58.212270+00:00,1d5974fd48b84c7994291b887ca03571
2020-10-23,9.69,9.69,ft^3/s,Approved,[],2025-03-11T19:58:58.212270+00:00,1d5974fd48b84c7994291b887ca03571
2020-10-24,8.78,8.78,ft^3/s,Approved,[],2025-03-11T19:58:58.212270+00:00,1d5974fd48b84c7994291b887ca03571
2020-10-25,9.53,9.53,ft^3/s,Approved,[],2025-03-11T19:58:58.212270+00:00,1d5974fd48b84c7994291b887ca03571
2020-10-26,10.2,10.2,ft^3/s,Approved,[],2025-03-11T19:58:58.212270+00:00,1d5974fd48b84c7994291b887ca03571
2020-10-27,8.86,8.86,ft^3/s,Approved,[],2025-03-11T19:58:58.212270+00:00,1d5974fd48b84c7994291b887ca03571
2020-10-28,12.6,12.6,ft^3/s,Approved,[],2025-03-11T19:58:58.212270+00:00,1d5974fd48b84c7994291b887ca03571
2020-10-29,16.3,16.3,ft^3/s,Approved,[],2025-03-11T19:58:58.212270+00:00,1d5974fd48b84c7994291b887ca03571
2020-10-30,15.3,15.3,ft^3/s,Approved,[],2025-03-11T19:58:58.212270+00:00,1d5974fd48b84c7994291b887ca03571
2020-10-31,15.0,15.0,ft^3/s,Approved,[],2025-03-11T19:58:58.212270+00:00,1d5974fd48b84c7994291b887ca03571
2020-11-01,15.2,15.2,ft^3/s,Approved,[],2025-03-11T19:58:58.212270+00:00,1d5974fd48b84c7994291b887ca03571
2020-11-02,13.7,13.7,ft^3/s,Approved,[],2025-03-11T19:58:58.212270+00:00,1d5974fd48b84c7994291b887ca03571
2020-11-03,13.3,13.3,ft^3/s,Approved,[],2025-03-11T19:58:58.212270+00:00,1d5974fd48b84c7994291b887ca03571
2020-11-04,13.4,13.4,ft^3/s,Approved,[],2025-03-11T19:58:58.212270+00:00,1d5974fd48b84c7994291b887ca03571
2020-11-05,12.9,12.9,ft^3/s,Approved,[],2025-03-11T19:58:58.212270+00:00,1d5974fd48b84c7994291b887ca03571
2020-11-06,8.93,8.93,ft^3/s,Approved,[],2025-03-11T19:58:58.212270+00:00,1d5974fd48b84c7994291b887ca03571
2020-11-07,8.38,8.38,ft^3/s,Approved,[],2025-03-11T19:58:58.212270+00:00,1d5974fd48b84c7994291b887ca03571
2020-11-08,8.66,8.66,ft^3/s,Approved,[],2025-03-11T19:58:58.212270+00:00,1d5974fd48b84c7994291b887ca03571
2020-11-09,10.0,10.0,ft^3/s,Approved,[],2025-03-11T19:58:58.212270+00:00,1d5974fd48b84c7994291b887ca03571
2020-11-10,9.78,9.78,ft^3/s,Approved,[],2025-03-11T19:58:58.212270+00:00,1d5974fd48b84c7994291b887ca03571
2020-11-11,9.24,9.24,ft^3/s,Approved,[],2025-03-11T19:58:58.212270+00:00,1d5974fd48b84c7994291b887ca03571
2020-11-12,9.55,9.55,ft^3/s,Approved,[],2025-03-11T19:58:58.212270+00:00,1d5974fd48b84c7994291b887ca03571
2020-11-13,9.44,9.44,ft^3/s,Approved,[],2025-03-11T19:58:58.212270+00:00,1d5974fd48b84c7994291b887ca03571
2020-11-14,9.9,9.90,ft^3/s,Approved,[],2025-03-11T19:58:58.212270+00:00,1d5974fd48b84c7994291b887ca03571
2020-11-15,9.42,9.42,ft^3/s,Approved,[],2025-03-11T19:58:58.212270+00:00,1d5974fd48b84c7994291b887ca03571
2020-11-16,7.17,7.17,ft^3/s,Approved,[],2025-03-11T19:58:58.212270+00:00,1d5974fd48b84c7994291b887ca03571
2020-11-17,6.76,6.76,ft^3/s,Approved,[],2025-03-11T19:58:58.212270+00:00,1d5974fd48b84c7994291b887ca03571
2020-11-18,6.79,6.79,ft^3/s,Approved,[],2025-03-11T19:58:58.212270+00:00,1d5974fd48b84c7994291b887ca03571
2020-11-19,6.51,6.51,ft^3/s,Approved,[],2025-03-11T19:58:58.212270+00:00,1d5974fd48b84c7994291b887ca03571
2020-11-20,6.96,6.96,ft^3/s,Approved,[],2025-03-11T19:58:58.212270+00:00,1d5974fd48b84c7994291b887ca03571
2020-11-21,7.46,7.46,ft^3/s,Approved,[],2025-03-11T19:58:58.212270+00:00,1d5974fd48b84c7994291b887ca03571
2020-11-22,7.58,7.58,ft^3/s,Approved,[],2025-03-11T19:58:58.212270+00:00,1d5974fd48b84c7994291b887ca03571
2020-11-23,7.19,7.19,ft^3/s,Approved,[],2025-03-11T19:58:58.212270+00:00,1d5974fd48b84c7994291b887ca03571
2020-11-24,8.36,8.36,ft^3/s,Approved,[],2025-03-11T19:58:58.212270+00:00,1d5974fd48b84c7994291b887ca03571
2020-11-25,17.5,17.5,ft^3/s,Approved,[],2025-03-11T19:58:58.212270+00:00,1d5974fd48b84c7994291b887ca03571
2020-11-26,9.87,9.87,ft^3/s,Approved,[],2025-03-11T19:58:58.212270+00:00,1d5974fd48b84c7994291b887ca03571
2020-11-27,8.79,8.79,ft^3/s,Approved,[],2025-03-11T19:58:58.212270+00:00,1d5974fd48b84c7994291b887ca03571
2020-11-28,15.1,15.1,ft^3/s,Approved,[],2025-03-11T19:58:58.212270+00:00,1d5974fd48b84c7994291b887ca03571
2020-11-29,21.9,21.9,ft^3/s,Approved,[],2025-03-11T19:58:58.212270+00:00,1d5974fd48b84c7994291b887ca03571
2020-11-30,14.6,14.6,ft^3/s,Approved,[],2025-03-11T19:58:58.212270+00:00,1d5974fd48b84c7994291b887ca03571
2020-12-01,13.5,13.5,ft^3/s,Approved,[],2025-03-11T19:58:58.212270+00:00,1d5974fd48b84c7994291b887ca03571
2020-12-02,11.2,11.2,ft^3/s,Approved,[],2025-03-11T19:58:58.212270+00:00,1d5974fd48b84c7994291b887ca03571
2020-12-03,10.2,10.2,ft^3/s,Approved,[],2025-03-11T19:58:58.212270+00:00,1d5974fd48b84c7994291b887ca03571
2020-12-04,9.55,9.55,ft^3/s,Approved,[],2025-03-11T19:58:58.212270+00:00,1d5974fd48b84c7994291b887ca03571
2020-12-05,9.5,9.50,ft^3/s,Approved,[],2025-03-11T19:58:58.212270+00:00,1d5974fd48b84c7994291b887ca03571
2020-12-06,9.56,9.56,ft^3/s,Approved,[],2025-03-11T19:58:58.212270+00:00,1d5974fd48b84c7994291b887ca03571
2020-12-07,9.49,9.49,ft^3/s,Approved,[],2025-03-11T19:58:58.212270+00:00,1d5974fd48b84c7994291b887ca03571
2020-12-08,9.83,9.83,ft^3/s,Approved,[],2025-03-11T19:58:58.212270+00:00,1d5974fd48b84c7994291b887ca03571
2020-12-09,9.6,9.60,ft^3/s,Approved,[],2025-03-11T19:58:58.212270+00:00,1d5974fd48b84c7994291b887ca03571
2020-12-10,8.57,8.57,ft^3/s,Approved,[],2025-03-11T19:58:58.212270+00:00,1d5974fd48b84c7994291b887ca03571
2020-12-11,9.19,9.19,ft^3/s,Approved,[],2025-03-11T19:58:58.212270+00:00,1d5974fd48b84c7994291b887ca03571
2020-12-12,9.6,9.60,ft^3/s,Approved,[],2025-03-11T19:58:58.212270+00:00,1d5974fd48b84c7994291b887ca03571
2020-12-13,9.41,9.41,ft^3/s,Approved,[],2025-03-11T19:58:58.212270+00:00,1d5974fd48b84c7994291b887ca03571
2020-12-14,10.2,10.2,ft^3/s,Approved,[],2025-03-11T19:58:58.212270+00:00,1d5974fd48b84c7994291b887ca03571
2020-12-15,10.7,10.7,ft^3/s,Approved,[],2025-03-11T19:58:58.212270+00:00,1d5974fd48b84c7994291b887ca03571
2020-12-16,9.76,9.76,ft^3/s,Approved,[],2025-03-11T19:58:58.212270+00:00,1d5974fd48b84c7994291b887ca03571
2020-12-17,9.92,9.92,ft^3/s,Approved,[],2025-03-11T19:58:58.212270+00:00,1d5974fd48b84c7994291b887ca03571
2020-12-18,9.69,9.69,ft^3/s,Approved,[],2025-03-11T19:58:58.212270+00:00,1d5974fd48b84c7994291b887ca03571
2020-12-19,68.6,68.6,ft^3/s,Approved,[],2025-03-11T19:58:58.212270+00:00,1d5974fd48b84c7994291b887ca03571
2020-12-20,44.7,44.7,ft^3/s,Approved,[],2025-03-11T19:58:58.212270+00:00,1d5974fd48b84c7994291b887ca03571
2020-12-21,28.4,28.4,ft^3/s,Approved,[],2025-03-11T19:58:58.212270+00:00,1d5974fd48b84c7994291b887ca03571
2020-12-22,23.2,23.2,ft^3/s,Approved,[],2025-03-11T19:58:58.212270+00:00,1d5974fd48b84c7994291b887ca03571
2020-12-23,19.3,19.3,ft^3/s,Approved,[],2025-03-11T19:58:58.212270+00:00,1d5974fd48b84c7994291b887ca03571
2020-12-24,16.5,16.5,ft^3/s,Approved,[],2025-03-11T19:58:58.212270+00:00,1d5974fd48b84c7994291b887ca03571
2020-12-25,16.4,16.4,ft^3/s,Approved,[],2025-03-11T19:58:58.212270+00:00,1d5974fd48b84c7994291b887ca03571
2020-12-26,15.2,15.2,ft^3/s,Approved,[],2025-03-11T19:58:58.212270+00:00,1d5974fd48b84c7994291b887ca03571
2020-12-27,14.5,14.5,ft^3/s,Approved,[],2025-03-11T19:58:58.212270+00:00,1d5974fd48b84c7994291b887ca03571
2020-12-28,13.8,13.8,ft^3/s,Approved,[],2025-03-11T19:58:58.212270+00:00,1d5974fd48b84c7994291b887ca03571
2020-12-29,13.4,13.4,ft^3/s,Approved,[],2025-03-11T19:58:58.212270+00:00,1d5974fd48b84c7994291b887ca03571
2020-12-30,61.2,61.2,ft^3/s,Approved,[],2025-03-11T19:58:58.212270+00:00,1d5974fd48b84c7994291b887ca03571
2020-12-31,426.0,426,ft^3/s,Approved,[],2025-03-11T19:58:58.212270+00:00,1d5974fd48b84c7994291b887ca03571
2021-01-01,314.0,314,ft^3/s,Approved,[],2025-03-11T19:58:58.212270+00:00,1d5974fd48b84c7994291b887ca03571
2021-01-02,177.0,177,ft^3/s,Approved,[],2025-03-11T19:58:58.212270+00:00,1d5974fd48b84c7994291b887ca03571
2021-01-03,98.2,98.2,ft^3/s,Approved,[],2025-03-11T19:58:58.212270+00:00,1d5974fd48b84c7994291b887ca03571
2021-01-04,69.9,69.9,ft^3/s,Approved,[],2025-03-11T19:58:58.212270+00:00,1d5974fd48b84c7994291b887ca03571
2021-01-05,57.6,57.6,ft^3/s,Approved,[],2025-03-11T19:58:58.212270+00:00,1d5974fd48b84c7994291b887ca03571
2021-01-06,50.1,50.1,ft^3/s,Approved,[],2025-03-11T19:58:58.212270+00:00,1d5974fd48b84c7994291b887ca03571
2021-01-07,41.1,41.1,ft^3/s,Approved,[],2025-03-11T19:58:58.212270+00:00,1d5974fd48b84c7994291b887ca03571
2021-01-08,38.9,38.9,ft^3/s,Approved,[],2025-03-11T19:58:58.212270+00:00,1d5974fd48b84c7994291b887ca03571
2021-01-09,36.6,36.6,ft^3/s,Approved,[],2025-03-11T19:58:58.212270+00:00,1d5974fd48b84c7994291b887ca03571
2021-01-10,93.2,93.2,ft^3/s,Approved,[],2025-03-11T19:58:58.212270+00:00,1d5974fd48b84c7994291b887ca03571
2021-01-11,112.0,112,ft^3/s,Approved,[],2025-03-11T19:58:58.212270+00:00,1d5974fd48b84c7994291b887ca03571
2021-01-12,89.6,89.6,ft^3/s,Approved,[],2025-03-11T19:58:58.212270+00:00,1d5974fd48b84c7994291b887ca03571
2021-01-13,71.4,71.4,ft^3/s,Approved,[],2025-03-11T19:58:58.212270+00:00,1d5974fd48b84c7994291b887ca03571
2021-01-14,58.8,58.8,ft^3/s,Approved,[],2025-03-11T19:58:58.212270+00:00,1d5974fd48b84c7994291b887ca03571
2021-01-15,52.4,52.4,ft^3/s,Approved,[],2025-03-11T19:58:58.212270+00:00,1d5974fd48b84c7994291b887ca03571
2021-01-16,47.3,47.3,ft^3/s,Approved,[],2025-03-11T19:58:58.212270+00:00,1d5974fd48b84c7994291b887ca03571
2021-01-17,42.7,42.7,ft^3/s,Approved,[],2025-03-11T19:58:58.212270+00:00,1d5974fd48b84c7994291b887ca03571
2021-01-18,40.6,40.6,ft^3/s,Approved,[],2025-03-11T19:58:58.212270+00:00,1d5974fd48b84c7994291b887ca03571
2021-01-19,49.6,49.6,ft^3/s,Approved,[],2025-03-11T19:58:58.212270+00:00,1d5974fd48b84c7994291b887ca03571
2021-01-20,44.4,44.4,ft^3/s,Approved,[],2025-03-11T19:58:58.212270+00:00,1d5974fd48b84c7994291b887ca03571
2021-01-21,42.9,42.9,ft^3/s,Approved,[],2025-03-11T19:58:58.212270+00:00,1d5974fd48b84c7994291b887ca03571
2021-01-22,38.0,38.0,ft^3/s,Approved,[],2025-03-11T19:58:58.212270+00:00,1d5974fd48b84c7994291b887ca03571
2021-01-23,36.3,36.3,ft^3/s,Approved,[],2025-03-11T19:58:58.212270+00:00,1d5974fd48b84c7994291b887ca03571
2021-01-24,37.0,37.0,ft^3/s,Approved,[],2025-03-11T19:58:58.212270+00:00,1d5974fd48b84c7994291b887ca03571
2021-01-25,42.4,42.4,ft^3/s,Approved,[],2025-03-11T19:58:58.212270+00:00,1d5974fd48b84c7994291b887ca03571
2021-01-26,38.0,38.0,ft^3/s,Approved,[],2025-03-11T19:58:58.212270+00:00,1d5974fd48b84c7994291b887ca03571
2021-01-27,32.0,32.0,ft^3/s,Approved,[],2025-03-11T19:58:58.212270+00:00,1d5974fd48b84c7994291b887ca03571
2021-01-28,29.7,29.7,ft^3/s,Approved,[],2025-03-11T19:58:58.212270+00:00,1d5974fd48b84c7994291b887ca03571
2021-01-29,28.3,28.3,ft^3/s,Approved,[],2025-03-11T19:58:58.212270+00:00,1d5974fd48b84c7994291b887ca03571
2021-01-30,27.8,27.8,ft^3/s,Approved,[],2025-03-11T19:58:58.212270+00:00,1d5974fd48b84c7994291b887ca03571
2021-01-31,24.4,24.4,ft^3/s,Approved,[],2025-03-11T19:58:58.212270+00:00,1d5974fd48b84c7994291b887ca03571
2021-02-01,23.5,23.5,ft^3/s,Approved,[],2025-03-11T19:58:58.212270+00:00,1d5974fd48b84c7994291b887ca03571
2021-02-02,23.5,23.5,ft^3/s,Approved,[],2025-03-11T19:58:58.212270+00:00,1d5974fd48b84c7994291b887ca03571
2021-02-03,22.9,22.9,ft^3/s,Approved,[],2025-03-11T19:58:58.212270+00:00,1d5974fd48b84c7994291b887ca03571
2021-02-04,21.4,21.4,ft^3/s,Approved,[],2025-03-11T19:58:58.212270+00:00,1d5974fd48b84c7994291b887ca03571
2021-02-05,39.2,39.2,ft^3/s,Approved,[],2025-03-11T19:58:58.212270+00:00,1d5974fd48b84c7994291b887ca03571
2021-02-06,26.1,26.1,ft^3/s,Approved,[],2025-03-11T19:58:58.212270+00:00,1d5974fd48b84c7994291b887ca03571
2021-02-07,23.2,23.2,ft^3/s,Approved,[],2025-03-11T19:58:58.212270+00:00,1d5974fd48b84c7994291b887ca03571
2021-02-08,22.9,22.9,ft^3/s,Approved,[],2025-03-11T19:58:58.212270+00:00,1d5974fd48b84c7994291b887ca03571
2021-02-09,20.0,20.0,ft^3/s,Approved,[],2025-03-11T19:58:58.212270+00:00,1d5974fd48b84c7994291b887ca03571
2021-02-10,18.3,18.3,ft^3/s,Approved,[],2025-03-11T19:58:58.212270+00:00,1d5974fd48b84c7994291b887ca03571
2021-02-11,97.0,97.0,ft^3/s,Approved,[],2025-03-11T19:58:58.212270+00:00,1d5974fd48b84c7994291b887ca03571
2021-02-12,116.0,116,ft^3/s,Approved,[],2025-03-11T19:58:58.212270+00:00,1d5974fd48b84c7994291b887ca03571
2021-02-13,68.9,68.9,ft^3/s,Approved,[],2025-03-11T19:58:58.212270+00:00,1d5974fd48b84c7994291b887ca03571
2021-02-14,48.9,48.9,ft^3/s,Approved,[],2025-03-11T19:58:58.212270+00:00,1d5974fd48b84c7994291b887ca03571
2021-02-15,46.3,46.3,ft^3/s,Approved,[],2025-03-11T19:58:58.212270+00:00,1d5974fd48b84c7994291b887ca03571
2021-02-16,41.8,41.8,ft^3/s,Approved,[],2025-03-11T19:58:58.212270+00:00,1d5974fd48b84c7994291b887ca03571
2021-02-17,80.6,80.6,ft^3/s,Approved,[],2025-03-11T19:58:58.212270+00:00,1d5974fd48b84c7994291b887ca03571
2021-02-18,78.1,78.1,ft^3/s,Approved,[],2025-03-11T19:58:58.212270+00:00,1d5974fd48b84c7994291b887ca03571
2021-02-19,91.4,91.4,ft^3/s,Approved,[],2025-03-11T19:58:58.212270+00:00,1d5974fd48b84c7994291b887ca03571
2021-02-20,108.0,108,ft^3/s,Approved,[],2025-03-11T19:58:58.212270+00:00,1d5974fd48b84c7994291b887ca03571
2021-02-21,104.0,104,ft^3/s,Approved,[],2025-03-11T19:58:58.212270+00:00,1d5974fd48b84c7994291b887ca03571
2021-02-22,85.7,85.7,ft^3/s,Approved,[],2025-03-11T19:58:58.212270+00:00,1d5974fd48b84c7994291b887ca03571
2021-02-23,72.9,72.9,ft^3/s,Approved,[],2025-03-11T19:58:58.212270+00:00,1d5974fd48b84c7994291b887ca03571
2021-02-24,66.1,66.1,ft^3/s,Approved,[],2025-03-11T19:58:58.212270+00:00,1d5974fd48b84c7994291b887ca03571
2021-02-25,59.2,59.2,ft^3/s,Approved,[],2025-03-11T19:58:58.212270+00:00,1d5974fd48b84c7994291b887ca03571
2021-02-26,57.0,57.0,ft^3/s,Approved,[],2025-03-11T19:58:58.212270+00:00,1d5974fd48b84c7994291b887ca03571
2021-02-27,52.8,52.8,ft^3/s,Approved,[],2025-03-11T19:58:58.212270+00:00,1d5974fd48b84c7994291b887ca03571
2021-02-28,49.8,49.8,ft^3/s,Approved,[],2025-03-11T19:58:58.212270+00:00,1d5974fd48b84c7994291b887ca03571
2021-03-01,54.2,54.2,ft^3/s,Approved,[],2025-03-11T19:58:58.212270+00:00,1d5974fd48b84c7994291b887ca03571
2021-03-02,46.2,46.2,ft^3/s,Approved,[],2025-03-11T19:58:58.212270+00:00,1d5974fd48b84c7994291b887ca03571
2021-03-03,43.5,43.5,ft^3/s,Approved,[],2025-03-11T19:58:58.212270+00:00,1d5974fd48b84c7994291b887ca03571
2021-03-04,41.1,41.1,ft^3/s,Approved,[],2025-03-11T19:58:58.212270+00:00,1d5974fd48b84c7994291b887ca03571
2021-03-05,36.8,36.8,ft^3/s,Approved,[],2025-03-11T19:58:58.212270+00:00,1d5974fd48b84c7994291b887ca03571
2021-03-06,32.9,32.9,ft^3/s,Approved,[],2025-03-11T19:58:58.212270+00:00,1d5974fd48b84c7994291b887ca03571
2021-03-07,42.0,42.0,ft^3/s,Approved,[],2025-03-11T19:58:58.212270+00:00,1d5974fd48b84c7994291b887ca03571
2021-03-08,34.9,34.9,ft^3/s,Approved,[],2025-03-11T19:58:58.212270+00:00,1d5974fd48b84c7994291b887ca03571
2021-03-09,37.9,37.9,ft^3/s,Approved,[],2025-03-11T19:58:58.212270+00:00,1d5974fd48b84c7994291b887ca03571
2021-03-10,46.8,46.8,ft^3/s,Approved,[],2025-03-11T19:58:58.212270+00:00,1d5974fd48b84c7994291b887ca03571
2021-03-11,37.4,37.4,ft^3/s,Approved,[],2025-03-11T19:58:58.212270+00:00,1d5974fd48b84c7994291b887ca03571
2021-03-12,30.5,30.5,ft^3/s,Approved,[],2025-03-11T19:58:58.212270+00:00,1d5974fd48b84c7994291b887ca03571
2021-03-13,44.9,44.9,ft^3/s,Approved,[],2025-03-11T19:58:58.212270+00:00,1d5974fd48b84c7994291b887ca03571
2021-03-14,35.8,35.8,ft^3/s,Approved,[],2025-03-11T19:58:58.212270+00:00,1d5974fd48b84c7994291b887ca03571
2021-03-15,29.4,29.4,ft^3/s,Approved,[],2025-03-11T19:58:58.212270+00:00,1d5974fd48b84c7994291b887ca03571
2021-03-16,28.2,28.2,ft^3/s,Approved,[],2025-03-11T19:58:58.212270+00:00,1d5974fd48b84c7994291b887ca03571
2021-03-17,26.6,26.6,ft^3/s,Approved,[],2025-03-11T19:58:58.212270+00:00,1d5974fd48b84c7994291b887ca03571
2021-03-18,22.8,22.8,ft^3/s,Approved,[],2025-03-11T19:58:58.212270+00:00,1d5974fd48b84c7994291b887ca03571
2021-03-19,21.0,21.0,ft^3/s,Approved,[],2025-03-11T19:58:58.212270+00:00,1d5974fd48b84c7994291b887ca03571
2021-03-20,22.1,22.1,ft^3/s,Approved,[],2025-03-11T19:58:58.212270+00:00,1d5974fd48b84c7994291b887ca03571
2021-03-21,21.9,21.9,ft^3/s,Approved,[],2025-03-11T19:58:58.212270+00:00,1d5974fd48b84c7994291b887ca03571
2021-03-22,24.4,24.4,ft^3/s,Approved,[],2025-03-11T19:58:58.212270+00:00,1d5974fd48b84c7994291b887ca03571
2021-03-23,70.8,70.8,ft^3/s,Approved,[],2025-03-11T19:58:58.212270+00:00,1d5974fd48b84c7994291b887ca03571
2021-03-24,38.9,38.9,ft^3/s,Approved,[],2025-03-11T19:58:58.212270+00:00,1d5974fd48b84c7994291b887ca03571
2021-03-25,68.2,68.2,ft^3/s,Approved,[],2025-03-11T19:58:58.212270+00:00,1d5974fd48b84c7994291b887ca03571
2021-03-26,44.4,44.4,ft^3/s,Approved,[],2025-03-11T19:58:58.212270+00:00,1d5974fd48b84c7994291b887ca03571
2021-03-27,33.4,33.4,ft^3/s,Approved,[],2025-03-11T19:58:58.212270+00:00,1d5974fd48b84c7994291b887ca03571
2021-03-28,25.9,25.9,ft^3/s,Approved,[],2025-03-11T19:58:58.212270+00:00,1d5974fd48b84c7994291b887ca03571
2021-03-29,26.2,26.2,ft^3/s,Approved,[],2025-03-11T19:58:58.212270+00:00,1d5974fd48b84c7994291b887ca03571
2021-03-30,25.5,25.5,ft^3/s,Approved,[],2025-03-11T19:58:58.212270+00:00,1d5974fd48b84c7994291b887ca03571
2021-03-31,23.1,23.1,ft^3/s,Approved,[],2025-03-11T19:58:58.212270+00:00,1d5974fd48b84c7994291b887ca03571
2021-04-01,22.9,22.9,ft^3/s,Approved,[],2025-03-11T19:58:58.212270+00:00,1d5974fd48b84c7994291b887ca03571
2021-04-02,33.5,33.5,ft^3/s,Approved,[],2025-03-11T19:58:58.212270+00:00,1d5974fd48b84c7994291b887ca03571
2021-04-03,32.2,32.2,ft^3/s,Approved,[],2025-03-11T19:58:58.212270+00:00,1d5974fd48b84c7994291b887ca03571
2021-04-04,26.3,26.3,ft^3/s,Approved,[],2025-03-11T19:58:58.212270+00:00,1d5974fd48b84c7994291b887ca03571
2021-04-05,24.1,24.1,ft^3/s,Approved,[],2025-03-11T19:58:58.212270+00:00,1d5974fd48b84c7994291b887ca03571
2021-04-06,26.4,26.4,ft^3/s,Approved,[],2025-03-11T19:58:58.212270+00:00,1d5974fd48b84c7994291b887ca03571
2021-04-07,25.0,25.0,ft^3/s,Approved,[],2025-03-11T19:58:58.212270+00:00,1d5974fd48b84c7994291b887ca03571
2021-04-08,23.6,23.6,ft^3/s,Approved,[],2025-03-11T19:58:58.212270+00:00,1d5974fd48b84c7994291b887ca03571
2021-04-09,20.5,20.5,ft^3/s,Approved,[],2025-03-11T19:58:58.212270+00:00,1d5974fd48b84c7994291b887ca03571
2021-04-10,18.0,18.0,ft^3/s,Approved,[],2025-03-11T19:58:58.212270+00:00,1d5974fd48b84c7994291b887ca03571
2021-04-11,15.9,15.9,ft^3/s,Approved,[],2025-03-11T19:58:58.212270+00:00,1d5974fd48b84c7994291b887ca03571
2021-04-12,15.5,15.5,ft^3/s,Approved,[],2025-03-11T19:58:58.212270+00:00,1d5974fd48b84c7994291b887ca03571
2021-04-13,14.8,14.8,ft^3/s,Approved,[],2025-03-11T19:58:58.212270+00:00,1d5974fd48b84c7994291b887ca03571
2021-04-14,14.3,14.3,ft^3/s,Approved,[],2025-03-11T19:58:58.212270+00:00,1d5974fd48b84c7994291b887ca03571
2021-04-15,34.1,34.1,ft^3/s,Approved,[],2025-03-11T19:58:58.212270+00:00,1d5974fd48b84c7994291b887ca03571
2021-04-16,37.1,37.1,ft^3/s,Approved,[],2025-03-11T19:58:58.212270+00:00,1d5974fd48b84c7994291b887ca03571
2021-04-17,25.0,25.0,ft^3/s,Approved,[],2025-03-11T19:58:58.212270+00:00,1d5974fd48b84c7994291b887ca03571
2021-04-18,22.3,22.3,ft^3/s,Approved,[],2025-03-11T19:58:58.212270+00:00,1d5974fd48b84c7994291b887ca03571
2021-04-19,20.0,20.0,ft^3/s,Approved,[],2025-03-11T19:58:58.212270+00:00,1d5974fd48b84c7994291b887ca03571
2021-04-20,17.9,17.9,ft^3/s,Approved,[],2025-03-11T19:58:58.212270+00:00,1d5974fd48b84c7994291b887ca03571
2021-04-21,16.1,16.1,ft^3/s,Approved,[],2025-03-11T19:58:58.212270+00:00,1d5974fd48b84c7994291b887ca03571
2021-04-22,15.9,15.9,ft^3/s,Approved,[],2025-03-11T19:58:58.212270+00:00,1d5974fd48b84c7994291b887ca03571
2021-04-23,80.3,80.3,ft^3/s,Approved,[],2025-03-11T19:58:58.212270+00:00,1d5974fd48b84c7994291b887ca03571
2021-04-24,37.5,37.5,ft^3/s,Approved,[],2025-03-11T19:58:58.212270+00:00,1d5974fd48b84c7994291b887ca03571
2021-04-25,24.1,24.1,ft^3/s,Approved,[],2025-03-11T19:58:58.212270+00:00,1d5974fd48b84c7994291b887ca03571
2021-04-26,20.0,20.0,ft^3/s,Approved,[],2025-03-11T19:58:58.212270+00:00,1d5974fd48b84c7994291b887ca03571
2021-04-27,17.1,17.1,ft^3/s,Approved,[],2025-03-11T19:58:58.212270+00:00,1d5974fd48b84c7994291b887ca03571
2021-04-28,16.5,16.5,ft^3/s,Approved,[],2025-03-11T19:58:58.212270+00:00,1d5974fd48b84c7994291b887ca03571
2021-04-29,53.1,53.1,ft^3/s,Approved,[],2025-03-11T19:58:58.212270+00:00,1d5974fd48b84c7994291b887ca03571
2021-04-30,128.0,128,ft^3/s,Approved,[],2025-03-11T19:58:58.212270+00:00,1d5974fd48b84c7994291b887ca03571
2021-05-01,742.0,742,ft^3/s,Approved,[],2025-03-11T19:58:58.212270+00:00,1d5974fd48b84c7994291b887ca03571
2021-05-02,630.0,630,ft^3/s,Approved,[],2025-03-11T19:58:58.212270+00:00,1d5974fd48b84c7994291b887ca03571
2021-05-03,391.0,391,ft^3/s,Approved,[],2025-03-11T19:58:58.212270+00:00,1d5974fd48b84c7994291b887ca03571
2021-05-04,266.0,266,ft^3/s,Approved,[],2025-03-11T19:58:58.212270+00:00,1d5974fd48b84c7994291b887ca03571
2021-05-05,196.0,196,ft^3/s,Approved,[],2025-03-11T19:58:58.212270+00:00,1d5974fd48b84c7994291b887ca03571
2021-05-06,135.0,135,ft^3/s,Approved,[],2025-03-11T19:58:58.212270+00:00,1d5974fd48b84c7994291b887ca03571
2021-05-07,91.9,91.9,ft^3/s,Approved,[],2025-03-11T19:58:58.212270+00:00,1d5974fd48b84c7994291b887ca03571
2021-05-08,76.3,76.3,ft^3/s,Approved,[],2025-03-11T19:58:58.212270+00:00,1d5974fd48b84c7994291b887ca03571
2021-05-09,65.5,65.5,ft^3/s,Approved,[],2025-03-11T19:58:58.212270+00:00,1d5974fd48b84c7994291b887ca03571
2021-05-10,57.2,57.2,ft^3/s,Approved,[],2025-03-11T19:58:58.212270+00:00,1d5974fd48b84c7994291b887ca03571
2021-05-11,55.2,55.2,ft^3/s,Approved,[],2025-03-11T19:58:58.212270+00:00,1d5974fd48b84c7994291b887ca03571
2021-05-12,49.4,49.4,ft^3/s,Approved,[],2025-03-11T19:58:58.212270+00:00,1d5974fd48b84c7994291b887ca03571
2021-05-13,49.2,49.2,ft^3/s,Approved,[],2025-03-11T19:58:58.212270+00:00,1d5974fd48b84c7994291b887ca03571
2021-05-14,46.2,46.2,ft^3/s,Approved,[],2025-03-11T19:58:58.212270+00:00,1d5974fd48b84c7994291b887ca03571
2021-05-15,44.1,44.1,ft^3/s,Approved,[],2025-03-11T19:58:58.212270+00:00,1d5974fd48b84c7994291b887ca03571
2021-05-16,221.0,221,ft^3/s,Approved,[],2025-03-11T19:58:58.212270+00:00,1d5974fd48b84c7994291b887ca03571
2021-05-17,139.0,139,ft^3/s,Approved,[],2025-03-11T19:58:58.212270+00:00,1d5974fd48b84c7994291b887ca03571
2021-05-18,168.0,168,ft^3/s,Approved,[],2025-03-11T19:58:58.212270+00:00,1d5974fd48b84c7994291b887ca03571
2021-05-19,120.0,120,ft^3/s,Approved,[],2025-03-11T19:58:58.212270+00:00,1d5974fd48b84c7994291b887ca03571
2021-05-20,83.9,83.9,ft^3/s,Approved,[],2025-03-11T19:58:58.212270+00:00,1d5974fd48b84c7994291b887ca03571
2021-05-21,68.9,68.9,ft^3/s,Approved,[],2025-03-11T19:58:58.212270+00:00,1d5974fd48b84c7994291b887ca03571
2021-05-22,101.0,101,ft^3/s,Approved,[],2025-03-11T19:58:58.212270+00:00,1d5974fd48b84c7994291b887ca03571
2021-05-23,146.0,146,ft^3/s,Approved,[],2025-03-11T19:58:58.212270+00:00,1d5974fd48b84c7994291b887ca03571
2021-05-24,344.0,344,ft^3/s,Approved,[],2025-03-11T19:58:58.212270+00:00,1d5974fd48b84c7994291b887ca03571
2021-05-25,172.0,172,ft^3/s,Approved,[],2025-03-11T19:58:58.212270+00:00,1d5974fd48b84c7994291b887ca03571
2021-05-26,135.0,135,ft^3/s,Approved,[],2025-03-11T19:58:58.212270+00:00,1d5974fd48b84c7994291b887ca03571
2021-05-27,111.0,111,ft^3/s,Approved,[],2025-03-11T19:58:58.212270+00:00,1d5974fd48b84c7994291b887ca03571
2021-05-28,752.0,752,ft^3/s,Approved,[],2025-03-11T19:58:58.212270+00:00,1d5974fd48b84c7994291b887ca03571
2021-05-29,683.0,683,ft^3/s,Approved,[],2025-03-11T19:58:58.212270+00:00,1d5974fd48b84c7994291b887ca03571
2021-05-30,417.0,417,ft^3/s,Approved,[],2025-03-11T19:58:58.212270+00:00,1d5974fd48b84c7994291b887ca03571
2021-05-31,321.0,321,ft^3/s,Approved,[],2025-03-11T19:58:58.212270+00:00,1d5974fd48b84c7994291b887ca03571
2021-06-01,1000.0,1000,ft^3/s,Approved,[],2025-03-11T19:58:58.212270+00:00,1d5974fd48b84c7994291b887ca03571
2021-06-02,786.0,786,ft^3/s,Approved,[],2025-03-11T19:58:58.212270+00:00,1d5974fd48b84c7994291b887ca03571
2021-06-03,707.0,707,ft^3/s,Approved,[],2025-03-11T19:58:58.212270+00:00,1d5974fd48b84c7994291b887ca03571
2021-06-04,450.0,450,ft^3/s,Approved,[],2025-03-11T19:58:58.212270+00:00,1d5974fd48b84c7994291b887ca03571
2021-06-05,312.0,312,ft^3/s,Approved,[],2025-03-11T19:58:58.212270+00:00,1d5974fd48b84c7994291b887ca03571
2021-06-06,226.0,226,ft^3/s,Approved,[],2025-03-11T19:58:58.212270+00:00,1d5974fd48b84c7994291b887ca03571
2021-06-07,180.0,180,ft^3/s,Approved,[],2025-03-11T19:58:58.212270+00:00,1d5974fd48b84c7994291b887ca03571
2021-06-08,149.0,149,ft^3/s,Approved,[],2025-03-11T19:58:58.212270+00:00,1d5974fd48b84c7994291b887ca03571
2021-06-09,129.0,129,ft^3/s,Approved,[],2025-03-11T19:58:58.212270+00:00,1d5974fd48b84c7994291b887ca03571
2021-06-10,114.0,114,ft^3/s,Approved,[],2025-03-11T19:58:58.212270+00:00,1d5974fd48b84c7994291b887ca03571
2021-06-11,104.0,104,ft^3/s,Approved,[],2025-03-11T19:58:58.212270+00:00,1d5974fd48b84c7994291b887ca03571
2021-06-12,102.0,102,ft^3/s,Approved,[],2025-03-11T19:58:58.212270+00:00,1d5974fd48b84c7994291b887ca03571
2021-06-13,89.9,89.9,ft^3/s,Approved,[],2025-03-11T19:58:58.212270+00:00,1d5974fd48b84c7994291b887ca03571
2021-06-14,79.1,79.1,ft^3/s,Approved,[],2025-03-11T19:58:58.212270+00:00,1d5974fd48b84c7994291b887ca03571
2021-06-15,71.4,71.4,ft^3/s,Approved,[],2025-03-11T19:58:58.212270+00:00,1d5974fd48b84c7994291b887ca03571
2021-06-16,65.1,65.1,ft^3/s,Approved,[],2025-03-11T19:58:58.212270+00:00,1d5974fd48b84c7994291b887ca03571
2021-06-17,60.8,60.8,ft^3/s,Approved,[],2025-03-11T19:58:58.212270+00:00,1d5974fd48b84c7994291b887ca03571
2021-06-18,56.2,56.2,ft^3/s,Approved,[],2025-03-11T19:58:58.212270+00:00,1d5974fd48b84c7994291b887ca03571
2021-06-19,53.8,53.8,ft^3/s,Approved,[],2025-03-11T19:58:58.212270+00:00,1d5974fd48b84c7994291b887ca03571
2021-06-20,51.0,51.0,ft^3/s,Approved,[],2025-03-11T19:58:58.212270+00:00,1d5974fd48b84c7994291b887ca03571
2021-06-21,49.0,49.0,ft^3/s,Approved,[],2025-03-11T19:58:58.212270+00:00,1d5974fd48b84c7994291b887ca03571
2021-06-22,181.0,181,ft^3/s,Approved,[],2025-03-11T19:58:58.212270+00:00,1d5974fd48b84c7994291b887ca03571
2021-06-23,95.2,95.2,ft^3/s,Approved,[],2025-03-11T19:58:58.212270+00:00,1d5974fd48b84c7994291b887ca03571
2021-06-24,70.0,70.0,ft^3/s,Approved,[],2025-03-11T19:58:58.212270+00:00,1d5974fd48b84c7994291b887ca03571
2021-06-25,60.1,60.1,ft^3/s,Approved,[],2025-03-11T19:58:58.212270+00:00,1d5974fd48b84c7994291b887ca03571
2021-06-26,51.1,51.1,ft^3/s,Approved,[],2025-03-11T19:58:58.212270+00:00,1d5974fd48b84c7994291b887ca03571
2021-06-27,47.3,47.3,ft^3/s,Approved,[],2025-03-11T19:58:58.212270+00:00,1d5974fd48b84c7994291b887ca03571
2021-06-28,70.8,70.8,ft^3/s,Approved,[],2025-03-11T19:58:58.212270+00:00,1d5974fd48b84c7994291b887ca03571
2021-06-29,88.9,88.9,ft^3/s,Approved,[],2025-03-11T19:58:58.212270+00:00,1d5974fd48b84c7994291b887ca03571
2021-06-30,86.2,86.2,ft^3/s,Approved,[],2025-03-11T19:58:58.212270+00:00,1d5974fd48b84c7994291b887ca03571
2021-07-01,68.3,68.3,ft^3/s,Approved,[],2025-03-11T19:58:58.212270+00:00,1d5974fd48b84c7994291b887ca03571
2021-07-02,54.6,54.6,ft^3/s,Approved,[],2025-03-11T19:58:58.212270+00:00,1d5974fd48b84c7994291b887ca03571
2021-07-03,47.9,47.9,ft^3/s,Approved,[],2025-03-11T19:58:58.212270+00:00,1d5974fd48b84c7994291b887ca03571
2021-07-04,112.0,112,ft^3/s,Approved,[],2025-03-11T19:58:58.212270+00:00,1d5974fd48b84c7994291b887ca03571
2021-07-05,80.1,80.1,ft^3/s,Approved,[],2025-03-11T19:58:58.212270+00:00,1d5974fd48b84c7994291b887ca03571
2021-07-06,101.0,101,ft^3/s,Approved,[],2025-03-11T19:58:58.212270+00:00,1d5974fd48b84c7994291b887ca03571
2021-07-07,122.0,122,ft^3/s,Approved,[],2025-03-11T19:58:58.212270+00:00,1d5974fd48b84c7994291b887ca03571
2021-07-08,90.6,90.6,ft^3/s,Approved,[],2025-03-11T19:58:58.212270+00:00,1d5974fd48b84c7994291b887ca03571
2021-07-09,125.0,125,ft^3/s,Approved,[],2025-03-11T19:58:58.212270+00:00,1d5974fd48b84c7994291b887ca03571
2021-07-10,153.0,153,ft^3/s,Approved,[],2025-03-11T19:58:58.212270+00:00,1d5974fd48b84c7994291b887ca03571
2021-07-11,107.0,107,ft^3/s,Approved,[],2025-03-11T19:58:58.212270+00:00,1d5974fd48b84c7994291b887ca03571
2021-07-12,81.9,81.9,ft^3/s,Approved,[],2025-03-11T19:58:58.212270+00:00,1d5974fd48b84c7994291b887ca03571
2021-07-13,65.3,65.3,ft^3/s,Approved,[],2025-03-11T19:58:58.212270+00:00,1d5974fd48b84c7994291b887ca03571
2021-07-14,56.9,56.9,ft^3/s,Approved,[],2025-03-11T19:58:58.212270+00:00,1d5974fd48b84c7994291b887ca03571
2021-07-15,56.0,56.0,ft^3/s,Approved,[],2025-03-11T19:58:58.212270+00:00,1d5974fd48b84c7994291b887ca03571
2021-07-16,48.4,48.4,ft^3/s,Approved,[],2025-03-11T19:58:58.212270+00:00,1d5974fd48b84c7994291b887ca03571
2021-07-17,41.4,41.4,ft^3/s,Approved,[],2025-03-11T19:58:58.212270+00:00,1d5974fd48b84c7994291b887ca03571
2021-07-18,36.9,36.9,ft^3/s,Approved,[],2025-03-11T19:58:58.212270+00:00,1d5974fd48b84c7994291b887ca03571
2021-07-19,66.6,66.6,ft^3/s,Approved,[],2025-03-11T19:58:58.212270+00:00,1d5974fd48b84c7994291b887ca03571
2021-07-20,234.0,234,ft^3/s,Approved,[],2025-03-11T19:58:58.212270+00:00,1d5974fd48b84c7994291b887ca03571
2021-07-21,117.0,117,ft^3/s,Approved,[],2025-03-11T19:58:58.212270+00:00,1d5974fd48b84c7994291b887ca03571
2021-07-22,76.1,76.1,ft^3/s,Approved,[],2025-03-11T19:58:58.212270+00:00,1d5974fd48b84c7994291b887ca03571
2021-07-23,57.7,57.7,ft^3/s,Approved,[],2025-03-11T19:58:58.212270+00:00,1d5974fd48b84c7994291b887ca03571
2021-07-24,46.3,46.3,ft^3/s,Approved,[],2025-03-11T19:58:58.212270+00:00,1d5974fd48b84c7994291b887ca03571
2021-07-25,38.7,38.7,ft^3/s,Approved,[],2025-03-11T19:58:58.212270+00:00,1d5974fd48b84c7994291b887ca03571
2021-07-26,33.3,33.3,ft^3/s,Approved,[],2025-03-11T19:58:58.212270+00:00,1d5974fd48b84c7994291b887ca03571
2021-07-27,30.4,30.4,ft^3/s,Approved,[],2025-03-11T19:58:58.212270+00:00,1d5974fd48b84c7994291b887ca03571
2021-07-28,28.2,28.2,ft^3/s,Approved,[],2025-03-11T19:58:58.212270+00:00,1d5974fd48b84c7994291b887ca03571
2021-07-29,26.6,26.6,ft^3/s,Approved,[],2025-03-11T19:58:58.212270+00:00,1d5974fd48b84c7994291b887ca03571
2021-07-30,25.0,25.0,ft^3/s,Approved,[],2025-03-11T19:58:58.212270+00:00,1d5974fd48b84c7994291b887ca03571
2021-07-31,24.0,24.0,ft^3/s,Approved,[],2025-03-11T19:58:58.212270+00:00,1d5974fd48b84c7994291b887ca03571
2021-08-01,59.8,59.8,ft^3/s,Approved,[],2025-03-11T19:58:58.212270+00:00,1d5974fd48b84c7994291b887ca03571
2021-08-02,256.0,256,ft^3/s,Approved,[],2025-03-11T19:58:58.212270+00:00,1d5974fd48b84c7994291b887ca03571
2021-08-03,295.0,295,ft^3/s,Approved,[],2025-03-11T19:58:58.212270+00:00,1d5974fd48b84c7994291b887ca03571
2021-08-04,184.0,184,ft^3/s,Approved,[],2025-03-11T19:58:58.212270+00:00,1d5974fd48b84c7994291b887ca03571
2021-08-05,97.7,97.7,ft^3/s,Approved,[],2025-03-11T19:58:58.212270+00:00,1d5974fd48b84c7994291b887ca03571
2021-08-06,67.4,67.4,ft^3/s,Approved,[],2025-03-11T19:58:58.212270+00:00,1d5974fd48b84c7994291b887ca03571
2021-08-07,54.0,54.0,ft^3/s,Approved,[],2025-03-11T19:58:58.212270+00:00,1d5974fd48b84c7994291b887ca03571
2021-08-08,45.0,45.0,ft^3/s,Approved,[],2025-03-11T19:58:58.212270+00:00,1d5974fd48b84c7994291b887ca03571
2021-08-09,38.1,38.1,ft^3/s,Approved,[],2025-03-11T19:58:58.212270+00:00,1d5974fd48b84c7994291b887ca03571
2021-08-10,33.1,33.1,ft^3/s,Approved,[],2025-03-11T19:58:58.212270+00:00,1d5974fd48b84c7994291b887ca03571
2021-08-11,29.5,29.5,ft^3/s,Approved,[],2025-03-11T19:58:58.212270+00:00,1d5974fd48b84c7994291b887ca03571
2021-08-12,26.9,26.9,ft^3/s,Approved,[],2025-03-11T19:58:58.212270+00:00,1d5974fd48b84c7994291b887ca03571
2021-08-13,25.2,25.2,ft^3/s,Approved,[],2025-03-11T19:58:58.212270+00:00,1d5974fd48b84c7994291b887ca03571
2021-08-14,23.5,23.5,ft^3/s,Approved,[],2025-03-11T19:58:58.212270+00:00,1d5974fd48b84c7994291b887ca03571
2021-08-15,24.9,24.9,ft^3/s,Approved,[],2025-03-11T19:58:58.212270+00:00,1d5974fd48b84c7994291b887ca03571
2021-08-16,24.8,24.8,ft^3/s,Approved,[],2025-03-11T19:58:58.212270+00:00,1d5974fd48b84c7994291b887ca03571
2021-08-17,22.3,22.3,ft^3/s,Approved,[],2025-03-11T19:58:58.212270+00:00,1d5974fd48b84c7994291b887ca03571
2021-08-18,22.0,22.0,ft^3/s,Approved,[],2025-03-11T19:58:58.212270+00:00,1d5974fd48b84c7994291b887ca03571
2021-08-19,20.3,20.3,ft^3/s,Approved,[],2025-03-11T19:58:58.212270+00:00,1d5974fd48b84c7994291b887ca03571
2021-08-20,18.4,18.4,ft^3/s,Approved,[],2025-03-11T19:58:58.212270+00:00,1d5974fd48b84c7994291b887ca03571
2021-08-21,17.1,17.1,ft^3/s,Approved,[],2025-03-11T19:58:58.212270+00:00,1d5974fd48b84c7994291b887ca03571
2021-08-22,16.4,16.4,ft^3/s,Approved,[],2025-03-11T19:58:58.212270+00:00,1d5974fd48b84c7994291b887ca03571
2021-08-23,16.0,16.0,ft^3/s,Approved,[],2025-03-11T19:58:58.212270+00:00,1d5974fd48b84c7994291b887ca03571
2021-08-24,15.2,15.2,ft^3/s,Approved,[],2025-03-11T19:58:58.212270+00:00,1d5974fd48b84c7994291b887ca03571
2021-08-25,14.0,14.0,ft^3/s,Approved,[],2025-03-11T19:58:58.212270+00:00,1d5974fd48b84c7994291b887ca03571
2021-08-26,13.3,13.3,ft^3/s,Approved,[],2025-03-11T19:58:58.212270+00:00,1d5974fd48b84c7994291b887ca03571
2021-08-27,15.6,15.6,ft^3/s,Approved,[],2025-03-11T19:58:58.212270+00:00,1d5974fd48b84c7994291b887ca03571
2021-08-28,47.3,47.3,ft^3/s,Approved,[],2025-03-11T19:58:58.212270+00:00,1d5974fd48b84c7994291b887ca03571
2021-08-29,29.8,29.8,ft^3/s,Approved,[],2025-03-11T19:58:58.212270+00:00,1d5974fd48b84c7994291b887ca03571
2021-08-30,22.0,22.0,ft^3/s,Approved,[],2025-03-11T19:58:58.212270+00:00,1d5974fd48b84c7994291b887ca03571
2021-08-31,22.2,22.2,ft^3/s,Approved,[],2025-03-11T19:58:58.212270+00:00,1d5974fd48b84c7994291b887ca03571
2021-09-01,20.2,20.2,ft^3/s,Approved,[],2025-03-11T19:58:58.212270+00:00,1d5974fd48b84c7994291b887ca03571
2021-09-02,17.8,17.8,ft^3/s,Approved,[],2025-03-11T19:58:58.212270+00:00,1d5974fd48b84c7994291b887ca03571
2021-09-03,15.6,15.6,ft^3/s,Approved,[],2025-03-11T19:58:58.212270+00:00,1d5974fd48b84c7994291b887ca03571
2021-09-04,14.4,14.4,ft^3/s,Approved,[],2025-03-11T19:58:58.212270+00:00,1d5974fd48b84c7994291b887ca03571
2021-09-05,16.0,16.0,ft^3/s,Approved,[],2025-03-11T19:58:58.212270+00:00,1d5974fd48b84c7994291b887ca03571
2021-09-06,17.8,17.8,ft^3/s,Approved,[],2025-03-11T19:58:58.212270+00:00,1d5974fd48b84c7994291b887ca03571
2021-09-07,91.4,91.4,ft^3/s,Approved,[],2025-03-11T19:58:58.212270+00:00,1d5974fd48b84c7994291b887ca03571
2021-09-08,48.9,48.9,ft^3/s,Approved,[],2025-03-11T19:58:58.212270+00:00,1d5974fd48b84c7994291b887ca03571
2021-09-09,31.0,31.0,ft^3/s,Approved,[],2025-03-11T19:58:58.212270+00:00,1d5974fd48b84c7994291b887ca03571
2021-09-10,24.0,24.0,ft^3/s,Approved,[],2025-03-11T19:58:58.212270+00:00,1d5974fd48b84c7994291b887ca03571
2021-09-11,20.3,20.3,ft^3/s,Approved,[],2025-03-11T19:58:58.212270+00:00,1d5974fd48b84c7994291b887ca03571
2021-09-12,18.4,18.4,ft^3/s,Approved,[],2025-03-11T19:58:58.212270+00:00,1d5974fd48b84c7994291b887ca03571
2021-09-13,17.3,17.3,ft^3/s,Approved,[],2025-03-11T19:58:58.212270+00:00,1d5974fd48b84c7994291b887ca03571
2021-09-14,15.6,15.6,ft^3/s,Approved,[],2025-03-11T19:58:58.212270+00:00,1d5974fd48b84c7994291b887ca03571
2021-09-15,14.8,14.8,ft^3/s,Approved,[],2025-03-11T19:58:58.212270+00:00,1d5974fd48b84c7994291b887ca03571
2021-09-16,14.5,14.5,ft^3/s,Approved,[],2025-03-11T19:58:58.212270+00:00,1d5974fd48b84c7994291b887ca03571
2021-09-17,14.8,14.8,ft^3/s,Approved,[],2025-03-11T19:58:58.212270+00:00,1d5974fd48b84c7994291b887ca03571
2021-09-18,13.9,13.9,ft^3/s,Approved,[],2025-03-11T19:58:58.212270+00:00,1d5974fd48b84c7994291b887ca03571
2021-09-19,13.3,13.3,ft^3/s,Approved,[],2025-03-11T19:58:58.212270+00:00,1d5974fd48b84c7994291b887ca03571
2021-09-20,12.7,12.7,ft^3/s,Approved,[],2025-03-11T19:58:58.212270+00:00,1d5974fd48b84c7994291b887ca03571
2021-09-21,12.9,12.9,ft^3/s,Approved,[],2025-03-11T19:58:58.212270+00:00,1d5974fd48b84c7994291b887ca03571
2021-09-22,13.2,13.2,ft^3/s,Approved,[],2025-03-11T19:58:58.212270+00:00,1d5974fd48b84c7994291b887ca03571
2021-09-23,11.0,11.0,ft^3/s,Approved,[],2025-03-11T19:58:58.212270+00:00,1d5974fd48b84c7994291b887ca03571
2021-09-24,10.8,10.8,ft^3/s,Approved,[],2025-03-11T19:58:58.212270+00:00,1d5974fd48b84c7994291b887ca03571
2021-09-25,10.7,10.7,ft^3/s,Approved,[],2025-03-11T19:58:58.212270+00:00,1d5974fd48b84c7994291b887ca03571
2021-09-26,10.7,10.7,ft^3/s,Approved,[],2025-03-11T19:58:58.212270+00:00,1d5974fd48b84c7994291b887ca03571
2021-09-27,10.9,10.9,ft^3/s,Approved,[],2025-03-11T19:58:58.212270+00:00,1d5974fd48b84c7994291b887ca03571
2021-09-28,411.0,411,ft^3/s,Approved,[],2025-03-11T19:58:58.212270+00:00,1d5974fd48b84c7994291b887ca03571
2021-09-29,351.0,351,ft^3/s,Approved,[],2025-03-11T19:58:58.212270+00:00,1d5974fd48b84c7994291b887ca03571
2021-09-30,195.0,195,ft^3/s,Approved,[],2025-03-11T19:58:58.212270+00:00,1d5974fd48b84c7994291b887ca03571
2021-10-01,264.0,264,ft^3/s,Approved,[],2025-03-11T19:58:58.212270+00:00,1d5974fd48b84c7994291b887ca03571
2021-10-02,159.0,159,ft^3/s,Approved,[],2025-03-11T19:58:58.212270+00:00,1d5974fd48b84c7994291b887ca03571
2021-10-03,79.9,79.9,ft^3/s,Approved,[],2025-03-11T19:58:58.212270+00:00,1d5974fd48b84c7994291b887ca03571
2021-10-04,54.5,54.5,ft^3/s,Approved,[],2025-03-11T19:58:58.212270+00:00,1d5974fd48b84c7994291b887ca03571
2021-10-05,41.2,41.2,ft^3/s,Approved,[],2025-03-11T19:58:58.212270+00:00,1d5974fd48b84c7994291b887ca03571
2021-10-06,34.0,34.0,ft^3/s,Approved,[],2025-03-11T19:58:58.212270+00:00,1d5974fd48b84c7994291b887ca03571
2021-10-07,31.0,31.0,ft^3/s,Approved,[],2025-03-11T19:58:58.212270+00:00,1d5974fd48b84c7994291b887ca03571
2021-10-08,28.0,28.0,ft^3/s,Approved,[],2025-03-11T19:58:58.212270+00:00,1d5974fd48b84c7994291b887ca03571
2021-10-09,26.5,26.5,ft^3/s,Approved,[],2025-03-11T19:58:58.212270+00:00,1d5974fd48b84c7994291b887ca03571
2021-10-10,26.0,26.0,ft^3/s,Approved,[],2025-03-11T19:58:58.212270+00:00,1d5974fd48b84c7994291b887ca03571
2021-10-11,36.9,36.9,ft^3/s,Approved,[],2025-03-11T19:58:58.212270+00:00,1d5974fd48b84c7994291b887ca03571
2021-10-12,40.5,40.5,ft^3/s,Approved,[],2025-03-11T19:58:58.212270+00:00,1d5974fd48b84c7994291b887ca03571
2021-10-13,205.0,205,ft^3/s,Approved,[],2025-03-11T19:58:58.212270+00:00,1d5974fd48b84c7994291b887ca03571
2021-10-14,1010.0,1010,ft^3/s,Approved,[],2025-03-11T19:58:58.212270+00:00,1d5974fd48b84c7994291b887ca03571
2021-10-15,401.0,401,ft^3/s,Approved,[],2025-03-11T19:58:58.212270+00:00,1d5974fd48b84c7994291b887ca03571
2021-10-16,336.0,336,ft^3/s,Approved,[],2025-03-11T19:58:58.212270+00:00,1d5974fd48b84c7994291b887ca03571
2021-10-17,284.0,284,ft^3/s,Approved,[],2025-03-11T19:58:58.212270+00:00,1d5974fd48b84c7994291b887ca03571
2021-10-18,140.0,140,ft^3/s,Approved,[],2025-03-11T19:58:58.212270+00:00,1d5974fd48b84c7994291b887ca03571
2021-10-19,88.6,88.6,ft^3/s,Approved,[],2025-03-11T19:58:58.212270+00:00,1d5974fd48b84c7994291b887ca03571
2021-10-20,72.2,72.2,ft^3/s,Approved,[],2025-03-11T19:58:58.212270+00:00,1d5974fd48b84c7994291b887ca03571
2021-10-21,63.8,63.8,ft^3/s,Approved,[],2025-03-11T19:58:58.212270+00:00,1d5974fd48b84c7994291b887ca03571
2021-10-22,58.5,58.5,ft^3/s,Approved,[],2025-03-11T19:58:58.212270+00:00,1d5974fd48b84c7994291b887ca03571
2021-10-23,53.9,53.9,ft^3/s,Approved,[],2025-03-11T19:58:58.212270+00:00,1d5974fd48b84c7994291b887ca03571
2021-10-24,49.7,49.7,ft^3/s,Approved,[],2025-03-11T19:58:58.212270+00:00,1d5974fd48b84c7994291b887ca03571
2021-10-25,46.3,46.3,ft^3/s,Approved,[],2025-03-11T19:58:58.212270+00:00,1d5974fd48b84c7994291b887ca03571
2021-10-26,43.9,43.9,ft^3/s,Approved,[],2025-03-11T19:58:58.212270+00:00,1d5974fd48b84c7994291b887ca03571
2021-10-27,130.0,130,ft^3/s,Approved,[],2025-03-11T19:58:58.212270+00:00,1d5974fd48b84c7994291b887ca03571
2021-10-28,96.3,96.3,ft^3/s,Approved,[],2025-03-11T19:58:58.212270+00:00,1d5974fd48b84c7994291b887ca03571
2021-10-29,67.5,67.5,ft^3/s,Approved,[],2025-03-11T19:58:58.212270+00:00,1d5974fd48b84c7994291b887ca03571
2021-10-30,57.5,57.5,ft^3/s,Approved,[],2025-03-11T19:58:58.212270+00:00,1d5974fd48b84c7994291b887ca03571
2021-10-31,57.1,57.1,ft^3/s,Approved,[],2025-03-11T19:58:58.212270+00:00,1d5974fd48b84c7994291b887ca03571
2021-11-01,50.0,50.0,ft^3/s,Approved,[],2025-03-11T19:58:58.212270+00:00,1d5974fd48b84c7994291b887ca03571
2021-11-02,44.5,44.5,ft^3/s,Approved,[],2025-03-11T19:58:58.212270+00:00,1d5974fd48b84c7994291b887ca03571
2021-11-03,382.0,382,ft^3/s,Approved,[],2025-03-11T19:58:58.212270+00:00,1d5974fd48b84c7994291b887ca03571
2021-11-04,380.0,380,ft^3/s,Approved,[],2025-03-11T19:58:58.212270+00:00,1d5974fd48b84c7994291b887ca03571
2021-11-05,204.0,204,ft^3/s,Approved,[],2025-03-11T19:58:58.212270+00:00,1d5974fd48b84c7994291b887ca03571
2021-11-06,131.0,131,ft^3/s,Approved,[],2025-03-11T19:58:58.212270+00:00,1d5974fd48b84c7994291b887ca03571
2021-11-07,101.0,101,ft^3/s,Approved,[],2025-03-11T19:58:58.212270+00:00,1d5974fd48b84c7994291b887ca03571
2021-11-08,85.3,85.3,ft^3/s,Approved,[],2025-03-11T19:58:58.212270+00:00,1d5974fd48b84c7994291b887ca03571
2021-11-09,75.6,75.6,ft^3/s,Approved,[],2025-03-11T19:58:58.212270+00:00,1d5974fd48b84c7994291b887ca03571
2021-11-10,69.1,69.1,ft^3/s,Approved,[],2025-03-11T19:58:58.212270+00:00,1d5974fd48b84c7994291b887ca03571
2021-11-11,62.7,62.7,ft^3/s,Approved,[],2025-03-11T19:58:58.212270+00:00,1d5974fd48b84c7994291b887ca03571
2021-11-12,58.1,58.1,ft^3/s,Approved,[],2025-03-11T19:58:58.212270+00:00,1d5974fd48b84c7994291b887ca03571
2021-11-13,54.0,54.0,ft^3/s,Approved,[],2025-03-11T19:58:58.212270+00:00,1d5974fd48b84c7994291b887ca03571
2021-11-14,50.8,50.8,ft^3/s,Approved,[],2025-03-11T19:58:58.212270+00:00,1d5974fd48b84c7994291b887ca03571
2021-11-15,49.4,49.4,ft^3/s,Approved,[],2025-03-11T19:58:58.212270+00:00,1d5974fd48b84c7994291b887ca03571
2021-11-16,48.4,48.4,ft^3/s,Approved,[],2025-03-11T19:58:58.212270+00:00,1d5974fd48b84c7994291b887ca03571
2021-11-17,45.1,45.1,ft^3/s,Approved,[],2025-03-11T19:58:58.212270+00:00,1d5974fd48b84c7994291b887ca03571
2021-11-18,37.9,37.9,ft^3/s,Approved,[],2025-03-11T19:58:58.212270+00:00,1d5974fd48b84c7994291b887ca03571
2021-11-19,39.5,39.5,ft^3/s,Approved,[],2025-03-11T19:58:58.212270+00:00,1d5974fd48b84c7994291b887ca03571
2021-11-20,39.3,39.3,ft^3/s,Approved,[],2025-03-11T19:58:58.212270+00:00,1d5974fd48b84c7994291b887ca03571
2021-11-21,37.8,37.8,ft^3/s,Approved,[],2025-03-11T19:58:58.212270+00:00,1d5974fd48b84c7994291b887ca03571
2021-11-22,35.7,35.7,ft^3/s,Approved,[],2025-03-11T19:58:58.212270+00:00,1d5974fd48b84c7994291b887ca03571
2021-11-23,36.8,36.8,ft^3/s,Approved,[],2025-03-11T19:58:58.212270+00:00,1d5974fd48b84c7994291b887ca03571
2021-11-24,35.8,35.8,ft^3/s,Approved,[],2025-03-11T19:58:58.212270+00:00,1d5974fd48b84c7994291b887ca03571
2021-11-25,35.1,35.1,ft^3/s,Approved,[],2025-03-11T19:58:58.212270+00:00,1d5974fd48b84c7994291b887ca03571
2021-11-26,35.0,35.0,ft^3/s,Approved,[],2025-03-11T19:58:58.212270+00:00,1d5974fd48b84c7994291b887ca03571
2021-11-27,47.0,47.0,ft^3/s,Approved,[],2025-03-11T19:58:58.212270+00:00,1d5974fd48b84c7994291b887ca03571
2021-11-28,47.5,47.5,ft^3/s,Approved,[],2025-03-11T19:58:58.212270+00:00,1d5974fd48b84c7994291b887ca03571
2021-11-29,40.7,40.7,ft^3/s,Approved,[],2025-03-11T19:58:58.212270+00:00,1d5974fd48b84c7994291b887ca03571
2021-11-30,37.4,37.4,ft^3/s,Approved,[],2025-03-11T19:58:58.212270+00:00,1d5974fd48b84c7994291b887ca03571
2021-12-01,35.9,35.9,ft^3/s,Approved,[],2025-03-11T19:58:58.212270+00:00,1d5974fd48b84c7994291b887ca03571
2021-12-02,35.1,35.1,ft^3/s,Approved,[],2025-03-11T19:58:58.212270+00:00,1d5974fd48b84c7994291b887ca03571
2021-12-03,35.0,35.0,ft^3/s,Approved,[],2025-03-11T19:58:58.212270+00:00,1d5974fd48b84c7994291b887ca03571
2021-12-04,34.2,34.2,ft^3/s,Approved,[],2025-03-11T19:58:58.212270+00:00,1d5974fd48b84c7994291b887ca03571
2021-12-05,33.7,33.7,ft^3/s,Approved,[],2025-03-11T19:58:58.212270+00:00,1d5974fd48b84c7994291b887ca03571
2021-12-06,32.3,32.3,ft^3/s,Approved,[],2025-03-11T19:58:58.212270+00:00,1d5974fd48b84c7994291b887ca03571
2021-12-07,31.4,31.4,ft^3/s,Approved,[],2025-03-11T19:58:58.212270+00:00,1d5974fd48b84c7994291b887ca03571
2021-12-08,29.4,29.4,ft^3/s,Approved,[],2025-03-11T19:58:58.212270+00:00,1d5974fd48b84c7994291b887ca03571
2021-12-09,30.9,30.9,ft^3/s,Approved,[],2025-03-11T19:58:58.212270+00:00,1d5974fd48b84c7994291b887ca03571
2021-12-10,31.2,31.2,ft^3/s,Approved,[],2025-03-11T19:58:58.212270+00:00,1d5974fd48b84c7994291b887ca03571
2021-12-11,30.2,30.2,ft^3/s,Approved,"[""ESTIMATED""]",2025-03-11T19:58:58.212270+00:00,1d5974fd48b84c7994291b887ca03571
2021-12-12,28.8,28.8,ft^3/s,Approved,[],2025-09-02T15:32:16.761021+00:00,1d5974fd48b84c7994291b887ca03571
2021-12-13,28.8,28.8,ft^3/s,Approved,[],2025-03-11T19:58:58.212270+00:00,1d5974fd48b84c7994291b887ca03571
2021-12-14,28.5,28.5,ft^3/s,Approved,[],2025-03-11T19:58:58.212270+00:00,1d5974fd48b84c7994291b887ca03571
2021-12-15,28.9,28.9,ft^3/s,Approved,[],2025-03-11T19:58:58.212270+00:00,1d5974fd48b84c7994291b887ca03571
2021-12-16,28.5,28.5,ft^3/s,Approved,[],2025-03-11T19:58:58.212270+00:00,1d5974fd48b84c7994291b887ca03571
2021-12-17,27.5,27.5,ft^3/s,Approved,[],2025-03-11T19:58:58.212270+00:00,1d5974fd48b84c7994291b887ca03571
2021-12-18,316.0,316,ft^3/s,Approved,[],2025-03-11T19:58:58.212270+00:00,1d5974fd48b84c7994291b887ca03571
2021-12-19,156.0,156,ft^3/s,Approved,[],2025-03-11T19:58:58.212270+00:00,1d5974fd48b84c7994291b887ca03571
2021-12-20,84.8,84.8,ft^3/s,Approved,[],2025-03-11T19:58:58.212270+00:00,1d5974fd48b84c7994291b887ca03571
2021-12-21,61.9,61.9,ft^3/s,Approved,[],2025-03-11T19:58:58.212270+00:00,1d5974fd48b84c7994291b887ca03571
2021-12-22,52.4,52.4,ft^3/s,Approved,[],2025-03-11T19:58:58.212270+00:00,1d5974fd48b84c7994291b887ca03571
2021-12-23,47.6,47.6,ft^3/s,Approved,[],2025-03-11T19:58:58.212270+00:00,1d5974fd48b84c7994291b887ca03571
2021-12-24,43.6,43.6,ft^3/s,Approved,[],2025-03-11T19:58:58.212270+00:00,1d5974fd48b84c7994291b887ca03571
2021-12-25,40.5,40.5,ft^3/s,Approved,[],2025-03-11T19:58:58.212270+00:00,1d5974fd48b84c7994291b887ca03571
2021-12-26,38.8,38.8,ft^3/s,Approved,[],2025-03-11T19:58:58.212270+00:00,1d5974fd48b84c7994291b887ca03571
2021-12-27,38.4,38.4,ft^3/s,Approved,[],2025-03-11T19:58:58.212270+00:00,1d5974fd48b84c7994291b887ca03571
2021-12-28,38.2,38.2,ft^3/s,Approved,[],2025-03-11T19:58:58.212270+00:00,1d5974fd48b84c7994291b887ca03571
2021-12-29,37.0,37.0,ft^3/s,Approved,[],2025-03-11T19:58:58.212270+00:00,1d5974fd48b84c7994291b887ca03571
2021-12-30,35.0,35.0,ft^3/s,Approved,[],2025-03-11T19:58:58.212270+00:00,1d5974fd48b84c7994291b887ca03571
2021-12-31,34.3,34.3,ft^3/s,Approved,[],2025-03-11T19:58:58.212270+00:00,1d5974fd48b84c7994291b887ca03571
2022-01-01,33.4,33.4,ft^3/s,Approved,[],2025-03-11T19:58:58.212270+00:00,1d5974fd48b84c7994291b887ca03571
2022-01-02,29.4,29.4,ft^3/s,Approved,[],2025-03-11T19:58:58.212270+00:00,1d5974fd48b84c7994291b887ca03571
2022-01-03,31.2,31.2,ft^3/s,Approved,[],2025-03-11T19:58:58.212270+00:00,1d5974fd48b84c7994291b887ca03571
2022-01-04,31.6,31.6,ft^3/s,Approved,[],2025-03-11T19:58:58.212270+00:00,1d5974fd48b84c7994291b887ca03571
2022-01-05,30.6,30.6,ft^3/s,Approved,[],2025-03-11T19:58:58.212270+00:00,1d5974fd48b84c7994291b887ca03571
2022-01-06,29.0,29.0,ft^3/s,Approved,[],2025-03-11T19:58:58.212270+00:00,1d5974fd48b84c7994291b887ca03571
2022-01-07,28.9,28.9,ft^3/s,Approved,[],2025-03-11T19:58:58.212270+00:00,1d5974fd48b84c7994291b887ca03571
2022-01-08,29.1,29.1,ft^3/s,Approved,[],2025-03-11T19:58:58.212270+00:00,1d5974fd48b84c7994291b887ca03571
2022-01-09,27.5,27.5,ft^3/s,Approved,[],2025-03-11T19:58:58.212270+00:00,1d5974fd48b84c7994291b887ca03571
2022-01-10,26.7,26.7,ft^3/s,Approved,[],2025-03-11T19:58:58.212270+00:00,1d5974fd48b84c7994291b887ca03571
2022-01-11,30.8,30.8,ft^3/s,Approved,[],2025-03-11T19:58:58.212270+00:00,1d5974fd48b84c7994291b887ca03571
2022-01-12,35.0,35.0,ft^3/s,Approved,[],2025-03-11T19:58:58.212270+00:00,1d5974fd48b84c7994291b887ca03571
2022-01-13,32.1,32.1,ft^3/s,Approved,[],2025-03-11T19:58:58.212270+00:00,1d5974fd48b84c7994291b887ca03571
2022-01-14,30.3,30.3,ft^3/s,Approved,[],2025-03-11T19:58:58.212270+00:00,1d5974fd48b84c7994291b887ca03571
2022-01-15,27.8,27.8,ft^3/s,Approved,[],2025-03-11T19:58:58.212270+00:00,1d5974fd48b84c7994291b887ca03571
2022-01-16,28.5,28.5,ft^3/s,Approved,[],2025-03-11T19:58:58.212270+00:00,1d5974fd48b84c7994291b887ca03571
2022-01-17,28.3,28.3,ft^3/s,Approved,[],2025-03-11T19:58:58.212270+00:00,1d5974fd48b84c7994291b887ca03571
2022-01-18,28.2,28.2,ft^3/s,Approved,[],2025-03-11T19:58:58.212270+00:00,1d5974fd48b84c7994291b887ca03571
2022-01-19,27.7,27.7,ft^3/s,Approved,[],2025-03-11T19:58:58.212270+00:00,1d5974fd48b84c7994291b887ca03571
2022-01-20,24.9,24.9,ft^3/s,Approved,[],2025-03-11T19:58:58.212270+00:00,1d5974fd48b84c7994291b887ca03571
2022-01-21,25.8,25.8,ft^3/s,Approved,[],2025-03-11T19:58:58.212270+00:00,1d5974fd48b84c7994291b887ca03571
2022-01-22,26.1,26.1,ft^3/s,Approved,[],2025-03-11T19:58:58.212270+00:00,1d5974fd48b84c7994291b887ca03571
2022-01-23,27.1,27.1,ft^3/s,Approved,[],2025-03-11T19:58:58.212270+00:00,1d5974fd48b84c7994291b887ca03571
2022-01-24,30.5,30.5,ft^3/s,Approved,[],2025-03-11T19:58:58.212270+00:00,1d5974fd48b84c7994291b887ca03571
2022-01-25,31.4,31.4,ft^3/s,Approved,[],2025-03-11T19:58:58.212270+00:00,1d5974fd48b84c7994291b887ca03571
2022-01-26,28.5,28.5,ft^3/s,Approved,[],2025-03-11T19:58:58.212270+00:00,1d5974fd48b84c7994291b887ca03571
2022-01-27,27.9,27.9,ft^3/s,Approved,[],2025-03-11T19:58:58.212270+00:00,1d5974fd48b84c7994291b887ca03571
2022-01-28,26.0,26.0,ft^3/s,Approved,[],2025-03-11T19:58:58.212270+00:00,1d5974fd48b84c7994291b887ca03571
2022-01-29,26.4,26.4,ft^3/s,Approved,[],2025-03-11T19:58:58.212270+00:00,1d5974fd48b84c7994291b887ca03571
2022-01-30,26.4,26.4,ft^3/s,Approved,[],2025-03-11T19:58:58.212270+00:00,1d5974fd48b84c7994291b887ca03571
2022-01-31,141.0,141,ft^3/s,Approved,[],2025-03-11T19:58:58.212270+00:00,1d5974fd48b84c7994291b887ca03571
2022-02-01,231.0,231,ft^3/s,Approved,[],2025-03-11T19:58:58.212270+00:00,1d5974fd48b84c7994291b887ca03571
2022-02-02,150.0,150,ft^3/s,Approved,[],2025-03-11T19:58:58.212270+00:00,1d5974fd48b84c7994291b887ca03571
2022-02-03,589.0,589,ft^3/s,Approved,[],2025-03-11T19:58:58.212270+00:00,1d5974fd48b84c7994291b887ca03571
2022-02-04,264.0,264,ft^3/s,Approved,[],2025-03-11T19:58:58.212270+00:00,1d5974fd48b84c7994291b887ca03571
2022-02-05,174.0,174,ft^3/s,Approved,[],2025-03-11T19:58:58.212270+00:00,1d5974fd48b84c7994291b887ca03571
2022-02-06,123.0,123,ft^3/s,Approved,[],2025-03-11T19:58:58.212270+00:00,1d5974fd48b84c7994291b887ca03571
2022-02-07,99.6,99.6,ft^3/s,Approved,[],2025-03-11T19:58:58.212270+00:00,1d5974fd48b84c7994291b887ca03571
2022-02-08,89.1,89.1,ft^3/s,Approved,[],2025-03-11T19:58:58.212270+00:00,1d5974fd48b84c7994291b887ca03571
2022-02-09,78.1,78.1,ft^3/s,Approved,[],2025-03-11T19:58:58.212270+00:00,1d5974fd48b84c7994291b887ca03571
2022-02-10,71.1,71.1,ft^3/s,Approved,[],2025-03-11T19:58:58.212270+00:00,1d5974fd48b84c7994291b887ca03571
2022-02-11,66.2,66.2,ft^3/s,Approved,[],2025-03-11T19:58:58.212270+00:00,1d5974fd48b84c7994291b887ca03571
2022-02-12,57.8,57.8,ft^3/s,Approved,[],2025-03-11T19:58:58.212270+00:00,1d5974fd48b84c7994291b887ca03571
2022-02-13,58.2,58.2,ft^3/s,Approved,[],2025-03-11T19:58:58.212270+00:00,1d5974fd48b84c7994291b887ca03571
2022-02-14,55.5,55.5,ft^3/s,Approved,[],2025-03-11T19:58:58.212270+00:00,1d5974fd48b84c7994291b887ca03571
2022-02-15,53.2,53.2,ft^3/s,Approved,[],2025-03-11T19:58:58.212270+00:00,1d5974fd48b84c7994291b887ca03571
2022-02-16,52.3,52.3,ft^3/s,Approved,[],2025-03-11T19:58:58.212270+00:00,1d5974fd48b84c7994291b887ca03571
2022-02-17,46.0,46.0,ft^3/s,Approved,[],2025-03-11T19:58:58.212270+00:00,1d5974fd48b84c7994291b887ca03571
2022-02-18,41.9,41.9,ft^3/s,Approved,[],2025-03-11T19:58:58.212270+00:00,1d5974fd48b84c7994291b887ca03571
2022-02-19,45.0,45.0,ft^3/s,Approved,[],2025-03-11T19:58:58.212270+00:00,1d5974fd48b84c7994291b887ca03571
2022-02-20,44.5,44.5,ft^3/s,Approved,[],2025-03-11T19:58:58.212270+00:00,1d5974fd48b84c7994291b887ca03571
2022-02-21,45.0,45.0,ft^3/s,Approved,[],2025-03-11T19:58:58.212270+00:00,1d5974fd48b84c7994291b887ca03571
2022-02-22,40.8,40.8,ft^3/s,Approved,[],2025-03-11T19:58:58.212270+00:00,1d5974fd48b84c7994291b887ca03571
2022-02-23,33.0,33.0,ft^3/s,Approved,[],2025-03-11T19:58:58.212270+00:00,1d5974fd48b84c7994291b887ca03571
2022-02-24,33.9,33.9,ft^3/s,Approved,[],2025-03-11T19:58:58.212270+00:00,1d5974fd48b84c7994291b887ca03571
2022-02-25,33.2,33.2,ft^3/s,Approved,[],2025-03-11T19:58:58.212270+00:00,1d5974fd48b84c7994291b887ca03571
2022-02-26,35.5,35.5,ft^3/s,Approved,[],2025-03-11T19:58:58.212270+00:00,1d5974fd48b84c7994291b887ca03571
2022-02-27,34.2,34.2,ft^3/s,Approved,[],2025-03-11T19:58:58.212270+00:00,1d5974fd48b84c7994291b887ca03571
2022-02-28,37.2,37.2,ft^3/s,Approved,[],2025-03-11T19:58:58.212270+00:00,1d5974fd48b84c7994291b887ca03571
2022-03-01,35.8,35.8,ft^3/s,Approved,[],2025-03-11T19:58:58.212270+00:00,1d5974fd48b84c7994291b887ca03571
2022-03-02,35.2,35.2,ft^3/s,Approved,[],2025-03-11T19:58:58.212270+00:00,1d5974fd48b84c7994291b887ca03571
2022-03-03,34.1,34.1,ft^3/s,Approved,[],2025-03-11T19:58:58.212270+00:00,1d5974fd48b84c7994291b887ca03571
2022-03-04,34.4,34.4,ft^3/s,Approved,[],2025-03-11T19:58:58.212270+00:00,1d5974fd48b84c7994291b887ca03571
2022-03-05,34.5,34.5,ft^3/s,Approved,[],2025-03-11T19:58:58.212270+00:00,1d5974fd48b84c7994291b887ca03571
2022-03-06,33.8,33.8,ft^3/s,Approved,[],2025-03-11T19:58:58.212270+00:00,1d5974fd48b84c7994291b887ca03571
2022-03-07,31.5,31.5,ft^3/s,Approved,[],2025-03-11T19:58:58.212270+00:00,1d5974fd48b84c7994291b887ca03571
2022-03-08,30.9,30.9,ft^3/s,Approved,[],2025-03-11T19:58:58.212270+00:00,1d5974fd48b84c7994291b887ca03571
2022-03-09,31.5,31.5,ft^3/s,Approved,[],2025-03-11T19:58:58.212270+00:00,1d5974fd48b84c7994291b887ca03571
2022-03-10,31.7,31.7,ft^3/s,Approved,[],2025-03-11T19:58:58.212270+00:00,1d5974fd48b84c7994291b887ca03571
2022-03-11,28.4,28.4,ft^3/s,Approved,[],2025-03-11T19:58:58.212270+00:00,1d5974fd48b84c7994291b887ca03571
2022-03-12,28.9,28.9,ft^3/s,Approved,[],2025-03-11T19:58:58.212270+00:00,1d5974fd48b84c7994291b887ca03571
2022-03-13,30.0,30.0,ft^3/s,Approved,[],2025-03-11T19:58:58.212270+00:00,1d5974fd48b84c7994291b887ca03571
2022-03-14,30.0,30.0,ft^3/s,Approved,[],2025-03-11T19:58:58.212270+00:00,1d5974fd48b84c7994291b887ca03571
2022-03-15,28.7,28.7,ft^3/s,Approved,[],2025-03-11T19:58:58.212270+00:00,1d5974fd48b84c7994291b887ca03571
2022-03-16,28.1,28.1,ft^3/s,Approved,[],2025-03-11T19:58:58.212270+00:00,1d5974fd48b84c7994291b887ca03571
2022-03-17,28.4,28.4,ft^3/s,Approved,[],2025-03-11T19:58:58.212270+00:00,1d5974fd48b84c7994291b887ca03571
2022-03-18,25.8,25.8,ft^3/s,Approved,[],2025-03-11T19:58:58.212270+00:00,1d5974fd48b84c7994291b887ca03571
2022-03-19,25.2,25.2,ft^3/s,Approved,[],2025-03-11T19:58:58.212270+00:00,1d5974fd48b84c7994291b887ca03571
2022-03-20,24.4,24.4,ft^3/s,Approved,[],2025-03-11T19:58:58.212270+00:00,1d5974fd48b84c7994291b887ca03571
2022-03-21,153.0,153,ft^3/s,Approved,[],2025-03-11T19:58:58.212270+00:00,1d5974fd48b84c7994291b887ca03571
2022-03-22,345.0,345,ft^3/s,Approved,[],2025-03-11T19:58:58.212270+00:00,1d5974fd48b84c7994291b887ca03571
2022-03-23,190.0,190,ft^3/s,Approved,[],2025-03-11T19:58:58.212270+00:00,1d5974fd48b84c7994291b887ca03571
2022-03-24,92.5,92.5,ft^3/s,Approved,[],2025-03-11T19:58:58.212270+00:00,1d5974fd48b84c7994291b887ca03571
2022-03-25,64.2,64.2,ft^3/s,Approved,[],2025-03-11T19:58:58.212270+00:00,1d5974fd48b84c7994291b887ca03571
2022-03-26,51.3,51.3,ft^3/s,Approved,[],2025-03-11T19:58:58.212270+00:00,1d5974fd48b84c7994291b887ca03571
2022-03-27,44.7,44.7,ft^3/s,Approved,[],2025-03-11T19:58:58.212270+00:00,1d5974fd48b84c7994291b887ca03571
2022-03-28,38.5,38.5,ft^3/s,Approved,[],2025-03-11T19:58:58.212270+00:00,1d5974fd48b84c7994291b887ca03571
2022-03-29,36.7,36.7,ft^3/s,Approved,[],2025-03-11T19:58:58.212270+00:00,1d5974fd48b84c7994291b887ca03571
2022-03-30,48.3,48.3,ft^3/s,Approved,[],2025-03-11T19:58:58.212270+00:00,1d5974fd48b84c7994291b887ca03571
2022-03-31,37.3,37.3,ft^3/s,Approved,[],2025-03-11T19:58:58.212270+00:00,1d5974fd48b84c7994291b887ca03571
2022-04-01,34.5,34.5,ft^3/s,Approved,[],2025-03-11T19:58:58.212270+00:00,1d5974fd48b84c7994291b887ca03571
2022-04-02,32.0,32.0,ft^3/s,Approved,[],2025-03-11T19:58:58.212270+00:00,1d5974fd48b84c7994291b887ca03571
2022-04-03,31.0,31.0,ft^3/s,Approved,[],2025-03-11T19:58:58.212270+00:00,1d5974fd48b84c7994291b887ca03571
2022-04-04,31.2,31.2,ft^3/s,Approved,[],2025-03-11T19:58:58.212270+00:00,1d5974fd48b84c7994291b887ca03571
2022-04-05,29.2,29.2,ft^3/s,Approved,[],2025-03-11T19:58:58.212270+00:00,1d5974fd48b84c7994291b887ca03571
2022-04-06,24.8,24.8,ft^3/s,Approved,[],2025-03-11T19:58:58.212270+00:00,1d5974fd48b84c7994291b887ca03571
2022-04-07,25.6,25.6,ft^3/s,Approved,[],2025-03-11T19:58:58.212270+00:00,1d5974fd48b84c7994291b887ca03571
2022-04-08,26.4,26.4,ft^3/s,Approved,[],2025-03-11T19:58:58.212270+00:00,1d5974fd48b84c7994291b887ca03571
2022-04-09,25.9,25.9,ft^3/s,Approved,[],2025-03-11T19:58:58.212270+00:00,1d5974fd48b84c7994291b887ca03571
2022-04-10,25.9,25.9,ft^3/s,Approved,[],2025-03-11T19:58:58.212270+00:00,1d5974fd48b84c7994291b887ca03571
2022-04-11,26.4,26.4,ft^3/s,Approved,[],2025-03-11T19:58:58.212270+00:00,1d5974fd48b84c7994291b887ca03571
2022-04-12,26.9,26.9,ft^3/s,Approved,[],2025-03-11T19:58:58.212270+00:00,1d5974fd48b84c7994291b887ca03571
2022-04-13,25.7,25.7,ft^3/s,Approved,[],2025-03-11T19:58:58.212270+00:00,1d5974fd48b84c7994291b887ca03571
2022-04-14,23.9,23.9,ft^3/s,Approved,[],2025-03-11T19:58:58.212270+00:00,1d5974fd48b84c7994291b887ca03571
2022-04-15,23.6,23.6,ft^3/s,Approved,[],2025-03-11T19:58:58.212270+00:00,1d5974fd48b84c7994291b887ca03571
2022-04-16,24.0,24.0,ft^3/s,Approved,[],2025-03-11T19:58:58.212270+00:00,1d5974fd48b84c7994291b887ca03571
2022-04-17,24.2,24.2,ft^3/s,Approved,[],2025-03-11T19:58:58.212270+00:00,1d5974fd48b84c7994291b887ca03571
2022-04-18,22.9,22.9,ft^3/s,Approved,[],2025-03-11T19:58:58.212270+00:00,1d5974fd48b84c7994291b887ca03571
2022-04-19,22.6,22.6,ft^3/s,Approved,[],2025-03-11T19:58:58.212270+00:00,1d5974fd48b84c7994291b887ca03571
2022-04-20,22.8,22.8,ft^3/s,Approved,[],2025-03-11T19:58:58.212270+00:00,1d5974fd48b84c7994291b887ca03571
2022-04-21,23.7,23.7,ft^3/s,Approved,[],2025-03-11T19:58:58.212270+00:00,1d5974fd48b84c7994291b887ca03571
2022-04-22,23.3,23.3,ft^3/s,Approved,[],2025-03-11T19:58:58.212270+00:00,1d5974fd48b84c7994291b887ca03571
2022-04-23,23.0,23.0,ft^3/s,Approved,[],2025-03-11T19:58:58.212270+00:00,1d5974fd48b84c7994291b887ca03571
2022-04-24,22.7,22.7,ft^3/s,Approved,[],2025-03-11T19:58:58.212270+00:00,1d5974fd48b84c7994291b887ca03571
2022-04-25,54.5,54.5,ft^3/s,Approved,[],2025-03-11T19:58:58.212270+00:00,1d5974fd48b84c7994291b887ca03571
2022-04-26,88.4,88.4,ft^3/s,Approved,[],2025-03-11T19:58:58.212270+00:00,1d5974fd48b84c7994291b887ca03571
2022-04-27,45.6,45.6,ft^3/s,Approved,[],2025-03-11T19:58:58.212270+00:00,1d5974fd48b84c7994291b887ca03571
2022-04-28,35.2,35.2,ft^3/s,Approved,[],2025-03-11T19:58:58.212270+00:00,1d5974fd48b84c7994291b887ca03571
2022-04-29,30.9,30.9,ft^3/s,Approved,[],2025-03-11T19:58:58.212270+00:00,1d5974fd48b84c7994291b887ca03571
2022-04-30,28.0,28.0,ft^3/s,Approved,[],2025-03-11T19:58:58.212270+00:00,1d5974fd48b84c7994291b887ca03571
2022-05-01,28.5,28.5,ft^3/s,Approved,[],2025-03-11T19:58:58.212270+00:00,1d5974fd48b84c7994291b887ca03571
2022-05-02,26.2,26.2,ft^3/s,Approved,[],2025-03-11T19:58:58.212270+00:00,1d5974fd48b84c7994291b887ca03571
2022-05-03,24.5,24.5,ft^3/s,Approved,[],2025-03-11T19:58:58.212270+00:00,1d5974fd48b84c7994291b887ca03571
2022-05-04,23.2,23.2,ft^3/s,Approved,[],2025-03-11T19:58:58.212270+00:00,1d5974fd48b84c7994291b887ca03571
2022-05-05,43.2,43.2,ft^3/s,Approved,[],2025-03-11T19:58:58.212270+00:00,1d5974fd48b84c7994291b887ca03571
2022-05-06,46.6,46.6,ft^3/s,Approved,[],2025-03-11T19:58:58.212270+00:00,1d5974fd48b84c7994291b887ca03571
2022-05-07,32.5,32.5,ft^3/s,Approved,[],2025-03-11T19:58:58.212270+00:00,1d5974fd48b84c7994291b887ca03571
2022-05-08,27.5,27.5,ft^3/s,Approved,[],2025-03-11T19:58:58.212270+00:00,1d5974fd48b84c7994291b887ca03571
2022-05-09,24.6,24.6,ft^3/s,Approved,[],2025-03-11T19:58:58.212270+00:00,1d5974fd48b84c7994291b887ca03571
2022-05-10,23.0,23.0,ft^3/s,Approved,[],2025-03-11T19:58:58.212270+00:00,1d5974fd48b84c7994291b887ca03571
2022-05-11,21.2,21.2,ft^3/s,Approved,[],2025-03-11T19:58:58.212270+00:00,1d5974fd48b84c7994291b887ca03571
2022-05-12,20.1,20.1,ft^3/s,Approved,[],2025-03-11T19:58:58.212270+00:00,1d5974fd48b84c7994291b887ca03571
2022-05-13,19.6,19.6,ft^3/s,Approved,[],2025-03-11T19:58:58.212270+00:00,1d5974fd48b84c7994291b887ca03571
2022-05-14,18.0,18.0,ft^3/s,Approved,[],2025-03-11T19:58:58.212270+00:00,1d5974fd48b84c7994291b887ca03571
2022-05-15,17.5,17.5,ft^3/s,Approved,[],2025-03-11T19:58:58.212270+00:00,1d5974fd48b84c7994291b887ca03571
2022-05-16,17.0,17.0,ft^3/s,Approved,[],2025-03-11T19:58:58.212270+00:00,1d5974fd48b84c7994291b887ca03571
2022-05-17,16.5,16.5,ft^3/s,Approved,[],2025-03-11T19:58:58.212270+00:00,1d5974fd48b84c7994291b887ca03571
2022-05-18,15.7,15.7,ft^3/s,Approved,[],2025-03-11T19:58:58.212270+00:00,1d5974fd48b84c7994291b887ca03571
2022-05-19,15.6,15.6,ft^3/s,Approved,[],2025-03-11T19:58:58.212270+00:00,1d5974fd48b84c7994291b887ca03571
2022-05-20,15.3,15.3,ft^3/s,Approved,[],2025-03-11T19:58:58.212270+00:00,1d5974fd48b84c7994291b887ca03571
2022-05-21,15.5,15.5,ft^3/s,Approved,[],2025-03-11T19:58:58.212270+00:00,1d5974fd48b84c7994291b887ca03571
2022-05-22,25.3,25.3,ft^3/s,Approved,[],2025-03-11T19:58:58.212270+00:00,1d5974fd48b84c7994291b887ca03571
2022-05-23,26.3,26.3,ft^3/s,Approved,[],2025-03-11T19:58:58.212270+00:00,1d5974fd48b84c7994291b887ca03571
2022-05-24,27.1,27.1,ft^3/s,Approved,[],2025-03-11T19:58:58.212270+00:00,1d5974fd48b84c7994291b887ca03571
2022-05-25,133.0,133,ft^3/s,Approved,[],2025-03-11T19:58:58.212270+00:00,1d5974fd48b84c7994291b887ca03571
2022-05-26,75.9,75.9,ft^3/s,Approved,[],2025-03-11T19:58:58.212270+00:00,1d5974fd48b84c7994291b887ca03571
2022-05-27,47.1,47.1,ft^3/s,Approved,[],2025-03-11T19:58:58.212270+00:00,1d5974fd48b84c7994291b887ca03571
2022-05-28,33.9,33.9,ft^3/s,Approved,[],2025-03-11T19:58:58.212270+00:00,1d5974fd48b84c7994291b887ca03571
2022-05-29,27.4,27.4,ft^3/s,Approved,[],2025-03-11T19:58:58.212270+00:00,1d5974fd48b84c7994291b887ca03571
2022-05-30,22.1,22.1,ft^3/s,Approved,[],2025-03-11T19:58:58.212270+00:00,1d5974fd48b84c7994291b887ca03571
2022-05-31,18.4,18.4,ft^3/s,Approved,[],2025-03-11T19:58:58.212270+00:00,1d5974fd48b84c7994291b887ca03571
2022-06-01,17.5,17.5,ft^3/s,Approved,[],2025-03-11T19:58:58.212270+00:00,1d5974fd48b84c7994291b887ca03571
2022-06-02,21.0,21.0,ft^3/s,Approved,[],2025-03-11T19:58:58.212270+00:00,1d5974fd48b84c7994291b887ca03571
2022-06-03,17.4,17.4,ft^3/s,Approved,[],2025-03-11T19:58:58.212270+00:00,1d5974fd48b84c7994291b887ca03571
2022-06-04,157.0,157,ft^3/s,Approved,[],2025-03-11T19:58:58.212270+00:00,1d5974fd48b84c7994291b887ca03571
2022-06-05,92.5,92.5,ft^3/s,Approved,[],2025-03-11T19:58:58.212270+00:00,1d5974fd48b84c7994291b887ca03571
2022-06-06,50.4,50.4,ft^3/s,Approved,[],2025-03-11T19:58:58.212270+00:00,1d5974fd48b84c7994291b887ca03571
2022-06-07,31.5,31.5,ft^3/s,Approved,[],2025-03-11T19:58:58.212270+00:00,1d5974fd48b84c7994291b887ca03571
2022-06-08,24.4,24.4,ft^3/s,Approved,[],2025-03-11T19:58:58.212270+00:00,1d5974fd48b84c7994291b887ca03571
2022-06-09,20.4,20.4,ft^3/s,Approved,[],2025-03-11T19:58:58.212270+00:00,1d5974fd48b84c7994291b887ca03571
2022-06-10,18.0,18.0,ft^3/s,Approved,[],2025-03-11T19:58:58.212270+00:00,1d5974fd48b84c7994291b887ca03571
2022-06-11,15.8,15.8,ft^3/s,Approved,[],2025-03-11T19:58:58.212270+00:00,1d5974fd48b84c7994291b887ca03571
2022-06-12,15.1,15.1,ft^3/s,Approved,[],2025-03-11T19:58:58.212270+00:00,1d5974fd48b84c7994291b887ca03571
2022-06-13,13.2,13.2,ft^3/s,Approved,[],2025-03-11T19:58:58.212270+00:00,1d5974fd48b84c7994291b887ca03571
2022-06-14,11.0,11.0,ft^3/s,Approved,[],2025-03-11T19:58:58.212270+00:00,1d5974fd48b84c7994291b887ca03571
2022-06-15,9.49,9.49,ft^3/s,Approved,[],2025-03-11T19:58:58.212270+00:00,1d5974fd48b84c7994291b887ca03571
2022-06-16,8.42,8.42,ft^3/s,Approved,[],2025-03-11T19:58:58.212270+00:00,1d5974fd48b84c7994291b887ca03571
2022-06-17,8.5,8.50,ft^3/s,Approved,[],2025-03-11T19:58:58.212270+00:00,1d5974fd48b84c7994291b887ca03571
2022-06-18,7.8,7.80,ft^3/s,Approved,[],2025-03-11T19:58:58.212270+00:00,1d5974fd48b84c7994291b887ca03571
2022-06-19,7.24,7.24,ft^3/s,Approved,[],2025-03-11T19:58:58.212270+00:00,1d5974fd48b84c7994291b887ca03571
2022-06-20,6.71,6.71,ft^3/s,Approved,[],2025-03-11T19:58:58.212270+00:00,1d5974fd48b84c7994291b887ca03571
2022-06-21,5.8,5.80,ft^3/s,Approved,[],2025-03-11T19:58:58.212270+00:00,1d5974fd48b84c7994291b887ca03571
2022-06-22,5.07,5.07,ft^3/s,Approved,[],2025-03-11T19:58:58.212270+00:00,1d5974fd48b84c7994291b887ca03571
2022-06-23,5.16,5.16,ft^3/s,Approved,[],2025-03-11T19:58:58.212270+00:00,1d5974fd48b84c7994291b887ca03571
2022-06-24,5.05,5.05,ft^3/s,Approved,[],2025-03-11T19:58:58.212270+00:00,1d5974fd48b84c7994291b887ca03571
2022-06-25,4.62,4.62,ft^3/s,Approved,[],2025-03-11T19:58:58.212270+00:00,1d5974fd48b84c7994291b887ca03571
2022-06-26,4.93,4.93,ft^3/s,Approved,[],2025-03-11T19:58:58.212270+00:00,1d5974fd48b84c7994291b887ca03571
2022-06-27,7.25,7.25,ft^3/s,Approved,[],2025-03-11T19:58:58.212270+00:00,1d5974fd48b84c7994291b887ca03571
2022-06-28,16.5,16.5,ft^3/s,Approved,[],2025-03-11T19:58:58.212270+00:00,1d5974fd48b84c7994291b887ca03571
2022-06-29,9.86,9.86,ft^3/s,Approved,[],2025-03-11T19:58:58.212270+00:00,1d5974fd48b84c7994291b887ca03571
2022-06-30,8.36,8.36,ft^3/s,Approved,[],2025-03-11T19:58:58.212270+00:00,1d5974fd48b84c7994291b887ca03571
2022-07-01,7.08,7.08,ft^3/s,Approved,[],2025-03-11T19:58:58.212270+00:00,1d5974fd48b84c7994291b887ca03571
2022-07-02,6.33,6.33,ft^3/s,Approved,[],2025-03-11T19:58:58.212270+00:00,1d5974fd48b84c7994291b887ca03571
2022-07-03,5.99,5.99,ft^3/s,Approved,[],2025-03-11T19:58:58.212270+00:00,1d5974fd48b84c7994291b887ca03571
2022-07-04,5.75,5.75,ft^3/s,Approved,[],2025-03-11T19:58:58.212270+00:00,1d5974fd48b84c7994291b887ca03571
2022-07-05,4.82,4.82,ft^3/s,Approved,[],2025-03-11T19:58:58.212270+00:00,1d5974fd48b84c7994291b887ca03571
2022-07-06,4.08,4.08,ft^3/s,Approved,[],2025-03-11T19:58:58.212270+00:00,1d5974fd48b84c7994291b887ca03571
2022-07-07,3.67,3.67,ft^3/s,Approved,[],2025-03-11T19:58:58.212270+00:00,1d5974fd48b84c7994291b887ca03571
2022-07-08,3.55,3.55,ft^3/s,Approved,[],2025-03-11T19:58:58.212270+00:00,1d5974fd48b84c7994291b887ca03571
2022-07-09,3.37,3.37,ft^3/s,Approved,[],2025-03-11T19:58:58.212270+00:00,1d5974fd48b84c7994291b887ca03571
2022-07-10,3.63,3.63,ft^3/s,Approved,[],2025-03-11T19:58:58.212270+00:00,1d5974fd48b84c7994291b887ca03571
2022-07-11,4.22,4.22,ft^3/s,Approved,[],2025-03-11T19:58:58.212270+00:00,1d5974fd48b84c7994291b887ca03571
2022-07-12,3.69,3.69,ft^3/s,Approved,[],2025-03-11T19:58:58.212270+00:00,1d5974fd48b84c7994291b887ca03571
2022-07-13,3.28,3.28,ft^3/s,Approved,[],2025-03-11T19:58:58.212270+00:00,1d5974fd48b84c7994291b887ca03571
2022-07-14,2.97,2.97,ft^3/s,Approved,[],2025-03-11T19:58:58.212270+00:00,1d5974fd48b84c7994291b887ca03571
2022-07-15,3.17,3.17,ft^3/s,Approved,[],2025-03-11T19:58:58.212270+00:00,1d5974fd48b84c7994291b887ca03571
2022-07-16,3.6,3.60,ft^3/s,Approved,[],2025-03-11T19:58:58.212270+00:00,1d5974fd48b84c7994291b887ca03571
2022-07-17,4.33,4.33,ft^3/s,Approved,[],2025-03-11T19:58:58.212270+00:00,1d5974fd48b84c7994291b887ca03571
2022-07-18,4.48,4.48,ft^3/s,Approved,[],2025-03-11T19:58:58.212270+00:00,1d5974fd48b84c7994291b887ca03571
2022-07-19,3.95,3.95,ft^3/s,Approved,[],2025-03-11T19:58:58.212270+00:00,1d5974fd48b84c7994291b887ca03571
2022-07-20,3.04,3.04,ft^3/s,Approved,[],2025-03-11T19:58:58.212270+00:00,1d5974fd48b84c7994291b887ca03571
2022-07-21,2.88,2.88,ft^3/s,Approved,[],2025-03-11T19:58:58.212270+00:00,1d5974fd48b84c7994291b887ca03571
2022-07-22,2.76,2.76,ft^3/s,Approved,[],2025-03-11T19:58:58.212270+00:00,1d5974fd48b84c7994291b887ca03571
2022-07-23,2.43,2.43,ft^3/s,Approved,[],2025-03-11T19:58:58.212270+00:00,1d5974fd48b84c7994291b887ca03571
2022-07-24,2.18,2.18,ft^3/s,Approved,[],2025-03-11T19:58:58.212270+00:00,1d5974fd48b84c7994291b887ca03571
2022-07-25,2.32,2.32,ft^3/s,Approved,[],2025-03-11T19:58:58.212270+00:00,1d5974fd48b84c7994291b887ca03571
2022-07-26,2.61,2.61,ft^3/s,Approved,[],2025-03-11T19:58:58.212270+00:00,1d5974fd48b84c7994291b887ca03571
2022-07-27,2.18,2.18,ft^3/s,Approved,[],2025-03-11T19:58:58.212270+00:00,1d5974fd48b84c7994291b887ca03571
2022-07-28,2.06,2.06,ft^3/s,Approved,[],2025-03-11T19:58:58.212270+00:00,1d5974fd48b84c7994291b887ca03571
2022-07-29,1.79,1.79,ft^3/s,Approved,[],2025-03-11T19:58:58.212270+00:00,1d5974fd48b84c7994291b887ca03571
2022-07-30,2.13,2.13,ft^3/s,Approved,[],2025-03-11T19:58:58.212270+00:00,1d5974fd48b84c7994291b887ca03571
2022-07-31,1.82,1.82,ft^3/s,Approved,[],2025-03-11T19:58:58.212270+00:00,1d5974fd48b84c7994291b887ca03571
2022-08-01,1.15,1.15,ft^3/s,Approved,[],2025-03-11T19:58:58.212270+00:00,1d5974fd48b84c7994291b887ca03571
2022-08-02,2.23,2.23,ft^3/s,Approved,[],2025-03-11T19:58:58.212270+00:00,1d5974fd48b84c7994291b887ca03571
2022-08-03,2.07,2.07,ft^3/s,Approved,[],2025-03-11T19:58:58.212270+00:00,1d5974fd48b84c7994291b887ca03571
2022-08-04,2.12,2.12,ft^3/s,Approved,[],2025-03-11T19:58:58.212270+00:00,1d5974fd48b84c7994291b887ca03571
2022-08-05,2.23,2.23,ft^3/s,Approved,[],2025-03-11T19:58:58.212270+00:00,1d5974fd48b84c7994291b887ca03571
2022-08-06,2.01,2.01,ft^3/s,Approved,[],2025-03-11T19:58:58.212270+00:00,1d5974fd48b84c7994291b887ca03571
2022-08-07,1.92,1.92,ft^3/s,Approved,[],2025-03-11T19:58:58.212270+00:00,1d5974fd48b84c7994291b887ca03571
2022-08-08,2.21,2.21,ft^3/s,Approved,[],2025-03-11T19:58:58.212270+00:00,1d5974fd48b84c7994291b887ca03571
2022-08-09,2.14,2.14,ft^3/s,Approved,[],2025-03-11T19:58:58.212270+00:00,1d5974fd48b84c7994291b887ca03571
2022-08-10,2.19,2.19,ft^3/s,Approved,[],2025-03-11T19:58:58.212270+00:00,1d5974fd48b84c7994291b887ca03571
2022-08-11,2.04,2.04,ft^3/s,Approved,[],2025-03-11T19:58:58.212270+00:00,1d5974fd48b84c7994291b887ca03571
2022-08-12,1.89,1.89,ft^3/s,Approved,[],2025-03-11T19:58:58.212270+00:00,1d5974fd48b84c7994291b887ca03571
2022-08-13,1.6,1.60,ft^3/s,Approved,[],2025-03-11T19:58:58.212270+00:00,1d5974fd48b84c7994291b887ca03571
2022-08-14,2.05,2.05,ft^3/s,Approved,[],2025-03-11T19:58:58.212270+00:00,1d5974fd48b84c7994291b887ca03571
2022-08-15,2.09,2.09,ft^3/s,Approved,[],2025-03-11T19:58:58.212270+00:00,1d5974fd48b84c7994291b887ca03571
2022-08-16,2.25,2.25,ft^3/s,Approved,[],2025-03-11T19:58:58.212270+00:00,1d5974fd48b84c7994291b887ca03571
2022-08-17,2.23,2.23,ft^3/s,Approved,[],2025-03-11T19:58:58.212270+00:00,1d5974fd48b84c7994291b887ca03571
2022-08-18,12.9,12.9,ft^3/s,Approved,[],2025-03-11T19:58:58.212270+00:00,1d5974fd48b84c7994291b887ca03571
2022-08-19,57.6,57.6,ft^3/s,Approved,[],2025-03-11T19:58:58.212270+00:00,1d5974fd48b84c7994291b887ca03571
2022-08-20,10.1,10.1,ft^3/s,Approved,[],2025-03-11T19:58:58.212270+00:00,1d5974fd48b84c7994291b887ca03571
2022-08-21,5.1,5.10,ft^3/s,Approved,[],2025-03-11T19:58:58.212270+00:00,1d5974fd48b84c7994291b887ca03571
2022-08-22,50.6,50.6,ft^3/s,Approved,[],2025-03-11T19:58:58.212270+00:00,1d5974fd48b84c7994291b887ca03571
2022-08-23,52.6,52.6,ft^3/s,Approved,[],2025-03-11T19:58:58.212270+00:00,1d5974fd48b84c7994291b887ca03571
2022-08-24,26.8,26.8,ft^3/s,Approved,[],2025-03-11T19:58:58.212270+00:00,1d5974fd48b84c7994291b887ca03571
2022-08-25,17.2,17.2,ft^3/s,Approved,[],2025-03-11T19:58:58.212270+00:00,1d5974fd48b84c7994291b887ca03571
2022-08-26,11.5,11.5,ft^3/s,Approved,[],2025-03-11T19:58:58.212270+00:00,1d5974fd48b84c7994291b887ca03571
2022-08-27,15.6,15.6,ft^3/s,Approved,[],2025-03-11T19:58:58.212270+00:00,1d5974fd48b84c7994291b887ca03571
2022-08-28,674.0,674,ft^3/s,Approved,[],2025-03-11T19:58:58.212270+00:00,1d5974fd48b84c7994291b887ca03571
2022-08-29,343.0,343,ft^3/s,Approved,[],2025-03-11T19:58:58.212270+00:00,1d5974fd48b84c7994291b887ca03571
2022-08-30,316.0,316,ft^3/s,Approved,[],2025-03-11T19:58:58.212270+00:00,1d5974fd48b84c7994291b887ca03571
2022-08-31,255.0,255,ft^3/s,Approved,[],2025-03-11T19:58:58.212270+00:00,1d5974fd48b84c7994291b887ca03571
2022-09-01,248.0,248,ft^3/s,Approved,[],2025-03-11T19:58:58.212270+00:00,1d5974fd48b84c7994291b887ca03571
2022-09-02,229.0,229,ft^3/s,Approved,[],2025-03-11T19:58:58.212270+00:00,1d5974fd48b84c7994291b887ca03571
2022-09-03,221.0,221,ft^3/s,Approved,[],2025-03-11T19:58:58.212270+00:00,1d5974fd48b84c7994291b887ca03571
2022-09-04,251.0,251,ft^3/s,Approved,[],2025-03-11T19:58:58.212270+00:00,1d5974fd48b84c7994291b887ca03571
2022-09-05,203.0,203,ft^3/s,Approved,[],2025-03-11T19:58:58.212270+00:00,1d5974fd48b84c7994291b887ca03571
2022-09-06,88.2,88.2,ft^3/s,Approved,[],2025-03-11T19:58:58.212270+00:00,1d5974fd48b84c7994291b887ca03571
2022-09-07,61.3,61.3,ft^3/s,Approved,[],2025-03-11T19:58:58.212270+00:00,1d5974fd48b84c7994291b887ca03571
2022-09-08,63.1,63.1,ft^3/s,Approved,[],2025-03-11T19:58:58.212270+00:00,1d5974fd48b84c7994291b887ca03571
2022-09-09,54.1,54.1,ft^3/s,Approved,[],2025-03-11T19:58:58.212270+00:00,1d5974fd48b84c7994291b887ca03571
2022-09-10,42.6,42.6,ft^3/s,Approved,[],2025-03-11T19:58:58.212270+00:00,1d5974fd48b84c7994291b887ca03571
2022-09-11,36.7,36.7,ft^3/s,Approved,[],2025-03-11T19:58:58.212270+00:00,1d5974fd48b84c7994291b887ca03571
2022-09-12,31.9,31.9,ft^3/s,Approved,[],2025-03-11T19:58:58.212270+00:00,1d5974fd48b84c7994291b887ca03571
2022-09-13,28.4,28.4,ft^3/s,Approved,[],2025-03-11T19:58:58.212270+00:00,1d5974fd48b84c7994291b887ca03571
2022-09-14,24.7,24.7,ft^3/s,Approved,[],2025-03-11T19:58:58.212270+00:00,1d5974fd48b84c7994291b887ca03571
2022-09-15,22.2,22.2,ft^3/s,Approved,[],2025-03-11T19:58:58.212270+00:00,1d5974fd48b84c7994291b887ca03571
2022-09-16,20.6,20.6,ft^3/s,Approved,[],2025-03-11T19:58:58.212270+00:00,1d5974fd48b84c7994291b887ca03571
2022-09-17,19.0,19.0,ft^3/s,Approved,[],2025-03-11T19:58:58.212270+00:00,1d5974fd48b84c7994291b887ca03571
2022-09-18,18.4,18.4,ft^3/s,Approved,[],2025-03-11T19:58:58.212270+00:00,1d5974fd48b84c7994291b887ca03571
2022-09-19,17.0,17.0,ft^3/s,Approved,[],2025-03-11T19:58:58.212270+00:00,1d5974fd48b84c7994291b887ca03571
2022-09-20,14.9,14.9,ft^3/s,Approved,[],2025-03-11T19:58:58.212270+00:00,1d5974fd48b84c7994291b887ca03571
2022-09-21,13.7,13.7,ft^3/s,Approved,[],2025-03-11T19:58:58.212270+00:00,1d5974fd48b84c7994291b887ca03571
2022-09-22,12.9,12.9,ft^3/s,Approved,[],2025-03-11T19:58:58.212270+00:00,1d5974fd48b84c7994291b887ca03571
2022-09-23,12.4,12.4,ft^3/s,Approved,[],2025-03-11T19:58:58.212270+00:00,1d5974fd48b84c7994291b887ca03571
2022-09-24,11.0,11.0,ft^3/s,Approved,[],2025-03-11T19:58:58.212270+00:00,1d5974fd48b84c7994291b887ca03571
2022-09-25,12.4,12.4,ft^3/s,Approved,[],2025-03-11T19:58:58.212270+00:00,1d5974fd48b84c7994291b887ca03571
2022-09-26,11.0,11.0,ft^3/s,Approved,[],2025-03-11T19:58:58.212270+00:00,1d5974fd48b84c7994291b887ca03571
2022-09-27,8.7,8.70,ft^3/s,Approved,[],2025-03-11T19:58:58.212270+00:00,1d5974fd48b84c7994291b887ca03571
2022-09-28,10.1,10.1,ft^3/s,Approved,[],2025-03-11T19:58:58.212270+00:00,1d5974fd48b84c7994291b887ca03571
2022-09-29,8.33,8.33,ft^3/s,Approved,[],2025-03-11T19:58:58.212270+00:00,1d5974fd48b84c7994291b887ca03571
2022-09-30,7.37,7.37,ft^3/s,Approved,[],2025-03-11T19:58:58.212270+00:00,1d5974fd48b84c7994291b887ca03571
2022-10-01,7.27,7.27,ft^3/s,Approved,[],2025-03-11T19:58:58.212270+00:00,1d5974fd48b84c7994291b887ca03571
2022-10-02,7.55,7.55,ft^3/s,Approved,[],2025-03-11T19:58:58.212270+00:00,1d5974fd48b84c7994291b887ca03571
2022-10-03,6.51,6.51,ft^3/s,Approved,[],2025-03-11T19:58:58.212270+00:00,1d5974fd48b84c7994291b887ca03571
2022-10-04,6.48,6.48,ft^3/s,Approved,[],2025-03-11T19:58:58.212270+00:00,1d5974fd48b84c7994291b887ca03571
2022-10-05,5.95,5.95,ft^3/s,Approved,[],2025-03-11T19:58:58.212270+00:00,1d5974fd48b84c7994291b887ca03571
2022-10-06,6.25,6.25,ft^3/s,Approved,[],2025-03-11T19:58:58.212270+00:00,1d5974fd48b84c7994291b887ca03571
2022-10-07,6.89,6.89,ft^3/s,Approved,[],2025-03-11T19:58:58.212270+00:00,1d5974fd48b84c7994291b887ca03571
2022-10-08,7.33,7.33,ft^3/s,Approved,[],2025-03-11T19:58:58.212270+00:00,1d5974fd48b84c7994291b887ca03571
2022-10-09,7.83,7.83,ft^3/s,Approved,[],2025-03-11T19:58:58.212270+00:00,1d5974fd48b84c7994291b887ca03571
2022-10-10,8.32,8.32,ft^3/s,Approved,[],2025-03-11T19:58:58.212270+00:00,1d5974fd48b84c7994291b887ca03571
2022-10-11,7.76,7.76,ft^3/s,Approved,[],2025-03-11T19:58:58.212270+00:00,1d5974fd48b84c7994291b887ca03571
2022-10-12,6.64,6.64,ft^3/s,Approved,[],2025-03-11T19:58:58.212270+00:00,1d5974fd48b84c7994291b887ca03571
2022-10-13,5.98,5.98,ft^3/s,Approved,[],2025-03-11T19:58:58.212270+00:00,1d5974fd48b84c7994291b887ca03571
2022-10-14,5.26,5.26,ft^3/s,Approved,[],2025-03-11T19:58:58.212270+00:00,1d5974fd48b84c7994291b887ca03571
2022-10-15,5.51,5.51,ft^3/s,Approved,[],2025-03-11T19:58:58.212270+00:00,1d5974fd48b84c7994291b887ca03571
2022-10-16,8.37,8.37,ft^3/s,Approved,[],2025-03-11T19:58:58.212270+00:00,1d5974fd48b84c7994291b887ca03571
2022-10-17,310.0,310,ft^3/s,Approved,[],2025-03-11T19:58:58.212270+00:00,1d5974fd48b84c7994291b887ca03571
2022-10-18,126.0,126,ft^3/s,Approved,[],2025-03-11T19:58:58.212270+00:00,1d5974fd48b84c7994291b887ca03571
2022-10-19,54.2,54.2,ft^3/s,Approved,[],2025-03-11T19:58:58.212270+00:00,1d5974fd48b84c7994291b887ca03571
2022-10-20,35.4,35.4,ft^3/s,Approved,[],2025-03-11T19:58:58.212270+00:00,1d5974fd48b84c7994291b887ca03571
2022-10-21,28.2,28.2,ft^3/s,Approved,[],2025-03-11T19:58:58.212270+00:00,1d5974fd48b84c7994291b887ca03571
2022-10-22,24.4,24.4,ft^3/s,Approved,[],2025-03-11T19:58:58.212270+00:00,1d5974fd48b84c7994291b887ca03571
2022-10-23,22.2,22.2,ft^3/s,Approved,[],2025-03-11T19:58:58.212270+00:00,1d5974fd48b84c7994291b887ca03571
2022-10-24,50.4,50.4,ft^3/s,Approved,[],2025-03-11T19:58:58.212270+00:00,1d5974fd48b84c7994291b887ca03571
2022-10-25,84.5,84.5,ft^3/s,Approved,[],2025-03-11T19:58:58.212270+00:00,1d5974fd48b84c7994291b887ca03571
2022-10-26,43.9,43.9,ft^3/s,Approved,[],2025-03-11T19:58:58.212270+00:00,1d5974fd48b84c7994291b887ca03571
2022-10-27,33.8,33.8,ft^3/s,Approved,[],2025-03-11T19:58:58.212270+00:00,1d5974fd48b84c7994291b887ca03571
2022-10-28,204.0,204,ft^3/s,Approved,[],2025-03-11T19:58:58.212270+00:00,1d5974fd48b84c7994291b887ca03571
2022-10-29,150.0,150,ft^3/s,Approved,[],2025-03-11T19:58:58.212270+00:00,1d5974fd48b84c7994291b887ca03571
2022-10-30,80.0,80.0,ft^3/s,Approved,[],2025-03-11T19:58:58.212270+00:00,1d5974fd48b84c7994291b887ca03571
2022-10-31,56.0,56.0,ft^3/s,Approved,[],2025-03-11T19:58:58.212270+00:00,1d5974fd48b84c7994291b887ca03571
2022-11-01,46.2,46.2,ft^3/s,Approved,[],2025-03-11T19:58:58.212270+00:00,1d5974fd48b84c7994291b887ca03571
2022-11-02,37.4,37.4,ft^3/s,Approved,[],2025-03-11T19:58:58.212270+00:00,1d5974fd48b84c7994291b887ca03571
2022-11-03,34.4,34.4,ft^3/s,Approved,[],2025-03-11T19:58:58.212270+00:00,1d5974fd48b84c7994291b887ca03571
2022-11-04,56.9,56.9,ft^3/s,Approved,[],2025-03-11T19:58:58.212270+00:00,1d5974fd48b84c7994291b887ca03571
2022-11-05,55.8,55.8,ft^3/s,Approved,[],2025-03-11T19:58:58.212270+00:00,1d5974fd48b84c7994291b887ca03571
2022-11-06,40.0,40.0,ft^3/s,Approved,[],2025-03-11T19:58:58.212270+00:00,1d5974fd48b84c7994291b887ca03571
2022-11-07,65.6,65.6,ft^3/s,Approved,[],2025-03-11T19:58:58.212270+00:00,1d5974fd48b84c7994291b887ca03571
2022-11-08,46.2,46.2,ft^3/s,Approved,[],2025-03-11T19:58:58.212270+00:00,1d5974fd48b84c7994291b887ca03571
2022-11-09,42.0,42.0,ft^3/s,Approved,[],2025-03-11T19:58:58.212270+00:00,1d5974fd48b84c7994291b887ca03571
2022-11-10,33.5,33.5,ft^3/s,Approved,[],2025-03-11T19:58:58.212270+00:00,1d5974fd48b84c7994291b887ca03571
2022-11-11,146.0,146,ft^3/s,Approved,[],2025-03-11T19:58:58.212270+00:00,1d5974fd48b84c7994291b887ca03571
2022-11-12,178.0,178,ft^3/s,Approved,[],2025-03-11T19:58:58.212270+00:00,1d5974fd48b84c7994291b887ca03571
2022-11-13,94.9,94.9,ft^3/s,Approved,[],2025-03-11T19:58:58.212270+00:00,1d5974fd48b84c7994291b887ca03571
2022-11-14,69.6,69.6,ft^3/s,Approved,[],2025-03-11T19:58:58.212270+00:00,1d5974fd48b84c7994291b887ca03571
2022-11-15,55.6,55.6,ft^3/s,Approved,[],2025-03-11T19:58:58.212270+00:00,1d5974fd48b84c7994291b887ca03571
2022-11-16,47.7,47.7,ft^3/s,Approved,[],2025-03-11T19:58:58.212270+00:00,1d5974fd48b84c7994291b887ca03571
2022-11-17,43.6,43.6,ft^3/s,Approved,[],2025-03-11T19:58:58.212270+00:00,1d5974fd48b84c7994291b887ca03571
2022-11-18,39.8,39.8,ft^3/s,Approved,[],2025-03-11T19:58:58.212270+00:00,1d5974fd48b84c7994291b887ca03571
2022-11-19,52.8,52.8,ft^3/s,Approved,[],2025-03-11T19:58:58.212270+00:00,1d5974fd48b84c7994291b887ca03571
2022-11-20,50.0,50.0,ft^3/s,Approved,[],2025-03-11T19:58:58.212270+00:00,1d5974fd48b84c7994291b887ca03571
2022-11-21,52.4,52.4,ft^3/s,Approved,[],2025-03-11T19:58:58.212270+00:00,1d5974fd48b84c7994291b887ca03571
2022-11-22,52.0,52.0,ft^3/s,Approved,[],2025-03-11T19:58:58.212270+00:00,1d5974fd48b84c7994291b887ca03571
2022-11-23,46.3,46.3,ft^3/s,Approved,[],2025-03-11T19:58:58.212270+00:00,1d5974fd48b84c7994291b887ca03571
2022-11-24,73.8,73.8,ft^3/s,Approved,[],2025-03-11T19:58:58.212270+00:00,1d5974fd48b84c7994291b887ca03571
2022-11-25,63.7,63.7,ft^3/s,Approved,[],2025-03-11T19:58:58.212270+00:00,1d5974fd48b84c7994291b887ca03571
2022-11-26,415.0,415,ft^3/s,Approved,[],2025-03-11T19:58:58.212270+00:00,1d5974fd48b84c7994291b887ca03571
2022-11-27,201.0,201,ft^3/s,Approved,[],2025-03-11T19:58:58.212270+00:00,1d5974fd48b84c7994291b887ca03571
2022-11-28,123.0,123,ft^3/s,Approved,[],2025-03-11T19:58:58.212270+00:00,1d5974fd48b84c7994291b887ca03571
2022-11-29,92.2,92.2,ft^3/s,Approved,[],2025-03-11T19:58:58.212270+00:00,1d5974fd48b84c7994291b887ca03571
2022-11-30,70.3,70.3,ft^3/s,Approved,[],2025-03-11T19:58:58.212270+00:00,1d5974fd48b84c7994291b887ca03571
2022-12-01,64.1,64.1,ft^3/s,Approved,[],2025-03-11T19:58:58.212270+00:00,1d5974fd48b84c7994291b887ca03571
2022-12-02,60.7,60.7,ft^3/s,Approved,[],2025-03-11T19:58:58.212270+00:00,1d5974fd48b84c7994291b887ca03571
2022-12-03,54.9,54.9,ft^3/s,Approved,[],2025-03-11T19:58:58.212270+00:00,1d5974fd48b84c7994291b887ca03571
2022-12-04,51.0,51.0,ft^3/s,Approved,[],2025-03-11T19:58:58.212270+00:00,1d5974fd48b84c7994291b887ca03571
2022-12-05,47.9,47.9,ft^3/s,Approved,[],2025-03-11T19:58:58.212270+00:00,1d5974fd48b84c7994291b887ca03571
2022-12-06,46.2,46.2,ft^3/s,Approved,[],2025-03-11T19:58:58.212270+00:00,1d5974fd48b84c7994291b887ca03571
2022-12-07,42.8,42.8,ft^3/s,Approved,[],2025-03-11T19:58:58.212270+00:00,1d5974fd48b84c7994291b887ca03571
2022-12-08,41.0,41.0,ft^3/s,Approved,[],2025-03-11T19:58:58.212270+00:00,1d5974fd48b84c7994291b887ca03571
2022-12-09,39.7,39.7,ft^3/s,Approved,[],2025-03-11T19:58:58.212270+00:00,1d5974fd48b84c7994291b887ca03571
2022-12-10,38.0,38.0,ft^3/s,Approved,[],2025-03-11T19:58:58.212270+00:00,1d5974fd48b84c7994291b887ca03571
2022-12-11,36.0,36.0,ft^3/s,Approved,[],2025-03-11T19:58:58.212270+00:00,1d5974fd48b84c7994291b887ca03571
2022-12-12,36.0,36.0,ft^3/s,Approved,[],2025-03-11T19:58:58.212270+00:00,1d5974fd48b84c7994291b887ca03571
2022-12-13,34.3,34.3,ft^3/s,Approved,[],2025-03-11T19:58:58.212270+00:00,1d5974fd48b84c7994291b887ca03571
2022-12-14,33.7,33.7,ft^3/s,Approved,[],2025-03-11T19:58:58.212270+00:00,1d5974fd48b84c7994291b887ca03571
2022-12-15,34.1,34.1,ft^3/s,Approved,[],2025-03-11T19:58:58.212270+00:00,1d5974fd48b84c7994291b887ca03571
2022-12-16,32.2,32.2,ft^3/s,Approved,"[""ESTIMATED""]",2025-03-11T19:58:58.212270+00:00,1d5974fd48b84c7994291b887ca03571
2022-12-17,30.7,30.7,ft^3/s,Approved,[],2025-09-02T15:32:16.761021+00:00,1d5974fd48b84c7994291b887ca03571
2022-12-18,30.2,30.2,ft^3/s,Approved,[],2025-03-11T19:58:58.212270+00:00,1d5974fd48b84c7994291b887ca03571
2022-12-19,110.0,110,ft^3/s,Approved,[],2025-03-11T19:58:58.212270+00:00,1d5974fd48b84c7994291b887ca03571
2022-12-20,67.0,67.0,ft^3/s,Approved,[],2025-03-11T19:58:58.212270+00:00,1d5974fd48b84c7994291b887ca03571
2022-12-21,57.9,57.9,ft^3/s,Approved,[],2025-03-11T19:58:58.212270+00:00,1d5974fd48b84c7994291b887ca03571
2022-12-22,48.0,48.0,ft^3/s,Approved,"[""ESTIMATED""]",2025-03-11T19:58:58.212270+00:00,1d5974fd48b84c7994291b887ca03571
2022-12-23,37.8,37.8,ft^3/s,Approved,"[""ESTIMATED""]",2025-03-11T19:58:58.212270+00:00,1d5974fd48b84c7994291b887ca03571
2022-12-24,37.1,37.1,ft^3/s,Approved,[],2025-09-02T15:32:16.761021+00:00,1d5974fd48b84c7994291b887ca03571
2022-12-25,36.5,36.5,ft^3/s,Approved,[],2025-03-11T19:58:58.212270+00:00,1d5974fd48b84c7994291b887ca03571
2022-12-26,35.0,35.0,ft^3/s,Approved,[],2025-03-11T19:58:58.212270+00:00,1d5974fd48b84c7994291b887ca03571
2022-12-27,33.9,33.9,ft^3/s,Approved,[],2025-03-11T19:58:58.212270+00:00,1d5974fd48b84c7994291b887ca03571
2022-12-28,33.1,33.1,ft^3/s,Approved,[],2025-03-11T19:58:58.212270+00:00,1d5974fd48b84c7994291b887ca03571
2022-12-29,32.9,32.9,ft^3/s,Approved,[],2025-03-11T19:58:58.212270+00:00,1d5974fd48b84c7994291b887ca03571
2022-12-30,31.9,31.9,ft^3/s,Approved,[],2025-03-11T19:58:58.212270+00:00,1d5974fd48b84c7994291b887ca03571
2022-12-31,30.3,30.3,ft^3/s,Approved,[],2025-03-11T19:58:58.212270+00:00,1d5974fd48b84c7994291b887ca03571
2023-01-01,30.0,30.0,ft^3/s,Approved,[],2025-03-11T19:58:58.212270+00:00,1d5974fd48b84c7994291b887ca03571
2023-01-02,30.3,30.3,ft^3/s,Approved,[],2025-03-11T19:58:58.212270+00:00,1d5974fd48b84c7994291b887ca03571
2023-01-03,28.9,28.9,ft^3/s,Approved,[],2025-03-11T19:58:58.212270+00:00,1d5974fd48b84c7994291b887ca03571
2023-01-04,27.4,27.4,ft^3/s,Approved,[],2025-03-11T19:58:58.212270+00:00,1d5974fd48b84c7994291b887ca03571
2023-01-05,25.7,25.7,ft^3/s,Approved,[],2025-03-11T19:58:58.212270+00:00,1d5974fd48b84c7994291b887ca03571
2023-01-06,26.8,26.8,ft^3/s,Approved,[],2025-03-11T19:58:58.212270+00:00,1d5974fd48b84c7994291b887ca03571
2023-01-07,26.2,26.2,ft^3/s,Approved,[],2025-03-11T19:58:58.212270+00:00,1d5974fd48b84c7994291b887ca03571
2023-01-08,24.9,24.9,ft^3/s,Approved,[],2025-03-11T19:58:58.212270+00:00,1d5974fd48b84c7994291b887ca03571
2023-01-09,25.7,25.7,ft^3/s,Approved,[],2025-03-11T19:58:58.212270+00:00,1d5974fd48b84c7994291b887ca03571
2023-01-10,25.3,25.3,ft^3/s,Approved,[],2025-03-11T19:58:58.212270+00:00,1d5974fd48b84c7994291b887ca03571
2023-01-11,24.8,24.8,ft^3/s,Approved,[],2025-03-11T19:58:58.212270+00:00,1d5974fd48b84c7994291b887ca03571
2023-01-12,22.8,22.8,ft^3/s,Approved,[],2025-03-11T19:58:58.212270+00:00,1d5974fd48b84c7994291b887ca03571
2023-01-13,22.1,22.1,ft^3/s,Approved,[],2025-03-11T19:58:58.212270+00:00,1d5974fd48b84c7994291b887ca03571
2023-01-14,21.7,21.7,ft^3/s,Approved,[],2025-03-11T19:58:58.212270+00:00,1d5974fd48b84c7994291b887ca03571
2023-01-15,22.7,22.7,ft^3/s,Approved,[],2025-03-11T19:58:58.212270+00:00,1d5974fd48b84c7994291b887ca03571
2023-01-16,22.4,22.4,ft^3/s,Approved,[],2025-03-11T19:58:58.212270+00:00,1d5974fd48b84c7994291b887ca03571
2023-01-17,22.2,22.2,ft^3/s,Approved,[],2025-03-11T19:58:58.212270+00:00,1d5974fd48b84c7994291b887ca03571
2023-01-18,21.8,21.8,ft^3/s,Approved,[],2025-03-11T19:58:58.212270+00:00,1d5974fd48b84c7994291b887ca03571
2023-01-19,20.4,20.4,ft^3/s,Approved,[],2025-03-11T19:58:58.212270+00:00,1d5974fd48b84c7994291b887ca03571
2023-01-20,20.1,20.1,ft^3/s,Approved,[],2025-03-11T19:58:58.212270+00:00,1d5974fd48b84c7994291b887ca03571
2023-01-21,20.1,20.1,ft^3/s,Approved,[],2025-03-11T19:58:58.212270+00:00,1d5974fd48b84c7994291b887ca03571
2023-01-22,20.5,20.5,ft^3/s,Approved,[],2025-03-11T19:58:58.212270+00:00,1d5974fd48b84c7994291b887ca03571
2023-01-23,20.7,20.7,ft^3/s,Approved,[],2025-03-11T19:58:58.212270+00:00,1d5974fd48b84c7994291b887ca03571
2023-01-24,60.8,60.8,ft^3/s,Approved,[],2025-03-11T19:58:58.212270+00:00,1d5974fd48b84c7994291b887ca03571
2023-01-25,33.5,33.5,ft^3/s,Approved,[],2025-03-11T19:58:58.212270+00:00,1d5974fd48b84c7994291b887ca03571
2023-01-26,27.2,27.2,ft^3/s,Approved,[],2025-03-11T19:58:58.212270+00:00,1d5974fd48b84c7994291b887ca03571
2023-01-27,26.1,26.1,ft^3/s,Approved,[],2025-03-11T19:58:58.212270+00:00,1d5974fd48b84c7994291b887ca03571
2023-01-28,26.1,26.1,ft^3/s,Approved,[],2025-03-11T19:58:58.212270+00:00,1d5974fd48b84c7994291b887ca03571
2023-01-29,22.6,22.6,ft^3/s,Approved,[],2025-03-11T19:58:58.212270+00:00,1d5974fd48b84c7994291b887ca03571
2023-01-30,20.0,20.0,ft^3/s,Approved,[],2025-03-11T19:58:58.212270+00:00,1d5974fd48b84c7994291b887ca03571
2023-01-31,20.2,20.2,ft^3/s,Approved,[],2025-03-11T19:58:58.212270+00:00,1d5974fd48b84c7994291b887ca03571
2023-02-01,143.0,143,ft^3/s,Approved,[],2025-03-11T19:58:58.212270+00:00,1d5974fd48b84c7994291b887ca03571
2023-02-02,232.0,232,ft^3/s,Approved,[],2025-03-11T19:58:58.212270+00:00,1d5974fd48b84c7994291b887ca03571
2023-02-03,187.0,187,ft^3/s,Approved,[],2025-03-11T19:58:58.212270+00:00,1d5974fd48b84c7994291b887ca03571
2023-02-04,117.0,117,ft^3/s,Approved,[],2025-03-11T19:58:58.212270+00:00,1d5974fd48b84c7994291b887ca03571
2023-02-05,87.3,87.3,ft^3/s,Approved,[],2025-03-11T19:58:58.212270+00:00,1d5974fd48b84c7994291b887ca03571
2023-02-06,73.8,73.8,ft^3/s,Approved,[],2025-03-11T19:58:58.212270+00:00,1d5974fd48b84c7994291b887ca03571
2023-02-07,113.0,113,ft^3/s,Approved,[],2025-03-11T19:58:58.212270+00:00,1d5974fd48b84c7994291b887ca03571
2023-02-08,207.0,207,ft^3/s,Approved,[],2025-03-11T19:58:58.212270+00:00,1d5974fd48b84c7994291b887ca03571
2023-02-09,140.0,140,ft^3/s,Approved,[],2025-03-11T19:58:58.212270+00:00,1d5974fd48b84c7994291b887ca03571
2023-02-10,97.4,97.4,ft^3/s,Approved,[],2025-03-11T19:58:58.212270+00:00,1d5974fd48b84c7994291b887ca03571
2023-02-11,79.2,79.2,ft^3/s,Approved,[],2025-03-11T19:58:58.212270+00:00,1d5974fd48b84c7994291b887ca03571
2023-02-12,70.4,70.4,ft^3/s,Approved,[],2025-03-11T19:58:58.212270+00:00,1d5974fd48b84c7994291b887ca03571
2023-02-13,64.6,64.6,ft^3/s,Approved,[],2025-03-11T19:58:58.212270+00:00,1d5974fd48b84c7994291b887ca03571
2023-02-14,62.5,62.5,ft^3/s,Approved,[],2025-03-11T19:58:58.212270+00:00,1d5974fd48b84c7994291b887ca03571
2023-02-15,57.4,57.4,ft^3/s,Approved,[],2025-03-11T19:58:58.212270+00:00,1d5974fd48b84c7994291b887ca03571
2023-02-16,53.0,53.0,ft^3/s,Approved,[],2025-03-11T19:58:58.212270+00:00,1d5974fd48b84c7994291b887ca03571
2023-02-17,47.9,47.9,ft^3/s,Approved,[],2025-03-11T19:58:58.212270+00:00,1d5974fd48b84c7994291b887ca03571
2023-02-18,46.5,46.5,ft^3/s,Approved,[],2025-03-11T19:58:58.212270+00:00,1d5974fd48b84c7994291b887ca03571
2023-02-19,44.9,44.9,ft^3/s,Approved,[],2025-03-11T19:58:58.212270+00:00,1d5974fd48b84c7994291b887ca03571
2023-02-20,43.5,43.5,ft^3/s,Approved,[],2025-03-11T19:58:58.212270+00:00,1d5974fd48b84c7994291b887ca03571
2023-02-21,42.7,42.7,ft^3/s,Approved,[],2025-03-11T19:58:58.212270+00:00,1d5974fd48b84c7994291b887ca03571
2023-02-22,41.6,41.6,ft^3/s,Approved,[],2025-03-11T19:58:58.212270+00:00,1d5974fd48b84c7994291b887ca03571
2023-02-23,38.2,38.2,ft^3/s,Approved,[],2025-03-11T19:58:58.212270+00:00,1d5974fd48b84c7994291b887ca03571
2023-02-24,36.3,36.3,ft^3/s,Approved,[],2025-03-11T19:58:58.212270+00:00,1d5974fd48b84c7994291b887ca03571
2023-02-25,35.7,35.7,ft^3/s,Approved,[],2025-03-11T19:58:58.212270+00:00,1d5974fd48b84c7994291b887ca03571
2023-02-26,36.0,36.0,ft^3/s,Approved,[],2025-03-11T19:58:58.212270+00:00,1d5974fd48b84c7994291b887ca03571
2023-02-27,35.5,35.5,ft^3/s,Approved,[],2025-03-11T19:58:58.212270+00:00,1d5974fd48b84c7994291b887ca03571
2023-02-28,33.5,33.5,ft^3/s,Approved,[],2025-03-11T19:58:58.212270+00:00,1d5974fd48b84c7994291b887ca03571
2023-03-01,34.4,34.4,ft^3/s,Approved,[],2025-03-11T19:58:58.212270+00:00,1d5974fd48b84c7994291b887ca03571
2023-03-02,48.1,48.1,ft^3/s,Approved,[],2025-03-11T19:58:58.212270+00:00,1d5974fd48b84c7994291b887ca03571
2023-03-03,109.0,109,ft^3/s,Approved,[],2025-03-11T19:58:58.212270+00:00,1d5974fd48b84c7994291b887ca03571
2023-03-04,67.4,67.4,ft^3/s,Approved,[],2025-03-11T19:58:58.212270+00:00,1d5974fd48b84c7994291b887ca03571
2023-03-05,53.3,53.3,ft^3/s,Approved,[],2025-03-11T19:58:58.212270+00:00,1d5974fd48b84c7994291b887ca03571
2023-03-06,46.3,46.3,ft^3/s,Approved,[],2025-07-01T17:15:48.638722+00:00,1d5974fd48b84c7994291b887ca03571
2023-03-07,43.0,43.0,ft^3/s,Approved,[],2025-07-01T17:15:48.638722+00:00,1d5974fd48b84c7994291b887ca03571
2023-03-08,40.8,40.8,ft^3/s,Approved,[],2025-07-01T17:15:48.638722+00:00,1d5974fd48b84c7994291b887ca03571
2023-03-09,38.4,38.4,ft^3/s,Approved,[],2025-07-01T17:15:48.638722+00:00,1d5974fd48b84c7994291b887ca03571
2023-03-10,36.1,36.1,ft^3/s,Approved,[],2025-07-01T17:15:48.638722+00:00,1d5974fd48b84c7994291b887ca03571
2023-03-11,34.9,34.9,ft^3/s,Approved,[],2025-07-01T17:15:48.638722+00:00,1d5974fd48b84c7994291b887ca03571
2023-03-12,34.1,34.1,ft^3/s,Approved,[],2025-07-01T17:15:48.638722+00:00,1d5974fd48b84c7994291b887ca03571
2023-03-13,31.8,31.8,ft^3/s,Approved,[],2025-07-01T17:15:48.638722+00:00,1d5974fd48b84c7994291b887ca03571
2023-03-14,31.2,31.2,ft^3/s,Approved,[],2025-07-01T17:15:48.638722+00:00,1d5974fd48b84c7994291b887ca03571
2023-03-15,30.1,30.1,ft^3/s,Approved,[],2025-07-01T17:15:48.638722+00:00,1d5974fd48b84c7994291b887ca03571
2023-03-16,37.0,37.0,ft^3/s,Approved,[],2025-07-01T17:15:48.638722+00:00,1d5974fd48b84c7994291b887ca03571
2023-03-17,48.4,48.4,ft^3/s,Approved,[],2025-07-01T17:15:48.638722+00:00,1d5974fd48b84c7994291b887ca03571
2023-03-18,34.9,34.9,ft^3/s,Approved,[],2025-07-01T17:15:48.638722+00:00,1d5974fd48b84c7994291b887ca03571
2023-03-19,31.6,31.6,ft^3/s,Approved,[],2025-07-01T17:15:48.638722+00:00,1d5974fd48b84c7994291b887ca03571
2023-03-20,30.6,30.6,ft^3/s,Approved,[],2025-07-01T17:15:48.638722+00:00,1d5974fd48b84c7994291b887ca03571
2023-03-21,34.1,34.1,ft^3/s,Approved,[],2025-07-01T17:15:48.638722+00:00,1d5974fd48b84c7994291b887ca03571
2023-03-22,36.4,36.4,ft^3/s,Approved,[],2025-07-01T17:15:48.638722+00:00,1d5974fd48b84c7994291b887ca03571
2023-03-23,33.4,33.4,ft^3/s,Approved,[],2025-07-01T17:15:48.638722+00:00,1d5974fd48b84c7994291b887ca03571
2023-03-24,32.4,32.4,ft^3/s,Approved,[],2025-07-01T17:15:48.638722+00:00,1d5974fd48b84c7994291b887ca03571
2023-03-25,29.7,29.7,ft^3/s,Approved,[],2025-07-01T17:15:48.638722+00:00,1d5974fd48b84c7994291b887ca03571
2023-03-26,27.9,27.9,ft^3/s,Approved,[],2025-07-01T17:15:48.638722+00:00,1d5974fd48b84c7994291b887ca03571
2023-03-27,26.7,26.7,ft^3/s,Approved,[],2025-07-01T17:15:48.638722+00:00,1d5974fd48b84c7994291b887ca03571
2023-03-28,24.1,24.1,ft^3/s,Approved,[],2025-07-01T17:15:48.638722+00:00,1d5974fd48b84c7994291b887ca03571
2023-03-29,22.9,22.9,ft^3/s,Approved,[],2025-07-01T17:15:48.638722+00:00,1d5974fd48b84c7994291b887ca03571
2023-03-30,25.1,25.1,ft^3/s,Approved,[],2025-07-01T17:15:48.638722+00:00,1d5974fd48b84c7994291b887ca03571
2023-03-31,27.3,27.3,ft^3/s,Approved,[],2025-07-01T17:15:48.638722+00:00,1d5974fd48b84c7994291b887ca03571
2023-04-01,25.1,25.1,ft^3/s,Approved,[],2025-07-01T17:15:48.638722+00:00,1d5974fd48b84c7994291b887ca03571
2023-04-02,24.8,24.8,ft^3/s,Approved,[],2025-07-01T17:15:48.638722+00:00,1d5974fd48b84c7994291b887ca03571
2023-04-03,24.9,24.9,ft^3/s,Approved,[],2025-07-01T17:15:48.638722+00:00,1d5974fd48b84c7994291b887ca03571
2023-04-04,24.6,24.6,ft^3/s,Approved,[],2025-07-01T17:15:48.638722+00:00,1d5974fd48b84c7994291b887ca03571
2023-04-05,32.9,32.9,ft^3/s,Approved,[],2025-07-01T17:15:48.638722+00:00,1d5974fd48b84c7994291b887ca03571
2023-04-06,153.0,153,ft^3/s,Approved,[],2025-07-01T17:15:48.638722+00:00,1d5974fd48b84c7994291b887ca03571
2023-04-07,223.0,223,ft^3/s,Approved,[],2025-07-01T17:15:48.638722+00:00,1d5974fd48b84c7994291b887ca03571
2023-04-08,161.0,161,ft^3/s,Approved,[],2025-07-01T17:15:48.638722+00:00,1d5974fd48b84c7994291b887ca03571
2023-04-09,102.0,102,ft^3/s,Approved,[],2025-07-01T17:15:48.638722+00:00,1d5974fd48b84c7994291b887ca03571
2023-04-10,77.1,77.1,ft^3/s,Approved,[],2025-07-01T17:15:48.638722+00:00,1d5974fd48b84c7994291b887ca03571
2023-04-11,63.7,63.7,ft^3/s,Approved,[],2025-07-01T17:15:48.638722+00:00,1d5974fd48b84c7994291b887ca03571
2023-04-12,54.5,54.5,ft^3/s,Approved,[],2025-07-01T17:15:48.638722+00:00,1d5974fd48b84c7994291b887ca03571
2023-04-13,47.5,47.5,ft^3/s,Approved,[],2025-07-01T17:15:48.638722+00:00,1d5974fd48b84c7994291b887ca03571
2023-04-14,44.4,44.4,ft^3/s,Approved,[],2025-07-01T17:15:48.638722+00:00,1d5974fd48b84c7994291b887ca03571
2023-04-15,40.9,40.9,ft^3/s,Approved,[],2025-07-01T17:15:48.638722+00:00,1d5974fd48b84c7994291b887ca03571
2023-04-16,35.7,35.7,ft^3/s,Approved,[],2025-07-01T17:15:48.638722+00:00,1d5974fd48b84c7994291b887ca03571
2023-04-17,33.2,33.2,ft^3/s,Approved,[],2025-07-01T17:15:48.638722+00:00,1d5974fd48b84c7994291b887ca03571
2023-04-18,32.5,32.5,ft^3/s,Approved,[],2025-07-01T17:15:48.638722+00:00,1d5974fd48b84c7994291b887ca03571
2023-04-19,31.0,31.0,ft^3/s,Approved,[],2025-07-01T17:15:48.638722+00:00,1d5974fd48b84c7994291b887ca03571
2023-04-20,491.0,491,ft^3/s,Approved,[],2025-07-01T17:15:48.638722+00:00,1d5974fd48b84c7994291b887ca03571
2023-04-21,541.0,541,ft^3/s,Approved,[],2025-07-01T17:15:48.638722+00:00,1d5974fd48b84c7994291b887ca03571
2023-04-22,334.0,334,ft^3/s,Approved,[],2025-07-01T17:15:48.638722+00:00,1d5974fd48b84c7994291b887ca03571
2023-04-23,233.0,233,ft^3/s,Approved,[],2025-07-01T17:15:48.638722+00:00,1d5974fd48b84c7994291b887ca03571
2023-04-24,164.0,164,ft^3/s,Approved,[],2025-07-01T17:15:48.638722+00:00,1d5974fd48b84c7994291b887ca03571
2023-04-25,114.0,114,ft^3/s,Approved,[],2025-07-01T17:15:48.638722+00:00,1d5974fd48b84c7994291b887ca03571
2023-04-26,102.0,102,ft^3/s,Approved,[],2025-07-01T17:15:48.638722+00:00,1d5974fd48b84c7994291b887ca03571
2023-04-27,367.0,367,ft^3/s,Approved,[],2025-07-01T17:15:48.638722+00:00,1d5974fd48b84c7994291b887ca03571
2023-04-28,375.0,375,ft^3/s,Approved,[],2025-07-01T17:15:48.638722+00:00,1d5974fd48b84c7994291b887ca03571
2023-04-29,290.0,290,ft^3/s,Approved,[],2025-07-01T17:15:48.638722+00:00,1d5974fd48b84c7994291b887ca03571
2023-04-30,168.0,168,ft^3/s,Approved,[],2025-07-01T17:15:48.638722+00:00,1d5974fd48b84c7994291b887ca03571
2023-05-01,119.0,119,ft^3/s,Approved,[],2025-07-01T17:15:48.638722+00:00,1d5974fd48b84c7994291b887ca03571
2023-05-02,95.3,95.3,ft^3/s,Approved,[],2025-07-01T17:15:48.638722+00:00,1d5974fd48b84c7994291b887ca03571
2023-05-03,81.9,81.9,ft^3/s,Approved,[],2025-07-01T17:15:48.638722+00:00,1d5974fd48b84c7994291b887ca03571
2023-05-04,72.6,72.6,ft^3/s,Approved,[],2025-07-01T17:15:48.638722+00:00,1d5974fd48b84c7994291b887ca03571
2023-05-05,88.0,88.0,ft^3/s,Approved,[],2025-07-01T17:15:48.638722+00:00,1d5974fd48b84c7994291b887ca03571
2023-05-06,298.0,298,ft^3/s,Approved,[],2025-07-01T17:15:48.638722+00:00,1d5974fd48b84c7994291b887ca03571
2023-05-07,162.0,162,ft^3/s,Approved,[],2025-07-01T17:15:48.638722+00:00,1d5974fd48b84c7994291b887ca03571
2023-05-08,106.0,106,ft^3/s,Approved,[],2025-07-01T17:15:48.638722+00:00,1d5974fd48b84c7994291b887ca03571
2023-05-09,104.0,104,ft^3/s,Approved,[],2025-07-01T17:15:48.638722+00:00,1d5974fd48b84c7994291b887ca03571
2023-05-10,121.0,121,ft^3/s,Approved,[],2025-07-01T17:15:48.638722+00:00,1d5974fd48b84c7994291b887ca03571
2023-05-11,83.5,83.5,ft^3/s,Approved,[],2025-07-01T17:15:48.638722+00:00,1d5974fd48b84c7994291b887ca03571
2023-05-12,71.0,71.0,ft^3/s,Approved,[],2025-07-01T17:15:48.638722+00:00,1d5974fd48b84c7994291b887ca03571
2023-05-13,505.0,505,ft^3/s,Approved,[],2025-07-01T17:15:48.638722+00:00,1d5974fd48b84c7994291b887ca03571
2023-05-14,418.0,418,ft^3/s,Approved,[],2025-07-01T17:15:48.638722+00:00,1d5974fd48b84c7994291b887ca03571
2023-05-15,294.0,294,ft^3/s,Approved,[],2025-07-01T17:15:48.638722+00:00,1d5974fd48b84c7994291b887ca03571
2023-05-16,328.0,328,ft^3/s,Approved,[],2025-07-01T17:15:48.638722+00:00,1d5974fd48b84c7994291b887ca03571
2023-05-17,239.0,239,ft^3/s,Approved,[],2025-07-01T17:15:48.638722+00:00,1d5974fd48b84c7994291b887ca03571
2023-05-18,157.0,157,ft^3/s,Approved,[],2025-07-01T17:15:48.638722+00:00,1d5974fd48b84c7994291b887ca03571
2023-05-19,122.0,122,ft^3/s,Approved,[],2025-07-01T17:15:48.638722+00:00,1d5974fd48b84c7994291b887ca03571
2023-05-20,127.0,127,ft^3/s,Approved,[],2025-07-01T17:15:48.638722+00:00,1d5974fd48b84c7994291b887ca03571
2023-05-21,95.0,95.0,ft^3/s,Approved,[],2025-07-01T17:15:48.638722+00:00,1d5974fd48b84c7994291b887ca03571
2023-05-22,86.2,86.2,ft^3/s,Approved,[],2025-07-01T17:15:48.638722+00:00,1d5974fd48b84c7994291b887ca03571
2023-05-23,77.7,77.7,ft^3/s,Approved,[],2025-07-01T17:15:48.638722+00:00,1d5974fd48b84c7994291b887ca03571
2023-05-24,230.0,230,ft^3/s,Approved,[],2025-07-01T17:15:48.638722+00:00,1d5974fd48b84c7994291b887ca03571
2023-05-25,147.0,147,ft^3/s,Approved,[],2025-07-01T17:15:48.638722+00:00,1d5974fd48b84c7994291b887ca03571
2023-05-26,105.0,105,ft^3/s,Approved,[],2025-07-01T17:15:48.638722+00:00,1d5974fd48b84c7994291b887ca03571
2023-05-27,92.8,92.8,ft^3/s,Approved,[],2025-07-01T17:15:48.638722+00:00,1d5974fd48b84c7994291b887ca03571
2023-05-28,258.0,258,ft^3/s,Approved,[],2025-07-01T17:15:48.638722+00:00,1d5974fd48b84c7994291b887ca03571
2023-05-29,147.0,147,ft^3/s,Approved,[],2025-07-01T17:15:48.638722+00:00,1d5974fd48b84c7994291b887ca03571
2023-05-30,104.0,104,ft^3/s,Approved,[],2025-07-01T17:15:48.638722+00:00,1d5974fd48b84c7994291b887ca03571
2023-05-31,83.9,83.9,ft^3/s,Approved,[],2025-07-01T17:15:48.638722+00:00,1d5974fd48b84c7994291b887ca03571
2023-06-01,71.4,71.4,ft^3/s,Approved,[],2025-07-01T17:15:48.638722+00:00,1d5974fd48b84c7994291b887ca03571
2023-06-02,62.7,62.7,ft^3/s,Approved,[],2025-07-01T17:15:48.638722+00:00,1d5974fd48b84c7994291b887ca03571
2023-06-03,56.7,56.7,ft^3/s,Approved,[],2025-07-01T17:15:48.638722+00:00,1d5974fd48b84c7994291b887ca03571
2023-06-04,73.5,73.5,ft^3/s,Approved,[],2025-07-01T17:15:48.638722+00:00,1d5974fd48b84c7994291b887ca03571
2023-06-05,66.8,66.8,ft^3/s,Approved,[],2025-07-01T17:15:48.638722+00:00,1d5974fd48b84c7994291b887ca03571
2023-06-06,60.0,60.0,ft^3/s,Approved,[],2025-07-01T17:15:48.638722+00:00,1d5974fd48b84c7994291b887ca03571
2023-06-07,72.8,72.8,ft^3/s,Approved,[],2025-07-01T17:15:48.638722+00:00,1d5974fd48b84c7994291b887ca03571
2023-06-08,56.0,56.0,ft^3/s,Approved,[],2025-07-01T17:15:48.638722+00:00,1d5974fd48b84c7994291b887ca03571
2023-06-09,50.3,50.3,ft^3/s,Approved,[],2025-07-01T17:15:48.638722+00:00,1d5974fd48b84c7994291b887ca03571
2023-06-10,45.2,45.2,ft^3/s,Approved,[],2025-07-01T17:15:48.638722+00:00,1d5974fd48b84c7994291b887ca03571
2023-06-11,40.6,40.6,ft^3/s,Approved,[],2025-07-01T17:15:48.638722+00:00,1d5974fd48b84c7994291b887ca03571
2023-06-12,37.9,37.9,ft^3/s,Approved,[],2025-07-01T17:15:48.638722+00:00,1d5974fd48b84c7994291b887ca03571
2023-06-13,35.8,35.8,ft^3/s,Approved,[],2025-07-01T17:15:48.638722+00:00,1d5974fd48b84c7994291b887ca03571
2023-06-14,34.3,34.3,ft^3/s,Approved,[],2025-07-01T17:15:48.638722+00:00,1d5974fd48b84c7994291b887ca03571
2023-06-15,32.2,32.2,ft^3/s,Approved,[],2025-07-01T17:15:48.638722+00:00,1d5974fd48b84c7994291b887ca03571
2023-06-16,33.2,33.2,ft^3/s,Approved,[],2025-07-01T17:15:48.638722+00:00,1d5974fd48b84c7994291b887ca03571
2023-06-17,62.2,62.2,ft^3/s,Approved,[],2025-07-01T17:15:48.638722+00:00,1d5974fd48b84c7994291b887ca03571
2023-06-18,53.2,53.2,ft^3/s,Approved,[],2025-07-01T17:15:48.638722+00:00,1d5974fd48b84c7994291b887ca03571
2023-06-19,42.1,42.1,ft^3/s,Approved,[],2025-07-01T17:15:48.638722+00:00,1d5974fd48b84c7994291b887ca03571
2023-06-20,35.5,35.5,ft^3/s,Approved,[],2025-07-01T17:15:48.638722+00:00,1d5974fd48b84c7994291b887ca03571
2023-06-21,32.5,32.5,ft^3/s,Approved,[],2025-07-01T17:15:48.638722+00:00,1d5974fd48b84c7994291b887ca03571
2023-06-22,51.6,51.6,ft^3/s,Approved,[],2025-07-01T17:15:48.638722+00:00,1d5974fd48b84c7994291b887ca03571
2023-06-23,49.3,49.3,ft^3/s,Approved,[],2025-07-01T17:15:48.638722+00:00,1d5974fd48b84c7994291b887ca03571
2023-06-24,38.0,38.0,ft^3/s,Approved,[],2025-07-01T17:15:48.638722+00:00,1d5974fd48b84c7994291b887ca03571
2023-06-25,31.7,31.7,ft^3/s,Approved,[],2025-07-01T17:15:48.638722+00:00,1d5974fd48b84c7994291b887ca03571
2023-06-26,29.0,29.0,ft^3/s,Approved,[],2025-07-01T17:15:48.638722+00:00,1d5974fd48b84c7994291b887ca03571
2023-06-27,25.9,25.9,ft^3/s,Approved,[],2025-07-01T17:15:48.638722+00:00,1d5974fd48b84c7994291b887ca03571
2023-06-28,22.9,22.9,ft^3/s,Approved,[],2025-07-01T17:15:48.638722+00:00,1d5974fd48b84c7994291b887ca03571
2023-06-29,21.3,21.3,ft^3/s,Approved,[],2025-07-01T17:15:48.638722+00:00,1d5974fd48b84c7994291b887ca03571
2023-06-30,20.5,20.5,ft^3/s,Approved,[],2025-07-01T17:15:48.638722+00:00,1d5974fd48b84c7994291b887ca03571
2023-07-01,19.6,19.6,ft^3/s,Approved,[],2025-07-01T17:15:48.638722+00:00,1d5974fd48b84c7994291b887ca03571
2023-07-02,19.9,19.9,ft^3/s,Approved,[],2025-07-01T17:15:48.638722+00:00,1d5974fd48b84c7994291b887ca03571
2023-07-03,19.9,19.9,ft^3/s,Approved,[],2025-07-01T17:15:48.638722+00:00,1d5974fd48b84c7994291b887ca03571
2023-07-04,19.3,19.3,ft^3/s,Approved,[],2025-07-01T17:15:48.638722+00:00,1d5974fd48b84c7994291b887ca03571
2023-07-05,18.4,18.4,ft^3/s,Approved,[],2025-07-01T17:15:48.638722+00:00,1d5974fd48b84c7994291b887ca03571
2023-07-06,18.1,18.1,ft^3/s,Approved,[],2025-07-01T17:15:48.638722+00:00,1d5974fd48b84c7994291b887ca03571
2023-07-07,16.1,16.1,ft^3/s,Approved,[],2025-07-01T17:15:48.638722+00:00,1d5974fd48b84c7994291b887ca03571
2023-07-08,14.9,14.9,ft^3/s,Approved,[],2025-07-01T17:15:48.638722+00:00,1d5974fd48b84c7994291b887ca03571
2023-07-09,14.0,14.0,ft^3/s,Approved,[],2025-07-01T17:15:48.638722+00:00,1d5974fd48b84c7994291b887ca03571
2023-07-10,12.9,12.9,ft^3/s,Approved,[],2025-07-01T17:15:48.638722+00:00,1d5974fd48b84c7994291b887ca03571
2023-07-11,11.7,11.7,ft^3/s,Approved,[],2025-07-01T17:15:48.638722+00:00,1d5974fd48b84c7994291b887ca03571
2023-07-12,9.56,9.56,ft^3/s,Approved,[],2025-07-01T17:15:48.638722+00:00,1d5974fd48b84c7994291b887ca03571
2023-07-13,8.46,8.46,ft^3/s,Approved,[],2025-07-01T17:15:48.638722+00:00,1d5974fd48b84c7994291b887ca03571
2023-07-14,7.75,7.75,ft^3/s,Approved,[],2025-07-01T17:15:48.638722+00:00,1d5974fd48b84c7994291b887ca03571
2023-07-15,5.98,5.98,ft^3/s,Approved,[],2025-07-01T17:15:48.638722+00:00,1d5974fd48b84c7994291b887ca03571
2023-07-16,4.07,4.07,ft^3/s,Approved,[],2025-07-01T17:15:48.638722+00:00,1d5974fd48b84c7994291b887ca03571
2023-07-17,3.65,3.65,ft^3/s,Approved,[],2025-07-01T17:15:48.638722+00:00,1d5974fd48b84c7994291b887ca03571
2023-07-18,2.55,2.55,ft^3/s,Approved,[],2025-07-01T17:15:48.638722+00:00,1d5974fd48b84c7994291b887ca03571
2023-07-19,2.02,2.02,ft^3/s,Approved,[],2025-07-01T17:15:48.638722+00:00,1d5974fd48b84c7994291b887ca03571
2023-07-20,1.77,1.77,ft^3/s,Approved,[],2025-07-01T17:15:48.638722+00:00,1d5974fd48b84c7994291b887ca03571
2023-07-21,1.77,1.77,ft^3/s,Approved,[],2025-07-01T17:15:48.638722+00:00,1d5974fd48b84c7994291b887ca03571
2023-07-22,1.51,1.51,ft^3/s,Approved,[],2025-07-01T17:15:48.638722+00:00,1d5974fd48b84c7994291b887ca03571
2023-07-23,1.72,1.72,ft^3/s,Approved,[],2025-07-01T17:15:48.638722+00:00,1d5974fd48b84c7994291b887ca03571
2023-07-24,1.98,1.98,ft^3/s,Approved,"[""ESTIMATED""]",2025-07-01T17:15:48.638722+00:00,1d5974fd48b84c7994291b887ca03571
2023-07-25,1.96,1.96,ft^3/s,Approved,"[""ESTIMATED""]",2025-07-01T17:15:48.638722+00:00,1d5974fd48b84c7994291b887ca03571
2023-07-26,2.1,2.10,ft^3/s,Approved,"[""ESTIMATED""]",2025-07-01T17:15:48.638722+00:00,1d5974fd48b84c7994291b887ca03571
2023-07-27,2.02,2.02,ft^3/s,Approved,"[""ESTIMATED""]",2025-07-01T17:15:48.638722+00:00,1d5974fd48b84c7994291b887ca03571
2023-07-28,1.99,1.99,ft^3/s,Approved,"[""ESTIMATED""]",2025-07-01T17:15:48.638722+00:00,1d5974fd48b84c7994291b887ca03571
2023-07-29,2.46,2.46,ft^3/s,Approved,[],2025-09-02T15:32:16.761021+00:00,1d5974fd48b84c7994291b887ca03571
2023-07-30,2.38,2.38,ft^3/s,Approved,[],2025-07-01T17:15:48.638722+00:00,1d5974fd48b84c7994291b887ca03571
2023-07-31,2.37,2.37,ft^3/s,Approved,[],2025-07-01T17:15:48.638722+00:00,1d5974fd48b84c7994291b887ca03571
2023-08-01,2.76,2.76,ft^3/s,Approved,[],2025-07-01T17:15:48.638722+00:00,1d5974fd48b84c7994291b887ca03571
2023-08-02,2.35,2.35,ft^3/s,Approved,[],2025-07-01T17:15:48.638722+00:00,1d5974fd48b84c7994291b887ca03571
2023-08-03,2.21,2.21,ft^3/s,Approved,[],2025-07-01T17:15:48.638722+00:00,1d5974fd48b84c7994291b887ca03571
2023-08-04,2.0,2.00,ft^3/s,Approved,[],2025-07-01T17:15:48.638722+00:00,1d5974fd48b84c7994291b887ca03571
2023-08-05,1.96,1.96,ft^3/s,Approved,[],2025-07-01T17:15:48.638722+00:00,1d5974fd48b84c7994291b887ca03571
2023-08-06,1.86,1.86,ft^3/s,Approved,[],2025-07-01T17:15:48.638722+00:00,1d5974fd48b84c7994291b887ca03571
2023-08-07,1.95,1.95,ft^3/s,Approved,[],2025-07-01T17:15:48.638722+00:00,1d5974fd48b84c7994291b887ca03571
2023-08-08,2.17,2.17,ft^3/s,Approved,[],2025-07-01T17:15:48.638722+00:00,1d5974fd48b84c7994291b887ca03571
2023-08-09,2.11,2.11,ft^3/s,Approved,[],2025-07-01T17:15:48.638722+00:00,1d5974fd48b84c7994291b887ca03571
2023-08-10,2.12,2.12,ft^3/s,Approved,[],2025-07-01T17:15:48.638722+00:00,1d5974fd48b84c7994291b887ca03571
2023-08-11,2.1,2.10,ft^3/s,Approved,[],2025-07-01T17:15:48.638722+00:00,1d5974fd48b84c7994291b887ca03571
2023-08-12,2.19,2.19,ft^3/s,Approved,[],2025-07-01T17:15:48.638722+00:00,1d5974fd48b84c7994291b887ca03571
2023-08-13,2.4,2.40,ft^3/s,Approved,[],2025-07-01T17:15:48.638722+00:00,1d5974fd48b84c7994291b887ca03571
2023-08-14,2.33,2.33,ft^3/s,Approved,[],2025-07-01T17:15:48.638722+00:00,1d5974fd48b84c7994291b887ca03571
2023-08-15,1.89,1.89,ft^3/s,Approved,[],2025-07-01T17:15:48.638722+00:00,1d5974fd48b84c7994291b887ca03571
2023-08-16,2.27,2.27,ft^3/s,Approved,[],2025-07-01T17:15:48.638722+00:00,1d5974fd48b84c7994291b887ca03571
2023-08-17,2.33,2.33,ft^3/s,Approved,[],2025-07-01T17:15:48.638722+00:00,1d5974fd48b84c7994291b887ca03571
2023-08-18,2.18,2.18,ft^3/s,Approved,[],2025-07-01T17:15:48.638722+00:00,1d5974fd48b84c7994291b887ca03571
2023-08-19,2.09,2.09,ft^3/s,Approved,[],2025-07-01T17:15:48.638722+00:00,1d5974fd48b84c7994291b887ca03571
2023-08-20,2.14,2.14,ft^3/s,Approved,[],2025-07-01T17:15:48.638722+00:00,1d5974fd48b84c7994291b887ca03571
2023-08-21,2.19,2.19,ft^3/s,Approved,[],2025-07-01T17:15:48.638722+00:00,1d5974fd48b84c7994291b887ca03571
2023-08-22,2.12,2.12,ft^3/s,Approved,[],2025-07-01T17:15:48.638722+00:00,1d5974fd48b84c7994291b887ca03571
2023-08-23,2.1,2.10,ft^3/s,Approved,[],2025-07-01T17:15:48.638722+00:00,1d5974fd48b84c7994291b887ca03571
2023-08-24,2.03,2.03,ft^3/s,Approved,[],2025-07-01T17:15:48.638722+00:00,1d5974fd48b84c7994291b887ca03571
2023-08-25,1.84,1.84,ft^3/s,Approved,[],2025-07-01T17:15:48.638722+00:00,1d5974fd48b84c7994291b887ca03571
2023-08-26,2.1,2.10,ft^3/s,Approved,[],2025-07-01T17:15:48.638722+00:00,1d5974fd48b84c7994291b887ca03571
2023-08-27,1.94,1.94,ft^3/s,Approved,[],2025-07-01T17:15:48.638722+00:00,1d5974fd48b84c7994291b887ca03571
2023-08-28,2.0,2.00,ft^3/s,Approved,[],2025-07-01T17:15:48.638722+00:00,1d5974fd48b84c7994291b887ca03571
2023-08-29,2.08,2.08,ft^3/s,Approved,[],2025-07-01T17:15:48.638722+00:00,1d5974fd48b84c7994291b887ca03571
2023-08-30,2.01,2.01,ft^3/s,Approved,[],2025-07-01T17:15:48.638722+00:00,1d5974fd48b84c7994291b887ca03571
2023-08-31,1.98,1.98,ft^3/s,Approved,[],2025-07-01T17:15:48.638722+00:00,1d5974fd48b84c7994291b887ca03571
2023-09-01,1.88,1.88,ft^3/s,Approved,[],2025-07-01T17:15:48.638722+00:00,1d5974fd48b84c7994291b887ca03571
2023-09-02,1.85,1.85,ft^3/s,Approved,[],2025-07-01T17:15:48.638722+00:00,1d5974fd48b84c7994291b887ca03571
2023-09-03,1.9,1.90,ft^3/s,Approved,[],2025-07-01T17:15:48.638722+00:00,1d5974fd48b84c7994291b887ca03571
2023-09-04,1.99,1.99,ft^3/s,Approved,[],2025-07-01T17:15:48.638722+00:00,1d5974fd48b84c7994291b887ca03571
2023-09-05,1.97,1.97,ft^3/s,Approved,[],2025-07-01T17:15:48.638722+00:00,1d5974fd48b84c7994291b887ca03571
2023-09-06,2.0,2.00,ft^3/s,Approved,[],2025-07-01T17:15:48.638722+00:00,1d5974fd48b84c7994291b887ca03571
2023-09-07,2.0,2.00,ft^3/s,Approved,[],2025-07-01T17:15:48.638722+00:00,1d5974fd48b84c7994291b887ca03571
2023-09-08,1.97,1.97,ft^3/s,Approved,[],2025-07-01T17:15:48.638722+00:00,1d5974fd48b84c7994291b887ca03571
2023-09-09,1.81,1.81,ft^3/s,Approved,[],2025-07-01T17:15:48.638722+00:00,1d5974fd48b84c7994291b887ca03571
2023-09-10,1.93,1.93,ft^3/s,Approved,[],2025-07-01T17:15:48.638722+00:00,1d5974fd48b84c7994291b887ca03571
2023-09-11,1.95,1.95,ft^3/s,Approved,[],2025-07-01T17:15:48.638722+00:00,1d5974fd48b84c7994291b887ca03571
2023-09-12,1.56,1.56,ft^3/s,Approved,[],2025-07-01T17:15:48.638722+00:00,1d5974fd48b84c7994291b887ca03571
2023-09-13,1.2,1.20,ft^3/s,Approved,[],2025-07-01T17:15:48.638722+00:00,1d5974fd48b84c7994291b887ca03571
2023-09-14,277.0,277,ft^3/s,Approved,[],2025-07-01T17:15:48.638722+00:00,1d5974fd48b84c7994291b887ca03571
2023-09-15,169.0,169,ft^3/s,Approved,[],2025-07-01T17:15:48.638722+00:00,1d5974fd48b84c7994291b887ca03571
2023-09-16,183.0,183,ft^3/s,Approved,[],2025-07-01T17:15:48.638722+00:00,1d5974fd48b84c7994291b887ca03571
2023-09-17,116.0,116,ft^3/s,Approved,[],2025-07-01T17:15:48.638722+00:00,1d5974fd48b84c7994291b887ca03571
2023-09-18,50.6,50.6,ft^3/s,Approved,[],2025-07-01T17:15:48.638722+00:00,1d5974fd48b84c7994291b887ca03571
2023-09-19,34.1,34.1,ft^3/s,Approved,[],2025-07-01T17:15:48.638722+00:00,1d5974fd48b84c7994291b887ca03571
2023-09-20,25.8,25.8,ft^3/s,Approved,[],2025-07-01T17:15:48.638722+00:00,1d5974fd48b84c7994291b887ca03571
2023-09-21,21.6,21.6,ft^3/s,Approved,[],2025-07-01T17:15:48.638722+00:00,1d5974fd48b84c7994291b887ca03571
2023-09-22,17.6,17.6,ft^3/s,Approved,[],2025-07-01T17:15:48.638722+00:00,1d5974fd48b84c7994291b887ca03571
2023-09-23,14.4,14.4,ft^3/s,Approved,[],2025-07-01T17:15:48.638722+00:00,1d5974fd48b84c7994291b887ca03571
2023-09-24,87.0,87.0,ft^3/s,Approved,[],2025-07-01T17:15:48.638722+00:00,1d5974fd48b84c7994291b887ca03571
2023-09-25,83.0,83.0,ft^3/s,Approved,[],2025-07-01T17:15:48.638722+00:00,1d5974fd48b84c7994291b887ca03571
2023-09-26,32.3,32.3,ft^3/s,Approved,[],2025-07-01T17:15:48.638722+00:00,1d5974fd48b84c7994291b887ca03571
2023-09-27,24.0,24.0,ft^3/s,Approved,[],2025-07-01T17:15:48.638722+00:00,1d5974fd48b84c7994291b887ca03571
2023-09-28,21.3,21.3,ft^3/s,Approved,[],2025-07-01T17:15:48.638722+00:00,1d5974fd48b84c7994291b887ca03571
2023-09-29,17.1,17.1,ft^3/s,Approved,[],2025-07-01T17:15:48.638722+00:00,1d5974fd48b84c7994291b887ca03571
2023-09-30,13.9,13.9,ft^3/s,Approved,[],2025-07-01T17:15:48.638722+00:00,1d5974fd48b84c7994291b887ca03571
2023-10-01,13.3,13.3,ft^3/s,Approved,[],2025-07-01T17:15:48.638722+00:00,1d5974fd48b84c7994291b887ca03571
2023-10-02,13.8,13.8,ft^3/s,Approved,[],2025-07-01T17:15:48.638722+00:00,1d5974fd48b84c7994291b887ca03571
2023-10-03,12.6,12.6,ft^3/s,Approved,[],2025-07-01T17:15:48.638722+00:00,1d5974fd48b84c7994291b887ca03571
2023-10-04,10.6,10.6,ft^3/s,Approved,[],2025-07-01T17:15:48.638722+00:00,1d5974fd48b84c7994291b887ca03571
2023-10-05,152.0,152,ft^3/s,Approved,[],2025-07-01T17:15:48.638722+00:00,1d5974fd48b84c7994291b887ca03571
2023-10-06,61.4,61.4,ft^3/s,Approved,[],2025-07-01T17:15:48.638722+00:00,1d5974fd48b84c7994291b887ca03571
2023-10-07,38.1,38.1,ft^3/s,Approved,[],2025-07-01T17:15:48.638722+00:00,1d5974fd48b84c7994291b887ca03571
2023-10-08,29.4,29.4,ft^3/s,Approved,[],2025-07-01T17:15:48.638722+00:00,1d5974fd48b84c7994291b887ca03571
2023-10-09,26.0,26.0,ft^3/s,Approved,[],2025-07-01T17:15:48.638722+00:00,1d5974fd48b84c7994291b887ca03571
2023-10-10,23.8,23.8,ft^3/s,Approved,[],2025-07-01T17:15:48.638722+00:00,1d5974fd48b84c7994291b887ca03571
2023-10-11,22.6,22.6,ft^3/s,Approved,[],2025-07-01T17:15:48.638722+00:00,1d5974fd48b84c7994291b887ca03571
2023-10-12,20.9,20.9,ft^3/s,Approved,[],2025-07-01T17:15:48.638722+00:00,1d5974fd48b84c7994291b887ca03571
2023-10-13,20.8,20.8,ft^3/s,Approved,[],2025-07-01T17:15:48.638722+00:00,1d5974fd48b84c7994291b887ca03571
2023-10-14,18.8,18.8,ft^3/s,Approved,[],2025-07-01T17:15:48.638722+00:00,1d5974fd48b84c7994291b887ca03571
2023-10-15,16.8,16.8,ft^3/s,Approved,[],2025-07-01T17:15:48.638722+00:00,1d5974fd48b84c7994291b887ca03571
2023-10-16,15.4,15.4,ft^3/s,Approved,[],2025-07-01T17:15:48.638722+00:00,1d5974fd48b84c7994291b887ca03571
2023-10-17,12.9,12.9,ft^3/s,Approved,[],2025-07-01T17:15:48.638722+00:00,1d5974fd48b84c7994291b887ca03571
2023-10-18,13.9,13.9,ft^3/s,Approved,[],2025-07-01T17:15:48.638722+00:00,1d5974fd48b84c7994291b887ca03571
2023-10-19,12.8,12.8,ft^3/s,Approved,[],2025-07-01T17:15:48.638722+00:00,1d5974fd48b84c7994291b887ca03571
2023-10-20,13.5,13.5,ft^3/s,Approved,[],2025-07-01T17:15:48.638722+00:00,1d5974fd48b84c7994291b887ca03571
2023-10-21,10.4,10.4,ft^3/s,Approved,[],2025-07-01T17:15:48.638722+00:00,1d5974fd48b84c7994291b887ca03571
2023-10-22,9.82,9.82,ft^3/s,Approved,[],2025-07-01T17:15:48.638722+00:00,1d5974fd48b84c7994291b887ca03571
2023-10-23,157.0,157,ft^3/s,Approved,[],2025-07-01T17:15:48.638722+00:00,1d5974fd48b84c7994291b887ca03571
2023-10-24,204.0,204,ft^3/s,Approved,[],2025-07-01T17:15:48.638722+00:00,1d5974fd48b84c7994291b887ca03571
2023-10-25,127.0,127,ft^3/s,Approved,[],2025-07-01T17:15:48.638722+00:00,1d5974fd48b84c7994291b887ca03571
2023-10-26,483.0,483,ft^3/s,Approved,[],2025-07-01T17:15:48.638722+00:00,1d5974fd48b84c7994291b887ca03571
2023-10-27,218.0,218,ft^3/s,Approved,[],2025-07-01T17:15:48.638722+00:00,1d5974fd48b84c7994291b887ca03571
2023-10-28,216.0,216,ft^3/s,Approved,[],2025-07-01T17:15:48.638722+00:00,1d5974fd48b84c7994291b887ca03571
2023-10-29,187.0,187,ft^3/s,Approved,[],2025-07-01T17:15:48.638722+00:00,1d5974fd48b84c7994291b887ca03571
2023-10-30,283.0,283,ft^3/s,Approved,[],2025-07-01T17:15:48.638722+00:00,1d5974fd48b84c7994291b887ca03571
2023-10-31,190.0,190,ft^3/s,Approved,[],2025-07-01T17:15:48.638722+00:00,1d5974fd48b84c7994291b887ca03571
2023-11-01,122.0,122,ft^3/s,Approved,[],2025-07-01T17:15:48.638722+00:00,1d5974fd48b84c7994291b887ca03571
2023-11-02,93.5,93.5,ft^3/s,Approved,[],2025-07-01T17:15:48.638722+00:00,1d5974fd48b84c7994291b887ca03571
2023-11-03,75.8,75.8,ft^3/s,Approved,[],2025-07-01T17:15:48.638722+00:00,1d5974fd48b84c7994291b887ca03571
2023-11-04,65.8,65.8,ft^3/s,Approved,[],2025-07-01T17:15:48.638722+00:00,1d5974fd48b84c7994291b887ca03571
2023-11-05,60.2,60.2,ft^3/s,Approved,[],2025-07-01T17:15:48.638722+00:00,1d5974fd48b84c7994291b887ca03571
2023-11-06,55.2,55.2,ft^3/s,Approved,[],2025-07-01T17:15:48.638722+00:00,1d5974fd48b84c7994291b887ca03571
2023-11-07,49.8,49.8,ft^3/s,Approved,[],2025-07-01T17:15:48.638722+00:00,1d5974fd48b84c7994291b887ca03571
2023-11-08,46.0,46.0,ft^3/s,Approved,[],2025-07-01T17:15:48.638722+00:00,1d5974fd48b84c7994291b887ca03571
2023-11-09,74.8,74.8,ft^3/s,Approved,[],2025-07-01T17:15:48.638722+00:00,1d5974fd48b84c7994291b887ca03571
2023-11-10,236.0,236,ft^3/s,Approved,[],2025-07-01T17:15:48.638722+00:00,1d5974fd48b84c7994291b887ca03571
2023-11-11,148.0,148,ft^3/s,Approved,[],2025-07-01T17:15:48.638722+00:00,1d5974fd48b84c7994291b887ca03571
2023-11-12,103.0,103,ft^3/s,Approved,[],2025-07-01T17:15:48.638722+00:00,1d5974fd48b84c7994291b887ca03571
2023-11-13,88.9,88.9,ft^3/s,Approved,[],2025-07-01T17:15:48.638722+00:00,1d5974fd48b84c7994291b887ca03571
2023-11-14,76.3,76.3,ft^3/s,Approved,[],2025-07-01T17:15:48.638722+00:00,1d5974fd48b84c7994291b887ca03571
2023-11-15,67.5,67.5,ft^3/s,Approved,[],2025-07-01T17:15:48.638722+00:00,1d5974fd48b84c7994291b887ca03571
2023-11-16,62.2,62.2,ft^3/s,Approved,[],2025-07-01T17:15:48.638722+00:00,1d5974fd48b84c7994291b887ca03571
2023-11-17,58.1,58.1,ft^3/s,Approved,[],2025-07-01T17:15:48.638722+00:00,1d5974fd48b84c7994291b887ca03571
2023-11-18,54.5,54.5,ft^3/s,Approved,[],2025-07-01T17:15:48.638722+00:00,1d5974fd48b84c7994291b887ca03571
2023-11-19,52.4,52.4,ft^3/s,Approved,[],2025-07-01T17:15:48.638722+00:00,1d5974fd48b84c7994291b887ca03571
2023-11-20,50.2,50.2,ft^3/s,Approved,[],2025-07-01T17:15:48.638722+00:00,1d5974fd48b84c7994291b887ca03571
2023-11-21,43.1,43.1,ft^3/s,Approved,[],2025-07-01T17:15:48.638722+00:00,1d5974fd48b84c7994291b887ca03571
2023-11-22,41.6,41.6,ft^3/s,Approved,[],2025-07-01T17:15:48.638722+00:00,1d5974fd48b84c7994291b887ca03571
2023-11-23,41.5,41.5,ft^3/s,Approved,[],2025-07-01T17:15:48.638722+00:00,1d5974fd48b84c7994291b887ca03571
2023-11-24,39.9,39.9,ft^3/s,Approved,[],2025-07-01T17:15:48.638722+00:00,1d5974fd48b84c7994291b887ca03571
2023-11-25,38.3,38.3,ft^3/s,Approved,[],2025-07-01T17:15:48.638722+00:00,1d5974fd48b84c7994291b887ca03571
2023-11-26,35.8,35.8,ft^3/s,Approved,[],2025-07-01T17:15:48.638722+00:00,1d5974fd48b84c7994291b887ca03571
2023-11-27,36.3,36.3,ft^3/s,Approved,[],2025-07-01T17:15:48.638722+00:00,1d5974fd48b84c7994291b887ca03571
2023-11-28,34.5,34.5,ft^3/s,Approved,[],2025-07-01T17:15:48.638722+00:00,1d5974fd48b84c7994291b887ca03571
2023-11-29,34.1,34.1,ft^3/s,Approved,[],2025-07-01T17:15:48.638722+00:00,1d5974fd48b84c7994291b887ca03571
2023-11-30,36.1,36.1,ft^3/s,Approved,[],2025-07-01T17:15:48.638722+00:00,1d5974fd48b84c7994291b887ca03571
2023-12-01,35.3,35.3,ft^3/s,Approved,[],2025-07-01T17:15:48.638722+00:00,1d5974fd48b84c7994291b887ca03571
2023-12-02,33.3,33.3,ft^3/s,Approved,[],2025-07-01T17:15:48.638722+00:00,1d5974fd48b84c7994291b887ca03571
2023-12-03,32.4,32.4,ft^3/s,Approved,[],2025-07-01T17:15:48.638722+00:00,1d5974fd48b84c7994291b887ca03571
2023-12-04,31.3,31.3,ft^3/s,Approved,[],2025-07-01T17:15:48.638722+00:00,1d5974fd48b84c7994291b887ca03571
2023-12-05,29.6,29.6,ft^3/s,Approved,[],2025-07-01T17:15:48.638722+00:00,1d5974fd48b84c7994291b887ca03571
2023-12-06,28.1,28.1,ft^3/s,Approved,[],2025-07-01T17:15:48.638722+00:00,1d5974fd48b84c7994291b887ca03571
2023-12-07,26.7,26.7,ft^3/s,Approved,[],2025-07-01T17:15:48.638722+00:00,1d5974fd48b84c7994291b887ca03571
2023-12-08,28.4,28.4,ft^3/s,Approved,[],2025-07-01T17:15:48.638722+00:00,1d5974fd48b84c7994291b887ca03571
2023-12-09,27.5,27.5,ft^3/s,Approved,[],2025-07-01T17:15:48.638722+00:00,1d5974fd48b84c7994291b887ca03571
2023-12-10,25.8,25.8,ft^3/s,Approved,[],2025-07-01T17:15:48.638722+00:00,1d5974fd48b84c7994291b887ca03571
2023-12-11,25.6,25.6,ft^3/s,Approved,[],2025-07-01T17:15:48.638722+00:00,1d5974fd48b84c7994291b887ca03571
2023-12-12,25.3,25.3,ft^3/s,Approved,[],2025-07-01T17:15:48.638722+00:00,1d5974fd48b84c7994291b887ca03571
2023-12-13,25.6,25.6,ft^3/s,Approved,[],2025-07-01T17:15:48.638722+00:00,1d5974fd48b84c7994291b887ca03571
2023-12-14,25.3,25.3,ft^3/s,Approved,[],2025-07-01T17:15:48.638722+00:00,1d5974fd48b84c7994291b887ca03571
2023-12-15,28.2,28.2,ft^3/s,Approved,[],2025-07-01T17:15:48.638722+00:00,1d5974fd48b84c7994291b887ca03571
2023-12-16,29.1,29.1,ft^3/s,Approved,[],2025-07-01T17:15:48.638722+00:00,1d5974fd48b84c7994291b887ca03571
2023-12-17,28.1,28.1,ft^3/s,Approved,[],2025-07-01T17:15:48.638722+00:00,1d5974fd48b84c7994291b887ca03571
2023-12-18,26.6,26.6,ft^3/s,Approved,[],2025-07-01T17:15:48.638722+00:00,1d5974fd48b84c7994291b887ca03571
2023-12-19,25.9,25.9,ft^3/s,Approved,[],2025-07-01T17:15:48.638722+00:00,1d5974fd48b84c7994291b887ca03571
2023-12-20,25.2,25.2,ft^3/s,Approved,[],2025-07-01T17:15:48.638722+00:00,1d5974fd48b84c7994291b887ca03571
2023-12-21,32.2,32.2,ft^3/s,Approved,[],2025-07-01T17:15:48.638722+00:00,1d5974fd48b84c7994291b887ca03571
2023-12-22,46.3,46.3,ft^3/s,Approved,[],2025-07-01T17:15:48.638722+00:00,1d5974fd48b84c7994291b887ca03571
2023-12-23,41.3,41.3,ft^3/s,Approved,[],2025-07-01T17:15:48.638722+00:00,1d5974fd48b84c7994291b887ca03571
2023-12-24,642.0,642,ft^3/s,Approved,[],2025-07-01T17:15:48.638722+00:00,1d5974fd48b84c7994291b887ca03571
2023-12-25,308.0,308,ft^3/s,Approved,[],2025-07-01T17:15:48.638722+00:00,1d5974fd48b84c7994291b887ca03571
2023-12-26,159.0,159,ft^3/s,Approved,[],2025-07-01T17:15:48.638722+00:00,1d5974fd48b84c7994291b887ca03571
2023-12-27,109.0,109,ft^3/s,Approved,[],2025-07-01T17:15:48.638722+00:00,1d5974fd48b84c7994291b887ca03571
2023-12-28,86.7,86.7,ft^3/s,Approved,[],2025-07-01T17:15:48.638722+00:00,1d5974fd48b84c7994291b887ca03571
2023-12-29,72.1,72.1,ft^3/s,Approved,[],2025-07-01T17:15:48.638722+00:00,1d5974fd48b84c7994291b887ca03571
2023-12-30,61.8,61.8,ft^3/s,Approved,[],2025-07-01T17:15:48.638722+00:00,1d5974fd48b84c7994291b887ca03571
2023-12-31,54.7,54.7,ft^3/s,Approved,[],2025-07-01T17:15:48.638722+00:00,1d5974fd48b84c7994291b887ca03571
2024-01-01,45.6,45.6,ft^3/s,Approved,[],2025-07-01T17:15:48.638722+00:00,1d5974fd48b84c7994291b887ca03571
2024-01-02,160.0,160,ft^3/s,Approved,[],2025-07-01T17:15:48.638722+00:00,1d5974fd48b84c7994291b887ca03571
2024-01-03,331.0,331,ft^3/s,Approved,[],2025-07-01T17:15:48.638722+00:00,1d5974fd48b84c7994291b887ca03571
2024-01-04,193.0,193,ft^3/s,Approved,[],2025-07-01T17:15:48.638722+00:00,1d5974fd48b84c7994291b887ca03571
2024-01-05,165.0,165,ft^3/s,Approved,[],2025-07-01T17:15:48.638722+00:00,1d5974fd48b84c7994291b887ca03571
2024-01-06,125.0,125,ft^3/s,Approved,[],2025-07-01T17:15:48.638722+00:00,1d5974fd48b84c7994291b887ca03571
2024-01-07,100.0,100,ft^3/s,Approved,[],2025-07-01T17:15:48.638722+00:00,1d5974fd48b84c7994291b887ca03571
2024-01-08,97.0,97.0,ft^3/s,Approved,[],2025-07-01T17:15:48.638722+00:00,1d5974fd48b84c7994291b887ca03571
2024-01-09,81.4,81.4,ft^3/s,Approved,[],2025-07-01T17:15:48.638722+00:00,1d5974fd48b84c7994291b887ca03571
2024-01-10,74.4,74.4,ft^3/s,Approved,[],2025-07-01T17:15:48.638722+00:00,1d5974fd48b84c7994291b887ca03571
2024-01-11,68.5,68.5,ft^3/s,Approved,[],2025-07-01T17:15:48.638722+00:00,1d5974fd48b84c7994291b887ca03571
2024-01-12,62.7,62.7,ft^3/s,Approved,[],2025-07-01T17:15:48.638722+00:00,1d5974fd48b84c7994291b887ca03571
2024-01-13,58.0,58.0,ft^3/s,Approved,[],2025-07-01T17:15:48.638722+00:00,1d5974fd48b84c7994291b887ca03571
2024-01-14,44.4,44.4,ft^3/s,Approved,[],2025-07-01T17:15:48.638722+00:00,1d5974fd48b84c7994291b887ca03571
2024-01-15,42.8,42.8,ft^3/s,Approved,[],2025-07-01T17:15:48.638722+00:00,1d5974fd48b84c7994291b887ca03571
2024-01-16,41.6,41.6,ft^3/s,Approved,[],2025-07-01T17:15:48.638722+00:00,1d5974fd48b84c7994291b887ca03571
2024-01-17,45.3,45.3,ft^3/s,Approved,[],2025-07-01T17:15:48.638722+00:00,1d5974fd48b84c7994291b887ca03571
2024-01-18,44.6,44.6,ft^3/s,Approved,[],2025-07-01T17:15:48.638722+00:00,1d5974fd48b84c7994291b887ca03571
2024-01-19,36.2,36.2,ft^3/s,Approved,[],2025-07-01T17:15:48.638722+00:00,1d5974fd48b84c7994291b887ca03571
2024-01-20,38.0,38.0,ft^3/s,Approved,[],2025-07-01T17:15:48.638722+00:00,1d5974fd48b84c7994291b887ca03571
2024-01-21,38.2,38.2,ft^3/s,Approved,[],2025-07-01T17:15:48.638722+00:00,1d5974fd48b84c7994291b887ca03571
2024-01-22,1130.0,1130,ft^3/s,Approved,[],2025-07-01T17:15:48.638722+00:00,1d5974fd48b84c7994291b887ca03571
2024-01-23,581.0,581,ft^3/s,Approved,[],2025-07-01T17:15:48.638722+00:00,1d5974fd48b84c7994291b887ca03571
2024-01-24,553.0,553,ft^3/s,Approved,[],2025-07-01T17:15:48.638722+00:00,1d5974fd48b84c7994291b887ca03571
2024-01-25,558.0,558,ft^3/s,Approved,[],2025-07-01T17:15:48.638722+00:00,1d5974fd48b84c7994291b887ca03571
2024-01-26,429.0,429,ft^3/s,Approved,[],2025-07-01T17:15:48.638722+00:00,1d5974fd48b84c7994291b887ca03571
2024-01-27,318.0,318,ft^3/s,Approved,[],2025-07-01T17:15:48.638722+00:00,1d5974fd48b84c7994291b887ca03571
2024-01-28,203.0,203,ft^3/s,Approved,[],2025-07-01T17:15:48.638722+00:00,1d5974fd48b84c7994291b887ca03571
2024-01-29,163.0,163,ft^3/s,Approved,[],2025-07-01T17:15:48.638722+00:00,1d5974fd48b84c7994291b887ca03571
2024-01-30,140.0,140,ft^3/s,Approved,[],2025-07-01T17:15:48.638722+00:00,1d5974fd48b84c7994291b887ca03571
2024-01-31,124.0,124,ft^3/s,Approved,[],2025-07-01T17:15:48.638722+00:00,1d5974fd48b84c7994291b887ca03571
2024-02-01,113.0,113,ft^3/s,Approved,[],2025-07-01T17:15:48.638722+00:00,1d5974fd48b84c7994291b887ca03571
2024-02-02,109.0,109,ft^3/s,Approved,[],2025-07-01T17:15:48.638722+00:00,1d5974fd48b84c7994291b887ca03571
2024-02-03,116.0,116,ft^3/s,Approved,[],2025-07-01T17:15:48.638722+00:00,1d5974fd48b84c7994291b887ca03571
2024-02-04,102.0,102,ft^3/s,Approved,[],2025-07-01T17:15:48.638722+00:00,1d5974fd48b84c7994291b887ca03571
2024-02-05,86.9,86.9,ft^3/s,Approved,[],2025-07-01T17:15:48.638722+00:00,1d5974fd48b84c7994291b887ca03571
2024-02-06,83.0,83.0,ft^3/s,Approved,[],2025-07-01T17:15:48.638722+00:00,1d5974fd48b84c7994291b887ca03571
2024-02-07,78.7,78.7,ft^3/s,Approved,[],2025-07-01T17:15:48.638722+00:00,1d5974fd48b84c7994291b887ca03571
2024-02-08,75.0,75.0,ft^3/s,Approved,[],2025-07-01T17:15:48.638722+00:00,1d5974fd48b84c7994291b887ca03571
2024-02-09,71.7,71.7,ft^3/s,Approved,[],2025-07-01T17:15:48.638722+00:00,1d5974fd48b84c7994291b887ca03571
2024-02-10,168.0,168,ft^3/s,Approved,[],2025-07-01T17:15:48.638722+00:00,1d5974fd48b84c7994291b887ca03571
2024-02-11,274.0,274,ft^3/s,Approved,[],2025-07-01T17:15:48.638722+00:00,1d5974fd48b84c7994291b887ca03571
2024-02-12,160.0,160,ft^3/s,Approved,[],2025-07-01T17:15:48.638722+00:00,1d5974fd48b84c7994291b887ca03571
2024-02-13,120.0,120,ft^3/s,Approved,[],2025-07-01T17:15:48.638722+00:00,1d5974fd48b84c7994291b887ca03571
2024-02-14,103.0,103,ft^3/s,Approved,[],2025-07-01T17:15:48.638722+00:00,1d5974fd48b84c7994291b887ca03571
2024-02-15,92.9,92.9,ft^3/s,Approved,[],2025-07-01T17:15:48.638722+00:00,1d5974fd48b84c7994291b887ca03571
2024-02-16,86.1,86.1,ft^3/s,Approved,"[""ESTIMATED""]",2025-07-01T17:15:48.638722+00:00,1d5974fd48b84c7994291b887ca03571
2024-02-17,75.3,75.3,ft^3/s,Approved,"[""ESTIMATED""]",2025-07-01T17:15:48.638722+00:00,1d5974fd48b84c7994291b887ca03571
2024-02-18,72.5,72.5,ft^3/s,Approved,[],2025-09-02T15:32:16.761021+00:00,1d5974fd48b84c7994291b887ca03571
2024-02-19,69.6,69.6,ft^3/s,Approved,[],2025-07-01T17:15:48.638722+00:00,1d5974fd48b84c7994291b887ca03571
2024-02-20,67.2,67.2,ft^3/s,Approved,[],2025-07-01T17:15:48.638722+00:00,1d5974fd48b84c7994291b887ca03571
2024-02-21,64.1,64.1,ft^3/s,Approved,[],2025-07-01T17:15:48.638722+00:00,1d5974fd48b84c7994291b887ca03571
2024-02-22,61.5,61.5,ft^3/s,Approved,[],2025-07-01T17:15:48.638722+00:00,1d5974fd48b84c7994291b887ca03571
2024-02-23,56.2,56.2,ft^3/s,Approved,[],2025-07-01T17:15:48.638722+00:00,1d5974fd48b84c7994291b887ca03571
2024-02-24,53.2,53.2,ft^3/s,Approved,[],2025-07-01T17:15:48.638722+00:00,1d5974fd48b84c7994291b887ca03571
2024-02-25,50.6,50.6,ft^3/s,Approved,[],2025-07-01T17:15:48.638722+00:00,1d5974fd48b84c7994291b887ca03571
2024-02-26,50.7,50.7,ft^3/s,Approved,[],2025-07-01T17:15:48.638722+00:00,1d5974fd48b84c7994291b887ca03571
2024-02-27,49.3,49.3,ft^3/s,Approved,[],2025-07-01T17:15:48.638722+00:00,1d5974fd48b84c7994291b887ca03571
2024-02-28,47.1,47.1,ft^3/s,Approved,"[""ESTIMATED""]",2025-07-01T17:15:48.638722+00:00,1d5974fd48b84c7994291b887ca03571
2024-02-29,43.3,43.3,ft^3/s,Approved,"[""ESTIMATED""]",2025-07-01T17:15:48.638722+00:00,1d5974fd48b84c7994291b887ca03571
2024-03-01,42.5,42.5,ft^3/s,Approved,[],2025-09-02T15:32:16.761021+00:00,1d5974fd48b84c7994291b887ca03571
2024-03-02,41.4,41.4,ft^3/s,Approved,[],2025-07-01T17:15:48.638722+00:00,1d5974fd48b84c7994291b887ca03571
2024-03-03,40.5,40.5,ft^3/s,Approved,[],2025-07-01T17:15:48.638722+00:00,1d5974fd48b84c7994291b887ca03571
2024-03-04,39.2,39.2,ft^3/s,Approved,[],2025-07-01T17:15:48.638722+00:00,1d5974fd48b84c7994291b887ca03571
2024-03-05,37.3,37.3,ft^3/s,Approved,[],2025-07-01T17:15:48.638722+00:00,1d5974fd48b84c7994291b887ca03571
2024-03-06,36.3,36.3,ft^3/s,Approved,[],2025-07-01T17:15:48.638722+00:00,1d5974fd48b84c7994291b887ca03571
2024-03-07,37.1,37.1,ft^3/s,Approved,[],2025-07-01T17:15:48.638722+00:00,1d5974fd48b84c7994291b887ca03571
2024-03-08,72.5,72.5,ft^3/s,Approved,[],2025-07-01T17:15:48.638722+00:00,1d5974fd48b84c7994291b887ca03571
2024-03-09,53.5,53.5,ft^3/s,Approved,[],2025-07-01T17:15:48.638722+00:00,1d5974fd48b84c7994291b887ca03571
2024-03-10,48.7,48.7,ft^3/s,Approved,[],2025-07-01T17:15:48.638722+00:00,1d5974fd48b84c7994291b887ca03571
2024-03-11,42.7,42.7,ft^3/s,Approved,[],2025-07-01T17:15:48.638722+00:00,1d5974fd48b84c7994291b887ca03571
2024-03-12,40.5,40.5,ft^3/s,Approved,[],2025-07-01T17:15:48.638722+00:00,1d5974fd48b84c7994291b887ca03571
2024-03-13,37.8,37.8,ft^3/s,Approved,[],2025-07-01T17:15:48.638722+00:00,1d5974fd48b84c7994291b887ca03571
2024-03-14,37.8,37.8,ft^3/s,Approved,[],2025-07-01T17:15:48.638722+00:00,1d5974fd48b84c7994291b887ca03571
2024-03-15,64.4,64.4,ft^3/s,Approved,[],2025-07-01T17:15:48.638722+00:00,1d5974fd48b84c7994291b887ca03571
2024-03-16,58.5,58.5,ft^3/s,Approved,[],2025-07-01T17:15:48.638722+00:00,1d5974fd48b84c7994291b887ca03571
2024-03-17,102.0,102,ft^3/s,Approved,[],2025-07-01T17:15:48.638722+00:00,1d5974fd48b84c7994291b887ca03571
2024-03-18,74.0,74.0,ft^3/s,Approved,[],2025-07-01T17:15:48.638722+00:00,1d5974fd48b84c7994291b887ca03571
2024-03-19,57.2,57.2,ft^3/s,Approved,[],2025-07-01T17:15:48.638722+00:00,1d5974fd48b84c7994291b887ca03571
2024-03-20,50.8,50.8,ft^3/s,Approved,[],2025-07-01T17:15:48.638722+00:00,1d5974fd48b84c7994291b887ca03571
2024-03-21,51.6,51.6,ft^3/s,Approved,[],2025-07-01T17:15:48.638722+00:00,1d5974fd48b84c7994291b887ca03571
2024-03-22,49.9,49.9,ft^3/s,Approved,[],2025-07-01T17:15:48.638722+00:00,1d5974fd48b84c7994291b887ca03571
2024-03-23,43.4,43.4,ft^3/s,Approved,[],2025-07-01T17:15:48.638722+00:00,1d5974fd48b84c7994291b887ca03571
2024-03-24,42.5,42.5,ft^3/s,Approved,[],2025-07-01T17:15:48.638722+00:00,1d5974fd48b84c7994291b887ca03571
2024-03-25,57.1,57.1,ft^3/s,Approved,[],2025-07-01T17:15:48.638722+00:00,1d5974fd48b84c7994291b887ca03571
2024-03-26,50.9,50.9,ft^3/s,Approved,[],2025-07-01T17:15:48.638722+00:00,1d5974fd48b84c7994291b887ca03571
2024-03-27,46.0,46.0,ft^3/s,Approved,[],2025-07-01T17:15:48.638722+00:00,1d5974fd48b84c7994291b887ca03571
2024-03-28,42.5,42.5,ft^3/s,Approved,[],2025-07-01T17:15:48.638722+00:00,1d5974fd48b84c7994291b887ca03571
2024-03-29,39.8,39.8,ft^3/s,Approved,[],2025-07-01T17:15:48.638722+00:00,1d5974fd48b84c7994291b887ca03571
2024-03-30,38.4,38.4,ft^3/s,Approved,[],2025-07-01T17:15:48.638722+00:00,1d5974fd48b84c7994291b887ca03571
2024-03-31,36.9,36.9,ft^3/s,Approved,[],2025-07-01T17:15:48.638722+00:00,1d5974fd48b84c7994291b887ca03571
2024-04-01,37.9,37.9,ft^3/s,Approved,[],2025-07-01T17:15:48.638722+00:00,1d5974fd48b84c7994291b887ca03571
2024-04-02,46.2,46.2,ft^3/s,Approved,[],2025-07-01T17:15:48.638722+00:00,1d5974fd48b84c7994291b887ca03571
2024-04-03,39.4,39.4,ft^3/s,Approved,[],2025-07-01T17:15:48.638722+00:00,1d5974fd48b84c7994291b887ca03571
2024-04-04,34.8,34.8,ft^3/s,Approved,[],2025-07-01T17:15:48.638722+00:00,1d5974fd48b84c7994291b887ca03571
2024-04-05,29.9,29.9,ft^3/s,Approved,[],2025-07-01T17:15:48.638722+00:00,1d5974fd48b84c7994291b887ca03571
2024-04-06,29.3,29.3,ft^3/s,Approved,[],2025-07-01T17:15:48.638722+00:00,1d5974fd48b84c7994291b887ca03571
2024-04-07,28.8,28.8,ft^3/s,Approved,[],2025-07-01T17:15:48.638722+00:00,1d5974fd48b84c7994291b887ca03571
2024-04-08,90.6,90.6,ft^3/s,Approved,[],2025-07-01T17:15:48.638722+00:00,1d5974fd48b84c7994291b887ca03571
2024-04-09,183.0,183,ft^3/s,Approved,[],2025-07-01T17:15:48.638722+00:00,1d5974fd48b84c7994291b887ca03571
2024-04-10,301.0,301,ft^3/s,Approved,[],2025-07-01T17:15:48.638722+00:00,1d5974fd48b84c7994291b887ca03571
2024-04-11,137.0,137,ft^3/s,Approved,[],2025-07-01T17:15:48.638722+00:00,1d5974fd48b84c7994291b887ca03571
2024-04-12,80.8,80.8,ft^3/s,Approved,[],2025-07-01T17:15:48.638722+00:00,1d5974fd48b84c7994291b887ca03571
2024-04-13,60.8,60.8,ft^3/s,Approved,[],2025-07-01T17:15:48.638722+00:00,1d5974fd48b84c7994291b887ca03571
2024-04-14,51.7,51.7,ft^3/s,Approved,[],2025-07-01T17:15:48.638722+00:00,1d5974fd48b84c7994291b887ca03571
2024-04-15,46.4,46.4,ft^3/s,Approved,[],2025-07-01T17:15:48.638722+00:00,1d5974fd48b84c7994291b887ca03571
2024-04-16,43.2,43.2,ft^3/s,Approved,[],2025-07-01T17:15:48.638722+00:00,1d5974fd48b84c7994291b887ca03571
2024-04-17,40.5,40.5,ft^3/s,Approved,[],2025-07-01T17:15:48.638722+00:00,1d5974fd48b84c7994291b887ca03571
2024-04-18,37.9,37.9,ft^3/s,Approved,[],2025-07-01T17:15:48.638722+00:00,1d5974fd48b84c7994291b887ca03571
2024-04-19,37.8,37.8,ft^3/s,Approved,[],2025-07-01T17:15:48.638722+00:00,1d5974fd48b84c7994291b887ca03571
2024-04-20,47.6,47.6,ft^3/s,Approved,[],2025-07-01T17:15:48.638722+00:00,1d5974fd48b84c7994291b887ca03571
2024-04-21,74.9,74.9,ft^3/s,Approved,[],2025-07-01T17:15:48.638722+00:00,1d5974fd48b84c7994291b887ca03571
2024-04-22,51.6,51.6,ft^3/s,Approved,[],2025-07-01T17:15:48.638722+00:00,1d5974fd48b84c7994291b887ca03571
2024-04-23,43.0,43.0,ft^3/s,Approved,[],2025-07-01T17:15:48.638722+00:00,1d5974fd48b84c7994291b887ca03571
2024-04-24,39.0,39.0,ft^3/s,Approved,[],2025-07-01T17:15:48.638722+00:00,1d5974fd48b84c7994291b887ca03571
2024-04-25,35.2,35.2,ft^3/s,Approved,[],2025-07-01T17:15:48.638722+00:00,1d5974fd48b84c7994291b887ca03571
2024-04-26,33.2,33.2,ft^3/s,Approved,[],2025-07-01T17:15:48.638722+00:00,1d5974fd48b84c7994291b887ca03571
2024-04-27,30.7,30.7,ft^3/s,Approved,[],2025-07-01T17:15:48.638722+00:00,1d5974fd48b84c7994291b887ca03571
2024-04-28,273.0,273,ft^3/s,Approved,[],2025-07-01T17:15:48.638722+00:00,1d5974fd48b84c7994291b887ca03571
2024-04-29,231.0,231,ft^3/s,Approved,[],2025-07-01T17:15:48.638722+00:00,1d5974fd48b84c7994291b887ca03571
2024-04-30,112.0,112,ft^3/s,Approved,[],2025-07-01T17:15:48.638722+00:00,1d5974fd48b84c7994291b887ca03571
2024-05-01,214.0,214,ft^3/s,Approved,[],2025-07-01T17:15:48.638722+00:00,1d5974fd48b84c7994291b887ca03571
2024-05-02,189.0,189,ft^3/s,Approved,[],2025-07-01T17:15:48.638722+00:00,1d5974fd48b84c7994291b887ca03571
2024-05-03,111.0,111,ft^3/s,Approved,[],2025-07-01T17:15:48.638722+00:00,1d5974fd48b84c7994291b887ca03571
2024-05-04,85.1,85.1,ft^3/s,Approved,[],2025-07-01T17:15:48.638722+00:00,1d5974fd48b84c7994291b887ca03571
2024-05-05,521.0,521,ft^3/s,Approved,[],2025-07-01T17:15:48.638722+00:00,1d5974fd48b84c7994291b887ca03571
2024-05-06,276.0,276,ft^3/s,Approved,[],2025-07-01T17:15:48.638722+00:00,1d5974fd48b84c7994291b887ca03571
2024-05-07,163.0,163,ft^3/s,Approved,[],2025-07-01T17:15:48.638722+00:00,1d5974fd48b84c7994291b887ca03571
2024-05-08,119.0,119,ft^3/s,Approved,[],2025-07-01T17:15:48.638722+00:00,1d5974fd48b84c7994291b887ca03571
2024-05-09,94.8,94.8,ft^3/s,Approved,[],2025-07-01T17:15:48.638722+00:00,1d5974fd48b84c7994291b887ca03571
2024-05-10,75.2,75.2,ft^3/s,Approved,[],2025-07-01T17:15:48.638722+00:00,1d5974fd48b84c7994291b887ca03571
2024-05-11,65.4,65.4,ft^3/s,Approved,[],2025-07-01T17:15:48.638722+00:00,1d5974fd48b84c7994291b887ca03571
2024-05-12,63.1,63.1,ft^3/s,Approved,[],2025-07-01T17:15:48.638722+00:00,1d5974fd48b84c7994291b887ca03571
2024-05-13,63.7,63.7,ft^3/s,Approved,[],2025-07-01T17:15:48.638722+00:00,1d5974fd48b84c7994291b887ca03571
2024-05-14,74.7,74.7,ft^3/s,Approved,[],2025-07-01T17:15:48.638722+00:00,1d5974fd48b84c7994291b887ca03571
2024-05-15,59.5,59.5,ft^3/s,Approved,[],2025-07-01T17:15:48.638722+00:00,1d5974fd48b84c7994291b887ca03571
2024-05-16,588.0,588,ft^3/s,Approved,[],2025-07-01T17:15:48.638722+00:00,1d5974fd48b84c7994291b887ca03571
2024-05-17,706.0,706,ft^3/s,Approved,[],2025-07-01T17:15:48.638722+00:00,1d5974fd48b84c7994291b887ca03571
2024-05-18,459.0,459,ft^3/s,Approved,[],2025-07-01T17:15:48.638722+00:00,1d5974fd48b84c7994291b887ca03571
2024-05-19,239.0,239,ft^3/s,Approved,[],2025-07-01T17:15:48.638722+00:00,1d5974fd48b84c7994291b887ca03571
2024-05-20,134.0,134,ft^3/s,Approved,[],2025-07-01T17:15:48.638722+00:00,1d5974fd48b84c7994291b887ca03571
2024-05-21,106.0,106,ft^3/s,Approved,[],2025-07-01T17:15:48.638722+00:00,1d5974fd48b84c7994291b887ca03571
2024-05-22,90.7,90.7,ft^3/s,Approved,[],2025-07-01T17:15:48.638722+00:00,1d5974fd48b84c7994291b887ca03571
2024-05-23,81.6,81.6,ft^3/s,Approved,[],2025-07-01T17:15:48.638722+00:00,1d5974fd48b84c7994291b887ca03571
2024-05-24,71.6,71.6,ft^3/s,Approved,[],2025-07-01T17:15:48.638722+00:00,1d5974fd48b84c7994291b887ca03571
2024-05-25,63.3,63.3,ft^3/s,Approved,[],2025-07-01T17:15:48.638722+00:00,1d5974fd48b84c7994291b887ca03571
2024-05-26,55.9,55.9,ft^3/s,Approved,[],2025-07-01T17:15:48.638722+00:00,1d5974fd48b84c7994291b887ca03571
2024-05-27,49.5,49.5,ft^3/s,Approved,[],2025-07-01T17:15:48.638722+00:00,1d5974fd48b84c7994291b887ca03571
2024-05-28,49.9,49.9,ft^3/s,Approved,"[""ESTIMATED""]",2025-07-01T17:15:48.638722+00:00,1d5974fd48b84c7994291b887ca03571
2024-05-29,195.0,195,ft^3/s,Approved,[],2025-09-02T15:32:16.761021+00:00,1d5974fd48b84c7994291b887ca03571
2024-05-30,97.9,97.9,ft^3/s,Approved,[],2025-07-01T17:15:48.638722+00:00,1d5974fd48b84c7994291b887ca03571
2024-05-31,541.0,541,ft^3/s,Approved,[],2025-07-01T17:15:48.638722+00:00,1d5974fd48b84c7994291b887ca03571
2024-06-01,326.0,326,ft^3/s,Approved,[],2025-07-01T17:15:48.638722+00:00,1d5974fd48b84c7994291b887ca03571
2024-06-02,149.0,149,ft^3/s,Approved,[],2025-07-01T17:15:48.638722+00:00,1d5974fd48b84c7994291b887ca03571
2024-06-03,102.0,102,ft^3/s,Approved,[],2025-07-01T17:15:48.638722+00:00,1d5974fd48b84c7994291b887ca03571
2024-06-04,80.8,80.8,ft^3/s,Approved,[],2025-07-01T17:15:48.638722+00:00,1d5974fd48b84c7994291b887ca03571
2024-06-05,69.7,69.7,ft^3/s,Approved,[],2025-07-01T17:15:48.638722+00:00,1d5974fd48b84c7994291b887ca03571
2024-06-06,59.3,59.3,ft^3/s,Approved,[],2025-07-01T17:15:48.638722+00:00,1d5974fd48b84c7994291b887ca03571
2024-06-07,49.5,49.5,ft^3/s,Approved,[],2025-07-01T17:15:48.638722+00:00,1d5974fd48b84c7994291b887ca03571
2024-06-08,42.7,42.7,ft^3/s,Approved,[],2025-07-01T17:15:48.638722+00:00,1d5974fd48b84c7994291b887ca03571
2024-06-09,37.7,37.7,ft^3/s,Approved,[],2025-07-01T17:15:48.638722+00:00,1d5974fd48b84c7994291b887ca03571
2024-06-10,34.3,34.3,ft^3/s,Approved,[],2025-07-01T17:15:48.638722+00:00,1d5974fd48b84c7994291b887ca03571
2024-06-11,112.0,112,ft^3/s,Approved,[],2025-07-01T17:15:48.638722+00:00,1d5974fd48b84c7994291b887ca03571
2024-06-12,108.0,108,ft^3/s,Approved,[],2025-07-01T17:15:48.638722+00:00,1d5974fd48b84c7994291b887ca03571
2024-06-13,63.4,63.4,ft^3/s,Approved,[],2025-07-01T17:15:48.638722+00:00,1d5974fd48b84c7994291b887ca03571
2024-06-14,46.5,46.5,ft^3/s,Approved,[],2025-07-01T17:15:48.638722+00:00,1d5974fd48b84c7994291b887ca03571
2024-06-15,37.0,37.0,ft^3/s,Approved,[],2025-07-01T17:15:48.638722+00:00,1d5974fd48b84c7994291b887ca03571
2024-06-16,32.1,32.1,ft^3/s,Approved,[],2025-07-01T17:15:48.638722+00:00,1d5974fd48b84c7994291b887ca03571
2024-06-17,28.3,28.3,ft^3/s,Approved,[],2025-07-01T17:15:48.638722+00:00,1d5974fd48b84c7994291b887ca03571
2024-06-18,25.4,25.4,ft^3/s,Approved,[],2025-07-01T17:15:48.638722+00:00,1d5974fd48b84c7994291b887ca03571
2024-06-19,106.0,106,ft^3/s,Approved,[],2025-07-01T17:15:48.638722+00:00,1d5974fd48b84c7994291b887ca03571
2024-06-20,162.0,162,ft^3/s,Approved,[],2025-07-01T17:15:48.638722+00:00,1d5974fd48b84c7994291b887ca03571
2024-06-21,84.1,84.1,ft^3/s,Approved,[],2025-07-01T17:15:48.638722+00:00,1d5974fd48b84c7994291b887ca03571
2024-06-22,55.8,55.8,ft^3/s,Approved,[],2025-07-01T17:15:48.638722+00:00,1d5974fd48b84c7994291b887ca03571
2024-06-23,42.2,42.2,ft^3/s,Approved,[],2025-07-01T17:15:48.638722+00:00,1d5974fd48b84c7994291b887ca03571
2024-06-24,36.5,36.5,ft^3/s,Approved,[],2025-07-01T17:15:48.638722+00:00,1d5974fd48b84c7994291b887ca03571
2024-06-25,32.9,32.9,ft^3/s,Approved,[],2025-07-01T17:15:48.638722+00:00,1d5974fd48b84c7994291b887ca03571
2024-06-26,28.6,28.6,ft^3/s,Approved,[],2025-07-01T17:15:48.638722+00:00,1d5974fd48b84c7994291b887ca03571
2024-06-27,25.6,25.6,ft^3/s,Approved,[],2025-07-01T17:15:48.638722+00:00,1d5974fd48b84c7994291b887ca03571
2024-06-28,23.7,23.7,ft^3/s,Approved,[],2025-07-01T17:15:48.638722+00:00,1d5974fd48b84c7994291b887ca03571
2024-06-29,22.0,22.0,ft^3/s,Approved,[],2025-07-01T17:15:48.638722+00:00,1d5974fd48b84c7994291b887ca03571
2024-06-30,20.8,20.8,ft^3/s,Approved,[],2025-07-01T17:15:48.638722+00:00,1d5974fd48b84c7994291b887ca03571
2024-07-01,18.9,18.9,ft^3/s,Approved,[],2025-07-01T17:15:48.638722+00:00,1d5974fd48b84c7994291b887ca03571
2024-07-02,17.7,17.7,ft^3/s,Approved,[],2025-07-01T17:15:48.638722+00:00,1d5974fd48b84c7994291b887ca03571
2024-07-03,16.6,16.6,ft^3/s,Approved,[],2025-07-01T17:15:48.638722+00:00,1d5974fd48b84c7994291b887ca03571
2024-07-04,15.2,15.2,ft^3/s,Approved,[],2025-07-01T17:15:48.638722+00:00,1d5974fd48b84c7994291b887ca03571
2024-07-05,14.6,14.6,ft^3/s,Approved,[],2025-07-01T17:15:48.638722+00:00,1d5974fd48b84c7994291b887ca03571
2024-07-06,18.5,18.5,ft^3/s,Approved,[],2025-07-01T17:15:48.638722+00:00,1d5974fd48b84c7994291b887ca03571
2024-07-07,235.0,235,ft^3/s,Approved,[],2025-07-01T17:15:48.638722+00:00,1d5974fd48b84c7994291b887ca03571
2024-07-08,138.0,138,ft^3/s,Approved,[],2025-07-01T17:15:48.638722+00:00,1d5974fd48b84c7994291b887ca03571
2024-07-09,68.2,68.2,ft^3/s,Approved,[],2025-07-01T17:15:48.638722+00:00,1d5974fd48b84c7994291b887ca03571
2024-07-10,34.5,34.5,ft^3/s,Approved,[],2025-07-01T17:15:48.638722+00:00,1d5974fd48b84c7994291b887ca03571
2024-07-11,26.5,26.5,ft^3/s,Approved,[],2025-07-01T17:15:48.638722+00:00,1d5974fd48b84c7994291b887ca03571
2024-07-12,23.2,23.2,ft^3/s,Approved,[],2025-07-01T17:15:48.638722+00:00,1d5974fd48b84c7994291b887ca03571
2024-07-13,21.6,21.6,ft^3/s,Approved,[],2025-07-01T17:15:48.638722+00:00,1d5974fd48b84c7994291b887ca03571
2024-07-14,20.5,20.5,ft^3/s,Approved,[],2025-07-01T17:15:48.638722+00:00,1d5974fd48b84c7994291b887ca03571
2024-07-15,18.0,18.0,ft^3/s,Approved,[],2025-07-01T17:15:48.638722+00:00,1d5974fd48b84c7994291b887ca03571
2024-07-16,16.0,16.0,ft^3/s,Approved,[],2025-07-01T17:15:48.638722+00:00,1d5974fd48b84c7994291b887ca03571
2024-07-17,13.6,13.6,ft^3/s,Approved,[],2025-07-01T17:15:48.638722+00:00,1d5974fd48b84c7994291b887ca03571
2024-07-18,40.9,40.9,ft^3/s,Approved,[],2025-07-01T17:15:48.638722+00:00,1d5974fd48b84c7994291b887ca03571
2024-07-19,27.6,27.6,ft^3/s,Approved,[],2025-07-01T17:15:48.638722+00:00,1d5974fd48b84c7994291b887ca03571
2024-07-20,20.9,20.9,ft^3/s,Approved,[],2025-07-01T17:15:48.638722+00:00,1d5974fd48b84c7994291b887ca03571
2024-07-21,18.4,18.4,ft^3/s,Approved,[],2025-07-01T17:15:48.638722+00:00,1d5974fd48b84c7994291b887ca03571
2024-07-22,34.2,34.2,ft^3/s,Approved,[],2025-07-01T17:15:48.638722+00:00,1d5974fd48b84c7994291b887ca03571
2024-07-23,199.0,199,ft^3/s,Approved,[],2025-07-01T17:15:48.638722+00:00,1d5974fd48b84c7994291b887ca03571
2024-07-24,200.0,200,ft^3/s,Approved,[],2025-07-01T17:15:48.638722+00:00,1d5974fd48b84c7994291b887ca03571
2024-07-25,94.0,94.0,ft^3/s,Approved,[],2025-07-01T17:15:48.638722+00:00,1d5974fd48b84c7994291b887ca03571
2024-07-26,59.1,59.1,ft^3/s,Approved,[],2025-07-01T17:15:48.638722+00:00,1d5974fd48b84c7994291b887ca03571
2024-07-27,42.6,42.6,ft^3/s,Approved,[],2025-07-01T17:15:48.638722+00:00,1d5974fd48b84c7994291b887ca03571
2024-07-28,40.0,40.0,ft^3/s,Approved,[],2025-07-01T17:15:48.638722+00:00,1d5974fd48b84c7994291b887ca03571
2024-07-29,41.1,41.1,ft^3/s,Approved,[],2025-07-01T17:15:48.638722+00:00,1d5974fd48b84c7994291b887ca03571
2024-07-30,31.8,31.8,ft^3/s,Approved,[],2025-07-01T17:15:48.638722+00:00,1d5974fd48b84c7994291b887ca03571
2024-07-31,26.8,26.8,ft^3/s,Approved,[],2025-07-01T17:15:48.638722+00:00,1d5974fd48b84c7994291b887ca03571
2024-08-01,23.7,23.7,ft^3/s,Approved,[],2025-07-01T17:15:48.638722+00:00,1d5974fd48b84c7994291b887ca03571
2024-08-02,22.7,22.7,ft^3/s,Approved,[],2025-07-01T17:15:48.638722+00:00,1d5974fd48b84c7994291b887ca03571
2024-08-03,20.9,20.9,ft^3/s,Approved,[],2025-07-01T17:15:48.638722+00:00,1d5974fd48b84c7994291b887ca03571
2024-08-04,22.4,22.4,ft^3/s,Approved,[],2025-07-01T17:15:48.638722+00:00,1d5974fd48b84c7994291b887ca03571
2024-08-05,29.3,29.3,ft^3/s,Approved,[],2025-07-01T17:15:48.638722+00:00,1d5974fd48b84c7994291b887ca03571
2024-08-06,25.9,25.9,ft^3/s,Approved,[],2025-07-01T17:15:48.638722+00:00,1d5974fd48b84c7994291b887ca03571
2024-08-07,21.1,21.1,ft^3/s,Approved,[],2025-07-01T17:15:48.638722+00:00,1d5974fd48b84c7994291b887ca03571
2024-08-08,18.3,18.3,ft^3/s,Approved,[],2025-07-01T17:15:48.638722+00:00,1d5974fd48b84c7994291b887ca03571
2024-08-09,19.1,19.1,ft^3/s,Approved,[],2025-07-01T17:15:48.638722+00:00,1d5974fd48b84c7994291b887ca03571
2024-08-10,20.1,20.1,ft^3/s,Approved,[],2025-07-01T17:15:48.638722+00:00,1d5974fd48b84c7994291b887ca03571
2024-08-11,16.4,16.4,ft^3/s,Approved,[],2025-07-01T17:15:48.638722+00:00,1d5974fd48b84c7994291b887ca03571
2024-08-12,15.4,15.4,ft^3/s,Approved,[],2025-07-01T17:15:48.638722+00:00,1d5974fd48b84c7994291b887ca03571
2024-08-13,13.4,13.4,ft^3/s,Approved,[],2025-07-01T17:15:48.638722+00:00,1d5974fd48b84c7994291b887ca03571
2024-08-14,13.6,13.6,ft^3/s,Approved,[],2025-07-01T17:15:48.638722+00:00,1d5974fd48b84c7994291b887ca03571
2024-08-15,10.9,10.9,ft^3/s,Approved,[],2025-07-01T17:15:48.638722+00:00,1d5974fd48b84c7994291b887ca03571
2024-08-16,11.2,11.2,ft^3/s,Approved,[],2025-07-01T17:15:48.638722+00:00,1d5974fd48b84c7994291b887ca03571
2024-08-17,9.57,9.57,ft^3/s,Approved,[],2025-07-01T17:15:48.638722+00:00,1d5974fd48b84c7994291b887ca03571
2024-08-18,9.79,9.79,ft^3/s,Approved,[],2025-07-01T17:15:48.638722+00:00,1d5974fd48b84c7994291b887ca03571
2024-08-19,8.86,8.86,ft^3/s,Approved,[],2025-07-01T17:15:48.638722+00:00,1d5974fd48b84c7994291b887ca03571
2024-08-20,8.46,8.46,ft^3/s,Approved,[],2025-07-01T17:15:48.638722+00:00,1d5974fd48b84c7994291b887ca03571
2024-08-21,6.48,6.48,ft^3/s,Approved,[],2025-07-01T17:15:48.638722+00:00,1d5974fd48b84c7994291b887ca03571
2024-08-22,6.19,6.19,ft^3/s,Approved,[],2025-07-01T17:15:48.638722+00:00,1d5974fd48b84c7994291b887ca03571
2024-08-23,5.74,5.74,ft^3/s,Approved,[],2025-07-01T17:15:48.638722+00:00,1d5974fd48b84c7994291b887ca03571
2024-08-24,4.76,4.76,ft^3/s,Approved,[],2025-07-01T17:15:48.638722+00:00,1d5974fd48b84c7994291b887ca03571
2024-08-25,5.48,5.48,ft^3/s,Approved,[],2025-07-01T17:15:48.638722+00:00,1d5974fd48b84c7994291b887ca03571
2024-08-26,32.5,32.5,ft^3/s,Approved,[],2025-07-01T17:15:48.638722+00:00,1d5974fd48b84c7994291b887ca03571
2024-08-27,62.8,62.8,ft^3/s,Approved,[],2025-07-01T17:15:48.638722+00:00,1d5974fd48b84c7994291b887ca03571
2024-08-28,42.8,42.8,ft^3/s,Approved,[],2025-07-01T17:15:48.638722+00:00,1d5974fd48b84c7994291b887ca03571
2024-08-29,27.1,27.1,ft^3/s,Approved,[],2025-07-01T17:15:48.638722+00:00,1d5974fd48b84c7994291b887ca03571
2024-08-30,17.2,17.2,ft^3/s,Approved,[],2025-07-01T17:15:48.638722+00:00,1d5974fd48b84c7994291b887ca03571
2024-08-31,14.7,14.7,ft^3/s,Approved,[],2025-07-01T17:15:48.638722+00:00,1d5974fd48b84c7994291b887ca03571
2024-09-01,13.4,13.4,ft^3/s,Approved,[],2025-07-01T17:15:48.638722+00:00,1d5974fd48b84c7994291b887ca03571
2024-09-02,13.7,13.7,ft^3/s,Approved,[],2025-07-01T17:15:48.638722+00:00,1d5974fd48b84c7994291b887ca03571
2024-09-03,15.1,15.1,ft^3/s,Approved,[],2025-07-01T17:15:48.638722+00:00,1d5974fd48b84c7994291b887ca03571
2024-09-04,18.7,18.7,ft^3/s,Approved,[],2025-07-01T17:15:48.638722+00:00,1d5974fd48b84c7994291b887ca03571
2024-09-05,21.9,21.9,ft^3/s,Approved,[],2025-07-01T17:15:48.638722+00:00,1d5974fd48b84c7994291b887ca03571
2024-09-06,21.5,21.5,ft^3/s,Approved,[],2025-07-01T17:15:48.638722+00:00,1d5974fd48b84c7994291b887ca03571
2024-09-07,16.5,16.5,ft^3/s,Approved,[],2025-07-01T17:15:48.638722+00:00,1d5974fd48b84c7994291b887ca03571
2024-09-08,14.2,14.2,ft^3/s,Approved,[],2025-07-01T17:15:48.638722+00:00,1d5974fd48b84c7994291b887ca03571
2024-09-09,12.7,12.7,ft^3/s,Approved,[],2025-07-01T17:15:48.638722+00:00,1d5974fd48b84c7994291b887ca03571
2024-09-10,11.7,11.7,ft^3/s,Approved,[],2025-07-01T17:15:48.638722+00:00,1d5974fd48b84c7994291b887ca03571
2024-09-11,11.7,11.7,ft^3/s,Approved,[],2025-07-01T17:15:48.638722+00:00,1d5974fd48b84c7994291b887ca03571
2024-09-12,12.8,12.8,ft^3/s,Approved,[],2025-07-01T17:15:48.638722+00:00,1d5974fd48b84c7994291b887ca03571
2024-09-13,11.4,11.4,ft^3/s,Approved,[],2025-07-01T17:15:48.638722+00:00,1d5974fd48b84c7994291b887ca03571
2024-09-14,10.9,10.9,ft^3/s,Approved,[],2025-07-01T17:15:48.638722+00:00,1d5974fd48b84c7994291b887ca03571
2024-09-15,10.8,10.8,ft^3/s,Approved,[],2025-07-01T17:15:48.638722+00:00,1d5974fd48b84c7994291b887ca03571
2024-09-16,10.3,10.3,ft^3/s,Approved,[],2025-07-01T17:15:48.638722+00:00,1d5974fd48b84c7994291b887ca03571
2024-09-17,7.34,7.34,ft^3/s,Approved,[],2025-07-01T17:15:48.638722+00:00,1d5974fd48b84c7994291b887ca03571
2024-09-18,6.72,6.72,ft^3/s,Approved,[],2025-07-01T17:15:48.638722+00:00,1d5974fd48b84c7994291b887ca03571
2024-09-19,9.48,9.48,ft^3/s,Approved,[],2025-07-01T17:15:48.638722+00:00,1d5974fd48b84c7994291b887ca03571
2024-09-20,4.35,4.35,ft^3/s,Approved,[],2025-07-01T17:15:48.638722+00:00,1d5974fd48b84c7994291b887ca03571
2024-09-21,3.71,3.71,ft^3/s,Approved,[],2025-07-01T17:15:48.638722+00:00,1d5974fd48b84c7994291b887ca03571
2024-09-22,4.73,4.73,ft^3/s,Approved,[],2025-07-01T17:15:48.638722+00:00,1d5974fd48b84c7994291b887ca03571
2024-09-23,6.46,6.46,ft^3/s,Approved,[],2025-07-01T17:15:48.638722+00:00,1d5974fd48b84c7994291b887ca03571
2024-09-24,8.06,8.06,ft^3/s,Approved,[],2025-07-01T17:15:48.638722+00:00,1d5974fd48b84c7994291b887ca03571
2024-09-25,7.23,7.23,ft^3/s,Approved,[],2025-07-01T17:15:48.638722+00:00,1d5974fd48b84c7994291b887ca03571
2024-09-26,8.17,8.17,ft^3/s,Approved,[],2025-07-01T17:15:48.638722+00:00,1d5974fd48b84c7994291b887ca03571
2024-09-27,6.44,6.44,ft^3/s,Approved,[],2025-07-01T17:15:48.638722+00:00,1d5974fd48b84c7994291b887ca03571
2024-09-28,5.75,5.75,ft^3/s,Approved,[],2025-07-01T17:15:48.638722+00:00,1d5974fd48b84c7994291b887ca03571
2024-09-29,7.32,7.32,ft^3/s,Approved,[],2025-07-01T17:15:48.638722+00:00,1d5974fd48b84c7994291b887ca03571
2024-09-30,6.41,6.41,ft^3/s,Approved,[],2025-07-01T17:15:48.638722+00:00,1d5974fd48b84c7994291b887ca03571
2024-10-01,6.85,6.85,ft^3/s,Approved,[],2025-07-01T17:15:48.638722+00:00,1d5974fd48b84c7994291b887ca03571
2024-10-02,5.75,5.75,ft^3/s,Approved,[],2025-07-01T17:15:48.638722+00:00,1d5974fd48b84c7994291b887ca03571
2024-10-03,5.15,5.15,ft^3/s,Approved,[],2025-07-01T17:15:48.638722+00:00,1d5974fd48b84c7994291b887ca03571
2024-10-04,4.59,4.59,ft^3/s,Approved,[],2025-07-01T17:15:48.638722+00:00,1d5974fd48b84c7994291b887ca03571
2024-10-05,4.72,4.72,ft^3/s,Approved,[],2025-07-01T17:15:48.638722+00:00,1d5974fd48b84c7994291b887ca03571
2024-10-06,5.79,5.79,ft^3/s,Approved,[],2025-07-01T17:15:48.638722+00:00,1d5974fd48b84c7994291b887ca03571
2024-10-07,6.05,6.05,ft^3/s,Approved,[],2025-07-01T17:15:48.638722+00:00,1d5974fd48b84c7994291b887ca03571
2024-10-08,5.24,5.24,ft^3/s,Approved,[],2025-07-01T17:15:48.638722+00:00,1d5974fd48b84c7994291b887ca03571
2024-10-09,4.34,4.34,ft^3/s,Approved,[],2025-07-01T17:15:48.638722+00:00,1d5974fd48b84c7994291b887ca03571
2024-10-10,5.39,5.39,ft^3/s,Approved,[],2025-07-01T17:15:48.638722+00:00,1d5974fd48b84c7994291b887ca03571
2024-10-11,5.64,5.64,ft^3/s,Approved,[],2025-07-01T17:15:48.638722+00:00,1d5974fd48b84c7994291b887ca03571
2024-10-12,3.83,3.83,ft^3/s,Approved,[],2025-07-01T17:15:48.638722+00:00,1d5974fd48b84c7994291b887ca03571
2024-10-13,4.44,4.44,ft^3/s,Approved,[],2025-07-01T17:15:48.638722+00:00,1d5974fd48b84c7994291b887ca03571
2024-10-14,4.43,4.43,ft^3/s,Approved,[],2025-07-01T17:15:48.638722+00:00,1d5974fd48b84c7994291b887ca03571
2024-10-15,4.51,4.51,ft^3/s,Approved,[],2025-07-01T17:15:48.638722+00:00,1d5974fd48b84c7994291b887ca03571
2024-10-16,4.53,4.53,ft^3/s,Approved,[],2025-07-01T17:15:48.638722+00:00,1d5974fd48b84c7994291b887ca03571
2024-10-17,3.89,3.89,ft^3/s,Approved,[],2025-07-01T17:15:48.638722+00:00,1d5974fd48b84c7994291b887ca03571
2024-10-18,4.61,4.61,ft^3/s,Approved,[],2025-07-01T17:15:48.638722+00:00,1d5974fd48b84c7994291b887ca03571
2024-10-19,8.53,8.53,ft^3/s,Approved,[],2025-07-01T17:15:48.638722+00:00,1d5974fd48b84c7994291b887ca03571
2024-10-20,9.44,9.44,ft^3/s,Approved,[],2025-07-01T17:15:48.638722+00:00,1d5974fd48b84c7994291b887ca03571
2024-10-21,9.5,9.50,ft^3/s,Approved,[],2025-07-01T17:15:48.638722+00:00,1d5974fd48b84c7994291b887ca03571
2024-10-22,7.01,7.01,ft^3/s,Approved,[],2025-07-01T17:15:48.638722+00:00,1d5974fd48b84c7994291b887ca03571
2024-10-23,7.0,7.00,ft^3/s,Approved,[],2025-07-01T17:15:48.638722+00:00,1d5974fd48b84c7994291b887ca03571
2024-10-24,5.93,5.93,ft^3/s,Approved,[],2025-07-01T17:15:48.638722+00:00,1d5974fd48b84c7994291b887ca03571
2024-10-25,5.83,5.83,ft^3/s,Approved,[],2025-07-01T17:15:48.638722+00:00,1d5974fd48b84c7994291b887ca03571
2024-10-26,6.81,6.81,ft^3/s,Approved,[],2025-07-01T17:15:48.638722+00:00,1d5974fd48b84c7994291b887ca03571
2024-10-27,6.65,6.65,ft^3/s,Approved,[],2025-07-01T17:15:48.638722+00:00,1d5974fd48b84c7994291b887ca03571
2024-10-28,6.15,6.15,ft^3/s,Approved,[],2025-07-01T17:15:48.638722+00:00,1d5974fd48b84c7994291b887ca03571
2024-10-29,7.64,7.64,ft^3/s,Approved,[],2025-07-01T17:15:48.638722+00:00,1d5974fd48b84c7994291b887ca03571
2024-10-30,6.75,6.75,ft^3/s,Approved,[],2025-07-01T17:15:48.638722+00:00,1d5974fd48b84c7994291b887ca03571
2024-10-31,7.21,7.21,ft^3/s,Approved,[],2025-07-01T17:15:48.638722+00:00,1d5974fd48b84c7994291b887ca03571
2024-11-01,6.99,6.99,ft^3/s,Approved,[],2025-07-01T17:15:48.638722+00:00,1d5974fd48b84c7994291b887ca03571
2024-11-02,7.61,7.61,ft^3/s,Approved,[],2025-07-01T17:15:48.638722+00:00,1d5974fd48b84c7994291b887ca03571
2024-11-03,8.41,8.41,ft^3/s,Approved,[],2025-07-01T17:15:48.638722+00:00,1d5974fd48b84c7994291b887ca03571
2024-11-04,33.6,33.6,ft^3/s,Approved,[],2025-07-01T17:15:48.638722+00:00,1d5974fd48b84c7994291b887ca03571
2024-11-05,240.0,240,ft^3/s,Approved,[],2025-07-01T17:15:48.638722+00:00,1d5974fd48b84c7994291b887ca03571
2024-11-06,98.0,98.0,ft^3/s,Approved,[],2025-07-01T17:15:48.638722+00:00,1d5974fd48b84c7994291b887ca03571
2024-11-07,45.5,45.5,ft^3/s,Approved,[],2025-07-01T17:15:48.638722+00:00,1d5974fd48b84c7994291b887ca03571
2024-11-08,33.0,33.0,ft^3/s,Approved,[],2025-07-01T17:15:48.638722+00:00,1d5974fd48b84c7994291b887ca03571
2024-11-09,26.3,26.3,ft^3/s,Approved,[],2025-07-01T17:15:48.638722+00:00,1d5974fd48b84c7994291b887ca03571
2024-11-10,23.0,23.0,ft^3/s,Approved,[],2025-07-01T17:15:48.638722+00:00,1d5974fd48b84c7994291b887ca03571
2024-11-11,21.2,21.2,ft^3/s,Approved,[],2025-07-01T17:15:48.638722+00:00,1d5974fd48b84c7994291b887ca03571
2024-11-12,19.3,19.3,ft^3/s,Approved,[],2025-07-01T17:15:48.638722+00:00,1d5974fd48b84c7994291b887ca03571
2024-11-13,17.6,17.6,ft^3/s,Approved,[],2025-07-01T17:15:48.638722+00:00,1d5974fd48b84c7994291b887ca03571
2024-11-14,15.9,15.9,ft^3/s,Approved,[],2025-07-01T17:15:48.638722+00:00,1d5974fd48b84c7994291b887ca03571
2024-11-15,16.1,16.1,ft^3/s,Approved,[],2025-07-01T17:15:48.638722+00:00,1d5974fd48b84c7994291b887ca03571
2024-11-16,15.5,15.5,ft^3/s,Approved,[],2025-07-01T17:15:48.638722+00:00,1d5974fd48b84c7994291b887ca03571
2024-11-17,14.9,14.9,ft^3/s,Approved,[],2025-07-01T17:15:48.638722+00:00,1d5974fd48b84c7994291b887ca03571
2024-11-18,26.0,26.0,ft^3/s,Approved,[],2025-07-01T17:15:48.638722+00:00,1d5974fd48b84c7994291b887ca03571
2024-11-19,40.7,40.7,ft^3/s,Approved,[],2025-07-01T17:15:48.638722+00:00,1d5974fd48b84c7994291b887ca03571
2024-11-20,27.4,27.4,ft^3/s,Approved,[],2025-07-01T17:15:48.638722+00:00,1d5974fd48b84c7994291b887ca03571
2024-11-21,22.7,22.7,ft^3/s,Approved,[],2025-07-01T17:15:48.638722+00:00,1d5974fd48b84c7994291b887ca03571
2024-11-22,21.4,21.4,ft^3/s,Approved,[],2025-07-01T17:15:48.638722+00:00,1d5974fd48b84c7994291b887ca03571
2024-11-23,19.2,19.2,ft^3/s,Approved,[],2025-07-01T17:15:48.638722+00:00,1d5974fd48b84c7994291b887ca03571
2024-11-24,19.0,19.0,ft^3/s,Approved,[],2025-07-01T17:15:48.638722+00:00,1d5974fd48b84c7994291b887ca03571
2024-11-25,18.4,18.4,ft^3/s,Approved,[],2025-07-01T17:15:48.638722+00:00,1d5974fd48b84c7994291b887ca03571
2024-11-26,16.8,16.8,ft^3/s,Approved,[],2025-07-01T17:15:48.638722+00:00,1d5974fd48b84c7994291b887ca03571
2024-11-27,16.6,16.6,ft^3/s,Approved,[],2025-07-01T17:15:48.638722+00:00,1d5974fd48b84c7994291b887ca03571
2024-11-28,16.9,16.9,ft^3/s,Approved,[],2025-07-01T17:15:48.638722+00:00,1d5974fd48b84c7994291b887ca03571
2024-11-29,16.5,16.5,ft^3/s,Approved,[],2025-07-01T17:15:48.638722+00:00,1d5974fd48b84c7994291b887ca03571
2024-11-30,15.3,15.3,ft^3/s,Approved,[],2025-07-01T17:15:48.638722+00:00,1d5974fd48b84c7994291b887ca03571
2024-12-01,15.6,15.6,ft^3/s,Approved,[],2025-07-01T17:15:48.638722+00:00,1d5974fd48b84c7994291b887ca03571
2024-12-02,14.9,14.9,ft^3/s,Approved,[],2025-07-01T17:15:48.638722+00:00,1d5974fd48b84c7994291b887ca03571
2024-12-03,15.6,15.6,ft^3/s,Approved,[],2025-07-01T17:15:48.638722+00:00,1d5974fd48b84c7994291b887ca03571
2024-12-04,18.0,18.0,ft^3/s,Approved,[],2025-07-01T17:15:48.638722+00:00,1d5974fd48b84c7994291b887ca03571
2024-12-05,18.6,18.6,ft^3/s,Approved,[],2025-07-01T17:15:48.638722+00:00,1d5974fd48b84c7994291b887ca03571
2024-12-06,17.6,17.6,ft^3/s,Approved,[],2025-07-01T17:15:48.638722+00:00,1d5974fd48b84c7994291b887ca03571
2024-12-07,23.5,23.5,ft^3/s,Approved,[],2025-07-01T17:15:48.638722+00:00,1d5974fd48b84c7994291b887ca03571
2024-12-08,30.3,30.3,ft^3/s,Approved,[],2025-07-01T17:15:48.638722+00:00,1d5974fd48b84c7994291b887ca03571
2024-12-09,26.3,26.3,ft^3/s,Approved,[],2025-07-01T17:15:48.638722+00:00,1d5974fd48b84c7994291b887ca03571
2024-12-10,23.0,23.0,ft^3/s,Approved,[],2025-07-01T17:15:48.638722+00:00,1d5974fd48b84c7994291b887ca03571
2024-12-11,20.0,20.0,ft^3/s,Approved,[],2025-07-01T17:15:48.638722+00:00,1d5974fd48b84c7994291b887ca03571
2024-12-12,19.9,19.9,ft^3/s,Approved,[],2025-07-01T17:15:48.638722+00:00,1d5974fd48b84c7994291b887ca03571
2024-12-13,22.0,22.0,ft^3/s,Approved,[],2025-07-01T17:15:48.638722+00:00,1d5974fd48b84c7994291b887ca03571
2024-12-14,36.7,36.7,ft^3/s,Approved,[],2025-07-01T17:15:48.638722+00:00,1d5974fd48b84c7994291b887ca03571
2024-12-15,29.6,29.6,ft^3/s,Approved,[],2025-07-01T17:15:48.638722+00:00,1d5974fd48b84c7994291b887ca03571
2024-12-16,27.0,27.0,ft^3/s,Approved,[],2025-07-01T17:15:48.638722+00:00,1d5974fd48b84c7994291b887ca03571
2024-12-17,24.0,24.0,ft^3/s,Approved,[],2025-07-01T17:15:48.638722+00:00,1d5974fd48b84c7994291b887ca03571
2024-12-18,23.6,23.6,ft^3/s,Approved,[],2025-07-01T17:15:48.638722+00:00,1d5974fd48b84c7994291b887ca03571
2024-12-19,24.1,24.1,ft^3/s,Approved,[],2025-07-01T17:15:48.638722+00:00,1d5974fd48b84c7994291b887ca03571
2024-12-20,22.2,22.2,ft^3/s,Approved,[],2025-07-01T17:15:48.638722+00:00,1d5974fd48b84c7994291b887ca03571
2024-12-21,21.6,21.6,ft^3/s,Approved,[],2025-07-01T17:15:48.638722+00:00,1d5974fd48b84c7994291b887ca03571
2024-12-22,20.3,20.3,ft^3/s,Approved,[],2025-07-01T17:15:48.638722+00:00,1d5974fd48b84c7994291b887ca03571
2024-12-23,20.9,20.9,ft^3/s,Approved,[],2025-07-01T17:15:48.638722+00:00,1d5974fd48b84c7994291b887ca03571
2024-12-24,20.9,20.9,ft^3/s,Approved,[],2025-07-01T17:15:48.638722+00:00,1d5974fd48b84c7994291b887ca03571
2024-12-25,21.7,21.7,ft^3/s,Approved,[],2025-07-01T17:15:48.638722+00:00,1d5974fd48b84c7994291b887ca03571
2024-12-26,20.4,20.4,ft^3/s,Approved,[],2025-07-01T17:15:48.638722+00:00,1d5974fd48b84c7994291b887ca03571
2024-12-27,20.8,20.8,ft^3/s,Approved,[],2025-07-01T17:15:48.638722+00:00,1d5974fd48b84c7994291b887ca03571
2024-12-28,20.7,20.7,ft^3/s,Approved,[],2025-07-01T17:15:48.638722+00:00,1d5974fd48b84c7994291b887ca03571
2024-12-29,19.5,19.5,ft^3/s,Approved,[],2025-07-01T17:15:48.638722+00:00,1d5974fd48b84c7994291b887ca03571
2024-12-30,18.9,18.9,ft^3/s,Approved,[],2025-07-01T17:15:48.638722+00:00,1d5974fd48b84c7994291b887ca03571
2024-12-31,18.0,18.0,ft^3/s,Approved,[],2025-07-01T17:15:48.638722+00:00,1d5974fd48b84c7994291b887ca03571
2025-01-01,16.8,16.8,ft^3/s,Approved,[],2025-07-01T17:15:48.638722+00:00,1d5974fd48b84c7994291b887ca03571
2025-01-02,16.6,16.6,ft^3/s,Approved,[],2025-07-01T17:15:48.638722+00:00,1d5974fd48b84c7994291b887ca03571
2025-01-03,17.0,17.0,ft^3/s,Approved,[],2025-07-01T17:15:48.638722+00:00,1d5974fd48b84c7994291b887ca03571
2025-01-04,17.2,17.2,ft^3/s,Approved,[],2025-07-01T17:15:48.638722+00:00,1d5974fd48b84c7994291b887ca03571
2025-01-05,17.5,17.5,ft^3/s,Approved,[],2025-07-01T17:15:48.638722+00:00,1d5974fd48b84c7994291b887ca03571
2025-01-06,16.1,16.1,ft^3/s,Approved,[],2025-07-01T17:15:48.638722+00:00,1d5974fd48b84c7994291b887ca03571
2025-01-07,15.8,15.8,ft^3/s,Approved,[],2025-07-01T17:15:48.638722+00:00,1d5974fd48b84c7994291b887ca03571
2025-01-08,15.7,15.7,ft^3/s,Approved,[],2025-07-01T17:15:48.638722+00:00,1d5974fd48b84c7994291b887ca03571
2025-01-09,50.1,50.1,ft^3/s,Approved,[],2025-07-01T17:15:48.638722+00:00,1d5974fd48b84c7994291b887ca03571
2025-01-10,98.7,98.7,ft^3/s,Approved,[],2025-07-01T17:15:48.638722+00:00,1d5974fd48b84c7994291b887ca03571
2025-01-11,61.0,61.0,ft^3/s,Approved,[],2025-07-01T17:15:48.638722+00:00,1d5974fd48b84c7994291b887ca03571
2025-01-12,43.0,43.0,ft^3/s,Approved,[],2025-07-01T17:15:48.638722+00:00,1d5974fd48b84c7994291b887ca03571
2025-01-13,35.5,35.5,ft^3/s,Approved,[],2025-07-01T17:15:48.638722+00:00,1d5974fd48b84c7994291b887ca03571
2025-01-14,30.8,30.8,ft^3/s,Approved,[],2025-07-01T19:04:35.628613+00:00,1d5974fd48b84c7994291b887ca03571
2025-01-15,28.9,28.9,ft^3/s,Approved,[],2025-07-01T19:04:35.628613+00:00,1d5974fd48b84c7994291b887ca03571
2025-01-16,28.0,28.0,ft^3/s,Approved,[],2025-07-01T19:04:35.628613+00:00,1d5974fd48b84c7994291b887ca03571
2025-01-17,27.4,27.4,ft^3/s,Approved,[],2025-07-01T19:04:35.628613+00:00,1d5974fd48b84c7994291b887ca03571
2025-01-18,25.0,25.0,ft^3/s,Approved,[],2025-07-01T19:04:35.628613+00:00,1d5974fd48b84c7994291b887ca03571
2025-01-19,23.7,23.7,ft^3/s,Approved,[],2025-07-01T19:04:35.628613+00:00,1d5974fd48b84c7994291b887ca03571
2025-01-20,22.9,22.9,ft^3/s,Approved,[],2025-07-01T19:04:35.628613+00:00,1d5974fd48b84c7994291b887ca03571
2025-01-21,23.4,23.4,ft^3/s,Approved,[],2025-07-01T19:04:35.628613+00:00,1d5974fd48b84c7994291b887ca03571
2025-01-22,23.4,23.4,ft^3/s,Approved,[],2025-07-01T19:04:35.628613+00:00,1d5974fd48b84c7994291b887ca03571
2025-01-23,23.6,23.6,ft^3/s,Approved,[],2025-07-01T19:04:35.628613+00:00,1d5974fd48b84c7994291b887ca03571
2025-01-24,24.1,24.1,ft^3/s,Approved,[],2025-07-01T19:04:35.628613+00:00,1d5974fd48b84c7994291b887ca03571
2025-01-25,24.2,24.2,ft^3/s,Approved,[],2025-07-01T19:04:35.628613+00:00,1d5974fd48b84c7994291b887ca03571
2025-01-26,23.7,23.7,ft^3/s,Approved,[],2025-07-01T19:04:35.628613+00:00,1d5974fd48b84c7994291b887ca03571
2025-01-27,24.4,24.4,ft^3/s,Approved,[],2025-07-01T19:04:35.628613+00:00,1d5974fd48b84c7994291b887ca03571
2025-01-28,24.9,24.9,ft^3/s,Approved,[],2025-07-01T19:04:35.628613+00:00,1d5974fd48b84c7994291b887ca03571
2025-01-29,25.7,25.7,ft^3/s,Approved,[],2025-07-01T19:04:35.628613+00:00,1d5974fd48b84c7994291b887ca03571
2025-01-30,205.0,205,ft^3/s,Approved,[],2025-07-01T19:04:35.628613+00:00,1d5974fd48b84c7994291b887ca03571
2025-01-31,122.0,122,ft^3/s,Approved,[],2025-07-01T19:04:35.628613+00:00,1d5974fd48b84c7994291b887ca03571
2025-02-01,76.0,76.0,ft^3/s,Approved,[],2025-07-01T19:04:35.628613+00:00,1d5974fd48b84c7994291b887ca03571
2025-02-02,54.3,54.3,ft^3/s,Approved,[],2025-07-01T19:04:35.628613+00:00,1d5974fd48b84c7994291b887ca03571
2025-02-03,46.3,46.3,ft^3/s,Approved,[],2025-07-01T19:04:35.628613+00:00,1d5974fd48b84c7994291b887ca03571
2025-02-04,39.9,39.9,ft^3/s,Approved,[],2025-07-01T19:04:35.628613+00:00,1d5974fd48b84c7994291b887ca03571
2025-02-05,36.5,36.5,ft^3/s,Approved,[],2025-07-01T19:04:35.628613+00:00,1d5974fd48b84c7994291b887ca03571
2025-02-06,34.9,34.9,ft^3/s,Approved,[],2025-07-01T19:04:35.628613+00:00,1d5974fd48b84c7994291b887ca03571
2025-02-07,37.2,37.2,ft^3/s,Approved,[],2025-07-01T19:04:35.628613+00:00,1d5974fd48b84c7994291b887ca03571
2025-02-08,34.0,34.0,ft^3/s,Approved,[],2025-07-01T19:04:35.628613+00:00,1d5974fd48b84c7994291b887ca03571
2025-02-09,29.0,29.0,ft^3/s,Approved,[],2025-07-01T19:04:35.628613+00:00,1d5974fd48b84c7994291b887ca03571
2025-02-10,28.9,28.9,ft^3/s,Approved,[],2025-07-01T19:04:35.628613+00:00,1d5974fd48b84c7994291b887ca03571
2025-02-11,85.1,85.1,ft^3/s,Approved,[],2025-07-01T19:04:35.628613+00:00,1d5974fd48b84c7994291b887ca03571
2025-02-12,241.0,241,ft^3/s,Approved,[],2025-07-01T19:04:35.628613+00:00,1d5974fd48b84c7994291b887ca03571
2025-02-13,110.0,110,ft^3/s,Approved,[],2025-07-01T19:04:35.628613+00:00,1d5974fd48b84c7994291b887ca03571
2025-02-14,70.8,70.8,ft^3/s,Approved,[],2025-07-01T19:04:35.628613+00:00,1d5974fd48b84c7994291b887ca03571
2025-02-15,57.4,57.4,ft^3/s,Approved,[],2025-07-01T19:04:35.628613+00:00,1d5974fd48b84c7994291b887ca03571
2025-02-16,45.7,45.7,ft^3/s,Approved,[],2025-07-01T19:04:35.628613+00:00,1d5974fd48b84c7994291b887ca03571
2025-02-17,42.5,42.5,ft^3/s,Approved,[],2025-07-01T19:04:35.628613+00:00,1d5974fd48b84c7994291b887ca03571
2025-02-18,34.8,34.8,ft^3/s,Approved,[],2025-07-01T19:04:35.628613+00:00,1d5974fd48b84c7994291b887ca03571
2025-02-19,27.9,27.9,ft^3/s,Approved,[],2025-07-01T19:04:35.628613+00:00,1d5974fd48b84c7994291b887ca03571
2025-02-20,27.7,27.7,ft^3/s,Approved,[],2025-07-01T19:04:35.628613+00:00,1d5974fd48b84c7994291b887ca03571
2025-02-21,28.8,28.8,ft^3/s,Approved,[],2025-07-01T19:04:35.628613+00:00,1d5974fd48b84c7994291b887ca03571
2025-02-22,31.1,31.1,ft^3/s,Approved,[],2025-07-01T19:04:35.628613+00:00,1d5974fd48b84c7994291b887ca03571
2025-02-23,30.2,30.2,ft^3/s,Approved,[],2025-07-01T19:04:35.628613+00:00,1d5974fd48b84c7994291b887ca03571
2025-02-24,28.1,28.1,ft^3/s,Approved,[],2025-07-01T19:04:35.628613+00:00,1d5974fd48b84c7994291b887ca03571
2025-02-25,27.4,27.4,ft^3/s,Approved,[],2025-07-01T19:04:35.628613+00:00,1d5974fd48b84c7994291b887ca03571
2025-02-26,26.7,26.7,ft^3/s,Approved,[],2025-07-01T19:04:35.628613+00:00,1d5974fd48b84c7994291b887ca03571
2025-02-27,23.8,23.8,ft^3/s,Approved,[],2025-07-01T19:04:35.628613+00:00,1d5974fd48b84c7994291b887ca03571
2025-02-28,24.0,24.0,ft^3/s,Approved,[],2025-07-01T19:04:35.628613+00:00,1d5974fd48b84c7994291b887ca03571
2025-03-01,23.2,23.2,ft^3/s,Approved,[],2025-07-01T19:04:35.628613+00:00,1d5974fd48b84c7994291b887ca03571
2025-03-02,22.9,22.9,ft^3/s,Approved,[],2025-07-01T19:04:35.628613+00:00,1d5974fd48b84c7994291b887ca03571
2025-03-03,23.5,23.5,ft^3/s,Approved,[],2025-07-01T19:04:35.628613+00:00,1d5974fd48b84c7994291b887ca03571
2025-03-04,31.6,31.6,ft^3/s,Approved,[],2025-07-01T19:04:35.628613+00:00,1d5974fd48b84c7994291b887ca03571
2025-03-05,26.9,26.9,ft^3/s,Approved,[],2025-07-01T19:04:35.628613+00:00,1d5974fd48b84c7994291b887ca03571
2025-03-06,24.7,24.7,ft^3/s,Approved,[],2025-07-01T19:04:35.628613+00:00,1d5974fd48b84c7994291b887ca03571
2025-03-07,24.4,24.4,ft^3/s,Approved,[],2025-07-01T19:04:35.628613+00:00,1d5974fd48b84c7994291b887ca03571
2025-03-08,23.4,23.4,ft^3/s,Approved,[],2025-07-01T19:04:35.628613+00:00,1d5974fd48b84c7994291b887ca03571
2025-03-09,22.5,22.5,ft^3/s,Approved,[],2025-07-01T19:04:35.628613+00:00,1d5974fd48b84c7994291b887ca03571
2025-03-10,21.6,21.6,ft^3/s,Approved,[],2025-07-01T19:04:35.628613+00:00,1d5974fd48b84c7994291b887ca03571
2025-03-11,18.3,18.3,ft^3/s,Approved,[],2025-07-01T19:04:35.628613+00:00,1d5974fd48b84c7994291b887ca03571
2025-03-12,17.9,17.9,ft^3/s,Approved,[],2025-07-01T19:04:35.628613+00:00,1d5974fd48b84c7994291b887ca03571
2025-03-13,18.3,18.3,ft^3/s,Approved,[],2025-07-01T19:04:35.628613+00:00,1d5974fd48b84c7994291b887ca03571
2025-03-14,17.4,17.4,ft^3/s,Approved,[],2025-07-01T19:04:35.628613+00:00,1d5974fd48b84c7994291b887ca03571
2025-03-15,17.8,17.8,ft^3/s,Approved,[],2025-07-01T19:04:35.628613+00:00,1d5974fd48b84c7994291b887ca03571
2025-03-16,15.0,15.0,ft^3/s,Approved,[],2025-07-01T19:04:35.628613+00:00,1d5974fd48b84c7994291b887ca03571
2025-03-17,14.4,14.4,ft^3/s,Approved,[],2025-07-01T19:04:35.628613+00:00,1d5974fd48b84c7994291b887ca03571
2025-03-18,13.5,13.5,ft^3/s,Approved,[],2025-09-02T15:32:16.761021+00:00,1d5974fd48b84c7994291b887ca03571
2025-03-19,12.4,12.4,ft^3/s,Approved,[],2025-09-25T18:43:17.231449+00:00,1d5974fd48b84c7994291b887ca03571
2025-03-20,12.6,12.6,ft^3/s,Approved,[],2025-09-25T18:43:17.231449+00:00,1d5974fd48b84c7994291b887ca03571
2025-03-21,15.5,15.5,ft^3/s,Approved,[],2025-09-25T18:43:17.231449+00:00,1d5974fd48b84c7994291b887ca03571
2025-03-22,16.4,16.4,ft^3/s,Approved,[],2025-09-25T18:43:17.231449+00:00,1d5974fd48b84c7994291b887ca03571
2025-03-23,16.8,16.8,ft^3/s,Approved,[],2025-09-25T18:43:17.231449+00:00,1d5974fd48b84c7994291b887ca03571
2025-03-24,17.3,17.3,ft^3/s,Approved,[],2025-09-25T18:43:17.231449+00:00,1d5974fd48b84c7994291b887ca03571
2025-03-25,16.7,16.7,ft^3/s,Approved,[],2025-09-25T18:43:17.231449+00:00,1d5974fd48b84c7994291b887ca03571
2025-03-26,17.3,17.3,ft^3/s,Approved,[],2025-09-25T18:43:17.231449+00:00,1d5974fd48b84c7994291b887ca03571
2025-03-27,81.5,81.5,ft^3/s,Approved,[],2025-09-25T18:43:17.231449+00:00,1d5974fd48b84c7994291b887ca03571
2025-03-28,97.5,97.5,ft^3/s,Approved,[],2025-09-25T18:43:17.231449+00:00,1d5974fd48b84c7994291b887ca03571
2025-03-29,56.3,56.3,ft^3/s,Approved,[],2025-09-25T18:43:17.231449+00:00,1d5974fd48b84c7994291b887ca03571
2025-03-30,42.1,42.1,ft^3/s,Approved,[],2025-09-25T18:43:17.231449+00:00,1d5974fd48b84c7994291b887ca03571
2025-03-31,36.3,36.3,ft^3/s,Approved,[],2025-09-25T18:43:17.231449+00:00,1d5974fd48b84c7994291b887ca03571
2025-04-01,35.1,35.1,ft^3/s,Approved,[],2025-09-25T18:43:17.231449+00:00,1d5974fd48b84c7994291b887ca03571
2025-04-02,28.3,28.3,ft^3/s,Approved,[],2025-09-25T18:43:17.231449+00:00,1d5974fd48b84c7994291b887ca03571
2025-04-03,25.0,25.0,ft^3/s,Approved,[],2025-09-25T18:43:17.231449+00:00,1d5974fd48b84c7994291b887ca03571
2025-04-04,24.6,24.6,ft^3/s,Approved,[],2025-09-25T18:43:17.231449+00:00,1d5974fd48b84c7994291b887ca03571
2025-04-05,32.2,32.2,ft^3/s,Approved,[],2025-09-25T18:43:17.231449+00:00,1d5974fd48b84c7994291b887ca03571
2025-04-06,26.0,26.0,ft^3/s,Approved,[],2025-09-25T18:43:17.231449+00:00,1d5974fd48b84c7994291b887ca03571
2025-04-07,23.2,23.2,ft^3/s,Approved,[],2025-09-25T18:43:17.231449+00:00,1d5974fd48b84c7994291b887ca03571
2025-04-08,22.6,22.6,ft^3/s,Approved,[],2025-09-25T18:43:17.231449+00:00,1d5974fd48b84c7994291b887ca03571
2025-04-09,21.4,21.4,ft^3/s,Approved,[],2025-09-25T18:43:17.231449+00:00,1d5974fd48b84c7994291b887ca03571
2025-04-10,18.8,18.8,ft^3/s,Approved,[],2025-09-25T18:43:17.231449+00:00,1d5974fd48b84c7994291b887ca03571
2025-04-11,17.8,17.8,ft^3/s,Approved,[],2025-09-25T18:43:17.231449+00:00,1d5974fd48b84c7994291b887ca03571
2025-04-12,17.0,17.0,ft^3/s,Approved,[],2025-09-25T18:43:17.231449+00:00,1d5974fd48b84c7994291b887ca03571
2025-04-13,16.7,16.7,ft^3/s,Approved,[],2025-09-25T18:43:17.231449+00:00,1d5974fd48b84c7994291b887ca03571
2025-04-14,15.5,15.5,ft^3/s,Approved,[],2025-09-25T18:43:17.231449+00:00,1d5974fd48b84c7994291b887ca03571
2025-04-15,13.6,13.6,ft^3/s,Approved,[],2025-09-25T18:43:17.231449+00:00,1d5974fd48b84c7994291b887ca03571
2025-04-16,13.4,13.4,ft^3/s,Approved,[],2025-09-25T18:43:17.231449+00:00,1d5974fd48b84c7994291b887ca03571
2025-04-17,12.6,12.6,ft^3/s,Approved,[],2025-09-25T18:43:17.231449+00:00,1d5974fd48b84c7994291b887ca03571
2025-04-18,14.1,14.1,ft^3/s,Approved,[],2025-09-25T18:43:17.231449+00:00,1d5974fd48b84c7994291b887ca03571
2025-04-19,14.5,14.5,ft^3/s,Approved,[],2025-09-25T18:43:17.231449+00:00,1d5974fd48b84c7994291b887ca03571
2025-04-20,20.4,20.4,ft^3/s,Approved,[],2025-09-25T18:43:17.231449+00:00,1d5974fd48b84c7994291b887ca03571
2025-04-21,21.0,21.0,ft^3/s,Approved,[],2025-09-25T18:43:17.231449+00:00,1d5974fd48b84c7994291b887ca03571
2025-04-22,21.9,21.9,ft^3/s,Approved,[],2025-09-25T18:43:17.231449+00:00,1d5974fd48b84c7994291b887ca03571
2025-04-23,147.0,147,ft^3/s,Approved,[],2025-09-25T18:43:17.231449+00:00,1d5974fd48b84c7994291b887ca03571
2025-04-24,66.1,66.1,ft^3/s,Approved,[],2025-09-25T18:43:17.231449+00:00,1d5974fd48b84c7994291b887ca03571
2025-04-25,42.5,42.5,ft^3/s,Approved,[],2025-09-25T18:43:17.231449+00:00,1d5974fd48b84c7994291b887ca03571
2025-04-26,36.4,36.4,ft^3/s,Approved,[],2025-09-25T18:43:17.231449+00:00,1d5974fd48b84c7994291b887ca03571
2025-04-27,34.7,34.7,ft^3/s,Approved,[],2025-09-25T18:43:17.231449+00:00,1d5974fd48b84c7994291b887ca03571
2025-04-28,27.1,27.1,ft^3/s,Approved,[],2025-09-25T18:43:17.231449+00:00,1d5974fd48b84c7994291b887ca03571
2025-04-29,24.4,24.4,ft^3/s,Approved,[],2025-09-25T18:43:17.231449+00:00,1d5974fd48b84c7994291b887ca03571
2025-04-30,27.2,27.2,ft^3/s,Approved,[],2025-09-25T18:43:17.231449+00:00,1d5974fd48b84c7994291b887ca03571
2025-05-01,32.9,32.9,ft^3/s,Approved,[],2025-09-25T18:43:17.231449+00:00,1d5974fd48b84c7994291b887ca03571
2025-05-02,28.5,28.5,ft^3/s,Approved,[],2025-09-25T18:43:17.231449+00:00,1d5974fd48b84c7994291b887ca03571
2025-05-03,28.7,28.7,ft^3/s,Approved,[],2025-09-25T18:43:17.231449+00:00,1d5974fd48b84c7994291b887ca03571
2025-05-04,23.4,23.4,ft^3/s,Approved,[],2025-09-25T18:43:17.231449+00:00,1d5974fd48b84c7994291b887ca03571
2025-05-05,90.6,90.6,ft^3/s,Approved,[],2025-09-25T18:43:17.231449+00:00,1d5974fd48b84c7994291b887ca03571
2025-05-06,584.0,584,ft^3/s,Approved,[],2025-09-25T18:43:17.231449+00:00,1d5974fd48b84c7994291b887ca03571
2025-05-07,378.0,378,ft^3/s,Approved,[],2025-09-25T18:43:17.231449+00:00,1d5974fd48b84c7994291b887ca03571
2025-05-08,167.0,167,ft^3/s,Approved,[],2025-09-25T18:43:17.231449+00:00,1d5974fd48b84c7994291b887ca03571
2025-05-09,99.5,99.5,ft^3/s,Approved,[],2025-09-25T18:43:17.231449+00:00,1d5974fd48b84c7994291b887ca03571
2025-05-10,81.4,81.4,ft^3/s,Approved,[],2025-09-25T18:43:17.231449+00:00,1d5974fd48b84c7994291b887ca03571
2025-05-11,63.1,63.1,ft^3/s,Approved,[],2025-09-25T18:43:17.231449+00:00,1d5974fd48b84c7994291b887ca03571
2025-05-12,44.5,44.5,ft^3/s,Approved,[],2025-09-25T18:43:17.231449+00:00,1d5974fd48b84c7994291b887ca03571
2025-05-13,34.3,34.3,ft^3/s,Approved,[],2025-09-25T18:43:17.231449+00:00,1d5974fd48b84c7994291b887ca03571
2025-05-14,28.3,28.3,ft^3/s,Approved,[],2025-09-25T18:43:17.231449+00:00,1d5974fd48b84c7994291b887ca03571
2025-05-15,26.0,26.0,ft^3/s,Approved,[],2025-09-25T18:43:17.231449+00:00,1d5974fd48b84c7994291b887ca03571
2025-05-16,24.2,24.2,ft^3/s,Approved,[],2025-09-25T18:43:17.231449+00:00,1d5974fd48b84c7994291b887ca03571
2025-05-17,28.7,28.7,ft^3/s,Approved,[],2025-09-25T18:43:17.231449+00:00,1d5974fd48b84c7994291b887ca03571
2025-05-18,26.6,26.6,ft^3/s,Approved,[],2025-09-25T18:43:17.231449+00:00,1d5974fd48b84c7994291b887ca03571
2025-05-19,27.9,27.9,ft^3/s,Approved,[],2025-09-25T18:43:17.231449+00:00,1d5974fd48b84c7994291b887ca03571
2025-05-20,25.9,25.9,ft^3/s,Approved,[],2025-09-25T18:43:17.231449+00:00,1d5974fd48b84c7994291b887ca03571
2025-05-21,23.3,23.3,ft^3/s,Approved,[],2025-09-25T18:43:17.231449+00:00,1d5974fd48b84c7994291b887ca03571
2025-05-22,21.8,21.8,ft^3/s,Approved,[],2025-09-25T19:04:18.425073+00:00,1d5974fd48b84c7994291b887ca03571
2025-05-23,24.7,24.7,ft^3/s,Approved,[],2025-09-25T19:04:18.425073+00:00,1d5974fd48b84c7994291b887ca03571
2025-05-24,24.1,24.1,ft^3/s,Approved,[],2025-09-25T19:04:18.425073+00:00,1d5974fd48b84c7994291b887ca03571
2025-05-25,21.9,21.9,ft^3/s,Approved,[],2025-09-25T19:04:18.425073+00:00,1d5974fd48b84c7994291b887ca03571
2025-05-26,94.5,94.5,ft^3/s,Approved,[],2025-09-25T19:04:18.425073+00:00,1d5974fd48b84c7994291b887ca03571
2025-05-27,131.0,131,ft^3/s,Approved,[],2025-09-25T19:04:18.425073+00:00,1d5974fd48b84c7994291b887ca03571
2025-05-28,117.0,117,ft^3/s,Approved,[],2025-09-25T19:04:18.425073+00:00,1d5974fd48b84c7994291b887ca03571
2025-05-29,297.0,297,ft^3/s,Approved,[],2025-09-25T19:04:18.425073+00:00,1d5974fd48b84c7994291b887ca03571
2025-05-30,568.0,568,ft^3/s,Approved,[],2025-09-25T19:04:18.425073+00:00,1d5974fd48b84c7994291b887ca03571
2025-05-31,300.0,300,ft^3/s,Approved,[],2025-09-25T19:04:18.425073+00:00,1d5974fd48b84c7994291b887ca03571
2025-06-01,158.0,158,ft^3/s,Approved,[],2025-09-25T19:04:18.425073+00:00,1d5974fd48b84c7994291b887ca03571
2025-06-02,111.0,111,ft^3/s,Approved,[],2025-09-25T19:04:18.425073+00:00,1d5974fd48b84c7994291b887ca03571
2025-06-03,89.6,89.6,ft^3/s,Approved,[],2025-09-25T19:04:18.425073+00:00,1d5974fd48b84c7994291b887ca03571
2025-06-04,77.1,77.1,ft^3/s,Approved,[],2025-09-25T19:04:18.425073+00:00,1d5974fd48b84c7994291b887ca03571
2025-06-05,66.5,66.5,ft^3/s,Approved,[],2025-09-25T19:04:18.425073+00:00,1d5974fd48b84c7994291b887ca03571
2025-06-06,58.2,58.2,ft^3/s,Approved,[],2025-09-25T19:04:18.425073+00:00,1d5974fd48b84c7994291b887ca03571
2025-06-07,41.5,41.5,ft^3/s,Approved,[],2025-09-25T19:04:18.425073+00:00,1d5974fd48b84c7994291b887ca03571
2025-06-08,35.3,35.3,ft^3/s,Approved,[],2025-09-25T19:04:18.425073+00:00,1d5974fd48b84c7994291b887ca03571
2025-06-09,134.0,134,ft^3/s,Approved,[],2025-09-25T19:04:18.425073+00:00,1d5974fd48b84c7994291b887ca03571
2025-06-10,70.5,70.5,ft^3/s,Approved,[],2025-09-25T19:04:18.425073+00:00,1d5974fd48b84c7994291b887ca03571
2025-06-11,178.0,178,ft^3/s,Approved,[],2025-09-25T19:04:18.425073+00:00,1d5974fd48b84c7994291b887ca03571
2025-06-12,140.0,140,ft^3/s,Approved,[],2025-09-25T19:04:18.425073+00:00,1d5974fd48b84c7994291b887ca03571
2025-06-13,111.0,111,ft^3/s,Approved,[],2025-09-25T19:04:18.425073+00:00,1d5974fd48b84c7994291b887ca03571
2025-06-14,89.3,89.3,ft^3/s,Approved,[],2025-09-25T19:04:18.425073+00:00,1d5974fd48b84c7994291b887ca03571
2025-06-15,66.3,66.3,ft^3/s,Approved,[],2025-09-25T19:04:18.425073+00:00,1d5974fd48b84c7994291b887ca03571
2025-06-16,73.3,73.3,ft^3/s,Approved,[],2025-09-25T19:04:18.425073+00:00,1d5974fd48b84c7994291b887ca03571
2025-06-17,55.7,55.7,ft^3/s,Approved,[],2025-09-25T19:04:18.425073+00:00,1d5974fd48b84c7994291b887ca03571
2025-06-18,47.7,47.7,ft^3/s,Approved,[],2025-09-25T19:04:18.425073+00:00,1d5974fd48b84c7994291b887ca03571
2025-06-19,40.1,40.1,ft^3/s,Approved,[],2025-09-25T19:04:18.425073+00:00,1d5974fd48b84c7994291b887ca03571
2025-06-20,36.9,36.9,ft^3/s,Approved,[],2025-09-25T19:04:18.425073+00:00,1d5974fd48b84c7994291b887ca03571
2025-06-21,33.3,33.3,ft^3/s,Approved,[],2025-09-25T19:04:18.425073+00:00,1d5974fd48b84c7994291b887ca03571
2025-06-22,31.2,31.2,ft^3/s,Approved,[],2025-09-25T19:04:18.425073+00:00,1d5974fd48b84c7994291b887ca03571
2025-06-23,29.5,29.5,ft^3/s,Approved,[],2025-09-25T19:04:18.425073+00:00,1d5974fd48b84c7994291b887ca03571
2025-06-24,28.9,28.9,ft^3/s,Approved,[],2025-09-25T19:04:18.425073+00:00,1d5974fd48b84c7994291b887ca03571
2025-06-25,31.8,31.8,ft^3/s,Approved,[],2025-09-25T19:04:18.425073+00:00,1d5974fd48b84c7994291b887ca03571
2025-06-26,27.3,27.3,ft^3/s,Approved,[],2025-09-25T19:04:18.425073+00:00,1d5974fd48b84c7994291b887ca03571
2025-06-27,26.3,26.3,ft^3/s,Approved,[],2025-09-25T19:04:18.425073+00:00,1d5974fd48b84c7994291b887ca03571
2025-06-28,23.8,23.8,ft^3/s,Approved,[],2025-09-25T19:04:18.425073+00:00,1d5974fd48b84c7994291b887ca03571
2025-06-29,27.8,27.8,ft^3/s,Approved,[],2025-09-25T19:04:18.425073+00:00,1d5974fd48b84c7994291b887ca03571
2025-06-30,23.6,23.6,ft^3/s,Approved,[],2025-09-25T19:04:18.425073+00:00,1d5974fd48b84c7994291b887ca03571
2025-07-01,24.5,24.5,ft^3/s,Approved,[],2025-09-25T19:04:18.425073+00:00,1d5974fd48b84c7994291b887ca03571
2025-07-02,21.7,21.7,ft^3/s,Approved,[],2025-09-25T19:04:18.425073+00:00,1d5974fd48b84c7994291b887ca03571
2025-07-03,179.0,179,ft^3/s,Approved,[],2025-09-25T19:04:18.425073+00:00,1d5974fd48b84c7994291b887ca03571
2025-07-04,438.0,438,ft^3/s,Approved,[],2025-09-25T19:04:18.425073+00:00,1d5974fd48b84c7994291b887ca03571
2025-07-05,1660.0,1660,ft^3/s,Approved,[],2025-09-25T19:04:18.425073+00:00,1d5974fd48b84c7994291b887ca03571
2025-07-06,946.0,946,ft^3/s,Approved,[],2025-09-25T19:04:18.425073+00:00,1d5974fd48b84c7994291b887ca03571
2025-07-07,815.0,815,ft^3/s,Approved,[],2025-09-25T19:04:18.425073+00:00,1d5974fd48b84c7994291b887ca03571
2025-07-08,641.0,641,ft^3/s,Approved,[],2025-09-25T19:04:18.425073+00:00,1d5974fd48b84c7994291b887ca03571
2025-07-09,591.0,591,ft^3/s,Approved,[],2025-09-25T19:04:18.425073+00:00,1d5974fd48b84c7994291b887ca03571
2025-07-10,506.0,506,ft^3/s,Approved,[],2025-09-25T19:04:18.425073+00:00,1d5974fd48b84c7994291b887ca03571
2025-07-11,427.0,427,ft^3/s,Approved,[],2025-09-25T19:04:18.425073+00:00,1d5974fd48b84c7994291b887ca03571
2025-07-12,340.0,340,ft^3/s,Approved,[],2025-09-25T19:04:18.425073+00:00,1d5974fd48b84c7994291b887ca03571
2025-07-13,364.0,364,ft^3/s,Approved,[],2025-09-25T19:04:18.425073+00:00,1d5974fd48b84c7994291b887ca03571
2025-07-14,335.0,335,ft^3/s,Approved,[],2025-09-25T19:04:18.425073+00:00,1d5974fd48b84c7994291b887ca03571
2025-07-15,229.0,229,ft^3/s,Approved,[],2025-09-25T19:04:18.425073+00:00,1d5974fd48b84c7994291b887ca03571
2025-07-16,189.0,189,ft^3/s,Approved,[],2025-09-25T19:04:18.425073+00:00,1d5974fd48b84c7994291b887ca03571
2025-07-17,163.0,163,ft^3/s,Approved,[],2025-09-25T19:04:18.425073+00:00,1d5974fd48b84c7994291b887ca03571
2025-07-18,136.0,136,ft^3/s,Approved,[],2025-09-25T19:04:18.425073+00:00,1d5974fd48b84c7994291b887ca03571
2025-07-19,123.0,123,ft^3/s,Approved,[],2025-09-25T19:04:18.425073+00:00,1d5974fd48b84c7994291b887ca03571
2025-07-20,117.0,117,ft^3/s,Approved,[],2025-09-25T19:04:18.425073+00:00,1d5974fd48b84c7994291b887ca03571
2025-07-21,100.0,100,ft^3/s,Approved,[],2025-09-25T19:04:18.425073+00:00,1d5974fd48b84c7994291b887ca03571
2025-07-22,73.6,73.6,ft^3/s,Approved,[],2025-09-25T19:04:18.425073+00:00,1d5974fd48b84c7994291b887ca03571
2025-07-23,60.1,60.1,ft^3/s,Approved,[],2025-09-25T19:04:18.425073+00:00,1d5974fd48b84c7994291b887ca03571
2025-07-24,51.9,51.9,ft^3/s,Approved,[],2025-09-25T19:04:18.425073+00:00,1d5974fd48b84c7994291b887ca03571
2025-07-25,49.7,49.7,ft^3/s,Approved,[],2025-09-25T19:04:18.425073+00:00,1d5974fd48b84c7994291b887ca03571
2025-07-26,49.5,49.5,ft^3/s,Approved,[],2025-09-25T19:04:18.425073+00:00,1d5974fd48b84c7994291b887ca03571
2025-07-27,48.3,48.3,ft^3/s,Approved,[],2025-09-25T19:04:18.425073+00:00,1d5974fd48b84c7994291b887ca03571
2025-07-28,42.6,42.6,ft^3/s,Approved,[],2025-09-25T19:04:18.425073+00:00,1d5974fd48b84c7994291b887ca03571
2025-07-29,37.3,37.3,ft^3/s,Approved,[],2025-09-25T19:04:18.425073+00:00,1d5974fd48b84c7994291b887ca03571
2025-07-30,33.8,33.8,ft^3/s,Approved,[],2026-01-08T19:01:24.536386+00:00,1d5974fd48b84c7994291b887ca03571
2025-07-31,27.9,27.9,ft^3/s,Approved,[],2026-01-08T19:01:24.536386+00:00,1d5974fd48b84c7994291b887ca03571
2025-08-01,26.7,26.7,ft^3/s,Approved,[],2026-01-08T19:01:24.536386+00:00,1d5974fd48b84c7994291b887ca03571
2025-08-02,27.5,27.5,ft^3/s,Approved,[],2026-01-08T19:01:24.536386+00:00,1d5974fd48b84c7994291b887ca03571
2025-08-03,28.2,28.2,ft^3/s,Approved,[],2026-01-08T19:01:24.536386+00:00,1d5974fd48b84c7994291b887ca03571
2025-08-04,26.0,26.0,ft^3/s,Approved,[],2026-01-08T19:01:24.536386+00:00,1d5974fd48b84c7994291b887ca03571
2025-08-05,30.7,30.7,ft^3/s,Approved,[],2026-01-08T19:01:24.536386+00:00,1d5974fd48b84c7994291b887ca03571
2025-08-06,23.4,23.4,ft^3/s,Approved,[],2026-01-08T19:01:24.536386+00:00,1d5974fd48b84c7994291b887ca03571
2025-08-07,19.4,19.4,ft^3/s,Approved,[],2026-01-08T19:01:24.536386+00:00,1d5974fd48b84c7994291b887ca03571
2025-08-08,18.0,18.0,ft^3/s,Approved,[],2026-01-08T19:01:24.536386+00:00,1d5974fd48b84c7994291b887ca03571
2025-08-09,16.9,16.9,ft^3/s,Approved,[],2026-01-08T19:01:24.536386+00:00,1d5974fd48b84c7994291b887ca03571
2025-08-10,17.2,17.2,ft^3/s,Approved,[],2026-01-08T19:01:24.536386+00:00,1d5974fd48b84c7994291b887ca03571
2025-08-11,16.5,16.5,ft^3/s,Approved,[],2026-01-08T19:01:24.536386+00:00,1d5974fd48b84c7994291b887ca03571
2025-08-12,15.6,15.6,ft^3/s,Approved,[],2026-01-08T19:01:24.536386+00:00,1d5974fd48b84c7994291b887ca03571
2025-08-13,31.2,31.2,ft^3/s,Approved,[],2026-01-08T19:01:24.536386+00:00,1d5974fd48b84c7994291b887ca03571
2025-08-14,38.2,38.2,ft^3/s,Approved,[],2026-01-08T19:01:24.536386+00:00,1d5974fd48b84c7994291b887ca03571
2025-08-15,22.1,22.1,ft^3/s,Approved,[],2026-01-08T19:01:24.536386+00:00,1d5974fd48b84c7994291b887ca03571
2025-08-16,18.0,18.0,ft^3/s,Approved,[],2026-01-08T19:01:24.536386+00:00,1d5974fd48b84c7994291b887ca03571
2025-08-17,15.5,15.5,ft^3/s,Approved,[],2026-01-08T19:01:24.536386+00:00,1d5974fd48b84c7994291b887ca03571
2025-08-18,15.1,15.1,ft^3/s,Approved,[],2026-01-08T19:01:24.536386+00:00,1d5974fd48b84c7994291b887ca03571
2025-08-19,14.4,14.4,ft^3/s,Approved,[],2026-01-08T19:01:24.536386+00:00,1d5974fd48b84c7994291b887ca03571
2025-08-20,13.8,13.8,ft^3/s,Approved,[],2026-01-08T19:01:24.536386+00:00,1d5974fd48b84c7994291b887ca03571
2025-08-21,192.0,192,ft^3/s,Approved,[],2026-01-08T19:01:24.536386+00:00,1d5974fd48b84c7994291b887ca03571
2025-08-22,77.4,77.4,ft^3/s,Approved,[],2026-01-08T19:01:24.536386+00:00,1d5974fd48b84c7994291b887ca03571
2025-08-23,35.3,35.3,ft^3/s,Approved,[],2026-01-08T19:01:24.536386+00:00,1d5974fd48b84c7994291b887ca03571
2025-08-24,27.8,27.8,ft^3/s,Approved,[],2026-01-08T19:01:24.536386+00:00,1d5974fd48b84c7994291b887ca03571
2025-08-25,24.5,24.5,ft^3/s,Approved,[],2026-01-08T19:01:24.536386+00:00,1d5974fd48b84c7994291b887ca03571
2025-08-26,19.3,19.3,ft^3/s,Approved,[],2026-01-08T19:01:24.536386+00:00,1d5974fd48b84c7994291b887ca03571
2025-08-27,17.1,17.1,ft^3/s,Approved,[],2026-01-08T19:01:24.536386+00:00,1d5974fd48b84c7994291b887ca03571
2025-08-28,14.9,14.9,ft^3/s,Approved,[],2026-01-08T19:01:24.536386+00:00,1d5974fd48b84c7994291b887ca03571
2025-08-29,14.1,14.1,ft^3/s,Approved,[],2026-01-08T19:01:24.536386+00:00,1d5974fd48b84c7994291b887ca03571
2025-08-30,14.6,14.6,ft^3/s,Approved,[],2026-01-08T19:01:24.536386+00:00,1d5974fd48b84c7994291b887ca03571
2025-08-31,19.5,19.5,ft^3/s,Approved,[],2026-01-08T19:01:24.536386+00:00,1d5974fd48b84c7994291b887ca03571
2025-09-01,22.2,22.2,ft^3/s,Approved,[],2026-01-08T19:01:24.536386+00:00,1d5974fd48b84c7994291b887ca03571
2025-09-02,18.8,18.8,ft^3/s,Approved,[],2026-01-08T19:01:24.536386+00:00,1d5974fd48b84c7994291b887ca03571
2025-09-03,16.6,16.6,ft^3/s,Approved,[],2026-01-08T19:01:24.536386+00:00,1d5974fd48b84c7994291b887ca03571
2025-09-04,13.6,13.6,ft^3/s,Approved,[],2026-01-08T19:01:24.536386+00:00,1d5974fd48b84c7994291b887ca03571
2025-09-05,12.9,12.9,ft^3/s,Approved,[],2026-01-08T19:01:24.536386+00:00,1d5974fd48b84c7994291b887ca03571
2025-09-06,14.3,14.3,ft^3/s,Approved,[],2026-01-08T19:01:24.536386+00:00,1d5974fd48b84c7994291b887ca03571
2025-09-07,34.9,34.9,ft^3/s,Approved,[],2026-01-08T19:01:24.536386+00:00,1d5974fd48b84c7994291b887ca03571
2025-09-08,23.6,23.6,ft^3/s,Approved,[],2026-01-08T19:01:24.536386+00:00,1d5974fd48b84c7994291b887ca03571
2025-09-09,17.4,17.4,ft^3/s,Approved,[],2026-01-08T19:01:24.536386+00:00,1d5974fd48b84c7994291b887ca03571
2025-09-10,15.5,15.5,ft^3/s,Approved,[],2026-01-08T19:01:24.536386+00:00,1d5974fd48b84c7994291b887ca03571
2025-09-11,14.1,14.1,ft^3/s,Approved,[],2026-01-08T19:01:24.536386+00:00,1d5974fd48b84c7994291b887ca03571
2025-09-12,14.7,14.7,ft^3/s,Approved,[],2026-01-08T19:01:24.536386+00:00,1d5974fd48b84c7994291b887ca03571
2025-09-13,13.8,13.8,ft^3/s,Approved,[],2026-01-08T19:01:24.536386+00:00,1d5974fd48b84c7994291b887ca03571
2025-09-14,14.2,14.2,ft^3/s,Approved,[],2026-01-08T19:01:24.536386+00:00,1d5974fd48b84c7994291b887ca03571
2025-09-15,14.3,14.3,ft^3/s,Approved,[],2026-01-08T19:01:24.536386+00:00,1d5974fd48b84c7994291b887ca03571
2025-09-16,12.0,12.0,ft^3/s,Approved,[],2026-01-08T19:01:24.536386+00:00,1d5974fd48b84c7994291b887ca03571
2025-09-17,9.79,9.79,ft^3/s,Approved,[],2026-01-08T19:01:24.536386+00:00,1d5974fd48b84c7994291b887ca03571
2025-09-18,9.22,9.22,ft^3/s,Approved,[],2026-01-08T19:01:24.536386+00:00,1d5974fd48b84c7994291b887ca03571
2025-09-19,8.44,8.44,ft^3/s,Approved,[],2026-01-08T19:01:24.536386+00:00,1d5974fd48b84c7994291b887ca03571
2025-09-20,9.98,9.98,ft^3/s,Approved,[],2026-01-08T19:01:24.536386+00:00,1d5974fd48b84c7994291b887ca03571
2025-09-21,9.47,9.47,ft^3/s,Approved,[],2026-01-08T19:01:24.536386+00:00,1d5974fd48b84c7994291b887ca03571
2025-09-22,9.74,9.74,ft^3/s,Approved,[],2026-01-08T19:01:24.536386+00:00,1d5974fd48b84c7994291b887ca03571
2025-09-23,6.81,6.81,ft^3/s,Approved,[],2026-01-08T19:01:24.536386+00:00,1d5974fd48b84c7994291b887ca03571
2025-09-24,6.9,6.90,ft^3/s,Approved,[],2026-01-08T19:01:24.536386+00:00,1d5974fd48b84c7994291b887ca03571
2025-09-25,7.18,7.18,ft^3/s,Approved,[],2026-01-08T19:01:24.536386+00:00,1d5974fd48b84c7994291b887ca03571
2025-09-26,5.88,5.88,ft^3/s,Approved,[],2026-01-08T19:01:24.536386+00:00,1d5974fd48b84c7994291b887ca03571
2025-09-27,5.12,5.12,ft^3/s,Approved,[],2026-01-08T19:01:24.536386+00:00,1d5974fd48b84c7994291b887ca03571
2025-09-28,6.5,6.50,ft^3/s,Approved,[],2026-01-08T19:01:24.536386+00:00,1d5974fd48b84c7994291b887ca03571
2025-09-29,7.69,7.69,ft^3/s,Approved,[],2026-01-08T19:01:24.536386+00:00,1d5974fd48b84c7994291b887ca03571
2025-09-30,7.12,7.12,ft^3/s,Approved,[],2026-01-08T19:01:24.536386+00:00,1d5974fd48b84c7994291b887ca03571
2025-10-01,4.79,4.79,ft^3/s,Approved,[],2026-01-08T19:01:24.536386+00:00,1d5974fd48b84c7994291b887ca03571
2025-10-02,2.96,2.96,ft^3/s,Approved,[],2026-01-08T19:01:24.536386+00:00,1d5974fd48b84c7994291b887ca03571
2025-10-03,1.99,1.99,ft^3/s,Approved,[],2026-01-08T19:01:24.536386+00:00,1d5974fd48b84c7994291b887ca03571
2025-10-04,2.2,2.20,ft^3/s,Approved,[],2026-01-08T19:01:24.536386+00:00,1d5974fd48b84c7994291b887ca03571
2025-10-05,3.79,3.79,ft^3/s,Approved,[],2026-01-08T19:01:24.536386+00:00,1d5974fd48b84c7994291b887ca03571
2025-10-06,4.38,4.38,ft^3/s,Approved,[],2026-01-08T19:01:24.536386+00:00,1d5974fd48b84c7994291b887ca03571
2025-10-07,4.66,4.66,ft^3/s,Approved,[],2026-01-08T19:01:24.536386+00:00,1d5974fd48b84c7994291b887ca03571
2025-10-08,3.65,3.65,ft^3/s,Approved,[],2026-01-08T19:01:24.536386+00:00,1d5974fd48b84c7994291b887ca03571
2025-10-09,4.12,4.12,ft^3/s,Approved,[],2026-01-08T19:01:24.536386+00:00,1d5974fd48b84c7994291b887ca03571
2025-10-10,6.4,6.40,ft^3/s,Approved,[],2026-01-08T19:01:24.536386+00:00,1d5974fd48b84c7994291b887ca03571
2025-10-11,6.42,6.42,ft^3/s,Approved,[],2026-01-08T19:01:24.536386+00:00,1d5974fd48b84c7994291b887ca03571
2025-10-12,6.98,6.98,ft^3/s,Approved,[],2026-01-08T19:01:24.536386+00:00,1d5974fd48b84c7994291b887ca03571
2025-10-13,7.19,7.19,ft^3/s,Approved,[],2026-01-08T19:01:24.536386+00:00,1d5974fd48b84c7994291b887ca03571
2025-10-14,5.08,5.08,ft^3/s,Approved,[],2026-01-08T19:01:24.536386+00:00,1d5974fd48b84c7994291b887ca03571
2025-10-15,3.48,3.48,ft^3/s,Approved,[],2026-01-08T19:01:24.536386+00:00,1d5974fd48b84c7994291b887ca03571
2025-10-16,3.49,3.49,ft^3/s,Approved,[],2026-01-08T19:01:24.536386+00:00,1d5974fd48b84c7994291b887ca03571
2025-10-17,3.47,3.47,ft^3/s,Approved,[],2026-01-08T19:01:24.536386+00:00,1d5974fd48b84c7994291b887ca03571
2025-10-18,4.07,4.07,ft^3/s,Approved,[],2026-01-08T19:01:24.536386+00:00,1d5974fd48b84c7994291b887ca03571
2025-10-19,4.94,4.94,ft^3/s,Approved,[],2026-01-08T19:01:24.536386+00:00,1d5974fd48b84c7994291b887ca03571
2025-10-20,5.25,5.25,ft^3/s,Approved,[],2026-01-08T19:01:24.536386+00:00,1d5974fd48b84c7994291b887ca03571
2025-10-21,3.75,3.75,ft^3/s,Approved,[],2026-01-08T19:01:24.536386+00:00,1d5974fd48b84c7994291b887ca03571
2025-10-22,3.9,3.90,ft^3/s,Approved,[],2026-01-08T19:01:24.536386+00:00,1d5974fd48b84c7994291b887ca03571
2025-10-23,2.74,2.74,ft^3/s,Approved,[],2026-01-08T19:01:24.536386+00:00,1d5974fd48b84c7994291b887ca03571
2025-10-24,5.66,5.66,ft^3/s,Approved,[],2026-01-08T19:01:24.536386+00:00,1d5974fd48b84c7994291b887ca03571
2025-10-25,282.0,282,ft^3/s,Approved,[],2026-01-08T19:01:24.536386+00:00,1d5974fd48b84c7994291b887ca03571
2025-10-26,256.0,256,ft^3/s,Approved,[],2026-01-08T19:01:24.536386+00:00,1d5974fd48b84c7994291b887ca03571
2025-10-27,103.0,103,ft^3/s,Approved,[],2026-01-08T19:01:24.536386+00:00,1d5974fd48b84c7994291b887ca03571
2025-10-28,78.1,78.1,ft^3/s,Approved,"[""ESTIMATED""]",2026-01-08T19:01:24.536386+00:00,1d5974fd48b84c7994291b887ca03571
2025-10-29,57.1,57.1,ft^3/s,Approved,"[""ESTIMATED""]",2026-01-08T19:01:24.536386+00:00,1d5974fd48b84c7994291b887ca03571
2025-10-30,40.2,40.2,ft^3/s,Approved,[],2026-01-08T19:01:24.536386+00:00,1d5974fd48b84c7994291b887ca03571
2025-10-31,29.4,29.4,ft^3/s,Approved,[],2026-01-08T19:01:24.536386+00:00,1d5974fd48b84c7994291b887ca03571
2025-11-01,25.1,25.1,ft^3/s,Approved,[],2026-01-08T19:01:24.536386+00:00,1d5974fd48b84c7994291b887ca03571
2025-11-02,22.9,22.9,ft^3/s,Approved,[],2026-01-08T19:01:24.536386+00:00,1d5974fd48b84c7994291b887ca03571
2025-11-03,19.9,19.9,ft^3/s,Approved,[],2026-01-08T19:01:24.536386+00:00,1d5974fd48b84c7994291b887ca03571
2025-11-04,18.2,18.2,ft^3/s,Approved,[],2026-01-08T19:01:24.536386+00:00,1d5974fd48b84c7994291b887ca03571
2025-11-05,16.9,16.9,ft^3/s,Approved,[],2026-01-08T19:01:24.536386+00:00,1d5974fd48b84c7994291b887ca03571
2025-11-06,16.2,16.2,ft^3/s,Approved,[],2026-01-08T19:01:24.536386+00:00,1d5974fd48b84c7994291b887ca03571
2025-11-07,16.2,16.2,ft^3/s,Approved,[],2026-01-08T19:01:24.536386+00:00,1d5974fd48b84c7994291b887ca03571
2025-11-08,16.2,16.2,ft^3/s,Approved,[],2026-01-08T19:01:24.536386+00:00,1d5974fd48b84c7994291b887ca03571
2025-11-09,15.6,15.6,ft^3/s,Approved,[],2026-01-08T19:01:24.536386+00:00,1d5974fd48b84c7994291b887ca03571
2025-11-10,14.3,14.3,ft^3/s,Approved,[],2026-01-08T19:01:24.536386+00:00,1d5974fd48b84c7994291b887ca03571
2025-11-11,14.0,14.0,ft^3/s,Approved,[],2026-01-08T19:01:24.536386+00:00,1d5974fd48b84c7994291b887ca03571
2025-11-12,13.8,13.8,ft^3/s,Approved,[],2026-01-08T19:01:24.536386+00:00,1d5974fd48b84c7994291b887ca03571
2025-11-13,14.0,14.0,ft^3/s,Approved,[],2026-01-08T19:01:24.536386+00:00,1d5974fd48b84c7994291b887ca03571
2025-11-14,13.3,13.3,ft^3/s,Approved,[],2026-01-08T19:01:24.536386+00:00,1d5974fd48b84c7994291b887ca03571
2025-11-15,13.3,13.3,ft^3/s,Approved,[],2026-01-08T19:01:24.536386+00:00,1d5974fd48b84c7994291b887ca03571
2025-11-16,14.3,14.3,ft^3/s,Approved,[],2026-01-08T19:01:24.536386+00:00,1d5974fd48b84c7994291b887ca03571
2025-11-17,14.0,14.0,ft^3/s,Approved,[],2026-01-08T19:01:24.536386+00:00,1d5974fd48b84c7994291b887ca03571
2025-11-18,13.6,13.6,ft^3/s,Approved,[],2026-01-08T19:01:24.536386+00:00,1d5974fd48b84c7994291b887ca03571
2025-11-19,14.0,14.0,ft^3/s,Approved,[],2026-01-08T19:01:24.536386+00:00,1d5974fd48b84c7994291b887ca03571
2025-11-20,28.6,28.6,ft^3/s,Approved,[],2026-01-08T19:01:24.536386+00:00,1d5974fd48b84c7994291b887ca03571
2025-11-21,20.3,20.3,ft^3/s,Approved,[],2026-01-08T19:01:24.536386+00:00,1d5974fd48b84c7994291b887ca03571
2025-11-22,17.7,17.7,ft^3/s,Approved,[],2026-01-08T19:01:24.536386+00:00,1d5974fd48b84c7994291b887ca03571
2025-11-23,16.7,16.7,ft^3/s,Approved,[],2026-01-08T19:01:24.536386+00:00,1d5974fd48b84c7994291b887ca03571
2025-11-24,17.3,17.3,ft^3/s,Approved,[],2026-01-08T19:01:24.536386+00:00,1d5974fd48b84c7994291b887ca03571
2025-11-25,16.4,16.4,ft^3/s,Approved,[],2026-01-08T19:01:24.536386+00:00,1d5974fd48b84c7994291b887ca03571
2025-11-26,15.1,15.1,ft^3/s,Approved,[],2026-01-08T19:01:24.536386+00:00,1d5974fd48b84c7994291b887ca03571
2025-11-27,14.0,14.0,ft^3/s,Approved,[],2026-01-08T19:01:24.536386+00:00,1d5974fd48b84c7994291b887ca03571
2025-11-28,14.5,14.5,ft^3/s,Approved,[],2026-01-08T19:01:24.536386+00:00,1d5974fd48b84c7994291b887ca03571
2025-11-29,14.2,14.2,ft^3/s,Approved,[],2026-01-08T19:01:24.536386+00:00,1d5974fd48b84c7994291b887ca03571
2025-11-30,14.2,14.2,ft^3/s,Approved,[],2026-01-08T19:01:24.536386+00:00,1d5974fd48b84c7994291b887ca03571
2025-12-01,14.2,14.2,ft^3/s,Approved,[],2026-01-08T19:01:24.536386+00:00,1d5974fd48b84c7994291b887ca03571
2025-12-02,15.0,15.0,ft^3/s,Approved,[],2026-01-08T19:01:24.536386+00:00,1d5974fd48b84c7994291b887ca03571
2025-12-03,14.9,14.9,ft^3/s,Approved,[],2026-01-08T19:01:24.536386+00:00,1d5974fd48b84c7994291b887ca03571
2025-12-04,16.5,16.5,ft^3/s,Approved,[],2026-01-08T19:01:24.536386+00:00,1d5974fd48b84c7994291b887ca03571
2025-12-05,16.8,16.8,ft^3/s,Approved,[],2026-01-08T19:01:24.536386+00:00,1d5974fd48b84c7994291b887ca03571
2025-12-06,16.7,16.7,ft^3/s,Approved,[],2026-01-08T19:01:24.536386+00:00,1d5974fd48b84c7994291b887ca03571
2025-12-07,16.8,16.8,ft^3/s,Approved,[],2026-01-08T19:01:24.536386+00:00,1d5974fd48b84c7994291b887ca03571
2025-12-08,15.6,15.6,ft^3/s,Approved,[],2026-01-08T19:01:24.536386+00:00,1d5974fd48b84c7994291b887ca03571
2025-12-09,16.1,16.1,ft^3/s,Approved,[],2026-01-08T19:01:24.536386+00:00,1d5974fd48b84c7994291b887ca03571
2025-12-10,16.4,16.4,ft^3/s,Approved,[],2026-01-08T19:01:24.536386+00:00,1d5974fd48b84c7994291b887ca03571
2025-12-11,14.9,14.9,ft^3/s,Approved,[],2026-01-08T19:01:24.536386+00:00,1d5974fd48b84c7994291b887ca03571
2025-12-12,16.6,16.6,ft^3/s,Approved,[],2026-01-08T19:01:24.536386+00:00,1d5974fd48b84c7994291b887ca03571
2025-12-13,16.0,16.0,ft^3/s,Approved,[],2026-01-08T19:01:24.536386+00:00,1d5974fd48b84c7994291b887ca03571
2025-12-14,15.6,15.6,ft^3/s,Approved,[],2026-01-08T19:01:24.536386+00:00,1d5974fd48b84c7994291b887ca03571
2025-12-15,16.0,16.0,ft^3/s,Approved,[],2026-03-19T13:26:14.047066+00:00,1d5974fd48b84c7994291b887ca03571
2025-12-16,16.0,16.0,ft^3/s,Approved,[],2026-03-19T13:26:14.047066+00:00,1d5974fd48b84c7994291b887ca03571
2025-12-17,16.7,16.7,ft^3/s,Approved,[],2026-03-19T13:26:14.047066+00:00,1d5974fd48b84c7994291b887ca03571
2025-12-18,17.6,17.6,ft^3/s,Approved,[],2026-03-19T13:26:14.047066+00:00,1d5974fd48b84c7994291b887ca03571
2025-12-19,17.5,17.5,ft^3/s,Approved,[],2026-03-19T13:26:14.047066+00:00,1d5974fd48b84c7994291b887ca03571
2025-12-20,17.0,17.0,ft^3/s,Approved,[],2026-03-19T13:26:14.047066+00:00,1d5974fd48b84c7994291b887ca03571
2025-12-21,17.2,17.2,ft^3/s,Approved,[],2026-03-19T13:26:14.047066+00:00,1d5974fd48b84c7994291b887ca03571
2025-12-22,17.3,17.3,ft^3/s,Approved,[],2026-03-19T13:26:14.047066+00:00,1d5974fd48b84c7994291b887ca03571
2025-12-23,17.3,17.3,ft^3/s,Approved,[],2026-03-19T13:26:14.047066+00:00,1d5974fd48b84c7994291b887ca03571
2025-12-24,17.7,17.7,ft^3/s,Approved,[],2026-03-19T13:26:14.047066+00:00,1d5974fd48b84c7994291b887ca03571
2025-12-25,18.4,18.4,ft^3/s,Approved,[],2026-03-19T13:26:14.047066+00:00,1d5974fd48b84c7994291b887ca03571
2025-12-26,17.7,17.7,ft^3/s,Approved,[],2026-03-19T13:26:14.047066+00:00,1d5974fd48b84c7994291b887ca03571
2025-12-27,17.6,17.6,ft^3/s,Approved,[],2026-03-19T13:26:14.047066+00:00,1d5974fd48b84c7994291b887ca03571
2025-12-28,17.4,17.4,ft^3/s,Approved,[],2026-03-19T13:26:14.047066+00:00,1d5974fd48b84c7994291b887ca03571
2025-12-29,16.9,16.9,ft^3/s,Approved,[],2026-03-19T13:26:14.047066+00:00,1d5974fd48b84c7994291b887ca03571
2025-12-30,16.3,16.3,ft^3/s,Approved,[],2026-03-19T13:26:14.047066+00:00,1d5974fd48b84c7994291b887ca03571
2025-12-31,16.4,16.4,ft^3/s,Approved,[],2026-03-19T13:26:14.047066+00:00,1d5974fd48b84c7994291b887ca03571
2026-01-01,17.0,17.0,ft^3/s,Approved,[],2026-03-19T13:26:14.047066+00:00,1d5974fd48b84c7994291b887ca03571
2026-01-02,16.9,16.9,ft^3/s,Approved,[],2026-03-19T13:26:14.047066+00:00,1d5974fd48b84c7994291b887ca03571
2026-01-03,16.7,16.7,ft^3/s,Approved,[],2026-03-19T13:26:14.047066+00:00,1d5974fd48b84c7994291b887ca03571
2026-01-04,16.0,16.0,ft^3/s,Approved,[],2026-03-19T13:26:14.047066+00:00,1d5974fd48b84c7994291b887ca03571
2026-01-05,16.6,16.6,ft^3/s,Approved,[],2026-03-19T13:26:14.047066+00:00,1d5974fd48b84c7994291b887ca03571
2026-01-06,16.4,16.4,ft^3/s,Approved,[],2026-03-19T13:26:14.047066+00:00,1d5974fd48b84c7994291b887ca03571
2026-01-07,16.1,16.1,ft^3/s,Approved,[],2026-03-19T13:26:14.047066+00:00,1d5974fd48b84c7994291b887ca03571
2026-01-08,16.0,16.0,ft^3/s,Approved,[],2026-03-19T13:26:14.047066+00:00,1d5974fd48b84c7994291b887ca03571
2026-01-09,16.3,16.3,ft^3/s,Approved,[],2026-03-19T13:26:14.047066+00:00,1d5974fd48b84c7994291b887ca03571
2026-01-10,16.6,16.6,ft^3/s,Approved,[],2026-03-19T13:26:14.047066+00:00,1d5974fd48b84c7994291b887ca03571
2026-01-11,16.7,16.7,ft^3/s,Approved,[],2026-03-19T13:26:14.047066+00:00,1d5974fd48b84c7994291b887ca03571
2026-01-12,17.2,17.2,ft^3/s,Approved,[],2026-03-19T13:26:14.047066+00:00,1d5974fd48b84c7994291b887ca03571
2026-01-13,17.1,17.1,ft^3/s,Approved,[],2026-03-19T13:26:14.047066+00:00,1d5974fd48b84c7994291b887ca03571
2026-01-14,16.7,16.7,ft^3/s,Approved,[],2026-03-19T13:26:14.047066+00:00,1d5974fd48b84c7994291b887ca03571
2026-01-15,16.2,16.2,ft^3/s,Approved,[],2026-03-19T13:26:14.047066+00:00,1d5974fd48b84c7994291b887ca03571
2026-01-16,17.1,17.1,ft^3/s,Approved,[],2026-03-19T13:26:14.047066+00:00,1d5974fd48b84c7994291b887ca03571
2026-01-17,16.6,16.6,ft^3/s,Approved,[],2026-03-19T13:26:14.047066+00:00,1d5974fd48b84c7994291b887ca03571
2026-01-18,16.6,16.6,ft^3/s,Approved,[],2026-03-19T13:26:14.047066+00:00,1d5974fd48b84c7994291b887ca03571
2026-01-19,17.3,17.3,ft^3/s,Approved,[],2026-03-19T13:26:14.047066+00:00,1d5974fd48b84c7994291b887ca03571
2026-01-20,16.3,16.3,ft^3/s,Approved,[],2026-03-19T13:26:14.047066+00:00,1d5974fd48b84c7994291b887ca03571
2026-01-21,16.9,16.9,ft^3/s,Approved,[],2026-03-19T13:26:14.047066+00:00,1d5974fd48b84c7994291b887ca03571
2026-01-22,17.4,17.4,ft^3/s,Approved,[],2026-03-19T13:26:14.047066+00:00,1d5974fd48b84c7994291b887ca03571
2026-01-23,17.9,17.9,ft^3/s,Approved,[],2026-03-19T13:26:14.047066+00:00,1d5974fd48b84c7994291b887ca03571
2026-01-24,394.0,394,ft^3/s,Approved,[],2026-03-19T13:26:14.047066+00:00,1d5974fd48b84c7994291b887ca03571
2026-01-25,240.0,240,ft^3/s,Approved,[],2026-03-19T13:26:14.047066+00:00,1d5974fd48b84c7994291b887ca03571
2026-01-26,123.0,123,ft^3/s,Approved,[],2026-03-19T13:26:14.047066+00:00,1d5974fd48b84c7994291b887ca03571
2026-01-27,91.5,91.5,ft^3/s,Approved,[],2026-03-19T13:26:14.047066+00:00,1d5974fd48b84c7994291b887ca03571
2026-01-28,74.2,74.2,ft^3/s,Approved,[],2026-03-19T13:26:14.047066+00:00,1d5974fd48b84c7994291b887ca03571
2026-01-29,57.9,57.9,ft^3/s,Approved,[],2026-03-19T13:26:14.047066+00:00,1d5974fd48b84c7994291b887ca03571
2026-01-30,45.8,45.8,ft^3/s,Approved,[],2026-03-19T13:26:14.047066+00:00,1d5974fd48b84c7994291b887ca03571
2026-01-31,36.9,36.9,ft^3/s,Approved,[],2026-03-19T13:26:14.047066+00:00,1d5974fd48b84c7994291b887ca03571
2026-02-01,35.2,35.2,ft^3/s,Approved,[],2026-03-19T13:26:14.047066+00:00,1d5974fd48b84c7994291b887ca03571
2026-02-02,33.1,33.1,ft^3/s,Approved,[],2026-03-19T13:26:14.047066+00:00,1d5974fd48b84c7994291b887ca03571
2026-02-03,31.0,31.0,ft^3/s,Approved,[],2026-03-19T13:26:14.047066+00:00,1d5974fd48b84c7994291b887ca03571
2026-02-04,28.2,28.2,ft^3/s,Approved,[],2026-03-19T13:26:14.047066+00:00,1d5974fd48b84c7994291b887ca03571
2026-02-05,27.7,27.7,ft^3/s,Approved,[],2026-03-19T13:26:14.047066+00:00,1d5974fd48b84c7994291b887ca03571
2026-02-06,27.2,27.2,ft^3/s,Approved,[],2026-03-19T13:26:14.047066+00:00,1d5974fd48b84c7994291b887ca03571
2026-02-07,25.6,25.6,ft^3/s,Approved,[],2026-03-19T13:26:14.047066+00:00,1d5974fd48b84c7994291b887ca03571
2026-02-08,24.9,24.9,ft^3/s,Approved,[],2026-03-19T13:26:14.047066+00:00,1d5974fd48b84c7994291b887ca03571
2026-02-09,23.1,23.1,ft^3/s,Approved,[],2026-03-19T13:26:14.047066+00:00,1d5974fd48b84c7994291b887ca03571
2026-02-10,21.2,21.2,ft^3/s,Approved,[],2026-03-19T13:26:14.047066+00:00,1d5974fd48b84c7994291b887ca03571
2026-02-11,19.5,19.5,ft^3/s,Approved,[],2026-03-19T13:26:14.047066+00:00,1d5974fd48b84c7994291b887ca03571
2026-02-12,18.6,18.6,ft^3/s,Approved,[],2026-03-19T13:26:14.047066+00:00,1d5974fd48b84c7994291b887ca03571
2026-02-13,19.0,19.0,ft^3/s,Approved,[],2026-03-19T13:26:14.047066+00:00,1d5974fd48b84c7994291b887ca03571
2026-02-14,40.0,40.0,ft^3/s,Approved,[],2026-03-19T13:26:14.047066+00:00,1d5974fd48b84c7994291b887ca03571
2026-02-15,40.9,40.9,ft^3/s,Approved,[],2026-03-19T13:26:14.047066+00:00,1d5974fd48b84c7994291b887ca03571
2026-02-16,31.5,31.5,ft^3/s,Approved,[],2026-03-19T13:26:14.047066+00:00,1d5974fd48b84c7994291b887ca03571
2026-02-17,28.1,28.1,ft^3/s,Approved,[],2026-03-19T13:26:14.047066+00:00,1d5974fd48b84c7994291b887ca03571
2026-02-18,26.1,26.1,ft^3/s,Approved,[],2026-03-19T13:26:14.047066+00:00,1d5974fd48b84c7994291b887ca03571
2026-02-19,25.4,25.4,ft^3/s,Approved,[],2026-03-19T13:26:14.047066+00:00,1d5974fd48b84c7994291b887ca03571
2026-02-20,22.6,22.6,ft^3/s,Approved,[],2026-03-19T13:26:14.047066+00:00,1d5974fd48b84c7994291b887ca03571
2026-02-21,21.0,21.0,ft^3/s,Approved,[],2026-03-19T13:26:14.047066+00:00,1d5974fd48b84c7994291b887ca03571
2026-02-22,20.0,20.0,ft^3/s,Approved,[],2026-03-19T13:26:14.047066+00:00,1d5974fd48b84c7994291b887ca03571
2026-02-23,20.0,20.0,ft^3/s,Approved,[],2026-03-19T13:26:14.047066+00:00,1d5974fd48b84c7994291b887ca03571
2026-02-24,19.4,19.4,ft^3/s,Approved,[],2026-03-19T13:26:14.047066+00:00,1d5974fd48b84c7994291b887ca03571
2026-02-25,18.7,18.7,ft^3/s,Approved,[],2026-03-19T13:26:14.047066+00:00,1d5974fd48b84c7994291b887ca03571
2026-02-26,17.5,17.5,ft^3/s,Approved,[],2026-03-19T13:26:14.047066+00:00,1d5974fd48b84c7994291b887ca03571
2026-02-27,17.0,17.0,ft^3/s,Approved,[],2026-03-19T13:26:14.047066+00:00,1d5974fd48b84c7994291b887ca03571
2026-02-28,16.3,16.3,ft^3/s,Approved,[],2026-03-19T13:26:14.047066+00:00,1d5974fd48b84c7994291b887ca03571
2026-03-01,16.7,16.7,ft^3/s,Approved,[],2026-03-19T13:26:14.047066+00:00,1d5974fd48b84c7994291b887ca03571
2026-03-02,16.2,16.2,ft^3/s,Approved,[],2026-03-19T13:26:14.047066+00:00,1d5974fd48b84c7994291b887ca03571
2026-03-03,16.0,16.0,ft^3/s,Approved,[],2026-03-19T13:26:14.047066+00:00,1d5974fd48b84c7994291b887ca03571
2026-03-04,14.9,14.9,ft^3/s,Approved,[],2026-03-19T13:26:14.047066+00:00,1d5974fd48b84c7994291b887ca03571
2026-03-05,14.2,14.2,ft^3/s,Approved,[],2026-03-19T13:26:14.047066+00:00,1d5974fd48b84c7994291b887ca03571
2026-03-06,14.0,14.0,ft^3/s,Approved,[],2026-03-19T13:26:14.047066+00:00,1d5974fd48b84c7994291b887ca03571
2026-03-07,21.0,21.0,ft^3/s,Approved,[],2026-03-19T13:26:14.047066+00:00,1d5974fd48b84c7994291b887ca03571
2026-03-08,23.3,23.3,ft^3/s,Approved,[],2026-03-19T13:26:14.047066+00:00,1d5974fd48b84c7994291b887ca03571
2026-03-09,23.2,23.2,ft^3/s,Approved,[],2026-03-19T13:26:14.047066+00:00,1d5974fd48b84c7994291b887ca03571
2026-03-10,22.0,22.0,ft^3/s,Approved,[],2026-03-19T13:26:14.047066+00:00,1d5974fd48b84c7994291b887ca03571
2026-03-11,71.4,71.4,ft^3/s,Approved,[],2026-08-25T19:29:15.051348+00:00,1d5974fd48b84c7994291b887ca03571
2026-03-12,38.2,38.2,ft^3/s,Approved,[],2026-08-25T19:29:15.051348+00:00,1d5974fd48b84c7994291b887ca03571
2026-03-13,30.6,30.6,ft^3/s,Approved,[],2026-08-25T19:29:15.051348+00:00,1d5974fd48b84c7994291b887ca03571
2026-03-14,27.0,27.0,ft^3/s,Approved,[],2026-08-25T19:29:15.051348+00:00,1d5974fd48b84c7994291b887ca03571
2026-03-15,24.3,24.3,ft^3/s,Approved,[],2026-08-25T19:29:15.051348+00:00,1d5974fd48b84c7994291b887ca03571
2026-03-16,20.7,20.7,ft^3/s,Approved,[],2026-08-25T19:29:15.051348+00:00,1d5974fd48b84c7994291b887ca03571
2026-03-17,21.8,21.8,ft^3/s,Approved,[],2026-08-25T19:29:15.051348+00:00,1d5974fd48b84c7994291b887ca03571
2026-03-18,19.9,19.9,ft^3/s,Approved,[],2026-08-25T19:29:15.051348+00:00,1d5974fd48b84c7994291b887ca03571
2026-03-19,19.2,19.2,ft^3/s,Approved,[],2026-08-25T19:29:15.051348+00:00,1d5974fd48b84c7994291b887ca03571
2026-03-20,17.7,17.7,ft^3/s,Approved,[],2026-08-25T19:29:15.051348+00:00,1d5974fd48b84c7994291b887ca03571
2026-03-21,19.0,19.0,ft^3/s,Approved,[],2026-08-25T19:29:15.051348+00:00,1d5974fd48b84c7994291b887ca03571
2026-03-22,19.0,19.0,ft^3/s,Approved,[],2026-08-25T19:29:15.051348+00:00,1d5974fd48b84c7994291b887ca03571
2026-03-23,17.2,17.2,ft^3/s,Approved,[],2026-08-25T19:29:15.051348+00:00,1d5974fd48b84c7994291b887ca03571
2026-03-24,17.2,17.2,ft^3/s,Approved,[],2026-08-25T19:29:15.051348+00:00,1d5974fd48b84c7994291b887ca03571
2026-03-25,16.0,16.0,ft^3/s,Approved,[],2026-08-25T19:29:15.051348+00:00,1d5974fd48b84c7994291b887ca03571
2026-03-26,15.5,15.5,ft^3/s,Approved,[],2026-08-25T19:29:15.051348+00:00,1d5974fd48b84c7994291b887ca03571
2026-03-27,15.3,15.3,ft^3/s,Approved,[],2026-08-25T19:29:15.051348+00:00,1d5974fd48b84c7994291b887ca03571
2026-03-28,14.9,14.9,ft^3/s,Approved,[],2026-08-25T19:29:15.051348+00:00,1d5974fd48b84c7994291b887ca03571
2026-03-29,14.5,14.5,ft^3/s,Approved,[],2026-08-25T19:29:15.051348+00:00,1d5974fd48b84c7994291b887ca03571
2026-03-30,14.1,14.1,ft^3/s,Approved,[],2026-08-25T19:29:15.051348+00:00,1d5974fd48b84c7994291b887ca03571
2026-03-31,14.6,14.6,ft^3/s,Approved,[],2026-08-25T19:29:15.051348+00:00,1d5974fd48b84c7994291b887ca03571
2026-04-01,12.7,12.7,ft^3/s,Approved,[],2026-08-25T19:29:15.051348+00:00,1d5974fd48b84c7994291b887ca03571
2026-04-02,166.0,166,ft^3/s,Approved,[],2026-08-25T19:29:15.051348+00:00,1d5974fd48b84c7994291b887ca03571
2026-04-03,99.9,99.9,ft^3/s,Approved,[],2026-08-25T19:29:15.051348+00:00,1d5974fd48b84c7994291b887ca03571
2026-04-04,156.0,156,ft^3/s,Approved,[],2026-08-25T19:29:15.051348+00:00,1d5974fd48b84c7994291b887ca03571
2026-04-05,150.0,150,ft^3/s,Approved,[],2026-08-25T19:29:15.051348+00:00,1d5974fd48b84c7994291b887ca03571
2026-04-06,84.0,84.0,ft^3/s,Approved,[],2026-08-25T19:29:15.051348+00:00,1d5974fd48b84c7994291b887ca03571
2026-04-07,60.5,60.5,ft^3/s,Approved,[],2026-08-25T19:29:15.051348+00:00,1d5974fd48b84c7994291b887ca03571
2026-04-08,49.3,49.3,ft^3/s,Approved,[],2026-08-25T19:29:15.051348+00:00,1d5974fd48b84c7994291b887ca03571
2026-04-09,73.4,73.4,ft^3/s,Approved,[],2026-08-25T19:29:15.051348+00:00,1d5974fd48b84c7994291b887ca03571
2026-04-10,51.4,51.4,ft^3/s,Approved,[],2026-08-25T19:29:15.051348+00:00,1d5974fd48b84c7994291b887ca03571
2026-04-11,44.0,44.0,ft^3/s,Approved,[],2026-08-25T19:29:15.051348+00:00,1d5974fd48b84c7994291b887ca03571
2026-04-12,51.0,51.0,ft^3/s,Approved,[],2026-08-25T19:29:15.051348+00:00,1d5974fd48b84c7994291b887ca03571
2026-04-13,55.2,55.2,ft^3/s,Approved,[],2026-08-25T19:29:15.051348+00:00,1d5974fd48b84c7994291b887ca03571
2026-04-14,45.7,45.7,ft^3/s,Approved,[],2026-08-25T19:29:15.051348+00:00,1d5974fd48b84c7994291b887ca03571
2026-04-15,39.9,39.9,ft^3/s,Approved,[],2026-08-25T19:29:15.051348+00:00,1d5974fd48b84c7994291b887ca03571
2026-04-16,35.6,35.6,ft^3/s,Approved,[],2026-08-25T19:29:15.051348+00:00,1d5974fd48b84c7994291b887ca03571
2026-04-17,33.1,33.1,ft^3/s,Approved,[],2026-08-25T19:29:15.051348+00:00,1d5974fd48b84c7994291b887ca03571
2026-04-18,40.0,40.0,ft^3/s,Approved,[],2026-08-25T19:29:15.051348+00:00,1d5974fd48b84c7994291b887ca03571
2026-04-19,50.2,50.2,ft^3/s,Approved,[],2026-08-25T19:29:15.051348+00:00,1d5974fd48b84c7994291b887ca03571
2026-04-20,55.9,55.9,ft^3/s,Approved,[],2026-08-25T19:29:15.051348+00:00,1d5974fd48b84c7994291b887ca03571
2026-04-21,489.0,489,ft^3/s,Approved,[],2026-08-25T19:29:15.051348+00:00,1d5974fd48b84c7994291b887ca03571
2026-04-22,306.0,306,ft^3/s,Approved,[],2026-08-25T19:29:15.051348+00:00,1d5974fd48b84c7994291b887ca03571
2026-04-23,159.0,159,ft^3/s,Approved,[],2026-08-25T19:29:15.051348+00:00,1d5974fd48b84c7994291b887ca03571
2026-04-24,113.0,113,ft^3/s,Approved,[],2026-08-25T19:29:15.051348+00:00,1d5974fd48b84c7994291b887ca03571
2026-04-25,86.8,86.8,ft^3/s,Approved,[],2026-08-25T19:29:15.051348+00:00,1d5974fd48b84c7994291b887ca03571
2026-04-26,71.7,71.7,ft^3/s,Approved,[],2026-08-25T19:29:15.051348+00:00,1d5974fd48b84c7994291b887ca03571
2026-04-27,60.1,60.1,ft^3/s,Approved,[],2026-08-25T19:29:15.051348+00:00,1d5974fd48b84c7994291b887ca03571
2026-04-28,54.5,54.5,ft^3/s,Approved,[],2026-08-25T19:29:15.051348+00:00,1d5974fd48b84c7994291b887ca03571
2026-04-29,49.5,49.5,ft^3/s,Approved,[],2026-08-25T19:29:15.051348+00:00,1d5974fd48b84c7994291b887ca03571
2026-04-30,91.5,91.5,ft^3/s,Approved,[],2026-08-25T19:29:15.051348+00:00,1d5974fd48b84c7994291b887ca03571
2026-05-01,308.0,308,ft^3/s,Approved,[],2026-08-25T19:29:15.051348+00:00,1d5974fd48b84c7994291b887ca03571
2026-05-02,253.0,253,ft^3/s,Approved,[],2026-08-25T19:29:15.051348+00:00,1d5974fd48b84c7994291b887ca03571
2026-05-03,136.0,136,ft^3/s,Approved,[],2026-08-25T19:29:15.051348+00:00,1d5974fd48b84c7994291b887ca03571
2026-05-04,101.0,101,ft^3/s,Approved,[],2026-08-25T19:29:15.051348+00:00,1d5974fd48b84c7994291b887ca03571
2026-05-05,82.3,82.3,ft^3/s,Approved,[],2026-08-25T19:29:15.051348+00:00,1d5974fd48b84c7994291b887ca03571
2026-05-06,69.9,69.9,ft^3/s,Approved,[],2026-08-25T19:29:15.051348+00:00,1d5974fd48b84c7994291b887ca03571
2026-05-07,62.7,62.7,ft^3/s,Approved,[],2026-08-25T19:29:15.051348+00:00,1d5974fd48b84c7994291b887ca03571
2026-05-08,55.9,55.9,ft^3/s,Approved,[],2026-08-25T19:29:15.051348+00:00,1d5974fd48b84c7994291b887ca03571
2026-05-09,50.1,50.1,ft^3/s,Approved,[],2026-08-25T19:29:15.051348+00:00,1d5974fd48b84c7994291b887ca03571
2026-05-10,139.0,139,ft^3/s,Approved,[],2026-08-25T19:29:15.051348+00:00,1d5974fd48b84c7994291b887ca03571
2026-05-11,247.0,247,ft^3/s,Approved,[],2026-08-25T19:29:15.051348+00:00,1d5974fd48b84c7994291b887ca03571
2026-05-12,122.0,122,ft^3/s,Approved,[],2026-08-25T19:29:15.051348+00:00,1d5974fd48b84c7994291b887ca03571
2026-05-13,80.4,80.4,ft^3/s,Approved,[],2026-08-25T19:29:15.051348+00:00,1d5974fd48b84c7994291b887ca03571
2026-05-14,62.5,62.5,ft^3/s,Approved,[],2026-08-25T19:29:15.051348+00:00,1d5974fd48b84c7994291b887ca03571
2026-05-15,50.5,50.5,ft^3/s,Approved,[],2026-08-25T19:29:15.051348+00:00,1d5974fd48b84c7994291b887ca03571
2026-05-16,43.9,43.9,ft^3/s,Approved,[],2026-08-25T19:29:15.051348+00:00,1d5974fd48b84c7994291b887ca03571
2026-05-17,40.9,40.9,ft^3/s,Approved,[],2026-08-25T19:29:15.051348+00:00,1d5974fd48b84c7994291b887ca03571
2026-05-18,37.4,37.4,ft^3/s,Approved,[],2026-08-25T19:29:15.051348+00:00,1d5974fd48b84c7994291b887ca03571
2026-05-19,280.0,280,ft^3/s,Approved,[],2026-08-25T19:29:15.051348+00:00,1d5974fd48b84c7994291b887ca03571
2026-05-20,408.0,408,ft^3/s,Approved,[],2026-08-25T19:29:15.051348+00:00,1d5974fd48b84c7994291b887ca03571
2026-05-21,269.0,269,ft^3/s,Approved,[],2026-08-25T19:29:15.051348+00:00,1d5974fd48b84c7994291b887ca03571
2026-05-22,298.0,298,ft^3/s,Approved,[],2026-08-25T19:29:15.051348+00:00,1d5974fd48b84c7994291b887ca03571
2026-05-23,145.0,145,ft^3/s,Approved,[],2026-08-25T19:29:15.051348+00:00,1d5974fd48b84c7994291b887ca03571
2026-05-24,103.0,103,ft^3/s,Approved,[],2026-08-25T19:29:15.051348+00:00,1d5974fd48b84c7994291b887ca03571
2026-05-25,86.4,86.4,ft^3/s,Approved,[],2026-08-25T19:29:15.051348+00:00,1d5974fd48b84c7994291b887ca03571
2026-05-26,146.0,146,ft^3/s,Approved,[],2026-08-25T19:29:15.051348+00:00,1d5974fd48b84c7994291b887ca03571
2026-05-27,855.0,855,ft^3/s,Approved,[],2026-08-25T19:29:15.051348+00:00,1d5974fd48b84c7994291b887ca03571
2026-05-28,363.0,363,ft^3/s,Approved,[],2026-08-25T19:29:15.051348+00:00,1d5974fd48b84c7994291b887ca03571
2026-05-29,195.0,195,ft^3/s,Approved,[],2026-08-25T19:29:15.051348+00:00,1d5974fd48b84c7994291b887ca03571
2026-05-30,123.0,123,ft^3/s,Approved,[],2026-08-25T19:29:15.051348+00:00,1d5974fd48b84c7994291b887ca03571
2026-05-31,97.9,97.9,ft^3/s,Approved,[],2026-08-25T19:29:15.051348+00:00,1d5974fd48b84c7994291b887ca03571
2026-06-01,82.0,82.0,ft^3/s,Approved,[],2026-08-25T19:29:15.051348+00:00,1d5974fd48b84c7994291b887ca03571
2026-06-02,69.9,69.9,ft^3/s,Approved,[],2026-08-25T19:29:15.051348+00:00,1d5974fd48b84c7994291b887ca03571
2026-06-03,64.2,64.2,ft^3/s,Approved,[],2026-08-25T19:29:15.051348+00:00,1d5974fd48b84c7994291b887ca03571
2026-06-04,75.1,75.1,ft^3/s,Approved,[],2026-08-25T19:29:15.051348+00:00,1d5974fd48b84c7994291b887ca03571
2026-06-05,73.7,73.7,ft^3/s,Approved,[],2026-08-25T19:29:15.051348+00:00,1d5974fd48b84c7994291b887ca03571
2026-06-06,951.0,951,ft^3/s,Approved,[],2026-08-25T19:29:15.051348+00:00,1d5974fd48b84c7994291b887ca03571
2026-06-07,441.0,441,ft^3/s,Approved,[],2026-08-25T19:29:15.051348+00:00,1d5974fd48b84c7994291b887ca03571
2026-06-08,345.0,345,ft^3/s,Approved,[],2026-08-25T19:29:15.051348+00:00,1d5974fd48b84c7994291b887ca03571
2026-06-09,302.0,302,ft^3/s,Approved,[],2026-08-25T19:29:15.051348+00:00,1d5974fd48b84c7994291b887ca03571
2026-06-10,203.0,203,ft^3/s,Approved,[],2026-08-25T19:29:15.051348+00:00,1d5974fd48b84c7994291b887ca03571
2026-06-11,154.0,154,ft^3/s,Approved,[],2026-08-25T19:29:15.051348+00:00,1d5974fd48b84c7994291b887ca03571
2026-06-12,137.0,137,ft^3/s,Approved,[],2026-08-25T19:29:15.051348+00:00,1d5974fd48b84c7994291b887ca03571
2026-06-13,122.0,122,ft^3/s,Approved,[],2026-08-25T19:29:15.051348+00:00,1d5974fd48b84c7994291b887ca03571
2026-06-14,123.0,123,ft^3/s,Approved,[],2026-08-25T19:29:15.051348+00:00,1d5974fd48b84c7994291b887ca03571
2026-06-15,1990.0,1990,ft^3/s,Provisional,[],2026-09-04T12:47:11.661862+00:00,1d5974fd48b84c7994291b887ca03571
2026-06-16,808.0,808,ft^3/s,Provisional,[],2026-09-04T12:47:11.661862+00:00,1d5974fd48b84c7994291b887ca03571
2026-06-17,657.0,657,ft^3/s,Provisional,[],2026-09-04T12:47:11.661862+00:00,1d5974fd48b84c7994291b887ca03571
2026-06-18,562.0,562,ft^3/s,Provisional,[],2026-09-04T12:47:11.661862+00:00,1d5974fd48b84c7994291b887ca03571
2026-06-19,516.0,516,ft^3/s,Provisional,[],2026-09-04T12:47:11.661862+00:00,1d5974fd48b84c7994291b887ca03571
2026-06-20,614.0,614,ft^3/s,Provisional,[],2026-09-04T12:47:11.661862+00:00,1d5974fd48b84c7994291b887ca03571
2026-06-21,413.0,413,ft^3/s,Provisional,[],2026-09-04T12:47:11.661862+00:00,1d5974fd48b84c7994291b887ca03571
2026-06-22,268.0,268,ft^3/s,Provisional,[],2026-09-04T12:47:11.661862+00:00,1d5974fd48b84c7994291b887ca03571
2026-06-23,144.0,144,ft^3/s,Provisional,[],2026-09-04T12:47:11.661862+00:00,1d5974fd48b84c7994291b887ca03571
2026-06-24,117.0,117,ft^3/s,Provisional,[],2026-09-04T12:47:11.661862+00:00,1d5974fd48b84c7994291b887ca03571
2026-06-25,103.0,103,ft^3/s,Provisional,[],2026-09-04T12:47:11.661862+00:00,1d5974fd48b84c7994291b887ca03571
2026-06-26,90.6,90.6,ft^3/s,Provisional,[],2026-09-04T12:47:11.661862+00:00,1d5974fd48b84c7994291b887ca03571
2026-06-27,79.0,79.0,ft^3/s,Provisional,[],2026-09-04T12:47:11.661862+00:00,1d5974fd48b84c7994291b887ca03571
2026-06-28,70.5,70.5,ft^3/s,Provisional,[],2026-09-04T12:47:11.661862+00:00,1d5974fd48b84c7994291b887ca03571
2026-06-29,63.1,63.1,ft^3/s,Provisional,[],2026-09-04T12:47:11.661862+00:00,1d5974fd48b84c7994291b887ca03571
2026-06-30,59.1,59.1,ft^3/s,Provisional,[],2026-09-04T12:47:11.661862+00:00,1d5974fd48b84c7994291b887ca03571
2026-07-01,52.8,52.8,ft^3/s,Provisional,[],2026-09-04T12:47:11.661862+00:00,1d5974fd48b84c7994291b887ca03571
2026-07-02,48.6,48.6,ft^3/s,Provisional,[],2026-09-04T12:47:11.661862+00:00,1d5974fd48b84c7994291b887ca03571
2026-07-03,45.0,45.0,ft^3/s,Provisional,[],2026-09-04T12:47:11.661862+00:00,1d5974fd48b84c7994291b887ca03571
2026-07-04,43.4,43.4,ft^3/s,Provisional,[],2026-09-04T12:47:11.661862+00:00,1d5974fd48b84c7994291b887ca03571
2026-07-05,41.9,41.9,ft^3/s,Provisional,[],2026-09-04T12:47:11.661862+00:00,1d5974fd48b84c7994291b887ca03571
2026-07-06,40.0,40.0,ft^3/s,Provisional,[],2026-09-04T12:47:11.661862+00:00,1d5974fd48b84c7994291b887ca03571
2026-07-07,37.3,37.3,ft^3/s,Provisional,[],2026-09-04T12:47:11.661862+00:00,1d5974fd48b84c7994291b887ca03571
2026-07-08,34.3,34.3,ft^3/s,Provisional,[],2026-09-04T12:47:11.661862+00:00,1d5974fd48b84c7994291b887ca03571
2026-07-09,31.6,31.6,ft^3/s,Provisional,[],2026-09-04T12:47:11.661862+00:00,1d5974fd48b84c7994291b887ca03571
2026-07-10,30.5,30.5,ft^3/s,Provisional,[],2026-09-04T12:47:11.661862+00:00,1d5974fd48b84c7994291b887ca03571
2026-07-11,31.0,31.0,ft^3/s,Provisional,[],2026-09-04T12:47:11.661862+00:00,1d5974fd48b84c7994291b887ca03571
2026-07-12,35.3,35.3,ft^3/s,Provisional,[],2026-09-04T12:47:11.661862+00:00,1d5974fd48b84c7994291b887ca03571
2026-07-13,32.7,32.7,ft^3/s,Provisional,[],2026-09-04T12:47:11.661862+00:00,1d5974fd48b84c7994291b887ca03571
2026-07-14,614.0,614,ft^3/s,Provisional,[],2026-09-04T12:47:11.661862+00:00,1d5974fd48b84c7994291b887ca03571
2026-07-15,692.0,692,ft^3/s,Provisional,[],2026-09-04T12:47:11.661862+00:00,1d5974fd48b84c7994291b887ca03571
2026-07-16,529.0,529,ft^3/s,Provisional,[],2026-09-04T12:47:11.661862+00:00,1d5974fd48b84c7994291b887ca03571
2026-07-17,429.0,429,ft^3/s,Provisional,[],2026-09-04T12:47:11.661862+00:00,1d5974fd48b84c7994291b887ca03571
2026-07-18,211.0,211,ft^3/s,Provisional,[],2026-09-04T12:47:11.661862+00:00,1d5974fd48b84c7994291b887ca03571
2026-07-19,146.0,146,ft^3/s,Provisional,[],2026-09-04T12:47:11.661862+00:00,1d5974fd48b84c7994291b887ca03571
2026-07-20,115.0,115,ft^3/s,Provisional,[],2026-09-04T12:47:11.661862+00:00,1d5974fd48b84c7994291b887ca03571
2026-07-21,98.0,98.0,ft^3/s,Provisional,[],2026-09-04T12:47:11.661862+00:00,1d5974fd48b84c7994291b887ca03571
2026-07-22,83.0,83.0,ft^3/s,Provisional,[],2026-09-04T12:47:11.661862+00:00,1d5974fd48b84c7994291b887ca03571
2026-07-23,70.5,70.5,ft^3/s,Provisional,[],2026-09-04T12:47:11.661862+00:00,1d5974fd48b84c7994291b887ca03571
2026-07-24,61.9,61.9,ft^3/s,Provisional,[],2026-09-04T12:47:11.661862+00:00,1d5974fd48b84c7994291b887ca03571
2026-07-25,55.0,55.0,ft^3/s,Provisional,[],2026-09-04T12:47:11.661862+00:00,1d5974fd48b84c7994291b887ca03571
2026-07-26,49.9,49.9,ft^3/s,Provisional,[],2026-09-04T12:47:11.661862+00:00,1d5974fd48b84c7994291b887ca03571
2026-07-27,45.7,45.7,ft^3/s,Provisional,[],2026-09-04T12:47:11.661862+00:00,1d5974fd48b84c7994291b887ca03571
2026-07-28,42.5,42.5,ft^3/s,Provisional,[],2026-09-04T12:47:11.661862+00:00,1d5974fd48b84c7994291b887ca03571
2026-07-29,40.3,40.3,ft^3/s,Provisional,[],2026-09-04T12:47:11.661862+00:00,1d5974fd48b84c7994291b887ca03571
2026-07-30,37.1,37.1,ft^3/s,Provisional,[],2026-09-04T12:47:11.661862+00:00,1d5974fd48b84c7994291b887ca03571
2026-07-31,32.2,32.2,ft^3/s,Provisional,[],2026-09-04T12:47:11.661862+00:00,1d5974fd48b84c7994291b887ca03571
2026-08-01,32.3,32.3,ft^3/s,Provisional,[],2026-09-04T12:47:11.661862+00:00,1d5974fd48b84c7994291b887ca03571
2026-08-02,31.3,31.3,ft^3/s,Provisional,[],2026-09-04T12:47:11.661862+00:00,1d5974fd48b84c7994291b887ca03571
2026-08-03,27.6,27.6,ft^3/s,Provisional,[],2026-09-04T12:47:11.661862+00:00,1d5974fd48b84c7994291b887ca03571
2026-08-04,26.2,26.2,ft^3/s,Provisional,[],2026-09-04T12:47:11.661862+00:00,1d5974fd48b84c7994291b887ca03571
2026-08-05,24.7,24.7,ft^3/s,Provisional,[],2026-09-04T12:47:11.661862+00:00,1d5974fd48b84c7994291b887ca03571
2026-08-06,22.5,22.5,ft^3/s,Provisional,[],2026-09-04T12:47:11.661862+00:00,1d5974fd48b84c7994291b887ca03571
2026-08-07,21.6,21.6,ft^3/s,Provisional,[],2026-09-04T12:47:11.661862+00:00,1d5974fd48b84c7994291b887ca03571
2026-08-08,20.1,20.1,ft^3/s,Provisional,[],2026-09-04T12:47:11.661862+00:00,1d5974fd48b84c7994291b887ca03571
2026-08-09,19.1,19.1,ft^3/s,Provisional,[],2026-09-04T12:47:11.661862+00:00,1d5974fd48b84c7994291b887ca03571
2026-08-10,18.4,18.4,ft^3/s,Provisional,[],2026-09-04T12:47:11.661862+00:00,1d5974fd48b84c7994291b887ca03571
2026-08-11,17.3,17.3,ft^3/s,Provisional,[],2026-09-04T12:47:11.661862+00:00,1d5974fd48b84c7994291b887ca03571
2026-08-12,16.7,16.7,ft^3/s,Provisional,[],2026-09-04T12:47:11.661862+00:00,1d5974fd48b84c7994291b887ca03571
2026-08-13,14.7,14.7,ft^3/s,Provisional,[],2026-09-04T12:47:11.661862+00:00,1d5974fd48b84c7994291b887ca03571
2026-08-14,14.9,14.9,ft^3/s,Provisional,[],2026-09-04T12:47:11.661862+00:00,1d5974fd48b84c7994291b887ca03571
2026-08-15,13.1,13.1,ft^3/s,Provisional,[],2026-09-04T12:47:11.661862+00:00,1d5974fd48b84c7994291b887ca03571
2026-08-16,12.4,12.4,ft^3/s,Provisional,[],2026-09-04T12:47:11.661862+00:00,1d5974fd48b84c7994291b887ca03571
2026-08-17,12.6,12.6,ft^3/s,Provisional,[],2026-09-04T12:47:11.661862+00:00,1d5974fd48b84c7994291b887ca03571
2026-08-18,10.2,10.2,ft^3/s,Provisional,[],2026-09-04T12:47:11.661862+00:00,1d5974fd48b84c7994291b887ca03571
2026-08-19,8.99,8.99,ft^3/s,Provisional,[],2026-09-04T12:47:11.661862+00:00,1d5974fd48b84c7994291b887ca03571
2026-08-20,8.04,8.04,ft^3/s,Provisional,[],2026-09-04T12:47:11.661862+00:00,1d5974fd48b84c7994291b887ca03571
2026-08-21,7.86,7.86,ft^3/s,Provisional,[],2026-09-04T12:47:11.661862+00:00,1d5974fd48b84c7994291b887ca03571
2026-08-22,6.04,6.04,ft^3/s,Provisional,[],2026-09-04T12:47:11.661862+00:00,1d5974fd48b84c7994291b887ca03571
2026-08-23,4.81,4.81,ft^3/s,Provisional,[],2026-09-04T12:47:11.661862+00:00,1d5974fd48b84c7994291b887ca03571
2026-08-24,5.88,5.88,ft^3/s,Provisional,[],2026-09-04T12:47:11.661862+00:00,1d5974fd48b84c7994291b887ca03571
2026-08-25,6.59,6.59,ft^3/s,Provisional,[],2026-09-04T12:47:11.661862+00:00,1d5974fd48b84c7994291b887ca03571
2026-08-26,4.88,4.88,ft^3/s,Provisional,[],2026-09-04T12:47:11.661862+00:00,1d5974fd48b84c7994291b887ca03571
2026-08-27,4.88,4.88,ft^3/s,Provisional,[],2026-09-04T12:47:11.661862+00:00,1d5974fd48b84c7994291b887ca03571
2026-08-28,6.35,6.35,ft^3/s,Provisional,[],2026-09-04T12:47:11.661862+00:00,1d5974fd48b84c7994291b887ca03571
2026-08-29,11.6,11.6,ft^3/s,Provisional,[],2026-09-04T12:47:11.661862+00:00,1d5974fd48b84c7994291b887ca03571
2026-08-30,11.8,11.8,ft^3/s,Provisional,[],2026-09-04T12:47:11.661862+00:00,1d5974fd48b84c7994291b887ca03571
2026-08-31,11.4,11.4,ft^3/s,Provisional,[],2026-09-04T12:47:11.661862+00:00,1d5974fd48b84c7994291b887ca03571
2026-09-01,11.9,11.9,ft^3/s,Provisional,[],2026-09-04T12:47:11.661862+00:00,1d5974fd48b84c7994291b887ca03571
2026-09-02,11.0,11.0,ft^3/s,Provisional,[],2026-09-04T12:47:11.661862+00:00,1d5974fd48b84c7994291b887ca03571
2026-09-03,10.7,10.7,ft^3/s,Provisional,[],2026-09-04T08:05:56.626747+00:00,1d5974fd48b84c7994291b887ca03571
2026-09-04,12.0,12.0,ft^3/s,Provisional,[],2026-09-05T08:06:26.466410+00:00,1d5974fd48b84c7994291b887ca03571
2026-09-05,11.3,11.3,ft^3/s,Provisional,[],2026-09-06T08:05:41.243569+00:00,1d5974fd48b84c7994291b887ca03571
2026-09-06,10.5,10.5,ft^3/s,Provisional,[],2026-09-07T08:06:00.172134+00:00,1d5974fd48b84c7994291b887ca03571
2026-09-07,8.35,8.35,ft^3/s,Provisional,[],2026-09-08T08:05:43.131320+00:00,1d5974fd48b84c7994291b887ca03571
2026-09-08,8.3,8.30,ft^3/s,Provisional,[],2026-09-09T08:05:56.928131+00:00,1d5974fd48b84c7994291b887ca03571
2026-09-09,5.66,5.66,ft^3/s,Provisional,[],2026-09-10T08:05:41.507035+00:00,1d5974fd48b84c7994291b887ca03571
2026-09-10,5.35,5.35,ft^3/s,Provisional,[],2026-09-11T08:05:47.541916+00:00,1d5974fd48b84c7994291b887ca03571
2026-09-11,4.76,4.76,ft^3/s,Provisional,[],2026-09-19T12:00:11.702071+00:00,1d5974fd48b84c7994291b887ca03571
2026-09-12,5.62,5.62,ft^3/s,Provisional,[],2026-09-13T08:06:30.084988+00:00,1d5974fd48b84c7994291b887ca03571
2026-09-13,6.17,6.17,ft^3/s,Provisional,[],2026-09-14T08:05:57.942931+00:00,1d5974fd48b84c7994291b887ca03571
2026-09-14,5.76,5.76,ft^3/s,Provisional,[],2026-09-15T08:05:44.216523+00:00,1d5974fd48b84c7994291b887ca03571
2026-09-15,4.39,4.39,ft^3/s,Provisional,[],2026-09-16T08:06:04.226283+00:00,1d5974fd48b84c7994291b887ca03571
2026-09-16,3.04,3.04,ft^3/s,Provisional,[],2026-09-17T08:06:30.071309+00:00,1d5974fd48b84c7994291b887ca03571
2026-09-17,2.86,2.86,ft^3/s,Provisional,[],2026-09-18T08:05:48.635365+00:00,1d5974fd48b84c7994291b887ca03571
2026-09-18,3.8,3.80,ft^3/s,Provisional,[],2026-09-19T08:05:47.104084+00:00,1d5974fd48b84c7994291b887ca03571
2026-09-19,4.32,4.32,ft^3/s,Provisional,[],2026-09-20T08:05:36.163330+00:00,1d5974fd48b84c7994291b887ca03571
2026-09-20,5.05,5.05,ft^3/s,Provisional,[],2026-09-21T08:05:40.964943+00:00,1d5974fd48b84c7994291b887ca03571
2026-09-21,6.26,6.26,ft^3/s,Provisional,[],2026-09-22T08:06:01.323022+00:00,1d5974fd48b84c7994291b887ca03571
2026-09-22,5.21,5.21,ft^3/s,Provisional,[],2026-09-23T08:05:37.404568+00:00,1d5974fd48b84c7994291b887ca03571
2026-09-23,5.73,5.73,ft^3/s,Provisional,[],2026-09-24T08:06:40.013570+00:00,1d5974fd48b84c7994291b887ca03571
2026-09-24,6.04,6.04,ft^3/s,Provisional,[],2026-09-25T08:05:41.359410+00:00,1d5974fd48b84c7994291b887ca03571
2026-09-25,7.1,7.10,ft^3/s,Provisional,[],2026-09-26T08:06:39.638427+00:00,1d5974fd48b84c7994291b887ca03571
2026-09-26,4.92,4.92,ft^3/s,Provisional,[],2026-09-27T08:05:45.716882+00:00,1d5974fd48b84c7994291b887ca03571
2026-09-27,5.14,5.14,ft^3/s,Provisional,[],2026-09-28T08:06:38.345546+00:00,1d5974fd48b84c7994291b887ca03571
2026-09-28,5.62,5.62,ft^3/s,Provisional,[],2026-09-29T08:06:50.041932+00:00,1d5974fd48b84c7994291b887ca03571
2026-09-29,6.52,6.52,ft^3/s,Provisional,[],2026-09-30T08:06:13.122832+00:00,1d5974fd48b84c7994291b887ca03571
2026-09-30,7.34,7.34,ft^3/s,Provisional,[],2026-10-01T08:06:30.570836+00:00,1d5974fd48b84c7994291b887ca03571
