date,value,raw_value,unit,approval_status,qualifiers,last_modified,time_series_id
2003-10-01,0.0,0.00,ft^3/s,Approved,"[""ESTIMATED""]",2025-03-11T20:14:41.029928+00:00,4716a1279a5146ec977582a181f4a56d
2003-10-02,0.0,0.00,ft^3/s,Approved,"[""ESTIMATED""]",2025-03-11T20:14:41.029928+00:00,4716a1279a5146ec977582a181f4a56d
2003-10-03,0.0,0.00,ft^3/s,Approved,"[""ESTIMATED""]",2025-03-11T20:14:41.029928+00:00,4716a1279a5146ec977582a181f4a56d
2003-10-04,0.0,0.00,ft^3/s,Approved,"[""ESTIMATED""]",2025-03-11T20:14:41.029928+00:00,4716a1279a5146ec977582a181f4a56d
2003-10-05,0.0,0.00,ft^3/s,Approved,"[""ESTIMATED""]",2025-03-11T20:14:41.029928+00:00,4716a1279a5146ec977582a181f4a56d
2003-10-06,0.0,0.00,ft^3/s,Approved,"[""ESTIMATED""]",2025-03-11T20:14:41.029928+00:00,4716a1279a5146ec977582a181f4a56d
2003-10-07,0.0,0.00,ft^3/s,Approved,"[""ESTIMATED""]",2025-03-11T20:14:41.029928+00:00,4716a1279a5146ec977582a181f4a56d
2003-10-08,0.0,0.00,ft^3/s,Approved,"[""ESTIMATED""]",2025-03-11T20:14:41.029928+00:00,4716a1279a5146ec977582a181f4a56d
2003-10-09,0.0,0.00,ft^3/s,Approved,"[""ESTIMATED""]",2025-03-11T20:14:41.029928+00:00,4716a1279a5146ec977582a181f4a56d
2003-10-10,0.0,0.00,ft^3/s,Approved,"[""ESTIMATED""]",2025-03-11T20:14:41.029928+00:00,4716a1279a5146ec977582a181f4a56d
2003-10-11,0.0,0.00,ft^3/s,Approved,"[""ESTIMATED""]",2025-03-11T20:14:41.029928+00:00,4716a1279a5146ec977582a181f4a56d
2003-10-12,0.0,0.00,ft^3/s,Approved,"[""ESTIMATED""]",2025-03-11T20:14:41.029928+00:00,4716a1279a5146ec977582a181f4a56d
2003-10-13,0.0,0.00,ft^3/s,Approved,"[""ESTIMATED""]",2025-03-11T20:14:41.029928+00:00,4716a1279a5146ec977582a181f4a56d
2003-10-14,0.0,0.00,ft^3/s,Approved,"[""ESTIMATED""]",2025-03-11T20:14:41.029928+00:00,4716a1279a5146ec977582a181f4a56d
2003-10-15,0.0,0.00,ft^3/s,Approved,"[""ESTIMATED""]",2025-03-11T20:14:41.029928+00:00,4716a1279a5146ec977582a181f4a56d
2003-10-16,0.0,0.00,ft^3/s,Approved,[],2025-08-29T15:46:18.318903+00:00,4716a1279a5146ec977582a181f4a56d
2003-10-17,0.0,0.00,ft^3/s,Approved,[],2025-03-11T20:14:41.029928+00:00,4716a1279a5146ec977582a181f4a56d
2003-10-18,0.0,0.00,ft^3/s,Approved,[],2025-03-11T20:14:41.029928+00:00,4716a1279a5146ec977582a181f4a56d
2003-10-19,0.0,0.00,ft^3/s,Approved,[],2025-03-11T20:14:41.029928+00:00,4716a1279a5146ec977582a181f4a56d
2003-10-20,0.0,0.00,ft^3/s,Approved,[],2025-03-11T20:14:41.029928+00:00,4716a1279a5146ec977582a181f4a56d
2003-10-21,0.0,0.00,ft^3/s,Approved,[],2025-03-11T20:14:41.029928+00:00,4716a1279a5146ec977582a181f4a56d
2003-10-22,0.0,0.00,ft^3/s,Approved,[],2025-03-11T20:14:41.029928+00:00,4716a1279a5146ec977582a181f4a56d
2003-10-23,0.0,0.00,ft^3/s,Approved,[],2025-03-11T20:14:41.029928+00:00,4716a1279a5146ec977582a181f4a56d
2003-10-24,0.0,0.00,ft^3/s,Approved,[],2025-03-11T20:14:41.029928+00:00,4716a1279a5146ec977582a181f4a56d
2003-10-25,0.0,0.00,ft^3/s,Approved,[],2025-03-11T20:14:41.029928+00:00,4716a1279a5146ec977582a181f4a56d
2003-10-26,0.0,0.00,ft^3/s,Approved,[],2025-03-11T20:14:41.029928+00:00,4716a1279a5146ec977582a181f4a56d
2003-10-27,0.0,0.00,ft^3/s,Approved,[],2025-03-11T20:14:41.029928+00:00,4716a1279a5146ec977582a181f4a56d
2003-10-28,0.0,0.00,ft^3/s,Approved,[],2025-03-11T20:14:41.029928+00:00,4716a1279a5146ec977582a181f4a56d
2003-10-29,0.0,0.00,ft^3/s,Approved,[],2025-03-11T20:14:41.029928+00:00,4716a1279a5146ec977582a181f4a56d
2003-10-30,0.0,0.00,ft^3/s,Approved,[],2025-03-11T20:14:41.029928+00:00,4716a1279a5146ec977582a181f4a56d
2003-10-31,0.0,0.00,ft^3/s,Approved,[],2025-03-11T20:14:41.029928+00:00,4716a1279a5146ec977582a181f4a56d
2003-11-01,0.0,0.00,ft^3/s,Approved,[],2025-03-11T20:14:41.029928+00:00,4716a1279a5146ec977582a181f4a56d
2003-11-02,0.0,0.00,ft^3/s,Approved,[],2025-03-11T20:14:41.029928+00:00,4716a1279a5146ec977582a181f4a56d
2003-11-03,0.0,0.00,ft^3/s,Approved,[],2025-03-11T20:14:41.029928+00:00,4716a1279a5146ec977582a181f4a56d
2003-11-04,0.0,0.00,ft^3/s,Approved,[],2025-03-11T20:14:41.029928+00:00,4716a1279a5146ec977582a181f4a56d
2003-11-05,0.0,0.00,ft^3/s,Approved,[],2025-03-11T20:14:41.029928+00:00,4716a1279a5146ec977582a181f4a56d
2003-11-06,0.0,0.00,ft^3/s,Approved,[],2025-03-11T20:14:41.029928+00:00,4716a1279a5146ec977582a181f4a56d
2003-11-07,0.0,0.00,ft^3/s,Approved,[],2025-03-11T20:14:41.029928+00:00,4716a1279a5146ec977582a181f4a56d
2003-11-08,0.0,0.00,ft^3/s,Approved,[],2025-03-11T20:14:41.029928+00:00,4716a1279a5146ec977582a181f4a56d
2003-11-09,0.0,0.00,ft^3/s,Approved,[],2025-03-11T20:14:41.029928+00:00,4716a1279a5146ec977582a181f4a56d
2003-11-10,0.0,0.00,ft^3/s,Approved,[],2025-03-11T20:14:41.029928+00:00,4716a1279a5146ec977582a181f4a56d
2003-11-11,0.0,0.00,ft^3/s,Approved,[],2025-03-11T20:14:41.029928+00:00,4716a1279a5146ec977582a181f4a56d
2003-11-12,0.0,0.00,ft^3/s,Approved,[],2025-03-11T20:14:41.029928+00:00,4716a1279a5146ec977582a181f4a56d
2003-11-13,0.0,0.00,ft^3/s,Approved,[],2025-03-11T20:14:41.029928+00:00,4716a1279a5146ec977582a181f4a56d
2003-11-14,0.0,0.00,ft^3/s,Approved,[],2025-03-11T20:14:41.029928+00:00,4716a1279a5146ec977582a181f4a56d
2003-11-15,0.0,0.00,ft^3/s,Approved,[],2025-03-11T20:14:41.029928+00:00,4716a1279a5146ec977582a181f4a56d
2003-11-16,0.0,0.00,ft^3/s,Approved,[],2025-03-11T20:14:41.029928+00:00,4716a1279a5146ec977582a181f4a56d
2003-11-17,0.0,0.00,ft^3/s,Approved,[],2025-03-11T20:14:41.029928+00:00,4716a1279a5146ec977582a181f4a56d
2003-11-18,0.0,0.00,ft^3/s,Approved,[],2025-03-11T20:14:41.029928+00:00,4716a1279a5146ec977582a181f4a56d
2003-11-19,0.0,0.00,ft^3/s,Approved,[],2025-03-11T20:14:41.029928+00:00,4716a1279a5146ec977582a181f4a56d
2003-11-20,0.0,0.00,ft^3/s,Approved,[],2025-03-11T20:14:41.029928+00:00,4716a1279a5146ec977582a181f4a56d
2003-11-21,0.0,0.00,ft^3/s,Approved,[],2025-03-11T20:14:41.029928+00:00,4716a1279a5146ec977582a181f4a56d
2003-11-22,0.0,0.00,ft^3/s,Approved,[],2025-03-11T20:14:41.029928+00:00,4716a1279a5146ec977582a181f4a56d
2003-11-23,0.0,0.00,ft^3/s,Approved,[],2025-03-11T20:14:41.029928+00:00,4716a1279a5146ec977582a181f4a56d
2003-11-24,0.0,0.00,ft^3/s,Approved,[],2025-03-11T20:14:41.029928+00:00,4716a1279a5146ec977582a181f4a56d
2003-11-25,0.0,0.00,ft^3/s,Approved,[],2025-03-11T20:14:41.029928+00:00,4716a1279a5146ec977582a181f4a56d
2003-11-26,0.0,0.00,ft^3/s,Approved,[],2025-03-11T20:14:41.029928+00:00,4716a1279a5146ec977582a181f4a56d
2003-11-27,0.0,0.00,ft^3/s,Approved,[],2025-03-11T20:14:41.029928+00:00,4716a1279a5146ec977582a181f4a56d
2003-11-28,0.0,0.00,ft^3/s,Approved,[],2025-03-11T20:14:41.029928+00:00,4716a1279a5146ec977582a181f4a56d
2003-11-29,0.0,0.00,ft^3/s,Approved,[],2025-03-11T20:14:41.029928+00:00,4716a1279a5146ec977582a181f4a56d
2003-11-30,0.0,0.00,ft^3/s,Approved,[],2025-03-11T20:14:41.029928+00:00,4716a1279a5146ec977582a181f4a56d
2003-12-01,0.0,0.00,ft^3/s,Approved,[],2025-03-11T20:14:41.029928+00:00,4716a1279a5146ec977582a181f4a56d
2003-12-02,0.0,0.00,ft^3/s,Approved,[],2025-03-11T20:14:41.029928+00:00,4716a1279a5146ec977582a181f4a56d
2003-12-03,0.0,0.00,ft^3/s,Approved,[],2025-03-11T20:14:41.029928+00:00,4716a1279a5146ec977582a181f4a56d
2003-12-04,0.0,0.00,ft^3/s,Approved,[],2025-03-11T20:14:41.029928+00:00,4716a1279a5146ec977582a181f4a56d
2003-12-05,0.0,0.00,ft^3/s,Approved,[],2025-03-11T20:14:41.029928+00:00,4716a1279a5146ec977582a181f4a56d
2003-12-06,0.0,0.00,ft^3/s,Approved,[],2025-03-11T20:14:41.029928+00:00,4716a1279a5146ec977582a181f4a56d
2003-12-07,0.0,0.00,ft^3/s,Approved,[],2025-03-11T20:14:41.029928+00:00,4716a1279a5146ec977582a181f4a56d
2003-12-08,0.0,0.00,ft^3/s,Approved,[],2025-03-11T20:14:41.029928+00:00,4716a1279a5146ec977582a181f4a56d
2003-12-09,0.0,0.00,ft^3/s,Approved,[],2025-03-11T20:14:41.029928+00:00,4716a1279a5146ec977582a181f4a56d
2003-12-10,0.0,0.00,ft^3/s,Approved,[],2025-03-11T20:14:41.029928+00:00,4716a1279a5146ec977582a181f4a56d
2003-12-11,0.0,0.00,ft^3/s,Approved,[],2025-03-11T20:14:41.029928+00:00,4716a1279a5146ec977582a181f4a56d
2003-12-12,0.0,0.00,ft^3/s,Approved,[],2025-03-11T20:14:41.029928+00:00,4716a1279a5146ec977582a181f4a56d
2003-12-13,0.0,0.00,ft^3/s,Approved,[],2025-03-11T20:14:41.029928+00:00,4716a1279a5146ec977582a181f4a56d
2003-12-14,0.0,0.00,ft^3/s,Approved,[],2025-03-11T20:14:41.029928+00:00,4716a1279a5146ec977582a181f4a56d
2003-12-15,0.0,0.00,ft^3/s,Approved,[],2025-03-11T20:14:41.029928+00:00,4716a1279a5146ec977582a181f4a56d
2003-12-16,0.0,0.00,ft^3/s,Approved,[],2025-03-11T20:14:41.029928+00:00,4716a1279a5146ec977582a181f4a56d
2003-12-17,0.0,0.00,ft^3/s,Approved,[],2025-03-11T20:14:41.029928+00:00,4716a1279a5146ec977582a181f4a56d
2003-12-18,0.0,0.00,ft^3/s,Approved,[],2025-03-11T20:14:41.029928+00:00,4716a1279a5146ec977582a181f4a56d
2003-12-19,0.0,0.00,ft^3/s,Approved,[],2025-03-11T20:14:41.029928+00:00,4716a1279a5146ec977582a181f4a56d
2003-12-20,0.0,0.00,ft^3/s,Approved,[],2025-03-11T20:14:41.029928+00:00,4716a1279a5146ec977582a181f4a56d
2003-12-21,0.0,0.00,ft^3/s,Approved,[],2025-03-11T20:14:41.029928+00:00,4716a1279a5146ec977582a181f4a56d
2003-12-22,0.0,0.00,ft^3/s,Approved,[],2025-03-11T20:14:41.029928+00:00,4716a1279a5146ec977582a181f4a56d
2003-12-23,0.0,0.00,ft^3/s,Approved,[],2025-03-11T20:14:41.029928+00:00,4716a1279a5146ec977582a181f4a56d
2003-12-24,0.0,0.00,ft^3/s,Approved,[],2025-03-11T20:14:41.029928+00:00,4716a1279a5146ec977582a181f4a56d
2003-12-25,0.0,0.00,ft^3/s,Approved,[],2025-03-11T20:14:41.029928+00:00,4716a1279a5146ec977582a181f4a56d
2003-12-26,0.0,0.00,ft^3/s,Approved,[],2025-03-11T20:14:41.029928+00:00,4716a1279a5146ec977582a181f4a56d
2003-12-27,0.0,0.00,ft^3/s,Approved,[],2025-03-11T20:14:41.029928+00:00,4716a1279a5146ec977582a181f4a56d
2003-12-28,0.0,0.00,ft^3/s,Approved,[],2025-03-11T20:14:41.029928+00:00,4716a1279a5146ec977582a181f4a56d
2003-12-29,0.0,0.00,ft^3/s,Approved,[],2025-03-11T20:14:41.029928+00:00,4716a1279a5146ec977582a181f4a56d
2003-12-30,0.0,0.00,ft^3/s,Approved,[],2025-03-11T20:14:41.029928+00:00,4716a1279a5146ec977582a181f4a56d
2003-12-31,0.0,0.00,ft^3/s,Approved,[],2025-03-11T20:14:41.029928+00:00,4716a1279a5146ec977582a181f4a56d
2004-01-01,0.0,0.00,ft^3/s,Approved,[],2025-03-11T20:14:41.029928+00:00,4716a1279a5146ec977582a181f4a56d
2004-01-02,0.0,0.00,ft^3/s,Approved,[],2025-03-11T20:14:41.029928+00:00,4716a1279a5146ec977582a181f4a56d
2004-01-03,0.0,0.00,ft^3/s,Approved,[],2025-03-11T20:14:41.029928+00:00,4716a1279a5146ec977582a181f4a56d
2004-01-04,0.0,0.00,ft^3/s,Approved,[],2025-03-11T20:14:41.029928+00:00,4716a1279a5146ec977582a181f4a56d
2004-01-05,0.0,0.00,ft^3/s,Approved,[],2025-03-11T20:14:41.029928+00:00,4716a1279a5146ec977582a181f4a56d
2004-01-06,0.0,0.00,ft^3/s,Approved,[],2025-03-11T20:14:41.029928+00:00,4716a1279a5146ec977582a181f4a56d
2004-01-07,0.0,0.00,ft^3/s,Approved,[],2025-03-11T20:14:41.029928+00:00,4716a1279a5146ec977582a181f4a56d
2004-01-08,0.0,0.00,ft^3/s,Approved,[],2025-03-11T20:14:41.029928+00:00,4716a1279a5146ec977582a181f4a56d
2004-01-09,0.0,0.00,ft^3/s,Approved,[],2025-03-11T20:14:41.029928+00:00,4716a1279a5146ec977582a181f4a56d
2004-01-10,0.0,0.00,ft^3/s,Approved,[],2025-03-11T20:14:41.029928+00:00,4716a1279a5146ec977582a181f4a56d
2004-01-11,0.0,0.00,ft^3/s,Approved,[],2025-03-11T20:14:41.029928+00:00,4716a1279a5146ec977582a181f4a56d
2004-01-12,0.0,0.00,ft^3/s,Approved,[],2025-03-11T20:14:41.029928+00:00,4716a1279a5146ec977582a181f4a56d
2004-01-13,0.0,0.00,ft^3/s,Approved,[],2025-03-11T20:14:41.029928+00:00,4716a1279a5146ec977582a181f4a56d
2004-01-14,0.0,0.00,ft^3/s,Approved,[],2025-03-11T20:14:41.029928+00:00,4716a1279a5146ec977582a181f4a56d
2004-01-15,0.0,0.00,ft^3/s,Approved,[],2025-03-11T20:14:41.029928+00:00,4716a1279a5146ec977582a181f4a56d
2004-01-16,0.0,0.00,ft^3/s,Approved,[],2025-03-11T20:14:41.029928+00:00,4716a1279a5146ec977582a181f4a56d
2004-01-17,468.0,468,ft^3/s,Approved,[],2025-08-29T15:46:18.318903+00:00,4716a1279a5146ec977582a181f4a56d
2004-01-18,14.1,14.1,ft^3/s,Approved,[],2025-03-11T20:14:41.029928+00:00,4716a1279a5146ec977582a181f4a56d
2004-01-19,3.57,3.57,ft^3/s,Approved,[],2025-03-11T20:14:41.029928+00:00,4716a1279a5146ec977582a181f4a56d
2004-01-20,0.75,0.75,ft^3/s,Approved,[],2025-08-29T15:46:18.318903+00:00,4716a1279a5146ec977582a181f4a56d
2004-01-21,0.0,0.00,ft^3/s,Approved,[],2025-03-11T20:14:41.029928+00:00,4716a1279a5146ec977582a181f4a56d
2004-01-22,0.0,0.00,ft^3/s,Approved,[],2025-03-11T20:14:41.029928+00:00,4716a1279a5146ec977582a181f4a56d
2004-01-23,0.0,0.00,ft^3/s,Approved,[],2025-03-11T20:14:41.029928+00:00,4716a1279a5146ec977582a181f4a56d
2004-01-24,0.0,0.00,ft^3/s,Approved,[],2025-03-11T20:14:41.029928+00:00,4716a1279a5146ec977582a181f4a56d
2004-01-25,0.0,0.00,ft^3/s,Approved,[],2025-03-11T20:14:41.029928+00:00,4716a1279a5146ec977582a181f4a56d
2004-01-26,0.0,0.00,ft^3/s,Approved,[],2025-03-11T20:14:41.029928+00:00,4716a1279a5146ec977582a181f4a56d
2004-01-27,0.0,0.00,ft^3/s,Approved,[],2025-03-11T20:14:41.029928+00:00,4716a1279a5146ec977582a181f4a56d
2004-01-28,0.0,0.00,ft^3/s,Approved,[],2025-03-11T20:14:41.029928+00:00,4716a1279a5146ec977582a181f4a56d
2004-01-29,0.0,0.00,ft^3/s,Approved,[],2025-03-11T20:14:41.029928+00:00,4716a1279a5146ec977582a181f4a56d
2004-01-30,0.0,0.00,ft^3/s,Approved,[],2025-03-11T20:14:41.029928+00:00,4716a1279a5146ec977582a181f4a56d
2004-01-31,0.0,0.00,ft^3/s,Approved,[],2025-03-11T20:14:41.029928+00:00,4716a1279a5146ec977582a181f4a56d
2004-02-01,0.0,0.00,ft^3/s,Approved,[],2025-03-11T20:14:41.029928+00:00,4716a1279a5146ec977582a181f4a56d
2004-02-02,0.0,0.00,ft^3/s,Approved,[],2025-03-11T20:14:41.029928+00:00,4716a1279a5146ec977582a181f4a56d
2004-02-03,0.0,0.00,ft^3/s,Approved,[],2025-03-11T20:14:41.029928+00:00,4716a1279a5146ec977582a181f4a56d
2004-02-04,0.0,0.00,ft^3/s,Approved,[],2025-03-11T20:14:41.029928+00:00,4716a1279a5146ec977582a181f4a56d
2004-02-05,0.0,0.00,ft^3/s,Approved,[],2025-03-11T20:14:41.029928+00:00,4716a1279a5146ec977582a181f4a56d
2004-02-06,0.0,0.00,ft^3/s,Approved,[],2025-03-11T20:14:41.029928+00:00,4716a1279a5146ec977582a181f4a56d
2004-02-07,0.0,0.00,ft^3/s,Approved,[],2025-03-11T20:14:41.029928+00:00,4716a1279a5146ec977582a181f4a56d
2004-02-08,0.0,0.00,ft^3/s,Approved,[],2025-03-11T20:14:41.029928+00:00,4716a1279a5146ec977582a181f4a56d
2004-02-09,0.0,0.00,ft^3/s,Approved,[],2025-03-11T20:14:41.029928+00:00,4716a1279a5146ec977582a181f4a56d
2004-02-10,0.0,0.00,ft^3/s,Approved,[],2025-03-11T20:14:41.029928+00:00,4716a1279a5146ec977582a181f4a56d
2004-02-11,0.0,0.00,ft^3/s,Approved,[],2025-03-11T20:14:41.029928+00:00,4716a1279a5146ec977582a181f4a56d
2004-02-12,0.0,0.00,ft^3/s,Approved,[],2025-03-11T20:14:41.029928+00:00,4716a1279a5146ec977582a181f4a56d
2004-02-13,0.0,0.00,ft^3/s,Approved,[],2025-03-11T20:14:41.029928+00:00,4716a1279a5146ec977582a181f4a56d
2004-02-14,0.6,0.60,ft^3/s,Approved,[],2025-08-29T15:46:18.318903+00:00,4716a1279a5146ec977582a181f4a56d
2004-02-15,2.72,2.72,ft^3/s,Approved,[],2025-03-11T20:14:41.029928+00:00,4716a1279a5146ec977582a181f4a56d
2004-02-16,2.83,2.83,ft^3/s,Approved,[],2025-03-11T20:14:41.029928+00:00,4716a1279a5146ec977582a181f4a56d
2004-02-17,2.54,2.54,ft^3/s,Approved,[],2025-03-11T20:14:41.029928+00:00,4716a1279a5146ec977582a181f4a56d
2004-02-18,1.38,1.38,ft^3/s,Approved,[],2025-03-11T20:14:41.029928+00:00,4716a1279a5146ec977582a181f4a56d
2004-02-19,1.09,1.09,ft^3/s,Approved,[],2025-03-11T20:14:41.029928+00:00,4716a1279a5146ec977582a181f4a56d
2004-02-20,0.81,0.81,ft^3/s,Approved,[],2025-03-11T20:14:41.029928+00:00,4716a1279a5146ec977582a181f4a56d
2004-02-21,0.18,0.18,ft^3/s,Approved,[],2025-08-29T15:46:18.318903+00:00,4716a1279a5146ec977582a181f4a56d
2004-02-22,0.0,0.00,ft^3/s,Approved,[],2025-03-11T20:14:41.029928+00:00,4716a1279a5146ec977582a181f4a56d
2004-02-23,0.0,0.00,ft^3/s,Approved,[],2025-03-11T20:14:41.029928+00:00,4716a1279a5146ec977582a181f4a56d
2004-02-24,0.0,0.00,ft^3/s,Approved,[],2025-03-11T20:14:41.029928+00:00,4716a1279a5146ec977582a181f4a56d
2004-02-25,0.0,0.00,ft^3/s,Approved,[],2025-03-11T20:14:41.029928+00:00,4716a1279a5146ec977582a181f4a56d
2004-02-26,0.0,0.00,ft^3/s,Approved,[],2025-03-11T20:14:41.029928+00:00,4716a1279a5146ec977582a181f4a56d
2004-02-27,1.27,1.27,ft^3/s,Approved,[],2025-08-29T15:46:18.318903+00:00,4716a1279a5146ec977582a181f4a56d
2004-02-28,3.44,3.44,ft^3/s,Approved,[],2025-03-11T20:14:41.029928+00:00,4716a1279a5146ec977582a181f4a56d
2004-02-29,5.68,5.68,ft^3/s,Approved,[],2025-03-11T20:14:41.029928+00:00,4716a1279a5146ec977582a181f4a56d
2004-03-01,3.91,3.91,ft^3/s,Approved,[],2025-03-11T20:14:41.029928+00:00,4716a1279a5146ec977582a181f4a56d
2004-03-02,4.98,4.98,ft^3/s,Approved,[],2025-03-11T20:14:41.029928+00:00,4716a1279a5146ec977582a181f4a56d
2004-03-03,5.52,5.52,ft^3/s,Approved,[],2025-03-11T20:14:41.029928+00:00,4716a1279a5146ec977582a181f4a56d
2004-03-04,10.7,10.7,ft^3/s,Approved,[],2025-03-11T20:14:41.029928+00:00,4716a1279a5146ec977582a181f4a56d
2004-03-05,34.0,34.0,ft^3/s,Approved,[],2025-03-11T20:14:41.029928+00:00,4716a1279a5146ec977582a181f4a56d
2004-03-06,16.2,16.2,ft^3/s,Approved,[],2025-03-11T20:14:41.029928+00:00,4716a1279a5146ec977582a181f4a56d
2004-03-07,10.1,10.1,ft^3/s,Approved,[],2025-03-11T20:14:41.029928+00:00,4716a1279a5146ec977582a181f4a56d
2004-03-08,8.87,8.87,ft^3/s,Approved,[],2025-03-11T20:14:41.029928+00:00,4716a1279a5146ec977582a181f4a56d
2004-03-09,8.92,8.92,ft^3/s,Approved,[],2025-03-11T20:14:41.029928+00:00,4716a1279a5146ec977582a181f4a56d
2004-03-10,8.79,8.79,ft^3/s,Approved,[],2025-03-11T20:14:41.029928+00:00,4716a1279a5146ec977582a181f4a56d
2004-03-11,8.37,8.37,ft^3/s,Approved,[],2025-03-11T20:14:41.029928+00:00,4716a1279a5146ec977582a181f4a56d
2004-03-12,8.01,8.01,ft^3/s,Approved,[],2025-03-11T20:14:41.029928+00:00,4716a1279a5146ec977582a181f4a56d
2004-03-13,7.76,7.76,ft^3/s,Approved,[],2025-03-11T20:14:41.029928+00:00,4716a1279a5146ec977582a181f4a56d
2004-03-14,7.03,7.03,ft^3/s,Approved,[],2025-03-11T20:14:41.029928+00:00,4716a1279a5146ec977582a181f4a56d
2004-03-15,6.78,6.78,ft^3/s,Approved,[],2025-03-11T20:14:41.029928+00:00,4716a1279a5146ec977582a181f4a56d
2004-03-16,7.1,7.10,ft^3/s,Approved,[],2025-03-11T20:14:41.029928+00:00,4716a1279a5146ec977582a181f4a56d
2004-03-17,6.78,6.78,ft^3/s,Approved,[],2025-03-11T20:14:41.029928+00:00,4716a1279a5146ec977582a181f4a56d
2004-03-18,7.59,7.59,ft^3/s,Approved,[],2025-03-11T20:14:41.029928+00:00,4716a1279a5146ec977582a181f4a56d
2004-03-19,8.32,8.32,ft^3/s,Approved,[],2025-03-11T20:14:41.029928+00:00,4716a1279a5146ec977582a181f4a56d
2004-03-20,8.09,8.09,ft^3/s,Approved,[],2025-03-11T20:14:41.029928+00:00,4716a1279a5146ec977582a181f4a56d
2004-03-21,7.78,7.78,ft^3/s,Approved,[],2025-03-11T20:14:41.029928+00:00,4716a1279a5146ec977582a181f4a56d
2004-03-22,7.41,7.41,ft^3/s,Approved,[],2025-03-11T20:14:41.029928+00:00,4716a1279a5146ec977582a181f4a56d
2004-03-23,6.8,6.80,ft^3/s,Approved,[],2025-03-11T20:14:41.029928+00:00,4716a1279a5146ec977582a181f4a56d
2004-03-24,6.45,6.45,ft^3/s,Approved,[],2025-03-11T20:14:41.029928+00:00,4716a1279a5146ec977582a181f4a56d
2004-03-25,5.44,5.44,ft^3/s,Approved,[],2025-03-11T20:14:41.029928+00:00,4716a1279a5146ec977582a181f4a56d
2004-03-26,4.83,4.83,ft^3/s,Approved,[],2025-03-11T20:14:41.029928+00:00,4716a1279a5146ec977582a181f4a56d
2004-03-27,4.49,4.49,ft^3/s,Approved,[],2025-03-11T20:14:41.029928+00:00,4716a1279a5146ec977582a181f4a56d
2004-03-28,4.2,4.20,ft^3/s,Approved,[],2025-03-11T20:14:41.029928+00:00,4716a1279a5146ec977582a181f4a56d
2004-03-29,3.51,3.51,ft^3/s,Approved,[],2025-03-11T20:14:41.029928+00:00,4716a1279a5146ec977582a181f4a56d
2004-03-30,3.02,3.02,ft^3/s,Approved,[],2025-03-11T20:14:41.029928+00:00,4716a1279a5146ec977582a181f4a56d
2004-03-31,2.71,2.71,ft^3/s,Approved,[],2025-03-11T20:14:41.029928+00:00,4716a1279a5146ec977582a181f4a56d
2004-04-01,2.29,2.29,ft^3/s,Approved,[],2025-03-11T20:14:41.029928+00:00,4716a1279a5146ec977582a181f4a56d
2004-04-02,2.33,2.33,ft^3/s,Approved,[],2025-03-11T20:14:41.029928+00:00,4716a1279a5146ec977582a181f4a56d
2004-04-03,2.06,2.06,ft^3/s,Approved,[],2025-03-11T20:14:41.029928+00:00,4716a1279a5146ec977582a181f4a56d
2004-04-04,1.87,1.87,ft^3/s,Approved,[],2025-03-11T20:14:41.029928+00:00,4716a1279a5146ec977582a181f4a56d
2004-04-05,1.85,1.85,ft^3/s,Approved,[],2025-03-11T20:14:41.029928+00:00,4716a1279a5146ec977582a181f4a56d
2004-04-06,89.4,89.4,ft^3/s,Approved,[],2025-03-11T20:14:41.029928+00:00,4716a1279a5146ec977582a181f4a56d
2004-04-07,67.1,67.1,ft^3/s,Approved,[],2025-03-11T20:14:41.029928+00:00,4716a1279a5146ec977582a181f4a56d
2004-04-08,14.5,14.5,ft^3/s,Approved,[],2025-03-11T20:14:41.029928+00:00,4716a1279a5146ec977582a181f4a56d
2004-04-09,8.3,8.30,ft^3/s,Approved,[],2025-03-11T20:14:41.029928+00:00,4716a1279a5146ec977582a181f4a56d
2004-04-10,55.6,55.6,ft^3/s,Approved,[],2025-03-11T20:14:41.029928+00:00,4716a1279a5146ec977582a181f4a56d
2004-04-11,126.0,126,ft^3/s,Approved,[],2025-03-11T20:14:41.029928+00:00,4716a1279a5146ec977582a181f4a56d
2004-04-12,39.2,39.2,ft^3/s,Approved,[],2025-03-11T20:14:41.029928+00:00,4716a1279a5146ec977582a181f4a56d
2004-04-13,21.2,21.2,ft^3/s,Approved,[],2025-03-11T20:14:41.029928+00:00,4716a1279a5146ec977582a181f4a56d
2004-04-14,15.3,15.3,ft^3/s,Approved,[],2025-03-11T20:14:41.029928+00:00,4716a1279a5146ec977582a181f4a56d
2004-04-15,13.1,13.1,ft^3/s,Approved,[],2025-03-11T20:14:41.029928+00:00,4716a1279a5146ec977582a181f4a56d
2004-04-16,11.6,11.6,ft^3/s,Approved,[],2025-03-11T20:14:41.029928+00:00,4716a1279a5146ec977582a181f4a56d
2004-04-17,10.6,10.6,ft^3/s,Approved,[],2025-03-11T20:14:41.029928+00:00,4716a1279a5146ec977582a181f4a56d
2004-04-18,10.2,10.2,ft^3/s,Approved,[],2025-03-11T20:14:41.029928+00:00,4716a1279a5146ec977582a181f4a56d
2004-04-19,10.3,10.3,ft^3/s,Approved,[],2025-03-11T20:14:41.029928+00:00,4716a1279a5146ec977582a181f4a56d
2004-04-20,10.4,10.4,ft^3/s,Approved,[],2025-03-11T20:14:41.029928+00:00,4716a1279a5146ec977582a181f4a56d
2004-04-21,10.3,10.3,ft^3/s,Approved,[],2025-03-11T20:14:41.029928+00:00,4716a1279a5146ec977582a181f4a56d
2004-04-22,10.0,10.0,ft^3/s,Approved,[],2025-03-11T20:14:41.029928+00:00,4716a1279a5146ec977582a181f4a56d
2004-04-23,9.96,9.96,ft^3/s,Approved,[],2025-03-11T20:14:41.029928+00:00,4716a1279a5146ec977582a181f4a56d
2004-04-24,158.0,158,ft^3/s,Approved,[],2025-03-11T20:14:41.029928+00:00,4716a1279a5146ec977582a181f4a56d
2004-04-25,105.0,105,ft^3/s,Approved,[],2025-03-11T20:14:41.029928+00:00,4716a1279a5146ec977582a181f4a56d
2004-04-26,30.9,30.9,ft^3/s,Approved,[],2025-03-11T20:14:41.029928+00:00,4716a1279a5146ec977582a181f4a56d
2004-04-27,21.2,21.2,ft^3/s,Approved,[],2025-03-11T20:14:41.029928+00:00,4716a1279a5146ec977582a181f4a56d
2004-04-28,16.6,16.6,ft^3/s,Approved,[],2025-03-11T20:14:41.029928+00:00,4716a1279a5146ec977582a181f4a56d
2004-04-29,17.0,17.0,ft^3/s,Approved,[],2025-03-11T20:14:41.029928+00:00,4716a1279a5146ec977582a181f4a56d
2004-04-30,30.8,30.8,ft^3/s,Approved,[],2025-03-11T20:14:41.029928+00:00,4716a1279a5146ec977582a181f4a56d
2004-05-01,23.2,23.2,ft^3/s,Approved,[],2025-03-11T20:14:41.029928+00:00,4716a1279a5146ec977582a181f4a56d
2004-05-02,55.8,55.8,ft^3/s,Approved,[],2025-03-11T20:14:41.029928+00:00,4716a1279a5146ec977582a181f4a56d
2004-05-03,25.5,25.5,ft^3/s,Approved,[],2025-03-11T20:14:41.029928+00:00,4716a1279a5146ec977582a181f4a56d
2004-05-04,18.2,18.2,ft^3/s,Approved,[],2025-03-11T20:14:41.029928+00:00,4716a1279a5146ec977582a181f4a56d
2004-05-05,15.6,15.6,ft^3/s,Approved,[],2025-03-11T20:14:41.029928+00:00,4716a1279a5146ec977582a181f4a56d
2004-05-06,14.4,14.4,ft^3/s,Approved,[],2025-03-11T20:14:41.029928+00:00,4716a1279a5146ec977582a181f4a56d
2004-05-07,13.8,13.8,ft^3/s,Approved,[],2025-03-11T20:14:41.029928+00:00,4716a1279a5146ec977582a181f4a56d
2004-05-08,13.8,13.8,ft^3/s,Approved,[],2025-03-11T20:14:41.029928+00:00,4716a1279a5146ec977582a181f4a56d
2004-05-09,13.9,13.9,ft^3/s,Approved,[],2025-03-11T20:14:41.029928+00:00,4716a1279a5146ec977582a181f4a56d
2004-05-10,13.4,13.4,ft^3/s,Approved,[],2025-03-11T20:14:41.029928+00:00,4716a1279a5146ec977582a181f4a56d
2004-05-11,13.7,13.7,ft^3/s,Approved,[],2025-03-11T20:14:41.029928+00:00,4716a1279a5146ec977582a181f4a56d
2004-05-12,12.4,12.4,ft^3/s,Approved,[],2025-03-11T20:14:41.029928+00:00,4716a1279a5146ec977582a181f4a56d
2004-05-13,15.2,15.2,ft^3/s,Approved,[],2025-03-11T20:14:41.029928+00:00,4716a1279a5146ec977582a181f4a56d
2004-05-14,22.0,22.0,ft^3/s,Approved,[],2025-03-11T20:14:41.029928+00:00,4716a1279a5146ec977582a181f4a56d
2004-05-15,23.2,23.2,ft^3/s,Approved,[],2025-03-11T20:14:41.029928+00:00,4716a1279a5146ec977582a181f4a56d
2004-05-16,17.3,17.3,ft^3/s,Approved,[],2025-03-11T20:14:41.029928+00:00,4716a1279a5146ec977582a181f4a56d
2004-05-17,14.3,14.3,ft^3/s,Approved,[],2025-03-11T20:14:41.029928+00:00,4716a1279a5146ec977582a181f4a56d
2004-05-18,12.6,12.6,ft^3/s,Approved,[],2025-03-11T20:14:41.029928+00:00,4716a1279a5146ec977582a181f4a56d
2004-05-19,11.8,11.8,ft^3/s,Approved,[],2025-03-11T20:14:41.029928+00:00,4716a1279a5146ec977582a181f4a56d
2004-05-20,11.3,11.3,ft^3/s,Approved,[],2025-03-11T20:14:41.029928+00:00,4716a1279a5146ec977582a181f4a56d
2004-05-21,10.4,10.4,ft^3/s,Approved,[],2025-03-11T20:14:41.029928+00:00,4716a1279a5146ec977582a181f4a56d
2004-05-22,9.55,9.55,ft^3/s,Approved,[],2025-03-11T20:14:41.029928+00:00,4716a1279a5146ec977582a181f4a56d
2004-05-23,8.46,8.46,ft^3/s,Approved,[],2025-03-11T20:14:41.029928+00:00,4716a1279a5146ec977582a181f4a56d
2004-05-24,7.35,7.35,ft^3/s,Approved,[],2025-03-11T20:14:41.029928+00:00,4716a1279a5146ec977582a181f4a56d
2004-05-25,6.17,6.17,ft^3/s,Approved,[],2025-03-11T20:14:41.029928+00:00,4716a1279a5146ec977582a181f4a56d
2004-05-26,5.39,5.39,ft^3/s,Approved,[],2025-03-11T20:14:41.029928+00:00,4716a1279a5146ec977582a181f4a56d
2004-05-27,4.66,4.66,ft^3/s,Approved,[],2025-03-11T20:14:41.029928+00:00,4716a1279a5146ec977582a181f4a56d
2004-05-28,4.15,4.15,ft^3/s,Approved,[],2025-03-11T20:14:41.029928+00:00,4716a1279a5146ec977582a181f4a56d
2004-05-29,3.83,3.83,ft^3/s,Approved,[],2025-03-11T20:14:41.029928+00:00,4716a1279a5146ec977582a181f4a56d
2004-05-30,2.95,2.95,ft^3/s,Approved,[],2025-03-11T20:14:41.029928+00:00,4716a1279a5146ec977582a181f4a56d
2004-05-31,2.17,2.17,ft^3/s,Approved,[],2025-03-11T20:14:41.029928+00:00,4716a1279a5146ec977582a181f4a56d
2004-06-01,1.26,1.26,ft^3/s,Approved,[],2025-03-11T20:14:41.029928+00:00,4716a1279a5146ec977582a181f4a56d
2004-06-02,0.7,0.70,ft^3/s,Approved,[],2025-03-11T20:14:41.029928+00:00,4716a1279a5146ec977582a181f4a56d
2004-06-03,0.3,0.30,ft^3/s,Approved,[],2025-03-11T20:14:41.029928+00:00,4716a1279a5146ec977582a181f4a56d
2004-06-04,0.02,0.02,ft^3/s,Approved,[],2025-08-29T15:46:18.318903+00:00,4716a1279a5146ec977582a181f4a56d
2004-06-05,0.0,0.00,ft^3/s,Approved,[],2025-03-11T20:14:41.029928+00:00,4716a1279a5146ec977582a181f4a56d
2004-06-06,0.0,0.00,ft^3/s,Approved,[],2025-03-11T20:14:41.029928+00:00,4716a1279a5146ec977582a181f4a56d
2004-06-07,0.0,0.00,ft^3/s,Approved,[],2025-03-11T20:14:41.029928+00:00,4716a1279a5146ec977582a181f4a56d
2004-06-08,0.08,0.08,ft^3/s,Approved,[],2025-08-29T15:46:18.318903+00:00,4716a1279a5146ec977582a181f4a56d
2004-06-09,112.0,112,ft^3/s,Approved,[],2025-03-11T20:14:41.029928+00:00,4716a1279a5146ec977582a181f4a56d
2004-06-10,480.0,480,ft^3/s,Approved,[],2025-03-11T20:14:41.029928+00:00,4716a1279a5146ec977582a181f4a56d
2004-06-11,39.6,39.6,ft^3/s,Approved,[],2025-03-11T20:14:41.029928+00:00,4716a1279a5146ec977582a181f4a56d
2004-06-12,18.0,18.0,ft^3/s,Approved,[],2025-03-11T20:14:41.029928+00:00,4716a1279a5146ec977582a181f4a56d
2004-06-13,14.2,14.2,ft^3/s,Approved,[],2025-03-11T20:14:41.029928+00:00,4716a1279a5146ec977582a181f4a56d
2004-06-14,13.3,13.3,ft^3/s,Approved,[],2025-03-11T20:14:41.029928+00:00,4716a1279a5146ec977582a181f4a56d
2004-06-15,13.2,13.2,ft^3/s,Approved,[],2025-03-11T20:14:41.029928+00:00,4716a1279a5146ec977582a181f4a56d
2004-06-16,13.1,13.1,ft^3/s,Approved,[],2025-03-11T20:14:41.029928+00:00,4716a1279a5146ec977582a181f4a56d
2004-06-17,12.4,12.4,ft^3/s,Approved,[],2025-03-11T20:14:41.029928+00:00,4716a1279a5146ec977582a181f4a56d
2004-06-18,11.4,11.4,ft^3/s,Approved,[],2025-03-11T20:14:41.029928+00:00,4716a1279a5146ec977582a181f4a56d
2004-06-19,10.4,10.4,ft^3/s,Approved,[],2025-03-11T20:14:41.029928+00:00,4716a1279a5146ec977582a181f4a56d
2004-06-20,9.32,9.32,ft^3/s,Approved,[],2025-03-11T20:14:41.029928+00:00,4716a1279a5146ec977582a181f4a56d
2004-06-21,7.96,7.96,ft^3/s,Approved,[],2025-03-11T20:14:41.029928+00:00,4716a1279a5146ec977582a181f4a56d
2004-06-22,7.37,7.37,ft^3/s,Approved,[],2025-03-11T20:14:41.029928+00:00,4716a1279a5146ec977582a181f4a56d
2004-06-23,6.53,6.53,ft^3/s,Approved,[],2025-03-11T20:14:41.029928+00:00,4716a1279a5146ec977582a181f4a56d
2004-06-24,6.58,6.58,ft^3/s,Approved,[],2025-03-11T20:14:41.029928+00:00,4716a1279a5146ec977582a181f4a56d
2004-06-25,25.0,25.0,ft^3/s,Approved,[],2025-03-11T20:14:41.029928+00:00,4716a1279a5146ec977582a181f4a56d
2004-06-26,279.0,279,ft^3/s,Approved,[],2025-03-11T20:14:41.029928+00:00,4716a1279a5146ec977582a181f4a56d
2004-06-27,111.0,111,ft^3/s,Approved,[],2025-03-11T20:14:41.029928+00:00,4716a1279a5146ec977582a181f4a56d
2004-06-28,37.9,37.9,ft^3/s,Approved,[],2025-03-11T20:14:41.029928+00:00,4716a1279a5146ec977582a181f4a56d
2004-06-29,30.0,30.0,ft^3/s,Approved,[],2025-03-11T20:14:41.029928+00:00,4716a1279a5146ec977582a181f4a56d
2004-06-30,47.9,47.9,ft^3/s,Approved,[],2025-03-11T20:14:41.029928+00:00,4716a1279a5146ec977582a181f4a56d
2004-07-01,35.0,35.0,ft^3/s,Approved,[],2025-03-11T20:14:41.029928+00:00,4716a1279a5146ec977582a181f4a56d
2004-07-02,26.2,26.2,ft^3/s,Approved,[],2025-03-11T20:14:41.029928+00:00,4716a1279a5146ec977582a181f4a56d
2004-07-03,21.3,21.3,ft^3/s,Approved,[],2025-03-11T20:14:41.029928+00:00,4716a1279a5146ec977582a181f4a56d
2004-07-04,18.7,18.7,ft^3/s,Approved,[],2025-03-11T20:14:41.029928+00:00,4716a1279a5146ec977582a181f4a56d
2004-07-05,18.0,18.0,ft^3/s,Approved,[],2025-03-11T20:14:41.029928+00:00,4716a1279a5146ec977582a181f4a56d
2004-07-06,17.5,17.5,ft^3/s,Approved,[],2025-03-11T20:14:41.029928+00:00,4716a1279a5146ec977582a181f4a56d
2004-07-07,17.1,17.1,ft^3/s,Approved,[],2025-03-11T20:14:41.029928+00:00,4716a1279a5146ec977582a181f4a56d
2004-07-08,16.7,16.7,ft^3/s,Approved,[],2025-03-11T20:14:41.029928+00:00,4716a1279a5146ec977582a181f4a56d
2004-07-09,15.9,15.9,ft^3/s,Approved,[],2025-03-11T20:14:41.029928+00:00,4716a1279a5146ec977582a181f4a56d
2004-07-10,15.2,15.2,ft^3/s,Approved,[],2025-03-11T20:14:41.029928+00:00,4716a1279a5146ec977582a181f4a56d
2004-07-11,15.9,15.9,ft^3/s,Approved,[],2025-03-11T20:14:41.029928+00:00,4716a1279a5146ec977582a181f4a56d
2004-07-12,17.4,17.4,ft^3/s,Approved,[],2025-03-11T20:14:41.029928+00:00,4716a1279a5146ec977582a181f4a56d
2004-07-13,13.5,13.5,ft^3/s,Approved,[],2025-03-11T20:14:41.029928+00:00,4716a1279a5146ec977582a181f4a56d
2004-07-14,12.5,12.5,ft^3/s,Approved,[],2025-03-11T20:14:41.029928+00:00,4716a1279a5146ec977582a181f4a56d
2004-07-15,11.3,11.3,ft^3/s,Approved,[],2025-03-11T20:14:41.029928+00:00,4716a1279a5146ec977582a181f4a56d
2004-07-16,10.2,10.2,ft^3/s,Approved,[],2025-03-11T20:14:41.029928+00:00,4716a1279a5146ec977582a181f4a56d
2004-07-17,9.29,9.29,ft^3/s,Approved,[],2025-03-11T20:14:41.029928+00:00,4716a1279a5146ec977582a181f4a56d
2004-07-18,8.35,8.35,ft^3/s,Approved,[],2025-03-11T20:14:41.029928+00:00,4716a1279a5146ec977582a181f4a56d
2004-07-19,7.39,7.39,ft^3/s,Approved,[],2025-03-11T20:14:41.029928+00:00,4716a1279a5146ec977582a181f4a56d
2004-07-20,6.53,6.53,ft^3/s,Approved,[],2025-03-11T20:14:41.029928+00:00,4716a1279a5146ec977582a181f4a56d
2004-07-21,5.63,5.63,ft^3/s,Approved,[],2025-03-11T20:14:41.029928+00:00,4716a1279a5146ec977582a181f4a56d
2004-07-22,5.0,5.00,ft^3/s,Approved,[],2025-03-11T20:14:41.029928+00:00,4716a1279a5146ec977582a181f4a56d
2004-07-23,4.54,4.54,ft^3/s,Approved,[],2025-03-11T20:14:41.029928+00:00,4716a1279a5146ec977582a181f4a56d
2004-07-24,4.17,4.17,ft^3/s,Approved,[],2025-03-11T20:14:41.029928+00:00,4716a1279a5146ec977582a181f4a56d
2004-07-25,3.48,3.48,ft^3/s,Approved,[],2025-03-11T20:14:41.029928+00:00,4716a1279a5146ec977582a181f4a56d
2004-07-26,3.1,3.10,ft^3/s,Approved,[],2025-03-11T20:14:41.029928+00:00,4716a1279a5146ec977582a181f4a56d
2004-07-27,2.71,2.71,ft^3/s,Approved,[],2025-03-11T20:14:41.029928+00:00,4716a1279a5146ec977582a181f4a56d
2004-07-28,2.28,2.28,ft^3/s,Approved,[],2025-03-11T20:14:41.029928+00:00,4716a1279a5146ec977582a181f4a56d
2004-07-29,4.07,4.07,ft^3/s,Approved,[],2025-03-11T20:14:41.029928+00:00,4716a1279a5146ec977582a181f4a56d
2004-07-30,2.86,2.86,ft^3/s,Approved,[],2025-03-11T20:14:41.029928+00:00,4716a1279a5146ec977582a181f4a56d
2004-07-31,2.3,2.30,ft^3/s,Approved,[],2025-03-11T20:14:41.029928+00:00,4716a1279a5146ec977582a181f4a56d
2004-08-01,1.96,1.96,ft^3/s,Approved,[],2025-03-11T20:14:41.029928+00:00,4716a1279a5146ec977582a181f4a56d
2004-08-02,1.61,1.61,ft^3/s,Approved,[],2025-03-11T20:14:41.029928+00:00,4716a1279a5146ec977582a181f4a56d
2004-08-03,1.19,1.19,ft^3/s,Approved,[],2025-03-11T20:14:41.029928+00:00,4716a1279a5146ec977582a181f4a56d
2004-08-04,0.66,0.66,ft^3/s,Approved,[],2025-03-11T20:14:41.029928+00:00,4716a1279a5146ec977582a181f4a56d
2004-08-05,0.23,0.23,ft^3/s,Approved,[],2025-03-11T20:14:41.029928+00:00,4716a1279a5146ec977582a181f4a56d
2004-08-06,0.1,0.10,ft^3/s,Approved,[],2025-03-11T20:14:41.029928+00:00,4716a1279a5146ec977582a181f4a56d
2004-08-07,0.02,0.02,ft^3/s,Approved,[],2025-08-29T15:46:18.318903+00:00,4716a1279a5146ec977582a181f4a56d
2004-08-08,0.0,0.00,ft^3/s,Approved,[],2025-03-11T20:14:41.029928+00:00,4716a1279a5146ec977582a181f4a56d
2004-08-09,0.0,0.00,ft^3/s,Approved,[],2025-03-11T20:14:41.029928+00:00,4716a1279a5146ec977582a181f4a56d
2004-08-10,0.0,0.00,ft^3/s,Approved,[],2025-03-11T20:14:41.029928+00:00,4716a1279a5146ec977582a181f4a56d
2004-08-11,0.0,0.00,ft^3/s,Approved,[],2025-03-11T20:14:41.029928+00:00,4716a1279a5146ec977582a181f4a56d
2004-08-12,0.0,0.00,ft^3/s,Approved,[],2025-03-11T20:14:41.029928+00:00,4716a1279a5146ec977582a181f4a56d
2004-08-13,0.0,0.00,ft^3/s,Approved,[],2025-03-11T20:14:41.029928+00:00,4716a1279a5146ec977582a181f4a56d
2004-08-14,0.0,0.00,ft^3/s,Approved,[],2025-03-11T20:14:41.029928+00:00,4716a1279a5146ec977582a181f4a56d
2004-08-15,0.0,0.00,ft^3/s,Approved,[],2025-03-11T20:14:41.029928+00:00,4716a1279a5146ec977582a181f4a56d
2004-08-16,0.0,0.00,ft^3/s,Approved,[],2025-03-11T20:14:41.029928+00:00,4716a1279a5146ec977582a181f4a56d
2004-08-17,0.0,0.00,ft^3/s,Approved,[],2025-03-11T20:14:41.029928+00:00,4716a1279a5146ec977582a181f4a56d
2004-08-18,0.0,0.00,ft^3/s,Approved,[],2025-03-11T20:14:41.029928+00:00,4716a1279a5146ec977582a181f4a56d
2004-08-19,2.12,2.12,ft^3/s,Approved,[],2025-08-29T15:46:18.318903+00:00,4716a1279a5146ec977582a181f4a56d
2004-08-20,52.4,52.4,ft^3/s,Approved,[],2025-03-11T20:14:41.029928+00:00,4716a1279a5146ec977582a181f4a56d
2004-08-21,55.7,55.7,ft^3/s,Approved,[],2025-03-11T20:14:41.029928+00:00,4716a1279a5146ec977582a181f4a56d
2004-08-22,12.2,12.2,ft^3/s,Approved,[],2025-03-11T20:14:41.029928+00:00,4716a1279a5146ec977582a181f4a56d
2004-08-23,4.01,4.01,ft^3/s,Approved,[],2025-03-11T20:14:41.029928+00:00,4716a1279a5146ec977582a181f4a56d
2004-08-24,2.62,2.62,ft^3/s,Approved,[],2025-03-11T20:14:41.029928+00:00,4716a1279a5146ec977582a181f4a56d
2004-08-25,1.49,1.49,ft^3/s,Approved,[],2025-03-11T20:14:41.029928+00:00,4716a1279a5146ec977582a181f4a56d
2004-08-26,0.71,0.71,ft^3/s,Approved,[],2025-03-11T20:14:41.029928+00:00,4716a1279a5146ec977582a181f4a56d
2004-08-27,0.2,0.20,ft^3/s,Approved,[],2025-08-29T15:46:18.318903+00:00,4716a1279a5146ec977582a181f4a56d
2004-08-28,0.0,0.00,ft^3/s,Approved,[],2025-03-11T20:14:41.029928+00:00,4716a1279a5146ec977582a181f4a56d
2004-08-29,0.0,0.00,ft^3/s,Approved,[],2025-03-11T20:14:41.029928+00:00,4716a1279a5146ec977582a181f4a56d
2004-08-30,0.0,0.00,ft^3/s,Approved,[],2025-03-11T20:14:41.029928+00:00,4716a1279a5146ec977582a181f4a56d
2004-08-31,0.0,0.00,ft^3/s,Approved,[],2025-03-11T20:14:41.029928+00:00,4716a1279a5146ec977582a181f4a56d
2004-09-01,0.0,0.00,ft^3/s,Approved,[],2025-03-11T20:14:41.029928+00:00,4716a1279a5146ec977582a181f4a56d
2004-09-02,0.0,0.00,ft^3/s,Approved,[],2025-03-11T20:14:41.029928+00:00,4716a1279a5146ec977582a181f4a56d
2004-09-03,0.0,0.00,ft^3/s,Approved,[],2025-03-11T20:14:41.029928+00:00,4716a1279a5146ec977582a181f4a56d
2004-09-04,0.0,0.00,ft^3/s,Approved,[],2025-03-11T20:14:41.029928+00:00,4716a1279a5146ec977582a181f4a56d
2004-09-05,0.0,0.00,ft^3/s,Approved,[],2025-03-11T20:14:41.029928+00:00,4716a1279a5146ec977582a181f4a56d
2004-09-06,0.0,0.00,ft^3/s,Approved,[],2025-03-11T20:14:41.029928+00:00,4716a1279a5146ec977582a181f4a56d
2004-09-07,0.0,0.00,ft^3/s,Approved,[],2025-03-11T20:14:41.029928+00:00,4716a1279a5146ec977582a181f4a56d
2004-09-08,0.0,0.00,ft^3/s,Approved,[],2025-03-11T20:14:41.029928+00:00,4716a1279a5146ec977582a181f4a56d
2004-09-09,0.0,0.00,ft^3/s,Approved,[],2025-03-11T20:14:41.029928+00:00,4716a1279a5146ec977582a181f4a56d
2004-09-10,0.0,0.00,ft^3/s,Approved,[],2025-03-11T20:14:41.029928+00:00,4716a1279a5146ec977582a181f4a56d
2004-09-11,0.0,0.00,ft^3/s,Approved,[],2025-03-11T20:14:41.029928+00:00,4716a1279a5146ec977582a181f4a56d
2004-09-12,0.0,0.00,ft^3/s,Approved,[],2025-03-11T20:14:41.029928+00:00,4716a1279a5146ec977582a181f4a56d
2004-09-13,0.0,0.00,ft^3/s,Approved,[],2025-03-11T20:14:41.029928+00:00,4716a1279a5146ec977582a181f4a56d
2004-09-14,0.0,0.00,ft^3/s,Approved,[],2025-03-11T20:14:41.029928+00:00,4716a1279a5146ec977582a181f4a56d
2004-09-15,0.0,0.00,ft^3/s,Approved,[],2025-03-11T20:14:41.029928+00:00,4716a1279a5146ec977582a181f4a56d
2004-09-16,0.0,0.00,ft^3/s,Approved,[],2025-03-11T20:14:41.029928+00:00,4716a1279a5146ec977582a181f4a56d
2004-09-17,0.0,0.00,ft^3/s,Approved,[],2025-03-11T20:14:41.029928+00:00,4716a1279a5146ec977582a181f4a56d
2004-09-18,0.0,0.00,ft^3/s,Approved,[],2025-03-11T20:14:41.029928+00:00,4716a1279a5146ec977582a181f4a56d
2004-09-19,0.0,0.00,ft^3/s,Approved,[],2025-03-11T20:14:41.029928+00:00,4716a1279a5146ec977582a181f4a56d
2004-09-20,0.0,0.00,ft^3/s,Approved,[],2025-03-11T20:14:41.029928+00:00,4716a1279a5146ec977582a181f4a56d
2004-09-21,0.0,0.00,ft^3/s,Approved,[],2025-03-11T20:14:41.029928+00:00,4716a1279a5146ec977582a181f4a56d
2004-09-22,0.0,0.00,ft^3/s,Approved,[],2025-03-11T20:14:41.029928+00:00,4716a1279a5146ec977582a181f4a56d
2004-09-23,0.0,0.00,ft^3/s,Approved,[],2025-03-11T20:14:41.029928+00:00,4716a1279a5146ec977582a181f4a56d
2004-09-24,0.0,0.00,ft^3/s,Approved,[],2025-03-11T20:14:41.029928+00:00,4716a1279a5146ec977582a181f4a56d
2004-09-25,0.0,0.00,ft^3/s,Approved,[],2025-03-11T20:14:41.029928+00:00,4716a1279a5146ec977582a181f4a56d
2004-09-26,0.0,0.00,ft^3/s,Approved,[],2025-03-11T20:14:41.029928+00:00,4716a1279a5146ec977582a181f4a56d
2004-09-27,0.0,0.00,ft^3/s,Approved,[],2025-03-11T20:14:41.029928+00:00,4716a1279a5146ec977582a181f4a56d
2004-09-28,0.0,0.00,ft^3/s,Approved,[],2025-03-11T20:14:41.029928+00:00,4716a1279a5146ec977582a181f4a56d
2004-09-29,0.0,0.00,ft^3/s,Approved,[],2025-03-11T20:14:41.029928+00:00,4716a1279a5146ec977582a181f4a56d
2004-09-30,0.0,0.00,ft^3/s,Approved,[],2025-03-11T20:14:41.029928+00:00,4716a1279a5146ec977582a181f4a56d
2004-10-01,0.0,0.00,ft^3/s,Approved,[],2025-03-11T20:14:41.029928+00:00,4716a1279a5146ec977582a181f4a56d
2004-10-02,7.78,7.78,ft^3/s,Approved,[],2025-08-29T15:46:18.318903+00:00,4716a1279a5146ec977582a181f4a56d
2004-10-03,1.55,1.55,ft^3/s,Approved,[],2025-03-11T20:14:41.029928+00:00,4716a1279a5146ec977582a181f4a56d
2004-10-04,80.4,80.4,ft^3/s,Approved,[],2025-03-11T20:14:41.029928+00:00,4716a1279a5146ec977582a181f4a56d
2004-10-05,4.75,4.75,ft^3/s,Approved,[],2025-03-11T20:14:41.029928+00:00,4716a1279a5146ec977582a181f4a56d
2004-10-06,2.93,2.93,ft^3/s,Approved,[],2025-03-11T20:14:41.029928+00:00,4716a1279a5146ec977582a181f4a56d
2004-10-07,1.52,1.52,ft^3/s,Approved,[],2025-03-11T20:14:41.029928+00:00,4716a1279a5146ec977582a181f4a56d
2004-10-08,0.59,0.59,ft^3/s,Approved,[],2025-03-11T20:14:41.029928+00:00,4716a1279a5146ec977582a181f4a56d
2004-10-09,0.26,0.26,ft^3/s,Approved,[],2025-03-11T20:14:41.029928+00:00,4716a1279a5146ec977582a181f4a56d
2004-10-10,0.05,0.05,ft^3/s,Approved,[],2025-08-29T15:46:18.318903+00:00,4716a1279a5146ec977582a181f4a56d
2004-10-11,0.0,0.00,ft^3/s,Approved,[],2025-03-11T20:14:41.029928+00:00,4716a1279a5146ec977582a181f4a56d
2004-10-12,0.0,0.00,ft^3/s,Approved,[],2025-03-11T20:14:41.029928+00:00,4716a1279a5146ec977582a181f4a56d
2004-10-13,0.0,0.00,ft^3/s,Approved,[],2025-03-11T20:14:41.029928+00:00,4716a1279a5146ec977582a181f4a56d
2004-10-14,0.0,0.00,ft^3/s,Approved,[],2025-03-11T20:14:41.029928+00:00,4716a1279a5146ec977582a181f4a56d
2004-10-15,0.0,0.00,ft^3/s,Approved,[],2025-03-11T20:14:41.029928+00:00,4716a1279a5146ec977582a181f4a56d
2004-10-16,0.0,0.00,ft^3/s,Approved,[],2025-03-11T20:14:41.029928+00:00,4716a1279a5146ec977582a181f4a56d
2004-10-17,0.0,0.00,ft^3/s,Approved,[],2025-03-11T20:14:41.029928+00:00,4716a1279a5146ec977582a181f4a56d
2004-10-18,0.0,0.00,ft^3/s,Approved,[],2025-03-11T20:14:41.029928+00:00,4716a1279a5146ec977582a181f4a56d
2004-10-19,0.0,0.00,ft^3/s,Approved,[],2025-03-11T20:14:41.029928+00:00,4716a1279a5146ec977582a181f4a56d
2004-10-20,0.0,0.00,ft^3/s,Approved,[],2025-03-11T20:14:41.029928+00:00,4716a1279a5146ec977582a181f4a56d
2004-10-21,0.0,0.00,ft^3/s,Approved,[],2025-03-11T20:14:41.029928+00:00,4716a1279a5146ec977582a181f4a56d
2004-10-22,0.0,0.00,ft^3/s,Approved,[],2025-03-11T20:14:41.029928+00:00,4716a1279a5146ec977582a181f4a56d
2004-10-23,4.18,4.18,ft^3/s,Approved,[],2025-08-29T15:46:18.318903+00:00,4716a1279a5146ec977582a181f4a56d
2004-10-24,2.55,2.55,ft^3/s,Approved,[],2025-03-11T20:14:41.029928+00:00,4716a1279a5146ec977582a181f4a56d
2004-10-25,1.57,1.57,ft^3/s,Approved,[],2025-03-11T20:14:41.029928+00:00,4716a1279a5146ec977582a181f4a56d
2004-10-26,1.75,1.75,ft^3/s,Approved,[],2025-03-11T20:14:41.029928+00:00,4716a1279a5146ec977582a181f4a56d
2004-10-27,43.8,43.8,ft^3/s,Approved,[],2025-03-11T20:14:41.029928+00:00,4716a1279a5146ec977582a181f4a56d
2004-10-28,9.67,9.67,ft^3/s,Approved,[],2025-03-11T20:14:41.029928+00:00,4716a1279a5146ec977582a181f4a56d
2004-10-29,4.12,4.12,ft^3/s,Approved,[],2025-03-11T20:14:41.029928+00:00,4716a1279a5146ec977582a181f4a56d
2004-10-30,3.33,3.33,ft^3/s,Approved,[],2025-03-11T20:14:41.029928+00:00,4716a1279a5146ec977582a181f4a56d
2004-10-31,3.02,3.02,ft^3/s,Approved,[],2025-03-11T20:14:41.029928+00:00,4716a1279a5146ec977582a181f4a56d
2004-11-01,235.0,235,ft^3/s,Approved,[],2025-03-11T20:14:41.029928+00:00,4716a1279a5146ec977582a181f4a56d
2004-11-02,55.2,55.2,ft^3/s,Approved,[],2025-03-11T20:14:41.029928+00:00,4716a1279a5146ec977582a181f4a56d
2004-11-03,15.6,15.6,ft^3/s,Approved,[],2025-03-11T20:14:41.029928+00:00,4716a1279a5146ec977582a181f4a56d
2004-11-04,10.5,10.5,ft^3/s,Approved,[],2025-03-11T20:14:41.029928+00:00,4716a1279a5146ec977582a181f4a56d
2004-11-05,8.54,8.54,ft^3/s,Approved,[],2025-03-11T20:14:41.029928+00:00,4716a1279a5146ec977582a181f4a56d
2004-11-06,8.19,8.19,ft^3/s,Approved,[],2025-03-11T20:14:41.029928+00:00,4716a1279a5146ec977582a181f4a56d
2004-11-07,7.85,7.85,ft^3/s,Approved,[],2025-03-11T20:14:41.029928+00:00,4716a1279a5146ec977582a181f4a56d
2004-11-08,7.2,7.20,ft^3/s,Approved,[],2025-03-11T20:14:41.029928+00:00,4716a1279a5146ec977582a181f4a56d
2004-11-09,6.56,6.56,ft^3/s,Approved,[],2025-03-11T20:14:41.029928+00:00,4716a1279a5146ec977582a181f4a56d
2004-11-10,6.15,6.15,ft^3/s,Approved,[],2025-03-11T20:14:41.029928+00:00,4716a1279a5146ec977582a181f4a56d
2004-11-11,5.72,5.72,ft^3/s,Approved,[],2025-03-11T20:14:41.029928+00:00,4716a1279a5146ec977582a181f4a56d
2004-11-12,5.36,5.36,ft^3/s,Approved,[],2025-03-11T20:14:41.029928+00:00,4716a1279a5146ec977582a181f4a56d
2004-11-13,5.01,5.01,ft^3/s,Approved,[],2025-03-11T20:14:41.029928+00:00,4716a1279a5146ec977582a181f4a56d
2004-11-14,135.0,135,ft^3/s,Approved,[],2025-03-11T20:14:41.029928+00:00,4716a1279a5146ec977582a181f4a56d
2004-11-15,205.0,205,ft^3/s,Approved,[],2025-03-11T20:14:41.029928+00:00,4716a1279a5146ec977582a181f4a56d
2004-11-16,132.0,132,ft^3/s,Approved,[],2025-03-11T20:14:41.029928+00:00,4716a1279a5146ec977582a181f4a56d
2004-11-17,6630.0,6630,ft^3/s,Approved,[],2025-03-11T20:14:41.029928+00:00,4716a1279a5146ec977582a181f4a56d
2004-11-18,354.0,354,ft^3/s,Approved,[],2025-03-11T20:14:41.029928+00:00,4716a1279a5146ec977582a181f4a56d
2004-11-19,146.0,146,ft^3/s,Approved,[],2025-03-11T20:14:41.029928+00:00,4716a1279a5146ec977582a181f4a56d
2004-11-20,125.0,125,ft^3/s,Approved,[],2025-03-11T20:14:41.029928+00:00,4716a1279a5146ec977582a181f4a56d
2004-11-21,160.0,160,ft^3/s,Approved,[],2025-03-11T20:14:41.029928+00:00,4716a1279a5146ec977582a181f4a56d
2004-11-22,731.0,731,ft^3/s,Approved,[],2025-03-11T20:14:41.029928+00:00,4716a1279a5146ec977582a181f4a56d
2004-11-23,402.0,402,ft^3/s,Approved,[],2025-03-11T20:14:41.029928+00:00,4716a1279a5146ec977582a181f4a56d
2004-11-24,666.0,666,ft^3/s,Approved,[],2025-03-11T20:14:41.029928+00:00,4716a1279a5146ec977582a181f4a56d
2004-11-25,118.0,118,ft^3/s,Approved,[],2025-03-11T20:14:41.029928+00:00,4716a1279a5146ec977582a181f4a56d
2004-11-26,92.7,92.7,ft^3/s,Approved,[],2025-03-11T20:14:41.029928+00:00,4716a1279a5146ec977582a181f4a56d
2004-11-27,82.8,82.8,ft^3/s,Approved,[],2025-03-11T20:14:41.029928+00:00,4716a1279a5146ec977582a181f4a56d
2004-11-28,72.8,72.8,ft^3/s,Approved,[],2025-03-11T20:14:41.029928+00:00,4716a1279a5146ec977582a181f4a56d
2004-11-29,70.1,70.1,ft^3/s,Approved,[],2025-03-11T20:14:41.029928+00:00,4716a1279a5146ec977582a181f4a56d
2004-11-30,71.9,71.9,ft^3/s,Approved,[],2025-03-11T20:14:41.029928+00:00,4716a1279a5146ec977582a181f4a56d
2004-12-01,71.7,71.7,ft^3/s,Approved,[],2025-03-11T20:14:41.029928+00:00,4716a1279a5146ec977582a181f4a56d
2004-12-02,66.4,66.4,ft^3/s,Approved,[],2025-03-11T20:14:41.029928+00:00,4716a1279a5146ec977582a181f4a56d
2004-12-03,63.6,63.6,ft^3/s,Approved,[],2025-03-11T20:14:41.029928+00:00,4716a1279a5146ec977582a181f4a56d
2004-12-04,60.7,60.7,ft^3/s,Approved,[],2025-03-11T20:14:41.029928+00:00,4716a1279a5146ec977582a181f4a56d
2004-12-05,62.0,62.0,ft^3/s,Approved,[],2025-03-11T20:14:41.029928+00:00,4716a1279a5146ec977582a181f4a56d
2004-12-06,69.0,69.0,ft^3/s,Approved,[],2025-03-11T20:14:41.029928+00:00,4716a1279a5146ec977582a181f4a56d
2004-12-07,88.0,88.0,ft^3/s,Approved,[],2025-03-11T20:14:41.029928+00:00,4716a1279a5146ec977582a181f4a56d
2004-12-08,66.8,66.8,ft^3/s,Approved,[],2025-03-11T20:14:41.029928+00:00,4716a1279a5146ec977582a181f4a56d
2004-12-09,61.1,61.1,ft^3/s,Approved,[],2025-03-11T20:14:41.029928+00:00,4716a1279a5146ec977582a181f4a56d
2004-12-10,57.4,57.4,ft^3/s,Approved,[],2025-03-11T20:14:41.029928+00:00,4716a1279a5146ec977582a181f4a56d
2004-12-11,54.0,54.0,ft^3/s,Approved,[],2025-03-11T20:14:41.029928+00:00,4716a1279a5146ec977582a181f4a56d
2004-12-12,53.7,53.7,ft^3/s,Approved,[],2025-03-11T20:14:41.029928+00:00,4716a1279a5146ec977582a181f4a56d
2004-12-13,51.4,51.4,ft^3/s,Approved,[],2025-03-11T20:14:41.029928+00:00,4716a1279a5146ec977582a181f4a56d
2004-12-14,47.5,47.5,ft^3/s,Approved,[],2025-03-11T20:14:41.029928+00:00,4716a1279a5146ec977582a181f4a56d
2004-12-15,47.2,47.2,ft^3/s,Approved,[],2025-03-11T20:14:41.029928+00:00,4716a1279a5146ec977582a181f4a56d
2004-12-16,49.0,49.0,ft^3/s,Approved,[],2025-03-11T20:14:41.029928+00:00,4716a1279a5146ec977582a181f4a56d
2004-12-17,48.3,48.3,ft^3/s,Approved,[],2025-03-11T20:14:41.029928+00:00,4716a1279a5146ec977582a181f4a56d
2004-12-18,46.9,46.9,ft^3/s,Approved,[],2025-03-11T20:14:41.029928+00:00,4716a1279a5146ec977582a181f4a56d
2004-12-19,44.9,44.9,ft^3/s,Approved,[],2025-03-11T20:14:41.029928+00:00,4716a1279a5146ec977582a181f4a56d
2004-12-20,43.3,43.3,ft^3/s,Approved,[],2025-03-11T20:14:41.029928+00:00,4716a1279a5146ec977582a181f4a56d
2004-12-21,43.4,43.4,ft^3/s,Approved,[],2025-03-11T20:14:41.029928+00:00,4716a1279a5146ec977582a181f4a56d
2004-12-22,43.9,43.9,ft^3/s,Approved,[],2025-03-11T20:14:41.029928+00:00,4716a1279a5146ec977582a181f4a56d
2004-12-23,42.6,42.6,ft^3/s,Approved,[],2025-03-11T20:14:41.029928+00:00,4716a1279a5146ec977582a181f4a56d
2004-12-24,39.8,39.8,ft^3/s,Approved,[],2025-03-11T20:14:41.029928+00:00,4716a1279a5146ec977582a181f4a56d
2004-12-25,39.3,39.3,ft^3/s,Approved,[],2025-03-11T20:14:41.029928+00:00,4716a1279a5146ec977582a181f4a56d
2004-12-26,38.3,38.3,ft^3/s,Approved,[],2025-03-11T20:14:41.029928+00:00,4716a1279a5146ec977582a181f4a56d
2004-12-27,36.2,36.2,ft^3/s,Approved,[],2025-03-11T20:14:41.029928+00:00,4716a1279a5146ec977582a181f4a56d
2004-12-28,34.9,34.9,ft^3/s,Approved,[],2025-03-11T20:14:41.029928+00:00,4716a1279a5146ec977582a181f4a56d
2004-12-29,33.8,33.8,ft^3/s,Approved,[],2025-03-11T20:14:41.029928+00:00,4716a1279a5146ec977582a181f4a56d
2004-12-30,32.9,32.9,ft^3/s,Approved,[],2025-03-11T20:14:41.029928+00:00,4716a1279a5146ec977582a181f4a56d
2004-12-31,32.5,32.5,ft^3/s,Approved,[],2025-03-11T20:14:41.029928+00:00,4716a1279a5146ec977582a181f4a56d
2005-01-01,31.0,31.0,ft^3/s,Approved,[],2025-03-11T20:14:41.029928+00:00,4716a1279a5146ec977582a181f4a56d
2005-01-02,32.2,32.2,ft^3/s,Approved,[],2025-03-11T20:14:41.029928+00:00,4716a1279a5146ec977582a181f4a56d
2005-01-03,34.6,34.6,ft^3/s,Approved,[],2025-03-11T20:14:41.029928+00:00,4716a1279a5146ec977582a181f4a56d
2005-01-04,38.3,38.3,ft^3/s,Approved,[],2025-03-11T20:14:41.029928+00:00,4716a1279a5146ec977582a181f4a56d
2005-01-05,35.3,35.3,ft^3/s,Approved,[],2025-03-11T20:14:41.029928+00:00,4716a1279a5146ec977582a181f4a56d
2005-01-06,33.5,33.5,ft^3/s,Approved,[],2025-03-11T20:14:41.029928+00:00,4716a1279a5146ec977582a181f4a56d
2005-01-07,32.8,32.8,ft^3/s,Approved,[],2025-03-11T20:14:41.029928+00:00,4716a1279a5146ec977582a181f4a56d
2005-01-08,30.8,30.8,ft^3/s,Approved,[],2025-03-11T20:14:41.029928+00:00,4716a1279a5146ec977582a181f4a56d
2005-01-09,29.5,29.5,ft^3/s,Approved,[],2025-03-11T20:14:41.029928+00:00,4716a1279a5146ec977582a181f4a56d
2005-01-10,29.5,29.5,ft^3/s,Approved,[],2025-03-11T20:14:41.029928+00:00,4716a1279a5146ec977582a181f4a56d
2005-01-11,29.0,29.0,ft^3/s,Approved,[],2025-03-11T20:14:41.029928+00:00,4716a1279a5146ec977582a181f4a56d
2005-01-12,28.7,28.7,ft^3/s,Approved,[],2025-03-11T20:14:41.029928+00:00,4716a1279a5146ec977582a181f4a56d
2005-01-13,27.2,27.2,ft^3/s,Approved,[],2025-03-11T20:14:41.029928+00:00,4716a1279a5146ec977582a181f4a56d
2005-01-14,24.8,24.8,ft^3/s,Approved,[],2025-03-11T20:14:41.029928+00:00,4716a1279a5146ec977582a181f4a56d
2005-01-15,23.7,23.7,ft^3/s,Approved,[],2025-03-11T20:14:41.029928+00:00,4716a1279a5146ec977582a181f4a56d
2005-01-16,23.7,23.7,ft^3/s,Approved,[],2025-03-11T20:14:41.029928+00:00,4716a1279a5146ec977582a181f4a56d
2005-01-17,23.2,23.2,ft^3/s,Approved,[],2025-03-11T20:14:41.029928+00:00,4716a1279a5146ec977582a181f4a56d
2005-01-18,23.3,23.3,ft^3/s,Approved,[],2025-03-11T20:14:41.029928+00:00,4716a1279a5146ec977582a181f4a56d
2005-01-19,23.4,23.4,ft^3/s,Approved,[],2025-03-11T20:14:41.029928+00:00,4716a1279a5146ec977582a181f4a56d
2005-01-20,23.6,23.6,ft^3/s,Approved,[],2025-03-11T20:14:41.029928+00:00,4716a1279a5146ec977582a181f4a56d
2005-01-21,23.2,23.2,ft^3/s,Approved,[],2025-03-11T20:14:41.029928+00:00,4716a1279a5146ec977582a181f4a56d
2005-01-22,22.0,22.0,ft^3/s,Approved,[],2025-03-11T20:14:41.029928+00:00,4716a1279a5146ec977582a181f4a56d
2005-01-23,20.1,20.1,ft^3/s,Approved,[],2025-03-11T20:14:41.029928+00:00,4716a1279a5146ec977582a181f4a56d
2005-01-24,19.2,19.2,ft^3/s,Approved,[],2025-03-11T20:14:41.029928+00:00,4716a1279a5146ec977582a181f4a56d
2005-01-25,20.0,20.0,ft^3/s,Approved,[],2025-03-11T20:14:41.029928+00:00,4716a1279a5146ec977582a181f4a56d
2005-01-26,20.1,20.1,ft^3/s,Approved,[],2025-03-11T20:14:41.029928+00:00,4716a1279a5146ec977582a181f4a56d
2005-01-27,54.7,54.7,ft^3/s,Approved,[],2025-03-11T20:14:41.029928+00:00,4716a1279a5146ec977582a181f4a56d
2005-01-28,158.0,158,ft^3/s,Approved,[],2025-03-11T20:14:41.029928+00:00,4716a1279a5146ec977582a181f4a56d
2005-01-29,48.7,48.7,ft^3/s,Approved,[],2025-03-11T20:14:41.029928+00:00,4716a1279a5146ec977582a181f4a56d
2005-01-30,35.3,35.3,ft^3/s,Approved,[],2025-03-11T20:14:41.029928+00:00,4716a1279a5146ec977582a181f4a56d
2005-01-31,37.4,37.4,ft^3/s,Approved,[],2025-03-11T20:14:41.029928+00:00,4716a1279a5146ec977582a181f4a56d
2005-02-01,86.1,86.1,ft^3/s,Approved,[],2025-03-11T20:14:41.029928+00:00,4716a1279a5146ec977582a181f4a56d
2005-02-02,167.0,167,ft^3/s,Approved,[],2025-03-11T20:14:41.029928+00:00,4716a1279a5146ec977582a181f4a56d
2005-02-03,65.5,65.5,ft^3/s,Approved,[],2025-03-11T20:14:41.029928+00:00,4716a1279a5146ec977582a181f4a56d
2005-02-04,52.5,52.5,ft^3/s,Approved,[],2025-03-11T20:14:41.029928+00:00,4716a1279a5146ec977582a181f4a56d
2005-02-05,49.9,49.9,ft^3/s,Approved,[],2025-03-11T20:14:41.029928+00:00,4716a1279a5146ec977582a181f4a56d
2005-02-06,49.4,49.4,ft^3/s,Approved,[],2025-03-11T20:14:41.029928+00:00,4716a1279a5146ec977582a181f4a56d
2005-02-07,50.9,50.9,ft^3/s,Approved,[],2025-03-11T20:14:41.029928+00:00,4716a1279a5146ec977582a181f4a56d
2005-02-08,46.4,46.4,ft^3/s,Approved,[],2025-03-11T20:14:41.029928+00:00,4716a1279a5146ec977582a181f4a56d
2005-02-09,43.7,43.7,ft^3/s,Approved,[],2025-03-11T20:14:41.029928+00:00,4716a1279a5146ec977582a181f4a56d
2005-02-10,40.8,40.8,ft^3/s,Approved,[],2025-03-11T20:14:41.029928+00:00,4716a1279a5146ec977582a181f4a56d
2005-02-11,38.5,38.5,ft^3/s,Approved,[],2025-03-11T20:14:41.029928+00:00,4716a1279a5146ec977582a181f4a56d
2005-02-12,40.6,40.6,ft^3/s,Approved,[],2025-03-11T20:14:41.029928+00:00,4716a1279a5146ec977582a181f4a56d
2005-02-13,46.3,46.3,ft^3/s,Approved,[],2025-03-11T20:14:41.029928+00:00,4716a1279a5146ec977582a181f4a56d
2005-02-14,46.9,46.9,ft^3/s,Approved,[],2025-03-11T20:14:41.029928+00:00,4716a1279a5146ec977582a181f4a56d
2005-02-15,37.3,37.3,ft^3/s,Approved,[],2025-03-11T20:14:41.029928+00:00,4716a1279a5146ec977582a181f4a56d
2005-02-16,34.2,34.2,ft^3/s,Approved,[],2025-03-11T20:14:41.029928+00:00,4716a1279a5146ec977582a181f4a56d
2005-02-17,30.3,30.3,ft^3/s,Approved,[],2025-03-11T20:14:41.029928+00:00,4716a1279a5146ec977582a181f4a56d
2005-02-18,29.4,29.4,ft^3/s,Approved,[],2025-03-11T20:14:41.029928+00:00,4716a1279a5146ec977582a181f4a56d
2005-02-19,29.8,29.8,ft^3/s,Approved,[],2025-03-11T20:14:41.029928+00:00,4716a1279a5146ec977582a181f4a56d
2005-02-20,33.1,33.1,ft^3/s,Approved,[],2025-03-11T20:14:41.029928+00:00,4716a1279a5146ec977582a181f4a56d
2005-02-21,33.2,33.2,ft^3/s,Approved,[],2025-03-11T20:14:41.029928+00:00,4716a1279a5146ec977582a181f4a56d
2005-02-22,30.6,30.6,ft^3/s,Approved,[],2025-03-11T20:14:41.029928+00:00,4716a1279a5146ec977582a181f4a56d
2005-02-23,51.3,51.3,ft^3/s,Approved,[],2025-03-11T20:14:41.029928+00:00,4716a1279a5146ec977582a181f4a56d
2005-02-24,56.2,56.2,ft^3/s,Approved,[],2025-03-11T20:14:41.029928+00:00,4716a1279a5146ec977582a181f4a56d
2005-02-25,47.7,47.7,ft^3/s,Approved,[],2025-03-11T20:14:41.029928+00:00,4716a1279a5146ec977582a181f4a56d
2005-02-26,58.1,58.1,ft^3/s,Approved,[],2025-03-11T20:14:41.029928+00:00,4716a1279a5146ec977582a181f4a56d
2005-02-27,154.0,154,ft^3/s,Approved,[],2025-03-11T20:14:41.029928+00:00,4716a1279a5146ec977582a181f4a56d
2005-02-28,120.0,120,ft^3/s,Approved,[],2025-03-11T20:14:41.029928+00:00,4716a1279a5146ec977582a181f4a56d
2005-03-01,70.7,70.7,ft^3/s,Approved,[],2025-03-11T20:14:41.029928+00:00,4716a1279a5146ec977582a181f4a56d
2005-03-02,307.0,307,ft^3/s,Approved,[],2025-03-11T20:14:41.029928+00:00,4716a1279a5146ec977582a181f4a56d
2005-03-03,145.0,145,ft^3/s,Approved,[],2025-03-11T20:14:41.029928+00:00,4716a1279a5146ec977582a181f4a56d
2005-03-04,88.2,88.2,ft^3/s,Approved,[],2025-03-11T20:14:41.029928+00:00,4716a1279a5146ec977582a181f4a56d
2005-03-05,74.7,74.7,ft^3/s,Approved,[],2025-03-11T20:14:41.029928+00:00,4716a1279a5146ec977582a181f4a56d
2005-03-06,78.7,78.7,ft^3/s,Approved,[],2025-03-11T20:14:41.029928+00:00,4716a1279a5146ec977582a181f4a56d
2005-03-07,137.0,137,ft^3/s,Approved,[],2025-03-11T20:14:41.029928+00:00,4716a1279a5146ec977582a181f4a56d
2005-03-08,106.0,106,ft^3/s,Approved,[],2025-03-11T20:14:41.029928+00:00,4716a1279a5146ec977582a181f4a56d
2005-03-09,70.5,70.5,ft^3/s,Approved,[],2025-03-11T20:14:41.029928+00:00,4716a1279a5146ec977582a181f4a56d
2005-03-10,61.3,61.3,ft^3/s,Approved,[],2025-03-11T20:14:41.029928+00:00,4716a1279a5146ec977582a181f4a56d
2005-03-11,56.6,56.6,ft^3/s,Approved,[],2025-03-11T20:14:41.029928+00:00,4716a1279a5146ec977582a181f4a56d
2005-03-12,51.1,51.1,ft^3/s,Approved,[],2025-03-11T20:14:41.029928+00:00,4716a1279a5146ec977582a181f4a56d
2005-03-13,49.7,49.7,ft^3/s,Approved,[],2025-03-11T20:14:41.029928+00:00,4716a1279a5146ec977582a181f4a56d
2005-03-14,44.5,44.5,ft^3/s,Approved,[],2025-03-11T20:14:41.029928+00:00,4716a1279a5146ec977582a181f4a56d
2005-03-15,43.0,43.0,ft^3/s,Approved,[],2025-03-11T20:14:41.029928+00:00,4716a1279a5146ec977582a181f4a56d
2005-03-16,43.1,43.1,ft^3/s,Approved,[],2025-03-11T20:14:41.029928+00:00,4716a1279a5146ec977582a181f4a56d
2005-03-17,43.0,43.0,ft^3/s,Approved,[],2025-03-11T20:14:41.029928+00:00,4716a1279a5146ec977582a181f4a56d
2005-03-18,41.1,41.1,ft^3/s,Approved,[],2025-03-11T20:14:41.029928+00:00,4716a1279a5146ec977582a181f4a56d
2005-03-19,39.6,39.6,ft^3/s,Approved,[],2025-03-11T20:14:41.029928+00:00,4716a1279a5146ec977582a181f4a56d
2005-03-20,38.3,38.3,ft^3/s,Approved,[],2025-03-11T20:14:41.029928+00:00,4716a1279a5146ec977582a181f4a56d
2005-03-21,41.2,41.2,ft^3/s,Approved,[],2025-03-11T20:14:41.029928+00:00,4716a1279a5146ec977582a181f4a56d
2005-03-22,53.3,53.3,ft^3/s,Approved,[],2025-03-11T20:14:41.029928+00:00,4716a1279a5146ec977582a181f4a56d
2005-03-23,36.7,36.7,ft^3/s,Approved,[],2025-03-11T20:14:41.029928+00:00,4716a1279a5146ec977582a181f4a56d
2005-03-24,34.9,34.9,ft^3/s,Approved,[],2025-03-11T20:14:41.029928+00:00,4716a1279a5146ec977582a181f4a56d
2005-03-25,34.3,34.3,ft^3/s,Approved,[],2025-03-11T20:14:41.029928+00:00,4716a1279a5146ec977582a181f4a56d
2005-03-26,34.6,34.6,ft^3/s,Approved,[],2025-03-11T20:14:41.029928+00:00,4716a1279a5146ec977582a181f4a56d
2005-03-27,58.1,58.1,ft^3/s,Approved,[],2025-03-11T20:14:41.029928+00:00,4716a1279a5146ec977582a181f4a56d
2005-03-28,46.4,46.4,ft^3/s,Approved,[],2025-03-11T20:14:41.029928+00:00,4716a1279a5146ec977582a181f4a56d
2005-03-29,36.7,36.7,ft^3/s,Approved,[],2025-03-11T20:14:41.029928+00:00,4716a1279a5146ec977582a181f4a56d
2005-03-30,36.3,36.3,ft^3/s,Approved,[],2025-03-11T20:14:41.029928+00:00,4716a1279a5146ec977582a181f4a56d
2005-03-31,31.9,31.9,ft^3/s,Approved,[],2025-03-11T20:14:41.029928+00:00,4716a1279a5146ec977582a181f4a56d
2005-04-01,29.7,29.7,ft^3/s,Approved,[],2025-03-11T20:14:41.029928+00:00,4716a1279a5146ec977582a181f4a56d
2005-04-02,27.6,27.6,ft^3/s,Approved,[],2025-03-11T20:14:41.029928+00:00,4716a1279a5146ec977582a181f4a56d
2005-04-03,27.5,27.5,ft^3/s,Approved,[],2025-03-11T20:14:41.029928+00:00,4716a1279a5146ec977582a181f4a56d
2005-04-04,26.8,26.8,ft^3/s,Approved,[],2025-03-11T20:14:41.029928+00:00,4716a1279a5146ec977582a181f4a56d
2005-04-05,27.6,27.6,ft^3/s,Approved,[],2025-03-11T20:14:41.029928+00:00,4716a1279a5146ec977582a181f4a56d
2005-04-06,34.2,34.2,ft^3/s,Approved,[],2025-03-11T20:14:41.029928+00:00,4716a1279a5146ec977582a181f4a56d
2005-04-07,28.2,28.2,ft^3/s,Approved,[],2025-03-11T20:14:41.029928+00:00,4716a1279a5146ec977582a181f4a56d
2005-04-08,26.2,26.2,ft^3/s,Approved,[],2025-03-11T20:14:41.029928+00:00,4716a1279a5146ec977582a181f4a56d
2005-04-09,24.7,24.7,ft^3/s,Approved,[],2025-03-11T20:14:41.029928+00:00,4716a1279a5146ec977582a181f4a56d
2005-04-10,24.3,24.3,ft^3/s,Approved,[],2025-03-11T20:14:41.029928+00:00,4716a1279a5146ec977582a181f4a56d
2005-04-11,27.2,27.2,ft^3/s,Approved,[],2025-03-11T20:14:41.029928+00:00,4716a1279a5146ec977582a181f4a56d
2005-04-12,25.5,25.5,ft^3/s,Approved,[],2025-03-11T20:14:41.029928+00:00,4716a1279a5146ec977582a181f4a56d
2005-04-13,23.4,23.4,ft^3/s,Approved,[],2025-03-11T20:14:41.029928+00:00,4716a1279a5146ec977582a181f4a56d
2005-04-14,21.4,21.4,ft^3/s,Approved,[],2025-03-11T20:14:41.029928+00:00,4716a1279a5146ec977582a181f4a56d
2005-04-15,20.0,20.0,ft^3/s,Approved,[],2025-03-11T20:14:41.029928+00:00,4716a1279a5146ec977582a181f4a56d
2005-04-16,19.0,19.0,ft^3/s,Approved,[],2025-03-11T20:14:41.029928+00:00,4716a1279a5146ec977582a181f4a56d
2005-04-17,18.4,18.4,ft^3/s,Approved,[],2025-03-11T20:14:41.029928+00:00,4716a1279a5146ec977582a181f4a56d
2005-04-18,17.6,17.6,ft^3/s,Approved,[],2025-03-11T20:14:41.029928+00:00,4716a1279a5146ec977582a181f4a56d
2005-04-19,17.4,17.4,ft^3/s,Approved,[],2025-03-11T20:14:41.029928+00:00,4716a1279a5146ec977582a181f4a56d
2005-04-20,17.3,17.3,ft^3/s,Approved,[],2025-03-11T20:14:41.029928+00:00,4716a1279a5146ec977582a181f4a56d
2005-04-21,17.0,17.0,ft^3/s,Approved,[],2025-03-11T20:14:41.029928+00:00,4716a1279a5146ec977582a181f4a56d
2005-04-22,16.4,16.4,ft^3/s,Approved,[],2025-03-11T20:14:41.029928+00:00,4716a1279a5146ec977582a181f4a56d
2005-04-23,15.4,15.4,ft^3/s,Approved,[],2025-03-11T20:14:41.029928+00:00,4716a1279a5146ec977582a181f4a56d
2005-04-24,14.8,14.8,ft^3/s,Approved,[],2025-03-11T20:14:41.029928+00:00,4716a1279a5146ec977582a181f4a56d
2005-04-25,14.8,14.8,ft^3/s,Approved,[],2025-03-11T20:14:41.029928+00:00,4716a1279a5146ec977582a181f4a56d
2005-04-26,14.1,14.1,ft^3/s,Approved,[],2025-03-11T20:14:41.029928+00:00,4716a1279a5146ec977582a181f4a56d
2005-04-27,13.7,13.7,ft^3/s,Approved,[],2025-03-11T20:14:41.029928+00:00,4716a1279a5146ec977582a181f4a56d
2005-04-28,13.3,13.3,ft^3/s,Approved,[],2025-03-11T20:14:41.029928+00:00,4716a1279a5146ec977582a181f4a56d
2005-04-29,12.8,12.8,ft^3/s,Approved,[],2025-03-11T20:14:41.029928+00:00,4716a1279a5146ec977582a181f4a56d
2005-04-30,12.7,12.7,ft^3/s,Approved,[],2025-03-11T20:14:41.029928+00:00,4716a1279a5146ec977582a181f4a56d
2005-05-01,12.0,12.0,ft^3/s,Approved,[],2025-03-11T20:14:41.029928+00:00,4716a1279a5146ec977582a181f4a56d
2005-05-02,11.3,11.3,ft^3/s,Approved,[],2025-03-11T20:14:41.029928+00:00,4716a1279a5146ec977582a181f4a56d
2005-05-03,10.7,10.7,ft^3/s,Approved,[],2025-03-11T20:14:41.029928+00:00,4716a1279a5146ec977582a181f4a56d
2005-05-04,10.4,10.4,ft^3/s,Approved,[],2025-03-11T20:14:41.029928+00:00,4716a1279a5146ec977582a181f4a56d
2005-05-05,10.0,10.0,ft^3/s,Approved,[],2025-03-11T20:14:41.029928+00:00,4716a1279a5146ec977582a181f4a56d
2005-05-06,9.75,9.75,ft^3/s,Approved,[],2025-03-11T20:14:41.029928+00:00,4716a1279a5146ec977582a181f4a56d
2005-05-07,9.6,9.60,ft^3/s,Approved,[],2025-03-11T20:14:41.029928+00:00,4716a1279a5146ec977582a181f4a56d
2005-05-08,13.0,13.0,ft^3/s,Approved,[],2025-03-11T20:14:41.029928+00:00,4716a1279a5146ec977582a181f4a56d
2005-05-09,9.84,9.84,ft^3/s,Approved,[],2025-03-11T20:14:41.029928+00:00,4716a1279a5146ec977582a181f4a56d
2005-05-10,9.59,9.59,ft^3/s,Approved,[],2025-03-11T20:14:41.029928+00:00,4716a1279a5146ec977582a181f4a56d
2005-05-11,9.74,9.74,ft^3/s,Approved,[],2025-03-11T20:14:41.029928+00:00,4716a1279a5146ec977582a181f4a56d
2005-05-12,9.63,9.63,ft^3/s,Approved,[],2025-03-11T20:14:41.029928+00:00,4716a1279a5146ec977582a181f4a56d
2005-05-13,9.36,9.36,ft^3/s,Approved,[],2025-03-11T20:14:41.029928+00:00,4716a1279a5146ec977582a181f4a56d
2005-05-14,8.99,8.99,ft^3/s,Approved,[],2025-03-11T20:14:41.029928+00:00,4716a1279a5146ec977582a181f4a56d
2005-05-15,8.28,8.28,ft^3/s,Approved,[],2025-03-11T20:14:41.029928+00:00,4716a1279a5146ec977582a181f4a56d
2005-05-16,7.9,7.90,ft^3/s,Approved,[],2025-03-11T20:14:41.029928+00:00,4716a1279a5146ec977582a181f4a56d
2005-05-17,7.47,7.47,ft^3/s,Approved,[],2025-03-11T20:14:41.029928+00:00,4716a1279a5146ec977582a181f4a56d
2005-05-18,6.9,6.90,ft^3/s,Approved,[],2025-03-11T20:14:41.029928+00:00,4716a1279a5146ec977582a181f4a56d
2005-05-19,6.28,6.28,ft^3/s,Approved,[],2025-03-11T20:14:41.029928+00:00,4716a1279a5146ec977582a181f4a56d
2005-05-20,5.52,5.52,ft^3/s,Approved,[],2025-03-11T20:14:41.029928+00:00,4716a1279a5146ec977582a181f4a56d
2005-05-21,4.9,4.90,ft^3/s,Approved,[],2025-03-11T20:14:41.029928+00:00,4716a1279a5146ec977582a181f4a56d
2005-05-22,4.18,4.18,ft^3/s,Approved,[],2025-03-11T20:14:41.029928+00:00,4716a1279a5146ec977582a181f4a56d
2005-05-23,3.45,3.45,ft^3/s,Approved,[],2025-03-11T20:14:41.029928+00:00,4716a1279a5146ec977582a181f4a56d
2005-05-24,3.02,3.02,ft^3/s,Approved,[],2025-03-11T20:14:41.029928+00:00,4716a1279a5146ec977582a181f4a56d
2005-05-25,2.54,2.54,ft^3/s,Approved,[],2025-03-11T20:14:41.029928+00:00,4716a1279a5146ec977582a181f4a56d
2005-05-26,2.05,2.05,ft^3/s,Approved,[],2025-03-11T20:14:41.029928+00:00,4716a1279a5146ec977582a181f4a56d
2005-05-27,1.82,1.82,ft^3/s,Approved,[],2025-03-11T20:14:41.029928+00:00,4716a1279a5146ec977582a181f4a56d
2005-05-28,2.2,2.20,ft^3/s,Approved,[],2025-03-11T20:14:41.029928+00:00,4716a1279a5146ec977582a181f4a56d
2005-05-29,3.7,3.70,ft^3/s,Approved,[],2025-03-11T20:14:41.029928+00:00,4716a1279a5146ec977582a181f4a56d
2005-05-30,4.54,4.54,ft^3/s,Approved,[],2025-03-11T20:14:41.029928+00:00,4716a1279a5146ec977582a181f4a56d
2005-05-31,6.44,6.44,ft^3/s,Approved,[],2025-03-11T20:14:41.029928+00:00,4716a1279a5146ec977582a181f4a56d
2005-06-01,8.89,8.89,ft^3/s,Approved,[],2025-03-11T20:14:41.029928+00:00,4716a1279a5146ec977582a181f4a56d
2005-06-02,6.97,6.97,ft^3/s,Approved,[],2025-03-11T20:14:41.029928+00:00,4716a1279a5146ec977582a181f4a56d
2005-06-03,7.13,7.13,ft^3/s,Approved,[],2025-03-11T20:14:41.029928+00:00,4716a1279a5146ec977582a181f4a56d
2005-06-04,7.5,7.50,ft^3/s,Approved,[],2025-03-11T20:14:41.029928+00:00,4716a1279a5146ec977582a181f4a56d
2005-06-05,6.36,6.36,ft^3/s,Approved,[],2025-03-11T20:14:41.029928+00:00,4716a1279a5146ec977582a181f4a56d
2005-06-06,5.55,5.55,ft^3/s,Approved,[],2025-03-11T20:14:41.029928+00:00,4716a1279a5146ec977582a181f4a56d
2005-06-07,4.44,4.44,ft^3/s,Approved,[],2025-03-11T20:14:41.029928+00:00,4716a1279a5146ec977582a181f4a56d
2005-06-08,3.41,3.41,ft^3/s,Approved,[],2025-03-11T20:14:41.029928+00:00,4716a1279a5146ec977582a181f4a56d
2005-06-09,2.47,2.47,ft^3/s,Approved,[],2025-03-11T20:14:41.029928+00:00,4716a1279a5146ec977582a181f4a56d
2005-06-10,1.82,1.82,ft^3/s,Approved,[],2025-03-11T20:14:41.029928+00:00,4716a1279a5146ec977582a181f4a56d
2005-06-11,1.14,1.14,ft^3/s,Approved,[],2025-03-11T20:14:41.029928+00:00,4716a1279a5146ec977582a181f4a56d
2005-06-12,0.59,0.59,ft^3/s,Approved,[],2025-03-11T20:14:41.029928+00:00,4716a1279a5146ec977582a181f4a56d
2005-06-13,0.31,0.31,ft^3/s,Approved,[],2025-03-11T20:14:41.029928+00:00,4716a1279a5146ec977582a181f4a56d
2005-06-14,0.09,0.09,ft^3/s,Approved,[],2025-03-11T20:14:41.029928+00:00,4716a1279a5146ec977582a181f4a56d
2005-06-15,0.01,0.01,ft^3/s,Approved,[],2025-08-29T15:46:18.318903+00:00,4716a1279a5146ec977582a181f4a56d
2005-06-16,0.0,0.00,ft^3/s,Approved,[],2025-03-11T20:14:41.029928+00:00,4716a1279a5146ec977582a181f4a56d
2005-06-17,0.0,0.00,ft^3/s,Approved,[],2025-03-11T20:14:41.029928+00:00,4716a1279a5146ec977582a181f4a56d
2005-06-18,0.0,0.00,ft^3/s,Approved,[],2025-03-11T20:14:41.029928+00:00,4716a1279a5146ec977582a181f4a56d
2005-06-19,0.0,0.00,ft^3/s,Approved,[],2025-03-11T20:14:41.029928+00:00,4716a1279a5146ec977582a181f4a56d
2005-06-20,0.0,0.00,ft^3/s,Approved,[],2025-03-11T20:14:41.029928+00:00,4716a1279a5146ec977582a181f4a56d
2005-06-21,0.0,0.00,ft^3/s,Approved,[],2025-03-11T20:14:41.029928+00:00,4716a1279a5146ec977582a181f4a56d
2005-06-22,0.0,0.00,ft^3/s,Approved,[],2025-03-11T20:14:41.029928+00:00,4716a1279a5146ec977582a181f4a56d
2005-06-23,0.0,0.00,ft^3/s,Approved,[],2025-03-11T20:14:41.029928+00:00,4716a1279a5146ec977582a181f4a56d
2005-06-24,0.0,0.00,ft^3/s,Approved,[],2025-03-11T20:14:41.029928+00:00,4716a1279a5146ec977582a181f4a56d
2005-06-25,0.0,0.00,ft^3/s,Approved,[],2025-03-11T20:14:41.029928+00:00,4716a1279a5146ec977582a181f4a56d
2005-06-26,0.0,0.00,ft^3/s,Approved,[],2025-03-11T20:14:41.029928+00:00,4716a1279a5146ec977582a181f4a56d
2005-06-27,0.0,0.00,ft^3/s,Approved,[],2025-03-11T20:14:41.029928+00:00,4716a1279a5146ec977582a181f4a56d
2005-06-28,0.0,0.00,ft^3/s,Approved,[],2025-03-11T20:14:41.029928+00:00,4716a1279a5146ec977582a181f4a56d
2005-06-29,0.0,0.00,ft^3/s,Approved,[],2025-03-11T20:14:41.029928+00:00,4716a1279a5146ec977582a181f4a56d
2005-06-30,0.0,0.00,ft^3/s,Approved,[],2025-03-11T20:14:41.029928+00:00,4716a1279a5146ec977582a181f4a56d
2005-07-01,0.0,0.00,ft^3/s,Approved,[],2025-03-11T20:14:41.029928+00:00,4716a1279a5146ec977582a181f4a56d
2005-07-02,0.0,0.00,ft^3/s,Approved,[],2025-03-11T20:14:41.029928+00:00,4716a1279a5146ec977582a181f4a56d
2005-07-03,0.0,0.00,ft^3/s,Approved,[],2025-03-11T20:14:41.029928+00:00,4716a1279a5146ec977582a181f4a56d
2005-07-04,0.0,0.00,ft^3/s,Approved,[],2025-03-11T20:14:41.029928+00:00,4716a1279a5146ec977582a181f4a56d
2005-07-05,0.0,0.00,ft^3/s,Approved,[],2025-03-11T20:14:41.029928+00:00,4716a1279a5146ec977582a181f4a56d
2005-07-06,0.0,0.00,ft^3/s,Approved,[],2025-03-11T20:14:41.029928+00:00,4716a1279a5146ec977582a181f4a56d
2005-07-07,0.0,0.00,ft^3/s,Approved,[],2025-03-11T20:14:41.029928+00:00,4716a1279a5146ec977582a181f4a56d
2005-07-08,0.0,0.00,ft^3/s,Approved,[],2025-03-11T20:14:41.029928+00:00,4716a1279a5146ec977582a181f4a56d
2005-07-09,0.0,0.00,ft^3/s,Approved,[],2025-03-11T20:14:41.029928+00:00,4716a1279a5146ec977582a181f4a56d
2005-07-10,0.0,0.00,ft^3/s,Approved,[],2025-03-11T20:14:41.029928+00:00,4716a1279a5146ec977582a181f4a56d
2005-07-11,0.0,0.00,ft^3/s,Approved,[],2025-03-11T20:14:41.029928+00:00,4716a1279a5146ec977582a181f4a56d
2005-07-12,0.0,0.00,ft^3/s,Approved,[],2025-03-11T20:14:41.029928+00:00,4716a1279a5146ec977582a181f4a56d
2005-07-13,0.0,0.00,ft^3/s,Approved,[],2025-03-11T20:14:41.029928+00:00,4716a1279a5146ec977582a181f4a56d
2005-07-14,0.0,0.00,ft^3/s,Approved,[],2025-03-11T20:14:41.029928+00:00,4716a1279a5146ec977582a181f4a56d
2005-07-15,0.0,0.00,ft^3/s,Approved,[],2025-03-11T20:14:41.029928+00:00,4716a1279a5146ec977582a181f4a56d
2005-07-16,0.0,0.00,ft^3/s,Approved,[],2025-03-11T20:14:41.029928+00:00,4716a1279a5146ec977582a181f4a56d
2005-07-17,0.0,0.00,ft^3/s,Approved,[],2025-03-11T20:14:41.029928+00:00,4716a1279a5146ec977582a181f4a56d
2005-07-18,0.0,0.00,ft^3/s,Approved,[],2025-03-11T20:14:41.029928+00:00,4716a1279a5146ec977582a181f4a56d
2005-07-19,0.0,0.00,ft^3/s,Approved,[],2025-03-11T20:14:41.029928+00:00,4716a1279a5146ec977582a181f4a56d
2005-07-20,0.0,0.00,ft^3/s,Approved,[],2025-03-11T20:14:41.029928+00:00,4716a1279a5146ec977582a181f4a56d
2005-07-21,0.0,0.00,ft^3/s,Approved,[],2025-03-11T20:14:41.029928+00:00,4716a1279a5146ec977582a181f4a56d
2005-07-22,0.0,0.00,ft^3/s,Approved,[],2025-03-11T20:14:41.029928+00:00,4716a1279a5146ec977582a181f4a56d
2005-07-23,0.0,0.00,ft^3/s,Approved,[],2025-03-11T20:14:41.029928+00:00,4716a1279a5146ec977582a181f4a56d
2005-07-24,0.0,0.00,ft^3/s,Approved,[],2025-03-11T20:14:41.029928+00:00,4716a1279a5146ec977582a181f4a56d
2005-07-25,0.0,0.00,ft^3/s,Approved,[],2025-03-11T20:14:41.029928+00:00,4716a1279a5146ec977582a181f4a56d
2005-07-26,0.0,0.00,ft^3/s,Approved,[],2025-03-11T20:14:41.029928+00:00,4716a1279a5146ec977582a181f4a56d
2005-07-27,0.0,0.00,ft^3/s,Approved,[],2025-03-11T20:14:41.029928+00:00,4716a1279a5146ec977582a181f4a56d
2005-07-28,0.0,0.00,ft^3/s,Approved,[],2025-03-11T20:14:41.029928+00:00,4716a1279a5146ec977582a181f4a56d
2005-07-29,0.0,0.00,ft^3/s,Approved,[],2025-03-11T20:14:41.029928+00:00,4716a1279a5146ec977582a181f4a56d
2005-07-30,0.0,0.00,ft^3/s,Approved,[],2025-03-11T20:14:41.029928+00:00,4716a1279a5146ec977582a181f4a56d
2005-07-31,0.0,0.00,ft^3/s,Approved,[],2025-03-11T20:14:41.029928+00:00,4716a1279a5146ec977582a181f4a56d
2005-08-01,0.0,0.00,ft^3/s,Approved,[],2025-03-11T20:14:41.029928+00:00,4716a1279a5146ec977582a181f4a56d
2005-08-02,0.0,0.00,ft^3/s,Approved,[],2025-03-11T20:14:41.029928+00:00,4716a1279a5146ec977582a181f4a56d
2005-08-03,0.0,0.00,ft^3/s,Approved,[],2025-03-11T20:14:41.029928+00:00,4716a1279a5146ec977582a181f4a56d
2005-08-04,0.0,0.00,ft^3/s,Approved,[],2025-03-11T20:14:41.029928+00:00,4716a1279a5146ec977582a181f4a56d
2005-08-05,0.0,0.00,ft^3/s,Approved,[],2025-03-11T20:14:41.029928+00:00,4716a1279a5146ec977582a181f4a56d
2005-08-06,0.0,0.00,ft^3/s,Approved,[],2025-03-11T20:14:41.029928+00:00,4716a1279a5146ec977582a181f4a56d
2005-08-07,0.0,0.00,ft^3/s,Approved,[],2025-03-11T20:14:41.029928+00:00,4716a1279a5146ec977582a181f4a56d
2005-08-08,0.0,0.00,ft^3/s,Approved,[],2025-03-11T20:14:41.029928+00:00,4716a1279a5146ec977582a181f4a56d
2005-08-09,0.0,0.00,ft^3/s,Approved,[],2025-03-11T20:14:41.029928+00:00,4716a1279a5146ec977582a181f4a56d
2005-08-10,1310.0,1310,ft^3/s,Approved,[],2025-08-29T15:46:18.318903+00:00,4716a1279a5146ec977582a181f4a56d
2005-08-11,110.0,110,ft^3/s,Approved,[],2025-03-11T20:14:41.029928+00:00,4716a1279a5146ec977582a181f4a56d
2005-08-12,8.45,8.45,ft^3/s,Approved,[],2025-03-11T20:14:41.029928+00:00,4716a1279a5146ec977582a181f4a56d
2005-08-13,4.75,4.75,ft^3/s,Approved,[],2025-03-11T20:14:41.029928+00:00,4716a1279a5146ec977582a181f4a56d
2005-08-14,4.07,4.07,ft^3/s,Approved,[],2025-03-11T20:14:41.029928+00:00,4716a1279a5146ec977582a181f4a56d
2005-08-15,2.73,2.73,ft^3/s,Approved,[],2025-03-11T20:14:41.029928+00:00,4716a1279a5146ec977582a181f4a56d
2005-08-16,1.19,1.19,ft^3/s,Approved,[],2025-03-11T20:14:41.029928+00:00,4716a1279a5146ec977582a181f4a56d
2005-08-17,0.66,0.66,ft^3/s,Approved,[],2025-03-11T20:14:41.029928+00:00,4716a1279a5146ec977582a181f4a56d
2005-08-18,0.04,0.04,ft^3/s,Approved,[],2025-08-29T15:46:18.318903+00:00,4716a1279a5146ec977582a181f4a56d
2005-08-19,0.0,0.00,ft^3/s,Approved,[],2025-03-11T20:14:41.029928+00:00,4716a1279a5146ec977582a181f4a56d
2005-08-20,0.0,0.00,ft^3/s,Approved,[],2025-03-11T20:14:41.029928+00:00,4716a1279a5146ec977582a181f4a56d
2005-08-21,0.0,0.00,ft^3/s,Approved,[],2025-03-11T20:14:41.029928+00:00,4716a1279a5146ec977582a181f4a56d
2005-08-22,0.0,0.00,ft^3/s,Approved,[],2025-03-11T20:14:41.029928+00:00,4716a1279a5146ec977582a181f4a56d
2005-08-23,0.0,0.00,ft^3/s,Approved,[],2025-03-11T20:14:41.029928+00:00,4716a1279a5146ec977582a181f4a56d
2005-08-24,0.0,0.00,ft^3/s,Approved,[],2025-03-11T20:14:41.029928+00:00,4716a1279a5146ec977582a181f4a56d
2005-08-25,0.0,0.00,ft^3/s,Approved,[],2025-03-11T20:14:41.029928+00:00,4716a1279a5146ec977582a181f4a56d
2005-08-26,0.0,0.00,ft^3/s,Approved,[],2025-03-11T20:14:41.029928+00:00,4716a1279a5146ec977582a181f4a56d
2005-08-27,0.0,0.00,ft^3/s,Approved,[],2025-03-11T20:14:41.029928+00:00,4716a1279a5146ec977582a181f4a56d
2005-08-28,0.0,0.00,ft^3/s,Approved,[],2025-03-11T20:14:41.029928+00:00,4716a1279a5146ec977582a181f4a56d
2005-08-29,0.0,0.00,ft^3/s,Approved,[],2025-03-11T20:14:41.029928+00:00,4716a1279a5146ec977582a181f4a56d
2005-08-30,0.0,0.00,ft^3/s,Approved,[],2025-03-11T20:14:41.029928+00:00,4716a1279a5146ec977582a181f4a56d
2005-08-31,0.0,0.00,ft^3/s,Approved,[],2025-03-11T20:14:41.029928+00:00,4716a1279a5146ec977582a181f4a56d
2005-09-01,0.0,0.00,ft^3/s,Approved,[],2025-03-11T20:14:41.029928+00:00,4716a1279a5146ec977582a181f4a56d
2005-09-02,0.0,0.00,ft^3/s,Approved,[],2025-03-11T20:14:41.029928+00:00,4716a1279a5146ec977582a181f4a56d
2005-09-03,0.0,0.00,ft^3/s,Approved,[],2025-03-11T20:14:41.029928+00:00,4716a1279a5146ec977582a181f4a56d
2005-09-04,0.0,0.00,ft^3/s,Approved,[],2025-03-11T20:14:41.029928+00:00,4716a1279a5146ec977582a181f4a56d
2005-09-05,0.0,0.00,ft^3/s,Approved,[],2025-03-11T20:14:41.029928+00:00,4716a1279a5146ec977582a181f4a56d
2005-09-06,0.0,0.00,ft^3/s,Approved,[],2025-03-11T20:14:41.029928+00:00,4716a1279a5146ec977582a181f4a56d
2005-09-07,0.0,0.00,ft^3/s,Approved,[],2025-03-11T20:14:41.029928+00:00,4716a1279a5146ec977582a181f4a56d
2005-09-08,0.0,0.00,ft^3/s,Approved,[],2025-03-11T20:14:41.029928+00:00,4716a1279a5146ec977582a181f4a56d
2005-09-09,0.0,0.00,ft^3/s,Approved,[],2025-03-11T20:14:41.029928+00:00,4716a1279a5146ec977582a181f4a56d
2005-09-10,0.0,0.00,ft^3/s,Approved,[],2025-03-11T20:14:41.029928+00:00,4716a1279a5146ec977582a181f4a56d
2005-09-11,0.0,0.00,ft^3/s,Approved,[],2025-03-11T20:14:41.029928+00:00,4716a1279a5146ec977582a181f4a56d
2005-09-12,0.0,0.00,ft^3/s,Approved,[],2025-03-11T20:14:41.029928+00:00,4716a1279a5146ec977582a181f4a56d
2005-09-13,0.0,0.00,ft^3/s,Approved,[],2025-03-11T20:14:41.029928+00:00,4716a1279a5146ec977582a181f4a56d
2005-09-14,0.0,0.00,ft^3/s,Approved,[],2025-03-11T20:14:41.029928+00:00,4716a1279a5146ec977582a181f4a56d
2005-09-15,0.0,0.00,ft^3/s,Approved,[],2025-03-11T20:14:41.029928+00:00,4716a1279a5146ec977582a181f4a56d
2005-09-16,0.0,0.00,ft^3/s,Approved,[],2025-03-11T20:14:41.029928+00:00,4716a1279a5146ec977582a181f4a56d
2005-09-17,0.0,0.00,ft^3/s,Approved,[],2025-03-11T20:14:41.029928+00:00,4716a1279a5146ec977582a181f4a56d
2005-09-18,0.0,0.00,ft^3/s,Approved,[],2025-03-11T20:14:41.029928+00:00,4716a1279a5146ec977582a181f4a56d
2005-09-19,0.0,0.00,ft^3/s,Approved,[],2025-03-11T20:14:41.029928+00:00,4716a1279a5146ec977582a181f4a56d
2005-09-20,0.0,0.00,ft^3/s,Approved,[],2025-03-11T20:14:41.029928+00:00,4716a1279a5146ec977582a181f4a56d
2005-09-21,0.0,0.00,ft^3/s,Approved,[],2025-03-11T20:14:41.029928+00:00,4716a1279a5146ec977582a181f4a56d
2005-09-22,0.0,0.00,ft^3/s,Approved,[],2025-03-11T20:14:41.029928+00:00,4716a1279a5146ec977582a181f4a56d
2005-09-23,0.0,0.00,ft^3/s,Approved,[],2025-03-11T20:14:41.029928+00:00,4716a1279a5146ec977582a181f4a56d
2005-09-24,0.0,0.00,ft^3/s,Approved,[],2025-03-11T20:14:41.029928+00:00,4716a1279a5146ec977582a181f4a56d
2005-09-25,0.0,0.00,ft^3/s,Approved,[],2025-03-11T20:14:41.029928+00:00,4716a1279a5146ec977582a181f4a56d
2005-09-26,0.0,0.00,ft^3/s,Approved,[],2025-03-11T20:14:41.029928+00:00,4716a1279a5146ec977582a181f4a56d
2005-09-27,0.0,0.00,ft^3/s,Approved,[],2025-03-11T20:14:41.029928+00:00,4716a1279a5146ec977582a181f4a56d
2005-09-28,0.0,0.00,ft^3/s,Approved,[],2025-03-11T20:14:41.029928+00:00,4716a1279a5146ec977582a181f4a56d
2005-09-29,0.0,0.00,ft^3/s,Approved,[],2025-03-11T20:14:41.029928+00:00,4716a1279a5146ec977582a181f4a56d
2005-09-30,0.0,0.00,ft^3/s,Approved,[],2025-03-11T20:14:41.029928+00:00,4716a1279a5146ec977582a181f4a56d
2005-10-01,0.0,0.00,ft^3/s,Approved,[],2025-03-11T20:14:41.029928+00:00,4716a1279a5146ec977582a181f4a56d
2005-10-02,0.0,0.00,ft^3/s,Approved,[],2025-03-11T20:14:41.029928+00:00,4716a1279a5146ec977582a181f4a56d
2005-10-03,0.0,0.00,ft^3/s,Approved,[],2025-03-11T20:14:41.029928+00:00,4716a1279a5146ec977582a181f4a56d
2005-10-04,0.0,0.00,ft^3/s,Approved,[],2025-03-11T20:14:41.029928+00:00,4716a1279a5146ec977582a181f4a56d
2005-10-05,0.0,0.00,ft^3/s,Approved,[],2025-03-11T20:14:41.029928+00:00,4716a1279a5146ec977582a181f4a56d
2005-10-06,0.0,0.00,ft^3/s,Approved,[],2025-03-11T20:14:41.029928+00:00,4716a1279a5146ec977582a181f4a56d
2005-10-07,0.0,0.00,ft^3/s,Approved,[],2025-03-11T20:14:41.029928+00:00,4716a1279a5146ec977582a181f4a56d
2005-10-08,0.0,0.00,ft^3/s,Approved,[],2025-03-11T20:14:41.029928+00:00,4716a1279a5146ec977582a181f4a56d
2005-10-09,0.0,0.00,ft^3/s,Approved,[],2025-03-11T20:14:41.029928+00:00,4716a1279a5146ec977582a181f4a56d
2005-10-10,0.0,0.00,ft^3/s,Approved,[],2025-03-11T20:14:41.029928+00:00,4716a1279a5146ec977582a181f4a56d
2005-10-11,0.0,0.00,ft^3/s,Approved,[],2025-03-11T20:14:41.029928+00:00,4716a1279a5146ec977582a181f4a56d
2005-10-12,0.0,0.00,ft^3/s,Approved,[],2025-03-11T20:14:41.029928+00:00,4716a1279a5146ec977582a181f4a56d
2005-10-13,0.0,0.00,ft^3/s,Approved,[],2025-03-11T20:14:41.029928+00:00,4716a1279a5146ec977582a181f4a56d
2005-10-14,0.0,0.00,ft^3/s,Approved,[],2025-03-11T20:14:41.029928+00:00,4716a1279a5146ec977582a181f4a56d
2005-10-15,0.0,0.00,ft^3/s,Approved,[],2025-03-11T20:14:41.029928+00:00,4716a1279a5146ec977582a181f4a56d
2005-10-16,0.0,0.00,ft^3/s,Approved,[],2025-03-11T20:14:41.029928+00:00,4716a1279a5146ec977582a181f4a56d
2005-10-17,0.0,0.00,ft^3/s,Approved,[],2025-03-11T20:14:41.029928+00:00,4716a1279a5146ec977582a181f4a56d
2005-10-18,0.0,0.00,ft^3/s,Approved,[],2025-03-11T20:14:41.029928+00:00,4716a1279a5146ec977582a181f4a56d
2005-10-19,0.0,0.00,ft^3/s,Approved,[],2025-03-11T20:14:41.029928+00:00,4716a1279a5146ec977582a181f4a56d
2005-10-20,0.0,0.00,ft^3/s,Approved,[],2025-03-11T20:14:41.029928+00:00,4716a1279a5146ec977582a181f4a56d
2005-10-21,0.0,0.00,ft^3/s,Approved,[],2025-03-11T20:14:41.029928+00:00,4716a1279a5146ec977582a181f4a56d
2005-10-22,0.0,0.00,ft^3/s,Approved,[],2025-03-11T20:14:41.029928+00:00,4716a1279a5146ec977582a181f4a56d
2005-10-23,0.0,0.00,ft^3/s,Approved,[],2025-03-11T20:14:41.029928+00:00,4716a1279a5146ec977582a181f4a56d
2005-10-24,0.0,0.00,ft^3/s,Approved,[],2025-03-11T20:14:41.029928+00:00,4716a1279a5146ec977582a181f4a56d
2005-10-25,0.0,0.00,ft^3/s,Approved,[],2025-03-11T20:14:41.029928+00:00,4716a1279a5146ec977582a181f4a56d
2005-10-26,0.0,0.00,ft^3/s,Approved,[],2025-03-11T20:14:41.029928+00:00,4716a1279a5146ec977582a181f4a56d
2005-10-27,0.0,0.00,ft^3/s,Approved,[],2025-03-11T20:14:41.029928+00:00,4716a1279a5146ec977582a181f4a56d
2005-10-28,0.0,0.00,ft^3/s,Approved,[],2025-03-11T20:14:41.029928+00:00,4716a1279a5146ec977582a181f4a56d
2005-10-29,0.0,0.00,ft^3/s,Approved,[],2025-03-11T20:14:41.029928+00:00,4716a1279a5146ec977582a181f4a56d
2005-10-30,0.0,0.00,ft^3/s,Approved,[],2025-03-11T20:14:41.029928+00:00,4716a1279a5146ec977582a181f4a56d
2005-10-31,0.0,0.00,ft^3/s,Approved,[],2025-03-11T20:14:41.029928+00:00,4716a1279a5146ec977582a181f4a56d
2005-11-01,0.0,0.00,ft^3/s,Approved,[],2025-03-11T20:14:41.029928+00:00,4716a1279a5146ec977582a181f4a56d
2005-11-02,0.0,0.00,ft^3/s,Approved,[],2025-03-11T20:14:41.029928+00:00,4716a1279a5146ec977582a181f4a56d
2005-11-03,0.0,0.00,ft^3/s,Approved,[],2025-03-11T20:14:41.029928+00:00,4716a1279a5146ec977582a181f4a56d
2005-11-04,0.0,0.00,ft^3/s,Approved,[],2025-03-11T20:14:41.029928+00:00,4716a1279a5146ec977582a181f4a56d
2005-11-05,0.0,0.00,ft^3/s,Approved,[],2025-03-11T20:14:41.029928+00:00,4716a1279a5146ec977582a181f4a56d
2005-11-06,0.0,0.00,ft^3/s,Approved,[],2025-03-11T20:14:41.029928+00:00,4716a1279a5146ec977582a181f4a56d
2005-11-07,0.0,0.00,ft^3/s,Approved,[],2025-03-11T20:14:41.029928+00:00,4716a1279a5146ec977582a181f4a56d
2005-11-08,0.0,0.00,ft^3/s,Approved,[],2025-03-11T20:14:41.029928+00:00,4716a1279a5146ec977582a181f4a56d
2005-11-09,0.0,0.00,ft^3/s,Approved,[],2025-03-11T20:14:41.029928+00:00,4716a1279a5146ec977582a181f4a56d
2005-11-10,0.0,0.00,ft^3/s,Approved,[],2025-03-11T20:14:41.029928+00:00,4716a1279a5146ec977582a181f4a56d
2005-11-11,0.0,0.00,ft^3/s,Approved,[],2025-03-11T20:14:41.029928+00:00,4716a1279a5146ec977582a181f4a56d
2005-11-12,0.0,0.00,ft^3/s,Approved,[],2025-03-11T20:14:41.029928+00:00,4716a1279a5146ec977582a181f4a56d
2005-11-13,0.0,0.00,ft^3/s,Approved,[],2025-03-11T20:14:41.029928+00:00,4716a1279a5146ec977582a181f4a56d
2005-11-14,0.0,0.00,ft^3/s,Approved,[],2025-03-11T20:14:41.029928+00:00,4716a1279a5146ec977582a181f4a56d
2005-11-15,0.0,0.00,ft^3/s,Approved,[],2025-03-11T20:14:41.029928+00:00,4716a1279a5146ec977582a181f4a56d
2005-11-16,0.0,0.00,ft^3/s,Approved,[],2025-03-11T20:14:41.029928+00:00,4716a1279a5146ec977582a181f4a56d
2005-11-17,0.0,0.00,ft^3/s,Approved,[],2025-03-11T20:14:41.029928+00:00,4716a1279a5146ec977582a181f4a56d
2005-11-18,0.0,0.00,ft^3/s,Approved,[],2025-03-11T20:14:41.029928+00:00,4716a1279a5146ec977582a181f4a56d
2005-11-19,0.0,0.00,ft^3/s,Approved,[],2025-03-11T20:14:41.029928+00:00,4716a1279a5146ec977582a181f4a56d
2005-11-20,0.0,0.00,ft^3/s,Approved,[],2025-03-11T20:14:41.029928+00:00,4716a1279a5146ec977582a181f4a56d
2005-11-21,0.0,0.00,ft^3/s,Approved,[],2025-03-11T20:14:41.029928+00:00,4716a1279a5146ec977582a181f4a56d
2005-11-22,0.0,0.00,ft^3/s,Approved,[],2025-03-11T20:14:41.029928+00:00,4716a1279a5146ec977582a181f4a56d
2005-11-23,0.0,0.00,ft^3/s,Approved,[],2025-03-11T20:14:41.029928+00:00,4716a1279a5146ec977582a181f4a56d
2005-11-24,0.0,0.00,ft^3/s,Approved,[],2025-03-11T20:14:41.029928+00:00,4716a1279a5146ec977582a181f4a56d
2005-11-25,0.0,0.00,ft^3/s,Approved,[],2025-03-11T20:14:41.029928+00:00,4716a1279a5146ec977582a181f4a56d
2005-11-26,0.0,0.00,ft^3/s,Approved,[],2025-03-11T20:14:41.029928+00:00,4716a1279a5146ec977582a181f4a56d
2005-11-27,0.0,0.00,ft^3/s,Approved,[],2025-03-11T20:14:41.029928+00:00,4716a1279a5146ec977582a181f4a56d
2005-11-28,0.0,0.00,ft^3/s,Approved,[],2025-03-11T20:14:41.029928+00:00,4716a1279a5146ec977582a181f4a56d
2005-11-29,0.0,0.00,ft^3/s,Approved,[],2025-03-11T20:14:41.029928+00:00,4716a1279a5146ec977582a181f4a56d
2005-11-30,0.0,0.00,ft^3/s,Approved,[],2025-03-11T20:14:41.029928+00:00,4716a1279a5146ec977582a181f4a56d
2005-12-01,0.0,0.00,ft^3/s,Approved,[],2025-03-11T20:14:41.029928+00:00,4716a1279a5146ec977582a181f4a56d
2005-12-02,0.0,0.00,ft^3/s,Approved,[],2025-03-11T20:14:41.029928+00:00,4716a1279a5146ec977582a181f4a56d
2005-12-03,0.0,0.00,ft^3/s,Approved,[],2025-03-11T20:14:41.029928+00:00,4716a1279a5146ec977582a181f4a56d
2005-12-04,0.0,0.00,ft^3/s,Approved,[],2025-03-11T20:14:41.029928+00:00,4716a1279a5146ec977582a181f4a56d
2005-12-05,0.0,0.00,ft^3/s,Approved,[],2025-03-11T20:14:41.029928+00:00,4716a1279a5146ec977582a181f4a56d
2005-12-06,0.0,0.00,ft^3/s,Approved,[],2025-03-11T20:14:41.029928+00:00,4716a1279a5146ec977582a181f4a56d
2005-12-07,0.0,0.00,ft^3/s,Approved,[],2025-03-11T20:14:41.029928+00:00,4716a1279a5146ec977582a181f4a56d
2005-12-08,0.0,0.00,ft^3/s,Approved,[],2025-03-11T20:14:41.029928+00:00,4716a1279a5146ec977582a181f4a56d
2005-12-09,0.0,0.00,ft^3/s,Approved,[],2025-03-11T20:14:41.029928+00:00,4716a1279a5146ec977582a181f4a56d
2005-12-10,0.0,0.00,ft^3/s,Approved,[],2025-03-11T20:14:41.029928+00:00,4716a1279a5146ec977582a181f4a56d
2005-12-11,0.0,0.00,ft^3/s,Approved,[],2025-03-11T20:14:41.029928+00:00,4716a1279a5146ec977582a181f4a56d
2005-12-12,0.0,0.00,ft^3/s,Approved,[],2025-03-11T20:14:41.029928+00:00,4716a1279a5146ec977582a181f4a56d
2005-12-13,0.0,0.00,ft^3/s,Approved,[],2025-03-11T20:14:41.029928+00:00,4716a1279a5146ec977582a181f4a56d
2005-12-14,0.0,0.00,ft^3/s,Approved,[],2025-03-11T20:14:41.029928+00:00,4716a1279a5146ec977582a181f4a56d
2005-12-15,0.0,0.00,ft^3/s,Approved,[],2025-03-11T20:14:41.029928+00:00,4716a1279a5146ec977582a181f4a56d
2005-12-16,0.0,0.00,ft^3/s,Approved,[],2025-03-11T20:14:41.029928+00:00,4716a1279a5146ec977582a181f4a56d
2005-12-17,0.0,0.00,ft^3/s,Approved,[],2025-03-11T20:14:41.029928+00:00,4716a1279a5146ec977582a181f4a56d
2005-12-18,0.0,0.00,ft^3/s,Approved,[],2025-03-11T20:14:41.029928+00:00,4716a1279a5146ec977582a181f4a56d
2005-12-19,0.0,0.00,ft^3/s,Approved,[],2025-03-11T20:14:41.029928+00:00,4716a1279a5146ec977582a181f4a56d
2005-12-20,0.0,0.00,ft^3/s,Approved,[],2025-03-11T20:14:41.029928+00:00,4716a1279a5146ec977582a181f4a56d
2005-12-21,0.0,0.00,ft^3/s,Approved,[],2025-03-11T20:14:41.029928+00:00,4716a1279a5146ec977582a181f4a56d
2005-12-22,0.0,0.00,ft^3/s,Approved,[],2025-03-11T20:14:41.029928+00:00,4716a1279a5146ec977582a181f4a56d
2005-12-23,0.0,0.00,ft^3/s,Approved,[],2025-03-11T20:14:41.029928+00:00,4716a1279a5146ec977582a181f4a56d
2005-12-24,0.0,0.00,ft^3/s,Approved,[],2025-03-11T20:14:41.029928+00:00,4716a1279a5146ec977582a181f4a56d
2005-12-25,0.0,0.00,ft^3/s,Approved,[],2025-03-11T20:14:41.029928+00:00,4716a1279a5146ec977582a181f4a56d
2005-12-26,0.0,0.00,ft^3/s,Approved,[],2025-03-11T20:14:41.029928+00:00,4716a1279a5146ec977582a181f4a56d
2005-12-27,0.0,0.00,ft^3/s,Approved,[],2025-03-11T20:14:41.029928+00:00,4716a1279a5146ec977582a181f4a56d
2005-12-28,0.0,0.00,ft^3/s,Approved,[],2025-03-11T20:14:41.029928+00:00,4716a1279a5146ec977582a181f4a56d
2005-12-29,0.0,0.00,ft^3/s,Approved,[],2025-03-11T20:14:41.029928+00:00,4716a1279a5146ec977582a181f4a56d
2005-12-30,0.0,0.00,ft^3/s,Approved,[],2025-03-11T20:14:41.029928+00:00,4716a1279a5146ec977582a181f4a56d
2005-12-31,0.0,0.00,ft^3/s,Approved,[],2025-03-11T20:14:41.029928+00:00,4716a1279a5146ec977582a181f4a56d
2006-01-01,0.0,0.00,ft^3/s,Approved,[],2025-03-11T20:14:41.029928+00:00,4716a1279a5146ec977582a181f4a56d
2006-01-02,0.0,0.00,ft^3/s,Approved,[],2025-03-11T20:14:41.029928+00:00,4716a1279a5146ec977582a181f4a56d
2006-01-03,0.0,0.00,ft^3/s,Approved,[],2025-03-11T20:14:41.029928+00:00,4716a1279a5146ec977582a181f4a56d
2006-01-04,0.0,0.00,ft^3/s,Approved,[],2025-03-11T20:14:41.029928+00:00,4716a1279a5146ec977582a181f4a56d
2006-01-05,0.0,0.00,ft^3/s,Approved,[],2025-03-11T20:14:41.029928+00:00,4716a1279a5146ec977582a181f4a56d
2006-01-06,0.0,0.00,ft^3/s,Approved,[],2025-03-11T20:14:41.029928+00:00,4716a1279a5146ec977582a181f4a56d
2006-01-07,0.0,0.00,ft^3/s,Approved,[],2025-03-11T20:14:41.029928+00:00,4716a1279a5146ec977582a181f4a56d
2006-01-08,0.0,0.00,ft^3/s,Approved,[],2025-03-11T20:14:41.029928+00:00,4716a1279a5146ec977582a181f4a56d
2006-01-09,0.0,0.00,ft^3/s,Approved,[],2025-03-11T20:14:41.029928+00:00,4716a1279a5146ec977582a181f4a56d
2006-01-10,0.0,0.00,ft^3/s,Approved,[],2025-03-11T20:14:41.029928+00:00,4716a1279a5146ec977582a181f4a56d
2006-01-11,0.0,0.00,ft^3/s,Approved,[],2025-03-11T20:14:41.029928+00:00,4716a1279a5146ec977582a181f4a56d
2006-01-12,0.0,0.00,ft^3/s,Approved,[],2025-03-11T20:14:41.029928+00:00,4716a1279a5146ec977582a181f4a56d
2006-01-13,0.0,0.00,ft^3/s,Approved,[],2025-03-11T20:14:41.029928+00:00,4716a1279a5146ec977582a181f4a56d
2006-01-14,0.0,0.00,ft^3/s,Approved,[],2025-03-11T20:14:41.029928+00:00,4716a1279a5146ec977582a181f4a56d
2006-01-15,0.0,0.00,ft^3/s,Approved,[],2025-03-11T20:14:41.029928+00:00,4716a1279a5146ec977582a181f4a56d
2006-01-16,0.0,0.00,ft^3/s,Approved,[],2025-03-11T20:14:41.029928+00:00,4716a1279a5146ec977582a181f4a56d
2006-01-17,0.0,0.00,ft^3/s,Approved,[],2025-03-11T20:14:41.029928+00:00,4716a1279a5146ec977582a181f4a56d
2006-01-18,0.0,0.00,ft^3/s,Approved,[],2025-03-11T20:14:41.029928+00:00,4716a1279a5146ec977582a181f4a56d
2006-01-19,0.0,0.00,ft^3/s,Approved,[],2025-03-11T20:14:41.029928+00:00,4716a1279a5146ec977582a181f4a56d
2006-01-20,0.0,0.00,ft^3/s,Approved,[],2025-03-11T20:14:41.029928+00:00,4716a1279a5146ec977582a181f4a56d
2006-01-21,0.0,0.00,ft^3/s,Approved,[],2025-03-11T20:14:41.029928+00:00,4716a1279a5146ec977582a181f4a56d
2006-01-22,0.0,0.00,ft^3/s,Approved,[],2025-03-11T20:14:41.029928+00:00,4716a1279a5146ec977582a181f4a56d
2006-01-23,0.0,0.00,ft^3/s,Approved,[],2025-03-11T20:14:41.029928+00:00,4716a1279a5146ec977582a181f4a56d
2006-01-24,0.0,0.00,ft^3/s,Approved,[],2025-03-11T20:14:41.029928+00:00,4716a1279a5146ec977582a181f4a56d
2006-01-25,0.0,0.00,ft^3/s,Approved,[],2025-03-11T20:14:41.029928+00:00,4716a1279a5146ec977582a181f4a56d
2006-01-26,0.0,0.00,ft^3/s,Approved,[],2025-03-11T20:14:41.029928+00:00,4716a1279a5146ec977582a181f4a56d
2006-01-27,0.0,0.00,ft^3/s,Approved,[],2025-03-11T20:14:41.029928+00:00,4716a1279a5146ec977582a181f4a56d
2006-01-28,0.0,0.00,ft^3/s,Approved,[],2025-03-11T20:14:41.029928+00:00,4716a1279a5146ec977582a181f4a56d
2006-01-29,0.0,0.00,ft^3/s,Approved,[],2025-03-11T20:14:41.029928+00:00,4716a1279a5146ec977582a181f4a56d
2006-01-30,0.0,0.00,ft^3/s,Approved,[],2025-03-11T20:14:41.029928+00:00,4716a1279a5146ec977582a181f4a56d
2006-01-31,0.0,0.00,ft^3/s,Approved,[],2025-03-11T20:14:41.029928+00:00,4716a1279a5146ec977582a181f4a56d
2006-02-01,0.0,0.00,ft^3/s,Approved,[],2025-03-11T20:14:41.029928+00:00,4716a1279a5146ec977582a181f4a56d
2006-02-02,0.0,0.00,ft^3/s,Approved,[],2025-03-11T20:14:41.029928+00:00,4716a1279a5146ec977582a181f4a56d
2006-02-03,0.0,0.00,ft^3/s,Approved,[],2025-03-11T20:14:41.029928+00:00,4716a1279a5146ec977582a181f4a56d
2006-02-04,0.0,0.00,ft^3/s,Approved,[],2025-03-11T20:14:41.029928+00:00,4716a1279a5146ec977582a181f4a56d
2006-02-05,0.0,0.00,ft^3/s,Approved,[],2025-03-11T20:14:41.029928+00:00,4716a1279a5146ec977582a181f4a56d
2006-02-06,0.0,0.00,ft^3/s,Approved,[],2025-03-11T20:14:41.029928+00:00,4716a1279a5146ec977582a181f4a56d
2006-02-07,0.0,0.00,ft^3/s,Approved,[],2025-03-11T20:14:41.029928+00:00,4716a1279a5146ec977582a181f4a56d
2006-02-08,0.0,0.00,ft^3/s,Approved,[],2025-03-11T20:14:41.029928+00:00,4716a1279a5146ec977582a181f4a56d
2006-02-09,0.0,0.00,ft^3/s,Approved,[],2025-03-11T20:14:41.029928+00:00,4716a1279a5146ec977582a181f4a56d
2006-02-10,0.0,0.00,ft^3/s,Approved,[],2025-03-11T20:14:41.029928+00:00,4716a1279a5146ec977582a181f4a56d
2006-02-11,0.0,0.00,ft^3/s,Approved,[],2025-03-11T20:14:41.029928+00:00,4716a1279a5146ec977582a181f4a56d
2006-02-12,0.0,0.00,ft^3/s,Approved,[],2025-03-11T20:14:41.029928+00:00,4716a1279a5146ec977582a181f4a56d
2006-02-13,0.0,0.00,ft^3/s,Approved,[],2025-03-11T20:14:41.029928+00:00,4716a1279a5146ec977582a181f4a56d
2006-02-14,0.0,0.00,ft^3/s,Approved,[],2025-03-11T20:14:41.029928+00:00,4716a1279a5146ec977582a181f4a56d
2006-02-15,0.0,0.00,ft^3/s,Approved,[],2025-03-11T20:14:41.029928+00:00,4716a1279a5146ec977582a181f4a56d
2006-02-16,0.0,0.00,ft^3/s,Approved,[],2025-03-11T20:14:41.029928+00:00,4716a1279a5146ec977582a181f4a56d
2006-02-17,0.0,0.00,ft^3/s,Approved,[],2025-03-11T20:14:41.029928+00:00,4716a1279a5146ec977582a181f4a56d
2006-02-18,0.0,0.00,ft^3/s,Approved,[],2025-03-11T20:14:41.029928+00:00,4716a1279a5146ec977582a181f4a56d
2006-02-19,0.0,0.00,ft^3/s,Approved,[],2025-03-11T20:14:41.029928+00:00,4716a1279a5146ec977582a181f4a56d
2006-02-20,0.0,0.00,ft^3/s,Approved,[],2025-03-11T20:14:41.029928+00:00,4716a1279a5146ec977582a181f4a56d
2006-02-21,0.0,0.00,ft^3/s,Approved,[],2025-03-11T20:14:41.029928+00:00,4716a1279a5146ec977582a181f4a56d
2006-02-22,0.0,0.00,ft^3/s,Approved,[],2025-03-11T20:14:41.029928+00:00,4716a1279a5146ec977582a181f4a56d
2006-02-23,0.0,0.00,ft^3/s,Approved,[],2025-03-11T20:14:41.029928+00:00,4716a1279a5146ec977582a181f4a56d
2006-02-24,0.0,0.00,ft^3/s,Approved,[],2025-03-11T20:14:41.029928+00:00,4716a1279a5146ec977582a181f4a56d
2006-02-25,0.0,0.00,ft^3/s,Approved,[],2025-03-11T20:14:41.029928+00:00,4716a1279a5146ec977582a181f4a56d
2006-02-26,0.0,0.00,ft^3/s,Approved,[],2025-03-11T20:14:41.029928+00:00,4716a1279a5146ec977582a181f4a56d
2006-02-27,0.0,0.00,ft^3/s,Approved,[],2025-03-11T20:14:41.029928+00:00,4716a1279a5146ec977582a181f4a56d
2006-02-28,0.0,0.00,ft^3/s,Approved,[],2025-03-11T20:14:41.029928+00:00,4716a1279a5146ec977582a181f4a56d
2006-03-01,0.0,0.00,ft^3/s,Approved,[],2025-03-11T20:14:41.029928+00:00,4716a1279a5146ec977582a181f4a56d
2006-03-02,0.0,0.00,ft^3/s,Approved,[],2025-03-11T20:14:41.029928+00:00,4716a1279a5146ec977582a181f4a56d
2006-03-03,0.0,0.00,ft^3/s,Approved,[],2025-03-11T20:14:41.029928+00:00,4716a1279a5146ec977582a181f4a56d
2006-03-04,0.0,0.00,ft^3/s,Approved,[],2025-03-11T20:14:41.029928+00:00,4716a1279a5146ec977582a181f4a56d
2006-03-05,0.0,0.00,ft^3/s,Approved,[],2025-03-11T20:14:41.029928+00:00,4716a1279a5146ec977582a181f4a56d
2006-03-06,0.0,0.00,ft^3/s,Approved,[],2025-03-11T20:14:41.029928+00:00,4716a1279a5146ec977582a181f4a56d
2006-03-07,0.0,0.00,ft^3/s,Approved,[],2025-03-11T20:14:41.029928+00:00,4716a1279a5146ec977582a181f4a56d
2006-03-08,0.0,0.00,ft^3/s,Approved,[],2025-03-11T20:14:41.029928+00:00,4716a1279a5146ec977582a181f4a56d
2006-03-09,0.0,0.00,ft^3/s,Approved,[],2025-03-11T20:14:41.029928+00:00,4716a1279a5146ec977582a181f4a56d
2006-03-10,0.0,0.00,ft^3/s,Approved,[],2025-03-11T20:14:41.029928+00:00,4716a1279a5146ec977582a181f4a56d
2006-03-11,0.0,0.00,ft^3/s,Approved,[],2025-03-11T20:14:41.029928+00:00,4716a1279a5146ec977582a181f4a56d
2006-03-12,0.0,0.00,ft^3/s,Approved,[],2025-03-11T20:14:41.029928+00:00,4716a1279a5146ec977582a181f4a56d
2006-03-13,0.0,0.00,ft^3/s,Approved,[],2025-03-11T20:14:41.029928+00:00,4716a1279a5146ec977582a181f4a56d
2006-03-14,0.0,0.00,ft^3/s,Approved,[],2025-03-11T20:14:41.029928+00:00,4716a1279a5146ec977582a181f4a56d
2006-03-15,0.0,0.00,ft^3/s,Approved,[],2025-03-11T20:14:41.029928+00:00,4716a1279a5146ec977582a181f4a56d
2006-03-16,0.0,0.00,ft^3/s,Approved,[],2025-03-11T20:14:41.029928+00:00,4716a1279a5146ec977582a181f4a56d
2006-03-17,0.0,0.00,ft^3/s,Approved,[],2025-03-11T20:14:41.029928+00:00,4716a1279a5146ec977582a181f4a56d
2006-03-18,0.0,0.00,ft^3/s,Approved,[],2025-03-11T20:14:41.029928+00:00,4716a1279a5146ec977582a181f4a56d
2006-03-19,0.0,0.00,ft^3/s,Approved,[],2025-03-11T20:14:41.029928+00:00,4716a1279a5146ec977582a181f4a56d
2006-03-20,0.0,0.00,ft^3/s,Approved,[],2025-03-11T20:14:41.029928+00:00,4716a1279a5146ec977582a181f4a56d
2006-03-21,0.0,0.00,ft^3/s,Approved,[],2025-03-11T20:14:41.029928+00:00,4716a1279a5146ec977582a181f4a56d
2006-03-22,0.0,0.00,ft^3/s,Approved,[],2025-03-11T20:14:41.029928+00:00,4716a1279a5146ec977582a181f4a56d
2006-03-23,0.0,0.00,ft^3/s,Approved,[],2025-03-11T20:14:41.029928+00:00,4716a1279a5146ec977582a181f4a56d
2006-03-24,0.0,0.00,ft^3/s,Approved,[],2025-03-11T20:14:41.029928+00:00,4716a1279a5146ec977582a181f4a56d
2006-03-25,0.0,0.00,ft^3/s,Approved,[],2025-03-11T20:14:41.029928+00:00,4716a1279a5146ec977582a181f4a56d
2006-03-26,0.0,0.00,ft^3/s,Approved,[],2025-03-11T20:14:41.029928+00:00,4716a1279a5146ec977582a181f4a56d
2006-03-27,0.0,0.00,ft^3/s,Approved,[],2025-03-11T20:14:41.029928+00:00,4716a1279a5146ec977582a181f4a56d
2006-03-28,0.0,0.00,ft^3/s,Approved,[],2025-03-11T20:14:41.029928+00:00,4716a1279a5146ec977582a181f4a56d
2006-03-29,0.0,0.00,ft^3/s,Approved,[],2025-03-11T20:14:41.029928+00:00,4716a1279a5146ec977582a181f4a56d
2006-03-30,0.0,0.00,ft^3/s,Approved,[],2025-03-11T20:14:41.029928+00:00,4716a1279a5146ec977582a181f4a56d
2006-03-31,0.0,0.00,ft^3/s,Approved,[],2025-03-11T20:14:41.029928+00:00,4716a1279a5146ec977582a181f4a56d
2006-04-01,0.0,0.00,ft^3/s,Approved,[],2025-03-11T20:14:41.029928+00:00,4716a1279a5146ec977582a181f4a56d
2006-04-02,0.0,0.00,ft^3/s,Approved,[],2025-03-11T20:14:41.029928+00:00,4716a1279a5146ec977582a181f4a56d
2006-04-03,0.0,0.00,ft^3/s,Approved,[],2025-03-11T20:14:41.029928+00:00,4716a1279a5146ec977582a181f4a56d
2006-04-04,0.0,0.00,ft^3/s,Approved,[],2025-03-11T20:14:41.029928+00:00,4716a1279a5146ec977582a181f4a56d
2006-04-05,0.0,0.00,ft^3/s,Approved,[],2025-03-11T20:14:41.029928+00:00,4716a1279a5146ec977582a181f4a56d
2006-04-06,0.0,0.00,ft^3/s,Approved,[],2025-03-11T20:14:41.029928+00:00,4716a1279a5146ec977582a181f4a56d
2006-04-07,0.0,0.00,ft^3/s,Approved,[],2025-03-11T20:14:41.029928+00:00,4716a1279a5146ec977582a181f4a56d
2006-04-08,0.0,0.00,ft^3/s,Approved,[],2025-03-11T20:14:41.029928+00:00,4716a1279a5146ec977582a181f4a56d
2006-04-09,0.0,0.00,ft^3/s,Approved,[],2025-03-11T20:14:41.029928+00:00,4716a1279a5146ec977582a181f4a56d
2006-04-10,0.0,0.00,ft^3/s,Approved,[],2025-03-11T20:14:41.029928+00:00,4716a1279a5146ec977582a181f4a56d
2006-04-11,0.0,0.00,ft^3/s,Approved,[],2025-03-11T20:14:41.029928+00:00,4716a1279a5146ec977582a181f4a56d
2006-04-12,0.0,0.00,ft^3/s,Approved,[],2025-03-11T20:14:41.029928+00:00,4716a1279a5146ec977582a181f4a56d
2006-04-13,0.0,0.00,ft^3/s,Approved,[],2025-03-11T20:14:41.029928+00:00,4716a1279a5146ec977582a181f4a56d
2006-04-14,0.0,0.00,ft^3/s,Approved,[],2025-03-11T20:14:41.029928+00:00,4716a1279a5146ec977582a181f4a56d
2006-04-15,0.0,0.00,ft^3/s,Approved,[],2025-03-11T20:14:41.029928+00:00,4716a1279a5146ec977582a181f4a56d
2006-04-16,0.0,0.00,ft^3/s,Approved,[],2025-03-11T20:14:41.029928+00:00,4716a1279a5146ec977582a181f4a56d
2006-04-17,0.0,0.00,ft^3/s,Approved,[],2025-03-11T20:14:41.029928+00:00,4716a1279a5146ec977582a181f4a56d
2006-04-18,0.0,0.00,ft^3/s,Approved,[],2025-03-11T20:14:41.029928+00:00,4716a1279a5146ec977582a181f4a56d
2006-04-19,0.0,0.00,ft^3/s,Approved,[],2025-03-11T20:14:41.029928+00:00,4716a1279a5146ec977582a181f4a56d
2006-04-20,59.9,59.9,ft^3/s,Approved,[],2025-08-29T15:46:18.318903+00:00,4716a1279a5146ec977582a181f4a56d
2006-04-21,95.5,95.5,ft^3/s,Approved,[],2025-03-11T20:14:41.029928+00:00,4716a1279a5146ec977582a181f4a56d
2006-04-22,6.62,6.62,ft^3/s,Approved,[],2025-03-11T20:14:41.029928+00:00,4716a1279a5146ec977582a181f4a56d
2006-04-23,1.18,1.18,ft^3/s,Approved,[],2025-03-11T20:14:41.029928+00:00,4716a1279a5146ec977582a181f4a56d
2006-04-24,0.07,0.07,ft^3/s,Approved,[],2025-08-29T15:46:18.318903+00:00,4716a1279a5146ec977582a181f4a56d
2006-04-25,0.0,0.00,ft^3/s,Approved,[],2025-03-11T20:14:41.029928+00:00,4716a1279a5146ec977582a181f4a56d
2006-04-26,0.0,0.00,ft^3/s,Approved,[],2025-03-11T20:14:41.029928+00:00,4716a1279a5146ec977582a181f4a56d
2006-04-27,0.0,0.00,ft^3/s,Approved,[],2025-03-11T20:14:41.029928+00:00,4716a1279a5146ec977582a181f4a56d
2006-04-28,0.0,0.00,ft^3/s,Approved,[],2025-03-11T20:14:41.029928+00:00,4716a1279a5146ec977582a181f4a56d
2006-04-29,909.0,909,ft^3/s,Approved,[],2025-08-29T15:46:18.318903+00:00,4716a1279a5146ec977582a181f4a56d
2006-04-30,35.0,35.0,ft^3/s,Approved,[],2025-03-11T20:14:41.029928+00:00,4716a1279a5146ec977582a181f4a56d
2006-05-01,5.51,5.51,ft^3/s,Approved,[],2025-03-11T20:14:41.029928+00:00,4716a1279a5146ec977582a181f4a56d
2006-05-02,3.74,3.74,ft^3/s,Approved,[],2025-03-11T20:14:41.029928+00:00,4716a1279a5146ec977582a181f4a56d
2006-05-03,2.66,2.66,ft^3/s,Approved,[],2025-03-11T20:14:41.029928+00:00,4716a1279a5146ec977582a181f4a56d
2006-05-04,1.38,1.38,ft^3/s,Approved,[],2025-03-11T20:14:41.029928+00:00,4716a1279a5146ec977582a181f4a56d
2006-05-05,0.68,0.68,ft^3/s,Approved,[],2025-03-11T20:14:41.029928+00:00,4716a1279a5146ec977582a181f4a56d
2006-05-06,660.0,660,ft^3/s,Approved,[],2025-03-11T20:14:41.029928+00:00,4716a1279a5146ec977582a181f4a56d
2006-05-07,62.5,62.5,ft^3/s,Approved,[],2025-03-11T20:14:41.029928+00:00,4716a1279a5146ec977582a181f4a56d
2006-05-08,618.0,618,ft^3/s,Approved,[],2025-03-11T20:14:41.029928+00:00,4716a1279a5146ec977582a181f4a56d
2006-05-09,68.6,68.6,ft^3/s,Approved,[],2025-03-11T20:14:41.029928+00:00,4716a1279a5146ec977582a181f4a56d
2006-05-10,20.4,20.4,ft^3/s,Approved,[],2025-03-11T20:14:41.029928+00:00,4716a1279a5146ec977582a181f4a56d
2006-05-11,9.59,9.59,ft^3/s,Approved,[],2025-03-11T20:14:41.029928+00:00,4716a1279a5146ec977582a181f4a56d
2006-05-12,7.69,7.69,ft^3/s,Approved,[],2025-03-11T20:14:41.029928+00:00,4716a1279a5146ec977582a181f4a56d
2006-05-13,6.53,6.53,ft^3/s,Approved,[],2025-03-11T20:14:41.029928+00:00,4716a1279a5146ec977582a181f4a56d
2006-05-14,6.8,6.80,ft^3/s,Approved,[],2025-03-11T20:14:41.029928+00:00,4716a1279a5146ec977582a181f4a56d
2006-05-15,12.7,12.7,ft^3/s,Approved,[],2025-03-11T20:14:41.029928+00:00,4716a1279a5146ec977582a181f4a56d
2006-05-16,12.2,12.2,ft^3/s,Approved,[],2025-03-11T20:14:41.029928+00:00,4716a1279a5146ec977582a181f4a56d
2006-05-17,6.12,6.12,ft^3/s,Approved,[],2025-03-11T20:14:41.029928+00:00,4716a1279a5146ec977582a181f4a56d
2006-05-18,5.86,5.86,ft^3/s,Approved,[],2025-03-11T20:14:41.029928+00:00,4716a1279a5146ec977582a181f4a56d
2006-05-19,5.48,5.48,ft^3/s,Approved,[],2025-03-11T20:14:41.029928+00:00,4716a1279a5146ec977582a181f4a56d
2006-05-20,4.89,4.89,ft^3/s,Approved,[],2025-03-11T20:14:41.029928+00:00,4716a1279a5146ec977582a181f4a56d
2006-05-21,4.09,4.09,ft^3/s,Approved,[],2025-03-11T20:14:41.029928+00:00,4716a1279a5146ec977582a181f4a56d
2006-05-22,3.34,3.34,ft^3/s,Approved,[],2025-03-11T20:14:41.029928+00:00,4716a1279a5146ec977582a181f4a56d
2006-05-23,2.53,2.53,ft^3/s,Approved,[],2025-03-11T20:14:41.029928+00:00,4716a1279a5146ec977582a181f4a56d
2006-05-24,2.02,2.02,ft^3/s,Approved,[],2025-03-11T20:14:41.029928+00:00,4716a1279a5146ec977582a181f4a56d
2006-05-25,1.65,1.65,ft^3/s,Approved,[],2025-03-11T20:14:41.029928+00:00,4716a1279a5146ec977582a181f4a56d
2006-05-26,1.3,1.30,ft^3/s,Approved,[],2025-03-11T20:14:41.029928+00:00,4716a1279a5146ec977582a181f4a56d
2006-05-27,0.81,0.81,ft^3/s,Approved,[],2025-03-11T20:14:41.029928+00:00,4716a1279a5146ec977582a181f4a56d
2006-05-28,0.24,0.24,ft^3/s,Approved,[],2025-03-11T20:14:41.029928+00:00,4716a1279a5146ec977582a181f4a56d
2006-05-29,0.02,0.02,ft^3/s,Approved,[],2025-08-29T15:46:18.318903+00:00,4716a1279a5146ec977582a181f4a56d
2006-05-30,0.0,0.00,ft^3/s,Approved,[],2025-03-11T20:14:41.029928+00:00,4716a1279a5146ec977582a181f4a56d
2006-05-31,0.0,0.00,ft^3/s,Approved,[],2025-03-11T20:14:41.029928+00:00,4716a1279a5146ec977582a181f4a56d
2006-06-01,0.0,0.00,ft^3/s,Approved,[],2025-03-11T20:14:41.029928+00:00,4716a1279a5146ec977582a181f4a56d
2006-06-02,0.0,0.00,ft^3/s,Approved,[],2025-03-11T20:14:41.029928+00:00,4716a1279a5146ec977582a181f4a56d
2006-06-03,0.0,0.00,ft^3/s,Approved,[],2025-03-11T20:14:41.029928+00:00,4716a1279a5146ec977582a181f4a56d
2006-06-04,0.0,0.00,ft^3/s,Approved,[],2025-03-11T20:14:41.029928+00:00,4716a1279a5146ec977582a181f4a56d
2006-06-05,0.0,0.00,ft^3/s,Approved,[],2025-03-11T20:14:41.029928+00:00,4716a1279a5146ec977582a181f4a56d
2006-06-06,0.0,0.00,ft^3/s,Approved,[],2025-03-11T20:14:41.029928+00:00,4716a1279a5146ec977582a181f4a56d
2006-06-07,0.0,0.00,ft^3/s,Approved,[],2025-03-11T20:14:41.029928+00:00,4716a1279a5146ec977582a181f4a56d
2006-06-08,0.0,0.00,ft^3/s,Approved,[],2025-03-11T20:14:41.029928+00:00,4716a1279a5146ec977582a181f4a56d
2006-06-09,0.0,0.00,ft^3/s,Approved,[],2025-03-11T20:14:41.029928+00:00,4716a1279a5146ec977582a181f4a56d
2006-06-10,0.0,0.00,ft^3/s,Approved,[],2025-03-11T20:14:41.029928+00:00,4716a1279a5146ec977582a181f4a56d
2006-06-11,0.0,0.00,ft^3/s,Approved,[],2025-03-11T20:14:41.029928+00:00,4716a1279a5146ec977582a181f4a56d
2006-06-12,0.0,0.00,ft^3/s,Approved,[],2025-03-11T20:14:41.029928+00:00,4716a1279a5146ec977582a181f4a56d
2006-06-13,0.0,0.00,ft^3/s,Approved,[],2025-03-11T20:14:41.029928+00:00,4716a1279a5146ec977582a181f4a56d
2006-06-14,0.0,0.00,ft^3/s,Approved,[],2025-03-11T20:14:41.029928+00:00,4716a1279a5146ec977582a181f4a56d
2006-06-15,0.0,0.00,ft^3/s,Approved,[],2025-03-11T20:14:41.029928+00:00,4716a1279a5146ec977582a181f4a56d
2006-06-16,0.0,0.00,ft^3/s,Approved,[],2025-03-11T20:14:41.029928+00:00,4716a1279a5146ec977582a181f4a56d
2006-06-17,0.0,0.00,ft^3/s,Approved,[],2025-03-11T20:14:41.029928+00:00,4716a1279a5146ec977582a181f4a56d
2006-06-18,0.0,0.00,ft^3/s,Approved,[],2025-03-11T20:14:41.029928+00:00,4716a1279a5146ec977582a181f4a56d
2006-06-19,0.0,0.00,ft^3/s,Approved,[],2025-03-11T20:14:41.029928+00:00,4716a1279a5146ec977582a181f4a56d
2006-06-20,0.0,0.00,ft^3/s,Approved,[],2025-03-11T20:14:41.029928+00:00,4716a1279a5146ec977582a181f4a56d
2006-06-21,0.0,0.00,ft^3/s,Approved,[],2025-03-11T20:14:41.029928+00:00,4716a1279a5146ec977582a181f4a56d
2006-06-22,0.0,0.00,ft^3/s,Approved,[],2025-03-11T20:14:41.029928+00:00,4716a1279a5146ec977582a181f4a56d
2006-06-23,0.0,0.00,ft^3/s,Approved,[],2025-03-11T20:14:41.029928+00:00,4716a1279a5146ec977582a181f4a56d
2006-06-24,0.0,0.00,ft^3/s,Approved,[],2025-03-11T20:14:41.029928+00:00,4716a1279a5146ec977582a181f4a56d
2006-06-25,0.0,0.00,ft^3/s,Approved,[],2025-03-11T20:14:41.029928+00:00,4716a1279a5146ec977582a181f4a56d
2006-06-26,0.0,0.00,ft^3/s,Approved,[],2025-03-11T20:14:41.029928+00:00,4716a1279a5146ec977582a181f4a56d
2006-06-27,0.0,0.00,ft^3/s,Approved,[],2025-03-11T20:14:41.029928+00:00,4716a1279a5146ec977582a181f4a56d
2006-06-28,0.0,0.00,ft^3/s,Approved,[],2025-03-11T20:14:41.029928+00:00,4716a1279a5146ec977582a181f4a56d
2006-06-29,0.0,0.00,ft^3/s,Approved,[],2025-03-11T20:14:41.029928+00:00,4716a1279a5146ec977582a181f4a56d
2006-06-30,0.0,0.00,ft^3/s,Approved,[],2025-03-11T20:14:41.029928+00:00,4716a1279a5146ec977582a181f4a56d
2006-07-01,0.0,0.00,ft^3/s,Approved,[],2025-03-11T20:14:41.029928+00:00,4716a1279a5146ec977582a181f4a56d
2006-07-02,0.0,0.00,ft^3/s,Approved,[],2025-03-11T20:14:41.029928+00:00,4716a1279a5146ec977582a181f4a56d
2006-07-03,0.0,0.00,ft^3/s,Approved,[],2025-03-11T20:14:41.029928+00:00,4716a1279a5146ec977582a181f4a56d
2006-07-04,0.0,0.00,ft^3/s,Approved,[],2025-03-11T20:14:41.029928+00:00,4716a1279a5146ec977582a181f4a56d
2006-07-05,0.0,0.00,ft^3/s,Approved,[],2025-03-11T20:14:41.029928+00:00,4716a1279a5146ec977582a181f4a56d
2006-07-06,0.0,0.00,ft^3/s,Approved,[],2025-03-11T20:14:41.029928+00:00,4716a1279a5146ec977582a181f4a56d
2006-07-07,0.0,0.00,ft^3/s,Approved,[],2025-03-11T20:14:41.029928+00:00,4716a1279a5146ec977582a181f4a56d
2006-07-08,0.0,0.00,ft^3/s,Approved,[],2025-03-11T20:14:41.029928+00:00,4716a1279a5146ec977582a181f4a56d
2006-07-09,0.0,0.00,ft^3/s,Approved,[],2025-03-11T20:14:41.029928+00:00,4716a1279a5146ec977582a181f4a56d
2006-07-10,0.0,0.00,ft^3/s,Approved,[],2025-03-11T20:14:41.029928+00:00,4716a1279a5146ec977582a181f4a56d
2006-07-11,0.0,0.00,ft^3/s,Approved,[],2025-03-11T20:14:41.029928+00:00,4716a1279a5146ec977582a181f4a56d
2006-07-12,0.0,0.00,ft^3/s,Approved,[],2025-03-11T20:14:41.029928+00:00,4716a1279a5146ec977582a181f4a56d
2006-07-13,0.0,0.00,ft^3/s,Approved,[],2025-03-11T20:14:41.029928+00:00,4716a1279a5146ec977582a181f4a56d
2006-07-14,0.0,0.00,ft^3/s,Approved,[],2025-03-11T20:14:41.029928+00:00,4716a1279a5146ec977582a181f4a56d
2006-07-15,0.0,0.00,ft^3/s,Approved,[],2025-03-11T20:14:41.029928+00:00,4716a1279a5146ec977582a181f4a56d
2006-07-16,0.0,0.00,ft^3/s,Approved,[],2025-03-11T20:14:41.029928+00:00,4716a1279a5146ec977582a181f4a56d
2006-07-17,0.0,0.00,ft^3/s,Approved,[],2025-03-11T20:14:41.029928+00:00,4716a1279a5146ec977582a181f4a56d
2006-07-18,0.0,0.00,ft^3/s,Approved,[],2025-03-11T20:14:41.029928+00:00,4716a1279a5146ec977582a181f4a56d
2006-07-19,0.0,0.00,ft^3/s,Approved,[],2025-03-11T20:14:41.029928+00:00,4716a1279a5146ec977582a181f4a56d
2006-07-20,0.0,0.00,ft^3/s,Approved,[],2025-03-11T20:14:41.029928+00:00,4716a1279a5146ec977582a181f4a56d
2006-07-21,0.0,0.00,ft^3/s,Approved,[],2025-03-11T20:14:41.029928+00:00,4716a1279a5146ec977582a181f4a56d
2006-07-22,0.0,0.00,ft^3/s,Approved,[],2025-03-11T20:14:41.029928+00:00,4716a1279a5146ec977582a181f4a56d
2006-07-23,0.0,0.00,ft^3/s,Approved,[],2025-03-11T20:14:41.029928+00:00,4716a1279a5146ec977582a181f4a56d
2006-07-24,0.0,0.00,ft^3/s,Approved,[],2025-03-11T20:14:41.029928+00:00,4716a1279a5146ec977582a181f4a56d
2006-07-25,0.0,0.00,ft^3/s,Approved,[],2025-03-11T20:14:41.029928+00:00,4716a1279a5146ec977582a181f4a56d
2006-07-26,0.0,0.00,ft^3/s,Approved,[],2025-03-11T20:14:41.029928+00:00,4716a1279a5146ec977582a181f4a56d
2006-07-27,0.0,0.00,ft^3/s,Approved,[],2025-03-11T20:14:41.029928+00:00,4716a1279a5146ec977582a181f4a56d
2006-07-28,0.0,0.00,ft^3/s,Approved,[],2025-03-11T20:14:41.029928+00:00,4716a1279a5146ec977582a181f4a56d
2006-07-29,0.0,0.00,ft^3/s,Approved,[],2025-03-11T20:14:41.029928+00:00,4716a1279a5146ec977582a181f4a56d
2006-07-30,0.0,0.00,ft^3/s,Approved,[],2025-03-11T20:14:41.029928+00:00,4716a1279a5146ec977582a181f4a56d
2006-07-31,0.0,0.00,ft^3/s,Approved,[],2025-03-11T20:14:41.029928+00:00,4716a1279a5146ec977582a181f4a56d
2006-08-01,0.0,0.00,ft^3/s,Approved,[],2025-03-11T20:14:41.029928+00:00,4716a1279a5146ec977582a181f4a56d
2006-08-02,0.0,0.00,ft^3/s,Approved,[],2025-03-11T20:14:41.029928+00:00,4716a1279a5146ec977582a181f4a56d
2006-08-03,0.0,0.00,ft^3/s,Approved,[],2025-03-11T20:14:41.029928+00:00,4716a1279a5146ec977582a181f4a56d
2006-08-04,0.0,0.00,ft^3/s,Approved,[],2025-03-11T20:14:41.029928+00:00,4716a1279a5146ec977582a181f4a56d
2006-08-05,0.0,0.00,ft^3/s,Approved,[],2025-03-11T20:14:41.029928+00:00,4716a1279a5146ec977582a181f4a56d
2006-08-06,0.0,0.00,ft^3/s,Approved,[],2025-03-11T20:14:41.029928+00:00,4716a1279a5146ec977582a181f4a56d
2006-08-07,0.0,0.00,ft^3/s,Approved,[],2025-03-11T20:14:41.029928+00:00,4716a1279a5146ec977582a181f4a56d
2006-08-08,0.0,0.00,ft^3/s,Approved,[],2025-03-11T20:14:41.029928+00:00,4716a1279a5146ec977582a181f4a56d
2006-08-09,0.0,0.00,ft^3/s,Approved,[],2025-03-11T20:14:41.029928+00:00,4716a1279a5146ec977582a181f4a56d
2006-08-10,0.0,0.00,ft^3/s,Approved,[],2025-03-11T20:14:41.029928+00:00,4716a1279a5146ec977582a181f4a56d
2006-08-11,0.0,0.00,ft^3/s,Approved,[],2025-03-11T20:14:41.029928+00:00,4716a1279a5146ec977582a181f4a56d
2006-08-12,0.0,0.00,ft^3/s,Approved,[],2025-03-11T20:14:41.029928+00:00,4716a1279a5146ec977582a181f4a56d
2006-08-13,0.0,0.00,ft^3/s,Approved,[],2025-03-11T20:14:41.029928+00:00,4716a1279a5146ec977582a181f4a56d
2006-08-14,0.0,0.00,ft^3/s,Approved,[],2025-03-11T20:14:41.029928+00:00,4716a1279a5146ec977582a181f4a56d
2006-08-15,0.0,0.00,ft^3/s,Approved,[],2025-03-11T20:14:41.029928+00:00,4716a1279a5146ec977582a181f4a56d
2006-08-16,0.0,0.00,ft^3/s,Approved,[],2025-03-11T20:14:41.029928+00:00,4716a1279a5146ec977582a181f4a56d
2006-08-17,0.0,0.00,ft^3/s,Approved,[],2025-03-11T20:14:41.029928+00:00,4716a1279a5146ec977582a181f4a56d
2006-08-18,0.0,0.00,ft^3/s,Approved,[],2025-03-11T20:14:41.029928+00:00,4716a1279a5146ec977582a181f4a56d
2006-08-19,0.0,0.00,ft^3/s,Approved,[],2025-03-11T20:14:41.029928+00:00,4716a1279a5146ec977582a181f4a56d
2006-08-20,0.0,0.00,ft^3/s,Approved,[],2025-03-11T20:14:41.029928+00:00,4716a1279a5146ec977582a181f4a56d
2006-08-21,0.0,0.00,ft^3/s,Approved,[],2025-03-11T20:14:41.029928+00:00,4716a1279a5146ec977582a181f4a56d
2006-08-22,0.0,0.00,ft^3/s,Approved,[],2025-03-11T20:14:41.029928+00:00,4716a1279a5146ec977582a181f4a56d
2006-08-23,0.0,0.00,ft^3/s,Approved,[],2025-03-11T20:14:41.029928+00:00,4716a1279a5146ec977582a181f4a56d
2006-08-24,0.0,0.00,ft^3/s,Approved,[],2025-03-11T20:14:41.029928+00:00,4716a1279a5146ec977582a181f4a56d
2006-08-25,0.0,0.00,ft^3/s,Approved,[],2025-03-11T20:14:41.029928+00:00,4716a1279a5146ec977582a181f4a56d
2006-08-26,0.0,0.00,ft^3/s,Approved,[],2025-03-11T20:14:41.029928+00:00,4716a1279a5146ec977582a181f4a56d
2006-08-27,0.0,0.00,ft^3/s,Approved,[],2025-03-11T20:14:41.029928+00:00,4716a1279a5146ec977582a181f4a56d
2006-08-28,0.0,0.00,ft^3/s,Approved,[],2025-03-11T20:14:41.029928+00:00,4716a1279a5146ec977582a181f4a56d
2006-08-29,0.0,0.00,ft^3/s,Approved,[],2025-03-11T20:14:41.029928+00:00,4716a1279a5146ec977582a181f4a56d
2006-08-30,0.0,0.00,ft^3/s,Approved,[],2025-03-11T20:14:41.029928+00:00,4716a1279a5146ec977582a181f4a56d
2006-08-31,0.0,0.00,ft^3/s,Approved,[],2025-03-11T20:14:41.029928+00:00,4716a1279a5146ec977582a181f4a56d
2006-09-01,0.0,0.00,ft^3/s,Approved,[],2025-03-11T20:14:41.029928+00:00,4716a1279a5146ec977582a181f4a56d
2006-09-02,0.0,0.00,ft^3/s,Approved,[],2025-03-11T20:14:41.029928+00:00,4716a1279a5146ec977582a181f4a56d
2006-09-03,0.0,0.00,ft^3/s,Approved,[],2025-03-11T20:14:41.029928+00:00,4716a1279a5146ec977582a181f4a56d
2006-09-04,0.0,0.00,ft^3/s,Approved,[],2025-03-11T20:14:41.029928+00:00,4716a1279a5146ec977582a181f4a56d
2006-09-05,0.0,0.00,ft^3/s,Approved,[],2025-03-11T20:14:41.029928+00:00,4716a1279a5146ec977582a181f4a56d
2006-09-06,0.0,0.00,ft^3/s,Approved,[],2025-03-11T20:14:41.029928+00:00,4716a1279a5146ec977582a181f4a56d
2006-09-07,0.0,0.00,ft^3/s,Approved,[],2025-03-11T20:14:41.029928+00:00,4716a1279a5146ec977582a181f4a56d
2006-09-08,0.0,0.00,ft^3/s,Approved,[],2025-03-11T20:14:41.029928+00:00,4716a1279a5146ec977582a181f4a56d
2006-09-09,0.0,0.00,ft^3/s,Approved,[],2025-03-11T20:14:41.029928+00:00,4716a1279a5146ec977582a181f4a56d
2006-09-10,0.0,0.00,ft^3/s,Approved,[],2025-03-11T20:14:41.029928+00:00,4716a1279a5146ec977582a181f4a56d
2006-09-11,57.9,57.9,ft^3/s,Approved,[],2025-08-29T15:46:18.318903+00:00,4716a1279a5146ec977582a181f4a56d
2006-09-12,5.77,5.77,ft^3/s,Approved,[],2025-03-11T20:14:41.029928+00:00,4716a1279a5146ec977582a181f4a56d
2006-09-13,0.7,0.70,ft^3/s,Approved,[],2025-08-29T15:46:18.318903+00:00,4716a1279a5146ec977582a181f4a56d
2006-09-14,0.0,0.00,ft^3/s,Approved,[],2025-03-11T20:14:41.029928+00:00,4716a1279a5146ec977582a181f4a56d
2006-09-15,0.0,0.00,ft^3/s,Approved,[],2025-03-11T20:14:41.029928+00:00,4716a1279a5146ec977582a181f4a56d
2006-09-16,0.0,0.00,ft^3/s,Approved,[],2025-03-11T20:14:41.029928+00:00,4716a1279a5146ec977582a181f4a56d
2006-09-17,0.0,0.00,ft^3/s,Approved,[],2025-03-11T20:14:41.029928+00:00,4716a1279a5146ec977582a181f4a56d
2006-09-18,0.0,0.00,ft^3/s,Approved,[],2025-03-11T20:14:41.029928+00:00,4716a1279a5146ec977582a181f4a56d
2006-09-19,0.0,0.00,ft^3/s,Approved,[],2025-03-11T20:14:41.029928+00:00,4716a1279a5146ec977582a181f4a56d
2006-09-20,0.0,0.00,ft^3/s,Approved,[],2025-03-11T20:14:41.029928+00:00,4716a1279a5146ec977582a181f4a56d
2006-09-21,0.0,0.00,ft^3/s,Approved,[],2025-03-11T20:14:41.029928+00:00,4716a1279a5146ec977582a181f4a56d
2006-09-22,0.0,0.00,ft^3/s,Approved,[],2025-03-11T20:14:41.029928+00:00,4716a1279a5146ec977582a181f4a56d
2006-09-23,0.0,0.00,ft^3/s,Approved,[],2025-03-11T20:14:41.029928+00:00,4716a1279a5146ec977582a181f4a56d
2006-09-24,0.0,0.00,ft^3/s,Approved,[],2025-03-11T20:14:41.029928+00:00,4716a1279a5146ec977582a181f4a56d
2006-09-25,0.0,0.00,ft^3/s,Approved,[],2025-03-11T20:14:41.029928+00:00,4716a1279a5146ec977582a181f4a56d
2006-09-26,0.0,0.00,ft^3/s,Approved,[],2025-03-11T20:14:41.029928+00:00,4716a1279a5146ec977582a181f4a56d
2006-09-27,0.0,0.00,ft^3/s,Approved,[],2025-03-11T20:14:41.029928+00:00,4716a1279a5146ec977582a181f4a56d
2006-09-28,0.0,0.00,ft^3/s,Approved,[],2025-03-11T20:14:41.029928+00:00,4716a1279a5146ec977582a181f4a56d
2006-09-29,0.0,0.00,ft^3/s,Approved,[],2025-03-11T20:14:41.029928+00:00,4716a1279a5146ec977582a181f4a56d
2006-09-30,0.0,0.00,ft^3/s,Approved,[],2025-03-11T20:14:41.029928+00:00,4716a1279a5146ec977582a181f4a56d
2006-10-01,0.0,0.00,ft^3/s,Approved,[],2025-03-11T20:14:41.029928+00:00,4716a1279a5146ec977582a181f4a56d
2006-10-02,0.0,0.00,ft^3/s,Approved,[],2025-03-11T20:14:41.029928+00:00,4716a1279a5146ec977582a181f4a56d
2006-10-03,0.0,0.00,ft^3/s,Approved,[],2025-03-11T20:14:41.029928+00:00,4716a1279a5146ec977582a181f4a56d
2006-10-04,0.0,0.00,ft^3/s,Approved,[],2025-03-11T20:14:41.029928+00:00,4716a1279a5146ec977582a181f4a56d
2006-10-05,0.0,0.00,ft^3/s,Approved,[],2025-03-11T20:14:41.029928+00:00,4716a1279a5146ec977582a181f4a56d
2006-10-06,0.0,0.00,ft^3/s,Approved,[],2025-03-11T20:14:41.029928+00:00,4716a1279a5146ec977582a181f4a56d
2006-10-07,0.0,0.00,ft^3/s,Approved,[],2025-03-11T20:14:41.029928+00:00,4716a1279a5146ec977582a181f4a56d
2006-10-08,0.0,0.00,ft^3/s,Approved,[],2025-03-11T20:14:41.029928+00:00,4716a1279a5146ec977582a181f4a56d
2006-10-09,0.0,0.00,ft^3/s,Approved,[],2025-03-11T20:14:41.029928+00:00,4716a1279a5146ec977582a181f4a56d
2006-10-10,58.6,58.6,ft^3/s,Approved,[],2025-08-29T15:46:18.318903+00:00,4716a1279a5146ec977582a181f4a56d
2006-10-11,1.98,1.98,ft^3/s,Approved,[],2025-03-11T20:14:41.029928+00:00,4716a1279a5146ec977582a181f4a56d
2006-10-12,0.01,0.01,ft^3/s,Approved,[],2025-08-29T15:46:18.318903+00:00,4716a1279a5146ec977582a181f4a56d
2006-10-13,0.0,0.00,ft^3/s,Approved,[],2025-03-11T20:14:41.029928+00:00,4716a1279a5146ec977582a181f4a56d
2006-10-14,0.0,0.00,ft^3/s,Approved,[],2025-03-11T20:14:41.029928+00:00,4716a1279a5146ec977582a181f4a56d
2006-10-15,0.0,0.00,ft^3/s,Approved,[],2025-03-11T20:14:41.029928+00:00,4716a1279a5146ec977582a181f4a56d
2006-10-16,0.0,0.00,ft^3/s,Approved,[],2025-03-11T20:14:41.029928+00:00,4716a1279a5146ec977582a181f4a56d
2006-10-17,0.0,0.00,ft^3/s,Approved,[],2025-03-11T20:14:41.029928+00:00,4716a1279a5146ec977582a181f4a56d
2006-10-18,0.0,0.00,ft^3/s,Approved,[],2025-03-11T20:14:41.029928+00:00,4716a1279a5146ec977582a181f4a56d
2006-10-19,0.0,0.00,ft^3/s,Approved,[],2025-03-11T20:14:41.029928+00:00,4716a1279a5146ec977582a181f4a56d
2006-10-20,0.0,0.00,ft^3/s,Approved,[],2025-03-11T20:14:41.029928+00:00,4716a1279a5146ec977582a181f4a56d
2006-10-21,0.0,0.00,ft^3/s,Approved,[],2025-03-11T20:14:41.029928+00:00,4716a1279a5146ec977582a181f4a56d
2006-10-22,0.0,0.00,ft^3/s,Approved,[],2025-03-11T20:14:41.029928+00:00,4716a1279a5146ec977582a181f4a56d
2006-10-23,0.0,0.00,ft^3/s,Approved,[],2025-03-11T20:14:41.029928+00:00,4716a1279a5146ec977582a181f4a56d
2006-10-24,0.0,0.00,ft^3/s,Approved,[],2025-03-11T20:14:41.029928+00:00,4716a1279a5146ec977582a181f4a56d
2006-10-25,0.0,0.00,ft^3/s,Approved,[],2025-03-11T20:14:41.029928+00:00,4716a1279a5146ec977582a181f4a56d
2006-10-26,0.0,0.00,ft^3/s,Approved,[],2025-03-11T20:14:41.029928+00:00,4716a1279a5146ec977582a181f4a56d
2006-10-27,0.0,0.00,ft^3/s,Approved,[],2025-03-11T20:14:41.029928+00:00,4716a1279a5146ec977582a181f4a56d
2006-10-28,0.0,0.00,ft^3/s,Approved,[],2025-03-11T20:14:41.029928+00:00,4716a1279a5146ec977582a181f4a56d
2006-10-29,0.0,0.00,ft^3/s,Approved,[],2025-03-11T20:14:41.029928+00:00,4716a1279a5146ec977582a181f4a56d
2006-10-30,0.0,0.00,ft^3/s,Approved,[],2025-03-11T20:14:41.029928+00:00,4716a1279a5146ec977582a181f4a56d
2006-10-31,0.0,0.00,ft^3/s,Approved,[],2025-03-11T20:14:41.029928+00:00,4716a1279a5146ec977582a181f4a56d
2006-11-01,0.0,0.00,ft^3/s,Approved,[],2025-03-11T20:14:41.029928+00:00,4716a1279a5146ec977582a181f4a56d
2006-11-02,0.0,0.00,ft^3/s,Approved,[],2025-03-11T20:14:41.029928+00:00,4716a1279a5146ec977582a181f4a56d
2006-11-03,0.0,0.00,ft^3/s,Approved,[],2025-03-11T20:14:41.029928+00:00,4716a1279a5146ec977582a181f4a56d
2006-11-04,0.0,0.00,ft^3/s,Approved,[],2025-03-11T20:14:41.029928+00:00,4716a1279a5146ec977582a181f4a56d
2006-11-05,0.0,0.00,ft^3/s,Approved,[],2025-03-11T20:14:41.029928+00:00,4716a1279a5146ec977582a181f4a56d
2006-11-06,0.0,0.00,ft^3/s,Approved,[],2025-03-11T20:14:41.029928+00:00,4716a1279a5146ec977582a181f4a56d
2006-11-07,0.0,0.00,ft^3/s,Approved,[],2025-03-11T20:14:41.029928+00:00,4716a1279a5146ec977582a181f4a56d
2006-11-08,0.0,0.00,ft^3/s,Approved,[],2025-03-11T20:14:41.029928+00:00,4716a1279a5146ec977582a181f4a56d
2006-11-09,0.0,0.00,ft^3/s,Approved,[],2025-03-11T20:14:41.029928+00:00,4716a1279a5146ec977582a181f4a56d
2006-11-10,0.0,0.00,ft^3/s,Approved,[],2025-03-11T20:14:41.029928+00:00,4716a1279a5146ec977582a181f4a56d
2006-11-11,0.0,0.00,ft^3/s,Approved,[],2025-03-11T20:14:41.029928+00:00,4716a1279a5146ec977582a181f4a56d
2006-11-12,0.0,0.00,ft^3/s,Approved,[],2025-03-11T20:14:41.029928+00:00,4716a1279a5146ec977582a181f4a56d
2006-11-13,0.0,0.00,ft^3/s,Approved,[],2025-03-11T20:14:41.029928+00:00,4716a1279a5146ec977582a181f4a56d
2006-11-14,0.0,0.00,ft^3/s,Approved,[],2025-03-11T20:14:41.029928+00:00,4716a1279a5146ec977582a181f4a56d
2006-11-15,0.0,0.00,ft^3/s,Approved,[],2025-03-11T20:14:41.029928+00:00,4716a1279a5146ec977582a181f4a56d
2006-11-16,0.0,0.00,ft^3/s,Approved,[],2025-03-11T20:14:41.029928+00:00,4716a1279a5146ec977582a181f4a56d
2006-11-17,0.0,0.00,ft^3/s,Approved,[],2025-03-11T20:14:41.029928+00:00,4716a1279a5146ec977582a181f4a56d
2006-11-18,0.0,0.00,ft^3/s,Approved,[],2025-03-11T20:14:41.029928+00:00,4716a1279a5146ec977582a181f4a56d
2006-11-19,0.0,0.00,ft^3/s,Approved,[],2025-03-11T20:14:41.029928+00:00,4716a1279a5146ec977582a181f4a56d
2006-11-20,0.0,0.00,ft^3/s,Approved,[],2025-03-11T20:14:41.029928+00:00,4716a1279a5146ec977582a181f4a56d
2006-11-21,0.0,0.00,ft^3/s,Approved,[],2025-03-11T20:14:41.029928+00:00,4716a1279a5146ec977582a181f4a56d
2006-11-22,0.0,0.00,ft^3/s,Approved,[],2025-03-11T20:14:41.029928+00:00,4716a1279a5146ec977582a181f4a56d
2006-11-23,0.0,0.00,ft^3/s,Approved,[],2025-03-11T20:14:41.029928+00:00,4716a1279a5146ec977582a181f4a56d
2006-11-24,0.0,0.00,ft^3/s,Approved,[],2025-03-11T20:14:41.029928+00:00,4716a1279a5146ec977582a181f4a56d
2006-11-25,0.0,0.00,ft^3/s,Approved,[],2025-03-11T20:14:41.029928+00:00,4716a1279a5146ec977582a181f4a56d
2006-11-26,0.0,0.00,ft^3/s,Approved,[],2025-03-11T20:14:41.029928+00:00,4716a1279a5146ec977582a181f4a56d
2006-11-27,0.0,0.00,ft^3/s,Approved,[],2025-03-11T20:14:41.029928+00:00,4716a1279a5146ec977582a181f4a56d
2006-11-28,0.0,0.00,ft^3/s,Approved,[],2025-03-11T20:14:41.029928+00:00,4716a1279a5146ec977582a181f4a56d
2006-11-29,0.0,0.00,ft^3/s,Approved,[],2025-03-11T20:14:41.029928+00:00,4716a1279a5146ec977582a181f4a56d
2006-11-30,0.0,0.00,ft^3/s,Approved,[],2025-03-11T20:14:41.029928+00:00,4716a1279a5146ec977582a181f4a56d
2006-12-01,0.0,0.00,ft^3/s,Approved,[],2025-03-11T20:14:41.029928+00:00,4716a1279a5146ec977582a181f4a56d
2006-12-02,0.0,0.00,ft^3/s,Approved,[],2025-03-11T20:14:41.029928+00:00,4716a1279a5146ec977582a181f4a56d
2006-12-03,0.0,0.00,ft^3/s,Approved,[],2025-03-11T20:14:41.029928+00:00,4716a1279a5146ec977582a181f4a56d
2006-12-04,0.0,0.00,ft^3/s,Approved,[],2025-03-11T20:14:41.029928+00:00,4716a1279a5146ec977582a181f4a56d
2006-12-05,0.0,0.00,ft^3/s,Approved,[],2025-03-11T20:14:41.029928+00:00,4716a1279a5146ec977582a181f4a56d
2006-12-06,0.0,0.00,ft^3/s,Approved,[],2025-03-11T20:14:41.029928+00:00,4716a1279a5146ec977582a181f4a56d
2006-12-07,0.0,0.00,ft^3/s,Approved,[],2025-03-11T20:14:41.029928+00:00,4716a1279a5146ec977582a181f4a56d
2006-12-08,0.0,0.00,ft^3/s,Approved,[],2025-03-11T20:14:41.029928+00:00,4716a1279a5146ec977582a181f4a56d
2006-12-09,0.0,0.00,ft^3/s,Approved,[],2025-03-11T20:14:41.029928+00:00,4716a1279a5146ec977582a181f4a56d
2006-12-10,0.0,0.00,ft^3/s,Approved,[],2025-03-11T20:14:41.029928+00:00,4716a1279a5146ec977582a181f4a56d
2006-12-11,0.0,0.00,ft^3/s,Approved,[],2025-03-11T20:14:41.029928+00:00,4716a1279a5146ec977582a181f4a56d
2006-12-12,0.0,0.00,ft^3/s,Approved,[],2025-03-11T20:14:41.029928+00:00,4716a1279a5146ec977582a181f4a56d
2006-12-13,0.0,0.00,ft^3/s,Approved,[],2025-03-11T20:14:41.029928+00:00,4716a1279a5146ec977582a181f4a56d
2006-12-14,0.0,0.00,ft^3/s,Approved,[],2025-03-11T20:14:41.029928+00:00,4716a1279a5146ec977582a181f4a56d
2006-12-15,0.0,0.00,ft^3/s,Approved,[],2025-03-11T20:14:41.029928+00:00,4716a1279a5146ec977582a181f4a56d
2006-12-16,0.0,0.00,ft^3/s,Approved,[],2025-03-11T20:14:41.029928+00:00,4716a1279a5146ec977582a181f4a56d
2006-12-17,0.0,0.00,ft^3/s,Approved,[],2025-03-11T20:14:41.029928+00:00,4716a1279a5146ec977582a181f4a56d
2006-12-18,0.0,0.00,ft^3/s,Approved,[],2025-03-11T20:14:41.029928+00:00,4716a1279a5146ec977582a181f4a56d
2006-12-19,0.0,0.00,ft^3/s,Approved,[],2025-03-11T20:14:41.029928+00:00,4716a1279a5146ec977582a181f4a56d
2006-12-20,0.0,0.00,ft^3/s,Approved,[],2025-03-11T20:14:41.029928+00:00,4716a1279a5146ec977582a181f4a56d
2006-12-21,0.0,0.00,ft^3/s,Approved,[],2025-03-11T20:14:41.029928+00:00,4716a1279a5146ec977582a181f4a56d
2006-12-22,0.0,0.00,ft^3/s,Approved,[],2025-03-11T20:14:41.029928+00:00,4716a1279a5146ec977582a181f4a56d
2006-12-23,0.0,0.00,ft^3/s,Approved,[],2025-03-11T20:14:41.029928+00:00,4716a1279a5146ec977582a181f4a56d
2006-12-24,0.0,0.00,ft^3/s,Approved,[],2025-03-11T20:14:41.029928+00:00,4716a1279a5146ec977582a181f4a56d
2006-12-25,0.0,0.00,ft^3/s,Approved,[],2025-03-11T20:14:41.029928+00:00,4716a1279a5146ec977582a181f4a56d
2006-12-26,0.0,0.00,ft^3/s,Approved,[],2025-03-11T20:14:41.029928+00:00,4716a1279a5146ec977582a181f4a56d
2006-12-27,0.0,0.00,ft^3/s,Approved,[],2025-03-11T20:14:41.029928+00:00,4716a1279a5146ec977582a181f4a56d
2006-12-28,0.0,0.00,ft^3/s,Approved,[],2025-03-11T20:14:41.029928+00:00,4716a1279a5146ec977582a181f4a56d
2006-12-29,0.0,0.00,ft^3/s,Approved,[],2025-03-11T20:14:41.029928+00:00,4716a1279a5146ec977582a181f4a56d
2006-12-30,0.0,0.00,ft^3/s,Approved,[],2025-03-11T20:14:41.029928+00:00,4716a1279a5146ec977582a181f4a56d
2006-12-31,0.0,0.00,ft^3/s,Approved,[],2025-03-11T20:14:41.029928+00:00,4716a1279a5146ec977582a181f4a56d
2007-01-01,0.0,0.00,ft^3/s,Approved,[],2025-03-11T20:14:41.029928+00:00,4716a1279a5146ec977582a181f4a56d
2007-01-02,0.0,0.00,ft^3/s,Approved,[],2025-03-11T20:14:41.029928+00:00,4716a1279a5146ec977582a181f4a56d
2007-01-03,0.0,0.00,ft^3/s,Approved,[],2025-03-11T20:14:41.029928+00:00,4716a1279a5146ec977582a181f4a56d
2007-01-04,0.0,0.00,ft^3/s,Approved,[],2025-03-11T20:14:41.029928+00:00,4716a1279a5146ec977582a181f4a56d
2007-01-05,0.0,0.00,ft^3/s,Approved,[],2025-03-11T20:14:41.029928+00:00,4716a1279a5146ec977582a181f4a56d
2007-01-06,0.0,0.00,ft^3/s,Approved,[],2025-03-11T20:14:41.029928+00:00,4716a1279a5146ec977582a181f4a56d
2007-01-07,0.0,0.00,ft^3/s,Approved,[],2025-03-11T20:14:41.029928+00:00,4716a1279a5146ec977582a181f4a56d
2007-01-08,0.0,0.00,ft^3/s,Approved,[],2025-03-11T20:14:41.029928+00:00,4716a1279a5146ec977582a181f4a56d
2007-01-09,0.0,0.00,ft^3/s,Approved,[],2025-03-11T20:14:41.029928+00:00,4716a1279a5146ec977582a181f4a56d
2007-01-10,0.0,0.00,ft^3/s,Approved,[],2025-03-11T20:14:41.029928+00:00,4716a1279a5146ec977582a181f4a56d
2007-01-11,0.0,0.00,ft^3/s,Approved,[],2025-03-11T20:14:41.029928+00:00,4716a1279a5146ec977582a181f4a56d
2007-01-12,0.0,0.00,ft^3/s,Approved,[],2025-03-11T20:14:41.029928+00:00,4716a1279a5146ec977582a181f4a56d
2007-01-13,171.0,171,ft^3/s,Approved,[],2025-08-29T15:46:18.318903+00:00,4716a1279a5146ec977582a181f4a56d
2007-01-14,88.1,88.1,ft^3/s,Approved,[],2025-03-11T20:14:41.029928+00:00,4716a1279a5146ec977582a181f4a56d
2007-01-15,269.0,269,ft^3/s,Approved,[],2025-03-11T20:14:41.029928+00:00,4716a1279a5146ec977582a181f4a56d
2007-01-16,43.4,43.4,ft^3/s,Approved,[],2025-03-11T20:14:41.029928+00:00,4716a1279a5146ec977582a181f4a56d
2007-01-17,13.1,13.1,ft^3/s,Approved,[],2025-03-11T20:14:41.029928+00:00,4716a1279a5146ec977582a181f4a56d
2007-01-18,10.5,10.5,ft^3/s,Approved,[],2025-03-11T20:14:41.029928+00:00,4716a1279a5146ec977582a181f4a56d
2007-01-19,9.16,9.16,ft^3/s,Approved,[],2025-03-11T20:14:41.029928+00:00,4716a1279a5146ec977582a181f4a56d
2007-01-20,9.05,9.05,ft^3/s,Approved,[],2025-03-11T20:14:41.029928+00:00,4716a1279a5146ec977582a181f4a56d
2007-01-21,12.2,12.2,ft^3/s,Approved,[],2025-03-11T20:14:41.029928+00:00,4716a1279a5146ec977582a181f4a56d
2007-01-22,13.0,13.0,ft^3/s,Approved,[],2025-03-11T20:14:41.029928+00:00,4716a1279a5146ec977582a181f4a56d
2007-01-23,9.77,9.77,ft^3/s,Approved,[],2025-03-11T20:14:41.029928+00:00,4716a1279a5146ec977582a181f4a56d
2007-01-24,8.68,8.68,ft^3/s,Approved,[],2025-03-11T20:14:41.029928+00:00,4716a1279a5146ec977582a181f4a56d
2007-01-25,7.37,7.37,ft^3/s,Approved,[],2025-03-11T20:14:41.029928+00:00,4716a1279a5146ec977582a181f4a56d
2007-01-26,7.64,7.64,ft^3/s,Approved,[],2025-03-11T20:14:41.029928+00:00,4716a1279a5146ec977582a181f4a56d
2007-01-27,7.27,7.27,ft^3/s,Approved,[],2025-03-11T20:14:41.029928+00:00,4716a1279a5146ec977582a181f4a56d
2007-01-28,7.02,7.02,ft^3/s,Approved,[],2025-03-11T20:14:41.029928+00:00,4716a1279a5146ec977582a181f4a56d
2007-01-29,7.26,7.26,ft^3/s,Approved,[],2025-03-11T20:14:41.029928+00:00,4716a1279a5146ec977582a181f4a56d
2007-01-30,6.91,6.91,ft^3/s,Approved,[],2025-03-11T20:14:41.029928+00:00,4716a1279a5146ec977582a181f4a56d
2007-01-31,6.67,6.67,ft^3/s,Approved,[],2025-03-11T20:14:41.029928+00:00,4716a1279a5146ec977582a181f4a56d
2007-02-01,6.33,6.33,ft^3/s,Approved,[],2025-03-11T20:14:41.029928+00:00,4716a1279a5146ec977582a181f4a56d
2007-02-02,5.8,5.80,ft^3/s,Approved,[],2025-03-11T20:14:41.029928+00:00,4716a1279a5146ec977582a181f4a56d
2007-02-03,5.56,5.56,ft^3/s,Approved,[],2025-03-11T20:14:41.029928+00:00,4716a1279a5146ec977582a181f4a56d
2007-02-04,5.46,5.46,ft^3/s,Approved,[],2025-03-11T20:14:41.029928+00:00,4716a1279a5146ec977582a181f4a56d
2007-02-05,5.25,5.25,ft^3/s,Approved,[],2025-03-11T20:14:41.029928+00:00,4716a1279a5146ec977582a181f4a56d
2007-02-06,5.03,5.03,ft^3/s,Approved,[],2025-03-11T20:14:41.029928+00:00,4716a1279a5146ec977582a181f4a56d
2007-02-07,5.1,5.10,ft^3/s,Approved,[],2025-03-11T20:14:41.029928+00:00,4716a1279a5146ec977582a181f4a56d
2007-02-08,5.01,5.01,ft^3/s,Approved,[],2025-03-11T20:14:41.029928+00:00,4716a1279a5146ec977582a181f4a56d
2007-02-09,4.81,4.81,ft^3/s,Approved,[],2025-03-11T20:14:41.029928+00:00,4716a1279a5146ec977582a181f4a56d
2007-02-10,4.7,4.70,ft^3/s,Approved,[],2025-03-11T20:14:41.029928+00:00,4716a1279a5146ec977582a181f4a56d
2007-02-11,4.69,4.69,ft^3/s,Approved,[],2025-03-11T20:14:41.029928+00:00,4716a1279a5146ec977582a181f4a56d
2007-02-12,4.7,4.70,ft^3/s,Approved,[],2025-03-11T20:14:41.029928+00:00,4716a1279a5146ec977582a181f4a56d
2007-02-13,4.41,4.41,ft^3/s,Approved,[],2025-03-11T20:14:41.029928+00:00,4716a1279a5146ec977582a181f4a56d
2007-02-14,4.33,4.33,ft^3/s,Approved,[],2025-03-11T20:14:41.029928+00:00,4716a1279a5146ec977582a181f4a56d
2007-02-15,4.18,4.18,ft^3/s,Approved,[],2025-03-11T20:14:41.029928+00:00,4716a1279a5146ec977582a181f4a56d
2007-02-16,3.96,3.96,ft^3/s,Approved,[],2025-03-11T20:14:41.029928+00:00,4716a1279a5146ec977582a181f4a56d
2007-02-17,3.83,3.83,ft^3/s,Approved,[],2025-03-11T20:14:41.029928+00:00,4716a1279a5146ec977582a181f4a56d
2007-02-18,3.74,3.74,ft^3/s,Approved,[],2025-03-11T20:14:41.029928+00:00,4716a1279a5146ec977582a181f4a56d
2007-02-19,3.75,3.75,ft^3/s,Approved,[],2025-03-11T20:14:41.029928+00:00,4716a1279a5146ec977582a181f4a56d
2007-02-20,3.9,3.90,ft^3/s,Approved,[],2025-03-11T20:14:41.029928+00:00,4716a1279a5146ec977582a181f4a56d
2007-02-21,3.82,3.82,ft^3/s,Approved,[],2025-03-11T20:14:41.029928+00:00,4716a1279a5146ec977582a181f4a56d
2007-02-22,3.88,3.88,ft^3/s,Approved,[],2025-03-11T20:14:41.029928+00:00,4716a1279a5146ec977582a181f4a56d
2007-02-23,3.55,3.55,ft^3/s,Approved,[],2025-03-11T20:14:41.029928+00:00,4716a1279a5146ec977582a181f4a56d
2007-02-24,3.46,3.46,ft^3/s,Approved,[],2025-03-11T20:14:41.029928+00:00,4716a1279a5146ec977582a181f4a56d
2007-02-25,3.38,3.38,ft^3/s,Approved,[],2025-03-11T20:14:41.029928+00:00,4716a1279a5146ec977582a181f4a56d
2007-02-26,3.43,3.43,ft^3/s,Approved,[],2025-03-11T20:14:41.029928+00:00,4716a1279a5146ec977582a181f4a56d
2007-02-27,3.11,3.11,ft^3/s,Approved,[],2025-03-11T20:14:41.029928+00:00,4716a1279a5146ec977582a181f4a56d
2007-02-28,2.66,2.66,ft^3/s,Approved,[],2025-03-11T20:14:41.029928+00:00,4716a1279a5146ec977582a181f4a56d
2007-03-01,2.02,2.02,ft^3/s,Approved,[],2025-03-11T20:14:41.029928+00:00,4716a1279a5146ec977582a181f4a56d
2007-03-02,1.9,1.90,ft^3/s,Approved,[],2025-03-11T20:14:41.029928+00:00,4716a1279a5146ec977582a181f4a56d
2007-03-03,1.7,1.70,ft^3/s,Approved,[],2025-03-11T20:14:41.029928+00:00,4716a1279a5146ec977582a181f4a56d
2007-03-04,1.41,1.41,ft^3/s,Approved,[],2025-03-11T20:14:41.029928+00:00,4716a1279a5146ec977582a181f4a56d
2007-03-05,1.12,1.12,ft^3/s,Approved,[],2025-03-11T20:14:41.029928+00:00,4716a1279a5146ec977582a181f4a56d
2007-03-06,0.57,0.57,ft^3/s,Approved,[],2025-03-11T20:14:41.029928+00:00,4716a1279a5146ec977582a181f4a56d
2007-03-07,0.48,0.48,ft^3/s,Approved,[],2025-03-11T20:14:41.029928+00:00,4716a1279a5146ec977582a181f4a56d
2007-03-08,0.39,0.39,ft^3/s,Approved,[],2025-03-11T20:14:41.029928+00:00,4716a1279a5146ec977582a181f4a56d
2007-03-09,0.29,0.29,ft^3/s,Approved,[],2025-03-11T20:14:41.029928+00:00,4716a1279a5146ec977582a181f4a56d
2007-03-10,0.09,0.09,ft^3/s,Approved,[],2025-03-11T20:14:41.029928+00:00,4716a1279a5146ec977582a181f4a56d
2007-03-11,1.15,1.15,ft^3/s,Approved,[],2025-03-11T20:14:41.029928+00:00,4716a1279a5146ec977582a181f4a56d
2007-03-12,1830.0,1830,ft^3/s,Approved,[],2025-03-11T20:14:41.029928+00:00,4716a1279a5146ec977582a181f4a56d
2007-03-13,582.0,582,ft^3/s,Approved,[],2025-03-11T20:14:41.029928+00:00,4716a1279a5146ec977582a181f4a56d
2007-03-14,524.0,524,ft^3/s,Approved,[],2025-03-11T20:14:41.029928+00:00,4716a1279a5146ec977582a181f4a56d
2007-03-15,93.1,93.1,ft^3/s,Approved,[],2025-03-11T20:14:41.029928+00:00,4716a1279a5146ec977582a181f4a56d
2007-03-16,49.4,49.4,ft^3/s,Approved,[],2025-03-11T20:14:41.029928+00:00,4716a1279a5146ec977582a181f4a56d
2007-03-17,39.9,39.9,ft^3/s,Approved,[],2025-03-11T20:14:41.029928+00:00,4716a1279a5146ec977582a181f4a56d
2007-03-18,36.8,36.8,ft^3/s,Approved,[],2025-03-11T20:14:41.029928+00:00,4716a1279a5146ec977582a181f4a56d
2007-03-19,33.8,33.8,ft^3/s,Approved,[],2025-03-11T20:14:41.029928+00:00,4716a1279a5146ec977582a181f4a56d
2007-03-20,31.5,31.5,ft^3/s,Approved,[],2025-03-11T20:14:41.029928+00:00,4716a1279a5146ec977582a181f4a56d
2007-03-21,31.2,31.2,ft^3/s,Approved,[],2025-03-11T20:14:41.029928+00:00,4716a1279a5146ec977582a181f4a56d
2007-03-22,29.4,29.4,ft^3/s,Approved,[],2025-03-11T20:14:41.029928+00:00,4716a1279a5146ec977582a181f4a56d
2007-03-23,27.9,27.9,ft^3/s,Approved,[],2025-03-11T20:14:41.029928+00:00,4716a1279a5146ec977582a181f4a56d
2007-03-24,26.5,26.5,ft^3/s,Approved,[],2025-03-11T20:14:41.029928+00:00,4716a1279a5146ec977582a181f4a56d
2007-03-25,24.2,24.2,ft^3/s,Approved,[],2025-03-11T20:14:41.029928+00:00,4716a1279a5146ec977582a181f4a56d
2007-03-26,695.0,695,ft^3/s,Approved,[],2025-03-11T20:14:41.029928+00:00,4716a1279a5146ec977582a181f4a56d
2007-03-27,971.0,971,ft^3/s,Approved,[],2025-03-11T20:14:41.029928+00:00,4716a1279a5146ec977582a181f4a56d
2007-03-28,122.0,122,ft^3/s,Approved,[],2025-03-11T20:14:41.029928+00:00,4716a1279a5146ec977582a181f4a56d
2007-03-29,77.6,77.6,ft^3/s,Approved,[],2025-03-11T20:14:41.029928+00:00,4716a1279a5146ec977582a181f4a56d
2007-03-30,364.0,364,ft^3/s,Approved,[],2025-03-11T20:14:41.029928+00:00,4716a1279a5146ec977582a181f4a56d
2007-03-31,279.0,279,ft^3/s,Approved,[],2025-03-11T20:14:41.029928+00:00,4716a1279a5146ec977582a181f4a56d
2007-04-01,104.0,104,ft^3/s,Approved,[],2025-03-11T20:14:41.029928+00:00,4716a1279a5146ec977582a181f4a56d
2007-04-02,71.0,71.0,ft^3/s,Approved,[],2025-03-11T20:14:41.029928+00:00,4716a1279a5146ec977582a181f4a56d
2007-04-03,61.3,61.3,ft^3/s,Approved,[],2025-03-11T20:14:41.029928+00:00,4716a1279a5146ec977582a181f4a56d
2007-04-04,53.0,53.0,ft^3/s,Approved,[],2025-03-11T20:14:41.029928+00:00,4716a1279a5146ec977582a181f4a56d
2007-04-05,45.7,45.7,ft^3/s,Approved,[],2025-03-11T20:14:41.029928+00:00,4716a1279a5146ec977582a181f4a56d
2007-04-06,42.8,42.8,ft^3/s,Approved,[],2025-03-11T20:14:41.029928+00:00,4716a1279a5146ec977582a181f4a56d
2007-04-07,42.9,42.9,ft^3/s,Approved,[],2025-03-11T20:14:41.029928+00:00,4716a1279a5146ec977582a181f4a56d
2007-04-08,81.8,81.8,ft^3/s,Approved,[],2025-03-11T20:14:41.029928+00:00,4716a1279a5146ec977582a181f4a56d
2007-04-09,77.2,77.2,ft^3/s,Approved,[],2025-03-11T20:14:41.029928+00:00,4716a1279a5146ec977582a181f4a56d
2007-04-10,59.8,59.8,ft^3/s,Approved,[],2025-03-11T20:14:41.029928+00:00,4716a1279a5146ec977582a181f4a56d
2007-04-11,53.3,53.3,ft^3/s,Approved,[],2025-03-11T20:14:41.029928+00:00,4716a1279a5146ec977582a181f4a56d
2007-04-12,43.0,43.0,ft^3/s,Approved,[],2025-03-11T20:14:41.029928+00:00,4716a1279a5146ec977582a181f4a56d
2007-04-13,37.7,37.7,ft^3/s,Approved,[],2025-03-11T20:14:41.029928+00:00,4716a1279a5146ec977582a181f4a56d
2007-04-14,41.5,41.5,ft^3/s,Approved,[],2025-03-11T20:14:41.029928+00:00,4716a1279a5146ec977582a181f4a56d
2007-04-15,36.4,36.4,ft^3/s,Approved,[],2025-03-11T20:14:41.029928+00:00,4716a1279a5146ec977582a181f4a56d
2007-04-16,32.9,32.9,ft^3/s,Approved,[],2025-03-11T20:14:41.029928+00:00,4716a1279a5146ec977582a181f4a56d
2007-04-17,32.5,32.5,ft^3/s,Approved,[],2025-03-11T20:14:41.029928+00:00,4716a1279a5146ec977582a181f4a56d
2007-04-18,33.6,33.6,ft^3/s,Approved,[],2025-03-11T20:14:41.029928+00:00,4716a1279a5146ec977582a181f4a56d
2007-04-19,32.6,32.6,ft^3/s,Approved,[],2025-03-11T20:14:41.029928+00:00,4716a1279a5146ec977582a181f4a56d
2007-04-20,29.7,29.7,ft^3/s,Approved,[],2025-03-11T20:14:41.029928+00:00,4716a1279a5146ec977582a181f4a56d
2007-04-21,27.3,27.3,ft^3/s,Approved,[],2025-03-11T20:14:41.029928+00:00,4716a1279a5146ec977582a181f4a56d
2007-04-22,25.5,25.5,ft^3/s,Approved,[],2025-03-11T20:14:41.029928+00:00,4716a1279a5146ec977582a181f4a56d
2007-04-23,24.9,24.9,ft^3/s,Approved,[],2025-03-11T20:14:41.029928+00:00,4716a1279a5146ec977582a181f4a56d
2007-04-24,24.4,24.4,ft^3/s,Approved,[],2025-03-11T20:14:41.029928+00:00,4716a1279a5146ec977582a181f4a56d
2007-04-25,35.1,35.1,ft^3/s,Approved,[],2025-03-11T20:14:41.029928+00:00,4716a1279a5146ec977582a181f4a56d
2007-04-26,24.7,24.7,ft^3/s,Approved,[],2025-03-11T20:14:41.029928+00:00,4716a1279a5146ec977582a181f4a56d
2007-04-27,22.0,22.0,ft^3/s,Approved,[],2025-03-11T20:14:41.029928+00:00,4716a1279a5146ec977582a181f4a56d
2007-04-28,20.0,20.0,ft^3/s,Approved,[],2025-03-11T20:14:41.029928+00:00,4716a1279a5146ec977582a181f4a56d
2007-04-29,18.6,18.6,ft^3/s,Approved,[],2025-03-11T20:14:41.029928+00:00,4716a1279a5146ec977582a181f4a56d
2007-04-30,18.5,18.5,ft^3/s,Approved,[],2025-03-11T20:14:41.029928+00:00,4716a1279a5146ec977582a181f4a56d
2007-05-01,63.8,63.8,ft^3/s,Approved,[],2025-03-11T20:14:41.029928+00:00,4716a1279a5146ec977582a181f4a56d
2007-05-02,165.0,165,ft^3/s,Approved,[],2025-03-11T20:14:41.029928+00:00,4716a1279a5146ec977582a181f4a56d
2007-05-03,464.0,464,ft^3/s,Approved,[],2025-03-11T20:14:41.029928+00:00,4716a1279a5146ec977582a181f4a56d
2007-05-04,93.1,93.1,ft^3/s,Approved,[],2025-03-11T20:14:41.029928+00:00,4716a1279a5146ec977582a181f4a56d
2007-05-05,57.8,57.8,ft^3/s,Approved,[],2025-03-11T20:14:41.029928+00:00,4716a1279a5146ec977582a181f4a56d
2007-05-06,48.9,48.9,ft^3/s,Approved,[],2025-03-11T20:14:41.029928+00:00,4716a1279a5146ec977582a181f4a56d
2007-05-07,43.5,43.5,ft^3/s,Approved,[],2025-03-11T20:14:41.029928+00:00,4716a1279a5146ec977582a181f4a56d
2007-05-08,38.0,38.0,ft^3/s,Approved,[],2025-03-11T20:14:41.029928+00:00,4716a1279a5146ec977582a181f4a56d
2007-05-09,34.6,34.6,ft^3/s,Approved,[],2025-03-11T20:14:41.029928+00:00,4716a1279a5146ec977582a181f4a56d
2007-05-10,33.6,33.6,ft^3/s,Approved,[],2025-03-11T20:14:41.029928+00:00,4716a1279a5146ec977582a181f4a56d
2007-05-11,32.8,32.8,ft^3/s,Approved,[],2025-03-11T20:14:41.029928+00:00,4716a1279a5146ec977582a181f4a56d
2007-05-12,29.6,29.6,ft^3/s,Approved,[],2025-03-11T20:14:41.029928+00:00,4716a1279a5146ec977582a181f4a56d
2007-05-13,26.1,26.1,ft^3/s,Approved,[],2025-03-11T20:14:41.029928+00:00,4716a1279a5146ec977582a181f4a56d
2007-05-14,28.2,28.2,ft^3/s,Approved,[],2025-03-11T20:14:41.029928+00:00,4716a1279a5146ec977582a181f4a56d
2007-05-15,37.0,37.0,ft^3/s,Approved,[],2025-03-11T20:14:41.029928+00:00,4716a1279a5146ec977582a181f4a56d
2007-05-16,145.0,145,ft^3/s,Approved,[],2025-03-11T20:14:41.029928+00:00,4716a1279a5146ec977582a181f4a56d
2007-05-17,46.3,46.3,ft^3/s,Approved,[],2025-03-11T20:14:41.029928+00:00,4716a1279a5146ec977582a181f4a56d
2007-05-18,28.9,28.9,ft^3/s,Approved,[],2025-03-11T20:14:41.029928+00:00,4716a1279a5146ec977582a181f4a56d
2007-05-19,23.6,23.6,ft^3/s,Approved,[],2025-03-11T20:14:41.029928+00:00,4716a1279a5146ec977582a181f4a56d
2007-05-20,21.0,21.0,ft^3/s,Approved,[],2025-03-11T20:14:41.029928+00:00,4716a1279a5146ec977582a181f4a56d
2007-05-21,18.7,18.7,ft^3/s,Approved,[],2025-03-11T20:14:41.029928+00:00,4716a1279a5146ec977582a181f4a56d
2007-05-22,18.9,18.9,ft^3/s,Approved,[],2025-03-11T20:14:41.029928+00:00,4716a1279a5146ec977582a181f4a56d
2007-05-23,17.8,17.8,ft^3/s,Approved,[],2025-03-11T20:14:41.029928+00:00,4716a1279a5146ec977582a181f4a56d
2007-05-24,49.6,49.6,ft^3/s,Approved,[],2025-03-11T20:14:41.029928+00:00,4716a1279a5146ec977582a181f4a56d
2007-05-25,660.0,660,ft^3/s,Approved,[],2025-03-11T20:14:41.029928+00:00,4716a1279a5146ec977582a181f4a56d
2007-05-26,223.0,223,ft^3/s,Approved,[],2025-03-11T20:14:41.029928+00:00,4716a1279a5146ec977582a181f4a56d
2007-05-27,421.0,421,ft^3/s,Approved,[],2025-03-11T20:14:41.029928+00:00,4716a1279a5146ec977582a181f4a56d
2007-05-28,439.0,439,ft^3/s,Approved,[],2025-03-11T20:14:41.029928+00:00,4716a1279a5146ec977582a181f4a56d
2007-05-29,206.0,206,ft^3/s,Approved,[],2025-03-11T20:14:41.029928+00:00,4716a1279a5146ec977582a181f4a56d
2007-05-30,97.6,97.6,ft^3/s,Approved,[],2025-03-11T20:14:41.029928+00:00,4716a1279a5146ec977582a181f4a56d
2007-05-31,279.0,279,ft^3/s,Approved,[],2025-03-11T20:14:41.029928+00:00,4716a1279a5146ec977582a181f4a56d
2007-06-01,134.0,134,ft^3/s,Approved,[],2025-03-11T20:14:41.029928+00:00,4716a1279a5146ec977582a181f4a56d
2007-06-02,80.4,80.4,ft^3/s,Approved,[],2025-03-11T20:14:41.029928+00:00,4716a1279a5146ec977582a181f4a56d
2007-06-03,69.1,69.1,ft^3/s,Approved,[],2025-03-11T20:14:41.029928+00:00,4716a1279a5146ec977582a181f4a56d
2007-06-04,422.0,422,ft^3/s,Approved,[],2025-03-11T20:14:41.029928+00:00,4716a1279a5146ec977582a181f4a56d
2007-06-05,348.0,348,ft^3/s,Approved,[],2025-03-11T20:14:41.029928+00:00,4716a1279a5146ec977582a181f4a56d
2007-06-06,104.0,104,ft^3/s,Approved,[],2025-03-11T20:14:41.029928+00:00,4716a1279a5146ec977582a181f4a56d
2007-06-07,82.2,82.2,ft^3/s,Approved,[],2025-03-11T20:14:41.029928+00:00,4716a1279a5146ec977582a181f4a56d
2007-06-08,68.0,68.0,ft^3/s,Approved,[],2025-03-11T20:14:41.029928+00:00,4716a1279a5146ec977582a181f4a56d
2007-06-09,58.6,58.6,ft^3/s,Approved,[],2025-03-11T20:14:41.029928+00:00,4716a1279a5146ec977582a181f4a56d
2007-06-10,53.8,53.8,ft^3/s,Approved,[],2025-03-11T20:14:41.029928+00:00,4716a1279a5146ec977582a181f4a56d
2007-06-11,48.7,48.7,ft^3/s,Approved,[],2025-03-11T20:14:41.029928+00:00,4716a1279a5146ec977582a181f4a56d
2007-06-12,44.3,44.3,ft^3/s,Approved,[],2025-03-11T20:14:41.029928+00:00,4716a1279a5146ec977582a181f4a56d
2007-06-13,40.6,40.6,ft^3/s,Approved,[],2025-03-11T20:14:41.029928+00:00,4716a1279a5146ec977582a181f4a56d
2007-06-14,41.1,41.1,ft^3/s,Approved,[],2025-03-11T20:14:41.029928+00:00,4716a1279a5146ec977582a181f4a56d
2007-06-15,184.0,184,ft^3/s,Approved,[],2025-03-11T20:14:41.029928+00:00,4716a1279a5146ec977582a181f4a56d
2007-06-16,348.0,348,ft^3/s,Approved,[],2025-03-11T20:14:41.029928+00:00,4716a1279a5146ec977582a181f4a56d
2007-06-17,194.0,194,ft^3/s,Approved,[],2025-03-11T20:14:41.029928+00:00,4716a1279a5146ec977582a181f4a56d
2007-06-18,118.0,118,ft^3/s,Approved,[],2025-03-11T20:14:41.029928+00:00,4716a1279a5146ec977582a181f4a56d
2007-06-19,74.9,74.9,ft^3/s,Approved,[],2025-03-11T20:14:41.029928+00:00,4716a1279a5146ec977582a181f4a56d
2007-06-20,147.0,147,ft^3/s,Approved,[],2025-08-29T15:46:18.318903+00:00,4716a1279a5146ec977582a181f4a56d
2007-06-21,63.0,63.0,ft^3/s,Approved,[],2025-08-29T15:46:18.318903+00:00,4716a1279a5146ec977582a181f4a56d
2007-06-22,54.3,54.3,ft^3/s,Approved,[],2025-03-11T20:14:41.029928+00:00,4716a1279a5146ec977582a181f4a56d
2007-06-23,49.7,49.7,ft^3/s,Approved,[],2025-03-11T20:14:41.029928+00:00,4716a1279a5146ec977582a181f4a56d
2007-06-24,51.2,51.2,ft^3/s,Approved,[],2025-03-11T20:14:41.029928+00:00,4716a1279a5146ec977582a181f4a56d
2007-06-25,49.9,49.9,ft^3/s,Approved,[],2025-03-11T20:14:41.029928+00:00,4716a1279a5146ec977582a181f4a56d
2007-06-26,50.0,50.0,ft^3/s,Approved,[],2025-03-11T20:14:41.029928+00:00,4716a1279a5146ec977582a181f4a56d
2007-06-27,3580.0,3580,ft^3/s,Approved,[],2025-03-11T20:14:41.029928+00:00,4716a1279a5146ec977582a181f4a56d
2007-06-28,634.0,634,ft^3/s,Approved,[],2025-03-11T20:14:41.029928+00:00,4716a1279a5146ec977582a181f4a56d
2007-06-29,260.0,260,ft^3/s,Approved,[],2025-03-11T20:14:41.029928+00:00,4716a1279a5146ec977582a181f4a56d
2007-06-30,151.0,151,ft^3/s,Approved,[],2025-03-11T20:14:41.029928+00:00,4716a1279a5146ec977582a181f4a56d
2007-07-01,447.0,447,ft^3/s,Approved,[],2025-03-11T20:14:41.029928+00:00,4716a1279a5146ec977582a181f4a56d
2007-07-02,366.0,366,ft^3/s,Approved,[],2025-03-11T20:14:41.029928+00:00,4716a1279a5146ec977582a181f4a56d
2007-07-03,1250.0,1250,ft^3/s,Approved,[],2025-03-11T20:14:41.029928+00:00,4716a1279a5146ec977582a181f4a56d
2007-07-04,310.0,310,ft^3/s,Approved,[],2025-03-11T20:14:41.029928+00:00,4716a1279a5146ec977582a181f4a56d
2007-07-05,630.0,630,ft^3/s,Approved,[],2025-03-11T20:14:41.029928+00:00,4716a1279a5146ec977582a181f4a56d
2007-07-06,298.0,298,ft^3/s,Approved,[],2025-03-11T20:14:41.029928+00:00,4716a1279a5146ec977582a181f4a56d
2007-07-07,341.0,341,ft^3/s,Approved,[],2025-03-11T20:14:41.029928+00:00,4716a1279a5146ec977582a181f4a56d
2007-07-08,310.0,310,ft^3/s,Approved,[],2025-03-11T20:14:41.029928+00:00,4716a1279a5146ec977582a181f4a56d
2007-07-09,175.0,175,ft^3/s,Approved,[],2025-03-11T20:14:41.029928+00:00,4716a1279a5146ec977582a181f4a56d
2007-07-10,149.0,149,ft^3/s,Approved,[],2025-03-11T20:14:41.029928+00:00,4716a1279a5146ec977582a181f4a56d
2007-07-11,131.0,131,ft^3/s,Approved,[],2025-03-11T20:14:41.029928+00:00,4716a1279a5146ec977582a181f4a56d
2007-07-12,120.0,120,ft^3/s,Approved,[],2025-03-11T20:14:41.029928+00:00,4716a1279a5146ec977582a181f4a56d
2007-07-13,111.0,111,ft^3/s,Approved,[],2025-03-11T20:14:41.029928+00:00,4716a1279a5146ec977582a181f4a56d
2007-07-14,107.0,107,ft^3/s,Approved,[],2025-03-11T20:14:41.029928+00:00,4716a1279a5146ec977582a181f4a56d
2007-07-15,103.0,103,ft^3/s,Approved,[],2025-03-11T20:14:41.029928+00:00,4716a1279a5146ec977582a181f4a56d
2007-07-16,95.7,95.7,ft^3/s,Approved,[],2025-03-11T20:14:41.029928+00:00,4716a1279a5146ec977582a181f4a56d
2007-07-17,89.0,89.0,ft^3/s,Approved,[],2025-03-11T20:14:41.029928+00:00,4716a1279a5146ec977582a181f4a56d
2007-07-18,85.8,85.8,ft^3/s,Approved,[],2025-03-11T20:14:41.029928+00:00,4716a1279a5146ec977582a181f4a56d
2007-07-19,83.2,83.2,ft^3/s,Approved,[],2025-03-11T20:14:41.029928+00:00,4716a1279a5146ec977582a181f4a56d
2007-07-20,83.1,83.1,ft^3/s,Approved,[],2025-03-11T20:14:41.029928+00:00,4716a1279a5146ec977582a181f4a56d
2007-07-21,189.0,189,ft^3/s,Approved,[],2025-03-11T20:14:41.029928+00:00,4716a1279a5146ec977582a181f4a56d
2007-07-22,155.0,155,ft^3/s,Approved,[],2025-03-11T20:14:41.029928+00:00,4716a1279a5146ec977582a181f4a56d
2007-07-23,94.8,94.8,ft^3/s,Approved,[],2025-03-11T20:14:41.029928+00:00,4716a1279a5146ec977582a181f4a56d
2007-07-24,104.0,104,ft^3/s,Approved,[],2025-03-11T20:14:41.029928+00:00,4716a1279a5146ec977582a181f4a56d
2007-07-25,239.0,239,ft^3/s,Approved,[],2025-03-11T20:14:41.029928+00:00,4716a1279a5146ec977582a181f4a56d
2007-07-26,119.0,119,ft^3/s,Approved,[],2025-03-11T20:14:41.029928+00:00,4716a1279a5146ec977582a181f4a56d
2007-07-27,135.0,135,ft^3/s,Approved,[],2025-03-11T20:14:41.029928+00:00,4716a1279a5146ec977582a181f4a56d
2007-07-28,104.0,104,ft^3/s,Approved,[],2025-03-11T20:14:41.029928+00:00,4716a1279a5146ec977582a181f4a56d
2007-07-29,113.0,113,ft^3/s,Approved,[],2025-03-11T20:14:41.029928+00:00,4716a1279a5146ec977582a181f4a56d
2007-07-30,307.0,307,ft^3/s,Approved,[],2025-03-11T20:14:41.029928+00:00,4716a1279a5146ec977582a181f4a56d
2007-07-31,112.0,112,ft^3/s,Approved,[],2025-03-11T20:14:41.029928+00:00,4716a1279a5146ec977582a181f4a56d
2007-08-01,77.3,77.3,ft^3/s,Approved,[],2025-03-11T20:14:41.029928+00:00,4716a1279a5146ec977582a181f4a56d
2007-08-02,104.0,104,ft^3/s,Approved,[],2025-03-11T20:14:41.029928+00:00,4716a1279a5146ec977582a181f4a56d
2007-08-03,299.0,299,ft^3/s,Approved,[],2025-03-11T20:14:41.029928+00:00,4716a1279a5146ec977582a181f4a56d
2007-08-04,82.9,82.9,ft^3/s,Approved,[],2025-03-11T20:14:41.029928+00:00,4716a1279a5146ec977582a181f4a56d
2007-08-05,66.5,66.5,ft^3/s,Approved,[],2025-03-11T20:14:41.029928+00:00,4716a1279a5146ec977582a181f4a56d
2007-08-06,59.2,59.2,ft^3/s,Approved,[],2025-03-11T20:14:41.029928+00:00,4716a1279a5146ec977582a181f4a56d
2007-08-07,52.5,52.5,ft^3/s,Approved,[],2025-03-11T20:14:41.029928+00:00,4716a1279a5146ec977582a181f4a56d
2007-08-08,48.7,48.7,ft^3/s,Approved,[],2025-03-11T20:14:41.029928+00:00,4716a1279a5146ec977582a181f4a56d
2007-08-09,45.7,45.7,ft^3/s,Approved,[],2025-03-11T20:14:41.029928+00:00,4716a1279a5146ec977582a181f4a56d
2007-08-10,42.3,42.3,ft^3/s,Approved,[],2025-03-11T20:14:41.029928+00:00,4716a1279a5146ec977582a181f4a56d
2007-08-11,39.5,39.5,ft^3/s,Approved,[],2025-03-11T20:14:41.029928+00:00,4716a1279a5146ec977582a181f4a56d
2007-08-12,37.0,37.0,ft^3/s,Approved,[],2025-03-11T20:14:41.029928+00:00,4716a1279a5146ec977582a181f4a56d
2007-08-13,34.6,34.6,ft^3/s,Approved,[],2025-03-11T20:14:41.029928+00:00,4716a1279a5146ec977582a181f4a56d
2007-08-14,32.4,32.4,ft^3/s,Approved,[],2025-03-11T20:14:41.029928+00:00,4716a1279a5146ec977582a181f4a56d
2007-08-15,30.8,30.8,ft^3/s,Approved,[],2025-03-11T20:14:41.029928+00:00,4716a1279a5146ec977582a181f4a56d
2007-08-16,32.4,32.4,ft^3/s,Approved,[],2025-03-11T20:14:41.029928+00:00,4716a1279a5146ec977582a181f4a56d
2007-08-17,33.1,33.1,ft^3/s,Approved,[],2025-03-11T20:14:41.029928+00:00,4716a1279a5146ec977582a181f4a56d
2007-08-18,32.0,32.0,ft^3/s,Approved,[],2025-03-11T20:14:41.029928+00:00,4716a1279a5146ec977582a181f4a56d
2007-08-19,28.5,28.5,ft^3/s,Approved,[],2025-03-11T20:14:41.029928+00:00,4716a1279a5146ec977582a181f4a56d
2007-08-20,26.2,26.2,ft^3/s,Approved,[],2025-03-11T20:14:41.029928+00:00,4716a1279a5146ec977582a181f4a56d
2007-08-21,24.5,24.5,ft^3/s,Approved,[],2025-03-11T20:14:41.029928+00:00,4716a1279a5146ec977582a181f4a56d
2007-08-22,23.2,23.2,ft^3/s,Approved,[],2025-03-11T20:14:41.029928+00:00,4716a1279a5146ec977582a181f4a56d
2007-08-23,22.0,22.0,ft^3/s,Approved,[],2025-03-11T20:14:41.029928+00:00,4716a1279a5146ec977582a181f4a56d
2007-08-24,20.6,20.6,ft^3/s,Approved,[],2025-03-11T20:14:41.029928+00:00,4716a1279a5146ec977582a181f4a56d
2007-08-25,19.4,19.4,ft^3/s,Approved,[],2025-03-11T20:14:41.029928+00:00,4716a1279a5146ec977582a181f4a56d
2007-08-26,18.7,18.7,ft^3/s,Approved,[],2025-03-11T20:14:41.029928+00:00,4716a1279a5146ec977582a181f4a56d
2007-08-27,18.0,18.0,ft^3/s,Approved,[],2025-03-11T20:14:41.029928+00:00,4716a1279a5146ec977582a181f4a56d
2007-08-28,17.2,17.2,ft^3/s,Approved,[],2025-03-11T20:14:41.029928+00:00,4716a1279a5146ec977582a181f4a56d
2007-08-29,22.5,22.5,ft^3/s,Approved,[],2025-03-11T20:14:41.029928+00:00,4716a1279a5146ec977582a181f4a56d
2007-08-30,18.2,18.2,ft^3/s,Approved,[],2025-03-11T20:14:41.029928+00:00,4716a1279a5146ec977582a181f4a56d
2007-08-31,22.2,22.2,ft^3/s,Approved,[],2025-03-11T20:14:41.029928+00:00,4716a1279a5146ec977582a181f4a56d
2007-09-01,16.4,16.4,ft^3/s,Approved,[],2025-03-11T20:14:41.029928+00:00,4716a1279a5146ec977582a181f4a56d
2007-09-02,16.2,16.2,ft^3/s,Approved,[],2025-03-11T20:14:41.029928+00:00,4716a1279a5146ec977582a181f4a56d
2007-09-03,15.6,15.6,ft^3/s,Approved,[],2025-03-11T20:14:41.029928+00:00,4716a1279a5146ec977582a181f4a56d
2007-09-04,16.1,16.1,ft^3/s,Approved,[],2025-03-11T20:14:41.029928+00:00,4716a1279a5146ec977582a181f4a56d
2007-09-05,809.0,809,ft^3/s,Approved,[],2025-03-11T20:14:41.029928+00:00,4716a1279a5146ec977582a181f4a56d
2007-09-06,60.6,60.6,ft^3/s,Approved,[],2025-03-11T20:14:41.029928+00:00,4716a1279a5146ec977582a181f4a56d
2007-09-07,32.0,32.0,ft^3/s,Approved,[],2025-03-11T20:14:41.029928+00:00,4716a1279a5146ec977582a181f4a56d
2007-09-08,24.5,24.5,ft^3/s,Approved,[],2025-03-11T20:14:41.029928+00:00,4716a1279a5146ec977582a181f4a56d
2007-09-09,21.2,21.2,ft^3/s,Approved,[],2025-03-11T20:14:41.029928+00:00,4716a1279a5146ec977582a181f4a56d
2007-09-10,19.6,19.6,ft^3/s,Approved,[],2025-03-11T20:14:41.029928+00:00,4716a1279a5146ec977582a181f4a56d
2007-09-11,29.8,29.8,ft^3/s,Approved,[],2025-03-11T20:14:41.029928+00:00,4716a1279a5146ec977582a181f4a56d
2007-09-12,33.5,33.5,ft^3/s,Approved,[],2025-03-11T20:14:41.029928+00:00,4716a1279a5146ec977582a181f4a56d
2007-09-13,25.8,25.8,ft^3/s,Approved,[],2025-03-11T20:14:41.029928+00:00,4716a1279a5146ec977582a181f4a56d
2007-09-14,21.1,21.1,ft^3/s,Approved,[],2025-03-11T20:14:41.029928+00:00,4716a1279a5146ec977582a181f4a56d
2007-09-15,19.3,19.3,ft^3/s,Approved,[],2025-03-11T20:14:41.029928+00:00,4716a1279a5146ec977582a181f4a56d
2007-09-16,18.0,18.0,ft^3/s,Approved,[],2025-03-11T20:14:41.029928+00:00,4716a1279a5146ec977582a181f4a56d
2007-09-17,16.8,16.8,ft^3/s,Approved,[],2025-03-11T20:14:41.029928+00:00,4716a1279a5146ec977582a181f4a56d
2007-09-18,16.4,16.4,ft^3/s,Approved,[],2025-03-11T20:14:41.029928+00:00,4716a1279a5146ec977582a181f4a56d
2007-09-19,15.8,15.8,ft^3/s,Approved,[],2025-03-11T20:14:41.029928+00:00,4716a1279a5146ec977582a181f4a56d
2007-09-20,15.4,15.4,ft^3/s,Approved,[],2025-03-11T20:14:41.029928+00:00,4716a1279a5146ec977582a181f4a56d
2007-09-21,15.2,15.2,ft^3/s,Approved,[],2025-03-11T20:14:41.029928+00:00,4716a1279a5146ec977582a181f4a56d
2007-09-22,14.7,14.7,ft^3/s,Approved,[],2025-03-11T20:14:41.029928+00:00,4716a1279a5146ec977582a181f4a56d
2007-09-23,14.3,14.3,ft^3/s,Approved,[],2025-03-11T20:14:41.029928+00:00,4716a1279a5146ec977582a181f4a56d
2007-09-24,13.8,13.8,ft^3/s,Approved,[],2025-03-11T20:14:41.029928+00:00,4716a1279a5146ec977582a181f4a56d
2007-09-25,13.1,13.1,ft^3/s,Approved,[],2025-03-11T20:14:41.029928+00:00,4716a1279a5146ec977582a181f4a56d
2007-09-26,12.5,12.5,ft^3/s,Approved,[],2025-03-11T20:14:41.029928+00:00,4716a1279a5146ec977582a181f4a56d
2007-09-27,12.1,12.1,ft^3/s,Approved,[],2025-03-11T20:14:41.029928+00:00,4716a1279a5146ec977582a181f4a56d
2007-09-28,11.7,11.7,ft^3/s,Approved,[],2025-03-11T20:14:41.029928+00:00,4716a1279a5146ec977582a181f4a56d
2007-09-29,11.3,11.3,ft^3/s,Approved,[],2025-03-11T20:14:41.029928+00:00,4716a1279a5146ec977582a181f4a56d
2007-09-30,11.2,11.2,ft^3/s,Approved,[],2025-08-29T15:46:18.318903+00:00,4716a1279a5146ec977582a181f4a56d
2007-10-01,10.8,10.8,ft^3/s,Approved,[],2025-03-11T20:14:41.029928+00:00,4716a1279a5146ec977582a181f4a56d
2007-10-02,10.2,10.2,ft^3/s,Approved,[],2025-03-11T20:14:41.029928+00:00,4716a1279a5146ec977582a181f4a56d
2007-10-03,9.61,9.61,ft^3/s,Approved,[],2025-03-11T20:14:41.029928+00:00,4716a1279a5146ec977582a181f4a56d
2007-10-04,9.35,9.35,ft^3/s,Approved,[],2025-03-11T20:14:41.029928+00:00,4716a1279a5146ec977582a181f4a56d
2007-10-05,8.77,8.77,ft^3/s,Approved,[],2025-03-11T20:14:41.029928+00:00,4716a1279a5146ec977582a181f4a56d
2007-10-06,8.51,8.51,ft^3/s,Approved,[],2025-03-11T20:14:41.029928+00:00,4716a1279a5146ec977582a181f4a56d
2007-10-07,8.1,8.10,ft^3/s,Approved,[],2025-03-11T20:14:41.029928+00:00,4716a1279a5146ec977582a181f4a56d
2007-10-08,16.8,16.8,ft^3/s,Approved,[],2025-03-11T20:14:41.029928+00:00,4716a1279a5146ec977582a181f4a56d
2007-10-09,11.7,11.7,ft^3/s,Approved,[],2025-03-11T20:14:41.029928+00:00,4716a1279a5146ec977582a181f4a56d
2007-10-10,9.26,9.26,ft^3/s,Approved,[],2025-03-11T20:14:41.029928+00:00,4716a1279a5146ec977582a181f4a56d
2007-10-11,9.02,9.02,ft^3/s,Approved,[],2025-03-11T20:14:41.029928+00:00,4716a1279a5146ec977582a181f4a56d
2007-10-12,8.67,8.67,ft^3/s,Approved,[],2025-03-11T20:14:41.029928+00:00,4716a1279a5146ec977582a181f4a56d
2007-10-13,8.15,8.15,ft^3/s,Approved,[],2025-03-11T20:14:41.029928+00:00,4716a1279a5146ec977582a181f4a56d
2007-10-14,7.95,7.95,ft^3/s,Approved,[],2025-03-11T20:14:41.029928+00:00,4716a1279a5146ec977582a181f4a56d
2007-10-15,7.45,7.45,ft^3/s,Approved,[],2025-03-11T20:14:41.029928+00:00,4716a1279a5146ec977582a181f4a56d
2007-10-16,6.82,6.82,ft^3/s,Approved,[],2025-03-11T20:14:41.029928+00:00,4716a1279a5146ec977582a181f4a56d
2007-10-17,6.64,6.64,ft^3/s,Approved,[],2025-03-11T20:14:41.029928+00:00,4716a1279a5146ec977582a181f4a56d
2007-10-18,6.23,6.23,ft^3/s,Approved,[],2025-03-11T20:14:41.029928+00:00,4716a1279a5146ec977582a181f4a56d
2007-10-19,5.65,5.65,ft^3/s,Approved,[],2025-03-11T20:14:41.029928+00:00,4716a1279a5146ec977582a181f4a56d
2007-10-20,5.37,5.37,ft^3/s,Approved,[],2025-03-11T20:14:41.029928+00:00,4716a1279a5146ec977582a181f4a56d
2007-10-21,5.17,5.17,ft^3/s,Approved,[],2025-03-11T20:14:41.029928+00:00,4716a1279a5146ec977582a181f4a56d
2007-10-22,5.19,5.19,ft^3/s,Approved,[],2025-03-11T20:14:41.029928+00:00,4716a1279a5146ec977582a181f4a56d
2007-10-23,4.94,4.94,ft^3/s,Approved,[],2025-03-11T20:14:41.029928+00:00,4716a1279a5146ec977582a181f4a56d
2007-10-24,4.76,4.76,ft^3/s,Approved,[],2025-03-11T20:14:41.029928+00:00,4716a1279a5146ec977582a181f4a56d
2007-10-25,4.5,4.50,ft^3/s,Approved,[],2025-03-11T20:14:41.029928+00:00,4716a1279a5146ec977582a181f4a56d
2007-10-26,4.24,4.24,ft^3/s,Approved,[],2025-03-11T20:14:41.029928+00:00,4716a1279a5146ec977582a181f4a56d
2007-10-27,3.96,3.96,ft^3/s,Approved,[],2025-03-11T20:14:41.029928+00:00,4716a1279a5146ec977582a181f4a56d
2007-10-28,3.66,3.66,ft^3/s,Approved,[],2025-03-11T20:14:41.029928+00:00,4716a1279a5146ec977582a181f4a56d
2007-10-29,3.41,3.41,ft^3/s,Approved,[],2025-03-11T20:14:41.029928+00:00,4716a1279a5146ec977582a181f4a56d
2007-10-30,3.15,3.15,ft^3/s,Approved,[],2025-03-11T20:14:41.029928+00:00,4716a1279a5146ec977582a181f4a56d
2007-10-31,2.94,2.94,ft^3/s,Approved,[],2025-03-11T20:14:41.029928+00:00,4716a1279a5146ec977582a181f4a56d
2007-11-01,2.76,2.76,ft^3/s,Approved,[],2025-03-11T20:14:41.029928+00:00,4716a1279a5146ec977582a181f4a56d
2007-11-02,2.57,2.57,ft^3/s,Approved,[],2025-03-11T20:14:41.029928+00:00,4716a1279a5146ec977582a181f4a56d
2007-11-03,2.48,2.48,ft^3/s,Approved,[],2025-03-11T20:14:41.029928+00:00,4716a1279a5146ec977582a181f4a56d
2007-11-04,2.46,2.46,ft^3/s,Approved,[],2025-03-11T20:14:41.029928+00:00,4716a1279a5146ec977582a181f4a56d
2007-11-05,2.59,2.59,ft^3/s,Approved,[],2025-03-11T20:14:41.029928+00:00,4716a1279a5146ec977582a181f4a56d
2007-11-06,2.45,2.45,ft^3/s,Approved,[],2025-03-11T20:14:41.029928+00:00,4716a1279a5146ec977582a181f4a56d
2007-11-07,2.29,2.29,ft^3/s,Approved,[],2025-03-11T20:14:41.029928+00:00,4716a1279a5146ec977582a181f4a56d
2007-11-08,2.24,2.24,ft^3/s,Approved,[],2025-03-11T20:14:41.029928+00:00,4716a1279a5146ec977582a181f4a56d
2007-11-09,2.37,2.37,ft^3/s,Approved,[],2025-03-11T20:14:41.029928+00:00,4716a1279a5146ec977582a181f4a56d
2007-11-10,2.33,2.33,ft^3/s,Approved,[],2025-03-11T20:14:41.029928+00:00,4716a1279a5146ec977582a181f4a56d
2007-11-11,2.29,2.29,ft^3/s,Approved,[],2025-03-11T20:14:41.029928+00:00,4716a1279a5146ec977582a181f4a56d
2007-11-12,2.19,2.19,ft^3/s,Approved,[],2025-03-11T20:14:41.029928+00:00,4716a1279a5146ec977582a181f4a56d
2007-11-13,1.98,1.98,ft^3/s,Approved,[],2025-03-11T20:14:41.029928+00:00,4716a1279a5146ec977582a181f4a56d
2007-11-14,1.78,1.78,ft^3/s,Approved,[],2025-03-11T20:14:41.029928+00:00,4716a1279a5146ec977582a181f4a56d
2007-11-15,1.26,1.26,ft^3/s,Approved,[],2025-03-11T20:14:41.029928+00:00,4716a1279a5146ec977582a181f4a56d
2007-11-16,0.91,0.91,ft^3/s,Approved,[],2025-03-11T20:14:41.029928+00:00,4716a1279a5146ec977582a181f4a56d
2007-11-17,0.87,0.87,ft^3/s,Approved,[],2025-03-11T20:14:41.029928+00:00,4716a1279a5146ec977582a181f4a56d
2007-11-18,0.79,0.79,ft^3/s,Approved,[],2025-03-11T20:14:41.029928+00:00,4716a1279a5146ec977582a181f4a56d
2007-11-19,0.4,0.40,ft^3/s,Approved,[],2025-03-11T20:14:41.029928+00:00,4716a1279a5146ec977582a181f4a56d
2007-11-20,0.23,0.23,ft^3/s,Approved,[],2025-03-11T20:14:41.029928+00:00,4716a1279a5146ec977582a181f4a56d
2007-11-21,0.09,0.09,ft^3/s,Approved,[],2025-03-11T20:14:41.029928+00:00,4716a1279a5146ec977582a181f4a56d
2007-11-22,0.03,0.03,ft^3/s,Approved,[],2025-03-11T20:14:41.029928+00:00,4716a1279a5146ec977582a181f4a56d
2007-11-23,0.0,0.00,ft^3/s,Approved,[],2025-03-11T20:14:41.029928+00:00,4716a1279a5146ec977582a181f4a56d
2007-11-24,0.0,0.00,ft^3/s,Approved,[],2025-03-11T20:14:41.029928+00:00,4716a1279a5146ec977582a181f4a56d
2007-11-25,0.27,0.27,ft^3/s,Approved,[],2025-03-11T20:14:41.029928+00:00,4716a1279a5146ec977582a181f4a56d
2007-11-26,0.91,0.91,ft^3/s,Approved,[],2025-03-11T20:14:41.029928+00:00,4716a1279a5146ec977582a181f4a56d
2007-11-27,0.56,0.56,ft^3/s,Approved,[],2025-03-11T20:14:41.029928+00:00,4716a1279a5146ec977582a181f4a56d
2007-11-28,0.31,0.31,ft^3/s,Approved,[],2025-03-11T20:14:41.029928+00:00,4716a1279a5146ec977582a181f4a56d
2007-11-29,0.12,0.12,ft^3/s,Approved,[],2025-03-11T20:14:41.029928+00:00,4716a1279a5146ec977582a181f4a56d
2007-11-30,0.03,0.03,ft^3/s,Approved,[],2025-03-11T20:14:41.029928+00:00,4716a1279a5146ec977582a181f4a56d
2007-12-01,0.02,0.02,ft^3/s,Approved,[],2025-03-11T20:14:41.029928+00:00,4716a1279a5146ec977582a181f4a56d
2007-12-02,0.02,0.02,ft^3/s,Approved,[],2025-03-11T20:14:41.029928+00:00,4716a1279a5146ec977582a181f4a56d
2007-12-03,0.0,0.00,ft^3/s,Approved,[],2025-03-11T20:14:41.029928+00:00,4716a1279a5146ec977582a181f4a56d
2007-12-04,0.0,0.00,ft^3/s,Approved,[],2025-03-11T20:14:41.029928+00:00,4716a1279a5146ec977582a181f4a56d
2007-12-05,0.0,0.00,ft^3/s,Approved,[],2025-03-11T20:14:41.029928+00:00,4716a1279a5146ec977582a181f4a56d
2007-12-06,0.0,0.00,ft^3/s,Approved,[],2025-03-11T20:14:41.029928+00:00,4716a1279a5146ec977582a181f4a56d
2007-12-07,0.0,0.00,ft^3/s,Approved,[],2025-03-11T20:14:41.029928+00:00,4716a1279a5146ec977582a181f4a56d
2007-12-08,0.0,0.00,ft^3/s,Approved,[],2025-03-11T20:14:41.029928+00:00,4716a1279a5146ec977582a181f4a56d
2007-12-09,0.0,0.00,ft^3/s,Approved,[],2025-03-11T20:14:41.029928+00:00,4716a1279a5146ec977582a181f4a56d
2007-12-10,0.0,0.00,ft^3/s,Approved,[],2025-03-11T20:14:41.029928+00:00,4716a1279a5146ec977582a181f4a56d
2007-12-11,0.0,0.00,ft^3/s,Approved,[],2025-03-11T20:14:41.029928+00:00,4716a1279a5146ec977582a181f4a56d
2007-12-12,0.0,0.00,ft^3/s,Approved,[],2025-03-11T20:14:41.029928+00:00,4716a1279a5146ec977582a181f4a56d
2007-12-13,0.0,0.00,ft^3/s,Approved,[],2025-03-11T20:14:41.029928+00:00,4716a1279a5146ec977582a181f4a56d
2007-12-14,0.0,0.00,ft^3/s,Approved,[],2025-03-11T20:14:41.029928+00:00,4716a1279a5146ec977582a181f4a56d
2007-12-15,0.0,0.00,ft^3/s,Approved,[],2025-03-11T20:14:41.029928+00:00,4716a1279a5146ec977582a181f4a56d
2007-12-16,0.0,0.00,ft^3/s,Approved,[],2025-03-11T20:14:41.029928+00:00,4716a1279a5146ec977582a181f4a56d
2007-12-17,0.0,0.00,ft^3/s,Approved,[],2025-03-11T20:14:41.029928+00:00,4716a1279a5146ec977582a181f4a56d
2007-12-18,0.0,0.00,ft^3/s,Approved,[],2025-03-11T20:14:41.029928+00:00,4716a1279a5146ec977582a181f4a56d
2007-12-19,0.0,0.00,ft^3/s,Approved,[],2025-03-11T20:14:41.029928+00:00,4716a1279a5146ec977582a181f4a56d
2007-12-20,0.0,0.00,ft^3/s,Approved,[],2025-03-11T20:14:41.029928+00:00,4716a1279a5146ec977582a181f4a56d
2007-12-21,0.0,0.00,ft^3/s,Approved,[],2025-03-11T20:14:41.029928+00:00,4716a1279a5146ec977582a181f4a56d
2007-12-22,0.0,0.00,ft^3/s,Approved,[],2025-03-11T20:14:41.029928+00:00,4716a1279a5146ec977582a181f4a56d
2007-12-23,0.0,0.00,ft^3/s,Approved,[],2025-03-11T20:14:41.029928+00:00,4716a1279a5146ec977582a181f4a56d
2007-12-24,0.0,0.00,ft^3/s,Approved,[],2025-03-11T20:14:41.029928+00:00,4716a1279a5146ec977582a181f4a56d
2007-12-25,0.0,0.00,ft^3/s,Approved,[],2025-03-11T20:14:41.029928+00:00,4716a1279a5146ec977582a181f4a56d
2007-12-26,0.0,0.00,ft^3/s,Approved,[],2025-03-11T20:14:41.029928+00:00,4716a1279a5146ec977582a181f4a56d
2007-12-27,0.0,0.00,ft^3/s,Approved,[],2025-03-11T20:14:41.029928+00:00,4716a1279a5146ec977582a181f4a56d
2007-12-28,0.0,0.00,ft^3/s,Approved,[],2025-03-11T20:14:41.029928+00:00,4716a1279a5146ec977582a181f4a56d
2007-12-29,0.0,0.00,ft^3/s,Approved,[],2025-03-11T20:14:41.029928+00:00,4716a1279a5146ec977582a181f4a56d
2007-12-30,0.0,0.00,ft^3/s,Approved,[],2025-03-11T20:14:41.029928+00:00,4716a1279a5146ec977582a181f4a56d
2007-12-31,0.0,0.00,ft^3/s,Approved,[],2025-03-11T20:14:41.029928+00:00,4716a1279a5146ec977582a181f4a56d
2008-01-01,0.0,0.00,ft^3/s,Approved,[],2025-03-11T20:14:41.029928+00:00,4716a1279a5146ec977582a181f4a56d
2008-01-02,0.0,0.00,ft^3/s,Approved,[],2025-03-11T20:14:41.029928+00:00,4716a1279a5146ec977582a181f4a56d
2008-01-03,0.0,0.00,ft^3/s,Approved,[],2025-03-11T20:14:41.029928+00:00,4716a1279a5146ec977582a181f4a56d
2008-01-04,0.0,0.00,ft^3/s,Approved,[],2025-03-11T20:14:41.029928+00:00,4716a1279a5146ec977582a181f4a56d
2008-01-05,0.0,0.00,ft^3/s,Approved,[],2025-03-11T20:14:41.029928+00:00,4716a1279a5146ec977582a181f4a56d
2008-01-06,0.0,0.00,ft^3/s,Approved,[],2025-03-11T20:14:41.029928+00:00,4716a1279a5146ec977582a181f4a56d
2008-01-07,0.0,0.00,ft^3/s,Approved,[],2025-03-11T20:14:41.029928+00:00,4716a1279a5146ec977582a181f4a56d
2008-01-08,0.0,0.00,ft^3/s,Approved,[],2025-03-11T20:14:41.029928+00:00,4716a1279a5146ec977582a181f4a56d
2008-01-09,0.0,0.00,ft^3/s,Approved,[],2025-03-11T20:14:41.029928+00:00,4716a1279a5146ec977582a181f4a56d
2008-01-10,0.0,0.00,ft^3/s,Approved,[],2025-03-11T20:14:41.029928+00:00,4716a1279a5146ec977582a181f4a56d
2008-01-11,0.0,0.00,ft^3/s,Approved,[],2025-03-11T20:14:41.029928+00:00,4716a1279a5146ec977582a181f4a56d
2008-01-12,0.0,0.00,ft^3/s,Approved,[],2025-03-11T20:14:41.029928+00:00,4716a1279a5146ec977582a181f4a56d
2008-01-13,0.0,0.00,ft^3/s,Approved,[],2025-03-11T20:14:41.029928+00:00,4716a1279a5146ec977582a181f4a56d
2008-01-14,0.0,0.00,ft^3/s,Approved,[],2025-03-11T20:14:41.029928+00:00,4716a1279a5146ec977582a181f4a56d
2008-01-15,0.0,0.00,ft^3/s,Approved,[],2025-03-11T20:14:41.029928+00:00,4716a1279a5146ec977582a181f4a56d
2008-01-16,0.0,0.00,ft^3/s,Approved,[],2025-03-11T20:14:41.029928+00:00,4716a1279a5146ec977582a181f4a56d
2008-01-17,0.0,0.00,ft^3/s,Approved,[],2025-03-11T20:14:41.029928+00:00,4716a1279a5146ec977582a181f4a56d
2008-01-18,0.0,0.00,ft^3/s,Approved,[],2025-03-11T20:14:41.029928+00:00,4716a1279a5146ec977582a181f4a56d
2008-01-19,0.0,0.00,ft^3/s,Approved,[],2025-03-11T20:14:41.029928+00:00,4716a1279a5146ec977582a181f4a56d
2008-01-20,0.0,0.00,ft^3/s,Approved,[],2025-03-11T20:14:41.029928+00:00,4716a1279a5146ec977582a181f4a56d
2008-01-21,0.0,0.00,ft^3/s,Approved,[],2025-03-11T20:14:41.029928+00:00,4716a1279a5146ec977582a181f4a56d
2008-01-22,0.0,0.00,ft^3/s,Approved,[],2025-03-11T20:14:41.029928+00:00,4716a1279a5146ec977582a181f4a56d
2008-01-23,0.0,0.00,ft^3/s,Approved,[],2025-03-11T20:14:41.029928+00:00,4716a1279a5146ec977582a181f4a56d
2008-01-24,0.0,0.00,ft^3/s,Approved,[],2025-03-11T20:14:41.029928+00:00,4716a1279a5146ec977582a181f4a56d
2008-01-25,0.0,0.00,ft^3/s,Approved,[],2025-03-11T20:14:41.029928+00:00,4716a1279a5146ec977582a181f4a56d
2008-01-26,0.0,0.00,ft^3/s,Approved,[],2025-03-11T20:14:41.029928+00:00,4716a1279a5146ec977582a181f4a56d
2008-01-27,0.0,0.00,ft^3/s,Approved,[],2025-03-11T20:14:41.029928+00:00,4716a1279a5146ec977582a181f4a56d
2008-01-28,0.0,0.00,ft^3/s,Approved,[],2025-03-11T20:14:41.029928+00:00,4716a1279a5146ec977582a181f4a56d
2008-01-29,0.0,0.00,ft^3/s,Approved,[],2025-03-11T20:14:41.029928+00:00,4716a1279a5146ec977582a181f4a56d
2008-01-30,0.0,0.00,ft^3/s,Approved,[],2025-03-11T20:14:41.029928+00:00,4716a1279a5146ec977582a181f4a56d
2008-01-31,0.0,0.00,ft^3/s,Approved,[],2025-03-11T20:14:41.029928+00:00,4716a1279a5146ec977582a181f4a56d
2008-02-01,0.0,0.00,ft^3/s,Approved,[],2025-03-11T20:14:41.029928+00:00,4716a1279a5146ec977582a181f4a56d
2008-02-02,0.0,0.00,ft^3/s,Approved,[],2025-03-11T20:14:41.029928+00:00,4716a1279a5146ec977582a181f4a56d
2008-02-03,0.0,0.00,ft^3/s,Approved,[],2025-03-11T20:14:41.029928+00:00,4716a1279a5146ec977582a181f4a56d
2008-02-04,0.0,0.00,ft^3/s,Approved,[],2025-03-11T20:14:41.029928+00:00,4716a1279a5146ec977582a181f4a56d
2008-02-05,0.0,0.00,ft^3/s,Approved,[],2025-03-11T20:14:41.029928+00:00,4716a1279a5146ec977582a181f4a56d
2008-02-06,0.0,0.00,ft^3/s,Approved,[],2025-03-11T20:14:41.029928+00:00,4716a1279a5146ec977582a181f4a56d
2008-02-07,0.0,0.00,ft^3/s,Approved,[],2025-03-11T20:14:41.029928+00:00,4716a1279a5146ec977582a181f4a56d
2008-02-08,0.0,0.00,ft^3/s,Approved,[],2025-03-11T20:14:41.029928+00:00,4716a1279a5146ec977582a181f4a56d
2008-02-09,0.0,0.00,ft^3/s,Approved,[],2025-03-11T20:14:41.029928+00:00,4716a1279a5146ec977582a181f4a56d
2008-02-10,0.0,0.00,ft^3/s,Approved,[],2025-03-11T20:14:41.029928+00:00,4716a1279a5146ec977582a181f4a56d
2008-02-11,0.0,0.00,ft^3/s,Approved,[],2025-03-11T20:14:41.029928+00:00,4716a1279a5146ec977582a181f4a56d
2008-02-12,0.0,0.00,ft^3/s,Approved,[],2025-03-11T20:14:41.029928+00:00,4716a1279a5146ec977582a181f4a56d
2008-02-13,0.0,0.00,ft^3/s,Approved,[],2025-03-11T20:14:41.029928+00:00,4716a1279a5146ec977582a181f4a56d
2008-02-14,0.0,0.00,ft^3/s,Approved,[],2025-03-11T20:14:41.029928+00:00,4716a1279a5146ec977582a181f4a56d
2008-02-15,0.0,0.00,ft^3/s,Approved,[],2025-03-11T20:14:41.029928+00:00,4716a1279a5146ec977582a181f4a56d
2008-02-16,0.0,0.00,ft^3/s,Approved,[],2025-03-11T20:14:41.029928+00:00,4716a1279a5146ec977582a181f4a56d
2008-02-17,0.0,0.00,ft^3/s,Approved,[],2025-03-11T20:14:41.029928+00:00,4716a1279a5146ec977582a181f4a56d
2008-02-18,0.0,0.00,ft^3/s,Approved,[],2025-03-11T20:14:41.029928+00:00,4716a1279a5146ec977582a181f4a56d
2008-02-19,0.0,0.00,ft^3/s,Approved,[],2025-03-11T20:14:41.029928+00:00,4716a1279a5146ec977582a181f4a56d
2008-02-20,0.0,0.00,ft^3/s,Approved,[],2025-03-11T20:14:41.029928+00:00,4716a1279a5146ec977582a181f4a56d
2008-02-21,0.0,0.00,ft^3/s,Approved,[],2025-03-11T20:14:41.029928+00:00,4716a1279a5146ec977582a181f4a56d
2008-02-22,0.0,0.00,ft^3/s,Approved,[],2025-03-11T20:14:41.029928+00:00,4716a1279a5146ec977582a181f4a56d
2008-02-23,0.0,0.00,ft^3/s,Approved,[],2025-03-11T20:14:41.029928+00:00,4716a1279a5146ec977582a181f4a56d
2008-02-24,0.0,0.00,ft^3/s,Approved,[],2025-03-11T20:14:41.029928+00:00,4716a1279a5146ec977582a181f4a56d
2008-02-25,0.0,0.00,ft^3/s,Approved,[],2025-03-11T20:14:41.029928+00:00,4716a1279a5146ec977582a181f4a56d
2008-02-26,0.0,0.00,ft^3/s,Approved,[],2025-03-11T20:14:41.029928+00:00,4716a1279a5146ec977582a181f4a56d
2008-02-27,0.0,0.00,ft^3/s,Approved,[],2025-03-11T20:14:41.029928+00:00,4716a1279a5146ec977582a181f4a56d
2008-02-28,0.0,0.00,ft^3/s,Approved,[],2025-03-11T20:14:41.029928+00:00,4716a1279a5146ec977582a181f4a56d
2008-02-29,0.0,0.00,ft^3/s,Approved,[],2025-03-11T20:14:41.029928+00:00,4716a1279a5146ec977582a181f4a56d
2008-03-01,0.0,0.00,ft^3/s,Approved,[],2025-03-11T20:14:41.029928+00:00,4716a1279a5146ec977582a181f4a56d
2008-03-02,0.0,0.00,ft^3/s,Approved,[],2025-03-11T20:14:41.029928+00:00,4716a1279a5146ec977582a181f4a56d
2008-03-03,0.0,0.00,ft^3/s,Approved,[],2025-03-11T20:14:41.029928+00:00,4716a1279a5146ec977582a181f4a56d
2008-03-04,0.0,0.00,ft^3/s,Approved,[],2025-03-11T20:14:41.029928+00:00,4716a1279a5146ec977582a181f4a56d
2008-03-05,0.0,0.00,ft^3/s,Approved,[],2025-03-11T20:14:41.029928+00:00,4716a1279a5146ec977582a181f4a56d
2008-03-06,0.0,0.00,ft^3/s,Approved,[],2025-03-11T20:14:41.029928+00:00,4716a1279a5146ec977582a181f4a56d
2008-03-07,0.0,0.00,ft^3/s,Approved,[],2025-03-11T20:14:41.029928+00:00,4716a1279a5146ec977582a181f4a56d
2008-03-08,0.0,0.00,ft^3/s,Approved,[],2025-03-11T20:14:41.029928+00:00,4716a1279a5146ec977582a181f4a56d
2008-03-09,0.0,0.00,ft^3/s,Approved,[],2025-03-11T20:14:41.029928+00:00,4716a1279a5146ec977582a181f4a56d
2008-03-10,0.0,0.00,ft^3/s,Approved,[],2025-03-11T20:14:41.029928+00:00,4716a1279a5146ec977582a181f4a56d
2008-03-11,0.0,0.00,ft^3/s,Approved,[],2025-03-11T20:14:41.029928+00:00,4716a1279a5146ec977582a181f4a56d
2008-03-12,0.0,0.00,ft^3/s,Approved,[],2025-03-11T20:14:41.029928+00:00,4716a1279a5146ec977582a181f4a56d
2008-03-13,0.0,0.00,ft^3/s,Approved,[],2025-03-11T20:14:41.029928+00:00,4716a1279a5146ec977582a181f4a56d
2008-03-14,0.0,0.00,ft^3/s,Approved,[],2025-03-11T20:14:41.029928+00:00,4716a1279a5146ec977582a181f4a56d
2008-03-15,0.0,0.00,ft^3/s,Approved,[],2025-03-11T20:14:41.029928+00:00,4716a1279a5146ec977582a181f4a56d
2008-03-16,0.0,0.00,ft^3/s,Approved,[],2025-03-11T20:14:41.029928+00:00,4716a1279a5146ec977582a181f4a56d
2008-03-17,0.0,0.00,ft^3/s,Approved,[],2025-03-11T20:14:41.029928+00:00,4716a1279a5146ec977582a181f4a56d
2008-03-18,65.0,65.0,ft^3/s,Approved,[],2025-03-11T20:14:41.029928+00:00,4716a1279a5146ec977582a181f4a56d
2008-03-19,122.0,122,ft^3/s,Approved,[],2025-03-11T20:14:41.029928+00:00,4716a1279a5146ec977582a181f4a56d
2008-03-20,19.7,19.7,ft^3/s,Approved,[],2025-03-11T20:14:41.029928+00:00,4716a1279a5146ec977582a181f4a56d
2008-03-21,7.63,7.63,ft^3/s,Approved,[],2025-03-11T20:14:41.029928+00:00,4716a1279a5146ec977582a181f4a56d
2008-03-22,4.44,4.44,ft^3/s,Approved,[],2025-03-11T20:14:41.029928+00:00,4716a1279a5146ec977582a181f4a56d
2008-03-23,3.42,3.42,ft^3/s,Approved,[],2025-03-11T20:14:41.029928+00:00,4716a1279a5146ec977582a181f4a56d
2008-03-24,2.81,2.81,ft^3/s,Approved,[],2025-03-11T20:14:41.029928+00:00,4716a1279a5146ec977582a181f4a56d
2008-03-25,2.85,2.85,ft^3/s,Approved,[],2025-03-11T20:14:41.029928+00:00,4716a1279a5146ec977582a181f4a56d
2008-03-26,3.88,3.88,ft^3/s,Approved,[],2025-03-11T20:14:41.029928+00:00,4716a1279a5146ec977582a181f4a56d
2008-03-27,4.12,4.12,ft^3/s,Approved,[],2025-03-11T20:14:41.029928+00:00,4716a1279a5146ec977582a181f4a56d
2008-03-28,4.05,4.05,ft^3/s,Approved,[],2025-03-11T20:14:41.029928+00:00,4716a1279a5146ec977582a181f4a56d
2008-03-29,4.94,4.94,ft^3/s,Approved,[],2025-03-11T20:14:41.029928+00:00,4716a1279a5146ec977582a181f4a56d
2008-03-30,6.87,6.87,ft^3/s,Approved,[],2025-03-11T20:14:41.029928+00:00,4716a1279a5146ec977582a181f4a56d
2008-03-31,6.98,6.98,ft^3/s,Approved,[],2025-03-11T20:14:41.029928+00:00,4716a1279a5146ec977582a181f4a56d
2008-04-01,6.48,6.48,ft^3/s,Approved,[],2025-03-11T20:14:41.029928+00:00,4716a1279a5146ec977582a181f4a56d
2008-04-02,5.92,5.92,ft^3/s,Approved,[],2025-03-11T20:14:41.029928+00:00,4716a1279a5146ec977582a181f4a56d
2008-04-03,5.28,5.28,ft^3/s,Approved,[],2025-03-11T20:14:41.029928+00:00,4716a1279a5146ec977582a181f4a56d
2008-04-04,11.4,11.4,ft^3/s,Approved,[],2025-03-11T20:14:41.029928+00:00,4716a1279a5146ec977582a181f4a56d
2008-04-05,6.4,6.40,ft^3/s,Approved,[],2025-03-11T20:14:41.029928+00:00,4716a1279a5146ec977582a181f4a56d
2008-04-06,3.8,3.80,ft^3/s,Approved,[],2025-03-11T20:14:41.029928+00:00,4716a1279a5146ec977582a181f4a56d
2008-04-07,3.7,3.70,ft^3/s,Approved,[],2025-03-11T20:14:41.029928+00:00,4716a1279a5146ec977582a181f4a56d
2008-04-08,3.31,3.31,ft^3/s,Approved,[],2025-03-11T20:14:41.029928+00:00,4716a1279a5146ec977582a181f4a56d
2008-04-09,2.88,2.88,ft^3/s,Approved,[],2025-03-11T20:14:41.029928+00:00,4716a1279a5146ec977582a181f4a56d
2008-04-10,3.27,3.27,ft^3/s,Approved,[],2025-03-11T20:14:41.029928+00:00,4716a1279a5146ec977582a181f4a56d
2008-04-11,2.54,2.54,ft^3/s,Approved,[],2025-03-11T20:14:41.029928+00:00,4716a1279a5146ec977582a181f4a56d
2008-04-12,2.01,2.01,ft^3/s,Approved,[],2025-03-11T20:14:41.029928+00:00,4716a1279a5146ec977582a181f4a56d
2008-04-13,1.51,1.51,ft^3/s,Approved,[],2025-03-11T20:14:41.029928+00:00,4716a1279a5146ec977582a181f4a56d
2008-04-14,0.95,0.95,ft^3/s,Approved,[],2025-03-11T20:14:41.029928+00:00,4716a1279a5146ec977582a181f4a56d
2008-04-15,0.31,0.31,ft^3/s,Approved,[],2025-03-11T20:14:41.029928+00:00,4716a1279a5146ec977582a181f4a56d
2008-04-16,0.0,0.00,ft^3/s,Approved,[],2025-03-11T20:14:41.029928+00:00,4716a1279a5146ec977582a181f4a56d
2008-04-17,0.0,0.00,ft^3/s,Approved,[],2025-03-11T20:14:41.029928+00:00,4716a1279a5146ec977582a181f4a56d
2008-04-18,0.02,0.02,ft^3/s,Approved,[],2025-03-11T20:14:41.029928+00:00,4716a1279a5146ec977582a181f4a56d
2008-04-19,0.02,0.02,ft^3/s,Approved,[],2025-03-11T20:14:41.029928+00:00,4716a1279a5146ec977582a181f4a56d
2008-04-20,0.02,0.02,ft^3/s,Approved,[],2025-03-11T20:14:41.029928+00:00,4716a1279a5146ec977582a181f4a56d
2008-04-21,0.05,0.05,ft^3/s,Approved,[],2025-03-11T20:14:41.029928+00:00,4716a1279a5146ec977582a181f4a56d
2008-04-22,0.0,0.00,ft^3/s,Approved,[],2025-03-11T20:14:41.029928+00:00,4716a1279a5146ec977582a181f4a56d
2008-04-23,0.0,0.00,ft^3/s,Approved,[],2025-03-11T20:14:41.029928+00:00,4716a1279a5146ec977582a181f4a56d
2008-04-24,0.0,0.00,ft^3/s,Approved,[],2025-03-11T20:14:41.029928+00:00,4716a1279a5146ec977582a181f4a56d
2008-04-25,0.0,0.00,ft^3/s,Approved,[],2025-03-11T20:14:41.029928+00:00,4716a1279a5146ec977582a181f4a56d
2008-04-26,0.0,0.00,ft^3/s,Approved,[],2025-03-11T20:14:41.029928+00:00,4716a1279a5146ec977582a181f4a56d
2008-04-27,0.0,0.00,ft^3/s,Approved,[],2025-03-11T20:14:41.029928+00:00,4716a1279a5146ec977582a181f4a56d
2008-04-28,0.0,0.00,ft^3/s,Approved,[],2025-03-11T20:14:41.029928+00:00,4716a1279a5146ec977582a181f4a56d
2008-04-29,0.0,0.00,ft^3/s,Approved,[],2025-03-11T20:14:41.029928+00:00,4716a1279a5146ec977582a181f4a56d
2008-04-30,0.0,0.00,ft^3/s,Approved,[],2025-03-11T20:14:41.029928+00:00,4716a1279a5146ec977582a181f4a56d
2008-05-01,0.0,0.00,ft^3/s,Approved,[],2025-03-11T20:14:41.029928+00:00,4716a1279a5146ec977582a181f4a56d
2008-05-02,0.0,0.00,ft^3/s,Approved,[],2025-03-11T20:14:41.029928+00:00,4716a1279a5146ec977582a181f4a56d
2008-05-03,0.0,0.00,ft^3/s,Approved,[],2025-03-11T20:14:41.029928+00:00,4716a1279a5146ec977582a181f4a56d
2008-05-04,0.0,0.00,ft^3/s,Approved,[],2025-03-11T20:14:41.029928+00:00,4716a1279a5146ec977582a181f4a56d
2008-05-05,0.0,0.00,ft^3/s,Approved,[],2025-03-11T20:14:41.029928+00:00,4716a1279a5146ec977582a181f4a56d
2008-05-06,0.0,0.00,ft^3/s,Approved,[],2025-03-11T20:14:41.029928+00:00,4716a1279a5146ec977582a181f4a56d
2008-05-07,0.0,0.00,ft^3/s,Approved,[],2025-03-11T20:14:41.029928+00:00,4716a1279a5146ec977582a181f4a56d
2008-05-08,0.0,0.00,ft^3/s,Approved,[],2025-03-11T20:14:41.029928+00:00,4716a1279a5146ec977582a181f4a56d
2008-05-09,0.0,0.00,ft^3/s,Approved,[],2025-03-11T20:14:41.029928+00:00,4716a1279a5146ec977582a181f4a56d
2008-05-10,0.0,0.00,ft^3/s,Approved,[],2025-03-11T20:14:41.029928+00:00,4716a1279a5146ec977582a181f4a56d
2008-05-11,0.0,0.00,ft^3/s,Approved,[],2025-03-11T20:14:41.029928+00:00,4716a1279a5146ec977582a181f4a56d
2008-05-12,0.0,0.00,ft^3/s,Approved,[],2025-03-11T20:14:41.029928+00:00,4716a1279a5146ec977582a181f4a56d
2008-05-13,0.0,0.00,ft^3/s,Approved,[],2025-03-11T20:14:41.029928+00:00,4716a1279a5146ec977582a181f4a56d
2008-05-14,2.2,2.20,ft^3/s,Approved,[],2025-03-11T20:14:41.029928+00:00,4716a1279a5146ec977582a181f4a56d
2008-05-15,460.0,460,ft^3/s,Approved,[],2025-03-11T20:14:41.029928+00:00,4716a1279a5146ec977582a181f4a56d
2008-05-16,44.8,44.8,ft^3/s,Approved,[],2025-03-11T20:14:41.029928+00:00,4716a1279a5146ec977582a181f4a56d
2008-05-17,11.5,11.5,ft^3/s,Approved,[],2025-03-11T20:14:41.029928+00:00,4716a1279a5146ec977582a181f4a56d
2008-05-18,6.56,6.56,ft^3/s,Approved,[],2025-03-11T20:14:41.029928+00:00,4716a1279a5146ec977582a181f4a56d
2008-05-19,4.58,4.58,ft^3/s,Approved,[],2025-03-11T20:14:41.029928+00:00,4716a1279a5146ec977582a181f4a56d
2008-05-20,3.86,3.86,ft^3/s,Approved,[],2025-03-11T20:14:41.029928+00:00,4716a1279a5146ec977582a181f4a56d
2008-05-21,3.12,3.12,ft^3/s,Approved,[],2025-03-11T20:14:41.029928+00:00,4716a1279a5146ec977582a181f4a56d
2008-05-22,2.41,2.41,ft^3/s,Approved,[],2025-03-11T20:14:41.029928+00:00,4716a1279a5146ec977582a181f4a56d
2008-05-23,1.62,1.62,ft^3/s,Approved,[],2025-03-11T20:14:41.029928+00:00,4716a1279a5146ec977582a181f4a56d
2008-05-24,0.85,0.85,ft^3/s,Approved,[],2025-03-11T20:14:41.029928+00:00,4716a1279a5146ec977582a181f4a56d
2008-05-25,0.32,0.32,ft^3/s,Approved,[],2025-03-11T20:14:41.029928+00:00,4716a1279a5146ec977582a181f4a56d
2008-05-26,0.01,0.01,ft^3/s,Approved,[],2025-03-11T20:14:41.029928+00:00,4716a1279a5146ec977582a181f4a56d
2008-05-27,0.0,0.00,ft^3/s,Approved,[],2025-03-11T20:14:41.029928+00:00,4716a1279a5146ec977582a181f4a56d
2008-05-28,0.0,0.00,ft^3/s,Approved,[],2025-03-11T20:14:41.029928+00:00,4716a1279a5146ec977582a181f4a56d
2008-05-29,0.0,0.00,ft^3/s,Approved,[],2025-03-11T20:14:41.029928+00:00,4716a1279a5146ec977582a181f4a56d
2008-05-30,0.0,0.00,ft^3/s,Approved,[],2025-03-11T20:14:41.029928+00:00,4716a1279a5146ec977582a181f4a56d
2008-05-31,0.0,0.00,ft^3/s,Approved,[],2025-03-11T20:14:41.029928+00:00,4716a1279a5146ec977582a181f4a56d
2008-06-01,0.0,0.00,ft^3/s,Approved,[],2025-03-11T20:14:41.029928+00:00,4716a1279a5146ec977582a181f4a56d
2008-06-02,0.0,0.00,ft^3/s,Approved,[],2025-03-11T20:14:41.029928+00:00,4716a1279a5146ec977582a181f4a56d
2008-06-03,0.0,0.00,ft^3/s,Approved,[],2025-03-11T20:14:41.029928+00:00,4716a1279a5146ec977582a181f4a56d
2008-06-04,0.0,0.00,ft^3/s,Approved,[],2025-03-11T20:14:41.029928+00:00,4716a1279a5146ec977582a181f4a56d
2008-06-05,0.0,0.00,ft^3/s,Approved,[],2025-03-11T20:14:41.029928+00:00,4716a1279a5146ec977582a181f4a56d
2008-06-06,0.0,0.00,ft^3/s,Approved,[],2025-03-11T20:14:41.029928+00:00,4716a1279a5146ec977582a181f4a56d
2008-06-07,0.0,0.00,ft^3/s,Approved,[],2025-03-11T20:14:41.029928+00:00,4716a1279a5146ec977582a181f4a56d
2008-06-08,0.0,0.00,ft^3/s,Approved,[],2025-03-11T20:14:41.029928+00:00,4716a1279a5146ec977582a181f4a56d
2008-06-09,0.0,0.00,ft^3/s,Approved,[],2025-03-11T20:14:41.029928+00:00,4716a1279a5146ec977582a181f4a56d
2008-06-10,0.0,0.00,ft^3/s,Approved,[],2025-03-11T20:14:41.029928+00:00,4716a1279a5146ec977582a181f4a56d
2008-06-11,0.0,0.00,ft^3/s,Approved,[],2025-03-11T20:14:41.029928+00:00,4716a1279a5146ec977582a181f4a56d
2008-06-12,0.0,0.00,ft^3/s,Approved,[],2025-03-11T20:14:41.029928+00:00,4716a1279a5146ec977582a181f4a56d
2008-06-13,0.0,0.00,ft^3/s,Approved,[],2025-03-11T20:14:41.029928+00:00,4716a1279a5146ec977582a181f4a56d
2008-06-14,0.0,0.00,ft^3/s,Approved,[],2025-03-11T20:14:41.029928+00:00,4716a1279a5146ec977582a181f4a56d
2008-06-15,0.0,0.00,ft^3/s,Approved,[],2025-03-11T20:14:41.029928+00:00,4716a1279a5146ec977582a181f4a56d
2008-06-16,0.0,0.00,ft^3/s,Approved,[],2025-03-11T20:14:41.029928+00:00,4716a1279a5146ec977582a181f4a56d
2008-06-17,0.0,0.00,ft^3/s,Approved,[],2025-03-11T20:14:41.029928+00:00,4716a1279a5146ec977582a181f4a56d
2008-06-18,0.0,0.00,ft^3/s,Approved,[],2025-03-11T20:14:41.029928+00:00,4716a1279a5146ec977582a181f4a56d
2008-06-19,0.0,0.00,ft^3/s,Approved,[],2025-03-11T20:14:41.029928+00:00,4716a1279a5146ec977582a181f4a56d
2008-06-20,0.0,0.00,ft^3/s,Approved,[],2025-03-11T20:14:41.029928+00:00,4716a1279a5146ec977582a181f4a56d
2008-06-21,0.0,0.00,ft^3/s,Approved,[],2025-03-11T20:14:41.029928+00:00,4716a1279a5146ec977582a181f4a56d
2008-06-22,0.0,0.00,ft^3/s,Approved,[],2025-03-11T20:14:41.029928+00:00,4716a1279a5146ec977582a181f4a56d
2008-06-23,0.0,0.00,ft^3/s,Approved,[],2025-03-11T20:14:41.029928+00:00,4716a1279a5146ec977582a181f4a56d
2008-06-24,0.0,0.00,ft^3/s,Approved,[],2025-03-11T20:14:41.029928+00:00,4716a1279a5146ec977582a181f4a56d
2008-06-25,0.0,0.00,ft^3/s,Approved,[],2025-03-11T20:14:41.029928+00:00,4716a1279a5146ec977582a181f4a56d
2008-06-26,0.0,0.00,ft^3/s,Approved,[],2025-03-11T20:14:41.029928+00:00,4716a1279a5146ec977582a181f4a56d
2008-06-27,0.0,0.00,ft^3/s,Approved,[],2025-03-11T20:14:41.029928+00:00,4716a1279a5146ec977582a181f4a56d
2008-06-28,0.0,0.00,ft^3/s,Approved,[],2025-03-11T20:14:41.029928+00:00,4716a1279a5146ec977582a181f4a56d
2008-06-29,0.0,0.00,ft^3/s,Approved,[],2025-03-11T20:14:41.029928+00:00,4716a1279a5146ec977582a181f4a56d
2008-06-30,0.0,0.00,ft^3/s,Approved,[],2025-03-11T20:14:41.029928+00:00,4716a1279a5146ec977582a181f4a56d
2008-07-01,0.0,0.00,ft^3/s,Approved,[],2025-03-11T20:14:41.029928+00:00,4716a1279a5146ec977582a181f4a56d
2008-07-02,0.0,0.00,ft^3/s,Approved,[],2025-03-11T20:14:41.029928+00:00,4716a1279a5146ec977582a181f4a56d
2008-07-03,0.0,0.00,ft^3/s,Approved,[],2025-03-11T20:14:41.029928+00:00,4716a1279a5146ec977582a181f4a56d
2008-07-04,0.0,0.00,ft^3/s,Approved,[],2025-03-11T20:14:41.029928+00:00,4716a1279a5146ec977582a181f4a56d
2008-07-05,0.0,0.00,ft^3/s,Approved,[],2025-03-11T20:14:41.029928+00:00,4716a1279a5146ec977582a181f4a56d
2008-07-06,0.0,0.00,ft^3/s,Approved,[],2025-03-11T20:14:41.029928+00:00,4716a1279a5146ec977582a181f4a56d
2008-07-07,0.0,0.00,ft^3/s,Approved,[],2025-03-11T20:14:41.029928+00:00,4716a1279a5146ec977582a181f4a56d
2008-07-08,0.0,0.00,ft^3/s,Approved,[],2025-03-11T20:14:41.029928+00:00,4716a1279a5146ec977582a181f4a56d
2008-07-09,0.0,0.00,ft^3/s,Approved,[],2025-03-11T20:14:41.029928+00:00,4716a1279a5146ec977582a181f4a56d
2008-07-10,0.0,0.00,ft^3/s,Approved,[],2025-03-11T20:14:41.029928+00:00,4716a1279a5146ec977582a181f4a56d
2008-07-11,0.0,0.00,ft^3/s,Approved,[],2025-03-11T20:14:41.029928+00:00,4716a1279a5146ec977582a181f4a56d
2008-07-12,0.0,0.00,ft^3/s,Approved,[],2025-03-11T20:14:41.029928+00:00,4716a1279a5146ec977582a181f4a56d
2008-07-13,0.0,0.00,ft^3/s,Approved,[],2025-03-11T20:14:41.029928+00:00,4716a1279a5146ec977582a181f4a56d
2008-07-14,0.0,0.00,ft^3/s,Approved,[],2025-03-11T20:14:41.029928+00:00,4716a1279a5146ec977582a181f4a56d
2008-07-15,0.0,0.00,ft^3/s,Approved,[],2025-03-11T20:14:41.029928+00:00,4716a1279a5146ec977582a181f4a56d
2008-07-16,0.0,0.00,ft^3/s,Approved,[],2025-03-11T20:14:41.029928+00:00,4716a1279a5146ec977582a181f4a56d
2008-07-17,0.0,0.00,ft^3/s,Approved,[],2025-03-11T20:14:41.029928+00:00,4716a1279a5146ec977582a181f4a56d
2008-07-18,0.0,0.00,ft^3/s,Approved,[],2025-03-11T20:14:41.029928+00:00,4716a1279a5146ec977582a181f4a56d
2008-07-19,0.0,0.00,ft^3/s,Approved,[],2025-03-11T20:14:41.029928+00:00,4716a1279a5146ec977582a181f4a56d
2008-07-20,0.0,0.00,ft^3/s,Approved,[],2025-03-11T20:14:41.029928+00:00,4716a1279a5146ec977582a181f4a56d
2008-07-21,0.0,0.00,ft^3/s,Approved,[],2025-03-11T20:14:41.029928+00:00,4716a1279a5146ec977582a181f4a56d
2008-07-22,0.0,0.00,ft^3/s,Approved,[],2025-03-11T20:14:41.029928+00:00,4716a1279a5146ec977582a181f4a56d
2008-07-23,0.0,0.00,ft^3/s,Approved,[],2025-03-11T20:14:41.029928+00:00,4716a1279a5146ec977582a181f4a56d
2008-07-24,0.0,0.00,ft^3/s,Approved,[],2025-03-11T20:14:41.029928+00:00,4716a1279a5146ec977582a181f4a56d
2008-07-25,0.0,0.00,ft^3/s,Approved,[],2025-03-11T20:14:41.029928+00:00,4716a1279a5146ec977582a181f4a56d
2008-07-26,0.0,0.00,ft^3/s,Approved,[],2025-03-11T20:14:41.029928+00:00,4716a1279a5146ec977582a181f4a56d
2008-07-27,0.0,0.00,ft^3/s,Approved,[],2025-03-11T20:14:41.029928+00:00,4716a1279a5146ec977582a181f4a56d
2008-07-28,0.0,0.00,ft^3/s,Approved,[],2025-03-11T20:14:41.029928+00:00,4716a1279a5146ec977582a181f4a56d
2008-07-29,0.0,0.00,ft^3/s,Approved,[],2025-03-11T20:14:41.029928+00:00,4716a1279a5146ec977582a181f4a56d
2008-07-30,0.0,0.00,ft^3/s,Approved,[],2025-03-11T20:14:41.029928+00:00,4716a1279a5146ec977582a181f4a56d
2008-07-31,0.0,0.00,ft^3/s,Approved,[],2025-03-11T20:14:41.029928+00:00,4716a1279a5146ec977582a181f4a56d
2008-08-01,0.0,0.00,ft^3/s,Approved,[],2025-03-11T20:14:41.029928+00:00,4716a1279a5146ec977582a181f4a56d
2008-08-02,0.0,0.00,ft^3/s,Approved,[],2025-03-11T20:14:41.029928+00:00,4716a1279a5146ec977582a181f4a56d
2008-08-03,0.0,0.00,ft^3/s,Approved,[],2025-03-11T20:14:41.029928+00:00,4716a1279a5146ec977582a181f4a56d
2008-08-04,0.0,0.00,ft^3/s,Approved,[],2025-03-11T20:14:41.029928+00:00,4716a1279a5146ec977582a181f4a56d
2008-08-05,0.0,0.00,ft^3/s,Approved,[],2025-03-11T20:14:41.029928+00:00,4716a1279a5146ec977582a181f4a56d
2008-08-06,0.0,0.00,ft^3/s,Approved,[],2025-03-11T20:14:41.029928+00:00,4716a1279a5146ec977582a181f4a56d
2008-08-07,0.0,0.00,ft^3/s,Approved,[],2025-03-11T20:14:41.029928+00:00,4716a1279a5146ec977582a181f4a56d
2008-08-08,0.0,0.00,ft^3/s,Approved,[],2025-03-11T20:14:41.029928+00:00,4716a1279a5146ec977582a181f4a56d
2008-08-09,0.0,0.00,ft^3/s,Approved,[],2025-03-11T20:14:41.029928+00:00,4716a1279a5146ec977582a181f4a56d
2008-08-10,0.0,0.00,ft^3/s,Approved,[],2025-03-11T20:14:41.029928+00:00,4716a1279a5146ec977582a181f4a56d
2008-08-11,0.0,0.00,ft^3/s,Approved,[],2025-03-11T20:14:41.029928+00:00,4716a1279a5146ec977582a181f4a56d
2008-08-12,0.0,0.00,ft^3/s,Approved,[],2025-03-11T20:14:41.029928+00:00,4716a1279a5146ec977582a181f4a56d
2008-08-13,0.0,0.00,ft^3/s,Approved,[],2025-03-11T20:14:41.029928+00:00,4716a1279a5146ec977582a181f4a56d
2008-08-14,0.0,0.00,ft^3/s,Approved,[],2025-03-11T20:14:41.029928+00:00,4716a1279a5146ec977582a181f4a56d
2008-08-15,0.0,0.00,ft^3/s,Approved,[],2025-03-11T20:14:41.029928+00:00,4716a1279a5146ec977582a181f4a56d
2008-08-16,0.0,0.00,ft^3/s,Approved,[],2025-03-11T20:14:41.029928+00:00,4716a1279a5146ec977582a181f4a56d
2008-08-17,0.0,0.00,ft^3/s,Approved,[],2025-03-11T20:14:41.029928+00:00,4716a1279a5146ec977582a181f4a56d
2008-08-18,0.0,0.00,ft^3/s,Approved,[],2025-03-11T20:14:41.029928+00:00,4716a1279a5146ec977582a181f4a56d
2008-08-19,0.0,0.00,ft^3/s,Approved,[],2025-03-11T20:14:41.029928+00:00,4716a1279a5146ec977582a181f4a56d
2008-08-20,0.0,0.00,ft^3/s,Approved,[],2025-03-11T20:14:41.029928+00:00,4716a1279a5146ec977582a181f4a56d
2008-08-21,0.0,0.00,ft^3/s,Approved,[],2025-03-11T20:14:41.029928+00:00,4716a1279a5146ec977582a181f4a56d
2008-08-22,0.0,0.00,ft^3/s,Approved,[],2025-03-11T20:14:41.029928+00:00,4716a1279a5146ec977582a181f4a56d
2008-08-23,0.0,0.00,ft^3/s,Approved,[],2025-03-11T20:14:41.029928+00:00,4716a1279a5146ec977582a181f4a56d
2008-08-24,0.0,0.00,ft^3/s,Approved,[],2025-03-11T20:14:41.029928+00:00,4716a1279a5146ec977582a181f4a56d
2008-08-25,0.0,0.00,ft^3/s,Approved,[],2025-03-11T20:14:41.029928+00:00,4716a1279a5146ec977582a181f4a56d
2008-08-26,0.0,0.00,ft^3/s,Approved,[],2025-03-11T20:14:41.029928+00:00,4716a1279a5146ec977582a181f4a56d
2008-08-27,0.0,0.00,ft^3/s,Approved,[],2025-03-11T20:14:41.029928+00:00,4716a1279a5146ec977582a181f4a56d
2008-08-28,0.0,0.00,ft^3/s,Approved,[],2025-03-11T20:14:41.029928+00:00,4716a1279a5146ec977582a181f4a56d
2008-08-29,0.0,0.00,ft^3/s,Approved,[],2025-03-11T20:14:41.029928+00:00,4716a1279a5146ec977582a181f4a56d
2008-08-30,0.0,0.00,ft^3/s,Approved,[],2025-03-11T20:14:41.029928+00:00,4716a1279a5146ec977582a181f4a56d
2008-08-31,0.0,0.00,ft^3/s,Approved,[],2025-03-11T20:14:41.029928+00:00,4716a1279a5146ec977582a181f4a56d
2008-09-01,0.0,0.00,ft^3/s,Approved,[],2025-03-11T20:14:41.029928+00:00,4716a1279a5146ec977582a181f4a56d
2008-09-02,0.0,0.00,ft^3/s,Approved,[],2025-03-11T20:14:41.029928+00:00,4716a1279a5146ec977582a181f4a56d
2008-09-03,0.0,0.00,ft^3/s,Approved,[],2025-03-11T20:14:41.029928+00:00,4716a1279a5146ec977582a181f4a56d
2008-09-04,0.0,0.00,ft^3/s,Approved,[],2025-03-11T20:14:41.029928+00:00,4716a1279a5146ec977582a181f4a56d
2008-09-05,0.0,0.00,ft^3/s,Approved,[],2025-03-11T20:14:41.029928+00:00,4716a1279a5146ec977582a181f4a56d
2008-09-06,0.0,0.00,ft^3/s,Approved,[],2025-03-11T20:14:41.029928+00:00,4716a1279a5146ec977582a181f4a56d
2008-09-07,0.0,0.00,ft^3/s,Approved,[],2025-03-11T20:14:41.029928+00:00,4716a1279a5146ec977582a181f4a56d
2008-09-08,0.0,0.00,ft^3/s,Approved,[],2025-03-11T20:14:41.029928+00:00,4716a1279a5146ec977582a181f4a56d
2008-09-09,0.0,0.00,ft^3/s,Approved,[],2025-03-11T20:14:41.029928+00:00,4716a1279a5146ec977582a181f4a56d
2008-09-10,0.0,0.00,ft^3/s,Approved,[],2025-03-11T20:14:41.029928+00:00,4716a1279a5146ec977582a181f4a56d
2008-09-11,0.0,0.00,ft^3/s,Approved,[],2025-03-11T20:14:41.029928+00:00,4716a1279a5146ec977582a181f4a56d
2008-09-12,0.0,0.00,ft^3/s,Approved,[],2025-03-11T20:14:41.029928+00:00,4716a1279a5146ec977582a181f4a56d
2008-09-13,0.0,0.00,ft^3/s,Approved,[],2025-03-11T20:14:41.029928+00:00,4716a1279a5146ec977582a181f4a56d
2008-09-14,0.0,0.00,ft^3/s,Approved,[],2025-03-11T20:14:41.029928+00:00,4716a1279a5146ec977582a181f4a56d
2008-09-15,0.0,0.00,ft^3/s,Approved,[],2025-03-11T20:14:41.029928+00:00,4716a1279a5146ec977582a181f4a56d
2008-09-16,0.0,0.00,ft^3/s,Approved,[],2025-03-11T20:14:41.029928+00:00,4716a1279a5146ec977582a181f4a56d
2008-09-17,0.0,0.00,ft^3/s,Approved,[],2025-03-11T20:14:41.029928+00:00,4716a1279a5146ec977582a181f4a56d
2008-09-18,0.0,0.00,ft^3/s,Approved,[],2025-03-11T20:14:41.029928+00:00,4716a1279a5146ec977582a181f4a56d
2008-09-19,0.0,0.00,ft^3/s,Approved,[],2025-03-11T20:14:41.029928+00:00,4716a1279a5146ec977582a181f4a56d
2008-09-20,0.0,0.00,ft^3/s,Approved,[],2025-03-11T20:14:41.029928+00:00,4716a1279a5146ec977582a181f4a56d
2008-09-21,0.0,0.00,ft^3/s,Approved,[],2025-03-11T20:14:41.029928+00:00,4716a1279a5146ec977582a181f4a56d
2008-09-22,0.0,0.00,ft^3/s,Approved,[],2025-03-11T20:14:41.029928+00:00,4716a1279a5146ec977582a181f4a56d
2008-09-23,0.0,0.00,ft^3/s,Approved,[],2025-03-11T20:14:41.029928+00:00,4716a1279a5146ec977582a181f4a56d
2008-09-24,0.0,0.00,ft^3/s,Approved,[],2025-03-11T20:14:41.029928+00:00,4716a1279a5146ec977582a181f4a56d
2008-09-25,0.0,0.00,ft^3/s,Approved,[],2025-03-11T20:14:41.029928+00:00,4716a1279a5146ec977582a181f4a56d
2008-09-26,0.0,0.00,ft^3/s,Approved,[],2025-03-11T20:14:41.029928+00:00,4716a1279a5146ec977582a181f4a56d
2008-09-27,0.0,0.00,ft^3/s,Approved,[],2025-03-11T20:14:41.029928+00:00,4716a1279a5146ec977582a181f4a56d
2008-09-28,0.0,0.00,ft^3/s,Approved,[],2025-03-11T20:14:41.029928+00:00,4716a1279a5146ec977582a181f4a56d
2008-09-29,0.0,0.00,ft^3/s,Approved,[],2025-03-11T20:14:41.029928+00:00,4716a1279a5146ec977582a181f4a56d
2008-09-30,0.0,0.00,ft^3/s,Approved,[],2025-03-11T20:14:41.029928+00:00,4716a1279a5146ec977582a181f4a56d
2008-10-01,0.0,0.00,ft^3/s,Approved,[],2025-03-11T20:14:41.029928+00:00,4716a1279a5146ec977582a181f4a56d
2008-10-02,0.0,0.00,ft^3/s,Approved,[],2025-03-11T20:14:41.029928+00:00,4716a1279a5146ec977582a181f4a56d
2008-10-03,0.0,0.00,ft^3/s,Approved,[],2025-03-11T20:14:41.029928+00:00,4716a1279a5146ec977582a181f4a56d
2008-10-04,0.0,0.00,ft^3/s,Approved,[],2025-03-11T20:14:41.029928+00:00,4716a1279a5146ec977582a181f4a56d
2008-10-05,0.0,0.00,ft^3/s,Approved,[],2025-03-11T20:14:41.029928+00:00,4716a1279a5146ec977582a181f4a56d
2008-10-06,0.0,0.00,ft^3/s,Approved,[],2025-03-11T20:14:41.029928+00:00,4716a1279a5146ec977582a181f4a56d
2008-10-07,0.0,0.00,ft^3/s,Approved,[],2025-03-11T20:14:41.029928+00:00,4716a1279a5146ec977582a181f4a56d
2008-10-08,0.0,0.00,ft^3/s,Approved,[],2025-03-11T20:14:41.029928+00:00,4716a1279a5146ec977582a181f4a56d
2008-10-09,0.0,0.00,ft^3/s,Approved,[],2025-03-11T20:14:41.029928+00:00,4716a1279a5146ec977582a181f4a56d
2008-10-10,0.0,0.00,ft^3/s,Approved,[],2025-03-11T20:14:41.029928+00:00,4716a1279a5146ec977582a181f4a56d
2008-10-11,0.0,0.00,ft^3/s,Approved,[],2025-03-11T20:14:41.029928+00:00,4716a1279a5146ec977582a181f4a56d
2008-10-12,0.0,0.00,ft^3/s,Approved,[],2025-03-11T20:14:41.029928+00:00,4716a1279a5146ec977582a181f4a56d
2008-10-13,0.0,0.00,ft^3/s,Approved,[],2025-03-11T20:14:41.029928+00:00,4716a1279a5146ec977582a181f4a56d
2008-10-14,0.0,0.00,ft^3/s,Approved,[],2025-03-11T20:14:41.029928+00:00,4716a1279a5146ec977582a181f4a56d
2008-10-15,0.0,0.00,ft^3/s,Approved,[],2025-03-11T20:14:41.029928+00:00,4716a1279a5146ec977582a181f4a56d
2008-10-16,0.0,0.00,ft^3/s,Approved,[],2025-03-11T20:14:41.029928+00:00,4716a1279a5146ec977582a181f4a56d
2008-10-17,0.0,0.00,ft^3/s,Approved,[],2025-03-11T20:14:41.029928+00:00,4716a1279a5146ec977582a181f4a56d
2008-10-18,0.0,0.00,ft^3/s,Approved,[],2025-03-11T20:14:41.029928+00:00,4716a1279a5146ec977582a181f4a56d
2008-10-19,0.0,0.00,ft^3/s,Approved,[],2025-03-11T20:14:41.029928+00:00,4716a1279a5146ec977582a181f4a56d
2008-10-20,0.0,0.00,ft^3/s,Approved,[],2025-03-11T20:14:41.029928+00:00,4716a1279a5146ec977582a181f4a56d
2008-10-21,0.0,0.00,ft^3/s,Approved,[],2025-03-11T20:14:41.029928+00:00,4716a1279a5146ec977582a181f4a56d
2008-10-22,0.0,0.00,ft^3/s,Approved,[],2025-03-11T20:14:41.029928+00:00,4716a1279a5146ec977582a181f4a56d
2008-10-23,0.0,0.00,ft^3/s,Approved,[],2025-03-11T20:14:41.029928+00:00,4716a1279a5146ec977582a181f4a56d
2008-10-24,0.0,0.00,ft^3/s,Approved,[],2025-03-11T20:14:41.029928+00:00,4716a1279a5146ec977582a181f4a56d
2008-10-25,0.0,0.00,ft^3/s,Approved,[],2025-03-11T20:14:41.029928+00:00,4716a1279a5146ec977582a181f4a56d
2008-10-26,0.0,0.00,ft^3/s,Approved,[],2025-03-11T20:14:41.029928+00:00,4716a1279a5146ec977582a181f4a56d
2008-10-27,0.0,0.00,ft^3/s,Approved,[],2025-03-11T20:14:41.029928+00:00,4716a1279a5146ec977582a181f4a56d
2008-10-28,0.0,0.00,ft^3/s,Approved,[],2025-03-11T20:14:41.029928+00:00,4716a1279a5146ec977582a181f4a56d
2008-10-29,0.0,0.00,ft^3/s,Approved,[],2025-03-11T20:14:41.029928+00:00,4716a1279a5146ec977582a181f4a56d
2008-10-30,0.0,0.00,ft^3/s,Approved,[],2025-03-11T20:14:41.029928+00:00,4716a1279a5146ec977582a181f4a56d
2008-10-31,0.0,0.00,ft^3/s,Approved,[],2025-03-11T20:14:41.029928+00:00,4716a1279a5146ec977582a181f4a56d
2008-11-01,0.0,0.00,ft^3/s,Approved,[],2025-03-11T20:14:41.029928+00:00,4716a1279a5146ec977582a181f4a56d
2008-11-02,0.0,0.00,ft^3/s,Approved,[],2025-03-11T20:14:41.029928+00:00,4716a1279a5146ec977582a181f4a56d
2008-11-03,0.0,0.00,ft^3/s,Approved,[],2025-03-11T20:14:41.029928+00:00,4716a1279a5146ec977582a181f4a56d
2008-11-04,0.0,0.00,ft^3/s,Approved,[],2025-03-11T20:14:41.029928+00:00,4716a1279a5146ec977582a181f4a56d
2008-11-05,0.0,0.00,ft^3/s,Approved,[],2025-03-11T20:14:41.029928+00:00,4716a1279a5146ec977582a181f4a56d
2008-11-06,0.0,0.00,ft^3/s,Approved,[],2025-03-11T20:14:41.029928+00:00,4716a1279a5146ec977582a181f4a56d
2008-11-07,0.0,0.00,ft^3/s,Approved,[],2025-03-11T20:14:41.029928+00:00,4716a1279a5146ec977582a181f4a56d
2008-11-08,0.0,0.00,ft^3/s,Approved,[],2025-03-11T20:14:41.029928+00:00,4716a1279a5146ec977582a181f4a56d
2008-11-09,0.0,0.00,ft^3/s,Approved,[],2025-03-11T20:14:41.029928+00:00,4716a1279a5146ec977582a181f4a56d
2008-11-10,0.0,0.00,ft^3/s,Approved,[],2025-03-11T20:14:41.029928+00:00,4716a1279a5146ec977582a181f4a56d
2008-11-11,0.0,0.00,ft^3/s,Approved,[],2025-03-11T20:14:41.029928+00:00,4716a1279a5146ec977582a181f4a56d
2008-11-12,0.0,0.00,ft^3/s,Approved,[],2025-03-11T20:14:41.029928+00:00,4716a1279a5146ec977582a181f4a56d
2008-11-13,0.0,0.00,ft^3/s,Approved,[],2025-03-11T20:14:41.029928+00:00,4716a1279a5146ec977582a181f4a56d
2008-11-14,0.0,0.00,ft^3/s,Approved,[],2025-03-11T20:14:41.029928+00:00,4716a1279a5146ec977582a181f4a56d
2008-11-15,0.0,0.00,ft^3/s,Approved,[],2025-03-11T20:14:41.029928+00:00,4716a1279a5146ec977582a181f4a56d
2008-11-16,0.0,0.00,ft^3/s,Approved,[],2025-03-11T20:14:41.029928+00:00,4716a1279a5146ec977582a181f4a56d
2008-11-17,0.0,0.00,ft^3/s,Approved,[],2025-03-11T20:14:41.029928+00:00,4716a1279a5146ec977582a181f4a56d
2008-11-18,0.0,0.00,ft^3/s,Approved,[],2025-03-11T20:14:41.029928+00:00,4716a1279a5146ec977582a181f4a56d
2008-11-19,0.0,0.00,ft^3/s,Approved,[],2025-03-11T20:14:41.029928+00:00,4716a1279a5146ec977582a181f4a56d
2008-11-20,0.0,0.00,ft^3/s,Approved,[],2025-03-11T20:14:41.029928+00:00,4716a1279a5146ec977582a181f4a56d
2008-11-21,0.0,0.00,ft^3/s,Approved,[],2025-03-11T20:14:41.029928+00:00,4716a1279a5146ec977582a181f4a56d
2008-11-22,0.0,0.00,ft^3/s,Approved,[],2025-03-11T20:14:41.029928+00:00,4716a1279a5146ec977582a181f4a56d
2008-11-23,0.0,0.00,ft^3/s,Approved,[],2025-03-11T20:14:41.029928+00:00,4716a1279a5146ec977582a181f4a56d
2008-11-24,0.0,0.00,ft^3/s,Approved,[],2025-03-11T20:14:41.029928+00:00,4716a1279a5146ec977582a181f4a56d
2008-11-25,0.0,0.00,ft^3/s,Approved,[],2025-03-11T20:14:41.029928+00:00,4716a1279a5146ec977582a181f4a56d
2008-11-26,0.0,0.00,ft^3/s,Approved,[],2025-03-11T20:14:41.029928+00:00,4716a1279a5146ec977582a181f4a56d
2008-11-27,0.0,0.00,ft^3/s,Approved,[],2025-03-11T20:14:41.029928+00:00,4716a1279a5146ec977582a181f4a56d
2008-11-28,0.0,0.00,ft^3/s,Approved,[],2025-03-11T20:14:41.029928+00:00,4716a1279a5146ec977582a181f4a56d
2008-11-29,0.0,0.00,ft^3/s,Approved,[],2025-03-11T20:14:41.029928+00:00,4716a1279a5146ec977582a181f4a56d
2008-11-30,0.0,0.00,ft^3/s,Approved,[],2025-03-11T20:14:41.029928+00:00,4716a1279a5146ec977582a181f4a56d
2008-12-01,0.0,0.00,ft^3/s,Approved,[],2025-03-11T20:14:41.029928+00:00,4716a1279a5146ec977582a181f4a56d
2008-12-02,0.0,0.00,ft^3/s,Approved,[],2025-03-11T20:14:41.029928+00:00,4716a1279a5146ec977582a181f4a56d
2008-12-03,0.0,0.00,ft^3/s,Approved,[],2025-03-11T20:14:41.029928+00:00,4716a1279a5146ec977582a181f4a56d
2008-12-04,0.0,0.00,ft^3/s,Approved,[],2025-03-11T20:14:41.029928+00:00,4716a1279a5146ec977582a181f4a56d
2008-12-05,0.0,0.00,ft^3/s,Approved,[],2025-03-11T20:14:41.029928+00:00,4716a1279a5146ec977582a181f4a56d
2008-12-06,0.0,0.00,ft^3/s,Approved,[],2025-03-11T20:14:41.029928+00:00,4716a1279a5146ec977582a181f4a56d
2008-12-07,0.0,0.00,ft^3/s,Approved,[],2025-03-11T20:14:41.029928+00:00,4716a1279a5146ec977582a181f4a56d
2008-12-08,0.0,0.00,ft^3/s,Approved,[],2025-03-11T20:14:41.029928+00:00,4716a1279a5146ec977582a181f4a56d
2008-12-09,0.0,0.00,ft^3/s,Approved,[],2025-03-11T20:14:41.029928+00:00,4716a1279a5146ec977582a181f4a56d
2008-12-10,0.0,0.00,ft^3/s,Approved,[],2025-03-11T20:14:41.029928+00:00,4716a1279a5146ec977582a181f4a56d
2008-12-11,0.0,0.00,ft^3/s,Approved,[],2025-03-11T20:14:41.029928+00:00,4716a1279a5146ec977582a181f4a56d
2008-12-12,0.0,0.00,ft^3/s,Approved,[],2025-03-11T20:14:41.029928+00:00,4716a1279a5146ec977582a181f4a56d
2008-12-13,0.0,0.00,ft^3/s,Approved,[],2025-03-11T20:14:41.029928+00:00,4716a1279a5146ec977582a181f4a56d
2008-12-14,0.0,0.00,ft^3/s,Approved,[],2025-03-11T20:14:41.029928+00:00,4716a1279a5146ec977582a181f4a56d
2008-12-15,0.0,0.00,ft^3/s,Approved,[],2025-03-11T20:14:41.029928+00:00,4716a1279a5146ec977582a181f4a56d
2008-12-16,0.0,0.00,ft^3/s,Approved,[],2025-03-11T20:14:41.029928+00:00,4716a1279a5146ec977582a181f4a56d
2008-12-17,0.0,0.00,ft^3/s,Approved,[],2025-03-11T20:14:41.029928+00:00,4716a1279a5146ec977582a181f4a56d
2008-12-18,0.0,0.00,ft^3/s,Approved,[],2025-03-11T20:14:41.029928+00:00,4716a1279a5146ec977582a181f4a56d
2008-12-19,0.0,0.00,ft^3/s,Approved,[],2025-03-11T20:14:41.029928+00:00,4716a1279a5146ec977582a181f4a56d
2008-12-20,0.0,0.00,ft^3/s,Approved,[],2025-03-11T20:14:41.029928+00:00,4716a1279a5146ec977582a181f4a56d
2008-12-21,0.0,0.00,ft^3/s,Approved,[],2025-03-11T20:14:41.029928+00:00,4716a1279a5146ec977582a181f4a56d
2008-12-22,0.0,0.00,ft^3/s,Approved,[],2025-03-11T20:14:41.029928+00:00,4716a1279a5146ec977582a181f4a56d
2008-12-23,0.0,0.00,ft^3/s,Approved,[],2025-03-11T20:14:41.029928+00:00,4716a1279a5146ec977582a181f4a56d
2008-12-24,0.0,0.00,ft^3/s,Approved,[],2025-03-11T20:14:41.029928+00:00,4716a1279a5146ec977582a181f4a56d
2008-12-25,0.0,0.00,ft^3/s,Approved,[],2025-03-11T20:14:41.029928+00:00,4716a1279a5146ec977582a181f4a56d
2008-12-26,0.0,0.00,ft^3/s,Approved,[],2025-03-11T20:14:41.029928+00:00,4716a1279a5146ec977582a181f4a56d
2008-12-27,0.0,0.00,ft^3/s,Approved,[],2025-03-11T20:14:41.029928+00:00,4716a1279a5146ec977582a181f4a56d
2008-12-28,0.0,0.00,ft^3/s,Approved,[],2025-03-11T20:14:41.029928+00:00,4716a1279a5146ec977582a181f4a56d
2008-12-29,0.0,0.00,ft^3/s,Approved,[],2025-03-11T20:14:41.029928+00:00,4716a1279a5146ec977582a181f4a56d
2008-12-30,0.0,0.00,ft^3/s,Approved,[],2025-03-11T20:14:41.029928+00:00,4716a1279a5146ec977582a181f4a56d
2008-12-31,0.0,0.00,ft^3/s,Approved,[],2025-03-11T20:14:41.029928+00:00,4716a1279a5146ec977582a181f4a56d
2009-01-01,0.0,0.00,ft^3/s,Approved,[],2025-03-11T20:14:41.029928+00:00,4716a1279a5146ec977582a181f4a56d
2009-01-02,0.0,0.00,ft^3/s,Approved,[],2025-03-11T20:14:41.029928+00:00,4716a1279a5146ec977582a181f4a56d
2009-01-03,0.0,0.00,ft^3/s,Approved,[],2025-03-11T20:14:41.029928+00:00,4716a1279a5146ec977582a181f4a56d
2009-01-04,0.0,0.00,ft^3/s,Approved,[],2025-03-11T20:14:41.029928+00:00,4716a1279a5146ec977582a181f4a56d
2009-01-05,0.0,0.00,ft^3/s,Approved,[],2025-03-11T20:14:41.029928+00:00,4716a1279a5146ec977582a181f4a56d
2009-01-06,0.0,0.00,ft^3/s,Approved,[],2025-03-11T20:14:41.029928+00:00,4716a1279a5146ec977582a181f4a56d
2009-01-07,0.0,0.00,ft^3/s,Approved,[],2025-03-11T20:14:41.029928+00:00,4716a1279a5146ec977582a181f4a56d
2009-01-08,0.0,0.00,ft^3/s,Approved,[],2025-03-11T20:14:41.029928+00:00,4716a1279a5146ec977582a181f4a56d
2009-01-09,0.0,0.00,ft^3/s,Approved,[],2025-03-11T20:14:41.029928+00:00,4716a1279a5146ec977582a181f4a56d
2009-01-10,0.0,0.00,ft^3/s,Approved,[],2025-03-11T20:14:41.029928+00:00,4716a1279a5146ec977582a181f4a56d
2009-01-11,0.0,0.00,ft^3/s,Approved,[],2025-03-11T20:14:41.029928+00:00,4716a1279a5146ec977582a181f4a56d
2009-01-12,0.0,0.00,ft^3/s,Approved,[],2025-03-11T20:14:41.029928+00:00,4716a1279a5146ec977582a181f4a56d
2009-01-13,0.0,0.00,ft^3/s,Approved,[],2025-03-11T20:14:41.029928+00:00,4716a1279a5146ec977582a181f4a56d
2009-01-14,0.0,0.00,ft^3/s,Approved,[],2025-03-11T20:14:41.029928+00:00,4716a1279a5146ec977582a181f4a56d
2009-01-15,0.0,0.00,ft^3/s,Approved,[],2025-03-11T20:14:41.029928+00:00,4716a1279a5146ec977582a181f4a56d
2009-01-16,0.0,0.00,ft^3/s,Approved,[],2025-03-11T20:14:41.029928+00:00,4716a1279a5146ec977582a181f4a56d
2009-01-17,0.0,0.00,ft^3/s,Approved,[],2025-03-11T20:14:41.029928+00:00,4716a1279a5146ec977582a181f4a56d
2009-01-18,0.0,0.00,ft^3/s,Approved,[],2025-03-11T20:14:41.029928+00:00,4716a1279a5146ec977582a181f4a56d
2009-01-19,0.0,0.00,ft^3/s,Approved,[],2025-03-11T20:14:41.029928+00:00,4716a1279a5146ec977582a181f4a56d
2009-01-20,0.0,0.00,ft^3/s,Approved,[],2025-03-11T20:14:41.029928+00:00,4716a1279a5146ec977582a181f4a56d
2009-01-21,0.0,0.00,ft^3/s,Approved,[],2025-03-11T20:14:41.029928+00:00,4716a1279a5146ec977582a181f4a56d
2009-01-22,0.0,0.00,ft^3/s,Approved,[],2025-03-11T20:14:41.029928+00:00,4716a1279a5146ec977582a181f4a56d
2009-01-23,0.0,0.00,ft^3/s,Approved,[],2025-03-11T20:14:41.029928+00:00,4716a1279a5146ec977582a181f4a56d
2009-01-24,0.0,0.00,ft^3/s,Approved,[],2025-03-11T20:14:41.029928+00:00,4716a1279a5146ec977582a181f4a56d
2009-01-25,0.0,0.00,ft^3/s,Approved,[],2025-03-11T20:14:41.029928+00:00,4716a1279a5146ec977582a181f4a56d
2009-01-26,0.0,0.00,ft^3/s,Approved,[],2025-03-11T20:14:41.029928+00:00,4716a1279a5146ec977582a181f4a56d
2009-01-27,0.0,0.00,ft^3/s,Approved,[],2025-03-11T20:14:41.029928+00:00,4716a1279a5146ec977582a181f4a56d
2009-01-28,0.0,0.00,ft^3/s,Approved,[],2025-03-11T20:14:41.029928+00:00,4716a1279a5146ec977582a181f4a56d
2009-01-29,0.0,0.00,ft^3/s,Approved,[],2025-03-11T20:14:41.029928+00:00,4716a1279a5146ec977582a181f4a56d
2009-01-30,0.0,0.00,ft^3/s,Approved,[],2025-03-11T20:14:41.029928+00:00,4716a1279a5146ec977582a181f4a56d
2009-01-31,0.0,0.00,ft^3/s,Approved,[],2025-03-11T20:14:41.029928+00:00,4716a1279a5146ec977582a181f4a56d
2009-02-01,0.0,0.00,ft^3/s,Approved,[],2025-03-11T20:14:41.029928+00:00,4716a1279a5146ec977582a181f4a56d
2009-02-02,0.0,0.00,ft^3/s,Approved,[],2025-03-11T20:14:41.029928+00:00,4716a1279a5146ec977582a181f4a56d
2009-02-03,0.0,0.00,ft^3/s,Approved,[],2025-03-11T20:14:41.029928+00:00,4716a1279a5146ec977582a181f4a56d
2009-02-04,0.0,0.00,ft^3/s,Approved,[],2025-03-11T20:14:41.029928+00:00,4716a1279a5146ec977582a181f4a56d
2009-02-05,0.0,0.00,ft^3/s,Approved,[],2025-03-11T20:14:41.029928+00:00,4716a1279a5146ec977582a181f4a56d
2009-02-06,0.0,0.00,ft^3/s,Approved,[],2025-03-11T20:14:41.029928+00:00,4716a1279a5146ec977582a181f4a56d
2009-02-07,0.0,0.00,ft^3/s,Approved,[],2025-03-11T20:14:41.029928+00:00,4716a1279a5146ec977582a181f4a56d
2009-02-08,0.0,0.00,ft^3/s,Approved,[],2025-03-11T20:14:41.029928+00:00,4716a1279a5146ec977582a181f4a56d
2009-02-09,0.0,0.00,ft^3/s,Approved,[],2025-03-11T20:14:41.029928+00:00,4716a1279a5146ec977582a181f4a56d
2009-02-10,0.0,0.00,ft^3/s,Approved,[],2025-03-11T20:14:41.029928+00:00,4716a1279a5146ec977582a181f4a56d
2009-02-11,0.0,0.00,ft^3/s,Approved,[],2025-03-11T20:14:41.029928+00:00,4716a1279a5146ec977582a181f4a56d
2009-02-12,0.0,0.00,ft^3/s,Approved,[],2025-03-11T20:14:41.029928+00:00,4716a1279a5146ec977582a181f4a56d
2009-02-13,0.0,0.00,ft^3/s,Approved,[],2025-03-11T20:14:41.029928+00:00,4716a1279a5146ec977582a181f4a56d
2009-02-14,0.0,0.00,ft^3/s,Approved,[],2025-03-11T20:14:41.029928+00:00,4716a1279a5146ec977582a181f4a56d
2009-02-15,0.0,0.00,ft^3/s,Approved,[],2025-03-11T20:14:41.029928+00:00,4716a1279a5146ec977582a181f4a56d
2009-02-16,0.0,0.00,ft^3/s,Approved,[],2025-03-11T20:14:41.029928+00:00,4716a1279a5146ec977582a181f4a56d
2009-02-17,0.0,0.00,ft^3/s,Approved,[],2025-03-11T20:14:41.029928+00:00,4716a1279a5146ec977582a181f4a56d
2009-02-18,0.0,0.00,ft^3/s,Approved,[],2025-03-11T20:14:41.029928+00:00,4716a1279a5146ec977582a181f4a56d
2009-02-19,0.0,0.00,ft^3/s,Approved,[],2025-03-11T20:14:41.029928+00:00,4716a1279a5146ec977582a181f4a56d
2009-02-20,0.0,0.00,ft^3/s,Approved,[],2025-03-11T20:14:41.029928+00:00,4716a1279a5146ec977582a181f4a56d
2009-02-21,0.0,0.00,ft^3/s,Approved,[],2025-03-11T20:14:41.029928+00:00,4716a1279a5146ec977582a181f4a56d
2009-02-22,0.0,0.00,ft^3/s,Approved,[],2025-03-11T20:14:41.029928+00:00,4716a1279a5146ec977582a181f4a56d
2009-02-23,0.0,0.00,ft^3/s,Approved,[],2025-03-11T20:14:41.029928+00:00,4716a1279a5146ec977582a181f4a56d
2009-02-24,0.0,0.00,ft^3/s,Approved,[],2025-03-11T20:14:41.029928+00:00,4716a1279a5146ec977582a181f4a56d
2009-02-25,0.0,0.00,ft^3/s,Approved,[],2025-03-11T20:14:41.029928+00:00,4716a1279a5146ec977582a181f4a56d
2009-02-26,0.0,0.00,ft^3/s,Approved,[],2025-03-11T20:14:41.029928+00:00,4716a1279a5146ec977582a181f4a56d
2009-02-27,0.0,0.00,ft^3/s,Approved,[],2025-03-11T20:14:41.029928+00:00,4716a1279a5146ec977582a181f4a56d
2009-02-28,0.0,0.00,ft^3/s,Approved,[],2025-03-11T20:14:41.029928+00:00,4716a1279a5146ec977582a181f4a56d
2009-03-01,0.0,0.00,ft^3/s,Approved,[],2025-03-11T20:14:41.029928+00:00,4716a1279a5146ec977582a181f4a56d
2009-03-02,0.0,0.00,ft^3/s,Approved,[],2025-03-11T20:14:41.029928+00:00,4716a1279a5146ec977582a181f4a56d
2009-03-03,0.0,0.00,ft^3/s,Approved,[],2025-03-11T20:14:41.029928+00:00,4716a1279a5146ec977582a181f4a56d
2009-03-04,0.0,0.00,ft^3/s,Approved,[],2025-03-11T20:14:41.029928+00:00,4716a1279a5146ec977582a181f4a56d
2009-03-05,0.0,0.00,ft^3/s,Approved,[],2025-03-11T20:14:41.029928+00:00,4716a1279a5146ec977582a181f4a56d
2009-03-06,0.0,0.00,ft^3/s,Approved,[],2025-03-11T20:14:41.029928+00:00,4716a1279a5146ec977582a181f4a56d
2009-03-07,0.0,0.00,ft^3/s,Approved,[],2025-03-11T20:14:41.029928+00:00,4716a1279a5146ec977582a181f4a56d
2009-03-08,0.0,0.00,ft^3/s,Approved,[],2025-03-11T20:14:41.029928+00:00,4716a1279a5146ec977582a181f4a56d
2009-03-09,0.0,0.00,ft^3/s,Approved,[],2025-03-11T20:14:41.029928+00:00,4716a1279a5146ec977582a181f4a56d
2009-03-10,0.0,0.00,ft^3/s,Approved,[],2025-03-11T20:14:41.029928+00:00,4716a1279a5146ec977582a181f4a56d
2009-03-11,0.0,0.00,ft^3/s,Approved,[],2025-03-11T20:14:41.029928+00:00,4716a1279a5146ec977582a181f4a56d
2009-03-12,0.0,0.00,ft^3/s,Approved,[],2025-03-11T20:14:41.029928+00:00,4716a1279a5146ec977582a181f4a56d
2009-03-13,0.0,0.00,ft^3/s,Approved,[],2025-03-11T20:14:41.029928+00:00,4716a1279a5146ec977582a181f4a56d
2009-03-14,0.0,0.00,ft^3/s,Approved,[],2025-03-11T20:14:41.029928+00:00,4716a1279a5146ec977582a181f4a56d
2009-03-15,0.0,0.00,ft^3/s,Approved,[],2025-03-11T20:14:41.029928+00:00,4716a1279a5146ec977582a181f4a56d
2009-03-16,0.0,0.00,ft^3/s,Approved,[],2025-03-11T20:14:41.029928+00:00,4716a1279a5146ec977582a181f4a56d
2009-03-17,0.0,0.00,ft^3/s,Approved,[],2025-03-11T20:14:41.029928+00:00,4716a1279a5146ec977582a181f4a56d
2009-03-18,0.0,0.00,ft^3/s,Approved,[],2025-03-11T20:14:41.029928+00:00,4716a1279a5146ec977582a181f4a56d
2009-03-19,0.0,0.00,ft^3/s,Approved,[],2025-03-11T20:14:41.029928+00:00,4716a1279a5146ec977582a181f4a56d
2009-03-20,0.0,0.00,ft^3/s,Approved,[],2025-03-11T20:14:41.029928+00:00,4716a1279a5146ec977582a181f4a56d
2009-03-21,0.0,0.00,ft^3/s,Approved,[],2025-03-11T20:14:41.029928+00:00,4716a1279a5146ec977582a181f4a56d
2009-03-22,0.0,0.00,ft^3/s,Approved,[],2025-03-11T20:14:41.029928+00:00,4716a1279a5146ec977582a181f4a56d
2009-03-23,0.0,0.00,ft^3/s,Approved,[],2025-03-11T20:14:41.029928+00:00,4716a1279a5146ec977582a181f4a56d
2009-03-24,0.0,0.00,ft^3/s,Approved,[],2025-03-11T20:14:41.029928+00:00,4716a1279a5146ec977582a181f4a56d
2009-03-25,0.0,0.00,ft^3/s,Approved,[],2025-03-11T20:14:41.029928+00:00,4716a1279a5146ec977582a181f4a56d
2009-03-26,0.0,0.00,ft^3/s,Approved,[],2025-03-11T20:14:41.029928+00:00,4716a1279a5146ec977582a181f4a56d
2009-03-27,0.0,0.00,ft^3/s,Approved,[],2025-03-11T20:14:41.029928+00:00,4716a1279a5146ec977582a181f4a56d
2009-03-28,0.0,0.00,ft^3/s,Approved,[],2025-03-11T20:14:41.029928+00:00,4716a1279a5146ec977582a181f4a56d
2009-03-29,0.0,0.00,ft^3/s,Approved,[],2025-03-11T20:14:41.029928+00:00,4716a1279a5146ec977582a181f4a56d
2009-03-30,0.0,0.00,ft^3/s,Approved,[],2025-03-11T20:14:41.029928+00:00,4716a1279a5146ec977582a181f4a56d
2009-03-31,0.0,0.00,ft^3/s,Approved,[],2025-03-11T20:14:41.029928+00:00,4716a1279a5146ec977582a181f4a56d
2009-04-01,0.0,0.00,ft^3/s,Approved,[],2025-03-11T20:14:41.029928+00:00,4716a1279a5146ec977582a181f4a56d
2009-04-02,0.0,0.00,ft^3/s,Approved,[],2025-03-11T20:14:41.029928+00:00,4716a1279a5146ec977582a181f4a56d
2009-04-03,0.0,0.00,ft^3/s,Approved,[],2025-03-11T20:14:41.029928+00:00,4716a1279a5146ec977582a181f4a56d
2009-04-04,0.0,0.00,ft^3/s,Approved,[],2025-03-11T20:14:41.029928+00:00,4716a1279a5146ec977582a181f4a56d
2009-04-05,0.0,0.00,ft^3/s,Approved,[],2025-03-11T20:14:41.029928+00:00,4716a1279a5146ec977582a181f4a56d
2009-04-06,0.0,0.00,ft^3/s,Approved,[],2025-03-11T20:14:41.029928+00:00,4716a1279a5146ec977582a181f4a56d
2009-04-07,0.0,0.00,ft^3/s,Approved,[],2025-03-11T20:14:41.029928+00:00,4716a1279a5146ec977582a181f4a56d
2009-04-08,0.0,0.00,ft^3/s,Approved,[],2025-03-11T20:14:41.029928+00:00,4716a1279a5146ec977582a181f4a56d
2009-04-09,0.0,0.00,ft^3/s,Approved,[],2025-03-11T20:14:41.029928+00:00,4716a1279a5146ec977582a181f4a56d
2009-04-10,0.0,0.00,ft^3/s,Approved,[],2025-03-11T20:14:41.029928+00:00,4716a1279a5146ec977582a181f4a56d
2009-04-11,0.0,0.00,ft^3/s,Approved,[],2025-03-11T20:14:41.029928+00:00,4716a1279a5146ec977582a181f4a56d
2009-04-12,0.0,0.00,ft^3/s,Approved,[],2025-03-11T20:14:41.029928+00:00,4716a1279a5146ec977582a181f4a56d
2009-04-13,0.0,0.00,ft^3/s,Approved,[],2025-03-11T20:14:41.029928+00:00,4716a1279a5146ec977582a181f4a56d
2009-04-14,0.0,0.00,ft^3/s,Approved,[],2025-03-11T20:14:41.029928+00:00,4716a1279a5146ec977582a181f4a56d
2009-04-15,0.0,0.00,ft^3/s,Approved,[],2025-03-11T20:14:41.029928+00:00,4716a1279a5146ec977582a181f4a56d
2009-04-16,0.0,0.00,ft^3/s,Approved,[],2025-03-11T20:14:41.029928+00:00,4716a1279a5146ec977582a181f4a56d
2009-04-17,0.0,0.00,ft^3/s,Approved,[],2025-03-11T20:14:41.029928+00:00,4716a1279a5146ec977582a181f4a56d
2009-04-18,0.21,0.21,ft^3/s,Approved,[],2025-03-11T20:14:41.029928+00:00,4716a1279a5146ec977582a181f4a56d
2009-04-19,0.59,0.59,ft^3/s,Approved,[],2025-03-11T20:14:41.029928+00:00,4716a1279a5146ec977582a181f4a56d
2009-04-20,0.0,0.00,ft^3/s,Approved,[],2025-03-11T20:14:41.029928+00:00,4716a1279a5146ec977582a181f4a56d
2009-04-21,0.0,0.00,ft^3/s,Approved,[],2025-03-11T20:14:41.029928+00:00,4716a1279a5146ec977582a181f4a56d
2009-04-22,0.0,0.00,ft^3/s,Approved,[],2025-03-11T20:14:41.029928+00:00,4716a1279a5146ec977582a181f4a56d
2009-04-23,0.0,0.00,ft^3/s,Approved,[],2025-03-11T20:14:41.029928+00:00,4716a1279a5146ec977582a181f4a56d
2009-04-24,0.0,0.00,ft^3/s,Approved,[],2025-03-11T20:14:41.029928+00:00,4716a1279a5146ec977582a181f4a56d
2009-04-25,0.0,0.00,ft^3/s,Approved,[],2025-03-11T20:14:41.029928+00:00,4716a1279a5146ec977582a181f4a56d
2009-04-26,0.0,0.00,ft^3/s,Approved,[],2025-03-11T20:14:41.029928+00:00,4716a1279a5146ec977582a181f4a56d
2009-04-27,43.7,43.7,ft^3/s,Approved,[],2025-03-11T20:14:41.029928+00:00,4716a1279a5146ec977582a181f4a56d
2009-04-28,2.18,2.18,ft^3/s,Approved,[],2025-03-11T20:14:41.029928+00:00,4716a1279a5146ec977582a181f4a56d
2009-04-29,0.01,0.01,ft^3/s,Approved,[],2025-03-11T20:14:41.029928+00:00,4716a1279a5146ec977582a181f4a56d
2009-04-30,0.0,0.00,ft^3/s,Approved,[],2025-03-11T20:14:41.029928+00:00,4716a1279a5146ec977582a181f4a56d
2009-05-01,0.0,0.00,ft^3/s,Approved,[],2025-03-11T20:14:41.029928+00:00,4716a1279a5146ec977582a181f4a56d
2009-05-02,0.0,0.00,ft^3/s,Approved,[],2025-03-11T20:14:41.029928+00:00,4716a1279a5146ec977582a181f4a56d
2009-05-03,0.0,0.00,ft^3/s,Approved,[],2025-03-11T20:14:41.029928+00:00,4716a1279a5146ec977582a181f4a56d
2009-05-04,0.0,0.00,ft^3/s,Approved,[],2025-03-11T20:14:41.029928+00:00,4716a1279a5146ec977582a181f4a56d
2009-05-05,0.0,0.00,ft^3/s,Approved,[],2025-03-11T20:14:41.029928+00:00,4716a1279a5146ec977582a181f4a56d
2009-05-06,0.0,0.00,ft^3/s,Approved,[],2025-03-11T20:14:41.029928+00:00,4716a1279a5146ec977582a181f4a56d
2009-05-07,0.0,0.00,ft^3/s,Approved,[],2025-03-11T20:14:41.029928+00:00,4716a1279a5146ec977582a181f4a56d
2009-05-08,0.0,0.00,ft^3/s,Approved,[],2025-03-11T20:14:41.029928+00:00,4716a1279a5146ec977582a181f4a56d
2009-05-09,0.0,0.00,ft^3/s,Approved,[],2025-03-11T20:14:41.029928+00:00,4716a1279a5146ec977582a181f4a56d
2009-05-10,0.0,0.00,ft^3/s,Approved,[],2025-03-11T20:14:41.029928+00:00,4716a1279a5146ec977582a181f4a56d
2009-05-11,0.0,0.00,ft^3/s,Approved,[],2025-03-11T20:14:41.029928+00:00,4716a1279a5146ec977582a181f4a56d
2009-05-12,0.0,0.00,ft^3/s,Approved,[],2025-03-11T20:14:41.029928+00:00,4716a1279a5146ec977582a181f4a56d
2009-05-13,0.0,0.00,ft^3/s,Approved,[],2025-03-11T20:14:41.029928+00:00,4716a1279a5146ec977582a181f4a56d
2009-05-14,0.0,0.00,ft^3/s,Approved,[],2025-03-11T20:14:41.029928+00:00,4716a1279a5146ec977582a181f4a56d
2009-05-15,0.0,0.00,ft^3/s,Approved,[],2025-03-11T20:14:41.029928+00:00,4716a1279a5146ec977582a181f4a56d
2009-05-16,0.0,0.00,ft^3/s,Approved,[],2025-03-11T20:14:41.029928+00:00,4716a1279a5146ec977582a181f4a56d
2009-05-17,0.0,0.00,ft^3/s,Approved,[],2025-03-11T20:14:41.029928+00:00,4716a1279a5146ec977582a181f4a56d
2009-05-18,0.0,0.00,ft^3/s,Approved,[],2025-03-11T20:14:41.029928+00:00,4716a1279a5146ec977582a181f4a56d
2009-05-19,0.0,0.00,ft^3/s,Approved,[],2025-03-11T20:14:41.029928+00:00,4716a1279a5146ec977582a181f4a56d
2009-05-20,0.0,0.00,ft^3/s,Approved,[],2025-03-11T20:14:41.029928+00:00,4716a1279a5146ec977582a181f4a56d
2009-05-21,0.0,0.00,ft^3/s,Approved,[],2025-03-11T20:14:41.029928+00:00,4716a1279a5146ec977582a181f4a56d
2009-05-22,0.0,0.00,ft^3/s,Approved,[],2025-03-11T20:14:41.029928+00:00,4716a1279a5146ec977582a181f4a56d
2009-05-23,0.0,0.00,ft^3/s,Approved,[],2025-03-11T20:14:41.029928+00:00,4716a1279a5146ec977582a181f4a56d
2009-05-24,0.0,0.00,ft^3/s,Approved,[],2025-03-11T20:14:41.029928+00:00,4716a1279a5146ec977582a181f4a56d
2009-05-25,0.0,0.00,ft^3/s,Approved,[],2025-03-11T20:14:41.029928+00:00,4716a1279a5146ec977582a181f4a56d
2009-05-26,0.0,0.00,ft^3/s,Approved,[],2025-03-11T20:14:41.029928+00:00,4716a1279a5146ec977582a181f4a56d
2009-05-27,0.0,0.00,ft^3/s,Approved,[],2025-03-11T20:14:41.029928+00:00,4716a1279a5146ec977582a181f4a56d
2009-05-28,0.0,0.00,ft^3/s,Approved,[],2025-03-11T20:14:41.029928+00:00,4716a1279a5146ec977582a181f4a56d
2009-05-29,0.0,0.00,ft^3/s,Approved,[],2025-03-11T20:14:41.029928+00:00,4716a1279a5146ec977582a181f4a56d
2009-05-30,0.0,0.00,ft^3/s,Approved,[],2025-03-11T20:14:41.029928+00:00,4716a1279a5146ec977582a181f4a56d
2009-05-31,0.0,0.00,ft^3/s,Approved,[],2025-03-11T20:14:41.029928+00:00,4716a1279a5146ec977582a181f4a56d
2009-06-01,0.0,0.00,ft^3/s,Approved,[],2025-03-11T20:14:41.029928+00:00,4716a1279a5146ec977582a181f4a56d
2009-06-02,0.0,0.00,ft^3/s,Approved,[],2025-03-11T20:14:41.029928+00:00,4716a1279a5146ec977582a181f4a56d
2009-06-03,0.0,0.00,ft^3/s,Approved,[],2025-03-11T20:14:41.029928+00:00,4716a1279a5146ec977582a181f4a56d
2009-06-04,0.0,0.00,ft^3/s,Approved,[],2025-03-11T20:14:41.029928+00:00,4716a1279a5146ec977582a181f4a56d
2009-06-05,0.0,0.00,ft^3/s,Approved,[],2025-03-11T20:14:41.029928+00:00,4716a1279a5146ec977582a181f4a56d
2009-06-06,0.0,0.00,ft^3/s,Approved,[],2025-03-11T20:14:41.029928+00:00,4716a1279a5146ec977582a181f4a56d
2009-06-07,0.0,0.00,ft^3/s,Approved,[],2025-03-11T20:14:41.029928+00:00,4716a1279a5146ec977582a181f4a56d
2009-06-08,0.0,0.00,ft^3/s,Approved,[],2025-03-11T20:14:41.029928+00:00,4716a1279a5146ec977582a181f4a56d
2009-06-09,0.0,0.00,ft^3/s,Approved,[],2025-03-11T20:14:41.029928+00:00,4716a1279a5146ec977582a181f4a56d
2009-06-10,0.0,0.00,ft^3/s,Approved,[],2025-03-11T20:14:41.029928+00:00,4716a1279a5146ec977582a181f4a56d
2009-06-11,0.0,0.00,ft^3/s,Approved,[],2025-03-11T20:14:41.029928+00:00,4716a1279a5146ec977582a181f4a56d
2009-06-12,0.0,0.00,ft^3/s,Approved,[],2025-03-11T20:14:41.029928+00:00,4716a1279a5146ec977582a181f4a56d
2009-06-13,0.0,0.00,ft^3/s,Approved,[],2025-03-11T20:14:41.029928+00:00,4716a1279a5146ec977582a181f4a56d
2009-06-14,0.0,0.00,ft^3/s,Approved,[],2025-03-11T20:14:41.029928+00:00,4716a1279a5146ec977582a181f4a56d
2009-06-15,0.0,0.00,ft^3/s,Approved,[],2025-03-11T20:14:41.029928+00:00,4716a1279a5146ec977582a181f4a56d
2009-06-16,0.0,0.00,ft^3/s,Approved,[],2025-03-11T20:14:41.029928+00:00,4716a1279a5146ec977582a181f4a56d
2009-06-17,0.0,0.00,ft^3/s,Approved,[],2025-03-11T20:14:41.029928+00:00,4716a1279a5146ec977582a181f4a56d
2009-06-18,0.0,0.00,ft^3/s,Approved,[],2025-03-11T20:14:41.029928+00:00,4716a1279a5146ec977582a181f4a56d
2009-06-19,0.0,0.00,ft^3/s,Approved,[],2025-03-11T20:14:41.029928+00:00,4716a1279a5146ec977582a181f4a56d
2009-06-20,0.0,0.00,ft^3/s,Approved,[],2025-03-11T20:14:41.029928+00:00,4716a1279a5146ec977582a181f4a56d
2009-06-21,0.0,0.00,ft^3/s,Approved,[],2025-03-11T20:14:41.029928+00:00,4716a1279a5146ec977582a181f4a56d
2009-06-22,0.0,0.00,ft^3/s,Approved,[],2025-03-11T20:14:41.029928+00:00,4716a1279a5146ec977582a181f4a56d
2009-06-23,0.0,0.00,ft^3/s,Approved,[],2025-03-11T20:14:41.029928+00:00,4716a1279a5146ec977582a181f4a56d
2009-06-24,0.0,0.00,ft^3/s,Approved,[],2025-03-11T20:14:41.029928+00:00,4716a1279a5146ec977582a181f4a56d
2009-06-25,0.0,0.00,ft^3/s,Approved,[],2025-03-11T20:14:41.029928+00:00,4716a1279a5146ec977582a181f4a56d
2009-06-26,0.0,0.00,ft^3/s,Approved,[],2025-03-11T20:14:41.029928+00:00,4716a1279a5146ec977582a181f4a56d
2009-06-27,0.0,0.00,ft^3/s,Approved,[],2025-03-11T20:14:41.029928+00:00,4716a1279a5146ec977582a181f4a56d
2009-06-28,0.0,0.00,ft^3/s,Approved,[],2025-03-11T20:14:41.029928+00:00,4716a1279a5146ec977582a181f4a56d
2009-06-29,0.0,0.00,ft^3/s,Approved,[],2025-03-11T20:14:41.029928+00:00,4716a1279a5146ec977582a181f4a56d
2009-06-30,0.0,0.00,ft^3/s,Approved,[],2025-03-11T20:14:41.029928+00:00,4716a1279a5146ec977582a181f4a56d
2009-07-01,0.0,0.00,ft^3/s,Approved,[],2025-03-11T20:14:41.029928+00:00,4716a1279a5146ec977582a181f4a56d
2009-07-02,0.0,0.00,ft^3/s,Approved,[],2025-03-11T20:14:41.029928+00:00,4716a1279a5146ec977582a181f4a56d
2009-07-03,0.0,0.00,ft^3/s,Approved,[],2025-03-11T20:14:41.029928+00:00,4716a1279a5146ec977582a181f4a56d
2009-07-04,0.0,0.00,ft^3/s,Approved,[],2025-03-11T20:14:41.029928+00:00,4716a1279a5146ec977582a181f4a56d
2009-07-05,0.0,0.00,ft^3/s,Approved,[],2025-03-11T20:14:41.029928+00:00,4716a1279a5146ec977582a181f4a56d
2009-07-06,0.0,0.00,ft^3/s,Approved,[],2025-03-11T20:14:41.029928+00:00,4716a1279a5146ec977582a181f4a56d
2009-07-07,0.0,0.00,ft^3/s,Approved,[],2025-03-11T20:14:41.029928+00:00,4716a1279a5146ec977582a181f4a56d
2009-07-08,0.0,0.00,ft^3/s,Approved,[],2025-03-11T20:14:41.029928+00:00,4716a1279a5146ec977582a181f4a56d
2009-07-09,0.0,0.00,ft^3/s,Approved,[],2025-03-11T20:14:41.029928+00:00,4716a1279a5146ec977582a181f4a56d
2009-07-10,0.0,0.00,ft^3/s,Approved,[],2025-03-11T20:14:41.029928+00:00,4716a1279a5146ec977582a181f4a56d
2009-07-11,0.0,0.00,ft^3/s,Approved,[],2025-03-11T20:14:41.029928+00:00,4716a1279a5146ec977582a181f4a56d
2009-07-12,0.0,0.00,ft^3/s,Approved,[],2025-03-11T20:14:41.029928+00:00,4716a1279a5146ec977582a181f4a56d
2009-07-13,0.0,0.00,ft^3/s,Approved,[],2025-03-11T20:14:41.029928+00:00,4716a1279a5146ec977582a181f4a56d
2009-07-14,0.0,0.00,ft^3/s,Approved,[],2025-03-11T20:14:41.029928+00:00,4716a1279a5146ec977582a181f4a56d
2009-07-15,0.0,0.00,ft^3/s,Approved,[],2025-03-11T20:14:41.029928+00:00,4716a1279a5146ec977582a181f4a56d
2009-07-16,0.0,0.00,ft^3/s,Approved,[],2025-03-11T20:14:41.029928+00:00,4716a1279a5146ec977582a181f4a56d
2009-07-17,0.0,0.00,ft^3/s,Approved,[],2025-03-11T20:14:41.029928+00:00,4716a1279a5146ec977582a181f4a56d
2009-07-18,0.0,0.00,ft^3/s,Approved,[],2025-03-11T20:14:41.029928+00:00,4716a1279a5146ec977582a181f4a56d
2009-07-19,0.0,0.00,ft^3/s,Approved,[],2025-03-11T20:14:41.029928+00:00,4716a1279a5146ec977582a181f4a56d
2009-07-20,0.0,0.00,ft^3/s,Approved,[],2025-03-11T20:14:41.029928+00:00,4716a1279a5146ec977582a181f4a56d
2009-07-21,0.0,0.00,ft^3/s,Approved,[],2025-03-11T20:14:41.029928+00:00,4716a1279a5146ec977582a181f4a56d
2009-07-22,0.0,0.00,ft^3/s,Approved,[],2025-03-11T20:14:41.029928+00:00,4716a1279a5146ec977582a181f4a56d
2009-07-23,0.0,0.00,ft^3/s,Approved,[],2025-03-11T20:14:41.029928+00:00,4716a1279a5146ec977582a181f4a56d
2009-07-24,0.0,0.00,ft^3/s,Approved,[],2025-03-11T20:14:41.029928+00:00,4716a1279a5146ec977582a181f4a56d
2009-07-25,0.0,0.00,ft^3/s,Approved,[],2025-03-11T20:14:41.029928+00:00,4716a1279a5146ec977582a181f4a56d
2009-07-26,0.0,0.00,ft^3/s,Approved,[],2025-03-11T20:14:41.029928+00:00,4716a1279a5146ec977582a181f4a56d
2009-07-27,0.0,0.00,ft^3/s,Approved,[],2025-03-11T20:14:41.029928+00:00,4716a1279a5146ec977582a181f4a56d
2009-07-28,0.0,0.00,ft^3/s,Approved,[],2025-03-11T20:14:41.029928+00:00,4716a1279a5146ec977582a181f4a56d
2009-07-29,0.0,0.00,ft^3/s,Approved,[],2025-03-11T20:14:41.029928+00:00,4716a1279a5146ec977582a181f4a56d
2009-07-30,0.0,0.00,ft^3/s,Approved,[],2025-03-11T20:14:41.029928+00:00,4716a1279a5146ec977582a181f4a56d
2009-07-31,0.0,0.00,ft^3/s,Approved,[],2025-03-11T20:14:41.029928+00:00,4716a1279a5146ec977582a181f4a56d
2009-08-01,0.0,0.00,ft^3/s,Approved,[],2025-03-11T20:14:41.029928+00:00,4716a1279a5146ec977582a181f4a56d
2009-08-02,0.0,0.00,ft^3/s,Approved,[],2025-03-11T20:14:41.029928+00:00,4716a1279a5146ec977582a181f4a56d
2009-08-03,0.0,0.00,ft^3/s,Approved,[],2025-03-11T20:14:41.029928+00:00,4716a1279a5146ec977582a181f4a56d
2009-08-04,0.0,0.00,ft^3/s,Approved,[],2025-03-11T20:14:41.029928+00:00,4716a1279a5146ec977582a181f4a56d
2009-08-05,0.0,0.00,ft^3/s,Approved,[],2025-03-11T20:14:41.029928+00:00,4716a1279a5146ec977582a181f4a56d
2009-08-06,0.0,0.00,ft^3/s,Approved,[],2025-03-11T20:14:41.029928+00:00,4716a1279a5146ec977582a181f4a56d
2009-08-07,0.0,0.00,ft^3/s,Approved,[],2025-03-11T20:14:41.029928+00:00,4716a1279a5146ec977582a181f4a56d
2009-08-08,0.0,0.00,ft^3/s,Approved,[],2025-03-11T20:14:41.029928+00:00,4716a1279a5146ec977582a181f4a56d
2009-08-09,0.0,0.00,ft^3/s,Approved,[],2025-03-11T20:14:41.029928+00:00,4716a1279a5146ec977582a181f4a56d
2009-08-10,0.0,0.00,ft^3/s,Approved,[],2025-03-11T20:14:41.029928+00:00,4716a1279a5146ec977582a181f4a56d
2009-08-11,0.0,0.00,ft^3/s,Approved,[],2025-03-11T20:14:41.029928+00:00,4716a1279a5146ec977582a181f4a56d
2009-08-12,0.0,0.00,ft^3/s,Approved,[],2025-03-11T20:14:41.029928+00:00,4716a1279a5146ec977582a181f4a56d
2009-08-13,0.0,0.00,ft^3/s,Approved,[],2025-03-11T20:14:41.029928+00:00,4716a1279a5146ec977582a181f4a56d
2009-08-14,0.0,0.00,ft^3/s,Approved,[],2025-03-11T20:14:41.029928+00:00,4716a1279a5146ec977582a181f4a56d
2009-08-15,0.0,0.00,ft^3/s,Approved,[],2025-03-11T20:14:41.029928+00:00,4716a1279a5146ec977582a181f4a56d
2009-08-16,0.0,0.00,ft^3/s,Approved,[],2025-03-11T20:14:41.029928+00:00,4716a1279a5146ec977582a181f4a56d
2009-08-17,0.0,0.00,ft^3/s,Approved,[],2025-03-11T20:14:41.029928+00:00,4716a1279a5146ec977582a181f4a56d
2009-08-18,0.0,0.00,ft^3/s,Approved,[],2025-03-11T20:14:41.029928+00:00,4716a1279a5146ec977582a181f4a56d
2009-08-19,0.0,0.00,ft^3/s,Approved,[],2025-03-11T20:14:41.029928+00:00,4716a1279a5146ec977582a181f4a56d
2009-08-20,0.0,0.00,ft^3/s,Approved,[],2025-03-11T20:14:41.029928+00:00,4716a1279a5146ec977582a181f4a56d
2009-08-21,0.0,0.00,ft^3/s,Approved,[],2025-03-11T20:14:41.029928+00:00,4716a1279a5146ec977582a181f4a56d
2009-08-22,0.0,0.00,ft^3/s,Approved,[],2025-03-11T20:14:41.029928+00:00,4716a1279a5146ec977582a181f4a56d
2009-08-23,0.0,0.00,ft^3/s,Approved,[],2025-03-11T20:14:41.029928+00:00,4716a1279a5146ec977582a181f4a56d
2009-08-24,0.0,0.00,ft^3/s,Approved,[],2025-03-11T20:14:41.029928+00:00,4716a1279a5146ec977582a181f4a56d
2009-08-25,0.0,0.00,ft^3/s,Approved,[],2025-03-11T20:14:41.029928+00:00,4716a1279a5146ec977582a181f4a56d
2009-08-26,0.0,0.00,ft^3/s,Approved,[],2025-03-11T20:14:41.029928+00:00,4716a1279a5146ec977582a181f4a56d
2009-08-27,0.0,0.00,ft^3/s,Approved,[],2025-03-11T20:14:41.029928+00:00,4716a1279a5146ec977582a181f4a56d
2009-08-28,0.0,0.00,ft^3/s,Approved,[],2025-03-11T20:14:41.029928+00:00,4716a1279a5146ec977582a181f4a56d
2009-08-29,0.0,0.00,ft^3/s,Approved,[],2025-03-11T20:14:41.029928+00:00,4716a1279a5146ec977582a181f4a56d
2009-08-30,0.0,0.00,ft^3/s,Approved,[],2025-03-11T20:14:41.029928+00:00,4716a1279a5146ec977582a181f4a56d
2009-08-31,0.0,0.00,ft^3/s,Approved,[],2025-03-11T20:14:41.029928+00:00,4716a1279a5146ec977582a181f4a56d
2009-09-01,0.0,0.00,ft^3/s,Approved,[],2025-03-11T20:14:41.029928+00:00,4716a1279a5146ec977582a181f4a56d
2009-09-02,0.0,0.00,ft^3/s,Approved,[],2025-03-11T20:14:41.029928+00:00,4716a1279a5146ec977582a181f4a56d
2009-09-03,0.0,0.00,ft^3/s,Approved,[],2025-03-11T20:14:41.029928+00:00,4716a1279a5146ec977582a181f4a56d
2009-09-04,0.0,0.00,ft^3/s,Approved,[],2025-03-11T20:14:41.029928+00:00,4716a1279a5146ec977582a181f4a56d
2009-09-05,0.0,0.00,ft^3/s,Approved,[],2025-03-11T20:14:41.029928+00:00,4716a1279a5146ec977582a181f4a56d
2009-09-06,0.0,0.00,ft^3/s,Approved,[],2025-03-11T20:14:41.029928+00:00,4716a1279a5146ec977582a181f4a56d
2009-09-07,0.0,0.00,ft^3/s,Approved,[],2025-03-11T20:14:41.029928+00:00,4716a1279a5146ec977582a181f4a56d
2009-09-08,0.0,0.00,ft^3/s,Approved,[],2025-03-11T20:14:41.029928+00:00,4716a1279a5146ec977582a181f4a56d
2009-09-09,0.0,0.00,ft^3/s,Approved,[],2025-03-11T20:14:41.029928+00:00,4716a1279a5146ec977582a181f4a56d
2009-09-10,0.0,0.00,ft^3/s,Approved,[],2025-03-11T20:14:41.029928+00:00,4716a1279a5146ec977582a181f4a56d
2009-09-11,275.0,275,ft^3/s,Approved,[],2025-03-11T20:14:41.029928+00:00,4716a1279a5146ec977582a181f4a56d
2009-09-12,945.0,945,ft^3/s,Approved,[],2025-03-11T20:14:41.029928+00:00,4716a1279a5146ec977582a181f4a56d
2009-09-13,401.0,401,ft^3/s,Approved,[],2025-03-11T20:14:41.029928+00:00,4716a1279a5146ec977582a181f4a56d
2009-09-14,10.9,10.9,ft^3/s,Approved,[],2025-03-11T20:14:41.029928+00:00,4716a1279a5146ec977582a181f4a56d
2009-09-15,3.99,3.99,ft^3/s,Approved,[],2025-03-11T20:14:41.029928+00:00,4716a1279a5146ec977582a181f4a56d
2009-09-16,3.1,3.10,ft^3/s,Approved,[],2025-03-11T20:14:41.029928+00:00,4716a1279a5146ec977582a181f4a56d
2009-09-17,1.56,1.56,ft^3/s,Approved,[],2025-03-11T20:14:41.029928+00:00,4716a1279a5146ec977582a181f4a56d
2009-09-18,0.4,0.40,ft^3/s,Approved,[],2025-03-11T20:14:41.029928+00:00,4716a1279a5146ec977582a181f4a56d
2009-09-19,0.07,0.07,ft^3/s,Approved,[],2025-03-11T20:14:41.029928+00:00,4716a1279a5146ec977582a181f4a56d
2009-09-20,0.0,0.00,ft^3/s,Approved,[],2025-03-11T20:14:41.029928+00:00,4716a1279a5146ec977582a181f4a56d
2009-09-21,0.0,0.00,ft^3/s,Approved,[],2025-03-11T20:14:41.029928+00:00,4716a1279a5146ec977582a181f4a56d
2009-09-22,0.0,0.00,ft^3/s,Approved,[],2025-03-11T20:14:41.029928+00:00,4716a1279a5146ec977582a181f4a56d
2009-09-23,0.0,0.00,ft^3/s,Approved,[],2025-03-11T20:14:41.029928+00:00,4716a1279a5146ec977582a181f4a56d
2009-09-24,0.0,0.00,ft^3/s,Approved,[],2025-03-11T20:14:41.029928+00:00,4716a1279a5146ec977582a181f4a56d
2009-09-25,0.0,0.00,ft^3/s,Approved,[],2025-03-11T20:14:41.029928+00:00,4716a1279a5146ec977582a181f4a56d
2009-09-26,0.0,0.00,ft^3/s,Approved,[],2025-03-11T20:14:41.029928+00:00,4716a1279a5146ec977582a181f4a56d
2009-09-27,0.0,0.00,ft^3/s,Approved,[],2025-03-11T20:14:41.029928+00:00,4716a1279a5146ec977582a181f4a56d
2009-09-28,0.0,0.00,ft^3/s,Approved,[],2025-03-11T20:14:41.029928+00:00,4716a1279a5146ec977582a181f4a56d
2009-09-29,0.0,0.00,ft^3/s,Approved,[],2025-03-11T20:14:41.029928+00:00,4716a1279a5146ec977582a181f4a56d
2009-09-30,0.0,0.00,ft^3/s,Approved,[],2025-03-11T20:14:41.029928+00:00,4716a1279a5146ec977582a181f4a56d
2009-10-01,0.0,0.00,ft^3/s,Approved,[],2025-03-11T20:14:41.029928+00:00,4716a1279a5146ec977582a181f4a56d
2009-10-02,0.0,0.00,ft^3/s,Approved,[],2025-03-11T20:14:41.029928+00:00,4716a1279a5146ec977582a181f4a56d
2009-10-03,0.0,0.00,ft^3/s,Approved,[],2025-03-11T20:14:41.029928+00:00,4716a1279a5146ec977582a181f4a56d
2009-10-04,27.9,27.9,ft^3/s,Approved,[],2025-03-11T20:14:41.029928+00:00,4716a1279a5146ec977582a181f4a56d
2009-10-05,16.8,16.8,ft^3/s,Approved,[],2025-03-11T20:14:41.029928+00:00,4716a1279a5146ec977582a181f4a56d
2009-10-06,2.13,2.13,ft^3/s,Approved,[],2025-03-11T20:14:41.029928+00:00,4716a1279a5146ec977582a181f4a56d
2009-10-07,1.48,1.48,ft^3/s,Approved,[],2025-03-11T20:14:41.029928+00:00,4716a1279a5146ec977582a181f4a56d
2009-10-08,1.71,1.71,ft^3/s,Approved,[],2025-03-11T20:14:41.029928+00:00,4716a1279a5146ec977582a181f4a56d
2009-10-09,335.0,335,ft^3/s,Approved,[],2025-03-11T20:14:41.029928+00:00,4716a1279a5146ec977582a181f4a56d
2009-10-10,113.0,113,ft^3/s,Approved,[],2025-03-11T20:14:41.029928+00:00,4716a1279a5146ec977582a181f4a56d
2009-10-11,39.8,39.8,ft^3/s,Approved,[],2025-03-11T20:14:41.029928+00:00,4716a1279a5146ec977582a181f4a56d
2009-10-12,63.2,63.2,ft^3/s,Approved,[],2025-03-11T20:14:41.029928+00:00,4716a1279a5146ec977582a181f4a56d
2009-10-13,442.0,442,ft^3/s,Approved,[],2025-03-11T20:14:41.029928+00:00,4716a1279a5146ec977582a181f4a56d
2009-10-14,123.0,123,ft^3/s,Approved,[],2025-03-11T20:14:41.029928+00:00,4716a1279a5146ec977582a181f4a56d
2009-10-15,48.2,48.2,ft^3/s,Approved,[],2025-03-11T20:14:41.029928+00:00,4716a1279a5146ec977582a181f4a56d
2009-10-16,30.7,30.7,ft^3/s,Approved,[],2025-03-11T20:14:41.029928+00:00,4716a1279a5146ec977582a181f4a56d
2009-10-17,24.0,24.0,ft^3/s,Approved,[],2025-03-11T20:14:41.029928+00:00,4716a1279a5146ec977582a181f4a56d
2009-10-18,22.2,22.2,ft^3/s,Approved,[],2025-03-11T20:14:41.029928+00:00,4716a1279a5146ec977582a181f4a56d
2009-10-19,21.4,21.4,ft^3/s,Approved,[],2025-03-11T20:14:41.029928+00:00,4716a1279a5146ec977582a181f4a56d
2009-10-20,20.5,20.5,ft^3/s,Approved,[],2025-03-11T20:14:41.029928+00:00,4716a1279a5146ec977582a181f4a56d
2009-10-21,22.2,22.2,ft^3/s,Approved,[],2025-03-11T20:14:41.029928+00:00,4716a1279a5146ec977582a181f4a56d
2009-10-22,2120.0,2120,ft^3/s,Approved,[],2025-03-11T20:14:41.029928+00:00,4716a1279a5146ec977582a181f4a56d
2009-10-23,189.0,189,ft^3/s,Approved,[],2025-03-11T20:14:41.029928+00:00,4716a1279a5146ec977582a181f4a56d
2009-10-24,97.9,97.9,ft^3/s,Approved,[],2025-03-11T20:14:41.029928+00:00,4716a1279a5146ec977582a181f4a56d
2009-10-25,77.7,77.7,ft^3/s,Approved,[],2025-03-11T20:14:41.029928+00:00,4716a1279a5146ec977582a181f4a56d
2009-10-26,2190.0,2190,ft^3/s,Approved,[],2025-03-11T20:14:41.029928+00:00,4716a1279a5146ec977582a181f4a56d
2009-10-27,372.0,372,ft^3/s,Approved,[],2025-03-11T20:14:41.029928+00:00,4716a1279a5146ec977582a181f4a56d
2009-10-28,133.0,133,ft^3/s,Approved,[],2025-03-11T20:14:41.029928+00:00,4716a1279a5146ec977582a181f4a56d
2009-10-29,110.0,110,ft^3/s,Approved,[],2025-03-11T20:14:41.029928+00:00,4716a1279a5146ec977582a181f4a56d
2009-10-30,83.5,83.5,ft^3/s,Approved,[],2025-03-11T20:14:41.029928+00:00,4716a1279a5146ec977582a181f4a56d
2009-10-31,66.9,66.9,ft^3/s,Approved,[],2025-03-11T20:14:41.029928+00:00,4716a1279a5146ec977582a181f4a56d
2009-11-01,60.6,60.6,ft^3/s,Approved,[],2025-03-11T20:14:41.029928+00:00,4716a1279a5146ec977582a181f4a56d
2009-11-02,56.4,56.4,ft^3/s,Approved,[],2025-03-11T20:14:41.029928+00:00,4716a1279a5146ec977582a181f4a56d
2009-11-03,52.6,52.6,ft^3/s,Approved,[],2025-03-11T20:14:41.029928+00:00,4716a1279a5146ec977582a181f4a56d
2009-11-04,49.7,49.7,ft^3/s,Approved,[],2025-03-11T20:14:41.029928+00:00,4716a1279a5146ec977582a181f4a56d
2009-11-05,47.1,47.1,ft^3/s,Approved,[],2025-03-11T20:14:41.029928+00:00,4716a1279a5146ec977582a181f4a56d
2009-11-06,45.2,45.2,ft^3/s,Approved,[],2025-03-11T20:14:41.029928+00:00,4716a1279a5146ec977582a181f4a56d
2009-11-07,43.2,43.2,ft^3/s,Approved,[],2025-03-11T20:14:41.029928+00:00,4716a1279a5146ec977582a181f4a56d
2009-11-08,42.8,42.8,ft^3/s,Approved,[],2025-03-11T20:14:41.029928+00:00,4716a1279a5146ec977582a181f4a56d
2009-11-09,74.6,74.6,ft^3/s,Approved,[],2025-03-11T20:14:41.029928+00:00,4716a1279a5146ec977582a181f4a56d
2009-11-10,54.4,54.4,ft^3/s,Approved,[],2025-03-11T20:14:41.029928+00:00,4716a1279a5146ec977582a181f4a56d
2009-11-11,42.4,42.4,ft^3/s,Approved,[],2025-03-11T20:14:41.029928+00:00,4716a1279a5146ec977582a181f4a56d
2009-11-12,38.8,38.8,ft^3/s,Approved,[],2025-03-11T20:14:41.029928+00:00,4716a1279a5146ec977582a181f4a56d
2009-11-13,37.3,37.3,ft^3/s,Approved,[],2025-03-11T20:14:41.029928+00:00,4716a1279a5146ec977582a181f4a56d
2009-11-14,36.1,36.1,ft^3/s,Approved,[],2025-03-11T20:14:41.029928+00:00,4716a1279a5146ec977582a181f4a56d
2009-11-15,34.5,34.5,ft^3/s,Approved,[],2025-03-11T20:14:41.029928+00:00,4716a1279a5146ec977582a181f4a56d
2009-11-16,32.5,32.5,ft^3/s,Approved,[],2025-03-11T20:14:41.029928+00:00,4716a1279a5146ec977582a181f4a56d
2009-11-17,30.3,30.3,ft^3/s,Approved,[],2025-03-11T20:14:41.029928+00:00,4716a1279a5146ec977582a181f4a56d
2009-11-18,29.7,29.7,ft^3/s,Approved,[],2025-03-11T20:14:41.029928+00:00,4716a1279a5146ec977582a181f4a56d
2009-11-19,28.9,28.9,ft^3/s,Approved,[],2025-03-11T20:14:41.029928+00:00,4716a1279a5146ec977582a181f4a56d
2009-11-20,151.0,151,ft^3/s,Approved,[],2025-03-11T20:14:41.029928+00:00,4716a1279a5146ec977582a181f4a56d
2009-11-21,228.0,228,ft^3/s,Approved,[],2025-03-11T20:14:41.029928+00:00,4716a1279a5146ec977582a181f4a56d
2009-11-22,92.0,92.0,ft^3/s,Approved,[],2025-03-11T20:14:41.029928+00:00,4716a1279a5146ec977582a181f4a56d
2009-11-23,60.6,60.6,ft^3/s,Approved,[],2025-03-11T20:14:41.029928+00:00,4716a1279a5146ec977582a181f4a56d
2009-11-24,51.5,51.5,ft^3/s,Approved,[],2025-03-11T20:14:41.029928+00:00,4716a1279a5146ec977582a181f4a56d
2009-11-25,42.2,42.2,ft^3/s,Approved,[],2025-03-11T20:14:41.029928+00:00,4716a1279a5146ec977582a181f4a56d
2009-11-26,38.1,38.1,ft^3/s,Approved,[],2025-03-11T20:14:41.029928+00:00,4716a1279a5146ec977582a181f4a56d
2009-11-27,36.1,36.1,ft^3/s,Approved,[],2025-03-11T20:14:41.029928+00:00,4716a1279a5146ec977582a181f4a56d
2009-11-28,35.7,35.7,ft^3/s,Approved,[],2025-03-11T20:14:41.029928+00:00,4716a1279a5146ec977582a181f4a56d
2009-11-29,36.6,36.6,ft^3/s,Approved,[],2025-03-11T20:14:41.029928+00:00,4716a1279a5146ec977582a181f4a56d
2009-11-30,34.2,34.2,ft^3/s,Approved,[],2025-03-11T20:14:41.029928+00:00,4716a1279a5146ec977582a181f4a56d
2009-12-01,60.6,60.6,ft^3/s,Approved,[],2025-03-11T20:14:41.029928+00:00,4716a1279a5146ec977582a181f4a56d
2009-12-02,274.0,274,ft^3/s,Approved,[],2025-03-11T20:14:41.029928+00:00,4716a1279a5146ec977582a181f4a56d
2009-12-03,68.3,68.3,ft^3/s,Approved,[],2025-03-11T20:14:41.029928+00:00,4716a1279a5146ec977582a181f4a56d
2009-12-04,48.0,48.0,ft^3/s,Approved,[],2025-03-11T20:14:41.029928+00:00,4716a1279a5146ec977582a181f4a56d
2009-12-05,41.8,41.8,ft^3/s,Approved,[],2025-03-11T20:14:41.029928+00:00,4716a1279a5146ec977582a181f4a56d
2009-12-06,42.6,42.6,ft^3/s,Approved,[],2025-03-11T20:14:41.029928+00:00,4716a1279a5146ec977582a181f4a56d
2009-12-07,44.9,44.9,ft^3/s,Approved,[],2025-03-11T20:14:41.029928+00:00,4716a1279a5146ec977582a181f4a56d
2009-12-08,44.0,44.0,ft^3/s,Approved,[],2025-03-11T20:14:41.029928+00:00,4716a1279a5146ec977582a181f4a56d
2009-12-09,42.9,42.9,ft^3/s,Approved,[],2025-03-11T20:14:41.029928+00:00,4716a1279a5146ec977582a181f4a56d
2009-12-10,34.2,34.2,ft^3/s,Approved,[],2025-03-11T20:14:41.029928+00:00,4716a1279a5146ec977582a181f4a56d
2009-12-11,30.9,30.9,ft^3/s,Approved,[],2025-03-11T20:14:41.029928+00:00,4716a1279a5146ec977582a181f4a56d
2009-12-12,30.7,30.7,ft^3/s,Approved,[],2025-03-11T20:14:41.029928+00:00,4716a1279a5146ec977582a181f4a56d
2009-12-13,31.9,31.9,ft^3/s,Approved,[],2025-03-11T20:14:41.029928+00:00,4716a1279a5146ec977582a181f4a56d
2009-12-14,30.6,30.6,ft^3/s,Approved,[],2025-03-11T20:14:41.029928+00:00,4716a1279a5146ec977582a181f4a56d
2009-12-15,28.0,28.0,ft^3/s,Approved,[],2025-03-11T20:14:41.029928+00:00,4716a1279a5146ec977582a181f4a56d
2009-12-16,24.7,24.7,ft^3/s,Approved,[],2025-03-11T20:14:41.029928+00:00,4716a1279a5146ec977582a181f4a56d
2009-12-17,24.2,24.2,ft^3/s,Approved,[],2025-03-11T20:14:41.029928+00:00,4716a1279a5146ec977582a181f4a56d
2009-12-18,29.1,29.1,ft^3/s,Approved,[],2025-03-11T20:14:41.029928+00:00,4716a1279a5146ec977582a181f4a56d
2009-12-19,26.8,26.8,ft^3/s,Approved,[],2025-03-11T20:14:41.029928+00:00,4716a1279a5146ec977582a181f4a56d
2009-12-20,23.7,23.7,ft^3/s,Approved,[],2025-03-11T20:14:41.029928+00:00,4716a1279a5146ec977582a181f4a56d
2009-12-21,22.0,22.0,ft^3/s,Approved,[],2025-03-11T20:14:41.029928+00:00,4716a1279a5146ec977582a181f4a56d
2009-12-22,22.2,22.2,ft^3/s,Approved,[],2025-03-11T20:14:41.029928+00:00,4716a1279a5146ec977582a181f4a56d
2009-12-23,22.5,22.5,ft^3/s,Approved,[],2025-03-11T20:14:41.029928+00:00,4716a1279a5146ec977582a181f4a56d
2009-12-24,23.4,23.4,ft^3/s,Approved,[],2025-03-11T20:14:41.029928+00:00,4716a1279a5146ec977582a181f4a56d
2009-12-25,23.7,23.7,ft^3/s,Approved,[],2025-03-11T20:14:41.029928+00:00,4716a1279a5146ec977582a181f4a56d
2009-12-26,21.5,21.5,ft^3/s,Approved,[],2025-03-11T20:14:41.029928+00:00,4716a1279a5146ec977582a181f4a56d
2009-12-27,20.0,20.0,ft^3/s,Approved,[],2025-03-11T20:14:41.029928+00:00,4716a1279a5146ec977582a181f4a56d
2009-12-28,18.5,18.5,ft^3/s,Approved,[],2025-03-11T20:14:41.029928+00:00,4716a1279a5146ec977582a181f4a56d
2009-12-29,18.6,18.6,ft^3/s,Approved,[],2025-03-11T20:14:41.029928+00:00,4716a1279a5146ec977582a181f4a56d
2009-12-30,26.5,26.5,ft^3/s,Approved,[],2025-03-11T20:14:41.029928+00:00,4716a1279a5146ec977582a181f4a56d
2009-12-31,29.8,29.8,ft^3/s,Approved,[],2025-03-11T20:14:41.029928+00:00,4716a1279a5146ec977582a181f4a56d
2010-01-01,22.6,22.6,ft^3/s,Approved,[],2025-03-11T20:14:41.029928+00:00,4716a1279a5146ec977582a181f4a56d
2010-01-02,19.5,19.5,ft^3/s,Approved,[],2025-03-11T20:14:41.029928+00:00,4716a1279a5146ec977582a181f4a56d
2010-01-03,18.5,18.5,ft^3/s,Approved,[],2025-03-11T20:14:41.029928+00:00,4716a1279a5146ec977582a181f4a56d
2010-01-04,17.8,17.8,ft^3/s,Approved,[],2025-03-11T20:14:41.029928+00:00,4716a1279a5146ec977582a181f4a56d
2010-01-05,17.1,17.1,ft^3/s,Approved,[],2025-03-11T20:14:41.029928+00:00,4716a1279a5146ec977582a181f4a56d
2010-01-06,16.6,16.6,ft^3/s,Approved,[],2025-03-11T20:14:41.029928+00:00,4716a1279a5146ec977582a181f4a56d
2010-01-07,16.4,16.4,ft^3/s,Approved,[],2025-03-11T20:14:41.029928+00:00,4716a1279a5146ec977582a181f4a56d
2010-01-08,15.5,15.5,ft^3/s,Approved,[],2025-03-11T20:14:41.029928+00:00,4716a1279a5146ec977582a181f4a56d
2010-01-09,14.3,14.3,ft^3/s,Approved,[],2025-03-11T20:14:41.029928+00:00,4716a1279a5146ec977582a181f4a56d
2010-01-10,14.0,14.0,ft^3/s,Approved,[],2025-03-11T20:14:41.029928+00:00,4716a1279a5146ec977582a181f4a56d
2010-01-11,14.2,14.2,ft^3/s,Approved,[],2025-03-11T20:14:41.029928+00:00,4716a1279a5146ec977582a181f4a56d
2010-01-12,15.0,15.0,ft^3/s,Approved,[],2025-08-29T15:46:18.318903+00:00,4716a1279a5146ec977582a181f4a56d
2010-01-13,15.0,15.0,ft^3/s,Approved,[],2025-08-29T15:46:18.318903+00:00,4716a1279a5146ec977582a181f4a56d
2010-01-14,15.0,15.0,ft^3/s,Approved,[],2025-03-11T20:14:41.029928+00:00,4716a1279a5146ec977582a181f4a56d
2010-01-15,59.8,59.8,ft^3/s,Approved,[],2025-03-11T20:14:41.029928+00:00,4716a1279a5146ec977582a181f4a56d
2010-01-16,548.0,548,ft^3/s,Approved,"[""ESTIMATED""]",2025-08-29T15:46:18.318903+00:00,4716a1279a5146ec977582a181f4a56d
2010-01-17,82.0,82.0,ft^3/s,Approved,"[""ESTIMATED""]",2025-08-29T15:46:18.318903+00:00,4716a1279a5146ec977582a181f4a56d
2010-01-18,54.1,54.1,ft^3/s,Approved,[],2025-08-29T15:46:18.318903+00:00,4716a1279a5146ec977582a181f4a56d
2010-01-19,47.5,47.5,ft^3/s,Approved,[],2025-03-11T20:14:41.029928+00:00,4716a1279a5146ec977582a181f4a56d
2010-01-20,44.4,44.4,ft^3/s,Approved,[],2025-03-11T20:14:41.029928+00:00,4716a1279a5146ec977582a181f4a56d
2010-01-21,41.0,41.0,ft^3/s,Approved,[],2025-03-11T20:14:41.029928+00:00,4716a1279a5146ec977582a181f4a56d
2010-01-22,35.0,35.0,ft^3/s,Approved,[],2025-03-11T20:14:41.029928+00:00,4716a1279a5146ec977582a181f4a56d
2010-01-23,34.0,34.0,ft^3/s,Approved,[],2025-03-11T20:14:41.029928+00:00,4716a1279a5146ec977582a181f4a56d
2010-01-24,32.1,32.1,ft^3/s,Approved,[],2025-03-11T20:14:41.029928+00:00,4716a1279a5146ec977582a181f4a56d
2010-01-25,28.8,28.8,ft^3/s,Approved,[],2025-03-11T20:14:41.029928+00:00,4716a1279a5146ec977582a181f4a56d
2010-01-26,27.6,27.6,ft^3/s,Approved,[],2025-03-11T20:14:41.029928+00:00,4716a1279a5146ec977582a181f4a56d
2010-01-27,27.4,27.4,ft^3/s,Approved,[],2025-03-11T20:14:41.029928+00:00,4716a1279a5146ec977582a181f4a56d
2010-01-28,29.1,29.1,ft^3/s,Approved,[],2025-03-11T20:14:41.029928+00:00,4716a1279a5146ec977582a181f4a56d
2010-01-29,1730.0,1730,ft^3/s,Approved,[],2025-03-11T20:14:41.029928+00:00,4716a1279a5146ec977582a181f4a56d
2010-01-30,195.0,195,ft^3/s,Approved,[],2025-03-11T20:14:41.029928+00:00,4716a1279a5146ec977582a181f4a56d
2010-01-31,108.0,108,ft^3/s,Approved,[],2025-03-11T20:14:41.029928+00:00,4716a1279a5146ec977582a181f4a56d
2010-02-01,95.4,95.4,ft^3/s,Approved,[],2025-03-11T20:14:41.029928+00:00,4716a1279a5146ec977582a181f4a56d
2010-02-02,88.6,88.6,ft^3/s,Approved,[],2025-03-11T20:14:41.029928+00:00,4716a1279a5146ec977582a181f4a56d
2010-02-03,129.0,129,ft^3/s,Approved,[],2025-03-11T20:14:41.029928+00:00,4716a1279a5146ec977582a181f4a56d
2010-02-04,791.0,791,ft^3/s,Approved,[],2025-03-11T20:14:41.029928+00:00,4716a1279a5146ec977582a181f4a56d
2010-02-05,499.0,499,ft^3/s,Approved,[],2025-03-11T20:14:41.029928+00:00,4716a1279a5146ec977582a181f4a56d
2010-02-06,160.0,160,ft^3/s,Approved,[],2025-03-11T20:14:41.029928+00:00,4716a1279a5146ec977582a181f4a56d
2010-02-07,120.0,120,ft^3/s,Approved,[],2025-03-11T20:14:41.029928+00:00,4716a1279a5146ec977582a181f4a56d
2010-02-08,170.0,170,ft^3/s,Approved,[],2025-03-11T20:14:41.029928+00:00,4716a1279a5146ec977582a181f4a56d
2010-02-09,188.0,188,ft^3/s,Approved,[],2025-03-11T20:14:41.029928+00:00,4716a1279a5146ec977582a181f4a56d
2010-02-10,103.0,103,ft^3/s,Approved,[],2025-03-11T20:14:41.029928+00:00,4716a1279a5146ec977582a181f4a56d
2010-02-11,103.0,103,ft^3/s,Approved,[],2025-03-11T20:14:41.029928+00:00,4716a1279a5146ec977582a181f4a56d
2010-02-12,236.0,236,ft^3/s,Approved,[],2025-03-11T20:14:41.029928+00:00,4716a1279a5146ec977582a181f4a56d
2010-02-13,126.0,126,ft^3/s,Approved,[],2025-03-11T20:14:41.029928+00:00,4716a1279a5146ec977582a181f4a56d
2010-02-14,101.0,101,ft^3/s,Approved,[],2025-03-11T20:14:41.029928+00:00,4716a1279a5146ec977582a181f4a56d
2010-02-15,83.5,83.5,ft^3/s,Approved,[],2025-03-11T20:14:41.029928+00:00,4716a1279a5146ec977582a181f4a56d
2010-02-16,72.4,72.4,ft^3/s,Approved,[],2025-03-11T20:14:41.029928+00:00,4716a1279a5146ec977582a181f4a56d
2010-02-17,69.7,69.7,ft^3/s,Approved,[],2025-03-11T20:14:41.029928+00:00,4716a1279a5146ec977582a181f4a56d
2010-02-18,68.4,68.4,ft^3/s,Approved,[],2025-03-11T20:14:41.029928+00:00,4716a1279a5146ec977582a181f4a56d
2010-02-19,64.9,64.9,ft^3/s,Approved,[],2025-03-11T20:14:41.029928+00:00,4716a1279a5146ec977582a181f4a56d
2010-02-20,65.6,65.6,ft^3/s,Approved,[],2025-03-11T20:14:41.029928+00:00,4716a1279a5146ec977582a181f4a56d
2010-02-21,71.3,71.3,ft^3/s,Approved,[],2025-03-11T20:14:41.029928+00:00,4716a1279a5146ec977582a181f4a56d
2010-02-22,68.1,68.1,ft^3/s,Approved,[],2025-03-11T20:14:41.029928+00:00,4716a1279a5146ec977582a181f4a56d
2010-02-23,66.4,66.4,ft^3/s,Approved,[],2025-03-11T20:14:41.029928+00:00,4716a1279a5146ec977582a181f4a56d
2010-02-24,89.3,89.3,ft^3/s,Approved,[],2025-03-11T20:14:41.029928+00:00,4716a1279a5146ec977582a181f4a56d
2010-02-25,82.3,82.3,ft^3/s,Approved,[],2025-03-11T20:14:41.029928+00:00,4716a1279a5146ec977582a181f4a56d
2010-02-26,70.9,70.9,ft^3/s,Approved,[],2025-03-11T20:14:41.029928+00:00,4716a1279a5146ec977582a181f4a56d
2010-02-27,62.0,62.0,ft^3/s,Approved,[],2025-03-11T20:14:41.029928+00:00,4716a1279a5146ec977582a181f4a56d
2010-02-28,60.1,60.1,ft^3/s,Approved,[],2025-03-11T20:14:41.029928+00:00,4716a1279a5146ec977582a181f4a56d
2010-03-01,93.0,93.0,ft^3/s,Approved,[],2025-03-11T20:14:41.029928+00:00,4716a1279a5146ec977582a181f4a56d
2010-03-02,111.0,111,ft^3/s,Approved,[],2025-03-11T20:14:41.029928+00:00,4716a1279a5146ec977582a181f4a56d
2010-03-03,76.3,76.3,ft^3/s,Approved,[],2025-03-11T20:14:41.029928+00:00,4716a1279a5146ec977582a181f4a56d
2010-03-04,67.7,67.7,ft^3/s,Approved,[],2025-03-11T20:14:41.029928+00:00,4716a1279a5146ec977582a181f4a56d
2010-03-05,63.7,63.7,ft^3/s,Approved,[],2025-03-11T20:14:41.029928+00:00,4716a1279a5146ec977582a181f4a56d
2010-03-06,62.5,62.5,ft^3/s,Approved,[],2025-03-11T20:14:41.029928+00:00,4716a1279a5146ec977582a181f4a56d
2010-03-07,63.1,63.1,ft^3/s,Approved,[],2025-03-11T20:14:41.029928+00:00,4716a1279a5146ec977582a181f4a56d
2010-03-08,75.4,75.4,ft^3/s,Approved,[],2025-03-11T20:14:41.029928+00:00,4716a1279a5146ec977582a181f4a56d
2010-03-09,123.0,123,ft^3/s,Approved,[],2025-03-11T20:14:41.029928+00:00,4716a1279a5146ec977582a181f4a56d
2010-03-10,88.6,88.6,ft^3/s,Approved,[],2025-03-11T20:14:41.029928+00:00,4716a1279a5146ec977582a181f4a56d
2010-03-11,71.6,71.6,ft^3/s,Approved,[],2025-03-11T20:14:41.029928+00:00,4716a1279a5146ec977582a181f4a56d
2010-03-12,66.0,66.0,ft^3/s,Approved,[],2025-03-11T20:14:41.029928+00:00,4716a1279a5146ec977582a181f4a56d
2010-03-13,64.9,64.9,ft^3/s,Approved,[],2025-03-11T20:14:41.029928+00:00,4716a1279a5146ec977582a181f4a56d
2010-03-14,65.5,65.5,ft^3/s,Approved,[],2025-03-11T20:14:41.029928+00:00,4716a1279a5146ec977582a181f4a56d
2010-03-15,65.7,65.7,ft^3/s,Approved,[],2025-03-11T20:14:41.029928+00:00,4716a1279a5146ec977582a181f4a56d
2010-03-16,201.0,201,ft^3/s,Approved,[],2025-03-11T20:14:41.029928+00:00,4716a1279a5146ec977582a181f4a56d
2010-03-17,194.0,194,ft^3/s,Approved,[],2025-03-11T20:14:41.029928+00:00,4716a1279a5146ec977582a181f4a56d
2010-03-18,92.9,92.9,ft^3/s,Approved,[],2025-03-11T20:14:41.029928+00:00,4716a1279a5146ec977582a181f4a56d
2010-03-19,79.6,79.6,ft^3/s,Approved,[],2025-03-11T20:14:41.029928+00:00,4716a1279a5146ec977582a181f4a56d
2010-03-20,298.0,298,ft^3/s,Approved,[],2025-03-11T20:14:41.029928+00:00,4716a1279a5146ec977582a181f4a56d
2010-03-21,170.0,170,ft^3/s,Approved,[],2025-03-11T20:14:41.029928+00:00,4716a1279a5146ec977582a181f4a56d
2010-03-22,95.6,95.6,ft^3/s,Approved,[],2025-03-11T20:14:41.029928+00:00,4716a1279a5146ec977582a181f4a56d
2010-03-23,84.4,84.4,ft^3/s,Approved,[],2025-03-11T20:14:41.029928+00:00,4716a1279a5146ec977582a181f4a56d
2010-03-24,83.5,83.5,ft^3/s,Approved,[],2025-03-11T20:14:41.029928+00:00,4716a1279a5146ec977582a181f4a56d
2010-03-25,154.0,154,ft^3/s,Approved,[],2025-03-11T20:14:41.029928+00:00,4716a1279a5146ec977582a181f4a56d
2010-03-26,94.8,94.8,ft^3/s,Approved,[],2025-03-11T20:14:41.029928+00:00,4716a1279a5146ec977582a181f4a56d
2010-03-27,84.6,84.6,ft^3/s,Approved,[],2025-03-11T20:14:41.029928+00:00,4716a1279a5146ec977582a181f4a56d
2010-03-28,77.7,77.7,ft^3/s,Approved,[],2025-03-11T20:14:41.029928+00:00,4716a1279a5146ec977582a181f4a56d
2010-03-29,72.5,72.5,ft^3/s,Approved,[],2025-03-11T20:14:41.029928+00:00,4716a1279a5146ec977582a181f4a56d
2010-03-30,72.0,72.0,ft^3/s,Approved,[],2025-03-11T20:14:41.029928+00:00,4716a1279a5146ec977582a181f4a56d
2010-03-31,71.9,71.9,ft^3/s,Approved,[],2025-03-11T20:14:41.029928+00:00,4716a1279a5146ec977582a181f4a56d
2010-04-01,71.1,71.1,ft^3/s,Approved,[],2025-03-11T20:14:41.029928+00:00,4716a1279a5146ec977582a181f4a56d
2010-04-02,69.8,69.8,ft^3/s,Approved,[],2025-03-11T20:14:41.029928+00:00,4716a1279a5146ec977582a181f4a56d
2010-04-03,66.3,66.3,ft^3/s,Approved,[],2025-03-11T20:14:41.029928+00:00,4716a1279a5146ec977582a181f4a56d
2010-04-04,66.6,66.6,ft^3/s,Approved,[],2025-03-11T20:14:41.029928+00:00,4716a1279a5146ec977582a181f4a56d
2010-04-05,62.9,62.9,ft^3/s,Approved,[],2025-03-11T20:14:41.029928+00:00,4716a1279a5146ec977582a181f4a56d
2010-04-06,59.9,59.9,ft^3/s,Approved,[],2025-03-11T20:14:41.029928+00:00,4716a1279a5146ec977582a181f4a56d
2010-04-07,56.9,56.9,ft^3/s,Approved,[],2025-03-11T20:14:41.029928+00:00,4716a1279a5146ec977582a181f4a56d
2010-04-08,50.7,50.7,ft^3/s,Approved,[],2025-03-11T20:14:41.029928+00:00,4716a1279a5146ec977582a181f4a56d
2010-04-09,47.6,47.6,ft^3/s,Approved,[],2025-03-11T20:14:41.029928+00:00,4716a1279a5146ec977582a181f4a56d
2010-04-10,46.3,46.3,ft^3/s,Approved,[],2025-03-11T20:14:41.029928+00:00,4716a1279a5146ec977582a181f4a56d
2010-04-11,44.1,44.1,ft^3/s,Approved,[],2025-03-11T20:14:41.029928+00:00,4716a1279a5146ec977582a181f4a56d
2010-04-12,41.6,41.6,ft^3/s,Approved,[],2025-03-11T20:14:41.029928+00:00,4716a1279a5146ec977582a181f4a56d
2010-04-13,39.7,39.7,ft^3/s,Approved,[],2025-03-11T20:14:41.029928+00:00,4716a1279a5146ec977582a181f4a56d
2010-04-14,36.0,36.0,ft^3/s,Approved,[],2025-03-11T20:14:41.029928+00:00,4716a1279a5146ec977582a181f4a56d
2010-04-15,37.5,37.5,ft^3/s,Approved,[],2025-03-11T20:14:41.029928+00:00,4716a1279a5146ec977582a181f4a56d
2010-04-16,46.3,46.3,ft^3/s,Approved,[],2025-03-11T20:14:41.029928+00:00,4716a1279a5146ec977582a181f4a56d
2010-04-17,43.6,43.6,ft^3/s,Approved,[],2025-03-11T20:14:41.029928+00:00,4716a1279a5146ec977582a181f4a56d
2010-04-18,44.6,44.6,ft^3/s,Approved,[],2025-03-11T20:14:41.029928+00:00,4716a1279a5146ec977582a181f4a56d
2010-04-19,36.9,36.9,ft^3/s,Approved,[],2025-03-11T20:14:41.029928+00:00,4716a1279a5146ec977582a181f4a56d
2010-04-20,32.4,32.4,ft^3/s,Approved,[],2025-03-11T20:14:41.029928+00:00,4716a1279a5146ec977582a181f4a56d
2010-04-21,30.2,30.2,ft^3/s,Approved,[],2025-03-11T20:14:41.029928+00:00,4716a1279a5146ec977582a181f4a56d
2010-04-22,28.8,28.8,ft^3/s,Approved,[],2025-03-11T20:14:41.029928+00:00,4716a1279a5146ec977582a181f4a56d
2010-04-23,27.7,27.7,ft^3/s,Approved,[],2025-03-11T20:14:41.029928+00:00,4716a1279a5146ec977582a181f4a56d
2010-04-24,29.1,29.1,ft^3/s,Approved,[],2025-03-11T20:14:41.029928+00:00,4716a1279a5146ec977582a181f4a56d
2010-04-25,30.7,30.7,ft^3/s,Approved,[],2025-03-11T20:14:41.029928+00:00,4716a1279a5146ec977582a181f4a56d
2010-04-26,25.8,25.8,ft^3/s,Approved,[],2025-03-11T20:14:41.029928+00:00,4716a1279a5146ec977582a181f4a56d
2010-04-27,21.9,21.9,ft^3/s,Approved,[],2025-03-11T20:14:41.029928+00:00,4716a1279a5146ec977582a181f4a56d
2010-04-28,20.0,20.0,ft^3/s,Approved,[],2025-03-11T20:14:41.029928+00:00,4716a1279a5146ec977582a181f4a56d
2010-04-29,19.6,19.6,ft^3/s,Approved,[],2025-03-11T20:14:41.029928+00:00,4716a1279a5146ec977582a181f4a56d
2010-04-30,19.1,19.1,ft^3/s,Approved,[],2025-03-11T20:14:41.029928+00:00,4716a1279a5146ec977582a181f4a56d
2010-05-01,18.2,18.2,ft^3/s,Approved,[],2025-03-11T20:14:41.029928+00:00,4716a1279a5146ec977582a181f4a56d
2010-05-02,17.2,17.2,ft^3/s,Approved,[],2025-03-11T20:14:41.029928+00:00,4716a1279a5146ec977582a181f4a56d
2010-05-03,16.6,16.6,ft^3/s,Approved,[],2025-03-11T20:14:41.029928+00:00,4716a1279a5146ec977582a181f4a56d
2010-05-04,15.9,15.9,ft^3/s,Approved,[],2025-03-11T20:14:41.029928+00:00,4716a1279a5146ec977582a181f4a56d
2010-05-05,15.3,15.3,ft^3/s,Approved,[],2025-03-11T20:14:41.029928+00:00,4716a1279a5146ec977582a181f4a56d
2010-05-06,15.0,15.0,ft^3/s,Approved,[],2025-03-11T20:14:41.029928+00:00,4716a1279a5146ec977582a181f4a56d
2010-05-07,14.5,14.5,ft^3/s,Approved,[],2025-03-11T20:14:41.029928+00:00,4716a1279a5146ec977582a181f4a56d
2010-05-08,13.7,13.7,ft^3/s,Approved,[],2025-03-11T20:14:41.029928+00:00,4716a1279a5146ec977582a181f4a56d
2010-05-09,13.2,13.2,ft^3/s,Approved,[],2025-03-11T20:14:41.029928+00:00,4716a1279a5146ec977582a181f4a56d
2010-05-10,13.1,13.1,ft^3/s,Approved,[],2025-03-11T20:14:41.029928+00:00,4716a1279a5146ec977582a181f4a56d
2010-05-11,12.7,12.7,ft^3/s,Approved,[],2025-03-11T20:14:41.029928+00:00,4716a1279a5146ec977582a181f4a56d
2010-05-12,12.2,12.2,ft^3/s,Approved,[],2025-03-11T20:14:41.029928+00:00,4716a1279a5146ec977582a181f4a56d
2010-05-13,11.8,11.8,ft^3/s,Approved,[],2025-03-11T20:14:41.029928+00:00,4716a1279a5146ec977582a181f4a56d
2010-05-14,12.0,12.0,ft^3/s,Approved,[],2025-03-11T20:14:41.029928+00:00,4716a1279a5146ec977582a181f4a56d
2010-05-15,12.2,12.2,ft^3/s,Approved,[],2025-03-11T20:14:41.029928+00:00,4716a1279a5146ec977582a181f4a56d
2010-05-16,11.4,11.4,ft^3/s,Approved,[],2025-03-11T20:14:41.029928+00:00,4716a1279a5146ec977582a181f4a56d
2010-05-17,11.3,11.3,ft^3/s,Approved,[],2025-03-11T20:14:41.029928+00:00,4716a1279a5146ec977582a181f4a56d
2010-05-18,11.3,11.3,ft^3/s,Approved,[],2025-03-11T20:14:41.029928+00:00,4716a1279a5146ec977582a181f4a56d
2010-05-19,10.9,10.9,ft^3/s,Approved,[],2025-03-11T20:14:41.029928+00:00,4716a1279a5146ec977582a181f4a56d
2010-05-20,10.2,10.2,ft^3/s,Approved,[],2025-03-11T20:14:41.029928+00:00,4716a1279a5146ec977582a181f4a56d
2010-05-21,9.66,9.66,ft^3/s,Approved,[],2025-03-11T20:14:41.029928+00:00,4716a1279a5146ec977582a181f4a56d
2010-05-22,8.84,8.84,ft^3/s,Approved,[],2025-03-11T20:14:41.029928+00:00,4716a1279a5146ec977582a181f4a56d
2010-05-23,7.97,7.97,ft^3/s,Approved,[],2025-03-11T20:14:41.029928+00:00,4716a1279a5146ec977582a181f4a56d
2010-05-24,7.51,7.51,ft^3/s,Approved,[],2025-03-11T20:14:41.029928+00:00,4716a1279a5146ec977582a181f4a56d
2010-05-25,6.76,6.76,ft^3/s,Approved,[],2025-03-11T20:14:41.029928+00:00,4716a1279a5146ec977582a181f4a56d
2010-05-26,6.09,6.09,ft^3/s,Approved,[],2025-03-11T20:14:41.029928+00:00,4716a1279a5146ec977582a181f4a56d
2010-05-27,5.71,5.71,ft^3/s,Approved,[],2025-03-11T20:14:41.029928+00:00,4716a1279a5146ec977582a181f4a56d
2010-05-28,5.38,5.38,ft^3/s,Approved,[],2025-03-11T20:14:41.029928+00:00,4716a1279a5146ec977582a181f4a56d
2010-05-29,5.09,5.09,ft^3/s,Approved,[],2025-03-11T20:14:41.029928+00:00,4716a1279a5146ec977582a181f4a56d
2010-05-30,4.7,4.70,ft^3/s,Approved,[],2025-03-11T20:14:41.029928+00:00,4716a1279a5146ec977582a181f4a56d
2010-05-31,4.14,4.14,ft^3/s,Approved,[],2025-03-11T20:14:41.029928+00:00,4716a1279a5146ec977582a181f4a56d
2010-06-01,3.9,3.90,ft^3/s,Approved,[],2025-03-11T20:14:41.029928+00:00,4716a1279a5146ec977582a181f4a56d
2010-06-02,3.83,3.83,ft^3/s,Approved,[],2025-03-11T20:14:41.029928+00:00,4716a1279a5146ec977582a181f4a56d
2010-06-03,4.32,4.32,ft^3/s,Approved,[],2025-03-11T20:14:41.029928+00:00,4716a1279a5146ec977582a181f4a56d
2010-06-04,4.6,4.60,ft^3/s,Approved,[],2025-03-11T20:14:41.029928+00:00,4716a1279a5146ec977582a181f4a56d
2010-06-05,4.31,4.31,ft^3/s,Approved,[],2025-03-11T20:14:41.029928+00:00,4716a1279a5146ec977582a181f4a56d
2010-06-06,3.68,3.68,ft^3/s,Approved,[],2025-03-11T20:14:41.029928+00:00,4716a1279a5146ec977582a181f4a56d
2010-06-07,2.96,2.96,ft^3/s,Approved,[],2025-03-11T20:14:41.029928+00:00,4716a1279a5146ec977582a181f4a56d
2010-06-08,2.54,2.54,ft^3/s,Approved,[],2025-03-11T20:14:41.029928+00:00,4716a1279a5146ec977582a181f4a56d
2010-06-09,8.66,8.66,ft^3/s,Approved,[],2025-03-11T20:14:41.029928+00:00,4716a1279a5146ec977582a181f4a56d
2010-06-10,4.59,4.59,ft^3/s,Approved,[],2025-03-11T20:14:41.029928+00:00,4716a1279a5146ec977582a181f4a56d
2010-06-11,4.45,4.45,ft^3/s,Approved,[],2025-03-11T20:14:41.029928+00:00,4716a1279a5146ec977582a181f4a56d
2010-06-12,3.8,3.80,ft^3/s,Approved,[],2025-03-11T20:14:41.029928+00:00,4716a1279a5146ec977582a181f4a56d
2010-06-13,3.16,3.16,ft^3/s,Approved,[],2025-03-11T20:14:41.029928+00:00,4716a1279a5146ec977582a181f4a56d
2010-06-14,2.32,2.32,ft^3/s,Approved,[],2025-03-11T20:14:41.029928+00:00,4716a1279a5146ec977582a181f4a56d
2010-06-15,1.95,1.95,ft^3/s,Approved,[],2025-03-11T20:14:41.029928+00:00,4716a1279a5146ec977582a181f4a56d
2010-06-16,1.59,1.59,ft^3/s,Approved,[],2025-03-11T20:14:41.029928+00:00,4716a1279a5146ec977582a181f4a56d
2010-06-17,0.96,0.96,ft^3/s,Approved,[],2025-03-11T20:14:41.029928+00:00,4716a1279a5146ec977582a181f4a56d
2010-06-18,0.95,0.95,ft^3/s,Approved,[],2025-03-11T20:14:41.029928+00:00,4716a1279a5146ec977582a181f4a56d
2010-06-19,1.03,1.03,ft^3/s,Approved,[],2025-03-11T20:14:41.029928+00:00,4716a1279a5146ec977582a181f4a56d
2010-06-20,0.94,0.94,ft^3/s,Approved,[],2025-03-11T20:14:41.029928+00:00,4716a1279a5146ec977582a181f4a56d
2010-06-21,0.74,0.74,ft^3/s,Approved,[],2025-03-11T20:14:41.029928+00:00,4716a1279a5146ec977582a181f4a56d
2010-06-22,0.57,0.57,ft^3/s,Approved,[],2025-03-11T20:14:41.029928+00:00,4716a1279a5146ec977582a181f4a56d
2010-06-23,0.4,0.40,ft^3/s,Approved,[],2025-03-11T20:14:41.029928+00:00,4716a1279a5146ec977582a181f4a56d
2010-06-24,0.22,0.22,ft^3/s,Approved,[],2025-03-11T20:14:41.029928+00:00,4716a1279a5146ec977582a181f4a56d
2010-06-25,0.09,0.09,ft^3/s,Approved,[],2025-03-11T20:14:41.029928+00:00,4716a1279a5146ec977582a181f4a56d
2010-06-26,0.01,0.01,ft^3/s,Approved,[],2025-03-11T20:14:41.029928+00:00,4716a1279a5146ec977582a181f4a56d
2010-06-27,0.0,0.00,ft^3/s,Approved,[],2025-03-11T20:14:41.029928+00:00,4716a1279a5146ec977582a181f4a56d
2010-06-28,0.0,0.00,ft^3/s,Approved,[],2025-03-11T20:14:41.029928+00:00,4716a1279a5146ec977582a181f4a56d
2010-06-29,0.0,0.00,ft^3/s,Approved,[],2025-03-11T20:14:41.029928+00:00,4716a1279a5146ec977582a181f4a56d
2010-06-30,0.0,0.00,ft^3/s,Approved,[],2025-03-11T20:14:41.029928+00:00,4716a1279a5146ec977582a181f4a56d
2010-07-01,0.0,0.00,ft^3/s,Approved,[],2025-03-11T20:14:41.029928+00:00,4716a1279a5146ec977582a181f4a56d
2010-07-02,0.0,0.00,ft^3/s,Approved,[],2025-03-11T20:14:41.029928+00:00,4716a1279a5146ec977582a181f4a56d
2010-07-03,0.28,0.28,ft^3/s,Approved,[],2025-03-11T20:14:41.029928+00:00,4716a1279a5146ec977582a181f4a56d
2010-07-04,0.93,0.93,ft^3/s,Approved,[],2025-03-11T20:14:41.029928+00:00,4716a1279a5146ec977582a181f4a56d
2010-07-05,0.43,0.43,ft^3/s,Approved,[],2025-03-11T20:14:41.029928+00:00,4716a1279a5146ec977582a181f4a56d
2010-07-06,0.11,0.11,ft^3/s,Approved,[],2025-03-11T20:14:41.029928+00:00,4716a1279a5146ec977582a181f4a56d
2010-07-07,-0.0,-0.00,ft^3/s,Approved,[],2025-03-11T20:14:41.029928+00:00,4716a1279a5146ec977582a181f4a56d
2010-07-08,0.61,0.61,ft^3/s,Approved,[],2025-03-11T20:14:41.029928+00:00,4716a1279a5146ec977582a181f4a56d
2010-07-09,7.48,7.48,ft^3/s,Approved,[],2025-03-11T20:14:41.029928+00:00,4716a1279a5146ec977582a181f4a56d
2010-07-10,3.29,3.29,ft^3/s,Approved,[],2025-03-11T20:14:41.029928+00:00,4716a1279a5146ec977582a181f4a56d
2010-07-11,3.6,3.60,ft^3/s,Approved,[],2025-03-11T20:14:41.029928+00:00,4716a1279a5146ec977582a181f4a56d
2010-07-12,3.66,3.66,ft^3/s,Approved,[],2025-03-11T20:14:41.029928+00:00,4716a1279a5146ec977582a181f4a56d
2010-07-13,3.18,3.18,ft^3/s,Approved,[],2025-03-11T20:14:41.029928+00:00,4716a1279a5146ec977582a181f4a56d
2010-07-14,1.77,1.77,ft^3/s,Approved,[],2025-03-11T20:14:41.029928+00:00,4716a1279a5146ec977582a181f4a56d
2010-07-15,0.79,0.79,ft^3/s,Approved,[],2025-03-11T20:14:41.029928+00:00,4716a1279a5146ec977582a181f4a56d
2010-07-16,0.18,0.18,ft^3/s,Approved,[],2025-03-11T20:14:41.029928+00:00,4716a1279a5146ec977582a181f4a56d
2010-07-17,0.0,0.00,ft^3/s,Approved,[],2025-03-11T20:14:41.029928+00:00,4716a1279a5146ec977582a181f4a56d
2010-07-18,0.0,0.00,ft^3/s,Approved,[],2025-03-11T20:14:41.029928+00:00,4716a1279a5146ec977582a181f4a56d
2010-07-19,0.0,0.00,ft^3/s,Approved,[],2025-03-11T20:14:41.029928+00:00,4716a1279a5146ec977582a181f4a56d
2010-07-20,0.0,0.00,ft^3/s,Approved,[],2025-03-11T20:14:41.029928+00:00,4716a1279a5146ec977582a181f4a56d
2010-07-21,0.0,0.00,ft^3/s,Approved,[],2025-03-11T20:14:41.029928+00:00,4716a1279a5146ec977582a181f4a56d
2010-07-22,0.0,0.00,ft^3/s,Approved,[],2025-03-11T20:14:41.029928+00:00,4716a1279a5146ec977582a181f4a56d
2010-07-23,0.0,0.00,ft^3/s,Approved,[],2025-03-11T20:14:41.029928+00:00,4716a1279a5146ec977582a181f4a56d
2010-07-24,0.0,0.00,ft^3/s,Approved,[],2025-03-11T20:14:41.029928+00:00,4716a1279a5146ec977582a181f4a56d
2010-07-25,0.0,0.00,ft^3/s,Approved,[],2025-03-11T20:14:41.029928+00:00,4716a1279a5146ec977582a181f4a56d
2010-07-26,0.0,0.00,ft^3/s,Approved,[],2025-03-11T20:14:41.029928+00:00,4716a1279a5146ec977582a181f4a56d
2010-07-27,0.0,0.00,ft^3/s,Approved,[],2025-03-11T20:14:41.029928+00:00,4716a1279a5146ec977582a181f4a56d
2010-07-28,0.0,0.00,ft^3/s,Approved,[],2025-03-11T20:14:41.029928+00:00,4716a1279a5146ec977582a181f4a56d
2010-07-29,0.0,0.00,ft^3/s,Approved,[],2025-03-11T20:14:41.029928+00:00,4716a1279a5146ec977582a181f4a56d
2010-07-30,0.0,0.00,ft^3/s,Approved,[],2025-03-11T20:14:41.029928+00:00,4716a1279a5146ec977582a181f4a56d
2010-07-31,0.0,0.00,ft^3/s,Approved,[],2025-03-11T20:14:41.029928+00:00,4716a1279a5146ec977582a181f4a56d
2010-08-01,0.0,0.00,ft^3/s,Approved,[],2025-03-11T20:14:41.029928+00:00,4716a1279a5146ec977582a181f4a56d
2010-08-02,0.0,0.00,ft^3/s,Approved,[],2025-03-11T20:14:41.029928+00:00,4716a1279a5146ec977582a181f4a56d
2010-08-03,0.0,0.00,ft^3/s,Approved,[],2025-03-11T20:14:41.029928+00:00,4716a1279a5146ec977582a181f4a56d
2010-08-04,0.0,0.00,ft^3/s,Approved,[],2025-03-11T20:14:41.029928+00:00,4716a1279a5146ec977582a181f4a56d
2010-08-05,0.0,0.00,ft^3/s,Approved,[],2025-03-11T20:14:41.029928+00:00,4716a1279a5146ec977582a181f4a56d
2010-08-06,0.0,0.00,ft^3/s,Approved,[],2025-03-11T20:14:41.029928+00:00,4716a1279a5146ec977582a181f4a56d
2010-08-07,0.0,0.00,ft^3/s,Approved,[],2025-03-11T20:14:41.029928+00:00,4716a1279a5146ec977582a181f4a56d
2010-08-08,0.0,0.00,ft^3/s,Approved,[],2025-03-11T20:14:41.029928+00:00,4716a1279a5146ec977582a181f4a56d
2010-08-09,0.0,0.00,ft^3/s,Approved,[],2025-03-11T20:14:41.029928+00:00,4716a1279a5146ec977582a181f4a56d
2010-08-10,0.0,0.00,ft^3/s,Approved,[],2025-03-11T20:14:41.029928+00:00,4716a1279a5146ec977582a181f4a56d
2010-08-11,0.0,0.00,ft^3/s,Approved,[],2025-03-11T20:14:41.029928+00:00,4716a1279a5146ec977582a181f4a56d
2010-08-12,0.0,0.00,ft^3/s,Approved,[],2025-03-11T20:14:41.029928+00:00,4716a1279a5146ec977582a181f4a56d
2010-08-13,0.0,0.00,ft^3/s,Approved,[],2025-03-11T20:14:41.029928+00:00,4716a1279a5146ec977582a181f4a56d
2010-08-14,0.0,0.00,ft^3/s,Approved,[],2025-03-11T20:14:41.029928+00:00,4716a1279a5146ec977582a181f4a56d
2010-08-15,0.0,0.00,ft^3/s,Approved,[],2025-03-11T20:14:41.029928+00:00,4716a1279a5146ec977582a181f4a56d
2010-08-16,0.0,0.00,ft^3/s,Approved,[],2025-03-11T20:14:41.029928+00:00,4716a1279a5146ec977582a181f4a56d
2010-08-17,0.0,0.00,ft^3/s,Approved,[],2025-03-11T20:14:41.029928+00:00,4716a1279a5146ec977582a181f4a56d
2010-08-18,0.0,0.00,ft^3/s,Approved,[],2025-03-11T20:14:41.029928+00:00,4716a1279a5146ec977582a181f4a56d
2010-08-19,0.0,0.00,ft^3/s,Approved,[],2025-03-11T20:14:41.029928+00:00,4716a1279a5146ec977582a181f4a56d
2010-08-20,0.0,0.00,ft^3/s,Approved,[],2025-03-11T20:14:41.029928+00:00,4716a1279a5146ec977582a181f4a56d
2010-08-21,0.0,0.00,ft^3/s,Approved,[],2025-03-11T20:14:41.029928+00:00,4716a1279a5146ec977582a181f4a56d
2010-08-22,0.0,0.00,ft^3/s,Approved,[],2025-03-11T20:14:41.029928+00:00,4716a1279a5146ec977582a181f4a56d
2010-08-23,0.0,0.00,ft^3/s,Approved,[],2025-03-11T20:14:41.029928+00:00,4716a1279a5146ec977582a181f4a56d
2010-08-24,0.0,0.00,ft^3/s,Approved,[],2025-03-11T20:14:41.029928+00:00,4716a1279a5146ec977582a181f4a56d
2010-08-25,0.0,0.00,ft^3/s,Approved,[],2025-03-11T20:14:41.029928+00:00,4716a1279a5146ec977582a181f4a56d
2010-08-26,0.0,0.00,ft^3/s,Approved,[],2025-03-11T20:14:41.029928+00:00,4716a1279a5146ec977582a181f4a56d
2010-08-27,0.0,0.00,ft^3/s,Approved,[],2025-03-11T20:14:41.029928+00:00,4716a1279a5146ec977582a181f4a56d
2010-08-28,0.0,0.00,ft^3/s,Approved,[],2025-03-11T20:14:41.029928+00:00,4716a1279a5146ec977582a181f4a56d
2010-08-29,0.0,0.00,ft^3/s,Approved,[],2025-03-11T20:14:41.029928+00:00,4716a1279a5146ec977582a181f4a56d
2010-08-30,0.0,0.00,ft^3/s,Approved,[],2025-03-11T20:14:41.029928+00:00,4716a1279a5146ec977582a181f4a56d
2010-08-31,0.0,0.00,ft^3/s,Approved,[],2025-03-11T20:14:41.029928+00:00,4716a1279a5146ec977582a181f4a56d
2010-09-01,0.0,0.00,ft^3/s,Approved,[],2025-03-11T20:14:41.029928+00:00,4716a1279a5146ec977582a181f4a56d
2010-09-02,0.0,0.00,ft^3/s,Approved,[],2025-03-11T20:14:41.029928+00:00,4716a1279a5146ec977582a181f4a56d
2010-09-03,0.0,0.00,ft^3/s,Approved,[],2025-03-11T20:14:41.029928+00:00,4716a1279a5146ec977582a181f4a56d
2010-09-04,0.0,0.00,ft^3/s,Approved,[],2025-03-11T20:14:41.029928+00:00,4716a1279a5146ec977582a181f4a56d
2010-09-05,0.0,0.00,ft^3/s,Approved,[],2025-03-11T20:14:41.029928+00:00,4716a1279a5146ec977582a181f4a56d
2010-09-06,0.0,0.00,ft^3/s,Approved,[],2025-03-11T20:14:41.029928+00:00,4716a1279a5146ec977582a181f4a56d
2010-09-07,257.0,257,ft^3/s,Approved,[],2025-03-11T20:14:41.029928+00:00,4716a1279a5146ec977582a181f4a56d
2010-09-08,9810.0,9810,ft^3/s,Approved,[],2025-03-11T20:14:41.029928+00:00,4716a1279a5146ec977582a181f4a56d
2010-09-09,249.0,249,ft^3/s,Approved,[],2025-03-11T20:14:41.029928+00:00,4716a1279a5146ec977582a181f4a56d
2010-09-10,72.1,72.1,ft^3/s,Approved,[],2025-03-11T20:14:41.029928+00:00,4716a1279a5146ec977582a181f4a56d
2010-09-11,52.3,52.3,ft^3/s,Approved,[],2025-03-11T20:14:41.029928+00:00,4716a1279a5146ec977582a181f4a56d
2010-09-12,46.4,46.4,ft^3/s,Approved,[],2025-03-11T20:14:41.029928+00:00,4716a1279a5146ec977582a181f4a56d
2010-09-13,45.2,45.2,ft^3/s,Approved,[],2025-03-11T20:14:41.029928+00:00,4716a1279a5146ec977582a181f4a56d
2010-09-14,41.1,41.1,ft^3/s,Approved,[],2025-03-11T20:14:41.029928+00:00,4716a1279a5146ec977582a181f4a56d
2010-09-15,38.9,38.9,ft^3/s,Approved,[],2025-03-11T20:14:41.029928+00:00,4716a1279a5146ec977582a181f4a56d
2010-09-16,37.4,37.4,ft^3/s,Approved,[],2025-03-11T20:14:41.029928+00:00,4716a1279a5146ec977582a181f4a56d
2010-09-17,36.1,36.1,ft^3/s,Approved,[],2025-03-11T20:14:41.029928+00:00,4716a1279a5146ec977582a181f4a56d
2010-09-18,35.3,35.3,ft^3/s,Approved,[],2025-03-11T20:14:41.029928+00:00,4716a1279a5146ec977582a181f4a56d
2010-09-19,34.7,34.7,ft^3/s,Approved,[],2025-03-11T20:14:41.029928+00:00,4716a1279a5146ec977582a181f4a56d
2010-09-20,33.7,33.7,ft^3/s,Approved,[],2025-03-11T20:14:41.029928+00:00,4716a1279a5146ec977582a181f4a56d
2010-09-21,32.4,32.4,ft^3/s,Approved,[],2025-03-11T20:14:41.029928+00:00,4716a1279a5146ec977582a181f4a56d
2010-09-22,30.1,30.1,ft^3/s,Approved,[],2025-03-11T20:14:41.029928+00:00,4716a1279a5146ec977582a181f4a56d
2010-09-23,28.7,28.7,ft^3/s,Approved,[],2025-03-11T20:14:41.029928+00:00,4716a1279a5146ec977582a181f4a56d
2010-09-24,26.2,26.2,ft^3/s,Approved,[],2025-03-11T20:14:41.029928+00:00,4716a1279a5146ec977582a181f4a56d
2010-09-25,26.1,26.1,ft^3/s,Approved,[],2025-03-11T20:14:41.029928+00:00,4716a1279a5146ec977582a181f4a56d
2010-09-26,22.3,22.3,ft^3/s,Approved,[],2025-03-11T20:14:41.029928+00:00,4716a1279a5146ec977582a181f4a56d
2010-09-27,20.0,20.0,ft^3/s,Approved,[],2025-03-11T20:14:41.029928+00:00,4716a1279a5146ec977582a181f4a56d
2010-09-28,18.7,18.7,ft^3/s,Approved,[],2025-03-11T20:14:41.029928+00:00,4716a1279a5146ec977582a181f4a56d
2010-09-29,17.2,17.2,ft^3/s,Approved,[],2025-03-11T20:14:41.029928+00:00,4716a1279a5146ec977582a181f4a56d
2010-09-30,15.3,15.3,ft^3/s,Approved,[],2025-03-11T20:14:41.029928+00:00,4716a1279a5146ec977582a181f4a56d
2010-10-01,13.7,13.7,ft^3/s,Approved,[],2025-03-11T20:14:41.029928+00:00,4716a1279a5146ec977582a181f4a56d
2010-10-02,12.4,12.4,ft^3/s,Approved,[],2025-03-11T20:14:41.029928+00:00,4716a1279a5146ec977582a181f4a56d
2010-10-03,11.5,11.5,ft^3/s,Approved,[],2025-03-11T20:14:41.029928+00:00,4716a1279a5146ec977582a181f4a56d
2010-10-04,10.5,10.5,ft^3/s,Approved,[],2025-03-11T20:14:41.029928+00:00,4716a1279a5146ec977582a181f4a56d
2010-10-05,9.81,9.81,ft^3/s,Approved,[],2025-03-11T20:14:41.029928+00:00,4716a1279a5146ec977582a181f4a56d
2010-10-06,9.24,9.24,ft^3/s,Approved,[],2025-03-11T20:14:41.029928+00:00,4716a1279a5146ec977582a181f4a56d
2010-10-07,8.72,8.72,ft^3/s,Approved,[],2025-03-11T20:14:41.029928+00:00,4716a1279a5146ec977582a181f4a56d
2010-10-08,8.14,8.14,ft^3/s,Approved,[],2025-03-11T20:14:41.029928+00:00,4716a1279a5146ec977582a181f4a56d
2010-10-09,7.59,7.59,ft^3/s,Approved,[],2025-03-11T20:14:41.029928+00:00,4716a1279a5146ec977582a181f4a56d
2010-10-10,7.23,7.23,ft^3/s,Approved,[],2025-03-11T20:14:41.029928+00:00,4716a1279a5146ec977582a181f4a56d
2010-10-11,6.85,6.85,ft^3/s,Approved,[],2025-03-11T20:14:41.029928+00:00,4716a1279a5146ec977582a181f4a56d
2010-10-12,5.91,5.91,ft^3/s,Approved,[],2025-03-11T20:14:41.029928+00:00,4716a1279a5146ec977582a181f4a56d
2010-10-13,5.55,5.55,ft^3/s,Approved,[],2025-03-11T20:14:41.029928+00:00,4716a1279a5146ec977582a181f4a56d
2010-10-14,5.03,5.03,ft^3/s,Approved,[],2025-03-11T20:14:41.029928+00:00,4716a1279a5146ec977582a181f4a56d
2010-10-15,4.82,4.82,ft^3/s,Approved,[],2025-03-11T20:14:41.029928+00:00,4716a1279a5146ec977582a181f4a56d
2010-10-16,4.59,4.59,ft^3/s,Approved,[],2025-03-11T20:14:41.029928+00:00,4716a1279a5146ec977582a181f4a56d
2010-10-17,4.47,4.47,ft^3/s,Approved,[],2025-03-11T20:14:41.029928+00:00,4716a1279a5146ec977582a181f4a56d
2010-10-18,4.34,4.34,ft^3/s,Approved,[],2025-03-11T20:14:41.029928+00:00,4716a1279a5146ec977582a181f4a56d
2010-10-19,4.07,4.07,ft^3/s,Approved,[],2025-03-11T20:14:41.029928+00:00,4716a1279a5146ec977582a181f4a56d
2010-10-20,3.88,3.88,ft^3/s,Approved,[],2025-03-11T20:14:41.029928+00:00,4716a1279a5146ec977582a181f4a56d
2010-10-21,3.58,3.58,ft^3/s,Approved,[],2025-03-11T20:14:41.029928+00:00,4716a1279a5146ec977582a181f4a56d
2010-10-22,3.37,3.37,ft^3/s,Approved,[],2025-03-11T20:14:41.029928+00:00,4716a1279a5146ec977582a181f4a56d
2010-10-23,3.59,3.59,ft^3/s,Approved,[],2025-03-11T20:14:41.029928+00:00,4716a1279a5146ec977582a181f4a56d
2010-10-24,3.41,3.41,ft^3/s,Approved,[],2025-03-11T20:14:41.029928+00:00,4716a1279a5146ec977582a181f4a56d
2010-10-25,3.37,3.37,ft^3/s,Approved,[],2025-03-11T20:14:41.029928+00:00,4716a1279a5146ec977582a181f4a56d
2010-10-26,3.09,3.09,ft^3/s,Approved,[],2025-03-11T20:14:41.029928+00:00,4716a1279a5146ec977582a181f4a56d
2010-10-27,2.33,2.33,ft^3/s,Approved,[],2025-03-11T20:14:41.029928+00:00,4716a1279a5146ec977582a181f4a56d
2010-10-28,1.84,1.84,ft^3/s,Approved,[],2025-03-11T20:14:41.029928+00:00,4716a1279a5146ec977582a181f4a56d
2010-10-29,1.85,1.85,ft^3/s,Approved,[],2025-03-11T20:14:41.029928+00:00,4716a1279a5146ec977582a181f4a56d
2010-10-30,1.99,1.99,ft^3/s,Approved,[],2025-03-11T20:14:41.029928+00:00,4716a1279a5146ec977582a181f4a56d
2010-10-31,1.99,1.99,ft^3/s,Approved,[],2025-03-11T20:14:41.029928+00:00,4716a1279a5146ec977582a181f4a56d
2010-11-01,1.8,1.80,ft^3/s,Approved,[],2025-03-11T20:14:41.029928+00:00,4716a1279a5146ec977582a181f4a56d
2010-11-02,1.49,1.49,ft^3/s,Approved,[],2025-03-11T20:14:41.029928+00:00,4716a1279a5146ec977582a181f4a56d
2010-11-03,1.21,1.21,ft^3/s,Approved,[],2025-03-11T20:14:41.029928+00:00,4716a1279a5146ec977582a181f4a56d
2010-11-04,1.04,1.04,ft^3/s,Approved,[],2025-03-11T20:14:41.029928+00:00,4716a1279a5146ec977582a181f4a56d
2010-11-05,0.88,0.88,ft^3/s,Approved,[],2025-03-11T20:14:41.029928+00:00,4716a1279a5146ec977582a181f4a56d
2010-11-06,0.75,0.75,ft^3/s,Approved,[],2025-03-11T20:14:41.029928+00:00,4716a1279a5146ec977582a181f4a56d
2010-11-07,0.65,0.65,ft^3/s,Approved,[],2025-03-11T20:14:41.029928+00:00,4716a1279a5146ec977582a181f4a56d
2010-11-08,0.61,0.61,ft^3/s,Approved,[],2025-03-11T20:14:41.029928+00:00,4716a1279a5146ec977582a181f4a56d
2010-11-09,0.55,0.55,ft^3/s,Approved,[],2025-03-11T20:14:41.029928+00:00,4716a1279a5146ec977582a181f4a56d
2010-11-10,0.34,0.34,ft^3/s,Approved,[],2025-03-11T20:14:41.029928+00:00,4716a1279a5146ec977582a181f4a56d
2010-11-11,0.18,0.18,ft^3/s,Approved,[],2025-03-11T20:14:41.029928+00:00,4716a1279a5146ec977582a181f4a56d
2010-11-12,0.08,0.08,ft^3/s,Approved,[],2025-03-11T20:14:41.029928+00:00,4716a1279a5146ec977582a181f4a56d
2010-11-13,0.02,0.02,ft^3/s,Approved,[],2025-03-11T20:14:41.029928+00:00,4716a1279a5146ec977582a181f4a56d
2010-11-14,0.01,0.01,ft^3/s,Approved,[],2025-03-11T20:14:41.029928+00:00,4716a1279a5146ec977582a181f4a56d
2010-11-15,0.0,0.00,ft^3/s,Approved,[],2025-03-11T20:14:41.029928+00:00,4716a1279a5146ec977582a181f4a56d
2010-11-16,0.0,0.00,ft^3/s,Approved,[],2025-03-11T20:14:41.029928+00:00,4716a1279a5146ec977582a181f4a56d
2010-11-17,0.0,0.00,ft^3/s,Approved,[],2025-03-11T20:14:41.029928+00:00,4716a1279a5146ec977582a181f4a56d
2010-11-18,0.0,0.00,ft^3/s,Approved,[],2025-03-11T20:14:41.029928+00:00,4716a1279a5146ec977582a181f4a56d
2010-11-19,0.0,0.00,ft^3/s,Approved,[],2025-03-11T20:14:41.029928+00:00,4716a1279a5146ec977582a181f4a56d
2010-11-20,0.0,0.00,ft^3/s,Approved,[],2025-03-11T20:14:41.029928+00:00,4716a1279a5146ec977582a181f4a56d
2010-11-21,0.0,0.00,ft^3/s,Approved,[],2025-03-11T20:14:41.029928+00:00,4716a1279a5146ec977582a181f4a56d
2010-11-22,0.0,0.00,ft^3/s,Approved,[],2025-03-11T20:14:41.029928+00:00,4716a1279a5146ec977582a181f4a56d
2010-11-23,0.0,0.00,ft^3/s,Approved,[],2025-03-11T20:14:41.029928+00:00,4716a1279a5146ec977582a181f4a56d
2010-11-24,0.0,0.00,ft^3/s,Approved,[],2025-03-11T20:14:41.029928+00:00,4716a1279a5146ec977582a181f4a56d
2010-11-25,0.0,0.00,ft^3/s,Approved,[],2025-03-11T20:14:41.029928+00:00,4716a1279a5146ec977582a181f4a56d
2010-11-26,0.0,0.00,ft^3/s,Approved,[],2025-03-11T20:14:41.029928+00:00,4716a1279a5146ec977582a181f4a56d
2010-11-27,0.0,0.00,ft^3/s,Approved,[],2025-03-11T20:14:41.029928+00:00,4716a1279a5146ec977582a181f4a56d
2010-11-28,0.0,0.00,ft^3/s,Approved,[],2025-03-11T20:14:41.029928+00:00,4716a1279a5146ec977582a181f4a56d
2010-11-29,0.0,0.00,ft^3/s,Approved,[],2025-03-11T20:14:41.029928+00:00,4716a1279a5146ec977582a181f4a56d
2010-11-30,0.0,0.00,ft^3/s,Approved,[],2025-03-11T20:14:41.029928+00:00,4716a1279a5146ec977582a181f4a56d
2010-12-01,0.0,0.00,ft^3/s,Approved,[],2025-03-11T20:14:41.029928+00:00,4716a1279a5146ec977582a181f4a56d
2010-12-02,0.0,0.00,ft^3/s,Approved,[],2025-03-11T20:14:41.029928+00:00,4716a1279a5146ec977582a181f4a56d
2010-12-03,0.0,0.00,ft^3/s,Approved,[],2025-03-11T20:14:41.029928+00:00,4716a1279a5146ec977582a181f4a56d
2010-12-04,0.0,0.00,ft^3/s,Approved,[],2025-03-11T20:14:41.029928+00:00,4716a1279a5146ec977582a181f4a56d
2010-12-05,0.0,0.00,ft^3/s,Approved,[],2025-03-11T20:14:41.029928+00:00,4716a1279a5146ec977582a181f4a56d
2010-12-06,0.0,0.00,ft^3/s,Approved,[],2025-03-11T20:14:41.029928+00:00,4716a1279a5146ec977582a181f4a56d
2010-12-07,0.0,0.00,ft^3/s,Approved,[],2025-03-11T20:14:41.029928+00:00,4716a1279a5146ec977582a181f4a56d
2010-12-08,0.0,0.00,ft^3/s,Approved,[],2025-03-11T20:14:41.029928+00:00,4716a1279a5146ec977582a181f4a56d
2010-12-09,0.0,0.00,ft^3/s,Approved,[],2025-03-11T20:14:41.029928+00:00,4716a1279a5146ec977582a181f4a56d
2010-12-10,0.0,0.00,ft^3/s,Approved,[],2025-03-11T20:14:41.029928+00:00,4716a1279a5146ec977582a181f4a56d
2010-12-11,0.0,0.00,ft^3/s,Approved,[],2025-03-11T20:14:41.029928+00:00,4716a1279a5146ec977582a181f4a56d
2010-12-12,0.0,0.00,ft^3/s,Approved,[],2025-03-11T20:14:41.029928+00:00,4716a1279a5146ec977582a181f4a56d
2010-12-13,0.0,0.00,ft^3/s,Approved,[],2025-03-11T20:14:41.029928+00:00,4716a1279a5146ec977582a181f4a56d
2010-12-14,0.0,0.00,ft^3/s,Approved,[],2025-03-11T20:14:41.029928+00:00,4716a1279a5146ec977582a181f4a56d
2010-12-15,0.0,0.00,ft^3/s,Approved,[],2025-03-11T20:14:41.029928+00:00,4716a1279a5146ec977582a181f4a56d
2010-12-16,0.0,0.00,ft^3/s,Approved,[],2025-03-11T20:14:41.029928+00:00,4716a1279a5146ec977582a181f4a56d
2010-12-17,0.0,0.00,ft^3/s,Approved,[],2025-03-11T20:14:41.029928+00:00,4716a1279a5146ec977582a181f4a56d
2010-12-18,0.0,0.00,ft^3/s,Approved,[],2025-03-11T20:14:41.029928+00:00,4716a1279a5146ec977582a181f4a56d
2010-12-19,0.0,0.00,ft^3/s,Approved,[],2025-03-11T20:14:41.029928+00:00,4716a1279a5146ec977582a181f4a56d
2010-12-20,0.0,0.00,ft^3/s,Approved,[],2025-03-11T20:14:41.029928+00:00,4716a1279a5146ec977582a181f4a56d
2010-12-21,0.0,0.00,ft^3/s,Approved,[],2025-03-11T20:14:41.029928+00:00,4716a1279a5146ec977582a181f4a56d
2010-12-22,0.0,0.00,ft^3/s,Approved,[],2025-03-11T20:14:41.029928+00:00,4716a1279a5146ec977582a181f4a56d
2010-12-23,0.0,0.00,ft^3/s,Approved,[],2025-03-11T20:14:41.029928+00:00,4716a1279a5146ec977582a181f4a56d
2010-12-24,0.0,0.00,ft^3/s,Approved,[],2025-03-11T20:14:41.029928+00:00,4716a1279a5146ec977582a181f4a56d
2010-12-25,0.0,0.00,ft^3/s,Approved,[],2025-03-11T20:14:41.029928+00:00,4716a1279a5146ec977582a181f4a56d
2010-12-26,0.0,0.00,ft^3/s,Approved,[],2025-03-11T20:14:41.029928+00:00,4716a1279a5146ec977582a181f4a56d
2010-12-27,0.0,0.00,ft^3/s,Approved,[],2025-03-11T20:14:41.029928+00:00,4716a1279a5146ec977582a181f4a56d
2010-12-28,0.0,0.00,ft^3/s,Approved,[],2025-03-11T20:14:41.029928+00:00,4716a1279a5146ec977582a181f4a56d
2010-12-29,0.0,0.00,ft^3/s,Approved,[],2025-03-11T20:14:41.029928+00:00,4716a1279a5146ec977582a181f4a56d
2010-12-30,0.0,0.00,ft^3/s,Approved,[],2025-03-11T20:14:41.029928+00:00,4716a1279a5146ec977582a181f4a56d
2010-12-31,0.0,0.00,ft^3/s,Approved,[],2025-03-11T20:14:41.029928+00:00,4716a1279a5146ec977582a181f4a56d
2011-01-01,0.0,0.00,ft^3/s,Approved,[],2025-03-11T20:14:41.029928+00:00,4716a1279a5146ec977582a181f4a56d
2011-01-02,0.0,0.00,ft^3/s,Approved,[],2025-03-11T20:14:41.029928+00:00,4716a1279a5146ec977582a181f4a56d
2011-01-03,0.0,0.00,ft^3/s,Approved,[],2025-03-11T20:14:41.029928+00:00,4716a1279a5146ec977582a181f4a56d
2011-01-04,0.0,0.00,ft^3/s,Approved,[],2025-03-11T20:14:41.029928+00:00,4716a1279a5146ec977582a181f4a56d
2011-01-05,0.0,0.00,ft^3/s,Approved,[],2025-03-11T20:14:41.029928+00:00,4716a1279a5146ec977582a181f4a56d
2011-01-06,0.0,0.00,ft^3/s,Approved,[],2025-03-11T20:14:41.029928+00:00,4716a1279a5146ec977582a181f4a56d
2011-01-07,0.0,0.00,ft^3/s,Approved,[],2025-03-11T20:14:41.029928+00:00,4716a1279a5146ec977582a181f4a56d
2011-01-08,0.0,0.00,ft^3/s,Approved,[],2025-03-11T20:14:41.029928+00:00,4716a1279a5146ec977582a181f4a56d
2011-01-09,0.0,0.00,ft^3/s,Approved,[],2025-03-11T20:14:41.029928+00:00,4716a1279a5146ec977582a181f4a56d
2011-01-10,0.0,0.00,ft^3/s,Approved,[],2025-03-11T20:14:41.029928+00:00,4716a1279a5146ec977582a181f4a56d
2011-01-11,0.0,0.00,ft^3/s,Approved,[],2025-03-11T20:14:41.029928+00:00,4716a1279a5146ec977582a181f4a56d
2011-01-12,0.0,0.00,ft^3/s,Approved,[],2025-03-11T20:14:41.029928+00:00,4716a1279a5146ec977582a181f4a56d
2011-01-13,0.0,0.00,ft^3/s,Approved,[],2025-03-11T20:14:41.029928+00:00,4716a1279a5146ec977582a181f4a56d
2011-01-14,0.0,0.00,ft^3/s,Approved,[],2025-03-11T20:14:41.029928+00:00,4716a1279a5146ec977582a181f4a56d
2011-01-15,0.0,0.00,ft^3/s,Approved,[],2025-03-11T20:14:41.029928+00:00,4716a1279a5146ec977582a181f4a56d
2011-01-16,0.0,0.00,ft^3/s,Approved,[],2025-03-11T20:14:41.029928+00:00,4716a1279a5146ec977582a181f4a56d
2011-01-17,0.0,0.00,ft^3/s,Approved,[],2025-03-11T20:14:41.029928+00:00,4716a1279a5146ec977582a181f4a56d
2011-01-18,0.0,0.00,ft^3/s,Approved,[],2025-03-11T20:14:41.029928+00:00,4716a1279a5146ec977582a181f4a56d
2011-01-19,0.0,0.00,ft^3/s,Approved,[],2025-03-11T20:14:41.029928+00:00,4716a1279a5146ec977582a181f4a56d
2011-01-20,0.0,0.00,ft^3/s,Approved,[],2025-03-11T20:14:41.029928+00:00,4716a1279a5146ec977582a181f4a56d
2011-01-21,0.0,0.00,ft^3/s,Approved,[],2025-03-11T20:14:41.029928+00:00,4716a1279a5146ec977582a181f4a56d
2011-01-22,0.0,0.00,ft^3/s,Approved,[],2025-03-11T20:14:41.029928+00:00,4716a1279a5146ec977582a181f4a56d
2011-01-23,0.0,0.00,ft^3/s,Approved,[],2025-03-11T20:14:41.029928+00:00,4716a1279a5146ec977582a181f4a56d
2011-01-24,0.0,0.00,ft^3/s,Approved,[],2025-03-11T20:14:41.029928+00:00,4716a1279a5146ec977582a181f4a56d
2011-01-25,0.0,0.00,ft^3/s,Approved,[],2025-03-11T20:14:41.029928+00:00,4716a1279a5146ec977582a181f4a56d
2011-01-26,0.0,0.00,ft^3/s,Approved,[],2025-03-11T20:14:41.029928+00:00,4716a1279a5146ec977582a181f4a56d
2011-01-27,0.0,0.00,ft^3/s,Approved,[],2025-03-11T20:14:41.029928+00:00,4716a1279a5146ec977582a181f4a56d
2011-01-28,0.0,0.00,ft^3/s,Approved,[],2025-03-11T20:14:41.029928+00:00,4716a1279a5146ec977582a181f4a56d
2011-01-29,0.0,0.00,ft^3/s,Approved,[],2025-03-11T20:14:41.029928+00:00,4716a1279a5146ec977582a181f4a56d
2011-01-30,0.0,0.00,ft^3/s,Approved,[],2025-03-11T20:14:41.029928+00:00,4716a1279a5146ec977582a181f4a56d
2011-01-31,0.0,0.00,ft^3/s,Approved,[],2025-03-11T20:14:41.029928+00:00,4716a1279a5146ec977582a181f4a56d
2011-02-01,0.0,0.00,ft^3/s,Approved,[],2025-03-11T20:14:41.029928+00:00,4716a1279a5146ec977582a181f4a56d
2011-02-02,0.0,0.00,ft^3/s,Approved,[],2025-03-11T20:14:41.029928+00:00,4716a1279a5146ec977582a181f4a56d
2011-02-03,0.0,0.00,ft^3/s,Approved,[],2025-03-11T20:14:41.029928+00:00,4716a1279a5146ec977582a181f4a56d
2011-02-04,0.0,0.00,ft^3/s,Approved,[],2025-03-11T20:14:41.029928+00:00,4716a1279a5146ec977582a181f4a56d
2011-02-05,0.0,0.00,ft^3/s,Approved,[],2025-03-11T20:14:41.029928+00:00,4716a1279a5146ec977582a181f4a56d
2011-02-06,0.0,0.00,ft^3/s,Approved,[],2025-03-11T20:14:41.029928+00:00,4716a1279a5146ec977582a181f4a56d
2011-02-07,0.0,0.00,ft^3/s,Approved,[],2025-03-11T20:14:41.029928+00:00,4716a1279a5146ec977582a181f4a56d
2011-02-08,0.0,0.00,ft^3/s,Approved,[],2025-03-11T20:14:41.029928+00:00,4716a1279a5146ec977582a181f4a56d
2011-02-09,0.0,0.00,ft^3/s,Approved,[],2025-03-11T20:14:41.029928+00:00,4716a1279a5146ec977582a181f4a56d
2011-02-10,0.0,0.00,ft^3/s,Approved,[],2025-03-11T20:14:41.029928+00:00,4716a1279a5146ec977582a181f4a56d
2011-02-11,0.0,0.00,ft^3/s,Approved,[],2025-03-11T20:14:41.029928+00:00,4716a1279a5146ec977582a181f4a56d
2011-02-12,0.0,0.00,ft^3/s,Approved,[],2025-03-11T20:14:41.029928+00:00,4716a1279a5146ec977582a181f4a56d
2011-02-13,0.0,0.00,ft^3/s,Approved,[],2025-03-11T20:14:41.029928+00:00,4716a1279a5146ec977582a181f4a56d
2011-02-14,0.0,0.00,ft^3/s,Approved,[],2025-03-11T20:14:41.029928+00:00,4716a1279a5146ec977582a181f4a56d
2011-02-15,0.0,0.00,ft^3/s,Approved,[],2025-03-11T20:14:41.029928+00:00,4716a1279a5146ec977582a181f4a56d
2011-02-16,0.0,0.00,ft^3/s,Approved,[],2025-03-11T20:14:41.029928+00:00,4716a1279a5146ec977582a181f4a56d
2011-02-17,0.0,0.00,ft^3/s,Approved,[],2025-03-11T20:14:41.029928+00:00,4716a1279a5146ec977582a181f4a56d
2011-02-18,0.0,0.00,ft^3/s,Approved,[],2025-03-11T20:14:41.029928+00:00,4716a1279a5146ec977582a181f4a56d
2011-02-19,0.0,0.00,ft^3/s,Approved,[],2025-03-11T20:14:41.029928+00:00,4716a1279a5146ec977582a181f4a56d
2011-02-20,0.0,0.00,ft^3/s,Approved,[],2025-03-11T20:14:41.029928+00:00,4716a1279a5146ec977582a181f4a56d
2011-02-21,0.0,0.00,ft^3/s,Approved,[],2025-03-11T20:14:41.029928+00:00,4716a1279a5146ec977582a181f4a56d
2011-02-22,0.0,0.00,ft^3/s,Approved,[],2025-03-11T20:14:41.029928+00:00,4716a1279a5146ec977582a181f4a56d
2011-02-23,0.0,0.00,ft^3/s,Approved,[],2025-03-11T20:14:41.029928+00:00,4716a1279a5146ec977582a181f4a56d
2011-02-24,0.0,0.00,ft^3/s,Approved,[],2025-03-11T20:14:41.029928+00:00,4716a1279a5146ec977582a181f4a56d
2011-02-25,0.0,0.00,ft^3/s,Approved,[],2025-03-11T20:14:41.029928+00:00,4716a1279a5146ec977582a181f4a56d
2011-02-26,0.0,0.00,ft^3/s,Approved,[],2025-03-11T20:14:41.029928+00:00,4716a1279a5146ec977582a181f4a56d
2011-02-27,0.0,0.00,ft^3/s,Approved,[],2025-03-11T20:14:41.029928+00:00,4716a1279a5146ec977582a181f4a56d
2011-02-28,0.0,0.00,ft^3/s,Approved,[],2025-03-11T20:14:41.029928+00:00,4716a1279a5146ec977582a181f4a56d
2011-03-01,0.0,0.00,ft^3/s,Approved,[],2025-03-11T20:14:41.029928+00:00,4716a1279a5146ec977582a181f4a56d
2011-03-02,0.0,0.00,ft^3/s,Approved,[],2025-03-11T20:14:41.029928+00:00,4716a1279a5146ec977582a181f4a56d
2011-03-03,0.0,0.00,ft^3/s,Approved,[],2025-03-11T20:14:41.029928+00:00,4716a1279a5146ec977582a181f4a56d
2011-03-04,0.0,0.00,ft^3/s,Approved,[],2025-03-11T20:14:41.029928+00:00,4716a1279a5146ec977582a181f4a56d
2011-03-05,0.0,0.00,ft^3/s,Approved,[],2025-03-11T20:14:41.029928+00:00,4716a1279a5146ec977582a181f4a56d
2011-03-06,0.0,0.00,ft^3/s,Approved,[],2025-03-11T20:14:41.029928+00:00,4716a1279a5146ec977582a181f4a56d
2011-03-07,0.0,0.00,ft^3/s,Approved,[],2025-03-11T20:14:41.029928+00:00,4716a1279a5146ec977582a181f4a56d
2011-03-08,0.0,0.00,ft^3/s,Approved,[],2025-03-11T20:14:41.029928+00:00,4716a1279a5146ec977582a181f4a56d
2011-03-09,0.0,0.00,ft^3/s,Approved,[],2025-03-11T20:14:41.029928+00:00,4716a1279a5146ec977582a181f4a56d
2011-03-10,0.0,0.00,ft^3/s,Approved,[],2025-03-11T20:14:41.029928+00:00,4716a1279a5146ec977582a181f4a56d
2011-03-11,0.0,0.00,ft^3/s,Approved,[],2025-03-11T20:14:41.029928+00:00,4716a1279a5146ec977582a181f4a56d
2011-03-12,0.0,0.00,ft^3/s,Approved,[],2025-03-11T20:14:41.029928+00:00,4716a1279a5146ec977582a181f4a56d
2011-03-13,0.0,0.00,ft^3/s,Approved,[],2025-03-11T20:14:41.029928+00:00,4716a1279a5146ec977582a181f4a56d
2011-03-14,0.0,0.00,ft^3/s,Approved,[],2025-03-11T20:14:41.029928+00:00,4716a1279a5146ec977582a181f4a56d
2011-03-15,0.0,0.00,ft^3/s,Approved,[],2025-03-11T20:14:41.029928+00:00,4716a1279a5146ec977582a181f4a56d
2011-03-16,0.0,0.00,ft^3/s,Approved,[],2025-03-11T20:14:41.029928+00:00,4716a1279a5146ec977582a181f4a56d
2011-03-17,0.0,0.00,ft^3/s,Approved,[],2025-03-11T20:14:41.029928+00:00,4716a1279a5146ec977582a181f4a56d
2011-03-18,0.0,0.00,ft^3/s,Approved,[],2025-03-11T20:14:41.029928+00:00,4716a1279a5146ec977582a181f4a56d
2011-03-19,0.0,0.00,ft^3/s,Approved,[],2025-03-11T20:14:41.029928+00:00,4716a1279a5146ec977582a181f4a56d
2011-03-20,0.0,0.00,ft^3/s,Approved,[],2025-03-11T20:14:41.029928+00:00,4716a1279a5146ec977582a181f4a56d
2011-03-21,0.0,0.00,ft^3/s,Approved,[],2025-03-11T20:14:41.029928+00:00,4716a1279a5146ec977582a181f4a56d
2011-03-22,0.0,0.00,ft^3/s,Approved,[],2025-03-11T20:14:41.029928+00:00,4716a1279a5146ec977582a181f4a56d
2011-03-23,0.0,0.00,ft^3/s,Approved,[],2025-03-11T20:14:41.029928+00:00,4716a1279a5146ec977582a181f4a56d
2011-03-24,0.0,0.00,ft^3/s,Approved,[],2025-03-11T20:14:41.029928+00:00,4716a1279a5146ec977582a181f4a56d
2011-03-25,0.0,0.00,ft^3/s,Approved,[],2025-03-11T20:14:41.029928+00:00,4716a1279a5146ec977582a181f4a56d
2011-03-26,0.0,0.00,ft^3/s,Approved,[],2025-03-11T20:14:41.029928+00:00,4716a1279a5146ec977582a181f4a56d
2011-03-27,0.0,0.00,ft^3/s,Approved,[],2025-03-11T20:14:41.029928+00:00,4716a1279a5146ec977582a181f4a56d
2011-03-28,0.0,0.00,ft^3/s,Approved,[],2025-03-11T20:14:41.029928+00:00,4716a1279a5146ec977582a181f4a56d
2011-03-29,0.0,0.00,ft^3/s,Approved,[],2025-03-11T20:14:41.029928+00:00,4716a1279a5146ec977582a181f4a56d
2011-03-30,0.0,0.00,ft^3/s,Approved,[],2025-03-11T20:14:41.029928+00:00,4716a1279a5146ec977582a181f4a56d
2011-03-31,0.0,0.00,ft^3/s,Approved,[],2025-03-11T20:14:41.029928+00:00,4716a1279a5146ec977582a181f4a56d
2011-04-01,0.0,0.00,ft^3/s,Approved,[],2025-03-11T20:14:41.029928+00:00,4716a1279a5146ec977582a181f4a56d
2011-04-02,0.0,0.00,ft^3/s,Approved,[],2025-03-11T20:14:41.029928+00:00,4716a1279a5146ec977582a181f4a56d
2011-04-03,0.0,0.00,ft^3/s,Approved,[],2025-03-11T20:14:41.029928+00:00,4716a1279a5146ec977582a181f4a56d
2011-04-04,0.0,0.00,ft^3/s,Approved,[],2025-03-11T20:14:41.029928+00:00,4716a1279a5146ec977582a181f4a56d
2011-04-05,0.0,0.00,ft^3/s,Approved,[],2025-03-11T20:14:41.029928+00:00,4716a1279a5146ec977582a181f4a56d
2011-04-06,0.0,0.00,ft^3/s,Approved,[],2025-03-11T20:14:41.029928+00:00,4716a1279a5146ec977582a181f4a56d
2011-04-07,0.0,0.00,ft^3/s,Approved,[],2025-03-11T20:14:41.029928+00:00,4716a1279a5146ec977582a181f4a56d
2011-04-08,0.0,0.00,ft^3/s,Approved,[],2025-03-11T20:14:41.029928+00:00,4716a1279a5146ec977582a181f4a56d
2011-04-09,0.0,0.00,ft^3/s,Approved,[],2025-03-11T20:14:41.029928+00:00,4716a1279a5146ec977582a181f4a56d
2011-04-10,0.0,0.00,ft^3/s,Approved,[],2025-03-11T20:14:41.029928+00:00,4716a1279a5146ec977582a181f4a56d
2011-04-11,0.0,0.00,ft^3/s,Approved,[],2025-03-11T20:14:41.029928+00:00,4716a1279a5146ec977582a181f4a56d
2011-04-12,0.0,0.00,ft^3/s,Approved,[],2025-03-11T20:14:41.029928+00:00,4716a1279a5146ec977582a181f4a56d
2011-04-13,0.0,0.00,ft^3/s,Approved,[],2025-03-11T20:14:41.029928+00:00,4716a1279a5146ec977582a181f4a56d
2011-04-14,0.0,0.00,ft^3/s,Approved,[],2025-03-11T20:14:41.029928+00:00,4716a1279a5146ec977582a181f4a56d
2011-04-15,0.0,0.00,ft^3/s,Approved,[],2025-03-11T20:14:41.029928+00:00,4716a1279a5146ec977582a181f4a56d
2011-04-16,0.0,0.00,ft^3/s,Approved,[],2025-03-11T20:14:41.029928+00:00,4716a1279a5146ec977582a181f4a56d
2011-04-17,0.0,0.00,ft^3/s,Approved,[],2025-03-11T20:14:41.029928+00:00,4716a1279a5146ec977582a181f4a56d
2011-04-18,0.0,0.00,ft^3/s,Approved,[],2025-03-11T20:14:41.029928+00:00,4716a1279a5146ec977582a181f4a56d
2011-04-19,0.0,0.00,ft^3/s,Approved,[],2025-03-11T20:14:41.029928+00:00,4716a1279a5146ec977582a181f4a56d
2011-04-20,0.0,0.00,ft^3/s,Approved,[],2025-03-11T20:14:41.029928+00:00,4716a1279a5146ec977582a181f4a56d
2011-04-21,0.0,0.00,ft^3/s,Approved,[],2025-03-11T20:14:41.029928+00:00,4716a1279a5146ec977582a181f4a56d
2011-04-22,0.0,0.00,ft^3/s,Approved,[],2025-03-11T20:14:41.029928+00:00,4716a1279a5146ec977582a181f4a56d
2011-04-23,0.0,0.00,ft^3/s,Approved,[],2025-03-11T20:14:41.029928+00:00,4716a1279a5146ec977582a181f4a56d
2011-04-24,0.0,0.00,ft^3/s,Approved,[],2025-03-11T20:14:41.029928+00:00,4716a1279a5146ec977582a181f4a56d
2011-04-25,0.0,0.00,ft^3/s,Approved,[],2025-03-11T20:14:41.029928+00:00,4716a1279a5146ec977582a181f4a56d
2011-04-26,0.0,0.00,ft^3/s,Approved,[],2025-03-11T20:14:41.029928+00:00,4716a1279a5146ec977582a181f4a56d
2011-04-27,0.0,0.00,ft^3/s,Approved,[],2025-03-11T20:14:41.029928+00:00,4716a1279a5146ec977582a181f4a56d
2011-04-28,0.0,0.00,ft^3/s,Approved,[],2025-03-11T20:14:41.029928+00:00,4716a1279a5146ec977582a181f4a56d
2011-04-29,0.0,0.00,ft^3/s,Approved,[],2025-03-11T20:14:41.029928+00:00,4716a1279a5146ec977582a181f4a56d
2011-04-30,0.0,0.00,ft^3/s,Approved,[],2025-03-11T20:14:41.029928+00:00,4716a1279a5146ec977582a181f4a56d
2011-05-01,0.0,0.00,ft^3/s,Approved,[],2025-03-11T20:14:41.029928+00:00,4716a1279a5146ec977582a181f4a56d
2011-05-02,0.0,0.00,ft^3/s,Approved,[],2025-03-11T20:14:41.029928+00:00,4716a1279a5146ec977582a181f4a56d
2011-05-03,0.0,0.00,ft^3/s,Approved,[],2025-03-11T20:14:41.029928+00:00,4716a1279a5146ec977582a181f4a56d
2011-05-04,0.0,0.00,ft^3/s,Approved,[],2025-03-11T20:14:41.029928+00:00,4716a1279a5146ec977582a181f4a56d
2011-05-05,0.0,0.00,ft^3/s,Approved,[],2025-03-11T20:14:41.029928+00:00,4716a1279a5146ec977582a181f4a56d
2011-05-06,0.0,0.00,ft^3/s,Approved,[],2025-03-11T20:14:41.029928+00:00,4716a1279a5146ec977582a181f4a56d
2011-05-07,0.0,0.00,ft^3/s,Approved,[],2025-03-11T20:14:41.029928+00:00,4716a1279a5146ec977582a181f4a56d
2011-05-08,0.0,0.00,ft^3/s,Approved,[],2025-03-11T20:14:41.029928+00:00,4716a1279a5146ec977582a181f4a56d
2011-05-09,0.0,0.00,ft^3/s,Approved,[],2025-03-11T20:14:41.029928+00:00,4716a1279a5146ec977582a181f4a56d
2011-05-10,0.0,0.00,ft^3/s,Approved,[],2025-03-11T20:14:41.029928+00:00,4716a1279a5146ec977582a181f4a56d
2011-05-11,0.0,0.00,ft^3/s,Approved,[],2025-03-11T20:14:41.029928+00:00,4716a1279a5146ec977582a181f4a56d
2011-05-12,0.0,0.00,ft^3/s,Approved,[],2025-03-11T20:14:41.029928+00:00,4716a1279a5146ec977582a181f4a56d
2011-05-13,0.0,0.00,ft^3/s,Approved,[],2025-03-11T20:14:41.029928+00:00,4716a1279a5146ec977582a181f4a56d
2011-05-14,0.0,0.00,ft^3/s,Approved,[],2025-03-11T20:14:41.029928+00:00,4716a1279a5146ec977582a181f4a56d
2011-05-15,0.0,0.00,ft^3/s,Approved,[],2025-03-11T20:14:41.029928+00:00,4716a1279a5146ec977582a181f4a56d
2011-05-16,0.0,0.00,ft^3/s,Approved,[],2025-03-11T20:14:41.029928+00:00,4716a1279a5146ec977582a181f4a56d
2011-05-17,0.0,0.00,ft^3/s,Approved,[],2025-03-11T20:14:41.029928+00:00,4716a1279a5146ec977582a181f4a56d
2011-05-18,0.0,0.00,ft^3/s,Approved,[],2025-03-11T20:14:41.029928+00:00,4716a1279a5146ec977582a181f4a56d
2011-05-19,0.0,0.00,ft^3/s,Approved,[],2025-03-11T20:14:41.029928+00:00,4716a1279a5146ec977582a181f4a56d
2011-05-20,0.0,0.00,ft^3/s,Approved,[],2025-03-11T20:14:41.029928+00:00,4716a1279a5146ec977582a181f4a56d
2011-05-21,0.0,0.00,ft^3/s,Approved,[],2025-03-11T20:14:41.029928+00:00,4716a1279a5146ec977582a181f4a56d
2011-05-22,0.0,0.00,ft^3/s,Approved,[],2025-03-11T20:14:41.029928+00:00,4716a1279a5146ec977582a181f4a56d
2011-05-23,0.0,0.00,ft^3/s,Approved,[],2025-03-11T20:14:41.029928+00:00,4716a1279a5146ec977582a181f4a56d
2011-05-24,0.0,0.00,ft^3/s,Approved,[],2025-03-11T20:14:41.029928+00:00,4716a1279a5146ec977582a181f4a56d
2011-05-25,0.0,0.00,ft^3/s,Approved,[],2025-03-11T20:14:41.029928+00:00,4716a1279a5146ec977582a181f4a56d
2011-05-26,0.0,0.00,ft^3/s,Approved,[],2025-03-11T20:14:41.029928+00:00,4716a1279a5146ec977582a181f4a56d
2011-05-27,0.0,0.00,ft^3/s,Approved,[],2025-03-11T20:14:41.029928+00:00,4716a1279a5146ec977582a181f4a56d
2011-05-28,0.0,0.00,ft^3/s,Approved,[],2025-03-11T20:14:41.029928+00:00,4716a1279a5146ec977582a181f4a56d
2011-05-29,0.0,0.00,ft^3/s,Approved,[],2025-03-11T20:14:41.029928+00:00,4716a1279a5146ec977582a181f4a56d
2011-05-30,0.0,0.00,ft^3/s,Approved,[],2025-03-11T20:14:41.029928+00:00,4716a1279a5146ec977582a181f4a56d
2011-05-31,0.0,0.00,ft^3/s,Approved,[],2025-03-11T20:14:41.029928+00:00,4716a1279a5146ec977582a181f4a56d
2011-06-01,0.0,0.00,ft^3/s,Approved,[],2025-03-11T20:14:41.029928+00:00,4716a1279a5146ec977582a181f4a56d
2011-06-02,0.0,0.00,ft^3/s,Approved,[],2025-03-11T20:14:41.029928+00:00,4716a1279a5146ec977582a181f4a56d
2011-06-03,0.0,0.00,ft^3/s,Approved,[],2025-03-11T20:14:41.029928+00:00,4716a1279a5146ec977582a181f4a56d
2011-06-04,0.0,0.00,ft^3/s,Approved,[],2025-03-11T20:14:41.029928+00:00,4716a1279a5146ec977582a181f4a56d
2011-06-05,0.0,0.00,ft^3/s,Approved,[],2025-03-11T20:14:41.029928+00:00,4716a1279a5146ec977582a181f4a56d
2011-06-06,0.0,0.00,ft^3/s,Approved,[],2025-03-11T20:14:41.029928+00:00,4716a1279a5146ec977582a181f4a56d
2011-06-07,0.0,0.00,ft^3/s,Approved,[],2025-03-11T20:14:41.029928+00:00,4716a1279a5146ec977582a181f4a56d
2011-06-08,0.0,0.00,ft^3/s,Approved,[],2025-03-11T20:14:41.029928+00:00,4716a1279a5146ec977582a181f4a56d
2011-06-09,0.0,0.00,ft^3/s,Approved,[],2025-03-11T20:14:41.029928+00:00,4716a1279a5146ec977582a181f4a56d
2011-06-10,0.0,0.00,ft^3/s,Approved,[],2025-03-11T20:14:41.029928+00:00,4716a1279a5146ec977582a181f4a56d
2011-06-11,0.0,0.00,ft^3/s,Approved,[],2025-03-11T20:14:41.029928+00:00,4716a1279a5146ec977582a181f4a56d
2011-06-12,0.0,0.00,ft^3/s,Approved,[],2025-03-11T20:14:41.029928+00:00,4716a1279a5146ec977582a181f4a56d
2011-06-13,0.0,0.00,ft^3/s,Approved,[],2025-03-11T20:14:41.029928+00:00,4716a1279a5146ec977582a181f4a56d
2011-06-14,0.0,0.00,ft^3/s,Approved,[],2025-03-11T20:14:41.029928+00:00,4716a1279a5146ec977582a181f4a56d
2011-06-15,0.0,0.00,ft^3/s,Approved,[],2025-03-11T20:14:41.029928+00:00,4716a1279a5146ec977582a181f4a56d
2011-06-16,0.0,0.00,ft^3/s,Approved,[],2025-03-11T20:14:41.029928+00:00,4716a1279a5146ec977582a181f4a56d
2011-06-17,0.0,0.00,ft^3/s,Approved,[],2025-03-11T20:14:41.029928+00:00,4716a1279a5146ec977582a181f4a56d
2011-06-18,0.0,0.00,ft^3/s,Approved,[],2025-03-11T20:14:41.029928+00:00,4716a1279a5146ec977582a181f4a56d
2011-06-19,0.0,0.00,ft^3/s,Approved,[],2025-03-11T20:14:41.029928+00:00,4716a1279a5146ec977582a181f4a56d
2011-06-20,0.0,0.00,ft^3/s,Approved,[],2025-03-11T20:14:41.029928+00:00,4716a1279a5146ec977582a181f4a56d
2011-06-21,0.0,0.00,ft^3/s,Approved,[],2025-03-11T20:14:41.029928+00:00,4716a1279a5146ec977582a181f4a56d
2011-06-22,0.0,0.00,ft^3/s,Approved,[],2025-03-11T20:14:41.029928+00:00,4716a1279a5146ec977582a181f4a56d
2011-06-23,0.0,0.00,ft^3/s,Approved,[],2025-03-11T20:14:41.029928+00:00,4716a1279a5146ec977582a181f4a56d
2011-06-24,0.0,0.00,ft^3/s,Approved,[],2025-03-11T20:14:41.029928+00:00,4716a1279a5146ec977582a181f4a56d
2011-06-25,0.0,0.00,ft^3/s,Approved,[],2025-03-11T20:14:41.029928+00:00,4716a1279a5146ec977582a181f4a56d
2011-06-26,0.0,0.00,ft^3/s,Approved,[],2025-03-11T20:14:41.029928+00:00,4716a1279a5146ec977582a181f4a56d
2011-06-27,0.0,0.00,ft^3/s,Approved,[],2025-03-11T20:14:41.029928+00:00,4716a1279a5146ec977582a181f4a56d
2011-06-28,0.0,0.00,ft^3/s,Approved,[],2025-03-11T20:14:41.029928+00:00,4716a1279a5146ec977582a181f4a56d
2011-06-29,0.0,0.00,ft^3/s,Approved,[],2025-03-11T20:14:41.029928+00:00,4716a1279a5146ec977582a181f4a56d
2011-06-30,0.0,0.00,ft^3/s,Approved,[],2025-03-11T20:14:41.029928+00:00,4716a1279a5146ec977582a181f4a56d
2011-07-01,0.0,0.00,ft^3/s,Approved,[],2025-03-11T20:14:41.029928+00:00,4716a1279a5146ec977582a181f4a56d
2011-07-02,0.0,0.00,ft^3/s,Approved,[],2025-03-11T20:14:41.029928+00:00,4716a1279a5146ec977582a181f4a56d
2011-07-03,0.0,0.00,ft^3/s,Approved,[],2025-03-11T20:14:41.029928+00:00,4716a1279a5146ec977582a181f4a56d
2011-07-04,0.0,0.00,ft^3/s,Approved,[],2025-03-11T20:14:41.029928+00:00,4716a1279a5146ec977582a181f4a56d
2011-07-05,0.0,0.00,ft^3/s,Approved,[],2025-03-11T20:14:41.029928+00:00,4716a1279a5146ec977582a181f4a56d
2011-07-06,0.0,0.00,ft^3/s,Approved,[],2025-03-11T20:14:41.029928+00:00,4716a1279a5146ec977582a181f4a56d
2011-07-07,0.0,0.00,ft^3/s,Approved,[],2025-03-11T20:14:41.029928+00:00,4716a1279a5146ec977582a181f4a56d
2011-07-08,0.0,0.00,ft^3/s,Approved,[],2025-03-11T20:14:41.029928+00:00,4716a1279a5146ec977582a181f4a56d
2011-07-09,0.0,0.00,ft^3/s,Approved,[],2025-03-11T20:14:41.029928+00:00,4716a1279a5146ec977582a181f4a56d
2011-07-10,0.0,0.00,ft^3/s,Approved,[],2025-03-11T20:14:41.029928+00:00,4716a1279a5146ec977582a181f4a56d
2011-07-11,0.0,0.00,ft^3/s,Approved,[],2025-03-11T20:14:41.029928+00:00,4716a1279a5146ec977582a181f4a56d
2011-07-12,0.0,0.00,ft^3/s,Approved,[],2025-03-11T20:14:41.029928+00:00,4716a1279a5146ec977582a181f4a56d
2011-07-13,0.0,0.00,ft^3/s,Approved,[],2025-03-11T20:14:41.029928+00:00,4716a1279a5146ec977582a181f4a56d
2011-07-14,0.0,0.00,ft^3/s,Approved,[],2025-03-11T20:14:41.029928+00:00,4716a1279a5146ec977582a181f4a56d
2011-07-15,0.0,0.00,ft^3/s,Approved,[],2025-03-11T20:14:41.029928+00:00,4716a1279a5146ec977582a181f4a56d
2011-07-16,0.0,0.00,ft^3/s,Approved,[],2025-03-11T20:14:41.029928+00:00,4716a1279a5146ec977582a181f4a56d
2011-07-17,0.0,0.00,ft^3/s,Approved,[],2025-03-11T20:14:41.029928+00:00,4716a1279a5146ec977582a181f4a56d
2011-07-18,0.0,0.00,ft^3/s,Approved,[],2025-03-11T20:14:41.029928+00:00,4716a1279a5146ec977582a181f4a56d
2011-07-19,0.0,0.00,ft^3/s,Approved,[],2025-03-11T20:14:41.029928+00:00,4716a1279a5146ec977582a181f4a56d
2011-07-20,0.0,0.00,ft^3/s,Approved,[],2025-03-11T20:14:41.029928+00:00,4716a1279a5146ec977582a181f4a56d
2011-07-21,0.0,0.00,ft^3/s,Approved,[],2025-03-11T20:14:41.029928+00:00,4716a1279a5146ec977582a181f4a56d
2011-07-22,0.0,0.00,ft^3/s,Approved,[],2025-03-11T20:14:41.029928+00:00,4716a1279a5146ec977582a181f4a56d
2011-07-23,0.0,0.00,ft^3/s,Approved,[],2025-03-11T20:14:41.029928+00:00,4716a1279a5146ec977582a181f4a56d
2011-07-24,0.0,0.00,ft^3/s,Approved,[],2025-03-11T20:14:41.029928+00:00,4716a1279a5146ec977582a181f4a56d
2011-07-25,0.0,0.00,ft^3/s,Approved,[],2025-03-11T20:14:41.029928+00:00,4716a1279a5146ec977582a181f4a56d
2011-07-26,0.0,0.00,ft^3/s,Approved,[],2025-03-11T20:14:41.029928+00:00,4716a1279a5146ec977582a181f4a56d
2011-07-27,0.0,0.00,ft^3/s,Approved,[],2025-03-11T20:14:41.029928+00:00,4716a1279a5146ec977582a181f4a56d
2011-07-28,0.0,0.00,ft^3/s,Approved,[],2025-03-11T20:14:41.029928+00:00,4716a1279a5146ec977582a181f4a56d
2011-07-29,0.0,0.00,ft^3/s,Approved,[],2025-03-11T20:14:41.029928+00:00,4716a1279a5146ec977582a181f4a56d
2011-07-30,0.0,0.00,ft^3/s,Approved,[],2025-03-11T20:14:41.029928+00:00,4716a1279a5146ec977582a181f4a56d
2011-07-31,0.0,0.00,ft^3/s,Approved,[],2025-03-11T20:14:41.029928+00:00,4716a1279a5146ec977582a181f4a56d
2011-08-01,0.0,0.00,ft^3/s,Approved,[],2025-03-11T20:14:41.029928+00:00,4716a1279a5146ec977582a181f4a56d
2011-08-02,0.0,0.00,ft^3/s,Approved,[],2025-03-11T20:14:41.029928+00:00,4716a1279a5146ec977582a181f4a56d
2011-08-03,0.0,0.00,ft^3/s,Approved,[],2025-03-11T20:14:41.029928+00:00,4716a1279a5146ec977582a181f4a56d
2011-08-04,0.0,0.00,ft^3/s,Approved,[],2025-03-11T20:14:41.029928+00:00,4716a1279a5146ec977582a181f4a56d
2011-08-05,0.0,0.00,ft^3/s,Approved,[],2025-03-11T20:14:41.029928+00:00,4716a1279a5146ec977582a181f4a56d
2011-08-06,0.0,0.00,ft^3/s,Approved,[],2025-03-11T20:14:41.029928+00:00,4716a1279a5146ec977582a181f4a56d
2011-08-07,0.0,0.00,ft^3/s,Approved,[],2025-03-11T20:14:41.029928+00:00,4716a1279a5146ec977582a181f4a56d
2011-08-08,0.0,0.00,ft^3/s,Approved,[],2025-03-11T20:14:41.029928+00:00,4716a1279a5146ec977582a181f4a56d
2011-08-09,0.0,0.00,ft^3/s,Approved,[],2025-03-11T20:14:41.029928+00:00,4716a1279a5146ec977582a181f4a56d
2011-08-10,0.0,0.00,ft^3/s,Approved,[],2025-03-11T20:14:41.029928+00:00,4716a1279a5146ec977582a181f4a56d
2011-08-11,0.0,0.00,ft^3/s,Approved,[],2025-03-11T20:14:41.029928+00:00,4716a1279a5146ec977582a181f4a56d
2011-08-12,0.0,0.00,ft^3/s,Approved,[],2025-03-11T20:14:41.029928+00:00,4716a1279a5146ec977582a181f4a56d
2011-08-13,0.0,0.00,ft^3/s,Approved,[],2025-03-11T20:14:41.029928+00:00,4716a1279a5146ec977582a181f4a56d
2011-08-14,0.0,0.00,ft^3/s,Approved,[],2025-03-11T20:14:41.029928+00:00,4716a1279a5146ec977582a181f4a56d
2011-08-15,0.0,0.00,ft^3/s,Approved,[],2025-03-11T20:14:41.029928+00:00,4716a1279a5146ec977582a181f4a56d
2011-08-16,0.0,0.00,ft^3/s,Approved,[],2025-03-11T20:14:41.029928+00:00,4716a1279a5146ec977582a181f4a56d
2011-08-17,0.0,0.00,ft^3/s,Approved,[],2025-03-11T20:14:41.029928+00:00,4716a1279a5146ec977582a181f4a56d
2011-08-18,0.0,0.00,ft^3/s,Approved,[],2025-03-11T20:14:41.029928+00:00,4716a1279a5146ec977582a181f4a56d
2011-08-19,0.0,0.00,ft^3/s,Approved,[],2025-03-11T20:14:41.029928+00:00,4716a1279a5146ec977582a181f4a56d
2011-08-20,0.0,0.00,ft^3/s,Approved,[],2025-03-11T20:14:41.029928+00:00,4716a1279a5146ec977582a181f4a56d
2011-08-21,0.0,0.00,ft^3/s,Approved,[],2025-03-11T20:14:41.029928+00:00,4716a1279a5146ec977582a181f4a56d
2011-08-22,0.0,0.00,ft^3/s,Approved,[],2025-03-11T20:14:41.029928+00:00,4716a1279a5146ec977582a181f4a56d
2011-08-23,0.0,0.00,ft^3/s,Approved,[],2025-03-11T20:14:41.029928+00:00,4716a1279a5146ec977582a181f4a56d
2011-08-24,0.0,0.00,ft^3/s,Approved,[],2025-03-11T20:14:41.029928+00:00,4716a1279a5146ec977582a181f4a56d
2011-08-25,0.0,0.00,ft^3/s,Approved,[],2025-03-11T20:14:41.029928+00:00,4716a1279a5146ec977582a181f4a56d
2011-08-26,0.0,0.00,ft^3/s,Approved,[],2025-03-11T20:14:41.029928+00:00,4716a1279a5146ec977582a181f4a56d
2011-08-27,0.0,0.00,ft^3/s,Approved,[],2025-03-11T20:14:41.029928+00:00,4716a1279a5146ec977582a181f4a56d
2011-08-28,0.0,0.00,ft^3/s,Approved,[],2025-03-11T20:14:41.029928+00:00,4716a1279a5146ec977582a181f4a56d
2011-08-29,0.0,0.00,ft^3/s,Approved,[],2025-03-11T20:14:41.029928+00:00,4716a1279a5146ec977582a181f4a56d
2011-08-30,0.0,0.00,ft^3/s,Approved,"[""ESTIMATED""]",2025-08-29T15:46:18.318903+00:00,4716a1279a5146ec977582a181f4a56d
2011-08-31,0.0,0.00,ft^3/s,Approved,"[""ESTIMATED""]",2025-08-29T15:46:18.318903+00:00,4716a1279a5146ec977582a181f4a56d
2011-09-01,0.0,0.00,ft^3/s,Approved,[],2025-08-29T15:46:18.318903+00:00,4716a1279a5146ec977582a181f4a56d
2011-09-02,0.0,0.00,ft^3/s,Approved,[],2025-03-11T20:14:41.029928+00:00,4716a1279a5146ec977582a181f4a56d
2011-09-03,0.0,0.00,ft^3/s,Approved,[],2025-03-11T20:14:41.029928+00:00,4716a1279a5146ec977582a181f4a56d
2011-09-04,0.0,0.00,ft^3/s,Approved,[],2025-03-11T20:14:41.029928+00:00,4716a1279a5146ec977582a181f4a56d
2011-09-05,0.0,0.00,ft^3/s,Approved,[],2025-03-11T20:14:41.029928+00:00,4716a1279a5146ec977582a181f4a56d
2011-09-06,0.0,0.00,ft^3/s,Approved,[],2025-03-11T20:14:41.029928+00:00,4716a1279a5146ec977582a181f4a56d
2011-09-07,0.0,0.00,ft^3/s,Approved,[],2025-03-11T20:14:41.029928+00:00,4716a1279a5146ec977582a181f4a56d
2011-09-08,0.0,0.00,ft^3/s,Approved,[],2025-03-11T20:14:41.029928+00:00,4716a1279a5146ec977582a181f4a56d
2011-09-09,0.0,0.00,ft^3/s,Approved,[],2025-03-11T20:14:41.029928+00:00,4716a1279a5146ec977582a181f4a56d
2011-09-10,0.0,0.00,ft^3/s,Approved,[],2025-03-11T20:14:41.029928+00:00,4716a1279a5146ec977582a181f4a56d
2011-09-11,0.0,0.00,ft^3/s,Approved,[],2025-03-11T20:14:41.029928+00:00,4716a1279a5146ec977582a181f4a56d
2011-09-12,0.0,0.00,ft^3/s,Approved,[],2025-03-11T20:14:41.029928+00:00,4716a1279a5146ec977582a181f4a56d
2011-09-13,0.0,0.00,ft^3/s,Approved,[],2025-03-11T20:14:41.029928+00:00,4716a1279a5146ec977582a181f4a56d
2011-09-14,0.0,0.00,ft^3/s,Approved,[],2025-03-11T20:14:41.029928+00:00,4716a1279a5146ec977582a181f4a56d
2011-09-15,0.0,0.00,ft^3/s,Approved,[],2025-03-11T20:14:41.029928+00:00,4716a1279a5146ec977582a181f4a56d
2011-09-16,0.0,0.00,ft^3/s,Approved,[],2025-03-11T20:14:41.029928+00:00,4716a1279a5146ec977582a181f4a56d
2011-09-17,0.0,0.00,ft^3/s,Approved,[],2025-03-11T20:14:41.029928+00:00,4716a1279a5146ec977582a181f4a56d
2011-09-18,0.0,0.00,ft^3/s,Approved,[],2025-03-11T20:14:41.029928+00:00,4716a1279a5146ec977582a181f4a56d
2011-09-19,0.0,0.00,ft^3/s,Approved,[],2025-03-11T20:14:41.029928+00:00,4716a1279a5146ec977582a181f4a56d
2011-09-20,0.0,0.00,ft^3/s,Approved,[],2025-03-11T20:14:41.029928+00:00,4716a1279a5146ec977582a181f4a56d
2011-09-21,0.0,0.00,ft^3/s,Approved,[],2025-03-11T20:14:41.029928+00:00,4716a1279a5146ec977582a181f4a56d
2011-09-22,0.0,0.00,ft^3/s,Approved,[],2025-03-11T20:14:41.029928+00:00,4716a1279a5146ec977582a181f4a56d
2011-09-23,0.0,0.00,ft^3/s,Approved,[],2025-03-11T20:14:41.029928+00:00,4716a1279a5146ec977582a181f4a56d
2011-09-24,0.0,0.00,ft^3/s,Approved,[],2025-03-11T20:14:41.029928+00:00,4716a1279a5146ec977582a181f4a56d
2011-09-25,0.0,0.00,ft^3/s,Approved,[],2025-03-11T20:14:41.029928+00:00,4716a1279a5146ec977582a181f4a56d
2011-09-26,0.0,0.00,ft^3/s,Approved,[],2025-03-11T20:14:41.029928+00:00,4716a1279a5146ec977582a181f4a56d
2011-09-27,0.0,0.00,ft^3/s,Approved,[],2025-03-11T20:14:41.029928+00:00,4716a1279a5146ec977582a181f4a56d
2011-09-28,0.0,0.00,ft^3/s,Approved,[],2025-03-11T20:14:41.029928+00:00,4716a1279a5146ec977582a181f4a56d
2011-09-29,0.0,0.00,ft^3/s,Approved,[],2025-03-11T20:14:41.029928+00:00,4716a1279a5146ec977582a181f4a56d
2011-09-30,0.0,0.00,ft^3/s,Approved,[],2025-03-11T20:14:41.029928+00:00,4716a1279a5146ec977582a181f4a56d
2011-10-01,0.0,0.00,ft^3/s,Approved,[],2025-03-11T20:14:41.029928+00:00,4716a1279a5146ec977582a181f4a56d
2011-10-02,0.0,0.00,ft^3/s,Approved,[],2025-03-11T20:14:41.029928+00:00,4716a1279a5146ec977582a181f4a56d
2011-10-03,0.0,0.00,ft^3/s,Approved,[],2025-03-11T20:14:41.029928+00:00,4716a1279a5146ec977582a181f4a56d
2011-10-04,0.0,0.00,ft^3/s,Approved,[],2025-03-11T20:14:41.029928+00:00,4716a1279a5146ec977582a181f4a56d
2011-10-05,0.0,0.00,ft^3/s,Approved,[],2025-03-11T20:14:41.029928+00:00,4716a1279a5146ec977582a181f4a56d
2011-10-06,0.0,0.00,ft^3/s,Approved,[],2025-03-11T20:14:41.029928+00:00,4716a1279a5146ec977582a181f4a56d
2011-10-07,0.0,0.00,ft^3/s,Approved,[],2025-03-11T20:14:41.029928+00:00,4716a1279a5146ec977582a181f4a56d
2011-10-08,0.0,0.00,ft^3/s,Approved,[],2025-03-11T20:14:41.029928+00:00,4716a1279a5146ec977582a181f4a56d
2011-10-09,0.0,0.00,ft^3/s,Approved,[],2025-03-11T20:14:41.029928+00:00,4716a1279a5146ec977582a181f4a56d
2011-10-10,0.0,0.00,ft^3/s,Approved,[],2025-03-11T20:14:41.029928+00:00,4716a1279a5146ec977582a181f4a56d
2011-10-11,0.0,0.00,ft^3/s,Approved,[],2025-03-11T20:14:41.029928+00:00,4716a1279a5146ec977582a181f4a56d
2011-10-12,0.0,0.00,ft^3/s,Approved,[],2025-03-11T20:14:41.029928+00:00,4716a1279a5146ec977582a181f4a56d
2011-10-13,0.0,0.00,ft^3/s,Approved,[],2025-03-11T20:14:41.029928+00:00,4716a1279a5146ec977582a181f4a56d
2011-10-14,0.0,0.00,ft^3/s,Approved,[],2025-03-11T20:14:41.029928+00:00,4716a1279a5146ec977582a181f4a56d
2011-10-15,0.0,0.00,ft^3/s,Approved,[],2025-03-11T20:14:41.029928+00:00,4716a1279a5146ec977582a181f4a56d
2011-10-16,0.0,0.00,ft^3/s,Approved,[],2025-03-11T20:14:41.029928+00:00,4716a1279a5146ec977582a181f4a56d
2011-10-17,0.0,0.00,ft^3/s,Approved,[],2025-03-11T20:14:41.029928+00:00,4716a1279a5146ec977582a181f4a56d
2011-10-18,0.0,0.00,ft^3/s,Approved,[],2025-03-11T20:14:41.029928+00:00,4716a1279a5146ec977582a181f4a56d
2011-10-19,0.0,0.00,ft^3/s,Approved,[],2025-03-11T20:14:41.029928+00:00,4716a1279a5146ec977582a181f4a56d
2011-10-20,0.0,0.00,ft^3/s,Approved,[],2025-03-11T20:14:41.029928+00:00,4716a1279a5146ec977582a181f4a56d
2011-10-21,0.0,0.00,ft^3/s,Approved,[],2025-03-11T20:14:41.029928+00:00,4716a1279a5146ec977582a181f4a56d
2011-10-22,0.0,0.00,ft^3/s,Approved,[],2025-03-11T20:14:41.029928+00:00,4716a1279a5146ec977582a181f4a56d
2011-10-23,0.0,0.00,ft^3/s,Approved,[],2025-03-11T20:14:41.029928+00:00,4716a1279a5146ec977582a181f4a56d
2011-10-24,0.0,0.00,ft^3/s,Approved,[],2025-03-11T20:14:41.029928+00:00,4716a1279a5146ec977582a181f4a56d
2011-10-25,0.0,0.00,ft^3/s,Approved,[],2025-03-11T20:14:41.029928+00:00,4716a1279a5146ec977582a181f4a56d
2011-10-26,0.0,0.00,ft^3/s,Approved,[],2025-03-11T20:14:41.029928+00:00,4716a1279a5146ec977582a181f4a56d
2011-10-27,0.0,0.00,ft^3/s,Approved,[],2025-03-11T20:14:41.029928+00:00,4716a1279a5146ec977582a181f4a56d
2011-10-28,0.0,0.00,ft^3/s,Approved,[],2025-03-11T20:14:41.029928+00:00,4716a1279a5146ec977582a181f4a56d
2011-10-29,0.0,0.00,ft^3/s,Approved,[],2025-03-11T20:14:41.029928+00:00,4716a1279a5146ec977582a181f4a56d
2011-10-30,0.0,0.00,ft^3/s,Approved,[],2025-03-11T20:14:41.029928+00:00,4716a1279a5146ec977582a181f4a56d
2011-10-31,0.0,0.00,ft^3/s,Approved,[],2025-03-11T20:14:41.029928+00:00,4716a1279a5146ec977582a181f4a56d
2011-11-01,0.0,0.00,ft^3/s,Approved,[],2025-03-11T20:14:41.029928+00:00,4716a1279a5146ec977582a181f4a56d
2011-11-02,0.0,0.00,ft^3/s,Approved,[],2025-03-11T20:14:41.029928+00:00,4716a1279a5146ec977582a181f4a56d
2011-11-03,0.0,0.00,ft^3/s,Approved,[],2025-03-11T20:14:41.029928+00:00,4716a1279a5146ec977582a181f4a56d
2011-11-04,0.0,0.00,ft^3/s,Approved,[],2025-03-11T20:14:41.029928+00:00,4716a1279a5146ec977582a181f4a56d
2011-11-05,0.0,0.00,ft^3/s,Approved,[],2025-03-11T20:14:41.029928+00:00,4716a1279a5146ec977582a181f4a56d
2011-11-06,0.0,0.00,ft^3/s,Approved,[],2025-03-11T20:14:41.029928+00:00,4716a1279a5146ec977582a181f4a56d
2011-11-07,0.0,0.00,ft^3/s,Approved,[],2025-03-11T20:14:41.029928+00:00,4716a1279a5146ec977582a181f4a56d
2011-11-08,0.0,0.00,ft^3/s,Approved,[],2025-03-11T20:14:41.029928+00:00,4716a1279a5146ec977582a181f4a56d
2011-11-09,0.0,0.00,ft^3/s,Approved,[],2025-03-11T20:14:41.029928+00:00,4716a1279a5146ec977582a181f4a56d
2011-11-10,0.0,0.00,ft^3/s,Approved,[],2025-03-11T20:14:41.029928+00:00,4716a1279a5146ec977582a181f4a56d
2011-11-11,0.0,0.00,ft^3/s,Approved,[],2025-03-11T20:14:41.029928+00:00,4716a1279a5146ec977582a181f4a56d
2011-11-12,0.0,0.00,ft^3/s,Approved,[],2025-03-11T20:14:41.029928+00:00,4716a1279a5146ec977582a181f4a56d
2011-11-13,0.0,0.00,ft^3/s,Approved,[],2025-03-11T20:14:41.029928+00:00,4716a1279a5146ec977582a181f4a56d
2011-11-14,0.0,0.00,ft^3/s,Approved,[],2025-03-11T20:14:41.029928+00:00,4716a1279a5146ec977582a181f4a56d
2011-11-15,0.0,0.00,ft^3/s,Approved,[],2025-03-11T20:14:41.029928+00:00,4716a1279a5146ec977582a181f4a56d
2011-11-16,0.0,0.00,ft^3/s,Approved,[],2025-03-11T20:14:41.029928+00:00,4716a1279a5146ec977582a181f4a56d
2011-11-17,0.0,0.00,ft^3/s,Approved,[],2025-03-11T20:14:41.029928+00:00,4716a1279a5146ec977582a181f4a56d
2011-11-18,0.0,0.00,ft^3/s,Approved,[],2025-03-11T20:14:41.029928+00:00,4716a1279a5146ec977582a181f4a56d
2011-11-19,0.0,0.00,ft^3/s,Approved,[],2025-03-11T20:14:41.029928+00:00,4716a1279a5146ec977582a181f4a56d
2011-11-20,0.0,0.00,ft^3/s,Approved,[],2025-03-11T20:14:41.029928+00:00,4716a1279a5146ec977582a181f4a56d
2011-11-21,0.0,0.00,ft^3/s,Approved,[],2025-03-11T20:14:41.029928+00:00,4716a1279a5146ec977582a181f4a56d
2011-11-22,0.0,0.00,ft^3/s,Approved,[],2025-03-11T20:14:41.029928+00:00,4716a1279a5146ec977582a181f4a56d
2011-11-23,0.0,0.00,ft^3/s,Approved,[],2025-03-11T20:14:41.029928+00:00,4716a1279a5146ec977582a181f4a56d
2011-11-24,0.0,0.00,ft^3/s,Approved,[],2025-03-11T20:14:41.029928+00:00,4716a1279a5146ec977582a181f4a56d
2011-11-25,0.0,0.00,ft^3/s,Approved,[],2025-03-11T20:14:41.029928+00:00,4716a1279a5146ec977582a181f4a56d
2011-11-26,0.0,0.00,ft^3/s,Approved,[],2025-03-11T20:14:41.029928+00:00,4716a1279a5146ec977582a181f4a56d
2011-11-27,0.0,0.00,ft^3/s,Approved,[],2025-03-11T20:14:41.029928+00:00,4716a1279a5146ec977582a181f4a56d
2011-11-28,0.0,0.00,ft^3/s,Approved,[],2025-03-11T20:14:41.029928+00:00,4716a1279a5146ec977582a181f4a56d
2011-11-29,0.0,0.00,ft^3/s,Approved,[],2025-03-11T20:14:41.029928+00:00,4716a1279a5146ec977582a181f4a56d
2011-11-30,0.0,0.00,ft^3/s,Approved,[],2025-03-11T20:14:41.029928+00:00,4716a1279a5146ec977582a181f4a56d
2011-12-01,0.0,0.00,ft^3/s,Approved,[],2025-03-11T20:14:41.029928+00:00,4716a1279a5146ec977582a181f4a56d
2011-12-02,0.0,0.00,ft^3/s,Approved,[],2025-03-11T20:14:41.029928+00:00,4716a1279a5146ec977582a181f4a56d
2011-12-03,0.0,0.00,ft^3/s,Approved,[],2025-03-11T20:14:41.029928+00:00,4716a1279a5146ec977582a181f4a56d
2011-12-04,0.0,0.00,ft^3/s,Approved,[],2025-03-11T20:14:41.029928+00:00,4716a1279a5146ec977582a181f4a56d
2011-12-05,0.0,0.00,ft^3/s,Approved,[],2025-03-11T20:14:41.029928+00:00,4716a1279a5146ec977582a181f4a56d
2011-12-06,0.0,0.00,ft^3/s,Approved,[],2025-03-11T20:14:41.029928+00:00,4716a1279a5146ec977582a181f4a56d
2011-12-07,0.0,0.00,ft^3/s,Approved,[],2025-03-11T20:14:41.029928+00:00,4716a1279a5146ec977582a181f4a56d
2011-12-08,0.0,0.00,ft^3/s,Approved,[],2025-03-11T20:14:41.029928+00:00,4716a1279a5146ec977582a181f4a56d
2011-12-09,0.0,0.00,ft^3/s,Approved,[],2025-03-11T20:14:41.029928+00:00,4716a1279a5146ec977582a181f4a56d
2011-12-10,0.0,0.00,ft^3/s,Approved,[],2025-03-11T20:14:41.029928+00:00,4716a1279a5146ec977582a181f4a56d
2011-12-11,0.0,0.00,ft^3/s,Approved,[],2025-03-11T20:14:41.029928+00:00,4716a1279a5146ec977582a181f4a56d
2011-12-12,0.0,0.00,ft^3/s,Approved,[],2025-03-11T20:14:41.029928+00:00,4716a1279a5146ec977582a181f4a56d
2011-12-13,0.0,0.00,ft^3/s,Approved,[],2025-03-11T20:14:41.029928+00:00,4716a1279a5146ec977582a181f4a56d
2011-12-14,0.0,0.00,ft^3/s,Approved,[],2025-03-11T20:14:41.029928+00:00,4716a1279a5146ec977582a181f4a56d
2011-12-15,0.0,0.00,ft^3/s,Approved,[],2025-03-11T20:14:41.029928+00:00,4716a1279a5146ec977582a181f4a56d
2011-12-16,0.0,0.00,ft^3/s,Approved,[],2025-03-11T20:14:41.029928+00:00,4716a1279a5146ec977582a181f4a56d
2011-12-17,0.0,0.00,ft^3/s,Approved,[],2025-03-11T20:14:41.029928+00:00,4716a1279a5146ec977582a181f4a56d
2011-12-18,0.0,0.00,ft^3/s,Approved,[],2025-03-11T20:14:41.029928+00:00,4716a1279a5146ec977582a181f4a56d
2011-12-19,0.0,0.00,ft^3/s,Approved,[],2025-03-11T20:14:41.029928+00:00,4716a1279a5146ec977582a181f4a56d
2011-12-20,0.0,0.00,ft^3/s,Approved,[],2025-03-11T20:14:41.029928+00:00,4716a1279a5146ec977582a181f4a56d
2011-12-21,0.0,0.00,ft^3/s,Approved,[],2025-03-11T20:14:41.029928+00:00,4716a1279a5146ec977582a181f4a56d
2011-12-22,0.0,0.00,ft^3/s,Approved,[],2025-03-11T20:14:41.029928+00:00,4716a1279a5146ec977582a181f4a56d
2011-12-23,0.0,0.00,ft^3/s,Approved,[],2025-03-11T20:14:41.029928+00:00,4716a1279a5146ec977582a181f4a56d
2011-12-24,0.0,0.00,ft^3/s,Approved,[],2025-03-11T20:14:41.029928+00:00,4716a1279a5146ec977582a181f4a56d
2011-12-25,0.0,0.00,ft^3/s,Approved,[],2025-03-11T20:14:41.029928+00:00,4716a1279a5146ec977582a181f4a56d
2011-12-26,0.0,0.00,ft^3/s,Approved,[],2025-03-11T20:14:41.029928+00:00,4716a1279a5146ec977582a181f4a56d
2011-12-27,0.0,0.00,ft^3/s,Approved,[],2025-03-11T20:14:41.029928+00:00,4716a1279a5146ec977582a181f4a56d
2011-12-28,0.0,0.00,ft^3/s,Approved,[],2025-03-11T20:14:41.029928+00:00,4716a1279a5146ec977582a181f4a56d
2011-12-29,0.0,0.00,ft^3/s,Approved,[],2025-03-11T20:14:41.029928+00:00,4716a1279a5146ec977582a181f4a56d
2011-12-30,0.0,0.00,ft^3/s,Approved,[],2025-03-11T20:14:41.029928+00:00,4716a1279a5146ec977582a181f4a56d
2011-12-31,0.0,0.00,ft^3/s,Approved,[],2025-03-11T20:14:41.029928+00:00,4716a1279a5146ec977582a181f4a56d
2012-01-01,0.0,0.00,ft^3/s,Approved,[],2025-03-11T20:14:41.029928+00:00,4716a1279a5146ec977582a181f4a56d
2012-01-02,0.0,0.00,ft^3/s,Approved,[],2025-03-11T20:14:41.029928+00:00,4716a1279a5146ec977582a181f4a56d
2012-01-03,0.0,0.00,ft^3/s,Approved,[],2025-03-11T20:14:41.029928+00:00,4716a1279a5146ec977582a181f4a56d
2012-01-04,0.0,0.00,ft^3/s,Approved,[],2025-03-11T20:14:41.029928+00:00,4716a1279a5146ec977582a181f4a56d
2012-01-05,0.0,0.00,ft^3/s,Approved,[],2025-03-11T20:14:41.029928+00:00,4716a1279a5146ec977582a181f4a56d
2012-01-06,0.0,0.00,ft^3/s,Approved,[],2025-03-11T20:14:41.029928+00:00,4716a1279a5146ec977582a181f4a56d
2012-01-07,0.0,0.00,ft^3/s,Approved,[],2025-03-11T20:14:41.029928+00:00,4716a1279a5146ec977582a181f4a56d
2012-01-08,0.0,0.00,ft^3/s,Approved,[],2025-03-11T20:14:41.029928+00:00,4716a1279a5146ec977582a181f4a56d
2012-01-09,0.0,0.00,ft^3/s,Approved,[],2025-03-11T20:14:41.029928+00:00,4716a1279a5146ec977582a181f4a56d
2012-01-10,0.0,0.00,ft^3/s,Approved,[],2025-03-11T20:14:41.029928+00:00,4716a1279a5146ec977582a181f4a56d
2012-01-11,0.0,0.00,ft^3/s,Approved,[],2025-03-11T20:14:41.029928+00:00,4716a1279a5146ec977582a181f4a56d
2012-01-12,0.0,0.00,ft^3/s,Approved,[],2025-03-11T20:14:41.029928+00:00,4716a1279a5146ec977582a181f4a56d
2012-01-13,0.0,0.00,ft^3/s,Approved,[],2025-03-11T20:14:41.029928+00:00,4716a1279a5146ec977582a181f4a56d
2012-01-14,0.0,0.00,ft^3/s,Approved,[],2025-03-11T20:14:41.029928+00:00,4716a1279a5146ec977582a181f4a56d
2012-01-15,0.0,0.00,ft^3/s,Approved,[],2025-03-11T20:14:41.029928+00:00,4716a1279a5146ec977582a181f4a56d
2012-01-16,0.0,0.00,ft^3/s,Approved,[],2025-03-11T20:14:41.029928+00:00,4716a1279a5146ec977582a181f4a56d
2012-01-17,0.0,0.00,ft^3/s,Approved,[],2025-03-11T20:14:41.029928+00:00,4716a1279a5146ec977582a181f4a56d
2012-01-18,0.0,0.00,ft^3/s,Approved,[],2025-03-11T20:14:41.029928+00:00,4716a1279a5146ec977582a181f4a56d
2012-01-19,0.0,0.00,ft^3/s,Approved,[],2025-03-11T20:14:41.029928+00:00,4716a1279a5146ec977582a181f4a56d
2012-01-20,0.0,0.00,ft^3/s,Approved,[],2025-03-11T20:14:41.029928+00:00,4716a1279a5146ec977582a181f4a56d
2012-01-21,0.0,0.00,ft^3/s,Approved,[],2025-03-11T20:14:41.029928+00:00,4716a1279a5146ec977582a181f4a56d
2012-01-22,0.0,0.00,ft^3/s,Approved,[],2025-03-11T20:14:41.029928+00:00,4716a1279a5146ec977582a181f4a56d
2012-01-23,0.0,0.00,ft^3/s,Approved,[],2025-03-11T20:14:41.029928+00:00,4716a1279a5146ec977582a181f4a56d
2012-01-24,0.0,0.00,ft^3/s,Approved,[],2025-03-11T20:14:41.029928+00:00,4716a1279a5146ec977582a181f4a56d
2012-01-25,0.0,0.00,ft^3/s,Approved,[],2025-03-11T20:14:41.029928+00:00,4716a1279a5146ec977582a181f4a56d
2012-01-26,0.0,0.00,ft^3/s,Approved,[],2025-03-11T20:14:41.029928+00:00,4716a1279a5146ec977582a181f4a56d
2012-01-27,0.0,0.00,ft^3/s,Approved,[],2025-03-11T20:14:41.029928+00:00,4716a1279a5146ec977582a181f4a56d
2012-01-28,0.0,0.00,ft^3/s,Approved,[],2025-03-11T20:14:41.029928+00:00,4716a1279a5146ec977582a181f4a56d
2012-01-29,0.0,0.00,ft^3/s,Approved,[],2025-03-11T20:14:41.029928+00:00,4716a1279a5146ec977582a181f4a56d
2012-01-30,0.0,0.00,ft^3/s,Approved,[],2025-03-11T20:14:41.029928+00:00,4716a1279a5146ec977582a181f4a56d
2012-01-31,0.0,0.00,ft^3/s,Approved,[],2025-03-11T20:14:41.029928+00:00,4716a1279a5146ec977582a181f4a56d
2012-02-01,0.0,0.00,ft^3/s,Approved,[],2025-03-11T20:14:41.029928+00:00,4716a1279a5146ec977582a181f4a56d
2012-02-02,0.0,0.00,ft^3/s,Approved,[],2025-03-11T20:14:41.029928+00:00,4716a1279a5146ec977582a181f4a56d
2012-02-03,0.0,0.00,ft^3/s,Approved,[],2025-03-11T20:14:41.029928+00:00,4716a1279a5146ec977582a181f4a56d
2012-02-04,0.0,0.00,ft^3/s,Approved,[],2025-03-11T20:14:41.029928+00:00,4716a1279a5146ec977582a181f4a56d
2012-02-05,0.0,0.00,ft^3/s,Approved,[],2025-03-11T20:14:41.029928+00:00,4716a1279a5146ec977582a181f4a56d
2012-02-06,0.0,0.00,ft^3/s,Approved,[],2025-03-11T20:14:41.029928+00:00,4716a1279a5146ec977582a181f4a56d
2012-02-07,0.0,0.00,ft^3/s,Approved,[],2025-03-11T20:14:41.029928+00:00,4716a1279a5146ec977582a181f4a56d
2012-02-08,0.0,0.00,ft^3/s,Approved,[],2025-03-11T20:14:41.029928+00:00,4716a1279a5146ec977582a181f4a56d
2012-02-09,0.0,0.00,ft^3/s,Approved,[],2025-03-11T20:14:41.029928+00:00,4716a1279a5146ec977582a181f4a56d
2012-02-10,0.0,0.00,ft^3/s,Approved,[],2025-03-11T20:14:41.029928+00:00,4716a1279a5146ec977582a181f4a56d
2012-02-11,0.0,0.00,ft^3/s,Approved,[],2025-03-11T20:14:41.029928+00:00,4716a1279a5146ec977582a181f4a56d
2012-02-12,0.0,0.00,ft^3/s,Approved,[],2025-03-11T20:14:41.029928+00:00,4716a1279a5146ec977582a181f4a56d
2012-02-13,0.0,0.00,ft^3/s,Approved,[],2025-03-11T20:14:41.029928+00:00,4716a1279a5146ec977582a181f4a56d
2012-02-14,0.0,0.00,ft^3/s,Approved,[],2025-03-11T20:14:41.029928+00:00,4716a1279a5146ec977582a181f4a56d
2012-02-15,0.0,0.00,ft^3/s,Approved,[],2025-03-11T20:14:41.029928+00:00,4716a1279a5146ec977582a181f4a56d
2012-02-16,0.0,0.00,ft^3/s,Approved,[],2025-03-11T20:14:41.029928+00:00,4716a1279a5146ec977582a181f4a56d
2012-02-17,0.0,0.00,ft^3/s,Approved,[],2025-03-11T20:14:41.029928+00:00,4716a1279a5146ec977582a181f4a56d
2012-02-18,471.0,471,ft^3/s,Approved,[],2025-03-11T20:14:41.029928+00:00,4716a1279a5146ec977582a181f4a56d
2012-02-19,131.0,131,ft^3/s,Approved,[],2025-03-11T20:14:41.029928+00:00,4716a1279a5146ec977582a181f4a56d
2012-02-20,17.9,17.9,ft^3/s,Approved,[],2025-03-11T20:14:41.029928+00:00,4716a1279a5146ec977582a181f4a56d
2012-02-21,4.93,4.93,ft^3/s,Approved,[],2025-03-11T20:14:41.029928+00:00,4716a1279a5146ec977582a181f4a56d
2012-02-22,3.0,3.00,ft^3/s,Approved,[],2025-03-11T20:14:41.029928+00:00,4716a1279a5146ec977582a181f4a56d
2012-02-23,1.56,1.56,ft^3/s,Approved,[],2025-03-11T20:14:41.029928+00:00,4716a1279a5146ec977582a181f4a56d
2012-02-24,0.66,0.66,ft^3/s,Approved,[],2025-03-11T20:14:41.029928+00:00,4716a1279a5146ec977582a181f4a56d
2012-02-25,0.44,0.44,ft^3/s,Approved,[],2025-03-11T20:14:41.029928+00:00,4716a1279a5146ec977582a181f4a56d
2012-02-26,0.16,0.16,ft^3/s,Approved,[],2025-03-11T20:14:41.029928+00:00,4716a1279a5146ec977582a181f4a56d
2012-02-27,0.0,0.00,ft^3/s,Approved,[],2025-03-11T20:14:41.029928+00:00,4716a1279a5146ec977582a181f4a56d
2012-02-28,0.0,0.00,ft^3/s,Approved,[],2025-03-11T20:14:41.029928+00:00,4716a1279a5146ec977582a181f4a56d
2012-02-29,0.0,0.00,ft^3/s,Approved,[],2025-03-11T20:14:41.029928+00:00,4716a1279a5146ec977582a181f4a56d
2012-03-01,0.0,0.00,ft^3/s,Approved,[],2025-03-11T20:14:41.029928+00:00,4716a1279a5146ec977582a181f4a56d
2012-03-02,0.0,0.00,ft^3/s,Approved,[],2025-03-11T20:14:41.029928+00:00,4716a1279a5146ec977582a181f4a56d
2012-03-03,0.0,0.00,ft^3/s,Approved,[],2025-03-11T20:14:41.029928+00:00,4716a1279a5146ec977582a181f4a56d
2012-03-04,0.0,0.00,ft^3/s,Approved,[],2025-03-11T20:14:41.029928+00:00,4716a1279a5146ec977582a181f4a56d
2012-03-05,0.0,0.00,ft^3/s,Approved,[],2025-03-11T20:14:41.029928+00:00,4716a1279a5146ec977582a181f4a56d
2012-03-06,0.0,0.00,ft^3/s,Approved,[],2025-03-11T20:14:41.029928+00:00,4716a1279a5146ec977582a181f4a56d
2012-03-07,0.0,0.00,ft^3/s,Approved,[],2025-03-11T20:14:41.029928+00:00,4716a1279a5146ec977582a181f4a56d
2012-03-08,0.0,0.00,ft^3/s,Approved,[],2025-03-11T20:14:41.029928+00:00,4716a1279a5146ec977582a181f4a56d
2012-03-09,0.0,0.00,ft^3/s,Approved,[],2025-03-11T20:14:41.029928+00:00,4716a1279a5146ec977582a181f4a56d
2012-03-10,0.0,0.00,ft^3/s,Approved,[],2025-03-11T20:14:41.029928+00:00,4716a1279a5146ec977582a181f4a56d
2012-03-11,0.0,0.00,ft^3/s,Approved,[],2025-03-11T20:14:41.029928+00:00,4716a1279a5146ec977582a181f4a56d
2012-03-12,0.0,0.00,ft^3/s,Approved,[],2025-03-11T20:14:41.029928+00:00,4716a1279a5146ec977582a181f4a56d
2012-03-13,0.26,0.26,ft^3/s,Approved,[],2025-03-11T20:14:41.029928+00:00,4716a1279a5146ec977582a181f4a56d
2012-03-14,1.46,1.46,ft^3/s,Approved,[],2025-03-11T20:14:41.029928+00:00,4716a1279a5146ec977582a181f4a56d
2012-03-15,1.36,1.36,ft^3/s,Approved,[],2025-03-11T20:14:41.029928+00:00,4716a1279a5146ec977582a181f4a56d
2012-03-16,0.83,0.83,ft^3/s,Approved,[],2025-03-11T20:14:41.029928+00:00,4716a1279a5146ec977582a181f4a56d
2012-03-17,0.38,0.38,ft^3/s,Approved,[],2025-03-11T20:14:41.029928+00:00,4716a1279a5146ec977582a181f4a56d
2012-03-18,0.23,0.23,ft^3/s,Approved,[],2025-03-11T20:14:41.029928+00:00,4716a1279a5146ec977582a181f4a56d
2012-03-19,0.2,0.20,ft^3/s,Approved,[],2025-03-11T20:14:41.029928+00:00,4716a1279a5146ec977582a181f4a56d
2012-03-20,2120.0,2120,ft^3/s,Approved,[],2025-03-11T20:14:41.029928+00:00,4716a1279a5146ec977582a181f4a56d
2012-03-21,162.0,162,ft^3/s,Approved,[],2025-03-11T20:14:41.029928+00:00,4716a1279a5146ec977582a181f4a56d
2012-03-22,66.6,66.6,ft^3/s,Approved,[],2025-03-11T20:14:41.029928+00:00,4716a1279a5146ec977582a181f4a56d
2012-03-23,43.6,43.6,ft^3/s,Approved,[],2025-03-11T20:14:41.029928+00:00,4716a1279a5146ec977582a181f4a56d
2012-03-24,32.8,32.8,ft^3/s,Approved,[],2025-03-11T20:14:41.029928+00:00,4716a1279a5146ec977582a181f4a56d
2012-03-25,25.7,25.7,ft^3/s,Approved,[],2025-03-11T20:14:41.029928+00:00,4716a1279a5146ec977582a181f4a56d
2012-03-26,20.6,20.6,ft^3/s,Approved,[],2025-03-11T20:14:41.029928+00:00,4716a1279a5146ec977582a181f4a56d
2012-03-27,17.2,17.2,ft^3/s,Approved,[],2025-03-11T20:14:41.029928+00:00,4716a1279a5146ec977582a181f4a56d
2012-03-28,15.4,15.4,ft^3/s,Approved,[],2025-03-11T20:14:41.029928+00:00,4716a1279a5146ec977582a181f4a56d
2012-03-29,19.8,19.8,ft^3/s,Approved,[],2025-03-11T20:14:41.029928+00:00,4716a1279a5146ec977582a181f4a56d
2012-03-30,21.3,21.3,ft^3/s,Approved,[],2025-03-11T20:14:41.029928+00:00,4716a1279a5146ec977582a181f4a56d
2012-03-31,15.3,15.3,ft^3/s,Approved,[],2025-03-11T20:14:41.029928+00:00,4716a1279a5146ec977582a181f4a56d
2012-04-01,12.8,12.8,ft^3/s,Approved,[],2025-03-11T20:14:41.029928+00:00,4716a1279a5146ec977582a181f4a56d
2012-04-02,12.2,12.2,ft^3/s,Approved,[],2025-03-11T20:14:41.029928+00:00,4716a1279a5146ec977582a181f4a56d
2012-04-03,11.9,11.9,ft^3/s,Approved,[],2025-03-11T20:14:41.029928+00:00,4716a1279a5146ec977582a181f4a56d
2012-04-04,11.3,11.3,ft^3/s,Approved,[],2025-03-11T20:14:41.029928+00:00,4716a1279a5146ec977582a181f4a56d
2012-04-05,9.74,9.74,ft^3/s,Approved,[],2025-03-11T20:14:41.029928+00:00,4716a1279a5146ec977582a181f4a56d
2012-04-06,8.2,8.20,ft^3/s,Approved,[],2025-03-11T20:14:41.029928+00:00,4716a1279a5146ec977582a181f4a56d
2012-04-07,7.05,7.05,ft^3/s,Approved,[],2025-03-11T20:14:41.029928+00:00,4716a1279a5146ec977582a181f4a56d
2012-04-08,5.56,5.56,ft^3/s,Approved,[],2025-03-11T20:14:41.029928+00:00,4716a1279a5146ec977582a181f4a56d
2012-04-09,4.51,4.51,ft^3/s,Approved,[],2025-03-11T20:14:41.029928+00:00,4716a1279a5146ec977582a181f4a56d
2012-04-10,3.69,3.69,ft^3/s,Approved,[],2025-03-11T20:14:41.029928+00:00,4716a1279a5146ec977582a181f4a56d
2012-04-11,3.16,3.16,ft^3/s,Approved,[],2025-03-11T20:14:41.029928+00:00,4716a1279a5146ec977582a181f4a56d
2012-04-12,2.62,2.62,ft^3/s,Approved,[],2025-03-11T20:14:41.029928+00:00,4716a1279a5146ec977582a181f4a56d
2012-04-13,2.02,2.02,ft^3/s,Approved,[],2025-03-11T20:14:41.029928+00:00,4716a1279a5146ec977582a181f4a56d
2012-04-14,1.61,1.61,ft^3/s,Approved,[],2025-03-11T20:14:41.029928+00:00,4716a1279a5146ec977582a181f4a56d
2012-04-15,1.51,1.51,ft^3/s,Approved,[],2025-03-11T20:14:41.029928+00:00,4716a1279a5146ec977582a181f4a56d
2012-04-16,1.24,1.24,ft^3/s,Approved,[],2025-03-11T20:14:41.029928+00:00,4716a1279a5146ec977582a181f4a56d
2012-04-17,1.05,1.05,ft^3/s,Approved,[],2025-03-11T20:14:41.029928+00:00,4716a1279a5146ec977582a181f4a56d
2012-04-18,1.06,1.06,ft^3/s,Approved,[],2025-03-11T20:14:41.029928+00:00,4716a1279a5146ec977582a181f4a56d
2012-04-19,1.01,1.01,ft^3/s,Approved,[],2025-03-11T20:14:41.029928+00:00,4716a1279a5146ec977582a181f4a56d
2012-04-20,0.82,0.82,ft^3/s,Approved,[],2025-03-11T20:14:41.029928+00:00,4716a1279a5146ec977582a181f4a56d
2012-04-21,0.53,0.53,ft^3/s,Approved,[],2025-03-11T20:14:41.029928+00:00,4716a1279a5146ec977582a181f4a56d
2012-04-22,0.35,0.35,ft^3/s,Approved,[],2025-03-11T20:14:41.029928+00:00,4716a1279a5146ec977582a181f4a56d
2012-04-23,0.25,0.25,ft^3/s,Approved,[],2025-03-11T20:14:41.029928+00:00,4716a1279a5146ec977582a181f4a56d
2012-04-24,0.06,0.06,ft^3/s,Approved,[],2025-03-11T20:14:41.029928+00:00,4716a1279a5146ec977582a181f4a56d
2012-04-25,0.02,0.02,ft^3/s,Approved,[],2025-03-11T20:14:41.029928+00:00,4716a1279a5146ec977582a181f4a56d
2012-04-26,0.0,0.00,ft^3/s,Approved,[],2025-03-11T20:14:41.029928+00:00,4716a1279a5146ec977582a181f4a56d
2012-04-27,0.0,0.00,ft^3/s,Approved,[],2025-03-11T20:14:41.029928+00:00,4716a1279a5146ec977582a181f4a56d
2012-04-28,0.0,0.00,ft^3/s,Approved,[],2025-03-11T20:14:41.029928+00:00,4716a1279a5146ec977582a181f4a56d
2012-04-29,0.0,0.00,ft^3/s,Approved,[],2025-03-11T20:14:41.029928+00:00,4716a1279a5146ec977582a181f4a56d
2012-04-30,0.0,0.00,ft^3/s,Approved,[],2025-03-11T20:14:41.029928+00:00,4716a1279a5146ec977582a181f4a56d
2012-05-01,0.0,0.00,ft^3/s,Approved,[],2025-03-11T20:14:41.029928+00:00,4716a1279a5146ec977582a181f4a56d
2012-05-02,0.0,0.00,ft^3/s,Approved,[],2025-03-11T20:14:41.029928+00:00,4716a1279a5146ec977582a181f4a56d
2012-05-03,0.0,0.00,ft^3/s,Approved,[],2025-03-11T20:14:41.029928+00:00,4716a1279a5146ec977582a181f4a56d
2012-05-04,0.0,0.00,ft^3/s,Approved,[],2025-03-11T20:14:41.029928+00:00,4716a1279a5146ec977582a181f4a56d
2012-05-05,0.0,0.00,ft^3/s,Approved,[],2025-03-11T20:14:41.029928+00:00,4716a1279a5146ec977582a181f4a56d
2012-05-06,0.0,0.00,ft^3/s,Approved,[],2025-03-11T20:14:41.029928+00:00,4716a1279a5146ec977582a181f4a56d
2012-05-07,0.0,0.00,ft^3/s,Approved,[],2025-03-11T20:14:41.029928+00:00,4716a1279a5146ec977582a181f4a56d
2012-05-08,0.0,0.00,ft^3/s,Approved,[],2025-03-11T20:14:41.029928+00:00,4716a1279a5146ec977582a181f4a56d
2012-05-09,0.0,0.00,ft^3/s,Approved,[],2025-03-11T20:14:41.029928+00:00,4716a1279a5146ec977582a181f4a56d
2012-05-10,0.0,0.00,ft^3/s,Approved,[],2025-03-11T20:14:41.029928+00:00,4716a1279a5146ec977582a181f4a56d
2012-05-11,0.0,0.00,ft^3/s,Approved,[],2025-03-11T20:14:41.029928+00:00,4716a1279a5146ec977582a181f4a56d
2012-05-12,0.0,0.00,ft^3/s,Approved,[],2025-03-11T20:14:41.029928+00:00,4716a1279a5146ec977582a181f4a56d
2012-05-13,0.0,0.00,ft^3/s,Approved,[],2025-03-11T20:14:41.029928+00:00,4716a1279a5146ec977582a181f4a56d
2012-05-14,0.0,0.00,ft^3/s,Approved,[],2025-03-11T20:14:41.029928+00:00,4716a1279a5146ec977582a181f4a56d
2012-05-15,0.0,0.00,ft^3/s,Approved,[],2025-03-11T20:14:41.029928+00:00,4716a1279a5146ec977582a181f4a56d
2012-05-16,0.0,0.00,ft^3/s,Approved,[],2025-03-11T20:14:41.029928+00:00,4716a1279a5146ec977582a181f4a56d
2012-05-17,0.0,0.00,ft^3/s,Approved,[],2025-03-11T20:14:41.029928+00:00,4716a1279a5146ec977582a181f4a56d
2012-05-18,0.0,0.00,ft^3/s,Approved,[],2025-03-11T20:14:41.029928+00:00,4716a1279a5146ec977582a181f4a56d
2012-05-19,0.0,0.00,ft^3/s,Approved,[],2025-03-11T20:14:41.029928+00:00,4716a1279a5146ec977582a181f4a56d
2012-05-20,0.0,0.00,ft^3/s,Approved,[],2025-03-11T20:14:41.029928+00:00,4716a1279a5146ec977582a181f4a56d
2012-05-21,0.0,0.00,ft^3/s,Approved,[],2025-03-11T20:14:41.029928+00:00,4716a1279a5146ec977582a181f4a56d
2012-05-22,0.0,0.00,ft^3/s,Approved,[],2025-03-11T20:14:41.029928+00:00,4716a1279a5146ec977582a181f4a56d
2012-05-23,0.0,0.00,ft^3/s,Approved,[],2025-03-11T20:14:41.029928+00:00,4716a1279a5146ec977582a181f4a56d
2012-05-24,0.0,0.00,ft^3/s,Approved,[],2025-03-11T20:14:41.029928+00:00,4716a1279a5146ec977582a181f4a56d
2012-05-25,0.0,0.00,ft^3/s,Approved,[],2025-03-11T20:14:41.029928+00:00,4716a1279a5146ec977582a181f4a56d
2012-05-26,0.0,0.00,ft^3/s,Approved,[],2025-03-11T20:14:41.029928+00:00,4716a1279a5146ec977582a181f4a56d
2012-05-27,0.0,0.00,ft^3/s,Approved,[],2025-03-11T20:14:41.029928+00:00,4716a1279a5146ec977582a181f4a56d
2012-05-28,0.0,0.00,ft^3/s,Approved,[],2025-03-11T20:14:41.029928+00:00,4716a1279a5146ec977582a181f4a56d
2012-05-29,0.0,0.00,ft^3/s,Approved,[],2025-03-11T20:14:41.029928+00:00,4716a1279a5146ec977582a181f4a56d
2012-05-30,0.0,0.00,ft^3/s,Approved,[],2025-03-11T20:14:41.029928+00:00,4716a1279a5146ec977582a181f4a56d
2012-05-31,0.0,0.00,ft^3/s,Approved,[],2025-03-11T20:14:41.029928+00:00,4716a1279a5146ec977582a181f4a56d
2012-06-01,0.0,0.00,ft^3/s,Approved,[],2025-03-11T20:14:41.029928+00:00,4716a1279a5146ec977582a181f4a56d
2012-06-02,0.0,0.00,ft^3/s,Approved,[],2025-03-11T20:14:41.029928+00:00,4716a1279a5146ec977582a181f4a56d
2012-06-03,0.0,0.00,ft^3/s,Approved,[],2025-03-11T20:14:41.029928+00:00,4716a1279a5146ec977582a181f4a56d
2012-06-04,0.0,0.00,ft^3/s,Approved,[],2025-03-11T20:14:41.029928+00:00,4716a1279a5146ec977582a181f4a56d
2012-06-05,0.0,0.00,ft^3/s,Approved,[],2025-03-11T20:14:41.029928+00:00,4716a1279a5146ec977582a181f4a56d
2012-06-06,0.0,0.00,ft^3/s,Approved,[],2025-03-11T20:14:41.029928+00:00,4716a1279a5146ec977582a181f4a56d
2012-06-07,0.0,0.00,ft^3/s,Approved,[],2025-03-11T20:14:41.029928+00:00,4716a1279a5146ec977582a181f4a56d
2012-06-08,0.0,0.00,ft^3/s,Approved,[],2025-03-11T20:14:41.029928+00:00,4716a1279a5146ec977582a181f4a56d
2012-06-09,0.0,0.00,ft^3/s,Approved,[],2025-03-11T20:14:41.029928+00:00,4716a1279a5146ec977582a181f4a56d
2012-06-10,0.0,0.00,ft^3/s,Approved,[],2025-03-11T20:14:41.029928+00:00,4716a1279a5146ec977582a181f4a56d
2012-06-11,0.0,0.00,ft^3/s,Approved,[],2025-03-11T20:14:41.029928+00:00,4716a1279a5146ec977582a181f4a56d
2012-06-12,0.0,0.00,ft^3/s,Approved,[],2025-03-11T20:14:41.029928+00:00,4716a1279a5146ec977582a181f4a56d
2012-06-13,0.0,0.00,ft^3/s,Approved,[],2025-03-11T20:14:41.029928+00:00,4716a1279a5146ec977582a181f4a56d
2012-06-14,0.0,0.00,ft^3/s,Approved,[],2025-03-11T20:14:41.029928+00:00,4716a1279a5146ec977582a181f4a56d
2012-06-15,0.0,0.00,ft^3/s,Approved,[],2025-03-11T20:14:41.029928+00:00,4716a1279a5146ec977582a181f4a56d
2012-06-16,0.0,0.00,ft^3/s,Approved,[],2025-03-11T20:14:41.029928+00:00,4716a1279a5146ec977582a181f4a56d
2012-06-17,0.0,0.00,ft^3/s,Approved,[],2025-03-11T20:14:41.029928+00:00,4716a1279a5146ec977582a181f4a56d
2012-06-18,0.0,0.00,ft^3/s,Approved,[],2025-03-11T20:14:41.029928+00:00,4716a1279a5146ec977582a181f4a56d
2012-06-19,0.0,0.00,ft^3/s,Approved,[],2025-03-11T20:14:41.029928+00:00,4716a1279a5146ec977582a181f4a56d
2012-06-20,0.0,0.00,ft^3/s,Approved,[],2025-03-11T20:14:41.029928+00:00,4716a1279a5146ec977582a181f4a56d
2012-06-21,0.0,0.00,ft^3/s,Approved,[],2025-03-11T20:14:41.029928+00:00,4716a1279a5146ec977582a181f4a56d
2012-06-22,0.0,0.00,ft^3/s,Approved,[],2025-03-11T20:14:41.029928+00:00,4716a1279a5146ec977582a181f4a56d
2012-06-23,0.0,0.00,ft^3/s,Approved,[],2025-03-11T20:14:41.029928+00:00,4716a1279a5146ec977582a181f4a56d
2012-06-24,0.0,0.00,ft^3/s,Approved,[],2025-03-11T20:14:41.029928+00:00,4716a1279a5146ec977582a181f4a56d
2012-06-25,0.0,0.00,ft^3/s,Approved,[],2025-03-11T20:14:41.029928+00:00,4716a1279a5146ec977582a181f4a56d
2012-06-26,0.0,0.00,ft^3/s,Approved,[],2025-03-11T20:14:41.029928+00:00,4716a1279a5146ec977582a181f4a56d
2012-06-27,0.0,0.00,ft^3/s,Approved,[],2025-03-11T20:14:41.029928+00:00,4716a1279a5146ec977582a181f4a56d
2012-06-28,0.0,0.00,ft^3/s,Approved,[],2025-03-11T20:14:41.029928+00:00,4716a1279a5146ec977582a181f4a56d
2012-06-29,0.0,0.00,ft^3/s,Approved,[],2025-03-11T20:14:41.029928+00:00,4716a1279a5146ec977582a181f4a56d
2012-06-30,0.0,0.00,ft^3/s,Approved,[],2025-03-11T20:14:41.029928+00:00,4716a1279a5146ec977582a181f4a56d
2012-07-01,0.0,0.00,ft^3/s,Approved,[],2025-03-11T20:14:41.029928+00:00,4716a1279a5146ec977582a181f4a56d
2012-07-02,0.0,0.00,ft^3/s,Approved,[],2025-03-11T20:14:41.029928+00:00,4716a1279a5146ec977582a181f4a56d
2012-07-03,0.0,0.00,ft^3/s,Approved,[],2025-03-11T20:14:41.029928+00:00,4716a1279a5146ec977582a181f4a56d
2012-07-04,0.0,0.00,ft^3/s,Approved,[],2025-03-11T20:14:41.029928+00:00,4716a1279a5146ec977582a181f4a56d
2012-07-05,0.0,0.00,ft^3/s,Approved,[],2025-03-11T20:14:41.029928+00:00,4716a1279a5146ec977582a181f4a56d
2012-07-06,0.0,0.00,ft^3/s,Approved,[],2025-03-11T20:14:41.029928+00:00,4716a1279a5146ec977582a181f4a56d
2012-07-07,0.0,0.00,ft^3/s,Approved,[],2025-03-11T20:14:41.029928+00:00,4716a1279a5146ec977582a181f4a56d
2012-07-08,0.0,0.00,ft^3/s,Approved,[],2025-03-11T20:14:41.029928+00:00,4716a1279a5146ec977582a181f4a56d
2012-07-09,0.0,0.00,ft^3/s,Approved,[],2025-03-11T20:14:41.029928+00:00,4716a1279a5146ec977582a181f4a56d
2012-07-10,0.0,0.00,ft^3/s,Approved,[],2025-03-11T20:14:41.029928+00:00,4716a1279a5146ec977582a181f4a56d
2012-07-11,0.0,0.00,ft^3/s,Approved,[],2025-03-11T20:14:41.029928+00:00,4716a1279a5146ec977582a181f4a56d
2012-07-12,0.0,0.00,ft^3/s,Approved,[],2025-03-11T20:14:41.029928+00:00,4716a1279a5146ec977582a181f4a56d
2012-07-13,0.0,0.00,ft^3/s,Approved,[],2025-03-11T20:14:41.029928+00:00,4716a1279a5146ec977582a181f4a56d
2012-07-14,0.0,0.00,ft^3/s,Approved,[],2025-03-11T20:14:41.029928+00:00,4716a1279a5146ec977582a181f4a56d
2012-07-15,0.0,0.00,ft^3/s,Approved,[],2025-03-11T20:14:41.029928+00:00,4716a1279a5146ec977582a181f4a56d
2012-07-16,0.0,0.00,ft^3/s,Approved,[],2025-03-11T20:14:41.029928+00:00,4716a1279a5146ec977582a181f4a56d
2012-07-17,0.0,0.00,ft^3/s,Approved,[],2025-03-11T20:14:41.029928+00:00,4716a1279a5146ec977582a181f4a56d
2012-07-18,0.0,0.00,ft^3/s,Approved,[],2025-03-11T20:14:41.029928+00:00,4716a1279a5146ec977582a181f4a56d
2012-07-19,0.0,0.00,ft^3/s,Approved,[],2025-03-11T20:14:41.029928+00:00,4716a1279a5146ec977582a181f4a56d
2012-07-20,0.0,0.00,ft^3/s,Approved,[],2025-03-11T20:14:41.029928+00:00,4716a1279a5146ec977582a181f4a56d
2012-07-21,0.0,0.00,ft^3/s,Approved,[],2025-03-11T20:14:41.029928+00:00,4716a1279a5146ec977582a181f4a56d
2012-07-22,0.0,0.00,ft^3/s,Approved,[],2025-03-11T20:14:41.029928+00:00,4716a1279a5146ec977582a181f4a56d
2012-07-23,0.0,0.00,ft^3/s,Approved,[],2025-03-11T20:14:41.029928+00:00,4716a1279a5146ec977582a181f4a56d
2012-07-24,0.0,0.00,ft^3/s,Approved,[],2025-03-11T20:14:41.029928+00:00,4716a1279a5146ec977582a181f4a56d
2012-07-25,0.0,0.00,ft^3/s,Approved,[],2025-03-11T20:14:41.029928+00:00,4716a1279a5146ec977582a181f4a56d
2012-07-26,0.0,0.00,ft^3/s,Approved,[],2025-03-11T20:14:41.029928+00:00,4716a1279a5146ec977582a181f4a56d
2012-07-27,0.0,0.00,ft^3/s,Approved,[],2025-03-11T20:14:41.029928+00:00,4716a1279a5146ec977582a181f4a56d
2012-07-28,0.0,0.00,ft^3/s,Approved,[],2025-03-11T20:14:41.029928+00:00,4716a1279a5146ec977582a181f4a56d
2012-07-29,0.0,0.00,ft^3/s,Approved,[],2025-03-11T20:14:41.029928+00:00,4716a1279a5146ec977582a181f4a56d
2012-07-30,0.0,0.00,ft^3/s,Approved,[],2025-03-11T20:14:41.029928+00:00,4716a1279a5146ec977582a181f4a56d
2012-07-31,0.0,0.00,ft^3/s,Approved,[],2025-03-11T20:14:41.029928+00:00,4716a1279a5146ec977582a181f4a56d
2012-08-01,0.0,0.00,ft^3/s,Approved,[],2025-03-11T20:14:41.029928+00:00,4716a1279a5146ec977582a181f4a56d
2012-08-02,0.0,0.00,ft^3/s,Approved,[],2025-03-11T20:14:41.029928+00:00,4716a1279a5146ec977582a181f4a56d
2012-08-03,0.0,0.00,ft^3/s,Approved,[],2025-03-11T20:14:41.029928+00:00,4716a1279a5146ec977582a181f4a56d
2012-08-04,0.0,0.00,ft^3/s,Approved,[],2025-03-11T20:14:41.029928+00:00,4716a1279a5146ec977582a181f4a56d
2012-08-05,0.0,0.00,ft^3/s,Approved,[],2025-03-11T20:14:41.029928+00:00,4716a1279a5146ec977582a181f4a56d
2012-08-06,0.0,0.00,ft^3/s,Approved,[],2025-03-11T20:14:41.029928+00:00,4716a1279a5146ec977582a181f4a56d
2012-08-07,0.0,0.00,ft^3/s,Approved,[],2025-03-11T20:14:41.029928+00:00,4716a1279a5146ec977582a181f4a56d
2012-08-08,0.0,0.00,ft^3/s,Approved,[],2025-03-11T20:14:41.029928+00:00,4716a1279a5146ec977582a181f4a56d
2012-08-09,0.0,0.00,ft^3/s,Approved,[],2025-03-11T20:14:41.029928+00:00,4716a1279a5146ec977582a181f4a56d
2012-08-10,0.0,0.00,ft^3/s,Approved,[],2025-03-11T20:14:41.029928+00:00,4716a1279a5146ec977582a181f4a56d
2012-08-11,0.0,0.00,ft^3/s,Approved,[],2025-03-11T20:14:41.029928+00:00,4716a1279a5146ec977582a181f4a56d
2012-08-12,0.0,0.00,ft^3/s,Approved,[],2025-03-11T20:14:41.029928+00:00,4716a1279a5146ec977582a181f4a56d
2012-08-13,0.0,0.00,ft^3/s,Approved,[],2025-03-11T20:14:41.029928+00:00,4716a1279a5146ec977582a181f4a56d
2012-08-14,0.0,0.00,ft^3/s,Approved,[],2025-03-11T20:14:41.029928+00:00,4716a1279a5146ec977582a181f4a56d
2012-08-15,0.0,0.00,ft^3/s,Approved,[],2025-03-11T20:14:41.029928+00:00,4716a1279a5146ec977582a181f4a56d
2012-08-16,0.0,0.00,ft^3/s,Approved,[],2025-03-11T20:14:41.029928+00:00,4716a1279a5146ec977582a181f4a56d
2012-08-17,0.0,0.00,ft^3/s,Approved,[],2025-03-11T20:14:41.029928+00:00,4716a1279a5146ec977582a181f4a56d
2012-08-18,63.5,63.5,ft^3/s,Approved,[],2025-03-11T20:14:41.029928+00:00,4716a1279a5146ec977582a181f4a56d
2012-08-19,157.0,157,ft^3/s,Approved,[],2025-03-11T20:14:41.029928+00:00,4716a1279a5146ec977582a181f4a56d
2012-08-20,0.21,0.21,ft^3/s,Approved,[],2025-03-11T20:14:41.029928+00:00,4716a1279a5146ec977582a181f4a56d
2012-08-21,0.0,0.00,ft^3/s,Approved,[],2025-03-11T20:14:41.029928+00:00,4716a1279a5146ec977582a181f4a56d
2012-08-22,0.0,0.00,ft^3/s,Approved,[],2025-03-11T20:14:41.029928+00:00,4716a1279a5146ec977582a181f4a56d
2012-08-23,0.0,0.00,ft^3/s,Approved,[],2025-03-11T20:14:41.029928+00:00,4716a1279a5146ec977582a181f4a56d
2012-08-24,0.0,0.00,ft^3/s,Approved,[],2025-03-11T20:14:41.029928+00:00,4716a1279a5146ec977582a181f4a56d
2012-08-25,0.0,0.00,ft^3/s,Approved,[],2025-03-11T20:14:41.029928+00:00,4716a1279a5146ec977582a181f4a56d
2012-08-26,0.0,0.00,ft^3/s,Approved,[],2025-03-11T20:14:41.029928+00:00,4716a1279a5146ec977582a181f4a56d
2012-08-27,0.0,0.00,ft^3/s,Approved,[],2025-03-11T20:14:41.029928+00:00,4716a1279a5146ec977582a181f4a56d
2012-08-28,0.0,0.00,ft^3/s,Approved,[],2025-03-11T20:14:41.029928+00:00,4716a1279a5146ec977582a181f4a56d
2012-08-29,0.0,0.00,ft^3/s,Approved,[],2025-03-11T20:14:41.029928+00:00,4716a1279a5146ec977582a181f4a56d
2012-08-30,0.0,0.00,ft^3/s,Approved,[],2025-03-11T20:14:41.029928+00:00,4716a1279a5146ec977582a181f4a56d
2012-08-31,0.0,0.00,ft^3/s,Approved,[],2025-03-11T20:14:41.029928+00:00,4716a1279a5146ec977582a181f4a56d
2012-09-01,0.0,0.00,ft^3/s,Approved,[],2025-03-11T20:14:41.029928+00:00,4716a1279a5146ec977582a181f4a56d
2012-09-02,0.0,0.00,ft^3/s,Approved,[],2025-03-11T20:14:41.029928+00:00,4716a1279a5146ec977582a181f4a56d
2012-09-03,0.0,0.00,ft^3/s,Approved,[],2025-03-11T20:14:41.029928+00:00,4716a1279a5146ec977582a181f4a56d
2012-09-04,0.0,0.00,ft^3/s,Approved,[],2025-03-11T20:14:41.029928+00:00,4716a1279a5146ec977582a181f4a56d
2012-09-05,0.0,0.00,ft^3/s,Approved,[],2025-03-11T20:14:41.029928+00:00,4716a1279a5146ec977582a181f4a56d
2012-09-06,0.0,0.00,ft^3/s,Approved,[],2025-03-11T20:14:41.029928+00:00,4716a1279a5146ec977582a181f4a56d
2012-09-07,0.0,0.00,ft^3/s,Approved,[],2025-03-11T20:14:41.029928+00:00,4716a1279a5146ec977582a181f4a56d
2012-09-08,0.0,0.00,ft^3/s,Approved,[],2025-03-11T20:14:41.029928+00:00,4716a1279a5146ec977582a181f4a56d
2012-09-09,0.0,0.00,ft^3/s,Approved,[],2025-03-11T20:14:41.029928+00:00,4716a1279a5146ec977582a181f4a56d
2012-09-10,0.0,0.00,ft^3/s,Approved,[],2025-03-11T20:14:41.029928+00:00,4716a1279a5146ec977582a181f4a56d
2012-09-11,0.0,0.00,ft^3/s,Approved,[],2025-03-11T20:14:41.029928+00:00,4716a1279a5146ec977582a181f4a56d
2012-09-12,0.0,0.00,ft^3/s,Approved,[],2025-03-11T20:14:41.029928+00:00,4716a1279a5146ec977582a181f4a56d
2012-09-13,0.0,0.00,ft^3/s,Approved,[],2025-03-11T20:14:41.029928+00:00,4716a1279a5146ec977582a181f4a56d
2012-09-14,0.0,0.00,ft^3/s,Approved,[],2025-03-11T20:14:41.029928+00:00,4716a1279a5146ec977582a181f4a56d
2012-09-15,0.0,0.00,ft^3/s,Approved,[],2025-03-11T20:14:41.029928+00:00,4716a1279a5146ec977582a181f4a56d
2012-09-16,0.0,0.00,ft^3/s,Approved,[],2025-03-11T20:14:41.029928+00:00,4716a1279a5146ec977582a181f4a56d
2012-09-17,0.0,0.00,ft^3/s,Approved,[],2025-03-11T20:14:41.029928+00:00,4716a1279a5146ec977582a181f4a56d
2012-09-18,0.0,0.00,ft^3/s,Approved,[],2025-03-11T20:14:41.029928+00:00,4716a1279a5146ec977582a181f4a56d
2012-09-19,0.0,0.00,ft^3/s,Approved,[],2025-03-11T20:14:41.029928+00:00,4716a1279a5146ec977582a181f4a56d
2012-09-20,0.0,0.00,ft^3/s,Approved,[],2025-03-11T20:14:41.029928+00:00,4716a1279a5146ec977582a181f4a56d
2012-09-21,0.0,0.00,ft^3/s,Approved,[],2025-03-11T20:14:41.029928+00:00,4716a1279a5146ec977582a181f4a56d
2012-09-22,0.0,0.00,ft^3/s,Approved,[],2025-03-11T20:14:41.029928+00:00,4716a1279a5146ec977582a181f4a56d
2012-09-23,0.0,0.00,ft^3/s,Approved,[],2025-03-11T20:14:41.029928+00:00,4716a1279a5146ec977582a181f4a56d
2012-09-24,0.0,0.00,ft^3/s,Approved,[],2025-03-11T20:14:41.029928+00:00,4716a1279a5146ec977582a181f4a56d
2012-09-25,0.0,0.00,ft^3/s,Approved,[],2025-03-11T20:14:41.029928+00:00,4716a1279a5146ec977582a181f4a56d
2012-09-26,0.0,0.00,ft^3/s,Approved,[],2025-03-11T20:14:41.029928+00:00,4716a1279a5146ec977582a181f4a56d
2012-09-27,0.0,0.00,ft^3/s,Approved,[],2025-03-11T20:14:41.029928+00:00,4716a1279a5146ec977582a181f4a56d
2012-09-28,0.0,0.00,ft^3/s,Approved,[],2025-03-11T20:14:41.029928+00:00,4716a1279a5146ec977582a181f4a56d
2012-09-29,0.0,0.00,ft^3/s,Approved,[],2025-03-11T20:14:41.029928+00:00,4716a1279a5146ec977582a181f4a56d
2012-09-30,0.0,0.00,ft^3/s,Approved,[],2025-03-11T20:14:41.029928+00:00,4716a1279a5146ec977582a181f4a56d
2012-10-01,0.0,0.00,ft^3/s,Approved,[],2025-03-11T20:14:41.029928+00:00,4716a1279a5146ec977582a181f4a56d
2012-10-02,0.0,0.00,ft^3/s,Approved,[],2025-03-11T20:14:41.029928+00:00,4716a1279a5146ec977582a181f4a56d
2012-10-03,0.0,0.00,ft^3/s,Approved,[],2025-03-11T20:14:41.029928+00:00,4716a1279a5146ec977582a181f4a56d
2012-10-04,0.0,0.00,ft^3/s,Approved,[],2025-03-11T20:14:41.029928+00:00,4716a1279a5146ec977582a181f4a56d
2012-10-05,0.0,0.00,ft^3/s,Approved,[],2025-03-11T20:14:41.029928+00:00,4716a1279a5146ec977582a181f4a56d
2012-10-06,0.0,0.00,ft^3/s,Approved,[],2025-03-11T20:14:41.029928+00:00,4716a1279a5146ec977582a181f4a56d
2012-10-07,0.0,0.00,ft^3/s,Approved,[],2025-03-11T20:14:41.029928+00:00,4716a1279a5146ec977582a181f4a56d
2012-10-08,0.0,0.00,ft^3/s,Approved,[],2025-03-11T20:14:41.029928+00:00,4716a1279a5146ec977582a181f4a56d
2012-10-09,0.0,0.00,ft^3/s,Approved,[],2025-03-11T20:14:41.029928+00:00,4716a1279a5146ec977582a181f4a56d
2012-10-10,0.0,0.00,ft^3/s,Approved,[],2025-03-11T20:14:41.029928+00:00,4716a1279a5146ec977582a181f4a56d
2012-10-11,0.0,0.00,ft^3/s,Approved,[],2025-03-11T20:14:41.029928+00:00,4716a1279a5146ec977582a181f4a56d
2012-10-12,0.0,0.00,ft^3/s,Approved,[],2025-03-11T20:14:41.029928+00:00,4716a1279a5146ec977582a181f4a56d
2012-10-13,0.0,0.00,ft^3/s,Approved,[],2025-03-11T20:14:41.029928+00:00,4716a1279a5146ec977582a181f4a56d
2012-10-14,0.0,0.00,ft^3/s,Approved,[],2025-03-11T20:14:41.029928+00:00,4716a1279a5146ec977582a181f4a56d
2012-10-15,0.0,0.00,ft^3/s,Approved,[],2025-03-11T20:14:41.029928+00:00,4716a1279a5146ec977582a181f4a56d
2012-10-16,0.0,0.00,ft^3/s,Approved,[],2025-03-11T20:14:41.029928+00:00,4716a1279a5146ec977582a181f4a56d
2012-10-17,0.0,0.00,ft^3/s,Approved,[],2025-03-11T20:14:41.029928+00:00,4716a1279a5146ec977582a181f4a56d
2012-10-18,0.0,0.00,ft^3/s,Approved,[],2025-03-11T20:14:41.029928+00:00,4716a1279a5146ec977582a181f4a56d
2012-10-19,0.0,0.00,ft^3/s,Approved,[],2025-03-11T20:14:41.029928+00:00,4716a1279a5146ec977582a181f4a56d
2012-10-20,0.0,0.00,ft^3/s,Approved,[],2025-03-11T20:14:41.029928+00:00,4716a1279a5146ec977582a181f4a56d
2012-10-21,0.0,0.00,ft^3/s,Approved,[],2025-03-11T20:14:41.029928+00:00,4716a1279a5146ec977582a181f4a56d
2012-10-22,0.0,0.00,ft^3/s,Approved,[],2025-03-11T20:14:41.029928+00:00,4716a1279a5146ec977582a181f4a56d
2012-10-23,0.0,0.00,ft^3/s,Approved,[],2025-03-11T20:14:41.029928+00:00,4716a1279a5146ec977582a181f4a56d
2012-10-24,0.0,0.00,ft^3/s,Approved,[],2025-03-11T20:14:41.029928+00:00,4716a1279a5146ec977582a181f4a56d
2012-10-25,0.0,0.00,ft^3/s,Approved,[],2025-03-11T20:14:41.029928+00:00,4716a1279a5146ec977582a181f4a56d
2012-10-26,0.0,0.00,ft^3/s,Approved,[],2025-03-11T20:14:41.029928+00:00,4716a1279a5146ec977582a181f4a56d
2012-10-27,0.0,0.00,ft^3/s,Approved,[],2025-03-11T20:14:41.029928+00:00,4716a1279a5146ec977582a181f4a56d
2012-10-28,0.0,0.00,ft^3/s,Approved,[],2025-03-11T20:14:41.029928+00:00,4716a1279a5146ec977582a181f4a56d
2012-10-29,0.0,0.00,ft^3/s,Approved,[],2025-03-11T20:14:41.029928+00:00,4716a1279a5146ec977582a181f4a56d
2012-10-30,0.0,0.00,ft^3/s,Approved,[],2025-03-11T20:14:41.029928+00:00,4716a1279a5146ec977582a181f4a56d
2012-10-31,0.0,0.00,ft^3/s,Approved,[],2025-03-11T20:14:41.029928+00:00,4716a1279a5146ec977582a181f4a56d
2012-11-01,0.0,0.00,ft^3/s,Approved,[],2025-03-11T20:14:41.029928+00:00,4716a1279a5146ec977582a181f4a56d
2012-11-02,0.0,0.00,ft^3/s,Approved,[],2025-03-11T20:14:41.029928+00:00,4716a1279a5146ec977582a181f4a56d
2012-11-03,0.0,0.00,ft^3/s,Approved,[],2025-03-11T20:14:41.029928+00:00,4716a1279a5146ec977582a181f4a56d
2012-11-04,0.0,0.00,ft^3/s,Approved,[],2025-03-11T20:14:41.029928+00:00,4716a1279a5146ec977582a181f4a56d
2012-11-05,0.0,0.00,ft^3/s,Approved,[],2025-03-11T20:14:41.029928+00:00,4716a1279a5146ec977582a181f4a56d
2012-11-06,0.0,0.00,ft^3/s,Approved,[],2025-03-11T20:14:41.029928+00:00,4716a1279a5146ec977582a181f4a56d
2012-11-07,0.0,0.00,ft^3/s,Approved,[],2025-03-11T20:14:41.029928+00:00,4716a1279a5146ec977582a181f4a56d
2012-11-08,0.0,0.00,ft^3/s,Approved,[],2025-03-11T20:14:41.029928+00:00,4716a1279a5146ec977582a181f4a56d
2012-11-09,0.0,0.00,ft^3/s,Approved,[],2025-03-11T20:14:41.029928+00:00,4716a1279a5146ec977582a181f4a56d
2012-11-10,0.0,0.00,ft^3/s,Approved,[],2025-03-11T20:14:41.029928+00:00,4716a1279a5146ec977582a181f4a56d
2012-11-11,0.0,0.00,ft^3/s,Approved,[],2025-03-11T20:14:41.029928+00:00,4716a1279a5146ec977582a181f4a56d
2012-11-12,0.0,0.00,ft^3/s,Approved,[],2025-03-11T20:14:41.029928+00:00,4716a1279a5146ec977582a181f4a56d
2012-11-13,0.0,0.00,ft^3/s,Approved,[],2025-03-11T20:14:41.029928+00:00,4716a1279a5146ec977582a181f4a56d
2012-11-14,0.0,0.00,ft^3/s,Approved,[],2025-03-11T20:14:41.029928+00:00,4716a1279a5146ec977582a181f4a56d
2012-11-15,0.0,0.00,ft^3/s,Approved,[],2025-03-11T20:14:41.029928+00:00,4716a1279a5146ec977582a181f4a56d
2012-11-16,0.0,0.00,ft^3/s,Approved,[],2025-03-11T20:14:41.029928+00:00,4716a1279a5146ec977582a181f4a56d
2012-11-17,0.0,0.00,ft^3/s,Approved,[],2025-03-11T20:14:41.029928+00:00,4716a1279a5146ec977582a181f4a56d
2012-11-18,0.0,0.00,ft^3/s,Approved,[],2025-03-11T20:14:41.029928+00:00,4716a1279a5146ec977582a181f4a56d
2012-11-19,0.0,0.00,ft^3/s,Approved,[],2025-03-11T20:14:41.029928+00:00,4716a1279a5146ec977582a181f4a56d
2012-11-20,0.0,0.00,ft^3/s,Approved,[],2025-03-11T20:14:41.029928+00:00,4716a1279a5146ec977582a181f4a56d
2012-11-21,0.0,0.00,ft^3/s,Approved,[],2025-03-11T20:14:41.029928+00:00,4716a1279a5146ec977582a181f4a56d
2012-11-22,0.0,0.00,ft^3/s,Approved,[],2025-03-11T20:14:41.029928+00:00,4716a1279a5146ec977582a181f4a56d
2012-11-23,0.0,0.00,ft^3/s,Approved,[],2025-03-11T20:14:41.029928+00:00,4716a1279a5146ec977582a181f4a56d
2012-11-24,0.0,0.00,ft^3/s,Approved,[],2025-03-11T20:14:41.029928+00:00,4716a1279a5146ec977582a181f4a56d
2012-11-25,0.0,0.00,ft^3/s,Approved,[],2025-03-11T20:14:41.029928+00:00,4716a1279a5146ec977582a181f4a56d
2012-11-26,0.0,0.00,ft^3/s,Approved,[],2025-03-11T20:14:41.029928+00:00,4716a1279a5146ec977582a181f4a56d
2012-11-27,0.0,0.00,ft^3/s,Approved,[],2025-03-11T20:14:41.029928+00:00,4716a1279a5146ec977582a181f4a56d
2012-11-28,0.0,0.00,ft^3/s,Approved,[],2025-03-11T20:14:41.029928+00:00,4716a1279a5146ec977582a181f4a56d
2012-11-29,0.0,0.00,ft^3/s,Approved,[],2025-03-11T20:14:41.029928+00:00,4716a1279a5146ec977582a181f4a56d
2012-11-30,0.0,0.00,ft^3/s,Approved,[],2025-03-11T20:14:41.029928+00:00,4716a1279a5146ec977582a181f4a56d
2012-12-01,0.0,0.00,ft^3/s,Approved,[],2025-03-11T20:14:41.029928+00:00,4716a1279a5146ec977582a181f4a56d
2012-12-02,0.0,0.00,ft^3/s,Approved,[],2025-03-11T20:14:41.029928+00:00,4716a1279a5146ec977582a181f4a56d
2012-12-03,0.0,0.00,ft^3/s,Approved,[],2025-03-11T20:14:41.029928+00:00,4716a1279a5146ec977582a181f4a56d
2012-12-04,0.0,0.00,ft^3/s,Approved,[],2025-03-11T20:14:41.029928+00:00,4716a1279a5146ec977582a181f4a56d
2012-12-05,0.0,0.00,ft^3/s,Approved,[],2025-03-11T20:14:41.029928+00:00,4716a1279a5146ec977582a181f4a56d
2012-12-06,0.0,0.00,ft^3/s,Approved,[],2025-03-11T20:14:41.029928+00:00,4716a1279a5146ec977582a181f4a56d
2012-12-07,0.0,0.00,ft^3/s,Approved,[],2025-03-11T20:14:41.029928+00:00,4716a1279a5146ec977582a181f4a56d
2012-12-08,0.0,0.00,ft^3/s,Approved,[],2025-03-11T20:14:41.029928+00:00,4716a1279a5146ec977582a181f4a56d
2012-12-09,0.0,0.00,ft^3/s,Approved,[],2025-03-11T20:14:41.029928+00:00,4716a1279a5146ec977582a181f4a56d
2012-12-10,0.0,0.00,ft^3/s,Approved,[],2025-03-11T20:14:41.029928+00:00,4716a1279a5146ec977582a181f4a56d
2012-12-11,0.0,0.00,ft^3/s,Approved,[],2025-03-11T20:14:41.029928+00:00,4716a1279a5146ec977582a181f4a56d
2012-12-12,0.0,0.00,ft^3/s,Approved,[],2025-03-11T20:14:41.029928+00:00,4716a1279a5146ec977582a181f4a56d
2012-12-13,0.0,0.00,ft^3/s,Approved,[],2025-03-11T20:14:41.029928+00:00,4716a1279a5146ec977582a181f4a56d
2012-12-14,0.0,0.00,ft^3/s,Approved,[],2025-03-11T20:14:41.029928+00:00,4716a1279a5146ec977582a181f4a56d
2012-12-15,0.0,0.00,ft^3/s,Approved,[],2025-03-11T20:14:41.029928+00:00,4716a1279a5146ec977582a181f4a56d
2012-12-16,0.0,0.00,ft^3/s,Approved,[],2025-03-11T20:14:41.029928+00:00,4716a1279a5146ec977582a181f4a56d
2012-12-17,0.0,0.00,ft^3/s,Approved,[],2025-03-11T20:14:41.029928+00:00,4716a1279a5146ec977582a181f4a56d
2012-12-18,0.0,0.00,ft^3/s,Approved,[],2025-03-11T20:14:41.029928+00:00,4716a1279a5146ec977582a181f4a56d
2012-12-19,0.0,0.00,ft^3/s,Approved,[],2025-03-11T20:14:41.029928+00:00,4716a1279a5146ec977582a181f4a56d
2012-12-20,0.0,0.00,ft^3/s,Approved,[],2025-03-11T20:14:41.029928+00:00,4716a1279a5146ec977582a181f4a56d
2012-12-21,0.0,0.00,ft^3/s,Approved,[],2025-03-11T20:14:41.029928+00:00,4716a1279a5146ec977582a181f4a56d
2012-12-22,0.0,0.00,ft^3/s,Approved,[],2025-03-11T20:14:41.029928+00:00,4716a1279a5146ec977582a181f4a56d
2012-12-23,0.0,0.00,ft^3/s,Approved,[],2025-03-11T20:14:41.029928+00:00,4716a1279a5146ec977582a181f4a56d
2012-12-24,0.0,0.00,ft^3/s,Approved,[],2025-03-11T20:14:41.029928+00:00,4716a1279a5146ec977582a181f4a56d
2012-12-25,0.0,0.00,ft^3/s,Approved,[],2025-03-11T20:14:41.029928+00:00,4716a1279a5146ec977582a181f4a56d
2012-12-26,0.0,0.00,ft^3/s,Approved,[],2025-03-11T20:14:41.029928+00:00,4716a1279a5146ec977582a181f4a56d
2012-12-27,0.0,0.00,ft^3/s,Approved,[],2025-03-11T20:14:41.029928+00:00,4716a1279a5146ec977582a181f4a56d
2012-12-28,0.0,0.00,ft^3/s,Approved,[],2025-03-11T20:14:41.029928+00:00,4716a1279a5146ec977582a181f4a56d
2012-12-29,0.0,0.00,ft^3/s,Approved,[],2025-03-11T20:14:41.029928+00:00,4716a1279a5146ec977582a181f4a56d
2012-12-30,0.0,0.00,ft^3/s,Approved,[],2025-03-11T20:14:41.029928+00:00,4716a1279a5146ec977582a181f4a56d
2012-12-31,0.0,0.00,ft^3/s,Approved,[],2025-03-11T20:14:41.029928+00:00,4716a1279a5146ec977582a181f4a56d
2013-01-01,0.0,0.00,ft^3/s,Approved,[],2025-03-11T20:14:41.029928+00:00,4716a1279a5146ec977582a181f4a56d
2013-01-02,0.0,0.00,ft^3/s,Approved,[],2025-03-11T20:14:41.029928+00:00,4716a1279a5146ec977582a181f4a56d
2013-01-03,0.0,0.00,ft^3/s,Approved,[],2025-03-11T20:14:41.029928+00:00,4716a1279a5146ec977582a181f4a56d
2013-01-04,0.0,0.00,ft^3/s,Approved,[],2025-03-11T20:14:41.029928+00:00,4716a1279a5146ec977582a181f4a56d
2013-01-05,0.0,0.00,ft^3/s,Approved,[],2025-03-11T20:14:41.029928+00:00,4716a1279a5146ec977582a181f4a56d
2013-01-06,0.0,0.00,ft^3/s,Approved,[],2025-03-11T20:14:41.029928+00:00,4716a1279a5146ec977582a181f4a56d
2013-01-07,0.0,0.00,ft^3/s,Approved,[],2025-03-11T20:14:41.029928+00:00,4716a1279a5146ec977582a181f4a56d
2013-01-08,0.0,0.00,ft^3/s,Approved,[],2025-03-11T20:14:41.029928+00:00,4716a1279a5146ec977582a181f4a56d
2013-01-09,306.0,306,ft^3/s,Approved,[],2025-03-11T20:14:41.029928+00:00,4716a1279a5146ec977582a181f4a56d
2013-01-10,50.9,50.9,ft^3/s,Approved,[],2025-03-11T20:14:41.029928+00:00,4716a1279a5146ec977582a181f4a56d
2013-01-11,4.65,4.65,ft^3/s,Approved,[],2025-03-11T20:14:41.029928+00:00,4716a1279a5146ec977582a181f4a56d
2013-01-12,0.19,0.19,ft^3/s,Approved,[],2025-03-11T20:14:41.029928+00:00,4716a1279a5146ec977582a181f4a56d
2013-01-13,0.0,0.00,ft^3/s,Approved,[],2025-03-11T20:14:41.029928+00:00,4716a1279a5146ec977582a181f4a56d
2013-01-14,0.0,0.00,ft^3/s,Approved,[],2025-03-11T20:14:41.029928+00:00,4716a1279a5146ec977582a181f4a56d
2013-01-15,0.0,0.00,ft^3/s,Approved,[],2025-03-11T20:14:41.029928+00:00,4716a1279a5146ec977582a181f4a56d
2013-01-16,0.0,0.00,ft^3/s,Approved,[],2025-03-11T20:14:41.029928+00:00,4716a1279a5146ec977582a181f4a56d
2013-01-17,0.0,0.00,ft^3/s,Approved,[],2025-03-11T20:14:41.029928+00:00,4716a1279a5146ec977582a181f4a56d
2013-01-18,0.0,0.00,ft^3/s,Approved,[],2025-03-11T20:14:41.029928+00:00,4716a1279a5146ec977582a181f4a56d
2013-01-19,0.0,0.00,ft^3/s,Approved,[],2025-03-11T20:14:41.029928+00:00,4716a1279a5146ec977582a181f4a56d
2013-01-20,0.0,0.00,ft^3/s,Approved,[],2025-03-11T20:14:41.029928+00:00,4716a1279a5146ec977582a181f4a56d
2013-01-21,0.0,0.00,ft^3/s,Approved,[],2025-03-11T20:14:41.029928+00:00,4716a1279a5146ec977582a181f4a56d
2013-01-22,0.0,0.00,ft^3/s,Approved,[],2025-03-11T20:14:41.029928+00:00,4716a1279a5146ec977582a181f4a56d
2013-01-23,0.0,0.00,ft^3/s,Approved,[],2025-03-11T20:14:41.029928+00:00,4716a1279a5146ec977582a181f4a56d
2013-01-24,0.0,0.00,ft^3/s,Approved,[],2025-03-11T20:14:41.029928+00:00,4716a1279a5146ec977582a181f4a56d
2013-01-25,0.0,0.00,ft^3/s,Approved,[],2025-03-11T20:14:41.029928+00:00,4716a1279a5146ec977582a181f4a56d
2013-01-26,0.0,0.00,ft^3/s,Approved,[],2025-03-11T20:14:41.029928+00:00,4716a1279a5146ec977582a181f4a56d
2013-01-27,0.0,0.00,ft^3/s,Approved,[],2025-03-11T20:14:41.029928+00:00,4716a1279a5146ec977582a181f4a56d
2013-01-28,0.0,0.00,ft^3/s,Approved,[],2025-03-11T20:14:41.029928+00:00,4716a1279a5146ec977582a181f4a56d
2013-01-29,0.0,0.00,ft^3/s,Approved,[],2025-03-11T20:14:41.029928+00:00,4716a1279a5146ec977582a181f4a56d
2013-01-30,0.0,0.00,ft^3/s,Approved,[],2025-03-11T20:14:41.029928+00:00,4716a1279a5146ec977582a181f4a56d
2013-01-31,0.0,0.00,ft^3/s,Approved,[],2025-03-11T20:14:41.029928+00:00,4716a1279a5146ec977582a181f4a56d
2013-02-01,0.0,0.00,ft^3/s,Approved,[],2025-03-11T20:14:41.029928+00:00,4716a1279a5146ec977582a181f4a56d
2013-02-02,0.0,0.00,ft^3/s,Approved,[],2025-03-11T20:14:41.029928+00:00,4716a1279a5146ec977582a181f4a56d
2013-02-03,0.0,0.00,ft^3/s,Approved,[],2025-03-11T20:14:41.029928+00:00,4716a1279a5146ec977582a181f4a56d
2013-02-04,0.0,0.00,ft^3/s,Approved,[],2025-03-11T20:14:41.029928+00:00,4716a1279a5146ec977582a181f4a56d
2013-02-05,0.0,0.00,ft^3/s,Approved,[],2025-03-11T20:14:41.029928+00:00,4716a1279a5146ec977582a181f4a56d
2013-02-06,0.0,0.00,ft^3/s,Approved,[],2025-03-11T20:14:41.029928+00:00,4716a1279a5146ec977582a181f4a56d
2013-02-07,0.0,0.00,ft^3/s,Approved,[],2025-03-11T20:14:41.029928+00:00,4716a1279a5146ec977582a181f4a56d
2013-02-08,0.0,0.00,ft^3/s,Approved,[],2025-03-11T20:14:41.029928+00:00,4716a1279a5146ec977582a181f4a56d
2013-02-09,0.0,0.00,ft^3/s,Approved,[],2025-03-11T20:14:41.029928+00:00,4716a1279a5146ec977582a181f4a56d
2013-02-10,0.0,0.00,ft^3/s,Approved,[],2025-03-11T20:14:41.029928+00:00,4716a1279a5146ec977582a181f4a56d
2013-02-11,0.0,0.00,ft^3/s,Approved,[],2025-03-11T20:14:41.029928+00:00,4716a1279a5146ec977582a181f4a56d
2013-02-12,0.0,0.00,ft^3/s,Approved,[],2025-03-11T20:14:41.029928+00:00,4716a1279a5146ec977582a181f4a56d
2013-02-13,0.0,0.00,ft^3/s,Approved,[],2025-03-11T20:14:41.029928+00:00,4716a1279a5146ec977582a181f4a56d
2013-02-14,0.0,0.00,ft^3/s,Approved,[],2025-03-11T20:14:41.029928+00:00,4716a1279a5146ec977582a181f4a56d
2013-02-15,0.0,0.00,ft^3/s,Approved,[],2025-03-11T20:14:41.029928+00:00,4716a1279a5146ec977582a181f4a56d
2013-02-16,0.0,0.00,ft^3/s,Approved,[],2025-03-11T20:14:41.029928+00:00,4716a1279a5146ec977582a181f4a56d
2013-02-17,0.0,0.00,ft^3/s,Approved,[],2025-03-11T20:14:41.029928+00:00,4716a1279a5146ec977582a181f4a56d
2013-02-18,0.0,0.00,ft^3/s,Approved,[],2025-03-11T20:14:41.029928+00:00,4716a1279a5146ec977582a181f4a56d
2013-02-19,0.0,0.00,ft^3/s,Approved,[],2025-03-11T20:14:41.029928+00:00,4716a1279a5146ec977582a181f4a56d
2013-02-20,0.0,0.00,ft^3/s,Approved,[],2025-03-11T20:14:41.029928+00:00,4716a1279a5146ec977582a181f4a56d
2013-02-21,0.0,0.00,ft^3/s,Approved,[],2025-03-11T20:14:41.029928+00:00,4716a1279a5146ec977582a181f4a56d
2013-02-22,0.0,0.00,ft^3/s,Approved,[],2025-03-11T20:14:41.029928+00:00,4716a1279a5146ec977582a181f4a56d
2013-02-23,0.0,0.00,ft^3/s,Approved,[],2025-03-11T20:14:41.029928+00:00,4716a1279a5146ec977582a181f4a56d
2013-02-24,0.0,0.00,ft^3/s,Approved,[],2025-03-11T20:14:41.029928+00:00,4716a1279a5146ec977582a181f4a56d
2013-02-25,0.0,0.00,ft^3/s,Approved,[],2025-03-11T20:14:41.029928+00:00,4716a1279a5146ec977582a181f4a56d
2013-02-26,0.0,0.00,ft^3/s,Approved,[],2025-03-11T20:14:41.029928+00:00,4716a1279a5146ec977582a181f4a56d
2013-02-27,0.0,0.00,ft^3/s,Approved,[],2025-03-11T20:14:41.029928+00:00,4716a1279a5146ec977582a181f4a56d
2013-02-28,0.0,0.00,ft^3/s,Approved,[],2025-03-11T20:14:41.029928+00:00,4716a1279a5146ec977582a181f4a56d
2013-03-01,0.0,0.00,ft^3/s,Approved,[],2025-03-11T20:14:41.029928+00:00,4716a1279a5146ec977582a181f4a56d
2013-03-02,0.0,0.00,ft^3/s,Approved,[],2025-03-11T20:14:41.029928+00:00,4716a1279a5146ec977582a181f4a56d
2013-03-03,0.0,0.00,ft^3/s,Approved,[],2025-03-11T20:14:41.029928+00:00,4716a1279a5146ec977582a181f4a56d
2013-03-04,0.0,0.00,ft^3/s,Approved,[],2025-03-11T20:14:41.029928+00:00,4716a1279a5146ec977582a181f4a56d
2013-03-05,0.0,0.00,ft^3/s,Approved,[],2025-03-11T20:14:41.029928+00:00,4716a1279a5146ec977582a181f4a56d
2013-03-06,0.0,0.00,ft^3/s,Approved,[],2025-03-11T20:14:41.029928+00:00,4716a1279a5146ec977582a181f4a56d
2013-03-07,0.0,0.00,ft^3/s,Approved,[],2025-03-11T20:14:41.029928+00:00,4716a1279a5146ec977582a181f4a56d
2013-03-08,0.0,0.00,ft^3/s,Approved,[],2025-03-11T20:14:41.029928+00:00,4716a1279a5146ec977582a181f4a56d
2013-03-09,0.0,0.00,ft^3/s,Approved,[],2025-03-11T20:14:41.029928+00:00,4716a1279a5146ec977582a181f4a56d
2013-03-10,0.0,0.00,ft^3/s,Approved,[],2025-03-11T20:14:41.029928+00:00,4716a1279a5146ec977582a181f4a56d
2013-03-11,0.0,0.00,ft^3/s,Approved,[],2025-03-11T20:14:41.029928+00:00,4716a1279a5146ec977582a181f4a56d
2013-03-12,0.0,0.00,ft^3/s,Approved,[],2025-03-11T20:14:41.029928+00:00,4716a1279a5146ec977582a181f4a56d
2013-03-13,0.0,0.00,ft^3/s,Approved,[],2025-03-11T20:14:41.029928+00:00,4716a1279a5146ec977582a181f4a56d
2013-03-14,0.0,0.00,ft^3/s,Approved,[],2025-03-11T20:14:41.029928+00:00,4716a1279a5146ec977582a181f4a56d
2013-03-15,0.0,0.00,ft^3/s,Approved,[],2025-03-11T20:14:41.029928+00:00,4716a1279a5146ec977582a181f4a56d
2013-03-16,0.0,0.00,ft^3/s,Approved,[],2025-03-11T20:14:41.029928+00:00,4716a1279a5146ec977582a181f4a56d
2013-03-17,0.0,0.00,ft^3/s,Approved,[],2025-03-11T20:14:41.029928+00:00,4716a1279a5146ec977582a181f4a56d
2013-03-18,0.0,0.00,ft^3/s,Approved,[],2025-03-11T20:14:41.029928+00:00,4716a1279a5146ec977582a181f4a56d
2013-03-19,0.0,0.00,ft^3/s,Approved,[],2025-03-11T20:14:41.029928+00:00,4716a1279a5146ec977582a181f4a56d
2013-03-20,33.9,33.9,ft^3/s,Approved,[],2025-03-11T20:14:41.029928+00:00,4716a1279a5146ec977582a181f4a56d
2013-03-21,5.95,5.95,ft^3/s,Approved,[],2025-03-11T20:14:41.029928+00:00,4716a1279a5146ec977582a181f4a56d
2013-03-22,0.0,0.00,ft^3/s,Approved,[],2025-03-11T20:14:41.029928+00:00,4716a1279a5146ec977582a181f4a56d
2013-03-23,0.0,0.00,ft^3/s,Approved,[],2025-03-11T20:14:41.029928+00:00,4716a1279a5146ec977582a181f4a56d
2013-03-24,0.0,0.00,ft^3/s,Approved,[],2025-03-11T20:14:41.029928+00:00,4716a1279a5146ec977582a181f4a56d
2013-03-25,0.0,0.00,ft^3/s,Approved,[],2025-03-11T20:14:41.029928+00:00,4716a1279a5146ec977582a181f4a56d
2013-03-26,0.0,0.00,ft^3/s,Approved,[],2025-03-11T20:14:41.029928+00:00,4716a1279a5146ec977582a181f4a56d
2013-03-27,0.0,0.00,ft^3/s,Approved,[],2025-03-11T20:14:41.029928+00:00,4716a1279a5146ec977582a181f4a56d
2013-03-28,0.0,0.00,ft^3/s,Approved,[],2025-03-11T20:14:41.029928+00:00,4716a1279a5146ec977582a181f4a56d
2013-03-29,0.0,0.00,ft^3/s,Approved,[],2025-03-11T20:14:41.029928+00:00,4716a1279a5146ec977582a181f4a56d
2013-03-30,0.0,0.00,ft^3/s,Approved,[],2025-03-11T20:14:41.029928+00:00,4716a1279a5146ec977582a181f4a56d
2013-03-31,0.0,0.00,ft^3/s,Approved,[],2025-03-11T20:14:41.029928+00:00,4716a1279a5146ec977582a181f4a56d
2013-04-01,0.0,0.00,ft^3/s,Approved,[],2025-03-11T20:14:41.029928+00:00,4716a1279a5146ec977582a181f4a56d
2013-04-02,0.0,0.00,ft^3/s,Approved,[],2025-03-11T20:14:41.029928+00:00,4716a1279a5146ec977582a181f4a56d
2013-04-03,0.0,0.00,ft^3/s,Approved,[],2025-03-11T20:14:41.029928+00:00,4716a1279a5146ec977582a181f4a56d
2013-04-04,0.0,0.00,ft^3/s,Approved,[],2025-03-11T20:14:41.029928+00:00,4716a1279a5146ec977582a181f4a56d
2013-04-05,0.0,0.00,ft^3/s,Approved,[],2025-03-11T20:14:41.029928+00:00,4716a1279a5146ec977582a181f4a56d
2013-04-06,0.0,0.00,ft^3/s,Approved,[],2025-03-11T20:14:41.029928+00:00,4716a1279a5146ec977582a181f4a56d
2013-04-07,0.0,0.00,ft^3/s,Approved,[],2025-03-11T20:14:41.029928+00:00,4716a1279a5146ec977582a181f4a56d
2013-04-08,0.0,0.00,ft^3/s,Approved,[],2025-03-11T20:14:41.029928+00:00,4716a1279a5146ec977582a181f4a56d
2013-04-09,0.0,0.00,ft^3/s,Approved,[],2025-03-11T20:14:41.029928+00:00,4716a1279a5146ec977582a181f4a56d
2013-04-10,0.0,0.00,ft^3/s,Approved,[],2025-03-11T20:14:41.029928+00:00,4716a1279a5146ec977582a181f4a56d
2013-04-11,0.0,0.00,ft^3/s,Approved,[],2025-03-11T20:14:41.029928+00:00,4716a1279a5146ec977582a181f4a56d
2013-04-12,0.0,0.00,ft^3/s,Approved,[],2025-03-11T20:14:41.029928+00:00,4716a1279a5146ec977582a181f4a56d
2013-04-13,0.0,0.00,ft^3/s,Approved,[],2025-03-11T20:14:41.029928+00:00,4716a1279a5146ec977582a181f4a56d
2013-04-14,0.0,0.00,ft^3/s,Approved,[],2025-03-11T20:14:41.029928+00:00,4716a1279a5146ec977582a181f4a56d
2013-04-15,0.0,0.00,ft^3/s,Approved,[],2025-03-11T20:14:41.029928+00:00,4716a1279a5146ec977582a181f4a56d
2013-04-16,0.0,0.00,ft^3/s,Approved,[],2025-03-11T20:14:41.029928+00:00,4716a1279a5146ec977582a181f4a56d
2013-04-17,0.0,0.00,ft^3/s,Approved,[],2025-03-11T20:14:41.029928+00:00,4716a1279a5146ec977582a181f4a56d
2013-04-18,0.0,0.00,ft^3/s,Approved,[],2025-03-11T20:14:41.029928+00:00,4716a1279a5146ec977582a181f4a56d
2013-04-19,0.0,0.00,ft^3/s,Approved,[],2025-03-11T20:14:41.029928+00:00,4716a1279a5146ec977582a181f4a56d
2013-04-20,0.0,0.00,ft^3/s,Approved,[],2025-03-11T20:14:41.029928+00:00,4716a1279a5146ec977582a181f4a56d
2013-04-21,0.0,0.00,ft^3/s,Approved,[],2025-03-11T20:14:41.029928+00:00,4716a1279a5146ec977582a181f4a56d
2013-04-22,0.0,0.00,ft^3/s,Approved,[],2025-03-11T20:14:41.029928+00:00,4716a1279a5146ec977582a181f4a56d
2013-04-23,0.0,0.00,ft^3/s,Approved,[],2025-03-11T20:14:41.029928+00:00,4716a1279a5146ec977582a181f4a56d
2013-04-24,0.0,0.00,ft^3/s,Approved,[],2025-03-11T20:14:41.029928+00:00,4716a1279a5146ec977582a181f4a56d
2013-04-25,0.0,0.00,ft^3/s,Approved,[],2025-03-11T20:14:41.029928+00:00,4716a1279a5146ec977582a181f4a56d
2013-04-26,0.0,0.00,ft^3/s,Approved,[],2025-03-11T20:14:41.029928+00:00,4716a1279a5146ec977582a181f4a56d
2013-04-27,0.0,0.00,ft^3/s,Approved,[],2025-03-11T20:14:41.029928+00:00,4716a1279a5146ec977582a181f4a56d
2013-04-28,0.0,0.00,ft^3/s,Approved,[],2025-03-11T20:14:41.029928+00:00,4716a1279a5146ec977582a181f4a56d
2013-04-29,0.0,0.00,ft^3/s,Approved,[],2025-03-11T20:14:41.029928+00:00,4716a1279a5146ec977582a181f4a56d
2013-04-30,0.0,0.00,ft^3/s,Approved,[],2025-03-11T20:14:41.029928+00:00,4716a1279a5146ec977582a181f4a56d
2013-05-01,0.0,0.00,ft^3/s,Approved,[],2025-03-11T20:14:41.029928+00:00,4716a1279a5146ec977582a181f4a56d
2013-05-02,0.0,0.00,ft^3/s,Approved,[],2025-03-11T20:14:41.029928+00:00,4716a1279a5146ec977582a181f4a56d
2013-05-03,0.0,0.00,ft^3/s,Approved,[],2025-03-11T20:14:41.029928+00:00,4716a1279a5146ec977582a181f4a56d
2013-05-04,0.0,0.00,ft^3/s,Approved,[],2025-03-11T20:14:41.029928+00:00,4716a1279a5146ec977582a181f4a56d
2013-05-05,0.0,0.00,ft^3/s,Approved,[],2025-03-11T20:14:41.029928+00:00,4716a1279a5146ec977582a181f4a56d
2013-05-06,0.0,0.00,ft^3/s,Approved,[],2025-03-11T20:14:41.029928+00:00,4716a1279a5146ec977582a181f4a56d
2013-05-07,0.0,0.00,ft^3/s,Approved,[],2025-03-11T20:14:41.029928+00:00,4716a1279a5146ec977582a181f4a56d
2013-05-08,0.0,0.00,ft^3/s,Approved,[],2025-03-11T20:14:41.029928+00:00,4716a1279a5146ec977582a181f4a56d
2013-05-09,0.0,0.00,ft^3/s,Approved,[],2025-03-11T20:14:41.029928+00:00,4716a1279a5146ec977582a181f4a56d
2013-05-10,0.0,0.00,ft^3/s,Approved,[],2025-03-11T20:14:41.029928+00:00,4716a1279a5146ec977582a181f4a56d
2013-05-11,0.0,0.00,ft^3/s,Approved,[],2025-03-11T20:14:41.029928+00:00,4716a1279a5146ec977582a181f4a56d
2013-05-12,0.0,0.00,ft^3/s,Approved,[],2025-03-11T20:14:41.029928+00:00,4716a1279a5146ec977582a181f4a56d
2013-05-13,0.0,0.00,ft^3/s,Approved,[],2025-03-11T20:14:41.029928+00:00,4716a1279a5146ec977582a181f4a56d
2013-05-14,0.0,0.00,ft^3/s,Approved,[],2025-03-11T20:14:41.029928+00:00,4716a1279a5146ec977582a181f4a56d
2013-05-15,0.0,0.00,ft^3/s,Approved,[],2025-03-11T20:14:41.029928+00:00,4716a1279a5146ec977582a181f4a56d
2013-05-16,0.0,0.00,ft^3/s,Approved,[],2025-03-11T20:14:41.029928+00:00,4716a1279a5146ec977582a181f4a56d
2013-05-17,0.0,0.00,ft^3/s,Approved,[],2025-03-11T20:14:41.029928+00:00,4716a1279a5146ec977582a181f4a56d
2013-05-18,0.0,0.00,ft^3/s,Approved,[],2025-03-11T20:14:41.029928+00:00,4716a1279a5146ec977582a181f4a56d
2013-05-19,0.0,0.00,ft^3/s,Approved,[],2025-03-11T20:14:41.029928+00:00,4716a1279a5146ec977582a181f4a56d
2013-05-20,0.0,0.00,ft^3/s,Approved,[],2025-03-11T20:14:41.029928+00:00,4716a1279a5146ec977582a181f4a56d
2013-05-21,0.0,0.00,ft^3/s,Approved,[],2025-03-11T20:14:41.029928+00:00,4716a1279a5146ec977582a181f4a56d
2013-05-22,0.0,0.00,ft^3/s,Approved,[],2025-03-11T20:14:41.029928+00:00,4716a1279a5146ec977582a181f4a56d
2013-05-23,0.0,0.00,ft^3/s,Approved,[],2025-03-11T20:14:41.029928+00:00,4716a1279a5146ec977582a181f4a56d
2013-05-24,0.0,0.00,ft^3/s,Approved,[],2025-03-11T20:14:41.029928+00:00,4716a1279a5146ec977582a181f4a56d
2013-05-25,0.0,0.00,ft^3/s,Approved,[],2025-03-11T20:14:41.029928+00:00,4716a1279a5146ec977582a181f4a56d
2013-05-26,0.0,0.00,ft^3/s,Approved,[],2025-03-11T20:14:41.029928+00:00,4716a1279a5146ec977582a181f4a56d
2013-05-27,0.0,0.00,ft^3/s,Approved,[],2025-03-11T20:14:41.029928+00:00,4716a1279a5146ec977582a181f4a56d
2013-05-28,0.0,0.00,ft^3/s,Approved,[],2025-03-11T20:14:41.029928+00:00,4716a1279a5146ec977582a181f4a56d
2013-05-29,0.0,0.00,ft^3/s,Approved,[],2025-03-11T20:14:41.029928+00:00,4716a1279a5146ec977582a181f4a56d
2013-05-30,0.0,0.00,ft^3/s,Approved,[],2025-03-11T20:14:41.029928+00:00,4716a1279a5146ec977582a181f4a56d
2013-05-31,0.0,0.00,ft^3/s,Approved,[],2025-03-11T20:14:41.029928+00:00,4716a1279a5146ec977582a181f4a56d
2013-06-01,0.0,0.00,ft^3/s,Approved,[],2025-03-11T20:14:41.029928+00:00,4716a1279a5146ec977582a181f4a56d
2013-06-02,0.0,0.00,ft^3/s,Approved,[],2025-03-11T20:14:41.029928+00:00,4716a1279a5146ec977582a181f4a56d
2013-06-03,0.0,0.00,ft^3/s,Approved,[],2025-03-11T20:14:41.029928+00:00,4716a1279a5146ec977582a181f4a56d
2013-06-04,0.0,0.00,ft^3/s,Approved,[],2025-03-11T20:14:41.029928+00:00,4716a1279a5146ec977582a181f4a56d
2013-06-05,0.0,0.00,ft^3/s,Approved,[],2025-03-11T20:14:41.029928+00:00,4716a1279a5146ec977582a181f4a56d
2013-06-06,0.0,0.00,ft^3/s,Approved,[],2025-03-11T20:14:41.029928+00:00,4716a1279a5146ec977582a181f4a56d
2013-06-07,0.0,0.00,ft^3/s,Approved,[],2025-03-11T20:14:41.029928+00:00,4716a1279a5146ec977582a181f4a56d
2013-06-08,0.0,0.00,ft^3/s,Approved,[],2025-03-11T20:14:41.029928+00:00,4716a1279a5146ec977582a181f4a56d
2013-06-09,0.0,0.00,ft^3/s,Approved,[],2025-03-11T20:14:41.029928+00:00,4716a1279a5146ec977582a181f4a56d
2013-06-10,0.0,0.00,ft^3/s,Approved,[],2025-03-11T20:14:41.029928+00:00,4716a1279a5146ec977582a181f4a56d
2013-06-11,0.0,0.00,ft^3/s,Approved,[],2025-03-11T20:14:41.029928+00:00,4716a1279a5146ec977582a181f4a56d
2013-06-12,0.0,0.00,ft^3/s,Approved,[],2025-03-11T20:14:41.029928+00:00,4716a1279a5146ec977582a181f4a56d
2013-06-13,0.0,0.00,ft^3/s,Approved,[],2025-03-11T20:14:41.029928+00:00,4716a1279a5146ec977582a181f4a56d
2013-06-14,0.0,0.00,ft^3/s,Approved,[],2025-03-11T20:14:41.029928+00:00,4716a1279a5146ec977582a181f4a56d
2013-06-15,0.0,0.00,ft^3/s,Approved,[],2025-03-11T20:14:41.029928+00:00,4716a1279a5146ec977582a181f4a56d
2013-06-16,0.0,0.00,ft^3/s,Approved,[],2025-03-11T20:14:41.029928+00:00,4716a1279a5146ec977582a181f4a56d
2013-06-17,0.0,0.00,ft^3/s,Approved,[],2025-03-11T20:14:41.029928+00:00,4716a1279a5146ec977582a181f4a56d
2013-06-18,0.0,0.00,ft^3/s,Approved,[],2025-03-11T20:14:41.029928+00:00,4716a1279a5146ec977582a181f4a56d
2013-06-19,0.0,0.00,ft^3/s,Approved,[],2025-03-11T20:14:41.029928+00:00,4716a1279a5146ec977582a181f4a56d
2013-06-20,0.0,0.00,ft^3/s,Approved,[],2025-03-11T20:14:41.029928+00:00,4716a1279a5146ec977582a181f4a56d
2013-06-21,0.0,0.00,ft^3/s,Approved,[],2025-03-11T20:14:41.029928+00:00,4716a1279a5146ec977582a181f4a56d
2013-06-22,0.0,0.00,ft^3/s,Approved,[],2025-03-11T20:14:41.029928+00:00,4716a1279a5146ec977582a181f4a56d
2013-06-23,0.0,0.00,ft^3/s,Approved,[],2025-03-11T20:14:41.029928+00:00,4716a1279a5146ec977582a181f4a56d
2013-06-24,0.0,0.00,ft^3/s,Approved,[],2025-03-11T20:14:41.029928+00:00,4716a1279a5146ec977582a181f4a56d
2013-06-25,0.0,0.00,ft^3/s,Approved,[],2025-03-11T20:14:41.029928+00:00,4716a1279a5146ec977582a181f4a56d
2013-06-26,0.0,0.00,ft^3/s,Approved,[],2025-03-11T20:14:41.029928+00:00,4716a1279a5146ec977582a181f4a56d
2013-06-27,0.0,0.00,ft^3/s,Approved,[],2025-03-11T20:14:41.029928+00:00,4716a1279a5146ec977582a181f4a56d
2013-06-28,0.0,0.00,ft^3/s,Approved,[],2025-03-11T20:14:41.029928+00:00,4716a1279a5146ec977582a181f4a56d
2013-06-29,0.0,0.00,ft^3/s,Approved,[],2025-03-11T20:14:41.029928+00:00,4716a1279a5146ec977582a181f4a56d
2013-06-30,0.0,0.00,ft^3/s,Approved,[],2025-03-11T20:14:41.029928+00:00,4716a1279a5146ec977582a181f4a56d
2013-07-01,0.0,0.00,ft^3/s,Approved,[],2025-03-11T20:14:41.029928+00:00,4716a1279a5146ec977582a181f4a56d
2013-07-02,0.0,0.00,ft^3/s,Approved,[],2025-03-11T20:14:41.029928+00:00,4716a1279a5146ec977582a181f4a56d
2013-07-03,0.0,0.00,ft^3/s,Approved,[],2025-03-11T20:14:41.029928+00:00,4716a1279a5146ec977582a181f4a56d
2013-07-04,0.0,0.00,ft^3/s,Approved,[],2025-03-11T20:14:41.029928+00:00,4716a1279a5146ec977582a181f4a56d
2013-07-05,0.0,0.00,ft^3/s,Approved,[],2025-03-11T20:14:41.029928+00:00,4716a1279a5146ec977582a181f4a56d
2013-07-06,0.0,0.00,ft^3/s,Approved,[],2025-03-11T20:14:41.029928+00:00,4716a1279a5146ec977582a181f4a56d
2013-07-07,0.0,0.00,ft^3/s,Approved,[],2025-03-11T20:14:41.029928+00:00,4716a1279a5146ec977582a181f4a56d
2013-07-08,0.0,0.00,ft^3/s,Approved,[],2025-03-11T20:14:41.029928+00:00,4716a1279a5146ec977582a181f4a56d
2013-07-09,0.0,0.00,ft^3/s,Approved,[],2025-03-11T20:14:41.029928+00:00,4716a1279a5146ec977582a181f4a56d
2013-07-10,0.0,0.00,ft^3/s,Approved,[],2025-03-11T20:14:41.029928+00:00,4716a1279a5146ec977582a181f4a56d
2013-07-11,0.0,0.00,ft^3/s,Approved,[],2025-03-11T20:14:41.029928+00:00,4716a1279a5146ec977582a181f4a56d
2013-07-12,0.0,0.00,ft^3/s,Approved,[],2025-03-11T20:14:41.029928+00:00,4716a1279a5146ec977582a181f4a56d
2013-07-13,0.0,0.00,ft^3/s,Approved,[],2025-03-11T20:14:41.029928+00:00,4716a1279a5146ec977582a181f4a56d
2013-07-14,0.0,0.00,ft^3/s,Approved,[],2025-03-11T20:14:41.029928+00:00,4716a1279a5146ec977582a181f4a56d
2013-07-15,0.0,0.00,ft^3/s,Approved,[],2025-03-11T20:14:41.029928+00:00,4716a1279a5146ec977582a181f4a56d
2013-07-16,4.46,4.46,ft^3/s,Approved,[],2025-03-11T20:14:41.029928+00:00,4716a1279a5146ec977582a181f4a56d
2013-07-17,0.09,0.09,ft^3/s,Approved,[],2025-03-11T20:14:41.029928+00:00,4716a1279a5146ec977582a181f4a56d
2013-07-18,0.0,0.00,ft^3/s,Approved,[],2025-03-11T20:14:41.029928+00:00,4716a1279a5146ec977582a181f4a56d
2013-07-19,0.0,0.00,ft^3/s,Approved,[],2025-03-11T20:14:41.029928+00:00,4716a1279a5146ec977582a181f4a56d
2013-07-20,0.0,0.00,ft^3/s,Approved,[],2025-03-11T20:14:41.029928+00:00,4716a1279a5146ec977582a181f4a56d
2013-07-21,0.0,0.00,ft^3/s,Approved,[],2025-03-11T20:14:41.029928+00:00,4716a1279a5146ec977582a181f4a56d
2013-07-22,0.0,0.00,ft^3/s,Approved,[],2025-03-11T20:14:41.029928+00:00,4716a1279a5146ec977582a181f4a56d
2013-07-23,0.0,0.00,ft^3/s,Approved,[],2025-03-11T20:14:41.029928+00:00,4716a1279a5146ec977582a181f4a56d
2013-07-24,0.0,0.00,ft^3/s,Approved,[],2025-03-11T20:14:41.029928+00:00,4716a1279a5146ec977582a181f4a56d
2013-07-25,0.0,0.00,ft^3/s,Approved,[],2025-03-11T20:14:41.029928+00:00,4716a1279a5146ec977582a181f4a56d
2013-07-26,0.0,0.00,ft^3/s,Approved,[],2025-03-11T20:14:41.029928+00:00,4716a1279a5146ec977582a181f4a56d
2013-07-27,0.0,0.00,ft^3/s,Approved,[],2025-03-11T20:14:41.029928+00:00,4716a1279a5146ec977582a181f4a56d
2013-07-28,0.0,0.00,ft^3/s,Approved,[],2025-03-11T20:14:41.029928+00:00,4716a1279a5146ec977582a181f4a56d
2013-07-29,0.0,0.00,ft^3/s,Approved,[],2025-03-11T20:14:41.029928+00:00,4716a1279a5146ec977582a181f4a56d
2013-07-30,0.0,0.00,ft^3/s,Approved,[],2025-03-11T20:14:41.029928+00:00,4716a1279a5146ec977582a181f4a56d
2013-07-31,0.0,0.00,ft^3/s,Approved,[],2025-03-11T20:14:41.029928+00:00,4716a1279a5146ec977582a181f4a56d
2013-08-01,0.0,0.00,ft^3/s,Approved,[],2025-03-11T20:14:41.029928+00:00,4716a1279a5146ec977582a181f4a56d
2013-08-02,0.0,0.00,ft^3/s,Approved,[],2025-03-11T20:14:41.029928+00:00,4716a1279a5146ec977582a181f4a56d
2013-08-03,0.0,0.00,ft^3/s,Approved,[],2025-03-11T20:14:41.029928+00:00,4716a1279a5146ec977582a181f4a56d
2013-08-04,0.0,0.00,ft^3/s,Approved,[],2025-03-11T20:14:41.029928+00:00,4716a1279a5146ec977582a181f4a56d
2013-08-05,0.0,0.00,ft^3/s,Approved,[],2025-03-11T20:14:41.029928+00:00,4716a1279a5146ec977582a181f4a56d
2013-08-06,0.0,0.00,ft^3/s,Approved,[],2025-03-11T20:14:41.029928+00:00,4716a1279a5146ec977582a181f4a56d
2013-08-07,0.0,0.00,ft^3/s,Approved,[],2025-03-11T20:14:41.029928+00:00,4716a1279a5146ec977582a181f4a56d
2013-08-08,0.0,0.00,ft^3/s,Approved,[],2025-03-11T20:14:41.029928+00:00,4716a1279a5146ec977582a181f4a56d
2013-08-09,0.0,0.00,ft^3/s,Approved,[],2025-03-11T20:14:41.029928+00:00,4716a1279a5146ec977582a181f4a56d
2013-08-10,0.0,0.00,ft^3/s,Approved,[],2025-03-11T20:14:41.029928+00:00,4716a1279a5146ec977582a181f4a56d
2013-08-11,0.0,0.00,ft^3/s,Approved,[],2025-03-11T20:14:41.029928+00:00,4716a1279a5146ec977582a181f4a56d
2013-08-12,0.0,0.00,ft^3/s,Approved,[],2025-03-11T20:14:41.029928+00:00,4716a1279a5146ec977582a181f4a56d
2013-08-13,0.0,0.00,ft^3/s,Approved,[],2025-03-11T20:14:41.029928+00:00,4716a1279a5146ec977582a181f4a56d
2013-08-14,0.0,0.00,ft^3/s,Approved,[],2025-03-11T20:14:41.029928+00:00,4716a1279a5146ec977582a181f4a56d
2013-08-15,0.0,0.00,ft^3/s,Approved,[],2025-03-11T20:14:41.029928+00:00,4716a1279a5146ec977582a181f4a56d
2013-08-16,0.0,0.00,ft^3/s,Approved,[],2025-03-11T20:14:41.029928+00:00,4716a1279a5146ec977582a181f4a56d
2013-08-17,0.0,0.00,ft^3/s,Approved,[],2025-03-11T20:14:41.029928+00:00,4716a1279a5146ec977582a181f4a56d
2013-08-18,0.0,0.00,ft^3/s,Approved,[],2025-03-11T20:14:41.029928+00:00,4716a1279a5146ec977582a181f4a56d
2013-08-19,0.0,0.00,ft^3/s,Approved,[],2025-03-11T20:14:41.029928+00:00,4716a1279a5146ec977582a181f4a56d
2013-08-20,0.0,0.00,ft^3/s,Approved,[],2025-03-11T20:14:41.029928+00:00,4716a1279a5146ec977582a181f4a56d
2013-08-21,0.0,0.00,ft^3/s,Approved,[],2025-03-11T20:14:41.029928+00:00,4716a1279a5146ec977582a181f4a56d
2013-08-22,0.0,0.00,ft^3/s,Approved,[],2025-03-11T20:14:41.029928+00:00,4716a1279a5146ec977582a181f4a56d
2013-08-23,0.0,0.00,ft^3/s,Approved,[],2025-03-11T20:14:41.029928+00:00,4716a1279a5146ec977582a181f4a56d
2013-08-24,0.0,0.00,ft^3/s,Approved,[],2025-03-11T20:14:41.029928+00:00,4716a1279a5146ec977582a181f4a56d
2013-08-25,0.0,0.00,ft^3/s,Approved,[],2025-03-11T20:14:41.029928+00:00,4716a1279a5146ec977582a181f4a56d
2013-08-26,0.0,0.00,ft^3/s,Approved,[],2025-03-11T20:14:41.029928+00:00,4716a1279a5146ec977582a181f4a56d
2013-08-27,0.0,0.00,ft^3/s,Approved,[],2025-03-11T20:14:41.029928+00:00,4716a1279a5146ec977582a181f4a56d
2013-08-28,0.0,0.00,ft^3/s,Approved,[],2025-03-11T20:14:41.029928+00:00,4716a1279a5146ec977582a181f4a56d
2013-08-29,0.0,0.00,ft^3/s,Approved,[],2025-03-11T20:14:41.029928+00:00,4716a1279a5146ec977582a181f4a56d
2013-08-30,0.0,0.00,ft^3/s,Approved,[],2025-03-11T20:14:41.029928+00:00,4716a1279a5146ec977582a181f4a56d
2013-08-31,0.0,0.00,ft^3/s,Approved,[],2025-03-11T20:14:41.029928+00:00,4716a1279a5146ec977582a181f4a56d
2013-09-01,0.0,0.00,ft^3/s,Approved,[],2025-03-11T20:14:41.029928+00:00,4716a1279a5146ec977582a181f4a56d
2013-09-02,0.0,0.00,ft^3/s,Approved,[],2025-03-11T20:14:41.029928+00:00,4716a1279a5146ec977582a181f4a56d
2013-09-03,0.0,0.00,ft^3/s,Approved,[],2025-03-11T20:14:41.029928+00:00,4716a1279a5146ec977582a181f4a56d
2013-09-04,0.0,0.00,ft^3/s,Approved,[],2025-03-11T20:14:41.029928+00:00,4716a1279a5146ec977582a181f4a56d
2013-09-05,0.0,0.00,ft^3/s,Approved,[],2025-03-11T20:14:41.029928+00:00,4716a1279a5146ec977582a181f4a56d
2013-09-06,0.0,0.00,ft^3/s,Approved,[],2025-03-11T20:14:41.029928+00:00,4716a1279a5146ec977582a181f4a56d
2013-09-07,0.0,0.00,ft^3/s,Approved,[],2025-03-11T20:14:41.029928+00:00,4716a1279a5146ec977582a181f4a56d
2013-09-08,0.0,0.00,ft^3/s,Approved,[],2025-03-11T20:14:41.029928+00:00,4716a1279a5146ec977582a181f4a56d
2013-09-09,0.0,0.00,ft^3/s,Approved,[],2025-03-11T20:14:41.029928+00:00,4716a1279a5146ec977582a181f4a56d
2013-09-10,0.0,0.00,ft^3/s,Approved,[],2025-03-11T20:14:41.029928+00:00,4716a1279a5146ec977582a181f4a56d
2013-09-11,0.0,0.00,ft^3/s,Approved,[],2025-03-11T20:14:41.029928+00:00,4716a1279a5146ec977582a181f4a56d
2013-09-12,0.0,0.00,ft^3/s,Approved,[],2025-03-11T20:14:41.029928+00:00,4716a1279a5146ec977582a181f4a56d
2013-09-13,0.0,0.00,ft^3/s,Approved,[],2025-03-11T20:14:41.029928+00:00,4716a1279a5146ec977582a181f4a56d
2013-09-14,0.0,0.00,ft^3/s,Approved,[],2025-03-11T20:14:41.029928+00:00,4716a1279a5146ec977582a181f4a56d
2013-09-15,0.0,0.00,ft^3/s,Approved,[],2025-03-11T20:14:41.029928+00:00,4716a1279a5146ec977582a181f4a56d
2013-09-16,0.0,0.00,ft^3/s,Approved,[],2025-03-11T20:14:41.029928+00:00,4716a1279a5146ec977582a181f4a56d
2013-09-17,0.0,0.00,ft^3/s,Approved,[],2025-03-11T20:14:41.029928+00:00,4716a1279a5146ec977582a181f4a56d
2013-09-18,0.0,0.00,ft^3/s,Approved,[],2025-03-11T20:14:41.029928+00:00,4716a1279a5146ec977582a181f4a56d
2013-09-19,0.0,0.00,ft^3/s,Approved,[],2025-03-11T20:14:41.029928+00:00,4716a1279a5146ec977582a181f4a56d
2013-09-20,207.0,207,ft^3/s,Approved,[],2025-03-11T20:14:41.029928+00:00,4716a1279a5146ec977582a181f4a56d
2013-09-21,63.2,63.2,ft^3/s,Approved,[],2025-03-11T20:14:41.029928+00:00,4716a1279a5146ec977582a181f4a56d
2013-09-22,0.41,0.41,ft^3/s,Approved,[],2025-03-11T20:14:41.029928+00:00,4716a1279a5146ec977582a181f4a56d
2013-09-23,0.0,0.00,ft^3/s,Approved,[],2025-03-11T20:14:41.029928+00:00,4716a1279a5146ec977582a181f4a56d
2013-09-24,0.0,0.00,ft^3/s,Approved,[],2025-03-11T20:14:41.029928+00:00,4716a1279a5146ec977582a181f4a56d
2013-09-25,0.0,0.00,ft^3/s,Approved,[],2025-03-11T20:14:41.029928+00:00,4716a1279a5146ec977582a181f4a56d
2013-09-26,0.0,0.00,ft^3/s,Approved,[],2025-03-11T20:14:41.029928+00:00,4716a1279a5146ec977582a181f4a56d
2013-09-27,0.0,0.00,ft^3/s,Approved,[],2025-03-11T20:14:41.029928+00:00,4716a1279a5146ec977582a181f4a56d
2013-09-28,0.0,0.00,ft^3/s,Approved,[],2025-03-11T20:14:41.029928+00:00,4716a1279a5146ec977582a181f4a56d
2013-09-29,0.0,0.00,ft^3/s,Approved,[],2025-03-11T20:14:41.029928+00:00,4716a1279a5146ec977582a181f4a56d
2013-09-30,0.0,0.00,ft^3/s,Approved,[],2025-03-11T20:14:41.029928+00:00,4716a1279a5146ec977582a181f4a56d
2013-10-01,0.0,0.00,ft^3/s,Approved,[],2025-03-11T20:14:41.029928+00:00,4716a1279a5146ec977582a181f4a56d
2013-10-02,0.0,0.00,ft^3/s,Approved,[],2025-03-11T20:14:41.029928+00:00,4716a1279a5146ec977582a181f4a56d
2013-10-03,0.0,0.00,ft^3/s,Approved,[],2025-03-11T20:14:41.029928+00:00,4716a1279a5146ec977582a181f4a56d
2013-10-04,0.0,0.00,ft^3/s,Approved,[],2025-03-11T20:14:41.029928+00:00,4716a1279a5146ec977582a181f4a56d
2013-10-05,0.0,0.00,ft^3/s,Approved,[],2025-03-11T20:14:41.029928+00:00,4716a1279a5146ec977582a181f4a56d
2013-10-06,0.0,0.00,ft^3/s,Approved,[],2025-03-11T20:14:41.029928+00:00,4716a1279a5146ec977582a181f4a56d
2013-10-07,0.0,0.00,ft^3/s,Approved,[],2025-03-11T20:14:41.029928+00:00,4716a1279a5146ec977582a181f4a56d
2013-10-08,0.0,0.00,ft^3/s,Approved,[],2025-03-11T20:14:41.029928+00:00,4716a1279a5146ec977582a181f4a56d
2013-10-09,0.0,0.00,ft^3/s,Approved,[],2025-03-11T20:14:41.029928+00:00,4716a1279a5146ec977582a181f4a56d
2013-10-10,0.0,0.00,ft^3/s,Approved,[],2025-03-11T20:14:41.029928+00:00,4716a1279a5146ec977582a181f4a56d
2013-10-11,0.0,0.00,ft^3/s,Approved,[],2025-03-11T20:14:41.029928+00:00,4716a1279a5146ec977582a181f4a56d
2013-10-12,0.0,0.00,ft^3/s,Approved,[],2025-03-11T20:14:41.029928+00:00,4716a1279a5146ec977582a181f4a56d
2013-10-13,0.0,0.00,ft^3/s,Approved,[],2025-03-11T20:14:41.029928+00:00,4716a1279a5146ec977582a181f4a56d
2013-10-14,0.0,0.00,ft^3/s,Approved,[],2025-03-11T20:14:41.029928+00:00,4716a1279a5146ec977582a181f4a56d
2013-10-15,0.0,0.00,ft^3/s,Approved,[],2025-03-11T20:14:41.029928+00:00,4716a1279a5146ec977582a181f4a56d
2013-10-16,0.0,0.00,ft^3/s,Approved,[],2025-03-11T20:14:41.029928+00:00,4716a1279a5146ec977582a181f4a56d
2013-10-17,0.0,0.00,ft^3/s,Approved,[],2025-03-11T20:14:41.029928+00:00,4716a1279a5146ec977582a181f4a56d
2013-10-18,0.0,0.00,ft^3/s,Approved,[],2025-03-11T20:14:41.029928+00:00,4716a1279a5146ec977582a181f4a56d
2013-10-19,0.0,0.00,ft^3/s,Approved,[],2025-03-11T20:14:41.029928+00:00,4716a1279a5146ec977582a181f4a56d
2013-10-20,0.0,0.00,ft^3/s,Approved,[],2025-03-11T20:14:41.029928+00:00,4716a1279a5146ec977582a181f4a56d
2013-10-21,0.0,0.00,ft^3/s,Approved,[],2025-03-11T20:14:41.029928+00:00,4716a1279a5146ec977582a181f4a56d
2013-10-22,0.0,0.00,ft^3/s,Approved,[],2025-03-11T20:14:41.029928+00:00,4716a1279a5146ec977582a181f4a56d
2013-10-23,0.0,0.00,ft^3/s,Approved,[],2025-03-11T20:14:41.029928+00:00,4716a1279a5146ec977582a181f4a56d
2013-10-24,0.0,0.00,ft^3/s,Approved,[],2025-03-11T20:14:41.029928+00:00,4716a1279a5146ec977582a181f4a56d
2013-10-25,0.0,0.00,ft^3/s,Approved,[],2025-03-11T20:14:41.029928+00:00,4716a1279a5146ec977582a181f4a56d
2013-10-26,0.0,0.00,ft^3/s,Approved,[],2025-03-11T20:14:41.029928+00:00,4716a1279a5146ec977582a181f4a56d
2013-10-27,0.0,0.00,ft^3/s,Approved,[],2025-03-11T20:14:41.029928+00:00,4716a1279a5146ec977582a181f4a56d
2013-10-28,0.0,0.00,ft^3/s,Approved,[],2025-03-11T20:14:41.029928+00:00,4716a1279a5146ec977582a181f4a56d
2013-10-29,0.0,0.00,ft^3/s,Approved,[],2025-03-11T20:14:41.029928+00:00,4716a1279a5146ec977582a181f4a56d
2013-10-30,0.0,0.00,ft^3/s,Approved,[],2025-03-11T20:14:41.029928+00:00,4716a1279a5146ec977582a181f4a56d
2013-10-31,193.0,193,ft^3/s,Approved,[],2025-03-11T20:14:41.029928+00:00,4716a1279a5146ec977582a181f4a56d
2013-11-01,5.5,5.50,ft^3/s,Approved,[],2025-03-11T20:14:41.029928+00:00,4716a1279a5146ec977582a181f4a56d
2013-11-02,0.07,0.07,ft^3/s,Approved,[],2025-03-11T20:14:41.029928+00:00,4716a1279a5146ec977582a181f4a56d
2013-11-03,0.0,0.00,ft^3/s,Approved,[],2025-03-11T20:14:41.029928+00:00,4716a1279a5146ec977582a181f4a56d
2013-11-04,0.0,0.00,ft^3/s,Approved,[],2025-03-11T20:14:41.029928+00:00,4716a1279a5146ec977582a181f4a56d
2013-11-05,0.0,0.00,ft^3/s,Approved,[],2025-03-11T20:14:41.029928+00:00,4716a1279a5146ec977582a181f4a56d
2013-11-06,0.0,0.00,ft^3/s,Approved,[],2025-03-11T20:14:41.029928+00:00,4716a1279a5146ec977582a181f4a56d
2013-11-07,0.0,0.00,ft^3/s,Approved,[],2025-03-11T20:14:41.029928+00:00,4716a1279a5146ec977582a181f4a56d
2013-11-08,0.0,0.00,ft^3/s,Approved,[],2025-03-11T20:14:41.029928+00:00,4716a1279a5146ec977582a181f4a56d
2013-11-09,0.0,0.00,ft^3/s,Approved,[],2025-03-11T20:14:41.029928+00:00,4716a1279a5146ec977582a181f4a56d
2013-11-10,0.0,0.00,ft^3/s,Approved,[],2025-03-11T20:14:41.029928+00:00,4716a1279a5146ec977582a181f4a56d
2013-11-11,0.0,0.00,ft^3/s,Approved,[],2025-03-11T20:14:41.029928+00:00,4716a1279a5146ec977582a181f4a56d
2013-11-12,0.0,0.00,ft^3/s,Approved,[],2025-03-11T20:14:41.029928+00:00,4716a1279a5146ec977582a181f4a56d
2013-11-13,0.0,0.00,ft^3/s,Approved,[],2025-03-11T20:14:41.029928+00:00,4716a1279a5146ec977582a181f4a56d
2013-11-14,0.0,0.00,ft^3/s,Approved,[],2025-03-11T20:14:41.029928+00:00,4716a1279a5146ec977582a181f4a56d
2013-11-15,0.0,0.00,ft^3/s,Approved,[],2025-03-11T20:14:41.029928+00:00,4716a1279a5146ec977582a181f4a56d
2013-11-16,0.0,0.00,ft^3/s,Approved,[],2025-03-11T20:14:41.029928+00:00,4716a1279a5146ec977582a181f4a56d
2013-11-17,0.0,0.00,ft^3/s,Approved,[],2025-03-11T20:14:41.029928+00:00,4716a1279a5146ec977582a181f4a56d
2013-11-18,0.0,0.00,ft^3/s,Approved,[],2025-03-11T20:14:41.029928+00:00,4716a1279a5146ec977582a181f4a56d
2013-11-19,0.0,0.00,ft^3/s,Approved,[],2025-03-11T20:14:41.029928+00:00,4716a1279a5146ec977582a181f4a56d
2013-11-20,0.0,0.00,ft^3/s,Approved,[],2025-03-11T20:14:41.029928+00:00,4716a1279a5146ec977582a181f4a56d
2013-11-21,0.0,0.00,ft^3/s,Approved,[],2025-03-11T20:14:41.029928+00:00,4716a1279a5146ec977582a181f4a56d
2013-11-22,24.3,24.3,ft^3/s,Approved,[],2025-03-11T20:14:41.029928+00:00,4716a1279a5146ec977582a181f4a56d
2013-11-23,46.0,46.0,ft^3/s,Approved,[],2025-03-11T20:14:41.029928+00:00,4716a1279a5146ec977582a181f4a56d
2013-11-24,5.27,5.27,ft^3/s,Approved,[],2025-03-11T20:14:41.029928+00:00,4716a1279a5146ec977582a181f4a56d
2013-11-25,1.64,1.64,ft^3/s,Approved,[],2025-03-11T20:14:41.029928+00:00,4716a1279a5146ec977582a181f4a56d
2013-11-26,5.99,5.99,ft^3/s,Approved,[],2025-03-11T20:14:41.029928+00:00,4716a1279a5146ec977582a181f4a56d
2013-11-27,1.41,1.41,ft^3/s,Approved,[],2025-03-11T20:14:41.029928+00:00,4716a1279a5146ec977582a181f4a56d
2013-11-28,0.17,0.17,ft^3/s,Approved,[],2025-03-11T20:14:41.029928+00:00,4716a1279a5146ec977582a181f4a56d
2013-11-29,0.02,0.02,ft^3/s,Approved,[],2025-03-11T20:14:41.029928+00:00,4716a1279a5146ec977582a181f4a56d
2013-11-30,0.0,0.00,ft^3/s,Approved,[],2025-03-11T20:14:41.029928+00:00,4716a1279a5146ec977582a181f4a56d
2013-12-01,0.0,0.00,ft^3/s,Approved,[],2025-03-11T20:14:41.029928+00:00,4716a1279a5146ec977582a181f4a56d
2013-12-02,0.0,0.00,ft^3/s,Approved,[],2025-03-11T20:14:41.029928+00:00,4716a1279a5146ec977582a181f4a56d
2013-12-03,0.0,0.00,ft^3/s,Approved,[],2025-03-11T20:14:41.029928+00:00,4716a1279a5146ec977582a181f4a56d
2013-12-04,0.0,0.00,ft^3/s,Approved,[],2025-03-11T20:14:41.029928+00:00,4716a1279a5146ec977582a181f4a56d
2013-12-05,0.0,0.00,ft^3/s,Approved,[],2025-03-11T20:14:41.029928+00:00,4716a1279a5146ec977582a181f4a56d
2013-12-06,0.0,0.00,ft^3/s,Approved,[],2025-03-11T20:14:41.029928+00:00,4716a1279a5146ec977582a181f4a56d
2013-12-07,0.0,0.00,ft^3/s,Approved,[],2025-03-11T20:14:41.029928+00:00,4716a1279a5146ec977582a181f4a56d
2013-12-08,0.0,0.00,ft^3/s,Approved,[],2025-03-11T20:14:41.029928+00:00,4716a1279a5146ec977582a181f4a56d
2013-12-09,0.0,0.00,ft^3/s,Approved,[],2025-03-11T20:14:41.029928+00:00,4716a1279a5146ec977582a181f4a56d
2013-12-10,0.0,0.00,ft^3/s,Approved,[],2025-03-11T20:14:41.029928+00:00,4716a1279a5146ec977582a181f4a56d
2013-12-11,0.0,0.00,ft^3/s,Approved,[],2025-03-11T20:14:41.029928+00:00,4716a1279a5146ec977582a181f4a56d
2013-12-12,0.0,0.00,ft^3/s,Approved,[],2025-03-11T20:14:41.029928+00:00,4716a1279a5146ec977582a181f4a56d
2013-12-13,0.0,0.00,ft^3/s,Approved,[],2025-03-11T20:14:41.029928+00:00,4716a1279a5146ec977582a181f4a56d
2013-12-14,0.0,0.00,ft^3/s,Approved,[],2025-03-11T20:14:41.029928+00:00,4716a1279a5146ec977582a181f4a56d
2013-12-15,0.0,0.00,ft^3/s,Approved,[],2025-03-11T20:14:41.029928+00:00,4716a1279a5146ec977582a181f4a56d
2013-12-16,0.0,0.00,ft^3/s,Approved,[],2025-03-11T20:14:41.029928+00:00,4716a1279a5146ec977582a181f4a56d
2013-12-17,0.0,0.00,ft^3/s,Approved,[],2025-03-11T20:14:41.029928+00:00,4716a1279a5146ec977582a181f4a56d
2013-12-18,0.0,0.00,ft^3/s,Approved,[],2025-03-11T20:14:41.029928+00:00,4716a1279a5146ec977582a181f4a56d
2013-12-19,0.0,0.00,ft^3/s,Approved,[],2025-03-11T20:14:41.029928+00:00,4716a1279a5146ec977582a181f4a56d
2013-12-20,0.0,0.00,ft^3/s,Approved,[],2025-03-11T20:14:41.029928+00:00,4716a1279a5146ec977582a181f4a56d
2013-12-21,0.0,0.00,ft^3/s,Approved,[],2025-03-11T20:14:41.029928+00:00,4716a1279a5146ec977582a181f4a56d
2013-12-22,0.0,0.00,ft^3/s,Approved,[],2025-03-11T20:14:41.029928+00:00,4716a1279a5146ec977582a181f4a56d
2013-12-23,0.0,0.00,ft^3/s,Approved,[],2025-03-11T20:14:41.029928+00:00,4716a1279a5146ec977582a181f4a56d
2013-12-24,0.0,0.00,ft^3/s,Approved,[],2025-03-11T20:14:41.029928+00:00,4716a1279a5146ec977582a181f4a56d
2013-12-25,0.0,0.00,ft^3/s,Approved,[],2025-03-11T20:14:41.029928+00:00,4716a1279a5146ec977582a181f4a56d
2013-12-26,0.0,0.00,ft^3/s,Approved,[],2025-03-11T20:14:41.029928+00:00,4716a1279a5146ec977582a181f4a56d
2013-12-27,0.0,0.00,ft^3/s,Approved,[],2025-03-11T20:14:41.029928+00:00,4716a1279a5146ec977582a181f4a56d
2013-12-28,0.0,0.00,ft^3/s,Approved,[],2025-03-11T20:14:41.029928+00:00,4716a1279a5146ec977582a181f4a56d
2013-12-29,0.0,0.00,ft^3/s,Approved,[],2025-03-11T20:14:41.029928+00:00,4716a1279a5146ec977582a181f4a56d
2013-12-30,0.0,0.00,ft^3/s,Approved,[],2025-03-11T20:14:41.029928+00:00,4716a1279a5146ec977582a181f4a56d
2013-12-31,0.0,0.00,ft^3/s,Approved,[],2025-03-11T20:14:41.029928+00:00,4716a1279a5146ec977582a181f4a56d
2014-01-01,0.0,0.00,ft^3/s,Approved,[],2025-03-11T20:14:41.029928+00:00,4716a1279a5146ec977582a181f4a56d
2014-01-02,0.0,0.00,ft^3/s,Approved,[],2025-03-11T20:14:41.029928+00:00,4716a1279a5146ec977582a181f4a56d
2014-01-03,0.0,0.00,ft^3/s,Approved,[],2025-03-11T20:14:41.029928+00:00,4716a1279a5146ec977582a181f4a56d
2014-01-04,0.0,0.00,ft^3/s,Approved,[],2025-03-11T20:14:41.029928+00:00,4716a1279a5146ec977582a181f4a56d
2014-01-05,0.0,0.00,ft^3/s,Approved,[],2025-03-11T20:14:41.029928+00:00,4716a1279a5146ec977582a181f4a56d
2014-01-06,0.0,0.00,ft^3/s,Approved,[],2025-03-11T20:14:41.029928+00:00,4716a1279a5146ec977582a181f4a56d
2014-01-07,0.0,0.00,ft^3/s,Approved,[],2025-03-11T20:14:41.029928+00:00,4716a1279a5146ec977582a181f4a56d
2014-01-08,0.0,0.00,ft^3/s,Approved,[],2025-03-11T20:14:41.029928+00:00,4716a1279a5146ec977582a181f4a56d
2014-01-09,0.0,0.00,ft^3/s,Approved,[],2025-03-11T20:14:41.029928+00:00,4716a1279a5146ec977582a181f4a56d
2014-01-10,0.0,0.00,ft^3/s,Approved,[],2025-03-11T20:14:41.029928+00:00,4716a1279a5146ec977582a181f4a56d
2014-01-11,0.0,0.00,ft^3/s,Approved,[],2025-03-11T20:14:41.029928+00:00,4716a1279a5146ec977582a181f4a56d
2014-01-12,0.0,0.00,ft^3/s,Approved,[],2025-03-11T20:14:41.029928+00:00,4716a1279a5146ec977582a181f4a56d
2014-01-13,0.0,0.00,ft^3/s,Approved,[],2025-03-11T20:14:41.029928+00:00,4716a1279a5146ec977582a181f4a56d
2014-01-14,0.0,0.00,ft^3/s,Approved,[],2025-03-11T20:14:41.029928+00:00,4716a1279a5146ec977582a181f4a56d
2014-01-15,0.0,0.00,ft^3/s,Approved,[],2025-03-11T20:14:41.029928+00:00,4716a1279a5146ec977582a181f4a56d
2014-01-16,0.0,0.00,ft^3/s,Approved,[],2025-03-11T20:14:41.029928+00:00,4716a1279a5146ec977582a181f4a56d
2014-01-17,0.0,0.00,ft^3/s,Approved,[],2025-03-11T20:14:41.029928+00:00,4716a1279a5146ec977582a181f4a56d
2014-01-18,0.0,0.00,ft^3/s,Approved,[],2025-03-11T20:14:41.029928+00:00,4716a1279a5146ec977582a181f4a56d
2014-01-19,0.0,0.00,ft^3/s,Approved,[],2025-03-11T20:14:41.029928+00:00,4716a1279a5146ec977582a181f4a56d
2014-01-20,0.0,0.00,ft^3/s,Approved,[],2025-03-11T20:14:41.029928+00:00,4716a1279a5146ec977582a181f4a56d
2014-01-21,0.0,0.00,ft^3/s,Approved,[],2025-03-11T20:14:41.029928+00:00,4716a1279a5146ec977582a181f4a56d
2014-01-22,0.0,0.00,ft^3/s,Approved,[],2025-03-11T20:14:41.029928+00:00,4716a1279a5146ec977582a181f4a56d
2014-01-23,0.0,0.00,ft^3/s,Approved,[],2025-03-11T20:14:41.029928+00:00,4716a1279a5146ec977582a181f4a56d
2014-01-24,0.0,0.00,ft^3/s,Approved,[],2025-03-11T20:14:41.029928+00:00,4716a1279a5146ec977582a181f4a56d
2014-01-25,0.0,0.00,ft^3/s,Approved,[],2025-03-11T20:14:41.029928+00:00,4716a1279a5146ec977582a181f4a56d
2014-01-26,0.0,0.00,ft^3/s,Approved,[],2025-03-11T20:14:41.029928+00:00,4716a1279a5146ec977582a181f4a56d
2014-01-27,0.0,0.00,ft^3/s,Approved,[],2025-03-11T20:14:41.029928+00:00,4716a1279a5146ec977582a181f4a56d
2014-01-28,0.0,0.00,ft^3/s,Approved,[],2025-03-11T20:14:41.029928+00:00,4716a1279a5146ec977582a181f4a56d
2014-01-29,0.0,0.00,ft^3/s,Approved,[],2025-03-11T20:14:41.029928+00:00,4716a1279a5146ec977582a181f4a56d
2014-01-30,0.0,0.00,ft^3/s,Approved,[],2025-03-11T20:14:41.029928+00:00,4716a1279a5146ec977582a181f4a56d
2014-01-31,0.0,0.00,ft^3/s,Approved,[],2025-03-11T20:14:41.029928+00:00,4716a1279a5146ec977582a181f4a56d
2014-02-01,0.0,0.00,ft^3/s,Approved,[],2025-03-11T20:14:41.029928+00:00,4716a1279a5146ec977582a181f4a56d
2014-02-02,0.0,0.00,ft^3/s,Approved,[],2025-03-11T20:14:41.029928+00:00,4716a1279a5146ec977582a181f4a56d
2014-02-03,0.0,0.00,ft^3/s,Approved,[],2025-03-11T20:14:41.029928+00:00,4716a1279a5146ec977582a181f4a56d
2014-02-04,0.0,0.00,ft^3/s,Approved,[],2025-03-11T20:14:41.029928+00:00,4716a1279a5146ec977582a181f4a56d
2014-02-05,0.0,0.00,ft^3/s,Approved,[],2025-03-11T20:14:41.029928+00:00,4716a1279a5146ec977582a181f4a56d
2014-02-06,0.0,0.00,ft^3/s,Approved,[],2025-03-11T20:14:41.029928+00:00,4716a1279a5146ec977582a181f4a56d
2014-02-07,0.0,0.00,ft^3/s,Approved,[],2025-03-11T20:14:41.029928+00:00,4716a1279a5146ec977582a181f4a56d
2014-02-08,0.0,0.00,ft^3/s,Approved,[],2025-03-11T20:14:41.029928+00:00,4716a1279a5146ec977582a181f4a56d
2014-02-09,0.0,0.00,ft^3/s,Approved,[],2025-03-11T20:14:41.029928+00:00,4716a1279a5146ec977582a181f4a56d
2014-02-10,0.0,0.00,ft^3/s,Approved,[],2025-03-11T20:14:41.029928+00:00,4716a1279a5146ec977582a181f4a56d
2014-02-11,0.0,0.00,ft^3/s,Approved,[],2025-03-11T20:14:41.029928+00:00,4716a1279a5146ec977582a181f4a56d
2014-02-12,0.0,0.00,ft^3/s,Approved,[],2025-03-11T20:14:41.029928+00:00,4716a1279a5146ec977582a181f4a56d
2014-02-13,0.0,0.00,ft^3/s,Approved,[],2025-03-11T20:14:41.029928+00:00,4716a1279a5146ec977582a181f4a56d
2014-02-14,0.0,0.00,ft^3/s,Approved,[],2025-03-11T20:14:41.029928+00:00,4716a1279a5146ec977582a181f4a56d
2014-02-15,0.0,0.00,ft^3/s,Approved,[],2025-03-11T20:14:41.029928+00:00,4716a1279a5146ec977582a181f4a56d
2014-02-16,0.0,0.00,ft^3/s,Approved,[],2025-03-11T20:14:41.029928+00:00,4716a1279a5146ec977582a181f4a56d
2014-02-17,0.0,0.00,ft^3/s,Approved,[],2025-03-11T20:14:41.029928+00:00,4716a1279a5146ec977582a181f4a56d
2014-02-18,0.0,0.00,ft^3/s,Approved,[],2025-03-11T20:14:41.029928+00:00,4716a1279a5146ec977582a181f4a56d
2014-02-19,0.0,0.00,ft^3/s,Approved,[],2025-03-11T20:14:41.029928+00:00,4716a1279a5146ec977582a181f4a56d
2014-02-20,0.0,0.00,ft^3/s,Approved,[],2025-03-11T20:14:41.029928+00:00,4716a1279a5146ec977582a181f4a56d
2014-02-21,0.0,0.00,ft^3/s,Approved,[],2025-03-11T20:14:41.029928+00:00,4716a1279a5146ec977582a181f4a56d
2014-02-22,0.0,0.00,ft^3/s,Approved,[],2025-03-11T20:14:41.029928+00:00,4716a1279a5146ec977582a181f4a56d
2014-02-23,0.0,0.00,ft^3/s,Approved,[],2025-03-11T20:14:41.029928+00:00,4716a1279a5146ec977582a181f4a56d
2014-02-24,0.0,0.00,ft^3/s,Approved,[],2025-03-11T20:14:41.029928+00:00,4716a1279a5146ec977582a181f4a56d
2014-02-25,0.0,0.00,ft^3/s,Approved,[],2025-03-11T20:14:41.029928+00:00,4716a1279a5146ec977582a181f4a56d
2014-02-26,0.0,0.00,ft^3/s,Approved,[],2025-03-11T20:14:41.029928+00:00,4716a1279a5146ec977582a181f4a56d
2014-02-27,0.0,0.00,ft^3/s,Approved,[],2025-03-11T20:14:41.029928+00:00,4716a1279a5146ec977582a181f4a56d
2014-02-28,0.0,0.00,ft^3/s,Approved,[],2025-03-11T20:14:41.029928+00:00,4716a1279a5146ec977582a181f4a56d
2014-03-01,0.0,0.00,ft^3/s,Approved,[],2025-03-11T20:14:41.029928+00:00,4716a1279a5146ec977582a181f4a56d
2014-03-02,0.0,0.00,ft^3/s,Approved,[],2025-03-11T20:14:41.029928+00:00,4716a1279a5146ec977582a181f4a56d
2014-03-03,0.0,0.00,ft^3/s,Approved,[],2025-03-11T20:14:41.029928+00:00,4716a1279a5146ec977582a181f4a56d
2014-03-04,0.0,0.00,ft^3/s,Approved,[],2025-03-11T20:14:41.029928+00:00,4716a1279a5146ec977582a181f4a56d
2014-03-05,0.0,0.00,ft^3/s,Approved,[],2025-03-11T20:14:41.029928+00:00,4716a1279a5146ec977582a181f4a56d
2014-03-06,0.0,0.00,ft^3/s,Approved,[],2025-03-11T20:14:41.029928+00:00,4716a1279a5146ec977582a181f4a56d
2014-03-07,0.0,0.00,ft^3/s,Approved,[],2025-03-11T20:14:41.029928+00:00,4716a1279a5146ec977582a181f4a56d
2014-03-08,0.0,0.00,ft^3/s,Approved,[],2025-03-11T20:14:41.029928+00:00,4716a1279a5146ec977582a181f4a56d
2014-03-09,0.0,0.00,ft^3/s,Approved,[],2025-03-11T20:14:41.029928+00:00,4716a1279a5146ec977582a181f4a56d
2014-03-10,0.0,0.00,ft^3/s,Approved,[],2025-03-11T20:14:41.029928+00:00,4716a1279a5146ec977582a181f4a56d
2014-03-11,0.0,0.00,ft^3/s,Approved,[],2025-03-11T20:14:41.029928+00:00,4716a1279a5146ec977582a181f4a56d
2014-03-12,0.0,0.00,ft^3/s,Approved,[],2025-03-11T20:14:41.029928+00:00,4716a1279a5146ec977582a181f4a56d
2014-03-13,0.0,0.00,ft^3/s,Approved,[],2025-03-11T20:14:41.029928+00:00,4716a1279a5146ec977582a181f4a56d
2014-03-14,0.0,0.00,ft^3/s,Approved,[],2025-03-11T20:14:41.029928+00:00,4716a1279a5146ec977582a181f4a56d
2014-03-15,0.0,0.00,ft^3/s,Approved,[],2025-03-11T20:14:41.029928+00:00,4716a1279a5146ec977582a181f4a56d
2014-03-16,0.0,0.00,ft^3/s,Approved,[],2025-03-11T20:14:41.029928+00:00,4716a1279a5146ec977582a181f4a56d
2014-03-17,0.0,0.00,ft^3/s,Approved,[],2025-03-11T20:14:41.029928+00:00,4716a1279a5146ec977582a181f4a56d
2014-03-18,0.0,0.00,ft^3/s,Approved,[],2025-03-11T20:14:41.029928+00:00,4716a1279a5146ec977582a181f4a56d
2014-03-19,0.0,0.00,ft^3/s,Approved,[],2025-03-11T20:14:41.029928+00:00,4716a1279a5146ec977582a181f4a56d
2014-03-20,0.0,0.00,ft^3/s,Approved,[],2025-03-11T20:14:41.029928+00:00,4716a1279a5146ec977582a181f4a56d
2014-03-21,0.0,0.00,ft^3/s,Approved,[],2025-03-11T20:14:41.029928+00:00,4716a1279a5146ec977582a181f4a56d
2014-03-22,0.0,0.00,ft^3/s,Approved,[],2025-03-11T20:14:41.029928+00:00,4716a1279a5146ec977582a181f4a56d
2014-03-23,0.0,0.00,ft^3/s,Approved,[],2025-03-11T20:14:41.029928+00:00,4716a1279a5146ec977582a181f4a56d
2014-03-24,0.0,0.00,ft^3/s,Approved,[],2025-03-11T20:14:41.029928+00:00,4716a1279a5146ec977582a181f4a56d
2014-03-25,0.0,0.00,ft^3/s,Approved,[],2025-03-11T20:14:41.029928+00:00,4716a1279a5146ec977582a181f4a56d
2014-03-26,0.0,0.00,ft^3/s,Approved,[],2025-03-11T20:14:41.029928+00:00,4716a1279a5146ec977582a181f4a56d
2014-03-27,0.0,0.00,ft^3/s,Approved,[],2025-03-11T20:14:41.029928+00:00,4716a1279a5146ec977582a181f4a56d
2014-03-28,0.0,0.00,ft^3/s,Approved,[],2025-03-11T20:14:41.029928+00:00,4716a1279a5146ec977582a181f4a56d
2014-03-29,0.0,0.00,ft^3/s,Approved,[],2025-03-11T20:14:41.029928+00:00,4716a1279a5146ec977582a181f4a56d
2014-03-30,0.0,0.00,ft^3/s,Approved,[],2025-03-11T20:14:41.029928+00:00,4716a1279a5146ec977582a181f4a56d
2014-03-31,0.0,0.00,ft^3/s,Approved,[],2025-03-11T20:14:41.029928+00:00,4716a1279a5146ec977582a181f4a56d
2014-04-01,0.0,0.00,ft^3/s,Approved,[],2025-03-11T20:14:41.029928+00:00,4716a1279a5146ec977582a181f4a56d
2014-04-02,0.0,0.00,ft^3/s,Approved,[],2025-03-11T20:14:41.029928+00:00,4716a1279a5146ec977582a181f4a56d
2014-04-03,0.0,0.00,ft^3/s,Approved,[],2025-03-11T20:14:41.029928+00:00,4716a1279a5146ec977582a181f4a56d
2014-04-04,0.0,0.00,ft^3/s,Approved,[],2025-03-11T20:14:41.029928+00:00,4716a1279a5146ec977582a181f4a56d
2014-04-05,0.0,0.00,ft^3/s,Approved,[],2025-03-11T20:14:41.029928+00:00,4716a1279a5146ec977582a181f4a56d
2014-04-06,0.0,0.00,ft^3/s,Approved,[],2025-03-11T20:14:41.029928+00:00,4716a1279a5146ec977582a181f4a56d
2014-04-07,0.0,0.00,ft^3/s,Approved,[],2025-03-11T20:14:41.029928+00:00,4716a1279a5146ec977582a181f4a56d
2014-04-08,0.0,0.00,ft^3/s,Approved,[],2025-03-11T20:14:41.029928+00:00,4716a1279a5146ec977582a181f4a56d
2014-04-09,0.0,0.00,ft^3/s,Approved,[],2025-03-11T20:14:41.029928+00:00,4716a1279a5146ec977582a181f4a56d
2014-04-10,0.0,0.00,ft^3/s,Approved,[],2025-03-11T20:14:41.029928+00:00,4716a1279a5146ec977582a181f4a56d
2014-04-11,0.0,0.00,ft^3/s,Approved,[],2025-03-11T20:14:41.029928+00:00,4716a1279a5146ec977582a181f4a56d
2014-04-12,0.0,0.00,ft^3/s,Approved,[],2025-03-11T20:14:41.029928+00:00,4716a1279a5146ec977582a181f4a56d
2014-04-13,0.0,0.00,ft^3/s,Approved,[],2025-03-11T20:14:41.029928+00:00,4716a1279a5146ec977582a181f4a56d
2014-04-14,0.0,0.00,ft^3/s,Approved,[],2025-03-11T20:14:41.029928+00:00,4716a1279a5146ec977582a181f4a56d
2014-04-15,0.0,0.00,ft^3/s,Approved,[],2025-03-11T20:14:41.029928+00:00,4716a1279a5146ec977582a181f4a56d
2014-04-16,0.0,0.00,ft^3/s,Approved,[],2025-03-11T20:14:41.029928+00:00,4716a1279a5146ec977582a181f4a56d
2014-04-17,0.0,0.00,ft^3/s,Approved,[],2025-03-11T20:14:41.029928+00:00,4716a1279a5146ec977582a181f4a56d
2014-04-18,0.0,0.00,ft^3/s,Approved,[],2025-03-11T20:14:41.029928+00:00,4716a1279a5146ec977582a181f4a56d
2014-04-19,0.0,0.00,ft^3/s,Approved,[],2025-03-11T20:14:41.029928+00:00,4716a1279a5146ec977582a181f4a56d
2014-04-20,0.0,0.00,ft^3/s,Approved,[],2025-03-11T20:14:41.029928+00:00,4716a1279a5146ec977582a181f4a56d
2014-04-21,0.0,0.00,ft^3/s,Approved,[],2025-03-11T20:14:41.029928+00:00,4716a1279a5146ec977582a181f4a56d
2014-04-22,0.0,0.00,ft^3/s,Approved,[],2025-03-11T20:14:41.029928+00:00,4716a1279a5146ec977582a181f4a56d
2014-04-23,0.0,0.00,ft^3/s,Approved,[],2025-03-11T20:14:41.029928+00:00,4716a1279a5146ec977582a181f4a56d
2014-04-24,0.0,0.00,ft^3/s,Approved,[],2025-03-11T20:14:41.029928+00:00,4716a1279a5146ec977582a181f4a56d
2014-04-25,0.0,0.00,ft^3/s,Approved,[],2025-03-11T20:14:41.029928+00:00,4716a1279a5146ec977582a181f4a56d
2014-04-26,0.0,0.00,ft^3/s,Approved,[],2025-03-11T20:14:41.029928+00:00,4716a1279a5146ec977582a181f4a56d
2014-04-27,0.0,0.00,ft^3/s,Approved,[],2025-03-11T20:14:41.029928+00:00,4716a1279a5146ec977582a181f4a56d
2014-04-28,0.0,0.00,ft^3/s,Approved,[],2025-03-11T20:14:41.029928+00:00,4716a1279a5146ec977582a181f4a56d
2014-04-29,0.0,0.00,ft^3/s,Approved,[],2025-03-11T20:14:41.029928+00:00,4716a1279a5146ec977582a181f4a56d
2014-04-30,0.0,0.00,ft^3/s,Approved,[],2025-03-11T20:14:41.029928+00:00,4716a1279a5146ec977582a181f4a56d
2014-05-01,0.0,0.00,ft^3/s,Approved,[],2025-03-11T20:14:41.029928+00:00,4716a1279a5146ec977582a181f4a56d
2014-05-02,0.0,0.00,ft^3/s,Approved,[],2025-03-11T20:14:41.029928+00:00,4716a1279a5146ec977582a181f4a56d
2014-05-03,0.0,0.00,ft^3/s,Approved,[],2025-03-11T20:14:41.029928+00:00,4716a1279a5146ec977582a181f4a56d
2014-05-04,0.0,0.00,ft^3/s,Approved,[],2025-03-11T20:14:41.029928+00:00,4716a1279a5146ec977582a181f4a56d
2014-05-05,0.0,0.00,ft^3/s,Approved,[],2025-03-11T20:14:41.029928+00:00,4716a1279a5146ec977582a181f4a56d
2014-05-06,0.0,0.00,ft^3/s,Approved,[],2025-03-11T20:14:41.029928+00:00,4716a1279a5146ec977582a181f4a56d
2014-05-07,0.0,0.00,ft^3/s,Approved,[],2025-03-11T20:14:41.029928+00:00,4716a1279a5146ec977582a181f4a56d
2014-05-08,0.0,0.00,ft^3/s,Approved,[],2025-03-11T20:14:41.029928+00:00,4716a1279a5146ec977582a181f4a56d
2014-05-09,0.0,0.00,ft^3/s,Approved,[],2025-03-11T20:14:41.029928+00:00,4716a1279a5146ec977582a181f4a56d
2014-05-10,0.0,0.00,ft^3/s,Approved,[],2025-03-11T20:14:41.029928+00:00,4716a1279a5146ec977582a181f4a56d
2014-05-11,0.0,0.00,ft^3/s,Approved,[],2025-03-11T20:14:41.029928+00:00,4716a1279a5146ec977582a181f4a56d
2014-05-12,0.0,0.00,ft^3/s,Approved,[],2025-03-11T20:14:41.029928+00:00,4716a1279a5146ec977582a181f4a56d
2014-05-13,135.0,135,ft^3/s,Approved,[],2025-03-11T20:14:41.029928+00:00,4716a1279a5146ec977582a181f4a56d
2014-05-14,3.92,3.92,ft^3/s,Approved,[],2025-03-11T20:14:41.029928+00:00,4716a1279a5146ec977582a181f4a56d
2014-05-15,0.0,0.00,ft^3/s,Approved,[],2025-03-11T20:14:41.029928+00:00,4716a1279a5146ec977582a181f4a56d
2014-05-16,0.0,0.00,ft^3/s,Approved,[],2025-03-11T20:14:41.029928+00:00,4716a1279a5146ec977582a181f4a56d
2014-05-17,0.0,0.00,ft^3/s,Approved,[],2025-03-11T20:14:41.029928+00:00,4716a1279a5146ec977582a181f4a56d
2014-05-18,0.0,0.00,ft^3/s,Approved,[],2025-03-11T20:14:41.029928+00:00,4716a1279a5146ec977582a181f4a56d
2014-05-19,0.0,0.00,ft^3/s,Approved,[],2025-03-11T20:14:41.029928+00:00,4716a1279a5146ec977582a181f4a56d
2014-05-20,0.0,0.00,ft^3/s,Approved,[],2025-03-11T20:14:41.029928+00:00,4716a1279a5146ec977582a181f4a56d
2014-05-21,0.0,0.00,ft^3/s,Approved,[],2025-03-11T20:14:41.029928+00:00,4716a1279a5146ec977582a181f4a56d
2014-05-22,0.0,0.00,ft^3/s,Approved,[],2025-03-11T20:14:41.029928+00:00,4716a1279a5146ec977582a181f4a56d
2014-05-23,0.0,0.00,ft^3/s,Approved,[],2025-03-11T20:14:41.029928+00:00,4716a1279a5146ec977582a181f4a56d
2014-05-24,0.0,0.00,ft^3/s,Approved,[],2025-03-11T20:14:41.029928+00:00,4716a1279a5146ec977582a181f4a56d
2014-05-25,0.0,0.00,ft^3/s,Approved,[],2025-03-11T20:14:41.029928+00:00,4716a1279a5146ec977582a181f4a56d
2014-05-26,0.0,0.00,ft^3/s,Approved,[],2025-03-11T20:14:41.029928+00:00,4716a1279a5146ec977582a181f4a56d
2014-05-27,37.4,37.4,ft^3/s,Approved,[],2025-03-11T20:14:41.029928+00:00,4716a1279a5146ec977582a181f4a56d
2014-05-28,3.9,3.90,ft^3/s,Approved,[],2025-03-11T20:14:41.029928+00:00,4716a1279a5146ec977582a181f4a56d
2014-05-29,0.01,0.01,ft^3/s,Approved,[],2025-03-11T20:14:41.029928+00:00,4716a1279a5146ec977582a181f4a56d
2014-05-30,0.0,0.00,ft^3/s,Approved,[],2025-03-11T20:14:41.029928+00:00,4716a1279a5146ec977582a181f4a56d
2014-05-31,0.0,0.00,ft^3/s,Approved,[],2025-03-11T20:14:41.029928+00:00,4716a1279a5146ec977582a181f4a56d
2014-06-01,0.0,0.00,ft^3/s,Approved,[],2025-03-11T20:14:41.029928+00:00,4716a1279a5146ec977582a181f4a56d
2014-06-02,0.0,0.00,ft^3/s,Approved,[],2025-03-11T20:14:41.029928+00:00,4716a1279a5146ec977582a181f4a56d
2014-06-03,0.0,0.00,ft^3/s,Approved,[],2025-03-11T20:14:41.029928+00:00,4716a1279a5146ec977582a181f4a56d
2014-06-04,0.0,0.00,ft^3/s,Approved,[],2025-03-11T20:14:41.029928+00:00,4716a1279a5146ec977582a181f4a56d
2014-06-05,0.0,0.00,ft^3/s,Approved,[],2025-03-11T20:14:41.029928+00:00,4716a1279a5146ec977582a181f4a56d
2014-06-06,0.0,0.00,ft^3/s,Approved,[],2025-03-11T20:14:41.029928+00:00,4716a1279a5146ec977582a181f4a56d
2014-06-07,0.0,0.00,ft^3/s,Approved,[],2025-03-11T20:14:41.029928+00:00,4716a1279a5146ec977582a181f4a56d
2014-06-08,0.0,0.00,ft^3/s,Approved,[],2025-03-11T20:14:41.029928+00:00,4716a1279a5146ec977582a181f4a56d
2014-06-09,0.0,0.00,ft^3/s,Approved,[],2025-03-11T20:14:41.029928+00:00,4716a1279a5146ec977582a181f4a56d
2014-06-10,0.0,0.00,ft^3/s,Approved,[],2025-03-11T20:14:41.029928+00:00,4716a1279a5146ec977582a181f4a56d
2014-06-11,0.0,0.00,ft^3/s,Approved,[],2025-03-11T20:14:41.029928+00:00,4716a1279a5146ec977582a181f4a56d
2014-06-12,0.0,0.00,ft^3/s,Approved,[],2025-03-11T20:14:41.029928+00:00,4716a1279a5146ec977582a181f4a56d
2014-06-13,0.0,0.00,ft^3/s,Approved,[],2025-03-11T20:14:41.029928+00:00,4716a1279a5146ec977582a181f4a56d
2014-06-14,0.0,0.00,ft^3/s,Approved,[],2025-03-11T20:14:41.029928+00:00,4716a1279a5146ec977582a181f4a56d
2014-06-15,0.0,0.00,ft^3/s,Approved,[],2025-03-11T20:14:41.029928+00:00,4716a1279a5146ec977582a181f4a56d
2014-06-16,0.0,0.00,ft^3/s,Approved,[],2025-03-11T20:14:41.029928+00:00,4716a1279a5146ec977582a181f4a56d
2014-06-17,0.0,0.00,ft^3/s,Approved,[],2025-03-11T20:14:41.029928+00:00,4716a1279a5146ec977582a181f4a56d
2014-06-18,0.0,0.00,ft^3/s,Approved,[],2025-03-11T20:14:41.029928+00:00,4716a1279a5146ec977582a181f4a56d
2014-06-19,0.0,0.00,ft^3/s,Approved,[],2025-03-11T20:14:41.029928+00:00,4716a1279a5146ec977582a181f4a56d
2014-06-20,0.0,0.00,ft^3/s,Approved,[],2025-03-11T20:14:41.029928+00:00,4716a1279a5146ec977582a181f4a56d
2014-06-21,0.0,0.00,ft^3/s,Approved,[],2025-03-11T20:14:41.029928+00:00,4716a1279a5146ec977582a181f4a56d
2014-06-22,0.0,0.00,ft^3/s,Approved,[],2025-03-11T20:14:41.029928+00:00,4716a1279a5146ec977582a181f4a56d
2014-06-23,0.0,0.00,ft^3/s,Approved,[],2025-03-11T20:14:41.029928+00:00,4716a1279a5146ec977582a181f4a56d
2014-06-24,0.0,0.00,ft^3/s,Approved,[],2025-03-11T20:14:41.029928+00:00,4716a1279a5146ec977582a181f4a56d
2014-06-25,0.0,0.00,ft^3/s,Approved,[],2025-03-11T20:14:41.029928+00:00,4716a1279a5146ec977582a181f4a56d
2014-06-26,0.0,0.00,ft^3/s,Approved,[],2025-03-11T20:14:41.029928+00:00,4716a1279a5146ec977582a181f4a56d
2014-06-27,0.0,0.00,ft^3/s,Approved,[],2025-03-11T20:14:41.029928+00:00,4716a1279a5146ec977582a181f4a56d
2014-06-28,0.0,0.00,ft^3/s,Approved,[],2025-03-11T20:14:41.029928+00:00,4716a1279a5146ec977582a181f4a56d
2014-06-29,0.0,0.00,ft^3/s,Approved,[],2025-03-11T20:14:41.029928+00:00,4716a1279a5146ec977582a181f4a56d
2014-06-30,0.0,0.00,ft^3/s,Approved,[],2025-03-11T20:14:41.029928+00:00,4716a1279a5146ec977582a181f4a56d
2014-07-01,0.0,0.00,ft^3/s,Approved,[],2025-03-11T20:14:41.029928+00:00,4716a1279a5146ec977582a181f4a56d
2014-07-02,0.0,0.00,ft^3/s,Approved,[],2025-03-11T20:14:41.029928+00:00,4716a1279a5146ec977582a181f4a56d
2014-07-03,0.0,0.00,ft^3/s,Approved,[],2025-03-11T20:14:41.029928+00:00,4716a1279a5146ec977582a181f4a56d
2014-07-04,0.0,0.00,ft^3/s,Approved,[],2025-03-11T20:14:41.029928+00:00,4716a1279a5146ec977582a181f4a56d
2014-07-05,0.0,0.00,ft^3/s,Approved,[],2025-03-11T20:14:41.029928+00:00,4716a1279a5146ec977582a181f4a56d
2014-07-06,0.0,0.00,ft^3/s,Approved,[],2025-03-11T20:14:41.029928+00:00,4716a1279a5146ec977582a181f4a56d
2014-07-07,0.0,0.00,ft^3/s,Approved,[],2025-03-11T20:14:41.029928+00:00,4716a1279a5146ec977582a181f4a56d
2014-07-08,0.0,0.00,ft^3/s,Approved,[],2025-03-11T20:14:41.029928+00:00,4716a1279a5146ec977582a181f4a56d
2014-07-09,0.0,0.00,ft^3/s,Approved,[],2025-03-11T20:14:41.029928+00:00,4716a1279a5146ec977582a181f4a56d
2014-07-10,0.0,0.00,ft^3/s,Approved,[],2025-03-11T20:14:41.029928+00:00,4716a1279a5146ec977582a181f4a56d
2014-07-11,0.0,0.00,ft^3/s,Approved,[],2025-03-11T20:14:41.029928+00:00,4716a1279a5146ec977582a181f4a56d
2014-07-12,0.0,0.00,ft^3/s,Approved,[],2025-03-11T20:14:41.029928+00:00,4716a1279a5146ec977582a181f4a56d
2014-07-13,0.0,0.00,ft^3/s,Approved,[],2025-03-11T20:14:41.029928+00:00,4716a1279a5146ec977582a181f4a56d
2014-07-14,0.0,0.00,ft^3/s,Approved,[],2025-03-11T20:14:41.029928+00:00,4716a1279a5146ec977582a181f4a56d
2014-07-15,0.0,0.00,ft^3/s,Approved,[],2025-03-11T20:14:41.029928+00:00,4716a1279a5146ec977582a181f4a56d
2014-07-16,0.0,0.00,ft^3/s,Approved,[],2025-03-11T20:14:41.029928+00:00,4716a1279a5146ec977582a181f4a56d
2014-07-17,0.0,0.00,ft^3/s,Approved,[],2025-03-11T20:14:41.029928+00:00,4716a1279a5146ec977582a181f4a56d
2014-07-18,66.6,66.6,ft^3/s,Approved,[],2025-03-11T20:14:41.029928+00:00,4716a1279a5146ec977582a181f4a56d
2014-07-19,0.01,0.01,ft^3/s,Approved,[],2025-03-11T20:14:41.029928+00:00,4716a1279a5146ec977582a181f4a56d
2014-07-20,0.0,0.00,ft^3/s,Approved,[],2025-03-11T20:14:41.029928+00:00,4716a1279a5146ec977582a181f4a56d
2014-07-21,0.0,0.00,ft^3/s,Approved,[],2025-03-11T20:14:41.029928+00:00,4716a1279a5146ec977582a181f4a56d
2014-07-22,0.0,0.00,ft^3/s,Approved,[],2025-03-11T20:14:41.029928+00:00,4716a1279a5146ec977582a181f4a56d
2014-07-23,0.0,0.00,ft^3/s,Approved,[],2025-03-11T20:14:41.029928+00:00,4716a1279a5146ec977582a181f4a56d
2014-07-24,0.0,0.00,ft^3/s,Approved,[],2025-03-11T20:14:41.029928+00:00,4716a1279a5146ec977582a181f4a56d
2014-07-25,0.0,0.00,ft^3/s,Approved,[],2025-03-11T20:14:41.029928+00:00,4716a1279a5146ec977582a181f4a56d
2014-07-26,0.0,0.00,ft^3/s,Approved,[],2025-03-11T20:14:41.029928+00:00,4716a1279a5146ec977582a181f4a56d
2014-07-27,0.0,0.00,ft^3/s,Approved,[],2025-03-11T20:14:41.029928+00:00,4716a1279a5146ec977582a181f4a56d
2014-07-28,0.0,0.00,ft^3/s,Approved,[],2025-03-11T20:14:41.029928+00:00,4716a1279a5146ec977582a181f4a56d
2014-07-29,0.0,0.00,ft^3/s,Approved,[],2025-03-11T20:14:41.029928+00:00,4716a1279a5146ec977582a181f4a56d
2014-07-30,0.0,0.00,ft^3/s,Approved,[],2025-03-11T20:14:41.029928+00:00,4716a1279a5146ec977582a181f4a56d
2014-07-31,0.0,0.00,ft^3/s,Approved,[],2025-03-11T20:14:41.029928+00:00,4716a1279a5146ec977582a181f4a56d
2014-08-01,0.0,0.00,ft^3/s,Approved,[],2025-03-11T20:14:41.029928+00:00,4716a1279a5146ec977582a181f4a56d
2014-08-02,0.0,0.00,ft^3/s,Approved,[],2025-03-11T20:14:41.029928+00:00,4716a1279a5146ec977582a181f4a56d
2014-08-03,0.0,0.00,ft^3/s,Approved,[],2025-03-11T20:14:41.029928+00:00,4716a1279a5146ec977582a181f4a56d
2014-08-04,0.0,0.00,ft^3/s,Approved,[],2025-03-11T20:14:41.029928+00:00,4716a1279a5146ec977582a181f4a56d
2014-08-05,0.0,0.00,ft^3/s,Approved,[],2025-03-11T20:14:41.029928+00:00,4716a1279a5146ec977582a181f4a56d
2014-08-06,0.0,0.00,ft^3/s,Approved,[],2025-03-11T20:14:41.029928+00:00,4716a1279a5146ec977582a181f4a56d
2014-08-07,0.0,0.00,ft^3/s,Approved,[],2025-03-11T20:14:41.029928+00:00,4716a1279a5146ec977582a181f4a56d
2014-08-08,0.0,0.00,ft^3/s,Approved,[],2025-03-11T20:14:41.029928+00:00,4716a1279a5146ec977582a181f4a56d
2014-08-09,0.0,0.00,ft^3/s,Approved,[],2025-03-11T20:14:41.029928+00:00,4716a1279a5146ec977582a181f4a56d
2014-08-10,0.0,0.00,ft^3/s,Approved,[],2025-03-11T20:14:41.029928+00:00,4716a1279a5146ec977582a181f4a56d
2014-08-11,0.0,0.00,ft^3/s,Approved,[],2025-03-11T20:14:41.029928+00:00,4716a1279a5146ec977582a181f4a56d
2014-08-12,0.0,0.00,ft^3/s,Approved,[],2025-03-11T20:14:41.029928+00:00,4716a1279a5146ec977582a181f4a56d
2014-08-13,0.0,0.00,ft^3/s,Approved,[],2025-03-11T20:14:41.029928+00:00,4716a1279a5146ec977582a181f4a56d
2014-08-14,0.0,0.00,ft^3/s,Approved,[],2025-03-11T20:14:41.029928+00:00,4716a1279a5146ec977582a181f4a56d
2014-08-15,0.0,0.00,ft^3/s,Approved,[],2025-03-11T20:14:41.029928+00:00,4716a1279a5146ec977582a181f4a56d
2014-08-16,0.0,0.00,ft^3/s,Approved,[],2025-03-11T20:14:41.029928+00:00,4716a1279a5146ec977582a181f4a56d
2014-08-17,0.0,0.00,ft^3/s,Approved,[],2025-03-11T20:14:41.029928+00:00,4716a1279a5146ec977582a181f4a56d
2014-08-18,0.0,0.00,ft^3/s,Approved,[],2025-03-11T20:14:41.029928+00:00,4716a1279a5146ec977582a181f4a56d
2014-08-19,0.0,0.00,ft^3/s,Approved,[],2025-03-11T20:14:41.029928+00:00,4716a1279a5146ec977582a181f4a56d
2014-08-20,0.0,0.00,ft^3/s,Approved,[],2025-03-11T20:14:41.029928+00:00,4716a1279a5146ec977582a181f4a56d
2014-08-21,0.0,0.00,ft^3/s,Approved,[],2025-03-11T20:14:41.029928+00:00,4716a1279a5146ec977582a181f4a56d
2014-08-22,0.0,0.00,ft^3/s,Approved,[],2025-03-11T20:14:41.029928+00:00,4716a1279a5146ec977582a181f4a56d
2014-08-23,0.0,0.00,ft^3/s,Approved,[],2025-03-11T20:14:41.029928+00:00,4716a1279a5146ec977582a181f4a56d
2014-08-24,0.0,0.00,ft^3/s,Approved,[],2025-03-11T20:14:41.029928+00:00,4716a1279a5146ec977582a181f4a56d
2014-08-25,0.0,0.00,ft^3/s,Approved,[],2025-03-11T20:14:41.029928+00:00,4716a1279a5146ec977582a181f4a56d
2014-08-26,0.0,0.00,ft^3/s,Approved,[],2025-03-11T20:14:41.029928+00:00,4716a1279a5146ec977582a181f4a56d
2014-08-27,0.0,0.00,ft^3/s,Approved,[],2025-03-11T20:14:41.029928+00:00,4716a1279a5146ec977582a181f4a56d
2014-08-28,0.0,0.00,ft^3/s,Approved,[],2025-03-11T20:14:41.029928+00:00,4716a1279a5146ec977582a181f4a56d
2014-08-29,0.0,0.00,ft^3/s,Approved,[],2025-03-11T20:14:41.029928+00:00,4716a1279a5146ec977582a181f4a56d
2014-08-30,0.0,0.00,ft^3/s,Approved,[],2025-03-11T20:14:41.029928+00:00,4716a1279a5146ec977582a181f4a56d
2014-08-31,0.0,0.00,ft^3/s,Approved,[],2025-03-11T20:14:41.029928+00:00,4716a1279a5146ec977582a181f4a56d
2014-09-01,0.0,0.00,ft^3/s,Approved,[],2025-03-11T20:14:41.029928+00:00,4716a1279a5146ec977582a181f4a56d
2014-09-02,0.0,0.00,ft^3/s,Approved,[],2025-03-11T20:14:41.029928+00:00,4716a1279a5146ec977582a181f4a56d
2014-09-03,0.0,0.00,ft^3/s,Approved,[],2025-03-11T20:14:41.029928+00:00,4716a1279a5146ec977582a181f4a56d
2014-09-04,0.0,0.00,ft^3/s,Approved,[],2025-03-11T20:14:41.029928+00:00,4716a1279a5146ec977582a181f4a56d
2014-09-05,0.0,0.00,ft^3/s,Approved,[],2025-03-11T20:14:41.029928+00:00,4716a1279a5146ec977582a181f4a56d
2014-09-06,0.0,0.00,ft^3/s,Approved,[],2025-03-11T20:14:41.029928+00:00,4716a1279a5146ec977582a181f4a56d
2014-09-07,0.0,0.00,ft^3/s,Approved,[],2025-03-11T20:14:41.029928+00:00,4716a1279a5146ec977582a181f4a56d
2014-09-08,0.0,0.00,ft^3/s,Approved,[],2025-03-11T20:14:41.029928+00:00,4716a1279a5146ec977582a181f4a56d
2014-09-09,0.0,0.00,ft^3/s,Approved,[],2025-03-11T20:14:41.029928+00:00,4716a1279a5146ec977582a181f4a56d
2014-09-10,0.0,0.00,ft^3/s,Approved,[],2025-03-11T20:14:41.029928+00:00,4716a1279a5146ec977582a181f4a56d
2014-09-11,0.0,0.00,ft^3/s,Approved,[],2025-03-11T20:14:41.029928+00:00,4716a1279a5146ec977582a181f4a56d
2014-09-12,0.0,0.00,ft^3/s,Approved,[],2025-03-11T20:14:41.029928+00:00,4716a1279a5146ec977582a181f4a56d
2014-09-13,0.0,0.00,ft^3/s,Approved,[],2025-03-11T20:14:41.029928+00:00,4716a1279a5146ec977582a181f4a56d
2014-09-14,0.0,0.00,ft^3/s,Approved,[],2025-03-11T20:14:41.029928+00:00,4716a1279a5146ec977582a181f4a56d
2014-09-15,0.0,0.00,ft^3/s,Approved,[],2025-03-11T20:14:41.029928+00:00,4716a1279a5146ec977582a181f4a56d
2014-09-16,0.0,0.00,ft^3/s,Approved,[],2025-03-11T20:14:41.029928+00:00,4716a1279a5146ec977582a181f4a56d
2014-09-17,0.0,0.00,ft^3/s,Approved,[],2025-03-11T20:14:41.029928+00:00,4716a1279a5146ec977582a181f4a56d
2014-09-18,0.0,0.00,ft^3/s,Approved,[],2025-03-11T20:14:41.029928+00:00,4716a1279a5146ec977582a181f4a56d
2014-09-19,0.0,0.00,ft^3/s,Approved,[],2025-03-11T20:14:41.029928+00:00,4716a1279a5146ec977582a181f4a56d
2014-09-20,0.0,0.00,ft^3/s,Approved,[],2025-03-11T20:14:41.029928+00:00,4716a1279a5146ec977582a181f4a56d
2014-09-21,0.0,0.00,ft^3/s,Approved,[],2025-03-11T20:14:41.029928+00:00,4716a1279a5146ec977582a181f4a56d
2014-09-22,0.0,0.00,ft^3/s,Approved,[],2025-03-11T20:14:41.029928+00:00,4716a1279a5146ec977582a181f4a56d
2014-09-23,0.0,0.00,ft^3/s,Approved,[],2025-03-11T20:14:41.029928+00:00,4716a1279a5146ec977582a181f4a56d
2014-09-24,0.0,0.00,ft^3/s,Approved,[],2025-03-11T20:14:41.029928+00:00,4716a1279a5146ec977582a181f4a56d
2014-09-25,0.0,0.00,ft^3/s,Approved,[],2025-03-11T20:14:41.029928+00:00,4716a1279a5146ec977582a181f4a56d
2014-09-26,0.0,0.00,ft^3/s,Approved,[],2025-03-11T20:14:41.029928+00:00,4716a1279a5146ec977582a181f4a56d
2014-09-27,0.0,0.00,ft^3/s,Approved,[],2025-03-11T20:14:41.029928+00:00,4716a1279a5146ec977582a181f4a56d
2014-09-28,0.0,0.00,ft^3/s,Approved,[],2025-03-11T20:14:41.029928+00:00,4716a1279a5146ec977582a181f4a56d
2014-09-29,0.0,0.00,ft^3/s,Approved,[],2025-03-11T20:14:41.029928+00:00,4716a1279a5146ec977582a181f4a56d
2014-09-30,0.0,0.00,ft^3/s,Approved,[],2025-03-11T20:14:41.029928+00:00,4716a1279a5146ec977582a181f4a56d
2014-10-01,0.0,0.00,ft^3/s,Approved,[],2025-03-11T20:14:41.029928+00:00,4716a1279a5146ec977582a181f4a56d
2014-10-02,0.0,0.00,ft^3/s,Approved,[],2025-03-11T20:14:41.029928+00:00,4716a1279a5146ec977582a181f4a56d
2014-10-03,0.0,0.00,ft^3/s,Approved,[],2025-03-11T20:14:41.029928+00:00,4716a1279a5146ec977582a181f4a56d
2014-10-04,0.0,0.00,ft^3/s,Approved,[],2025-03-11T20:14:41.029928+00:00,4716a1279a5146ec977582a181f4a56d
2014-10-05,0.0,0.00,ft^3/s,Approved,[],2025-03-11T20:14:41.029928+00:00,4716a1279a5146ec977582a181f4a56d
2014-10-06,0.0,0.00,ft^3/s,Approved,[],2025-03-11T20:14:41.029928+00:00,4716a1279a5146ec977582a181f4a56d
2014-10-07,0.0,0.00,ft^3/s,Approved,[],2025-03-11T20:14:41.029928+00:00,4716a1279a5146ec977582a181f4a56d
2014-10-08,0.0,0.00,ft^3/s,Approved,[],2025-03-11T20:14:41.029928+00:00,4716a1279a5146ec977582a181f4a56d
2014-10-09,0.0,0.00,ft^3/s,Approved,[],2025-03-11T20:14:41.029928+00:00,4716a1279a5146ec977582a181f4a56d
2014-10-10,0.0,0.00,ft^3/s,Approved,[],2025-03-11T20:14:41.029928+00:00,4716a1279a5146ec977582a181f4a56d
2014-10-11,0.0,0.00,ft^3/s,Approved,[],2025-03-11T20:14:41.029928+00:00,4716a1279a5146ec977582a181f4a56d
2014-10-12,0.0,0.00,ft^3/s,Approved,[],2025-03-11T20:14:41.029928+00:00,4716a1279a5146ec977582a181f4a56d
2014-10-13,0.0,0.00,ft^3/s,Approved,[],2025-03-11T20:14:41.029928+00:00,4716a1279a5146ec977582a181f4a56d
2014-10-14,0.0,0.00,ft^3/s,Approved,[],2025-03-11T20:14:41.029928+00:00,4716a1279a5146ec977582a181f4a56d
2014-10-15,0.0,0.00,ft^3/s,Approved,[],2025-03-11T20:14:41.029928+00:00,4716a1279a5146ec977582a181f4a56d
2014-10-16,0.0,0.00,ft^3/s,Approved,[],2025-03-11T20:14:41.029928+00:00,4716a1279a5146ec977582a181f4a56d
2014-10-17,0.0,0.00,ft^3/s,Approved,[],2025-03-11T20:14:41.029928+00:00,4716a1279a5146ec977582a181f4a56d
2014-10-18,0.0,0.00,ft^3/s,Approved,[],2025-03-11T20:14:41.029928+00:00,4716a1279a5146ec977582a181f4a56d
2014-10-19,0.0,0.00,ft^3/s,Approved,[],2025-03-11T20:14:41.029928+00:00,4716a1279a5146ec977582a181f4a56d
2014-10-20,0.0,0.00,ft^3/s,Approved,[],2025-03-11T20:14:41.029928+00:00,4716a1279a5146ec977582a181f4a56d
2014-10-21,0.0,0.00,ft^3/s,Approved,[],2025-03-11T20:14:41.029928+00:00,4716a1279a5146ec977582a181f4a56d
2014-10-22,0.0,0.00,ft^3/s,Approved,[],2025-03-11T20:14:41.029928+00:00,4716a1279a5146ec977582a181f4a56d
2014-10-23,0.0,0.00,ft^3/s,Approved,[],2025-03-11T20:14:41.029928+00:00,4716a1279a5146ec977582a181f4a56d
2014-10-24,0.0,0.00,ft^3/s,Approved,[],2025-03-11T20:14:41.029928+00:00,4716a1279a5146ec977582a181f4a56d
2014-10-25,0.0,0.00,ft^3/s,Approved,[],2025-03-11T20:14:41.029928+00:00,4716a1279a5146ec977582a181f4a56d
2014-10-26,0.0,0.00,ft^3/s,Approved,[],2025-03-11T20:14:41.029928+00:00,4716a1279a5146ec977582a181f4a56d
2014-10-27,0.0,0.00,ft^3/s,Approved,[],2025-03-11T20:14:41.029928+00:00,4716a1279a5146ec977582a181f4a56d
2014-10-28,0.0,0.00,ft^3/s,Approved,[],2025-03-11T20:14:41.029928+00:00,4716a1279a5146ec977582a181f4a56d
2014-10-29,0.0,0.00,ft^3/s,Approved,[],2025-03-11T20:14:41.029928+00:00,4716a1279a5146ec977582a181f4a56d
2014-10-30,0.0,0.00,ft^3/s,Approved,[],2025-03-11T20:14:41.029928+00:00,4716a1279a5146ec977582a181f4a56d
2014-10-31,0.0,0.00,ft^3/s,Approved,[],2025-03-11T20:14:41.029928+00:00,4716a1279a5146ec977582a181f4a56d
2014-11-01,0.0,0.00,ft^3/s,Approved,[],2025-03-11T20:14:41.029928+00:00,4716a1279a5146ec977582a181f4a56d
2014-11-02,0.0,0.00,ft^3/s,Approved,[],2025-03-11T20:14:41.029928+00:00,4716a1279a5146ec977582a181f4a56d
2014-11-03,0.0,0.00,ft^3/s,Approved,[],2025-03-11T20:14:41.029928+00:00,4716a1279a5146ec977582a181f4a56d
2014-11-04,0.0,0.00,ft^3/s,Approved,[],2025-03-11T20:14:41.029928+00:00,4716a1279a5146ec977582a181f4a56d
2014-11-05,0.0,0.00,ft^3/s,Approved,[],2025-03-11T20:14:41.029928+00:00,4716a1279a5146ec977582a181f4a56d
2014-11-06,0.0,0.00,ft^3/s,Approved,[],2025-03-11T20:14:41.029928+00:00,4716a1279a5146ec977582a181f4a56d
2014-11-07,0.0,0.00,ft^3/s,Approved,[],2025-03-11T20:14:41.029928+00:00,4716a1279a5146ec977582a181f4a56d
2014-11-08,0.0,0.00,ft^3/s,Approved,[],2025-03-11T20:14:41.029928+00:00,4716a1279a5146ec977582a181f4a56d
2014-11-09,0.0,0.00,ft^3/s,Approved,[],2025-03-11T20:14:41.029928+00:00,4716a1279a5146ec977582a181f4a56d
2014-11-10,0.0,0.00,ft^3/s,Approved,[],2025-03-11T20:14:41.029928+00:00,4716a1279a5146ec977582a181f4a56d
2014-11-11,0.0,0.00,ft^3/s,Approved,[],2025-03-11T20:14:41.029928+00:00,4716a1279a5146ec977582a181f4a56d
2014-11-12,0.0,0.00,ft^3/s,Approved,[],2025-03-11T20:14:41.029928+00:00,4716a1279a5146ec977582a181f4a56d
2014-11-13,0.0,0.00,ft^3/s,Approved,[],2025-03-11T20:14:41.029928+00:00,4716a1279a5146ec977582a181f4a56d
2014-11-14,0.0,0.00,ft^3/s,Approved,[],2025-03-11T20:14:41.029928+00:00,4716a1279a5146ec977582a181f4a56d
2014-11-15,0.0,0.00,ft^3/s,Approved,[],2025-03-11T20:14:41.029928+00:00,4716a1279a5146ec977582a181f4a56d
2014-11-16,0.0,0.00,ft^3/s,Approved,[],2025-03-11T20:14:41.029928+00:00,4716a1279a5146ec977582a181f4a56d
2014-11-17,0.0,0.00,ft^3/s,Approved,[],2025-03-11T20:14:41.029928+00:00,4716a1279a5146ec977582a181f4a56d
2014-11-18,0.0,0.00,ft^3/s,Approved,[],2025-03-11T20:14:41.029928+00:00,4716a1279a5146ec977582a181f4a56d
2014-11-19,0.0,0.00,ft^3/s,Approved,[],2025-03-11T20:14:41.029928+00:00,4716a1279a5146ec977582a181f4a56d
2014-11-20,0.0,0.00,ft^3/s,Approved,[],2025-03-11T20:14:41.029928+00:00,4716a1279a5146ec977582a181f4a56d
2014-11-21,0.0,0.00,ft^3/s,Approved,[],2025-03-11T20:14:41.029928+00:00,4716a1279a5146ec977582a181f4a56d
2014-11-22,0.0,0.00,ft^3/s,Approved,[],2025-03-11T20:14:41.029928+00:00,4716a1279a5146ec977582a181f4a56d
2014-11-23,10.5,10.5,ft^3/s,Approved,[],2025-03-11T20:14:41.029928+00:00,4716a1279a5146ec977582a181f4a56d
2014-11-24,0.11,0.11,ft^3/s,Approved,[],2025-03-11T20:14:41.029928+00:00,4716a1279a5146ec977582a181f4a56d
2014-11-25,0.0,0.00,ft^3/s,Approved,[],2025-03-11T20:14:41.029928+00:00,4716a1279a5146ec977582a181f4a56d
2014-11-26,0.0,0.00,ft^3/s,Approved,[],2025-03-11T20:14:41.029928+00:00,4716a1279a5146ec977582a181f4a56d
2014-11-27,0.0,0.00,ft^3/s,Approved,[],2025-03-11T20:14:41.029928+00:00,4716a1279a5146ec977582a181f4a56d
2014-11-28,0.0,0.00,ft^3/s,Approved,[],2025-03-11T20:14:41.029928+00:00,4716a1279a5146ec977582a181f4a56d
2014-11-29,0.0,0.00,ft^3/s,Approved,[],2025-03-11T20:14:41.029928+00:00,4716a1279a5146ec977582a181f4a56d
2014-11-30,0.0,0.00,ft^3/s,Approved,[],2025-03-11T20:14:41.029928+00:00,4716a1279a5146ec977582a181f4a56d
2014-12-01,0.0,0.00,ft^3/s,Approved,[],2025-03-11T20:14:41.029928+00:00,4716a1279a5146ec977582a181f4a56d
2014-12-02,0.0,0.00,ft^3/s,Approved,[],2025-03-11T20:14:41.029928+00:00,4716a1279a5146ec977582a181f4a56d
2014-12-03,0.0,0.00,ft^3/s,Approved,[],2025-03-11T20:14:41.029928+00:00,4716a1279a5146ec977582a181f4a56d
2014-12-04,0.0,0.00,ft^3/s,Approved,[],2025-03-11T20:14:41.029928+00:00,4716a1279a5146ec977582a181f4a56d
2014-12-05,0.0,0.00,ft^3/s,Approved,[],2025-03-11T20:14:41.029928+00:00,4716a1279a5146ec977582a181f4a56d
2014-12-06,0.0,0.00,ft^3/s,Approved,[],2025-03-11T20:14:41.029928+00:00,4716a1279a5146ec977582a181f4a56d
2014-12-07,0.0,0.00,ft^3/s,Approved,[],2025-03-11T20:14:41.029928+00:00,4716a1279a5146ec977582a181f4a56d
2014-12-08,0.0,0.00,ft^3/s,Approved,[],2025-03-11T20:14:41.029928+00:00,4716a1279a5146ec977582a181f4a56d
2014-12-09,0.0,0.00,ft^3/s,Approved,[],2025-03-11T20:14:41.029928+00:00,4716a1279a5146ec977582a181f4a56d
2014-12-10,0.0,0.00,ft^3/s,Approved,[],2025-03-11T20:14:41.029928+00:00,4716a1279a5146ec977582a181f4a56d
2014-12-11,0.0,0.00,ft^3/s,Approved,[],2025-03-11T20:14:41.029928+00:00,4716a1279a5146ec977582a181f4a56d
2014-12-12,0.0,0.00,ft^3/s,Approved,[],2025-03-11T20:14:41.029928+00:00,4716a1279a5146ec977582a181f4a56d
2014-12-13,0.0,0.00,ft^3/s,Approved,[],2025-03-11T20:14:41.029928+00:00,4716a1279a5146ec977582a181f4a56d
2014-12-14,0.0,0.00,ft^3/s,Approved,[],2025-03-11T20:14:41.029928+00:00,4716a1279a5146ec977582a181f4a56d
2014-12-15,0.0,0.00,ft^3/s,Approved,[],2025-03-11T20:14:41.029928+00:00,4716a1279a5146ec977582a181f4a56d
2014-12-16,0.0,0.00,ft^3/s,Approved,[],2025-03-11T20:14:41.029928+00:00,4716a1279a5146ec977582a181f4a56d
2014-12-17,0.0,0.00,ft^3/s,Approved,[],2025-03-11T20:14:41.029928+00:00,4716a1279a5146ec977582a181f4a56d
2014-12-18,0.0,0.00,ft^3/s,Approved,[],2025-03-11T20:14:41.029928+00:00,4716a1279a5146ec977582a181f4a56d
2014-12-19,0.0,0.00,ft^3/s,Approved,[],2025-03-11T20:14:41.029928+00:00,4716a1279a5146ec977582a181f4a56d
2014-12-20,0.0,0.00,ft^3/s,Approved,[],2025-03-11T20:14:41.029928+00:00,4716a1279a5146ec977582a181f4a56d
2014-12-21,0.0,0.00,ft^3/s,Approved,[],2025-03-11T20:14:41.029928+00:00,4716a1279a5146ec977582a181f4a56d
2014-12-22,0.0,0.00,ft^3/s,Approved,[],2025-03-11T20:14:41.029928+00:00,4716a1279a5146ec977582a181f4a56d
2014-12-23,0.0,0.00,ft^3/s,Approved,[],2025-03-11T20:14:41.029928+00:00,4716a1279a5146ec977582a181f4a56d
2014-12-24,0.0,0.00,ft^3/s,Approved,[],2025-03-11T20:14:41.029928+00:00,4716a1279a5146ec977582a181f4a56d
2014-12-25,0.0,0.00,ft^3/s,Approved,[],2025-03-11T20:14:41.029928+00:00,4716a1279a5146ec977582a181f4a56d
2014-12-26,0.0,0.00,ft^3/s,Approved,[],2025-03-11T20:14:41.029928+00:00,4716a1279a5146ec977582a181f4a56d
2014-12-27,0.0,0.00,ft^3/s,Approved,[],2025-03-11T20:14:41.029928+00:00,4716a1279a5146ec977582a181f4a56d
2014-12-28,0.0,0.00,ft^3/s,Approved,[],2025-03-11T20:14:41.029928+00:00,4716a1279a5146ec977582a181f4a56d
2014-12-29,0.0,0.00,ft^3/s,Approved,[],2025-03-11T20:14:41.029928+00:00,4716a1279a5146ec977582a181f4a56d
2014-12-30,0.0,0.00,ft^3/s,Approved,[],2025-03-11T20:14:41.029928+00:00,4716a1279a5146ec977582a181f4a56d
2014-12-31,0.0,0.00,ft^3/s,Approved,[],2025-03-11T20:14:41.029928+00:00,4716a1279a5146ec977582a181f4a56d
2015-01-01,0.0,0.00,ft^3/s,Approved,[],2025-03-11T20:14:41.029928+00:00,4716a1279a5146ec977582a181f4a56d
2015-01-02,0.0,0.00,ft^3/s,Approved,[],2025-03-11T20:14:41.029928+00:00,4716a1279a5146ec977582a181f4a56d
2015-01-03,0.0,0.00,ft^3/s,Approved,[],2025-03-11T20:14:41.029928+00:00,4716a1279a5146ec977582a181f4a56d
2015-01-04,0.0,0.00,ft^3/s,Approved,[],2025-03-11T20:14:41.029928+00:00,4716a1279a5146ec977582a181f4a56d
2015-01-05,0.0,0.00,ft^3/s,Approved,[],2025-03-11T20:14:41.029928+00:00,4716a1279a5146ec977582a181f4a56d
2015-01-06,0.0,0.00,ft^3/s,Approved,[],2025-03-11T20:14:41.029928+00:00,4716a1279a5146ec977582a181f4a56d
2015-01-07,0.0,0.00,ft^3/s,Approved,[],2025-03-11T20:14:41.029928+00:00,4716a1279a5146ec977582a181f4a56d
2015-01-08,0.0,0.00,ft^3/s,Approved,[],2025-03-11T20:14:41.029928+00:00,4716a1279a5146ec977582a181f4a56d
2015-01-09,0.0,0.00,ft^3/s,Approved,[],2025-03-11T20:14:41.029928+00:00,4716a1279a5146ec977582a181f4a56d
2015-01-10,0.0,0.00,ft^3/s,Approved,[],2025-03-11T20:14:41.029928+00:00,4716a1279a5146ec977582a181f4a56d
2015-01-11,0.0,0.00,ft^3/s,Approved,[],2025-03-11T20:14:41.029928+00:00,4716a1279a5146ec977582a181f4a56d
2015-01-12,0.0,0.00,ft^3/s,Approved,[],2025-03-11T20:14:41.029928+00:00,4716a1279a5146ec977582a181f4a56d
2015-01-13,0.0,0.00,ft^3/s,Approved,[],2025-03-11T20:14:41.029928+00:00,4716a1279a5146ec977582a181f4a56d
2015-01-14,0.0,0.00,ft^3/s,Approved,[],2025-03-11T20:14:41.029928+00:00,4716a1279a5146ec977582a181f4a56d
2015-01-15,0.0,0.00,ft^3/s,Approved,[],2025-03-11T20:14:41.029928+00:00,4716a1279a5146ec977582a181f4a56d
2015-01-16,0.0,0.00,ft^3/s,Approved,[],2025-03-11T20:14:41.029928+00:00,4716a1279a5146ec977582a181f4a56d
2015-01-17,0.0,0.00,ft^3/s,Approved,[],2025-03-11T20:14:41.029928+00:00,4716a1279a5146ec977582a181f4a56d
2015-01-18,0.0,0.00,ft^3/s,Approved,[],2025-03-11T20:14:41.029928+00:00,4716a1279a5146ec977582a181f4a56d
2015-01-19,0.0,0.00,ft^3/s,Approved,[],2025-03-11T20:14:41.029928+00:00,4716a1279a5146ec977582a181f4a56d
2015-01-20,0.0,0.00,ft^3/s,Approved,[],2025-03-11T20:14:41.029928+00:00,4716a1279a5146ec977582a181f4a56d
2015-01-21,0.0,0.00,ft^3/s,Approved,[],2025-03-11T20:14:41.029928+00:00,4716a1279a5146ec977582a181f4a56d
2015-01-22,32.1,32.1,ft^3/s,Approved,[],2025-03-11T20:14:41.029928+00:00,4716a1279a5146ec977582a181f4a56d
2015-01-23,13.8,13.8,ft^3/s,Approved,[],2025-03-11T20:14:41.029928+00:00,4716a1279a5146ec977582a181f4a56d
2015-01-24,0.49,0.49,ft^3/s,Approved,[],2025-03-11T20:14:41.029928+00:00,4716a1279a5146ec977582a181f4a56d
2015-01-25,0.0,0.00,ft^3/s,Approved,[],2025-03-11T20:14:41.029928+00:00,4716a1279a5146ec977582a181f4a56d
2015-01-26,0.0,0.00,ft^3/s,Approved,[],2025-03-11T20:14:41.029928+00:00,4716a1279a5146ec977582a181f4a56d
2015-01-27,0.0,0.00,ft^3/s,Approved,[],2025-03-11T20:14:41.029928+00:00,4716a1279a5146ec977582a181f4a56d
2015-01-28,0.0,0.00,ft^3/s,Approved,[],2025-03-11T20:14:41.029928+00:00,4716a1279a5146ec977582a181f4a56d
2015-01-29,0.0,0.00,ft^3/s,Approved,[],2025-03-11T20:14:41.029928+00:00,4716a1279a5146ec977582a181f4a56d
2015-01-30,0.0,0.00,ft^3/s,Approved,[],2025-03-11T20:14:41.029928+00:00,4716a1279a5146ec977582a181f4a56d
2015-01-31,0.0,0.00,ft^3/s,Approved,[],2025-03-11T20:14:41.029928+00:00,4716a1279a5146ec977582a181f4a56d
2015-02-01,0.0,0.00,ft^3/s,Approved,[],2025-03-11T20:14:41.029928+00:00,4716a1279a5146ec977582a181f4a56d
2015-02-02,0.0,0.00,ft^3/s,Approved,[],2025-03-11T20:14:41.029928+00:00,4716a1279a5146ec977582a181f4a56d
2015-02-03,0.0,0.00,ft^3/s,Approved,[],2025-03-11T20:14:41.029928+00:00,4716a1279a5146ec977582a181f4a56d
2015-02-04,0.0,0.00,ft^3/s,Approved,[],2025-03-11T20:14:41.029928+00:00,4716a1279a5146ec977582a181f4a56d
2015-02-05,0.0,0.00,ft^3/s,Approved,[],2025-03-11T20:14:41.029928+00:00,4716a1279a5146ec977582a181f4a56d
2015-02-06,0.0,0.00,ft^3/s,Approved,[],2025-03-11T20:14:41.029928+00:00,4716a1279a5146ec977582a181f4a56d
2015-02-07,0.0,0.00,ft^3/s,Approved,[],2025-03-11T20:14:41.029928+00:00,4716a1279a5146ec977582a181f4a56d
2015-02-08,0.0,0.00,ft^3/s,Approved,[],2025-03-11T20:14:41.029928+00:00,4716a1279a5146ec977582a181f4a56d
2015-02-09,0.0,0.00,ft^3/s,Approved,[],2025-03-11T20:14:41.029928+00:00,4716a1279a5146ec977582a181f4a56d
2015-02-10,0.0,0.00,ft^3/s,Approved,[],2025-03-11T20:14:41.029928+00:00,4716a1279a5146ec977582a181f4a56d
2015-02-11,0.0,0.00,ft^3/s,Approved,[],2025-03-11T20:14:41.029928+00:00,4716a1279a5146ec977582a181f4a56d
2015-02-12,0.0,0.00,ft^3/s,Approved,[],2025-03-11T20:14:41.029928+00:00,4716a1279a5146ec977582a181f4a56d
2015-02-13,0.0,0.00,ft^3/s,Approved,[],2025-03-11T20:14:41.029928+00:00,4716a1279a5146ec977582a181f4a56d
2015-02-14,0.0,0.00,ft^3/s,Approved,[],2025-03-11T20:14:41.029928+00:00,4716a1279a5146ec977582a181f4a56d
2015-02-15,0.0,0.00,ft^3/s,Approved,[],2025-03-11T20:14:41.029928+00:00,4716a1279a5146ec977582a181f4a56d
2015-02-16,0.0,0.00,ft^3/s,Approved,[],2025-03-11T20:14:41.029928+00:00,4716a1279a5146ec977582a181f4a56d
2015-02-17,0.0,0.00,ft^3/s,Approved,[],2025-03-11T20:14:41.029928+00:00,4716a1279a5146ec977582a181f4a56d
2015-02-18,0.0,0.00,ft^3/s,Approved,[],2025-03-11T20:14:41.029928+00:00,4716a1279a5146ec977582a181f4a56d
2015-02-19,0.0,0.00,ft^3/s,Approved,[],2025-03-11T20:14:41.029928+00:00,4716a1279a5146ec977582a181f4a56d
2015-02-20,0.0,0.00,ft^3/s,Approved,[],2025-03-11T20:14:41.029928+00:00,4716a1279a5146ec977582a181f4a56d
2015-02-21,0.0,0.00,ft^3/s,Approved,[],2025-03-11T20:14:41.029928+00:00,4716a1279a5146ec977582a181f4a56d
2015-02-22,0.0,0.00,ft^3/s,Approved,[],2025-03-11T20:14:41.029928+00:00,4716a1279a5146ec977582a181f4a56d
2015-02-23,0.0,0.00,ft^3/s,Approved,[],2025-03-11T20:14:41.029928+00:00,4716a1279a5146ec977582a181f4a56d
2015-02-24,0.0,0.00,ft^3/s,Approved,[],2025-03-11T20:14:41.029928+00:00,4716a1279a5146ec977582a181f4a56d
2015-02-25,0.0,0.00,ft^3/s,Approved,[],2025-03-11T20:14:41.029928+00:00,4716a1279a5146ec977582a181f4a56d
2015-02-26,0.0,0.00,ft^3/s,Approved,[],2025-03-11T20:14:41.029928+00:00,4716a1279a5146ec977582a181f4a56d
2015-02-27,0.0,0.00,ft^3/s,Approved,[],2025-03-11T20:14:41.029928+00:00,4716a1279a5146ec977582a181f4a56d
2015-02-28,0.0,0.00,ft^3/s,Approved,[],2025-03-11T20:14:41.029928+00:00,4716a1279a5146ec977582a181f4a56d
2015-03-01,0.0,0.00,ft^3/s,Approved,[],2025-03-11T20:14:41.029928+00:00,4716a1279a5146ec977582a181f4a56d
2015-03-02,0.0,0.00,ft^3/s,Approved,[],2025-03-11T20:14:41.029928+00:00,4716a1279a5146ec977582a181f4a56d
2015-03-03,0.0,0.00,ft^3/s,Approved,[],2025-03-11T20:14:41.029928+00:00,4716a1279a5146ec977582a181f4a56d
2015-03-04,0.0,0.00,ft^3/s,Approved,[],2025-03-11T20:14:41.029928+00:00,4716a1279a5146ec977582a181f4a56d
2015-03-05,0.0,0.00,ft^3/s,Approved,[],2025-03-11T20:14:41.029928+00:00,4716a1279a5146ec977582a181f4a56d
2015-03-06,0.0,0.00,ft^3/s,Approved,[],2025-03-11T20:14:41.029928+00:00,4716a1279a5146ec977582a181f4a56d
2015-03-07,0.0,0.00,ft^3/s,Approved,[],2025-03-11T20:14:41.029928+00:00,4716a1279a5146ec977582a181f4a56d
2015-03-08,0.0,0.00,ft^3/s,Approved,[],2025-03-11T20:14:41.029928+00:00,4716a1279a5146ec977582a181f4a56d
2015-03-09,84.9,84.9,ft^3/s,Approved,[],2025-03-11T20:14:41.029928+00:00,4716a1279a5146ec977582a181f4a56d
2015-03-10,19.9,19.9,ft^3/s,Approved,[],2025-03-11T20:14:41.029928+00:00,4716a1279a5146ec977582a181f4a56d
2015-03-11,2.63,2.63,ft^3/s,Approved,[],2025-03-11T20:14:41.029928+00:00,4716a1279a5146ec977582a181f4a56d
2015-03-12,1.14,1.14,ft^3/s,Approved,[],2025-03-11T20:14:41.029928+00:00,4716a1279a5146ec977582a181f4a56d
2015-03-13,0.76,0.76,ft^3/s,Approved,[],2025-03-11T20:14:41.029928+00:00,4716a1279a5146ec977582a181f4a56d
2015-03-14,0.57,0.57,ft^3/s,Approved,[],2025-03-11T20:14:41.029928+00:00,4716a1279a5146ec977582a181f4a56d
2015-03-15,0.4,0.40,ft^3/s,Approved,[],2025-03-11T20:14:41.029928+00:00,4716a1279a5146ec977582a181f4a56d
2015-03-16,0.41,0.41,ft^3/s,Approved,[],2025-03-11T20:14:41.029928+00:00,4716a1279a5146ec977582a181f4a56d
2015-03-17,0.48,0.48,ft^3/s,Approved,[],2025-03-11T20:14:41.029928+00:00,4716a1279a5146ec977582a181f4a56d
2015-03-18,0.74,0.74,ft^3/s,Approved,[],2025-03-11T20:14:41.029928+00:00,4716a1279a5146ec977582a181f4a56d
2015-03-19,0.89,0.89,ft^3/s,Approved,[],2025-03-11T20:14:41.029928+00:00,4716a1279a5146ec977582a181f4a56d
2015-03-20,2.25,2.25,ft^3/s,Approved,[],2025-03-11T20:14:41.029928+00:00,4716a1279a5146ec977582a181f4a56d
2015-03-21,16.9,16.9,ft^3/s,Approved,[],2025-03-11T20:14:41.029928+00:00,4716a1279a5146ec977582a181f4a56d
2015-03-22,12.2,12.2,ft^3/s,Approved,[],2025-03-11T20:14:41.029928+00:00,4716a1279a5146ec977582a181f4a56d
2015-03-23,4.99,4.99,ft^3/s,Approved,[],2025-03-11T20:14:41.029928+00:00,4716a1279a5146ec977582a181f4a56d
2015-03-24,4.06,4.06,ft^3/s,Approved,[],2025-03-11T20:14:41.029928+00:00,4716a1279a5146ec977582a181f4a56d
2015-03-25,4.09,4.09,ft^3/s,Approved,[],2025-03-11T20:14:41.029928+00:00,4716a1279a5146ec977582a181f4a56d
2015-03-26,4.25,4.25,ft^3/s,Approved,[],2025-03-11T20:14:41.029928+00:00,4716a1279a5146ec977582a181f4a56d
2015-03-27,4.43,4.43,ft^3/s,Approved,[],2025-03-11T20:14:41.029928+00:00,4716a1279a5146ec977582a181f4a56d
2015-03-28,4.59,4.59,ft^3/s,Approved,[],2025-03-11T20:14:41.029928+00:00,4716a1279a5146ec977582a181f4a56d
2015-03-29,4.59,4.59,ft^3/s,Approved,[],2025-03-11T20:14:41.029928+00:00,4716a1279a5146ec977582a181f4a56d
2015-03-30,4.31,4.31,ft^3/s,Approved,[],2025-03-11T20:14:41.029928+00:00,4716a1279a5146ec977582a181f4a56d
2015-03-31,3.89,3.89,ft^3/s,Approved,[],2025-03-11T20:14:41.029928+00:00,4716a1279a5146ec977582a181f4a56d
2015-04-01,3.59,3.59,ft^3/s,Approved,[],2025-03-11T20:14:41.029928+00:00,4716a1279a5146ec977582a181f4a56d
2015-04-02,3.31,3.31,ft^3/s,Approved,[],2025-03-11T20:14:41.029928+00:00,4716a1279a5146ec977582a181f4a56d
2015-04-03,3.04,3.04,ft^3/s,Approved,[],2025-03-11T20:14:41.029928+00:00,4716a1279a5146ec977582a181f4a56d
2015-04-04,2.59,2.59,ft^3/s,Approved,[],2025-03-11T20:14:41.029928+00:00,4716a1279a5146ec977582a181f4a56d
2015-04-05,2.35,2.35,ft^3/s,Approved,[],2025-03-11T20:14:41.029928+00:00,4716a1279a5146ec977582a181f4a56d
2015-04-06,2.07,2.07,ft^3/s,Approved,[],2025-03-11T20:14:41.029928+00:00,4716a1279a5146ec977582a181f4a56d
2015-04-07,1.91,1.91,ft^3/s,Approved,[],2025-03-11T20:14:41.029928+00:00,4716a1279a5146ec977582a181f4a56d
2015-04-08,1.56,1.56,ft^3/s,Approved,[],2025-03-11T20:14:41.029928+00:00,4716a1279a5146ec977582a181f4a56d
2015-04-09,1.35,1.35,ft^3/s,Approved,[],2025-03-11T20:14:41.029928+00:00,4716a1279a5146ec977582a181f4a56d
2015-04-10,1.22,1.22,ft^3/s,Approved,[],2025-03-11T20:14:41.029928+00:00,4716a1279a5146ec977582a181f4a56d
2015-04-11,0.94,0.94,ft^3/s,Approved,[],2025-03-11T20:14:41.029928+00:00,4716a1279a5146ec977582a181f4a56d
2015-04-12,0.85,0.85,ft^3/s,Approved,[],2025-03-11T20:14:41.029928+00:00,4716a1279a5146ec977582a181f4a56d
2015-04-13,0.76,0.76,ft^3/s,Approved,[],2025-03-11T20:14:41.029928+00:00,4716a1279a5146ec977582a181f4a56d
2015-04-14,0.56,0.56,ft^3/s,Approved,[],2025-03-11T20:14:41.029928+00:00,4716a1279a5146ec977582a181f4a56d
2015-04-15,0.38,0.38,ft^3/s,Approved,[],2025-03-11T20:14:41.029928+00:00,4716a1279a5146ec977582a181f4a56d
2015-04-16,0.3,0.30,ft^3/s,Approved,[],2025-03-11T20:14:41.029928+00:00,4716a1279a5146ec977582a181f4a56d
2015-04-17,0.4,0.40,ft^3/s,Approved,[],2025-03-11T20:14:41.029928+00:00,4716a1279a5146ec977582a181f4a56d
2015-04-18,1.3,1.30,ft^3/s,Approved,[],2025-03-11T20:14:41.029928+00:00,4716a1279a5146ec977582a181f4a56d
2015-04-19,0.88,0.88,ft^3/s,Approved,[],2025-03-11T20:14:41.029928+00:00,4716a1279a5146ec977582a181f4a56d
2015-04-20,0.61,0.61,ft^3/s,Approved,[],2025-03-11T20:14:41.029928+00:00,4716a1279a5146ec977582a181f4a56d
2015-04-21,0.54,0.54,ft^3/s,Approved,[],2025-03-11T20:14:41.029928+00:00,4716a1279a5146ec977582a181f4a56d
2015-04-22,0.26,0.26,ft^3/s,Approved,[],2025-03-11T20:14:41.029928+00:00,4716a1279a5146ec977582a181f4a56d
2015-04-23,0.13,0.13,ft^3/s,Approved,[],2025-03-11T20:14:41.029928+00:00,4716a1279a5146ec977582a181f4a56d
2015-04-24,0.07,0.07,ft^3/s,Approved,[],2025-03-11T20:14:41.029928+00:00,4716a1279a5146ec977582a181f4a56d
2015-04-25,0.06,0.06,ft^3/s,Approved,[],2025-03-11T20:14:41.029928+00:00,4716a1279a5146ec977582a181f4a56d
2015-04-26,0.02,0.02,ft^3/s,Approved,[],2025-03-11T20:14:41.029928+00:00,4716a1279a5146ec977582a181f4a56d
2015-04-27,0.04,0.04,ft^3/s,Approved,[],2025-03-11T20:14:41.029928+00:00,4716a1279a5146ec977582a181f4a56d
2015-04-28,0.01,0.01,ft^3/s,Approved,[],2025-03-11T20:14:41.029928+00:00,4716a1279a5146ec977582a181f4a56d
2015-04-29,-0.0,-0.00,ft^3/s,Approved,[],2025-03-11T20:14:41.029928+00:00,4716a1279a5146ec977582a181f4a56d
2015-04-30,0.0,0.00,ft^3/s,Approved,[],2025-03-11T20:14:41.029928+00:00,4716a1279a5146ec977582a181f4a56d
2015-05-01,0.0,0.00,ft^3/s,Approved,[],2025-03-11T20:14:41.029928+00:00,4716a1279a5146ec977582a181f4a56d
2015-05-02,0.0,0.00,ft^3/s,Approved,[],2025-03-11T20:14:41.029928+00:00,4716a1279a5146ec977582a181f4a56d
2015-05-03,0.0,0.00,ft^3/s,Approved,[],2025-03-11T20:14:41.029928+00:00,4716a1279a5146ec977582a181f4a56d
2015-05-04,0.0,0.00,ft^3/s,Approved,[],2025-03-11T20:14:41.029928+00:00,4716a1279a5146ec977582a181f4a56d
2015-05-05,0.0,0.00,ft^3/s,Approved,[],2025-03-11T20:14:41.029928+00:00,4716a1279a5146ec977582a181f4a56d
2015-05-06,0.0,0.00,ft^3/s,Approved,[],2025-03-11T20:14:41.029928+00:00,4716a1279a5146ec977582a181f4a56d
2015-05-07,0.0,0.00,ft^3/s,Approved,[],2025-03-11T20:14:41.029928+00:00,4716a1279a5146ec977582a181f4a56d
2015-05-08,0.0,0.00,ft^3/s,Approved,[],2025-03-11T20:14:41.029928+00:00,4716a1279a5146ec977582a181f4a56d
2015-05-09,0.0,0.00,ft^3/s,Approved,[],2025-03-11T20:14:41.029928+00:00,4716a1279a5146ec977582a181f4a56d
2015-05-10,0.1,0.10,ft^3/s,Approved,[],2025-03-11T20:14:41.029928+00:00,4716a1279a5146ec977582a181f4a56d
2015-05-11,10.6,10.6,ft^3/s,Approved,[],2025-03-11T20:14:41.029928+00:00,4716a1279a5146ec977582a181f4a56d
2015-05-12,4.65,4.65,ft^3/s,Approved,[],2025-03-11T20:14:41.029928+00:00,4716a1279a5146ec977582a181f4a56d
2015-05-13,46.2,46.2,ft^3/s,Approved,[],2025-03-11T20:14:41.029928+00:00,4716a1279a5146ec977582a181f4a56d
2015-05-14,27.7,27.7,ft^3/s,Approved,[],2025-03-11T20:14:41.029928+00:00,4716a1279a5146ec977582a181f4a56d
2015-05-15,14.3,14.3,ft^3/s,Approved,[],2025-03-11T20:14:41.029928+00:00,4716a1279a5146ec977582a181f4a56d
2015-05-16,8.25,8.25,ft^3/s,Approved,[],2025-03-11T20:14:41.029928+00:00,4716a1279a5146ec977582a181f4a56d
2015-05-17,11.9,11.9,ft^3/s,Approved,[],2025-03-11T20:14:41.029928+00:00,4716a1279a5146ec977582a181f4a56d
2015-05-18,20.0,20.0,ft^3/s,Approved,[],2025-03-11T20:14:41.029928+00:00,4716a1279a5146ec977582a181f4a56d
2015-05-19,14.9,14.9,ft^3/s,Approved,[],2025-03-11T20:14:41.029928+00:00,4716a1279a5146ec977582a181f4a56d
2015-05-20,12.5,12.5,ft^3/s,Approved,[],2025-03-11T20:14:41.029928+00:00,4716a1279a5146ec977582a181f4a56d
2015-05-21,1200.0,1200,ft^3/s,Approved,[],2025-03-11T20:14:41.029928+00:00,4716a1279a5146ec977582a181f4a56d
2015-05-22,55.8,55.8,ft^3/s,Approved,[],2025-03-11T20:14:41.029928+00:00,4716a1279a5146ec977582a181f4a56d
2015-05-23,41.1,41.1,ft^3/s,Approved,[],2025-03-11T20:14:41.029928+00:00,4716a1279a5146ec977582a181f4a56d
2015-05-24,1960.0,1960,ft^3/s,Approved,[],2025-03-11T20:14:41.029928+00:00,4716a1279a5146ec977582a181f4a56d
2015-05-25,1580.0,1580,ft^3/s,Approved,[],2025-03-11T20:14:41.029928+00:00,4716a1279a5146ec977582a181f4a56d
2015-05-26,551.0,551,ft^3/s,Approved,[],2025-03-11T20:14:41.029928+00:00,4716a1279a5146ec977582a181f4a56d
2015-05-27,141.0,141,ft^3/s,Approved,[],2025-03-11T20:14:41.029928+00:00,4716a1279a5146ec977582a181f4a56d
2015-05-28,98.9,98.9,ft^3/s,Approved,[],2025-03-11T20:14:41.029928+00:00,4716a1279a5146ec977582a181f4a56d
2015-05-29,350.0,350,ft^3/s,Approved,[],2025-03-11T20:14:41.029928+00:00,4716a1279a5146ec977582a181f4a56d
2015-05-30,129.0,129,ft^3/s,Approved,[],2025-03-11T20:14:41.029928+00:00,4716a1279a5146ec977582a181f4a56d
2015-05-31,83.1,83.1,ft^3/s,Approved,[],2025-03-11T20:14:41.029928+00:00,4716a1279a5146ec977582a181f4a56d
2015-06-01,71.2,71.2,ft^3/s,Approved,[],2025-03-11T20:14:41.029928+00:00,4716a1279a5146ec977582a181f4a56d
2015-06-02,64.4,64.4,ft^3/s,Approved,[],2025-03-11T20:14:41.029928+00:00,4716a1279a5146ec977582a181f4a56d
2015-06-03,60.5,60.5,ft^3/s,Approved,[],2025-03-11T20:14:41.029928+00:00,4716a1279a5146ec977582a181f4a56d
2015-06-04,56.1,56.1,ft^3/s,Approved,[],2025-03-11T20:14:41.029928+00:00,4716a1279a5146ec977582a181f4a56d
2015-06-05,52.2,52.2,ft^3/s,Approved,[],2025-03-11T20:14:41.029928+00:00,4716a1279a5146ec977582a181f4a56d
2015-06-06,49.3,49.3,ft^3/s,Approved,[],2025-03-11T20:14:41.029928+00:00,4716a1279a5146ec977582a181f4a56d
2015-06-07,46.9,46.9,ft^3/s,Approved,[],2025-03-11T20:14:41.029928+00:00,4716a1279a5146ec977582a181f4a56d
2015-06-08,43.8,43.8,ft^3/s,Approved,[],2025-03-11T20:14:41.029928+00:00,4716a1279a5146ec977582a181f4a56d
2015-06-09,41.2,41.2,ft^3/s,Approved,[],2025-03-11T20:14:41.029928+00:00,4716a1279a5146ec977582a181f4a56d
2015-06-10,39.2,39.2,ft^3/s,Approved,[],2025-03-11T20:14:41.029928+00:00,4716a1279a5146ec977582a181f4a56d
2015-06-11,38.2,38.2,ft^3/s,Approved,[],2025-03-11T20:14:41.029928+00:00,4716a1279a5146ec977582a181f4a56d
2015-06-12,36.9,36.9,ft^3/s,Approved,[],2025-03-11T20:14:41.029928+00:00,4716a1279a5146ec977582a181f4a56d
2015-06-13,35.8,35.8,ft^3/s,Approved,[],2025-03-11T20:14:41.029928+00:00,4716a1279a5146ec977582a181f4a56d
2015-06-14,39.0,39.0,ft^3/s,Approved,[],2025-03-11T20:14:41.029928+00:00,4716a1279a5146ec977582a181f4a56d
2015-06-15,36.2,36.2,ft^3/s,Approved,[],2025-03-11T20:14:41.029928+00:00,4716a1279a5146ec977582a181f4a56d
2015-06-16,35.0,35.0,ft^3/s,Approved,[],2025-03-11T20:14:41.029928+00:00,4716a1279a5146ec977582a181f4a56d
2015-06-17,297.0,297,ft^3/s,Approved,[],2025-03-11T20:14:41.029928+00:00,4716a1279a5146ec977582a181f4a56d
2015-06-18,99.3,99.3,ft^3/s,Approved,[],2025-03-11T20:14:41.029928+00:00,4716a1279a5146ec977582a181f4a56d
2015-06-19,179.0,179,ft^3/s,Approved,[],2025-03-11T20:14:41.029928+00:00,4716a1279a5146ec977582a181f4a56d
2015-06-20,68.5,68.5,ft^3/s,Approved,[],2025-03-11T20:14:41.029928+00:00,4716a1279a5146ec977582a181f4a56d
2015-06-21,112.0,112,ft^3/s,Approved,[],2025-03-11T20:14:41.029928+00:00,4716a1279a5146ec977582a181f4a56d
2015-06-22,110.0,110,ft^3/s,Approved,[],2025-03-11T20:14:41.029928+00:00,4716a1279a5146ec977582a181f4a56d
2015-06-23,61.1,61.1,ft^3/s,Approved,[],2025-03-11T20:14:41.029928+00:00,4716a1279a5146ec977582a181f4a56d
2015-06-24,48.9,48.9,ft^3/s,Approved,[],2025-03-11T20:14:41.029928+00:00,4716a1279a5146ec977582a181f4a56d
2015-06-25,44.5,44.5,ft^3/s,Approved,[],2025-03-11T20:14:41.029928+00:00,4716a1279a5146ec977582a181f4a56d
2015-06-26,41.8,41.8,ft^3/s,Approved,[],2025-03-11T20:14:41.029928+00:00,4716a1279a5146ec977582a181f4a56d
2015-06-27,154.0,154,ft^3/s,Approved,[],2025-03-11T20:14:41.029928+00:00,4716a1279a5146ec977582a181f4a56d
2015-06-28,100.0,100,ft^3/s,Approved,[],2025-03-11T20:14:41.029928+00:00,4716a1279a5146ec977582a181f4a56d
2015-06-29,53.2,53.2,ft^3/s,Approved,[],2025-03-11T20:14:41.029928+00:00,4716a1279a5146ec977582a181f4a56d
2015-06-30,50.0,50.0,ft^3/s,Approved,[],2025-03-11T20:14:41.029928+00:00,4716a1279a5146ec977582a181f4a56d
2015-07-01,46.4,46.4,ft^3/s,Approved,[],2025-03-11T20:14:41.029928+00:00,4716a1279a5146ec977582a181f4a56d
2015-07-02,40.8,40.8,ft^3/s,Approved,[],2025-03-11T20:14:41.029928+00:00,4716a1279a5146ec977582a181f4a56d
2015-07-03,38.5,38.5,ft^3/s,Approved,[],2025-03-11T20:14:41.029928+00:00,4716a1279a5146ec977582a181f4a56d
2015-07-04,37.5,37.5,ft^3/s,Approved,[],2025-03-11T20:14:41.029928+00:00,4716a1279a5146ec977582a181f4a56d
2015-07-05,36.0,36.0,ft^3/s,Approved,[],2025-03-11T20:14:41.029928+00:00,4716a1279a5146ec977582a181f4a56d
2015-07-06,35.0,35.0,ft^3/s,Approved,[],2025-03-11T20:14:41.029928+00:00,4716a1279a5146ec977582a181f4a56d
2015-07-07,34.5,34.5,ft^3/s,Approved,[],2025-03-11T20:14:41.029928+00:00,4716a1279a5146ec977582a181f4a56d
2015-07-08,33.8,33.8,ft^3/s,Approved,[],2025-03-11T20:14:41.029928+00:00,4716a1279a5146ec977582a181f4a56d
2015-07-09,32.8,32.8,ft^3/s,Approved,[],2025-03-11T20:14:41.029928+00:00,4716a1279a5146ec977582a181f4a56d
2015-07-10,32.0,32.0,ft^3/s,Approved,[],2025-03-11T20:14:41.029928+00:00,4716a1279a5146ec977582a181f4a56d
2015-07-11,30.2,30.2,ft^3/s,Approved,[],2025-03-11T20:14:41.029928+00:00,4716a1279a5146ec977582a181f4a56d
2015-07-12,29.0,29.0,ft^3/s,Approved,[],2025-03-11T20:14:41.029928+00:00,4716a1279a5146ec977582a181f4a56d
2015-07-13,27.6,27.6,ft^3/s,Approved,[],2025-03-11T20:14:41.029928+00:00,4716a1279a5146ec977582a181f4a56d
2015-07-14,26.2,26.2,ft^3/s,Approved,[],2025-03-11T20:14:41.029928+00:00,4716a1279a5146ec977582a181f4a56d
2015-07-15,24.5,24.5,ft^3/s,Approved,[],2025-03-11T20:14:41.029928+00:00,4716a1279a5146ec977582a181f4a56d
2015-07-16,23.0,23.0,ft^3/s,Approved,[],2025-03-11T20:14:41.029928+00:00,4716a1279a5146ec977582a181f4a56d
2015-07-17,21.8,21.8,ft^3/s,Approved,[],2025-03-11T20:14:41.029928+00:00,4716a1279a5146ec977582a181f4a56d
2015-07-18,20.9,20.9,ft^3/s,Approved,[],2025-03-11T20:14:41.029928+00:00,4716a1279a5146ec977582a181f4a56d
2015-07-19,20.4,20.4,ft^3/s,Approved,[],2025-03-11T20:14:41.029928+00:00,4716a1279a5146ec977582a181f4a56d
2015-07-20,19.9,19.9,ft^3/s,Approved,[],2025-03-11T20:14:41.029928+00:00,4716a1279a5146ec977582a181f4a56d
2015-07-21,19.6,19.6,ft^3/s,Approved,[],2025-03-11T20:14:41.029928+00:00,4716a1279a5146ec977582a181f4a56d
2015-07-22,18.1,18.1,ft^3/s,Approved,[],2025-03-11T20:14:41.029928+00:00,4716a1279a5146ec977582a181f4a56d
2015-07-23,16.4,16.4,ft^3/s,Approved,[],2025-03-11T20:14:41.029928+00:00,4716a1279a5146ec977582a181f4a56d
2015-07-24,15.6,15.6,ft^3/s,Approved,[],2025-03-11T20:14:41.029928+00:00,4716a1279a5146ec977582a181f4a56d
2015-07-25,15.6,15.6,ft^3/s,Approved,[],2025-03-11T20:14:41.029928+00:00,4716a1279a5146ec977582a181f4a56d
2015-07-26,15.4,15.4,ft^3/s,Approved,[],2025-03-11T20:14:41.029928+00:00,4716a1279a5146ec977582a181f4a56d
2015-07-27,14.5,14.5,ft^3/s,Approved,[],2025-03-11T20:14:41.029928+00:00,4716a1279a5146ec977582a181f4a56d
2015-07-28,13.3,13.3,ft^3/s,Approved,[],2025-03-11T20:14:41.029928+00:00,4716a1279a5146ec977582a181f4a56d
2015-07-29,12.6,12.6,ft^3/s,Approved,[],2025-03-11T20:14:41.029928+00:00,4716a1279a5146ec977582a181f4a56d
2015-07-30,11.7,11.7,ft^3/s,Approved,[],2025-03-11T20:14:41.029928+00:00,4716a1279a5146ec977582a181f4a56d
2015-07-31,11.1,11.1,ft^3/s,Approved,[],2025-03-11T20:14:41.029928+00:00,4716a1279a5146ec977582a181f4a56d
2015-08-01,10.5,10.5,ft^3/s,Approved,[],2025-03-11T20:14:41.029928+00:00,4716a1279a5146ec977582a181f4a56d
2015-08-02,9.55,9.55,ft^3/s,Approved,[],2025-03-11T20:14:41.029928+00:00,4716a1279a5146ec977582a181f4a56d
2015-08-03,8.87,8.87,ft^3/s,Approved,[],2025-03-11T20:14:41.029928+00:00,4716a1279a5146ec977582a181f4a56d
2015-08-04,8.29,8.29,ft^3/s,Approved,[],2025-03-11T20:14:41.029928+00:00,4716a1279a5146ec977582a181f4a56d
2015-08-05,7.74,7.74,ft^3/s,Approved,[],2025-03-11T20:14:41.029928+00:00,4716a1279a5146ec977582a181f4a56d
2015-08-06,7.48,7.48,ft^3/s,Approved,[],2025-03-11T20:14:41.029928+00:00,4716a1279a5146ec977582a181f4a56d
2015-08-07,6.85,6.85,ft^3/s,Approved,[],2025-03-11T20:14:41.029928+00:00,4716a1279a5146ec977582a181f4a56d
2015-08-08,6.36,6.36,ft^3/s,Approved,[],2025-03-11T20:14:41.029928+00:00,4716a1279a5146ec977582a181f4a56d
2015-08-09,5.66,5.66,ft^3/s,Approved,[],2025-03-11T20:14:41.029928+00:00,4716a1279a5146ec977582a181f4a56d
2015-08-10,5.41,5.41,ft^3/s,Approved,[],2025-03-11T20:14:41.029928+00:00,4716a1279a5146ec977582a181f4a56d
2015-08-11,5.14,5.14,ft^3/s,Approved,[],2025-03-11T20:14:41.029928+00:00,4716a1279a5146ec977582a181f4a56d
2015-08-12,4.78,4.78,ft^3/s,Approved,[],2025-03-11T20:14:41.029928+00:00,4716a1279a5146ec977582a181f4a56d
2015-08-13,4.38,4.38,ft^3/s,Approved,[],2025-03-11T20:14:41.029928+00:00,4716a1279a5146ec977582a181f4a56d
2015-08-14,4.29,4.29,ft^3/s,Approved,[],2025-03-11T20:14:41.029928+00:00,4716a1279a5146ec977582a181f4a56d
2015-08-15,4.11,4.11,ft^3/s,Approved,[],2025-03-11T20:14:41.029928+00:00,4716a1279a5146ec977582a181f4a56d
2015-08-16,3.84,3.84,ft^3/s,Approved,[],2025-03-11T20:14:41.029928+00:00,4716a1279a5146ec977582a181f4a56d
2015-08-17,3.58,3.58,ft^3/s,Approved,[],2025-03-11T20:14:41.029928+00:00,4716a1279a5146ec977582a181f4a56d
2015-08-18,3.19,3.19,ft^3/s,Approved,[],2025-03-11T20:14:41.029928+00:00,4716a1279a5146ec977582a181f4a56d
2015-08-19,3.14,3.14,ft^3/s,Approved,[],2025-03-11T20:14:41.029928+00:00,4716a1279a5146ec977582a181f4a56d
2015-08-20,3.13,3.13,ft^3/s,Approved,[],2025-03-11T20:14:41.029928+00:00,4716a1279a5146ec977582a181f4a56d
2015-08-21,3.06,3.06,ft^3/s,Approved,[],2025-03-11T20:14:41.029928+00:00,4716a1279a5146ec977582a181f4a56d
2015-08-22,2.87,2.87,ft^3/s,Approved,[],2025-03-11T20:14:41.029928+00:00,4716a1279a5146ec977582a181f4a56d
2015-08-23,2.87,2.87,ft^3/s,Approved,[],2025-03-11T20:14:41.029928+00:00,4716a1279a5146ec977582a181f4a56d
2015-08-24,2.55,2.55,ft^3/s,Approved,[],2025-03-11T20:14:41.029928+00:00,4716a1279a5146ec977582a181f4a56d
2015-08-25,2.23,2.23,ft^3/s,Approved,[],2025-03-11T20:14:41.029928+00:00,4716a1279a5146ec977582a181f4a56d
2015-08-26,2.08,2.08,ft^3/s,Approved,[],2025-03-11T20:14:41.029928+00:00,4716a1279a5146ec977582a181f4a56d
2015-08-27,1.85,1.85,ft^3/s,Approved,[],2025-03-11T20:14:41.029928+00:00,4716a1279a5146ec977582a181f4a56d
2015-08-28,1.61,1.61,ft^3/s,Approved,[],2025-03-11T20:14:41.029928+00:00,4716a1279a5146ec977582a181f4a56d
2015-08-29,1.72,1.72,ft^3/s,Approved,[],2025-03-11T20:14:41.029928+00:00,4716a1279a5146ec977582a181f4a56d
2015-08-30,1.73,1.73,ft^3/s,Approved,[],2025-03-11T20:14:41.029928+00:00,4716a1279a5146ec977582a181f4a56d
2015-08-31,1.66,1.66,ft^3/s,Approved,[],2025-03-11T20:14:41.029928+00:00,4716a1279a5146ec977582a181f4a56d
2015-09-01,1.38,1.38,ft^3/s,Approved,[],2025-03-11T20:14:41.029928+00:00,4716a1279a5146ec977582a181f4a56d
2015-09-02,0.96,0.96,ft^3/s,Approved,[],2025-03-11T20:14:41.029928+00:00,4716a1279a5146ec977582a181f4a56d
2015-09-03,0.67,0.67,ft^3/s,Approved,[],2025-03-11T20:14:41.029928+00:00,4716a1279a5146ec977582a181f4a56d
2015-09-04,0.72,0.72,ft^3/s,Approved,[],2025-03-11T20:14:41.029928+00:00,4716a1279a5146ec977582a181f4a56d
2015-09-05,0.62,0.62,ft^3/s,Approved,[],2025-03-11T20:14:41.029928+00:00,4716a1279a5146ec977582a181f4a56d
2015-09-06,0.4,0.40,ft^3/s,Approved,[],2025-03-11T20:14:41.029928+00:00,4716a1279a5146ec977582a181f4a56d
2015-09-07,0.19,0.19,ft^3/s,Approved,[],2025-03-11T20:14:41.029928+00:00,4716a1279a5146ec977582a181f4a56d
2015-09-08,0.04,0.04,ft^3/s,Approved,[],2025-03-11T20:14:41.029928+00:00,4716a1279a5146ec977582a181f4a56d
2015-09-09,0.0,0.00,ft^3/s,Approved,[],2025-03-11T20:14:41.029928+00:00,4716a1279a5146ec977582a181f4a56d
2015-09-10,0.0,0.00,ft^3/s,Approved,[],2025-03-11T20:14:41.029928+00:00,4716a1279a5146ec977582a181f4a56d
2015-09-11,0.0,0.00,ft^3/s,Approved,[],2025-03-11T20:14:41.029928+00:00,4716a1279a5146ec977582a181f4a56d
2015-09-12,0.0,0.00,ft^3/s,Approved,[],2025-03-11T20:14:41.029928+00:00,4716a1279a5146ec977582a181f4a56d
2015-09-13,0.0,0.00,ft^3/s,Approved,[],2025-03-11T20:14:41.029928+00:00,4716a1279a5146ec977582a181f4a56d
2015-09-14,0.0,0.00,ft^3/s,Approved,[],2025-03-11T20:14:41.029928+00:00,4716a1279a5146ec977582a181f4a56d
2015-09-15,0.0,0.00,ft^3/s,Approved,[],2025-03-11T20:14:41.029928+00:00,4716a1279a5146ec977582a181f4a56d
2015-09-16,0.0,0.00,ft^3/s,Approved,[],2025-03-11T20:14:41.029928+00:00,4716a1279a5146ec977582a181f4a56d
2015-09-17,0.0,0.00,ft^3/s,Approved,[],2025-03-11T20:14:41.029928+00:00,4716a1279a5146ec977582a181f4a56d
2015-09-18,0.0,0.00,ft^3/s,Approved,[],2025-03-11T20:14:41.029928+00:00,4716a1279a5146ec977582a181f4a56d
2015-09-19,0.0,0.00,ft^3/s,Approved,[],2025-03-11T20:14:41.029928+00:00,4716a1279a5146ec977582a181f4a56d
2015-09-20,0.0,0.00,ft^3/s,Approved,[],2025-03-11T20:14:41.029928+00:00,4716a1279a5146ec977582a181f4a56d
2015-09-21,0.0,0.00,ft^3/s,Approved,[],2025-03-11T20:14:41.029928+00:00,4716a1279a5146ec977582a181f4a56d
2015-09-22,0.0,0.00,ft^3/s,Approved,[],2025-03-11T20:14:41.029928+00:00,4716a1279a5146ec977582a181f4a56d
2015-09-23,0.0,0.00,ft^3/s,Approved,[],2025-03-11T20:14:41.029928+00:00,4716a1279a5146ec977582a181f4a56d
2015-09-24,0.0,0.00,ft^3/s,Approved,[],2025-03-11T20:14:41.029928+00:00,4716a1279a5146ec977582a181f4a56d
2015-09-25,0.0,0.00,ft^3/s,Approved,[],2025-03-11T20:14:41.029928+00:00,4716a1279a5146ec977582a181f4a56d
2015-09-26,0.0,0.00,ft^3/s,Approved,[],2025-03-11T20:14:41.029928+00:00,4716a1279a5146ec977582a181f4a56d
2015-09-27,0.0,0.00,ft^3/s,Approved,[],2025-03-11T20:14:41.029928+00:00,4716a1279a5146ec977582a181f4a56d
2015-09-28,0.0,0.00,ft^3/s,Approved,[],2025-03-11T20:14:41.029928+00:00,4716a1279a5146ec977582a181f4a56d
2015-09-29,0.0,0.00,ft^3/s,Approved,[],2025-03-11T20:14:41.029928+00:00,4716a1279a5146ec977582a181f4a56d
2015-09-30,0.0,0.00,ft^3/s,Approved,[],2025-03-11T20:14:41.029928+00:00,4716a1279a5146ec977582a181f4a56d
2015-10-01,0.0,0.00,ft^3/s,Approved,[],2025-03-11T20:14:41.029928+00:00,4716a1279a5146ec977582a181f4a56d
2015-10-02,0.0,0.00,ft^3/s,Approved,[],2025-03-11T20:14:41.029928+00:00,4716a1279a5146ec977582a181f4a56d
2015-10-03,0.0,0.00,ft^3/s,Approved,[],2025-03-11T20:14:41.029928+00:00,4716a1279a5146ec977582a181f4a56d
2015-10-04,0.0,0.00,ft^3/s,Approved,[],2025-03-11T20:14:41.029928+00:00,4716a1279a5146ec977582a181f4a56d
2015-10-05,0.0,0.00,ft^3/s,Approved,[],2025-03-11T20:14:41.029928+00:00,4716a1279a5146ec977582a181f4a56d
2015-10-06,0.0,0.00,ft^3/s,Approved,[],2025-03-11T20:14:41.029928+00:00,4716a1279a5146ec977582a181f4a56d
2015-10-07,0.0,0.00,ft^3/s,Approved,[],2025-03-11T20:14:41.029928+00:00,4716a1279a5146ec977582a181f4a56d
2015-10-08,0.0,0.00,ft^3/s,Approved,[],2025-03-11T20:14:41.029928+00:00,4716a1279a5146ec977582a181f4a56d
2015-10-09,0.0,0.00,ft^3/s,Approved,[],2025-03-11T20:14:41.029928+00:00,4716a1279a5146ec977582a181f4a56d
2015-10-10,0.0,0.00,ft^3/s,Approved,[],2025-03-11T20:14:41.029928+00:00,4716a1279a5146ec977582a181f4a56d
2015-10-11,0.0,0.00,ft^3/s,Approved,[],2025-03-11T20:14:41.029928+00:00,4716a1279a5146ec977582a181f4a56d
2015-10-12,0.0,0.00,ft^3/s,Approved,[],2025-03-11T20:14:41.029928+00:00,4716a1279a5146ec977582a181f4a56d
2015-10-13,0.0,0.00,ft^3/s,Approved,[],2025-03-11T20:14:41.029928+00:00,4716a1279a5146ec977582a181f4a56d
2015-10-14,0.0,0.00,ft^3/s,Approved,[],2025-03-11T20:14:41.029928+00:00,4716a1279a5146ec977582a181f4a56d
2015-10-15,0.0,0.00,ft^3/s,Approved,[],2025-03-11T20:14:41.029928+00:00,4716a1279a5146ec977582a181f4a56d
2015-10-16,0.0,0.00,ft^3/s,Approved,[],2025-03-11T20:14:41.029928+00:00,4716a1279a5146ec977582a181f4a56d
2015-10-17,0.0,0.00,ft^3/s,Approved,[],2025-03-11T20:14:41.029928+00:00,4716a1279a5146ec977582a181f4a56d
2015-10-18,0.0,0.00,ft^3/s,Approved,[],2025-03-11T20:14:41.029928+00:00,4716a1279a5146ec977582a181f4a56d
2015-10-19,0.0,0.00,ft^3/s,Approved,[],2025-03-11T20:14:41.029928+00:00,4716a1279a5146ec977582a181f4a56d
2015-10-20,0.0,0.00,ft^3/s,Approved,[],2025-03-11T20:14:41.029928+00:00,4716a1279a5146ec977582a181f4a56d
2015-10-21,0.0,0.00,ft^3/s,Approved,[],2025-03-11T20:14:41.029928+00:00,4716a1279a5146ec977582a181f4a56d
2015-10-22,0.0,0.00,ft^3/s,Approved,[],2025-03-11T20:14:41.029928+00:00,4716a1279a5146ec977582a181f4a56d
2015-10-23,0.0,0.00,ft^3/s,Approved,[],2025-03-11T20:14:41.029928+00:00,4716a1279a5146ec977582a181f4a56d
2015-10-24,92.8,92.8,ft^3/s,Approved,[],2025-03-11T20:14:41.029928+00:00,4716a1279a5146ec977582a181f4a56d
2015-10-25,13.7,13.7,ft^3/s,Approved,[],2025-03-11T20:14:41.029928+00:00,4716a1279a5146ec977582a181f4a56d
2015-10-26,1.96,1.96,ft^3/s,Approved,[],2025-03-11T20:14:41.029928+00:00,4716a1279a5146ec977582a181f4a56d
2015-10-27,0.38,0.38,ft^3/s,Approved,[],2025-03-11T20:14:41.029928+00:00,4716a1279a5146ec977582a181f4a56d
2015-10-28,0.03,0.03,ft^3/s,Approved,[],2025-03-11T20:14:41.029928+00:00,4716a1279a5146ec977582a181f4a56d
2015-10-29,0.0,0.00,ft^3/s,Approved,[],2025-03-11T20:14:41.029928+00:00,4716a1279a5146ec977582a181f4a56d
2015-10-30,1210.0,1210,ft^3/s,Approved,[],2025-03-11T20:14:41.029928+00:00,4716a1279a5146ec977582a181f4a56d
2015-10-31,548.0,548,ft^3/s,Approved,[],2025-03-11T20:14:41.029928+00:00,4716a1279a5146ec977582a181f4a56d
2015-11-01,59.3,59.3,ft^3/s,Approved,[],2025-03-11T20:14:41.029928+00:00,4716a1279a5146ec977582a181f4a56d
2015-11-02,17.6,17.6,ft^3/s,Approved,[],2025-03-11T20:14:41.029928+00:00,4716a1279a5146ec977582a181f4a56d
2015-11-03,13.3,13.3,ft^3/s,Approved,[],2025-03-11T20:14:41.029928+00:00,4716a1279a5146ec977582a181f4a56d
2015-11-04,12.4,12.4,ft^3/s,Approved,[],2025-03-11T20:14:41.029928+00:00,4716a1279a5146ec977582a181f4a56d
2015-11-05,14.1,14.1,ft^3/s,Approved,[],2025-03-11T20:14:41.029928+00:00,4716a1279a5146ec977582a181f4a56d
2015-11-06,37.0,37.0,ft^3/s,Approved,[],2025-03-11T20:14:41.029928+00:00,4716a1279a5146ec977582a181f4a56d
2015-11-07,58.9,58.9,ft^3/s,Approved,[],2025-03-11T20:14:41.029928+00:00,4716a1279a5146ec977582a181f4a56d
2015-11-08,33.2,33.2,ft^3/s,Approved,[],2025-03-11T20:14:41.029928+00:00,4716a1279a5146ec977582a181f4a56d
2015-11-09,22.9,22.9,ft^3/s,Approved,[],2025-03-11T20:14:41.029928+00:00,4716a1279a5146ec977582a181f4a56d
2015-11-10,18.3,18.3,ft^3/s,Approved,[],2025-03-11T20:14:41.029928+00:00,4716a1279a5146ec977582a181f4a56d
2015-11-11,17.5,17.5,ft^3/s,Approved,[],2025-03-11T20:14:41.029928+00:00,4716a1279a5146ec977582a181f4a56d
2015-11-12,16.1,16.1,ft^3/s,Approved,[],2025-03-11T20:14:41.029928+00:00,4716a1279a5146ec977582a181f4a56d
2015-11-13,15.5,15.5,ft^3/s,Approved,[],2025-03-11T20:14:41.029928+00:00,4716a1279a5146ec977582a181f4a56d
2015-11-14,15.9,15.9,ft^3/s,Approved,[],2025-03-11T20:14:41.029928+00:00,4716a1279a5146ec977582a181f4a56d
2015-11-15,16.9,16.9,ft^3/s,Approved,[],2025-03-11T20:14:41.029928+00:00,4716a1279a5146ec977582a181f4a56d
2015-11-16,15.8,15.8,ft^3/s,Approved,[],2025-03-11T20:14:41.029928+00:00,4716a1279a5146ec977582a181f4a56d
2015-11-17,39.2,39.2,ft^3/s,Approved,[],2025-03-11T20:14:41.029928+00:00,4716a1279a5146ec977582a181f4a56d
2015-11-18,48.8,48.8,ft^3/s,Approved,[],2025-03-11T20:14:41.029928+00:00,4716a1279a5146ec977582a181f4a56d
2015-11-19,24.2,24.2,ft^3/s,Approved,[],2025-03-11T20:14:41.029928+00:00,4716a1279a5146ec977582a181f4a56d
2015-11-20,20.7,20.7,ft^3/s,Approved,[],2025-03-11T20:14:41.029928+00:00,4716a1279a5146ec977582a181f4a56d
2015-11-21,19.1,19.1,ft^3/s,Approved,[],2025-03-11T20:14:41.029928+00:00,4716a1279a5146ec977582a181f4a56d
2015-11-22,17.5,17.5,ft^3/s,Approved,[],2025-03-11T20:14:41.029928+00:00,4716a1279a5146ec977582a181f4a56d
2015-11-23,16.9,16.9,ft^3/s,Approved,[],2025-03-11T20:14:41.029928+00:00,4716a1279a5146ec977582a181f4a56d
2015-11-24,17.1,17.1,ft^3/s,Approved,[],2025-03-11T20:14:41.029928+00:00,4716a1279a5146ec977582a181f4a56d
2015-11-25,17.4,17.4,ft^3/s,Approved,[],2025-03-11T20:14:41.029928+00:00,4716a1279a5146ec977582a181f4a56d
2015-11-26,18.0,18.0,ft^3/s,Approved,[],2025-03-11T20:14:41.029928+00:00,4716a1279a5146ec977582a181f4a56d
2015-11-27,30.7,30.7,ft^3/s,Approved,[],2025-03-11T20:14:41.029928+00:00,4716a1279a5146ec977582a181f4a56d
2015-11-28,339.0,339,ft^3/s,Approved,[],2025-03-11T20:14:41.029928+00:00,4716a1279a5146ec977582a181f4a56d
2015-11-29,166.0,166,ft^3/s,Approved,[],2025-03-11T20:14:41.029928+00:00,4716a1279a5146ec977582a181f4a56d
2015-11-30,119.0,119,ft^3/s,Approved,[],2025-03-11T20:14:41.029928+00:00,4716a1279a5146ec977582a181f4a56d
2015-12-01,75.8,75.8,ft^3/s,Approved,[],2025-03-11T20:14:41.029928+00:00,4716a1279a5146ec977582a181f4a56d
2015-12-02,58.0,58.0,ft^3/s,Approved,[],2025-03-11T20:14:41.029928+00:00,4716a1279a5146ec977582a181f4a56d
2015-12-03,45.6,45.6,ft^3/s,Approved,[],2025-03-11T20:14:41.029928+00:00,4716a1279a5146ec977582a181f4a56d
2015-12-04,40.3,40.3,ft^3/s,Approved,[],2025-03-11T20:14:41.029928+00:00,4716a1279a5146ec977582a181f4a56d
2015-12-05,37.5,37.5,ft^3/s,Approved,[],2025-03-11T20:14:41.029928+00:00,4716a1279a5146ec977582a181f4a56d
2015-12-06,35.9,35.9,ft^3/s,Approved,[],2025-03-11T20:14:41.029928+00:00,4716a1279a5146ec977582a181f4a56d
2015-12-07,34.3,34.3,ft^3/s,Approved,[],2025-03-11T20:14:41.029928+00:00,4716a1279a5146ec977582a181f4a56d
2015-12-08,33.6,33.6,ft^3/s,Approved,[],2025-03-11T20:14:41.029928+00:00,4716a1279a5146ec977582a181f4a56d
2015-12-09,32.9,32.9,ft^3/s,Approved,[],2025-03-11T20:14:41.029928+00:00,4716a1279a5146ec977582a181f4a56d
2015-12-10,31.5,31.5,ft^3/s,Approved,[],2025-03-11T20:14:41.029928+00:00,4716a1279a5146ec977582a181f4a56d
2015-12-11,30.7,30.7,ft^3/s,Approved,[],2025-03-11T20:14:41.029928+00:00,4716a1279a5146ec977582a181f4a56d
2015-12-12,29.6,29.6,ft^3/s,Approved,[],2025-03-11T20:14:41.029928+00:00,4716a1279a5146ec977582a181f4a56d
2015-12-13,264.0,264,ft^3/s,Approved,[],2025-03-11T20:14:41.029928+00:00,4716a1279a5146ec977582a181f4a56d
2015-12-14,112.0,112,ft^3/s,Approved,[],2025-03-11T20:14:41.029928+00:00,4716a1279a5146ec977582a181f4a56d
2015-12-15,56.7,56.7,ft^3/s,Approved,[],2025-03-11T20:14:41.029928+00:00,4716a1279a5146ec977582a181f4a56d
2015-12-16,45.9,45.9,ft^3/s,Approved,[],2025-03-11T20:14:41.029928+00:00,4716a1279a5146ec977582a181f4a56d
2015-12-17,38.5,38.5,ft^3/s,Approved,[],2025-03-11T20:14:41.029928+00:00,4716a1279a5146ec977582a181f4a56d
2015-12-18,34.0,34.0,ft^3/s,Approved,[],2025-03-11T20:14:41.029928+00:00,4716a1279a5146ec977582a181f4a56d
2015-12-19,30.9,30.9,ft^3/s,Approved,[],2025-03-11T20:14:41.029928+00:00,4716a1279a5146ec977582a181f4a56d
2015-12-20,31.3,31.3,ft^3/s,Approved,[],2025-03-11T20:14:41.029928+00:00,4716a1279a5146ec977582a181f4a56d
2015-12-21,32.0,32.0,ft^3/s,Approved,[],2025-03-11T20:14:41.029928+00:00,4716a1279a5146ec977582a181f4a56d
2015-12-22,30.5,30.5,ft^3/s,Approved,[],2025-03-11T20:14:41.029928+00:00,4716a1279a5146ec977582a181f4a56d
2015-12-23,29.1,29.1,ft^3/s,Approved,[],2025-03-11T20:14:41.029928+00:00,4716a1279a5146ec977582a181f4a56d
2015-12-24,26.0,26.0,ft^3/s,Approved,[],2025-03-11T20:14:41.029928+00:00,4716a1279a5146ec977582a181f4a56d
2015-12-25,23.9,23.9,ft^3/s,Approved,[],2025-03-11T20:14:41.029928+00:00,4716a1279a5146ec977582a181f4a56d
2015-12-26,23.8,23.8,ft^3/s,Approved,[],2025-03-11T20:14:41.029928+00:00,4716a1279a5146ec977582a181f4a56d
2015-12-27,50.8,50.8,ft^3/s,Approved,[],2025-03-11T20:14:41.029928+00:00,4716a1279a5146ec977582a181f4a56d
2015-12-28,89.3,89.3,ft^3/s,Approved,[],2025-03-11T20:14:41.029928+00:00,4716a1279a5146ec977582a181f4a56d
2015-12-29,42.9,42.9,ft^3/s,Approved,[],2025-03-11T20:14:41.029928+00:00,4716a1279a5146ec977582a181f4a56d
2015-12-30,32.4,32.4,ft^3/s,Approved,[],2025-03-11T20:14:41.029928+00:00,4716a1279a5146ec977582a181f4a56d
2015-12-31,29.3,29.3,ft^3/s,Approved,[],2025-03-11T20:14:41.029928+00:00,4716a1279a5146ec977582a181f4a56d
2016-01-01,27.3,27.3,ft^3/s,Approved,[],2025-03-11T20:14:41.029928+00:00,4716a1279a5146ec977582a181f4a56d
2016-01-02,25.0,25.0,ft^3/s,Approved,[],2025-03-11T20:14:41.029928+00:00,4716a1279a5146ec977582a181f4a56d
2016-01-03,25.0,25.0,ft^3/s,Approved,[],2025-03-11T20:14:41.029928+00:00,4716a1279a5146ec977582a181f4a56d
2016-01-04,24.1,24.1,ft^3/s,Approved,[],2025-03-11T20:14:41.029928+00:00,4716a1279a5146ec977582a181f4a56d
2016-01-05,22.8,22.8,ft^3/s,Approved,[],2025-03-11T20:14:41.029928+00:00,4716a1279a5146ec977582a181f4a56d
2016-01-06,23.2,23.2,ft^3/s,Approved,[],2025-03-11T20:14:41.029928+00:00,4716a1279a5146ec977582a181f4a56d
2016-01-07,26.5,26.5,ft^3/s,Approved,[],2025-03-11T20:14:41.029928+00:00,4716a1279a5146ec977582a181f4a56d
2016-01-08,26.9,26.9,ft^3/s,Approved,[],2025-03-11T20:14:41.029928+00:00,4716a1279a5146ec977582a181f4a56d
2016-01-09,23.8,23.8,ft^3/s,Approved,[],2025-03-11T20:14:41.029928+00:00,4716a1279a5146ec977582a181f4a56d
2016-01-10,21.9,21.9,ft^3/s,Approved,[],2025-03-11T20:14:41.029928+00:00,4716a1279a5146ec977582a181f4a56d
2016-01-11,20.6,20.6,ft^3/s,Approved,[],2025-03-11T20:14:41.029928+00:00,4716a1279a5146ec977582a181f4a56d
2016-01-12,21.1,21.1,ft^3/s,Approved,[],2025-03-11T20:14:41.029928+00:00,4716a1279a5146ec977582a181f4a56d
2016-01-13,20.7,20.7,ft^3/s,Approved,[],2025-03-11T20:14:41.029928+00:00,4716a1279a5146ec977582a181f4a56d
2016-01-14,20.7,20.7,ft^3/s,Approved,[],2025-03-11T20:14:41.029928+00:00,4716a1279a5146ec977582a181f4a56d
2016-01-15,21.9,21.9,ft^3/s,Approved,[],2025-03-11T20:14:41.029928+00:00,4716a1279a5146ec977582a181f4a56d
2016-01-16,20.6,20.6,ft^3/s,Approved,[],2025-03-11T20:14:41.029928+00:00,4716a1279a5146ec977582a181f4a56d
2016-01-17,19.5,19.5,ft^3/s,Approved,[],2025-03-11T20:14:41.029928+00:00,4716a1279a5146ec977582a181f4a56d
2016-01-18,18.4,18.4,ft^3/s,Approved,[],2025-03-11T20:14:41.029928+00:00,4716a1279a5146ec977582a181f4a56d
2016-01-19,18.5,18.5,ft^3/s,Approved,[],2025-03-11T20:14:41.029928+00:00,4716a1279a5146ec977582a181f4a56d
2016-01-20,18.7,18.7,ft^3/s,Approved,[],2025-03-11T20:14:41.029928+00:00,4716a1279a5146ec977582a181f4a56d
2016-01-21,18.5,18.5,ft^3/s,Approved,[],2025-03-11T20:14:41.029928+00:00,4716a1279a5146ec977582a181f4a56d
2016-01-22,17.7,17.7,ft^3/s,Approved,[],2025-03-11T20:14:41.029928+00:00,4716a1279a5146ec977582a181f4a56d
2016-01-23,16.7,16.7,ft^3/s,Approved,[],2025-03-11T20:14:41.029928+00:00,4716a1279a5146ec977582a181f4a56d
2016-01-24,16.3,16.3,ft^3/s,Approved,[],2025-03-11T20:14:41.029928+00:00,4716a1279a5146ec977582a181f4a56d
2016-01-25,16.5,16.5,ft^3/s,Approved,[],2025-03-11T20:14:41.029928+00:00,4716a1279a5146ec977582a181f4a56d
2016-01-26,15.1,15.1,ft^3/s,Approved,[],2025-03-11T20:14:41.029928+00:00,4716a1279a5146ec977582a181f4a56d
2016-01-27,13.4,13.4,ft^3/s,Approved,[],2025-03-11T20:14:41.029928+00:00,4716a1279a5146ec977582a181f4a56d
2016-01-28,13.0,13.0,ft^3/s,Approved,[],2025-03-11T20:14:41.029928+00:00,4716a1279a5146ec977582a181f4a56d
2016-01-29,13.0,13.0,ft^3/s,Approved,[],2025-03-11T20:14:41.029928+00:00,4716a1279a5146ec977582a181f4a56d
2016-01-30,12.5,12.5,ft^3/s,Approved,[],2025-03-11T20:14:41.029928+00:00,4716a1279a5146ec977582a181f4a56d
2016-01-31,11.3,11.3,ft^3/s,Approved,[],2025-03-11T20:14:41.029928+00:00,4716a1279a5146ec977582a181f4a56d
2016-02-01,10.6,10.6,ft^3/s,Approved,[],2025-03-11T20:14:41.029928+00:00,4716a1279a5146ec977582a181f4a56d
2016-02-02,9.9,9.90,ft^3/s,Approved,[],2025-03-11T20:14:41.029928+00:00,4716a1279a5146ec977582a181f4a56d
2016-02-03,9.05,9.05,ft^3/s,Approved,[],2025-03-11T20:14:41.029928+00:00,4716a1279a5146ec977582a181f4a56d
2016-02-04,8.5,8.50,ft^3/s,Approved,[],2025-03-11T20:14:41.029928+00:00,4716a1279a5146ec977582a181f4a56d
2016-02-05,7.93,7.93,ft^3/s,Approved,[],2025-03-11T20:14:41.029928+00:00,4716a1279a5146ec977582a181f4a56d
2016-02-06,7.6,7.60,ft^3/s,Approved,[],2025-03-11T20:14:41.029928+00:00,4716a1279a5146ec977582a181f4a56d
2016-02-07,7.08,7.08,ft^3/s,Approved,[],2025-03-11T20:14:41.029928+00:00,4716a1279a5146ec977582a181f4a56d
2016-02-08,6.57,6.57,ft^3/s,Approved,[],2025-03-11T20:14:41.029928+00:00,4716a1279a5146ec977582a181f4a56d
2016-02-09,6.01,6.01,ft^3/s,Approved,[],2025-03-11T20:14:41.029928+00:00,4716a1279a5146ec977582a181f4a56d
2016-02-10,5.83,5.83,ft^3/s,Approved,[],2025-03-11T20:14:41.029928+00:00,4716a1279a5146ec977582a181f4a56d
2016-02-11,5.76,5.76,ft^3/s,Approved,[],2025-03-11T20:14:41.029928+00:00,4716a1279a5146ec977582a181f4a56d
2016-02-12,5.33,5.33,ft^3/s,Approved,[],2025-03-11T20:14:41.029928+00:00,4716a1279a5146ec977582a181f4a56d
2016-02-13,4.91,4.91,ft^3/s,Approved,[],2025-03-11T20:14:41.029928+00:00,4716a1279a5146ec977582a181f4a56d
2016-02-14,4.98,4.98,ft^3/s,Approved,[],2025-03-11T20:14:41.029928+00:00,4716a1279a5146ec977582a181f4a56d
2016-02-15,4.74,4.74,ft^3/s,Approved,[],2025-03-11T20:14:41.029928+00:00,4716a1279a5146ec977582a181f4a56d
2016-02-16,4.4,4.40,ft^3/s,Approved,[],2025-03-11T20:14:41.029928+00:00,4716a1279a5146ec977582a181f4a56d
2016-02-17,4.22,4.22,ft^3/s,Approved,[],2025-03-11T20:14:41.029928+00:00,4716a1279a5146ec977582a181f4a56d
2016-02-18,4.28,4.28,ft^3/s,Approved,[],2025-03-11T20:14:41.029928+00:00,4716a1279a5146ec977582a181f4a56d
2016-02-19,4.24,4.24,ft^3/s,Approved,[],2025-03-11T20:14:41.029928+00:00,4716a1279a5146ec977582a181f4a56d
2016-02-20,3.95,3.95,ft^3/s,Approved,[],2025-03-11T20:14:41.029928+00:00,4716a1279a5146ec977582a181f4a56d
2016-02-21,3.59,3.59,ft^3/s,Approved,[],2025-03-11T20:14:41.029928+00:00,4716a1279a5146ec977582a181f4a56d
2016-02-22,3.29,3.29,ft^3/s,Approved,[],2025-03-11T20:14:41.029928+00:00,4716a1279a5146ec977582a181f4a56d
2016-02-23,30.6,30.6,ft^3/s,Approved,[],2025-03-11T20:14:41.029928+00:00,4716a1279a5146ec977582a181f4a56d
2016-02-24,14.7,14.7,ft^3/s,Approved,[],2025-03-11T20:14:41.029928+00:00,4716a1279a5146ec977582a181f4a56d
2016-02-25,4.9,4.90,ft^3/s,Approved,[],2025-03-11T20:14:41.029928+00:00,4716a1279a5146ec977582a181f4a56d
2016-02-26,3.27,3.27,ft^3/s,Approved,[],2025-03-11T20:14:41.029928+00:00,4716a1279a5146ec977582a181f4a56d
2016-02-27,2.94,2.94,ft^3/s,Approved,[],2025-03-11T20:14:41.029928+00:00,4716a1279a5146ec977582a181f4a56d
2016-02-28,2.95,2.95,ft^3/s,Approved,[],2025-03-11T20:14:41.029928+00:00,4716a1279a5146ec977582a181f4a56d
2016-02-29,2.82,2.82,ft^3/s,Approved,[],2025-03-11T20:14:41.029928+00:00,4716a1279a5146ec977582a181f4a56d
2016-03-01,2.66,2.66,ft^3/s,Approved,[],2025-03-11T20:14:41.029928+00:00,4716a1279a5146ec977582a181f4a56d
2016-03-02,2.49,2.49,ft^3/s,Approved,[],2025-03-11T20:14:41.029928+00:00,4716a1279a5146ec977582a181f4a56d
2016-03-03,2.52,2.52,ft^3/s,Approved,[],2025-03-11T20:14:41.029928+00:00,4716a1279a5146ec977582a181f4a56d
2016-03-04,2.29,2.29,ft^3/s,Approved,[],2025-03-11T20:14:41.029928+00:00,4716a1279a5146ec977582a181f4a56d
2016-03-05,2.11,2.11,ft^3/s,Approved,[],2025-03-11T20:14:41.029928+00:00,4716a1279a5146ec977582a181f4a56d
2016-03-06,1.83,1.83,ft^3/s,Approved,[],2025-03-11T20:14:41.029928+00:00,4716a1279a5146ec977582a181f4a56d
2016-03-07,1.72,1.72,ft^3/s,Approved,[],2025-03-11T20:14:41.029928+00:00,4716a1279a5146ec977582a181f4a56d
2016-03-08,126.0,126,ft^3/s,Approved,[],2025-03-11T20:14:41.029928+00:00,4716a1279a5146ec977582a181f4a56d
2016-03-09,139.0,139,ft^3/s,Approved,[],2025-03-11T20:14:41.029928+00:00,4716a1279a5146ec977582a181f4a56d
2016-03-10,241.0,241,ft^3/s,Approved,[],2025-03-11T20:14:41.029928+00:00,4716a1279a5146ec977582a181f4a56d
2016-03-11,581.0,581,ft^3/s,Approved,[],2025-03-11T20:14:41.029928+00:00,4716a1279a5146ec977582a181f4a56d
2016-03-12,353.0,353,ft^3/s,Approved,[],2025-03-11T20:14:41.029928+00:00,4716a1279a5146ec977582a181f4a56d
2016-03-13,117.0,117,ft^3/s,Approved,[],2025-03-11T20:14:41.029928+00:00,4716a1279a5146ec977582a181f4a56d
2016-03-14,74.0,74.0,ft^3/s,Approved,[],2025-03-11T20:14:41.029928+00:00,4716a1279a5146ec977582a181f4a56d
2016-03-15,55.1,55.1,ft^3/s,Approved,[],2025-03-11T20:14:41.029928+00:00,4716a1279a5146ec977582a181f4a56d
2016-03-16,43.8,43.8,ft^3/s,Approved,[],2025-03-11T20:14:41.029928+00:00,4716a1279a5146ec977582a181f4a56d
2016-03-17,38.4,38.4,ft^3/s,Approved,[],2025-03-11T20:14:41.029928+00:00,4716a1279a5146ec977582a181f4a56d
2016-03-18,34.7,34.7,ft^3/s,Approved,[],2025-03-11T20:14:41.029928+00:00,4716a1279a5146ec977582a181f4a56d
2016-03-19,32.1,32.1,ft^3/s,Approved,[],2025-03-11T20:14:41.029928+00:00,4716a1279a5146ec977582a181f4a56d
2016-03-20,27.7,27.7,ft^3/s,Approved,[],2025-03-11T20:14:41.029928+00:00,4716a1279a5146ec977582a181f4a56d
2016-03-21,25.7,25.7,ft^3/s,Approved,[],2025-03-11T20:14:41.029928+00:00,4716a1279a5146ec977582a181f4a56d
2016-03-22,24.9,24.9,ft^3/s,Approved,[],2025-03-11T20:14:41.029928+00:00,4716a1279a5146ec977582a181f4a56d
2016-03-23,24.1,24.1,ft^3/s,Approved,[],2025-03-11T20:14:41.029928+00:00,4716a1279a5146ec977582a181f4a56d
2016-03-24,22.5,22.5,ft^3/s,Approved,[],2025-03-11T20:14:41.029928+00:00,4716a1279a5146ec977582a181f4a56d
2016-03-25,20.0,20.0,ft^3/s,Approved,[],2025-03-11T20:14:41.029928+00:00,4716a1279a5146ec977582a181f4a56d
2016-03-26,19.1,19.1,ft^3/s,Approved,[],2025-03-11T20:14:41.029928+00:00,4716a1279a5146ec977582a181f4a56d
2016-03-27,18.3,18.3,ft^3/s,Approved,[],2025-03-11T20:14:41.029928+00:00,4716a1279a5146ec977582a181f4a56d
2016-03-28,16.6,16.6,ft^3/s,Approved,[],2025-03-11T20:14:41.029928+00:00,4716a1279a5146ec977582a181f4a56d
2016-03-29,15.5,15.5,ft^3/s,Approved,[],2025-03-11T20:14:41.029928+00:00,4716a1279a5146ec977582a181f4a56d
2016-03-30,16.6,16.6,ft^3/s,Approved,[],2025-03-11T20:14:41.029928+00:00,4716a1279a5146ec977582a181f4a56d
2016-03-31,18.4,18.4,ft^3/s,Approved,[],2025-03-11T20:14:41.029928+00:00,4716a1279a5146ec977582a181f4a56d
2016-04-01,17.8,17.8,ft^3/s,Approved,[],2025-03-11T20:14:41.029928+00:00,4716a1279a5146ec977582a181f4a56d
2016-04-02,16.7,16.7,ft^3/s,Approved,[],2025-03-11T20:14:41.029928+00:00,4716a1279a5146ec977582a181f4a56d
2016-04-03,15.1,15.1,ft^3/s,Approved,[],2025-03-11T20:14:41.029928+00:00,4716a1279a5146ec977582a181f4a56d
2016-04-04,13.7,13.7,ft^3/s,Approved,[],2025-03-11T20:14:41.029928+00:00,4716a1279a5146ec977582a181f4a56d
2016-04-05,12.7,12.7,ft^3/s,Approved,[],2025-03-11T20:14:41.029928+00:00,4716a1279a5146ec977582a181f4a56d
2016-04-06,11.8,11.8,ft^3/s,Approved,[],2025-03-11T20:14:41.029928+00:00,4716a1279a5146ec977582a181f4a56d
2016-04-07,10.8,10.8,ft^3/s,Approved,[],2025-03-11T20:14:41.029928+00:00,4716a1279a5146ec977582a181f4a56d
2016-04-08,10.1,10.1,ft^3/s,Approved,[],2025-03-11T20:14:41.029928+00:00,4716a1279a5146ec977582a181f4a56d
2016-04-09,9.56,9.56,ft^3/s,Approved,[],2025-03-11T20:14:41.029928+00:00,4716a1279a5146ec977582a181f4a56d
2016-04-10,9.26,9.26,ft^3/s,Approved,[],2025-03-11T20:14:41.029928+00:00,4716a1279a5146ec977582a181f4a56d
2016-04-11,9.08,9.08,ft^3/s,Approved,[],2025-03-11T20:14:41.029928+00:00,4716a1279a5146ec977582a181f4a56d
2016-04-12,10.5,10.5,ft^3/s,Approved,[],2025-03-11T20:14:41.029928+00:00,4716a1279a5146ec977582a181f4a56d
2016-04-13,98.1,98.1,ft^3/s,Approved,[],2025-03-11T20:14:41.029928+00:00,4716a1279a5146ec977582a181f4a56d
2016-04-14,26.5,26.5,ft^3/s,Approved,[],2025-03-11T20:14:41.029928+00:00,4716a1279a5146ec977582a181f4a56d
2016-04-15,15.6,15.6,ft^3/s,Approved,[],2025-03-11T20:14:41.029928+00:00,4716a1279a5146ec977582a181f4a56d
2016-04-16,13.2,13.2,ft^3/s,Approved,[],2025-03-11T20:14:41.029928+00:00,4716a1279a5146ec977582a181f4a56d
2016-04-17,201.0,201,ft^3/s,Approved,[],2025-03-11T20:14:41.029928+00:00,4716a1279a5146ec977582a181f4a56d
2016-04-18,667.0,667,ft^3/s,Approved,[],2025-03-11T20:14:41.029928+00:00,4716a1279a5146ec977582a181f4a56d
2016-04-19,217.0,217,ft^3/s,Approved,[],2025-03-11T20:14:41.029928+00:00,4716a1279a5146ec977582a181f4a56d
2016-04-20,131.0,131,ft^3/s,Approved,[],2025-03-11T20:14:41.029928+00:00,4716a1279a5146ec977582a181f4a56d
2016-04-21,138.0,138,ft^3/s,Approved,[],2025-03-11T20:14:41.029928+00:00,4716a1279a5146ec977582a181f4a56d
2016-04-22,125.0,125,ft^3/s,Approved,[],2025-03-11T20:14:41.029928+00:00,4716a1279a5146ec977582a181f4a56d
2016-04-23,71.0,71.0,ft^3/s,Approved,[],2025-03-11T20:14:41.029928+00:00,4716a1279a5146ec977582a181f4a56d
2016-04-24,58.0,58.0,ft^3/s,Approved,[],2025-03-11T20:14:41.029928+00:00,4716a1279a5146ec977582a181f4a56d
2016-04-25,52.4,52.4,ft^3/s,Approved,[],2025-03-11T20:14:41.029928+00:00,4716a1279a5146ec977582a181f4a56d
2016-04-26,47.7,47.7,ft^3/s,Approved,[],2025-03-11T20:14:41.029928+00:00,4716a1279a5146ec977582a181f4a56d
2016-04-27,855.0,855,ft^3/s,Approved,[],2025-03-11T20:14:41.029928+00:00,4716a1279a5146ec977582a181f4a56d
2016-04-28,130.0,130,ft^3/s,Approved,[],2025-03-11T20:14:41.029928+00:00,4716a1279a5146ec977582a181f4a56d
2016-04-29,69.1,69.1,ft^3/s,Approved,[],2025-03-11T20:14:41.029928+00:00,4716a1279a5146ec977582a181f4a56d
2016-04-30,64.4,64.4,ft^3/s,Approved,[],2025-03-11T20:14:41.029928+00:00,4716a1279a5146ec977582a181f4a56d
2016-05-01,59.8,59.8,ft^3/s,Approved,[],2025-03-11T20:14:41.029928+00:00,4716a1279a5146ec977582a181f4a56d
2016-05-02,46.5,46.5,ft^3/s,Approved,[],2025-03-11T20:14:41.029928+00:00,4716a1279a5146ec977582a181f4a56d
2016-05-03,43.0,43.0,ft^3/s,Approved,[],2025-03-11T20:14:41.029928+00:00,4716a1279a5146ec977582a181f4a56d
2016-05-04,40.1,40.1,ft^3/s,Approved,[],2025-03-11T20:14:41.029928+00:00,4716a1279a5146ec977582a181f4a56d
2016-05-05,35.7,35.7,ft^3/s,Approved,[],2025-03-11T20:14:41.029928+00:00,4716a1279a5146ec977582a181f4a56d
2016-05-06,32.5,32.5,ft^3/s,Approved,[],2025-03-11T20:14:41.029928+00:00,4716a1279a5146ec977582a181f4a56d
2016-05-07,28.8,28.8,ft^3/s,Approved,[],2025-03-11T20:14:41.029928+00:00,4716a1279a5146ec977582a181f4a56d
2016-05-08,26.6,26.6,ft^3/s,Approved,[],2025-03-11T20:14:41.029928+00:00,4716a1279a5146ec977582a181f4a56d
2016-05-09,26.6,26.6,ft^3/s,Approved,[],2025-03-11T20:14:41.029928+00:00,4716a1279a5146ec977582a181f4a56d
2016-05-10,25.7,25.7,ft^3/s,Approved,[],2025-03-11T20:14:41.029928+00:00,4716a1279a5146ec977582a181f4a56d
2016-05-11,59.8,59.8,ft^3/s,Approved,[],2025-03-11T20:14:41.029928+00:00,4716a1279a5146ec977582a181f4a56d
2016-05-12,32.0,32.0,ft^3/s,Approved,[],2025-03-11T20:14:41.029928+00:00,4716a1279a5146ec977582a181f4a56d
2016-05-13,26.3,26.3,ft^3/s,Approved,[],2025-03-11T20:14:41.029928+00:00,4716a1279a5146ec977582a181f4a56d
2016-05-14,163.0,163,ft^3/s,Approved,[],2025-03-11T20:14:41.029928+00:00,4716a1279a5146ec977582a181f4a56d
2016-05-15,163.0,163,ft^3/s,Approved,[],2025-03-11T20:14:41.029928+00:00,4716a1279a5146ec977582a181f4a56d
2016-05-16,63.9,63.9,ft^3/s,Approved,[],2025-03-11T20:14:41.029928+00:00,4716a1279a5146ec977582a181f4a56d
2016-05-17,45.4,45.4,ft^3/s,Approved,[],2025-03-11T20:14:41.029928+00:00,4716a1279a5146ec977582a181f4a56d
2016-05-18,44.8,44.8,ft^3/s,Approved,[],2025-03-11T20:14:41.029928+00:00,4716a1279a5146ec977582a181f4a56d
2016-05-19,1440.0,1440,ft^3/s,Approved,[],2025-03-11T20:14:41.029928+00:00,4716a1279a5146ec977582a181f4a56d
2016-05-20,318.0,318,ft^3/s,Approved,[],2025-03-11T20:14:41.029928+00:00,4716a1279a5146ec977582a181f4a56d
2016-05-21,127.0,127,ft^3/s,Approved,[],2025-03-11T20:14:41.029928+00:00,4716a1279a5146ec977582a181f4a56d
2016-05-22,100.0,100,ft^3/s,Approved,[],2025-03-11T20:14:41.029928+00:00,4716a1279a5146ec977582a181f4a56d
2016-05-23,87.2,87.2,ft^3/s,Approved,[],2025-03-11T20:14:41.029928+00:00,4716a1279a5146ec977582a181f4a56d
2016-05-24,80.4,80.4,ft^3/s,Approved,[],2025-03-11T20:14:41.029928+00:00,4716a1279a5146ec977582a181f4a56d
2016-05-25,71.8,71.8,ft^3/s,Approved,[],2025-03-11T20:14:41.029928+00:00,4716a1279a5146ec977582a181f4a56d
2016-05-26,68.6,68.6,ft^3/s,Approved,[],2025-03-11T20:14:41.029928+00:00,4716a1279a5146ec977582a181f4a56d
2016-05-27,89.3,89.3,ft^3/s,Approved,[],2025-03-11T20:14:41.029928+00:00,4716a1279a5146ec977582a181f4a56d
2016-05-28,69.7,69.7,ft^3/s,Approved,[],2025-03-11T20:14:41.029928+00:00,4716a1279a5146ec977582a181f4a56d
2016-05-29,61.7,61.7,ft^3/s,Approved,[],2025-03-11T20:14:41.029928+00:00,4716a1279a5146ec977582a181f4a56d
2016-05-30,67.9,67.9,ft^3/s,Approved,[],2025-03-11T20:14:41.029928+00:00,4716a1279a5146ec977582a181f4a56d
2016-05-31,92.1,92.1,ft^3/s,Approved,[],2025-03-11T20:14:41.029928+00:00,4716a1279a5146ec977582a181f4a56d
2016-06-01,107.0,107,ft^3/s,Approved,[],2025-03-11T20:14:41.029928+00:00,4716a1279a5146ec977582a181f4a56d
2016-06-02,603.0,603,ft^3/s,Approved,[],2025-03-11T20:14:41.029928+00:00,4716a1279a5146ec977582a181f4a56d
2016-06-03,296.0,296,ft^3/s,Approved,[],2025-03-11T20:14:41.029928+00:00,4716a1279a5146ec977582a181f4a56d
2016-06-04,1170.0,1170,ft^3/s,Approved,[],2025-03-11T20:14:41.029928+00:00,4716a1279a5146ec977582a181f4a56d
2016-06-05,146.0,146,ft^3/s,Approved,[],2025-03-11T20:14:41.029928+00:00,4716a1279a5146ec977582a181f4a56d
2016-06-06,103.0,103,ft^3/s,Approved,[],2025-03-11T20:14:41.029928+00:00,4716a1279a5146ec977582a181f4a56d
2016-06-07,87.1,87.1,ft^3/s,Approved,[],2025-03-11T20:14:41.029928+00:00,4716a1279a5146ec977582a181f4a56d
2016-06-08,79.3,79.3,ft^3/s,Approved,[],2025-03-11T20:14:41.029928+00:00,4716a1279a5146ec977582a181f4a56d
2016-06-09,72.2,72.2,ft^3/s,Approved,[],2025-03-11T20:14:41.029928+00:00,4716a1279a5146ec977582a181f4a56d
2016-06-10,67.1,67.1,ft^3/s,Approved,[],2025-03-11T20:14:41.029928+00:00,4716a1279a5146ec977582a181f4a56d
2016-06-11,62.1,62.1,ft^3/s,Approved,[],2025-03-11T20:14:41.029928+00:00,4716a1279a5146ec977582a181f4a56d
2016-06-12,58.8,58.8,ft^3/s,Approved,[],2025-03-11T20:14:41.029928+00:00,4716a1279a5146ec977582a181f4a56d
2016-06-13,55.9,55.9,ft^3/s,Approved,[],2025-03-11T20:14:41.029928+00:00,4716a1279a5146ec977582a181f4a56d
2016-06-14,52.9,52.9,ft^3/s,Approved,[],2025-03-11T20:14:41.029928+00:00,4716a1279a5146ec977582a181f4a56d
2016-06-15,51.2,51.2,ft^3/s,Approved,[],2025-03-11T20:14:41.029928+00:00,4716a1279a5146ec977582a181f4a56d
2016-06-16,47.5,47.5,ft^3/s,Approved,[],2025-03-11T20:14:41.029928+00:00,4716a1279a5146ec977582a181f4a56d
2016-06-17,44.8,44.8,ft^3/s,Approved,[],2025-03-11T20:14:41.029928+00:00,4716a1279a5146ec977582a181f4a56d
2016-06-18,42.6,42.6,ft^3/s,Approved,[],2025-03-11T20:14:41.029928+00:00,4716a1279a5146ec977582a181f4a56d
2016-06-19,40.9,40.9,ft^3/s,Approved,[],2025-03-11T20:14:41.029928+00:00,4716a1279a5146ec977582a181f4a56d
2016-06-20,38.4,38.4,ft^3/s,Approved,[],2025-03-11T20:14:41.029928+00:00,4716a1279a5146ec977582a181f4a56d
2016-06-21,37.0,37.0,ft^3/s,Approved,[],2025-03-11T20:14:41.029928+00:00,4716a1279a5146ec977582a181f4a56d
2016-06-22,35.4,35.4,ft^3/s,Approved,[],2025-03-11T20:14:41.029928+00:00,4716a1279a5146ec977582a181f4a56d
2016-06-23,33.8,33.8,ft^3/s,Approved,[],2025-03-11T20:14:41.029928+00:00,4716a1279a5146ec977582a181f4a56d
2016-06-24,31.7,31.7,ft^3/s,Approved,[],2025-03-11T20:14:41.029928+00:00,4716a1279a5146ec977582a181f4a56d
2016-06-25,30.7,30.7,ft^3/s,Approved,[],2025-03-11T20:14:41.029928+00:00,4716a1279a5146ec977582a181f4a56d
2016-06-26,30.1,30.1,ft^3/s,Approved,[],2025-03-11T20:14:41.029928+00:00,4716a1279a5146ec977582a181f4a56d
2016-06-27,29.6,29.6,ft^3/s,Approved,[],2025-03-11T20:14:41.029928+00:00,4716a1279a5146ec977582a181f4a56d
2016-06-28,28.9,28.9,ft^3/s,Approved,[],2025-03-11T20:14:41.029928+00:00,4716a1279a5146ec977582a181f4a56d
2016-06-29,28.6,28.6,ft^3/s,Approved,[],2025-03-11T20:14:41.029928+00:00,4716a1279a5146ec977582a181f4a56d
2016-06-30,27.3,27.3,ft^3/s,Approved,[],2025-03-11T20:14:41.029928+00:00,4716a1279a5146ec977582a181f4a56d
2016-07-01,26.4,26.4,ft^3/s,Approved,[],2025-03-11T20:14:41.029928+00:00,4716a1279a5146ec977582a181f4a56d
2016-07-02,25.5,25.5,ft^3/s,Approved,[],2025-03-11T20:14:41.029928+00:00,4716a1279a5146ec977582a181f4a56d
2016-07-03,24.5,24.5,ft^3/s,Approved,[],2025-03-11T20:14:41.029928+00:00,4716a1279a5146ec977582a181f4a56d
2016-07-04,23.6,23.6,ft^3/s,Approved,[],2025-03-11T20:14:41.029928+00:00,4716a1279a5146ec977582a181f4a56d
2016-07-05,22.4,22.4,ft^3/s,Approved,[],2025-03-11T20:14:41.029928+00:00,4716a1279a5146ec977582a181f4a56d
2016-07-06,21.3,21.3,ft^3/s,Approved,[],2025-03-11T20:14:41.029928+00:00,4716a1279a5146ec977582a181f4a56d
2016-07-07,20.3,20.3,ft^3/s,Approved,[],2025-03-11T20:14:41.029928+00:00,4716a1279a5146ec977582a181f4a56d
2016-07-08,19.2,19.2,ft^3/s,Approved,[],2025-03-11T20:14:41.029928+00:00,4716a1279a5146ec977582a181f4a56d
2016-07-09,18.5,18.5,ft^3/s,Approved,[],2025-03-11T20:14:41.029928+00:00,4716a1279a5146ec977582a181f4a56d
2016-07-10,150.0,150,ft^3/s,Approved,[],2025-03-11T20:14:41.029928+00:00,4716a1279a5146ec977582a181f4a56d
2016-07-11,50.4,50.4,ft^3/s,Approved,[],2025-03-11T20:14:41.029928+00:00,4716a1279a5146ec977582a181f4a56d
2016-07-12,29.5,29.5,ft^3/s,Approved,[],2025-03-11T20:14:41.029928+00:00,4716a1279a5146ec977582a181f4a56d
2016-07-13,25.8,25.8,ft^3/s,Approved,[],2025-03-11T20:14:41.029928+00:00,4716a1279a5146ec977582a181f4a56d
2016-07-14,24.0,24.0,ft^3/s,Approved,[],2025-03-11T20:14:41.029928+00:00,4716a1279a5146ec977582a181f4a56d
2016-07-15,23.0,23.0,ft^3/s,Approved,[],2025-03-11T20:14:41.029928+00:00,4716a1279a5146ec977582a181f4a56d
2016-07-16,22.1,22.1,ft^3/s,Approved,[],2025-03-11T20:14:41.029928+00:00,4716a1279a5146ec977582a181f4a56d
2016-07-17,21.2,21.2,ft^3/s,Approved,[],2025-03-11T20:14:41.029928+00:00,4716a1279a5146ec977582a181f4a56d
2016-07-18,20.9,20.9,ft^3/s,Approved,[],2025-03-11T20:14:41.029928+00:00,4716a1279a5146ec977582a181f4a56d
2016-07-19,20.2,20.2,ft^3/s,Approved,[],2025-03-11T20:14:41.029928+00:00,4716a1279a5146ec977582a181f4a56d
2016-07-20,19.2,19.2,ft^3/s,Approved,[],2025-03-11T20:14:41.029928+00:00,4716a1279a5146ec977582a181f4a56d
2016-07-21,18.2,18.2,ft^3/s,Approved,[],2025-03-11T20:14:41.029928+00:00,4716a1279a5146ec977582a181f4a56d
2016-07-22,17.2,17.2,ft^3/s,Approved,[],2025-03-11T20:14:41.029928+00:00,4716a1279a5146ec977582a181f4a56d
2016-07-23,16.3,16.3,ft^3/s,Approved,[],2025-03-11T20:14:41.029928+00:00,4716a1279a5146ec977582a181f4a56d
2016-07-24,15.8,15.8,ft^3/s,Approved,[],2025-03-11T20:14:41.029928+00:00,4716a1279a5146ec977582a181f4a56d
2016-07-25,15.2,15.2,ft^3/s,Approved,[],2025-03-11T20:14:41.029928+00:00,4716a1279a5146ec977582a181f4a56d
2016-07-26,15.0,15.0,ft^3/s,Approved,[],2025-03-11T20:14:41.029928+00:00,4716a1279a5146ec977582a181f4a56d
2016-07-27,14.4,14.4,ft^3/s,Approved,[],2025-03-11T20:14:41.029928+00:00,4716a1279a5146ec977582a181f4a56d
2016-07-28,13.4,13.4,ft^3/s,Approved,[],2025-03-11T20:14:41.029928+00:00,4716a1279a5146ec977582a181f4a56d
2016-07-29,13.2,13.2,ft^3/s,Approved,[],2025-03-11T20:14:41.029928+00:00,4716a1279a5146ec977582a181f4a56d
2016-07-30,12.7,12.7,ft^3/s,Approved,[],2025-03-11T20:14:41.029928+00:00,4716a1279a5146ec977582a181f4a56d
2016-07-31,12.4,12.4,ft^3/s,Approved,[],2025-03-11T20:14:41.029928+00:00,4716a1279a5146ec977582a181f4a56d
2016-08-01,11.7,11.7,ft^3/s,Approved,[],2025-03-11T20:14:41.029928+00:00,4716a1279a5146ec977582a181f4a56d
2016-08-02,11.5,11.5,ft^3/s,Approved,[],2025-03-11T20:14:41.029928+00:00,4716a1279a5146ec977582a181f4a56d
2016-08-03,11.4,11.4,ft^3/s,Approved,[],2025-03-11T20:14:41.029928+00:00,4716a1279a5146ec977582a181f4a56d
2016-08-04,10.5,10.5,ft^3/s,Approved,[],2025-03-11T20:14:41.029928+00:00,4716a1279a5146ec977582a181f4a56d
2016-08-05,9.88,9.88,ft^3/s,Approved,[],2025-03-11T20:14:41.029928+00:00,4716a1279a5146ec977582a181f4a56d
2016-08-06,9.71,9.71,ft^3/s,Approved,[],2025-03-11T20:14:41.029928+00:00,4716a1279a5146ec977582a181f4a56d
2016-08-07,9.19,9.19,ft^3/s,Approved,[],2025-03-11T20:14:41.029928+00:00,4716a1279a5146ec977582a181f4a56d
2016-08-08,8.59,8.59,ft^3/s,Approved,[],2025-03-11T20:14:41.029928+00:00,4716a1279a5146ec977582a181f4a56d
2016-08-09,8.12,8.12,ft^3/s,Approved,[],2025-03-11T20:14:41.029928+00:00,4716a1279a5146ec977582a181f4a56d
2016-08-10,7.72,7.72,ft^3/s,Approved,[],2025-03-11T20:14:41.029928+00:00,4716a1279a5146ec977582a181f4a56d
2016-08-11,7.57,7.57,ft^3/s,Approved,[],2025-03-11T20:14:41.029928+00:00,4716a1279a5146ec977582a181f4a56d
2016-08-12,7.15,7.15,ft^3/s,Approved,[],2025-03-11T20:14:41.029928+00:00,4716a1279a5146ec977582a181f4a56d
2016-08-13,6.59,6.59,ft^3/s,Approved,[],2025-03-11T20:14:41.029928+00:00,4716a1279a5146ec977582a181f4a56d
2016-08-14,6.48,6.48,ft^3/s,Approved,[],2025-03-11T20:14:41.029928+00:00,4716a1279a5146ec977582a181f4a56d
2016-08-15,128.0,128,ft^3/s,Approved,[],2025-03-11T20:14:41.029928+00:00,4716a1279a5146ec977582a181f4a56d
2016-08-16,212.0,212,ft^3/s,Approved,[],2025-03-11T20:14:41.029928+00:00,4716a1279a5146ec977582a181f4a56d
2016-08-17,97.6,97.6,ft^3/s,Approved,[],2025-03-11T20:14:41.029928+00:00,4716a1279a5146ec977582a181f4a56d
2016-08-18,47.5,47.5,ft^3/s,Approved,[],2025-03-11T20:14:41.029928+00:00,4716a1279a5146ec977582a181f4a56d
2016-08-19,42.2,42.2,ft^3/s,Approved,[],2025-03-11T20:14:41.029928+00:00,4716a1279a5146ec977582a181f4a56d
2016-08-20,46.6,46.6,ft^3/s,Approved,[],2025-03-11T20:14:41.029928+00:00,4716a1279a5146ec977582a181f4a56d
2016-08-21,124.0,124,ft^3/s,Approved,[],2025-03-11T20:14:41.029928+00:00,4716a1279a5146ec977582a181f4a56d
2016-08-22,54.4,54.4,ft^3/s,Approved,[],2025-03-11T20:14:41.029928+00:00,4716a1279a5146ec977582a181f4a56d
2016-08-23,40.2,40.2,ft^3/s,Approved,[],2025-03-11T20:14:41.029928+00:00,4716a1279a5146ec977582a181f4a56d
2016-08-24,33.2,33.2,ft^3/s,Approved,[],2025-03-11T20:14:41.029928+00:00,4716a1279a5146ec977582a181f4a56d
2016-08-25,30.8,30.8,ft^3/s,Approved,[],2025-03-11T20:14:41.029928+00:00,4716a1279a5146ec977582a181f4a56d
2016-08-26,29.9,29.9,ft^3/s,Approved,[],2025-03-11T20:14:41.029928+00:00,4716a1279a5146ec977582a181f4a56d
2016-08-27,139.0,139,ft^3/s,Approved,[],2025-03-11T20:14:41.029928+00:00,4716a1279a5146ec977582a181f4a56d
2016-08-28,40.8,40.8,ft^3/s,Approved,[],2025-03-11T20:14:41.029928+00:00,4716a1279a5146ec977582a181f4a56d
2016-08-29,31.5,31.5,ft^3/s,Approved,[],2025-03-11T20:14:41.029928+00:00,4716a1279a5146ec977582a181f4a56d
2016-08-30,31.5,31.5,ft^3/s,Approved,[],2025-03-11T20:14:41.029928+00:00,4716a1279a5146ec977582a181f4a56d
2016-08-31,28.0,28.0,ft^3/s,Approved,[],2025-03-11T20:14:41.029928+00:00,4716a1279a5146ec977582a181f4a56d
2016-09-01,27.3,27.3,ft^3/s,Approved,[],2025-03-11T20:14:41.029928+00:00,4716a1279a5146ec977582a181f4a56d
2016-09-02,26.7,26.7,ft^3/s,Approved,[],2025-03-11T20:14:41.029928+00:00,4716a1279a5146ec977582a181f4a56d
2016-09-03,26.2,26.2,ft^3/s,Approved,[],2025-03-11T20:14:41.029928+00:00,4716a1279a5146ec977582a181f4a56d
2016-09-04,25.7,25.7,ft^3/s,Approved,[],2025-03-11T20:14:41.029928+00:00,4716a1279a5146ec977582a181f4a56d
2016-09-05,24.4,24.4,ft^3/s,Approved,[],2025-03-11T20:14:41.029928+00:00,4716a1279a5146ec977582a181f4a56d
2016-09-06,23.8,23.8,ft^3/s,Approved,[],2025-03-11T20:14:41.029928+00:00,4716a1279a5146ec977582a181f4a56d
2016-09-07,22.4,22.4,ft^3/s,Approved,[],2025-03-11T20:14:41.029928+00:00,4716a1279a5146ec977582a181f4a56d
2016-09-08,22.1,22.1,ft^3/s,Approved,[],2025-03-11T20:14:41.029928+00:00,4716a1279a5146ec977582a181f4a56d
2016-09-09,21.7,21.7,ft^3/s,Approved,[],2025-03-11T20:14:41.029928+00:00,4716a1279a5146ec977582a181f4a56d
2016-09-10,21.0,21.0,ft^3/s,Approved,[],2025-03-11T20:14:41.029928+00:00,4716a1279a5146ec977582a181f4a56d
2016-09-11,20.1,20.1,ft^3/s,Approved,[],2025-03-11T20:14:41.029928+00:00,4716a1279a5146ec977582a181f4a56d
2016-09-12,19.4,19.4,ft^3/s,Approved,[],2025-03-11T20:14:41.029928+00:00,4716a1279a5146ec977582a181f4a56d
2016-09-13,18.7,18.7,ft^3/s,Approved,[],2025-03-11T20:14:41.029928+00:00,4716a1279a5146ec977582a181f4a56d
2016-09-14,17.8,17.8,ft^3/s,Approved,[],2025-03-11T20:14:41.029928+00:00,4716a1279a5146ec977582a181f4a56d
2016-09-15,17.1,17.1,ft^3/s,Approved,[],2025-03-11T20:14:41.029928+00:00,4716a1279a5146ec977582a181f4a56d
2016-09-16,16.1,16.1,ft^3/s,Approved,[],2025-03-11T20:14:41.029928+00:00,4716a1279a5146ec977582a181f4a56d
2016-09-17,15.7,15.7,ft^3/s,Approved,[],2025-03-11T20:14:41.029928+00:00,4716a1279a5146ec977582a181f4a56d
2016-09-18,14.5,14.5,ft^3/s,Approved,[],2025-03-11T20:14:41.029928+00:00,4716a1279a5146ec977582a181f4a56d
2016-09-19,13.3,13.3,ft^3/s,Approved,[],2025-03-11T20:14:41.029928+00:00,4716a1279a5146ec977582a181f4a56d
2016-09-20,13.2,13.2,ft^3/s,Approved,[],2025-03-11T20:14:41.029928+00:00,4716a1279a5146ec977582a181f4a56d
2016-09-21,12.8,12.8,ft^3/s,Approved,[],2025-03-11T20:14:41.029928+00:00,4716a1279a5146ec977582a181f4a56d
2016-09-22,12.3,12.3,ft^3/s,Approved,[],2025-03-11T20:14:41.029928+00:00,4716a1279a5146ec977582a181f4a56d
2016-09-23,12.3,12.3,ft^3/s,Approved,[],2025-03-11T20:14:41.029928+00:00,4716a1279a5146ec977582a181f4a56d
2016-09-24,12.8,12.8,ft^3/s,Approved,[],2025-03-11T20:14:41.029928+00:00,4716a1279a5146ec977582a181f4a56d
2016-09-25,12.0,12.0,ft^3/s,Approved,[],2025-08-29T15:46:18.318903+00:00,4716a1279a5146ec977582a181f4a56d
2016-09-26,11.0,11.0,ft^3/s,Approved,[],2025-08-29T15:46:18.318903+00:00,4716a1279a5146ec977582a181f4a56d
2016-09-27,10.2,10.2,ft^3/s,Approved,[],2025-03-11T20:14:41.029928+00:00,4716a1279a5146ec977582a181f4a56d
2016-09-28,9.97,9.97,ft^3/s,Approved,[],2025-03-11T20:14:41.029928+00:00,4716a1279a5146ec977582a181f4a56d
2016-09-29,9.7,9.70,ft^3/s,Approved,[],2025-03-11T20:14:41.029928+00:00,4716a1279a5146ec977582a181f4a56d
2016-09-30,9.38,9.38,ft^3/s,Approved,[],2025-03-11T20:14:41.029928+00:00,4716a1279a5146ec977582a181f4a56d
2016-10-01,9.2,9.20,ft^3/s,Approved,[],2025-03-11T20:14:41.029928+00:00,4716a1279a5146ec977582a181f4a56d
2016-10-02,9.08,9.08,ft^3/s,Approved,[],2025-03-11T20:14:41.029928+00:00,4716a1279a5146ec977582a181f4a56d
2016-10-03,9.02,9.02,ft^3/s,Approved,[],2025-03-11T20:14:41.029928+00:00,4716a1279a5146ec977582a181f4a56d
2016-10-04,9.09,9.09,ft^3/s,Approved,[],2025-03-11T20:14:41.029928+00:00,4716a1279a5146ec977582a181f4a56d
2016-10-05,9.15,9.15,ft^3/s,Approved,[],2025-03-11T20:14:41.029928+00:00,4716a1279a5146ec977582a181f4a56d
2016-10-06,8.75,8.75,ft^3/s,Approved,[],2025-03-11T20:14:41.029928+00:00,4716a1279a5146ec977582a181f4a56d
2016-10-07,8.38,8.38,ft^3/s,Approved,[],2025-03-11T20:14:41.029928+00:00,4716a1279a5146ec977582a181f4a56d
2016-10-08,8.3,8.30,ft^3/s,Approved,[],2025-03-11T20:14:41.029928+00:00,4716a1279a5146ec977582a181f4a56d
2016-10-09,7.8,7.80,ft^3/s,Approved,[],2025-03-11T20:14:41.029928+00:00,4716a1279a5146ec977582a181f4a56d
2016-10-10,7.34,7.34,ft^3/s,Approved,[],2025-03-11T20:14:41.029928+00:00,4716a1279a5146ec977582a181f4a56d
2016-10-11,6.94,6.94,ft^3/s,Approved,[],2025-03-11T20:14:41.029928+00:00,4716a1279a5146ec977582a181f4a56d
2016-10-12,6.57,6.57,ft^3/s,Approved,[],2025-03-11T20:14:41.029928+00:00,4716a1279a5146ec977582a181f4a56d
2016-10-13,6.19,6.19,ft^3/s,Approved,[],2025-03-11T20:14:41.029928+00:00,4716a1279a5146ec977582a181f4a56d
2016-10-14,6.48,6.48,ft^3/s,Approved,[],2025-03-11T20:14:41.029928+00:00,4716a1279a5146ec977582a181f4a56d
2016-10-15,6.15,6.15,ft^3/s,Approved,[],2025-03-11T20:14:41.029928+00:00,4716a1279a5146ec977582a181f4a56d
2016-10-16,5.98,5.98,ft^3/s,Approved,[],2025-03-11T20:14:41.029928+00:00,4716a1279a5146ec977582a181f4a56d
2016-10-17,5.63,5.63,ft^3/s,Approved,[],2025-03-11T20:14:41.029928+00:00,4716a1279a5146ec977582a181f4a56d
2016-10-18,5.13,5.13,ft^3/s,Approved,[],2025-03-11T20:14:41.029928+00:00,4716a1279a5146ec977582a181f4a56d
2016-10-19,4.94,4.94,ft^3/s,Approved,[],2025-03-11T20:14:41.029928+00:00,4716a1279a5146ec977582a181f4a56d
2016-10-20,4.9,4.90,ft^3/s,Approved,[],2025-03-11T20:14:41.029928+00:00,4716a1279a5146ec977582a181f4a56d
2016-10-21,4.46,4.46,ft^3/s,Approved,[],2025-03-11T20:14:41.029928+00:00,4716a1279a5146ec977582a181f4a56d
2016-10-22,4.16,4.16,ft^3/s,Approved,[],2025-03-11T20:14:41.029928+00:00,4716a1279a5146ec977582a181f4a56d
2016-10-23,4.06,4.06,ft^3/s,Approved,[],2025-03-11T20:14:41.029928+00:00,4716a1279a5146ec977582a181f4a56d
2016-10-24,3.89,3.89,ft^3/s,Approved,[],2025-03-11T20:14:41.029928+00:00,4716a1279a5146ec977582a181f4a56d
2016-10-25,3.52,3.52,ft^3/s,Approved,[],2025-03-11T20:14:41.029928+00:00,4716a1279a5146ec977582a181f4a56d
2016-10-26,3.53,3.53,ft^3/s,Approved,[],2025-03-11T20:14:41.029928+00:00,4716a1279a5146ec977582a181f4a56d
2016-10-27,3.33,3.33,ft^3/s,Approved,[],2025-03-11T20:14:41.029928+00:00,4716a1279a5146ec977582a181f4a56d
2016-10-28,3.11,3.11,ft^3/s,Approved,[],2025-03-11T20:14:41.029928+00:00,4716a1279a5146ec977582a181f4a56d
2016-10-29,2.96,2.96,ft^3/s,Approved,[],2025-03-11T20:14:41.029928+00:00,4716a1279a5146ec977582a181f4a56d
2016-10-30,2.74,2.74,ft^3/s,Approved,[],2025-03-11T20:14:41.029928+00:00,4716a1279a5146ec977582a181f4a56d
2016-10-31,2.58,2.58,ft^3/s,Approved,[],2025-03-11T20:14:41.029928+00:00,4716a1279a5146ec977582a181f4a56d
2016-11-01,2.61,2.61,ft^3/s,Approved,[],2025-03-11T20:14:41.029928+00:00,4716a1279a5146ec977582a181f4a56d
2016-11-02,2.48,2.48,ft^3/s,Approved,[],2025-03-11T20:14:41.029928+00:00,4716a1279a5146ec977582a181f4a56d
2016-11-03,2.65,2.65,ft^3/s,Approved,[],2025-03-11T20:14:41.029928+00:00,4716a1279a5146ec977582a181f4a56d
2016-11-04,2.51,2.51,ft^3/s,Approved,[],2025-03-11T20:14:41.029928+00:00,4716a1279a5146ec977582a181f4a56d
2016-11-05,2.43,2.43,ft^3/s,Approved,[],2025-03-11T20:14:41.029928+00:00,4716a1279a5146ec977582a181f4a56d
2016-11-06,3.28,3.28,ft^3/s,Approved,[],2025-03-11T20:14:41.029928+00:00,4716a1279a5146ec977582a181f4a56d
2016-11-07,4.01,4.01,ft^3/s,Approved,[],2025-03-11T20:14:41.029928+00:00,4716a1279a5146ec977582a181f4a56d
2016-11-08,7.22,7.22,ft^3/s,Approved,[],2025-03-11T20:14:41.029928+00:00,4716a1279a5146ec977582a181f4a56d
2016-11-09,6.65,6.65,ft^3/s,Approved,[],2025-03-11T20:14:41.029928+00:00,4716a1279a5146ec977582a181f4a56d
2016-11-10,10.1,10.1,ft^3/s,Approved,[],2025-03-11T20:14:41.029928+00:00,4716a1279a5146ec977582a181f4a56d
2016-11-11,10.1,10.1,ft^3/s,Approved,[],2025-03-11T20:14:41.029928+00:00,4716a1279a5146ec977582a181f4a56d
2016-11-12,8.13,8.13,ft^3/s,Approved,[],2025-03-11T20:14:41.029928+00:00,4716a1279a5146ec977582a181f4a56d
2016-11-13,7.57,7.57,ft^3/s,Approved,[],2025-03-11T20:14:41.029928+00:00,4716a1279a5146ec977582a181f4a56d
2016-11-14,6.58,6.58,ft^3/s,Approved,[],2025-03-11T20:14:41.029928+00:00,4716a1279a5146ec977582a181f4a56d
2016-11-15,5.85,5.85,ft^3/s,Approved,[],2025-03-11T20:14:41.029928+00:00,4716a1279a5146ec977582a181f4a56d
2016-11-16,5.37,5.37,ft^3/s,Approved,[],2025-03-11T20:14:41.029928+00:00,4716a1279a5146ec977582a181f4a56d
2016-11-17,5.24,5.24,ft^3/s,Approved,[],2025-03-11T20:14:41.029928+00:00,4716a1279a5146ec977582a181f4a56d
2016-11-18,4.92,4.92,ft^3/s,Approved,[],2025-03-11T20:14:41.029928+00:00,4716a1279a5146ec977582a181f4a56d
2016-11-19,4.35,4.35,ft^3/s,Approved,[],2025-03-11T20:14:41.029928+00:00,4716a1279a5146ec977582a181f4a56d
2016-11-20,4.06,4.06,ft^3/s,Approved,[],2025-03-11T20:14:41.029928+00:00,4716a1279a5146ec977582a181f4a56d
2016-11-21,3.83,3.83,ft^3/s,Approved,[],2025-03-11T20:14:41.029928+00:00,4716a1279a5146ec977582a181f4a56d
2016-11-22,3.94,3.94,ft^3/s,Approved,[],2025-03-11T20:14:41.029928+00:00,4716a1279a5146ec977582a181f4a56d
2016-11-23,5.66,5.66,ft^3/s,Approved,[],2025-03-11T20:14:41.029928+00:00,4716a1279a5146ec977582a181f4a56d
2016-11-24,5.33,5.33,ft^3/s,Approved,[],2025-03-11T20:14:41.029928+00:00,4716a1279a5146ec977582a181f4a56d
2016-11-25,4.57,4.57,ft^3/s,Approved,[],2025-03-11T20:14:41.029928+00:00,4716a1279a5146ec977582a181f4a56d
2016-11-26,4.13,4.13,ft^3/s,Approved,[],2025-03-11T20:14:41.029928+00:00,4716a1279a5146ec977582a181f4a56d
2016-11-27,3.95,3.95,ft^3/s,Approved,[],2025-03-11T20:14:41.029928+00:00,4716a1279a5146ec977582a181f4a56d
2016-11-28,4.25,4.25,ft^3/s,Approved,[],2025-03-11T20:14:41.029928+00:00,4716a1279a5146ec977582a181f4a56d
2016-11-29,3.81,3.81,ft^3/s,Approved,[],2025-03-11T20:14:41.029928+00:00,4716a1279a5146ec977582a181f4a56d
2016-11-30,3.32,3.32,ft^3/s,Approved,[],2025-03-11T20:14:41.029928+00:00,4716a1279a5146ec977582a181f4a56d
2016-12-01,3.14,3.14,ft^3/s,Approved,[],2025-03-11T20:14:41.029928+00:00,4716a1279a5146ec977582a181f4a56d
2016-12-02,3.09,3.09,ft^3/s,Approved,[],2025-03-11T20:14:41.029928+00:00,4716a1279a5146ec977582a181f4a56d
2016-12-03,5.03,5.03,ft^3/s,Approved,[],2025-03-11T20:14:41.029928+00:00,4716a1279a5146ec977582a181f4a56d
2016-12-04,14.3,14.3,ft^3/s,Approved,[],2025-03-11T20:14:41.029928+00:00,4716a1279a5146ec977582a181f4a56d
2016-12-05,24.6,24.6,ft^3/s,Approved,[],2025-03-11T20:14:41.029928+00:00,4716a1279a5146ec977582a181f4a56d
2016-12-06,29.5,29.5,ft^3/s,Approved,[],2025-03-11T20:14:41.029928+00:00,4716a1279a5146ec977582a181f4a56d
2016-12-07,19.5,19.5,ft^3/s,Approved,[],2025-03-11T20:14:41.029928+00:00,4716a1279a5146ec977582a181f4a56d
2016-12-08,12.2,12.2,ft^3/s,Approved,[],2025-03-11T20:14:41.029928+00:00,4716a1279a5146ec977582a181f4a56d
2016-12-09,9.15,9.15,ft^3/s,Approved,[],2025-03-11T20:14:41.029928+00:00,4716a1279a5146ec977582a181f4a56d
2016-12-10,8.45,8.45,ft^3/s,Approved,[],2025-03-11T20:14:41.029928+00:00,4716a1279a5146ec977582a181f4a56d
2016-12-11,8.53,8.53,ft^3/s,Approved,[],2025-03-11T20:14:41.029928+00:00,4716a1279a5146ec977582a181f4a56d
2016-12-12,8.34,8.34,ft^3/s,Approved,[],2025-03-11T20:14:41.029928+00:00,4716a1279a5146ec977582a181f4a56d
2016-12-13,8.13,8.13,ft^3/s,Approved,[],2025-03-11T20:14:41.029928+00:00,4716a1279a5146ec977582a181f4a56d
2016-12-14,7.51,7.51,ft^3/s,Approved,[],2025-03-11T20:14:41.029928+00:00,4716a1279a5146ec977582a181f4a56d
2016-12-15,7.11,7.11,ft^3/s,Approved,[],2025-03-11T20:14:41.029928+00:00,4716a1279a5146ec977582a181f4a56d
2016-12-16,6.86,6.86,ft^3/s,Approved,[],2025-03-11T20:14:41.029928+00:00,4716a1279a5146ec977582a181f4a56d
2016-12-17,7.08,7.08,ft^3/s,Approved,[],2025-03-11T20:14:41.029928+00:00,4716a1279a5146ec977582a181f4a56d
2016-12-18,6.32,6.32,ft^3/s,Approved,[],2025-03-11T20:14:41.029928+00:00,4716a1279a5146ec977582a181f4a56d
2016-12-19,5.58,5.58,ft^3/s,Approved,[],2025-03-11T20:14:41.029928+00:00,4716a1279a5146ec977582a181f4a56d
2016-12-20,5.41,5.41,ft^3/s,Approved,[],2025-03-11T20:14:41.029928+00:00,4716a1279a5146ec977582a181f4a56d
2016-12-21,5.11,5.11,ft^3/s,Approved,[],2025-03-11T20:14:41.029928+00:00,4716a1279a5146ec977582a181f4a56d
2016-12-22,4.79,4.79,ft^3/s,Approved,[],2025-03-11T20:14:41.029928+00:00,4716a1279a5146ec977582a181f4a56d
2016-12-23,4.86,4.86,ft^3/s,Approved,[],2025-03-11T20:14:41.029928+00:00,4716a1279a5146ec977582a181f4a56d
2016-12-24,4.95,4.95,ft^3/s,Approved,[],2025-03-11T20:14:41.029928+00:00,4716a1279a5146ec977582a181f4a56d
2016-12-25,4.92,4.92,ft^3/s,Approved,[],2025-03-11T20:14:41.029928+00:00,4716a1279a5146ec977582a181f4a56d
2016-12-26,4.8,4.80,ft^3/s,Approved,[],2025-03-11T20:14:41.029928+00:00,4716a1279a5146ec977582a181f4a56d
2016-12-27,12.5,12.5,ft^3/s,Approved,[],2025-03-11T20:14:41.029928+00:00,4716a1279a5146ec977582a181f4a56d
2016-12-28,13.3,13.3,ft^3/s,Approved,[],2025-03-11T20:14:41.029928+00:00,4716a1279a5146ec977582a181f4a56d
2016-12-29,6.28,6.28,ft^3/s,Approved,[],2025-03-11T20:14:41.029928+00:00,4716a1279a5146ec977582a181f4a56d
2016-12-30,4.96,4.96,ft^3/s,Approved,[],2025-03-11T20:14:41.029928+00:00,4716a1279a5146ec977582a181f4a56d
2016-12-31,4.91,4.91,ft^3/s,Approved,[],2025-03-11T20:14:41.029928+00:00,4716a1279a5146ec977582a181f4a56d
2017-01-01,4.61,4.61,ft^3/s,Approved,[],2025-03-11T20:14:41.029928+00:00,4716a1279a5146ec977582a181f4a56d
2017-01-02,5.1,5.10,ft^3/s,Approved,[],2025-03-11T20:14:41.029928+00:00,4716a1279a5146ec977582a181f4a56d
2017-01-03,5.18,5.18,ft^3/s,Approved,[],2025-03-11T20:14:41.029928+00:00,4716a1279a5146ec977582a181f4a56d
2017-01-04,4.44,4.44,ft^3/s,Approved,[],2025-03-11T20:14:41.029928+00:00,4716a1279a5146ec977582a181f4a56d
2017-01-05,4.65,4.65,ft^3/s,Approved,[],2025-03-11T20:14:41.029928+00:00,4716a1279a5146ec977582a181f4a56d
2017-01-06,4.04,4.04,ft^3/s,Approved,[],2025-03-11T20:14:41.029928+00:00,4716a1279a5146ec977582a181f4a56d
2017-01-07,3.66,3.66,ft^3/s,Approved,[],2025-03-11T20:14:41.029928+00:00,4716a1279a5146ec977582a181f4a56d
2017-01-08,3.44,3.44,ft^3/s,Approved,[],2025-03-11T20:14:41.029928+00:00,4716a1279a5146ec977582a181f4a56d
2017-01-09,3.41,3.41,ft^3/s,Approved,[],2025-03-11T20:14:41.029928+00:00,4716a1279a5146ec977582a181f4a56d
2017-01-10,3.38,3.38,ft^3/s,Approved,[],2025-03-11T20:14:41.029928+00:00,4716a1279a5146ec977582a181f4a56d
2017-01-11,3.31,3.31,ft^3/s,Approved,[],2025-03-11T20:14:41.029928+00:00,4716a1279a5146ec977582a181f4a56d
2017-01-12,3.33,3.33,ft^3/s,Approved,[],2025-03-11T20:14:41.029928+00:00,4716a1279a5146ec977582a181f4a56d
2017-01-13,3.94,3.94,ft^3/s,Approved,[],2025-03-11T20:14:41.029928+00:00,4716a1279a5146ec977582a181f4a56d
2017-01-14,9.66,9.66,ft^3/s,Approved,[],2025-03-11T20:14:41.029928+00:00,4716a1279a5146ec977582a181f4a56d
2017-01-15,7.68,7.68,ft^3/s,Approved,[],2025-03-11T20:14:41.029928+00:00,4716a1279a5146ec977582a181f4a56d
2017-01-16,47.0,47.0,ft^3/s,Approved,[],2025-03-11T20:14:41.029928+00:00,4716a1279a5146ec977582a181f4a56d
2017-01-17,31.2,31.2,ft^3/s,Approved,[],2025-03-11T20:14:41.029928+00:00,4716a1279a5146ec977582a181f4a56d
2017-01-18,313.0,313,ft^3/s,Approved,[],2025-03-11T20:14:41.029928+00:00,4716a1279a5146ec977582a181f4a56d
2017-01-19,114.0,114,ft^3/s,Approved,[],2025-03-11T20:14:41.029928+00:00,4716a1279a5146ec977582a181f4a56d
2017-01-20,42.7,42.7,ft^3/s,Approved,[],2025-03-11T20:14:41.029928+00:00,4716a1279a5146ec977582a181f4a56d
2017-01-21,29.9,29.9,ft^3/s,Approved,[],2025-03-11T20:14:41.029928+00:00,4716a1279a5146ec977582a181f4a56d
2017-01-22,24.7,24.7,ft^3/s,Approved,[],2025-03-11T20:14:41.029928+00:00,4716a1279a5146ec977582a181f4a56d
2017-01-23,18.8,18.8,ft^3/s,Approved,[],2025-03-11T20:14:41.029928+00:00,4716a1279a5146ec977582a181f4a56d
2017-01-24,17.5,17.5,ft^3/s,Approved,[],2025-03-11T20:14:41.029928+00:00,4716a1279a5146ec977582a181f4a56d
2017-01-25,16.7,16.7,ft^3/s,Approved,[],2025-03-11T20:14:41.029928+00:00,4716a1279a5146ec977582a181f4a56d
2017-01-26,13.9,13.9,ft^3/s,Approved,[],2025-03-11T20:14:41.029928+00:00,4716a1279a5146ec977582a181f4a56d
2017-01-27,12.5,12.5,ft^3/s,Approved,[],2025-03-11T20:14:41.029928+00:00,4716a1279a5146ec977582a181f4a56d
2017-01-28,12.2,12.2,ft^3/s,Approved,[],2025-03-11T20:14:41.029928+00:00,4716a1279a5146ec977582a181f4a56d
2017-01-29,11.8,11.8,ft^3/s,Approved,[],2025-03-11T20:14:41.029928+00:00,4716a1279a5146ec977582a181f4a56d
2017-01-30,11.2,11.2,ft^3/s,Approved,[],2025-03-11T20:14:41.029928+00:00,4716a1279a5146ec977582a181f4a56d
2017-01-31,10.7,10.7,ft^3/s,Approved,[],2025-03-11T20:14:41.029928+00:00,4716a1279a5146ec977582a181f4a56d
2017-02-01,10.1,10.1,ft^3/s,Approved,[],2025-03-11T20:14:41.029928+00:00,4716a1279a5146ec977582a181f4a56d
2017-02-02,9.8,9.80,ft^3/s,Approved,[],2025-03-11T20:14:41.029928+00:00,4716a1279a5146ec977582a181f4a56d
2017-02-03,8.69,8.69,ft^3/s,Approved,[],2025-03-11T20:14:41.029928+00:00,4716a1279a5146ec977582a181f4a56d
2017-02-04,8.17,8.17,ft^3/s,Approved,[],2025-03-11T20:14:41.029928+00:00,4716a1279a5146ec977582a181f4a56d
2017-02-05,8.61,8.61,ft^3/s,Approved,[],2025-03-11T20:14:41.029928+00:00,4716a1279a5146ec977582a181f4a56d
2017-02-06,9.11,9.11,ft^3/s,Approved,[],2025-03-11T20:14:41.029928+00:00,4716a1279a5146ec977582a181f4a56d
2017-02-07,8.76,8.76,ft^3/s,Approved,[],2025-03-11T20:14:41.029928+00:00,4716a1279a5146ec977582a181f4a56d
2017-02-08,8.2,8.20,ft^3/s,Approved,[],2025-03-11T20:14:41.029928+00:00,4716a1279a5146ec977582a181f4a56d
2017-02-09,7.23,7.23,ft^3/s,Approved,[],2025-03-11T20:14:41.029928+00:00,4716a1279a5146ec977582a181f4a56d
2017-02-10,6.66,6.66,ft^3/s,Approved,[],2025-03-11T20:14:41.029928+00:00,4716a1279a5146ec977582a181f4a56d
2017-02-11,6.86,6.86,ft^3/s,Approved,[],2025-03-11T20:14:41.029928+00:00,4716a1279a5146ec977582a181f4a56d
2017-02-12,6.88,6.88,ft^3/s,Approved,[],2025-03-11T20:14:41.029928+00:00,4716a1279a5146ec977582a181f4a56d
2017-02-13,6.43,6.43,ft^3/s,Approved,[],2025-03-11T20:14:41.029928+00:00,4716a1279a5146ec977582a181f4a56d
2017-02-14,174.0,174,ft^3/s,Approved,[],2025-03-11T20:14:41.029928+00:00,4716a1279a5146ec977582a181f4a56d
2017-02-15,88.3,88.3,ft^3/s,Approved,[],2025-03-11T20:14:41.029928+00:00,4716a1279a5146ec977582a181f4a56d
2017-02-16,28.3,28.3,ft^3/s,Approved,[],2025-03-11T20:14:41.029928+00:00,4716a1279a5146ec977582a181f4a56d
2017-02-17,22.0,22.0,ft^3/s,Approved,[],2025-03-11T20:14:41.029928+00:00,4716a1279a5146ec977582a181f4a56d
2017-02-18,20.2,20.2,ft^3/s,Approved,[],2025-03-11T20:14:41.029928+00:00,4716a1279a5146ec977582a181f4a56d
2017-02-19,19.2,19.2,ft^3/s,Approved,[],2025-03-11T20:14:41.029928+00:00,4716a1279a5146ec977582a181f4a56d
2017-02-20,425.0,425,ft^3/s,Approved,[],2025-03-11T20:14:41.029928+00:00,4716a1279a5146ec977582a181f4a56d
2017-02-21,126.0,126,ft^3/s,Approved,[],2025-03-11T20:14:41.029928+00:00,4716a1279a5146ec977582a181f4a56d
2017-02-22,61.1,61.1,ft^3/s,Approved,[],2025-03-11T20:14:41.029928+00:00,4716a1279a5146ec977582a181f4a56d
2017-02-23,45.7,45.7,ft^3/s,Approved,[],2025-03-11T20:14:41.029928+00:00,4716a1279a5146ec977582a181f4a56d
2017-02-24,37.6,37.6,ft^3/s,Approved,[],2025-03-11T20:14:41.029928+00:00,4716a1279a5146ec977582a181f4a56d
2017-02-25,30.5,30.5,ft^3/s,Approved,[],2025-03-11T20:14:41.029928+00:00,4716a1279a5146ec977582a181f4a56d
2017-02-26,28.2,28.2,ft^3/s,Approved,[],2025-03-11T20:14:41.029928+00:00,4716a1279a5146ec977582a181f4a56d
2017-02-27,29.3,29.3,ft^3/s,Approved,[],2025-03-11T20:14:41.029928+00:00,4716a1279a5146ec977582a181f4a56d
2017-02-28,28.5,28.5,ft^3/s,Approved,[],2025-03-11T20:14:41.029928+00:00,4716a1279a5146ec977582a181f4a56d
2017-03-01,26.4,26.4,ft^3/s,Approved,[],2025-03-11T20:14:41.029928+00:00,4716a1279a5146ec977582a181f4a56d
2017-03-02,23.1,23.1,ft^3/s,Approved,[],2025-03-11T20:14:41.029928+00:00,4716a1279a5146ec977582a181f4a56d
2017-03-03,21.2,21.2,ft^3/s,Approved,[],2025-03-11T20:14:41.029928+00:00,4716a1279a5146ec977582a181f4a56d
2017-03-04,22.6,22.6,ft^3/s,Approved,[],2025-03-11T20:14:41.029928+00:00,4716a1279a5146ec977582a181f4a56d
2017-03-05,35.4,35.4,ft^3/s,Approved,[],2025-03-11T20:14:41.029928+00:00,4716a1279a5146ec977582a181f4a56d
2017-03-06,41.9,41.9,ft^3/s,Approved,[],2025-03-11T20:14:41.029928+00:00,4716a1279a5146ec977582a181f4a56d
2017-03-07,30.8,30.8,ft^3/s,Approved,[],2025-03-11T20:14:41.029928+00:00,4716a1279a5146ec977582a181f4a56d
2017-03-08,24.4,24.4,ft^3/s,Approved,[],2025-03-11T20:14:41.029928+00:00,4716a1279a5146ec977582a181f4a56d
2017-03-09,23.1,23.1,ft^3/s,Approved,[],2025-03-11T20:14:41.029928+00:00,4716a1279a5146ec977582a181f4a56d
2017-03-10,23.4,23.4,ft^3/s,Approved,[],2025-03-11T20:14:41.029928+00:00,4716a1279a5146ec977582a181f4a56d
2017-03-11,24.9,24.9,ft^3/s,Approved,[],2025-03-11T20:14:41.029928+00:00,4716a1279a5146ec977582a181f4a56d
2017-03-12,190.0,190,ft^3/s,Approved,[],2025-03-11T20:14:41.029928+00:00,4716a1279a5146ec977582a181f4a56d
2017-03-13,72.4,72.4,ft^3/s,Approved,[],2025-03-11T20:14:41.029928+00:00,4716a1279a5146ec977582a181f4a56d
2017-03-14,42.2,42.2,ft^3/s,Approved,[],2025-03-11T20:14:41.029928+00:00,4716a1279a5146ec977582a181f4a56d
2017-03-15,33.0,33.0,ft^3/s,Approved,[],2025-03-11T20:14:41.029928+00:00,4716a1279a5146ec977582a181f4a56d
2017-03-16,28.9,28.9,ft^3/s,Approved,[],2025-03-11T20:14:41.029928+00:00,4716a1279a5146ec977582a181f4a56d
2017-03-17,27.9,27.9,ft^3/s,Approved,[],2025-03-11T20:14:41.029928+00:00,4716a1279a5146ec977582a181f4a56d
2017-03-18,26.8,26.8,ft^3/s,Approved,[],2025-03-11T20:14:41.029928+00:00,4716a1279a5146ec977582a181f4a56d
2017-03-19,25.2,25.2,ft^3/s,Approved,[],2025-03-11T20:14:41.029928+00:00,4716a1279a5146ec977582a181f4a56d
2017-03-20,23.4,23.4,ft^3/s,Approved,[],2025-03-11T20:14:41.029928+00:00,4716a1279a5146ec977582a181f4a56d
2017-03-21,21.7,21.7,ft^3/s,Approved,[],2025-03-11T20:14:41.029928+00:00,4716a1279a5146ec977582a181f4a56d
2017-03-22,20.6,20.6,ft^3/s,Approved,[],2025-03-11T20:14:41.029928+00:00,4716a1279a5146ec977582a181f4a56d
2017-03-23,18.9,18.9,ft^3/s,Approved,[],2025-03-11T20:14:41.029928+00:00,4716a1279a5146ec977582a181f4a56d
2017-03-24,19.2,19.2,ft^3/s,Approved,[],2025-03-11T20:14:41.029928+00:00,4716a1279a5146ec977582a181f4a56d
2017-03-25,18.4,18.4,ft^3/s,Approved,[],2025-03-11T20:14:41.029928+00:00,4716a1279a5146ec977582a181f4a56d
2017-03-26,16.6,16.6,ft^3/s,Approved,[],2025-03-11T20:14:41.029928+00:00,4716a1279a5146ec977582a181f4a56d
2017-03-27,15.5,15.5,ft^3/s,Approved,[],2025-03-11T20:14:41.029928+00:00,4716a1279a5146ec977582a181f4a56d
2017-03-28,15.2,15.2,ft^3/s,Approved,[],2025-03-11T20:14:41.029928+00:00,4716a1279a5146ec977582a181f4a56d
2017-03-29,27.2,27.2,ft^3/s,Approved,[],2025-03-11T20:14:41.029928+00:00,4716a1279a5146ec977582a181f4a56d
2017-03-30,29.4,29.4,ft^3/s,Approved,[],2025-03-11T20:14:41.029928+00:00,4716a1279a5146ec977582a181f4a56d
2017-03-31,17.3,17.3,ft^3/s,Approved,[],2025-03-11T20:14:41.029928+00:00,4716a1279a5146ec977582a181f4a56d
2017-04-01,14.0,14.0,ft^3/s,Approved,[],2025-03-11T20:14:41.029928+00:00,4716a1279a5146ec977582a181f4a56d
2017-04-02,42.1,42.1,ft^3/s,Approved,[],2025-03-11T20:14:41.029928+00:00,4716a1279a5146ec977582a181f4a56d
2017-04-03,78.2,78.2,ft^3/s,Approved,[],2025-03-11T20:14:41.029928+00:00,4716a1279a5146ec977582a181f4a56d
2017-04-04,26.5,26.5,ft^3/s,Approved,[],2025-03-11T20:14:41.029928+00:00,4716a1279a5146ec977582a181f4a56d
2017-04-05,17.0,17.0,ft^3/s,Approved,[],2025-03-11T20:14:41.029928+00:00,4716a1279a5146ec977582a181f4a56d
2017-04-06,13.1,13.1,ft^3/s,Approved,[],2025-03-11T20:14:41.029928+00:00,4716a1279a5146ec977582a181f4a56d
2017-04-07,11.3,11.3,ft^3/s,Approved,[],2025-03-11T20:14:41.029928+00:00,4716a1279a5146ec977582a181f4a56d
2017-04-08,10.4,10.4,ft^3/s,Approved,[],2025-03-11T20:14:41.029928+00:00,4716a1279a5146ec977582a181f4a56d
2017-04-09,9.53,9.53,ft^3/s,Approved,[],2025-03-11T20:14:41.029928+00:00,4716a1279a5146ec977582a181f4a56d
2017-04-10,9.31,9.31,ft^3/s,Approved,[],2025-03-11T20:14:41.029928+00:00,4716a1279a5146ec977582a181f4a56d
2017-04-11,130.0,130,ft^3/s,Approved,[],2025-03-11T20:14:41.029928+00:00,4716a1279a5146ec977582a181f4a56d
2017-04-12,112.0,112,ft^3/s,Approved,[],2025-03-11T20:14:41.029928+00:00,4716a1279a5146ec977582a181f4a56d
2017-04-13,35.0,35.0,ft^3/s,Approved,[],2025-03-11T20:14:41.029928+00:00,4716a1279a5146ec977582a181f4a56d
2017-04-14,24.7,24.7,ft^3/s,Approved,[],2025-03-11T20:14:41.029928+00:00,4716a1279a5146ec977582a181f4a56d
2017-04-15,20.9,20.9,ft^3/s,Approved,[],2025-03-11T20:14:41.029928+00:00,4716a1279a5146ec977582a181f4a56d
2017-04-16,18.7,18.7,ft^3/s,Approved,[],2025-03-11T20:14:41.029928+00:00,4716a1279a5146ec977582a181f4a56d
2017-04-17,19.1,19.1,ft^3/s,Approved,[],2025-03-11T20:14:41.029928+00:00,4716a1279a5146ec977582a181f4a56d
2017-04-18,19.7,19.7,ft^3/s,Approved,[],2025-03-11T20:14:41.029928+00:00,4716a1279a5146ec977582a181f4a56d
2017-04-19,16.8,16.8,ft^3/s,Approved,[],2025-03-11T20:14:41.029928+00:00,4716a1279a5146ec977582a181f4a56d
2017-04-20,15.3,15.3,ft^3/s,Approved,[],2025-03-11T20:14:41.029928+00:00,4716a1279a5146ec977582a181f4a56d
2017-04-21,14.0,14.0,ft^3/s,Approved,[],2025-03-11T20:14:41.029928+00:00,4716a1279a5146ec977582a181f4a56d
2017-04-22,12.9,12.9,ft^3/s,Approved,[],2025-03-11T20:14:41.029928+00:00,4716a1279a5146ec977582a181f4a56d
2017-04-23,11.7,11.7,ft^3/s,Approved,[],2025-03-11T20:14:41.029928+00:00,4716a1279a5146ec977582a181f4a56d
2017-04-24,11.2,11.2,ft^3/s,Approved,[],2025-03-11T20:14:41.029928+00:00,4716a1279a5146ec977582a181f4a56d
2017-04-25,10.9,10.9,ft^3/s,Approved,[],2025-03-11T20:14:41.029928+00:00,4716a1279a5146ec977582a181f4a56d
2017-04-26,10.4,10.4,ft^3/s,Approved,[],2025-03-11T20:14:41.029928+00:00,4716a1279a5146ec977582a181f4a56d
2017-04-27,9.78,9.78,ft^3/s,Approved,[],2025-03-11T20:14:41.029928+00:00,4716a1279a5146ec977582a181f4a56d
2017-04-28,9.53,9.53,ft^3/s,Approved,[],2025-03-11T20:14:41.029928+00:00,4716a1279a5146ec977582a181f4a56d
2017-04-29,9.14,9.14,ft^3/s,Approved,[],2025-03-11T20:14:41.029928+00:00,4716a1279a5146ec977582a181f4a56d
2017-04-30,8.64,8.64,ft^3/s,Approved,[],2025-03-11T20:14:41.029928+00:00,4716a1279a5146ec977582a181f4a56d
2017-05-01,8.37,8.37,ft^3/s,Approved,[],2025-03-11T20:14:41.029928+00:00,4716a1279a5146ec977582a181f4a56d
2017-05-02,7.89,7.89,ft^3/s,Approved,[],2025-03-11T20:14:41.029928+00:00,4716a1279a5146ec977582a181f4a56d
2017-05-03,7.24,7.24,ft^3/s,Approved,[],2025-03-11T20:14:41.029928+00:00,4716a1279a5146ec977582a181f4a56d
2017-05-04,6.7,6.70,ft^3/s,Approved,[],2025-03-11T20:14:41.029928+00:00,4716a1279a5146ec977582a181f4a56d
2017-05-05,6.46,6.46,ft^3/s,Approved,[],2025-03-11T20:14:41.029928+00:00,4716a1279a5146ec977582a181f4a56d
2017-05-06,6.16,6.16,ft^3/s,Approved,[],2025-03-11T20:14:41.029928+00:00,4716a1279a5146ec977582a181f4a56d
2017-05-07,5.76,5.76,ft^3/s,Approved,[],2025-03-11T20:14:41.029928+00:00,4716a1279a5146ec977582a181f4a56d
2017-05-08,5.33,5.33,ft^3/s,Approved,[],2025-03-11T20:14:41.029928+00:00,4716a1279a5146ec977582a181f4a56d
2017-05-09,4.93,4.93,ft^3/s,Approved,[],2025-03-11T20:14:41.029928+00:00,4716a1279a5146ec977582a181f4a56d
2017-05-10,4.42,4.42,ft^3/s,Approved,[],2025-03-11T20:14:41.029928+00:00,4716a1279a5146ec977582a181f4a56d
2017-05-11,4.16,4.16,ft^3/s,Approved,[],2025-03-11T20:14:41.029928+00:00,4716a1279a5146ec977582a181f4a56d
2017-05-12,3.9,3.90,ft^3/s,Approved,[],2025-03-11T20:14:41.029928+00:00,4716a1279a5146ec977582a181f4a56d
2017-05-13,3.73,3.73,ft^3/s,Approved,[],2025-03-11T20:14:41.029928+00:00,4716a1279a5146ec977582a181f4a56d
2017-05-14,3.38,3.38,ft^3/s,Approved,[],2025-03-11T20:14:41.029928+00:00,4716a1279a5146ec977582a181f4a56d
2017-05-15,2.7,2.70,ft^3/s,Approved,[],2025-03-11T20:14:41.029928+00:00,4716a1279a5146ec977582a181f4a56d
2017-05-16,2.06,2.06,ft^3/s,Approved,[],2025-03-11T20:14:41.029928+00:00,4716a1279a5146ec977582a181f4a56d
2017-05-17,2.13,2.13,ft^3/s,Approved,[],2025-03-11T20:14:41.029928+00:00,4716a1279a5146ec977582a181f4a56d
2017-05-18,1.83,1.83,ft^3/s,Approved,[],2025-03-11T20:14:41.029928+00:00,4716a1279a5146ec977582a181f4a56d
2017-05-19,1.67,1.67,ft^3/s,Approved,[],2025-03-11T20:14:41.029928+00:00,4716a1279a5146ec977582a181f4a56d
2017-05-20,6.1,6.10,ft^3/s,Approved,[],2025-03-11T20:14:41.029928+00:00,4716a1279a5146ec977582a181f4a56d
2017-05-21,10.1,10.1,ft^3/s,Approved,[],2025-03-11T20:14:41.029928+00:00,4716a1279a5146ec977582a181f4a56d
2017-05-22,9.39,9.39,ft^3/s,Approved,[],2025-03-11T20:14:41.029928+00:00,4716a1279a5146ec977582a181f4a56d
2017-05-23,7.36,7.36,ft^3/s,Approved,[],2025-03-11T20:14:41.029928+00:00,4716a1279a5146ec977582a181f4a56d
2017-05-24,6.82,6.82,ft^3/s,Approved,[],2025-03-11T20:14:41.029928+00:00,4716a1279a5146ec977582a181f4a56d
2017-05-25,6.5,6.50,ft^3/s,Approved,[],2025-03-11T20:14:41.029928+00:00,4716a1279a5146ec977582a181f4a56d
2017-05-26,6.03,6.03,ft^3/s,Approved,[],2025-03-11T20:14:41.029928+00:00,4716a1279a5146ec977582a181f4a56d
2017-05-27,5.43,5.43,ft^3/s,Approved,[],2025-03-11T20:14:41.029928+00:00,4716a1279a5146ec977582a181f4a56d
2017-05-28,5.14,5.14,ft^3/s,Approved,[],2025-03-11T20:14:41.029928+00:00,4716a1279a5146ec977582a181f4a56d
2017-05-29,4.88,4.88,ft^3/s,Approved,[],2025-03-11T20:14:41.029928+00:00,4716a1279a5146ec977582a181f4a56d
2017-05-30,5.22,5.22,ft^3/s,Approved,[],2025-03-11T20:14:41.029928+00:00,4716a1279a5146ec977582a181f4a56d
2017-05-31,5.2,5.20,ft^3/s,Approved,[],2025-03-11T20:14:41.029928+00:00,4716a1279a5146ec977582a181f4a56d
2017-06-01,4.88,4.88,ft^3/s,Approved,[],2025-03-11T20:14:41.029928+00:00,4716a1279a5146ec977582a181f4a56d
2017-06-02,4.69,4.69,ft^3/s,Approved,[],2025-03-11T20:14:41.029928+00:00,4716a1279a5146ec977582a181f4a56d
2017-06-03,74.4,74.4,ft^3/s,Approved,[],2025-03-11T20:14:41.029928+00:00,4716a1279a5146ec977582a181f4a56d
2017-06-04,18.1,18.1,ft^3/s,Approved,[],2025-03-11T20:14:41.029928+00:00,4716a1279a5146ec977582a181f4a56d
2017-06-05,6.9,6.90,ft^3/s,Approved,[],2025-03-11T20:14:41.029928+00:00,4716a1279a5146ec977582a181f4a56d
2017-06-06,6.01,6.01,ft^3/s,Approved,[],2025-03-11T20:14:41.029928+00:00,4716a1279a5146ec977582a181f4a56d
2017-06-07,8.83,8.83,ft^3/s,Approved,[],2025-03-11T20:14:41.029928+00:00,4716a1279a5146ec977582a181f4a56d
2017-06-08,7.01,7.01,ft^3/s,Approved,[],2025-03-11T20:14:41.029928+00:00,4716a1279a5146ec977582a181f4a56d
2017-06-09,5.91,5.91,ft^3/s,Approved,[],2025-03-11T20:14:41.029928+00:00,4716a1279a5146ec977582a181f4a56d
2017-06-10,5.2,5.20,ft^3/s,Approved,[],2025-03-11T20:14:41.029928+00:00,4716a1279a5146ec977582a181f4a56d
2017-06-11,4.88,4.88,ft^3/s,Approved,[],2025-03-11T20:14:41.029928+00:00,4716a1279a5146ec977582a181f4a56d
2017-06-12,4.51,4.51,ft^3/s,Approved,[],2025-03-11T20:14:41.029928+00:00,4716a1279a5146ec977582a181f4a56d
2017-06-13,3.73,3.73,ft^3/s,Approved,[],2025-03-11T20:14:41.029928+00:00,4716a1279a5146ec977582a181f4a56d
2017-06-14,3.0,3.00,ft^3/s,Approved,[],2025-03-11T20:14:41.029928+00:00,4716a1279a5146ec977582a181f4a56d
2017-06-15,2.51,2.51,ft^3/s,Approved,[],2025-03-11T20:14:41.029928+00:00,4716a1279a5146ec977582a181f4a56d
2017-06-16,1.95,1.95,ft^3/s,Approved,[],2025-03-11T20:14:41.029928+00:00,4716a1279a5146ec977582a181f4a56d
2017-06-17,1.56,1.56,ft^3/s,Approved,[],2025-03-11T20:14:41.029928+00:00,4716a1279a5146ec977582a181f4a56d
2017-06-18,1.19,1.19,ft^3/s,Approved,[],2025-03-11T20:14:41.029928+00:00,4716a1279a5146ec977582a181f4a56d
2017-06-19,0.85,0.85,ft^3/s,Approved,[],2025-03-11T20:14:41.029928+00:00,4716a1279a5146ec977582a181f4a56d
2017-06-20,0.58,0.58,ft^3/s,Approved,[],2025-03-11T20:14:41.029928+00:00,4716a1279a5146ec977582a181f4a56d
2017-06-21,0.37,0.37,ft^3/s,Approved,[],2025-03-11T20:14:41.029928+00:00,4716a1279a5146ec977582a181f4a56d
2017-06-22,0.14,0.14,ft^3/s,Approved,[],2025-03-11T20:14:41.029928+00:00,4716a1279a5146ec977582a181f4a56d
2017-06-23,0.01,0.01,ft^3/s,Approved,[],2025-03-11T20:14:41.029928+00:00,4716a1279a5146ec977582a181f4a56d
2017-06-24,0.0,0.00,ft^3/s,Approved,[],2025-03-11T20:14:41.029928+00:00,4716a1279a5146ec977582a181f4a56d
2017-06-25,0.0,0.00,ft^3/s,Approved,[],2025-03-11T20:14:41.029928+00:00,4716a1279a5146ec977582a181f4a56d
2017-06-26,0.0,0.00,ft^3/s,Approved,[],2025-03-11T20:14:41.029928+00:00,4716a1279a5146ec977582a181f4a56d
2017-06-27,0.0,0.00,ft^3/s,Approved,[],2025-03-11T20:14:41.029928+00:00,4716a1279a5146ec977582a181f4a56d
2017-06-28,0.0,0.00,ft^3/s,Approved,[],2025-03-11T20:14:41.029928+00:00,4716a1279a5146ec977582a181f4a56d
2017-06-29,0.0,0.00,ft^3/s,Approved,[],2025-03-11T20:14:41.029928+00:00,4716a1279a5146ec977582a181f4a56d
2017-06-30,0.0,0.00,ft^3/s,Approved,[],2025-03-11T20:14:41.029928+00:00,4716a1279a5146ec977582a181f4a56d
2017-07-01,0.0,0.00,ft^3/s,Approved,[],2025-03-11T20:14:41.029928+00:00,4716a1279a5146ec977582a181f4a56d
2017-07-02,0.0,0.00,ft^3/s,Approved,[],2025-03-11T20:14:41.029928+00:00,4716a1279a5146ec977582a181f4a56d
2017-07-03,0.0,0.00,ft^3/s,Approved,[],2025-03-11T20:14:41.029928+00:00,4716a1279a5146ec977582a181f4a56d
2017-07-04,0.0,0.00,ft^3/s,Approved,[],2025-03-11T20:14:41.029928+00:00,4716a1279a5146ec977582a181f4a56d
2017-07-05,0.0,0.00,ft^3/s,Approved,[],2025-03-11T20:14:41.029928+00:00,4716a1279a5146ec977582a181f4a56d
2017-07-06,0.0,0.00,ft^3/s,Approved,[],2025-03-11T20:14:41.029928+00:00,4716a1279a5146ec977582a181f4a56d
2017-07-07,0.0,0.00,ft^3/s,Approved,[],2025-03-11T20:14:41.029928+00:00,4716a1279a5146ec977582a181f4a56d
2017-07-08,0.0,0.00,ft^3/s,Approved,[],2025-03-11T20:14:41.029928+00:00,4716a1279a5146ec977582a181f4a56d
2017-07-09,0.0,0.00,ft^3/s,Approved,[],2025-03-11T20:14:41.029928+00:00,4716a1279a5146ec977582a181f4a56d
2017-07-10,0.0,0.00,ft^3/s,Approved,[],2025-03-11T20:14:41.029928+00:00,4716a1279a5146ec977582a181f4a56d
2017-07-11,0.0,0.00,ft^3/s,Approved,[],2025-03-11T20:14:41.029928+00:00,4716a1279a5146ec977582a181f4a56d
2017-07-12,0.0,0.00,ft^3/s,Approved,[],2025-03-11T20:14:41.029928+00:00,4716a1279a5146ec977582a181f4a56d
2017-07-13,0.0,0.00,ft^3/s,Approved,[],2025-03-11T20:14:41.029928+00:00,4716a1279a5146ec977582a181f4a56d
2017-07-14,0.0,0.00,ft^3/s,Approved,[],2025-03-11T20:14:41.029928+00:00,4716a1279a5146ec977582a181f4a56d
2017-07-15,0.0,0.00,ft^3/s,Approved,[],2025-03-11T20:14:41.029928+00:00,4716a1279a5146ec977582a181f4a56d
2017-07-16,0.0,0.00,ft^3/s,Approved,[],2025-03-11T20:14:41.029928+00:00,4716a1279a5146ec977582a181f4a56d
2017-07-17,0.0,0.00,ft^3/s,Approved,[],2025-03-11T20:14:41.029928+00:00,4716a1279a5146ec977582a181f4a56d
2017-07-18,0.0,0.00,ft^3/s,Approved,[],2025-03-11T20:14:41.029928+00:00,4716a1279a5146ec977582a181f4a56d
2017-07-19,0.0,0.00,ft^3/s,Approved,[],2025-03-11T20:14:41.029928+00:00,4716a1279a5146ec977582a181f4a56d
2017-07-20,0.0,0.00,ft^3/s,Approved,[],2025-03-11T20:14:41.029928+00:00,4716a1279a5146ec977582a181f4a56d
2017-07-21,0.0,0.00,ft^3/s,Approved,[],2025-03-11T20:14:41.029928+00:00,4716a1279a5146ec977582a181f4a56d
2017-07-22,0.0,0.00,ft^3/s,Approved,[],2025-03-11T20:14:41.029928+00:00,4716a1279a5146ec977582a181f4a56d
2017-07-23,0.0,0.00,ft^3/s,Approved,[],2025-03-11T20:14:41.029928+00:00,4716a1279a5146ec977582a181f4a56d
2017-07-24,0.0,0.00,ft^3/s,Approved,[],2025-03-11T20:14:41.029928+00:00,4716a1279a5146ec977582a181f4a56d
2017-07-25,0.0,0.00,ft^3/s,Approved,[],2025-03-11T20:14:41.029928+00:00,4716a1279a5146ec977582a181f4a56d
2017-07-26,0.0,0.00,ft^3/s,Approved,[],2025-03-11T20:14:41.029928+00:00,4716a1279a5146ec977582a181f4a56d
2017-07-27,0.0,0.00,ft^3/s,Approved,[],2025-03-11T20:14:41.029928+00:00,4716a1279a5146ec977582a181f4a56d
2017-07-28,0.0,0.00,ft^3/s,Approved,[],2025-03-11T20:14:41.029928+00:00,4716a1279a5146ec977582a181f4a56d
2017-07-29,0.0,0.00,ft^3/s,Approved,[],2025-03-11T20:14:41.029928+00:00,4716a1279a5146ec977582a181f4a56d
2017-07-30,0.0,0.00,ft^3/s,Approved,[],2025-03-11T20:14:41.029928+00:00,4716a1279a5146ec977582a181f4a56d
2017-07-31,0.0,0.00,ft^3/s,Approved,[],2025-03-11T20:14:41.029928+00:00,4716a1279a5146ec977582a181f4a56d
2017-08-01,0.0,0.00,ft^3/s,Approved,[],2025-03-11T20:14:41.029928+00:00,4716a1279a5146ec977582a181f4a56d
2017-08-02,0.0,0.00,ft^3/s,Approved,[],2025-03-11T20:14:41.029928+00:00,4716a1279a5146ec977582a181f4a56d
2017-08-03,0.0,0.00,ft^3/s,Approved,[],2025-03-11T20:14:41.029928+00:00,4716a1279a5146ec977582a181f4a56d
2017-08-04,0.0,0.00,ft^3/s,Approved,[],2025-03-11T20:14:41.029928+00:00,4716a1279a5146ec977582a181f4a56d
2017-08-05,0.0,0.00,ft^3/s,Approved,[],2025-03-11T20:14:41.029928+00:00,4716a1279a5146ec977582a181f4a56d
2017-08-06,0.0,0.00,ft^3/s,Approved,[],2025-03-11T20:14:41.029928+00:00,4716a1279a5146ec977582a181f4a56d
2017-08-07,263.0,263,ft^3/s,Approved,[],2025-03-11T20:14:41.029928+00:00,4716a1279a5146ec977582a181f4a56d
2017-08-08,10.8,10.8,ft^3/s,Approved,[],2025-03-11T20:14:41.029928+00:00,4716a1279a5146ec977582a181f4a56d
2017-08-09,2.59,2.59,ft^3/s,Approved,[],2025-03-11T20:14:41.029928+00:00,4716a1279a5146ec977582a181f4a56d
2017-08-10,1.16,1.16,ft^3/s,Approved,[],2025-03-11T20:14:41.029928+00:00,4716a1279a5146ec977582a181f4a56d
2017-08-11,0.44,0.44,ft^3/s,Approved,[],2025-03-11T20:14:41.029928+00:00,4716a1279a5146ec977582a181f4a56d
2017-08-12,0.05,0.05,ft^3/s,Approved,[],2025-03-11T20:14:41.029928+00:00,4716a1279a5146ec977582a181f4a56d
2017-08-13,0.0,0.00,ft^3/s,Approved,[],2025-03-11T20:14:41.029928+00:00,4716a1279a5146ec977582a181f4a56d
2017-08-14,0.0,0.00,ft^3/s,Approved,[],2025-03-11T20:14:41.029928+00:00,4716a1279a5146ec977582a181f4a56d
2017-08-15,0.0,0.00,ft^3/s,Approved,[],2025-03-11T20:14:41.029928+00:00,4716a1279a5146ec977582a181f4a56d
2017-08-16,0.0,0.00,ft^3/s,Approved,[],2025-03-11T20:14:41.029928+00:00,4716a1279a5146ec977582a181f4a56d
2017-08-17,0.0,0.00,ft^3/s,Approved,[],2025-03-11T20:14:41.029928+00:00,4716a1279a5146ec977582a181f4a56d
2017-08-18,0.0,0.00,ft^3/s,Approved,[],2025-03-11T20:14:41.029928+00:00,4716a1279a5146ec977582a181f4a56d
2017-08-19,0.0,0.00,ft^3/s,Approved,[],2025-03-11T20:14:41.029928+00:00,4716a1279a5146ec977582a181f4a56d
2017-08-20,0.0,0.00,ft^3/s,Approved,[],2025-03-11T20:14:41.029928+00:00,4716a1279a5146ec977582a181f4a56d
2017-08-21,0.0,0.00,ft^3/s,Approved,[],2025-03-11T20:14:41.029928+00:00,4716a1279a5146ec977582a181f4a56d
2017-08-22,0.0,0.00,ft^3/s,Approved,[],2025-03-11T20:14:41.029928+00:00,4716a1279a5146ec977582a181f4a56d
2017-08-23,0.0,0.00,ft^3/s,Approved,[],2025-03-11T20:14:41.029928+00:00,4716a1279a5146ec977582a181f4a56d
2017-08-24,0.0,0.00,ft^3/s,Approved,[],2025-03-11T20:14:41.029928+00:00,4716a1279a5146ec977582a181f4a56d
2017-08-25,0.0,0.00,ft^3/s,Approved,[],2025-03-11T20:14:41.029928+00:00,4716a1279a5146ec977582a181f4a56d
2017-08-26,0.0,0.00,ft^3/s,Approved,[],2025-03-11T20:14:41.029928+00:00,4716a1279a5146ec977582a181f4a56d
2017-08-27,52.7,52.7,ft^3/s,Approved,[],2025-03-11T20:14:41.029928+00:00,4716a1279a5146ec977582a181f4a56d
2017-08-28,17.4,17.4,ft^3/s,Approved,[],2025-03-11T20:14:41.029928+00:00,4716a1279a5146ec977582a181f4a56d
2017-08-29,5.58,5.58,ft^3/s,Approved,[],2025-03-11T20:14:41.029928+00:00,4716a1279a5146ec977582a181f4a56d
2017-08-30,3.22,3.22,ft^3/s,Approved,[],2025-03-11T20:14:41.029928+00:00,4716a1279a5146ec977582a181f4a56d
2017-08-31,2.39,2.39,ft^3/s,Approved,[],2025-03-11T20:14:41.029928+00:00,4716a1279a5146ec977582a181f4a56d
2017-09-01,2.07,2.07,ft^3/s,Approved,[],2025-03-11T20:14:41.029928+00:00,4716a1279a5146ec977582a181f4a56d
2017-09-02,1.84,1.84,ft^3/s,Approved,[],2025-03-11T20:14:41.029928+00:00,4716a1279a5146ec977582a181f4a56d
2017-09-03,1.7,1.70,ft^3/s,Approved,[],2025-03-11T20:14:41.029928+00:00,4716a1279a5146ec977582a181f4a56d
2017-09-04,1.51,1.51,ft^3/s,Approved,[],2025-03-11T20:14:41.029928+00:00,4716a1279a5146ec977582a181f4a56d
2017-09-05,1.45,1.45,ft^3/s,Approved,[],2025-03-11T20:14:41.029928+00:00,4716a1279a5146ec977582a181f4a56d
2017-09-06,1.24,1.24,ft^3/s,Approved,[],2025-03-11T20:14:41.029928+00:00,4716a1279a5146ec977582a181f4a56d
2017-09-07,1.05,1.05,ft^3/s,Approved,[],2025-03-11T20:14:41.029928+00:00,4716a1279a5146ec977582a181f4a56d
2017-09-08,0.89,0.89,ft^3/s,Approved,[],2025-03-11T20:14:41.029928+00:00,4716a1279a5146ec977582a181f4a56d
2017-09-09,0.67,0.67,ft^3/s,Approved,[],2025-03-11T20:14:41.029928+00:00,4716a1279a5146ec977582a181f4a56d
2017-09-10,0.32,0.32,ft^3/s,Approved,[],2025-03-11T20:14:41.029928+00:00,4716a1279a5146ec977582a181f4a56d
2017-09-11,0.09,0.09,ft^3/s,Approved,[],2025-03-11T20:14:41.029928+00:00,4716a1279a5146ec977582a181f4a56d
2017-09-12,0.02,0.02,ft^3/s,Approved,[],2025-03-11T20:14:41.029928+00:00,4716a1279a5146ec977582a181f4a56d
2017-09-13,0.0,0.00,ft^3/s,Approved,[],2025-03-11T20:14:41.029928+00:00,4716a1279a5146ec977582a181f4a56d
2017-09-14,0.0,0.00,ft^3/s,Approved,[],2025-03-11T20:14:41.029928+00:00,4716a1279a5146ec977582a181f4a56d
2017-09-15,0.0,0.00,ft^3/s,Approved,[],2025-03-11T20:14:41.029928+00:00,4716a1279a5146ec977582a181f4a56d
2017-09-16,0.0,0.00,ft^3/s,Approved,[],2025-03-11T20:14:41.029928+00:00,4716a1279a5146ec977582a181f4a56d
2017-09-17,0.0,0.00,ft^3/s,Approved,[],2025-03-11T20:14:41.029928+00:00,4716a1279a5146ec977582a181f4a56d
2017-09-18,0.0,0.00,ft^3/s,Approved,[],2025-03-11T20:14:41.029928+00:00,4716a1279a5146ec977582a181f4a56d
2017-09-19,0.0,0.00,ft^3/s,Approved,[],2025-03-11T20:14:41.029928+00:00,4716a1279a5146ec977582a181f4a56d
2017-09-20,0.0,0.00,ft^3/s,Approved,[],2025-03-11T20:14:41.029928+00:00,4716a1279a5146ec977582a181f4a56d
2017-09-21,0.0,0.00,ft^3/s,Approved,[],2025-03-11T20:14:41.029928+00:00,4716a1279a5146ec977582a181f4a56d
2017-09-22,0.0,0.00,ft^3/s,Approved,[],2025-03-11T20:14:41.029928+00:00,4716a1279a5146ec977582a181f4a56d
2017-09-23,0.0,0.00,ft^3/s,Approved,[],2025-03-11T20:14:41.029928+00:00,4716a1279a5146ec977582a181f4a56d
2017-09-24,0.0,0.00,ft^3/s,Approved,[],2025-03-11T20:14:41.029928+00:00,4716a1279a5146ec977582a181f4a56d
2017-09-25,0.0,0.00,ft^3/s,Approved,[],2025-03-11T20:14:41.029928+00:00,4716a1279a5146ec977582a181f4a56d
2017-09-26,0.0,0.00,ft^3/s,Approved,[],2025-03-11T20:14:41.029928+00:00,4716a1279a5146ec977582a181f4a56d
2017-09-27,0.0,0.00,ft^3/s,Approved,[],2025-03-11T20:14:41.029928+00:00,4716a1279a5146ec977582a181f4a56d
2017-09-28,0.0,0.00,ft^3/s,Approved,[],2025-03-11T20:14:41.029928+00:00,4716a1279a5146ec977582a181f4a56d
2017-09-29,0.0,0.00,ft^3/s,Approved,[],2025-03-11T20:14:41.029928+00:00,4716a1279a5146ec977582a181f4a56d
2017-09-30,0.0,0.00,ft^3/s,Approved,[],2025-03-11T20:14:41.029928+00:00,4716a1279a5146ec977582a181f4a56d
2017-10-01,0.0,0.00,ft^3/s,Approved,[],2025-03-11T20:14:41.029928+00:00,4716a1279a5146ec977582a181f4a56d
2017-10-02,0.0,0.00,ft^3/s,Approved,[],2025-03-11T20:14:41.029928+00:00,4716a1279a5146ec977582a181f4a56d
2017-10-03,0.0,0.00,ft^3/s,Approved,[],2025-03-11T20:14:41.029928+00:00,4716a1279a5146ec977582a181f4a56d
2017-10-04,0.0,0.00,ft^3/s,Approved,[],2025-03-11T20:14:41.029928+00:00,4716a1279a5146ec977582a181f4a56d
2017-10-05,0.0,0.00,ft^3/s,Approved,[],2025-03-11T20:14:41.029928+00:00,4716a1279a5146ec977582a181f4a56d
2017-10-06,0.0,0.00,ft^3/s,Approved,[],2025-03-11T20:14:41.029928+00:00,4716a1279a5146ec977582a181f4a56d
2017-10-07,0.0,0.00,ft^3/s,Approved,[],2025-03-11T20:14:41.029928+00:00,4716a1279a5146ec977582a181f4a56d
2017-10-08,0.0,0.00,ft^3/s,Approved,[],2025-03-11T20:14:41.029928+00:00,4716a1279a5146ec977582a181f4a56d
2017-10-09,0.0,0.00,ft^3/s,Approved,[],2025-03-11T20:14:41.029928+00:00,4716a1279a5146ec977582a181f4a56d
2017-10-10,0.0,0.00,ft^3/s,Approved,[],2025-03-11T20:14:41.029928+00:00,4716a1279a5146ec977582a181f4a56d
2017-10-11,0.0,0.00,ft^3/s,Approved,[],2025-03-11T20:14:41.029928+00:00,4716a1279a5146ec977582a181f4a56d
2017-10-12,0.0,0.00,ft^3/s,Approved,[],2025-03-11T20:14:41.029928+00:00,4716a1279a5146ec977582a181f4a56d
2017-10-13,0.0,0.00,ft^3/s,Approved,[],2025-03-11T20:14:41.029928+00:00,4716a1279a5146ec977582a181f4a56d
2017-10-14,0.0,0.00,ft^3/s,Approved,[],2025-03-11T20:14:41.029928+00:00,4716a1279a5146ec977582a181f4a56d
2017-10-15,0.0,0.00,ft^3/s,Approved,[],2025-03-11T20:14:41.029928+00:00,4716a1279a5146ec977582a181f4a56d
2017-10-16,0.0,0.00,ft^3/s,Approved,[],2025-03-11T20:14:41.029928+00:00,4716a1279a5146ec977582a181f4a56d
2017-10-17,0.0,0.00,ft^3/s,Approved,[],2025-03-11T20:14:41.029928+00:00,4716a1279a5146ec977582a181f4a56d
2017-10-18,0.0,0.00,ft^3/s,Approved,[],2025-03-11T20:14:41.029928+00:00,4716a1279a5146ec977582a181f4a56d
2017-10-19,0.0,0.00,ft^3/s,Approved,[],2025-03-11T20:14:41.029928+00:00,4716a1279a5146ec977582a181f4a56d
2017-10-20,0.0,0.00,ft^3/s,Approved,[],2025-03-11T20:14:41.029928+00:00,4716a1279a5146ec977582a181f4a56d
2017-10-21,0.0,0.00,ft^3/s,Approved,[],2025-03-11T20:14:41.029928+00:00,4716a1279a5146ec977582a181f4a56d
2017-10-22,0.0,0.00,ft^3/s,Approved,[],2025-03-11T20:14:41.029928+00:00,4716a1279a5146ec977582a181f4a56d
2017-10-23,0.0,0.00,ft^3/s,Approved,[],2025-03-11T20:14:41.029928+00:00,4716a1279a5146ec977582a181f4a56d
2017-10-24,0.0,0.00,ft^3/s,Approved,[],2025-03-11T20:14:41.029928+00:00,4716a1279a5146ec977582a181f4a56d
2017-10-25,0.0,0.00,ft^3/s,Approved,[],2025-03-11T20:14:41.029928+00:00,4716a1279a5146ec977582a181f4a56d
2017-10-26,0.0,0.00,ft^3/s,Approved,[],2025-03-11T20:14:41.029928+00:00,4716a1279a5146ec977582a181f4a56d
2017-10-27,0.0,0.00,ft^3/s,Approved,[],2025-03-11T20:14:41.029928+00:00,4716a1279a5146ec977582a181f4a56d
2017-10-28,0.0,0.00,ft^3/s,Approved,[],2025-03-11T20:14:41.029928+00:00,4716a1279a5146ec977582a181f4a56d
2017-10-29,0.0,0.00,ft^3/s,Approved,[],2025-03-11T20:14:41.029928+00:00,4716a1279a5146ec977582a181f4a56d
2017-10-30,0.0,0.00,ft^3/s,Approved,[],2025-03-11T20:14:41.029928+00:00,4716a1279a5146ec977582a181f4a56d
2017-10-31,0.0,0.00,ft^3/s,Approved,[],2025-03-11T20:14:41.029928+00:00,4716a1279a5146ec977582a181f4a56d
2017-11-01,0.0,0.00,ft^3/s,Approved,[],2025-03-11T20:14:41.029928+00:00,4716a1279a5146ec977582a181f4a56d
2017-11-02,0.0,0.00,ft^3/s,Approved,[],2025-03-11T20:14:41.029928+00:00,4716a1279a5146ec977582a181f4a56d
2017-11-03,0.0,0.00,ft^3/s,Approved,[],2025-03-11T20:14:41.029928+00:00,4716a1279a5146ec977582a181f4a56d
2017-11-04,0.0,0.00,ft^3/s,Approved,[],2025-03-11T20:14:41.029928+00:00,4716a1279a5146ec977582a181f4a56d
2017-11-05,0.0,0.00,ft^3/s,Approved,[],2025-03-11T20:14:41.029928+00:00,4716a1279a5146ec977582a181f4a56d
2017-11-06,0.0,0.00,ft^3/s,Approved,[],2025-03-11T20:14:41.029928+00:00,4716a1279a5146ec977582a181f4a56d
2017-11-07,0.0,0.00,ft^3/s,Approved,[],2025-03-11T20:14:41.029928+00:00,4716a1279a5146ec977582a181f4a56d
2017-11-08,0.0,0.00,ft^3/s,Approved,[],2025-03-11T20:14:41.029928+00:00,4716a1279a5146ec977582a181f4a56d
2017-11-09,0.0,0.00,ft^3/s,Approved,[],2025-03-11T20:14:41.029928+00:00,4716a1279a5146ec977582a181f4a56d
2017-11-10,0.0,0.00,ft^3/s,Approved,[],2025-03-11T20:14:41.029928+00:00,4716a1279a5146ec977582a181f4a56d
2017-11-11,0.0,0.00,ft^3/s,Approved,[],2025-03-11T20:14:41.029928+00:00,4716a1279a5146ec977582a181f4a56d
2017-11-12,0.0,0.00,ft^3/s,Approved,[],2025-03-11T20:14:41.029928+00:00,4716a1279a5146ec977582a181f4a56d
2017-11-13,0.0,0.00,ft^3/s,Approved,[],2025-03-11T20:14:41.029928+00:00,4716a1279a5146ec977582a181f4a56d
2017-11-14,0.0,0.00,ft^3/s,Approved,[],2025-03-11T20:14:41.029928+00:00,4716a1279a5146ec977582a181f4a56d
2017-11-15,0.0,0.00,ft^3/s,Approved,[],2025-03-11T20:14:41.029928+00:00,4716a1279a5146ec977582a181f4a56d
2017-11-16,0.0,0.00,ft^3/s,Approved,[],2025-03-11T20:14:41.029928+00:00,4716a1279a5146ec977582a181f4a56d
2017-11-17,0.0,0.00,ft^3/s,Approved,[],2025-03-11T20:14:41.029928+00:00,4716a1279a5146ec977582a181f4a56d
2017-11-18,0.0,0.00,ft^3/s,Approved,[],2025-03-11T20:14:41.029928+00:00,4716a1279a5146ec977582a181f4a56d
2017-11-19,0.0,0.00,ft^3/s,Approved,[],2025-03-11T20:14:41.029928+00:00,4716a1279a5146ec977582a181f4a56d
2017-11-20,0.0,0.00,ft^3/s,Approved,[],2025-03-11T20:14:41.029928+00:00,4716a1279a5146ec977582a181f4a56d
2017-11-21,0.0,0.00,ft^3/s,Approved,[],2025-03-11T20:14:41.029928+00:00,4716a1279a5146ec977582a181f4a56d
2017-11-22,0.0,0.00,ft^3/s,Approved,[],2025-03-11T20:14:41.029928+00:00,4716a1279a5146ec977582a181f4a56d
2017-11-23,0.0,0.00,ft^3/s,Approved,[],2025-03-11T20:14:41.029928+00:00,4716a1279a5146ec977582a181f4a56d
2017-11-24,0.0,0.00,ft^3/s,Approved,[],2025-03-11T20:14:41.029928+00:00,4716a1279a5146ec977582a181f4a56d
2017-11-25,0.0,0.00,ft^3/s,Approved,[],2025-03-11T20:14:41.029928+00:00,4716a1279a5146ec977582a181f4a56d
2017-11-26,0.0,0.00,ft^3/s,Approved,[],2025-03-11T20:14:41.029928+00:00,4716a1279a5146ec977582a181f4a56d
2017-11-27,0.0,0.00,ft^3/s,Approved,[],2025-03-11T20:14:41.029928+00:00,4716a1279a5146ec977582a181f4a56d
2017-11-28,0.0,0.00,ft^3/s,Approved,[],2025-03-11T20:14:41.029928+00:00,4716a1279a5146ec977582a181f4a56d
2017-11-29,0.0,0.00,ft^3/s,Approved,[],2025-03-11T20:14:41.029928+00:00,4716a1279a5146ec977582a181f4a56d
2017-11-30,0.0,0.00,ft^3/s,Approved,[],2025-03-11T20:14:41.029928+00:00,4716a1279a5146ec977582a181f4a56d
2017-12-01,0.0,0.00,ft^3/s,Approved,[],2025-03-11T20:14:41.029928+00:00,4716a1279a5146ec977582a181f4a56d
2017-12-02,0.0,0.00,ft^3/s,Approved,[],2025-03-11T20:14:41.029928+00:00,4716a1279a5146ec977582a181f4a56d
2017-12-03,0.0,0.00,ft^3/s,Approved,[],2025-03-11T20:14:41.029928+00:00,4716a1279a5146ec977582a181f4a56d
2017-12-04,0.0,0.00,ft^3/s,Approved,[],2025-03-11T20:14:41.029928+00:00,4716a1279a5146ec977582a181f4a56d
2017-12-05,0.0,0.00,ft^3/s,Approved,[],2025-03-11T20:14:41.029928+00:00,4716a1279a5146ec977582a181f4a56d
2017-12-06,0.0,0.00,ft^3/s,Approved,[],2025-03-11T20:14:41.029928+00:00,4716a1279a5146ec977582a181f4a56d
2017-12-07,0.0,0.00,ft^3/s,Approved,[],2025-03-11T20:14:41.029928+00:00,4716a1279a5146ec977582a181f4a56d
2017-12-08,0.0,0.00,ft^3/s,Approved,[],2025-03-11T20:14:41.029928+00:00,4716a1279a5146ec977582a181f4a56d
2017-12-09,0.0,0.00,ft^3/s,Approved,[],2025-03-11T20:14:41.029928+00:00,4716a1279a5146ec977582a181f4a56d
2017-12-10,0.0,0.00,ft^3/s,Approved,[],2025-03-11T20:14:41.029928+00:00,4716a1279a5146ec977582a181f4a56d
2017-12-11,0.0,0.00,ft^3/s,Approved,[],2025-03-11T20:14:41.029928+00:00,4716a1279a5146ec977582a181f4a56d
2017-12-12,0.0,0.00,ft^3/s,Approved,[],2025-03-11T20:14:41.029928+00:00,4716a1279a5146ec977582a181f4a56d
2017-12-13,0.0,0.00,ft^3/s,Approved,[],2025-03-11T20:14:41.029928+00:00,4716a1279a5146ec977582a181f4a56d
2017-12-14,0.0,0.00,ft^3/s,Approved,[],2025-03-11T20:14:41.029928+00:00,4716a1279a5146ec977582a181f4a56d
2017-12-15,0.0,0.00,ft^3/s,Approved,[],2025-03-11T20:14:41.029928+00:00,4716a1279a5146ec977582a181f4a56d
2017-12-16,0.0,0.00,ft^3/s,Approved,[],2025-03-11T20:14:41.029928+00:00,4716a1279a5146ec977582a181f4a56d
2017-12-17,0.0,0.00,ft^3/s,Approved,[],2025-03-11T20:14:41.029928+00:00,4716a1279a5146ec977582a181f4a56d
2017-12-18,0.01,0.01,ft^3/s,Approved,[],2025-03-11T20:14:41.029928+00:00,4716a1279a5146ec977582a181f4a56d
2017-12-19,0.01,0.01,ft^3/s,Approved,[],2025-03-11T20:14:41.029928+00:00,4716a1279a5146ec977582a181f4a56d
2017-12-20,0.0,0.00,ft^3/s,Approved,[],2025-03-11T20:14:41.029928+00:00,4716a1279a5146ec977582a181f4a56d
2017-12-21,0.0,0.00,ft^3/s,Approved,[],2025-03-11T20:14:41.029928+00:00,4716a1279a5146ec977582a181f4a56d
2017-12-22,0.0,0.00,ft^3/s,Approved,[],2025-03-11T20:14:41.029928+00:00,4716a1279a5146ec977582a181f4a56d
2017-12-23,0.0,0.00,ft^3/s,Approved,[],2025-03-11T20:14:41.029928+00:00,4716a1279a5146ec977582a181f4a56d
2017-12-24,0.0,0.00,ft^3/s,Approved,[],2025-03-11T20:14:41.029928+00:00,4716a1279a5146ec977582a181f4a56d
2017-12-25,0.0,0.00,ft^3/s,Approved,[],2025-03-11T20:14:41.029928+00:00,4716a1279a5146ec977582a181f4a56d
2017-12-26,0.0,0.00,ft^3/s,Approved,[],2025-03-11T20:14:41.029928+00:00,4716a1279a5146ec977582a181f4a56d
2017-12-27,0.0,0.00,ft^3/s,Approved,[],2025-03-11T20:14:41.029928+00:00,4716a1279a5146ec977582a181f4a56d
2017-12-28,0.0,0.00,ft^3/s,Approved,[],2025-03-11T20:14:41.029928+00:00,4716a1279a5146ec977582a181f4a56d
2017-12-29,0.0,0.00,ft^3/s,Approved,[],2025-03-11T20:14:41.029928+00:00,4716a1279a5146ec977582a181f4a56d
2017-12-30,0.0,0.00,ft^3/s,Approved,[],2025-03-11T20:14:41.029928+00:00,4716a1279a5146ec977582a181f4a56d
2017-12-31,0.0,0.00,ft^3/s,Approved,[],2025-03-11T20:14:41.029928+00:00,4716a1279a5146ec977582a181f4a56d
2018-01-01,0.0,0.00,ft^3/s,Approved,[],2025-03-11T20:14:41.029928+00:00,4716a1279a5146ec977582a181f4a56d
2018-01-02,0.0,0.00,ft^3/s,Approved,[],2025-03-11T20:14:41.029928+00:00,4716a1279a5146ec977582a181f4a56d
2018-01-03,0.0,0.00,ft^3/s,Approved,[],2025-03-11T20:14:41.029928+00:00,4716a1279a5146ec977582a181f4a56d
2018-01-04,0.0,0.00,ft^3/s,Approved,[],2025-03-11T20:14:41.029928+00:00,4716a1279a5146ec977582a181f4a56d
2018-01-05,0.0,0.00,ft^3/s,Approved,[],2025-03-11T20:14:41.029928+00:00,4716a1279a5146ec977582a181f4a56d
2018-01-06,0.0,0.00,ft^3/s,Approved,[],2025-03-11T20:14:41.029928+00:00,4716a1279a5146ec977582a181f4a56d
2018-01-07,0.0,0.00,ft^3/s,Approved,[],2025-03-11T20:14:41.029928+00:00,4716a1279a5146ec977582a181f4a56d
2018-01-08,0.0,0.00,ft^3/s,Approved,[],2025-03-11T20:14:41.029928+00:00,4716a1279a5146ec977582a181f4a56d
2018-01-09,0.0,0.00,ft^3/s,Approved,[],2025-03-11T20:14:41.029928+00:00,4716a1279a5146ec977582a181f4a56d
2018-01-10,0.0,0.00,ft^3/s,Approved,[],2025-03-11T20:14:41.029928+00:00,4716a1279a5146ec977582a181f4a56d
2018-01-11,0.0,0.00,ft^3/s,Approved,[],2025-03-11T20:14:41.029928+00:00,4716a1279a5146ec977582a181f4a56d
2018-01-12,0.0,0.00,ft^3/s,Approved,[],2025-03-11T20:14:41.029928+00:00,4716a1279a5146ec977582a181f4a56d
2018-01-13,0.0,0.00,ft^3/s,Approved,[],2025-03-11T20:14:41.029928+00:00,4716a1279a5146ec977582a181f4a56d
2018-01-14,0.0,0.00,ft^3/s,Approved,[],2025-03-11T20:14:41.029928+00:00,4716a1279a5146ec977582a181f4a56d
2018-01-15,0.0,0.00,ft^3/s,Approved,[],2025-03-11T20:14:41.029928+00:00,4716a1279a5146ec977582a181f4a56d
2018-01-16,0.0,0.00,ft^3/s,Approved,[],2025-03-11T20:14:41.029928+00:00,4716a1279a5146ec977582a181f4a56d
2018-01-17,0.0,0.00,ft^3/s,Approved,[],2025-03-11T20:14:41.029928+00:00,4716a1279a5146ec977582a181f4a56d
2018-01-18,0.0,0.00,ft^3/s,Approved,[],2025-03-11T20:14:41.029928+00:00,4716a1279a5146ec977582a181f4a56d
2018-01-19,0.0,0.00,ft^3/s,Approved,[],2025-03-11T20:14:41.029928+00:00,4716a1279a5146ec977582a181f4a56d
2018-01-20,0.0,0.00,ft^3/s,Approved,[],2025-03-11T20:14:41.029928+00:00,4716a1279a5146ec977582a181f4a56d
2018-01-21,0.0,0.00,ft^3/s,Approved,[],2025-03-11T20:14:41.029928+00:00,4716a1279a5146ec977582a181f4a56d
2018-01-22,0.0,0.00,ft^3/s,Approved,[],2025-03-11T20:14:41.029928+00:00,4716a1279a5146ec977582a181f4a56d
2018-01-23,0.0,0.00,ft^3/s,Approved,[],2025-03-11T20:14:41.029928+00:00,4716a1279a5146ec977582a181f4a56d
2018-01-24,0.0,0.00,ft^3/s,Approved,[],2025-03-11T20:14:41.029928+00:00,4716a1279a5146ec977582a181f4a56d
2018-01-25,0.0,0.00,ft^3/s,Approved,[],2025-03-11T20:14:41.029928+00:00,4716a1279a5146ec977582a181f4a56d
2018-01-26,0.0,0.00,ft^3/s,Approved,[],2025-03-11T20:14:41.029928+00:00,4716a1279a5146ec977582a181f4a56d
2018-01-27,0.0,0.00,ft^3/s,Approved,[],2025-03-11T20:14:41.029928+00:00,4716a1279a5146ec977582a181f4a56d
2018-01-28,0.0,0.00,ft^3/s,Approved,[],2025-03-11T20:14:41.029928+00:00,4716a1279a5146ec977582a181f4a56d
2018-01-29,0.0,0.00,ft^3/s,Approved,[],2025-03-11T20:14:41.029928+00:00,4716a1279a5146ec977582a181f4a56d
2018-01-30,0.0,0.00,ft^3/s,Approved,[],2025-03-11T20:14:41.029928+00:00,4716a1279a5146ec977582a181f4a56d
2018-01-31,0.0,0.00,ft^3/s,Approved,[],2025-03-11T20:14:41.029928+00:00,4716a1279a5146ec977582a181f4a56d
2018-02-01,0.0,0.00,ft^3/s,Approved,[],2025-03-11T20:14:41.029928+00:00,4716a1279a5146ec977582a181f4a56d
2018-02-02,0.0,0.00,ft^3/s,Approved,[],2025-03-11T20:14:41.029928+00:00,4716a1279a5146ec977582a181f4a56d
2018-02-03,0.0,0.00,ft^3/s,Approved,[],2025-03-11T20:14:41.029928+00:00,4716a1279a5146ec977582a181f4a56d
2018-02-04,0.0,0.00,ft^3/s,Approved,[],2025-03-11T20:14:41.029928+00:00,4716a1279a5146ec977582a181f4a56d
2018-02-05,0.0,0.00,ft^3/s,Approved,[],2025-03-11T20:14:41.029928+00:00,4716a1279a5146ec977582a181f4a56d
2018-02-06,0.0,0.00,ft^3/s,Approved,[],2025-03-11T20:14:41.029928+00:00,4716a1279a5146ec977582a181f4a56d
2018-02-07,0.0,0.00,ft^3/s,Approved,[],2025-03-11T20:14:41.029928+00:00,4716a1279a5146ec977582a181f4a56d
2018-02-08,0.0,0.00,ft^3/s,Approved,[],2025-03-11T20:14:41.029928+00:00,4716a1279a5146ec977582a181f4a56d
2018-02-09,0.0,0.00,ft^3/s,Approved,[],2025-03-11T20:14:41.029928+00:00,4716a1279a5146ec977582a181f4a56d
2018-02-10,0.0,0.00,ft^3/s,Approved,[],2025-03-11T20:14:41.029928+00:00,4716a1279a5146ec977582a181f4a56d
2018-02-11,0.0,0.00,ft^3/s,Approved,[],2025-03-11T20:14:41.029928+00:00,4716a1279a5146ec977582a181f4a56d
2018-02-12,0.0,0.00,ft^3/s,Approved,[],2025-03-11T20:14:41.029928+00:00,4716a1279a5146ec977582a181f4a56d
2018-02-13,0.0,0.00,ft^3/s,Approved,[],2025-03-11T20:14:41.029928+00:00,4716a1279a5146ec977582a181f4a56d
2018-02-14,0.0,0.00,ft^3/s,Approved,[],2025-03-11T20:14:41.029928+00:00,4716a1279a5146ec977582a181f4a56d
2018-02-15,0.0,0.00,ft^3/s,Approved,[],2025-03-11T20:14:41.029928+00:00,4716a1279a5146ec977582a181f4a56d
2018-02-16,0.0,0.00,ft^3/s,Approved,[],2025-03-11T20:14:41.029928+00:00,4716a1279a5146ec977582a181f4a56d
2018-02-17,0.0,0.00,ft^3/s,Approved,[],2025-03-11T20:14:41.029928+00:00,4716a1279a5146ec977582a181f4a56d
2018-02-18,0.0,0.00,ft^3/s,Approved,[],2025-03-11T20:14:41.029928+00:00,4716a1279a5146ec977582a181f4a56d
2018-02-19,0.0,0.00,ft^3/s,Approved,[],2025-03-11T20:14:41.029928+00:00,4716a1279a5146ec977582a181f4a56d
2018-02-20,0.0,0.00,ft^3/s,Approved,[],2025-03-11T20:14:41.029928+00:00,4716a1279a5146ec977582a181f4a56d
2018-02-21,0.0,0.00,ft^3/s,Approved,[],2025-03-11T20:14:41.029928+00:00,4716a1279a5146ec977582a181f4a56d
2018-02-22,0.0,0.00,ft^3/s,Approved,[],2025-03-11T20:14:41.029928+00:00,4716a1279a5146ec977582a181f4a56d
2018-02-23,0.0,0.00,ft^3/s,Approved,[],2025-03-11T20:14:41.029928+00:00,4716a1279a5146ec977582a181f4a56d
2018-02-24,0.0,0.00,ft^3/s,Approved,[],2025-03-11T20:14:41.029928+00:00,4716a1279a5146ec977582a181f4a56d
2018-02-25,0.0,0.00,ft^3/s,Approved,[],2025-03-11T20:14:41.029928+00:00,4716a1279a5146ec977582a181f4a56d
2018-02-26,0.0,0.00,ft^3/s,Approved,[],2025-03-11T20:14:41.029928+00:00,4716a1279a5146ec977582a181f4a56d
2018-02-27,0.0,0.00,ft^3/s,Approved,[],2025-03-11T20:14:41.029928+00:00,4716a1279a5146ec977582a181f4a56d
2018-02-28,0.0,0.00,ft^3/s,Approved,[],2025-03-11T20:14:41.029928+00:00,4716a1279a5146ec977582a181f4a56d
2018-03-01,0.0,0.00,ft^3/s,Approved,[],2025-03-11T20:14:41.029928+00:00,4716a1279a5146ec977582a181f4a56d
2018-03-02,0.0,0.00,ft^3/s,Approved,[],2025-03-11T20:14:41.029928+00:00,4716a1279a5146ec977582a181f4a56d
2018-03-03,0.0,0.00,ft^3/s,Approved,[],2025-03-11T20:14:41.029928+00:00,4716a1279a5146ec977582a181f4a56d
2018-03-04,0.0,0.00,ft^3/s,Approved,[],2025-03-11T20:14:41.029928+00:00,4716a1279a5146ec977582a181f4a56d
2018-03-05,0.0,0.00,ft^3/s,Approved,[],2025-03-11T20:14:41.029928+00:00,4716a1279a5146ec977582a181f4a56d
2018-03-06,0.0,0.00,ft^3/s,Approved,[],2025-03-11T20:14:41.029928+00:00,4716a1279a5146ec977582a181f4a56d
2018-03-07,0.0,0.00,ft^3/s,Approved,[],2025-03-11T20:14:41.029928+00:00,4716a1279a5146ec977582a181f4a56d
2018-03-08,0.0,0.00,ft^3/s,Approved,[],2025-03-11T20:14:41.029928+00:00,4716a1279a5146ec977582a181f4a56d
2018-03-09,0.0,0.00,ft^3/s,Approved,[],2025-03-11T20:14:41.029928+00:00,4716a1279a5146ec977582a181f4a56d
2018-03-10,0.0,0.00,ft^3/s,Approved,[],2025-03-11T20:14:41.029928+00:00,4716a1279a5146ec977582a181f4a56d
2018-03-11,0.0,0.00,ft^3/s,Approved,[],2025-03-11T20:14:41.029928+00:00,4716a1279a5146ec977582a181f4a56d
2018-03-12,0.0,0.00,ft^3/s,Approved,[],2025-03-11T20:14:41.029928+00:00,4716a1279a5146ec977582a181f4a56d
2018-03-13,0.0,0.00,ft^3/s,Approved,[],2025-03-11T20:14:41.029928+00:00,4716a1279a5146ec977582a181f4a56d
2018-03-14,0.0,0.00,ft^3/s,Approved,[],2025-03-11T20:14:41.029928+00:00,4716a1279a5146ec977582a181f4a56d
2018-03-15,0.0,0.00,ft^3/s,Approved,[],2025-03-11T20:14:41.029928+00:00,4716a1279a5146ec977582a181f4a56d
2018-03-16,0.0,0.00,ft^3/s,Approved,[],2025-03-11T20:14:41.029928+00:00,4716a1279a5146ec977582a181f4a56d
2018-03-17,0.0,0.00,ft^3/s,Approved,[],2025-03-11T20:14:41.029928+00:00,4716a1279a5146ec977582a181f4a56d
2018-03-18,0.0,0.00,ft^3/s,Approved,[],2025-03-11T20:14:41.029928+00:00,4716a1279a5146ec977582a181f4a56d
2018-03-19,0.0,0.00,ft^3/s,Approved,[],2025-03-11T20:14:41.029928+00:00,4716a1279a5146ec977582a181f4a56d
2018-03-20,0.0,0.00,ft^3/s,Approved,[],2025-03-11T20:14:41.029928+00:00,4716a1279a5146ec977582a181f4a56d
2018-03-21,0.0,0.00,ft^3/s,Approved,[],2025-03-11T20:14:41.029928+00:00,4716a1279a5146ec977582a181f4a56d
2018-03-22,0.0,0.00,ft^3/s,Approved,[],2025-03-11T20:14:41.029928+00:00,4716a1279a5146ec977582a181f4a56d
2018-03-23,0.0,0.00,ft^3/s,Approved,[],2025-03-11T20:14:41.029928+00:00,4716a1279a5146ec977582a181f4a56d
2018-03-24,0.0,0.00,ft^3/s,Approved,[],2025-03-11T20:14:41.029928+00:00,4716a1279a5146ec977582a181f4a56d
2018-03-25,0.0,0.00,ft^3/s,Approved,[],2025-03-11T20:14:41.029928+00:00,4716a1279a5146ec977582a181f4a56d
2018-03-26,0.0,0.00,ft^3/s,Approved,[],2025-03-11T20:14:41.029928+00:00,4716a1279a5146ec977582a181f4a56d
2018-03-27,0.0,0.00,ft^3/s,Approved,[],2025-03-11T20:14:41.029928+00:00,4716a1279a5146ec977582a181f4a56d
2018-03-28,1.42,1.42,ft^3/s,Approved,[],2025-03-11T20:14:41.029928+00:00,4716a1279a5146ec977582a181f4a56d
2018-03-29,5.58,5.58,ft^3/s,Approved,[],2025-03-11T20:14:41.029928+00:00,4716a1279a5146ec977582a181f4a56d
2018-03-30,0.39,0.39,ft^3/s,Approved,[],2025-03-11T20:14:41.029928+00:00,4716a1279a5146ec977582a181f4a56d
2018-03-31,0.0,0.00,ft^3/s,Approved,[],2025-03-11T20:14:41.029928+00:00,4716a1279a5146ec977582a181f4a56d
2018-04-01,0.0,0.00,ft^3/s,Approved,[],2025-03-11T20:14:41.029928+00:00,4716a1279a5146ec977582a181f4a56d
2018-04-02,0.0,0.00,ft^3/s,Approved,[],2025-03-11T20:14:41.029928+00:00,4716a1279a5146ec977582a181f4a56d
2018-04-03,0.0,0.00,ft^3/s,Approved,[],2025-03-11T20:14:41.029928+00:00,4716a1279a5146ec977582a181f4a56d
2018-04-04,0.0,0.00,ft^3/s,Approved,[],2025-03-11T20:14:41.029928+00:00,4716a1279a5146ec977582a181f4a56d
2018-04-05,0.0,0.00,ft^3/s,Approved,[],2025-03-11T20:14:41.029928+00:00,4716a1279a5146ec977582a181f4a56d
2018-04-06,0.0,0.00,ft^3/s,Approved,[],2025-03-11T20:14:41.029928+00:00,4716a1279a5146ec977582a181f4a56d
2018-04-07,0.0,0.00,ft^3/s,Approved,[],2025-03-11T20:14:41.029928+00:00,4716a1279a5146ec977582a181f4a56d
2018-04-08,0.0,0.00,ft^3/s,Approved,[],2025-03-11T20:14:41.029928+00:00,4716a1279a5146ec977582a181f4a56d
2018-04-09,0.0,0.00,ft^3/s,Approved,[],2025-03-11T20:14:41.029928+00:00,4716a1279a5146ec977582a181f4a56d
2018-04-10,0.0,0.00,ft^3/s,Approved,[],2025-03-11T20:14:41.029928+00:00,4716a1279a5146ec977582a181f4a56d
2018-04-11,0.0,0.00,ft^3/s,Approved,[],2025-03-11T20:14:41.029928+00:00,4716a1279a5146ec977582a181f4a56d
2018-04-12,0.0,0.00,ft^3/s,Approved,[],2025-03-11T20:14:41.029928+00:00,4716a1279a5146ec977582a181f4a56d
2018-04-13,0.0,0.00,ft^3/s,Approved,[],2025-03-11T20:14:41.029928+00:00,4716a1279a5146ec977582a181f4a56d
2018-04-14,0.0,0.00,ft^3/s,Approved,[],2025-03-11T20:14:41.029928+00:00,4716a1279a5146ec977582a181f4a56d
2018-04-15,0.0,0.00,ft^3/s,Approved,[],2025-03-11T20:14:41.029928+00:00,4716a1279a5146ec977582a181f4a56d
2018-04-16,0.0,0.00,ft^3/s,Approved,[],2025-03-11T20:14:41.029928+00:00,4716a1279a5146ec977582a181f4a56d
2018-04-17,0.0,0.00,ft^3/s,Approved,[],2025-03-11T20:14:41.029928+00:00,4716a1279a5146ec977582a181f4a56d
2018-04-18,0.0,0.00,ft^3/s,Approved,[],2025-03-11T20:14:41.029928+00:00,4716a1279a5146ec977582a181f4a56d
2018-04-19,0.0,0.00,ft^3/s,Approved,[],2025-03-11T20:14:41.029928+00:00,4716a1279a5146ec977582a181f4a56d
2018-04-20,0.0,0.00,ft^3/s,Approved,[],2025-03-11T20:14:41.029928+00:00,4716a1279a5146ec977582a181f4a56d
2018-04-21,0.0,0.00,ft^3/s,Approved,[],2025-03-11T20:14:41.029928+00:00,4716a1279a5146ec977582a181f4a56d
2018-04-22,0.0,0.00,ft^3/s,Approved,[],2025-03-11T20:14:41.029928+00:00,4716a1279a5146ec977582a181f4a56d
2018-04-23,0.0,0.00,ft^3/s,Approved,[],2025-03-11T20:14:41.029928+00:00,4716a1279a5146ec977582a181f4a56d
2018-04-24,0.0,0.00,ft^3/s,Approved,[],2025-03-11T20:14:41.029928+00:00,4716a1279a5146ec977582a181f4a56d
2018-04-25,0.0,0.00,ft^3/s,Approved,[],2025-03-11T20:14:41.029928+00:00,4716a1279a5146ec977582a181f4a56d
2018-04-26,0.0,0.00,ft^3/s,Approved,[],2025-03-11T20:14:41.029928+00:00,4716a1279a5146ec977582a181f4a56d
2018-04-27,0.0,0.00,ft^3/s,Approved,[],2025-03-11T20:14:41.029928+00:00,4716a1279a5146ec977582a181f4a56d
2018-04-28,0.0,0.00,ft^3/s,Approved,[],2025-03-11T20:14:41.029928+00:00,4716a1279a5146ec977582a181f4a56d
2018-04-29,0.0,0.00,ft^3/s,Approved,[],2025-03-11T20:14:41.029928+00:00,4716a1279a5146ec977582a181f4a56d
2018-04-30,0.0,0.00,ft^3/s,Approved,[],2025-03-11T20:14:41.029928+00:00,4716a1279a5146ec977582a181f4a56d
2018-05-01,0.0,0.00,ft^3/s,Approved,[],2025-03-11T20:14:41.029928+00:00,4716a1279a5146ec977582a181f4a56d
2018-05-02,0.0,0.00,ft^3/s,Approved,[],2025-03-11T20:14:41.029928+00:00,4716a1279a5146ec977582a181f4a56d
2018-05-03,0.0,0.00,ft^3/s,Approved,[],2025-03-11T20:14:41.029928+00:00,4716a1279a5146ec977582a181f4a56d
2018-05-04,0.0,0.00,ft^3/s,Approved,[],2025-03-11T20:14:41.029928+00:00,4716a1279a5146ec977582a181f4a56d
2018-05-05,0.0,0.00,ft^3/s,Approved,[],2025-03-11T20:14:41.029928+00:00,4716a1279a5146ec977582a181f4a56d
2018-05-06,0.0,0.00,ft^3/s,Approved,[],2025-03-11T20:14:41.029928+00:00,4716a1279a5146ec977582a181f4a56d
2018-05-07,0.0,0.00,ft^3/s,Approved,[],2025-03-11T20:14:41.029928+00:00,4716a1279a5146ec977582a181f4a56d
2018-05-08,0.0,0.00,ft^3/s,Approved,[],2025-03-11T20:14:41.029928+00:00,4716a1279a5146ec977582a181f4a56d
2018-05-09,0.0,0.00,ft^3/s,Approved,[],2025-03-11T20:14:41.029928+00:00,4716a1279a5146ec977582a181f4a56d
2018-05-10,0.0,0.00,ft^3/s,Approved,[],2025-03-11T20:14:41.029928+00:00,4716a1279a5146ec977582a181f4a56d
2018-05-11,0.0,0.00,ft^3/s,Approved,[],2025-03-11T20:14:41.029928+00:00,4716a1279a5146ec977582a181f4a56d
2018-05-12,0.0,0.00,ft^3/s,Approved,[],2025-03-11T20:14:41.029928+00:00,4716a1279a5146ec977582a181f4a56d
2018-05-13,0.0,0.00,ft^3/s,Approved,[],2025-03-11T20:14:41.029928+00:00,4716a1279a5146ec977582a181f4a56d
2018-05-14,0.0,0.00,ft^3/s,Approved,[],2025-03-11T20:14:41.029928+00:00,4716a1279a5146ec977582a181f4a56d
2018-05-15,0.0,0.00,ft^3/s,Approved,[],2025-03-11T20:14:41.029928+00:00,4716a1279a5146ec977582a181f4a56d
2018-05-16,0.0,0.00,ft^3/s,Approved,[],2025-03-11T20:14:41.029928+00:00,4716a1279a5146ec977582a181f4a56d
2018-05-17,0.0,0.00,ft^3/s,Approved,[],2025-03-11T20:14:41.029928+00:00,4716a1279a5146ec977582a181f4a56d
2018-05-18,0.0,0.00,ft^3/s,Approved,[],2025-03-11T20:14:41.029928+00:00,4716a1279a5146ec977582a181f4a56d
2018-05-19,0.0,0.00,ft^3/s,Approved,[],2025-03-11T20:14:41.029928+00:00,4716a1279a5146ec977582a181f4a56d
2018-05-20,0.0,0.00,ft^3/s,Approved,[],2025-03-11T20:14:41.029928+00:00,4716a1279a5146ec977582a181f4a56d
2018-05-21,0.0,0.00,ft^3/s,Approved,[],2025-03-11T20:14:41.029928+00:00,4716a1279a5146ec977582a181f4a56d
2018-05-22,0.0,0.00,ft^3/s,Approved,[],2025-03-11T20:14:41.029928+00:00,4716a1279a5146ec977582a181f4a56d
2018-05-23,0.0,0.00,ft^3/s,Approved,[],2025-03-11T20:14:41.029928+00:00,4716a1279a5146ec977582a181f4a56d
2018-05-24,0.0,0.00,ft^3/s,Approved,[],2025-03-11T20:14:41.029928+00:00,4716a1279a5146ec977582a181f4a56d
2018-05-25,0.0,0.00,ft^3/s,Approved,[],2025-03-11T20:14:41.029928+00:00,4716a1279a5146ec977582a181f4a56d
2018-05-26,0.0,0.00,ft^3/s,Approved,[],2025-03-11T20:14:41.029928+00:00,4716a1279a5146ec977582a181f4a56d
2018-05-27,0.0,0.00,ft^3/s,Approved,[],2025-03-11T20:14:41.029928+00:00,4716a1279a5146ec977582a181f4a56d
2018-05-28,0.0,0.00,ft^3/s,Approved,[],2025-03-11T20:14:41.029928+00:00,4716a1279a5146ec977582a181f4a56d
2018-05-29,0.0,0.00,ft^3/s,Approved,[],2025-03-11T20:14:41.029928+00:00,4716a1279a5146ec977582a181f4a56d
2018-05-30,0.0,0.00,ft^3/s,Approved,[],2025-03-11T20:14:41.029928+00:00,4716a1279a5146ec977582a181f4a56d
2018-05-31,0.0,0.00,ft^3/s,Approved,[],2025-03-11T20:14:41.029928+00:00,4716a1279a5146ec977582a181f4a56d
2018-06-01,0.0,0.00,ft^3/s,Approved,[],2025-03-11T20:14:41.029928+00:00,4716a1279a5146ec977582a181f4a56d
2018-06-02,0.0,0.00,ft^3/s,Approved,[],2025-03-11T20:14:41.029928+00:00,4716a1279a5146ec977582a181f4a56d
2018-06-03,0.0,0.00,ft^3/s,Approved,[],2025-03-11T20:14:41.029928+00:00,4716a1279a5146ec977582a181f4a56d
2018-06-04,0.0,0.00,ft^3/s,Approved,[],2025-03-11T20:14:41.029928+00:00,4716a1279a5146ec977582a181f4a56d
2018-06-05,0.0,0.00,ft^3/s,Approved,[],2025-03-11T20:14:41.029928+00:00,4716a1279a5146ec977582a181f4a56d
2018-06-06,0.0,0.00,ft^3/s,Approved,[],2025-03-11T20:14:41.029928+00:00,4716a1279a5146ec977582a181f4a56d
2018-06-07,0.0,0.00,ft^3/s,Approved,[],2025-03-11T20:14:41.029928+00:00,4716a1279a5146ec977582a181f4a56d
2018-06-08,0.0,0.00,ft^3/s,Approved,[],2025-03-11T20:14:41.029928+00:00,4716a1279a5146ec977582a181f4a56d
2018-06-09,0.0,0.00,ft^3/s,Approved,[],2025-03-11T20:14:41.029928+00:00,4716a1279a5146ec977582a181f4a56d
2018-06-10,0.0,0.00,ft^3/s,Approved,[],2025-03-11T20:14:41.029928+00:00,4716a1279a5146ec977582a181f4a56d
2018-06-11,0.0,0.00,ft^3/s,Approved,[],2025-03-11T20:14:41.029928+00:00,4716a1279a5146ec977582a181f4a56d
2018-06-12,0.0,0.00,ft^3/s,Approved,[],2025-03-11T20:14:41.029928+00:00,4716a1279a5146ec977582a181f4a56d
2018-06-13,0.0,0.00,ft^3/s,Approved,[],2025-03-11T20:14:41.029928+00:00,4716a1279a5146ec977582a181f4a56d
2018-06-14,0.0,0.00,ft^3/s,Approved,[],2025-03-11T20:14:41.029928+00:00,4716a1279a5146ec977582a181f4a56d
2018-06-15,0.0,0.00,ft^3/s,Approved,[],2025-03-11T20:14:41.029928+00:00,4716a1279a5146ec977582a181f4a56d
2018-06-16,0.0,0.00,ft^3/s,Approved,[],2025-03-11T20:14:41.029928+00:00,4716a1279a5146ec977582a181f4a56d
2018-06-17,0.0,0.00,ft^3/s,Approved,[],2025-03-11T20:14:41.029928+00:00,4716a1279a5146ec977582a181f4a56d
2018-06-18,0.0,0.00,ft^3/s,Approved,[],2025-03-11T20:14:41.029928+00:00,4716a1279a5146ec977582a181f4a56d
2018-06-19,0.0,0.00,ft^3/s,Approved,[],2025-03-11T20:14:41.029928+00:00,4716a1279a5146ec977582a181f4a56d
2018-06-20,0.0,0.00,ft^3/s,Approved,[],2025-03-11T20:14:41.029928+00:00,4716a1279a5146ec977582a181f4a56d
2018-06-21,0.0,0.00,ft^3/s,Approved,[],2025-03-11T20:14:41.029928+00:00,4716a1279a5146ec977582a181f4a56d
2018-06-22,0.0,0.00,ft^3/s,Approved,[],2025-03-11T20:14:41.029928+00:00,4716a1279a5146ec977582a181f4a56d
2018-06-23,0.0,0.00,ft^3/s,Approved,[],2025-03-11T20:14:41.029928+00:00,4716a1279a5146ec977582a181f4a56d
2018-06-24,0.0,0.00,ft^3/s,Approved,[],2025-03-11T20:14:41.029928+00:00,4716a1279a5146ec977582a181f4a56d
2018-06-25,0.0,0.00,ft^3/s,Approved,[],2025-03-11T20:14:41.029928+00:00,4716a1279a5146ec977582a181f4a56d
2018-06-26,0.0,0.00,ft^3/s,Approved,[],2025-03-11T20:14:41.029928+00:00,4716a1279a5146ec977582a181f4a56d
2018-06-27,0.0,0.00,ft^3/s,Approved,[],2025-03-11T20:14:41.029928+00:00,4716a1279a5146ec977582a181f4a56d
2018-06-28,0.0,0.00,ft^3/s,Approved,[],2025-03-11T20:14:41.029928+00:00,4716a1279a5146ec977582a181f4a56d
2018-06-29,0.0,0.00,ft^3/s,Approved,[],2025-03-11T20:14:41.029928+00:00,4716a1279a5146ec977582a181f4a56d
2018-06-30,0.0,0.00,ft^3/s,Approved,[],2025-03-11T20:14:41.029928+00:00,4716a1279a5146ec977582a181f4a56d
2018-07-01,0.0,0.00,ft^3/s,Approved,[],2025-03-11T20:14:41.029928+00:00,4716a1279a5146ec977582a181f4a56d
2018-07-02,0.0,0.00,ft^3/s,Approved,[],2025-03-11T20:14:41.029928+00:00,4716a1279a5146ec977582a181f4a56d
2018-07-03,0.0,0.00,ft^3/s,Approved,[],2025-03-11T20:14:41.029928+00:00,4716a1279a5146ec977582a181f4a56d
2018-07-04,0.0,0.00,ft^3/s,Approved,[],2025-03-11T20:14:41.029928+00:00,4716a1279a5146ec977582a181f4a56d
2018-07-05,0.0,0.00,ft^3/s,Approved,[],2025-03-11T20:14:41.029928+00:00,4716a1279a5146ec977582a181f4a56d
2018-07-06,0.0,0.00,ft^3/s,Approved,[],2025-03-11T20:14:41.029928+00:00,4716a1279a5146ec977582a181f4a56d
2018-07-07,0.0,0.00,ft^3/s,Approved,[],2025-03-11T20:14:41.029928+00:00,4716a1279a5146ec977582a181f4a56d
2018-07-08,0.0,0.00,ft^3/s,Approved,[],2025-03-11T20:14:41.029928+00:00,4716a1279a5146ec977582a181f4a56d
2018-07-09,0.0,0.00,ft^3/s,Approved,[],2025-03-11T20:14:41.029928+00:00,4716a1279a5146ec977582a181f4a56d
2018-07-10,0.0,0.00,ft^3/s,Approved,[],2025-03-11T20:14:41.029928+00:00,4716a1279a5146ec977582a181f4a56d
2018-07-11,0.0,0.00,ft^3/s,Approved,[],2025-03-11T20:14:41.029928+00:00,4716a1279a5146ec977582a181f4a56d
2018-07-12,0.0,0.00,ft^3/s,Approved,[],2025-03-11T20:14:41.029928+00:00,4716a1279a5146ec977582a181f4a56d
2018-07-13,0.0,0.00,ft^3/s,Approved,[],2025-03-11T20:14:41.029928+00:00,4716a1279a5146ec977582a181f4a56d
2018-07-14,0.0,0.00,ft^3/s,Approved,[],2025-03-11T20:14:41.029928+00:00,4716a1279a5146ec977582a181f4a56d
2018-07-15,0.0,0.00,ft^3/s,Approved,[],2025-03-11T20:14:41.029928+00:00,4716a1279a5146ec977582a181f4a56d
2018-07-16,0.0,0.00,ft^3/s,Approved,[],2025-03-11T20:14:41.029928+00:00,4716a1279a5146ec977582a181f4a56d
2018-07-17,0.0,0.00,ft^3/s,Approved,[],2025-03-11T20:14:41.029928+00:00,4716a1279a5146ec977582a181f4a56d
2018-07-18,0.0,0.00,ft^3/s,Approved,[],2025-03-11T20:14:41.029928+00:00,4716a1279a5146ec977582a181f4a56d
2018-07-19,0.0,0.00,ft^3/s,Approved,[],2025-03-11T20:14:41.029928+00:00,4716a1279a5146ec977582a181f4a56d
2018-07-20,0.0,0.00,ft^3/s,Approved,[],2025-03-11T20:14:41.029928+00:00,4716a1279a5146ec977582a181f4a56d
2018-07-21,0.0,0.00,ft^3/s,Approved,[],2025-03-11T20:14:41.029928+00:00,4716a1279a5146ec977582a181f4a56d
2018-07-22,0.0,0.00,ft^3/s,Approved,[],2025-03-11T20:14:41.029928+00:00,4716a1279a5146ec977582a181f4a56d
2018-07-23,0.0,0.00,ft^3/s,Approved,[],2025-03-11T20:14:41.029928+00:00,4716a1279a5146ec977582a181f4a56d
2018-07-24,0.0,0.00,ft^3/s,Approved,[],2025-03-11T20:14:41.029928+00:00,4716a1279a5146ec977582a181f4a56d
2018-07-25,0.0,0.00,ft^3/s,Approved,[],2025-03-11T20:14:41.029928+00:00,4716a1279a5146ec977582a181f4a56d
2018-07-26,0.0,0.00,ft^3/s,Approved,[],2025-03-11T20:14:41.029928+00:00,4716a1279a5146ec977582a181f4a56d
2018-07-27,0.0,0.00,ft^3/s,Approved,[],2025-03-11T20:14:41.029928+00:00,4716a1279a5146ec977582a181f4a56d
2018-07-28,0.0,0.00,ft^3/s,Approved,[],2025-03-11T20:14:41.029928+00:00,4716a1279a5146ec977582a181f4a56d
2018-07-29,0.0,0.00,ft^3/s,Approved,[],2025-03-11T20:14:41.029928+00:00,4716a1279a5146ec977582a181f4a56d
2018-07-30,0.0,0.00,ft^3/s,Approved,[],2025-03-11T20:14:41.029928+00:00,4716a1279a5146ec977582a181f4a56d
2018-07-31,0.0,0.00,ft^3/s,Approved,[],2025-03-11T20:14:41.029928+00:00,4716a1279a5146ec977582a181f4a56d
2018-08-01,0.0,0.00,ft^3/s,Approved,[],2025-03-11T20:14:41.029928+00:00,4716a1279a5146ec977582a181f4a56d
2018-08-02,0.0,0.00,ft^3/s,Approved,[],2025-03-11T20:14:41.029928+00:00,4716a1279a5146ec977582a181f4a56d
2018-08-03,0.0,0.00,ft^3/s,Approved,[],2025-03-11T20:14:41.029928+00:00,4716a1279a5146ec977582a181f4a56d
2018-08-04,0.0,0.00,ft^3/s,Approved,[],2025-03-11T20:14:41.029928+00:00,4716a1279a5146ec977582a181f4a56d
2018-08-05,0.0,0.00,ft^3/s,Approved,[],2025-03-11T20:14:41.029928+00:00,4716a1279a5146ec977582a181f4a56d
2018-08-06,0.0,0.00,ft^3/s,Approved,[],2025-03-11T20:14:41.029928+00:00,4716a1279a5146ec977582a181f4a56d
2018-08-07,0.0,0.00,ft^3/s,Approved,[],2025-03-11T20:14:41.029928+00:00,4716a1279a5146ec977582a181f4a56d
2018-08-08,0.0,0.00,ft^3/s,Approved,[],2025-03-11T20:14:41.029928+00:00,4716a1279a5146ec977582a181f4a56d
2018-08-09,0.0,0.00,ft^3/s,Approved,[],2025-03-11T20:14:41.029928+00:00,4716a1279a5146ec977582a181f4a56d
2018-08-10,0.0,0.00,ft^3/s,Approved,[],2025-03-11T20:14:41.029928+00:00,4716a1279a5146ec977582a181f4a56d
2018-08-11,0.0,0.00,ft^3/s,Approved,[],2025-03-11T20:14:41.029928+00:00,4716a1279a5146ec977582a181f4a56d
2018-08-12,0.0,0.00,ft^3/s,Approved,[],2025-03-11T20:14:41.029928+00:00,4716a1279a5146ec977582a181f4a56d
2018-08-13,0.0,0.00,ft^3/s,Approved,[],2025-03-11T20:14:41.029928+00:00,4716a1279a5146ec977582a181f4a56d
2018-08-14,0.0,0.00,ft^3/s,Approved,[],2025-03-11T20:14:41.029928+00:00,4716a1279a5146ec977582a181f4a56d
2018-08-15,0.0,0.00,ft^3/s,Approved,[],2025-03-11T20:14:41.029928+00:00,4716a1279a5146ec977582a181f4a56d
2018-08-16,0.0,0.00,ft^3/s,Approved,[],2025-03-11T20:14:41.029928+00:00,4716a1279a5146ec977582a181f4a56d
2018-08-17,0.0,0.00,ft^3/s,Approved,[],2025-03-11T20:14:41.029928+00:00,4716a1279a5146ec977582a181f4a56d
2018-08-18,0.0,0.00,ft^3/s,Approved,[],2025-03-11T20:14:41.029928+00:00,4716a1279a5146ec977582a181f4a56d
2018-08-19,0.0,0.00,ft^3/s,Approved,[],2025-03-11T20:14:41.029928+00:00,4716a1279a5146ec977582a181f4a56d
2018-08-20,0.0,0.00,ft^3/s,Approved,[],2025-03-11T20:14:41.029928+00:00,4716a1279a5146ec977582a181f4a56d
2018-08-21,0.0,0.00,ft^3/s,Approved,[],2025-03-11T20:14:41.029928+00:00,4716a1279a5146ec977582a181f4a56d
2018-08-22,0.0,0.00,ft^3/s,Approved,[],2025-03-11T20:14:41.029928+00:00,4716a1279a5146ec977582a181f4a56d
2018-08-23,0.0,0.00,ft^3/s,Approved,[],2025-03-11T20:14:41.029928+00:00,4716a1279a5146ec977582a181f4a56d
2018-08-24,0.0,0.00,ft^3/s,Approved,[],2025-03-11T20:14:41.029928+00:00,4716a1279a5146ec977582a181f4a56d
2018-08-25,0.0,0.00,ft^3/s,Approved,[],2025-03-11T20:14:41.029928+00:00,4716a1279a5146ec977582a181f4a56d
2018-08-26,0.0,0.00,ft^3/s,Approved,[],2025-03-11T20:14:41.029928+00:00,4716a1279a5146ec977582a181f4a56d
2018-08-27,0.0,0.00,ft^3/s,Approved,[],2025-03-11T20:14:41.029928+00:00,4716a1279a5146ec977582a181f4a56d
2018-08-28,0.0,0.00,ft^3/s,Approved,[],2025-03-11T20:14:41.029928+00:00,4716a1279a5146ec977582a181f4a56d
2018-08-29,0.0,0.00,ft^3/s,Approved,[],2025-03-11T20:14:41.029928+00:00,4716a1279a5146ec977582a181f4a56d
2018-08-30,0.0,0.00,ft^3/s,Approved,[],2025-03-11T20:14:41.029928+00:00,4716a1279a5146ec977582a181f4a56d
2018-08-31,0.0,0.00,ft^3/s,Approved,[],2025-03-11T20:14:41.029928+00:00,4716a1279a5146ec977582a181f4a56d
2018-09-01,0.0,0.00,ft^3/s,Approved,[],2025-03-11T20:14:41.029928+00:00,4716a1279a5146ec977582a181f4a56d
2018-09-02,0.0,0.00,ft^3/s,Approved,[],2025-03-11T20:14:41.029928+00:00,4716a1279a5146ec977582a181f4a56d
2018-09-03,0.0,0.00,ft^3/s,Approved,[],2025-03-11T20:14:41.029928+00:00,4716a1279a5146ec977582a181f4a56d
2018-09-04,0.0,0.00,ft^3/s,Approved,[],2025-03-11T20:14:41.029928+00:00,4716a1279a5146ec977582a181f4a56d
2018-09-05,0.0,0.00,ft^3/s,Approved,[],2025-03-11T20:14:41.029928+00:00,4716a1279a5146ec977582a181f4a56d
2018-09-06,0.0,0.00,ft^3/s,Approved,[],2025-03-11T20:14:41.029928+00:00,4716a1279a5146ec977582a181f4a56d
2018-09-07,0.0,0.00,ft^3/s,Approved,[],2025-03-11T20:14:41.029928+00:00,4716a1279a5146ec977582a181f4a56d
2018-09-08,0.0,0.00,ft^3/s,Approved,[],2025-03-11T20:14:41.029928+00:00,4716a1279a5146ec977582a181f4a56d
2018-09-09,0.0,0.00,ft^3/s,Approved,[],2025-03-11T20:14:41.029928+00:00,4716a1279a5146ec977582a181f4a56d
2018-09-10,17.3,17.3,ft^3/s,Approved,[],2025-03-11T20:14:41.029928+00:00,4716a1279a5146ec977582a181f4a56d
2018-09-11,0.11,0.11,ft^3/s,Approved,[],2025-03-11T20:14:41.029928+00:00,4716a1279a5146ec977582a181f4a56d
2018-09-12,0.0,0.00,ft^3/s,Approved,[],2025-03-11T20:14:41.029928+00:00,4716a1279a5146ec977582a181f4a56d
2018-09-13,0.0,0.00,ft^3/s,Approved,[],2025-03-11T20:14:41.029928+00:00,4716a1279a5146ec977582a181f4a56d
2018-09-14,0.0,0.00,ft^3/s,Approved,[],2025-03-11T20:14:41.029928+00:00,4716a1279a5146ec977582a181f4a56d
2018-09-15,0.0,0.00,ft^3/s,Approved,[],2025-03-11T20:14:41.029928+00:00,4716a1279a5146ec977582a181f4a56d
2018-09-16,0.0,0.00,ft^3/s,Approved,[],2025-03-11T20:14:41.029928+00:00,4716a1279a5146ec977582a181f4a56d
2018-09-17,0.0,0.00,ft^3/s,Approved,[],2025-03-11T20:14:41.029928+00:00,4716a1279a5146ec977582a181f4a56d
2018-09-18,0.0,0.00,ft^3/s,Approved,[],2025-03-11T20:14:41.029928+00:00,4716a1279a5146ec977582a181f4a56d
2018-09-19,0.0,0.00,ft^3/s,Approved,[],2025-03-11T20:14:41.029928+00:00,4716a1279a5146ec977582a181f4a56d
2018-09-20,0.0,0.00,ft^3/s,Approved,[],2025-03-11T20:14:41.029928+00:00,4716a1279a5146ec977582a181f4a56d
2018-09-21,0.0,0.00,ft^3/s,Approved,[],2025-03-11T20:14:41.029928+00:00,4716a1279a5146ec977582a181f4a56d
2018-09-22,344.0,344,ft^3/s,Approved,[],2025-03-11T20:14:41.029928+00:00,4716a1279a5146ec977582a181f4a56d
2018-09-23,20.9,20.9,ft^3/s,Approved,[],2025-03-11T20:14:41.029928+00:00,4716a1279a5146ec977582a181f4a56d
2018-09-24,1.83,1.83,ft^3/s,Approved,[],2025-03-11T20:14:41.029928+00:00,4716a1279a5146ec977582a181f4a56d
2018-09-25,0.81,0.81,ft^3/s,Approved,[],2025-03-11T20:14:41.029928+00:00,4716a1279a5146ec977582a181f4a56d
2018-09-26,0.31,0.31,ft^3/s,Approved,[],2025-03-11T20:14:41.029928+00:00,4716a1279a5146ec977582a181f4a56d
2018-09-27,0.11,0.11,ft^3/s,Approved,[],2025-03-11T20:14:41.029928+00:00,4716a1279a5146ec977582a181f4a56d
2018-09-28,0.01,0.01,ft^3/s,Approved,[],2025-03-11T20:14:41.029928+00:00,4716a1279a5146ec977582a181f4a56d
2018-09-29,16.2,16.2,ft^3/s,Approved,[],2025-03-11T20:14:41.029928+00:00,4716a1279a5146ec977582a181f4a56d
2018-09-30,4.07,4.07,ft^3/s,Approved,[],2025-03-11T20:14:41.029928+00:00,4716a1279a5146ec977582a181f4a56d
2018-10-01,0.87,0.87,ft^3/s,Approved,[],2025-03-11T20:14:41.029928+00:00,4716a1279a5146ec977582a181f4a56d
2018-10-02,0.54,0.54,ft^3/s,Approved,[],2025-03-11T20:14:41.029928+00:00,4716a1279a5146ec977582a181f4a56d
2018-10-03,0.3,0.30,ft^3/s,Approved,[],2025-03-11T20:14:41.029928+00:00,4716a1279a5146ec977582a181f4a56d
2018-10-04,0.12,0.12,ft^3/s,Approved,[],2025-03-11T20:14:41.029928+00:00,4716a1279a5146ec977582a181f4a56d
2018-10-05,0.02,0.02,ft^3/s,Approved,[],2025-03-11T20:14:41.029928+00:00,4716a1279a5146ec977582a181f4a56d
2018-10-06,0.0,0.00,ft^3/s,Approved,[],2025-03-11T20:14:41.029928+00:00,4716a1279a5146ec977582a181f4a56d
2018-10-07,0.0,0.00,ft^3/s,Approved,[],2025-03-11T20:14:41.029928+00:00,4716a1279a5146ec977582a181f4a56d
2018-10-08,0.0,0.00,ft^3/s,Approved,[],2025-03-11T20:14:41.029928+00:00,4716a1279a5146ec977582a181f4a56d
2018-10-09,0.88,0.88,ft^3/s,Approved,[],2025-03-11T20:14:41.029928+00:00,4716a1279a5146ec977582a181f4a56d
2018-10-10,4.03,4.03,ft^3/s,Approved,[],2025-03-11T20:14:41.029928+00:00,4716a1279a5146ec977582a181f4a56d
2018-10-11,1.13,1.13,ft^3/s,Approved,[],2025-03-11T20:14:41.029928+00:00,4716a1279a5146ec977582a181f4a56d
2018-10-12,0.91,0.91,ft^3/s,Approved,[],2025-03-11T20:14:41.029928+00:00,4716a1279a5146ec977582a181f4a56d
2018-10-13,0.66,0.66,ft^3/s,Approved,[],2025-03-11T20:14:41.029928+00:00,4716a1279a5146ec977582a181f4a56d
2018-10-14,0.54,0.54,ft^3/s,Approved,[],2025-03-11T20:14:41.029928+00:00,4716a1279a5146ec977582a181f4a56d
2018-10-15,24.8,24.8,ft^3/s,Approved,[],2025-03-11T20:14:41.029928+00:00,4716a1279a5146ec977582a181f4a56d
2018-10-16,1960.0,1960,ft^3/s,Approved,[],2025-03-11T20:14:41.029928+00:00,4716a1279a5146ec977582a181f4a56d
2018-10-17,199.0,199,ft^3/s,Approved,[],2025-03-11T20:14:41.029928+00:00,4716a1279a5146ec977582a181f4a56d
2018-10-18,159.0,159,ft^3/s,Approved,[],2025-03-11T20:14:41.029928+00:00,4716a1279a5146ec977582a181f4a56d
2018-10-19,252.0,252,ft^3/s,Approved,[],2025-03-11T20:14:41.029928+00:00,4716a1279a5146ec977582a181f4a56d
2018-10-20,276.0,276,ft^3/s,Approved,[],2025-03-11T20:14:41.029928+00:00,4716a1279a5146ec977582a181f4a56d
2018-10-21,93.3,93.3,ft^3/s,Approved,[],2025-03-11T20:14:41.029928+00:00,4716a1279a5146ec977582a181f4a56d
2018-10-22,58.6,58.6,ft^3/s,Approved,[],2025-03-11T20:14:41.029928+00:00,4716a1279a5146ec977582a181f4a56d
2018-10-23,50.9,50.9,ft^3/s,Approved,[],2025-03-11T20:14:41.029928+00:00,4716a1279a5146ec977582a181f4a56d
2018-10-24,55.4,55.4,ft^3/s,Approved,[],2025-03-11T20:14:41.029928+00:00,4716a1279a5146ec977582a181f4a56d
2018-10-25,190.0,190,ft^3/s,Approved,[],2025-03-11T20:14:41.029928+00:00,4716a1279a5146ec977582a181f4a56d
2018-10-26,81.1,81.1,ft^3/s,Approved,[],2025-03-11T20:14:41.029928+00:00,4716a1279a5146ec977582a181f4a56d
2018-10-27,52.1,52.1,ft^3/s,Approved,[],2025-03-11T20:14:41.029928+00:00,4716a1279a5146ec977582a181f4a56d
2018-10-28,40.5,40.5,ft^3/s,Approved,[],2025-03-11T20:14:41.029928+00:00,4716a1279a5146ec977582a181f4a56d
2018-10-29,34.2,34.2,ft^3/s,Approved,[],2025-03-11T20:14:41.029928+00:00,4716a1279a5146ec977582a181f4a56d
2018-10-30,31.6,31.6,ft^3/s,Approved,[],2025-03-11T20:14:41.029928+00:00,4716a1279a5146ec977582a181f4a56d
2018-10-31,30.4,30.4,ft^3/s,Approved,[],2025-03-11T20:14:41.029928+00:00,4716a1279a5146ec977582a181f4a56d
2018-11-01,29.7,29.7,ft^3/s,Approved,[],2025-03-11T20:14:41.029928+00:00,4716a1279a5146ec977582a181f4a56d
2018-11-02,27.5,27.5,ft^3/s,Approved,[],2025-03-11T20:14:41.029928+00:00,4716a1279a5146ec977582a181f4a56d
2018-11-03,25.3,25.3,ft^3/s,Approved,[],2025-03-11T20:14:41.029928+00:00,4716a1279a5146ec977582a181f4a56d
2018-11-04,28.5,28.5,ft^3/s,Approved,[],2025-03-11T20:14:41.029928+00:00,4716a1279a5146ec977582a181f4a56d
2018-11-05,25.8,25.8,ft^3/s,Approved,[],2025-03-11T20:14:41.029928+00:00,4716a1279a5146ec977582a181f4a56d
2018-11-06,24.8,24.8,ft^3/s,Approved,[],2025-03-11T20:14:41.029928+00:00,4716a1279a5146ec977582a181f4a56d
2018-11-07,23.8,23.8,ft^3/s,Approved,[],2025-03-11T20:14:41.029928+00:00,4716a1279a5146ec977582a181f4a56d
2018-11-08,42.0,42.0,ft^3/s,Approved,[],2025-03-11T20:14:41.029928+00:00,4716a1279a5146ec977582a181f4a56d
2018-11-09,64.5,64.5,ft^3/s,Approved,[],2025-03-11T20:14:41.029928+00:00,4716a1279a5146ec977582a181f4a56d
2018-11-10,29.1,29.1,ft^3/s,Approved,[],2025-03-11T20:14:41.029928+00:00,4716a1279a5146ec977582a181f4a56d
2018-11-11,26.5,26.5,ft^3/s,Approved,[],2025-03-11T20:14:41.029928+00:00,4716a1279a5146ec977582a181f4a56d
2018-11-12,48.7,48.7,ft^3/s,Approved,[],2025-03-11T20:14:41.029928+00:00,4716a1279a5146ec977582a181f4a56d
2018-11-13,46.5,46.5,ft^3/s,Approved,[],2025-03-11T20:14:41.029928+00:00,4716a1279a5146ec977582a181f4a56d
2018-11-14,30.2,30.2,ft^3/s,Approved,[],2025-03-11T20:14:41.029928+00:00,4716a1279a5146ec977582a181f4a56d
2018-11-15,28.4,28.4,ft^3/s,Approved,[],2025-03-11T20:14:41.029928+00:00,4716a1279a5146ec977582a181f4a56d
2018-11-16,28.0,28.0,ft^3/s,Approved,[],2025-03-11T20:14:41.029928+00:00,4716a1279a5146ec977582a181f4a56d
2018-11-17,26.4,26.4,ft^3/s,Approved,[],2025-03-11T20:14:41.029928+00:00,4716a1279a5146ec977582a181f4a56d
2018-11-18,24.4,24.4,ft^3/s,Approved,[],2025-03-11T20:14:41.029928+00:00,4716a1279a5146ec977582a181f4a56d
2018-11-19,22.5,22.5,ft^3/s,Approved,[],2025-03-11T20:14:41.029928+00:00,4716a1279a5146ec977582a181f4a56d
2018-11-20,21.5,21.5,ft^3/s,Approved,[],2025-03-11T20:14:41.029928+00:00,4716a1279a5146ec977582a181f4a56d
2018-11-21,20.6,20.6,ft^3/s,Approved,[],2025-03-11T20:14:41.029928+00:00,4716a1279a5146ec977582a181f4a56d
2018-11-22,20.4,20.4,ft^3/s,Approved,[],2025-03-11T20:14:41.029928+00:00,4716a1279a5146ec977582a181f4a56d
2018-11-23,21.0,21.0,ft^3/s,Approved,[],2025-03-11T20:14:41.029928+00:00,4716a1279a5146ec977582a181f4a56d
2018-11-24,20.7,20.7,ft^3/s,Approved,[],2025-03-11T20:14:41.029928+00:00,4716a1279a5146ec977582a181f4a56d
2018-11-25,20.2,20.2,ft^3/s,Approved,[],2025-03-11T20:14:41.029928+00:00,4716a1279a5146ec977582a181f4a56d
2018-11-26,17.9,17.9,ft^3/s,Approved,[],2025-03-11T20:14:41.029928+00:00,4716a1279a5146ec977582a181f4a56d
2018-11-27,16.7,16.7,ft^3/s,Approved,[],2025-03-11T20:14:41.029928+00:00,4716a1279a5146ec977582a181f4a56d
2018-11-28,17.1,17.1,ft^3/s,Approved,[],2025-03-11T20:14:41.029928+00:00,4716a1279a5146ec977582a181f4a56d
2018-11-29,18.0,18.0,ft^3/s,Approved,[],2025-03-11T20:14:41.029928+00:00,4716a1279a5146ec977582a181f4a56d
2018-11-30,18.0,18.0,ft^3/s,Approved,[],2025-03-11T20:14:41.029928+00:00,4716a1279a5146ec977582a181f4a56d
2018-12-01,18.1,18.1,ft^3/s,Approved,[],2025-03-11T20:14:41.029928+00:00,4716a1279a5146ec977582a181f4a56d
2018-12-02,17.1,17.1,ft^3/s,Approved,[],2025-03-11T20:14:41.029928+00:00,4716a1279a5146ec977582a181f4a56d
2018-12-03,15.1,15.1,ft^3/s,Approved,[],2025-03-11T20:14:41.029928+00:00,4716a1279a5146ec977582a181f4a56d
2018-12-04,13.8,13.8,ft^3/s,Approved,[],2025-03-11T20:14:41.029928+00:00,4716a1279a5146ec977582a181f4a56d
2018-12-05,13.1,13.1,ft^3/s,Approved,[],2025-03-11T20:14:41.029928+00:00,4716a1279a5146ec977582a181f4a56d
2018-12-06,12.9,12.9,ft^3/s,Approved,[],2025-03-11T20:14:41.029928+00:00,4716a1279a5146ec977582a181f4a56d
2018-12-07,120.0,120,ft^3/s,Approved,[],2025-03-11T20:14:41.029928+00:00,4716a1279a5146ec977582a181f4a56d
2018-12-08,673.0,673,ft^3/s,Approved,[],2025-03-11T20:14:41.029928+00:00,4716a1279a5146ec977582a181f4a56d
2018-12-09,118.0,118,ft^3/s,Approved,[],2025-03-11T20:14:41.029928+00:00,4716a1279a5146ec977582a181f4a56d
2018-12-10,70.8,70.8,ft^3/s,Approved,[],2025-03-11T20:14:41.029928+00:00,4716a1279a5146ec977582a181f4a56d
2018-12-11,56.8,56.8,ft^3/s,Approved,[],2025-03-11T20:14:41.029928+00:00,4716a1279a5146ec977582a181f4a56d
2018-12-12,52.5,52.5,ft^3/s,Approved,[],2025-03-11T20:14:41.029928+00:00,4716a1279a5146ec977582a181f4a56d
2018-12-13,51.1,51.1,ft^3/s,Approved,[],2025-03-11T20:14:41.029928+00:00,4716a1279a5146ec977582a181f4a56d
2018-12-14,43.0,43.0,ft^3/s,Approved,[],2025-03-11T20:14:41.029928+00:00,4716a1279a5146ec977582a181f4a56d
2018-12-15,36.4,36.4,ft^3/s,Approved,[],2025-03-11T20:14:41.029928+00:00,4716a1279a5146ec977582a181f4a56d
2018-12-16,33.3,33.3,ft^3/s,Approved,[],2025-03-11T20:14:41.029928+00:00,4716a1279a5146ec977582a181f4a56d
2018-12-17,32.2,32.2,ft^3/s,Approved,[],2025-03-11T20:14:41.029928+00:00,4716a1279a5146ec977582a181f4a56d
2018-12-18,31.8,31.8,ft^3/s,Approved,[],2025-03-11T20:14:41.029928+00:00,4716a1279a5146ec977582a181f4a56d
2018-12-19,31.6,31.6,ft^3/s,Approved,[],2025-03-11T20:14:41.029928+00:00,4716a1279a5146ec977582a181f4a56d
2018-12-20,31.3,31.3,ft^3/s,Approved,[],2025-03-11T20:14:41.029928+00:00,4716a1279a5146ec977582a181f4a56d
2018-12-21,28.2,28.2,ft^3/s,Approved,[],2025-03-11T20:14:41.029928+00:00,4716a1279a5146ec977582a181f4a56d
2018-12-22,26.4,26.4,ft^3/s,Approved,[],2025-03-11T20:14:41.029928+00:00,4716a1279a5146ec977582a181f4a56d
2018-12-23,24.5,24.5,ft^3/s,Approved,[],2025-03-11T20:14:41.029928+00:00,4716a1279a5146ec977582a181f4a56d
2018-12-24,22.6,22.6,ft^3/s,Approved,[],2025-03-11T20:14:41.029928+00:00,4716a1279a5146ec977582a181f4a56d
2018-12-25,23.1,23.1,ft^3/s,Approved,[],2025-03-11T20:14:41.029928+00:00,4716a1279a5146ec977582a181f4a56d
2018-12-26,27.3,27.3,ft^3/s,Approved,[],2025-03-11T20:14:41.029928+00:00,4716a1279a5146ec977582a181f4a56d
2018-12-27,778.0,778,ft^3/s,Approved,[],2025-03-11T20:14:41.029928+00:00,4716a1279a5146ec977582a181f4a56d
2018-12-28,101.0,101,ft^3/s,Approved,[],2025-03-11T20:14:41.029928+00:00,4716a1279a5146ec977582a181f4a56d
2018-12-29,60.7,60.7,ft^3/s,Approved,[],2025-03-11T20:14:41.029928+00:00,4716a1279a5146ec977582a181f4a56d
2018-12-30,51.6,51.6,ft^3/s,Approved,[],2025-03-11T20:14:41.029928+00:00,4716a1279a5146ec977582a181f4a56d
2018-12-31,94.9,94.9,ft^3/s,Approved,[],2025-03-11T20:14:41.029928+00:00,4716a1279a5146ec977582a181f4a56d
2019-01-01,73.1,73.1,ft^3/s,Approved,[],2025-03-11T20:14:41.029928+00:00,4716a1279a5146ec977582a181f4a56d
2019-01-02,1340.0,1340,ft^3/s,Approved,[],2025-03-11T20:14:41.029928+00:00,4716a1279a5146ec977582a181f4a56d
2019-01-03,695.0,695,ft^3/s,Approved,[],2025-03-11T20:14:41.029928+00:00,4716a1279a5146ec977582a181f4a56d
2019-01-04,194.0,194,ft^3/s,Approved,[],2025-03-11T20:14:41.029928+00:00,4716a1279a5146ec977582a181f4a56d
2019-01-05,119.0,119,ft^3/s,Approved,[],2025-03-11T20:14:41.029928+00:00,4716a1279a5146ec977582a181f4a56d
2019-01-06,98.3,98.3,ft^3/s,Approved,[],2025-03-11T20:14:41.029928+00:00,4716a1279a5146ec977582a181f4a56d
2019-01-07,91.0,91.0,ft^3/s,Approved,[],2025-03-11T20:14:41.029928+00:00,4716a1279a5146ec977582a181f4a56d
2019-01-08,79.8,79.8,ft^3/s,Approved,[],2025-03-11T20:14:41.029928+00:00,4716a1279a5146ec977582a181f4a56d
2019-01-09,66.6,66.6,ft^3/s,Approved,[],2025-03-11T20:14:41.029928+00:00,4716a1279a5146ec977582a181f4a56d
2019-01-10,59.4,59.4,ft^3/s,Approved,[],2025-03-11T20:14:41.029928+00:00,4716a1279a5146ec977582a181f4a56d
2019-01-11,59.9,59.9,ft^3/s,Approved,[],2025-03-11T20:14:41.029928+00:00,4716a1279a5146ec977582a181f4a56d
2019-01-12,103.0,103,ft^3/s,Approved,[],2025-03-11T20:14:41.029928+00:00,4716a1279a5146ec977582a181f4a56d
2019-01-13,67.4,67.4,ft^3/s,Approved,[],2025-03-11T20:14:41.029928+00:00,4716a1279a5146ec977582a181f4a56d
2019-01-14,55.4,55.4,ft^3/s,Approved,[],2025-03-11T20:14:41.029928+00:00,4716a1279a5146ec977582a181f4a56d
2019-01-15,52.8,52.8,ft^3/s,Approved,[],2025-03-11T20:14:41.029928+00:00,4716a1279a5146ec977582a181f4a56d
2019-01-16,52.9,52.9,ft^3/s,Approved,[],2025-03-11T20:14:41.029928+00:00,4716a1279a5146ec977582a181f4a56d
2019-01-17,54.4,54.4,ft^3/s,Approved,[],2025-03-11T20:14:41.029928+00:00,4716a1279a5146ec977582a181f4a56d
2019-01-18,50.6,50.6,ft^3/s,Approved,[],2025-03-11T20:14:41.029928+00:00,4716a1279a5146ec977582a181f4a56d
2019-01-19,47.7,47.7,ft^3/s,Approved,[],2025-03-11T20:14:41.029928+00:00,4716a1279a5146ec977582a181f4a56d
2019-01-20,42.5,42.5,ft^3/s,Approved,[],2025-03-11T20:14:41.029928+00:00,4716a1279a5146ec977582a181f4a56d
2019-01-21,41.4,41.4,ft^3/s,Approved,[],2025-03-11T20:14:41.029928+00:00,4716a1279a5146ec977582a181f4a56d
2019-01-22,42.6,42.6,ft^3/s,Approved,[],2025-03-11T20:14:41.029928+00:00,4716a1279a5146ec977582a181f4a56d
2019-01-23,43.2,43.2,ft^3/s,Approved,[],2025-03-11T20:14:41.029928+00:00,4716a1279a5146ec977582a181f4a56d
2019-01-24,40.3,40.3,ft^3/s,Approved,[],2025-03-11T20:14:41.029928+00:00,4716a1279a5146ec977582a181f4a56d
2019-01-25,38.5,38.5,ft^3/s,Approved,[],2025-03-11T20:14:41.029928+00:00,4716a1279a5146ec977582a181f4a56d
2019-01-26,47.2,47.2,ft^3/s,Approved,[],2025-03-11T20:14:41.029928+00:00,4716a1279a5146ec977582a181f4a56d
2019-01-27,57.4,57.4,ft^3/s,Approved,[],2025-03-11T20:14:41.029928+00:00,4716a1279a5146ec977582a181f4a56d
2019-01-28,49.3,49.3,ft^3/s,Approved,[],2025-03-11T20:14:41.029928+00:00,4716a1279a5146ec977582a181f4a56d
2019-01-29,42.2,42.2,ft^3/s,Approved,[],2025-03-11T20:14:41.029928+00:00,4716a1279a5146ec977582a181f4a56d
2019-01-30,38.9,38.9,ft^3/s,Approved,[],2025-03-11T20:14:41.029928+00:00,4716a1279a5146ec977582a181f4a56d
2019-01-31,39.2,39.2,ft^3/s,Approved,[],2025-03-11T20:14:41.029928+00:00,4716a1279a5146ec977582a181f4a56d
2019-02-01,40.5,40.5,ft^3/s,Approved,[],2025-03-11T20:14:41.029928+00:00,4716a1279a5146ec977582a181f4a56d
2019-02-02,41.6,41.6,ft^3/s,Approved,[],2025-03-11T20:14:41.029928+00:00,4716a1279a5146ec977582a181f4a56d
2019-02-03,42.7,42.7,ft^3/s,Approved,[],2025-03-11T20:14:41.029928+00:00,4716a1279a5146ec977582a181f4a56d
2019-02-04,43.5,43.5,ft^3/s,Approved,[],2025-03-11T20:14:41.029928+00:00,4716a1279a5146ec977582a181f4a56d
2019-02-05,41.7,41.7,ft^3/s,Approved,[],2025-03-11T20:14:41.029928+00:00,4716a1279a5146ec977582a181f4a56d
2019-02-06,41.4,41.4,ft^3/s,Approved,[],2025-03-11T20:14:41.029928+00:00,4716a1279a5146ec977582a181f4a56d
2019-02-07,38.4,38.4,ft^3/s,Approved,[],2025-03-11T20:14:41.029928+00:00,4716a1279a5146ec977582a181f4a56d
2019-02-08,33.8,33.8,ft^3/s,Approved,[],2025-03-11T20:14:41.029928+00:00,4716a1279a5146ec977582a181f4a56d
2019-02-09,34.3,34.3,ft^3/s,Approved,[],2025-03-11T20:14:41.029928+00:00,4716a1279a5146ec977582a181f4a56d
2019-02-10,44.0,44.0,ft^3/s,Approved,[],2025-03-11T20:14:41.029928+00:00,4716a1279a5146ec977582a181f4a56d
2019-02-11,50.3,50.3,ft^3/s,Approved,[],2025-03-11T20:14:41.029928+00:00,4716a1279a5146ec977582a181f4a56d
2019-02-12,45.6,45.6,ft^3/s,Approved,[],2025-03-11T20:14:41.029928+00:00,4716a1279a5146ec977582a181f4a56d
2019-02-13,37.1,37.1,ft^3/s,Approved,[],2025-03-11T20:14:41.029928+00:00,4716a1279a5146ec977582a181f4a56d
2019-02-14,33.7,33.7,ft^3/s,Approved,[],2025-03-11T20:14:41.029928+00:00,4716a1279a5146ec977582a181f4a56d
2019-02-15,33.1,33.1,ft^3/s,Approved,[],2025-03-11T20:14:41.029928+00:00,4716a1279a5146ec977582a181f4a56d
2019-02-16,29.9,29.9,ft^3/s,Approved,[],2025-03-11T20:14:41.029928+00:00,4716a1279a5146ec977582a181f4a56d
2019-02-17,28.6,28.6,ft^3/s,Approved,[],2025-03-11T20:14:41.029928+00:00,4716a1279a5146ec977582a181f4a56d
2019-02-18,26.7,26.7,ft^3/s,Approved,[],2025-03-11T20:14:41.029928+00:00,4716a1279a5146ec977582a181f4a56d
2019-02-19,25.7,25.7,ft^3/s,Approved,[],2025-03-11T20:14:41.029928+00:00,4716a1279a5146ec977582a181f4a56d
2019-02-20,33.3,33.3,ft^3/s,Approved,[],2025-03-11T20:14:41.029928+00:00,4716a1279a5146ec977582a181f4a56d
2019-02-21,29.5,29.5,ft^3/s,Approved,[],2025-03-11T20:14:41.029928+00:00,4716a1279a5146ec977582a181f4a56d
2019-02-22,26.0,26.0,ft^3/s,Approved,[],2025-03-11T20:14:41.029928+00:00,4716a1279a5146ec977582a181f4a56d
2019-02-23,25.8,25.8,ft^3/s,Approved,[],2025-03-11T20:14:41.029928+00:00,4716a1279a5146ec977582a181f4a56d
2019-02-24,23.6,23.6,ft^3/s,Approved,[],2025-03-11T20:14:41.029928+00:00,4716a1279a5146ec977582a181f4a56d
2019-02-25,21.4,21.4,ft^3/s,Approved,[],2025-03-11T20:14:41.029928+00:00,4716a1279a5146ec977582a181f4a56d
2019-02-26,20.4,20.4,ft^3/s,Approved,[],2025-03-11T20:14:41.029928+00:00,4716a1279a5146ec977582a181f4a56d
2019-02-27,19.7,19.7,ft^3/s,Approved,[],2025-03-11T20:14:41.029928+00:00,4716a1279a5146ec977582a181f4a56d
2019-02-28,18.1,18.1,ft^3/s,Approved,[],2025-03-11T20:14:41.029928+00:00,4716a1279a5146ec977582a181f4a56d
2019-03-01,17.3,17.3,ft^3/s,Approved,[],2025-03-11T20:14:41.029928+00:00,4716a1279a5146ec977582a181f4a56d
2019-03-02,17.2,17.2,ft^3/s,Approved,[],2025-03-11T20:14:41.029928+00:00,4716a1279a5146ec977582a181f4a56d
2019-03-03,16.9,16.9,ft^3/s,Approved,[],2025-03-11T20:14:41.029928+00:00,4716a1279a5146ec977582a181f4a56d
2019-03-04,16.1,16.1,ft^3/s,Approved,[],2025-03-11T20:14:41.029928+00:00,4716a1279a5146ec977582a181f4a56d
2019-03-05,15.6,15.6,ft^3/s,Approved,[],2025-03-11T20:14:41.029928+00:00,4716a1279a5146ec977582a181f4a56d
2019-03-06,15.4,15.4,ft^3/s,Approved,[],2025-03-11T20:14:41.029928+00:00,4716a1279a5146ec977582a181f4a56d
2019-03-07,15.9,15.9,ft^3/s,Approved,[],2025-03-11T20:14:41.029928+00:00,4716a1279a5146ec977582a181f4a56d
2019-03-08,16.3,16.3,ft^3/s,Approved,[],2025-03-11T20:14:41.029928+00:00,4716a1279a5146ec977582a181f4a56d
2019-03-09,16.4,16.4,ft^3/s,Approved,[],2025-03-11T20:14:41.029928+00:00,4716a1279a5146ec977582a181f4a56d
2019-03-10,15.5,15.5,ft^3/s,Approved,[],2025-03-11T20:14:41.029928+00:00,4716a1279a5146ec977582a181f4a56d
2019-03-11,14.0,14.0,ft^3/s,Approved,[],2025-03-11T20:14:41.029928+00:00,4716a1279a5146ec977582a181f4a56d
2019-03-12,13.7,13.7,ft^3/s,Approved,[],2025-03-11T20:14:41.029928+00:00,4716a1279a5146ec977582a181f4a56d
2019-03-13,17.4,17.4,ft^3/s,Approved,[],2025-03-11T20:14:41.029928+00:00,4716a1279a5146ec977582a181f4a56d
2019-03-14,38.3,38.3,ft^3/s,Approved,[],2025-03-11T20:14:41.029928+00:00,4716a1279a5146ec977582a181f4a56d
2019-03-15,20.3,20.3,ft^3/s,Approved,[],2025-03-11T20:14:41.029928+00:00,4716a1279a5146ec977582a181f4a56d
2019-03-16,15.6,15.6,ft^3/s,Approved,[],2025-03-11T20:14:41.029928+00:00,4716a1279a5146ec977582a181f4a56d
2019-03-17,14.4,14.4,ft^3/s,Approved,[],2025-03-11T20:14:41.029928+00:00,4716a1279a5146ec977582a181f4a56d
2019-03-18,14.3,14.3,ft^3/s,Approved,[],2025-03-11T20:14:41.029928+00:00,4716a1279a5146ec977582a181f4a56d
2019-03-19,13.7,13.7,ft^3/s,Approved,[],2025-03-11T20:14:41.029928+00:00,4716a1279a5146ec977582a181f4a56d
2019-03-20,13.2,13.2,ft^3/s,Approved,[],2025-03-11T20:14:41.029928+00:00,4716a1279a5146ec977582a181f4a56d
2019-03-21,13.1,13.1,ft^3/s,Approved,[],2025-03-11T20:14:41.029928+00:00,4716a1279a5146ec977582a181f4a56d
2019-03-22,12.7,12.7,ft^3/s,Approved,[],2025-03-11T20:14:41.029928+00:00,4716a1279a5146ec977582a181f4a56d
2019-03-23,11.8,11.8,ft^3/s,Approved,[],2025-03-11T20:14:41.029928+00:00,4716a1279a5146ec977582a181f4a56d
2019-03-24,11.6,11.6,ft^3/s,Approved,[],2025-03-11T20:14:41.029928+00:00,4716a1279a5146ec977582a181f4a56d
2019-03-25,12.5,12.5,ft^3/s,Approved,[],2025-03-11T20:14:41.029928+00:00,4716a1279a5146ec977582a181f4a56d
2019-03-26,12.7,12.7,ft^3/s,Approved,[],2025-03-11T20:14:41.029928+00:00,4716a1279a5146ec977582a181f4a56d
2019-03-27,12.3,12.3,ft^3/s,Approved,[],2025-03-11T20:14:41.029928+00:00,4716a1279a5146ec977582a181f4a56d
2019-03-28,12.0,12.0,ft^3/s,Approved,[],2025-03-11T20:14:41.029928+00:00,4716a1279a5146ec977582a181f4a56d
2019-03-29,10.9,10.9,ft^3/s,Approved,[],2025-03-11T20:14:41.029928+00:00,4716a1279a5146ec977582a181f4a56d
2019-03-30,9.96,9.96,ft^3/s,Approved,[],2025-03-11T20:14:41.029928+00:00,4716a1279a5146ec977582a181f4a56d
2019-03-31,9.62,9.62,ft^3/s,Approved,[],2025-03-11T20:14:41.029928+00:00,4716a1279a5146ec977582a181f4a56d
2019-04-01,9.82,9.82,ft^3/s,Approved,[],2025-03-11T20:14:41.029928+00:00,4716a1279a5146ec977582a181f4a56d
2019-04-02,9.58,9.58,ft^3/s,Approved,[],2025-03-11T20:14:41.029928+00:00,4716a1279a5146ec977582a181f4a56d
2019-04-03,9.94,9.94,ft^3/s,Approved,[],2025-03-11T20:14:41.029928+00:00,4716a1279a5146ec977582a181f4a56d
2019-04-04,10.1,10.1,ft^3/s,Approved,[],2025-03-11T20:14:41.029928+00:00,4716a1279a5146ec977582a181f4a56d
2019-04-05,9.4,9.40,ft^3/s,Approved,[],2025-03-11T20:14:41.029928+00:00,4716a1279a5146ec977582a181f4a56d
2019-04-06,124.0,124,ft^3/s,Approved,[],2025-03-11T20:14:41.029928+00:00,4716a1279a5146ec977582a181f4a56d
2019-04-07,137.0,137,ft^3/s,Approved,[],2025-03-11T20:14:41.029928+00:00,4716a1279a5146ec977582a181f4a56d
2019-04-08,71.5,71.5,ft^3/s,Approved,[],2025-03-11T20:14:41.029928+00:00,4716a1279a5146ec977582a181f4a56d
2019-04-09,40.1,40.1,ft^3/s,Approved,[],2025-03-11T20:14:41.029928+00:00,4716a1279a5146ec977582a181f4a56d
2019-04-10,23.0,23.0,ft^3/s,Approved,[],2025-03-11T20:14:41.029928+00:00,4716a1279a5146ec977582a181f4a56d
2019-04-11,18.9,18.9,ft^3/s,Approved,[],2025-03-11T20:14:41.029928+00:00,4716a1279a5146ec977582a181f4a56d
2019-04-12,16.5,16.5,ft^3/s,Approved,[],2025-03-11T20:14:41.029928+00:00,4716a1279a5146ec977582a181f4a56d
2019-04-13,15.1,15.1,ft^3/s,Approved,[],2025-03-11T20:14:41.029928+00:00,4716a1279a5146ec977582a181f4a56d
2019-04-14,14.9,14.9,ft^3/s,Approved,[],2025-03-11T20:14:41.029928+00:00,4716a1279a5146ec977582a181f4a56d
2019-04-15,17.4,17.4,ft^3/s,Approved,[],2025-03-11T20:14:41.029928+00:00,4716a1279a5146ec977582a181f4a56d
2019-04-16,19.7,19.7,ft^3/s,Approved,[],2025-03-11T20:14:41.029928+00:00,4716a1279a5146ec977582a181f4a56d
2019-04-17,19.1,19.1,ft^3/s,Approved,[],2025-03-11T20:14:41.029928+00:00,4716a1279a5146ec977582a181f4a56d
2019-04-18,26.1,26.1,ft^3/s,Approved,[],2025-03-11T20:14:41.029928+00:00,4716a1279a5146ec977582a181f4a56d
2019-04-19,19.0,19.0,ft^3/s,Approved,[],2025-03-11T20:14:41.029928+00:00,4716a1279a5146ec977582a181f4a56d
2019-04-20,16.8,16.8,ft^3/s,Approved,[],2025-03-11T20:14:41.029928+00:00,4716a1279a5146ec977582a181f4a56d
2019-04-21,10.3,10.3,ft^3/s,Approved,[],2025-03-11T20:14:41.029928+00:00,4716a1279a5146ec977582a181f4a56d
2019-04-22,19.3,19.3,ft^3/s,Approved,[],2025-03-11T20:14:41.029928+00:00,4716a1279a5146ec977582a181f4a56d
2019-04-23,16.3,16.3,ft^3/s,Approved,[],2025-03-11T20:14:41.029928+00:00,4716a1279a5146ec977582a181f4a56d
2019-04-24,668.0,668,ft^3/s,Approved,[],2025-03-11T20:14:41.029928+00:00,4716a1279a5146ec977582a181f4a56d
2019-04-25,339.0,339,ft^3/s,Approved,[],2025-03-11T20:14:41.029928+00:00,4716a1279a5146ec977582a181f4a56d
2019-04-26,86.1,86.1,ft^3/s,Approved,[],2025-03-11T20:14:41.029928+00:00,4716a1279a5146ec977582a181f4a56d
2019-04-27,52.1,52.1,ft^3/s,Approved,[],2025-03-11T20:14:41.029928+00:00,4716a1279a5146ec977582a181f4a56d
2019-04-28,35.8,35.8,ft^3/s,Approved,[],2025-03-11T20:14:41.029928+00:00,4716a1279a5146ec977582a181f4a56d
2019-04-29,41.4,41.4,ft^3/s,Approved,[],2025-03-11T20:14:41.029928+00:00,4716a1279a5146ec977582a181f4a56d
2019-04-30,36.9,36.9,ft^3/s,Approved,[],2025-03-11T20:14:41.029928+00:00,4716a1279a5146ec977582a181f4a56d
2019-05-01,35.5,35.5,ft^3/s,Approved,[],2025-03-11T20:14:41.029928+00:00,4716a1279a5146ec977582a181f4a56d
2019-05-02,164.0,164,ft^3/s,Approved,[],2025-03-11T20:14:41.029928+00:00,4716a1279a5146ec977582a181f4a56d
2019-05-03,1250.0,1250,ft^3/s,Approved,[],2025-03-11T20:14:41.029928+00:00,4716a1279a5146ec977582a181f4a56d
2019-05-04,1010.0,1010,ft^3/s,Approved,[],2025-03-11T20:14:41.029928+00:00,4716a1279a5146ec977582a181f4a56d
2019-05-05,155.0,155,ft^3/s,Approved,[],2025-03-11T20:14:41.029928+00:00,4716a1279a5146ec977582a181f4a56d
2019-05-06,123.0,123,ft^3/s,Approved,[],2025-03-11T20:14:41.029928+00:00,4716a1279a5146ec977582a181f4a56d
2019-05-07,111.0,111,ft^3/s,Approved,[],2025-03-11T20:14:41.029928+00:00,4716a1279a5146ec977582a181f4a56d
2019-05-08,744.0,744,ft^3/s,Approved,[],2025-03-11T20:14:41.029928+00:00,4716a1279a5146ec977582a181f4a56d
2019-05-09,340.0,340,ft^3/s,Approved,[],2025-03-11T20:14:41.029928+00:00,4716a1279a5146ec977582a181f4a56d
2019-05-10,152.0,152,ft^3/s,Approved,[],2025-03-11T20:14:41.029928+00:00,4716a1279a5146ec977582a181f4a56d
2019-05-11,133.0,133,ft^3/s,Approved,[],2025-03-11T20:14:41.029928+00:00,4716a1279a5146ec977582a181f4a56d
2019-05-12,151.0,151,ft^3/s,Approved,[],2025-03-11T20:14:41.029928+00:00,4716a1279a5146ec977582a181f4a56d
2019-05-13,117.0,117,ft^3/s,Approved,[],2025-03-11T20:14:41.029928+00:00,4716a1279a5146ec977582a181f4a56d
2019-05-14,107.0,107,ft^3/s,Approved,[],2025-03-11T20:14:41.029928+00:00,4716a1279a5146ec977582a181f4a56d
2019-05-15,106.0,106,ft^3/s,Approved,[],2025-03-11T20:14:41.029928+00:00,4716a1279a5146ec977582a181f4a56d
2019-05-16,93.6,93.6,ft^3/s,Approved,[],2025-03-11T20:14:41.029928+00:00,4716a1279a5146ec977582a181f4a56d
2019-05-17,83.3,83.3,ft^3/s,Approved,[],2025-03-11T20:14:41.029928+00:00,4716a1279a5146ec977582a181f4a56d
2019-05-18,70.4,70.4,ft^3/s,Approved,[],2025-03-11T20:14:41.029928+00:00,4716a1279a5146ec977582a181f4a56d
2019-05-19,77.3,77.3,ft^3/s,Approved,[],2025-03-11T20:14:41.029928+00:00,4716a1279a5146ec977582a181f4a56d
2019-05-20,74.2,74.2,ft^3/s,Approved,[],2025-03-11T20:14:41.029928+00:00,4716a1279a5146ec977582a181f4a56d
2019-05-21,85.8,85.8,ft^3/s,Approved,[],2025-03-11T20:14:41.029928+00:00,4716a1279a5146ec977582a181f4a56d
2019-05-22,87.1,87.1,ft^3/s,Approved,[],2025-03-11T20:14:41.029928+00:00,4716a1279a5146ec977582a181f4a56d
2019-05-23,74.6,74.6,ft^3/s,Approved,[],2025-03-11T20:14:41.029928+00:00,4716a1279a5146ec977582a181f4a56d
2019-05-24,66.4,66.4,ft^3/s,Approved,[],2025-03-11T20:14:41.029928+00:00,4716a1279a5146ec977582a181f4a56d
2019-05-25,60.2,60.2,ft^3/s,Approved,[],2025-03-11T20:14:41.029928+00:00,4716a1279a5146ec977582a181f4a56d
2019-05-26,49.8,49.8,ft^3/s,Approved,[],2025-03-11T20:14:41.029928+00:00,4716a1279a5146ec977582a181f4a56d
2019-05-27,49.2,49.2,ft^3/s,Approved,[],2025-03-11T20:14:41.029928+00:00,4716a1279a5146ec977582a181f4a56d
2019-05-28,48.4,48.4,ft^3/s,Approved,[],2025-03-11T20:14:41.029928+00:00,4716a1279a5146ec977582a181f4a56d
2019-05-29,40.9,40.9,ft^3/s,Approved,[],2025-03-11T20:14:41.029928+00:00,4716a1279a5146ec977582a181f4a56d
2019-05-30,39.1,39.1,ft^3/s,Approved,[],2025-03-11T20:14:41.029928+00:00,4716a1279a5146ec977582a181f4a56d
2019-05-31,37.1,37.1,ft^3/s,Approved,[],2025-03-11T20:14:41.029928+00:00,4716a1279a5146ec977582a181f4a56d
2019-06-01,35.6,35.6,ft^3/s,Approved,[],2025-03-11T20:14:41.029928+00:00,4716a1279a5146ec977582a181f4a56d
2019-06-02,32.9,32.9,ft^3/s,Approved,[],2025-03-11T20:14:41.029928+00:00,4716a1279a5146ec977582a181f4a56d
2019-06-03,32.4,32.4,ft^3/s,Approved,[],2025-03-11T20:14:41.029928+00:00,4716a1279a5146ec977582a181f4a56d
2019-06-04,30.4,30.4,ft^3/s,Approved,[],2025-03-11T20:14:41.029928+00:00,4716a1279a5146ec977582a181f4a56d
2019-06-05,30.7,30.7,ft^3/s,Approved,[],2025-03-11T20:14:41.029928+00:00,4716a1279a5146ec977582a181f4a56d
2019-06-06,37.5,37.5,ft^3/s,Approved,[],2025-03-11T20:14:41.029928+00:00,4716a1279a5146ec977582a181f4a56d
2019-06-07,33.8,33.8,ft^3/s,Approved,[],2025-03-11T20:14:41.029928+00:00,4716a1279a5146ec977582a181f4a56d
2019-06-08,27.5,27.5,ft^3/s,Approved,[],2025-03-11T20:14:41.029928+00:00,4716a1279a5146ec977582a181f4a56d
2019-06-09,24.8,24.8,ft^3/s,Approved,[],2025-03-11T20:14:41.029928+00:00,4716a1279a5146ec977582a181f4a56d
2019-06-10,48.3,48.3,ft^3/s,Approved,[],2025-03-11T20:14:41.029928+00:00,4716a1279a5146ec977582a181f4a56d
2019-06-11,41.5,41.5,ft^3/s,Approved,[],2025-03-11T20:14:41.029928+00:00,4716a1279a5146ec977582a181f4a56d
2019-06-12,33.4,33.4,ft^3/s,Approved,[],2025-03-11T20:14:41.029928+00:00,4716a1279a5146ec977582a181f4a56d
2019-06-13,34.4,34.4,ft^3/s,Approved,[],2025-03-11T20:14:41.029928+00:00,4716a1279a5146ec977582a181f4a56d
2019-06-14,31.5,31.5,ft^3/s,Approved,[],2025-03-11T20:14:41.029928+00:00,4716a1279a5146ec977582a181f4a56d
2019-06-15,26.2,26.2,ft^3/s,Approved,[],2025-03-11T20:14:41.029928+00:00,4716a1279a5146ec977582a181f4a56d
2019-06-16,19.4,19.4,ft^3/s,Approved,[],2025-03-11T20:14:41.029928+00:00,4716a1279a5146ec977582a181f4a56d
2019-06-17,153.0,153,ft^3/s,Approved,[],2025-03-11T20:14:41.029928+00:00,4716a1279a5146ec977582a181f4a56d
2019-06-18,70.4,70.4,ft^3/s,Approved,[],2025-03-11T20:14:41.029928+00:00,4716a1279a5146ec977582a181f4a56d
2019-06-19,40.9,40.9,ft^3/s,Approved,[],2025-03-11T20:14:41.029928+00:00,4716a1279a5146ec977582a181f4a56d
2019-06-20,23.3,23.3,ft^3/s,Approved,[],2025-03-11T20:14:41.029928+00:00,4716a1279a5146ec977582a181f4a56d
2019-06-21,18.0,18.0,ft^3/s,Approved,[],2025-03-11T20:14:41.029928+00:00,4716a1279a5146ec977582a181f4a56d
2019-06-22,19.2,19.2,ft^3/s,Approved,[],2025-03-11T20:14:41.029928+00:00,4716a1279a5146ec977582a181f4a56d
2019-06-23,14.2,14.2,ft^3/s,Approved,[],2025-03-11T20:14:41.029928+00:00,4716a1279a5146ec977582a181f4a56d
2019-06-24,116.0,116,ft^3/s,Approved,[],2025-03-11T20:14:41.029928+00:00,4716a1279a5146ec977582a181f4a56d
2019-06-25,107.0,107,ft^3/s,Approved,[],2025-03-11T20:14:41.029928+00:00,4716a1279a5146ec977582a181f4a56d
2019-06-26,37.9,37.9,ft^3/s,Approved,[],2025-03-11T20:14:41.029928+00:00,4716a1279a5146ec977582a181f4a56d
2019-06-27,23.4,23.4,ft^3/s,Approved,[],2025-03-11T20:14:41.029928+00:00,4716a1279a5146ec977582a181f4a56d
2019-06-28,18.7,18.7,ft^3/s,Approved,[],2025-03-11T20:14:41.029928+00:00,4716a1279a5146ec977582a181f4a56d
2019-06-29,15.8,15.8,ft^3/s,Approved,[],2025-03-11T20:14:41.029928+00:00,4716a1279a5146ec977582a181f4a56d
2019-06-30,32.9,32.9,ft^3/s,Approved,[],2025-03-11T20:14:41.029928+00:00,4716a1279a5146ec977582a181f4a56d
2019-07-01,27.2,27.2,ft^3/s,Approved,[],2025-03-11T20:14:41.029928+00:00,4716a1279a5146ec977582a181f4a56d
2019-07-02,23.1,23.1,ft^3/s,Approved,[],2025-03-11T20:14:41.029928+00:00,4716a1279a5146ec977582a181f4a56d
2019-07-03,21.4,21.4,ft^3/s,Approved,[],2025-03-11T20:14:41.029928+00:00,4716a1279a5146ec977582a181f4a56d
2019-07-04,17.9,17.9,ft^3/s,Approved,[],2025-03-11T20:14:41.029928+00:00,4716a1279a5146ec977582a181f4a56d
2019-07-05,16.0,16.0,ft^3/s,Approved,[],2025-03-11T20:14:41.029928+00:00,4716a1279a5146ec977582a181f4a56d
2019-07-06,13.8,13.8,ft^3/s,Approved,[],2025-03-11T20:14:41.029928+00:00,4716a1279a5146ec977582a181f4a56d
2019-07-07,12.2,12.2,ft^3/s,Approved,[],2025-03-11T20:14:41.029928+00:00,4716a1279a5146ec977582a181f4a56d
2019-07-08,14.4,14.4,ft^3/s,Approved,[],2025-03-11T20:14:41.029928+00:00,4716a1279a5146ec977582a181f4a56d
2019-07-09,18.1,18.1,ft^3/s,Approved,[],2025-03-11T20:14:41.029928+00:00,4716a1279a5146ec977582a181f4a56d
2019-07-10,13.5,13.5,ft^3/s,Approved,[],2025-03-11T20:14:41.029928+00:00,4716a1279a5146ec977582a181f4a56d
2019-07-11,11.6,11.6,ft^3/s,Approved,[],2025-03-11T20:14:41.029928+00:00,4716a1279a5146ec977582a181f4a56d
2019-07-12,11.1,11.1,ft^3/s,Approved,[],2025-03-11T20:14:41.029928+00:00,4716a1279a5146ec977582a181f4a56d
2019-07-13,10.9,10.9,ft^3/s,Approved,[],2025-03-11T20:14:41.029928+00:00,4716a1279a5146ec977582a181f4a56d
2019-07-14,10.3,10.3,ft^3/s,Approved,[],2025-03-11T20:14:41.029928+00:00,4716a1279a5146ec977582a181f4a56d
2019-07-15,9.65,9.65,ft^3/s,Approved,[],2025-03-11T20:14:41.029928+00:00,4716a1279a5146ec977582a181f4a56d
2019-07-16,8.94,8.94,ft^3/s,Approved,[],2025-03-11T20:14:41.029928+00:00,4716a1279a5146ec977582a181f4a56d
2019-07-17,8.48,8.48,ft^3/s,Approved,[],2025-03-11T20:14:41.029928+00:00,4716a1279a5146ec977582a181f4a56d
2019-07-18,8.0,8.00,ft^3/s,Approved,[],2025-03-11T20:14:41.029928+00:00,4716a1279a5146ec977582a181f4a56d
2019-07-19,6.86,6.86,ft^3/s,Approved,[],2025-03-11T20:14:41.029928+00:00,4716a1279a5146ec977582a181f4a56d
2019-07-20,6.25,6.25,ft^3/s,Approved,[],2025-03-11T20:14:41.029928+00:00,4716a1279a5146ec977582a181f4a56d
2019-07-21,5.6,5.60,ft^3/s,Approved,[],2025-03-11T20:14:41.029928+00:00,4716a1279a5146ec977582a181f4a56d
2019-07-22,5.49,5.49,ft^3/s,Approved,[],2025-03-11T20:14:41.029928+00:00,4716a1279a5146ec977582a181f4a56d
2019-07-23,4.9,4.90,ft^3/s,Approved,[],2025-03-11T20:14:41.029928+00:00,4716a1279a5146ec977582a181f4a56d
2019-07-24,4.48,4.48,ft^3/s,Approved,[],2025-03-11T20:14:41.029928+00:00,4716a1279a5146ec977582a181f4a56d
2019-07-25,3.98,3.98,ft^3/s,Approved,[],2025-03-11T20:14:41.029928+00:00,4716a1279a5146ec977582a181f4a56d
2019-07-26,3.73,3.73,ft^3/s,Approved,[],2025-03-11T20:14:41.029928+00:00,4716a1279a5146ec977582a181f4a56d
2019-07-27,3.54,3.54,ft^3/s,Approved,[],2025-03-11T20:14:41.029928+00:00,4716a1279a5146ec977582a181f4a56d
2019-07-28,3.15,3.15,ft^3/s,Approved,[],2025-03-11T20:14:41.029928+00:00,4716a1279a5146ec977582a181f4a56d
2019-07-29,2.69,2.69,ft^3/s,Approved,[],2025-03-11T20:14:41.029928+00:00,4716a1279a5146ec977582a181f4a56d
2019-07-30,2.52,2.52,ft^3/s,Approved,[],2025-03-11T20:14:41.029928+00:00,4716a1279a5146ec977582a181f4a56d
2019-07-31,1.84,1.84,ft^3/s,Approved,[],2025-03-11T20:14:41.029928+00:00,4716a1279a5146ec977582a181f4a56d
2019-08-01,1.6,1.60,ft^3/s,Approved,[],2025-03-11T20:14:41.029928+00:00,4716a1279a5146ec977582a181f4a56d
2019-08-02,1.61,1.61,ft^3/s,Approved,[],2025-03-11T20:14:41.029928+00:00,4716a1279a5146ec977582a181f4a56d
2019-08-03,1.52,1.52,ft^3/s,Approved,[],2025-03-11T20:14:41.029928+00:00,4716a1279a5146ec977582a181f4a56d
2019-08-04,1.43,1.43,ft^3/s,Approved,[],2025-03-11T20:14:41.029928+00:00,4716a1279a5146ec977582a181f4a56d
2019-08-05,1.26,1.26,ft^3/s,Approved,[],2025-03-11T20:14:41.029928+00:00,4716a1279a5146ec977582a181f4a56d
2019-08-06,0.79,0.79,ft^3/s,Approved,[],2025-03-11T20:14:41.029928+00:00,4716a1279a5146ec977582a181f4a56d
2019-08-07,0.45,0.45,ft^3/s,Approved,[],2025-03-11T20:14:41.029928+00:00,4716a1279a5146ec977582a181f4a56d
2019-08-08,0.2,0.20,ft^3/s,Approved,[],2025-03-11T20:14:41.029928+00:00,4716a1279a5146ec977582a181f4a56d
2019-08-09,0.06,0.06,ft^3/s,Approved,[],2025-03-11T20:14:41.029928+00:00,4716a1279a5146ec977582a181f4a56d
2019-08-10,0.04,0.04,ft^3/s,Approved,[],2025-03-11T20:14:41.029928+00:00,4716a1279a5146ec977582a181f4a56d
2019-08-11,0.01,0.01,ft^3/s,Approved,[],2025-03-11T20:14:41.029928+00:00,4716a1279a5146ec977582a181f4a56d
2019-08-12,0.0,0.00,ft^3/s,Approved,[],2025-03-11T20:14:41.029928+00:00,4716a1279a5146ec977582a181f4a56d
2019-08-13,0.0,0.00,ft^3/s,Approved,[],2025-03-11T20:14:41.029928+00:00,4716a1279a5146ec977582a181f4a56d
2019-08-14,0.0,0.00,ft^3/s,Approved,[],2025-03-11T20:14:41.029928+00:00,4716a1279a5146ec977582a181f4a56d
2019-08-15,0.0,0.00,ft^3/s,Approved,[],2025-03-11T20:14:41.029928+00:00,4716a1279a5146ec977582a181f4a56d
2019-08-16,0.0,0.00,ft^3/s,Approved,[],2025-03-11T20:14:41.029928+00:00,4716a1279a5146ec977582a181f4a56d
2019-08-17,0.0,0.00,ft^3/s,Approved,[],2025-03-11T20:14:41.029928+00:00,4716a1279a5146ec977582a181f4a56d
2019-08-18,0.0,0.00,ft^3/s,Approved,[],2025-03-11T20:14:41.029928+00:00,4716a1279a5146ec977582a181f4a56d
2019-08-19,0.0,0.00,ft^3/s,Approved,[],2025-03-11T20:14:41.029928+00:00,4716a1279a5146ec977582a181f4a56d
2019-08-20,0.0,0.00,ft^3/s,Approved,[],2025-03-11T20:14:41.029928+00:00,4716a1279a5146ec977582a181f4a56d
2019-08-21,0.0,0.00,ft^3/s,Approved,[],2025-03-11T20:14:41.029928+00:00,4716a1279a5146ec977582a181f4a56d
2019-08-22,0.0,0.00,ft^3/s,Approved,[],2025-03-11T20:14:41.029928+00:00,4716a1279a5146ec977582a181f4a56d
2019-08-23,0.0,0.00,ft^3/s,Approved,[],2025-03-11T20:14:41.029928+00:00,4716a1279a5146ec977582a181f4a56d
2019-08-24,0.0,0.00,ft^3/s,Approved,[],2025-03-11T20:14:41.029928+00:00,4716a1279a5146ec977582a181f4a56d
2019-08-25,0.0,0.00,ft^3/s,Approved,[],2025-03-11T20:14:41.029928+00:00,4716a1279a5146ec977582a181f4a56d
2019-08-26,0.0,0.00,ft^3/s,Approved,[],2025-03-11T20:14:41.029928+00:00,4716a1279a5146ec977582a181f4a56d
2019-08-27,0.0,0.00,ft^3/s,Approved,[],2025-03-11T20:14:41.029928+00:00,4716a1279a5146ec977582a181f4a56d
2019-08-28,0.0,0.00,ft^3/s,Approved,[],2025-03-11T20:14:41.029928+00:00,4716a1279a5146ec977582a181f4a56d
2019-08-29,0.0,0.00,ft^3/s,Approved,[],2025-03-11T20:14:41.029928+00:00,4716a1279a5146ec977582a181f4a56d
2019-08-30,0.0,0.00,ft^3/s,Approved,[],2025-03-11T20:14:41.029928+00:00,4716a1279a5146ec977582a181f4a56d
2019-08-31,0.0,0.00,ft^3/s,Approved,[],2025-03-11T20:14:41.029928+00:00,4716a1279a5146ec977582a181f4a56d
2019-09-01,0.0,0.00,ft^3/s,Approved,[],2025-03-11T20:14:41.029928+00:00,4716a1279a5146ec977582a181f4a56d
2019-09-02,0.0,0.00,ft^3/s,Approved,[],2025-03-11T20:14:41.029928+00:00,4716a1279a5146ec977582a181f4a56d
2019-09-03,0.0,0.00,ft^3/s,Approved,[],2025-03-11T20:14:41.029928+00:00,4716a1279a5146ec977582a181f4a56d
2019-09-04,0.0,0.00,ft^3/s,Approved,[],2025-03-11T20:14:41.029928+00:00,4716a1279a5146ec977582a181f4a56d
2019-09-05,0.0,0.00,ft^3/s,Approved,[],2025-03-11T20:14:41.029928+00:00,4716a1279a5146ec977582a181f4a56d
2019-09-06,0.0,0.00,ft^3/s,Approved,[],2025-03-11T20:14:41.029928+00:00,4716a1279a5146ec977582a181f4a56d
2019-09-07,0.0,0.00,ft^3/s,Approved,[],2025-03-11T20:14:41.029928+00:00,4716a1279a5146ec977582a181f4a56d
2019-09-08,0.0,0.00,ft^3/s,Approved,[],2025-03-11T20:14:41.029928+00:00,4716a1279a5146ec977582a181f4a56d
2019-09-09,0.0,0.00,ft^3/s,Approved,[],2025-03-11T20:14:41.029928+00:00,4716a1279a5146ec977582a181f4a56d
2019-09-10,0.0,0.00,ft^3/s,Approved,[],2025-03-11T20:14:41.029928+00:00,4716a1279a5146ec977582a181f4a56d
2019-09-11,0.0,0.00,ft^3/s,Approved,[],2025-03-11T20:14:41.029928+00:00,4716a1279a5146ec977582a181f4a56d
2019-09-12,0.0,0.00,ft^3/s,Approved,[],2025-03-11T20:14:41.029928+00:00,4716a1279a5146ec977582a181f4a56d
2019-09-13,0.0,0.00,ft^3/s,Approved,[],2025-03-11T20:14:41.029928+00:00,4716a1279a5146ec977582a181f4a56d
2019-09-14,0.0,0.00,ft^3/s,Approved,[],2025-03-11T20:14:41.029928+00:00,4716a1279a5146ec977582a181f4a56d
2019-09-15,0.0,0.00,ft^3/s,Approved,[],2025-03-11T20:14:41.029928+00:00,4716a1279a5146ec977582a181f4a56d
2019-09-16,0.0,0.00,ft^3/s,Approved,[],2025-03-11T20:14:41.029928+00:00,4716a1279a5146ec977582a181f4a56d
2019-09-17,0.0,0.00,ft^3/s,Approved,[],2025-03-11T20:14:41.029928+00:00,4716a1279a5146ec977582a181f4a56d
2019-09-18,0.0,0.00,ft^3/s,Approved,[],2025-03-11T20:14:41.029928+00:00,4716a1279a5146ec977582a181f4a56d
2019-09-19,0.0,0.00,ft^3/s,Approved,[],2025-03-11T20:14:41.029928+00:00,4716a1279a5146ec977582a181f4a56d
2019-09-20,0.0,0.00,ft^3/s,Approved,[],2025-03-11T20:14:41.029928+00:00,4716a1279a5146ec977582a181f4a56d
2019-09-21,0.0,0.00,ft^3/s,Approved,[],2025-03-11T20:14:41.029928+00:00,4716a1279a5146ec977582a181f4a56d
2019-09-22,0.0,0.00,ft^3/s,Approved,[],2025-03-11T20:14:41.029928+00:00,4716a1279a5146ec977582a181f4a56d
2019-09-23,0.0,0.00,ft^3/s,Approved,[],2025-03-11T20:14:41.029928+00:00,4716a1279a5146ec977582a181f4a56d
2019-09-24,0.0,0.00,ft^3/s,Approved,[],2025-03-11T20:14:41.029928+00:00,4716a1279a5146ec977582a181f4a56d
2019-09-25,0.0,0.00,ft^3/s,Approved,[],2025-03-11T20:14:41.029928+00:00,4716a1279a5146ec977582a181f4a56d
2019-09-26,0.0,0.00,ft^3/s,Approved,[],2025-03-11T20:14:41.029928+00:00,4716a1279a5146ec977582a181f4a56d
2019-09-27,0.0,0.00,ft^3/s,Approved,[],2025-03-11T20:14:41.029928+00:00,4716a1279a5146ec977582a181f4a56d
2019-09-28,0.0,0.00,ft^3/s,Approved,[],2025-03-11T20:14:41.029928+00:00,4716a1279a5146ec977582a181f4a56d
2019-09-29,0.0,0.00,ft^3/s,Approved,[],2025-03-11T20:14:41.029928+00:00,4716a1279a5146ec977582a181f4a56d
2019-09-30,0.0,0.00,ft^3/s,Approved,[],2025-03-11T20:14:41.029928+00:00,4716a1279a5146ec977582a181f4a56d
2019-10-01,0.0,0.00,ft^3/s,Approved,[],2025-03-11T20:14:41.029928+00:00,4716a1279a5146ec977582a181f4a56d
2019-10-02,0.0,0.00,ft^3/s,Approved,[],2025-03-11T20:14:41.029928+00:00,4716a1279a5146ec977582a181f4a56d
2019-10-03,0.0,0.00,ft^3/s,Approved,[],2025-03-11T20:14:41.029928+00:00,4716a1279a5146ec977582a181f4a56d
2019-10-04,0.0,0.00,ft^3/s,Approved,[],2025-03-11T20:14:41.029928+00:00,4716a1279a5146ec977582a181f4a56d
2019-10-05,0.0,0.00,ft^3/s,Approved,[],2025-03-11T20:14:41.029928+00:00,4716a1279a5146ec977582a181f4a56d
2019-10-06,0.0,0.00,ft^3/s,Approved,[],2025-03-11T20:14:41.029928+00:00,4716a1279a5146ec977582a181f4a56d
2019-10-07,0.0,0.00,ft^3/s,Approved,[],2025-03-11T20:14:41.029928+00:00,4716a1279a5146ec977582a181f4a56d
2019-10-08,0.0,0.00,ft^3/s,Approved,[],2025-03-11T20:14:41.029928+00:00,4716a1279a5146ec977582a181f4a56d
2019-10-09,0.0,0.00,ft^3/s,Approved,[],2025-03-11T20:14:41.029928+00:00,4716a1279a5146ec977582a181f4a56d
2019-10-10,0.0,0.00,ft^3/s,Approved,[],2025-03-11T20:14:41.029928+00:00,4716a1279a5146ec977582a181f4a56d
2019-10-11,0.0,0.00,ft^3/s,Approved,[],2025-03-11T20:14:41.029928+00:00,4716a1279a5146ec977582a181f4a56d
2019-10-12,0.0,0.00,ft^3/s,Approved,[],2025-03-11T20:14:41.029928+00:00,4716a1279a5146ec977582a181f4a56d
2019-10-13,0.0,0.00,ft^3/s,Approved,[],2025-03-11T20:14:41.029928+00:00,4716a1279a5146ec977582a181f4a56d
2019-10-14,0.0,0.00,ft^3/s,Approved,[],2025-03-11T20:14:41.029928+00:00,4716a1279a5146ec977582a181f4a56d
2019-10-15,0.0,0.00,ft^3/s,Approved,[],2025-03-11T20:14:41.029928+00:00,4716a1279a5146ec977582a181f4a56d
2019-10-16,0.0,0.00,ft^3/s,Approved,[],2025-03-11T20:14:41.029928+00:00,4716a1279a5146ec977582a181f4a56d
2019-10-17,0.0,0.00,ft^3/s,Approved,[],2025-03-11T20:14:41.029928+00:00,4716a1279a5146ec977582a181f4a56d
2019-10-18,0.0,0.00,ft^3/s,Approved,[],2025-03-11T20:14:41.029928+00:00,4716a1279a5146ec977582a181f4a56d
2019-10-19,0.0,0.00,ft^3/s,Approved,[],2025-03-11T20:14:41.029928+00:00,4716a1279a5146ec977582a181f4a56d
2019-10-20,0.0,0.00,ft^3/s,Approved,[],2025-03-11T20:14:41.029928+00:00,4716a1279a5146ec977582a181f4a56d
2019-10-21,0.0,0.00,ft^3/s,Approved,[],2025-03-11T20:14:41.029928+00:00,4716a1279a5146ec977582a181f4a56d
2019-10-22,0.0,0.00,ft^3/s,Approved,[],2025-03-11T20:14:41.029928+00:00,4716a1279a5146ec977582a181f4a56d
2019-10-23,0.0,0.00,ft^3/s,Approved,[],2025-03-11T20:14:41.029928+00:00,4716a1279a5146ec977582a181f4a56d
2019-10-24,0.0,0.00,ft^3/s,Approved,[],2025-03-11T20:14:41.029928+00:00,4716a1279a5146ec977582a181f4a56d
2019-10-25,0.0,0.00,ft^3/s,Approved,[],2025-03-11T20:14:41.029928+00:00,4716a1279a5146ec977582a181f4a56d
2019-10-26,0.0,0.00,ft^3/s,Approved,[],2025-03-11T20:14:41.029928+00:00,4716a1279a5146ec977582a181f4a56d
2019-10-27,0.0,0.00,ft^3/s,Approved,[],2025-03-11T20:14:41.029928+00:00,4716a1279a5146ec977582a181f4a56d
2019-10-28,0.0,0.00,ft^3/s,Approved,[],2025-03-11T20:14:41.029928+00:00,4716a1279a5146ec977582a181f4a56d
2019-10-29,0.0,0.00,ft^3/s,Approved,[],2025-03-11T20:14:41.029928+00:00,4716a1279a5146ec977582a181f4a56d
2019-10-30,0.0,0.00,ft^3/s,Approved,[],2025-03-11T20:14:41.029928+00:00,4716a1279a5146ec977582a181f4a56d
2019-10-31,0.0,0.00,ft^3/s,Approved,[],2025-03-11T20:14:41.029928+00:00,4716a1279a5146ec977582a181f4a56d
2019-11-01,0.0,0.00,ft^3/s,Approved,[],2025-03-11T20:14:41.029928+00:00,4716a1279a5146ec977582a181f4a56d
2019-11-02,0.0,0.00,ft^3/s,Approved,[],2025-03-11T20:14:41.029928+00:00,4716a1279a5146ec977582a181f4a56d
2019-11-03,0.0,0.00,ft^3/s,Approved,[],2025-03-11T20:14:41.029928+00:00,4716a1279a5146ec977582a181f4a56d
2019-11-04,0.0,0.00,ft^3/s,Approved,[],2025-03-11T20:14:41.029928+00:00,4716a1279a5146ec977582a181f4a56d
2019-11-05,0.0,0.00,ft^3/s,Approved,[],2025-03-11T20:14:41.029928+00:00,4716a1279a5146ec977582a181f4a56d
2019-11-06,0.0,0.00,ft^3/s,Approved,[],2025-03-11T20:14:41.029928+00:00,4716a1279a5146ec977582a181f4a56d
2019-11-07,0.0,0.00,ft^3/s,Approved,[],2025-03-11T20:14:41.029928+00:00,4716a1279a5146ec977582a181f4a56d
2019-11-08,0.0,0.00,ft^3/s,Approved,[],2025-03-11T20:14:41.029928+00:00,4716a1279a5146ec977582a181f4a56d
2019-11-09,0.0,0.00,ft^3/s,Approved,[],2025-03-11T20:14:41.029928+00:00,4716a1279a5146ec977582a181f4a56d
2019-11-10,0.0,0.00,ft^3/s,Approved,[],2025-03-11T20:14:41.029928+00:00,4716a1279a5146ec977582a181f4a56d
2019-11-11,0.0,0.00,ft^3/s,Approved,[],2025-03-11T20:14:41.029928+00:00,4716a1279a5146ec977582a181f4a56d
2019-11-12,0.0,0.00,ft^3/s,Approved,[],2025-03-11T20:14:41.029928+00:00,4716a1279a5146ec977582a181f4a56d
2019-11-13,0.0,0.00,ft^3/s,Approved,[],2025-03-11T20:14:41.029928+00:00,4716a1279a5146ec977582a181f4a56d
2019-11-14,0.0,0.00,ft^3/s,Approved,[],2025-03-11T20:14:41.029928+00:00,4716a1279a5146ec977582a181f4a56d
2019-11-15,0.0,0.00,ft^3/s,Approved,[],2025-03-11T20:14:41.029928+00:00,4716a1279a5146ec977582a181f4a56d
2019-11-16,0.0,0.00,ft^3/s,Approved,[],2025-03-11T20:14:41.029928+00:00,4716a1279a5146ec977582a181f4a56d
2019-11-17,0.0,0.00,ft^3/s,Approved,[],2025-03-11T20:14:41.029928+00:00,4716a1279a5146ec977582a181f4a56d
2019-11-18,0.0,0.00,ft^3/s,Approved,[],2025-03-11T20:14:41.029928+00:00,4716a1279a5146ec977582a181f4a56d
2019-11-19,0.0,0.00,ft^3/s,Approved,[],2025-03-11T20:14:41.029928+00:00,4716a1279a5146ec977582a181f4a56d
2019-11-20,0.0,0.00,ft^3/s,Approved,[],2025-03-11T20:14:41.029928+00:00,4716a1279a5146ec977582a181f4a56d
2019-11-21,0.0,0.00,ft^3/s,Approved,[],2025-03-11T20:14:41.029928+00:00,4716a1279a5146ec977582a181f4a56d
2019-11-22,0.0,0.00,ft^3/s,Approved,[],2025-03-11T20:14:41.029928+00:00,4716a1279a5146ec977582a181f4a56d
2019-11-23,0.0,0.00,ft^3/s,Approved,[],2025-03-11T20:14:41.029928+00:00,4716a1279a5146ec977582a181f4a56d
2019-11-24,0.0,0.00,ft^3/s,Approved,[],2025-03-11T20:14:41.029928+00:00,4716a1279a5146ec977582a181f4a56d
2019-11-25,0.0,0.00,ft^3/s,Approved,[],2025-03-11T20:14:41.029928+00:00,4716a1279a5146ec977582a181f4a56d
2019-11-26,0.0,0.00,ft^3/s,Approved,[],2025-03-11T20:14:41.029928+00:00,4716a1279a5146ec977582a181f4a56d
2019-11-27,0.0,0.00,ft^3/s,Approved,[],2025-03-11T20:14:41.029928+00:00,4716a1279a5146ec977582a181f4a56d
2019-11-28,0.0,0.00,ft^3/s,Approved,[],2025-03-11T20:14:41.029928+00:00,4716a1279a5146ec977582a181f4a56d
2019-11-29,0.0,0.00,ft^3/s,Approved,[],2025-03-11T20:14:41.029928+00:00,4716a1279a5146ec977582a181f4a56d
2019-11-30,0.0,0.00,ft^3/s,Approved,[],2025-03-11T20:14:41.029928+00:00,4716a1279a5146ec977582a181f4a56d
2019-12-01,0.0,0.00,ft^3/s,Approved,[],2025-03-11T20:14:41.029928+00:00,4716a1279a5146ec977582a181f4a56d
2019-12-02,0.0,0.00,ft^3/s,Approved,[],2025-03-11T20:14:41.029928+00:00,4716a1279a5146ec977582a181f4a56d
2019-12-03,0.0,0.00,ft^3/s,Approved,[],2025-03-11T20:14:41.029928+00:00,4716a1279a5146ec977582a181f4a56d
2019-12-04,0.0,0.00,ft^3/s,Approved,[],2025-03-11T20:14:41.029928+00:00,4716a1279a5146ec977582a181f4a56d
2019-12-05,0.0,0.00,ft^3/s,Approved,[],2025-03-11T20:14:41.029928+00:00,4716a1279a5146ec977582a181f4a56d
2019-12-06,0.0,0.00,ft^3/s,Approved,[],2025-03-11T20:14:41.029928+00:00,4716a1279a5146ec977582a181f4a56d
2019-12-07,0.0,0.00,ft^3/s,Approved,[],2025-03-11T20:14:41.029928+00:00,4716a1279a5146ec977582a181f4a56d
2019-12-08,0.0,0.00,ft^3/s,Approved,[],2025-03-11T20:14:41.029928+00:00,4716a1279a5146ec977582a181f4a56d
2019-12-09,0.0,0.00,ft^3/s,Approved,[],2025-03-11T20:14:41.029928+00:00,4716a1279a5146ec977582a181f4a56d
2019-12-10,0.0,0.00,ft^3/s,Approved,[],2025-03-11T20:14:41.029928+00:00,4716a1279a5146ec977582a181f4a56d
2019-12-11,0.0,0.00,ft^3/s,Approved,[],2025-03-11T20:14:41.029928+00:00,4716a1279a5146ec977582a181f4a56d
2019-12-12,0.0,0.00,ft^3/s,Approved,[],2025-03-11T20:14:41.029928+00:00,4716a1279a5146ec977582a181f4a56d
2019-12-13,0.0,0.00,ft^3/s,Approved,[],2025-03-11T20:14:41.029928+00:00,4716a1279a5146ec977582a181f4a56d
2019-12-14,0.0,0.00,ft^3/s,Approved,[],2025-03-11T20:14:41.029928+00:00,4716a1279a5146ec977582a181f4a56d
2019-12-15,0.0,0.00,ft^3/s,Approved,[],2025-03-11T20:14:41.029928+00:00,4716a1279a5146ec977582a181f4a56d
2019-12-16,0.0,0.00,ft^3/s,Approved,[],2025-03-11T20:14:41.029928+00:00,4716a1279a5146ec977582a181f4a56d
2019-12-17,0.0,0.00,ft^3/s,Approved,[],2025-03-11T20:14:41.029928+00:00,4716a1279a5146ec977582a181f4a56d
2019-12-18,0.0,0.00,ft^3/s,Approved,[],2025-03-11T20:14:41.029928+00:00,4716a1279a5146ec977582a181f4a56d
2019-12-19,0.0,0.00,ft^3/s,Approved,[],2025-03-11T20:14:41.029928+00:00,4716a1279a5146ec977582a181f4a56d
2019-12-20,0.0,0.00,ft^3/s,Approved,[],2025-03-11T20:14:41.029928+00:00,4716a1279a5146ec977582a181f4a56d
2019-12-21,0.0,0.00,ft^3/s,Approved,[],2025-03-11T20:14:41.029928+00:00,4716a1279a5146ec977582a181f4a56d
2019-12-22,0.0,0.00,ft^3/s,Approved,[],2025-03-11T20:14:41.029928+00:00,4716a1279a5146ec977582a181f4a56d
2019-12-23,0.0,0.00,ft^3/s,Approved,[],2025-03-11T20:14:41.029928+00:00,4716a1279a5146ec977582a181f4a56d
2019-12-24,0.0,0.00,ft^3/s,Approved,[],2025-03-11T20:14:41.029928+00:00,4716a1279a5146ec977582a181f4a56d
2019-12-25,0.0,0.00,ft^3/s,Approved,[],2025-03-11T20:14:41.029928+00:00,4716a1279a5146ec977582a181f4a56d
2019-12-26,0.0,0.00,ft^3/s,Approved,[],2025-03-11T20:14:41.029928+00:00,4716a1279a5146ec977582a181f4a56d
2019-12-27,0.0,0.00,ft^3/s,Approved,[],2025-03-11T20:14:41.029928+00:00,4716a1279a5146ec977582a181f4a56d
2019-12-28,0.0,0.00,ft^3/s,Approved,[],2025-03-11T20:14:41.029928+00:00,4716a1279a5146ec977582a181f4a56d
2019-12-29,0.0,0.00,ft^3/s,Approved,[],2025-03-11T20:14:41.029928+00:00,4716a1279a5146ec977582a181f4a56d
2019-12-30,0.0,0.00,ft^3/s,Approved,[],2025-03-11T20:14:41.029928+00:00,4716a1279a5146ec977582a181f4a56d
2019-12-31,0.0,0.00,ft^3/s,Approved,[],2025-03-11T20:14:41.029928+00:00,4716a1279a5146ec977582a181f4a56d
2020-01-01,0.0,0.00,ft^3/s,Approved,[],2025-03-11T20:14:41.029928+00:00,4716a1279a5146ec977582a181f4a56d
2020-01-02,0.0,0.00,ft^3/s,Approved,[],2025-03-11T20:14:41.029928+00:00,4716a1279a5146ec977582a181f4a56d
2020-01-03,0.0,0.00,ft^3/s,Approved,[],2025-03-11T20:14:41.029928+00:00,4716a1279a5146ec977582a181f4a56d
2020-01-04,0.0,0.00,ft^3/s,Approved,[],2025-03-11T20:14:41.029928+00:00,4716a1279a5146ec977582a181f4a56d
2020-01-05,0.0,0.00,ft^3/s,Approved,[],2025-03-11T20:14:41.029928+00:00,4716a1279a5146ec977582a181f4a56d
2020-01-06,0.0,0.00,ft^3/s,Approved,[],2025-03-11T20:14:41.029928+00:00,4716a1279a5146ec977582a181f4a56d
2020-01-07,0.0,0.00,ft^3/s,Approved,[],2025-03-11T20:14:41.029928+00:00,4716a1279a5146ec977582a181f4a56d
2020-01-08,0.0,0.00,ft^3/s,Approved,[],2025-03-11T20:14:41.029928+00:00,4716a1279a5146ec977582a181f4a56d
2020-01-09,0.0,0.00,ft^3/s,Approved,[],2025-03-11T20:14:41.029928+00:00,4716a1279a5146ec977582a181f4a56d
2020-01-10,0.0,0.00,ft^3/s,Approved,[],2025-03-11T20:14:41.029928+00:00,4716a1279a5146ec977582a181f4a56d
2020-01-11,0.0,0.00,ft^3/s,Approved,[],2025-03-11T20:14:41.029928+00:00,4716a1279a5146ec977582a181f4a56d
2020-01-12,0.0,0.00,ft^3/s,Approved,[],2025-03-11T20:14:41.029928+00:00,4716a1279a5146ec977582a181f4a56d
2020-01-13,0.0,0.00,ft^3/s,Approved,[],2025-03-11T20:14:41.029928+00:00,4716a1279a5146ec977582a181f4a56d
2020-01-14,0.0,0.00,ft^3/s,Approved,[],2025-03-11T20:14:41.029928+00:00,4716a1279a5146ec977582a181f4a56d
2020-01-15,0.0,0.00,ft^3/s,Approved,[],2025-03-11T20:14:41.029928+00:00,4716a1279a5146ec977582a181f4a56d
2020-01-16,0.0,0.00,ft^3/s,Approved,[],2025-03-11T20:14:41.029928+00:00,4716a1279a5146ec977582a181f4a56d
2020-01-17,0.0,0.00,ft^3/s,Approved,[],2025-03-11T20:14:41.029928+00:00,4716a1279a5146ec977582a181f4a56d
2020-01-18,0.0,0.00,ft^3/s,Approved,[],2025-03-11T20:14:41.029928+00:00,4716a1279a5146ec977582a181f4a56d
2020-01-19,0.0,0.00,ft^3/s,Approved,[],2025-03-11T20:14:41.029928+00:00,4716a1279a5146ec977582a181f4a56d
2020-01-20,0.0,0.00,ft^3/s,Approved,[],2025-03-11T20:14:41.029928+00:00,4716a1279a5146ec977582a181f4a56d
2020-01-21,0.0,0.00,ft^3/s,Approved,[],2025-03-11T20:14:41.029928+00:00,4716a1279a5146ec977582a181f4a56d
2020-01-22,0.0,0.00,ft^3/s,Approved,[],2025-03-11T20:14:41.029928+00:00,4716a1279a5146ec977582a181f4a56d
2020-01-23,0.0,0.00,ft^3/s,Approved,[],2025-03-11T20:14:41.029928+00:00,4716a1279a5146ec977582a181f4a56d
2020-01-24,0.0,0.00,ft^3/s,Approved,[],2025-03-11T20:14:41.029928+00:00,4716a1279a5146ec977582a181f4a56d
2020-01-25,0.0,0.00,ft^3/s,Approved,[],2025-03-11T20:14:41.029928+00:00,4716a1279a5146ec977582a181f4a56d
2020-01-26,0.0,0.00,ft^3/s,Approved,[],2025-03-11T20:14:41.029928+00:00,4716a1279a5146ec977582a181f4a56d
2020-01-27,0.0,0.00,ft^3/s,Approved,[],2025-03-11T20:14:41.029928+00:00,4716a1279a5146ec977582a181f4a56d
2020-01-28,0.0,0.00,ft^3/s,Approved,[],2025-03-11T20:14:41.029928+00:00,4716a1279a5146ec977582a181f4a56d
2020-01-29,0.0,0.00,ft^3/s,Approved,[],2025-03-11T20:14:41.029928+00:00,4716a1279a5146ec977582a181f4a56d
2020-01-30,0.0,0.00,ft^3/s,Approved,[],2025-03-11T20:14:41.029928+00:00,4716a1279a5146ec977582a181f4a56d
2020-01-31,0.0,0.00,ft^3/s,Approved,[],2025-03-11T20:14:41.029928+00:00,4716a1279a5146ec977582a181f4a56d
2020-02-01,0.0,0.00,ft^3/s,Approved,[],2025-03-11T20:14:41.029928+00:00,4716a1279a5146ec977582a181f4a56d
2020-02-02,0.0,0.00,ft^3/s,Approved,[],2025-03-11T20:14:41.029928+00:00,4716a1279a5146ec977582a181f4a56d
2020-02-03,0.0,0.00,ft^3/s,Approved,[],2025-03-11T20:14:41.029928+00:00,4716a1279a5146ec977582a181f4a56d
2020-02-04,0.0,0.00,ft^3/s,Approved,[],2025-03-11T20:14:41.029928+00:00,4716a1279a5146ec977582a181f4a56d
2020-02-05,0.0,0.00,ft^3/s,Approved,[],2025-03-11T20:14:41.029928+00:00,4716a1279a5146ec977582a181f4a56d
2020-02-06,0.0,0.00,ft^3/s,Approved,[],2025-03-11T20:14:41.029928+00:00,4716a1279a5146ec977582a181f4a56d
2020-02-07,0.0,0.00,ft^3/s,Approved,[],2025-03-11T20:14:41.029928+00:00,4716a1279a5146ec977582a181f4a56d
2020-02-08,0.0,0.00,ft^3/s,Approved,[],2025-03-11T20:14:41.029928+00:00,4716a1279a5146ec977582a181f4a56d
2020-02-09,0.0,0.00,ft^3/s,Approved,[],2025-03-11T20:14:41.029928+00:00,4716a1279a5146ec977582a181f4a56d
2020-02-10,0.0,0.00,ft^3/s,Approved,[],2025-03-11T20:14:41.029928+00:00,4716a1279a5146ec977582a181f4a56d
2020-02-11,0.0,0.00,ft^3/s,Approved,[],2025-03-11T20:14:41.029928+00:00,4716a1279a5146ec977582a181f4a56d
2020-02-12,180.0,180,ft^3/s,Approved,[],2025-03-11T20:14:41.029928+00:00,4716a1279a5146ec977582a181f4a56d
2020-02-13,27.8,27.8,ft^3/s,Approved,[],2025-03-11T20:14:41.029928+00:00,4716a1279a5146ec977582a181f4a56d
2020-02-14,2.96,2.96,ft^3/s,Approved,[],2025-03-11T20:14:41.029928+00:00,4716a1279a5146ec977582a181f4a56d
2020-02-15,1.04,1.04,ft^3/s,Approved,[],2025-03-11T20:14:41.029928+00:00,4716a1279a5146ec977582a181f4a56d
2020-02-16,0.25,0.25,ft^3/s,Approved,[],2025-03-11T20:14:41.029928+00:00,4716a1279a5146ec977582a181f4a56d
2020-02-17,0.01,0.01,ft^3/s,Approved,[],2025-03-11T20:14:41.029928+00:00,4716a1279a5146ec977582a181f4a56d
2020-02-18,0.0,0.00,ft^3/s,Approved,[],2025-03-11T20:14:41.029928+00:00,4716a1279a5146ec977582a181f4a56d
2020-02-19,0.0,0.00,ft^3/s,Approved,[],2025-03-11T20:14:41.029928+00:00,4716a1279a5146ec977582a181f4a56d
2020-02-20,0.0,0.00,ft^3/s,Approved,[],2025-03-11T20:14:41.029928+00:00,4716a1279a5146ec977582a181f4a56d
2020-02-21,0.0,0.00,ft^3/s,Approved,[],2025-03-11T20:14:41.029928+00:00,4716a1279a5146ec977582a181f4a56d
2020-02-22,0.0,0.00,ft^3/s,Approved,[],2025-03-11T20:14:41.029928+00:00,4716a1279a5146ec977582a181f4a56d
2020-02-23,0.0,0.00,ft^3/s,Approved,[],2025-03-11T20:14:41.029928+00:00,4716a1279a5146ec977582a181f4a56d
2020-02-24,0.0,0.00,ft^3/s,Approved,[],2025-03-11T20:14:41.029928+00:00,4716a1279a5146ec977582a181f4a56d
2020-02-25,0.0,0.00,ft^3/s,Approved,[],2025-03-11T20:14:41.029928+00:00,4716a1279a5146ec977582a181f4a56d
2020-02-26,0.0,0.00,ft^3/s,Approved,[],2025-03-11T20:14:41.029928+00:00,4716a1279a5146ec977582a181f4a56d
2020-02-27,0.0,0.00,ft^3/s,Approved,[],2025-03-11T20:14:41.029928+00:00,4716a1279a5146ec977582a181f4a56d
2020-02-28,0.0,0.00,ft^3/s,Approved,[],2025-03-11T20:14:41.029928+00:00,4716a1279a5146ec977582a181f4a56d
2020-02-29,0.0,0.00,ft^3/s,Approved,[],2025-03-11T20:14:41.029928+00:00,4716a1279a5146ec977582a181f4a56d
2020-03-01,0.0,0.00,ft^3/s,Approved,[],2025-03-11T20:14:41.029928+00:00,4716a1279a5146ec977582a181f4a56d
2020-03-02,0.0,0.00,ft^3/s,Approved,[],2025-03-11T20:14:41.029928+00:00,4716a1279a5146ec977582a181f4a56d
2020-03-03,0.0,0.00,ft^3/s,Approved,[],2025-03-11T20:14:41.029928+00:00,4716a1279a5146ec977582a181f4a56d
2020-03-04,4.14,4.14,ft^3/s,Approved,[],2025-03-11T20:14:41.029928+00:00,4716a1279a5146ec977582a181f4a56d
2020-03-05,2.37,2.37,ft^3/s,Approved,[],2025-03-11T20:14:41.029928+00:00,4716a1279a5146ec977582a181f4a56d
2020-03-06,0.02,0.02,ft^3/s,Approved,[],2025-03-11T20:14:41.029928+00:00,4716a1279a5146ec977582a181f4a56d
2020-03-07,0.0,0.00,ft^3/s,Approved,[],2025-03-11T20:14:41.029928+00:00,4716a1279a5146ec977582a181f4a56d
2020-03-08,0.0,0.00,ft^3/s,Approved,[],2025-03-11T20:14:41.029928+00:00,4716a1279a5146ec977582a181f4a56d
2020-03-09,0.0,0.00,ft^3/s,Approved,[],2025-03-11T20:14:41.029928+00:00,4716a1279a5146ec977582a181f4a56d
2020-03-10,0.0,0.00,ft^3/s,Approved,[],2025-03-11T20:14:41.029928+00:00,4716a1279a5146ec977582a181f4a56d
2020-03-11,0.0,0.00,ft^3/s,Approved,[],2025-03-11T20:14:41.029928+00:00,4716a1279a5146ec977582a181f4a56d
2020-03-12,0.0,0.00,ft^3/s,Approved,[],2025-03-11T20:14:41.029928+00:00,4716a1279a5146ec977582a181f4a56d
2020-03-13,0.0,0.00,ft^3/s,Approved,[],2025-03-11T20:14:41.029928+00:00,4716a1279a5146ec977582a181f4a56d
2020-03-14,0.0,0.00,ft^3/s,Approved,[],2025-03-11T20:14:41.029928+00:00,4716a1279a5146ec977582a181f4a56d
2020-03-15,0.0,0.00,ft^3/s,Approved,[],2025-03-11T20:14:41.029928+00:00,4716a1279a5146ec977582a181f4a56d
2020-03-16,0.0,0.00,ft^3/s,Approved,[],2025-03-11T20:14:41.029928+00:00,4716a1279a5146ec977582a181f4a56d
2020-03-17,0.0,0.00,ft^3/s,Approved,[],2025-03-11T20:14:41.029928+00:00,4716a1279a5146ec977582a181f4a56d
2020-03-18,0.0,0.00,ft^3/s,Approved,[],2025-03-11T20:14:41.029928+00:00,4716a1279a5146ec977582a181f4a56d
2020-03-19,0.0,0.00,ft^3/s,Approved,[],2025-03-11T20:14:41.029928+00:00,4716a1279a5146ec977582a181f4a56d
2020-03-20,0.0,0.00,ft^3/s,Approved,[],2025-03-11T20:14:41.029928+00:00,4716a1279a5146ec977582a181f4a56d
2020-03-21,0.0,0.00,ft^3/s,Approved,[],2025-03-11T20:14:41.029928+00:00,4716a1279a5146ec977582a181f4a56d
2020-03-22,94.0,94.0,ft^3/s,Approved,[],2025-03-11T20:14:41.029928+00:00,4716a1279a5146ec977582a181f4a56d
2020-03-23,25.6,25.6,ft^3/s,Approved,[],2025-03-11T20:14:41.029928+00:00,4716a1279a5146ec977582a181f4a56d
2020-03-24,7.45,7.45,ft^3/s,Approved,[],2025-03-11T20:14:41.029928+00:00,4716a1279a5146ec977582a181f4a56d
2020-03-25,4.58,4.58,ft^3/s,Approved,[],2025-03-11T20:14:41.029928+00:00,4716a1279a5146ec977582a181f4a56d
2020-03-26,4.01,4.01,ft^3/s,Approved,[],2025-03-11T20:14:41.029928+00:00,4716a1279a5146ec977582a181f4a56d
2020-03-27,3.53,3.53,ft^3/s,Approved,[],2025-03-11T20:14:41.029928+00:00,4716a1279a5146ec977582a181f4a56d
2020-03-28,3.04,3.04,ft^3/s,Approved,[],2025-03-11T20:14:41.029928+00:00,4716a1279a5146ec977582a181f4a56d
2020-03-29,2.84,2.84,ft^3/s,Approved,[],2025-03-11T20:14:41.029928+00:00,4716a1279a5146ec977582a181f4a56d
2020-03-30,2.84,2.84,ft^3/s,Approved,[],2025-03-11T20:14:41.029928+00:00,4716a1279a5146ec977582a181f4a56d
2020-03-31,1.85,1.85,ft^3/s,Approved,[],2025-03-11T20:14:41.029928+00:00,4716a1279a5146ec977582a181f4a56d
2020-04-01,1.3,1.30,ft^3/s,Approved,[],2025-03-11T20:14:41.029928+00:00,4716a1279a5146ec977582a181f4a56d
2020-04-02,2.14,2.14,ft^3/s,Approved,[],2025-03-11T20:14:41.029928+00:00,4716a1279a5146ec977582a181f4a56d
2020-04-03,2.32,2.32,ft^3/s,Approved,[],2025-03-11T20:14:41.029928+00:00,4716a1279a5146ec977582a181f4a56d
2020-04-04,2.81,2.81,ft^3/s,Approved,[],2025-03-11T20:14:41.029928+00:00,4716a1279a5146ec977582a181f4a56d
2020-04-05,3.32,3.32,ft^3/s,Approved,[],2025-03-11T20:14:41.029928+00:00,4716a1279a5146ec977582a181f4a56d
2020-04-06,3.7,3.70,ft^3/s,Approved,[],2025-03-11T20:14:41.029928+00:00,4716a1279a5146ec977582a181f4a56d
2020-04-07,3.97,3.97,ft^3/s,Approved,[],2025-03-11T20:14:41.029928+00:00,4716a1279a5146ec977582a181f4a56d
2020-04-08,4.14,4.14,ft^3/s,Approved,[],2025-03-11T20:14:41.029928+00:00,4716a1279a5146ec977582a181f4a56d
2020-04-09,4.37,4.37,ft^3/s,Approved,[],2025-03-11T20:14:41.029928+00:00,4716a1279a5146ec977582a181f4a56d
2020-04-10,3.64,3.64,ft^3/s,Approved,[],2025-03-11T20:14:41.029928+00:00,4716a1279a5146ec977582a181f4a56d
2020-04-11,3.62,3.62,ft^3/s,Approved,[],2025-03-11T20:14:41.029928+00:00,4716a1279a5146ec977582a181f4a56d
2020-04-12,215.0,215,ft^3/s,Approved,[],2025-03-11T20:14:41.029928+00:00,4716a1279a5146ec977582a181f4a56d
2020-04-13,88.4,88.4,ft^3/s,Approved,[],2025-03-11T20:14:41.029928+00:00,4716a1279a5146ec977582a181f4a56d
2020-04-14,20.2,20.2,ft^3/s,Approved,[],2025-03-11T20:14:41.029928+00:00,4716a1279a5146ec977582a181f4a56d
2020-04-15,11.8,11.8,ft^3/s,Approved,[],2025-03-11T20:14:41.029928+00:00,4716a1279a5146ec977582a181f4a56d
2020-04-16,9.3,9.30,ft^3/s,Approved,[],2025-03-11T20:14:41.029928+00:00,4716a1279a5146ec977582a181f4a56d
2020-04-17,8.48,8.48,ft^3/s,Approved,[],2025-03-11T20:14:41.029928+00:00,4716a1279a5146ec977582a181f4a56d
2020-04-18,8.33,8.33,ft^3/s,Approved,[],2025-03-11T20:14:41.029928+00:00,4716a1279a5146ec977582a181f4a56d
2020-04-19,8.51,8.51,ft^3/s,Approved,[],2025-03-11T20:14:41.029928+00:00,4716a1279a5146ec977582a181f4a56d
2020-04-20,8.19,8.19,ft^3/s,Approved,[],2025-03-11T20:14:41.029928+00:00,4716a1279a5146ec977582a181f4a56d
2020-04-21,8.06,8.06,ft^3/s,Approved,[],2025-03-11T20:14:41.029928+00:00,4716a1279a5146ec977582a181f4a56d
2020-04-22,8.04,8.04,ft^3/s,Approved,[],2025-03-11T20:14:41.029928+00:00,4716a1279a5146ec977582a181f4a56d
2020-04-23,7.19,7.19,ft^3/s,Approved,[],2025-03-11T20:14:41.029928+00:00,4716a1279a5146ec977582a181f4a56d
2020-04-24,6.25,6.25,ft^3/s,Approved,[],2025-03-11T20:14:41.029928+00:00,4716a1279a5146ec977582a181f4a56d
2020-04-25,5.28,5.28,ft^3/s,Approved,[],2025-03-11T20:14:41.029928+00:00,4716a1279a5146ec977582a181f4a56d
2020-04-26,4.21,4.21,ft^3/s,Approved,[],2025-03-11T20:14:41.029928+00:00,4716a1279a5146ec977582a181f4a56d
2020-04-27,3.75,3.75,ft^3/s,Approved,[],2025-03-11T20:14:41.029928+00:00,4716a1279a5146ec977582a181f4a56d
2020-04-28,3.66,3.66,ft^3/s,Approved,[],2025-03-11T20:14:41.029928+00:00,4716a1279a5146ec977582a181f4a56d
2020-04-29,6.25,6.25,ft^3/s,Approved,[],2025-03-11T20:14:41.029928+00:00,4716a1279a5146ec977582a181f4a56d
2020-04-30,4.13,4.13,ft^3/s,Approved,[],2025-03-11T20:14:41.029928+00:00,4716a1279a5146ec977582a181f4a56d
2020-05-01,4.15,4.15,ft^3/s,Approved,[],2025-03-11T20:14:41.029928+00:00,4716a1279a5146ec977582a181f4a56d
2020-05-02,3.74,3.74,ft^3/s,Approved,[],2025-03-11T20:14:41.029928+00:00,4716a1279a5146ec977582a181f4a56d
2020-05-03,3.38,3.38,ft^3/s,Approved,[],2025-03-11T20:14:41.029928+00:00,4716a1279a5146ec977582a181f4a56d
2020-05-04,2.73,2.73,ft^3/s,Approved,[],2025-03-11T20:14:41.029928+00:00,4716a1279a5146ec977582a181f4a56d
2020-05-05,2.14,2.14,ft^3/s,Approved,[],2025-03-11T20:14:41.029928+00:00,4716a1279a5146ec977582a181f4a56d
2020-05-06,1.61,1.61,ft^3/s,Approved,[],2025-03-11T20:14:41.029928+00:00,4716a1279a5146ec977582a181f4a56d
2020-05-07,1.17,1.17,ft^3/s,Approved,[],2025-03-11T20:14:41.029928+00:00,4716a1279a5146ec977582a181f4a56d
2020-05-08,0.91,0.91,ft^3/s,Approved,[],2025-03-11T20:14:41.029928+00:00,4716a1279a5146ec977582a181f4a56d
2020-05-09,0.6,0.60,ft^3/s,Approved,[],2025-03-11T20:14:41.029928+00:00,4716a1279a5146ec977582a181f4a56d
2020-05-10,0.3,0.30,ft^3/s,Approved,[],2025-03-11T20:14:41.029928+00:00,4716a1279a5146ec977582a181f4a56d
2020-05-11,0.09,0.09,ft^3/s,Approved,[],2025-03-11T20:14:41.029928+00:00,4716a1279a5146ec977582a181f4a56d
2020-05-12,0.92,0.92,ft^3/s,Approved,[],2025-03-11T20:14:41.029928+00:00,4716a1279a5146ec977582a181f4a56d
2020-05-13,1.9,1.90,ft^3/s,Approved,[],2025-03-11T20:14:41.029928+00:00,4716a1279a5146ec977582a181f4a56d
2020-05-14,1.64,1.64,ft^3/s,Approved,[],2025-03-11T20:14:41.029928+00:00,4716a1279a5146ec977582a181f4a56d
2020-05-15,1.61,1.61,ft^3/s,Approved,[],2025-03-11T20:14:41.029928+00:00,4716a1279a5146ec977582a181f4a56d
2020-05-16,24.2,24.2,ft^3/s,Approved,[],2025-03-11T20:14:41.029928+00:00,4716a1279a5146ec977582a181f4a56d
2020-05-17,5.58,5.58,ft^3/s,Approved,[],2025-03-11T20:14:41.029928+00:00,4716a1279a5146ec977582a181f4a56d
2020-05-18,2.87,2.87,ft^3/s,Approved,[],2025-03-11T20:14:41.029928+00:00,4716a1279a5146ec977582a181f4a56d
2020-05-19,2.72,2.72,ft^3/s,Approved,[],2025-03-11T20:14:41.029928+00:00,4716a1279a5146ec977582a181f4a56d
2020-05-20,2.39,2.39,ft^3/s,Approved,[],2025-03-11T20:14:41.029928+00:00,4716a1279a5146ec977582a181f4a56d
2020-05-21,1.68,1.68,ft^3/s,Approved,[],2025-03-11T20:14:41.029928+00:00,4716a1279a5146ec977582a181f4a56d
2020-05-22,1.27,1.27,ft^3/s,Approved,[],2025-03-11T20:14:41.029928+00:00,4716a1279a5146ec977582a181f4a56d
2020-05-23,0.66,0.66,ft^3/s,Approved,[],2025-03-11T20:14:41.029928+00:00,4716a1279a5146ec977582a181f4a56d
2020-05-24,0.41,0.41,ft^3/s,Approved,[],2025-03-11T20:14:41.029928+00:00,4716a1279a5146ec977582a181f4a56d
2020-05-25,3.03,3.03,ft^3/s,Approved,[],2025-03-11T20:14:41.029928+00:00,4716a1279a5146ec977582a181f4a56d
2020-05-26,3.72,3.72,ft^3/s,Approved,[],2025-03-11T20:14:41.029928+00:00,4716a1279a5146ec977582a181f4a56d
2020-05-27,2.09,2.09,ft^3/s,Approved,[],2025-03-11T20:14:41.029928+00:00,4716a1279a5146ec977582a181f4a56d
2020-05-28,33.6,33.6,ft^3/s,Approved,[],2025-03-11T20:14:41.029928+00:00,4716a1279a5146ec977582a181f4a56d
2020-05-29,15.0,15.0,ft^3/s,Approved,[],2025-03-11T20:14:41.029928+00:00,4716a1279a5146ec977582a181f4a56d
2020-05-30,7.03,7.03,ft^3/s,Approved,[],2025-03-11T20:14:41.029928+00:00,4716a1279a5146ec977582a181f4a56d
2020-05-31,5.36,5.36,ft^3/s,Approved,[],2025-03-11T20:14:41.029928+00:00,4716a1279a5146ec977582a181f4a56d
2020-06-01,4.62,4.62,ft^3/s,Approved,[],2025-03-11T20:14:41.029928+00:00,4716a1279a5146ec977582a181f4a56d
2020-06-02,3.86,3.86,ft^3/s,Approved,[],2025-03-11T20:14:41.029928+00:00,4716a1279a5146ec977582a181f4a56d
2020-06-03,3.27,3.27,ft^3/s,Approved,[],2025-03-11T20:14:41.029928+00:00,4716a1279a5146ec977582a181f4a56d
2020-06-04,2.63,2.63,ft^3/s,Approved,[],2025-03-11T20:14:41.029928+00:00,4716a1279a5146ec977582a181f4a56d
2020-06-05,1.9,1.90,ft^3/s,Approved,[],2025-03-11T20:14:41.029928+00:00,4716a1279a5146ec977582a181f4a56d
2020-06-06,1.52,1.52,ft^3/s,Approved,[],2025-03-11T20:14:41.029928+00:00,4716a1279a5146ec977582a181f4a56d
2020-06-07,1.23,1.23,ft^3/s,Approved,[],2025-03-11T20:14:41.029928+00:00,4716a1279a5146ec977582a181f4a56d
2020-06-08,0.9,0.90,ft^3/s,Approved,[],2025-03-11T20:14:41.029928+00:00,4716a1279a5146ec977582a181f4a56d
2020-06-09,0.65,0.65,ft^3/s,Approved,[],2025-03-11T20:14:41.029928+00:00,4716a1279a5146ec977582a181f4a56d
2020-06-10,0.31,0.31,ft^3/s,Approved,[],2025-03-11T20:14:41.029928+00:00,4716a1279a5146ec977582a181f4a56d
2020-06-11,0.09,0.09,ft^3/s,Approved,[],2025-03-11T20:14:41.029928+00:00,4716a1279a5146ec977582a181f4a56d
2020-06-12,0.0,0.00,ft^3/s,Approved,[],2025-03-11T20:14:41.029928+00:00,4716a1279a5146ec977582a181f4a56d
2020-06-13,0.0,0.00,ft^3/s,Approved,[],2025-03-11T20:14:41.029928+00:00,4716a1279a5146ec977582a181f4a56d
2020-06-14,0.0,0.00,ft^3/s,Approved,[],2025-03-11T20:14:41.029928+00:00,4716a1279a5146ec977582a181f4a56d
2020-06-15,0.0,0.00,ft^3/s,Approved,[],2025-03-11T20:14:41.029928+00:00,4716a1279a5146ec977582a181f4a56d
2020-06-16,0.0,0.00,ft^3/s,Approved,[],2025-03-11T20:14:41.029928+00:00,4716a1279a5146ec977582a181f4a56d
2020-06-17,0.0,0.00,ft^3/s,Approved,[],2025-03-11T20:14:41.029928+00:00,4716a1279a5146ec977582a181f4a56d
2020-06-18,0.0,0.00,ft^3/s,Approved,[],2025-03-11T20:14:41.029928+00:00,4716a1279a5146ec977582a181f4a56d
2020-06-19,0.0,0.00,ft^3/s,Approved,[],2025-03-11T20:14:41.029928+00:00,4716a1279a5146ec977582a181f4a56d
2020-06-20,0.0,0.00,ft^3/s,Approved,[],2025-03-11T20:14:41.029928+00:00,4716a1279a5146ec977582a181f4a56d
2020-06-21,0.0,0.00,ft^3/s,Approved,[],2025-03-11T20:14:41.029928+00:00,4716a1279a5146ec977582a181f4a56d
2020-06-22,0.0,0.00,ft^3/s,Approved,[],2025-03-11T20:14:41.029928+00:00,4716a1279a5146ec977582a181f4a56d
2020-06-23,0.0,0.00,ft^3/s,Approved,[],2025-03-11T20:14:41.029928+00:00,4716a1279a5146ec977582a181f4a56d
2020-06-24,0.0,0.00,ft^3/s,Approved,[],2025-03-11T20:14:41.029928+00:00,4716a1279a5146ec977582a181f4a56d
2020-06-25,0.0,0.00,ft^3/s,Approved,[],2025-03-11T20:14:41.029928+00:00,4716a1279a5146ec977582a181f4a56d
2020-06-26,0.0,0.00,ft^3/s,Approved,[],2025-03-11T20:14:41.029928+00:00,4716a1279a5146ec977582a181f4a56d
2020-06-27,0.0,0.00,ft^3/s,Approved,[],2025-03-11T20:14:41.029928+00:00,4716a1279a5146ec977582a181f4a56d
2020-06-28,0.0,0.00,ft^3/s,Approved,[],2025-03-11T20:14:41.029928+00:00,4716a1279a5146ec977582a181f4a56d
2020-06-29,0.0,0.00,ft^3/s,Approved,[],2025-03-11T20:14:41.029928+00:00,4716a1279a5146ec977582a181f4a56d
2020-06-30,0.0,0.00,ft^3/s,Approved,[],2025-03-11T20:14:41.029928+00:00,4716a1279a5146ec977582a181f4a56d
2020-07-01,0.0,0.00,ft^3/s,Approved,[],2025-03-11T20:14:41.029928+00:00,4716a1279a5146ec977582a181f4a56d
2020-07-02,0.0,0.00,ft^3/s,Approved,[],2025-03-11T20:14:41.029928+00:00,4716a1279a5146ec977582a181f4a56d
2020-07-03,0.0,0.00,ft^3/s,Approved,[],2025-03-11T20:14:41.029928+00:00,4716a1279a5146ec977582a181f4a56d
2020-07-04,0.0,0.00,ft^3/s,Approved,[],2025-03-11T20:14:41.029928+00:00,4716a1279a5146ec977582a181f4a56d
2020-07-05,0.0,0.00,ft^3/s,Approved,[],2025-03-11T20:14:41.029928+00:00,4716a1279a5146ec977582a181f4a56d
2020-07-06,0.0,0.00,ft^3/s,Approved,[],2025-03-11T20:14:41.029928+00:00,4716a1279a5146ec977582a181f4a56d
2020-07-07,0.0,0.00,ft^3/s,Approved,[],2025-03-11T20:14:41.029928+00:00,4716a1279a5146ec977582a181f4a56d
2020-07-08,0.0,0.00,ft^3/s,Approved,[],2025-03-11T20:14:41.029928+00:00,4716a1279a5146ec977582a181f4a56d
2020-07-09,0.0,0.00,ft^3/s,Approved,[],2025-03-11T20:14:41.029928+00:00,4716a1279a5146ec977582a181f4a56d
2020-07-10,0.0,0.00,ft^3/s,Approved,[],2025-03-11T20:14:41.029928+00:00,4716a1279a5146ec977582a181f4a56d
2020-07-11,0.0,0.00,ft^3/s,Approved,[],2025-03-11T20:14:41.029928+00:00,4716a1279a5146ec977582a181f4a56d
2020-07-12,0.0,0.00,ft^3/s,Approved,[],2025-03-11T20:14:41.029928+00:00,4716a1279a5146ec977582a181f4a56d
2020-07-13,0.0,0.00,ft^3/s,Approved,[],2025-03-11T20:14:41.029928+00:00,4716a1279a5146ec977582a181f4a56d
2020-07-14,0.0,0.00,ft^3/s,Approved,[],2025-03-11T20:14:41.029928+00:00,4716a1279a5146ec977582a181f4a56d
2020-07-15,0.0,0.00,ft^3/s,Approved,[],2025-03-11T20:14:41.029928+00:00,4716a1279a5146ec977582a181f4a56d
2020-07-16,0.0,0.00,ft^3/s,Approved,[],2025-03-11T20:14:41.029928+00:00,4716a1279a5146ec977582a181f4a56d
2020-07-17,0.0,0.00,ft^3/s,Approved,[],2025-03-11T20:14:41.029928+00:00,4716a1279a5146ec977582a181f4a56d
2020-07-18,0.0,0.00,ft^3/s,Approved,[],2025-03-11T20:14:41.029928+00:00,4716a1279a5146ec977582a181f4a56d
2020-07-19,0.0,0.00,ft^3/s,Approved,[],2025-03-11T20:14:41.029928+00:00,4716a1279a5146ec977582a181f4a56d
2020-07-20,0.0,0.00,ft^3/s,Approved,[],2025-03-11T20:14:41.029928+00:00,4716a1279a5146ec977582a181f4a56d
2020-07-21,0.0,0.00,ft^3/s,Approved,[],2025-03-11T20:14:41.029928+00:00,4716a1279a5146ec977582a181f4a56d
2020-07-22,0.0,0.00,ft^3/s,Approved,[],2025-03-11T20:14:41.029928+00:00,4716a1279a5146ec977582a181f4a56d
2020-07-23,0.0,0.00,ft^3/s,Approved,[],2025-03-11T20:14:41.029928+00:00,4716a1279a5146ec977582a181f4a56d
2020-07-24,0.0,0.00,ft^3/s,Approved,[],2025-03-11T20:14:41.029928+00:00,4716a1279a5146ec977582a181f4a56d
2020-07-25,0.0,0.00,ft^3/s,Approved,[],2025-03-11T20:14:41.029928+00:00,4716a1279a5146ec977582a181f4a56d
2020-07-26,0.0,0.00,ft^3/s,Approved,[],2025-03-11T20:14:41.029928+00:00,4716a1279a5146ec977582a181f4a56d
2020-07-27,0.0,0.00,ft^3/s,Approved,[],2025-03-11T20:14:41.029928+00:00,4716a1279a5146ec977582a181f4a56d
2020-07-28,0.0,0.00,ft^3/s,Approved,[],2025-03-11T20:14:41.029928+00:00,4716a1279a5146ec977582a181f4a56d
2020-07-29,0.0,0.00,ft^3/s,Approved,[],2025-03-11T20:14:41.029928+00:00,4716a1279a5146ec977582a181f4a56d
2020-07-30,0.0,0.00,ft^3/s,Approved,[],2025-03-11T20:14:41.029928+00:00,4716a1279a5146ec977582a181f4a56d
2020-07-31,0.0,0.00,ft^3/s,Approved,[],2025-03-11T20:14:41.029928+00:00,4716a1279a5146ec977582a181f4a56d
2020-08-01,0.0,0.00,ft^3/s,Approved,[],2025-03-11T20:14:41.029928+00:00,4716a1279a5146ec977582a181f4a56d
2020-08-02,0.0,0.00,ft^3/s,Approved,[],2025-03-11T20:14:41.029928+00:00,4716a1279a5146ec977582a181f4a56d
2020-08-03,0.0,0.00,ft^3/s,Approved,[],2025-03-11T20:14:41.029928+00:00,4716a1279a5146ec977582a181f4a56d
2020-08-04,0.0,0.00,ft^3/s,Approved,[],2025-03-11T20:14:41.029928+00:00,4716a1279a5146ec977582a181f4a56d
2020-08-05,0.0,0.00,ft^3/s,Approved,[],2025-03-11T20:14:41.029928+00:00,4716a1279a5146ec977582a181f4a56d
2020-08-06,0.0,0.00,ft^3/s,Approved,[],2025-03-11T20:14:41.029928+00:00,4716a1279a5146ec977582a181f4a56d
2020-08-07,0.0,0.00,ft^3/s,Approved,[],2025-03-11T20:14:41.029928+00:00,4716a1279a5146ec977582a181f4a56d
2020-08-08,0.0,0.00,ft^3/s,Approved,[],2025-03-11T20:14:41.029928+00:00,4716a1279a5146ec977582a181f4a56d
2020-08-09,0.0,0.00,ft^3/s,Approved,[],2025-03-11T20:14:41.029928+00:00,4716a1279a5146ec977582a181f4a56d
2020-08-10,0.0,0.00,ft^3/s,Approved,[],2025-03-11T20:14:41.029928+00:00,4716a1279a5146ec977582a181f4a56d
2020-08-11,0.0,0.00,ft^3/s,Approved,[],2025-03-11T20:14:41.029928+00:00,4716a1279a5146ec977582a181f4a56d
2020-08-12,0.0,0.00,ft^3/s,Approved,[],2025-03-11T20:14:41.029928+00:00,4716a1279a5146ec977582a181f4a56d
2020-08-13,0.0,0.00,ft^3/s,Approved,[],2025-03-11T20:14:41.029928+00:00,4716a1279a5146ec977582a181f4a56d
2020-08-14,0.0,0.00,ft^3/s,Approved,[],2025-03-11T20:14:41.029928+00:00,4716a1279a5146ec977582a181f4a56d
2020-08-15,0.0,0.00,ft^3/s,Approved,[],2025-03-11T20:14:41.029928+00:00,4716a1279a5146ec977582a181f4a56d
2020-08-16,0.0,0.00,ft^3/s,Approved,[],2025-03-11T20:14:41.029928+00:00,4716a1279a5146ec977582a181f4a56d
2020-08-17,0.0,0.00,ft^3/s,Approved,[],2025-03-11T20:14:41.029928+00:00,4716a1279a5146ec977582a181f4a56d
2020-08-18,0.0,0.00,ft^3/s,Approved,[],2025-03-11T20:14:41.029928+00:00,4716a1279a5146ec977582a181f4a56d
2020-08-19,0.0,0.00,ft^3/s,Approved,[],2025-03-11T20:14:41.029928+00:00,4716a1279a5146ec977582a181f4a56d
2020-08-20,0.0,0.00,ft^3/s,Approved,[],2025-03-11T20:14:41.029928+00:00,4716a1279a5146ec977582a181f4a56d
2020-08-21,0.0,0.00,ft^3/s,Approved,[],2025-03-11T20:14:41.029928+00:00,4716a1279a5146ec977582a181f4a56d
2020-08-22,0.0,0.00,ft^3/s,Approved,[],2025-03-11T20:14:41.029928+00:00,4716a1279a5146ec977582a181f4a56d
2020-08-23,0.0,0.00,ft^3/s,Approved,[],2025-03-11T20:14:41.029928+00:00,4716a1279a5146ec977582a181f4a56d
2020-08-24,0.0,0.00,ft^3/s,Approved,[],2025-03-11T20:14:41.029928+00:00,4716a1279a5146ec977582a181f4a56d
2020-08-25,0.0,0.00,ft^3/s,Approved,[],2025-03-11T20:14:41.029928+00:00,4716a1279a5146ec977582a181f4a56d
2020-08-26,0.0,0.00,ft^3/s,Approved,[],2025-03-11T20:14:41.029928+00:00,4716a1279a5146ec977582a181f4a56d
2020-08-27,0.0,0.00,ft^3/s,Approved,[],2025-03-11T20:14:41.029928+00:00,4716a1279a5146ec977582a181f4a56d
2020-08-28,0.0,0.00,ft^3/s,Approved,[],2025-03-11T20:14:41.029928+00:00,4716a1279a5146ec977582a181f4a56d
2020-08-29,0.0,0.00,ft^3/s,Approved,[],2025-03-11T20:14:41.029928+00:00,4716a1279a5146ec977582a181f4a56d
2020-08-30,0.0,0.00,ft^3/s,Approved,[],2025-03-11T20:14:41.029928+00:00,4716a1279a5146ec977582a181f4a56d
2020-08-31,0.0,0.00,ft^3/s,Approved,[],2025-03-11T20:14:41.029928+00:00,4716a1279a5146ec977582a181f4a56d
2020-09-01,0.0,0.00,ft^3/s,Approved,[],2025-03-11T20:14:41.029928+00:00,4716a1279a5146ec977582a181f4a56d
2020-09-02,0.0,0.00,ft^3/s,Approved,[],2025-03-11T20:14:41.029928+00:00,4716a1279a5146ec977582a181f4a56d
2020-09-03,0.0,0.00,ft^3/s,Approved,[],2025-03-11T20:14:41.029928+00:00,4716a1279a5146ec977582a181f4a56d
2020-09-04,0.0,0.00,ft^3/s,Approved,[],2025-03-11T20:14:41.029928+00:00,4716a1279a5146ec977582a181f4a56d
2020-09-05,0.0,0.00,ft^3/s,Approved,[],2025-03-11T20:14:41.029928+00:00,4716a1279a5146ec977582a181f4a56d
2020-09-06,0.0,0.00,ft^3/s,Approved,[],2025-03-11T20:14:41.029928+00:00,4716a1279a5146ec977582a181f4a56d
2020-09-07,0.0,0.00,ft^3/s,Approved,[],2025-03-11T20:14:41.029928+00:00,4716a1279a5146ec977582a181f4a56d
2020-09-08,0.0,0.00,ft^3/s,Approved,[],2025-03-11T20:14:41.029928+00:00,4716a1279a5146ec977582a181f4a56d
2020-09-09,0.0,0.00,ft^3/s,Approved,[],2025-03-11T20:14:41.029928+00:00,4716a1279a5146ec977582a181f4a56d
2020-09-10,0.0,0.00,ft^3/s,Approved,[],2025-03-11T20:14:41.029928+00:00,4716a1279a5146ec977582a181f4a56d
2020-09-11,0.0,0.00,ft^3/s,Approved,[],2025-03-11T20:14:41.029928+00:00,4716a1279a5146ec977582a181f4a56d
2020-09-12,0.0,0.00,ft^3/s,Approved,[],2025-03-11T20:14:41.029928+00:00,4716a1279a5146ec977582a181f4a56d
2020-09-13,0.0,0.00,ft^3/s,Approved,[],2025-03-11T20:14:41.029928+00:00,4716a1279a5146ec977582a181f4a56d
2020-09-14,0.0,0.00,ft^3/s,Approved,[],2025-03-11T20:14:41.029928+00:00,4716a1279a5146ec977582a181f4a56d
2020-09-15,0.0,0.00,ft^3/s,Approved,[],2025-03-11T20:14:41.029928+00:00,4716a1279a5146ec977582a181f4a56d
2020-09-16,0.0,0.00,ft^3/s,Approved,[],2025-03-11T20:14:41.029928+00:00,4716a1279a5146ec977582a181f4a56d
2020-09-17,0.0,0.00,ft^3/s,Approved,[],2025-03-11T20:14:41.029928+00:00,4716a1279a5146ec977582a181f4a56d
2020-09-18,0.0,0.00,ft^3/s,Approved,[],2025-03-11T20:14:41.029928+00:00,4716a1279a5146ec977582a181f4a56d
2020-09-19,0.0,0.00,ft^3/s,Approved,[],2025-03-11T20:14:41.029928+00:00,4716a1279a5146ec977582a181f4a56d
2020-09-20,0.0,0.00,ft^3/s,Approved,[],2025-03-11T20:14:41.029928+00:00,4716a1279a5146ec977582a181f4a56d
2020-09-21,0.0,0.00,ft^3/s,Approved,[],2025-03-11T20:14:41.029928+00:00,4716a1279a5146ec977582a181f4a56d
2020-09-22,11.4,11.4,ft^3/s,Approved,[],2025-03-11T20:14:41.029928+00:00,4716a1279a5146ec977582a181f4a56d
2020-09-23,0.89,0.89,ft^3/s,Approved,[],2025-03-11T20:14:41.029928+00:00,4716a1279a5146ec977582a181f4a56d
2020-09-24,0.0,0.00,ft^3/s,Approved,[],2025-03-11T20:14:41.029928+00:00,4716a1279a5146ec977582a181f4a56d
2020-09-25,0.0,0.00,ft^3/s,Approved,[],2025-03-11T20:14:41.029928+00:00,4716a1279a5146ec977582a181f4a56d
2020-09-26,0.0,0.00,ft^3/s,Approved,[],2025-03-11T20:14:41.029928+00:00,4716a1279a5146ec977582a181f4a56d
2020-09-27,0.0,0.00,ft^3/s,Approved,[],2025-03-11T20:14:41.029928+00:00,4716a1279a5146ec977582a181f4a56d
2020-09-28,0.0,0.00,ft^3/s,Approved,[],2025-03-11T20:14:41.029928+00:00,4716a1279a5146ec977582a181f4a56d
2020-09-29,0.0,0.00,ft^3/s,Approved,[],2025-03-11T20:14:41.029928+00:00,4716a1279a5146ec977582a181f4a56d
2020-09-30,0.0,0.00,ft^3/s,Approved,[],2025-03-11T20:14:41.029928+00:00,4716a1279a5146ec977582a181f4a56d
2020-10-01,0.0,0.00,ft^3/s,Approved,[],2025-03-11T20:14:41.029928+00:00,4716a1279a5146ec977582a181f4a56d
2020-10-02,0.0,0.00,ft^3/s,Approved,[],2025-03-11T20:14:41.029928+00:00,4716a1279a5146ec977582a181f4a56d
2020-10-03,0.0,0.00,ft^3/s,Approved,[],2025-03-11T20:14:41.029928+00:00,4716a1279a5146ec977582a181f4a56d
2020-10-04,0.0,0.00,ft^3/s,Approved,[],2025-03-11T20:14:41.029928+00:00,4716a1279a5146ec977582a181f4a56d
2020-10-05,0.0,0.00,ft^3/s,Approved,[],2025-03-11T20:14:41.029928+00:00,4716a1279a5146ec977582a181f4a56d
2020-10-06,0.0,0.00,ft^3/s,Approved,[],2025-03-11T20:14:41.029928+00:00,4716a1279a5146ec977582a181f4a56d
2020-10-07,0.0,0.00,ft^3/s,Approved,[],2025-03-11T20:14:41.029928+00:00,4716a1279a5146ec977582a181f4a56d
2020-10-08,0.0,0.00,ft^3/s,Approved,[],2025-03-11T20:14:41.029928+00:00,4716a1279a5146ec977582a181f4a56d
2020-10-09,0.0,0.00,ft^3/s,Approved,[],2025-03-11T20:14:41.029928+00:00,4716a1279a5146ec977582a181f4a56d
2020-10-10,0.0,0.00,ft^3/s,Approved,[],2025-03-11T20:14:41.029928+00:00,4716a1279a5146ec977582a181f4a56d
2020-10-11,0.0,0.00,ft^3/s,Approved,[],2025-03-11T20:14:41.029928+00:00,4716a1279a5146ec977582a181f4a56d
2020-10-12,0.0,0.00,ft^3/s,Approved,[],2025-03-11T20:14:41.029928+00:00,4716a1279a5146ec977582a181f4a56d
2020-10-13,0.0,0.00,ft^3/s,Approved,[],2025-03-11T20:14:41.029928+00:00,4716a1279a5146ec977582a181f4a56d
2020-10-14,0.0,0.00,ft^3/s,Approved,[],2025-03-11T20:14:41.029928+00:00,4716a1279a5146ec977582a181f4a56d
2020-10-15,0.0,0.00,ft^3/s,Approved,[],2025-03-11T20:14:41.029928+00:00,4716a1279a5146ec977582a181f4a56d
2020-10-16,0.0,0.00,ft^3/s,Approved,[],2025-03-11T20:14:41.029928+00:00,4716a1279a5146ec977582a181f4a56d
2020-10-17,0.0,0.00,ft^3/s,Approved,[],2025-03-11T20:14:41.029928+00:00,4716a1279a5146ec977582a181f4a56d
2020-10-18,0.0,0.00,ft^3/s,Approved,[],2025-03-11T20:14:41.029928+00:00,4716a1279a5146ec977582a181f4a56d
2020-10-19,0.0,0.00,ft^3/s,Approved,[],2025-03-11T20:14:41.029928+00:00,4716a1279a5146ec977582a181f4a56d
2020-10-20,0.0,0.00,ft^3/s,Approved,[],2025-03-11T20:14:41.029928+00:00,4716a1279a5146ec977582a181f4a56d
2020-10-21,0.0,0.00,ft^3/s,Approved,[],2025-03-11T20:14:41.029928+00:00,4716a1279a5146ec977582a181f4a56d
2020-10-22,0.0,0.00,ft^3/s,Approved,[],2025-03-11T20:14:41.029928+00:00,4716a1279a5146ec977582a181f4a56d
2020-10-23,0.0,0.00,ft^3/s,Approved,[],2025-03-11T20:14:41.029928+00:00,4716a1279a5146ec977582a181f4a56d
2020-10-24,0.0,0.00,ft^3/s,Approved,[],2025-03-11T20:14:41.029928+00:00,4716a1279a5146ec977582a181f4a56d
2020-10-25,0.0,0.00,ft^3/s,Approved,[],2025-03-11T20:14:41.029928+00:00,4716a1279a5146ec977582a181f4a56d
2020-10-26,0.0,0.00,ft^3/s,Approved,[],2025-03-11T20:14:41.029928+00:00,4716a1279a5146ec977582a181f4a56d
2020-10-27,0.0,0.00,ft^3/s,Approved,[],2025-03-11T20:14:41.029928+00:00,4716a1279a5146ec977582a181f4a56d
2020-10-28,0.0,0.00,ft^3/s,Approved,[],2025-03-11T20:14:41.029928+00:00,4716a1279a5146ec977582a181f4a56d
2020-10-29,0.0,0.00,ft^3/s,Approved,[],2025-03-11T20:14:41.029928+00:00,4716a1279a5146ec977582a181f4a56d
2020-10-30,0.0,0.00,ft^3/s,Approved,[],2025-03-11T20:14:41.029928+00:00,4716a1279a5146ec977582a181f4a56d
2020-10-31,0.0,0.00,ft^3/s,Approved,[],2025-03-11T20:14:41.029928+00:00,4716a1279a5146ec977582a181f4a56d
2020-11-01,0.0,0.00,ft^3/s,Approved,[],2025-03-11T20:14:41.029928+00:00,4716a1279a5146ec977582a181f4a56d
2020-11-02,0.0,0.00,ft^3/s,Approved,[],2025-03-11T20:14:41.029928+00:00,4716a1279a5146ec977582a181f4a56d
2020-11-03,0.0,0.00,ft^3/s,Approved,[],2025-03-11T20:14:41.029928+00:00,4716a1279a5146ec977582a181f4a56d
2020-11-04,0.0,0.00,ft^3/s,Approved,[],2025-03-11T20:14:41.029928+00:00,4716a1279a5146ec977582a181f4a56d
2020-11-05,0.0,0.00,ft^3/s,Approved,[],2025-03-11T20:14:41.029928+00:00,4716a1279a5146ec977582a181f4a56d
2020-11-06,0.0,0.00,ft^3/s,Approved,[],2025-03-11T20:14:41.029928+00:00,4716a1279a5146ec977582a181f4a56d
2020-11-07,0.0,0.00,ft^3/s,Approved,[],2025-03-11T20:14:41.029928+00:00,4716a1279a5146ec977582a181f4a56d
2020-11-08,0.0,0.00,ft^3/s,Approved,[],2025-03-11T20:14:41.029928+00:00,4716a1279a5146ec977582a181f4a56d
2020-11-09,0.0,0.00,ft^3/s,Approved,[],2025-03-11T20:14:41.029928+00:00,4716a1279a5146ec977582a181f4a56d
2020-11-10,0.0,0.00,ft^3/s,Approved,[],2025-03-11T20:14:41.029928+00:00,4716a1279a5146ec977582a181f4a56d
2020-11-11,0.0,0.00,ft^3/s,Approved,[],2025-03-11T20:14:41.029928+00:00,4716a1279a5146ec977582a181f4a56d
2020-11-12,0.0,0.00,ft^3/s,Approved,[],2025-03-11T20:14:41.029928+00:00,4716a1279a5146ec977582a181f4a56d
2020-11-13,0.0,0.00,ft^3/s,Approved,[],2025-03-11T20:14:41.029928+00:00,4716a1279a5146ec977582a181f4a56d
2020-11-14,0.0,0.00,ft^3/s,Approved,[],2025-03-11T20:14:41.029928+00:00,4716a1279a5146ec977582a181f4a56d
2020-11-15,0.0,0.00,ft^3/s,Approved,[],2025-03-11T20:14:41.029928+00:00,4716a1279a5146ec977582a181f4a56d
2020-11-16,0.0,0.00,ft^3/s,Approved,[],2025-03-11T20:14:41.029928+00:00,4716a1279a5146ec977582a181f4a56d
2020-11-17,0.0,0.00,ft^3/s,Approved,[],2025-03-11T20:14:41.029928+00:00,4716a1279a5146ec977582a181f4a56d
2020-11-18,0.0,0.00,ft^3/s,Approved,[],2025-03-11T20:14:41.029928+00:00,4716a1279a5146ec977582a181f4a56d
2020-11-19,0.0,0.00,ft^3/s,Approved,[],2025-03-11T20:14:41.029928+00:00,4716a1279a5146ec977582a181f4a56d
2020-11-20,0.0,0.00,ft^3/s,Approved,[],2025-03-11T20:14:41.029928+00:00,4716a1279a5146ec977582a181f4a56d
2020-11-21,0.0,0.00,ft^3/s,Approved,[],2025-03-11T20:14:41.029928+00:00,4716a1279a5146ec977582a181f4a56d
2020-11-22,0.0,0.00,ft^3/s,Approved,[],2025-03-11T20:14:41.029928+00:00,4716a1279a5146ec977582a181f4a56d
2020-11-23,0.0,0.00,ft^3/s,Approved,[],2025-03-11T20:14:41.029928+00:00,4716a1279a5146ec977582a181f4a56d
2020-11-24,0.0,0.00,ft^3/s,Approved,[],2025-03-11T20:14:41.029928+00:00,4716a1279a5146ec977582a181f4a56d
2020-11-25,0.0,0.00,ft^3/s,Approved,[],2025-03-11T20:14:41.029928+00:00,4716a1279a5146ec977582a181f4a56d
2020-11-26,0.0,0.00,ft^3/s,Approved,[],2025-03-11T20:14:41.029928+00:00,4716a1279a5146ec977582a181f4a56d
2020-11-27,0.0,0.00,ft^3/s,Approved,[],2025-03-11T20:14:41.029928+00:00,4716a1279a5146ec977582a181f4a56d
2020-11-28,0.0,0.00,ft^3/s,Approved,[],2025-03-11T20:14:41.029928+00:00,4716a1279a5146ec977582a181f4a56d
2020-11-29,0.0,0.00,ft^3/s,Approved,[],2025-03-11T20:14:41.029928+00:00,4716a1279a5146ec977582a181f4a56d
2020-11-30,0.0,0.00,ft^3/s,Approved,[],2025-03-11T20:14:41.029928+00:00,4716a1279a5146ec977582a181f4a56d
2020-12-01,0.0,0.00,ft^3/s,Approved,[],2025-03-11T20:14:41.029928+00:00,4716a1279a5146ec977582a181f4a56d
2020-12-02,0.0,0.00,ft^3/s,Approved,[],2025-03-11T20:14:41.029928+00:00,4716a1279a5146ec977582a181f4a56d
2020-12-03,0.0,0.00,ft^3/s,Approved,[],2025-03-11T20:14:41.029928+00:00,4716a1279a5146ec977582a181f4a56d
2020-12-04,0.0,0.00,ft^3/s,Approved,[],2025-03-11T20:14:41.029928+00:00,4716a1279a5146ec977582a181f4a56d
2020-12-05,0.0,0.00,ft^3/s,Approved,[],2025-03-11T20:14:41.029928+00:00,4716a1279a5146ec977582a181f4a56d
2020-12-06,0.0,0.00,ft^3/s,Approved,[],2025-03-11T20:14:41.029928+00:00,4716a1279a5146ec977582a181f4a56d
2020-12-07,0.0,0.00,ft^3/s,Approved,[],2025-03-11T20:14:41.029928+00:00,4716a1279a5146ec977582a181f4a56d
2020-12-08,0.0,0.00,ft^3/s,Approved,[],2025-03-11T20:14:41.029928+00:00,4716a1279a5146ec977582a181f4a56d
2020-12-09,0.0,0.00,ft^3/s,Approved,[],2025-03-11T20:14:41.029928+00:00,4716a1279a5146ec977582a181f4a56d
2020-12-10,0.0,0.00,ft^3/s,Approved,[],2025-03-11T20:14:41.029928+00:00,4716a1279a5146ec977582a181f4a56d
2020-12-11,0.0,0.00,ft^3/s,Approved,[],2025-03-11T20:14:41.029928+00:00,4716a1279a5146ec977582a181f4a56d
2020-12-12,0.0,0.00,ft^3/s,Approved,[],2025-03-11T20:14:41.029928+00:00,4716a1279a5146ec977582a181f4a56d
2020-12-13,0.0,0.00,ft^3/s,Approved,[],2025-03-11T20:14:41.029928+00:00,4716a1279a5146ec977582a181f4a56d
2020-12-14,0.0,0.00,ft^3/s,Approved,[],2025-03-11T20:14:41.029928+00:00,4716a1279a5146ec977582a181f4a56d
2020-12-15,0.0,0.00,ft^3/s,Approved,[],2025-03-11T20:14:41.029928+00:00,4716a1279a5146ec977582a181f4a56d
2020-12-16,0.0,0.00,ft^3/s,Approved,[],2025-03-11T20:14:41.029928+00:00,4716a1279a5146ec977582a181f4a56d
2020-12-17,0.0,0.00,ft^3/s,Approved,[],2025-03-11T20:14:41.029928+00:00,4716a1279a5146ec977582a181f4a56d
2020-12-18,0.0,0.00,ft^3/s,Approved,[],2025-03-11T20:14:41.029928+00:00,4716a1279a5146ec977582a181f4a56d
2020-12-19,0.0,0.00,ft^3/s,Approved,[],2025-03-11T20:14:41.029928+00:00,4716a1279a5146ec977582a181f4a56d
2020-12-20,0.0,0.00,ft^3/s,Approved,[],2025-03-11T20:14:41.029928+00:00,4716a1279a5146ec977582a181f4a56d
2020-12-21,0.0,0.00,ft^3/s,Approved,[],2025-03-11T20:14:41.029928+00:00,4716a1279a5146ec977582a181f4a56d
2020-12-22,0.0,0.00,ft^3/s,Approved,[],2025-03-11T20:14:41.029928+00:00,4716a1279a5146ec977582a181f4a56d
2020-12-23,0.0,0.00,ft^3/s,Approved,[],2025-03-11T20:14:41.029928+00:00,4716a1279a5146ec977582a181f4a56d
2020-12-24,0.0,0.00,ft^3/s,Approved,[],2025-03-11T20:14:41.029928+00:00,4716a1279a5146ec977582a181f4a56d
2020-12-25,0.0,0.00,ft^3/s,Approved,[],2025-03-11T20:14:41.029928+00:00,4716a1279a5146ec977582a181f4a56d
2020-12-26,0.0,0.00,ft^3/s,Approved,[],2025-03-11T20:14:41.029928+00:00,4716a1279a5146ec977582a181f4a56d
2020-12-27,0.0,0.00,ft^3/s,Approved,[],2025-03-11T20:14:41.029928+00:00,4716a1279a5146ec977582a181f4a56d
2020-12-28,0.0,0.00,ft^3/s,Approved,[],2025-03-11T20:14:41.029928+00:00,4716a1279a5146ec977582a181f4a56d
2020-12-29,0.0,0.00,ft^3/s,Approved,[],2025-03-11T20:14:41.029928+00:00,4716a1279a5146ec977582a181f4a56d
2020-12-30,0.0,0.00,ft^3/s,Approved,[],2025-03-11T20:14:41.029928+00:00,4716a1279a5146ec977582a181f4a56d
2020-12-31,0.0,0.00,ft^3/s,Approved,[],2025-03-11T20:14:41.029928+00:00,4716a1279a5146ec977582a181f4a56d
2021-01-01,0.06,0.06,ft^3/s,Approved,[],2025-03-11T20:14:41.029928+00:00,4716a1279a5146ec977582a181f4a56d
2021-01-02,0.0,0.00,ft^3/s,Approved,[],2025-03-11T20:14:41.029928+00:00,4716a1279a5146ec977582a181f4a56d
2021-01-03,0.0,0.00,ft^3/s,Approved,[],2025-03-11T20:14:41.029928+00:00,4716a1279a5146ec977582a181f4a56d
2021-01-04,0.0,0.00,ft^3/s,Approved,[],2025-03-11T20:14:41.029928+00:00,4716a1279a5146ec977582a181f4a56d
2021-01-05,0.0,0.00,ft^3/s,Approved,[],2025-03-11T20:14:41.029928+00:00,4716a1279a5146ec977582a181f4a56d
2021-01-06,0.0,0.00,ft^3/s,Approved,[],2025-03-11T20:14:41.029928+00:00,4716a1279a5146ec977582a181f4a56d
2021-01-07,0.0,0.00,ft^3/s,Approved,[],2025-03-11T20:14:41.029928+00:00,4716a1279a5146ec977582a181f4a56d
2021-01-08,0.0,0.00,ft^3/s,Approved,[],2025-03-11T20:14:41.029928+00:00,4716a1279a5146ec977582a181f4a56d
2021-01-09,0.0,0.00,ft^3/s,Approved,[],2025-03-11T20:14:41.029928+00:00,4716a1279a5146ec977582a181f4a56d
2021-01-10,0.0,0.00,ft^3/s,Approved,[],2025-03-11T20:14:41.029928+00:00,4716a1279a5146ec977582a181f4a56d
2021-01-11,0.0,0.00,ft^3/s,Approved,[],2025-03-11T20:14:41.029928+00:00,4716a1279a5146ec977582a181f4a56d
2021-01-12,0.0,0.00,ft^3/s,Approved,[],2025-03-11T20:14:41.029928+00:00,4716a1279a5146ec977582a181f4a56d
2021-01-13,0.0,0.00,ft^3/s,Approved,[],2025-03-11T20:14:41.029928+00:00,4716a1279a5146ec977582a181f4a56d
2021-01-14,0.0,0.00,ft^3/s,Approved,[],2025-03-11T20:14:41.029928+00:00,4716a1279a5146ec977582a181f4a56d
2021-01-15,0.0,0.00,ft^3/s,Approved,[],2025-03-11T20:14:41.029928+00:00,4716a1279a5146ec977582a181f4a56d
2021-01-16,0.0,0.00,ft^3/s,Approved,[],2025-03-11T20:14:41.029928+00:00,4716a1279a5146ec977582a181f4a56d
2021-01-17,0.0,0.00,ft^3/s,Approved,[],2025-03-11T20:14:41.029928+00:00,4716a1279a5146ec977582a181f4a56d
2021-01-18,0.0,0.00,ft^3/s,Approved,[],2025-03-11T20:14:41.029928+00:00,4716a1279a5146ec977582a181f4a56d
2021-01-19,0.0,0.00,ft^3/s,Approved,[],2025-03-11T20:14:41.029928+00:00,4716a1279a5146ec977582a181f4a56d
2021-01-20,0.0,0.00,ft^3/s,Approved,[],2025-03-11T20:14:41.029928+00:00,4716a1279a5146ec977582a181f4a56d
2021-01-21,0.0,0.00,ft^3/s,Approved,[],2025-03-11T20:14:41.029928+00:00,4716a1279a5146ec977582a181f4a56d
2021-01-22,0.0,0.00,ft^3/s,Approved,[],2025-03-11T20:14:41.029928+00:00,4716a1279a5146ec977582a181f4a56d
2021-01-23,0.0,0.00,ft^3/s,Approved,[],2025-03-11T20:14:41.029928+00:00,4716a1279a5146ec977582a181f4a56d
2021-01-24,0.0,0.00,ft^3/s,Approved,[],2025-03-11T20:14:41.029928+00:00,4716a1279a5146ec977582a181f4a56d
2021-01-25,0.0,0.00,ft^3/s,Approved,[],2025-03-11T20:14:41.029928+00:00,4716a1279a5146ec977582a181f4a56d
2021-01-26,0.0,0.00,ft^3/s,Approved,[],2025-03-11T20:14:41.029928+00:00,4716a1279a5146ec977582a181f4a56d
2021-01-27,0.0,0.00,ft^3/s,Approved,[],2025-03-11T20:14:41.029928+00:00,4716a1279a5146ec977582a181f4a56d
2021-01-28,0.0,0.00,ft^3/s,Approved,[],2025-03-11T20:14:41.029928+00:00,4716a1279a5146ec977582a181f4a56d
2021-01-29,0.0,0.00,ft^3/s,Approved,[],2025-03-11T20:14:41.029928+00:00,4716a1279a5146ec977582a181f4a56d
2021-01-30,0.0,0.00,ft^3/s,Approved,[],2025-03-11T20:14:41.029928+00:00,4716a1279a5146ec977582a181f4a56d
2021-01-31,0.0,0.00,ft^3/s,Approved,[],2025-03-11T20:14:41.029928+00:00,4716a1279a5146ec977582a181f4a56d
2021-02-01,0.0,0.00,ft^3/s,Approved,[],2025-03-11T20:14:41.029928+00:00,4716a1279a5146ec977582a181f4a56d
2021-02-02,0.0,0.00,ft^3/s,Approved,[],2025-03-11T20:14:41.029928+00:00,4716a1279a5146ec977582a181f4a56d
2021-02-03,0.0,0.00,ft^3/s,Approved,[],2025-03-11T20:14:41.029928+00:00,4716a1279a5146ec977582a181f4a56d
2021-02-04,0.0,0.00,ft^3/s,Approved,[],2025-03-11T20:14:41.029928+00:00,4716a1279a5146ec977582a181f4a56d
2021-02-05,0.0,0.00,ft^3/s,Approved,[],2025-03-11T20:14:41.029928+00:00,4716a1279a5146ec977582a181f4a56d
2021-02-06,0.0,0.00,ft^3/s,Approved,[],2025-03-11T20:14:41.029928+00:00,4716a1279a5146ec977582a181f4a56d
2021-02-07,0.0,0.00,ft^3/s,Approved,[],2025-03-11T20:14:41.029928+00:00,4716a1279a5146ec977582a181f4a56d
2021-02-08,0.0,0.00,ft^3/s,Approved,[],2025-03-11T20:14:41.029928+00:00,4716a1279a5146ec977582a181f4a56d
2021-02-09,0.0,0.00,ft^3/s,Approved,[],2025-03-11T20:14:41.029928+00:00,4716a1279a5146ec977582a181f4a56d
2021-02-10,0.0,0.00,ft^3/s,Approved,[],2025-03-11T20:14:41.029928+00:00,4716a1279a5146ec977582a181f4a56d
2021-02-11,0.0,0.00,ft^3/s,Approved,[],2025-03-11T20:14:41.029928+00:00,4716a1279a5146ec977582a181f4a56d
2021-02-12,0.0,0.00,ft^3/s,Approved,[],2025-03-11T20:14:41.029928+00:00,4716a1279a5146ec977582a181f4a56d
2021-02-13,0.0,0.00,ft^3/s,Approved,[],2025-03-11T20:14:41.029928+00:00,4716a1279a5146ec977582a181f4a56d
2021-02-14,0.0,0.00,ft^3/s,Approved,[],2025-03-11T20:14:41.029928+00:00,4716a1279a5146ec977582a181f4a56d
2021-02-15,0.0,0.00,ft^3/s,Approved,[],2025-03-11T20:14:41.029928+00:00,4716a1279a5146ec977582a181f4a56d
2021-02-16,0.0,0.00,ft^3/s,Approved,[],2025-03-11T20:14:41.029928+00:00,4716a1279a5146ec977582a181f4a56d
2021-02-17,0.0,0.00,ft^3/s,Approved,[],2025-03-11T20:14:41.029928+00:00,4716a1279a5146ec977582a181f4a56d
2021-02-18,0.0,0.00,ft^3/s,Approved,[],2025-03-11T20:14:41.029928+00:00,4716a1279a5146ec977582a181f4a56d
2021-02-19,0.0,0.00,ft^3/s,Approved,[],2025-03-11T20:14:41.029928+00:00,4716a1279a5146ec977582a181f4a56d
2021-02-20,0.0,0.00,ft^3/s,Approved,[],2025-03-11T20:14:41.029928+00:00,4716a1279a5146ec977582a181f4a56d
2021-02-21,0.0,0.00,ft^3/s,Approved,[],2025-03-11T20:14:41.029928+00:00,4716a1279a5146ec977582a181f4a56d
2021-02-22,0.0,0.00,ft^3/s,Approved,[],2025-03-11T20:14:41.029928+00:00,4716a1279a5146ec977582a181f4a56d
2021-02-23,0.0,0.00,ft^3/s,Approved,[],2025-03-11T20:14:41.029928+00:00,4716a1279a5146ec977582a181f4a56d
2021-02-24,0.0,0.00,ft^3/s,Approved,[],2025-03-11T20:14:41.029928+00:00,4716a1279a5146ec977582a181f4a56d
2021-02-25,0.0,0.00,ft^3/s,Approved,[],2025-03-11T20:14:41.029928+00:00,4716a1279a5146ec977582a181f4a56d
2021-02-26,0.0,0.00,ft^3/s,Approved,[],2025-03-11T20:14:41.029928+00:00,4716a1279a5146ec977582a181f4a56d
2021-02-27,0.0,0.00,ft^3/s,Approved,[],2025-03-11T20:14:41.029928+00:00,4716a1279a5146ec977582a181f4a56d
2021-02-28,0.0,0.00,ft^3/s,Approved,[],2025-03-11T20:14:41.029928+00:00,4716a1279a5146ec977582a181f4a56d
2021-03-01,0.0,0.00,ft^3/s,Approved,[],2025-03-11T20:14:41.029928+00:00,4716a1279a5146ec977582a181f4a56d
2021-03-02,0.0,0.00,ft^3/s,Approved,[],2025-03-11T20:14:41.029928+00:00,4716a1279a5146ec977582a181f4a56d
2021-03-03,0.0,0.00,ft^3/s,Approved,[],2025-03-11T20:14:41.029928+00:00,4716a1279a5146ec977582a181f4a56d
2021-03-04,0.0,0.00,ft^3/s,Approved,[],2025-03-11T20:14:41.029928+00:00,4716a1279a5146ec977582a181f4a56d
2021-03-05,0.0,0.00,ft^3/s,Approved,[],2025-03-11T20:14:41.029928+00:00,4716a1279a5146ec977582a181f4a56d
2021-03-06,0.0,0.00,ft^3/s,Approved,[],2025-03-11T20:14:41.029928+00:00,4716a1279a5146ec977582a181f4a56d
2021-03-07,0.0,0.00,ft^3/s,Approved,[],2025-03-11T20:14:41.029928+00:00,4716a1279a5146ec977582a181f4a56d
2021-03-08,0.0,0.00,ft^3/s,Approved,[],2025-03-11T20:14:41.029928+00:00,4716a1279a5146ec977582a181f4a56d
2021-03-09,0.0,0.00,ft^3/s,Approved,[],2025-03-11T20:14:41.029928+00:00,4716a1279a5146ec977582a181f4a56d
2021-03-10,0.0,0.00,ft^3/s,Approved,[],2025-03-11T20:14:41.029928+00:00,4716a1279a5146ec977582a181f4a56d
2021-03-11,0.0,0.00,ft^3/s,Approved,[],2025-03-11T20:14:41.029928+00:00,4716a1279a5146ec977582a181f4a56d
2021-03-12,0.0,0.00,ft^3/s,Approved,[],2025-03-11T20:14:41.029928+00:00,4716a1279a5146ec977582a181f4a56d
2021-03-13,0.0,0.00,ft^3/s,Approved,[],2025-03-11T20:14:41.029928+00:00,4716a1279a5146ec977582a181f4a56d
2021-03-14,0.0,0.00,ft^3/s,Approved,[],2025-03-11T20:14:41.029928+00:00,4716a1279a5146ec977582a181f4a56d
2021-03-15,0.0,0.00,ft^3/s,Approved,[],2025-03-11T20:14:41.029928+00:00,4716a1279a5146ec977582a181f4a56d
2021-03-16,0.0,0.00,ft^3/s,Approved,[],2025-03-11T20:14:41.029928+00:00,4716a1279a5146ec977582a181f4a56d
2021-03-17,0.0,0.00,ft^3/s,Approved,[],2025-03-11T20:14:41.029928+00:00,4716a1279a5146ec977582a181f4a56d
2021-03-18,0.0,0.00,ft^3/s,Approved,[],2025-03-11T20:14:41.029928+00:00,4716a1279a5146ec977582a181f4a56d
2021-03-19,0.0,0.00,ft^3/s,Approved,[],2025-03-11T20:14:41.029928+00:00,4716a1279a5146ec977582a181f4a56d
2021-03-20,0.0,0.00,ft^3/s,Approved,[],2025-03-11T20:14:41.029928+00:00,4716a1279a5146ec977582a181f4a56d
2021-03-21,0.0,0.00,ft^3/s,Approved,[],2025-03-11T20:14:41.029928+00:00,4716a1279a5146ec977582a181f4a56d
2021-03-22,0.0,0.00,ft^3/s,Approved,[],2025-03-11T20:14:41.029928+00:00,4716a1279a5146ec977582a181f4a56d
2021-03-23,0.0,0.00,ft^3/s,Approved,[],2025-03-11T20:14:41.029928+00:00,4716a1279a5146ec977582a181f4a56d
2021-03-24,0.0,0.00,ft^3/s,Approved,[],2025-03-11T20:14:41.029928+00:00,4716a1279a5146ec977582a181f4a56d
2021-03-25,0.0,0.00,ft^3/s,Approved,[],2025-03-11T20:14:41.029928+00:00,4716a1279a5146ec977582a181f4a56d
2021-03-26,0.0,0.00,ft^3/s,Approved,[],2025-03-11T20:14:41.029928+00:00,4716a1279a5146ec977582a181f4a56d
2021-03-27,0.0,0.00,ft^3/s,Approved,[],2025-03-11T20:14:41.029928+00:00,4716a1279a5146ec977582a181f4a56d
2021-03-28,0.0,0.00,ft^3/s,Approved,[],2025-03-11T20:14:41.029928+00:00,4716a1279a5146ec977582a181f4a56d
2021-03-29,0.0,0.00,ft^3/s,Approved,[],2025-03-11T20:14:41.029928+00:00,4716a1279a5146ec977582a181f4a56d
2021-03-30,0.0,0.00,ft^3/s,Approved,[],2025-03-11T20:14:41.029928+00:00,4716a1279a5146ec977582a181f4a56d
2021-03-31,0.0,0.00,ft^3/s,Approved,[],2025-03-11T20:14:41.029928+00:00,4716a1279a5146ec977582a181f4a56d
2021-04-01,0.0,0.00,ft^3/s,Approved,[],2025-03-11T20:14:41.029928+00:00,4716a1279a5146ec977582a181f4a56d
2021-04-02,0.0,0.00,ft^3/s,Approved,[],2025-03-11T20:14:41.029928+00:00,4716a1279a5146ec977582a181f4a56d
2021-04-03,0.0,0.00,ft^3/s,Approved,[],2025-03-11T20:14:41.029928+00:00,4716a1279a5146ec977582a181f4a56d
2021-04-04,0.0,0.00,ft^3/s,Approved,[],2025-03-11T20:14:41.029928+00:00,4716a1279a5146ec977582a181f4a56d
2021-04-05,0.0,0.00,ft^3/s,Approved,[],2025-03-11T20:14:41.029928+00:00,4716a1279a5146ec977582a181f4a56d
2021-04-06,0.0,0.00,ft^3/s,Approved,[],2025-03-11T20:14:41.029928+00:00,4716a1279a5146ec977582a181f4a56d
2021-04-07,0.0,0.00,ft^3/s,Approved,[],2025-03-11T20:14:41.029928+00:00,4716a1279a5146ec977582a181f4a56d
2021-04-08,0.0,0.00,ft^3/s,Approved,[],2025-03-11T20:14:41.029928+00:00,4716a1279a5146ec977582a181f4a56d
2021-04-09,0.0,0.00,ft^3/s,Approved,[],2025-03-11T20:14:41.029928+00:00,4716a1279a5146ec977582a181f4a56d
2021-04-10,0.0,0.00,ft^3/s,Approved,[],2025-03-11T20:14:41.029928+00:00,4716a1279a5146ec977582a181f4a56d
2021-04-11,0.0,0.00,ft^3/s,Approved,[],2025-03-11T20:14:41.029928+00:00,4716a1279a5146ec977582a181f4a56d
2021-04-12,0.0,0.00,ft^3/s,Approved,[],2025-03-11T20:14:41.029928+00:00,4716a1279a5146ec977582a181f4a56d
2021-04-13,0.0,0.00,ft^3/s,Approved,[],2025-03-11T20:14:41.029928+00:00,4716a1279a5146ec977582a181f4a56d
2021-04-14,0.0,0.00,ft^3/s,Approved,[],2025-03-11T20:14:41.029928+00:00,4716a1279a5146ec977582a181f4a56d
2021-04-15,0.0,0.00,ft^3/s,Approved,[],2025-03-11T20:14:41.029928+00:00,4716a1279a5146ec977582a181f4a56d
2021-04-16,0.0,0.00,ft^3/s,Approved,[],2025-03-11T20:14:41.029928+00:00,4716a1279a5146ec977582a181f4a56d
2021-04-17,0.0,0.00,ft^3/s,Approved,[],2025-03-11T20:14:41.029928+00:00,4716a1279a5146ec977582a181f4a56d
2021-04-18,0.0,0.00,ft^3/s,Approved,[],2025-03-11T20:14:41.029928+00:00,4716a1279a5146ec977582a181f4a56d
2021-04-19,0.0,0.00,ft^3/s,Approved,[],2025-03-11T20:14:41.029928+00:00,4716a1279a5146ec977582a181f4a56d
2021-04-20,0.0,0.00,ft^3/s,Approved,[],2025-03-11T20:14:41.029928+00:00,4716a1279a5146ec977582a181f4a56d
2021-04-21,0.0,0.00,ft^3/s,Approved,[],2025-03-11T20:14:41.029928+00:00,4716a1279a5146ec977582a181f4a56d
2021-04-22,0.0,0.00,ft^3/s,Approved,[],2025-03-11T20:14:41.029928+00:00,4716a1279a5146ec977582a181f4a56d
2021-04-23,0.0,0.00,ft^3/s,Approved,[],2025-03-11T20:14:41.029928+00:00,4716a1279a5146ec977582a181f4a56d
2021-04-24,0.0,0.00,ft^3/s,Approved,[],2025-03-11T20:14:41.029928+00:00,4716a1279a5146ec977582a181f4a56d
2021-04-25,0.0,0.00,ft^3/s,Approved,[],2025-03-11T20:14:41.029928+00:00,4716a1279a5146ec977582a181f4a56d
2021-04-26,0.0,0.00,ft^3/s,Approved,[],2025-03-11T20:14:41.029928+00:00,4716a1279a5146ec977582a181f4a56d
2021-04-27,0.0,0.00,ft^3/s,Approved,[],2025-03-11T20:14:41.029928+00:00,4716a1279a5146ec977582a181f4a56d
2021-04-28,0.0,0.00,ft^3/s,Approved,[],2025-03-11T20:14:41.029928+00:00,4716a1279a5146ec977582a181f4a56d
2021-04-29,0.0,0.00,ft^3/s,Approved,[],2025-03-11T20:14:41.029928+00:00,4716a1279a5146ec977582a181f4a56d
2021-04-30,0.0,0.00,ft^3/s,Approved,[],2025-03-11T20:14:41.029928+00:00,4716a1279a5146ec977582a181f4a56d
2021-05-01,103.0,103,ft^3/s,Approved,[],2025-03-11T20:14:41.029928+00:00,4716a1279a5146ec977582a181f4a56d
2021-05-02,124.0,124,ft^3/s,Approved,[],2025-03-11T20:14:41.029928+00:00,4716a1279a5146ec977582a181f4a56d
2021-05-03,14.8,14.8,ft^3/s,Approved,[],2025-03-11T20:14:41.029928+00:00,4716a1279a5146ec977582a181f4a56d
2021-05-04,6.77,6.77,ft^3/s,Approved,[],2025-03-11T20:14:41.029928+00:00,4716a1279a5146ec977582a181f4a56d
2021-05-05,3.99,3.99,ft^3/s,Approved,[],2025-03-11T20:14:41.029928+00:00,4716a1279a5146ec977582a181f4a56d
2021-05-06,3.25,3.25,ft^3/s,Approved,[],2025-03-11T20:14:41.029928+00:00,4716a1279a5146ec977582a181f4a56d
2021-05-07,2.84,2.84,ft^3/s,Approved,[],2025-03-11T20:14:41.029928+00:00,4716a1279a5146ec977582a181f4a56d
2021-05-08,2.61,2.61,ft^3/s,Approved,[],2025-03-11T20:14:41.029928+00:00,4716a1279a5146ec977582a181f4a56d
2021-05-09,2.37,2.37,ft^3/s,Approved,[],2025-03-11T20:14:41.029928+00:00,4716a1279a5146ec977582a181f4a56d
2021-05-10,2.32,2.32,ft^3/s,Approved,[],2025-03-11T20:14:41.029928+00:00,4716a1279a5146ec977582a181f4a56d
2021-05-11,1.83,1.83,ft^3/s,Approved,[],2025-03-11T20:14:41.029928+00:00,4716a1279a5146ec977582a181f4a56d
2021-05-12,0.81,0.81,ft^3/s,Approved,[],2025-03-11T20:14:41.029928+00:00,4716a1279a5146ec977582a181f4a56d
2021-05-13,0.03,0.03,ft^3/s,Approved,[],2025-03-11T20:14:41.029928+00:00,4716a1279a5146ec977582a181f4a56d
2021-05-14,0.0,0.00,ft^3/s,Approved,[],2025-03-11T20:14:41.029928+00:00,4716a1279a5146ec977582a181f4a56d
2021-05-15,0.0,0.00,ft^3/s,Approved,[],2025-03-11T20:14:41.029928+00:00,4716a1279a5146ec977582a181f4a56d
2021-05-16,0.0,0.00,ft^3/s,Approved,[],2025-03-11T20:14:41.029928+00:00,4716a1279a5146ec977582a181f4a56d
2021-05-17,2.41,2.41,ft^3/s,Approved,[],2025-03-11T20:14:41.029928+00:00,4716a1279a5146ec977582a181f4a56d
2021-05-18,8.22,8.22,ft^3/s,Approved,[],2025-03-11T20:14:41.029928+00:00,4716a1279a5146ec977582a181f4a56d
2021-05-19,5.86,5.86,ft^3/s,Approved,[],2025-03-11T20:14:41.029928+00:00,4716a1279a5146ec977582a181f4a56d
2021-05-20,5.08,5.08,ft^3/s,Approved,[],2025-03-11T20:14:41.029928+00:00,4716a1279a5146ec977582a181f4a56d
2021-05-21,4.17,4.17,ft^3/s,Approved,[],2025-03-11T20:14:41.029928+00:00,4716a1279a5146ec977582a181f4a56d
2021-05-22,6.0,6.00,ft^3/s,Approved,[],2025-03-11T20:14:41.029928+00:00,4716a1279a5146ec977582a181f4a56d
2021-05-23,5.94,5.94,ft^3/s,Approved,[],2025-03-11T20:14:41.029928+00:00,4716a1279a5146ec977582a181f4a56d
2021-05-24,232.0,232,ft^3/s,Approved,[],2025-03-11T20:14:41.029928+00:00,4716a1279a5146ec977582a181f4a56d
2021-05-25,84.1,84.1,ft^3/s,Approved,[],2025-03-11T20:14:41.029928+00:00,4716a1279a5146ec977582a181f4a56d
2021-05-26,38.2,38.2,ft^3/s,Approved,[],2025-03-11T20:14:41.029928+00:00,4716a1279a5146ec977582a181f4a56d
2021-05-27,26.6,26.6,ft^3/s,Approved,[],2025-03-11T20:14:41.029928+00:00,4716a1279a5146ec977582a181f4a56d
2021-05-28,23.2,23.2,ft^3/s,Approved,[],2025-03-11T20:14:41.029928+00:00,4716a1279a5146ec977582a181f4a56d
2021-05-29,21.9,21.9,ft^3/s,Approved,[],2025-03-11T20:14:41.029928+00:00,4716a1279a5146ec977582a181f4a56d
2021-05-30,19.9,19.9,ft^3/s,Approved,[],2025-03-11T20:14:41.029928+00:00,4716a1279a5146ec977582a181f4a56d
2021-05-31,22.7,22.7,ft^3/s,Approved,[],2025-03-11T20:14:41.029928+00:00,4716a1279a5146ec977582a181f4a56d
2021-06-01,370.0,370,ft^3/s,Approved,[],2025-03-11T20:14:41.029928+00:00,4716a1279a5146ec977582a181f4a56d
2021-06-02,64.7,64.7,ft^3/s,Approved,[],2025-03-11T20:14:41.029928+00:00,4716a1279a5146ec977582a181f4a56d
2021-06-03,508.0,508,ft^3/s,Approved,[],2025-03-11T20:14:41.029928+00:00,4716a1279a5146ec977582a181f4a56d
2021-06-04,124.0,124,ft^3/s,Approved,[],2025-03-11T20:14:41.029928+00:00,4716a1279a5146ec977582a181f4a56d
2021-06-05,158.0,158,ft^3/s,Approved,[],2025-03-11T20:14:41.029928+00:00,4716a1279a5146ec977582a181f4a56d
2021-06-06,83.8,83.8,ft^3/s,Approved,[],2025-03-11T20:14:41.029928+00:00,4716a1279a5146ec977582a181f4a56d
2021-06-07,56.3,56.3,ft^3/s,Approved,[],2025-03-11T20:14:41.029928+00:00,4716a1279a5146ec977582a181f4a56d
2021-06-08,48.6,48.6,ft^3/s,Approved,[],2025-03-11T20:14:41.029928+00:00,4716a1279a5146ec977582a181f4a56d
2021-06-09,45.1,45.1,ft^3/s,Approved,[],2025-03-11T20:14:41.029928+00:00,4716a1279a5146ec977582a181f4a56d
2021-06-10,39.6,39.6,ft^3/s,Approved,[],2025-03-11T20:14:41.029928+00:00,4716a1279a5146ec977582a181f4a56d
2021-06-11,36.9,36.9,ft^3/s,Approved,[],2025-03-11T20:14:41.029928+00:00,4716a1279a5146ec977582a181f4a56d
2021-06-12,35.9,35.9,ft^3/s,Approved,[],2025-03-11T20:14:41.029928+00:00,4716a1279a5146ec977582a181f4a56d
2021-06-13,34.4,34.4,ft^3/s,Approved,[],2025-03-11T20:14:41.029928+00:00,4716a1279a5146ec977582a181f4a56d
2021-06-14,32.5,32.5,ft^3/s,Approved,[],2025-03-11T20:14:41.029928+00:00,4716a1279a5146ec977582a181f4a56d
2021-06-15,30.9,30.9,ft^3/s,Approved,[],2025-03-11T20:14:41.029928+00:00,4716a1279a5146ec977582a181f4a56d
2021-06-16,28.9,28.9,ft^3/s,Approved,[],2025-03-11T20:14:41.029928+00:00,4716a1279a5146ec977582a181f4a56d
2021-06-17,26.1,26.1,ft^3/s,Approved,[],2025-03-11T20:14:41.029928+00:00,4716a1279a5146ec977582a181f4a56d
2021-06-18,23.6,23.6,ft^3/s,Approved,[],2025-03-11T20:14:41.029928+00:00,4716a1279a5146ec977582a181f4a56d
2021-06-19,21.0,21.0,ft^3/s,Approved,[],2025-03-11T20:14:41.029928+00:00,4716a1279a5146ec977582a181f4a56d
2021-06-20,18.6,18.6,ft^3/s,Approved,[],2025-03-11T20:14:41.029928+00:00,4716a1279a5146ec977582a181f4a56d
2021-06-21,27.6,27.6,ft^3/s,Approved,[],2025-03-11T20:14:41.029928+00:00,4716a1279a5146ec977582a181f4a56d
2021-06-22,259.0,259,ft^3/s,Approved,[],2025-03-11T20:14:41.029928+00:00,4716a1279a5146ec977582a181f4a56d
2021-06-23,42.3,42.3,ft^3/s,Approved,[],2025-03-11T20:14:41.029928+00:00,4716a1279a5146ec977582a181f4a56d
2021-06-24,25.1,25.1,ft^3/s,Approved,[],2025-03-11T20:14:41.029928+00:00,4716a1279a5146ec977582a181f4a56d
2021-06-25,21.0,21.0,ft^3/s,Approved,[],2025-03-11T20:14:41.029928+00:00,4716a1279a5146ec977582a181f4a56d
2021-06-26,19.3,19.3,ft^3/s,Approved,[],2025-03-11T20:14:41.029928+00:00,4716a1279a5146ec977582a181f4a56d
2021-06-27,206.0,206,ft^3/s,Approved,[],2025-03-11T20:14:41.029928+00:00,4716a1279a5146ec977582a181f4a56d
2021-06-28,136.0,136,ft^3/s,Approved,[],2025-03-11T20:14:41.029928+00:00,4716a1279a5146ec977582a181f4a56d
2021-06-29,54.0,54.0,ft^3/s,Approved,[],2025-03-11T20:14:41.029928+00:00,4716a1279a5146ec977582a181f4a56d
2021-06-30,37.8,37.8,ft^3/s,Approved,[],2025-03-11T20:14:41.029928+00:00,4716a1279a5146ec977582a181f4a56d
2021-07-01,27.0,27.0,ft^3/s,Approved,[],2025-03-11T20:14:41.029928+00:00,4716a1279a5146ec977582a181f4a56d
2021-07-02,24.6,24.6,ft^3/s,Approved,[],2025-03-11T20:14:41.029928+00:00,4716a1279a5146ec977582a181f4a56d
2021-07-03,23.5,23.5,ft^3/s,Approved,[],2025-03-11T20:14:41.029928+00:00,4716a1279a5146ec977582a181f4a56d
2021-07-04,32.6,32.6,ft^3/s,Approved,[],2025-03-11T20:14:41.029928+00:00,4716a1279a5146ec977582a181f4a56d
2021-07-05,86.0,86.0,ft^3/s,Approved,[],2025-03-11T20:14:41.029928+00:00,4716a1279a5146ec977582a181f4a56d
2021-07-06,27.5,27.5,ft^3/s,Approved,[],2025-03-11T20:14:41.029928+00:00,4716a1279a5146ec977582a181f4a56d
2021-07-07,23.3,23.3,ft^3/s,Approved,[],2025-03-11T20:14:41.029928+00:00,4716a1279a5146ec977582a181f4a56d
2021-07-08,23.0,23.0,ft^3/s,Approved,[],2025-03-11T20:14:41.029928+00:00,4716a1279a5146ec977582a181f4a56d
2021-07-09,25.9,25.9,ft^3/s,Approved,[],2025-03-11T20:14:41.029928+00:00,4716a1279a5146ec977582a181f4a56d
2021-07-10,35.5,35.5,ft^3/s,Approved,[],2025-03-11T20:14:41.029928+00:00,4716a1279a5146ec977582a181f4a56d
2021-07-11,24.2,24.2,ft^3/s,Approved,[],2025-03-11T20:14:41.029928+00:00,4716a1279a5146ec977582a181f4a56d
2021-07-12,21.8,21.8,ft^3/s,Approved,[],2025-03-11T20:14:41.029928+00:00,4716a1279a5146ec977582a181f4a56d
2021-07-13,20.4,20.4,ft^3/s,Approved,[],2025-03-11T20:14:41.029928+00:00,4716a1279a5146ec977582a181f4a56d
2021-07-14,19.8,19.8,ft^3/s,Approved,[],2025-03-11T20:14:41.029928+00:00,4716a1279a5146ec977582a181f4a56d
2021-07-15,18.7,18.7,ft^3/s,Approved,[],2025-03-11T20:14:41.029928+00:00,4716a1279a5146ec977582a181f4a56d
2021-07-16,17.1,17.1,ft^3/s,Approved,[],2025-03-11T20:14:41.029928+00:00,4716a1279a5146ec977582a181f4a56d
2021-07-17,15.5,15.5,ft^3/s,Approved,[],2025-03-11T20:14:41.029928+00:00,4716a1279a5146ec977582a181f4a56d
2021-07-18,14.0,14.0,ft^3/s,Approved,[],2025-03-11T20:14:41.029928+00:00,4716a1279a5146ec977582a181f4a56d
2021-07-19,13.2,13.2,ft^3/s,Approved,[],2025-03-11T20:14:41.029928+00:00,4716a1279a5146ec977582a181f4a56d
2021-07-20,26.0,26.0,ft^3/s,Approved,[],2025-03-11T20:14:41.029928+00:00,4716a1279a5146ec977582a181f4a56d
2021-07-21,24.9,24.9,ft^3/s,Approved,[],2025-03-11T20:14:41.029928+00:00,4716a1279a5146ec977582a181f4a56d
2021-07-22,17.1,17.1,ft^3/s,Approved,[],2025-03-11T20:14:41.029928+00:00,4716a1279a5146ec977582a181f4a56d
2021-07-23,14.9,14.9,ft^3/s,Approved,[],2025-03-11T20:14:41.029928+00:00,4716a1279a5146ec977582a181f4a56d
2021-07-24,12.7,12.7,ft^3/s,Approved,[],2025-03-11T20:14:41.029928+00:00,4716a1279a5146ec977582a181f4a56d
2021-07-25,11.2,11.2,ft^3/s,Approved,[],2025-03-11T20:14:41.029928+00:00,4716a1279a5146ec977582a181f4a56d
2021-07-26,10.8,10.8,ft^3/s,Approved,[],2025-03-11T20:14:41.029928+00:00,4716a1279a5146ec977582a181f4a56d
2021-07-27,10.4,10.4,ft^3/s,Approved,[],2025-03-11T20:14:41.029928+00:00,4716a1279a5146ec977582a181f4a56d
2021-07-28,9.15,9.15,ft^3/s,Approved,[],2025-03-11T20:14:41.029928+00:00,4716a1279a5146ec977582a181f4a56d
2021-07-29,8.08,8.08,ft^3/s,Approved,[],2025-03-11T20:14:41.029928+00:00,4716a1279a5146ec977582a181f4a56d
2021-07-30,7.1,7.10,ft^3/s,Approved,[],2025-03-11T20:14:41.029928+00:00,4716a1279a5146ec977582a181f4a56d
2021-07-31,6.42,6.42,ft^3/s,Approved,[],2025-03-11T20:14:41.029928+00:00,4716a1279a5146ec977582a181f4a56d
2021-08-01,5.8,5.80,ft^3/s,Approved,[],2025-03-11T20:14:41.029928+00:00,4716a1279a5146ec977582a181f4a56d
2021-08-02,7.88,7.88,ft^3/s,Approved,[],2025-03-11T20:14:41.029928+00:00,4716a1279a5146ec977582a181f4a56d
2021-08-03,6.62,6.62,ft^3/s,Approved,[],2025-03-11T20:14:41.029928+00:00,4716a1279a5146ec977582a181f4a56d
2021-08-04,7.83,7.83,ft^3/s,Approved,[],2025-03-11T20:14:41.029928+00:00,4716a1279a5146ec977582a181f4a56d
2021-08-05,7.72,7.72,ft^3/s,Approved,[],2025-03-11T20:14:41.029928+00:00,4716a1279a5146ec977582a181f4a56d
2021-08-06,7.59,7.59,ft^3/s,Approved,[],2025-03-11T20:14:41.029928+00:00,4716a1279a5146ec977582a181f4a56d
2021-08-07,7.06,7.06,ft^3/s,Approved,[],2025-03-11T20:14:41.029928+00:00,4716a1279a5146ec977582a181f4a56d
2021-08-08,6.03,6.03,ft^3/s,Approved,[],2025-03-11T20:14:41.029928+00:00,4716a1279a5146ec977582a181f4a56d
2021-08-09,5.13,5.13,ft^3/s,Approved,[],2025-03-11T20:14:41.029928+00:00,4716a1279a5146ec977582a181f4a56d
2021-08-10,4.13,4.13,ft^3/s,Approved,[],2025-03-11T20:14:41.029928+00:00,4716a1279a5146ec977582a181f4a56d
2021-08-11,3.41,3.41,ft^3/s,Approved,[],2025-03-11T20:14:41.029928+00:00,4716a1279a5146ec977582a181f4a56d
2021-08-12,2.83,2.83,ft^3/s,Approved,[],2025-03-11T20:14:41.029928+00:00,4716a1279a5146ec977582a181f4a56d
2021-08-13,2.32,2.32,ft^3/s,Approved,[],2025-03-11T20:14:41.029928+00:00,4716a1279a5146ec977582a181f4a56d
2021-08-14,1.98,1.98,ft^3/s,Approved,[],2025-03-11T20:14:41.029928+00:00,4716a1279a5146ec977582a181f4a56d
2021-08-15,1.77,1.77,ft^3/s,Approved,[],2025-03-11T20:14:41.029928+00:00,4716a1279a5146ec977582a181f4a56d
2021-08-16,1.56,1.56,ft^3/s,Approved,[],2025-03-11T20:14:41.029928+00:00,4716a1279a5146ec977582a181f4a56d
2021-08-17,2.64,2.64,ft^3/s,Approved,[],2025-03-11T20:14:41.029928+00:00,4716a1279a5146ec977582a181f4a56d
2021-08-18,2.87,2.87,ft^3/s,Approved,[],2025-03-11T20:14:41.029928+00:00,4716a1279a5146ec977582a181f4a56d
2021-08-19,1.98,1.98,ft^3/s,Approved,[],2025-03-11T20:14:41.029928+00:00,4716a1279a5146ec977582a181f4a56d
2021-08-20,1.25,1.25,ft^3/s,Approved,[],2025-03-11T20:14:41.029928+00:00,4716a1279a5146ec977582a181f4a56d
2021-08-21,0.86,0.86,ft^3/s,Approved,[],2025-03-11T20:14:41.029928+00:00,4716a1279a5146ec977582a181f4a56d
2021-08-22,0.47,0.47,ft^3/s,Approved,[],2025-03-11T20:14:41.029928+00:00,4716a1279a5146ec977582a181f4a56d
2021-08-23,0.23,0.23,ft^3/s,Approved,[],2025-03-11T20:14:41.029928+00:00,4716a1279a5146ec977582a181f4a56d
2021-08-24,0.11,0.11,ft^3/s,Approved,[],2025-03-11T20:14:41.029928+00:00,4716a1279a5146ec977582a181f4a56d
2021-08-25,0.03,0.03,ft^3/s,Approved,[],2025-03-11T20:14:41.029928+00:00,4716a1279a5146ec977582a181f4a56d
2021-08-26,0.0,0.00,ft^3/s,Approved,[],2025-03-11T20:14:41.029928+00:00,4716a1279a5146ec977582a181f4a56d
2021-08-27,0.0,0.00,ft^3/s,Approved,[],2025-03-11T20:14:41.029928+00:00,4716a1279a5146ec977582a181f4a56d
2021-08-28,0.0,0.00,ft^3/s,Approved,[],2025-03-11T20:14:41.029928+00:00,4716a1279a5146ec977582a181f4a56d
2021-08-29,0.0,0.00,ft^3/s,Approved,[],2025-03-11T20:14:41.029928+00:00,4716a1279a5146ec977582a181f4a56d
2021-08-30,0.0,0.00,ft^3/s,Approved,[],2025-03-11T20:14:41.029928+00:00,4716a1279a5146ec977582a181f4a56d
2021-08-31,0.0,0.00,ft^3/s,Approved,[],2025-03-11T20:14:41.029928+00:00,4716a1279a5146ec977582a181f4a56d
2021-09-01,0.0,0.00,ft^3/s,Approved,[],2025-03-11T20:14:41.029928+00:00,4716a1279a5146ec977582a181f4a56d
2021-09-02,0.0,0.00,ft^3/s,Approved,[],2025-03-11T20:14:41.029928+00:00,4716a1279a5146ec977582a181f4a56d
2021-09-03,0.0,0.00,ft^3/s,Approved,[],2025-03-11T20:14:41.029928+00:00,4716a1279a5146ec977582a181f4a56d
2021-09-04,0.0,0.00,ft^3/s,Approved,[],2025-03-11T20:14:41.029928+00:00,4716a1279a5146ec977582a181f4a56d
2021-09-05,0.0,0.00,ft^3/s,Approved,[],2025-03-11T20:14:41.029928+00:00,4716a1279a5146ec977582a181f4a56d
2021-09-06,0.0,0.00,ft^3/s,Approved,[],2025-03-11T20:14:41.029928+00:00,4716a1279a5146ec977582a181f4a56d
2021-09-07,0.0,0.00,ft^3/s,Approved,[],2025-03-11T20:14:41.029928+00:00,4716a1279a5146ec977582a181f4a56d
2021-09-08,0.0,0.00,ft^3/s,Approved,[],2025-03-11T20:14:41.029928+00:00,4716a1279a5146ec977582a181f4a56d
2021-09-09,0.0,0.00,ft^3/s,Approved,[],2025-03-11T20:14:41.029928+00:00,4716a1279a5146ec977582a181f4a56d
2021-09-10,0.0,0.00,ft^3/s,Approved,[],2025-03-11T20:14:41.029928+00:00,4716a1279a5146ec977582a181f4a56d
2021-09-11,0.0,0.00,ft^3/s,Approved,[],2025-03-11T20:14:41.029928+00:00,4716a1279a5146ec977582a181f4a56d
2021-09-12,0.0,0.00,ft^3/s,Approved,[],2025-03-11T20:14:41.029928+00:00,4716a1279a5146ec977582a181f4a56d
2021-09-13,0.0,0.00,ft^3/s,Approved,[],2025-03-11T20:14:41.029928+00:00,4716a1279a5146ec977582a181f4a56d
2021-09-14,0.0,0.00,ft^3/s,Approved,[],2025-03-11T20:14:41.029928+00:00,4716a1279a5146ec977582a181f4a56d
2021-09-15,0.0,0.00,ft^3/s,Approved,[],2025-03-11T20:14:41.029928+00:00,4716a1279a5146ec977582a181f4a56d
2021-09-16,0.0,0.00,ft^3/s,Approved,[],2025-03-11T20:14:41.029928+00:00,4716a1279a5146ec977582a181f4a56d
2021-09-17,0.0,0.00,ft^3/s,Approved,[],2025-03-11T20:14:41.029928+00:00,4716a1279a5146ec977582a181f4a56d
2021-09-18,0.0,0.00,ft^3/s,Approved,[],2025-03-11T20:14:41.029928+00:00,4716a1279a5146ec977582a181f4a56d
2021-09-19,0.0,0.00,ft^3/s,Approved,[],2025-03-11T20:14:41.029928+00:00,4716a1279a5146ec977582a181f4a56d
2021-09-20,0.0,0.00,ft^3/s,Approved,[],2025-03-11T20:14:41.029928+00:00,4716a1279a5146ec977582a181f4a56d
2021-09-21,0.0,0.00,ft^3/s,Approved,[],2025-03-11T20:14:41.029928+00:00,4716a1279a5146ec977582a181f4a56d
2021-09-22,0.0,0.00,ft^3/s,Approved,[],2025-03-11T20:14:41.029928+00:00,4716a1279a5146ec977582a181f4a56d
2021-09-23,0.0,0.00,ft^3/s,Approved,[],2025-03-11T20:14:41.029928+00:00,4716a1279a5146ec977582a181f4a56d
2021-09-24,0.0,0.00,ft^3/s,Approved,[],2025-03-11T20:14:41.029928+00:00,4716a1279a5146ec977582a181f4a56d
2021-09-25,0.0,0.00,ft^3/s,Approved,[],2025-03-11T20:14:41.029928+00:00,4716a1279a5146ec977582a181f4a56d
2021-09-26,0.0,0.00,ft^3/s,Approved,[],2025-03-11T20:14:41.029928+00:00,4716a1279a5146ec977582a181f4a56d
2021-09-27,0.0,0.00,ft^3/s,Approved,[],2025-03-11T20:14:41.029928+00:00,4716a1279a5146ec977582a181f4a56d
2021-09-28,0.0,0.00,ft^3/s,Approved,[],2025-03-11T20:14:41.029928+00:00,4716a1279a5146ec977582a181f4a56d
2021-09-29,0.0,0.00,ft^3/s,Approved,[],2025-03-11T20:14:41.029928+00:00,4716a1279a5146ec977582a181f4a56d
2021-09-30,0.0,0.00,ft^3/s,Approved,[],2025-03-11T20:14:41.029928+00:00,4716a1279a5146ec977582a181f4a56d
2021-10-01,3.96,3.96,ft^3/s,Approved,[],2025-03-11T20:14:41.029928+00:00,4716a1279a5146ec977582a181f4a56d
2021-10-02,0.42,0.42,ft^3/s,Approved,[],2025-03-11T20:14:41.029928+00:00,4716a1279a5146ec977582a181f4a56d
2021-10-03,0.0,0.00,ft^3/s,Approved,[],2025-03-11T20:14:41.029928+00:00,4716a1279a5146ec977582a181f4a56d
2021-10-04,0.0,0.00,ft^3/s,Approved,[],2025-03-11T20:14:41.029928+00:00,4716a1279a5146ec977582a181f4a56d
2021-10-05,0.0,0.00,ft^3/s,Approved,[],2025-03-11T20:14:41.029928+00:00,4716a1279a5146ec977582a181f4a56d
2021-10-06,0.0,0.00,ft^3/s,Approved,[],2025-03-11T20:14:41.029928+00:00,4716a1279a5146ec977582a181f4a56d
2021-10-07,0.0,0.00,ft^3/s,Approved,[],2025-03-11T20:14:41.029928+00:00,4716a1279a5146ec977582a181f4a56d
2021-10-08,0.0,0.00,ft^3/s,Approved,[],2025-03-11T20:14:41.029928+00:00,4716a1279a5146ec977582a181f4a56d
2021-10-09,0.0,0.00,ft^3/s,Approved,[],2025-03-11T20:14:41.029928+00:00,4716a1279a5146ec977582a181f4a56d
2021-10-10,0.0,0.00,ft^3/s,Approved,[],2025-03-11T20:14:41.029928+00:00,4716a1279a5146ec977582a181f4a56d
2021-10-11,0.0,0.00,ft^3/s,Approved,[],2025-03-11T20:14:41.029928+00:00,4716a1279a5146ec977582a181f4a56d
2021-10-12,0.0,0.00,ft^3/s,Approved,[],2025-03-11T20:14:41.029928+00:00,4716a1279a5146ec977582a181f4a56d
2021-10-13,60.7,60.7,ft^3/s,Approved,[],2025-03-11T20:14:41.029928+00:00,4716a1279a5146ec977582a181f4a56d
2021-10-14,198.0,198,ft^3/s,Approved,[],2025-03-11T20:14:41.029928+00:00,4716a1279a5146ec977582a181f4a56d
2021-10-15,6.85,6.85,ft^3/s,Approved,[],2025-03-11T20:14:41.029928+00:00,4716a1279a5146ec977582a181f4a56d
2021-10-16,2.89,2.89,ft^3/s,Approved,[],2025-03-11T20:14:41.029928+00:00,4716a1279a5146ec977582a181f4a56d
2021-10-17,1.94,1.94,ft^3/s,Approved,[],2025-03-11T20:14:41.029928+00:00,4716a1279a5146ec977582a181f4a56d
2021-10-18,1.69,1.69,ft^3/s,Approved,[],2025-03-11T20:14:41.029928+00:00,4716a1279a5146ec977582a181f4a56d
2021-10-19,1.56,1.56,ft^3/s,Approved,[],2025-03-11T20:14:41.029928+00:00,4716a1279a5146ec977582a181f4a56d
2021-10-20,1.44,1.44,ft^3/s,Approved,[],2025-03-11T20:14:41.029928+00:00,4716a1279a5146ec977582a181f4a56d
2021-10-21,1.23,1.23,ft^3/s,Approved,[],2025-03-11T20:14:41.029928+00:00,4716a1279a5146ec977582a181f4a56d
2021-10-22,1.13,1.13,ft^3/s,Approved,[],2025-03-11T20:14:41.029928+00:00,4716a1279a5146ec977582a181f4a56d
2021-10-23,1.2,1.20,ft^3/s,Approved,[],2025-03-11T20:14:41.029928+00:00,4716a1279a5146ec977582a181f4a56d
2021-10-24,1.17,1.17,ft^3/s,Approved,[],2025-03-11T20:14:41.029928+00:00,4716a1279a5146ec977582a181f4a56d
2021-10-25,1.11,1.11,ft^3/s,Approved,[],2025-03-11T20:14:41.029928+00:00,4716a1279a5146ec977582a181f4a56d
2021-10-26,1.09,1.09,ft^3/s,Approved,[],2025-03-11T20:14:41.029928+00:00,4716a1279a5146ec977582a181f4a56d
2021-10-27,2.23,2.23,ft^3/s,Approved,[],2025-03-11T20:14:41.029928+00:00,4716a1279a5146ec977582a181f4a56d
2021-10-28,1.64,1.64,ft^3/s,Approved,[],2025-03-11T20:14:41.029928+00:00,4716a1279a5146ec977582a181f4a56d
2021-10-29,1.48,1.48,ft^3/s,Approved,[],2025-03-11T20:14:41.029928+00:00,4716a1279a5146ec977582a181f4a56d
2021-10-30,1.29,1.29,ft^3/s,Approved,[],2025-03-11T20:14:41.029928+00:00,4716a1279a5146ec977582a181f4a56d
2021-10-31,1.14,1.14,ft^3/s,Approved,[],2025-03-11T20:14:41.029928+00:00,4716a1279a5146ec977582a181f4a56d
2021-11-01,0.97,0.97,ft^3/s,Approved,[],2025-03-11T20:14:41.029928+00:00,4716a1279a5146ec977582a181f4a56d
2021-11-02,0.73,0.73,ft^3/s,Approved,[],2025-03-11T20:14:41.029928+00:00,4716a1279a5146ec977582a181f4a56d
2021-11-03,46.9,46.9,ft^3/s,Approved,[],2025-03-11T20:14:41.029928+00:00,4716a1279a5146ec977582a181f4a56d
2021-11-04,20.3,20.3,ft^3/s,Approved,[],2025-03-11T20:14:41.029928+00:00,4716a1279a5146ec977582a181f4a56d
2021-11-05,5.1,5.10,ft^3/s,Approved,[],2025-03-11T20:14:41.029928+00:00,4716a1279a5146ec977582a181f4a56d
2021-11-06,3.62,3.62,ft^3/s,Approved,[],2025-03-11T20:14:41.029928+00:00,4716a1279a5146ec977582a181f4a56d
2021-11-07,2.94,2.94,ft^3/s,Approved,[],2025-03-11T20:14:41.029928+00:00,4716a1279a5146ec977582a181f4a56d
2021-11-08,2.66,2.66,ft^3/s,Approved,[],2025-03-11T20:14:41.029928+00:00,4716a1279a5146ec977582a181f4a56d
2021-11-09,2.47,2.47,ft^3/s,Approved,[],2025-03-11T20:14:41.029928+00:00,4716a1279a5146ec977582a181f4a56d
2021-11-10,2.4,2.40,ft^3/s,Approved,[],2025-03-11T20:14:41.029928+00:00,4716a1279a5146ec977582a181f4a56d
2021-11-11,2.3,2.30,ft^3/s,Approved,[],2025-03-11T20:14:41.029928+00:00,4716a1279a5146ec977582a181f4a56d
2021-11-12,2.18,2.18,ft^3/s,Approved,[],2025-03-11T20:14:41.029928+00:00,4716a1279a5146ec977582a181f4a56d
2021-11-13,2.09,2.09,ft^3/s,Approved,[],2025-03-11T20:14:41.029928+00:00,4716a1279a5146ec977582a181f4a56d
2021-11-14,2.1,2.10,ft^3/s,Approved,[],2025-03-11T20:14:41.029928+00:00,4716a1279a5146ec977582a181f4a56d
2021-11-15,2.03,2.03,ft^3/s,Approved,[],2025-03-11T20:14:41.029928+00:00,4716a1279a5146ec977582a181f4a56d
2021-11-16,2.0,2.00,ft^3/s,Approved,[],2025-03-11T20:14:41.029928+00:00,4716a1279a5146ec977582a181f4a56d
2021-11-17,2.01,2.01,ft^3/s,Approved,[],2025-03-11T20:14:41.029928+00:00,4716a1279a5146ec977582a181f4a56d
2021-11-18,1.79,1.79,ft^3/s,Approved,[],2025-03-11T20:14:41.029928+00:00,4716a1279a5146ec977582a181f4a56d
2021-11-19,1.69,1.69,ft^3/s,Approved,[],2025-03-11T20:14:41.029928+00:00,4716a1279a5146ec977582a181f4a56d
2021-11-20,1.48,1.48,ft^3/s,Approved,[],2025-03-11T20:14:41.029928+00:00,4716a1279a5146ec977582a181f4a56d
2021-11-21,1.34,1.34,ft^3/s,Approved,[],2025-03-11T20:14:41.029928+00:00,4716a1279a5146ec977582a181f4a56d
2021-11-22,1.16,1.16,ft^3/s,Approved,[],2025-03-11T20:14:41.029928+00:00,4716a1279a5146ec977582a181f4a56d
2021-11-23,1.04,1.04,ft^3/s,Approved,[],2025-03-11T20:14:41.029928+00:00,4716a1279a5146ec977582a181f4a56d
2021-11-24,0.93,0.93,ft^3/s,Approved,[],2025-03-11T20:14:41.029928+00:00,4716a1279a5146ec977582a181f4a56d
2021-11-25,0.76,0.76,ft^3/s,Approved,[],2025-03-11T20:14:41.029928+00:00,4716a1279a5146ec977582a181f4a56d
2021-11-26,0.57,0.57,ft^3/s,Approved,[],2025-03-11T20:14:41.029928+00:00,4716a1279a5146ec977582a181f4a56d
2021-11-27,0.68,0.68,ft^3/s,Approved,[],2025-03-11T20:14:41.029928+00:00,4716a1279a5146ec977582a181f4a56d
2021-11-28,0.68,0.68,ft^3/s,Approved,[],2025-03-11T20:14:41.029928+00:00,4716a1279a5146ec977582a181f4a56d
2021-11-29,0.54,0.54,ft^3/s,Approved,[],2025-03-11T20:14:41.029928+00:00,4716a1279a5146ec977582a181f4a56d
2021-11-30,0.51,0.51,ft^3/s,Approved,[],2025-03-11T20:14:41.029928+00:00,4716a1279a5146ec977582a181f4a56d
2021-12-01,0.43,0.43,ft^3/s,Approved,[],2025-03-11T20:14:41.029928+00:00,4716a1279a5146ec977582a181f4a56d
2021-12-02,0.31,0.31,ft^3/s,Approved,[],2025-03-11T20:14:41.029928+00:00,4716a1279a5146ec977582a181f4a56d
2021-12-03,0.18,0.18,ft^3/s,Approved,[],2025-03-11T20:14:41.029928+00:00,4716a1279a5146ec977582a181f4a56d
2021-12-04,0.07,0.07,ft^3/s,Approved,[],2025-03-11T20:14:41.029928+00:00,4716a1279a5146ec977582a181f4a56d
2021-12-05,0.01,0.01,ft^3/s,Approved,[],2025-03-11T20:14:41.029928+00:00,4716a1279a5146ec977582a181f4a56d
2021-12-06,0.0,0.00,ft^3/s,Approved,[],2025-03-11T20:14:41.029928+00:00,4716a1279a5146ec977582a181f4a56d
2021-12-07,0.0,0.00,ft^3/s,Approved,[],2025-03-11T20:14:41.029928+00:00,4716a1279a5146ec977582a181f4a56d
2021-12-08,0.0,0.00,ft^3/s,Approved,[],2025-03-11T20:14:41.029928+00:00,4716a1279a5146ec977582a181f4a56d
2021-12-09,0.0,0.00,ft^3/s,Approved,[],2025-03-11T20:14:41.029928+00:00,4716a1279a5146ec977582a181f4a56d
2021-12-10,0.0,0.00,ft^3/s,Approved,[],2025-03-11T20:14:41.029928+00:00,4716a1279a5146ec977582a181f4a56d
2021-12-11,0.0,0.00,ft^3/s,Approved,[],2025-03-11T20:14:41.029928+00:00,4716a1279a5146ec977582a181f4a56d
2021-12-12,0.0,0.00,ft^3/s,Approved,[],2025-03-11T20:14:41.029928+00:00,4716a1279a5146ec977582a181f4a56d
2021-12-13,0.0,0.00,ft^3/s,Approved,[],2025-03-11T20:14:41.029928+00:00,4716a1279a5146ec977582a181f4a56d
2021-12-14,0.0,0.00,ft^3/s,Approved,[],2025-03-11T20:14:41.029928+00:00,4716a1279a5146ec977582a181f4a56d
2021-12-15,0.0,0.00,ft^3/s,Approved,[],2025-03-11T20:14:41.029928+00:00,4716a1279a5146ec977582a181f4a56d
2021-12-16,0.0,0.00,ft^3/s,Approved,[],2025-03-11T20:14:41.029928+00:00,4716a1279a5146ec977582a181f4a56d
2021-12-17,0.0,0.00,ft^3/s,Approved,[],2025-03-11T20:14:41.029928+00:00,4716a1279a5146ec977582a181f4a56d
2021-12-18,0.0,0.00,ft^3/s,Approved,[],2025-03-11T20:14:41.029928+00:00,4716a1279a5146ec977582a181f4a56d
2021-12-19,0.72,0.72,ft^3/s,Approved,[],2025-03-11T20:14:41.029928+00:00,4716a1279a5146ec977582a181f4a56d
2021-12-20,0.09,0.09,ft^3/s,Approved,[],2025-03-11T20:14:41.029928+00:00,4716a1279a5146ec977582a181f4a56d
2021-12-21,0.01,0.01,ft^3/s,Approved,[],2025-03-11T20:14:41.029928+00:00,4716a1279a5146ec977582a181f4a56d
2021-12-22,0.0,0.00,ft^3/s,Approved,[],2025-03-11T20:14:41.029928+00:00,4716a1279a5146ec977582a181f4a56d
2021-12-23,0.0,0.00,ft^3/s,Approved,[],2025-03-11T20:14:41.029928+00:00,4716a1279a5146ec977582a181f4a56d
2021-12-24,0.0,0.00,ft^3/s,Approved,[],2025-03-11T20:14:41.029928+00:00,4716a1279a5146ec977582a181f4a56d
2021-12-25,0.0,0.00,ft^3/s,Approved,[],2025-03-11T20:14:41.029928+00:00,4716a1279a5146ec977582a181f4a56d
2021-12-26,0.0,0.00,ft^3/s,Approved,[],2025-03-11T20:14:41.029928+00:00,4716a1279a5146ec977582a181f4a56d
2021-12-27,0.0,0.00,ft^3/s,Approved,[],2025-03-11T20:14:41.029928+00:00,4716a1279a5146ec977582a181f4a56d
2021-12-28,0.0,0.00,ft^3/s,Approved,[],2025-03-11T20:14:41.029928+00:00,4716a1279a5146ec977582a181f4a56d
2021-12-29,0.0,0.00,ft^3/s,Approved,[],2025-03-11T20:14:41.029928+00:00,4716a1279a5146ec977582a181f4a56d
2021-12-30,0.0,0.00,ft^3/s,Approved,[],2025-03-11T20:14:41.029928+00:00,4716a1279a5146ec977582a181f4a56d
2021-12-31,0.0,0.00,ft^3/s,Approved,[],2025-03-11T20:14:41.029928+00:00,4716a1279a5146ec977582a181f4a56d
2022-01-01,0.0,0.00,ft^3/s,Approved,[],2025-03-11T20:14:41.029928+00:00,4716a1279a5146ec977582a181f4a56d
2022-01-02,0.0,0.00,ft^3/s,Approved,[],2025-03-11T20:14:41.029928+00:00,4716a1279a5146ec977582a181f4a56d
2022-01-03,0.0,0.00,ft^3/s,Approved,[],2025-03-11T20:14:41.029928+00:00,4716a1279a5146ec977582a181f4a56d
2022-01-04,0.0,0.00,ft^3/s,Approved,[],2025-03-11T20:14:41.029928+00:00,4716a1279a5146ec977582a181f4a56d
2022-01-05,0.0,0.00,ft^3/s,Approved,[],2025-03-11T20:14:41.029928+00:00,4716a1279a5146ec977582a181f4a56d
2022-01-06,0.0,0.00,ft^3/s,Approved,[],2025-03-11T20:14:41.029928+00:00,4716a1279a5146ec977582a181f4a56d
2022-01-07,0.0,0.00,ft^3/s,Approved,[],2025-03-11T20:14:41.029928+00:00,4716a1279a5146ec977582a181f4a56d
2022-01-08,0.0,0.00,ft^3/s,Approved,[],2025-03-11T20:14:41.029928+00:00,4716a1279a5146ec977582a181f4a56d
2022-01-09,0.0,0.00,ft^3/s,Approved,[],2025-03-11T20:14:41.029928+00:00,4716a1279a5146ec977582a181f4a56d
2022-01-10,0.0,0.00,ft^3/s,Approved,[],2025-03-11T20:14:41.029928+00:00,4716a1279a5146ec977582a181f4a56d
2022-01-11,0.0,0.00,ft^3/s,Approved,[],2025-03-11T20:14:41.029928+00:00,4716a1279a5146ec977582a181f4a56d
2022-01-12,0.0,0.00,ft^3/s,Approved,[],2025-03-11T20:14:41.029928+00:00,4716a1279a5146ec977582a181f4a56d
2022-01-13,0.0,0.00,ft^3/s,Approved,[],2025-03-11T20:14:41.029928+00:00,4716a1279a5146ec977582a181f4a56d
2022-01-14,0.0,0.00,ft^3/s,Approved,[],2025-03-11T20:14:41.029928+00:00,4716a1279a5146ec977582a181f4a56d
2022-01-15,0.0,0.00,ft^3/s,Approved,[],2025-03-11T20:14:41.029928+00:00,4716a1279a5146ec977582a181f4a56d
2022-01-16,0.0,0.00,ft^3/s,Approved,[],2025-03-11T20:14:41.029928+00:00,4716a1279a5146ec977582a181f4a56d
2022-01-17,0.0,0.00,ft^3/s,Approved,[],2025-03-11T20:14:41.029928+00:00,4716a1279a5146ec977582a181f4a56d
2022-01-18,0.0,0.00,ft^3/s,Approved,[],2025-03-11T20:14:41.029928+00:00,4716a1279a5146ec977582a181f4a56d
2022-01-19,0.0,0.00,ft^3/s,Approved,[],2025-03-11T20:14:41.029928+00:00,4716a1279a5146ec977582a181f4a56d
2022-01-20,0.0,0.00,ft^3/s,Approved,[],2025-03-11T20:14:41.029928+00:00,4716a1279a5146ec977582a181f4a56d
2022-01-21,0.0,0.00,ft^3/s,Approved,[],2025-03-11T20:14:41.029928+00:00,4716a1279a5146ec977582a181f4a56d
2022-01-22,0.0,0.00,ft^3/s,Approved,[],2025-03-11T20:14:41.029928+00:00,4716a1279a5146ec977582a181f4a56d
2022-01-23,0.0,0.00,ft^3/s,Approved,[],2025-03-11T20:14:41.029928+00:00,4716a1279a5146ec977582a181f4a56d
2022-01-24,0.0,0.00,ft^3/s,Approved,[],2025-03-11T20:14:41.029928+00:00,4716a1279a5146ec977582a181f4a56d
2022-01-25,0.0,0.00,ft^3/s,Approved,[],2025-03-11T20:14:41.029928+00:00,4716a1279a5146ec977582a181f4a56d
2022-01-26,0.0,0.00,ft^3/s,Approved,[],2025-03-11T20:14:41.029928+00:00,4716a1279a5146ec977582a181f4a56d
2022-01-27,0.0,0.00,ft^3/s,Approved,[],2025-03-11T20:14:41.029928+00:00,4716a1279a5146ec977582a181f4a56d
2022-01-28,0.0,0.00,ft^3/s,Approved,[],2025-03-11T20:14:41.029928+00:00,4716a1279a5146ec977582a181f4a56d
2022-01-29,0.0,0.00,ft^3/s,Approved,[],2025-03-11T20:14:41.029928+00:00,4716a1279a5146ec977582a181f4a56d
2022-01-30,0.0,0.00,ft^3/s,Approved,[],2025-03-11T20:14:41.029928+00:00,4716a1279a5146ec977582a181f4a56d
2022-01-31,0.0,0.00,ft^3/s,Approved,[],2025-03-11T20:14:41.029928+00:00,4716a1279a5146ec977582a181f4a56d
2022-02-01,0.0,0.00,ft^3/s,Approved,[],2025-03-11T20:14:41.029928+00:00,4716a1279a5146ec977582a181f4a56d
2022-02-02,0.82,0.82,ft^3/s,Approved,[],2025-03-11T20:14:41.029928+00:00,4716a1279a5146ec977582a181f4a56d
2022-02-03,11.4,11.4,ft^3/s,Approved,[],2025-03-11T20:14:41.029928+00:00,4716a1279a5146ec977582a181f4a56d
2022-02-04,2.37,2.37,ft^3/s,Approved,[],2025-03-11T20:14:41.029928+00:00,4716a1279a5146ec977582a181f4a56d
2022-02-05,1.24,1.24,ft^3/s,Approved,[],2025-03-11T20:14:41.029928+00:00,4716a1279a5146ec977582a181f4a56d
2022-02-06,0.97,0.97,ft^3/s,Approved,[],2025-03-11T20:14:41.029928+00:00,4716a1279a5146ec977582a181f4a56d
2022-02-07,0.83,0.83,ft^3/s,Approved,[],2025-03-11T20:14:41.029928+00:00,4716a1279a5146ec977582a181f4a56d
2022-02-08,0.91,0.91,ft^3/s,Approved,[],2025-03-11T20:14:41.029928+00:00,4716a1279a5146ec977582a181f4a56d
2022-02-09,0.79,0.79,ft^3/s,Approved,[],2025-03-11T20:14:41.029928+00:00,4716a1279a5146ec977582a181f4a56d
2022-02-10,0.73,0.73,ft^3/s,Approved,[],2025-03-11T20:14:41.029928+00:00,4716a1279a5146ec977582a181f4a56d
2022-02-11,0.76,0.76,ft^3/s,Approved,[],2025-03-11T20:14:41.029928+00:00,4716a1279a5146ec977582a181f4a56d
2022-02-12,0.62,0.62,ft^3/s,Approved,[],2025-03-11T20:14:41.029928+00:00,4716a1279a5146ec977582a181f4a56d
2022-02-13,0.62,0.62,ft^3/s,Approved,[],2025-03-11T20:14:41.029928+00:00,4716a1279a5146ec977582a181f4a56d
2022-02-14,0.67,0.67,ft^3/s,Approved,[],2025-03-11T20:14:41.029928+00:00,4716a1279a5146ec977582a181f4a56d
2022-02-15,0.74,0.74,ft^3/s,Approved,[],2025-03-11T20:14:41.029928+00:00,4716a1279a5146ec977582a181f4a56d
2022-02-16,0.83,0.83,ft^3/s,Approved,[],2025-03-11T20:14:41.029928+00:00,4716a1279a5146ec977582a181f4a56d
2022-02-17,0.82,0.82,ft^3/s,Approved,[],2025-03-11T20:14:41.029928+00:00,4716a1279a5146ec977582a181f4a56d
2022-02-18,0.72,0.72,ft^3/s,Approved,[],2025-03-11T20:14:41.029928+00:00,4716a1279a5146ec977582a181f4a56d
2022-02-19,0.67,0.67,ft^3/s,Approved,[],2025-03-11T20:14:41.029928+00:00,4716a1279a5146ec977582a181f4a56d
2022-02-20,0.61,0.61,ft^3/s,Approved,[],2025-03-11T20:14:41.029928+00:00,4716a1279a5146ec977582a181f4a56d
2022-02-21,0.57,0.57,ft^3/s,Approved,[],2025-03-11T20:14:41.029928+00:00,4716a1279a5146ec977582a181f4a56d
2022-02-22,0.47,0.47,ft^3/s,Approved,[],2025-03-11T20:14:41.029928+00:00,4716a1279a5146ec977582a181f4a56d
2022-02-23,0.15,0.15,ft^3/s,Approved,[],2025-03-11T20:14:41.029928+00:00,4716a1279a5146ec977582a181f4a56d
2022-02-24,0.02,0.02,ft^3/s,Approved,[],2025-03-11T20:14:41.029928+00:00,4716a1279a5146ec977582a181f4a56d
2022-02-25,0.0,0.00,ft^3/s,Approved,[],2025-03-11T20:14:41.029928+00:00,4716a1279a5146ec977582a181f4a56d
2022-02-26,0.0,0.00,ft^3/s,Approved,[],2025-03-11T20:14:41.029928+00:00,4716a1279a5146ec977582a181f4a56d
2022-02-27,0.0,0.00,ft^3/s,Approved,[],2025-03-11T20:14:41.029928+00:00,4716a1279a5146ec977582a181f4a56d
2022-02-28,0.0,0.00,ft^3/s,Approved,[],2025-03-11T20:14:41.029928+00:00,4716a1279a5146ec977582a181f4a56d
2022-03-01,0.0,0.00,ft^3/s,Approved,[],2025-03-11T20:14:41.029928+00:00,4716a1279a5146ec977582a181f4a56d
2022-03-02,0.0,0.00,ft^3/s,Approved,[],2025-03-11T20:14:41.029928+00:00,4716a1279a5146ec977582a181f4a56d
2022-03-03,0.0,0.00,ft^3/s,Approved,[],2025-03-11T20:14:41.029928+00:00,4716a1279a5146ec977582a181f4a56d
2022-03-04,0.0,0.00,ft^3/s,Approved,[],2025-03-11T20:14:41.029928+00:00,4716a1279a5146ec977582a181f4a56d
2022-03-05,0.0,0.00,ft^3/s,Approved,[],2025-03-11T20:14:41.029928+00:00,4716a1279a5146ec977582a181f4a56d
2022-03-06,0.0,0.00,ft^3/s,Approved,[],2025-03-11T20:14:41.029928+00:00,4716a1279a5146ec977582a181f4a56d
2022-03-07,0.0,0.00,ft^3/s,Approved,[],2025-03-11T20:14:41.029928+00:00,4716a1279a5146ec977582a181f4a56d
2022-03-08,0.0,0.00,ft^3/s,Approved,[],2025-03-11T20:14:41.029928+00:00,4716a1279a5146ec977582a181f4a56d
2022-03-09,0.0,0.00,ft^3/s,Approved,[],2025-03-11T20:14:41.029928+00:00,4716a1279a5146ec977582a181f4a56d
2022-03-10,0.0,0.00,ft^3/s,Approved,[],2025-03-11T20:14:41.029928+00:00,4716a1279a5146ec977582a181f4a56d
2022-03-11,0.0,0.00,ft^3/s,Approved,[],2025-03-11T20:14:41.029928+00:00,4716a1279a5146ec977582a181f4a56d
2022-03-12,0.0,0.00,ft^3/s,Approved,[],2025-03-11T20:14:41.029928+00:00,4716a1279a5146ec977582a181f4a56d
2022-03-13,0.0,0.00,ft^3/s,Approved,[],2025-03-11T20:14:41.029928+00:00,4716a1279a5146ec977582a181f4a56d
2022-03-14,0.0,0.00,ft^3/s,Approved,[],2025-03-11T20:14:41.029928+00:00,4716a1279a5146ec977582a181f4a56d
2022-03-15,0.0,0.00,ft^3/s,Approved,[],2025-03-11T20:14:41.029928+00:00,4716a1279a5146ec977582a181f4a56d
2022-03-16,0.0,0.00,ft^3/s,Approved,[],2025-03-11T20:14:41.029928+00:00,4716a1279a5146ec977582a181f4a56d
2022-03-17,0.0,0.00,ft^3/s,Approved,[],2025-03-11T20:14:41.029928+00:00,4716a1279a5146ec977582a181f4a56d
2022-03-18,0.0,0.00,ft^3/s,Approved,[],2025-03-11T20:14:41.029928+00:00,4716a1279a5146ec977582a181f4a56d
2022-03-19,0.0,0.00,ft^3/s,Approved,[],2025-03-11T20:14:41.029928+00:00,4716a1279a5146ec977582a181f4a56d
2022-03-20,0.0,0.00,ft^3/s,Approved,[],2025-03-11T20:14:41.029928+00:00,4716a1279a5146ec977582a181f4a56d
2022-03-21,0.0,0.00,ft^3/s,Approved,[],2025-03-11T20:14:41.029928+00:00,4716a1279a5146ec977582a181f4a56d
2022-03-22,0.0,0.00,ft^3/s,Approved,[],2025-03-11T20:14:41.029928+00:00,4716a1279a5146ec977582a181f4a56d
2022-03-23,0.0,0.00,ft^3/s,Approved,[],2025-03-11T20:14:41.029928+00:00,4716a1279a5146ec977582a181f4a56d
2022-03-24,0.0,0.00,ft^3/s,Approved,[],2025-03-11T20:14:41.029928+00:00,4716a1279a5146ec977582a181f4a56d
2022-03-25,0.0,0.00,ft^3/s,Approved,[],2025-03-11T20:14:41.029928+00:00,4716a1279a5146ec977582a181f4a56d
2022-03-26,0.0,0.00,ft^3/s,Approved,[],2025-03-11T20:14:41.029928+00:00,4716a1279a5146ec977582a181f4a56d
2022-03-27,0.0,0.00,ft^3/s,Approved,[],2025-03-11T20:14:41.029928+00:00,4716a1279a5146ec977582a181f4a56d
2022-03-28,0.0,0.00,ft^3/s,Approved,[],2025-03-11T20:14:41.029928+00:00,4716a1279a5146ec977582a181f4a56d
2022-03-29,0.0,0.00,ft^3/s,Approved,[],2025-03-11T20:14:41.029928+00:00,4716a1279a5146ec977582a181f4a56d
2022-03-30,0.0,0.00,ft^3/s,Approved,[],2025-03-11T20:14:41.029928+00:00,4716a1279a5146ec977582a181f4a56d
2022-03-31,0.0,0.00,ft^3/s,Approved,[],2025-03-11T20:14:41.029928+00:00,4716a1279a5146ec977582a181f4a56d
2022-04-01,0.0,0.00,ft^3/s,Approved,[],2025-03-11T20:14:41.029928+00:00,4716a1279a5146ec977582a181f4a56d
2022-04-02,0.0,0.00,ft^3/s,Approved,[],2025-03-11T20:14:41.029928+00:00,4716a1279a5146ec977582a181f4a56d
2022-04-03,0.0,0.00,ft^3/s,Approved,[],2025-03-11T20:14:41.029928+00:00,4716a1279a5146ec977582a181f4a56d
2022-04-04,0.0,0.00,ft^3/s,Approved,[],2025-03-11T20:14:41.029928+00:00,4716a1279a5146ec977582a181f4a56d
2022-04-05,0.0,0.00,ft^3/s,Approved,[],2025-03-11T20:14:41.029928+00:00,4716a1279a5146ec977582a181f4a56d
2022-04-06,0.0,0.00,ft^3/s,Approved,[],2025-03-11T20:14:41.029928+00:00,4716a1279a5146ec977582a181f4a56d
2022-04-07,0.0,0.00,ft^3/s,Approved,[],2025-03-11T20:14:41.029928+00:00,4716a1279a5146ec977582a181f4a56d
2022-04-08,0.0,0.00,ft^3/s,Approved,[],2025-03-11T20:14:41.029928+00:00,4716a1279a5146ec977582a181f4a56d
2022-04-09,0.0,0.00,ft^3/s,Approved,[],2025-03-11T20:14:41.029928+00:00,4716a1279a5146ec977582a181f4a56d
2022-04-10,0.0,0.00,ft^3/s,Approved,[],2025-03-11T20:14:41.029928+00:00,4716a1279a5146ec977582a181f4a56d
2022-04-11,0.0,0.00,ft^3/s,Approved,[],2025-03-11T20:14:41.029928+00:00,4716a1279a5146ec977582a181f4a56d
2022-04-12,0.0,0.00,ft^3/s,Approved,[],2025-03-11T20:14:41.029928+00:00,4716a1279a5146ec977582a181f4a56d
2022-04-13,0.0,0.00,ft^3/s,Approved,[],2025-03-11T20:14:41.029928+00:00,4716a1279a5146ec977582a181f4a56d
2022-04-14,0.0,0.00,ft^3/s,Approved,[],2025-03-11T20:14:41.029928+00:00,4716a1279a5146ec977582a181f4a56d
2022-04-15,0.0,0.00,ft^3/s,Approved,[],2025-03-11T20:14:41.029928+00:00,4716a1279a5146ec977582a181f4a56d
2022-04-16,0.0,0.00,ft^3/s,Approved,[],2025-03-11T20:14:41.029928+00:00,4716a1279a5146ec977582a181f4a56d
2022-04-17,0.0,0.00,ft^3/s,Approved,[],2025-03-11T20:14:41.029928+00:00,4716a1279a5146ec977582a181f4a56d
2022-04-18,0.0,0.00,ft^3/s,Approved,[],2025-03-11T20:14:41.029928+00:00,4716a1279a5146ec977582a181f4a56d
2022-04-19,0.0,0.00,ft^3/s,Approved,[],2025-03-11T20:14:41.029928+00:00,4716a1279a5146ec977582a181f4a56d
2022-04-20,0.0,0.00,ft^3/s,Approved,[],2025-03-11T20:14:41.029928+00:00,4716a1279a5146ec977582a181f4a56d
2022-04-21,0.0,0.00,ft^3/s,Approved,[],2025-03-11T20:14:41.029928+00:00,4716a1279a5146ec977582a181f4a56d
2022-04-22,0.0,0.00,ft^3/s,Approved,[],2025-03-11T20:14:41.029928+00:00,4716a1279a5146ec977582a181f4a56d
2022-04-23,0.0,0.00,ft^3/s,Approved,[],2025-03-11T20:14:41.029928+00:00,4716a1279a5146ec977582a181f4a56d
2022-04-24,0.0,0.00,ft^3/s,Approved,[],2025-03-11T20:14:41.029928+00:00,4716a1279a5146ec977582a181f4a56d
2022-04-25,0.0,0.00,ft^3/s,Approved,[],2025-03-11T20:14:41.029928+00:00,4716a1279a5146ec977582a181f4a56d
2022-04-26,0.0,0.00,ft^3/s,Approved,[],2025-03-11T20:14:41.029928+00:00,4716a1279a5146ec977582a181f4a56d
2022-04-27,0.0,0.00,ft^3/s,Approved,[],2025-03-11T20:14:41.029928+00:00,4716a1279a5146ec977582a181f4a56d
2022-04-28,0.0,0.00,ft^3/s,Approved,[],2025-03-11T20:14:41.029928+00:00,4716a1279a5146ec977582a181f4a56d
2022-04-29,0.0,0.00,ft^3/s,Approved,[],2025-03-11T20:14:41.029928+00:00,4716a1279a5146ec977582a181f4a56d
2022-04-30,0.0,0.00,ft^3/s,Approved,[],2025-03-11T20:14:41.029928+00:00,4716a1279a5146ec977582a181f4a56d
2022-05-01,0.0,0.00,ft^3/s,Approved,[],2025-03-11T20:14:41.029928+00:00,4716a1279a5146ec977582a181f4a56d
2022-05-02,0.0,0.00,ft^3/s,Approved,[],2025-03-11T20:14:41.029928+00:00,4716a1279a5146ec977582a181f4a56d
2022-05-03,0.0,0.00,ft^3/s,Approved,[],2025-03-11T20:14:41.029928+00:00,4716a1279a5146ec977582a181f4a56d
2022-05-04,0.0,0.00,ft^3/s,Approved,[],2025-03-11T20:14:41.029928+00:00,4716a1279a5146ec977582a181f4a56d
2022-05-05,0.0,0.00,ft^3/s,Approved,[],2025-03-11T20:14:41.029928+00:00,4716a1279a5146ec977582a181f4a56d
2022-05-06,0.0,0.00,ft^3/s,Approved,[],2025-03-11T20:14:41.029928+00:00,4716a1279a5146ec977582a181f4a56d
2022-05-07,0.0,0.00,ft^3/s,Approved,[],2025-03-11T20:14:41.029928+00:00,4716a1279a5146ec977582a181f4a56d
2022-05-08,0.0,0.00,ft^3/s,Approved,[],2025-03-11T20:14:41.029928+00:00,4716a1279a5146ec977582a181f4a56d
2022-05-09,0.0,0.00,ft^3/s,Approved,[],2025-03-11T20:14:41.029928+00:00,4716a1279a5146ec977582a181f4a56d
2022-05-10,0.0,0.00,ft^3/s,Approved,[],2025-03-11T20:14:41.029928+00:00,4716a1279a5146ec977582a181f4a56d
2022-05-11,0.0,0.00,ft^3/s,Approved,[],2025-03-11T20:14:41.029928+00:00,4716a1279a5146ec977582a181f4a56d
2022-05-12,0.0,0.00,ft^3/s,Approved,[],2025-03-11T20:14:41.029928+00:00,4716a1279a5146ec977582a181f4a56d
2022-05-13,0.0,0.00,ft^3/s,Approved,[],2025-03-11T20:14:41.029928+00:00,4716a1279a5146ec977582a181f4a56d
2022-05-14,0.0,0.00,ft^3/s,Approved,[],2025-03-11T20:14:41.029928+00:00,4716a1279a5146ec977582a181f4a56d
2022-05-15,0.0,0.00,ft^3/s,Approved,[],2025-03-11T20:14:41.029928+00:00,4716a1279a5146ec977582a181f4a56d
2022-05-16,0.0,0.00,ft^3/s,Approved,[],2025-03-11T20:14:41.029928+00:00,4716a1279a5146ec977582a181f4a56d
2022-05-17,0.0,0.00,ft^3/s,Approved,[],2025-03-11T20:14:41.029928+00:00,4716a1279a5146ec977582a181f4a56d
2022-05-18,0.0,0.00,ft^3/s,Approved,[],2025-03-11T20:14:41.029928+00:00,4716a1279a5146ec977582a181f4a56d
2022-05-19,0.0,0.00,ft^3/s,Approved,[],2025-03-11T20:14:41.029928+00:00,4716a1279a5146ec977582a181f4a56d
2022-05-20,0.0,0.00,ft^3/s,Approved,[],2025-03-11T20:14:41.029928+00:00,4716a1279a5146ec977582a181f4a56d
2022-05-21,0.0,0.00,ft^3/s,Approved,[],2025-03-11T20:14:41.029928+00:00,4716a1279a5146ec977582a181f4a56d
2022-05-22,0.0,0.00,ft^3/s,Approved,[],2025-03-11T20:14:41.029928+00:00,4716a1279a5146ec977582a181f4a56d
2022-05-23,0.0,0.00,ft^3/s,Approved,[],2025-03-11T20:14:41.029928+00:00,4716a1279a5146ec977582a181f4a56d
2022-05-24,0.0,0.00,ft^3/s,Approved,[],2025-03-11T20:14:41.029928+00:00,4716a1279a5146ec977582a181f4a56d
2022-05-25,0.0,0.00,ft^3/s,Approved,[],2025-03-11T20:14:41.029928+00:00,4716a1279a5146ec977582a181f4a56d
2022-05-26,0.0,0.00,ft^3/s,Approved,[],2025-03-11T20:14:41.029928+00:00,4716a1279a5146ec977582a181f4a56d
2022-05-27,0.0,0.00,ft^3/s,Approved,[],2025-03-11T20:14:41.029928+00:00,4716a1279a5146ec977582a181f4a56d
2022-05-28,0.0,0.00,ft^3/s,Approved,[],2025-03-11T20:14:41.029928+00:00,4716a1279a5146ec977582a181f4a56d
2022-05-29,0.0,0.00,ft^3/s,Approved,[],2025-03-11T20:14:41.029928+00:00,4716a1279a5146ec977582a181f4a56d
2022-05-30,0.0,0.00,ft^3/s,Approved,[],2025-03-11T20:14:41.029928+00:00,4716a1279a5146ec977582a181f4a56d
2022-05-31,0.0,0.00,ft^3/s,Approved,[],2025-03-11T20:14:41.029928+00:00,4716a1279a5146ec977582a181f4a56d
2022-06-01,0.0,0.00,ft^3/s,Approved,[],2025-03-11T20:14:41.029928+00:00,4716a1279a5146ec977582a181f4a56d
2022-06-02,0.0,0.00,ft^3/s,Approved,[],2025-03-11T20:14:41.029928+00:00,4716a1279a5146ec977582a181f4a56d
2022-06-03,0.0,0.00,ft^3/s,Approved,[],2025-03-11T20:14:41.029928+00:00,4716a1279a5146ec977582a181f4a56d
2022-06-04,0.0,0.00,ft^3/s,Approved,[],2025-03-11T20:14:41.029928+00:00,4716a1279a5146ec977582a181f4a56d
2022-06-05,0.0,0.00,ft^3/s,Approved,[],2025-03-11T20:14:41.029928+00:00,4716a1279a5146ec977582a181f4a56d
2022-06-06,0.0,0.00,ft^3/s,Approved,[],2025-03-11T20:14:41.029928+00:00,4716a1279a5146ec977582a181f4a56d
2022-06-07,0.0,0.00,ft^3/s,Approved,[],2025-03-11T20:14:41.029928+00:00,4716a1279a5146ec977582a181f4a56d
2022-06-08,0.0,0.00,ft^3/s,Approved,[],2025-03-11T20:14:41.029928+00:00,4716a1279a5146ec977582a181f4a56d
2022-06-09,0.0,0.00,ft^3/s,Approved,[],2025-03-11T20:14:41.029928+00:00,4716a1279a5146ec977582a181f4a56d
2022-06-10,0.0,0.00,ft^3/s,Approved,[],2025-03-11T20:14:41.029928+00:00,4716a1279a5146ec977582a181f4a56d
2022-06-11,0.0,0.00,ft^3/s,Approved,[],2025-03-11T20:14:41.029928+00:00,4716a1279a5146ec977582a181f4a56d
2022-06-12,0.0,0.00,ft^3/s,Approved,[],2025-03-11T20:14:41.029928+00:00,4716a1279a5146ec977582a181f4a56d
2022-06-13,0.0,0.00,ft^3/s,Approved,[],2025-03-11T20:14:41.029928+00:00,4716a1279a5146ec977582a181f4a56d
2022-06-14,0.0,0.00,ft^3/s,Approved,[],2025-03-11T20:14:41.029928+00:00,4716a1279a5146ec977582a181f4a56d
2022-06-15,0.0,0.00,ft^3/s,Approved,[],2025-03-11T20:14:41.029928+00:00,4716a1279a5146ec977582a181f4a56d
2022-06-16,0.0,0.00,ft^3/s,Approved,[],2025-03-11T20:14:41.029928+00:00,4716a1279a5146ec977582a181f4a56d
2022-06-17,0.0,0.00,ft^3/s,Approved,[],2025-03-11T20:14:41.029928+00:00,4716a1279a5146ec977582a181f4a56d
2022-06-18,0.0,0.00,ft^3/s,Approved,[],2025-03-11T20:14:41.029928+00:00,4716a1279a5146ec977582a181f4a56d
2022-06-19,0.0,0.00,ft^3/s,Approved,[],2025-03-11T20:14:41.029928+00:00,4716a1279a5146ec977582a181f4a56d
2022-06-20,0.0,0.00,ft^3/s,Approved,[],2025-03-11T20:14:41.029928+00:00,4716a1279a5146ec977582a181f4a56d
2022-06-21,0.0,0.00,ft^3/s,Approved,[],2025-03-11T20:14:41.029928+00:00,4716a1279a5146ec977582a181f4a56d
2022-06-22,0.0,0.00,ft^3/s,Approved,[],2025-03-11T20:14:41.029928+00:00,4716a1279a5146ec977582a181f4a56d
2022-06-23,0.0,0.00,ft^3/s,Approved,[],2025-03-11T20:14:41.029928+00:00,4716a1279a5146ec977582a181f4a56d
2022-06-24,0.0,0.00,ft^3/s,Approved,[],2025-03-11T20:14:41.029928+00:00,4716a1279a5146ec977582a181f4a56d
2022-06-25,0.0,0.00,ft^3/s,Approved,[],2025-03-11T20:14:41.029928+00:00,4716a1279a5146ec977582a181f4a56d
2022-06-26,0.0,0.00,ft^3/s,Approved,[],2025-03-11T20:14:41.029928+00:00,4716a1279a5146ec977582a181f4a56d
2022-06-27,0.0,0.00,ft^3/s,Approved,[],2025-03-11T20:14:41.029928+00:00,4716a1279a5146ec977582a181f4a56d
2022-06-28,0.0,0.00,ft^3/s,Approved,[],2025-03-11T20:14:41.029928+00:00,4716a1279a5146ec977582a181f4a56d
2022-06-29,0.0,0.00,ft^3/s,Approved,[],2025-03-11T20:14:41.029928+00:00,4716a1279a5146ec977582a181f4a56d
2022-06-30,0.0,0.00,ft^3/s,Approved,[],2025-03-11T20:14:41.029928+00:00,4716a1279a5146ec977582a181f4a56d
2022-07-01,0.0,0.00,ft^3/s,Approved,[],2025-03-11T20:14:41.029928+00:00,4716a1279a5146ec977582a181f4a56d
2022-07-02,0.0,0.00,ft^3/s,Approved,[],2025-03-11T20:14:41.029928+00:00,4716a1279a5146ec977582a181f4a56d
2022-07-03,0.0,0.00,ft^3/s,Approved,[],2025-03-11T20:14:41.029928+00:00,4716a1279a5146ec977582a181f4a56d
2022-07-04,0.0,0.00,ft^3/s,Approved,[],2025-03-11T20:14:41.029928+00:00,4716a1279a5146ec977582a181f4a56d
2022-07-05,0.0,0.00,ft^3/s,Approved,[],2025-03-11T20:14:41.029928+00:00,4716a1279a5146ec977582a181f4a56d
2022-07-06,0.0,0.00,ft^3/s,Approved,[],2025-03-11T20:14:41.029928+00:00,4716a1279a5146ec977582a181f4a56d
2022-07-07,0.0,0.00,ft^3/s,Approved,[],2025-03-11T20:14:41.029928+00:00,4716a1279a5146ec977582a181f4a56d
2022-07-08,0.0,0.00,ft^3/s,Approved,[],2025-03-11T20:14:41.029928+00:00,4716a1279a5146ec977582a181f4a56d
2022-07-09,0.0,0.00,ft^3/s,Approved,[],2025-03-11T20:14:41.029928+00:00,4716a1279a5146ec977582a181f4a56d
2022-07-10,0.0,0.00,ft^3/s,Approved,[],2025-03-11T20:14:41.029928+00:00,4716a1279a5146ec977582a181f4a56d
2022-07-11,0.0,0.00,ft^3/s,Approved,[],2025-03-11T20:14:41.029928+00:00,4716a1279a5146ec977582a181f4a56d
2022-07-12,0.0,0.00,ft^3/s,Approved,[],2025-03-11T20:14:41.029928+00:00,4716a1279a5146ec977582a181f4a56d
2022-07-13,0.0,0.00,ft^3/s,Approved,[],2025-03-11T20:14:41.029928+00:00,4716a1279a5146ec977582a181f4a56d
2022-07-14,0.0,0.00,ft^3/s,Approved,[],2025-03-11T20:14:41.029928+00:00,4716a1279a5146ec977582a181f4a56d
2022-07-15,0.0,0.00,ft^3/s,Approved,[],2025-03-11T20:14:41.029928+00:00,4716a1279a5146ec977582a181f4a56d
2022-07-16,0.0,0.00,ft^3/s,Approved,[],2025-03-11T20:14:41.029928+00:00,4716a1279a5146ec977582a181f4a56d
2022-07-17,0.0,0.00,ft^3/s,Approved,[],2025-03-11T20:14:41.029928+00:00,4716a1279a5146ec977582a181f4a56d
2022-07-18,0.0,0.00,ft^3/s,Approved,[],2025-03-11T20:14:41.029928+00:00,4716a1279a5146ec977582a181f4a56d
2022-07-19,0.0,0.00,ft^3/s,Approved,[],2025-03-11T20:14:41.029928+00:00,4716a1279a5146ec977582a181f4a56d
2022-07-20,0.0,0.00,ft^3/s,Approved,[],2025-03-11T20:14:41.029928+00:00,4716a1279a5146ec977582a181f4a56d
2022-07-21,0.0,0.00,ft^3/s,Approved,[],2025-03-11T20:14:41.029928+00:00,4716a1279a5146ec977582a181f4a56d
2022-07-22,0.0,0.00,ft^3/s,Approved,[],2025-03-11T20:14:41.029928+00:00,4716a1279a5146ec977582a181f4a56d
2022-07-23,0.0,0.00,ft^3/s,Approved,[],2025-03-11T20:14:41.029928+00:00,4716a1279a5146ec977582a181f4a56d
2022-07-24,0.0,0.00,ft^3/s,Approved,[],2025-03-11T20:14:41.029928+00:00,4716a1279a5146ec977582a181f4a56d
2022-07-25,0.0,0.00,ft^3/s,Approved,[],2025-03-11T20:14:41.029928+00:00,4716a1279a5146ec977582a181f4a56d
2022-07-26,0.0,0.00,ft^3/s,Approved,[],2025-03-11T20:14:41.029928+00:00,4716a1279a5146ec977582a181f4a56d
2022-07-27,0.0,0.00,ft^3/s,Approved,[],2025-03-11T20:14:41.029928+00:00,4716a1279a5146ec977582a181f4a56d
2022-07-28,0.0,0.00,ft^3/s,Approved,[],2025-03-11T20:14:41.029928+00:00,4716a1279a5146ec977582a181f4a56d
2022-07-29,0.0,0.00,ft^3/s,Approved,[],2025-03-11T20:14:41.029928+00:00,4716a1279a5146ec977582a181f4a56d
2022-07-30,0.0,0.00,ft^3/s,Approved,[],2025-03-11T20:14:41.029928+00:00,4716a1279a5146ec977582a181f4a56d
2022-07-31,0.0,0.00,ft^3/s,Approved,[],2025-03-11T20:14:41.029928+00:00,4716a1279a5146ec977582a181f4a56d
2022-08-01,0.0,0.00,ft^3/s,Approved,[],2025-03-11T20:14:41.029928+00:00,4716a1279a5146ec977582a181f4a56d
2022-08-02,0.0,0.00,ft^3/s,Approved,[],2025-03-11T20:14:41.029928+00:00,4716a1279a5146ec977582a181f4a56d
2022-08-03,0.0,0.00,ft^3/s,Approved,[],2025-03-11T20:14:41.029928+00:00,4716a1279a5146ec977582a181f4a56d
2022-08-04,0.0,0.00,ft^3/s,Approved,[],2025-03-11T20:14:41.029928+00:00,4716a1279a5146ec977582a181f4a56d
2022-08-05,0.0,0.00,ft^3/s,Approved,[],2025-03-11T20:14:41.029928+00:00,4716a1279a5146ec977582a181f4a56d
2022-08-06,0.0,0.00,ft^3/s,Approved,[],2025-03-11T20:14:41.029928+00:00,4716a1279a5146ec977582a181f4a56d
2022-08-07,0.0,0.00,ft^3/s,Approved,[],2025-03-11T20:14:41.029928+00:00,4716a1279a5146ec977582a181f4a56d
2022-08-08,0.0,0.00,ft^3/s,Approved,[],2025-03-11T20:14:41.029928+00:00,4716a1279a5146ec977582a181f4a56d
2022-08-09,0.0,0.00,ft^3/s,Approved,[],2025-03-11T20:14:41.029928+00:00,4716a1279a5146ec977582a181f4a56d
2022-08-10,0.0,0.00,ft^3/s,Approved,[],2025-03-11T20:14:41.029928+00:00,4716a1279a5146ec977582a181f4a56d
2022-08-11,0.0,0.00,ft^3/s,Approved,[],2025-03-11T20:14:41.029928+00:00,4716a1279a5146ec977582a181f4a56d
2022-08-12,0.0,0.00,ft^3/s,Approved,[],2025-03-11T20:14:41.029928+00:00,4716a1279a5146ec977582a181f4a56d
2022-08-13,0.0,0.00,ft^3/s,Approved,[],2025-03-11T20:14:41.029928+00:00,4716a1279a5146ec977582a181f4a56d
2022-08-14,0.0,0.00,ft^3/s,Approved,[],2025-03-11T20:14:41.029928+00:00,4716a1279a5146ec977582a181f4a56d
2022-08-15,0.0,0.00,ft^3/s,Approved,[],2025-03-11T20:14:41.029928+00:00,4716a1279a5146ec977582a181f4a56d
2022-08-16,0.0,0.00,ft^3/s,Approved,[],2025-03-11T20:14:41.029928+00:00,4716a1279a5146ec977582a181f4a56d
2022-08-17,0.0,0.00,ft^3/s,Approved,[],2025-03-11T20:14:41.029928+00:00,4716a1279a5146ec977582a181f4a56d
2022-08-18,0.0,0.00,ft^3/s,Approved,[],2025-03-11T20:14:41.029928+00:00,4716a1279a5146ec977582a181f4a56d
2022-08-19,0.0,0.00,ft^3/s,Approved,[],2025-03-11T20:14:41.029928+00:00,4716a1279a5146ec977582a181f4a56d
2022-08-20,0.0,0.00,ft^3/s,Approved,[],2025-03-11T20:14:41.029928+00:00,4716a1279a5146ec977582a181f4a56d
2022-08-21,0.0,0.00,ft^3/s,Approved,[],2025-03-11T20:14:41.029928+00:00,4716a1279a5146ec977582a181f4a56d
2022-08-22,0.0,0.00,ft^3/s,Approved,[],2025-03-11T20:14:41.029928+00:00,4716a1279a5146ec977582a181f4a56d
2022-08-23,0.0,0.00,ft^3/s,Approved,[],2025-03-11T20:14:41.029928+00:00,4716a1279a5146ec977582a181f4a56d
2022-08-24,0.0,0.00,ft^3/s,Approved,[],2025-03-11T20:14:41.029928+00:00,4716a1279a5146ec977582a181f4a56d
2022-08-25,0.0,0.00,ft^3/s,Approved,[],2025-03-11T20:14:41.029928+00:00,4716a1279a5146ec977582a181f4a56d
2022-08-26,0.0,0.00,ft^3/s,Approved,[],2025-03-11T20:14:41.029928+00:00,4716a1279a5146ec977582a181f4a56d
2022-08-27,0.0,0.00,ft^3/s,Approved,[],2025-03-11T20:14:41.029928+00:00,4716a1279a5146ec977582a181f4a56d
2022-08-28,0.0,0.00,ft^3/s,Approved,[],2025-03-11T20:14:41.029928+00:00,4716a1279a5146ec977582a181f4a56d
2022-08-29,0.0,0.00,ft^3/s,Approved,[],2025-03-11T20:14:41.029928+00:00,4716a1279a5146ec977582a181f4a56d
2022-08-30,150.0,150,ft^3/s,Approved,[],2025-03-11T20:14:41.029928+00:00,4716a1279a5146ec977582a181f4a56d
2022-08-31,8.24,8.24,ft^3/s,Approved,[],2025-03-11T20:14:41.029928+00:00,4716a1279a5146ec977582a181f4a56d
2022-09-01,0.0,0.00,ft^3/s,Approved,[],2025-03-11T20:14:41.029928+00:00,4716a1279a5146ec977582a181f4a56d
2022-09-02,0.0,0.00,ft^3/s,Approved,[],2025-03-11T20:14:41.029928+00:00,4716a1279a5146ec977582a181f4a56d
2022-09-03,0.0,0.00,ft^3/s,Approved,[],2025-03-11T20:14:41.029928+00:00,4716a1279a5146ec977582a181f4a56d
2022-09-04,0.0,0.00,ft^3/s,Approved,[],2025-03-11T20:14:41.029928+00:00,4716a1279a5146ec977582a181f4a56d
2022-09-05,0.0,0.00,ft^3/s,Approved,[],2025-03-11T20:14:41.029928+00:00,4716a1279a5146ec977582a181f4a56d
2022-09-06,0.0,0.00,ft^3/s,Approved,[],2025-03-11T20:14:41.029928+00:00,4716a1279a5146ec977582a181f4a56d
2022-09-07,0.0,0.00,ft^3/s,Approved,[],2025-03-11T20:14:41.029928+00:00,4716a1279a5146ec977582a181f4a56d
2022-09-08,0.0,0.00,ft^3/s,Approved,[],2025-03-11T20:14:41.029928+00:00,4716a1279a5146ec977582a181f4a56d
2022-09-09,0.0,0.00,ft^3/s,Approved,[],2025-03-11T20:14:41.029928+00:00,4716a1279a5146ec977582a181f4a56d
2022-09-10,0.0,0.00,ft^3/s,Approved,[],2025-03-11T20:14:41.029928+00:00,4716a1279a5146ec977582a181f4a56d
2022-09-11,0.0,0.00,ft^3/s,Approved,[],2025-03-11T20:14:41.029928+00:00,4716a1279a5146ec977582a181f4a56d
2022-09-12,0.0,0.00,ft^3/s,Approved,[],2025-03-11T20:14:41.029928+00:00,4716a1279a5146ec977582a181f4a56d
2022-09-13,0.0,0.00,ft^3/s,Approved,[],2025-03-11T20:14:41.029928+00:00,4716a1279a5146ec977582a181f4a56d
2022-09-14,0.0,0.00,ft^3/s,Approved,[],2025-03-11T20:14:41.029928+00:00,4716a1279a5146ec977582a181f4a56d
2022-09-15,0.0,0.00,ft^3/s,Approved,[],2025-03-11T20:14:41.029928+00:00,4716a1279a5146ec977582a181f4a56d
2022-09-16,0.0,0.00,ft^3/s,Approved,[],2025-03-11T20:14:41.029928+00:00,4716a1279a5146ec977582a181f4a56d
2022-09-17,0.0,0.00,ft^3/s,Approved,[],2025-03-11T20:14:41.029928+00:00,4716a1279a5146ec977582a181f4a56d
2022-09-18,0.0,0.00,ft^3/s,Approved,[],2025-03-11T20:14:41.029928+00:00,4716a1279a5146ec977582a181f4a56d
2022-09-19,0.0,0.00,ft^3/s,Approved,[],2025-03-11T20:14:41.029928+00:00,4716a1279a5146ec977582a181f4a56d
2022-09-20,0.0,0.00,ft^3/s,Approved,[],2025-03-11T20:14:41.029928+00:00,4716a1279a5146ec977582a181f4a56d
2022-09-21,0.0,0.00,ft^3/s,Approved,[],2025-03-11T20:14:41.029928+00:00,4716a1279a5146ec977582a181f4a56d
2022-09-22,0.0,0.00,ft^3/s,Approved,[],2025-03-11T20:14:41.029928+00:00,4716a1279a5146ec977582a181f4a56d
2022-09-23,0.0,0.00,ft^3/s,Approved,[],2025-03-11T20:14:41.029928+00:00,4716a1279a5146ec977582a181f4a56d
2022-09-24,0.0,0.00,ft^3/s,Approved,[],2025-03-11T20:14:41.029928+00:00,4716a1279a5146ec977582a181f4a56d
2022-09-25,0.0,0.00,ft^3/s,Approved,[],2025-03-11T20:14:41.029928+00:00,4716a1279a5146ec977582a181f4a56d
2022-09-26,0.0,0.00,ft^3/s,Approved,[],2025-03-11T20:14:41.029928+00:00,4716a1279a5146ec977582a181f4a56d
2022-09-27,0.0,0.00,ft^3/s,Approved,[],2025-03-11T20:14:41.029928+00:00,4716a1279a5146ec977582a181f4a56d
2022-09-28,0.0,0.00,ft^3/s,Approved,[],2025-03-11T20:14:41.029928+00:00,4716a1279a5146ec977582a181f4a56d
2022-09-29,0.0,0.00,ft^3/s,Approved,[],2025-03-11T20:14:41.029928+00:00,4716a1279a5146ec977582a181f4a56d
2022-09-30,0.0,0.00,ft^3/s,Approved,[],2025-03-11T20:14:41.029928+00:00,4716a1279a5146ec977582a181f4a56d
2022-10-01,0.0,0.00,ft^3/s,Approved,[],2025-03-11T20:14:41.029928+00:00,4716a1279a5146ec977582a181f4a56d
2022-10-02,0.0,0.00,ft^3/s,Approved,[],2025-03-11T20:14:41.029928+00:00,4716a1279a5146ec977582a181f4a56d
2022-10-03,0.0,0.00,ft^3/s,Approved,[],2025-03-11T20:14:41.029928+00:00,4716a1279a5146ec977582a181f4a56d
2022-10-04,0.0,0.00,ft^3/s,Approved,[],2025-03-11T20:14:41.029928+00:00,4716a1279a5146ec977582a181f4a56d
2022-10-05,0.0,0.00,ft^3/s,Approved,[],2025-03-11T20:14:41.029928+00:00,4716a1279a5146ec977582a181f4a56d
2022-10-06,0.0,0.00,ft^3/s,Approved,[],2025-03-11T20:14:41.029928+00:00,4716a1279a5146ec977582a181f4a56d
2022-10-07,0.0,0.00,ft^3/s,Approved,[],2025-03-11T20:14:41.029928+00:00,4716a1279a5146ec977582a181f4a56d
2022-10-08,0.0,0.00,ft^3/s,Approved,[],2025-03-11T20:14:41.029928+00:00,4716a1279a5146ec977582a181f4a56d
2022-10-09,0.0,0.00,ft^3/s,Approved,[],2025-03-11T20:14:41.029928+00:00,4716a1279a5146ec977582a181f4a56d
2022-10-10,0.0,0.00,ft^3/s,Approved,[],2025-03-11T20:14:41.029928+00:00,4716a1279a5146ec977582a181f4a56d
2022-10-11,0.0,0.00,ft^3/s,Approved,[],2025-03-11T20:14:41.029928+00:00,4716a1279a5146ec977582a181f4a56d
2022-10-12,0.0,0.00,ft^3/s,Approved,[],2025-03-11T20:14:41.029928+00:00,4716a1279a5146ec977582a181f4a56d
2022-10-13,0.0,0.00,ft^3/s,Approved,[],2025-03-11T20:14:41.029928+00:00,4716a1279a5146ec977582a181f4a56d
2022-10-14,0.0,0.00,ft^3/s,Approved,[],2025-03-11T20:14:41.029928+00:00,4716a1279a5146ec977582a181f4a56d
2022-10-15,0.0,0.00,ft^3/s,Approved,[],2025-03-11T20:14:41.029928+00:00,4716a1279a5146ec977582a181f4a56d
2022-10-16,0.0,0.00,ft^3/s,Approved,[],2025-03-11T20:14:41.029928+00:00,4716a1279a5146ec977582a181f4a56d
2022-10-17,0.0,0.00,ft^3/s,Approved,[],2025-03-11T20:14:41.029928+00:00,4716a1279a5146ec977582a181f4a56d
2022-10-18,0.0,0.00,ft^3/s,Approved,[],2025-03-11T20:14:41.029928+00:00,4716a1279a5146ec977582a181f4a56d
2022-10-19,0.0,0.00,ft^3/s,Approved,[],2025-03-11T20:14:41.029928+00:00,4716a1279a5146ec977582a181f4a56d
2022-10-20,0.0,0.00,ft^3/s,Approved,[],2025-03-11T20:14:41.029928+00:00,4716a1279a5146ec977582a181f4a56d
2022-10-21,0.0,0.00,ft^3/s,Approved,[],2025-03-11T20:14:41.029928+00:00,4716a1279a5146ec977582a181f4a56d
2022-10-22,0.0,0.00,ft^3/s,Approved,[],2025-03-11T20:14:41.029928+00:00,4716a1279a5146ec977582a181f4a56d
2022-10-23,0.0,0.00,ft^3/s,Approved,[],2025-03-11T20:14:41.029928+00:00,4716a1279a5146ec977582a181f4a56d
2022-10-24,0.0,0.00,ft^3/s,Approved,[],2025-03-11T20:14:41.029928+00:00,4716a1279a5146ec977582a181f4a56d
2022-10-25,0.0,0.00,ft^3/s,Approved,[],2025-03-11T20:14:41.029928+00:00,4716a1279a5146ec977582a181f4a56d
2022-10-26,0.0,0.00,ft^3/s,Approved,[],2025-03-11T20:14:41.029928+00:00,4716a1279a5146ec977582a181f4a56d
2022-10-27,0.0,0.00,ft^3/s,Approved,[],2025-03-11T20:14:41.029928+00:00,4716a1279a5146ec977582a181f4a56d
2022-10-28,0.0,0.00,ft^3/s,Approved,[],2025-03-11T20:14:41.029928+00:00,4716a1279a5146ec977582a181f4a56d
2022-10-29,0.0,0.00,ft^3/s,Approved,[],2025-03-11T20:14:41.029928+00:00,4716a1279a5146ec977582a181f4a56d
2022-10-30,0.0,0.00,ft^3/s,Approved,[],2025-03-11T20:14:41.029928+00:00,4716a1279a5146ec977582a181f4a56d
2022-10-31,0.0,0.00,ft^3/s,Approved,[],2025-03-11T20:14:41.029928+00:00,4716a1279a5146ec977582a181f4a56d
2022-11-01,0.0,0.00,ft^3/s,Approved,[],2025-03-11T20:14:41.029928+00:00,4716a1279a5146ec977582a181f4a56d
2022-11-02,0.0,0.00,ft^3/s,Approved,[],2025-03-11T20:14:41.029928+00:00,4716a1279a5146ec977582a181f4a56d
2022-11-03,0.0,0.00,ft^3/s,Approved,[],2025-03-11T20:14:41.029928+00:00,4716a1279a5146ec977582a181f4a56d
2022-11-04,0.0,0.00,ft^3/s,Approved,[],2025-03-11T20:14:41.029928+00:00,4716a1279a5146ec977582a181f4a56d
2022-11-05,0.0,0.00,ft^3/s,Approved,[],2025-03-11T20:14:41.029928+00:00,4716a1279a5146ec977582a181f4a56d
2022-11-06,0.0,0.00,ft^3/s,Approved,[],2025-03-11T20:14:41.029928+00:00,4716a1279a5146ec977582a181f4a56d
2022-11-07,0.0,0.00,ft^3/s,Approved,[],2025-03-11T20:14:41.029928+00:00,4716a1279a5146ec977582a181f4a56d
2022-11-08,0.0,0.00,ft^3/s,Approved,[],2025-03-11T20:14:41.029928+00:00,4716a1279a5146ec977582a181f4a56d
2022-11-09,0.0,0.00,ft^3/s,Approved,[],2025-03-11T20:14:41.029928+00:00,4716a1279a5146ec977582a181f4a56d
2022-11-10,0.0,0.00,ft^3/s,Approved,[],2025-03-11T20:14:41.029928+00:00,4716a1279a5146ec977582a181f4a56d
2022-11-11,0.0,0.00,ft^3/s,Approved,[],2025-03-11T20:14:41.029928+00:00,4716a1279a5146ec977582a181f4a56d
2022-11-12,2.73,2.73,ft^3/s,Approved,[],2025-03-11T20:14:41.029928+00:00,4716a1279a5146ec977582a181f4a56d
2022-11-13,0.0,0.00,ft^3/s,Approved,[],2025-03-11T20:14:41.029928+00:00,4716a1279a5146ec977582a181f4a56d
2022-11-14,0.0,0.00,ft^3/s,Approved,[],2025-03-11T20:14:41.029928+00:00,4716a1279a5146ec977582a181f4a56d
2022-11-15,0.0,0.00,ft^3/s,Approved,[],2025-03-11T20:14:41.029928+00:00,4716a1279a5146ec977582a181f4a56d
2022-11-16,0.0,0.00,ft^3/s,Approved,[],2025-03-11T20:14:41.029928+00:00,4716a1279a5146ec977582a181f4a56d
2022-11-17,0.0,0.00,ft^3/s,Approved,[],2025-03-11T20:14:41.029928+00:00,4716a1279a5146ec977582a181f4a56d
2022-11-18,0.0,0.00,ft^3/s,Approved,[],2025-03-11T20:14:41.029928+00:00,4716a1279a5146ec977582a181f4a56d
2022-11-19,0.0,0.00,ft^3/s,Approved,[],2025-03-11T20:14:41.029928+00:00,4716a1279a5146ec977582a181f4a56d
2022-11-20,0.0,0.00,ft^3/s,Approved,[],2025-03-11T20:14:41.029928+00:00,4716a1279a5146ec977582a181f4a56d
2022-11-21,0.0,0.00,ft^3/s,Approved,[],2025-03-11T20:14:41.029928+00:00,4716a1279a5146ec977582a181f4a56d
2022-11-22,0.0,0.00,ft^3/s,Approved,[],2025-03-11T20:14:41.029928+00:00,4716a1279a5146ec977582a181f4a56d
2022-11-23,0.0,0.00,ft^3/s,Approved,[],2025-03-11T20:14:41.029928+00:00,4716a1279a5146ec977582a181f4a56d
2022-11-24,0.0,0.00,ft^3/s,Approved,[],2025-03-11T20:14:41.029928+00:00,4716a1279a5146ec977582a181f4a56d
2022-11-25,0.0,0.00,ft^3/s,Approved,[],2025-03-11T20:14:41.029928+00:00,4716a1279a5146ec977582a181f4a56d
2022-11-26,5.71,5.71,ft^3/s,Approved,[],2025-03-11T20:14:41.029928+00:00,4716a1279a5146ec977582a181f4a56d
2022-11-27,2.82,2.82,ft^3/s,Approved,[],2025-03-11T20:14:41.029928+00:00,4716a1279a5146ec977582a181f4a56d
2022-11-28,0.0,0.00,ft^3/s,Approved,[],2025-03-11T20:14:41.029928+00:00,4716a1279a5146ec977582a181f4a56d
2022-11-29,0.0,0.00,ft^3/s,Approved,[],2025-03-11T20:14:41.029928+00:00,4716a1279a5146ec977582a181f4a56d
2022-11-30,0.0,0.00,ft^3/s,Approved,[],2025-03-11T20:14:41.029928+00:00,4716a1279a5146ec977582a181f4a56d
2022-12-01,0.0,0.00,ft^3/s,Approved,[],2025-03-11T20:14:41.029928+00:00,4716a1279a5146ec977582a181f4a56d
2022-12-02,0.0,0.00,ft^3/s,Approved,[],2025-03-11T20:14:41.029928+00:00,4716a1279a5146ec977582a181f4a56d
2022-12-03,0.0,0.00,ft^3/s,Approved,[],2025-03-11T20:14:41.029928+00:00,4716a1279a5146ec977582a181f4a56d
2022-12-04,0.0,0.00,ft^3/s,Approved,[],2025-03-11T20:14:41.029928+00:00,4716a1279a5146ec977582a181f4a56d
2022-12-05,0.0,0.00,ft^3/s,Approved,[],2025-03-11T20:14:41.029928+00:00,4716a1279a5146ec977582a181f4a56d
2022-12-06,0.0,0.00,ft^3/s,Approved,[],2025-03-11T20:14:41.029928+00:00,4716a1279a5146ec977582a181f4a56d
2022-12-07,0.0,0.00,ft^3/s,Approved,[],2025-03-11T20:14:41.029928+00:00,4716a1279a5146ec977582a181f4a56d
2022-12-08,0.0,0.00,ft^3/s,Approved,[],2025-03-11T20:14:41.029928+00:00,4716a1279a5146ec977582a181f4a56d
2022-12-09,0.0,0.00,ft^3/s,Approved,[],2025-03-11T20:14:41.029928+00:00,4716a1279a5146ec977582a181f4a56d
2022-12-10,0.0,0.00,ft^3/s,Approved,[],2025-03-11T20:14:41.029928+00:00,4716a1279a5146ec977582a181f4a56d
2022-12-11,0.0,0.00,ft^3/s,Approved,[],2025-03-11T20:14:41.029928+00:00,4716a1279a5146ec977582a181f4a56d
2022-12-12,0.0,0.00,ft^3/s,Approved,[],2025-03-11T20:14:41.029928+00:00,4716a1279a5146ec977582a181f4a56d
2022-12-13,0.0,0.00,ft^3/s,Approved,[],2025-03-11T20:14:41.029928+00:00,4716a1279a5146ec977582a181f4a56d
2022-12-14,0.0,0.00,ft^3/s,Approved,[],2025-03-11T20:14:41.029928+00:00,4716a1279a5146ec977582a181f4a56d
2022-12-15,0.0,0.00,ft^3/s,Approved,[],2025-03-11T20:14:41.029928+00:00,4716a1279a5146ec977582a181f4a56d
2022-12-16,0.0,0.00,ft^3/s,Approved,[],2025-03-11T20:14:41.029928+00:00,4716a1279a5146ec977582a181f4a56d
2022-12-17,0.0,0.00,ft^3/s,Approved,[],2025-03-11T20:14:41.029928+00:00,4716a1279a5146ec977582a181f4a56d
2022-12-18,0.0,0.00,ft^3/s,Approved,[],2025-03-11T20:14:41.029928+00:00,4716a1279a5146ec977582a181f4a56d
2022-12-19,0.0,0.00,ft^3/s,Approved,[],2025-03-11T20:14:41.029928+00:00,4716a1279a5146ec977582a181f4a56d
2022-12-20,0.0,0.00,ft^3/s,Approved,[],2025-03-11T20:14:41.029928+00:00,4716a1279a5146ec977582a181f4a56d
2022-12-21,0.0,0.00,ft^3/s,Approved,[],2025-03-11T20:14:41.029928+00:00,4716a1279a5146ec977582a181f4a56d
2022-12-22,0.0,0.00,ft^3/s,Approved,[],2025-03-11T20:14:41.029928+00:00,4716a1279a5146ec977582a181f4a56d
2022-12-23,0.0,0.00,ft^3/s,Approved,[],2025-03-11T20:14:41.029928+00:00,4716a1279a5146ec977582a181f4a56d
2022-12-24,0.0,0.00,ft^3/s,Approved,[],2025-03-11T20:14:41.029928+00:00,4716a1279a5146ec977582a181f4a56d
2022-12-25,0.0,0.00,ft^3/s,Approved,[],2025-03-11T20:14:41.029928+00:00,4716a1279a5146ec977582a181f4a56d
2022-12-26,0.0,0.00,ft^3/s,Approved,[],2025-03-11T20:14:41.029928+00:00,4716a1279a5146ec977582a181f4a56d
2022-12-27,0.0,0.00,ft^3/s,Approved,[],2025-03-11T20:14:41.029928+00:00,4716a1279a5146ec977582a181f4a56d
2022-12-28,0.0,0.00,ft^3/s,Approved,[],2025-03-11T20:14:41.029928+00:00,4716a1279a5146ec977582a181f4a56d
2022-12-29,0.0,0.00,ft^3/s,Approved,[],2025-03-11T20:14:41.029928+00:00,4716a1279a5146ec977582a181f4a56d
2022-12-30,0.0,0.00,ft^3/s,Approved,[],2025-03-11T20:14:41.029928+00:00,4716a1279a5146ec977582a181f4a56d
2022-12-31,0.0,0.00,ft^3/s,Approved,[],2025-03-11T20:14:41.029928+00:00,4716a1279a5146ec977582a181f4a56d
2023-01-01,0.0,0.00,ft^3/s,Approved,[],2025-03-11T20:14:41.029928+00:00,4716a1279a5146ec977582a181f4a56d
2023-01-02,0.0,0.00,ft^3/s,Approved,[],2025-03-11T20:14:41.029928+00:00,4716a1279a5146ec977582a181f4a56d
2023-01-03,0.0,0.00,ft^3/s,Approved,[],2025-03-11T20:14:41.029928+00:00,4716a1279a5146ec977582a181f4a56d
2023-01-04,0.0,0.00,ft^3/s,Approved,[],2025-03-11T20:14:41.029928+00:00,4716a1279a5146ec977582a181f4a56d
2023-01-05,0.0,0.00,ft^3/s,Approved,[],2025-03-11T20:14:41.029928+00:00,4716a1279a5146ec977582a181f4a56d
2023-01-06,0.0,0.00,ft^3/s,Approved,[],2025-03-11T20:14:41.029928+00:00,4716a1279a5146ec977582a181f4a56d
2023-01-07,0.0,0.00,ft^3/s,Approved,[],2025-03-11T20:14:41.029928+00:00,4716a1279a5146ec977582a181f4a56d
2023-01-08,0.0,0.00,ft^3/s,Approved,[],2025-03-11T20:14:41.029928+00:00,4716a1279a5146ec977582a181f4a56d
2023-01-09,0.0,0.00,ft^3/s,Approved,[],2025-03-11T20:14:41.029928+00:00,4716a1279a5146ec977582a181f4a56d
2023-01-10,0.0,0.00,ft^3/s,Approved,[],2025-03-11T20:14:41.029928+00:00,4716a1279a5146ec977582a181f4a56d
2023-01-11,0.0,0.00,ft^3/s,Approved,[],2025-03-11T20:14:41.029928+00:00,4716a1279a5146ec977582a181f4a56d
2023-01-12,0.0,0.00,ft^3/s,Approved,[],2025-03-11T20:14:41.029928+00:00,4716a1279a5146ec977582a181f4a56d
2023-01-13,0.0,0.00,ft^3/s,Approved,[],2025-03-11T20:14:41.029928+00:00,4716a1279a5146ec977582a181f4a56d
2023-01-14,0.0,0.00,ft^3/s,Approved,[],2025-03-11T20:14:41.029928+00:00,4716a1279a5146ec977582a181f4a56d
2023-01-15,0.0,0.00,ft^3/s,Approved,[],2025-03-11T20:14:41.029928+00:00,4716a1279a5146ec977582a181f4a56d
2023-01-16,0.0,0.00,ft^3/s,Approved,[],2025-03-11T20:14:41.029928+00:00,4716a1279a5146ec977582a181f4a56d
2023-01-17,0.0,0.00,ft^3/s,Approved,[],2025-03-11T20:14:41.029928+00:00,4716a1279a5146ec977582a181f4a56d
2023-01-18,0.0,0.00,ft^3/s,Approved,[],2025-03-11T20:14:41.029928+00:00,4716a1279a5146ec977582a181f4a56d
2023-01-19,0.0,0.00,ft^3/s,Approved,[],2025-03-11T20:14:41.029928+00:00,4716a1279a5146ec977582a181f4a56d
2023-01-20,0.0,0.00,ft^3/s,Approved,[],2025-03-11T20:14:41.029928+00:00,4716a1279a5146ec977582a181f4a56d
2023-01-21,0.0,0.00,ft^3/s,Approved,[],2025-03-11T20:14:41.029928+00:00,4716a1279a5146ec977582a181f4a56d
2023-01-22,0.0,0.00,ft^3/s,Approved,[],2025-03-11T20:14:41.029928+00:00,4716a1279a5146ec977582a181f4a56d
2023-01-23,0.0,0.00,ft^3/s,Approved,[],2025-03-11T20:14:41.029928+00:00,4716a1279a5146ec977582a181f4a56d
2023-01-24,0.0,0.00,ft^3/s,Approved,[],2025-03-11T20:14:41.029928+00:00,4716a1279a5146ec977582a181f4a56d
2023-01-25,0.0,0.00,ft^3/s,Approved,[],2025-03-11T20:14:41.029928+00:00,4716a1279a5146ec977582a181f4a56d
2023-01-26,0.0,0.00,ft^3/s,Approved,[],2025-03-11T20:14:41.029928+00:00,4716a1279a5146ec977582a181f4a56d
2023-01-27,0.0,0.00,ft^3/s,Approved,[],2025-03-11T20:14:41.029928+00:00,4716a1279a5146ec977582a181f4a56d
2023-01-28,0.0,0.00,ft^3/s,Approved,[],2025-03-11T20:14:41.029928+00:00,4716a1279a5146ec977582a181f4a56d
2023-01-29,0.0,0.00,ft^3/s,Approved,[],2025-03-11T20:14:41.029928+00:00,4716a1279a5146ec977582a181f4a56d
2023-01-30,0.0,0.00,ft^3/s,Approved,[],2025-03-11T20:14:41.029928+00:00,4716a1279a5146ec977582a181f4a56d
2023-01-31,0.0,0.00,ft^3/s,Approved,[],2025-03-11T20:14:41.029928+00:00,4716a1279a5146ec977582a181f4a56d
2023-02-01,0.0,0.00,ft^3/s,Approved,"[""EQUIP"", ""UNAVAIL""]",2025-03-11T20:14:41.029928+00:00,4716a1279a5146ec977582a181f4a56d
2023-02-02,3.2,3.20,ft^3/s,Approved,"[""UNAVAIL""]",2025-08-29T15:46:18.318903+00:00,4716a1279a5146ec977582a181f4a56d
2023-02-03,4.25,4.25,ft^3/s,Approved,[],2025-08-29T15:46:18.318903+00:00,4716a1279a5146ec977582a181f4a56d
2023-02-04,0.01,0.01,ft^3/s,Approved,[],2025-03-11T20:14:41.029928+00:00,4716a1279a5146ec977582a181f4a56d
2023-02-05,0.0,0.00,ft^3/s,Approved,[],2025-03-11T20:14:41.029928+00:00,4716a1279a5146ec977582a181f4a56d
2023-02-06,0.0,0.00,ft^3/s,Approved,[],2025-03-11T20:14:41.029928+00:00,4716a1279a5146ec977582a181f4a56d
2023-02-07,0.0,0.00,ft^3/s,Approved,[],2025-03-11T20:14:41.029928+00:00,4716a1279a5146ec977582a181f4a56d
2023-02-08,0.0,0.00,ft^3/s,Approved,[],2025-03-11T20:14:41.029928+00:00,4716a1279a5146ec977582a181f4a56d
2023-02-09,0.2,0.20,ft^3/s,Approved,[],2025-03-11T20:14:41.029928+00:00,4716a1279a5146ec977582a181f4a56d
2023-02-10,0.0,0.00,ft^3/s,Approved,[],2025-03-11T20:14:41.029928+00:00,4716a1279a5146ec977582a181f4a56d
2023-02-11,0.0,0.00,ft^3/s,Approved,[],2025-03-11T20:14:41.029928+00:00,4716a1279a5146ec977582a181f4a56d
2023-02-12,0.0,0.00,ft^3/s,Approved,[],2025-03-11T20:14:41.029928+00:00,4716a1279a5146ec977582a181f4a56d
2023-02-13,0.0,0.00,ft^3/s,Approved,[],2025-03-11T20:14:41.029928+00:00,4716a1279a5146ec977582a181f4a56d
2023-02-14,0.0,0.00,ft^3/s,Approved,[],2025-03-11T20:14:41.029928+00:00,4716a1279a5146ec977582a181f4a56d
2023-02-15,0.0,0.00,ft^3/s,Approved,[],2025-03-11T20:14:41.029928+00:00,4716a1279a5146ec977582a181f4a56d
2023-02-16,0.0,0.00,ft^3/s,Approved,[],2025-03-11T20:14:41.029928+00:00,4716a1279a5146ec977582a181f4a56d
2023-02-17,0.0,0.00,ft^3/s,Approved,[],2025-03-11T20:14:41.029928+00:00,4716a1279a5146ec977582a181f4a56d
2023-02-18,0.0,0.00,ft^3/s,Approved,[],2025-03-11T20:14:41.029928+00:00,4716a1279a5146ec977582a181f4a56d
2023-02-19,0.0,0.00,ft^3/s,Approved,[],2025-03-11T20:14:41.029928+00:00,4716a1279a5146ec977582a181f4a56d
2023-02-20,0.0,0.00,ft^3/s,Approved,[],2025-03-11T20:14:41.029928+00:00,4716a1279a5146ec977582a181f4a56d
2023-02-21,0.0,0.00,ft^3/s,Approved,[],2025-03-11T20:14:41.029928+00:00,4716a1279a5146ec977582a181f4a56d
2023-02-22,0.0,0.00,ft^3/s,Approved,[],2025-03-11T20:14:41.029928+00:00,4716a1279a5146ec977582a181f4a56d
2023-02-23,0.0,0.00,ft^3/s,Approved,[],2025-03-11T20:14:41.029928+00:00,4716a1279a5146ec977582a181f4a56d
2023-02-24,0.0,0.00,ft^3/s,Approved,[],2025-03-11T20:14:41.029928+00:00,4716a1279a5146ec977582a181f4a56d
2023-02-25,0.0,0.00,ft^3/s,Approved,[],2025-03-11T20:14:41.029928+00:00,4716a1279a5146ec977582a181f4a56d
2023-02-26,0.0,0.00,ft^3/s,Approved,[],2025-03-11T20:14:41.029928+00:00,4716a1279a5146ec977582a181f4a56d
2023-02-27,0.0,0.00,ft^3/s,Approved,[],2025-03-11T20:14:41.029928+00:00,4716a1279a5146ec977582a181f4a56d
2023-02-28,0.0,0.00,ft^3/s,Approved,[],2025-03-11T20:14:41.029928+00:00,4716a1279a5146ec977582a181f4a56d
2023-03-01,0.0,0.00,ft^3/s,Approved,[],2025-03-11T20:14:41.029928+00:00,4716a1279a5146ec977582a181f4a56d
2023-03-02,0.0,0.00,ft^3/s,Approved,[],2025-03-11T20:14:41.029928+00:00,4716a1279a5146ec977582a181f4a56d
2023-03-03,0.0,0.00,ft^3/s,Approved,[],2025-03-11T20:14:41.029928+00:00,4716a1279a5146ec977582a181f4a56d
2023-03-04,0.0,0.00,ft^3/s,Approved,[],2025-03-11T20:14:41.029928+00:00,4716a1279a5146ec977582a181f4a56d
2023-03-05,0.0,0.00,ft^3/s,Approved,[],2025-03-11T20:14:41.029928+00:00,4716a1279a5146ec977582a181f4a56d
2023-03-06,0.0,0.00,ft^3/s,Approved,[],2025-03-11T20:14:41.029928+00:00,4716a1279a5146ec977582a181f4a56d
2023-03-07,0.0,0.00,ft^3/s,Approved,[],2025-03-11T20:14:41.029928+00:00,4716a1279a5146ec977582a181f4a56d
2023-03-08,0.0,0.00,ft^3/s,Approved,[],2025-03-11T20:14:41.029928+00:00,4716a1279a5146ec977582a181f4a56d
2023-03-09,0.0,0.00,ft^3/s,Approved,[],2025-03-11T20:14:41.029928+00:00,4716a1279a5146ec977582a181f4a56d
2023-03-10,0.0,0.00,ft^3/s,Approved,[],2025-03-11T20:14:41.029928+00:00,4716a1279a5146ec977582a181f4a56d
2023-03-11,0.0,0.00,ft^3/s,Approved,[],2025-03-11T20:14:41.029928+00:00,4716a1279a5146ec977582a181f4a56d
2023-03-12,0.0,0.00,ft^3/s,Approved,[],2025-03-11T20:14:41.029928+00:00,4716a1279a5146ec977582a181f4a56d
2023-03-13,0.0,0.00,ft^3/s,Approved,[],2025-03-11T20:14:41.029928+00:00,4716a1279a5146ec977582a181f4a56d
2023-03-14,0.0,0.00,ft^3/s,Approved,[],2025-03-11T20:14:41.029928+00:00,4716a1279a5146ec977582a181f4a56d
2023-03-15,0.0,0.00,ft^3/s,Approved,[],2025-03-11T20:14:41.029928+00:00,4716a1279a5146ec977582a181f4a56d
2023-03-16,0.0,0.00,ft^3/s,Approved,[],2025-03-11T20:14:41.029928+00:00,4716a1279a5146ec977582a181f4a56d
2023-03-17,0.0,0.00,ft^3/s,Approved,[],2025-03-11T20:14:41.029928+00:00,4716a1279a5146ec977582a181f4a56d
2023-03-18,0.0,0.00,ft^3/s,Approved,[],2025-03-11T20:14:41.029928+00:00,4716a1279a5146ec977582a181f4a56d
2023-03-19,0.0,0.00,ft^3/s,Approved,[],2025-03-11T20:14:41.029928+00:00,4716a1279a5146ec977582a181f4a56d
2023-03-20,0.0,0.00,ft^3/s,Approved,[],2025-03-11T20:14:41.029928+00:00,4716a1279a5146ec977582a181f4a56d
2023-03-21,0.0,0.00,ft^3/s,Approved,[],2025-03-11T20:14:41.029928+00:00,4716a1279a5146ec977582a181f4a56d
2023-03-22,0.0,0.00,ft^3/s,Approved,[],2025-03-11T20:14:41.029928+00:00,4716a1279a5146ec977582a181f4a56d
2023-03-23,0.0,0.00,ft^3/s,Approved,[],2025-03-11T20:14:41.029928+00:00,4716a1279a5146ec977582a181f4a56d
2023-03-24,0.0,0.00,ft^3/s,Approved,[],2025-03-11T20:14:41.029928+00:00,4716a1279a5146ec977582a181f4a56d
2023-03-25,0.0,0.00,ft^3/s,Approved,[],2025-03-11T20:14:41.029928+00:00,4716a1279a5146ec977582a181f4a56d
2023-03-26,0.0,0.00,ft^3/s,Approved,[],2025-03-11T20:14:41.029928+00:00,4716a1279a5146ec977582a181f4a56d
2023-03-27,0.0,0.00,ft^3/s,Approved,[],2025-03-11T20:14:41.029928+00:00,4716a1279a5146ec977582a181f4a56d
2023-03-28,0.0,0.00,ft^3/s,Approved,[],2025-03-11T20:14:41.029928+00:00,4716a1279a5146ec977582a181f4a56d
2023-03-29,0.0,0.00,ft^3/s,Approved,[],2025-03-11T20:14:41.029928+00:00,4716a1279a5146ec977582a181f4a56d
2023-03-30,0.0,0.00,ft^3/s,Approved,[],2025-03-11T20:14:41.029928+00:00,4716a1279a5146ec977582a181f4a56d
2023-03-31,0.0,0.00,ft^3/s,Approved,[],2025-03-11T20:14:41.029928+00:00,4716a1279a5146ec977582a181f4a56d
2023-04-01,0.0,0.00,ft^3/s,Approved,[],2025-03-11T20:14:41.029928+00:00,4716a1279a5146ec977582a181f4a56d
2023-04-02,0.0,0.00,ft^3/s,Approved,[],2025-03-11T20:14:41.029928+00:00,4716a1279a5146ec977582a181f4a56d
2023-04-03,0.0,0.00,ft^3/s,Approved,[],2025-03-11T20:14:41.029928+00:00,4716a1279a5146ec977582a181f4a56d
2023-04-04,0.0,0.00,ft^3/s,Approved,[],2025-03-11T20:14:41.029928+00:00,4716a1279a5146ec977582a181f4a56d
2023-04-05,0.0,0.00,ft^3/s,Approved,[],2025-03-11T20:14:41.029928+00:00,4716a1279a5146ec977582a181f4a56d
2023-04-06,0.0,0.00,ft^3/s,Approved,[],2025-03-11T20:14:41.029928+00:00,4716a1279a5146ec977582a181f4a56d
2023-04-07,0.0,0.00,ft^3/s,Approved,[],2025-03-11T20:14:41.029928+00:00,4716a1279a5146ec977582a181f4a56d
2023-04-08,0.0,0.00,ft^3/s,Approved,[],2025-03-11T20:14:41.029928+00:00,4716a1279a5146ec977582a181f4a56d
2023-04-09,0.0,0.00,ft^3/s,Approved,[],2025-03-11T20:14:41.029928+00:00,4716a1279a5146ec977582a181f4a56d
2023-04-10,0.0,0.00,ft^3/s,Approved,[],2025-03-11T20:14:41.029928+00:00,4716a1279a5146ec977582a181f4a56d
2023-04-11,0.0,0.00,ft^3/s,Approved,[],2025-03-11T20:14:41.029928+00:00,4716a1279a5146ec977582a181f4a56d
2023-04-12,0.0,0.00,ft^3/s,Approved,[],2025-03-11T20:14:41.029928+00:00,4716a1279a5146ec977582a181f4a56d
2023-04-13,0.0,0.00,ft^3/s,Approved,[],2025-03-11T20:14:41.029928+00:00,4716a1279a5146ec977582a181f4a56d
2023-04-14,0.0,0.00,ft^3/s,Approved,[],2025-03-11T20:14:41.029928+00:00,4716a1279a5146ec977582a181f4a56d
2023-04-15,0.0,0.00,ft^3/s,Approved,[],2025-03-11T20:14:41.029928+00:00,4716a1279a5146ec977582a181f4a56d
2023-04-16,0.0,0.00,ft^3/s,Approved,[],2025-03-11T20:14:41.029928+00:00,4716a1279a5146ec977582a181f4a56d
2023-04-17,0.0,0.00,ft^3/s,Approved,[],2025-03-11T20:14:41.029928+00:00,4716a1279a5146ec977582a181f4a56d
2023-04-18,0.0,0.00,ft^3/s,Approved,[],2025-03-11T20:14:41.029928+00:00,4716a1279a5146ec977582a181f4a56d
2023-04-19,0.0,0.00,ft^3/s,Approved,[],2025-03-11T20:14:41.029928+00:00,4716a1279a5146ec977582a181f4a56d
2023-04-20,0.0,0.00,ft^3/s,Approved,[],2025-03-11T20:14:41.029928+00:00,4716a1279a5146ec977582a181f4a56d
2023-04-21,11.4,11.4,ft^3/s,Approved,[],2025-03-11T20:14:41.029928+00:00,4716a1279a5146ec977582a181f4a56d
2023-04-22,0.21,0.21,ft^3/s,Approved,[],2025-03-11T20:14:41.029928+00:00,4716a1279a5146ec977582a181f4a56d
2023-04-23,0.0,0.00,ft^3/s,Approved,[],2025-03-11T20:14:41.029928+00:00,4716a1279a5146ec977582a181f4a56d
2023-04-24,0.0,0.00,ft^3/s,Approved,[],2025-03-11T20:14:41.029928+00:00,4716a1279a5146ec977582a181f4a56d
2023-04-25,0.0,0.00,ft^3/s,Approved,[],2025-03-11T20:14:41.029928+00:00,4716a1279a5146ec977582a181f4a56d
2023-04-26,0.0,0.00,ft^3/s,Approved,[],2025-03-11T20:14:41.029928+00:00,4716a1279a5146ec977582a181f4a56d
2023-04-27,0.02,0.02,ft^3/s,Approved,[],2025-03-11T20:14:41.029928+00:00,4716a1279a5146ec977582a181f4a56d
2023-04-28,1.57,1.57,ft^3/s,Approved,[],2025-03-11T20:14:41.029928+00:00,4716a1279a5146ec977582a181f4a56d
2023-04-29,2.48,2.48,ft^3/s,Approved,[],2025-03-11T20:14:41.029928+00:00,4716a1279a5146ec977582a181f4a56d
2023-04-30,0.59,0.59,ft^3/s,Approved,[],2025-03-11T20:14:41.029928+00:00,4716a1279a5146ec977582a181f4a56d
2023-05-01,0.07,0.07,ft^3/s,Approved,[],2025-03-11T20:14:41.029928+00:00,4716a1279a5146ec977582a181f4a56d
2023-05-02,0.01,0.01,ft^3/s,Approved,[],2025-03-11T20:14:41.029928+00:00,4716a1279a5146ec977582a181f4a56d
2023-05-03,0.01,0.01,ft^3/s,Approved,[],2025-03-11T20:14:41.029928+00:00,4716a1279a5146ec977582a181f4a56d
2023-05-04,0.01,0.01,ft^3/s,Approved,[],2025-03-11T20:14:41.029928+00:00,4716a1279a5146ec977582a181f4a56d
2023-05-05,0.0,0.00,ft^3/s,Approved,[],2025-03-11T20:14:41.029928+00:00,4716a1279a5146ec977582a181f4a56d
2023-05-06,0.0,0.00,ft^3/s,Approved,[],2025-03-11T20:14:41.029928+00:00,4716a1279a5146ec977582a181f4a56d
2023-05-07,0.0,0.00,ft^3/s,Approved,[],2025-03-11T20:14:41.029928+00:00,4716a1279a5146ec977582a181f4a56d
2023-05-08,0.0,0.00,ft^3/s,Approved,[],2025-03-11T20:14:41.029928+00:00,4716a1279a5146ec977582a181f4a56d
2023-05-09,0.0,0.00,ft^3/s,Approved,[],2025-03-11T20:14:41.029928+00:00,4716a1279a5146ec977582a181f4a56d
2023-05-10,0.0,0.00,ft^3/s,Approved,[],2025-03-11T20:14:41.029928+00:00,4716a1279a5146ec977582a181f4a56d
2023-05-11,0.0,0.00,ft^3/s,Approved,[],2025-03-11T20:14:41.029928+00:00,4716a1279a5146ec977582a181f4a56d
2023-05-12,0.0,0.00,ft^3/s,Approved,[],2025-03-11T20:14:41.029928+00:00,4716a1279a5146ec977582a181f4a56d
2023-05-13,0.0,0.00,ft^3/s,Approved,[],2025-03-11T20:14:41.029928+00:00,4716a1279a5146ec977582a181f4a56d
2023-05-14,0.0,0.00,ft^3/s,Approved,[],2025-03-11T20:14:41.029928+00:00,4716a1279a5146ec977582a181f4a56d
2023-05-15,0.0,0.00,ft^3/s,Approved,[],2025-03-11T20:14:41.029928+00:00,4716a1279a5146ec977582a181f4a56d
2023-05-16,0.0,0.00,ft^3/s,Approved,[],2025-03-11T20:14:41.029928+00:00,4716a1279a5146ec977582a181f4a56d
2023-05-17,0.0,0.00,ft^3/s,Approved,[],2025-03-11T20:14:41.029928+00:00,4716a1279a5146ec977582a181f4a56d
2023-05-18,0.0,0.00,ft^3/s,Approved,[],2025-03-11T20:14:41.029928+00:00,4716a1279a5146ec977582a181f4a56d
2023-05-19,0.0,0.00,ft^3/s,Approved,[],2025-03-11T20:14:41.029928+00:00,4716a1279a5146ec977582a181f4a56d
2023-05-20,0.0,0.00,ft^3/s,Approved,[],2025-03-11T20:14:41.029928+00:00,4716a1279a5146ec977582a181f4a56d
2023-05-21,0.0,0.00,ft^3/s,Approved,[],2025-03-11T20:14:41.029928+00:00,4716a1279a5146ec977582a181f4a56d
2023-05-22,0.0,0.00,ft^3/s,Approved,[],2025-03-11T20:14:41.029928+00:00,4716a1279a5146ec977582a181f4a56d
2023-05-23,0.0,0.00,ft^3/s,Approved,[],2025-03-11T20:14:41.029928+00:00,4716a1279a5146ec977582a181f4a56d
2023-05-24,0.0,0.00,ft^3/s,Approved,[],2025-03-11T20:14:41.029928+00:00,4716a1279a5146ec977582a181f4a56d
2023-05-25,0.0,0.00,ft^3/s,Approved,[],2025-03-11T20:14:41.029928+00:00,4716a1279a5146ec977582a181f4a56d
2023-05-26,0.0,0.00,ft^3/s,Approved,[],2025-03-11T20:14:41.029928+00:00,4716a1279a5146ec977582a181f4a56d
2023-05-27,0.0,0.00,ft^3/s,Approved,[],2025-03-11T20:14:41.029928+00:00,4716a1279a5146ec977582a181f4a56d
2023-05-28,0.0,0.00,ft^3/s,Approved,[],2025-03-11T20:14:41.029928+00:00,4716a1279a5146ec977582a181f4a56d
2023-05-29,0.0,0.00,ft^3/s,Approved,[],2025-03-11T20:14:41.029928+00:00,4716a1279a5146ec977582a181f4a56d
2023-05-30,0.0,0.00,ft^3/s,Approved,[],2025-03-11T20:14:41.029928+00:00,4716a1279a5146ec977582a181f4a56d
2023-05-31,0.0,0.00,ft^3/s,Approved,[],2025-03-11T20:14:41.029928+00:00,4716a1279a5146ec977582a181f4a56d
2023-06-01,0.0,0.00,ft^3/s,Approved,[],2025-03-11T20:14:41.029928+00:00,4716a1279a5146ec977582a181f4a56d
2023-06-02,0.0,0.00,ft^3/s,Approved,[],2025-03-11T20:14:41.029928+00:00,4716a1279a5146ec977582a181f4a56d
2023-06-03,0.0,0.00,ft^3/s,Approved,[],2025-03-11T20:14:41.029928+00:00,4716a1279a5146ec977582a181f4a56d
2023-06-04,0.0,0.00,ft^3/s,Approved,[],2025-03-11T20:14:41.029928+00:00,4716a1279a5146ec977582a181f4a56d
2023-06-05,0.0,0.00,ft^3/s,Approved,[],2025-03-11T20:14:41.029928+00:00,4716a1279a5146ec977582a181f4a56d
2023-06-06,0.0,0.00,ft^3/s,Approved,[],2025-03-11T20:14:41.029928+00:00,4716a1279a5146ec977582a181f4a56d
2023-06-07,0.0,0.00,ft^3/s,Approved,[],2025-03-11T20:14:41.029928+00:00,4716a1279a5146ec977582a181f4a56d
2023-06-08,0.0,0.00,ft^3/s,Approved,[],2025-03-11T20:14:41.029928+00:00,4716a1279a5146ec977582a181f4a56d
2023-06-09,0.0,0.00,ft^3/s,Approved,[],2025-03-11T20:14:41.029928+00:00,4716a1279a5146ec977582a181f4a56d
2023-06-10,0.0,0.00,ft^3/s,Approved,[],2025-03-11T20:14:41.029928+00:00,4716a1279a5146ec977582a181f4a56d
2023-06-11,0.0,0.00,ft^3/s,Approved,[],2025-03-11T20:14:41.029928+00:00,4716a1279a5146ec977582a181f4a56d
2023-06-12,0.0,0.00,ft^3/s,Approved,[],2025-03-11T20:14:41.029928+00:00,4716a1279a5146ec977582a181f4a56d
2023-06-13,0.0,0.00,ft^3/s,Approved,[],2025-03-11T20:14:41.029928+00:00,4716a1279a5146ec977582a181f4a56d
2023-06-14,0.0,0.00,ft^3/s,Approved,[],2025-03-11T20:14:41.029928+00:00,4716a1279a5146ec977582a181f4a56d
2023-06-15,0.0,0.00,ft^3/s,Approved,[],2025-03-11T20:14:41.029928+00:00,4716a1279a5146ec977582a181f4a56d
2023-06-16,0.0,0.00,ft^3/s,Approved,[],2025-03-11T20:14:41.029928+00:00,4716a1279a5146ec977582a181f4a56d
2023-06-17,0.0,0.00,ft^3/s,Approved,[],2025-03-11T20:14:41.029928+00:00,4716a1279a5146ec977582a181f4a56d
2023-06-18,0.0,0.00,ft^3/s,Approved,[],2025-03-11T20:14:41.029928+00:00,4716a1279a5146ec977582a181f4a56d
2023-06-19,0.0,0.00,ft^3/s,Approved,[],2025-03-11T20:14:41.029928+00:00,4716a1279a5146ec977582a181f4a56d
2023-06-20,0.0,0.00,ft^3/s,Approved,[],2025-03-11T20:14:41.029928+00:00,4716a1279a5146ec977582a181f4a56d
2023-06-21,0.0,0.00,ft^3/s,Approved,[],2025-03-11T20:14:41.029928+00:00,4716a1279a5146ec977582a181f4a56d
2023-06-22,0.0,0.00,ft^3/s,Approved,[],2025-03-11T20:14:41.029928+00:00,4716a1279a5146ec977582a181f4a56d
2023-06-23,0.0,0.00,ft^3/s,Approved,[],2025-03-11T20:14:41.029928+00:00,4716a1279a5146ec977582a181f4a56d
2023-06-24,0.0,0.00,ft^3/s,Approved,[],2025-03-11T20:14:41.029928+00:00,4716a1279a5146ec977582a181f4a56d
2023-06-25,0.0,0.00,ft^3/s,Approved,[],2025-03-11T20:14:41.029928+00:00,4716a1279a5146ec977582a181f4a56d
2023-06-26,0.0,0.00,ft^3/s,Approved,[],2025-03-11T20:14:41.029928+00:00,4716a1279a5146ec977582a181f4a56d
2023-06-27,0.0,0.00,ft^3/s,Approved,[],2025-03-11T20:14:41.029928+00:00,4716a1279a5146ec977582a181f4a56d
2023-06-28,0.0,0.00,ft^3/s,Approved,[],2025-03-11T20:14:41.029928+00:00,4716a1279a5146ec977582a181f4a56d
2023-06-29,0.0,0.00,ft^3/s,Approved,[],2025-03-11T20:14:41.029928+00:00,4716a1279a5146ec977582a181f4a56d
2023-06-30,0.0,0.00,ft^3/s,Approved,[],2025-03-11T20:14:41.029928+00:00,4716a1279a5146ec977582a181f4a56d
2023-07-01,0.0,0.00,ft^3/s,Approved,[],2025-03-11T20:14:41.029928+00:00,4716a1279a5146ec977582a181f4a56d
2023-07-02,0.0,0.00,ft^3/s,Approved,[],2025-03-11T20:14:41.029928+00:00,4716a1279a5146ec977582a181f4a56d
2023-07-03,0.0,0.00,ft^3/s,Approved,[],2025-03-11T20:14:41.029928+00:00,4716a1279a5146ec977582a181f4a56d
2023-07-04,0.0,0.00,ft^3/s,Approved,[],2025-03-11T20:14:41.029928+00:00,4716a1279a5146ec977582a181f4a56d
2023-07-05,0.0,0.00,ft^3/s,Approved,[],2025-03-11T20:14:41.029928+00:00,4716a1279a5146ec977582a181f4a56d
2023-07-06,0.0,0.00,ft^3/s,Approved,[],2025-03-11T20:14:41.029928+00:00,4716a1279a5146ec977582a181f4a56d
2023-07-07,0.0,0.00,ft^3/s,Approved,[],2025-03-11T20:14:41.029928+00:00,4716a1279a5146ec977582a181f4a56d
2023-07-08,0.0,0.00,ft^3/s,Approved,[],2025-03-11T20:14:41.029928+00:00,4716a1279a5146ec977582a181f4a56d
2023-07-09,0.0,0.00,ft^3/s,Approved,[],2025-03-11T20:14:41.029928+00:00,4716a1279a5146ec977582a181f4a56d
2023-07-10,0.0,0.00,ft^3/s,Approved,[],2025-03-11T20:14:41.029928+00:00,4716a1279a5146ec977582a181f4a56d
2023-07-11,0.0,0.00,ft^3/s,Approved,[],2025-03-11T20:14:41.029928+00:00,4716a1279a5146ec977582a181f4a56d
2023-07-12,0.0,0.00,ft^3/s,Approved,[],2025-03-11T20:14:41.029928+00:00,4716a1279a5146ec977582a181f4a56d
2023-07-13,0.0,0.00,ft^3/s,Approved,[],2025-03-11T20:14:41.029928+00:00,4716a1279a5146ec977582a181f4a56d
2023-07-14,0.0,0.00,ft^3/s,Approved,[],2025-03-11T20:14:41.029928+00:00,4716a1279a5146ec977582a181f4a56d
2023-07-15,0.0,0.00,ft^3/s,Approved,[],2025-03-11T20:14:41.029928+00:00,4716a1279a5146ec977582a181f4a56d
2023-07-16,0.0,0.00,ft^3/s,Approved,[],2025-03-11T20:14:41.029928+00:00,4716a1279a5146ec977582a181f4a56d
2023-07-17,0.0,0.00,ft^3/s,Approved,[],2025-03-11T20:14:41.029928+00:00,4716a1279a5146ec977582a181f4a56d
2023-07-18,0.0,0.00,ft^3/s,Approved,[],2025-03-11T20:14:41.029928+00:00,4716a1279a5146ec977582a181f4a56d
2023-07-19,0.0,0.00,ft^3/s,Approved,[],2025-03-11T20:14:41.029928+00:00,4716a1279a5146ec977582a181f4a56d
2023-07-20,0.0,0.00,ft^3/s,Approved,[],2025-03-11T20:14:41.029928+00:00,4716a1279a5146ec977582a181f4a56d
2023-07-21,0.0,0.00,ft^3/s,Approved,[],2025-03-11T20:14:41.029928+00:00,4716a1279a5146ec977582a181f4a56d
2023-07-22,0.0,0.00,ft^3/s,Approved,[],2025-03-11T20:14:41.029928+00:00,4716a1279a5146ec977582a181f4a56d
2023-07-23,0.0,0.00,ft^3/s,Approved,[],2025-03-11T20:14:41.029928+00:00,4716a1279a5146ec977582a181f4a56d
2023-07-24,0.0,0.00,ft^3/s,Approved,[],2025-03-11T20:14:41.029928+00:00,4716a1279a5146ec977582a181f4a56d
2023-07-25,0.0,0.00,ft^3/s,Approved,[],2025-03-11T20:14:41.029928+00:00,4716a1279a5146ec977582a181f4a56d
2023-07-26,0.0,0.00,ft^3/s,Approved,[],2025-03-11T20:14:41.029928+00:00,4716a1279a5146ec977582a181f4a56d
2023-07-27,0.0,0.00,ft^3/s,Approved,[],2025-03-11T20:14:41.029928+00:00,4716a1279a5146ec977582a181f4a56d
2023-07-28,0.0,0.00,ft^3/s,Approved,[],2025-03-11T20:14:41.029928+00:00,4716a1279a5146ec977582a181f4a56d
2023-07-29,0.0,0.00,ft^3/s,Approved,[],2025-03-11T20:14:41.029928+00:00,4716a1279a5146ec977582a181f4a56d
2023-07-30,0.0,0.00,ft^3/s,Approved,[],2025-03-11T20:14:41.029928+00:00,4716a1279a5146ec977582a181f4a56d
2023-07-31,0.0,0.00,ft^3/s,Approved,[],2025-03-11T20:14:41.029928+00:00,4716a1279a5146ec977582a181f4a56d
2023-08-01,0.0,0.00,ft^3/s,Approved,[],2025-03-11T20:14:41.029928+00:00,4716a1279a5146ec977582a181f4a56d
2023-08-02,0.0,0.00,ft^3/s,Approved,[],2025-03-11T20:14:41.029928+00:00,4716a1279a5146ec977582a181f4a56d
2023-08-03,0.0,0.00,ft^3/s,Approved,[],2025-03-11T20:14:41.029928+00:00,4716a1279a5146ec977582a181f4a56d
2023-08-04,0.0,0.00,ft^3/s,Approved,[],2025-03-11T20:14:41.029928+00:00,4716a1279a5146ec977582a181f4a56d
2023-08-05,0.0,0.00,ft^3/s,Approved,[],2025-03-11T20:14:41.029928+00:00,4716a1279a5146ec977582a181f4a56d
2023-08-06,0.0,0.00,ft^3/s,Approved,[],2025-03-11T20:14:41.029928+00:00,4716a1279a5146ec977582a181f4a56d
2023-08-07,0.0,0.00,ft^3/s,Approved,[],2025-03-11T20:14:41.029928+00:00,4716a1279a5146ec977582a181f4a56d
2023-08-08,0.0,0.00,ft^3/s,Approved,[],2025-03-11T20:14:41.029928+00:00,4716a1279a5146ec977582a181f4a56d
2023-08-09,0.0,0.00,ft^3/s,Approved,[],2025-03-11T20:14:41.029928+00:00,4716a1279a5146ec977582a181f4a56d
2023-08-10,0.0,0.00,ft^3/s,Approved,[],2025-03-11T20:14:41.029928+00:00,4716a1279a5146ec977582a181f4a56d
2023-08-11,0.0,0.00,ft^3/s,Approved,[],2025-03-11T20:14:41.029928+00:00,4716a1279a5146ec977582a181f4a56d
2023-08-12,0.0,0.00,ft^3/s,Approved,[],2025-03-11T20:14:41.029928+00:00,4716a1279a5146ec977582a181f4a56d
2023-08-13,0.0,0.00,ft^3/s,Approved,[],2025-03-11T20:14:41.029928+00:00,4716a1279a5146ec977582a181f4a56d
2023-08-14,0.0,0.00,ft^3/s,Approved,[],2025-03-11T20:14:41.029928+00:00,4716a1279a5146ec977582a181f4a56d
2023-08-15,0.0,0.00,ft^3/s,Approved,[],2025-03-11T20:14:41.029928+00:00,4716a1279a5146ec977582a181f4a56d
2023-08-16,0.0,0.00,ft^3/s,Approved,[],2025-03-11T20:14:41.029928+00:00,4716a1279a5146ec977582a181f4a56d
2023-08-17,0.0,0.00,ft^3/s,Approved,[],2025-03-11T20:14:41.029928+00:00,4716a1279a5146ec977582a181f4a56d
2023-08-18,0.0,0.00,ft^3/s,Approved,[],2025-03-11T20:14:41.029928+00:00,4716a1279a5146ec977582a181f4a56d
2023-08-19,0.0,0.00,ft^3/s,Approved,[],2025-03-11T20:14:41.029928+00:00,4716a1279a5146ec977582a181f4a56d
2023-08-20,0.0,0.00,ft^3/s,Approved,[],2025-08-29T15:46:18.318903+00:00,4716a1279a5146ec977582a181f4a56d
2023-08-21,0.0,0.00,ft^3/s,Approved,"[""DRY""]",2025-03-11T20:14:41.029928+00:00,4716a1279a5146ec977582a181f4a56d
2023-08-22,0.0,0.00,ft^3/s,Approved,"[""DRY""]",2025-03-11T20:14:41.029928+00:00,4716a1279a5146ec977582a181f4a56d
2023-08-23,0.0,0.00,ft^3/s,Approved,"[""DRY""]",2025-03-11T20:14:41.029928+00:00,4716a1279a5146ec977582a181f4a56d
2023-08-24,0.0,0.00,ft^3/s,Approved,"[""DRY""]",2025-03-11T20:14:41.029928+00:00,4716a1279a5146ec977582a181f4a56d
2023-08-25,0.0,0.00,ft^3/s,Approved,"[""DRY""]",2025-03-11T20:14:41.029928+00:00,4716a1279a5146ec977582a181f4a56d
2023-08-26,0.0,0.00,ft^3/s,Approved,"[""DRY""]",2025-03-11T20:14:41.029928+00:00,4716a1279a5146ec977582a181f4a56d
2023-08-27,0.0,0.00,ft^3/s,Approved,"[""DRY""]",2025-03-11T20:14:41.029928+00:00,4716a1279a5146ec977582a181f4a56d
2023-08-28,0.0,0.00,ft^3/s,Approved,"[""DRY""]",2025-03-11T20:14:41.029928+00:00,4716a1279a5146ec977582a181f4a56d
2023-08-29,0.0,0.00,ft^3/s,Approved,"[""DRY""]",2025-03-11T20:14:41.029928+00:00,4716a1279a5146ec977582a181f4a56d
2023-08-30,0.0,0.00,ft^3/s,Approved,"[""DRY""]",2025-03-11T20:14:41.029928+00:00,4716a1279a5146ec977582a181f4a56d
2023-08-31,0.0,0.00,ft^3/s,Approved,"[""DRY""]",2025-03-11T20:14:41.029928+00:00,4716a1279a5146ec977582a181f4a56d
2023-09-01,0.0,0.00,ft^3/s,Approved,"[""DRY""]",2025-03-11T20:14:41.029928+00:00,4716a1279a5146ec977582a181f4a56d
2023-09-02,0.0,0.00,ft^3/s,Approved,"[""DRY""]",2025-03-11T20:14:41.029928+00:00,4716a1279a5146ec977582a181f4a56d
2023-09-03,0.0,0.00,ft^3/s,Approved,"[""DRY""]",2025-03-11T20:14:41.029928+00:00,4716a1279a5146ec977582a181f4a56d
2023-09-04,0.0,0.00,ft^3/s,Approved,"[""DRY""]",2025-03-11T20:14:41.029928+00:00,4716a1279a5146ec977582a181f4a56d
2023-09-05,0.0,0.00,ft^3/s,Approved,"[""DRY""]",2025-03-11T20:14:41.029928+00:00,4716a1279a5146ec977582a181f4a56d
2023-09-06,0.0,0.00,ft^3/s,Approved,"[""DRY""]",2025-03-11T20:14:41.029928+00:00,4716a1279a5146ec977582a181f4a56d
2023-09-07,0.0,0.00,ft^3/s,Approved,"[""DRY""]",2025-03-11T20:14:41.029928+00:00,4716a1279a5146ec977582a181f4a56d
2023-09-08,0.0,0.00,ft^3/s,Approved,"[""DRY""]",2025-03-11T20:14:41.029928+00:00,4716a1279a5146ec977582a181f4a56d
2023-09-09,0.0,0.00,ft^3/s,Approved,"[""DRY""]",2025-03-11T20:14:41.029928+00:00,4716a1279a5146ec977582a181f4a56d
2023-09-10,0.0,0.00,ft^3/s,Approved,"[""DRY""]",2025-03-11T20:14:41.029928+00:00,4716a1279a5146ec977582a181f4a56d
2023-09-11,0.0,0.00,ft^3/s,Approved,"[""DRY""]",2025-03-11T20:14:41.029928+00:00,4716a1279a5146ec977582a181f4a56d
2023-09-12,0.0,0.00,ft^3/s,Approved,"[""DRY""]",2025-03-11T20:14:41.029928+00:00,4716a1279a5146ec977582a181f4a56d
2023-09-13,0.0,0.00,ft^3/s,Approved,"[""DRY""]",2025-03-11T20:14:41.029928+00:00,4716a1279a5146ec977582a181f4a56d
2023-09-14,0.0,0.00,ft^3/s,Approved,"[""DRY""]",2025-03-11T20:14:41.029928+00:00,4716a1279a5146ec977582a181f4a56d
2023-09-15,0.0,0.00,ft^3/s,Approved,"[""DRY""]",2025-03-11T20:14:41.029928+00:00,4716a1279a5146ec977582a181f4a56d
2023-09-16,0.0,0.00,ft^3/s,Approved,"[""DRY""]",2025-03-11T20:14:41.029928+00:00,4716a1279a5146ec977582a181f4a56d
2023-09-17,0.0,0.00,ft^3/s,Approved,"[""DRY""]",2025-03-11T20:14:41.029928+00:00,4716a1279a5146ec977582a181f4a56d
2023-09-18,0.0,0.00,ft^3/s,Approved,"[""DRY""]",2025-03-11T20:14:41.029928+00:00,4716a1279a5146ec977582a181f4a56d
2023-09-19,0.0,0.00,ft^3/s,Approved,"[""DRY""]",2025-03-11T20:14:41.029928+00:00,4716a1279a5146ec977582a181f4a56d
2023-09-20,0.0,0.00,ft^3/s,Approved,"[""DRY""]",2025-03-11T20:14:41.029928+00:00,4716a1279a5146ec977582a181f4a56d
2023-09-21,0.0,0.00,ft^3/s,Approved,"[""DRY""]",2025-03-11T20:14:41.029928+00:00,4716a1279a5146ec977582a181f4a56d
2023-09-22,0.0,0.00,ft^3/s,Approved,"[""DRY""]",2025-03-11T20:14:41.029928+00:00,4716a1279a5146ec977582a181f4a56d
2023-09-23,0.0,0.00,ft^3/s,Approved,"[""DRY""]",2025-03-11T20:14:41.029928+00:00,4716a1279a5146ec977582a181f4a56d
2023-09-24,0.0,0.00,ft^3/s,Approved,"[""DRY""]",2025-03-11T20:14:41.029928+00:00,4716a1279a5146ec977582a181f4a56d
2023-09-25,0.0,0.00,ft^3/s,Approved,"[""DRY""]",2025-03-11T20:14:41.029928+00:00,4716a1279a5146ec977582a181f4a56d
2023-09-26,0.0,0.00,ft^3/s,Approved,"[""DRY""]",2025-03-11T20:14:41.029928+00:00,4716a1279a5146ec977582a181f4a56d
2023-09-27,0.0,0.00,ft^3/s,Approved,"[""DRY""]",2025-03-11T20:14:41.029928+00:00,4716a1279a5146ec977582a181f4a56d
2023-09-28,0.0,0.00,ft^3/s,Approved,"[""DRY""]",2025-03-11T20:14:41.029928+00:00,4716a1279a5146ec977582a181f4a56d
2023-09-29,0.0,0.00,ft^3/s,Approved,"[""DRY""]",2025-03-11T20:14:41.029928+00:00,4716a1279a5146ec977582a181f4a56d
2023-09-30,0.0,0.00,ft^3/s,Approved,"[""DRY""]",2025-03-11T20:14:41.029928+00:00,4716a1279a5146ec977582a181f4a56d
2023-10-01,0.0,0.00,ft^3/s,Approved,"[""DRY""]",2025-03-11T20:14:41.029928+00:00,4716a1279a5146ec977582a181f4a56d
2023-10-02,0.0,0.00,ft^3/s,Approved,"[""DRY""]",2025-03-11T20:14:41.029928+00:00,4716a1279a5146ec977582a181f4a56d
2023-10-03,0.0,0.00,ft^3/s,Approved,"[""DRY""]",2025-03-11T20:14:41.029928+00:00,4716a1279a5146ec977582a181f4a56d
2023-10-04,0.0,0.00,ft^3/s,Approved,"[""DRY""]",2025-03-11T20:14:41.029928+00:00,4716a1279a5146ec977582a181f4a56d
2023-10-05,0.0,0.00,ft^3/s,Approved,"[""DRY""]",2025-03-11T20:14:41.029928+00:00,4716a1279a5146ec977582a181f4a56d
2023-10-06,0.0,0.00,ft^3/s,Approved,"[""DRY""]",2025-03-11T20:14:41.029928+00:00,4716a1279a5146ec977582a181f4a56d
2023-10-07,0.0,0.00,ft^3/s,Approved,"[""DRY""]",2025-03-11T20:14:41.029928+00:00,4716a1279a5146ec977582a181f4a56d
2023-10-08,0.0,0.00,ft^3/s,Approved,"[""DRY""]",2025-03-11T20:14:41.029928+00:00,4716a1279a5146ec977582a181f4a56d
2023-10-09,0.0,0.00,ft^3/s,Approved,"[""DRY""]",2025-03-11T20:14:41.029928+00:00,4716a1279a5146ec977582a181f4a56d
2023-10-10,0.0,0.00,ft^3/s,Approved,"[""DRY""]",2025-03-11T20:14:41.029928+00:00,4716a1279a5146ec977582a181f4a56d
2023-10-11,0.0,0.00,ft^3/s,Approved,"[""DRY""]",2025-03-11T20:14:41.029928+00:00,4716a1279a5146ec977582a181f4a56d
2023-10-12,0.0,0.00,ft^3/s,Approved,"[""DRY""]",2025-03-11T20:14:41.029928+00:00,4716a1279a5146ec977582a181f4a56d
2023-10-13,0.0,0.00,ft^3/s,Approved,"[""DRY""]",2025-03-11T20:14:41.029928+00:00,4716a1279a5146ec977582a181f4a56d
2023-10-14,0.0,0.00,ft^3/s,Approved,"[""DRY""]",2025-03-11T20:14:41.029928+00:00,4716a1279a5146ec977582a181f4a56d
2023-10-15,0.0,0.00,ft^3/s,Approved,"[""DRY""]",2025-03-11T20:14:41.029928+00:00,4716a1279a5146ec977582a181f4a56d
2023-10-16,0.0,0.00,ft^3/s,Approved,"[""DRY""]",2025-03-11T20:14:41.029928+00:00,4716a1279a5146ec977582a181f4a56d
2023-10-17,0.0,0.00,ft^3/s,Approved,"[""DRY""]",2025-03-11T20:14:41.029928+00:00,4716a1279a5146ec977582a181f4a56d
2023-10-18,0.0,0.00,ft^3/s,Approved,"[""DRY""]",2025-03-11T20:14:41.029928+00:00,4716a1279a5146ec977582a181f4a56d
2023-10-19,0.0,0.00,ft^3/s,Approved,"[""DRY""]",2025-03-11T20:14:41.029928+00:00,4716a1279a5146ec977582a181f4a56d
2023-10-20,0.0,0.00,ft^3/s,Approved,"[""DRY""]",2025-03-11T20:14:41.029928+00:00,4716a1279a5146ec977582a181f4a56d
2023-10-21,0.0,0.00,ft^3/s,Approved,"[""DRY""]",2025-03-11T20:14:41.029928+00:00,4716a1279a5146ec977582a181f4a56d
2023-10-22,0.0,0.00,ft^3/s,Approved,"[""DRY""]",2025-03-11T20:14:41.029928+00:00,4716a1279a5146ec977582a181f4a56d
2023-10-23,0.0,0.00,ft^3/s,Approved,"[""DRY""]",2025-03-11T20:14:41.029928+00:00,4716a1279a5146ec977582a181f4a56d
2023-10-24,0.0,0.00,ft^3/s,Approved,"[""DRY""]",2025-03-11T20:14:41.029928+00:00,4716a1279a5146ec977582a181f4a56d
2023-10-25,0.0,0.00,ft^3/s,Approved,"[""DRY""]",2025-03-11T20:14:41.029928+00:00,4716a1279a5146ec977582a181f4a56d
2023-10-26,0.0,0.00,ft^3/s,Approved,"[""DRY""]",2025-03-11T20:14:41.029928+00:00,4716a1279a5146ec977582a181f4a56d
2023-10-27,0.0,0.00,ft^3/s,Approved,"[""DRY""]",2025-03-11T20:14:41.029928+00:00,4716a1279a5146ec977582a181f4a56d
2023-10-28,0.0,0.00,ft^3/s,Approved,"[""DRY""]",2025-03-11T20:14:41.029928+00:00,4716a1279a5146ec977582a181f4a56d
2023-10-29,0.0,0.00,ft^3/s,Approved,"[""DRY""]",2025-03-11T20:14:41.029928+00:00,4716a1279a5146ec977582a181f4a56d
2023-10-30,0.0,0.00,ft^3/s,Approved,"[""DRY""]",2025-03-11T20:14:41.029928+00:00,4716a1279a5146ec977582a181f4a56d
2023-10-31,0.0,0.00,ft^3/s,Approved,"[""DRY""]",2025-03-11T20:14:41.029928+00:00,4716a1279a5146ec977582a181f4a56d
2023-11-01,0.0,0.00,ft^3/s,Approved,"[""DRY""]",2025-03-11T20:14:41.029928+00:00,4716a1279a5146ec977582a181f4a56d
2023-11-02,0.0,0.00,ft^3/s,Approved,"[""DRY""]",2025-03-11T20:14:41.029928+00:00,4716a1279a5146ec977582a181f4a56d
2023-11-03,0.0,0.00,ft^3/s,Approved,"[""DRY""]",2025-03-11T20:14:41.029928+00:00,4716a1279a5146ec977582a181f4a56d
2023-11-04,0.0,0.00,ft^3/s,Approved,"[""DRY""]",2025-03-11T20:14:41.029928+00:00,4716a1279a5146ec977582a181f4a56d
2023-11-05,0.0,0.00,ft^3/s,Approved,"[""DRY""]",2025-03-11T20:14:41.029928+00:00,4716a1279a5146ec977582a181f4a56d
2023-11-06,0.0,0.00,ft^3/s,Approved,"[""DRY""]",2025-03-11T20:14:41.029928+00:00,4716a1279a5146ec977582a181f4a56d
2023-11-07,0.0,0.00,ft^3/s,Approved,"[""DRY""]",2025-03-11T20:14:41.029928+00:00,4716a1279a5146ec977582a181f4a56d
2023-11-08,0.0,0.00,ft^3/s,Approved,"[""DRY""]",2025-03-11T20:14:41.029928+00:00,4716a1279a5146ec977582a181f4a56d
2023-11-09,0.0,0.00,ft^3/s,Approved,"[""DRY""]",2025-03-11T20:14:41.029928+00:00,4716a1279a5146ec977582a181f4a56d
2023-11-10,0.0,0.00,ft^3/s,Approved,"[""DRY""]",2025-03-11T20:14:41.029928+00:00,4716a1279a5146ec977582a181f4a56d
2023-11-11,0.0,0.00,ft^3/s,Approved,"[""DRY""]",2025-03-11T20:14:41.029928+00:00,4716a1279a5146ec977582a181f4a56d
2023-11-12,0.0,0.00,ft^3/s,Approved,"[""DRY""]",2025-03-11T20:14:41.029928+00:00,4716a1279a5146ec977582a181f4a56d
2023-11-13,0.0,0.00,ft^3/s,Approved,"[""DRY""]",2025-03-11T20:14:41.029928+00:00,4716a1279a5146ec977582a181f4a56d
2023-11-14,0.0,0.00,ft^3/s,Approved,"[""DRY""]",2025-03-11T20:14:41.029928+00:00,4716a1279a5146ec977582a181f4a56d
2023-11-15,0.0,0.00,ft^3/s,Approved,"[""DRY""]",2025-03-11T20:14:41.029928+00:00,4716a1279a5146ec977582a181f4a56d
2023-11-16,0.0,0.00,ft^3/s,Approved,"[""DRY""]",2025-03-11T20:14:41.029928+00:00,4716a1279a5146ec977582a181f4a56d
2023-11-17,0.0,0.00,ft^3/s,Approved,"[""DRY""]",2025-03-11T20:14:41.029928+00:00,4716a1279a5146ec977582a181f4a56d
2023-11-18,0.0,0.00,ft^3/s,Approved,"[""DRY""]",2025-03-11T20:14:41.029928+00:00,4716a1279a5146ec977582a181f4a56d
2023-11-19,0.0,0.00,ft^3/s,Approved,"[""DRY""]",2025-03-11T20:14:41.029928+00:00,4716a1279a5146ec977582a181f4a56d
2023-11-20,0.0,0.00,ft^3/s,Approved,"[""DRY""]",2025-03-11T20:14:41.029928+00:00,4716a1279a5146ec977582a181f4a56d
2023-11-21,0.0,0.00,ft^3/s,Approved,"[""DRY""]",2025-03-11T20:14:41.029928+00:00,4716a1279a5146ec977582a181f4a56d
2023-11-22,0.0,0.00,ft^3/s,Approved,"[""DRY""]",2025-03-11T20:14:41.029928+00:00,4716a1279a5146ec977582a181f4a56d
2023-11-23,0.0,0.00,ft^3/s,Approved,"[""DRY""]",2025-03-11T20:14:41.029928+00:00,4716a1279a5146ec977582a181f4a56d
2023-11-24,0.0,0.00,ft^3/s,Approved,"[""DRY""]",2025-03-11T20:14:41.029928+00:00,4716a1279a5146ec977582a181f4a56d
2023-11-25,0.0,0.00,ft^3/s,Approved,"[""DRY""]",2025-03-11T20:14:41.029928+00:00,4716a1279a5146ec977582a181f4a56d
2023-11-26,0.0,0.00,ft^3/s,Approved,"[""DRY""]",2025-03-11T20:14:41.029928+00:00,4716a1279a5146ec977582a181f4a56d
2023-11-27,0.0,0.00,ft^3/s,Approved,"[""DRY""]",2025-03-11T20:14:41.029928+00:00,4716a1279a5146ec977582a181f4a56d
2023-11-28,0.0,0.00,ft^3/s,Approved,"[""DRY""]",2025-03-11T20:14:41.029928+00:00,4716a1279a5146ec977582a181f4a56d
2023-11-29,0.0,0.00,ft^3/s,Approved,"[""DRY""]",2025-03-11T20:14:41.029928+00:00,4716a1279a5146ec977582a181f4a56d
2023-11-30,0.0,0.00,ft^3/s,Approved,"[""DRY""]",2025-03-11T20:14:41.029928+00:00,4716a1279a5146ec977582a181f4a56d
2023-12-01,0.0,0.00,ft^3/s,Approved,"[""DRY""]",2025-03-11T20:14:41.029928+00:00,4716a1279a5146ec977582a181f4a56d
2023-12-02,0.0,0.00,ft^3/s,Approved,"[""DRY""]",2025-03-11T20:14:41.029928+00:00,4716a1279a5146ec977582a181f4a56d
2023-12-03,0.0,0.00,ft^3/s,Approved,"[""DRY""]",2025-03-11T20:14:41.029928+00:00,4716a1279a5146ec977582a181f4a56d
2023-12-04,0.0,0.00,ft^3/s,Approved,"[""DRY""]",2025-03-11T20:14:41.029928+00:00,4716a1279a5146ec977582a181f4a56d
2023-12-05,0.0,0.00,ft^3/s,Approved,"[""DRY""]",2025-03-11T20:14:41.029928+00:00,4716a1279a5146ec977582a181f4a56d
2023-12-06,0.0,0.00,ft^3/s,Approved,"[""DRY""]",2025-03-11T20:14:41.029928+00:00,4716a1279a5146ec977582a181f4a56d
2023-12-07,0.0,0.00,ft^3/s,Approved,"[""DRY""]",2025-03-11T20:14:41.029928+00:00,4716a1279a5146ec977582a181f4a56d
2023-12-08,0.0,0.00,ft^3/s,Approved,"[""DRY""]",2025-03-11T20:14:41.029928+00:00,4716a1279a5146ec977582a181f4a56d
2023-12-09,0.0,0.00,ft^3/s,Approved,"[""DRY""]",2025-03-11T20:14:41.029928+00:00,4716a1279a5146ec977582a181f4a56d
2023-12-10,0.0,0.00,ft^3/s,Approved,"[""DRY""]",2025-03-11T20:14:41.029928+00:00,4716a1279a5146ec977582a181f4a56d
2023-12-11,0.0,0.00,ft^3/s,Approved,"[""DRY""]",2025-03-11T20:14:41.029928+00:00,4716a1279a5146ec977582a181f4a56d
2023-12-12,0.0,0.00,ft^3/s,Approved,"[""DRY""]",2025-03-11T20:14:41.029928+00:00,4716a1279a5146ec977582a181f4a56d
2023-12-13,0.0,0.00,ft^3/s,Approved,"[""DRY""]",2025-03-11T20:14:41.029928+00:00,4716a1279a5146ec977582a181f4a56d
2023-12-14,0.0,0.00,ft^3/s,Approved,"[""DRY""]",2025-03-11T20:14:41.029928+00:00,4716a1279a5146ec977582a181f4a56d
2023-12-15,0.0,0.00,ft^3/s,Approved,"[""DRY""]",2025-03-11T20:14:41.029928+00:00,4716a1279a5146ec977582a181f4a56d
2023-12-16,0.0,0.00,ft^3/s,Approved,"[""DRY""]",2025-03-11T20:14:41.029928+00:00,4716a1279a5146ec977582a181f4a56d
2023-12-17,0.0,0.00,ft^3/s,Approved,"[""DRY""]",2025-03-11T20:14:41.029928+00:00,4716a1279a5146ec977582a181f4a56d
2023-12-18,0.0,0.00,ft^3/s,Approved,"[""DRY""]",2025-03-11T20:14:41.029928+00:00,4716a1279a5146ec977582a181f4a56d
2023-12-19,0.0,0.00,ft^3/s,Approved,"[""DRY""]",2025-03-11T20:14:41.029928+00:00,4716a1279a5146ec977582a181f4a56d
2023-12-20,0.0,0.00,ft^3/s,Approved,"[""DRY""]",2025-03-11T20:14:41.029928+00:00,4716a1279a5146ec977582a181f4a56d
2023-12-21,0.0,0.00,ft^3/s,Approved,"[""DRY""]",2025-03-11T20:14:41.029928+00:00,4716a1279a5146ec977582a181f4a56d
2023-12-22,0.0,0.00,ft^3/s,Approved,"[""DRY""]",2025-03-11T20:14:41.029928+00:00,4716a1279a5146ec977582a181f4a56d
2023-12-23,0.0,0.00,ft^3/s,Approved,"[""DRY""]",2025-03-11T20:14:41.029928+00:00,4716a1279a5146ec977582a181f4a56d
2023-12-24,108.0,108,ft^3/s,Approved,"[""DRY""]",2025-03-11T20:14:41.029928+00:00,4716a1279a5146ec977582a181f4a56d
2023-12-25,3.99,3.99,ft^3/s,Approved,[],2025-08-29T15:46:18.318903+00:00,4716a1279a5146ec977582a181f4a56d
2023-12-26,0.55,0.55,ft^3/s,Approved,[],2025-03-11T20:14:41.029928+00:00,4716a1279a5146ec977582a181f4a56d
2023-12-27,0.0,0.00,ft^3/s,Approved,[],2025-03-11T20:14:41.029928+00:00,4716a1279a5146ec977582a181f4a56d
2023-12-28,0.0,0.00,ft^3/s,Approved,[],2025-03-11T20:14:41.029928+00:00,4716a1279a5146ec977582a181f4a56d
2023-12-29,0.0,0.00,ft^3/s,Approved,"[""DRY""]",2025-03-11T20:14:41.029928+00:00,4716a1279a5146ec977582a181f4a56d
2023-12-30,0.0,0.00,ft^3/s,Approved,"[""DRY""]",2025-03-11T20:14:41.029928+00:00,4716a1279a5146ec977582a181f4a56d
2023-12-31,0.0,0.00,ft^3/s,Approved,"[""DRY""]",2025-03-11T20:14:41.029928+00:00,4716a1279a5146ec977582a181f4a56d
2024-01-01,0.0,0.00,ft^3/s,Approved,"[""DRY""]",2025-03-11T20:14:41.029928+00:00,4716a1279a5146ec977582a181f4a56d
2024-01-02,0.0,0.00,ft^3/s,Approved,"[""DRY""]",2025-03-11T20:14:41.029928+00:00,4716a1279a5146ec977582a181f4a56d
2024-01-03,0.0,0.00,ft^3/s,Approved,"[""DRY""]",2025-03-11T20:14:41.029928+00:00,4716a1279a5146ec977582a181f4a56d
2024-01-04,0.0,0.00,ft^3/s,Approved,"[""DRY""]",2025-03-11T20:14:41.029928+00:00,4716a1279a5146ec977582a181f4a56d
2024-01-05,0.0,0.00,ft^3/s,Approved,"[""DRY""]",2025-03-11T20:14:41.029928+00:00,4716a1279a5146ec977582a181f4a56d
2024-01-06,0.0,0.00,ft^3/s,Approved,"[""DRY""]",2025-03-11T20:14:41.029928+00:00,4716a1279a5146ec977582a181f4a56d
2024-01-07,0.0,0.00,ft^3/s,Approved,"[""DRY""]",2025-03-11T20:14:41.029928+00:00,4716a1279a5146ec977582a181f4a56d
2024-01-08,0.0,0.00,ft^3/s,Approved,"[""DRY""]",2025-03-11T20:14:41.029928+00:00,4716a1279a5146ec977582a181f4a56d
2024-01-09,0.0,0.00,ft^3/s,Approved,"[""DRY""]",2025-03-11T20:14:41.029928+00:00,4716a1279a5146ec977582a181f4a56d
2024-01-10,0.0,0.00,ft^3/s,Approved,"[""DRY""]",2025-03-11T20:14:41.029928+00:00,4716a1279a5146ec977582a181f4a56d
2024-01-11,0.0,0.00,ft^3/s,Approved,"[""DRY""]",2025-03-11T20:14:41.029928+00:00,4716a1279a5146ec977582a181f4a56d
2024-01-12,0.0,0.00,ft^3/s,Approved,"[""DRY""]",2025-03-11T20:14:41.029928+00:00,4716a1279a5146ec977582a181f4a56d
2024-01-13,0.0,0.00,ft^3/s,Approved,"[""DRY""]",2025-03-11T20:14:41.029928+00:00,4716a1279a5146ec977582a181f4a56d
2024-01-14,0.0,0.00,ft^3/s,Approved,"[""DRY""]",2025-03-11T20:14:41.029928+00:00,4716a1279a5146ec977582a181f4a56d
2024-01-15,0.0,0.00,ft^3/s,Approved,"[""DRY""]",2025-03-11T20:14:41.029928+00:00,4716a1279a5146ec977582a181f4a56d
2024-01-16,0.0,0.00,ft^3/s,Approved,"[""DRY""]",2025-03-11T20:14:41.029928+00:00,4716a1279a5146ec977582a181f4a56d
2024-01-17,0.0,0.00,ft^3/s,Approved,"[""DRY""]",2025-03-11T20:14:41.029928+00:00,4716a1279a5146ec977582a181f4a56d
2024-01-18,0.0,0.00,ft^3/s,Approved,"[""DRY""]",2025-03-11T20:14:41.029928+00:00,4716a1279a5146ec977582a181f4a56d
2024-01-19,0.0,0.00,ft^3/s,Approved,"[""DRY""]",2025-03-11T20:14:41.029928+00:00,4716a1279a5146ec977582a181f4a56d
2024-01-20,0.0,0.00,ft^3/s,Approved,"[""DRY""]",2025-03-11T20:14:41.029928+00:00,4716a1279a5146ec977582a181f4a56d
2024-01-21,0.0,0.00,ft^3/s,Approved,"[""DRY""]",2025-03-11T20:14:41.029928+00:00,4716a1279a5146ec977582a181f4a56d
2024-01-22,309.0,309,ft^3/s,Approved,"[""DRY""]",2025-03-11T20:14:41.029928+00:00,4716a1279a5146ec977582a181f4a56d
2024-01-23,56.5,56.5,ft^3/s,Approved,[],2025-08-29T15:46:18.318903+00:00,4716a1279a5146ec977582a181f4a56d
2024-01-24,17.1,17.1,ft^3/s,Approved,[],2025-03-11T20:14:41.029928+00:00,4716a1279a5146ec977582a181f4a56d
2024-01-25,41.5,41.5,ft^3/s,Approved,[],2025-03-11T20:14:41.029928+00:00,4716a1279a5146ec977582a181f4a56d
2024-01-26,22.5,22.5,ft^3/s,Approved,[],2025-03-11T20:14:41.029928+00:00,4716a1279a5146ec977582a181f4a56d
2024-01-27,13.6,13.6,ft^3/s,Approved,[],2025-03-11T20:14:41.029928+00:00,4716a1279a5146ec977582a181f4a56d
2024-01-28,11.2,11.2,ft^3/s,Approved,[],2025-03-11T20:14:41.029928+00:00,4716a1279a5146ec977582a181f4a56d
2024-01-29,10.7,10.7,ft^3/s,Approved,[],2025-03-11T20:14:41.029928+00:00,4716a1279a5146ec977582a181f4a56d
2024-01-30,10.6,10.6,ft^3/s,Approved,[],2025-03-11T20:14:41.029928+00:00,4716a1279a5146ec977582a181f4a56d
2024-01-31,10.3,10.3,ft^3/s,Approved,[],2025-03-11T20:14:41.029928+00:00,4716a1279a5146ec977582a181f4a56d
2024-02-01,10.2,10.2,ft^3/s,Approved,[],2025-03-11T20:14:41.029928+00:00,4716a1279a5146ec977582a181f4a56d
2024-02-02,10.3,10.3,ft^3/s,Approved,[],2025-03-11T20:14:41.029928+00:00,4716a1279a5146ec977582a181f4a56d
2024-02-03,10.1,10.1,ft^3/s,Approved,[],2025-03-11T20:14:41.029928+00:00,4716a1279a5146ec977582a181f4a56d
2024-02-04,9.78,9.78,ft^3/s,Approved,[],2025-03-11T20:14:41.029928+00:00,4716a1279a5146ec977582a181f4a56d
2024-02-05,9.42,9.42,ft^3/s,Approved,[],2025-03-11T20:14:41.029928+00:00,4716a1279a5146ec977582a181f4a56d
2024-02-06,8.8,8.80,ft^3/s,Approved,[],2025-03-11T20:14:41.029928+00:00,4716a1279a5146ec977582a181f4a56d
2024-02-07,8.39,8.39,ft^3/s,Approved,[],2025-03-11T20:14:41.029928+00:00,4716a1279a5146ec977582a181f4a56d
2024-02-08,8.18,8.18,ft^3/s,Approved,[],2025-03-11T20:14:41.029928+00:00,4716a1279a5146ec977582a181f4a56d
2024-02-09,7.8,7.80,ft^3/s,Approved,[],2025-03-11T20:14:41.029928+00:00,4716a1279a5146ec977582a181f4a56d
2024-02-10,8.18,8.18,ft^3/s,Approved,[],2025-03-11T20:14:41.029928+00:00,4716a1279a5146ec977582a181f4a56d
2024-02-11,11.2,11.2,ft^3/s,Approved,[],2025-03-11T20:14:41.029928+00:00,4716a1279a5146ec977582a181f4a56d
2024-02-12,14.9,14.9,ft^3/s,Approved,[],2025-03-11T20:14:41.029928+00:00,4716a1279a5146ec977582a181f4a56d
2024-02-13,12.3,12.3,ft^3/s,Approved,[],2025-03-11T20:14:41.029928+00:00,4716a1279a5146ec977582a181f4a56d
2024-02-14,10.8,10.8,ft^3/s,Approved,[],2025-03-11T20:14:41.029928+00:00,4716a1279a5146ec977582a181f4a56d
2024-02-15,10.7,10.7,ft^3/s,Approved,[],2025-03-11T20:14:41.029928+00:00,4716a1279a5146ec977582a181f4a56d
2024-02-16,10.9,10.9,ft^3/s,Approved,[],2025-03-11T20:14:41.029928+00:00,4716a1279a5146ec977582a181f4a56d
2024-02-17,10.5,10.5,ft^3/s,Approved,[],2025-03-11T20:14:41.029928+00:00,4716a1279a5146ec977582a181f4a56d
2024-02-18,10.3,10.3,ft^3/s,Approved,[],2025-03-11T20:14:41.029928+00:00,4716a1279a5146ec977582a181f4a56d
2024-02-19,9.79,9.79,ft^3/s,Approved,[],2025-03-11T20:14:41.029928+00:00,4716a1279a5146ec977582a181f4a56d
2024-02-20,9.22,9.22,ft^3/s,Approved,[],2025-03-11T20:14:41.029928+00:00,4716a1279a5146ec977582a181f4a56d
2024-02-21,8.79,8.79,ft^3/s,Approved,[],2025-03-11T20:14:41.029928+00:00,4716a1279a5146ec977582a181f4a56d
2024-02-22,8.31,8.31,ft^3/s,Approved,[],2025-03-11T20:14:41.029928+00:00,4716a1279a5146ec977582a181f4a56d
2024-02-23,7.54,7.54,ft^3/s,Approved,[],2025-03-11T20:14:41.029928+00:00,4716a1279a5146ec977582a181f4a56d
2024-02-24,6.87,6.87,ft^3/s,Approved,[],2025-03-11T20:14:41.029928+00:00,4716a1279a5146ec977582a181f4a56d
2024-02-25,6.48,6.48,ft^3/s,Approved,"[""EQUIP"", ""ESTIMATED""]",2025-03-11T20:14:41.029928+00:00,4716a1279a5146ec977582a181f4a56d
2024-02-26,6.35,6.35,ft^3/s,Approved,"[""EQUIP"", ""ESTIMATED""]",2025-03-11T20:14:41.029928+00:00,4716a1279a5146ec977582a181f4a56d
2024-02-27,5.92,5.92,ft^3/s,Approved,[],2025-08-29T15:46:18.318903+00:00,4716a1279a5146ec977582a181f4a56d
2024-02-28,5.28,5.28,ft^3/s,Approved,[],2025-03-11T20:14:41.029928+00:00,4716a1279a5146ec977582a181f4a56d
2024-02-29,4.75,4.75,ft^3/s,Approved,[],2025-03-11T20:14:41.029928+00:00,4716a1279a5146ec977582a181f4a56d
2024-03-01,4.57,4.57,ft^3/s,Approved,[],2025-03-11T20:14:41.029928+00:00,4716a1279a5146ec977582a181f4a56d
2024-03-02,4.37,4.37,ft^3/s,Approved,[],2025-03-11T20:14:41.029928+00:00,4716a1279a5146ec977582a181f4a56d
2024-03-03,4.3,4.30,ft^3/s,Approved,[],2025-03-11T20:14:41.029928+00:00,4716a1279a5146ec977582a181f4a56d
2024-03-04,4.13,4.13,ft^3/s,Approved,[],2025-03-11T20:14:41.029928+00:00,4716a1279a5146ec977582a181f4a56d
2024-03-05,3.84,3.84,ft^3/s,Approved,[],2025-03-11T20:14:41.029928+00:00,4716a1279a5146ec977582a181f4a56d
2024-03-06,3.36,3.36,ft^3/s,Approved,[],2025-03-11T20:14:41.029928+00:00,4716a1279a5146ec977582a181f4a56d
2024-03-07,2.88,2.88,ft^3/s,Approved,[],2025-03-11T20:14:41.029928+00:00,4716a1279a5146ec977582a181f4a56d
2024-03-08,2.77,2.77,ft^3/s,Approved,[],2025-03-11T20:14:41.029928+00:00,4716a1279a5146ec977582a181f4a56d
2024-03-09,2.25,2.25,ft^3/s,Approved,[],2025-03-11T20:14:41.029928+00:00,4716a1279a5146ec977582a181f4a56d
2024-03-10,1.98,1.98,ft^3/s,Approved,[],2025-03-11T20:14:41.029928+00:00,4716a1279a5146ec977582a181f4a56d
2024-03-11,1.6,1.60,ft^3/s,Approved,[],2025-03-11T20:14:41.029928+00:00,4716a1279a5146ec977582a181f4a56d
2024-03-12,1.46,1.46,ft^3/s,Approved,[],2025-03-11T20:14:41.029928+00:00,4716a1279a5146ec977582a181f4a56d
2024-03-13,1.33,1.33,ft^3/s,Approved,[],2025-03-11T20:14:41.029928+00:00,4716a1279a5146ec977582a181f4a56d
2024-03-14,1.0,1.00,ft^3/s,Approved,[],2025-03-11T20:14:41.029928+00:00,4716a1279a5146ec977582a181f4a56d
2024-03-15,1.0,1.00,ft^3/s,Approved,[],2025-03-11T20:14:41.029928+00:00,4716a1279a5146ec977582a181f4a56d
2024-03-16,0.98,0.98,ft^3/s,Approved,[],2025-03-11T20:14:41.029928+00:00,4716a1279a5146ec977582a181f4a56d
2024-03-17,1.37,1.37,ft^3/s,Approved,[],2025-03-11T20:14:41.029928+00:00,4716a1279a5146ec977582a181f4a56d
2024-03-18,1.58,1.58,ft^3/s,Approved,[],2025-03-11T20:14:41.029928+00:00,4716a1279a5146ec977582a181f4a56d
2024-03-19,2.43,2.43,ft^3/s,Approved,[],2025-03-11T20:14:41.029928+00:00,4716a1279a5146ec977582a181f4a56d
2024-03-20,2.68,2.68,ft^3/s,Approved,[],2025-03-11T20:14:41.029928+00:00,4716a1279a5146ec977582a181f4a56d
2024-03-21,2.44,2.44,ft^3/s,Approved,[],2025-03-11T20:14:41.029928+00:00,4716a1279a5146ec977582a181f4a56d
2024-03-22,1.98,1.98,ft^3/s,Approved,[],2025-03-11T20:14:41.029928+00:00,4716a1279a5146ec977582a181f4a56d
2024-03-23,1.58,1.58,ft^3/s,Approved,[],2025-03-11T20:14:41.029928+00:00,4716a1279a5146ec977582a181f4a56d
2024-03-24,1.55,1.55,ft^3/s,Approved,[],2025-03-11T20:14:41.029928+00:00,4716a1279a5146ec977582a181f4a56d
2024-03-25,1.89,1.89,ft^3/s,Approved,[],2025-03-11T20:14:41.029928+00:00,4716a1279a5146ec977582a181f4a56d
2024-03-26,1.67,1.67,ft^3/s,Approved,[],2025-03-11T20:14:41.029928+00:00,4716a1279a5146ec977582a181f4a56d
2024-03-27,2.35,2.35,ft^3/s,Approved,[],2025-03-11T20:14:41.029928+00:00,4716a1279a5146ec977582a181f4a56d
2024-03-28,2.38,2.38,ft^3/s,Approved,[],2025-03-11T20:14:41.029928+00:00,4716a1279a5146ec977582a181f4a56d
2024-03-29,2.02,2.02,ft^3/s,Approved,[],2025-03-11T20:14:41.029928+00:00,4716a1279a5146ec977582a181f4a56d
2024-03-30,1.59,1.59,ft^3/s,Approved,[],2025-03-11T20:14:41.029928+00:00,4716a1279a5146ec977582a181f4a56d
2024-03-31,1.13,1.13,ft^3/s,Approved,[],2025-03-11T20:14:41.029928+00:00,4716a1279a5146ec977582a181f4a56d
2024-04-01,0.93,0.93,ft^3/s,Approved,[],2025-03-11T20:14:41.029928+00:00,4716a1279a5146ec977582a181f4a56d
2024-04-02,0.65,0.65,ft^3/s,Approved,[],2025-03-11T20:14:41.029928+00:00,4716a1279a5146ec977582a181f4a56d
2024-04-03,0.34,0.34,ft^3/s,Approved,[],2025-03-11T20:14:41.029928+00:00,4716a1279a5146ec977582a181f4a56d
2024-04-04,0.18,0.18,ft^3/s,Approved,[],2025-03-11T20:14:41.029928+00:00,4716a1279a5146ec977582a181f4a56d
2024-04-05,0.09,0.09,ft^3/s,Approved,[],2025-03-11T20:14:41.029928+00:00,4716a1279a5146ec977582a181f4a56d
2024-04-06,0.04,0.04,ft^3/s,Approved,[],2025-03-11T20:14:41.029928+00:00,4716a1279a5146ec977582a181f4a56d
2024-04-07,0.01,0.01,ft^3/s,Approved,[],2025-03-11T20:14:41.029928+00:00,4716a1279a5146ec977582a181f4a56d
2024-04-08,0.0,0.00,ft^3/s,Approved,[],2025-03-11T20:14:41.029928+00:00,4716a1279a5146ec977582a181f4a56d
2024-04-09,0.11,0.11,ft^3/s,Approved,[],2025-03-11T20:14:41.029928+00:00,4716a1279a5146ec977582a181f4a56d
2024-04-10,148.0,148,ft^3/s,Approved,[],2025-03-11T20:14:41.029928+00:00,4716a1279a5146ec977582a181f4a56d
2024-04-11,20.9,20.9,ft^3/s,Approved,[],2025-03-11T20:14:41.029928+00:00,4716a1279a5146ec977582a181f4a56d
2024-04-12,6.33,6.33,ft^3/s,Approved,[],2025-03-11T20:14:41.029928+00:00,4716a1279a5146ec977582a181f4a56d
2024-04-13,3.88,3.88,ft^3/s,Approved,[],2025-03-11T20:14:41.029928+00:00,4716a1279a5146ec977582a181f4a56d
2024-04-14,3.16,3.16,ft^3/s,Approved,[],2025-03-11T20:14:41.029928+00:00,4716a1279a5146ec977582a181f4a56d
2024-04-15,2.82,2.82,ft^3/s,Approved,[],2025-03-11T20:14:41.029928+00:00,4716a1279a5146ec977582a181f4a56d
2024-04-16,2.48,2.48,ft^3/s,Approved,[],2025-03-11T20:14:41.029928+00:00,4716a1279a5146ec977582a181f4a56d
2024-04-17,2.15,2.15,ft^3/s,Approved,[],2025-03-11T20:14:41.029928+00:00,4716a1279a5146ec977582a181f4a56d
2024-04-18,1.91,1.91,ft^3/s,Approved,[],2025-03-11T20:14:41.029928+00:00,4716a1279a5146ec977582a181f4a56d
2024-04-19,1.6,1.60,ft^3/s,Approved,[],2025-03-11T20:14:41.029928+00:00,4716a1279a5146ec977582a181f4a56d
2024-04-20,1.51,1.51,ft^3/s,Approved,[],2025-03-11T20:14:41.029928+00:00,4716a1279a5146ec977582a181f4a56d
2024-04-21,1.41,1.41,ft^3/s,Approved,[],2025-03-11T20:14:41.029928+00:00,4716a1279a5146ec977582a181f4a56d
2024-04-22,1.37,1.37,ft^3/s,Approved,[],2025-03-11T20:14:41.029928+00:00,4716a1279a5146ec977582a181f4a56d
2024-04-23,1.55,1.55,ft^3/s,Approved,[],2025-03-11T20:14:41.029928+00:00,4716a1279a5146ec977582a181f4a56d
2024-04-24,1.62,1.62,ft^3/s,Approved,[],2025-03-11T20:14:41.029928+00:00,4716a1279a5146ec977582a181f4a56d
2024-04-25,1.53,1.53,ft^3/s,Approved,[],2025-03-11T20:14:41.029928+00:00,4716a1279a5146ec977582a181f4a56d
2024-04-26,1.4,1.40,ft^3/s,Approved,[],2025-03-11T20:14:41.029928+00:00,4716a1279a5146ec977582a181f4a56d
2024-04-27,1.13,1.13,ft^3/s,Approved,[],2025-03-11T20:14:41.029928+00:00,4716a1279a5146ec977582a181f4a56d
2024-04-28,74.3,74.3,ft^3/s,Approved,[],2025-03-11T20:14:41.029928+00:00,4716a1279a5146ec977582a181f4a56d
2024-04-29,15.5,15.5,ft^3/s,Approved,[],2025-03-11T20:14:41.029928+00:00,4716a1279a5146ec977582a181f4a56d
2024-04-30,4.05,4.05,ft^3/s,Approved,[],2025-03-11T20:14:41.029928+00:00,4716a1279a5146ec977582a181f4a56d
2024-05-01,3.73,3.73,ft^3/s,Approved,[],2025-03-11T20:14:41.029928+00:00,4716a1279a5146ec977582a181f4a56d
2024-05-02,3.8,3.80,ft^3/s,Approved,[],2025-03-11T20:14:41.029928+00:00,4716a1279a5146ec977582a181f4a56d
2024-05-03,4.47,4.47,ft^3/s,Approved,[],2025-03-11T20:14:41.029928+00:00,4716a1279a5146ec977582a181f4a56d
2024-05-04,4.07,4.07,ft^3/s,Approved,[],2025-03-11T20:14:41.029928+00:00,4716a1279a5146ec977582a181f4a56d
2024-05-05,240.0,240,ft^3/s,Approved,[],2025-03-11T20:14:41.029928+00:00,4716a1279a5146ec977582a181f4a56d
2024-05-06,70.0,70.0,ft^3/s,Approved,[],2025-03-11T20:14:41.029928+00:00,4716a1279a5146ec977582a181f4a56d
2024-05-07,21.9,21.9,ft^3/s,Approved,[],2025-03-11T20:14:41.029928+00:00,4716a1279a5146ec977582a181f4a56d
2024-05-08,13.2,13.2,ft^3/s,Approved,[],2025-03-11T20:14:41.029928+00:00,4716a1279a5146ec977582a181f4a56d
2024-05-09,11.8,11.8,ft^3/s,Approved,[],2025-03-11T20:14:41.029928+00:00,4716a1279a5146ec977582a181f4a56d
2024-05-10,27.2,27.2,ft^3/s,Approved,[],2025-03-11T20:14:41.029928+00:00,4716a1279a5146ec977582a181f4a56d
2024-05-11,18.2,18.2,ft^3/s,Approved,[],2025-03-11T20:14:41.029928+00:00,4716a1279a5146ec977582a181f4a56d
2024-05-12,12.7,12.7,ft^3/s,Approved,[],2025-03-11T20:14:41.029928+00:00,4716a1279a5146ec977582a181f4a56d
2024-05-13,11.9,11.9,ft^3/s,Approved,[],2025-03-11T20:14:41.029928+00:00,4716a1279a5146ec977582a181f4a56d
2024-05-14,15.1,15.1,ft^3/s,Approved,[],2025-03-11T20:14:41.029928+00:00,4716a1279a5146ec977582a181f4a56d
2024-05-15,12.8,12.8,ft^3/s,Approved,[],2025-03-11T20:14:41.029928+00:00,4716a1279a5146ec977582a181f4a56d
2024-05-16,248.0,248,ft^3/s,Approved,[],2025-03-11T20:14:41.029928+00:00,4716a1279a5146ec977582a181f4a56d
2024-05-17,358.0,358,ft^3/s,Approved,[],2025-03-11T20:14:41.029928+00:00,4716a1279a5146ec977582a181f4a56d
2024-05-18,72.4,72.4,ft^3/s,Approved,[],2025-03-11T20:14:41.029928+00:00,4716a1279a5146ec977582a181f4a56d
2024-05-19,42.7,42.7,ft^3/s,Approved,[],2025-03-11T20:14:41.029928+00:00,4716a1279a5146ec977582a181f4a56d
2024-05-20,32.8,32.8,ft^3/s,Approved,[],2025-03-11T20:14:41.029928+00:00,4716a1279a5146ec977582a181f4a56d
2024-05-21,28.5,28.5,ft^3/s,Approved,[],2025-03-11T20:14:41.029928+00:00,4716a1279a5146ec977582a181f4a56d
2024-05-22,25.4,25.4,ft^3/s,Approved,[],2025-03-11T20:14:41.029928+00:00,4716a1279a5146ec977582a181f4a56d
2024-05-23,24.8,24.8,ft^3/s,Approved,[],2025-03-11T20:14:41.029928+00:00,4716a1279a5146ec977582a181f4a56d
2024-05-24,43.7,43.7,ft^3/s,Approved,[],2025-03-11T20:14:41.029928+00:00,4716a1279a5146ec977582a181f4a56d
2024-05-25,30.0,30.0,ft^3/s,Approved,[],2025-03-11T20:14:41.029928+00:00,4716a1279a5146ec977582a181f4a56d
2024-05-26,25.1,25.1,ft^3/s,Approved,[],2025-03-11T20:14:41.029928+00:00,4716a1279a5146ec977582a181f4a56d
2024-05-27,22.5,22.5,ft^3/s,Approved,[],2025-03-11T20:14:41.029928+00:00,4716a1279a5146ec977582a181f4a56d
2024-05-28,21.3,21.3,ft^3/s,Approved,[],2025-03-11T20:14:41.029928+00:00,4716a1279a5146ec977582a181f4a56d
2024-05-29,21.1,21.1,ft^3/s,Approved,[],2025-03-11T20:14:41.029928+00:00,4716a1279a5146ec977582a181f4a56d
2024-05-30,21.0,21.0,ft^3/s,Approved,[],2025-03-11T20:14:41.029928+00:00,4716a1279a5146ec977582a181f4a56d
2024-05-31,160.0,160,ft^3/s,Approved,[],2025-03-11T20:14:41.029928+00:00,4716a1279a5146ec977582a181f4a56d
2024-06-01,75.9,75.9,ft^3/s,Approved,[],2025-03-11T20:14:41.029928+00:00,4716a1279a5146ec977582a181f4a56d
2024-06-02,35.6,35.6,ft^3/s,Approved,[],2025-03-11T20:14:41.029928+00:00,4716a1279a5146ec977582a181f4a56d
2024-06-03,28.1,28.1,ft^3/s,Approved,[],2025-03-11T20:14:41.029928+00:00,4716a1279a5146ec977582a181f4a56d
2024-06-04,24.5,24.5,ft^3/s,Approved,[],2025-03-11T20:14:41.029928+00:00,4716a1279a5146ec977582a181f4a56d
2024-06-05,21.9,21.9,ft^3/s,Approved,[],2025-03-11T20:14:41.029928+00:00,4716a1279a5146ec977582a181f4a56d
2024-06-06,20.1,20.1,ft^3/s,Approved,[],2025-03-11T20:14:41.029928+00:00,4716a1279a5146ec977582a181f4a56d
2024-06-07,18.9,18.9,ft^3/s,Approved,[],2025-03-11T20:14:41.029928+00:00,4716a1279a5146ec977582a181f4a56d
2024-06-08,18.5,18.5,ft^3/s,Approved,[],2025-03-11T20:14:41.029928+00:00,4716a1279a5146ec977582a181f4a56d
2024-06-09,18.8,18.8,ft^3/s,Approved,[],2025-03-11T20:14:41.029928+00:00,4716a1279a5146ec977582a181f4a56d
2024-06-10,18.1,18.1,ft^3/s,Approved,[],2025-03-11T20:14:41.029928+00:00,4716a1279a5146ec977582a181f4a56d
2024-06-11,27.4,27.4,ft^3/s,Approved,[],2025-03-11T20:14:41.029928+00:00,4716a1279a5146ec977582a181f4a56d
2024-06-12,28.2,28.2,ft^3/s,Approved,[],2025-03-11T20:14:41.029928+00:00,4716a1279a5146ec977582a181f4a56d
2024-06-13,17.8,17.8,ft^3/s,Approved,[],2025-03-11T20:14:41.029928+00:00,4716a1279a5146ec977582a181f4a56d
2024-06-14,16.7,16.7,ft^3/s,Approved,[],2025-03-11T20:14:41.029928+00:00,4716a1279a5146ec977582a181f4a56d
2024-06-15,16.3,16.3,ft^3/s,Approved,[],2025-03-11T20:14:41.029928+00:00,4716a1279a5146ec977582a181f4a56d
2024-06-16,15.7,15.7,ft^3/s,Approved,[],2025-03-11T20:14:41.029928+00:00,4716a1279a5146ec977582a181f4a56d
2024-06-17,14.6,14.6,ft^3/s,Approved,[],2025-03-11T20:14:41.029928+00:00,4716a1279a5146ec977582a181f4a56d
2024-06-18,13.0,13.0,ft^3/s,Approved,[],2025-03-11T20:14:41.029928+00:00,4716a1279a5146ec977582a181f4a56d
2024-06-19,12.7,12.7,ft^3/s,Approved,[],2025-03-11T20:14:41.029928+00:00,4716a1279a5146ec977582a181f4a56d
2024-06-20,12.3,12.3,ft^3/s,Approved,[],2025-03-11T20:14:41.029928+00:00,4716a1279a5146ec977582a181f4a56d
2024-06-21,11.8,11.8,ft^3/s,Approved,[],2025-03-11T20:14:41.029928+00:00,4716a1279a5146ec977582a181f4a56d
2024-06-22,12.0,12.0,ft^3/s,Approved,[],2025-03-11T20:14:41.029928+00:00,4716a1279a5146ec977582a181f4a56d
2024-06-23,11.7,11.7,ft^3/s,Approved,[],2025-03-11T20:14:41.029928+00:00,4716a1279a5146ec977582a181f4a56d
2024-06-24,11.2,11.2,ft^3/s,Approved,[],2025-03-11T20:14:41.029928+00:00,4716a1279a5146ec977582a181f4a56d
2024-06-25,10.2,10.2,ft^3/s,Approved,[],2025-03-11T20:14:41.029928+00:00,4716a1279a5146ec977582a181f4a56d
2024-06-26,8.7,8.70,ft^3/s,Approved,[],2025-03-11T20:14:41.029928+00:00,4716a1279a5146ec977582a181f4a56d
2024-06-27,8.15,8.15,ft^3/s,Approved,[],2025-03-11T20:14:41.029928+00:00,4716a1279a5146ec977582a181f4a56d
2024-06-28,6.26,6.26,ft^3/s,Approved,[],2025-03-11T20:14:41.029928+00:00,4716a1279a5146ec977582a181f4a56d
2024-06-29,5.0,5.00,ft^3/s,Approved,[],2025-03-11T20:14:41.029928+00:00,4716a1279a5146ec977582a181f4a56d
2024-06-30,4.12,4.12,ft^3/s,Approved,[],2025-03-11T20:14:41.029928+00:00,4716a1279a5146ec977582a181f4a56d
2024-07-01,3.64,3.64,ft^3/s,Approved,[],2025-03-11T20:14:41.029928+00:00,4716a1279a5146ec977582a181f4a56d
2024-07-02,3.4,3.40,ft^3/s,Approved,[],2025-03-11T20:14:41.029928+00:00,4716a1279a5146ec977582a181f4a56d
2024-07-03,2.96,2.96,ft^3/s,Approved,[],2025-03-11T20:14:41.029928+00:00,4716a1279a5146ec977582a181f4a56d
2024-07-04,2.78,2.78,ft^3/s,Approved,[],2025-03-11T20:14:41.029928+00:00,4716a1279a5146ec977582a181f4a56d
2024-07-05,2.35,2.35,ft^3/s,Approved,[],2025-03-11T20:14:41.029928+00:00,4716a1279a5146ec977582a181f4a56d
2024-07-06,14.7,14.7,ft^3/s,Approved,[],2025-03-11T20:14:41.029928+00:00,4716a1279a5146ec977582a181f4a56d
2024-07-07,7.08,7.08,ft^3/s,Approved,[],2025-03-11T20:14:41.029928+00:00,4716a1279a5146ec977582a181f4a56d
2024-07-08,3.71,3.71,ft^3/s,Approved,[],2025-03-11T20:14:41.029928+00:00,4716a1279a5146ec977582a181f4a56d
2024-07-09,3.1,3.10,ft^3/s,Approved,[],2025-03-11T20:14:41.029928+00:00,4716a1279a5146ec977582a181f4a56d
2024-07-10,2.97,2.97,ft^3/s,Approved,[],2025-03-11T20:14:41.029928+00:00,4716a1279a5146ec977582a181f4a56d
2024-07-11,2.79,2.79,ft^3/s,Approved,[],2025-03-11T20:14:41.029928+00:00,4716a1279a5146ec977582a181f4a56d
2024-07-12,2.65,2.65,ft^3/s,Approved,[],2025-03-11T20:14:41.029928+00:00,4716a1279a5146ec977582a181f4a56d
2024-07-13,2.55,2.55,ft^3/s,Approved,[],2025-03-11T20:14:41.029928+00:00,4716a1279a5146ec977582a181f4a56d
2024-07-14,2.52,2.52,ft^3/s,Approved,[],2025-03-11T20:14:41.029928+00:00,4716a1279a5146ec977582a181f4a56d
2024-07-15,2.37,2.37,ft^3/s,Approved,[],2025-03-11T20:14:41.029928+00:00,4716a1279a5146ec977582a181f4a56d
2024-07-16,1.72,1.72,ft^3/s,Approved,[],2025-03-11T20:14:41.029928+00:00,4716a1279a5146ec977582a181f4a56d
2024-07-17,1.44,1.44,ft^3/s,Approved,[],2025-03-11T20:14:41.029928+00:00,4716a1279a5146ec977582a181f4a56d
2024-07-18,1.45,1.45,ft^3/s,Approved,[],2025-03-11T20:14:41.029928+00:00,4716a1279a5146ec977582a181f4a56d
2024-07-19,4.64,4.64,ft^3/s,Approved,[],2025-03-11T20:14:41.029928+00:00,4716a1279a5146ec977582a181f4a56d
2024-07-20,1.84,1.84,ft^3/s,Approved,[],2025-03-11T20:14:41.029928+00:00,4716a1279a5146ec977582a181f4a56d
2024-07-21,1.95,1.95,ft^3/s,Approved,[],2025-03-11T20:14:41.029928+00:00,4716a1279a5146ec977582a181f4a56d
2024-07-22,1.79,1.79,ft^3/s,Approved,[],2025-03-11T20:14:41.029928+00:00,4716a1279a5146ec977582a181f4a56d
2024-07-23,1.77,1.77,ft^3/s,Approved,[],2025-03-11T20:14:41.029928+00:00,4716a1279a5146ec977582a181f4a56d
2024-07-24,1.46,1.46,ft^3/s,Approved,[],2025-03-11T20:14:41.029928+00:00,4716a1279a5146ec977582a181f4a56d
2024-07-25,1.45,1.45,ft^3/s,Approved,[],2025-03-11T20:14:41.029928+00:00,4716a1279a5146ec977582a181f4a56d
2024-07-26,1.32,1.32,ft^3/s,Approved,[],2025-03-11T20:14:41.029928+00:00,4716a1279a5146ec977582a181f4a56d
2024-07-27,1.36,1.36,ft^3/s,Approved,[],2025-03-11T20:14:41.029928+00:00,4716a1279a5146ec977582a181f4a56d
2024-07-28,1.26,1.26,ft^3/s,Approved,[],2025-03-11T20:14:41.029928+00:00,4716a1279a5146ec977582a181f4a56d
2024-07-29,1.17,1.17,ft^3/s,Approved,[],2025-03-11T20:14:41.029928+00:00,4716a1279a5146ec977582a181f4a56d
2024-07-30,1.04,1.04,ft^3/s,Approved,[],2025-03-11T20:14:41.029928+00:00,4716a1279a5146ec977582a181f4a56d
2024-07-31,0.88,0.88,ft^3/s,Approved,[],2025-03-11T20:14:41.029928+00:00,4716a1279a5146ec977582a181f4a56d
2024-08-01,0.5,0.50,ft^3/s,Approved,[],2025-03-11T20:14:41.029928+00:00,4716a1279a5146ec977582a181f4a56d
2024-08-02,0.18,0.18,ft^3/s,Approved,[],2025-03-11T20:14:41.029928+00:00,4716a1279a5146ec977582a181f4a56d
2024-08-03,0.12,0.12,ft^3/s,Approved,[],2025-03-11T20:14:41.029928+00:00,4716a1279a5146ec977582a181f4a56d
2024-08-04,0.02,0.02,ft^3/s,Approved,[],2025-03-11T20:14:41.029928+00:00,4716a1279a5146ec977582a181f4a56d
2024-08-05,0.0,0.00,ft^3/s,Approved,[],2025-03-11T20:14:41.029928+00:00,4716a1279a5146ec977582a181f4a56d
2024-08-06,0.0,0.00,ft^3/s,Approved,[],2025-03-11T20:14:41.029928+00:00,4716a1279a5146ec977582a181f4a56d
2024-08-07,0.0,0.00,ft^3/s,Approved,[],2025-03-11T20:14:41.029928+00:00,4716a1279a5146ec977582a181f4a56d
2024-08-08,0.0,0.00,ft^3/s,Approved,[],2025-03-11T20:14:41.029928+00:00,4716a1279a5146ec977582a181f4a56d
2024-08-09,0.0,0.00,ft^3/s,Approved,[],2025-03-11T20:14:41.029928+00:00,4716a1279a5146ec977582a181f4a56d
2024-08-10,0.0,0.00,ft^3/s,Approved,[],2025-03-11T20:14:41.029928+00:00,4716a1279a5146ec977582a181f4a56d
2024-08-11,0.0,0.00,ft^3/s,Approved,[],2025-03-11T20:14:41.029928+00:00,4716a1279a5146ec977582a181f4a56d
2024-08-12,0.0,0.00,ft^3/s,Approved,[],2025-03-11T20:14:41.029928+00:00,4716a1279a5146ec977582a181f4a56d
2024-08-13,0.0,0.00,ft^3/s,Approved,[],2025-03-11T20:14:41.029928+00:00,4716a1279a5146ec977582a181f4a56d
2024-08-14,0.0,0.00,ft^3/s,Approved,[],2025-03-11T20:14:41.029928+00:00,4716a1279a5146ec977582a181f4a56d
2024-08-15,0.0,0.00,ft^3/s,Approved,[],2025-03-11T20:14:41.029928+00:00,4716a1279a5146ec977582a181f4a56d
2024-08-16,0.0,0.00,ft^3/s,Approved,[],2025-03-11T20:14:41.029928+00:00,4716a1279a5146ec977582a181f4a56d
2024-08-17,0.0,0.00,ft^3/s,Approved,[],2025-03-11T20:14:41.029928+00:00,4716a1279a5146ec977582a181f4a56d
2024-08-18,0.0,0.00,ft^3/s,Approved,[],2025-03-11T20:14:41.029928+00:00,4716a1279a5146ec977582a181f4a56d
2024-08-19,0.0,0.00,ft^3/s,Approved,[],2025-03-11T20:14:41.029928+00:00,4716a1279a5146ec977582a181f4a56d
2024-08-20,0.0,0.00,ft^3/s,Approved,[],2025-03-11T20:14:41.029928+00:00,4716a1279a5146ec977582a181f4a56d
2024-08-21,0.0,0.00,ft^3/s,Approved,[],2025-03-11T20:14:41.029928+00:00,4716a1279a5146ec977582a181f4a56d
2024-08-22,0.0,0.00,ft^3/s,Approved,[],2025-03-11T20:14:41.029928+00:00,4716a1279a5146ec977582a181f4a56d
2024-08-23,0.0,0.00,ft^3/s,Approved,[],2025-03-11T20:14:41.029928+00:00,4716a1279a5146ec977582a181f4a56d
2024-08-24,0.0,0.00,ft^3/s,Approved,[],2025-03-11T20:14:41.029928+00:00,4716a1279a5146ec977582a181f4a56d
2024-08-25,0.0,0.00,ft^3/s,Approved,[],2025-03-11T20:14:41.029928+00:00,4716a1279a5146ec977582a181f4a56d
2024-08-26,0.0,0.00,ft^3/s,Approved,[],2025-03-11T20:14:41.029928+00:00,4716a1279a5146ec977582a181f4a56d
2024-08-27,0.0,0.00,ft^3/s,Approved,[],2025-03-11T20:14:41.029928+00:00,4716a1279a5146ec977582a181f4a56d
2024-08-28,0.0,0.00,ft^3/s,Approved,[],2025-03-11T20:14:41.029928+00:00,4716a1279a5146ec977582a181f4a56d
2024-08-29,0.0,0.00,ft^3/s,Approved,[],2025-03-11T20:14:41.029928+00:00,4716a1279a5146ec977582a181f4a56d
2024-08-30,0.0,0.00,ft^3/s,Approved,[],2025-03-11T20:14:41.029928+00:00,4716a1279a5146ec977582a181f4a56d
2024-08-31,0.0,0.00,ft^3/s,Approved,[],2025-03-11T20:14:41.029928+00:00,4716a1279a5146ec977582a181f4a56d
2024-09-01,0.0,0.00,ft^3/s,Approved,[],2025-03-11T20:14:41.029928+00:00,4716a1279a5146ec977582a181f4a56d
2024-09-02,0.0,0.00,ft^3/s,Approved,[],2025-03-11T20:14:41.029928+00:00,4716a1279a5146ec977582a181f4a56d
2024-09-03,0.0,0.00,ft^3/s,Approved,[],2025-03-11T20:14:41.029928+00:00,4716a1279a5146ec977582a181f4a56d
2024-09-04,0.0,0.00,ft^3/s,Approved,[],2025-03-11T20:14:41.029928+00:00,4716a1279a5146ec977582a181f4a56d
2024-09-05,0.0,0.00,ft^3/s,Approved,[],2025-03-11T20:14:41.029928+00:00,4716a1279a5146ec977582a181f4a56d
2024-09-06,0.0,0.00,ft^3/s,Approved,[],2025-03-11T20:14:41.029928+00:00,4716a1279a5146ec977582a181f4a56d
2024-09-07,0.0,0.00,ft^3/s,Approved,[],2025-03-11T20:14:41.029928+00:00,4716a1279a5146ec977582a181f4a56d
2024-09-08,0.0,0.00,ft^3/s,Approved,[],2025-03-11T20:14:41.029928+00:00,4716a1279a5146ec977582a181f4a56d
2024-09-09,0.0,0.00,ft^3/s,Approved,[],2025-03-11T20:14:41.029928+00:00,4716a1279a5146ec977582a181f4a56d
2024-09-10,0.0,0.00,ft^3/s,Approved,[],2025-03-11T20:14:41.029928+00:00,4716a1279a5146ec977582a181f4a56d
2024-09-11,0.0,0.00,ft^3/s,Approved,[],2025-03-11T20:14:41.029928+00:00,4716a1279a5146ec977582a181f4a56d
2024-09-12,0.0,0.00,ft^3/s,Approved,[],2025-03-11T20:14:41.029928+00:00,4716a1279a5146ec977582a181f4a56d
2024-09-13,0.0,0.00,ft^3/s,Approved,[],2025-03-11T20:14:41.029928+00:00,4716a1279a5146ec977582a181f4a56d
2024-09-14,0.0,0.00,ft^3/s,Approved,[],2025-03-11T20:14:41.029928+00:00,4716a1279a5146ec977582a181f4a56d
2024-09-15,0.0,0.00,ft^3/s,Approved,[],2025-03-11T20:14:41.029928+00:00,4716a1279a5146ec977582a181f4a56d
2024-09-16,0.0,0.00,ft^3/s,Approved,[],2025-03-11T20:14:41.029928+00:00,4716a1279a5146ec977582a181f4a56d
2024-09-17,0.0,0.00,ft^3/s,Approved,[],2025-03-11T20:14:41.029928+00:00,4716a1279a5146ec977582a181f4a56d
2024-09-18,0.0,0.00,ft^3/s,Approved,[],2025-03-11T20:14:41.029928+00:00,4716a1279a5146ec977582a181f4a56d
2024-09-19,0.0,0.00,ft^3/s,Approved,[],2025-03-11T20:14:41.029928+00:00,4716a1279a5146ec977582a181f4a56d
2024-09-20,0.0,0.00,ft^3/s,Approved,[],2025-03-11T20:14:41.029928+00:00,4716a1279a5146ec977582a181f4a56d
2024-09-21,0.0,0.00,ft^3/s,Approved,[],2025-03-11T20:14:41.029928+00:00,4716a1279a5146ec977582a181f4a56d
2024-09-22,0.0,0.00,ft^3/s,Approved,[],2025-03-11T20:14:41.029928+00:00,4716a1279a5146ec977582a181f4a56d
2024-09-23,0.0,0.00,ft^3/s,Approved,[],2025-03-11T20:14:41.029928+00:00,4716a1279a5146ec977582a181f4a56d
2024-09-24,0.0,0.00,ft^3/s,Approved,[],2025-03-11T20:14:41.029928+00:00,4716a1279a5146ec977582a181f4a56d
2024-09-25,0.0,0.00,ft^3/s,Approved,[],2025-03-11T20:14:41.029928+00:00,4716a1279a5146ec977582a181f4a56d
2024-09-26,0.0,0.00,ft^3/s,Approved,[],2025-03-11T20:14:41.029928+00:00,4716a1279a5146ec977582a181f4a56d
2024-09-27,0.0,0.00,ft^3/s,Approved,[],2025-03-11T20:14:41.029928+00:00,4716a1279a5146ec977582a181f4a56d
2024-09-28,0.0,0.00,ft^3/s,Approved,[],2025-03-11T20:14:41.029928+00:00,4716a1279a5146ec977582a181f4a56d
2024-09-29,0.0,0.00,ft^3/s,Approved,[],2025-03-11T20:14:41.029928+00:00,4716a1279a5146ec977582a181f4a56d
2024-09-30,0.0,0.00,ft^3/s,Approved,[],2025-03-11T20:14:41.029928+00:00,4716a1279a5146ec977582a181f4a56d
2024-10-01,0.0,0.00,ft^3/s,Approved,[],2025-03-11T20:14:41.029928+00:00,4716a1279a5146ec977582a181f4a56d
2024-10-02,0.0,0.00,ft^3/s,Approved,[],2025-03-11T20:14:41.029928+00:00,4716a1279a5146ec977582a181f4a56d
2024-10-03,0.0,0.00,ft^3/s,Approved,[],2025-03-11T20:14:41.029928+00:00,4716a1279a5146ec977582a181f4a56d
2024-10-04,0.0,0.00,ft^3/s,Approved,[],2025-03-11T20:14:41.029928+00:00,4716a1279a5146ec977582a181f4a56d
2024-10-05,0.0,0.00,ft^3/s,Approved,[],2025-03-11T20:14:41.029928+00:00,4716a1279a5146ec977582a181f4a56d
2024-10-06,0.0,0.00,ft^3/s,Approved,[],2025-03-11T20:14:41.029928+00:00,4716a1279a5146ec977582a181f4a56d
2024-10-07,0.0,0.00,ft^3/s,Approved,[],2025-03-11T20:14:41.029928+00:00,4716a1279a5146ec977582a181f4a56d
2024-10-08,0.0,0.00,ft^3/s,Approved,[],2025-03-11T20:14:41.029928+00:00,4716a1279a5146ec977582a181f4a56d
2024-10-09,0.0,0.00,ft^3/s,Approved,[],2025-03-11T20:14:41.029928+00:00,4716a1279a5146ec977582a181f4a56d
2024-10-10,0.0,0.00,ft^3/s,Approved,[],2025-03-11T20:14:41.029928+00:00,4716a1279a5146ec977582a181f4a56d
2024-10-11,0.0,0.00,ft^3/s,Approved,[],2025-03-11T20:14:41.029928+00:00,4716a1279a5146ec977582a181f4a56d
2024-10-12,0.0,0.00,ft^3/s,Approved,[],2025-03-11T20:14:41.029928+00:00,4716a1279a5146ec977582a181f4a56d
2024-10-13,0.0,0.00,ft^3/s,Approved,[],2025-03-11T20:14:41.029928+00:00,4716a1279a5146ec977582a181f4a56d
2024-10-14,0.0,0.00,ft^3/s,Approved,[],2025-03-11T20:14:41.029928+00:00,4716a1279a5146ec977582a181f4a56d
2024-10-15,0.0,0.00,ft^3/s,Approved,[],2025-03-11T20:14:41.029928+00:00,4716a1279a5146ec977582a181f4a56d
2024-10-16,0.0,0.00,ft^3/s,Approved,[],2025-03-11T20:14:41.029928+00:00,4716a1279a5146ec977582a181f4a56d
2024-10-17,0.0,0.00,ft^3/s,Approved,[],2025-03-11T20:14:41.029928+00:00,4716a1279a5146ec977582a181f4a56d
2024-10-18,0.0,0.00,ft^3/s,Approved,[],2025-03-11T20:14:41.029928+00:00,4716a1279a5146ec977582a181f4a56d
2024-10-19,0.0,0.00,ft^3/s,Approved,[],2025-03-11T20:14:41.029928+00:00,4716a1279a5146ec977582a181f4a56d
2024-10-20,0.0,0.00,ft^3/s,Approved,[],2025-03-11T20:14:41.029928+00:00,4716a1279a5146ec977582a181f4a56d
2024-10-21,0.0,0.00,ft^3/s,Approved,[],2025-03-11T20:14:41.029928+00:00,4716a1279a5146ec977582a181f4a56d
2024-10-22,0.0,0.00,ft^3/s,Approved,[],2025-03-11T20:14:41.029928+00:00,4716a1279a5146ec977582a181f4a56d
2024-10-23,0.0,0.00,ft^3/s,Approved,[],2025-03-11T20:14:41.029928+00:00,4716a1279a5146ec977582a181f4a56d
2024-10-24,0.0,0.00,ft^3/s,Approved,[],2025-03-11T20:14:41.029928+00:00,4716a1279a5146ec977582a181f4a56d
2024-10-25,0.0,0.00,ft^3/s,Approved,[],2025-03-11T20:14:41.029928+00:00,4716a1279a5146ec977582a181f4a56d
2024-10-26,0.0,0.00,ft^3/s,Approved,[],2025-03-11T20:14:41.029928+00:00,4716a1279a5146ec977582a181f4a56d
2024-10-27,0.0,0.00,ft^3/s,Approved,[],2025-03-11T20:14:41.029928+00:00,4716a1279a5146ec977582a181f4a56d
2024-10-28,0.0,0.00,ft^3/s,Approved,[],2025-03-11T20:14:41.029928+00:00,4716a1279a5146ec977582a181f4a56d
2024-10-29,0.0,0.00,ft^3/s,Approved,[],2025-03-11T20:14:41.029928+00:00,4716a1279a5146ec977582a181f4a56d
2024-10-30,0.0,0.00,ft^3/s,Approved,[],2025-03-11T20:14:41.029928+00:00,4716a1279a5146ec977582a181f4a56d
2024-10-31,0.0,0.00,ft^3/s,Approved,[],2025-03-11T20:14:41.029928+00:00,4716a1279a5146ec977582a181f4a56d
2024-11-01,0.0,0.00,ft^3/s,Approved,[],2025-03-11T20:14:41.029928+00:00,4716a1279a5146ec977582a181f4a56d
2024-11-02,0.0,0.00,ft^3/s,Approved,[],2025-03-11T20:14:41.029928+00:00,4716a1279a5146ec977582a181f4a56d
2024-11-03,0.0,0.00,ft^3/s,Approved,[],2025-03-11T20:14:41.029928+00:00,4716a1279a5146ec977582a181f4a56d
2024-11-04,0.0,0.00,ft^3/s,Approved,[],2025-03-11T20:14:41.029928+00:00,4716a1279a5146ec977582a181f4a56d
2024-11-05,0.0,0.00,ft^3/s,Approved,[],2025-03-11T20:14:41.029928+00:00,4716a1279a5146ec977582a181f4a56d
2024-11-06,0.0,0.00,ft^3/s,Approved,[],2025-03-11T20:14:41.029928+00:00,4716a1279a5146ec977582a181f4a56d
2024-11-07,0.0,0.00,ft^3/s,Approved,[],2025-03-11T20:14:41.029928+00:00,4716a1279a5146ec977582a181f4a56d
2024-11-08,0.0,0.00,ft^3/s,Approved,[],2025-03-11T20:14:41.029928+00:00,4716a1279a5146ec977582a181f4a56d
2024-11-09,0.0,0.00,ft^3/s,Approved,[],2025-03-11T20:14:41.029928+00:00,4716a1279a5146ec977582a181f4a56d
2024-11-10,0.0,0.00,ft^3/s,Approved,[],2025-03-11T20:14:41.029928+00:00,4716a1279a5146ec977582a181f4a56d
2024-11-11,0.0,0.00,ft^3/s,Approved,[],2025-03-11T20:14:41.029928+00:00,4716a1279a5146ec977582a181f4a56d
2024-11-12,0.0,0.00,ft^3/s,Approved,[],2025-03-11T20:14:41.029928+00:00,4716a1279a5146ec977582a181f4a56d
2024-11-13,0.0,0.00,ft^3/s,Approved,[],2025-03-11T20:14:41.029928+00:00,4716a1279a5146ec977582a181f4a56d
2024-11-14,0.0,0.00,ft^3/s,Approved,[],2025-03-11T20:14:41.029928+00:00,4716a1279a5146ec977582a181f4a56d
2024-11-15,0.0,0.00,ft^3/s,Approved,[],2025-03-11T20:14:41.029928+00:00,4716a1279a5146ec977582a181f4a56d
2024-11-16,0.0,0.00,ft^3/s,Approved,[],2025-03-11T20:14:41.029928+00:00,4716a1279a5146ec977582a181f4a56d
2024-11-17,0.0,0.00,ft^3/s,Approved,[],2025-03-11T20:14:41.029928+00:00,4716a1279a5146ec977582a181f4a56d
2024-11-18,0.0,0.00,ft^3/s,Approved,[],2025-03-11T20:14:41.029928+00:00,4716a1279a5146ec977582a181f4a56d
2024-11-19,0.0,0.00,ft^3/s,Approved,[],2025-03-11T20:14:41.029928+00:00,4716a1279a5146ec977582a181f4a56d
2024-11-20,0.0,0.00,ft^3/s,Approved,[],2025-03-11T20:14:41.029928+00:00,4716a1279a5146ec977582a181f4a56d
2024-11-21,0.0,0.00,ft^3/s,Approved,[],2025-03-11T20:14:41.029928+00:00,4716a1279a5146ec977582a181f4a56d
2024-11-22,0.0,0.00,ft^3/s,Approved,[],2025-03-11T20:14:41.029928+00:00,4716a1279a5146ec977582a181f4a56d
2024-11-23,0.0,0.00,ft^3/s,Approved,[],2025-03-11T20:14:41.029928+00:00,4716a1279a5146ec977582a181f4a56d
2024-11-24,0.0,0.00,ft^3/s,Approved,[],2025-03-11T20:14:41.029928+00:00,4716a1279a5146ec977582a181f4a56d
2024-11-25,0.0,0.00,ft^3/s,Approved,[],2025-03-11T20:14:41.029928+00:00,4716a1279a5146ec977582a181f4a56d
2024-11-26,0.0,0.00,ft^3/s,Approved,[],2025-03-11T20:14:41.029928+00:00,4716a1279a5146ec977582a181f4a56d
2024-11-27,0.0,0.00,ft^3/s,Approved,[],2025-03-11T20:14:41.029928+00:00,4716a1279a5146ec977582a181f4a56d
2024-11-28,0.0,0.00,ft^3/s,Approved,[],2025-03-11T20:14:41.029928+00:00,4716a1279a5146ec977582a181f4a56d
2024-11-29,0.0,0.00,ft^3/s,Approved,[],2025-03-11T20:14:41.029928+00:00,4716a1279a5146ec977582a181f4a56d
2024-11-30,0.0,0.00,ft^3/s,Approved,[],2025-03-11T20:14:41.029928+00:00,4716a1279a5146ec977582a181f4a56d
2024-12-01,0.0,0.00,ft^3/s,Approved,[],2025-03-11T20:14:41.029928+00:00,4716a1279a5146ec977582a181f4a56d
2024-12-02,0.0,0.00,ft^3/s,Approved,[],2025-03-11T20:14:41.029928+00:00,4716a1279a5146ec977582a181f4a56d
2024-12-03,0.0,0.00,ft^3/s,Approved,[],2025-03-11T20:14:41.029928+00:00,4716a1279a5146ec977582a181f4a56d
2024-12-04,0.0,0.00,ft^3/s,Approved,[],2025-03-11T20:14:41.029928+00:00,4716a1279a5146ec977582a181f4a56d
2024-12-05,0.0,0.00,ft^3/s,Approved,[],2025-03-11T20:14:41.029928+00:00,4716a1279a5146ec977582a181f4a56d
2024-12-06,0.0,0.00,ft^3/s,Approved,[],2025-03-11T20:14:41.029928+00:00,4716a1279a5146ec977582a181f4a56d
2024-12-07,0.0,0.00,ft^3/s,Approved,[],2025-03-11T20:14:41.029928+00:00,4716a1279a5146ec977582a181f4a56d
2024-12-08,0.0,0.00,ft^3/s,Approved,[],2025-03-11T20:14:41.029928+00:00,4716a1279a5146ec977582a181f4a56d
2024-12-09,0.0,0.00,ft^3/s,Approved,[],2025-03-11T20:14:41.029928+00:00,4716a1279a5146ec977582a181f4a56d
2024-12-10,0.0,0.00,ft^3/s,Approved,[],2025-03-11T20:14:41.029928+00:00,4716a1279a5146ec977582a181f4a56d
2024-12-11,0.0,0.00,ft^3/s,Approved,[],2025-03-11T20:14:41.029928+00:00,4716a1279a5146ec977582a181f4a56d
2024-12-12,0.0,0.00,ft^3/s,Approved,[],2025-03-11T20:14:41.029928+00:00,4716a1279a5146ec977582a181f4a56d
2024-12-13,0.0,0.00,ft^3/s,Approved,[],2025-03-11T20:14:41.029928+00:00,4716a1279a5146ec977582a181f4a56d
2024-12-14,0.0,0.00,ft^3/s,Approved,[],2025-03-11T20:14:41.029928+00:00,4716a1279a5146ec977582a181f4a56d
2024-12-15,0.0,0.00,ft^3/s,Approved,[],2025-03-11T20:14:41.029928+00:00,4716a1279a5146ec977582a181f4a56d
2024-12-16,0.0,0.00,ft^3/s,Approved,[],2025-03-11T20:14:41.029928+00:00,4716a1279a5146ec977582a181f4a56d
2024-12-17,0.0,0.00,ft^3/s,Approved,[],2025-03-11T20:14:41.029928+00:00,4716a1279a5146ec977582a181f4a56d
2024-12-18,0.0,0.00,ft^3/s,Approved,[],2025-03-11T20:14:41.029928+00:00,4716a1279a5146ec977582a181f4a56d
2024-12-19,0.0,0.00,ft^3/s,Approved,[],2025-03-11T20:14:41.029928+00:00,4716a1279a5146ec977582a181f4a56d
2024-12-20,0.0,0.00,ft^3/s,Approved,[],2025-03-11T20:14:41.029928+00:00,4716a1279a5146ec977582a181f4a56d
2024-12-21,0.0,0.00,ft^3/s,Approved,[],2025-03-11T20:14:41.029928+00:00,4716a1279a5146ec977582a181f4a56d
2024-12-22,0.0,0.00,ft^3/s,Approved,[],2025-03-11T20:14:41.029928+00:00,4716a1279a5146ec977582a181f4a56d
2024-12-23,0.0,0.00,ft^3/s,Approved,[],2025-03-11T20:14:41.029928+00:00,4716a1279a5146ec977582a181f4a56d
2024-12-24,0.0,0.00,ft^3/s,Approved,[],2025-03-11T20:14:41.029928+00:00,4716a1279a5146ec977582a181f4a56d
2024-12-25,0.0,0.00,ft^3/s,Approved,[],2025-03-11T20:14:41.029928+00:00,4716a1279a5146ec977582a181f4a56d
2024-12-26,0.0,0.00,ft^3/s,Approved,[],2025-03-11T20:14:41.029928+00:00,4716a1279a5146ec977582a181f4a56d
2024-12-27,0.0,0.00,ft^3/s,Approved,[],2025-03-11T20:14:41.029928+00:00,4716a1279a5146ec977582a181f4a56d
2024-12-28,0.0,0.00,ft^3/s,Approved,[],2025-03-11T20:14:41.029928+00:00,4716a1279a5146ec977582a181f4a56d
2024-12-29,0.0,0.00,ft^3/s,Approved,[],2025-03-11T20:14:41.029928+00:00,4716a1279a5146ec977582a181f4a56d
2024-12-30,0.0,0.00,ft^3/s,Approved,[],2025-03-11T20:14:41.029928+00:00,4716a1279a5146ec977582a181f4a56d
2024-12-31,0.0,0.00,ft^3/s,Approved,[],2025-03-11T20:14:41.029928+00:00,4716a1279a5146ec977582a181f4a56d
2025-01-01,0.0,0.00,ft^3/s,Approved,[],2025-03-11T20:14:41.029928+00:00,4716a1279a5146ec977582a181f4a56d
2025-01-02,0.0,0.00,ft^3/s,Approved,[],2025-03-11T20:14:41.029928+00:00,4716a1279a5146ec977582a181f4a56d
2025-01-03,0.0,0.00,ft^3/s,Approved,[],2025-03-11T20:14:41.029928+00:00,4716a1279a5146ec977582a181f4a56d
2025-01-04,0.0,0.00,ft^3/s,Approved,[],2025-03-11T20:14:41.029928+00:00,4716a1279a5146ec977582a181f4a56d
2025-01-05,0.0,0.00,ft^3/s,Approved,[],2025-04-21T15:31:14.563710+00:00,4716a1279a5146ec977582a181f4a56d
2025-01-06,0.0,0.00,ft^3/s,Approved,[],2025-04-21T15:31:14.563710+00:00,4716a1279a5146ec977582a181f4a56d
2025-01-07,0.0,0.00,ft^3/s,Approved,[],2025-04-21T15:31:14.563710+00:00,4716a1279a5146ec977582a181f4a56d
2025-01-08,0.0,0.00,ft^3/s,Approved,[],2025-04-21T15:31:14.563710+00:00,4716a1279a5146ec977582a181f4a56d
2025-01-09,0.0,0.00,ft^3/s,Approved,[],2025-04-21T15:31:14.563710+00:00,4716a1279a5146ec977582a181f4a56d
2025-01-10,0.0,0.00,ft^3/s,Approved,[],2025-04-21T15:31:14.563710+00:00,4716a1279a5146ec977582a181f4a56d
2025-01-11,0.0,0.00,ft^3/s,Approved,[],2025-04-21T15:31:14.563710+00:00,4716a1279a5146ec977582a181f4a56d
2025-01-12,0.0,0.00,ft^3/s,Approved,[],2025-04-21T15:31:14.563710+00:00,4716a1279a5146ec977582a181f4a56d
2025-01-13,0.0,0.00,ft^3/s,Approved,[],2025-04-21T15:31:14.563710+00:00,4716a1279a5146ec977582a181f4a56d
2025-01-14,0.0,0.00,ft^3/s,Approved,[],2025-04-21T15:31:14.563710+00:00,4716a1279a5146ec977582a181f4a56d
2025-01-15,0.0,0.00,ft^3/s,Approved,[],2025-04-21T15:31:14.563710+00:00,4716a1279a5146ec977582a181f4a56d
2025-01-16,0.0,0.00,ft^3/s,Approved,[],2025-04-21T15:31:14.563710+00:00,4716a1279a5146ec977582a181f4a56d
2025-01-17,0.0,0.00,ft^3/s,Approved,[],2025-04-21T15:31:14.563710+00:00,4716a1279a5146ec977582a181f4a56d
2025-01-18,0.0,0.00,ft^3/s,Approved,[],2025-04-21T15:31:14.563710+00:00,4716a1279a5146ec977582a181f4a56d
2025-01-19,0.0,0.00,ft^3/s,Approved,[],2025-04-21T15:31:14.563710+00:00,4716a1279a5146ec977582a181f4a56d
2025-01-20,0.0,0.00,ft^3/s,Approved,[],2025-04-21T15:31:14.563710+00:00,4716a1279a5146ec977582a181f4a56d
2025-01-21,0.0,0.00,ft^3/s,Approved,[],2025-04-21T15:31:14.563710+00:00,4716a1279a5146ec977582a181f4a56d
2025-01-22,0.0,0.00,ft^3/s,Approved,[],2025-04-21T15:31:14.563710+00:00,4716a1279a5146ec977582a181f4a56d
2025-01-23,0.0,0.00,ft^3/s,Approved,[],2025-04-21T15:31:14.563710+00:00,4716a1279a5146ec977582a181f4a56d
2025-01-24,0.0,0.00,ft^3/s,Approved,[],2025-04-21T15:31:14.563710+00:00,4716a1279a5146ec977582a181f4a56d
2025-01-25,0.0,0.00,ft^3/s,Approved,[],2025-04-21T15:31:14.563710+00:00,4716a1279a5146ec977582a181f4a56d
2025-01-26,0.0,0.00,ft^3/s,Approved,[],2025-04-21T15:31:14.563710+00:00,4716a1279a5146ec977582a181f4a56d
2025-01-27,0.0,0.00,ft^3/s,Approved,[],2025-04-21T15:31:14.563710+00:00,4716a1279a5146ec977582a181f4a56d
2025-01-28,0.0,0.00,ft^3/s,Approved,[],2025-04-21T15:31:14.563710+00:00,4716a1279a5146ec977582a181f4a56d
2025-01-29,0.0,0.00,ft^3/s,Approved,[],2025-04-21T15:31:14.563710+00:00,4716a1279a5146ec977582a181f4a56d
2025-01-30,0.0,0.00,ft^3/s,Approved,[],2025-04-21T15:31:14.563710+00:00,4716a1279a5146ec977582a181f4a56d
2025-01-31,0.0,0.00,ft^3/s,Approved,[],2025-04-21T15:31:14.563710+00:00,4716a1279a5146ec977582a181f4a56d
2025-02-01,0.0,0.00,ft^3/s,Approved,[],2025-04-21T15:31:14.563710+00:00,4716a1279a5146ec977582a181f4a56d
2025-02-02,0.0,0.00,ft^3/s,Approved,[],2025-04-21T15:31:14.563710+00:00,4716a1279a5146ec977582a181f4a56d
2025-02-03,0.0,0.00,ft^3/s,Approved,[],2025-04-21T15:31:14.563710+00:00,4716a1279a5146ec977582a181f4a56d
2025-02-04,0.0,0.00,ft^3/s,Approved,[],2025-04-21T15:31:14.563710+00:00,4716a1279a5146ec977582a181f4a56d
2025-02-05,0.0,0.00,ft^3/s,Approved,[],2025-04-21T15:31:14.563710+00:00,4716a1279a5146ec977582a181f4a56d
2025-02-06,0.0,0.00,ft^3/s,Approved,[],2025-04-21T15:31:14.563710+00:00,4716a1279a5146ec977582a181f4a56d
2025-02-07,0.0,0.00,ft^3/s,Approved,[],2025-04-21T15:31:14.563710+00:00,4716a1279a5146ec977582a181f4a56d
2025-02-08,0.0,0.00,ft^3/s,Approved,[],2025-04-21T15:31:14.563710+00:00,4716a1279a5146ec977582a181f4a56d
2025-02-09,0.0,0.00,ft^3/s,Approved,[],2025-04-21T15:31:14.563710+00:00,4716a1279a5146ec977582a181f4a56d
2025-02-10,0.0,0.00,ft^3/s,Approved,[],2025-04-21T15:31:14.563710+00:00,4716a1279a5146ec977582a181f4a56d
2025-02-11,0.0,0.00,ft^3/s,Approved,[],2025-04-21T15:31:14.563710+00:00,4716a1279a5146ec977582a181f4a56d
2025-02-12,0.0,0.00,ft^3/s,Approved,[],2025-04-21T15:31:14.563710+00:00,4716a1279a5146ec977582a181f4a56d
2025-02-13,0.0,0.00,ft^3/s,Approved,[],2025-04-21T15:31:14.563710+00:00,4716a1279a5146ec977582a181f4a56d
2025-02-14,0.0,0.00,ft^3/s,Approved,[],2025-04-21T15:31:14.563710+00:00,4716a1279a5146ec977582a181f4a56d
2025-02-15,0.0,0.00,ft^3/s,Approved,[],2025-04-21T15:31:14.563710+00:00,4716a1279a5146ec977582a181f4a56d
2025-02-16,0.0,0.00,ft^3/s,Approved,[],2025-04-21T15:31:14.563710+00:00,4716a1279a5146ec977582a181f4a56d
2025-02-17,0.0,0.00,ft^3/s,Approved,[],2025-04-21T15:31:14.563710+00:00,4716a1279a5146ec977582a181f4a56d
2025-02-18,0.0,0.00,ft^3/s,Approved,[],2025-04-21T15:31:14.563710+00:00,4716a1279a5146ec977582a181f4a56d
2025-02-19,0.0,0.00,ft^3/s,Approved,[],2025-04-21T15:31:14.563710+00:00,4716a1279a5146ec977582a181f4a56d
2025-02-20,0.0,0.00,ft^3/s,Approved,[],2025-04-21T15:31:14.563710+00:00,4716a1279a5146ec977582a181f4a56d
2025-02-21,0.0,0.00,ft^3/s,Approved,[],2025-04-21T15:31:14.563710+00:00,4716a1279a5146ec977582a181f4a56d
2025-02-22,0.0,0.00,ft^3/s,Approved,[],2025-04-21T15:31:14.563710+00:00,4716a1279a5146ec977582a181f4a56d
2025-02-23,0.0,0.00,ft^3/s,Approved,[],2025-04-21T15:31:14.563710+00:00,4716a1279a5146ec977582a181f4a56d
2025-02-24,0.0,0.00,ft^3/s,Approved,[],2025-04-21T15:31:14.563710+00:00,4716a1279a5146ec977582a181f4a56d
2025-02-25,0.0,0.00,ft^3/s,Approved,[],2025-04-21T15:31:14.563710+00:00,4716a1279a5146ec977582a181f4a56d
2025-02-26,0.0,0.00,ft^3/s,Approved,[],2025-04-21T15:31:14.563710+00:00,4716a1279a5146ec977582a181f4a56d
2025-02-27,0.0,0.00,ft^3/s,Approved,[],2025-04-21T15:31:14.563710+00:00,4716a1279a5146ec977582a181f4a56d
2025-02-28,0.0,0.00,ft^3/s,Approved,[],2025-04-21T15:31:14.563710+00:00,4716a1279a5146ec977582a181f4a56d
2025-03-01,0.0,0.00,ft^3/s,Approved,[],2025-04-21T15:31:14.563710+00:00,4716a1279a5146ec977582a181f4a56d
2025-03-02,0.0,0.00,ft^3/s,Approved,[],2025-04-21T15:31:14.563710+00:00,4716a1279a5146ec977582a181f4a56d
2025-03-03,0.0,0.00,ft^3/s,Approved,[],2025-04-21T15:31:14.563710+00:00,4716a1279a5146ec977582a181f4a56d
2025-03-04,0.0,0.00,ft^3/s,Approved,[],2025-08-29T15:42:16.149787+00:00,4716a1279a5146ec977582a181f4a56d
2025-03-05,0.0,0.00,ft^3/s,Approved,"[""ESTIMATED""]",2025-08-29T15:49:18.392653+00:00,4716a1279a5146ec977582a181f4a56d
2025-03-06,0.0,0.00,ft^3/s,Approved,"[""ESTIMATED""]",2025-08-29T15:49:18.392653+00:00,4716a1279a5146ec977582a181f4a56d
2025-03-07,0.0,0.00,ft^3/s,Approved,"[""ESTIMATED""]",2025-08-29T15:49:18.392653+00:00,4716a1279a5146ec977582a181f4a56d
2025-03-08,0.0,0.00,ft^3/s,Approved,"[""ESTIMATED""]",2025-08-29T15:49:18.392653+00:00,4716a1279a5146ec977582a181f4a56d
2025-03-09,0.0,0.00,ft^3/s,Approved,"[""ESTIMATED""]",2025-08-29T15:49:18.392653+00:00,4716a1279a5146ec977582a181f4a56d
2025-03-10,0.0,0.00,ft^3/s,Approved,"[""ESTIMATED""]",2025-08-29T15:49:18.392653+00:00,4716a1279a5146ec977582a181f4a56d
2025-03-11,0.0,0.00,ft^3/s,Approved,"[""ESTIMATED""]",2025-08-29T15:49:18.392653+00:00,4716a1279a5146ec977582a181f4a56d
2025-03-12,0.0,0.00,ft^3/s,Approved,"[""ESTIMATED""]",2025-08-29T15:49:18.392653+00:00,4716a1279a5146ec977582a181f4a56d
2025-03-13,0.0,0.00,ft^3/s,Approved,"[""ESTIMATED""]",2025-08-29T15:49:18.392653+00:00,4716a1279a5146ec977582a181f4a56d
2025-03-14,0.0,0.00,ft^3/s,Approved,"[""ESTIMATED""]",2025-08-29T15:49:18.392653+00:00,4716a1279a5146ec977582a181f4a56d
2025-03-15,0.0,0.00,ft^3/s,Approved,"[""ESTIMATED""]",2025-08-29T15:49:18.392653+00:00,4716a1279a5146ec977582a181f4a56d
2025-03-16,0.0,0.00,ft^3/s,Approved,"[""ESTIMATED""]",2025-08-29T15:49:18.392653+00:00,4716a1279a5146ec977582a181f4a56d
2025-03-17,0.0,0.00,ft^3/s,Approved,"[""ESTIMATED""]",2025-08-29T15:49:18.392653+00:00,4716a1279a5146ec977582a181f4a56d
2025-03-18,0.0,0.00,ft^3/s,Approved,"[""ESTIMATED""]",2025-08-29T15:49:18.392653+00:00,4716a1279a5146ec977582a181f4a56d
2025-03-19,0.0,0.00,ft^3/s,Approved,"[""ESTIMATED""]",2025-08-29T15:49:18.392653+00:00,4716a1279a5146ec977582a181f4a56d
2025-03-20,0.0,0.00,ft^3/s,Approved,"[""ESTIMATED""]",2025-08-29T15:49:18.392653+00:00,4716a1279a5146ec977582a181f4a56d
2025-03-21,0.0,0.00,ft^3/s,Approved,"[""ESTIMATED""]",2025-08-29T15:49:18.392653+00:00,4716a1279a5146ec977582a181f4a56d
2025-03-22,0.0,0.00,ft^3/s,Approved,"[""ESTIMATED""]",2025-08-29T15:49:18.392653+00:00,4716a1279a5146ec977582a181f4a56d
2025-03-23,0.0,0.00,ft^3/s,Approved,"[""ESTIMATED""]",2025-08-29T15:49:18.392653+00:00,4716a1279a5146ec977582a181f4a56d
2025-03-24,0.0,0.00,ft^3/s,Approved,"[""ESTIMATED""]",2025-08-29T15:49:18.392653+00:00,4716a1279a5146ec977582a181f4a56d
2025-03-25,0.0,0.00,ft^3/s,Approved,"[""ESTIMATED""]",2025-08-29T15:49:18.392653+00:00,4716a1279a5146ec977582a181f4a56d
2025-03-26,0.0,0.00,ft^3/s,Approved,"[""ESTIMATED""]",2025-08-29T15:49:18.392653+00:00,4716a1279a5146ec977582a181f4a56d
2025-03-27,0.0,0.00,ft^3/s,Approved,"[""ESTIMATED""]",2025-08-29T15:49:18.392653+00:00,4716a1279a5146ec977582a181f4a56d
2025-03-28,0.0,0.00,ft^3/s,Approved,"[""ESTIMATED""]",2025-08-29T15:49:18.392653+00:00,4716a1279a5146ec977582a181f4a56d
2025-03-29,0.0,0.00,ft^3/s,Approved,"[""ESTIMATED""]",2025-08-29T15:49:18.392653+00:00,4716a1279a5146ec977582a181f4a56d
2025-03-30,0.0,0.00,ft^3/s,Approved,"[""ESTIMATED""]",2025-08-29T15:49:18.392653+00:00,4716a1279a5146ec977582a181f4a56d
2025-03-31,0.0,0.00,ft^3/s,Approved,"[""ESTIMATED""]",2025-08-29T15:49:18.392653+00:00,4716a1279a5146ec977582a181f4a56d
2025-04-01,0.0,0.00,ft^3/s,Approved,"[""ESTIMATED""]",2025-08-29T15:49:18.392653+00:00,4716a1279a5146ec977582a181f4a56d
2025-04-02,0.0,0.00,ft^3/s,Approved,"[""ESTIMATED""]",2025-08-29T15:49:18.392653+00:00,4716a1279a5146ec977582a181f4a56d
2025-04-03,0.0,0.00,ft^3/s,Approved,"[""ESTIMATED""]",2025-08-29T15:49:18.392653+00:00,4716a1279a5146ec977582a181f4a56d
2025-04-04,0.0,0.00,ft^3/s,Approved,"[""ESTIMATED""]",2025-08-29T15:49:18.392653+00:00,4716a1279a5146ec977582a181f4a56d
2025-04-05,0.0,0.00,ft^3/s,Approved,"[""ESTIMATED""]",2025-08-29T15:49:18.392653+00:00,4716a1279a5146ec977582a181f4a56d
2025-04-06,0.0,0.00,ft^3/s,Approved,"[""ESTIMATED""]",2025-08-29T15:49:18.392653+00:00,4716a1279a5146ec977582a181f4a56d
2025-04-07,0.0,0.00,ft^3/s,Approved,"[""ESTIMATED""]",2025-08-29T15:49:18.392653+00:00,4716a1279a5146ec977582a181f4a56d
2025-04-08,0.0,0.00,ft^3/s,Approved,"[""ESTIMATED""]",2025-08-29T15:49:18.392653+00:00,4716a1279a5146ec977582a181f4a56d
2025-04-09,0.0,0.00,ft^3/s,Approved,"[""ESTIMATED""]",2025-08-29T15:49:18.392653+00:00,4716a1279a5146ec977582a181f4a56d
2025-04-10,0.0,0.00,ft^3/s,Approved,"[""ESTIMATED""]",2025-08-29T15:49:18.392653+00:00,4716a1279a5146ec977582a181f4a56d
2025-04-11,0.0,0.00,ft^3/s,Approved,"[""ESTIMATED""]",2025-08-29T15:49:18.392653+00:00,4716a1279a5146ec977582a181f4a56d
2025-04-12,0.0,0.00,ft^3/s,Approved,"[""ESTIMATED""]",2025-08-29T15:49:18.392653+00:00,4716a1279a5146ec977582a181f4a56d
2025-04-13,0.0,0.00,ft^3/s,Approved,"[""ESTIMATED""]",2025-08-29T15:49:18.392653+00:00,4716a1279a5146ec977582a181f4a56d
2025-04-14,0.0,0.00,ft^3/s,Approved,"[""ESTIMATED""]",2025-08-29T15:49:18.392653+00:00,4716a1279a5146ec977582a181f4a56d
2025-04-15,0.0,0.00,ft^3/s,Approved,"[""ESTIMATED""]",2025-08-29T15:49:18.392653+00:00,4716a1279a5146ec977582a181f4a56d
2025-04-16,0.0,0.00,ft^3/s,Approved,"[""ESTIMATED""]",2025-08-29T15:49:18.392653+00:00,4716a1279a5146ec977582a181f4a56d
2025-04-17,0.0,0.00,ft^3/s,Approved,"[""ESTIMATED""]",2025-08-29T15:49:18.392653+00:00,4716a1279a5146ec977582a181f4a56d
2025-04-18,0.0,0.00,ft^3/s,Approved,"[""ESTIMATED""]",2025-08-29T15:49:18.392653+00:00,4716a1279a5146ec977582a181f4a56d
2025-04-19,0.0,0.00,ft^3/s,Approved,"[""ESTIMATED""]",2025-08-29T15:49:18.392653+00:00,4716a1279a5146ec977582a181f4a56d
2025-04-20,0.0,0.00,ft^3/s,Approved,"[""ESTIMATED""]",2025-08-29T15:49:18.392653+00:00,4716a1279a5146ec977582a181f4a56d
2025-04-21,0.0,0.00,ft^3/s,Approved,"[""ESTIMATED""]",2025-08-29T15:49:18.392653+00:00,4716a1279a5146ec977582a181f4a56d
2025-04-22,0.0,0.00,ft^3/s,Approved,"[""ESTIMATED""]",2025-08-29T15:49:18.392653+00:00,4716a1279a5146ec977582a181f4a56d
2025-04-23,0.0,0.00,ft^3/s,Approved,"[""ESTIMATED""]",2025-08-29T15:49:18.392653+00:00,4716a1279a5146ec977582a181f4a56d
2025-04-24,0.0,0.00,ft^3/s,Approved,"[""ESTIMATED""]",2025-08-29T15:49:18.392653+00:00,4716a1279a5146ec977582a181f4a56d
2025-04-25,0.0,0.00,ft^3/s,Approved,"[""ESTIMATED""]",2025-08-29T15:49:18.392653+00:00,4716a1279a5146ec977582a181f4a56d
2025-04-26,0.0,0.00,ft^3/s,Approved,"[""ESTIMATED""]",2025-08-29T15:49:18.392653+00:00,4716a1279a5146ec977582a181f4a56d
2025-04-27,0.0,0.00,ft^3/s,Approved,"[""ESTIMATED""]",2025-08-29T15:49:18.392653+00:00,4716a1279a5146ec977582a181f4a56d
2025-04-28,0.0,0.00,ft^3/s,Approved,"[""ESTIMATED""]",2025-08-29T15:49:18.392653+00:00,4716a1279a5146ec977582a181f4a56d
2025-04-29,0.0,0.00,ft^3/s,Approved,"[""ESTIMATED""]",2025-08-29T15:49:18.392653+00:00,4716a1279a5146ec977582a181f4a56d
2025-04-30,0.0,0.00,ft^3/s,Approved,"[""ESTIMATED""]",2025-08-29T15:49:18.392653+00:00,4716a1279a5146ec977582a181f4a56d
2025-05-01,0.01,0.01,ft^3/s,Approved,"[""ESTIMATED""]",2025-08-29T15:49:18.392653+00:00,4716a1279a5146ec977582a181f4a56d
2025-05-02,58.3,58.3,ft^3/s,Approved,[],2025-11-14T21:01:14.813334+00:00,4716a1279a5146ec977582a181f4a56d
2025-05-03,1.19,1.19,ft^3/s,Approved,[],2025-11-14T21:01:14.813334+00:00,4716a1279a5146ec977582a181f4a56d
2025-05-04,0.0,0.00,ft^3/s,Approved,[],2025-11-14T21:01:14.813334+00:00,4716a1279a5146ec977582a181f4a56d
2025-05-05,0.01,0.01,ft^3/s,Approved,[],2025-11-14T21:01:14.813334+00:00,4716a1279a5146ec977582a181f4a56d
2025-05-06,510.0,510,ft^3/s,Approved,[],2025-11-14T21:01:14.813334+00:00,4716a1279a5146ec977582a181f4a56d
2025-05-07,43.9,43.9,ft^3/s,Approved,[],2025-11-14T21:01:14.813334+00:00,4716a1279a5146ec977582a181f4a56d
2025-05-08,6.36,6.36,ft^3/s,Approved,[],2025-11-14T21:01:14.813334+00:00,4716a1279a5146ec977582a181f4a56d
2025-05-09,3.07,3.07,ft^3/s,Approved,[],2025-11-14T21:01:14.813334+00:00,4716a1279a5146ec977582a181f4a56d
2025-05-10,1.84,1.84,ft^3/s,Approved,[],2025-11-14T21:01:14.813334+00:00,4716a1279a5146ec977582a181f4a56d
2025-05-11,1.18,1.18,ft^3/s,Approved,[],2025-11-14T21:01:14.813334+00:00,4716a1279a5146ec977582a181f4a56d
2025-05-12,0.55,0.55,ft^3/s,Approved,[],2025-11-14T21:01:14.813334+00:00,4716a1279a5146ec977582a181f4a56d
2025-05-13,0.24,0.24,ft^3/s,Approved,[],2025-11-14T21:01:14.813334+00:00,4716a1279a5146ec977582a181f4a56d
2025-05-14,0.04,0.04,ft^3/s,Approved,[],2025-11-14T21:01:14.813334+00:00,4716a1279a5146ec977582a181f4a56d
2025-05-15,0.0,0.00,ft^3/s,Approved,[],2025-11-14T21:01:14.813334+00:00,4716a1279a5146ec977582a181f4a56d
2025-05-16,0.0,0.00,ft^3/s,Approved,[],2025-11-14T21:01:14.813334+00:00,4716a1279a5146ec977582a181f4a56d
2025-05-17,0.0,0.00,ft^3/s,Approved,[],2025-11-14T21:01:14.813334+00:00,4716a1279a5146ec977582a181f4a56d
2025-05-18,0.0,0.00,ft^3/s,Approved,[],2025-11-14T21:01:14.813334+00:00,4716a1279a5146ec977582a181f4a56d
2025-05-19,0.0,0.00,ft^3/s,Approved,[],2025-11-14T21:01:14.813334+00:00,4716a1279a5146ec977582a181f4a56d
2025-05-20,0.0,0.00,ft^3/s,Approved,[],2025-11-14T21:01:14.813334+00:00,4716a1279a5146ec977582a181f4a56d
2025-05-21,0.0,0.00,ft^3/s,Approved,[],2025-11-14T21:01:14.813334+00:00,4716a1279a5146ec977582a181f4a56d
2025-05-22,0.0,0.00,ft^3/s,Approved,[],2025-11-14T21:01:14.813334+00:00,4716a1279a5146ec977582a181f4a56d
2025-05-23,0.0,0.00,ft^3/s,Approved,[],2025-11-14T21:01:14.813334+00:00,4716a1279a5146ec977582a181f4a56d
2025-05-24,0.0,0.00,ft^3/s,Approved,[],2025-11-14T21:01:14.813334+00:00,4716a1279a5146ec977582a181f4a56d
2025-05-25,0.0,0.00,ft^3/s,Approved,[],2025-11-14T21:01:14.813334+00:00,4716a1279a5146ec977582a181f4a56d
2025-05-26,0.0,0.00,ft^3/s,Approved,[],2025-11-14T21:01:14.813334+00:00,4716a1279a5146ec977582a181f4a56d
2025-05-27,0.0,0.00,ft^3/s,Approved,[],2025-11-14T21:01:14.813334+00:00,4716a1279a5146ec977582a181f4a56d
2025-05-28,0.0,0.00,ft^3/s,Approved,[],2025-11-14T21:01:14.813334+00:00,4716a1279a5146ec977582a181f4a56d
2025-05-29,0.0,0.00,ft^3/s,Approved,[],2025-11-14T21:01:14.813334+00:00,4716a1279a5146ec977582a181f4a56d
2025-05-30,0.0,0.00,ft^3/s,Approved,[],2025-11-14T21:01:14.813334+00:00,4716a1279a5146ec977582a181f4a56d
2025-05-31,0.0,0.00,ft^3/s,Approved,[],2025-11-14T21:01:14.813334+00:00,4716a1279a5146ec977582a181f4a56d
2025-06-01,0.0,0.00,ft^3/s,Approved,"[""ESTIMATED""]",2025-11-14T21:01:14.813334+00:00,4716a1279a5146ec977582a181f4a56d
2025-06-02,0.0,0.00,ft^3/s,Approved,"[""ESTIMATED""]",2025-11-14T21:01:14.813334+00:00,4716a1279a5146ec977582a181f4a56d
2025-06-03,0.0,0.00,ft^3/s,Approved,"[""ESTIMATED""]",2025-11-14T21:01:14.813334+00:00,4716a1279a5146ec977582a181f4a56d
2025-06-04,0.0,0.00,ft^3/s,Approved,"[""ESTIMATED""]",2025-11-14T21:01:14.813334+00:00,4716a1279a5146ec977582a181f4a56d
2025-06-05,0.0,0.00,ft^3/s,Approved,"[""ESTIMATED""]",2025-11-14T21:01:14.813334+00:00,4716a1279a5146ec977582a181f4a56d
2025-06-06,0.0,0.00,ft^3/s,Approved,"[""ESTIMATED""]",2025-11-14T21:01:14.813334+00:00,4716a1279a5146ec977582a181f4a56d
2025-06-07,0.0,0.00,ft^3/s,Approved,"[""ESTIMATED""]",2025-11-14T21:01:14.813334+00:00,4716a1279a5146ec977582a181f4a56d
2025-06-08,0.0,0.00,ft^3/s,Approved,"[""ESTIMATED""]",2025-11-14T21:01:14.813334+00:00,4716a1279a5146ec977582a181f4a56d
2025-06-09,0.0,0.00,ft^3/s,Approved,"[""ESTIMATED""]",2025-11-14T21:01:14.813334+00:00,4716a1279a5146ec977582a181f4a56d
2025-06-10,0.0,0.00,ft^3/s,Approved,"[""ESTIMATED""]",2025-11-14T21:01:14.813334+00:00,4716a1279a5146ec977582a181f4a56d
2025-06-11,0.0,0.00,ft^3/s,Approved,"[""ESTIMATED""]",2025-11-14T21:01:14.813334+00:00,4716a1279a5146ec977582a181f4a56d
2025-06-12,3.73,3.73,ft^3/s,Approved,"[""ESTIMATED""]",2025-11-14T21:01:14.813334+00:00,4716a1279a5146ec977582a181f4a56d
2025-06-13,1.35,1.35,ft^3/s,Approved,[],2025-11-14T21:01:14.813334+00:00,4716a1279a5146ec977582a181f4a56d
2025-06-14,0.77,0.77,ft^3/s,Approved,[],2025-11-14T21:01:14.813334+00:00,4716a1279a5146ec977582a181f4a56d
2025-06-15,11.2,11.2,ft^3/s,Approved,[],2025-11-14T21:01:14.813334+00:00,4716a1279a5146ec977582a181f4a56d
2025-06-16,4.47,4.47,ft^3/s,Approved,[],2025-11-14T21:01:14.813334+00:00,4716a1279a5146ec977582a181f4a56d
2025-06-17,0.26,0.26,ft^3/s,Approved,[],2025-11-14T21:01:14.813334+00:00,4716a1279a5146ec977582a181f4a56d
2025-06-18,0.0,0.00,ft^3/s,Approved,[],2025-11-14T21:01:14.813334+00:00,4716a1279a5146ec977582a181f4a56d
2025-06-19,0.0,0.00,ft^3/s,Approved,[],2025-11-14T21:01:14.813334+00:00,4716a1279a5146ec977582a181f4a56d
2025-06-20,0.0,0.00,ft^3/s,Approved,[],2025-11-14T21:01:14.813334+00:00,4716a1279a5146ec977582a181f4a56d
2025-06-21,0.0,0.00,ft^3/s,Approved,[],2025-11-14T21:01:14.813334+00:00,4716a1279a5146ec977582a181f4a56d
2025-06-22,0.0,0.00,ft^3/s,Approved,[],2025-11-14T21:01:14.813334+00:00,4716a1279a5146ec977582a181f4a56d
2025-06-23,0.0,0.00,ft^3/s,Approved,[],2025-11-14T21:01:14.813334+00:00,4716a1279a5146ec977582a181f4a56d
2025-06-24,0.0,0.00,ft^3/s,Approved,[],2025-11-14T21:01:14.813334+00:00,4716a1279a5146ec977582a181f4a56d
2025-06-25,0.0,0.00,ft^3/s,Approved,[],2025-11-14T21:01:14.813334+00:00,4716a1279a5146ec977582a181f4a56d
2025-06-26,0.0,0.00,ft^3/s,Approved,[],2025-11-14T21:01:14.813334+00:00,4716a1279a5146ec977582a181f4a56d
2025-06-27,0.0,0.00,ft^3/s,Approved,[],2025-11-14T21:01:14.813334+00:00,4716a1279a5146ec977582a181f4a56d
2025-06-28,0.0,0.00,ft^3/s,Approved,"[""ESTIMATED""]",2025-11-14T21:01:14.813334+00:00,4716a1279a5146ec977582a181f4a56d
2025-06-29,0.0,0.00,ft^3/s,Approved,"[""ESTIMATED""]",2025-11-14T21:01:14.813334+00:00,4716a1279a5146ec977582a181f4a56d
2025-06-30,0.0,0.00,ft^3/s,Approved,"[""ESTIMATED""]",2025-11-14T21:01:14.813334+00:00,4716a1279a5146ec977582a181f4a56d
2025-07-01,0.0,0.00,ft^3/s,Approved,"[""ESTIMATED""]",2025-11-14T21:01:14.813334+00:00,4716a1279a5146ec977582a181f4a56d
2025-07-02,0.0,0.00,ft^3/s,Approved,"[""ESTIMATED""]",2025-11-14T21:01:14.813334+00:00,4716a1279a5146ec977582a181f4a56d
2025-07-03,0.0,0.00,ft^3/s,Approved,"[""ESTIMATED""]",2025-11-14T21:01:14.813334+00:00,4716a1279a5146ec977582a181f4a56d
2025-07-04,0.0,0.00,ft^3/s,Approved,"[""ESTIMATED""]",2025-11-14T21:01:14.813334+00:00,4716a1279a5146ec977582a181f4a56d
2025-07-05,990.0,990,ft^3/s,Approved,[],2025-11-14T21:01:14.813334+00:00,4716a1279a5146ec977582a181f4a56d
2025-07-06,118.0,118,ft^3/s,Approved,[],2025-11-14T21:01:14.813334+00:00,4716a1279a5146ec977582a181f4a56d
2025-07-07,123.0,123,ft^3/s,Approved,[],2025-11-14T21:01:14.813334+00:00,4716a1279a5146ec977582a181f4a56d
2025-07-08,48.8,48.8,ft^3/s,Approved,[],2025-11-14T21:01:14.813334+00:00,4716a1279a5146ec977582a181f4a56d
2025-07-09,15.2,15.2,ft^3/s,Approved,[],2025-11-14T21:01:14.813334+00:00,4716a1279a5146ec977582a181f4a56d
2025-07-10,7.96,7.96,ft^3/s,Approved,[],2025-11-14T21:01:14.813334+00:00,4716a1279a5146ec977582a181f4a56d
2025-07-11,5.62,5.62,ft^3/s,Approved,[],2025-11-14T21:01:14.813334+00:00,4716a1279a5146ec977582a181f4a56d
2025-07-12,4.98,4.98,ft^3/s,Approved,[],2025-11-14T21:01:14.813334+00:00,4716a1279a5146ec977582a181f4a56d
2025-07-13,8.63,8.63,ft^3/s,Approved,[],2025-11-14T21:01:14.813334+00:00,4716a1279a5146ec977582a181f4a56d
2025-07-14,9.08,9.08,ft^3/s,Approved,[],2025-11-14T21:01:14.813334+00:00,4716a1279a5146ec977582a181f4a56d
2025-07-15,5.5,5.50,ft^3/s,Approved,[],2025-11-14T21:01:14.813334+00:00,4716a1279a5146ec977582a181f4a56d
2025-07-16,4.53,4.53,ft^3/s,Approved,[],2025-11-14T21:01:14.813334+00:00,4716a1279a5146ec977582a181f4a56d
2025-07-17,3.91,3.91,ft^3/s,Approved,[],2025-11-14T21:01:14.813334+00:00,4716a1279a5146ec977582a181f4a56d
2025-07-18,3.31,3.31,ft^3/s,Approved,[],2025-11-14T21:01:14.813334+00:00,4716a1279a5146ec977582a181f4a56d
2025-07-19,2.74,2.74,ft^3/s,Approved,[],2025-11-14T21:01:14.813334+00:00,4716a1279a5146ec977582a181f4a56d
2025-07-20,2.45,2.45,ft^3/s,Approved,[],2025-11-14T21:01:14.813334+00:00,4716a1279a5146ec977582a181f4a56d
2025-07-21,2.01,2.01,ft^3/s,Approved,[],2025-11-14T21:01:14.813334+00:00,4716a1279a5146ec977582a181f4a56d
2025-07-22,1.59,1.59,ft^3/s,Approved,[],2025-11-14T21:01:14.813334+00:00,4716a1279a5146ec977582a181f4a56d
2025-07-23,1.06,1.06,ft^3/s,Approved,[],2025-11-14T21:01:14.813334+00:00,4716a1279a5146ec977582a181f4a56d
2025-07-24,0.44,0.44,ft^3/s,Approved,[],2025-11-14T21:01:14.813334+00:00,4716a1279a5146ec977582a181f4a56d
2025-07-25,0.12,0.12,ft^3/s,Approved,[],2025-11-14T21:01:14.813334+00:00,4716a1279a5146ec977582a181f4a56d
2025-07-26,0.01,0.01,ft^3/s,Approved,[],2025-11-14T21:01:14.813334+00:00,4716a1279a5146ec977582a181f4a56d
2025-07-27,0.0,0.00,ft^3/s,Approved,[],2025-11-14T21:01:14.813334+00:00,4716a1279a5146ec977582a181f4a56d
2025-07-28,0.0,0.00,ft^3/s,Approved,[],2025-11-14T21:01:14.813334+00:00,4716a1279a5146ec977582a181f4a56d
2025-07-29,0.0,0.00,ft^3/s,Approved,[],2025-11-14T21:01:14.813334+00:00,4716a1279a5146ec977582a181f4a56d
2025-07-30,0.0,0.00,ft^3/s,Approved,[],2025-11-14T21:01:14.813334+00:00,4716a1279a5146ec977582a181f4a56d
2025-07-31,0.0,0.00,ft^3/s,Approved,[],2025-11-14T21:01:14.813334+00:00,4716a1279a5146ec977582a181f4a56d
2025-08-01,0.0,0.00,ft^3/s,Approved,[],2025-11-14T21:01:14.813334+00:00,4716a1279a5146ec977582a181f4a56d
2025-08-02,0.0,0.00,ft^3/s,Approved,[],2025-11-14T21:01:14.813334+00:00,4716a1279a5146ec977582a181f4a56d
2025-08-03,0.0,0.00,ft^3/s,Approved,[],2025-11-14T21:01:14.813334+00:00,4716a1279a5146ec977582a181f4a56d
2025-08-04,0.0,0.00,ft^3/s,Approved,"[""ESTIMATED""]",2025-11-14T21:01:14.813334+00:00,4716a1279a5146ec977582a181f4a56d
2025-08-05,0.0,0.00,ft^3/s,Approved,"[""ESTIMATED""]",2025-11-14T21:01:14.813334+00:00,4716a1279a5146ec977582a181f4a56d
2025-08-06,0.0,0.00,ft^3/s,Approved,"[""ESTIMATED""]",2025-11-14T21:01:14.813334+00:00,4716a1279a5146ec977582a181f4a56d
2025-08-07,0.0,0.00,ft^3/s,Approved,"[""ESTIMATED""]",2025-11-14T21:01:14.813334+00:00,4716a1279a5146ec977582a181f4a56d
2025-08-08,0.0,0.00,ft^3/s,Approved,"[""ESTIMATED""]",2025-11-14T21:01:14.813334+00:00,4716a1279a5146ec977582a181f4a56d
2025-08-09,0.0,0.00,ft^3/s,Approved,"[""ESTIMATED""]",2025-11-14T21:01:14.813334+00:00,4716a1279a5146ec977582a181f4a56d
2025-08-10,0.0,0.00,ft^3/s,Approved,"[""ESTIMATED""]",2025-11-14T21:01:14.813334+00:00,4716a1279a5146ec977582a181f4a56d
2025-08-11,0.0,0.00,ft^3/s,Approved,"[""ESTIMATED""]",2025-11-14T21:01:14.813334+00:00,4716a1279a5146ec977582a181f4a56d
2025-08-12,0.0,0.00,ft^3/s,Approved,"[""ESTIMATED""]",2025-11-14T21:01:14.813334+00:00,4716a1279a5146ec977582a181f4a56d
2025-08-13,0.0,0.00,ft^3/s,Approved,"[""ESTIMATED""]",2025-11-14T21:01:14.813334+00:00,4716a1279a5146ec977582a181f4a56d
2025-08-14,0.0,0.00,ft^3/s,Approved,"[""ESTIMATED""]",2025-11-14T21:01:14.813334+00:00,4716a1279a5146ec977582a181f4a56d
2025-08-15,0.0,0.00,ft^3/s,Approved,"[""ESTIMATED""]",2026-01-06T13:16:11.292084+00:00,4716a1279a5146ec977582a181f4a56d
2025-08-16,0.0,0.00,ft^3/s,Approved,[],2026-01-06T13:16:11.292084+00:00,4716a1279a5146ec977582a181f4a56d
2025-08-17,0.0,0.00,ft^3/s,Approved,[],2026-01-06T13:16:11.292084+00:00,4716a1279a5146ec977582a181f4a56d
2025-08-18,0.0,0.00,ft^3/s,Approved,[],2026-01-06T13:16:11.292084+00:00,4716a1279a5146ec977582a181f4a56d
2025-08-19,0.0,0.00,ft^3/s,Approved,[],2026-01-06T13:16:11.292084+00:00,4716a1279a5146ec977582a181f4a56d
2025-08-20,0.0,0.00,ft^3/s,Approved,[],2026-01-06T13:16:11.292084+00:00,4716a1279a5146ec977582a181f4a56d
2025-08-21,0.0,0.00,ft^3/s,Approved,[],2026-01-06T13:16:11.292084+00:00,4716a1279a5146ec977582a181f4a56d
2025-08-22,0.0,0.00,ft^3/s,Approved,[],2026-01-06T13:16:11.292084+00:00,4716a1279a5146ec977582a181f4a56d
2025-08-23,0.0,0.00,ft^3/s,Approved,[],2026-01-06T13:16:11.292084+00:00,4716a1279a5146ec977582a181f4a56d
2025-08-24,0.0,0.00,ft^3/s,Approved,[],2026-01-06T13:16:11.292084+00:00,4716a1279a5146ec977582a181f4a56d
2025-08-25,0.0,0.00,ft^3/s,Approved,[],2026-01-06T13:16:11.292084+00:00,4716a1279a5146ec977582a181f4a56d
2025-08-26,0.0,0.00,ft^3/s,Approved,[],2026-01-06T13:16:11.292084+00:00,4716a1279a5146ec977582a181f4a56d
2025-08-27,0.0,0.00,ft^3/s,Approved,[],2026-01-06T13:16:11.292084+00:00,4716a1279a5146ec977582a181f4a56d
2025-08-28,0.0,0.00,ft^3/s,Approved,[],2026-01-06T13:16:11.292084+00:00,4716a1279a5146ec977582a181f4a56d
2025-08-29,0.0,0.00,ft^3/s,Approved,[],2026-01-06T13:16:11.292084+00:00,4716a1279a5146ec977582a181f4a56d
2025-08-30,0.0,0.00,ft^3/s,Approved,[],2026-01-06T13:16:11.292084+00:00,4716a1279a5146ec977582a181f4a56d
2025-08-31,0.0,0.00,ft^3/s,Approved,[],2026-01-06T13:16:11.292084+00:00,4716a1279a5146ec977582a181f4a56d
2025-09-01,0.0,0.00,ft^3/s,Approved,[],2026-01-06T13:16:11.292084+00:00,4716a1279a5146ec977582a181f4a56d
2025-09-02,0.0,0.00,ft^3/s,Approved,[],2026-01-06T13:16:11.292084+00:00,4716a1279a5146ec977582a181f4a56d
2025-09-03,0.0,0.00,ft^3/s,Approved,[],2026-01-06T13:16:11.292084+00:00,4716a1279a5146ec977582a181f4a56d
2025-09-04,0.0,0.00,ft^3/s,Approved,[],2026-01-06T13:16:11.292084+00:00,4716a1279a5146ec977582a181f4a56d
2025-09-05,0.0,0.00,ft^3/s,Approved,[],2026-01-06T13:16:11.292084+00:00,4716a1279a5146ec977582a181f4a56d
2025-09-06,0.0,0.00,ft^3/s,Approved,[],2026-01-06T13:16:11.292084+00:00,4716a1279a5146ec977582a181f4a56d
2025-09-07,0.0,0.00,ft^3/s,Approved,[],2026-01-06T13:16:11.292084+00:00,4716a1279a5146ec977582a181f4a56d
2025-09-08,0.0,0.00,ft^3/s,Approved,[],2026-01-06T13:16:11.292084+00:00,4716a1279a5146ec977582a181f4a56d
2025-09-09,0.0,0.00,ft^3/s,Approved,[],2026-01-06T13:16:11.292084+00:00,4716a1279a5146ec977582a181f4a56d
2025-09-10,0.0,0.00,ft^3/s,Approved,[],2026-01-06T13:16:11.292084+00:00,4716a1279a5146ec977582a181f4a56d
2025-09-11,0.0,0.00,ft^3/s,Approved,[],2026-01-06T13:16:11.292084+00:00,4716a1279a5146ec977582a181f4a56d
2025-09-12,0.0,0.00,ft^3/s,Approved,[],2026-01-06T13:16:11.292084+00:00,4716a1279a5146ec977582a181f4a56d
2025-09-13,0.0,0.00,ft^3/s,Approved,[],2026-01-06T13:16:11.292084+00:00,4716a1279a5146ec977582a181f4a56d
2025-09-14,0.0,0.00,ft^3/s,Approved,[],2026-01-06T13:16:11.292084+00:00,4716a1279a5146ec977582a181f4a56d
2025-09-15,0.0,0.00,ft^3/s,Approved,[],2026-01-06T13:16:11.292084+00:00,4716a1279a5146ec977582a181f4a56d
2025-09-16,0.0,0.00,ft^3/s,Approved,[],2026-01-06T13:16:11.292084+00:00,4716a1279a5146ec977582a181f4a56d
2025-09-17,0.0,0.00,ft^3/s,Approved,[],2026-01-06T13:16:11.292084+00:00,4716a1279a5146ec977582a181f4a56d
2025-09-18,0.0,0.00,ft^3/s,Approved,[],2026-01-06T13:16:11.292084+00:00,4716a1279a5146ec977582a181f4a56d
2025-09-19,0.0,0.00,ft^3/s,Approved,[],2026-01-06T13:16:11.292084+00:00,4716a1279a5146ec977582a181f4a56d
2025-09-20,0.0,0.00,ft^3/s,Approved,[],2026-01-06T13:16:11.292084+00:00,4716a1279a5146ec977582a181f4a56d
2025-09-21,0.0,0.00,ft^3/s,Approved,[],2026-01-06T13:16:11.292084+00:00,4716a1279a5146ec977582a181f4a56d
2025-09-22,0.0,0.00,ft^3/s,Approved,[],2026-01-06T13:16:11.292084+00:00,4716a1279a5146ec977582a181f4a56d
2025-09-23,0.0,0.00,ft^3/s,Approved,[],2026-01-06T13:16:11.292084+00:00,4716a1279a5146ec977582a181f4a56d
2025-09-24,0.0,0.00,ft^3/s,Approved,[],2026-01-06T13:16:11.292084+00:00,4716a1279a5146ec977582a181f4a56d
2025-09-25,0.0,0.00,ft^3/s,Approved,[],2026-01-06T13:16:11.292084+00:00,4716a1279a5146ec977582a181f4a56d
2025-09-26,0.0,0.00,ft^3/s,Approved,[],2026-01-06T13:16:11.292084+00:00,4716a1279a5146ec977582a181f4a56d
2025-09-27,0.0,0.00,ft^3/s,Approved,[],2026-01-06T13:16:11.292084+00:00,4716a1279a5146ec977582a181f4a56d
2025-09-28,0.0,0.00,ft^3/s,Approved,[],2026-01-06T13:16:11.292084+00:00,4716a1279a5146ec977582a181f4a56d
2025-09-29,0.0,0.00,ft^3/s,Approved,[],2026-01-06T13:16:11.292084+00:00,4716a1279a5146ec977582a181f4a56d
2025-09-30,0.0,0.00,ft^3/s,Approved,[],2026-01-06T13:16:11.292084+00:00,4716a1279a5146ec977582a181f4a56d
2025-10-01,0.0,0.00,ft^3/s,Approved,[],2026-01-06T13:16:11.292084+00:00,4716a1279a5146ec977582a181f4a56d
2025-10-02,0.0,0.00,ft^3/s,Approved,[],2026-01-06T13:16:11.292084+00:00,4716a1279a5146ec977582a181f4a56d
2025-10-03,0.0,0.00,ft^3/s,Approved,[],2026-01-06T13:16:11.292084+00:00,4716a1279a5146ec977582a181f4a56d
2025-10-04,0.0,0.00,ft^3/s,Approved,[],2026-01-06T13:16:11.292084+00:00,4716a1279a5146ec977582a181f4a56d
2025-10-05,0.0,0.00,ft^3/s,Approved,[],2026-01-06T13:16:11.292084+00:00,4716a1279a5146ec977582a181f4a56d
2025-10-06,0.0,0.00,ft^3/s,Approved,[],2026-01-06T13:16:11.292084+00:00,4716a1279a5146ec977582a181f4a56d
2025-10-07,0.0,0.00,ft^3/s,Approved,[],2026-01-06T13:16:11.292084+00:00,4716a1279a5146ec977582a181f4a56d
2025-10-08,0.0,0.00,ft^3/s,Approved,[],2026-01-06T13:16:11.292084+00:00,4716a1279a5146ec977582a181f4a56d
2025-10-09,0.0,0.00,ft^3/s,Approved,[],2026-01-06T13:16:11.292084+00:00,4716a1279a5146ec977582a181f4a56d
2025-10-10,0.0,0.00,ft^3/s,Approved,[],2026-01-06T13:16:11.292084+00:00,4716a1279a5146ec977582a181f4a56d
2025-10-11,0.0,0.00,ft^3/s,Approved,[],2026-01-06T13:16:11.292084+00:00,4716a1279a5146ec977582a181f4a56d
2025-10-12,0.0,0.00,ft^3/s,Approved,[],2026-01-06T13:16:11.292084+00:00,4716a1279a5146ec977582a181f4a56d
2025-10-13,0.0,0.00,ft^3/s,Approved,[],2026-01-06T13:16:11.292084+00:00,4716a1279a5146ec977582a181f4a56d
2025-10-14,0.0,0.00,ft^3/s,Approved,[],2026-01-06T13:16:11.292084+00:00,4716a1279a5146ec977582a181f4a56d
2025-10-15,0.0,0.00,ft^3/s,Approved,[],2026-01-06T13:16:11.292084+00:00,4716a1279a5146ec977582a181f4a56d
2025-10-16,0.0,0.00,ft^3/s,Approved,[],2026-01-06T13:16:11.292084+00:00,4716a1279a5146ec977582a181f4a56d
2025-10-17,0.0,0.00,ft^3/s,Approved,[],2026-01-06T13:16:11.292084+00:00,4716a1279a5146ec977582a181f4a56d
2025-10-18,0.0,0.00,ft^3/s,Approved,[],2026-01-06T13:16:11.292084+00:00,4716a1279a5146ec977582a181f4a56d
2025-10-19,0.0,0.00,ft^3/s,Approved,[],2026-01-06T13:16:11.292084+00:00,4716a1279a5146ec977582a181f4a56d
2025-10-20,0.0,0.00,ft^3/s,Approved,[],2026-01-06T13:16:11.292084+00:00,4716a1279a5146ec977582a181f4a56d
2025-10-21,0.0,0.00,ft^3/s,Approved,[],2026-01-06T13:16:11.292084+00:00,4716a1279a5146ec977582a181f4a56d
2025-10-22,0.0,0.00,ft^3/s,Approved,[],2026-01-06T13:16:11.292084+00:00,4716a1279a5146ec977582a181f4a56d
2025-10-23,0.0,0.00,ft^3/s,Approved,[],2026-01-06T13:16:11.292084+00:00,4716a1279a5146ec977582a181f4a56d
2025-10-24,0.0,0.00,ft^3/s,Approved,[],2026-01-06T13:16:11.292084+00:00,4716a1279a5146ec977582a181f4a56d
2025-10-25,0.0,0.00,ft^3/s,Approved,[],2026-01-06T13:16:11.292084+00:00,4716a1279a5146ec977582a181f4a56d
2025-10-26,0.0,0.00,ft^3/s,Approved,[],2026-01-06T13:16:11.292084+00:00,4716a1279a5146ec977582a181f4a56d
2025-10-27,0.0,0.00,ft^3/s,Approved,[],2026-01-06T13:16:11.292084+00:00,4716a1279a5146ec977582a181f4a56d
2025-10-28,0.0,0.00,ft^3/s,Approved,[],2026-01-06T13:16:11.292084+00:00,4716a1279a5146ec977582a181f4a56d
2025-10-29,0.0,0.00,ft^3/s,Approved,[],2026-01-06T13:16:11.292084+00:00,4716a1279a5146ec977582a181f4a56d
2025-10-30,0.0,0.00,ft^3/s,Approved,[],2026-01-06T13:16:11.292084+00:00,4716a1279a5146ec977582a181f4a56d
2025-10-31,0.0,0.00,ft^3/s,Approved,[],2026-01-06T13:16:11.292084+00:00,4716a1279a5146ec977582a181f4a56d
2025-11-01,0.0,0.00,ft^3/s,Approved,[],2026-01-06T13:16:11.292084+00:00,4716a1279a5146ec977582a181f4a56d
2025-11-02,0.0,0.00,ft^3/s,Approved,[],2026-01-06T13:16:11.292084+00:00,4716a1279a5146ec977582a181f4a56d
2025-11-03,0.0,0.00,ft^3/s,Approved,[],2026-01-06T13:16:11.292084+00:00,4716a1279a5146ec977582a181f4a56d
2025-11-04,0.0,0.00,ft^3/s,Approved,[],2026-01-06T13:16:11.292084+00:00,4716a1279a5146ec977582a181f4a56d
2025-11-05,0.0,0.00,ft^3/s,Approved,[],2026-01-06T13:16:11.292084+00:00,4716a1279a5146ec977582a181f4a56d
2025-11-06,0.0,0.00,ft^3/s,Approved,[],2026-01-06T13:16:11.292084+00:00,4716a1279a5146ec977582a181f4a56d
2025-11-07,0.0,0.00,ft^3/s,Approved,[],2026-01-06T13:16:11.292084+00:00,4716a1279a5146ec977582a181f4a56d
2025-11-08,0.0,0.00,ft^3/s,Approved,[],2026-01-06T13:16:11.292084+00:00,4716a1279a5146ec977582a181f4a56d
2025-11-09,0.0,0.00,ft^3/s,Approved,[],2026-01-06T13:16:11.292084+00:00,4716a1279a5146ec977582a181f4a56d
2025-11-10,0.0,0.00,ft^3/s,Approved,[],2026-01-06T13:16:11.292084+00:00,4716a1279a5146ec977582a181f4a56d
2025-11-11,0.0,0.00,ft^3/s,Approved,[],2026-01-06T13:16:11.292084+00:00,4716a1279a5146ec977582a181f4a56d
2025-11-12,0.0,0.00,ft^3/s,Approved,[],2026-01-06T13:16:11.292084+00:00,4716a1279a5146ec977582a181f4a56d
2025-11-13,0.0,0.00,ft^3/s,Approved,[],2026-01-06T13:16:11.292084+00:00,4716a1279a5146ec977582a181f4a56d
2025-11-14,0.0,0.00,ft^3/s,Approved,[],2026-01-06T13:16:11.292084+00:00,4716a1279a5146ec977582a181f4a56d
2025-11-15,0.0,0.00,ft^3/s,Approved,[],2026-01-06T13:16:11.292084+00:00,4716a1279a5146ec977582a181f4a56d
2025-11-16,0.0,0.00,ft^3/s,Approved,[],2026-01-06T13:16:11.292084+00:00,4716a1279a5146ec977582a181f4a56d
2025-11-17,0.0,0.00,ft^3/s,Approved,[],2026-01-06T13:16:11.292084+00:00,4716a1279a5146ec977582a181f4a56d
2025-11-18,0.0,0.00,ft^3/s,Approved,[],2026-01-06T13:16:11.292084+00:00,4716a1279a5146ec977582a181f4a56d
2025-11-19,0.0,0.00,ft^3/s,Approved,[],2026-01-06T13:16:11.292084+00:00,4716a1279a5146ec977582a181f4a56d
2025-11-20,0.0,0.00,ft^3/s,Approved,[],2026-01-06T13:16:11.292084+00:00,4716a1279a5146ec977582a181f4a56d
2025-11-21,0.0,0.00,ft^3/s,Approved,[],2026-01-06T13:16:11.292084+00:00,4716a1279a5146ec977582a181f4a56d
2025-11-22,0.0,0.00,ft^3/s,Approved,[],2026-01-06T13:16:11.292084+00:00,4716a1279a5146ec977582a181f4a56d
2025-11-23,0.0,0.00,ft^3/s,Approved,[],2026-01-06T13:16:11.292084+00:00,4716a1279a5146ec977582a181f4a56d
2025-11-24,0.0,0.00,ft^3/s,Approved,[],2026-01-06T13:16:11.292084+00:00,4716a1279a5146ec977582a181f4a56d
2025-11-25,0.0,0.00,ft^3/s,Approved,[],2026-01-06T13:16:11.292084+00:00,4716a1279a5146ec977582a181f4a56d
2025-11-26,0.0,0.00,ft^3/s,Approved,[],2026-01-06T13:16:11.292084+00:00,4716a1279a5146ec977582a181f4a56d
2025-11-27,0.0,0.00,ft^3/s,Approved,[],2026-01-06T13:16:11.292084+00:00,4716a1279a5146ec977582a181f4a56d
2025-11-28,0.0,0.00,ft^3/s,Approved,[],2026-01-06T13:16:11.292084+00:00,4716a1279a5146ec977582a181f4a56d
2025-11-29,0.0,0.00,ft^3/s,Approved,[],2026-01-06T13:16:11.292084+00:00,4716a1279a5146ec977582a181f4a56d
2025-11-30,0.0,0.00,ft^3/s,Approved,[],2026-01-06T13:16:11.292084+00:00,4716a1279a5146ec977582a181f4a56d
2025-12-01,0.0,0.00,ft^3/s,Approved,[],2026-01-06T13:16:11.292084+00:00,4716a1279a5146ec977582a181f4a56d
2025-12-02,0.0,0.00,ft^3/s,Approved,[],2026-01-06T13:16:11.292084+00:00,4716a1279a5146ec977582a181f4a56d
2025-12-03,0.0,0.00,ft^3/s,Approved,[],2026-01-06T13:16:11.292084+00:00,4716a1279a5146ec977582a181f4a56d
2025-12-04,0.0,0.00,ft^3/s,Approved,[],2026-02-18T16:50:50.139820+00:00,4716a1279a5146ec977582a181f4a56d
2025-12-05,0.0,0.00,ft^3/s,Approved,[],2026-02-18T16:50:50.139820+00:00,4716a1279a5146ec977582a181f4a56d
2025-12-06,0.0,0.00,ft^3/s,Approved,[],2026-02-18T16:50:50.139820+00:00,4716a1279a5146ec977582a181f4a56d
2025-12-07,0.0,0.00,ft^3/s,Approved,[],2026-02-18T16:50:50.139820+00:00,4716a1279a5146ec977582a181f4a56d
2025-12-08,0.0,0.00,ft^3/s,Approved,[],2026-02-18T16:50:50.139820+00:00,4716a1279a5146ec977582a181f4a56d
2025-12-09,0.0,0.00,ft^3/s,Approved,[],2026-02-18T16:50:50.139820+00:00,4716a1279a5146ec977582a181f4a56d
2025-12-10,0.0,0.00,ft^3/s,Approved,[],2026-02-18T16:50:50.139820+00:00,4716a1279a5146ec977582a181f4a56d
2025-12-11,0.0,0.00,ft^3/s,Approved,[],2026-02-18T16:50:50.139820+00:00,4716a1279a5146ec977582a181f4a56d
2025-12-12,0.0,0.00,ft^3/s,Approved,[],2026-02-18T16:50:50.139820+00:00,4716a1279a5146ec977582a181f4a56d
2025-12-13,0.0,0.00,ft^3/s,Approved,[],2026-02-18T16:50:50.139820+00:00,4716a1279a5146ec977582a181f4a56d
2025-12-14,0.0,0.00,ft^3/s,Approved,[],2026-02-18T16:50:50.139820+00:00,4716a1279a5146ec977582a181f4a56d
2025-12-15,0.0,0.00,ft^3/s,Approved,[],2026-02-18T16:50:50.139820+00:00,4716a1279a5146ec977582a181f4a56d
2025-12-16,0.0,0.00,ft^3/s,Approved,[],2026-02-18T16:50:50.139820+00:00,4716a1279a5146ec977582a181f4a56d
2025-12-17,0.0,0.00,ft^3/s,Approved,[],2026-02-18T16:50:50.139820+00:00,4716a1279a5146ec977582a181f4a56d
2025-12-18,0.0,0.00,ft^3/s,Approved,[],2026-02-18T16:50:50.139820+00:00,4716a1279a5146ec977582a181f4a56d
2025-12-19,0.0,0.00,ft^3/s,Approved,[],2026-02-18T16:50:50.139820+00:00,4716a1279a5146ec977582a181f4a56d
2025-12-20,0.0,0.00,ft^3/s,Approved,[],2026-02-18T16:50:50.139820+00:00,4716a1279a5146ec977582a181f4a56d
2025-12-21,0.0,0.00,ft^3/s,Approved,[],2026-02-18T16:50:50.139820+00:00,4716a1279a5146ec977582a181f4a56d
2025-12-22,0.0,0.00,ft^3/s,Approved,[],2026-02-18T16:50:50.139820+00:00,4716a1279a5146ec977582a181f4a56d
2025-12-23,0.0,0.00,ft^3/s,Approved,[],2026-02-18T16:50:50.139820+00:00,4716a1279a5146ec977582a181f4a56d
2025-12-24,0.0,0.00,ft^3/s,Approved,[],2026-02-18T16:50:50.139820+00:00,4716a1279a5146ec977582a181f4a56d
2025-12-25,0.0,0.00,ft^3/s,Approved,[],2026-02-18T16:50:50.139820+00:00,4716a1279a5146ec977582a181f4a56d
2025-12-26,0.0,0.00,ft^3/s,Approved,[],2026-02-18T16:50:50.139820+00:00,4716a1279a5146ec977582a181f4a56d
2025-12-27,0.0,0.00,ft^3/s,Approved,[],2026-02-18T16:50:50.139820+00:00,4716a1279a5146ec977582a181f4a56d
2025-12-28,0.0,0.00,ft^3/s,Approved,[],2026-02-18T16:50:50.139820+00:00,4716a1279a5146ec977582a181f4a56d
2025-12-29,0.0,0.00,ft^3/s,Approved,[],2026-02-18T16:50:50.139820+00:00,4716a1279a5146ec977582a181f4a56d
2025-12-30,0.0,0.00,ft^3/s,Approved,[],2026-02-18T16:50:50.139820+00:00,4716a1279a5146ec977582a181f4a56d
2025-12-31,0.0,0.00,ft^3/s,Approved,[],2026-02-18T16:50:50.139820+00:00,4716a1279a5146ec977582a181f4a56d
2026-01-01,0.0,0.00,ft^3/s,Approved,[],2026-02-18T16:50:50.139820+00:00,4716a1279a5146ec977582a181f4a56d
2026-01-02,0.0,0.00,ft^3/s,Approved,[],2026-02-18T16:50:50.139820+00:00,4716a1279a5146ec977582a181f4a56d
2026-01-03,0.0,0.00,ft^3/s,Approved,[],2026-02-18T16:50:50.139820+00:00,4716a1279a5146ec977582a181f4a56d
2026-01-04,0.0,0.00,ft^3/s,Approved,[],2026-02-18T16:50:50.139820+00:00,4716a1279a5146ec977582a181f4a56d
2026-01-05,0.0,0.00,ft^3/s,Approved,[],2026-02-18T16:50:50.139820+00:00,4716a1279a5146ec977582a181f4a56d
2026-01-06,0.0,0.00,ft^3/s,Approved,[],2026-02-18T16:50:50.139820+00:00,4716a1279a5146ec977582a181f4a56d
2026-01-07,0.0,0.00,ft^3/s,Approved,[],2026-02-18T16:50:50.139820+00:00,4716a1279a5146ec977582a181f4a56d
2026-01-08,0.0,0.00,ft^3/s,Approved,[],2026-02-18T16:50:50.139820+00:00,4716a1279a5146ec977582a181f4a56d
2026-01-09,0.0,0.00,ft^3/s,Approved,[],2026-02-18T16:50:50.139820+00:00,4716a1279a5146ec977582a181f4a56d
2026-01-10,0.0,0.00,ft^3/s,Approved,[],2026-02-18T16:50:50.139820+00:00,4716a1279a5146ec977582a181f4a56d
2026-01-11,0.0,0.00,ft^3/s,Approved,[],2026-02-18T16:50:50.139820+00:00,4716a1279a5146ec977582a181f4a56d
2026-01-12,0.0,0.00,ft^3/s,Approved,[],2026-02-18T16:50:50.139820+00:00,4716a1279a5146ec977582a181f4a56d
2026-01-13,0.0,0.00,ft^3/s,Approved,[],2026-02-18T16:50:50.139820+00:00,4716a1279a5146ec977582a181f4a56d
2026-01-14,0.0,0.00,ft^3/s,Approved,[],2026-02-18T16:50:50.139820+00:00,4716a1279a5146ec977582a181f4a56d
2026-01-15,0.0,0.00,ft^3/s,Approved,[],2026-02-18T16:50:50.139820+00:00,4716a1279a5146ec977582a181f4a56d
2026-01-16,0.0,0.00,ft^3/s,Approved,[],2026-02-18T16:50:50.139820+00:00,4716a1279a5146ec977582a181f4a56d
2026-01-17,0.0,0.00,ft^3/s,Approved,[],2026-02-18T16:50:50.139820+00:00,4716a1279a5146ec977582a181f4a56d
2026-01-18,0.0,0.00,ft^3/s,Approved,[],2026-02-18T16:50:50.139820+00:00,4716a1279a5146ec977582a181f4a56d
2026-01-19,0.0,0.00,ft^3/s,Approved,[],2026-02-18T16:50:50.139820+00:00,4716a1279a5146ec977582a181f4a56d
2026-01-20,0.0,0.00,ft^3/s,Approved,[],2026-02-18T16:50:50.139820+00:00,4716a1279a5146ec977582a181f4a56d
2026-01-21,0.0,0.00,ft^3/s,Approved,[],2026-02-18T16:50:50.139820+00:00,4716a1279a5146ec977582a181f4a56d
2026-01-22,0.0,0.00,ft^3/s,Approved,[],2026-02-18T16:50:50.139820+00:00,4716a1279a5146ec977582a181f4a56d
2026-01-23,0.0,0.00,ft^3/s,Approved,[],2026-02-18T16:50:50.139820+00:00,4716a1279a5146ec977582a181f4a56d
2026-01-24,53.7,53.7,ft^3/s,Approved,[],2026-02-18T16:50:50.139820+00:00,4716a1279a5146ec977582a181f4a56d
2026-01-25,3.03,3.03,ft^3/s,Approved,[],2026-02-18T16:50:50.139820+00:00,4716a1279a5146ec977582a181f4a56d
2026-01-26,0.0,0.00,ft^3/s,Approved,[],2026-02-18T16:50:50.139820+00:00,4716a1279a5146ec977582a181f4a56d
2026-01-27,0.0,0.00,ft^3/s,Approved,[],2026-02-18T16:50:50.139820+00:00,4716a1279a5146ec977582a181f4a56d
2026-01-28,0.0,0.00,ft^3/s,Approved,[],2026-02-18T16:50:50.139820+00:00,4716a1279a5146ec977582a181f4a56d
2026-01-29,0.0,0.00,ft^3/s,Approved,[],2026-02-18T16:50:50.139820+00:00,4716a1279a5146ec977582a181f4a56d
2026-01-30,0.0,0.00,ft^3/s,Approved,[],2026-02-18T16:50:50.139820+00:00,4716a1279a5146ec977582a181f4a56d
2026-01-31,0.0,0.00,ft^3/s,Approved,[],2026-02-18T16:50:50.139820+00:00,4716a1279a5146ec977582a181f4a56d
2026-02-01,0.0,0.00,ft^3/s,Approved,[],2026-02-18T16:50:50.139820+00:00,4716a1279a5146ec977582a181f4a56d
2026-02-02,0.0,0.00,ft^3/s,Approved,[],2026-02-18T16:50:50.139820+00:00,4716a1279a5146ec977582a181f4a56d
2026-02-03,0.0,0.00,ft^3/s,Approved,[],2026-02-18T16:50:50.139820+00:00,4716a1279a5146ec977582a181f4a56d
2026-02-04,0.0,0.00,ft^3/s,Approved,[],2026-02-18T16:50:50.139820+00:00,4716a1279a5146ec977582a181f4a56d
2026-02-05,0.0,0.00,ft^3/s,Approved,[],2026-02-18T16:50:50.139820+00:00,4716a1279a5146ec977582a181f4a56d
2026-02-06,0.0,0.00,ft^3/s,Approved,[],2026-02-18T16:50:50.139820+00:00,4716a1279a5146ec977582a181f4a56d
2026-02-07,0.0,0.00,ft^3/s,Approved,[],2026-02-18T16:50:50.139820+00:00,4716a1279a5146ec977582a181f4a56d
2026-02-08,0.0,0.00,ft^3/s,Approved,[],2026-02-18T16:50:50.139820+00:00,4716a1279a5146ec977582a181f4a56d
2026-02-09,0.0,0.00,ft^3/s,Approved,[],2026-02-18T16:50:50.139820+00:00,4716a1279a5146ec977582a181f4a56d
2026-02-10,0.0,0.00,ft^3/s,Approved,[],2026-02-18T16:50:50.139820+00:00,4716a1279a5146ec977582a181f4a56d
2026-02-11,0.0,0.00,ft^3/s,Approved,[],2026-04-16T18:10:11.875087+00:00,4716a1279a5146ec977582a181f4a56d
2026-02-12,0.0,0.00,ft^3/s,Approved,[],2026-04-16T18:10:11.875087+00:00,4716a1279a5146ec977582a181f4a56d
2026-02-13,0.0,0.00,ft^3/s,Approved,[],2026-04-16T18:10:11.875087+00:00,4716a1279a5146ec977582a181f4a56d
2026-02-14,0.0,0.00,ft^3/s,Approved,[],2026-04-16T18:10:11.875087+00:00,4716a1279a5146ec977582a181f4a56d
2026-02-15,0.0,0.00,ft^3/s,Approved,[],2026-04-16T18:10:11.875087+00:00,4716a1279a5146ec977582a181f4a56d
2026-02-16,0.0,0.00,ft^3/s,Approved,[],2026-04-16T18:10:11.875087+00:00,4716a1279a5146ec977582a181f4a56d
2026-02-17,0.0,0.00,ft^3/s,Approved,[],2026-04-16T18:10:11.875087+00:00,4716a1279a5146ec977582a181f4a56d
2026-02-18,0.0,0.00,ft^3/s,Approved,[],2026-04-16T18:10:11.875087+00:00,4716a1279a5146ec977582a181f4a56d
2026-02-19,0.0,0.00,ft^3/s,Approved,[],2026-04-16T18:10:11.875087+00:00,4716a1279a5146ec977582a181f4a56d
2026-02-20,0.0,0.00,ft^3/s,Approved,[],2026-04-16T18:10:11.875087+00:00,4716a1279a5146ec977582a181f4a56d
2026-02-21,0.0,0.00,ft^3/s,Approved,[],2026-04-16T18:10:11.875087+00:00,4716a1279a5146ec977582a181f4a56d
2026-02-22,0.0,0.00,ft^3/s,Approved,[],2026-04-16T18:10:11.875087+00:00,4716a1279a5146ec977582a181f4a56d
2026-02-23,0.0,0.00,ft^3/s,Approved,[],2026-04-16T18:10:11.875087+00:00,4716a1279a5146ec977582a181f4a56d
2026-02-24,0.0,0.00,ft^3/s,Approved,[],2026-04-16T18:10:11.875087+00:00,4716a1279a5146ec977582a181f4a56d
2026-02-25,0.0,0.00,ft^3/s,Approved,[],2026-04-16T18:10:11.875087+00:00,4716a1279a5146ec977582a181f4a56d
2026-02-26,0.0,0.00,ft^3/s,Approved,[],2026-04-16T18:10:11.875087+00:00,4716a1279a5146ec977582a181f4a56d
2026-02-27,0.0,0.00,ft^3/s,Approved,[],2026-04-16T18:10:11.875087+00:00,4716a1279a5146ec977582a181f4a56d
2026-02-28,0.0,0.00,ft^3/s,Approved,[],2026-04-16T18:10:11.875087+00:00,4716a1279a5146ec977582a181f4a56d
2026-03-01,0.0,0.00,ft^3/s,Approved,[],2026-04-16T18:10:11.875087+00:00,4716a1279a5146ec977582a181f4a56d
2026-03-02,0.0,0.00,ft^3/s,Approved,[],2026-04-16T18:10:11.875087+00:00,4716a1279a5146ec977582a181f4a56d
2026-03-03,0.0,0.00,ft^3/s,Approved,[],2026-04-16T18:10:11.875087+00:00,4716a1279a5146ec977582a181f4a56d
2026-03-04,0.0,0.00,ft^3/s,Approved,[],2026-04-16T18:10:11.875087+00:00,4716a1279a5146ec977582a181f4a56d
2026-03-05,0.0,0.00,ft^3/s,Approved,[],2026-04-16T18:10:11.875087+00:00,4716a1279a5146ec977582a181f4a56d
2026-03-06,0.0,0.00,ft^3/s,Approved,[],2026-04-16T18:10:11.875087+00:00,4716a1279a5146ec977582a181f4a56d
2026-03-07,0.0,0.00,ft^3/s,Approved,[],2026-04-16T18:10:11.875087+00:00,4716a1279a5146ec977582a181f4a56d
2026-03-08,0.0,0.00,ft^3/s,Approved,[],2026-04-16T18:10:11.875087+00:00,4716a1279a5146ec977582a181f4a56d
2026-03-09,0.0,0.00,ft^3/s,Approved,[],2026-04-16T18:10:11.875087+00:00,4716a1279a5146ec977582a181f4a56d
2026-03-10,0.0,0.00,ft^3/s,Approved,[],2026-04-16T18:10:11.875087+00:00,4716a1279a5146ec977582a181f4a56d
2026-03-11,0.0,0.00,ft^3/s,Approved,[],2026-04-16T18:10:11.875087+00:00,4716a1279a5146ec977582a181f4a56d
2026-03-12,0.0,0.00,ft^3/s,Approved,[],2026-04-16T18:10:11.875087+00:00,4716a1279a5146ec977582a181f4a56d
2026-03-13,0.0,0.00,ft^3/s,Approved,[],2026-04-16T18:10:11.875087+00:00,4716a1279a5146ec977582a181f4a56d
2026-03-14,0.0,0.00,ft^3/s,Approved,[],2026-04-16T18:10:11.875087+00:00,4716a1279a5146ec977582a181f4a56d
2026-03-15,0.0,0.00,ft^3/s,Approved,[],2026-04-16T18:10:11.875087+00:00,4716a1279a5146ec977582a181f4a56d
2026-03-16,0.0,0.00,ft^3/s,Approved,[],2026-04-16T18:10:11.875087+00:00,4716a1279a5146ec977582a181f4a56d
2026-03-17,0.0,0.00,ft^3/s,Approved,[],2026-04-16T18:10:11.875087+00:00,4716a1279a5146ec977582a181f4a56d
2026-03-18,0.0,0.00,ft^3/s,Approved,[],2026-04-16T18:10:11.875087+00:00,4716a1279a5146ec977582a181f4a56d
2026-03-19,0.0,0.00,ft^3/s,Approved,[],2026-04-16T18:10:11.875087+00:00,4716a1279a5146ec977582a181f4a56d
2026-03-20,0.0,0.00,ft^3/s,Approved,[],2026-04-16T18:10:11.875087+00:00,4716a1279a5146ec977582a181f4a56d
2026-03-21,0.0,0.00,ft^3/s,Approved,[],2026-04-16T18:10:11.875087+00:00,4716a1279a5146ec977582a181f4a56d
2026-03-22,0.0,0.00,ft^3/s,Approved,[],2026-04-16T18:10:11.875087+00:00,4716a1279a5146ec977582a181f4a56d
2026-03-23,0.0,0.00,ft^3/s,Approved,[],2026-04-16T18:10:11.875087+00:00,4716a1279a5146ec977582a181f4a56d
2026-03-24,0.0,0.00,ft^3/s,Approved,[],2026-04-16T18:10:11.875087+00:00,4716a1279a5146ec977582a181f4a56d
2026-03-25,0.0,0.00,ft^3/s,Approved,[],2026-04-16T18:10:11.875087+00:00,4716a1279a5146ec977582a181f4a56d
2026-03-26,0.0,0.00,ft^3/s,Approved,[],2026-04-16T18:10:11.875087+00:00,4716a1279a5146ec977582a181f4a56d
2026-03-27,0.0,0.00,ft^3/s,Approved,[],2026-04-16T18:10:11.875087+00:00,4716a1279a5146ec977582a181f4a56d
2026-03-28,0.0,0.00,ft^3/s,Approved,[],2026-04-16T18:10:11.875087+00:00,4716a1279a5146ec977582a181f4a56d
2026-03-29,0.0,0.00,ft^3/s,Approved,[],2026-04-16T18:10:11.875087+00:00,4716a1279a5146ec977582a181f4a56d
2026-03-30,0.0,0.00,ft^3/s,Approved,[],2026-04-16T18:10:11.875087+00:00,4716a1279a5146ec977582a181f4a56d
2026-03-31,0.0,0.00,ft^3/s,Approved,[],2026-04-16T18:10:11.875087+00:00,4716a1279a5146ec977582a181f4a56d
2026-04-01,0.0,0.00,ft^3/s,Approved,[],2026-04-16T18:10:11.875087+00:00,4716a1279a5146ec977582a181f4a56d
2026-04-02,0.0,0.00,ft^3/s,Approved,[],2026-04-16T18:10:11.875087+00:00,4716a1279a5146ec977582a181f4a56d
2026-04-03,0.0,0.00,ft^3/s,Approved,[],2026-04-16T18:10:11.875087+00:00,4716a1279a5146ec977582a181f4a56d
2026-04-04,0.0,0.00,ft^3/s,Approved,[],2026-04-16T18:10:11.875087+00:00,4716a1279a5146ec977582a181f4a56d
2026-04-05,0.0,0.00,ft^3/s,Approved,[],2026-04-16T18:10:11.875087+00:00,4716a1279a5146ec977582a181f4a56d
2026-04-06,0.0,0.00,ft^3/s,Approved,[],2026-04-16T18:10:11.875087+00:00,4716a1279a5146ec977582a181f4a56d
2026-04-07,0.0,0.00,ft^3/s,Approved,[],2026-04-16T18:10:11.875087+00:00,4716a1279a5146ec977582a181f4a56d
2026-04-08,0.0,0.00,ft^3/s,Approved,[],2026-04-16T18:10:11.875087+00:00,4716a1279a5146ec977582a181f4a56d
2026-04-09,0.0,0.00,ft^3/s,Approved,[],2026-04-16T18:10:11.875087+00:00,4716a1279a5146ec977582a181f4a56d
2026-04-10,0.0,0.00,ft^3/s,Approved,[],2026-04-16T18:10:11.875087+00:00,4716a1279a5146ec977582a181f4a56d
2026-04-11,0.0,0.00,ft^3/s,Approved,[],2026-04-16T18:10:11.875087+00:00,4716a1279a5146ec977582a181f4a56d
2026-04-12,0.0,0.00,ft^3/s,Approved,[],2026-04-16T18:10:11.875087+00:00,4716a1279a5146ec977582a181f4a56d
2026-04-13,0.0,0.00,ft^3/s,Approved,[],2026-07-01T17:48:14.503981+00:00,4716a1279a5146ec977582a181f4a56d
2026-04-14,0.0,0.00,ft^3/s,Approved,[],2026-07-01T17:48:14.503981+00:00,4716a1279a5146ec977582a181f4a56d
2026-04-15,0.0,0.00,ft^3/s,Approved,[],2026-07-01T17:48:14.503981+00:00,4716a1279a5146ec977582a181f4a56d
2026-04-16,0.0,0.00,ft^3/s,Approved,[],2026-07-01T17:48:14.503981+00:00,4716a1279a5146ec977582a181f4a56d
2026-04-17,0.0,0.00,ft^3/s,Approved,[],2026-07-01T17:48:14.503981+00:00,4716a1279a5146ec977582a181f4a56d
2026-04-18,0.0,0.00,ft^3/s,Approved,[],2026-07-01T17:48:14.503981+00:00,4716a1279a5146ec977582a181f4a56d
2026-04-19,0.0,0.00,ft^3/s,Approved,[],2026-07-01T17:48:14.503981+00:00,4716a1279a5146ec977582a181f4a56d
2026-04-20,0.0,0.00,ft^3/s,Approved,[],2026-07-01T17:48:14.503981+00:00,4716a1279a5146ec977582a181f4a56d
2026-04-21,1720.0,1720,ft^3/s,Approved,[],2026-07-01T17:48:14.503981+00:00,4716a1279a5146ec977582a181f4a56d
2026-04-22,238.0,238,ft^3/s,Approved,[],2026-07-01T17:48:14.503981+00:00,4716a1279a5146ec977582a181f4a56d
2026-04-23,54.4,54.4,ft^3/s,Approved,[],2026-07-01T17:48:14.503981+00:00,4716a1279a5146ec977582a181f4a56d
2026-04-24,22.5,22.5,ft^3/s,Approved,[],2026-07-01T17:48:14.503981+00:00,4716a1279a5146ec977582a181f4a56d
2026-04-25,13.9,13.9,ft^3/s,Approved,[],2026-07-01T17:48:14.503981+00:00,4716a1279a5146ec977582a181f4a56d
2026-04-26,9.65,9.65,ft^3/s,Approved,[],2026-07-01T17:48:14.503981+00:00,4716a1279a5146ec977582a181f4a56d
2026-04-27,7.95,7.95,ft^3/s,Approved,[],2026-07-01T17:48:14.503981+00:00,4716a1279a5146ec977582a181f4a56d
2026-04-28,7.33,7.33,ft^3/s,Approved,[],2026-07-01T17:48:14.503981+00:00,4716a1279a5146ec977582a181f4a56d
2026-04-29,6.85,6.85,ft^3/s,Approved,[],2026-07-01T17:48:14.503981+00:00,4716a1279a5146ec977582a181f4a56d
2026-04-30,6.93,6.93,ft^3/s,Approved,[],2026-07-01T17:48:14.503981+00:00,4716a1279a5146ec977582a181f4a56d
2026-05-01,38.9,38.9,ft^3/s,Approved,[],2026-07-01T17:48:14.503981+00:00,4716a1279a5146ec977582a181f4a56d
2026-05-02,98.9,98.9,ft^3/s,Approved,[],2026-07-01T17:48:14.503981+00:00,4716a1279a5146ec977582a181f4a56d
2026-05-03,32.0,32.0,ft^3/s,Approved,[],2026-07-01T17:48:14.503981+00:00,4716a1279a5146ec977582a181f4a56d
2026-05-04,18.3,18.3,ft^3/s,Approved,[],2026-07-01T17:48:14.503981+00:00,4716a1279a5146ec977582a181f4a56d
2026-05-05,14.6,14.6,ft^3/s,Approved,[],2026-07-01T17:48:14.503981+00:00,4716a1279a5146ec977582a181f4a56d
2026-05-06,12.3,12.3,ft^3/s,Approved,[],2026-07-01T17:48:14.503981+00:00,4716a1279a5146ec977582a181f4a56d
2026-05-07,10.7,10.7,ft^3/s,Approved,[],2026-07-01T17:48:14.503981+00:00,4716a1279a5146ec977582a181f4a56d
2026-05-08,11.3,11.3,ft^3/s,Approved,[],2026-07-01T17:48:14.503981+00:00,4716a1279a5146ec977582a181f4a56d
2026-05-09,11.4,11.4,ft^3/s,Approved,[],2026-07-01T17:48:14.503981+00:00,4716a1279a5146ec977582a181f4a56d
2026-05-10,49.7,49.7,ft^3/s,Approved,[],2026-07-01T17:48:14.503981+00:00,4716a1279a5146ec977582a181f4a56d
2026-05-11,248.0,248,ft^3/s,Approved,[],2026-07-01T17:48:14.503981+00:00,4716a1279a5146ec977582a181f4a56d
2026-05-12,51.9,51.9,ft^3/s,Approved,[],2026-07-01T17:48:14.503981+00:00,4716a1279a5146ec977582a181f4a56d
2026-05-13,24.4,24.4,ft^3/s,Approved,[],2026-07-01T17:48:14.503981+00:00,4716a1279a5146ec977582a181f4a56d
2026-05-14,18.6,18.6,ft^3/s,Approved,[],2026-07-01T17:48:14.503981+00:00,4716a1279a5146ec977582a181f4a56d
2026-05-15,16.0,16.0,ft^3/s,Approved,[],2026-07-01T17:48:14.503981+00:00,4716a1279a5146ec977582a181f4a56d
2026-05-16,14.5,14.5,ft^3/s,Approved,[],2026-07-01T17:48:14.503981+00:00,4716a1279a5146ec977582a181f4a56d
2026-05-17,14.0,14.0,ft^3/s,Approved,[],2026-07-01T17:48:14.503981+00:00,4716a1279a5146ec977582a181f4a56d
2026-05-18,14.0,14.0,ft^3/s,Approved,[],2026-07-01T17:48:14.503981+00:00,4716a1279a5146ec977582a181f4a56d
2026-05-19,433.0,433,ft^3/s,Approved,[],2026-07-01T17:48:14.503981+00:00,4716a1279a5146ec977582a181f4a56d
2026-05-20,1660.0,1660,ft^3/s,Approved,[],2026-07-01T17:48:14.503981+00:00,4716a1279a5146ec977582a181f4a56d
2026-05-21,250.0,250,ft^3/s,Approved,[],2026-07-01T17:48:14.503981+00:00,4716a1279a5146ec977582a181f4a56d
2026-05-22,517.0,517,ft^3/s,Approved,[],2026-07-01T17:48:14.503981+00:00,4716a1279a5146ec977582a181f4a56d
2026-05-23,265.0,265,ft^3/s,Approved,[],2026-07-01T17:48:14.503981+00:00,4716a1279a5146ec977582a181f4a56d
2026-05-24,127.0,127,ft^3/s,Approved,[],2026-07-01T17:48:14.503981+00:00,4716a1279a5146ec977582a181f4a56d
2026-05-25,158.0,158,ft^3/s,Approved,[],2026-07-01T17:48:14.503981+00:00,4716a1279a5146ec977582a181f4a56d
2026-05-26,547.0,547,ft^3/s,Approved,[],2026-07-01T17:48:14.503981+00:00,4716a1279a5146ec977582a181f4a56d
2026-05-27,4580.0,4580,ft^3/s,Approved,[],2026-07-28T14:22:10.899002+00:00,4716a1279a5146ec977582a181f4a56d
2026-05-28,250.0,250,ft^3/s,Approved,[],2026-07-28T14:22:10.899002+00:00,4716a1279a5146ec977582a181f4a56d
2026-05-29,150.0,150,ft^3/s,Approved,[],2026-07-28T14:22:10.899002+00:00,4716a1279a5146ec977582a181f4a56d
2026-05-30,117.0,117,ft^3/s,Approved,[],2026-07-28T14:22:10.899002+00:00,4716a1279a5146ec977582a181f4a56d
2026-05-31,103.0,103,ft^3/s,Approved,[],2026-07-28T14:22:10.899002+00:00,4716a1279a5146ec977582a181f4a56d
2026-06-01,91.7,91.7,ft^3/s,Approved,[],2026-07-28T14:22:10.899002+00:00,4716a1279a5146ec977582a181f4a56d
2026-06-02,84.5,84.5,ft^3/s,Approved,[],2026-07-28T14:22:10.899002+00:00,4716a1279a5146ec977582a181f4a56d
2026-06-03,77.9,77.9,ft^3/s,Approved,[],2026-07-28T14:22:10.899002+00:00,4716a1279a5146ec977582a181f4a56d
2026-06-04,85.8,85.8,ft^3/s,Approved,[],2026-07-28T14:22:10.899002+00:00,4716a1279a5146ec977582a181f4a56d
2026-06-05,219.0,219,ft^3/s,Approved,[],2026-07-28T14:22:10.899002+00:00,4716a1279a5146ec977582a181f4a56d
2026-06-06,2040.0,2040,ft^3/s,Approved,[],2026-07-28T14:22:10.899002+00:00,4716a1279a5146ec977582a181f4a56d
2026-06-07,181.0,181,ft^3/s,Approved,[],2026-07-28T14:22:10.899002+00:00,4716a1279a5146ec977582a181f4a56d
2026-06-08,87.3,87.3,ft^3/s,Approved,[],2026-07-28T14:22:10.899002+00:00,4716a1279a5146ec977582a181f4a56d
2026-06-09,62.1,62.1,ft^3/s,Approved,[],2026-07-28T14:22:10.899002+00:00,4716a1279a5146ec977582a181f4a56d
2026-06-10,48.2,48.2,ft^3/s,Approved,[],2026-07-28T14:22:10.899002+00:00,4716a1279a5146ec977582a181f4a56d
2026-06-11,41.9,41.9,ft^3/s,Approved,[],2026-07-28T14:22:10.899002+00:00,4716a1279a5146ec977582a181f4a56d
2026-06-12,37.2,37.2,ft^3/s,Approved,[],2026-07-28T14:22:10.899002+00:00,4716a1279a5146ec977582a181f4a56d
2026-06-13,35.0,35.0,ft^3/s,Approved,[],2026-07-28T14:22:10.899002+00:00,4716a1279a5146ec977582a181f4a56d
2026-06-14,36.7,36.7,ft^3/s,Approved,[],2026-07-28T14:22:10.899002+00:00,4716a1279a5146ec977582a181f4a56d
2026-06-15,321.0,321,ft^3/s,Approved,[],2026-07-28T14:22:10.899002+00:00,4716a1279a5146ec977582a181f4a56d
2026-06-16,98.2,98.2,ft^3/s,Approved,[],2026-07-28T14:22:10.899002+00:00,4716a1279a5146ec977582a181f4a56d
2026-06-17,59.8,59.8,ft^3/s,Approved,[],2026-07-28T14:22:10.899002+00:00,4716a1279a5146ec977582a181f4a56d
2026-06-18,47.4,47.4,ft^3/s,Approved,[],2026-07-28T14:22:10.899002+00:00,4716a1279a5146ec977582a181f4a56d
2026-06-19,41.7,41.7,ft^3/s,Approved,[],2026-07-28T14:22:10.899002+00:00,4716a1279a5146ec977582a181f4a56d
2026-06-20,61.0,61.0,ft^3/s,Approved,[],2026-07-28T14:22:10.899002+00:00,4716a1279a5146ec977582a181f4a56d
2026-06-21,52.4,52.4,ft^3/s,Approved,[],2026-07-28T14:22:10.899002+00:00,4716a1279a5146ec977582a181f4a56d
2026-06-22,39.8,39.8,ft^3/s,Approved,[],2026-07-28T14:22:10.899002+00:00,4716a1279a5146ec977582a181f4a56d
2026-06-23,34.5,34.5,ft^3/s,Approved,[],2026-07-28T14:22:10.899002+00:00,4716a1279a5146ec977582a181f4a56d
2026-06-24,32.5,32.5,ft^3/s,Approved,[],2026-07-28T14:22:10.899002+00:00,4716a1279a5146ec977582a181f4a56d
2026-06-25,30.4,30.4,ft^3/s,Approved,[],2026-07-28T14:22:10.899002+00:00,4716a1279a5146ec977582a181f4a56d
2026-06-26,28.7,28.7,ft^3/s,Approved,[],2026-07-28T14:22:10.899002+00:00,4716a1279a5146ec977582a181f4a56d
2026-06-27,26.8,26.8,ft^3/s,Approved,[],2026-07-28T14:22:10.899002+00:00,4716a1279a5146ec977582a181f4a56d
2026-06-28,25.2,25.2,ft^3/s,Approved,[],2026-07-28T14:22:10.899002+00:00,4716a1279a5146ec977582a181f4a56d
2026-06-29,24.3,24.3,ft^3/s,Approved,[],2026-07-28T14:22:10.899002+00:00,4716a1279a5146ec977582a181f4a56d
2026-06-30,23.2,23.2,ft^3/s,Approved,[],2026-07-28T14:22:10.899002+00:00,4716a1279a5146ec977582a181f4a56d
2026-07-01,22.3,22.3,ft^3/s,Approved,[],2026-07-28T14:22:10.899002+00:00,4716a1279a5146ec977582a181f4a56d
2026-07-02,21.5,21.5,ft^3/s,Approved,[],2026-07-28T14:22:10.899002+00:00,4716a1279a5146ec977582a181f4a56d
2026-07-03,20.5,20.5,ft^3/s,Approved,[],2026-07-28T14:22:10.899002+00:00,4716a1279a5146ec977582a181f4a56d
2026-07-04,19.6,19.6,ft^3/s,Approved,[],2026-07-28T14:22:10.899002+00:00,4716a1279a5146ec977582a181f4a56d
2026-07-05,18.5,18.5,ft^3/s,Approved,[],2026-07-28T14:22:10.899002+00:00,4716a1279a5146ec977582a181f4a56d
2026-07-06,17.3,17.3,ft^3/s,Approved,[],2026-07-28T14:22:10.899002+00:00,4716a1279a5146ec977582a181f4a56d
2026-07-07,16.3,16.3,ft^3/s,Approved,[],2026-07-28T14:22:10.899002+00:00,4716a1279a5146ec977582a181f4a56d
2026-07-08,15.2,15.2,ft^3/s,Approved,[],2026-07-28T14:22:10.899002+00:00,4716a1279a5146ec977582a181f4a56d
2026-07-09,14.1,14.1,ft^3/s,Approved,[],2026-09-01T14:27:08.876695+00:00,4716a1279a5146ec977582a181f4a56d
2026-07-10,13.3,13.3,ft^3/s,Approved,[],2026-09-01T14:27:08.876695+00:00,4716a1279a5146ec977582a181f4a56d
2026-07-11,24.7,24.7,ft^3/s,Approved,[],2026-09-01T14:27:08.876695+00:00,4716a1279a5146ec977582a181f4a56d
2026-07-12,18.3,18.3,ft^3/s,Approved,[],2026-09-01T14:27:08.876695+00:00,4716a1279a5146ec977582a181f4a56d
2026-07-13,13.5,13.5,ft^3/s,Approved,[],2026-09-01T14:27:08.876695+00:00,4716a1279a5146ec977582a181f4a56d
2026-07-14,75.1,75.1,ft^3/s,Approved,[],2026-09-01T14:27:08.876695+00:00,4716a1279a5146ec977582a181f4a56d
2026-07-15,132.0,132,ft^3/s,Approved,[],2026-09-01T14:27:08.876695+00:00,4716a1279a5146ec977582a181f4a56d
2026-07-16,61.7,61.7,ft^3/s,Approved,[],2026-09-01T14:27:08.876695+00:00,4716a1279a5146ec977582a181f4a56d
2026-07-17,33.5,33.5,ft^3/s,Approved,[],2026-09-01T14:27:08.876695+00:00,4716a1279a5146ec977582a181f4a56d
2026-07-18,27.3,27.3,ft^3/s,Approved,[],2026-09-01T14:27:08.876695+00:00,4716a1279a5146ec977582a181f4a56d
2026-07-19,22.0,22.0,ft^3/s,Approved,[],2026-09-01T14:27:08.876695+00:00,4716a1279a5146ec977582a181f4a56d
2026-07-20,19.0,19.0,ft^3/s,Approved,[],2026-09-01T14:27:08.876695+00:00,4716a1279a5146ec977582a181f4a56d
2026-07-21,17.0,17.0,ft^3/s,Approved,[],2026-09-01T14:27:08.876695+00:00,4716a1279a5146ec977582a181f4a56d
2026-07-22,15.9,15.9,ft^3/s,Approved,[],2026-09-01T14:27:08.876695+00:00,4716a1279a5146ec977582a181f4a56d
2026-07-23,14.5,14.5,ft^3/s,Approved,[],2026-09-01T14:27:08.876695+00:00,4716a1279a5146ec977582a181f4a56d
2026-07-24,13.5,13.5,ft^3/s,Approved,[],2026-09-01T14:27:08.876695+00:00,4716a1279a5146ec977582a181f4a56d
2026-07-25,12.3,12.3,ft^3/s,Approved,[],2026-09-01T14:27:08.876695+00:00,4716a1279a5146ec977582a181f4a56d
2026-07-26,11.5,11.5,ft^3/s,Approved,[],2026-09-01T14:27:08.876695+00:00,4716a1279a5146ec977582a181f4a56d
2026-07-27,10.7,10.7,ft^3/s,Approved,[],2026-09-01T14:27:08.876695+00:00,4716a1279a5146ec977582a181f4a56d
2026-07-28,9.14,9.14,ft^3/s,Approved,[],2026-09-01T14:27:08.876695+00:00,4716a1279a5146ec977582a181f4a56d
2026-07-29,8.6,8.60,ft^3/s,Approved,[],2026-09-01T14:27:08.876695+00:00,4716a1279a5146ec977582a181f4a56d
2026-07-30,7.66,7.66,ft^3/s,Approved,[],2026-09-01T14:27:08.876695+00:00,4716a1279a5146ec977582a181f4a56d
2026-07-31,7.4,7.40,ft^3/s,Approved,[],2026-09-01T14:27:08.876695+00:00,4716a1279a5146ec977582a181f4a56d
2026-08-01,6.95,6.95,ft^3/s,Approved,[],2026-09-01T14:27:08.876695+00:00,4716a1279a5146ec977582a181f4a56d
2026-08-02,6.59,6.59,ft^3/s,Approved,[],2026-09-01T14:27:08.876695+00:00,4716a1279a5146ec977582a181f4a56d
2026-08-03,6.03,6.03,ft^3/s,Approved,[],2026-09-01T14:27:08.876695+00:00,4716a1279a5146ec977582a181f4a56d
2026-08-04,5.79,5.79,ft^3/s,Approved,[],2026-09-01T14:27:08.876695+00:00,4716a1279a5146ec977582a181f4a56d
2026-08-05,5.2,5.20,ft^3/s,Approved,[],2026-09-01T14:27:08.876695+00:00,4716a1279a5146ec977582a181f4a56d
2026-08-06,4.47,4.47,ft^3/s,Approved,[],2026-09-01T14:27:08.876695+00:00,4716a1279a5146ec977582a181f4a56d
2026-08-07,4.05,4.05,ft^3/s,Approved,[],2026-09-01T14:27:08.876695+00:00,4716a1279a5146ec977582a181f4a56d
2026-08-08,3.65,3.65,ft^3/s,Approved,[],2026-09-01T14:27:08.876695+00:00,4716a1279a5146ec977582a181f4a56d
2026-08-09,3.29,3.29,ft^3/s,Approved,[],2026-09-01T14:27:08.876695+00:00,4716a1279a5146ec977582a181f4a56d
2026-08-10,3.04,3.04,ft^3/s,Approved,[],2026-09-01T14:27:08.876695+00:00,4716a1279a5146ec977582a181f4a56d
2026-08-11,2.8,2.80,ft^3/s,Approved,[],2026-09-01T14:27:08.876695+00:00,4716a1279a5146ec977582a181f4a56d
2026-08-12,2.48,2.48,ft^3/s,Approved,[],2026-09-01T14:27:08.876695+00:00,4716a1279a5146ec977582a181f4a56d
2026-08-13,2.07,2.07,ft^3/s,Approved,[],2026-09-01T14:27:08.876695+00:00,4716a1279a5146ec977582a181f4a56d
2026-08-14,1.82,1.82,ft^3/s,Approved,[],2026-09-01T14:27:08.876695+00:00,4716a1279a5146ec977582a181f4a56d
2026-08-15,1.76,1.76,ft^3/s,Approved,[],2026-09-01T14:27:08.876695+00:00,4716a1279a5146ec977582a181f4a56d
2026-08-16,1.62,1.62,ft^3/s,Approved,[],2026-09-01T14:27:08.876695+00:00,4716a1279a5146ec977582a181f4a56d
2026-08-17,1.58,1.58,ft^3/s,Approved,[],2026-09-01T14:27:08.876695+00:00,4716a1279a5146ec977582a181f4a56d
2026-08-18,1.29,1.29,ft^3/s,Approved,[],2026-09-01T14:27:08.876695+00:00,4716a1279a5146ec977582a181f4a56d
2026-08-19,1.11,1.11,ft^3/s,Approved,[],2026-09-01T14:27:08.876695+00:00,4716a1279a5146ec977582a181f4a56d
2026-08-20,0.96,0.96,ft^3/s,Approved,[],2026-09-01T14:27:08.876695+00:00,4716a1279a5146ec977582a181f4a56d
2026-08-21,0.8,0.80,ft^3/s,Approved,[],2026-09-01T14:27:08.876695+00:00,4716a1279a5146ec977582a181f4a56d
2026-08-22,0.69,0.69,ft^3/s,Approved,[],2026-09-01T14:27:08.876695+00:00,4716a1279a5146ec977582a181f4a56d
2026-08-23,0.6,0.60,ft^3/s,Approved,[],2026-09-01T14:27:08.876695+00:00,4716a1279a5146ec977582a181f4a56d
2026-08-24,0.48,0.48,ft^3/s,Approved,[],2026-09-01T14:27:08.876695+00:00,4716a1279a5146ec977582a181f4a56d
2026-08-25,0.38,0.38,ft^3/s,Provisional,[],2026-08-26T17:05:14.818668+00:00,4716a1279a5146ec977582a181f4a56d
2026-08-26,0.3,0.30,ft^3/s,Provisional,[],2026-08-27T08:07:31.898087+00:00,4716a1279a5146ec977582a181f4a56d
2026-08-27,0.25,0.25,ft^3/s,Provisional,[],2026-08-28T08:07:49.583134+00:00,4716a1279a5146ec977582a181f4a56d
2026-08-28,0.22,0.22,ft^3/s,Provisional,[],2026-08-29T08:07:37.656718+00:00,4716a1279a5146ec977582a181f4a56d
2026-08-29,0.18,0.18,ft^3/s,Provisional,[],2026-08-30T08:07:38.069841+00:00,4716a1279a5146ec977582a181f4a56d
2026-08-30,0.14,0.14,ft^3/s,Provisional,[],2026-08-31T08:07:46.243033+00:00,4716a1279a5146ec977582a181f4a56d
2026-08-31,0.1,0.10,ft^3/s,Provisional,[],2026-09-01T08:08:33.129062+00:00,4716a1279a5146ec977582a181f4a56d
2026-09-01,0.07,0.07,ft^3/s,Provisional,[],2026-09-02T08:07:31.558943+00:00,4716a1279a5146ec977582a181f4a56d
2026-09-02,0.04,0.04,ft^3/s,Provisional,[],2026-09-03T08:08:33.582739+00:00,4716a1279a5146ec977582a181f4a56d
2026-09-03,0.02,0.02,ft^3/s,Provisional,[],2026-09-04T08:07:39.703572+00:00,4716a1279a5146ec977582a181f4a56d
2026-09-04,0.01,0.01,ft^3/s,Provisional,[],2026-09-05T08:07:50.761280+00:00,4716a1279a5146ec977582a181f4a56d
2026-09-05,0.0,0.00,ft^3/s,Provisional,[],2026-09-06T08:07:06.501083+00:00,4716a1279a5146ec977582a181f4a56d
2026-09-06,0.0,0.00,ft^3/s,Provisional,[],2026-09-07T08:07:38.194034+00:00,4716a1279a5146ec977582a181f4a56d
2026-09-07,0.0,0.00,ft^3/s,Provisional,[],2026-09-08T08:07:19.954838+00:00,4716a1279a5146ec977582a181f4a56d
2026-09-08,0.0,0.00,ft^3/s,Provisional,[],2026-09-09T08:07:40.896223+00:00,4716a1279a5146ec977582a181f4a56d
2026-09-09,0.0,0.00,ft^3/s,Provisional,[],2026-09-10T08:07:18.827746+00:00,4716a1279a5146ec977582a181f4a56d
2026-09-10,0.0,0.00,ft^3/s,Provisional,[],2026-09-11T08:07:44.864703+00:00,4716a1279a5146ec977582a181f4a56d
2026-09-11,0.0,0.00,ft^3/s,Provisional,[],2026-09-12T08:08:03.011018+00:00,4716a1279a5146ec977582a181f4a56d
2026-09-12,0.0,0.00,ft^3/s,Provisional,[],2026-09-13T08:08:35.316513+00:00,4716a1279a5146ec977582a181f4a56d
2026-09-13,0.0,0.00,ft^3/s,Provisional,[],2026-09-14T08:07:43.278527+00:00,4716a1279a5146ec977582a181f4a56d
2026-09-14,0.0,0.00,ft^3/s,Provisional,[],2026-09-15T08:07:45.925822+00:00,4716a1279a5146ec977582a181f4a56d
2026-09-15,0.0,0.00,ft^3/s,Provisional,[],2026-09-16T08:07:44.201451+00:00,4716a1279a5146ec977582a181f4a56d
2026-09-16,0.0,0.00,ft^3/s,Provisional,[],2026-09-17T08:08:24.804988+00:00,4716a1279a5146ec977582a181f4a56d
2026-09-17,0.0,0.00,ft^3/s,Provisional,[],2026-09-18T08:07:40.094249+00:00,4716a1279a5146ec977582a181f4a56d
2026-09-18,0.0,0.00,ft^3/s,Provisional,[],2026-09-19T08:07:36.420217+00:00,4716a1279a5146ec977582a181f4a56d
2026-09-19,0.0,0.00,ft^3/s,Provisional,[],2026-09-20T08:07:21.714626+00:00,4716a1279a5146ec977582a181f4a56d
2026-09-20,0.0,0.00,ft^3/s,Provisional,[],2026-09-21T08:07:29.376392+00:00,4716a1279a5146ec977582a181f4a56d
2026-09-21,0.0,0.00,ft^3/s,Provisional,[],2026-09-22T08:07:41.209478+00:00,4716a1279a5146ec977582a181f4a56d
2026-09-22,0.0,0.00,ft^3/s,Provisional,[],2026-09-23T08:14:15.407104+00:00,4716a1279a5146ec977582a181f4a56d
2026-09-23,0.0,0.00,ft^3/s,Provisional,[],2026-09-24T08:08:28.708894+00:00,4716a1279a5146ec977582a181f4a56d
2026-09-24,0.0,0.00,ft^3/s,Provisional,[],2026-09-25T08:07:43.059835+00:00,4716a1279a5146ec977582a181f4a56d
2026-09-25,0.0,0.00,ft^3/s,Provisional,[],2026-09-26T08:08:16.685756+00:00,4716a1279a5146ec977582a181f4a56d
2026-09-26,0.0,0.00,ft^3/s,Provisional,[],2026-09-27T08:07:50.699276+00:00,4716a1279a5146ec977582a181f4a56d
2026-09-27,0.0,0.00,ft^3/s,Provisional,[],2026-09-28T08:18:38.483083+00:00,4716a1279a5146ec977582a181f4a56d
2026-09-28,0.0,0.00,ft^3/s,Provisional,[],2026-09-29T08:08:54.749705+00:00,4716a1279a5146ec977582a181f4a56d
2026-09-29,0.0,0.00,ft^3/s,Provisional,[],2026-09-30T08:07:58.097710+00:00,4716a1279a5146ec977582a181f4a56d
2026-09-30,0.0,0.00,ft^3/s,Provisional,[],2026-10-01T08:08:24.890611+00:00,4716a1279a5146ec977582a181f4a56d
