date,value,raw_value,unit,approval_status,qualifiers,last_modified,time_series_id
2011-12-29,11.25,,ft,Approved,,2025-03-11T20:23:18.678347+00:00,5f7360d3ef2f4fa5a5c552f766b7fb94
2011-12-30,11.15,,ft,Approved,,2025-03-11T20:23:18.678347+00:00,5f7360d3ef2f4fa5a5c552f766b7fb94
2011-12-31,11.12,,ft,Approved,,2025-03-11T20:23:18.678347+00:00,5f7360d3ef2f4fa5a5c552f766b7fb94
2012-01-01,10.7,,ft,Approved,,2025-03-11T20:23:18.678347+00:00,5f7360d3ef2f4fa5a5c552f766b7fb94
2012-01-02,10.73,,ft,Approved,,2025-03-11T20:23:18.678347+00:00,5f7360d3ef2f4fa5a5c552f766b7fb94
2012-01-03,10.72,,ft,Approved,,2025-03-11T20:23:18.678347+00:00,5f7360d3ef2f4fa5a5c552f766b7fb94
2012-01-04,10.7,,ft,Approved,,2025-03-11T20:23:18.678347+00:00,5f7360d3ef2f4fa5a5c552f766b7fb94
2012-01-05,10.67,,ft,Approved,,2025-03-11T20:23:18.678347+00:00,5f7360d3ef2f4fa5a5c552f766b7fb94
2012-01-06,10.65,,ft,Approved,,2025-03-11T20:23:18.678347+00:00,5f7360d3ef2f4fa5a5c552f766b7fb94
2012-01-07,10.62,,ft,Approved,,2025-03-11T20:23:18.678347+00:00,5f7360d3ef2f4fa5a5c552f766b7fb94
2012-01-08,10.61,,ft,Approved,,2025-03-11T20:23:18.678347+00:00,5f7360d3ef2f4fa5a5c552f766b7fb94
2012-01-09,11.16,,ft,Approved,,2025-03-11T20:23:18.678347+00:00,5f7360d3ef2f4fa5a5c552f766b7fb94
2012-01-10,10.6,,ft,Approved,,2025-03-11T20:23:18.678347+00:00,5f7360d3ef2f4fa5a5c552f766b7fb94
2012-01-11,10.56,,ft,Approved,,2025-03-11T20:23:18.678347+00:00,5f7360d3ef2f4fa5a5c552f766b7fb94
2012-01-12,10.53,,ft,Approved,,2025-03-11T20:23:18.678347+00:00,5f7360d3ef2f4fa5a5c552f766b7fb94
2012-01-13,10.5,,ft,Approved,,2025-03-11T20:23:18.678347+00:00,5f7360d3ef2f4fa5a5c552f766b7fb94
2012-01-14,10.49,,ft,Approved,,2025-03-11T20:23:18.678347+00:00,5f7360d3ef2f4fa5a5c552f766b7fb94
2012-01-15,10.5,,ft,Approved,,2025-03-11T20:23:18.678347+00:00,5f7360d3ef2f4fa5a5c552f766b7fb94
2012-01-16,10.48,,ft,Approved,,2025-03-11T20:23:18.678347+00:00,5f7360d3ef2f4fa5a5c552f766b7fb94
2012-01-17,10.51,,ft,Approved,,2025-03-11T20:23:18.678347+00:00,5f7360d3ef2f4fa5a5c552f766b7fb94
2012-01-18,10.46,,ft,Approved,,2025-03-11T20:23:18.678347+00:00,5f7360d3ef2f4fa5a5c552f766b7fb94
2012-01-19,10.51,,ft,Approved,,2025-03-11T20:23:18.678347+00:00,5f7360d3ef2f4fa5a5c552f766b7fb94
2012-01-20,10.47,,ft,Approved,,2025-03-11T20:23:18.678347+00:00,5f7360d3ef2f4fa5a5c552f766b7fb94
2012-01-21,10.52,,ft,Approved,,2025-03-11T20:23:18.678347+00:00,5f7360d3ef2f4fa5a5c552f766b7fb94
2012-01-22,10.46,,ft,Approved,,2025-03-11T20:23:18.678347+00:00,5f7360d3ef2f4fa5a5c552f766b7fb94
2012-01-23,10.45,,ft,Approved,,2025-03-11T20:23:18.678347+00:00,5f7360d3ef2f4fa5a5c552f766b7fb94
2012-01-24,10.49,,ft,Approved,,2025-03-11T20:23:18.678347+00:00,5f7360d3ef2f4fa5a5c552f766b7fb94
2012-01-25,15.4,,ft,Approved,,2025-03-11T20:23:18.678347+00:00,5f7360d3ef2f4fa5a5c552f766b7fb94
2012-01-26,11.23,,ft,Approved,,2025-03-11T20:23:18.678347+00:00,5f7360d3ef2f4fa5a5c552f766b7fb94
2012-01-27,10.98,,ft,Approved,,2025-03-11T20:23:18.678347+00:00,5f7360d3ef2f4fa5a5c552f766b7fb94
2012-01-28,10.86,,ft,Approved,,2025-03-11T20:23:18.678347+00:00,5f7360d3ef2f4fa5a5c552f766b7fb94
2012-01-29,10.82,,ft,Approved,,2025-03-11T20:23:18.678347+00:00,5f7360d3ef2f4fa5a5c552f766b7fb94
2012-01-30,10.77,,ft,Approved,,2025-03-11T20:23:18.678347+00:00,5f7360d3ef2f4fa5a5c552f766b7fb94
2012-01-31,10.94,,ft,Approved,,2025-03-11T20:23:18.678347+00:00,5f7360d3ef2f4fa5a5c552f766b7fb94
2012-02-01,10.87,,ft,Approved,,2025-03-11T20:23:18.678347+00:00,5f7360d3ef2f4fa5a5c552f766b7fb94
2012-02-02,10.8,,ft,Approved,,2025-03-11T20:23:18.678347+00:00,5f7360d3ef2f4fa5a5c552f766b7fb94
2012-02-03,10.8,,ft,Approved,,2025-03-11T20:23:18.678347+00:00,5f7360d3ef2f4fa5a5c552f766b7fb94
2012-02-04,11.5,,ft,Approved,,2025-03-11T20:23:18.678347+00:00,5f7360d3ef2f4fa5a5c552f766b7fb94
2012-02-05,10.68,,ft,Approved,,2025-03-11T20:23:18.678347+00:00,5f7360d3ef2f4fa5a5c552f766b7fb94
2012-02-06,10.74,,ft,Approved,,2025-03-11T20:23:18.678347+00:00,5f7360d3ef2f4fa5a5c552f766b7fb94
2012-02-07,10.74,,ft,Approved,,2025-03-11T20:23:18.678347+00:00,5f7360d3ef2f4fa5a5c552f766b7fb94
2012-02-08,10.72,,ft,Approved,,2025-03-11T20:23:18.678347+00:00,5f7360d3ef2f4fa5a5c552f766b7fb94
2012-02-09,10.71,,ft,Approved,,2025-03-11T20:23:18.678347+00:00,5f7360d3ef2f4fa5a5c552f766b7fb94
2012-02-10,10.74,,ft,Approved,,2025-03-11T20:23:18.678347+00:00,5f7360d3ef2f4fa5a5c552f766b7fb94
2012-02-11,10.68,,ft,Approved,,2025-03-11T20:23:18.678347+00:00,5f7360d3ef2f4fa5a5c552f766b7fb94
2012-02-12,10.62,,ft,Approved,,2025-03-11T20:23:18.678347+00:00,5f7360d3ef2f4fa5a5c552f766b7fb94
2012-02-13,10.65,,ft,Approved,,2025-03-11T20:23:18.678347+00:00,5f7360d3ef2f4fa5a5c552f766b7fb94
2012-02-14,10.67,,ft,Approved,,2025-03-11T20:23:18.678347+00:00,5f7360d3ef2f4fa5a5c552f766b7fb94
2012-02-15,10.63,,ft,Approved,,2025-03-11T20:23:18.678347+00:00,5f7360d3ef2f4fa5a5c552f766b7fb94
2012-02-16,10.55,,ft,Approved,,2025-03-11T20:23:18.678347+00:00,5f7360d3ef2f4fa5a5c552f766b7fb94
2012-02-17,10.6,,ft,Approved,,2025-03-11T20:23:18.678347+00:00,5f7360d3ef2f4fa5a5c552f766b7fb94
2012-02-18,13.42,,ft,Approved,,2025-03-11T20:23:18.678347+00:00,5f7360d3ef2f4fa5a5c552f766b7fb94
2012-02-19,11.71,,ft,Approved,,2025-03-11T20:23:18.678347+00:00,5f7360d3ef2f4fa5a5c552f766b7fb94
2012-02-20,11.33,,ft,Approved,,2025-03-11T20:23:18.678347+00:00,5f7360d3ef2f4fa5a5c552f766b7fb94
2012-02-21,11.16,,ft,Approved,,2025-03-11T20:23:18.678347+00:00,5f7360d3ef2f4fa5a5c552f766b7fb94
2012-02-22,11.06,,ft,Approved,,2025-03-11T20:23:18.678347+00:00,5f7360d3ef2f4fa5a5c552f766b7fb94
2012-02-23,10.93,,ft,Approved,,2025-03-11T20:23:18.678347+00:00,5f7360d3ef2f4fa5a5c552f766b7fb94
2012-02-24,10.72,,ft,Approved,,2025-03-11T20:23:18.678347+00:00,5f7360d3ef2f4fa5a5c552f766b7fb94
2012-02-25,10.79,,ft,Approved,,2025-03-11T20:23:18.678347+00:00,5f7360d3ef2f4fa5a5c552f766b7fb94
2012-02-26,10.83,,ft,Approved,,2025-03-11T20:23:18.678347+00:00,5f7360d3ef2f4fa5a5c552f766b7fb94
2012-02-27,10.86,,ft,Approved,,2025-03-11T20:23:18.678347+00:00,5f7360d3ef2f4fa5a5c552f766b7fb94
2012-02-28,10.87,,ft,Approved,,2025-03-11T20:23:18.678347+00:00,5f7360d3ef2f4fa5a5c552f766b7fb94
2012-02-29,10.91,,ft,Approved,,2025-03-11T20:23:18.678347+00:00,5f7360d3ef2f4fa5a5c552f766b7fb94
2012-03-01,10.89,,ft,Approved,,2025-03-11T20:23:18.678347+00:00,5f7360d3ef2f4fa5a5c552f766b7fb94
2012-03-02,10.79,,ft,Approved,,2025-03-11T20:23:18.678347+00:00,5f7360d3ef2f4fa5a5c552f766b7fb94
2012-03-03,10.86,,ft,Approved,,2025-03-11T20:23:18.678347+00:00,5f7360d3ef2f4fa5a5c552f766b7fb94
2012-03-04,10.81,,ft,Approved,,2025-03-11T20:23:18.678347+00:00,5f7360d3ef2f4fa5a5c552f766b7fb94
2012-03-05,10.76,,ft,Approved,,2025-03-11T20:23:18.678347+00:00,5f7360d3ef2f4fa5a5c552f766b7fb94
2012-03-06,10.77,,ft,Approved,,2025-03-11T20:23:18.678347+00:00,5f7360d3ef2f4fa5a5c552f766b7fb94
2012-03-07,10.77,,ft,Approved,,2025-03-11T20:23:18.678347+00:00,5f7360d3ef2f4fa5a5c552f766b7fb94
2012-03-08,10.78,,ft,Approved,,2025-03-11T20:23:18.678347+00:00,5f7360d3ef2f4fa5a5c552f766b7fb94
2012-03-09,11.58,,ft,Approved,,2025-03-11T20:23:18.678347+00:00,5f7360d3ef2f4fa5a5c552f766b7fb94
2012-03-10,12.31,,ft,Approved,,2025-03-11T20:23:18.678347+00:00,5f7360d3ef2f4fa5a5c552f766b7fb94
2012-03-11,11.38,,ft,Approved,,2025-03-11T20:23:18.678347+00:00,5f7360d3ef2f4fa5a5c552f766b7fb94
2012-03-12,11.53,,ft,Approved,,2025-03-11T20:23:18.678347+00:00,5f7360d3ef2f4fa5a5c552f766b7fb94
2012-03-13,11.32,,ft,Approved,,2025-03-11T20:23:18.678347+00:00,5f7360d3ef2f4fa5a5c552f766b7fb94
2012-03-14,11.07,,ft,Approved,,2025-03-11T20:23:18.678347+00:00,5f7360d3ef2f4fa5a5c552f766b7fb94
2012-03-15,11.02,,ft,Approved,,2025-03-11T20:23:18.678347+00:00,5f7360d3ef2f4fa5a5c552f766b7fb94
2012-03-16,11.02,,ft,Approved,,2025-03-11T20:23:18.678347+00:00,5f7360d3ef2f4fa5a5c552f766b7fb94
2012-03-17,10.98,,ft,Approved,,2025-03-11T20:23:18.678347+00:00,5f7360d3ef2f4fa5a5c552f766b7fb94
2012-03-18,11.0,,ft,Approved,,2025-03-11T20:23:18.678347+00:00,5f7360d3ef2f4fa5a5c552f766b7fb94
2012-03-19,10.8,,ft,Approved,,2025-03-11T20:23:18.678347+00:00,5f7360d3ef2f4fa5a5c552f766b7fb94
2012-03-20,15.15,,ft,Approved,,2025-03-11T20:23:18.678347+00:00,5f7360d3ef2f4fa5a5c552f766b7fb94
2012-03-21,12.42,,ft,Approved,,2025-03-11T20:23:18.678347+00:00,5f7360d3ef2f4fa5a5c552f766b7fb94
2012-03-22,12.02,,ft,Approved,,2025-03-11T20:23:18.678347+00:00,5f7360d3ef2f4fa5a5c552f766b7fb94
2012-03-23,11.87,,ft,Approved,,2025-03-11T20:23:18.678347+00:00,5f7360d3ef2f4fa5a5c552f766b7fb94
2012-03-24,11.75,,ft,Approved,,2025-03-11T20:23:18.678347+00:00,5f7360d3ef2f4fa5a5c552f766b7fb94
2012-03-25,11.68,,ft,Approved,,2025-03-11T20:23:18.678347+00:00,5f7360d3ef2f4fa5a5c552f766b7fb94
2012-03-26,11.5,,ft,Approved,,2025-03-11T20:23:18.678347+00:00,5f7360d3ef2f4fa5a5c552f766b7fb94
2012-03-27,11.5,,ft,Approved,,2025-03-11T20:23:18.678347+00:00,5f7360d3ef2f4fa5a5c552f766b7fb94
2012-03-28,11.53,,ft,Approved,,2025-03-11T20:23:18.678347+00:00,5f7360d3ef2f4fa5a5c552f766b7fb94
2012-03-29,11.92,,ft,Approved,,2025-03-11T20:23:18.678347+00:00,5f7360d3ef2f4fa5a5c552f766b7fb94
2012-03-30,11.27,,ft,Approved,,2025-03-11T20:23:18.678347+00:00,5f7360d3ef2f4fa5a5c552f766b7fb94
2012-03-31,11.71,,ft,Approved,,2025-03-11T20:23:18.678347+00:00,5f7360d3ef2f4fa5a5c552f766b7fb94
2012-04-01,11.93,,ft,Approved,,2025-03-11T20:23:18.678347+00:00,5f7360d3ef2f4fa5a5c552f766b7fb94
2012-04-02,11.93,,ft,Approved,,2025-03-11T20:23:18.678347+00:00,5f7360d3ef2f4fa5a5c552f766b7fb94
2012-04-03,11.7,,ft,Approved,,2025-03-11T20:23:18.678347+00:00,5f7360d3ef2f4fa5a5c552f766b7fb94
2012-04-04,11.45,,ft,Approved,,2025-03-11T20:23:18.678347+00:00,5f7360d3ef2f4fa5a5c552f766b7fb94
2012-04-05,11.86,,ft,Approved,,2025-03-11T20:23:18.678347+00:00,5f7360d3ef2f4fa5a5c552f766b7fb94
2012-04-06,11.88,,ft,Approved,,2025-03-11T20:23:18.678347+00:00,5f7360d3ef2f4fa5a5c552f766b7fb94
2012-04-07,11.9,,ft,Approved,,2025-03-11T20:23:18.678347+00:00,5f7360d3ef2f4fa5a5c552f766b7fb94
2012-04-08,11.84,,ft,Approved,,2025-03-11T20:23:18.678347+00:00,5f7360d3ef2f4fa5a5c552f766b7fb94
2012-04-09,12.01,,ft,Approved,,2025-03-11T20:23:18.678347+00:00,5f7360d3ef2f4fa5a5c552f766b7fb94
2012-04-10,11.86,,ft,Approved,,2025-03-11T20:23:18.678347+00:00,5f7360d3ef2f4fa5a5c552f766b7fb94
2012-04-11,11.92,,ft,Approved,,2025-03-11T20:23:18.678347+00:00,5f7360d3ef2f4fa5a5c552f766b7fb94
2012-04-12,11.93,,ft,Approved,,2025-03-11T20:23:18.678347+00:00,5f7360d3ef2f4fa5a5c552f766b7fb94
2012-04-13,11.96,,ft,Approved,,2025-03-11T20:23:18.678347+00:00,5f7360d3ef2f4fa5a5c552f766b7fb94
2012-04-14,11.96,,ft,Approved,,2025-03-11T20:23:18.678347+00:00,5f7360d3ef2f4fa5a5c552f766b7fb94
2012-04-15,11.97,,ft,Approved,,2025-03-11T20:23:18.678347+00:00,5f7360d3ef2f4fa5a5c552f766b7fb94
2012-04-16,12.04,,ft,Approved,,2025-03-11T20:23:18.678347+00:00,5f7360d3ef2f4fa5a5c552f766b7fb94
2012-04-17,12.23,,ft,Approved,,2025-03-11T20:23:18.678347+00:00,5f7360d3ef2f4fa5a5c552f766b7fb94
2012-04-18,12.17,,ft,Approved,,2025-03-11T20:23:18.678347+00:00,5f7360d3ef2f4fa5a5c552f766b7fb94
2012-04-19,12.1,,ft,Approved,,2025-03-11T20:23:18.678347+00:00,5f7360d3ef2f4fa5a5c552f766b7fb94
2012-04-20,12.01,,ft,Approved,,2025-03-11T20:23:18.678347+00:00,5f7360d3ef2f4fa5a5c552f766b7fb94
2012-04-21,12.42,,ft,Approved,,2025-03-11T20:23:18.678347+00:00,5f7360d3ef2f4fa5a5c552f766b7fb94
2012-04-22,12.07,,ft,Approved,,2025-03-11T20:23:18.678347+00:00,5f7360d3ef2f4fa5a5c552f766b7fb94
2012-04-23,12.1,,ft,Approved,,2025-03-11T20:23:18.678347+00:00,5f7360d3ef2f4fa5a5c552f766b7fb94
2012-04-24,12.19,,ft,Approved,,2025-03-11T20:23:18.678347+00:00,5f7360d3ef2f4fa5a5c552f766b7fb94
2012-04-25,12.02,,ft,Approved,,2025-03-11T20:23:18.678347+00:00,5f7360d3ef2f4fa5a5c552f766b7fb94
2012-04-26,12.06,,ft,Approved,,2025-03-11T20:23:18.678347+00:00,5f7360d3ef2f4fa5a5c552f766b7fb94
2012-04-27,12.1,,ft,Approved,,2025-03-11T20:23:18.678347+00:00,5f7360d3ef2f4fa5a5c552f766b7fb94
2012-04-28,12.17,,ft,Approved,,2025-03-11T20:23:18.678347+00:00,5f7360d3ef2f4fa5a5c552f766b7fb94
2012-04-29,12.12,,ft,Approved,,2025-03-11T20:23:18.678347+00:00,5f7360d3ef2f4fa5a5c552f766b7fb94
2012-04-30,11.9,,ft,Approved,,2025-03-11T20:23:18.678347+00:00,5f7360d3ef2f4fa5a5c552f766b7fb94
2012-05-01,11.37,,ft,Approved,,2025-03-11T20:23:18.678347+00:00,5f7360d3ef2f4fa5a5c552f766b7fb94
2012-05-02,11.73,,ft,Approved,,2025-03-11T20:23:18.678347+00:00,5f7360d3ef2f4fa5a5c552f766b7fb94
2012-05-03,11.62,,ft,Approved,,2025-03-11T20:23:18.678347+00:00,5f7360d3ef2f4fa5a5c552f766b7fb94
2012-05-04,11.85,,ft,Approved,,2025-03-11T20:23:18.678347+00:00,5f7360d3ef2f4fa5a5c552f766b7fb94
2012-05-05,11.89,,ft,Approved,,2025-03-11T20:23:18.678347+00:00,5f7360d3ef2f4fa5a5c552f766b7fb94
2012-05-06,12.61,,ft,Approved,,2025-03-11T20:23:18.678347+00:00,5f7360d3ef2f4fa5a5c552f766b7fb94
2012-05-07,12.06,,ft,Approved,,2025-03-11T20:23:18.678347+00:00,5f7360d3ef2f4fa5a5c552f766b7fb94
2012-05-08,12.31,,ft,Approved,,2025-03-11T20:23:18.678347+00:00,5f7360d3ef2f4fa5a5c552f766b7fb94
2012-05-09,12.11,,ft,Approved,,2025-03-11T20:23:18.678347+00:00,5f7360d3ef2f4fa5a5c552f766b7fb94
2012-05-10,12.5,,ft,Approved,,2025-03-11T20:23:18.678347+00:00,5f7360d3ef2f4fa5a5c552f766b7fb94
2012-05-11,14.74,,ft,Approved,,2025-03-11T20:23:18.678347+00:00,5f7360d3ef2f4fa5a5c552f766b7fb94
2012-05-12,12.38,,ft,Approved,,2025-03-11T20:23:18.678347+00:00,5f7360d3ef2f4fa5a5c552f766b7fb94
2012-05-13,12.47,,ft,Approved,,2025-03-11T20:23:18.678347+00:00,5f7360d3ef2f4fa5a5c552f766b7fb94
2012-05-14,12.37,,ft,Approved,,2025-03-11T20:23:18.678347+00:00,5f7360d3ef2f4fa5a5c552f766b7fb94
2012-05-15,12.88,,ft,Approved,,2025-03-11T20:23:18.678347+00:00,5f7360d3ef2f4fa5a5c552f766b7fb94
2012-05-16,12.59,,ft,Approved,,2025-03-11T20:23:18.678347+00:00,5f7360d3ef2f4fa5a5c552f766b7fb94
2012-05-17,12.74,,ft,Approved,,2025-03-11T20:23:18.678347+00:00,5f7360d3ef2f4fa5a5c552f766b7fb94
2012-05-18,12.71,,ft,Approved,,2025-03-11T20:23:18.678347+00:00,5f7360d3ef2f4fa5a5c552f766b7fb94
2012-05-19,12.55,,ft,Approved,,2025-03-11T20:23:18.678347+00:00,5f7360d3ef2f4fa5a5c552f766b7fb94
2012-05-20,12.65,,ft,Approved,,2025-03-11T20:23:18.678347+00:00,5f7360d3ef2f4fa5a5c552f766b7fb94
2012-05-21,12.74,,ft,Approved,,2025-03-11T20:23:18.678347+00:00,5f7360d3ef2f4fa5a5c552f766b7fb94
2012-05-22,12.63,,ft,Approved,,2025-03-11T20:23:18.678347+00:00,5f7360d3ef2f4fa5a5c552f766b7fb94
2012-05-23,12.89,,ft,Approved,,2025-03-11T20:23:18.678347+00:00,5f7360d3ef2f4fa5a5c552f766b7fb94
2012-05-24,12.96,,ft,Approved,,2025-03-11T20:23:18.678347+00:00,5f7360d3ef2f4fa5a5c552f766b7fb94
2012-05-25,12.72,,ft,Approved,,2025-03-11T20:23:18.678347+00:00,5f7360d3ef2f4fa5a5c552f766b7fb94
2012-05-26,12.91,,ft,Approved,,2025-03-11T20:23:18.678347+00:00,5f7360d3ef2f4fa5a5c552f766b7fb94
2012-05-27,13.07,,ft,Approved,,2025-03-11T20:23:18.678347+00:00,5f7360d3ef2f4fa5a5c552f766b7fb94
2012-05-28,12.97,,ft,Approved,,2025-03-11T20:23:18.678347+00:00,5f7360d3ef2f4fa5a5c552f766b7fb94
2012-05-29,12.9,,ft,Approved,,2025-03-11T20:23:18.678347+00:00,5f7360d3ef2f4fa5a5c552f766b7fb94
2012-05-30,13.16,,ft,Approved,,2025-03-11T20:23:18.678347+00:00,5f7360d3ef2f4fa5a5c552f766b7fb94
2012-05-31,13.27,,ft,Approved,,2025-03-11T20:23:18.678347+00:00,5f7360d3ef2f4fa5a5c552f766b7fb94
2012-06-01,13.17,,ft,Approved,,2025-03-11T20:23:18.678347+00:00,5f7360d3ef2f4fa5a5c552f766b7fb94
2012-06-02,13.1,,ft,Approved,,2025-03-11T20:23:18.678347+00:00,5f7360d3ef2f4fa5a5c552f766b7fb94
2012-06-03,13.3,,ft,Approved,,2025-03-11T20:23:18.678347+00:00,5f7360d3ef2f4fa5a5c552f766b7fb94
2012-06-04,13.28,,ft,Approved,,2025-03-11T20:23:18.678347+00:00,5f7360d3ef2f4fa5a5c552f766b7fb94
2012-06-05,12.93,,ft,Approved,,2025-03-11T20:23:18.678347+00:00,5f7360d3ef2f4fa5a5c552f766b7fb94
2012-06-06,13.53,,ft,Approved,,2025-03-11T20:23:18.678347+00:00,5f7360d3ef2f4fa5a5c552f766b7fb94
2012-06-07,13.51,,ft,Approved,,2025-03-11T20:23:18.678347+00:00,5f7360d3ef2f4fa5a5c552f766b7fb94
2012-06-08,13.32,,ft,Approved,,2025-03-11T20:23:18.678347+00:00,5f7360d3ef2f4fa5a5c552f766b7fb94
2012-06-09,13.32,,ft,Approved,,2025-03-11T20:23:18.678347+00:00,5f7360d3ef2f4fa5a5c552f766b7fb94
2012-06-10,13.31,,ft,Approved,,2025-03-11T20:23:18.678347+00:00,5f7360d3ef2f4fa5a5c552f766b7fb94
2012-06-11,13.33,,ft,Approved,,2025-03-11T20:23:18.678347+00:00,5f7360d3ef2f4fa5a5c552f766b7fb94
2012-06-12,13.18,,ft,Approved,,2025-03-11T20:23:18.678347+00:00,5f7360d3ef2f4fa5a5c552f766b7fb94
2012-06-13,13.3,,ft,Approved,,2025-03-11T20:23:18.678347+00:00,5f7360d3ef2f4fa5a5c552f766b7fb94
2012-06-14,13.35,,ft,Approved,,2025-03-11T20:23:18.678347+00:00,5f7360d3ef2f4fa5a5c552f766b7fb94
2012-06-15,13.35,,ft,Approved,,2025-03-11T20:23:18.678347+00:00,5f7360d3ef2f4fa5a5c552f766b7fb94
2012-06-16,13.35,,ft,Approved,,2025-03-11T20:23:18.678347+00:00,5f7360d3ef2f4fa5a5c552f766b7fb94
2012-06-17,13.36,,ft,Approved,,2025-03-11T20:23:18.678347+00:00,5f7360d3ef2f4fa5a5c552f766b7fb94
2012-06-18,13.33,,ft,Approved,,2025-03-11T20:23:18.678347+00:00,5f7360d3ef2f4fa5a5c552f766b7fb94
2012-06-19,13.37,,ft,Approved,,2025-03-11T20:23:18.678347+00:00,5f7360d3ef2f4fa5a5c552f766b7fb94
2012-06-20,13.34,,ft,Approved,,2025-03-11T20:23:18.678347+00:00,5f7360d3ef2f4fa5a5c552f766b7fb94
2012-06-21,13.67,,ft,Approved,,2025-03-11T20:23:18.678347+00:00,5f7360d3ef2f4fa5a5c552f766b7fb94
2012-06-22,13.59,,ft,Approved,,2025-03-11T20:23:18.678347+00:00,5f7360d3ef2f4fa5a5c552f766b7fb94
2012-06-23,13.59,,ft,Approved,,2025-03-11T20:23:18.678347+00:00,5f7360d3ef2f4fa5a5c552f766b7fb94
2012-06-24,13.5,,ft,Approved,,2025-03-11T20:23:18.678347+00:00,5f7360d3ef2f4fa5a5c552f766b7fb94
2012-06-25,13.47,,ft,Approved,,2025-03-11T20:23:18.678347+00:00,5f7360d3ef2f4fa5a5c552f766b7fb94
2012-06-26,13.45,,ft,Approved,,2025-03-11T20:23:18.678347+00:00,5f7360d3ef2f4fa5a5c552f766b7fb94
2012-06-27,13.48,,ft,Approved,,2025-03-11T20:23:18.678347+00:00,5f7360d3ef2f4fa5a5c552f766b7fb94
2012-06-28,13.52,,ft,Approved,,2025-03-11T20:23:18.678347+00:00,5f7360d3ef2f4fa5a5c552f766b7fb94
2012-06-29,13.69,,ft,Approved,,2025-03-11T20:23:18.678347+00:00,5f7360d3ef2f4fa5a5c552f766b7fb94
2012-06-30,13.47,,ft,Approved,,2025-03-11T20:23:18.678347+00:00,5f7360d3ef2f4fa5a5c552f766b7fb94
2012-07-01,13.54,,ft,Approved,,2025-03-11T20:23:18.678347+00:00,5f7360d3ef2f4fa5a5c552f766b7fb94
2012-07-02,13.37,,ft,Approved,,2025-03-11T20:23:18.678347+00:00,5f7360d3ef2f4fa5a5c552f766b7fb94
2012-07-03,13.37,,ft,Approved,,2025-03-11T20:23:18.678347+00:00,5f7360d3ef2f4fa5a5c552f766b7fb94
2012-07-04,13.3,,ft,Approved,,2025-03-11T20:23:18.678347+00:00,5f7360d3ef2f4fa5a5c552f766b7fb94
2012-07-05,13.39,,ft,Approved,,2025-03-11T20:23:18.678347+00:00,5f7360d3ef2f4fa5a5c552f766b7fb94
2012-07-06,13.47,,ft,Approved,,2025-03-11T20:23:18.678347+00:00,5f7360d3ef2f4fa5a5c552f766b7fb94
2012-07-07,13.35,,ft,Approved,,2025-03-11T20:23:18.678347+00:00,5f7360d3ef2f4fa5a5c552f766b7fb94
2012-07-08,13.38,,ft,Approved,,2025-03-11T20:23:18.678347+00:00,5f7360d3ef2f4fa5a5c552f766b7fb94
2012-07-09,13.65,,ft,Approved,,2025-03-11T20:23:18.678347+00:00,5f7360d3ef2f4fa5a5c552f766b7fb94
2012-07-10,13.38,,ft,Approved,,2025-03-11T20:23:18.678347+00:00,5f7360d3ef2f4fa5a5c552f766b7fb94
2012-07-11,13.3,,ft,Approved,,2025-03-11T20:23:18.678347+00:00,5f7360d3ef2f4fa5a5c552f766b7fb94
2012-07-12,12.97,,ft,Approved,,2025-03-11T20:23:18.678347+00:00,5f7360d3ef2f4fa5a5c552f766b7fb94
2012-07-13,13.25,,ft,Approved,,2025-03-11T20:23:18.678347+00:00,5f7360d3ef2f4fa5a5c552f766b7fb94
2012-07-14,13.22,,ft,Approved,,2025-03-11T20:23:18.678347+00:00,5f7360d3ef2f4fa5a5c552f766b7fb94
2012-07-15,15.4,,ft,Approved,,2025-03-11T20:23:18.678347+00:00,5f7360d3ef2f4fa5a5c552f766b7fb94
2012-07-16,15.92,,ft,Approved,,2025-03-11T20:23:18.678347+00:00,5f7360d3ef2f4fa5a5c552f766b7fb94
2012-07-17,13.3,,ft,Approved,,2025-03-11T20:23:18.678347+00:00,5f7360d3ef2f4fa5a5c552f766b7fb94
2012-07-18,13.03,,ft,Approved,,2025-03-11T20:23:18.678347+00:00,5f7360d3ef2f4fa5a5c552f766b7fb94
2012-07-19,12.66,,ft,Approved,,2025-03-11T20:23:18.678347+00:00,5f7360d3ef2f4fa5a5c552f766b7fb94
2012-07-20,12.66,,ft,Approved,,2025-03-11T20:23:18.678347+00:00,5f7360d3ef2f4fa5a5c552f766b7fb94
2012-07-21,12.75,,ft,Approved,,2025-03-11T20:23:18.678347+00:00,5f7360d3ef2f4fa5a5c552f766b7fb94
2012-07-22,12.92,,ft,Approved,,2025-03-11T20:23:18.678347+00:00,5f7360d3ef2f4fa5a5c552f766b7fb94
2012-07-23,12.84,,ft,Approved,,2025-03-11T20:23:18.678347+00:00,5f7360d3ef2f4fa5a5c552f766b7fb94
2012-07-24,12.81,,ft,Approved,,2025-03-11T20:23:18.678347+00:00,5f7360d3ef2f4fa5a5c552f766b7fb94
2012-07-25,12.99,,ft,Approved,,2025-03-11T20:23:18.678347+00:00,5f7360d3ef2f4fa5a5c552f766b7fb94
2012-07-26,12.96,,ft,Approved,,2025-03-11T20:23:18.678347+00:00,5f7360d3ef2f4fa5a5c552f766b7fb94
2012-07-27,13.01,,ft,Approved,,2025-03-11T20:23:18.678347+00:00,5f7360d3ef2f4fa5a5c552f766b7fb94
2012-07-28,12.83,,ft,Approved,,2025-03-11T20:23:18.678347+00:00,5f7360d3ef2f4fa5a5c552f766b7fb94
2012-07-29,12.73,,ft,Approved,,2025-03-11T20:23:18.678347+00:00,5f7360d3ef2f4fa5a5c552f766b7fb94
2012-07-30,13.08,,ft,Approved,,2025-03-11T20:23:18.678347+00:00,5f7360d3ef2f4fa5a5c552f766b7fb94
2012-07-31,13.21,,ft,Approved,,2025-03-11T20:23:18.678347+00:00,5f7360d3ef2f4fa5a5c552f766b7fb94
2012-08-01,13.09,,ft,Approved,,2025-03-11T20:23:18.678347+00:00,5f7360d3ef2f4fa5a5c552f766b7fb94
2012-08-02,13.03,,ft,Approved,,2025-03-11T20:23:18.678347+00:00,5f7360d3ef2f4fa5a5c552f766b7fb94
2012-08-03,13.47,,ft,Approved,,2025-03-11T20:23:18.678347+00:00,5f7360d3ef2f4fa5a5c552f766b7fb94
2012-08-04,13.54,,ft,Approved,,2025-03-11T20:23:18.678347+00:00,5f7360d3ef2f4fa5a5c552f766b7fb94
2012-08-05,13.54,,ft,Approved,,2025-03-11T20:23:18.678347+00:00,5f7360d3ef2f4fa5a5c552f766b7fb94
2012-08-06,13.58,,ft,Approved,,2025-03-11T20:23:18.678347+00:00,5f7360d3ef2f4fa5a5c552f766b7fb94
2012-08-07,13.71,,ft,Approved,,2025-03-11T20:23:18.678347+00:00,5f7360d3ef2f4fa5a5c552f766b7fb94
2012-08-08,13.7,,ft,Approved,,2025-03-11T20:23:18.678347+00:00,5f7360d3ef2f4fa5a5c552f766b7fb94
2012-08-09,13.55,,ft,Approved,,2025-03-11T20:23:18.678347+00:00,5f7360d3ef2f4fa5a5c552f766b7fb94
2012-08-10,13.52,,ft,Approved,,2025-03-11T20:23:18.678347+00:00,5f7360d3ef2f4fa5a5c552f766b7fb94
2012-08-11,13.51,,ft,Approved,,2025-03-11T20:23:18.678347+00:00,5f7360d3ef2f4fa5a5c552f766b7fb94
2012-08-12,13.56,,ft,Approved,,2025-03-11T20:23:18.678347+00:00,5f7360d3ef2f4fa5a5c552f766b7fb94
2012-08-13,13.58,,ft,Approved,,2025-03-11T20:23:18.678347+00:00,5f7360d3ef2f4fa5a5c552f766b7fb94
2012-08-14,13.6,,ft,Approved,,2025-03-11T20:23:18.678347+00:00,5f7360d3ef2f4fa5a5c552f766b7fb94
2012-08-15,13.76,,ft,Approved,,2025-03-11T20:23:18.678347+00:00,5f7360d3ef2f4fa5a5c552f766b7fb94
2012-08-16,13.92,,ft,Approved,,2025-03-11T20:23:18.678347+00:00,5f7360d3ef2f4fa5a5c552f766b7fb94
2012-08-17,14.11,,ft,Approved,,2025-03-11T20:23:18.678347+00:00,5f7360d3ef2f4fa5a5c552f766b7fb94
2012-08-18,14.5,,ft,Approved,,2025-03-11T20:23:18.678347+00:00,5f7360d3ef2f4fa5a5c552f766b7fb94
2012-08-19,15.04,,ft,Approved,,2025-03-11T20:23:18.678347+00:00,5f7360d3ef2f4fa5a5c552f766b7fb94
2012-08-20,13.95,,ft,Approved,,2025-03-11T20:23:18.678347+00:00,5f7360d3ef2f4fa5a5c552f766b7fb94
2012-08-21,13.92,,ft,Approved,,2025-03-11T20:23:18.678347+00:00,5f7360d3ef2f4fa5a5c552f766b7fb94
2012-08-22,13.8,,ft,Approved,,2025-03-11T20:23:18.678347+00:00,5f7360d3ef2f4fa5a5c552f766b7fb94
2012-08-23,13.89,,ft,Approved,,2025-03-11T20:23:18.678347+00:00,5f7360d3ef2f4fa5a5c552f766b7fb94
2012-08-24,13.87,,ft,Approved,,2025-03-11T20:23:18.678347+00:00,5f7360d3ef2f4fa5a5c552f766b7fb94
2012-08-25,13.83,,ft,Approved,,2025-03-11T20:23:18.678347+00:00,5f7360d3ef2f4fa5a5c552f766b7fb94
2012-08-26,13.69,,ft,Approved,,2025-03-11T20:23:18.678347+00:00,5f7360d3ef2f4fa5a5c552f766b7fb94
2012-08-27,13.66,,ft,Approved,,2025-03-11T20:23:18.678347+00:00,5f7360d3ef2f4fa5a5c552f766b7fb94
2012-08-28,13.39,,ft,Approved,,2025-03-11T20:23:18.678347+00:00,5f7360d3ef2f4fa5a5c552f766b7fb94
2012-08-29,13.71,,ft,Approved,,2025-03-11T20:23:18.678347+00:00,5f7360d3ef2f4fa5a5c552f766b7fb94
2012-08-30,14.09,,ft,Approved,,2025-03-11T20:23:18.678347+00:00,5f7360d3ef2f4fa5a5c552f766b7fb94
2012-08-31,13.88,,ft,Approved,,2025-03-11T20:23:18.678347+00:00,5f7360d3ef2f4fa5a5c552f766b7fb94
2012-09-01,13.67,,ft,Approved,,2025-03-11T20:23:18.678347+00:00,5f7360d3ef2f4fa5a5c552f766b7fb94
2012-09-02,14.06,,ft,Approved,,2025-03-11T20:23:18.678347+00:00,5f7360d3ef2f4fa5a5c552f766b7fb94
2012-09-03,14.16,,ft,Approved,,2025-03-11T20:23:18.678347+00:00,5f7360d3ef2f4fa5a5c552f766b7fb94
2012-09-04,14.19,,ft,Approved,,2025-03-11T20:23:18.678347+00:00,5f7360d3ef2f4fa5a5c552f766b7fb94
2012-09-05,14.15,,ft,Approved,,2025-03-11T20:23:18.678347+00:00,5f7360d3ef2f4fa5a5c552f766b7fb94
2012-09-06,14.13,,ft,Approved,,2025-03-11T20:23:18.678347+00:00,5f7360d3ef2f4fa5a5c552f766b7fb94
2012-09-07,14.16,,ft,Approved,,2025-03-11T20:23:18.678347+00:00,5f7360d3ef2f4fa5a5c552f766b7fb94
2012-09-08,14.15,,ft,Approved,,2025-03-11T20:23:18.678347+00:00,5f7360d3ef2f4fa5a5c552f766b7fb94
2012-09-09,14.24,,ft,Approved,,2025-03-11T20:23:18.678347+00:00,5f7360d3ef2f4fa5a5c552f766b7fb94
2012-09-10,14.24,,ft,Approved,,2025-03-11T20:23:18.678347+00:00,5f7360d3ef2f4fa5a5c552f766b7fb94
2012-09-11,14.26,,ft,Approved,,2025-03-11T20:23:18.678347+00:00,5f7360d3ef2f4fa5a5c552f766b7fb94
2012-09-12,14.27,,ft,Approved,,2025-03-11T20:23:18.678347+00:00,5f7360d3ef2f4fa5a5c552f766b7fb94
2012-09-13,14.36,,ft,Approved,,2025-03-11T20:23:18.678347+00:00,5f7360d3ef2f4fa5a5c552f766b7fb94
2012-09-14,15.09,,ft,Approved,,2025-03-11T20:23:18.678347+00:00,5f7360d3ef2f4fa5a5c552f766b7fb94
2012-09-15,14.65,,ft,Approved,,2025-03-11T20:23:18.678347+00:00,5f7360d3ef2f4fa5a5c552f766b7fb94
2012-09-16,15.2,,ft,Approved,,2025-03-11T20:23:18.678347+00:00,5f7360d3ef2f4fa5a5c552f766b7fb94
2012-09-17,14.72,,ft,Approved,,2025-03-11T20:23:18.678347+00:00,5f7360d3ef2f4fa5a5c552f766b7fb94
2012-09-18,13.55,,ft,Approved,,2025-03-11T20:23:18.678347+00:00,5f7360d3ef2f4fa5a5c552f766b7fb94
2012-09-19,13.62,,ft,Approved,,2025-03-11T20:23:18.678347+00:00,5f7360d3ef2f4fa5a5c552f766b7fb94
2012-09-20,13.61,,ft,Approved,,2025-03-11T20:23:18.678347+00:00,5f7360d3ef2f4fa5a5c552f766b7fb94
2012-09-21,13.52,,ft,Approved,,2025-03-11T20:23:18.678347+00:00,5f7360d3ef2f4fa5a5c552f766b7fb94
2012-09-22,13.24,,ft,Approved,,2025-03-11T20:23:18.678347+00:00,5f7360d3ef2f4fa5a5c552f766b7fb94
2012-09-23,13.24,,ft,Approved,,2025-03-11T20:23:18.678347+00:00,5f7360d3ef2f4fa5a5c552f766b7fb94
2012-09-24,13.26,,ft,Approved,,2025-03-11T20:23:18.678347+00:00,5f7360d3ef2f4fa5a5c552f766b7fb94
2012-09-25,13.27,,ft,Approved,,2025-03-11T20:23:18.678347+00:00,5f7360d3ef2f4fa5a5c552f766b7fb94
2012-09-26,13.11,,ft,Approved,,2025-03-11T20:23:18.678347+00:00,5f7360d3ef2f4fa5a5c552f766b7fb94
2012-09-27,12.78,,ft,Approved,,2025-03-11T20:23:18.678347+00:00,5f7360d3ef2f4fa5a5c552f766b7fb94
2012-09-28,13.26,,ft,Approved,,2025-03-11T20:23:18.678347+00:00,5f7360d3ef2f4fa5a5c552f766b7fb94
2012-09-29,14.82,,ft,Approved,,2025-03-11T20:23:18.678347+00:00,5f7360d3ef2f4fa5a5c552f766b7fb94
2012-09-30,14.02,,ft,Approved,,2025-03-11T20:23:18.678347+00:00,5f7360d3ef2f4fa5a5c552f766b7fb94
2012-10-01,13.16,,ft,Approved,,2025-03-11T20:23:18.678347+00:00,5f7360d3ef2f4fa5a5c552f766b7fb94
2012-10-02,12.85,,ft,Approved,,2025-03-11T20:23:18.678347+00:00,5f7360d3ef2f4fa5a5c552f766b7fb94
2012-10-03,12.65,,ft,Approved,,2025-03-11T20:23:18.678347+00:00,5f7360d3ef2f4fa5a5c552f766b7fb94
2012-10-04,12.64,,ft,Approved,,2025-03-11T20:23:18.678347+00:00,5f7360d3ef2f4fa5a5c552f766b7fb94
2012-10-05,12.83,,ft,Approved,,2025-03-11T20:23:18.678347+00:00,5f7360d3ef2f4fa5a5c552f766b7fb94
2012-10-06,13.2,,ft,Approved,,2025-03-11T20:23:18.678347+00:00,5f7360d3ef2f4fa5a5c552f766b7fb94
2012-10-07,13.45,,ft,Approved,,2025-03-11T20:23:18.678347+00:00,5f7360d3ef2f4fa5a5c552f766b7fb94
2012-10-08,13.69,,ft,Approved,,2025-03-11T20:23:18.678347+00:00,5f7360d3ef2f4fa5a5c552f766b7fb94
2012-10-09,13.66,,ft,Approved,,2025-03-11T20:23:18.678347+00:00,5f7360d3ef2f4fa5a5c552f766b7fb94
2012-10-10,13.39,,ft,Approved,,2025-03-11T20:23:18.678347+00:00,5f7360d3ef2f4fa5a5c552f766b7fb94
2012-10-11,12.83,,ft,Approved,,2025-03-11T20:23:18.678347+00:00,5f7360d3ef2f4fa5a5c552f766b7fb94
2012-10-12,12.96,,ft,Approved,,2025-03-11T20:23:18.678347+00:00,5f7360d3ef2f4fa5a5c552f766b7fb94
2012-10-13,12.95,,ft,Approved,,2025-03-11T20:23:18.678347+00:00,5f7360d3ef2f4fa5a5c552f766b7fb94
2012-10-14,13.01,,ft,Approved,,2025-03-11T20:23:18.678347+00:00,5f7360d3ef2f4fa5a5c552f766b7fb94
2012-10-15,12.96,,ft,Approved,,2025-03-11T20:23:18.678347+00:00,5f7360d3ef2f4fa5a5c552f766b7fb94
2012-10-16,12.86,,ft,Approved,,2025-03-11T20:23:18.678347+00:00,5f7360d3ef2f4fa5a5c552f766b7fb94
2012-10-17,12.94,,ft,Approved,,2025-03-11T20:23:18.678347+00:00,5f7360d3ef2f4fa5a5c552f766b7fb94
2012-10-18,12.79,,ft,Approved,,2025-03-11T20:23:18.678347+00:00,5f7360d3ef2f4fa5a5c552f766b7fb94
2012-10-19,12.68,,ft,Approved,,2025-03-11T20:23:18.678347+00:00,5f7360d3ef2f4fa5a5c552f766b7fb94
2012-10-20,12.61,,ft,Approved,,2025-03-11T20:23:18.678347+00:00,5f7360d3ef2f4fa5a5c552f766b7fb94
2012-10-21,12.45,,ft,Approved,,2025-03-11T20:23:18.678347+00:00,5f7360d3ef2f4fa5a5c552f766b7fb94
2012-10-22,12.4,,ft,Approved,,2025-03-11T20:23:18.678347+00:00,5f7360d3ef2f4fa5a5c552f766b7fb94
2012-10-23,12.38,,ft,Approved,,2025-03-11T20:23:18.678347+00:00,5f7360d3ef2f4fa5a5c552f766b7fb94
2012-10-24,12.36,,ft,Approved,,2025-03-11T20:23:18.678347+00:00,5f7360d3ef2f4fa5a5c552f766b7fb94
2012-10-25,12.33,,ft,Approved,,2025-03-11T20:23:18.678347+00:00,5f7360d3ef2f4fa5a5c552f766b7fb94
2012-10-26,12.28,,ft,Approved,,2025-03-11T20:23:18.678347+00:00,5f7360d3ef2f4fa5a5c552f766b7fb94
2012-10-27,12.2,,ft,Approved,,2025-03-11T20:23:18.678347+00:00,5f7360d3ef2f4fa5a5c552f766b7fb94
2012-10-28,12.31,,ft,Approved,,2025-03-11T20:23:18.678347+00:00,5f7360d3ef2f4fa5a5c552f766b7fb94
2012-10-29,12.75,,ft,Approved,,2025-03-11T20:23:18.678347+00:00,5f7360d3ef2f4fa5a5c552f766b7fb94
2012-10-30,12.33,,ft,Approved,,2025-03-11T20:23:18.678347+00:00,5f7360d3ef2f4fa5a5c552f766b7fb94
2012-10-31,12.28,,ft,Approved,,2025-03-11T20:23:18.678347+00:00,5f7360d3ef2f4fa5a5c552f766b7fb94
2012-11-01,12.32,,ft,Approved,,2025-03-11T20:23:18.678347+00:00,5f7360d3ef2f4fa5a5c552f766b7fb94
2012-11-02,12.22,,ft,Approved,,2025-03-11T20:23:18.678347+00:00,5f7360d3ef2f4fa5a5c552f766b7fb94
2012-11-03,12.26,,ft,Approved,,2025-03-11T20:23:18.678347+00:00,5f7360d3ef2f4fa5a5c552f766b7fb94
2012-11-04,12.3,,ft,Approved,,2025-03-11T20:23:18.678347+00:00,5f7360d3ef2f4fa5a5c552f766b7fb94
2012-11-05,12.25,,ft,Approved,,2025-03-11T20:23:18.678347+00:00,5f7360d3ef2f4fa5a5c552f766b7fb94
2012-11-06,12.2,,ft,Approved,,2025-03-11T20:23:18.678347+00:00,5f7360d3ef2f4fa5a5c552f766b7fb94
2012-11-07,12.18,,ft,Approved,,2025-03-11T20:23:18.678347+00:00,5f7360d3ef2f4fa5a5c552f766b7fb94
2012-11-08,12.13,,ft,Approved,,2025-03-11T20:23:18.678347+00:00,5f7360d3ef2f4fa5a5c552f766b7fb94
2012-11-09,12.08,,ft,Approved,,2025-03-11T20:23:18.678347+00:00,5f7360d3ef2f4fa5a5c552f766b7fb94
2012-11-10,11.99,,ft,Approved,,2025-03-11T20:23:18.678347+00:00,5f7360d3ef2f4fa5a5c552f766b7fb94
2012-11-11,11.95,,ft,Approved,,2025-03-11T20:23:18.678347+00:00,5f7360d3ef2f4fa5a5c552f766b7fb94
2012-11-12,11.95,,ft,Approved,,2025-03-11T20:23:18.678347+00:00,5f7360d3ef2f4fa5a5c552f766b7fb94
2012-11-13,11.91,,ft,Approved,,2025-03-11T20:23:18.678347+00:00,5f7360d3ef2f4fa5a5c552f766b7fb94
2012-11-14,11.88,,ft,Approved,,2025-03-11T20:23:18.678347+00:00,5f7360d3ef2f4fa5a5c552f766b7fb94
2012-11-15,12.03,,ft,Approved,,2025-03-11T20:23:18.678347+00:00,5f7360d3ef2f4fa5a5c552f766b7fb94
2012-11-16,12.35,,ft,Approved,,2025-03-11T20:23:18.678347+00:00,5f7360d3ef2f4fa5a5c552f766b7fb94
2012-11-17,12.26,,ft,Approved,,2025-03-11T20:23:18.678347+00:00,5f7360d3ef2f4fa5a5c552f766b7fb94
2012-11-18,12.13,,ft,Approved,,2025-03-11T20:23:18.678347+00:00,5f7360d3ef2f4fa5a5c552f766b7fb94
2012-11-19,12.08,,ft,Approved,,2025-03-11T20:23:18.678347+00:00,5f7360d3ef2f4fa5a5c552f766b7fb94
2012-11-20,12.06,,ft,Approved,,2025-03-11T20:23:18.678347+00:00,5f7360d3ef2f4fa5a5c552f766b7fb94
2012-11-21,12.0,,ft,Approved,,2025-03-11T20:23:18.678347+00:00,5f7360d3ef2f4fa5a5c552f766b7fb94
2012-11-22,11.96,,ft,Approved,,2025-03-11T20:23:18.678347+00:00,5f7360d3ef2f4fa5a5c552f766b7fb94
2012-11-23,11.91,,ft,Approved,,2025-03-11T20:23:18.678347+00:00,5f7360d3ef2f4fa5a5c552f766b7fb94
2012-11-24,11.84,,ft,Approved,,2025-03-11T20:23:18.678347+00:00,5f7360d3ef2f4fa5a5c552f766b7fb94
2012-11-25,11.82,,ft,Approved,,2025-03-11T20:23:18.678347+00:00,5f7360d3ef2f4fa5a5c552f766b7fb94
2012-11-26,11.84,,ft,Approved,,2025-03-11T20:23:18.678347+00:00,5f7360d3ef2f4fa5a5c552f766b7fb94
2012-11-27,11.84,,ft,Approved,,2025-03-11T20:23:18.678347+00:00,5f7360d3ef2f4fa5a5c552f766b7fb94
2012-11-28,11.82,,ft,Approved,,2025-03-11T20:23:18.678347+00:00,5f7360d3ef2f4fa5a5c552f766b7fb94
2012-11-29,11.82,,ft,Approved,,2025-03-11T20:23:18.678347+00:00,5f7360d3ef2f4fa5a5c552f766b7fb94
2012-11-30,11.79,,ft,Approved,,2025-03-11T20:23:18.678347+00:00,5f7360d3ef2f4fa5a5c552f766b7fb94
2012-12-01,11.75,,ft,Approved,,2025-03-11T20:23:18.678347+00:00,5f7360d3ef2f4fa5a5c552f766b7fb94
2012-12-02,11.7,,ft,Approved,,2025-03-11T20:23:18.678347+00:00,5f7360d3ef2f4fa5a5c552f766b7fb94
2012-12-03,11.69,,ft,Approved,,2025-03-11T20:23:18.678347+00:00,5f7360d3ef2f4fa5a5c552f766b7fb94
2012-12-04,11.7,,ft,Approved,,2025-03-11T20:23:18.678347+00:00,5f7360d3ef2f4fa5a5c552f766b7fb94
2012-12-05,11.77,,ft,Approved,,2025-03-11T20:23:18.678347+00:00,5f7360d3ef2f4fa5a5c552f766b7fb94
2012-12-06,11.74,,ft,Approved,,2025-03-11T20:23:18.678347+00:00,5f7360d3ef2f4fa5a5c552f766b7fb94
2012-12-07,11.73,,ft,Approved,,2025-03-11T20:23:18.678347+00:00,5f7360d3ef2f4fa5a5c552f766b7fb94
2012-12-08,11.64,,ft,Approved,,2025-03-11T20:23:18.678347+00:00,5f7360d3ef2f4fa5a5c552f766b7fb94
2012-12-09,11.63,,ft,Approved,,2025-03-11T20:23:18.678347+00:00,5f7360d3ef2f4fa5a5c552f766b7fb94
2012-12-10,11.64,,ft,Approved,,2025-03-11T20:23:18.678347+00:00,5f7360d3ef2f4fa5a5c552f766b7fb94
2012-12-11,11.61,,ft,Approved,,2025-03-11T20:23:18.678347+00:00,5f7360d3ef2f4fa5a5c552f766b7fb94
2012-12-12,11.56,,ft,Approved,,2025-03-11T20:23:18.678347+00:00,5f7360d3ef2f4fa5a5c552f766b7fb94
2012-12-13,11.48,,ft,Approved,,2025-03-11T20:23:18.678347+00:00,5f7360d3ef2f4fa5a5c552f766b7fb94
2012-12-14,11.45,,ft,Approved,,2025-03-11T20:23:18.678347+00:00,5f7360d3ef2f4fa5a5c552f766b7fb94
2012-12-15,11.43,,ft,Approved,,2025-03-11T20:23:18.678347+00:00,5f7360d3ef2f4fa5a5c552f766b7fb94
2012-12-16,11.46,,ft,Approved,,2025-03-11T20:23:18.678347+00:00,5f7360d3ef2f4fa5a5c552f766b7fb94
2012-12-17,11.44,,ft,Approved,,2025-03-11T20:23:18.678347+00:00,5f7360d3ef2f4fa5a5c552f766b7fb94
2012-12-18,11.4,,ft,Approved,,2025-03-11T20:23:18.678347+00:00,5f7360d3ef2f4fa5a5c552f766b7fb94
2012-12-19,11.4,,ft,Approved,,2025-03-11T20:23:18.678347+00:00,5f7360d3ef2f4fa5a5c552f766b7fb94
2012-12-20,11.39,,ft,Approved,,2025-03-11T20:23:18.678347+00:00,5f7360d3ef2f4fa5a5c552f766b7fb94
2012-12-21,11.34,,ft,Approved,,2025-03-11T20:23:18.678347+00:00,5f7360d3ef2f4fa5a5c552f766b7fb94
2012-12-22,11.36,,ft,Approved,,2025-03-11T20:23:18.678347+00:00,5f7360d3ef2f4fa5a5c552f766b7fb94
2012-12-23,11.37,,ft,Approved,,2025-03-11T20:23:18.678347+00:00,5f7360d3ef2f4fa5a5c552f766b7fb94
2012-12-24,11.37,,ft,Approved,,2025-03-11T20:23:18.678347+00:00,5f7360d3ef2f4fa5a5c552f766b7fb94
2012-12-25,11.35,,ft,Approved,,2025-03-11T20:23:18.678347+00:00,5f7360d3ef2f4fa5a5c552f766b7fb94
2012-12-26,11.23,,ft,Approved,,2025-03-11T20:23:18.678347+00:00,5f7360d3ef2f4fa5a5c552f766b7fb94
2012-12-27,11.18,,ft,Approved,,2025-03-11T20:23:18.678347+00:00,5f7360d3ef2f4fa5a5c552f766b7fb94
2012-12-28,11.21,,ft,Approved,,2025-03-11T20:23:18.678347+00:00,5f7360d3ef2f4fa5a5c552f766b7fb94
2012-12-29,11.25,,ft,Approved,,2025-03-11T20:23:18.678347+00:00,5f7360d3ef2f4fa5a5c552f766b7fb94
2012-12-30,11.28,,ft,Approved,,2025-03-11T20:23:18.678347+00:00,5f7360d3ef2f4fa5a5c552f766b7fb94
2012-12-31,11.32,,ft,Approved,,2025-03-11T20:23:18.678347+00:00,5f7360d3ef2f4fa5a5c552f766b7fb94
2013-01-01,11.37,,ft,Approved,,2025-03-11T20:23:18.678347+00:00,5f7360d3ef2f4fa5a5c552f766b7fb94
2013-01-02,11.3,,ft,Approved,,2025-03-11T20:23:18.678347+00:00,5f7360d3ef2f4fa5a5c552f766b7fb94
2013-01-03,11.26,,ft,Approved,,2025-03-11T20:23:18.678347+00:00,5f7360d3ef2f4fa5a5c552f766b7fb94
2013-01-04,11.34,,ft,Approved,,2025-03-11T20:23:18.678347+00:00,5f7360d3ef2f4fa5a5c552f766b7fb94
2013-01-05,11.38,,ft,Approved,,2025-03-11T20:23:18.678347+00:00,5f7360d3ef2f4fa5a5c552f766b7fb94
2013-01-06,11.29,,ft,Approved,,2025-03-11T20:23:18.678347+00:00,5f7360d3ef2f4fa5a5c552f766b7fb94
2013-01-07,11.22,,ft,Approved,,2025-03-11T20:23:18.678347+00:00,5f7360d3ef2f4fa5a5c552f766b7fb94
2013-01-08,11.19,,ft,Approved,,2025-03-11T20:23:18.678347+00:00,5f7360d3ef2f4fa5a5c552f766b7fb94
2013-01-09,12.95,,ft,Approved,,2025-03-11T20:23:18.678347+00:00,5f7360d3ef2f4fa5a5c552f766b7fb94
2013-01-10,11.87,,ft,Approved,,2025-03-11T20:23:18.678347+00:00,5f7360d3ef2f4fa5a5c552f766b7fb94
2013-01-11,11.33,,ft,Approved,,2025-03-11T20:23:18.678347+00:00,5f7360d3ef2f4fa5a5c552f766b7fb94
2013-01-12,11.15,,ft,Approved,,2025-03-11T20:23:18.678347+00:00,5f7360d3ef2f4fa5a5c552f766b7fb94
2013-01-13,11.11,,ft,Approved,,2025-03-11T20:23:18.678347+00:00,5f7360d3ef2f4fa5a5c552f766b7fb94
2013-01-14,11.14,,ft,Approved,,2025-03-11T20:23:18.678347+00:00,5f7360d3ef2f4fa5a5c552f766b7fb94
2013-01-15,11.1,,ft,Approved,,2025-03-11T20:23:18.678347+00:00,5f7360d3ef2f4fa5a5c552f766b7fb94
2013-01-16,11.03,,ft,Approved,,2025-03-11T20:23:18.678347+00:00,5f7360d3ef2f4fa5a5c552f766b7fb94
2013-01-17,11.11,,ft,Approved,,2025-03-11T20:23:18.678347+00:00,5f7360d3ef2f4fa5a5c552f766b7fb94
2013-01-18,11.05,,ft,Approved,,2025-03-11T20:23:18.678347+00:00,5f7360d3ef2f4fa5a5c552f766b7fb94
2013-01-19,11.0,,ft,Approved,,2025-03-11T20:23:18.678347+00:00,5f7360d3ef2f4fa5a5c552f766b7fb94
2013-01-20,10.96,,ft,Approved,,2025-03-11T20:23:18.678347+00:00,5f7360d3ef2f4fa5a5c552f766b7fb94
2013-01-21,10.96,,ft,Approved,,2025-03-11T20:23:18.678347+00:00,5f7360d3ef2f4fa5a5c552f766b7fb94
2013-01-22,10.96,,ft,Approved,,2025-03-11T20:23:18.678347+00:00,5f7360d3ef2f4fa5a5c552f766b7fb94
2013-01-23,10.94,,ft,Approved,,2025-03-11T20:23:18.678347+00:00,5f7360d3ef2f4fa5a5c552f766b7fb94
2013-01-24,10.91,,ft,Approved,,2025-03-11T20:23:18.678347+00:00,5f7360d3ef2f4fa5a5c552f766b7fb94
2013-01-25,10.85,,ft,Approved,,2025-03-11T20:23:18.678347+00:00,5f7360d3ef2f4fa5a5c552f766b7fb94
2013-01-26,10.83,,ft,Approved,,2025-03-11T20:23:18.678347+00:00,5f7360d3ef2f4fa5a5c552f766b7fb94
2013-01-27,10.78,,ft,Approved,,2025-03-11T20:23:18.678347+00:00,5f7360d3ef2f4fa5a5c552f766b7fb94
2013-01-28,10.77,,ft,Approved,,2025-03-11T20:23:18.678347+00:00,5f7360d3ef2f4fa5a5c552f766b7fb94
2013-01-29,10.77,,ft,Approved,,2025-03-11T20:23:18.678347+00:00,5f7360d3ef2f4fa5a5c552f766b7fb94
2013-01-30,10.77,,ft,Approved,,2025-03-11T20:23:18.678347+00:00,5f7360d3ef2f4fa5a5c552f766b7fb94
2013-01-31,10.71,,ft,Approved,,2025-03-11T20:23:18.678347+00:00,5f7360d3ef2f4fa5a5c552f766b7fb94
2013-02-01,10.77,,ft,Approved,,2025-03-11T20:23:18.678347+00:00,5f7360d3ef2f4fa5a5c552f766b7fb94
2013-02-02,10.79,,ft,Approved,,2025-03-11T20:23:18.678347+00:00,5f7360d3ef2f4fa5a5c552f766b7fb94
2013-02-03,10.8,,ft,Approved,,2025-03-11T20:23:18.678347+00:00,5f7360d3ef2f4fa5a5c552f766b7fb94
2013-02-04,10.8,,ft,Approved,,2025-03-11T20:23:18.678347+00:00,5f7360d3ef2f4fa5a5c552f766b7fb94
2013-02-05,10.79,,ft,Approved,,2025-03-11T20:23:18.678347+00:00,5f7360d3ef2f4fa5a5c552f766b7fb94
2013-02-06,10.79,,ft,Approved,,2025-03-11T20:23:18.678347+00:00,5f7360d3ef2f4fa5a5c552f766b7fb94
2013-02-07,10.73,,ft,Approved,,2025-03-11T20:23:18.678347+00:00,5f7360d3ef2f4fa5a5c552f766b7fb94
2013-02-08,10.7,,ft,Approved,,2025-03-11T20:23:18.678347+00:00,5f7360d3ef2f4fa5a5c552f766b7fb94
2013-02-09,10.8,,ft,Approved,,2025-03-11T20:23:18.678347+00:00,5f7360d3ef2f4fa5a5c552f766b7fb94
2013-02-10,10.93,,ft,Approved,,2025-03-11T20:23:18.678347+00:00,5f7360d3ef2f4fa5a5c552f766b7fb94
2013-02-11,10.96,,ft,Approved,,2025-03-11T20:23:18.678347+00:00,5f7360d3ef2f4fa5a5c552f766b7fb94
2013-02-12,10.96,,ft,Approved,,2025-03-11T20:23:18.678347+00:00,5f7360d3ef2f4fa5a5c552f766b7fb94
2013-02-13,10.96,,ft,Approved,,2025-03-11T20:23:18.678347+00:00,5f7360d3ef2f4fa5a5c552f766b7fb94
2013-02-14,10.91,,ft,Approved,,2025-03-11T20:23:18.678347+00:00,5f7360d3ef2f4fa5a5c552f766b7fb94
2013-02-15,10.84,,ft,Approved,,2025-03-11T20:23:18.678347+00:00,5f7360d3ef2f4fa5a5c552f766b7fb94
2013-02-16,10.84,,ft,Approved,,2025-03-11T20:23:18.678347+00:00,5f7360d3ef2f4fa5a5c552f766b7fb94
2013-02-17,10.88,,ft,Approved,,2025-03-11T20:23:18.678347+00:00,5f7360d3ef2f4fa5a5c552f766b7fb94
2013-02-18,10.9,,ft,Approved,,2025-03-11T20:23:18.678347+00:00,5f7360d3ef2f4fa5a5c552f766b7fb94
2013-02-19,10.9,,ft,Approved,,2025-03-11T20:23:18.678347+00:00,5f7360d3ef2f4fa5a5c552f766b7fb94
2013-02-20,11.08,,ft,Approved,,2025-03-11T20:23:18.678347+00:00,5f7360d3ef2f4fa5a5c552f766b7fb94
2013-02-21,11.12,,ft,Approved,,2025-03-11T20:23:18.678347+00:00,5f7360d3ef2f4fa5a5c552f766b7fb94
2013-02-22,10.9,,ft,Approved,,2025-03-11T20:23:18.678347+00:00,5f7360d3ef2f4fa5a5c552f766b7fb94
2013-02-23,10.85,,ft,Approved,,2025-03-11T20:23:18.678347+00:00,5f7360d3ef2f4fa5a5c552f766b7fb94
2013-02-24,10.85,,ft,Approved,,2025-03-11T20:23:18.678347+00:00,5f7360d3ef2f4fa5a5c552f766b7fb94
2013-02-25,10.9,,ft,Approved,,2025-03-11T20:23:18.678347+00:00,5f7360d3ef2f4fa5a5c552f766b7fb94
2013-02-26,10.72,,ft,Approved,,2025-03-11T20:23:18.678347+00:00,5f7360d3ef2f4fa5a5c552f766b7fb94
2013-02-27,10.73,,ft,Approved,,2025-03-11T20:23:18.678347+00:00,5f7360d3ef2f4fa5a5c552f766b7fb94
2013-02-28,10.77,,ft,Approved,,2025-03-11T20:23:18.678347+00:00,5f7360d3ef2f4fa5a5c552f766b7fb94
2013-03-01,10.81,,ft,Approved,,2025-03-11T20:23:18.678347+00:00,5f7360d3ef2f4fa5a5c552f766b7fb94
2013-03-02,10.83,,ft,Approved,,2025-03-11T20:23:18.678347+00:00,5f7360d3ef2f4fa5a5c552f766b7fb94
2013-03-03,10.8,,ft,Approved,,2025-03-11T20:23:18.678347+00:00,5f7360d3ef2f4fa5a5c552f766b7fb94
2013-03-04,10.82,,ft,Approved,,2025-03-11T20:23:18.678347+00:00,5f7360d3ef2f4fa5a5c552f766b7fb94
2013-03-05,10.86,,ft,Approved,,2025-03-11T20:23:18.678347+00:00,5f7360d3ef2f4fa5a5c552f766b7fb94
2013-03-06,10.77,,ft,Approved,,2025-03-11T20:23:18.678347+00:00,5f7360d3ef2f4fa5a5c552f766b7fb94
2013-03-07,10.7,,ft,Approved,,2025-03-11T20:23:18.678347+00:00,5f7360d3ef2f4fa5a5c552f766b7fb94
2013-03-08,10.66,,ft,Approved,,2025-03-11T20:23:18.678347+00:00,5f7360d3ef2f4fa5a5c552f766b7fb94
2013-03-09,10.76,,ft,Approved,,2025-03-11T20:23:18.678347+00:00,5f7360d3ef2f4fa5a5c552f766b7fb94
2013-03-10,11.72,,ft,Approved,,2025-03-11T20:23:18.678347+00:00,5f7360d3ef2f4fa5a5c552f766b7fb94
2013-03-11,11.24,,ft,Approved,,2025-03-11T20:23:18.678347+00:00,5f7360d3ef2f4fa5a5c552f766b7fb94
2013-03-12,10.9,,ft,Approved,,2025-03-11T20:23:18.678347+00:00,5f7360d3ef2f4fa5a5c552f766b7fb94
2013-03-13,10.8,,ft,Approved,,2025-03-11T20:23:18.678347+00:00,5f7360d3ef2f4fa5a5c552f766b7fb94
2013-03-14,10.78,,ft,Approved,,2025-03-11T20:23:18.678347+00:00,5f7360d3ef2f4fa5a5c552f766b7fb94
2013-03-15,10.76,,ft,Approved,,2025-03-11T20:23:18.678347+00:00,5f7360d3ef2f4fa5a5c552f766b7fb94
2013-03-16,10.76,,ft,Approved,,2025-03-11T20:23:18.678347+00:00,5f7360d3ef2f4fa5a5c552f766b7fb94
2013-03-17,10.74,,ft,Approved,,2025-03-11T20:23:18.678347+00:00,5f7360d3ef2f4fa5a5c552f766b7fb94
2013-03-18,10.75,,ft,Approved,,2025-03-11T20:23:18.678347+00:00,5f7360d3ef2f4fa5a5c552f766b7fb94
2013-03-19,10.75,,ft,Approved,,2025-03-11T20:23:18.678347+00:00,5f7360d3ef2f4fa5a5c552f766b7fb94
2013-03-20,10.69,,ft,Approved,,2025-03-11T20:23:18.678347+00:00,5f7360d3ef2f4fa5a5c552f766b7fb94
2013-03-21,10.69,,ft,Approved,,2025-03-11T20:23:18.678347+00:00,5f7360d3ef2f4fa5a5c552f766b7fb94
2013-03-22,10.75,,ft,Approved,,2025-03-11T20:23:18.678347+00:00,5f7360d3ef2f4fa5a5c552f766b7fb94
2013-03-23,10.79,,ft,Approved,,2025-03-11T20:23:18.678347+00:00,5f7360d3ef2f4fa5a5c552f766b7fb94
2013-03-24,10.84,,ft,Approved,,2025-03-11T20:23:18.678347+00:00,5f7360d3ef2f4fa5a5c552f766b7fb94
2013-03-25,10.91,,ft,Approved,,2025-03-11T20:23:18.678347+00:00,5f7360d3ef2f4fa5a5c552f766b7fb94
2013-03-26,11.01,,ft,Approved,,2025-03-11T20:23:18.678347+00:00,5f7360d3ef2f4fa5a5c552f766b7fb94
2013-03-27,11.12,,ft,Approved,,2025-03-11T20:23:18.678347+00:00,5f7360d3ef2f4fa5a5c552f766b7fb94
2013-03-28,11.13,,ft,Approved,,2025-03-11T20:23:18.678347+00:00,5f7360d3ef2f4fa5a5c552f766b7fb94
2013-03-29,11.47,,ft,Approved,,2025-03-11T20:23:18.678347+00:00,5f7360d3ef2f4fa5a5c552f766b7fb94
2013-03-30,11.45,,ft,Approved,,2025-03-11T20:23:18.678347+00:00,5f7360d3ef2f4fa5a5c552f766b7fb94
2013-03-31,11.54,,ft,Approved,,2025-03-11T20:23:18.678347+00:00,5f7360d3ef2f4fa5a5c552f766b7fb94
2013-04-01,11.67,,ft,Approved,,2025-03-11T20:23:18.678347+00:00,5f7360d3ef2f4fa5a5c552f766b7fb94
2013-04-02,12.07,,ft,Approved,,2025-03-11T20:23:18.678347+00:00,5f7360d3ef2f4fa5a5c552f766b7fb94
2013-04-03,13.17,,ft,Approved,,2025-03-11T20:23:18.678347+00:00,5f7360d3ef2f4fa5a5c552f766b7fb94
2013-04-04,11.66,,ft,Approved,,2025-03-11T20:23:18.678347+00:00,5f7360d3ef2f4fa5a5c552f766b7fb94
2013-04-05,10.92,,ft,Approved,,2025-03-11T20:23:18.678347+00:00,5f7360d3ef2f4fa5a5c552f766b7fb94
2013-04-06,10.82,,ft,Approved,,2025-03-11T20:23:18.678347+00:00,5f7360d3ef2f4fa5a5c552f766b7fb94
2013-04-07,10.96,,ft,Approved,,2025-03-11T20:23:18.678347+00:00,5f7360d3ef2f4fa5a5c552f766b7fb94
2013-04-08,11.01,,ft,Approved,,2025-03-11T20:23:18.678347+00:00,5f7360d3ef2f4fa5a5c552f766b7fb94
2013-04-09,11.04,,ft,Approved,,2025-03-11T20:23:18.678347+00:00,5f7360d3ef2f4fa5a5c552f766b7fb94
2013-04-10,11.15,,ft,Approved,,2025-03-11T20:23:18.678347+00:00,5f7360d3ef2f4fa5a5c552f766b7fb94
2013-04-11,11.57,,ft,Approved,,2025-03-11T20:23:18.678347+00:00,5f7360d3ef2f4fa5a5c552f766b7fb94
2013-04-12,12.03,,ft,Approved,,2025-03-11T20:23:18.678347+00:00,5f7360d3ef2f4fa5a5c552f766b7fb94
2013-04-13,12.11,,ft,Approved,,2025-03-11T20:23:18.678347+00:00,5f7360d3ef2f4fa5a5c552f766b7fb94
2013-04-14,12.2,,ft,Approved,,2025-03-11T20:23:18.678347+00:00,5f7360d3ef2f4fa5a5c552f766b7fb94
2013-04-15,12.25,,ft,Approved,,2025-03-11T20:23:18.678347+00:00,5f7360d3ef2f4fa5a5c552f766b7fb94
2013-04-16,12.28,,ft,Approved,,2025-03-11T20:23:18.678347+00:00,5f7360d3ef2f4fa5a5c552f766b7fb94
2013-04-17,12.29,,ft,Approved,,2025-03-11T20:23:18.678347+00:00,5f7360d3ef2f4fa5a5c552f766b7fb94
2013-04-18,12.34,,ft,Approved,,2025-03-11T20:23:18.678347+00:00,5f7360d3ef2f4fa5a5c552f766b7fb94
2013-04-19,12.27,,ft,Approved,,2025-03-11T20:23:18.678347+00:00,5f7360d3ef2f4fa5a5c552f766b7fb94
2013-04-20,12.11,,ft,Approved,,2025-03-11T20:23:18.678347+00:00,5f7360d3ef2f4fa5a5c552f766b7fb94
2013-04-21,12.35,,ft,Approved,,2025-03-11T20:23:18.678347+00:00,5f7360d3ef2f4fa5a5c552f766b7fb94
2013-04-22,12.38,,ft,Approved,,2025-03-11T20:23:18.678347+00:00,5f7360d3ef2f4fa5a5c552f766b7fb94
2013-04-23,12.2,,ft,Approved,,2025-03-11T20:23:18.678347+00:00,5f7360d3ef2f4fa5a5c552f766b7fb94
2013-04-24,12.23,,ft,Approved,,2025-03-11T20:23:18.678347+00:00,5f7360d3ef2f4fa5a5c552f766b7fb94
2013-04-25,12.23,,ft,Approved,,2025-03-11T20:23:18.678347+00:00,5f7360d3ef2f4fa5a5c552f766b7fb94
2013-04-26,12.25,,ft,Approved,,2025-03-11T20:23:18.678347+00:00,5f7360d3ef2f4fa5a5c552f766b7fb94
2013-04-27,12.26,,ft,Approved,,2025-03-11T20:23:18.678347+00:00,5f7360d3ef2f4fa5a5c552f766b7fb94
2013-04-28,12.39,,ft,Approved,,2025-03-11T20:23:18.678347+00:00,5f7360d3ef2f4fa5a5c552f766b7fb94
2013-04-29,12.29,,ft,Approved,,2025-03-11T20:23:18.678347+00:00,5f7360d3ef2f4fa5a5c552f766b7fb94
2013-04-30,12.28,,ft,Approved,,2025-03-11T20:23:18.678347+00:00,5f7360d3ef2f4fa5a5c552f766b7fb94
2013-05-01,12.23,,ft,Approved,,2025-03-11T20:23:18.678347+00:00,5f7360d3ef2f4fa5a5c552f766b7fb94
2013-05-02,12.25,,ft,Approved,,2025-03-11T20:23:18.678347+00:00,5f7360d3ef2f4fa5a5c552f766b7fb94
2013-05-03,12.26,,ft,Approved,,2025-03-11T20:23:18.678347+00:00,5f7360d3ef2f4fa5a5c552f766b7fb94
2013-05-04,12.25,,ft,Approved,,2025-03-11T20:23:18.678347+00:00,5f7360d3ef2f4fa5a5c552f766b7fb94
2013-05-05,12.28,,ft,Approved,,2025-03-11T20:23:18.678347+00:00,5f7360d3ef2f4fa5a5c552f766b7fb94
2013-05-06,12.3,,ft,Approved,,2025-03-11T20:23:18.678347+00:00,5f7360d3ef2f4fa5a5c552f766b7fb94
2013-05-07,12.53,,ft,Approved,,2025-03-11T20:23:18.678347+00:00,5f7360d3ef2f4fa5a5c552f766b7fb94
2013-05-08,12.52,,ft,Approved,,2025-03-11T20:23:18.678347+00:00,5f7360d3ef2f4fa5a5c552f766b7fb94
2013-05-09,12.55,,ft,Approved,,2025-03-11T20:23:18.678347+00:00,5f7360d3ef2f4fa5a5c552f766b7fb94
2013-05-10,12.78,,ft,Approved,,2025-03-11T20:23:18.678347+00:00,5f7360d3ef2f4fa5a5c552f766b7fb94
2013-05-11,13.1,,ft,Approved,,2025-03-11T20:23:18.678347+00:00,5f7360d3ef2f4fa5a5c552f766b7fb94
2013-05-12,12.22,,ft,Approved,,2025-03-11T20:23:18.678347+00:00,5f7360d3ef2f4fa5a5c552f766b7fb94
2013-05-13,12.53,,ft,Approved,,2025-03-11T20:23:18.678347+00:00,5f7360d3ef2f4fa5a5c552f766b7fb94
2013-05-14,12.69,,ft,Approved,,2025-03-11T20:23:18.678347+00:00,5f7360d3ef2f4fa5a5c552f766b7fb94
2013-05-15,12.77,,ft,Approved,,2025-03-11T20:23:18.678347+00:00,5f7360d3ef2f4fa5a5c552f766b7fb94
2013-05-16,12.82,,ft,Approved,,2025-03-11T20:23:18.678347+00:00,5f7360d3ef2f4fa5a5c552f766b7fb94
2013-05-17,12.85,,ft,Approved,,2025-03-11T20:23:18.678347+00:00,5f7360d3ef2f4fa5a5c552f766b7fb94
2013-05-18,12.64,,ft,Approved,,2025-03-11T20:23:18.678347+00:00,5f7360d3ef2f4fa5a5c552f766b7fb94
2013-05-19,12.7,,ft,Approved,,2025-03-11T20:23:18.678347+00:00,5f7360d3ef2f4fa5a5c552f766b7fb94
2013-05-20,13.01,,ft,Approved,,2025-03-11T20:23:18.678347+00:00,5f7360d3ef2f4fa5a5c552f766b7fb94
2013-05-21,13.13,,ft,Approved,,2025-03-11T20:23:18.678347+00:00,5f7360d3ef2f4fa5a5c552f766b7fb94
2013-05-22,13.18,,ft,Approved,,2025-03-11T20:23:18.678347+00:00,5f7360d3ef2f4fa5a5c552f766b7fb94
2013-05-23,13.14,,ft,Approved,,2025-03-11T20:23:18.678347+00:00,5f7360d3ef2f4fa5a5c552f766b7fb94
2013-05-24,14.61,,ft,Approved,,2025-03-11T20:23:18.678347+00:00,5f7360d3ef2f4fa5a5c552f766b7fb94
2013-05-25,14.24,,ft,Approved,,2025-03-11T20:23:18.678347+00:00,5f7360d3ef2f4fa5a5c552f766b7fb94
2013-05-26,13.14,,ft,Approved,,2025-03-11T20:23:18.678347+00:00,5f7360d3ef2f4fa5a5c552f766b7fb94
2013-05-27,12.79,,ft,Approved,,2025-03-11T20:23:18.678347+00:00,5f7360d3ef2f4fa5a5c552f766b7fb94
2013-05-28,12.97,,ft,Approved,,2025-03-11T20:23:18.678347+00:00,5f7360d3ef2f4fa5a5c552f766b7fb94
2013-05-29,13.07,,ft,Approved,,2025-03-11T20:23:18.678347+00:00,5f7360d3ef2f4fa5a5c552f766b7fb94
2013-05-30,13.28,,ft,Approved,,2025-03-11T20:23:18.678347+00:00,5f7360d3ef2f4fa5a5c552f766b7fb94
2013-05-31,13.25,,ft,Approved,,2025-03-11T20:23:18.678347+00:00,5f7360d3ef2f4fa5a5c552f766b7fb94
2013-06-01,13.64,,ft,Approved,,2025-03-11T20:23:18.678347+00:00,5f7360d3ef2f4fa5a5c552f766b7fb94
2013-06-02,13.11,,ft,Approved,,2025-03-11T20:23:18.678347+00:00,5f7360d3ef2f4fa5a5c552f766b7fb94
2013-06-03,13.26,,ft,Approved,,2025-03-11T20:23:18.678347+00:00,5f7360d3ef2f4fa5a5c552f766b7fb94
2013-06-04,13.35,,ft,Approved,,2025-03-11T20:23:18.678347+00:00,5f7360d3ef2f4fa5a5c552f766b7fb94
2013-06-05,13.45,,ft,Approved,,2025-03-11T20:23:18.678347+00:00,5f7360d3ef2f4fa5a5c552f766b7fb94
2013-06-06,13.71,,ft,Approved,,2025-03-11T20:23:18.678347+00:00,5f7360d3ef2f4fa5a5c552f766b7fb94
2013-06-07,13.6,,ft,Approved,,2025-03-11T20:23:18.678347+00:00,5f7360d3ef2f4fa5a5c552f766b7fb94
2013-06-08,13.73,,ft,Approved,,2025-03-11T20:23:18.678347+00:00,5f7360d3ef2f4fa5a5c552f766b7fb94
2013-06-09,14.18,,ft,Approved,,2025-03-11T20:23:18.678347+00:00,5f7360d3ef2f4fa5a5c552f766b7fb94
2013-06-10,14.27,,ft,Approved,,2025-03-11T20:23:18.678347+00:00,5f7360d3ef2f4fa5a5c552f766b7fb94
2013-06-11,14.38,,ft,Approved,,2025-03-11T20:23:18.678347+00:00,5f7360d3ef2f4fa5a5c552f766b7fb94
2013-06-12,14.26,,ft,Approved,,2025-03-11T20:23:18.678347+00:00,5f7360d3ef2f4fa5a5c552f766b7fb94
2013-06-13,14.27,,ft,Approved,,2025-03-11T20:23:18.678347+00:00,5f7360d3ef2f4fa5a5c552f766b7fb94
2013-06-14,14.5,,ft,Approved,,2025-03-11T20:23:18.678347+00:00,5f7360d3ef2f4fa5a5c552f766b7fb94
2013-06-15,14.59,,ft,Approved,,2025-03-11T20:23:18.678347+00:00,5f7360d3ef2f4fa5a5c552f766b7fb94
2013-06-16,14.66,,ft,Approved,,2025-03-11T20:23:18.678347+00:00,5f7360d3ef2f4fa5a5c552f766b7fb94
2013-06-17,14.68,,ft,Approved,,2025-03-11T20:23:18.678347+00:00,5f7360d3ef2f4fa5a5c552f766b7fb94
2013-06-18,14.76,,ft,Approved,,2025-03-11T20:23:18.678347+00:00,5f7360d3ef2f4fa5a5c552f766b7fb94
2013-06-19,14.72,,ft,Approved,,2025-03-11T20:23:18.678347+00:00,5f7360d3ef2f4fa5a5c552f766b7fb94
2013-06-20,14.67,,ft,Approved,,2025-03-11T20:23:18.678347+00:00,5f7360d3ef2f4fa5a5c552f766b7fb94
2013-06-21,14.65,,ft,Approved,,2025-03-11T20:23:18.678347+00:00,5f7360d3ef2f4fa5a5c552f766b7fb94
2013-06-22,14.86,,ft,Approved,,2025-03-11T20:23:18.678347+00:00,5f7360d3ef2f4fa5a5c552f766b7fb94
2013-06-23,14.73,,ft,Approved,,2025-03-11T20:23:18.678347+00:00,5f7360d3ef2f4fa5a5c552f766b7fb94
2013-06-24,14.51,,ft,Approved,,2025-03-11T20:23:18.678347+00:00,5f7360d3ef2f4fa5a5c552f766b7fb94
2013-06-25,14.37,,ft,Approved,,2025-03-11T20:23:18.678347+00:00,5f7360d3ef2f4fa5a5c552f766b7fb94
2013-06-26,14.29,,ft,Approved,,2025-03-11T20:23:18.678347+00:00,5f7360d3ef2f4fa5a5c552f766b7fb94
2013-06-27,14.37,,ft,Approved,,2025-03-11T20:23:18.678347+00:00,5f7360d3ef2f4fa5a5c552f766b7fb94
2013-06-28,14.07,,ft,Approved,,2025-03-11T20:23:18.678347+00:00,5f7360d3ef2f4fa5a5c552f766b7fb94
2013-06-29,14.05,,ft,Approved,,2025-03-11T20:23:18.678347+00:00,5f7360d3ef2f4fa5a5c552f766b7fb94
2013-06-30,14.3,,ft,Approved,,2025-03-11T20:23:18.678347+00:00,5f7360d3ef2f4fa5a5c552f766b7fb94
2013-07-01,14.15,,ft,Approved,,2025-03-11T20:23:18.678347+00:00,5f7360d3ef2f4fa5a5c552f766b7fb94
2013-07-02,14.01,,ft,Approved,,2025-03-11T20:23:18.678347+00:00,5f7360d3ef2f4fa5a5c552f766b7fb94
2013-07-03,13.98,,ft,Approved,,2025-03-11T20:23:18.678347+00:00,5f7360d3ef2f4fa5a5c552f766b7fb94
2013-07-04,14.0,,ft,Approved,,2025-03-11T20:23:18.678347+00:00,5f7360d3ef2f4fa5a5c552f766b7fb94
2013-07-05,14.06,,ft,Approved,,2025-03-11T20:23:18.678347+00:00,5f7360d3ef2f4fa5a5c552f766b7fb94
2013-07-06,14.01,,ft,Approved,,2025-03-11T20:23:18.678347+00:00,5f7360d3ef2f4fa5a5c552f766b7fb94
2013-07-07,13.97,,ft,Approved,,2025-03-11T20:23:18.678347+00:00,5f7360d3ef2f4fa5a5c552f766b7fb94
2013-07-08,13.94,,ft,Approved,,2025-03-11T20:23:18.678347+00:00,5f7360d3ef2f4fa5a5c552f766b7fb94
2013-07-09,13.99,,ft,Approved,,2025-03-11T20:23:18.678347+00:00,5f7360d3ef2f4fa5a5c552f766b7fb94
2013-07-10,14.01,,ft,Approved,,2025-03-11T20:23:18.678347+00:00,5f7360d3ef2f4fa5a5c552f766b7fb94
2013-07-11,14.03,,ft,Approved,,2025-03-11T20:23:18.678347+00:00,5f7360d3ef2f4fa5a5c552f766b7fb94
2013-07-12,13.99,,ft,Approved,,2025-03-11T20:23:18.678347+00:00,5f7360d3ef2f4fa5a5c552f766b7fb94
2013-07-13,13.99,,ft,Approved,,2025-03-11T20:23:18.678347+00:00,5f7360d3ef2f4fa5a5c552f766b7fb94
2013-07-14,13.95,,ft,Approved,,2025-03-11T20:23:18.678347+00:00,5f7360d3ef2f4fa5a5c552f766b7fb94
2013-07-15,14.05,,ft,Approved,,2025-03-11T20:23:18.678347+00:00,5f7360d3ef2f4fa5a5c552f766b7fb94
2013-07-16,14.19,,ft,Approved,,2025-03-11T20:23:18.678347+00:00,5f7360d3ef2f4fa5a5c552f766b7fb94
2013-07-17,14.34,,ft,Approved,,2025-03-11T20:23:18.678347+00:00,5f7360d3ef2f4fa5a5c552f766b7fb94
2013-07-18,14.29,,ft,Approved,,2025-03-11T20:23:18.678347+00:00,5f7360d3ef2f4fa5a5c552f766b7fb94
2013-07-19,13.86,,ft,Approved,,2025-03-11T20:23:18.678347+00:00,5f7360d3ef2f4fa5a5c552f766b7fb94
2013-07-20,13.6,,ft,Approved,,2025-03-11T20:23:18.678347+00:00,5f7360d3ef2f4fa5a5c552f766b7fb94
2013-07-21,13.67,,ft,Approved,,2025-03-11T20:23:18.678347+00:00,5f7360d3ef2f4fa5a5c552f766b7fb94
2013-07-22,13.64,,ft,Approved,,2025-03-11T20:23:18.678347+00:00,5f7360d3ef2f4fa5a5c552f766b7fb94
2013-07-23,13.71,,ft,Approved,,2025-03-11T20:23:18.678347+00:00,5f7360d3ef2f4fa5a5c552f766b7fb94
2013-07-24,13.7,,ft,Approved,,2025-03-11T20:23:18.678347+00:00,5f7360d3ef2f4fa5a5c552f766b7fb94
2013-07-25,13.67,,ft,Approved,,2025-03-11T20:23:18.678347+00:00,5f7360d3ef2f4fa5a5c552f766b7fb94
2013-07-26,13.47,,ft,Approved,,2025-03-11T20:23:18.678347+00:00,5f7360d3ef2f4fa5a5c552f766b7fb94
2013-07-27,14.04,,ft,Approved,,2025-03-11T20:23:18.678347+00:00,5f7360d3ef2f4fa5a5c552f766b7fb94
2013-07-28,12.95,,ft,Approved,,2025-03-11T20:23:18.678347+00:00,5f7360d3ef2f4fa5a5c552f766b7fb94
2013-07-29,13.43,,ft,Approved,,2025-03-11T20:23:18.678347+00:00,5f7360d3ef2f4fa5a5c552f766b7fb94
2013-07-30,13.57,,ft,Approved,,2025-03-11T20:23:18.678347+00:00,5f7360d3ef2f4fa5a5c552f766b7fb94
2013-07-31,13.6,,ft,Approved,,2025-03-11T20:23:18.678347+00:00,5f7360d3ef2f4fa5a5c552f766b7fb94
2013-08-01,13.6,,ft,Approved,,2025-03-11T20:23:18.678347+00:00,5f7360d3ef2f4fa5a5c552f766b7fb94
2013-08-02,13.65,,ft,Approved,,2025-03-11T20:23:18.678347+00:00,5f7360d3ef2f4fa5a5c552f766b7fb94
2013-08-03,13.65,,ft,Approved,,2025-03-11T20:23:18.678347+00:00,5f7360d3ef2f4fa5a5c552f766b7fb94
2013-08-04,13.6,,ft,Approved,,2025-03-11T20:23:18.678347+00:00,5f7360d3ef2f4fa5a5c552f766b7fb94
2013-08-05,13.71,,ft,Approved,,2025-03-11T20:23:18.678347+00:00,5f7360d3ef2f4fa5a5c552f766b7fb94
2013-08-06,13.76,,ft,Approved,,2025-03-11T20:23:18.678347+00:00,5f7360d3ef2f4fa5a5c552f766b7fb94
2013-08-07,13.87,,ft,Approved,,2025-03-11T20:23:18.678347+00:00,5f7360d3ef2f4fa5a5c552f766b7fb94
2013-08-08,14.14,,ft,Approved,,2025-03-11T20:23:18.678347+00:00,5f7360d3ef2f4fa5a5c552f766b7fb94
2013-08-09,14.23,,ft,Approved,,2025-03-11T20:23:18.678347+00:00,5f7360d3ef2f4fa5a5c552f766b7fb94
2013-08-10,14.26,,ft,Approved,,2025-03-11T20:23:18.678347+00:00,5f7360d3ef2f4fa5a5c552f766b7fb94
2013-08-11,14.27,,ft,Approved,,2025-03-11T20:23:18.678347+00:00,5f7360d3ef2f4fa5a5c552f766b7fb94
2013-08-12,14.24,,ft,Approved,,2025-03-11T20:23:18.678347+00:00,5f7360d3ef2f4fa5a5c552f766b7fb94
2013-08-13,13.55,,ft,Approved,,2025-03-11T20:23:18.678347+00:00,5f7360d3ef2f4fa5a5c552f766b7fb94
2013-08-14,13.34,,ft,Approved,,2025-03-11T20:23:18.678347+00:00,5f7360d3ef2f4fa5a5c552f766b7fb94
2013-08-15,13.29,,ft,Approved,,2025-03-11T20:23:18.678347+00:00,5f7360d3ef2f4fa5a5c552f766b7fb94
2013-08-16,13.99,,ft,Approved,,2025-03-11T20:23:18.678347+00:00,5f7360d3ef2f4fa5a5c552f766b7fb94
2013-08-17,13.48,,ft,Approved,,2025-03-11T20:23:18.678347+00:00,5f7360d3ef2f4fa5a5c552f766b7fb94
2013-08-18,13.25,,ft,Approved,,2025-03-11T20:23:18.678347+00:00,5f7360d3ef2f4fa5a5c552f766b7fb94
2013-08-19,13.41,,ft,Approved,,2025-03-11T20:23:18.678347+00:00,5f7360d3ef2f4fa5a5c552f766b7fb94
2013-08-20,13.56,,ft,Approved,,2025-03-11T20:23:18.678347+00:00,5f7360d3ef2f4fa5a5c552f766b7fb94
2013-08-21,13.65,,ft,Approved,,2025-03-11T20:23:18.678347+00:00,5f7360d3ef2f4fa5a5c552f766b7fb94
2013-08-22,13.74,,ft,Approved,,2025-03-11T20:23:18.678347+00:00,5f7360d3ef2f4fa5a5c552f766b7fb94
2013-08-23,13.79,,ft,Approved,,2025-03-11T20:23:18.678347+00:00,5f7360d3ef2f4fa5a5c552f766b7fb94
2013-08-24,13.77,,ft,Approved,,2025-03-11T20:23:18.678347+00:00,5f7360d3ef2f4fa5a5c552f766b7fb94
2013-08-25,13.89,,ft,Approved,,2025-03-11T20:23:18.678347+00:00,5f7360d3ef2f4fa5a5c552f766b7fb94
2013-08-26,13.91,,ft,Approved,,2025-03-11T20:23:18.678347+00:00,5f7360d3ef2f4fa5a5c552f766b7fb94
2013-08-27,13.86,,ft,Approved,,2025-03-11T20:23:18.678347+00:00,5f7360d3ef2f4fa5a5c552f766b7fb94
2013-08-28,13.94,,ft,Approved,,2025-03-11T20:23:18.678347+00:00,5f7360d3ef2f4fa5a5c552f766b7fb94
2013-08-29,13.85,,ft,Approved,,2025-03-11T20:23:18.678347+00:00,5f7360d3ef2f4fa5a5c552f766b7fb94
2013-08-30,13.74,,ft,Approved,,2025-03-11T20:23:18.678347+00:00,5f7360d3ef2f4fa5a5c552f766b7fb94
2013-08-31,13.73,,ft,Approved,,2025-03-11T20:23:18.678347+00:00,5f7360d3ef2f4fa5a5c552f766b7fb94
2013-09-01,13.71,,ft,Approved,,2025-03-11T20:23:18.678347+00:00,5f7360d3ef2f4fa5a5c552f766b7fb94
2013-09-02,13.71,,ft,Approved,,2025-03-11T20:23:18.678347+00:00,5f7360d3ef2f4fa5a5c552f766b7fb94
2013-09-03,13.71,,ft,Approved,,2025-03-11T20:23:18.678347+00:00,5f7360d3ef2f4fa5a5c552f766b7fb94
2013-09-04,13.77,,ft,Approved,,2025-03-11T20:23:18.678347+00:00,5f7360d3ef2f4fa5a5c552f766b7fb94
2013-09-05,13.75,,ft,Approved,,2025-03-11T20:23:18.678347+00:00,5f7360d3ef2f4fa5a5c552f766b7fb94
2013-09-06,13.66,,ft,Approved,,2025-03-11T20:23:18.678347+00:00,5f7360d3ef2f4fa5a5c552f766b7fb94
2013-09-07,13.54,,ft,Approved,,2025-03-11T20:23:18.678347+00:00,5f7360d3ef2f4fa5a5c552f766b7fb94
2013-09-08,13.47,,ft,Approved,,2025-03-11T20:23:18.678347+00:00,5f7360d3ef2f4fa5a5c552f766b7fb94
2013-09-09,13.46,,ft,Approved,,2025-03-11T20:23:18.678347+00:00,5f7360d3ef2f4fa5a5c552f766b7fb94
2013-09-10,13.43,,ft,Approved,,2025-03-11T20:23:18.678347+00:00,5f7360d3ef2f4fa5a5c552f766b7fb94
2013-09-11,13.31,,ft,Approved,,2025-03-11T20:23:18.678347+00:00,5f7360d3ef2f4fa5a5c552f766b7fb94
2013-09-12,14.23,,ft,Approved,,2025-03-11T20:23:18.678347+00:00,5f7360d3ef2f4fa5a5c552f766b7fb94
2013-09-13,14.78,,ft,Approved,,2025-03-11T20:23:18.678347+00:00,5f7360d3ef2f4fa5a5c552f766b7fb94
2013-09-14,14.54,,ft,Approved,,2025-03-11T20:23:18.678347+00:00,5f7360d3ef2f4fa5a5c552f766b7fb94
2013-09-15,14.25,,ft,Approved,,2025-03-11T20:23:18.678347+00:00,5f7360d3ef2f4fa5a5c552f766b7fb94
2013-09-16,14.21,,ft,Approved,,2025-03-11T20:23:18.678347+00:00,5f7360d3ef2f4fa5a5c552f766b7fb94
2013-09-17,14.13,,ft,Approved,,2025-03-11T20:23:18.678347+00:00,5f7360d3ef2f4fa5a5c552f766b7fb94
2013-09-18,12.87,,ft,Approved,,2025-03-11T20:23:18.678347+00:00,5f7360d3ef2f4fa5a5c552f766b7fb94
2013-09-19,12.54,,ft,Approved,,2025-03-11T20:23:18.678347+00:00,5f7360d3ef2f4fa5a5c552f766b7fb94
2013-09-20,14.18,,ft,Approved,,2025-03-11T20:23:18.678347+00:00,5f7360d3ef2f4fa5a5c552f766b7fb94
2013-09-21,12.8,,ft,Approved,,2025-03-11T20:23:18.678347+00:00,5f7360d3ef2f4fa5a5c552f766b7fb94
2013-09-22,11.95,,ft,Approved,,2025-03-11T20:23:18.678347+00:00,5f7360d3ef2f4fa5a5c552f766b7fb94
2013-09-23,11.75,,ft,Approved,,2025-03-11T20:23:18.678347+00:00,5f7360d3ef2f4fa5a5c552f766b7fb94
2013-09-24,11.97,,ft,Approved,,2025-03-11T20:23:18.678347+00:00,5f7360d3ef2f4fa5a5c552f766b7fb94
2013-09-25,12.04,,ft,Approved,,2025-03-11T20:23:18.678347+00:00,5f7360d3ef2f4fa5a5c552f766b7fb94
2013-09-26,12.2,,ft,Approved,,2025-03-11T20:23:18.678347+00:00,5f7360d3ef2f4fa5a5c552f766b7fb94
2013-09-27,12.38,,ft,Approved,,2025-03-11T20:23:18.678347+00:00,5f7360d3ef2f4fa5a5c552f766b7fb94
2013-09-28,12.48,,ft,Approved,,2025-03-11T20:23:18.678347+00:00,5f7360d3ef2f4fa5a5c552f766b7fb94
2013-09-29,14.89,,ft,Approved,,2025-03-11T20:23:18.678347+00:00,5f7360d3ef2f4fa5a5c552f766b7fb94
2013-09-30,12.77,,ft,Approved,,2025-03-11T20:23:18.678347+00:00,5f7360d3ef2f4fa5a5c552f766b7fb94
2013-10-01,12.29,,ft,Approved,,2025-03-11T20:23:18.678347+00:00,5f7360d3ef2f4fa5a5c552f766b7fb94
2013-10-02,12.45,,ft,Approved,,2025-03-11T20:23:18.678347+00:00,5f7360d3ef2f4fa5a5c552f766b7fb94
2013-10-03,12.66,,ft,Approved,,2025-03-11T20:23:18.678347+00:00,5f7360d3ef2f4fa5a5c552f766b7fb94
2013-10-04,12.68,,ft,Approved,,2025-03-11T20:23:18.678347+00:00,5f7360d3ef2f4fa5a5c552f766b7fb94
2013-10-05,12.71,,ft,Approved,,2025-03-11T20:23:18.678347+00:00,5f7360d3ef2f4fa5a5c552f766b7fb94
2013-10-06,12.88,,ft,Approved,,2025-03-11T20:23:18.678347+00:00,5f7360d3ef2f4fa5a5c552f766b7fb94
2013-10-07,12.82,,ft,Approved,,2025-03-11T20:23:18.678347+00:00,5f7360d3ef2f4fa5a5c552f766b7fb94
2013-10-08,12.7,,ft,Approved,,2025-03-11T20:23:18.678347+00:00,5f7360d3ef2f4fa5a5c552f766b7fb94
2013-10-09,12.79,,ft,Approved,,2025-03-11T20:23:18.678347+00:00,5f7360d3ef2f4fa5a5c552f766b7fb94
2013-10-10,12.84,,ft,Approved,,2025-03-11T20:23:18.678347+00:00,5f7360d3ef2f4fa5a5c552f766b7fb94
2013-10-11,12.75,,ft,Approved,,2025-03-11T20:23:18.678347+00:00,5f7360d3ef2f4fa5a5c552f766b7fb94
2013-10-12,12.67,,ft,Approved,,2025-03-11T20:23:18.678347+00:00,5f7360d3ef2f4fa5a5c552f766b7fb94
2013-10-13,21.26,,ft,Approved,,2025-03-11T20:23:18.678347+00:00,5f7360d3ef2f4fa5a5c552f766b7fb94
2013-10-14,14.32,,ft,Approved,,2025-03-11T20:23:18.678347+00:00,5f7360d3ef2f4fa5a5c552f766b7fb94
2013-10-15,13.05,,ft,Approved,,2025-03-11T20:23:18.678347+00:00,5f7360d3ef2f4fa5a5c552f766b7fb94
2013-10-16,12.9,,ft,Approved,,2025-03-11T20:23:18.678347+00:00,5f7360d3ef2f4fa5a5c552f766b7fb94
2013-10-17,12.88,,ft,Approved,,2025-03-11T20:23:18.678347+00:00,5f7360d3ef2f4fa5a5c552f766b7fb94
2013-10-18,12.76,,ft,Approved,,2025-03-11T20:23:18.678347+00:00,5f7360d3ef2f4fa5a5c552f766b7fb94
2013-10-19,12.6,,ft,Approved,,2025-03-11T20:23:18.678347+00:00,5f7360d3ef2f4fa5a5c552f766b7fb94
2013-10-20,12.44,,ft,Approved,,2025-03-11T20:23:18.678347+00:00,5f7360d3ef2f4fa5a5c552f766b7fb94
2013-10-21,12.36,,ft,Approved,,2025-03-11T20:23:18.678347+00:00,5f7360d3ef2f4fa5a5c552f766b7fb94
2013-10-22,12.43,,ft,Approved,,2025-03-11T20:23:18.678347+00:00,5f7360d3ef2f4fa5a5c552f766b7fb94
2013-10-23,12.27,,ft,Approved,,2025-03-11T20:23:18.678347+00:00,5f7360d3ef2f4fa5a5c552f766b7fb94
2013-10-24,12.08,,ft,Approved,,2025-03-11T20:23:18.678347+00:00,5f7360d3ef2f4fa5a5c552f766b7fb94
2013-10-25,12.12,,ft,Approved,,2025-03-11T20:23:18.678347+00:00,5f7360d3ef2f4fa5a5c552f766b7fb94
2013-10-26,12.12,,ft,Approved,,2025-03-11T20:23:18.678347+00:00,5f7360d3ef2f4fa5a5c552f766b7fb94
2013-10-27,12.26,,ft,Approved,,2025-03-11T20:23:18.678347+00:00,5f7360d3ef2f4fa5a5c552f766b7fb94
2013-10-28,12.5,,ft,Approved,,2025-03-11T20:23:18.678347+00:00,5f7360d3ef2f4fa5a5c552f766b7fb94
2013-10-29,12.52,,ft,Approved,,2025-03-11T20:23:18.678347+00:00,5f7360d3ef2f4fa5a5c552f766b7fb94
2013-10-30,12.45,,ft,Approved,,2025-03-11T20:23:18.678347+00:00,5f7360d3ef2f4fa5a5c552f766b7fb94
2013-10-31,23.25,,ft,Approved,,2025-03-11T20:23:18.678347+00:00,5f7360d3ef2f4fa5a5c552f766b7fb94
2013-11-01,13.61,,ft,Approved,,2025-03-11T20:23:18.678347+00:00,5f7360d3ef2f4fa5a5c552f766b7fb94
2013-11-02,13.63,,ft,Approved,,2025-03-11T20:23:18.678347+00:00,5f7360d3ef2f4fa5a5c552f766b7fb94
2013-11-03,12.27,,ft,Approved,,2025-03-11T20:23:18.678347+00:00,5f7360d3ef2f4fa5a5c552f766b7fb94
2013-11-04,12.63,,ft,Approved,,2025-03-11T20:23:18.678347+00:00,5f7360d3ef2f4fa5a5c552f766b7fb94
2013-11-05,12.8,,ft,Approved,,2025-03-11T20:23:18.678347+00:00,5f7360d3ef2f4fa5a5c552f766b7fb94
2013-11-06,12.65,,ft,Approved,,2025-03-11T20:23:18.678347+00:00,5f7360d3ef2f4fa5a5c552f766b7fb94
2013-11-07,12.43,,ft,Approved,,2025-03-11T20:23:18.678347+00:00,5f7360d3ef2f4fa5a5c552f766b7fb94
2013-11-08,12.46,,ft,Approved,,2025-03-11T20:23:18.678347+00:00,5f7360d3ef2f4fa5a5c552f766b7fb94
2013-11-09,12.41,,ft,Approved,,2025-03-11T20:23:18.678347+00:00,5f7360d3ef2f4fa5a5c552f766b7fb94
2013-11-10,12.37,,ft,Approved,,2025-03-11T20:23:18.678347+00:00,5f7360d3ef2f4fa5a5c552f766b7fb94
2013-11-11,12.33,,ft,Approved,,2025-03-11T20:23:18.678347+00:00,5f7360d3ef2f4fa5a5c552f766b7fb94
2013-11-12,12.17,,ft,Approved,,2025-03-11T20:23:18.678347+00:00,5f7360d3ef2f4fa5a5c552f766b7fb94
2013-11-13,12.19,,ft,Approved,,2025-03-11T20:23:18.678347+00:00,5f7360d3ef2f4fa5a5c552f766b7fb94
2013-11-14,12.16,,ft,Approved,,2025-03-11T20:23:18.678347+00:00,5f7360d3ef2f4fa5a5c552f766b7fb94
2013-11-15,12.1,,ft,Approved,,2025-03-11T20:23:18.678347+00:00,5f7360d3ef2f4fa5a5c552f766b7fb94
2013-11-16,12.09,,ft,Approved,,2025-03-11T20:23:18.678347+00:00,5f7360d3ef2f4fa5a5c552f766b7fb94
2013-11-17,12.1,,ft,Approved,,2025-03-11T20:23:18.678347+00:00,5f7360d3ef2f4fa5a5c552f766b7fb94
2013-11-18,12.07,,ft,Approved,,2025-03-11T20:23:18.678347+00:00,5f7360d3ef2f4fa5a5c552f766b7fb94
2013-11-19,12.05,,ft,Approved,,2025-03-11T20:23:18.678347+00:00,5f7360d3ef2f4fa5a5c552f766b7fb94
2013-11-20,12.04,,ft,Approved,,2025-03-11T20:23:18.678347+00:00,5f7360d3ef2f4fa5a5c552f766b7fb94
2013-11-21,12.04,,ft,Approved,,2025-03-11T20:23:18.678347+00:00,5f7360d3ef2f4fa5a5c552f766b7fb94
2013-11-22,12.78,,ft,Approved,,2025-03-11T20:23:18.678347+00:00,5f7360d3ef2f4fa5a5c552f766b7fb94
2013-11-23,12.18,,ft,Approved,,2025-03-11T20:23:18.678347+00:00,5f7360d3ef2f4fa5a5c552f766b7fb94
2013-11-24,12.24,,ft,Approved,,2025-03-11T20:23:18.678347+00:00,5f7360d3ef2f4fa5a5c552f766b7fb94
2013-11-25,12.9,,ft,Approved,,2025-03-11T20:23:18.678347+00:00,5f7360d3ef2f4fa5a5c552f766b7fb94
2013-11-26,13.12,,ft,Approved,,2025-03-11T20:23:18.678347+00:00,5f7360d3ef2f4fa5a5c552f766b7fb94
2013-11-27,12.74,,ft,Approved,,2025-03-11T20:23:18.678347+00:00,5f7360d3ef2f4fa5a5c552f766b7fb94
2013-11-28,12.57,,ft,Approved,,2025-03-11T20:23:18.678347+00:00,5f7360d3ef2f4fa5a5c552f766b7fb94
2013-11-29,12.47,,ft,Approved,,2025-03-11T20:23:18.678347+00:00,5f7360d3ef2f4fa5a5c552f766b7fb94
2013-11-30,12.43,,ft,Approved,,2025-03-11T20:23:18.678347+00:00,5f7360d3ef2f4fa5a5c552f766b7fb94
2013-12-01,12.29,,ft,Approved,,2025-03-11T20:23:18.678347+00:00,5f7360d3ef2f4fa5a5c552f766b7fb94
2013-12-02,12.33,,ft,Approved,,2025-03-11T20:23:18.678347+00:00,5f7360d3ef2f4fa5a5c552f766b7fb94
2013-12-03,12.38,,ft,Approved,,2025-03-11T20:23:18.678347+00:00,5f7360d3ef2f4fa5a5c552f766b7fb94
2013-12-04,12.25,,ft,Approved,,2025-03-11T20:23:18.678347+00:00,5f7360d3ef2f4fa5a5c552f766b7fb94
2013-12-05,12.2,,ft,Approved,,2025-03-11T20:23:18.678347+00:00,5f7360d3ef2f4fa5a5c552f766b7fb94
2013-12-06,12.25,,ft,Approved,,2025-03-11T20:23:18.678347+00:00,5f7360d3ef2f4fa5a5c552f766b7fb94
2013-12-07,12.17,,ft,Approved,,2025-03-11T20:23:18.678347+00:00,5f7360d3ef2f4fa5a5c552f766b7fb94
2013-12-08,12.15,,ft,Approved,,2025-03-11T20:23:18.678347+00:00,5f7360d3ef2f4fa5a5c552f766b7fb94
2013-12-09,12.14,,ft,Approved,,2025-03-11T20:23:18.678347+00:00,5f7360d3ef2f4fa5a5c552f766b7fb94
2013-12-10,12.12,,ft,Approved,,2025-03-11T20:23:18.678347+00:00,5f7360d3ef2f4fa5a5c552f766b7fb94
2013-12-11,12.09,,ft,Approved,,2025-03-11T20:23:18.678347+00:00,5f7360d3ef2f4fa5a5c552f766b7fb94
2013-12-12,12.06,,ft,Approved,,2025-03-11T20:23:18.678347+00:00,5f7360d3ef2f4fa5a5c552f766b7fb94
2013-12-13,12.06,,ft,Approved,,2025-03-11T20:23:18.678347+00:00,5f7360d3ef2f4fa5a5c552f766b7fb94
2013-12-14,12.16,,ft,Approved,,2025-03-11T20:23:18.678347+00:00,5f7360d3ef2f4fa5a5c552f766b7fb94
2013-12-15,12.11,,ft,Approved,,2025-03-11T20:23:18.678347+00:00,5f7360d3ef2f4fa5a5c552f766b7fb94
2013-12-16,11.94,,ft,Approved,,2025-03-11T20:23:18.678347+00:00,5f7360d3ef2f4fa5a5c552f766b7fb94
2013-12-17,11.93,,ft,Approved,,2025-03-11T20:23:18.678347+00:00,5f7360d3ef2f4fa5a5c552f766b7fb94
2013-12-18,11.93,,ft,Approved,,2025-03-11T20:23:18.678347+00:00,5f7360d3ef2f4fa5a5c552f766b7fb94
2013-12-19,11.94,,ft,Approved,,2025-03-11T20:23:18.678347+00:00,5f7360d3ef2f4fa5a5c552f766b7fb94
2013-12-20,11.91,,ft,Approved,,2025-03-11T20:23:18.678347+00:00,5f7360d3ef2f4fa5a5c552f766b7fb94
2013-12-21,11.95,,ft,Approved,,2025-03-11T20:23:18.678347+00:00,5f7360d3ef2f4fa5a5c552f766b7fb94
2013-12-22,12.04,,ft,Approved,,2025-03-11T20:23:18.678347+00:00,5f7360d3ef2f4fa5a5c552f766b7fb94
2013-12-23,11.98,,ft,Approved,,2025-03-11T20:23:18.678347+00:00,5f7360d3ef2f4fa5a5c552f766b7fb94
2013-12-24,11.75,,ft,Approved,,2025-03-11T20:23:18.678347+00:00,5f7360d3ef2f4fa5a5c552f766b7fb94
2013-12-25,11.75,,ft,Approved,,2025-03-11T20:23:18.678347+00:00,5f7360d3ef2f4fa5a5c552f766b7fb94
2013-12-26,11.81,,ft,Approved,,2025-03-11T20:23:18.678347+00:00,5f7360d3ef2f4fa5a5c552f766b7fb94
2013-12-27,11.83,,ft,Approved,,2025-03-11T20:23:18.678347+00:00,5f7360d3ef2f4fa5a5c552f766b7fb94
2013-12-28,11.77,,ft,Approved,,2025-03-11T20:23:18.678347+00:00,5f7360d3ef2f4fa5a5c552f766b7fb94
2013-12-29,11.76,,ft,Approved,,2025-03-11T20:23:18.678347+00:00,5f7360d3ef2f4fa5a5c552f766b7fb94
2013-12-30,11.74,,ft,Approved,,2025-03-11T20:23:18.678347+00:00,5f7360d3ef2f4fa5a5c552f766b7fb94
2013-12-31,11.7,,ft,Approved,,2025-03-11T20:23:18.678347+00:00,5f7360d3ef2f4fa5a5c552f766b7fb94
2014-01-01,11.65,,ft,Approved,,2025-03-11T20:23:18.678347+00:00,5f7360d3ef2f4fa5a5c552f766b7fb94
2014-01-02,11.57,,ft,Approved,,2025-03-11T20:23:18.678347+00:00,5f7360d3ef2f4fa5a5c552f766b7fb94
2014-01-03,11.56,,ft,Approved,,2025-03-11T20:23:18.678347+00:00,5f7360d3ef2f4fa5a5c552f766b7fb94
2014-01-04,11.58,,ft,Approved,,2025-03-11T20:23:18.678347+00:00,5f7360d3ef2f4fa5a5c552f766b7fb94
2014-01-05,11.63,,ft,Approved,,2025-03-11T20:23:18.678347+00:00,5f7360d3ef2f4fa5a5c552f766b7fb94
2014-01-06,11.88,,ft,Approved,,2025-03-11T20:23:18.678347+00:00,5f7360d3ef2f4fa5a5c552f766b7fb94
2014-01-07,11.79,,ft,Approved,,2025-03-11T20:23:18.678347+00:00,5f7360d3ef2f4fa5a5c552f766b7fb94
2014-01-08,11.53,,ft,Approved,,2025-03-11T20:23:18.678347+00:00,5f7360d3ef2f4fa5a5c552f766b7fb94
2014-01-09,11.58,,ft,Approved,,2025-03-11T20:23:18.678347+00:00,5f7360d3ef2f4fa5a5c552f766b7fb94
2014-01-10,11.64,,ft,Approved,,2025-03-11T20:23:18.678347+00:00,5f7360d3ef2f4fa5a5c552f766b7fb94
2014-01-11,11.63,,ft,Approved,,2025-03-11T20:23:18.678347+00:00,5f7360d3ef2f4fa5a5c552f766b7fb94
2014-01-12,11.52,,ft,Approved,,2025-03-11T20:23:18.678347+00:00,5f7360d3ef2f4fa5a5c552f766b7fb94
2014-01-13,11.66,,ft,Approved,,2025-03-11T20:23:18.678347+00:00,5f7360d3ef2f4fa5a5c552f766b7fb94
2014-01-14,11.59,,ft,Approved,,2025-03-11T20:23:18.678347+00:00,5f7360d3ef2f4fa5a5c552f766b7fb94
2014-01-15,11.39,,ft,Approved,,2025-03-11T20:23:18.678347+00:00,5f7360d3ef2f4fa5a5c552f766b7fb94
2014-01-16,11.46,,ft,Approved,,2025-03-11T20:23:18.678347+00:00,5f7360d3ef2f4fa5a5c552f766b7fb94
2014-01-17,11.53,,ft,Approved,,2025-03-11T20:23:18.678347+00:00,5f7360d3ef2f4fa5a5c552f766b7fb94
2014-01-18,11.47,,ft,Approved,,2025-03-11T20:23:18.678347+00:00,5f7360d3ef2f4fa5a5c552f766b7fb94
2014-01-19,11.46,,ft,Approved,,2025-03-11T20:23:18.678347+00:00,5f7360d3ef2f4fa5a5c552f766b7fb94
2014-01-20,11.46,,ft,Approved,,2025-03-11T20:23:18.678347+00:00,5f7360d3ef2f4fa5a5c552f766b7fb94
2014-01-21,11.38,,ft,Approved,,2025-03-11T20:23:18.678347+00:00,5f7360d3ef2f4fa5a5c552f766b7fb94
2014-01-22,11.32,,ft,Approved,,2025-03-11T20:23:18.678347+00:00,5f7360d3ef2f4fa5a5c552f766b7fb94
2014-01-23,11.4,,ft,Approved,,2025-03-11T20:23:18.678347+00:00,5f7360d3ef2f4fa5a5c552f766b7fb94
2014-01-24,11.44,,ft,Approved,,2025-03-11T20:23:18.678347+00:00,5f7360d3ef2f4fa5a5c552f766b7fb94
2014-01-25,11.46,,ft,Approved,,2025-03-11T20:23:18.678347+00:00,5f7360d3ef2f4fa5a5c552f766b7fb94
2014-01-26,11.54,,ft,Approved,,2025-03-11T20:23:18.678347+00:00,5f7360d3ef2f4fa5a5c552f766b7fb94
2014-01-27,11.54,,ft,Approved,,2025-03-11T20:23:18.678347+00:00,5f7360d3ef2f4fa5a5c552f766b7fb94
2014-01-28,11.54,,ft,Approved,,2025-03-11T20:23:18.678347+00:00,5f7360d3ef2f4fa5a5c552f766b7fb94
2014-01-29,11.6,,ft,Approved,,2025-03-11T20:23:18.678347+00:00,5f7360d3ef2f4fa5a5c552f766b7fb94
2014-01-30,11.4,,ft,Approved,,2025-03-11T20:23:18.678347+00:00,5f7360d3ef2f4fa5a5c552f766b7fb94
2014-01-31,11.49,,ft,Approved,,2025-03-11T20:23:18.678347+00:00,5f7360d3ef2f4fa5a5c552f766b7fb94
2014-02-01,11.56,,ft,Approved,,2025-03-11T20:23:18.678347+00:00,5f7360d3ef2f4fa5a5c552f766b7fb94
2014-02-02,11.6,,ft,Approved,,2025-03-11T20:23:18.678347+00:00,5f7360d3ef2f4fa5a5c552f766b7fb94
2014-02-03,11.49,,ft,Approved,,2025-03-11T20:23:18.678347+00:00,5f7360d3ef2f4fa5a5c552f766b7fb94
2014-02-04,11.48,,ft,Approved,,2025-03-11T20:23:18.678347+00:00,5f7360d3ef2f4fa5a5c552f766b7fb94
2014-02-05,11.46,,ft,Approved,,2025-03-11T20:23:18.678347+00:00,5f7360d3ef2f4fa5a5c552f766b7fb94
2014-02-06,11.46,,ft,Approved,,2025-03-11T20:23:18.678347+00:00,5f7360d3ef2f4fa5a5c552f766b7fb94
2014-02-07,11.6,,ft,Approved,,2025-03-11T20:23:18.678347+00:00,5f7360d3ef2f4fa5a5c552f766b7fb94
2014-02-08,11.57,,ft,Approved,,2025-03-11T20:23:18.678347+00:00,5f7360d3ef2f4fa5a5c552f766b7fb94
2014-02-09,11.43,,ft,Approved,,2025-03-11T20:23:18.678347+00:00,5f7360d3ef2f4fa5a5c552f766b7fb94
2014-02-10,11.47,,ft,Approved,,2025-03-11T20:23:18.678347+00:00,5f7360d3ef2f4fa5a5c552f766b7fb94
2014-02-11,11.51,,ft,Approved,,2025-03-11T20:23:18.678347+00:00,5f7360d3ef2f4fa5a5c552f766b7fb94
2014-02-12,11.53,,ft,Approved,,2025-03-11T20:23:18.678347+00:00,5f7360d3ef2f4fa5a5c552f766b7fb94
2014-02-13,11.37,,ft,Approved,,2025-03-11T20:23:18.678347+00:00,5f7360d3ef2f4fa5a5c552f766b7fb94
2014-02-14,11.34,,ft,Approved,,2025-03-11T20:23:18.678347+00:00,5f7360d3ef2f4fa5a5c552f766b7fb94
2014-02-15,11.25,,ft,Approved,,2025-03-11T20:23:18.678347+00:00,5f7360d3ef2f4fa5a5c552f766b7fb94
2014-02-16,11.19,,ft,Approved,,2025-03-11T20:23:18.678347+00:00,5f7360d3ef2f4fa5a5c552f766b7fb94
2014-02-17,11.22,,ft,Approved,,2025-03-11T20:23:18.678347+00:00,5f7360d3ef2f4fa5a5c552f766b7fb94
2014-02-18,11.23,,ft,Approved,,2025-03-11T20:23:18.678347+00:00,5f7360d3ef2f4fa5a5c552f766b7fb94
2014-02-19,11.22,,ft,Approved,,2025-03-11T20:23:18.678347+00:00,5f7360d3ef2f4fa5a5c552f766b7fb94
2014-02-20,11.32,,ft,Approved,,2025-03-11T20:23:18.678347+00:00,5f7360d3ef2f4fa5a5c552f766b7fb94
2014-02-21,11.44,,ft,Approved,,2025-03-11T20:23:18.678347+00:00,5f7360d3ef2f4fa5a5c552f766b7fb94
2014-02-22,11.5,,ft,Approved,,2025-03-11T20:23:18.678347+00:00,5f7360d3ef2f4fa5a5c552f766b7fb94
2014-02-23,11.38,,ft,Approved,,2025-03-11T20:23:18.678347+00:00,5f7360d3ef2f4fa5a5c552f766b7fb94
2014-02-24,11.39,,ft,Approved,,2025-03-11T20:23:18.678347+00:00,5f7360d3ef2f4fa5a5c552f766b7fb94
2014-02-25,11.51,,ft,Approved,,2025-03-11T20:23:18.678347+00:00,5f7360d3ef2f4fa5a5c552f766b7fb94
2014-02-26,11.72,,ft,Approved,,2025-03-11T20:23:18.678347+00:00,5f7360d3ef2f4fa5a5c552f766b7fb94
2014-02-27,11.29,,ft,Approved,,2025-03-11T20:23:18.678347+00:00,5f7360d3ef2f4fa5a5c552f766b7fb94
2014-02-28,11.13,,ft,Approved,,2025-03-11T20:23:18.678347+00:00,5f7360d3ef2f4fa5a5c552f766b7fb94
2014-03-01,11.14,,ft,Approved,,2025-03-11T20:23:18.678347+00:00,5f7360d3ef2f4fa5a5c552f766b7fb94
2014-03-02,11.38,,ft,Approved,,2025-03-11T20:23:18.678347+00:00,5f7360d3ef2f4fa5a5c552f766b7fb94
2014-03-03,11.48,,ft,Approved,,2025-03-11T20:23:18.678347+00:00,5f7360d3ef2f4fa5a5c552f766b7fb94
2014-03-04,11.51,,ft,Approved,,2025-03-11T20:23:18.678347+00:00,5f7360d3ef2f4fa5a5c552f766b7fb94
2014-03-05,11.19,,ft,Approved,,2025-03-11T20:23:18.678347+00:00,5f7360d3ef2f4fa5a5c552f766b7fb94
2014-03-06,11.11,,ft,Approved,,2025-03-11T20:23:18.678347+00:00,5f7360d3ef2f4fa5a5c552f766b7fb94
2014-03-07,11.24,,ft,Approved,,2025-03-11T20:23:18.678347+00:00,5f7360d3ef2f4fa5a5c552f766b7fb94
2014-03-08,11.33,,ft,Approved,,2025-03-11T20:23:18.678347+00:00,5f7360d3ef2f4fa5a5c552f766b7fb94
2014-03-09,11.93,,ft,Approved,,2025-03-11T20:23:18.678347+00:00,5f7360d3ef2f4fa5a5c552f766b7fb94
2014-03-10,11.6,,ft,Approved,,2025-03-11T20:23:18.678347+00:00,5f7360d3ef2f4fa5a5c552f766b7fb94
2014-03-11,11.29,,ft,Approved,,2025-03-11T20:23:18.678347+00:00,5f7360d3ef2f4fa5a5c552f766b7fb94
2014-03-12,11.13,,ft,Approved,,2025-03-11T20:23:18.678347+00:00,5f7360d3ef2f4fa5a5c552f766b7fb94
2014-03-13,11.21,,ft,Approved,,2025-03-11T20:23:18.678347+00:00,5f7360d3ef2f4fa5a5c552f766b7fb94
2014-03-14,11.21,,ft,Approved,,2025-03-11T20:23:18.678347+00:00,5f7360d3ef2f4fa5a5c552f766b7fb94
2014-03-15,11.09,,ft,Approved,,2025-03-11T20:23:18.678347+00:00,5f7360d3ef2f4fa5a5c552f766b7fb94
2014-03-16,11.1,,ft,Approved,,2025-03-11T20:23:18.678347+00:00,5f7360d3ef2f4fa5a5c552f766b7fb94
2014-03-17,11.06,,ft,Approved,,2025-03-11T20:23:18.678347+00:00,5f7360d3ef2f4fa5a5c552f766b7fb94
2014-03-18,11.02,,ft,Approved,,2025-03-11T20:23:18.678347+00:00,5f7360d3ef2f4fa5a5c552f766b7fb94
2014-03-19,11.06,,ft,Approved,,2025-03-11T20:23:18.678347+00:00,5f7360d3ef2f4fa5a5c552f766b7fb94
2014-03-20,11.2,,ft,Approved,,2025-03-11T20:23:18.678347+00:00,5f7360d3ef2f4fa5a5c552f766b7fb94
2014-03-21,11.15,,ft,Approved,,2025-03-11T20:23:18.678347+00:00,5f7360d3ef2f4fa5a5c552f766b7fb94
2014-03-22,11.14,,ft,Approved,,2025-03-11T20:23:18.678347+00:00,5f7360d3ef2f4fa5a5c552f766b7fb94
2014-03-23,11.24,,ft,Approved,,2025-03-11T20:23:18.678347+00:00,5f7360d3ef2f4fa5a5c552f766b7fb94
2014-03-24,11.24,,ft,Approved,,2025-03-11T20:23:18.678347+00:00,5f7360d3ef2f4fa5a5c552f766b7fb94
2014-03-25,11.19,,ft,Approved,,2025-03-11T20:23:18.678347+00:00,5f7360d3ef2f4fa5a5c552f766b7fb94
2014-03-26,11.15,,ft,Approved,,2025-03-11T20:23:18.678347+00:00,5f7360d3ef2f4fa5a5c552f766b7fb94
2014-03-27,11.26,,ft,Approved,,2025-03-11T20:23:18.678347+00:00,5f7360d3ef2f4fa5a5c552f766b7fb94
2014-03-28,11.34,,ft,Approved,,2025-03-11T20:23:18.678347+00:00,5f7360d3ef2f4fa5a5c552f766b7fb94
2014-03-29,11.25,,ft,Approved,,2025-03-11T20:23:18.678347+00:00,5f7360d3ef2f4fa5a5c552f766b7fb94
2014-03-30,11.17,,ft,Approved,,2025-03-11T20:23:18.678347+00:00,5f7360d3ef2f4fa5a5c552f766b7fb94
2014-03-31,11.18,,ft,Approved,,2025-03-11T20:23:18.678347+00:00,5f7360d3ef2f4fa5a5c552f766b7fb94
2014-04-01,11.21,,ft,Approved,,2025-03-11T20:23:18.678347+00:00,5f7360d3ef2f4fa5a5c552f766b7fb94
2014-04-02,11.25,,ft,Approved,,2025-03-11T20:23:18.678347+00:00,5f7360d3ef2f4fa5a5c552f766b7fb94
2014-04-03,11.29,,ft,Approved,,2025-03-11T20:23:18.678347+00:00,5f7360d3ef2f4fa5a5c552f766b7fb94
2014-04-04,11.31,,ft,Approved,,2025-03-11T20:23:18.678347+00:00,5f7360d3ef2f4fa5a5c552f766b7fb94
2014-04-05,11.31,,ft,Approved,,2025-03-11T20:23:18.678347+00:00,5f7360d3ef2f4fa5a5c552f766b7fb94
2014-04-06,11.44,,ft,Approved,,2025-03-11T20:23:18.678347+00:00,5f7360d3ef2f4fa5a5c552f766b7fb94
2014-04-07,11.64,,ft,Approved,,2025-03-11T20:23:18.678347+00:00,5f7360d3ef2f4fa5a5c552f766b7fb94
2014-04-08,12.07,,ft,Approved,,2025-03-11T20:23:18.678347+00:00,5f7360d3ef2f4fa5a5c552f766b7fb94
2014-04-09,11.85,,ft,Approved,,2025-03-11T20:23:18.678347+00:00,5f7360d3ef2f4fa5a5c552f766b7fb94
2014-04-10,11.57,,ft,Approved,,2025-03-11T20:23:18.678347+00:00,5f7360d3ef2f4fa5a5c552f766b7fb94
2014-04-11,11.72,,ft,Approved,,2025-03-11T20:23:18.678347+00:00,5f7360d3ef2f4fa5a5c552f766b7fb94
2014-04-12,11.84,,ft,Approved,,2025-03-11T20:23:18.678347+00:00,5f7360d3ef2f4fa5a5c552f766b7fb94
2014-04-13,11.71,,ft,Approved,,2025-03-11T20:23:18.678347+00:00,5f7360d3ef2f4fa5a5c552f766b7fb94
2014-04-14,12.03,,ft,Approved,,2025-03-11T20:23:18.678347+00:00,5f7360d3ef2f4fa5a5c552f766b7fb94
2014-04-15,12.41,,ft,Approved,,2025-03-11T20:23:18.678347+00:00,5f7360d3ef2f4fa5a5c552f766b7fb94
2014-04-16,12.16,,ft,Approved,,2025-03-11T20:23:18.678347+00:00,5f7360d3ef2f4fa5a5c552f766b7fb94
2014-04-17,12.24,,ft,Approved,,2025-03-11T20:23:18.678347+00:00,5f7360d3ef2f4fa5a5c552f766b7fb94
2014-04-18,12.31,,ft,Approved,,2025-03-11T20:23:18.678347+00:00,5f7360d3ef2f4fa5a5c552f766b7fb94
2014-04-19,12.26,,ft,Approved,,2025-03-11T20:23:18.678347+00:00,5f7360d3ef2f4fa5a5c552f766b7fb94
2014-04-20,12.26,,ft,Approved,,2025-03-11T20:23:18.678347+00:00,5f7360d3ef2f4fa5a5c552f766b7fb94
2014-04-21,12.27,,ft,Approved,,2025-03-11T20:23:18.678347+00:00,5f7360d3ef2f4fa5a5c552f766b7fb94
2014-04-22,12.29,,ft,Approved,,2025-03-11T20:23:18.678347+00:00,5f7360d3ef2f4fa5a5c552f766b7fb94
2014-04-23,12.29,,ft,Approved,,2025-03-11T20:23:18.678347+00:00,5f7360d3ef2f4fa5a5c552f766b7fb94
2014-04-24,12.3,,ft,Approved,,2025-03-11T20:23:18.678347+00:00,5f7360d3ef2f4fa5a5c552f766b7fb94
2014-04-25,12.33,,ft,Approved,,2025-03-11T20:23:18.678347+00:00,5f7360d3ef2f4fa5a5c552f766b7fb94
2014-04-26,12.33,,ft,Approved,,2025-03-11T20:23:18.678347+00:00,5f7360d3ef2f4fa5a5c552f766b7fb94
2014-04-27,12.38,,ft,Approved,,2025-03-11T20:23:18.678347+00:00,5f7360d3ef2f4fa5a5c552f766b7fb94
2014-04-28,12.41,,ft,Approved,,2025-03-11T20:23:18.678347+00:00,5f7360d3ef2f4fa5a5c552f766b7fb94
2014-04-29,12.45,,ft,Approved,,2025-03-11T20:23:18.678347+00:00,5f7360d3ef2f4fa5a5c552f766b7fb94
2014-04-30,12.52,,ft,Approved,,2025-03-11T20:23:18.678347+00:00,5f7360d3ef2f4fa5a5c552f766b7fb94
2014-05-01,12.57,,ft,Approved,,2025-03-11T20:23:18.678347+00:00,5f7360d3ef2f4fa5a5c552f766b7fb94
2014-05-02,12.67,,ft,Approved,,2025-03-11T20:23:18.678347+00:00,5f7360d3ef2f4fa5a5c552f766b7fb94
2014-05-03,12.87,,ft,Approved,,2025-03-11T20:23:18.678347+00:00,5f7360d3ef2f4fa5a5c552f766b7fb94
2014-05-04,12.93,,ft,Approved,,2025-03-11T20:23:18.678347+00:00,5f7360d3ef2f4fa5a5c552f766b7fb94
2014-05-05,12.94,,ft,Approved,,2025-03-11T20:23:18.678347+00:00,5f7360d3ef2f4fa5a5c552f766b7fb94
2014-05-06,12.94,,ft,Approved,,2025-03-11T20:23:18.678347+00:00,5f7360d3ef2f4fa5a5c552f766b7fb94
2014-05-07,12.87,,ft,Approved,,2025-03-11T20:23:18.678347+00:00,5f7360d3ef2f4fa5a5c552f766b7fb94
2014-05-08,12.92,,ft,Approved,,2025-03-11T20:23:18.678347+00:00,5f7360d3ef2f4fa5a5c552f766b7fb94
2014-05-09,12.93,,ft,Approved,,2025-03-11T20:23:18.678347+00:00,5f7360d3ef2f4fa5a5c552f766b7fb94
2014-05-10,12.93,,ft,Approved,,2025-03-11T20:23:18.678347+00:00,5f7360d3ef2f4fa5a5c552f766b7fb94
2014-05-11,12.38,,ft,Approved,,2025-03-11T20:23:18.678347+00:00,5f7360d3ef2f4fa5a5c552f766b7fb94
2014-05-12,12.91,,ft,Approved,,2025-03-11T20:23:18.678347+00:00,5f7360d3ef2f4fa5a5c552f766b7fb94
2014-05-13,15.21,,ft,Approved,,2025-03-11T20:23:18.678347+00:00,5f7360d3ef2f4fa5a5c552f766b7fb94
2014-05-14,12.71,,ft,Approved,,2025-03-11T20:23:18.678347+00:00,5f7360d3ef2f4fa5a5c552f766b7fb94
2014-05-15,12.4,,ft,Approved,,2025-03-11T20:23:18.678347+00:00,5f7360d3ef2f4fa5a5c552f766b7fb94
2014-05-16,12.48,,ft,Approved,,2025-03-11T20:23:18.678347+00:00,5f7360d3ef2f4fa5a5c552f766b7fb94
2014-05-17,12.72,,ft,Approved,,2025-03-11T20:23:18.678347+00:00,5f7360d3ef2f4fa5a5c552f766b7fb94
2014-05-18,12.83,,ft,Approved,,2025-03-11T20:23:18.678347+00:00,5f7360d3ef2f4fa5a5c552f766b7fb94
2014-05-19,12.94,,ft,Approved,,2025-03-11T20:23:18.678347+00:00,5f7360d3ef2f4fa5a5c552f766b7fb94
2014-05-20,12.99,,ft,Approved,,2025-03-11T20:23:18.678347+00:00,5f7360d3ef2f4fa5a5c552f766b7fb94
2014-05-21,12.98,,ft,Approved,,2025-03-11T20:23:18.678347+00:00,5f7360d3ef2f4fa5a5c552f766b7fb94
2014-05-22,13.0,,ft,Approved,,2025-03-11T20:23:18.678347+00:00,5f7360d3ef2f4fa5a5c552f766b7fb94
2014-05-23,13.1,,ft,Approved,,2025-03-11T20:23:18.678347+00:00,5f7360d3ef2f4fa5a5c552f766b7fb94
2014-05-24,13.18,,ft,Approved,,2025-03-11T20:23:18.678347+00:00,5f7360d3ef2f4fa5a5c552f766b7fb94
2014-05-25,13.19,,ft,Approved,,2025-03-11T20:23:18.678347+00:00,5f7360d3ef2f4fa5a5c552f766b7fb94
2014-05-26,13.78,,ft,Approved,,2025-03-11T20:23:18.678347+00:00,5f7360d3ef2f4fa5a5c552f766b7fb94
2014-05-27,15.08,,ft,Approved,,2025-03-11T20:23:18.678347+00:00,5f7360d3ef2f4fa5a5c552f766b7fb94
2014-05-28,13.49,,ft,Approved,,2025-03-11T20:23:18.678347+00:00,5f7360d3ef2f4fa5a5c552f766b7fb94
2014-05-29,13.28,,ft,Approved,,2025-03-11T20:23:18.678347+00:00,5f7360d3ef2f4fa5a5c552f766b7fb94
2014-05-30,13.06,,ft,Approved,,2025-03-11T20:23:18.678347+00:00,5f7360d3ef2f4fa5a5c552f766b7fb94
2014-05-31,12.93,,ft,Approved,,2025-03-11T20:23:18.678347+00:00,5f7360d3ef2f4fa5a5c552f766b7fb94
2014-06-01,12.84,,ft,Approved,,2025-03-11T20:23:18.678347+00:00,5f7360d3ef2f4fa5a5c552f766b7fb94
2014-06-02,12.82,,ft,Approved,,2025-03-11T20:23:18.678347+00:00,5f7360d3ef2f4fa5a5c552f766b7fb94
2014-06-03,13.14,,ft,Approved,,2025-03-11T20:23:18.678347+00:00,5f7360d3ef2f4fa5a5c552f766b7fb94
2014-06-04,13.33,,ft,Approved,,2025-03-11T20:23:18.678347+00:00,5f7360d3ef2f4fa5a5c552f766b7fb94
2014-06-05,13.43,,ft,Approved,,2025-03-11T20:23:18.678347+00:00,5f7360d3ef2f4fa5a5c552f766b7fb94
2014-06-06,13.46,,ft,Approved,,2025-03-11T20:23:18.678347+00:00,5f7360d3ef2f4fa5a5c552f766b7fb94
2014-06-07,13.48,,ft,Approved,,2025-03-11T20:23:18.678347+00:00,5f7360d3ef2f4fa5a5c552f766b7fb94
2014-06-08,13.57,,ft,Approved,,2025-03-11T20:23:18.678347+00:00,5f7360d3ef2f4fa5a5c552f766b7fb94
2014-06-09,13.79,,ft,Approved,,2025-03-11T20:23:18.678347+00:00,5f7360d3ef2f4fa5a5c552f766b7fb94
2014-06-10,13.89,,ft,Approved,,2025-03-11T20:23:18.678347+00:00,5f7360d3ef2f4fa5a5c552f766b7fb94
2014-06-11,13.82,,ft,Approved,,2025-03-11T20:23:18.678347+00:00,5f7360d3ef2f4fa5a5c552f766b7fb94
2014-06-12,13.75,,ft,Approved,,2025-03-11T20:23:18.678347+00:00,5f7360d3ef2f4fa5a5c552f766b7fb94
2014-06-13,14.79,,ft,Approved,,2025-03-11T20:23:18.678347+00:00,5f7360d3ef2f4fa5a5c552f766b7fb94
2014-06-14,13.68,,ft,Approved,,2025-03-11T20:23:18.678347+00:00,5f7360d3ef2f4fa5a5c552f766b7fb94
2014-06-15,13.58,,ft,Approved,,2025-03-11T20:23:18.678347+00:00,5f7360d3ef2f4fa5a5c552f766b7fb94
2014-06-16,13.47,,ft,Approved,,2025-03-11T20:23:18.678347+00:00,5f7360d3ef2f4fa5a5c552f766b7fb94
2014-06-17,13.73,,ft,Approved,,2025-03-11T20:23:18.678347+00:00,5f7360d3ef2f4fa5a5c552f766b7fb94
2014-06-18,13.86,,ft,Approved,,2025-03-11T20:23:18.678347+00:00,5f7360d3ef2f4fa5a5c552f766b7fb94
2014-06-19,13.95,,ft,Approved,,2025-03-11T20:23:18.678347+00:00,5f7360d3ef2f4fa5a5c552f766b7fb94
2014-06-20,13.82,,ft,Approved,,2025-03-11T20:23:18.678347+00:00,5f7360d3ef2f4fa5a5c552f766b7fb94
2014-06-21,13.77,,ft,Approved,,2025-03-11T20:23:18.678347+00:00,5f7360d3ef2f4fa5a5c552f766b7fb94
2014-06-22,13.83,,ft,Approved,,2025-03-11T20:23:18.678347+00:00,5f7360d3ef2f4fa5a5c552f766b7fb94
2014-06-23,13.93,,ft,Approved,,2025-03-11T20:23:18.678347+00:00,5f7360d3ef2f4fa5a5c552f766b7fb94
2014-06-24,14.04,,ft,Approved,,2025-03-11T20:23:18.678347+00:00,5f7360d3ef2f4fa5a5c552f766b7fb94
2014-06-25,14.27,,ft,Approved,,2025-03-11T20:23:18.678347+00:00,5f7360d3ef2f4fa5a5c552f766b7fb94
2014-06-26,14.36,,ft,Approved,,2025-03-11T20:23:18.678347+00:00,5f7360d3ef2f4fa5a5c552f766b7fb94
2014-06-27,14.08,,ft,Approved,,2025-03-11T20:23:18.678347+00:00,5f7360d3ef2f4fa5a5c552f766b7fb94
2014-06-28,13.98,,ft,Approved,,2025-03-11T20:23:18.678347+00:00,5f7360d3ef2f4fa5a5c552f766b7fb94
2014-06-29,13.92,,ft,Approved,,2025-03-11T20:23:18.678347+00:00,5f7360d3ef2f4fa5a5c552f766b7fb94
2014-06-30,13.63,,ft,Approved,,2025-03-11T20:23:18.678347+00:00,5f7360d3ef2f4fa5a5c552f766b7fb94
2014-07-01,13.31,,ft,Approved,,2025-03-11T20:23:18.678347+00:00,5f7360d3ef2f4fa5a5c552f766b7fb94
2014-07-02,13.66,,ft,Approved,,2025-03-11T20:23:18.678347+00:00,5f7360d3ef2f4fa5a5c552f766b7fb94
2014-07-03,14.19,,ft,Approved,,2025-03-11T20:23:18.678347+00:00,5f7360d3ef2f4fa5a5c552f766b7fb94
2014-07-04,14.13,,ft,Approved,,2025-03-11T20:23:18.678347+00:00,5f7360d3ef2f4fa5a5c552f766b7fb94
2014-07-05,13.72,,ft,Approved,,2025-03-11T20:23:18.678347+00:00,5f7360d3ef2f4fa5a5c552f766b7fb94
2014-07-06,13.66,,ft,Approved,,2025-03-11T20:23:18.678347+00:00,5f7360d3ef2f4fa5a5c552f766b7fb94
2014-07-07,13.72,,ft,Approved,,2025-03-11T20:23:18.678347+00:00,5f7360d3ef2f4fa5a5c552f766b7fb94
2014-07-08,13.7,,ft,Approved,,2025-03-11T20:23:18.678347+00:00,5f7360d3ef2f4fa5a5c552f766b7fb94
2014-07-09,13.62,,ft,Approved,,2025-03-11T20:23:18.678347+00:00,5f7360d3ef2f4fa5a5c552f766b7fb94
2014-07-10,13.49,,ft,Approved,,2025-03-11T20:23:18.678347+00:00,5f7360d3ef2f4fa5a5c552f766b7fb94
2014-07-11,13.5,,ft,Approved,,2025-03-11T20:23:18.678347+00:00,5f7360d3ef2f4fa5a5c552f766b7fb94
2014-07-12,13.31,,ft,Approved,,2025-03-11T20:23:18.678347+00:00,5f7360d3ef2f4fa5a5c552f766b7fb94
2014-07-13,13.23,,ft,Approved,,2025-03-11T20:23:18.678347+00:00,5f7360d3ef2f4fa5a5c552f766b7fb94
2014-07-14,13.31,,ft,Approved,,2025-03-11T20:23:18.678347+00:00,5f7360d3ef2f4fa5a5c552f766b7fb94
2014-07-15,13.42,,ft,Approved,,2025-03-11T20:23:18.678347+00:00,5f7360d3ef2f4fa5a5c552f766b7fb94
2014-07-16,13.44,,ft,Approved,,2025-03-11T20:23:18.678347+00:00,5f7360d3ef2f4fa5a5c552f766b7fb94
2014-07-17,13.46,,ft,Approved,,2025-03-11T20:23:18.678347+00:00,5f7360d3ef2f4fa5a5c552f766b7fb94
2014-07-18,16.07,,ft,Approved,,2025-03-11T20:23:18.678347+00:00,5f7360d3ef2f4fa5a5c552f766b7fb94
2014-07-19,12.43,,ft,Approved,,2025-03-11T20:23:18.678347+00:00,5f7360d3ef2f4fa5a5c552f766b7fb94
2014-07-20,12.6,,ft,Approved,,2025-03-11T20:23:18.678347+00:00,5f7360d3ef2f4fa5a5c552f766b7fb94
2014-07-21,12.62,,ft,Approved,,2025-03-11T20:23:18.678347+00:00,5f7360d3ef2f4fa5a5c552f766b7fb94
2014-07-22,12.64,,ft,Approved,,2025-03-11T20:23:18.678347+00:00,5f7360d3ef2f4fa5a5c552f766b7fb94
2014-07-23,12.55,,ft,Approved,,2025-03-11T20:23:18.678347+00:00,5f7360d3ef2f4fa5a5c552f766b7fb94
2014-07-24,12.5,,ft,Approved,,2025-03-11T20:23:18.678347+00:00,5f7360d3ef2f4fa5a5c552f766b7fb94
2014-07-25,12.18,,ft,Approved,,2025-03-11T20:23:18.678347+00:00,5f7360d3ef2f4fa5a5c552f766b7fb94
2014-07-26,12.17,,ft,Approved,,2025-03-11T20:23:18.678347+00:00,5f7360d3ef2f4fa5a5c552f766b7fb94
2014-07-27,12.17,,ft,Approved,,2025-03-11T20:23:18.678347+00:00,5f7360d3ef2f4fa5a5c552f766b7fb94
2014-07-28,12.19,,ft,Approved,,2025-03-11T20:23:18.678347+00:00,5f7360d3ef2f4fa5a5c552f766b7fb94
2014-07-29,12.19,,ft,Approved,,2025-03-11T20:23:18.678347+00:00,5f7360d3ef2f4fa5a5c552f766b7fb94
2014-07-30,12.21,,ft,Approved,,2025-03-11T20:23:18.678347+00:00,5f7360d3ef2f4fa5a5c552f766b7fb94
2014-07-31,12.37,,ft,Approved,,2025-03-11T20:23:18.678347+00:00,5f7360d3ef2f4fa5a5c552f766b7fb94
2014-08-01,12.54,,ft,Approved,,2025-03-11T20:23:18.678347+00:00,5f7360d3ef2f4fa5a5c552f766b7fb94
2014-08-02,12.58,,ft,Approved,,2025-03-11T20:23:18.678347+00:00,5f7360d3ef2f4fa5a5c552f766b7fb94
2014-08-03,12.57,,ft,Approved,,2025-03-11T20:23:18.678347+00:00,5f7360d3ef2f4fa5a5c552f766b7fb94
2014-08-04,12.69,,ft,Approved,,2025-03-11T20:23:18.678347+00:00,5f7360d3ef2f4fa5a5c552f766b7fb94
2014-08-05,12.61,,ft,Approved,,2025-03-11T20:23:18.678347+00:00,5f7360d3ef2f4fa5a5c552f766b7fb94
2014-08-06,12.73,,ft,Approved,,2025-03-11T20:23:18.678347+00:00,5f7360d3ef2f4fa5a5c552f766b7fb94
2014-08-07,12.91,,ft,Approved,,2025-03-11T20:23:18.678347+00:00,5f7360d3ef2f4fa5a5c552f766b7fb94
2014-08-08,13.13,,ft,Approved,,2025-03-11T20:23:18.678347+00:00,5f7360d3ef2f4fa5a5c552f766b7fb94
2014-08-09,13.13,,ft,Approved,,2025-03-11T20:23:18.678347+00:00,5f7360d3ef2f4fa5a5c552f766b7fb94
2014-08-10,13.21,,ft,Approved,,2025-03-11T20:23:18.678347+00:00,5f7360d3ef2f4fa5a5c552f766b7fb94
2014-08-11,13.43,,ft,Approved,,2025-03-11T20:23:18.678347+00:00,5f7360d3ef2f4fa5a5c552f766b7fb94
2014-08-12,13.55,,ft,Approved,,2025-03-11T20:23:18.678347+00:00,5f7360d3ef2f4fa5a5c552f766b7fb94
2014-08-13,13.68,,ft,Approved,,2025-03-11T20:23:18.678347+00:00,5f7360d3ef2f4fa5a5c552f766b7fb94
2014-08-14,13.8,,ft,Approved,,2025-03-11T20:23:18.678347+00:00,5f7360d3ef2f4fa5a5c552f766b7fb94
2014-08-15,14.08,,ft,Approved,,2025-03-11T20:23:18.678347+00:00,5f7360d3ef2f4fa5a5c552f766b7fb94
2014-08-16,14.24,,ft,Approved,,2025-03-11T20:23:18.678347+00:00,5f7360d3ef2f4fa5a5c552f766b7fb94
2014-08-17,14.21,,ft,Approved,,2025-03-11T20:23:18.678347+00:00,5f7360d3ef2f4fa5a5c552f766b7fb94
2014-08-18,14.19,,ft,Approved,,2025-03-11T20:23:18.678347+00:00,5f7360d3ef2f4fa5a5c552f766b7fb94
2014-08-19,14.22,,ft,Approved,,2025-03-11T20:23:18.678347+00:00,5f7360d3ef2f4fa5a5c552f766b7fb94
2014-08-20,14.82,,ft,Approved,,2025-03-11T20:23:18.678347+00:00,5f7360d3ef2f4fa5a5c552f766b7fb94
2014-08-21,14.77,,ft,Approved,,2025-03-11T20:23:18.678347+00:00,5f7360d3ef2f4fa5a5c552f766b7fb94
2014-08-22,15.03,,ft,Approved,,2025-03-11T20:23:18.678347+00:00,5f7360d3ef2f4fa5a5c552f766b7fb94
2014-08-23,14.63,,ft,Approved,,2025-03-11T20:23:18.678347+00:00,5f7360d3ef2f4fa5a5c552f766b7fb94
2014-08-24,14.86,,ft,Approved,,2025-03-11T20:23:18.678347+00:00,5f7360d3ef2f4fa5a5c552f766b7fb94
2014-08-25,14.83,,ft,Approved,,2025-03-11T20:23:18.678347+00:00,5f7360d3ef2f4fa5a5c552f766b7fb94
2014-08-26,14.87,,ft,Approved,,2025-03-11T20:23:18.678347+00:00,5f7360d3ef2f4fa5a5c552f766b7fb94
2014-08-27,14.9,,ft,Approved,,2025-03-11T20:23:18.678347+00:00,5f7360d3ef2f4fa5a5c552f766b7fb94
2014-08-28,14.71,,ft,Approved,,2025-03-11T20:23:18.678347+00:00,5f7360d3ef2f4fa5a5c552f766b7fb94
2014-08-29,14.4,,ft,Approved,,2025-03-11T20:23:18.678347+00:00,5f7360d3ef2f4fa5a5c552f766b7fb94
2014-08-30,14.47,,ft,Approved,,2025-03-11T20:23:18.678347+00:00,5f7360d3ef2f4fa5a5c552f766b7fb94
2014-08-31,14.45,,ft,Approved,,2025-03-11T20:23:18.678347+00:00,5f7360d3ef2f4fa5a5c552f766b7fb94
2014-09-01,14.52,,ft,Approved,,2025-03-11T20:23:18.678347+00:00,5f7360d3ef2f4fa5a5c552f766b7fb94
2014-09-02,14.69,,ft,Approved,,2025-03-11T20:23:18.678347+00:00,5f7360d3ef2f4fa5a5c552f766b7fb94
2014-09-03,14.65,,ft,Approved,,2025-03-11T20:23:18.678347+00:00,5f7360d3ef2f4fa5a5c552f766b7fb94
2014-09-04,14.55,,ft,Approved,,2025-03-11T20:23:18.678347+00:00,5f7360d3ef2f4fa5a5c552f766b7fb94
2014-09-05,14.54,,ft,Approved,,2025-03-11T20:23:18.678347+00:00,5f7360d3ef2f4fa5a5c552f766b7fb94
2014-09-06,14.6,,ft,Approved,,2025-03-11T20:23:18.678347+00:00,5f7360d3ef2f4fa5a5c552f766b7fb94
2014-09-07,15.26,,ft,Approved,,2025-03-11T20:23:18.678347+00:00,5f7360d3ef2f4fa5a5c552f766b7fb94
2014-09-08,14.79,,ft,Approved,,2025-03-11T20:23:18.678347+00:00,5f7360d3ef2f4fa5a5c552f766b7fb94
2014-09-09,14.35,,ft,Approved,,2025-03-11T20:23:18.678347+00:00,5f7360d3ef2f4fa5a5c552f766b7fb94
2014-09-10,14.23,,ft,Approved,,2025-03-11T20:23:18.678347+00:00,5f7360d3ef2f4fa5a5c552f766b7fb94
2014-09-11,14.23,,ft,Approved,,2025-03-11T20:23:18.678347+00:00,5f7360d3ef2f4fa5a5c552f766b7fb94
2014-09-12,14.5,,ft,Approved,,2025-03-11T20:23:18.678347+00:00,5f7360d3ef2f4fa5a5c552f766b7fb94
2014-09-13,14.74,,ft,Approved,,2025-03-11T20:23:18.678347+00:00,5f7360d3ef2f4fa5a5c552f766b7fb94
2014-09-14,14.01,,ft,Approved,,2025-03-11T20:23:18.678347+00:00,5f7360d3ef2f4fa5a5c552f766b7fb94
2014-09-15,13.99,,ft,Approved,,2025-03-11T20:23:18.678347+00:00,5f7360d3ef2f4fa5a5c552f766b7fb94
2014-09-16,14.05,,ft,Approved,,2025-03-11T20:23:18.678347+00:00,5f7360d3ef2f4fa5a5c552f766b7fb94
2014-09-17,14.13,,ft,Approved,,2025-03-11T20:23:18.678347+00:00,5f7360d3ef2f4fa5a5c552f766b7fb94
2014-09-18,18.41,,ft,Approved,,2025-03-11T20:23:18.678347+00:00,5f7360d3ef2f4fa5a5c552f766b7fb94
2014-09-19,15.38,,ft,Approved,,2025-03-11T20:23:18.678347+00:00,5f7360d3ef2f4fa5a5c552f766b7fb94
2014-09-20,13.34,,ft,Approved,,2025-03-11T20:23:18.678347+00:00,5f7360d3ef2f4fa5a5c552f766b7fb94
2014-09-21,13.12,,ft,Approved,,2025-03-11T20:23:18.678347+00:00,5f7360d3ef2f4fa5a5c552f766b7fb94
2014-09-22,12.82,,ft,Approved,,2025-03-11T20:23:18.678347+00:00,5f7360d3ef2f4fa5a5c552f766b7fb94
2014-09-23,12.65,,ft,Approved,,2025-03-11T20:23:18.678347+00:00,5f7360d3ef2f4fa5a5c552f766b7fb94
2014-09-24,12.35,,ft,Approved,,2025-03-11T20:23:18.678347+00:00,5f7360d3ef2f4fa5a5c552f766b7fb94
2014-09-25,12.23,,ft,Approved,,2025-03-11T20:23:18.678347+00:00,5f7360d3ef2f4fa5a5c552f766b7fb94
2014-09-26,12.16,,ft,Approved,,2025-03-11T20:23:18.678347+00:00,5f7360d3ef2f4fa5a5c552f766b7fb94
2014-09-27,12.07,,ft,Approved,,2025-03-11T20:23:18.678347+00:00,5f7360d3ef2f4fa5a5c552f766b7fb94
2014-09-28,12.13,,ft,Approved,,2025-03-11T20:23:18.678347+00:00,5f7360d3ef2f4fa5a5c552f766b7fb94
2014-09-29,12.17,,ft,Approved,,2025-03-11T20:23:18.678347+00:00,5f7360d3ef2f4fa5a5c552f766b7fb94
2014-09-30,12.15,,ft,Approved,,2025-03-11T20:23:18.678347+00:00,5f7360d3ef2f4fa5a5c552f766b7fb94
2014-10-01,12.23,,ft,Approved,,2025-03-11T20:23:18.678347+00:00,5f7360d3ef2f4fa5a5c552f766b7fb94
2014-10-02,12.3,,ft,Approved,,2025-03-11T20:23:18.678347+00:00,5f7360d3ef2f4fa5a5c552f766b7fb94
2014-10-03,12.38,,ft,Approved,,2025-03-11T20:23:18.678347+00:00,5f7360d3ef2f4fa5a5c552f766b7fb94
2014-10-04,12.4,,ft,Approved,,2025-03-11T20:23:18.678347+00:00,5f7360d3ef2f4fa5a5c552f766b7fb94
2014-10-05,12.42,,ft,Approved,,2025-03-11T20:23:18.678347+00:00,5f7360d3ef2f4fa5a5c552f766b7fb94
2014-10-06,12.45,,ft,Approved,,2025-03-11T20:23:18.678347+00:00,5f7360d3ef2f4fa5a5c552f766b7fb94
2014-10-07,12.49,,ft,Approved,,2025-03-11T20:23:18.678347+00:00,5f7360d3ef2f4fa5a5c552f766b7fb94
2014-10-08,12.52,,ft,Approved,,2025-03-11T20:23:18.678347+00:00,5f7360d3ef2f4fa5a5c552f766b7fb94
2014-10-09,12.54,,ft,Approved,,2025-03-11T20:23:18.678347+00:00,5f7360d3ef2f4fa5a5c552f766b7fb94
2014-10-10,12.6,,ft,Approved,,2025-03-11T20:23:18.678347+00:00,5f7360d3ef2f4fa5a5c552f766b7fb94
2014-10-11,13.17,,ft,Approved,,2025-03-11T20:23:18.678347+00:00,5f7360d3ef2f4fa5a5c552f766b7fb94
2014-10-12,13.29,,ft,Approved,,2025-03-11T20:23:18.678347+00:00,5f7360d3ef2f4fa5a5c552f766b7fb94
2014-10-13,13.08,,ft,Approved,,2025-03-11T20:23:18.678347+00:00,5f7360d3ef2f4fa5a5c552f766b7fb94
2014-10-14,12.97,,ft,Approved,,2025-03-11T20:23:18.678347+00:00,5f7360d3ef2f4fa5a5c552f766b7fb94
2014-10-15,12.88,,ft,Approved,,2025-03-11T20:23:18.678347+00:00,5f7360d3ef2f4fa5a5c552f766b7fb94
2014-10-16,12.83,,ft,Approved,,2025-03-11T20:23:18.678347+00:00,5f7360d3ef2f4fa5a5c552f766b7fb94
2014-10-17,12.76,,ft,Approved,,2025-03-11T20:23:18.678347+00:00,5f7360d3ef2f4fa5a5c552f766b7fb94
2014-10-18,12.78,,ft,Approved,,2025-03-11T20:23:18.678347+00:00,5f7360d3ef2f4fa5a5c552f766b7fb94
2014-10-19,12.79,,ft,Approved,,2025-03-11T20:23:18.678347+00:00,5f7360d3ef2f4fa5a5c552f766b7fb94
2014-10-20,12.78,,ft,Approved,,2025-03-11T20:23:18.678347+00:00,5f7360d3ef2f4fa5a5c552f766b7fb94
2014-10-21,12.82,,ft,Approved,,2025-03-11T20:23:18.678347+00:00,5f7360d3ef2f4fa5a5c552f766b7fb94
2014-10-22,12.82,,ft,Approved,,2025-03-11T20:23:18.678347+00:00,5f7360d3ef2f4fa5a5c552f766b7fb94
2014-10-23,12.81,,ft,Approved,,2025-03-11T20:23:18.678347+00:00,5f7360d3ef2f4fa5a5c552f766b7fb94
2014-10-24,12.75,,ft,Approved,,2025-03-11T20:23:18.678347+00:00,5f7360d3ef2f4fa5a5c552f766b7fb94
2014-10-25,12.61,,ft,Approved,,2025-03-11T20:23:18.678347+00:00,5f7360d3ef2f4fa5a5c552f766b7fb94
2014-10-26,12.93,,ft,Approved,,2025-03-11T20:23:18.678347+00:00,5f7360d3ef2f4fa5a5c552f766b7fb94
2014-10-27,13.56,,ft,Approved,,2025-03-11T20:23:18.678347+00:00,5f7360d3ef2f4fa5a5c552f766b7fb94
2014-10-28,13.58,,ft,Approved,,2025-03-11T20:23:18.678347+00:00,5f7360d3ef2f4fa5a5c552f766b7fb94
2014-10-29,12.59,,ft,Approved,,2025-03-11T20:23:18.678347+00:00,5f7360d3ef2f4fa5a5c552f766b7fb94
2014-10-30,12.89,,ft,Approved,,2025-03-11T20:23:18.678347+00:00,5f7360d3ef2f4fa5a5c552f766b7fb94
2014-10-31,13.08,,ft,Approved,,2025-03-11T20:23:18.678347+00:00,5f7360d3ef2f4fa5a5c552f766b7fb94
2014-11-01,13.06,,ft,Approved,,2025-03-11T20:23:18.678347+00:00,5f7360d3ef2f4fa5a5c552f766b7fb94
2014-11-02,13.04,,ft,Approved,,2025-03-11T20:23:18.678347+00:00,5f7360d3ef2f4fa5a5c552f766b7fb94
2014-11-03,13.04,,ft,Approved,,2025-03-11T20:23:18.678347+00:00,5f7360d3ef2f4fa5a5c552f766b7fb94
2014-11-04,13.05,,ft,Approved,,2025-03-11T20:23:18.678347+00:00,5f7360d3ef2f4fa5a5c552f766b7fb94
2014-11-05,14.31,,ft,Approved,,2025-03-11T20:23:18.678347+00:00,5f7360d3ef2f4fa5a5c552f766b7fb94
2014-11-06,13.75,,ft,Approved,,2025-03-11T20:23:18.678347+00:00,5f7360d3ef2f4fa5a5c552f766b7fb94
2014-11-07,13.26,,ft,Approved,,2025-03-11T20:23:18.678347+00:00,5f7360d3ef2f4fa5a5c552f766b7fb94
2014-11-08,13.03,,ft,Approved,,2025-03-11T20:23:18.678347+00:00,5f7360d3ef2f4fa5a5c552f766b7fb94
2014-11-09,12.92,,ft,Approved,,2025-03-11T20:23:18.678347+00:00,5f7360d3ef2f4fa5a5c552f766b7fb94
2014-11-10,12.86,,ft,Approved,,2025-03-11T20:23:18.678347+00:00,5f7360d3ef2f4fa5a5c552f766b7fb94
2014-11-11,12.81,,ft,Approved,,2025-03-11T20:23:18.678347+00:00,5f7360d3ef2f4fa5a5c552f766b7fb94
2014-11-12,12.78,,ft,Approved,,2025-03-11T20:23:18.678347+00:00,5f7360d3ef2f4fa5a5c552f766b7fb94
2014-11-13,12.76,,ft,Approved,,2025-03-11T20:23:18.678347+00:00,5f7360d3ef2f4fa5a5c552f766b7fb94
2014-11-14,12.71,,ft,Approved,,2025-03-11T20:23:18.678347+00:00,5f7360d3ef2f4fa5a5c552f766b7fb94
2014-11-15,12.71,,ft,Approved,,2025-03-11T20:23:18.678347+00:00,5f7360d3ef2f4fa5a5c552f766b7fb94
2014-11-16,12.7,,ft,Approved,,2025-03-11T20:23:18.678347+00:00,5f7360d3ef2f4fa5a5c552f766b7fb94
2014-11-17,12.72,,ft,Approved,,2025-03-11T20:23:18.678347+00:00,5f7360d3ef2f4fa5a5c552f766b7fb94
2014-11-18,12.68,,ft,Approved,,2025-03-11T20:23:18.678347+00:00,5f7360d3ef2f4fa5a5c552f766b7fb94
2014-11-19,12.72,,ft,Approved,,2025-03-11T20:23:18.678347+00:00,5f7360d3ef2f4fa5a5c552f766b7fb94
2014-11-20,12.55,,ft,Approved,,2025-03-11T20:23:18.678347+00:00,5f7360d3ef2f4fa5a5c552f766b7fb94
2014-11-21,12.58,,ft,Approved,,2025-03-11T20:23:18.678347+00:00,5f7360d3ef2f4fa5a5c552f766b7fb94
2014-11-22,15.15,,ft,Approved,,2025-03-11T20:23:18.678347+00:00,5f7360d3ef2f4fa5a5c552f766b7fb94
2014-11-23,15.7,,ft,Approved,,2025-03-11T20:23:18.678347+00:00,5f7360d3ef2f4fa5a5c552f766b7fb94
2014-11-24,13.37,,ft,Approved,,2025-03-11T20:23:18.678347+00:00,5f7360d3ef2f4fa5a5c552f766b7fb94
2014-11-25,13.06,,ft,Approved,,2025-03-11T20:23:18.678347+00:00,5f7360d3ef2f4fa5a5c552f766b7fb94
2014-11-26,12.72,,ft,Approved,,2025-03-11T20:23:18.678347+00:00,5f7360d3ef2f4fa5a5c552f766b7fb94
2014-11-27,12.58,,ft,Approved,,2025-03-11T20:23:18.678347+00:00,5f7360d3ef2f4fa5a5c552f766b7fb94
2014-11-28,12.5,,ft,Approved,,2025-03-11T20:23:18.678347+00:00,5f7360d3ef2f4fa5a5c552f766b7fb94
2014-11-29,12.45,,ft,Approved,,2025-03-11T20:23:18.678347+00:00,5f7360d3ef2f4fa5a5c552f766b7fb94
2014-11-30,12.41,,ft,Approved,,2025-03-11T20:23:18.678347+00:00,5f7360d3ef2f4fa5a5c552f766b7fb94
2014-12-01,12.34,,ft,Approved,,2025-03-11T20:23:18.678347+00:00,5f7360d3ef2f4fa5a5c552f766b7fb94
2014-12-02,12.32,,ft,Approved,,2025-03-11T20:23:18.678347+00:00,5f7360d3ef2f4fa5a5c552f766b7fb94
2014-12-03,12.33,,ft,Approved,,2025-03-11T20:23:18.678347+00:00,5f7360d3ef2f4fa5a5c552f766b7fb94
2014-12-04,12.2,,ft,Approved,,2025-03-11T20:23:18.678347+00:00,5f7360d3ef2f4fa5a5c552f766b7fb94
2014-12-05,11.8,,ft,Approved,,2025-03-11T20:23:18.678347+00:00,5f7360d3ef2f4fa5a5c552f766b7fb94
2014-12-06,11.93,,ft,Approved,,2025-03-11T20:23:18.678347+00:00,5f7360d3ef2f4fa5a5c552f766b7fb94
2014-12-07,11.99,,ft,Approved,,2025-03-11T20:23:18.678347+00:00,5f7360d3ef2f4fa5a5c552f766b7fb94
2014-12-08,12.12,,ft,Approved,,2025-03-11T20:23:18.678347+00:00,5f7360d3ef2f4fa5a5c552f766b7fb94
2014-12-09,12.02,,ft,Approved,,2025-03-11T20:23:18.678347+00:00,5f7360d3ef2f4fa5a5c552f766b7fb94
2014-12-10,11.9,,ft,Approved,,2025-03-11T20:23:18.678347+00:00,5f7360d3ef2f4fa5a5c552f766b7fb94
2014-12-11,11.96,,ft,Approved,,2025-03-11T20:23:18.678347+00:00,5f7360d3ef2f4fa5a5c552f766b7fb94
2014-12-12,11.98,,ft,Approved,,2025-03-11T20:23:18.678347+00:00,5f7360d3ef2f4fa5a5c552f766b7fb94
2014-12-13,11.97,,ft,Approved,,2025-03-11T20:23:18.678347+00:00,5f7360d3ef2f4fa5a5c552f766b7fb94
2014-12-14,11.95,,ft,Approved,,2025-03-11T20:23:18.678347+00:00,5f7360d3ef2f4fa5a5c552f766b7fb94
2014-12-15,11.97,,ft,Approved,,2025-03-11T20:23:18.678347+00:00,5f7360d3ef2f4fa5a5c552f766b7fb94
2014-12-16,11.93,,ft,Approved,,2025-03-11T20:23:18.678347+00:00,5f7360d3ef2f4fa5a5c552f766b7fb94
2014-12-17,11.94,,ft,Approved,,2025-03-11T20:23:18.678347+00:00,5f7360d3ef2f4fa5a5c552f766b7fb94
2014-12-18,12.02,,ft,Approved,,2025-03-11T20:23:18.678347+00:00,5f7360d3ef2f4fa5a5c552f766b7fb94
2014-12-19,12.58,,ft,Approved,,2025-03-11T20:23:18.678347+00:00,5f7360d3ef2f4fa5a5c552f766b7fb94
2014-12-20,12.35,,ft,Approved,,2025-03-11T20:23:18.678347+00:00,5f7360d3ef2f4fa5a5c552f766b7fb94
2014-12-21,12.15,,ft,Approved,,2025-03-11T20:23:18.678347+00:00,5f7360d3ef2f4fa5a5c552f766b7fb94
2014-12-22,12.08,,ft,Approved,,2025-03-11T20:23:18.678347+00:00,5f7360d3ef2f4fa5a5c552f766b7fb94
2014-12-23,12.06,,ft,Approved,,2025-03-11T20:23:18.678347+00:00,5f7360d3ef2f4fa5a5c552f766b7fb94
2014-12-24,11.99,,ft,Approved,,2025-03-11T20:23:18.678347+00:00,5f7360d3ef2f4fa5a5c552f766b7fb94
2014-12-25,11.92,,ft,Approved,,2025-03-11T20:23:18.678347+00:00,5f7360d3ef2f4fa5a5c552f766b7fb94
2014-12-26,11.9,,ft,Approved,,2025-03-11T20:23:18.678347+00:00,5f7360d3ef2f4fa5a5c552f766b7fb94
2014-12-27,11.92,,ft,Approved,,2025-03-11T20:23:18.678347+00:00,5f7360d3ef2f4fa5a5c552f766b7fb94
2014-12-28,11.93,,ft,Approved,,2025-03-11T20:23:18.678347+00:00,5f7360d3ef2f4fa5a5c552f766b7fb94
2014-12-29,11.93,,ft,Approved,,2025-03-11T20:23:18.678347+00:00,5f7360d3ef2f4fa5a5c552f766b7fb94
2014-12-30,11.9,,ft,Approved,,2025-03-11T20:23:18.678347+00:00,5f7360d3ef2f4fa5a5c552f766b7fb94
2014-12-31,11.88,,ft,Approved,,2025-03-11T20:23:18.678347+00:00,5f7360d3ef2f4fa5a5c552f766b7fb94
2015-01-01,12.13,,ft,Approved,,2025-03-11T20:23:18.678347+00:00,5f7360d3ef2f4fa5a5c552f766b7fb94
2015-01-02,12.16,,ft,Approved,,2025-03-11T20:23:18.678347+00:00,5f7360d3ef2f4fa5a5c552f766b7fb94
2015-01-03,13.12,,ft,Approved,,2025-03-11T20:23:18.678347+00:00,5f7360d3ef2f4fa5a5c552f766b7fb94
2015-01-04,12.47,,ft,Approved,,2025-03-11T20:23:18.678347+00:00,5f7360d3ef2f4fa5a5c552f766b7fb94
2015-01-05,12.27,,ft,Approved,,2025-03-11T20:23:18.678347+00:00,5f7360d3ef2f4fa5a5c552f766b7fb94
2015-01-06,12.07,,ft,Approved,,2025-03-11T20:23:18.678347+00:00,5f7360d3ef2f4fa5a5c552f766b7fb94
2015-01-07,11.98,,ft,Approved,,2025-03-11T20:23:18.678347+00:00,5f7360d3ef2f4fa5a5c552f766b7fb94
2015-01-08,11.95,,ft,Approved,,2025-03-11T20:23:18.678347+00:00,5f7360d3ef2f4fa5a5c552f766b7fb94
2015-01-09,12.11,,ft,Approved,,2025-03-11T20:23:18.678347+00:00,5f7360d3ef2f4fa5a5c552f766b7fb94
2015-01-10,11.81,,ft,Approved,,2025-03-11T20:23:18.678347+00:00,5f7360d3ef2f4fa5a5c552f766b7fb94
2015-01-11,12.34,,ft,Approved,,2025-03-11T20:23:18.678347+00:00,5f7360d3ef2f4fa5a5c552f766b7fb94
2015-01-12,12.09,,ft,Approved,,2025-03-11T20:23:18.678347+00:00,5f7360d3ef2f4fa5a5c552f766b7fb94
2015-01-13,12.01,,ft,Approved,,2025-03-11T20:23:18.678347+00:00,5f7360d3ef2f4fa5a5c552f766b7fb94
2015-01-14,11.97,,ft,Approved,,2025-03-11T20:23:18.678347+00:00,5f7360d3ef2f4fa5a5c552f766b7fb94
2015-01-15,11.96,,ft,Approved,,2025-03-11T20:23:18.678347+00:00,5f7360d3ef2f4fa5a5c552f766b7fb94
2015-01-16,11.94,,ft,Approved,,2025-03-11T20:23:18.678347+00:00,5f7360d3ef2f4fa5a5c552f766b7fb94
2015-01-17,11.92,,ft,Approved,,2025-03-11T20:23:18.678347+00:00,5f7360d3ef2f4fa5a5c552f766b7fb94
2015-01-18,11.87,,ft,Approved,,2025-03-11T20:23:18.678347+00:00,5f7360d3ef2f4fa5a5c552f766b7fb94
2015-01-19,11.84,,ft,Approved,,2025-03-11T20:23:18.678347+00:00,5f7360d3ef2f4fa5a5c552f766b7fb94
2015-01-20,11.83,,ft,Approved,,2025-03-11T20:23:18.678347+00:00,5f7360d3ef2f4fa5a5c552f766b7fb94
2015-01-21,11.83,,ft,Approved,,2025-03-11T20:23:18.678347+00:00,5f7360d3ef2f4fa5a5c552f766b7fb94
2015-01-22,14.52,,ft,Approved,,2025-03-11T20:23:18.678347+00:00,5f7360d3ef2f4fa5a5c552f766b7fb94
2015-01-23,14.27,,ft,Approved,,2025-03-11T20:23:18.678347+00:00,5f7360d3ef2f4fa5a5c552f766b7fb94
2015-01-24,13.66,,ft,Approved,,2025-03-11T20:23:18.678347+00:00,5f7360d3ef2f4fa5a5c552f766b7fb94
2015-01-25,13.17,,ft,Approved,,2025-03-11T20:23:18.678347+00:00,5f7360d3ef2f4fa5a5c552f766b7fb94
2015-01-26,12.97,,ft,Approved,,2025-03-11T20:23:18.678347+00:00,5f7360d3ef2f4fa5a5c552f766b7fb94
2015-01-27,12.71,,ft,Approved,,2025-03-11T20:23:18.678347+00:00,5f7360d3ef2f4fa5a5c552f766b7fb94
2015-01-28,12.66,,ft,Approved,,2025-03-11T20:23:18.678347+00:00,5f7360d3ef2f4fa5a5c552f766b7fb94
2015-01-29,12.45,,ft,Approved,,2025-03-11T20:23:18.678347+00:00,5f7360d3ef2f4fa5a5c552f766b7fb94
2015-01-30,12.48,,ft,Approved,,2025-03-11T20:23:18.678347+00:00,5f7360d3ef2f4fa5a5c552f766b7fb94
2015-01-31,12.47,,ft,Approved,,2025-03-11T20:23:18.678347+00:00,5f7360d3ef2f4fa5a5c552f766b7fb94
2015-02-01,12.54,,ft,Approved,,2025-03-11T20:23:18.678347+00:00,5f7360d3ef2f4fa5a5c552f766b7fb94
2015-02-02,12.22,,ft,Approved,,2025-03-11T20:23:18.678347+00:00,5f7360d3ef2f4fa5a5c552f766b7fb94
2015-02-03,12.3,,ft,Approved,,2025-03-11T20:23:18.678347+00:00,5f7360d3ef2f4fa5a5c552f766b7fb94
2015-02-04,12.44,,ft,Approved,,2025-03-11T20:23:18.678347+00:00,5f7360d3ef2f4fa5a5c552f766b7fb94
2015-02-05,12.1,,ft,Approved,,2025-03-11T20:23:18.678347+00:00,5f7360d3ef2f4fa5a5c552f766b7fb94
2015-02-06,12.22,,ft,Approved,,2025-03-11T20:23:18.678347+00:00,5f7360d3ef2f4fa5a5c552f766b7fb94
2015-02-07,12.23,,ft,Approved,,2025-03-11T20:23:18.678347+00:00,5f7360d3ef2f4fa5a5c552f766b7fb94
2015-02-08,12.02,,ft,Approved,,2025-03-11T20:23:18.678347+00:00,5f7360d3ef2f4fa5a5c552f766b7fb94
2015-02-09,12.14,,ft,Approved,,2025-03-11T20:23:18.678347+00:00,5f7360d3ef2f4fa5a5c552f766b7fb94
2015-02-10,12.15,,ft,Approved,,2025-03-11T20:23:18.678347+00:00,5f7360d3ef2f4fa5a5c552f766b7fb94
2015-02-11,11.87,,ft,Approved,,2025-03-11T20:23:18.678347+00:00,5f7360d3ef2f4fa5a5c552f766b7fb94
2015-02-12,12.06,,ft,Approved,,2025-03-11T20:23:18.678347+00:00,5f7360d3ef2f4fa5a5c552f766b7fb94
2015-02-13,11.94,,ft,Approved,,2025-03-11T20:23:18.678347+00:00,5f7360d3ef2f4fa5a5c552f766b7fb94
2015-02-14,11.93,,ft,Approved,,2025-03-11T20:23:18.678347+00:00,5f7360d3ef2f4fa5a5c552f766b7fb94
2015-02-15,11.92,,ft,Approved,,2025-03-11T20:23:18.678347+00:00,5f7360d3ef2f4fa5a5c552f766b7fb94
2015-02-16,11.86,,ft,Approved,,2025-03-11T20:23:18.678347+00:00,5f7360d3ef2f4fa5a5c552f766b7fb94
2015-02-17,11.85,,ft,Approved,,2025-03-11T20:23:18.678347+00:00,5f7360d3ef2f4fa5a5c552f766b7fb94
2015-02-18,11.86,,ft,Approved,,2025-03-11T20:23:18.678347+00:00,5f7360d3ef2f4fa5a5c552f766b7fb94
2015-02-19,11.78,,ft,Approved,,2025-03-11T20:23:18.678347+00:00,5f7360d3ef2f4fa5a5c552f766b7fb94
2015-02-20,11.7,,ft,Approved,,2025-03-11T20:23:18.678347+00:00,5f7360d3ef2f4fa5a5c552f766b7fb94
2015-02-21,11.89,,ft,Approved,,2025-03-11T20:23:18.678347+00:00,5f7360d3ef2f4fa5a5c552f766b7fb94
2015-02-22,11.66,,ft,Approved,,2025-03-11T20:23:18.678347+00:00,5f7360d3ef2f4fa5a5c552f766b7fb94
2015-02-23,11.79,,ft,Approved,,2025-03-11T20:23:18.678347+00:00,5f7360d3ef2f4fa5a5c552f766b7fb94
2015-02-24,11.63,,ft,Approved,,2025-03-11T20:23:18.678347+00:00,5f7360d3ef2f4fa5a5c552f766b7fb94
2015-02-25,11.7,,ft,Approved,,2025-03-11T20:23:18.678347+00:00,5f7360d3ef2f4fa5a5c552f766b7fb94
2015-02-26,11.72,,ft,Approved,,2025-03-11T20:23:18.678347+00:00,5f7360d3ef2f4fa5a5c552f766b7fb94
2015-02-27,11.56,,ft,Approved,,2025-03-11T20:23:18.678347+00:00,5f7360d3ef2f4fa5a5c552f766b7fb94
2015-02-28,11.71,,ft,Approved,,2025-03-11T20:23:18.678347+00:00,5f7360d3ef2f4fa5a5c552f766b7fb94
2015-03-01,11.67,,ft,Approved,,2025-03-11T20:23:18.678347+00:00,5f7360d3ef2f4fa5a5c552f766b7fb94
2015-03-02,11.61,,ft,Approved,,2025-03-11T20:23:18.678347+00:00,5f7360d3ef2f4fa5a5c552f766b7fb94
2015-03-03,11.72,,ft,Approved,,2025-03-11T20:23:18.678347+00:00,5f7360d3ef2f4fa5a5c552f766b7fb94
2015-03-04,11.86,,ft,Approved,,2025-03-11T20:23:18.678347+00:00,5f7360d3ef2f4fa5a5c552f766b7fb94
2015-03-05,11.78,,ft,Approved,,2025-03-11T20:23:18.678347+00:00,5f7360d3ef2f4fa5a5c552f766b7fb94
2015-03-06,11.97,,ft,Approved,,2025-03-11T20:23:18.678347+00:00,5f7360d3ef2f4fa5a5c552f766b7fb94
2015-03-07,11.75,,ft,Approved,,2025-03-11T20:23:18.678347+00:00,5f7360d3ef2f4fa5a5c552f766b7fb94
2015-03-08,11.59,,ft,Approved,,2025-03-11T20:23:18.678347+00:00,5f7360d3ef2f4fa5a5c552f766b7fb94
2015-03-09,14.41,,ft,Approved,,2025-03-11T20:23:18.678347+00:00,5f7360d3ef2f4fa5a5c552f766b7fb94
2015-03-10,13.49,,ft,Approved,,2025-03-11T20:23:18.678347+00:00,5f7360d3ef2f4fa5a5c552f766b7fb94
2015-03-11,12.62,,ft,Approved,,2025-03-11T20:23:18.678347+00:00,5f7360d3ef2f4fa5a5c552f766b7fb94
2015-03-12,12.24,,ft,Approved,,2025-03-11T20:23:18.678347+00:00,5f7360d3ef2f4fa5a5c552f766b7fb94
2015-03-13,12.87,,ft,Approved,,2025-03-11T20:23:18.678347+00:00,5f7360d3ef2f4fa5a5c552f766b7fb94
2015-03-14,11.98,,ft,Approved,,2025-03-11T20:23:18.678347+00:00,5f7360d3ef2f4fa5a5c552f766b7fb94
2015-03-15,12.2,,ft,Approved,,2025-03-11T20:23:18.678347+00:00,5f7360d3ef2f4fa5a5c552f766b7fb94
2015-03-16,12.09,,ft,Approved,,2025-03-11T20:23:18.678347+00:00,5f7360d3ef2f4fa5a5c552f766b7fb94
2015-03-17,12.09,,ft,Approved,,2025-03-11T20:23:18.678347+00:00,5f7360d3ef2f4fa5a5c552f766b7fb94
2015-03-18,12.22,,ft,Approved,,2025-03-11T20:23:18.678347+00:00,5f7360d3ef2f4fa5a5c552f766b7fb94
2015-03-19,11.87,,ft,Approved,,2025-03-11T20:23:18.678347+00:00,5f7360d3ef2f4fa5a5c552f766b7fb94
2015-03-20,12.4,,ft,Approved,,2025-03-11T20:23:18.678347+00:00,5f7360d3ef2f4fa5a5c552f766b7fb94
2015-03-21,13.11,,ft,Approved,,2025-03-11T20:23:18.678347+00:00,5f7360d3ef2f4fa5a5c552f766b7fb94
2015-03-22,12.49,,ft,Approved,,2025-03-11T20:23:18.678347+00:00,5f7360d3ef2f4fa5a5c552f766b7fb94
2015-03-23,12.32,,ft,Approved,,2025-03-11T20:23:18.678347+00:00,5f7360d3ef2f4fa5a5c552f766b7fb94
2015-03-24,12.22,,ft,Approved,,2025-03-11T20:23:18.678347+00:00,5f7360d3ef2f4fa5a5c552f766b7fb94
2015-03-25,12.37,,ft,Approved,,2025-03-11T20:23:18.678347+00:00,5f7360d3ef2f4fa5a5c552f766b7fb94
2015-03-26,12.2,,ft,Approved,,2025-03-11T20:23:18.678347+00:00,5f7360d3ef2f4fa5a5c552f766b7fb94
2015-03-27,12.13,,ft,Approved,,2025-03-11T20:23:18.678347+00:00,5f7360d3ef2f4fa5a5c552f766b7fb94
2015-03-28,12.17,,ft,Approved,,2025-03-11T20:23:18.678347+00:00,5f7360d3ef2f4fa5a5c552f766b7fb94
2015-03-29,12.12,,ft,Approved,,2025-03-11T20:23:18.678347+00:00,5f7360d3ef2f4fa5a5c552f766b7fb94
2015-03-30,12.22,,ft,Approved,,2025-03-11T20:23:18.678347+00:00,5f7360d3ef2f4fa5a5c552f766b7fb94
2015-03-31,12.06,,ft,Approved,,2025-03-11T20:23:18.678347+00:00,5f7360d3ef2f4fa5a5c552f766b7fb94
2015-04-01,12.22,,ft,Approved,,2025-03-11T20:23:18.678347+00:00,5f7360d3ef2f4fa5a5c552f766b7fb94
2015-04-02,12.16,,ft,Approved,,2025-03-11T20:23:18.678347+00:00,5f7360d3ef2f4fa5a5c552f766b7fb94
2015-04-03,12.06,,ft,Approved,,2025-03-11T20:23:18.678347+00:00,5f7360d3ef2f4fa5a5c552f766b7fb94
2015-04-04,12.11,,ft,Approved,,2025-03-11T20:23:18.678347+00:00,5f7360d3ef2f4fa5a5c552f766b7fb94
2015-04-05,11.99,,ft,Approved,,2025-03-11T20:23:18.678347+00:00,5f7360d3ef2f4fa5a5c552f766b7fb94
2015-04-06,12.09,,ft,Approved,,2025-03-11T20:23:18.678347+00:00,5f7360d3ef2f4fa5a5c552f766b7fb94
2015-04-07,12.09,,ft,Approved,,2025-03-11T20:23:18.678347+00:00,5f7360d3ef2f4fa5a5c552f766b7fb94
2015-04-08,12.07,,ft,Approved,,2025-03-11T20:23:18.678347+00:00,5f7360d3ef2f4fa5a5c552f766b7fb94
2015-04-09,12.14,,ft,Approved,,2025-03-11T20:23:18.678347+00:00,5f7360d3ef2f4fa5a5c552f766b7fb94
2015-04-10,12.12,,ft,Approved,,2025-03-11T20:23:18.678347+00:00,5f7360d3ef2f4fa5a5c552f766b7fb94
2015-04-11,12.13,,ft,Approved,,2025-03-11T20:23:18.678347+00:00,5f7360d3ef2f4fa5a5c552f766b7fb94
2015-04-12,12.21,,ft,Approved,,2025-03-11T20:23:18.678347+00:00,5f7360d3ef2f4fa5a5c552f766b7fb94
2015-04-13,12.14,,ft,Approved,,2025-03-11T20:23:18.678347+00:00,5f7360d3ef2f4fa5a5c552f766b7fb94
2015-04-14,12.17,,ft,Approved,,2025-03-11T20:23:18.678347+00:00,5f7360d3ef2f4fa5a5c552f766b7fb94
2015-04-15,12.21,,ft,Approved,,2025-03-11T20:23:18.678347+00:00,5f7360d3ef2f4fa5a5c552f766b7fb94
2015-04-16,12.19,,ft,Approved,,2025-03-11T20:23:18.678347+00:00,5f7360d3ef2f4fa5a5c552f766b7fb94
2015-04-17,12.35,,ft,Approved,,2025-03-11T20:23:18.678347+00:00,5f7360d3ef2f4fa5a5c552f766b7fb94
2015-04-18,12.61,,ft,Approved,,2025-03-11T20:23:18.678347+00:00,5f7360d3ef2f4fa5a5c552f766b7fb94
2015-04-19,13.12,,ft,Approved,,2025-03-11T20:23:18.678347+00:00,5f7360d3ef2f4fa5a5c552f766b7fb94
2015-04-20,12.48,,ft,Approved,,2025-03-11T20:23:18.678347+00:00,5f7360d3ef2f4fa5a5c552f766b7fb94
2015-04-21,12.32,,ft,Approved,,2025-03-11T20:23:18.678347+00:00,5f7360d3ef2f4fa5a5c552f766b7fb94
2015-04-22,12.34,,ft,Approved,,2025-03-11T20:23:18.678347+00:00,5f7360d3ef2f4fa5a5c552f766b7fb94
2015-04-23,12.42,,ft,Approved,,2025-03-11T20:23:18.678347+00:00,5f7360d3ef2f4fa5a5c552f766b7fb94
2015-04-24,12.76,,ft,Approved,,2025-03-11T20:23:18.678347+00:00,5f7360d3ef2f4fa5a5c552f766b7fb94
2015-04-25,12.49,,ft,Approved,,2025-03-11T20:23:18.678347+00:00,5f7360d3ef2f4fa5a5c552f766b7fb94
2015-04-26,12.46,,ft,Approved,,2025-03-11T20:23:18.678347+00:00,5f7360d3ef2f4fa5a5c552f766b7fb94
2015-04-27,13.0,,ft,Approved,,2025-03-11T20:23:18.678347+00:00,5f7360d3ef2f4fa5a5c552f766b7fb94
2015-04-28,12.61,,ft,Approved,,2025-03-11T20:23:18.678347+00:00,5f7360d3ef2f4fa5a5c552f766b7fb94
2015-04-29,12.5,,ft,Approved,,2025-03-11T20:23:18.678347+00:00,5f7360d3ef2f4fa5a5c552f766b7fb94
2015-04-30,12.59,,ft,Approved,,2025-03-11T20:23:18.678347+00:00,5f7360d3ef2f4fa5a5c552f766b7fb94
2015-05-01,12.5,,ft,Approved,,2025-03-11T20:23:18.678347+00:00,5f7360d3ef2f4fa5a5c552f766b7fb94
2015-05-02,12.63,,ft,Approved,,2025-03-11T20:23:18.678347+00:00,5f7360d3ef2f4fa5a5c552f766b7fb94
2015-05-03,12.54,,ft,Approved,,2025-03-11T20:23:18.678347+00:00,5f7360d3ef2f4fa5a5c552f766b7fb94
2015-05-04,12.64,,ft,Approved,,2025-03-11T20:23:18.678347+00:00,5f7360d3ef2f4fa5a5c552f766b7fb94
2015-05-05,12.85,,ft,Approved,,2025-03-11T20:23:18.678347+00:00,5f7360d3ef2f4fa5a5c552f766b7fb94
2015-05-06,17.0,,ft,Approved,,2025-03-11T20:23:18.678347+00:00,5f7360d3ef2f4fa5a5c552f766b7fb94
2015-05-07,13.5,,ft,Approved,,2025-03-11T20:23:18.678347+00:00,5f7360d3ef2f4fa5a5c552f766b7fb94
2015-05-08,14.1,,ft,Approved,,2025-03-11T20:23:18.678347+00:00,5f7360d3ef2f4fa5a5c552f766b7fb94
2015-05-09,13.0,,ft,Approved,,2025-03-11T20:23:18.678347+00:00,5f7360d3ef2f4fa5a5c552f766b7fb94
2015-05-10,12.84,,ft,Approved,,2025-03-11T20:23:18.678347+00:00,5f7360d3ef2f4fa5a5c552f766b7fb94
2015-05-11,14.05,,ft,Approved,,2025-03-11T20:23:18.678347+00:00,5f7360d3ef2f4fa5a5c552f766b7fb94
2015-05-12,13.69,,ft,Approved,,2025-03-11T20:23:18.678347+00:00,5f7360d3ef2f4fa5a5c552f766b7fb94
2015-05-13,14.7,,ft,Approved,,2025-03-11T20:23:18.678347+00:00,5f7360d3ef2f4fa5a5c552f766b7fb94
2015-05-14,14.34,,ft,Approved,,2025-03-11T20:23:18.678347+00:00,5f7360d3ef2f4fa5a5c552f766b7fb94
2015-05-15,13.96,,ft,Approved,,2025-03-11T20:23:18.678347+00:00,5f7360d3ef2f4fa5a5c552f766b7fb94
2015-05-16,13.7,,ft,Approved,,2025-03-11T20:23:18.678347+00:00,5f7360d3ef2f4fa5a5c552f766b7fb94
2015-05-17,16.41,,ft,Approved,,2025-03-11T20:23:18.678347+00:00,5f7360d3ef2f4fa5a5c552f766b7fb94
2015-05-18,15.3,,ft,Approved,,2025-03-11T20:23:18.678347+00:00,5f7360d3ef2f4fa5a5c552f766b7fb94
2015-05-19,13.98,,ft,Approved,,2025-03-11T20:23:18.678347+00:00,5f7360d3ef2f4fa5a5c552f766b7fb94
2015-05-20,14.07,,ft,Approved,,2025-03-11T20:23:18.678347+00:00,5f7360d3ef2f4fa5a5c552f766b7fb94
2015-05-21,13.77,,ft,Approved,,2025-03-11T20:23:18.678347+00:00,5f7360d3ef2f4fa5a5c552f766b7fb94
2015-05-22,13.67,,ft,Approved,,2025-03-11T20:23:18.678347+00:00,5f7360d3ef2f4fa5a5c552f766b7fb94
2015-05-23,14.43,,ft,Approved,,2025-03-11T20:23:18.678347+00:00,5f7360d3ef2f4fa5a5c552f766b7fb94
2015-05-24,19.35,,ft,Approved,,2025-03-11T20:23:18.678347+00:00,5f7360d3ef2f4fa5a5c552f766b7fb94
2015-05-25,20.1,,ft,Approved,,2025-03-11T20:23:18.678347+00:00,5f7360d3ef2f4fa5a5c552f766b7fb94
2015-05-26,19.27,,ft,Approved,,2025-03-11T20:23:18.678347+00:00,5f7360d3ef2f4fa5a5c552f766b7fb94
2015-05-27,15.37,,ft,Approved,,2025-03-11T20:23:18.678347+00:00,5f7360d3ef2f4fa5a5c552f766b7fb94
2015-05-28,14.71,,ft,Approved,,2025-03-11T20:23:18.678347+00:00,5f7360d3ef2f4fa5a5c552f766b7fb94
2015-05-29,15.41,,ft,Approved,,2025-03-11T20:23:18.678347+00:00,5f7360d3ef2f4fa5a5c552f766b7fb94
2015-05-30,14.65,,ft,Approved,,2025-03-11T20:23:18.678347+00:00,5f7360d3ef2f4fa5a5c552f766b7fb94
2015-05-31,13.93,,ft,Approved,,2025-03-11T20:23:18.678347+00:00,5f7360d3ef2f4fa5a5c552f766b7fb94
2015-06-01,13.35,,ft,Approved,,2025-03-11T20:23:18.678347+00:00,5f7360d3ef2f4fa5a5c552f766b7fb94
2015-06-02,13.5,,ft,Approved,,2025-03-11T20:23:18.678347+00:00,5f7360d3ef2f4fa5a5c552f766b7fb94
2015-06-03,13.22,,ft,Approved,,2025-03-11T20:23:18.678347+00:00,5f7360d3ef2f4fa5a5c552f766b7fb94
2015-06-04,12.84,,ft,Approved,,2025-03-11T20:23:18.678347+00:00,5f7360d3ef2f4fa5a5c552f766b7fb94
2015-06-05,12.88,,ft,Approved,,2025-03-11T20:23:18.678347+00:00,5f7360d3ef2f4fa5a5c552f766b7fb94
2015-06-06,12.68,,ft,Approved,,2025-03-11T20:23:18.678347+00:00,5f7360d3ef2f4fa5a5c552f766b7fb94
2015-06-07,12.63,,ft,Approved,,2025-03-11T20:23:18.678347+00:00,5f7360d3ef2f4fa5a5c552f766b7fb94
2015-06-08,12.5,,ft,Approved,,2025-03-11T20:23:18.678347+00:00,5f7360d3ef2f4fa5a5c552f766b7fb94
2015-06-09,12.17,,ft,Approved,,2025-03-11T20:23:18.678347+00:00,5f7360d3ef2f4fa5a5c552f766b7fb94
2015-06-10,12.48,,ft,Approved,,2025-03-11T20:23:18.678347+00:00,5f7360d3ef2f4fa5a5c552f766b7fb94
2015-06-11,12.07,,ft,Approved,,2025-03-11T20:23:18.678347+00:00,5f7360d3ef2f4fa5a5c552f766b7fb94
2015-06-12,12.19,,ft,Approved,,2025-03-11T20:23:18.678347+00:00,5f7360d3ef2f4fa5a5c552f766b7fb94
2015-06-13,12.12,,ft,Approved,,2025-03-11T20:23:18.678347+00:00,5f7360d3ef2f4fa5a5c552f766b7fb94
2015-06-14,12.82,,ft,Approved,,2025-03-11T20:23:18.678347+00:00,5f7360d3ef2f4fa5a5c552f766b7fb94
2015-06-15,13.02,,ft,Approved,,2025-03-11T20:23:18.678347+00:00,5f7360d3ef2f4fa5a5c552f766b7fb94
2015-06-16,13.47,,ft,Approved,,2025-03-11T20:23:18.678347+00:00,5f7360d3ef2f4fa5a5c552f766b7fb94
2015-06-17,15.12,,ft,Approved,,2025-03-11T20:23:18.678347+00:00,5f7360d3ef2f4fa5a5c552f766b7fb94
2015-06-18,13.58,,ft,Approved,,2025-03-11T20:23:18.678347+00:00,5f7360d3ef2f4fa5a5c552f766b7fb94
2015-06-19,13.47,,ft,Approved,,2025-03-11T20:23:18.678347+00:00,5f7360d3ef2f4fa5a5c552f766b7fb94
2015-06-20,12.87,,ft,Approved,,2025-03-11T20:23:18.678347+00:00,5f7360d3ef2f4fa5a5c552f766b7fb94
2015-06-21,13.31,,ft,Approved,,2025-03-11T20:23:18.678347+00:00,5f7360d3ef2f4fa5a5c552f766b7fb94
2015-06-22,13.14,,ft,Approved,,2025-03-11T20:23:18.678347+00:00,5f7360d3ef2f4fa5a5c552f766b7fb94
2015-06-23,12.57,,ft,Approved,,2025-03-11T20:23:18.678347+00:00,5f7360d3ef2f4fa5a5c552f766b7fb94
2015-06-24,12.6,,ft,Approved,,2025-03-11T20:23:18.678347+00:00,5f7360d3ef2f4fa5a5c552f766b7fb94
2015-06-25,12.12,,ft,Approved,,2025-03-11T20:23:18.678347+00:00,5f7360d3ef2f4fa5a5c552f766b7fb94
2015-06-26,12.22,,ft,Approved,,2025-03-11T20:23:18.678347+00:00,5f7360d3ef2f4fa5a5c552f766b7fb94
2015-06-27,12.31,,ft,Approved,,2025-03-11T20:23:18.678347+00:00,5f7360d3ef2f4fa5a5c552f766b7fb94
2015-06-28,12.4,,ft,Approved,,2025-03-11T20:23:18.678347+00:00,5f7360d3ef2f4fa5a5c552f766b7fb94
2015-06-29,12.09,,ft,Approved,,2025-03-11T20:23:18.678347+00:00,5f7360d3ef2f4fa5a5c552f766b7fb94
2015-06-30,12.34,,ft,Approved,,2025-03-11T20:23:18.678347+00:00,5f7360d3ef2f4fa5a5c552f766b7fb94
2015-07-01,12.1,,ft,Approved,,2025-03-11T20:23:18.678347+00:00,5f7360d3ef2f4fa5a5c552f766b7fb94
2015-07-02,11.88,,ft,Approved,,2025-03-11T20:23:18.678347+00:00,5f7360d3ef2f4fa5a5c552f766b7fb94
2015-07-03,11.78,,ft,Approved,,2025-03-11T20:23:18.678347+00:00,5f7360d3ef2f4fa5a5c552f766b7fb94
2015-07-04,11.73,,ft,Approved,,2025-03-11T20:23:18.678347+00:00,5f7360d3ef2f4fa5a5c552f766b7fb94
2015-07-05,11.76,,ft,Approved,,2025-03-11T20:23:18.678347+00:00,5f7360d3ef2f4fa5a5c552f766b7fb94
2015-07-06,11.63,,ft,Approved,,2025-03-11T20:23:18.678347+00:00,5f7360d3ef2f4fa5a5c552f766b7fb94
2015-07-07,11.72,,ft,Approved,,2025-03-11T20:23:18.678347+00:00,5f7360d3ef2f4fa5a5c552f766b7fb94
2015-07-08,11.52,,ft,Approved,,2025-03-11T20:23:18.678347+00:00,5f7360d3ef2f4fa5a5c552f766b7fb94
2015-07-09,11.79,,ft,Approved,,2025-03-11T20:23:18.678347+00:00,5f7360d3ef2f4fa5a5c552f766b7fb94
2015-07-10,11.54,,ft,Approved,,2025-03-11T20:23:18.678347+00:00,5f7360d3ef2f4fa5a5c552f766b7fb94
2015-07-11,11.65,,ft,Approved,,2025-03-11T20:23:18.678347+00:00,5f7360d3ef2f4fa5a5c552f766b7fb94
2015-07-12,11.41,,ft,Approved,,2025-03-11T20:23:18.678347+00:00,5f7360d3ef2f4fa5a5c552f766b7fb94
2015-07-13,11.67,,ft,Approved,,2025-03-11T20:23:18.678347+00:00,5f7360d3ef2f4fa5a5c552f766b7fb94
2015-07-14,11.48,,ft,Approved,,2025-03-11T20:23:18.678347+00:00,5f7360d3ef2f4fa5a5c552f766b7fb94
2015-07-15,11.47,,ft,Approved,,2025-03-11T20:23:18.678347+00:00,5f7360d3ef2f4fa5a5c552f766b7fb94
2015-07-16,11.62,,ft,Approved,,2025-03-11T20:23:18.678347+00:00,5f7360d3ef2f4fa5a5c552f766b7fb94
2015-07-17,11.45,,ft,Approved,,2025-03-11T20:23:18.678347+00:00,5f7360d3ef2f4fa5a5c552f766b7fb94
2015-07-18,11.64,,ft,Approved,,2025-03-11T20:23:18.678347+00:00,5f7360d3ef2f4fa5a5c552f766b7fb94
2015-07-19,11.52,,ft,Approved,,2025-03-11T20:23:18.678347+00:00,5f7360d3ef2f4fa5a5c552f766b7fb94
2015-07-20,11.7,,ft,Approved,,2025-03-11T20:23:18.678347+00:00,5f7360d3ef2f4fa5a5c552f766b7fb94
2015-07-21,11.51,,ft,Approved,,2025-03-11T20:23:18.678347+00:00,5f7360d3ef2f4fa5a5c552f766b7fb94
2015-07-22,11.71,,ft,Approved,,2025-03-11T20:23:18.678347+00:00,5f7360d3ef2f4fa5a5c552f766b7fb94
2015-07-23,11.48,,ft,Approved,,2025-03-11T20:23:18.678347+00:00,5f7360d3ef2f4fa5a5c552f766b7fb94
2015-07-24,11.64,,ft,Approved,,2025-03-11T20:23:18.678347+00:00,5f7360d3ef2f4fa5a5c552f766b7fb94
2015-07-25,11.61,,ft,Approved,,2025-03-11T20:23:18.678347+00:00,5f7360d3ef2f4fa5a5c552f766b7fb94
2015-07-26,11.59,,ft,Approved,,2025-03-11T20:23:18.678347+00:00,5f7360d3ef2f4fa5a5c552f766b7fb94
2015-07-27,11.6,,ft,Approved,,2025-03-11T20:23:18.678347+00:00,5f7360d3ef2f4fa5a5c552f766b7fb94
2015-07-28,11.56,,ft,Approved,,2025-03-11T20:23:18.678347+00:00,5f7360d3ef2f4fa5a5c552f766b7fb94
2015-07-29,11.6,,ft,Approved,,2025-03-11T20:23:18.678347+00:00,5f7360d3ef2f4fa5a5c552f766b7fb94
2015-07-30,11.56,,ft,Approved,,2025-03-11T20:23:18.678347+00:00,5f7360d3ef2f4fa5a5c552f766b7fb94
2015-07-31,11.46,,ft,Approved,,2025-03-11T20:23:18.678347+00:00,5f7360d3ef2f4fa5a5c552f766b7fb94
2015-08-01,11.53,,ft,Approved,,2025-03-11T20:23:18.678347+00:00,5f7360d3ef2f4fa5a5c552f766b7fb94
2015-08-02,11.44,,ft,Approved,,2025-03-11T20:23:18.678347+00:00,5f7360d3ef2f4fa5a5c552f766b7fb94
2015-08-03,11.5,,ft,Approved,,2025-03-11T20:23:18.678347+00:00,5f7360d3ef2f4fa5a5c552f766b7fb94
2015-08-04,11.46,,ft,Approved,,2025-03-11T20:23:18.678347+00:00,5f7360d3ef2f4fa5a5c552f766b7fb94
2015-08-05,11.55,,ft,Approved,,2025-03-11T20:23:18.678347+00:00,5f7360d3ef2f4fa5a5c552f766b7fb94
2015-08-06,11.53,,ft,Approved,,2025-03-11T20:23:18.678347+00:00,5f7360d3ef2f4fa5a5c552f766b7fb94
2015-08-07,11.62,,ft,Approved,,2025-03-11T20:23:18.678347+00:00,5f7360d3ef2f4fa5a5c552f766b7fb94
2015-08-08,11.63,,ft,Approved,,2025-03-11T20:23:18.678347+00:00,5f7360d3ef2f4fa5a5c552f766b7fb94
2015-08-09,11.67,,ft,Approved,,2025-03-11T20:23:18.678347+00:00,5f7360d3ef2f4fa5a5c552f766b7fb94
2015-08-10,11.74,,ft,Approved,,2025-03-11T20:23:18.678347+00:00,5f7360d3ef2f4fa5a5c552f766b7fb94
2015-08-11,11.65,,ft,Approved,,2025-03-11T20:23:18.678347+00:00,5f7360d3ef2f4fa5a5c552f766b7fb94
2015-08-12,11.65,,ft,Approved,,2025-03-11T20:23:18.678347+00:00,5f7360d3ef2f4fa5a5c552f766b7fb94
2015-08-13,11.59,,ft,Approved,,2025-03-11T20:23:18.678347+00:00,5f7360d3ef2f4fa5a5c552f766b7fb94
2015-08-14,11.59,,ft,Approved,,2025-03-11T20:23:18.678347+00:00,5f7360d3ef2f4fa5a5c552f766b7fb94
2015-08-15,11.6,,ft,Approved,,2025-03-11T20:23:18.678347+00:00,5f7360d3ef2f4fa5a5c552f766b7fb94
2015-08-16,11.55,,ft,Approved,,2025-03-11T20:23:18.678347+00:00,5f7360d3ef2f4fa5a5c552f766b7fb94
2015-08-17,11.62,,ft,Approved,,2025-03-11T20:23:18.678347+00:00,5f7360d3ef2f4fa5a5c552f766b7fb94
2015-08-18,11.46,,ft,Approved,,2025-03-11T20:23:18.678347+00:00,5f7360d3ef2f4fa5a5c552f766b7fb94
2015-08-19,11.55,,ft,Approved,,2025-03-11T20:23:18.678347+00:00,5f7360d3ef2f4fa5a5c552f766b7fb94
2015-08-20,12.15,,ft,Approved,,2025-03-11T20:23:18.678347+00:00,5f7360d3ef2f4fa5a5c552f766b7fb94
2015-08-21,11.71,,ft,Approved,,2025-03-11T20:23:18.678347+00:00,5f7360d3ef2f4fa5a5c552f766b7fb94
2015-08-22,11.51,,ft,Approved,,2025-03-11T20:23:18.678347+00:00,5f7360d3ef2f4fa5a5c552f766b7fb94
2015-08-23,11.53,,ft,Approved,,2025-03-11T20:23:18.678347+00:00,5f7360d3ef2f4fa5a5c552f766b7fb94
2015-08-24,11.51,,ft,Approved,,2025-03-11T20:23:18.678347+00:00,5f7360d3ef2f4fa5a5c552f766b7fb94
2015-08-25,11.47,,ft,Approved,,2025-03-11T20:23:18.678347+00:00,5f7360d3ef2f4fa5a5c552f766b7fb94
2015-08-26,11.46,,ft,Approved,,2025-03-11T20:23:18.678347+00:00,5f7360d3ef2f4fa5a5c552f766b7fb94
2015-08-27,11.45,,ft,Approved,,2025-03-11T20:23:18.678347+00:00,5f7360d3ef2f4fa5a5c552f766b7fb94
2015-08-28,11.45,,ft,Approved,,2025-03-11T20:23:18.678347+00:00,5f7360d3ef2f4fa5a5c552f766b7fb94
2015-08-29,11.46,,ft,Approved,,2025-03-11T20:23:18.678347+00:00,5f7360d3ef2f4fa5a5c552f766b7fb94
2015-08-30,11.45,,ft,Approved,,2025-03-11T20:23:18.678347+00:00,5f7360d3ef2f4fa5a5c552f766b7fb94
2015-08-31,11.44,,ft,Approved,,2025-03-11T20:23:18.678347+00:00,5f7360d3ef2f4fa5a5c552f766b7fb94
2015-09-01,11.62,,ft,Approved,,2025-03-11T20:23:18.678347+00:00,5f7360d3ef2f4fa5a5c552f766b7fb94
2015-09-02,11.35,,ft,Approved,,2025-03-11T20:23:18.678347+00:00,5f7360d3ef2f4fa5a5c552f766b7fb94
2015-09-03,11.44,,ft,Approved,,2025-03-11T20:23:18.678347+00:00,5f7360d3ef2f4fa5a5c552f766b7fb94
2015-09-04,11.37,,ft,Approved,,2025-03-11T20:23:18.678347+00:00,5f7360d3ef2f4fa5a5c552f766b7fb94
2015-09-05,11.41,,ft,Approved,,2025-03-11T20:23:18.678347+00:00,5f7360d3ef2f4fa5a5c552f766b7fb94
2015-09-06,11.41,,ft,Approved,,2025-03-11T20:23:18.678347+00:00,5f7360d3ef2f4fa5a5c552f766b7fb94
2015-09-07,11.39,,ft,Approved,,2025-03-11T20:23:18.678347+00:00,5f7360d3ef2f4fa5a5c552f766b7fb94
2015-09-08,11.44,,ft,Approved,,2025-03-11T20:23:18.678347+00:00,5f7360d3ef2f4fa5a5c552f766b7fb94
2015-09-09,11.43,,ft,Approved,,2025-03-11T20:23:18.678347+00:00,5f7360d3ef2f4fa5a5c552f766b7fb94
2015-09-10,12.31,,ft,Approved,,2025-03-11T20:23:18.678347+00:00,5f7360d3ef2f4fa5a5c552f766b7fb94
2015-09-11,11.83,,ft,Approved,,2025-03-11T20:23:18.678347+00:00,5f7360d3ef2f4fa5a5c552f766b7fb94
2015-09-12,11.39,,ft,Approved,,2025-03-11T20:23:18.678347+00:00,5f7360d3ef2f4fa5a5c552f766b7fb94
2015-09-13,11.39,,ft,Approved,,2025-03-11T20:23:18.678347+00:00,5f7360d3ef2f4fa5a5c552f766b7fb94
2015-09-14,11.39,,ft,Approved,,2025-03-11T20:23:18.678347+00:00,5f7360d3ef2f4fa5a5c552f766b7fb94
2015-09-15,11.33,,ft,Approved,,2025-03-11T20:23:18.678347+00:00,5f7360d3ef2f4fa5a5c552f766b7fb94
2015-09-16,11.3,,ft,Approved,,2025-03-11T20:23:18.678347+00:00,5f7360d3ef2f4fa5a5c552f766b7fb94
2015-09-17,11.38,,ft,Approved,,2025-03-11T20:23:18.678347+00:00,5f7360d3ef2f4fa5a5c552f766b7fb94
2015-09-18,11.53,,ft,Approved,,2025-03-11T20:23:18.678347+00:00,5f7360d3ef2f4fa5a5c552f766b7fb94
2015-09-19,11.42,,ft,Approved,,2025-03-11T20:23:18.678347+00:00,5f7360d3ef2f4fa5a5c552f766b7fb94
2015-09-20,11.33,,ft,Approved,,2025-03-11T20:23:18.678347+00:00,5f7360d3ef2f4fa5a5c552f766b7fb94
2015-09-21,11.54,,ft,Approved,,2025-03-11T20:23:18.678347+00:00,5f7360d3ef2f4fa5a5c552f766b7fb94
2015-09-22,11.37,,ft,Approved,,2025-03-11T20:23:18.678347+00:00,5f7360d3ef2f4fa5a5c552f766b7fb94
2015-09-23,11.39,,ft,Approved,,2025-03-11T20:23:18.678347+00:00,5f7360d3ef2f4fa5a5c552f766b7fb94
2015-09-24,11.48,,ft,Approved,,2025-03-11T20:23:18.678347+00:00,5f7360d3ef2f4fa5a5c552f766b7fb94
2015-09-25,11.54,,ft,Approved,,2025-03-11T20:23:18.678347+00:00,5f7360d3ef2f4fa5a5c552f766b7fb94
2015-09-26,11.39,,ft,Approved,,2025-03-11T20:23:18.678347+00:00,5f7360d3ef2f4fa5a5c552f766b7fb94
2015-09-27,11.53,,ft,Approved,,2025-03-11T20:23:18.678347+00:00,5f7360d3ef2f4fa5a5c552f766b7fb94
2015-09-28,11.5,,ft,Approved,,2025-03-11T20:23:18.678347+00:00,5f7360d3ef2f4fa5a5c552f766b7fb94
2015-09-29,11.46,,ft,Approved,,2025-03-11T20:23:18.678347+00:00,5f7360d3ef2f4fa5a5c552f766b7fb94
2015-09-30,11.51,,ft,Approved,,2025-03-11T20:23:18.678347+00:00,5f7360d3ef2f4fa5a5c552f766b7fb94
2015-10-01,11.78,,ft,Approved,,2025-03-11T20:23:18.678347+00:00,5f7360d3ef2f4fa5a5c552f766b7fb94
2015-10-02,11.57,,ft,Approved,,2025-03-11T20:23:18.678347+00:00,5f7360d3ef2f4fa5a5c552f766b7fb94
2015-10-03,11.46,,ft,Approved,,2025-03-11T20:23:18.678347+00:00,5f7360d3ef2f4fa5a5c552f766b7fb94
2015-10-04,11.57,,ft,Approved,,2025-03-11T20:23:18.678347+00:00,5f7360d3ef2f4fa5a5c552f766b7fb94
2015-10-05,11.58,,ft,Approved,,2025-03-11T20:23:18.678347+00:00,5f7360d3ef2f4fa5a5c552f766b7fb94
2015-10-06,11.59,,ft,Approved,,2025-03-11T20:23:18.678347+00:00,5f7360d3ef2f4fa5a5c552f766b7fb94
2015-10-07,11.58,,ft,Approved,,2025-03-11T20:23:18.678347+00:00,5f7360d3ef2f4fa5a5c552f766b7fb94
2015-10-08,11.58,,ft,Approved,,2025-03-11T20:23:18.678347+00:00,5f7360d3ef2f4fa5a5c552f766b7fb94
2015-10-09,11.56,,ft,Approved,,2025-03-11T20:23:18.678347+00:00,5f7360d3ef2f4fa5a5c552f766b7fb94
2015-10-10,11.54,,ft,Approved,,2025-03-11T20:23:18.678347+00:00,5f7360d3ef2f4fa5a5c552f766b7fb94
2015-10-11,11.54,,ft,Approved,,2025-03-11T20:23:18.678347+00:00,5f7360d3ef2f4fa5a5c552f766b7fb94
2015-10-12,11.51,,ft,Approved,,2025-03-11T20:23:18.678347+00:00,5f7360d3ef2f4fa5a5c552f766b7fb94
2015-10-13,11.63,,ft,Approved,,2025-03-11T20:23:18.678347+00:00,5f7360d3ef2f4fa5a5c552f766b7fb94
2015-10-14,11.59,,ft,Approved,,2025-03-11T20:23:18.678347+00:00,5f7360d3ef2f4fa5a5c552f766b7fb94
2015-10-15,11.59,,ft,Approved,,2025-03-11T20:23:18.678347+00:00,5f7360d3ef2f4fa5a5c552f766b7fb94
2015-10-16,11.59,,ft,Approved,,2025-03-11T20:23:18.678347+00:00,5f7360d3ef2f4fa5a5c552f766b7fb94
2015-10-17,11.58,,ft,Approved,,2025-03-11T20:23:18.678347+00:00,5f7360d3ef2f4fa5a5c552f766b7fb94
2015-10-18,11.58,,ft,Approved,,2025-03-11T20:23:18.678347+00:00,5f7360d3ef2f4fa5a5c552f766b7fb94
2015-10-19,11.56,,ft,Approved,,2025-03-11T20:23:18.678347+00:00,5f7360d3ef2f4fa5a5c552f766b7fb94
2015-10-20,11.56,,ft,Approved,,2025-03-11T20:23:18.678347+00:00,5f7360d3ef2f4fa5a5c552f766b7fb94
2015-10-21,11.59,,ft,Approved,,2025-03-11T20:23:18.678347+00:00,5f7360d3ef2f4fa5a5c552f766b7fb94
2015-10-22,11.6,,ft,Approved,,2025-03-11T20:23:18.678347+00:00,5f7360d3ef2f4fa5a5c552f766b7fb94
2015-10-23,11.65,,ft,Approved,,2025-03-11T20:23:18.678347+00:00,5f7360d3ef2f4fa5a5c552f766b7fb94
2015-10-24,17.54,,ft,Approved,,2025-03-11T20:23:18.678347+00:00,5f7360d3ef2f4fa5a5c552f766b7fb94
2015-10-25,14.3,,ft,Approved,,2025-03-11T20:23:18.678347+00:00,5f7360d3ef2f4fa5a5c552f766b7fb94
2015-10-26,12.18,,ft,Approved,,2025-03-11T20:23:18.678347+00:00,5f7360d3ef2f4fa5a5c552f766b7fb94
2015-10-27,11.66,,ft,Approved,,2025-03-11T20:23:18.678347+00:00,5f7360d3ef2f4fa5a5c552f766b7fb94
2015-10-28,11.57,,ft,Approved,,2025-03-11T20:23:18.678347+00:00,5f7360d3ef2f4fa5a5c552f766b7fb94
2015-10-29,11.49,,ft,Approved,,2025-03-11T20:23:18.678347+00:00,5f7360d3ef2f4fa5a5c552f766b7fb94
2015-10-30,21.63,,ft,Approved,,2025-03-11T20:23:18.678347+00:00,5f7360d3ef2f4fa5a5c552f766b7fb94
2015-10-31,18.58,,ft,Approved,,2025-03-11T20:23:18.678347+00:00,5f7360d3ef2f4fa5a5c552f766b7fb94
2015-11-01,14.23,,ft,Approved,,2025-03-11T20:23:18.678347+00:00,5f7360d3ef2f4fa5a5c552f766b7fb94
2015-11-02,13.19,,ft,Approved,,2025-03-11T20:23:18.678347+00:00,5f7360d3ef2f4fa5a5c552f766b7fb94
2015-11-03,12.89,,ft,Approved,,2025-03-11T20:23:18.678347+00:00,5f7360d3ef2f4fa5a5c552f766b7fb94
2015-11-04,13.13,,ft,Approved,,2025-03-11T20:23:18.678347+00:00,5f7360d3ef2f4fa5a5c552f766b7fb94
2015-11-05,12.67,,ft,Approved,,2025-03-11T20:23:18.678347+00:00,5f7360d3ef2f4fa5a5c552f766b7fb94
2015-11-06,12.18,,ft,Approved,,2025-03-11T20:23:18.678347+00:00,5f7360d3ef2f4fa5a5c552f766b7fb94
2015-11-07,12.37,,ft,Approved,,2025-03-11T20:23:18.678347+00:00,5f7360d3ef2f4fa5a5c552f766b7fb94
2015-11-08,12.1,,ft,Approved,,2025-03-11T20:23:18.678347+00:00,5f7360d3ef2f4fa5a5c552f766b7fb94
2015-11-09,12.1,,ft,Approved,,2025-03-11T20:23:18.678347+00:00,5f7360d3ef2f4fa5a5c552f766b7fb94
2015-11-10,11.96,,ft,Approved,,2025-03-11T20:23:18.678347+00:00,5f7360d3ef2f4fa5a5c552f766b7fb94
2015-11-11,11.96,,ft,Approved,,2025-03-11T20:23:18.678347+00:00,5f7360d3ef2f4fa5a5c552f766b7fb94
2015-11-12,11.92,,ft,Approved,,2025-03-11T20:23:18.678347+00:00,5f7360d3ef2f4fa5a5c552f766b7fb94
2015-11-13,11.75,,ft,Approved,,2025-03-11T20:23:18.678347+00:00,5f7360d3ef2f4fa5a5c552f766b7fb94
2015-11-14,11.85,,ft,Approved,,2025-03-11T20:23:18.678347+00:00,5f7360d3ef2f4fa5a5c552f766b7fb94
2015-11-15,11.69,,ft,Approved,,2025-03-11T20:23:18.678347+00:00,5f7360d3ef2f4fa5a5c552f766b7fb94
2015-11-16,11.83,,ft,Approved,,2025-03-11T20:23:18.678347+00:00,5f7360d3ef2f4fa5a5c552f766b7fb94
2015-11-17,12.31,,ft,Approved,,2025-03-11T20:23:18.678347+00:00,5f7360d3ef2f4fa5a5c552f766b7fb94
2015-11-18,11.91,,ft,Approved,,2025-03-11T20:23:18.678347+00:00,5f7360d3ef2f4fa5a5c552f766b7fb94
2015-11-19,11.75,,ft,Approved,,2025-03-11T20:23:18.678347+00:00,5f7360d3ef2f4fa5a5c552f766b7fb94
2015-11-20,11.76,,ft,Approved,,2025-03-11T20:23:18.678347+00:00,5f7360d3ef2f4fa5a5c552f766b7fb94
2015-11-21,11.65,,ft,Approved,,2025-03-11T20:23:18.678347+00:00,5f7360d3ef2f4fa5a5c552f766b7fb94
2015-11-22,11.68,,ft,Approved,,2025-03-11T20:23:18.678347+00:00,5f7360d3ef2f4fa5a5c552f766b7fb94
2015-11-23,11.55,,ft,Approved,,2025-03-11T20:23:18.678347+00:00,5f7360d3ef2f4fa5a5c552f766b7fb94
2015-11-24,11.66,,ft,Approved,,2025-03-11T20:23:18.678347+00:00,5f7360d3ef2f4fa5a5c552f766b7fb94
2015-11-25,11.55,,ft,Approved,,2025-03-11T20:23:18.678347+00:00,5f7360d3ef2f4fa5a5c552f766b7fb94
2015-11-26,11.67,,ft,Approved,,2025-03-11T20:23:18.678347+00:00,5f7360d3ef2f4fa5a5c552f766b7fb94
2015-11-27,12.17,,ft,Approved,,2025-03-11T20:23:18.678347+00:00,5f7360d3ef2f4fa5a5c552f766b7fb94
2015-11-28,12.32,,ft,Approved,,2025-03-11T20:23:18.678347+00:00,5f7360d3ef2f4fa5a5c552f766b7fb94
2015-11-29,12.07,,ft,Approved,,2025-03-11T20:23:18.678347+00:00,5f7360d3ef2f4fa5a5c552f766b7fb94
2015-11-30,11.93,,ft,Approved,,2025-03-11T20:23:18.678347+00:00,5f7360d3ef2f4fa5a5c552f766b7fb94
2015-12-01,11.97,,ft,Approved,,2025-03-11T20:23:18.678347+00:00,5f7360d3ef2f4fa5a5c552f766b7fb94
2015-12-02,11.92,,ft,Approved,,2025-03-11T20:23:18.678347+00:00,5f7360d3ef2f4fa5a5c552f766b7fb94
2015-12-03,11.86,,ft,Approved,,2025-03-11T20:23:18.678347+00:00,5f7360d3ef2f4fa5a5c552f766b7fb94
2015-12-04,11.72,,ft,Approved,,2025-03-11T20:23:18.678347+00:00,5f7360d3ef2f4fa5a5c552f766b7fb94
2015-12-05,11.91,,ft,Approved,,2025-03-11T20:23:18.678347+00:00,5f7360d3ef2f4fa5a5c552f766b7fb94
2015-12-06,11.65,,ft,Approved,,2025-03-11T20:23:18.678347+00:00,5f7360d3ef2f4fa5a5c552f766b7fb94
2015-12-07,11.76,,ft,Approved,,2025-03-11T20:23:18.678347+00:00,5f7360d3ef2f4fa5a5c552f766b7fb94
2015-12-08,11.72,,ft,Approved,,2025-03-11T20:23:18.678347+00:00,5f7360d3ef2f4fa5a5c552f766b7fb94
2015-12-09,11.71,,ft,Approved,,2025-03-11T20:23:18.678347+00:00,5f7360d3ef2f4fa5a5c552f766b7fb94
2015-12-10,11.6,,ft,Approved,,2025-03-11T20:23:18.678347+00:00,5f7360d3ef2f4fa5a5c552f766b7fb94
2015-12-11,11.95,,ft,Approved,,2025-03-11T20:23:18.678347+00:00,5f7360d3ef2f4fa5a5c552f766b7fb94
2015-12-12,11.59,,ft,Approved,,2025-03-11T20:23:18.678347+00:00,5f7360d3ef2f4fa5a5c552f766b7fb94
2015-12-13,13.39,,ft,Approved,,2025-03-11T20:23:18.678347+00:00,5f7360d3ef2f4fa5a5c552f766b7fb94
2015-12-14,12.56,,ft,Approved,,2025-03-11T20:23:18.678347+00:00,5f7360d3ef2f4fa5a5c552f766b7fb94
2015-12-15,12.02,,ft,Approved,,2025-03-11T20:23:18.678347+00:00,5f7360d3ef2f4fa5a5c552f766b7fb94
2015-12-16,12.05,,ft,Approved,,2025-03-11T20:23:18.678347+00:00,5f7360d3ef2f4fa5a5c552f766b7fb94
2015-12-17,11.85,,ft,Approved,,2025-03-11T20:23:18.678347+00:00,5f7360d3ef2f4fa5a5c552f766b7fb94
2015-12-18,11.98,,ft,Approved,,2025-03-11T20:23:18.678347+00:00,5f7360d3ef2f4fa5a5c552f766b7fb94
2015-12-19,11.78,,ft,Approved,,2025-03-11T20:23:18.678347+00:00,5f7360d3ef2f4fa5a5c552f766b7fb94
2015-12-20,11.88,,ft,Approved,,2025-03-11T20:23:18.678347+00:00,5f7360d3ef2f4fa5a5c552f766b7fb94
2015-12-21,11.81,,ft,Approved,,2025-03-11T20:23:18.678347+00:00,5f7360d3ef2f4fa5a5c552f766b7fb94
2015-12-22,11.82,,ft,Approved,,2025-03-11T20:23:18.678347+00:00,5f7360d3ef2f4fa5a5c552f766b7fb94
2015-12-23,11.79,,ft,Approved,,2025-03-11T20:23:18.678347+00:00,5f7360d3ef2f4fa5a5c552f766b7fb94
2015-12-24,11.74,,ft,Approved,,2025-03-11T20:23:18.678347+00:00,5f7360d3ef2f4fa5a5c552f766b7fb94
2015-12-25,11.71,,ft,Approved,,2025-03-11T20:23:18.678347+00:00,5f7360d3ef2f4fa5a5c552f766b7fb94
2015-12-26,11.7,,ft,Approved,,2025-03-11T20:23:18.678347+00:00,5f7360d3ef2f4fa5a5c552f766b7fb94
2015-12-27,12.41,,ft,Approved,,2025-03-11T20:23:18.678347+00:00,5f7360d3ef2f4fa5a5c552f766b7fb94
2015-12-28,12.65,,ft,Approved,,2025-03-11T20:23:18.678347+00:00,5f7360d3ef2f4fa5a5c552f766b7fb94
2015-12-29,11.91,,ft,Approved,,2025-03-11T20:23:18.678347+00:00,5f7360d3ef2f4fa5a5c552f766b7fb94
2015-12-30,11.92,,ft,Approved,,2025-03-11T20:23:18.678347+00:00,5f7360d3ef2f4fa5a5c552f766b7fb94
2015-12-31,11.91,,ft,Approved,,2025-03-11T20:23:18.678347+00:00,5f7360d3ef2f4fa5a5c552f766b7fb94
2016-01-01,11.76,,ft,Approved,,2025-03-11T20:23:18.678347+00:00,5f7360d3ef2f4fa5a5c552f766b7fb94
2016-01-02,11.77,,ft,Approved,,2025-03-11T20:23:18.678347+00:00,5f7360d3ef2f4fa5a5c552f766b7fb94
2016-01-03,11.87,,ft,Approved,,2025-03-11T20:23:18.678347+00:00,5f7360d3ef2f4fa5a5c552f766b7fb94
2016-01-04,11.85,,ft,Approved,,2025-03-11T20:23:18.678347+00:00,5f7360d3ef2f4fa5a5c552f766b7fb94
2016-01-05,11.71,,ft,Approved,,2025-03-11T20:23:18.678347+00:00,5f7360d3ef2f4fa5a5c552f766b7fb94
2016-01-06,11.75,,ft,Approved,,2025-03-11T20:23:18.678347+00:00,5f7360d3ef2f4fa5a5c552f766b7fb94
2016-01-07,11.87,,ft,Approved,,2025-03-11T20:23:18.678347+00:00,5f7360d3ef2f4fa5a5c552f766b7fb94
2016-01-08,11.79,,ft,Approved,,2025-03-11T20:23:18.678347+00:00,5f7360d3ef2f4fa5a5c552f766b7fb94
2016-01-09,11.69,,ft,Approved,,2025-03-11T20:23:18.678347+00:00,5f7360d3ef2f4fa5a5c552f766b7fb94
2016-01-10,11.6,,ft,Approved,,2025-03-11T20:23:18.678347+00:00,5f7360d3ef2f4fa5a5c552f766b7fb94
2016-01-11,11.68,,ft,Approved,,2025-03-11T20:23:18.678347+00:00,5f7360d3ef2f4fa5a5c552f766b7fb94
2016-01-12,11.63,,ft,Approved,,2025-03-11T20:23:18.678347+00:00,5f7360d3ef2f4fa5a5c552f766b7fb94
2016-01-13,11.51,,ft,Approved,,2025-03-11T20:23:18.678347+00:00,5f7360d3ef2f4fa5a5c552f766b7fb94
2016-01-14,11.57,,ft,Approved,,2025-03-11T20:23:18.678347+00:00,5f7360d3ef2f4fa5a5c552f766b7fb94
2016-01-15,11.61,,ft,Approved,,2025-03-11T20:23:18.678347+00:00,5f7360d3ef2f4fa5a5c552f766b7fb94
2016-01-16,11.47,,ft,Approved,,2025-03-11T20:23:18.678347+00:00,5f7360d3ef2f4fa5a5c552f766b7fb94
2016-01-17,11.53,,ft,Approved,,2025-03-11T20:23:18.678347+00:00,5f7360d3ef2f4fa5a5c552f766b7fb94
2016-01-18,11.58,,ft,Approved,,2025-03-11T20:23:18.678347+00:00,5f7360d3ef2f4fa5a5c552f766b7fb94
2016-01-19,11.43,,ft,Approved,,2025-03-11T20:23:18.678347+00:00,5f7360d3ef2f4fa5a5c552f766b7fb94
2016-01-20,11.48,,ft,Approved,,2025-03-11T20:23:18.678347+00:00,5f7360d3ef2f4fa5a5c552f766b7fb94
2016-01-21,11.58,,ft,Approved,,2025-03-11T20:23:18.678347+00:00,5f7360d3ef2f4fa5a5c552f766b7fb94
2016-01-22,11.4,,ft,Approved,,2025-03-11T20:23:18.678347+00:00,5f7360d3ef2f4fa5a5c552f766b7fb94
2016-01-23,11.43,,ft,Approved,,2025-03-11T20:23:18.678347+00:00,5f7360d3ef2f4fa5a5c552f766b7fb94
2016-01-24,11.47,,ft,Approved,,2025-03-11T20:23:18.678347+00:00,5f7360d3ef2f4fa5a5c552f766b7fb94
2016-01-25,11.47,,ft,Approved,,2025-03-11T20:23:18.678347+00:00,5f7360d3ef2f4fa5a5c552f766b7fb94
2016-01-26,11.43,,ft,Approved,,2025-03-11T20:23:18.678347+00:00,5f7360d3ef2f4fa5a5c552f766b7fb94
2016-01-27,11.47,,ft,Approved,,2025-03-11T20:23:18.678347+00:00,5f7360d3ef2f4fa5a5c552f766b7fb94
2016-01-28,11.44,,ft,Approved,,2025-03-11T20:23:18.678347+00:00,5f7360d3ef2f4fa5a5c552f766b7fb94
2016-01-29,11.42,,ft,Approved,,2025-03-11T20:23:18.678347+00:00,5f7360d3ef2f4fa5a5c552f766b7fb94
2016-01-30,11.33,,ft,Approved,,2025-03-11T20:23:18.678347+00:00,5f7360d3ef2f4fa5a5c552f766b7fb94
2016-01-31,11.39,,ft,Approved,,2025-03-11T20:23:18.678347+00:00,5f7360d3ef2f4fa5a5c552f766b7fb94
2016-02-01,11.67,,ft,Approved,,2025-03-11T20:23:18.678347+00:00,5f7360d3ef2f4fa5a5c552f766b7fb94
2016-02-02,11.31,,ft,Approved,,2025-03-11T20:23:18.678347+00:00,5f7360d3ef2f4fa5a5c552f766b7fb94
2016-02-03,11.35,,ft,Approved,,2025-03-11T20:23:18.678347+00:00,5f7360d3ef2f4fa5a5c552f766b7fb94
2016-02-04,11.54,,ft,Approved,,2025-03-11T20:23:18.678347+00:00,5f7360d3ef2f4fa5a5c552f766b7fb94
2016-02-05,11.24,,ft,Approved,,2025-03-11T20:23:18.678347+00:00,5f7360d3ef2f4fa5a5c552f766b7fb94
2016-02-06,11.34,,ft,Approved,,2025-03-11T20:23:18.678347+00:00,5f7360d3ef2f4fa5a5c552f766b7fb94
2016-02-07,11.22,,ft,Approved,,2025-03-11T20:23:18.678347+00:00,5f7360d3ef2f4fa5a5c552f766b7fb94
2016-02-08,11.6,,ft,Approved,,2025-03-11T20:23:18.678347+00:00,5f7360d3ef2f4fa5a5c552f766b7fb94
2016-02-09,11.26,,ft,Approved,,2025-03-11T20:23:18.678347+00:00,5f7360d3ef2f4fa5a5c552f766b7fb94
2016-02-10,11.23,,ft,Approved,,2025-03-11T20:23:18.678347+00:00,5f7360d3ef2f4fa5a5c552f766b7fb94
2016-02-11,11.58,,ft,Approved,,2025-03-11T20:23:18.678347+00:00,5f7360d3ef2f4fa5a5c552f766b7fb94
2016-02-12,11.29,,ft,Approved,,2025-03-11T20:23:18.678347+00:00,5f7360d3ef2f4fa5a5c552f766b7fb94
2016-02-13,11.24,,ft,Approved,,2025-03-11T20:23:18.678347+00:00,5f7360d3ef2f4fa5a5c552f766b7fb94
2016-02-14,11.33,,ft,Approved,,2025-03-11T20:23:18.678347+00:00,5f7360d3ef2f4fa5a5c552f766b7fb94
2016-02-15,11.34,,ft,Approved,,2025-03-11T20:23:18.678347+00:00,5f7360d3ef2f4fa5a5c552f766b7fb94
2016-02-16,11.24,,ft,Approved,,2025-03-11T20:23:18.678347+00:00,5f7360d3ef2f4fa5a5c552f766b7fb94
2016-02-17,11.28,,ft,Approved,,2025-03-11T20:23:18.678347+00:00,5f7360d3ef2f4fa5a5c552f766b7fb94
2016-02-18,11.22,,ft,Approved,,2025-03-11T20:23:18.678347+00:00,5f7360d3ef2f4fa5a5c552f766b7fb94
2016-02-19,11.49,,ft,Approved,,2025-03-11T20:23:18.678347+00:00,5f7360d3ef2f4fa5a5c552f766b7fb94
2016-02-20,11.33,,ft,Approved,,2025-03-11T20:23:18.678347+00:00,5f7360d3ef2f4fa5a5c552f766b7fb94
2016-02-21,11.3,,ft,Approved,,2025-03-11T20:23:18.678347+00:00,5f7360d3ef2f4fa5a5c552f766b7fb94
2016-02-22,11.19,,ft,Approved,,2025-03-11T20:23:18.678347+00:00,5f7360d3ef2f4fa5a5c552f766b7fb94
2016-02-23,12.47,,ft,Approved,,2025-03-11T20:23:18.678347+00:00,5f7360d3ef2f4fa5a5c552f766b7fb94
2016-02-24,11.42,,ft,Approved,,2025-03-11T20:23:18.678347+00:00,5f7360d3ef2f4fa5a5c552f766b7fb94
2016-02-25,11.37,,ft,Approved,,2025-03-11T20:23:18.678347+00:00,5f7360d3ef2f4fa5a5c552f766b7fb94
2016-02-26,11.53,,ft,Approved,,2025-03-11T20:23:18.678347+00:00,5f7360d3ef2f4fa5a5c552f766b7fb94
2016-02-27,11.26,,ft,Approved,,2025-03-11T20:23:18.678347+00:00,5f7360d3ef2f4fa5a5c552f766b7fb94
2016-02-28,11.33,,ft,Approved,,2025-03-11T20:23:18.678347+00:00,5f7360d3ef2f4fa5a5c552f766b7fb94
2016-02-29,11.3,,ft,Approved,,2025-03-11T20:23:18.678347+00:00,5f7360d3ef2f4fa5a5c552f766b7fb94
2016-03-01,11.5,,ft,Approved,,2025-03-11T20:23:18.678347+00:00,5f7360d3ef2f4fa5a5c552f766b7fb94
2016-03-02,11.24,,ft,Approved,,2025-03-11T20:23:18.678347+00:00,5f7360d3ef2f4fa5a5c552f766b7fb94
2016-03-03,11.36,,ft,Approved,,2025-03-11T20:23:18.678347+00:00,5f7360d3ef2f4fa5a5c552f766b7fb94
2016-03-04,11.56,,ft,Approved,,2025-03-11T20:23:18.678347+00:00,5f7360d3ef2f4fa5a5c552f766b7fb94
2016-03-05,11.22,,ft,Approved,,2025-03-11T20:23:18.678347+00:00,5f7360d3ef2f4fa5a5c552f766b7fb94
2016-03-06,11.24,,ft,Approved,,2025-03-11T20:23:18.678347+00:00,5f7360d3ef2f4fa5a5c552f766b7fb94
2016-03-07,11.65,,ft,Approved,,2025-03-11T20:23:18.678347+00:00,5f7360d3ef2f4fa5a5c552f766b7fb94
2016-03-08,11.41,,ft,Approved,,2025-03-11T20:23:18.678347+00:00,5f7360d3ef2f4fa5a5c552f766b7fb94
2016-03-09,13.8,,ft,Approved,,2025-03-11T20:23:18.678347+00:00,5f7360d3ef2f4fa5a5c552f766b7fb94
2016-03-10,13.08,,ft,Approved,,2025-03-11T20:23:18.678347+00:00,5f7360d3ef2f4fa5a5c552f766b7fb94
2016-03-11,12.39,,ft,Approved,,2025-03-11T20:23:18.678347+00:00,5f7360d3ef2f4fa5a5c552f766b7fb94
2016-03-12,12.34,,ft,Approved,,2025-03-11T20:23:18.678347+00:00,5f7360d3ef2f4fa5a5c552f766b7fb94
2016-03-13,12.23,,ft,Approved,,2025-03-11T20:23:18.678347+00:00,5f7360d3ef2f4fa5a5c552f766b7fb94
2016-03-14,12.07,,ft,Approved,,2025-03-11T20:23:18.678347+00:00,5f7360d3ef2f4fa5a5c552f766b7fb94
2016-03-15,11.94,,ft,Approved,,2025-03-11T20:23:18.678347+00:00,5f7360d3ef2f4fa5a5c552f766b7fb94
2016-03-16,11.83,,ft,Approved,,2025-03-11T20:23:18.678347+00:00,5f7360d3ef2f4fa5a5c552f766b7fb94
2016-03-17,11.88,,ft,Approved,,2025-03-11T20:23:18.678347+00:00,5f7360d3ef2f4fa5a5c552f766b7fb94
2016-03-18,11.93,,ft,Approved,,2025-03-11T20:23:18.678347+00:00,5f7360d3ef2f4fa5a5c552f766b7fb94
2016-03-19,12.49,,ft,Approved,,2025-03-11T20:23:18.678347+00:00,5f7360d3ef2f4fa5a5c552f766b7fb94
2016-03-20,12.93,,ft,Approved,,2025-03-11T20:23:18.678347+00:00,5f7360d3ef2f4fa5a5c552f766b7fb94
2016-03-21,13.11,,ft,Approved,,2025-03-11T20:23:18.678347+00:00,5f7360d3ef2f4fa5a5c552f766b7fb94
2016-03-22,13.18,,ft,Approved,,2025-03-11T20:23:18.678347+00:00,5f7360d3ef2f4fa5a5c552f766b7fb94
2016-03-23,13.58,,ft,Approved,,2025-03-11T20:23:18.678347+00:00,5f7360d3ef2f4fa5a5c552f766b7fb94
2016-03-24,13.74,,ft,Approved,,2025-03-11T20:23:18.678347+00:00,5f7360d3ef2f4fa5a5c552f766b7fb94
2016-03-25,13.39,,ft,Approved,,2025-03-11T20:23:18.678347+00:00,5f7360d3ef2f4fa5a5c552f766b7fb94
2016-03-26,12.44,,ft,Approved,,2025-03-11T20:23:18.678347+00:00,5f7360d3ef2f4fa5a5c552f766b7fb94
2016-03-27,11.73,,ft,Approved,,2025-03-11T20:23:18.678347+00:00,5f7360d3ef2f4fa5a5c552f766b7fb94
2016-03-28,12.01,,ft,Approved,,2025-03-11T20:23:18.678347+00:00,5f7360d3ef2f4fa5a5c552f766b7fb94
2016-03-29,12.23,,ft,Approved,,2025-03-11T20:23:18.678347+00:00,5f7360d3ef2f4fa5a5c552f766b7fb94
2016-03-30,13.09,,ft,Approved,,2025-03-11T20:23:18.678347+00:00,5f7360d3ef2f4fa5a5c552f766b7fb94
2016-03-31,13.05,,ft,Approved,,2025-03-11T20:23:18.678347+00:00,5f7360d3ef2f4fa5a5c552f766b7fb94
2016-04-01,13.1,,ft,Approved,,2025-03-11T20:23:18.678347+00:00,5f7360d3ef2f4fa5a5c552f766b7fb94
2016-04-02,12.99,,ft,Approved,,2025-03-11T20:23:18.678347+00:00,5f7360d3ef2f4fa5a5c552f766b7fb94
2016-04-03,12.79,,ft,Approved,,2025-03-11T20:23:18.678347+00:00,5f7360d3ef2f4fa5a5c552f766b7fb94
2016-04-04,12.67,,ft,Approved,,2025-03-11T20:23:18.678347+00:00,5f7360d3ef2f4fa5a5c552f766b7fb94
2016-04-05,11.74,,ft,Approved,,2025-03-11T20:23:18.678347+00:00,5f7360d3ef2f4fa5a5c552f766b7fb94
2016-04-06,11.69,,ft,Approved,,2025-03-11T20:23:18.678347+00:00,5f7360d3ef2f4fa5a5c552f766b7fb94
2016-04-07,11.54,,ft,Approved,,2025-03-11T20:23:18.678347+00:00,5f7360d3ef2f4fa5a5c552f766b7fb94
2016-04-08,11.65,,ft,Approved,,2025-03-11T20:23:18.678347+00:00,5f7360d3ef2f4fa5a5c552f766b7fb94
2016-04-09,11.52,,ft,Approved,,2025-03-11T20:23:18.678347+00:00,5f7360d3ef2f4fa5a5c552f766b7fb94
2016-04-10,11.64,,ft,Approved,,2025-03-11T20:23:18.678347+00:00,5f7360d3ef2f4fa5a5c552f766b7fb94
2016-04-11,11.55,,ft,Approved,,2025-03-11T20:23:18.678347+00:00,5f7360d3ef2f4fa5a5c552f766b7fb94
2016-04-12,11.63,,ft,Approved,,2025-03-11T20:23:18.678347+00:00,5f7360d3ef2f4fa5a5c552f766b7fb94
2016-04-13,15.58,,ft,Approved,,2025-03-11T20:23:18.678347+00:00,5f7360d3ef2f4fa5a5c552f766b7fb94
2016-04-14,14.91,,ft,Approved,,2025-03-11T20:23:18.678347+00:00,5f7360d3ef2f4fa5a5c552f766b7fb94
2016-04-15,14.09,,ft,Approved,,2025-03-11T20:23:18.678347+00:00,5f7360d3ef2f4fa5a5c552f766b7fb94
2016-04-16,11.71,,ft,Approved,,2025-03-11T20:23:18.678347+00:00,5f7360d3ef2f4fa5a5c552f766b7fb94
2016-04-17,14.71,,ft,Approved,,2025-03-11T20:23:18.678347+00:00,5f7360d3ef2f4fa5a5c552f766b7fb94
2016-04-18,15.42,,ft,Approved,,2025-03-11T20:23:18.678347+00:00,5f7360d3ef2f4fa5a5c552f766b7fb94
2016-04-19,13.34,,ft,Approved,,2025-03-11T20:23:18.678347+00:00,5f7360d3ef2f4fa5a5c552f766b7fb94
2016-04-20,13.7,,ft,Approved,,2025-03-11T20:23:18.678347+00:00,5f7360d3ef2f4fa5a5c552f766b7fb94
2016-04-21,16.62,,ft,Approved,,2025-03-11T20:23:18.678347+00:00,5f7360d3ef2f4fa5a5c552f766b7fb94
2016-04-22,19.92,,ft,Approved,,2025-03-11T20:23:18.678347+00:00,5f7360d3ef2f4fa5a5c552f766b7fb94
2016-04-23,19.84,,ft,Approved,,2025-03-11T20:23:18.678347+00:00,5f7360d3ef2f4fa5a5c552f766b7fb94
2016-04-24,19.55,,ft,Approved,,2025-03-11T20:23:18.678347+00:00,5f7360d3ef2f4fa5a5c552f766b7fb94
2016-04-25,21.08,,ft,Approved,,2025-03-11T20:23:18.678347+00:00,5f7360d3ef2f4fa5a5c552f766b7fb94
2016-04-26,22.67,,ft,Approved,,2025-03-11T20:23:18.678347+00:00,5f7360d3ef2f4fa5a5c552f766b7fb94
2016-04-27,19.77,,ft,Approved,,2025-03-11T20:23:18.678347+00:00,5f7360d3ef2f4fa5a5c552f766b7fb94
2016-04-28,18.2,,ft,Approved,,2025-03-11T20:23:18.678347+00:00,5f7360d3ef2f4fa5a5c552f766b7fb94
2016-04-29,16.86,,ft,Approved,,2025-03-11T20:23:18.678347+00:00,5f7360d3ef2f4fa5a5c552f766b7fb94
2016-04-30,17.23,,ft,Approved,,2025-03-11T20:23:18.678347+00:00,5f7360d3ef2f4fa5a5c552f766b7fb94
2016-05-01,16.89,,ft,Approved,,2025-03-11T20:23:18.678347+00:00,5f7360d3ef2f4fa5a5c552f766b7fb94
2016-05-02,16.88,,ft,Approved,,2025-03-11T20:23:18.678347+00:00,5f7360d3ef2f4fa5a5c552f766b7fb94
2016-05-03,16.85,,ft,Approved,,2025-03-11T20:23:18.678347+00:00,5f7360d3ef2f4fa5a5c552f766b7fb94
2016-05-04,16.81,,ft,Approved,,2025-03-11T20:23:18.678347+00:00,5f7360d3ef2f4fa5a5c552f766b7fb94
2016-05-05,16.25,,ft,Approved,,2025-03-11T20:23:18.678347+00:00,5f7360d3ef2f4fa5a5c552f766b7fb94
2016-05-06,16.16,,ft,Approved,,2025-03-11T20:23:18.678347+00:00,5f7360d3ef2f4fa5a5c552f766b7fb94
2016-05-07,16.11,,ft,Approved,,2025-03-11T20:23:18.678347+00:00,5f7360d3ef2f4fa5a5c552f766b7fb94
2016-05-08,12.36,,ft,Approved,,2025-03-11T20:23:18.678347+00:00,5f7360d3ef2f4fa5a5c552f766b7fb94
2016-05-09,11.78,,ft,Approved,,2025-03-11T20:23:18.678347+00:00,5f7360d3ef2f4fa5a5c552f766b7fb94
2016-05-10,11.73,,ft,Approved,,2025-03-11T20:23:18.678347+00:00,5f7360d3ef2f4fa5a5c552f766b7fb94
2016-05-11,12.14,,ft,Approved,,2025-03-11T20:23:18.678347+00:00,5f7360d3ef2f4fa5a5c552f766b7fb94
2016-05-12,12.99,,ft,Approved,,2025-03-11T20:23:18.678347+00:00,5f7360d3ef2f4fa5a5c552f766b7fb94
2016-05-13,14.86,,ft,Approved,,2025-03-11T20:23:18.678347+00:00,5f7360d3ef2f4fa5a5c552f766b7fb94
2016-05-14,16.91,,ft,Approved,,2025-03-11T20:23:18.678347+00:00,5f7360d3ef2f4fa5a5c552f766b7fb94
2016-05-15,18.01,,ft,Approved,,2025-03-11T20:23:18.678347+00:00,5f7360d3ef2f4fa5a5c552f766b7fb94
2016-05-16,19.73,,ft,Approved,,2025-03-11T20:23:18.678347+00:00,5f7360d3ef2f4fa5a5c552f766b7fb94
2016-05-17,19.44,,ft,Approved,,2025-03-11T20:23:18.678347+00:00,5f7360d3ef2f4fa5a5c552f766b7fb94
2016-05-18,19.63,,ft,Approved,,2025-03-11T20:23:18.678347+00:00,5f7360d3ef2f4fa5a5c552f766b7fb94
2016-05-19,21.64,,ft,Approved,,2025-03-11T20:23:18.678347+00:00,5f7360d3ef2f4fa5a5c552f766b7fb94
2016-05-20,16.41,,ft,Approved,,2025-03-11T20:23:18.678347+00:00,5f7360d3ef2f4fa5a5c552f766b7fb94
2016-05-21,17.34,,ft,Approved,,2025-03-11T20:23:18.678347+00:00,5f7360d3ef2f4fa5a5c552f766b7fb94
2016-05-22,19.61,,ft,Approved,,2025-03-11T20:23:18.678347+00:00,5f7360d3ef2f4fa5a5c552f766b7fb94
2016-05-23,19.54,,ft,Approved,,2025-03-11T20:23:18.678347+00:00,5f7360d3ef2f4fa5a5c552f766b7fb94
2016-05-24,19.52,,ft,Approved,,2025-03-11T20:23:18.678347+00:00,5f7360d3ef2f4fa5a5c552f766b7fb94
2016-05-25,19.42,,ft,Approved,,2025-03-11T20:23:18.678347+00:00,5f7360d3ef2f4fa5a5c552f766b7fb94
2016-05-26,17.11,,ft,Approved,,2025-03-11T20:23:18.678347+00:00,5f7360d3ef2f4fa5a5c552f766b7fb94
2016-05-27,14.69,,ft,Approved,,2025-03-11T20:23:18.678347+00:00,5f7360d3ef2f4fa5a5c552f766b7fb94
2016-05-28,13.03,,ft,Approved,,2025-03-11T20:23:18.678347+00:00,5f7360d3ef2f4fa5a5c552f766b7fb94
2016-05-29,17.12,,ft,Approved,,2025-03-11T20:23:18.678347+00:00,5f7360d3ef2f4fa5a5c552f766b7fb94
2016-05-30,20.36,,ft,Approved,,2025-03-11T20:23:18.678347+00:00,5f7360d3ef2f4fa5a5c552f766b7fb94
2016-05-31,27.84,,ft,Approved,,2025-03-11T20:23:18.678347+00:00,5f7360d3ef2f4fa5a5c552f766b7fb94
2016-06-01,28.69,,ft,Approved,,2025-03-11T20:23:18.678347+00:00,5f7360d3ef2f4fa5a5c552f766b7fb94
2016-06-02,28.7,,ft,Approved,,2025-03-11T20:23:18.678347+00:00,5f7360d3ef2f4fa5a5c552f766b7fb94
2016-06-03,28.8,,ft,Approved,,2025-03-11T20:23:18.678347+00:00,5f7360d3ef2f4fa5a5c552f766b7fb94
2016-06-04,28.86,,ft,Approved,,2025-03-11T20:23:18.678347+00:00,5f7360d3ef2f4fa5a5c552f766b7fb94
2016-06-05,28.95,,ft,Approved,,2025-03-11T20:23:18.678347+00:00,5f7360d3ef2f4fa5a5c552f766b7fb94
2016-06-06,29.0,,ft,Approved,,2025-03-11T20:23:18.678347+00:00,5f7360d3ef2f4fa5a5c552f766b7fb94
2016-06-07,29.6,,ft,Approved,,2025-03-11T20:23:18.678347+00:00,5f7360d3ef2f4fa5a5c552f766b7fb94
2016-06-08,29.51,,ft,Approved,,2025-03-11T20:23:18.678347+00:00,5f7360d3ef2f4fa5a5c552f766b7fb94
2016-06-09,29.43,,ft,Approved,,2025-03-11T20:23:18.678347+00:00,5f7360d3ef2f4fa5a5c552f766b7fb94
2016-06-10,29.3,,ft,Approved,,2025-03-11T20:23:18.678347+00:00,5f7360d3ef2f4fa5a5c552f766b7fb94
2016-06-11,28.24,,ft,Approved,,2025-03-11T20:23:18.678347+00:00,5f7360d3ef2f4fa5a5c552f766b7fb94
2016-06-12,25.92,,ft,Approved,,2025-03-11T20:23:18.678347+00:00,5f7360d3ef2f4fa5a5c552f766b7fb94
2016-06-13,24.3,,ft,Approved,,2025-03-11T20:23:18.678347+00:00,5f7360d3ef2f4fa5a5c552f766b7fb94
2016-06-14,22.54,,ft,Approved,,2025-03-11T20:23:18.678347+00:00,5f7360d3ef2f4fa5a5c552f766b7fb94
2016-06-15,20.94,,ft,Approved,,2025-03-11T20:23:18.678347+00:00,5f7360d3ef2f4fa5a5c552f766b7fb94
2016-06-16,19.18,,ft,Approved,,2025-03-11T20:23:18.678347+00:00,5f7360d3ef2f4fa5a5c552f766b7fb94
2016-06-17,18.92,,ft,Approved,,2025-03-11T20:23:18.678347+00:00,5f7360d3ef2f4fa5a5c552f766b7fb94
2016-06-18,17.78,,ft,Approved,,2025-03-11T20:23:18.678347+00:00,5f7360d3ef2f4fa5a5c552f766b7fb94
2016-06-19,16.63,,ft,Approved,,2025-03-11T20:23:18.678347+00:00,5f7360d3ef2f4fa5a5c552f766b7fb94
2016-06-20,16.58,,ft,Approved,,2025-03-11T20:23:18.678347+00:00,5f7360d3ef2f4fa5a5c552f766b7fb94
2016-06-21,16.53,,ft,Approved,,2025-03-11T20:23:18.678347+00:00,5f7360d3ef2f4fa5a5c552f766b7fb94
2016-06-22,16.58,,ft,Approved,,2025-03-11T20:23:18.678347+00:00,5f7360d3ef2f4fa5a5c552f766b7fb94
2016-06-23,16.5,,ft,Approved,,2025-03-11T20:23:18.678347+00:00,5f7360d3ef2f4fa5a5c552f766b7fb94
2016-06-24,16.47,,ft,Approved,,2025-03-11T20:23:18.678347+00:00,5f7360d3ef2f4fa5a5c552f766b7fb94
2016-06-25,15.4,,ft,Approved,,2025-03-11T20:23:18.678347+00:00,5f7360d3ef2f4fa5a5c552f766b7fb94
2016-06-26,12.44,,ft,Approved,,2025-03-11T20:23:18.678347+00:00,5f7360d3ef2f4fa5a5c552f766b7fb94
2016-06-27,11.86,,ft,Approved,,2025-03-11T20:23:18.678347+00:00,5f7360d3ef2f4fa5a5c552f766b7fb94
2016-06-28,12.06,,ft,Approved,,2025-03-11T20:23:18.678347+00:00,5f7360d3ef2f4fa5a5c552f766b7fb94
2016-06-29,13.86,,ft,Approved,,2025-03-11T20:23:18.678347+00:00,5f7360d3ef2f4fa5a5c552f766b7fb94
2016-06-30,15.19,,ft,Approved,,2025-03-11T20:23:18.678347+00:00,5f7360d3ef2f4fa5a5c552f766b7fb94
2016-07-01,13.52,,ft,Approved,,2025-03-11T20:23:18.678347+00:00,5f7360d3ef2f4fa5a5c552f766b7fb94
2016-07-02,11.28,,ft,Approved,,2025-03-11T20:23:18.678347+00:00,5f7360d3ef2f4fa5a5c552f766b7fb94
2016-07-03,11.51,,ft,Approved,,2025-03-11T20:23:18.678347+00:00,5f7360d3ef2f4fa5a5c552f766b7fb94
2016-07-04,11.6,,ft,Approved,,2025-03-11T20:23:18.678347+00:00,5f7360d3ef2f4fa5a5c552f766b7fb94
2016-07-05,11.54,,ft,Approved,,2025-03-11T20:23:18.678347+00:00,5f7360d3ef2f4fa5a5c552f766b7fb94
2016-07-06,11.52,,ft,Approved,,2025-03-11T20:23:18.678347+00:00,5f7360d3ef2f4fa5a5c552f766b7fb94
2016-07-07,11.49,,ft,Approved,,2025-03-11T20:23:18.678347+00:00,5f7360d3ef2f4fa5a5c552f766b7fb94
2016-07-08,11.52,,ft,Approved,,2025-03-11T20:23:18.678347+00:00,5f7360d3ef2f4fa5a5c552f766b7fb94
2016-07-09,11.66,,ft,Approved,,2025-03-11T20:23:18.678347+00:00,5f7360d3ef2f4fa5a5c552f766b7fb94
2016-07-10,11.85,,ft,Approved,,2025-03-11T20:23:18.678347+00:00,5f7360d3ef2f4fa5a5c552f766b7fb94
2016-07-11,11.78,,ft,Approved,,2025-03-11T20:23:18.678347+00:00,5f7360d3ef2f4fa5a5c552f766b7fb94
2016-07-12,12.21,,ft,Approved,,2025-03-11T20:23:18.678347+00:00,5f7360d3ef2f4fa5a5c552f766b7fb94
2016-07-13,12.35,,ft,Approved,,2025-03-11T20:23:18.678347+00:00,5f7360d3ef2f4fa5a5c552f766b7fb94
2016-07-14,12.64,,ft,Approved,,2025-03-11T20:23:18.678347+00:00,5f7360d3ef2f4fa5a5c552f766b7fb94
2016-07-15,12.58,,ft,Approved,,2025-03-11T20:23:18.678347+00:00,5f7360d3ef2f4fa5a5c552f766b7fb94
2016-07-16,12.55,,ft,Approved,,2025-03-11T20:23:18.678347+00:00,5f7360d3ef2f4fa5a5c552f766b7fb94
2016-07-17,12.2,,ft,Approved,,2025-03-11T20:23:18.678347+00:00,5f7360d3ef2f4fa5a5c552f766b7fb94
2016-07-18,12.18,,ft,Approved,,2025-03-11T20:23:18.678347+00:00,5f7360d3ef2f4fa5a5c552f766b7fb94
2016-07-19,12.2,,ft,Approved,,2025-03-11T20:23:18.678347+00:00,5f7360d3ef2f4fa5a5c552f766b7fb94
2016-07-20,12.16,,ft,Approved,,2025-03-11T20:23:18.678347+00:00,5f7360d3ef2f4fa5a5c552f766b7fb94
2016-07-21,12.1,,ft,Approved,,2025-03-11T20:23:18.678347+00:00,5f7360d3ef2f4fa5a5c552f766b7fb94
2016-07-22,12.13,,ft,Approved,,2025-03-11T20:23:18.678347+00:00,5f7360d3ef2f4fa5a5c552f766b7fb94
2016-07-23,12.04,,ft,Approved,,2025-03-11T20:23:18.678347+00:00,5f7360d3ef2f4fa5a5c552f766b7fb94
2016-07-24,11.75,,ft,Approved,,2025-03-11T20:23:18.678347+00:00,5f7360d3ef2f4fa5a5c552f766b7fb94
2016-07-25,11.78,,ft,Approved,,2025-03-11T20:23:18.678347+00:00,5f7360d3ef2f4fa5a5c552f766b7fb94
2016-07-26,12.06,,ft,Approved,,2025-03-11T20:23:18.678347+00:00,5f7360d3ef2f4fa5a5c552f766b7fb94
2016-07-27,11.96,,ft,Approved,,2025-03-11T20:23:18.678347+00:00,5f7360d3ef2f4fa5a5c552f766b7fb94
2016-07-28,11.54,,ft,Approved,,2025-03-11T20:23:18.678347+00:00,5f7360d3ef2f4fa5a5c552f766b7fb94
2016-07-29,11.54,,ft,Approved,,2025-03-11T20:23:18.678347+00:00,5f7360d3ef2f4fa5a5c552f766b7fb94
2016-07-30,11.43,,ft,Approved,,2025-03-11T20:23:18.678347+00:00,5f7360d3ef2f4fa5a5c552f766b7fb94
2016-07-31,11.62,,ft,Approved,,2025-03-11T20:23:18.678347+00:00,5f7360d3ef2f4fa5a5c552f766b7fb94
2016-08-01,11.41,,ft,Approved,,2025-03-11T20:23:18.678347+00:00,5f7360d3ef2f4fa5a5c552f766b7fb94
2016-08-02,11.63,,ft,Approved,,2025-03-11T20:23:18.678347+00:00,5f7360d3ef2f4fa5a5c552f766b7fb94
2016-08-03,11.67,,ft,Approved,,2025-03-11T20:23:18.678347+00:00,5f7360d3ef2f4fa5a5c552f766b7fb94
2016-08-04,11.44,,ft,Approved,,2025-03-11T20:23:18.678347+00:00,5f7360d3ef2f4fa5a5c552f766b7fb94
2016-08-05,11.66,,ft,Approved,,2025-03-11T20:23:18.678347+00:00,5f7360d3ef2f4fa5a5c552f766b7fb94
2016-08-06,11.72,,ft,Approved,,2025-03-11T20:23:18.678347+00:00,5f7360d3ef2f4fa5a5c552f766b7fb94
2016-08-07,12.05,,ft,Approved,,2025-03-11T20:23:18.678347+00:00,5f7360d3ef2f4fa5a5c552f766b7fb94
2016-08-08,12.24,,ft,Approved,,2025-03-11T20:23:18.678347+00:00,5f7360d3ef2f4fa5a5c552f766b7fb94
2016-08-09,12.02,,ft,Approved,,2025-03-11T20:23:18.678347+00:00,5f7360d3ef2f4fa5a5c552f766b7fb94
2016-08-10,12.21,,ft,Approved,,2025-03-11T20:23:18.678347+00:00,5f7360d3ef2f4fa5a5c552f766b7fb94
2016-08-11,12.44,,ft,Approved,,2025-03-11T20:23:18.678347+00:00,5f7360d3ef2f4fa5a5c552f766b7fb94
2016-08-12,12.21,,ft,Approved,,2025-03-11T20:23:18.678347+00:00,5f7360d3ef2f4fa5a5c552f766b7fb94
2016-08-13,12.06,,ft,Approved,,2025-03-11T20:23:18.678347+00:00,5f7360d3ef2f4fa5a5c552f766b7fb94
2016-08-14,12.45,,ft,Approved,,2025-03-11T20:23:18.678347+00:00,5f7360d3ef2f4fa5a5c552f766b7fb94
2016-08-15,14.03,,ft,Approved,,2025-03-11T20:23:18.678347+00:00,5f7360d3ef2f4fa5a5c552f766b7fb94
2016-08-16,15.6,,ft,Approved,,2025-03-11T20:23:18.678347+00:00,5f7360d3ef2f4fa5a5c552f766b7fb94
2016-08-17,14.81,,ft,Approved,,2025-03-11T20:23:18.678347+00:00,5f7360d3ef2f4fa5a5c552f766b7fb94
2016-08-18,12.72,,ft,Approved,,2025-03-11T20:23:18.678347+00:00,5f7360d3ef2f4fa5a5c552f766b7fb94
2016-08-19,12.22,,ft,Approved,,2025-03-11T20:23:18.678347+00:00,5f7360d3ef2f4fa5a5c552f766b7fb94
2016-08-20,13.12,,ft,Approved,,2025-03-11T20:23:18.678347+00:00,5f7360d3ef2f4fa5a5c552f766b7fb94
2016-08-21,14.29,,ft,Approved,,2025-03-11T20:23:18.678347+00:00,5f7360d3ef2f4fa5a5c552f766b7fb94
2016-08-22,13.82,,ft,Approved,,2025-03-11T20:23:18.678347+00:00,5f7360d3ef2f4fa5a5c552f766b7fb94
2016-08-23,14.22,,ft,Approved,,2025-03-11T20:23:18.678347+00:00,5f7360d3ef2f4fa5a5c552f766b7fb94
2016-08-24,15.58,,ft,Approved,,2025-03-11T20:23:18.678347+00:00,5f7360d3ef2f4fa5a5c552f766b7fb94
2016-08-25,13.41,,ft,Approved,,2025-03-11T20:23:18.678347+00:00,5f7360d3ef2f4fa5a5c552f766b7fb94
2016-08-26,11.85,,ft,Approved,,2025-03-11T20:23:18.678347+00:00,5f7360d3ef2f4fa5a5c552f766b7fb94
2016-08-27,13.06,,ft,Approved,,2025-03-11T20:23:18.678347+00:00,5f7360d3ef2f4fa5a5c552f766b7fb94
2016-08-28,13.39,,ft,Approved,,2025-03-11T20:23:18.678347+00:00,5f7360d3ef2f4fa5a5c552f766b7fb94
2016-08-29,13.19,,ft,Approved,,2025-03-11T20:23:18.678347+00:00,5f7360d3ef2f4fa5a5c552f766b7fb94
2016-08-30,13.47,,ft,Approved,,2025-03-11T20:23:18.678347+00:00,5f7360d3ef2f4fa5a5c552f766b7fb94
2016-08-31,12.95,,ft,Approved,,2025-03-11T20:23:18.678347+00:00,5f7360d3ef2f4fa5a5c552f766b7fb94
2016-09-01,12.46,,ft,Approved,,2025-03-11T20:23:18.678347+00:00,5f7360d3ef2f4fa5a5c552f766b7fb94
2016-09-02,12.54,,ft,Approved,,2025-03-11T20:23:18.678347+00:00,5f7360d3ef2f4fa5a5c552f766b7fb94
2016-09-03,12.23,,ft,Approved,,2025-03-11T20:23:18.678347+00:00,5f7360d3ef2f4fa5a5c552f766b7fb94
2016-09-04,12.34,,ft,Approved,,2025-03-11T20:23:18.678347+00:00,5f7360d3ef2f4fa5a5c552f766b7fb94
2016-09-05,12.46,,ft,Approved,,2025-03-11T20:23:18.678347+00:00,5f7360d3ef2f4fa5a5c552f766b7fb94
2016-09-06,12.34,,ft,Approved,,2025-03-11T20:23:18.678347+00:00,5f7360d3ef2f4fa5a5c552f766b7fb94
2016-09-07,12.28,,ft,Approved,,2025-03-11T20:23:18.678347+00:00,5f7360d3ef2f4fa5a5c552f766b7fb94
2016-09-08,12.26,,ft,Approved,,2025-03-11T20:23:18.678347+00:00,5f7360d3ef2f4fa5a5c552f766b7fb94
2016-09-09,12.44,,ft,Approved,,2025-03-11T20:23:18.678347+00:00,5f7360d3ef2f4fa5a5c552f766b7fb94
2016-09-10,12.07,,ft,Approved,,2025-03-11T20:23:18.678347+00:00,5f7360d3ef2f4fa5a5c552f766b7fb94
2016-09-11,11.94,,ft,Approved,,2025-03-11T20:23:18.678347+00:00,5f7360d3ef2f4fa5a5c552f766b7fb94
2016-09-12,11.87,,ft,Approved,,2025-03-11T20:23:18.678347+00:00,5f7360d3ef2f4fa5a5c552f766b7fb94
2016-09-13,11.87,,ft,Approved,,2025-03-11T20:23:18.678347+00:00,5f7360d3ef2f4fa5a5c552f766b7fb94
2016-09-14,11.75,,ft,Approved,,2025-03-11T20:23:18.678347+00:00,5f7360d3ef2f4fa5a5c552f766b7fb94
2016-09-15,11.87,,ft,Approved,,2025-03-11T20:23:18.678347+00:00,5f7360d3ef2f4fa5a5c552f766b7fb94
2016-09-16,11.46,,ft,Approved,,2025-03-11T20:23:18.678347+00:00,5f7360d3ef2f4fa5a5c552f766b7fb94
2016-09-17,11.57,,ft,Approved,,2025-03-11T20:23:18.678347+00:00,5f7360d3ef2f4fa5a5c552f766b7fb94
2016-09-18,11.82,,ft,Approved,,2025-03-11T20:23:18.678347+00:00,5f7360d3ef2f4fa5a5c552f766b7fb94
2016-09-19,11.66,,ft,Approved,,2025-03-11T20:23:18.678347+00:00,5f7360d3ef2f4fa5a5c552f766b7fb94
2016-09-20,11.75,,ft,Approved,,2025-03-11T20:23:18.678347+00:00,5f7360d3ef2f4fa5a5c552f766b7fb94
2016-09-21,11.73,,ft,Approved,,2025-03-11T20:23:18.678347+00:00,5f7360d3ef2f4fa5a5c552f766b7fb94
2016-09-22,11.56,,ft,Approved,,2025-03-11T20:23:18.678347+00:00,5f7360d3ef2f4fa5a5c552f766b7fb94
2016-09-23,11.6,,ft,Approved,,2025-03-11T20:23:18.678347+00:00,5f7360d3ef2f4fa5a5c552f766b7fb94
2016-09-24,11.28,,ft,Approved,,2025-03-11T20:23:18.678347+00:00,5f7360d3ef2f4fa5a5c552f766b7fb94
2016-09-25,11.73,,ft,Approved,,2025-03-11T20:23:18.678347+00:00,5f7360d3ef2f4fa5a5c552f766b7fb94
2016-09-26,12.03,,ft,Approved,,2025-03-11T20:23:18.678347+00:00,5f7360d3ef2f4fa5a5c552f766b7fb94
2016-09-27,11.64,,ft,Approved,,2025-03-11T20:23:18.678347+00:00,5f7360d3ef2f4fa5a5c552f766b7fb94
2016-09-28,11.42,,ft,Approved,,2025-03-11T20:23:18.678347+00:00,5f7360d3ef2f4fa5a5c552f766b7fb94
2016-09-29,11.27,,ft,Approved,,2025-03-11T20:23:18.678347+00:00,5f7360d3ef2f4fa5a5c552f766b7fb94
2016-09-30,11.39,,ft,Approved,,2025-03-11T20:23:18.678347+00:00,5f7360d3ef2f4fa5a5c552f766b7fb94
2016-10-01,12.56,,ft,Approved,,2025-03-11T20:23:18.678347+00:00,5f7360d3ef2f4fa5a5c552f766b7fb94
2016-10-02,12.33,,ft,Approved,,2025-03-11T20:23:18.678347+00:00,5f7360d3ef2f4fa5a5c552f766b7fb94
2016-10-03,12.26,,ft,Approved,,2025-03-11T20:23:18.678347+00:00,5f7360d3ef2f4fa5a5c552f766b7fb94
2016-10-04,12.31,,ft,Approved,,2025-03-11T20:23:18.678347+00:00,5f7360d3ef2f4fa5a5c552f766b7fb94
2016-10-05,12.34,,ft,Approved,,2025-03-11T20:23:18.678347+00:00,5f7360d3ef2f4fa5a5c552f766b7fb94
2016-10-06,12.28,,ft,Approved,,2025-03-11T20:23:18.678347+00:00,5f7360d3ef2f4fa5a5c552f766b7fb94
2016-10-07,12.27,,ft,Approved,,2025-03-11T20:23:18.678347+00:00,5f7360d3ef2f4fa5a5c552f766b7fb94
2016-10-08,12.38,,ft,Approved,,2025-03-11T20:23:18.678347+00:00,5f7360d3ef2f4fa5a5c552f766b7fb94
2016-10-09,12.55,,ft,Approved,,2025-03-11T20:23:18.678347+00:00,5f7360d3ef2f4fa5a5c552f766b7fb94
2016-10-10,12.57,,ft,Approved,,2025-03-11T20:23:18.678347+00:00,5f7360d3ef2f4fa5a5c552f766b7fb94
2016-10-11,12.09,,ft,Approved,,2025-03-11T20:23:18.678347+00:00,5f7360d3ef2f4fa5a5c552f766b7fb94
2016-10-12,11.61,,ft,Approved,,2025-03-11T20:23:18.678347+00:00,5f7360d3ef2f4fa5a5c552f766b7fb94
2016-10-13,11.69,,ft,Approved,,2025-03-11T20:23:18.678347+00:00,5f7360d3ef2f4fa5a5c552f766b7fb94
2016-10-14,11.42,,ft,Approved,,2025-03-11T20:23:18.678347+00:00,5f7360d3ef2f4fa5a5c552f766b7fb94
2016-10-15,12.22,,ft,Approved,,2025-03-11T20:23:18.678347+00:00,5f7360d3ef2f4fa5a5c552f766b7fb94
2016-10-16,11.73,,ft,Approved,,2025-03-11T20:23:18.678347+00:00,5f7360d3ef2f4fa5a5c552f766b7fb94
2016-10-17,11.74,,ft,Approved,,2025-03-11T20:23:18.678347+00:00,5f7360d3ef2f4fa5a5c552f766b7fb94
2016-10-18,11.64,,ft,Approved,,2025-03-11T20:23:18.678347+00:00,5f7360d3ef2f4fa5a5c552f766b7fb94
2016-10-19,11.73,,ft,Approved,,2025-03-11T20:23:18.678347+00:00,5f7360d3ef2f4fa5a5c552f766b7fb94
2016-10-20,11.74,,ft,Approved,,2025-03-11T20:23:18.678347+00:00,5f7360d3ef2f4fa5a5c552f766b7fb94
2016-10-21,11.52,,ft,Approved,,2025-03-11T20:23:18.678347+00:00,5f7360d3ef2f4fa5a5c552f766b7fb94
2016-10-22,11.57,,ft,Approved,,2025-03-11T20:23:18.678347+00:00,5f7360d3ef2f4fa5a5c552f766b7fb94
2016-10-23,11.62,,ft,Approved,,2025-03-11T20:23:18.678347+00:00,5f7360d3ef2f4fa5a5c552f766b7fb94
2016-10-24,11.6,,ft,Approved,,2025-03-11T20:23:18.678347+00:00,5f7360d3ef2f4fa5a5c552f766b7fb94
2016-10-25,11.59,,ft,Approved,,2025-03-11T20:23:18.678347+00:00,5f7360d3ef2f4fa5a5c552f766b7fb94
2016-10-26,11.54,,ft,Approved,,2025-03-11T20:23:18.678347+00:00,5f7360d3ef2f4fa5a5c552f766b7fb94
2016-10-27,11.55,,ft,Approved,,2025-03-11T20:23:18.678347+00:00,5f7360d3ef2f4fa5a5c552f766b7fb94
2016-10-28,11.57,,ft,Approved,,2025-03-11T20:23:18.678347+00:00,5f7360d3ef2f4fa5a5c552f766b7fb94
2016-10-29,11.57,,ft,Approved,,2025-03-11T20:23:18.678347+00:00,5f7360d3ef2f4fa5a5c552f766b7fb94
2016-10-30,11.56,,ft,Approved,,2025-03-11T20:23:18.678347+00:00,5f7360d3ef2f4fa5a5c552f766b7fb94
2016-10-31,11.54,,ft,Approved,,2025-03-11T20:23:18.678347+00:00,5f7360d3ef2f4fa5a5c552f766b7fb94
2016-11-01,11.55,,ft,Approved,,2025-03-11T20:23:18.678347+00:00,5f7360d3ef2f4fa5a5c552f766b7fb94
2016-11-02,11.56,,ft,Approved,,2025-03-11T20:23:18.678347+00:00,5f7360d3ef2f4fa5a5c552f766b7fb94
2016-11-03,12.39,,ft,Approved,,2025-03-11T20:23:18.678347+00:00,5f7360d3ef2f4fa5a5c552f766b7fb94
2016-11-04,11.82,,ft,Approved,,2025-03-11T20:23:18.678347+00:00,5f7360d3ef2f4fa5a5c552f766b7fb94
2016-11-05,11.61,,ft,Approved,,2025-03-11T20:23:18.678347+00:00,5f7360d3ef2f4fa5a5c552f766b7fb94
2016-11-06,12.08,,ft,Approved,,2025-03-11T20:23:18.678347+00:00,5f7360d3ef2f4fa5a5c552f766b7fb94
2016-11-07,11.74,,ft,Approved,,2025-03-11T20:23:18.678347+00:00,5f7360d3ef2f4fa5a5c552f766b7fb94
2016-11-08,13.56,,ft,Approved,,2025-03-11T20:23:18.678347+00:00,5f7360d3ef2f4fa5a5c552f766b7fb94
2016-11-09,16.55,,ft,Approved,,2025-03-11T20:23:18.678347+00:00,5f7360d3ef2f4fa5a5c552f766b7fb94
2016-11-10,15.83,,ft,Approved,,2025-03-11T20:23:18.678347+00:00,5f7360d3ef2f4fa5a5c552f766b7fb94
2016-11-11,16.33,,ft,Approved,,2025-03-11T20:23:18.678347+00:00,5f7360d3ef2f4fa5a5c552f766b7fb94
2016-11-12,16.24,,ft,Approved,,2025-03-11T20:23:18.678347+00:00,5f7360d3ef2f4fa5a5c552f766b7fb94
2016-11-13,16.23,,ft,Approved,,2025-03-11T20:23:18.678347+00:00,5f7360d3ef2f4fa5a5c552f766b7fb94
2016-11-14,16.23,,ft,Approved,,2025-03-11T20:23:18.678347+00:00,5f7360d3ef2f4fa5a5c552f766b7fb94
2016-11-15,15.47,,ft,Approved,,2025-03-11T20:23:18.678347+00:00,5f7360d3ef2f4fa5a5c552f766b7fb94
2016-11-16,13.32,,ft,Approved,,2025-03-11T20:23:18.678347+00:00,5f7360d3ef2f4fa5a5c552f766b7fb94
2016-11-17,13.07,,ft,Approved,,2025-03-11T20:23:18.678347+00:00,5f7360d3ef2f4fa5a5c552f766b7fb94
2016-11-18,12.98,,ft,Approved,,2025-03-11T20:23:18.678347+00:00,5f7360d3ef2f4fa5a5c552f766b7fb94
2016-11-19,12.23,,ft,Approved,,2025-03-11T20:23:18.678347+00:00,5f7360d3ef2f4fa5a5c552f766b7fb94
2016-11-20,12.36,,ft,Approved,,2025-03-11T20:23:18.678347+00:00,5f7360d3ef2f4fa5a5c552f766b7fb94
2016-11-21,11.74,,ft,Approved,,2025-03-11T20:23:18.678347+00:00,5f7360d3ef2f4fa5a5c552f766b7fb94
2016-11-22,11.78,,ft,Approved,,2025-03-11T20:23:18.678347+00:00,5f7360d3ef2f4fa5a5c552f766b7fb94
2016-11-23,11.83,,ft,Approved,,2025-03-11T20:23:18.678347+00:00,5f7360d3ef2f4fa5a5c552f766b7fb94
2016-11-24,11.66,,ft,Approved,,2025-03-11T20:23:18.678347+00:00,5f7360d3ef2f4fa5a5c552f766b7fb94
2016-11-25,12.42,,ft,Approved,,2025-03-11T20:23:18.678347+00:00,5f7360d3ef2f4fa5a5c552f766b7fb94
2016-11-26,12.26,,ft,Approved,,2025-03-11T20:23:18.678347+00:00,5f7360d3ef2f4fa5a5c552f766b7fb94
2016-11-27,12.39,,ft,Approved,,2025-03-11T20:23:18.678347+00:00,5f7360d3ef2f4fa5a5c552f766b7fb94
2016-11-28,12.42,,ft,Approved,,2025-03-11T20:23:18.678347+00:00,5f7360d3ef2f4fa5a5c552f766b7fb94
2016-11-29,12.03,,ft,Approved,,2025-03-11T20:23:18.678347+00:00,5f7360d3ef2f4fa5a5c552f766b7fb94
2016-11-30,12.02,,ft,Approved,,2025-03-11T20:23:18.678347+00:00,5f7360d3ef2f4fa5a5c552f766b7fb94
2016-12-01,11.91,,ft,Approved,,2025-03-11T20:23:18.678347+00:00,5f7360d3ef2f4fa5a5c552f766b7fb94
2016-12-02,12.0,,ft,Approved,,2025-03-11T20:23:18.678347+00:00,5f7360d3ef2f4fa5a5c552f766b7fb94
2016-12-03,12.58,,ft,Approved,,2025-03-11T20:23:18.678347+00:00,5f7360d3ef2f4fa5a5c552f766b7fb94
2016-12-04,12.24,,ft,Approved,,2025-03-11T20:23:18.678347+00:00,5f7360d3ef2f4fa5a5c552f766b7fb94
2016-12-05,12.2,,ft,Approved,,2025-03-11T20:23:18.678347+00:00,5f7360d3ef2f4fa5a5c552f766b7fb94
2016-12-06,11.52,,ft,Approved,,2025-03-11T20:23:18.678347+00:00,5f7360d3ef2f4fa5a5c552f766b7fb94
2016-12-07,12.51,,ft,Approved,,2025-03-11T20:23:18.678347+00:00,5f7360d3ef2f4fa5a5c552f766b7fb94
2016-12-08,13.02,,ft,Approved,,2025-03-11T20:23:18.678347+00:00,5f7360d3ef2f4fa5a5c552f766b7fb94
2016-12-09,13.39,,ft,Approved,,2025-03-11T20:23:18.678347+00:00,5f7360d3ef2f4fa5a5c552f766b7fb94
2016-12-10,12.36,,ft,Approved,,2025-03-11T20:23:18.678347+00:00,5f7360d3ef2f4fa5a5c552f766b7fb94
2016-12-11,12.85,,ft,Approved,,2025-03-11T20:23:18.678347+00:00,5f7360d3ef2f4fa5a5c552f766b7fb94
2016-12-12,13.01,,ft,Approved,,2025-03-11T20:23:18.678347+00:00,5f7360d3ef2f4fa5a5c552f766b7fb94
2016-12-13,12.97,,ft,Approved,,2025-03-11T20:23:18.678347+00:00,5f7360d3ef2f4fa5a5c552f766b7fb94
2016-12-14,11.32,,ft,Approved,,2025-03-11T20:23:18.678347+00:00,5f7360d3ef2f4fa5a5c552f766b7fb94
2016-12-15,12.91,,ft,Approved,,2025-03-11T20:23:18.678347+00:00,5f7360d3ef2f4fa5a5c552f766b7fb94
2016-12-16,12.11,,ft,Approved,,2025-03-11T20:23:18.678347+00:00,5f7360d3ef2f4fa5a5c552f766b7fb94
2016-12-17,12.07,,ft,Approved,,2025-03-11T20:23:18.678347+00:00,5f7360d3ef2f4fa5a5c552f766b7fb94
2016-12-18,12.66,,ft,Approved,,2025-03-11T20:23:18.678347+00:00,5f7360d3ef2f4fa5a5c552f766b7fb94
2016-12-19,12.8,,ft,Approved,,2025-03-11T20:23:18.678347+00:00,5f7360d3ef2f4fa5a5c552f766b7fb94
2016-12-20,13.12,,ft,Approved,,2025-03-11T20:23:18.678347+00:00,5f7360d3ef2f4fa5a5c552f766b7fb94
2016-12-21,11.91,,ft,Approved,,2025-03-11T20:23:18.678347+00:00,5f7360d3ef2f4fa5a5c552f766b7fb94
2016-12-22,11.81,,ft,Approved,,2025-03-11T20:23:18.678347+00:00,5f7360d3ef2f4fa5a5c552f766b7fb94
2016-12-23,11.73,,ft,Approved,,2025-03-11T20:23:18.678347+00:00,5f7360d3ef2f4fa5a5c552f766b7fb94
2016-12-24,11.74,,ft,Approved,,2025-03-11T20:23:18.678347+00:00,5f7360d3ef2f4fa5a5c552f766b7fb94
2016-12-25,11.92,,ft,Approved,,2025-03-11T20:23:18.678347+00:00,5f7360d3ef2f4fa5a5c552f766b7fb94
2016-12-26,11.74,,ft,Approved,,2025-03-11T20:23:18.678347+00:00,5f7360d3ef2f4fa5a5c552f766b7fb94
2016-12-27,11.63,,ft,Approved,,2025-03-11T20:23:18.678347+00:00,5f7360d3ef2f4fa5a5c552f766b7fb94
2016-12-28,11.76,,ft,Approved,,2025-03-11T20:23:18.678347+00:00,5f7360d3ef2f4fa5a5c552f766b7fb94
2016-12-29,11.61,,ft,Approved,,2025-03-11T20:23:18.678347+00:00,5f7360d3ef2f4fa5a5c552f766b7fb94
2016-12-30,11.9,,ft,Approved,,2025-03-11T20:23:18.678347+00:00,5f7360d3ef2f4fa5a5c552f766b7fb94
2016-12-31,11.95,,ft,Approved,,2025-03-11T20:23:18.678347+00:00,5f7360d3ef2f4fa5a5c552f766b7fb94
2017-01-01,11.66,,ft,Approved,,2025-03-11T20:23:18.678347+00:00,5f7360d3ef2f4fa5a5c552f766b7fb94
2017-01-02,12.55,,ft,Approved,,2025-03-11T20:23:18.678347+00:00,5f7360d3ef2f4fa5a5c552f766b7fb94
2017-01-03,12.25,,ft,Approved,,2025-03-11T20:23:18.678347+00:00,5f7360d3ef2f4fa5a5c552f766b7fb94
2017-01-04,12.39,,ft,Approved,,2025-03-11T20:23:18.678347+00:00,5f7360d3ef2f4fa5a5c552f766b7fb94
2017-01-05,13.54,,ft,Approved,,2025-03-11T20:23:18.678347+00:00,5f7360d3ef2f4fa5a5c552f766b7fb94
2017-01-06,13.53,,ft,Approved,,2025-03-11T20:23:18.678347+00:00,5f7360d3ef2f4fa5a5c552f766b7fb94
2017-01-07,13.56,,ft,Approved,,2025-03-11T20:23:18.678347+00:00,5f7360d3ef2f4fa5a5c552f766b7fb94
2017-01-08,13.3,,ft,Approved,,2025-03-11T20:23:18.678347+00:00,5f7360d3ef2f4fa5a5c552f766b7fb94
2017-01-09,12.52,,ft,Approved,,2025-03-11T20:23:18.678347+00:00,5f7360d3ef2f4fa5a5c552f766b7fb94
2017-01-10,12.52,,ft,Approved,,2025-03-11T20:23:18.678347+00:00,5f7360d3ef2f4fa5a5c552f766b7fb94
2017-01-11,12.46,,ft,Approved,,2025-03-11T20:23:18.678347+00:00,5f7360d3ef2f4fa5a5c552f766b7fb94
2017-01-12,12.75,,ft,Approved,,2025-03-11T20:23:18.678347+00:00,5f7360d3ef2f4fa5a5c552f766b7fb94
2017-01-13,13.58,,ft,Approved,,2025-03-11T20:23:18.678347+00:00,5f7360d3ef2f4fa5a5c552f766b7fb94
2017-01-14,13.4,,ft,Approved,,2025-03-11T20:23:18.678347+00:00,5f7360d3ef2f4fa5a5c552f766b7fb94
2017-01-15,13.44,,ft,Approved,,2025-03-11T20:23:18.678347+00:00,5f7360d3ef2f4fa5a5c552f766b7fb94
2017-01-16,14.21,,ft,Approved,,2025-03-11T20:23:18.678347+00:00,5f7360d3ef2f4fa5a5c552f766b7fb94
2017-01-17,13.84,,ft,Approved,,2025-03-11T20:23:18.678347+00:00,5f7360d3ef2f4fa5a5c552f766b7fb94
2017-01-18,15.45,,ft,Approved,,2025-03-11T20:23:18.678347+00:00,5f7360d3ef2f4fa5a5c552f766b7fb94
2017-01-19,15.2,,ft,Approved,,2025-03-11T20:23:18.678347+00:00,5f7360d3ef2f4fa5a5c552f766b7fb94
2017-01-20,14.67,,ft,Approved,,2025-03-11T20:23:18.678347+00:00,5f7360d3ef2f4fa5a5c552f766b7fb94
2017-01-21,14.72,,ft,Approved,,2025-03-11T20:23:18.678347+00:00,5f7360d3ef2f4fa5a5c552f766b7fb94
2017-01-22,12.92,,ft,Approved,,2025-03-11T20:23:18.678347+00:00,5f7360d3ef2f4fa5a5c552f766b7fb94
2017-01-23,12.54,,ft,Approved,,2025-03-11T20:23:18.678347+00:00,5f7360d3ef2f4fa5a5c552f766b7fb94
2017-01-24,12.54,,ft,Approved,,2025-03-11T20:23:18.678347+00:00,5f7360d3ef2f4fa5a5c552f766b7fb94
2017-01-25,11.88,,ft,Approved,,2025-03-11T20:23:18.678347+00:00,5f7360d3ef2f4fa5a5c552f766b7fb94
2017-01-27,11.77,,ft,Approved,,2025-03-11T20:23:18.678347+00:00,5f7360d3ef2f4fa5a5c552f766b7fb94
2017-01-28,11.75,,ft,Approved,,2025-03-11T20:23:18.678347+00:00,5f7360d3ef2f4fa5a5c552f766b7fb94
2017-01-29,11.73,,ft,Approved,,2025-03-11T20:23:18.678347+00:00,5f7360d3ef2f4fa5a5c552f766b7fb94
2017-01-30,11.86,,ft,Approved,,2025-03-11T20:23:18.678347+00:00,5f7360d3ef2f4fa5a5c552f766b7fb94
2017-01-31,11.83,,ft,Approved,,2025-03-11T20:23:18.678347+00:00,5f7360d3ef2f4fa5a5c552f766b7fb94
2017-02-01,11.7,,ft,Approved,,2025-03-11T20:23:18.678347+00:00,5f7360d3ef2f4fa5a5c552f766b7fb94
2017-02-02,11.65,,ft,Approved,,2025-03-11T20:23:18.678347+00:00,5f7360d3ef2f4fa5a5c552f766b7fb94
2017-02-03,12.7,,ft,Approved,,2025-03-11T20:23:18.678347+00:00,5f7360d3ef2f4fa5a5c552f766b7fb94
2017-02-04,12.78,,ft,Approved,,2025-03-11T20:23:18.678347+00:00,5f7360d3ef2f4fa5a5c552f766b7fb94
2017-02-05,11.98,,ft,Approved,,2025-03-11T20:23:18.678347+00:00,5f7360d3ef2f4fa5a5c552f766b7fb94
2017-02-06,12.11,,ft,Approved,,2025-03-11T20:23:18.678347+00:00,5f7360d3ef2f4fa5a5c552f766b7fb94
2017-02-07,11.62,,ft,Approved,,2025-03-11T20:23:18.678347+00:00,5f7360d3ef2f4fa5a5c552f766b7fb94
2017-02-08,11.72,,ft,Approved,,2025-03-11T20:23:18.678347+00:00,5f7360d3ef2f4fa5a5c552f766b7fb94
2017-02-09,11.66,,ft,Approved,,2025-03-11T20:23:18.678347+00:00,5f7360d3ef2f4fa5a5c552f766b7fb94
2017-02-10,11.66,,ft,Approved,,2025-03-11T20:23:18.678347+00:00,5f7360d3ef2f4fa5a5c552f766b7fb94
2017-02-11,11.61,,ft,Approved,,2025-03-11T20:23:18.678347+00:00,5f7360d3ef2f4fa5a5c552f766b7fb94
2017-02-12,11.66,,ft,Approved,,2025-03-11T20:23:18.678347+00:00,5f7360d3ef2f4fa5a5c552f766b7fb94
2017-02-13,11.73,,ft,Approved,,2025-03-11T20:23:18.678347+00:00,5f7360d3ef2f4fa5a5c552f766b7fb94
2017-02-14,12.77,,ft,Approved,,2025-03-11T20:23:18.678347+00:00,5f7360d3ef2f4fa5a5c552f766b7fb94
2017-02-15,13.43,,ft,Approved,,2025-03-11T20:23:18.678347+00:00,5f7360d3ef2f4fa5a5c552f766b7fb94
2017-02-16,13.27,,ft,Approved,,2025-03-11T20:23:18.678347+00:00,5f7360d3ef2f4fa5a5c552f766b7fb94
2017-02-17,13.38,,ft,Approved,,2025-03-11T20:23:18.678347+00:00,5f7360d3ef2f4fa5a5c552f766b7fb94
2017-02-18,13.49,,ft,Approved,,2025-03-11T20:23:18.678347+00:00,5f7360d3ef2f4fa5a5c552f766b7fb94
2017-02-19,13.47,,ft,Approved,,2025-03-11T20:23:18.678347+00:00,5f7360d3ef2f4fa5a5c552f766b7fb94
2017-02-20,14.42,,ft,Approved,,2025-03-11T20:23:18.678347+00:00,5f7360d3ef2f4fa5a5c552f766b7fb94
2017-02-21,15.02,,ft,Approved,,2025-03-11T20:23:18.678347+00:00,5f7360d3ef2f4fa5a5c552f766b7fb94
2017-02-22,15.04,,ft,Approved,,2025-03-11T20:23:18.678347+00:00,5f7360d3ef2f4fa5a5c552f766b7fb94
2017-02-23,15.06,,ft,Approved,,2025-03-11T20:23:18.678347+00:00,5f7360d3ef2f4fa5a5c552f766b7fb94
2017-02-24,14.93,,ft,Approved,,2025-03-11T20:23:18.678347+00:00,5f7360d3ef2f4fa5a5c552f766b7fb94
2017-02-25,15.13,,ft,Approved,,2025-03-11T20:23:18.678347+00:00,5f7360d3ef2f4fa5a5c552f766b7fb94
2017-02-26,14.99,,ft,Approved,,2025-03-11T20:23:18.678347+00:00,5f7360d3ef2f4fa5a5c552f766b7fb94
2017-02-27,15.0,,ft,Approved,,2025-03-11T20:23:18.678347+00:00,5f7360d3ef2f4fa5a5c552f766b7fb94
2017-02-28,14.47,,ft,Approved,,2025-03-11T20:23:18.678347+00:00,5f7360d3ef2f4fa5a5c552f766b7fb94
2017-03-01,14.3,,ft,Approved,,2025-03-11T20:23:18.678347+00:00,5f7360d3ef2f4fa5a5c552f766b7fb94
2017-03-02,13.47,,ft,Approved,,2025-03-11T20:23:18.678347+00:00,5f7360d3ef2f4fa5a5c552f766b7fb94
2017-03-03,13.31,,ft,Approved,,2025-03-11T20:23:18.678347+00:00,5f7360d3ef2f4fa5a5c552f766b7fb94
2017-03-04,12.9,,ft,Approved,,2025-03-11T20:23:18.678347+00:00,5f7360d3ef2f4fa5a5c552f766b7fb94
2017-03-05,12.96,,ft,Approved,,2025-03-11T20:23:18.678347+00:00,5f7360d3ef2f4fa5a5c552f766b7fb94
2017-03-06,12.72,,ft,Approved,,2025-03-11T20:23:18.678347+00:00,5f7360d3ef2f4fa5a5c552f766b7fb94
2017-03-08,13.19,,ft,Approved,,2025-03-11T20:23:18.678347+00:00,5f7360d3ef2f4fa5a5c552f766b7fb94
2017-03-09,13.53,,ft,Approved,,2025-03-11T20:23:18.678347+00:00,5f7360d3ef2f4fa5a5c552f766b7fb94
2017-03-10,13.57,,ft,Approved,,2025-03-11T20:23:18.678347+00:00,5f7360d3ef2f4fa5a5c552f766b7fb94
2017-03-11,13.63,,ft,Approved,,2025-03-11T20:23:18.678347+00:00,5f7360d3ef2f4fa5a5c552f766b7fb94
2017-03-12,13.74,,ft,Approved,,2025-03-11T20:23:18.678347+00:00,5f7360d3ef2f4fa5a5c552f766b7fb94
2017-03-13,13.55,,ft,Approved,,2025-03-11T20:23:18.678347+00:00,5f7360d3ef2f4fa5a5c552f766b7fb94
2017-03-14,13.53,,ft,Approved,,2025-03-11T20:23:18.678347+00:00,5f7360d3ef2f4fa5a5c552f766b7fb94
2017-03-15,13.61,,ft,Approved,,2025-03-11T20:23:18.678347+00:00,5f7360d3ef2f4fa5a5c552f766b7fb94
2017-03-16,12.26,,ft,Approved,,2025-03-11T20:23:18.678347+00:00,5f7360d3ef2f4fa5a5c552f766b7fb94
2017-03-17,12.18,,ft,Approved,,2025-03-11T20:23:18.678347+00:00,5f7360d3ef2f4fa5a5c552f766b7fb94
2017-03-18,13.61,,ft,Approved,,2025-03-11T20:23:18.678347+00:00,5f7360d3ef2f4fa5a5c552f766b7fb94
2017-03-19,13.54,,ft,Approved,,2025-03-11T20:23:18.678347+00:00,5f7360d3ef2f4fa5a5c552f766b7fb94
2017-03-20,13.46,,ft,Approved,,2025-03-11T20:23:18.678347+00:00,5f7360d3ef2f4fa5a5c552f766b7fb94
2017-03-21,13.49,,ft,Approved,,2025-03-11T20:23:18.678347+00:00,5f7360d3ef2f4fa5a5c552f766b7fb94
2017-03-22,13.44,,ft,Approved,,2025-03-11T20:23:18.678347+00:00,5f7360d3ef2f4fa5a5c552f766b7fb94
2017-03-23,13.54,,ft,Approved,,2025-03-11T20:23:18.678347+00:00,5f7360d3ef2f4fa5a5c552f766b7fb94
2017-03-24,13.34,,ft,Approved,,2025-03-11T20:23:18.678347+00:00,5f7360d3ef2f4fa5a5c552f766b7fb94
2017-03-25,13.21,,ft,Approved,,2025-03-11T20:23:18.678347+00:00,5f7360d3ef2f4fa5a5c552f766b7fb94
2017-03-26,12.45,,ft,Approved,,2025-03-11T20:23:18.678347+00:00,5f7360d3ef2f4fa5a5c552f766b7fb94
2017-03-27,12.29,,ft,Approved,,2025-03-11T20:23:18.678347+00:00,5f7360d3ef2f4fa5a5c552f766b7fb94
2017-03-28,12.28,,ft,Approved,,2025-03-11T20:23:18.678347+00:00,5f7360d3ef2f4fa5a5c552f766b7fb94
2017-03-29,12.84,,ft,Approved,,2025-03-11T20:23:18.678347+00:00,5f7360d3ef2f4fa5a5c552f766b7fb94
2017-03-30,12.36,,ft,Approved,,2025-03-11T20:23:18.678347+00:00,5f7360d3ef2f4fa5a5c552f766b7fb94
2017-03-31,13.13,,ft,Approved,,2025-03-11T20:23:18.678347+00:00,5f7360d3ef2f4fa5a5c552f766b7fb94
2017-04-01,12.37,,ft,Approved,,2025-03-11T20:23:18.678347+00:00,5f7360d3ef2f4fa5a5c552f766b7fb94
2017-04-02,12.91,,ft,Approved,,2025-03-11T20:23:18.678347+00:00,5f7360d3ef2f4fa5a5c552f766b7fb94
2017-04-03,14.53,,ft,Approved,,2025-03-11T20:23:18.678347+00:00,5f7360d3ef2f4fa5a5c552f766b7fb94
2017-04-04,16.13,,ft,Approved,,2025-03-11T20:23:18.678347+00:00,5f7360d3ef2f4fa5a5c552f766b7fb94
2017-04-05,16.15,,ft,Approved,,2025-03-11T20:23:18.678347+00:00,5f7360d3ef2f4fa5a5c552f766b7fb94
2017-04-06,16.13,,ft,Approved,,2025-03-11T20:23:18.678347+00:00,5f7360d3ef2f4fa5a5c552f766b7fb94
2017-04-07,16.13,,ft,Approved,,2025-03-11T20:23:18.678347+00:00,5f7360d3ef2f4fa5a5c552f766b7fb94
2017-04-08,16.14,,ft,Approved,,2025-03-11T20:23:18.678347+00:00,5f7360d3ef2f4fa5a5c552f766b7fb94
2017-04-09,16.16,,ft,Approved,,2025-03-11T20:23:18.678347+00:00,5f7360d3ef2f4fa5a5c552f766b7fb94
2017-04-10,13.17,,ft,Approved,,2025-03-11T20:23:18.678347+00:00,5f7360d3ef2f4fa5a5c552f766b7fb94
2017-04-11,13.25,,ft,Approved,,2025-03-11T20:23:18.678347+00:00,5f7360d3ef2f4fa5a5c552f766b7fb94
2017-04-12,13.64,,ft,Approved,,2025-03-11T20:23:18.678347+00:00,5f7360d3ef2f4fa5a5c552f766b7fb94
2017-04-13,16.11,,ft,Approved,,2025-03-11T20:23:18.678347+00:00,5f7360d3ef2f4fa5a5c552f766b7fb94
2017-04-14,13.59,,ft,Approved,,2025-03-11T20:23:18.678347+00:00,5f7360d3ef2f4fa5a5c552f766b7fb94
2017-04-15,13.54,,ft,Approved,,2025-03-11T20:23:18.678347+00:00,5f7360d3ef2f4fa5a5c552f766b7fb94
2017-04-16,13.36,,ft,Approved,,2025-03-11T20:23:18.678347+00:00,5f7360d3ef2f4fa5a5c552f766b7fb94
2017-04-17,12.41,,ft,Approved,,2025-03-11T20:23:18.678347+00:00,5f7360d3ef2f4fa5a5c552f766b7fb94
2017-04-18,12.18,,ft,Approved,,2025-03-11T20:23:18.678347+00:00,5f7360d3ef2f4fa5a5c552f766b7fb94
2017-04-19,12.9,,ft,Approved,,2025-03-11T20:23:18.678347+00:00,5f7360d3ef2f4fa5a5c552f766b7fb94
2017-04-20,12.81,,ft,Approved,,2025-03-11T20:23:18.678347+00:00,5f7360d3ef2f4fa5a5c552f766b7fb94
2017-04-21,13.17,,ft,Approved,,2025-03-11T20:23:18.678347+00:00,5f7360d3ef2f4fa5a5c552f766b7fb94
2017-04-22,12.21,,ft,Approved,,2025-03-11T20:23:18.678347+00:00,5f7360d3ef2f4fa5a5c552f766b7fb94
2017-04-23,11.94,,ft,Approved,,2025-03-11T20:23:18.678347+00:00,5f7360d3ef2f4fa5a5c552f766b7fb94
2017-04-24,11.94,,ft,Approved,,2025-03-11T20:23:18.678347+00:00,5f7360d3ef2f4fa5a5c552f766b7fb94
2017-04-25,11.94,,ft,Approved,,2025-03-11T20:23:18.678347+00:00,5f7360d3ef2f4fa5a5c552f766b7fb94
2017-04-26,11.93,,ft,Approved,,2025-03-11T20:23:18.678347+00:00,5f7360d3ef2f4fa5a5c552f766b7fb94
2017-04-27,11.9,,ft,Approved,,2025-03-11T20:23:18.678347+00:00,5f7360d3ef2f4fa5a5c552f766b7fb94
2017-04-28,11.91,,ft,Approved,,2025-03-11T20:23:18.678347+00:00,5f7360d3ef2f4fa5a5c552f766b7fb94
2017-04-29,11.8,,ft,Approved,,2025-03-11T20:23:18.678347+00:00,5f7360d3ef2f4fa5a5c552f766b7fb94
2017-04-30,11.79,,ft,Approved,,2025-03-11T20:23:18.678347+00:00,5f7360d3ef2f4fa5a5c552f766b7fb94
2017-05-01,11.77,,ft,Approved,,2025-03-11T20:23:18.678347+00:00,5f7360d3ef2f4fa5a5c552f766b7fb94
2017-05-02,11.9,,ft,Approved,,2025-03-11T20:23:18.678347+00:00,5f7360d3ef2f4fa5a5c552f766b7fb94
2017-05-03,11.7,,ft,Approved,,2025-03-11T20:23:18.678347+00:00,5f7360d3ef2f4fa5a5c552f766b7fb94
2017-05-04,11.86,,ft,Approved,,2025-03-11T20:23:18.678347+00:00,5f7360d3ef2f4fa5a5c552f766b7fb94
2017-05-05,11.84,,ft,Approved,,2025-03-11T20:23:18.678347+00:00,5f7360d3ef2f4fa5a5c552f766b7fb94
2017-05-06,11.74,,ft,Approved,,2025-03-11T20:23:18.678347+00:00,5f7360d3ef2f4fa5a5c552f766b7fb94
2017-05-07,11.91,,ft,Approved,,2025-03-11T20:23:18.678347+00:00,5f7360d3ef2f4fa5a5c552f766b7fb94
2017-05-08,11.88,,ft,Approved,,2025-03-11T20:23:18.678347+00:00,5f7360d3ef2f4fa5a5c552f766b7fb94
2017-05-09,11.89,,ft,Approved,,2025-03-11T20:23:18.678347+00:00,5f7360d3ef2f4fa5a5c552f766b7fb94
2017-05-10,12.08,,ft,Approved,,2025-03-11T20:23:18.678347+00:00,5f7360d3ef2f4fa5a5c552f766b7fb94
2017-05-11,12.22,,ft,Approved,,2025-03-11T20:23:18.678347+00:00,5f7360d3ef2f4fa5a5c552f766b7fb94
2017-05-12,12.33,,ft,Approved,,2025-03-11T20:23:18.678347+00:00,5f7360d3ef2f4fa5a5c552f766b7fb94
2017-05-13,12.27,,ft,Approved,,2025-03-11T20:23:18.678347+00:00,5f7360d3ef2f4fa5a5c552f766b7fb94
2017-05-14,12.58,,ft,Approved,,2025-03-11T20:23:18.678347+00:00,5f7360d3ef2f4fa5a5c552f766b7fb94
2017-05-15,12.56,,ft,Approved,,2025-03-11T20:23:18.678347+00:00,5f7360d3ef2f4fa5a5c552f766b7fb94
2017-05-16,12.61,,ft,Approved,,2025-03-11T20:23:18.678347+00:00,5f7360d3ef2f4fa5a5c552f766b7fb94
2017-05-17,12.64,,ft,Approved,,2025-03-11T20:23:18.678347+00:00,5f7360d3ef2f4fa5a5c552f766b7fb94
2017-05-18,12.63,,ft,Approved,,2025-03-11T20:23:18.678347+00:00,5f7360d3ef2f4fa5a5c552f766b7fb94
2017-05-19,12.63,,ft,Approved,,2025-03-11T20:23:18.678347+00:00,5f7360d3ef2f4fa5a5c552f766b7fb94
2017-05-20,12.9,,ft,Approved,,2025-03-11T20:23:18.678347+00:00,5f7360d3ef2f4fa5a5c552f766b7fb94
2017-05-21,12.22,,ft,Approved,,2025-03-11T20:23:18.678347+00:00,5f7360d3ef2f4fa5a5c552f766b7fb94
2017-05-22,12.53,,ft,Approved,,2025-03-11T20:23:18.678347+00:00,5f7360d3ef2f4fa5a5c552f766b7fb94
2017-05-23,12.49,,ft,Approved,,2025-03-11T20:23:18.678347+00:00,5f7360d3ef2f4fa5a5c552f766b7fb94
2017-05-24,12.31,,ft,Approved,,2025-03-11T20:23:18.678347+00:00,5f7360d3ef2f4fa5a5c552f766b7fb94
2017-05-25,12.93,,ft,Approved,,2025-03-11T20:23:18.678347+00:00,5f7360d3ef2f4fa5a5c552f766b7fb94
2017-05-26,13.0,,ft,Approved,,2025-03-11T20:23:18.678347+00:00,5f7360d3ef2f4fa5a5c552f766b7fb94
2017-05-27,12.8,,ft,Approved,,2025-03-11T20:23:18.678347+00:00,5f7360d3ef2f4fa5a5c552f766b7fb94
2017-05-28,12.73,,ft,Approved,,2025-03-11T20:23:18.678347+00:00,5f7360d3ef2f4fa5a5c552f766b7fb94
2017-05-29,12.63,,ft,Approved,,2025-03-11T20:23:18.678347+00:00,5f7360d3ef2f4fa5a5c552f766b7fb94
2017-05-30,12.26,,ft,Approved,,2025-03-11T20:23:18.678347+00:00,5f7360d3ef2f4fa5a5c552f766b7fb94
2017-05-31,12.35,,ft,Approved,,2025-03-11T20:23:18.678347+00:00,5f7360d3ef2f4fa5a5c552f766b7fb94
2017-06-01,12.73,,ft,Approved,,2025-03-11T20:23:18.678347+00:00,5f7360d3ef2f4fa5a5c552f766b7fb94
2017-06-02,11.91,,ft,Approved,,2025-03-11T20:23:18.678347+00:00,5f7360d3ef2f4fa5a5c552f766b7fb94
2017-06-03,11.9,,ft,Approved,,2025-03-11T20:23:18.678347+00:00,5f7360d3ef2f4fa5a5c552f766b7fb94
2017-06-04,11.95,,ft,Approved,,2025-03-11T20:23:18.678347+00:00,5f7360d3ef2f4fa5a5c552f766b7fb94
2017-06-05,12.67,,ft,Approved,,2025-03-11T20:23:18.678347+00:00,5f7360d3ef2f4fa5a5c552f766b7fb94
2017-06-06,13.39,,ft,Approved,,2025-03-11T20:23:18.678347+00:00,5f7360d3ef2f4fa5a5c552f766b7fb94
2017-06-07,13.48,,ft,Approved,,2025-03-11T20:23:18.678347+00:00,5f7360d3ef2f4fa5a5c552f766b7fb94
2017-06-08,13.23,,ft,Approved,,2025-03-11T20:23:18.678347+00:00,5f7360d3ef2f4fa5a5c552f766b7fb94
2017-06-09,12.99,,ft,Approved,,2025-03-11T20:23:18.678347+00:00,5f7360d3ef2f4fa5a5c552f766b7fb94
2017-06-10,12.57,,ft,Approved,,2025-03-11T20:23:18.678347+00:00,5f7360d3ef2f4fa5a5c552f766b7fb94
2017-06-11,12.26,,ft,Approved,,2025-03-11T20:23:18.678347+00:00,5f7360d3ef2f4fa5a5c552f766b7fb94
2017-06-12,12.12,,ft,Approved,,2025-03-11T20:23:18.678347+00:00,5f7360d3ef2f4fa5a5c552f766b7fb94
2017-06-13,12.21,,ft,Approved,,2025-03-11T20:23:18.678347+00:00,5f7360d3ef2f4fa5a5c552f766b7fb94
2017-06-14,12.99,,ft,Approved,,2025-03-11T20:23:18.678347+00:00,5f7360d3ef2f4fa5a5c552f766b7fb94
2017-06-15,13.02,,ft,Approved,,2025-03-11T20:23:18.678347+00:00,5f7360d3ef2f4fa5a5c552f766b7fb94
2017-06-16,12.97,,ft,Approved,,2025-03-11T20:23:18.678347+00:00,5f7360d3ef2f4fa5a5c552f766b7fb94
2017-06-17,12.92,,ft,Approved,,2025-03-11T20:23:18.678347+00:00,5f7360d3ef2f4fa5a5c552f766b7fb94
2017-06-18,12.97,,ft,Approved,,2025-03-11T20:23:18.678347+00:00,5f7360d3ef2f4fa5a5c552f766b7fb94
2017-06-19,13.06,,ft,Approved,,2025-03-11T20:23:18.678347+00:00,5f7360d3ef2f4fa5a5c552f766b7fb94
2017-06-20,13.1,,ft,Approved,,2025-03-11T20:23:18.678347+00:00,5f7360d3ef2f4fa5a5c552f766b7fb94
2017-06-21,13.32,,ft,Approved,,2025-03-11T20:23:18.678347+00:00,5f7360d3ef2f4fa5a5c552f766b7fb94
2017-06-22,13.25,,ft,Approved,,2025-03-11T20:23:18.678347+00:00,5f7360d3ef2f4fa5a5c552f766b7fb94
2017-06-23,12.86,,ft,Approved,,2025-03-11T20:23:18.678347+00:00,5f7360d3ef2f4fa5a5c552f766b7fb94
2017-06-24,12.93,,ft,Approved,,2025-03-11T20:23:18.678347+00:00,5f7360d3ef2f4fa5a5c552f766b7fb94
2017-06-25,12.9,,ft,Approved,,2025-03-11T20:23:18.678347+00:00,5f7360d3ef2f4fa5a5c552f766b7fb94
2017-06-26,12.92,,ft,Approved,,2025-03-11T20:23:18.678347+00:00,5f7360d3ef2f4fa5a5c552f766b7fb94
2017-06-27,13.18,,ft,Approved,,2025-03-11T20:23:18.678347+00:00,5f7360d3ef2f4fa5a5c552f766b7fb94
2017-06-28,12.28,,ft,Approved,,2025-03-11T20:23:18.678347+00:00,5f7360d3ef2f4fa5a5c552f766b7fb94
2017-06-29,12.17,,ft,Approved,,2025-03-11T20:23:18.678347+00:00,5f7360d3ef2f4fa5a5c552f766b7fb94
2017-06-30,12.33,,ft,Approved,,2025-03-11T20:23:18.678347+00:00,5f7360d3ef2f4fa5a5c552f766b7fb94
2017-07-01,12.23,,ft,Approved,,2025-03-11T20:23:18.678347+00:00,5f7360d3ef2f4fa5a5c552f766b7fb94
2017-07-02,12.28,,ft,Approved,,2025-03-11T20:23:18.678347+00:00,5f7360d3ef2f4fa5a5c552f766b7fb94
2017-07-03,12.36,,ft,Approved,,2025-03-11T20:23:18.678347+00:00,5f7360d3ef2f4fa5a5c552f766b7fb94
2017-07-04,12.35,,ft,Approved,,2025-03-11T20:23:18.678347+00:00,5f7360d3ef2f4fa5a5c552f766b7fb94
2017-07-05,12.47,,ft,Approved,,2025-03-11T20:23:18.678347+00:00,5f7360d3ef2f4fa5a5c552f766b7fb94
2017-07-06,12.48,,ft,Approved,,2025-03-11T20:23:18.678347+00:00,5f7360d3ef2f4fa5a5c552f766b7fb94
2017-07-07,12.51,,ft,Approved,,2025-03-11T20:23:18.678347+00:00,5f7360d3ef2f4fa5a5c552f766b7fb94
2017-07-08,12.53,,ft,Approved,,2025-03-11T20:23:18.678347+00:00,5f7360d3ef2f4fa5a5c552f766b7fb94
2017-07-09,12.59,,ft,Approved,,2025-03-11T20:23:18.678347+00:00,5f7360d3ef2f4fa5a5c552f766b7fb94
2017-07-10,12.59,,ft,Approved,,2025-03-11T20:23:18.678347+00:00,5f7360d3ef2f4fa5a5c552f766b7fb94
2017-07-11,12.59,,ft,Approved,,2025-03-11T20:23:18.678347+00:00,5f7360d3ef2f4fa5a5c552f766b7fb94
2017-07-12,12.53,,ft,Approved,,2025-03-11T20:23:18.678347+00:00,5f7360d3ef2f4fa5a5c552f766b7fb94
2017-07-13,12.21,,ft,Approved,,2025-03-11T20:23:18.678347+00:00,5f7360d3ef2f4fa5a5c552f766b7fb94
2017-07-14,12.27,,ft,Approved,,2025-03-11T20:23:18.678347+00:00,5f7360d3ef2f4fa5a5c552f766b7fb94
2017-07-15,12.2,,ft,Approved,,2025-03-11T20:23:18.678347+00:00,5f7360d3ef2f4fa5a5c552f766b7fb94
2017-07-16,12.14,,ft,Approved,,2025-03-11T20:23:18.678347+00:00,5f7360d3ef2f4fa5a5c552f766b7fb94
2017-07-17,12.11,,ft,Approved,,2025-03-11T20:23:18.678347+00:00,5f7360d3ef2f4fa5a5c552f766b7fb94
2017-07-18,12.12,,ft,Approved,,2025-03-11T20:23:18.678347+00:00,5f7360d3ef2f4fa5a5c552f766b7fb94
2017-07-19,11.77,,ft,Approved,,2025-03-11T20:23:18.678347+00:00,5f7360d3ef2f4fa5a5c552f766b7fb94
2017-07-20,11.74,,ft,Approved,,2025-03-11T20:23:18.678347+00:00,5f7360d3ef2f4fa5a5c552f766b7fb94
2017-07-21,11.64,,ft,Approved,,2025-03-11T20:23:18.678347+00:00,5f7360d3ef2f4fa5a5c552f766b7fb94
2017-07-22,11.7,,ft,Approved,,2025-03-11T20:23:18.678347+00:00,5f7360d3ef2f4fa5a5c552f766b7fb94
2017-07-23,11.59,,ft,Approved,,2025-03-11T20:23:18.678347+00:00,5f7360d3ef2f4fa5a5c552f766b7fb94
2017-07-24,11.71,,ft,Approved,,2025-03-11T20:23:18.678347+00:00,5f7360d3ef2f4fa5a5c552f766b7fb94
2017-07-25,11.64,,ft,Approved,,2025-03-11T20:23:18.678347+00:00,5f7360d3ef2f4fa5a5c552f766b7fb94
2017-07-26,11.8,,ft,Approved,,2025-03-11T20:23:18.678347+00:00,5f7360d3ef2f4fa5a5c552f766b7fb94
2017-07-27,11.86,,ft,Approved,,2025-03-11T20:23:18.678347+00:00,5f7360d3ef2f4fa5a5c552f766b7fb94
2017-07-28,11.97,,ft,Approved,,2025-03-11T20:23:18.678347+00:00,5f7360d3ef2f4fa5a5c552f766b7fb94
2017-07-29,12.08,,ft,Approved,,2025-03-11T20:23:18.678347+00:00,5f7360d3ef2f4fa5a5c552f766b7fb94
2017-07-30,12.12,,ft,Approved,,2025-03-11T20:23:18.678347+00:00,5f7360d3ef2f4fa5a5c552f766b7fb94
2017-07-31,12.08,,ft,Approved,,2025-03-11T20:23:18.678347+00:00,5f7360d3ef2f4fa5a5c552f766b7fb94
2017-08-01,12.12,,ft,Approved,,2025-03-11T20:23:18.678347+00:00,5f7360d3ef2f4fa5a5c552f766b7fb94
2017-08-02,11.96,,ft,Approved,,2025-03-11T20:23:18.678347+00:00,5f7360d3ef2f4fa5a5c552f766b7fb94
2017-08-03,12.15,,ft,Approved,,2025-03-11T20:23:18.678347+00:00,5f7360d3ef2f4fa5a5c552f766b7fb94
2017-08-04,12.22,,ft,Approved,,2025-03-11T20:23:18.678347+00:00,5f7360d3ef2f4fa5a5c552f766b7fb94
2017-08-05,12.04,,ft,Approved,,2025-03-11T20:23:18.678347+00:00,5f7360d3ef2f4fa5a5c552f766b7fb94
2017-08-06,11.87,,ft,Approved,,2025-03-11T20:23:18.678347+00:00,5f7360d3ef2f4fa5a5c552f766b7fb94
2017-08-07,13.02,,ft,Approved,,2025-03-11T20:23:18.678347+00:00,5f7360d3ef2f4fa5a5c552f766b7fb94
2017-08-08,12.04,,ft,Approved,,2025-03-11T20:23:18.678347+00:00,5f7360d3ef2f4fa5a5c552f766b7fb94
2017-08-09,11.79,,ft,Approved,,2025-03-11T20:23:18.678347+00:00,5f7360d3ef2f4fa5a5c552f766b7fb94
2017-08-10,11.35,,ft,Approved,,2025-03-11T20:23:18.678347+00:00,5f7360d3ef2f4fa5a5c552f766b7fb94
2017-08-11,11.59,,ft,Approved,,2025-03-11T20:23:18.678347+00:00,5f7360d3ef2f4fa5a5c552f766b7fb94
2017-08-12,11.62,,ft,Approved,,2025-03-11T20:23:18.678347+00:00,5f7360d3ef2f4fa5a5c552f766b7fb94
2017-08-13,11.54,,ft,Approved,,2025-03-11T20:23:18.678347+00:00,5f7360d3ef2f4fa5a5c552f766b7fb94
2017-08-14,11.67,,ft,Approved,,2025-03-11T20:23:18.678347+00:00,5f7360d3ef2f4fa5a5c552f766b7fb94
2017-08-15,11.66,,ft,Approved,,2025-03-11T20:23:18.678347+00:00,5f7360d3ef2f4fa5a5c552f766b7fb94
2017-08-16,11.99,,ft,Approved,,2025-03-11T20:23:18.678347+00:00,5f7360d3ef2f4fa5a5c552f766b7fb94
2017-08-17,11.86,,ft,Approved,,2025-03-11T20:23:18.678347+00:00,5f7360d3ef2f4fa5a5c552f766b7fb94
2017-08-18,12.07,,ft,Approved,,2025-03-11T20:23:18.678347+00:00,5f7360d3ef2f4fa5a5c552f766b7fb94
2017-08-19,12.18,,ft,Approved,,2025-03-11T20:23:18.678347+00:00,5f7360d3ef2f4fa5a5c552f766b7fb94
2017-08-20,12.81,,ft,Approved,,2025-03-11T20:23:18.678347+00:00,5f7360d3ef2f4fa5a5c552f766b7fb94
2017-08-21,13.09,,ft,Approved,,2025-03-11T20:23:18.678347+00:00,5f7360d3ef2f4fa5a5c552f766b7fb94
2017-08-22,13.16,,ft,Approved,,2025-03-11T20:23:18.678347+00:00,5f7360d3ef2f4fa5a5c552f766b7fb94
2017-08-23,13.18,,ft,Approved,,2025-03-11T20:23:18.678347+00:00,5f7360d3ef2f4fa5a5c552f766b7fb94
2017-08-24,13.12,,ft,Approved,,2025-03-11T20:23:18.678347+00:00,5f7360d3ef2f4fa5a5c552f766b7fb94
2017-08-25,11.72,,ft,Approved,,2025-03-11T20:23:18.678347+00:00,5f7360d3ef2f4fa5a5c552f766b7fb94
2017-08-26,14.42,,ft,Approved,,2025-03-11T20:23:18.678347+00:00,5f7360d3ef2f4fa5a5c552f766b7fb94
2017-08-27,16.46,,ft,Approved,,2025-03-11T20:23:18.678347+00:00,5f7360d3ef2f4fa5a5c552f766b7fb94
2017-08-28,12.29,,ft,Approved,,2025-03-11T20:23:18.678347+00:00,5f7360d3ef2f4fa5a5c552f766b7fb94
2017-08-29,11.69,,ft,Approved,,2025-03-11T20:23:18.678347+00:00,5f7360d3ef2f4fa5a5c552f766b7fb94
2017-08-30,11.42,,ft,Approved,,2025-03-11T20:23:18.678347+00:00,5f7360d3ef2f4fa5a5c552f766b7fb94
2017-08-31,11.24,,ft,Approved,,2025-03-11T20:23:18.678347+00:00,5f7360d3ef2f4fa5a5c552f766b7fb94
2017-09-01,11.21,,ft,Approved,,2025-03-11T20:23:18.678347+00:00,5f7360d3ef2f4fa5a5c552f766b7fb94
2017-09-02,11.35,,ft,Approved,,2025-03-11T20:23:18.678347+00:00,5f7360d3ef2f4fa5a5c552f766b7fb94
2017-09-03,11.06,,ft,Approved,,2025-03-11T20:23:18.678347+00:00,5f7360d3ef2f4fa5a5c552f766b7fb94
2017-09-04,11.2,,ft,Approved,,2025-03-11T20:23:18.678347+00:00,5f7360d3ef2f4fa5a5c552f766b7fb94
2017-09-05,11.07,,ft,Approved,,2025-03-11T20:23:18.678347+00:00,5f7360d3ef2f4fa5a5c552f766b7fb94
2017-09-06,11.08,,ft,Approved,,2025-03-11T20:23:18.678347+00:00,5f7360d3ef2f4fa5a5c552f766b7fb94
2017-09-07,11.37,,ft,Approved,,2025-03-11T20:23:18.678347+00:00,5f7360d3ef2f4fa5a5c552f766b7fb94
2017-09-08,10.96,,ft,Approved,,2025-03-11T20:23:18.678347+00:00,5f7360d3ef2f4fa5a5c552f766b7fb94
2017-09-09,11.07,,ft,Approved,,2025-03-11T20:23:18.678347+00:00,5f7360d3ef2f4fa5a5c552f766b7fb94
2017-09-10,11.34,,ft,Approved,,2025-03-11T20:23:18.678347+00:00,5f7360d3ef2f4fa5a5c552f766b7fb94
2017-09-11,10.91,,ft,Approved,,2025-03-11T20:23:18.678347+00:00,5f7360d3ef2f4fa5a5c552f766b7fb94
2017-09-12,11.05,,ft,Approved,,2025-03-11T20:23:18.678347+00:00,5f7360d3ef2f4fa5a5c552f766b7fb94
2017-09-13,11.27,,ft,Approved,,2025-03-11T20:23:18.678347+00:00,5f7360d3ef2f4fa5a5c552f766b7fb94
2017-09-14,11.17,,ft,Approved,,2025-03-11T20:23:18.678347+00:00,5f7360d3ef2f4fa5a5c552f766b7fb94
2017-09-15,11.3,,ft,Approved,,2025-03-11T20:23:18.678347+00:00,5f7360d3ef2f4fa5a5c552f766b7fb94
2017-09-16,11.28,,ft,Approved,,2025-03-11T20:23:18.678347+00:00,5f7360d3ef2f4fa5a5c552f766b7fb94
2017-09-17,11.28,,ft,Approved,,2025-03-11T20:23:18.678347+00:00,5f7360d3ef2f4fa5a5c552f766b7fb94
2017-09-18,11.27,,ft,Approved,,2025-03-11T20:23:18.678347+00:00,5f7360d3ef2f4fa5a5c552f766b7fb94
2017-09-19,11.41,,ft,Approved,,2025-03-11T20:23:18.678347+00:00,5f7360d3ef2f4fa5a5c552f766b7fb94
2017-09-20,11.24,,ft,Approved,,2025-03-11T20:23:18.678347+00:00,5f7360d3ef2f4fa5a5c552f766b7fb94
2017-09-21,11.3,,ft,Approved,,2025-03-11T20:23:18.678347+00:00,5f7360d3ef2f4fa5a5c552f766b7fb94
2017-09-22,11.27,,ft,Approved,,2025-03-11T20:23:18.678347+00:00,5f7360d3ef2f4fa5a5c552f766b7fb94
2017-09-23,11.28,,ft,Approved,,2025-03-11T20:23:18.678347+00:00,5f7360d3ef2f4fa5a5c552f766b7fb94
2017-09-24,11.27,,ft,Approved,,2025-03-11T20:23:18.678347+00:00,5f7360d3ef2f4fa5a5c552f766b7fb94
2017-09-25,11.28,,ft,Approved,,2025-03-11T20:23:18.678347+00:00,5f7360d3ef2f4fa5a5c552f766b7fb94
2017-09-26,12.12,,ft,Approved,,2025-03-11T20:23:18.678347+00:00,5f7360d3ef2f4fa5a5c552f766b7fb94
2017-09-27,11.58,,ft,Approved,,2025-03-11T20:23:18.678347+00:00,5f7360d3ef2f4fa5a5c552f766b7fb94
2017-09-28,11.45,,ft,Approved,,2025-03-11T20:23:18.678347+00:00,5f7360d3ef2f4fa5a5c552f766b7fb94
2017-09-29,12.04,,ft,Approved,,2025-03-11T20:23:18.678347+00:00,5f7360d3ef2f4fa5a5c552f766b7fb94
2017-09-30,11.96,,ft,Approved,,2025-03-11T20:23:18.678347+00:00,5f7360d3ef2f4fa5a5c552f766b7fb94
2017-10-01,10.91,,ft,Approved,,2025-03-11T20:23:18.678347+00:00,5f7360d3ef2f4fa5a5c552f766b7fb94
2017-10-02,11.21,,ft,Approved,,2025-03-11T20:23:18.678347+00:00,5f7360d3ef2f4fa5a5c552f766b7fb94
2017-10-03,11.72,,ft,Approved,,2025-03-11T20:23:18.678347+00:00,5f7360d3ef2f4fa5a5c552f766b7fb94
2017-10-04,11.5,,ft,Approved,,2025-03-11T20:23:18.678347+00:00,5f7360d3ef2f4fa5a5c552f766b7fb94
2017-10-05,11.43,,ft,Approved,,2025-03-11T20:23:18.678347+00:00,5f7360d3ef2f4fa5a5c552f766b7fb94
2017-10-06,11.23,,ft,Approved,,2025-03-11T20:23:18.678347+00:00,5f7360d3ef2f4fa5a5c552f766b7fb94
2017-10-07,11.04,,ft,Approved,,2025-03-11T20:23:18.678347+00:00,5f7360d3ef2f4fa5a5c552f766b7fb94
2017-10-08,11.11,,ft,Approved,,2025-03-11T20:23:18.678347+00:00,5f7360d3ef2f4fa5a5c552f766b7fb94
2017-10-09,11.09,,ft,Approved,,2025-03-11T20:23:18.678347+00:00,5f7360d3ef2f4fa5a5c552f766b7fb94
2017-10-10,10.82,,ft,Approved,,2025-03-11T20:23:18.678347+00:00,5f7360d3ef2f4fa5a5c552f766b7fb94
2017-10-11,11.28,,ft,Approved,,2025-03-11T20:23:18.678347+00:00,5f7360d3ef2f4fa5a5c552f766b7fb94
2017-10-12,10.91,,ft,Approved,,2025-03-11T20:23:18.678347+00:00,5f7360d3ef2f4fa5a5c552f766b7fb94
2017-10-13,11.3,,ft,Approved,,2025-03-11T20:23:18.678347+00:00,5f7360d3ef2f4fa5a5c552f766b7fb94
2017-10-14,10.9,,ft,Approved,,2025-03-11T20:23:18.678347+00:00,5f7360d3ef2f4fa5a5c552f766b7fb94
2017-10-15,11.2,,ft,Approved,,2025-03-11T20:23:18.678347+00:00,5f7360d3ef2f4fa5a5c552f766b7fb94
2017-10-16,10.89,,ft,Approved,,2025-03-11T20:23:18.678347+00:00,5f7360d3ef2f4fa5a5c552f766b7fb94
2017-10-17,11.04,,ft,Approved,,2025-03-11T20:23:18.678347+00:00,5f7360d3ef2f4fa5a5c552f766b7fb94
2017-10-18,11.14,,ft,Approved,,2025-03-11T20:23:18.678347+00:00,5f7360d3ef2f4fa5a5c552f766b7fb94
2017-10-19,10.96,,ft,Approved,,2025-03-11T20:23:18.678347+00:00,5f7360d3ef2f4fa5a5c552f766b7fb94
2017-10-20,11.03,,ft,Approved,,2025-03-11T20:23:18.678347+00:00,5f7360d3ef2f4fa5a5c552f766b7fb94
2017-10-21,11.05,,ft,Approved,,2025-03-11T20:23:18.678347+00:00,5f7360d3ef2f4fa5a5c552f766b7fb94
2017-10-22,11.65,,ft,Approved,,2025-03-11T20:23:18.678347+00:00,5f7360d3ef2f4fa5a5c552f766b7fb94
2017-10-23,11.36,,ft,Approved,,2025-03-11T20:23:18.678347+00:00,5f7360d3ef2f4fa5a5c552f766b7fb94
2017-10-24,10.24,,ft,Approved,,2025-03-11T20:23:18.678347+00:00,5f7360d3ef2f4fa5a5c552f766b7fb94
2017-10-25,10.6,,ft,Approved,,2025-03-11T20:23:18.678347+00:00,5f7360d3ef2f4fa5a5c552f766b7fb94
2017-10-26,10.88,,ft,Approved,,2025-03-11T20:23:18.678347+00:00,5f7360d3ef2f4fa5a5c552f766b7fb94
2017-10-27,10.97,,ft,Approved,,2025-03-11T20:23:18.678347+00:00,5f7360d3ef2f4fa5a5c552f766b7fb94
2017-10-28,11.11,,ft,Approved,,2025-03-11T20:23:18.678347+00:00,5f7360d3ef2f4fa5a5c552f766b7fb94
2017-10-29,10.93,,ft,Approved,,2025-03-11T20:23:18.678347+00:00,5f7360d3ef2f4fa5a5c552f766b7fb94
2017-10-30,10.85,,ft,Approved,,2025-03-11T20:23:18.678347+00:00,5f7360d3ef2f4fa5a5c552f766b7fb94
2017-10-31,11.21,,ft,Approved,,2025-03-11T20:23:18.678347+00:00,5f7360d3ef2f4fa5a5c552f766b7fb94
2017-11-01,11.22,,ft,Approved,,2025-03-11T20:23:18.678347+00:00,5f7360d3ef2f4fa5a5c552f766b7fb94
2017-11-02,10.84,,ft,Approved,,2025-03-11T20:23:18.678347+00:00,5f7360d3ef2f4fa5a5c552f766b7fb94
2017-11-03,11.22,,ft,Approved,,2025-03-11T20:23:18.678347+00:00,5f7360d3ef2f4fa5a5c552f766b7fb94
2017-11-04,10.84,,ft,Approved,,2025-03-11T20:23:18.678347+00:00,5f7360d3ef2f4fa5a5c552f766b7fb94
2017-11-05,10.9,,ft,Approved,,2025-03-11T20:23:18.678347+00:00,5f7360d3ef2f4fa5a5c552f766b7fb94
2017-11-06,11.24,,ft,Approved,,2025-03-11T20:23:18.678347+00:00,5f7360d3ef2f4fa5a5c552f766b7fb94
2017-11-07,10.84,,ft,Approved,,2025-03-11T20:23:18.678347+00:00,5f7360d3ef2f4fa5a5c552f766b7fb94
2017-11-08,10.92,,ft,Approved,,2025-03-11T20:23:18.678347+00:00,5f7360d3ef2f4fa5a5c552f766b7fb94
2017-11-09,10.9,,ft,Approved,,2025-03-11T20:23:18.678347+00:00,5f7360d3ef2f4fa5a5c552f766b7fb94
2017-11-10,11.11,,ft,Approved,,2025-03-11T20:23:18.678347+00:00,5f7360d3ef2f4fa5a5c552f766b7fb94
2017-11-11,10.95,,ft,Approved,,2025-03-11T20:23:18.678347+00:00,5f7360d3ef2f4fa5a5c552f766b7fb94
2017-11-12,10.76,,ft,Approved,,2025-03-11T20:23:18.678347+00:00,5f7360d3ef2f4fa5a5c552f766b7fb94
2017-11-13,10.95,,ft,Approved,,2025-03-11T20:23:18.678347+00:00,5f7360d3ef2f4fa5a5c552f766b7fb94
2017-11-14,11.16,,ft,Approved,,2025-03-11T20:23:18.678347+00:00,5f7360d3ef2f4fa5a5c552f766b7fb94
2017-11-15,10.74,,ft,Approved,,2025-03-11T20:23:18.678347+00:00,5f7360d3ef2f4fa5a5c552f766b7fb94
2017-11-16,10.83,,ft,Approved,,2025-03-11T20:23:18.678347+00:00,5f7360d3ef2f4fa5a5c552f766b7fb94
2017-11-17,11.14,,ft,Approved,,2025-03-11T20:23:18.678347+00:00,5f7360d3ef2f4fa5a5c552f766b7fb94
2017-11-18,10.75,,ft,Approved,,2025-03-11T20:23:18.678347+00:00,5f7360d3ef2f4fa5a5c552f766b7fb94
2017-11-19,11.11,,ft,Approved,,2025-03-11T20:23:18.678347+00:00,5f7360d3ef2f4fa5a5c552f766b7fb94
2017-11-20,10.69,,ft,Approved,,2025-03-11T20:23:18.678347+00:00,5f7360d3ef2f4fa5a5c552f766b7fb94
2017-11-21,11.1,,ft,Approved,,2025-03-11T20:23:18.678347+00:00,5f7360d3ef2f4fa5a5c552f766b7fb94
2017-11-22,10.72,,ft,Approved,,2025-03-11T20:23:18.678347+00:00,5f7360d3ef2f4fa5a5c552f766b7fb94
2017-11-23,11.07,,ft,Approved,,2025-03-11T20:23:18.678347+00:00,5f7360d3ef2f4fa5a5c552f766b7fb94
2017-11-24,10.84,,ft,Approved,,2025-03-11T20:23:18.678347+00:00,5f7360d3ef2f4fa5a5c552f766b7fb94
2017-11-25,11.01,,ft,Approved,,2025-03-11T20:23:18.678347+00:00,5f7360d3ef2f4fa5a5c552f766b7fb94
2017-11-26,10.97,,ft,Approved,,2025-03-11T20:23:18.678347+00:00,5f7360d3ef2f4fa5a5c552f766b7fb94
2017-11-27,10.84,,ft,Approved,,2025-03-11T20:23:18.678347+00:00,5f7360d3ef2f4fa5a5c552f766b7fb94
2017-11-28,10.78,,ft,Approved,,2025-03-11T20:23:18.678347+00:00,5f7360d3ef2f4fa5a5c552f766b7fb94
2017-11-29,11.28,,ft,Approved,,2025-03-11T20:23:18.678347+00:00,5f7360d3ef2f4fa5a5c552f766b7fb94
2017-11-30,10.7,,ft,Approved,,2025-03-11T20:23:18.678347+00:00,5f7360d3ef2f4fa5a5c552f766b7fb94
2017-12-01,11.1,,ft,Approved,,2025-03-11T20:23:18.678347+00:00,5f7360d3ef2f4fa5a5c552f766b7fb94
2017-12-02,10.64,,ft,Approved,,2025-03-11T20:23:18.678347+00:00,5f7360d3ef2f4fa5a5c552f766b7fb94
2017-12-03,11.11,,ft,Approved,,2025-03-11T20:23:18.678347+00:00,5f7360d3ef2f4fa5a5c552f766b7fb94
2017-12-04,10.65,,ft,Approved,,2025-03-11T20:23:18.678347+00:00,5f7360d3ef2f4fa5a5c552f766b7fb94
2017-12-05,11.1,,ft,Approved,,2025-03-11T20:23:18.678347+00:00,5f7360d3ef2f4fa5a5c552f766b7fb94
2017-12-06,11.0,,ft,Approved,,2025-03-11T20:23:18.678347+00:00,5f7360d3ef2f4fa5a5c552f766b7fb94
2017-12-07,11.37,,ft,Approved,,2025-03-11T20:23:18.678347+00:00,5f7360d3ef2f4fa5a5c552f766b7fb94
2017-12-08,10.9,,ft,Approved,,2025-03-11T20:23:18.678347+00:00,5f7360d3ef2f4fa5a5c552f766b7fb94
2017-12-09,11.05,,ft,Approved,,2025-03-11T20:23:18.678347+00:00,5f7360d3ef2f4fa5a5c552f766b7fb94
2017-12-10,10.53,,ft,Approved,,2025-03-11T20:23:18.678347+00:00,5f7360d3ef2f4fa5a5c552f766b7fb94
2017-12-11,11.18,,ft,Approved,,2025-03-11T20:23:18.678347+00:00,5f7360d3ef2f4fa5a5c552f766b7fb94
2017-12-12,10.83,,ft,Approved,,2025-03-11T20:23:18.678347+00:00,5f7360d3ef2f4fa5a5c552f766b7fb94
2017-12-13,11.01,,ft,Approved,,2025-03-11T20:23:18.678347+00:00,5f7360d3ef2f4fa5a5c552f766b7fb94
2017-12-14,10.69,,ft,Approved,,2025-03-11T20:23:18.678347+00:00,5f7360d3ef2f4fa5a5c552f766b7fb94
2017-12-15,11.04,,ft,Approved,,2025-03-11T20:23:18.678347+00:00,5f7360d3ef2f4fa5a5c552f766b7fb94
2017-12-16,11.27,,ft,Approved,,2025-03-11T20:23:18.678347+00:00,5f7360d3ef2f4fa5a5c552f766b7fb94
2017-12-17,11.63,,ft,Approved,,2025-03-11T20:23:18.678347+00:00,5f7360d3ef2f4fa5a5c552f766b7fb94
2017-12-18,11.0,,ft,Approved,,2025-03-11T20:23:18.678347+00:00,5f7360d3ef2f4fa5a5c552f766b7fb94
2017-12-19,12.54,,ft,Approved,,2025-03-11T20:23:18.678347+00:00,5f7360d3ef2f4fa5a5c552f766b7fb94
2017-12-20,11.35,,ft,Approved,,2025-03-11T20:23:18.678347+00:00,5f7360d3ef2f4fa5a5c552f766b7fb94
2017-12-21,11.34,,ft,Approved,,2025-03-11T20:23:18.678347+00:00,5f7360d3ef2f4fa5a5c552f766b7fb94
2017-12-22,10.94,,ft,Approved,,2025-03-11T20:23:18.678347+00:00,5f7360d3ef2f4fa5a5c552f766b7fb94
2017-12-23,11.36,,ft,Approved,,2025-03-11T20:23:18.678347+00:00,5f7360d3ef2f4fa5a5c552f766b7fb94
2017-12-24,10.91,,ft,Approved,,2025-03-11T20:23:18.678347+00:00,5f7360d3ef2f4fa5a5c552f766b7fb94
2017-12-25,11.25,,ft,Approved,,2025-03-11T20:23:18.678347+00:00,5f7360d3ef2f4fa5a5c552f766b7fb94
2017-12-26,10.91,,ft,Approved,,2025-03-11T20:23:18.678347+00:00,5f7360d3ef2f4fa5a5c552f766b7fb94
2017-12-27,11.28,,ft,Approved,,2025-03-11T20:23:18.678347+00:00,5f7360d3ef2f4fa5a5c552f766b7fb94
2017-12-28,10.79,,ft,Approved,,2025-03-11T20:23:18.678347+00:00,5f7360d3ef2f4fa5a5c552f766b7fb94
2017-12-29,11.26,,ft,Approved,,2025-03-11T20:23:18.678347+00:00,5f7360d3ef2f4fa5a5c552f766b7fb94
2017-12-30,11.06,,ft,Approved,,2025-03-11T20:23:18.678347+00:00,5f7360d3ef2f4fa5a5c552f766b7fb94
2017-12-31,11.21,,ft,Approved,,2025-03-11T20:23:18.678347+00:00,5f7360d3ef2f4fa5a5c552f766b7fb94
2018-01-01,10.82,,ft,Approved,,2025-03-11T20:23:18.678347+00:00,5f7360d3ef2f4fa5a5c552f766b7fb94
2018-01-02,11.22,,ft,Approved,,2025-03-11T20:23:18.678347+00:00,5f7360d3ef2f4fa5a5c552f766b7fb94
2018-01-03,10.95,,ft,Approved,,2025-03-11T20:23:18.678347+00:00,5f7360d3ef2f4fa5a5c552f766b7fb94
2018-01-04,11.17,,ft,Approved,,2025-03-11T20:23:18.678347+00:00,5f7360d3ef2f4fa5a5c552f766b7fb94
2018-01-05,10.98,,ft,Approved,,2025-03-11T20:23:18.678347+00:00,5f7360d3ef2f4fa5a5c552f766b7fb94
2018-01-06,10.82,,ft,Approved,,2025-03-11T20:23:18.678347+00:00,5f7360d3ef2f4fa5a5c552f766b7fb94
2018-01-07,10.86,,ft,Approved,,2025-03-11T20:23:18.678347+00:00,5f7360d3ef2f4fa5a5c552f766b7fb94
2018-01-08,10.97,,ft,Approved,,2025-03-11T20:23:18.678347+00:00,5f7360d3ef2f4fa5a5c552f766b7fb94
2018-01-09,10.93,,ft,Approved,,2025-03-11T20:23:18.678347+00:00,5f7360d3ef2f4fa5a5c552f766b7fb94
2018-01-10,10.88,,ft,Approved,,2025-03-11T20:23:18.678347+00:00,5f7360d3ef2f4fa5a5c552f766b7fb94
2018-01-11,10.83,,ft,Approved,,2025-03-11T20:23:18.678347+00:00,5f7360d3ef2f4fa5a5c552f766b7fb94
2018-01-12,10.8,,ft,Approved,,2025-03-11T20:23:18.678347+00:00,5f7360d3ef2f4fa5a5c552f766b7fb94
2018-01-13,10.9,,ft,Approved,,2025-03-11T20:23:18.678347+00:00,5f7360d3ef2f4fa5a5c552f766b7fb94
2018-01-14,10.85,,ft,Approved,,2025-03-11T20:23:18.678347+00:00,5f7360d3ef2f4fa5a5c552f766b7fb94
2018-01-15,10.77,,ft,Approved,,2025-03-11T20:23:18.678347+00:00,5f7360d3ef2f4fa5a5c552f766b7fb94
2018-01-16,11.04,,ft,Approved,,2025-03-11T20:23:18.678347+00:00,5f7360d3ef2f4fa5a5c552f766b7fb94
2018-01-17,11.16,,ft,Approved,,2025-03-11T20:23:18.678347+00:00,5f7360d3ef2f4fa5a5c552f766b7fb94
2018-01-18,10.93,,ft,Approved,,2025-03-11T20:23:18.678347+00:00,5f7360d3ef2f4fa5a5c552f766b7fb94
2018-01-19,10.67,,ft,Approved,,2025-03-11T20:23:18.678347+00:00,5f7360d3ef2f4fa5a5c552f766b7fb94
2018-01-20,10.88,,ft,Approved,,2025-03-11T20:23:18.678347+00:00,5f7360d3ef2f4fa5a5c552f766b7fb94
2018-01-21,10.83,,ft,Approved,,2025-03-11T20:23:18.678347+00:00,5f7360d3ef2f4fa5a5c552f766b7fb94
2018-01-22,10.93,,ft,Approved,,2025-03-11T20:23:18.678347+00:00,5f7360d3ef2f4fa5a5c552f766b7fb94
2018-01-23,10.91,,ft,Approved,,2025-03-11T20:23:18.678347+00:00,5f7360d3ef2f4fa5a5c552f766b7fb94
2018-01-24,10.69,,ft,Approved,,2025-03-11T20:23:18.678347+00:00,5f7360d3ef2f4fa5a5c552f766b7fb94
2018-01-25,10.96,,ft,Approved,,2025-03-11T20:23:18.678347+00:00,5f7360d3ef2f4fa5a5c552f766b7fb94
2018-01-26,10.8,,ft,Approved,,2025-03-11T20:23:18.678347+00:00,5f7360d3ef2f4fa5a5c552f766b7fb94
2018-01-27,10.86,,ft,Approved,,2025-03-11T20:23:18.678347+00:00,5f7360d3ef2f4fa5a5c552f766b7fb94
2018-01-28,10.75,,ft,Approved,,2025-03-11T20:23:18.678347+00:00,5f7360d3ef2f4fa5a5c552f766b7fb94
2018-01-29,11.16,,ft,Approved,,2025-03-11T20:23:18.678347+00:00,5f7360d3ef2f4fa5a5c552f766b7fb94
2018-01-30,11.01,,ft,Approved,,2025-03-11T20:23:18.678347+00:00,5f7360d3ef2f4fa5a5c552f766b7fb94
2018-01-31,11.11,,ft,Approved,,2025-03-11T20:23:18.678347+00:00,5f7360d3ef2f4fa5a5c552f766b7fb94
2018-02-01,11.12,,ft,Approved,,2025-03-11T20:23:18.678347+00:00,5f7360d3ef2f4fa5a5c552f766b7fb94
2018-02-02,11.05,,ft,Approved,,2025-03-11T20:23:18.678347+00:00,5f7360d3ef2f4fa5a5c552f766b7fb94
2018-02-03,11.09,,ft,Approved,,2025-03-11T20:23:18.678347+00:00,5f7360d3ef2f4fa5a5c552f766b7fb94
2018-02-04,11.12,,ft,Approved,,2025-03-11T20:23:18.678347+00:00,5f7360d3ef2f4fa5a5c552f766b7fb94
2018-02-05,10.97,,ft,Approved,,2025-03-11T20:23:18.678347+00:00,5f7360d3ef2f4fa5a5c552f766b7fb94
2018-02-06,11.06,,ft,Approved,,2025-03-11T20:23:18.678347+00:00,5f7360d3ef2f4fa5a5c552f766b7fb94
2018-02-07,11.05,,ft,Approved,,2025-03-11T20:23:18.678347+00:00,5f7360d3ef2f4fa5a5c552f766b7fb94
2018-02-08,10.97,,ft,Approved,,2025-03-11T20:23:18.678347+00:00,5f7360d3ef2f4fa5a5c552f766b7fb94
2018-02-09,11.01,,ft,Approved,,2025-03-11T20:23:18.678347+00:00,5f7360d3ef2f4fa5a5c552f766b7fb94
2018-02-10,11.05,,ft,Approved,,2025-03-11T20:23:18.678347+00:00,5f7360d3ef2f4fa5a5c552f766b7fb94
2018-02-11,10.98,,ft,Approved,,2025-03-11T20:23:18.678347+00:00,5f7360d3ef2f4fa5a5c552f766b7fb94
2018-02-12,11.0,,ft,Approved,,2025-03-11T20:23:18.678347+00:00,5f7360d3ef2f4fa5a5c552f766b7fb94
2018-02-13,11.02,,ft,Approved,,2025-03-11T20:23:18.678347+00:00,5f7360d3ef2f4fa5a5c552f766b7fb94
2018-02-14,11.03,,ft,Approved,,2025-03-11T20:23:18.678347+00:00,5f7360d3ef2f4fa5a5c552f766b7fb94
2018-02-15,10.92,,ft,Approved,,2025-03-11T20:23:18.678347+00:00,5f7360d3ef2f4fa5a5c552f766b7fb94
2018-02-16,11.07,,ft,Approved,,2025-03-11T20:23:18.678347+00:00,5f7360d3ef2f4fa5a5c552f766b7fb94
2018-02-17,11.03,,ft,Approved,,2025-03-11T20:23:18.678347+00:00,5f7360d3ef2f4fa5a5c552f766b7fb94
2018-02-18,11.09,,ft,Approved,,2025-03-11T20:23:18.678347+00:00,5f7360d3ef2f4fa5a5c552f766b7fb94
2018-02-19,11.17,,ft,Approved,,2025-03-11T20:23:18.678347+00:00,5f7360d3ef2f4fa5a5c552f766b7fb94
2018-02-20,11.27,,ft,Approved,,2025-03-11T20:23:18.678347+00:00,5f7360d3ef2f4fa5a5c552f766b7fb94
2018-02-21,11.16,,ft,Approved,,2025-03-11T20:23:18.678347+00:00,5f7360d3ef2f4fa5a5c552f766b7fb94
2018-02-22,11.07,,ft,Approved,,2025-03-11T20:23:18.678347+00:00,5f7360d3ef2f4fa5a5c552f766b7fb94
2018-02-23,11.36,,ft,Approved,,2025-03-11T20:23:18.678347+00:00,5f7360d3ef2f4fa5a5c552f766b7fb94
2018-02-24,10.99,,ft,Approved,,2025-03-11T20:23:18.678347+00:00,5f7360d3ef2f4fa5a5c552f766b7fb94
2018-02-25,11.13,,ft,Approved,,2025-03-11T20:23:18.678347+00:00,5f7360d3ef2f4fa5a5c552f766b7fb94
2018-02-26,11.11,,ft,Approved,,2025-03-11T20:23:18.678347+00:00,5f7360d3ef2f4fa5a5c552f766b7fb94
2018-02-27,11.1,,ft,Approved,,2025-03-11T20:23:18.678347+00:00,5f7360d3ef2f4fa5a5c552f766b7fb94
2018-02-28,10.99,,ft,Approved,,2025-03-11T20:23:18.678347+00:00,5f7360d3ef2f4fa5a5c552f766b7fb94
2018-03-01,11.1,,ft,Approved,,2025-03-11T20:23:18.678347+00:00,5f7360d3ef2f4fa5a5c552f766b7fb94
2018-03-02,11.07,,ft,Approved,,2025-03-11T20:23:18.678347+00:00,5f7360d3ef2f4fa5a5c552f766b7fb94
2018-03-03,10.99,,ft,Approved,,2025-03-11T20:23:18.678347+00:00,5f7360d3ef2f4fa5a5c552f766b7fb94
2018-03-04,11.09,,ft,Approved,,2025-03-11T20:23:18.678347+00:00,5f7360d3ef2f4fa5a5c552f766b7fb94
2018-03-05,11.07,,ft,Approved,,2025-03-11T20:23:18.678347+00:00,5f7360d3ef2f4fa5a5c552f766b7fb94
2018-03-06,10.79,,ft,Approved,,2025-03-11T20:23:18.678347+00:00,5f7360d3ef2f4fa5a5c552f766b7fb94
2018-03-07,10.85,,ft,Approved,,2025-03-11T20:23:18.678347+00:00,5f7360d3ef2f4fa5a5c552f766b7fb94
2018-03-08,10.92,,ft,Approved,,2025-03-11T20:23:18.678347+00:00,5f7360d3ef2f4fa5a5c552f766b7fb94
2018-03-09,11.04,,ft,Approved,,2025-03-11T20:23:18.678347+00:00,5f7360d3ef2f4fa5a5c552f766b7fb94
2018-03-10,11.18,,ft,Approved,,2025-03-11T20:23:18.678347+00:00,5f7360d3ef2f4fa5a5c552f766b7fb94
2018-03-11,11.13,,ft,Approved,,2025-03-11T20:23:18.678347+00:00,5f7360d3ef2f4fa5a5c552f766b7fb94
2018-03-12,11.08,,ft,Approved,,2025-03-11T20:23:18.678347+00:00,5f7360d3ef2f4fa5a5c552f766b7fb94
2018-03-13,11.05,,ft,Approved,,2025-03-11T20:23:18.678347+00:00,5f7360d3ef2f4fa5a5c552f766b7fb94
2018-03-14,11.01,,ft,Approved,,2025-03-11T20:23:18.678347+00:00,5f7360d3ef2f4fa5a5c552f766b7fb94
2018-03-15,11.02,,ft,Approved,,2025-03-11T20:23:18.678347+00:00,5f7360d3ef2f4fa5a5c552f766b7fb94
2018-03-16,10.96,,ft,Approved,,2025-03-11T20:23:18.678347+00:00,5f7360d3ef2f4fa5a5c552f766b7fb94
2018-03-17,11.01,,ft,Approved,,2025-03-11T20:23:18.678347+00:00,5f7360d3ef2f4fa5a5c552f766b7fb94
2018-03-18,11.12,,ft,Approved,,2025-03-11T20:23:18.678347+00:00,5f7360d3ef2f4fa5a5c552f766b7fb94
2018-03-19,11.1,,ft,Approved,,2025-03-11T20:23:18.678347+00:00,5f7360d3ef2f4fa5a5c552f766b7fb94
2018-03-20,11.03,,ft,Approved,,2025-03-11T20:23:18.678347+00:00,5f7360d3ef2f4fa5a5c552f766b7fb94
2018-03-21,11.03,,ft,Approved,,2025-03-11T20:23:18.678347+00:00,5f7360d3ef2f4fa5a5c552f766b7fb94
2018-03-22,10.88,,ft,Approved,,2025-03-11T20:23:18.678347+00:00,5f7360d3ef2f4fa5a5c552f766b7fb94
2018-03-23,11.14,,ft,Approved,,2025-03-11T20:23:18.678347+00:00,5f7360d3ef2f4fa5a5c552f766b7fb94
2018-03-24,10.87,,ft,Approved,,2025-03-11T20:23:18.678347+00:00,5f7360d3ef2f4fa5a5c552f766b7fb94
2018-03-25,11.09,,ft,Approved,,2025-03-11T20:23:18.678347+00:00,5f7360d3ef2f4fa5a5c552f766b7fb94
2018-03-26,11.09,,ft,Approved,,2025-03-11T20:23:18.678347+00:00,5f7360d3ef2f4fa5a5c552f766b7fb94
2018-03-27,11.2,,ft,Approved,,2025-03-11T20:23:18.678347+00:00,5f7360d3ef2f4fa5a5c552f766b7fb94
2018-03-28,14.79,,ft,Approved,,2025-03-11T20:23:18.678347+00:00,5f7360d3ef2f4fa5a5c552f766b7fb94
2018-03-29,12.27,,ft,Approved,,2025-03-11T20:23:18.678347+00:00,5f7360d3ef2f4fa5a5c552f766b7fb94
2018-03-30,11.44,,ft,Approved,,2025-03-11T20:23:18.678347+00:00,5f7360d3ef2f4fa5a5c552f766b7fb94
2018-03-31,11.14,,ft,Approved,,2025-03-11T20:23:18.678347+00:00,5f7360d3ef2f4fa5a5c552f766b7fb94
2018-04-01,11.11,,ft,Approved,,2025-03-11T20:23:18.678347+00:00,5f7360d3ef2f4fa5a5c552f766b7fb94
2018-04-02,11.06,,ft,Approved,,2025-03-11T20:23:18.678347+00:00,5f7360d3ef2f4fa5a5c552f766b7fb94
2018-04-03,10.98,,ft,Approved,,2025-03-11T20:23:18.678347+00:00,5f7360d3ef2f4fa5a5c552f766b7fb94
2018-04-04,11.3,,ft,Approved,,2025-03-11T20:23:18.678347+00:00,5f7360d3ef2f4fa5a5c552f766b7fb94
2018-04-05,11.24,,ft,Approved,,2025-03-11T20:23:18.678347+00:00,5f7360d3ef2f4fa5a5c552f766b7fb94
2018-04-06,11.23,,ft,Approved,,2025-03-11T20:23:18.678347+00:00,5f7360d3ef2f4fa5a5c552f766b7fb94
2018-04-07,11.34,,ft,Approved,,2025-03-11T20:23:18.678347+00:00,5f7360d3ef2f4fa5a5c552f766b7fb94
2018-04-08,11.25,,ft,Approved,,2025-03-11T20:23:18.678347+00:00,5f7360d3ef2f4fa5a5c552f766b7fb94
2018-04-09,11.26,,ft,Approved,,2025-03-11T20:23:18.678347+00:00,5f7360d3ef2f4fa5a5c552f766b7fb94
2018-04-10,11.2,,ft,Approved,,2025-03-11T20:23:18.678347+00:00,5f7360d3ef2f4fa5a5c552f766b7fb94
2018-04-11,11.18,,ft,Approved,,2025-03-11T20:23:18.678347+00:00,5f7360d3ef2f4fa5a5c552f766b7fb94
2018-04-12,10.9,,ft,Approved,,2025-03-11T20:23:18.678347+00:00,5f7360d3ef2f4fa5a5c552f766b7fb94
2018-04-13,11.23,,ft,Approved,,2025-03-11T20:23:18.678347+00:00,5f7360d3ef2f4fa5a5c552f766b7fb94
2018-04-14,10.94,,ft,Approved,,2025-03-11T20:23:18.678347+00:00,5f7360d3ef2f4fa5a5c552f766b7fb94
2018-04-15,10.8,,ft,Approved,,2025-03-11T20:23:18.678347+00:00,5f7360d3ef2f4fa5a5c552f766b7fb94
2018-04-16,10.89,,ft,Approved,,2025-03-11T20:23:18.678347+00:00,5f7360d3ef2f4fa5a5c552f766b7fb94
2018-04-17,10.81,,ft,Approved,,2025-03-11T20:23:18.678347+00:00,5f7360d3ef2f4fa5a5c552f766b7fb94
2018-04-18,10.92,,ft,Approved,,2025-03-11T20:23:18.678347+00:00,5f7360d3ef2f4fa5a5c552f766b7fb94
2018-04-19,10.79,,ft,Approved,,2025-03-11T20:23:18.678347+00:00,5f7360d3ef2f4fa5a5c552f766b7fb94
2018-04-20,10.83,,ft,Approved,,2025-03-11T20:23:18.678347+00:00,5f7360d3ef2f4fa5a5c552f766b7fb94
2018-04-21,10.85,,ft,Approved,,2025-03-11T20:23:18.678347+00:00,5f7360d3ef2f4fa5a5c552f766b7fb94
2018-04-22,10.78,,ft,Approved,,2025-03-11T20:23:18.678347+00:00,5f7360d3ef2f4fa5a5c552f766b7fb94
2018-04-23,11.15,,ft,Approved,,2025-03-11T20:23:18.678347+00:00,5f7360d3ef2f4fa5a5c552f766b7fb94
2018-04-24,10.78,,ft,Approved,,2025-03-11T20:23:18.678347+00:00,5f7360d3ef2f4fa5a5c552f766b7fb94
2018-04-25,11.24,,ft,Approved,,2025-03-11T20:23:18.678347+00:00,5f7360d3ef2f4fa5a5c552f766b7fb94
2018-04-26,11.25,,ft,Approved,,2025-03-11T20:23:18.678347+00:00,5f7360d3ef2f4fa5a5c552f766b7fb94
2018-04-27,11.09,,ft,Approved,,2025-03-11T20:23:18.678347+00:00,5f7360d3ef2f4fa5a5c552f766b7fb94
2018-04-28,11.36,,ft,Approved,,2025-03-11T20:23:18.678347+00:00,5f7360d3ef2f4fa5a5c552f766b7fb94
2018-04-29,11.32,,ft,Approved,,2025-03-11T20:23:18.678347+00:00,5f7360d3ef2f4fa5a5c552f766b7fb94
2018-04-30,11.28,,ft,Approved,,2025-03-11T20:23:18.678347+00:00,5f7360d3ef2f4fa5a5c552f766b7fb94
2018-05-01,11.32,,ft,Approved,,2025-03-11T20:23:18.678347+00:00,5f7360d3ef2f4fa5a5c552f766b7fb94
2018-05-02,11.4,,ft,Approved,,2025-03-11T20:23:18.678347+00:00,5f7360d3ef2f4fa5a5c552f766b7fb94
2018-05-03,11.74,,ft,Approved,,2025-03-11T20:23:18.678347+00:00,5f7360d3ef2f4fa5a5c552f766b7fb94
2018-05-04,14.22,,ft,Approved,,2025-03-11T20:23:18.678347+00:00,5f7360d3ef2f4fa5a5c552f766b7fb94
2018-05-05,12.12,,ft,Approved,,2025-03-11T20:23:18.678347+00:00,5f7360d3ef2f4fa5a5c552f766b7fb94
2018-05-06,11.75,,ft,Approved,,2025-03-11T20:23:18.678347+00:00,5f7360d3ef2f4fa5a5c552f766b7fb94
2018-05-07,11.86,,ft,Approved,,2025-03-11T20:23:18.678347+00:00,5f7360d3ef2f4fa5a5c552f766b7fb94
2018-05-08,11.75,,ft,Approved,,2025-03-11T20:23:18.678347+00:00,5f7360d3ef2f4fa5a5c552f766b7fb94
2018-05-09,11.88,,ft,Approved,,2025-03-11T20:23:18.678347+00:00,5f7360d3ef2f4fa5a5c552f766b7fb94
2018-05-10,11.81,,ft,Approved,,2025-03-11T20:23:18.678347+00:00,5f7360d3ef2f4fa5a5c552f766b7fb94
2018-05-11,11.97,,ft,Approved,,2025-03-11T20:23:18.678347+00:00,5f7360d3ef2f4fa5a5c552f766b7fb94
2018-05-12,12.93,,ft,Approved,,2025-03-11T20:23:18.678347+00:00,5f7360d3ef2f4fa5a5c552f766b7fb94
2018-05-13,13.49,,ft,Approved,,2025-03-11T20:23:18.678347+00:00,5f7360d3ef2f4fa5a5c552f766b7fb94
2018-05-14,13.47,,ft,Approved,,2025-03-11T20:23:18.678347+00:00,5f7360d3ef2f4fa5a5c552f766b7fb94
2018-05-15,13.47,,ft,Approved,,2025-03-11T20:23:18.678347+00:00,5f7360d3ef2f4fa5a5c552f766b7fb94
2018-05-16,13.19,,ft,Approved,,2025-03-11T20:23:18.678347+00:00,5f7360d3ef2f4fa5a5c552f766b7fb94
2018-05-17,13.07,,ft,Approved,,2025-03-11T20:23:18.678347+00:00,5f7360d3ef2f4fa5a5c552f766b7fb94
2018-05-18,13.29,,ft,Approved,,2025-03-11T20:23:18.678347+00:00,5f7360d3ef2f4fa5a5c552f766b7fb94
2018-05-19,13.49,,ft,Approved,,2025-03-11T20:23:18.678347+00:00,5f7360d3ef2f4fa5a5c552f766b7fb94
2018-05-20,13.63,,ft,Approved,,2025-03-11T20:23:18.678347+00:00,5f7360d3ef2f4fa5a5c552f766b7fb94
2018-05-21,13.64,,ft,Approved,,2025-03-11T20:23:18.678347+00:00,5f7360d3ef2f4fa5a5c552f766b7fb94
2018-05-22,13.54,,ft,Approved,,2025-03-11T20:23:18.678347+00:00,5f7360d3ef2f4fa5a5c552f766b7fb94
2018-05-23,13.45,,ft,Approved,,2025-03-11T20:23:18.678347+00:00,5f7360d3ef2f4fa5a5c552f766b7fb94
2018-05-24,13.27,,ft,Approved,,2025-03-11T20:23:18.678347+00:00,5f7360d3ef2f4fa5a5c552f766b7fb94
2018-05-25,13.23,,ft,Approved,,2025-03-11T20:23:18.678347+00:00,5f7360d3ef2f4fa5a5c552f766b7fb94
2018-05-26,12.8,,ft,Approved,,2025-03-11T20:23:18.678347+00:00,5f7360d3ef2f4fa5a5c552f766b7fb94
2018-05-27,12.77,,ft,Approved,,2025-03-11T20:23:18.678347+00:00,5f7360d3ef2f4fa5a5c552f766b7fb94
2018-05-28,12.42,,ft,Approved,,2025-03-11T20:23:18.678347+00:00,5f7360d3ef2f4fa5a5c552f766b7fb94
2018-05-29,13.12,,ft,Approved,,2025-03-11T20:23:18.678347+00:00,5f7360d3ef2f4fa5a5c552f766b7fb94
2018-05-30,12.67,,ft,Approved,,2025-03-11T20:23:18.678347+00:00,5f7360d3ef2f4fa5a5c552f766b7fb94
2018-05-31,12.49,,ft,Approved,,2025-03-11T20:23:18.678347+00:00,5f7360d3ef2f4fa5a5c552f766b7fb94
2018-06-01,12.73,,ft,Approved,,2025-03-11T20:23:18.678347+00:00,5f7360d3ef2f4fa5a5c552f766b7fb94
2018-06-02,12.93,,ft,Approved,,2025-03-11T20:23:18.678347+00:00,5f7360d3ef2f4fa5a5c552f766b7fb94
2018-06-03,12.87,,ft,Approved,,2025-03-11T20:23:18.678347+00:00,5f7360d3ef2f4fa5a5c552f766b7fb94
2018-06-04,14.06,,ft,Approved,,2025-03-11T20:23:18.678347+00:00,5f7360d3ef2f4fa5a5c552f766b7fb94
2018-06-05,13.01,,ft,Approved,,2025-03-11T20:23:18.678347+00:00,5f7360d3ef2f4fa5a5c552f766b7fb94
2018-06-06,12.78,,ft,Approved,,2025-03-11T20:23:18.678347+00:00,5f7360d3ef2f4fa5a5c552f766b7fb94
2018-06-07,12.72,,ft,Approved,,2025-03-11T20:23:18.678347+00:00,5f7360d3ef2f4fa5a5c552f766b7fb94
2018-06-08,12.76,,ft,Approved,,2025-03-11T20:23:18.678347+00:00,5f7360d3ef2f4fa5a5c552f766b7fb94
2018-06-09,12.71,,ft,Approved,,2025-03-11T20:23:18.678347+00:00,5f7360d3ef2f4fa5a5c552f766b7fb94
2018-06-10,12.75,,ft,Approved,,2025-03-11T20:23:18.678347+00:00,5f7360d3ef2f4fa5a5c552f766b7fb94
2018-06-11,12.74,,ft,Approved,,2025-03-11T20:23:18.678347+00:00,5f7360d3ef2f4fa5a5c552f766b7fb94
2018-06-12,12.63,,ft,Approved,,2025-03-11T20:23:18.678347+00:00,5f7360d3ef2f4fa5a5c552f766b7fb94
2018-06-13,12.47,,ft,Approved,,2025-03-11T20:23:18.678347+00:00,5f7360d3ef2f4fa5a5c552f766b7fb94
2018-06-14,12.58,,ft,Approved,,2025-03-11T20:23:18.678347+00:00,5f7360d3ef2f4fa5a5c552f766b7fb94
2018-06-15,12.49,,ft,Approved,,2025-03-11T20:23:18.678347+00:00,5f7360d3ef2f4fa5a5c552f766b7fb94
2018-06-16,12.34,,ft,Approved,,2025-03-11T20:23:18.678347+00:00,5f7360d3ef2f4fa5a5c552f766b7fb94
2018-06-17,12.37,,ft,Approved,,2025-03-11T20:23:18.678347+00:00,5f7360d3ef2f4fa5a5c552f766b7fb94
2018-06-18,12.31,,ft,Approved,,2025-03-11T20:23:18.678347+00:00,5f7360d3ef2f4fa5a5c552f766b7fb94
2018-06-19,12.27,,ft,Approved,,2025-03-11T20:23:18.678347+00:00,5f7360d3ef2f4fa5a5c552f766b7fb94
2018-06-20,12.44,,ft,Approved,,2025-03-11T20:23:18.678347+00:00,5f7360d3ef2f4fa5a5c552f766b7fb94
2018-06-21,12.37,,ft,Approved,,2025-03-11T20:23:18.678347+00:00,5f7360d3ef2f4fa5a5c552f766b7fb94
2018-06-22,11.99,,ft,Approved,,2025-03-11T20:23:18.678347+00:00,5f7360d3ef2f4fa5a5c552f766b7fb94
2018-06-23,11.95,,ft,Approved,,2025-03-11T20:23:18.678347+00:00,5f7360d3ef2f4fa5a5c552f766b7fb94
2018-06-24,11.95,,ft,Approved,,2025-03-11T20:23:18.678347+00:00,5f7360d3ef2f4fa5a5c552f766b7fb94
2018-06-25,11.97,,ft,Approved,,2025-03-11T20:23:18.678347+00:00,5f7360d3ef2f4fa5a5c552f766b7fb94
2018-06-26,11.88,,ft,Approved,,2025-03-11T20:23:18.678347+00:00,5f7360d3ef2f4fa5a5c552f766b7fb94
2018-06-27,12.19,,ft,Approved,,2025-03-11T20:23:18.678347+00:00,5f7360d3ef2f4fa5a5c552f766b7fb94
2018-06-28,12.42,,ft,Approved,,2025-03-11T20:23:18.678347+00:00,5f7360d3ef2f4fa5a5c552f766b7fb94
2018-06-29,12.54,,ft,Approved,,2025-03-11T20:23:18.678347+00:00,5f7360d3ef2f4fa5a5c552f766b7fb94
2018-06-30,12.51,,ft,Approved,,2025-03-11T20:23:18.678347+00:00,5f7360d3ef2f4fa5a5c552f766b7fb94
2018-07-01,12.72,,ft,Approved,,2025-03-11T20:23:18.678347+00:00,5f7360d3ef2f4fa5a5c552f766b7fb94
2018-07-02,13.06,,ft,Approved,,2025-03-11T20:23:18.678347+00:00,5f7360d3ef2f4fa5a5c552f766b7fb94
2018-07-03,12.96,,ft,Approved,,2025-03-11T20:23:18.678347+00:00,5f7360d3ef2f4fa5a5c552f766b7fb94
2018-07-04,13.3,,ft,Approved,,2025-03-11T20:23:18.678347+00:00,5f7360d3ef2f4fa5a5c552f766b7fb94
2018-07-05,13.2,,ft,Approved,,2025-03-11T20:23:18.678347+00:00,5f7360d3ef2f4fa5a5c552f766b7fb94
2018-07-06,12.96,,ft,Approved,,2025-03-11T20:23:18.678347+00:00,5f7360d3ef2f4fa5a5c552f766b7fb94
2018-07-07,12.8,,ft,Approved,,2025-03-11T20:23:18.678347+00:00,5f7360d3ef2f4fa5a5c552f766b7fb94
2018-07-08,12.32,,ft,Approved,,2025-03-11T20:23:18.678347+00:00,5f7360d3ef2f4fa5a5c552f766b7fb94
2018-07-09,13.39,,ft,Approved,,2025-03-11T20:23:18.678347+00:00,5f7360d3ef2f4fa5a5c552f766b7fb94
2018-07-10,11.98,,ft,Approved,,2025-03-11T20:23:18.678347+00:00,5f7360d3ef2f4fa5a5c552f766b7fb94
2018-07-11,11.85,,ft,Approved,,2025-03-11T20:23:18.678347+00:00,5f7360d3ef2f4fa5a5c552f766b7fb94
2018-07-12,11.64,,ft,Approved,,2025-03-11T20:23:18.678347+00:00,5f7360d3ef2f4fa5a5c552f766b7fb94
2018-07-13,11.93,,ft,Approved,,2025-03-11T20:23:18.678347+00:00,5f7360d3ef2f4fa5a5c552f766b7fb94
2018-07-14,11.69,,ft,Approved,,2025-03-11T20:23:18.678347+00:00,5f7360d3ef2f4fa5a5c552f766b7fb94
2018-07-15,11.87,,ft,Approved,,2025-03-11T20:23:18.678347+00:00,5f7360d3ef2f4fa5a5c552f766b7fb94
2018-07-16,12.13,,ft,Approved,,2025-03-11T20:23:18.678347+00:00,5f7360d3ef2f4fa5a5c552f766b7fb94
2018-07-17,12.1,,ft,Approved,,2025-03-11T20:23:18.678347+00:00,5f7360d3ef2f4fa5a5c552f766b7fb94
2018-07-18,12.33,,ft,Approved,,2025-03-11T20:23:18.678347+00:00,5f7360d3ef2f4fa5a5c552f766b7fb94
2018-07-19,12.22,,ft,Approved,,2025-03-11T20:23:18.678347+00:00,5f7360d3ef2f4fa5a5c552f766b7fb94
2018-07-20,12.22,,ft,Approved,,2025-03-11T20:23:18.678347+00:00,5f7360d3ef2f4fa5a5c552f766b7fb94
2018-07-21,12.21,,ft,Approved,,2025-03-11T20:23:18.678347+00:00,5f7360d3ef2f4fa5a5c552f766b7fb94
2018-07-22,12.21,,ft,Approved,,2025-03-11T20:23:18.678347+00:00,5f7360d3ef2f4fa5a5c552f766b7fb94
2018-07-23,12.2,,ft,Approved,,2025-03-11T20:23:18.678347+00:00,5f7360d3ef2f4fa5a5c552f766b7fb94
2018-07-24,12.14,,ft,Approved,,2025-03-11T20:23:18.678347+00:00,5f7360d3ef2f4fa5a5c552f766b7fb94
2018-07-25,12.11,,ft,Approved,,2025-03-11T20:23:18.678347+00:00,5f7360d3ef2f4fa5a5c552f766b7fb94
2018-07-26,12.02,,ft,Approved,,2025-03-11T20:23:18.678347+00:00,5f7360d3ef2f4fa5a5c552f766b7fb94
2018-07-27,12.0,,ft,Approved,,2025-03-11T20:23:18.678347+00:00,5f7360d3ef2f4fa5a5c552f766b7fb94
2018-07-28,11.96,,ft,Approved,,2025-03-11T20:23:18.678347+00:00,5f7360d3ef2f4fa5a5c552f766b7fb94
2018-07-29,12.12,,ft,Approved,,2025-03-11T20:23:18.678347+00:00,5f7360d3ef2f4fa5a5c552f766b7fb94
2018-07-30,12.12,,ft,Approved,,2025-03-11T20:23:18.678347+00:00,5f7360d3ef2f4fa5a5c552f766b7fb94
2018-07-31,12.17,,ft,Approved,,2025-03-11T20:23:18.678347+00:00,5f7360d3ef2f4fa5a5c552f766b7fb94
2018-08-01,12.2,,ft,Approved,,2025-03-11T20:23:18.678347+00:00,5f7360d3ef2f4fa5a5c552f766b7fb94
2018-08-02,12.21,,ft,Approved,,2025-03-11T20:23:18.678347+00:00,5f7360d3ef2f4fa5a5c552f766b7fb94
2018-08-03,12.18,,ft,Approved,,2025-03-11T20:23:18.678347+00:00,5f7360d3ef2f4fa5a5c552f766b7fb94
2018-08-04,12.16,,ft,Approved,,2025-03-11T20:23:18.678347+00:00,5f7360d3ef2f4fa5a5c552f766b7fb94
2018-08-05,12.16,,ft,Approved,,2025-03-11T20:23:18.678347+00:00,5f7360d3ef2f4fa5a5c552f766b7fb94
2018-08-06,12.17,,ft,Approved,,2025-03-11T20:23:18.678347+00:00,5f7360d3ef2f4fa5a5c552f766b7fb94
2018-08-07,12.1,,ft,Approved,,2025-03-11T20:23:18.678347+00:00,5f7360d3ef2f4fa5a5c552f766b7fb94
2018-08-08,11.94,,ft,Approved,,2025-03-11T20:23:18.678347+00:00,5f7360d3ef2f4fa5a5c552f766b7fb94
2018-08-09,11.92,,ft,Approved,,2025-03-11T20:23:18.678347+00:00,5f7360d3ef2f4fa5a5c552f766b7fb94
2018-08-10,12.05,,ft,Approved,,2025-03-11T20:23:18.678347+00:00,5f7360d3ef2f4fa5a5c552f766b7fb94
2018-08-11,12.34,,ft,Approved,,2025-03-11T20:23:18.678347+00:00,5f7360d3ef2f4fa5a5c552f766b7fb94
2018-08-12,12.44,,ft,Approved,,2025-03-11T20:23:18.678347+00:00,5f7360d3ef2f4fa5a5c552f766b7fb94
2018-08-13,11.77,,ft,Approved,,2025-03-11T20:23:18.678347+00:00,5f7360d3ef2f4fa5a5c552f766b7fb94
2018-08-14,11.86,,ft,Approved,,2025-03-11T20:23:18.678347+00:00,5f7360d3ef2f4fa5a5c552f766b7fb94
2018-08-15,11.87,,ft,Approved,,2025-03-11T20:23:18.678347+00:00,5f7360d3ef2f4fa5a5c552f766b7fb94
2018-08-16,11.75,,ft,Approved,,2025-03-11T20:23:18.678347+00:00,5f7360d3ef2f4fa5a5c552f766b7fb94
2018-08-17,12.13,,ft,Approved,,2025-03-11T20:23:18.678347+00:00,5f7360d3ef2f4fa5a5c552f766b7fb94
2018-08-18,11.86,,ft,Approved,,2025-03-11T20:23:18.678347+00:00,5f7360d3ef2f4fa5a5c552f766b7fb94
2018-08-19,11.98,,ft,Approved,,2025-03-11T20:23:18.678347+00:00,5f7360d3ef2f4fa5a5c552f766b7fb94
2018-08-20,11.88,,ft,Approved,,2025-03-11T20:23:18.678347+00:00,5f7360d3ef2f4fa5a5c552f766b7fb94
2018-08-21,11.89,,ft,Approved,,2025-03-11T20:23:18.678347+00:00,5f7360d3ef2f4fa5a5c552f766b7fb94
2018-08-22,12.02,,ft,Approved,,2025-03-11T20:23:18.678347+00:00,5f7360d3ef2f4fa5a5c552f766b7fb94
2018-08-23,12.37,,ft,Approved,,2025-03-11T20:23:18.678347+00:00,5f7360d3ef2f4fa5a5c552f766b7fb94
2018-08-24,12.61,,ft,Approved,,2025-03-11T20:23:18.678347+00:00,5f7360d3ef2f4fa5a5c552f766b7fb94
2018-08-25,12.68,,ft,Approved,,2025-03-11T20:23:18.678347+00:00,5f7360d3ef2f4fa5a5c552f766b7fb94
2018-08-26,12.67,,ft,Approved,,2025-03-11T20:23:18.678347+00:00,5f7360d3ef2f4fa5a5c552f766b7fb94
2018-08-27,12.48,,ft,Approved,,2025-03-11T20:23:18.678347+00:00,5f7360d3ef2f4fa5a5c552f766b7fb94
2018-08-28,12.59,,ft,Approved,,2025-03-11T20:23:18.678347+00:00,5f7360d3ef2f4fa5a5c552f766b7fb94
2018-08-29,12.65,,ft,Approved,,2025-03-11T20:23:18.678347+00:00,5f7360d3ef2f4fa5a5c552f766b7fb94
2018-08-30,12.53,,ft,Approved,,2025-03-11T20:23:18.678347+00:00,5f7360d3ef2f4fa5a5c552f766b7fb94
2018-08-31,12.83,,ft,Approved,,2025-03-11T20:23:18.678347+00:00,5f7360d3ef2f4fa5a5c552f766b7fb94
2018-09-01,12.44,,ft,Approved,,2025-03-11T20:23:18.678347+00:00,5f7360d3ef2f4fa5a5c552f766b7fb94
2018-09-02,12.54,,ft,Approved,,2025-03-11T20:23:18.678347+00:00,5f7360d3ef2f4fa5a5c552f766b7fb94
2018-09-03,12.55,,ft,Approved,,2025-03-11T20:23:18.678347+00:00,5f7360d3ef2f4fa5a5c552f766b7fb94
2018-09-04,12.8,,ft,Approved,,2025-03-11T20:23:18.678347+00:00,5f7360d3ef2f4fa5a5c552f766b7fb94
2018-09-05,12.25,,ft,Approved,,2025-03-11T20:23:18.678347+00:00,5f7360d3ef2f4fa5a5c552f766b7fb94
2018-09-06,11.71,,ft,Approved,,2025-03-11T20:23:18.678347+00:00,5f7360d3ef2f4fa5a5c552f766b7fb94
2018-09-07,11.61,,ft,Approved,,2025-03-11T20:23:18.678347+00:00,5f7360d3ef2f4fa5a5c552f766b7fb94
2018-09-08,11.75,,ft,Approved,,2025-03-11T20:23:18.678347+00:00,5f7360d3ef2f4fa5a5c552f766b7fb94
2018-09-09,12.04,,ft,Approved,,2025-03-11T20:23:18.678347+00:00,5f7360d3ef2f4fa5a5c552f766b7fb94
2018-09-10,10.96,,ft,Approved,,2025-03-11T20:23:18.678347+00:00,5f7360d3ef2f4fa5a5c552f766b7fb94
2018-09-11,11.22,,ft,Approved,,2025-03-11T20:23:18.678347+00:00,5f7360d3ef2f4fa5a5c552f766b7fb94
2018-09-12,10.98,,ft,Approved,,2025-03-11T20:23:18.678347+00:00,5f7360d3ef2f4fa5a5c552f766b7fb94
2018-09-13,10.85,,ft,Approved,,2025-03-11T20:23:18.678347+00:00,5f7360d3ef2f4fa5a5c552f766b7fb94
2018-09-14,10.79,,ft,Approved,,2025-03-11T20:23:18.678347+00:00,5f7360d3ef2f4fa5a5c552f766b7fb94
2018-09-15,10.99,,ft,Approved,,2025-03-11T20:23:18.678347+00:00,5f7360d3ef2f4fa5a5c552f766b7fb94
2018-09-16,11.57,,ft,Approved,,2025-03-11T20:23:18.678347+00:00,5f7360d3ef2f4fa5a5c552f766b7fb94
2018-09-17,11.32,,ft,Approved,,2025-03-11T20:23:18.678347+00:00,5f7360d3ef2f4fa5a5c552f766b7fb94
2018-09-18,11.28,,ft,Approved,,2025-03-11T20:23:18.678347+00:00,5f7360d3ef2f4fa5a5c552f766b7fb94
2018-09-19,11.25,,ft,Approved,,2025-03-11T20:23:18.678347+00:00,5f7360d3ef2f4fa5a5c552f766b7fb94
2018-09-20,11.54,,ft,Approved,,2025-03-11T20:23:18.678347+00:00,5f7360d3ef2f4fa5a5c552f766b7fb94
2018-09-21,11.89,,ft,Approved,,2025-03-11T20:23:18.678347+00:00,5f7360d3ef2f4fa5a5c552f766b7fb94
2018-09-22,12.84,,ft,Approved,,2025-03-11T20:23:18.678347+00:00,5f7360d3ef2f4fa5a5c552f766b7fb94
2018-09-23,11.81,,ft,Approved,,2025-03-11T20:23:18.678347+00:00,5f7360d3ef2f4fa5a5c552f766b7fb94
2018-09-24,11.27,,ft,Approved,,2025-03-11T20:23:18.678347+00:00,5f7360d3ef2f4fa5a5c552f766b7fb94
2018-09-25,10.94,,ft,Approved,,2025-03-11T20:23:18.678347+00:00,5f7360d3ef2f4fa5a5c552f766b7fb94
2018-09-26,10.91,,ft,Approved,,2025-03-11T20:23:18.678347+00:00,5f7360d3ef2f4fa5a5c552f766b7fb94
2018-09-27,11.25,,ft,Approved,,2025-03-11T20:23:18.678347+00:00,5f7360d3ef2f4fa5a5c552f766b7fb94
2018-09-28,11.56,,ft,Approved,,2025-03-11T20:23:18.678347+00:00,5f7360d3ef2f4fa5a5c552f766b7fb94
2018-09-29,11.81,,ft,Approved,,2025-03-11T20:23:18.678347+00:00,5f7360d3ef2f4fa5a5c552f766b7fb94
2018-09-30,11.78,,ft,Approved,,2025-03-11T20:23:18.678347+00:00,5f7360d3ef2f4fa5a5c552f766b7fb94
2018-10-01,11.68,,ft,Approved,,2025-03-11T20:23:18.678347+00:00,5f7360d3ef2f4fa5a5c552f766b7fb94
2018-10-02,11.68,,ft,Approved,,2025-03-11T20:23:18.678347+00:00,5f7360d3ef2f4fa5a5c552f766b7fb94
2018-10-03,11.69,,ft,Approved,,2025-03-11T20:23:18.678347+00:00,5f7360d3ef2f4fa5a5c552f766b7fb94
2018-10-04,11.68,,ft,Approved,,2025-03-11T20:23:18.678347+00:00,5f7360d3ef2f4fa5a5c552f766b7fb94
2018-10-05,11.66,,ft,Approved,,2025-03-11T20:23:18.678347+00:00,5f7360d3ef2f4fa5a5c552f766b7fb94
2018-10-06,12.18,,ft,Approved,,2025-03-11T20:23:18.678347+00:00,5f7360d3ef2f4fa5a5c552f766b7fb94
2018-10-07,12.18,,ft,Approved,,2025-03-11T20:23:18.678347+00:00,5f7360d3ef2f4fa5a5c552f766b7fb94
2018-10-08,12.24,,ft,Approved,,2025-03-11T20:23:18.678347+00:00,5f7360d3ef2f4fa5a5c552f766b7fb94
2018-10-09,13.13,,ft,Approved,,2025-03-11T20:23:18.678347+00:00,5f7360d3ef2f4fa5a5c552f766b7fb94
2018-10-10,12.88,,ft,Approved,,2025-03-11T20:23:18.678347+00:00,5f7360d3ef2f4fa5a5c552f766b7fb94
2018-10-11,13.0,,ft,Approved,,2025-03-11T20:23:18.678347+00:00,5f7360d3ef2f4fa5a5c552f766b7fb94
2018-10-12,12.99,,ft,Approved,,2025-03-11T20:23:18.678347+00:00,5f7360d3ef2f4fa5a5c552f766b7fb94
2018-10-13,13.08,,ft,Approved,,2025-03-11T20:23:18.678347+00:00,5f7360d3ef2f4fa5a5c552f766b7fb94
2018-10-14,14.05,,ft,Approved,,2025-03-11T20:23:18.678347+00:00,5f7360d3ef2f4fa5a5c552f766b7fb94
2018-10-15,14.5,,ft,Approved,,2025-03-11T20:23:18.678347+00:00,5f7360d3ef2f4fa5a5c552f766b7fb94
2018-10-16,19.57,,ft,Approved,,2025-03-11T20:23:18.678347+00:00,5f7360d3ef2f4fa5a5c552f766b7fb94
2018-10-17,29.62,,ft,Approved,,2025-03-11T20:23:18.678347+00:00,5f7360d3ef2f4fa5a5c552f766b7fb94
2018-10-18,30.7,,ft,Approved,,2025-03-11T20:23:18.678347+00:00,5f7360d3ef2f4fa5a5c552f766b7fb94
2018-10-19,30.88,,ft,Approved,,2025-03-11T20:23:18.678347+00:00,5f7360d3ef2f4fa5a5c552f766b7fb94
2018-10-20,30.73,,ft,Approved,,2025-03-11T20:23:18.678347+00:00,5f7360d3ef2f4fa5a5c552f766b7fb94
2018-10-21,30.53,,ft,Approved,,2025-03-11T20:23:18.678347+00:00,5f7360d3ef2f4fa5a5c552f766b7fb94
2018-10-22,30.41,,ft,Approved,,2025-03-11T20:23:18.678347+00:00,5f7360d3ef2f4fa5a5c552f766b7fb94
2018-10-23,30.34,,ft,Approved,,2025-03-11T20:23:18.678347+00:00,5f7360d3ef2f4fa5a5c552f766b7fb94
2018-10-24,30.44,,ft,Approved,,2025-03-11T20:23:18.678347+00:00,5f7360d3ef2f4fa5a5c552f766b7fb94
2018-10-25,30.52,,ft,Approved,,2025-03-11T20:23:18.678347+00:00,5f7360d3ef2f4fa5a5c552f766b7fb94
2018-10-26,30.36,,ft,Approved,,2025-03-11T20:23:18.678347+00:00,5f7360d3ef2f4fa5a5c552f766b7fb94
2018-10-27,30.17,,ft,Approved,,2025-03-11T20:23:18.678347+00:00,5f7360d3ef2f4fa5a5c552f766b7fb94
2018-10-28,30.12,,ft,Approved,,2025-03-11T20:23:18.678347+00:00,5f7360d3ef2f4fa5a5c552f766b7fb94
2018-10-29,30.11,,ft,Approved,,2025-03-11T20:23:18.678347+00:00,5f7360d3ef2f4fa5a5c552f766b7fb94
2018-10-30,30.04,,ft,Approved,,2025-03-11T20:23:18.678347+00:00,5f7360d3ef2f4fa5a5c552f766b7fb94
2018-10-31,29.95,,ft,Approved,,2025-03-11T20:23:18.678347+00:00,5f7360d3ef2f4fa5a5c552f766b7fb94
2018-11-01,28.56,,ft,Approved,,2025-03-11T20:23:18.678347+00:00,5f7360d3ef2f4fa5a5c552f766b7fb94
2018-11-02,27.22,,ft,Approved,,2025-03-11T20:23:18.678347+00:00,5f7360d3ef2f4fa5a5c552f766b7fb94
2018-11-03,25.62,,ft,Approved,,2025-03-11T20:23:18.678347+00:00,5f7360d3ef2f4fa5a5c552f766b7fb94
2018-11-04,24.53,,ft,Approved,,2025-03-11T20:23:18.678347+00:00,5f7360d3ef2f4fa5a5c552f766b7fb94
2018-11-05,22.68,,ft,Approved,,2025-03-11T20:23:18.678347+00:00,5f7360d3ef2f4fa5a5c552f766b7fb94
2018-11-06,21.3,,ft,Approved,,2025-03-11T20:23:18.678347+00:00,5f7360d3ef2f4fa5a5c552f766b7fb94
2018-11-07,19.3,,ft,Approved,,2025-03-11T20:23:18.678347+00:00,5f7360d3ef2f4fa5a5c552f766b7fb94
2018-11-08,16.91,,ft,Approved,,2025-03-11T20:23:18.678347+00:00,5f7360d3ef2f4fa5a5c552f766b7fb94
2018-11-09,17.12,,ft,Approved,,2025-03-11T20:23:18.678347+00:00,5f7360d3ef2f4fa5a5c552f766b7fb94
2018-11-10,16.89,,ft,Approved,,2025-03-11T20:23:18.678347+00:00,5f7360d3ef2f4fa5a5c552f766b7fb94
2018-11-11,16.8,,ft,Approved,,2025-03-11T20:23:18.678347+00:00,5f7360d3ef2f4fa5a5c552f766b7fb94
2018-11-12,16.8,,ft,Approved,,2025-03-11T20:23:18.678347+00:00,5f7360d3ef2f4fa5a5c552f766b7fb94
2018-11-13,16.75,,ft,Approved,,2025-03-11T20:23:18.678347+00:00,5f7360d3ef2f4fa5a5c552f766b7fb94
2018-11-14,16.66,,ft,Approved,,2025-03-11T20:23:18.678347+00:00,5f7360d3ef2f4fa5a5c552f766b7fb94
2018-11-15,16.7,,ft,Approved,,2025-03-11T20:23:18.678347+00:00,5f7360d3ef2f4fa5a5c552f766b7fb94
2018-11-16,12.63,,ft,Approved,,2025-03-11T20:23:18.678347+00:00,5f7360d3ef2f4fa5a5c552f766b7fb94
2018-11-17,12.45,,ft,Approved,,2025-03-11T20:23:18.678347+00:00,5f7360d3ef2f4fa5a5c552f766b7fb94
2018-11-18,12.67,,ft,Approved,,2025-03-11T20:23:18.678347+00:00,5f7360d3ef2f4fa5a5c552f766b7fb94
2018-11-19,13.05,,ft,Approved,,2025-03-11T20:23:18.678347+00:00,5f7360d3ef2f4fa5a5c552f766b7fb94
2018-11-20,13.11,,ft,Approved,,2025-03-11T20:23:18.678347+00:00,5f7360d3ef2f4fa5a5c552f766b7fb94
2018-11-21,14.5,,ft,Approved,,2025-03-11T20:23:18.678347+00:00,5f7360d3ef2f4fa5a5c552f766b7fb94
2018-11-22,14.28,,ft,Approved,,2025-03-11T20:23:18.678347+00:00,5f7360d3ef2f4fa5a5c552f766b7fb94
2018-11-23,13.87,,ft,Approved,,2025-03-11T20:23:18.678347+00:00,5f7360d3ef2f4fa5a5c552f766b7fb94
2018-11-24,13.42,,ft,Approved,,2025-03-11T20:23:18.678347+00:00,5f7360d3ef2f4fa5a5c552f766b7fb94
2018-11-25,13.74,,ft,Approved,,2025-03-11T20:23:18.678347+00:00,5f7360d3ef2f4fa5a5c552f766b7fb94
2018-11-26,12.7,,ft,Approved,,2025-03-11T20:23:18.678347+00:00,5f7360d3ef2f4fa5a5c552f766b7fb94
2018-11-27,13.75,,ft,Approved,,2025-03-11T20:23:18.678347+00:00,5f7360d3ef2f4fa5a5c552f766b7fb94
2018-11-28,13.58,,ft,Approved,,2025-03-11T20:23:18.678347+00:00,5f7360d3ef2f4fa5a5c552f766b7fb94
2018-11-29,12.72,,ft,Approved,,2025-03-11T20:23:18.678347+00:00,5f7360d3ef2f4fa5a5c552f766b7fb94
2018-11-30,13.53,,ft,Approved,,2025-03-11T20:23:18.678347+00:00,5f7360d3ef2f4fa5a5c552f766b7fb94
2018-12-01,13.31,,ft,Approved,,2025-03-11T20:23:18.678347+00:00,5f7360d3ef2f4fa5a5c552f766b7fb94
2018-12-02,12.69,,ft,Approved,,2025-03-11T20:23:18.678347+00:00,5f7360d3ef2f4fa5a5c552f766b7fb94
2018-12-03,12.62,,ft,Approved,,2025-03-11T20:23:18.678347+00:00,5f7360d3ef2f4fa5a5c552f766b7fb94
2018-12-04,13.12,,ft,Approved,,2025-03-11T20:23:18.678347+00:00,5f7360d3ef2f4fa5a5c552f766b7fb94
2018-12-05,12.85,,ft,Approved,,2025-03-11T20:23:18.678347+00:00,5f7360d3ef2f4fa5a5c552f766b7fb94
2018-12-06,12.62,,ft,Approved,,2025-03-11T20:23:18.678347+00:00,5f7360d3ef2f4fa5a5c552f766b7fb94
2018-12-07,14.13,,ft,Approved,,2025-03-11T20:23:18.678347+00:00,5f7360d3ef2f4fa5a5c552f766b7fb94
2018-12-08,14.51,,ft,Approved,,2025-03-11T20:23:18.678347+00:00,5f7360d3ef2f4fa5a5c552f766b7fb94
2018-12-09,14.75,,ft,Approved,,2025-03-11T20:23:18.678347+00:00,5f7360d3ef2f4fa5a5c552f766b7fb94
2018-12-10,16.5,,ft,Approved,,2025-03-11T20:23:18.678347+00:00,5f7360d3ef2f4fa5a5c552f766b7fb94
2018-12-11,16.42,,ft,Approved,,2025-03-11T20:23:18.678347+00:00,5f7360d3ef2f4fa5a5c552f766b7fb94
2018-12-12,16.34,,ft,Approved,,2025-03-11T20:23:18.678347+00:00,5f7360d3ef2f4fa5a5c552f766b7fb94
2018-12-13,16.14,,ft,Approved,,2025-03-11T20:23:18.678347+00:00,5f7360d3ef2f4fa5a5c552f766b7fb94
2018-12-14,16.29,,ft,Approved,,2025-03-11T20:23:18.678347+00:00,5f7360d3ef2f4fa5a5c552f766b7fb94
2018-12-15,16.26,,ft,Approved,,2025-03-11T20:23:18.678347+00:00,5f7360d3ef2f4fa5a5c552f766b7fb94
2018-12-16,16.36,,ft,Approved,,2025-03-11T20:23:18.678347+00:00,5f7360d3ef2f4fa5a5c552f766b7fb94
2018-12-17,14.5,,ft,Approved,,2025-03-11T20:23:18.678347+00:00,5f7360d3ef2f4fa5a5c552f766b7fb94
2018-12-18,14.21,,ft,Approved,,2025-03-11T20:23:18.678347+00:00,5f7360d3ef2f4fa5a5c552f766b7fb94
2018-12-19,16.29,,ft,Approved,,2025-03-11T20:23:18.678347+00:00,5f7360d3ef2f4fa5a5c552f766b7fb94
2018-12-20,16.25,,ft,Approved,,2025-03-11T20:23:18.678347+00:00,5f7360d3ef2f4fa5a5c552f766b7fb94
2018-12-21,13.3,,ft,Approved,,2025-03-11T20:23:18.678347+00:00,5f7360d3ef2f4fa5a5c552f766b7fb94
2018-12-22,13.21,,ft,Approved,,2025-03-11T20:23:18.678347+00:00,5f7360d3ef2f4fa5a5c552f766b7fb94
2018-12-23,13.14,,ft,Approved,,2025-03-11T20:23:18.678347+00:00,5f7360d3ef2f4fa5a5c552f766b7fb94
2018-12-24,13.17,,ft,Approved,,2025-03-11T20:23:18.678347+00:00,5f7360d3ef2f4fa5a5c552f766b7fb94
2018-12-25,13.11,,ft,Approved,,2025-03-11T20:23:18.678347+00:00,5f7360d3ef2f4fa5a5c552f766b7fb94
2018-12-26,13.07,,ft,Approved,,2025-03-11T20:23:18.678347+00:00,5f7360d3ef2f4fa5a5c552f766b7fb94
2018-12-27,18.63,,ft,Approved,,2025-03-11T20:23:18.678347+00:00,5f7360d3ef2f4fa5a5c552f766b7fb94
2018-12-28,16.82,,ft,Approved,,2025-03-11T20:23:18.678347+00:00,5f7360d3ef2f4fa5a5c552f766b7fb94
2018-12-29,16.6,,ft,Approved,,2025-03-11T20:23:18.678347+00:00,5f7360d3ef2f4fa5a5c552f766b7fb94
2018-12-30,16.51,,ft,Approved,,2025-03-11T20:23:18.678347+00:00,5f7360d3ef2f4fa5a5c552f766b7fb94
2018-12-31,16.43,,ft,Approved,,2025-03-11T20:23:18.678347+00:00,5f7360d3ef2f4fa5a5c552f766b7fb94
2019-01-01,16.49,,ft,Approved,,2025-03-11T20:23:18.678347+00:00,5f7360d3ef2f4fa5a5c552f766b7fb94
2019-01-02,18.69,,ft,Approved,,2025-03-11T20:23:18.678347+00:00,5f7360d3ef2f4fa5a5c552f766b7fb94
2019-01-03,21.24,,ft,Approved,,2025-03-11T20:23:18.678347+00:00,5f7360d3ef2f4fa5a5c552f766b7fb94
2019-01-04,20.33,,ft,Approved,,2025-03-11T20:23:18.678347+00:00,5f7360d3ef2f4fa5a5c552f766b7fb94
2019-01-05,19.87,,ft,Approved,,2025-03-11T20:23:18.678347+00:00,5f7360d3ef2f4fa5a5c552f766b7fb94
2019-01-06,19.85,,ft,Approved,,2025-03-11T20:23:18.678347+00:00,5f7360d3ef2f4fa5a5c552f766b7fb94
2019-01-07,19.7,,ft,Approved,,2025-03-11T20:23:18.678347+00:00,5f7360d3ef2f4fa5a5c552f766b7fb94
2019-01-08,17.66,,ft,Approved,,2025-03-11T20:23:18.678347+00:00,5f7360d3ef2f4fa5a5c552f766b7fb94
2019-01-09,16.56,,ft,Approved,,2025-03-11T20:23:18.678347+00:00,5f7360d3ef2f4fa5a5c552f766b7fb94
2019-01-10,16.47,,ft,Approved,,2025-03-11T20:23:18.678347+00:00,5f7360d3ef2f4fa5a5c552f766b7fb94
2019-01-11,16.47,,ft,Approved,,2025-03-11T20:23:18.678347+00:00,5f7360d3ef2f4fa5a5c552f766b7fb94
2019-01-12,16.57,,ft,Approved,,2025-03-11T20:23:18.678347+00:00,5f7360d3ef2f4fa5a5c552f766b7fb94
2019-01-13,16.44,,ft,Approved,,2025-03-11T20:23:18.678347+00:00,5f7360d3ef2f4fa5a5c552f766b7fb94
2019-01-14,16.39,,ft,Approved,,2025-03-11T20:23:18.678347+00:00,5f7360d3ef2f4fa5a5c552f766b7fb94
2019-01-15,16.36,,ft,Approved,,2025-03-11T20:23:18.678347+00:00,5f7360d3ef2f4fa5a5c552f766b7fb94
2019-01-16,16.37,,ft,Approved,,2025-03-11T20:23:18.678347+00:00,5f7360d3ef2f4fa5a5c552f766b7fb94
2019-01-17,13.44,,ft,Approved,,2025-03-11T20:23:18.678347+00:00,5f7360d3ef2f4fa5a5c552f766b7fb94
2019-01-18,12.78,,ft,Approved,,2025-03-11T20:23:18.678347+00:00,5f7360d3ef2f4fa5a5c552f766b7fb94
2019-01-19,12.73,,ft,Approved,,2025-03-11T20:23:18.678347+00:00,5f7360d3ef2f4fa5a5c552f766b7fb94
2019-01-20,12.97,,ft,Approved,,2025-03-11T20:23:18.678347+00:00,5f7360d3ef2f4fa5a5c552f766b7fb94
2019-01-21,13.62,,ft,Approved,,2025-03-11T20:23:18.678347+00:00,5f7360d3ef2f4fa5a5c552f766b7fb94
2019-01-22,11.54,,ft,Approved,,2025-03-11T20:23:18.678347+00:00,5f7360d3ef2f4fa5a5c552f766b7fb94
2019-01-23,12.75,,ft,Approved,,2025-03-11T20:23:18.678347+00:00,5f7360d3ef2f4fa5a5c552f766b7fb94
2019-01-24,12.58,,ft,Approved,,2025-03-11T20:23:18.678347+00:00,5f7360d3ef2f4fa5a5c552f766b7fb94
2019-01-25,14.3,,ft,Approved,,2025-03-11T20:23:18.678347+00:00,5f7360d3ef2f4fa5a5c552f766b7fb94
2019-01-26,16.19,,ft,Approved,,2025-03-11T20:23:18.678347+00:00,5f7360d3ef2f4fa5a5c552f766b7fb94
2019-01-27,16.19,,ft,Approved,,2025-03-11T20:23:18.678347+00:00,5f7360d3ef2f4fa5a5c552f766b7fb94
2019-01-28,16.2,,ft,Approved,,2025-03-11T20:23:18.678347+00:00,5f7360d3ef2f4fa5a5c552f766b7fb94
2019-01-29,16.21,,ft,Approved,,2025-03-11T20:23:18.678347+00:00,5f7360d3ef2f4fa5a5c552f766b7fb94
2019-01-30,14.33,,ft,Approved,,2025-03-11T20:23:18.678347+00:00,5f7360d3ef2f4fa5a5c552f766b7fb94
2019-01-31,13.54,,ft,Approved,,2025-03-11T20:23:18.678347+00:00,5f7360d3ef2f4fa5a5c552f766b7fb94
2019-02-01,13.5,,ft,Approved,,2025-03-11T20:23:18.678347+00:00,5f7360d3ef2f4fa5a5c552f766b7fb94
2019-02-02,12.69,,ft,Approved,,2025-03-11T20:23:18.678347+00:00,5f7360d3ef2f4fa5a5c552f766b7fb94
2019-02-03,12.64,,ft,Approved,,2025-03-11T20:23:18.678347+00:00,5f7360d3ef2f4fa5a5c552f766b7fb94
2019-02-04,12.94,,ft,Approved,,2025-03-11T20:23:18.678347+00:00,5f7360d3ef2f4fa5a5c552f766b7fb94
2019-02-05,13.02,,ft,Approved,,2025-03-11T20:23:18.678347+00:00,5f7360d3ef2f4fa5a5c552f766b7fb94
2019-02-06,14.03,,ft,Approved,,2025-03-11T20:23:18.678347+00:00,5f7360d3ef2f4fa5a5c552f766b7fb94
2019-02-07,15.16,,ft,Approved,,2025-03-11T20:23:18.678347+00:00,5f7360d3ef2f4fa5a5c552f766b7fb94
2019-02-08,13.78,,ft,Approved,,2025-03-11T20:23:18.678347+00:00,5f7360d3ef2f4fa5a5c552f766b7fb94
2019-02-09,14.11,,ft,Approved,,2025-03-11T20:23:18.678347+00:00,5f7360d3ef2f4fa5a5c552f766b7fb94
2019-02-10,14.23,,ft,Approved,,2025-03-11T20:23:18.678347+00:00,5f7360d3ef2f4fa5a5c552f766b7fb94
2019-02-11,14.22,,ft,Approved,,2025-03-11T20:23:18.678347+00:00,5f7360d3ef2f4fa5a5c552f766b7fb94
2019-02-12,13.24,,ft,Approved,,2025-03-11T20:23:18.678347+00:00,5f7360d3ef2f4fa5a5c552f766b7fb94
2019-02-13,12.18,,ft,Approved,,2025-03-11T20:23:18.678347+00:00,5f7360d3ef2f4fa5a5c552f766b7fb94
2019-02-14,11.81,,ft,Approved,,2025-03-11T20:23:18.678347+00:00,5f7360d3ef2f4fa5a5c552f766b7fb94
2019-02-15,11.87,,ft,Approved,,2025-03-11T20:23:18.678347+00:00,5f7360d3ef2f4fa5a5c552f766b7fb94
2019-02-16,11.9,,ft,Approved,,2025-03-11T20:23:18.678347+00:00,5f7360d3ef2f4fa5a5c552f766b7fb94
2019-02-17,11.87,,ft,Approved,,2025-03-11T20:23:18.678347+00:00,5f7360d3ef2f4fa5a5c552f766b7fb94
2019-02-18,11.88,,ft,Approved,,2025-03-11T20:23:18.678347+00:00,5f7360d3ef2f4fa5a5c552f766b7fb94
2019-02-19,12.36,,ft,Approved,,2025-03-11T20:23:18.678347+00:00,5f7360d3ef2f4fa5a5c552f766b7fb94
2019-02-20,12.87,,ft,Approved,,2025-03-11T20:23:18.678347+00:00,5f7360d3ef2f4fa5a5c552f766b7fb94
2019-02-21,12.27,,ft,Approved,,2025-03-11T20:23:18.678347+00:00,5f7360d3ef2f4fa5a5c552f766b7fb94
2019-02-22,12.17,,ft,Approved,,2025-03-11T20:23:18.678347+00:00,5f7360d3ef2f4fa5a5c552f766b7fb94
2019-02-23,11.82,,ft,Approved,,2025-03-11T20:23:18.678347+00:00,5f7360d3ef2f4fa5a5c552f766b7fb94
2019-02-24,11.73,,ft,Approved,,2025-03-11T20:23:18.678347+00:00,5f7360d3ef2f4fa5a5c552f766b7fb94
2019-02-25,11.83,,ft,Approved,,2025-03-11T20:23:18.678347+00:00,5f7360d3ef2f4fa5a5c552f766b7fb94
2019-02-26,11.8,,ft,Approved,,2025-03-11T20:23:18.678347+00:00,5f7360d3ef2f4fa5a5c552f766b7fb94
2019-02-27,11.84,,ft,Approved,,2025-03-11T20:23:18.678347+00:00,5f7360d3ef2f4fa5a5c552f766b7fb94
2019-02-28,11.77,,ft,Approved,,2025-03-11T20:23:18.678347+00:00,5f7360d3ef2f4fa5a5c552f766b7fb94
2019-03-01,11.52,,ft,Approved,,2025-03-11T20:23:18.678347+00:00,5f7360d3ef2f4fa5a5c552f766b7fb94
2019-03-02,12.1,,ft,Approved,,2025-03-11T20:23:18.678347+00:00,5f7360d3ef2f4fa5a5c552f766b7fb94
2019-03-03,12.01,,ft,Approved,,2025-03-11T20:23:18.678347+00:00,5f7360d3ef2f4fa5a5c552f766b7fb94
2019-03-04,12.0,,ft,Approved,,2025-03-11T20:23:18.678347+00:00,5f7360d3ef2f4fa5a5c552f766b7fb94
2019-03-05,11.92,,ft,Approved,,2025-03-11T20:23:18.678347+00:00,5f7360d3ef2f4fa5a5c552f766b7fb94
2019-03-06,12.49,,ft,Approved,,2025-03-11T20:23:18.678347+00:00,5f7360d3ef2f4fa5a5c552f766b7fb94
2019-03-07,12.66,,ft,Approved,,2025-03-11T20:23:18.678347+00:00,5f7360d3ef2f4fa5a5c552f766b7fb94
2019-03-08,12.63,,ft,Approved,,2025-03-11T20:23:18.678347+00:00,5f7360d3ef2f4fa5a5c552f766b7fb94
2019-03-09,13.0,,ft,Approved,,2025-03-11T20:23:18.678347+00:00,5f7360d3ef2f4fa5a5c552f766b7fb94
2019-03-10,13.16,,ft,Approved,,2025-03-11T20:23:18.678347+00:00,5f7360d3ef2f4fa5a5c552f766b7fb94
2019-03-11,13.1,,ft,Approved,,2025-03-11T20:23:18.678347+00:00,5f7360d3ef2f4fa5a5c552f766b7fb94
2019-03-12,12.57,,ft,Approved,,2025-03-11T20:23:18.678347+00:00,5f7360d3ef2f4fa5a5c552f766b7fb94
2019-03-13,12.5,,ft,Approved,,2025-03-11T20:23:18.678347+00:00,5f7360d3ef2f4fa5a5c552f766b7fb94
2019-03-14,12.38,,ft,Approved,,2025-03-11T20:23:18.678347+00:00,5f7360d3ef2f4fa5a5c552f766b7fb94
2019-03-15,12.78,,ft,Approved,,2025-03-11T20:23:18.678347+00:00,5f7360d3ef2f4fa5a5c552f766b7fb94
2019-03-16,13.19,,ft,Approved,,2025-03-11T20:23:18.678347+00:00,5f7360d3ef2f4fa5a5c552f766b7fb94
2019-03-17,13.26,,ft,Approved,,2025-03-11T20:23:18.678347+00:00,5f7360d3ef2f4fa5a5c552f766b7fb94
2019-03-18,13.17,,ft,Approved,,2025-03-11T20:23:18.678347+00:00,5f7360d3ef2f4fa5a5c552f766b7fb94
2019-03-19,12.77,,ft,Approved,,2025-03-11T20:23:18.678347+00:00,5f7360d3ef2f4fa5a5c552f766b7fb94
2019-03-20,12.63,,ft,Approved,,2025-03-11T20:23:18.678347+00:00,5f7360d3ef2f4fa5a5c552f766b7fb94
2019-03-21,12.63,,ft,Approved,,2025-03-11T20:23:18.678347+00:00,5f7360d3ef2f4fa5a5c552f766b7fb94
2019-03-22,12.58,,ft,Approved,,2025-03-11T20:23:18.678347+00:00,5f7360d3ef2f4fa5a5c552f766b7fb94
2019-03-23,12.31,,ft,Approved,,2025-03-11T20:23:18.678347+00:00,5f7360d3ef2f4fa5a5c552f766b7fb94
2019-03-24,12.4,,ft,Approved,,2025-03-11T20:23:18.678347+00:00,5f7360d3ef2f4fa5a5c552f766b7fb94
2019-03-25,12.39,,ft,Approved,,2025-03-11T20:23:18.678347+00:00,5f7360d3ef2f4fa5a5c552f766b7fb94
2019-03-26,12.39,,ft,Approved,,2025-03-11T20:23:18.678347+00:00,5f7360d3ef2f4fa5a5c552f766b7fb94
2019-03-27,12.28,,ft,Approved,,2025-03-11T20:23:18.678347+00:00,5f7360d3ef2f4fa5a5c552f766b7fb94
2019-03-28,12.39,,ft,Approved,,2025-03-11T20:23:18.678347+00:00,5f7360d3ef2f4fa5a5c552f766b7fb94
2019-03-29,12.41,,ft,Approved,,2025-03-11T20:23:18.678347+00:00,5f7360d3ef2f4fa5a5c552f766b7fb94
2019-03-30,12.2,,ft,Approved,,2025-03-11T20:23:18.678347+00:00,5f7360d3ef2f4fa5a5c552f766b7fb94
2019-03-31,12.24,,ft,Approved,,2025-03-11T20:23:18.678347+00:00,5f7360d3ef2f4fa5a5c552f766b7fb94
2019-04-01,12.35,,ft,Approved,,2025-03-11T20:23:18.678347+00:00,5f7360d3ef2f4fa5a5c552f766b7fb94
2019-04-02,12.51,,ft,Approved,,2025-03-11T20:23:18.678347+00:00,5f7360d3ef2f4fa5a5c552f766b7fb94
2019-04-03,12.72,,ft,Approved,,2025-03-11T20:23:18.678347+00:00,5f7360d3ef2f4fa5a5c552f766b7fb94
2019-04-04,12.58,,ft,Approved,,2025-03-11T20:23:18.678347+00:00,5f7360d3ef2f4fa5a5c552f766b7fb94
2019-04-05,12.55,,ft,Approved,,2025-03-11T20:23:18.678347+00:00,5f7360d3ef2f4fa5a5c552f766b7fb94
2019-04-06,14.19,,ft,Approved,,2025-03-11T20:23:18.678347+00:00,5f7360d3ef2f4fa5a5c552f766b7fb94
2019-04-07,15.0,,ft,Approved,,2025-03-11T20:23:18.678347+00:00,5f7360d3ef2f4fa5a5c552f766b7fb94
2019-04-08,13.18,,ft,Approved,,2025-03-11T20:23:18.678347+00:00,5f7360d3ef2f4fa5a5c552f766b7fb94
2019-04-09,13.23,,ft,Approved,,2025-03-11T20:23:18.678347+00:00,5f7360d3ef2f4fa5a5c552f766b7fb94
2019-04-10,13.54,,ft,Approved,,2025-03-11T20:23:18.678347+00:00,5f7360d3ef2f4fa5a5c552f766b7fb94
2019-04-11,12.89,,ft,Approved,,2025-03-11T20:23:18.678347+00:00,5f7360d3ef2f4fa5a5c552f766b7fb94
2019-04-12,12.52,,ft,Approved,,2025-03-11T20:23:18.678347+00:00,5f7360d3ef2f4fa5a5c552f766b7fb94
2019-04-13,12.86,,ft,Approved,,2025-03-11T20:23:18.678347+00:00,5f7360d3ef2f4fa5a5c552f766b7fb94
2019-04-14,12.58,,ft,Approved,,2025-03-11T20:23:18.678347+00:00,5f7360d3ef2f4fa5a5c552f766b7fb94
2019-04-15,12.49,,ft,Approved,,2025-03-11T20:23:18.678347+00:00,5f7360d3ef2f4fa5a5c552f766b7fb94
2019-04-16,12.57,,ft,Approved,,2025-03-11T20:23:18.678347+00:00,5f7360d3ef2f4fa5a5c552f766b7fb94
2019-04-17,12.38,,ft,Approved,,2025-03-11T20:23:18.678347+00:00,5f7360d3ef2f4fa5a5c552f766b7fb94
2019-04-18,12.41,,ft,Approved,,2025-03-11T20:23:18.678347+00:00,5f7360d3ef2f4fa5a5c552f766b7fb94
2019-04-19,14.05,,ft,Approved,,2025-03-11T20:23:18.678347+00:00,5f7360d3ef2f4fa5a5c552f766b7fb94
2019-04-20,14.32,,ft,Approved,,2025-03-11T20:23:18.678347+00:00,5f7360d3ef2f4fa5a5c552f766b7fb94
2019-04-21,13.92,,ft,Approved,,2025-03-11T20:23:18.678347+00:00,5f7360d3ef2f4fa5a5c552f766b7fb94
2019-04-22,13.72,,ft,Approved,,2025-03-11T20:23:18.678347+00:00,5f7360d3ef2f4fa5a5c552f766b7fb94
2019-04-23,13.09,,ft,Approved,,2025-03-11T20:23:18.678347+00:00,5f7360d3ef2f4fa5a5c552f766b7fb94
2019-04-24,16.48,,ft,Approved,,2025-03-11T20:23:18.678347+00:00,5f7360d3ef2f4fa5a5c552f766b7fb94
2019-04-25,16.43,,ft,Approved,,2025-03-11T20:23:18.678347+00:00,5f7360d3ef2f4fa5a5c552f766b7fb94
2019-04-26,16.31,,ft,Approved,,2025-03-11T20:23:18.678347+00:00,5f7360d3ef2f4fa5a5c552f766b7fb94
2019-04-27,15.24,,ft,Approved,,2025-03-11T20:23:18.678347+00:00,5f7360d3ef2f4fa5a5c552f766b7fb94
2019-04-28,16.3,,ft,Approved,,2025-03-11T20:23:18.678347+00:00,5f7360d3ef2f4fa5a5c552f766b7fb94
2019-04-29,16.31,,ft,Approved,,2025-03-11T20:23:18.678347+00:00,5f7360d3ef2f4fa5a5c552f766b7fb94
2019-04-30,16.29,,ft,Approved,,2025-03-11T20:23:18.678347+00:00,5f7360d3ef2f4fa5a5c552f766b7fb94
2019-05-01,16.33,,ft,Approved,,2025-03-11T20:23:18.678347+00:00,5f7360d3ef2f4fa5a5c552f766b7fb94
2019-05-02,16.29,,ft,Approved,,2025-03-11T20:23:18.678347+00:00,5f7360d3ef2f4fa5a5c552f766b7fb94
2019-05-03,18.77,,ft,Approved,,2025-03-11T20:23:18.678347+00:00,5f7360d3ef2f4fa5a5c552f766b7fb94
2019-05-04,18.31,,ft,Approved,,2025-03-11T20:23:18.678347+00:00,5f7360d3ef2f4fa5a5c552f766b7fb94
2019-05-05,15.82,,ft,Approved,,2025-03-11T20:23:18.678347+00:00,5f7360d3ef2f4fa5a5c552f766b7fb94
2019-05-06,19.65,,ft,Approved,,2025-03-11T20:23:18.678347+00:00,5f7360d3ef2f4fa5a5c552f766b7fb94
2019-05-07,20.16,,ft,Approved,,2025-03-11T20:23:18.678347+00:00,5f7360d3ef2f4fa5a5c552f766b7fb94
2019-05-08,22.35,,ft,Approved,,2025-03-11T20:23:18.678347+00:00,5f7360d3ef2f4fa5a5c552f766b7fb94
2019-05-09,21.44,,ft,Approved,,2025-03-11T20:23:18.678347+00:00,5f7360d3ef2f4fa5a5c552f766b7fb94
2019-05-10,21.36,,ft,Approved,,2025-03-11T20:23:18.678347+00:00,5f7360d3ef2f4fa5a5c552f766b7fb94
2019-05-11,22.28,,ft,Approved,,2025-03-11T20:23:18.678347+00:00,5f7360d3ef2f4fa5a5c552f766b7fb94
2019-05-12,25.98,,ft,Approved,,2025-03-11T20:23:18.678347+00:00,5f7360d3ef2f4fa5a5c552f766b7fb94
2019-05-13,25.97,,ft,Approved,,2025-03-11T20:23:18.678347+00:00,5f7360d3ef2f4fa5a5c552f766b7fb94
2019-05-14,25.9,,ft,Approved,,2025-03-11T20:23:18.678347+00:00,5f7360d3ef2f4fa5a5c552f766b7fb94
2019-05-15,25.54,,ft,Approved,,2025-03-11T20:23:18.678347+00:00,5f7360d3ef2f4fa5a5c552f766b7fb94
2019-05-16,23.11,,ft,Approved,,2025-03-11T20:23:18.678347+00:00,5f7360d3ef2f4fa5a5c552f766b7fb94
2019-05-17,20.63,,ft,Approved,,2025-03-11T20:23:18.678347+00:00,5f7360d3ef2f4fa5a5c552f766b7fb94
2019-05-18,16.73,,ft,Approved,,2025-03-11T20:23:18.678347+00:00,5f7360d3ef2f4fa5a5c552f766b7fb94
2019-05-19,16.77,,ft,Approved,,2025-03-11T20:23:18.678347+00:00,5f7360d3ef2f4fa5a5c552f766b7fb94
2019-05-20,12.98,,ft,Approved,,2025-03-11T20:23:18.678347+00:00,5f7360d3ef2f4fa5a5c552f766b7fb94
2019-05-21,16.44,,ft,Approved,,2025-03-11T20:23:18.678347+00:00,5f7360d3ef2f4fa5a5c552f766b7fb94
2019-05-22,14.59,,ft,Approved,,2025-03-11T20:23:18.678347+00:00,5f7360d3ef2f4fa5a5c552f766b7fb94
2019-05-23,14.59,,ft,Approved,,2025-03-11T20:23:18.678347+00:00,5f7360d3ef2f4fa5a5c552f766b7fb94
2019-05-24,15.4,,ft,Approved,,2025-03-11T20:23:18.678347+00:00,5f7360d3ef2f4fa5a5c552f766b7fb94
2019-05-25,16.4,,ft,Approved,,2025-03-11T20:23:18.678347+00:00,5f7360d3ef2f4fa5a5c552f766b7fb94
2019-05-26,16.48,,ft,Approved,,2025-03-11T20:23:18.678347+00:00,5f7360d3ef2f4fa5a5c552f766b7fb94
2019-05-27,15.47,,ft,Approved,,2025-03-11T20:23:18.678347+00:00,5f7360d3ef2f4fa5a5c552f766b7fb94
2019-05-28,16.36,,ft,Approved,,2025-03-11T20:23:18.678347+00:00,5f7360d3ef2f4fa5a5c552f766b7fb94
2019-05-29,13.46,,ft,Approved,,2025-03-11T20:23:18.678347+00:00,5f7360d3ef2f4fa5a5c552f766b7fb94
2019-05-30,12.54,,ft,Approved,,2025-03-11T20:23:18.678347+00:00,5f7360d3ef2f4fa5a5c552f766b7fb94
2019-05-31,13.19,,ft,Approved,,2025-03-11T20:23:18.678347+00:00,5f7360d3ef2f4fa5a5c552f766b7fb94
2019-06-01,13.09,,ft,Approved,,2025-03-11T20:23:18.678347+00:00,5f7360d3ef2f4fa5a5c552f766b7fb94
2019-06-02,12.95,,ft,Approved,,2025-03-11T20:23:18.678347+00:00,5f7360d3ef2f4fa5a5c552f766b7fb94
2019-06-03,14.28,,ft,Approved,,2025-03-11T20:23:18.678347+00:00,5f7360d3ef2f4fa5a5c552f766b7fb94
2019-06-04,16.41,,ft,Approved,,2025-03-11T20:23:18.678347+00:00,5f7360d3ef2f4fa5a5c552f766b7fb94
2019-06-05,16.33,,ft,Approved,,2025-03-11T20:23:18.678347+00:00,5f7360d3ef2f4fa5a5c552f766b7fb94
2019-06-06,16.39,,ft,Approved,,2025-03-11T20:23:18.678347+00:00,5f7360d3ef2f4fa5a5c552f766b7fb94
2019-06-07,16.38,,ft,Approved,,2025-03-11T20:23:18.678347+00:00,5f7360d3ef2f4fa5a5c552f766b7fb94
2019-06-08,16.25,,ft,Approved,,2025-03-11T20:23:18.678347+00:00,5f7360d3ef2f4fa5a5c552f766b7fb94
2019-06-09,16.45,,ft,Approved,,2025-03-11T20:23:18.678347+00:00,5f7360d3ef2f4fa5a5c552f766b7fb94
2019-06-10,14.84,,ft,Approved,,2025-03-11T20:23:18.678347+00:00,5f7360d3ef2f4fa5a5c552f766b7fb94
2019-06-11,13.2,,ft,Approved,,2025-03-11T20:23:18.678347+00:00,5f7360d3ef2f4fa5a5c552f766b7fb94
2019-06-12,13.32,,ft,Approved,,2025-03-11T20:23:18.678347+00:00,5f7360d3ef2f4fa5a5c552f766b7fb94
2019-06-13,14.43,,ft,Approved,,2025-03-11T20:23:18.678347+00:00,5f7360d3ef2f4fa5a5c552f766b7fb94
2019-06-14,14.14,,ft,Approved,,2025-03-11T20:23:18.678347+00:00,5f7360d3ef2f4fa5a5c552f766b7fb94
2019-06-15,14.24,,ft,Approved,,2025-03-11T20:23:18.678347+00:00,5f7360d3ef2f4fa5a5c552f766b7fb94
2019-06-16,13.08,,ft,Approved,,2025-03-11T20:23:18.678347+00:00,5f7360d3ef2f4fa5a5c552f766b7fb94
2019-06-17,13.04,,ft,Approved,,2025-03-11T20:23:18.678347+00:00,5f7360d3ef2f4fa5a5c552f766b7fb94
2019-06-18,12.85,,ft,Approved,,2025-03-11T20:23:18.678347+00:00,5f7360d3ef2f4fa5a5c552f766b7fb94
2019-06-19,12.36,,ft,Approved,,2025-03-11T20:23:18.678347+00:00,5f7360d3ef2f4fa5a5c552f766b7fb94
2019-06-20,12.36,,ft,Approved,,2025-03-11T20:23:18.678347+00:00,5f7360d3ef2f4fa5a5c552f766b7fb94
2019-06-21,12.18,,ft,Approved,,2025-03-11T20:23:18.678347+00:00,5f7360d3ef2f4fa5a5c552f766b7fb94
2019-06-22,12.43,,ft,Approved,,2025-03-11T20:23:18.678347+00:00,5f7360d3ef2f4fa5a5c552f766b7fb94
2019-06-23,12.59,,ft,Approved,,2025-03-11T20:23:18.678347+00:00,5f7360d3ef2f4fa5a5c552f766b7fb94
2019-06-24,12.45,,ft,Approved,,2025-03-11T20:23:18.678347+00:00,5f7360d3ef2f4fa5a5c552f766b7fb94
2019-06-25,13.91,,ft,Approved,,2025-03-11T20:23:18.678347+00:00,5f7360d3ef2f4fa5a5c552f766b7fb94
2019-06-26,14.2,,ft,Approved,,2025-03-11T20:23:18.678347+00:00,5f7360d3ef2f4fa5a5c552f766b7fb94
2019-06-27,14.21,,ft,Approved,,2025-03-11T20:23:18.678347+00:00,5f7360d3ef2f4fa5a5c552f766b7fb94
2019-06-28,13.34,,ft,Approved,,2025-03-11T20:23:18.678347+00:00,5f7360d3ef2f4fa5a5c552f766b7fb94
2019-06-29,12.43,,ft,Approved,,2025-03-11T20:23:18.678347+00:00,5f7360d3ef2f4fa5a5c552f766b7fb94
2019-06-30,13.06,,ft,Approved,,2025-03-11T20:23:18.678347+00:00,5f7360d3ef2f4fa5a5c552f766b7fb94
2019-07-01,12.52,,ft,Approved,,2025-03-11T20:23:18.678347+00:00,5f7360d3ef2f4fa5a5c552f766b7fb94
2019-07-02,12.56,,ft,Approved,,2025-03-11T20:23:18.678347+00:00,5f7360d3ef2f4fa5a5c552f766b7fb94
2019-07-03,12.91,,ft,Approved,,2025-03-11T20:23:18.678347+00:00,5f7360d3ef2f4fa5a5c552f766b7fb94
2019-07-04,12.83,,ft,Approved,,2025-03-11T20:23:18.678347+00:00,5f7360d3ef2f4fa5a5c552f766b7fb94
2019-07-05,12.97,,ft,Approved,,2025-03-11T20:23:18.678347+00:00,5f7360d3ef2f4fa5a5c552f766b7fb94
2019-07-06,12.68,,ft,Approved,,2025-03-11T20:23:18.678347+00:00,5f7360d3ef2f4fa5a5c552f766b7fb94
2019-07-07,12.5,,ft,Approved,,2025-03-11T20:23:18.678347+00:00,5f7360d3ef2f4fa5a5c552f766b7fb94
2019-07-08,12.62,,ft,Approved,,2025-03-11T20:23:18.678347+00:00,5f7360d3ef2f4fa5a5c552f766b7fb94
2019-07-09,12.29,,ft,Approved,,2025-03-11T20:23:18.678347+00:00,5f7360d3ef2f4fa5a5c552f766b7fb94
2019-07-10,12.33,,ft,Approved,,2025-03-11T20:23:18.678347+00:00,5f7360d3ef2f4fa5a5c552f766b7fb94
2019-07-11,12.66,,ft,Approved,,2025-03-11T20:23:18.678347+00:00,5f7360d3ef2f4fa5a5c552f766b7fb94
2019-07-12,12.1,,ft,Approved,,2025-03-11T20:23:18.678347+00:00,5f7360d3ef2f4fa5a5c552f766b7fb94
2019-07-13,12.29,,ft,Approved,,2025-03-11T20:23:18.678347+00:00,5f7360d3ef2f4fa5a5c552f766b7fb94
2019-07-14,12.34,,ft,Approved,,2025-03-11T20:23:18.678347+00:00,5f7360d3ef2f4fa5a5c552f766b7fb94
2019-07-15,12.16,,ft,Approved,,2025-03-11T20:23:18.678347+00:00,5f7360d3ef2f4fa5a5c552f766b7fb94
2019-07-16,12.27,,ft,Approved,,2025-03-11T20:23:18.678347+00:00,5f7360d3ef2f4fa5a5c552f766b7fb94
2019-07-17,12.12,,ft,Approved,,2025-03-11T20:23:18.678347+00:00,5f7360d3ef2f4fa5a5c552f766b7fb94
2019-07-18,12.07,,ft,Approved,,2025-03-11T20:23:18.678347+00:00,5f7360d3ef2f4fa5a5c552f766b7fb94
2019-07-19,12.01,,ft,Approved,,2025-03-11T20:23:18.678347+00:00,5f7360d3ef2f4fa5a5c552f766b7fb94
2019-07-20,11.96,,ft,Approved,,2025-03-11T20:23:18.678347+00:00,5f7360d3ef2f4fa5a5c552f766b7fb94
2019-07-21,11.95,,ft,Approved,,2025-03-11T20:23:18.678347+00:00,5f7360d3ef2f4fa5a5c552f766b7fb94
2019-07-22,12.05,,ft,Approved,,2025-03-11T20:23:18.678347+00:00,5f7360d3ef2f4fa5a5c552f766b7fb94
2019-07-23,11.94,,ft,Approved,,2025-03-11T20:23:18.678347+00:00,5f7360d3ef2f4fa5a5c552f766b7fb94
2019-07-24,11.64,,ft,Approved,,2025-03-11T20:23:18.678347+00:00,5f7360d3ef2f4fa5a5c552f766b7fb94
2019-07-25,11.48,,ft,Approved,,2025-03-11T20:23:18.678347+00:00,5f7360d3ef2f4fa5a5c552f766b7fb94
2019-07-26,11.5,,ft,Approved,,2025-03-11T20:23:18.678347+00:00,5f7360d3ef2f4fa5a5c552f766b7fb94
2019-07-27,11.4,,ft,Approved,,2025-03-11T20:23:18.678347+00:00,5f7360d3ef2f4fa5a5c552f766b7fb94
2019-07-28,11.42,,ft,Approved,,2025-03-11T20:23:18.678347+00:00,5f7360d3ef2f4fa5a5c552f766b7fb94
2019-07-29,11.43,,ft,Approved,,2025-03-11T20:23:18.678347+00:00,5f7360d3ef2f4fa5a5c552f766b7fb94
2019-07-30,11.4,,ft,Approved,,2025-03-11T20:23:18.678347+00:00,5f7360d3ef2f4fa5a5c552f766b7fb94
2019-07-31,11.4,,ft,Approved,,2025-03-11T20:23:18.678347+00:00,5f7360d3ef2f4fa5a5c552f766b7fb94
2019-08-01,11.23,,ft,Approved,,2025-03-11T20:23:18.678347+00:00,5f7360d3ef2f4fa5a5c552f766b7fb94
2019-08-02,11.22,,ft,Approved,,2025-03-11T20:23:18.678347+00:00,5f7360d3ef2f4fa5a5c552f766b7fb94
2019-08-03,11.2,,ft,Approved,,2025-03-11T20:23:18.678347+00:00,5f7360d3ef2f4fa5a5c552f766b7fb94
2019-08-04,11.23,,ft,Approved,,2025-03-11T20:23:18.678347+00:00,5f7360d3ef2f4fa5a5c552f766b7fb94
2019-08-05,11.21,,ft,Approved,,2025-03-11T20:23:18.678347+00:00,5f7360d3ef2f4fa5a5c552f766b7fb94
2019-08-06,11.2,,ft,Approved,,2025-03-11T20:23:18.678347+00:00,5f7360d3ef2f4fa5a5c552f766b7fb94
2019-08-07,11.23,,ft,Approved,,2025-03-11T20:23:18.678347+00:00,5f7360d3ef2f4fa5a5c552f766b7fb94
2019-08-08,11.27,,ft,Approved,,2025-03-11T20:23:18.678347+00:00,5f7360d3ef2f4fa5a5c552f766b7fb94
2019-08-09,10.93,,ft,Approved,,2025-03-11T20:23:18.678347+00:00,5f7360d3ef2f4fa5a5c552f766b7fb94
2019-08-10,11.14,,ft,Approved,,2025-03-11T20:23:18.678347+00:00,5f7360d3ef2f4fa5a5c552f766b7fb94
2019-08-11,11.18,,ft,Approved,,2025-03-11T20:23:18.678347+00:00,5f7360d3ef2f4fa5a5c552f766b7fb94
2019-08-12,11.17,,ft,Approved,,2025-03-11T20:23:18.678347+00:00,5f7360d3ef2f4fa5a5c552f766b7fb94
2019-08-13,11.97,,ft,Approved,,2025-03-11T20:23:18.678347+00:00,5f7360d3ef2f4fa5a5c552f766b7fb94
2019-08-14,11.64,,ft,Approved,,2025-03-11T20:23:18.678347+00:00,5f7360d3ef2f4fa5a5c552f766b7fb94
2019-08-15,11.95,,ft,Approved,,2025-03-11T20:23:18.678347+00:00,5f7360d3ef2f4fa5a5c552f766b7fb94
2019-08-16,12.05,,ft,Approved,,2025-03-11T20:23:18.678347+00:00,5f7360d3ef2f4fa5a5c552f766b7fb94
2019-08-17,12.28,,ft,Approved,,2025-03-11T20:23:18.678347+00:00,5f7360d3ef2f4fa5a5c552f766b7fb94
2019-08-18,12.42,,ft,Approved,,2025-03-11T20:23:18.678347+00:00,5f7360d3ef2f4fa5a5c552f766b7fb94
2019-08-19,12.28,,ft,Approved,,2025-03-11T20:23:18.678347+00:00,5f7360d3ef2f4fa5a5c552f766b7fb94
2019-08-20,12.13,,ft,Approved,,2025-03-11T20:23:18.678347+00:00,5f7360d3ef2f4fa5a5c552f766b7fb94
2019-08-21,12.14,,ft,Approved,,2025-03-11T20:23:18.678347+00:00,5f7360d3ef2f4fa5a5c552f766b7fb94
2019-08-22,12.13,,ft,Approved,,2025-03-11T20:23:18.678347+00:00,5f7360d3ef2f4fa5a5c552f766b7fb94
2019-08-23,12.11,,ft,Approved,,2025-03-11T20:23:18.678347+00:00,5f7360d3ef2f4fa5a5c552f766b7fb94
2019-08-24,12.14,,ft,Approved,,2025-03-11T20:23:18.678347+00:00,5f7360d3ef2f4fa5a5c552f766b7fb94
2019-08-25,12.06,,ft,Approved,,2025-03-11T20:23:18.678347+00:00,5f7360d3ef2f4fa5a5c552f766b7fb94
2019-08-26,12.03,,ft,Approved,,2025-03-11T20:23:18.678347+00:00,5f7360d3ef2f4fa5a5c552f766b7fb94
2019-08-27,11.81,,ft,Approved,,2025-03-11T20:23:18.678347+00:00,5f7360d3ef2f4fa5a5c552f766b7fb94
2019-08-28,11.64,,ft,Approved,,2025-03-11T20:23:18.678347+00:00,5f7360d3ef2f4fa5a5c552f766b7fb94
2019-08-29,11.76,,ft,Approved,,2025-03-11T20:23:18.678347+00:00,5f7360d3ef2f4fa5a5c552f766b7fb94
2019-08-30,11.63,,ft,Approved,,2025-03-11T20:23:18.678347+00:00,5f7360d3ef2f4fa5a5c552f766b7fb94
2019-08-31,11.76,,ft,Approved,,2025-03-11T20:23:18.678347+00:00,5f7360d3ef2f4fa5a5c552f766b7fb94
2019-09-01,11.75,,ft,Approved,,2025-03-11T20:23:18.678347+00:00,5f7360d3ef2f4fa5a5c552f766b7fb94
2019-09-02,11.91,,ft,Approved,,2025-03-11T20:23:18.678347+00:00,5f7360d3ef2f4fa5a5c552f766b7fb94
2019-09-03,11.79,,ft,Approved,,2025-03-11T20:23:18.678347+00:00,5f7360d3ef2f4fa5a5c552f766b7fb94
2019-09-04,11.81,,ft,Approved,,2025-03-11T20:23:18.678347+00:00,5f7360d3ef2f4fa5a5c552f766b7fb94
2019-09-05,11.81,,ft,Approved,,2025-03-11T20:23:18.678347+00:00,5f7360d3ef2f4fa5a5c552f766b7fb94
2019-09-06,11.87,,ft,Approved,,2025-03-11T20:23:18.678347+00:00,5f7360d3ef2f4fa5a5c552f766b7fb94
2019-09-07,12.09,,ft,Approved,,2025-03-11T20:23:18.678347+00:00,5f7360d3ef2f4fa5a5c552f766b7fb94
2019-09-08,12.21,,ft,Approved,,2025-03-11T20:23:18.678347+00:00,5f7360d3ef2f4fa5a5c552f766b7fb94
2019-09-09,12.21,,ft,Approved,,2025-03-11T20:23:18.678347+00:00,5f7360d3ef2f4fa5a5c552f766b7fb94
2019-09-10,12.11,,ft,Approved,,2025-03-11T20:23:18.678347+00:00,5f7360d3ef2f4fa5a5c552f766b7fb94
2019-09-11,12.01,,ft,Approved,,2025-03-11T20:23:18.678347+00:00,5f7360d3ef2f4fa5a5c552f766b7fb94
2019-09-12,12.04,,ft,Approved,,2025-03-11T20:23:18.678347+00:00,5f7360d3ef2f4fa5a5c552f766b7fb94
2019-09-13,11.88,,ft,Approved,,2025-03-11T20:23:18.678347+00:00,5f7360d3ef2f4fa5a5c552f766b7fb94
2019-09-14,11.88,,ft,Approved,,2025-03-11T20:23:18.678347+00:00,5f7360d3ef2f4fa5a5c552f766b7fb94
2019-09-15,11.9,,ft,Approved,,2025-03-11T20:23:18.678347+00:00,5f7360d3ef2f4fa5a5c552f766b7fb94
2019-09-16,11.9,,ft,Approved,,2025-03-11T20:23:18.678347+00:00,5f7360d3ef2f4fa5a5c552f766b7fb94
2019-09-17,11.95,,ft,Approved,,2025-03-11T20:23:18.678347+00:00,5f7360d3ef2f4fa5a5c552f766b7fb94
2019-09-18,11.66,,ft,Approved,,2025-03-11T20:23:18.678347+00:00,5f7360d3ef2f4fa5a5c552f766b7fb94
2019-09-19,10.93,,ft,Approved,,2025-03-11T20:23:18.678347+00:00,5f7360d3ef2f4fa5a5c552f766b7fb94
2019-09-20,11.09,,ft,Approved,,2025-03-11T20:23:18.678347+00:00,5f7360d3ef2f4fa5a5c552f766b7fb94
2019-09-21,11.29,,ft,Approved,,2025-03-11T20:23:18.678347+00:00,5f7360d3ef2f4fa5a5c552f766b7fb94
2019-09-22,11.08,,ft,Approved,,2025-03-11T20:23:18.678347+00:00,5f7360d3ef2f4fa5a5c552f766b7fb94
2019-09-23,11.34,,ft,Approved,,2025-03-11T20:23:18.678347+00:00,5f7360d3ef2f4fa5a5c552f766b7fb94
2019-09-24,11.02,,ft,Approved,,2025-03-11T20:23:18.678347+00:00,5f7360d3ef2f4fa5a5c552f766b7fb94
2019-09-25,10.83,,ft,Approved,,2025-03-11T20:23:18.678347+00:00,5f7360d3ef2f4fa5a5c552f766b7fb94
2019-09-26,10.97,,ft,Approved,,2025-03-11T20:23:18.678347+00:00,5f7360d3ef2f4fa5a5c552f766b7fb94
2019-09-27,11.21,,ft,Approved,,2025-03-11T20:23:18.678347+00:00,5f7360d3ef2f4fa5a5c552f766b7fb94
2019-09-28,11.03,,ft,Approved,,2025-03-11T20:23:18.678347+00:00,5f7360d3ef2f4fa5a5c552f766b7fb94
2019-09-29,11.22,,ft,Approved,,2025-03-11T20:23:18.678347+00:00,5f7360d3ef2f4fa5a5c552f766b7fb94
2019-09-30,11.24,,ft,Approved,,2025-03-11T20:23:18.678347+00:00,5f7360d3ef2f4fa5a5c552f766b7fb94
2019-10-01,11.38,,ft,Approved,,2025-03-11T20:23:18.678347+00:00,5f7360d3ef2f4fa5a5c552f766b7fb94
2019-10-02,11.26,,ft,Approved,,2025-03-11T20:23:18.678347+00:00,5f7360d3ef2f4fa5a5c552f766b7fb94
2019-10-03,11.35,,ft,Approved,,2025-03-11T20:23:18.678347+00:00,5f7360d3ef2f4fa5a5c552f766b7fb94
2019-10-04,11.58,,ft,Approved,,2025-03-11T20:23:18.678347+00:00,5f7360d3ef2f4fa5a5c552f766b7fb94
2019-10-05,11.45,,ft,Approved,,2025-03-11T20:23:18.678347+00:00,5f7360d3ef2f4fa5a5c552f766b7fb94
2019-10-06,11.59,,ft,Approved,,2025-03-11T20:23:18.678347+00:00,5f7360d3ef2f4fa5a5c552f766b7fb94
2019-10-07,11.42,,ft,Approved,,2025-03-11T20:23:18.678347+00:00,5f7360d3ef2f4fa5a5c552f766b7fb94
2019-10-08,11.39,,ft,Approved,,2025-03-11T20:23:18.678347+00:00,5f7360d3ef2f4fa5a5c552f766b7fb94
2019-10-09,11.3,,ft,Approved,,2025-03-11T20:23:18.678347+00:00,5f7360d3ef2f4fa5a5c552f766b7fb94
2019-10-10,11.26,,ft,Approved,,2025-03-11T20:23:18.678347+00:00,5f7360d3ef2f4fa5a5c552f766b7fb94
2019-10-11,11.26,,ft,Approved,,2025-03-11T20:23:18.678347+00:00,5f7360d3ef2f4fa5a5c552f766b7fb94
2019-10-12,10.91,,ft,Approved,,2025-03-11T20:23:18.678347+00:00,5f7360d3ef2f4fa5a5c552f766b7fb94
2019-10-13,10.73,,ft,Approved,,2025-03-11T20:23:18.678347+00:00,5f7360d3ef2f4fa5a5c552f766b7fb94
2019-10-14,10.83,,ft,Approved,,2025-03-11T20:23:18.678347+00:00,5f7360d3ef2f4fa5a5c552f766b7fb94
2019-10-15,10.88,,ft,Approved,,2025-03-11T20:23:18.678347+00:00,5f7360d3ef2f4fa5a5c552f766b7fb94
2019-10-16,11.03,,ft,Approved,,2025-03-11T20:23:18.678347+00:00,5f7360d3ef2f4fa5a5c552f766b7fb94
2019-10-17,11.16,,ft,Approved,,2025-03-11T20:23:18.678347+00:00,5f7360d3ef2f4fa5a5c552f766b7fb94
2019-10-18,10.66,,ft,Approved,,2025-03-11T20:23:18.678347+00:00,5f7360d3ef2f4fa5a5c552f766b7fb94
2019-10-19,10.87,,ft,Approved,,2025-03-11T20:23:18.678347+00:00,5f7360d3ef2f4fa5a5c552f766b7fb94
2019-10-20,10.89,,ft,Approved,,2025-03-11T20:23:18.678347+00:00,5f7360d3ef2f4fa5a5c552f766b7fb94
2019-10-21,10.9,,ft,Approved,,2025-03-11T20:23:18.678347+00:00,5f7360d3ef2f4fa5a5c552f766b7fb94
2019-10-22,10.7,,ft,Approved,,2025-03-11T20:23:18.678347+00:00,5f7360d3ef2f4fa5a5c552f766b7fb94
2019-10-23,10.78,,ft,Approved,,2025-03-11T20:23:18.678347+00:00,5f7360d3ef2f4fa5a5c552f766b7fb94
2019-10-24,11.56,,ft,Approved,,2025-03-11T20:23:18.678347+00:00,5f7360d3ef2f4fa5a5c552f766b7fb94
2019-10-25,12.61,,ft,Approved,,2025-03-11T20:23:18.678347+00:00,5f7360d3ef2f4fa5a5c552f766b7fb94
2019-10-26,11.08,,ft,Approved,,2025-03-11T20:23:18.678347+00:00,5f7360d3ef2f4fa5a5c552f766b7fb94
2019-10-27,10.87,,ft,Approved,,2025-03-11T20:23:18.678347+00:00,5f7360d3ef2f4fa5a5c552f766b7fb94
2019-10-28,10.81,,ft,Approved,,2025-03-11T20:23:18.678347+00:00,5f7360d3ef2f4fa5a5c552f766b7fb94
2019-10-29,10.79,,ft,Approved,,2025-03-11T20:23:18.678347+00:00,5f7360d3ef2f4fa5a5c552f766b7fb94
2019-10-30,10.76,,ft,Approved,,2025-03-11T20:23:18.678347+00:00,5f7360d3ef2f4fa5a5c552f766b7fb94
2019-10-31,10.74,,ft,Approved,,2025-03-11T20:23:18.678347+00:00,5f7360d3ef2f4fa5a5c552f766b7fb94
2019-11-01,10.7,,ft,Approved,,2025-03-11T20:23:18.678347+00:00,5f7360d3ef2f4fa5a5c552f766b7fb94
2019-11-02,10.95,,ft,Approved,,2025-03-11T20:23:18.678347+00:00,5f7360d3ef2f4fa5a5c552f766b7fb94
2019-11-03,10.73,,ft,Approved,,2025-03-11T20:23:18.678347+00:00,5f7360d3ef2f4fa5a5c552f766b7fb94
2019-11-04,10.72,,ft,Approved,,2025-03-11T20:23:18.678347+00:00,5f7360d3ef2f4fa5a5c552f766b7fb94
2019-11-05,10.71,,ft,Approved,,2025-03-11T20:23:18.678347+00:00,5f7360d3ef2f4fa5a5c552f766b7fb94
2019-11-06,11.05,,ft,Approved,,2025-03-11T20:23:18.678347+00:00,5f7360d3ef2f4fa5a5c552f766b7fb94
2019-11-07,10.92,,ft,Approved,,2025-03-11T20:23:18.678347+00:00,5f7360d3ef2f4fa5a5c552f766b7fb94
2019-11-08,11.39,,ft,Approved,,2025-03-11T20:23:18.678347+00:00,5f7360d3ef2f4fa5a5c552f766b7fb94
2019-11-09,11.35,,ft,Approved,,2025-03-11T20:23:18.678347+00:00,5f7360d3ef2f4fa5a5c552f766b7fb94
2019-11-10,11.5,,ft,Approved,,2025-03-11T20:23:18.678347+00:00,5f7360d3ef2f4fa5a5c552f766b7fb94
2019-11-11,11.51,,ft,Approved,,2025-03-11T20:23:18.678347+00:00,5f7360d3ef2f4fa5a5c552f766b7fb94
2019-11-12,11.43,,ft,Approved,,2025-03-11T20:23:18.678347+00:00,5f7360d3ef2f4fa5a5c552f766b7fb94
2019-11-13,11.46,,ft,Approved,,2025-03-11T20:23:18.678347+00:00,5f7360d3ef2f4fa5a5c552f766b7fb94
2019-11-14,11.49,,ft,Approved,,2025-03-11T20:23:18.678347+00:00,5f7360d3ef2f4fa5a5c552f766b7fb94
2019-11-15,11.32,,ft,Approved,,2025-03-11T20:23:18.678347+00:00,5f7360d3ef2f4fa5a5c552f766b7fb94
2019-11-16,11.51,,ft,Approved,,2025-03-11T20:23:18.678347+00:00,5f7360d3ef2f4fa5a5c552f766b7fb94
2019-11-17,11.35,,ft,Approved,,2025-03-11T20:23:18.678347+00:00,5f7360d3ef2f4fa5a5c552f766b7fb94
2019-11-18,11.43,,ft,Approved,,2025-03-11T20:23:18.678347+00:00,5f7360d3ef2f4fa5a5c552f766b7fb94
2019-11-19,11.48,,ft,Approved,,2025-03-11T20:23:18.678347+00:00,5f7360d3ef2f4fa5a5c552f766b7fb94
2019-11-20,11.23,,ft,Approved,,2025-03-11T20:23:18.678347+00:00,5f7360d3ef2f4fa5a5c552f766b7fb94
2019-11-21,11.42,,ft,Approved,,2025-03-11T20:23:18.678347+00:00,5f7360d3ef2f4fa5a5c552f766b7fb94
2019-11-22,11.22,,ft,Approved,,2025-03-11T20:23:18.678347+00:00,5f7360d3ef2f4fa5a5c552f766b7fb94
2019-11-23,11.2,,ft,Approved,,2025-03-11T20:23:18.678347+00:00,5f7360d3ef2f4fa5a5c552f766b7fb94
2019-11-24,11.46,,ft,Approved,,2025-03-11T20:23:18.678347+00:00,5f7360d3ef2f4fa5a5c552f766b7fb94
2019-11-25,11.33,,ft,Approved,,2025-03-11T20:23:18.678347+00:00,5f7360d3ef2f4fa5a5c552f766b7fb94
2019-11-26,11.35,,ft,Approved,,2025-03-11T20:23:18.678347+00:00,5f7360d3ef2f4fa5a5c552f766b7fb94
2019-11-27,11.11,,ft,Approved,,2025-03-11T20:23:18.678347+00:00,5f7360d3ef2f4fa5a5c552f766b7fb94
2019-11-28,11.37,,ft,Approved,,2025-03-11T20:23:18.678347+00:00,5f7360d3ef2f4fa5a5c552f766b7fb94
2019-11-29,11.47,,ft,Approved,,2025-03-11T20:23:18.678347+00:00,5f7360d3ef2f4fa5a5c552f766b7fb94
2019-11-30,11.22,,ft,Approved,,2025-03-11T20:23:18.678347+00:00,5f7360d3ef2f4fa5a5c552f766b7fb94
2019-12-01,11.37,,ft,Approved,,2025-03-11T20:23:18.678347+00:00,5f7360d3ef2f4fa5a5c552f766b7fb94
2019-12-02,11.36,,ft,Approved,,2025-03-11T20:23:18.678347+00:00,5f7360d3ef2f4fa5a5c552f766b7fb94
2019-12-03,11.44,,ft,Approved,,2025-03-11T20:23:18.678347+00:00,5f7360d3ef2f4fa5a5c552f766b7fb94
2019-12-04,11.38,,ft,Approved,,2025-03-11T20:23:18.678347+00:00,5f7360d3ef2f4fa5a5c552f766b7fb94
2019-12-05,11.46,,ft,Approved,,2025-03-11T20:23:18.678347+00:00,5f7360d3ef2f4fa5a5c552f766b7fb94
2019-12-06,11.3,,ft,Approved,,2025-03-11T20:23:18.678347+00:00,5f7360d3ef2f4fa5a5c552f766b7fb94
2019-12-07,11.31,,ft,Approved,,2025-03-11T20:23:18.678347+00:00,5f7360d3ef2f4fa5a5c552f766b7fb94
2019-12-08,11.46,,ft,Approved,,2025-03-11T20:23:18.678347+00:00,5f7360d3ef2f4fa5a5c552f766b7fb94
2019-12-09,11.35,,ft,Approved,,2025-03-11T20:23:18.678347+00:00,5f7360d3ef2f4fa5a5c552f766b7fb94
2019-12-10,11.56,,ft,Approved,,2025-03-11T20:23:18.678347+00:00,5f7360d3ef2f4fa5a5c552f766b7fb94
2019-12-11,11.36,,ft,Approved,,2025-03-11T20:23:18.678347+00:00,5f7360d3ef2f4fa5a5c552f766b7fb94
2019-12-12,11.47,,ft,Approved,,2025-03-11T20:23:18.678347+00:00,5f7360d3ef2f4fa5a5c552f766b7fb94
2019-12-13,11.38,,ft,Approved,,2025-03-11T20:23:18.678347+00:00,5f7360d3ef2f4fa5a5c552f766b7fb94
2019-12-14,11.27,,ft,Approved,,2025-03-11T20:23:18.678347+00:00,5f7360d3ef2f4fa5a5c552f766b7fb94
2019-12-15,11.46,,ft,Approved,,2025-03-11T20:23:18.678347+00:00,5f7360d3ef2f4fa5a5c552f766b7fb94
2019-12-16,11.28,,ft,Approved,,2025-03-11T20:23:18.678347+00:00,5f7360d3ef2f4fa5a5c552f766b7fb94
2019-12-17,11.24,,ft,Approved,,2025-03-11T20:23:18.678347+00:00,5f7360d3ef2f4fa5a5c552f766b7fb94
2019-12-18,11.06,,ft,Approved,,2025-03-11T20:23:18.678347+00:00,5f7360d3ef2f4fa5a5c552f766b7fb94
2019-12-19,11.02,,ft,Approved,,2025-03-11T20:23:18.678347+00:00,5f7360d3ef2f4fa5a5c552f766b7fb94
2019-12-20,11.08,,ft,Approved,,2025-03-11T20:23:18.678347+00:00,5f7360d3ef2f4fa5a5c552f766b7fb94
2019-12-21,11.25,,ft,Approved,,2025-03-11T20:23:18.678347+00:00,5f7360d3ef2f4fa5a5c552f766b7fb94
2019-12-22,11.18,,ft,Approved,,2025-03-11T20:23:18.678347+00:00,5f7360d3ef2f4fa5a5c552f766b7fb94
2019-12-23,11.18,,ft,Approved,,2025-03-11T20:23:18.678347+00:00,5f7360d3ef2f4fa5a5c552f766b7fb94
2019-12-24,11.29,,ft,Approved,,2025-03-11T20:23:18.678347+00:00,5f7360d3ef2f4fa5a5c552f766b7fb94
2019-12-25,11.34,,ft,Approved,,2025-03-11T20:23:18.678347+00:00,5f7360d3ef2f4fa5a5c552f766b7fb94
2019-12-26,11.21,,ft,Approved,,2025-03-11T20:23:18.678347+00:00,5f7360d3ef2f4fa5a5c552f766b7fb94
2019-12-27,11.3,,ft,Approved,,2025-03-11T20:23:18.678347+00:00,5f7360d3ef2f4fa5a5c552f766b7fb94
2019-12-28,11.53,,ft,Approved,,2025-03-11T20:23:18.678347+00:00,5f7360d3ef2f4fa5a5c552f766b7fb94
2019-12-29,11.21,,ft,Approved,,2025-03-11T20:23:18.678347+00:00,5f7360d3ef2f4fa5a5c552f766b7fb94
2019-12-30,11.27,,ft,Approved,,2025-03-11T20:23:18.678347+00:00,5f7360d3ef2f4fa5a5c552f766b7fb94
2019-12-31,11.41,,ft,Approved,,2025-03-11T20:23:18.678347+00:00,5f7360d3ef2f4fa5a5c552f766b7fb94
2020-01-01,11.44,,ft,Approved,,2025-03-11T20:23:18.678347+00:00,5f7360d3ef2f4fa5a5c552f766b7fb94
2020-01-02,11.32,,ft,Approved,,2025-03-11T20:23:18.678347+00:00,5f7360d3ef2f4fa5a5c552f766b7fb94
2020-01-03,11.04,,ft,Approved,,2025-03-11T20:23:18.678347+00:00,5f7360d3ef2f4fa5a5c552f766b7fb94
2020-01-04,11.23,,ft,Approved,,2025-03-11T20:23:18.678347+00:00,5f7360d3ef2f4fa5a5c552f766b7fb94
2020-01-05,11.17,,ft,Approved,,2025-03-11T20:23:18.678347+00:00,5f7360d3ef2f4fa5a5c552f766b7fb94
2020-01-06,11.31,,ft,Approved,,2025-03-11T20:23:18.678347+00:00,5f7360d3ef2f4fa5a5c552f766b7fb94
2020-01-07,11.26,,ft,Approved,,2025-03-11T20:23:18.678347+00:00,5f7360d3ef2f4fa5a5c552f766b7fb94
2020-01-08,11.36,,ft,Approved,,2025-03-11T20:23:18.678347+00:00,5f7360d3ef2f4fa5a5c552f766b7fb94
2020-01-09,11.18,,ft,Approved,,2025-03-11T20:23:18.678347+00:00,5f7360d3ef2f4fa5a5c552f766b7fb94
2020-01-10,11.23,,ft,Approved,,2025-03-11T20:23:18.678347+00:00,5f7360d3ef2f4fa5a5c552f766b7fb94
2020-01-11,11.73,,ft,Approved,,2025-03-11T20:23:18.678347+00:00,5f7360d3ef2f4fa5a5c552f766b7fb94
2020-01-12,11.27,,ft,Approved,,2025-03-11T20:23:18.678347+00:00,5f7360d3ef2f4fa5a5c552f766b7fb94
2020-01-13,11.21,,ft,Approved,,2025-03-11T20:23:18.678347+00:00,5f7360d3ef2f4fa5a5c552f766b7fb94
2020-01-14,11.41,,ft,Approved,,2025-03-11T20:23:18.678347+00:00,5f7360d3ef2f4fa5a5c552f766b7fb94
2020-01-15,11.34,,ft,Approved,,2025-03-11T20:23:18.678347+00:00,5f7360d3ef2f4fa5a5c552f766b7fb94
2020-01-16,11.29,,ft,Approved,,2025-03-11T20:23:18.678347+00:00,5f7360d3ef2f4fa5a5c552f766b7fb94
2020-01-17,11.5,,ft,Approved,,2025-03-11T20:23:18.678347+00:00,5f7360d3ef2f4fa5a5c552f766b7fb94
2020-01-18,11.27,,ft,Approved,,2025-03-11T20:23:18.678347+00:00,5f7360d3ef2f4fa5a5c552f766b7fb94
2020-01-19,11.36,,ft,Approved,,2025-03-11T20:23:18.678347+00:00,5f7360d3ef2f4fa5a5c552f766b7fb94
2020-01-20,11.45,,ft,Approved,,2025-03-11T20:23:18.678347+00:00,5f7360d3ef2f4fa5a5c552f766b7fb94
2020-01-21,11.54,,ft,Approved,,2025-03-11T20:23:18.678347+00:00,5f7360d3ef2f4fa5a5c552f766b7fb94
2020-01-22,12.03,,ft,Approved,,2025-03-11T20:23:18.678347+00:00,5f7360d3ef2f4fa5a5c552f766b7fb94
2020-01-23,11.81,,ft,Approved,,2025-03-11T20:23:18.678347+00:00,5f7360d3ef2f4fa5a5c552f766b7fb94
2020-01-24,11.68,,ft,Approved,,2025-03-11T20:23:18.678347+00:00,5f7360d3ef2f4fa5a5c552f766b7fb94
2020-01-25,11.66,,ft,Approved,,2025-03-11T20:23:18.678347+00:00,5f7360d3ef2f4fa5a5c552f766b7fb94
2020-01-26,11.6,,ft,Approved,,2025-03-11T20:23:18.678347+00:00,5f7360d3ef2f4fa5a5c552f766b7fb94
2020-01-27,11.76,,ft,Approved,,2025-03-11T20:23:18.678347+00:00,5f7360d3ef2f4fa5a5c552f766b7fb94
2020-01-28,11.59,,ft,Approved,,2025-03-11T20:23:18.678347+00:00,5f7360d3ef2f4fa5a5c552f766b7fb94
2020-01-29,11.4,,ft,Approved,,2025-03-11T20:23:18.678347+00:00,5f7360d3ef2f4fa5a5c552f766b7fb94
2020-01-30,11.41,,ft,Approved,,2025-03-11T20:23:18.678347+00:00,5f7360d3ef2f4fa5a5c552f766b7fb94
2020-01-31,11.4,,ft,Approved,,2025-03-11T20:23:18.678347+00:00,5f7360d3ef2f4fa5a5c552f766b7fb94
2020-02-01,11.42,,ft,Approved,,2025-03-11T20:23:18.678347+00:00,5f7360d3ef2f4fa5a5c552f766b7fb94
2020-02-02,11.24,,ft,Approved,,2025-03-11T20:23:18.678347+00:00,5f7360d3ef2f4fa5a5c552f766b7fb94
2020-02-03,11.4,,ft,Approved,,2025-03-11T20:23:18.678347+00:00,5f7360d3ef2f4fa5a5c552f766b7fb94
2020-02-04,11.38,,ft,Approved,,2025-03-11T20:23:18.678347+00:00,5f7360d3ef2f4fa5a5c552f766b7fb94
2020-02-05,11.53,,ft,Approved,,2025-03-11T20:23:18.678347+00:00,5f7360d3ef2f4fa5a5c552f766b7fb94
2020-02-06,11.39,,ft,Approved,,2025-03-11T20:23:18.678347+00:00,5f7360d3ef2f4fa5a5c552f766b7fb94
2020-02-07,11.36,,ft,Approved,,2025-03-11T20:23:18.678347+00:00,5f7360d3ef2f4fa5a5c552f766b7fb94
2020-02-08,11.27,,ft,Approved,,2025-03-11T20:23:18.678347+00:00,5f7360d3ef2f4fa5a5c552f766b7fb94
2020-02-09,11.3,,ft,Approved,,2025-03-11T20:23:18.678347+00:00,5f7360d3ef2f4fa5a5c552f766b7fb94
2020-02-10,11.24,,ft,Approved,,2025-03-11T20:23:18.678347+00:00,5f7360d3ef2f4fa5a5c552f766b7fb94
2020-02-11,11.17,,ft,Approved,,2025-03-11T20:23:18.678347+00:00,5f7360d3ef2f4fa5a5c552f766b7fb94
2020-02-12,12.5,,ft,Approved,,2025-03-11T20:23:18.678347+00:00,5f7360d3ef2f4fa5a5c552f766b7fb94
2020-02-13,11.46,,ft,Approved,,2025-03-11T20:23:18.678347+00:00,5f7360d3ef2f4fa5a5c552f766b7fb94
2020-02-14,11.37,,ft,Approved,,2025-03-11T20:23:18.678347+00:00,5f7360d3ef2f4fa5a5c552f766b7fb94
2020-02-15,11.31,,ft,Approved,,2025-03-11T20:23:18.678347+00:00,5f7360d3ef2f4fa5a5c552f766b7fb94
2020-02-16,11.63,,ft,Approved,,2025-03-11T20:23:18.678347+00:00,5f7360d3ef2f4fa5a5c552f766b7fb94
2020-02-17,11.6,,ft,Approved,,2025-03-11T20:23:18.678347+00:00,5f7360d3ef2f4fa5a5c552f766b7fb94
2020-02-18,11.79,,ft,Approved,,2025-03-11T20:23:18.678347+00:00,5f7360d3ef2f4fa5a5c552f766b7fb94
2020-02-19,11.71,,ft,Approved,,2025-03-11T20:23:18.678347+00:00,5f7360d3ef2f4fa5a5c552f766b7fb94
2020-02-20,11.77,,ft,Approved,,2025-03-11T20:23:18.678347+00:00,5f7360d3ef2f4fa5a5c552f766b7fb94
2020-02-21,11.39,,ft,Approved,,2025-03-11T20:23:18.678347+00:00,5f7360d3ef2f4fa5a5c552f766b7fb94
2020-02-22,11.48,,ft,Approved,,2025-03-11T20:23:18.678347+00:00,5f7360d3ef2f4fa5a5c552f766b7fb94
2020-02-23,11.79,,ft,Approved,,2025-03-11T20:23:18.678347+00:00,5f7360d3ef2f4fa5a5c552f766b7fb94
2020-02-24,11.4,,ft,Approved,,2025-03-11T20:23:18.678347+00:00,5f7360d3ef2f4fa5a5c552f766b7fb94
2020-02-25,11.69,,ft,Approved,,2025-03-11T20:23:18.678347+00:00,5f7360d3ef2f4fa5a5c552f766b7fb94
2020-02-26,11.65,,ft,Approved,,2025-03-11T20:23:18.678347+00:00,5f7360d3ef2f4fa5a5c552f766b7fb94
2020-02-27,11.49,,ft,Approved,,2025-03-11T20:23:18.678347+00:00,5f7360d3ef2f4fa5a5c552f766b7fb94
2020-02-28,11.14,,ft,Approved,,2025-03-11T20:23:18.678347+00:00,5f7360d3ef2f4fa5a5c552f766b7fb94
2020-02-29,11.45,,ft,Approved,,2025-03-11T20:23:18.678347+00:00,5f7360d3ef2f4fa5a5c552f766b7fb94
2020-03-01,11.37,,ft,Approved,,2025-03-11T20:23:18.678347+00:00,5f7360d3ef2f4fa5a5c552f766b7fb94
2020-03-02,11.39,,ft,Approved,,2025-03-11T20:23:18.678347+00:00,5f7360d3ef2f4fa5a5c552f766b7fb94
2020-03-03,11.21,,ft,Approved,,2025-03-11T20:23:18.678347+00:00,5f7360d3ef2f4fa5a5c552f766b7fb94
2020-03-04,12.17,,ft,Approved,,2025-03-11T20:23:18.678347+00:00,5f7360d3ef2f4fa5a5c552f766b7fb94
2020-03-05,11.16,,ft,Approved,,2025-03-11T20:23:18.678347+00:00,5f7360d3ef2f4fa5a5c552f766b7fb94
2020-03-06,11.13,,ft,Approved,,2025-03-11T20:23:18.678347+00:00,5f7360d3ef2f4fa5a5c552f766b7fb94
2020-03-07,11.18,,ft,Approved,,2025-03-11T20:23:18.678347+00:00,5f7360d3ef2f4fa5a5c552f766b7fb94
2020-03-08,10.96,,ft,Approved,,2025-03-11T20:23:18.678347+00:00,5f7360d3ef2f4fa5a5c552f766b7fb94
2020-03-09,11.05,,ft,Approved,,2025-03-11T20:23:18.678347+00:00,5f7360d3ef2f4fa5a5c552f766b7fb94
2020-03-10,11.08,,ft,Approved,,2025-03-11T20:23:18.678347+00:00,5f7360d3ef2f4fa5a5c552f766b7fb94
2020-03-11,11.14,,ft,Approved,,2025-03-11T20:23:18.678347+00:00,5f7360d3ef2f4fa5a5c552f766b7fb94
2020-03-12,10.98,,ft,Approved,,2025-03-11T20:23:18.678347+00:00,5f7360d3ef2f4fa5a5c552f766b7fb94
2020-03-13,11.0,,ft,Approved,,2025-03-11T20:23:18.678347+00:00,5f7360d3ef2f4fa5a5c552f766b7fb94
2020-03-14,10.97,,ft,Approved,,2025-03-11T20:23:18.678347+00:00,5f7360d3ef2f4fa5a5c552f766b7fb94
2020-03-15,10.98,,ft,Approved,,2025-03-11T20:23:18.678347+00:00,5f7360d3ef2f4fa5a5c552f766b7fb94
2020-03-16,10.94,,ft,Approved,,2025-03-11T20:23:18.678347+00:00,5f7360d3ef2f4fa5a5c552f766b7fb94
2020-03-17,10.96,,ft,Approved,,2025-03-11T20:23:18.678347+00:00,5f7360d3ef2f4fa5a5c552f766b7fb94
2020-03-18,11.07,,ft,Approved,,2025-03-11T20:23:18.678347+00:00,5f7360d3ef2f4fa5a5c552f766b7fb94
2020-03-19,11.16,,ft,Approved,,2025-03-11T20:23:18.678347+00:00,5f7360d3ef2f4fa5a5c552f766b7fb94
2020-03-20,11.64,,ft,Approved,,2025-03-11T20:23:18.678347+00:00,5f7360d3ef2f4fa5a5c552f766b7fb94
2020-03-21,11.63,,ft,Approved,,2025-03-11T20:23:18.678347+00:00,5f7360d3ef2f4fa5a5c552f766b7fb94
2020-03-22,11.74,,ft,Approved,,2025-03-11T20:23:18.678347+00:00,5f7360d3ef2f4fa5a5c552f766b7fb94
2020-03-23,11.31,,ft,Approved,,2025-03-11T20:23:18.678347+00:00,5f7360d3ef2f4fa5a5c552f766b7fb94
2020-03-24,11.02,,ft,Approved,,2025-03-11T20:23:18.678347+00:00,5f7360d3ef2f4fa5a5c552f766b7fb94
2020-03-25,10.76,,ft,Approved,,2025-03-11T20:23:18.678347+00:00,5f7360d3ef2f4fa5a5c552f766b7fb94
2020-03-26,10.93,,ft,Approved,,2025-03-11T20:23:18.678347+00:00,5f7360d3ef2f4fa5a5c552f766b7fb94
2020-03-27,11.05,,ft,Approved,,2025-03-11T20:23:18.678347+00:00,5f7360d3ef2f4fa5a5c552f766b7fb94
2020-03-28,11.81,,ft,Approved,,2025-03-11T20:23:18.678347+00:00,5f7360d3ef2f4fa5a5c552f766b7fb94
2020-03-29,11.95,,ft,Approved,,2025-03-11T20:23:18.678347+00:00,5f7360d3ef2f4fa5a5c552f766b7fb94
2020-03-30,12.05,,ft,Approved,,2025-03-11T20:23:18.678347+00:00,5f7360d3ef2f4fa5a5c552f766b7fb94
2020-03-31,11.87,,ft,Approved,,2025-03-11T20:23:18.678347+00:00,5f7360d3ef2f4fa5a5c552f766b7fb94
2020-04-01,11.94,,ft,Approved,,2025-03-11T20:23:18.678347+00:00,5f7360d3ef2f4fa5a5c552f766b7fb94
2020-04-02,11.97,,ft,Approved,,2025-03-11T20:23:18.678347+00:00,5f7360d3ef2f4fa5a5c552f766b7fb94
2020-04-03,12.98,,ft,Approved,,2025-03-11T20:23:18.678347+00:00,5f7360d3ef2f4fa5a5c552f766b7fb94
2020-04-04,13.21,,ft,Approved,,2025-03-11T20:23:18.678347+00:00,5f7360d3ef2f4fa5a5c552f766b7fb94
2020-04-05,12.53,,ft,Approved,,2025-03-11T20:23:18.678347+00:00,5f7360d3ef2f4fa5a5c552f766b7fb94
2020-04-06,12.3,,ft,Approved,,2025-03-11T20:23:18.678347+00:00,5f7360d3ef2f4fa5a5c552f766b7fb94
2020-04-07,12.18,,ft,Approved,,2025-03-11T20:23:18.678347+00:00,5f7360d3ef2f4fa5a5c552f766b7fb94
2020-04-08,12.22,,ft,Approved,,2025-03-11T20:23:18.678347+00:00,5f7360d3ef2f4fa5a5c552f766b7fb94
2020-04-09,12.31,,ft,Approved,,2025-03-11T20:23:18.678347+00:00,5f7360d3ef2f4fa5a5c552f766b7fb94
2020-04-10,12.2,,ft,Approved,,2025-03-11T20:23:18.678347+00:00,5f7360d3ef2f4fa5a5c552f766b7fb94
2020-04-11,12.27,,ft,Approved,,2025-03-11T20:23:18.678347+00:00,5f7360d3ef2f4fa5a5c552f766b7fb94
2020-04-12,12.1,,ft,Approved,,2025-03-11T20:23:18.678347+00:00,5f7360d3ef2f4fa5a5c552f766b7fb94
2020-04-13,11.95,,ft,Approved,,2025-03-11T20:23:18.678347+00:00,5f7360d3ef2f4fa5a5c552f766b7fb94
2020-04-14,12.14,,ft,Approved,,2025-03-11T20:23:18.678347+00:00,5f7360d3ef2f4fa5a5c552f766b7fb94
2020-04-15,12.05,,ft,Approved,,2025-03-11T20:23:18.678347+00:00,5f7360d3ef2f4fa5a5c552f766b7fb94
2020-04-16,12.16,,ft,Approved,,2025-03-11T20:23:18.678347+00:00,5f7360d3ef2f4fa5a5c552f766b7fb94
2020-04-17,12.11,,ft,Approved,,2025-03-11T20:23:18.678347+00:00,5f7360d3ef2f4fa5a5c552f766b7fb94
2020-04-18,11.99,,ft,Approved,,2025-03-11T20:23:18.678347+00:00,5f7360d3ef2f4fa5a5c552f766b7fb94
2020-04-19,12.26,,ft,Approved,,2025-03-11T20:23:18.678347+00:00,5f7360d3ef2f4fa5a5c552f766b7fb94
2020-04-20,12.33,,ft,Approved,,2025-03-11T20:23:18.678347+00:00,5f7360d3ef2f4fa5a5c552f766b7fb94
2020-04-21,12.75,,ft,Approved,,2025-03-11T20:23:18.678347+00:00,5f7360d3ef2f4fa5a5c552f766b7fb94
2020-04-22,12.11,,ft,Approved,,2025-03-11T20:23:18.678347+00:00,5f7360d3ef2f4fa5a5c552f766b7fb94
2020-04-23,12.31,,ft,Approved,,2025-03-11T20:23:18.678347+00:00,5f7360d3ef2f4fa5a5c552f766b7fb94
2020-04-24,12.46,,ft,Approved,,2025-03-11T20:23:18.678347+00:00,5f7360d3ef2f4fa5a5c552f766b7fb94
2020-04-25,12.9,,ft,Approved,,2025-03-11T20:23:18.678347+00:00,5f7360d3ef2f4fa5a5c552f766b7fb94
2020-04-26,13.02,,ft,Approved,,2025-03-11T20:23:18.678347+00:00,5f7360d3ef2f4fa5a5c552f766b7fb94
2020-04-27,13.02,,ft,Approved,,2025-03-11T20:23:18.678347+00:00,5f7360d3ef2f4fa5a5c552f766b7fb94
2020-04-28,12.93,,ft,Approved,,2025-03-11T20:23:18.678347+00:00,5f7360d3ef2f4fa5a5c552f766b7fb94
2020-04-29,13.39,,ft,Approved,,2025-03-11T20:23:18.678347+00:00,5f7360d3ef2f4fa5a5c552f766b7fb94
2020-04-30,12.91,,ft,Approved,,2025-03-11T20:23:18.678347+00:00,5f7360d3ef2f4fa5a5c552f766b7fb94
2020-05-01,13.37,,ft,Approved,,2025-03-11T20:23:18.678347+00:00,5f7360d3ef2f4fa5a5c552f766b7fb94
2020-05-02,13.16,,ft,Approved,,2025-03-11T20:23:18.678347+00:00,5f7360d3ef2f4fa5a5c552f766b7fb94
2020-05-03,13.02,,ft,Approved,,2025-03-11T20:23:18.678347+00:00,5f7360d3ef2f4fa5a5c552f766b7fb94
2020-05-04,12.91,,ft,Approved,,2025-03-11T20:23:18.678347+00:00,5f7360d3ef2f4fa5a5c552f766b7fb94
2020-05-05,11.79,,ft,Approved,,2025-03-11T20:23:18.678347+00:00,5f7360d3ef2f4fa5a5c552f766b7fb94
2020-05-06,11.67,,ft,Approved,,2025-03-11T20:23:18.678347+00:00,5f7360d3ef2f4fa5a5c552f766b7fb94
2020-05-07,12.03,,ft,Approved,,2025-03-11T20:23:18.678347+00:00,5f7360d3ef2f4fa5a5c552f766b7fb94
2020-05-08,12.14,,ft,Approved,,2025-03-11T20:23:18.678347+00:00,5f7360d3ef2f4fa5a5c552f766b7fb94
2020-05-09,12.96,,ft,Approved,,2025-03-11T20:23:18.678347+00:00,5f7360d3ef2f4fa5a5c552f766b7fb94
2020-05-10,12.84,,ft,Approved,,2025-03-11T20:23:18.678347+00:00,5f7360d3ef2f4fa5a5c552f766b7fb94
2020-05-11,12.96,,ft,Approved,,2025-03-11T20:23:18.678347+00:00,5f7360d3ef2f4fa5a5c552f766b7fb94
2020-05-12,13.52,,ft,Approved,,2025-03-11T20:23:18.678347+00:00,5f7360d3ef2f4fa5a5c552f766b7fb94
2020-05-13,12.0,,ft,Approved,,2025-03-11T20:23:18.678347+00:00,5f7360d3ef2f4fa5a5c552f766b7fb94
2020-05-14,12.46,,ft,Approved,,2025-03-11T20:23:18.678347+00:00,5f7360d3ef2f4fa5a5c552f766b7fb94
2020-05-15,12.67,,ft,Approved,,2025-03-11T20:23:18.678347+00:00,5f7360d3ef2f4fa5a5c552f766b7fb94
2020-05-16,14.57,,ft,Approved,,2025-03-11T20:23:18.678347+00:00,5f7360d3ef2f4fa5a5c552f766b7fb94
2020-05-17,12.81,,ft,Approved,,2025-03-11T20:23:18.678347+00:00,5f7360d3ef2f4fa5a5c552f766b7fb94
2020-05-18,12.45,,ft,Approved,,2025-03-11T20:23:18.678347+00:00,5f7360d3ef2f4fa5a5c552f766b7fb94
2020-05-19,12.51,,ft,Approved,,2025-03-11T20:23:18.678347+00:00,5f7360d3ef2f4fa5a5c552f766b7fb94
2020-05-20,12.78,,ft,Approved,,2025-03-11T20:23:18.678347+00:00,5f7360d3ef2f4fa5a5c552f766b7fb94
2020-05-21,12.79,,ft,Approved,,2025-03-11T20:23:18.678347+00:00,5f7360d3ef2f4fa5a5c552f766b7fb94
2020-05-22,12.76,,ft,Approved,,2025-03-11T20:23:18.678347+00:00,5f7360d3ef2f4fa5a5c552f766b7fb94
2020-05-23,12.27,,ft,Approved,,2025-03-11T20:23:18.678347+00:00,5f7360d3ef2f4fa5a5c552f766b7fb94
2020-05-24,12.81,,ft,Approved,,2025-03-11T20:23:18.678347+00:00,5f7360d3ef2f4fa5a5c552f766b7fb94
2020-05-25,13.1,,ft,Approved,,2025-03-11T20:23:18.678347+00:00,5f7360d3ef2f4fa5a5c552f766b7fb94
2020-05-26,11.61,,ft,Approved,,2025-03-11T20:23:18.678347+00:00,5f7360d3ef2f4fa5a5c552f766b7fb94
2020-05-27,11.48,,ft,Approved,,2025-03-11T20:23:18.678347+00:00,5f7360d3ef2f4fa5a5c552f766b7fb94
2020-05-28,12.14,,ft,Approved,,2025-03-11T20:23:18.678347+00:00,5f7360d3ef2f4fa5a5c552f766b7fb94
2020-05-29,11.98,,ft,Approved,,2025-03-11T20:23:18.678347+00:00,5f7360d3ef2f4fa5a5c552f766b7fb94
2020-05-30,11.9,,ft,Approved,,2025-03-11T20:23:18.678347+00:00,5f7360d3ef2f4fa5a5c552f766b7fb94
2020-05-31,11.89,,ft,Approved,,2025-03-11T20:23:18.678347+00:00,5f7360d3ef2f4fa5a5c552f766b7fb94
2020-06-01,11.8,,ft,Approved,,2025-03-11T20:23:18.678347+00:00,5f7360d3ef2f4fa5a5c552f766b7fb94
2020-06-02,11.86,,ft,Approved,,2025-03-11T20:23:18.678347+00:00,5f7360d3ef2f4fa5a5c552f766b7fb94
2020-06-03,11.95,,ft,Approved,,2025-03-11T20:23:18.678347+00:00,5f7360d3ef2f4fa5a5c552f766b7fb94
2020-06-04,12.1,,ft,Approved,,2025-03-11T20:23:18.678347+00:00,5f7360d3ef2f4fa5a5c552f766b7fb94
2020-06-05,12.05,,ft,Approved,,2025-03-11T20:23:18.678347+00:00,5f7360d3ef2f4fa5a5c552f766b7fb94
2020-06-06,12.18,,ft,Approved,,2025-03-11T20:23:18.678347+00:00,5f7360d3ef2f4fa5a5c552f766b7fb94
2020-06-07,12.13,,ft,Approved,,2025-03-11T20:23:18.678347+00:00,5f7360d3ef2f4fa5a5c552f766b7fb94
2020-06-08,12.28,,ft,Approved,,2025-03-11T20:23:18.678347+00:00,5f7360d3ef2f4fa5a5c552f766b7fb94
2020-06-09,12.48,,ft,Approved,,2025-03-11T20:23:18.678347+00:00,5f7360d3ef2f4fa5a5c552f766b7fb94
2020-06-10,12.53,,ft,Approved,,2025-03-11T20:23:18.678347+00:00,5f7360d3ef2f4fa5a5c552f766b7fb94
2020-06-11,12.59,,ft,Approved,,2025-03-11T20:23:18.678347+00:00,5f7360d3ef2f4fa5a5c552f766b7fb94
2020-06-12,12.6,,ft,Approved,,2025-03-11T20:23:18.678347+00:00,5f7360d3ef2f4fa5a5c552f766b7fb94
2020-06-13,12.52,,ft,Approved,,2025-03-11T20:23:18.678347+00:00,5f7360d3ef2f4fa5a5c552f766b7fb94
2020-06-14,12.5,,ft,Approved,,2025-03-11T20:23:18.678347+00:00,5f7360d3ef2f4fa5a5c552f766b7fb94
2020-06-15,12.83,,ft,Approved,,2025-03-11T20:23:18.678347+00:00,5f7360d3ef2f4fa5a5c552f766b7fb94
2020-06-16,12.87,,ft,Approved,,2025-03-11T20:23:18.678347+00:00,5f7360d3ef2f4fa5a5c552f766b7fb94
2020-06-17,12.93,,ft,Approved,,2025-03-11T20:23:18.678347+00:00,5f7360d3ef2f4fa5a5c552f766b7fb94
2020-06-18,12.94,,ft,Approved,,2025-03-11T20:23:18.678347+00:00,5f7360d3ef2f4fa5a5c552f766b7fb94
2020-06-19,13.01,,ft,Approved,,2025-03-11T20:23:18.678347+00:00,5f7360d3ef2f4fa5a5c552f766b7fb94
2020-06-20,13.43,,ft,Approved,,2025-03-11T20:23:18.678347+00:00,5f7360d3ef2f4fa5a5c552f766b7fb94
2020-06-21,13.05,,ft,Approved,,2025-03-11T20:23:18.678347+00:00,5f7360d3ef2f4fa5a5c552f766b7fb94
2020-06-22,12.95,,ft,Approved,,2025-03-11T20:23:18.678347+00:00,5f7360d3ef2f4fa5a5c552f766b7fb94
2020-06-23,13.89,,ft,Approved,,2025-03-11T20:23:18.678347+00:00,5f7360d3ef2f4fa5a5c552f766b7fb94
2020-06-24,12.86,,ft,Approved,,2025-03-11T20:23:18.678347+00:00,5f7360d3ef2f4fa5a5c552f766b7fb94
2020-06-25,12.16,,ft,Approved,,2025-03-11T20:23:18.678347+00:00,5f7360d3ef2f4fa5a5c552f766b7fb94
2020-06-26,12.73,,ft,Approved,,2025-03-11T20:23:18.678347+00:00,5f7360d3ef2f4fa5a5c552f766b7fb94
2020-06-27,12.33,,ft,Approved,,2025-03-11T20:23:18.678347+00:00,5f7360d3ef2f4fa5a5c552f766b7fb94
2020-06-28,12.29,,ft,Approved,,2025-03-11T20:23:18.678347+00:00,5f7360d3ef2f4fa5a5c552f766b7fb94
2020-06-29,12.11,,ft,Approved,,2025-03-11T20:23:18.678347+00:00,5f7360d3ef2f4fa5a5c552f766b7fb94
2020-06-30,11.9,,ft,Approved,,2025-03-11T20:23:18.678347+00:00,5f7360d3ef2f4fa5a5c552f766b7fb94
2020-07-01,11.77,,ft,Approved,,2025-03-11T20:23:18.678347+00:00,5f7360d3ef2f4fa5a5c552f766b7fb94
2020-07-02,11.64,,ft,Approved,,2025-03-11T20:23:18.678347+00:00,5f7360d3ef2f4fa5a5c552f766b7fb94
2020-07-03,11.63,,ft,Approved,,2025-03-11T20:23:18.678347+00:00,5f7360d3ef2f4fa5a5c552f766b7fb94
2020-07-04,11.63,,ft,Approved,,2025-03-11T20:23:18.678347+00:00,5f7360d3ef2f4fa5a5c552f766b7fb94
2020-07-05,11.71,,ft,Approved,,2025-03-11T20:23:18.678347+00:00,5f7360d3ef2f4fa5a5c552f766b7fb94
2020-07-06,11.81,,ft,Approved,,2025-03-11T20:23:18.678347+00:00,5f7360d3ef2f4fa5a5c552f766b7fb94
2020-07-07,11.78,,ft,Approved,,2025-03-11T20:23:18.678347+00:00,5f7360d3ef2f4fa5a5c552f766b7fb94
2020-07-08,11.93,,ft,Approved,,2025-03-11T20:23:18.678347+00:00,5f7360d3ef2f4fa5a5c552f766b7fb94
2020-07-09,11.71,,ft,Approved,,2025-03-11T20:23:18.678347+00:00,5f7360d3ef2f4fa5a5c552f766b7fb94
2020-07-10,11.75,,ft,Approved,,2025-03-11T20:23:18.678347+00:00,5f7360d3ef2f4fa5a5c552f766b7fb94
2020-07-11,12.0,,ft,Approved,,2025-03-11T20:23:18.678347+00:00,5f7360d3ef2f4fa5a5c552f766b7fb94
2020-07-12,12.04,,ft,Approved,,2025-03-11T20:23:18.678347+00:00,5f7360d3ef2f4fa5a5c552f766b7fb94
2020-07-13,12.09,,ft,Approved,,2025-03-11T20:23:18.678347+00:00,5f7360d3ef2f4fa5a5c552f766b7fb94
2020-07-14,12.01,,ft,Approved,,2025-03-11T20:23:18.678347+00:00,5f7360d3ef2f4fa5a5c552f766b7fb94
2020-07-15,12.01,,ft,Approved,,2025-03-11T20:23:18.678347+00:00,5f7360d3ef2f4fa5a5c552f766b7fb94
2020-07-16,12.28,,ft,Approved,,2025-03-11T20:23:18.678347+00:00,5f7360d3ef2f4fa5a5c552f766b7fb94
2020-07-17,12.19,,ft,Approved,,2025-03-11T20:23:18.678347+00:00,5f7360d3ef2f4fa5a5c552f766b7fb94
2020-07-18,12.23,,ft,Approved,,2025-03-11T20:23:18.678347+00:00,5f7360d3ef2f4fa5a5c552f766b7fb94
2020-07-19,12.26,,ft,Approved,,2025-03-11T20:23:18.678347+00:00,5f7360d3ef2f4fa5a5c552f766b7fb94
2020-07-20,12.38,,ft,Approved,,2025-03-11T20:23:18.678347+00:00,5f7360d3ef2f4fa5a5c552f766b7fb94
2020-07-21,12.3,,ft,Approved,,2025-03-11T20:23:18.678347+00:00,5f7360d3ef2f4fa5a5c552f766b7fb94
2020-07-22,12.37,,ft,Approved,,2025-03-11T20:23:18.678347+00:00,5f7360d3ef2f4fa5a5c552f766b7fb94
2020-07-23,12.27,,ft,Approved,,2025-03-11T20:23:18.678347+00:00,5f7360d3ef2f4fa5a5c552f766b7fb94
2020-07-24,12.41,,ft,Approved,,2025-03-11T20:23:18.678347+00:00,5f7360d3ef2f4fa5a5c552f766b7fb94
2020-07-25,12.2,,ft,Approved,,2025-03-11T20:23:18.678347+00:00,5f7360d3ef2f4fa5a5c552f766b7fb94
2020-07-26,12.13,,ft,Approved,,2025-03-11T20:23:18.678347+00:00,5f7360d3ef2f4fa5a5c552f766b7fb94
2020-07-27,11.94,,ft,Approved,,2025-03-11T20:23:18.678347+00:00,5f7360d3ef2f4fa5a5c552f766b7fb94
2020-07-28,12.03,,ft,Approved,,2025-03-11T20:23:18.678347+00:00,5f7360d3ef2f4fa5a5c552f766b7fb94
2020-07-29,11.73,,ft,Approved,,2025-03-11T20:23:18.678347+00:00,5f7360d3ef2f4fa5a5c552f766b7fb94
2020-07-30,11.53,,ft,Approved,,2025-03-11T20:23:18.678347+00:00,5f7360d3ef2f4fa5a5c552f766b7fb94
2020-07-31,12.34,,ft,Approved,,2025-03-11T20:23:18.678347+00:00,5f7360d3ef2f4fa5a5c552f766b7fb94
2020-08-01,11.75,,ft,Approved,,2025-03-11T20:23:18.678347+00:00,5f7360d3ef2f4fa5a5c552f766b7fb94
2020-08-02,11.58,,ft,Approved,,2025-03-11T20:23:18.678347+00:00,5f7360d3ef2f4fa5a5c552f766b7fb94
2020-08-03,11.54,,ft,Approved,,2025-03-11T20:23:18.678347+00:00,5f7360d3ef2f4fa5a5c552f766b7fb94
2020-08-04,11.7,,ft,Approved,,2025-03-11T20:23:18.678347+00:00,5f7360d3ef2f4fa5a5c552f766b7fb94
2020-08-05,11.81,,ft,Approved,,2025-03-11T20:23:18.678347+00:00,5f7360d3ef2f4fa5a5c552f766b7fb94
2020-08-06,11.87,,ft,Approved,,2025-03-11T20:23:18.678347+00:00,5f7360d3ef2f4fa5a5c552f766b7fb94
2020-08-07,11.86,,ft,Approved,,2025-03-11T20:23:18.678347+00:00,5f7360d3ef2f4fa5a5c552f766b7fb94
2020-08-08,11.98,,ft,Approved,,2025-03-11T20:23:18.678347+00:00,5f7360d3ef2f4fa5a5c552f766b7fb94
2020-08-09,12.15,,ft,Approved,,2025-03-11T20:23:18.678347+00:00,5f7360d3ef2f4fa5a5c552f766b7fb94
2020-08-10,12.08,,ft,Approved,,2025-03-11T20:23:18.678347+00:00,5f7360d3ef2f4fa5a5c552f766b7fb94
2020-08-11,11.96,,ft,Approved,,2025-03-11T20:23:18.678347+00:00,5f7360d3ef2f4fa5a5c552f766b7fb94
2020-08-12,11.95,,ft,Approved,,2025-03-11T20:23:18.678347+00:00,5f7360d3ef2f4fa5a5c552f766b7fb94
2020-08-13,12.2,,ft,Approved,,2025-03-11T20:23:18.678347+00:00,5f7360d3ef2f4fa5a5c552f766b7fb94
2020-08-14,12.4,,ft,Approved,,2025-03-11T20:23:18.678347+00:00,5f7360d3ef2f4fa5a5c552f766b7fb94
2020-08-15,12.44,,ft,Approved,,2025-03-11T20:23:18.678347+00:00,5f7360d3ef2f4fa5a5c552f766b7fb94
2020-08-16,12.33,,ft,Approved,,2025-03-11T20:23:18.678347+00:00,5f7360d3ef2f4fa5a5c552f766b7fb94
2020-08-17,12.35,,ft,Approved,,2025-03-11T20:23:18.678347+00:00,5f7360d3ef2f4fa5a5c552f766b7fb94
2020-08-18,12.66,,ft,Approved,,2025-03-11T20:23:18.678347+00:00,5f7360d3ef2f4fa5a5c552f766b7fb94
2020-08-19,12.58,,ft,Approved,,2025-03-11T20:23:18.678347+00:00,5f7360d3ef2f4fa5a5c552f766b7fb94
2020-08-20,12.64,,ft,Approved,,2025-03-11T20:23:18.678347+00:00,5f7360d3ef2f4fa5a5c552f766b7fb94
2020-08-21,12.55,,ft,Approved,,2025-03-11T20:23:18.678347+00:00,5f7360d3ef2f4fa5a5c552f766b7fb94
2020-08-22,13.26,,ft,Approved,,2025-03-11T20:23:18.678347+00:00,5f7360d3ef2f4fa5a5c552f766b7fb94
2020-08-23,12.72,,ft,Approved,,2025-03-11T20:23:18.678347+00:00,5f7360d3ef2f4fa5a5c552f766b7fb94
2020-08-24,12.6,,ft,Approved,,2025-03-11T20:23:18.678347+00:00,5f7360d3ef2f4fa5a5c552f766b7fb94
2020-08-25,12.35,,ft,Approved,,2025-03-11T20:23:18.678347+00:00,5f7360d3ef2f4fa5a5c552f766b7fb94
2020-08-26,12.42,,ft,Approved,,2025-03-11T20:23:18.678347+00:00,5f7360d3ef2f4fa5a5c552f766b7fb94
2020-08-27,12.11,,ft,Approved,,2025-03-11T20:23:18.678347+00:00,5f7360d3ef2f4fa5a5c552f766b7fb94
2020-08-28,12.43,,ft,Approved,,2025-03-11T20:23:18.678347+00:00,5f7360d3ef2f4fa5a5c552f766b7fb94
2020-08-29,12.3,,ft,Approved,,2025-03-11T20:23:18.678347+00:00,5f7360d3ef2f4fa5a5c552f766b7fb94
2020-08-30,12.42,,ft,Approved,,2025-03-11T20:23:18.678347+00:00,5f7360d3ef2f4fa5a5c552f766b7fb94
2020-08-31,12.51,,ft,Approved,,2025-03-11T20:23:18.678347+00:00,5f7360d3ef2f4fa5a5c552f766b7fb94
2020-09-01,12.73,,ft,Approved,,2025-03-11T20:23:18.678347+00:00,5f7360d3ef2f4fa5a5c552f766b7fb94
2020-09-02,12.86,,ft,Approved,,2025-03-11T20:23:18.678347+00:00,5f7360d3ef2f4fa5a5c552f766b7fb94
2020-09-03,13.29,,ft,Approved,,2025-03-11T20:23:18.678347+00:00,5f7360d3ef2f4fa5a5c552f766b7fb94
2020-09-04,14.1,,ft,Approved,,2025-03-11T20:23:18.678347+00:00,5f7360d3ef2f4fa5a5c552f766b7fb94
2020-09-05,12.84,,ft,Approved,,2025-03-11T20:23:18.678347+00:00,5f7360d3ef2f4fa5a5c552f766b7fb94
2020-09-06,12.71,,ft,Approved,,2025-03-11T20:23:18.678347+00:00,5f7360d3ef2f4fa5a5c552f766b7fb94
2020-09-07,12.59,,ft,Approved,,2025-03-11T20:23:18.678347+00:00,5f7360d3ef2f4fa5a5c552f766b7fb94
2020-09-08,12.57,,ft,Approved,,2025-03-11T20:23:18.678347+00:00,5f7360d3ef2f4fa5a5c552f766b7fb94
2020-09-09,13.26,,ft,Approved,,2025-03-11T20:23:18.678347+00:00,5f7360d3ef2f4fa5a5c552f766b7fb94
2020-09-10,12.65,,ft,Approved,,2025-03-11T20:23:18.678347+00:00,5f7360d3ef2f4fa5a5c552f766b7fb94
2020-09-11,12.05,,ft,Approved,,2025-03-11T20:23:18.678347+00:00,5f7360d3ef2f4fa5a5c552f766b7fb94
2020-09-12,10.97,,ft,Approved,,2025-03-11T20:23:18.678347+00:00,5f7360d3ef2f4fa5a5c552f766b7fb94
2020-09-13,10.92,,ft,Approved,,2025-03-11T20:23:18.678347+00:00,5f7360d3ef2f4fa5a5c552f766b7fb94
2020-09-14,11.75,,ft,Approved,,2025-03-11T20:23:18.678347+00:00,5f7360d3ef2f4fa5a5c552f766b7fb94
2020-09-15,11.43,,ft,Approved,,2025-03-11T20:23:18.678347+00:00,5f7360d3ef2f4fa5a5c552f766b7fb94
2020-09-16,11.91,,ft,Approved,,2025-03-11T20:23:18.678347+00:00,5f7360d3ef2f4fa5a5c552f766b7fb94
2020-09-17,11.62,,ft,Approved,,2025-03-11T20:23:18.678347+00:00,5f7360d3ef2f4fa5a5c552f766b7fb94
2020-09-18,11.67,,ft,Approved,,2025-03-11T20:23:18.678347+00:00,5f7360d3ef2f4fa5a5c552f766b7fb94
2020-09-19,11.23,,ft,Approved,,2025-03-11T20:23:18.678347+00:00,5f7360d3ef2f4fa5a5c552f766b7fb94
2020-09-20,10.93,,ft,Approved,,2025-03-11T20:23:18.678347+00:00,5f7360d3ef2f4fa5a5c552f766b7fb94
2020-09-21,11.42,,ft,Approved,,2025-03-11T20:23:18.678347+00:00,5f7360d3ef2f4fa5a5c552f766b7fb94
2020-09-22,11.84,,ft,Approved,,2025-03-11T20:23:18.678347+00:00,5f7360d3ef2f4fa5a5c552f766b7fb94
2020-09-23,11.55,,ft,Approved,,2025-03-11T20:23:18.678347+00:00,5f7360d3ef2f4fa5a5c552f766b7fb94
2020-09-24,11.06,,ft,Approved,,2025-03-11T20:23:18.678347+00:00,5f7360d3ef2f4fa5a5c552f766b7fb94
2020-09-25,10.9,,ft,Approved,,2025-03-11T20:23:18.678347+00:00,5f7360d3ef2f4fa5a5c552f766b7fb94
2020-09-26,10.78,,ft,Approved,,2025-03-11T20:23:18.678347+00:00,5f7360d3ef2f4fa5a5c552f766b7fb94
2020-09-27,11.12,,ft,Approved,,2025-03-11T20:23:18.678347+00:00,5f7360d3ef2f4fa5a5c552f766b7fb94
2020-09-28,11.29,,ft,Approved,,2025-03-11T20:23:18.678347+00:00,5f7360d3ef2f4fa5a5c552f766b7fb94
2020-09-29,11.73,,ft,Approved,,2025-03-11T20:23:18.678347+00:00,5f7360d3ef2f4fa5a5c552f766b7fb94
2020-09-30,11.22,,ft,Approved,,2025-03-11T20:23:18.678347+00:00,5f7360d3ef2f4fa5a5c552f766b7fb94
2020-10-01,11.22,,ft,Approved,,2025-03-11T20:23:18.678347+00:00,5f7360d3ef2f4fa5a5c552f766b7fb94
2020-10-02,11.29,,ft,Approved,,2025-03-11T20:23:18.678347+00:00,5f7360d3ef2f4fa5a5c552f766b7fb94
2020-10-03,11.34,,ft,Approved,,2025-03-11T20:23:18.678347+00:00,5f7360d3ef2f4fa5a5c552f766b7fb94
2020-10-04,11.48,,ft,Approved,,2025-03-11T20:23:18.678347+00:00,5f7360d3ef2f4fa5a5c552f766b7fb94
2020-10-05,11.53,,ft,Approved,,2025-03-11T20:23:18.678347+00:00,5f7360d3ef2f4fa5a5c552f766b7fb94
2020-10-06,11.71,,ft,Approved,,2025-03-11T20:23:18.678347+00:00,5f7360d3ef2f4fa5a5c552f766b7fb94
2020-10-07,11.66,,ft,Approved,,2025-03-11T20:23:18.678347+00:00,5f7360d3ef2f4fa5a5c552f766b7fb94
2020-10-08,11.7,,ft,Approved,,2025-03-11T20:23:18.678347+00:00,5f7360d3ef2f4fa5a5c552f766b7fb94
2020-10-09,11.47,,ft,Approved,,2025-03-11T20:23:18.678347+00:00,5f7360d3ef2f4fa5a5c552f766b7fb94
2020-10-10,11.51,,ft,Approved,,2025-03-11T20:23:18.678347+00:00,5f7360d3ef2f4fa5a5c552f766b7fb94
2020-10-11,11.71,,ft,Approved,,2025-03-11T20:23:18.678347+00:00,5f7360d3ef2f4fa5a5c552f766b7fb94
2020-10-12,10.95,,ft,Approved,,2025-03-11T20:23:18.678347+00:00,5f7360d3ef2f4fa5a5c552f766b7fb94
2020-10-13,11.05,,ft,Approved,,2025-03-11T20:23:18.678347+00:00,5f7360d3ef2f4fa5a5c552f766b7fb94
2020-10-14,10.98,,ft,Approved,,2025-03-11T20:23:18.678347+00:00,5f7360d3ef2f4fa5a5c552f766b7fb94
2020-10-15,10.84,,ft,Approved,,2025-03-11T20:23:18.678347+00:00,5f7360d3ef2f4fa5a5c552f766b7fb94
2020-10-16,10.81,,ft,Approved,,2025-03-11T20:23:18.678347+00:00,5f7360d3ef2f4fa5a5c552f766b7fb94
2020-10-17,10.85,,ft,Approved,,2025-03-11T20:23:18.678347+00:00,5f7360d3ef2f4fa5a5c552f766b7fb94
2020-10-18,10.76,,ft,Approved,,2025-03-11T20:23:18.678347+00:00,5f7360d3ef2f4fa5a5c552f766b7fb94
2020-10-19,10.79,,ft,Approved,,2025-03-11T20:23:18.678347+00:00,5f7360d3ef2f4fa5a5c552f766b7fb94
2020-10-20,10.79,,ft,Approved,,2025-03-11T20:23:18.678347+00:00,5f7360d3ef2f4fa5a5c552f766b7fb94
2020-10-21,10.79,,ft,Approved,,2025-03-11T20:23:18.678347+00:00,5f7360d3ef2f4fa5a5c552f766b7fb94
2020-10-22,11.01,,ft,Approved,,2025-03-11T20:23:18.678347+00:00,5f7360d3ef2f4fa5a5c552f766b7fb94
2020-10-23,11.12,,ft,Approved,,2025-03-11T20:23:18.678347+00:00,5f7360d3ef2f4fa5a5c552f766b7fb94
2020-10-24,11.0,,ft,Approved,,2025-03-11T20:23:18.678347+00:00,5f7360d3ef2f4fa5a5c552f766b7fb94
2020-10-25,10.78,,ft,Approved,,2025-03-11T20:23:18.678347+00:00,5f7360d3ef2f4fa5a5c552f766b7fb94
2020-10-26,10.69,,ft,Approved,,2025-03-11T20:23:18.678347+00:00,5f7360d3ef2f4fa5a5c552f766b7fb94
2020-10-27,10.78,,ft,Approved,,2025-03-11T20:23:18.678347+00:00,5f7360d3ef2f4fa5a5c552f766b7fb94
2020-10-28,10.71,,ft,Approved,,2025-03-11T20:23:18.678347+00:00,5f7360d3ef2f4fa5a5c552f766b7fb94
2020-10-29,10.66,,ft,Approved,,2025-03-11T20:23:18.678347+00:00,5f7360d3ef2f4fa5a5c552f766b7fb94
2020-10-30,10.64,,ft,Approved,,2025-03-11T20:23:18.678347+00:00,5f7360d3ef2f4fa5a5c552f766b7fb94
2020-10-31,10.63,,ft,Approved,,2025-03-11T20:23:18.678347+00:00,5f7360d3ef2f4fa5a5c552f766b7fb94
2020-11-01,10.74,,ft,Approved,,2025-03-11T20:23:18.678347+00:00,5f7360d3ef2f4fa5a5c552f766b7fb94
2020-11-02,10.86,,ft,Approved,,2025-03-11T20:23:18.678347+00:00,5f7360d3ef2f4fa5a5c552f766b7fb94
2020-11-03,11.11,,ft,Approved,,2025-03-11T20:23:18.678347+00:00,5f7360d3ef2f4fa5a5c552f766b7fb94
2020-11-04,10.71,,ft,Approved,,2025-03-11T20:23:18.678347+00:00,5f7360d3ef2f4fa5a5c552f766b7fb94
2020-11-05,10.77,,ft,Approved,,2025-03-11T20:23:18.678347+00:00,5f7360d3ef2f4fa5a5c552f766b7fb94
2020-11-06,10.79,,ft,Approved,,2025-03-11T20:23:18.678347+00:00,5f7360d3ef2f4fa5a5c552f766b7fb94
2020-11-07,10.76,,ft,Approved,,2025-03-11T20:23:18.678347+00:00,5f7360d3ef2f4fa5a5c552f766b7fb94
2020-11-08,10.77,,ft,Approved,,2025-03-11T20:23:18.678347+00:00,5f7360d3ef2f4fa5a5c552f766b7fb94
2020-11-09,10.68,,ft,Approved,,2025-03-11T20:23:18.678347+00:00,5f7360d3ef2f4fa5a5c552f766b7fb94
2020-11-10,10.98,,ft,Approved,,2025-03-11T20:23:18.678347+00:00,5f7360d3ef2f4fa5a5c552f766b7fb94
2020-11-11,10.76,,ft,Approved,,2025-03-11T20:23:18.678347+00:00,5f7360d3ef2f4fa5a5c552f766b7fb94
2020-11-12,10.71,,ft,Approved,,2025-03-11T20:23:18.678347+00:00,5f7360d3ef2f4fa5a5c552f766b7fb94
2020-11-13,10.75,,ft,Approved,,2025-03-11T20:23:18.678347+00:00,5f7360d3ef2f4fa5a5c552f766b7fb94
2020-11-14,10.76,,ft,Approved,,2025-03-11T20:23:18.678347+00:00,5f7360d3ef2f4fa5a5c552f766b7fb94
2020-11-15,10.85,,ft,Approved,,2025-03-11T20:23:18.678347+00:00,5f7360d3ef2f4fa5a5c552f766b7fb94
2020-11-16,10.83,,ft,Approved,,2025-03-11T20:23:18.678347+00:00,5f7360d3ef2f4fa5a5c552f766b7fb94
2020-11-17,10.7,,ft,Approved,,2025-03-11T20:23:18.678347+00:00,5f7360d3ef2f4fa5a5c552f766b7fb94
2020-11-18,10.61,,ft,Approved,,2025-03-11T20:23:18.678347+00:00,5f7360d3ef2f4fa5a5c552f766b7fb94
2020-11-19,10.55,,ft,Approved,,2025-03-11T20:23:18.678347+00:00,5f7360d3ef2f4fa5a5c552f766b7fb94
2020-11-20,10.57,,ft,Approved,,2025-03-11T20:23:18.678347+00:00,5f7360d3ef2f4fa5a5c552f766b7fb94
2020-11-21,10.54,,ft,Approved,,2025-03-11T20:23:18.678347+00:00,5f7360d3ef2f4fa5a5c552f766b7fb94
2020-11-22,10.68,,ft,Approved,,2025-03-11T20:23:18.678347+00:00,5f7360d3ef2f4fa5a5c552f766b7fb94
2020-11-23,10.71,,ft,Approved,,2025-03-11T20:23:18.678347+00:00,5f7360d3ef2f4fa5a5c552f766b7fb94
2020-11-24,11.02,,ft,Approved,,2025-03-11T20:23:18.678347+00:00,5f7360d3ef2f4fa5a5c552f766b7fb94
2020-11-25,10.76,,ft,Approved,,2025-03-11T20:23:18.678347+00:00,5f7360d3ef2f4fa5a5c552f766b7fb94
2020-11-26,10.73,,ft,Approved,,2025-03-11T20:23:18.678347+00:00,5f7360d3ef2f4fa5a5c552f766b7fb94
2020-11-27,10.8,,ft,Approved,,2025-03-11T20:23:18.678347+00:00,5f7360d3ef2f4fa5a5c552f766b7fb94
2020-11-28,10.8,,ft,Approved,,2025-03-11T20:23:18.678347+00:00,5f7360d3ef2f4fa5a5c552f766b7fb94
2020-11-29,11.09,,ft,Approved,,2025-03-11T20:23:18.678347+00:00,5f7360d3ef2f4fa5a5c552f766b7fb94
2020-11-30,10.65,,ft,Approved,,2025-03-11T20:23:18.678347+00:00,5f7360d3ef2f4fa5a5c552f766b7fb94
2020-12-01,10.88,,ft,Approved,,2025-03-11T20:23:18.678347+00:00,5f7360d3ef2f4fa5a5c552f766b7fb94
2020-12-02,10.89,,ft,Approved,,2025-03-11T20:23:18.678347+00:00,5f7360d3ef2f4fa5a5c552f766b7fb94
2020-12-03,10.73,,ft,Approved,,2025-03-11T20:23:18.678347+00:00,5f7360d3ef2f4fa5a5c552f766b7fb94
2020-12-04,10.73,,ft,Approved,,2025-03-11T20:23:18.678347+00:00,5f7360d3ef2f4fa5a5c552f766b7fb94
2020-12-05,10.82,,ft,Approved,,2025-03-11T20:23:18.678347+00:00,5f7360d3ef2f4fa5a5c552f766b7fb94
2020-12-06,10.75,,ft,Approved,,2025-03-11T20:23:18.678347+00:00,5f7360d3ef2f4fa5a5c552f766b7fb94
2020-12-07,10.75,,ft,Approved,,2025-03-11T20:23:18.678347+00:00,5f7360d3ef2f4fa5a5c552f766b7fb94
2020-12-08,10.74,,ft,Approved,,2025-03-11T20:23:18.678347+00:00,5f7360d3ef2f4fa5a5c552f766b7fb94
2020-12-09,10.75,,ft,Approved,,2025-03-11T20:23:18.678347+00:00,5f7360d3ef2f4fa5a5c552f766b7fb94
2020-12-10,10.74,,ft,Approved,,2025-03-11T20:23:18.678347+00:00,5f7360d3ef2f4fa5a5c552f766b7fb94
2020-12-11,10.85,,ft,Approved,,2025-03-11T20:23:18.678347+00:00,5f7360d3ef2f4fa5a5c552f766b7fb94
2020-12-12,10.72,,ft,Approved,,2025-03-11T20:23:18.678347+00:00,5f7360d3ef2f4fa5a5c552f766b7fb94
2020-12-13,10.8,,ft,Approved,,2025-03-11T20:23:18.678347+00:00,5f7360d3ef2f4fa5a5c552f766b7fb94
2020-12-14,10.75,,ft,Approved,,2025-03-11T20:23:18.678347+00:00,5f7360d3ef2f4fa5a5c552f766b7fb94
2020-12-15,10.79,,ft,Approved,,2025-03-11T20:23:18.678347+00:00,5f7360d3ef2f4fa5a5c552f766b7fb94
2020-12-16,10.8,,ft,Approved,,2025-03-11T20:23:18.678347+00:00,5f7360d3ef2f4fa5a5c552f766b7fb94
2020-12-17,10.79,,ft,Approved,,2025-03-11T20:23:18.678347+00:00,5f7360d3ef2f4fa5a5c552f766b7fb94
2020-12-18,10.79,,ft,Approved,,2025-03-11T20:23:18.678347+00:00,5f7360d3ef2f4fa5a5c552f766b7fb94
2020-12-19,11.61,,ft,Approved,,2025-03-11T20:23:18.678347+00:00,5f7360d3ef2f4fa5a5c552f766b7fb94
2020-12-20,11.09,,ft,Approved,,2025-03-11T20:23:18.678347+00:00,5f7360d3ef2f4fa5a5c552f766b7fb94
2020-12-21,10.84,,ft,Approved,,2025-03-11T20:23:18.678347+00:00,5f7360d3ef2f4fa5a5c552f766b7fb94
2020-12-22,10.83,,ft,Approved,,2025-03-11T20:23:18.678347+00:00,5f7360d3ef2f4fa5a5c552f766b7fb94
2020-12-23,10.9,,ft,Approved,,2025-03-11T20:23:18.678347+00:00,5f7360d3ef2f4fa5a5c552f766b7fb94
2020-12-24,10.76,,ft,Approved,,2025-03-11T20:23:18.678347+00:00,5f7360d3ef2f4fa5a5c552f766b7fb94
2020-12-25,10.77,,ft,Approved,,2025-03-11T20:23:18.678347+00:00,5f7360d3ef2f4fa5a5c552f766b7fb94
2020-12-26,10.78,,ft,Approved,,2025-03-11T20:23:18.678347+00:00,5f7360d3ef2f4fa5a5c552f766b7fb94
2020-12-27,10.85,,ft,Approved,,2025-03-11T20:23:18.678347+00:00,5f7360d3ef2f4fa5a5c552f766b7fb94
2020-12-28,10.77,,ft,Approved,,2025-03-11T20:23:18.678347+00:00,5f7360d3ef2f4fa5a5c552f766b7fb94
2020-12-29,11.05,,ft,Approved,,2025-03-11T20:23:18.678347+00:00,5f7360d3ef2f4fa5a5c552f766b7fb94
2020-12-30,11.32,,ft,Approved,,2025-03-11T20:23:18.678347+00:00,5f7360d3ef2f4fa5a5c552f766b7fb94
2020-12-31,12.59,,ft,Approved,,2025-03-11T20:23:18.678347+00:00,5f7360d3ef2f4fa5a5c552f766b7fb94
2021-01-01,11.56,,ft,Approved,,2025-03-11T20:23:18.678347+00:00,5f7360d3ef2f4fa5a5c552f766b7fb94
2021-01-02,10.95,,ft,Approved,,2025-03-11T20:23:18.678347+00:00,5f7360d3ef2f4fa5a5c552f766b7fb94
2021-01-03,11.05,,ft,Approved,,2025-03-11T20:23:18.678347+00:00,5f7360d3ef2f4fa5a5c552f766b7fb94
2021-01-04,10.94,,ft,Approved,,2025-03-11T20:23:18.678347+00:00,5f7360d3ef2f4fa5a5c552f766b7fb94
2021-01-05,10.85,,ft,Approved,,2025-03-11T20:23:18.678347+00:00,5f7360d3ef2f4fa5a5c552f766b7fb94
2021-01-06,11.35,,ft,Approved,,2025-03-11T20:23:18.678347+00:00,5f7360d3ef2f4fa5a5c552f766b7fb94
2021-01-07,11.21,,ft,Approved,,2025-03-11T20:23:18.678347+00:00,5f7360d3ef2f4fa5a5c552f766b7fb94
2021-01-08,10.95,,ft,Approved,,2025-03-11T20:23:18.678347+00:00,5f7360d3ef2f4fa5a5c552f766b7fb94
2021-01-09,10.72,,ft,Approved,,2025-03-11T20:23:18.678347+00:00,5f7360d3ef2f4fa5a5c552f766b7fb94
2021-01-10,11.27,,ft,Approved,,2025-03-11T20:23:18.678347+00:00,5f7360d3ef2f4fa5a5c552f766b7fb94
2021-01-11,11.2,,ft,Approved,,2025-03-11T20:23:18.678347+00:00,5f7360d3ef2f4fa5a5c552f766b7fb94
2021-01-12,10.99,,ft,Approved,,2025-03-11T20:23:18.678347+00:00,5f7360d3ef2f4fa5a5c552f766b7fb94
2021-01-13,10.82,,ft,Approved,,2025-03-11T20:23:18.678347+00:00,5f7360d3ef2f4fa5a5c552f766b7fb94
2021-01-14,10.78,,ft,Approved,,2025-03-11T20:23:18.678347+00:00,5f7360d3ef2f4fa5a5c552f766b7fb94
2021-01-15,10.81,,ft,Approved,,2025-03-11T20:23:18.678347+00:00,5f7360d3ef2f4fa5a5c552f766b7fb94
2021-01-16,10.77,,ft,Approved,,2025-03-11T20:23:18.678347+00:00,5f7360d3ef2f4fa5a5c552f766b7fb94
2021-01-17,10.88,,ft,Approved,,2025-03-11T20:23:18.678347+00:00,5f7360d3ef2f4fa5a5c552f766b7fb94
2021-01-18,10.95,,ft,Approved,,2025-03-11T20:23:18.678347+00:00,5f7360d3ef2f4fa5a5c552f766b7fb94
2021-01-19,10.9,,ft,Approved,,2025-03-11T20:23:18.678347+00:00,5f7360d3ef2f4fa5a5c552f766b7fb94
2021-01-20,10.95,,ft,Approved,,2025-03-11T20:23:18.678347+00:00,5f7360d3ef2f4fa5a5c552f766b7fb94
2021-01-21,10.84,,ft,Approved,,2025-03-11T20:23:18.678347+00:00,5f7360d3ef2f4fa5a5c552f766b7fb94
2021-01-22,10.97,,ft,Approved,,2025-03-11T20:23:18.678347+00:00,5f7360d3ef2f4fa5a5c552f766b7fb94
2021-01-23,10.83,,ft,Approved,,2025-03-11T20:23:18.678347+00:00,5f7360d3ef2f4fa5a5c552f766b7fb94
2021-01-24,10.9,,ft,Approved,,2025-03-11T20:23:18.678347+00:00,5f7360d3ef2f4fa5a5c552f766b7fb94
2021-01-25,10.89,,ft,Approved,,2025-03-11T20:23:18.678347+00:00,5f7360d3ef2f4fa5a5c552f766b7fb94
2021-01-26,10.8,,ft,Approved,,2025-03-11T20:23:18.678347+00:00,5f7360d3ef2f4fa5a5c552f766b7fb94
2021-01-27,10.9,,ft,Approved,,2025-03-11T20:23:18.678347+00:00,5f7360d3ef2f4fa5a5c552f766b7fb94
2021-01-28,10.77,,ft,Approved,,2025-03-11T20:23:18.678347+00:00,5f7360d3ef2f4fa5a5c552f766b7fb94
2021-01-29,11.08,,ft,Approved,,2025-03-11T20:23:18.678347+00:00,5f7360d3ef2f4fa5a5c552f766b7fb94
2021-01-30,11.07,,ft,Approved,,2025-03-11T20:23:18.678347+00:00,5f7360d3ef2f4fa5a5c552f766b7fb94
2021-01-31,10.82,,ft,Approved,,2025-03-11T20:23:18.678347+00:00,5f7360d3ef2f4fa5a5c552f766b7fb94
2021-02-01,11.07,,ft,Approved,,2025-03-11T20:23:18.678347+00:00,5f7360d3ef2f4fa5a5c552f766b7fb94
2021-02-02,11.06,,ft,Approved,,2025-03-11T20:23:18.678347+00:00,5f7360d3ef2f4fa5a5c552f766b7fb94
2021-02-03,11.09,,ft,Approved,,2025-03-11T20:23:18.678347+00:00,5f7360d3ef2f4fa5a5c552f766b7fb94
2021-02-04,11.23,,ft,Approved,,2025-03-11T20:23:18.678347+00:00,5f7360d3ef2f4fa5a5c552f766b7fb94
2021-02-05,11.31,,ft,Approved,,2025-03-11T20:23:18.678347+00:00,5f7360d3ef2f4fa5a5c552f766b7fb94
2021-02-06,11.18,,ft,Approved,,2025-03-11T20:23:18.678347+00:00,5f7360d3ef2f4fa5a5c552f766b7fb94
2021-02-07,11.27,,ft,Approved,,2025-03-11T20:23:18.678347+00:00,5f7360d3ef2f4fa5a5c552f766b7fb94
2021-02-08,11.22,,ft,Approved,,2025-03-11T20:23:18.678347+00:00,5f7360d3ef2f4fa5a5c552f766b7fb94
2021-02-09,11.2,,ft,Approved,,2025-03-11T20:23:18.678347+00:00,5f7360d3ef2f4fa5a5c552f766b7fb94
2021-02-10,11.07,,ft,Approved,,2025-03-11T20:23:18.678347+00:00,5f7360d3ef2f4fa5a5c552f766b7fb94
2021-02-11,11.19,,ft,Approved,,2025-03-11T20:23:18.678347+00:00,5f7360d3ef2f4fa5a5c552f766b7fb94
2021-02-12,11.46,,ft,Approved,,2025-03-11T20:23:18.678347+00:00,5f7360d3ef2f4fa5a5c552f766b7fb94
2021-02-13,11.1,,ft,Approved,,2025-03-11T20:23:18.678347+00:00,5f7360d3ef2f4fa5a5c552f766b7fb94
2021-02-14,11.22,,ft,Approved,,2025-03-11T20:23:18.678347+00:00,5f7360d3ef2f4fa5a5c552f766b7fb94
2021-02-15,12.75,,ft,Approved,,2025-03-11T20:23:18.678347+00:00,5f7360d3ef2f4fa5a5c552f766b7fb94
2021-02-16,10.73,,ft,Approved,,2025-03-11T20:23:18.678347+00:00,5f7360d3ef2f4fa5a5c552f766b7fb94
2021-02-17,11.03,,ft,Approved,,2025-03-11T20:23:18.678347+00:00,5f7360d3ef2f4fa5a5c552f766b7fb94
2021-02-18,10.86,,ft,Approved,,2025-03-11T20:23:18.678347+00:00,5f7360d3ef2f4fa5a5c552f766b7fb94
2021-02-19,10.79,,ft,Approved,,2025-03-11T20:23:18.678347+00:00,5f7360d3ef2f4fa5a5c552f766b7fb94
2021-02-20,10.98,,ft,Approved,,2025-03-11T20:23:18.678347+00:00,5f7360d3ef2f4fa5a5c552f766b7fb94
2021-02-21,11.1,,ft,Approved,,2025-03-11T20:23:18.678347+00:00,5f7360d3ef2f4fa5a5c552f766b7fb94
2021-02-22,11.01,,ft,Approved,,2025-03-11T20:23:18.678347+00:00,5f7360d3ef2f4fa5a5c552f766b7fb94
2021-02-23,11.04,,ft,Approved,,2025-03-11T20:23:18.678347+00:00,5f7360d3ef2f4fa5a5c552f766b7fb94
2021-02-24,11.01,,ft,Approved,,2025-03-11T20:23:18.678347+00:00,5f7360d3ef2f4fa5a5c552f766b7fb94
2021-02-25,10.82,,ft,Approved,,2025-03-11T20:23:18.678347+00:00,5f7360d3ef2f4fa5a5c552f766b7fb94
2021-02-26,10.71,,ft,Approved,,2025-03-11T20:23:18.678347+00:00,5f7360d3ef2f4fa5a5c552f766b7fb94
2021-02-27,10.89,,ft,Approved,,2025-03-11T20:23:18.678347+00:00,5f7360d3ef2f4fa5a5c552f766b7fb94
2021-02-28,10.97,,ft,Approved,,2025-03-11T20:23:18.678347+00:00,5f7360d3ef2f4fa5a5c552f766b7fb94
2021-03-01,11.01,,ft,Approved,,2025-03-11T20:23:18.678347+00:00,5f7360d3ef2f4fa5a5c552f766b7fb94
2021-03-02,10.89,,ft,Approved,,2025-03-11T20:23:18.678347+00:00,5f7360d3ef2f4fa5a5c552f766b7fb94
2021-03-03,10.63,,ft,Approved,,2025-03-11T20:23:18.678347+00:00,5f7360d3ef2f4fa5a5c552f766b7fb94
2021-03-04,11.08,,ft,Approved,,2025-03-11T20:23:18.678347+00:00,5f7360d3ef2f4fa5a5c552f766b7fb94
2021-03-05,11.07,,ft,Approved,,2025-03-11T20:23:18.678347+00:00,5f7360d3ef2f4fa5a5c552f766b7fb94
2021-03-06,11.16,,ft,Approved,,2025-03-11T20:23:18.678347+00:00,5f7360d3ef2f4fa5a5c552f766b7fb94
2021-03-07,11.14,,ft,Approved,,2025-03-11T20:23:18.678347+00:00,5f7360d3ef2f4fa5a5c552f766b7fb94
2021-03-08,11.1,,ft,Approved,,2025-03-11T20:23:18.678347+00:00,5f7360d3ef2f4fa5a5c552f766b7fb94
2021-03-09,10.82,,ft,Approved,,2025-03-11T20:23:18.678347+00:00,5f7360d3ef2f4fa5a5c552f766b7fb94
2021-03-10,11.06,,ft,Approved,,2025-03-11T20:23:18.678347+00:00,5f7360d3ef2f4fa5a5c552f766b7fb94
2021-03-11,11.07,,ft,Approved,,2025-03-11T20:23:18.678347+00:00,5f7360d3ef2f4fa5a5c552f766b7fb94
2021-03-12,11.09,,ft,Approved,,2025-03-11T20:23:18.678347+00:00,5f7360d3ef2f4fa5a5c552f766b7fb94
2021-03-13,11.34,,ft,Approved,,2025-03-11T20:23:18.678347+00:00,5f7360d3ef2f4fa5a5c552f766b7fb94
2021-03-14,11.1,,ft,Approved,,2025-03-11T20:23:18.678347+00:00,5f7360d3ef2f4fa5a5c552f766b7fb94
2021-03-15,11.29,,ft,Approved,,2025-03-11T20:23:18.678347+00:00,5f7360d3ef2f4fa5a5c552f766b7fb94
2021-03-16,11.07,,ft,Approved,,2025-03-11T20:23:18.678347+00:00,5f7360d3ef2f4fa5a5c552f766b7fb94
2021-03-17,11.17,,ft,Approved,,2025-03-11T20:23:18.678347+00:00,5f7360d3ef2f4fa5a5c552f766b7fb94
2021-03-18,11.11,,ft,Approved,,2025-03-11T20:23:18.678347+00:00,5f7360d3ef2f4fa5a5c552f766b7fb94
2021-03-19,11.11,,ft,Approved,,2025-03-11T20:23:18.678347+00:00,5f7360d3ef2f4fa5a5c552f766b7fb94
2021-03-20,11.09,,ft,Approved,,2025-03-11T20:23:18.678347+00:00,5f7360d3ef2f4fa5a5c552f766b7fb94
2021-03-21,11.11,,ft,Approved,,2025-03-11T20:23:18.678347+00:00,5f7360d3ef2f4fa5a5c552f766b7fb94
2021-03-22,11.11,,ft,Approved,,2025-03-11T20:23:18.678347+00:00,5f7360d3ef2f4fa5a5c552f766b7fb94
2021-03-23,11.74,,ft,Approved,,2025-03-11T20:23:18.678347+00:00,5f7360d3ef2f4fa5a5c552f766b7fb94
2021-03-24,11.17,,ft,Approved,,2025-03-11T20:23:18.678347+00:00,5f7360d3ef2f4fa5a5c552f766b7fb94
2021-03-25,11.39,,ft,Approved,,2025-03-11T20:23:18.678347+00:00,5f7360d3ef2f4fa5a5c552f766b7fb94
2021-03-26,11.19,,ft,Approved,,2025-03-11T20:23:18.678347+00:00,5f7360d3ef2f4fa5a5c552f766b7fb94
2021-03-27,10.99,,ft,Approved,,2025-03-11T20:23:18.678347+00:00,5f7360d3ef2f4fa5a5c552f766b7fb94
2021-03-28,10.96,,ft,Approved,,2025-03-11T20:23:18.678347+00:00,5f7360d3ef2f4fa5a5c552f766b7fb94
2021-03-29,10.89,,ft,Approved,,2025-03-11T20:23:18.678347+00:00,5f7360d3ef2f4fa5a5c552f766b7fb94
2021-03-30,10.87,,ft,Approved,,2025-03-11T20:23:18.678347+00:00,5f7360d3ef2f4fa5a5c552f766b7fb94
2021-03-31,10.87,,ft,Approved,,2025-03-11T20:23:18.678347+00:00,5f7360d3ef2f4fa5a5c552f766b7fb94
2021-04-01,11.03,,ft,Approved,,2025-03-11T20:23:18.678347+00:00,5f7360d3ef2f4fa5a5c552f766b7fb94
2021-04-02,11.1,,ft,Approved,,2025-03-11T20:23:18.678347+00:00,5f7360d3ef2f4fa5a5c552f766b7fb94
2021-04-03,11.99,,ft,Approved,,2025-03-11T20:23:18.678347+00:00,5f7360d3ef2f4fa5a5c552f766b7fb94
2021-04-04,11.85,,ft,Approved,,2025-03-11T20:23:18.678347+00:00,5f7360d3ef2f4fa5a5c552f766b7fb94
2021-04-05,11.93,,ft,Approved,,2025-03-11T20:23:18.678347+00:00,5f7360d3ef2f4fa5a5c552f766b7fb94
2021-04-06,12.15,,ft,Approved,,2025-03-11T20:23:18.678347+00:00,5f7360d3ef2f4fa5a5c552f766b7fb94
2021-04-07,12.0,,ft,Approved,,2025-03-11T20:23:18.678347+00:00,5f7360d3ef2f4fa5a5c552f766b7fb94
2021-04-08,12.38,,ft,Approved,,2025-03-11T20:23:18.678347+00:00,5f7360d3ef2f4fa5a5c552f766b7fb94
2021-04-09,12.18,,ft,Approved,,2025-03-11T20:23:18.678347+00:00,5f7360d3ef2f4fa5a5c552f766b7fb94
2021-04-10,12.31,,ft,Approved,,2025-03-11T20:23:18.678347+00:00,5f7360d3ef2f4fa5a5c552f766b7fb94
2021-04-11,12.44,,ft,Approved,,2025-03-11T20:23:18.678347+00:00,5f7360d3ef2f4fa5a5c552f766b7fb94
2021-04-12,12.43,,ft,Approved,,2025-03-11T20:23:18.678347+00:00,5f7360d3ef2f4fa5a5c552f766b7fb94
2021-04-13,12.57,,ft,Approved,,2025-03-11T20:23:18.678347+00:00,5f7360d3ef2f4fa5a5c552f766b7fb94
2021-04-14,12.63,,ft,Approved,,2025-03-11T20:23:18.678347+00:00,5f7360d3ef2f4fa5a5c552f766b7fb94
2021-04-15,12.81,,ft,Approved,,2025-03-11T20:23:18.678347+00:00,5f7360d3ef2f4fa5a5c552f766b7fb94
2021-04-16,12.84,,ft,Approved,,2025-03-11T20:23:18.678347+00:00,5f7360d3ef2f4fa5a5c552f766b7fb94
2021-04-17,12.79,,ft,Approved,,2025-03-11T20:23:18.678347+00:00,5f7360d3ef2f4fa5a5c552f766b7fb94
2021-04-18,12.85,,ft,Approved,,2025-03-11T20:23:18.678347+00:00,5f7360d3ef2f4fa5a5c552f766b7fb94
2021-04-19,12.78,,ft,Approved,,2025-03-11T20:23:18.678347+00:00,5f7360d3ef2f4fa5a5c552f766b7fb94
2021-04-20,12.48,,ft,Approved,,2025-03-11T20:23:18.678347+00:00,5f7360d3ef2f4fa5a5c552f766b7fb94
2021-04-21,12.33,,ft,Approved,,2025-03-11T20:23:18.678347+00:00,5f7360d3ef2f4fa5a5c552f766b7fb94
2021-04-22,11.99,,ft,Approved,,2025-03-11T20:23:18.678347+00:00,5f7360d3ef2f4fa5a5c552f766b7fb94
2021-04-23,12.08,,ft,Approved,,2025-03-11T20:23:18.678347+00:00,5f7360d3ef2f4fa5a5c552f766b7fb94
2021-04-24,11.85,,ft,Approved,,2025-03-11T20:23:18.678347+00:00,5f7360d3ef2f4fa5a5c552f766b7fb94
2021-04-25,11.65,,ft,Approved,,2025-03-11T20:23:18.678347+00:00,5f7360d3ef2f4fa5a5c552f766b7fb94
2021-04-26,11.76,,ft,Approved,,2025-03-11T20:23:18.678347+00:00,5f7360d3ef2f4fa5a5c552f766b7fb94
2021-04-27,11.14,,ft,Approved,,2025-03-11T20:23:18.678347+00:00,5f7360d3ef2f4fa5a5c552f766b7fb94
2021-04-28,11.6,,ft,Approved,,2025-03-11T20:23:18.678347+00:00,5f7360d3ef2f4fa5a5c552f766b7fb94
2021-04-29,12.17,,ft,Approved,,2025-03-11T20:23:18.678347+00:00,5f7360d3ef2f4fa5a5c552f766b7fb94
2021-04-30,11.65,,ft,Approved,,2025-03-11T20:23:18.678347+00:00,5f7360d3ef2f4fa5a5c552f766b7fb94
2021-05-01,14.06,,ft,Approved,,2025-03-11T20:23:18.678347+00:00,5f7360d3ef2f4fa5a5c552f766b7fb94
2021-05-02,12.32,,ft,Approved,,2025-03-11T20:23:18.678347+00:00,5f7360d3ef2f4fa5a5c552f766b7fb94
2021-05-03,11.46,,ft,Approved,,2025-03-11T20:23:18.678347+00:00,5f7360d3ef2f4fa5a5c552f766b7fb94
2021-05-04,11.28,,ft,Approved,,2025-03-11T20:23:18.678347+00:00,5f7360d3ef2f4fa5a5c552f766b7fb94
2021-05-05,11.06,,ft,Approved,,2025-03-11T20:23:18.678347+00:00,5f7360d3ef2f4fa5a5c552f766b7fb94
2021-05-06,10.93,,ft,Approved,,2025-03-11T20:23:18.678347+00:00,5f7360d3ef2f4fa5a5c552f766b7fb94
2021-05-07,10.97,,ft,Approved,,2025-03-11T20:23:18.678347+00:00,5f7360d3ef2f4fa5a5c552f766b7fb94
2021-05-08,11.86,,ft,Approved,,2025-03-11T20:23:18.678347+00:00,5f7360d3ef2f4fa5a5c552f766b7fb94
2021-05-09,11.94,,ft,Approved,,2025-03-11T20:23:18.678347+00:00,5f7360d3ef2f4fa5a5c552f766b7fb94
2021-05-10,11.9,,ft,Approved,,2025-03-11T20:23:18.678347+00:00,5f7360d3ef2f4fa5a5c552f766b7fb94
2021-05-11,11.98,,ft,Approved,,2025-03-11T20:23:18.678347+00:00,5f7360d3ef2f4fa5a5c552f766b7fb94
2021-05-12,12.01,,ft,Approved,,2025-03-11T20:23:18.678347+00:00,5f7360d3ef2f4fa5a5c552f766b7fb94
2021-05-13,11.96,,ft,Approved,,2025-03-11T20:23:18.678347+00:00,5f7360d3ef2f4fa5a5c552f766b7fb94
2021-05-14,12.07,,ft,Approved,,2025-03-11T20:23:18.678347+00:00,5f7360d3ef2f4fa5a5c552f766b7fb94
2021-05-15,12.3,,ft,Approved,,2025-03-11T20:23:18.678347+00:00,5f7360d3ef2f4fa5a5c552f766b7fb94
2021-05-16,12.72,,ft,Approved,,2025-03-11T20:23:18.678347+00:00,5f7360d3ef2f4fa5a5c552f766b7fb94
2021-05-17,12.45,,ft,Approved,,2025-03-11T20:23:18.678347+00:00,5f7360d3ef2f4fa5a5c552f766b7fb94
2021-05-18,11.53,,ft,Approved,,2025-03-11T20:23:18.678347+00:00,5f7360d3ef2f4fa5a5c552f766b7fb94
2021-05-19,11.3,,ft,Approved,,2025-03-11T20:23:18.678347+00:00,5f7360d3ef2f4fa5a5c552f766b7fb94
2021-05-20,10.94,,ft,Approved,,2025-03-11T20:23:18.678347+00:00,5f7360d3ef2f4fa5a5c552f766b7fb94
2021-05-21,10.86,,ft,Approved,,2025-03-11T20:23:18.678347+00:00,5f7360d3ef2f4fa5a5c552f766b7fb94
2021-05-22,11.48,,ft,Approved,,2025-03-11T20:23:18.678347+00:00,5f7360d3ef2f4fa5a5c552f766b7fb94
2021-05-23,11.49,,ft,Approved,,2025-03-11T20:23:18.678347+00:00,5f7360d3ef2f4fa5a5c552f766b7fb94
2021-05-24,11.4,,ft,Approved,,2025-03-11T20:23:18.678347+00:00,5f7360d3ef2f4fa5a5c552f766b7fb94
2021-05-25,11.64,,ft,Approved,,2025-03-11T20:23:18.678347+00:00,5f7360d3ef2f4fa5a5c552f766b7fb94
2021-05-26,11.58,,ft,Approved,,2025-03-11T20:23:18.678347+00:00,5f7360d3ef2f4fa5a5c552f766b7fb94
2021-05-27,11.36,,ft,Approved,,2025-03-11T20:23:18.678347+00:00,5f7360d3ef2f4fa5a5c552f766b7fb94
2021-05-28,12.16,,ft,Approved,,2025-03-11T20:23:18.678347+00:00,5f7360d3ef2f4fa5a5c552f766b7fb94
2021-05-29,12.62,,ft,Approved,,2025-03-11T20:23:18.678347+00:00,5f7360d3ef2f4fa5a5c552f766b7fb94
2021-05-30,12.18,,ft,Approved,,2025-03-11T20:23:18.678347+00:00,5f7360d3ef2f4fa5a5c552f766b7fb94
2021-05-31,12.14,,ft,Approved,,2025-03-11T20:23:18.678347+00:00,5f7360d3ef2f4fa5a5c552f766b7fb94
2021-06-01,13.21,,ft,Approved,,2025-03-11T20:23:18.678347+00:00,5f7360d3ef2f4fa5a5c552f766b7fb94
2021-06-02,12.11,,ft,Approved,,2025-03-11T20:23:18.678347+00:00,5f7360d3ef2f4fa5a5c552f766b7fb94
2021-06-03,15.24,,ft,Approved,,2025-03-11T20:23:18.678347+00:00,5f7360d3ef2f4fa5a5c552f766b7fb94
2021-06-04,13.93,,ft,Approved,,2025-03-11T20:23:18.678347+00:00,5f7360d3ef2f4fa5a5c552f766b7fb94
2021-06-05,12.9,,ft,Approved,,2025-03-11T20:23:18.678347+00:00,5f7360d3ef2f4fa5a5c552f766b7fb94
2021-06-06,13.13,,ft,Approved,,2025-03-11T20:23:18.678347+00:00,5f7360d3ef2f4fa5a5c552f766b7fb94
2021-06-07,12.53,,ft,Approved,,2025-03-11T20:23:18.678347+00:00,5f7360d3ef2f4fa5a5c552f766b7fb94
2021-06-08,11.79,,ft,Approved,,2025-03-11T20:23:18.678347+00:00,5f7360d3ef2f4fa5a5c552f766b7fb94
2021-06-09,11.65,,ft,Approved,,2025-03-11T20:23:18.678347+00:00,5f7360d3ef2f4fa5a5c552f766b7fb94
2021-06-10,11.6,,ft,Approved,,2025-03-11T20:23:18.678347+00:00,5f7360d3ef2f4fa5a5c552f766b7fb94
2021-06-11,11.46,,ft,Approved,,2025-03-11T20:23:18.678347+00:00,5f7360d3ef2f4fa5a5c552f766b7fb94
2021-06-12,11.84,,ft,Approved,,2025-03-11T20:23:18.678347+00:00,5f7360d3ef2f4fa5a5c552f766b7fb94
2021-06-13,11.92,,ft,Approved,,2025-03-11T20:23:18.678347+00:00,5f7360d3ef2f4fa5a5c552f766b7fb94
2021-06-14,11.89,,ft,Approved,,2025-03-11T20:23:18.678347+00:00,5f7360d3ef2f4fa5a5c552f766b7fb94
2021-06-15,12.0,,ft,Approved,,2025-03-11T20:23:18.678347+00:00,5f7360d3ef2f4fa5a5c552f766b7fb94
2021-06-16,11.91,,ft,Approved,,2025-03-11T20:23:18.678347+00:00,5f7360d3ef2f4fa5a5c552f766b7fb94
2021-06-17,11.52,,ft,Approved,,2025-03-11T20:23:18.678347+00:00,5f7360d3ef2f4fa5a5c552f766b7fb94
2021-06-18,11.67,,ft,Approved,,2025-03-11T20:23:18.678347+00:00,5f7360d3ef2f4fa5a5c552f766b7fb94
2021-06-19,11.82,,ft,Approved,,2025-03-11T20:23:18.678347+00:00,5f7360d3ef2f4fa5a5c552f766b7fb94
2021-06-20,11.67,,ft,Approved,,2025-03-11T20:23:18.678347+00:00,5f7360d3ef2f4fa5a5c552f766b7fb94
2021-06-21,11.48,,ft,Approved,,2025-03-11T20:23:18.678347+00:00,5f7360d3ef2f4fa5a5c552f766b7fb94
2021-06-22,11.56,,ft,Approved,,2025-03-11T20:23:18.678347+00:00,5f7360d3ef2f4fa5a5c552f766b7fb94
2021-06-23,11.6,,ft,Approved,,2025-03-11T20:23:18.678347+00:00,5f7360d3ef2f4fa5a5c552f766b7fb94
2021-06-24,11.46,,ft,Approved,,2025-03-11T20:23:18.678347+00:00,5f7360d3ef2f4fa5a5c552f766b7fb94
2021-06-25,11.39,,ft,Approved,,2025-03-11T20:23:18.678347+00:00,5f7360d3ef2f4fa5a5c552f766b7fb94
2021-06-26,11.52,,ft,Approved,,2025-03-11T20:23:18.678347+00:00,5f7360d3ef2f4fa5a5c552f766b7fb94
2021-06-27,11.6,,ft,Approved,,2025-03-11T20:23:18.678347+00:00,5f7360d3ef2f4fa5a5c552f766b7fb94
2021-06-28,11.6,,ft,Approved,,2025-03-11T20:23:18.678347+00:00,5f7360d3ef2f4fa5a5c552f766b7fb94
2021-06-29,12.05,,ft,Approved,,2025-03-11T20:23:18.678347+00:00,5f7360d3ef2f4fa5a5c552f766b7fb94
2021-06-30,11.6,,ft,Approved,,2025-03-11T20:23:18.678347+00:00,5f7360d3ef2f4fa5a5c552f766b7fb94
2021-07-01,11.46,,ft,Approved,,2025-03-11T20:23:18.678347+00:00,5f7360d3ef2f4fa5a5c552f766b7fb94
2021-07-02,11.75,,ft,Approved,,2025-03-11T20:23:18.678347+00:00,5f7360d3ef2f4fa5a5c552f766b7fb94
2021-07-03,11.63,,ft,Approved,,2025-03-11T20:23:18.678347+00:00,5f7360d3ef2f4fa5a5c552f766b7fb94
2021-07-04,11.92,,ft,Approved,,2025-03-11T20:23:18.678347+00:00,5f7360d3ef2f4fa5a5c552f766b7fb94
2021-07-05,11.9,,ft,Approved,,2025-03-11T20:23:18.678347+00:00,5f7360d3ef2f4fa5a5c552f766b7fb94
2021-07-06,11.29,,ft,Approved,,2025-03-11T20:23:18.678347+00:00,5f7360d3ef2f4fa5a5c552f766b7fb94
2021-07-07,11.26,,ft,Approved,,2025-03-11T20:23:18.678347+00:00,5f7360d3ef2f4fa5a5c552f766b7fb94
2021-07-08,11.11,,ft,Approved,,2025-03-11T20:23:18.678347+00:00,5f7360d3ef2f4fa5a5c552f766b7fb94
2021-07-09,11.27,,ft,Approved,,2025-03-11T20:23:18.678347+00:00,5f7360d3ef2f4fa5a5c552f766b7fb94
2021-07-10,11.57,,ft,Approved,,2025-03-11T20:23:18.678347+00:00,5f7360d3ef2f4fa5a5c552f766b7fb94
2021-07-11,11.07,,ft,Approved,,2025-03-11T20:23:18.678347+00:00,5f7360d3ef2f4fa5a5c552f766b7fb94
2021-07-12,11.08,,ft,Approved,,2025-03-11T20:23:18.678347+00:00,5f7360d3ef2f4fa5a5c552f766b7fb94
2021-07-13,11.54,,ft,Approved,,2025-03-11T20:23:18.678347+00:00,5f7360d3ef2f4fa5a5c552f766b7fb94
2021-07-14,11.85,,ft,Approved,,2025-03-11T20:23:18.678347+00:00,5f7360d3ef2f4fa5a5c552f766b7fb94
2021-07-15,10.97,,ft,Approved,,2025-03-11T20:23:18.678347+00:00,5f7360d3ef2f4fa5a5c552f766b7fb94
2021-07-16,11.25,,ft,Approved,,2025-03-11T20:23:18.678347+00:00,5f7360d3ef2f4fa5a5c552f766b7fb94
2021-07-17,11.2,,ft,Approved,,2025-03-11T20:23:18.678347+00:00,5f7360d3ef2f4fa5a5c552f766b7fb94
2021-07-18,11.42,,ft,Approved,,2025-03-11T20:23:18.678347+00:00,5f7360d3ef2f4fa5a5c552f766b7fb94
2021-07-19,11.77,,ft,Approved,,2025-03-11T20:23:18.678347+00:00,5f7360d3ef2f4fa5a5c552f766b7fb94
2021-07-20,11.8,,ft,Approved,,2025-03-11T20:23:18.678347+00:00,5f7360d3ef2f4fa5a5c552f766b7fb94
2021-07-21,11.7,,ft,Approved,,2025-03-11T20:23:18.678347+00:00,5f7360d3ef2f4fa5a5c552f766b7fb94
2021-07-22,11.46,,ft,Approved,,2025-03-11T20:23:18.678347+00:00,5f7360d3ef2f4fa5a5c552f766b7fb94
2021-07-23,11.28,,ft,Approved,,2025-03-11T20:23:18.678347+00:00,5f7360d3ef2f4fa5a5c552f766b7fb94
2021-07-24,10.91,,ft,Approved,,2025-03-11T20:23:18.678347+00:00,5f7360d3ef2f4fa5a5c552f766b7fb94
2021-07-25,11.24,,ft,Approved,,2025-03-11T20:23:18.678347+00:00,5f7360d3ef2f4fa5a5c552f766b7fb94
2021-07-26,11.23,,ft,Approved,,2025-03-11T20:23:18.678347+00:00,5f7360d3ef2f4fa5a5c552f766b7fb94
2021-07-27,10.87,,ft,Approved,,2025-03-11T20:23:18.678347+00:00,5f7360d3ef2f4fa5a5c552f766b7fb94
2021-07-28,10.89,,ft,Approved,,2025-03-11T20:23:18.678347+00:00,5f7360d3ef2f4fa5a5c552f766b7fb94
2021-07-29,11.17,,ft,Approved,,2025-03-11T20:23:18.678347+00:00,5f7360d3ef2f4fa5a5c552f766b7fb94
2021-07-30,11.36,,ft,Approved,,2025-03-11T20:23:18.678347+00:00,5f7360d3ef2f4fa5a5c552f766b7fb94
2021-07-31,11.3,,ft,Approved,,2025-03-11T20:23:18.678347+00:00,5f7360d3ef2f4fa5a5c552f766b7fb94
2021-08-01,11.45,,ft,Approved,,2025-03-11T20:23:18.678347+00:00,5f7360d3ef2f4fa5a5c552f766b7fb94
2021-08-02,12.02,,ft,Approved,,2025-03-11T20:23:18.678347+00:00,5f7360d3ef2f4fa5a5c552f766b7fb94
2021-08-03,12.06,,ft,Approved,,2025-03-11T20:23:18.678347+00:00,5f7360d3ef2f4fa5a5c552f766b7fb94
2021-08-04,11.52,,ft,Approved,,2025-03-11T20:23:18.678347+00:00,5f7360d3ef2f4fa5a5c552f766b7fb94
2021-08-05,11.61,,ft,Approved,,2025-03-11T20:23:18.678347+00:00,5f7360d3ef2f4fa5a5c552f766b7fb94
2021-08-06,11.74,,ft,Approved,,2025-03-11T20:23:18.678347+00:00,5f7360d3ef2f4fa5a5c552f766b7fb94
2021-08-07,12.04,,ft,Approved,,2025-03-11T20:23:18.678347+00:00,5f7360d3ef2f4fa5a5c552f766b7fb94
2021-08-08,11.87,,ft,Approved,,2025-03-11T20:23:18.678347+00:00,5f7360d3ef2f4fa5a5c552f766b7fb94
2021-08-09,11.82,,ft,Approved,,2025-03-11T20:23:18.678347+00:00,5f7360d3ef2f4fa5a5c552f766b7fb94
2021-08-10,11.75,,ft,Approved,,2025-03-11T20:23:18.678347+00:00,5f7360d3ef2f4fa5a5c552f766b7fb94
2021-08-11,11.73,,ft,Approved,,2025-03-11T20:23:18.678347+00:00,5f7360d3ef2f4fa5a5c552f766b7fb94
2021-08-12,11.72,,ft,Approved,,2025-03-11T20:23:18.678347+00:00,5f7360d3ef2f4fa5a5c552f766b7fb94
2021-08-13,11.7,,ft,Approved,,2025-03-11T20:23:18.678347+00:00,5f7360d3ef2f4fa5a5c552f766b7fb94
2021-08-14,11.81,,ft,Approved,,2025-03-11T20:23:18.678347+00:00,5f7360d3ef2f4fa5a5c552f766b7fb94
2021-08-15,13.15,,ft,Approved,,2025-03-11T20:23:18.678347+00:00,5f7360d3ef2f4fa5a5c552f766b7fb94
2021-08-16,12.09,,ft,Approved,,2025-03-11T20:23:18.678347+00:00,5f7360d3ef2f4fa5a5c552f766b7fb94
2021-08-17,11.9,,ft,Approved,,2025-03-11T20:23:18.678347+00:00,5f7360d3ef2f4fa5a5c552f766b7fb94
2021-08-18,11.87,,ft,Approved,,2025-03-11T20:23:18.678347+00:00,5f7360d3ef2f4fa5a5c552f766b7fb94
2021-08-19,11.84,,ft,Approved,,2025-03-11T20:23:18.678347+00:00,5f7360d3ef2f4fa5a5c552f766b7fb94
2021-08-20,11.92,,ft,Approved,,2025-03-11T20:23:18.678347+00:00,5f7360d3ef2f4fa5a5c552f766b7fb94
2021-08-21,11.99,,ft,Approved,,2025-03-11T20:23:18.678347+00:00,5f7360d3ef2f4fa5a5c552f766b7fb94
2021-08-22,12.21,,ft,Approved,,2025-03-11T20:23:18.678347+00:00,5f7360d3ef2f4fa5a5c552f766b7fb94
2021-08-23,12.15,,ft,Approved,,2025-03-11T20:23:18.678347+00:00,5f7360d3ef2f4fa5a5c552f766b7fb94
2021-08-24,12.42,,ft,Approved,,2025-03-11T20:23:18.678347+00:00,5f7360d3ef2f4fa5a5c552f766b7fb94
2021-08-25,12.61,,ft,Approved,,2025-03-11T20:23:18.678347+00:00,5f7360d3ef2f4fa5a5c552f766b7fb94
2021-08-26,12.62,,ft,Approved,,2025-03-11T20:23:18.678347+00:00,5f7360d3ef2f4fa5a5c552f766b7fb94
2021-08-27,12.64,,ft,Approved,,2025-03-11T20:23:18.678347+00:00,5f7360d3ef2f4fa5a5c552f766b7fb94
2021-08-28,12.74,,ft,Approved,,2025-03-11T20:23:18.678347+00:00,5f7360d3ef2f4fa5a5c552f766b7fb94
2021-08-29,12.75,,ft,Approved,,2025-03-11T20:23:18.678347+00:00,5f7360d3ef2f4fa5a5c552f766b7fb94
2021-08-30,12.64,,ft,Approved,,2025-03-11T20:23:18.678347+00:00,5f7360d3ef2f4fa5a5c552f766b7fb94
2021-08-31,12.66,,ft,Approved,,2025-03-11T20:23:18.678347+00:00,5f7360d3ef2f4fa5a5c552f766b7fb94
2021-09-01,12.83,,ft,Approved,,2025-03-11T20:23:18.678347+00:00,5f7360d3ef2f4fa5a5c552f766b7fb94
2021-09-02,12.61,,ft,Approved,,2025-03-11T20:23:18.678347+00:00,5f7360d3ef2f4fa5a5c552f766b7fb94
2021-09-03,12.49,,ft,Approved,,2025-03-11T20:23:18.678347+00:00,5f7360d3ef2f4fa5a5c552f766b7fb94
2021-09-04,12.67,,ft,Approved,,2025-03-11T20:23:18.678347+00:00,5f7360d3ef2f4fa5a5c552f766b7fb94
2021-09-05,12.64,,ft,Approved,,2025-03-11T20:23:18.678347+00:00,5f7360d3ef2f4fa5a5c552f766b7fb94
2021-09-06,12.48,,ft,Approved,,2025-03-11T20:23:18.678347+00:00,5f7360d3ef2f4fa5a5c552f766b7fb94
2021-09-07,12.49,,ft,Approved,,2025-03-11T20:23:18.678347+00:00,5f7360d3ef2f4fa5a5c552f766b7fb94
2021-09-08,12.23,,ft,Approved,,2025-03-11T20:23:18.678347+00:00,5f7360d3ef2f4fa5a5c552f766b7fb94
2021-09-09,12.21,,ft,Approved,,2025-03-11T20:23:18.678347+00:00,5f7360d3ef2f4fa5a5c552f766b7fb94
2021-09-10,12.24,,ft,Approved,,2025-03-11T20:23:18.678347+00:00,5f7360d3ef2f4fa5a5c552f766b7fb94
2021-09-11,12.23,,ft,Approved,,2025-03-11T20:23:18.678347+00:00,5f7360d3ef2f4fa5a5c552f766b7fb94
2021-09-12,12.22,,ft,Approved,,2025-03-11T20:23:18.678347+00:00,5f7360d3ef2f4fa5a5c552f766b7fb94
2021-09-13,11.84,,ft,Approved,,2025-03-11T20:23:18.678347+00:00,5f7360d3ef2f4fa5a5c552f766b7fb94
2021-09-14,11.99,,ft,Approved,,2025-03-11T20:23:18.678347+00:00,5f7360d3ef2f4fa5a5c552f766b7fb94
2021-09-15,12.01,,ft,Approved,,2025-03-11T20:23:18.678347+00:00,5f7360d3ef2f4fa5a5c552f766b7fb94
2021-09-16,11.97,,ft,Approved,,2025-03-11T20:23:18.678347+00:00,5f7360d3ef2f4fa5a5c552f766b7fb94
2021-09-17,11.77,,ft,Approved,,2025-03-11T20:23:18.678347+00:00,5f7360d3ef2f4fa5a5c552f766b7fb94
2021-09-18,12.02,,ft,Approved,,2025-03-11T20:23:18.678347+00:00,5f7360d3ef2f4fa5a5c552f766b7fb94
2021-09-19,11.97,,ft,Approved,,2025-03-11T20:23:18.678347+00:00,5f7360d3ef2f4fa5a5c552f766b7fb94
2021-09-20,11.92,,ft,Approved,,2025-03-11T20:23:18.678347+00:00,5f7360d3ef2f4fa5a5c552f766b7fb94
2021-09-21,11.94,,ft,Approved,,2025-03-11T20:23:18.678347+00:00,5f7360d3ef2f4fa5a5c552f766b7fb94
2021-09-22,11.94,,ft,Approved,,2025-03-11T20:23:18.678347+00:00,5f7360d3ef2f4fa5a5c552f766b7fb94
2021-09-23,12.04,,ft,Approved,,2025-03-11T20:23:18.678347+00:00,5f7360d3ef2f4fa5a5c552f766b7fb94
2021-09-24,12.03,,ft,Approved,,2025-03-11T20:23:18.678347+00:00,5f7360d3ef2f4fa5a5c552f766b7fb94
2021-09-25,12.28,,ft,Approved,,2025-03-11T20:23:18.678347+00:00,5f7360d3ef2f4fa5a5c552f766b7fb94
2021-09-26,12.37,,ft,Approved,,2025-03-11T20:23:18.678347+00:00,5f7360d3ef2f4fa5a5c552f766b7fb94
2021-09-27,12.32,,ft,Approved,,2025-03-11T20:23:18.678347+00:00,5f7360d3ef2f4fa5a5c552f766b7fb94
2021-09-28,12.85,,ft,Approved,,2025-03-11T20:23:18.678347+00:00,5f7360d3ef2f4fa5a5c552f766b7fb94
2021-09-29,13.46,,ft,Approved,,2025-03-11T20:23:18.678347+00:00,5f7360d3ef2f4fa5a5c552f766b7fb94
2021-09-30,12.06,,ft,Approved,,2025-03-11T20:23:18.678347+00:00,5f7360d3ef2f4fa5a5c552f766b7fb94
2021-10-01,12.45,,ft,Approved,,2025-03-11T20:23:18.678347+00:00,5f7360d3ef2f4fa5a5c552f766b7fb94
2021-10-02,11.39,,ft,Approved,,2025-03-11T20:23:18.678347+00:00,5f7360d3ef2f4fa5a5c552f766b7fb94
2021-10-03,11.28,,ft,Approved,,2025-03-11T20:23:18.678347+00:00,5f7360d3ef2f4fa5a5c552f766b7fb94
2021-10-04,11.97,,ft,Approved,,2025-03-11T20:23:18.678347+00:00,5f7360d3ef2f4fa5a5c552f766b7fb94
2021-10-05,11.94,,ft,Approved,,2025-03-11T20:23:18.678347+00:00,5f7360d3ef2f4fa5a5c552f766b7fb94
2021-10-06,12.13,,ft,Approved,,2025-03-11T20:23:18.678347+00:00,5f7360d3ef2f4fa5a5c552f766b7fb94
2021-10-07,11.72,,ft,Approved,,2025-03-11T20:23:18.678347+00:00,5f7360d3ef2f4fa5a5c552f766b7fb94
2021-10-08,11.7,,ft,Approved,,2025-03-11T20:23:18.678347+00:00,5f7360d3ef2f4fa5a5c552f766b7fb94
2021-10-09,11.64,,ft,Approved,,2025-03-11T20:23:18.678347+00:00,5f7360d3ef2f4fa5a5c552f766b7fb94
2021-10-10,11.61,,ft,Approved,,2025-03-11T20:23:18.678347+00:00,5f7360d3ef2f4fa5a5c552f766b7fb94
2021-10-11,11.96,,ft,Approved,,2025-03-11T20:23:18.678347+00:00,5f7360d3ef2f4fa5a5c552f766b7fb94
2021-10-12,11.39,,ft,Approved,,2025-03-11T20:23:18.678347+00:00,5f7360d3ef2f4fa5a5c552f766b7fb94
2021-10-13,11.4,,ft,Approved,,2025-03-11T20:23:18.678347+00:00,5f7360d3ef2f4fa5a5c552f766b7fb94
2021-10-14,15.35,,ft,Approved,,2025-03-11T20:23:18.678347+00:00,5f7360d3ef2f4fa5a5c552f766b7fb94
2021-10-15,12.02,,ft,Approved,,2025-03-11T20:23:18.678347+00:00,5f7360d3ef2f4fa5a5c552f766b7fb94
2021-10-16,11.44,,ft,Approved,,2025-03-11T20:23:18.678347+00:00,5f7360d3ef2f4fa5a5c552f766b7fb94
2021-10-17,11.39,,ft,Approved,,2025-03-11T20:23:18.678347+00:00,5f7360d3ef2f4fa5a5c552f766b7fb94
2021-10-18,11.36,,ft,Approved,,2025-03-11T20:23:18.678347+00:00,5f7360d3ef2f4fa5a5c552f766b7fb94
2021-10-19,11.54,,ft,Approved,,2025-03-11T20:23:18.678347+00:00,5f7360d3ef2f4fa5a5c552f766b7fb94
2021-10-20,11.22,,ft,Approved,,2025-03-11T20:23:18.678347+00:00,5f7360d3ef2f4fa5a5c552f766b7fb94
2021-10-21,11.21,,ft,Approved,,2025-03-11T20:23:18.678347+00:00,5f7360d3ef2f4fa5a5c552f766b7fb94
2021-10-22,11.17,,ft,Approved,,2025-03-11T20:23:18.678347+00:00,5f7360d3ef2f4fa5a5c552f766b7fb94
2021-10-23,11.18,,ft,Approved,,2025-03-11T20:23:18.678347+00:00,5f7360d3ef2f4fa5a5c552f766b7fb94
2021-10-24,11.18,,ft,Approved,,2025-03-11T20:23:18.678347+00:00,5f7360d3ef2f4fa5a5c552f766b7fb94
2021-10-25,11.32,,ft,Approved,,2025-03-11T20:23:18.678347+00:00,5f7360d3ef2f4fa5a5c552f766b7fb94
2021-10-26,11.15,,ft,Approved,,2025-03-11T20:23:18.678347+00:00,5f7360d3ef2f4fa5a5c552f766b7fb94
2021-10-27,11.8,,ft,Approved,,2025-03-11T20:23:18.678347+00:00,5f7360d3ef2f4fa5a5c552f766b7fb94
2021-10-28,11.3,,ft,Approved,,2025-03-11T20:23:18.678347+00:00,5f7360d3ef2f4fa5a5c552f766b7fb94
2021-10-29,11.22,,ft,Approved,,2025-03-11T20:23:18.678347+00:00,5f7360d3ef2f4fa5a5c552f766b7fb94
2021-10-30,11.2,,ft,Approved,,2025-03-11T20:23:18.678347+00:00,5f7360d3ef2f4fa5a5c552f766b7fb94
2021-10-31,11.19,,ft,Approved,,2025-03-11T20:23:18.678347+00:00,5f7360d3ef2f4fa5a5c552f766b7fb94
2021-11-01,11.2,,ft,Approved,,2025-03-11T20:23:18.678347+00:00,5f7360d3ef2f4fa5a5c552f766b7fb94
2021-11-02,11.2,,ft,Approved,,2025-03-11T20:23:18.678347+00:00,5f7360d3ef2f4fa5a5c552f766b7fb94
2021-11-03,12.76,,ft,Approved,,2025-03-11T20:23:18.678347+00:00,5f7360d3ef2f4fa5a5c552f766b7fb94
2021-11-04,11.84,,ft,Approved,,2025-03-11T20:23:18.678347+00:00,5f7360d3ef2f4fa5a5c552f766b7fb94
2021-11-05,11.41,,ft,Approved,,2025-03-11T20:23:18.678347+00:00,5f7360d3ef2f4fa5a5c552f766b7fb94
2021-11-06,11.53,,ft,Approved,,2025-03-11T20:23:18.678347+00:00,5f7360d3ef2f4fa5a5c552f766b7fb94
2021-11-07,11.28,,ft,Approved,,2025-03-11T20:23:18.678347+00:00,5f7360d3ef2f4fa5a5c552f766b7fb94
2021-11-08,11.42,,ft,Approved,,2025-03-11T20:23:18.678347+00:00,5f7360d3ef2f4fa5a5c552f766b7fb94
2021-11-09,11.24,,ft,Approved,,2025-03-11T20:23:18.678347+00:00,5f7360d3ef2f4fa5a5c552f766b7fb94
2021-11-10,11.15,,ft,Approved,,2025-03-11T20:23:18.678347+00:00,5f7360d3ef2f4fa5a5c552f766b7fb94
2021-11-11,11.34,,ft,Approved,,2025-03-11T20:23:18.678347+00:00,5f7360d3ef2f4fa5a5c552f766b7fb94
2021-11-12,11.18,,ft,Approved,,2025-03-11T20:23:18.678347+00:00,5f7360d3ef2f4fa5a5c552f766b7fb94
2021-11-13,11.17,,ft,Approved,,2025-03-11T20:23:18.678347+00:00,5f7360d3ef2f4fa5a5c552f766b7fb94
2021-11-14,11.51,,ft,Approved,,2025-03-11T20:23:18.678347+00:00,5f7360d3ef2f4fa5a5c552f766b7fb94
2021-11-15,11.15,,ft,Approved,,2025-03-11T20:23:18.678347+00:00,5f7360d3ef2f4fa5a5c552f766b7fb94
2021-11-16,11.23,,ft,Approved,,2025-03-11T20:23:18.678347+00:00,5f7360d3ef2f4fa5a5c552f766b7fb94
2021-11-17,11.32,,ft,Approved,,2025-03-11T20:23:18.678347+00:00,5f7360d3ef2f4fa5a5c552f766b7fb94
2021-11-18,11.48,,ft,Approved,,2025-03-11T20:23:18.678347+00:00,5f7360d3ef2f4fa5a5c552f766b7fb94
2021-11-19,11.24,,ft,Approved,,2025-03-11T20:23:18.678347+00:00,5f7360d3ef2f4fa5a5c552f766b7fb94
2021-11-20,11.11,,ft,Approved,,2025-03-11T20:23:18.678347+00:00,5f7360d3ef2f4fa5a5c552f766b7fb94
2021-11-21,11.38,,ft,Approved,,2025-03-11T20:23:18.678347+00:00,5f7360d3ef2f4fa5a5c552f766b7fb94
2021-11-22,11.48,,ft,Approved,,2025-03-11T20:23:18.678347+00:00,5f7360d3ef2f4fa5a5c552f766b7fb94
2021-11-23,11.7,,ft,Approved,,2025-03-11T20:23:18.678347+00:00,5f7360d3ef2f4fa5a5c552f766b7fb94
2021-11-24,10.89,,ft,Approved,,2025-03-11T20:23:18.678347+00:00,5f7360d3ef2f4fa5a5c552f766b7fb94
2021-11-25,11.14,,ft,Approved,,2025-03-11T20:23:18.678347+00:00,5f7360d3ef2f4fa5a5c552f766b7fb94
2021-11-26,11.36,,ft,Approved,,2025-03-11T20:23:18.678347+00:00,5f7360d3ef2f4fa5a5c552f766b7fb94
2021-11-27,11.66,,ft,Approved,,2025-03-11T20:23:18.678347+00:00,5f7360d3ef2f4fa5a5c552f766b7fb94
2021-11-28,11.39,,ft,Approved,,2025-03-11T20:23:18.678347+00:00,5f7360d3ef2f4fa5a5c552f766b7fb94
2021-11-29,11.25,,ft,Approved,,2025-03-11T20:23:18.678347+00:00,5f7360d3ef2f4fa5a5c552f766b7fb94
2021-11-30,11.45,,ft,Approved,,2025-03-11T20:23:18.678347+00:00,5f7360d3ef2f4fa5a5c552f766b7fb94
2021-12-01,11.17,,ft,Approved,,2025-03-11T20:23:18.678347+00:00,5f7360d3ef2f4fa5a5c552f766b7fb94
2021-12-02,11.17,,ft,Approved,,2025-03-11T20:23:18.678347+00:00,5f7360d3ef2f4fa5a5c552f766b7fb94
2021-12-03,11.17,,ft,Approved,,2025-03-11T20:23:18.678347+00:00,5f7360d3ef2f4fa5a5c552f766b7fb94
2021-12-04,11.43,,ft,Approved,,2025-03-11T20:23:18.678347+00:00,5f7360d3ef2f4fa5a5c552f766b7fb94
2021-12-05,11.15,,ft,Approved,,2025-03-11T20:23:18.678347+00:00,5f7360d3ef2f4fa5a5c552f766b7fb94
2021-12-06,11.17,,ft,Approved,,2025-03-11T20:23:18.678347+00:00,5f7360d3ef2f4fa5a5c552f766b7fb94
2021-12-07,11.4,,ft,Approved,,2025-03-11T20:23:18.678347+00:00,5f7360d3ef2f4fa5a5c552f766b7fb94
2021-12-08,11.15,,ft,Approved,,2025-03-11T20:23:18.678347+00:00,5f7360d3ef2f4fa5a5c552f766b7fb94
2021-12-09,11.23,,ft,Approved,,2025-03-11T20:23:18.678347+00:00,5f7360d3ef2f4fa5a5c552f766b7fb94
2021-12-10,11.29,,ft,Approved,,2025-03-11T20:23:18.678347+00:00,5f7360d3ef2f4fa5a5c552f766b7fb94
2021-12-11,11.01,,ft,Approved,,2025-03-11T20:23:18.678347+00:00,5f7360d3ef2f4fa5a5c552f766b7fb94
2021-12-12,10.89,,ft,Approved,,2025-03-11T20:23:18.678347+00:00,5f7360d3ef2f4fa5a5c552f766b7fb94
2021-12-13,11.07,,ft,Approved,,2025-03-11T20:23:18.678347+00:00,5f7360d3ef2f4fa5a5c552f766b7fb94
2021-12-14,11.11,,ft,Approved,,2025-03-11T20:23:18.678347+00:00,5f7360d3ef2f4fa5a5c552f766b7fb94
2021-12-15,11.11,,ft,Approved,,2025-03-11T20:23:18.678347+00:00,5f7360d3ef2f4fa5a5c552f766b7fb94
2021-12-16,11.12,,ft,Approved,,2025-03-11T20:23:18.678347+00:00,5f7360d3ef2f4fa5a5c552f766b7fb94
2021-12-17,11.1,,ft,Approved,,2025-03-11T20:23:18.678347+00:00,5f7360d3ef2f4fa5a5c552f766b7fb94
2021-12-18,12.31,,ft,Approved,,2025-03-11T20:23:18.678347+00:00,5f7360d3ef2f4fa5a5c552f766b7fb94
2021-12-19,11.43,,ft,Approved,,2025-03-11T20:23:18.678347+00:00,5f7360d3ef2f4fa5a5c552f766b7fb94
2021-12-20,11.33,,ft,Approved,,2025-03-11T20:23:18.678347+00:00,5f7360d3ef2f4fa5a5c552f766b7fb94
2021-12-21,11.28,,ft,Approved,,2025-03-11T20:23:18.678347+00:00,5f7360d3ef2f4fa5a5c552f766b7fb94
2021-12-22,11.27,,ft,Approved,,2025-03-11T20:23:18.678347+00:00,5f7360d3ef2f4fa5a5c552f766b7fb94
2021-12-23,11.36,,ft,Approved,,2025-03-11T20:23:18.678347+00:00,5f7360d3ef2f4fa5a5c552f766b7fb94
2021-12-24,11.16,,ft,Approved,,2025-03-11T20:23:18.678347+00:00,5f7360d3ef2f4fa5a5c552f766b7fb94
2021-12-25,11.16,,ft,Approved,,2025-03-11T20:23:18.678347+00:00,5f7360d3ef2f4fa5a5c552f766b7fb94
2021-12-26,11.15,,ft,Approved,,2025-03-11T20:23:18.678347+00:00,5f7360d3ef2f4fa5a5c552f766b7fb94
2021-12-27,11.17,,ft,Approved,,2025-03-11T20:23:18.678347+00:00,5f7360d3ef2f4fa5a5c552f766b7fb94
2021-12-28,11.17,,ft,Approved,,2025-03-11T20:23:18.678347+00:00,5f7360d3ef2f4fa5a5c552f766b7fb94
2021-12-29,11.48,,ft,Approved,,2025-03-11T20:23:18.678347+00:00,5f7360d3ef2f4fa5a5c552f766b7fb94
2021-12-30,11.1,,ft,Approved,,2025-03-11T20:23:18.678347+00:00,5f7360d3ef2f4fa5a5c552f766b7fb94
2021-12-31,11.13,,ft,Approved,,2025-03-11T20:23:18.678347+00:00,5f7360d3ef2f4fa5a5c552f766b7fb94
2022-01-01,11.16,,ft,Approved,,2025-03-11T20:23:18.678347+00:00,5f7360d3ef2f4fa5a5c552f766b7fb94
2022-01-02,11.15,,ft,Approved,,2025-03-11T20:23:18.678347+00:00,5f7360d3ef2f4fa5a5c552f766b7fb94
2022-01-03,11.11,,ft,Approved,,2025-03-11T20:23:18.678347+00:00,5f7360d3ef2f4fa5a5c552f766b7fb94
2022-01-04,11.12,,ft,Approved,,2025-03-11T20:23:18.678347+00:00,5f7360d3ef2f4fa5a5c552f766b7fb94
2022-01-05,11.12,,ft,Approved,,2025-03-11T20:23:18.678347+00:00,5f7360d3ef2f4fa5a5c552f766b7fb94
2022-01-06,11.38,,ft,Approved,,2025-03-11T20:23:18.678347+00:00,5f7360d3ef2f4fa5a5c552f766b7fb94
2022-01-07,11.05,,ft,Approved,,2025-03-11T20:23:18.678347+00:00,5f7360d3ef2f4fa5a5c552f766b7fb94
2022-01-08,11.08,,ft,Approved,,2025-03-11T20:23:18.678347+00:00,5f7360d3ef2f4fa5a5c552f766b7fb94
2022-01-09,11.38,,ft,Approved,,2025-03-11T20:23:18.678347+00:00,5f7360d3ef2f4fa5a5c552f766b7fb94
2022-01-10,11.05,,ft,Approved,,2025-03-11T20:23:18.678347+00:00,5f7360d3ef2f4fa5a5c552f766b7fb94
2022-01-11,11.04,,ft,Approved,,2025-03-11T20:23:18.678347+00:00,5f7360d3ef2f4fa5a5c552f766b7fb94
2022-01-12,11.35,,ft,Approved,,2025-03-11T20:23:18.678347+00:00,5f7360d3ef2f4fa5a5c552f766b7fb94
2022-01-13,11.12,,ft,Approved,,2025-03-11T20:23:18.678347+00:00,5f7360d3ef2f4fa5a5c552f766b7fb94
2022-01-14,11.06,,ft,Approved,,2025-03-11T20:23:18.678347+00:00,5f7360d3ef2f4fa5a5c552f766b7fb94
2022-01-15,11.33,,ft,Approved,,2025-03-11T20:23:18.678347+00:00,5f7360d3ef2f4fa5a5c552f766b7fb94
2022-01-16,11.02,,ft,Approved,,2025-03-11T20:23:18.678347+00:00,5f7360d3ef2f4fa5a5c552f766b7fb94
2022-01-17,11.04,,ft,Approved,,2025-03-11T20:23:18.678347+00:00,5f7360d3ef2f4fa5a5c552f766b7fb94
2022-01-18,11.06,,ft,Approved,,2025-03-11T20:23:18.678347+00:00,5f7360d3ef2f4fa5a5c552f766b7fb94
2022-01-19,11.32,,ft,Approved,,2025-03-11T20:23:18.678347+00:00,5f7360d3ef2f4fa5a5c552f766b7fb94
2022-01-20,11.06,,ft,Approved,,2025-03-11T20:23:18.678347+00:00,5f7360d3ef2f4fa5a5c552f766b7fb94
2022-01-21,11.03,,ft,Approved,,2025-03-11T20:23:18.678347+00:00,5f7360d3ef2f4fa5a5c552f766b7fb94
2022-01-22,11.28,,ft,Approved,,2025-03-11T20:23:18.678347+00:00,5f7360d3ef2f4fa5a5c552f766b7fb94
2022-01-23,11.0,,ft,Approved,,2025-03-11T20:23:18.678347+00:00,5f7360d3ef2f4fa5a5c552f766b7fb94
2022-01-24,11.3,,ft,Approved,,2025-03-11T20:23:18.678347+00:00,5f7360d3ef2f4fa5a5c552f766b7fb94
2022-01-25,11.28,,ft,Approved,,2025-03-11T20:23:18.678347+00:00,5f7360d3ef2f4fa5a5c552f766b7fb94
2022-01-26,11.28,,ft,Approved,,2025-03-11T20:23:18.678347+00:00,5f7360d3ef2f4fa5a5c552f766b7fb94
2022-01-27,11.27,,ft,Approved,,2025-03-11T20:23:18.678347+00:00,5f7360d3ef2f4fa5a5c552f766b7fb94
2022-01-28,11.25,,ft,Approved,,2025-03-11T20:23:18.678347+00:00,5f7360d3ef2f4fa5a5c552f766b7fb94
2022-01-29,11.23,,ft,Approved,,2025-03-11T20:23:18.678347+00:00,5f7360d3ef2f4fa5a5c552f766b7fb94
2022-01-30,11.22,,ft,Approved,,2025-03-11T20:23:18.678347+00:00,5f7360d3ef2f4fa5a5c552f766b7fb94
2022-01-31,12.74,,ft,Approved,,2025-03-11T20:23:18.678347+00:00,5f7360d3ef2f4fa5a5c552f766b7fb94
2022-02-01,12.04,,ft,Approved,,2025-03-11T20:23:18.678347+00:00,5f7360d3ef2f4fa5a5c552f766b7fb94
2022-02-02,11.56,,ft,Approved,,2025-03-11T20:23:18.678347+00:00,5f7360d3ef2f4fa5a5c552f766b7fb94
2022-02-03,15.27,,ft,Approved,,2025-03-11T20:23:18.678347+00:00,5f7360d3ef2f4fa5a5c552f766b7fb94
2022-02-04,11.98,,ft,Approved,,2025-03-11T20:23:18.678347+00:00,5f7360d3ef2f4fa5a5c552f766b7fb94
2022-02-05,11.7,,ft,Approved,,2025-03-11T20:23:18.678347+00:00,5f7360d3ef2f4fa5a5c552f766b7fb94
2022-02-06,11.63,,ft,Approved,,2025-03-11T20:23:18.678347+00:00,5f7360d3ef2f4fa5a5c552f766b7fb94
2022-02-07,11.44,,ft,Approved,,2025-03-11T20:23:18.678347+00:00,5f7360d3ef2f4fa5a5c552f766b7fb94
2022-02-08,11.39,,ft,Approved,,2025-03-11T20:23:18.678347+00:00,5f7360d3ef2f4fa5a5c552f766b7fb94
2022-02-09,11.4,,ft,Approved,,2025-03-11T20:23:18.678347+00:00,5f7360d3ef2f4fa5a5c552f766b7fb94
2022-02-10,11.45,,ft,Approved,,2025-03-11T20:23:18.678347+00:00,5f7360d3ef2f4fa5a5c552f766b7fb94
2022-02-11,11.16,,ft,Approved,,2025-03-11T20:23:18.678347+00:00,5f7360d3ef2f4fa5a5c552f766b7fb94
2022-02-12,11.38,,ft,Approved,,2025-03-11T20:23:18.678347+00:00,5f7360d3ef2f4fa5a5c552f766b7fb94
2022-02-13,11.16,,ft,Approved,,2025-03-11T20:23:18.678347+00:00,5f7360d3ef2f4fa5a5c552f766b7fb94
2022-02-14,11.47,,ft,Approved,,2025-03-11T20:23:18.678347+00:00,5f7360d3ef2f4fa5a5c552f766b7fb94
2022-02-15,11.24,,ft,Approved,,2025-03-11T20:23:18.678347+00:00,5f7360d3ef2f4fa5a5c552f766b7fb94
2022-02-16,11.11,,ft,Approved,,2025-03-11T20:23:18.678347+00:00,5f7360d3ef2f4fa5a5c552f766b7fb94
2022-02-17,11.29,,ft,Approved,,2025-03-11T20:23:18.678347+00:00,5f7360d3ef2f4fa5a5c552f766b7fb94
2022-02-18,11.36,,ft,Approved,,2025-03-11T20:23:18.678347+00:00,5f7360d3ef2f4fa5a5c552f766b7fb94
2022-02-19,11.11,,ft,Approved,,2025-03-11T20:23:18.678347+00:00,5f7360d3ef2f4fa5a5c552f766b7fb94
2022-02-20,11.28,,ft,Approved,,2025-03-11T20:23:18.678347+00:00,5f7360d3ef2f4fa5a5c552f766b7fb94
2022-02-21,11.06,,ft,Approved,,2025-03-11T20:23:18.678347+00:00,5f7360d3ef2f4fa5a5c552f766b7fb94
2022-02-22,11.53,,ft,Approved,,2025-03-11T20:23:18.678347+00:00,5f7360d3ef2f4fa5a5c552f766b7fb94
2022-02-23,11.36,,ft,Approved,,2025-03-11T20:23:18.678347+00:00,5f7360d3ef2f4fa5a5c552f766b7fb94
2022-02-24,11.13,,ft,Approved,,2025-03-11T20:23:18.678347+00:00,5f7360d3ef2f4fa5a5c552f766b7fb94
2022-02-25,11.4,,ft,Approved,,2025-03-11T20:23:18.678347+00:00,5f7360d3ef2f4fa5a5c552f766b7fb94
2022-02-26,11.1,,ft,Approved,,2025-03-11T20:23:18.678347+00:00,5f7360d3ef2f4fa5a5c552f766b7fb94
2022-02-27,11.25,,ft,Approved,,2025-03-11T20:23:18.678347+00:00,5f7360d3ef2f4fa5a5c552f766b7fb94
2022-02-28,11.3,,ft,Approved,,2025-03-11T20:23:18.678347+00:00,5f7360d3ef2f4fa5a5c552f766b7fb94
2022-03-01,11.03,,ft,Approved,,2025-03-11T20:23:18.678347+00:00,5f7360d3ef2f4fa5a5c552f766b7fb94
2022-03-02,11.43,,ft,Approved,,2025-03-11T20:23:18.678347+00:00,5f7360d3ef2f4fa5a5c552f766b7fb94
2022-03-03,11.36,,ft,Approved,,2025-03-11T20:23:18.678347+00:00,5f7360d3ef2f4fa5a5c552f766b7fb94
2022-03-04,11.04,,ft,Approved,,2025-03-11T20:23:18.678347+00:00,5f7360d3ef2f4fa5a5c552f766b7fb94
2022-03-05,11.36,,ft,Approved,,2025-03-11T20:23:18.678347+00:00,5f7360d3ef2f4fa5a5c552f766b7fb94
2022-03-06,11.05,,ft,Approved,,2025-03-11T20:23:18.678347+00:00,5f7360d3ef2f4fa5a5c552f766b7fb94
2022-03-07,11.55,,ft,Approved,,2025-03-11T20:23:18.678347+00:00,5f7360d3ef2f4fa5a5c552f766b7fb94
2022-03-08,11.32,,ft,Approved,,2025-03-11T20:23:18.678347+00:00,5f7360d3ef2f4fa5a5c552f766b7fb94
2022-03-09,11.02,,ft,Approved,,2025-03-11T20:23:18.678347+00:00,5f7360d3ef2f4fa5a5c552f766b7fb94
2022-03-10,11.33,,ft,Approved,,2025-03-11T20:23:18.678347+00:00,5f7360d3ef2f4fa5a5c552f766b7fb94
2022-03-11,11.02,,ft,Approved,,2025-03-11T20:23:18.678347+00:00,5f7360d3ef2f4fa5a5c552f766b7fb94
2022-03-12,11.33,,ft,Approved,,2025-03-11T20:23:18.678347+00:00,5f7360d3ef2f4fa5a5c552f766b7fb94
2022-03-13,11.28,,ft,Approved,,2025-03-11T20:23:18.678347+00:00,5f7360d3ef2f4fa5a5c552f766b7fb94
2022-03-14,11.29,,ft,Approved,,2025-03-11T20:23:18.678347+00:00,5f7360d3ef2f4fa5a5c552f766b7fb94
2022-03-15,11.3,,ft,Approved,,2025-03-11T20:23:18.678347+00:00,5f7360d3ef2f4fa5a5c552f766b7fb94
2022-03-16,11.3,,ft,Approved,,2025-03-11T20:23:18.678347+00:00,5f7360d3ef2f4fa5a5c552f766b7fb94
2022-03-17,11.3,,ft,Approved,,2025-03-11T20:23:18.678347+00:00,5f7360d3ef2f4fa5a5c552f766b7fb94
2022-03-18,11.03,,ft,Approved,,2025-03-11T20:23:18.678347+00:00,5f7360d3ef2f4fa5a5c552f766b7fb94
2022-03-19,11.02,,ft,Approved,,2025-03-11T20:23:18.678347+00:00,5f7360d3ef2f4fa5a5c552f766b7fb94
2022-03-20,11.51,,ft,Approved,,2025-03-11T20:23:18.678347+00:00,5f7360d3ef2f4fa5a5c552f766b7fb94
2022-03-21,11.87,,ft,Approved,,2025-03-11T20:23:18.678347+00:00,5f7360d3ef2f4fa5a5c552f766b7fb94
2022-03-22,11.73,,ft,Approved,,2025-03-11T20:23:18.678347+00:00,5f7360d3ef2f4fa5a5c552f766b7fb94
2022-03-23,11.18,,ft,Approved,,2025-03-11T20:23:18.678347+00:00,5f7360d3ef2f4fa5a5c552f766b7fb94
2022-03-24,11.01,,ft,Approved,,2025-03-11T20:23:18.678347+00:00,5f7360d3ef2f4fa5a5c552f766b7fb94
2022-03-25,11.34,,ft,Approved,,2025-03-11T20:23:18.678347+00:00,5f7360d3ef2f4fa5a5c552f766b7fb94
2022-03-26,11.25,,ft,Approved,,2025-03-11T20:23:18.678347+00:00,5f7360d3ef2f4fa5a5c552f766b7fb94
2022-03-27,11.27,,ft,Approved,,2025-03-11T20:23:18.678347+00:00,5f7360d3ef2f4fa5a5c552f766b7fb94
2022-03-28,10.99,,ft,Approved,,2025-03-11T20:23:18.678347+00:00,5f7360d3ef2f4fa5a5c552f766b7fb94
2022-03-29,11.49,,ft,Approved,,2025-03-11T20:23:18.678347+00:00,5f7360d3ef2f4fa5a5c552f766b7fb94
2022-03-30,11.2,,ft,Approved,,2025-03-11T20:23:18.678347+00:00,5f7360d3ef2f4fa5a5c552f766b7fb94
2022-03-31,10.99,,ft,Approved,,2025-03-11T20:23:18.678347+00:00,5f7360d3ef2f4fa5a5c552f766b7fb94
2022-04-01,11.01,,ft,Approved,,2025-03-11T20:23:18.678347+00:00,5f7360d3ef2f4fa5a5c552f766b7fb94
2022-04-02,11.32,,ft,Approved,,2025-03-11T20:23:18.678347+00:00,5f7360d3ef2f4fa5a5c552f766b7fb94
2022-04-03,11.25,,ft,Approved,,2025-03-11T20:23:18.678347+00:00,5f7360d3ef2f4fa5a5c552f766b7fb94
2022-04-04,10.99,,ft,Approved,,2025-03-11T20:23:18.678347+00:00,5f7360d3ef2f4fa5a5c552f766b7fb94
2022-04-05,11.45,,ft,Approved,,2025-03-11T20:23:18.678347+00:00,5f7360d3ef2f4fa5a5c552f766b7fb94
2022-04-06,11.39,,ft,Approved,,2025-03-11T20:23:18.678347+00:00,5f7360d3ef2f4fa5a5c552f766b7fb94
2022-04-07,11.73,,ft,Approved,,2025-03-11T20:23:18.678347+00:00,5f7360d3ef2f4fa5a5c552f766b7fb94
2022-04-08,11.81,,ft,Approved,,2025-03-11T20:23:18.678347+00:00,5f7360d3ef2f4fa5a5c552f766b7fb94
2022-04-09,11.95,,ft,Approved,,2025-03-11T20:23:18.678347+00:00,5f7360d3ef2f4fa5a5c552f766b7fb94
2022-04-10,12.29,,ft,Approved,,2025-03-11T20:23:18.678347+00:00,5f7360d3ef2f4fa5a5c552f766b7fb94
2022-04-11,12.32,,ft,Approved,,2025-03-11T20:23:18.678347+00:00,5f7360d3ef2f4fa5a5c552f766b7fb94
2022-04-12,12.52,,ft,Approved,,2025-03-11T20:23:18.678347+00:00,5f7360d3ef2f4fa5a5c552f766b7fb94
2022-04-13,12.53,,ft,Approved,,2025-03-11T20:23:18.678347+00:00,5f7360d3ef2f4fa5a5c552f766b7fb94
2022-04-14,12.52,,ft,Approved,,2025-03-11T20:23:18.678347+00:00,5f7360d3ef2f4fa5a5c552f766b7fb94
2022-04-15,12.44,,ft,Approved,,2025-03-11T20:23:18.678347+00:00,5f7360d3ef2f4fa5a5c552f766b7fb94
2022-04-16,12.57,,ft,Approved,,2025-03-11T20:23:18.678347+00:00,5f7360d3ef2f4fa5a5c552f766b7fb94
2022-04-17,12.47,,ft,Approved,,2025-03-11T20:23:18.678347+00:00,5f7360d3ef2f4fa5a5c552f766b7fb94
2022-04-18,12.49,,ft,Approved,,2025-03-11T20:23:18.678347+00:00,5f7360d3ef2f4fa5a5c552f766b7fb94
2022-04-19,12.27,,ft,Approved,,2025-03-11T20:23:18.678347+00:00,5f7360d3ef2f4fa5a5c552f766b7fb94
2022-04-20,12.27,,ft,Approved,,2025-03-11T20:23:18.678347+00:00,5f7360d3ef2f4fa5a5c552f766b7fb94
2022-04-21,12.13,,ft,Approved,,2025-03-11T20:23:18.678347+00:00,5f7360d3ef2f4fa5a5c552f766b7fb94
2022-04-22,12.28,,ft,Approved,,2025-03-11T20:23:18.678347+00:00,5f7360d3ef2f4fa5a5c552f766b7fb94
2022-04-23,12.4,,ft,Approved,,2025-03-11T20:23:18.678347+00:00,5f7360d3ef2f4fa5a5c552f766b7fb94
2022-04-24,12.32,,ft,Approved,,2025-03-11T20:23:18.678347+00:00,5f7360d3ef2f4fa5a5c552f766b7fb94
2022-04-25,13.32,,ft,Approved,,2025-03-11T20:23:18.678347+00:00,5f7360d3ef2f4fa5a5c552f766b7fb94
2022-04-26,11.97,,ft,Approved,,2025-03-11T20:23:18.678347+00:00,5f7360d3ef2f4fa5a5c552f766b7fb94
2022-04-27,11.88,,ft,Approved,,2025-03-11T20:23:18.678347+00:00,5f7360d3ef2f4fa5a5c552f766b7fb94
2022-04-28,11.96,,ft,Approved,,2025-03-11T20:23:18.678347+00:00,5f7360d3ef2f4fa5a5c552f766b7fb94
2022-04-29,12.04,,ft,Approved,,2025-03-11T20:23:18.678347+00:00,5f7360d3ef2f4fa5a5c552f766b7fb94
2022-04-30,12.23,,ft,Approved,,2025-03-11T20:23:18.678347+00:00,5f7360d3ef2f4fa5a5c552f766b7fb94
2022-05-01,12.54,,ft,Approved,,2025-03-11T20:23:18.678347+00:00,5f7360d3ef2f4fa5a5c552f766b7fb94
2022-05-02,12.35,,ft,Approved,,2025-03-11T20:23:18.678347+00:00,5f7360d3ef2f4fa5a5c552f766b7fb94
2022-05-03,12.17,,ft,Approved,,2025-03-11T20:23:18.678347+00:00,5f7360d3ef2f4fa5a5c552f766b7fb94
2022-05-04,12.28,,ft,Approved,,2025-03-11T20:23:18.678347+00:00,5f7360d3ef2f4fa5a5c552f766b7fb94
2022-05-05,12.33,,ft,Approved,,2025-03-11T20:23:18.678347+00:00,5f7360d3ef2f4fa5a5c552f766b7fb94
2022-05-06,12.37,,ft,Approved,,2025-03-11T20:23:18.678347+00:00,5f7360d3ef2f4fa5a5c552f766b7fb94
2022-05-07,12.31,,ft,Approved,,2025-03-11T20:23:18.678347+00:00,5f7360d3ef2f4fa5a5c552f766b7fb94
2022-05-08,12.39,,ft,Approved,,2025-03-11T20:23:18.678347+00:00,5f7360d3ef2f4fa5a5c552f766b7fb94
2022-05-09,12.54,,ft,Approved,,2025-03-11T20:23:18.678347+00:00,5f7360d3ef2f4fa5a5c552f766b7fb94
2022-05-10,12.8,,ft,Approved,,2025-03-11T20:23:18.678347+00:00,5f7360d3ef2f4fa5a5c552f766b7fb94
2022-05-11,12.78,,ft,Approved,,2025-03-11T20:23:18.678347+00:00,5f7360d3ef2f4fa5a5c552f766b7fb94
2022-05-12,13.08,,ft,Approved,,2025-03-11T20:23:18.678347+00:00,5f7360d3ef2f4fa5a5c552f766b7fb94
2022-05-13,13.22,,ft,Approved,,2025-03-11T20:23:18.678347+00:00,5f7360d3ef2f4fa5a5c552f766b7fb94
2022-05-14,13.29,,ft,Approved,,2025-03-11T20:23:18.678347+00:00,5f7360d3ef2f4fa5a5c552f766b7fb94
2022-05-15,13.29,,ft,Approved,,2025-03-11T20:23:18.678347+00:00,5f7360d3ef2f4fa5a5c552f766b7fb94
2022-05-16,13.18,,ft,Approved,,2025-03-11T20:23:18.678347+00:00,5f7360d3ef2f4fa5a5c552f766b7fb94
2022-05-17,13.18,,ft,Approved,,2025-03-11T20:23:18.678347+00:00,5f7360d3ef2f4fa5a5c552f766b7fb94
2022-05-18,13.18,,ft,Approved,,2025-03-11T20:23:18.678347+00:00,5f7360d3ef2f4fa5a5c552f766b7fb94
2022-05-19,13.43,,ft,Approved,,2025-03-11T20:23:18.678347+00:00,5f7360d3ef2f4fa5a5c552f766b7fb94
2022-05-20,13.41,,ft,Approved,,2025-03-11T20:23:18.678347+00:00,5f7360d3ef2f4fa5a5c552f766b7fb94
2022-05-21,13.32,,ft,Approved,,2025-03-11T20:23:18.678347+00:00,5f7360d3ef2f4fa5a5c552f766b7fb94
2022-05-22,13.44,,ft,Approved,,2025-03-11T20:23:18.678347+00:00,5f7360d3ef2f4fa5a5c552f766b7fb94
2022-05-23,13.34,,ft,Approved,,2025-03-11T20:23:18.678347+00:00,5f7360d3ef2f4fa5a5c552f766b7fb94
2022-05-24,13.33,,ft,Approved,,2025-03-11T20:23:18.678347+00:00,5f7360d3ef2f4fa5a5c552f766b7fb94
2022-05-25,13.9,,ft,Approved,,2025-03-11T20:23:18.678347+00:00,5f7360d3ef2f4fa5a5c552f766b7fb94
2022-05-26,13.25,,ft,Approved,,2025-03-11T20:23:18.678347+00:00,5f7360d3ef2f4fa5a5c552f766b7fb94
2022-05-27,13.23,,ft,Approved,,2025-03-11T20:23:18.678347+00:00,5f7360d3ef2f4fa5a5c552f766b7fb94
2022-05-28,12.93,,ft,Approved,,2025-03-11T20:23:18.678347+00:00,5f7360d3ef2f4fa5a5c552f766b7fb94
2022-05-29,12.75,,ft,Approved,,2025-03-11T20:23:18.678347+00:00,5f7360d3ef2f4fa5a5c552f766b7fb94
2022-05-30,13.3,,ft,Approved,,2025-03-11T20:23:18.678347+00:00,5f7360d3ef2f4fa5a5c552f766b7fb94
2022-05-31,13.43,,ft,Approved,,2025-03-11T20:23:18.678347+00:00,5f7360d3ef2f4fa5a5c552f766b7fb94
2022-06-01,13.32,,ft,Approved,,2025-03-11T20:23:18.678347+00:00,5f7360d3ef2f4fa5a5c552f766b7fb94
2022-06-02,13.32,,ft,Approved,,2025-03-11T20:23:18.678347+00:00,5f7360d3ef2f4fa5a5c552f766b7fb94
2022-06-03,13.24,,ft,Approved,,2025-03-11T20:23:18.678347+00:00,5f7360d3ef2f4fa5a5c552f766b7fb94
2022-06-04,13.62,,ft,Approved,,2025-03-11T20:23:18.678347+00:00,5f7360d3ef2f4fa5a5c552f766b7fb94
2022-06-05,13.49,,ft,Approved,,2025-03-11T20:23:18.678347+00:00,5f7360d3ef2f4fa5a5c552f766b7fb94
2022-06-06,13.39,,ft,Approved,,2025-03-11T20:23:18.678347+00:00,5f7360d3ef2f4fa5a5c552f766b7fb94
2022-06-07,13.48,,ft,Approved,,2025-03-11T20:23:18.678347+00:00,5f7360d3ef2f4fa5a5c552f766b7fb94
2022-06-08,13.47,,ft,Approved,,2025-03-11T20:23:18.678347+00:00,5f7360d3ef2f4fa5a5c552f766b7fb94
2022-06-09,13.42,,ft,Approved,,2025-03-11T20:23:18.678347+00:00,5f7360d3ef2f4fa5a5c552f766b7fb94
2022-06-10,13.29,,ft,Approved,,2025-03-11T20:23:18.678347+00:00,5f7360d3ef2f4fa5a5c552f766b7fb94
2022-06-11,13.41,,ft,Approved,,2025-03-11T20:23:18.678347+00:00,5f7360d3ef2f4fa5a5c552f766b7fb94
2022-06-12,13.32,,ft,Approved,,2025-03-11T20:23:18.678347+00:00,5f7360d3ef2f4fa5a5c552f766b7fb94
2022-06-13,13.41,,ft,Approved,,2025-03-11T20:23:18.678347+00:00,5f7360d3ef2f4fa5a5c552f766b7fb94
2022-06-14,13.34,,ft,Approved,,2025-03-11T20:23:18.678347+00:00,5f7360d3ef2f4fa5a5c552f766b7fb94
2022-06-15,13.41,,ft,Approved,,2025-03-11T20:23:18.678347+00:00,5f7360d3ef2f4fa5a5c552f766b7fb94
2022-06-16,13.34,,ft,Approved,,2025-03-11T20:23:18.678347+00:00,5f7360d3ef2f4fa5a5c552f766b7fb94
2022-06-17,13.43,,ft,Approved,,2025-03-11T20:23:18.678347+00:00,5f7360d3ef2f4fa5a5c552f766b7fb94
2022-06-18,13.33,,ft,Approved,,2025-03-11T20:23:18.678347+00:00,5f7360d3ef2f4fa5a5c552f766b7fb94
2022-06-19,13.45,,ft,Approved,,2025-03-11T20:23:18.678347+00:00,5f7360d3ef2f4fa5a5c552f766b7fb94
2022-06-20,13.29,,ft,Approved,,2025-03-11T20:23:18.678347+00:00,5f7360d3ef2f4fa5a5c552f766b7fb94
2022-06-21,13.34,,ft,Approved,,2025-03-11T20:23:18.678347+00:00,5f7360d3ef2f4fa5a5c552f766b7fb94
2022-06-22,13.32,,ft,Approved,,2025-03-11T20:23:18.678347+00:00,5f7360d3ef2f4fa5a5c552f766b7fb94
2022-06-23,13.42,,ft,Approved,,2025-03-11T20:23:18.678347+00:00,5f7360d3ef2f4fa5a5c552f766b7fb94
2022-06-24,13.23,,ft,Approved,,2025-03-11T20:23:18.678347+00:00,5f7360d3ef2f4fa5a5c552f766b7fb94
2022-06-25,13.24,,ft,Approved,,2025-03-11T20:23:18.678347+00:00,5f7360d3ef2f4fa5a5c552f766b7fb94
2022-06-26,13.12,,ft,Approved,,2025-03-11T20:23:18.678347+00:00,5f7360d3ef2f4fa5a5c552f766b7fb94
2022-06-27,13.1,,ft,Approved,,2025-03-11T20:23:18.678347+00:00,5f7360d3ef2f4fa5a5c552f766b7fb94
2022-06-28,13.35,,ft,Approved,,2025-03-11T20:23:18.678347+00:00,5f7360d3ef2f4fa5a5c552f766b7fb94
2022-06-29,13.09,,ft,Approved,,2025-03-11T20:23:18.678347+00:00,5f7360d3ef2f4fa5a5c552f766b7fb94
2022-06-30,13.03,,ft,Approved,,2025-03-11T20:23:18.678347+00:00,5f7360d3ef2f4fa5a5c552f766b7fb94
2022-07-01,12.88,,ft,Approved,,2025-03-11T20:23:18.678347+00:00,5f7360d3ef2f4fa5a5c552f766b7fb94
2022-07-02,12.84,,ft,Approved,,2025-03-11T20:23:18.678347+00:00,5f7360d3ef2f4fa5a5c552f766b7fb94
2022-07-03,13.02,,ft,Approved,,2025-03-11T20:23:18.678347+00:00,5f7360d3ef2f4fa5a5c552f766b7fb94
2022-07-04,12.9,,ft,Approved,,2025-03-11T20:23:18.678347+00:00,5f7360d3ef2f4fa5a5c552f766b7fb94
2022-07-05,13.01,,ft,Approved,,2025-03-11T20:23:18.678347+00:00,5f7360d3ef2f4fa5a5c552f766b7fb94
2022-07-06,12.92,,ft,Approved,,2025-03-11T20:23:18.678347+00:00,5f7360d3ef2f4fa5a5c552f766b7fb94
2022-07-07,13.05,,ft,Approved,,2025-03-11T20:23:18.678347+00:00,5f7360d3ef2f4fa5a5c552f766b7fb94
2022-07-08,12.87,,ft,Approved,,2025-03-11T20:23:18.678347+00:00,5f7360d3ef2f4fa5a5c552f766b7fb94
2022-07-09,13.03,,ft,Approved,,2025-03-11T20:23:18.678347+00:00,5f7360d3ef2f4fa5a5c552f766b7fb94
2022-07-10,12.9,,ft,Approved,,2025-03-11T20:23:18.678347+00:00,5f7360d3ef2f4fa5a5c552f766b7fb94
2022-07-11,13.05,,ft,Approved,,2025-03-11T20:23:18.678347+00:00,5f7360d3ef2f4fa5a5c552f766b7fb94
2022-07-12,13.07,,ft,Approved,,2025-03-11T20:23:18.678347+00:00,5f7360d3ef2f4fa5a5c552f766b7fb94
2022-07-13,13.0,,ft,Approved,,2025-03-11T20:23:18.678347+00:00,5f7360d3ef2f4fa5a5c552f766b7fb94
2022-07-14,13.05,,ft,Approved,,2025-03-11T20:23:18.678347+00:00,5f7360d3ef2f4fa5a5c552f766b7fb94
2022-07-15,13.05,,ft,Approved,,2025-03-11T20:23:18.678347+00:00,5f7360d3ef2f4fa5a5c552f766b7fb94
2022-07-16,12.99,,ft,Approved,,2025-03-11T20:23:18.678347+00:00,5f7360d3ef2f4fa5a5c552f766b7fb94
2022-07-17,13.03,,ft,Approved,,2025-03-11T20:23:18.678347+00:00,5f7360d3ef2f4fa5a5c552f766b7fb94
2022-07-18,13.02,,ft,Approved,,2025-03-11T20:23:18.678347+00:00,5f7360d3ef2f4fa5a5c552f766b7fb94
2022-07-19,13.03,,ft,Approved,,2025-03-11T20:23:18.678347+00:00,5f7360d3ef2f4fa5a5c552f766b7fb94
2022-07-20,12.81,,ft,Approved,,2025-03-11T20:23:18.678347+00:00,5f7360d3ef2f4fa5a5c552f766b7fb94
2022-07-21,12.59,,ft,Approved,,2025-03-11T20:23:18.678347+00:00,5f7360d3ef2f4fa5a5c552f766b7fb94
2022-07-22,12.55,,ft,Approved,,2025-03-11T20:23:18.678347+00:00,5f7360d3ef2f4fa5a5c552f766b7fb94
2022-07-23,12.32,,ft,Approved,,2025-03-11T20:23:18.678347+00:00,5f7360d3ef2f4fa5a5c552f766b7fb94
2022-07-24,12.51,,ft,Approved,,2025-03-11T20:23:18.678347+00:00,5f7360d3ef2f4fa5a5c552f766b7fb94
2022-07-25,12.33,,ft,Approved,,2025-03-11T20:23:18.678347+00:00,5f7360d3ef2f4fa5a5c552f766b7fb94
2022-07-26,12.26,,ft,Approved,,2025-03-11T20:23:18.678347+00:00,5f7360d3ef2f4fa5a5c552f766b7fb94
2022-07-27,12.12,,ft,Approved,,2025-03-11T20:23:18.678347+00:00,5f7360d3ef2f4fa5a5c552f766b7fb94
2022-07-28,12.27,,ft,Approved,,2025-03-11T20:23:18.678347+00:00,5f7360d3ef2f4fa5a5c552f766b7fb94
2022-07-29,12.09,,ft,Approved,,2025-03-11T20:23:18.678347+00:00,5f7360d3ef2f4fa5a5c552f766b7fb94
2022-07-30,12.17,,ft,Approved,,2025-03-11T20:23:18.678347+00:00,5f7360d3ef2f4fa5a5c552f766b7fb94
2022-07-31,11.86,,ft,Approved,,2025-03-11T20:23:18.678347+00:00,5f7360d3ef2f4fa5a5c552f766b7fb94
2022-08-01,11.91,,ft,Approved,,2025-03-11T20:23:18.678347+00:00,5f7360d3ef2f4fa5a5c552f766b7fb94
2022-08-02,11.83,,ft,Approved,,2025-03-11T20:23:18.678347+00:00,5f7360d3ef2f4fa5a5c552f766b7fb94
2022-08-03,11.7,,ft,Approved,,2025-03-11T20:23:18.678347+00:00,5f7360d3ef2f4fa5a5c552f766b7fb94
2022-08-04,11.75,,ft,Approved,,2025-03-11T20:23:18.678347+00:00,5f7360d3ef2f4fa5a5c552f766b7fb94
2022-08-05,11.88,,ft,Approved,,2025-03-11T20:23:18.678347+00:00,5f7360d3ef2f4fa5a5c552f766b7fb94
2022-08-06,11.89,,ft,Approved,,2025-03-11T20:23:18.678347+00:00,5f7360d3ef2f4fa5a5c552f766b7fb94
2022-08-07,11.88,,ft,Approved,,2025-03-11T20:23:18.678347+00:00,5f7360d3ef2f4fa5a5c552f766b7fb94
2022-08-08,11.88,,ft,Approved,,2025-03-11T20:23:18.678347+00:00,5f7360d3ef2f4fa5a5c552f766b7fb94
2022-08-09,11.71,,ft,Approved,,2025-03-11T20:23:18.678347+00:00,5f7360d3ef2f4fa5a5c552f766b7fb94
2022-08-10,11.97,,ft,Approved,,2025-03-11T20:23:18.678347+00:00,5f7360d3ef2f4fa5a5c552f766b7fb94
2022-08-11,11.74,,ft,Approved,,2025-03-11T20:23:18.678347+00:00,5f7360d3ef2f4fa5a5c552f766b7fb94
2022-08-12,11.62,,ft,Approved,,2025-03-11T20:23:18.678347+00:00,5f7360d3ef2f4fa5a5c552f766b7fb94
2022-08-13,11.63,,ft,Approved,,2025-03-11T20:23:18.678347+00:00,5f7360d3ef2f4fa5a5c552f766b7fb94
2022-08-14,11.54,,ft,Approved,,2025-03-11T20:23:18.678347+00:00,5f7360d3ef2f4fa5a5c552f766b7fb94
2022-08-15,11.44,,ft,Approved,,2025-03-11T20:23:18.678347+00:00,5f7360d3ef2f4fa5a5c552f766b7fb94
2022-08-16,11.54,,ft,Approved,,2025-03-11T20:23:18.678347+00:00,5f7360d3ef2f4fa5a5c552f766b7fb94
2022-08-17,10.74,,ft,Approved,,2025-03-11T20:23:18.678347+00:00,5f7360d3ef2f4fa5a5c552f766b7fb94
2022-08-18,11.37,,ft,Approved,,2025-03-11T20:23:18.678347+00:00,5f7360d3ef2f4fa5a5c552f766b7fb94
2022-08-19,11.36,,ft,Approved,,2025-03-11T20:23:18.678347+00:00,5f7360d3ef2f4fa5a5c552f766b7fb94
2022-08-20,11.51,,ft,Approved,,2025-03-11T20:23:18.678347+00:00,5f7360d3ef2f4fa5a5c552f766b7fb94
2022-08-21,11.23,,ft,Approved,,2025-03-11T20:23:18.678347+00:00,5f7360d3ef2f4fa5a5c552f766b7fb94
2022-08-22,12.93,,ft,Approved,,2025-03-11T20:23:18.678347+00:00,5f7360d3ef2f4fa5a5c552f766b7fb94
2022-08-23,11.62,,ft,Approved,,2025-03-11T20:23:18.678347+00:00,5f7360d3ef2f4fa5a5c552f766b7fb94
2022-08-24,11.03,,ft,Approved,,2025-03-11T20:23:18.678347+00:00,5f7360d3ef2f4fa5a5c552f766b7fb94
2022-08-25,10.87,,ft,Approved,,2025-03-11T20:23:18.678347+00:00,5f7360d3ef2f4fa5a5c552f766b7fb94
2022-08-26,11.25,,ft,Approved,,2025-03-11T20:23:18.678347+00:00,5f7360d3ef2f4fa5a5c552f766b7fb94
2022-08-27,10.79,,ft,Approved,,2025-03-11T20:23:18.678347+00:00,5f7360d3ef2f4fa5a5c552f766b7fb94
2022-08-28,10.87,,ft,Approved,,2025-03-11T20:23:18.678347+00:00,5f7360d3ef2f4fa5a5c552f766b7fb94
2022-08-29,10.82,,ft,Approved,,2025-03-11T20:23:18.678347+00:00,5f7360d3ef2f4fa5a5c552f766b7fb94
2022-08-30,10.87,,ft,Approved,,2025-03-11T20:23:18.678347+00:00,5f7360d3ef2f4fa5a5c552f766b7fb94
2022-08-31,11.0,,ft,Approved,,2025-03-11T20:23:18.678347+00:00,5f7360d3ef2f4fa5a5c552f766b7fb94
2022-09-01,11.4,,ft,Approved,,2025-03-11T20:23:18.678347+00:00,5f7360d3ef2f4fa5a5c552f766b7fb94
2022-09-02,11.18,,ft,Approved,,2025-03-11T20:23:18.678347+00:00,5f7360d3ef2f4fa5a5c552f766b7fb94
2022-09-03,11.13,,ft,Approved,,2025-03-11T20:23:18.678347+00:00,5f7360d3ef2f4fa5a5c552f766b7fb94
2022-09-04,11.01,,ft,Approved,,2025-03-11T20:23:18.678347+00:00,5f7360d3ef2f4fa5a5c552f766b7fb94
2022-09-05,10.86,,ft,Approved,,2025-03-11T20:23:18.678347+00:00,5f7360d3ef2f4fa5a5c552f766b7fb94
2022-09-06,10.83,,ft,Approved,,2025-03-11T20:23:18.678347+00:00,5f7360d3ef2f4fa5a5c552f766b7fb94
2022-09-07,11.04,,ft,Approved,,2025-03-11T20:23:18.678347+00:00,5f7360d3ef2f4fa5a5c552f766b7fb94
2022-09-08,11.25,,ft,Approved,,2025-03-11T20:23:18.678347+00:00,5f7360d3ef2f4fa5a5c552f766b7fb94
2022-09-09,11.13,,ft,Approved,,2025-03-11T20:23:18.678347+00:00,5f7360d3ef2f4fa5a5c552f766b7fb94
2022-09-10,11.11,,ft,Approved,,2025-03-11T20:23:18.678347+00:00,5f7360d3ef2f4fa5a5c552f766b7fb94
2022-09-11,11.38,,ft,Approved,,2025-03-11T20:23:18.678347+00:00,5f7360d3ef2f4fa5a5c552f766b7fb94
2022-09-12,11.26,,ft,Approved,,2025-03-11T20:23:18.678347+00:00,5f7360d3ef2f4fa5a5c552f766b7fb94
2022-09-13,11.51,,ft,Approved,,2025-03-11T20:23:18.678347+00:00,5f7360d3ef2f4fa5a5c552f766b7fb94
2022-09-14,11.38,,ft,Approved,,2025-03-11T20:23:18.678347+00:00,5f7360d3ef2f4fa5a5c552f766b7fb94
2022-09-15,11.46,,ft,Approved,,2025-03-11T20:23:18.678347+00:00,5f7360d3ef2f4fa5a5c552f766b7fb94
2022-09-16,11.42,,ft,Approved,,2025-03-11T20:23:18.678347+00:00,5f7360d3ef2f4fa5a5c552f766b7fb94
2022-09-17,11.36,,ft,Approved,,2025-03-11T20:23:18.678347+00:00,5f7360d3ef2f4fa5a5c552f766b7fb94
2022-09-18,11.37,,ft,Approved,,2025-03-11T20:23:18.678347+00:00,5f7360d3ef2f4fa5a5c552f766b7fb94
2022-09-19,11.33,,ft,Approved,,2025-03-11T20:23:18.678347+00:00,5f7360d3ef2f4fa5a5c552f766b7fb94
2022-09-20,11.49,,ft,Approved,,2025-03-11T20:23:18.678347+00:00,5f7360d3ef2f4fa5a5c552f766b7fb94
2022-09-21,11.53,,ft,Approved,,2025-03-11T20:23:18.678347+00:00,5f7360d3ef2f4fa5a5c552f766b7fb94
2022-09-22,11.48,,ft,Approved,,2025-03-11T20:23:18.678347+00:00,5f7360d3ef2f4fa5a5c552f766b7fb94
2022-09-23,11.41,,ft,Approved,,2025-03-11T20:23:18.678347+00:00,5f7360d3ef2f4fa5a5c552f766b7fb94
2022-09-24,11.37,,ft,Approved,,2025-03-11T20:23:18.678347+00:00,5f7360d3ef2f4fa5a5c552f766b7fb94
2022-09-25,11.22,,ft,Approved,,2025-03-11T20:23:18.678347+00:00,5f7360d3ef2f4fa5a5c552f766b7fb94
2022-09-26,11.27,,ft,Approved,,2025-03-11T20:23:18.678347+00:00,5f7360d3ef2f4fa5a5c552f766b7fb94
2022-09-27,11.27,,ft,Approved,,2025-03-11T20:23:18.678347+00:00,5f7360d3ef2f4fa5a5c552f766b7fb94
2022-09-28,11.16,,ft,Approved,,2025-03-11T20:23:18.678347+00:00,5f7360d3ef2f4fa5a5c552f766b7fb94
2022-09-29,11.14,,ft,Approved,,2025-03-11T20:23:18.678347+00:00,5f7360d3ef2f4fa5a5c552f766b7fb94
2022-09-30,11.14,,ft,Approved,,2025-03-11T20:23:18.678347+00:00,5f7360d3ef2f4fa5a5c552f766b7fb94
2022-10-01,11.22,,ft,Approved,,2025-03-11T20:23:18.678347+00:00,5f7360d3ef2f4fa5a5c552f766b7fb94
2022-10-02,11.31,,ft,Approved,,2025-03-11T20:23:18.678347+00:00,5f7360d3ef2f4fa5a5c552f766b7fb94
2022-10-03,11.31,,ft,Approved,,2025-03-11T20:23:18.678347+00:00,5f7360d3ef2f4fa5a5c552f766b7fb94
2022-10-04,11.49,,ft,Approved,,2025-03-11T20:23:18.678347+00:00,5f7360d3ef2f4fa5a5c552f766b7fb94
2022-10-05,11.48,,ft,Approved,,2025-03-11T20:23:18.678347+00:00,5f7360d3ef2f4fa5a5c552f766b7fb94
2022-10-06,11.14,,ft,Approved,,2025-03-11T20:23:18.678347+00:00,5f7360d3ef2f4fa5a5c552f766b7fb94
2022-10-07,11.89,,ft,Approved,,2025-03-11T20:23:18.678347+00:00,5f7360d3ef2f4fa5a5c552f766b7fb94
2022-10-08,11.35,,ft,Approved,,2025-03-11T20:23:18.678347+00:00,5f7360d3ef2f4fa5a5c552f766b7fb94
2022-10-09,11.3,,ft,Approved,,2025-03-11T20:23:18.678347+00:00,5f7360d3ef2f4fa5a5c552f766b7fb94
2022-10-10,11.3,,ft,Approved,,2025-03-11T20:23:18.678347+00:00,5f7360d3ef2f4fa5a5c552f766b7fb94
2022-10-11,11.72,,ft,Approved,,2025-03-11T20:23:18.678347+00:00,5f7360d3ef2f4fa5a5c552f766b7fb94
2022-10-12,10.65,,ft,Approved,,2025-03-11T20:23:18.678347+00:00,5f7360d3ef2f4fa5a5c552f766b7fb94
2022-10-13,10.85,,ft,Approved,,2025-03-11T20:23:18.678347+00:00,5f7360d3ef2f4fa5a5c552f766b7fb94
2022-10-14,11.09,,ft,Approved,,2025-03-11T20:23:18.678347+00:00,5f7360d3ef2f4fa5a5c552f766b7fb94
2022-10-15,11.18,,ft,Approved,,2025-03-11T20:23:18.678347+00:00,5f7360d3ef2f4fa5a5c552f766b7fb94
2022-10-16,11.37,,ft,Approved,,2025-03-11T20:23:18.678347+00:00,5f7360d3ef2f4fa5a5c552f766b7fb94
2022-10-17,12.34,,ft,Approved,,2025-03-11T20:23:18.678347+00:00,5f7360d3ef2f4fa5a5c552f766b7fb94
2022-10-18,11.04,,ft,Approved,,2025-03-11T20:23:18.678347+00:00,5f7360d3ef2f4fa5a5c552f766b7fb94
2022-10-19,10.97,,ft,Approved,,2025-03-11T20:23:18.678347+00:00,5f7360d3ef2f4fa5a5c552f766b7fb94
2022-10-20,10.83,,ft,Approved,,2025-03-11T20:23:18.678347+00:00,5f7360d3ef2f4fa5a5c552f766b7fb94
2022-10-21,10.86,,ft,Approved,,2025-03-11T20:23:18.678347+00:00,5f7360d3ef2f4fa5a5c552f766b7fb94
2022-10-22,10.78,,ft,Approved,,2025-03-11T20:23:18.678347+00:00,5f7360d3ef2f4fa5a5c552f766b7fb94
2022-10-23,10.84,,ft,Approved,,2025-03-11T20:23:18.678347+00:00,5f7360d3ef2f4fa5a5c552f766b7fb94
2022-10-24,10.91,,ft,Approved,,2025-03-11T20:23:18.678347+00:00,5f7360d3ef2f4fa5a5c552f766b7fb94
2022-10-25,11.54,,ft,Approved,,2025-03-11T20:23:18.678347+00:00,5f7360d3ef2f4fa5a5c552f766b7fb94
2022-10-26,11.11,,ft,Approved,,2025-03-11T20:23:18.678347+00:00,5f7360d3ef2f4fa5a5c552f766b7fb94
2022-10-27,10.9,,ft,Approved,,2025-03-11T20:23:18.678347+00:00,5f7360d3ef2f4fa5a5c552f766b7fb94
2022-10-28,11.22,,ft,Approved,,2025-03-11T20:23:18.678347+00:00,5f7360d3ef2f4fa5a5c552f766b7fb94
2022-10-29,10.97,,ft,Approved,,2025-03-11T20:23:18.678347+00:00,5f7360d3ef2f4fa5a5c552f766b7fb94
2022-10-30,10.85,,ft,Approved,,2025-03-11T20:23:18.678347+00:00,5f7360d3ef2f4fa5a5c552f766b7fb94
2022-10-31,10.81,,ft,Approved,,2025-03-11T20:23:18.678347+00:00,5f7360d3ef2f4fa5a5c552f766b7fb94
2022-11-01,10.8,,ft,Approved,,2025-03-11T20:23:18.678347+00:00,5f7360d3ef2f4fa5a5c552f766b7fb94
2022-11-02,10.97,,ft,Approved,,2025-03-11T20:23:18.678347+00:00,5f7360d3ef2f4fa5a5c552f766b7fb94
2022-11-03,10.78,,ft,Approved,,2025-03-11T20:23:18.678347+00:00,5f7360d3ef2f4fa5a5c552f766b7fb94
2022-11-04,11.16,,ft,Approved,,2025-03-11T20:23:18.678347+00:00,5f7360d3ef2f4fa5a5c552f766b7fb94
2022-11-05,11.45,,ft,Approved,,2025-03-11T20:23:18.678347+00:00,5f7360d3ef2f4fa5a5c552f766b7fb94
2022-11-06,10.85,,ft,Approved,,2025-03-11T20:23:18.678347+00:00,5f7360d3ef2f4fa5a5c552f766b7fb94
2022-11-07,10.81,,ft,Approved,,2025-03-11T20:23:18.678347+00:00,5f7360d3ef2f4fa5a5c552f766b7fb94
2022-11-08,10.98,,ft,Approved,,2025-03-11T20:23:18.678347+00:00,5f7360d3ef2f4fa5a5c552f766b7fb94
2022-11-09,10.85,,ft,Approved,,2025-03-11T20:23:18.678347+00:00,5f7360d3ef2f4fa5a5c552f766b7fb94
2022-11-10,10.73,,ft,Approved,,2025-03-11T20:23:18.678347+00:00,5f7360d3ef2f4fa5a5c552f766b7fb94
2022-11-11,11.33,,ft,Approved,,2025-03-11T20:23:18.678347+00:00,5f7360d3ef2f4fa5a5c552f766b7fb94
2022-11-12,11.2,,ft,Approved,,2025-03-11T20:23:18.678347+00:00,5f7360d3ef2f4fa5a5c552f766b7fb94
2022-11-13,10.96,,ft,Approved,,2025-03-11T20:23:18.678347+00:00,5f7360d3ef2f4fa5a5c552f766b7fb94
2022-11-14,11.16,,ft,Approved,,2025-03-11T20:23:18.678347+00:00,5f7360d3ef2f4fa5a5c552f766b7fb94
2022-11-15,10.92,,ft,Approved,,2025-03-11T20:23:18.678347+00:00,5f7360d3ef2f4fa5a5c552f766b7fb94
2022-11-16,10.81,,ft,Approved,,2025-03-11T20:23:18.678347+00:00,5f7360d3ef2f4fa5a5c552f766b7fb94
2022-11-17,10.98,,ft,Approved,,2025-03-11T20:23:18.678347+00:00,5f7360d3ef2f4fa5a5c552f766b7fb94
2022-11-18,10.85,,ft,Approved,,2025-03-11T20:23:18.678347+00:00,5f7360d3ef2f4fa5a5c552f766b7fb94
2022-11-19,10.86,,ft,Approved,,2025-03-11T20:23:18.678347+00:00,5f7360d3ef2f4fa5a5c552f766b7fb94
2022-11-20,11.13,,ft,Approved,,2025-03-11T20:23:18.678347+00:00,5f7360d3ef2f4fa5a5c552f766b7fb94
2022-11-21,10.89,,ft,Approved,,2025-03-11T20:23:18.678347+00:00,5f7360d3ef2f4fa5a5c552f766b7fb94
2022-11-22,10.88,,ft,Approved,,2025-03-11T20:23:18.678347+00:00,5f7360d3ef2f4fa5a5c552f766b7fb94
2022-11-23,10.84,,ft,Approved,,2025-03-11T20:23:18.678347+00:00,5f7360d3ef2f4fa5a5c552f766b7fb94
2022-11-24,10.96,,ft,Approved,,2025-03-11T20:23:18.678347+00:00,5f7360d3ef2f4fa5a5c552f766b7fb94
2022-11-25,11.31,,ft,Approved,,2025-03-11T20:23:18.678347+00:00,5f7360d3ef2f4fa5a5c552f766b7fb94
2022-11-26,12.83,,ft,Approved,,2025-03-11T20:23:18.678347+00:00,5f7360d3ef2f4fa5a5c552f766b7fb94
2022-11-27,11.2,,ft,Approved,,2025-03-11T20:23:18.678347+00:00,5f7360d3ef2f4fa5a5c552f766b7fb94
2022-11-28,11.02,,ft,Approved,,2025-03-11T20:23:18.678347+00:00,5f7360d3ef2f4fa5a5c552f766b7fb94
2022-11-29,10.98,,ft,Approved,,2025-03-11T20:23:18.678347+00:00,5f7360d3ef2f4fa5a5c552f766b7fb94
2022-11-30,10.96,,ft,Approved,,2025-03-11T20:23:18.678347+00:00,5f7360d3ef2f4fa5a5c552f766b7fb94
2022-12-01,11.14,,ft,Approved,,2025-03-11T20:23:18.678347+00:00,5f7360d3ef2f4fa5a5c552f766b7fb94
2022-12-02,10.91,,ft,Approved,,2025-03-11T20:23:18.678347+00:00,5f7360d3ef2f4fa5a5c552f766b7fb94
2022-12-03,10.85,,ft,Approved,,2025-03-11T20:23:18.678347+00:00,5f7360d3ef2f4fa5a5c552f766b7fb94
2022-12-04,10.84,,ft,Approved,,2025-03-11T20:23:18.678347+00:00,5f7360d3ef2f4fa5a5c552f766b7fb94
2022-12-05,10.83,,ft,Approved,,2025-03-11T20:23:18.678347+00:00,5f7360d3ef2f4fa5a5c552f766b7fb94
2022-12-06,10.82,,ft,Approved,,2025-03-11T20:23:18.678347+00:00,5f7360d3ef2f4fa5a5c552f766b7fb94
2022-12-07,11.09,,ft,Approved,,2025-03-11T20:23:18.678347+00:00,5f7360d3ef2f4fa5a5c552f766b7fb94
2022-12-08,10.84,,ft,Approved,,2025-03-11T20:23:18.678347+00:00,5f7360d3ef2f4fa5a5c552f766b7fb94
2022-12-09,10.79,,ft,Approved,,2025-03-11T20:23:18.678347+00:00,5f7360d3ef2f4fa5a5c552f766b7fb94
2022-12-10,11.05,,ft,Approved,,2025-03-11T20:23:18.678347+00:00,5f7360d3ef2f4fa5a5c552f766b7fb94
2022-12-11,11.63,,ft,Approved,,2025-03-11T20:23:18.678347+00:00,5f7360d3ef2f4fa5a5c552f766b7fb94
2022-12-12,10.9,,ft,Approved,,2025-03-11T20:23:18.678347+00:00,5f7360d3ef2f4fa5a5c552f766b7fb94
2022-12-13,10.71,,ft,Approved,,2025-03-11T20:23:18.678347+00:00,5f7360d3ef2f4fa5a5c552f766b7fb94
2022-12-14,10.76,,ft,Approved,,2025-03-11T20:23:18.678347+00:00,5f7360d3ef2f4fa5a5c552f766b7fb94
2022-12-15,10.76,,ft,Approved,,2025-03-11T20:23:18.678347+00:00,5f7360d3ef2f4fa5a5c552f766b7fb94
2022-12-16,10.8,,ft,Approved,,2025-03-11T20:23:18.678347+00:00,5f7360d3ef2f4fa5a5c552f766b7fb94
2022-12-17,10.81,,ft,Approved,,2025-03-11T20:23:18.678347+00:00,5f7360d3ef2f4fa5a5c552f766b7fb94
2022-12-18,10.91,,ft,Approved,,2025-03-11T20:23:18.678347+00:00,5f7360d3ef2f4fa5a5c552f766b7fb94
2022-12-19,12.63,,ft,Approved,,2025-03-11T20:23:18.678347+00:00,5f7360d3ef2f4fa5a5c552f766b7fb94
2022-12-20,11.3,,ft,Approved,,2025-03-11T20:23:18.678347+00:00,5f7360d3ef2f4fa5a5c552f766b7fb94
2022-12-21,11.08,,ft,Approved,,2025-03-11T20:23:18.678347+00:00,5f7360d3ef2f4fa5a5c552f766b7fb94
2022-12-22,11.02,,ft,Approved,,2025-03-11T20:23:18.678347+00:00,5f7360d3ef2f4fa5a5c552f766b7fb94
2022-12-23,10.99,,ft,Approved,,2025-03-11T20:23:18.678347+00:00,5f7360d3ef2f4fa5a5c552f766b7fb94
2022-12-24,10.94,,ft,Approved,,2025-03-11T20:23:18.678347+00:00,5f7360d3ef2f4fa5a5c552f766b7fb94
2022-12-25,11.07,,ft,Approved,,2025-03-11T20:23:18.678347+00:00,5f7360d3ef2f4fa5a5c552f766b7fb94
2022-12-26,10.97,,ft,Approved,,2025-03-11T20:23:18.678347+00:00,5f7360d3ef2f4fa5a5c552f766b7fb94
2022-12-27,11.04,,ft,Approved,,2025-03-11T20:23:18.678347+00:00,5f7360d3ef2f4fa5a5c552f766b7fb94
2022-12-28,10.94,,ft,Approved,,2025-03-11T20:23:18.678347+00:00,5f7360d3ef2f4fa5a5c552f766b7fb94
2022-12-29,11.01,,ft,Approved,,2025-03-11T20:23:18.678347+00:00,5f7360d3ef2f4fa5a5c552f766b7fb94
2022-12-30,10.99,,ft,Approved,,2025-03-11T20:23:18.678347+00:00,5f7360d3ef2f4fa5a5c552f766b7fb94
2022-12-31,11.01,,ft,Approved,,2025-03-11T20:23:18.678347+00:00,5f7360d3ef2f4fa5a5c552f766b7fb94
2023-01-01,10.98,,ft,Approved,,2025-03-11T20:23:18.678347+00:00,5f7360d3ef2f4fa5a5c552f766b7fb94
2023-01-02,11.01,,ft,Approved,,2025-03-11T20:23:18.678347+00:00,5f7360d3ef2f4fa5a5c552f766b7fb94
2023-01-03,10.99,,ft,Approved,,2025-03-11T20:23:18.678347+00:00,5f7360d3ef2f4fa5a5c552f766b7fb94
2023-01-04,11.45,,ft,Approved,,2025-03-11T20:23:18.678347+00:00,5f7360d3ef2f4fa5a5c552f766b7fb94
2023-01-05,10.71,,ft,Approved,,2025-03-11T20:23:18.678347+00:00,5f7360d3ef2f4fa5a5c552f766b7fb94
2023-01-06,10.96,,ft,Approved,,2025-03-11T20:23:18.678347+00:00,5f7360d3ef2f4fa5a5c552f766b7fb94
2023-01-07,11.01,,ft,Approved,,2025-03-11T20:23:18.678347+00:00,5f7360d3ef2f4fa5a5c552f766b7fb94
2023-01-08,10.98,,ft,Approved,,2025-03-11T20:23:18.678347+00:00,5f7360d3ef2f4fa5a5c552f766b7fb94
2023-01-09,10.96,,ft,Approved,,2025-03-11T20:23:18.678347+00:00,5f7360d3ef2f4fa5a5c552f766b7fb94
2023-01-10,11.06,,ft,Approved,,2025-03-11T20:23:18.678347+00:00,5f7360d3ef2f4fa5a5c552f766b7fb94
2023-01-11,11.1,,ft,Approved,,2025-03-11T20:23:18.678347+00:00,5f7360d3ef2f4fa5a5c552f766b7fb94
2023-01-12,11.08,,ft,Approved,,2025-03-11T20:23:18.678347+00:00,5f7360d3ef2f4fa5a5c552f766b7fb94
2023-01-13,11.25,,ft,Approved,,2025-03-11T20:23:18.678347+00:00,5f7360d3ef2f4fa5a5c552f766b7fb94
2023-01-14,10.99,,ft,Approved,,2025-03-11T20:23:18.678347+00:00,5f7360d3ef2f4fa5a5c552f766b7fb94
2023-01-15,11.23,,ft,Approved,,2025-03-11T20:23:18.678347+00:00,5f7360d3ef2f4fa5a5c552f766b7fb94
2023-01-16,11.03,,ft,Approved,,2025-03-11T20:23:18.678347+00:00,5f7360d3ef2f4fa5a5c552f766b7fb94
2023-01-17,11.27,,ft,Approved,,2025-03-11T20:23:18.678347+00:00,5f7360d3ef2f4fa5a5c552f766b7fb94
2023-01-18,10.99,,ft,Approved,,2025-03-11T20:23:18.678347+00:00,5f7360d3ef2f4fa5a5c552f766b7fb94
2023-01-19,11.29,,ft,Approved,,2025-03-11T20:23:18.678347+00:00,5f7360d3ef2f4fa5a5c552f766b7fb94
2023-01-20,10.97,,ft,Approved,,2025-03-11T20:23:18.678347+00:00,5f7360d3ef2f4fa5a5c552f766b7fb94
2023-01-21,11.28,,ft,Approved,,2025-03-11T20:23:18.678347+00:00,5f7360d3ef2f4fa5a5c552f766b7fb94
2023-01-22,10.95,,ft,Approved,,2025-03-11T20:23:18.678347+00:00,5f7360d3ef2f4fa5a5c552f766b7fb94
2023-01-23,11.29,,ft,Approved,,2025-03-11T20:23:18.678347+00:00,5f7360d3ef2f4fa5a5c552f766b7fb94
2023-01-24,11.37,,ft,Approved,,2025-03-11T20:23:18.678347+00:00,5f7360d3ef2f4fa5a5c552f766b7fb94
2023-01-25,11.17,,ft,Approved,,2025-03-11T20:23:18.678347+00:00,5f7360d3ef2f4fa5a5c552f766b7fb94
2023-01-26,11.25,,ft,Approved,,2025-03-11T20:23:18.678347+00:00,5f7360d3ef2f4fa5a5c552f766b7fb94
2023-01-27,11.05,,ft,Approved,,2025-03-11T20:23:18.678347+00:00,5f7360d3ef2f4fa5a5c552f766b7fb94
2023-01-28,11.09,,ft,Approved,,2025-03-11T20:23:18.678347+00:00,5f7360d3ef2f4fa5a5c552f766b7fb94
2023-01-29,11.17,,ft,Approved,,2025-03-11T20:23:18.678347+00:00,5f7360d3ef2f4fa5a5c552f766b7fb94
2023-01-30,11.08,,ft,Approved,,2025-03-11T20:23:18.678347+00:00,5f7360d3ef2f4fa5a5c552f766b7fb94
2023-01-31,11.09,,ft,Approved,,2025-03-11T20:23:18.678347+00:00,5f7360d3ef2f4fa5a5c552f766b7fb94
2023-02-01,11.84,,ft,Approved,,2025-03-11T20:23:18.678347+00:00,5f7360d3ef2f4fa5a5c552f766b7fb94
2023-02-02,11.49,,ft,Approved,,2025-03-11T20:23:18.678347+00:00,5f7360d3ef2f4fa5a5c552f766b7fb94
2023-02-03,11.22,,ft,Approved,,2025-03-11T20:23:18.678347+00:00,5f7360d3ef2f4fa5a5c552f766b7fb94
2023-02-04,11.06,,ft,Approved,,2025-03-11T20:23:18.678347+00:00,5f7360d3ef2f4fa5a5c552f766b7fb94
2023-02-05,11.01,,ft,Approved,,2025-03-11T20:23:18.678347+00:00,5f7360d3ef2f4fa5a5c552f766b7fb94
2023-02-06,10.98,,ft,Approved,,2025-03-11T20:23:18.678347+00:00,5f7360d3ef2f4fa5a5c552f766b7fb94
2023-02-07,10.98,,ft,Approved,,2025-03-11T20:23:18.678347+00:00,5f7360d3ef2f4fa5a5c552f766b7fb94
2023-02-08,11.39,,ft,Approved,,2025-03-11T20:23:18.678347+00:00,5f7360d3ef2f4fa5a5c552f766b7fb94
2023-02-09,11.12,,ft,Approved,,2025-03-11T20:23:18.678347+00:00,5f7360d3ef2f4fa5a5c552f766b7fb94
2023-02-10,11.03,,ft,Approved,,2025-03-11T20:23:18.678347+00:00,5f7360d3ef2f4fa5a5c552f766b7fb94
2023-02-11,10.96,,ft,Approved,,2025-03-11T20:23:18.678347+00:00,5f7360d3ef2f4fa5a5c552f766b7fb94
2023-02-12,10.94,,ft,Approved,,2025-03-11T20:23:18.678347+00:00,5f7360d3ef2f4fa5a5c552f766b7fb94
2023-02-13,10.93,,ft,Approved,,2025-03-11T20:23:18.678347+00:00,5f7360d3ef2f4fa5a5c552f766b7fb94
2023-02-14,10.93,,ft,Approved,,2025-03-11T20:23:18.678347+00:00,5f7360d3ef2f4fa5a5c552f766b7fb94
2023-02-15,10.91,,ft,Approved,,2025-03-11T20:23:18.678347+00:00,5f7360d3ef2f4fa5a5c552f766b7fb94
2023-02-16,11.08,,ft,Approved,,2025-03-11T20:23:18.678347+00:00,5f7360d3ef2f4fa5a5c552f766b7fb94
2023-02-17,10.99,,ft,Approved,,2025-03-11T20:23:18.678347+00:00,5f7360d3ef2f4fa5a5c552f766b7fb94
2023-02-18,10.98,,ft,Approved,,2025-03-11T20:23:18.678347+00:00,5f7360d3ef2f4fa5a5c552f766b7fb94
2023-02-19,11.02,,ft,Approved,,2025-03-11T20:23:18.678347+00:00,5f7360d3ef2f4fa5a5c552f766b7fb94
2023-02-20,10.93,,ft,Approved,,2025-03-11T20:23:18.678347+00:00,5f7360d3ef2f4fa5a5c552f766b7fb94
2023-02-21,11.1,,ft,Approved,,2025-03-11T20:23:18.678347+00:00,5f7360d3ef2f4fa5a5c552f766b7fb94
2023-02-22,11.03,,ft,Approved,,2025-03-11T20:23:18.678347+00:00,5f7360d3ef2f4fa5a5c552f766b7fb94
2023-02-23,10.95,,ft,Approved,,2025-03-11T20:23:18.678347+00:00,5f7360d3ef2f4fa5a5c552f766b7fb94
2023-02-24,11.0,,ft,Approved,,2025-03-11T20:23:18.678347+00:00,5f7360d3ef2f4fa5a5c552f766b7fb94
2023-02-25,10.93,,ft,Approved,,2025-03-11T20:23:18.678347+00:00,5f7360d3ef2f4fa5a5c552f766b7fb94
2023-02-26,10.99,,ft,Approved,,2025-03-11T20:23:18.678347+00:00,5f7360d3ef2f4fa5a5c552f766b7fb94
2023-02-27,10.9,,ft,Approved,,2025-03-11T20:23:18.678347+00:00,5f7360d3ef2f4fa5a5c552f766b7fb94
2023-02-28,10.98,,ft,Approved,,2025-03-11T20:23:18.678347+00:00,5f7360d3ef2f4fa5a5c552f766b7fb94
2023-03-01,10.92,,ft,Approved,,2025-03-11T20:23:18.678347+00:00,5f7360d3ef2f4fa5a5c552f766b7fb94
2023-03-02,11.11,,ft,Approved,,2025-03-11T20:23:18.678347+00:00,5f7360d3ef2f4fa5a5c552f766b7fb94
2023-03-03,11.62,,ft,Approved,,2025-03-11T20:23:18.678347+00:00,5f7360d3ef2f4fa5a5c552f766b7fb94
2023-03-04,11.09,,ft,Approved,,2025-03-11T20:23:18.678347+00:00,5f7360d3ef2f4fa5a5c552f766b7fb94
2023-03-05,11.01,,ft,Approved,,2025-03-11T20:23:18.678347+00:00,5f7360d3ef2f4fa5a5c552f766b7fb94
2023-03-06,11.04,,ft,Approved,,2025-03-11T20:23:18.678347+00:00,5f7360d3ef2f4fa5a5c552f766b7fb94
2023-03-07,10.93,,ft,Approved,,2025-03-11T20:23:18.678347+00:00,5f7360d3ef2f4fa5a5c552f766b7fb94
2023-03-08,11.01,,ft,Approved,,2025-03-11T20:23:18.678347+00:00,5f7360d3ef2f4fa5a5c552f766b7fb94
2023-03-09,10.91,,ft,Approved,,2025-03-11T20:23:18.678347+00:00,5f7360d3ef2f4fa5a5c552f766b7fb94
2023-03-10,11.01,,ft,Approved,,2025-03-11T20:23:18.678347+00:00,5f7360d3ef2f4fa5a5c552f766b7fb94
2023-03-11,10.9,,ft,Approved,,2025-03-11T20:23:18.678347+00:00,5f7360d3ef2f4fa5a5c552f766b7fb94
2023-03-12,11.1,,ft,Approved,,2025-03-11T20:23:18.678347+00:00,5f7360d3ef2f4fa5a5c552f766b7fb94
2023-03-13,11.06,,ft,Approved,,2025-03-11T20:23:18.678347+00:00,5f7360d3ef2f4fa5a5c552f766b7fb94
2023-03-14,11.1,,ft,Approved,,2025-03-11T20:23:18.678347+00:00,5f7360d3ef2f4fa5a5c552f766b7fb94
2023-03-15,11.05,,ft,Approved,,2025-03-11T20:23:18.678347+00:00,5f7360d3ef2f4fa5a5c552f766b7fb94
2023-03-16,11.3,,ft,Approved,,2025-03-11T20:23:18.678347+00:00,5f7360d3ef2f4fa5a5c552f766b7fb94
2023-03-17,11.26,,ft,Approved,,2025-03-11T20:23:18.678347+00:00,5f7360d3ef2f4fa5a5c552f766b7fb94
2023-03-18,10.94,,ft,Approved,,2025-03-11T20:23:18.678347+00:00,5f7360d3ef2f4fa5a5c552f766b7fb94
2023-03-19,10.96,,ft,Approved,,2025-03-11T20:23:18.678347+00:00,5f7360d3ef2f4fa5a5c552f766b7fb94
2023-03-20,11.05,,ft,Approved,,2025-03-11T20:23:18.678347+00:00,5f7360d3ef2f4fa5a5c552f766b7fb94
2023-03-21,11.12,,ft,Approved,,2025-03-11T20:23:18.678347+00:00,5f7360d3ef2f4fa5a5c552f766b7fb94
2023-03-22,11.16,,ft,Approved,,2025-03-11T20:23:18.678347+00:00,5f7360d3ef2f4fa5a5c552f766b7fb94
2023-03-23,11.11,,ft,Approved,,2025-03-11T20:23:18.678347+00:00,5f7360d3ef2f4fa5a5c552f766b7fb94
2023-03-24,11.14,,ft,Approved,,2025-03-11T20:23:18.678347+00:00,5f7360d3ef2f4fa5a5c552f766b7fb94
2023-03-25,11.03,,ft,Approved,,2025-03-11T20:23:18.678347+00:00,5f7360d3ef2f4fa5a5c552f766b7fb94
2023-03-26,10.95,,ft,Approved,,2025-03-11T20:23:18.678347+00:00,5f7360d3ef2f4fa5a5c552f766b7fb94
2023-03-27,11.04,,ft,Approved,,2025-03-11T20:23:18.678347+00:00,5f7360d3ef2f4fa5a5c552f766b7fb94
2023-03-28,11.06,,ft,Approved,,2025-03-11T20:23:18.678347+00:00,5f7360d3ef2f4fa5a5c552f766b7fb94
2023-03-29,11.05,,ft,Approved,,2025-03-11T20:23:18.678347+00:00,5f7360d3ef2f4fa5a5c552f766b7fb94
2023-03-30,11.06,,ft,Approved,,2025-03-11T20:23:18.678347+00:00,5f7360d3ef2f4fa5a5c552f766b7fb94
2023-03-31,10.97,,ft,Approved,,2025-03-11T20:23:18.678347+00:00,5f7360d3ef2f4fa5a5c552f766b7fb94
2023-04-01,10.89,,ft,Approved,,2025-03-11T20:23:18.678347+00:00,5f7360d3ef2f4fa5a5c552f766b7fb94
2023-04-02,11.03,,ft,Approved,,2025-03-11T20:23:18.678347+00:00,5f7360d3ef2f4fa5a5c552f766b7fb94
2023-04-03,11.08,,ft,Approved,,2025-03-11T20:23:18.678347+00:00,5f7360d3ef2f4fa5a5c552f766b7fb94
2023-04-04,11.02,,ft,Approved,,2025-03-11T20:23:18.678347+00:00,5f7360d3ef2f4fa5a5c552f766b7fb94
2023-04-05,10.98,,ft,Approved,,2025-03-11T20:23:18.678347+00:00,5f7360d3ef2f4fa5a5c552f766b7fb94
2023-04-06,12.23,,ft,Approved,,2025-03-11T20:23:18.678347+00:00,5f7360d3ef2f4fa5a5c552f766b7fb94
2023-04-07,11.85,,ft,Approved,,2025-03-11T20:23:18.678347+00:00,5f7360d3ef2f4fa5a5c552f766b7fb94
2023-04-08,11.24,,ft,Approved,,2025-03-11T20:23:18.678347+00:00,5f7360d3ef2f4fa5a5c552f766b7fb94
2023-04-09,11.09,,ft,Approved,,2025-03-11T20:23:18.678347+00:00,5f7360d3ef2f4fa5a5c552f766b7fb94
2023-04-10,11.16,,ft,Approved,,2025-03-11T20:23:18.678347+00:00,5f7360d3ef2f4fa5a5c552f766b7fb94
2023-04-11,11.08,,ft,Approved,,2025-03-11T20:23:18.678347+00:00,5f7360d3ef2f4fa5a5c552f766b7fb94
2023-04-12,10.95,,ft,Approved,,2025-03-11T20:23:18.678347+00:00,5f7360d3ef2f4fa5a5c552f766b7fb94
2023-04-13,10.9,,ft,Approved,,2025-03-11T20:23:18.678347+00:00,5f7360d3ef2f4fa5a5c552f766b7fb94
2023-04-14,10.88,,ft,Approved,,2025-03-11T20:23:18.678347+00:00,5f7360d3ef2f4fa5a5c552f766b7fb94
2023-04-15,10.88,,ft,Approved,,2025-03-11T20:23:18.678347+00:00,5f7360d3ef2f4fa5a5c552f766b7fb94
2023-04-16,10.87,,ft,Approved,,2025-03-11T20:23:18.678347+00:00,5f7360d3ef2f4fa5a5c552f766b7fb94
2023-04-17,10.84,,ft,Approved,,2025-03-11T20:23:18.678347+00:00,5f7360d3ef2f4fa5a5c552f766b7fb94
2023-04-18,10.88,,ft,Approved,,2025-03-11T20:23:18.678347+00:00,5f7360d3ef2f4fa5a5c552f766b7fb94
2023-04-19,10.99,,ft,Approved,,2025-03-11T20:23:18.678347+00:00,5f7360d3ef2f4fa5a5c552f766b7fb94
2023-04-20,11.01,,ft,Approved,,2025-03-11T20:23:18.678347+00:00,5f7360d3ef2f4fa5a5c552f766b7fb94
2023-04-21,13.8,,ft,Approved,,2025-03-11T20:23:18.678347+00:00,5f7360d3ef2f4fa5a5c552f766b7fb94
2023-04-22,11.86,,ft,Approved,,2025-03-11T20:23:18.678347+00:00,5f7360d3ef2f4fa5a5c552f766b7fb94
2023-04-23,11.55,,ft,Approved,,2025-03-11T20:23:18.678347+00:00,5f7360d3ef2f4fa5a5c552f766b7fb94
2023-04-24,11.42,,ft,Approved,,2025-03-11T20:23:18.678347+00:00,5f7360d3ef2f4fa5a5c552f766b7fb94
2023-04-25,11.38,,ft,Approved,,2025-03-11T20:23:18.678347+00:00,5f7360d3ef2f4fa5a5c552f766b7fb94
2023-04-26,11.4,,ft,Approved,,2025-03-11T20:23:18.678347+00:00,5f7360d3ef2f4fa5a5c552f766b7fb94
2023-04-27,12.67,,ft,Approved,,2025-03-11T20:23:18.678347+00:00,5f7360d3ef2f4fa5a5c552f766b7fb94
2023-04-28,12.06,,ft,Approved,,2025-03-11T20:23:18.678347+00:00,5f7360d3ef2f4fa5a5c552f766b7fb94
2023-04-29,12.19,,ft,Approved,,2025-03-11T20:23:18.678347+00:00,5f7360d3ef2f4fa5a5c552f766b7fb94
2023-04-30,11.65,,ft,Approved,,2025-03-11T20:23:18.678347+00:00,5f7360d3ef2f4fa5a5c552f766b7fb94
2023-05-01,11.48,,ft,Approved,,2025-03-11T20:23:18.678347+00:00,5f7360d3ef2f4fa5a5c552f766b7fb94
2023-05-02,11.38,,ft,Approved,,2025-03-11T20:23:18.678347+00:00,5f7360d3ef2f4fa5a5c552f766b7fb94
2023-05-03,11.35,,ft,Approved,,2025-03-11T20:23:18.678347+00:00,5f7360d3ef2f4fa5a5c552f766b7fb94
2023-05-04,11.31,,ft,Approved,,2025-03-11T20:23:18.678347+00:00,5f7360d3ef2f4fa5a5c552f766b7fb94
2023-05-05,11.31,,ft,Approved,,2025-03-11T20:23:18.678347+00:00,5f7360d3ef2f4fa5a5c552f766b7fb94
2023-05-06,11.43,,ft,Approved,,2025-03-11T20:23:18.678347+00:00,5f7360d3ef2f4fa5a5c552f766b7fb94
2023-05-07,11.32,,ft,Approved,,2025-03-11T20:23:18.678347+00:00,5f7360d3ef2f4fa5a5c552f766b7fb94
2023-05-08,11.26,,ft,Approved,,2025-03-11T20:23:18.678347+00:00,5f7360d3ef2f4fa5a5c552f766b7fb94
2023-05-09,11.27,,ft,Approved,,2025-03-11T20:23:18.678347+00:00,5f7360d3ef2f4fa5a5c552f766b7fb94
2023-05-10,11.4,,ft,Approved,,2025-03-11T20:23:18.678347+00:00,5f7360d3ef2f4fa5a5c552f766b7fb94
2023-05-11,11.3,,ft,Approved,,2025-03-11T20:23:18.678347+00:00,5f7360d3ef2f4fa5a5c552f766b7fb94
2023-05-12,11.19,,ft,Approved,,2025-03-11T20:23:18.678347+00:00,5f7360d3ef2f4fa5a5c552f766b7fb94
2023-05-13,13.67,,ft,Approved,,2025-03-11T20:23:18.678347+00:00,5f7360d3ef2f4fa5a5c552f766b7fb94
2023-05-14,12.33,,ft,Approved,,2025-03-11T20:23:18.678347+00:00,5f7360d3ef2f4fa5a5c552f766b7fb94
2023-05-15,12.21,,ft,Approved,,2025-03-11T20:23:18.678347+00:00,5f7360d3ef2f4fa5a5c552f766b7fb94
2023-05-16,12.52,,ft,Approved,,2025-03-11T20:23:18.678347+00:00,5f7360d3ef2f4fa5a5c552f766b7fb94
2023-05-17,11.75,,ft,Approved,,2025-03-11T20:23:18.678347+00:00,5f7360d3ef2f4fa5a5c552f766b7fb94
2023-05-18,11.62,,ft,Approved,,2025-03-11T20:23:18.678347+00:00,5f7360d3ef2f4fa5a5c552f766b7fb94
2023-05-19,11.53,,ft,Approved,,2025-03-11T20:23:18.678347+00:00,5f7360d3ef2f4fa5a5c552f766b7fb94
2023-05-20,11.47,,ft,Approved,,2025-03-11T20:23:18.678347+00:00,5f7360d3ef2f4fa5a5c552f766b7fb94
2023-05-21,11.43,,ft,Approved,,2025-03-11T20:23:18.678347+00:00,5f7360d3ef2f4fa5a5c552f766b7fb94
2023-05-22,11.39,,ft,Approved,,2025-03-11T20:23:18.678347+00:00,5f7360d3ef2f4fa5a5c552f766b7fb94
2023-05-23,11.35,,ft,Approved,,2025-03-11T20:23:18.678347+00:00,5f7360d3ef2f4fa5a5c552f766b7fb94
2023-05-24,12.18,,ft,Approved,,2025-03-11T20:23:18.678347+00:00,5f7360d3ef2f4fa5a5c552f766b7fb94
2023-05-25,11.65,,ft,Approved,,2025-03-11T20:23:18.678347+00:00,5f7360d3ef2f4fa5a5c552f766b7fb94
2023-05-26,11.48,,ft,Approved,,2025-03-11T20:23:18.678347+00:00,5f7360d3ef2f4fa5a5c552f766b7fb94
2023-05-27,11.42,,ft,Approved,,2025-03-11T20:23:18.678347+00:00,5f7360d3ef2f4fa5a5c552f766b7fb94
2023-05-28,11.34,,ft,Approved,,2025-03-11T20:23:18.678347+00:00,5f7360d3ef2f4fa5a5c552f766b7fb94
2023-05-29,11.32,,ft,Approved,,2025-03-11T20:23:18.678347+00:00,5f7360d3ef2f4fa5a5c552f766b7fb94
2023-05-30,11.58,,ft,Approved,,2025-03-11T20:23:18.678347+00:00,5f7360d3ef2f4fa5a5c552f766b7fb94
2023-05-31,11.66,,ft,Approved,,2025-03-11T20:23:18.678347+00:00,5f7360d3ef2f4fa5a5c552f766b7fb94
2023-06-01,11.68,,ft,Approved,,2025-03-11T20:23:18.678347+00:00,5f7360d3ef2f4fa5a5c552f766b7fb94
2023-06-02,11.87,,ft,Approved,,2025-03-11T20:23:18.678347+00:00,5f7360d3ef2f4fa5a5c552f766b7fb94
2023-06-03,12.01,,ft,Approved,,2025-03-11T20:23:18.678347+00:00,5f7360d3ef2f4fa5a5c552f766b7fb94
2023-06-04,12.05,,ft,Approved,,2025-03-11T20:23:18.678347+00:00,5f7360d3ef2f4fa5a5c552f766b7fb94
2023-06-05,12.43,,ft,Approved,,2025-03-11T20:23:18.678347+00:00,5f7360d3ef2f4fa5a5c552f766b7fb94
2023-06-06,11.61,,ft,Approved,,2025-03-11T20:23:18.678347+00:00,5f7360d3ef2f4fa5a5c552f766b7fb94
2023-06-07,11.36,,ft,Approved,,2025-03-11T20:23:18.678347+00:00,5f7360d3ef2f4fa5a5c552f766b7fb94
2023-06-08,11.24,,ft,Approved,,2025-03-11T20:23:18.678347+00:00,5f7360d3ef2f4fa5a5c552f766b7fb94
2023-06-09,11.21,,ft,Approved,,2025-03-11T20:23:18.678347+00:00,5f7360d3ef2f4fa5a5c552f766b7fb94
2023-06-10,11.8,,ft,Approved,,2025-03-11T20:23:18.678347+00:00,5f7360d3ef2f4fa5a5c552f766b7fb94
2023-06-11,11.74,,ft,Approved,,2025-03-11T20:23:18.678347+00:00,5f7360d3ef2f4fa5a5c552f766b7fb94
2023-06-12,11.95,,ft,Approved,,2025-03-11T20:23:18.678347+00:00,5f7360d3ef2f4fa5a5c552f766b7fb94
2023-06-13,11.96,,ft,Approved,,2025-03-11T20:23:18.678347+00:00,5f7360d3ef2f4fa5a5c552f766b7fb94
2023-06-14,12.15,,ft,Approved,,2025-03-11T20:23:18.678347+00:00,5f7360d3ef2f4fa5a5c552f766b7fb94
2023-06-15,12.13,,ft,Approved,,2025-03-11T20:23:18.678347+00:00,5f7360d3ef2f4fa5a5c552f766b7fb94
2023-06-16,12.08,,ft,Approved,,2025-03-11T20:23:18.678347+00:00,5f7360d3ef2f4fa5a5c552f766b7fb94
2023-06-17,12.26,,ft,Approved,,2025-03-11T20:23:18.678347+00:00,5f7360d3ef2f4fa5a5c552f766b7fb94
2023-06-18,12.09,,ft,Approved,,2025-03-11T20:23:18.678347+00:00,5f7360d3ef2f4fa5a5c552f766b7fb94
2023-06-19,12.03,,ft,Approved,,2025-03-11T20:23:18.678347+00:00,5f7360d3ef2f4fa5a5c552f766b7fb94
2023-06-20,12.17,,ft,Approved,,2025-03-11T20:23:18.678347+00:00,5f7360d3ef2f4fa5a5c552f766b7fb94
2023-06-21,12.24,,ft,Approved,,2025-03-11T20:23:18.678347+00:00,5f7360d3ef2f4fa5a5c552f766b7fb94
2023-06-22,12.21,,ft,Approved,,2025-03-11T20:23:18.678347+00:00,5f7360d3ef2f4fa5a5c552f766b7fb94
2023-06-23,12.02,,ft,Approved,,2025-03-11T20:23:18.678347+00:00,5f7360d3ef2f4fa5a5c552f766b7fb94
2023-06-24,12.0,,ft,Approved,,2025-03-11T20:23:18.678347+00:00,5f7360d3ef2f4fa5a5c552f766b7fb94
2023-06-25,12.0,,ft,Approved,,2025-03-11T20:23:18.678347+00:00,5f7360d3ef2f4fa5a5c552f766b7fb94
2023-06-26,11.99,,ft,Approved,,2025-03-11T20:23:18.678347+00:00,5f7360d3ef2f4fa5a5c552f766b7fb94
2023-06-27,12.01,,ft,Approved,,2025-03-11T20:23:18.678347+00:00,5f7360d3ef2f4fa5a5c552f766b7fb94
2023-06-28,11.93,,ft,Approved,,2025-03-11T20:23:18.678347+00:00,5f7360d3ef2f4fa5a5c552f766b7fb94
2023-06-29,11.8,,ft,Approved,,2025-03-11T20:23:18.678347+00:00,5f7360d3ef2f4fa5a5c552f766b7fb94
2023-06-30,11.9,,ft,Approved,,2025-03-11T20:23:18.678347+00:00,5f7360d3ef2f4fa5a5c552f766b7fb94
2023-07-01,12.01,,ft,Approved,,2025-03-11T20:23:18.678347+00:00,5f7360d3ef2f4fa5a5c552f766b7fb94
2023-07-02,11.95,,ft,Approved,,2025-03-11T20:23:18.678347+00:00,5f7360d3ef2f4fa5a5c552f766b7fb94
2023-07-03,11.95,,ft,Approved,,2025-03-11T20:23:18.678347+00:00,5f7360d3ef2f4fa5a5c552f766b7fb94
2023-07-04,11.92,,ft,Approved,,2025-03-11T20:23:18.678347+00:00,5f7360d3ef2f4fa5a5c552f766b7fb94
2023-07-05,11.93,,ft,Approved,,2025-03-11T20:23:18.678347+00:00,5f7360d3ef2f4fa5a5c552f766b7fb94
2023-07-06,11.94,,ft,Approved,,2025-03-11T20:23:18.678347+00:00,5f7360d3ef2f4fa5a5c552f766b7fb94
2023-07-07,12.06,,ft,Approved,,2025-03-11T20:23:18.678347+00:00,5f7360d3ef2f4fa5a5c552f766b7fb94
2023-07-08,11.93,,ft,Approved,,2025-03-11T20:23:18.678347+00:00,5f7360d3ef2f4fa5a5c552f766b7fb94
2023-07-09,12.04,,ft,Approved,,2025-03-11T20:23:18.678347+00:00,5f7360d3ef2f4fa5a5c552f766b7fb94
2023-07-10,12.09,,ft,Approved,,2025-03-11T20:23:18.678347+00:00,5f7360d3ef2f4fa5a5c552f766b7fb94
2023-07-11,12.13,,ft,Approved,,2025-03-11T20:23:18.678347+00:00,5f7360d3ef2f4fa5a5c552f766b7fb94
2023-07-12,11.99,,ft,Approved,,2025-03-11T20:23:18.678347+00:00,5f7360d3ef2f4fa5a5c552f766b7fb94
2023-07-13,11.96,,ft,Approved,,2025-03-11T20:23:18.678347+00:00,5f7360d3ef2f4fa5a5c552f766b7fb94
2023-07-14,11.97,,ft,Approved,,2025-03-11T20:23:18.678347+00:00,5f7360d3ef2f4fa5a5c552f766b7fb94
2023-07-15,11.98,,ft,Approved,,2025-03-11T20:23:18.678347+00:00,5f7360d3ef2f4fa5a5c552f766b7fb94
2023-07-16,11.93,,ft,Approved,,2025-03-11T20:23:18.678347+00:00,5f7360d3ef2f4fa5a5c552f766b7fb94
2023-07-17,11.93,,ft,Approved,,2025-03-11T20:23:18.678347+00:00,5f7360d3ef2f4fa5a5c552f766b7fb94
2023-07-18,11.89,,ft,Approved,,2025-03-11T20:23:18.678347+00:00,5f7360d3ef2f4fa5a5c552f766b7fb94
2023-07-19,11.88,,ft,Approved,,2025-03-11T20:23:18.678347+00:00,5f7360d3ef2f4fa5a5c552f766b7fb94
2023-07-20,11.88,,ft,Approved,,2025-03-11T20:23:18.678347+00:00,5f7360d3ef2f4fa5a5c552f766b7fb94
2023-07-21,12.02,,ft,Approved,,2025-03-11T20:23:18.678347+00:00,5f7360d3ef2f4fa5a5c552f766b7fb94
2023-07-22,12.06,,ft,Approved,,2025-03-11T20:23:18.678347+00:00,5f7360d3ef2f4fa5a5c552f766b7fb94
2023-07-23,12.06,,ft,Approved,,2025-03-11T20:23:18.678347+00:00,5f7360d3ef2f4fa5a5c552f766b7fb94
2023-07-24,12.07,,ft,Approved,,2025-03-11T20:23:18.678347+00:00,5f7360d3ef2f4fa5a5c552f766b7fb94
2023-07-25,12.04,,ft,Approved,,2025-03-11T20:23:18.678347+00:00,5f7360d3ef2f4fa5a5c552f766b7fb94
2023-07-26,11.97,,ft,Approved,,2025-03-11T20:23:18.678347+00:00,5f7360d3ef2f4fa5a5c552f766b7fb94
2023-07-27,11.96,,ft,Approved,,2025-03-11T20:23:18.678347+00:00,5f7360d3ef2f4fa5a5c552f766b7fb94
2023-07-28,11.93,,ft,Approved,,2025-03-11T20:23:18.678347+00:00,5f7360d3ef2f4fa5a5c552f766b7fb94
2023-07-29,11.94,,ft,Approved,,2025-03-11T20:23:18.678347+00:00,5f7360d3ef2f4fa5a5c552f766b7fb94
2023-07-30,11.93,,ft,Approved,,2025-03-11T20:23:18.678347+00:00,5f7360d3ef2f4fa5a5c552f766b7fb94
2023-07-31,11.8,,ft,Approved,,2025-03-11T20:23:18.678347+00:00,5f7360d3ef2f4fa5a5c552f766b7fb94
2023-08-01,11.87,,ft,Approved,,2025-03-11T20:23:18.678347+00:00,5f7360d3ef2f4fa5a5c552f766b7fb94
2023-08-02,11.87,,ft,Approved,,2025-03-11T20:23:18.678347+00:00,5f7360d3ef2f4fa5a5c552f766b7fb94
2023-08-03,11.86,,ft,Approved,,2025-03-11T20:23:18.678347+00:00,5f7360d3ef2f4fa5a5c552f766b7fb94
2023-08-04,11.89,,ft,Approved,,2025-03-11T20:23:18.678347+00:00,5f7360d3ef2f4fa5a5c552f766b7fb94
2023-08-05,11.88,,ft,Approved,,2025-03-11T20:23:18.678347+00:00,5f7360d3ef2f4fa5a5c552f766b7fb94
2023-08-06,11.88,,ft,Approved,,2025-03-11T20:23:18.678347+00:00,5f7360d3ef2f4fa5a5c552f766b7fb94
2023-08-07,11.89,,ft,Approved,,2025-03-11T20:23:18.678347+00:00,5f7360d3ef2f4fa5a5c552f766b7fb94
2023-08-08,11.96,,ft,Approved,,2025-03-11T20:23:18.678347+00:00,5f7360d3ef2f4fa5a5c552f766b7fb94
2023-08-09,11.89,,ft,Approved,,2025-03-11T20:23:18.678347+00:00,5f7360d3ef2f4fa5a5c552f766b7fb94
2023-08-10,12.12,,ft,Approved,,2025-03-11T20:23:18.678347+00:00,5f7360d3ef2f4fa5a5c552f766b7fb94
2023-08-11,12.33,,ft,Approved,,2025-03-11T20:23:18.678347+00:00,5f7360d3ef2f4fa5a5c552f766b7fb94
2023-08-12,12.36,,ft,Approved,,2025-03-11T20:23:18.678347+00:00,5f7360d3ef2f4fa5a5c552f766b7fb94
2023-08-13,12.38,,ft,Approved,,2025-03-11T20:23:18.678347+00:00,5f7360d3ef2f4fa5a5c552f766b7fb94
2023-08-14,12.41,,ft,Approved,,2025-03-11T20:23:18.678347+00:00,5f7360d3ef2f4fa5a5c552f766b7fb94
2023-08-15,12.36,,ft,Approved,,2025-03-11T20:23:18.678347+00:00,5f7360d3ef2f4fa5a5c552f766b7fb94
2023-08-16,12.37,,ft,Approved,,2025-03-11T20:23:18.678347+00:00,5f7360d3ef2f4fa5a5c552f766b7fb94
2023-08-17,12.32,,ft,Approved,,2025-03-11T20:23:18.678347+00:00,5f7360d3ef2f4fa5a5c552f766b7fb94
2023-08-18,12.38,,ft,Approved,,2025-03-11T20:23:18.678347+00:00,5f7360d3ef2f4fa5a5c552f766b7fb94
2023-08-19,12.3,,ft,Approved,,2025-03-11T20:23:18.678347+00:00,5f7360d3ef2f4fa5a5c552f766b7fb94
2023-08-20,12.33,,ft,Approved,,2025-03-11T20:23:18.678347+00:00,5f7360d3ef2f4fa5a5c552f766b7fb94
2023-08-21,12.33,,ft,Approved,,2025-03-11T20:23:18.678347+00:00,5f7360d3ef2f4fa5a5c552f766b7fb94
2023-08-22,12.34,,ft,Approved,,2025-03-11T20:23:18.678347+00:00,5f7360d3ef2f4fa5a5c552f766b7fb94
2023-08-23,12.3,,ft,Approved,,2025-03-11T20:23:18.678347+00:00,5f7360d3ef2f4fa5a5c552f766b7fb94
2023-08-24,12.44,,ft,Approved,,2025-03-11T20:23:18.678347+00:00,5f7360d3ef2f4fa5a5c552f766b7fb94
2023-08-25,12.36,,ft,Approved,,2025-03-11T20:23:18.678347+00:00,5f7360d3ef2f4fa5a5c552f766b7fb94
2023-08-26,12.46,,ft,Approved,,2025-03-11T20:23:18.678347+00:00,5f7360d3ef2f4fa5a5c552f766b7fb94
2023-08-27,12.44,,ft,Approved,,2025-03-11T20:23:18.678347+00:00,5f7360d3ef2f4fa5a5c552f766b7fb94
2023-08-28,12.21,,ft,Approved,,2025-03-11T20:23:18.678347+00:00,5f7360d3ef2f4fa5a5c552f766b7fb94
2023-08-29,12.37,,ft,Approved,,2025-03-11T20:23:18.678347+00:00,5f7360d3ef2f4fa5a5c552f766b7fb94
2023-08-30,12.4,,ft,Approved,,2025-03-11T20:23:18.678347+00:00,5f7360d3ef2f4fa5a5c552f766b7fb94
2023-08-31,12.38,,ft,Approved,,2025-03-11T20:23:18.678347+00:00,5f7360d3ef2f4fa5a5c552f766b7fb94
2023-09-01,12.55,,ft,Approved,,2025-03-11T20:23:18.678347+00:00,5f7360d3ef2f4fa5a5c552f766b7fb94
2023-09-02,12.51,,ft,Approved,,2025-03-11T20:23:18.678347+00:00,5f7360d3ef2f4fa5a5c552f766b7fb94
2023-09-03,12.59,,ft,Approved,,2025-03-11T20:23:18.678347+00:00,5f7360d3ef2f4fa5a5c552f766b7fb94
2023-09-04,12.45,,ft,Approved,,2025-03-11T20:23:18.678347+00:00,5f7360d3ef2f4fa5a5c552f766b7fb94
2023-09-05,12.66,,ft,Approved,,2025-03-11T20:23:18.678347+00:00,5f7360d3ef2f4fa5a5c552f766b7fb94
2023-09-06,12.69,,ft,Approved,,2025-03-11T20:23:18.678347+00:00,5f7360d3ef2f4fa5a5c552f766b7fb94
2023-09-07,12.57,,ft,Approved,,2025-03-11T20:23:18.678347+00:00,5f7360d3ef2f4fa5a5c552f766b7fb94
2023-09-08,12.7,,ft,Approved,,2025-03-11T20:23:18.678347+00:00,5f7360d3ef2f4fa5a5c552f766b7fb94
2023-09-09,12.65,,ft,Approved,,2025-03-11T20:23:18.678347+00:00,5f7360d3ef2f4fa5a5c552f766b7fb94
2023-09-10,12.52,,ft,Approved,,2025-03-11T20:23:18.678347+00:00,5f7360d3ef2f4fa5a5c552f766b7fb94
2023-09-11,12.54,,ft,Approved,,2025-03-11T20:23:18.678347+00:00,5f7360d3ef2f4fa5a5c552f766b7fb94
2023-09-12,12.49,,ft,Approved,,2025-03-11T20:23:18.678347+00:00,5f7360d3ef2f4fa5a5c552f766b7fb94
2023-09-13,12.49,,ft,Approved,,2025-03-11T20:23:18.678347+00:00,5f7360d3ef2f4fa5a5c552f766b7fb94
2023-09-14,12.38,,ft,Approved,,2025-03-11T20:23:18.678347+00:00,5f7360d3ef2f4fa5a5c552f766b7fb94
2023-09-15,12.46,,ft,Approved,,2025-03-11T20:23:18.678347+00:00,5f7360d3ef2f4fa5a5c552f766b7fb94
2023-09-16,12.57,,ft,Approved,,2025-03-11T20:23:18.678347+00:00,5f7360d3ef2f4fa5a5c552f766b7fb94
2023-09-17,12.36,,ft,Approved,,2025-03-11T20:23:18.678347+00:00,5f7360d3ef2f4fa5a5c552f766b7fb94
2023-09-18,12.02,,ft,Approved,,2025-03-11T20:23:18.678347+00:00,5f7360d3ef2f4fa5a5c552f766b7fb94
2023-09-19,11.81,,ft,Approved,,2025-03-11T20:23:18.678347+00:00,5f7360d3ef2f4fa5a5c552f766b7fb94
2023-09-20,11.81,,ft,Approved,,2025-03-11T20:23:18.678347+00:00,5f7360d3ef2f4fa5a5c552f766b7fb94
2023-09-21,12.22,,ft,Approved,,2025-03-11T20:23:18.678347+00:00,5f7360d3ef2f4fa5a5c552f766b7fb94
2023-09-22,11.93,,ft,Approved,,2025-03-11T20:23:18.678347+00:00,5f7360d3ef2f4fa5a5c552f766b7fb94
2023-09-23,11.81,,ft,Approved,,2025-03-11T20:23:18.678347+00:00,5f7360d3ef2f4fa5a5c552f766b7fb94
2023-09-24,11.84,,ft,Approved,,2025-03-11T20:23:18.678347+00:00,5f7360d3ef2f4fa5a5c552f766b7fb94
2023-09-25,12.51,,ft,Approved,,2025-03-11T20:23:18.678347+00:00,5f7360d3ef2f4fa5a5c552f766b7fb94
2023-09-26,11.56,,ft,Approved,,2025-03-11T20:23:18.678347+00:00,5f7360d3ef2f4fa5a5c552f766b7fb94
2023-09-27,11.59,,ft,Approved,,2025-03-11T20:23:18.678347+00:00,5f7360d3ef2f4fa5a5c552f766b7fb94
2023-09-28,11.58,,ft,Approved,,2025-03-11T20:23:18.678347+00:00,5f7360d3ef2f4fa5a5c552f766b7fb94
2023-09-29,11.58,,ft,Approved,,2025-03-11T20:23:18.678347+00:00,5f7360d3ef2f4fa5a5c552f766b7fb94
2023-09-30,11.56,,ft,Approved,,2025-03-11T20:23:18.678347+00:00,5f7360d3ef2f4fa5a5c552f766b7fb94
2023-10-01,11.58,,ft,Approved,,2025-03-11T20:23:18.678347+00:00,5f7360d3ef2f4fa5a5c552f766b7fb94
2023-10-02,11.57,,ft,Approved,,2025-03-11T20:23:18.678347+00:00,5f7360d3ef2f4fa5a5c552f766b7fb94
2023-10-03,11.84,,ft,Approved,,2025-03-11T20:23:18.678347+00:00,5f7360d3ef2f4fa5a5c552f766b7fb94
2023-10-04,11.81,,ft,Approved,,2025-03-11T20:23:18.678347+00:00,5f7360d3ef2f4fa5a5c552f766b7fb94
2023-10-05,13.35,,ft,Approved,,2025-03-11T20:23:18.678347+00:00,5f7360d3ef2f4fa5a5c552f766b7fb94
2023-10-06,11.71,,ft,Approved,,2025-03-11T20:23:18.678347+00:00,5f7360d3ef2f4fa5a5c552f766b7fb94
2023-10-07,11.39,,ft,Approved,,2025-03-11T20:23:18.678347+00:00,5f7360d3ef2f4fa5a5c552f766b7fb94
2023-10-08,11.51,,ft,Approved,,2025-03-11T20:23:18.678347+00:00,5f7360d3ef2f4fa5a5c552f766b7fb94
2023-10-09,11.59,,ft,Approved,,2025-03-11T20:23:18.678347+00:00,5f7360d3ef2f4fa5a5c552f766b7fb94
2023-10-10,11.59,,ft,Approved,,2025-03-11T20:23:18.678347+00:00,5f7360d3ef2f4fa5a5c552f766b7fb94
2023-10-11,11.53,,ft,Approved,,2025-03-11T20:23:18.678347+00:00,5f7360d3ef2f4fa5a5c552f766b7fb94
2023-10-12,11.53,,ft,Approved,,2025-03-11T20:23:18.678347+00:00,5f7360d3ef2f4fa5a5c552f766b7fb94
2023-10-13,11.31,,ft,Approved,,2025-03-11T20:23:18.678347+00:00,5f7360d3ef2f4fa5a5c552f766b7fb94
2023-10-14,11.2,,ft,Approved,,2025-03-11T20:23:18.678347+00:00,5f7360d3ef2f4fa5a5c552f766b7fb94
2023-10-15,11.08,,ft,Approved,,2025-03-11T20:23:18.678347+00:00,5f7360d3ef2f4fa5a5c552f766b7fb94
2023-10-16,11.01,,ft,Approved,,2025-03-11T20:23:18.678347+00:00,5f7360d3ef2f4fa5a5c552f766b7fb94
2023-10-17,11.27,,ft,Approved,,2025-03-11T20:23:18.678347+00:00,5f7360d3ef2f4fa5a5c552f766b7fb94
2023-10-18,11.36,,ft,Approved,,2025-03-11T20:23:18.678347+00:00,5f7360d3ef2f4fa5a5c552f766b7fb94
2023-10-19,11.21,,ft,Approved,,2025-03-11T20:23:18.678347+00:00,5f7360d3ef2f4fa5a5c552f766b7fb94
2023-10-20,11.47,,ft,Approved,,2025-03-11T20:23:18.678347+00:00,5f7360d3ef2f4fa5a5c552f766b7fb94
2023-10-21,11.48,,ft,Approved,,2025-03-11T20:23:18.678347+00:00,5f7360d3ef2f4fa5a5c552f766b7fb94
2023-10-22,11.48,,ft,Approved,,2025-03-11T20:23:18.678347+00:00,5f7360d3ef2f4fa5a5c552f766b7fb94
2023-10-23,12.56,,ft,Approved,,2025-03-11T20:23:18.678347+00:00,5f7360d3ef2f4fa5a5c552f766b7fb94
2023-10-24,12.37,,ft,Approved,,2025-03-11T20:23:18.678347+00:00,5f7360d3ef2f4fa5a5c552f766b7fb94
2023-10-25,12.24,,ft,Approved,,2025-03-11T20:23:18.678347+00:00,5f7360d3ef2f4fa5a5c552f766b7fb94
2023-10-26,14.44,,ft,Approved,,2025-03-11T20:23:18.678347+00:00,5f7360d3ef2f4fa5a5c552f766b7fb94
2023-10-27,12.83,,ft,Approved,,2025-03-11T20:23:18.678347+00:00,5f7360d3ef2f4fa5a5c552f766b7fb94
2023-10-28,12.17,,ft,Approved,,2025-03-11T20:23:18.678347+00:00,5f7360d3ef2f4fa5a5c552f766b7fb94
2023-10-29,11.65,,ft,Approved,,2025-03-11T20:23:18.678347+00:00,5f7360d3ef2f4fa5a5c552f766b7fb94
2023-10-30,11.86,,ft,Approved,,2025-03-11T20:23:18.678347+00:00,5f7360d3ef2f4fa5a5c552f766b7fb94
2023-10-31,11.62,,ft,Approved,,2025-03-11T20:23:18.678347+00:00,5f7360d3ef2f4fa5a5c552f766b7fb94
2023-11-01,11.45,,ft,Approved,,2025-03-11T20:23:18.678347+00:00,5f7360d3ef2f4fa5a5c552f766b7fb94
2023-11-02,11.38,,ft,Approved,,2025-03-11T20:23:18.678347+00:00,5f7360d3ef2f4fa5a5c552f766b7fb94
2023-11-03,11.34,,ft,Approved,,2025-03-11T20:23:18.678347+00:00,5f7360d3ef2f4fa5a5c552f766b7fb94
2023-11-04,11.32,,ft,Approved,,2025-03-11T20:23:18.678347+00:00,5f7360d3ef2f4fa5a5c552f766b7fb94
2023-11-05,11.3,,ft,Approved,,2025-03-11T20:23:18.678347+00:00,5f7360d3ef2f4fa5a5c552f766b7fb94
2023-11-06,11.31,,ft,Approved,,2025-03-11T20:23:18.678347+00:00,5f7360d3ef2f4fa5a5c552f766b7fb94
2023-11-07,12.07,,ft,Approved,,2025-03-11T20:23:18.678347+00:00,5f7360d3ef2f4fa5a5c552f766b7fb94
2023-11-08,11.29,,ft,Approved,,2025-03-11T20:23:18.678347+00:00,5f7360d3ef2f4fa5a5c552f766b7fb94
2023-11-09,11.27,,ft,Approved,,2025-03-11T20:23:18.678347+00:00,5f7360d3ef2f4fa5a5c552f766b7fb94
2023-11-10,12.12,,ft,Approved,,2025-03-11T20:23:18.678347+00:00,5f7360d3ef2f4fa5a5c552f766b7fb94
2023-11-11,11.54,,ft,Approved,,2025-03-11T20:23:18.678347+00:00,5f7360d3ef2f4fa5a5c552f766b7fb94
2023-11-12,11.44,,ft,Approved,,2025-03-11T20:23:18.678347+00:00,5f7360d3ef2f4fa5a5c552f766b7fb94
2023-11-13,11.47,,ft,Approved,,2025-03-11T20:23:18.678347+00:00,5f7360d3ef2f4fa5a5c552f766b7fb94
2023-11-14,11.38,,ft,Approved,,2025-03-11T20:23:18.678347+00:00,5f7360d3ef2f4fa5a5c552f766b7fb94
2023-11-15,11.29,,ft,Approved,,2025-03-11T20:23:18.678347+00:00,5f7360d3ef2f4fa5a5c552f766b7fb94
2023-11-16,11.25,,ft,Approved,,2025-03-11T20:23:18.678347+00:00,5f7360d3ef2f4fa5a5c552f766b7fb94
2023-11-17,11.26,,ft,Approved,,2025-03-11T20:23:18.678347+00:00,5f7360d3ef2f4fa5a5c552f766b7fb94
2023-11-18,11.23,,ft,Approved,,2025-03-11T20:23:18.678347+00:00,5f7360d3ef2f4fa5a5c552f766b7fb94
2023-11-19,11.23,,ft,Approved,,2025-03-11T20:23:18.678347+00:00,5f7360d3ef2f4fa5a5c552f766b7fb94
2023-11-20,11.24,,ft,Approved,,2025-03-11T20:23:18.678347+00:00,5f7360d3ef2f4fa5a5c552f766b7fb94
2023-11-21,11.21,,ft,Approved,,2025-03-11T20:23:18.678347+00:00,5f7360d3ef2f4fa5a5c552f766b7fb94
2023-11-22,11.16,,ft,Approved,,2025-03-11T20:23:18.678347+00:00,5f7360d3ef2f4fa5a5c552f766b7fb94
2023-11-23,11.15,,ft,Approved,,2025-03-11T20:23:18.678347+00:00,5f7360d3ef2f4fa5a5c552f766b7fb94
2023-11-24,11.12,,ft,Approved,,2025-03-11T20:23:18.678347+00:00,5f7360d3ef2f4fa5a5c552f766b7fb94
2023-11-25,11.13,,ft,Approved,,2025-03-11T20:23:18.678347+00:00,5f7360d3ef2f4fa5a5c552f766b7fb94
2023-11-26,11.43,,ft,Approved,,2025-03-11T20:23:18.678347+00:00,5f7360d3ef2f4fa5a5c552f766b7fb94
2023-11-27,11.27,,ft,Approved,,2025-03-11T20:23:18.678347+00:00,5f7360d3ef2f4fa5a5c552f766b7fb94
2023-11-28,11.23,,ft,Approved,,2025-03-11T20:23:18.678347+00:00,5f7360d3ef2f4fa5a5c552f766b7fb94
2023-11-29,11.44,,ft,Approved,,2025-03-11T20:23:18.678347+00:00,5f7360d3ef2f4fa5a5c552f766b7fb94
2023-11-30,11.28,,ft,Approved,,2025-03-11T20:23:18.678347+00:00,5f7360d3ef2f4fa5a5c552f766b7fb94
2023-12-01,11.47,,ft,Approved,,2025-03-11T20:23:18.678347+00:00,5f7360d3ef2f4fa5a5c552f766b7fb94
2023-12-02,11.12,,ft,Approved,,2025-03-11T20:23:18.678347+00:00,5f7360d3ef2f4fa5a5c552f766b7fb94
2023-12-03,11.22,,ft,Approved,,2025-03-11T20:23:18.678347+00:00,5f7360d3ef2f4fa5a5c552f766b7fb94
2023-12-04,11.44,,ft,Approved,,2025-03-11T20:23:18.678347+00:00,5f7360d3ef2f4fa5a5c552f766b7fb94
2023-12-05,11.11,,ft,Approved,,2025-03-11T20:23:18.678347+00:00,5f7360d3ef2f4fa5a5c552f766b7fb94
2023-12-06,11.25,,ft,Approved,,2025-03-11T20:23:18.678347+00:00,5f7360d3ef2f4fa5a5c552f766b7fb94
2023-12-07,11.36,,ft,Approved,,2025-03-11T20:23:18.678347+00:00,5f7360d3ef2f4fa5a5c552f766b7fb94
2023-12-08,11.09,,ft,Approved,,2025-03-11T20:23:18.678347+00:00,5f7360d3ef2f4fa5a5c552f766b7fb94
2023-12-09,11.18,,ft,Approved,,2025-03-11T20:23:18.678347+00:00,5f7360d3ef2f4fa5a5c552f766b7fb94
2023-12-10,11.39,,ft,Approved,,2025-03-11T20:23:18.678347+00:00,5f7360d3ef2f4fa5a5c552f766b7fb94
2023-12-11,11.13,,ft,Approved,,2025-03-11T20:23:18.678347+00:00,5f7360d3ef2f4fa5a5c552f766b7fb94
2023-12-12,11.21,,ft,Approved,,2025-03-11T20:23:18.678347+00:00,5f7360d3ef2f4fa5a5c552f766b7fb94
2023-12-13,11.33,,ft,Approved,,2025-03-11T20:23:18.678347+00:00,5f7360d3ef2f4fa5a5c552f766b7fb94
2023-12-14,11.1,,ft,Approved,,2025-03-11T20:23:18.678347+00:00,5f7360d3ef2f4fa5a5c552f766b7fb94
2023-12-15,11.29,,ft,Approved,,2025-03-11T20:23:18.678347+00:00,5f7360d3ef2f4fa5a5c552f766b7fb94
2023-12-16,11.38,,ft,Approved,,2025-03-11T20:23:18.678347+00:00,5f7360d3ef2f4fa5a5c552f766b7fb94
2023-12-17,11.05,,ft,Approved,,2025-03-11T20:23:18.678347+00:00,5f7360d3ef2f4fa5a5c552f766b7fb94
2023-12-18,11.17,,ft,Approved,,2025-03-11T20:23:18.678347+00:00,5f7360d3ef2f4fa5a5c552f766b7fb94
2023-12-19,11.26,,ft,Approved,,2025-03-11T20:23:18.678347+00:00,5f7360d3ef2f4fa5a5c552f766b7fb94
2023-12-20,11.03,,ft,Approved,,2025-03-11T20:23:18.678347+00:00,5f7360d3ef2f4fa5a5c552f766b7fb94
2023-12-21,11.25,,ft,Approved,,2025-03-11T20:23:18.678347+00:00,5f7360d3ef2f4fa5a5c552f766b7fb94
2023-12-22,11.34,,ft,Approved,,2025-03-11T20:23:18.678347+00:00,5f7360d3ef2f4fa5a5c552f766b7fb94
2023-12-23,11.09,,ft,Approved,,2025-03-11T20:23:18.678347+00:00,5f7360d3ef2f4fa5a5c552f766b7fb94
2023-12-24,13.37,,ft,Approved,,2025-03-11T20:23:18.678347+00:00,5f7360d3ef2f4fa5a5c552f766b7fb94
2023-12-25,11.65,,ft,Approved,,2025-03-11T20:23:18.678347+00:00,5f7360d3ef2f4fa5a5c552f766b7fb94
2023-12-26,11.33,,ft,Approved,,2025-03-11T20:23:18.678347+00:00,5f7360d3ef2f4fa5a5c552f766b7fb94
2023-12-27,11.25,,ft,Approved,,2025-03-11T20:23:18.678347+00:00,5f7360d3ef2f4fa5a5c552f766b7fb94
2023-12-28,11.19,,ft,Approved,,2025-03-11T20:23:18.678347+00:00,5f7360d3ef2f4fa5a5c552f766b7fb94
2023-12-29,11.17,,ft,Approved,,2025-03-11T20:23:18.678347+00:00,5f7360d3ef2f4fa5a5c552f766b7fb94
2023-12-30,11.32,,ft,Approved,,2025-03-11T20:23:18.678347+00:00,5f7360d3ef2f4fa5a5c552f766b7fb94
2023-12-31,11.32,,ft,Approved,,2025-03-11T20:23:18.678347+00:00,5f7360d3ef2f4fa5a5c552f766b7fb94
2024-01-01,11.08,,ft,Approved,,2025-03-11T20:23:18.678347+00:00,5f7360d3ef2f4fa5a5c552f766b7fb94
2024-01-02,11.75,,ft,Approved,,2025-03-11T20:23:18.678347+00:00,5f7360d3ef2f4fa5a5c552f766b7fb94
2024-01-03,12.35,,ft,Approved,,2025-03-11T20:23:18.678347+00:00,5f7360d3ef2f4fa5a5c552f766b7fb94
2024-01-04,11.45,,ft,Approved,,2025-03-11T20:23:18.678347+00:00,5f7360d3ef2f4fa5a5c552f766b7fb94
2024-01-05,11.37,,ft,Approved,,2025-03-11T20:23:18.678347+00:00,5f7360d3ef2f4fa5a5c552f766b7fb94
2024-01-06,11.3,,ft,Approved,,2025-03-11T20:23:18.678347+00:00,5f7360d3ef2f4fa5a5c552f766b7fb94
2024-01-07,11.25,,ft,Approved,,2025-03-11T20:23:18.678347+00:00,5f7360d3ef2f4fa5a5c552f766b7fb94
2024-01-08,11.29,,ft,Approved,,2025-03-11T20:23:18.678347+00:00,5f7360d3ef2f4fa5a5c552f766b7fb94
2024-01-09,11.26,,ft,Approved,,2025-03-11T20:23:18.678347+00:00,5f7360d3ef2f4fa5a5c552f766b7fb94
2024-01-10,11.19,,ft,Approved,,2025-03-11T20:23:18.678347+00:00,5f7360d3ef2f4fa5a5c552f766b7fb94
2024-01-11,11.18,,ft,Approved,,2025-03-11T20:23:18.678347+00:00,5f7360d3ef2f4fa5a5c552f766b7fb94
2024-01-12,11.17,,ft,Approved,,2025-03-11T20:23:18.678347+00:00,5f7360d3ef2f4fa5a5c552f766b7fb94
2024-01-13,11.13,,ft,Approved,,2025-03-11T20:23:18.678347+00:00,5f7360d3ef2f4fa5a5c552f766b7fb94
2024-01-14,11.17,,ft,Approved,,2025-03-11T20:23:18.678347+00:00,5f7360d3ef2f4fa5a5c552f766b7fb94
2024-01-15,11.19,,ft,Approved,,2025-03-11T20:23:18.678347+00:00,5f7360d3ef2f4fa5a5c552f766b7fb94
2024-01-16,11.18,,ft,Approved,,2025-03-11T20:23:18.678347+00:00,5f7360d3ef2f4fa5a5c552f766b7fb94
2024-01-17,11.17,,ft,Approved,,2025-03-11T20:23:18.678347+00:00,5f7360d3ef2f4fa5a5c552f766b7fb94
2024-01-18,11.28,,ft,Approved,,2025-03-11T20:23:18.678347+00:00,5f7360d3ef2f4fa5a5c552f766b7fb94
2024-01-19,11.35,,ft,Approved,,2025-03-11T20:23:18.678347+00:00,5f7360d3ef2f4fa5a5c552f766b7fb94
2024-01-20,11.16,,ft,Approved,,2025-03-11T20:23:18.678347+00:00,5f7360d3ef2f4fa5a5c552f766b7fb94
2024-01-21,11.32,,ft,Approved,,2025-03-11T20:23:18.678347+00:00,5f7360d3ef2f4fa5a5c552f766b7fb94
2024-01-22,16.0,,ft,Approved,,2025-03-11T20:23:18.678347+00:00,5f7360d3ef2f4fa5a5c552f766b7fb94
2024-01-23,12.7,,ft,Approved,,2025-03-11T20:23:18.678347+00:00,5f7360d3ef2f4fa5a5c552f766b7fb94
2024-01-24,12.88,,ft,Approved,,2025-03-11T20:23:18.678347+00:00,5f7360d3ef2f4fa5a5c552f766b7fb94
2024-01-25,12.95,,ft,Approved,,2025-03-11T20:23:18.678347+00:00,5f7360d3ef2f4fa5a5c552f766b7fb94
2024-01-26,12.17,,ft,Approved,,2025-03-11T20:23:18.678347+00:00,5f7360d3ef2f4fa5a5c552f766b7fb94
2024-01-27,11.84,,ft,Approved,,2025-03-11T20:23:18.678347+00:00,5f7360d3ef2f4fa5a5c552f766b7fb94
2024-01-28,11.72,,ft,Approved,,2025-03-11T20:23:18.678347+00:00,5f7360d3ef2f4fa5a5c552f766b7fb94
2024-01-29,11.64,,ft,Approved,,2025-03-11T20:23:18.678347+00:00,5f7360d3ef2f4fa5a5c552f766b7fb94
2024-01-30,11.56,,ft,Approved,,2025-03-11T20:23:18.678347+00:00,5f7360d3ef2f4fa5a5c552f766b7fb94
2024-01-31,11.62,,ft,Approved,,2025-03-11T20:23:18.678347+00:00,5f7360d3ef2f4fa5a5c552f766b7fb94
2024-02-01,11.44,,ft,Approved,,2025-03-11T20:23:18.678347+00:00,5f7360d3ef2f4fa5a5c552f766b7fb94
2024-02-02,11.55,,ft,Approved,,2025-03-11T20:23:18.678347+00:00,5f7360d3ef2f4fa5a5c552f766b7fb94
2024-02-03,11.92,,ft,Approved,,2025-03-11T20:23:18.678347+00:00,5f7360d3ef2f4fa5a5c552f766b7fb94
2024-02-04,11.52,,ft,Approved,,2025-03-11T20:23:18.678347+00:00,5f7360d3ef2f4fa5a5c552f766b7fb94
2024-02-05,11.4,,ft,Approved,,2025-03-11T20:23:18.678347+00:00,5f7360d3ef2f4fa5a5c552f766b7fb94
2024-02-06,11.52,,ft,Approved,,2025-03-11T20:23:18.678347+00:00,5f7360d3ef2f4fa5a5c552f766b7fb94
2024-02-07,11.38,,ft,Approved,,2025-03-11T20:23:18.678347+00:00,5f7360d3ef2f4fa5a5c552f766b7fb94
2024-02-08,11.45,,ft,Approved,,2025-03-11T20:23:18.678347+00:00,5f7360d3ef2f4fa5a5c552f766b7fb94
2024-02-09,11.43,,ft,Approved,,2025-03-11T20:23:18.678347+00:00,5f7360d3ef2f4fa5a5c552f766b7fb94
2024-02-10,12.69,,ft,Approved,,2025-03-11T20:23:18.678347+00:00,5f7360d3ef2f4fa5a5c552f766b7fb94
2024-02-11,11.72,,ft,Approved,,2025-03-11T20:23:18.678347+00:00,5f7360d3ef2f4fa5a5c552f766b7fb94
2024-02-12,11.47,,ft,Approved,,2025-03-11T20:23:18.678347+00:00,5f7360d3ef2f4fa5a5c552f766b7fb94
2024-02-13,11.46,,ft,Approved,,2025-03-11T20:23:18.678347+00:00,5f7360d3ef2f4fa5a5c552f766b7fb94
2024-02-14,11.44,,ft,Approved,,2025-03-11T20:23:18.678347+00:00,5f7360d3ef2f4fa5a5c552f766b7fb94
2024-02-15,11.44,,ft,Approved,,2025-03-11T20:23:18.678347+00:00,5f7360d3ef2f4fa5a5c552f766b7fb94
2024-02-16,11.43,,ft,Approved,,2025-03-11T20:23:18.678347+00:00,5f7360d3ef2f4fa5a5c552f766b7fb94
2024-02-17,11.41,,ft,Approved,,2025-03-11T20:23:18.678347+00:00,5f7360d3ef2f4fa5a5c552f766b7fb94
2024-02-18,11.42,,ft,Approved,,2025-03-11T20:23:18.678347+00:00,5f7360d3ef2f4fa5a5c552f766b7fb94
2024-02-19,11.41,,ft,Approved,,2025-03-11T20:23:18.678347+00:00,5f7360d3ef2f4fa5a5c552f766b7fb94
2024-02-20,11.38,,ft,Approved,,2025-03-11T20:23:18.678347+00:00,5f7360d3ef2f4fa5a5c552f766b7fb94
2024-02-21,11.34,,ft,Approved,,2025-03-11T20:23:18.678347+00:00,5f7360d3ef2f4fa5a5c552f766b7fb94
2024-02-22,11.4,,ft,Approved,,2025-03-11T20:23:18.678347+00:00,5f7360d3ef2f4fa5a5c552f766b7fb94
2024-02-23,11.3,,ft,Approved,,2025-03-11T20:23:18.678347+00:00,5f7360d3ef2f4fa5a5c552f766b7fb94
2024-02-24,11.35,,ft,Approved,,2025-03-11T20:23:18.678347+00:00,5f7360d3ef2f4fa5a5c552f766b7fb94
2024-02-25,11.31,,ft,Approved,,2025-03-11T20:23:18.678347+00:00,5f7360d3ef2f4fa5a5c552f766b7fb94
2024-02-26,11.29,,ft,Approved,,2025-03-11T20:23:18.678347+00:00,5f7360d3ef2f4fa5a5c552f766b7fb94
2024-02-27,11.36,,ft,Approved,,2025-03-11T20:23:18.678347+00:00,5f7360d3ef2f4fa5a5c552f766b7fb94
2024-02-28,11.36,,ft,Approved,,2025-03-11T20:23:18.678347+00:00,5f7360d3ef2f4fa5a5c552f766b7fb94
2024-02-29,11.26,,ft,Approved,,2025-03-11T20:23:18.678347+00:00,5f7360d3ef2f4fa5a5c552f766b7fb94
2024-03-01,11.31,,ft,Approved,,2025-03-11T20:23:18.678347+00:00,5f7360d3ef2f4fa5a5c552f766b7fb94
2024-03-02,11.28,,ft,Approved,,2025-03-11T20:23:18.678347+00:00,5f7360d3ef2f4fa5a5c552f766b7fb94
2024-03-03,11.23,,ft,Approved,,2025-03-11T20:23:18.678347+00:00,5f7360d3ef2f4fa5a5c552f766b7fb94
2024-03-04,11.33,,ft,Approved,,2025-03-11T20:23:18.678347+00:00,5f7360d3ef2f4fa5a5c552f766b7fb94
2024-03-05,11.24,,ft,Approved,,2025-03-11T20:23:18.678347+00:00,5f7360d3ef2f4fa5a5c552f766b7fb94
2024-03-06,11.28,,ft,Approved,,2025-03-11T20:23:18.678347+00:00,5f7360d3ef2f4fa5a5c552f766b7fb94
2024-03-07,11.2,,ft,Approved,,2025-03-11T20:23:18.678347+00:00,5f7360d3ef2f4fa5a5c552f766b7fb94
2024-03-08,11.54,,ft,Approved,,2025-03-11T20:23:18.678347+00:00,5f7360d3ef2f4fa5a5c552f766b7fb94
2024-03-09,11.23,,ft,Approved,,2025-03-11T20:23:18.678347+00:00,5f7360d3ef2f4fa5a5c552f766b7fb94
2024-03-10,11.21,,ft,Approved,,2025-03-11T20:23:18.678347+00:00,5f7360d3ef2f4fa5a5c552f766b7fb94
2024-03-11,11.21,,ft,Approved,,2025-03-11T20:23:18.678347+00:00,5f7360d3ef2f4fa5a5c552f766b7fb94
2024-03-12,11.22,,ft,Approved,,2025-03-11T20:23:18.678347+00:00,5f7360d3ef2f4fa5a5c552f766b7fb94
2024-03-13,11.23,,ft,Approved,,2025-03-11T20:23:18.678347+00:00,5f7360d3ef2f4fa5a5c552f766b7fb94
2024-03-14,11.23,,ft,Approved,,2025-03-11T20:23:18.678347+00:00,5f7360d3ef2f4fa5a5c552f766b7fb94
2024-03-15,11.36,,ft,Approved,,2025-03-11T20:23:18.678347+00:00,5f7360d3ef2f4fa5a5c552f766b7fb94
2024-03-16,11.23,,ft,Approved,,2025-03-11T20:23:18.678347+00:00,5f7360d3ef2f4fa5a5c552f766b7fb94
2024-03-17,12.13,,ft,Approved,,2025-03-11T20:23:18.678347+00:00,5f7360d3ef2f4fa5a5c552f766b7fb94
2024-03-18,11.44,,ft,Approved,,2025-03-11T20:23:18.678347+00:00,5f7360d3ef2f4fa5a5c552f766b7fb94
2024-03-19,11.24,,ft,Approved,,2025-03-11T20:23:18.678347+00:00,5f7360d3ef2f4fa5a5c552f766b7fb94
2024-03-20,11.25,,ft,Approved,,2025-03-11T20:23:18.678347+00:00,5f7360d3ef2f4fa5a5c552f766b7fb94
2024-03-21,11.31,,ft,Approved,,2025-03-11T20:23:18.678347+00:00,5f7360d3ef2f4fa5a5c552f766b7fb94
2024-03-22,11.41,,ft,Approved,,2025-03-11T20:23:18.678347+00:00,5f7360d3ef2f4fa5a5c552f766b7fb94
2024-03-23,11.26,,ft,Approved,,2025-03-11T20:23:18.678347+00:00,5f7360d3ef2f4fa5a5c552f766b7fb94
2024-03-24,11.25,,ft,Approved,,2025-03-11T20:23:18.678347+00:00,5f7360d3ef2f4fa5a5c552f766b7fb94
2024-03-25,11.36,,ft,Approved,,2025-03-11T20:23:18.678347+00:00,5f7360d3ef2f4fa5a5c552f766b7fb94
2024-03-26,11.29,,ft,Approved,,2025-03-11T20:23:18.678347+00:00,5f7360d3ef2f4fa5a5c552f766b7fb94
2024-03-27,11.27,,ft,Approved,,2025-03-11T20:23:18.678347+00:00,5f7360d3ef2f4fa5a5c552f766b7fb94
2024-03-28,11.35,,ft,Approved,,2025-03-11T20:23:18.678347+00:00,5f7360d3ef2f4fa5a5c552f766b7fb94
2024-03-29,11.25,,ft,Approved,,2025-03-11T20:23:18.678347+00:00,5f7360d3ef2f4fa5a5c552f766b7fb94
2024-03-30,11.26,,ft,Approved,,2025-03-11T20:23:18.678347+00:00,5f7360d3ef2f4fa5a5c552f766b7fb94
2024-03-31,11.26,,ft,Approved,,2025-03-11T20:23:18.678347+00:00,5f7360d3ef2f4fa5a5c552f766b7fb94
2024-04-01,11.29,,ft,Approved,,2025-03-11T20:23:18.678347+00:00,5f7360d3ef2f4fa5a5c552f766b7fb94
2024-04-02,11.32,,ft,Approved,,2025-03-11T20:23:18.678347+00:00,5f7360d3ef2f4fa5a5c552f766b7fb94
2024-04-03,11.25,,ft,Approved,,2025-03-11T20:23:18.678347+00:00,5f7360d3ef2f4fa5a5c552f766b7fb94
2024-04-04,11.22,,ft,Approved,,2025-03-11T20:23:18.678347+00:00,5f7360d3ef2f4fa5a5c552f766b7fb94
2024-04-05,11.2,,ft,Approved,,2025-03-11T20:23:18.678347+00:00,5f7360d3ef2f4fa5a5c552f766b7fb94
2024-04-06,11.18,,ft,Approved,,2025-03-11T20:23:18.678347+00:00,5f7360d3ef2f4fa5a5c552f766b7fb94
2024-04-07,11.25,,ft,Approved,,2025-03-11T20:23:18.678347+00:00,5f7360d3ef2f4fa5a5c552f766b7fb94
2024-04-08,11.26,,ft,Approved,,2025-03-11T20:23:18.678347+00:00,5f7360d3ef2f4fa5a5c552f766b7fb94
2024-04-09,11.71,,ft,Approved,,2025-03-11T20:23:18.678347+00:00,5f7360d3ef2f4fa5a5c552f766b7fb94
2024-04-10,12.48,,ft,Approved,,2025-03-11T20:23:18.678347+00:00,5f7360d3ef2f4fa5a5c552f766b7fb94
2024-04-11,11.5,,ft,Approved,,2025-03-11T20:23:18.678347+00:00,5f7360d3ef2f4fa5a5c552f766b7fb94
2024-04-12,11.39,,ft,Approved,,2025-03-11T20:23:18.678347+00:00,5f7360d3ef2f4fa5a5c552f766b7fb94
2024-04-13,11.34,,ft,Approved,,2025-03-11T20:23:18.678347+00:00,5f7360d3ef2f4fa5a5c552f766b7fb94
2024-04-14,11.33,,ft,Approved,,2025-03-11T20:23:18.678347+00:00,5f7360d3ef2f4fa5a5c552f766b7fb94
2024-04-15,11.35,,ft,Approved,,2025-03-11T20:23:18.678347+00:00,5f7360d3ef2f4fa5a5c552f766b7fb94
2024-04-16,11.35,,ft,Approved,,2025-03-11T20:23:18.678347+00:00,5f7360d3ef2f4fa5a5c552f766b7fb94
2024-04-17,11.34,,ft,Approved,,2025-03-11T20:23:18.678347+00:00,5f7360d3ef2f4fa5a5c552f766b7fb94
2024-04-18,11.3,,ft,Approved,,2025-03-11T20:23:18.678347+00:00,5f7360d3ef2f4fa5a5c552f766b7fb94
2024-04-19,11.29,,ft,Approved,,2025-03-11T20:23:18.678347+00:00,5f7360d3ef2f4fa5a5c552f766b7fb94
2024-04-20,11.4,,ft,Approved,,2025-03-11T20:23:18.678347+00:00,5f7360d3ef2f4fa5a5c552f766b7fb94
2024-04-21,11.92,,ft,Approved,,2025-03-11T20:23:18.678347+00:00,5f7360d3ef2f4fa5a5c552f766b7fb94
2024-04-22,11.39,,ft,Approved,,2025-03-11T20:23:18.678347+00:00,5f7360d3ef2f4fa5a5c552f766b7fb94
2024-04-23,11.29,,ft,Approved,,2025-03-11T20:23:18.678347+00:00,5f7360d3ef2f4fa5a5c552f766b7fb94
2024-04-24,11.27,,ft,Approved,,2025-03-11T20:23:18.678347+00:00,5f7360d3ef2f4fa5a5c552f766b7fb94
2024-04-25,11.28,,ft,Approved,,2025-03-11T20:23:18.678347+00:00,5f7360d3ef2f4fa5a5c552f766b7fb94
2024-04-26,11.32,,ft,Approved,,2025-03-11T20:23:18.678347+00:00,5f7360d3ef2f4fa5a5c552f766b7fb94
2024-04-27,11.43,,ft,Approved,,2025-03-11T20:23:18.678347+00:00,5f7360d3ef2f4fa5a5c552f766b7fb94
2024-04-28,12.26,,ft,Approved,,2025-03-11T20:23:18.678347+00:00,5f7360d3ef2f4fa5a5c552f766b7fb94
2024-04-29,11.73,,ft,Approved,,2025-03-11T20:23:18.678347+00:00,5f7360d3ef2f4fa5a5c552f766b7fb94
2024-04-30,11.6,,ft,Approved,,2025-03-11T20:23:18.678347+00:00,5f7360d3ef2f4fa5a5c552f766b7fb94
2024-05-01,12.23,,ft,Approved,,2025-03-11T20:23:18.678347+00:00,5f7360d3ef2f4fa5a5c552f766b7fb94
2024-05-02,12.89,,ft,Approved,,2025-03-11T20:23:18.678347+00:00,5f7360d3ef2f4fa5a5c552f766b7fb94
2024-05-03,11.84,,ft,Approved,,2025-03-11T20:23:18.678347+00:00,5f7360d3ef2f4fa5a5c552f766b7fb94
2024-05-04,11.62,,ft,Approved,,2025-03-11T20:23:18.678347+00:00,5f7360d3ef2f4fa5a5c552f766b7fb94
2024-05-05,13.14,,ft,Approved,,2025-03-11T20:23:18.678347+00:00,5f7360d3ef2f4fa5a5c552f766b7fb94
2024-05-06,11.92,,ft,Approved,,2025-03-11T20:23:18.678347+00:00,5f7360d3ef2f4fa5a5c552f766b7fb94
2024-05-07,11.78,,ft,Approved,,2025-03-11T20:23:18.678347+00:00,5f7360d3ef2f4fa5a5c552f766b7fb94
2024-05-08,11.63,,ft,Approved,,2025-03-11T20:23:18.678347+00:00,5f7360d3ef2f4fa5a5c552f766b7fb94
2024-05-09,11.72,,ft,Approved,,2025-03-11T20:23:18.678347+00:00,5f7360d3ef2f4fa5a5c552f766b7fb94
2024-05-10,11.58,,ft,Approved,,2025-03-11T20:23:18.678347+00:00,5f7360d3ef2f4fa5a5c552f766b7fb94
2024-05-11,11.56,,ft,Approved,,2025-03-11T20:23:18.678347+00:00,5f7360d3ef2f4fa5a5c552f766b7fb94
2024-05-12,11.57,,ft,Approved,,2025-03-11T20:23:18.678347+00:00,5f7360d3ef2f4fa5a5c552f766b7fb94
2024-05-13,11.68,,ft,Approved,,2025-03-11T20:23:18.678347+00:00,5f7360d3ef2f4fa5a5c552f766b7fb94
2024-05-14,11.57,,ft,Approved,,2025-03-11T20:23:18.678347+00:00,5f7360d3ef2f4fa5a5c552f766b7fb94
2024-05-15,11.54,,ft,Approved,,2025-03-11T20:23:18.678347+00:00,5f7360d3ef2f4fa5a5c552f766b7fb94
2024-05-16,12.91,,ft,Approved,,2025-03-11T20:23:18.678347+00:00,5f7360d3ef2f4fa5a5c552f766b7fb94
2024-05-17,12.27,,ft,Approved,,2025-03-11T20:23:18.678347+00:00,5f7360d3ef2f4fa5a5c552f766b7fb94
2024-05-18,11.69,,ft,Approved,,2025-03-11T20:23:18.678347+00:00,5f7360d3ef2f4fa5a5c552f766b7fb94
2024-05-19,11.59,,ft,Approved,,2025-03-11T20:23:18.678347+00:00,5f7360d3ef2f4fa5a5c552f766b7fb94
2024-05-20,11.63,,ft,Approved,,2025-03-11T20:23:18.678347+00:00,5f7360d3ef2f4fa5a5c552f766b7fb94
2024-05-21,11.56,,ft,Approved,,2025-03-11T20:23:18.678347+00:00,5f7360d3ef2f4fa5a5c552f766b7fb94
2024-05-22,11.53,,ft,Approved,,2025-03-11T20:23:18.678347+00:00,5f7360d3ef2f4fa5a5c552f766b7fb94
2024-05-23,11.52,,ft,Approved,,2025-03-11T20:23:18.678347+00:00,5f7360d3ef2f4fa5a5c552f766b7fb94
2024-05-24,11.52,,ft,Approved,,2025-03-11T20:23:18.678347+00:00,5f7360d3ef2f4fa5a5c552f766b7fb94
2024-05-25,11.5,,ft,Approved,,2025-03-11T20:23:18.678347+00:00,5f7360d3ef2f4fa5a5c552f766b7fb94
2024-05-26,11.48,,ft,Approved,,2025-03-11T20:23:18.678347+00:00,5f7360d3ef2f4fa5a5c552f766b7fb94
2024-05-27,11.9,,ft,Approved,,2025-03-11T20:23:18.678347+00:00,5f7360d3ef2f4fa5a5c552f766b7fb94
2024-05-28,12.47,,ft,Approved,,2025-03-11T20:23:18.678347+00:00,5f7360d3ef2f4fa5a5c552f766b7fb94
2024-05-29,13.14,,ft,Approved,,2025-03-11T20:23:18.678347+00:00,5f7360d3ef2f4fa5a5c552f766b7fb94
2024-05-30,12.67,,ft,Approved,,2025-03-11T20:23:18.678347+00:00,5f7360d3ef2f4fa5a5c552f766b7fb94
2024-05-31,13.62,,ft,Approved,,2025-03-11T20:23:18.678347+00:00,5f7360d3ef2f4fa5a5c552f766b7fb94
2024-06-01,11.89,,ft,Approved,,2025-03-11T20:23:18.678347+00:00,5f7360d3ef2f4fa5a5c552f766b7fb94
2024-06-02,12.08,,ft,Approved,,2025-03-11T20:23:18.678347+00:00,5f7360d3ef2f4fa5a5c552f766b7fb94
2024-06-03,12.27,,ft,Approved,,2025-03-11T20:23:18.678347+00:00,5f7360d3ef2f4fa5a5c552f766b7fb94
2024-06-04,12.2,,ft,Approved,,2025-03-11T20:23:18.678347+00:00,5f7360d3ef2f4fa5a5c552f766b7fb94
2024-06-05,12.16,,ft,Approved,,2025-03-11T20:23:18.678347+00:00,5f7360d3ef2f4fa5a5c552f766b7fb94
2024-06-06,12.37,,ft,Approved,,2025-03-11T20:23:18.678347+00:00,5f7360d3ef2f4fa5a5c552f766b7fb94
2024-06-07,12.37,,ft,Approved,,2025-03-11T20:23:18.678347+00:00,5f7360d3ef2f4fa5a5c552f766b7fb94
2024-06-08,12.34,,ft,Approved,,2025-03-11T20:23:18.678347+00:00,5f7360d3ef2f4fa5a5c552f766b7fb94
2024-06-09,12.32,,ft,Approved,,2025-03-11T20:23:18.678347+00:00,5f7360d3ef2f4fa5a5c552f766b7fb94
2024-06-10,12.33,,ft,Approved,,2025-03-11T20:23:18.678347+00:00,5f7360d3ef2f4fa5a5c552f766b7fb94
2024-06-11,12.38,,ft,Approved,,2025-03-11T20:23:18.678347+00:00,5f7360d3ef2f4fa5a5c552f766b7fb94
2024-06-12,12.55,,ft,Approved,,2025-03-11T20:23:18.678347+00:00,5f7360d3ef2f4fa5a5c552f766b7fb94
2024-06-13,12.59,,ft,Approved,,2025-03-11T20:23:18.678347+00:00,5f7360d3ef2f4fa5a5c552f766b7fb94
2024-06-14,12.54,,ft,Approved,,2025-03-11T20:23:18.678347+00:00,5f7360d3ef2f4fa5a5c552f766b7fb94
2024-06-15,12.51,,ft,Approved,,2025-03-11T20:23:18.678347+00:00,5f7360d3ef2f4fa5a5c552f766b7fb94
2024-06-16,12.35,,ft,Approved,,2025-03-11T20:23:18.678347+00:00,5f7360d3ef2f4fa5a5c552f766b7fb94
2024-06-17,12.34,,ft,Approved,,2025-03-11T20:23:18.678347+00:00,5f7360d3ef2f4fa5a5c552f766b7fb94
2024-06-18,12.3,,ft,Approved,,2025-03-11T20:23:18.678347+00:00,5f7360d3ef2f4fa5a5c552f766b7fb94
2024-06-19,12.41,,ft,Approved,,2025-03-11T20:23:18.678347+00:00,5f7360d3ef2f4fa5a5c552f766b7fb94
2024-06-20,12.91,,ft,Approved,,2025-03-11T20:23:18.678347+00:00,5f7360d3ef2f4fa5a5c552f766b7fb94
2024-06-21,11.71,,ft,Approved,,2025-03-11T20:23:18.678347+00:00,5f7360d3ef2f4fa5a5c552f766b7fb94
2024-06-22,11.6,,ft,Approved,,2025-03-11T20:23:18.678347+00:00,5f7360d3ef2f4fa5a5c552f766b7fb94
2024-06-23,11.49,,ft,Approved,,2025-03-11T20:23:18.678347+00:00,5f7360d3ef2f4fa5a5c552f766b7fb94
2024-06-24,11.57,,ft,Approved,,2025-03-11T20:23:18.678347+00:00,5f7360d3ef2f4fa5a5c552f766b7fb94
2024-06-25,11.45,,ft,Approved,,2025-03-11T20:23:18.678347+00:00,5f7360d3ef2f4fa5a5c552f766b7fb94
2024-06-26,11.46,,ft,Approved,,2025-03-11T20:23:18.678347+00:00,5f7360d3ef2f4fa5a5c552f766b7fb94
2024-06-27,11.84,,ft,Approved,,2025-03-11T20:23:18.678347+00:00,5f7360d3ef2f4fa5a5c552f766b7fb94
2024-06-28,11.96,,ft,Approved,,2025-03-11T20:23:18.678347+00:00,5f7360d3ef2f4fa5a5c552f766b7fb94
2024-06-29,11.87,,ft,Approved,,2025-03-11T20:23:18.678347+00:00,5f7360d3ef2f4fa5a5c552f766b7fb94
2024-06-30,11.9,,ft,Approved,,2025-03-11T20:23:18.678347+00:00,5f7360d3ef2f4fa5a5c552f766b7fb94
2024-07-01,11.91,,ft,Approved,,2025-03-11T20:23:18.678347+00:00,5f7360d3ef2f4fa5a5c552f766b7fb94
2024-07-02,12.16,,ft,Approved,,2025-03-11T20:23:18.678347+00:00,5f7360d3ef2f4fa5a5c552f766b7fb94
2024-07-03,12.05,,ft,Approved,,2025-03-11T20:23:18.678347+00:00,5f7360d3ef2f4fa5a5c552f766b7fb94
2024-07-04,12.05,,ft,Approved,,2025-03-11T20:23:18.678347+00:00,5f7360d3ef2f4fa5a5c552f766b7fb94
2024-07-05,12.05,,ft,Approved,,2025-03-11T20:23:18.678347+00:00,5f7360d3ef2f4fa5a5c552f766b7fb94
2024-07-06,12.41,,ft,Approved,,2025-03-11T20:23:18.678347+00:00,5f7360d3ef2f4fa5a5c552f766b7fb94
2024-07-07,12.48,,ft,Approved,,2025-03-11T20:23:18.678347+00:00,5f7360d3ef2f4fa5a5c552f766b7fb94
2024-07-08,12.23,,ft,Approved,,2025-03-11T20:23:18.678347+00:00,5f7360d3ef2f4fa5a5c552f766b7fb94
2024-07-09,12.12,,ft,Approved,,2025-03-11T20:23:18.678347+00:00,5f7360d3ef2f4fa5a5c552f766b7fb94
2024-07-10,12.15,,ft,Approved,,2025-03-11T20:23:18.678347+00:00,5f7360d3ef2f4fa5a5c552f766b7fb94
2024-07-11,12.05,,ft,Approved,,2025-03-11T20:23:18.678347+00:00,5f7360d3ef2f4fa5a5c552f766b7fb94
2024-07-12,11.99,,ft,Approved,,2025-03-11T20:23:18.678347+00:00,5f7360d3ef2f4fa5a5c552f766b7fb94
2024-07-13,11.99,,ft,Approved,,2025-03-11T20:23:18.678347+00:00,5f7360d3ef2f4fa5a5c552f766b7fb94
2024-07-14,12.09,,ft,Approved,,2025-03-11T20:23:18.678347+00:00,5f7360d3ef2f4fa5a5c552f766b7fb94
2024-07-15,12.14,,ft,Approved,,2025-03-11T20:23:18.678347+00:00,5f7360d3ef2f4fa5a5c552f766b7fb94
2024-07-16,12.32,,ft,Approved,,2025-03-11T20:23:18.678347+00:00,5f7360d3ef2f4fa5a5c552f766b7fb94
2024-07-17,12.32,,ft,Approved,,2025-03-11T20:23:18.678347+00:00,5f7360d3ef2f4fa5a5c552f766b7fb94
2024-07-18,12.09,,ft,Approved,,2025-03-11T20:23:18.678347+00:00,5f7360d3ef2f4fa5a5c552f766b7fb94
2024-07-19,11.48,,ft,Approved,,2025-03-11T20:23:18.678347+00:00,5f7360d3ef2f4fa5a5c552f766b7fb94
2024-07-20,11.57,,ft,Approved,,2025-03-11T20:23:18.678347+00:00,5f7360d3ef2f4fa5a5c552f766b7fb94
2024-07-21,11.73,,ft,Approved,,2025-03-11T20:23:18.678347+00:00,5f7360d3ef2f4fa5a5c552f766b7fb94
2024-07-22,11.82,,ft,Approved,,2025-03-11T20:23:18.678347+00:00,5f7360d3ef2f4fa5a5c552f766b7fb94
2024-07-23,12.48,,ft,Approved,,2025-03-11T20:23:18.678347+00:00,5f7360d3ef2f4fa5a5c552f766b7fb94
2024-07-24,11.96,,ft,Approved,,2025-03-11T20:23:18.678347+00:00,5f7360d3ef2f4fa5a5c552f766b7fb94
2024-07-25,11.6,,ft,Approved,,2025-03-11T20:23:18.678347+00:00,5f7360d3ef2f4fa5a5c552f766b7fb94
2024-07-26,11.71,,ft,Approved,,2025-03-11T20:23:18.678347+00:00,5f7360d3ef2f4fa5a5c552f766b7fb94
2024-07-27,11.57,,ft,Approved,,2025-03-11T20:23:18.678347+00:00,5f7360d3ef2f4fa5a5c552f766b7fb94
2024-07-28,11.68,,ft,Approved,,2025-03-11T20:23:18.678347+00:00,5f7360d3ef2f4fa5a5c552f766b7fb94
2024-07-29,11.67,,ft,Approved,,2025-03-11T20:23:18.678347+00:00,5f7360d3ef2f4fa5a5c552f766b7fb94
2024-07-30,11.59,,ft,Approved,,2025-03-11T20:23:18.678347+00:00,5f7360d3ef2f4fa5a5c552f766b7fb94
2024-07-31,11.58,,ft,Approved,,2025-03-11T20:23:18.678347+00:00,5f7360d3ef2f4fa5a5c552f766b7fb94
2024-08-01,11.57,,ft,Approved,,2025-03-11T20:23:18.678347+00:00,5f7360d3ef2f4fa5a5c552f766b7fb94
2024-08-02,11.56,,ft,Approved,,2025-03-11T20:23:18.678347+00:00,5f7360d3ef2f4fa5a5c552f766b7fb94
2024-08-03,11.53,,ft,Approved,,2025-03-11T20:23:18.678347+00:00,5f7360d3ef2f4fa5a5c552f766b7fb94
2024-08-04,12.84,,ft,Approved,,2025-03-11T20:23:18.678347+00:00,5f7360d3ef2f4fa5a5c552f766b7fb94
2024-08-05,12.08,,ft,Approved,,2025-03-11T20:23:18.678347+00:00,5f7360d3ef2f4fa5a5c552f766b7fb94
2024-08-06,11.53,,ft,Approved,,2025-03-11T20:23:18.678347+00:00,5f7360d3ef2f4fa5a5c552f766b7fb94
2024-08-07,11.45,,ft,Approved,,2025-03-11T20:23:18.678347+00:00,5f7360d3ef2f4fa5a5c552f766b7fb94
2024-08-08,11.43,,ft,Approved,,2025-03-11T20:23:18.678347+00:00,5f7360d3ef2f4fa5a5c552f766b7fb94
2024-08-09,11.4,,ft,Approved,,2025-03-11T20:23:18.678347+00:00,5f7360d3ef2f4fa5a5c552f766b7fb94
2024-08-10,11.39,,ft,Approved,,2025-03-11T20:23:18.678347+00:00,5f7360d3ef2f4fa5a5c552f766b7fb94
2024-08-11,11.38,,ft,Approved,,2025-03-11T20:23:18.678347+00:00,5f7360d3ef2f4fa5a5c552f766b7fb94
2024-08-12,11.38,,ft,Approved,,2025-03-11T20:23:18.678347+00:00,5f7360d3ef2f4fa5a5c552f766b7fb94
2024-08-13,11.36,,ft,Approved,,2025-03-11T20:23:18.678347+00:00,5f7360d3ef2f4fa5a5c552f766b7fb94
2024-08-14,11.43,,ft,Approved,,2025-03-11T20:23:18.678347+00:00,5f7360d3ef2f4fa5a5c552f766b7fb94
2024-08-15,11.85,,ft,Approved,,2025-03-11T20:23:18.678347+00:00,5f7360d3ef2f4fa5a5c552f766b7fb94
2024-08-16,12.27,,ft,Approved,,2025-03-11T20:23:18.678347+00:00,5f7360d3ef2f4fa5a5c552f766b7fb94
2024-08-17,12.03,,ft,Approved,,2025-03-11T20:23:18.678347+00:00,5f7360d3ef2f4fa5a5c552f766b7fb94
2024-08-18,12.1,,ft,Approved,,2025-03-11T20:23:18.678347+00:00,5f7360d3ef2f4fa5a5c552f766b7fb94
2024-08-19,12.06,,ft,Approved,,2025-03-11T20:23:18.678347+00:00,5f7360d3ef2f4fa5a5c552f766b7fb94
2024-08-20,12.28,,ft,Approved,,2025-03-11T20:23:18.678347+00:00,5f7360d3ef2f4fa5a5c552f766b7fb94
2024-08-21,12.11,,ft,Approved,,2025-03-11T20:23:18.678347+00:00,5f7360d3ef2f4fa5a5c552f766b7fb94
2024-08-22,12.47,,ft,Approved,,2025-03-11T20:23:18.678347+00:00,5f7360d3ef2f4fa5a5c552f766b7fb94
2024-08-23,12.35,,ft,Approved,,2025-03-11T20:23:18.678347+00:00,5f7360d3ef2f4fa5a5c552f766b7fb94
2024-08-24,12.44,,ft,Approved,,2025-03-11T20:23:18.678347+00:00,5f7360d3ef2f4fa5a5c552f766b7fb94
2024-08-25,12.44,,ft,Approved,,2025-03-11T20:23:18.678347+00:00,5f7360d3ef2f4fa5a5c552f766b7fb94
2024-08-26,12.43,,ft,Approved,,2025-03-11T20:23:18.678347+00:00,5f7360d3ef2f4fa5a5c552f766b7fb94
2024-08-27,12.75,,ft,Approved,,2025-03-11T20:23:18.678347+00:00,5f7360d3ef2f4fa5a5c552f766b7fb94
2024-08-28,12.66,,ft,Approved,,2025-03-11T20:23:18.678347+00:00,5f7360d3ef2f4fa5a5c552f766b7fb94
2024-08-29,12.58,,ft,Approved,,2025-03-11T20:23:18.678347+00:00,5f7360d3ef2f4fa5a5c552f766b7fb94
2024-08-30,12.54,,ft,Approved,,2025-03-11T20:23:18.678347+00:00,5f7360d3ef2f4fa5a5c552f766b7fb94
2024-08-31,12.31,,ft,Approved,,2025-03-11T20:23:18.678347+00:00,5f7360d3ef2f4fa5a5c552f766b7fb94
2024-09-01,12.3,,ft,Approved,,2025-03-11T20:23:18.678347+00:00,5f7360d3ef2f4fa5a5c552f766b7fb94
2024-09-02,12.29,,ft,Approved,,2025-03-11T20:23:18.678347+00:00,5f7360d3ef2f4fa5a5c552f766b7fb94
2024-09-03,12.51,,ft,Approved,,2025-03-11T20:23:18.678347+00:00,5f7360d3ef2f4fa5a5c552f766b7fb94
2024-09-04,12.51,,ft,Approved,,2025-03-11T20:23:18.678347+00:00,5f7360d3ef2f4fa5a5c552f766b7fb94
2024-09-05,12.7,,ft,Approved,,2025-03-11T20:23:18.678347+00:00,5f7360d3ef2f4fa5a5c552f766b7fb94
2024-09-06,12.58,,ft,Approved,,2025-03-11T20:23:18.678347+00:00,5f7360d3ef2f4fa5a5c552f766b7fb94
2024-09-07,12.57,,ft,Approved,,2025-03-11T20:23:18.678347+00:00,5f7360d3ef2f4fa5a5c552f766b7fb94
2024-09-08,12.51,,ft,Approved,,2025-03-11T20:23:18.678347+00:00,5f7360d3ef2f4fa5a5c552f766b7fb94
2024-09-09,12.54,,ft,Approved,,2025-03-11T20:23:18.678347+00:00,5f7360d3ef2f4fa5a5c552f766b7fb94
2024-09-10,12.46,,ft,Approved,,2025-03-11T20:23:18.678347+00:00,5f7360d3ef2f4fa5a5c552f766b7fb94
2024-09-11,12.46,,ft,Approved,,2025-03-11T20:23:18.678347+00:00,5f7360d3ef2f4fa5a5c552f766b7fb94
2024-09-12,12.46,,ft,Approved,,2025-03-11T20:23:18.678347+00:00,5f7360d3ef2f4fa5a5c552f766b7fb94
2024-09-13,12.64,,ft,Approved,,2025-03-11T20:23:18.678347+00:00,5f7360d3ef2f4fa5a5c552f766b7fb94
2024-09-14,12.48,,ft,Approved,,2025-03-11T20:23:18.678347+00:00,5f7360d3ef2f4fa5a5c552f766b7fb94
2024-09-15,12.67,,ft,Approved,,2025-03-11T20:23:18.678347+00:00,5f7360d3ef2f4fa5a5c552f766b7fb94
2024-09-16,12.7,,ft,Approved,,2025-03-11T20:23:18.678347+00:00,5f7360d3ef2f4fa5a5c552f766b7fb94
2024-09-17,12.77,,ft,Approved,,2025-03-11T20:23:18.678347+00:00,5f7360d3ef2f4fa5a5c552f766b7fb94
2024-09-18,12.8,,ft,Approved,,2025-03-11T20:23:18.678347+00:00,5f7360d3ef2f4fa5a5c552f766b7fb94
2024-09-19,12.86,,ft,Approved,,2025-03-11T20:23:18.678347+00:00,5f7360d3ef2f4fa5a5c552f766b7fb94
2024-09-20,13.41,,ft,Approved,,2025-03-11T20:23:18.678347+00:00,5f7360d3ef2f4fa5a5c552f766b7fb94
2024-09-21,13.46,,ft,Approved,,2025-03-11T20:23:18.678347+00:00,5f7360d3ef2f4fa5a5c552f766b7fb94
2024-09-22,13.46,,ft,Approved,,2025-03-11T20:23:18.678347+00:00,5f7360d3ef2f4fa5a5c552f766b7fb94
2024-09-23,13.49,,ft,Approved,,2025-03-11T20:23:18.678347+00:00,5f7360d3ef2f4fa5a5c552f766b7fb94
2024-09-24,13.4,,ft,Approved,,2025-03-11T20:23:18.678347+00:00,5f7360d3ef2f4fa5a5c552f766b7fb94
2024-09-25,13.52,,ft,Approved,,2025-03-11T20:23:18.678347+00:00,5f7360d3ef2f4fa5a5c552f766b7fb94
2024-09-26,13.41,,ft,Approved,,2025-03-11T20:23:18.678347+00:00,5f7360d3ef2f4fa5a5c552f766b7fb94
2024-09-27,13.42,,ft,Approved,,2025-03-11T20:23:18.678347+00:00,5f7360d3ef2f4fa5a5c552f766b7fb94
2024-09-28,13.42,,ft,Approved,,2025-03-11T20:23:18.678347+00:00,5f7360d3ef2f4fa5a5c552f766b7fb94
2024-09-29,13.42,,ft,Approved,,2025-03-11T20:23:18.678347+00:00,5f7360d3ef2f4fa5a5c552f766b7fb94
2024-09-30,13.44,,ft,Approved,,2025-03-11T20:23:18.678347+00:00,5f7360d3ef2f4fa5a5c552f766b7fb94
2024-10-01,13.35,,ft,Approved,,2025-03-11T20:23:18.678347+00:00,5f7360d3ef2f4fa5a5c552f766b7fb94
2024-10-02,13.0,,ft,Approved,,2025-03-11T20:23:18.678347+00:00,5f7360d3ef2f4fa5a5c552f766b7fb94
2024-10-03,12.93,,ft,Approved,,2025-03-11T20:23:18.678347+00:00,5f7360d3ef2f4fa5a5c552f766b7fb94
2024-10-04,13.0,,ft,Approved,,2025-03-11T20:23:18.678347+00:00,5f7360d3ef2f4fa5a5c552f766b7fb94
2024-10-05,12.99,,ft,Approved,,2025-03-11T20:23:18.678347+00:00,5f7360d3ef2f4fa5a5c552f766b7fb94
2024-10-06,13.19,,ft,Approved,,2025-03-11T20:23:18.678347+00:00,5f7360d3ef2f4fa5a5c552f766b7fb94
2024-10-07,13.06,,ft,Approved,,2025-03-11T20:23:18.678347+00:00,5f7360d3ef2f4fa5a5c552f766b7fb94
2024-10-08,12.25,,ft,Approved,,2025-03-11T20:23:18.678347+00:00,5f7360d3ef2f4fa5a5c552f766b7fb94
2024-10-09,12.89,,ft,Approved,,2025-03-11T20:23:18.678347+00:00,5f7360d3ef2f4fa5a5c552f766b7fb94
2024-10-10,12.97,,ft,Approved,,2025-03-11T20:23:18.678347+00:00,5f7360d3ef2f4fa5a5c552f766b7fb94
2024-10-11,12.39,,ft,Approved,,2025-03-11T20:23:18.678347+00:00,5f7360d3ef2f4fa5a5c552f766b7fb94
2024-10-12,12.09,,ft,Approved,,2025-03-11T20:23:18.678347+00:00,5f7360d3ef2f4fa5a5c552f766b7fb94
2024-10-13,12.1,,ft,Approved,,2025-03-11T20:23:18.678347+00:00,5f7360d3ef2f4fa5a5c552f766b7fb94
2024-10-14,12.13,,ft,Approved,,2025-03-11T20:23:18.678347+00:00,5f7360d3ef2f4fa5a5c552f766b7fb94
2024-10-15,12.04,,ft,Approved,,2025-03-11T20:23:18.678347+00:00,5f7360d3ef2f4fa5a5c552f766b7fb94
2024-10-16,11.83,,ft,Approved,,2025-03-11T20:23:18.678347+00:00,5f7360d3ef2f4fa5a5c552f766b7fb94
2024-10-17,11.79,,ft,Approved,,2025-03-11T20:23:18.678347+00:00,5f7360d3ef2f4fa5a5c552f766b7fb94
2024-10-18,11.81,,ft,Approved,,2025-03-11T20:23:18.678347+00:00,5f7360d3ef2f4fa5a5c552f766b7fb94
2024-10-19,11.83,,ft,Approved,,2025-03-11T20:23:18.678347+00:00,5f7360d3ef2f4fa5a5c552f766b7fb94
2024-10-20,11.86,,ft,Approved,,2025-03-11T20:23:18.678347+00:00,5f7360d3ef2f4fa5a5c552f766b7fb94
2024-10-21,12.02,,ft,Approved,,2025-03-11T20:23:18.678347+00:00,5f7360d3ef2f4fa5a5c552f766b7fb94
2024-10-22,12.2,,ft,Approved,,2025-03-11T20:23:18.678347+00:00,5f7360d3ef2f4fa5a5c552f766b7fb94
2024-10-23,12.15,,ft,Approved,,2025-03-11T20:23:18.678347+00:00,5f7360d3ef2f4fa5a5c552f766b7fb94
2024-10-24,12.03,,ft,Approved,,2025-03-11T20:23:18.678347+00:00,5f7360d3ef2f4fa5a5c552f766b7fb94
2024-10-25,12.15,,ft,Approved,,2025-03-11T20:23:18.678347+00:00,5f7360d3ef2f4fa5a5c552f766b7fb94
2024-10-26,11.95,,ft,Approved,,2025-03-11T20:23:18.678347+00:00,5f7360d3ef2f4fa5a5c552f766b7fb94
2024-10-27,12.01,,ft,Approved,,2025-03-11T20:23:18.678347+00:00,5f7360d3ef2f4fa5a5c552f766b7fb94
2024-10-28,12.17,,ft,Approved,,2025-03-11T20:23:18.678347+00:00,5f7360d3ef2f4fa5a5c552f766b7fb94
2024-10-29,11.96,,ft,Approved,,2025-03-19T19:29:19.013892+00:00,5f7360d3ef2f4fa5a5c552f766b7fb94
2024-10-30,12.02,,ft,Approved,,2025-03-19T19:29:19.013892+00:00,5f7360d3ef2f4fa5a5c552f766b7fb94
2024-10-31,12.31,,ft,Approved,,2025-03-19T19:29:19.013892+00:00,5f7360d3ef2f4fa5a5c552f766b7fb94
2024-11-01,12.27,,ft,Approved,,2025-03-19T19:29:19.013892+00:00,5f7360d3ef2f4fa5a5c552f766b7fb94
2024-11-02,12.42,,ft,Approved,,2025-03-19T19:29:19.013892+00:00,5f7360d3ef2f4fa5a5c552f766b7fb94
2024-11-03,12.45,,ft,Approved,,2025-03-19T19:29:19.013892+00:00,5f7360d3ef2f4fa5a5c552f766b7fb94
2024-11-04,12.48,,ft,Approved,,2025-03-19T19:29:19.013892+00:00,5f7360d3ef2f4fa5a5c552f766b7fb94
2024-11-05,13.99,,ft,Approved,,2025-03-19T19:29:19.013892+00:00,5f7360d3ef2f4fa5a5c552f766b7fb94
2024-11-06,11.97,,ft,Approved,,2025-03-19T19:29:19.013892+00:00,5f7360d3ef2f4fa5a5c552f766b7fb94
2024-11-07,11.87,,ft,Approved,,2025-03-19T19:29:19.013892+00:00,5f7360d3ef2f4fa5a5c552f766b7fb94
2024-11-08,12.05,,ft,Approved,,2025-03-19T19:29:19.013892+00:00,5f7360d3ef2f4fa5a5c552f766b7fb94
2024-11-09,11.98,,ft,Approved,,2025-03-19T19:29:19.013892+00:00,5f7360d3ef2f4fa5a5c552f766b7fb94
2024-11-10,11.95,,ft,Approved,,2025-03-19T19:29:19.013892+00:00,5f7360d3ef2f4fa5a5c552f766b7fb94
2024-11-11,11.95,,ft,Approved,,2025-03-19T19:29:19.013892+00:00,5f7360d3ef2f4fa5a5c552f766b7fb94
2024-11-12,11.95,,ft,Approved,,2025-03-19T19:29:19.013892+00:00,5f7360d3ef2f4fa5a5c552f766b7fb94
2024-11-13,11.93,,ft,Approved,,2025-03-19T19:29:19.013892+00:00,5f7360d3ef2f4fa5a5c552f766b7fb94
2024-11-14,11.82,,ft,Approved,,2025-03-19T19:29:19.013892+00:00,5f7360d3ef2f4fa5a5c552f766b7fb94
2024-11-15,11.6,,ft,Approved,,2025-03-19T19:29:19.013892+00:00,5f7360d3ef2f4fa5a5c552f766b7fb94
2024-11-16,11.76,,ft,Approved,,2025-03-19T19:29:19.013892+00:00,5f7360d3ef2f4fa5a5c552f766b7fb94
2024-11-17,11.58,,ft,Approved,,2025-03-19T19:29:19.013892+00:00,5f7360d3ef2f4fa5a5c552f766b7fb94
2024-11-18,11.85,,ft,Approved,,2025-03-19T19:29:19.013892+00:00,5f7360d3ef2f4fa5a5c552f766b7fb94
2024-11-19,11.76,,ft,Approved,,2025-03-19T19:29:19.013892+00:00,5f7360d3ef2f4fa5a5c552f766b7fb94
2024-11-20,11.81,,ft,Approved,,2025-03-19T19:29:19.013892+00:00,5f7360d3ef2f4fa5a5c552f766b7fb94
2024-11-21,11.85,,ft,Approved,,2025-03-19T19:29:19.013892+00:00,5f7360d3ef2f4fa5a5c552f766b7fb94
2024-11-22,11.62,,ft,Approved,,2025-03-19T19:29:19.013892+00:00,5f7360d3ef2f4fa5a5c552f766b7fb94
2024-11-23,11.75,,ft,Approved,,2025-03-19T19:29:19.013892+00:00,5f7360d3ef2f4fa5a5c552f766b7fb94
2024-11-24,11.81,,ft,Approved,,2025-03-19T19:29:19.013892+00:00,5f7360d3ef2f4fa5a5c552f766b7fb94
2024-11-25,11.62,,ft,Approved,,2025-03-19T19:29:19.013892+00:00,5f7360d3ef2f4fa5a5c552f766b7fb94
2024-11-26,11.73,,ft,Approved,,2025-03-19T19:29:19.013892+00:00,5f7360d3ef2f4fa5a5c552f766b7fb94
2024-11-27,11.85,,ft,Approved,,2025-03-19T19:29:19.013892+00:00,5f7360d3ef2f4fa5a5c552f766b7fb94
2024-11-28,12.17,,ft,Approved,,2025-03-19T19:29:19.013892+00:00,5f7360d3ef2f4fa5a5c552f766b7fb94
2024-11-29,12.19,,ft,Approved,,2025-03-19T19:29:19.013892+00:00,5f7360d3ef2f4fa5a5c552f766b7fb94
2024-11-30,12.19,,ft,Approved,,2025-03-19T19:29:19.013892+00:00,5f7360d3ef2f4fa5a5c552f766b7fb94
2024-12-01,12.21,,ft,Approved,,2025-03-19T19:29:19.013892+00:00,5f7360d3ef2f4fa5a5c552f766b7fb94
2024-12-02,12.25,,ft,Approved,,2025-03-19T19:29:19.013892+00:00,5f7360d3ef2f4fa5a5c552f766b7fb94
2024-12-03,12.15,,ft,Approved,,2025-03-19T19:29:19.013892+00:00,5f7360d3ef2f4fa5a5c552f766b7fb94
2024-12-04,12.18,,ft,Approved,,2025-03-19T19:29:19.013892+00:00,5f7360d3ef2f4fa5a5c552f766b7fb94
2024-12-05,12.19,,ft,Approved,,2025-03-19T19:29:19.013892+00:00,5f7360d3ef2f4fa5a5c552f766b7fb94
2024-12-06,12.17,,ft,Approved,,2025-03-19T19:29:19.013892+00:00,5f7360d3ef2f4fa5a5c552f766b7fb94
2024-12-07,12.04,,ft,Approved,,2025-03-19T19:29:19.013892+00:00,5f7360d3ef2f4fa5a5c552f766b7fb94
2024-12-08,12.04,,ft,Approved,,2025-03-19T19:29:19.013892+00:00,5f7360d3ef2f4fa5a5c552f766b7fb94
2024-12-09,11.91,,ft,Approved,,2025-03-19T19:29:19.013892+00:00,5f7360d3ef2f4fa5a5c552f766b7fb94
2024-12-10,12.65,,ft,Approved,,2025-03-19T19:29:19.013892+00:00,5f7360d3ef2f4fa5a5c552f766b7fb94
2024-12-11,11.36,,ft,Approved,,2025-03-19T19:29:19.013892+00:00,5f7360d3ef2f4fa5a5c552f766b7fb94
2024-12-12,11.68,,ft,Approved,,2025-03-19T19:29:19.013892+00:00,5f7360d3ef2f4fa5a5c552f766b7fb94
2024-12-13,11.77,,ft,Approved,,2025-03-19T19:29:19.013892+00:00,5f7360d3ef2f4fa5a5c552f766b7fb94
2024-12-14,11.88,,ft,Approved,,2025-03-19T19:29:19.013892+00:00,5f7360d3ef2f4fa5a5c552f766b7fb94
2024-12-15,11.79,,ft,Approved,,2025-03-19T19:29:19.013892+00:00,5f7360d3ef2f4fa5a5c552f766b7fb94
2024-12-16,11.81,,ft,Approved,,2025-03-19T19:29:19.013892+00:00,5f7360d3ef2f4fa5a5c552f766b7fb94
2024-12-17,11.78,,ft,Approved,,2025-03-19T19:29:19.013892+00:00,5f7360d3ef2f4fa5a5c552f766b7fb94
2024-12-18,11.75,,ft,Approved,,2025-03-19T19:29:19.013892+00:00,5f7360d3ef2f4fa5a5c552f766b7fb94
2024-12-19,11.51,,ft,Approved,,2025-03-19T19:29:19.013892+00:00,5f7360d3ef2f4fa5a5c552f766b7fb94
2024-12-20,11.63,,ft,Approved,,2025-03-19T19:29:19.013892+00:00,5f7360d3ef2f4fa5a5c552f766b7fb94
2024-12-21,11.66,,ft,Approved,,2025-03-19T19:29:19.013892+00:00,5f7360d3ef2f4fa5a5c552f766b7fb94
2024-12-22,11.44,,ft,Approved,,2025-03-19T19:29:19.013892+00:00,5f7360d3ef2f4fa5a5c552f766b7fb94
2024-12-23,11.59,,ft,Approved,,2025-03-19T19:29:19.013892+00:00,5f7360d3ef2f4fa5a5c552f766b7fb94
2024-12-24,11.67,,ft,Approved,,2025-03-19T19:29:19.013892+00:00,5f7360d3ef2f4fa5a5c552f766b7fb94
2024-12-25,11.96,,ft,Approved,,2025-03-19T19:29:19.013892+00:00,5f7360d3ef2f4fa5a5c552f766b7fb94
2024-12-26,11.77,,ft,Approved,,2025-03-19T19:29:19.013892+00:00,5f7360d3ef2f4fa5a5c552f766b7fb94
2024-12-27,11.93,,ft,Approved,,2025-03-19T19:29:19.013892+00:00,5f7360d3ef2f4fa5a5c552f766b7fb94
2024-12-28,11.87,,ft,Approved,,2025-03-19T19:29:19.013892+00:00,5f7360d3ef2f4fa5a5c552f766b7fb94
2024-12-29,12.03,,ft,Approved,,2025-03-19T19:29:19.013892+00:00,5f7360d3ef2f4fa5a5c552f766b7fb94
2024-12-30,12.02,,ft,Approved,,2025-03-19T19:29:19.013892+00:00,5f7360d3ef2f4fa5a5c552f766b7fb94
2024-12-31,11.97,,ft,Approved,,2025-03-19T19:29:19.013892+00:00,5f7360d3ef2f4fa5a5c552f766b7fb94
2025-01-01,11.94,,ft,Approved,,2025-03-19T19:29:19.013892+00:00,5f7360d3ef2f4fa5a5c552f766b7fb94
2025-01-02,11.93,,ft,Approved,,2025-03-19T19:29:19.013892+00:00,5f7360d3ef2f4fa5a5c552f766b7fb94
2025-01-03,11.96,,ft,Approved,,2025-03-19T19:29:19.013892+00:00,5f7360d3ef2f4fa5a5c552f766b7fb94
2025-01-04,11.65,,ft,Approved,,2025-03-19T19:29:19.013892+00:00,5f7360d3ef2f4fa5a5c552f766b7fb94
2025-01-05,11.89,,ft,Approved,,2025-03-19T19:29:19.013892+00:00,5f7360d3ef2f4fa5a5c552f766b7fb94
2025-01-06,12.17,,ft,Approved,,2025-03-19T19:29:19.013892+00:00,5f7360d3ef2f4fa5a5c552f766b7fb94
2025-01-07,12.04,,ft,Approved,,2025-03-19T19:29:19.013892+00:00,5f7360d3ef2f4fa5a5c552f766b7fb94
2025-01-08,12.17,,ft,Approved,,2025-03-19T19:29:19.013892+00:00,5f7360d3ef2f4fa5a5c552f766b7fb94
2025-01-09,12.32,,ft,Approved,,2025-03-19T19:29:19.013892+00:00,5f7360d3ef2f4fa5a5c552f766b7fb94
2025-01-10,12.44,,ft,Approved,,2025-03-19T19:29:19.013892+00:00,5f7360d3ef2f4fa5a5c552f766b7fb94
2025-01-11,11.99,,ft,Approved,,2025-03-19T19:29:19.013892+00:00,5f7360d3ef2f4fa5a5c552f766b7fb94
2025-01-12,12.21,,ft,Approved,,2025-03-19T19:29:19.013892+00:00,5f7360d3ef2f4fa5a5c552f766b7fb94
2025-01-13,12.19,,ft,Approved,,2025-03-19T19:29:19.013892+00:00,5f7360d3ef2f4fa5a5c552f766b7fb94
2025-01-14,11.91,,ft,Approved,,2025-03-19T19:29:19.013892+00:00,5f7360d3ef2f4fa5a5c552f766b7fb94
2025-01-15,11.86,,ft,Approved,,2025-03-19T19:29:19.013892+00:00,5f7360d3ef2f4fa5a5c552f766b7fb94
2025-01-16,11.85,,ft,Approved,,2025-03-19T19:29:19.013892+00:00,5f7360d3ef2f4fa5a5c552f766b7fb94
2025-01-17,11.65,,ft,Approved,,2025-03-19T19:29:19.013892+00:00,5f7360d3ef2f4fa5a5c552f766b7fb94
2025-01-18,11.67,,ft,Approved,,2025-03-19T19:29:19.013892+00:00,5f7360d3ef2f4fa5a5c552f766b7fb94
2025-01-19,11.69,,ft,Approved,,2025-03-19T19:29:19.013892+00:00,5f7360d3ef2f4fa5a5c552f766b7fb94
2025-01-20,11.72,,ft,Approved,,2025-03-19T19:29:19.013892+00:00,5f7360d3ef2f4fa5a5c552f766b7fb94
2025-01-21,11.73,,ft,Approved,,2025-03-19T19:29:19.013892+00:00,5f7360d3ef2f4fa5a5c552f766b7fb94
2025-01-22,11.72,,ft,Approved,,2025-03-19T19:29:19.013892+00:00,5f7360d3ef2f4fa5a5c552f766b7fb94
2025-01-23,11.75,,ft,Approved,,2025-03-19T19:29:19.013892+00:00,5f7360d3ef2f4fa5a5c552f766b7fb94
2025-01-24,11.77,,ft,Approved,,2025-03-19T19:29:19.013892+00:00,5f7360d3ef2f4fa5a5c552f766b7fb94
2025-01-25,11.84,,ft,Approved,,2025-03-19T19:29:19.013892+00:00,5f7360d3ef2f4fa5a5c552f766b7fb94
2025-01-26,11.77,,ft,Approved,,2025-03-19T19:29:19.013892+00:00,5f7360d3ef2f4fa5a5c552f766b7fb94
2025-01-27,11.84,,ft,Approved,,2025-03-19T19:29:19.013892+00:00,5f7360d3ef2f4fa5a5c552f766b7fb94
2025-01-28,12.97,,ft,Approved,,2025-03-19T19:29:19.013892+00:00,5f7360d3ef2f4fa5a5c552f766b7fb94
2025-01-29,11.29,,ft,Approved,,2025-03-19T19:29:19.013892+00:00,5f7360d3ef2f4fa5a5c552f766b7fb94
2025-01-30,11.83,,ft,Approved,,2025-03-19T19:29:19.013892+00:00,5f7360d3ef2f4fa5a5c552f766b7fb94
2025-01-31,11.91,,ft,Approved,,2025-03-19T19:29:19.013892+00:00,5f7360d3ef2f4fa5a5c552f766b7fb94
2025-02-01,11.99,,ft,Approved,,2025-03-19T19:29:19.013892+00:00,5f7360d3ef2f4fa5a5c552f766b7fb94
2025-02-02,11.82,,ft,Approved,,2025-03-19T19:29:19.013892+00:00,5f7360d3ef2f4fa5a5c552f766b7fb94
2025-02-03,11.98,,ft,Approved,,2025-03-19T19:29:19.013892+00:00,5f7360d3ef2f4fa5a5c552f766b7fb94
2025-02-04,11.69,,ft,Approved,,2025-08-26T19:08:12.924524+00:00,5f7360d3ef2f4fa5a5c552f766b7fb94
2025-02-05,11.76,,ft,Approved,,2025-08-26T19:08:12.924524+00:00,5f7360d3ef2f4fa5a5c552f766b7fb94
2025-02-06,11.66,,ft,Approved,,2025-08-26T19:08:12.924524+00:00,5f7360d3ef2f4fa5a5c552f766b7fb94
2025-02-07,11.64,,ft,Approved,,2025-08-26T19:08:12.924524+00:00,5f7360d3ef2f4fa5a5c552f766b7fb94
2025-02-08,11.55,,ft,Approved,,2025-08-26T19:08:12.924524+00:00,5f7360d3ef2f4fa5a5c552f766b7fb94
2025-02-09,11.61,,ft,Approved,,2025-08-26T19:08:12.924524+00:00,5f7360d3ef2f4fa5a5c552f766b7fb94
2025-02-10,11.63,,ft,Approved,,2025-08-26T19:08:12.924524+00:00,5f7360d3ef2f4fa5a5c552f766b7fb94
2025-02-11,12.97,,ft,Approved,,2025-08-26T19:08:12.924524+00:00,5f7360d3ef2f4fa5a5c552f766b7fb94
2025-02-12,12.16,,ft,Approved,,2025-08-26T19:08:12.924524+00:00,5f7360d3ef2f4fa5a5c552f766b7fb94
2025-02-13,11.82,,ft,Approved,,2025-08-26T19:08:12.924524+00:00,5f7360d3ef2f4fa5a5c552f766b7fb94
2025-02-14,11.69,,ft,Approved,,2025-08-26T19:08:12.924524+00:00,5f7360d3ef2f4fa5a5c552f766b7fb94
2025-02-15,11.63,,ft,Approved,,2025-08-26T19:08:12.924524+00:00,5f7360d3ef2f4fa5a5c552f766b7fb94
2025-02-16,11.58,,ft,Approved,,2025-08-26T19:08:12.924524+00:00,5f7360d3ef2f4fa5a5c552f766b7fb94
2025-02-17,11.49,,ft,Approved,,2025-08-26T19:08:12.924524+00:00,5f7360d3ef2f4fa5a5c552f766b7fb94
2025-02-18,11.38,,ft,Approved,,2025-08-26T19:08:12.924524+00:00,5f7360d3ef2f4fa5a5c552f766b7fb94
2025-02-19,11.37,,ft,Approved,,2025-08-26T19:08:12.924524+00:00,5f7360d3ef2f4fa5a5c552f766b7fb94
2025-02-20,11.44,,ft,Approved,,2025-08-26T19:08:12.924524+00:00,5f7360d3ef2f4fa5a5c552f766b7fb94
2025-02-21,11.3,,ft,Approved,,2025-08-26T19:08:12.924524+00:00,5f7360d3ef2f4fa5a5c552f766b7fb94
2025-02-22,11.25,,ft,Approved,,2025-08-26T19:08:12.924524+00:00,5f7360d3ef2f4fa5a5c552f766b7fb94
2025-02-23,11.47,,ft,Approved,,2025-08-26T19:08:12.924524+00:00,5f7360d3ef2f4fa5a5c552f766b7fb94
2025-02-24,11.64,,ft,Approved,,2025-08-26T19:08:12.924524+00:00,5f7360d3ef2f4fa5a5c552f766b7fb94
2025-02-25,11.45,,ft,Approved,,2025-08-26T19:08:12.924524+00:00,5f7360d3ef2f4fa5a5c552f766b7fb94
2025-02-26,11.67,,ft,Approved,,2025-08-26T19:08:12.924524+00:00,5f7360d3ef2f4fa5a5c552f766b7fb94
2025-02-27,11.72,,ft,Approved,,2025-08-26T19:08:12.924524+00:00,5f7360d3ef2f4fa5a5c552f766b7fb94
2025-02-28,11.69,,ft,Approved,,2025-08-26T19:08:12.924524+00:00,5f7360d3ef2f4fa5a5c552f766b7fb94
2025-03-01,11.72,,ft,Approved,,2025-08-26T19:08:12.924524+00:00,5f7360d3ef2f4fa5a5c552f766b7fb94
2025-03-02,11.7,,ft,Approved,,2025-08-26T19:08:12.924524+00:00,5f7360d3ef2f4fa5a5c552f766b7fb94
2025-03-03,11.67,,ft,Approved,,2025-08-26T19:08:12.924524+00:00,5f7360d3ef2f4fa5a5c552f766b7fb94
2025-03-04,11.68,,ft,Approved,,2025-08-26T19:08:12.924524+00:00,5f7360d3ef2f4fa5a5c552f766b7fb94
2025-03-05,11.47,,ft,Approved,,2025-08-26T19:08:12.924524+00:00,5f7360d3ef2f4fa5a5c552f766b7fb94
2025-03-06,11.54,,ft,Approved,,2025-08-26T19:08:12.924524+00:00,5f7360d3ef2f4fa5a5c552f766b7fb94
2025-03-07,11.53,,ft,Approved,,2025-08-26T19:08:12.924524+00:00,5f7360d3ef2f4fa5a5c552f766b7fb94
2025-03-08,11.52,,ft,Approved,,2025-08-26T19:08:12.924524+00:00,5f7360d3ef2f4fa5a5c552f766b7fb94
2025-03-09,11.57,,ft,Approved,,2025-08-26T19:08:12.924524+00:00,5f7360d3ef2f4fa5a5c552f766b7fb94
2025-03-10,11.83,,ft,Approved,,2025-08-26T19:08:12.924524+00:00,5f7360d3ef2f4fa5a5c552f766b7fb94
2025-03-11,11.28,,ft,Approved,,2025-08-26T19:08:12.924524+00:00,5f7360d3ef2f4fa5a5c552f766b7fb94
2025-03-12,11.56,,ft,Approved,,2025-08-26T19:08:12.924524+00:00,5f7360d3ef2f4fa5a5c552f766b7fb94
2025-03-13,11.61,,ft,Approved,,2025-08-26T19:08:12.924524+00:00,5f7360d3ef2f4fa5a5c552f766b7fb94
2025-03-14,11.69,,ft,Approved,,2025-08-26T19:08:12.924524+00:00,5f7360d3ef2f4fa5a5c552f766b7fb94
2025-03-15,11.64,,ft,Approved,,2025-08-26T19:08:12.924524+00:00,5f7360d3ef2f4fa5a5c552f766b7fb94
2025-03-16,11.61,,ft,Approved,,2025-08-26T19:08:12.924524+00:00,5f7360d3ef2f4fa5a5c552f766b7fb94
2025-03-17,11.62,,ft,Approved,,2025-08-26T19:08:12.924524+00:00,5f7360d3ef2f4fa5a5c552f766b7fb94
2025-03-18,11.65,,ft,Approved,,2025-08-26T19:08:12.924524+00:00,5f7360d3ef2f4fa5a5c552f766b7fb94
2025-03-19,11.81,,ft,Approved,,2025-08-26T19:08:12.924524+00:00,5f7360d3ef2f4fa5a5c552f766b7fb94
2025-03-20,11.86,,ft,Approved,,2025-08-26T19:08:12.924524+00:00,5f7360d3ef2f4fa5a5c552f766b7fb94
2025-03-21,11.9,,ft,Approved,,2025-08-26T19:08:12.924524+00:00,5f7360d3ef2f4fa5a5c552f766b7fb94
2025-03-22,11.93,,ft,Approved,,2025-08-26T19:08:12.924524+00:00,5f7360d3ef2f4fa5a5c552f766b7fb94
2025-03-23,12.16,,ft,Approved,,2025-08-26T19:08:12.924524+00:00,5f7360d3ef2f4fa5a5c552f766b7fb94
2025-03-24,12.66,,ft,Approved,,2025-08-26T19:08:12.924524+00:00,5f7360d3ef2f4fa5a5c552f766b7fb94
2025-03-25,12.2,,ft,Approved,,2025-08-26T19:08:12.924524+00:00,5f7360d3ef2f4fa5a5c552f766b7fb94
2025-03-26,12.29,,ft,Approved,,2025-08-26T19:08:12.924524+00:00,5f7360d3ef2f4fa5a5c552f766b7fb94
2025-03-27,12.39,,ft,Approved,,2025-08-26T19:08:12.924524+00:00,5f7360d3ef2f4fa5a5c552f766b7fb94
2025-03-28,12.16,,ft,Approved,,2025-08-26T19:08:12.924524+00:00,5f7360d3ef2f4fa5a5c552f766b7fb94
2025-03-29,11.98,,ft,Approved,,2025-08-26T19:08:12.924524+00:00,5f7360d3ef2f4fa5a5c552f766b7fb94
2025-03-30,11.77,,ft,Approved,,2025-08-26T19:08:12.924524+00:00,5f7360d3ef2f4fa5a5c552f766b7fb94
2025-03-31,11.92,,ft,Approved,,2025-08-26T19:08:12.924524+00:00,5f7360d3ef2f4fa5a5c552f766b7fb94
2025-04-01,11.88,,ft,Approved,,2025-08-26T19:08:12.924524+00:00,5f7360d3ef2f4fa5a5c552f766b7fb94
2025-04-02,12.11,,ft,Approved,,2025-08-26T19:08:12.924524+00:00,5f7360d3ef2f4fa5a5c552f766b7fb94
2025-04-03,11.81,,ft,Approved,,2025-08-26T19:08:12.924524+00:00,5f7360d3ef2f4fa5a5c552f766b7fb94
2025-04-04,12.55,,ft,Approved,,2025-08-26T19:08:12.924524+00:00,5f7360d3ef2f4fa5a5c552f766b7fb94
2025-04-05,12.22,,ft,Approved,,2025-08-26T19:08:12.924524+00:00,5f7360d3ef2f4fa5a5c552f766b7fb94
2025-04-06,12.18,,ft,Approved,,2025-08-26T19:08:12.924524+00:00,5f7360d3ef2f4fa5a5c552f766b7fb94
2025-04-07,12.33,,ft,Approved,,2025-08-26T19:08:12.924524+00:00,5f7360d3ef2f4fa5a5c552f766b7fb94
2025-04-08,11.98,,ft,Approved,,2025-08-26T19:08:12.924524+00:00,5f7360d3ef2f4fa5a5c552f766b7fb94
2025-04-09,12.08,,ft,Approved,,2025-08-26T19:08:12.924524+00:00,5f7360d3ef2f4fa5a5c552f766b7fb94
2025-04-10,12.1,,ft,Approved,,2025-08-26T19:08:12.924524+00:00,5f7360d3ef2f4fa5a5c552f766b7fb94
2025-04-11,12.1,,ft,Approved,,2025-08-26T19:08:12.924524+00:00,5f7360d3ef2f4fa5a5c552f766b7fb94
2025-04-12,12.08,,ft,Approved,,2025-08-26T19:08:12.924524+00:00,5f7360d3ef2f4fa5a5c552f766b7fb94
2025-04-13,12.25,,ft,Approved,,2025-08-26T19:08:12.924524+00:00,5f7360d3ef2f4fa5a5c552f766b7fb94
2025-04-14,12.31,,ft,Approved,,2025-08-26T19:08:12.924524+00:00,5f7360d3ef2f4fa5a5c552f766b7fb94
2025-04-15,12.26,,ft,Approved,,2025-08-26T19:08:12.924524+00:00,5f7360d3ef2f4fa5a5c552f766b7fb94
2025-04-16,12.28,,ft,Approved,,2025-08-26T19:08:12.924524+00:00,5f7360d3ef2f4fa5a5c552f766b7fb94
2025-04-17,12.31,,ft,Approved,,2025-08-26T19:08:12.924524+00:00,5f7360d3ef2f4fa5a5c552f766b7fb94
2025-04-18,12.43,,ft,Approved,,2025-08-26T19:08:12.924524+00:00,5f7360d3ef2f4fa5a5c552f766b7fb94
2025-04-19,12.46,,ft,Approved,,2025-08-26T19:08:12.924524+00:00,5f7360d3ef2f4fa5a5c552f766b7fb94
2025-04-20,12.47,,ft,Approved,,2025-08-26T19:08:12.924524+00:00,5f7360d3ef2f4fa5a5c552f766b7fb94
2025-04-21,12.91,,ft,Approved,,2025-08-26T19:08:12.924524+00:00,5f7360d3ef2f4fa5a5c552f766b7fb94
2025-04-22,12.64,,ft,Approved,,2025-08-26T19:08:12.924524+00:00,5f7360d3ef2f4fa5a5c552f766b7fb94
2025-04-23,13.53,,ft,Approved,,2025-08-26T19:08:12.924524+00:00,5f7360d3ef2f4fa5a5c552f766b7fb94
2025-04-24,12.63,,ft,Approved,,2025-08-26T19:08:12.924524+00:00,5f7360d3ef2f4fa5a5c552f766b7fb94
2025-04-25,12.33,,ft,Approved,,2025-08-26T19:08:12.924524+00:00,5f7360d3ef2f4fa5a5c552f766b7fb94
2025-04-26,12.76,,ft,Approved,,2025-08-26T19:08:12.924524+00:00,5f7360d3ef2f4fa5a5c552f766b7fb94
2025-04-27,12.87,,ft,Approved,,2025-08-26T19:08:12.924524+00:00,5f7360d3ef2f4fa5a5c552f766b7fb94
2025-04-28,12.84,,ft,Approved,,2025-08-26T19:08:12.924524+00:00,5f7360d3ef2f4fa5a5c552f766b7fb94
2025-04-29,12.86,,ft,Approved,,2025-08-26T19:08:12.924524+00:00,5f7360d3ef2f4fa5a5c552f766b7fb94
2025-04-30,12.71,,ft,Approved,,2025-08-26T19:08:12.924524+00:00,5f7360d3ef2f4fa5a5c552f766b7fb94
2025-05-01,12.65,,ft,Approved,,2025-08-26T19:08:12.924524+00:00,5f7360d3ef2f4fa5a5c552f766b7fb94
2025-05-02,12.7,,ft,Approved,,2025-08-26T19:08:12.924524+00:00,5f7360d3ef2f4fa5a5c552f766b7fb94
2025-05-03,12.78,,ft,Approved,,2025-08-26T19:08:12.924524+00:00,5f7360d3ef2f4fa5a5c552f766b7fb94
2025-05-04,12.83,,ft,Approved,,2025-08-26T19:08:12.924524+00:00,5f7360d3ef2f4fa5a5c552f766b7fb94
2025-05-05,13.54,,ft,Approved,,2025-08-26T19:08:12.924524+00:00,5f7360d3ef2f4fa5a5c552f766b7fb94
2025-05-06,13.04,,ft,Approved,,2025-08-26T19:08:12.924524+00:00,5f7360d3ef2f4fa5a5c552f766b7fb94
2025-05-07,12.18,,ft,Approved,,2025-08-26T19:08:12.924524+00:00,5f7360d3ef2f4fa5a5c552f766b7fb94
2025-05-08,12.36,,ft,Approved,,2025-08-26T19:08:12.924524+00:00,5f7360d3ef2f4fa5a5c552f766b7fb94
2025-05-09,12.4,,ft,Approved,,2025-08-26T19:08:12.924524+00:00,5f7360d3ef2f4fa5a5c552f766b7fb94
2025-05-10,12.58,,ft,Approved,,2025-08-26T19:08:12.924524+00:00,5f7360d3ef2f4fa5a5c552f766b7fb94
2025-05-11,12.62,,ft,Approved,,2025-08-26T19:08:12.924524+00:00,5f7360d3ef2f4fa5a5c552f766b7fb94
2025-05-12,12.61,,ft,Approved,,2025-08-26T19:08:12.924524+00:00,5f7360d3ef2f4fa5a5c552f766b7fb94
2025-05-13,12.55,,ft,Approved,,2025-08-26T19:08:12.924524+00:00,5f7360d3ef2f4fa5a5c552f766b7fb94
2025-05-14,12.92,,ft,Approved,,2025-08-26T19:08:12.924524+00:00,5f7360d3ef2f4fa5a5c552f766b7fb94
2025-05-15,12.93,,ft,Approved,,2025-08-26T19:08:12.924524+00:00,5f7360d3ef2f4fa5a5c552f766b7fb94
2025-05-16,13.24,,ft,Approved,,2025-08-26T19:08:12.924524+00:00,5f7360d3ef2f4fa5a5c552f766b7fb94
2025-05-17,13.23,,ft,Approved,,2025-08-26T19:08:12.924524+00:00,5f7360d3ef2f4fa5a5c552f766b7fb94
2025-05-18,13.55,,ft,Approved,,2025-08-26T19:08:12.924524+00:00,5f7360d3ef2f4fa5a5c552f766b7fb94
2025-05-19,13.6,,ft,Approved,,2025-08-26T19:08:12.924524+00:00,5f7360d3ef2f4fa5a5c552f766b7fb94
2025-05-20,13.59,,ft,Approved,,2026-01-30T23:34:17.102662+00:00,5f7360d3ef2f4fa5a5c552f766b7fb94
2025-05-21,13.5,,ft,Approved,,2026-01-30T23:34:17.102662+00:00,5f7360d3ef2f4fa5a5c552f766b7fb94
2025-05-22,13.52,,ft,Approved,,2026-01-30T23:34:17.102662+00:00,5f7360d3ef2f4fa5a5c552f766b7fb94
2025-05-23,13.37,,ft,Approved,,2026-01-30T23:34:17.102662+00:00,5f7360d3ef2f4fa5a5c552f766b7fb94
2025-05-24,13.46,,ft,Approved,,2026-01-30T23:34:17.102662+00:00,5f7360d3ef2f4fa5a5c552f766b7fb94
2025-05-25,13.37,,ft,Approved,,2026-01-30T23:34:17.102662+00:00,5f7360d3ef2f4fa5a5c552f766b7fb94
2025-05-26,14.04,,ft,Approved,,2026-01-30T23:34:17.102662+00:00,5f7360d3ef2f4fa5a5c552f766b7fb94
2025-05-27,13.87,,ft,Approved,,2026-01-30T23:34:17.102662+00:00,5f7360d3ef2f4fa5a5c552f766b7fb94
2025-05-28,13.55,,ft,Approved,,2026-01-30T23:34:17.102662+00:00,5f7360d3ef2f4fa5a5c552f766b7fb94
2025-05-29,13.37,,ft,Approved,,2026-01-30T23:34:17.102662+00:00,5f7360d3ef2f4fa5a5c552f766b7fb94
2025-05-30,13.58,,ft,Approved,,2026-01-30T23:34:17.102662+00:00,5f7360d3ef2f4fa5a5c552f766b7fb94
2025-05-31,13.15,,ft,Approved,,2026-01-30T23:34:17.102662+00:00,5f7360d3ef2f4fa5a5c552f766b7fb94
2025-06-01,13.41,,ft,Approved,,2026-01-30T23:34:17.102662+00:00,5f7360d3ef2f4fa5a5c552f766b7fb94
2025-06-02,13.67,,ft,Approved,,2026-01-30T23:34:17.102662+00:00,5f7360d3ef2f4fa5a5c552f766b7fb94
2025-06-03,13.55,,ft,Approved,,2026-01-30T23:34:17.102662+00:00,5f7360d3ef2f4fa5a5c552f766b7fb94
2025-06-04,13.28,,ft,Approved,,2026-01-30T23:34:17.102662+00:00,5f7360d3ef2f4fa5a5c552f766b7fb94
2025-06-05,12.84,,ft,Approved,,2026-01-30T23:34:17.102662+00:00,5f7360d3ef2f4fa5a5c552f766b7fb94
2025-06-06,13.33,,ft,Approved,,2026-01-30T23:34:17.102662+00:00,5f7360d3ef2f4fa5a5c552f766b7fb94
2025-06-07,13.52,,ft,Approved,,2026-01-30T23:34:17.102662+00:00,5f7360d3ef2f4fa5a5c552f766b7fb94
2025-06-08,13.59,,ft,Approved,,2026-01-30T23:34:17.102662+00:00,5f7360d3ef2f4fa5a5c552f766b7fb94
2025-06-09,13.65,,ft,Approved,,2026-01-30T23:34:17.102662+00:00,5f7360d3ef2f4fa5a5c552f766b7fb94
2025-06-10,13.69,,ft,Approved,,2026-01-30T23:34:17.102662+00:00,5f7360d3ef2f4fa5a5c552f766b7fb94
2025-06-11,14.04,,ft,Approved,,2026-01-30T23:34:17.102662+00:00,5f7360d3ef2f4fa5a5c552f766b7fb94
2025-06-12,13.19,,ft,Approved,,2026-01-30T23:34:17.102662+00:00,5f7360d3ef2f4fa5a5c552f766b7fb94
2025-06-13,13.12,,ft,Approved,,2026-01-30T23:34:17.102662+00:00,5f7360d3ef2f4fa5a5c552f766b7fb94
2025-06-14,13.6,,ft,Approved,,2026-01-30T23:34:17.102662+00:00,5f7360d3ef2f4fa5a5c552f766b7fb94
2025-06-15,13.85,,ft,Approved,,2026-01-30T23:34:17.102662+00:00,5f7360d3ef2f4fa5a5c552f766b7fb94
2025-06-16,14.03,,ft,Approved,,2026-01-30T23:34:17.102662+00:00,5f7360d3ef2f4fa5a5c552f766b7fb94
2025-06-17,13.88,,ft,Approved,,2026-01-30T23:34:17.102662+00:00,5f7360d3ef2f4fa5a5c552f766b7fb94
2025-06-18,13.65,,ft,Approved,,2026-01-30T23:34:17.102662+00:00,5f7360d3ef2f4fa5a5c552f766b7fb94
2025-06-19,13.49,,ft,Approved,,2026-01-30T23:34:17.102662+00:00,5f7360d3ef2f4fa5a5c552f766b7fb94
2025-06-20,13.57,,ft,Approved,,2026-01-30T23:34:17.102662+00:00,5f7360d3ef2f4fa5a5c552f766b7fb94
2025-06-21,14.01,,ft,Approved,,2026-01-30T23:34:17.102662+00:00,5f7360d3ef2f4fa5a5c552f766b7fb94
2025-06-22,13.97,,ft,Approved,,2026-01-30T23:34:17.102662+00:00,5f7360d3ef2f4fa5a5c552f766b7fb94
2025-06-23,13.88,,ft,Approved,,2026-01-30T23:34:17.102662+00:00,5f7360d3ef2f4fa5a5c552f766b7fb94
2025-06-24,14.2,,ft,Approved,,2026-01-30T23:34:17.102662+00:00,5f7360d3ef2f4fa5a5c552f766b7fb94
2025-06-25,14.01,,ft,Approved,,2026-01-30T23:34:17.102662+00:00,5f7360d3ef2f4fa5a5c552f766b7fb94
2025-06-26,13.66,,ft,Approved,,2026-01-30T23:34:17.102662+00:00,5f7360d3ef2f4fa5a5c552f766b7fb94
2025-06-27,13.64,,ft,Approved,,2026-01-30T23:34:17.102662+00:00,5f7360d3ef2f4fa5a5c552f766b7fb94
2025-06-28,13.76,,ft,Approved,,2026-01-30T23:34:17.102662+00:00,5f7360d3ef2f4fa5a5c552f766b7fb94
2025-06-29,13.66,,ft,Approved,,2026-01-30T23:34:17.102662+00:00,5f7360d3ef2f4fa5a5c552f766b7fb94
2025-06-30,13.68,,ft,Approved,,2026-01-30T23:34:17.102662+00:00,5f7360d3ef2f4fa5a5c552f766b7fb94
2025-07-01,13.65,,ft,Approved,,2026-01-30T23:34:17.102662+00:00,5f7360d3ef2f4fa5a5c552f766b7fb94
2025-07-02,13.71,,ft,Approved,,2026-01-30T23:34:17.102662+00:00,5f7360d3ef2f4fa5a5c552f766b7fb94
2025-07-03,14.51,,ft,Approved,,2026-01-30T23:34:17.102662+00:00,5f7360d3ef2f4fa5a5c552f766b7fb94
2025-07-04,13.45,,ft,Approved,,2026-01-30T23:34:17.102662+00:00,5f7360d3ef2f4fa5a5c552f766b7fb94
2025-07-05,18.13,,ft,Approved,,2026-01-30T23:34:17.102662+00:00,5f7360d3ef2f4fa5a5c552f766b7fb94
2025-07-06,14.61,,ft,Approved,,2026-01-30T23:34:17.102662+00:00,5f7360d3ef2f4fa5a5c552f766b7fb94
2025-07-07,12.97,,ft,Approved,,2026-01-30T23:34:17.102662+00:00,5f7360d3ef2f4fa5a5c552f766b7fb94
2025-07-08,12.67,,ft,Approved,,2026-01-30T23:34:17.102662+00:00,5f7360d3ef2f4fa5a5c552f766b7fb94
2025-07-09,13.22,,ft,Approved,,2026-01-30T23:34:17.102662+00:00,5f7360d3ef2f4fa5a5c552f766b7fb94
2025-07-10,12.97,,ft,Approved,,2026-01-30T23:34:17.102662+00:00,5f7360d3ef2f4fa5a5c552f766b7fb94
2025-07-11,12.64,,ft,Approved,,2026-01-30T23:34:17.102662+00:00,5f7360d3ef2f4fa5a5c552f766b7fb94
2025-07-12,12.6,,ft,Approved,,2026-01-30T23:34:17.102662+00:00,5f7360d3ef2f4fa5a5c552f766b7fb94
2025-07-13,12.88,,ft,Approved,,2026-01-30T23:34:17.102662+00:00,5f7360d3ef2f4fa5a5c552f766b7fb94
2025-07-14,12.93,,ft,Approved,,2026-01-30T23:34:17.102662+00:00,5f7360d3ef2f4fa5a5c552f766b7fb94
2025-07-15,12.73,,ft,Approved,,2026-01-30T23:34:17.102662+00:00,5f7360d3ef2f4fa5a5c552f766b7fb94
2025-07-16,12.65,,ft,Approved,,2026-01-30T23:34:17.102662+00:00,5f7360d3ef2f4fa5a5c552f766b7fb94
2025-07-17,12.55,,ft,Approved,,2026-01-30T23:34:17.102662+00:00,5f7360d3ef2f4fa5a5c552f766b7fb94
2025-07-18,12.67,,ft,Approved,,2026-01-30T23:34:17.102662+00:00,5f7360d3ef2f4fa5a5c552f766b7fb94
2025-07-19,13.23,,ft,Approved,,2026-01-30T23:34:17.102662+00:00,5f7360d3ef2f4fa5a5c552f766b7fb94
2025-07-20,13.38,,ft,Approved,,2026-01-30T23:34:17.102662+00:00,5f7360d3ef2f4fa5a5c552f766b7fb94
2025-07-21,13.48,,ft,Approved,,2026-01-30T23:34:17.102662+00:00,5f7360d3ef2f4fa5a5c552f766b7fb94
2025-07-22,13.53,,ft,Approved,,2026-01-30T23:34:17.102662+00:00,5f7360d3ef2f4fa5a5c552f766b7fb94
2025-07-23,13.69,,ft,Approved,,2026-01-30T23:34:17.102662+00:00,5f7360d3ef2f4fa5a5c552f766b7fb94
2025-07-24,13.86,,ft,Approved,,2026-01-30T23:34:17.102662+00:00,5f7360d3ef2f4fa5a5c552f766b7fb94
2025-07-25,14.0,,ft,Approved,,2026-01-30T23:34:17.102662+00:00,5f7360d3ef2f4fa5a5c552f766b7fb94
2025-07-26,14.0,,ft,Approved,,2026-01-30T23:34:17.102662+00:00,5f7360d3ef2f4fa5a5c552f766b7fb94
2025-07-27,14.01,,ft,Approved,,2026-01-30T23:34:17.102662+00:00,5f7360d3ef2f4fa5a5c552f766b7fb94
2025-07-28,13.89,,ft,Approved,,2026-01-30T23:34:17.102662+00:00,5f7360d3ef2f4fa5a5c552f766b7fb94
2025-07-29,13.42,,ft,Approved,,2026-01-30T23:34:17.102662+00:00,5f7360d3ef2f4fa5a5c552f766b7fb94
2025-07-30,13.5,,ft,Approved,,2026-01-30T23:34:17.102662+00:00,5f7360d3ef2f4fa5a5c552f766b7fb94
2025-07-31,13.42,,ft,Approved,,2026-01-30T23:34:17.102662+00:00,5f7360d3ef2f4fa5a5c552f766b7fb94
2025-08-01,13.33,,ft,Approved,,2026-01-30T23:34:17.102662+00:00,5f7360d3ef2f4fa5a5c552f766b7fb94
2025-08-02,13.57,,ft,Approved,,2026-01-30T23:34:17.102662+00:00,5f7360d3ef2f4fa5a5c552f766b7fb94
2025-08-03,13.65,,ft,Approved,,2026-01-30T23:34:17.102662+00:00,5f7360d3ef2f4fa5a5c552f766b7fb94
2025-08-04,13.03,,ft,Approved,,2026-01-30T23:34:17.102662+00:00,5f7360d3ef2f4fa5a5c552f766b7fb94
2025-08-05,13.61,,ft,Approved,,2026-01-30T23:34:17.102662+00:00,5f7360d3ef2f4fa5a5c552f766b7fb94
2025-08-06,14.08,,ft,Approved,,2026-01-30T23:34:17.102662+00:00,5f7360d3ef2f4fa5a5c552f766b7fb94
2025-08-07,13.96,,ft,Approved,,2026-01-30T23:34:17.102662+00:00,5f7360d3ef2f4fa5a5c552f766b7fb94
2025-08-08,13.89,,ft,Approved,,2026-01-30T23:34:17.102662+00:00,5f7360d3ef2f4fa5a5c552f766b7fb94
2025-08-09,14.12,,ft,Approved,,2026-01-30T23:34:17.102662+00:00,5f7360d3ef2f4fa5a5c552f766b7fb94
2025-08-10,14.06,,ft,Approved,,2026-01-30T23:34:17.102662+00:00,5f7360d3ef2f4fa5a5c552f766b7fb94
2025-08-11,14.05,,ft,Approved,,2026-01-30T23:34:17.102662+00:00,5f7360d3ef2f4fa5a5c552f766b7fb94
2025-08-12,13.99,,ft,Approved,,2026-01-30T23:34:17.102662+00:00,5f7360d3ef2f4fa5a5c552f766b7fb94
2025-08-13,13.95,,ft,Approved,,2026-01-30T23:34:17.102662+00:00,5f7360d3ef2f4fa5a5c552f766b7fb94
2025-08-14,13.98,,ft,Approved,,2026-01-30T23:34:17.102662+00:00,5f7360d3ef2f4fa5a5c552f766b7fb94
2025-08-15,14.12,,ft,Approved,,2026-01-30T23:34:17.102662+00:00,5f7360d3ef2f4fa5a5c552f766b7fb94
2025-08-16,14.02,,ft,Approved,,2026-01-30T23:34:17.102662+00:00,5f7360d3ef2f4fa5a5c552f766b7fb94
2025-08-17,14.09,,ft,Approved,,2026-01-30T23:34:17.102662+00:00,5f7360d3ef2f4fa5a5c552f766b7fb94
2025-08-18,14.04,,ft,Approved,,2026-01-30T23:34:17.102662+00:00,5f7360d3ef2f4fa5a5c552f766b7fb94
2025-08-19,14.16,,ft,Approved,,2026-01-30T23:34:17.102662+00:00,5f7360d3ef2f4fa5a5c552f766b7fb94
2025-08-20,14.23,,ft,Approved,,2026-01-30T23:34:17.102662+00:00,5f7360d3ef2f4fa5a5c552f766b7fb94
2025-08-21,14.69,,ft,Approved,,2026-01-30T23:34:17.102662+00:00,5f7360d3ef2f4fa5a5c552f766b7fb94
2025-08-22,14.4,,ft,Approved,,2026-01-30T23:34:17.102662+00:00,5f7360d3ef2f4fa5a5c552f766b7fb94
2025-08-23,14.34,,ft,Approved,,2026-01-30T23:34:17.102662+00:00,5f7360d3ef2f4fa5a5c552f766b7fb94
2025-08-24,14.46,,ft,Approved,,2026-01-30T23:34:17.102662+00:00,5f7360d3ef2f4fa5a5c552f766b7fb94
2025-08-25,14.47,,ft,Approved,,2026-01-30T23:34:17.102662+00:00,5f7360d3ef2f4fa5a5c552f766b7fb94
2025-08-26,14.43,,ft,Approved,,2026-01-30T23:34:17.102662+00:00,5f7360d3ef2f4fa5a5c552f766b7fb94
2025-08-27,14.71,,ft,Approved,,2026-01-30T23:34:17.102662+00:00,5f7360d3ef2f4fa5a5c552f766b7fb94
2025-08-28,14.22,,ft,Approved,,2026-01-30T23:34:17.102662+00:00,5f7360d3ef2f4fa5a5c552f766b7fb94
2025-08-29,14.48,,ft,Approved,,2026-01-30T23:34:17.102662+00:00,5f7360d3ef2f4fa5a5c552f766b7fb94
2025-08-30,14.37,,ft,Approved,,2026-01-30T23:34:17.102662+00:00,5f7360d3ef2f4fa5a5c552f766b7fb94
2025-08-31,14.28,,ft,Approved,,2026-01-30T23:34:17.102662+00:00,5f7360d3ef2f4fa5a5c552f766b7fb94
2025-09-01,14.64,,ft,Approved,,2026-01-30T23:34:17.102662+00:00,5f7360d3ef2f4fa5a5c552f766b7fb94
2025-09-02,14.57,,ft,Approved,,2026-01-30T23:34:17.102662+00:00,5f7360d3ef2f4fa5a5c552f766b7fb94
2025-09-03,14.45,,ft,Approved,,2026-01-30T23:34:17.102662+00:00,5f7360d3ef2f4fa5a5c552f766b7fb94
2025-09-04,14.32,,ft,Approved,,2026-01-30T23:34:17.102662+00:00,5f7360d3ef2f4fa5a5c552f766b7fb94
2025-09-05,14.31,,ft,Approved,,2026-01-30T23:34:17.102662+00:00,5f7360d3ef2f4fa5a5c552f766b7fb94
2025-09-06,14.22,,ft,Approved,,2026-01-30T23:34:17.102662+00:00,5f7360d3ef2f4fa5a5c552f766b7fb94
2025-09-07,14.42,,ft,Approved,,2026-01-30T23:34:17.102662+00:00,5f7360d3ef2f4fa5a5c552f766b7fb94
2025-09-08,14.29,,ft,Approved,,2026-01-30T23:34:17.102662+00:00,5f7360d3ef2f4fa5a5c552f766b7fb94
2025-09-09,14.16,,ft,Approved,,2026-01-30T23:34:17.102662+00:00,5f7360d3ef2f4fa5a5c552f766b7fb94
2025-09-10,14.11,,ft,Approved,,2026-01-30T23:34:17.102662+00:00,5f7360d3ef2f4fa5a5c552f766b7fb94
2025-09-11,13.95,,ft,Approved,,2026-01-30T23:34:17.102662+00:00,5f7360d3ef2f4fa5a5c552f766b7fb94
2025-09-12,13.97,,ft,Approved,,2026-01-30T23:34:17.102662+00:00,5f7360d3ef2f4fa5a5c552f766b7fb94
2025-09-13,14.08,,ft,Approved,,2026-01-30T23:34:17.102662+00:00,5f7360d3ef2f4fa5a5c552f766b7fb94
2025-09-14,14.2,,ft,Approved,,2026-01-30T23:34:17.102662+00:00,5f7360d3ef2f4fa5a5c552f766b7fb94
2025-09-15,14.27,,ft,Approved,,2026-01-30T23:34:17.102662+00:00,5f7360d3ef2f4fa5a5c552f766b7fb94
2025-09-16,14.46,,ft,Approved,,2026-01-30T23:34:17.102662+00:00,5f7360d3ef2f4fa5a5c552f766b7fb94
2025-09-17,14.39,,ft,Approved,,2026-01-30T23:34:17.102662+00:00,5f7360d3ef2f4fa5a5c552f766b7fb94
2025-09-18,14.41,,ft,Approved,,2026-01-30T23:34:17.102662+00:00,5f7360d3ef2f4fa5a5c552f766b7fb94
2025-09-19,14.31,,ft,Approved,,2026-01-30T23:34:17.102662+00:00,5f7360d3ef2f4fa5a5c552f766b7fb94
2025-09-20,14.37,,ft,Approved,,2026-01-30T23:34:17.102662+00:00,5f7360d3ef2f4fa5a5c552f766b7fb94
2025-09-21,14.4,,ft,Approved,,2026-01-30T23:34:17.102662+00:00,5f7360d3ef2f4fa5a5c552f766b7fb94
2025-09-22,14.53,,ft,Approved,,2026-01-30T23:34:17.102662+00:00,5f7360d3ef2f4fa5a5c552f766b7fb94
2025-09-23,14.58,,ft,Approved,,2026-01-30T23:34:17.102662+00:00,5f7360d3ef2f4fa5a5c552f766b7fb94
2025-09-24,14.32,,ft,Approved,,2026-01-30T23:34:17.102662+00:00,5f7360d3ef2f4fa5a5c552f766b7fb94
2025-09-25,14.45,,ft,Approved,,2026-01-30T23:34:17.102662+00:00,5f7360d3ef2f4fa5a5c552f766b7fb94
2025-09-26,14.35,,ft,Approved,,2026-01-30T23:34:17.102662+00:00,5f7360d3ef2f4fa5a5c552f766b7fb94
2025-09-27,14.33,,ft,Approved,,2026-01-30T23:34:17.102662+00:00,5f7360d3ef2f4fa5a5c552f766b7fb94
2025-09-28,14.34,,ft,Approved,,2026-01-30T23:34:17.102662+00:00,5f7360d3ef2f4fa5a5c552f766b7fb94
2025-09-29,14.32,,ft,Approved,,2026-01-30T23:34:17.102662+00:00,5f7360d3ef2f4fa5a5c552f766b7fb94
2025-09-30,14.36,,ft,Approved,,2026-01-30T23:34:17.102662+00:00,5f7360d3ef2f4fa5a5c552f766b7fb94
2025-10-01,14.36,,ft,Approved,,2026-01-30T23:34:17.102662+00:00,5f7360d3ef2f4fa5a5c552f766b7fb94
2025-10-02,14.32,,ft,Approved,,2026-01-30T23:34:17.102662+00:00,5f7360d3ef2f4fa5a5c552f766b7fb94
2025-10-03,14.48,,ft,Approved,,2026-01-30T23:34:17.102662+00:00,5f7360d3ef2f4fa5a5c552f766b7fb94
2025-10-04,14.44,,ft,Approved,,2026-01-30T23:34:17.102662+00:00,5f7360d3ef2f4fa5a5c552f766b7fb94
2025-10-05,14.41,,ft,Approved,,2026-01-30T23:34:17.102662+00:00,5f7360d3ef2f4fa5a5c552f766b7fb94
2025-10-06,14.36,,ft,Approved,,2026-01-30T23:34:17.102662+00:00,5f7360d3ef2f4fa5a5c552f766b7fb94
2025-10-07,14.2,,ft,Approved,,2026-01-30T23:34:17.102662+00:00,5f7360d3ef2f4fa5a5c552f766b7fb94
2025-10-08,14.48,,ft,Approved,,2026-01-30T23:34:17.102662+00:00,5f7360d3ef2f4fa5a5c552f766b7fb94
2025-10-09,14.32,,ft,Approved,,2026-01-30T23:34:17.102662+00:00,5f7360d3ef2f4fa5a5c552f766b7fb94
2025-10-10,14.43,,ft,Approved,,2026-01-30T23:34:17.102662+00:00,5f7360d3ef2f4fa5a5c552f766b7fb94
2025-10-11,13.74,,ft,Approved,,2026-01-30T23:34:17.102662+00:00,5f7360d3ef2f4fa5a5c552f766b7fb94
2025-10-12,13.19,,ft,Approved,,2026-01-30T23:34:17.102662+00:00,5f7360d3ef2f4fa5a5c552f766b7fb94
2025-10-13,13.22,,ft,Approved,,2026-01-30T23:34:17.102662+00:00,5f7360d3ef2f4fa5a5c552f766b7fb94
2025-10-14,13.35,,ft,Approved,,2026-01-30T23:34:17.102662+00:00,5f7360d3ef2f4fa5a5c552f766b7fb94
2025-10-15,13.39,,ft,Approved,,2026-01-30T23:34:17.102662+00:00,5f7360d3ef2f4fa5a5c552f766b7fb94
2025-10-16,13.1,,ft,Approved,,2026-01-30T23:34:17.102662+00:00,5f7360d3ef2f4fa5a5c552f766b7fb94
2025-10-17,12.69,,ft,Approved,,2026-01-30T23:34:17.102662+00:00,5f7360d3ef2f4fa5a5c552f766b7fb94
2025-10-18,12.34,,ft,Approved,,2026-01-30T23:34:17.102662+00:00,5f7360d3ef2f4fa5a5c552f766b7fb94
2025-10-19,12.42,,ft,Approved,,2026-01-30T23:34:17.102662+00:00,5f7360d3ef2f4fa5a5c552f766b7fb94
2025-10-20,12.69,,ft,Approved,,2026-01-30T23:34:17.102662+00:00,5f7360d3ef2f4fa5a5c552f766b7fb94
2025-10-21,12.48,,ft,Approved,,2026-01-30T23:34:17.102662+00:00,5f7360d3ef2f4fa5a5c552f766b7fb94
2025-10-22,12.36,,ft,Approved,,2026-01-30T23:34:17.102662+00:00,5f7360d3ef2f4fa5a5c552f766b7fb94
2025-10-23,12.59,,ft,Approved,,2026-01-30T23:34:17.102662+00:00,5f7360d3ef2f4fa5a5c552f766b7fb94
2025-10-24,12.37,,ft,Approved,,2026-01-30T23:34:17.102662+00:00,5f7360d3ef2f4fa5a5c552f766b7fb94
2025-10-25,14.64,,ft,Approved,,2026-01-30T23:34:17.102662+00:00,5f7360d3ef2f4fa5a5c552f766b7fb94
2025-10-26,13.96,,ft,Approved,,2026-01-30T23:34:17.102662+00:00,5f7360d3ef2f4fa5a5c552f766b7fb94
2025-10-27,12.56,,ft,Approved,,2026-01-30T23:34:17.102662+00:00,5f7360d3ef2f4fa5a5c552f766b7fb94
2025-10-28,12.24,,ft,Approved,,2026-01-30T23:34:17.102662+00:00,5f7360d3ef2f4fa5a5c552f766b7fb94
2025-10-29,12.05,,ft,Approved,,2026-01-30T23:34:17.102662+00:00,5f7360d3ef2f4fa5a5c552f766b7fb94
2025-10-30,12.05,,ft,Approved,,2026-01-30T23:34:17.102662+00:00,5f7360d3ef2f4fa5a5c552f766b7fb94
2025-10-31,12.52,,ft,Approved,,2026-01-30T23:34:17.102662+00:00,5f7360d3ef2f4fa5a5c552f766b7fb94
2025-11-01,12.71,,ft,Approved,,2026-01-30T23:34:17.102662+00:00,5f7360d3ef2f4fa5a5c552f766b7fb94
2025-11-02,12.69,,ft,Approved,,2026-01-30T23:34:17.102662+00:00,5f7360d3ef2f4fa5a5c552f766b7fb94
2025-11-03,12.59,,ft,Approved,,2026-01-30T23:34:17.102662+00:00,5f7360d3ef2f4fa5a5c552f766b7fb94
2025-11-04,12.27,,ft,Approved,,2026-06-17T15:31:14.677635+00:00,5f7360d3ef2f4fa5a5c552f766b7fb94
2025-11-05,12.5,,ft,Approved,,2026-06-17T15:31:14.677635+00:00,5f7360d3ef2f4fa5a5c552f766b7fb94
2025-11-06,12.23,,ft,Approved,,2026-06-17T15:31:14.677635+00:00,5f7360d3ef2f4fa5a5c552f766b7fb94
2025-11-07,12.31,,ft,Approved,,2026-06-17T15:31:14.677635+00:00,5f7360d3ef2f4fa5a5c552f766b7fb94
2025-11-08,12.51,,ft,Approved,,2026-06-17T15:31:14.677635+00:00,5f7360d3ef2f4fa5a5c552f766b7fb94
2025-11-09,12.24,,ft,Approved,,2026-06-17T15:31:14.677635+00:00,5f7360d3ef2f4fa5a5c552f766b7fb94
2025-11-10,12.29,,ft,Approved,,2026-06-17T15:31:14.677635+00:00,5f7360d3ef2f4fa5a5c552f766b7fb94
2025-11-11,12.47,,ft,Approved,,2026-06-17T15:31:14.677635+00:00,5f7360d3ef2f4fa5a5c552f766b7fb94
2025-11-12,12.2,,ft,Approved,,2026-06-17T15:31:14.677635+00:00,5f7360d3ef2f4fa5a5c552f766b7fb94
2025-11-13,12.33,,ft,Approved,,2026-06-17T15:31:14.677635+00:00,5f7360d3ef2f4fa5a5c552f766b7fb94
2025-11-14,12.44,,ft,Approved,,2026-06-17T15:31:14.677635+00:00,5f7360d3ef2f4fa5a5c552f766b7fb94
2025-11-15,12.19,,ft,Approved,,2026-06-17T15:31:14.677635+00:00,5f7360d3ef2f4fa5a5c552f766b7fb94
2025-11-16,12.34,,ft,Approved,,2026-06-17T15:31:14.677635+00:00,5f7360d3ef2f4fa5a5c552f766b7fb94
2025-11-17,12.4,,ft,Approved,,2026-06-17T15:31:14.677635+00:00,5f7360d3ef2f4fa5a5c552f766b7fb94
2025-11-18,12.33,,ft,Approved,,2026-06-17T15:31:14.677635+00:00,5f7360d3ef2f4fa5a5c552f766b7fb94
2025-11-19,12.42,,ft,Approved,,2026-06-17T15:31:14.677635+00:00,5f7360d3ef2f4fa5a5c552f766b7fb94
2025-11-20,12.51,,ft,Approved,,2026-06-17T15:31:14.677635+00:00,5f7360d3ef2f4fa5a5c552f766b7fb94
2025-11-21,12.76,,ft,Approved,,2026-06-17T15:31:14.677635+00:00,5f7360d3ef2f4fa5a5c552f766b7fb94
2025-11-22,12.39,,ft,Approved,,2026-06-17T15:31:14.677635+00:00,5f7360d3ef2f4fa5a5c552f766b7fb94
2025-11-23,12.34,,ft,Approved,,2026-06-17T15:31:14.677635+00:00,5f7360d3ef2f4fa5a5c552f766b7fb94
2025-11-24,12.2,,ft,Approved,,2026-06-17T15:31:14.677635+00:00,5f7360d3ef2f4fa5a5c552f766b7fb94
2025-11-25,12.35,,ft,Approved,,2026-06-17T15:31:14.677635+00:00,5f7360d3ef2f4fa5a5c552f766b7fb94
2025-11-26,12.41,,ft,Approved,,2026-06-17T15:31:14.677635+00:00,5f7360d3ef2f4fa5a5c552f766b7fb94
2025-11-27,12.52,,ft,Approved,,2026-06-17T15:31:14.677635+00:00,5f7360d3ef2f4fa5a5c552f766b7fb94
2025-11-28,12.73,,ft,Approved,,2026-06-17T15:31:14.677635+00:00,5f7360d3ef2f4fa5a5c552f766b7fb94
2025-11-29,12.76,,ft,Approved,,2026-06-17T15:31:14.677635+00:00,5f7360d3ef2f4fa5a5c552f766b7fb94
2025-11-30,12.78,,ft,Approved,,2026-06-17T15:31:14.677635+00:00,5f7360d3ef2f4fa5a5c552f766b7fb94
2025-12-01,12.73,,ft,Approved,,2026-06-17T15:31:14.677635+00:00,5f7360d3ef2f4fa5a5c552f766b7fb94
2025-12-02,12.58,,ft,Approved,,2026-06-17T15:31:14.677635+00:00,5f7360d3ef2f4fa5a5c552f766b7fb94
2025-12-03,12.57,,ft,Approved,,2026-06-17T15:31:14.677635+00:00,5f7360d3ef2f4fa5a5c552f766b7fb94
2025-12-04,12.18,,ft,Approved,,2026-06-17T15:31:14.677635+00:00,5f7360d3ef2f4fa5a5c552f766b7fb94
2025-12-05,12.24,,ft,Approved,,2026-06-17T15:31:14.677635+00:00,5f7360d3ef2f4fa5a5c552f766b7fb94
2025-12-06,12.12,,ft,Approved,,2026-06-17T15:31:14.677635+00:00,5f7360d3ef2f4fa5a5c552f766b7fb94
2025-12-07,12.11,,ft,Approved,,2026-06-17T15:31:14.677635+00:00,5f7360d3ef2f4fa5a5c552f766b7fb94
2025-12-08,12.36,,ft,Approved,,2026-06-17T15:31:14.677635+00:00,5f7360d3ef2f4fa5a5c552f766b7fb94
2025-12-09,12.62,,ft,Approved,,2026-06-17T15:31:14.677635+00:00,5f7360d3ef2f4fa5a5c552f766b7fb94
2025-12-10,12.28,,ft,Approved,,2026-06-17T15:31:14.677635+00:00,5f7360d3ef2f4fa5a5c552f766b7fb94
2025-12-11,11.83,,ft,Approved,,2026-06-17T15:31:14.677635+00:00,5f7360d3ef2f4fa5a5c552f766b7fb94
2025-12-12,12.34,,ft,Approved,,2026-06-17T15:31:14.677635+00:00,5f7360d3ef2f4fa5a5c552f766b7fb94
2025-12-13,11.99,,ft,Approved,,2026-06-17T15:31:14.677635+00:00,5f7360d3ef2f4fa5a5c552f766b7fb94
2025-12-14,12.3,,ft,Approved,,2026-06-17T15:31:14.677635+00:00,5f7360d3ef2f4fa5a5c552f766b7fb94
2025-12-15,11.98,,ft,Approved,,2026-06-17T15:31:14.677635+00:00,5f7360d3ef2f4fa5a5c552f766b7fb94
2025-12-16,12.24,,ft,Approved,,2026-06-17T15:31:14.677635+00:00,5f7360d3ef2f4fa5a5c552f766b7fb94
2025-12-17,12.38,,ft,Approved,,2026-06-17T15:31:14.677635+00:00,5f7360d3ef2f4fa5a5c552f766b7fb94
2025-12-18,12.07,,ft,Approved,,2026-06-17T15:31:14.677635+00:00,5f7360d3ef2f4fa5a5c552f766b7fb94
2025-12-19,12.76,,ft,Approved,,2026-06-17T15:31:14.677635+00:00,5f7360d3ef2f4fa5a5c552f766b7fb94
2025-12-20,12.3,,ft,Approved,,2026-06-17T15:31:14.677635+00:00,5f7360d3ef2f4fa5a5c552f766b7fb94
2025-12-21,12.23,,ft,Approved,,2026-06-17T15:31:14.677635+00:00,5f7360d3ef2f4fa5a5c552f766b7fb94
2025-12-22,12.51,,ft,Approved,,2026-06-17T15:31:14.677635+00:00,5f7360d3ef2f4fa5a5c552f766b7fb94
2025-12-23,12.51,,ft,Approved,,2026-06-17T15:31:14.677635+00:00,5f7360d3ef2f4fa5a5c552f766b7fb94
2025-12-24,12.29,,ft,Approved,,2026-06-17T15:31:14.677635+00:00,5f7360d3ef2f4fa5a5c552f766b7fb94
2025-12-25,13.06,,ft,Approved,,2026-06-17T15:31:14.677635+00:00,5f7360d3ef2f4fa5a5c552f766b7fb94
2025-12-26,13.48,,ft,Approved,,2026-06-17T15:31:14.677635+00:00,5f7360d3ef2f4fa5a5c552f766b7fb94
2025-12-27,13.46,,ft,Approved,,2026-06-17T15:31:14.677635+00:00,5f7360d3ef2f4fa5a5c552f766b7fb94
2025-12-28,13.48,,ft,Approved,,2026-06-17T15:31:14.677635+00:00,5f7360d3ef2f4fa5a5c552f766b7fb94
2025-12-29,13.47,,ft,Approved,,2026-06-17T15:31:14.677635+00:00,5f7360d3ef2f4fa5a5c552f766b7fb94
2025-12-30,13.55,,ft,Approved,,2026-06-17T15:31:14.677635+00:00,5f7360d3ef2f4fa5a5c552f766b7fb94
2025-12-31,13.63,,ft,Approved,,2026-06-17T15:31:14.677635+00:00,5f7360d3ef2f4fa5a5c552f766b7fb94
2026-01-01,13.61,,ft,Approved,,2026-06-17T15:31:14.677635+00:00,5f7360d3ef2f4fa5a5c552f766b7fb94
2026-01-02,13.59,,ft,Approved,,2026-06-17T15:31:14.677635+00:00,5f7360d3ef2f4fa5a5c552f766b7fb94
2026-01-03,13.6,,ft,Approved,,2026-06-17T15:31:14.677635+00:00,5f7360d3ef2f4fa5a5c552f766b7fb94
2026-01-04,13.58,,ft,Approved,,2026-06-17T15:31:14.677635+00:00,5f7360d3ef2f4fa5a5c552f766b7fb94
2026-01-05,13.54,,ft,Approved,,2026-06-17T15:31:14.677635+00:00,5f7360d3ef2f4fa5a5c552f766b7fb94
2026-01-06,13.52,,ft,Approved,,2026-06-17T15:31:14.677635+00:00,5f7360d3ef2f4fa5a5c552f766b7fb94
2026-01-07,13.54,,ft,Approved,,2026-06-17T15:31:14.677635+00:00,5f7360d3ef2f4fa5a5c552f766b7fb94
2026-01-08,13.55,,ft,Approved,,2026-06-17T15:31:14.677635+00:00,5f7360d3ef2f4fa5a5c552f766b7fb94
2026-01-09,13.54,,ft,Approved,,2026-06-17T15:31:14.677635+00:00,5f7360d3ef2f4fa5a5c552f766b7fb94
2026-01-10,13.03,,ft,Approved,,2026-06-17T15:31:14.677635+00:00,5f7360d3ef2f4fa5a5c552f766b7fb94
2026-01-11,12.6,,ft,Approved,,2026-06-17T15:31:14.677635+00:00,5f7360d3ef2f4fa5a5c552f766b7fb94
2026-01-12,12.65,,ft,Approved,,2026-06-17T15:31:14.677635+00:00,5f7360d3ef2f4fa5a5c552f766b7fb94
2026-01-13,12.61,,ft,Approved,,2026-06-17T15:31:14.677635+00:00,5f7360d3ef2f4fa5a5c552f766b7fb94
2026-01-14,12.63,,ft,Approved,,2026-06-17T15:31:14.677635+00:00,5f7360d3ef2f4fa5a5c552f766b7fb94
2026-01-15,12.57,,ft,Approved,,2026-06-17T15:31:14.677635+00:00,5f7360d3ef2f4fa5a5c552f766b7fb94
2026-01-16,12.31,,ft,Approved,,2026-06-17T15:31:14.677635+00:00,5f7360d3ef2f4fa5a5c552f766b7fb94
2026-01-17,12.33,,ft,Approved,,2026-06-17T15:31:14.677635+00:00,5f7360d3ef2f4fa5a5c552f766b7fb94
2026-01-18,12.31,,ft,Approved,,2026-06-17T15:31:14.677635+00:00,5f7360d3ef2f4fa5a5c552f766b7fb94
2026-01-19,12.31,,ft,Approved,,2026-06-17T15:31:14.677635+00:00,5f7360d3ef2f4fa5a5c552f766b7fb94
2026-01-20,12.11,,ft,Approved,,2026-06-17T15:31:14.677635+00:00,5f7360d3ef2f4fa5a5c552f766b7fb94
2026-01-21,12.35,,ft,Approved,,2026-06-17T15:31:14.677635+00:00,5f7360d3ef2f4fa5a5c552f766b7fb94
2026-01-22,12.18,,ft,Approved,,2026-06-17T15:31:14.677635+00:00,5f7360d3ef2f4fa5a5c552f766b7fb94
2026-01-23,12.33,,ft,Approved,,2026-06-17T15:31:14.677635+00:00,5f7360d3ef2f4fa5a5c552f766b7fb94
2026-01-24,12.61,,ft,Approved,,2026-06-17T15:31:14.677635+00:00,5f7360d3ef2f4fa5a5c552f766b7fb94
2026-01-25,12.54,,ft,Approved,,2026-06-17T15:31:14.677635+00:00,5f7360d3ef2f4fa5a5c552f766b7fb94
2026-01-26,12.48,,ft,Approved,,2026-06-17T15:31:14.677635+00:00,5f7360d3ef2f4fa5a5c552f766b7fb94
2026-01-27,12.24,,ft,Approved,,2026-06-17T15:31:14.677635+00:00,5f7360d3ef2f4fa5a5c552f766b7fb94
2026-01-28,12.16,,ft,Approved,,2026-06-17T15:31:14.677635+00:00,5f7360d3ef2f4fa5a5c552f766b7fb94
2026-01-29,12.14,,ft,Approved,,2026-06-17T15:31:14.677635+00:00,5f7360d3ef2f4fa5a5c552f766b7fb94
2026-01-30,12.14,,ft,Approved,,2026-06-17T15:31:14.677635+00:00,5f7360d3ef2f4fa5a5c552f766b7fb94
2026-01-31,12.13,,ft,Approved,,2026-06-17T15:31:14.677635+00:00,5f7360d3ef2f4fa5a5c552f766b7fb94
2026-02-01,11.83,,ft,Approved,,2026-06-17T15:31:14.677635+00:00,5f7360d3ef2f4fa5a5c552f766b7fb94
2026-02-02,12.11,,ft,Approved,,2026-06-17T15:31:14.677635+00:00,5f7360d3ef2f4fa5a5c552f766b7fb94
2026-02-03,12.08,,ft,Approved,,2026-06-17T15:31:14.677635+00:00,5f7360d3ef2f4fa5a5c552f766b7fb94
2026-02-04,11.78,,ft,Approved,,2026-06-17T15:31:14.677635+00:00,5f7360d3ef2f4fa5a5c552f766b7fb94
2026-02-05,12.12,,ft,Approved,,2026-06-17T15:31:14.677635+00:00,5f7360d3ef2f4fa5a5c552f766b7fb94
2026-02-06,12.02,,ft,Approved,,2026-06-17T15:31:14.677635+00:00,5f7360d3ef2f4fa5a5c552f766b7fb94
2026-02-07,12.16,,ft,Approved,,2026-06-17T15:31:14.677635+00:00,5f7360d3ef2f4fa5a5c552f766b7fb94
2026-02-08,12.25,,ft,Approved,,2026-06-17T15:31:14.677635+00:00,5f7360d3ef2f4fa5a5c552f766b7fb94
2026-02-09,12.21,,ft,Approved,,2026-06-17T15:31:14.677635+00:00,5f7360d3ef2f4fa5a5c552f766b7fb94
2026-02-10,12.24,,ft,Approved,,2026-06-17T15:31:14.677635+00:00,5f7360d3ef2f4fa5a5c552f766b7fb94
2026-02-11,12.2,,ft,Approved,,2026-06-17T15:31:14.677635+00:00,5f7360d3ef2f4fa5a5c552f766b7fb94
2026-02-12,12.28,,ft,Approved,,2026-06-17T15:31:14.677635+00:00,5f7360d3ef2f4fa5a5c552f766b7fb94
2026-02-13,12.15,,ft,Approved,,2026-06-17T15:31:14.677635+00:00,5f7360d3ef2f4fa5a5c552f766b7fb94
2026-02-14,12.34,,ft,Approved,,2026-06-17T15:31:14.677635+00:00,5f7360d3ef2f4fa5a5c552f766b7fb94
2026-02-15,12.41,,ft,Approved,,2026-06-17T15:31:14.677635+00:00,5f7360d3ef2f4fa5a5c552f766b7fb94
2026-02-16,12.21,,ft,Approved,,2026-06-17T15:31:14.677635+00:00,5f7360d3ef2f4fa5a5c552f766b7fb94
2026-02-17,11.92,,ft,Approved,,2026-06-17T15:31:14.677635+00:00,5f7360d3ef2f4fa5a5c552f766b7fb94
2026-02-18,12.07,,ft,Approved,,2026-06-17T15:31:14.677635+00:00,5f7360d3ef2f4fa5a5c552f766b7fb94
2026-02-19,12.02,,ft,Approved,,2026-06-17T15:31:14.677635+00:00,5f7360d3ef2f4fa5a5c552f766b7fb94
2026-02-20,12.03,,ft,Approved,,2026-06-17T15:31:14.677635+00:00,5f7360d3ef2f4fa5a5c552f766b7fb94
2026-02-21,12.03,,ft,Approved,,2026-06-17T15:31:14.677635+00:00,5f7360d3ef2f4fa5a5c552f766b7fb94
2026-02-22,12.01,,ft,Approved,,2026-06-17T15:31:14.677635+00:00,5f7360d3ef2f4fa5a5c552f766b7fb94
2026-02-23,12.01,,ft,Approved,,2026-06-17T15:31:14.677635+00:00,5f7360d3ef2f4fa5a5c552f766b7fb94
2026-02-24,12.11,,ft,Approved,,2026-06-17T15:31:14.677635+00:00,5f7360d3ef2f4fa5a5c552f766b7fb94
2026-02-25,12.22,,ft,Approved,,2026-06-17T15:31:14.677635+00:00,5f7360d3ef2f4fa5a5c552f766b7fb94
2026-02-26,12.31,,ft,Approved,,2026-06-17T15:31:14.677635+00:00,5f7360d3ef2f4fa5a5c552f766b7fb94
2026-02-27,12.34,,ft,Approved,,2026-06-17T15:31:14.677635+00:00,5f7360d3ef2f4fa5a5c552f766b7fb94
2026-02-28,12.25,,ft,Approved,,2026-06-17T15:31:14.677635+00:00,5f7360d3ef2f4fa5a5c552f766b7fb94
2026-03-01,12.25,,ft,Approved,,2026-06-17T15:31:14.677635+00:00,5f7360d3ef2f4fa5a5c552f766b7fb94
2026-03-02,12.11,,ft,Approved,,2026-06-17T15:31:14.677635+00:00,5f7360d3ef2f4fa5a5c552f766b7fb94
2026-03-03,12.14,,ft,Approved,,2026-06-17T15:31:14.677635+00:00,5f7360d3ef2f4fa5a5c552f766b7fb94
2026-03-04,12.31,,ft,Approved,,2026-06-17T15:31:14.677635+00:00,5f7360d3ef2f4fa5a5c552f766b7fb94
2026-03-05,12.27,,ft,Approved,,2026-06-17T15:31:14.677635+00:00,5f7360d3ef2f4fa5a5c552f766b7fb94
2026-03-06,12.4,,ft,Approved,,2026-06-17T15:31:14.677635+00:00,5f7360d3ef2f4fa5a5c552f766b7fb94
2026-03-07,12.44,,ft,Approved,,2026-06-17T15:31:14.677635+00:00,5f7360d3ef2f4fa5a5c552f766b7fb94
2026-03-08,12.63,,ft,Approved,,2026-06-17T15:31:14.677635+00:00,5f7360d3ef2f4fa5a5c552f766b7fb94
2026-03-09,12.58,,ft,Approved,,2026-06-17T15:31:14.677635+00:00,5f7360d3ef2f4fa5a5c552f766b7fb94
2026-03-10,12.41,,ft,Approved,,2026-06-17T15:31:14.677635+00:00,5f7360d3ef2f4fa5a5c552f766b7fb94
2026-03-11,12.94,,ft,Approved,,2026-06-17T15:31:14.677635+00:00,5f7360d3ef2f4fa5a5c552f766b7fb94
2026-03-12,12.63,,ft,Approved,,2026-06-17T15:31:14.677635+00:00,5f7360d3ef2f4fa5a5c552f766b7fb94
2026-03-13,12.55,,ft,Approved,,2026-06-17T15:31:14.677635+00:00,5f7360d3ef2f4fa5a5c552f766b7fb94
2026-03-14,12.53,,ft,Approved,,2026-06-17T15:31:14.677635+00:00,5f7360d3ef2f4fa5a5c552f766b7fb94
2026-03-15,12.52,,ft,Approved,,2026-06-17T15:31:14.677635+00:00,5f7360d3ef2f4fa5a5c552f766b7fb94
2026-03-16,12.54,,ft,Approved,,2026-06-17T15:31:14.677635+00:00,5f7360d3ef2f4fa5a5c552f766b7fb94
2026-03-17,12.51,,ft,Approved,,2026-06-17T15:31:14.677635+00:00,5f7360d3ef2f4fa5a5c552f766b7fb94
2026-03-18,12.56,,ft,Approved,,2026-06-17T15:31:14.677635+00:00,5f7360d3ef2f4fa5a5c552f766b7fb94
2026-03-19,12.53,,ft,Approved,,2026-06-17T15:31:14.677635+00:00,5f7360d3ef2f4fa5a5c552f766b7fb94
2026-03-20,12.66,,ft,Approved,,2026-06-17T15:31:14.677635+00:00,5f7360d3ef2f4fa5a5c552f766b7fb94
2026-03-21,12.62,,ft,Approved,,2026-06-17T15:31:14.677635+00:00,5f7360d3ef2f4fa5a5c552f766b7fb94
2026-03-22,12.7,,ft,Approved,,2026-06-17T15:31:14.677635+00:00,5f7360d3ef2f4fa5a5c552f766b7fb94
2026-03-23,12.85,,ft,Approved,,2026-06-17T15:31:14.677635+00:00,5f7360d3ef2f4fa5a5c552f766b7fb94
2026-03-24,12.87,,ft,Approved,,2026-06-17T15:31:14.677635+00:00,5f7360d3ef2f4fa5a5c552f766b7fb94
2026-03-25,12.92,,ft,Approved,,2026-06-17T15:31:14.677635+00:00,5f7360d3ef2f4fa5a5c552f766b7fb94
2026-03-26,13.26,,ft,Approved,,2026-06-17T15:31:14.677635+00:00,5f7360d3ef2f4fa5a5c552f766b7fb94
2026-03-27,13.23,,ft,Approved,,2026-06-17T15:31:14.677635+00:00,5f7360d3ef2f4fa5a5c552f766b7fb94
2026-03-28,13.34,,ft,Approved,,2026-06-17T15:31:14.677635+00:00,5f7360d3ef2f4fa5a5c552f766b7fb94
2026-03-29,13.51,,ft,Approved,,2026-06-17T15:31:14.677635+00:00,5f7360d3ef2f4fa5a5c552f766b7fb94
2026-03-30,13.72,,ft,Approved,,2026-06-17T15:31:14.677635+00:00,5f7360d3ef2f4fa5a5c552f766b7fb94
2026-03-31,13.68,,ft,Approved,,2026-06-17T15:31:14.677635+00:00,5f7360d3ef2f4fa5a5c552f766b7fb94
2026-04-01,14.0,,ft,Approved,,2026-06-17T15:31:14.677635+00:00,5f7360d3ef2f4fa5a5c552f766b7fb94
2026-04-02,15.03,,ft,Approved,,2026-06-17T15:31:14.677635+00:00,5f7360d3ef2f4fa5a5c552f766b7fb94
2026-04-03,14.4,,ft,Approved,,2026-06-17T15:31:14.677635+00:00,5f7360d3ef2f4fa5a5c552f766b7fb94
2026-04-04,14.56,,ft,Approved,,2026-06-17T15:31:14.677635+00:00,5f7360d3ef2f4fa5a5c552f766b7fb94
2026-04-05,14.31,,ft,Approved,,2026-06-17T15:31:14.677635+00:00,5f7360d3ef2f4fa5a5c552f766b7fb94
2026-04-06,14.26,,ft,Approved,,2026-06-17T15:31:14.677635+00:00,5f7360d3ef2f4fa5a5c552f766b7fb94
2026-04-07,14.25,,ft,Approved,,2026-06-17T15:31:14.677635+00:00,5f7360d3ef2f4fa5a5c552f766b7fb94
2026-04-08,14.25,,ft,Approved,,2026-06-17T15:31:14.677635+00:00,5f7360d3ef2f4fa5a5c552f766b7fb94
2026-04-09,14.52,,ft,Approved,,2026-06-17T15:31:14.677635+00:00,5f7360d3ef2f4fa5a5c552f766b7fb94
2026-04-10,14.41,,ft,Approved,,2026-06-17T15:31:14.677635+00:00,5f7360d3ef2f4fa5a5c552f766b7fb94
2026-04-11,14.31,,ft,Approved,,2026-06-17T15:31:14.677635+00:00,5f7360d3ef2f4fa5a5c552f766b7fb94
2026-04-12,14.34,,ft,Approved,,2026-06-17T15:31:14.677635+00:00,5f7360d3ef2f4fa5a5c552f766b7fb94
2026-04-13,14.07,,ft,Approved,,2026-06-17T15:31:14.677635+00:00,5f7360d3ef2f4fa5a5c552f766b7fb94
2026-04-14,13.84,,ft,Approved,,2026-06-17T15:31:14.677635+00:00,5f7360d3ef2f4fa5a5c552f766b7fb94
2026-04-15,13.51,,ft,Approved,,2026-06-17T15:31:14.677635+00:00,5f7360d3ef2f4fa5a5c552f766b7fb94
2026-04-16,13.47,,ft,Approved,,2026-06-17T15:31:14.677635+00:00,5f7360d3ef2f4fa5a5c552f766b7fb94
2026-04-17,13.46,,ft,Approved,,2026-06-17T15:31:14.677635+00:00,5f7360d3ef2f4fa5a5c552f766b7fb94
2026-04-18,13.63,,ft,Approved,,2026-06-17T15:31:14.677635+00:00,5f7360d3ef2f4fa5a5c552f766b7fb94
2026-04-19,13.67,,ft,Approved,,2026-06-17T15:31:14.677635+00:00,5f7360d3ef2f4fa5a5c552f766b7fb94
2026-04-20,14.0,,ft,Approved,,2026-06-17T15:31:14.677635+00:00,5f7360d3ef2f4fa5a5c552f766b7fb94
2026-04-21,14.36,,ft,Approved,,2026-06-17T15:31:14.677635+00:00,5f7360d3ef2f4fa5a5c552f766b7fb94
2026-04-22,13.1,,ft,Approved,,2026-06-17T15:31:14.677635+00:00,5f7360d3ef2f4fa5a5c552f766b7fb94
2026-04-23,12.65,,ft,Approved,,2026-06-17T15:31:14.677635+00:00,5f7360d3ef2f4fa5a5c552f766b7fb94
2026-04-24,13.11,,ft,Approved,,2026-06-17T15:31:14.677635+00:00,5f7360d3ef2f4fa5a5c552f766b7fb94
2026-04-25,12.94,,ft,Approved,,2026-06-17T15:31:14.677635+00:00,5f7360d3ef2f4fa5a5c552f766b7fb94
2026-04-26,12.94,,ft,Approved,,2026-06-17T15:31:14.677635+00:00,5f7360d3ef2f4fa5a5c552f766b7fb94
2026-04-27,13.1,,ft,Approved,,2026-06-17T15:31:14.677635+00:00,5f7360d3ef2f4fa5a5c552f766b7fb94
2026-04-28,13.22,,ft,Approved,,2026-06-17T15:31:14.677635+00:00,5f7360d3ef2f4fa5a5c552f766b7fb94
2026-04-29,13.28,,ft,Approved,,2026-06-17T15:31:14.677635+00:00,5f7360d3ef2f4fa5a5c552f766b7fb94
2026-04-30,14.49,,ft,Approved,,2026-06-17T15:31:14.677635+00:00,5f7360d3ef2f4fa5a5c552f766b7fb94
2026-05-01,14.59,,ft,Provisional,,2026-06-30T18:51:12.481276+00:00,5f7360d3ef2f4fa5a5c552f766b7fb94
2026-05-02,12.84,,ft,Provisional,,2026-06-30T18:51:12.481276+00:00,5f7360d3ef2f4fa5a5c552f766b7fb94
2026-05-03,12.83,,ft,Provisional,,2026-06-30T18:51:12.481276+00:00,5f7360d3ef2f4fa5a5c552f766b7fb94
2026-05-04,13.09,,ft,Provisional,,2026-06-30T18:51:12.481276+00:00,5f7360d3ef2f4fa5a5c552f766b7fb94
2026-05-05,12.94,,ft,Provisional,,2026-06-30T18:51:12.481276+00:00,5f7360d3ef2f4fa5a5c552f766b7fb94
2026-05-06,13.18,,ft,Provisional,,2026-06-30T18:51:12.481276+00:00,5f7360d3ef2f4fa5a5c552f766b7fb94
2026-05-07,12.95,,ft,Provisional,,2026-06-30T18:51:12.481276+00:00,5f7360d3ef2f4fa5a5c552f766b7fb94
2026-05-08,13.17,,ft,Provisional,,2026-06-30T18:51:12.481276+00:00,5f7360d3ef2f4fa5a5c552f766b7fb94
2026-05-09,13.17,,ft,Provisional,,2026-06-30T18:51:12.481276+00:00,5f7360d3ef2f4fa5a5c552f766b7fb94
2026-05-10,13.54,,ft,Provisional,,2026-06-30T18:51:12.481276+00:00,5f7360d3ef2f4fa5a5c552f766b7fb94
2026-05-11,13.29,,ft,Provisional,,2026-06-30T18:51:12.481276+00:00,5f7360d3ef2f4fa5a5c552f766b7fb94
2026-05-12,12.2,,ft,Provisional,,2026-06-30T18:51:12.481276+00:00,5f7360d3ef2f4fa5a5c552f766b7fb94
2026-05-13,12.3,,ft,Provisional,,2026-06-30T18:51:12.481276+00:00,5f7360d3ef2f4fa5a5c552f766b7fb94
2026-05-14,12.95,,ft,Provisional,,2026-06-30T18:51:12.481276+00:00,5f7360d3ef2f4fa5a5c552f766b7fb94
2026-05-15,13.62,,ft,Provisional,,2026-06-30T18:51:12.481276+00:00,5f7360d3ef2f4fa5a5c552f766b7fb94
2026-05-16,13.49,,ft,Provisional,,2026-06-30T18:51:12.481276+00:00,5f7360d3ef2f4fa5a5c552f766b7fb94
2026-05-17,13.67,,ft,Provisional,,2026-06-30T18:51:12.481276+00:00,5f7360d3ef2f4fa5a5c552f766b7fb94
2026-05-18,13.7,,ft,Provisional,,2026-06-30T18:51:12.481276+00:00,5f7360d3ef2f4fa5a5c552f766b7fb94
2026-05-19,13.77,,ft,Provisional,,2026-06-30T18:51:12.481276+00:00,5f7360d3ef2f4fa5a5c552f766b7fb94
2026-05-20,13.61,,ft,Provisional,,2026-06-30T18:51:12.481276+00:00,5f7360d3ef2f4fa5a5c552f766b7fb94
2026-05-21,13.27,,ft,Provisional,,2026-06-30T18:51:12.481276+00:00,5f7360d3ef2f4fa5a5c552f766b7fb94
2026-05-22,13.43,,ft,Provisional,,2026-06-30T18:51:12.481276+00:00,5f7360d3ef2f4fa5a5c552f766b7fb94
2026-05-23,12.82,,ft,Provisional,,2026-06-30T18:51:12.481276+00:00,5f7360d3ef2f4fa5a5c552f766b7fb94
2026-05-24,13.97,,ft,Provisional,,2026-06-30T18:51:12.481276+00:00,5f7360d3ef2f4fa5a5c552f766b7fb94
2026-05-25,13.93,,ft,Provisional,,2026-06-30T18:51:12.481276+00:00,5f7360d3ef2f4fa5a5c552f766b7fb94
2026-05-26,14.11,,ft,Provisional,,2026-06-30T18:51:12.481276+00:00,5f7360d3ef2f4fa5a5c552f766b7fb94
2026-05-27,14.43,,ft,Provisional,,2026-06-30T18:51:12.481276+00:00,5f7360d3ef2f4fa5a5c552f766b7fb94
2026-05-28,13.16,,ft,Provisional,,2026-06-30T18:51:12.481276+00:00,5f7360d3ef2f4fa5a5c552f766b7fb94
2026-05-29,13.92,,ft,Provisional,,2026-06-30T18:51:12.481276+00:00,5f7360d3ef2f4fa5a5c552f766b7fb94
2026-05-30,13.65,,ft,Provisional,,2026-06-30T18:51:12.481276+00:00,5f7360d3ef2f4fa5a5c552f766b7fb94
2026-05-31,13.89,,ft,Provisional,,2026-06-30T18:51:12.481276+00:00,5f7360d3ef2f4fa5a5c552f766b7fb94
2026-06-01,13.8,,ft,Provisional,,2026-06-30T18:51:12.481276+00:00,5f7360d3ef2f4fa5a5c552f766b7fb94
2026-06-02,14.24,,ft,Provisional,,2026-06-30T18:51:12.481276+00:00,5f7360d3ef2f4fa5a5c552f766b7fb94
2026-06-03,14.62,,ft,Provisional,,2026-06-30T18:51:12.481276+00:00,5f7360d3ef2f4fa5a5c552f766b7fb94
2026-06-04,13.93,,ft,Provisional,,2026-06-30T18:51:12.481276+00:00,5f7360d3ef2f4fa5a5c552f766b7fb94
2026-06-05,14.35,,ft,Provisional,,2026-06-30T18:51:12.481276+00:00,5f7360d3ef2f4fa5a5c552f766b7fb94
2026-06-06,14.77,,ft,Provisional,,2026-06-30T18:51:12.481276+00:00,5f7360d3ef2f4fa5a5c552f766b7fb94
2026-06-07,14.54,,ft,Provisional,,2026-06-30T18:51:12.481276+00:00,5f7360d3ef2f4fa5a5c552f766b7fb94
2026-06-08,14.58,,ft,Provisional,,2026-06-30T18:51:12.481276+00:00,5f7360d3ef2f4fa5a5c552f766b7fb94
2026-06-09,14.57,,ft,Provisional,,2026-06-30T18:51:12.481276+00:00,5f7360d3ef2f4fa5a5c552f766b7fb94
2026-06-10,14.54,,ft,Provisional,,2026-06-30T18:51:12.481276+00:00,5f7360d3ef2f4fa5a5c552f766b7fb94
2026-06-11,14.5,,ft,Provisional,,2026-08-07T21:38:12.576802+00:00,5f7360d3ef2f4fa5a5c552f766b7fb94
2026-06-12,14.5,,ft,Provisional,,2026-08-07T21:38:12.576802+00:00,5f7360d3ef2f4fa5a5c552f766b7fb94
2026-06-13,14.48,,ft,Provisional,,2026-08-07T21:38:12.576802+00:00,5f7360d3ef2f4fa5a5c552f766b7fb94
2026-06-14,14.57,,ft,Provisional,,2026-08-07T21:38:12.576802+00:00,5f7360d3ef2f4fa5a5c552f766b7fb94
2026-06-15,18.52,,ft,Provisional,,2026-08-07T21:38:12.576802+00:00,5f7360d3ef2f4fa5a5c552f766b7fb94
2026-06-16,14.13,,ft,Provisional,,2026-08-07T21:38:12.576802+00:00,5f7360d3ef2f4fa5a5c552f766b7fb94
2026-06-17,13.22,,ft,Provisional,,2026-08-07T21:38:12.576802+00:00,5f7360d3ef2f4fa5a5c552f766b7fb94
2026-06-18,13.21,,ft,Provisional,,2026-08-07T21:38:12.576802+00:00,5f7360d3ef2f4fa5a5c552f766b7fb94
2026-06-19,13.78,,ft,Provisional,,2026-08-07T21:38:12.576802+00:00,5f7360d3ef2f4fa5a5c552f766b7fb94
2026-06-20,14.46,,ft,Provisional,,2026-08-07T21:38:12.576802+00:00,5f7360d3ef2f4fa5a5c552f766b7fb94
2026-06-21,14.19,,ft,Provisional,,2026-08-07T21:38:12.576802+00:00,5f7360d3ef2f4fa5a5c552f766b7fb94
2026-06-22,14.18,,ft,Provisional,,2026-08-07T21:38:12.576802+00:00,5f7360d3ef2f4fa5a5c552f766b7fb94
2026-06-23,13.86,,ft,Provisional,,2026-08-07T21:38:12.576802+00:00,5f7360d3ef2f4fa5a5c552f766b7fb94
2026-06-24,13.77,,ft,Provisional,,2026-08-07T21:38:12.576802+00:00,5f7360d3ef2f4fa5a5c552f766b7fb94
2026-06-25,13.79,,ft,Provisional,,2026-08-07T21:38:12.576802+00:00,5f7360d3ef2f4fa5a5c552f766b7fb94
2026-06-26,13.79,,ft,Provisional,,2026-08-07T21:38:12.576802+00:00,5f7360d3ef2f4fa5a5c552f766b7fb94
2026-06-27,14.52,,ft,Provisional,,2026-08-07T21:38:12.576802+00:00,5f7360d3ef2f4fa5a5c552f766b7fb94
2026-06-28,14.88,,ft,Provisional,,2026-08-07T21:38:12.576802+00:00,5f7360d3ef2f4fa5a5c552f766b7fb94
2026-06-29,14.7,,ft,Provisional,,2026-08-07T21:38:12.576802+00:00,5f7360d3ef2f4fa5a5c552f766b7fb94
2026-06-30,13.85,,ft,Provisional,,2026-08-07T21:38:12.576802+00:00,5f7360d3ef2f4fa5a5c552f766b7fb94
2026-07-01,14.22,,ft,Provisional,,2026-08-07T21:38:12.576802+00:00,5f7360d3ef2f4fa5a5c552f766b7fb94
2026-07-02,14.52,,ft,Provisional,,2026-08-07T21:38:12.576802+00:00,5f7360d3ef2f4fa5a5c552f766b7fb94
2026-07-03,14.68,,ft,Provisional,,2026-08-07T21:38:12.576802+00:00,5f7360d3ef2f4fa5a5c552f766b7fb94
2026-07-04,14.62,,ft,Provisional,,2026-08-07T21:38:12.576802+00:00,5f7360d3ef2f4fa5a5c552f766b7fb94
2026-07-05,14.58,,ft,Provisional,,2026-08-07T21:38:12.576802+00:00,5f7360d3ef2f4fa5a5c552f766b7fb94
2026-07-06,13.96,,ft,Provisional,,2026-08-07T21:38:12.576802+00:00,5f7360d3ef2f4fa5a5c552f766b7fb94
2026-07-07,14.22,,ft,Provisional,,2026-08-07T21:38:12.576802+00:00,5f7360d3ef2f4fa5a5c552f766b7fb94
2026-07-08,14.31,,ft,Provisional,,2026-08-07T21:38:12.576802+00:00,5f7360d3ef2f4fa5a5c552f766b7fb94
2026-07-09,14.51,,ft,Provisional,,2026-08-07T21:38:12.576802+00:00,5f7360d3ef2f4fa5a5c552f766b7fb94
2026-07-10,14.66,,ft,Provisional,,2026-08-07T21:38:12.576802+00:00,5f7360d3ef2f4fa5a5c552f766b7fb94
2026-07-11,14.99,,ft,Provisional,,2026-08-07T21:38:12.576802+00:00,5f7360d3ef2f4fa5a5c552f766b7fb94
2026-07-12,14.67,,ft,Provisional,,2026-08-07T21:38:12.576802+00:00,5f7360d3ef2f4fa5a5c552f766b7fb94
2026-07-13,14.5,,ft,Provisional,,2026-08-07T21:38:12.576802+00:00,5f7360d3ef2f4fa5a5c552f766b7fb94
2026-07-14,15.31,,ft,Provisional,,2026-08-07T21:38:12.576802+00:00,5f7360d3ef2f4fa5a5c552f766b7fb94
2026-07-15,14.8,,ft,Provisional,,2026-08-07T21:38:12.576802+00:00,5f7360d3ef2f4fa5a5c552f766b7fb94
2026-07-16,14.01,,ft,Provisional,,2026-08-07T21:38:12.576802+00:00,5f7360d3ef2f4fa5a5c552f766b7fb94
2026-07-17,15.03,,ft,Provisional,,2026-08-07T21:38:12.576802+00:00,5f7360d3ef2f4fa5a5c552f766b7fb94
2026-07-18,23.66,,ft,Provisional,,2026-08-07T21:38:12.576802+00:00,5f7360d3ef2f4fa5a5c552f766b7fb94
2026-07-19,27.4,,ft,Provisional,,2026-08-07T21:38:12.576802+00:00,5f7360d3ef2f4fa5a5c552f766b7fb94
2026-07-20,25.86,,ft,Provisional,,2026-08-07T21:38:12.576802+00:00,5f7360d3ef2f4fa5a5c552f766b7fb94
2026-07-21,23.72,,ft,Provisional,,2026-08-07T21:38:12.576802+00:00,5f7360d3ef2f4fa5a5c552f766b7fb94
2026-07-22,21.27,,ft,Provisional,,2026-08-07T21:38:12.576802+00:00,5f7360d3ef2f4fa5a5c552f766b7fb94
2026-07-23,19.55,,ft,Provisional,,2026-07-24T08:08:33.241853+00:00,5f7360d3ef2f4fa5a5c552f766b7fb94
2026-07-24,19.04,,ft,Provisional,,2026-08-06T21:55:35.010381+00:00,5f7360d3ef2f4fa5a5c552f766b7fb94
2026-07-25,19.48,,ft,Provisional,,2026-07-26T08:09:21.445646+00:00,5f7360d3ef2f4fa5a5c552f766b7fb94
2026-07-26,19.16,,ft,Provisional,,2026-08-07T19:40:53.030207+00:00,5f7360d3ef2f4fa5a5c552f766b7fb94
2026-07-27,15.53,,ft,Provisional,,2026-08-07T19:40:53.030207+00:00,5f7360d3ef2f4fa5a5c552f766b7fb94
2026-07-28,11.89,,ft,Provisional,,2026-08-07T19:40:53.030207+00:00,5f7360d3ef2f4fa5a5c552f766b7fb94
2026-07-29,11.69,,ft,Provisional,,2026-08-07T08:08:24.016627+00:00,5f7360d3ef2f4fa5a5c552f766b7fb94
2026-07-30,11.79,,ft,Provisional,,2026-08-07T08:08:24.016627+00:00,5f7360d3ef2f4fa5a5c552f766b7fb94
2026-07-31,12.17,,ft,Provisional,,2026-09-09T16:58:14.941319+00:00,5f7360d3ef2f4fa5a5c552f766b7fb94
2026-08-01,12.31,,ft,Provisional,,2026-08-05T13:59:10.081919+00:00,5f7360d3ef2f4fa5a5c552f766b7fb94
2026-08-02,12.67,,ft,Provisional,,2026-08-06T21:50:18.641426+00:00,5f7360d3ef2f4fa5a5c552f766b7fb94
2026-08-03,12.66,,ft,Provisional,,2026-09-09T16:58:14.941319+00:00,5f7360d3ef2f4fa5a5c552f766b7fb94
2026-08-04,12.68,,ft,Provisional,,2026-08-07T19:45:14.620835+00:00,5f7360d3ef2f4fa5a5c552f766b7fb94
2026-08-05,12.82,,ft,Provisional,,2026-09-09T16:58:14.941319+00:00,5f7360d3ef2f4fa5a5c552f766b7fb94
2026-08-06,12.87,,ft,Provisional,,2026-09-09T16:58:14.941319+00:00,5f7360d3ef2f4fa5a5c552f766b7fb94
2026-08-07,12.94,,ft,Provisional,,2026-09-09T16:58:14.941319+00:00,5f7360d3ef2f4fa5a5c552f766b7fb94
2026-08-08,13.17,,ft,Provisional,,2026-09-09T16:58:14.941319+00:00,5f7360d3ef2f4fa5a5c552f766b7fb94
2026-08-09,13.38,,ft,Provisional,,2026-09-09T16:58:14.941319+00:00,5f7360d3ef2f4fa5a5c552f766b7fb94
2026-08-10,13.32,,ft,Provisional,,2026-09-09T16:58:14.941319+00:00,5f7360d3ef2f4fa5a5c552f766b7fb94
2026-08-11,13.15,,ft,Provisional,,2026-09-09T16:58:14.941319+00:00,5f7360d3ef2f4fa5a5c552f766b7fb94
2026-08-12,13.8,,ft,Provisional,,2026-09-09T16:58:14.941319+00:00,5f7360d3ef2f4fa5a5c552f766b7fb94
2026-08-13,13.15,,ft,Provisional,,2026-09-09T16:58:14.941319+00:00,5f7360d3ef2f4fa5a5c552f766b7fb94
2026-08-14,13.51,,ft,Provisional,,2026-09-09T17:12:06.857481+00:00,5f7360d3ef2f4fa5a5c552f766b7fb94
2026-08-15,13.5,,ft,Provisional,,2026-09-09T17:12:06.857481+00:00,5f7360d3ef2f4fa5a5c552f766b7fb94
2026-08-16,13.74,,ft,Provisional,,2026-09-09T17:12:06.857481+00:00,5f7360d3ef2f4fa5a5c552f766b7fb94
2026-08-17,13.57,,ft,Provisional,,2026-09-09T16:58:14.941319+00:00,5f7360d3ef2f4fa5a5c552f766b7fb94
2026-08-18,13.47,,ft,Provisional,,2026-09-09T17:12:06.857481+00:00,5f7360d3ef2f4fa5a5c552f766b7fb94
2026-08-19,13.58,,ft,Provisional,,2026-09-09T17:12:06.857481+00:00,5f7360d3ef2f4fa5a5c552f766b7fb94
2026-08-20,13.48,,ft,Provisional,,2026-09-09T17:12:06.857481+00:00,5f7360d3ef2f4fa5a5c552f766b7fb94
2026-08-21,13.4,,ft,Provisional,,2026-09-09T17:12:06.857481+00:00,5f7360d3ef2f4fa5a5c552f766b7fb94
2026-08-22,13.59,,ft,Provisional,,2026-09-09T16:58:14.941319+00:00,5f7360d3ef2f4fa5a5c552f766b7fb94
2026-08-23,13.55,,ft,Provisional,,2026-09-09T17:12:06.857481+00:00,5f7360d3ef2f4fa5a5c552f766b7fb94
2026-08-24,13.54,,ft,Provisional,,2026-09-09T17:12:06.857481+00:00,5f7360d3ef2f4fa5a5c552f766b7fb94
2026-08-25,13.6,,ft,Provisional,,2026-09-09T17:12:06.857481+00:00,5f7360d3ef2f4fa5a5c552f766b7fb94
2026-08-26,13.78,,ft,Provisional,,2026-09-09T16:58:14.941319+00:00,5f7360d3ef2f4fa5a5c552f766b7fb94
2026-08-27,14.28,,ft,Provisional,,2026-09-09T16:58:14.941319+00:00,5f7360d3ef2f4fa5a5c552f766b7fb94
2026-08-28,14.48,,ft,Provisional,,2026-09-09T16:58:14.941319+00:00,5f7360d3ef2f4fa5a5c552f766b7fb94
2026-08-29,14.45,,ft,Provisional,,2026-09-09T16:58:14.941319+00:00,5f7360d3ef2f4fa5a5c552f766b7fb94
2026-08-30,14.47,,ft,Provisional,,2026-09-09T17:12:06.857481+00:00,5f7360d3ef2f4fa5a5c552f766b7fb94
2026-08-31,14.62,,ft,Provisional,,2026-09-09T16:58:14.941319+00:00,5f7360d3ef2f4fa5a5c552f766b7fb94
2026-09-01,14.66,,ft,Provisional,,2026-09-09T16:58:14.941319+00:00,5f7360d3ef2f4fa5a5c552f766b7fb94
2026-09-02,14.77,,ft,Provisional,,2026-09-09T16:58:14.941319+00:00,5f7360d3ef2f4fa5a5c552f766b7fb94
2026-09-03,14.79,,ft,Provisional,,2026-09-09T16:58:14.941319+00:00,5f7360d3ef2f4fa5a5c552f766b7fb94
2026-09-04,14.81,,ft,Provisional,,2026-09-09T16:58:14.941319+00:00,5f7360d3ef2f4fa5a5c552f766b7fb94
2026-09-05,14.85,,ft,Provisional,,2026-09-09T16:58:14.941319+00:00,5f7360d3ef2f4fa5a5c552f766b7fb94
2026-09-06,14.84,,ft,Provisional,,2026-09-09T16:58:14.941319+00:00,5f7360d3ef2f4fa5a5c552f766b7fb94
2026-09-07,14.8,,ft,Provisional,,2026-09-09T16:58:14.941319+00:00,5f7360d3ef2f4fa5a5c552f766b7fb94
2026-09-08,14.86,,ft,Provisional,,2026-09-09T16:58:14.941319+00:00,5f7360d3ef2f4fa5a5c552f766b7fb94
2026-09-09,14.56,,ft,Provisional,,2026-09-10T08:08:15.197444+00:00,5f7360d3ef2f4fa5a5c552f766b7fb94
2026-09-10,14.55,,ft,Provisional,,2026-09-11T08:08:37.156764+00:00,5f7360d3ef2f4fa5a5c552f766b7fb94
2026-09-11,14.54,,ft,Provisional,,2026-09-12T08:09:03.995502+00:00,5f7360d3ef2f4fa5a5c552f766b7fb94
2026-09-12,14.48,,ft,Provisional,,2026-09-13T08:09:35.963752+00:00,5f7360d3ef2f4fa5a5c552f766b7fb94
2026-09-13,14.49,,ft,Provisional,,2026-09-14T08:08:36.854923+00:00,5f7360d3ef2f4fa5a5c552f766b7fb94
2026-09-14,14.5,,ft,Provisional,,2026-09-15T08:08:43.468894+00:00,5f7360d3ef2f4fa5a5c552f766b7fb94
2026-09-15,14.35,,ft,Provisional,,2026-09-16T08:08:42.606240+00:00,5f7360d3ef2f4fa5a5c552f766b7fb94
2026-09-16,15.03,,ft,Provisional,,2026-09-17T08:09:33.081171+00:00,5f7360d3ef2f4fa5a5c552f766b7fb94
2026-09-17,14.43,,ft,Provisional,,2026-09-18T08:08:33.168021+00:00,5f7360d3ef2f4fa5a5c552f766b7fb94
2026-09-18,14.36,,ft,Provisional,,2026-09-19T08:08:36.751777+00:00,5f7360d3ef2f4fa5a5c552f766b7fb94
2026-09-19,14.59,,ft,Provisional,,2026-09-20T08:08:24.076343+00:00,5f7360d3ef2f4fa5a5c552f766b7fb94
2026-09-20,14.58,,ft,Provisional,,2026-09-21T08:14:34.803600+00:00,5f7360d3ef2f4fa5a5c552f766b7fb94
2026-09-21,14.54,,ft,Provisional,,2026-09-22T08:08:41.519526+00:00,5f7360d3ef2f4fa5a5c552f766b7fb94
2026-09-22,14.54,,ft,Provisional,,2026-09-23T08:08:34.536131+00:00,5f7360d3ef2f4fa5a5c552f766b7fb94
2026-09-23,14.51,,ft,Provisional,,2026-09-24T08:09:22.456581+00:00,5f7360d3ef2f4fa5a5c552f766b7fb94
2026-09-24,13.98,,ft,Provisional,,2026-09-25T08:08:40.482307+00:00,5f7360d3ef2f4fa5a5c552f766b7fb94
2026-09-25,14.56,,ft,Provisional,,2026-09-26T08:09:10.068414+00:00,5f7360d3ef2f4fa5a5c552f766b7fb94
2026-09-26,14.96,,ft,Provisional,,2026-09-27T08:09:32.644218+00:00,5f7360d3ef2f4fa5a5c552f766b7fb94
2026-09-27,14.54,,ft,Provisional,,2026-09-28T08:09:24.034714+00:00,5f7360d3ef2f4fa5a5c552f766b7fb94
2026-09-28,14.43,,ft,Provisional,,2026-09-29T08:09:59.999517+00:00,5f7360d3ef2f4fa5a5c552f766b7fb94
2026-09-29,14.46,,ft,Provisional,,2026-09-30T08:09:05.835762+00:00,5f7360d3ef2f4fa5a5c552f766b7fb94
2026-09-30,14.35,,ft,Provisional,,2026-10-01T08:09:31.863063+00:00,5f7360d3ef2f4fa5a5c552f766b7fb94
