date,value,raw_value,unit,approval_status,qualifiers,last_modified,time_series_id
2002-11-26,100.0,100,ft^3/s,Approved,[],2025-03-11T21:24:03.840047+00:00,f0d00c4983614291b938804a9df6b127
2002-11-27,100.0,100,ft^3/s,Approved,[],2025-11-21T16:34:19.961837+00:00,f0d00c4983614291b938804a9df6b127
2002-11-28,96.2,96.2,ft^3/s,Approved,[],2025-03-11T21:24:03.840047+00:00,f0d00c4983614291b938804a9df6b127
2002-11-29,90.5,90.5,ft^3/s,Approved,[],2025-03-11T21:24:03.840047+00:00,f0d00c4983614291b938804a9df6b127
2002-11-30,93.8,93.8,ft^3/s,Approved,[],2025-03-11T21:24:03.840047+00:00,f0d00c4983614291b938804a9df6b127
2002-12-01,94.5,94.5,ft^3/s,Approved,[],2025-03-11T21:24:03.840047+00:00,f0d00c4983614291b938804a9df6b127
2002-12-02,92.8,92.8,ft^3/s,Approved,[],2025-03-11T21:24:03.840047+00:00,f0d00c4983614291b938804a9df6b127
2002-12-03,90.1,90.1,ft^3/s,Approved,[],2025-03-11T21:24:03.840047+00:00,f0d00c4983614291b938804a9df6b127
2002-12-04,89.8,89.8,ft^3/s,Approved,[],2025-03-11T21:24:03.840047+00:00,f0d00c4983614291b938804a9df6b127
2002-12-05,88.3,88.3,ft^3/s,Approved,[],2025-03-11T21:24:03.840047+00:00,f0d00c4983614291b938804a9df6b127
2002-12-06,90.6,90.6,ft^3/s,Approved,[],2025-03-11T21:24:03.840047+00:00,f0d00c4983614291b938804a9df6b127
2002-12-07,92.8,92.8,ft^3/s,Approved,[],2025-03-11T21:24:03.840047+00:00,f0d00c4983614291b938804a9df6b127
2002-12-08,92.8,92.8,ft^3/s,Approved,[],2025-03-11T21:24:03.840047+00:00,f0d00c4983614291b938804a9df6b127
2002-12-09,111.0,111,ft^3/s,Approved,[],2025-03-11T21:24:03.840047+00:00,f0d00c4983614291b938804a9df6b127
2002-12-10,130.0,130,ft^3/s,Approved,[],2025-03-11T21:24:03.840047+00:00,f0d00c4983614291b938804a9df6b127
2002-12-11,124.0,124,ft^3/s,Approved,[],2025-03-11T21:24:03.840047+00:00,f0d00c4983614291b938804a9df6b127
2002-12-12,134.0,134,ft^3/s,Approved,[],2025-03-11T21:24:03.840047+00:00,f0d00c4983614291b938804a9df6b127
2002-12-13,130.0,130,ft^3/s,Approved,[],2025-03-11T21:24:03.840047+00:00,f0d00c4983614291b938804a9df6b127
2002-12-14,124.0,124,ft^3/s,Approved,[],2025-03-11T21:24:03.840047+00:00,f0d00c4983614291b938804a9df6b127
2002-12-15,124.0,124,ft^3/s,Approved,[],2025-03-11T21:24:03.840047+00:00,f0d00c4983614291b938804a9df6b127
2002-12-16,115.0,115,ft^3/s,Approved,[],2025-03-11T21:24:03.840047+00:00,f0d00c4983614291b938804a9df6b127
2002-12-17,118.0,118,ft^3/s,Approved,[],2025-03-11T21:24:03.840047+00:00,f0d00c4983614291b938804a9df6b127
2002-12-18,119.0,119,ft^3/s,Approved,[],2025-03-11T21:24:03.840047+00:00,f0d00c4983614291b938804a9df6b127
2002-12-19,115.0,115,ft^3/s,Approved,[],2025-03-11T21:24:03.840047+00:00,f0d00c4983614291b938804a9df6b127
2002-12-20,107.0,107,ft^3/s,Approved,[],2025-03-11T21:24:03.840047+00:00,f0d00c4983614291b938804a9df6b127
2002-12-21,106.0,106,ft^3/s,Approved,[],2025-03-11T21:24:03.840047+00:00,f0d00c4983614291b938804a9df6b127
2002-12-22,105.0,105,ft^3/s,Approved,[],2025-03-11T21:24:03.840047+00:00,f0d00c4983614291b938804a9df6b127
2002-12-23,110.0,110,ft^3/s,Approved,[],2025-03-11T21:24:03.840047+00:00,f0d00c4983614291b938804a9df6b127
2002-12-24,121.0,121,ft^3/s,Approved,[],2025-03-11T21:24:03.840047+00:00,f0d00c4983614291b938804a9df6b127
2002-12-25,108.0,108,ft^3/s,Approved,[],2025-03-11T21:24:03.840047+00:00,f0d00c4983614291b938804a9df6b127
2002-12-26,109.0,109,ft^3/s,Approved,[],2025-03-11T21:24:03.840047+00:00,f0d00c4983614291b938804a9df6b127
2002-12-27,110.0,110,ft^3/s,Approved,[],2025-03-11T21:24:03.840047+00:00,f0d00c4983614291b938804a9df6b127
2002-12-28,111.0,111,ft^3/s,Approved,[],2025-03-11T21:24:03.840047+00:00,f0d00c4983614291b938804a9df6b127
2002-12-29,114.0,114,ft^3/s,Approved,[],2025-03-11T21:24:03.840047+00:00,f0d00c4983614291b938804a9df6b127
2002-12-30,113.0,113,ft^3/s,Approved,[],2025-03-11T21:24:03.840047+00:00,f0d00c4983614291b938804a9df6b127
2002-12-31,121.0,121,ft^3/s,Approved,[],2025-03-11T21:24:03.840047+00:00,f0d00c4983614291b938804a9df6b127
2003-01-01,122.0,122,ft^3/s,Approved,[],2025-03-11T21:24:03.840047+00:00,f0d00c4983614291b938804a9df6b127
2003-01-02,115.0,115,ft^3/s,Approved,[],2025-03-11T21:24:03.840047+00:00,f0d00c4983614291b938804a9df6b127
2003-01-03,113.0,113,ft^3/s,Approved,[],2025-03-11T21:24:03.840047+00:00,f0d00c4983614291b938804a9df6b127
2003-01-04,114.0,114,ft^3/s,Approved,[],2025-03-11T21:24:03.840047+00:00,f0d00c4983614291b938804a9df6b127
2003-01-05,114.0,114,ft^3/s,Approved,[],2025-03-11T21:24:03.840047+00:00,f0d00c4983614291b938804a9df6b127
2003-01-06,114.0,114,ft^3/s,Approved,[],2025-03-11T21:24:03.840047+00:00,f0d00c4983614291b938804a9df6b127
2003-01-07,113.0,113,ft^3/s,Approved,[],2025-03-11T21:24:03.840047+00:00,f0d00c4983614291b938804a9df6b127
2003-01-08,113.0,113,ft^3/s,Approved,[],2025-03-11T21:24:03.840047+00:00,f0d00c4983614291b938804a9df6b127
2003-01-09,117.0,117,ft^3/s,Approved,[],2025-03-11T21:24:03.840047+00:00,f0d00c4983614291b938804a9df6b127
2003-01-10,121.0,121,ft^3/s,Approved,[],2025-03-11T21:24:03.840047+00:00,f0d00c4983614291b938804a9df6b127
2003-01-11,122.0,122,ft^3/s,Approved,[],2025-03-11T21:24:03.840047+00:00,f0d00c4983614291b938804a9df6b127
2003-01-12,123.0,123,ft^3/s,Approved,[],2025-03-11T21:24:03.840047+00:00,f0d00c4983614291b938804a9df6b127
2003-01-13,128.0,128,ft^3/s,Approved,[],2025-03-11T21:24:03.840047+00:00,f0d00c4983614291b938804a9df6b127
2003-01-14,128.0,128,ft^3/s,Approved,[],2025-03-11T21:24:03.840047+00:00,f0d00c4983614291b938804a9df6b127
2003-01-15,129.0,129,ft^3/s,Approved,[],2025-03-11T21:24:03.840047+00:00,f0d00c4983614291b938804a9df6b127
2003-01-16,128.0,128,ft^3/s,Approved,[],2025-03-11T21:24:03.840047+00:00,f0d00c4983614291b938804a9df6b127
2003-01-17,124.0,124,ft^3/s,Approved,[],2025-03-11T21:24:03.840047+00:00,f0d00c4983614291b938804a9df6b127
2003-01-18,122.0,122,ft^3/s,Approved,[],2025-03-11T21:24:03.840047+00:00,f0d00c4983614291b938804a9df6b127
2003-01-19,121.0,121,ft^3/s,Approved,[],2025-03-11T21:24:03.840047+00:00,f0d00c4983614291b938804a9df6b127
2003-01-20,124.0,124,ft^3/s,Approved,[],2025-03-11T21:24:03.840047+00:00,f0d00c4983614291b938804a9df6b127
2003-01-21,122.0,122,ft^3/s,Approved,[],2025-03-11T21:24:03.840047+00:00,f0d00c4983614291b938804a9df6b127
2003-01-22,114.0,114,ft^3/s,Approved,[],2025-03-11T21:24:03.840047+00:00,f0d00c4983614291b938804a9df6b127
2003-01-23,109.0,109,ft^3/s,Approved,[],2025-03-11T21:24:03.840047+00:00,f0d00c4983614291b938804a9df6b127
2003-01-24,108.0,108,ft^3/s,Approved,[],2025-03-11T21:24:03.840047+00:00,f0d00c4983614291b938804a9df6b127
2003-01-25,108.0,108,ft^3/s,Approved,[],2025-03-11T21:24:03.840047+00:00,f0d00c4983614291b938804a9df6b127
2003-01-26,108.0,108,ft^3/s,Approved,[],2025-03-11T21:24:03.840047+00:00,f0d00c4983614291b938804a9df6b127
2003-01-27,108.0,108,ft^3/s,Approved,[],2025-03-11T21:24:03.840047+00:00,f0d00c4983614291b938804a9df6b127
2003-01-28,110.0,110,ft^3/s,Approved,[],2025-03-11T21:24:03.840047+00:00,f0d00c4983614291b938804a9df6b127
2003-01-29,110.0,110,ft^3/s,Approved,[],2025-03-11T21:24:03.840047+00:00,f0d00c4983614291b938804a9df6b127
2003-01-30,106.0,106,ft^3/s,Approved,[],2025-03-11T21:24:03.840047+00:00,f0d00c4983614291b938804a9df6b127
2003-01-31,106.0,106,ft^3/s,Approved,[],2025-03-11T21:24:03.840047+00:00,f0d00c4983614291b938804a9df6b127
2003-02-01,109.0,109,ft^3/s,Approved,[],2025-03-11T21:24:03.840047+00:00,f0d00c4983614291b938804a9df6b127
2003-02-02,110.0,110,ft^3/s,Approved,[],2025-03-11T21:24:03.840047+00:00,f0d00c4983614291b938804a9df6b127
2003-02-03,100.0,100,ft^3/s,Approved,[],2025-03-11T21:24:03.840047+00:00,f0d00c4983614291b938804a9df6b127
2003-02-04,92.4,92.4,ft^3/s,Approved,[],2025-03-11T21:24:03.840047+00:00,f0d00c4983614291b938804a9df6b127
2003-02-05,96.3,96.3,ft^3/s,Approved,[],2025-03-11T21:24:03.840047+00:00,f0d00c4983614291b938804a9df6b127
2003-02-06,97.9,97.9,ft^3/s,Approved,[],2025-03-11T21:24:03.840047+00:00,f0d00c4983614291b938804a9df6b127
2003-02-07,94.1,94.1,ft^3/s,Approved,[],2025-03-11T21:24:03.840047+00:00,f0d00c4983614291b938804a9df6b127
2003-02-08,94.3,94.3,ft^3/s,Approved,[],2025-03-11T21:24:03.840047+00:00,f0d00c4983614291b938804a9df6b127
2003-02-09,90.8,90.8,ft^3/s,Approved,[],2025-03-11T21:24:03.840047+00:00,f0d00c4983614291b938804a9df6b127
2003-02-10,87.1,87.1,ft^3/s,Approved,[],2025-03-11T21:24:03.840047+00:00,f0d00c4983614291b938804a9df6b127
2003-02-11,87.7,87.7,ft^3/s,Approved,[],2025-03-11T21:24:03.840047+00:00,f0d00c4983614291b938804a9df6b127
2003-02-12,86.8,86.8,ft^3/s,Approved,[],2025-03-11T21:24:03.840047+00:00,f0d00c4983614291b938804a9df6b127
2003-02-13,85.6,85.6,ft^3/s,Approved,[],2025-03-11T21:24:03.840047+00:00,f0d00c4983614291b938804a9df6b127
2003-02-14,88.0,88.0,ft^3/s,Approved,[],2025-03-11T21:24:03.840047+00:00,f0d00c4983614291b938804a9df6b127
2003-02-15,89.4,89.4,ft^3/s,Approved,[],2025-03-11T21:24:03.840047+00:00,f0d00c4983614291b938804a9df6b127
2003-02-16,85.8,85.8,ft^3/s,Approved,[],2025-03-11T21:24:03.840047+00:00,f0d00c4983614291b938804a9df6b127
2003-02-17,86.7,86.7,ft^3/s,Approved,[],2025-03-11T21:24:03.840047+00:00,f0d00c4983614291b938804a9df6b127
2003-02-18,85.2,85.2,ft^3/s,Approved,[],2025-03-11T21:24:03.840047+00:00,f0d00c4983614291b938804a9df6b127
2003-02-19,85.3,85.3,ft^3/s,Approved,[],2025-03-11T21:24:03.840047+00:00,f0d00c4983614291b938804a9df6b127
2003-02-20,96.0,96.0,ft^3/s,Approved,[],2025-03-11T21:24:03.840047+00:00,f0d00c4983614291b938804a9df6b127
2003-02-21,138.0,138,ft^3/s,Approved,[],2025-03-11T21:24:03.840047+00:00,f0d00c4983614291b938804a9df6b127
2003-02-22,132.0,132,ft^3/s,Approved,[],2025-03-11T21:24:03.840047+00:00,f0d00c4983614291b938804a9df6b127
2003-02-23,121.0,121,ft^3/s,Approved,[],2025-03-11T21:24:03.840047+00:00,f0d00c4983614291b938804a9df6b127
2003-02-24,116.0,116,ft^3/s,Approved,[],2025-03-11T21:24:03.840047+00:00,f0d00c4983614291b938804a9df6b127
2003-02-25,110.0,110,ft^3/s,Approved,[],2025-03-11T21:24:03.840047+00:00,f0d00c4983614291b938804a9df6b127
2003-02-26,105.0,105,ft^3/s,Approved,[],2025-03-11T21:24:03.840047+00:00,f0d00c4983614291b938804a9df6b127
2003-02-27,102.0,102,ft^3/s,Approved,[],2025-03-11T21:24:03.840047+00:00,f0d00c4983614291b938804a9df6b127
2003-02-28,93.4,93.4,ft^3/s,Approved,[],2025-03-11T21:24:03.840047+00:00,f0d00c4983614291b938804a9df6b127
2003-03-01,93.3,93.3,ft^3/s,Approved,[],2025-03-11T21:24:03.840047+00:00,f0d00c4983614291b938804a9df6b127
2003-03-02,93.7,93.7,ft^3/s,Approved,[],2025-03-11T21:24:03.840047+00:00,f0d00c4983614291b938804a9df6b127
2003-03-03,91.5,91.5,ft^3/s,Approved,[],2025-03-11T21:24:03.840047+00:00,f0d00c4983614291b938804a9df6b127
2003-03-04,93.3,93.3,ft^3/s,Approved,[],2025-03-11T21:24:03.840047+00:00,f0d00c4983614291b938804a9df6b127
2003-03-05,93.1,93.1,ft^3/s,Approved,[],2025-03-11T21:24:03.840047+00:00,f0d00c4983614291b938804a9df6b127
2003-03-06,91.9,91.9,ft^3/s,Approved,[],2025-03-11T21:24:03.840047+00:00,f0d00c4983614291b938804a9df6b127
2003-03-07,94.4,94.4,ft^3/s,Approved,[],2025-03-11T21:24:03.840047+00:00,f0d00c4983614291b938804a9df6b127
2003-03-08,91.8,91.8,ft^3/s,Approved,[],2025-03-11T21:24:03.840047+00:00,f0d00c4983614291b938804a9df6b127
2003-03-09,93.9,93.9,ft^3/s,Approved,[],2025-03-11T21:24:03.840047+00:00,f0d00c4983614291b938804a9df6b127
2003-03-10,93.8,93.8,ft^3/s,Approved,[],2025-03-11T21:24:03.840047+00:00,f0d00c4983614291b938804a9df6b127
2003-03-11,91.4,91.4,ft^3/s,Approved,[],2025-03-11T21:24:03.840047+00:00,f0d00c4983614291b938804a9df6b127
2003-03-12,93.4,93.4,ft^3/s,Approved,[],2025-03-11T21:24:03.840047+00:00,f0d00c4983614291b938804a9df6b127
2003-03-13,93.5,93.5,ft^3/s,Approved,[],2025-03-11T21:24:03.840047+00:00,f0d00c4983614291b938804a9df6b127
2003-03-14,91.9,91.9,ft^3/s,Approved,[],2025-03-11T21:24:03.840047+00:00,f0d00c4983614291b938804a9df6b127
2003-03-15,88.9,88.9,ft^3/s,Approved,[],2025-03-11T21:24:03.840047+00:00,f0d00c4983614291b938804a9df6b127
2003-03-16,91.7,91.7,ft^3/s,Approved,[],2025-03-11T21:24:03.840047+00:00,f0d00c4983614291b938804a9df6b127
2003-03-17,92.5,92.5,ft^3/s,Approved,[],2025-03-11T21:24:03.840047+00:00,f0d00c4983614291b938804a9df6b127
2003-03-18,95.8,95.8,ft^3/s,Approved,[],2025-03-11T21:24:03.840047+00:00,f0d00c4983614291b938804a9df6b127
2003-03-19,94.7,94.7,ft^3/s,Approved,[],2025-03-11T21:24:03.840047+00:00,f0d00c4983614291b938804a9df6b127
2003-03-20,94.1,94.1,ft^3/s,Approved,[],2025-03-11T21:24:03.840047+00:00,f0d00c4983614291b938804a9df6b127
2003-03-21,92.3,92.3,ft^3/s,Approved,[],2025-03-11T21:24:03.840047+00:00,f0d00c4983614291b938804a9df6b127
2003-03-22,90.4,90.4,ft^3/s,Approved,[],2025-03-11T21:24:03.840047+00:00,f0d00c4983614291b938804a9df6b127
2003-03-23,94.2,94.2,ft^3/s,Approved,[],2025-03-11T21:24:03.840047+00:00,f0d00c4983614291b938804a9df6b127
2003-03-24,93.7,93.7,ft^3/s,Approved,[],2025-03-11T21:24:03.840047+00:00,f0d00c4983614291b938804a9df6b127
2003-03-25,95.3,95.3,ft^3/s,Approved,[],2025-03-11T21:24:03.840047+00:00,f0d00c4983614291b938804a9df6b127
2003-03-26,97.7,97.7,ft^3/s,Approved,[],2025-03-11T21:24:03.840047+00:00,f0d00c4983614291b938804a9df6b127
2003-03-27,93.0,93.0,ft^3/s,Approved,[],2025-03-11T21:24:03.840047+00:00,f0d00c4983614291b938804a9df6b127
2003-03-28,91.1,91.1,ft^3/s,Approved,[],2025-03-11T21:24:03.840047+00:00,f0d00c4983614291b938804a9df6b127
2003-03-29,88.8,88.8,ft^3/s,Approved,[],2025-03-11T21:24:03.840047+00:00,f0d00c4983614291b938804a9df6b127
2003-03-30,90.2,90.2,ft^3/s,Approved,[],2025-03-11T21:24:03.840047+00:00,f0d00c4983614291b938804a9df6b127
2003-03-31,90.5,90.5,ft^3/s,Approved,[],2025-03-11T21:24:03.840047+00:00,f0d00c4983614291b938804a9df6b127
2003-04-01,93.6,93.6,ft^3/s,Approved,[],2025-03-11T21:24:03.840047+00:00,f0d00c4983614291b938804a9df6b127
2003-04-02,95.3,95.3,ft^3/s,Approved,[],2025-03-11T21:24:03.840047+00:00,f0d00c4983614291b938804a9df6b127
2003-04-03,93.1,93.1,ft^3/s,Approved,[],2025-03-11T21:24:03.840047+00:00,f0d00c4983614291b938804a9df6b127
2003-04-04,93.5,93.5,ft^3/s,Approved,[],2025-03-11T21:24:03.840047+00:00,f0d00c4983614291b938804a9df6b127
2003-04-05,91.6,91.6,ft^3/s,Approved,[],2025-03-11T21:24:03.840047+00:00,f0d00c4983614291b938804a9df6b127
2003-04-06,92.3,92.3,ft^3/s,Approved,[],2025-03-11T21:24:03.840047+00:00,f0d00c4983614291b938804a9df6b127
2003-04-07,90.0,90.0,ft^3/s,Approved,[],2025-03-11T21:24:03.840047+00:00,f0d00c4983614291b938804a9df6b127
2003-04-08,85.2,85.2,ft^3/s,Approved,[],2025-03-11T21:24:03.840047+00:00,f0d00c4983614291b938804a9df6b127
2003-04-09,85.2,85.2,ft^3/s,Approved,[],2025-03-11T21:24:03.840047+00:00,f0d00c4983614291b938804a9df6b127
2003-04-10,85.2,85.2,ft^3/s,Approved,[],2025-03-11T21:24:03.840047+00:00,f0d00c4983614291b938804a9df6b127
2003-04-11,85.2,85.2,ft^3/s,Approved,[],2025-03-11T21:24:03.840047+00:00,f0d00c4983614291b938804a9df6b127
2003-04-12,84.9,84.9,ft^3/s,Approved,[],2025-03-11T21:24:03.840047+00:00,f0d00c4983614291b938804a9df6b127
2003-04-13,82.0,82.0,ft^3/s,Approved,[],2025-03-11T21:24:03.840047+00:00,f0d00c4983614291b938804a9df6b127
2003-04-14,78.5,78.5,ft^3/s,Approved,[],2025-03-11T21:24:03.840047+00:00,f0d00c4983614291b938804a9df6b127
2003-04-15,78.5,78.5,ft^3/s,Approved,[],2025-03-11T21:24:03.840047+00:00,f0d00c4983614291b938804a9df6b127
2003-04-16,78.5,78.5,ft^3/s,Approved,[],2025-03-11T21:24:03.840047+00:00,f0d00c4983614291b938804a9df6b127
2003-04-17,78.5,78.5,ft^3/s,Approved,[],2025-03-11T21:24:03.840047+00:00,f0d00c4983614291b938804a9df6b127
2003-04-18,78.5,78.5,ft^3/s,Approved,[],2025-03-11T21:24:03.840047+00:00,f0d00c4983614291b938804a9df6b127
2003-04-19,78.5,78.5,ft^3/s,Approved,[],2025-03-11T21:24:03.840047+00:00,f0d00c4983614291b938804a9df6b127
2003-04-20,78.5,78.5,ft^3/s,Approved,[],2025-03-11T21:24:03.840047+00:00,f0d00c4983614291b938804a9df6b127
2003-04-21,78.5,78.5,ft^3/s,Approved,[],2025-03-11T21:24:03.840047+00:00,f0d00c4983614291b938804a9df6b127
2003-04-22,78.5,78.5,ft^3/s,Approved,[],2025-03-11T21:24:03.840047+00:00,f0d00c4983614291b938804a9df6b127
2003-04-23,78.5,78.5,ft^3/s,Approved,[],2025-03-11T21:24:03.840047+00:00,f0d00c4983614291b938804a9df6b127
2003-04-24,78.5,78.5,ft^3/s,Approved,[],2025-03-11T21:24:03.840047+00:00,f0d00c4983614291b938804a9df6b127
2003-04-25,78.7,78.7,ft^3/s,Approved,[],2025-03-11T21:24:03.840047+00:00,f0d00c4983614291b938804a9df6b127
2003-04-26,78.5,78.5,ft^3/s,Approved,[],2025-03-11T21:24:03.840047+00:00,f0d00c4983614291b938804a9df6b127
2003-04-27,78.5,78.5,ft^3/s,Approved,[],2025-03-11T21:24:03.840047+00:00,f0d00c4983614291b938804a9df6b127
2003-04-28,78.5,78.5,ft^3/s,Approved,[],2025-03-11T21:24:03.840047+00:00,f0d00c4983614291b938804a9df6b127
2003-04-29,78.5,78.5,ft^3/s,Approved,[],2025-03-11T21:24:03.840047+00:00,f0d00c4983614291b938804a9df6b127
2003-04-30,78.5,78.5,ft^3/s,Approved,[],2025-03-11T21:24:03.840047+00:00,f0d00c4983614291b938804a9df6b127
2003-05-01,78.5,78.5,ft^3/s,Approved,[],2025-03-11T21:24:03.840047+00:00,f0d00c4983614291b938804a9df6b127
2003-05-02,78.5,78.5,ft^3/s,Approved,[],2025-03-11T21:24:03.840047+00:00,f0d00c4983614291b938804a9df6b127
2003-05-03,78.5,78.5,ft^3/s,Approved,[],2025-03-11T21:24:03.840047+00:00,f0d00c4983614291b938804a9df6b127
2003-05-04,78.5,78.5,ft^3/s,Approved,[],2025-03-11T21:24:03.840047+00:00,f0d00c4983614291b938804a9df6b127
2003-05-05,78.5,78.5,ft^3/s,Approved,[],2025-03-11T21:24:03.840047+00:00,f0d00c4983614291b938804a9df6b127
2003-05-06,85.1,85.1,ft^3/s,Approved,[],2025-03-11T21:24:03.840047+00:00,f0d00c4983614291b938804a9df6b127
2003-05-07,84.3,84.3,ft^3/s,Approved,[],2025-03-11T21:24:03.840047+00:00,f0d00c4983614291b938804a9df6b127
2003-05-08,85.0,85.0,ft^3/s,Approved,[],2025-03-11T21:24:03.840047+00:00,f0d00c4983614291b938804a9df6b127
2003-05-09,79.2,79.2,ft^3/s,Approved,[],2025-03-11T21:24:03.840047+00:00,f0d00c4983614291b938804a9df6b127
2003-05-10,78.5,78.5,ft^3/s,Approved,[],2025-03-11T21:24:03.840047+00:00,f0d00c4983614291b938804a9df6b127
2003-05-11,78.5,78.5,ft^3/s,Approved,[],2025-03-11T21:24:03.840047+00:00,f0d00c4983614291b938804a9df6b127
2003-05-12,78.5,78.5,ft^3/s,Approved,[],2025-03-11T21:24:03.840047+00:00,f0d00c4983614291b938804a9df6b127
2003-05-13,78.5,78.5,ft^3/s,Approved,[],2025-03-11T21:24:03.840047+00:00,f0d00c4983614291b938804a9df6b127
2003-05-14,78.0,78.0,ft^3/s,Approved,[],2025-11-21T16:34:19.961837+00:00,f0d00c4983614291b938804a9df6b127
2003-05-15,78.0,78.0,ft^3/s,Approved,[],2025-03-11T21:24:03.840047+00:00,f0d00c4983614291b938804a9df6b127
2003-05-16,80.0,80.0,ft^3/s,Approved,[],2025-03-11T21:24:03.840047+00:00,f0d00c4983614291b938804a9df6b127
2003-05-17,80.0,80.0,ft^3/s,Approved,[],2025-03-11T21:24:03.840047+00:00,f0d00c4983614291b938804a9df6b127
2003-05-18,78.0,78.0,ft^3/s,Approved,[],2025-03-11T21:24:03.840047+00:00,f0d00c4983614291b938804a9df6b127
2003-05-19,78.0,78.0,ft^3/s,Approved,[],2025-11-21T16:34:19.961837+00:00,f0d00c4983614291b938804a9df6b127
2003-05-20,78.1,78.1,ft^3/s,Approved,[],2025-03-11T21:24:03.840047+00:00,f0d00c4983614291b938804a9df6b127
2003-05-21,74.9,74.9,ft^3/s,Approved,[],2025-03-11T21:24:03.840047+00:00,f0d00c4983614291b938804a9df6b127
2003-05-22,72.6,72.6,ft^3/s,Approved,[],2025-03-11T21:24:03.840047+00:00,f0d00c4983614291b938804a9df6b127
2003-05-23,72.1,72.1,ft^3/s,Approved,[],2025-03-11T21:24:03.840047+00:00,f0d00c4983614291b938804a9df6b127
2003-05-24,72.1,72.1,ft^3/s,Approved,[],2025-03-11T21:24:03.840047+00:00,f0d00c4983614291b938804a9df6b127
2003-05-25,72.1,72.1,ft^3/s,Approved,[],2025-03-11T21:24:03.840047+00:00,f0d00c4983614291b938804a9df6b127
2003-05-26,72.1,72.1,ft^3/s,Approved,[],2025-03-11T21:24:03.840047+00:00,f0d00c4983614291b938804a9df6b127
2003-05-27,72.1,72.1,ft^3/s,Approved,[],2025-03-11T21:24:03.840047+00:00,f0d00c4983614291b938804a9df6b127
2003-05-28,72.1,72.1,ft^3/s,Approved,[],2025-03-11T21:24:03.840047+00:00,f0d00c4983614291b938804a9df6b127
2003-05-29,72.1,72.1,ft^3/s,Approved,[],2025-03-11T21:24:03.840047+00:00,f0d00c4983614291b938804a9df6b127
2003-05-30,72.2,72.2,ft^3/s,Approved,[],2025-03-11T21:24:03.840047+00:00,f0d00c4983614291b938804a9df6b127
2003-05-31,73.9,73.9,ft^3/s,Approved,[],2025-03-11T21:24:03.840047+00:00,f0d00c4983614291b938804a9df6b127
2003-06-01,72.2,72.2,ft^3/s,Approved,[],2025-03-11T21:24:03.840047+00:00,f0d00c4983614291b938804a9df6b127
2003-06-02,72.1,72.1,ft^3/s,Approved,[],2025-03-11T21:24:03.840047+00:00,f0d00c4983614291b938804a9df6b127
2003-06-03,72.1,72.1,ft^3/s,Approved,[],2025-03-11T21:24:03.840047+00:00,f0d00c4983614291b938804a9df6b127
2003-06-04,72.1,72.1,ft^3/s,Approved,[],2025-03-11T21:24:03.840047+00:00,f0d00c4983614291b938804a9df6b127
2003-06-05,72.1,72.1,ft^3/s,Approved,[],2025-03-11T21:24:03.840047+00:00,f0d00c4983614291b938804a9df6b127
2003-06-06,72.1,72.1,ft^3/s,Approved,[],2025-03-11T21:24:03.840047+00:00,f0d00c4983614291b938804a9df6b127
2003-06-07,72.1,72.1,ft^3/s,Approved,[],2025-03-11T21:24:03.840047+00:00,f0d00c4983614291b938804a9df6b127
2003-06-08,72.1,72.1,ft^3/s,Approved,[],2025-03-11T21:24:03.840047+00:00,f0d00c4983614291b938804a9df6b127
2003-06-09,72.1,72.1,ft^3/s,Approved,[],2025-03-11T21:24:03.840047+00:00,f0d00c4983614291b938804a9df6b127
2003-06-10,72.1,72.1,ft^3/s,Approved,[],2025-03-11T21:24:03.840047+00:00,f0d00c4983614291b938804a9df6b127
2003-06-11,72.1,72.1,ft^3/s,Approved,[],2025-03-11T21:24:03.840047+00:00,f0d00c4983614291b938804a9df6b127
2003-06-12,72.1,72.1,ft^3/s,Approved,[],2025-03-11T21:24:03.840047+00:00,f0d00c4983614291b938804a9df6b127
2003-06-13,72.1,72.1,ft^3/s,Approved,[],2025-03-11T21:24:03.840047+00:00,f0d00c4983614291b938804a9df6b127
2003-06-14,93.7,93.7,ft^3/s,Approved,[],2025-03-11T21:24:03.840047+00:00,f0d00c4983614291b938804a9df6b127
2003-06-15,85.7,85.7,ft^3/s,Approved,[],2025-03-11T21:24:03.840047+00:00,f0d00c4983614291b938804a9df6b127
2003-06-16,81.8,81.8,ft^3/s,Approved,[],2025-03-11T21:24:03.840047+00:00,f0d00c4983614291b938804a9df6b127
2003-06-17,78.5,78.5,ft^3/s,Approved,[],2025-03-11T21:24:03.840047+00:00,f0d00c4983614291b938804a9df6b127
2003-06-18,78.5,78.5,ft^3/s,Approved,[],2025-03-11T21:24:03.840047+00:00,f0d00c4983614291b938804a9df6b127
2003-06-19,78.5,78.5,ft^3/s,Approved,[],2025-03-11T21:24:03.840047+00:00,f0d00c4983614291b938804a9df6b127
2003-06-20,75.6,75.6,ft^3/s,Approved,[],2025-03-11T21:24:03.840047+00:00,f0d00c4983614291b938804a9df6b127
2003-06-21,72.1,72.1,ft^3/s,Approved,[],2025-03-11T21:24:03.840047+00:00,f0d00c4983614291b938804a9df6b127
2003-06-22,72.1,72.1,ft^3/s,Approved,[],2025-03-11T21:24:03.840047+00:00,f0d00c4983614291b938804a9df6b127
2003-06-23,72.1,72.1,ft^3/s,Approved,[],2025-03-11T21:24:03.840047+00:00,f0d00c4983614291b938804a9df6b127
2003-06-24,72.1,72.1,ft^3/s,Approved,[],2025-03-11T21:24:03.840047+00:00,f0d00c4983614291b938804a9df6b127
2003-06-25,72.1,72.1,ft^3/s,Approved,[],2025-03-11T21:24:03.840047+00:00,f0d00c4983614291b938804a9df6b127
2003-06-26,72.1,72.1,ft^3/s,Approved,[],2025-03-11T21:24:03.840047+00:00,f0d00c4983614291b938804a9df6b127
2003-06-27,72.1,72.1,ft^3/s,Approved,[],2025-03-11T21:24:03.840047+00:00,f0d00c4983614291b938804a9df6b127
2003-06-28,72.1,72.1,ft^3/s,Approved,[],2025-03-11T21:24:03.840047+00:00,f0d00c4983614291b938804a9df6b127
2003-06-29,72.1,72.1,ft^3/s,Approved,[],2025-03-11T21:24:03.840047+00:00,f0d00c4983614291b938804a9df6b127
2003-06-30,72.1,72.1,ft^3/s,Approved,[],2025-03-11T21:24:03.840047+00:00,f0d00c4983614291b938804a9df6b127
2003-07-01,72.1,72.1,ft^3/s,Approved,[],2025-03-11T21:24:03.840047+00:00,f0d00c4983614291b938804a9df6b127
2003-07-02,72.1,72.1,ft^3/s,Approved,[],2025-03-11T21:24:03.840047+00:00,f0d00c4983614291b938804a9df6b127
2003-07-03,72.1,72.1,ft^3/s,Approved,[],2025-03-11T21:24:03.840047+00:00,f0d00c4983614291b938804a9df6b127
2003-07-04,72.8,72.8,ft^3/s,Approved,[],2025-03-11T21:24:03.840047+00:00,f0d00c4983614291b938804a9df6b127
2003-07-05,79.2,79.2,ft^3/s,Approved,[],2025-03-11T21:24:03.840047+00:00,f0d00c4983614291b938804a9df6b127
2003-07-06,101.0,101,ft^3/s,Approved,[],2025-03-11T21:24:03.840047+00:00,f0d00c4983614291b938804a9df6b127
2003-07-07,103.0,103,ft^3/s,Approved,[],2025-03-11T21:24:03.840047+00:00,f0d00c4983614291b938804a9df6b127
2003-07-08,101.0,101,ft^3/s,Approved,[],2025-03-11T21:24:03.840047+00:00,f0d00c4983614291b938804a9df6b127
2003-07-09,114.0,114,ft^3/s,Approved,[],2025-03-11T21:24:03.840047+00:00,f0d00c4983614291b938804a9df6b127
2003-07-10,116.0,116,ft^3/s,Approved,[],2025-03-11T21:24:03.840047+00:00,f0d00c4983614291b938804a9df6b127
2003-07-11,115.0,115,ft^3/s,Approved,[],2025-03-11T21:24:03.840047+00:00,f0d00c4983614291b938804a9df6b127
2003-07-12,104.0,104,ft^3/s,Approved,[],2025-03-11T21:24:03.840047+00:00,f0d00c4983614291b938804a9df6b127
2003-07-13,93.2,93.2,ft^3/s,Approved,[],2025-03-11T21:24:03.840047+00:00,f0d00c4983614291b938804a9df6b127
2003-07-14,86.9,86.9,ft^3/s,Approved,[],2025-03-11T21:24:03.840047+00:00,f0d00c4983614291b938804a9df6b127
2003-07-15,82.3,82.3,ft^3/s,Approved,[],2025-03-11T21:24:03.840047+00:00,f0d00c4983614291b938804a9df6b127
2003-07-16,79.0,79.0,ft^3/s,Approved,[],2025-03-11T21:24:03.840047+00:00,f0d00c4983614291b938804a9df6b127
2003-07-17,80.2,80.2,ft^3/s,Approved,[],2025-03-11T21:24:03.840047+00:00,f0d00c4983614291b938804a9df6b127
2003-07-18,77.6,77.6,ft^3/s,Approved,[],2025-03-11T21:24:03.840047+00:00,f0d00c4983614291b938804a9df6b127
2003-07-19,72.8,72.8,ft^3/s,Approved,[],2025-03-11T21:24:03.840047+00:00,f0d00c4983614291b938804a9df6b127
2003-07-20,72.1,72.1,ft^3/s,Approved,[],2025-03-11T21:24:03.840047+00:00,f0d00c4983614291b938804a9df6b127
2003-07-21,72.1,72.1,ft^3/s,Approved,[],2025-03-11T21:24:03.840047+00:00,f0d00c4983614291b938804a9df6b127
2003-07-22,72.1,72.1,ft^3/s,Approved,[],2025-03-11T21:24:03.840047+00:00,f0d00c4983614291b938804a9df6b127
2003-07-23,72.1,72.1,ft^3/s,Approved,[],2025-03-11T21:24:03.840047+00:00,f0d00c4983614291b938804a9df6b127
2003-07-24,72.1,72.1,ft^3/s,Approved,[],2025-03-11T21:24:03.840047+00:00,f0d00c4983614291b938804a9df6b127
2003-07-25,71.4,71.4,ft^3/s,Approved,[],2025-03-11T21:24:03.840047+00:00,f0d00c4983614291b938804a9df6b127
2003-07-26,66.5,66.5,ft^3/s,Approved,[],2025-03-11T21:24:03.840047+00:00,f0d00c4983614291b938804a9df6b127
2003-07-27,66.1,66.1,ft^3/s,Approved,[],2025-03-11T21:24:03.840047+00:00,f0d00c4983614291b938804a9df6b127
2003-07-28,66.1,66.1,ft^3/s,Approved,[],2025-03-11T21:24:03.840047+00:00,f0d00c4983614291b938804a9df6b127
2003-07-29,66.2,66.2,ft^3/s,Approved,[],2025-03-11T21:24:03.840047+00:00,f0d00c4983614291b938804a9df6b127
2003-07-30,66.1,66.1,ft^3/s,Approved,[],2025-03-11T21:24:03.840047+00:00,f0d00c4983614291b938804a9df6b127
2003-07-31,66.1,66.1,ft^3/s,Approved,[],2025-03-11T21:24:03.840047+00:00,f0d00c4983614291b938804a9df6b127
2003-08-01,65.5,65.5,ft^3/s,Approved,[],2025-03-11T21:24:03.840047+00:00,f0d00c4983614291b938804a9df6b127
2003-08-02,62.3,62.3,ft^3/s,Approved,[],2025-03-11T21:24:03.840047+00:00,f0d00c4983614291b938804a9df6b127
2003-08-03,60.5,60.5,ft^3/s,Approved,[],2025-03-11T21:24:03.840047+00:00,f0d00c4983614291b938804a9df6b127
2003-08-04,60.5,60.5,ft^3/s,Approved,[],2025-03-11T21:24:03.840047+00:00,f0d00c4983614291b938804a9df6b127
2003-08-05,60.5,60.5,ft^3/s,Approved,[],2025-03-11T21:24:03.840047+00:00,f0d00c4983614291b938804a9df6b127
2003-08-06,60.5,60.5,ft^3/s,Approved,[],2025-03-11T21:24:03.840047+00:00,f0d00c4983614291b938804a9df6b127
2003-08-07,60.5,60.5,ft^3/s,Approved,[],2025-03-11T21:24:03.840047+00:00,f0d00c4983614291b938804a9df6b127
2003-08-08,60.5,60.5,ft^3/s,Approved,[],2025-03-11T21:24:03.840047+00:00,f0d00c4983614291b938804a9df6b127
2003-08-09,60.5,60.5,ft^3/s,Approved,[],2025-03-11T21:24:03.840047+00:00,f0d00c4983614291b938804a9df6b127
2003-08-10,60.5,60.5,ft^3/s,Approved,[],2025-03-11T21:24:03.840047+00:00,f0d00c4983614291b938804a9df6b127
2003-08-11,60.5,60.5,ft^3/s,Approved,[],2025-03-11T21:24:03.840047+00:00,f0d00c4983614291b938804a9df6b127
2003-08-12,60.0,60.0,ft^3/s,Approved,[],2025-11-21T16:34:19.961837+00:00,f0d00c4983614291b938804a9df6b127
2003-08-13,60.0,60.0,ft^3/s,Approved,[],2025-11-21T16:34:19.961837+00:00,f0d00c4983614291b938804a9df6b127
2003-08-14,60.5,60.5,ft^3/s,Approved,[],2025-03-11T21:24:03.840047+00:00,f0d00c4983614291b938804a9df6b127
2003-08-15,60.5,60.5,ft^3/s,Approved,[],2025-03-11T21:24:03.840047+00:00,f0d00c4983614291b938804a9df6b127
2003-08-16,60.5,60.5,ft^3/s,Approved,[],2025-03-11T21:24:03.840047+00:00,f0d00c4983614291b938804a9df6b127
2003-08-17,60.1,60.1,ft^3/s,Approved,[],2025-03-11T21:24:03.840047+00:00,f0d00c4983614291b938804a9df6b127
2003-08-18,59.8,59.8,ft^3/s,Approved,[],2025-03-11T21:24:03.840047+00:00,f0d00c4983614291b938804a9df6b127
2003-08-19,59.6,59.6,ft^3/s,Approved,[],2025-03-11T21:24:03.840047+00:00,f0d00c4983614291b938804a9df6b127
2003-08-20,59.6,59.6,ft^3/s,Approved,[],2025-03-11T21:24:03.840047+00:00,f0d00c4983614291b938804a9df6b127
2003-08-21,59.3,59.3,ft^3/s,Approved,[],2025-03-11T21:24:03.840047+00:00,f0d00c4983614291b938804a9df6b127
2003-08-22,55.2,55.2,ft^3/s,Approved,[],2025-03-11T21:24:03.840047+00:00,f0d00c4983614291b938804a9df6b127
2003-08-23,54.9,54.9,ft^3/s,Approved,[],2025-03-11T21:24:03.840047+00:00,f0d00c4983614291b938804a9df6b127
2003-08-24,54.2,54.2,ft^3/s,Approved,[],2025-03-11T21:24:03.840047+00:00,f0d00c4983614291b938804a9df6b127
2003-08-25,53.8,53.8,ft^3/s,Approved,[],2025-03-11T21:24:03.840047+00:00,f0d00c4983614291b938804a9df6b127
2003-08-26,53.6,53.6,ft^3/s,Approved,[],2025-03-11T21:24:03.840047+00:00,f0d00c4983614291b938804a9df6b127
2003-08-27,53.6,53.6,ft^3/s,Approved,[],2025-03-11T21:24:03.840047+00:00,f0d00c4983614291b938804a9df6b127
2003-08-28,53.4,53.4,ft^3/s,Approved,[],2025-03-11T21:24:03.840047+00:00,f0d00c4983614291b938804a9df6b127
2003-08-29,53.3,53.3,ft^3/s,Approved,[],2025-03-11T21:24:03.840047+00:00,f0d00c4983614291b938804a9df6b127
2003-08-30,53.4,53.4,ft^3/s,Approved,[],2025-03-11T21:24:03.840047+00:00,f0d00c4983614291b938804a9df6b127
2003-08-31,54.0,54.0,ft^3/s,Approved,[],2025-03-11T21:24:03.840047+00:00,f0d00c4983614291b938804a9df6b127
2003-09-01,55.2,55.2,ft^3/s,Approved,[],2025-03-11T21:24:03.840047+00:00,f0d00c4983614291b938804a9df6b127
2003-09-02,55.2,55.2,ft^3/s,Approved,[],2025-03-11T21:24:03.840047+00:00,f0d00c4983614291b938804a9df6b127
2003-09-03,55.1,55.1,ft^3/s,Approved,[],2025-03-11T21:24:03.840047+00:00,f0d00c4983614291b938804a9df6b127
2003-09-04,55.0,55.0,ft^3/s,Approved,[],2025-03-11T21:24:03.840047+00:00,f0d00c4983614291b938804a9df6b127
2003-09-05,55.2,55.2,ft^3/s,Approved,[],2025-03-11T21:24:03.840047+00:00,f0d00c4983614291b938804a9df6b127
2003-09-06,54.9,54.9,ft^3/s,Approved,[],2025-03-11T21:24:03.840047+00:00,f0d00c4983614291b938804a9df6b127
2003-09-07,54.0,54.0,ft^3/s,Approved,[],2025-03-11T21:24:03.840047+00:00,f0d00c4983614291b938804a9df6b127
2003-09-08,48.8,48.8,ft^3/s,Approved,[],2025-03-11T21:24:03.840047+00:00,f0d00c4983614291b938804a9df6b127
2003-09-09,48.6,48.6,ft^3/s,Approved,[],2025-03-11T21:24:03.840047+00:00,f0d00c4983614291b938804a9df6b127
2003-09-10,49.2,49.2,ft^3/s,Approved,[],2025-03-11T21:24:03.840047+00:00,f0d00c4983614291b938804a9df6b127
2003-09-11,50.3,50.3,ft^3/s,Approved,[],2025-03-11T21:24:03.840047+00:00,f0d00c4983614291b938804a9df6b127
2003-09-12,50.3,50.3,ft^3/s,Approved,[],2025-03-11T21:24:03.840047+00:00,f0d00c4983614291b938804a9df6b127
2003-09-13,50.1,50.1,ft^3/s,Approved,[],2025-03-11T21:24:03.840047+00:00,f0d00c4983614291b938804a9df6b127
2003-09-14,50.3,50.3,ft^3/s,Approved,[],2025-03-11T21:24:03.840047+00:00,f0d00c4983614291b938804a9df6b127
2003-09-15,50.2,50.2,ft^3/s,Approved,[],2025-03-11T21:24:03.840047+00:00,f0d00c4983614291b938804a9df6b127
2003-09-16,50.3,50.3,ft^3/s,Approved,[],2025-03-11T21:24:03.840047+00:00,f0d00c4983614291b938804a9df6b127
2003-09-17,50.3,50.3,ft^3/s,Approved,[],2025-03-11T21:24:03.840047+00:00,f0d00c4983614291b938804a9df6b127
2003-09-18,50.3,50.3,ft^3/s,Approved,[],2025-03-11T21:24:03.840047+00:00,f0d00c4983614291b938804a9df6b127
2003-09-19,50.3,50.3,ft^3/s,Approved,[],2025-03-11T21:24:03.840047+00:00,f0d00c4983614291b938804a9df6b127
2003-09-20,49.0,49.0,ft^3/s,Approved,[],2025-03-11T21:24:03.840047+00:00,f0d00c4983614291b938804a9df6b127
2003-09-21,45.7,45.7,ft^3/s,Approved,[],2025-03-11T21:24:03.840047+00:00,f0d00c4983614291b938804a9df6b127
2003-09-22,45.7,45.7,ft^3/s,Approved,[],2025-03-11T21:24:03.840047+00:00,f0d00c4983614291b938804a9df6b127
2003-09-23,45.7,45.7,ft^3/s,Approved,[],2025-03-11T21:24:03.840047+00:00,f0d00c4983614291b938804a9df6b127
2003-09-24,45.7,45.7,ft^3/s,Approved,[],2025-03-11T21:24:03.840047+00:00,f0d00c4983614291b938804a9df6b127
2003-09-25,45.7,45.7,ft^3/s,Approved,[],2025-03-11T21:24:03.840047+00:00,f0d00c4983614291b938804a9df6b127
2003-09-26,45.7,45.7,ft^3/s,Approved,[],2025-03-11T21:24:03.840047+00:00,f0d00c4983614291b938804a9df6b127
2003-09-27,45.7,45.7,ft^3/s,Approved,[],2025-03-11T21:24:03.840047+00:00,f0d00c4983614291b938804a9df6b127
2003-09-28,45.7,45.7,ft^3/s,Approved,[],2025-03-11T21:24:03.840047+00:00,f0d00c4983614291b938804a9df6b127
2003-09-29,42.5,42.5,ft^3/s,Approved,[],2025-03-11T21:24:03.840047+00:00,f0d00c4983614291b938804a9df6b127
2003-09-30,41.1,41.1,ft^3/s,Approved,[],2025-03-11T21:24:03.840047+00:00,f0d00c4983614291b938804a9df6b127
2003-10-01,41.1,41.1,ft^3/s,Approved,[],2025-03-11T21:24:03.840047+00:00,f0d00c4983614291b938804a9df6b127
2003-10-02,41.2,41.2,ft^3/s,Approved,[],2025-03-11T21:24:03.840047+00:00,f0d00c4983614291b938804a9df6b127
2003-10-03,41.4,41.4,ft^3/s,Approved,[],2025-03-11T21:24:03.840047+00:00,f0d00c4983614291b938804a9df6b127
2003-10-04,41.4,41.4,ft^3/s,Approved,[],2025-03-11T21:24:03.840047+00:00,f0d00c4983614291b938804a9df6b127
2003-10-05,41.4,41.4,ft^3/s,Approved,[],2025-03-11T21:24:03.840047+00:00,f0d00c4983614291b938804a9df6b127
2003-10-06,41.4,41.4,ft^3/s,Approved,[],2025-03-11T21:24:03.840047+00:00,f0d00c4983614291b938804a9df6b127
2003-10-07,41.4,41.4,ft^3/s,Approved,[],2025-03-11T21:24:03.840047+00:00,f0d00c4983614291b938804a9df6b127
2003-10-08,41.4,41.4,ft^3/s,Approved,[],2025-03-11T21:24:03.840047+00:00,f0d00c4983614291b938804a9df6b127
2003-10-09,41.4,41.4,ft^3/s,Approved,[],2025-03-11T21:24:03.840047+00:00,f0d00c4983614291b938804a9df6b127
2003-10-10,41.4,41.4,ft^3/s,Approved,[],2025-03-11T21:24:03.840047+00:00,f0d00c4983614291b938804a9df6b127
2003-10-11,41.4,41.4,ft^3/s,Approved,[],2025-03-11T21:24:03.840047+00:00,f0d00c4983614291b938804a9df6b127
2003-10-12,42.0,42.0,ft^3/s,Approved,[],2025-03-11T21:24:03.840047+00:00,f0d00c4983614291b938804a9df6b127
2003-10-13,42.5,42.5,ft^3/s,Approved,[],2025-03-11T21:24:03.840047+00:00,f0d00c4983614291b938804a9df6b127
2003-10-14,41.9,41.9,ft^3/s,Approved,[],2025-03-11T21:24:03.840047+00:00,f0d00c4983614291b938804a9df6b127
2003-10-15,41.4,41.4,ft^3/s,Approved,[],2025-03-11T21:24:03.840047+00:00,f0d00c4983614291b938804a9df6b127
2003-10-16,41.4,41.4,ft^3/s,Approved,[],2025-03-11T21:24:03.840047+00:00,f0d00c4983614291b938804a9df6b127
2003-10-17,41.4,41.4,ft^3/s,Approved,[],2025-03-11T21:24:03.840047+00:00,f0d00c4983614291b938804a9df6b127
2003-10-18,41.4,41.4,ft^3/s,Approved,[],2025-03-11T21:24:03.840047+00:00,f0d00c4983614291b938804a9df6b127
2003-10-19,39.4,39.4,ft^3/s,Approved,[],2025-03-11T21:24:03.840047+00:00,f0d00c4983614291b938804a9df6b127
2003-10-20,37.4,37.4,ft^3/s,Approved,[],2025-03-11T21:24:03.840047+00:00,f0d00c4983614291b938804a9df6b127
2003-10-21,37.4,37.4,ft^3/s,Approved,[],2025-03-11T21:24:03.840047+00:00,f0d00c4983614291b938804a9df6b127
2003-10-22,37.4,37.4,ft^3/s,Approved,[],2025-03-11T21:24:03.840047+00:00,f0d00c4983614291b938804a9df6b127
2003-10-23,37.4,37.4,ft^3/s,Approved,[],2025-03-11T21:24:03.840047+00:00,f0d00c4983614291b938804a9df6b127
2003-10-24,37.4,37.4,ft^3/s,Approved,[],2025-03-11T21:24:03.840047+00:00,f0d00c4983614291b938804a9df6b127
2003-10-25,37.4,37.4,ft^3/s,Approved,[],2025-03-11T21:24:03.840047+00:00,f0d00c4983614291b938804a9df6b127
2003-10-26,37.4,37.4,ft^3/s,Approved,[],2025-03-11T21:24:03.840047+00:00,f0d00c4983614291b938804a9df6b127
2003-10-27,37.4,37.4,ft^3/s,Approved,[],2025-03-11T21:24:03.840047+00:00,f0d00c4983614291b938804a9df6b127
2003-10-28,37.4,37.4,ft^3/s,Approved,[],2025-03-11T21:24:03.840047+00:00,f0d00c4983614291b938804a9df6b127
2003-10-29,37.4,37.4,ft^3/s,Approved,[],2025-03-11T21:24:03.840047+00:00,f0d00c4983614291b938804a9df6b127
2003-10-30,37.4,37.4,ft^3/s,Approved,[],2025-03-11T21:24:03.840047+00:00,f0d00c4983614291b938804a9df6b127
2003-10-31,37.4,37.4,ft^3/s,Approved,[],2025-03-11T21:24:03.840047+00:00,f0d00c4983614291b938804a9df6b127
2003-11-01,37.4,37.4,ft^3/s,Approved,[],2025-03-11T21:24:03.840047+00:00,f0d00c4983614291b938804a9df6b127
2003-11-02,37.4,37.4,ft^3/s,Approved,[],2025-03-11T21:24:03.840047+00:00,f0d00c4983614291b938804a9df6b127
2003-11-03,37.4,37.4,ft^3/s,Approved,[],2025-03-11T21:24:03.840047+00:00,f0d00c4983614291b938804a9df6b127
2003-11-04,37.5,37.5,ft^3/s,Approved,[],2025-03-11T21:24:03.840047+00:00,f0d00c4983614291b938804a9df6b127
2003-11-05,37.4,37.4,ft^3/s,Approved,[],2025-03-11T21:24:03.840047+00:00,f0d00c4983614291b938804a9df6b127
2003-11-06,37.4,37.4,ft^3/s,Approved,[],2025-03-11T21:24:03.840047+00:00,f0d00c4983614291b938804a9df6b127
2003-11-07,37.4,37.4,ft^3/s,Approved,[],2025-03-11T21:24:03.840047+00:00,f0d00c4983614291b938804a9df6b127
2003-11-08,37.4,37.4,ft^3/s,Approved,[],2025-03-11T21:24:03.840047+00:00,f0d00c4983614291b938804a9df6b127
2003-11-09,37.0,37.0,ft^3/s,Approved,[],2025-03-11T21:24:03.840047+00:00,f0d00c4983614291b938804a9df6b127
2003-11-10,33.7,33.7,ft^3/s,Approved,[],2025-03-11T21:24:03.840047+00:00,f0d00c4983614291b938804a9df6b127
2003-11-11,33.7,33.7,ft^3/s,Approved,[],2025-03-11T21:24:03.840047+00:00,f0d00c4983614291b938804a9df6b127
2003-11-12,33.7,33.7,ft^3/s,Approved,[],2025-03-11T21:24:03.840047+00:00,f0d00c4983614291b938804a9df6b127
2003-11-13,33.7,33.7,ft^3/s,Approved,[],2025-03-11T21:24:03.840047+00:00,f0d00c4983614291b938804a9df6b127
2003-11-14,33.7,33.7,ft^3/s,Approved,[],2025-03-11T21:24:03.840047+00:00,f0d00c4983614291b938804a9df6b127
2003-11-15,33.7,33.7,ft^3/s,Approved,[],2025-03-11T21:24:03.840047+00:00,f0d00c4983614291b938804a9df6b127
2003-11-16,33.7,33.7,ft^3/s,Approved,[],2025-03-11T21:24:03.840047+00:00,f0d00c4983614291b938804a9df6b127
2003-11-17,33.7,33.7,ft^3/s,Approved,[],2025-03-11T21:24:03.840047+00:00,f0d00c4983614291b938804a9df6b127
2003-11-18,27.2,27.2,ft^3/s,Approved,[],2025-03-11T21:24:03.840047+00:00,f0d00c4983614291b938804a9df6b127
2003-11-19,27.1,27.1,ft^3/s,Approved,[],2025-03-11T21:24:03.840047+00:00,f0d00c4983614291b938804a9df6b127
2003-11-20,27.1,27.1,ft^3/s,Approved,[],2025-03-11T21:24:03.840047+00:00,f0d00c4983614291b938804a9df6b127
2003-11-21,27.1,27.1,ft^3/s,Approved,[],2025-03-11T21:24:03.840047+00:00,f0d00c4983614291b938804a9df6b127
2003-11-22,27.1,27.1,ft^3/s,Approved,[],2025-03-11T21:24:03.840047+00:00,f0d00c4983614291b938804a9df6b127
2003-11-23,27.1,27.1,ft^3/s,Approved,[],2025-03-11T21:24:03.840047+00:00,f0d00c4983614291b938804a9df6b127
2003-11-24,27.1,27.1,ft^3/s,Approved,[],2025-03-11T21:24:03.840047+00:00,f0d00c4983614291b938804a9df6b127
2003-11-25,27.1,27.1,ft^3/s,Approved,[],2025-03-11T21:24:03.840047+00:00,f0d00c4983614291b938804a9df6b127
2003-11-26,27.1,27.1,ft^3/s,Approved,[],2025-03-11T21:24:03.840047+00:00,f0d00c4983614291b938804a9df6b127
2003-11-27,24.4,24.4,ft^3/s,Approved,[],2025-03-11T21:24:03.840047+00:00,f0d00c4983614291b938804a9df6b127
2003-11-28,24.2,24.2,ft^3/s,Approved,[],2025-03-11T21:24:03.840047+00:00,f0d00c4983614291b938804a9df6b127
2003-11-29,24.2,24.2,ft^3/s,Approved,[],2025-03-11T21:24:03.840047+00:00,f0d00c4983614291b938804a9df6b127
2003-11-30,24.2,24.2,ft^3/s,Approved,[],2025-03-11T21:24:03.840047+00:00,f0d00c4983614291b938804a9df6b127
2003-12-01,24.2,24.2,ft^3/s,Approved,[],2025-03-11T21:24:03.840047+00:00,f0d00c4983614291b938804a9df6b127
2003-12-02,24.2,24.2,ft^3/s,Approved,[],2025-03-11T21:24:03.840047+00:00,f0d00c4983614291b938804a9df6b127
2003-12-03,24.2,24.2,ft^3/s,Approved,[],2025-03-11T21:24:03.840047+00:00,f0d00c4983614291b938804a9df6b127
2003-12-04,23.0,23.0,ft^3/s,Approved,[],2025-03-11T21:24:03.840047+00:00,f0d00c4983614291b938804a9df6b127
2003-12-05,23.4,23.4,ft^3/s,Approved,[],2025-03-11T21:24:03.840047+00:00,f0d00c4983614291b938804a9df6b127
2003-12-06,24.2,24.2,ft^3/s,Approved,[],2025-03-11T21:24:03.840047+00:00,f0d00c4983614291b938804a9df6b127
2003-12-07,24.2,24.2,ft^3/s,Approved,[],2025-03-11T21:24:03.840047+00:00,f0d00c4983614291b938804a9df6b127
2003-12-08,24.2,24.2,ft^3/s,Approved,[],2025-03-11T21:24:03.840047+00:00,f0d00c4983614291b938804a9df6b127
2003-12-09,24.2,24.2,ft^3/s,Approved,[],2025-03-11T21:24:03.840047+00:00,f0d00c4983614291b938804a9df6b127
2003-12-10,23.0,23.0,ft^3/s,Approved,[],2025-03-11T21:24:03.840047+00:00,f0d00c4983614291b938804a9df6b127
2003-12-11,21.5,21.5,ft^3/s,Approved,[],2025-03-11T21:24:03.840047+00:00,f0d00c4983614291b938804a9df6b127
2003-12-12,22.4,22.4,ft^3/s,Approved,[],2025-03-11T21:24:03.840047+00:00,f0d00c4983614291b938804a9df6b127
2003-12-13,24.2,24.2,ft^3/s,Approved,[],2025-03-11T21:24:03.840047+00:00,f0d00c4983614291b938804a9df6b127
2003-12-14,24.2,24.2,ft^3/s,Approved,[],2025-03-11T21:24:03.840047+00:00,f0d00c4983614291b938804a9df6b127
2003-12-15,24.2,24.2,ft^3/s,Approved,[],2025-03-11T21:24:03.840047+00:00,f0d00c4983614291b938804a9df6b127
2003-12-16,22.9,22.9,ft^3/s,Approved,[],2025-03-11T21:24:03.840047+00:00,f0d00c4983614291b938804a9df6b127
2003-12-17,21.5,21.5,ft^3/s,Approved,[],2025-03-11T21:24:03.840047+00:00,f0d00c4983614291b938804a9df6b127
2003-12-18,21.5,21.5,ft^3/s,Approved,[],2025-03-11T21:24:03.840047+00:00,f0d00c4983614291b938804a9df6b127
2003-12-19,21.5,21.5,ft^3/s,Approved,[],2025-03-11T21:24:03.840047+00:00,f0d00c4983614291b938804a9df6b127
2003-12-20,24.1,24.1,ft^3/s,Approved,[],2025-03-11T21:24:03.840047+00:00,f0d00c4983614291b938804a9df6b127
2003-12-21,24.2,24.2,ft^3/s,Approved,[],2025-03-11T21:24:03.840047+00:00,f0d00c4983614291b938804a9df6b127
2003-12-22,22.9,22.9,ft^3/s,Approved,[],2025-03-11T21:24:03.840047+00:00,f0d00c4983614291b938804a9df6b127
2003-12-23,21.5,21.5,ft^3/s,Approved,[],2025-03-11T21:24:03.840047+00:00,f0d00c4983614291b938804a9df6b127
2003-12-24,21.5,21.5,ft^3/s,Approved,[],2025-03-11T21:24:03.840047+00:00,f0d00c4983614291b938804a9df6b127
2003-12-25,21.5,21.5,ft^3/s,Approved,[],2025-03-11T21:24:03.840047+00:00,f0d00c4983614291b938804a9df6b127
2003-12-26,21.5,21.5,ft^3/s,Approved,[],2025-03-11T21:24:03.840047+00:00,f0d00c4983614291b938804a9df6b127
2003-12-27,23.1,23.1,ft^3/s,Approved,[],2025-03-11T21:24:03.840047+00:00,f0d00c4983614291b938804a9df6b127
2003-12-28,22.9,22.9,ft^3/s,Approved,[],2025-03-11T21:24:03.840047+00:00,f0d00c4983614291b938804a9df6b127
2003-12-29,21.5,21.5,ft^3/s,Approved,[],2025-03-11T21:24:03.840047+00:00,f0d00c4983614291b938804a9df6b127
2003-12-30,21.5,21.5,ft^3/s,Approved,[],2025-03-11T21:24:03.840047+00:00,f0d00c4983614291b938804a9df6b127
2003-12-31,21.5,21.5,ft^3/s,Approved,[],2025-03-11T21:24:03.840047+00:00,f0d00c4983614291b938804a9df6b127
2004-01-01,21.5,21.5,ft^3/s,Approved,[],2025-03-11T21:24:03.840047+00:00,f0d00c4983614291b938804a9df6b127
2004-01-02,21.5,21.5,ft^3/s,Approved,[],2025-03-11T21:24:03.840047+00:00,f0d00c4983614291b938804a9df6b127
2004-01-03,20.8,20.8,ft^3/s,Approved,[],2025-03-11T21:24:03.840047+00:00,f0d00c4983614291b938804a9df6b127
2004-01-04,21.5,21.5,ft^3/s,Approved,[],2025-03-11T21:24:03.840047+00:00,f0d00c4983614291b938804a9df6b127
2004-01-05,21.5,21.5,ft^3/s,Approved,[],2025-03-11T21:24:03.840047+00:00,f0d00c4983614291b938804a9df6b127
2004-01-06,22.0,22.0,ft^3/s,Approved,[],2025-11-21T16:34:19.961837+00:00,f0d00c4983614291b938804a9df6b127
2004-01-07,20.0,20.0,ft^3/s,Approved,[],2025-11-21T16:34:19.961837+00:00,f0d00c4983614291b938804a9df6b127
2004-01-08,20.5,20.5,ft^3/s,Approved,[],2025-03-11T21:24:03.840047+00:00,f0d00c4983614291b938804a9df6b127
2004-01-09,20.0,20.0,ft^3/s,Approved,[],2025-03-11T21:24:03.840047+00:00,f0d00c4983614291b938804a9df6b127
2004-01-10,19.4,19.4,ft^3/s,Approved,[],2025-03-11T21:24:03.840047+00:00,f0d00c4983614291b938804a9df6b127
2004-01-11,19.5,19.5,ft^3/s,Approved,[],2025-03-11T21:24:03.840047+00:00,f0d00c4983614291b938804a9df6b127
2004-01-12,18.6,18.6,ft^3/s,Approved,[],2025-03-11T21:24:03.840047+00:00,f0d00c4983614291b938804a9df6b127
2004-01-13,18.6,18.6,ft^3/s,Approved,[],2025-03-11T21:24:03.840047+00:00,f0d00c4983614291b938804a9df6b127
2004-01-14,19.5,19.5,ft^3/s,Approved,[],2025-03-11T21:24:03.840047+00:00,f0d00c4983614291b938804a9df6b127
2004-01-15,20.4,20.4,ft^3/s,Approved,[],2025-03-11T21:24:03.840047+00:00,f0d00c4983614291b938804a9df6b127
2004-01-16,22.3,22.3,ft^3/s,Approved,[],2025-03-11T21:24:03.840047+00:00,f0d00c4983614291b938804a9df6b127
2004-01-17,36.0,36.0,ft^3/s,Approved,[],2025-03-11T21:24:03.840047+00:00,f0d00c4983614291b938804a9df6b127
2004-01-18,32.8,32.8,ft^3/s,Approved,[],2025-03-11T21:24:03.840047+00:00,f0d00c4983614291b938804a9df6b127
2004-01-19,26.8,26.8,ft^3/s,Approved,[],2025-03-11T21:24:03.840047+00:00,f0d00c4983614291b938804a9df6b127
2004-01-20,23.5,23.5,ft^3/s,Approved,[],2025-03-11T21:24:03.840047+00:00,f0d00c4983614291b938804a9df6b127
2004-01-21,22.0,22.0,ft^3/s,Approved,[],2025-03-11T21:24:03.840047+00:00,f0d00c4983614291b938804a9df6b127
2004-01-22,21.0,21.0,ft^3/s,Approved,[],2025-03-11T21:24:03.840047+00:00,f0d00c4983614291b938804a9df6b127
2004-01-23,19.9,19.9,ft^3/s,Approved,[],2025-03-11T21:24:03.840047+00:00,f0d00c4983614291b938804a9df6b127
2004-01-24,20.5,20.5,ft^3/s,Approved,[],2025-03-11T21:24:03.840047+00:00,f0d00c4983614291b938804a9df6b127
2004-01-25,22.4,22.4,ft^3/s,Approved,[],2025-03-11T21:24:03.840047+00:00,f0d00c4983614291b938804a9df6b127
2004-01-26,21.9,21.9,ft^3/s,Approved,[],2025-03-11T21:24:03.840047+00:00,f0d00c4983614291b938804a9df6b127
2004-01-27,19.9,19.9,ft^3/s,Approved,[],2025-03-11T21:24:03.840047+00:00,f0d00c4983614291b938804a9df6b127
2004-01-28,19.2,19.2,ft^3/s,Approved,[],2025-03-11T21:24:03.840047+00:00,f0d00c4983614291b938804a9df6b127
2004-01-29,19.6,19.6,ft^3/s,Approved,[],2025-03-11T21:24:03.840047+00:00,f0d00c4983614291b938804a9df6b127
2004-01-30,19.6,19.6,ft^3/s,Approved,[],2025-03-11T21:24:03.840047+00:00,f0d00c4983614291b938804a9df6b127
2004-01-31,19.3,19.3,ft^3/s,Approved,[],2025-03-11T21:24:03.840047+00:00,f0d00c4983614291b938804a9df6b127
2004-02-01,18.8,18.8,ft^3/s,Approved,[],2025-03-11T21:24:03.840047+00:00,f0d00c4983614291b938804a9df6b127
2004-02-02,17.8,17.8,ft^3/s,Approved,[],2025-03-11T21:24:03.840047+00:00,f0d00c4983614291b938804a9df6b127
2004-02-03,16.9,16.9,ft^3/s,Approved,[],2025-03-11T21:24:03.840047+00:00,f0d00c4983614291b938804a9df6b127
2004-02-04,17.7,17.7,ft^3/s,Approved,[],2025-03-11T21:24:03.840047+00:00,f0d00c4983614291b938804a9df6b127
2004-02-05,19.2,19.2,ft^3/s,Approved,[],2025-03-11T21:24:03.840047+00:00,f0d00c4983614291b938804a9df6b127
2004-02-06,19.3,19.3,ft^3/s,Approved,[],2025-03-11T21:24:03.840047+00:00,f0d00c4983614291b938804a9df6b127
2004-02-07,18.7,18.7,ft^3/s,Approved,[],2025-03-11T21:24:03.840047+00:00,f0d00c4983614291b938804a9df6b127
2004-02-08,18.7,18.7,ft^3/s,Approved,[],2025-03-11T21:24:03.840047+00:00,f0d00c4983614291b938804a9df6b127
2004-02-09,18.8,18.8,ft^3/s,Approved,[],2025-03-11T21:24:03.840047+00:00,f0d00c4983614291b938804a9df6b127
2004-02-10,21.4,21.4,ft^3/s,Approved,[],2025-03-11T21:24:03.840047+00:00,f0d00c4983614291b938804a9df6b127
2004-02-11,28.6,28.6,ft^3/s,Approved,[],2025-03-11T21:24:03.840047+00:00,f0d00c4983614291b938804a9df6b127
2004-02-12,36.5,36.5,ft^3/s,Approved,[],2025-03-11T21:24:03.840047+00:00,f0d00c4983614291b938804a9df6b127
2004-02-13,35.3,35.3,ft^3/s,Approved,[],2025-03-11T21:24:03.840047+00:00,f0d00c4983614291b938804a9df6b127
2004-02-14,34.4,34.4,ft^3/s,Approved,[],2025-03-11T21:24:03.840047+00:00,f0d00c4983614291b938804a9df6b127
2004-02-15,33.3,33.3,ft^3/s,Approved,[],2025-03-11T21:24:03.840047+00:00,f0d00c4983614291b938804a9df6b127
2004-02-16,33.5,33.5,ft^3/s,Approved,[],2025-03-11T21:24:03.840047+00:00,f0d00c4983614291b938804a9df6b127
2004-02-17,31.4,31.4,ft^3/s,Approved,[],2025-03-11T21:24:03.840047+00:00,f0d00c4983614291b938804a9df6b127
2004-02-18,30.2,30.2,ft^3/s,Approved,[],2025-03-11T21:24:03.840047+00:00,f0d00c4983614291b938804a9df6b127
2004-02-19,30.0,30.0,ft^3/s,Approved,[],2025-03-11T21:24:03.840047+00:00,f0d00c4983614291b938804a9df6b127
2004-02-20,29.9,29.9,ft^3/s,Approved,[],2025-03-11T21:24:03.840047+00:00,f0d00c4983614291b938804a9df6b127
2004-02-21,28.9,28.9,ft^3/s,Approved,[],2025-03-11T21:24:03.840047+00:00,f0d00c4983614291b938804a9df6b127
2004-02-22,28.8,28.8,ft^3/s,Approved,[],2025-03-11T21:24:03.840047+00:00,f0d00c4983614291b938804a9df6b127
2004-02-23,28.3,28.3,ft^3/s,Approved,[],2025-03-11T21:24:03.840047+00:00,f0d00c4983614291b938804a9df6b127
2004-02-24,34.2,34.2,ft^3/s,Approved,[],2025-03-11T21:24:03.840047+00:00,f0d00c4983614291b938804a9df6b127
2004-02-25,45.1,45.1,ft^3/s,Approved,[],2025-03-11T21:24:03.840047+00:00,f0d00c4983614291b938804a9df6b127
2004-02-26,43.7,43.7,ft^3/s,Approved,[],2025-03-11T21:24:03.840047+00:00,f0d00c4983614291b938804a9df6b127
2004-02-27,41.4,41.4,ft^3/s,Approved,[],2025-03-11T21:24:03.840047+00:00,f0d00c4983614291b938804a9df6b127
2004-02-28,39.6,39.6,ft^3/s,Approved,[],2025-03-11T21:24:03.840047+00:00,f0d00c4983614291b938804a9df6b127
2004-02-29,38.3,38.3,ft^3/s,Approved,[],2025-03-11T21:24:03.840047+00:00,f0d00c4983614291b938804a9df6b127
2004-03-01,37.4,37.4,ft^3/s,Approved,[],2025-03-11T21:24:03.840047+00:00,f0d00c4983614291b938804a9df6b127
2004-03-02,36.7,36.7,ft^3/s,Approved,[],2025-03-11T21:24:03.840047+00:00,f0d00c4983614291b938804a9df6b127
2004-03-03,35.5,35.5,ft^3/s,Approved,[],2025-03-11T21:24:03.840047+00:00,f0d00c4983614291b938804a9df6b127
2004-03-04,36.3,36.3,ft^3/s,Approved,[],2025-03-11T21:24:03.840047+00:00,f0d00c4983614291b938804a9df6b127
2004-03-05,43.3,43.3,ft^3/s,Approved,[],2025-03-11T21:24:03.840047+00:00,f0d00c4983614291b938804a9df6b127
2004-03-06,45.1,45.1,ft^3/s,Approved,[],2025-03-11T21:24:03.840047+00:00,f0d00c4983614291b938804a9df6b127
2004-03-07,43.5,43.5,ft^3/s,Approved,[],2025-03-11T21:24:03.840047+00:00,f0d00c4983614291b938804a9df6b127
2004-03-08,41.8,41.8,ft^3/s,Approved,[],2025-03-11T21:24:03.840047+00:00,f0d00c4983614291b938804a9df6b127
2004-03-09,40.2,40.2,ft^3/s,Approved,[],2025-03-11T21:24:03.840047+00:00,f0d00c4983614291b938804a9df6b127
2004-03-10,39.3,39.3,ft^3/s,Approved,[],2025-03-11T21:24:03.840047+00:00,f0d00c4983614291b938804a9df6b127
2004-03-11,37.8,37.8,ft^3/s,Approved,[],2025-03-11T21:24:03.840047+00:00,f0d00c4983614291b938804a9df6b127
2004-03-12,36.9,36.9,ft^3/s,Approved,[],2025-03-11T21:24:03.840047+00:00,f0d00c4983614291b938804a9df6b127
2004-03-13,36.8,36.8,ft^3/s,Approved,[],2025-03-11T21:24:03.840047+00:00,f0d00c4983614291b938804a9df6b127
2004-03-14,38.5,38.5,ft^3/s,Approved,[],2025-03-11T21:24:03.840047+00:00,f0d00c4983614291b938804a9df6b127
2004-03-15,54.5,54.5,ft^3/s,Approved,[],2025-03-11T21:24:03.840047+00:00,f0d00c4983614291b938804a9df6b127
2004-03-16,59.3,59.3,ft^3/s,Approved,[],2025-03-11T21:24:03.840047+00:00,f0d00c4983614291b938804a9df6b127
2004-03-17,59.1,59.1,ft^3/s,Approved,[],2025-03-11T21:24:03.840047+00:00,f0d00c4983614291b938804a9df6b127
2004-03-18,58.0,58.0,ft^3/s,Approved,[],2025-03-11T21:24:03.840047+00:00,f0d00c4983614291b938804a9df6b127
2004-03-19,56.2,56.2,ft^3/s,Approved,[],2025-03-11T21:24:03.840047+00:00,f0d00c4983614291b938804a9df6b127
2004-03-20,54.3,54.3,ft^3/s,Approved,[],2025-03-11T21:24:03.840047+00:00,f0d00c4983614291b938804a9df6b127
2004-03-21,52.7,52.7,ft^3/s,Approved,[],2025-03-11T21:24:03.840047+00:00,f0d00c4983614291b938804a9df6b127
2004-03-22,51.0,51.0,ft^3/s,Approved,[],2025-03-11T21:24:03.840047+00:00,f0d00c4983614291b938804a9df6b127
2004-03-23,49.1,49.1,ft^3/s,Approved,[],2025-03-11T21:24:03.840047+00:00,f0d00c4983614291b938804a9df6b127
2004-03-24,47.1,47.1,ft^3/s,Approved,[],2025-03-11T21:24:03.840047+00:00,f0d00c4983614291b938804a9df6b127
2004-03-25,45.5,45.5,ft^3/s,Approved,[],2025-03-11T21:24:03.840047+00:00,f0d00c4983614291b938804a9df6b127
2004-03-26,43.5,43.5,ft^3/s,Approved,[],2025-03-11T21:24:03.840047+00:00,f0d00c4983614291b938804a9df6b127
2004-03-27,42.7,42.7,ft^3/s,Approved,[],2025-03-11T21:24:03.840047+00:00,f0d00c4983614291b938804a9df6b127
2004-03-28,41.7,41.7,ft^3/s,Approved,[],2025-03-11T21:24:03.840047+00:00,f0d00c4983614291b938804a9df6b127
2004-03-29,40.5,40.5,ft^3/s,Approved,[],2025-03-11T21:24:03.840047+00:00,f0d00c4983614291b938804a9df6b127
2004-03-30,39.9,39.9,ft^3/s,Approved,[],2025-03-11T21:24:03.840047+00:00,f0d00c4983614291b938804a9df6b127
2004-03-31,39.3,39.3,ft^3/s,Approved,[],2025-03-11T21:24:03.840047+00:00,f0d00c4983614291b938804a9df6b127
2004-04-01,38.6,38.6,ft^3/s,Approved,[],2025-03-11T21:24:03.840047+00:00,f0d00c4983614291b938804a9df6b127
2004-04-02,37.9,37.9,ft^3/s,Approved,[],2025-03-11T21:24:03.840047+00:00,f0d00c4983614291b938804a9df6b127
2004-04-03,38.1,38.1,ft^3/s,Approved,[],2025-03-11T21:24:03.840047+00:00,f0d00c4983614291b938804a9df6b127
2004-04-04,38.2,38.2,ft^3/s,Approved,[],2025-03-11T21:24:03.840047+00:00,f0d00c4983614291b938804a9df6b127
2004-04-05,48.3,48.3,ft^3/s,Approved,[],2025-03-11T21:24:03.840047+00:00,f0d00c4983614291b938804a9df6b127
2004-04-06,54.7,54.7,ft^3/s,Approved,[],2025-03-11T21:24:03.840047+00:00,f0d00c4983614291b938804a9df6b127
2004-04-07,60.8,60.8,ft^3/s,Approved,[],2025-03-11T21:24:03.840047+00:00,f0d00c4983614291b938804a9df6b127
2004-04-08,66.2,66.2,ft^3/s,Approved,[],2025-03-11T21:24:03.840047+00:00,f0d00c4983614291b938804a9df6b127
2004-04-09,69.3,69.3,ft^3/s,Approved,[],2025-03-11T21:24:03.840047+00:00,f0d00c4983614291b938804a9df6b127
2004-04-10,69.8,69.8,ft^3/s,Approved,[],2025-03-11T21:24:03.840047+00:00,f0d00c4983614291b938804a9df6b127
2004-04-11,76.8,76.8,ft^3/s,Approved,[],2025-03-11T21:24:03.840047+00:00,f0d00c4983614291b938804a9df6b127
2004-04-12,86.4,86.4,ft^3/s,Approved,[],2025-03-11T21:24:03.840047+00:00,f0d00c4983614291b938804a9df6b127
2004-04-13,84.9,84.9,ft^3/s,Approved,[],2025-03-11T21:24:03.840047+00:00,f0d00c4983614291b938804a9df6b127
2004-04-14,83.9,83.9,ft^3/s,Approved,[],2025-03-11T21:24:03.840047+00:00,f0d00c4983614291b938804a9df6b127
2004-04-15,82.7,82.7,ft^3/s,Approved,[],2025-03-11T21:24:03.840047+00:00,f0d00c4983614291b938804a9df6b127
2004-04-16,82.2,82.2,ft^3/s,Approved,[],2025-03-11T21:24:03.840047+00:00,f0d00c4983614291b938804a9df6b127
2004-04-17,80.5,80.5,ft^3/s,Approved,[],2025-03-11T21:24:03.840047+00:00,f0d00c4983614291b938804a9df6b127
2004-04-18,78.8,78.8,ft^3/s,Approved,[],2025-03-11T21:24:03.840047+00:00,f0d00c4983614291b938804a9df6b127
2004-04-19,76.4,76.4,ft^3/s,Approved,[],2025-03-11T21:24:03.840047+00:00,f0d00c4983614291b938804a9df6b127
2004-04-20,75.2,75.2,ft^3/s,Approved,[],2025-03-11T21:24:03.840047+00:00,f0d00c4983614291b938804a9df6b127
2004-04-21,74.6,74.6,ft^3/s,Approved,[],2025-03-11T21:24:03.840047+00:00,f0d00c4983614291b938804a9df6b127
2004-04-22,73.9,73.9,ft^3/s,Approved,[],2025-03-11T21:24:03.840047+00:00,f0d00c4983614291b938804a9df6b127
2004-04-23,72.6,72.6,ft^3/s,Approved,[],2025-03-11T21:24:03.840047+00:00,f0d00c4983614291b938804a9df6b127
2004-04-24,77.1,77.1,ft^3/s,Approved,[],2025-03-11T21:24:03.840047+00:00,f0d00c4983614291b938804a9df6b127
2004-04-25,82.2,82.2,ft^3/s,Approved,[],2025-03-11T21:24:03.840047+00:00,f0d00c4983614291b938804a9df6b127
2004-04-26,81.6,81.6,ft^3/s,Approved,[],2025-03-11T21:24:03.840047+00:00,f0d00c4983614291b938804a9df6b127
2004-04-27,85.2,85.2,ft^3/s,Approved,[],2025-03-11T21:24:03.840047+00:00,f0d00c4983614291b938804a9df6b127
2004-04-28,85.0,85.0,ft^3/s,Approved,[],2025-03-11T21:24:03.840047+00:00,f0d00c4983614291b938804a9df6b127
2004-04-29,84.5,84.5,ft^3/s,Approved,[],2025-03-11T21:24:03.840047+00:00,f0d00c4983614291b938804a9df6b127
2004-04-30,85.1,85.1,ft^3/s,Approved,[],2025-03-11T21:24:03.840047+00:00,f0d00c4983614291b938804a9df6b127
2004-05-01,84.3,84.3,ft^3/s,Approved,[],2025-03-11T21:24:03.840047+00:00,f0d00c4983614291b938804a9df6b127
2004-05-02,84.6,84.6,ft^3/s,Approved,[],2025-03-11T21:24:03.840047+00:00,f0d00c4983614291b938804a9df6b127
2004-05-03,84.7,84.7,ft^3/s,Approved,[],2025-03-11T21:24:03.840047+00:00,f0d00c4983614291b938804a9df6b127
2004-05-04,84.4,84.4,ft^3/s,Approved,[],2025-03-11T21:24:03.840047+00:00,f0d00c4983614291b938804a9df6b127
2004-05-05,84.2,84.2,ft^3/s,Approved,[],2025-03-11T21:24:03.840047+00:00,f0d00c4983614291b938804a9df6b127
2004-05-06,83.9,83.9,ft^3/s,Approved,[],2025-03-11T21:24:03.840047+00:00,f0d00c4983614291b938804a9df6b127
2004-05-07,84.5,84.5,ft^3/s,Approved,[],2025-03-11T21:24:03.840047+00:00,f0d00c4983614291b938804a9df6b127
2004-05-08,84.4,84.4,ft^3/s,Approved,[],2025-03-11T21:24:03.840047+00:00,f0d00c4983614291b938804a9df6b127
2004-05-09,84.0,84.0,ft^3/s,Approved,[],2025-03-11T21:24:03.840047+00:00,f0d00c4983614291b938804a9df6b127
2004-05-10,83.4,83.4,ft^3/s,Approved,[],2025-03-11T21:24:03.840047+00:00,f0d00c4983614291b938804a9df6b127
2004-05-11,82.7,82.7,ft^3/s,Approved,[],2025-03-11T21:24:03.840047+00:00,f0d00c4983614291b938804a9df6b127
2004-05-12,81.9,81.9,ft^3/s,Approved,[],2025-03-11T21:24:03.840047+00:00,f0d00c4983614291b938804a9df6b127
2004-05-13,81.4,81.4,ft^3/s,Approved,[],2025-03-11T21:24:03.840047+00:00,f0d00c4983614291b938804a9df6b127
2004-05-14,83.8,83.8,ft^3/s,Approved,[],2025-03-11T21:24:03.840047+00:00,f0d00c4983614291b938804a9df6b127
2004-05-15,83.5,83.5,ft^3/s,Approved,[],2025-03-11T21:24:03.840047+00:00,f0d00c4983614291b938804a9df6b127
2004-05-16,82.8,82.8,ft^3/s,Approved,[],2025-03-11T21:24:03.840047+00:00,f0d00c4983614291b938804a9df6b127
2004-05-17,82.1,82.1,ft^3/s,Approved,[],2025-03-11T21:24:03.840047+00:00,f0d00c4983614291b938804a9df6b127
2004-05-18,81.3,81.3,ft^3/s,Approved,[],2025-03-11T21:24:03.840047+00:00,f0d00c4983614291b938804a9df6b127
2004-05-19,80.9,80.9,ft^3/s,Approved,[],2025-03-11T21:24:03.840047+00:00,f0d00c4983614291b938804a9df6b127
2004-05-20,76.9,76.9,ft^3/s,Approved,[],2025-03-11T21:24:03.840047+00:00,f0d00c4983614291b938804a9df6b127
2004-05-21,75.3,75.3,ft^3/s,Approved,[],2025-03-11T21:24:03.840047+00:00,f0d00c4983614291b938804a9df6b127
2004-05-22,75.0,75.0,ft^3/s,Approved,[],2025-03-11T21:24:03.840047+00:00,f0d00c4983614291b938804a9df6b127
2004-05-23,74.6,74.6,ft^3/s,Approved,[],2025-03-11T21:24:03.840047+00:00,f0d00c4983614291b938804a9df6b127
2004-05-24,73.9,73.9,ft^3/s,Approved,[],2025-03-11T21:24:03.840047+00:00,f0d00c4983614291b938804a9df6b127
2004-05-25,73.2,73.2,ft^3/s,Approved,[],2025-03-11T21:24:03.840047+00:00,f0d00c4983614291b938804a9df6b127
2004-05-26,72.6,72.6,ft^3/s,Approved,[],2025-03-11T21:24:03.840047+00:00,f0d00c4983614291b938804a9df6b127
2004-05-27,72.1,72.1,ft^3/s,Approved,[],2025-03-11T21:24:03.840047+00:00,f0d00c4983614291b938804a9df6b127
2004-05-28,71.9,71.9,ft^3/s,Approved,[],2025-03-11T21:24:03.840047+00:00,f0d00c4983614291b938804a9df6b127
2004-05-29,71.4,71.4,ft^3/s,Approved,[],2025-03-11T21:24:03.840047+00:00,f0d00c4983614291b938804a9df6b127
2004-05-30,70.9,70.9,ft^3/s,Approved,[],2025-03-11T21:24:03.840047+00:00,f0d00c4983614291b938804a9df6b127
2004-05-31,69.8,69.8,ft^3/s,Approved,[],2025-03-11T21:24:03.840047+00:00,f0d00c4983614291b938804a9df6b127
2004-06-01,68.5,68.5,ft^3/s,Approved,[],2025-03-11T21:24:03.840047+00:00,f0d00c4983614291b938804a9df6b127
2004-06-02,66.8,66.8,ft^3/s,Approved,[],2025-03-11T21:24:03.840047+00:00,f0d00c4983614291b938804a9df6b127
2004-06-03,65.1,65.1,ft^3/s,Approved,[],2025-03-11T21:24:03.840047+00:00,f0d00c4983614291b938804a9df6b127
2004-06-04,64.4,64.4,ft^3/s,Approved,[],2025-03-11T21:24:03.840047+00:00,f0d00c4983614291b938804a9df6b127
2004-06-05,65.1,65.1,ft^3/s,Approved,[],2025-03-11T21:24:03.840047+00:00,f0d00c4983614291b938804a9df6b127
2004-06-06,64.9,64.9,ft^3/s,Approved,[],2025-03-11T21:24:03.840047+00:00,f0d00c4983614291b938804a9df6b127
2004-06-07,63.8,63.8,ft^3/s,Approved,[],2025-03-11T21:24:03.840047+00:00,f0d00c4983614291b938804a9df6b127
2004-06-08,63.4,63.4,ft^3/s,Approved,[],2025-03-11T21:24:03.840047+00:00,f0d00c4983614291b938804a9df6b127
2004-06-09,81.5,81.5,ft^3/s,Approved,[],2025-03-11T21:24:03.840047+00:00,f0d00c4983614291b938804a9df6b127
2004-06-10,120.0,120,ft^3/s,Approved,[],2025-03-11T21:24:03.840047+00:00,f0d00c4983614291b938804a9df6b127
2004-06-11,110.0,110,ft^3/s,Approved,[],2025-03-11T21:24:03.840047+00:00,f0d00c4983614291b938804a9df6b127
2004-06-12,102.0,102,ft^3/s,Approved,[],2025-03-11T21:24:03.840047+00:00,f0d00c4983614291b938804a9df6b127
2004-06-13,95.9,95.9,ft^3/s,Approved,[],2025-03-11T21:24:03.840047+00:00,f0d00c4983614291b938804a9df6b127
2004-06-14,92.4,92.4,ft^3/s,Approved,[],2025-03-11T21:24:03.840047+00:00,f0d00c4983614291b938804a9df6b127
2004-06-15,89.9,89.9,ft^3/s,Approved,[],2025-03-11T21:24:03.840047+00:00,f0d00c4983614291b938804a9df6b127
2004-06-16,89.0,89.0,ft^3/s,Approved,[],2025-03-11T21:24:03.840047+00:00,f0d00c4983614291b938804a9df6b127
2004-06-17,87.6,87.6,ft^3/s,Approved,[],2025-03-11T21:24:03.840047+00:00,f0d00c4983614291b938804a9df6b127
2004-06-18,86.7,86.7,ft^3/s,Approved,[],2025-03-11T21:24:03.840047+00:00,f0d00c4983614291b938804a9df6b127
2004-06-19,85.8,85.8,ft^3/s,Approved,[],2025-03-11T21:24:03.840047+00:00,f0d00c4983614291b938804a9df6b127
2004-06-20,84.8,84.8,ft^3/s,Approved,[],2025-03-11T21:24:03.840047+00:00,f0d00c4983614291b938804a9df6b127
2004-06-21,84.1,84.1,ft^3/s,Approved,[],2025-03-11T21:24:03.840047+00:00,f0d00c4983614291b938804a9df6b127
2004-06-22,84.6,84.6,ft^3/s,Approved,[],2025-03-11T21:24:03.840047+00:00,f0d00c4983614291b938804a9df6b127
2004-06-23,84.1,84.1,ft^3/s,Approved,[],2025-03-11T21:24:03.840047+00:00,f0d00c4983614291b938804a9df6b127
2004-06-24,83.9,83.9,ft^3/s,Approved,[],2025-03-11T21:24:03.840047+00:00,f0d00c4983614291b938804a9df6b127
2004-06-25,84.2,84.2,ft^3/s,Approved,[],2025-03-11T21:24:03.840047+00:00,f0d00c4983614291b938804a9df6b127
2004-06-26,84.4,84.4,ft^3/s,Approved,[],2025-03-11T21:24:03.840047+00:00,f0d00c4983614291b938804a9df6b127
2004-06-27,84.2,84.2,ft^3/s,Approved,[],2025-03-11T21:24:03.840047+00:00,f0d00c4983614291b938804a9df6b127
2004-06-28,90.2,90.2,ft^3/s,Approved,[],2025-03-11T21:24:03.840047+00:00,f0d00c4983614291b938804a9df6b127
2004-06-29,92.4,92.4,ft^3/s,Approved,[],2025-03-11T21:24:03.840047+00:00,f0d00c4983614291b938804a9df6b127
2004-06-30,105.0,105,ft^3/s,Approved,[],2025-03-11T21:24:03.840047+00:00,f0d00c4983614291b938804a9df6b127
2004-07-01,108.0,108,ft^3/s,Approved,[],2025-03-11T21:24:03.840047+00:00,f0d00c4983614291b938804a9df6b127
2004-07-02,102.0,102,ft^3/s,Approved,[],2025-03-11T21:24:03.840047+00:00,f0d00c4983614291b938804a9df6b127
2004-07-03,98.3,98.3,ft^3/s,Approved,[],2025-03-11T21:24:03.840047+00:00,f0d00c4983614291b938804a9df6b127
2004-07-04,96.3,96.3,ft^3/s,Approved,[],2025-03-11T21:24:03.840047+00:00,f0d00c4983614291b938804a9df6b127
2004-07-05,94.2,94.2,ft^3/s,Approved,[],2025-03-11T21:24:03.840047+00:00,f0d00c4983614291b938804a9df6b127
2004-07-06,93.3,93.3,ft^3/s,Approved,[],2025-03-11T21:24:03.840047+00:00,f0d00c4983614291b938804a9df6b127
2004-07-07,93.1,93.1,ft^3/s,Approved,[],2025-03-11T21:24:03.840047+00:00,f0d00c4983614291b938804a9df6b127
2004-07-08,92.7,92.7,ft^3/s,Approved,[],2025-03-11T21:24:03.840047+00:00,f0d00c4983614291b938804a9df6b127
2004-07-09,92.7,92.7,ft^3/s,Approved,[],2025-03-11T21:24:03.840047+00:00,f0d00c4983614291b938804a9df6b127
2004-07-10,91.9,91.9,ft^3/s,Approved,[],2025-03-11T21:24:03.840047+00:00,f0d00c4983614291b938804a9df6b127
2004-07-11,91.7,91.7,ft^3/s,Approved,[],2025-03-11T21:24:03.840047+00:00,f0d00c4983614291b938804a9df6b127
2004-07-12,91.0,91.0,ft^3/s,Approved,[],2025-03-11T21:24:03.840047+00:00,f0d00c4983614291b938804a9df6b127
2004-07-13,90.7,90.7,ft^3/s,Approved,[],2025-03-11T21:24:03.840047+00:00,f0d00c4983614291b938804a9df6b127
2004-07-14,90.3,90.3,ft^3/s,Approved,[],2025-03-11T21:24:03.840047+00:00,f0d00c4983614291b938804a9df6b127
2004-07-15,90.1,90.1,ft^3/s,Approved,[],2025-03-11T21:24:03.840047+00:00,f0d00c4983614291b938804a9df6b127
2004-07-16,89.6,89.6,ft^3/s,Approved,[],2025-03-11T21:24:03.840047+00:00,f0d00c4983614291b938804a9df6b127
2004-07-17,89.0,89.0,ft^3/s,Approved,[],2025-03-11T21:24:03.840047+00:00,f0d00c4983614291b938804a9df6b127
2004-07-18,90.8,90.8,ft^3/s,Approved,[],2025-03-11T21:24:03.840047+00:00,f0d00c4983614291b938804a9df6b127
2004-07-19,90.6,90.6,ft^3/s,Approved,[],2025-03-11T21:24:03.840047+00:00,f0d00c4983614291b938804a9df6b127
2004-07-20,90.5,90.5,ft^3/s,Approved,[],2025-03-11T21:24:03.840047+00:00,f0d00c4983614291b938804a9df6b127
2004-07-21,90.6,90.6,ft^3/s,Approved,[],2025-03-11T21:24:03.840047+00:00,f0d00c4983614291b938804a9df6b127
2004-07-22,90.4,90.4,ft^3/s,Approved,[],2025-03-11T21:24:03.840047+00:00,f0d00c4983614291b938804a9df6b127
2004-07-23,90.5,90.5,ft^3/s,Approved,[],2025-03-11T21:24:03.840047+00:00,f0d00c4983614291b938804a9df6b127
2004-07-24,90.0,90.0,ft^3/s,Approved,[],2025-03-11T21:24:03.840047+00:00,f0d00c4983614291b938804a9df6b127
2004-07-25,89.7,89.7,ft^3/s,Approved,[],2025-03-11T21:24:03.840047+00:00,f0d00c4983614291b938804a9df6b127
2004-07-26,90.0,90.0,ft^3/s,Approved,[],2025-03-11T21:24:03.840047+00:00,f0d00c4983614291b938804a9df6b127
2004-07-27,89.3,89.3,ft^3/s,Approved,[],2025-03-11T21:24:03.840047+00:00,f0d00c4983614291b938804a9df6b127
2004-07-28,88.8,88.8,ft^3/s,Approved,[],2025-03-11T21:24:03.840047+00:00,f0d00c4983614291b938804a9df6b127
2004-07-29,88.6,88.6,ft^3/s,Approved,[],2025-03-11T21:24:03.840047+00:00,f0d00c4983614291b938804a9df6b127
2004-07-30,88.1,88.1,ft^3/s,Approved,[],2025-03-11T21:24:03.840047+00:00,f0d00c4983614291b938804a9df6b127
2004-07-31,87.0,87.0,ft^3/s,Approved,[],2025-03-11T21:24:03.840047+00:00,f0d00c4983614291b938804a9df6b127
2004-08-01,86.1,86.1,ft^3/s,Approved,[],2025-03-11T21:24:03.840047+00:00,f0d00c4983614291b938804a9df6b127
2004-08-02,85.4,85.4,ft^3/s,Approved,[],2025-03-11T21:24:03.840047+00:00,f0d00c4983614291b938804a9df6b127
2004-08-03,84.5,84.5,ft^3/s,Approved,[],2025-03-11T21:24:03.840047+00:00,f0d00c4983614291b938804a9df6b127
2004-08-04,83.3,83.3,ft^3/s,Approved,[],2025-03-11T21:24:03.840047+00:00,f0d00c4983614291b938804a9df6b127
2004-08-05,82.4,82.4,ft^3/s,Approved,[],2025-03-11T21:24:03.840047+00:00,f0d00c4983614291b938804a9df6b127
2004-08-06,81.9,81.9,ft^3/s,Approved,[],2025-03-11T21:24:03.840047+00:00,f0d00c4983614291b938804a9df6b127
2004-08-07,81.6,81.6,ft^3/s,Approved,[],2025-03-11T21:24:03.840047+00:00,f0d00c4983614291b938804a9df6b127
2004-08-08,80.4,80.4,ft^3/s,Approved,[],2025-03-11T21:24:03.840047+00:00,f0d00c4983614291b938804a9df6b127
2004-08-09,80.5,80.5,ft^3/s,Approved,[],2025-03-11T21:24:03.840047+00:00,f0d00c4983614291b938804a9df6b127
2004-08-10,80.1,80.1,ft^3/s,Approved,[],2025-03-11T21:24:03.840047+00:00,f0d00c4983614291b938804a9df6b127
2004-08-11,79.6,79.6,ft^3/s,Approved,[],2025-03-11T21:24:03.840047+00:00,f0d00c4983614291b938804a9df6b127
2004-08-12,79.2,79.2,ft^3/s,Approved,[],2025-03-11T21:24:03.840047+00:00,f0d00c4983614291b938804a9df6b127
2004-08-13,78.6,78.6,ft^3/s,Approved,[],2025-03-11T21:24:03.840047+00:00,f0d00c4983614291b938804a9df6b127
2004-08-14,77.1,77.1,ft^3/s,Approved,[],2025-03-11T21:24:03.840047+00:00,f0d00c4983614291b938804a9df6b127
2004-08-15,76.3,76.3,ft^3/s,Approved,[],2025-03-11T21:24:03.840047+00:00,f0d00c4983614291b938804a9df6b127
2004-08-16,75.5,75.5,ft^3/s,Approved,[],2025-03-11T21:24:03.840047+00:00,f0d00c4983614291b938804a9df6b127
2004-08-17,75.2,75.2,ft^3/s,Approved,[],2025-03-11T21:24:03.840047+00:00,f0d00c4983614291b938804a9df6b127
2004-08-18,74.8,74.8,ft^3/s,Approved,[],2025-03-11T21:24:03.840047+00:00,f0d00c4983614291b938804a9df6b127
2004-08-19,74.9,74.9,ft^3/s,Approved,[],2025-03-11T21:24:03.840047+00:00,f0d00c4983614291b938804a9df6b127
2004-08-20,74.5,74.5,ft^3/s,Approved,[],2025-03-11T21:24:03.840047+00:00,f0d00c4983614291b938804a9df6b127
2004-08-21,74.4,74.4,ft^3/s,Approved,[],2025-03-11T21:24:03.840047+00:00,f0d00c4983614291b938804a9df6b127
2004-08-22,74.7,74.7,ft^3/s,Approved,[],2025-03-11T21:24:03.840047+00:00,f0d00c4983614291b938804a9df6b127
2004-08-23,75.1,75.1,ft^3/s,Approved,[],2025-03-11T21:24:03.840047+00:00,f0d00c4983614291b938804a9df6b127
2004-08-24,81.2,81.2,ft^3/s,Approved,[],2025-03-11T21:24:03.840047+00:00,f0d00c4983614291b938804a9df6b127
2004-08-25,81.8,81.8,ft^3/s,Approved,[],2025-03-11T21:24:03.840047+00:00,f0d00c4983614291b938804a9df6b127
2004-08-26,81.9,81.9,ft^3/s,Approved,[],2025-03-11T21:24:03.840047+00:00,f0d00c4983614291b938804a9df6b127
2004-08-27,81.8,81.8,ft^3/s,Approved,[],2025-03-11T21:24:03.840047+00:00,f0d00c4983614291b938804a9df6b127
2004-08-28,81.5,81.5,ft^3/s,Approved,[],2025-03-11T21:24:03.840047+00:00,f0d00c4983614291b938804a9df6b127
2004-08-29,81.6,81.6,ft^3/s,Approved,[],2025-03-11T21:24:03.840047+00:00,f0d00c4983614291b938804a9df6b127
2004-08-30,80.7,80.7,ft^3/s,Approved,[],2025-03-11T21:24:03.840047+00:00,f0d00c4983614291b938804a9df6b127
2004-08-31,79.9,79.9,ft^3/s,Approved,[],2025-03-11T21:24:03.840047+00:00,f0d00c4983614291b938804a9df6b127
2004-09-01,78.9,78.9,ft^3/s,Approved,[],2025-03-11T21:24:03.840047+00:00,f0d00c4983614291b938804a9df6b127
2004-09-02,78.3,78.3,ft^3/s,Approved,[],2025-03-11T21:24:03.840047+00:00,f0d00c4983614291b938804a9df6b127
2004-09-03,77.9,77.9,ft^3/s,Approved,[],2025-03-11T21:24:03.840047+00:00,f0d00c4983614291b938804a9df6b127
2004-09-04,77.0,77.0,ft^3/s,Approved,[],2025-03-11T21:24:03.840047+00:00,f0d00c4983614291b938804a9df6b127
2004-09-05,75.9,75.9,ft^3/s,Approved,[],2025-03-11T21:24:03.840047+00:00,f0d00c4983614291b938804a9df6b127
2004-09-06,76.7,76.7,ft^3/s,Approved,[],2025-03-11T21:24:03.840047+00:00,f0d00c4983614291b938804a9df6b127
2004-09-07,79.2,79.2,ft^3/s,Approved,[],2025-03-11T21:24:03.840047+00:00,f0d00c4983614291b938804a9df6b127
2004-09-08,77.8,77.8,ft^3/s,Approved,[],2025-03-11T21:24:03.840047+00:00,f0d00c4983614291b938804a9df6b127
2004-09-09,77.0,77.0,ft^3/s,Approved,[],2025-03-11T21:24:03.840047+00:00,f0d00c4983614291b938804a9df6b127
2004-09-10,75.7,75.7,ft^3/s,Approved,[],2025-03-11T21:24:03.840047+00:00,f0d00c4983614291b938804a9df6b127
2004-09-11,75.0,75.0,ft^3/s,Approved,[],2025-03-11T21:24:03.840047+00:00,f0d00c4983614291b938804a9df6b127
2004-09-12,74.6,74.6,ft^3/s,Approved,[],2025-03-11T21:24:03.840047+00:00,f0d00c4983614291b938804a9df6b127
2004-09-13,73.3,73.3,ft^3/s,Approved,[],2025-03-11T21:24:03.840047+00:00,f0d00c4983614291b938804a9df6b127
2004-09-14,72.0,72.0,ft^3/s,Approved,[],2025-03-11T21:24:03.840047+00:00,f0d00c4983614291b938804a9df6b127
2004-09-15,74.3,74.3,ft^3/s,Approved,[],2025-03-11T21:24:03.840047+00:00,f0d00c4983614291b938804a9df6b127
2004-09-16,78.2,78.2,ft^3/s,Approved,[],2025-03-11T21:24:03.840047+00:00,f0d00c4983614291b938804a9df6b127
2004-09-17,73.6,73.6,ft^3/s,Approved,[],2025-03-11T21:24:03.840047+00:00,f0d00c4983614291b938804a9df6b127
2004-09-18,71.9,71.9,ft^3/s,Approved,[],2025-03-11T21:24:03.840047+00:00,f0d00c4983614291b938804a9df6b127
2004-09-19,71.5,71.5,ft^3/s,Approved,[],2025-03-11T21:24:03.840047+00:00,f0d00c4983614291b938804a9df6b127
2004-09-20,71.2,71.2,ft^3/s,Approved,[],2025-03-11T21:24:03.840047+00:00,f0d00c4983614291b938804a9df6b127
2004-09-21,70.5,70.5,ft^3/s,Approved,[],2025-03-11T21:24:03.840047+00:00,f0d00c4983614291b938804a9df6b127
2004-09-22,69.7,69.7,ft^3/s,Approved,[],2025-03-11T21:24:03.840047+00:00,f0d00c4983614291b938804a9df6b127
2004-09-23,68.8,68.8,ft^3/s,Approved,[],2025-03-11T21:24:03.840047+00:00,f0d00c4983614291b938804a9df6b127
2004-09-24,68.2,68.2,ft^3/s,Approved,[],2025-03-11T21:24:03.840047+00:00,f0d00c4983614291b938804a9df6b127
2004-09-25,67.8,67.8,ft^3/s,Approved,[],2025-03-11T21:24:03.840047+00:00,f0d00c4983614291b938804a9df6b127
2004-09-26,66.8,66.8,ft^3/s,Approved,[],2025-03-11T21:24:03.840047+00:00,f0d00c4983614291b938804a9df6b127
2004-09-27,66.6,66.6,ft^3/s,Approved,[],2025-03-11T21:24:03.840047+00:00,f0d00c4983614291b938804a9df6b127
2004-09-28,66.1,66.1,ft^3/s,Approved,[],2025-03-11T21:24:03.840047+00:00,f0d00c4983614291b938804a9df6b127
2004-09-29,65.6,65.6,ft^3/s,Approved,[],2025-03-11T21:24:03.840047+00:00,f0d00c4983614291b938804a9df6b127
2004-09-30,65.1,65.1,ft^3/s,Approved,[],2025-03-11T21:24:03.840047+00:00,f0d00c4983614291b938804a9df6b127
2004-10-01,64.8,64.8,ft^3/s,Approved,[],2025-03-11T21:24:03.840047+00:00,f0d00c4983614291b938804a9df6b127
2004-10-02,85.4,85.4,ft^3/s,Approved,[],2025-03-11T21:24:03.840047+00:00,f0d00c4983614291b938804a9df6b127
2004-10-03,101.0,101,ft^3/s,Approved,[],2025-03-11T21:24:03.840047+00:00,f0d00c4983614291b938804a9df6b127
2004-10-04,92.4,92.4,ft^3/s,Approved,[],2025-03-11T21:24:03.840047+00:00,f0d00c4983614291b938804a9df6b127
2004-10-05,86.8,86.8,ft^3/s,Approved,[],2025-03-11T21:24:03.840047+00:00,f0d00c4983614291b938804a9df6b127
2004-10-06,83.9,83.9,ft^3/s,Approved,[],2025-03-11T21:24:03.840047+00:00,f0d00c4983614291b938804a9df6b127
2004-10-07,82.3,82.3,ft^3/s,Approved,[],2025-03-11T21:24:03.840047+00:00,f0d00c4983614291b938804a9df6b127
2004-10-08,81.3,81.3,ft^3/s,Approved,[],2025-03-11T21:24:03.840047+00:00,f0d00c4983614291b938804a9df6b127
2004-10-09,81.2,81.2,ft^3/s,Approved,[],2025-03-11T21:24:03.840047+00:00,f0d00c4983614291b938804a9df6b127
2004-10-10,81.0,81.0,ft^3/s,Approved,[],2025-03-11T21:24:03.840047+00:00,f0d00c4983614291b938804a9df6b127
2004-10-11,80.3,80.3,ft^3/s,Approved,[],2025-03-11T21:24:03.840047+00:00,f0d00c4983614291b938804a9df6b127
2004-10-12,81.4,81.4,ft^3/s,Approved,[],2025-03-11T21:24:03.840047+00:00,f0d00c4983614291b938804a9df6b127
2004-10-13,81.2,81.2,ft^3/s,Approved,[],2025-03-11T21:24:03.840047+00:00,f0d00c4983614291b938804a9df6b127
2004-10-14,81.2,81.2,ft^3/s,Approved,[],2025-03-11T21:24:03.840047+00:00,f0d00c4983614291b938804a9df6b127
2004-10-15,81.0,81.0,ft^3/s,Approved,[],2025-03-11T21:24:03.840047+00:00,f0d00c4983614291b938804a9df6b127
2004-10-16,80.0,80.0,ft^3/s,Approved,[],2025-03-11T21:24:03.840047+00:00,f0d00c4983614291b938804a9df6b127
2004-10-17,78.3,78.3,ft^3/s,Approved,[],2025-03-11T21:24:03.840047+00:00,f0d00c4983614291b938804a9df6b127
2004-10-18,77.1,77.1,ft^3/s,Approved,[],2025-03-11T21:24:03.840047+00:00,f0d00c4983614291b938804a9df6b127
2004-10-19,76.2,76.2,ft^3/s,Approved,[],2025-03-11T21:24:03.840047+00:00,f0d00c4983614291b938804a9df6b127
2004-10-20,76.4,76.4,ft^3/s,Approved,[],2025-03-11T21:24:03.840047+00:00,f0d00c4983614291b938804a9df6b127
2004-10-21,76.0,76.0,ft^3/s,Approved,[],2025-03-11T21:24:03.840047+00:00,f0d00c4983614291b938804a9df6b127
2004-10-22,75.1,75.1,ft^3/s,Approved,[],2025-03-11T21:24:03.840047+00:00,f0d00c4983614291b938804a9df6b127
2004-10-23,85.7,85.7,ft^3/s,Approved,[],2025-03-11T21:24:03.840047+00:00,f0d00c4983614291b938804a9df6b127
2004-10-24,92.8,92.8,ft^3/s,Approved,[],2025-03-11T21:24:03.840047+00:00,f0d00c4983614291b938804a9df6b127
2004-10-25,98.6,98.6,ft^3/s,Approved,[],2025-03-11T21:24:03.840047+00:00,f0d00c4983614291b938804a9df6b127
2004-10-26,96.2,96.2,ft^3/s,Approved,[],2025-03-11T21:24:03.840047+00:00,f0d00c4983614291b938804a9df6b127
2004-10-27,92.9,92.9,ft^3/s,Approved,[],2025-03-11T21:24:03.840047+00:00,f0d00c4983614291b938804a9df6b127
2004-10-28,90.7,90.7,ft^3/s,Approved,[],2025-03-11T21:24:03.840047+00:00,f0d00c4983614291b938804a9df6b127
2004-10-29,90.1,90.1,ft^3/s,Approved,[],2025-03-11T21:24:03.840047+00:00,f0d00c4983614291b938804a9df6b127
2004-10-30,89.2,89.2,ft^3/s,Approved,[],2025-03-11T21:24:03.840047+00:00,f0d00c4983614291b938804a9df6b127
2004-10-31,88.1,88.1,ft^3/s,Approved,[],2025-03-11T21:24:03.840047+00:00,f0d00c4983614291b938804a9df6b127
2004-11-01,104.0,104,ft^3/s,Approved,[],2025-03-11T21:24:03.840047+00:00,f0d00c4983614291b938804a9df6b127
2004-11-02,110.0,110,ft^3/s,Approved,[],2025-03-11T21:24:03.840047+00:00,f0d00c4983614291b938804a9df6b127
2004-11-03,106.0,106,ft^3/s,Approved,[],2025-03-11T21:24:03.840047+00:00,f0d00c4983614291b938804a9df6b127
2004-11-04,102.0,102,ft^3/s,Approved,[],2025-03-11T21:24:03.840047+00:00,f0d00c4983614291b938804a9df6b127
2004-11-05,98.6,98.6,ft^3/s,Approved,[],2025-03-11T21:24:03.840047+00:00,f0d00c4983614291b938804a9df6b127
2004-11-06,97.8,97.8,ft^3/s,Approved,[],2025-03-11T21:24:03.840047+00:00,f0d00c4983614291b938804a9df6b127
2004-11-07,95.8,95.8,ft^3/s,Approved,[],2025-03-11T21:24:03.840047+00:00,f0d00c4983614291b938804a9df6b127
2004-11-08,93.9,93.9,ft^3/s,Approved,[],2025-03-11T21:24:03.840047+00:00,f0d00c4983614291b938804a9df6b127
2004-11-09,92.2,92.2,ft^3/s,Approved,[],2025-03-11T21:24:03.840047+00:00,f0d00c4983614291b938804a9df6b127
2004-11-10,90.4,90.4,ft^3/s,Approved,[],2025-03-11T21:24:03.840047+00:00,f0d00c4983614291b938804a9df6b127
2004-11-11,88.7,88.7,ft^3/s,Approved,[],2025-03-11T21:24:03.840047+00:00,f0d00c4983614291b938804a9df6b127
2004-11-12,88.1,88.1,ft^3/s,Approved,[],2025-03-11T21:24:03.840047+00:00,f0d00c4983614291b938804a9df6b127
2004-11-13,86.7,86.7,ft^3/s,Approved,[],2025-03-11T21:24:03.840047+00:00,f0d00c4983614291b938804a9df6b127
2004-11-14,90.9,90.9,ft^3/s,Approved,[],2025-03-11T21:24:03.840047+00:00,f0d00c4983614291b938804a9df6b127
2004-11-15,102.0,102,ft^3/s,Approved,[],2025-03-11T21:24:03.840047+00:00,f0d00c4983614291b938804a9df6b127
2004-11-16,104.0,104,ft^3/s,Approved,[],2025-03-11T21:24:03.840047+00:00,f0d00c4983614291b938804a9df6b127
2004-11-17,128.0,128,ft^3/s,Approved,[],2025-03-11T21:24:03.840047+00:00,f0d00c4983614291b938804a9df6b127
2004-11-18,133.0,133,ft^3/s,Approved,[],2025-03-11T21:24:03.840047+00:00,f0d00c4983614291b938804a9df6b127
2004-11-19,126.0,126,ft^3/s,Approved,[],2025-03-11T21:24:03.840047+00:00,f0d00c4983614291b938804a9df6b127
2004-11-20,122.0,122,ft^3/s,Approved,[],2025-03-11T21:24:03.840047+00:00,f0d00c4983614291b938804a9df6b127
2004-11-21,116.0,116,ft^3/s,Approved,[],2025-03-11T21:24:03.840047+00:00,f0d00c4983614291b938804a9df6b127
2004-11-22,134.0,134,ft^3/s,Approved,[],2025-03-11T21:24:03.840047+00:00,f0d00c4983614291b938804a9df6b127
2004-11-23,148.0,148,ft^3/s,Approved,[],2025-03-11T21:24:03.840047+00:00,f0d00c4983614291b938804a9df6b127
2004-11-24,148.0,148,ft^3/s,Approved,[],2025-03-11T21:24:03.840047+00:00,f0d00c4983614291b938804a9df6b127
2004-11-25,146.0,146,ft^3/s,Approved,[],2025-03-11T21:24:03.840047+00:00,f0d00c4983614291b938804a9df6b127
2004-11-26,145.0,145,ft^3/s,Approved,[],2025-03-11T21:24:03.840047+00:00,f0d00c4983614291b938804a9df6b127
2004-11-27,142.0,142,ft^3/s,Approved,[],2025-03-11T21:24:03.840047+00:00,f0d00c4983614291b938804a9df6b127
2004-11-28,139.0,139,ft^3/s,Approved,[],2025-03-11T21:24:03.840047+00:00,f0d00c4983614291b938804a9df6b127
2004-11-29,133.0,133,ft^3/s,Approved,[],2025-03-11T21:24:03.840047+00:00,f0d00c4983614291b938804a9df6b127
2004-11-30,130.0,130,ft^3/s,Approved,[],2025-03-11T21:24:03.840047+00:00,f0d00c4983614291b938804a9df6b127
2004-12-01,126.0,126,ft^3/s,Approved,[],2025-03-11T21:24:03.840047+00:00,f0d00c4983614291b938804a9df6b127
2004-12-02,123.0,123,ft^3/s,Approved,[],2025-03-11T21:24:03.840047+00:00,f0d00c4983614291b938804a9df6b127
2004-12-03,121.0,121,ft^3/s,Approved,[],2025-03-11T21:24:03.840047+00:00,f0d00c4983614291b938804a9df6b127
2004-12-04,118.0,118,ft^3/s,Approved,[],2025-03-11T21:24:03.840047+00:00,f0d00c4983614291b938804a9df6b127
2004-12-05,116.0,116,ft^3/s,Approved,[],2025-03-11T21:24:03.840047+00:00,f0d00c4983614291b938804a9df6b127
2004-12-06,114.0,114,ft^3/s,Approved,[],2025-03-11T21:24:03.840047+00:00,f0d00c4983614291b938804a9df6b127
2004-12-07,113.0,113,ft^3/s,Approved,[],2025-03-11T21:24:03.840047+00:00,f0d00c4983614291b938804a9df6b127
2004-12-08,112.0,112,ft^3/s,Approved,[],2025-03-11T21:24:03.840047+00:00,f0d00c4983614291b938804a9df6b127
2004-12-09,110.0,110,ft^3/s,Approved,[],2025-03-11T21:24:03.840047+00:00,f0d00c4983614291b938804a9df6b127
2004-12-10,109.0,109,ft^3/s,Approved,[],2025-03-11T21:24:03.840047+00:00,f0d00c4983614291b938804a9df6b127
2004-12-11,108.0,108,ft^3/s,Approved,[],2025-03-11T21:24:03.840047+00:00,f0d00c4983614291b938804a9df6b127
2004-12-12,107.0,107,ft^3/s,Approved,[],2025-03-11T21:24:03.840047+00:00,f0d00c4983614291b938804a9df6b127
2004-12-13,105.0,105,ft^3/s,Approved,[],2025-03-11T21:24:03.840047+00:00,f0d00c4983614291b938804a9df6b127
2004-12-14,104.0,104,ft^3/s,Approved,[],2025-03-11T21:24:03.840047+00:00,f0d00c4983614291b938804a9df6b127
2004-12-15,103.0,103,ft^3/s,Approved,[],2025-03-11T21:24:03.840047+00:00,f0d00c4983614291b938804a9df6b127
2004-12-16,102.0,102,ft^3/s,Approved,[],2025-03-11T21:24:03.840047+00:00,f0d00c4983614291b938804a9df6b127
2004-12-17,102.0,102,ft^3/s,Approved,[],2025-03-11T21:24:03.840047+00:00,f0d00c4983614291b938804a9df6b127
2004-12-18,100.0,100,ft^3/s,Approved,[],2025-03-11T21:24:03.840047+00:00,f0d00c4983614291b938804a9df6b127
2004-12-19,98.7,98.7,ft^3/s,Approved,[],2025-03-11T21:24:03.840047+00:00,f0d00c4983614291b938804a9df6b127
2004-12-20,98.3,98.3,ft^3/s,Approved,[],2025-03-11T21:24:03.840047+00:00,f0d00c4983614291b938804a9df6b127
2004-12-21,97.8,97.8,ft^3/s,Approved,[],2025-03-11T21:24:03.840047+00:00,f0d00c4983614291b938804a9df6b127
2004-12-22,97.2,97.2,ft^3/s,Approved,[],2025-03-11T21:24:03.840047+00:00,f0d00c4983614291b938804a9df6b127
2004-12-23,96.5,96.5,ft^3/s,Approved,[],2025-03-11T21:24:03.840047+00:00,f0d00c4983614291b938804a9df6b127
2004-12-24,95.9,95.9,ft^3/s,Approved,[],2025-03-11T21:24:03.840047+00:00,f0d00c4983614291b938804a9df6b127
2004-12-25,97.3,97.3,ft^3/s,Approved,[],2025-03-11T21:24:03.840047+00:00,f0d00c4983614291b938804a9df6b127
2004-12-26,96.3,96.3,ft^3/s,Approved,[],2025-03-11T21:24:03.840047+00:00,f0d00c4983614291b938804a9df6b127
2004-12-27,96.1,96.1,ft^3/s,Approved,[],2025-03-11T21:24:03.840047+00:00,f0d00c4983614291b938804a9df6b127
2004-12-28,95.9,95.9,ft^3/s,Approved,[],2025-03-11T21:24:03.840047+00:00,f0d00c4983614291b938804a9df6b127
2004-12-29,96.0,96.0,ft^3/s,Approved,[],2025-03-11T21:24:03.840047+00:00,f0d00c4983614291b938804a9df6b127
2004-12-30,95.1,95.1,ft^3/s,Approved,[],2025-03-11T21:24:03.840047+00:00,f0d00c4983614291b938804a9df6b127
2004-12-31,94.9,94.9,ft^3/s,Approved,[],2025-03-11T21:24:03.840047+00:00,f0d00c4983614291b938804a9df6b127
2005-01-01,94.8,94.8,ft^3/s,Approved,[],2025-03-11T21:24:03.840047+00:00,f0d00c4983614291b938804a9df6b127
2005-01-02,94.3,94.3,ft^3/s,Approved,[],2025-03-11T21:24:03.840047+00:00,f0d00c4983614291b938804a9df6b127
2005-01-03,93.9,93.9,ft^3/s,Approved,[],2025-03-11T21:24:03.840047+00:00,f0d00c4983614291b938804a9df6b127
2005-01-04,93.6,93.6,ft^3/s,Approved,[],2025-03-11T21:24:03.840047+00:00,f0d00c4983614291b938804a9df6b127
2005-01-05,93.0,93.0,ft^3/s,Approved,[],2025-03-11T21:24:03.840047+00:00,f0d00c4983614291b938804a9df6b127
2005-01-06,92.8,92.8,ft^3/s,Approved,[],2025-03-11T21:24:03.840047+00:00,f0d00c4983614291b938804a9df6b127
2005-01-07,91.8,91.8,ft^3/s,Approved,[],2025-03-11T21:24:03.840047+00:00,f0d00c4983614291b938804a9df6b127
2005-01-08,90.8,90.8,ft^3/s,Approved,[],2025-03-11T21:24:03.840047+00:00,f0d00c4983614291b938804a9df6b127
2005-01-09,90.6,90.6,ft^3/s,Approved,[],2025-03-11T21:24:03.840047+00:00,f0d00c4983614291b938804a9df6b127
2005-01-10,90.0,90.0,ft^3/s,Approved,[],2025-03-11T21:24:03.840047+00:00,f0d00c4983614291b938804a9df6b127
2005-01-11,90.1,90.1,ft^3/s,Approved,[],2025-03-11T21:24:03.840047+00:00,f0d00c4983614291b938804a9df6b127
2005-01-12,89.8,89.8,ft^3/s,Approved,[],2025-03-11T21:24:03.840047+00:00,f0d00c4983614291b938804a9df6b127
2005-01-13,89.8,89.8,ft^3/s,Approved,[],2025-03-11T21:24:03.840047+00:00,f0d00c4983614291b938804a9df6b127
2005-01-14,88.9,88.9,ft^3/s,Approved,[],2025-03-11T21:24:03.840047+00:00,f0d00c4983614291b938804a9df6b127
2005-01-15,88.5,88.5,ft^3/s,Approved,[],2025-03-11T21:24:03.840047+00:00,f0d00c4983614291b938804a9df6b127
2005-01-16,88.4,88.4,ft^3/s,Approved,[],2025-03-11T21:24:03.840047+00:00,f0d00c4983614291b938804a9df6b127
2005-01-17,89.6,89.6,ft^3/s,Approved,[],2025-03-11T21:24:03.840047+00:00,f0d00c4983614291b938804a9df6b127
2005-01-18,89.2,89.2,ft^3/s,Approved,[],2025-03-11T21:24:03.840047+00:00,f0d00c4983614291b938804a9df6b127
2005-01-19,89.0,89.0,ft^3/s,Approved,[],2025-03-11T21:24:03.840047+00:00,f0d00c4983614291b938804a9df6b127
2005-01-20,88.5,88.5,ft^3/s,Approved,[],2025-03-11T21:24:03.840047+00:00,f0d00c4983614291b938804a9df6b127
2005-01-21,88.4,88.4,ft^3/s,Approved,[],2025-03-11T21:24:03.840047+00:00,f0d00c4983614291b938804a9df6b127
2005-01-22,87.7,87.7,ft^3/s,Approved,[],2025-03-11T21:24:03.840047+00:00,f0d00c4983614291b938804a9df6b127
2005-01-23,87.6,87.6,ft^3/s,Approved,[],2025-03-11T21:24:03.840047+00:00,f0d00c4983614291b938804a9df6b127
2005-01-24,87.5,87.5,ft^3/s,Approved,[],2025-03-11T21:24:03.840047+00:00,f0d00c4983614291b938804a9df6b127
2005-01-25,87.3,87.3,ft^3/s,Approved,[],2025-03-11T21:24:03.840047+00:00,f0d00c4983614291b938804a9df6b127
2005-01-26,87.3,87.3,ft^3/s,Approved,[],2025-03-11T21:24:03.840047+00:00,f0d00c4983614291b938804a9df6b127
2005-01-27,87.7,87.7,ft^3/s,Approved,[],2025-03-11T21:24:03.840047+00:00,f0d00c4983614291b938804a9df6b127
2005-01-28,91.1,91.1,ft^3/s,Approved,[],2025-03-11T21:24:03.840047+00:00,f0d00c4983614291b938804a9df6b127
2005-01-29,92.0,92.0,ft^3/s,Approved,[],2025-03-11T21:24:03.840047+00:00,f0d00c4983614291b938804a9df6b127
2005-01-30,92.0,92.0,ft^3/s,Approved,[],2025-03-11T21:24:03.840047+00:00,f0d00c4983614291b938804a9df6b127
2005-01-31,89.4,89.4,ft^3/s,Approved,[],2025-03-11T21:24:03.840047+00:00,f0d00c4983614291b938804a9df6b127
2005-02-01,89.0,89.0,ft^3/s,Approved,[],2025-03-11T21:24:03.840047+00:00,f0d00c4983614291b938804a9df6b127
2005-02-02,89.4,89.4,ft^3/s,Approved,[],2025-03-11T21:24:03.840047+00:00,f0d00c4983614291b938804a9df6b127
2005-02-03,89.0,89.0,ft^3/s,Approved,[],2025-03-11T21:24:03.840047+00:00,f0d00c4983614291b938804a9df6b127
2005-02-04,88.9,88.9,ft^3/s,Approved,[],2025-03-11T21:24:03.840047+00:00,f0d00c4983614291b938804a9df6b127
2005-02-05,88.7,88.7,ft^3/s,Approved,[],2025-03-11T21:24:03.840047+00:00,f0d00c4983614291b938804a9df6b127
2005-02-06,88.7,88.7,ft^3/s,Approved,[],2025-03-11T21:24:03.840047+00:00,f0d00c4983614291b938804a9df6b127
2005-02-07,98.6,98.6,ft^3/s,Approved,[],2025-03-11T21:24:03.840047+00:00,f0d00c4983614291b938804a9df6b127
2005-02-08,105.0,105,ft^3/s,Approved,[],2025-03-11T21:24:03.840047+00:00,f0d00c4983614291b938804a9df6b127
2005-02-09,102.0,102,ft^3/s,Approved,[],2025-03-11T21:24:03.840047+00:00,f0d00c4983614291b938804a9df6b127
2005-02-10,98.2,98.2,ft^3/s,Approved,[],2025-03-11T21:24:03.840047+00:00,f0d00c4983614291b938804a9df6b127
2005-02-11,96.5,96.5,ft^3/s,Approved,[],2025-03-11T21:24:03.840047+00:00,f0d00c4983614291b938804a9df6b127
2005-02-12,95.9,95.9,ft^3/s,Approved,[],2025-03-11T21:24:03.840047+00:00,f0d00c4983614291b938804a9df6b127
2005-02-13,95.1,95.1,ft^3/s,Approved,[],2025-03-11T21:24:03.840047+00:00,f0d00c4983614291b938804a9df6b127
2005-02-14,94.5,94.5,ft^3/s,Approved,[],2025-03-11T21:24:03.840047+00:00,f0d00c4983614291b938804a9df6b127
2005-02-15,93.7,93.7,ft^3/s,Approved,[],2025-03-11T21:24:03.840047+00:00,f0d00c4983614291b938804a9df6b127
2005-02-16,93.2,93.2,ft^3/s,Approved,[],2025-03-11T21:24:03.840047+00:00,f0d00c4983614291b938804a9df6b127
2005-02-17,92.6,92.6,ft^3/s,Approved,[],2025-03-11T21:24:03.840047+00:00,f0d00c4983614291b938804a9df6b127
2005-02-18,92.2,92.2,ft^3/s,Approved,[],2025-03-11T21:24:03.840047+00:00,f0d00c4983614291b938804a9df6b127
2005-02-19,91.6,91.6,ft^3/s,Approved,[],2025-03-11T21:24:03.840047+00:00,f0d00c4983614291b938804a9df6b127
2005-02-20,91.1,91.1,ft^3/s,Approved,[],2025-03-11T21:24:03.840047+00:00,f0d00c4983614291b938804a9df6b127
2005-02-21,90.0,90.0,ft^3/s,Approved,[],2025-03-11T21:24:03.840047+00:00,f0d00c4983614291b938804a9df6b127
2005-02-22,88.8,88.8,ft^3/s,Approved,[],2025-03-11T21:24:03.840047+00:00,f0d00c4983614291b938804a9df6b127
2005-02-23,92.8,92.8,ft^3/s,Approved,[],2025-03-11T21:24:03.840047+00:00,f0d00c4983614291b938804a9df6b127
2005-02-24,92.5,92.5,ft^3/s,Approved,[],2025-03-11T21:24:03.840047+00:00,f0d00c4983614291b938804a9df6b127
2005-02-25,92.4,92.4,ft^3/s,Approved,[],2025-03-11T21:24:03.840047+00:00,f0d00c4983614291b938804a9df6b127
2005-02-26,92.3,92.3,ft^3/s,Approved,[],2025-03-11T21:24:03.840047+00:00,f0d00c4983614291b938804a9df6b127
2005-02-27,92.9,92.9,ft^3/s,Approved,[],2025-03-11T21:24:03.840047+00:00,f0d00c4983614291b938804a9df6b127
2005-02-28,93.3,93.3,ft^3/s,Approved,[],2025-03-11T21:24:03.840047+00:00,f0d00c4983614291b938804a9df6b127
2005-03-01,93.4,93.4,ft^3/s,Approved,[],2025-03-11T21:24:03.840047+00:00,f0d00c4983614291b938804a9df6b127
2005-03-02,94.6,94.6,ft^3/s,Approved,[],2025-03-11T21:24:03.840047+00:00,f0d00c4983614291b938804a9df6b127
2005-03-03,97.0,97.0,ft^3/s,Approved,[],2025-03-11T21:24:03.840047+00:00,f0d00c4983614291b938804a9df6b127
2005-03-04,98.5,98.5,ft^3/s,Approved,[],2025-03-11T21:24:03.840047+00:00,f0d00c4983614291b938804a9df6b127
2005-03-05,96.6,96.6,ft^3/s,Approved,[],2025-03-11T21:24:03.840047+00:00,f0d00c4983614291b938804a9df6b127
2005-03-06,105.0,105,ft^3/s,Approved,[],2025-03-11T21:24:03.840047+00:00,f0d00c4983614291b938804a9df6b127
2005-03-07,109.0,109,ft^3/s,Approved,[],2025-03-11T21:24:03.840047+00:00,f0d00c4983614291b938804a9df6b127
2005-03-08,109.0,109,ft^3/s,Approved,[],2025-03-11T21:24:03.840047+00:00,f0d00c4983614291b938804a9df6b127
2005-03-09,107.0,107,ft^3/s,Approved,[],2025-03-11T21:24:03.840047+00:00,f0d00c4983614291b938804a9df6b127
2005-03-10,106.0,106,ft^3/s,Approved,[],2025-03-11T21:24:03.840047+00:00,f0d00c4983614291b938804a9df6b127
2005-03-11,104.0,104,ft^3/s,Approved,[],2025-03-11T21:24:03.840047+00:00,f0d00c4983614291b938804a9df6b127
2005-03-12,101.0,101,ft^3/s,Approved,[],2025-03-11T21:24:03.840047+00:00,f0d00c4983614291b938804a9df6b127
2005-03-13,100.0,100,ft^3/s,Approved,[],2025-03-11T21:24:03.840047+00:00,f0d00c4983614291b938804a9df6b127
2005-03-14,98.6,98.6,ft^3/s,Approved,[],2025-03-11T21:24:03.840047+00:00,f0d00c4983614291b938804a9df6b127
2005-03-15,98.0,98.0,ft^3/s,Approved,[],2025-03-11T21:24:03.840047+00:00,f0d00c4983614291b938804a9df6b127
2005-03-16,97.3,97.3,ft^3/s,Approved,[],2025-03-11T21:24:03.840047+00:00,f0d00c4983614291b938804a9df6b127
2005-03-17,96.7,96.7,ft^3/s,Approved,[],2025-03-11T21:24:03.840047+00:00,f0d00c4983614291b938804a9df6b127
2005-03-18,95.4,95.4,ft^3/s,Approved,[],2025-03-11T21:24:03.840047+00:00,f0d00c4983614291b938804a9df6b127
2005-03-19,94.0,94.0,ft^3/s,Approved,[],2025-03-11T21:24:03.840047+00:00,f0d00c4983614291b938804a9df6b127
2005-03-20,95.1,95.1,ft^3/s,Approved,[],2025-03-11T21:24:03.840047+00:00,f0d00c4983614291b938804a9df6b127
2005-03-21,95.6,95.6,ft^3/s,Approved,[],2025-03-11T21:24:03.840047+00:00,f0d00c4983614291b938804a9df6b127
2005-03-22,95.4,95.4,ft^3/s,Approved,[],2025-03-11T21:24:03.840047+00:00,f0d00c4983614291b938804a9df6b127
2005-03-23,95.1,95.1,ft^3/s,Approved,[],2025-03-11T21:24:03.840047+00:00,f0d00c4983614291b938804a9df6b127
2005-03-24,94.9,94.9,ft^3/s,Approved,[],2025-03-11T21:24:03.840047+00:00,f0d00c4983614291b938804a9df6b127
2005-03-25,93.2,93.2,ft^3/s,Approved,[],2025-03-11T21:24:03.840047+00:00,f0d00c4983614291b938804a9df6b127
2005-03-26,92.8,92.8,ft^3/s,Approved,[],2025-03-11T21:24:03.840047+00:00,f0d00c4983614291b938804a9df6b127
2005-03-27,92.5,92.5,ft^3/s,Approved,[],2025-03-11T21:24:03.840047+00:00,f0d00c4983614291b938804a9df6b127
2005-03-28,92.3,92.3,ft^3/s,Approved,[],2025-03-11T21:24:03.840047+00:00,f0d00c4983614291b938804a9df6b127
2005-03-29,93.1,93.1,ft^3/s,Approved,[],2025-03-11T21:24:03.840047+00:00,f0d00c4983614291b938804a9df6b127
2005-03-30,92.7,92.7,ft^3/s,Approved,[],2025-03-11T21:24:03.840047+00:00,f0d00c4983614291b938804a9df6b127
2005-03-31,92.9,92.9,ft^3/s,Approved,[],2025-03-11T21:24:03.840047+00:00,f0d00c4983614291b938804a9df6b127
2005-04-01,92.7,92.7,ft^3/s,Approved,[],2025-03-11T21:24:03.840047+00:00,f0d00c4983614291b938804a9df6b127
2005-04-02,92.4,92.4,ft^3/s,Approved,[],2025-03-11T21:24:03.840047+00:00,f0d00c4983614291b938804a9df6b127
2005-04-03,92.3,92.3,ft^3/s,Approved,[],2025-03-11T21:24:03.840047+00:00,f0d00c4983614291b938804a9df6b127
2005-04-04,92.7,92.7,ft^3/s,Approved,[],2025-03-11T21:24:03.840047+00:00,f0d00c4983614291b938804a9df6b127
2005-04-05,91.1,91.1,ft^3/s,Approved,[],2025-03-11T21:24:03.840047+00:00,f0d00c4983614291b938804a9df6b127
2005-04-06,90.6,90.6,ft^3/s,Approved,[],2025-03-11T21:24:03.840047+00:00,f0d00c4983614291b938804a9df6b127
2005-04-07,89.9,89.9,ft^3/s,Approved,[],2025-03-11T21:24:03.840047+00:00,f0d00c4983614291b938804a9df6b127
2005-04-08,90.0,90.0,ft^3/s,Approved,[],2025-03-11T21:24:03.840047+00:00,f0d00c4983614291b938804a9df6b127
2005-04-09,89.8,89.8,ft^3/s,Approved,[],2025-03-11T21:24:03.840047+00:00,f0d00c4983614291b938804a9df6b127
2005-04-10,89.8,89.8,ft^3/s,Approved,[],2025-03-11T21:24:03.840047+00:00,f0d00c4983614291b938804a9df6b127
2005-04-11,89.5,89.5,ft^3/s,Approved,[],2025-03-11T21:24:03.840047+00:00,f0d00c4983614291b938804a9df6b127
2005-04-12,89.8,89.8,ft^3/s,Approved,[],2025-03-11T21:24:03.840047+00:00,f0d00c4983614291b938804a9df6b127
2005-04-13,89.5,89.5,ft^3/s,Approved,[],2025-03-11T21:24:03.840047+00:00,f0d00c4983614291b938804a9df6b127
2005-04-14,89.7,89.7,ft^3/s,Approved,[],2025-03-11T21:24:03.840047+00:00,f0d00c4983614291b938804a9df6b127
2005-04-15,87.9,87.9,ft^3/s,Approved,[],2025-03-11T21:24:03.840047+00:00,f0d00c4983614291b938804a9df6b127
2005-04-16,87.0,87.0,ft^3/s,Approved,[],2025-03-11T21:24:03.840047+00:00,f0d00c4983614291b938804a9df6b127
2005-04-17,86.9,86.9,ft^3/s,Approved,[],2025-03-11T21:24:03.840047+00:00,f0d00c4983614291b938804a9df6b127
2005-04-18,86.8,86.8,ft^3/s,Approved,[],2025-03-11T21:24:03.840047+00:00,f0d00c4983614291b938804a9df6b127
2005-04-19,86.1,86.1,ft^3/s,Approved,[],2025-03-11T21:24:03.840047+00:00,f0d00c4983614291b938804a9df6b127
2005-04-20,85.9,85.9,ft^3/s,Approved,[],2025-03-11T21:24:03.840047+00:00,f0d00c4983614291b938804a9df6b127
2005-04-21,85.5,85.5,ft^3/s,Approved,[],2025-03-11T21:24:03.840047+00:00,f0d00c4983614291b938804a9df6b127
2005-04-22,85.8,85.8,ft^3/s,Approved,[],2025-03-11T21:24:03.840047+00:00,f0d00c4983614291b938804a9df6b127
2005-04-23,85.3,85.3,ft^3/s,Approved,[],2025-03-11T21:24:03.840047+00:00,f0d00c4983614291b938804a9df6b127
2005-04-24,85.4,85.4,ft^3/s,Approved,[],2025-03-11T21:24:03.840047+00:00,f0d00c4983614291b938804a9df6b127
2005-04-25,85.2,85.2,ft^3/s,Approved,[],2025-03-11T21:24:03.840047+00:00,f0d00c4983614291b938804a9df6b127
2005-04-26,84.6,84.6,ft^3/s,Approved,[],2025-03-11T21:24:03.840047+00:00,f0d00c4983614291b938804a9df6b127
2005-04-27,87.3,87.3,ft^3/s,Approved,[],2025-03-11T21:24:03.840047+00:00,f0d00c4983614291b938804a9df6b127
2005-04-28,87.2,87.2,ft^3/s,Approved,[],2025-03-11T21:24:03.840047+00:00,f0d00c4983614291b938804a9df6b127
2005-04-29,85.5,85.5,ft^3/s,Approved,[],2025-03-11T21:24:03.840047+00:00,f0d00c4983614291b938804a9df6b127
2005-04-30,83.8,83.8,ft^3/s,Approved,[],2025-03-11T21:24:03.840047+00:00,f0d00c4983614291b938804a9df6b127
2005-05-01,83.3,83.3,ft^3/s,Approved,[],2025-03-11T21:24:03.840047+00:00,f0d00c4983614291b938804a9df6b127
2005-05-02,82.7,82.7,ft^3/s,Approved,[],2025-03-11T21:24:03.840047+00:00,f0d00c4983614291b938804a9df6b127
2005-05-03,83.0,83.0,ft^3/s,Approved,[],2025-03-11T21:24:03.840047+00:00,f0d00c4983614291b938804a9df6b127
2005-05-04,83.5,83.5,ft^3/s,Approved,[],2025-03-11T21:24:03.840047+00:00,f0d00c4983614291b938804a9df6b127
2005-05-05,83.7,83.7,ft^3/s,Approved,[],2025-03-11T21:24:03.840047+00:00,f0d00c4983614291b938804a9df6b127
2005-05-06,84.1,84.1,ft^3/s,Approved,[],2025-03-11T21:24:03.840047+00:00,f0d00c4983614291b938804a9df6b127
2005-05-07,84.2,84.2,ft^3/s,Approved,[],2025-03-11T21:24:03.840047+00:00,f0d00c4983614291b938804a9df6b127
2005-05-08,86.4,86.4,ft^3/s,Approved,[],2025-03-11T21:24:03.840047+00:00,f0d00c4983614291b938804a9df6b127
2005-05-09,85.4,85.4,ft^3/s,Approved,[],2025-03-11T21:24:03.840047+00:00,f0d00c4983614291b938804a9df6b127
2005-05-10,84.6,84.6,ft^3/s,Approved,[],2025-03-11T21:24:03.840047+00:00,f0d00c4983614291b938804a9df6b127
2005-05-11,85.2,85.2,ft^3/s,Approved,[],2025-03-11T21:24:03.840047+00:00,f0d00c4983614291b938804a9df6b127
2005-05-12,84.5,84.5,ft^3/s,Approved,[],2025-03-11T21:24:03.840047+00:00,f0d00c4983614291b938804a9df6b127
2005-05-13,83.7,83.7,ft^3/s,Approved,[],2025-03-11T21:24:03.840047+00:00,f0d00c4983614291b938804a9df6b127
2005-05-14,83.9,83.9,ft^3/s,Approved,[],2025-03-11T21:24:03.840047+00:00,f0d00c4983614291b938804a9df6b127
2005-05-15,83.8,83.8,ft^3/s,Approved,[],2025-03-11T21:24:03.840047+00:00,f0d00c4983614291b938804a9df6b127
2005-05-16,82.9,82.9,ft^3/s,Approved,[],2025-03-11T21:24:03.840047+00:00,f0d00c4983614291b938804a9df6b127
2005-05-17,82.8,82.8,ft^3/s,Approved,[],2025-03-11T21:24:03.840047+00:00,f0d00c4983614291b938804a9df6b127
2005-05-18,82.4,82.4,ft^3/s,Approved,[],2025-03-11T21:24:03.840047+00:00,f0d00c4983614291b938804a9df6b127
2005-05-19,82.0,82.0,ft^3/s,Approved,[],2025-03-11T21:24:03.840047+00:00,f0d00c4983614291b938804a9df6b127
2005-05-20,82.4,82.4,ft^3/s,Approved,[],2025-03-11T21:24:03.840047+00:00,f0d00c4983614291b938804a9df6b127
2005-05-21,83.2,83.2,ft^3/s,Approved,[],2025-03-11T21:24:03.840047+00:00,f0d00c4983614291b938804a9df6b127
2005-05-22,83.2,83.2,ft^3/s,Approved,[],2025-03-11T21:24:03.840047+00:00,f0d00c4983614291b938804a9df6b127
2005-05-23,82.6,82.6,ft^3/s,Approved,[],2025-03-11T21:24:03.840047+00:00,f0d00c4983614291b938804a9df6b127
2005-05-24,81.5,81.5,ft^3/s,Approved,[],2025-03-11T21:24:03.840047+00:00,f0d00c4983614291b938804a9df6b127
2005-05-25,81.2,81.2,ft^3/s,Approved,[],2025-03-11T21:24:03.840047+00:00,f0d00c4983614291b938804a9df6b127
2005-05-26,80.9,80.9,ft^3/s,Approved,[],2025-03-11T21:24:03.840047+00:00,f0d00c4983614291b938804a9df6b127
2005-05-27,80.9,80.9,ft^3/s,Approved,[],2025-03-11T21:24:03.840047+00:00,f0d00c4983614291b938804a9df6b127
2005-05-28,81.8,81.8,ft^3/s,Approved,[],2025-03-11T21:24:03.840047+00:00,f0d00c4983614291b938804a9df6b127
2005-05-29,81.9,81.9,ft^3/s,Approved,[],2025-03-11T21:24:03.840047+00:00,f0d00c4983614291b938804a9df6b127
2005-05-30,81.1,81.1,ft^3/s,Approved,[],2025-03-11T21:24:03.840047+00:00,f0d00c4983614291b938804a9df6b127
2005-05-31,80.5,80.5,ft^3/s,Approved,[],2025-03-11T21:24:03.840047+00:00,f0d00c4983614291b938804a9df6b127
2005-06-01,80.8,80.8,ft^3/s,Approved,[],2025-03-11T21:24:03.840047+00:00,f0d00c4983614291b938804a9df6b127
2005-06-02,81.0,81.0,ft^3/s,Approved,[],2025-03-11T21:24:03.840047+00:00,f0d00c4983614291b938804a9df6b127
2005-06-03,80.9,80.9,ft^3/s,Approved,[],2025-03-11T21:24:03.840047+00:00,f0d00c4983614291b938804a9df6b127
2005-06-04,80.7,80.7,ft^3/s,Approved,[],2025-03-11T21:24:03.840047+00:00,f0d00c4983614291b938804a9df6b127
2005-06-05,80.0,80.0,ft^3/s,Approved,[],2025-03-11T21:24:03.840047+00:00,f0d00c4983614291b938804a9df6b127
2005-06-06,79.9,79.9,ft^3/s,Approved,[],2025-03-11T21:24:03.840047+00:00,f0d00c4983614291b938804a9df6b127
2005-06-07,79.1,79.1,ft^3/s,Approved,[],2025-03-11T21:24:03.840047+00:00,f0d00c4983614291b938804a9df6b127
2005-06-08,79.3,79.3,ft^3/s,Approved,[],2025-03-11T21:24:03.840047+00:00,f0d00c4983614291b938804a9df6b127
2005-06-09,79.3,79.3,ft^3/s,Approved,[],2025-03-11T21:24:03.840047+00:00,f0d00c4983614291b938804a9df6b127
2005-06-10,78.4,78.4,ft^3/s,Approved,[],2025-03-11T21:24:03.840047+00:00,f0d00c4983614291b938804a9df6b127
2005-06-11,78.4,78.4,ft^3/s,Approved,[],2025-03-11T21:24:03.840047+00:00,f0d00c4983614291b938804a9df6b127
2005-06-12,78.0,78.0,ft^3/s,Approved,[],2025-03-11T21:24:03.840047+00:00,f0d00c4983614291b938804a9df6b127
2005-06-13,77.6,77.6,ft^3/s,Approved,[],2025-03-11T21:24:03.840047+00:00,f0d00c4983614291b938804a9df6b127
2005-06-14,76.9,76.9,ft^3/s,Approved,[],2025-03-11T21:24:03.840047+00:00,f0d00c4983614291b938804a9df6b127
2005-06-15,75.6,75.6,ft^3/s,Approved,[],2025-03-11T21:24:03.840047+00:00,f0d00c4983614291b938804a9df6b127
2005-06-16,75.6,75.6,ft^3/s,Approved,[],2025-03-11T21:24:03.840047+00:00,f0d00c4983614291b938804a9df6b127
2005-06-17,76.3,76.3,ft^3/s,Approved,[],2025-03-11T21:24:03.840047+00:00,f0d00c4983614291b938804a9df6b127
2005-06-18,76.1,76.1,ft^3/s,Approved,[],2025-03-11T21:24:03.840047+00:00,f0d00c4983614291b938804a9df6b127
2005-06-19,75.5,75.5,ft^3/s,Approved,[],2025-03-11T21:24:03.840047+00:00,f0d00c4983614291b938804a9df6b127
2005-06-20,75.2,75.2,ft^3/s,Approved,[],2025-03-11T21:24:03.840047+00:00,f0d00c4983614291b938804a9df6b127
2005-06-21,75.4,75.4,ft^3/s,Approved,[],2025-03-11T21:24:03.840047+00:00,f0d00c4983614291b938804a9df6b127
2005-06-22,75.5,75.5,ft^3/s,Approved,[],2025-03-11T21:24:03.840047+00:00,f0d00c4983614291b938804a9df6b127
2005-06-23,75.1,75.1,ft^3/s,Approved,[],2025-03-11T21:24:03.840047+00:00,f0d00c4983614291b938804a9df6b127
2005-06-24,75.0,75.0,ft^3/s,Approved,[],2025-03-11T21:24:03.840047+00:00,f0d00c4983614291b938804a9df6b127
2005-06-25,75.9,75.9,ft^3/s,Approved,[],2025-03-11T21:24:03.840047+00:00,f0d00c4983614291b938804a9df6b127
2005-06-26,74.9,74.9,ft^3/s,Approved,[],2025-03-11T21:24:03.840047+00:00,f0d00c4983614291b938804a9df6b127
2005-06-27,74.5,74.5,ft^3/s,Approved,[],2025-03-11T21:24:03.840047+00:00,f0d00c4983614291b938804a9df6b127
2005-06-28,74.4,74.4,ft^3/s,Approved,[],2025-03-11T21:24:03.840047+00:00,f0d00c4983614291b938804a9df6b127
2005-06-29,73.2,73.2,ft^3/s,Approved,[],2025-03-11T21:24:03.840047+00:00,f0d00c4983614291b938804a9df6b127
2005-06-30,73.9,73.9,ft^3/s,Approved,[],2025-03-11T21:24:03.840047+00:00,f0d00c4983614291b938804a9df6b127
2005-07-01,75.4,75.4,ft^3/s,Approved,[],2025-03-11T21:24:03.840047+00:00,f0d00c4983614291b938804a9df6b127
2005-07-02,74.5,74.5,ft^3/s,Approved,[],2025-03-11T21:24:03.840047+00:00,f0d00c4983614291b938804a9df6b127
2005-07-03,73.4,73.4,ft^3/s,Approved,[],2025-03-11T21:24:03.840047+00:00,f0d00c4983614291b938804a9df6b127
2005-07-04,72.6,72.6,ft^3/s,Approved,[],2025-03-11T21:24:03.840047+00:00,f0d00c4983614291b938804a9df6b127
2005-07-05,72.2,72.2,ft^3/s,Approved,[],2025-03-11T21:24:03.840047+00:00,f0d00c4983614291b938804a9df6b127
2005-07-06,72.1,72.1,ft^3/s,Approved,[],2025-03-11T21:24:03.840047+00:00,f0d00c4983614291b938804a9df6b127
2005-07-07,72.4,72.4,ft^3/s,Approved,[],2025-03-11T21:24:03.840047+00:00,f0d00c4983614291b938804a9df6b127
2005-07-08,73.4,73.4,ft^3/s,Approved,[],2025-03-11T21:24:03.840047+00:00,f0d00c4983614291b938804a9df6b127
2005-07-09,73.3,73.3,ft^3/s,Approved,[],2025-03-11T21:24:03.840047+00:00,f0d00c4983614291b938804a9df6b127
2005-07-10,72.2,72.2,ft^3/s,Approved,[],2025-03-11T21:24:03.840047+00:00,f0d00c4983614291b938804a9df6b127
2005-07-11,70.2,70.2,ft^3/s,Approved,[],2025-03-11T21:24:03.840047+00:00,f0d00c4983614291b938804a9df6b127
2005-07-12,69.8,69.8,ft^3/s,Approved,[],2025-03-11T21:24:03.840047+00:00,f0d00c4983614291b938804a9df6b127
2005-07-13,69.7,69.7,ft^3/s,Approved,[],2025-03-11T21:24:03.840047+00:00,f0d00c4983614291b938804a9df6b127
2005-07-14,69.1,69.1,ft^3/s,Approved,[],2025-03-11T21:24:03.840047+00:00,f0d00c4983614291b938804a9df6b127
2005-07-15,69.3,69.3,ft^3/s,Approved,[],2025-03-11T21:24:03.840047+00:00,f0d00c4983614291b938804a9df6b127
2005-07-16,69.5,69.5,ft^3/s,Approved,[],2025-03-11T21:24:03.840047+00:00,f0d00c4983614291b938804a9df6b127
2005-07-17,70.3,70.3,ft^3/s,Approved,[],2025-03-11T21:24:03.840047+00:00,f0d00c4983614291b938804a9df6b127
2005-07-18,73.0,73.0,ft^3/s,Approved,[],2025-03-11T21:24:03.840047+00:00,f0d00c4983614291b938804a9df6b127
2005-07-19,71.0,71.0,ft^3/s,Approved,[],2025-03-11T21:24:03.840047+00:00,f0d00c4983614291b938804a9df6b127
2005-07-20,71.5,71.5,ft^3/s,Approved,[],2025-03-11T21:24:03.840047+00:00,f0d00c4983614291b938804a9df6b127
2005-07-21,71.4,71.4,ft^3/s,Approved,[],2025-03-11T21:24:03.840047+00:00,f0d00c4983614291b938804a9df6b127
2005-07-22,71.0,71.0,ft^3/s,Approved,[],2025-03-11T21:24:03.840047+00:00,f0d00c4983614291b938804a9df6b127
2005-07-23,70.5,70.5,ft^3/s,Approved,[],2025-03-11T21:24:03.840047+00:00,f0d00c4983614291b938804a9df6b127
2005-07-24,70.1,70.1,ft^3/s,Approved,[],2025-03-11T21:24:03.840047+00:00,f0d00c4983614291b938804a9df6b127
2005-07-25,70.2,70.2,ft^3/s,Approved,[],2025-03-11T21:24:03.840047+00:00,f0d00c4983614291b938804a9df6b127
2005-07-26,69.8,69.8,ft^3/s,Approved,[],2025-03-11T21:24:03.840047+00:00,f0d00c4983614291b938804a9df6b127
2005-07-27,69.0,69.0,ft^3/s,Approved,[],2025-03-11T21:24:03.840047+00:00,f0d00c4983614291b938804a9df6b127
2005-07-28,69.1,69.1,ft^3/s,Approved,[],2025-03-11T21:24:03.840047+00:00,f0d00c4983614291b938804a9df6b127
2005-07-29,68.7,68.7,ft^3/s,Approved,[],2025-03-11T21:24:03.840047+00:00,f0d00c4983614291b938804a9df6b127
2005-07-30,68.2,68.2,ft^3/s,Approved,[],2025-03-11T21:24:03.840047+00:00,f0d00c4983614291b938804a9df6b127
2005-07-31,68.2,68.2,ft^3/s,Approved,[],2025-03-11T21:24:03.840047+00:00,f0d00c4983614291b938804a9df6b127
2005-08-01,67.4,67.4,ft^3/s,Approved,[],2025-03-11T21:24:03.840047+00:00,f0d00c4983614291b938804a9df6b127
2005-08-02,66.4,66.4,ft^3/s,Approved,[],2025-03-11T21:24:03.840047+00:00,f0d00c4983614291b938804a9df6b127
2005-08-03,66.2,66.2,ft^3/s,Approved,[],2025-03-11T21:24:03.840047+00:00,f0d00c4983614291b938804a9df6b127
2005-08-04,65.7,65.7,ft^3/s,Approved,[],2025-03-11T21:24:03.840047+00:00,f0d00c4983614291b938804a9df6b127
2005-08-05,64.9,64.9,ft^3/s,Approved,[],2025-03-11T21:24:03.840047+00:00,f0d00c4983614291b938804a9df6b127
2005-08-06,64.0,64.0,ft^3/s,Approved,[],2025-03-11T21:24:03.840047+00:00,f0d00c4983614291b938804a9df6b127
2005-08-07,63.2,63.2,ft^3/s,Approved,[],2025-03-11T21:24:03.840047+00:00,f0d00c4983614291b938804a9df6b127
2005-08-08,62.1,62.1,ft^3/s,Approved,[],2025-03-11T21:24:03.840047+00:00,f0d00c4983614291b938804a9df6b127
2005-08-09,61.8,61.8,ft^3/s,Approved,[],2025-03-11T21:24:03.840047+00:00,f0d00c4983614291b938804a9df6b127
2005-08-10,72.1,72.1,ft^3/s,Approved,[],2025-03-11T21:24:03.840047+00:00,f0d00c4983614291b938804a9df6b127
2005-08-11,87.2,87.2,ft^3/s,Approved,[],2025-03-11T21:24:03.840047+00:00,f0d00c4983614291b938804a9df6b127
2005-08-12,86.7,86.7,ft^3/s,Approved,[],2025-03-11T21:24:03.840047+00:00,f0d00c4983614291b938804a9df6b127
2005-08-13,83.7,83.7,ft^3/s,Approved,[],2025-03-11T21:24:03.840047+00:00,f0d00c4983614291b938804a9df6b127
2005-08-14,79.5,79.5,ft^3/s,Approved,[],2025-03-11T21:24:03.840047+00:00,f0d00c4983614291b938804a9df6b127
2005-08-15,77.0,77.0,ft^3/s,Approved,[],2025-03-11T21:24:03.840047+00:00,f0d00c4983614291b938804a9df6b127
2005-08-16,75.6,75.6,ft^3/s,Approved,[],2025-03-11T21:24:03.840047+00:00,f0d00c4983614291b938804a9df6b127
2005-08-17,73.6,73.6,ft^3/s,Approved,[],2025-03-11T21:24:03.840047+00:00,f0d00c4983614291b938804a9df6b127
2005-08-18,71.8,71.8,ft^3/s,Approved,[],2025-03-11T21:24:03.840047+00:00,f0d00c4983614291b938804a9df6b127
2005-08-19,69.5,69.5,ft^3/s,Approved,[],2025-03-11T21:24:03.840047+00:00,f0d00c4983614291b938804a9df6b127
2005-08-20,68.0,68.0,ft^3/s,Approved,[],2025-03-11T21:24:03.840047+00:00,f0d00c4983614291b938804a9df6b127
2005-08-21,66.4,66.4,ft^3/s,Approved,[],2025-03-11T21:24:03.840047+00:00,f0d00c4983614291b938804a9df6b127
2005-08-22,65.1,65.1,ft^3/s,Approved,[],2025-03-11T21:24:03.840047+00:00,f0d00c4983614291b938804a9df6b127
2005-08-23,64.3,64.3,ft^3/s,Approved,[],2025-03-11T21:24:03.840047+00:00,f0d00c4983614291b938804a9df6b127
2005-08-24,63.4,63.4,ft^3/s,Approved,[],2025-03-11T21:24:03.840047+00:00,f0d00c4983614291b938804a9df6b127
2005-08-25,61.9,61.9,ft^3/s,Approved,[],2025-03-11T21:24:03.840047+00:00,f0d00c4983614291b938804a9df6b127
2005-08-26,60.1,60.1,ft^3/s,Approved,[],2025-03-11T21:24:03.840047+00:00,f0d00c4983614291b938804a9df6b127
2005-08-27,59.4,59.4,ft^3/s,Approved,[],2025-03-11T21:24:03.840047+00:00,f0d00c4983614291b938804a9df6b127
2005-08-28,59.1,59.1,ft^3/s,Approved,[],2025-03-11T21:24:03.840047+00:00,f0d00c4983614291b938804a9df6b127
2005-08-29,58.5,58.5,ft^3/s,Approved,[],2025-03-11T21:24:03.840047+00:00,f0d00c4983614291b938804a9df6b127
2005-08-30,57.7,57.7,ft^3/s,Approved,[],2025-03-11T21:24:03.840047+00:00,f0d00c4983614291b938804a9df6b127
2005-08-31,57.2,57.2,ft^3/s,Approved,[],2025-03-11T21:24:03.840047+00:00,f0d00c4983614291b938804a9df6b127
2005-09-01,55.8,55.8,ft^3/s,Approved,[],2025-03-11T21:24:03.840047+00:00,f0d00c4983614291b938804a9df6b127
2005-09-02,54.3,54.3,ft^3/s,Approved,[],2025-03-11T21:24:03.840047+00:00,f0d00c4983614291b938804a9df6b127
2005-09-03,54.0,54.0,ft^3/s,Approved,[],2025-03-11T21:24:03.840047+00:00,f0d00c4983614291b938804a9df6b127
2005-09-04,54.3,54.3,ft^3/s,Approved,[],2025-03-11T21:24:03.840047+00:00,f0d00c4983614291b938804a9df6b127
2005-09-05,53.4,53.4,ft^3/s,Approved,[],2025-03-11T21:24:03.840047+00:00,f0d00c4983614291b938804a9df6b127
2005-09-06,52.5,52.5,ft^3/s,Approved,[],2025-03-11T21:24:03.840047+00:00,f0d00c4983614291b938804a9df6b127
2005-09-07,51.3,51.3,ft^3/s,Approved,[],2025-03-11T21:24:03.840047+00:00,f0d00c4983614291b938804a9df6b127
2005-09-08,50.0,50.0,ft^3/s,Approved,[],2025-03-11T21:24:03.840047+00:00,f0d00c4983614291b938804a9df6b127
2005-09-09,49.5,49.5,ft^3/s,Approved,[],2025-03-11T21:24:03.840047+00:00,f0d00c4983614291b938804a9df6b127
2005-09-10,49.4,49.4,ft^3/s,Approved,[],2025-03-11T21:24:03.840047+00:00,f0d00c4983614291b938804a9df6b127
2005-09-11,49.3,49.3,ft^3/s,Approved,[],2025-03-11T21:24:03.840047+00:00,f0d00c4983614291b938804a9df6b127
2005-09-12,48.4,48.4,ft^3/s,Approved,[],2025-03-11T21:24:03.840047+00:00,f0d00c4983614291b938804a9df6b127
2005-09-13,46.7,46.7,ft^3/s,Approved,[],2025-03-11T21:24:03.840047+00:00,f0d00c4983614291b938804a9df6b127
2005-09-14,45.8,45.8,ft^3/s,Approved,[],2025-03-11T21:24:03.840047+00:00,f0d00c4983614291b938804a9df6b127
2005-09-15,45.7,45.7,ft^3/s,Approved,[],2025-03-11T21:24:03.840047+00:00,f0d00c4983614291b938804a9df6b127
2005-09-16,45.2,45.2,ft^3/s,Approved,[],2025-03-11T21:24:03.840047+00:00,f0d00c4983614291b938804a9df6b127
2005-09-17,44.7,44.7,ft^3/s,Approved,[],2025-03-11T21:24:03.840047+00:00,f0d00c4983614291b938804a9df6b127
2005-09-18,43.5,43.5,ft^3/s,Approved,[],2025-03-11T21:24:03.840047+00:00,f0d00c4983614291b938804a9df6b127
2005-09-19,43.4,43.4,ft^3/s,Approved,[],2025-03-11T21:24:03.840047+00:00,f0d00c4983614291b938804a9df6b127
2005-09-20,43.0,43.0,ft^3/s,Approved,[],2025-03-11T21:24:03.840047+00:00,f0d00c4983614291b938804a9df6b127
2005-09-21,42.7,42.7,ft^3/s,Approved,[],2025-03-11T21:24:03.840047+00:00,f0d00c4983614291b938804a9df6b127
2005-09-22,42.6,42.6,ft^3/s,Approved,[],2025-03-11T21:24:03.840047+00:00,f0d00c4983614291b938804a9df6b127
2005-09-23,42.5,42.5,ft^3/s,Approved,[],2025-03-11T21:24:03.840047+00:00,f0d00c4983614291b938804a9df6b127
2005-09-24,42.7,42.7,ft^3/s,Approved,[],2025-03-11T21:24:03.840047+00:00,f0d00c4983614291b938804a9df6b127
2005-09-25,42.3,42.3,ft^3/s,Approved,[],2025-03-11T21:24:03.840047+00:00,f0d00c4983614291b938804a9df6b127
2005-09-26,41.6,41.6,ft^3/s,Approved,[],2025-03-11T21:24:03.840047+00:00,f0d00c4983614291b938804a9df6b127
2005-09-27,41.3,41.3,ft^3/s,Approved,[],2025-03-11T21:24:03.840047+00:00,f0d00c4983614291b938804a9df6b127
2005-09-28,40.3,40.3,ft^3/s,Approved,[],2025-03-11T21:24:03.840047+00:00,f0d00c4983614291b938804a9df6b127
2005-09-29,40.1,40.1,ft^3/s,Approved,[],2025-03-11T21:24:03.840047+00:00,f0d00c4983614291b938804a9df6b127
2005-09-30,39.2,39.2,ft^3/s,Approved,[],2025-03-11T21:24:03.840047+00:00,f0d00c4983614291b938804a9df6b127
2005-10-01,37.8,37.8,ft^3/s,Approved,[],2025-03-11T21:24:03.840047+00:00,f0d00c4983614291b938804a9df6b127
2005-10-02,38.5,38.5,ft^3/s,Approved,[],2025-03-11T21:24:03.840047+00:00,f0d00c4983614291b938804a9df6b127
2005-10-03,38.4,38.4,ft^3/s,Approved,[],2025-03-11T21:24:03.840047+00:00,f0d00c4983614291b938804a9df6b127
2005-10-04,37.2,37.2,ft^3/s,Approved,[],2025-03-11T21:24:03.840047+00:00,f0d00c4983614291b938804a9df6b127
2005-10-05,37.2,37.2,ft^3/s,Approved,[],2025-03-11T21:24:03.840047+00:00,f0d00c4983614291b938804a9df6b127
2005-10-06,37.6,37.6,ft^3/s,Approved,[],2025-03-11T21:24:03.840047+00:00,f0d00c4983614291b938804a9df6b127
2005-10-07,35.3,35.3,ft^3/s,Approved,[],2025-03-11T21:24:03.840047+00:00,f0d00c4983614291b938804a9df6b127
2005-10-08,33.9,33.9,ft^3/s,Approved,[],2025-03-11T21:24:03.840047+00:00,f0d00c4983614291b938804a9df6b127
2005-10-09,33.5,33.5,ft^3/s,Approved,[],2025-03-11T21:24:03.840047+00:00,f0d00c4983614291b938804a9df6b127
2005-10-10,33.8,33.8,ft^3/s,Approved,[],2025-03-11T21:24:03.840047+00:00,f0d00c4983614291b938804a9df6b127
2005-10-11,36.3,36.3,ft^3/s,Approved,[],2025-03-11T21:24:03.840047+00:00,f0d00c4983614291b938804a9df6b127
2005-10-12,36.8,36.8,ft^3/s,Approved,[],2025-03-11T21:24:03.840047+00:00,f0d00c4983614291b938804a9df6b127
2005-10-13,36.6,36.6,ft^3/s,Approved,[],2025-03-11T21:24:03.840047+00:00,f0d00c4983614291b938804a9df6b127
2005-10-14,35.7,35.7,ft^3/s,Approved,[],2025-03-11T21:24:03.840047+00:00,f0d00c4983614291b938804a9df6b127
2005-10-15,34.7,34.7,ft^3/s,Approved,[],2025-03-11T21:24:03.840047+00:00,f0d00c4983614291b938804a9df6b127
2005-10-16,33.8,33.8,ft^3/s,Approved,[],2025-03-11T21:24:03.840047+00:00,f0d00c4983614291b938804a9df6b127
2005-10-17,33.0,33.0,ft^3/s,Approved,[],2025-03-11T21:24:03.840047+00:00,f0d00c4983614291b938804a9df6b127
2005-10-18,32.7,32.7,ft^3/s,Approved,[],2025-03-11T21:24:03.840047+00:00,f0d00c4983614291b938804a9df6b127
2005-10-19,32.3,32.3,ft^3/s,Approved,[],2025-03-11T21:24:03.840047+00:00,f0d00c4983614291b938804a9df6b127
2005-10-20,32.0,32.0,ft^3/s,Approved,[],2025-03-11T21:24:03.840047+00:00,f0d00c4983614291b938804a9df6b127
2005-10-21,32.1,32.1,ft^3/s,Approved,[],2025-03-11T21:24:03.840047+00:00,f0d00c4983614291b938804a9df6b127
2005-10-22,31.6,31.6,ft^3/s,Approved,[],2025-03-11T21:24:03.840047+00:00,f0d00c4983614291b938804a9df6b127
2005-10-23,30.8,30.8,ft^3/s,Approved,[],2025-03-11T21:24:03.840047+00:00,f0d00c4983614291b938804a9df6b127
2005-10-24,31.2,31.2,ft^3/s,Approved,[],2025-03-11T21:24:03.840047+00:00,f0d00c4983614291b938804a9df6b127
2005-10-25,30.2,30.2,ft^3/s,Approved,[],2025-03-11T21:24:03.840047+00:00,f0d00c4983614291b938804a9df6b127
2005-10-26,30.1,30.1,ft^3/s,Approved,[],2025-03-11T21:24:03.840047+00:00,f0d00c4983614291b938804a9df6b127
2005-10-27,29.1,29.1,ft^3/s,Approved,[],2025-03-11T21:24:03.840047+00:00,f0d00c4983614291b938804a9df6b127
2005-10-28,28.3,28.3,ft^3/s,Approved,[],2025-03-11T21:24:03.840047+00:00,f0d00c4983614291b938804a9df6b127
2005-10-29,27.4,27.4,ft^3/s,Approved,[],2025-03-11T21:24:03.840047+00:00,f0d00c4983614291b938804a9df6b127
2005-10-30,27.1,27.1,ft^3/s,Approved,[],2025-03-11T21:24:03.840047+00:00,f0d00c4983614291b938804a9df6b127
2005-10-31,26.9,26.9,ft^3/s,Approved,[],2025-03-11T21:24:03.840047+00:00,f0d00c4983614291b938804a9df6b127
2005-11-01,26.9,26.9,ft^3/s,Approved,[],2025-03-11T21:24:03.840047+00:00,f0d00c4983614291b938804a9df6b127
2005-11-02,26.3,26.3,ft^3/s,Approved,[],2025-03-11T21:24:03.840047+00:00,f0d00c4983614291b938804a9df6b127
2005-11-03,26.6,26.6,ft^3/s,Approved,[],2025-03-11T21:24:03.840047+00:00,f0d00c4983614291b938804a9df6b127
2005-11-04,26.6,26.6,ft^3/s,Approved,[],2025-03-11T21:24:03.840047+00:00,f0d00c4983614291b938804a9df6b127
2005-11-05,25.2,25.2,ft^3/s,Approved,[],2025-03-11T21:24:03.840047+00:00,f0d00c4983614291b938804a9df6b127
2005-11-06,25.1,25.1,ft^3/s,Approved,[],2025-03-11T21:24:03.840047+00:00,f0d00c4983614291b938804a9df6b127
2005-11-07,25.3,25.3,ft^3/s,Approved,[],2025-03-11T21:24:03.840047+00:00,f0d00c4983614291b938804a9df6b127
2005-11-08,25.4,25.4,ft^3/s,Approved,[],2025-03-11T21:24:03.840047+00:00,f0d00c4983614291b938804a9df6b127
2005-11-09,25.4,25.4,ft^3/s,Approved,[],2025-03-11T21:24:03.840047+00:00,f0d00c4983614291b938804a9df6b127
2005-11-10,25.4,25.4,ft^3/s,Approved,[],2025-03-11T21:24:03.840047+00:00,f0d00c4983614291b938804a9df6b127
2005-11-11,25.1,25.1,ft^3/s,Approved,[],2025-03-11T21:24:03.840047+00:00,f0d00c4983614291b938804a9df6b127
2005-11-12,25.4,25.4,ft^3/s,Approved,[],2025-03-11T21:24:03.840047+00:00,f0d00c4983614291b938804a9df6b127
2005-11-13,24.0,24.0,ft^3/s,Approved,[],2025-03-11T21:24:03.840047+00:00,f0d00c4983614291b938804a9df6b127
2005-11-14,23.7,23.7,ft^3/s,Approved,[],2025-03-11T21:24:03.840047+00:00,f0d00c4983614291b938804a9df6b127
2005-11-15,24.7,24.7,ft^3/s,Approved,[],2025-03-11T21:24:03.840047+00:00,f0d00c4983614291b938804a9df6b127
2005-11-16,24.2,24.2,ft^3/s,Approved,[],2025-03-11T21:24:03.840047+00:00,f0d00c4983614291b938804a9df6b127
2005-11-17,23.4,23.4,ft^3/s,Approved,[],2025-03-11T21:24:03.840047+00:00,f0d00c4983614291b938804a9df6b127
2005-11-18,23.8,23.8,ft^3/s,Approved,[],2025-03-11T21:24:03.840047+00:00,f0d00c4983614291b938804a9df6b127
2005-11-19,23.3,23.3,ft^3/s,Approved,[],2025-03-11T21:24:03.840047+00:00,f0d00c4983614291b938804a9df6b127
2005-11-20,23.0,23.0,ft^3/s,Approved,[],2025-03-11T21:24:03.840047+00:00,f0d00c4983614291b938804a9df6b127
2005-11-21,22.6,22.6,ft^3/s,Approved,[],2025-03-11T21:24:03.840047+00:00,f0d00c4983614291b938804a9df6b127
2005-11-22,22.4,22.4,ft^3/s,Approved,[],2025-03-11T21:24:03.840047+00:00,f0d00c4983614291b938804a9df6b127
2005-11-23,22.2,22.2,ft^3/s,Approved,[],2025-03-11T21:24:03.840047+00:00,f0d00c4983614291b938804a9df6b127
2005-11-24,22.0,22.0,ft^3/s,Approved,[],2025-03-11T21:24:03.840047+00:00,f0d00c4983614291b938804a9df6b127
2005-11-25,21.7,21.7,ft^3/s,Approved,[],2025-03-11T21:24:03.840047+00:00,f0d00c4983614291b938804a9df6b127
2005-11-26,22.2,22.2,ft^3/s,Approved,[],2025-03-11T21:24:03.840047+00:00,f0d00c4983614291b938804a9df6b127
2005-11-27,22.8,22.8,ft^3/s,Approved,[],2025-03-11T21:24:03.840047+00:00,f0d00c4983614291b938804a9df6b127
2005-11-28,24.3,24.3,ft^3/s,Approved,[],2025-03-11T21:24:03.840047+00:00,f0d00c4983614291b938804a9df6b127
2005-11-29,22.7,22.7,ft^3/s,Approved,[],2025-03-11T21:24:03.840047+00:00,f0d00c4983614291b938804a9df6b127
2005-11-30,22.9,22.9,ft^3/s,Approved,[],2025-03-11T21:24:03.840047+00:00,f0d00c4983614291b938804a9df6b127
2005-12-01,23.1,23.1,ft^3/s,Approved,[],2025-03-11T21:24:03.840047+00:00,f0d00c4983614291b938804a9df6b127
2005-12-02,22.9,22.9,ft^3/s,Approved,[],2025-03-11T21:24:03.840047+00:00,f0d00c4983614291b938804a9df6b127
2005-12-03,23.5,23.5,ft^3/s,Approved,[],2025-03-11T21:24:03.840047+00:00,f0d00c4983614291b938804a9df6b127
2005-12-04,24.1,24.1,ft^3/s,Approved,[],2025-03-11T21:24:03.840047+00:00,f0d00c4983614291b938804a9df6b127
2005-12-05,23.8,23.8,ft^3/s,Approved,[],2025-03-11T21:24:03.840047+00:00,f0d00c4983614291b938804a9df6b127
2005-12-06,23.5,23.5,ft^3/s,Approved,[],2025-03-11T21:24:03.840047+00:00,f0d00c4983614291b938804a9df6b127
2005-12-07,24.2,24.2,ft^3/s,Approved,[],2025-03-11T21:24:03.840047+00:00,f0d00c4983614291b938804a9df6b127
2005-12-08,23.7,23.7,ft^3/s,Approved,[],2025-03-11T21:24:03.840047+00:00,f0d00c4983614291b938804a9df6b127
2005-12-09,23.0,23.0,ft^3/s,Approved,[],2025-03-11T21:24:03.840047+00:00,f0d00c4983614291b938804a9df6b127
2005-12-10,22.4,22.4,ft^3/s,Approved,[],2025-03-11T21:24:03.840047+00:00,f0d00c4983614291b938804a9df6b127
2005-12-11,22.0,22.0,ft^3/s,Approved,[],2025-03-11T21:24:03.840047+00:00,f0d00c4983614291b938804a9df6b127
2005-12-12,21.9,21.9,ft^3/s,Approved,[],2025-03-11T21:24:03.840047+00:00,f0d00c4983614291b938804a9df6b127
2005-12-13,21.7,21.7,ft^3/s,Approved,[],2025-03-11T21:24:03.840047+00:00,f0d00c4983614291b938804a9df6b127
2005-12-14,21.6,21.6,ft^3/s,Approved,[],2025-03-11T21:24:03.840047+00:00,f0d00c4983614291b938804a9df6b127
2005-12-15,20.7,20.7,ft^3/s,Approved,[],2025-03-11T21:24:03.840047+00:00,f0d00c4983614291b938804a9df6b127
2005-12-16,20.1,20.1,ft^3/s,Approved,[],2025-03-11T21:24:03.840047+00:00,f0d00c4983614291b938804a9df6b127
2005-12-17,19.9,19.9,ft^3/s,Approved,[],2025-03-11T21:24:03.840047+00:00,f0d00c4983614291b938804a9df6b127
2005-12-18,19.0,19.0,ft^3/s,Approved,[],2025-03-11T21:24:03.840047+00:00,f0d00c4983614291b938804a9df6b127
2005-12-19,18.8,18.8,ft^3/s,Approved,[],2025-03-11T21:24:03.840047+00:00,f0d00c4983614291b938804a9df6b127
2005-12-20,18.8,18.8,ft^3/s,Approved,[],2025-03-11T21:24:03.840047+00:00,f0d00c4983614291b938804a9df6b127
2005-12-21,18.5,18.5,ft^3/s,Approved,[],2025-03-11T21:24:03.840047+00:00,f0d00c4983614291b938804a9df6b127
2005-12-22,18.6,18.6,ft^3/s,Approved,[],2025-03-11T21:24:03.840047+00:00,f0d00c4983614291b938804a9df6b127
2005-12-23,18.8,18.8,ft^3/s,Approved,[],2025-03-11T21:24:03.840047+00:00,f0d00c4983614291b938804a9df6b127
2005-12-24,18.7,18.7,ft^3/s,Approved,[],2025-03-11T21:24:03.840047+00:00,f0d00c4983614291b938804a9df6b127
2005-12-25,18.5,18.5,ft^3/s,Approved,[],2025-03-11T21:24:03.840047+00:00,f0d00c4983614291b938804a9df6b127
2005-12-26,17.9,17.9,ft^3/s,Approved,[],2025-03-11T21:24:03.840047+00:00,f0d00c4983614291b938804a9df6b127
2005-12-27,17.8,17.8,ft^3/s,Approved,[],2025-03-11T21:24:03.840047+00:00,f0d00c4983614291b938804a9df6b127
2005-12-28,17.7,17.7,ft^3/s,Approved,[],2025-03-11T21:24:03.840047+00:00,f0d00c4983614291b938804a9df6b127
2005-12-29,17.4,17.4,ft^3/s,Approved,[],2025-03-11T21:24:03.840047+00:00,f0d00c4983614291b938804a9df6b127
2005-12-30,17.0,17.0,ft^3/s,Approved,[],2025-03-11T21:24:03.840047+00:00,f0d00c4983614291b938804a9df6b127
2005-12-31,17.0,17.0,ft^3/s,Approved,[],2025-03-11T21:24:03.840047+00:00,f0d00c4983614291b938804a9df6b127
2006-01-01,17.0,17.0,ft^3/s,Approved,[],2025-03-11T21:24:03.840047+00:00,f0d00c4983614291b938804a9df6b127
2006-01-02,16.7,16.7,ft^3/s,Approved,[],2025-03-11T21:24:03.840047+00:00,f0d00c4983614291b938804a9df6b127
2006-01-03,16.5,16.5,ft^3/s,Approved,[],2025-03-11T21:24:03.840047+00:00,f0d00c4983614291b938804a9df6b127
2006-01-04,16.4,16.4,ft^3/s,Approved,[],2025-03-11T21:24:03.840047+00:00,f0d00c4983614291b938804a9df6b127
2006-01-05,16.2,16.2,ft^3/s,Approved,[],2025-03-11T21:24:03.840047+00:00,f0d00c4983614291b938804a9df6b127
2006-01-06,15.9,15.9,ft^3/s,Approved,[],2025-03-11T21:24:03.840047+00:00,f0d00c4983614291b938804a9df6b127
2006-01-07,15.8,15.8,ft^3/s,Approved,[],2025-03-11T21:24:03.840047+00:00,f0d00c4983614291b938804a9df6b127
2006-01-08,15.9,15.9,ft^3/s,Approved,[],2025-03-11T21:24:03.840047+00:00,f0d00c4983614291b938804a9df6b127
2006-01-09,15.9,15.9,ft^3/s,Approved,[],2025-03-11T21:24:03.840047+00:00,f0d00c4983614291b938804a9df6b127
2006-01-10,15.9,15.9,ft^3/s,Approved,[],2025-03-11T21:24:03.840047+00:00,f0d00c4983614291b938804a9df6b127
2006-01-11,15.9,15.9,ft^3/s,Approved,[],2025-03-11T21:24:03.840047+00:00,f0d00c4983614291b938804a9df6b127
2006-01-12,16.0,16.0,ft^3/s,Approved,[],2025-03-11T21:24:03.840047+00:00,f0d00c4983614291b938804a9df6b127
2006-01-13,15.9,15.9,ft^3/s,Approved,[],2025-03-11T21:24:03.840047+00:00,f0d00c4983614291b938804a9df6b127
2006-01-14,15.8,15.8,ft^3/s,Approved,[],2025-03-11T21:24:03.840047+00:00,f0d00c4983614291b938804a9df6b127
2006-01-15,16.0,16.0,ft^3/s,Approved,[],2025-03-11T21:24:03.840047+00:00,f0d00c4983614291b938804a9df6b127
2006-01-16,16.3,16.3,ft^3/s,Approved,[],2025-03-11T21:24:03.840047+00:00,f0d00c4983614291b938804a9df6b127
2006-01-17,16.0,16.0,ft^3/s,Approved,[],2025-03-11T21:24:03.840047+00:00,f0d00c4983614291b938804a9df6b127
2006-01-18,16.0,16.0,ft^3/s,Approved,[],2025-03-11T21:24:03.840047+00:00,f0d00c4983614291b938804a9df6b127
2006-01-19,16.1,16.1,ft^3/s,Approved,[],2025-03-11T21:24:03.840047+00:00,f0d00c4983614291b938804a9df6b127
2006-01-20,16.1,16.1,ft^3/s,Approved,[],2025-03-11T21:24:03.840047+00:00,f0d00c4983614291b938804a9df6b127
2006-01-21,16.1,16.1,ft^3/s,Approved,[],2025-03-11T21:24:03.840047+00:00,f0d00c4983614291b938804a9df6b127
2006-01-22,15.9,15.9,ft^3/s,Approved,[],2025-03-11T21:24:03.840047+00:00,f0d00c4983614291b938804a9df6b127
2006-01-23,15.8,15.8,ft^3/s,Approved,[],2025-03-11T21:24:03.840047+00:00,f0d00c4983614291b938804a9df6b127
2006-01-24,15.7,15.7,ft^3/s,Approved,[],2025-03-11T21:24:03.840047+00:00,f0d00c4983614291b938804a9df6b127
2006-01-25,15.6,15.6,ft^3/s,Approved,[],2025-03-11T21:24:03.840047+00:00,f0d00c4983614291b938804a9df6b127
2006-01-26,15.6,15.6,ft^3/s,Approved,[],2025-03-11T21:24:03.840047+00:00,f0d00c4983614291b938804a9df6b127
2006-01-27,15.6,15.6,ft^3/s,Approved,[],2025-03-11T21:24:03.840047+00:00,f0d00c4983614291b938804a9df6b127
2006-01-28,15.7,15.7,ft^3/s,Approved,[],2025-03-11T21:24:03.840047+00:00,f0d00c4983614291b938804a9df6b127
2006-01-29,15.7,15.7,ft^3/s,Approved,[],2025-03-11T21:24:03.840047+00:00,f0d00c4983614291b938804a9df6b127
2006-01-30,15.8,15.8,ft^3/s,Approved,[],2025-03-11T21:24:03.840047+00:00,f0d00c4983614291b938804a9df6b127
2006-01-31,15.9,15.9,ft^3/s,Approved,[],2025-03-11T21:24:03.840047+00:00,f0d00c4983614291b938804a9df6b127
2006-02-01,16.1,16.1,ft^3/s,Approved,[],2025-03-11T21:24:03.840047+00:00,f0d00c4983614291b938804a9df6b127
2006-02-02,16.0,16.0,ft^3/s,Approved,[],2025-03-11T21:24:03.840047+00:00,f0d00c4983614291b938804a9df6b127
2006-02-03,15.9,15.9,ft^3/s,Approved,[],2025-03-11T21:24:03.840047+00:00,f0d00c4983614291b938804a9df6b127
2006-02-04,15.7,15.7,ft^3/s,Approved,[],2025-03-11T21:24:03.840047+00:00,f0d00c4983614291b938804a9df6b127
2006-02-05,15.6,15.6,ft^3/s,Approved,[],2025-03-11T21:24:03.840047+00:00,f0d00c4983614291b938804a9df6b127
2006-02-06,15.6,15.6,ft^3/s,Approved,[],2025-03-11T21:24:03.840047+00:00,f0d00c4983614291b938804a9df6b127
2006-02-07,15.4,15.4,ft^3/s,Approved,[],2025-03-11T21:24:03.840047+00:00,f0d00c4983614291b938804a9df6b127
2006-02-08,15.3,15.3,ft^3/s,Approved,[],2025-03-11T21:24:03.840047+00:00,f0d00c4983614291b938804a9df6b127
2006-02-09,15.3,15.3,ft^3/s,Approved,[],2025-03-11T21:24:03.840047+00:00,f0d00c4983614291b938804a9df6b127
2006-02-10,15.4,15.4,ft^3/s,Approved,[],2025-03-11T21:24:03.840047+00:00,f0d00c4983614291b938804a9df6b127
2006-02-11,15.2,15.2,ft^3/s,Approved,[],2025-03-11T21:24:03.840047+00:00,f0d00c4983614291b938804a9df6b127
2006-02-12,15.0,15.0,ft^3/s,Approved,[],2025-03-11T21:24:03.840047+00:00,f0d00c4983614291b938804a9df6b127
2006-02-13,14.8,14.8,ft^3/s,Approved,[],2025-03-11T21:24:03.840047+00:00,f0d00c4983614291b938804a9df6b127
2006-02-14,14.9,14.9,ft^3/s,Approved,[],2025-03-11T21:24:03.840047+00:00,f0d00c4983614291b938804a9df6b127
2006-02-15,15.0,15.0,ft^3/s,Approved,[],2025-03-11T21:24:03.840047+00:00,f0d00c4983614291b938804a9df6b127
2006-02-16,15.0,15.0,ft^3/s,Approved,[],2025-03-11T21:24:03.840047+00:00,f0d00c4983614291b938804a9df6b127
2006-02-17,15.6,15.6,ft^3/s,Approved,[],2025-03-11T21:24:03.840047+00:00,f0d00c4983614291b938804a9df6b127
2006-02-18,16.1,16.1,ft^3/s,Approved,[],2025-03-11T21:24:03.840047+00:00,f0d00c4983614291b938804a9df6b127
2006-02-19,15.5,15.5,ft^3/s,Approved,[],2025-03-11T21:24:03.840047+00:00,f0d00c4983614291b938804a9df6b127
2006-02-20,15.3,15.3,ft^3/s,Approved,[],2025-03-11T21:24:03.840047+00:00,f0d00c4983614291b938804a9df6b127
2006-02-21,15.2,15.2,ft^3/s,Approved,[],2025-03-11T21:24:03.840047+00:00,f0d00c4983614291b938804a9df6b127
2006-02-22,15.1,15.1,ft^3/s,Approved,[],2025-03-11T21:24:03.840047+00:00,f0d00c4983614291b938804a9df6b127
2006-02-23,15.0,15.0,ft^3/s,Approved,[],2025-03-11T21:24:03.840047+00:00,f0d00c4983614291b938804a9df6b127
2006-02-24,14.8,14.8,ft^3/s,Approved,[],2025-03-11T21:24:03.840047+00:00,f0d00c4983614291b938804a9df6b127
2006-02-25,14.9,14.9,ft^3/s,Approved,[],2025-03-11T21:24:03.840047+00:00,f0d00c4983614291b938804a9df6b127
2006-02-26,14.8,14.8,ft^3/s,Approved,[],2025-03-11T21:24:03.840047+00:00,f0d00c4983614291b938804a9df6b127
2006-02-27,14.8,14.8,ft^3/s,Approved,[],2025-03-11T21:24:03.840047+00:00,f0d00c4983614291b938804a9df6b127
2006-02-28,14.9,14.9,ft^3/s,Approved,[],2025-03-11T21:24:03.840047+00:00,f0d00c4983614291b938804a9df6b127
2006-03-01,15.0,15.0,ft^3/s,Approved,[],2025-03-11T21:24:03.840047+00:00,f0d00c4983614291b938804a9df6b127
2006-03-02,15.0,15.0,ft^3/s,Approved,[],2025-03-11T21:24:03.840047+00:00,f0d00c4983614291b938804a9df6b127
2006-03-03,14.9,14.9,ft^3/s,Approved,[],2025-03-11T21:24:03.840047+00:00,f0d00c4983614291b938804a9df6b127
2006-03-04,14.9,14.9,ft^3/s,Approved,[],2025-03-11T21:24:03.840047+00:00,f0d00c4983614291b938804a9df6b127
2006-03-05,15.0,15.0,ft^3/s,Approved,[],2025-03-11T21:24:03.840047+00:00,f0d00c4983614291b938804a9df6b127
2006-03-06,15.0,15.0,ft^3/s,Approved,[],2025-03-11T21:24:03.840047+00:00,f0d00c4983614291b938804a9df6b127
2006-03-07,15.1,15.1,ft^3/s,Approved,[],2025-03-11T21:24:03.840047+00:00,f0d00c4983614291b938804a9df6b127
2006-03-08,15.2,15.2,ft^3/s,Approved,[],2025-03-11T21:24:03.840047+00:00,f0d00c4983614291b938804a9df6b127
2006-03-09,15.3,15.3,ft^3/s,Approved,[],2025-03-11T21:24:03.840047+00:00,f0d00c4983614291b938804a9df6b127
2006-03-10,15.3,15.3,ft^3/s,Approved,[],2025-03-11T21:24:03.840047+00:00,f0d00c4983614291b938804a9df6b127
2006-03-11,16.1,16.1,ft^3/s,Approved,[],2025-03-11T21:24:03.840047+00:00,f0d00c4983614291b938804a9df6b127
2006-03-12,17.0,17.0,ft^3/s,Approved,[],2025-03-11T21:24:03.840047+00:00,f0d00c4983614291b938804a9df6b127
2006-03-13,17.2,17.2,ft^3/s,Approved,[],2025-03-11T21:24:03.840047+00:00,f0d00c4983614291b938804a9df6b127
2006-03-14,17.0,17.0,ft^3/s,Approved,[],2025-03-11T21:24:03.840047+00:00,f0d00c4983614291b938804a9df6b127
2006-03-15,16.9,16.9,ft^3/s,Approved,[],2025-03-11T21:24:03.840047+00:00,f0d00c4983614291b938804a9df6b127
2006-03-16,17.2,17.2,ft^3/s,Approved,[],2025-03-11T21:24:03.840047+00:00,f0d00c4983614291b938804a9df6b127
2006-03-17,17.1,17.1,ft^3/s,Approved,[],2025-03-11T21:24:03.840047+00:00,f0d00c4983614291b938804a9df6b127
2006-03-18,17.0,17.0,ft^3/s,Approved,[],2025-03-11T21:24:03.840047+00:00,f0d00c4983614291b938804a9df6b127
2006-03-19,17.3,17.3,ft^3/s,Approved,[],2025-03-11T21:24:03.840047+00:00,f0d00c4983614291b938804a9df6b127
2006-03-20,18.6,18.6,ft^3/s,Approved,[],2025-03-11T21:24:03.840047+00:00,f0d00c4983614291b938804a9df6b127
2006-03-21,19.2,19.2,ft^3/s,Approved,[],2025-03-11T21:24:03.840047+00:00,f0d00c4983614291b938804a9df6b127
2006-03-22,19.1,19.1,ft^3/s,Approved,[],2025-03-11T21:24:03.840047+00:00,f0d00c4983614291b938804a9df6b127
2006-03-23,18.3,18.3,ft^3/s,Approved,[],2025-03-11T21:24:03.840047+00:00,f0d00c4983614291b938804a9df6b127
2006-03-24,17.4,17.4,ft^3/s,Approved,[],2025-03-11T21:24:03.840047+00:00,f0d00c4983614291b938804a9df6b127
2006-03-25,16.4,16.4,ft^3/s,Approved,[],2025-03-11T21:24:03.840047+00:00,f0d00c4983614291b938804a9df6b127
2006-03-26,15.8,15.8,ft^3/s,Approved,[],2025-03-11T21:24:03.840047+00:00,f0d00c4983614291b938804a9df6b127
2006-03-27,15.8,15.8,ft^3/s,Approved,[],2025-03-11T21:24:03.840047+00:00,f0d00c4983614291b938804a9df6b127
2006-03-28,16.4,16.4,ft^3/s,Approved,[],2025-03-11T21:24:03.840047+00:00,f0d00c4983614291b938804a9df6b127
2006-03-29,16.2,16.2,ft^3/s,Approved,[],2025-03-11T21:24:03.840047+00:00,f0d00c4983614291b938804a9df6b127
2006-03-30,15.5,15.5,ft^3/s,Approved,[],2025-03-11T21:24:03.840047+00:00,f0d00c4983614291b938804a9df6b127
2006-03-31,15.3,15.3,ft^3/s,Approved,[],2025-03-11T21:24:03.840047+00:00,f0d00c4983614291b938804a9df6b127
2006-04-01,15.0,15.0,ft^3/s,Approved,[],2025-03-11T21:24:03.840047+00:00,f0d00c4983614291b938804a9df6b127
2006-04-02,14.8,14.8,ft^3/s,Approved,[],2025-03-11T21:24:03.840047+00:00,f0d00c4983614291b938804a9df6b127
2006-04-03,14.5,14.5,ft^3/s,Approved,[],2025-03-11T21:24:03.840047+00:00,f0d00c4983614291b938804a9df6b127
2006-04-04,14.2,14.2,ft^3/s,Approved,[],2025-03-11T21:24:03.840047+00:00,f0d00c4983614291b938804a9df6b127
2006-04-05,14.1,14.1,ft^3/s,Approved,[],2025-03-11T21:24:03.840047+00:00,f0d00c4983614291b938804a9df6b127
2006-04-06,14.0,14.0,ft^3/s,Approved,[],2025-03-11T21:24:03.840047+00:00,f0d00c4983614291b938804a9df6b127
2006-04-07,13.7,13.7,ft^3/s,Approved,[],2025-03-11T21:24:03.840047+00:00,f0d00c4983614291b938804a9df6b127
2006-04-08,13.3,13.3,ft^3/s,Approved,[],2025-03-11T21:24:03.840047+00:00,f0d00c4983614291b938804a9df6b127
2006-04-09,13.3,13.3,ft^3/s,Approved,[],2025-03-11T21:24:03.840047+00:00,f0d00c4983614291b938804a9df6b127
2006-04-10,13.1,13.1,ft^3/s,Approved,[],2025-03-11T21:24:03.840047+00:00,f0d00c4983614291b938804a9df6b127
2006-04-11,12.9,12.9,ft^3/s,Approved,[],2025-03-11T21:24:03.840047+00:00,f0d00c4983614291b938804a9df6b127
2006-04-12,12.8,12.8,ft^3/s,Approved,[],2025-03-11T21:24:03.840047+00:00,f0d00c4983614291b938804a9df6b127
2006-04-13,12.7,12.7,ft^3/s,Approved,[],2025-03-11T21:24:03.840047+00:00,f0d00c4983614291b938804a9df6b127
2006-04-14,12.3,12.3,ft^3/s,Approved,[],2025-03-11T21:24:03.840047+00:00,f0d00c4983614291b938804a9df6b127
2006-04-15,12.0,12.0,ft^3/s,Approved,[],2025-03-11T21:24:03.840047+00:00,f0d00c4983614291b938804a9df6b127
2006-04-16,12.0,12.0,ft^3/s,Approved,[],2025-03-11T21:24:03.840047+00:00,f0d00c4983614291b938804a9df6b127
2006-04-17,11.9,11.9,ft^3/s,Approved,[],2025-03-11T21:24:03.840047+00:00,f0d00c4983614291b938804a9df6b127
2006-04-18,11.9,11.9,ft^3/s,Approved,[],2025-03-11T21:24:03.840047+00:00,f0d00c4983614291b938804a9df6b127
2006-04-19,11.7,11.7,ft^3/s,Approved,[],2025-03-11T21:24:03.840047+00:00,f0d00c4983614291b938804a9df6b127
2006-04-20,11.9,11.9,ft^3/s,Approved,[],2025-03-11T21:24:03.840047+00:00,f0d00c4983614291b938804a9df6b127
2006-04-21,12.6,12.6,ft^3/s,Approved,[],2025-03-11T21:24:03.840047+00:00,f0d00c4983614291b938804a9df6b127
2006-04-22,12.6,12.6,ft^3/s,Approved,[],2025-03-11T21:24:03.840047+00:00,f0d00c4983614291b938804a9df6b127
2006-04-23,12.3,12.3,ft^3/s,Approved,[],2025-03-11T21:24:03.840047+00:00,f0d00c4983614291b938804a9df6b127
2006-04-24,12.4,12.4,ft^3/s,Approved,[],2025-03-11T21:24:03.840047+00:00,f0d00c4983614291b938804a9df6b127
2006-04-25,12.3,12.3,ft^3/s,Approved,[],2025-03-11T21:24:03.840047+00:00,f0d00c4983614291b938804a9df6b127
2006-04-26,12.1,12.1,ft^3/s,Approved,[],2025-03-11T21:24:03.840047+00:00,f0d00c4983614291b938804a9df6b127
2006-04-27,11.9,11.9,ft^3/s,Approved,[],2025-03-11T21:24:03.840047+00:00,f0d00c4983614291b938804a9df6b127
2006-04-28,11.8,11.8,ft^3/s,Approved,[],2025-03-11T21:24:03.840047+00:00,f0d00c4983614291b938804a9df6b127
2006-04-29,12.8,12.8,ft^3/s,Approved,[],2025-03-11T21:24:03.840047+00:00,f0d00c4983614291b938804a9df6b127
2006-04-30,12.7,12.7,ft^3/s,Approved,[],2025-03-11T21:24:03.840047+00:00,f0d00c4983614291b938804a9df6b127
2006-05-01,12.4,12.4,ft^3/s,Approved,[],2025-03-11T21:24:03.840047+00:00,f0d00c4983614291b938804a9df6b127
2006-05-02,12.2,12.2,ft^3/s,Approved,[],2025-03-11T21:24:03.840047+00:00,f0d00c4983614291b938804a9df6b127
2006-05-03,12.0,12.0,ft^3/s,Approved,[],2025-03-11T21:24:03.840047+00:00,f0d00c4983614291b938804a9df6b127
2006-05-04,11.8,11.8,ft^3/s,Approved,[],2025-03-11T21:24:03.840047+00:00,f0d00c4983614291b938804a9df6b127
2006-05-05,24.9,24.9,ft^3/s,Approved,[],2025-03-11T21:24:03.840047+00:00,f0d00c4983614291b938804a9df6b127
2006-05-06,32.2,32.2,ft^3/s,Approved,[],2025-03-11T21:24:03.840047+00:00,f0d00c4983614291b938804a9df6b127
2006-05-07,28.7,28.7,ft^3/s,Approved,[],2025-03-11T21:24:03.840047+00:00,f0d00c4983614291b938804a9df6b127
2006-05-08,19.8,19.8,ft^3/s,Approved,[],2025-03-11T21:24:03.840047+00:00,f0d00c4983614291b938804a9df6b127
2006-05-09,17.0,17.0,ft^3/s,Approved,[],2025-03-11T21:24:03.840047+00:00,f0d00c4983614291b938804a9df6b127
2006-05-10,15.0,15.0,ft^3/s,Approved,[],2025-03-11T21:24:03.840047+00:00,f0d00c4983614291b938804a9df6b127
2006-05-11,14.0,14.0,ft^3/s,Approved,[],2025-03-11T21:24:03.840047+00:00,f0d00c4983614291b938804a9df6b127
2006-05-12,13.2,13.2,ft^3/s,Approved,[],2025-03-11T21:24:03.840047+00:00,f0d00c4983614291b938804a9df6b127
2006-05-13,12.6,12.6,ft^3/s,Approved,[],2025-03-11T21:24:03.840047+00:00,f0d00c4983614291b938804a9df6b127
2006-05-14,12.0,12.0,ft^3/s,Approved,[],2025-03-11T21:24:03.840047+00:00,f0d00c4983614291b938804a9df6b127
2006-05-15,11.2,11.2,ft^3/s,Approved,[],2025-03-11T21:24:03.840047+00:00,f0d00c4983614291b938804a9df6b127
2006-05-16,11.0,11.0,ft^3/s,Approved,[],2025-03-11T21:24:03.840047+00:00,f0d00c4983614291b938804a9df6b127
2006-05-17,11.1,11.1,ft^3/s,Approved,[],2025-03-11T21:24:03.840047+00:00,f0d00c4983614291b938804a9df6b127
2006-05-18,10.5,10.5,ft^3/s,Approved,[],2025-03-11T21:24:03.840047+00:00,f0d00c4983614291b938804a9df6b127
2006-05-19,10.1,10.1,ft^3/s,Approved,[],2025-03-11T21:24:03.840047+00:00,f0d00c4983614291b938804a9df6b127
2006-05-20,9.66,9.66,ft^3/s,Approved,[],2025-03-11T21:24:03.840047+00:00,f0d00c4983614291b938804a9df6b127
2006-05-21,9.36,9.36,ft^3/s,Approved,[],2025-03-11T21:24:03.840047+00:00,f0d00c4983614291b938804a9df6b127
2006-05-22,9.18,9.18,ft^3/s,Approved,[],2025-03-11T21:24:03.840047+00:00,f0d00c4983614291b938804a9df6b127
2006-05-23,8.86,8.86,ft^3/s,Approved,[],2025-03-11T21:24:03.840047+00:00,f0d00c4983614291b938804a9df6b127
2006-05-24,8.71,8.71,ft^3/s,Approved,[],2025-03-11T21:24:03.840047+00:00,f0d00c4983614291b938804a9df6b127
2006-05-25,8.6,8.60,ft^3/s,Approved,[],2025-03-11T21:24:03.840047+00:00,f0d00c4983614291b938804a9df6b127
2006-05-26,8.65,8.65,ft^3/s,Approved,[],2025-03-11T21:24:03.840047+00:00,f0d00c4983614291b938804a9df6b127
2006-05-27,8.23,8.23,ft^3/s,Approved,[],2025-03-11T21:24:03.840047+00:00,f0d00c4983614291b938804a9df6b127
2006-05-28,8.34,8.34,ft^3/s,Approved,[],2025-03-11T21:24:03.840047+00:00,f0d00c4983614291b938804a9df6b127
2006-05-29,8.45,8.45,ft^3/s,Approved,[],2025-03-11T21:24:03.840047+00:00,f0d00c4983614291b938804a9df6b127
2006-05-30,8.26,8.26,ft^3/s,Approved,[],2025-03-11T21:24:03.840047+00:00,f0d00c4983614291b938804a9df6b127
2006-05-31,8.38,8.38,ft^3/s,Approved,[],2025-03-11T21:24:03.840047+00:00,f0d00c4983614291b938804a9df6b127
2006-06-01,8.39,8.39,ft^3/s,Approved,[],2025-03-11T21:24:03.840047+00:00,f0d00c4983614291b938804a9df6b127
2006-06-02,8.56,8.56,ft^3/s,Approved,[],2025-03-11T21:24:03.840047+00:00,f0d00c4983614291b938804a9df6b127
2006-06-03,8.35,8.35,ft^3/s,Approved,[],2025-03-11T21:24:03.840047+00:00,f0d00c4983614291b938804a9df6b127
2006-06-04,7.86,7.86,ft^3/s,Approved,[],2025-03-11T21:24:03.840047+00:00,f0d00c4983614291b938804a9df6b127
2006-06-05,7.66,7.66,ft^3/s,Approved,[],2025-03-11T21:24:03.840047+00:00,f0d00c4983614291b938804a9df6b127
2006-06-06,7.57,7.57,ft^3/s,Approved,[],2025-03-11T21:24:03.840047+00:00,f0d00c4983614291b938804a9df6b127
2006-06-07,7.3,7.30,ft^3/s,Approved,[],2025-03-11T21:24:03.840047+00:00,f0d00c4983614291b938804a9df6b127
2006-06-08,6.9,6.90,ft^3/s,Approved,[],2025-03-11T21:24:03.840047+00:00,f0d00c4983614291b938804a9df6b127
2006-06-09,6.87,6.87,ft^3/s,Approved,[],2025-03-11T21:24:03.840047+00:00,f0d00c4983614291b938804a9df6b127
2006-06-10,6.4,6.40,ft^3/s,Approved,[],2025-03-11T21:24:03.840047+00:00,f0d00c4983614291b938804a9df6b127
2006-06-11,6.34,6.34,ft^3/s,Approved,[],2025-03-11T21:24:03.840047+00:00,f0d00c4983614291b938804a9df6b127
2006-06-12,6.35,6.35,ft^3/s,Approved,[],2025-03-11T21:24:03.840047+00:00,f0d00c4983614291b938804a9df6b127
2006-06-13,5.94,5.94,ft^3/s,Approved,[],2025-03-11T21:24:03.840047+00:00,f0d00c4983614291b938804a9df6b127
2006-06-14,5.92,5.92,ft^3/s,Approved,[],2025-03-11T21:24:03.840047+00:00,f0d00c4983614291b938804a9df6b127
2006-06-15,5.87,5.87,ft^3/s,Approved,[],2025-03-11T21:24:03.840047+00:00,f0d00c4983614291b938804a9df6b127
2006-06-16,5.66,5.66,ft^3/s,Approved,[],2025-03-11T21:24:03.840047+00:00,f0d00c4983614291b938804a9df6b127
2006-06-17,8.86,8.86,ft^3/s,Approved,[],2025-03-11T21:24:03.840047+00:00,f0d00c4983614291b938804a9df6b127
2006-06-18,11.7,11.7,ft^3/s,Approved,[],2025-03-11T21:24:03.840047+00:00,f0d00c4983614291b938804a9df6b127
2006-06-19,10.9,10.9,ft^3/s,Approved,[],2025-03-11T21:24:03.840047+00:00,f0d00c4983614291b938804a9df6b127
2006-06-20,10.4,10.4,ft^3/s,Approved,[],2025-03-11T21:24:03.840047+00:00,f0d00c4983614291b938804a9df6b127
2006-06-21,9.34,9.34,ft^3/s,Approved,[],2025-03-11T21:24:03.840047+00:00,f0d00c4983614291b938804a9df6b127
2006-06-22,8.94,8.94,ft^3/s,Approved,[],2025-03-11T21:24:03.840047+00:00,f0d00c4983614291b938804a9df6b127
2006-06-23,8.36,8.36,ft^3/s,Approved,[],2025-03-11T21:24:03.840047+00:00,f0d00c4983614291b938804a9df6b127
2006-06-24,8.53,8.53,ft^3/s,Approved,[],2025-03-11T21:24:03.840047+00:00,f0d00c4983614291b938804a9df6b127
2006-06-25,8.17,8.17,ft^3/s,Approved,[],2025-03-11T21:24:03.840047+00:00,f0d00c4983614291b938804a9df6b127
2006-06-26,7.78,7.78,ft^3/s,Approved,[],2025-03-11T21:24:03.840047+00:00,f0d00c4983614291b938804a9df6b127
2006-06-27,7.61,7.61,ft^3/s,Approved,[],2025-03-11T21:24:03.840047+00:00,f0d00c4983614291b938804a9df6b127
2006-06-28,7.69,7.69,ft^3/s,Approved,[],2025-03-11T21:24:03.840047+00:00,f0d00c4983614291b938804a9df6b127
2006-06-29,7.27,7.27,ft^3/s,Approved,[],2025-03-11T21:24:03.840047+00:00,f0d00c4983614291b938804a9df6b127
2006-06-30,7.22,7.22,ft^3/s,Approved,[],2025-03-11T21:24:03.840047+00:00,f0d00c4983614291b938804a9df6b127
2006-07-01,7.33,7.33,ft^3/s,Approved,[],2025-03-11T21:24:03.840047+00:00,f0d00c4983614291b938804a9df6b127
2006-07-02,7.35,7.35,ft^3/s,Approved,[],2025-03-11T21:24:03.840047+00:00,f0d00c4983614291b938804a9df6b127
2006-07-03,7.39,7.39,ft^3/s,Approved,[],2025-03-11T21:24:03.840047+00:00,f0d00c4983614291b938804a9df6b127
2006-07-04,10.0,10.0,ft^3/s,Approved,[],2025-03-11T21:24:03.840047+00:00,f0d00c4983614291b938804a9df6b127
2006-07-05,66.1,66.1,ft^3/s,Approved,[],2025-03-11T21:24:03.840047+00:00,f0d00c4983614291b938804a9df6b127
2006-07-06,52.3,52.3,ft^3/s,Approved,[],2025-03-11T21:24:03.840047+00:00,f0d00c4983614291b938804a9df6b127
2006-07-07,25.0,25.0,ft^3/s,Approved,[],2025-03-11T21:24:03.840047+00:00,f0d00c4983614291b938804a9df6b127
2006-07-08,18.9,18.9,ft^3/s,Approved,[],2025-03-11T21:24:03.840047+00:00,f0d00c4983614291b938804a9df6b127
2006-07-09,15.7,15.7,ft^3/s,Approved,[],2025-03-11T21:24:03.840047+00:00,f0d00c4983614291b938804a9df6b127
2006-07-10,14.4,14.4,ft^3/s,Approved,[],2025-03-11T21:24:03.840047+00:00,f0d00c4983614291b938804a9df6b127
2006-07-11,13.4,13.4,ft^3/s,Approved,[],2025-03-11T21:24:03.840047+00:00,f0d00c4983614291b938804a9df6b127
2006-07-12,12.6,12.6,ft^3/s,Approved,[],2025-03-11T21:24:03.840047+00:00,f0d00c4983614291b938804a9df6b127
2006-07-13,11.9,11.9,ft^3/s,Approved,[],2025-03-11T21:24:03.840047+00:00,f0d00c4983614291b938804a9df6b127
2006-07-14,11.2,11.2,ft^3/s,Approved,[],2025-03-11T21:24:03.840047+00:00,f0d00c4983614291b938804a9df6b127
2006-07-15,10.5,10.5,ft^3/s,Approved,[],2025-03-11T21:24:03.840047+00:00,f0d00c4983614291b938804a9df6b127
2006-07-16,9.88,9.88,ft^3/s,Approved,[],2025-03-11T21:24:03.840047+00:00,f0d00c4983614291b938804a9df6b127
2006-07-17,9.39,9.39,ft^3/s,Approved,[],2025-03-11T21:24:03.840047+00:00,f0d00c4983614291b938804a9df6b127
2006-07-18,8.86,8.86,ft^3/s,Approved,[],2025-03-11T21:24:03.840047+00:00,f0d00c4983614291b938804a9df6b127
2006-07-19,8.43,8.43,ft^3/s,Approved,[],2025-03-11T21:24:03.840047+00:00,f0d00c4983614291b938804a9df6b127
2006-07-20,8.07,8.07,ft^3/s,Approved,[],2025-03-11T21:24:03.840047+00:00,f0d00c4983614291b938804a9df6b127
2006-07-21,7.75,7.75,ft^3/s,Approved,[],2025-03-11T21:24:03.840047+00:00,f0d00c4983614291b938804a9df6b127
2006-07-22,7.62,7.62,ft^3/s,Approved,[],2025-03-11T21:24:03.840047+00:00,f0d00c4983614291b938804a9df6b127
2006-07-23,7.6,7.60,ft^3/s,Approved,[],2025-03-11T21:24:03.840047+00:00,f0d00c4983614291b938804a9df6b127
2006-07-24,7.34,7.34,ft^3/s,Approved,[],2025-03-11T21:24:03.840047+00:00,f0d00c4983614291b938804a9df6b127
2006-07-25,7.26,7.26,ft^3/s,Approved,[],2025-03-11T21:24:03.840047+00:00,f0d00c4983614291b938804a9df6b127
2006-07-26,7.3,7.30,ft^3/s,Approved,[],2025-03-11T21:24:03.840047+00:00,f0d00c4983614291b938804a9df6b127
2006-07-27,7.14,7.14,ft^3/s,Approved,[],2025-03-11T21:24:03.840047+00:00,f0d00c4983614291b938804a9df6b127
2006-07-28,6.96,6.96,ft^3/s,Approved,[],2025-03-11T21:24:03.840047+00:00,f0d00c4983614291b938804a9df6b127
2006-07-29,6.83,6.83,ft^3/s,Approved,[],2025-03-11T21:24:03.840047+00:00,f0d00c4983614291b938804a9df6b127
2006-07-30,6.56,6.56,ft^3/s,Approved,[],2025-03-11T21:24:03.840047+00:00,f0d00c4983614291b938804a9df6b127
2006-07-31,6.47,6.47,ft^3/s,Approved,[],2025-03-11T21:24:03.840047+00:00,f0d00c4983614291b938804a9df6b127
2006-08-01,6.34,6.34,ft^3/s,Approved,[],2025-03-11T21:24:03.840047+00:00,f0d00c4983614291b938804a9df6b127
2006-08-02,6.43,6.43,ft^3/s,Approved,[],2025-03-11T21:24:03.840047+00:00,f0d00c4983614291b938804a9df6b127
2006-08-03,6.88,6.88,ft^3/s,Approved,[],2025-03-11T21:24:03.840047+00:00,f0d00c4983614291b938804a9df6b127
2006-08-04,6.6,6.60,ft^3/s,Approved,[],2025-03-11T21:24:03.840047+00:00,f0d00c4983614291b938804a9df6b127
2006-08-05,6.5,6.50,ft^3/s,Approved,[],2025-03-11T21:24:03.840047+00:00,f0d00c4983614291b938804a9df6b127
2006-08-06,6.51,6.51,ft^3/s,Approved,[],2025-03-11T21:24:03.840047+00:00,f0d00c4983614291b938804a9df6b127
2006-08-07,6.51,6.51,ft^3/s,Approved,[],2025-03-11T21:24:03.840047+00:00,f0d00c4983614291b938804a9df6b127
2006-08-08,6.31,6.31,ft^3/s,Approved,[],2025-03-11T21:24:03.840047+00:00,f0d00c4983614291b938804a9df6b127
2006-08-09,6.26,6.26,ft^3/s,Approved,[],2025-03-11T21:24:03.840047+00:00,f0d00c4983614291b938804a9df6b127
2006-08-10,6.25,6.25,ft^3/s,Approved,[],2025-03-11T21:24:03.840047+00:00,f0d00c4983614291b938804a9df6b127
2006-08-11,5.91,5.91,ft^3/s,Approved,[],2025-03-11T21:24:03.840047+00:00,f0d00c4983614291b938804a9df6b127
2006-08-12,6.08,6.08,ft^3/s,Approved,[],2025-03-11T21:24:03.840047+00:00,f0d00c4983614291b938804a9df6b127
2006-08-13,5.91,5.91,ft^3/s,Approved,[],2025-03-11T21:24:03.840047+00:00,f0d00c4983614291b938804a9df6b127
2006-08-14,5.84,5.84,ft^3/s,Approved,[],2025-03-11T21:24:03.840047+00:00,f0d00c4983614291b938804a9df6b127
2006-08-15,5.85,5.85,ft^3/s,Approved,[],2025-03-11T21:24:03.840047+00:00,f0d00c4983614291b938804a9df6b127
2006-08-16,5.7,5.70,ft^3/s,Approved,[],2025-03-11T21:24:03.840047+00:00,f0d00c4983614291b938804a9df6b127
2006-08-17,5.62,5.62,ft^3/s,Approved,[],2025-03-11T21:24:03.840047+00:00,f0d00c4983614291b938804a9df6b127
2006-08-18,5.26,5.26,ft^3/s,Approved,[],2025-03-11T21:24:03.840047+00:00,f0d00c4983614291b938804a9df6b127
2006-08-19,5.3,5.30,ft^3/s,Approved,[],2025-03-11T21:24:03.840047+00:00,f0d00c4983614291b938804a9df6b127
2006-08-20,5.35,5.35,ft^3/s,Approved,[],2025-03-11T21:24:03.840047+00:00,f0d00c4983614291b938804a9df6b127
2006-08-21,5.65,5.65,ft^3/s,Approved,[],2025-03-11T21:24:03.840047+00:00,f0d00c4983614291b938804a9df6b127
2006-08-22,5.5,5.50,ft^3/s,Approved,[],2025-03-11T21:24:03.840047+00:00,f0d00c4983614291b938804a9df6b127
2006-08-23,5.48,5.48,ft^3/s,Approved,[],2025-03-11T21:24:03.840047+00:00,f0d00c4983614291b938804a9df6b127
2006-08-24,5.71,5.71,ft^3/s,Approved,[],2025-03-11T21:24:03.840047+00:00,f0d00c4983614291b938804a9df6b127
2006-08-25,5.59,5.59,ft^3/s,Approved,[],2025-03-11T21:24:03.840047+00:00,f0d00c4983614291b938804a9df6b127
2006-08-26,5.42,5.42,ft^3/s,Approved,[],2025-03-11T21:24:03.840047+00:00,f0d00c4983614291b938804a9df6b127
2006-08-27,5.31,5.31,ft^3/s,Approved,[],2025-03-11T21:24:03.840047+00:00,f0d00c4983614291b938804a9df6b127
2006-08-28,5.49,5.49,ft^3/s,Approved,[],2025-03-11T21:24:03.840047+00:00,f0d00c4983614291b938804a9df6b127
2006-08-29,6.09,6.09,ft^3/s,Approved,[],2025-03-11T21:24:03.840047+00:00,f0d00c4983614291b938804a9df6b127
2006-08-30,6.66,6.66,ft^3/s,Approved,[],2025-03-11T21:24:03.840047+00:00,f0d00c4983614291b938804a9df6b127
2006-08-31,6.53,6.53,ft^3/s,Approved,[],2025-03-11T21:24:03.840047+00:00,f0d00c4983614291b938804a9df6b127
2006-09-01,6.45,6.45,ft^3/s,Approved,[],2025-03-11T21:24:03.840047+00:00,f0d00c4983614291b938804a9df6b127
2006-09-02,6.38,6.38,ft^3/s,Approved,[],2025-03-11T21:24:03.840047+00:00,f0d00c4983614291b938804a9df6b127
2006-09-03,6.24,6.24,ft^3/s,Approved,[],2025-03-11T21:24:03.840047+00:00,f0d00c4983614291b938804a9df6b127
2006-09-04,6.27,6.27,ft^3/s,Approved,[],2025-03-11T21:24:03.840047+00:00,f0d00c4983614291b938804a9df6b127
2006-09-05,8.27,8.27,ft^3/s,Approved,[],2025-03-11T21:24:03.840047+00:00,f0d00c4983614291b938804a9df6b127
2006-09-06,9.51,9.51,ft^3/s,Approved,[],2025-03-11T21:24:03.840047+00:00,f0d00c4983614291b938804a9df6b127
2006-09-07,8.41,8.41,ft^3/s,Approved,[],2025-03-11T21:24:03.840047+00:00,f0d00c4983614291b938804a9df6b127
2006-09-08,7.97,7.97,ft^3/s,Approved,[],2025-03-11T21:24:03.840047+00:00,f0d00c4983614291b938804a9df6b127
2006-09-09,7.89,7.89,ft^3/s,Approved,[],2025-03-11T21:24:03.840047+00:00,f0d00c4983614291b938804a9df6b127
2006-09-10,8.17,8.17,ft^3/s,Approved,[],2025-03-11T21:24:03.840047+00:00,f0d00c4983614291b938804a9df6b127
2006-09-11,8.22,8.22,ft^3/s,Approved,[],2025-03-11T21:24:03.840047+00:00,f0d00c4983614291b938804a9df6b127
2006-09-12,8.44,8.44,ft^3/s,Approved,[],2025-03-11T21:24:03.840047+00:00,f0d00c4983614291b938804a9df6b127
2006-09-13,9.17,9.17,ft^3/s,Approved,[],2025-03-11T21:24:03.840047+00:00,f0d00c4983614291b938804a9df6b127
2006-09-14,8.58,8.58,ft^3/s,Approved,[],2025-03-11T21:24:03.840047+00:00,f0d00c4983614291b938804a9df6b127
2006-09-15,8.37,8.37,ft^3/s,Approved,[],2025-03-11T21:24:03.840047+00:00,f0d00c4983614291b938804a9df6b127
2006-09-16,8.08,8.08,ft^3/s,Approved,[],2025-03-11T21:24:03.840047+00:00,f0d00c4983614291b938804a9df6b127
2006-09-17,7.86,7.86,ft^3/s,Approved,[],2025-03-11T21:24:03.840047+00:00,f0d00c4983614291b938804a9df6b127
2006-09-18,7.91,7.91,ft^3/s,Approved,[],2025-03-11T21:24:03.840047+00:00,f0d00c4983614291b938804a9df6b127
2006-09-19,9.09,9.09,ft^3/s,Approved,[],2025-03-11T21:24:03.840047+00:00,f0d00c4983614291b938804a9df6b127
2006-09-20,9.27,9.27,ft^3/s,Approved,[],2025-03-11T21:24:03.840047+00:00,f0d00c4983614291b938804a9df6b127
2006-09-21,8.67,8.67,ft^3/s,Approved,[],2025-03-11T21:24:03.840047+00:00,f0d00c4983614291b938804a9df6b127
2006-09-22,8.25,8.25,ft^3/s,Approved,[],2025-03-11T21:24:03.840047+00:00,f0d00c4983614291b938804a9df6b127
2006-09-23,7.95,7.95,ft^3/s,Approved,[],2025-03-11T21:24:03.840047+00:00,f0d00c4983614291b938804a9df6b127
2006-09-24,7.75,7.75,ft^3/s,Approved,[],2025-03-11T21:24:03.840047+00:00,f0d00c4983614291b938804a9df6b127
2006-09-25,7.4,7.40,ft^3/s,Approved,[],2025-03-11T21:24:03.840047+00:00,f0d00c4983614291b938804a9df6b127
2006-09-26,7.23,7.23,ft^3/s,Approved,[],2025-03-11T21:24:03.840047+00:00,f0d00c4983614291b938804a9df6b127
2006-09-27,7.69,7.69,ft^3/s,Approved,[],2025-03-11T21:24:03.840047+00:00,f0d00c4983614291b938804a9df6b127
2006-09-28,7.56,7.56,ft^3/s,Approved,[],2025-03-11T21:24:03.840047+00:00,f0d00c4983614291b938804a9df6b127
2006-09-29,7.37,7.37,ft^3/s,Approved,[],2025-03-11T21:24:03.840047+00:00,f0d00c4983614291b938804a9df6b127
2006-09-30,7.01,7.01,ft^3/s,Approved,[],2025-03-11T21:24:03.840047+00:00,f0d00c4983614291b938804a9df6b127
2006-10-01,7.11,7.11,ft^3/s,Approved,[],2025-03-11T21:24:03.840047+00:00,f0d00c4983614291b938804a9df6b127
2006-10-02,7.08,7.08,ft^3/s,Approved,[],2025-03-11T21:24:03.840047+00:00,f0d00c4983614291b938804a9df6b127
2006-10-03,6.9,6.90,ft^3/s,Approved,[],2025-03-11T21:24:03.840047+00:00,f0d00c4983614291b938804a9df6b127
2006-10-04,6.73,6.73,ft^3/s,Approved,[],2025-03-11T21:24:03.840047+00:00,f0d00c4983614291b938804a9df6b127
2006-10-05,6.58,6.58,ft^3/s,Approved,[],2025-03-11T21:24:03.840047+00:00,f0d00c4983614291b938804a9df6b127
2006-10-06,6.42,6.42,ft^3/s,Approved,[],2025-03-11T21:24:03.840047+00:00,f0d00c4983614291b938804a9df6b127
2006-10-07,6.33,6.33,ft^3/s,Approved,[],2025-03-11T21:24:03.840047+00:00,f0d00c4983614291b938804a9df6b127
2006-10-08,6.41,6.41,ft^3/s,Approved,[],2025-03-11T21:24:03.840047+00:00,f0d00c4983614291b938804a9df6b127
2006-10-09,6.33,6.33,ft^3/s,Approved,[],2025-03-11T21:24:03.840047+00:00,f0d00c4983614291b938804a9df6b127
2006-10-10,6.96,6.96,ft^3/s,Approved,[],2025-03-11T21:24:03.840047+00:00,f0d00c4983614291b938804a9df6b127
2006-10-11,8.17,8.17,ft^3/s,Approved,[],2025-03-11T21:24:03.840047+00:00,f0d00c4983614291b938804a9df6b127
2006-10-12,7.65,7.65,ft^3/s,Approved,[],2025-03-11T21:24:03.840047+00:00,f0d00c4983614291b938804a9df6b127
2006-10-13,8.41,8.41,ft^3/s,Approved,[],2025-03-11T21:24:03.840047+00:00,f0d00c4983614291b938804a9df6b127
2006-10-14,8.64,8.64,ft^3/s,Approved,[],2025-03-11T21:24:03.840047+00:00,f0d00c4983614291b938804a9df6b127
2006-10-15,8.53,8.53,ft^3/s,Approved,[],2025-03-11T21:24:03.840047+00:00,f0d00c4983614291b938804a9df6b127
2006-10-16,10.5,10.5,ft^3/s,Approved,[],2025-03-11T21:24:03.840047+00:00,f0d00c4983614291b938804a9df6b127
2006-10-17,10.5,10.5,ft^3/s,Approved,[],2025-03-11T21:24:03.840047+00:00,f0d00c4983614291b938804a9df6b127
2006-10-18,9.07,9.07,ft^3/s,Approved,[],2025-03-11T21:24:03.840047+00:00,f0d00c4983614291b938804a9df6b127
2006-10-19,12.2,12.2,ft^3/s,Approved,[],2025-03-11T21:24:03.840047+00:00,f0d00c4983614291b938804a9df6b127
2006-10-20,10.3,10.3,ft^3/s,Approved,[],2025-03-11T21:24:03.840047+00:00,f0d00c4983614291b938804a9df6b127
2006-10-21,9.11,9.11,ft^3/s,Approved,[],2025-03-11T21:24:03.840047+00:00,f0d00c4983614291b938804a9df6b127
2006-10-22,8.27,8.27,ft^3/s,Approved,[],2025-03-11T21:24:03.840047+00:00,f0d00c4983614291b938804a9df6b127
2006-10-23,7.71,7.71,ft^3/s,Approved,[],2025-03-11T21:24:03.840047+00:00,f0d00c4983614291b938804a9df6b127
2006-10-24,7.51,7.51,ft^3/s,Approved,[],2025-03-11T21:24:03.840047+00:00,f0d00c4983614291b938804a9df6b127
2006-10-25,8.17,8.17,ft^3/s,Approved,[],2025-03-11T21:24:03.840047+00:00,f0d00c4983614291b938804a9df6b127
2006-10-26,11.9,11.9,ft^3/s,Approved,[],2025-03-11T21:24:03.840047+00:00,f0d00c4983614291b938804a9df6b127
2006-10-27,10.4,10.4,ft^3/s,Approved,[],2025-03-11T21:24:03.840047+00:00,f0d00c4983614291b938804a9df6b127
2006-10-28,9.27,9.27,ft^3/s,Approved,[],2025-03-11T21:24:03.840047+00:00,f0d00c4983614291b938804a9df6b127
2006-10-29,8.68,8.68,ft^3/s,Approved,[],2025-03-11T21:24:03.840047+00:00,f0d00c4983614291b938804a9df6b127
2006-10-30,8.29,8.29,ft^3/s,Approved,[],2025-03-11T21:24:03.840047+00:00,f0d00c4983614291b938804a9df6b127
2006-10-31,7.62,7.62,ft^3/s,Approved,[],2025-03-11T21:24:03.840047+00:00,f0d00c4983614291b938804a9df6b127
2006-11-01,7.15,7.15,ft^3/s,Approved,[],2025-03-11T21:24:03.840047+00:00,f0d00c4983614291b938804a9df6b127
2006-11-02,6.8,6.80,ft^3/s,Approved,[],2025-03-11T21:24:03.840047+00:00,f0d00c4983614291b938804a9df6b127
2006-11-03,6.48,6.48,ft^3/s,Approved,[],2025-03-11T21:24:03.840047+00:00,f0d00c4983614291b938804a9df6b127
2006-11-04,6.38,6.38,ft^3/s,Approved,[],2025-03-11T21:24:03.840047+00:00,f0d00c4983614291b938804a9df6b127
2006-11-05,6.3,6.30,ft^3/s,Approved,[],2025-03-11T21:24:03.840047+00:00,f0d00c4983614291b938804a9df6b127
2006-11-06,7.62,7.62,ft^3/s,Approved,[],2025-03-11T21:24:03.840047+00:00,f0d00c4983614291b938804a9df6b127
2006-11-07,8.02,8.02,ft^3/s,Approved,[],2025-03-11T21:24:03.840047+00:00,f0d00c4983614291b938804a9df6b127
2006-11-08,7.66,7.66,ft^3/s,Approved,[],2025-03-11T21:24:03.840047+00:00,f0d00c4983614291b938804a9df6b127
2006-11-09,7.59,7.59,ft^3/s,Approved,[],2025-03-11T21:24:03.840047+00:00,f0d00c4983614291b938804a9df6b127
2006-11-10,7.29,7.29,ft^3/s,Approved,[],2025-03-11T21:24:03.840047+00:00,f0d00c4983614291b938804a9df6b127
2006-11-11,6.93,6.93,ft^3/s,Approved,[],2025-03-11T21:24:03.840047+00:00,f0d00c4983614291b938804a9df6b127
2006-11-12,6.72,6.72,ft^3/s,Approved,[],2025-03-11T21:24:03.840047+00:00,f0d00c4983614291b938804a9df6b127
2006-11-13,6.54,6.54,ft^3/s,Approved,[],2025-03-11T21:24:03.840047+00:00,f0d00c4983614291b938804a9df6b127
2006-11-14,6.59,6.59,ft^3/s,Approved,[],2025-03-11T21:24:03.840047+00:00,f0d00c4983614291b938804a9df6b127
2006-11-15,6.69,6.69,ft^3/s,Approved,[],2025-03-11T21:24:03.840047+00:00,f0d00c4983614291b938804a9df6b127
2006-11-16,5.99,5.99,ft^3/s,Approved,[],2025-03-11T21:24:03.840047+00:00,f0d00c4983614291b938804a9df6b127
2006-11-17,5.63,5.63,ft^3/s,Approved,[],2025-03-11T21:24:03.840047+00:00,f0d00c4983614291b938804a9df6b127
2006-11-18,5.19,5.19,ft^3/s,Approved,[],2025-03-11T21:24:03.840047+00:00,f0d00c4983614291b938804a9df6b127
2006-11-19,4.73,4.73,ft^3/s,Approved,[],2025-03-11T21:24:03.840047+00:00,f0d00c4983614291b938804a9df6b127
2006-11-20,4.17,4.17,ft^3/s,Approved,[],2025-03-11T21:24:03.840047+00:00,f0d00c4983614291b938804a9df6b127
2006-11-21,4.02,4.02,ft^3/s,Approved,[],2025-03-11T21:24:03.840047+00:00,f0d00c4983614291b938804a9df6b127
2006-11-22,4.32,4.32,ft^3/s,Approved,[],2025-03-11T21:24:03.840047+00:00,f0d00c4983614291b938804a9df6b127
2006-11-23,4.21,4.21,ft^3/s,Approved,[],2025-03-11T21:24:03.840047+00:00,f0d00c4983614291b938804a9df6b127
2006-11-24,4.27,4.27,ft^3/s,Approved,[],2025-03-11T21:24:03.840047+00:00,f0d00c4983614291b938804a9df6b127
2006-11-25,4.47,4.47,ft^3/s,Approved,[],2025-03-11T21:24:03.840047+00:00,f0d00c4983614291b938804a9df6b127
2006-11-26,4.22,4.22,ft^3/s,Approved,[],2025-03-11T21:24:03.840047+00:00,f0d00c4983614291b938804a9df6b127
2006-11-27,4.36,4.36,ft^3/s,Approved,[],2025-03-11T21:24:03.840047+00:00,f0d00c4983614291b938804a9df6b127
2006-11-28,4.41,4.41,ft^3/s,Approved,[],2025-03-11T21:24:03.840047+00:00,f0d00c4983614291b938804a9df6b127
2006-11-29,4.98,4.98,ft^3/s,Approved,[],2025-03-11T21:24:03.840047+00:00,f0d00c4983614291b938804a9df6b127
2006-11-30,7.24,7.24,ft^3/s,Approved,[],2025-03-11T21:24:03.840047+00:00,f0d00c4983614291b938804a9df6b127
2006-12-01,6.46,6.46,ft^3/s,Approved,[],2025-03-11T21:24:03.840047+00:00,f0d00c4983614291b938804a9df6b127
2006-12-02,5.25,5.25,ft^3/s,Approved,[],2025-03-11T21:24:03.840047+00:00,f0d00c4983614291b938804a9df6b127
2006-12-03,4.6,4.60,ft^3/s,Approved,[],2025-03-11T21:24:03.840047+00:00,f0d00c4983614291b938804a9df6b127
2006-12-04,4.04,4.04,ft^3/s,Approved,[],2025-03-11T21:24:03.840047+00:00,f0d00c4983614291b938804a9df6b127
2006-12-05,3.8,3.80,ft^3/s,Approved,[],2025-03-11T21:24:03.840047+00:00,f0d00c4983614291b938804a9df6b127
2006-12-06,3.86,3.86,ft^3/s,Approved,[],2025-03-11T21:24:03.840047+00:00,f0d00c4983614291b938804a9df6b127
2006-12-07,3.64,3.64,ft^3/s,Approved,[],2025-03-11T21:24:03.840047+00:00,f0d00c4983614291b938804a9df6b127
2006-12-08,3.12,3.12,ft^3/s,Approved,[],2025-03-11T21:24:03.840047+00:00,f0d00c4983614291b938804a9df6b127
2006-12-09,3.49,3.49,ft^3/s,Approved,[],2025-03-11T21:24:03.840047+00:00,f0d00c4983614291b938804a9df6b127
2006-12-10,3.43,3.43,ft^3/s,Approved,[],2025-03-11T21:24:03.840047+00:00,f0d00c4983614291b938804a9df6b127
2006-12-11,3.36,3.36,ft^3/s,Approved,[],2025-03-11T21:24:03.840047+00:00,f0d00c4983614291b938804a9df6b127
2006-12-12,3.39,3.39,ft^3/s,Approved,[],2025-03-11T21:24:03.840047+00:00,f0d00c4983614291b938804a9df6b127
2006-12-13,3.21,3.21,ft^3/s,Approved,[],2025-03-11T21:24:03.840047+00:00,f0d00c4983614291b938804a9df6b127
2006-12-14,3.45,3.45,ft^3/s,Approved,[],2025-03-11T21:24:03.840047+00:00,f0d00c4983614291b938804a9df6b127
2006-12-15,3.54,3.54,ft^3/s,Approved,[],2025-03-11T21:24:03.840047+00:00,f0d00c4983614291b938804a9df6b127
2006-12-16,3.55,3.55,ft^3/s,Approved,[],2025-03-11T21:24:03.840047+00:00,f0d00c4983614291b938804a9df6b127
2006-12-17,3.65,3.65,ft^3/s,Approved,[],2025-03-11T21:24:03.840047+00:00,f0d00c4983614291b938804a9df6b127
2006-12-18,3.82,3.82,ft^3/s,Approved,[],2025-03-11T21:24:03.840047+00:00,f0d00c4983614291b938804a9df6b127
2006-12-19,3.98,3.98,ft^3/s,Approved,[],2025-03-11T21:24:03.840047+00:00,f0d00c4983614291b938804a9df6b127
2006-12-20,4.25,4.25,ft^3/s,Approved,[],2025-03-11T21:24:03.840047+00:00,f0d00c4983614291b938804a9df6b127
2006-12-21,4.34,4.34,ft^3/s,Approved,[],2025-03-11T21:24:03.840047+00:00,f0d00c4983614291b938804a9df6b127
2006-12-22,4.18,4.18,ft^3/s,Approved,[],2025-03-11T21:24:03.840047+00:00,f0d00c4983614291b938804a9df6b127
2006-12-23,4.26,4.26,ft^3/s,Approved,[],2025-03-11T21:24:03.840047+00:00,f0d00c4983614291b938804a9df6b127
2006-12-24,8.83,8.83,ft^3/s,Approved,[],2025-03-11T21:24:03.840047+00:00,f0d00c4983614291b938804a9df6b127
2006-12-25,10.4,10.4,ft^3/s,Approved,[],2025-03-11T21:24:03.840047+00:00,f0d00c4983614291b938804a9df6b127
2006-12-26,8.71,8.71,ft^3/s,Approved,[],2025-03-11T21:24:03.840047+00:00,f0d00c4983614291b938804a9df6b127
2006-12-27,7.88,7.88,ft^3/s,Approved,[],2025-03-11T21:24:03.840047+00:00,f0d00c4983614291b938804a9df6b127
2006-12-28,7.32,7.32,ft^3/s,Approved,[],2025-03-11T21:24:03.840047+00:00,f0d00c4983614291b938804a9df6b127
2006-12-29,6.72,6.72,ft^3/s,Approved,[],2025-03-11T21:24:03.840047+00:00,f0d00c4983614291b938804a9df6b127
2006-12-30,12.0,12.0,ft^3/s,Approved,[],2025-03-11T21:24:03.840047+00:00,f0d00c4983614291b938804a9df6b127
2006-12-31,12.3,12.3,ft^3/s,Approved,[],2025-03-11T21:24:03.840047+00:00,f0d00c4983614291b938804a9df6b127
2007-01-01,10.4,10.4,ft^3/s,Approved,[],2025-03-11T21:24:03.840047+00:00,f0d00c4983614291b938804a9df6b127
2007-01-02,9.3,9.30,ft^3/s,Approved,[],2025-03-11T21:24:03.840047+00:00,f0d00c4983614291b938804a9df6b127
2007-01-03,8.62,8.62,ft^3/s,Approved,[],2025-03-11T21:24:03.840047+00:00,f0d00c4983614291b938804a9df6b127
2007-01-04,22.9,22.9,ft^3/s,Approved,[],2025-03-11T21:24:03.840047+00:00,f0d00c4983614291b938804a9df6b127
2007-01-05,21.8,21.8,ft^3/s,Approved,[],2025-03-11T21:24:03.840047+00:00,f0d00c4983614291b938804a9df6b127
2007-01-06,17.5,17.5,ft^3/s,Approved,[],2025-03-11T21:24:03.840047+00:00,f0d00c4983614291b938804a9df6b127
2007-01-07,15.4,15.4,ft^3/s,Approved,[],2025-03-11T21:24:03.840047+00:00,f0d00c4983614291b938804a9df6b127
2007-01-08,14.1,14.1,ft^3/s,Approved,[],2025-03-11T21:24:03.840047+00:00,f0d00c4983614291b938804a9df6b127
2007-01-09,12.9,12.9,ft^3/s,Approved,[],2025-03-11T21:24:03.840047+00:00,f0d00c4983614291b938804a9df6b127
2007-01-10,12.1,12.1,ft^3/s,Approved,[],2025-03-11T21:24:03.840047+00:00,f0d00c4983614291b938804a9df6b127
2007-01-11,11.7,11.7,ft^3/s,Approved,[],2025-03-11T21:24:03.840047+00:00,f0d00c4983614291b938804a9df6b127
2007-01-12,11.2,11.2,ft^3/s,Approved,[],2025-03-11T21:24:03.840047+00:00,f0d00c4983614291b938804a9df6b127
2007-01-13,16.2,16.2,ft^3/s,Approved,[],2025-03-11T21:24:03.840047+00:00,f0d00c4983614291b938804a9df6b127
2007-01-14,23.5,23.5,ft^3/s,Approved,[],2025-03-11T21:24:03.840047+00:00,f0d00c4983614291b938804a9df6b127
2007-01-15,31.7,31.7,ft^3/s,Approved,[],2025-03-11T21:24:03.840047+00:00,f0d00c4983614291b938804a9df6b127
2007-01-16,34.9,34.9,ft^3/s,Approved,[],2025-03-11T21:24:03.840047+00:00,f0d00c4983614291b938804a9df6b127
2007-01-17,32.0,32.0,ft^3/s,Approved,[],2025-03-11T21:24:03.840047+00:00,f0d00c4983614291b938804a9df6b127
2007-01-18,33.9,33.9,ft^3/s,Approved,[],2025-03-11T21:24:03.840047+00:00,f0d00c4983614291b938804a9df6b127
2007-01-19,39.5,39.5,ft^3/s,Approved,[],2025-03-11T21:24:03.840047+00:00,f0d00c4983614291b938804a9df6b127
2007-01-20,33.9,33.9,ft^3/s,Approved,[],2025-03-11T21:24:03.840047+00:00,f0d00c4983614291b938804a9df6b127
2007-01-21,31.3,31.3,ft^3/s,Approved,[],2025-03-11T21:24:03.840047+00:00,f0d00c4983614291b938804a9df6b127
2007-01-22,24.5,24.5,ft^3/s,Approved,[],2025-03-11T21:24:03.840047+00:00,f0d00c4983614291b938804a9df6b127
2007-01-23,20.6,20.6,ft^3/s,Approved,[],2025-03-11T21:24:03.840047+00:00,f0d00c4983614291b938804a9df6b127
2007-01-24,25.7,25.7,ft^3/s,Approved,[],2025-03-11T21:24:03.840047+00:00,f0d00c4983614291b938804a9df6b127
2007-01-25,56.8,56.8,ft^3/s,Approved,[],2025-03-11T21:24:03.840047+00:00,f0d00c4983614291b938804a9df6b127
2007-01-26,57.1,57.1,ft^3/s,Approved,[],2025-03-11T21:24:03.840047+00:00,f0d00c4983614291b938804a9df6b127
2007-01-27,48.0,48.0,ft^3/s,Approved,[],2025-03-11T21:24:03.840047+00:00,f0d00c4983614291b938804a9df6b127
2007-01-28,38.2,38.2,ft^3/s,Approved,[],2025-03-11T21:24:03.840047+00:00,f0d00c4983614291b938804a9df6b127
2007-01-29,28.2,28.2,ft^3/s,Approved,[],2025-03-11T21:24:03.840047+00:00,f0d00c4983614291b938804a9df6b127
2007-01-30,21.5,21.5,ft^3/s,Approved,[],2025-03-11T21:24:03.840047+00:00,f0d00c4983614291b938804a9df6b127
2007-01-31,20.2,20.2,ft^3/s,Approved,[],2025-03-11T21:24:03.840047+00:00,f0d00c4983614291b938804a9df6b127
2007-02-01,19.1,19.1,ft^3/s,Approved,[],2025-03-11T21:24:03.840047+00:00,f0d00c4983614291b938804a9df6b127
2007-02-02,18.2,18.2,ft^3/s,Approved,[],2025-03-11T21:24:03.840047+00:00,f0d00c4983614291b938804a9df6b127
2007-02-03,17.4,17.4,ft^3/s,Approved,[],2025-03-11T21:24:03.840047+00:00,f0d00c4983614291b938804a9df6b127
2007-02-04,17.3,17.3,ft^3/s,Approved,[],2025-03-11T21:24:03.840047+00:00,f0d00c4983614291b938804a9df6b127
2007-02-05,17.0,17.0,ft^3/s,Approved,[],2025-03-11T21:24:03.840047+00:00,f0d00c4983614291b938804a9df6b127
2007-02-06,16.8,16.8,ft^3/s,Approved,[],2025-03-11T21:24:03.840047+00:00,f0d00c4983614291b938804a9df6b127
2007-02-07,16.6,16.6,ft^3/s,Approved,[],2025-03-11T21:24:03.840047+00:00,f0d00c4983614291b938804a9df6b127
2007-02-08,16.2,16.2,ft^3/s,Approved,[],2025-03-11T21:24:03.840047+00:00,f0d00c4983614291b938804a9df6b127
2007-02-09,15.7,15.7,ft^3/s,Approved,[],2025-03-11T21:24:03.840047+00:00,f0d00c4983614291b938804a9df6b127
2007-02-10,15.3,15.3,ft^3/s,Approved,[],2025-03-11T21:24:03.840047+00:00,f0d00c4983614291b938804a9df6b127
2007-02-11,15.1,15.1,ft^3/s,Approved,[],2025-03-11T21:24:03.840047+00:00,f0d00c4983614291b938804a9df6b127
2007-02-12,15.1,15.1,ft^3/s,Approved,[],2025-03-11T21:24:03.840047+00:00,f0d00c4983614291b938804a9df6b127
2007-02-13,14.9,14.9,ft^3/s,Approved,[],2025-03-11T21:24:03.840047+00:00,f0d00c4983614291b938804a9df6b127
2007-02-14,14.5,14.5,ft^3/s,Approved,[],2025-03-11T21:24:03.840047+00:00,f0d00c4983614291b938804a9df6b127
2007-02-15,14.3,14.3,ft^3/s,Approved,[],2025-03-11T21:24:03.840047+00:00,f0d00c4983614291b938804a9df6b127
2007-02-16,14.0,14.0,ft^3/s,Approved,[],2025-03-11T21:24:03.840047+00:00,f0d00c4983614291b938804a9df6b127
2007-02-17,13.8,13.8,ft^3/s,Approved,[],2025-03-11T21:24:03.840047+00:00,f0d00c4983614291b938804a9df6b127
2007-02-18,13.4,13.4,ft^3/s,Approved,[],2025-03-11T21:24:03.840047+00:00,f0d00c4983614291b938804a9df6b127
2007-02-19,13.5,13.5,ft^3/s,Approved,[],2025-03-11T21:24:03.840047+00:00,f0d00c4983614291b938804a9df6b127
2007-02-20,13.5,13.5,ft^3/s,Approved,[],2025-03-11T21:24:03.840047+00:00,f0d00c4983614291b938804a9df6b127
2007-02-21,13.2,13.2,ft^3/s,Approved,[],2025-03-11T21:24:03.840047+00:00,f0d00c4983614291b938804a9df6b127
2007-02-22,12.9,12.9,ft^3/s,Approved,[],2025-03-11T21:24:03.840047+00:00,f0d00c4983614291b938804a9df6b127
2007-02-23,13.1,13.1,ft^3/s,Approved,[],2025-03-11T21:24:03.840047+00:00,f0d00c4983614291b938804a9df6b127
2007-02-24,13.3,13.3,ft^3/s,Approved,[],2025-03-11T21:24:03.840047+00:00,f0d00c4983614291b938804a9df6b127
2007-02-25,13.0,13.0,ft^3/s,Approved,[],2025-03-11T21:24:03.840047+00:00,f0d00c4983614291b938804a9df6b127
2007-02-26,12.7,12.7,ft^3/s,Approved,[],2025-03-11T21:24:03.840047+00:00,f0d00c4983614291b938804a9df6b127
2007-02-27,12.6,12.6,ft^3/s,Approved,[],2025-03-11T21:24:03.840047+00:00,f0d00c4983614291b938804a9df6b127
2007-02-28,12.5,12.5,ft^3/s,Approved,[],2025-03-11T21:24:03.840047+00:00,f0d00c4983614291b938804a9df6b127
2007-03-01,12.4,12.4,ft^3/s,Approved,[],2025-03-11T21:24:03.840047+00:00,f0d00c4983614291b938804a9df6b127
2007-03-02,11.9,11.9,ft^3/s,Approved,[],2025-03-11T21:24:03.840047+00:00,f0d00c4983614291b938804a9df6b127
2007-03-03,11.6,11.6,ft^3/s,Approved,[],2025-03-11T21:24:03.840047+00:00,f0d00c4983614291b938804a9df6b127
2007-03-04,10.9,10.9,ft^3/s,Approved,[],2025-03-11T21:24:03.840047+00:00,f0d00c4983614291b938804a9df6b127
2007-03-05,10.4,10.4,ft^3/s,Approved,[],2025-03-11T21:24:03.840047+00:00,f0d00c4983614291b938804a9df6b127
2007-03-06,10.8,10.8,ft^3/s,Approved,[],2025-03-11T21:24:03.840047+00:00,f0d00c4983614291b938804a9df6b127
2007-03-07,10.7,10.7,ft^3/s,Approved,[],2025-03-11T21:24:03.840047+00:00,f0d00c4983614291b938804a9df6b127
2007-03-08,10.8,10.8,ft^3/s,Approved,[],2025-03-11T21:24:03.840047+00:00,f0d00c4983614291b938804a9df6b127
2007-03-09,10.7,10.7,ft^3/s,Approved,[],2025-03-11T21:24:03.840047+00:00,f0d00c4983614291b938804a9df6b127
2007-03-10,10.6,10.6,ft^3/s,Approved,[],2025-03-11T21:24:03.840047+00:00,f0d00c4983614291b938804a9df6b127
2007-03-11,10.6,10.6,ft^3/s,Approved,[],2025-03-11T21:24:03.840047+00:00,f0d00c4983614291b938804a9df6b127
2007-03-12,61.8,61.8,ft^3/s,Approved,[],2025-03-11T21:24:03.840047+00:00,f0d00c4983614291b938804a9df6b127
2007-03-13,85.6,85.6,ft^3/s,Approved,[],2025-03-11T21:24:03.840047+00:00,f0d00c4983614291b938804a9df6b127
2007-03-14,89.1,89.1,ft^3/s,Approved,[],2025-03-11T21:24:03.840047+00:00,f0d00c4983614291b938804a9df6b127
2007-03-15,87.1,87.1,ft^3/s,Approved,[],2025-03-11T21:24:03.840047+00:00,f0d00c4983614291b938804a9df6b127
2007-03-16,85.3,85.3,ft^3/s,Approved,[],2025-03-11T21:24:03.840047+00:00,f0d00c4983614291b938804a9df6b127
2007-03-17,82.8,82.8,ft^3/s,Approved,[],2025-03-11T21:24:03.840047+00:00,f0d00c4983614291b938804a9df6b127
2007-03-18,81.6,81.6,ft^3/s,Approved,[],2025-03-11T21:24:03.840047+00:00,f0d00c4983614291b938804a9df6b127
2007-03-19,80.6,80.6,ft^3/s,Approved,[],2025-03-11T21:24:03.840047+00:00,f0d00c4983614291b938804a9df6b127
2007-03-20,80.0,80.0,ft^3/s,Approved,[],2025-03-11T21:24:03.840047+00:00,f0d00c4983614291b938804a9df6b127
2007-03-21,79.5,79.5,ft^3/s,Approved,[],2025-03-11T21:24:03.840047+00:00,f0d00c4983614291b938804a9df6b127
2007-03-22,78.3,78.3,ft^3/s,Approved,[],2025-03-11T21:24:03.840047+00:00,f0d00c4983614291b938804a9df6b127
2007-03-23,76.8,76.8,ft^3/s,Approved,[],2025-03-11T21:24:03.840047+00:00,f0d00c4983614291b938804a9df6b127
2007-03-24,74.1,74.1,ft^3/s,Approved,[],2025-03-11T21:24:03.840047+00:00,f0d00c4983614291b938804a9df6b127
2007-03-25,71.7,71.7,ft^3/s,Approved,[],2025-03-11T21:24:03.840047+00:00,f0d00c4983614291b938804a9df6b127
2007-03-26,73.2,73.2,ft^3/s,Approved,[],2025-03-11T21:24:03.840047+00:00,f0d00c4983614291b938804a9df6b127
2007-03-27,101.0,101,ft^3/s,Approved,[],2025-03-11T21:24:03.840047+00:00,f0d00c4983614291b938804a9df6b127
2007-03-28,100.0,100,ft^3/s,Approved,[],2025-03-11T21:24:03.840047+00:00,f0d00c4983614291b938804a9df6b127
2007-03-29,98.2,98.2,ft^3/s,Approved,[],2025-03-11T21:24:03.840047+00:00,f0d00c4983614291b938804a9df6b127
2007-03-30,97.3,97.3,ft^3/s,Approved,[],2025-03-11T21:24:03.840047+00:00,f0d00c4983614291b938804a9df6b127
2007-03-31,98.1,98.1,ft^3/s,Approved,[],2025-03-11T21:24:03.840047+00:00,f0d00c4983614291b938804a9df6b127
2007-04-01,97.6,97.6,ft^3/s,Approved,[],2025-03-11T21:24:03.840047+00:00,f0d00c4983614291b938804a9df6b127
2007-04-02,96.5,96.5,ft^3/s,Approved,[],2025-03-11T21:24:03.840047+00:00,f0d00c4983614291b938804a9df6b127
2007-04-03,95.7,95.7,ft^3/s,Approved,[],2025-03-11T21:24:03.840047+00:00,f0d00c4983614291b938804a9df6b127
2007-04-04,95.0,95.0,ft^3/s,Approved,[],2025-03-11T21:24:03.840047+00:00,f0d00c4983614291b938804a9df6b127
2007-04-05,94.2,94.2,ft^3/s,Approved,[],2025-03-11T21:24:03.840047+00:00,f0d00c4983614291b938804a9df6b127
2007-04-06,93.8,93.8,ft^3/s,Approved,[],2025-03-11T21:24:03.840047+00:00,f0d00c4983614291b938804a9df6b127
2007-04-07,93.4,93.4,ft^3/s,Approved,[],2025-03-11T21:24:03.840047+00:00,f0d00c4983614291b938804a9df6b127
2007-04-08,93.5,93.5,ft^3/s,Approved,[],2025-03-11T21:24:03.840047+00:00,f0d00c4983614291b938804a9df6b127
2007-04-09,93.6,93.6,ft^3/s,Approved,[],2025-03-11T21:24:03.840047+00:00,f0d00c4983614291b938804a9df6b127
2007-04-10,93.3,93.3,ft^3/s,Approved,[],2025-03-11T21:24:03.840047+00:00,f0d00c4983614291b938804a9df6b127
2007-04-11,92.9,92.9,ft^3/s,Approved,[],2025-03-11T21:24:03.840047+00:00,f0d00c4983614291b938804a9df6b127
2007-04-12,92.4,92.4,ft^3/s,Approved,[],2025-03-11T21:24:03.840047+00:00,f0d00c4983614291b938804a9df6b127
2007-04-13,92.1,92.1,ft^3/s,Approved,[],2025-03-11T21:24:03.840047+00:00,f0d00c4983614291b938804a9df6b127
2007-04-14,92.1,92.1,ft^3/s,Approved,[],2025-03-11T21:24:03.840047+00:00,f0d00c4983614291b938804a9df6b127
2007-04-15,92.0,92.0,ft^3/s,Approved,[],2025-03-11T21:24:03.840047+00:00,f0d00c4983614291b938804a9df6b127
2007-04-16,91.8,91.8,ft^3/s,Approved,[],2025-03-11T21:24:03.840047+00:00,f0d00c4983614291b938804a9df6b127
2007-04-17,91.6,91.6,ft^3/s,Approved,[],2025-03-11T21:24:03.840047+00:00,f0d00c4983614291b938804a9df6b127
2007-04-18,90.5,90.5,ft^3/s,Approved,[],2025-03-11T21:24:03.840047+00:00,f0d00c4983614291b938804a9df6b127
2007-04-19,90.0,90.0,ft^3/s,Approved,[],2025-03-11T21:24:03.840047+00:00,f0d00c4983614291b938804a9df6b127
2007-04-20,89.2,89.2,ft^3/s,Approved,[],2025-03-11T21:24:03.840047+00:00,f0d00c4983614291b938804a9df6b127
2007-04-21,88.1,88.1,ft^3/s,Approved,[],2025-03-11T21:24:03.840047+00:00,f0d00c4983614291b938804a9df6b127
2007-04-22,87.2,87.2,ft^3/s,Approved,[],2025-03-11T21:24:03.840047+00:00,f0d00c4983614291b938804a9df6b127
2007-04-23,85.9,85.9,ft^3/s,Approved,[],2025-03-11T21:24:03.840047+00:00,f0d00c4983614291b938804a9df6b127
2007-04-24,85.9,85.9,ft^3/s,Approved,[],2025-03-11T21:24:03.840047+00:00,f0d00c4983614291b938804a9df6b127
2007-04-25,91.6,91.6,ft^3/s,Approved,[],2025-03-11T21:24:03.840047+00:00,f0d00c4983614291b938804a9df6b127
2007-04-26,91.8,91.8,ft^3/s,Approved,[],2025-03-11T21:24:03.840047+00:00,f0d00c4983614291b938804a9df6b127
2007-04-27,90.2,90.2,ft^3/s,Approved,[],2025-03-11T21:24:03.840047+00:00,f0d00c4983614291b938804a9df6b127
2007-04-28,88.4,88.4,ft^3/s,Approved,[],2025-03-11T21:24:03.840047+00:00,f0d00c4983614291b938804a9df6b127
2007-04-29,87.5,87.5,ft^3/s,Approved,[],2025-03-11T21:24:03.840047+00:00,f0d00c4983614291b938804a9df6b127
2007-04-30,89.3,89.3,ft^3/s,Approved,[],2025-03-11T21:24:03.840047+00:00,f0d00c4983614291b938804a9df6b127
2007-05-01,93.8,93.8,ft^3/s,Approved,[],2025-03-11T21:24:03.840047+00:00,f0d00c4983614291b938804a9df6b127
2007-05-02,92.7,92.7,ft^3/s,Approved,[],2025-03-11T21:24:03.840047+00:00,f0d00c4983614291b938804a9df6b127
2007-05-03,92.2,92.2,ft^3/s,Approved,[],2025-03-11T21:24:03.840047+00:00,f0d00c4983614291b938804a9df6b127
2007-05-04,91.9,91.9,ft^3/s,Approved,[],2025-03-11T21:24:03.840047+00:00,f0d00c4983614291b938804a9df6b127
2007-05-05,91.2,91.2,ft^3/s,Approved,[],2025-03-11T21:24:03.840047+00:00,f0d00c4983614291b938804a9df6b127
2007-05-06,89.8,89.8,ft^3/s,Approved,[],2025-03-11T21:24:03.840047+00:00,f0d00c4983614291b938804a9df6b127
2007-05-07,88.3,88.3,ft^3/s,Approved,[],2025-03-11T21:24:03.840047+00:00,f0d00c4983614291b938804a9df6b127
2007-05-08,87.5,87.5,ft^3/s,Approved,[],2025-03-11T21:24:03.840047+00:00,f0d00c4983614291b938804a9df6b127
2007-05-09,86.9,86.9,ft^3/s,Approved,[],2025-03-11T21:24:03.840047+00:00,f0d00c4983614291b938804a9df6b127
2007-05-10,86.8,86.8,ft^3/s,Approved,[],2025-03-11T21:24:03.840047+00:00,f0d00c4983614291b938804a9df6b127
2007-05-11,85.9,85.9,ft^3/s,Approved,[],2025-03-11T21:24:03.840047+00:00,f0d00c4983614291b938804a9df6b127
2007-05-12,84.5,84.5,ft^3/s,Approved,[],2025-03-11T21:24:03.840047+00:00,f0d00c4983614291b938804a9df6b127
2007-05-13,82.9,82.9,ft^3/s,Approved,[],2025-03-11T21:24:03.840047+00:00,f0d00c4983614291b938804a9df6b127
2007-05-14,81.5,81.5,ft^3/s,Approved,[],2025-03-11T21:24:03.840047+00:00,f0d00c4983614291b938804a9df6b127
2007-05-15,79.7,79.7,ft^3/s,Approved,[],2025-03-11T21:24:03.840047+00:00,f0d00c4983614291b938804a9df6b127
2007-05-16,78.3,78.3,ft^3/s,Approved,[],2025-03-11T21:24:03.840047+00:00,f0d00c4983614291b938804a9df6b127
2007-05-17,76.9,76.9,ft^3/s,Approved,[],2025-03-11T21:24:03.840047+00:00,f0d00c4983614291b938804a9df6b127
2007-05-18,75.7,75.7,ft^3/s,Approved,[],2025-03-11T21:24:03.840047+00:00,f0d00c4983614291b938804a9df6b127
2007-05-19,73.7,73.7,ft^3/s,Approved,[],2025-03-11T21:24:03.840047+00:00,f0d00c4983614291b938804a9df6b127
2007-05-20,71.8,71.8,ft^3/s,Approved,[],2025-03-11T21:24:03.840047+00:00,f0d00c4983614291b938804a9df6b127
2007-05-21,70.1,70.1,ft^3/s,Approved,[],2025-03-11T21:24:03.840047+00:00,f0d00c4983614291b938804a9df6b127
2007-05-22,69.3,69.3,ft^3/s,Approved,[],2025-03-11T21:24:03.840047+00:00,f0d00c4983614291b938804a9df6b127
2007-05-23,67.9,67.9,ft^3/s,Approved,[],2025-03-11T21:24:03.840047+00:00,f0d00c4983614291b938804a9df6b127
2007-05-24,65.7,65.7,ft^3/s,Approved,[],2025-03-11T21:24:03.840047+00:00,f0d00c4983614291b938804a9df6b127
2007-05-25,69.4,69.4,ft^3/s,Approved,[],2025-03-11T21:24:03.840047+00:00,f0d00c4983614291b938804a9df6b127
2007-05-26,80.1,80.1,ft^3/s,Approved,[],2025-03-11T21:24:03.840047+00:00,f0d00c4983614291b938804a9df6b127
2007-05-27,93.8,93.8,ft^3/s,Approved,[],2025-03-11T21:24:03.840047+00:00,f0d00c4983614291b938804a9df6b127
2007-05-28,111.0,111,ft^3/s,Approved,[],2025-03-11T21:24:03.840047+00:00,f0d00c4983614291b938804a9df6b127
2007-05-29,112.0,112,ft^3/s,Approved,[],2025-03-11T21:24:03.840047+00:00,f0d00c4983614291b938804a9df6b127
2007-05-30,110.0,110,ft^3/s,Approved,[],2025-03-11T21:24:03.840047+00:00,f0d00c4983614291b938804a9df6b127
2007-05-31,106.0,106,ft^3/s,Approved,[],2025-03-11T21:24:03.840047+00:00,f0d00c4983614291b938804a9df6b127
2007-06-01,102.0,102,ft^3/s,Approved,[],2025-03-11T21:24:03.840047+00:00,f0d00c4983614291b938804a9df6b127
2007-06-02,102.0,102,ft^3/s,Approved,[],2025-03-11T21:24:03.840047+00:00,f0d00c4983614291b938804a9df6b127
2007-06-03,97.9,97.9,ft^3/s,Approved,[],2025-03-11T21:24:03.840047+00:00,f0d00c4983614291b938804a9df6b127
2007-06-04,96.2,96.2,ft^3/s,Approved,[],2025-03-11T21:24:03.840047+00:00,f0d00c4983614291b938804a9df6b127
2007-06-05,94.0,94.0,ft^3/s,Approved,[],2025-03-11T21:24:03.840047+00:00,f0d00c4983614291b938804a9df6b127
2007-06-06,92.2,92.2,ft^3/s,Approved,[],2025-03-11T21:24:03.840047+00:00,f0d00c4983614291b938804a9df6b127
2007-06-07,90.9,90.9,ft^3/s,Approved,[],2025-03-11T21:24:03.840047+00:00,f0d00c4983614291b938804a9df6b127
2007-06-08,88.2,88.2,ft^3/s,Approved,[],2025-03-11T21:24:03.840047+00:00,f0d00c4983614291b938804a9df6b127
2007-06-09,85.9,85.9,ft^3/s,Approved,[],2025-03-11T21:24:03.840047+00:00,f0d00c4983614291b938804a9df6b127
2007-06-10,83.9,83.9,ft^3/s,Approved,[],2025-03-11T21:24:03.840047+00:00,f0d00c4983614291b938804a9df6b127
2007-06-11,84.7,84.7,ft^3/s,Approved,[],2025-03-11T21:24:03.840047+00:00,f0d00c4983614291b938804a9df6b127
2007-06-12,83.4,83.4,ft^3/s,Approved,[],2025-03-11T21:24:03.840047+00:00,f0d00c4983614291b938804a9df6b127
2007-06-13,83.0,83.0,ft^3/s,Approved,[],2025-03-11T21:24:03.840047+00:00,f0d00c4983614291b938804a9df6b127
2007-06-14,83.7,83.7,ft^3/s,Approved,[],2025-03-11T21:24:03.840047+00:00,f0d00c4983614291b938804a9df6b127
2007-06-15,84.7,84.7,ft^3/s,Approved,[],2025-03-11T21:24:03.840047+00:00,f0d00c4983614291b938804a9df6b127
2007-06-16,85.8,85.8,ft^3/s,Approved,[],2025-03-11T21:24:03.840047+00:00,f0d00c4983614291b938804a9df6b127
2007-06-17,85.0,85.0,ft^3/s,Approved,[],2025-03-11T21:24:03.840047+00:00,f0d00c4983614291b938804a9df6b127
2007-06-18,83.9,83.9,ft^3/s,Approved,[],2025-03-11T21:24:03.840047+00:00,f0d00c4983614291b938804a9df6b127
2007-06-19,82.6,82.6,ft^3/s,Approved,[],2025-03-11T21:24:03.840047+00:00,f0d00c4983614291b938804a9df6b127
2007-06-20,84.1,84.1,ft^3/s,Approved,[],2025-03-11T21:24:03.840047+00:00,f0d00c4983614291b938804a9df6b127
2007-06-21,83.5,83.5,ft^3/s,Approved,[],2025-03-11T21:24:03.840047+00:00,f0d00c4983614291b938804a9df6b127
2007-06-22,82.0,82.0,ft^3/s,Approved,[],2025-03-11T21:24:03.840047+00:00,f0d00c4983614291b938804a9df6b127
2007-06-23,81.1,81.1,ft^3/s,Approved,[],2025-03-11T21:24:03.840047+00:00,f0d00c4983614291b938804a9df6b127
2007-06-24,82.6,82.6,ft^3/s,Approved,[],2025-03-11T21:24:03.840047+00:00,f0d00c4983614291b938804a9df6b127
2007-06-25,83.9,83.9,ft^3/s,Approved,[],2025-03-11T21:24:03.840047+00:00,f0d00c4983614291b938804a9df6b127
2007-06-26,105.0,105,ft^3/s,Approved,[],2025-03-11T21:24:03.840047+00:00,f0d00c4983614291b938804a9df6b127
2007-06-27,97.2,97.2,ft^3/s,Approved,[],2025-03-11T21:24:03.840047+00:00,f0d00c4983614291b938804a9df6b127
2007-06-28,105.0,105,ft^3/s,Approved,[],2025-03-11T21:24:03.840047+00:00,f0d00c4983614291b938804a9df6b127
2007-06-29,129.0,129,ft^3/s,Approved,[],2025-03-11T21:24:03.840047+00:00,f0d00c4983614291b938804a9df6b127
2007-06-30,125.0,125,ft^3/s,Approved,[],2025-03-11T21:24:03.840047+00:00,f0d00c4983614291b938804a9df6b127
2007-07-01,117.0,117,ft^3/s,Approved,[],2025-03-11T21:24:03.840047+00:00,f0d00c4983614291b938804a9df6b127
2007-07-02,112.0,112,ft^3/s,Approved,[],2025-03-11T21:24:03.840047+00:00,f0d00c4983614291b938804a9df6b127
2007-07-03,111.0,111,ft^3/s,Approved,[],2025-03-11T21:24:03.840047+00:00,f0d00c4983614291b938804a9df6b127
2007-07-04,119.0,119,ft^3/s,Approved,[],2025-03-11T21:24:03.840047+00:00,f0d00c4983614291b938804a9df6b127
2007-07-05,119.0,119,ft^3/s,Approved,[],2025-03-11T21:24:03.840047+00:00,f0d00c4983614291b938804a9df6b127
2007-07-06,116.0,116,ft^3/s,Approved,[],2025-03-11T21:24:03.840047+00:00,f0d00c4983614291b938804a9df6b127
2007-07-07,114.0,114,ft^3/s,Approved,[],2025-03-11T21:24:03.840047+00:00,f0d00c4983614291b938804a9df6b127
2007-07-08,114.0,114,ft^3/s,Approved,[],2025-03-11T21:24:03.840047+00:00,f0d00c4983614291b938804a9df6b127
2007-07-09,111.0,111,ft^3/s,Approved,[],2025-03-11T21:24:03.840047+00:00,f0d00c4983614291b938804a9df6b127
2007-07-10,109.0,109,ft^3/s,Approved,[],2025-03-11T21:24:03.840047+00:00,f0d00c4983614291b938804a9df6b127
2007-07-11,107.0,107,ft^3/s,Approved,[],2025-03-11T21:24:03.840047+00:00,f0d00c4983614291b938804a9df6b127
2007-07-12,104.0,104,ft^3/s,Approved,[],2025-03-11T21:24:03.840047+00:00,f0d00c4983614291b938804a9df6b127
2007-07-13,102.0,102,ft^3/s,Approved,[],2025-03-11T21:24:03.840047+00:00,f0d00c4983614291b938804a9df6b127
2007-07-14,101.0,101,ft^3/s,Approved,[],2025-03-11T21:24:03.840047+00:00,f0d00c4983614291b938804a9df6b127
2007-07-15,101.0,101,ft^3/s,Approved,[],2025-03-11T21:24:03.840047+00:00,f0d00c4983614291b938804a9df6b127
2007-07-16,103.0,103,ft^3/s,Approved,[],2025-03-11T21:24:03.840047+00:00,f0d00c4983614291b938804a9df6b127
2007-07-17,103.0,103,ft^3/s,Approved,[],2025-03-11T21:24:03.840047+00:00,f0d00c4983614291b938804a9df6b127
2007-07-18,101.0,101,ft^3/s,Approved,[],2025-03-11T21:24:03.840047+00:00,f0d00c4983614291b938804a9df6b127
2007-07-19,99.8,99.8,ft^3/s,Approved,[],2025-03-11T21:24:03.840047+00:00,f0d00c4983614291b938804a9df6b127
2007-07-20,106.0,106,ft^3/s,Approved,[],2025-03-11T21:24:03.840047+00:00,f0d00c4983614291b938804a9df6b127
2007-07-21,133.0,133,ft^3/s,Approved,[],2025-03-11T21:24:03.840047+00:00,f0d00c4983614291b938804a9df6b127
2007-07-22,135.0,135,ft^3/s,Approved,[],2025-03-11T21:24:03.840047+00:00,f0d00c4983614291b938804a9df6b127
2007-07-23,132.0,132,ft^3/s,Approved,[],2025-03-11T21:24:03.840047+00:00,f0d00c4983614291b938804a9df6b127
2007-07-24,127.0,127,ft^3/s,Approved,[],2025-03-11T21:24:03.840047+00:00,f0d00c4983614291b938804a9df6b127
2007-07-25,129.0,129,ft^3/s,Approved,[],2025-03-11T21:24:03.840047+00:00,f0d00c4983614291b938804a9df6b127
2007-07-26,129.0,129,ft^3/s,Approved,[],2025-03-11T21:24:03.840047+00:00,f0d00c4983614291b938804a9df6b127
2007-07-27,129.0,129,ft^3/s,Approved,[],2025-03-11T21:24:03.840047+00:00,f0d00c4983614291b938804a9df6b127
2007-07-28,127.0,127,ft^3/s,Approved,[],2025-03-11T21:24:03.840047+00:00,f0d00c4983614291b938804a9df6b127
2007-07-29,123.0,123,ft^3/s,Approved,[],2025-03-11T21:24:03.840047+00:00,f0d00c4983614291b938804a9df6b127
2007-07-30,121.0,121,ft^3/s,Approved,[],2025-03-11T21:24:03.840047+00:00,f0d00c4983614291b938804a9df6b127
2007-07-31,118.0,118,ft^3/s,Approved,[],2025-03-11T21:24:03.840047+00:00,f0d00c4983614291b938804a9df6b127
2007-08-01,112.0,112,ft^3/s,Approved,[],2025-03-11T21:24:03.840047+00:00,f0d00c4983614291b938804a9df6b127
2007-08-02,115.0,115,ft^3/s,Approved,[],2025-03-11T21:24:03.840047+00:00,f0d00c4983614291b938804a9df6b127
2007-08-03,113.0,113,ft^3/s,Approved,[],2025-03-11T21:24:03.840047+00:00,f0d00c4983614291b938804a9df6b127
2007-08-04,112.0,112,ft^3/s,Approved,[],2025-03-11T21:24:03.840047+00:00,f0d00c4983614291b938804a9df6b127
2007-08-05,110.0,110,ft^3/s,Approved,[],2025-03-11T21:24:03.840047+00:00,f0d00c4983614291b938804a9df6b127
2007-08-06,109.0,109,ft^3/s,Approved,[],2025-03-11T21:24:03.840047+00:00,f0d00c4983614291b938804a9df6b127
2007-08-07,108.0,108,ft^3/s,Approved,[],2025-03-11T21:24:03.840047+00:00,f0d00c4983614291b938804a9df6b127
2007-08-08,107.0,107,ft^3/s,Approved,[],2025-03-11T21:24:03.840047+00:00,f0d00c4983614291b938804a9df6b127
2007-08-09,106.0,106,ft^3/s,Approved,[],2025-03-11T21:24:03.840047+00:00,f0d00c4983614291b938804a9df6b127
2007-08-10,105.0,105,ft^3/s,Approved,[],2025-03-11T21:24:03.840047+00:00,f0d00c4983614291b938804a9df6b127
2007-08-11,105.0,105,ft^3/s,Approved,[],2025-03-11T21:24:03.840047+00:00,f0d00c4983614291b938804a9df6b127
2007-08-12,104.0,104,ft^3/s,Approved,[],2025-03-11T21:24:03.840047+00:00,f0d00c4983614291b938804a9df6b127
2007-08-13,102.0,102,ft^3/s,Approved,[],2025-03-11T21:24:03.840047+00:00,f0d00c4983614291b938804a9df6b127
2007-08-14,102.0,102,ft^3/s,Approved,[],2025-03-11T21:24:03.840047+00:00,f0d00c4983614291b938804a9df6b127
2007-08-15,101.0,101,ft^3/s,Approved,[],2025-03-11T21:24:03.840047+00:00,f0d00c4983614291b938804a9df6b127
2007-08-16,103.0,103,ft^3/s,Approved,[],2025-03-11T21:24:03.840047+00:00,f0d00c4983614291b938804a9df6b127
2007-08-17,122.0,122,ft^3/s,Approved,[],2025-03-11T21:24:03.840047+00:00,f0d00c4983614291b938804a9df6b127
2007-08-18,120.0,120,ft^3/s,Approved,[],2025-03-11T21:24:03.840047+00:00,f0d00c4983614291b938804a9df6b127
2007-08-19,116.0,116,ft^3/s,Approved,[],2025-03-11T21:24:03.840047+00:00,f0d00c4983614291b938804a9df6b127
2007-08-20,114.0,114,ft^3/s,Approved,[],2025-03-11T21:24:03.840047+00:00,f0d00c4983614291b938804a9df6b127
2007-08-21,112.0,112,ft^3/s,Approved,[],2025-03-11T21:24:03.840047+00:00,f0d00c4983614291b938804a9df6b127
2007-08-22,111.0,111,ft^3/s,Approved,[],2025-03-11T21:24:03.840047+00:00,f0d00c4983614291b938804a9df6b127
2007-08-23,109.0,109,ft^3/s,Approved,[],2025-03-11T21:24:03.840047+00:00,f0d00c4983614291b938804a9df6b127
2007-08-24,108.0,108,ft^3/s,Approved,[],2025-03-11T21:24:03.840047+00:00,f0d00c4983614291b938804a9df6b127
2007-08-25,108.0,108,ft^3/s,Approved,[],2025-03-11T21:24:03.840047+00:00,f0d00c4983614291b938804a9df6b127
2007-08-26,107.0,107,ft^3/s,Approved,[],2025-03-11T21:24:03.840047+00:00,f0d00c4983614291b938804a9df6b127
2007-08-27,106.0,106,ft^3/s,Approved,[],2025-03-11T21:24:03.840047+00:00,f0d00c4983614291b938804a9df6b127
2007-08-28,104.0,104,ft^3/s,Approved,[],2025-03-11T21:24:03.840047+00:00,f0d00c4983614291b938804a9df6b127
2007-08-29,104.0,104,ft^3/s,Approved,[],2025-03-11T21:24:03.840047+00:00,f0d00c4983614291b938804a9df6b127
2007-08-30,104.0,104,ft^3/s,Approved,[],2025-03-11T21:24:03.840047+00:00,f0d00c4983614291b938804a9df6b127
2007-08-31,103.0,103,ft^3/s,Approved,[],2025-03-11T21:24:03.840047+00:00,f0d00c4983614291b938804a9df6b127
2007-09-01,103.0,103,ft^3/s,Approved,[],2025-03-11T21:24:03.840047+00:00,f0d00c4983614291b938804a9df6b127
2007-09-02,105.0,105,ft^3/s,Approved,[],2025-03-11T21:24:03.840047+00:00,f0d00c4983614291b938804a9df6b127
2007-09-03,104.0,104,ft^3/s,Approved,[],2025-03-11T21:24:03.840047+00:00,f0d00c4983614291b938804a9df6b127
2007-09-04,104.0,104,ft^3/s,Approved,[],2025-03-11T21:24:03.840047+00:00,f0d00c4983614291b938804a9df6b127
2007-09-05,105.0,105,ft^3/s,Approved,[],2025-03-11T21:24:03.840047+00:00,f0d00c4983614291b938804a9df6b127
2007-09-06,106.0,106,ft^3/s,Approved,[],2025-03-11T21:24:03.840047+00:00,f0d00c4983614291b938804a9df6b127
2007-09-07,104.0,104,ft^3/s,Approved,[],2025-03-11T21:24:03.840047+00:00,f0d00c4983614291b938804a9df6b127
2007-09-08,103.0,103,ft^3/s,Approved,[],2025-03-11T21:24:03.840047+00:00,f0d00c4983614291b938804a9df6b127
2007-09-09,102.0,102,ft^3/s,Approved,[],2025-03-11T21:24:03.840047+00:00,f0d00c4983614291b938804a9df6b127
2007-09-10,102.0,102,ft^3/s,Approved,[],2025-03-11T21:24:03.840047+00:00,f0d00c4983614291b938804a9df6b127
2007-09-11,103.0,103,ft^3/s,Approved,[],2025-03-11T21:24:03.840047+00:00,f0d00c4983614291b938804a9df6b127
2007-09-12,104.0,104,ft^3/s,Approved,[],2025-03-11T21:24:03.840047+00:00,f0d00c4983614291b938804a9df6b127
2007-09-13,103.0,103,ft^3/s,Approved,[],2025-03-11T21:24:03.840047+00:00,f0d00c4983614291b938804a9df6b127
2007-09-14,103.0,103,ft^3/s,Approved,[],2025-03-11T21:24:03.840047+00:00,f0d00c4983614291b938804a9df6b127
2007-09-15,101.0,101,ft^3/s,Approved,[],2025-03-11T21:24:03.840047+00:00,f0d00c4983614291b938804a9df6b127
2007-09-16,101.0,101,ft^3/s,Approved,[],2025-03-11T21:24:03.840047+00:00,f0d00c4983614291b938804a9df6b127
2007-09-17,100.0,100,ft^3/s,Approved,[],2025-03-11T21:24:03.840047+00:00,f0d00c4983614291b938804a9df6b127
2007-09-18,99.5,99.5,ft^3/s,Approved,[],2025-03-11T21:24:03.840047+00:00,f0d00c4983614291b938804a9df6b127
2007-09-19,99.0,99.0,ft^3/s,Approved,[],2025-03-11T21:24:03.840047+00:00,f0d00c4983614291b938804a9df6b127
2007-09-20,98.3,98.3,ft^3/s,Approved,[],2025-03-11T21:24:03.840047+00:00,f0d00c4983614291b938804a9df6b127
2007-09-21,96.9,96.9,ft^3/s,Approved,[],2025-03-11T21:24:03.840047+00:00,f0d00c4983614291b938804a9df6b127
2007-09-22,96.0,96.0,ft^3/s,Approved,[],2025-03-11T21:24:03.840047+00:00,f0d00c4983614291b938804a9df6b127
2007-09-23,95.3,95.3,ft^3/s,Approved,[],2025-03-11T21:24:03.840047+00:00,f0d00c4983614291b938804a9df6b127
2007-09-24,94.5,94.5,ft^3/s,Approved,[],2025-03-11T21:24:03.840047+00:00,f0d00c4983614291b938804a9df6b127
2007-09-25,94.1,94.1,ft^3/s,Approved,[],2025-03-11T21:24:03.840047+00:00,f0d00c4983614291b938804a9df6b127
2007-09-26,93.8,93.8,ft^3/s,Approved,[],2025-03-11T21:24:03.840047+00:00,f0d00c4983614291b938804a9df6b127
2007-09-27,94.1,94.1,ft^3/s,Approved,[],2025-03-11T21:24:03.840047+00:00,f0d00c4983614291b938804a9df6b127
2007-09-28,94.6,94.6,ft^3/s,Approved,[],2025-03-11T21:24:03.840047+00:00,f0d00c4983614291b938804a9df6b127
2007-09-29,94.4,94.4,ft^3/s,Approved,[],2025-03-11T21:24:03.840047+00:00,f0d00c4983614291b938804a9df6b127
2007-09-30,94.6,94.6,ft^3/s,Approved,[],2025-11-21T16:34:19.961837+00:00,f0d00c4983614291b938804a9df6b127
2007-10-01,93.7,93.7,ft^3/s,Approved,[],2025-03-11T21:24:03.840047+00:00,f0d00c4983614291b938804a9df6b127
2007-10-02,93.1,93.1,ft^3/s,Approved,[],2025-03-11T21:24:03.840047+00:00,f0d00c4983614291b938804a9df6b127
2007-10-03,92.1,92.1,ft^3/s,Approved,[],2025-03-11T21:24:03.840047+00:00,f0d00c4983614291b938804a9df6b127
2007-10-04,92.4,92.4,ft^3/s,Approved,[],2025-03-11T21:24:03.840047+00:00,f0d00c4983614291b938804a9df6b127
2007-10-05,91.4,91.4,ft^3/s,Approved,[],2025-03-11T21:24:03.840047+00:00,f0d00c4983614291b938804a9df6b127
2007-10-06,91.5,91.5,ft^3/s,Approved,[],2025-03-11T21:24:03.840047+00:00,f0d00c4983614291b938804a9df6b127
2007-10-07,91.3,91.3,ft^3/s,Approved,[],2025-03-11T21:24:03.840047+00:00,f0d00c4983614291b938804a9df6b127
2007-10-08,91.4,91.4,ft^3/s,Approved,[],2025-03-11T21:24:03.840047+00:00,f0d00c4983614291b938804a9df6b127
2007-10-09,90.6,90.6,ft^3/s,Approved,[],2025-03-11T21:24:03.840047+00:00,f0d00c4983614291b938804a9df6b127
2007-10-10,90.6,90.6,ft^3/s,Approved,[],2025-03-11T21:24:03.840047+00:00,f0d00c4983614291b938804a9df6b127
2007-10-11,90.5,90.5,ft^3/s,Approved,[],2025-03-11T21:24:03.840047+00:00,f0d00c4983614291b938804a9df6b127
2007-10-12,89.6,89.6,ft^3/s,Approved,[],2025-03-11T21:24:03.840047+00:00,f0d00c4983614291b938804a9df6b127
2007-10-13,89.6,89.6,ft^3/s,Approved,[],2025-03-11T21:24:03.840047+00:00,f0d00c4983614291b938804a9df6b127
2007-10-14,89.1,89.1,ft^3/s,Approved,[],2025-03-11T21:24:03.840047+00:00,f0d00c4983614291b938804a9df6b127
2007-10-15,89.0,89.0,ft^3/s,Approved,[],2025-03-11T21:24:03.840047+00:00,f0d00c4983614291b938804a9df6b127
2007-10-16,89.0,89.0,ft^3/s,Approved,[],2025-03-11T21:24:03.840047+00:00,f0d00c4983614291b938804a9df6b127
2007-10-17,88.1,88.1,ft^3/s,Approved,[],2025-03-11T21:24:03.840047+00:00,f0d00c4983614291b938804a9df6b127
2007-10-18,88.2,88.2,ft^3/s,Approved,[],2025-03-11T21:24:03.840047+00:00,f0d00c4983614291b938804a9df6b127
2007-10-19,87.4,87.4,ft^3/s,Approved,[],2025-03-11T21:24:03.840047+00:00,f0d00c4983614291b938804a9df6b127
2007-10-20,87.1,87.1,ft^3/s,Approved,[],2025-03-11T21:24:03.840047+00:00,f0d00c4983614291b938804a9df6b127
2007-10-21,87.2,87.2,ft^3/s,Approved,[],2025-03-11T21:24:03.840047+00:00,f0d00c4983614291b938804a9df6b127
2007-10-22,89.3,89.3,ft^3/s,Approved,[],2025-03-11T21:24:03.840047+00:00,f0d00c4983614291b938804a9df6b127
2007-10-23,89.5,89.5,ft^3/s,Approved,[],2025-03-11T21:24:03.840047+00:00,f0d00c4983614291b938804a9df6b127
2007-10-24,89.4,89.4,ft^3/s,Approved,[],2025-03-11T21:24:03.840047+00:00,f0d00c4983614291b938804a9df6b127
2007-10-25,89.9,89.9,ft^3/s,Approved,[],2025-03-11T21:24:03.840047+00:00,f0d00c4983614291b938804a9df6b127
2007-10-26,89.8,89.8,ft^3/s,Approved,[],2025-03-11T21:24:03.840047+00:00,f0d00c4983614291b938804a9df6b127
2007-10-27,89.6,89.6,ft^3/s,Approved,[],2025-03-11T21:24:03.840047+00:00,f0d00c4983614291b938804a9df6b127
2007-10-28,89.1,89.1,ft^3/s,Approved,[],2025-03-11T21:24:03.840047+00:00,f0d00c4983614291b938804a9df6b127
2007-10-29,89.7,89.7,ft^3/s,Approved,[],2025-03-11T21:24:03.840047+00:00,f0d00c4983614291b938804a9df6b127
2007-10-30,89.7,89.7,ft^3/s,Approved,[],2025-03-11T21:24:03.840047+00:00,f0d00c4983614291b938804a9df6b127
2007-10-31,89.6,89.6,ft^3/s,Approved,[],2025-03-11T21:24:03.840047+00:00,f0d00c4983614291b938804a9df6b127
2007-11-01,89.8,89.8,ft^3/s,Approved,[],2025-03-11T21:24:03.840047+00:00,f0d00c4983614291b938804a9df6b127
2007-11-02,89.9,89.9,ft^3/s,Approved,[],2025-03-11T21:24:03.840047+00:00,f0d00c4983614291b938804a9df6b127
2007-11-03,89.0,89.0,ft^3/s,Approved,[],2025-03-11T21:24:03.840047+00:00,f0d00c4983614291b938804a9df6b127
2007-11-04,87.3,87.3,ft^3/s,Approved,[],2025-03-11T21:24:03.840047+00:00,f0d00c4983614291b938804a9df6b127
2007-11-05,87.0,87.0,ft^3/s,Approved,[],2025-03-11T21:24:03.840047+00:00,f0d00c4983614291b938804a9df6b127
2007-11-06,86.8,86.8,ft^3/s,Approved,[],2025-03-11T21:24:03.840047+00:00,f0d00c4983614291b938804a9df6b127
2007-11-07,86.1,86.1,ft^3/s,Approved,[],2025-03-11T21:24:03.840047+00:00,f0d00c4983614291b938804a9df6b127
2007-11-08,85.4,85.4,ft^3/s,Approved,[],2025-03-11T21:24:03.840047+00:00,f0d00c4983614291b938804a9df6b127
2007-11-09,85.6,85.6,ft^3/s,Approved,[],2025-03-11T21:24:03.840047+00:00,f0d00c4983614291b938804a9df6b127
2007-11-10,85.7,85.7,ft^3/s,Approved,[],2025-03-11T21:24:03.840047+00:00,f0d00c4983614291b938804a9df6b127
2007-11-11,85.9,85.9,ft^3/s,Approved,[],2025-03-11T21:24:03.840047+00:00,f0d00c4983614291b938804a9df6b127
2007-11-12,85.4,85.4,ft^3/s,Approved,[],2025-03-11T21:24:03.840047+00:00,f0d00c4983614291b938804a9df6b127
2007-11-13,85.4,85.4,ft^3/s,Approved,[],2025-03-11T21:24:03.840047+00:00,f0d00c4983614291b938804a9df6b127
2007-11-14,85.7,85.7,ft^3/s,Approved,[],2025-03-11T21:24:03.840047+00:00,f0d00c4983614291b938804a9df6b127
2007-11-15,86.0,86.0,ft^3/s,Approved,[],2025-03-11T21:24:03.840047+00:00,f0d00c4983614291b938804a9df6b127
2007-11-16,85.8,85.8,ft^3/s,Approved,[],2025-03-11T21:24:03.840047+00:00,f0d00c4983614291b938804a9df6b127
2007-11-17,85.2,85.2,ft^3/s,Approved,[],2025-03-11T21:24:03.840047+00:00,f0d00c4983614291b938804a9df6b127
2007-11-18,85.3,85.3,ft^3/s,Approved,[],2025-03-11T21:24:03.840047+00:00,f0d00c4983614291b938804a9df6b127
2007-11-19,84.9,84.9,ft^3/s,Approved,[],2025-03-11T21:24:03.840047+00:00,f0d00c4983614291b938804a9df6b127
2007-11-20,84.3,84.3,ft^3/s,Approved,[],2025-03-11T21:24:03.840047+00:00,f0d00c4983614291b938804a9df6b127
2007-11-21,84.2,84.2,ft^3/s,Approved,[],2025-03-11T21:24:03.840047+00:00,f0d00c4983614291b938804a9df6b127
2007-11-22,84.7,84.7,ft^3/s,Approved,[],2025-03-11T21:24:03.840047+00:00,f0d00c4983614291b938804a9df6b127
2007-11-23,83.9,83.9,ft^3/s,Approved,[],2025-03-11T21:24:03.840047+00:00,f0d00c4983614291b938804a9df6b127
2007-11-24,84.2,84.2,ft^3/s,Approved,[],2025-03-11T21:24:03.840047+00:00,f0d00c4983614291b938804a9df6b127
2007-11-25,83.9,83.9,ft^3/s,Approved,[],2025-03-11T21:24:03.840047+00:00,f0d00c4983614291b938804a9df6b127
2007-11-26,83.0,83.0,ft^3/s,Approved,[],2025-03-11T21:24:03.840047+00:00,f0d00c4983614291b938804a9df6b127
2007-11-27,82.7,82.7,ft^3/s,Approved,[],2025-03-11T21:24:03.840047+00:00,f0d00c4983614291b938804a9df6b127
2007-11-28,82.4,82.4,ft^3/s,Approved,[],2025-03-11T21:24:03.840047+00:00,f0d00c4983614291b938804a9df6b127
2007-11-29,82.0,82.0,ft^3/s,Approved,[],2025-03-11T21:24:03.840047+00:00,f0d00c4983614291b938804a9df6b127
2007-11-30,81.7,81.7,ft^3/s,Approved,[],2025-03-11T21:24:03.840047+00:00,f0d00c4983614291b938804a9df6b127
2007-12-01,83.2,83.2,ft^3/s,Approved,[],2025-03-11T21:24:03.840047+00:00,f0d00c4983614291b938804a9df6b127
2007-12-02,82.7,82.7,ft^3/s,Approved,[],2025-03-11T21:24:03.840047+00:00,f0d00c4983614291b938804a9df6b127
2007-12-03,82.0,82.0,ft^3/s,Approved,[],2025-03-11T21:24:03.840047+00:00,f0d00c4983614291b938804a9df6b127
2007-12-04,81.9,81.9,ft^3/s,Approved,[],2025-03-11T21:24:03.840047+00:00,f0d00c4983614291b938804a9df6b127
2007-12-05,81.6,81.6,ft^3/s,Approved,[],2025-03-11T21:24:03.840047+00:00,f0d00c4983614291b938804a9df6b127
2007-12-06,81.2,81.2,ft^3/s,Approved,[],2025-03-11T21:24:03.840047+00:00,f0d00c4983614291b938804a9df6b127
2007-12-07,82.0,82.0,ft^3/s,Approved,[],2025-03-11T21:24:03.840047+00:00,f0d00c4983614291b938804a9df6b127
2007-12-08,81.0,81.0,ft^3/s,Approved,[],2025-03-11T21:24:03.840047+00:00,f0d00c4983614291b938804a9df6b127
2007-12-09,80.3,80.3,ft^3/s,Approved,[],2025-03-11T21:24:03.840047+00:00,f0d00c4983614291b938804a9df6b127
2007-12-10,80.4,80.4,ft^3/s,Approved,[],2025-03-11T21:24:03.840047+00:00,f0d00c4983614291b938804a9df6b127
2007-12-11,79.9,79.9,ft^3/s,Approved,[],2025-03-11T21:24:03.840047+00:00,f0d00c4983614291b938804a9df6b127
2007-12-12,79.9,79.9,ft^3/s,Approved,[],2025-03-11T21:24:03.840047+00:00,f0d00c4983614291b938804a9df6b127
2007-12-13,79.6,79.6,ft^3/s,Approved,[],2025-03-11T21:24:03.840047+00:00,f0d00c4983614291b938804a9df6b127
2007-12-14,79.3,79.3,ft^3/s,Approved,[],2025-03-11T21:24:03.840047+00:00,f0d00c4983614291b938804a9df6b127
2007-12-15,79.7,79.7,ft^3/s,Approved,[],2025-03-11T21:24:03.840047+00:00,f0d00c4983614291b938804a9df6b127
2007-12-16,79.7,79.7,ft^3/s,Approved,[],2025-03-11T21:24:03.840047+00:00,f0d00c4983614291b938804a9df6b127
2007-12-17,79.6,79.6,ft^3/s,Approved,[],2025-03-11T21:24:03.840047+00:00,f0d00c4983614291b938804a9df6b127
2007-12-18,79.4,79.4,ft^3/s,Approved,[],2025-03-11T21:24:03.840047+00:00,f0d00c4983614291b938804a9df6b127
2007-12-19,79.0,79.0,ft^3/s,Approved,[],2025-03-11T21:24:03.840047+00:00,f0d00c4983614291b938804a9df6b127
2007-12-20,78.6,78.6,ft^3/s,Approved,[],2025-03-11T21:24:03.840047+00:00,f0d00c4983614291b938804a9df6b127
2007-12-21,78.3,78.3,ft^3/s,Approved,[],2025-03-11T21:24:03.840047+00:00,f0d00c4983614291b938804a9df6b127
2007-12-22,78.0,78.0,ft^3/s,Approved,[],2025-03-11T21:24:03.840047+00:00,f0d00c4983614291b938804a9df6b127
2007-12-23,77.5,77.5,ft^3/s,Approved,[],2025-03-11T21:24:03.840047+00:00,f0d00c4983614291b938804a9df6b127
2007-12-24,76.8,76.8,ft^3/s,Approved,[],2025-03-11T21:24:03.840047+00:00,f0d00c4983614291b938804a9df6b127
2007-12-25,76.5,76.5,ft^3/s,Approved,[],2025-03-11T21:24:03.840047+00:00,f0d00c4983614291b938804a9df6b127
2007-12-26,76.2,76.2,ft^3/s,Approved,[],2025-03-11T21:24:03.840047+00:00,f0d00c4983614291b938804a9df6b127
2007-12-27,76.0,76.0,ft^3/s,Approved,[],2025-03-11T21:24:03.840047+00:00,f0d00c4983614291b938804a9df6b127
2007-12-28,75.5,75.5,ft^3/s,Approved,[],2025-03-11T21:24:03.840047+00:00,f0d00c4983614291b938804a9df6b127
2007-12-29,75.4,75.4,ft^3/s,Approved,[],2025-03-11T21:24:03.840047+00:00,f0d00c4983614291b938804a9df6b127
2007-12-30,75.0,75.0,ft^3/s,Approved,[],2025-03-11T21:24:03.840047+00:00,f0d00c4983614291b938804a9df6b127
2007-12-31,75.1,75.1,ft^3/s,Approved,[],2025-03-11T21:24:03.840047+00:00,f0d00c4983614291b938804a9df6b127
2008-01-01,74.6,74.6,ft^3/s,Approved,[],2025-03-11T21:24:03.840047+00:00,f0d00c4983614291b938804a9df6b127
2008-01-02,74.1,74.1,ft^3/s,Approved,[],2025-03-11T21:24:03.840047+00:00,f0d00c4983614291b938804a9df6b127
2008-01-03,73.9,73.9,ft^3/s,Approved,[],2025-03-11T21:24:03.840047+00:00,f0d00c4983614291b938804a9df6b127
2008-01-04,73.8,73.8,ft^3/s,Approved,[],2025-03-11T21:24:03.840047+00:00,f0d00c4983614291b938804a9df6b127
2008-01-05,73.9,73.9,ft^3/s,Approved,[],2025-03-11T21:24:03.840047+00:00,f0d00c4983614291b938804a9df6b127
2008-01-06,73.9,73.9,ft^3/s,Approved,[],2025-03-11T21:24:03.840047+00:00,f0d00c4983614291b938804a9df6b127
2008-01-07,74.2,74.2,ft^3/s,Approved,[],2025-03-11T21:24:03.840047+00:00,f0d00c4983614291b938804a9df6b127
2008-01-08,73.8,73.8,ft^3/s,Approved,[],2025-03-11T21:24:03.840047+00:00,f0d00c4983614291b938804a9df6b127
2008-01-09,73.6,73.6,ft^3/s,Approved,[],2025-03-11T21:24:03.840047+00:00,f0d00c4983614291b938804a9df6b127
2008-01-10,73.2,73.2,ft^3/s,Approved,[],2025-03-11T21:24:03.840047+00:00,f0d00c4983614291b938804a9df6b127
2008-01-11,73.0,73.0,ft^3/s,Approved,[],2025-03-11T21:24:03.840047+00:00,f0d00c4983614291b938804a9df6b127
2008-01-12,71.6,71.6,ft^3/s,Approved,[],2025-03-11T21:24:03.840047+00:00,f0d00c4983614291b938804a9df6b127
2008-01-13,71.6,71.6,ft^3/s,Approved,[],2025-03-11T21:24:03.840047+00:00,f0d00c4983614291b938804a9df6b127
2008-01-14,72.0,72.0,ft^3/s,Approved,[],2025-03-11T21:24:03.840047+00:00,f0d00c4983614291b938804a9df6b127
2008-01-15,71.6,71.6,ft^3/s,Approved,[],2025-03-11T21:24:03.840047+00:00,f0d00c4983614291b938804a9df6b127
2008-01-16,71.4,71.4,ft^3/s,Approved,[],2025-03-11T21:24:03.840047+00:00,f0d00c4983614291b938804a9df6b127
2008-01-17,71.3,71.3,ft^3/s,Approved,[],2025-03-11T21:24:03.840047+00:00,f0d00c4983614291b938804a9df6b127
2008-01-18,71.1,71.1,ft^3/s,Approved,[],2025-03-11T21:24:03.840047+00:00,f0d00c4983614291b938804a9df6b127
2008-01-19,71.2,71.2,ft^3/s,Approved,[],2025-03-11T21:24:03.840047+00:00,f0d00c4983614291b938804a9df6b127
2008-01-20,71.3,71.3,ft^3/s,Approved,[],2025-03-11T21:24:03.840047+00:00,f0d00c4983614291b938804a9df6b127
2008-01-21,71.2,71.2,ft^3/s,Approved,[],2025-03-11T21:24:03.840047+00:00,f0d00c4983614291b938804a9df6b127
2008-01-22,71.2,71.2,ft^3/s,Approved,[],2025-03-11T21:24:03.840047+00:00,f0d00c4983614291b938804a9df6b127
2008-01-23,71.1,71.1,ft^3/s,Approved,[],2025-03-11T21:24:03.840047+00:00,f0d00c4983614291b938804a9df6b127
2008-01-24,71.3,71.3,ft^3/s,Approved,[],2025-03-11T21:24:03.840047+00:00,f0d00c4983614291b938804a9df6b127
2008-01-25,71.3,71.3,ft^3/s,Approved,[],2025-03-11T21:24:03.840047+00:00,f0d00c4983614291b938804a9df6b127
2008-01-26,70.8,70.8,ft^3/s,Approved,[],2025-03-11T21:24:03.840047+00:00,f0d00c4983614291b938804a9df6b127
2008-01-27,70.5,70.5,ft^3/s,Approved,[],2025-03-11T21:24:03.840047+00:00,f0d00c4983614291b938804a9df6b127
2008-01-28,70.0,70.0,ft^3/s,Approved,[],2025-03-11T21:24:03.840047+00:00,f0d00c4983614291b938804a9df6b127
2008-01-29,68.8,68.8,ft^3/s,Approved,[],2025-03-11T21:24:03.840047+00:00,f0d00c4983614291b938804a9df6b127
2008-01-30,68.4,68.4,ft^3/s,Approved,[],2025-03-11T21:24:03.840047+00:00,f0d00c4983614291b938804a9df6b127
2008-01-31,69.3,69.3,ft^3/s,Approved,[],2025-03-11T21:24:03.840047+00:00,f0d00c4983614291b938804a9df6b127
2008-02-01,68.3,68.3,ft^3/s,Approved,[],2025-03-11T21:24:03.840047+00:00,f0d00c4983614291b938804a9df6b127
2008-02-02,67.9,67.9,ft^3/s,Approved,[],2025-03-11T21:24:03.840047+00:00,f0d00c4983614291b938804a9df6b127
2008-02-03,67.3,67.3,ft^3/s,Approved,[],2025-03-11T21:24:03.840047+00:00,f0d00c4983614291b938804a9df6b127
2008-02-04,67.6,67.6,ft^3/s,Approved,[],2025-03-11T21:24:03.840047+00:00,f0d00c4983614291b938804a9df6b127
2008-02-05,67.2,67.2,ft^3/s,Approved,[],2025-03-11T21:24:03.840047+00:00,f0d00c4983614291b938804a9df6b127
2008-02-06,64.6,64.6,ft^3/s,Approved,[],2025-03-11T21:24:03.840047+00:00,f0d00c4983614291b938804a9df6b127
2008-02-07,63.8,63.8,ft^3/s,Approved,[],2025-03-11T21:24:03.840047+00:00,f0d00c4983614291b938804a9df6b127
2008-02-08,62.8,62.8,ft^3/s,Approved,[],2025-03-11T21:24:03.840047+00:00,f0d00c4983614291b938804a9df6b127
2008-02-09,61.9,61.9,ft^3/s,Approved,[],2025-03-11T21:24:03.840047+00:00,f0d00c4983614291b938804a9df6b127
2008-02-10,60.8,60.8,ft^3/s,Approved,[],2025-03-11T21:24:03.840047+00:00,f0d00c4983614291b938804a9df6b127
2008-02-11,58.5,58.5,ft^3/s,Approved,[],2025-03-11T21:24:03.840047+00:00,f0d00c4983614291b938804a9df6b127
2008-02-12,57.4,57.4,ft^3/s,Approved,[],2025-03-11T21:24:03.840047+00:00,f0d00c4983614291b938804a9df6b127
2008-02-13,57.0,57.0,ft^3/s,Approved,[],2025-03-11T21:24:03.840047+00:00,f0d00c4983614291b938804a9df6b127
2008-02-14,56.5,56.5,ft^3/s,Approved,[],2025-03-11T21:24:03.840047+00:00,f0d00c4983614291b938804a9df6b127
2008-02-15,54.7,54.7,ft^3/s,Approved,[],2025-03-11T21:24:03.840047+00:00,f0d00c4983614291b938804a9df6b127
2008-02-16,53.4,53.4,ft^3/s,Approved,[],2025-03-11T21:24:03.840047+00:00,f0d00c4983614291b938804a9df6b127
2008-02-17,50.5,50.5,ft^3/s,Approved,[],2025-03-11T21:24:03.840047+00:00,f0d00c4983614291b938804a9df6b127
2008-02-18,50.1,50.1,ft^3/s,Approved,[],2025-03-11T21:24:03.840047+00:00,f0d00c4983614291b938804a9df6b127
2008-02-19,49.0,49.0,ft^3/s,Approved,[],2025-03-11T21:24:03.840047+00:00,f0d00c4983614291b938804a9df6b127
2008-02-20,48.5,48.5,ft^3/s,Approved,[],2025-03-11T21:24:03.840047+00:00,f0d00c4983614291b938804a9df6b127
2008-02-21,48.2,48.2,ft^3/s,Approved,[],2025-03-11T21:24:03.840047+00:00,f0d00c4983614291b938804a9df6b127
2008-02-22,45.7,45.7,ft^3/s,Approved,[],2025-03-11T21:24:03.840047+00:00,f0d00c4983614291b938804a9df6b127
2008-02-23,44.6,44.6,ft^3/s,Approved,[],2025-03-11T21:24:03.840047+00:00,f0d00c4983614291b938804a9df6b127
2008-02-24,43.8,43.8,ft^3/s,Approved,[],2025-03-11T21:24:03.840047+00:00,f0d00c4983614291b938804a9df6b127
2008-02-25,43.2,43.2,ft^3/s,Approved,[],2025-03-11T21:24:03.840047+00:00,f0d00c4983614291b938804a9df6b127
2008-02-26,43.5,43.5,ft^3/s,Approved,[],2025-03-11T21:24:03.840047+00:00,f0d00c4983614291b938804a9df6b127
2008-02-27,40.7,40.7,ft^3/s,Approved,[],2025-03-11T21:24:03.840047+00:00,f0d00c4983614291b938804a9df6b127
2008-02-28,41.0,41.0,ft^3/s,Approved,[],2025-03-11T21:24:03.840047+00:00,f0d00c4983614291b938804a9df6b127
2008-02-29,40.5,40.5,ft^3/s,Approved,[],2025-03-11T21:24:03.840047+00:00,f0d00c4983614291b938804a9df6b127
2008-03-01,39.5,39.5,ft^3/s,Approved,[],2025-03-11T21:24:03.840047+00:00,f0d00c4983614291b938804a9df6b127
2008-03-02,38.9,38.9,ft^3/s,Approved,[],2025-03-11T21:24:03.840047+00:00,f0d00c4983614291b938804a9df6b127
2008-03-03,39.2,39.2,ft^3/s,Approved,[],2025-03-11T21:24:03.840047+00:00,f0d00c4983614291b938804a9df6b127
2008-03-04,39.8,39.8,ft^3/s,Approved,[],2025-03-11T21:24:03.840047+00:00,f0d00c4983614291b938804a9df6b127
2008-03-05,39.3,39.3,ft^3/s,Approved,[],2025-03-11T21:24:03.840047+00:00,f0d00c4983614291b938804a9df6b127
2008-03-06,40.0,40.0,ft^3/s,Approved,[],2025-03-11T21:24:03.840047+00:00,f0d00c4983614291b938804a9df6b127
2008-03-07,39.0,39.0,ft^3/s,Approved,[],2025-03-11T21:24:03.840047+00:00,f0d00c4983614291b938804a9df6b127
2008-03-08,37.1,37.1,ft^3/s,Approved,[],2025-03-11T21:24:03.840047+00:00,f0d00c4983614291b938804a9df6b127
2008-03-09,37.0,37.0,ft^3/s,Approved,[],2025-03-11T21:24:03.840047+00:00,f0d00c4983614291b938804a9df6b127
2008-03-10,37.7,37.7,ft^3/s,Approved,[],2025-03-11T21:24:03.840047+00:00,f0d00c4983614291b938804a9df6b127
2008-03-11,40.0,40.0,ft^3/s,Approved,[],2025-03-11T21:24:03.840047+00:00,f0d00c4983614291b938804a9df6b127
2008-03-12,39.5,39.5,ft^3/s,Approved,[],2025-03-11T21:24:03.840047+00:00,f0d00c4983614291b938804a9df6b127
2008-03-13,39.7,39.7,ft^3/s,Approved,[],2025-03-11T21:24:03.840047+00:00,f0d00c4983614291b938804a9df6b127
2008-03-14,38.5,38.5,ft^3/s,Approved,[],2025-03-11T21:24:03.840047+00:00,f0d00c4983614291b938804a9df6b127
2008-03-15,37.8,37.8,ft^3/s,Approved,[],2025-03-11T21:24:03.840047+00:00,f0d00c4983614291b938804a9df6b127
2008-03-16,35.6,35.6,ft^3/s,Approved,[],2025-03-11T21:24:03.840047+00:00,f0d00c4983614291b938804a9df6b127
2008-03-17,34.4,34.4,ft^3/s,Approved,[],2025-03-11T21:24:03.840047+00:00,f0d00c4983614291b938804a9df6b127
2008-03-18,35.0,35.0,ft^3/s,Approved,[],2025-03-11T21:24:03.840047+00:00,f0d00c4983614291b938804a9df6b127
2008-03-19,32.2,32.2,ft^3/s,Approved,[],2025-03-11T21:24:03.840047+00:00,f0d00c4983614291b938804a9df6b127
2008-03-20,32.0,32.0,ft^3/s,Approved,[],2025-03-11T21:24:03.840047+00:00,f0d00c4983614291b938804a9df6b127
2008-03-21,31.9,31.9,ft^3/s,Approved,[],2025-03-11T21:24:03.840047+00:00,f0d00c4983614291b938804a9df6b127
2008-03-22,31.8,31.8,ft^3/s,Approved,[],2025-03-11T21:24:03.840047+00:00,f0d00c4983614291b938804a9df6b127
2008-03-23,31.1,31.1,ft^3/s,Approved,[],2025-03-11T21:24:03.840047+00:00,f0d00c4983614291b938804a9df6b127
2008-03-24,30.3,30.3,ft^3/s,Approved,[],2025-03-11T21:24:03.840047+00:00,f0d00c4983614291b938804a9df6b127
2008-03-25,30.2,30.2,ft^3/s,Approved,[],2025-03-11T21:24:03.840047+00:00,f0d00c4983614291b938804a9df6b127
2008-03-26,31.6,31.6,ft^3/s,Approved,[],2025-03-11T21:24:03.840047+00:00,f0d00c4983614291b938804a9df6b127
2008-03-27,31.7,31.7,ft^3/s,Approved,[],2025-03-11T21:24:03.840047+00:00,f0d00c4983614291b938804a9df6b127
2008-03-28,31.0,31.0,ft^3/s,Approved,[],2025-03-11T21:24:03.840047+00:00,f0d00c4983614291b938804a9df6b127
2008-03-29,31.0,31.0,ft^3/s,Approved,[],2025-03-11T21:24:03.840047+00:00,f0d00c4983614291b938804a9df6b127
2008-03-30,29.3,29.3,ft^3/s,Approved,[],2025-03-11T21:24:03.840047+00:00,f0d00c4983614291b938804a9df6b127
2008-03-31,28.5,28.5,ft^3/s,Approved,[],2025-03-11T21:24:03.840047+00:00,f0d00c4983614291b938804a9df6b127
2008-04-01,27.0,27.0,ft^3/s,Approved,[],2025-03-11T21:24:03.840047+00:00,f0d00c4983614291b938804a9df6b127
2008-04-02,25.8,25.8,ft^3/s,Approved,[],2025-03-11T21:24:03.840047+00:00,f0d00c4983614291b938804a9df6b127
2008-04-03,24.8,24.8,ft^3/s,Approved,[],2025-03-11T21:24:03.840047+00:00,f0d00c4983614291b938804a9df6b127
2008-04-04,25.1,25.1,ft^3/s,Approved,[],2025-03-11T21:24:03.840047+00:00,f0d00c4983614291b938804a9df6b127
2008-04-05,25.0,25.0,ft^3/s,Approved,[],2025-03-11T21:24:03.840047+00:00,f0d00c4983614291b938804a9df6b127
2008-04-06,24.9,24.9,ft^3/s,Approved,[],2025-03-11T21:24:03.840047+00:00,f0d00c4983614291b938804a9df6b127
2008-04-07,25.5,25.5,ft^3/s,Approved,[],2025-03-11T21:24:03.840047+00:00,f0d00c4983614291b938804a9df6b127
2008-04-08,24.8,24.8,ft^3/s,Approved,[],2025-03-11T21:24:03.840047+00:00,f0d00c4983614291b938804a9df6b127
2008-04-09,25.3,25.3,ft^3/s,Approved,[],2025-03-11T21:24:03.840047+00:00,f0d00c4983614291b938804a9df6b127
2008-04-10,25.2,25.2,ft^3/s,Approved,[],2025-03-11T21:24:03.840047+00:00,f0d00c4983614291b938804a9df6b127
2008-04-11,25.0,25.0,ft^3/s,Approved,[],2025-03-11T21:24:03.840047+00:00,f0d00c4983614291b938804a9df6b127
2008-04-12,25.2,25.2,ft^3/s,Approved,[],2025-03-11T21:24:03.840047+00:00,f0d00c4983614291b938804a9df6b127
2008-04-13,24.7,24.7,ft^3/s,Approved,[],2025-03-11T21:24:03.840047+00:00,f0d00c4983614291b938804a9df6b127
2008-04-14,24.4,24.4,ft^3/s,Approved,[],2025-03-11T21:24:03.840047+00:00,f0d00c4983614291b938804a9df6b127
2008-04-15,24.5,24.5,ft^3/s,Approved,[],2025-03-11T21:24:03.840047+00:00,f0d00c4983614291b938804a9df6b127
2008-04-16,25.1,25.1,ft^3/s,Approved,[],2025-03-11T21:24:03.840047+00:00,f0d00c4983614291b938804a9df6b127
2008-04-17,25.6,25.6,ft^3/s,Approved,[],2025-03-11T21:24:03.840047+00:00,f0d00c4983614291b938804a9df6b127
2008-04-18,25.9,25.9,ft^3/s,Approved,[],2025-03-11T21:24:03.840047+00:00,f0d00c4983614291b938804a9df6b127
2008-04-19,26.2,26.2,ft^3/s,Approved,[],2025-03-11T21:24:03.840047+00:00,f0d00c4983614291b938804a9df6b127
2008-04-20,24.8,24.8,ft^3/s,Approved,[],2025-03-11T21:24:03.840047+00:00,f0d00c4983614291b938804a9df6b127
2008-04-21,23.9,23.9,ft^3/s,Approved,[],2025-03-11T21:24:03.840047+00:00,f0d00c4983614291b938804a9df6b127
2008-04-22,23.1,23.1,ft^3/s,Approved,[],2025-03-11T21:24:03.840047+00:00,f0d00c4983614291b938804a9df6b127
2008-04-23,23.0,23.0,ft^3/s,Approved,[],2025-03-11T21:24:03.840047+00:00,f0d00c4983614291b938804a9df6b127
2008-04-24,23.4,23.4,ft^3/s,Approved,[],2025-03-11T21:24:03.840047+00:00,f0d00c4983614291b938804a9df6b127
2008-04-25,23.8,23.8,ft^3/s,Approved,[],2025-03-11T21:24:03.840047+00:00,f0d00c4983614291b938804a9df6b127
2008-04-26,24.0,24.0,ft^3/s,Approved,[],2025-03-11T21:24:03.840047+00:00,f0d00c4983614291b938804a9df6b127
2008-04-27,23.3,23.3,ft^3/s,Approved,[],2025-03-11T21:24:03.840047+00:00,f0d00c4983614291b938804a9df6b127
2008-04-28,23.2,23.2,ft^3/s,Approved,[],2025-03-11T21:24:03.840047+00:00,f0d00c4983614291b938804a9df6b127
2008-04-29,23.0,23.0,ft^3/s,Approved,[],2025-03-11T21:24:03.840047+00:00,f0d00c4983614291b938804a9df6b127
2008-04-30,22.3,22.3,ft^3/s,Approved,[],2025-03-11T21:24:03.840047+00:00,f0d00c4983614291b938804a9df6b127
2008-05-01,22.5,22.5,ft^3/s,Approved,[],2025-03-11T21:24:03.840047+00:00,f0d00c4983614291b938804a9df6b127
2008-05-02,21.6,21.6,ft^3/s,Approved,[],2025-03-11T21:24:03.840047+00:00,f0d00c4983614291b938804a9df6b127
2008-05-03,21.8,21.8,ft^3/s,Approved,[],2025-03-11T21:24:03.840047+00:00,f0d00c4983614291b938804a9df6b127
2008-05-04,21.5,21.5,ft^3/s,Approved,[],2025-03-11T21:24:03.840047+00:00,f0d00c4983614291b938804a9df6b127
2008-05-05,20.8,20.8,ft^3/s,Approved,[],2025-03-11T21:24:03.840047+00:00,f0d00c4983614291b938804a9df6b127
2008-05-06,20.9,20.9,ft^3/s,Approved,[],2025-03-11T21:24:03.840047+00:00,f0d00c4983614291b938804a9df6b127
2008-05-07,21.4,21.4,ft^3/s,Approved,[],2025-03-11T21:24:03.840047+00:00,f0d00c4983614291b938804a9df6b127
2008-05-08,21.3,21.3,ft^3/s,Approved,[],2025-03-11T21:24:03.840047+00:00,f0d00c4983614291b938804a9df6b127
2008-05-09,21.6,21.6,ft^3/s,Approved,[],2025-03-11T21:24:03.840047+00:00,f0d00c4983614291b938804a9df6b127
2008-05-10,21.6,21.6,ft^3/s,Approved,[],2025-03-11T21:24:03.840047+00:00,f0d00c4983614291b938804a9df6b127
2008-05-11,21.2,21.2,ft^3/s,Approved,[],2025-03-11T21:24:03.840047+00:00,f0d00c4983614291b938804a9df6b127
2008-05-12,21.3,21.3,ft^3/s,Approved,[],2025-03-11T21:24:03.840047+00:00,f0d00c4983614291b938804a9df6b127
2008-05-13,21.4,21.4,ft^3/s,Approved,[],2025-03-11T21:24:03.840047+00:00,f0d00c4983614291b938804a9df6b127
2008-05-14,22.0,22.0,ft^3/s,Approved,[],2025-03-11T21:24:03.840047+00:00,f0d00c4983614291b938804a9df6b127
2008-05-15,22.7,22.7,ft^3/s,Approved,[],2025-03-11T21:24:03.840047+00:00,f0d00c4983614291b938804a9df6b127
2008-05-16,23.3,23.3,ft^3/s,Approved,[],2025-03-11T21:24:03.840047+00:00,f0d00c4983614291b938804a9df6b127
2008-05-17,23.9,23.9,ft^3/s,Approved,[],2025-03-11T21:24:03.840047+00:00,f0d00c4983614291b938804a9df6b127
2008-05-18,23.2,23.2,ft^3/s,Approved,[],2025-03-11T21:24:03.840047+00:00,f0d00c4983614291b938804a9df6b127
2008-05-19,22.8,22.8,ft^3/s,Approved,[],2025-03-11T21:24:03.840047+00:00,f0d00c4983614291b938804a9df6b127
2008-05-20,22.3,22.3,ft^3/s,Approved,[],2025-03-11T21:24:03.840047+00:00,f0d00c4983614291b938804a9df6b127
2008-05-21,22.0,22.0,ft^3/s,Approved,[],2025-03-11T21:24:03.840047+00:00,f0d00c4983614291b938804a9df6b127
2008-05-22,22.3,22.3,ft^3/s,Approved,[],2025-03-11T21:24:03.840047+00:00,f0d00c4983614291b938804a9df6b127
2008-05-23,22.4,22.4,ft^3/s,Approved,[],2025-03-11T21:24:03.840047+00:00,f0d00c4983614291b938804a9df6b127
2008-05-24,21.5,21.5,ft^3/s,Approved,[],2025-03-11T21:24:03.840047+00:00,f0d00c4983614291b938804a9df6b127
2008-05-25,20.9,20.9,ft^3/s,Approved,[],2025-03-11T21:24:03.840047+00:00,f0d00c4983614291b938804a9df6b127
2008-05-26,20.9,20.9,ft^3/s,Approved,[],2025-03-11T21:24:03.840047+00:00,f0d00c4983614291b938804a9df6b127
2008-05-27,20.9,20.9,ft^3/s,Approved,[],2025-03-11T21:24:03.840047+00:00,f0d00c4983614291b938804a9df6b127
2008-05-28,20.4,20.4,ft^3/s,Approved,[],2025-03-11T21:24:03.840047+00:00,f0d00c4983614291b938804a9df6b127
2008-05-29,20.4,20.4,ft^3/s,Approved,[],2025-03-11T21:24:03.840047+00:00,f0d00c4983614291b938804a9df6b127
2008-05-30,19.9,19.9,ft^3/s,Approved,[],2025-03-11T21:24:03.840047+00:00,f0d00c4983614291b938804a9df6b127
2008-05-31,19.6,19.6,ft^3/s,Approved,[],2025-03-11T21:24:03.840047+00:00,f0d00c4983614291b938804a9df6b127
2008-06-01,19.2,19.2,ft^3/s,Approved,[],2025-03-11T21:24:03.840047+00:00,f0d00c4983614291b938804a9df6b127
2008-06-02,18.9,18.9,ft^3/s,Approved,[],2025-03-11T21:24:03.840047+00:00,f0d00c4983614291b938804a9df6b127
2008-06-03,19.0,19.0,ft^3/s,Approved,[],2025-03-11T21:24:03.840047+00:00,f0d00c4983614291b938804a9df6b127
2008-06-04,19.0,19.0,ft^3/s,Approved,[],2025-03-11T21:24:03.840047+00:00,f0d00c4983614291b938804a9df6b127
2008-06-05,18.4,18.4,ft^3/s,Approved,[],2025-03-11T21:24:03.840047+00:00,f0d00c4983614291b938804a9df6b127
2008-06-06,17.9,17.9,ft^3/s,Approved,[],2025-03-11T21:24:03.840047+00:00,f0d00c4983614291b938804a9df6b127
2008-06-07,17.7,17.7,ft^3/s,Approved,[],2025-03-11T21:24:03.840047+00:00,f0d00c4983614291b938804a9df6b127
2008-06-08,17.4,17.4,ft^3/s,Approved,[],2025-03-11T21:24:03.840047+00:00,f0d00c4983614291b938804a9df6b127
2008-06-09,17.0,17.0,ft^3/s,Approved,[],2025-03-11T21:24:03.840047+00:00,f0d00c4983614291b938804a9df6b127
2008-06-10,16.8,16.8,ft^3/s,Approved,[],2025-03-11T21:24:03.840047+00:00,f0d00c4983614291b938804a9df6b127
2008-06-11,16.7,16.7,ft^3/s,Approved,[],2025-03-11T21:24:03.840047+00:00,f0d00c4983614291b938804a9df6b127
2008-06-12,16.3,16.3,ft^3/s,Approved,[],2025-03-11T21:24:03.840047+00:00,f0d00c4983614291b938804a9df6b127
2008-06-13,15.9,15.9,ft^3/s,Approved,[],2025-03-11T21:24:03.840047+00:00,f0d00c4983614291b938804a9df6b127
2008-06-14,15.7,15.7,ft^3/s,Approved,[],2025-03-11T21:24:03.840047+00:00,f0d00c4983614291b938804a9df6b127
2008-06-15,15.6,15.6,ft^3/s,Approved,[],2025-03-11T21:24:03.840047+00:00,f0d00c4983614291b938804a9df6b127
2008-06-16,15.3,15.3,ft^3/s,Approved,[],2025-03-11T21:24:03.840047+00:00,f0d00c4983614291b938804a9df6b127
2008-06-17,15.2,15.2,ft^3/s,Approved,[],2025-03-11T21:24:03.840047+00:00,f0d00c4983614291b938804a9df6b127
2008-06-18,15.1,15.1,ft^3/s,Approved,[],2025-03-11T21:24:03.840047+00:00,f0d00c4983614291b938804a9df6b127
2008-06-19,14.9,14.9,ft^3/s,Approved,[],2025-03-11T21:24:03.840047+00:00,f0d00c4983614291b938804a9df6b127
2008-06-20,14.8,14.8,ft^3/s,Approved,[],2025-03-11T21:24:03.840047+00:00,f0d00c4983614291b938804a9df6b127
2008-06-21,14.6,14.6,ft^3/s,Approved,[],2025-03-11T21:24:03.840047+00:00,f0d00c4983614291b938804a9df6b127
2008-06-22,14.1,14.1,ft^3/s,Approved,[],2025-03-11T21:24:03.840047+00:00,f0d00c4983614291b938804a9df6b127
2008-06-23,13.5,13.5,ft^3/s,Approved,[],2025-03-11T21:24:03.840047+00:00,f0d00c4983614291b938804a9df6b127
2008-06-24,13.5,13.5,ft^3/s,Approved,[],2025-03-11T21:24:03.840047+00:00,f0d00c4983614291b938804a9df6b127
2008-06-25,13.4,13.4,ft^3/s,Approved,[],2025-03-11T21:24:03.840047+00:00,f0d00c4983614291b938804a9df6b127
2008-06-26,13.2,13.2,ft^3/s,Approved,[],2025-03-11T21:24:03.840047+00:00,f0d00c4983614291b938804a9df6b127
2008-06-27,13.1,13.1,ft^3/s,Approved,[],2025-03-11T21:24:03.840047+00:00,f0d00c4983614291b938804a9df6b127
2008-06-28,12.8,12.8,ft^3/s,Approved,[],2025-03-11T21:24:03.840047+00:00,f0d00c4983614291b938804a9df6b127
2008-06-29,12.6,12.6,ft^3/s,Approved,[],2025-03-11T21:24:03.840047+00:00,f0d00c4983614291b938804a9df6b127
2008-06-30,12.4,12.4,ft^3/s,Approved,[],2025-03-11T21:24:03.840047+00:00,f0d00c4983614291b938804a9df6b127
2008-07-01,12.5,12.5,ft^3/s,Approved,[],2025-03-11T21:24:03.840047+00:00,f0d00c4983614291b938804a9df6b127
2008-07-02,13.0,13.0,ft^3/s,Approved,[],2025-03-11T21:24:03.840047+00:00,f0d00c4983614291b938804a9df6b127
2008-07-03,12.8,12.8,ft^3/s,Approved,[],2025-03-11T21:24:03.840047+00:00,f0d00c4983614291b938804a9df6b127
2008-07-04,12.7,12.7,ft^3/s,Approved,[],2025-03-11T21:24:03.840047+00:00,f0d00c4983614291b938804a9df6b127
2008-07-05,12.5,12.5,ft^3/s,Approved,[],2025-03-11T21:24:03.840047+00:00,f0d00c4983614291b938804a9df6b127
2008-07-06,12.6,12.6,ft^3/s,Approved,[],2025-03-11T21:24:03.840047+00:00,f0d00c4983614291b938804a9df6b127
2008-07-07,12.5,12.5,ft^3/s,Approved,[],2025-03-11T21:24:03.840047+00:00,f0d00c4983614291b938804a9df6b127
2008-07-08,12.7,12.7,ft^3/s,Approved,[],2025-03-11T21:24:03.840047+00:00,f0d00c4983614291b938804a9df6b127
2008-07-09,13.0,13.0,ft^3/s,Approved,[],2025-03-11T21:24:03.840047+00:00,f0d00c4983614291b938804a9df6b127
2008-07-10,12.9,12.9,ft^3/s,Approved,[],2025-03-11T21:24:03.840047+00:00,f0d00c4983614291b938804a9df6b127
2008-07-11,12.4,12.4,ft^3/s,Approved,[],2025-03-11T21:24:03.840047+00:00,f0d00c4983614291b938804a9df6b127
2008-07-12,12.2,12.2,ft^3/s,Approved,[],2025-03-11T21:24:03.840047+00:00,f0d00c4983614291b938804a9df6b127
2008-07-13,12.4,12.4,ft^3/s,Approved,[],2025-03-11T21:24:03.840047+00:00,f0d00c4983614291b938804a9df6b127
2008-07-14,12.5,12.5,ft^3/s,Approved,[],2025-03-11T21:24:03.840047+00:00,f0d00c4983614291b938804a9df6b127
2008-07-15,12.3,12.3,ft^3/s,Approved,[],2025-03-11T21:24:03.840047+00:00,f0d00c4983614291b938804a9df6b127
2008-07-16,12.1,12.1,ft^3/s,Approved,[],2025-03-11T21:24:03.840047+00:00,f0d00c4983614291b938804a9df6b127
2008-07-17,11.8,11.8,ft^3/s,Approved,[],2025-03-11T21:24:03.840047+00:00,f0d00c4983614291b938804a9df6b127
2008-07-18,11.8,11.8,ft^3/s,Approved,[],2025-03-11T21:24:03.840047+00:00,f0d00c4983614291b938804a9df6b127
2008-07-19,11.7,11.7,ft^3/s,Approved,[],2025-03-11T21:24:03.840047+00:00,f0d00c4983614291b938804a9df6b127
2008-07-20,11.5,11.5,ft^3/s,Approved,[],2025-03-11T21:24:03.840047+00:00,f0d00c4983614291b938804a9df6b127
2008-07-21,11.5,11.5,ft^3/s,Approved,[],2025-03-11T21:24:03.840047+00:00,f0d00c4983614291b938804a9df6b127
2008-07-22,11.5,11.5,ft^3/s,Approved,[],2025-03-11T21:24:03.840047+00:00,f0d00c4983614291b938804a9df6b127
2008-07-23,11.6,11.6,ft^3/s,Approved,[],2025-03-11T21:24:03.840047+00:00,f0d00c4983614291b938804a9df6b127
2008-07-24,15.3,15.3,ft^3/s,Approved,[],2025-03-11T21:24:03.840047+00:00,f0d00c4983614291b938804a9df6b127
2008-07-25,27.2,27.2,ft^3/s,Approved,[],2025-03-11T21:24:03.840047+00:00,f0d00c4983614291b938804a9df6b127
2008-07-26,19.8,19.8,ft^3/s,Approved,[],2025-03-11T21:24:03.840047+00:00,f0d00c4983614291b938804a9df6b127
2008-07-27,17.7,17.7,ft^3/s,Approved,[],2025-03-11T21:24:03.840047+00:00,f0d00c4983614291b938804a9df6b127
2008-07-28,16.9,16.9,ft^3/s,Approved,[],2025-03-11T21:24:03.840047+00:00,f0d00c4983614291b938804a9df6b127
2008-07-29,16.2,16.2,ft^3/s,Approved,[],2025-03-11T21:24:03.840047+00:00,f0d00c4983614291b938804a9df6b127
2008-07-30,15.7,15.7,ft^3/s,Approved,[],2025-03-11T21:24:03.840047+00:00,f0d00c4983614291b938804a9df6b127
2008-07-31,15.4,15.4,ft^3/s,Approved,[],2025-03-11T21:24:03.840047+00:00,f0d00c4983614291b938804a9df6b127
2008-08-01,15.2,15.2,ft^3/s,Approved,[],2025-03-11T21:24:03.840047+00:00,f0d00c4983614291b938804a9df6b127
2008-08-02,14.8,14.8,ft^3/s,Approved,[],2025-03-11T21:24:03.840047+00:00,f0d00c4983614291b938804a9df6b127
2008-08-03,14.5,14.5,ft^3/s,Approved,[],2025-03-11T21:24:03.840047+00:00,f0d00c4983614291b938804a9df6b127
2008-08-04,14.3,14.3,ft^3/s,Approved,[],2025-03-11T21:24:03.840047+00:00,f0d00c4983614291b938804a9df6b127
2008-08-05,14.1,14.1,ft^3/s,Approved,[],2025-03-11T21:24:03.840047+00:00,f0d00c4983614291b938804a9df6b127
2008-08-06,13.9,13.9,ft^3/s,Approved,[],2025-03-11T21:24:03.840047+00:00,f0d00c4983614291b938804a9df6b127
2008-08-07,13.7,13.7,ft^3/s,Approved,[],2025-03-11T21:24:03.840047+00:00,f0d00c4983614291b938804a9df6b127
2008-08-08,13.5,13.5,ft^3/s,Approved,[],2025-03-11T21:24:03.840047+00:00,f0d00c4983614291b938804a9df6b127
2008-08-09,13.4,13.4,ft^3/s,Approved,[],2025-03-11T21:24:03.840047+00:00,f0d00c4983614291b938804a9df6b127
2008-08-10,13.7,13.7,ft^3/s,Approved,[],2025-03-11T21:24:03.840047+00:00,f0d00c4983614291b938804a9df6b127
2008-08-11,13.7,13.7,ft^3/s,Approved,[],2025-03-11T21:24:03.840047+00:00,f0d00c4983614291b938804a9df6b127
2008-08-12,14.0,14.0,ft^3/s,Approved,[],2025-03-11T21:24:03.840047+00:00,f0d00c4983614291b938804a9df6b127
2008-08-13,15.0,15.0,ft^3/s,Approved,[],2025-03-11T21:24:03.840047+00:00,f0d00c4983614291b938804a9df6b127
2008-08-14,14.8,14.8,ft^3/s,Approved,[],2025-03-11T21:24:03.840047+00:00,f0d00c4983614291b938804a9df6b127
2008-08-15,14.8,14.8,ft^3/s,Approved,[],2025-03-11T21:24:03.840047+00:00,f0d00c4983614291b938804a9df6b127
2008-08-16,14.6,14.6,ft^3/s,Approved,[],2025-03-11T21:24:03.840047+00:00,f0d00c4983614291b938804a9df6b127
2008-08-17,14.7,14.7,ft^3/s,Approved,[],2025-03-11T21:24:03.840047+00:00,f0d00c4983614291b938804a9df6b127
2008-08-18,15.5,15.5,ft^3/s,Approved,[],2025-03-11T21:24:03.840047+00:00,f0d00c4983614291b938804a9df6b127
2008-08-19,18.4,18.4,ft^3/s,Approved,[],2025-03-11T21:24:03.840047+00:00,f0d00c4983614291b938804a9df6b127
2008-08-20,18.9,18.9,ft^3/s,Approved,[],2025-03-11T21:24:03.840047+00:00,f0d00c4983614291b938804a9df6b127
2008-08-21,17.5,17.5,ft^3/s,Approved,[],2025-03-11T21:24:03.840047+00:00,f0d00c4983614291b938804a9df6b127
2008-08-22,16.8,16.8,ft^3/s,Approved,[],2025-03-11T21:24:03.840047+00:00,f0d00c4983614291b938804a9df6b127
2008-08-23,16.5,16.5,ft^3/s,Approved,[],2025-03-11T21:24:03.840047+00:00,f0d00c4983614291b938804a9df6b127
2008-08-24,17.8,17.8,ft^3/s,Approved,[],2025-03-11T21:24:03.840047+00:00,f0d00c4983614291b938804a9df6b127
2008-08-25,18.7,18.7,ft^3/s,Approved,[],2025-03-11T21:24:03.840047+00:00,f0d00c4983614291b938804a9df6b127
2008-08-26,17.7,17.7,ft^3/s,Approved,[],2025-03-11T21:24:03.840047+00:00,f0d00c4983614291b938804a9df6b127
2008-08-27,16.7,16.7,ft^3/s,Approved,[],2025-03-11T21:24:03.840047+00:00,f0d00c4983614291b938804a9df6b127
2008-08-28,16.3,16.3,ft^3/s,Approved,[],2025-03-11T21:24:03.840047+00:00,f0d00c4983614291b938804a9df6b127
2008-08-29,16.1,16.1,ft^3/s,Approved,[],2025-03-11T21:24:03.840047+00:00,f0d00c4983614291b938804a9df6b127
2008-08-30,15.8,15.8,ft^3/s,Approved,[],2025-03-11T21:24:03.840047+00:00,f0d00c4983614291b938804a9df6b127
2008-08-31,15.6,15.6,ft^3/s,Approved,[],2025-03-11T21:24:03.840047+00:00,f0d00c4983614291b938804a9df6b127
2008-09-01,15.3,15.3,ft^3/s,Approved,[],2025-03-11T21:24:03.840047+00:00,f0d00c4983614291b938804a9df6b127
2008-09-02,15.3,15.3,ft^3/s,Approved,[],2025-03-11T21:24:03.840047+00:00,f0d00c4983614291b938804a9df6b127
2008-09-03,15.1,15.1,ft^3/s,Approved,[],2025-03-11T21:24:03.840047+00:00,f0d00c4983614291b938804a9df6b127
2008-09-04,14.9,14.9,ft^3/s,Approved,[],2025-03-11T21:24:03.840047+00:00,f0d00c4983614291b938804a9df6b127
2008-09-05,14.7,14.7,ft^3/s,Approved,[],2025-03-11T21:24:03.840047+00:00,f0d00c4983614291b938804a9df6b127
2008-09-06,14.4,14.4,ft^3/s,Approved,[],2025-03-11T21:24:03.840047+00:00,f0d00c4983614291b938804a9df6b127
2008-09-07,14.0,14.0,ft^3/s,Approved,[],2025-03-11T21:24:03.840047+00:00,f0d00c4983614291b938804a9df6b127
2008-09-08,13.7,13.7,ft^3/s,Approved,[],2025-03-11T21:24:03.840047+00:00,f0d00c4983614291b938804a9df6b127
2008-09-09,14.1,14.1,ft^3/s,Approved,[],2025-03-11T21:24:03.840047+00:00,f0d00c4983614291b938804a9df6b127
2008-09-10,13.8,13.8,ft^3/s,Approved,[],2025-03-11T21:24:03.840047+00:00,f0d00c4983614291b938804a9df6b127
2008-09-11,13.3,13.3,ft^3/s,Approved,[],2025-03-11T21:24:03.840047+00:00,f0d00c4983614291b938804a9df6b127
2008-09-12,13.4,13.4,ft^3/s,Approved,[],2025-03-11T21:24:03.840047+00:00,f0d00c4983614291b938804a9df6b127
2008-09-13,13.9,13.9,ft^3/s,Approved,[],2025-03-11T21:24:03.840047+00:00,f0d00c4983614291b938804a9df6b127
2008-09-14,13.9,13.9,ft^3/s,Approved,[],2025-03-11T21:24:03.840047+00:00,f0d00c4983614291b938804a9df6b127
2008-09-15,13.7,13.7,ft^3/s,Approved,[],2025-03-11T21:24:03.840047+00:00,f0d00c4983614291b938804a9df6b127
2008-09-16,13.3,13.3,ft^3/s,Approved,[],2025-03-11T21:24:03.840047+00:00,f0d00c4983614291b938804a9df6b127
2008-09-17,13.3,13.3,ft^3/s,Approved,[],2025-03-11T21:24:03.840047+00:00,f0d00c4983614291b938804a9df6b127
2008-09-18,13.2,13.2,ft^3/s,Approved,[],2025-03-11T21:24:03.840047+00:00,f0d00c4983614291b938804a9df6b127
2008-09-19,13.0,13.0,ft^3/s,Approved,[],2025-03-11T21:24:03.840047+00:00,f0d00c4983614291b938804a9df6b127
2008-09-20,12.8,12.8,ft^3/s,Approved,[],2025-03-11T21:24:03.840047+00:00,f0d00c4983614291b938804a9df6b127
2008-09-21,12.6,12.6,ft^3/s,Approved,[],2025-03-11T21:24:03.840047+00:00,f0d00c4983614291b938804a9df6b127
2008-09-22,12.6,12.6,ft^3/s,Approved,[],2025-03-11T21:24:03.840047+00:00,f0d00c4983614291b938804a9df6b127
2008-09-23,12.5,12.5,ft^3/s,Approved,[],2025-03-11T21:24:03.840047+00:00,f0d00c4983614291b938804a9df6b127
2008-09-24,12.5,12.5,ft^3/s,Approved,[],2025-03-11T21:24:03.840047+00:00,f0d00c4983614291b938804a9df6b127
2008-09-25,12.4,12.4,ft^3/s,Approved,[],2025-03-11T21:24:03.840047+00:00,f0d00c4983614291b938804a9df6b127
2008-09-26,12.4,12.4,ft^3/s,Approved,[],2025-03-11T21:24:03.840047+00:00,f0d00c4983614291b938804a9df6b127
2008-09-27,12.3,12.3,ft^3/s,Approved,[],2025-03-11T21:24:03.840047+00:00,f0d00c4983614291b938804a9df6b127
2008-09-28,11.9,11.9,ft^3/s,Approved,[],2025-03-11T21:24:03.840047+00:00,f0d00c4983614291b938804a9df6b127
2008-09-29,11.7,11.7,ft^3/s,Approved,[],2025-03-11T21:24:03.840047+00:00,f0d00c4983614291b938804a9df6b127
2008-09-30,11.5,11.5,ft^3/s,Approved,[],2025-03-11T21:24:03.840047+00:00,f0d00c4983614291b938804a9df6b127
2008-10-01,11.5,11.5,ft^3/s,Approved,[],2025-03-11T21:24:03.840047+00:00,f0d00c4983614291b938804a9df6b127
2008-10-02,11.1,11.1,ft^3/s,Approved,[],2025-03-11T21:24:03.840047+00:00,f0d00c4983614291b938804a9df6b127
2008-10-03,11.0,11.0,ft^3/s,Approved,[],2025-03-11T21:24:03.840047+00:00,f0d00c4983614291b938804a9df6b127
2008-10-04,11.1,11.1,ft^3/s,Approved,[],2025-03-11T21:24:03.840047+00:00,f0d00c4983614291b938804a9df6b127
2008-10-05,11.0,11.0,ft^3/s,Approved,[],2025-03-11T21:24:03.840047+00:00,f0d00c4983614291b938804a9df6b127
2008-10-06,10.8,10.8,ft^3/s,Approved,[],2025-03-11T21:24:03.840047+00:00,f0d00c4983614291b938804a9df6b127
2008-10-07,10.7,10.7,ft^3/s,Approved,[],2025-03-11T21:24:03.840047+00:00,f0d00c4983614291b938804a9df6b127
2008-10-08,10.7,10.7,ft^3/s,Approved,[],2025-03-11T21:24:03.840047+00:00,f0d00c4983614291b938804a9df6b127
2008-10-09,10.7,10.7,ft^3/s,Approved,[],2025-03-11T21:24:03.840047+00:00,f0d00c4983614291b938804a9df6b127
2008-10-10,10.8,10.8,ft^3/s,Approved,[],2025-03-11T21:24:03.840047+00:00,f0d00c4983614291b938804a9df6b127
2008-10-11,10.8,10.8,ft^3/s,Approved,[],2025-03-11T21:24:03.840047+00:00,f0d00c4983614291b938804a9df6b127
2008-10-12,10.6,10.6,ft^3/s,Approved,[],2025-03-11T21:24:03.840047+00:00,f0d00c4983614291b938804a9df6b127
2008-10-13,10.5,10.5,ft^3/s,Approved,[],2025-03-11T21:24:03.840047+00:00,f0d00c4983614291b938804a9df6b127
2008-10-14,10.6,10.6,ft^3/s,Approved,[],2025-03-11T21:24:03.840047+00:00,f0d00c4983614291b938804a9df6b127
2008-10-15,10.9,10.9,ft^3/s,Approved,[],2025-03-11T21:24:03.840047+00:00,f0d00c4983614291b938804a9df6b127
2008-10-16,11.9,11.9,ft^3/s,Approved,[],2025-03-11T21:24:03.840047+00:00,f0d00c4983614291b938804a9df6b127
2008-10-17,11.4,11.4,ft^3/s,Approved,[],2025-03-11T21:24:03.840047+00:00,f0d00c4983614291b938804a9df6b127
2008-10-18,11.2,11.2,ft^3/s,Approved,[],2025-03-11T21:24:03.840047+00:00,f0d00c4983614291b938804a9df6b127
2008-10-19,11.4,11.4,ft^3/s,Approved,[],2025-03-11T21:24:03.840047+00:00,f0d00c4983614291b938804a9df6b127
2008-10-20,11.2,11.2,ft^3/s,Approved,[],2025-03-11T21:24:03.840047+00:00,f0d00c4983614291b938804a9df6b127
2008-10-21,11.1,11.1,ft^3/s,Approved,[],2025-03-11T21:24:03.840047+00:00,f0d00c4983614291b938804a9df6b127
2008-10-22,10.8,10.8,ft^3/s,Approved,[],2025-03-11T21:24:03.840047+00:00,f0d00c4983614291b938804a9df6b127
2008-10-23,10.7,10.7,ft^3/s,Approved,[],2025-03-11T21:24:03.840047+00:00,f0d00c4983614291b938804a9df6b127
2008-10-24,10.5,10.5,ft^3/s,Approved,[],2025-03-11T21:24:03.840047+00:00,f0d00c4983614291b938804a9df6b127
2008-10-25,10.3,10.3,ft^3/s,Approved,[],2025-03-11T21:24:03.840047+00:00,f0d00c4983614291b938804a9df6b127
2008-10-26,10.1,10.1,ft^3/s,Approved,[],2025-03-11T21:24:03.840047+00:00,f0d00c4983614291b938804a9df6b127
2008-10-27,10.1,10.1,ft^3/s,Approved,[],2025-03-11T21:24:03.840047+00:00,f0d00c4983614291b938804a9df6b127
2008-10-28,9.98,9.98,ft^3/s,Approved,[],2025-03-11T21:24:03.840047+00:00,f0d00c4983614291b938804a9df6b127
2008-10-29,9.91,9.91,ft^3/s,Approved,[],2025-03-11T21:24:03.840047+00:00,f0d00c4983614291b938804a9df6b127
2008-10-30,9.87,9.87,ft^3/s,Approved,[],2025-03-11T21:24:03.840047+00:00,f0d00c4983614291b938804a9df6b127
2008-10-31,9.88,9.88,ft^3/s,Approved,[],2025-03-11T21:24:03.840047+00:00,f0d00c4983614291b938804a9df6b127
2008-11-01,9.87,9.87,ft^3/s,Approved,[],2025-03-11T21:24:03.840047+00:00,f0d00c4983614291b938804a9df6b127
2008-11-02,10.1,10.1,ft^3/s,Approved,[],2025-03-11T21:24:03.840047+00:00,f0d00c4983614291b938804a9df6b127
2008-11-03,10.1,10.1,ft^3/s,Approved,[],2025-03-11T21:24:03.840047+00:00,f0d00c4983614291b938804a9df6b127
2008-11-04,9.77,9.77,ft^3/s,Approved,[],2025-03-11T21:24:03.840047+00:00,f0d00c4983614291b938804a9df6b127
2008-11-05,10.1,10.1,ft^3/s,Approved,[],2025-03-11T21:24:03.840047+00:00,f0d00c4983614291b938804a9df6b127
2008-11-06,10.1,10.1,ft^3/s,Approved,[],2025-03-11T21:24:03.840047+00:00,f0d00c4983614291b938804a9df6b127
2008-11-07,9.7,9.70,ft^3/s,Approved,[],2025-03-11T21:24:03.840047+00:00,f0d00c4983614291b938804a9df6b127
2008-11-08,9.54,9.54,ft^3/s,Approved,[],2025-03-11T21:24:03.840047+00:00,f0d00c4983614291b938804a9df6b127
2008-11-09,9.44,9.44,ft^3/s,Approved,[],2025-03-11T21:24:03.840047+00:00,f0d00c4983614291b938804a9df6b127
2008-11-10,9.38,9.38,ft^3/s,Approved,[],2025-03-11T21:24:03.840047+00:00,f0d00c4983614291b938804a9df6b127
2008-11-11,9.41,9.41,ft^3/s,Approved,[],2025-03-11T21:24:03.840047+00:00,f0d00c4983614291b938804a9df6b127
2008-11-12,9.22,9.22,ft^3/s,Approved,[],2025-03-11T21:24:03.840047+00:00,f0d00c4983614291b938804a9df6b127
2008-11-13,9.12,9.12,ft^3/s,Approved,[],2025-03-11T21:24:03.840047+00:00,f0d00c4983614291b938804a9df6b127
2008-11-14,9.21,9.21,ft^3/s,Approved,[],2025-03-11T21:24:03.840047+00:00,f0d00c4983614291b938804a9df6b127
2008-11-15,8.84,8.84,ft^3/s,Approved,[],2025-03-11T21:24:03.840047+00:00,f0d00c4983614291b938804a9df6b127
2008-11-16,8.59,8.59,ft^3/s,Approved,[],2025-03-11T21:24:03.840047+00:00,f0d00c4983614291b938804a9df6b127
2008-11-17,8.46,8.46,ft^3/s,Approved,[],2025-03-11T21:24:03.840047+00:00,f0d00c4983614291b938804a9df6b127
2008-11-18,8.34,8.34,ft^3/s,Approved,[],2025-03-11T21:24:03.840047+00:00,f0d00c4983614291b938804a9df6b127
2008-11-19,8.42,8.42,ft^3/s,Approved,[],2025-03-11T21:24:03.840047+00:00,f0d00c4983614291b938804a9df6b127
2008-11-20,8.35,8.35,ft^3/s,Approved,[],2025-03-11T21:24:03.840047+00:00,f0d00c4983614291b938804a9df6b127
2008-11-21,8.17,8.17,ft^3/s,Approved,[],2025-03-11T21:24:03.840047+00:00,f0d00c4983614291b938804a9df6b127
2008-11-22,8.16,8.16,ft^3/s,Approved,[],2025-03-11T21:24:03.840047+00:00,f0d00c4983614291b938804a9df6b127
2008-11-23,8.22,8.22,ft^3/s,Approved,[],2025-03-11T21:24:03.840047+00:00,f0d00c4983614291b938804a9df6b127
2008-11-24,8.18,8.18,ft^3/s,Approved,[],2025-03-11T21:24:03.840047+00:00,f0d00c4983614291b938804a9df6b127
2008-11-25,8.13,8.13,ft^3/s,Approved,[],2025-03-11T21:24:03.840047+00:00,f0d00c4983614291b938804a9df6b127
2008-11-26,8.08,8.08,ft^3/s,Approved,[],2025-03-11T21:24:03.840047+00:00,f0d00c4983614291b938804a9df6b127
2008-11-27,8.08,8.08,ft^3/s,Approved,[],2025-03-11T21:24:03.840047+00:00,f0d00c4983614291b938804a9df6b127
2008-11-28,8.22,8.22,ft^3/s,Approved,[],2025-03-11T21:24:03.840047+00:00,f0d00c4983614291b938804a9df6b127
2008-11-29,8.32,8.32,ft^3/s,Approved,[],2025-03-11T21:24:03.840047+00:00,f0d00c4983614291b938804a9df6b127
2008-11-30,8.15,8.15,ft^3/s,Approved,[],2025-03-11T21:24:03.840047+00:00,f0d00c4983614291b938804a9df6b127
2008-12-01,7.84,7.84,ft^3/s,Approved,[],2025-03-11T21:24:03.840047+00:00,f0d00c4983614291b938804a9df6b127
2008-12-02,7.62,7.62,ft^3/s,Approved,[],2025-03-11T21:24:03.840047+00:00,f0d00c4983614291b938804a9df6b127
2008-12-03,7.42,7.42,ft^3/s,Approved,[],2025-03-11T21:24:03.840047+00:00,f0d00c4983614291b938804a9df6b127
2008-12-04,7.32,7.32,ft^3/s,Approved,[],2025-03-11T21:24:03.840047+00:00,f0d00c4983614291b938804a9df6b127
2008-12-05,6.82,6.82,ft^3/s,Approved,[],2025-03-11T21:24:03.840047+00:00,f0d00c4983614291b938804a9df6b127
2008-12-06,6.89,6.89,ft^3/s,Approved,[],2025-03-11T21:24:03.840047+00:00,f0d00c4983614291b938804a9df6b127
2008-12-07,6.76,6.76,ft^3/s,Approved,[],2025-03-11T21:24:03.840047+00:00,f0d00c4983614291b938804a9df6b127
2008-12-08,6.88,6.88,ft^3/s,Approved,[],2025-03-11T21:24:03.840047+00:00,f0d00c4983614291b938804a9df6b127
2008-12-09,7.45,7.45,ft^3/s,Approved,[],2025-03-11T21:24:03.840047+00:00,f0d00c4983614291b938804a9df6b127
2008-12-10,7.31,7.31,ft^3/s,Approved,[],2025-03-11T21:24:03.840047+00:00,f0d00c4983614291b938804a9df6b127
2008-12-11,7.09,7.09,ft^3/s,Approved,[],2025-03-11T21:24:03.840047+00:00,f0d00c4983614291b938804a9df6b127
2008-12-12,7.04,7.04,ft^3/s,Approved,[],2025-03-11T21:24:03.840047+00:00,f0d00c4983614291b938804a9df6b127
2008-12-13,7.07,7.07,ft^3/s,Approved,[],2025-03-11T21:24:03.840047+00:00,f0d00c4983614291b938804a9df6b127
2008-12-14,6.99,6.99,ft^3/s,Approved,[],2025-03-11T21:24:03.840047+00:00,f0d00c4983614291b938804a9df6b127
2008-12-15,6.7,6.70,ft^3/s,Approved,[],2025-03-11T21:24:03.840047+00:00,f0d00c4983614291b938804a9df6b127
2008-12-16,6.53,6.53,ft^3/s,Approved,[],2025-03-11T21:24:03.840047+00:00,f0d00c4983614291b938804a9df6b127
2008-12-17,6.31,6.31,ft^3/s,Approved,[],2025-03-11T21:24:03.840047+00:00,f0d00c4983614291b938804a9df6b127
2008-12-18,6.31,6.31,ft^3/s,Approved,[],2025-03-11T21:24:03.840047+00:00,f0d00c4983614291b938804a9df6b127
2008-12-19,6.3,6.30,ft^3/s,Approved,[],2025-03-11T21:24:03.840047+00:00,f0d00c4983614291b938804a9df6b127
2008-12-20,6.23,6.23,ft^3/s,Approved,[],2025-03-11T21:24:03.840047+00:00,f0d00c4983614291b938804a9df6b127
2008-12-21,6.2,6.20,ft^3/s,Approved,[],2025-03-11T21:24:03.840047+00:00,f0d00c4983614291b938804a9df6b127
2008-12-22,5.97,5.97,ft^3/s,Approved,[],2025-03-11T21:24:03.840047+00:00,f0d00c4983614291b938804a9df6b127
2008-12-23,6.09,6.09,ft^3/s,Approved,[],2025-03-11T21:24:03.840047+00:00,f0d00c4983614291b938804a9df6b127
2008-12-24,6.02,6.02,ft^3/s,Approved,[],2025-03-11T21:24:03.840047+00:00,f0d00c4983614291b938804a9df6b127
2008-12-25,5.87,5.87,ft^3/s,Approved,[],2025-03-11T21:24:03.840047+00:00,f0d00c4983614291b938804a9df6b127
2008-12-26,5.99,5.99,ft^3/s,Approved,[],2025-03-11T21:24:03.840047+00:00,f0d00c4983614291b938804a9df6b127
2008-12-27,6.27,6.27,ft^3/s,Approved,[],2025-03-11T21:24:03.840047+00:00,f0d00c4983614291b938804a9df6b127
2008-12-28,6.32,6.32,ft^3/s,Approved,[],2025-03-11T21:24:03.840047+00:00,f0d00c4983614291b938804a9df6b127
2008-12-29,6.09,6.09,ft^3/s,Approved,[],2025-03-11T21:24:03.840047+00:00,f0d00c4983614291b938804a9df6b127
2008-12-30,6.17,6.17,ft^3/s,Approved,[],2025-03-11T21:24:03.840047+00:00,f0d00c4983614291b938804a9df6b127
2008-12-31,5.98,5.98,ft^3/s,Approved,[],2025-03-11T21:24:03.840047+00:00,f0d00c4983614291b938804a9df6b127
2009-01-01,5.87,5.87,ft^3/s,Approved,[],2025-03-11T21:24:03.840047+00:00,f0d00c4983614291b938804a9df6b127
2009-01-02,5.94,5.94,ft^3/s,Approved,[],2025-03-11T21:24:03.840047+00:00,f0d00c4983614291b938804a9df6b127
2009-01-03,6.13,6.13,ft^3/s,Approved,[],2025-03-11T21:24:03.840047+00:00,f0d00c4983614291b938804a9df6b127
2009-01-04,6.26,6.26,ft^3/s,Approved,[],2025-03-11T21:24:03.840047+00:00,f0d00c4983614291b938804a9df6b127
2009-01-05,6.01,6.01,ft^3/s,Approved,[],2025-03-11T21:24:03.840047+00:00,f0d00c4983614291b938804a9df6b127
2009-01-06,6.37,6.37,ft^3/s,Approved,[],2025-03-11T21:24:03.840047+00:00,f0d00c4983614291b938804a9df6b127
2009-01-07,6.53,6.53,ft^3/s,Approved,[],2025-03-11T21:24:03.840047+00:00,f0d00c4983614291b938804a9df6b127
2009-01-08,6.26,6.26,ft^3/s,Approved,[],2025-03-11T21:24:03.840047+00:00,f0d00c4983614291b938804a9df6b127
2009-01-09,6.34,6.34,ft^3/s,Approved,[],2025-03-11T21:24:03.840047+00:00,f0d00c4983614291b938804a9df6b127
2009-01-10,6.22,6.22,ft^3/s,Approved,[],2025-03-11T21:24:03.840047+00:00,f0d00c4983614291b938804a9df6b127
2009-01-11,6.05,6.05,ft^3/s,Approved,[],2025-03-11T21:24:03.840047+00:00,f0d00c4983614291b938804a9df6b127
2009-01-12,6.17,6.17,ft^3/s,Approved,[],2025-03-11T21:24:03.840047+00:00,f0d00c4983614291b938804a9df6b127
2009-01-13,6.1,6.10,ft^3/s,Approved,[],2025-03-11T21:24:03.840047+00:00,f0d00c4983614291b938804a9df6b127
2009-01-14,5.75,5.75,ft^3/s,Approved,[],2025-03-11T21:24:03.840047+00:00,f0d00c4983614291b938804a9df6b127
2009-01-15,5.49,5.49,ft^3/s,Approved,[],2025-03-11T21:24:03.840047+00:00,f0d00c4983614291b938804a9df6b127
2009-01-16,5.39,5.39,ft^3/s,Approved,[],2025-03-11T21:24:03.840047+00:00,f0d00c4983614291b938804a9df6b127
2009-01-17,5.47,5.47,ft^3/s,Approved,[],2025-03-11T21:24:03.840047+00:00,f0d00c4983614291b938804a9df6b127
2009-01-18,5.53,5.53,ft^3/s,Approved,[],2025-03-11T21:24:03.840047+00:00,f0d00c4983614291b938804a9df6b127
2009-01-19,5.65,5.65,ft^3/s,Approved,[],2025-03-11T21:24:03.840047+00:00,f0d00c4983614291b938804a9df6b127
2009-01-20,5.58,5.58,ft^3/s,Approved,[],2025-03-11T21:24:03.840047+00:00,f0d00c4983614291b938804a9df6b127
2009-01-21,5.51,5.51,ft^3/s,Approved,[],2025-03-11T21:24:03.840047+00:00,f0d00c4983614291b938804a9df6b127
2009-01-22,5.62,5.62,ft^3/s,Approved,[],2025-03-11T21:24:03.840047+00:00,f0d00c4983614291b938804a9df6b127
2009-01-23,5.56,5.56,ft^3/s,Approved,[],2025-03-11T21:24:03.840047+00:00,f0d00c4983614291b938804a9df6b127
2009-01-24,5.58,5.58,ft^3/s,Approved,[],2025-03-11T21:24:03.840047+00:00,f0d00c4983614291b938804a9df6b127
2009-01-25,5.56,5.56,ft^3/s,Approved,[],2025-03-11T21:24:03.840047+00:00,f0d00c4983614291b938804a9df6b127
2009-01-26,5.53,5.53,ft^3/s,Approved,[],2025-03-11T21:24:03.840047+00:00,f0d00c4983614291b938804a9df6b127
2009-01-27,5.81,5.81,ft^3/s,Approved,[],2025-03-11T21:24:03.840047+00:00,f0d00c4983614291b938804a9df6b127
2009-01-28,5.64,5.64,ft^3/s,Approved,[],2025-03-11T21:24:03.840047+00:00,f0d00c4983614291b938804a9df6b127
2009-01-29,5.63,5.63,ft^3/s,Approved,[],2025-03-11T21:24:03.840047+00:00,f0d00c4983614291b938804a9df6b127
2009-01-30,5.49,5.49,ft^3/s,Approved,[],2025-03-11T21:24:03.840047+00:00,f0d00c4983614291b938804a9df6b127
2009-01-31,5.59,5.59,ft^3/s,Approved,[],2025-03-11T21:24:03.840047+00:00,f0d00c4983614291b938804a9df6b127
2009-02-01,5.83,5.83,ft^3/s,Approved,[],2025-03-11T21:24:03.840047+00:00,f0d00c4983614291b938804a9df6b127
2009-02-02,5.66,5.66,ft^3/s,Approved,[],2025-03-11T21:24:03.840047+00:00,f0d00c4983614291b938804a9df6b127
2009-02-03,5.41,5.41,ft^3/s,Approved,[],2025-03-11T21:24:03.840047+00:00,f0d00c4983614291b938804a9df6b127
2009-02-04,5.25,5.25,ft^3/s,Approved,[],2025-03-11T21:24:03.840047+00:00,f0d00c4983614291b938804a9df6b127
2009-02-05,5.45,5.45,ft^3/s,Approved,[],2025-03-11T21:24:03.840047+00:00,f0d00c4983614291b938804a9df6b127
2009-02-06,5.66,5.66,ft^3/s,Approved,[],2025-03-11T21:24:03.840047+00:00,f0d00c4983614291b938804a9df6b127
2009-02-07,5.71,5.71,ft^3/s,Approved,[],2025-03-11T21:24:03.840047+00:00,f0d00c4983614291b938804a9df6b127
2009-02-08,5.8,5.80,ft^3/s,Approved,[],2025-03-11T21:24:03.840047+00:00,f0d00c4983614291b938804a9df6b127
2009-02-09,5.98,5.98,ft^3/s,Approved,[],2025-03-11T21:24:03.840047+00:00,f0d00c4983614291b938804a9df6b127
2009-02-10,6.32,6.32,ft^3/s,Approved,[],2025-03-11T21:24:03.840047+00:00,f0d00c4983614291b938804a9df6b127
2009-02-11,6.54,6.54,ft^3/s,Approved,[],2025-03-11T21:24:03.840047+00:00,f0d00c4983614291b938804a9df6b127
2009-02-12,6.7,6.70,ft^3/s,Approved,[],2025-03-11T21:24:03.840047+00:00,f0d00c4983614291b938804a9df6b127
2009-02-13,7.15,7.15,ft^3/s,Approved,[],2025-03-11T21:24:03.840047+00:00,f0d00c4983614291b938804a9df6b127
2009-02-14,7.25,7.25,ft^3/s,Approved,[],2025-03-11T21:24:03.840047+00:00,f0d00c4983614291b938804a9df6b127
2009-02-15,6.85,6.85,ft^3/s,Approved,[],2025-03-11T21:24:03.840047+00:00,f0d00c4983614291b938804a9df6b127
2009-02-16,6.65,6.65,ft^3/s,Approved,[],2025-03-11T21:24:03.840047+00:00,f0d00c4983614291b938804a9df6b127
2009-02-17,7.14,7.14,ft^3/s,Approved,[],2025-03-11T21:24:03.840047+00:00,f0d00c4983614291b938804a9df6b127
2009-02-18,7.06,7.06,ft^3/s,Approved,[],2025-03-11T21:24:03.840047+00:00,f0d00c4983614291b938804a9df6b127
2009-02-19,6.78,6.78,ft^3/s,Approved,[],2025-03-11T21:24:03.840047+00:00,f0d00c4983614291b938804a9df6b127
2009-02-20,6.55,6.55,ft^3/s,Approved,[],2025-03-11T21:24:03.840047+00:00,f0d00c4983614291b938804a9df6b127
2009-02-21,7.14,7.14,ft^3/s,Approved,[],2025-03-11T21:24:03.840047+00:00,f0d00c4983614291b938804a9df6b127
2009-02-22,6.9,6.90,ft^3/s,Approved,[],2025-03-11T21:24:03.840047+00:00,f0d00c4983614291b938804a9df6b127
2009-02-23,6.92,6.92,ft^3/s,Approved,[],2025-03-11T21:24:03.840047+00:00,f0d00c4983614291b938804a9df6b127
2009-02-24,7.11,7.11,ft^3/s,Approved,[],2025-03-11T21:24:03.840047+00:00,f0d00c4983614291b938804a9df6b127
2009-02-25,7.29,7.29,ft^3/s,Approved,[],2025-03-11T21:24:03.840047+00:00,f0d00c4983614291b938804a9df6b127
2009-02-26,7.37,7.37,ft^3/s,Approved,[],2025-03-11T21:24:03.840047+00:00,f0d00c4983614291b938804a9df6b127
2009-02-27,7.48,7.48,ft^3/s,Approved,[],2025-03-11T21:24:03.840047+00:00,f0d00c4983614291b938804a9df6b127
2009-02-28,7.6,7.60,ft^3/s,Approved,[],2025-03-11T21:24:03.840047+00:00,f0d00c4983614291b938804a9df6b127
2009-03-01,7.29,7.29,ft^3/s,Approved,[],2025-03-11T21:24:03.840047+00:00,f0d00c4983614291b938804a9df6b127
2009-03-02,7.27,7.27,ft^3/s,Approved,[],2025-03-11T21:24:03.840047+00:00,f0d00c4983614291b938804a9df6b127
2009-03-03,7.61,7.61,ft^3/s,Approved,[],2025-03-11T21:24:03.840047+00:00,f0d00c4983614291b938804a9df6b127
2009-03-04,7.55,7.55,ft^3/s,Approved,[],2025-03-11T21:24:03.840047+00:00,f0d00c4983614291b938804a9df6b127
2009-03-05,7.52,7.52,ft^3/s,Approved,[],2025-03-11T21:24:03.840047+00:00,f0d00c4983614291b938804a9df6b127
2009-03-06,7.5,7.50,ft^3/s,Approved,[],2025-03-11T21:24:03.840047+00:00,f0d00c4983614291b938804a9df6b127
2009-03-07,7.68,7.68,ft^3/s,Approved,[],2025-03-11T21:24:03.840047+00:00,f0d00c4983614291b938804a9df6b127
2009-03-08,7.69,7.69,ft^3/s,Approved,[],2025-03-11T21:24:03.840047+00:00,f0d00c4983614291b938804a9df6b127
2009-03-09,7.8,7.80,ft^3/s,Approved,[],2025-03-11T21:24:03.840047+00:00,f0d00c4983614291b938804a9df6b127
2009-03-10,7.89,7.89,ft^3/s,Approved,[],2025-03-11T21:24:03.840047+00:00,f0d00c4983614291b938804a9df6b127
2009-03-11,8.11,8.11,ft^3/s,Approved,[],2025-03-11T21:24:03.840047+00:00,f0d00c4983614291b938804a9df6b127
2009-03-12,11.3,11.3,ft^3/s,Approved,[],2025-03-11T21:24:03.840047+00:00,f0d00c4983614291b938804a9df6b127
2009-03-13,12.5,12.5,ft^3/s,Approved,[],2025-03-11T21:24:03.840047+00:00,f0d00c4983614291b938804a9df6b127
2009-03-14,11.7,11.7,ft^3/s,Approved,[],2025-03-11T21:24:03.840047+00:00,f0d00c4983614291b938804a9df6b127
2009-03-15,10.6,10.6,ft^3/s,Approved,[],2025-03-11T21:24:03.840047+00:00,f0d00c4983614291b938804a9df6b127
2009-03-16,9.85,9.85,ft^3/s,Approved,[],2025-03-11T21:24:03.840047+00:00,f0d00c4983614291b938804a9df6b127
2009-03-17,9.36,9.36,ft^3/s,Approved,[],2025-03-11T21:24:03.840047+00:00,f0d00c4983614291b938804a9df6b127
2009-03-18,9.05,9.05,ft^3/s,Approved,[],2025-03-11T21:24:03.840047+00:00,f0d00c4983614291b938804a9df6b127
2009-03-19,8.63,8.63,ft^3/s,Approved,[],2025-03-11T21:24:03.840047+00:00,f0d00c4983614291b938804a9df6b127
2009-03-20,8.23,8.23,ft^3/s,Approved,[],2025-03-11T21:24:03.840047+00:00,f0d00c4983614291b938804a9df6b127
2009-03-21,8.18,8.18,ft^3/s,Approved,[],2025-03-11T21:24:03.840047+00:00,f0d00c4983614291b938804a9df6b127
2009-03-22,8.02,8.02,ft^3/s,Approved,[],2025-03-11T21:24:03.840047+00:00,f0d00c4983614291b938804a9df6b127
2009-03-23,7.98,7.98,ft^3/s,Approved,[],2025-03-11T21:24:03.840047+00:00,f0d00c4983614291b938804a9df6b127
2009-03-24,8.01,8.01,ft^3/s,Approved,[],2025-03-11T21:24:03.840047+00:00,f0d00c4983614291b938804a9df6b127
2009-03-25,7.67,7.67,ft^3/s,Approved,[],2025-03-11T21:24:03.840047+00:00,f0d00c4983614291b938804a9df6b127
2009-03-26,7.22,7.22,ft^3/s,Approved,[],2025-03-11T21:24:03.840047+00:00,f0d00c4983614291b938804a9df6b127
2009-03-27,7.31,7.31,ft^3/s,Approved,[],2025-03-11T21:24:03.840047+00:00,f0d00c4983614291b938804a9df6b127
2009-03-28,6.79,6.79,ft^3/s,Approved,[],2025-03-11T21:24:03.840047+00:00,f0d00c4983614291b938804a9df6b127
2009-03-29,6.25,6.25,ft^3/s,Approved,[],2025-03-11T21:24:03.840047+00:00,f0d00c4983614291b938804a9df6b127
2009-03-30,6.23,6.23,ft^3/s,Approved,[],2025-03-11T21:24:03.840047+00:00,f0d00c4983614291b938804a9df6b127
2009-03-31,6.13,6.13,ft^3/s,Approved,[],2025-03-11T21:24:03.840047+00:00,f0d00c4983614291b938804a9df6b127
2009-04-01,5.57,5.57,ft^3/s,Approved,[],2025-03-11T21:24:03.840047+00:00,f0d00c4983614291b938804a9df6b127
2009-04-02,6.23,6.23,ft^3/s,Approved,[],2025-03-11T21:24:03.840047+00:00,f0d00c4983614291b938804a9df6b127
2009-04-03,6.75,6.75,ft^3/s,Approved,[],2025-03-11T21:24:03.840047+00:00,f0d00c4983614291b938804a9df6b127
2009-04-04,6.44,6.44,ft^3/s,Approved,[],2025-03-11T21:24:03.840047+00:00,f0d00c4983614291b938804a9df6b127
2009-04-05,6.43,6.43,ft^3/s,Approved,[],2025-03-11T21:24:03.840047+00:00,f0d00c4983614291b938804a9df6b127
2009-04-06,6.25,6.25,ft^3/s,Approved,[],2025-03-11T21:24:03.840047+00:00,f0d00c4983614291b938804a9df6b127
2009-04-07,6.17,6.17,ft^3/s,Approved,[],2025-03-11T21:24:03.840047+00:00,f0d00c4983614291b938804a9df6b127
2009-04-08,6.23,6.23,ft^3/s,Approved,[],2025-03-11T21:24:03.840047+00:00,f0d00c4983614291b938804a9df6b127
2009-04-09,6.35,6.35,ft^3/s,Approved,[],2025-03-11T21:24:03.840047+00:00,f0d00c4983614291b938804a9df6b127
2009-04-10,6.07,6.07,ft^3/s,Approved,[],2025-03-11T21:24:03.840047+00:00,f0d00c4983614291b938804a9df6b127
2009-04-11,6.0,6.00,ft^3/s,Approved,[],2025-03-11T21:24:03.840047+00:00,f0d00c4983614291b938804a9df6b127
2009-04-12,5.9,5.90,ft^3/s,Approved,[],2025-03-11T21:24:03.840047+00:00,f0d00c4983614291b938804a9df6b127
2009-04-13,6.05,6.05,ft^3/s,Approved,[],2025-03-11T21:24:03.840047+00:00,f0d00c4983614291b938804a9df6b127
2009-04-14,5.93,5.93,ft^3/s,Approved,[],2025-03-11T21:24:03.840047+00:00,f0d00c4983614291b938804a9df6b127
2009-04-15,5.84,5.84,ft^3/s,Approved,[],2025-03-11T21:24:03.840047+00:00,f0d00c4983614291b938804a9df6b127
2009-04-16,6.04,6.04,ft^3/s,Approved,[],2025-03-11T21:24:03.840047+00:00,f0d00c4983614291b938804a9df6b127
2009-04-17,6.56,6.56,ft^3/s,Approved,[],2025-03-11T21:24:03.840047+00:00,f0d00c4983614291b938804a9df6b127
2009-04-18,8.86,8.86,ft^3/s,Approved,[],2025-03-11T21:24:03.840047+00:00,f0d00c4983614291b938804a9df6b127
2009-04-19,8.18,8.18,ft^3/s,Approved,[],2025-03-11T21:24:03.840047+00:00,f0d00c4983614291b938804a9df6b127
2009-04-20,7.57,7.57,ft^3/s,Approved,[],2025-03-11T21:24:03.840047+00:00,f0d00c4983614291b938804a9df6b127
2009-04-21,7.31,7.31,ft^3/s,Approved,[],2025-03-11T21:24:03.840047+00:00,f0d00c4983614291b938804a9df6b127
2009-04-22,6.93,6.93,ft^3/s,Approved,[],2025-03-11T21:24:03.840047+00:00,f0d00c4983614291b938804a9df6b127
2009-04-23,6.28,6.28,ft^3/s,Approved,[],2025-03-11T21:24:03.840047+00:00,f0d00c4983614291b938804a9df6b127
2009-04-24,6.08,6.08,ft^3/s,Approved,[],2025-03-11T21:24:03.840047+00:00,f0d00c4983614291b938804a9df6b127
2009-04-25,5.63,5.63,ft^3/s,Approved,[],2025-03-11T21:24:03.840047+00:00,f0d00c4983614291b938804a9df6b127
2009-04-26,5.57,5.57,ft^3/s,Approved,[],2025-03-11T21:24:03.840047+00:00,f0d00c4983614291b938804a9df6b127
2009-04-27,6.73,6.73,ft^3/s,Approved,[],2025-03-11T21:24:03.840047+00:00,f0d00c4983614291b938804a9df6b127
2009-04-28,10.4,10.4,ft^3/s,Approved,[],2025-03-11T21:24:03.840047+00:00,f0d00c4983614291b938804a9df6b127
2009-04-29,10.3,10.3,ft^3/s,Approved,[],2025-03-11T21:24:03.840047+00:00,f0d00c4983614291b938804a9df6b127
2009-04-30,10.4,10.4,ft^3/s,Approved,[],2025-03-11T21:24:03.840047+00:00,f0d00c4983614291b938804a9df6b127
2009-05-01,9.85,9.85,ft^3/s,Approved,[],2025-03-11T21:24:03.840047+00:00,f0d00c4983614291b938804a9df6b127
2009-05-02,9.43,9.43,ft^3/s,Approved,[],2025-03-11T21:24:03.840047+00:00,f0d00c4983614291b938804a9df6b127
2009-05-03,9.1,9.10,ft^3/s,Approved,[],2025-03-11T21:24:03.840047+00:00,f0d00c4983614291b938804a9df6b127
2009-05-04,8.68,8.68,ft^3/s,Approved,[],2025-03-11T21:24:03.840047+00:00,f0d00c4983614291b938804a9df6b127
2009-05-05,8.47,8.47,ft^3/s,Approved,[],2025-03-11T21:24:03.840047+00:00,f0d00c4983614291b938804a9df6b127
2009-05-06,8.35,8.35,ft^3/s,Approved,[],2025-03-11T21:24:03.840047+00:00,f0d00c4983614291b938804a9df6b127
2009-05-07,8.08,8.08,ft^3/s,Approved,[],2025-03-11T21:24:03.840047+00:00,f0d00c4983614291b938804a9df6b127
2009-05-08,7.83,7.83,ft^3/s,Approved,[],2025-03-11T21:24:03.840047+00:00,f0d00c4983614291b938804a9df6b127
2009-05-09,7.5,7.50,ft^3/s,Approved,[],2025-03-11T21:24:03.840047+00:00,f0d00c4983614291b938804a9df6b127
2009-05-10,7.1,7.10,ft^3/s,Approved,[],2025-03-11T21:24:03.840047+00:00,f0d00c4983614291b938804a9df6b127
2009-05-11,6.92,6.92,ft^3/s,Approved,[],2025-03-11T21:24:03.840047+00:00,f0d00c4983614291b938804a9df6b127
2009-05-12,6.8,6.80,ft^3/s,Approved,[],2025-03-11T21:24:03.840047+00:00,f0d00c4983614291b938804a9df6b127
2009-05-13,6.47,6.47,ft^3/s,Approved,[],2025-03-11T21:24:03.840047+00:00,f0d00c4983614291b938804a9df6b127
2009-05-14,6.19,6.19,ft^3/s,Approved,[],2025-03-11T21:24:03.840047+00:00,f0d00c4983614291b938804a9df6b127
2009-05-15,5.69,5.69,ft^3/s,Approved,[],2025-03-11T21:24:03.840047+00:00,f0d00c4983614291b938804a9df6b127
2009-05-16,6.44,6.44,ft^3/s,Approved,[],2025-03-11T21:24:03.840047+00:00,f0d00c4983614291b938804a9df6b127
2009-05-17,8.98,8.98,ft^3/s,Approved,[],2025-03-11T21:24:03.840047+00:00,f0d00c4983614291b938804a9df6b127
2009-05-18,8.62,8.62,ft^3/s,Approved,[],2025-03-11T21:24:03.840047+00:00,f0d00c4983614291b938804a9df6b127
2009-05-19,8.83,8.83,ft^3/s,Approved,[],2025-03-11T21:24:03.840047+00:00,f0d00c4983614291b938804a9df6b127
2009-05-20,8.81,8.81,ft^3/s,Approved,[],2025-03-11T21:24:03.840047+00:00,f0d00c4983614291b938804a9df6b127
2009-05-21,8.56,8.56,ft^3/s,Approved,[],2025-03-11T21:24:03.840047+00:00,f0d00c4983614291b938804a9df6b127
2009-05-22,8.31,8.31,ft^3/s,Approved,[],2025-03-11T21:24:03.840047+00:00,f0d00c4983614291b938804a9df6b127
2009-05-23,8.64,8.64,ft^3/s,Approved,[],2025-03-11T21:24:03.840047+00:00,f0d00c4983614291b938804a9df6b127
2009-05-24,8.91,8.91,ft^3/s,Approved,[],2025-03-11T21:24:03.840047+00:00,f0d00c4983614291b938804a9df6b127
2009-05-25,8.38,8.38,ft^3/s,Approved,[],2025-03-11T21:24:03.840047+00:00,f0d00c4983614291b938804a9df6b127
2009-05-26,8.31,8.31,ft^3/s,Approved,[],2025-03-11T21:24:03.840047+00:00,f0d00c4983614291b938804a9df6b127
2009-05-27,8.24,8.24,ft^3/s,Approved,[],2025-03-11T21:24:03.840047+00:00,f0d00c4983614291b938804a9df6b127
2009-05-28,7.95,7.95,ft^3/s,Approved,[],2025-03-11T21:24:03.840047+00:00,f0d00c4983614291b938804a9df6b127
2009-05-29,7.86,7.86,ft^3/s,Approved,[],2025-03-11T21:24:03.840047+00:00,f0d00c4983614291b938804a9df6b127
2009-05-30,7.86,7.86,ft^3/s,Approved,[],2025-03-11T21:24:03.840047+00:00,f0d00c4983614291b938804a9df6b127
2009-05-31,7.69,7.69,ft^3/s,Approved,[],2025-03-11T21:24:03.840047+00:00,f0d00c4983614291b938804a9df6b127
2009-06-01,7.74,7.74,ft^3/s,Approved,[],2025-03-11T21:24:03.840047+00:00,f0d00c4983614291b938804a9df6b127
2009-06-02,7.96,7.96,ft^3/s,Approved,[],2025-03-11T21:24:03.840047+00:00,f0d00c4983614291b938804a9df6b127
2009-06-03,8.27,8.27,ft^3/s,Approved,[],2025-03-11T21:24:03.840047+00:00,f0d00c4983614291b938804a9df6b127
2009-06-04,8.18,8.18,ft^3/s,Approved,[],2025-03-11T21:24:03.840047+00:00,f0d00c4983614291b938804a9df6b127
2009-06-05,8.0,8.00,ft^3/s,Approved,[],2025-03-11T21:24:03.840047+00:00,f0d00c4983614291b938804a9df6b127
2009-06-06,7.98,7.98,ft^3/s,Approved,[],2025-03-11T21:24:03.840047+00:00,f0d00c4983614291b938804a9df6b127
2009-06-07,7.6,7.60,ft^3/s,Approved,[],2025-03-11T21:24:03.840047+00:00,f0d00c4983614291b938804a9df6b127
2009-06-08,7.43,7.43,ft^3/s,Approved,[],2025-03-11T21:24:03.840047+00:00,f0d00c4983614291b938804a9df6b127
2009-06-09,7.35,7.35,ft^3/s,Approved,[],2025-03-11T21:24:03.840047+00:00,f0d00c4983614291b938804a9df6b127
2009-06-10,7.17,7.17,ft^3/s,Approved,[],2025-03-11T21:24:03.840047+00:00,f0d00c4983614291b938804a9df6b127
2009-06-11,6.85,6.85,ft^3/s,Approved,[],2025-03-11T21:24:03.840047+00:00,f0d00c4983614291b938804a9df6b127
2009-06-12,6.56,6.56,ft^3/s,Approved,[],2025-03-11T21:24:03.840047+00:00,f0d00c4983614291b938804a9df6b127
2009-06-13,6.34,6.34,ft^3/s,Approved,[],2025-03-11T21:24:03.840047+00:00,f0d00c4983614291b938804a9df6b127
2009-06-14,6.01,6.01,ft^3/s,Approved,[],2025-03-11T21:24:03.840047+00:00,f0d00c4983614291b938804a9df6b127
2009-06-15,5.65,5.65,ft^3/s,Approved,[],2025-03-11T21:24:03.840047+00:00,f0d00c4983614291b938804a9df6b127
2009-06-16,5.3,5.30,ft^3/s,Approved,[],2025-03-11T21:24:03.840047+00:00,f0d00c4983614291b938804a9df6b127
2009-06-17,5.13,5.13,ft^3/s,Approved,[],2025-03-11T21:24:03.840047+00:00,f0d00c4983614291b938804a9df6b127
2009-06-18,5.13,5.13,ft^3/s,Approved,[],2025-03-11T21:24:03.840047+00:00,f0d00c4983614291b938804a9df6b127
2009-06-19,4.92,4.92,ft^3/s,Approved,[],2025-03-11T21:24:03.840047+00:00,f0d00c4983614291b938804a9df6b127
2009-06-20,4.7,4.70,ft^3/s,Approved,[],2025-03-11T21:24:03.840047+00:00,f0d00c4983614291b938804a9df6b127
2009-06-21,4.32,4.32,ft^3/s,Approved,[],2025-03-11T21:24:03.840047+00:00,f0d00c4983614291b938804a9df6b127
2009-06-22,4.02,4.02,ft^3/s,Approved,[],2025-03-11T21:24:03.840047+00:00,f0d00c4983614291b938804a9df6b127
2009-06-23,3.82,3.82,ft^3/s,Approved,[],2025-03-11T21:24:03.840047+00:00,f0d00c4983614291b938804a9df6b127
2009-06-24,3.62,3.62,ft^3/s,Approved,[],2025-03-11T21:24:03.840047+00:00,f0d00c4983614291b938804a9df6b127
2009-06-25,3.52,3.52,ft^3/s,Approved,[],2025-03-11T21:24:03.840047+00:00,f0d00c4983614291b938804a9df6b127
2009-06-26,3.55,3.55,ft^3/s,Approved,[],2025-03-11T21:24:03.840047+00:00,f0d00c4983614291b938804a9df6b127
2009-06-27,3.48,3.48,ft^3/s,Approved,[],2025-03-11T21:24:03.840047+00:00,f0d00c4983614291b938804a9df6b127
2009-06-28,3.38,3.38,ft^3/s,Approved,[],2025-03-11T21:24:03.840047+00:00,f0d00c4983614291b938804a9df6b127
2009-06-29,3.18,3.18,ft^3/s,Approved,[],2025-03-11T21:24:03.840047+00:00,f0d00c4983614291b938804a9df6b127
2009-06-30,3.09,3.09,ft^3/s,Approved,[],2025-03-11T21:24:03.840047+00:00,f0d00c4983614291b938804a9df6b127
2009-07-01,2.88,2.88,ft^3/s,Approved,[],2025-03-11T21:24:03.840047+00:00,f0d00c4983614291b938804a9df6b127
2009-07-02,2.78,2.78,ft^3/s,Approved,[],2025-03-11T21:24:03.840047+00:00,f0d00c4983614291b938804a9df6b127
2009-07-03,2.65,2.65,ft^3/s,Approved,[],2025-03-11T21:24:03.840047+00:00,f0d00c4983614291b938804a9df6b127
2009-07-04,2.9,2.90,ft^3/s,Approved,[],2025-03-11T21:24:03.840047+00:00,f0d00c4983614291b938804a9df6b127
2009-07-05,5.05,5.05,ft^3/s,Approved,[],2025-03-11T21:24:03.840047+00:00,f0d00c4983614291b938804a9df6b127
2009-07-06,5.09,5.09,ft^3/s,Approved,[],2025-03-11T21:24:03.840047+00:00,f0d00c4983614291b938804a9df6b127
2009-07-07,5.62,5.62,ft^3/s,Approved,[],2025-03-11T21:24:03.840047+00:00,f0d00c4983614291b938804a9df6b127
2009-07-08,5.06,5.06,ft^3/s,Approved,[],2025-03-11T21:24:03.840047+00:00,f0d00c4983614291b938804a9df6b127
2009-07-09,4.97,4.97,ft^3/s,Approved,[],2025-03-11T21:24:03.840047+00:00,f0d00c4983614291b938804a9df6b127
2009-07-10,4.45,4.45,ft^3/s,Approved,[],2025-03-11T21:24:03.840047+00:00,f0d00c4983614291b938804a9df6b127
2009-07-11,4.59,4.59,ft^3/s,Approved,[],2025-03-11T21:24:03.840047+00:00,f0d00c4983614291b938804a9df6b127
2009-07-12,4.6,4.60,ft^3/s,Approved,[],2025-03-11T21:24:03.840047+00:00,f0d00c4983614291b938804a9df6b127
2009-07-13,4.17,4.17,ft^3/s,Approved,[],2025-03-11T21:24:03.840047+00:00,f0d00c4983614291b938804a9df6b127
2009-07-14,3.73,3.73,ft^3/s,Approved,[],2025-03-11T21:24:03.840047+00:00,f0d00c4983614291b938804a9df6b127
2009-07-15,3.28,3.28,ft^3/s,Approved,[],2025-03-11T21:24:03.840047+00:00,f0d00c4983614291b938804a9df6b127
2009-07-16,3.03,3.03,ft^3/s,Approved,[],2025-03-11T21:24:03.840047+00:00,f0d00c4983614291b938804a9df6b127
2009-07-17,2.78,2.78,ft^3/s,Approved,[],2025-03-11T21:24:03.840047+00:00,f0d00c4983614291b938804a9df6b127
2009-07-18,2.58,2.58,ft^3/s,Approved,[],2025-03-11T21:24:03.840047+00:00,f0d00c4983614291b938804a9df6b127
2009-07-19,2.03,2.03,ft^3/s,Approved,[],2025-03-11T21:24:03.840047+00:00,f0d00c4983614291b938804a9df6b127
2009-07-20,1.66,1.66,ft^3/s,Approved,[],2025-03-11T21:24:03.840047+00:00,f0d00c4983614291b938804a9df6b127
2009-07-21,1.48,1.48,ft^3/s,Approved,[],2025-03-11T21:24:03.840047+00:00,f0d00c4983614291b938804a9df6b127
2009-07-22,1.3,1.30,ft^3/s,Approved,[],2025-03-11T21:24:03.840047+00:00,f0d00c4983614291b938804a9df6b127
2009-07-23,1.31,1.31,ft^3/s,Approved,[],2025-03-11T21:24:03.840047+00:00,f0d00c4983614291b938804a9df6b127
2009-07-24,1.3,1.30,ft^3/s,Approved,[],2025-03-11T21:24:03.840047+00:00,f0d00c4983614291b938804a9df6b127
2009-07-25,1.29,1.29,ft^3/s,Approved,[],2025-03-11T21:24:03.840047+00:00,f0d00c4983614291b938804a9df6b127
2009-07-26,1.29,1.29,ft^3/s,Approved,[],2025-03-11T21:24:03.840047+00:00,f0d00c4983614291b938804a9df6b127
2009-07-27,1.45,1.45,ft^3/s,Approved,[],2025-03-11T21:24:03.840047+00:00,f0d00c4983614291b938804a9df6b127
2009-07-28,3.12,3.12,ft^3/s,Approved,[],2025-03-11T21:24:03.840047+00:00,f0d00c4983614291b938804a9df6b127
2009-07-29,3.26,3.26,ft^3/s,Approved,[],2025-03-11T21:24:03.840047+00:00,f0d00c4983614291b938804a9df6b127
2009-07-30,3.56,3.56,ft^3/s,Approved,[],2025-03-11T21:24:03.840047+00:00,f0d00c4983614291b938804a9df6b127
2009-07-31,4.41,4.41,ft^3/s,Approved,[],2025-03-11T21:24:03.840047+00:00,f0d00c4983614291b938804a9df6b127
2009-08-01,4.67,4.67,ft^3/s,Approved,[],2025-03-11T21:24:03.840047+00:00,f0d00c4983614291b938804a9df6b127
2009-08-02,4.71,4.71,ft^3/s,Approved,[],2025-03-11T21:24:03.840047+00:00,f0d00c4983614291b938804a9df6b127
2009-08-03,5.95,5.95,ft^3/s,Approved,[],2025-03-11T21:24:03.840047+00:00,f0d00c4983614291b938804a9df6b127
2009-08-04,6.42,6.42,ft^3/s,Approved,[],2025-03-11T21:24:03.840047+00:00,f0d00c4983614291b938804a9df6b127
2009-08-05,6.44,6.44,ft^3/s,Approved,[],2025-03-11T21:24:03.840047+00:00,f0d00c4983614291b938804a9df6b127
2009-08-06,7.03,7.03,ft^3/s,Approved,[],2025-03-11T21:24:03.840047+00:00,f0d00c4983614291b938804a9df6b127
2009-08-07,6.92,6.92,ft^3/s,Approved,[],2025-03-11T21:24:03.840047+00:00,f0d00c4983614291b938804a9df6b127
2009-08-08,6.44,6.44,ft^3/s,Approved,[],2025-03-11T21:24:03.840047+00:00,f0d00c4983614291b938804a9df6b127
2009-08-09,5.98,5.98,ft^3/s,Approved,[],2025-03-11T21:24:03.840047+00:00,f0d00c4983614291b938804a9df6b127
2009-08-10,5.35,5.35,ft^3/s,Approved,[],2025-03-11T21:24:03.840047+00:00,f0d00c4983614291b938804a9df6b127
2009-08-11,5.14,5.14,ft^3/s,Approved,[],2025-03-11T21:24:03.840047+00:00,f0d00c4983614291b938804a9df6b127
2009-08-12,4.71,4.71,ft^3/s,Approved,[],2025-03-11T21:24:03.840047+00:00,f0d00c4983614291b938804a9df6b127
2009-08-13,4.66,4.66,ft^3/s,Approved,[],2025-03-11T21:24:03.840047+00:00,f0d00c4983614291b938804a9df6b127
2009-08-14,4.68,4.68,ft^3/s,Approved,[],2025-03-11T21:24:03.840047+00:00,f0d00c4983614291b938804a9df6b127
2009-08-15,4.55,4.55,ft^3/s,Approved,[],2025-03-11T21:24:03.840047+00:00,f0d00c4983614291b938804a9df6b127
2009-08-16,4.29,4.29,ft^3/s,Approved,[],2025-03-11T21:24:03.840047+00:00,f0d00c4983614291b938804a9df6b127
2009-08-17,4.15,4.15,ft^3/s,Approved,[],2025-03-11T21:24:03.840047+00:00,f0d00c4983614291b938804a9df6b127
2009-08-18,4.06,4.06,ft^3/s,Approved,[],2025-03-11T21:24:03.840047+00:00,f0d00c4983614291b938804a9df6b127
2009-08-19,4.05,4.05,ft^3/s,Approved,[],2025-03-11T21:24:03.840047+00:00,f0d00c4983614291b938804a9df6b127
2009-08-20,4.29,4.29,ft^3/s,Approved,[],2025-03-11T21:24:03.840047+00:00,f0d00c4983614291b938804a9df6b127
2009-08-21,3.95,3.95,ft^3/s,Approved,[],2025-03-11T21:24:03.840047+00:00,f0d00c4983614291b938804a9df6b127
2009-08-22,3.97,3.97,ft^3/s,Approved,[],2025-03-11T21:24:03.840047+00:00,f0d00c4983614291b938804a9df6b127
2009-08-23,3.72,3.72,ft^3/s,Approved,[],2025-03-11T21:24:03.840047+00:00,f0d00c4983614291b938804a9df6b127
2009-08-24,3.22,3.22,ft^3/s,Approved,[],2025-03-11T21:24:03.840047+00:00,f0d00c4983614291b938804a9df6b127
2009-08-25,2.9,2.90,ft^3/s,Approved,[],2025-03-11T21:24:03.840047+00:00,f0d00c4983614291b938804a9df6b127
2009-08-26,2.53,2.53,ft^3/s,Approved,[],2025-03-11T21:24:03.840047+00:00,f0d00c4983614291b938804a9df6b127
2009-08-27,2.29,2.29,ft^3/s,Approved,[],2025-03-11T21:24:03.840047+00:00,f0d00c4983614291b938804a9df6b127
2009-08-28,2.58,2.58,ft^3/s,Approved,[],2025-03-11T21:24:03.840047+00:00,f0d00c4983614291b938804a9df6b127
2009-08-29,2.52,2.52,ft^3/s,Approved,[],2025-03-11T21:24:03.840047+00:00,f0d00c4983614291b938804a9df6b127
2009-08-30,2.3,2.30,ft^3/s,Approved,[],2025-03-11T21:24:03.840047+00:00,f0d00c4983614291b938804a9df6b127
2009-08-31,1.91,1.91,ft^3/s,Approved,[],2025-03-11T21:24:03.840047+00:00,f0d00c4983614291b938804a9df6b127
2009-09-01,1.69,1.69,ft^3/s,Approved,[],2025-03-11T21:24:03.840047+00:00,f0d00c4983614291b938804a9df6b127
2009-09-02,1.77,1.77,ft^3/s,Approved,[],2025-03-11T21:24:03.840047+00:00,f0d00c4983614291b938804a9df6b127
2009-09-03,1.97,1.97,ft^3/s,Approved,[],2025-03-11T21:24:03.840047+00:00,f0d00c4983614291b938804a9df6b127
2009-09-04,1.64,1.64,ft^3/s,Approved,[],2025-03-11T21:24:03.840047+00:00,f0d00c4983614291b938804a9df6b127
2009-09-05,1.64,1.64,ft^3/s,Approved,[],2025-03-11T21:24:03.840047+00:00,f0d00c4983614291b938804a9df6b127
2009-09-06,2.16,2.16,ft^3/s,Approved,[],2025-03-11T21:24:03.840047+00:00,f0d00c4983614291b938804a9df6b127
2009-09-07,2.91,2.91,ft^3/s,Approved,[],2025-03-11T21:24:03.840047+00:00,f0d00c4983614291b938804a9df6b127
2009-09-08,4.06,4.06,ft^3/s,Approved,[],2025-03-11T21:24:03.840047+00:00,f0d00c4983614291b938804a9df6b127
2009-09-09,27.2,27.2,ft^3/s,Approved,[],2025-03-11T21:24:03.840047+00:00,f0d00c4983614291b938804a9df6b127
2009-09-10,77.5,77.5,ft^3/s,Approved,[],2025-03-11T21:24:03.840047+00:00,f0d00c4983614291b938804a9df6b127
2009-09-11,101.0,101,ft^3/s,Approved,[],2025-03-11T21:24:03.840047+00:00,f0d00c4983614291b938804a9df6b127
2009-09-12,91.2,91.2,ft^3/s,Approved,[],2025-03-11T21:24:03.840047+00:00,f0d00c4983614291b938804a9df6b127
2009-09-13,85.3,85.3,ft^3/s,Approved,[],2025-03-11T21:24:03.840047+00:00,f0d00c4983614291b938804a9df6b127
2009-09-14,79.4,79.4,ft^3/s,Approved,[],2025-03-11T21:24:03.840047+00:00,f0d00c4983614291b938804a9df6b127
2009-09-15,71.0,71.0,ft^3/s,Approved,[],2025-03-11T21:24:03.840047+00:00,f0d00c4983614291b938804a9df6b127
2009-09-16,62.4,62.4,ft^3/s,Approved,[],2025-03-11T21:24:03.840047+00:00,f0d00c4983614291b938804a9df6b127
2009-09-17,48.7,48.7,ft^3/s,Approved,[],2025-03-11T21:24:03.840047+00:00,f0d00c4983614291b938804a9df6b127
2009-09-18,37.2,37.2,ft^3/s,Approved,[],2025-03-11T21:24:03.840047+00:00,f0d00c4983614291b938804a9df6b127
2009-09-19,27.4,27.4,ft^3/s,Approved,[],2025-03-11T21:24:03.840047+00:00,f0d00c4983614291b938804a9df6b127
2009-09-20,23.6,23.6,ft^3/s,Approved,[],2025-03-11T21:24:03.840047+00:00,f0d00c4983614291b938804a9df6b127
2009-09-21,22.0,22.0,ft^3/s,Approved,[],2025-03-11T21:24:03.840047+00:00,f0d00c4983614291b938804a9df6b127
2009-09-22,21.4,21.4,ft^3/s,Approved,[],2025-03-11T21:24:03.840047+00:00,f0d00c4983614291b938804a9df6b127
2009-09-23,21.5,21.5,ft^3/s,Approved,[],2025-03-11T21:24:03.840047+00:00,f0d00c4983614291b938804a9df6b127
2009-09-24,20.9,20.9,ft^3/s,Approved,[],2025-03-11T21:24:03.840047+00:00,f0d00c4983614291b938804a9df6b127
2009-09-25,20.7,20.7,ft^3/s,Approved,[],2025-03-11T21:24:03.840047+00:00,f0d00c4983614291b938804a9df6b127
2009-09-26,20.1,20.1,ft^3/s,Approved,[],2025-03-11T21:24:03.840047+00:00,f0d00c4983614291b938804a9df6b127
2009-09-27,19.6,19.6,ft^3/s,Approved,[],2025-03-11T21:24:03.840047+00:00,f0d00c4983614291b938804a9df6b127
2009-09-28,18.8,18.8,ft^3/s,Approved,[],2025-03-11T21:24:03.840047+00:00,f0d00c4983614291b938804a9df6b127
2009-09-29,18.3,18.3,ft^3/s,Approved,[],2025-03-11T21:24:03.840047+00:00,f0d00c4983614291b938804a9df6b127
2009-09-30,17.7,17.7,ft^3/s,Approved,[],2025-03-11T21:24:03.840047+00:00,f0d00c4983614291b938804a9df6b127
2009-10-01,17.4,17.4,ft^3/s,Approved,[],2025-03-11T21:24:03.840047+00:00,f0d00c4983614291b938804a9df6b127
2009-10-02,17.0,17.0,ft^3/s,Approved,[],2025-03-11T21:24:03.840047+00:00,f0d00c4983614291b938804a9df6b127
2009-10-03,22.7,22.7,ft^3/s,Approved,[],2025-03-11T21:24:03.840047+00:00,f0d00c4983614291b938804a9df6b127
2009-10-04,107.0,107,ft^3/s,Approved,[],2025-03-11T21:24:03.840047+00:00,f0d00c4983614291b938804a9df6b127
2009-10-05,115.0,115,ft^3/s,Approved,[],2025-03-11T21:24:03.840047+00:00,f0d00c4983614291b938804a9df6b127
2009-10-06,105.0,105,ft^3/s,Approved,[],2025-03-11T21:24:03.840047+00:00,f0d00c4983614291b938804a9df6b127
2009-10-07,95.7,95.7,ft^3/s,Approved,[],2025-03-11T21:24:03.840047+00:00,f0d00c4983614291b938804a9df6b127
2009-10-08,87.6,87.6,ft^3/s,Approved,[],2025-03-11T21:24:03.840047+00:00,f0d00c4983614291b938804a9df6b127
2009-10-09,91.3,91.3,ft^3/s,Approved,[],2025-03-11T21:24:03.840047+00:00,f0d00c4983614291b938804a9df6b127
2009-10-10,102.0,102,ft^3/s,Approved,[],2025-03-11T21:24:03.840047+00:00,f0d00c4983614291b938804a9df6b127
2009-10-11,96.9,96.9,ft^3/s,Approved,[],2025-03-11T21:24:03.840047+00:00,f0d00c4983614291b938804a9df6b127
2009-10-12,91.3,91.3,ft^3/s,Approved,[],2025-03-11T21:24:03.840047+00:00,f0d00c4983614291b938804a9df6b127
2009-10-13,87.9,87.9,ft^3/s,Approved,[],2025-03-11T21:24:03.840047+00:00,f0d00c4983614291b938804a9df6b127
2009-10-14,84.6,84.6,ft^3/s,Approved,[],2025-03-11T21:24:03.840047+00:00,f0d00c4983614291b938804a9df6b127
2009-10-15,82.7,82.7,ft^3/s,Approved,[],2025-03-11T21:24:03.840047+00:00,f0d00c4983614291b938804a9df6b127
2009-10-16,81.2,81.2,ft^3/s,Approved,[],2025-03-11T21:24:03.840047+00:00,f0d00c4983614291b938804a9df6b127
2009-10-17,79.8,79.8,ft^3/s,Approved,[],2025-03-11T21:24:03.840047+00:00,f0d00c4983614291b938804a9df6b127
2009-10-18,79.5,79.5,ft^3/s,Approved,[],2025-03-11T21:24:03.840047+00:00,f0d00c4983614291b938804a9df6b127
2009-10-19,79.3,79.3,ft^3/s,Approved,[],2025-03-11T21:24:03.840047+00:00,f0d00c4983614291b938804a9df6b127
2009-10-20,77.7,77.7,ft^3/s,Approved,[],2025-03-11T21:24:03.840047+00:00,f0d00c4983614291b938804a9df6b127
2009-10-21,75.9,75.9,ft^3/s,Approved,[],2025-03-11T21:24:03.840047+00:00,f0d00c4983614291b938804a9df6b127
2009-10-22,94.6,94.6,ft^3/s,Approved,[],2025-03-11T21:24:03.840047+00:00,f0d00c4983614291b938804a9df6b127
2009-10-23,100.0,100,ft^3/s,Approved,[],2025-03-11T21:24:03.840047+00:00,f0d00c4983614291b938804a9df6b127
2009-10-24,95.2,95.2,ft^3/s,Approved,[],2025-03-11T21:24:03.840047+00:00,f0d00c4983614291b938804a9df6b127
2009-10-25,91.1,91.1,ft^3/s,Approved,[],2025-03-11T21:24:03.840047+00:00,f0d00c4983614291b938804a9df6b127
2009-10-26,96.6,96.6,ft^3/s,Approved,[],2025-03-11T21:24:03.840047+00:00,f0d00c4983614291b938804a9df6b127
2009-10-27,102.0,102,ft^3/s,Approved,[],2025-03-11T21:24:03.840047+00:00,f0d00c4983614291b938804a9df6b127
2009-10-28,95.6,95.6,ft^3/s,Approved,[],2025-03-11T21:24:03.840047+00:00,f0d00c4983614291b938804a9df6b127
2009-10-29,93.3,93.3,ft^3/s,Approved,[],2025-03-11T21:24:03.840047+00:00,f0d00c4983614291b938804a9df6b127
2009-10-30,90.3,90.3,ft^3/s,Approved,[],2025-03-11T21:24:03.840047+00:00,f0d00c4983614291b938804a9df6b127
2009-10-31,86.6,86.6,ft^3/s,Approved,[],2025-03-11T21:24:03.840047+00:00,f0d00c4983614291b938804a9df6b127
2009-11-01,82.5,82.5,ft^3/s,Approved,[],2025-03-11T21:24:03.840047+00:00,f0d00c4983614291b938804a9df6b127
2009-11-02,79.4,79.4,ft^3/s,Approved,[],2025-03-11T21:24:03.840047+00:00,f0d00c4983614291b938804a9df6b127
2009-11-03,76.5,76.5,ft^3/s,Approved,[],2025-03-11T21:24:03.840047+00:00,f0d00c4983614291b938804a9df6b127
2009-11-04,73.9,73.9,ft^3/s,Approved,[],2025-03-11T21:24:03.840047+00:00,f0d00c4983614291b938804a9df6b127
2009-11-05,71.4,71.4,ft^3/s,Approved,[],2025-03-11T21:24:03.840047+00:00,f0d00c4983614291b938804a9df6b127
2009-11-06,70.6,70.6,ft^3/s,Approved,[],2025-03-11T21:24:03.840047+00:00,f0d00c4983614291b938804a9df6b127
2009-11-07,69.4,69.4,ft^3/s,Approved,[],2025-03-11T21:24:03.840047+00:00,f0d00c4983614291b938804a9df6b127
2009-11-08,70.1,70.1,ft^3/s,Approved,[],2025-03-11T21:24:03.840047+00:00,f0d00c4983614291b938804a9df6b127
2009-11-09,71.4,71.4,ft^3/s,Approved,[],2025-03-11T21:24:03.840047+00:00,f0d00c4983614291b938804a9df6b127
2009-11-10,70.9,70.9,ft^3/s,Approved,[],2025-03-11T21:24:03.840047+00:00,f0d00c4983614291b938804a9df6b127
2009-11-11,71.1,71.1,ft^3/s,Approved,[],2025-03-11T21:24:03.840047+00:00,f0d00c4983614291b938804a9df6b127
2009-11-12,70.1,70.1,ft^3/s,Approved,[],2025-03-11T21:24:03.840047+00:00,f0d00c4983614291b938804a9df6b127
2009-11-13,70.4,70.4,ft^3/s,Approved,[],2025-03-11T21:24:03.840047+00:00,f0d00c4983614291b938804a9df6b127
2009-11-14,69.9,69.9,ft^3/s,Approved,[],2025-03-11T21:24:03.840047+00:00,f0d00c4983614291b938804a9df6b127
2009-11-15,68.4,68.4,ft^3/s,Approved,[],2025-03-11T21:24:03.840047+00:00,f0d00c4983614291b938804a9df6b127
2009-11-16,67.1,67.1,ft^3/s,Approved,[],2025-03-11T21:24:03.840047+00:00,f0d00c4983614291b938804a9df6b127
2009-11-17,64.2,64.2,ft^3/s,Approved,[],2025-03-11T21:24:03.840047+00:00,f0d00c4983614291b938804a9df6b127
2009-11-18,61.9,61.9,ft^3/s,Approved,[],2025-03-11T21:24:03.840047+00:00,f0d00c4983614291b938804a9df6b127
2009-11-19,59.7,59.7,ft^3/s,Approved,[],2025-03-11T21:24:03.840047+00:00,f0d00c4983614291b938804a9df6b127
2009-11-20,61.0,61.0,ft^3/s,Approved,[],2025-03-11T21:24:03.840047+00:00,f0d00c4983614291b938804a9df6b127
2009-11-21,74.5,74.5,ft^3/s,Approved,[],2025-03-11T21:24:03.840047+00:00,f0d00c4983614291b938804a9df6b127
2009-11-22,74.6,74.6,ft^3/s,Approved,[],2025-03-11T21:24:03.840047+00:00,f0d00c4983614291b938804a9df6b127
2009-11-23,73.4,73.4,ft^3/s,Approved,[],2025-03-11T21:24:03.840047+00:00,f0d00c4983614291b938804a9df6b127
2009-11-24,72.0,72.0,ft^3/s,Approved,[],2025-03-11T21:24:03.840047+00:00,f0d00c4983614291b938804a9df6b127
2009-11-25,70.8,70.8,ft^3/s,Approved,[],2025-03-11T21:24:03.840047+00:00,f0d00c4983614291b938804a9df6b127
2009-11-26,68.2,68.2,ft^3/s,Approved,[],2025-03-11T21:24:03.840047+00:00,f0d00c4983614291b938804a9df6b127
2009-11-27,65.9,65.9,ft^3/s,Approved,[],2025-03-11T21:24:03.840047+00:00,f0d00c4983614291b938804a9df6b127
2009-11-28,63.8,63.8,ft^3/s,Approved,[],2025-03-11T21:24:03.840047+00:00,f0d00c4983614291b938804a9df6b127
2009-11-29,61.4,61.4,ft^3/s,Approved,[],2025-03-11T21:24:03.840047+00:00,f0d00c4983614291b938804a9df6b127
2009-11-30,60.7,60.7,ft^3/s,Approved,[],2025-03-11T21:24:03.840047+00:00,f0d00c4983614291b938804a9df6b127
2009-12-01,59.2,59.2,ft^3/s,Approved,[],2025-03-11T21:24:03.840047+00:00,f0d00c4983614291b938804a9df6b127
2009-12-02,62.6,62.6,ft^3/s,Approved,[],2025-03-11T21:24:03.840047+00:00,f0d00c4983614291b938804a9df6b127
2009-12-03,61.7,61.7,ft^3/s,Approved,[],2025-03-11T21:24:03.840047+00:00,f0d00c4983614291b938804a9df6b127
2009-12-04,59.2,59.2,ft^3/s,Approved,[],2025-03-11T21:24:03.840047+00:00,f0d00c4983614291b938804a9df6b127
2009-12-05,57.9,57.9,ft^3/s,Approved,[],2025-03-11T21:24:03.840047+00:00,f0d00c4983614291b938804a9df6b127
2009-12-06,57.7,57.7,ft^3/s,Approved,[],2025-03-11T21:24:03.840047+00:00,f0d00c4983614291b938804a9df6b127
2009-12-07,56.5,56.5,ft^3/s,Approved,[],2025-03-11T21:24:03.840047+00:00,f0d00c4983614291b938804a9df6b127
2009-12-08,55.1,55.1,ft^3/s,Approved,[],2025-03-11T21:24:03.840047+00:00,f0d00c4983614291b938804a9df6b127
2009-12-09,53.1,53.1,ft^3/s,Approved,[],2025-03-11T21:24:03.840047+00:00,f0d00c4983614291b938804a9df6b127
2009-12-10,48.0,48.0,ft^3/s,Approved,[],2025-03-11T21:24:03.840047+00:00,f0d00c4983614291b938804a9df6b127
2009-12-11,45.1,45.1,ft^3/s,Approved,[],2025-03-11T21:24:03.840047+00:00,f0d00c4983614291b938804a9df6b127
2009-12-12,43.1,43.1,ft^3/s,Approved,[],2025-03-11T21:24:03.840047+00:00,f0d00c4983614291b938804a9df6b127
2009-12-13,42.0,42.0,ft^3/s,Approved,[],2025-03-11T21:24:03.840047+00:00,f0d00c4983614291b938804a9df6b127
2009-12-14,40.9,40.9,ft^3/s,Approved,[],2025-03-11T21:24:03.840047+00:00,f0d00c4983614291b938804a9df6b127
2009-12-15,39.4,39.4,ft^3/s,Approved,[],2025-03-11T21:24:03.840047+00:00,f0d00c4983614291b938804a9df6b127
2009-12-16,37.6,37.6,ft^3/s,Approved,[],2025-03-11T21:24:03.840047+00:00,f0d00c4983614291b938804a9df6b127
2009-12-17,36.5,36.5,ft^3/s,Approved,[],2025-03-11T21:24:03.840047+00:00,f0d00c4983614291b938804a9df6b127
2009-12-18,35.7,35.7,ft^3/s,Approved,[],2025-03-11T21:24:03.840047+00:00,f0d00c4983614291b938804a9df6b127
2009-12-19,34.5,34.5,ft^3/s,Approved,[],2025-03-11T21:24:03.840047+00:00,f0d00c4983614291b938804a9df6b127
2009-12-20,33.1,33.1,ft^3/s,Approved,[],2025-03-11T21:24:03.840047+00:00,f0d00c4983614291b938804a9df6b127
2009-12-21,32.2,32.2,ft^3/s,Approved,[],2025-03-11T21:24:03.840047+00:00,f0d00c4983614291b938804a9df6b127
2009-12-22,31.5,31.5,ft^3/s,Approved,[],2025-03-11T21:24:03.840047+00:00,f0d00c4983614291b938804a9df6b127
2009-12-23,31.7,31.7,ft^3/s,Approved,[],2025-03-11T21:24:03.840047+00:00,f0d00c4983614291b938804a9df6b127
2009-12-24,35.0,35.0,ft^3/s,Approved,[],2025-03-11T21:24:03.840047+00:00,f0d00c4983614291b938804a9df6b127
2009-12-25,34.3,34.3,ft^3/s,Approved,[],2025-03-11T21:24:03.840047+00:00,f0d00c4983614291b938804a9df6b127
2009-12-26,32.6,32.6,ft^3/s,Approved,[],2025-03-11T21:24:03.840047+00:00,f0d00c4983614291b938804a9df6b127
2009-12-27,31.0,31.0,ft^3/s,Approved,[],2025-03-11T21:24:03.840047+00:00,f0d00c4983614291b938804a9df6b127
2009-12-28,30.1,30.1,ft^3/s,Approved,[],2025-03-11T21:24:03.840047+00:00,f0d00c4983614291b938804a9df6b127
2009-12-29,29.1,29.1,ft^3/s,Approved,[],2025-03-11T21:24:03.840047+00:00,f0d00c4983614291b938804a9df6b127
2009-12-30,29.5,29.5,ft^3/s,Approved,[],2025-03-11T21:24:03.840047+00:00,f0d00c4983614291b938804a9df6b127
2009-12-31,29.8,29.8,ft^3/s,Approved,[],2025-03-11T21:24:03.840047+00:00,f0d00c4983614291b938804a9df6b127
2010-01-01,29.4,29.4,ft^3/s,Approved,[],2025-03-11T21:24:03.840047+00:00,f0d00c4983614291b938804a9df6b127
2010-01-02,28.6,28.6,ft^3/s,Approved,[],2025-03-11T21:24:03.840047+00:00,f0d00c4983614291b938804a9df6b127
2010-01-03,28.5,28.5,ft^3/s,Approved,[],2025-03-11T21:24:03.840047+00:00,f0d00c4983614291b938804a9df6b127
2010-01-04,27.6,27.6,ft^3/s,Approved,[],2025-03-11T21:24:03.840047+00:00,f0d00c4983614291b938804a9df6b127
2010-01-05,26.7,26.7,ft^3/s,Approved,[],2025-03-11T21:24:03.840047+00:00,f0d00c4983614291b938804a9df6b127
2010-01-06,26.4,26.4,ft^3/s,Approved,[],2025-03-11T21:24:03.840047+00:00,f0d00c4983614291b938804a9df6b127
2010-01-07,25.6,25.6,ft^3/s,Approved,[],2025-03-11T21:24:03.840047+00:00,f0d00c4983614291b938804a9df6b127
2010-01-08,24.1,24.1,ft^3/s,Approved,[],2025-03-11T21:24:03.840047+00:00,f0d00c4983614291b938804a9df6b127
2010-01-09,23.3,23.3,ft^3/s,Approved,[],2025-03-11T21:24:03.840047+00:00,f0d00c4983614291b938804a9df6b127
2010-01-10,22.9,22.9,ft^3/s,Approved,[],2025-03-11T21:24:03.840047+00:00,f0d00c4983614291b938804a9df6b127
2010-01-11,22.5,22.5,ft^3/s,Approved,[],2025-03-11T21:24:03.840047+00:00,f0d00c4983614291b938804a9df6b127
2010-01-12,22.1,22.1,ft^3/s,Approved,[],2025-03-11T21:24:03.840047+00:00,f0d00c4983614291b938804a9df6b127
2010-01-13,21.7,21.7,ft^3/s,Approved,[],2025-03-11T21:24:03.840047+00:00,f0d00c4983614291b938804a9df6b127
2010-01-14,21.8,21.8,ft^3/s,Approved,[],2025-03-11T21:24:03.840047+00:00,f0d00c4983614291b938804a9df6b127
2010-01-15,58.6,58.6,ft^3/s,Approved,[],2025-03-11T21:24:03.840047+00:00,f0d00c4983614291b938804a9df6b127
2010-01-16,98.3,98.3,ft^3/s,Approved,[],2025-03-11T21:24:03.840047+00:00,f0d00c4983614291b938804a9df6b127
2010-01-17,98.2,98.2,ft^3/s,Approved,[],2025-03-11T21:24:03.840047+00:00,f0d00c4983614291b938804a9df6b127
2010-01-18,95.9,95.9,ft^3/s,Approved,[],2025-03-11T21:24:03.840047+00:00,f0d00c4983614291b938804a9df6b127
2010-01-19,94.3,94.3,ft^3/s,Approved,[],2025-03-11T21:24:03.840047+00:00,f0d00c4983614291b938804a9df6b127
2010-01-20,92.2,92.2,ft^3/s,Approved,[],2025-03-11T21:24:03.840047+00:00,f0d00c4983614291b938804a9df6b127
2010-01-21,90.8,90.8,ft^3/s,Approved,[],2025-03-11T21:24:03.840047+00:00,f0d00c4983614291b938804a9df6b127
2010-01-22,90.1,90.1,ft^3/s,Approved,[],2025-03-11T21:24:03.840047+00:00,f0d00c4983614291b938804a9df6b127
2010-01-23,89.4,89.4,ft^3/s,Approved,[],2025-03-11T21:24:03.840047+00:00,f0d00c4983614291b938804a9df6b127
2010-01-24,89.6,89.6,ft^3/s,Approved,[],2025-03-11T21:24:03.840047+00:00,f0d00c4983614291b938804a9df6b127
2010-01-25,88.2,88.2,ft^3/s,Approved,[],2025-03-11T21:24:03.840047+00:00,f0d00c4983614291b938804a9df6b127
2010-01-26,87.0,87.0,ft^3/s,Approved,[],2025-03-11T21:24:03.840047+00:00,f0d00c4983614291b938804a9df6b127
2010-01-27,86.0,86.0,ft^3/s,Approved,[],2025-03-11T21:24:03.840047+00:00,f0d00c4983614291b938804a9df6b127
2010-01-28,86.2,86.2,ft^3/s,Approved,[],2025-03-11T21:24:03.840047+00:00,f0d00c4983614291b938804a9df6b127
2010-01-29,88.3,88.3,ft^3/s,Approved,[],2025-03-11T21:24:03.840047+00:00,f0d00c4983614291b938804a9df6b127
2010-01-30,90.3,90.3,ft^3/s,Approved,[],2025-03-11T21:24:03.840047+00:00,f0d00c4983614291b938804a9df6b127
2010-01-31,89.9,89.9,ft^3/s,Approved,[],2025-03-11T21:24:03.840047+00:00,f0d00c4983614291b938804a9df6b127
2010-02-01,89.2,89.2,ft^3/s,Approved,[],2025-03-11T21:24:03.840047+00:00,f0d00c4983614291b938804a9df6b127
2010-02-02,88.6,88.6,ft^3/s,Approved,[],2025-03-11T21:24:03.840047+00:00,f0d00c4983614291b938804a9df6b127
2010-02-03,94.2,94.2,ft^3/s,Approved,[],2025-03-11T21:24:03.840047+00:00,f0d00c4983614291b938804a9df6b127
2010-02-04,110.0,110,ft^3/s,Approved,[],2025-03-11T21:24:03.840047+00:00,f0d00c4983614291b938804a9df6b127
2010-02-05,113.0,113,ft^3/s,Approved,[],2025-03-11T21:24:03.840047+00:00,f0d00c4983614291b938804a9df6b127
2010-02-06,112.0,112,ft^3/s,Approved,[],2025-03-11T21:24:03.840047+00:00,f0d00c4983614291b938804a9df6b127
2010-02-07,109.0,109,ft^3/s,Approved,[],2025-03-11T21:24:03.840047+00:00,f0d00c4983614291b938804a9df6b127
2010-02-08,106.0,106,ft^3/s,Approved,[],2025-03-11T21:24:03.840047+00:00,f0d00c4983614291b938804a9df6b127
2010-02-09,103.0,103,ft^3/s,Approved,[],2025-03-11T21:24:03.840047+00:00,f0d00c4983614291b938804a9df6b127
2010-02-10,101.0,101,ft^3/s,Approved,[],2025-03-11T21:24:03.840047+00:00,f0d00c4983614291b938804a9df6b127
2010-02-11,99.9,99.9,ft^3/s,Approved,[],2025-03-11T21:24:03.840047+00:00,f0d00c4983614291b938804a9df6b127
2010-02-12,101.0,101,ft^3/s,Approved,[],2025-03-11T21:24:03.840047+00:00,f0d00c4983614291b938804a9df6b127
2010-02-13,99.4,99.4,ft^3/s,Approved,[],2025-03-11T21:24:03.840047+00:00,f0d00c4983614291b938804a9df6b127
2010-02-14,97.2,97.2,ft^3/s,Approved,[],2025-03-11T21:24:03.840047+00:00,f0d00c4983614291b938804a9df6b127
2010-02-15,92.8,92.8,ft^3/s,Approved,[],2025-03-11T21:24:03.840047+00:00,f0d00c4983614291b938804a9df6b127
2010-02-16,90.2,90.2,ft^3/s,Approved,[],2025-03-11T21:24:03.840047+00:00,f0d00c4983614291b938804a9df6b127
2010-02-17,88.6,88.6,ft^3/s,Approved,[],2025-03-11T21:24:03.840047+00:00,f0d00c4983614291b938804a9df6b127
2010-02-18,86.8,86.8,ft^3/s,Approved,[],2025-03-11T21:24:03.840047+00:00,f0d00c4983614291b938804a9df6b127
2010-02-19,84.9,84.9,ft^3/s,Approved,[],2025-03-11T21:24:03.840047+00:00,f0d00c4983614291b938804a9df6b127
2010-02-20,83.7,83.7,ft^3/s,Approved,[],2025-03-11T21:24:03.840047+00:00,f0d00c4983614291b938804a9df6b127
2010-02-21,82.8,82.8,ft^3/s,Approved,[],2025-03-11T21:24:03.840047+00:00,f0d00c4983614291b938804a9df6b127
2010-02-22,81.1,81.1,ft^3/s,Approved,[],2025-03-11T21:24:03.840047+00:00,f0d00c4983614291b938804a9df6b127
2010-02-23,78.8,78.8,ft^3/s,Approved,[],2025-03-11T21:24:03.840047+00:00,f0d00c4983614291b938804a9df6b127
2010-02-24,77.3,77.3,ft^3/s,Approved,[],2025-03-11T21:24:03.840047+00:00,f0d00c4983614291b938804a9df6b127
2010-02-25,76.3,76.3,ft^3/s,Approved,[],2025-03-11T21:24:03.840047+00:00,f0d00c4983614291b938804a9df6b127
2010-02-26,75.6,75.6,ft^3/s,Approved,[],2025-03-11T21:24:03.840047+00:00,f0d00c4983614291b938804a9df6b127
2010-02-27,75.5,75.5,ft^3/s,Approved,[],2025-03-11T21:24:03.840047+00:00,f0d00c4983614291b938804a9df6b127
2010-02-28,75.3,75.3,ft^3/s,Approved,[],2025-03-11T21:24:03.840047+00:00,f0d00c4983614291b938804a9df6b127
2010-03-01,75.9,75.9,ft^3/s,Approved,[],2025-03-11T21:24:03.840047+00:00,f0d00c4983614291b938804a9df6b127
2010-03-02,75.3,75.3,ft^3/s,Approved,[],2025-03-11T21:24:03.840047+00:00,f0d00c4983614291b938804a9df6b127
2010-03-03,75.2,75.2,ft^3/s,Approved,[],2025-03-11T21:24:03.840047+00:00,f0d00c4983614291b938804a9df6b127
2010-03-04,74.6,74.6,ft^3/s,Approved,[],2025-03-11T21:24:03.840047+00:00,f0d00c4983614291b938804a9df6b127
2010-03-05,75.4,75.4,ft^3/s,Approved,[],2025-03-11T21:24:03.840047+00:00,f0d00c4983614291b938804a9df6b127
2010-03-06,74.9,74.9,ft^3/s,Approved,[],2025-03-11T21:24:03.840047+00:00,f0d00c4983614291b938804a9df6b127
2010-03-07,75.2,75.2,ft^3/s,Approved,[],2025-03-11T21:24:03.840047+00:00,f0d00c4983614291b938804a9df6b127
2010-03-08,75.5,75.5,ft^3/s,Approved,[],2025-03-11T21:24:03.840047+00:00,f0d00c4983614291b938804a9df6b127
2010-03-09,75.8,75.8,ft^3/s,Approved,[],2025-03-11T21:24:03.840047+00:00,f0d00c4983614291b938804a9df6b127
2010-03-10,76.1,76.1,ft^3/s,Approved,[],2025-03-11T21:24:03.840047+00:00,f0d00c4983614291b938804a9df6b127
2010-03-11,76.1,76.1,ft^3/s,Approved,[],2025-03-11T21:24:03.840047+00:00,f0d00c4983614291b938804a9df6b127
2010-03-12,75.6,75.6,ft^3/s,Approved,[],2025-03-11T21:24:03.840047+00:00,f0d00c4983614291b938804a9df6b127
2010-03-13,75.7,75.7,ft^3/s,Approved,[],2025-03-11T21:24:03.840047+00:00,f0d00c4983614291b938804a9df6b127
2010-03-14,75.5,75.5,ft^3/s,Approved,[],2025-03-11T21:24:03.840047+00:00,f0d00c4983614291b938804a9df6b127
2010-03-15,75.9,75.9,ft^3/s,Approved,[],2025-03-11T21:24:03.840047+00:00,f0d00c4983614291b938804a9df6b127
2010-03-16,76.2,76.2,ft^3/s,Approved,[],2025-03-11T21:24:03.840047+00:00,f0d00c4983614291b938804a9df6b127
2010-03-17,75.9,75.9,ft^3/s,Approved,[],2025-03-11T21:24:03.840047+00:00,f0d00c4983614291b938804a9df6b127
2010-03-18,76.2,76.2,ft^3/s,Approved,[],2025-03-11T21:24:03.840047+00:00,f0d00c4983614291b938804a9df6b127
2010-03-19,76.4,76.4,ft^3/s,Approved,[],2025-03-11T21:24:03.840047+00:00,f0d00c4983614291b938804a9df6b127
2010-03-20,77.4,77.4,ft^3/s,Approved,[],2025-03-11T21:24:03.840047+00:00,f0d00c4983614291b938804a9df6b127
2010-03-21,77.9,77.9,ft^3/s,Approved,[],2025-03-11T21:24:03.840047+00:00,f0d00c4983614291b938804a9df6b127
2010-03-22,78.2,78.2,ft^3/s,Approved,[],2025-03-11T21:24:03.840047+00:00,f0d00c4983614291b938804a9df6b127
2010-03-23,78.4,78.4,ft^3/s,Approved,[],2025-03-11T21:24:03.840047+00:00,f0d00c4983614291b938804a9df6b127
2010-03-24,79.1,79.1,ft^3/s,Approved,[],2025-03-11T21:24:03.840047+00:00,f0d00c4983614291b938804a9df6b127
2010-03-25,78.9,78.9,ft^3/s,Approved,[],2025-03-11T21:24:03.840047+00:00,f0d00c4983614291b938804a9df6b127
2010-03-26,78.4,78.4,ft^3/s,Approved,[],2025-03-11T21:24:03.840047+00:00,f0d00c4983614291b938804a9df6b127
2010-03-27,78.4,78.4,ft^3/s,Approved,[],2025-03-11T21:24:03.840047+00:00,f0d00c4983614291b938804a9df6b127
2010-03-28,78.3,78.3,ft^3/s,Approved,[],2025-03-11T21:24:03.840047+00:00,f0d00c4983614291b938804a9df6b127
2010-03-29,78.8,78.8,ft^3/s,Approved,[],2025-03-11T21:24:03.840047+00:00,f0d00c4983614291b938804a9df6b127
2010-03-30,79.2,79.2,ft^3/s,Approved,[],2025-03-11T21:24:03.840047+00:00,f0d00c4983614291b938804a9df6b127
2010-03-31,79.4,79.4,ft^3/s,Approved,[],2025-03-11T21:24:03.840047+00:00,f0d00c4983614291b938804a9df6b127
2010-04-01,79.3,79.3,ft^3/s,Approved,[],2025-03-11T21:24:03.840047+00:00,f0d00c4983614291b938804a9df6b127
2010-04-02,79.6,79.6,ft^3/s,Approved,[],2025-03-11T21:24:03.840047+00:00,f0d00c4983614291b938804a9df6b127
2010-04-03,79.1,79.1,ft^3/s,Approved,[],2025-03-11T21:24:03.840047+00:00,f0d00c4983614291b938804a9df6b127
2010-04-04,79.5,79.5,ft^3/s,Approved,[],2025-03-11T21:24:03.840047+00:00,f0d00c4983614291b938804a9df6b127
2010-04-05,80.1,80.1,ft^3/s,Approved,[],2025-03-11T21:24:03.840047+00:00,f0d00c4983614291b938804a9df6b127
2010-04-06,79.6,79.6,ft^3/s,Approved,[],2025-03-11T21:24:03.840047+00:00,f0d00c4983614291b938804a9df6b127
2010-04-07,79.4,79.4,ft^3/s,Approved,[],2025-03-11T21:24:03.840047+00:00,f0d00c4983614291b938804a9df6b127
2010-04-08,78.8,78.8,ft^3/s,Approved,[],2025-03-11T21:24:03.840047+00:00,f0d00c4983614291b938804a9df6b127
2010-04-09,78.2,78.2,ft^3/s,Approved,[],2025-03-11T21:24:03.840047+00:00,f0d00c4983614291b938804a9df6b127
2010-04-10,77.4,77.4,ft^3/s,Approved,[],2025-03-11T21:24:03.840047+00:00,f0d00c4983614291b938804a9df6b127
2010-04-11,76.9,76.9,ft^3/s,Approved,[],2025-03-11T21:24:03.840047+00:00,f0d00c4983614291b938804a9df6b127
2010-04-12,76.8,76.8,ft^3/s,Approved,[],2025-03-11T21:24:03.840047+00:00,f0d00c4983614291b938804a9df6b127
2010-04-13,76.2,76.2,ft^3/s,Approved,[],2025-03-11T21:24:03.840047+00:00,f0d00c4983614291b938804a9df6b127
2010-04-14,75.4,75.4,ft^3/s,Approved,[],2025-03-11T21:24:03.840047+00:00,f0d00c4983614291b938804a9df6b127
2010-04-15,75.5,75.5,ft^3/s,Approved,[],2025-03-11T21:24:03.840047+00:00,f0d00c4983614291b938804a9df6b127
2010-04-16,75.3,75.3,ft^3/s,Approved,[],2025-03-11T21:24:03.840047+00:00,f0d00c4983614291b938804a9df6b127
2010-04-17,74.8,74.8,ft^3/s,Approved,[],2025-03-11T21:24:03.840047+00:00,f0d00c4983614291b938804a9df6b127
2010-04-18,80.1,80.1,ft^3/s,Approved,[],2025-03-11T21:24:03.840047+00:00,f0d00c4983614291b938804a9df6b127
2010-04-19,81.2,81.2,ft^3/s,Approved,[],2025-03-11T21:24:03.840047+00:00,f0d00c4983614291b938804a9df6b127
2010-04-20,81.2,81.2,ft^3/s,Approved,[],2025-03-11T21:24:03.840047+00:00,f0d00c4983614291b938804a9df6b127
2010-04-21,80.7,80.7,ft^3/s,Approved,[],2025-03-11T21:24:03.840047+00:00,f0d00c4983614291b938804a9df6b127
2010-04-22,80.7,80.7,ft^3/s,Approved,[],2025-03-11T21:24:03.840047+00:00,f0d00c4983614291b938804a9df6b127
2010-04-23,79.8,79.8,ft^3/s,Approved,[],2025-03-11T21:24:03.840047+00:00,f0d00c4983614291b938804a9df6b127
2010-04-24,79.8,79.8,ft^3/s,Approved,[],2025-03-11T21:24:03.840047+00:00,f0d00c4983614291b938804a9df6b127
2010-04-25,79.1,79.1,ft^3/s,Approved,[],2025-03-11T21:24:03.840047+00:00,f0d00c4983614291b938804a9df6b127
2010-04-26,79.0,79.0,ft^3/s,Approved,[],2025-03-11T21:24:03.840047+00:00,f0d00c4983614291b938804a9df6b127
2010-04-27,78.2,78.2,ft^3/s,Approved,[],2025-03-11T21:24:03.840047+00:00,f0d00c4983614291b938804a9df6b127
2010-04-28,77.8,77.8,ft^3/s,Approved,[],2025-03-11T21:24:03.840047+00:00,f0d00c4983614291b938804a9df6b127
2010-04-29,77.6,77.6,ft^3/s,Approved,[],2025-03-11T21:24:03.840047+00:00,f0d00c4983614291b938804a9df6b127
2010-04-30,77.2,77.2,ft^3/s,Approved,[],2025-03-11T21:24:03.840047+00:00,f0d00c4983614291b938804a9df6b127
2010-05-01,76.9,76.9,ft^3/s,Approved,[],2025-03-11T21:24:03.840047+00:00,f0d00c4983614291b938804a9df6b127
2010-05-02,76.3,76.3,ft^3/s,Approved,[],2025-03-11T21:24:03.840047+00:00,f0d00c4983614291b938804a9df6b127
2010-05-03,75.6,75.6,ft^3/s,Approved,[],2025-03-11T21:24:03.840047+00:00,f0d00c4983614291b938804a9df6b127
2010-05-04,74.8,74.8,ft^3/s,Approved,[],2025-03-11T21:24:03.840047+00:00,f0d00c4983614291b938804a9df6b127
2010-05-05,73.5,73.5,ft^3/s,Approved,[],2025-03-11T21:24:03.840047+00:00,f0d00c4983614291b938804a9df6b127
2010-05-06,73.2,73.2,ft^3/s,Approved,[],2025-03-11T21:24:03.840047+00:00,f0d00c4983614291b938804a9df6b127
2010-05-07,72.1,72.1,ft^3/s,Approved,[],2025-03-11T21:24:03.840047+00:00,f0d00c4983614291b938804a9df6b127
2010-05-08,72.3,72.3,ft^3/s,Approved,[],2025-03-11T21:24:03.840047+00:00,f0d00c4983614291b938804a9df6b127
2010-05-09,71.5,71.5,ft^3/s,Approved,[],2025-03-11T21:24:03.840047+00:00,f0d00c4983614291b938804a9df6b127
2010-05-10,71.0,71.0,ft^3/s,Approved,[],2025-03-11T21:24:03.840047+00:00,f0d00c4983614291b938804a9df6b127
2010-05-11,70.4,70.4,ft^3/s,Approved,[],2025-03-11T21:24:03.840047+00:00,f0d00c4983614291b938804a9df6b127
2010-05-12,69.9,69.9,ft^3/s,Approved,[],2025-03-11T21:24:03.840047+00:00,f0d00c4983614291b938804a9df6b127
2010-05-13,69.7,69.7,ft^3/s,Approved,[],2025-03-11T21:24:03.840047+00:00,f0d00c4983614291b938804a9df6b127
2010-05-14,71.8,71.8,ft^3/s,Approved,[],2025-03-11T21:24:03.840047+00:00,f0d00c4983614291b938804a9df6b127
2010-05-15,98.4,98.4,ft^3/s,Approved,[],2025-03-11T21:24:03.840047+00:00,f0d00c4983614291b938804a9df6b127
2010-05-16,103.0,103,ft^3/s,Approved,[],2025-03-11T21:24:03.840047+00:00,f0d00c4983614291b938804a9df6b127
2010-05-17,94.7,94.7,ft^3/s,Approved,[],2025-03-11T21:24:03.840047+00:00,f0d00c4983614291b938804a9df6b127
2010-05-18,108.0,108,ft^3/s,Approved,[],2025-03-11T21:24:03.840047+00:00,f0d00c4983614291b938804a9df6b127
2010-05-19,107.0,107,ft^3/s,Approved,[],2025-03-11T21:24:03.840047+00:00,f0d00c4983614291b938804a9df6b127
2010-05-20,102.0,102,ft^3/s,Approved,[],2025-03-11T21:24:03.840047+00:00,f0d00c4983614291b938804a9df6b127
2010-05-21,97.3,97.3,ft^3/s,Approved,[],2025-03-11T21:24:03.840047+00:00,f0d00c4983614291b938804a9df6b127
2010-05-22,93.1,93.1,ft^3/s,Approved,[],2025-03-11T21:24:03.840047+00:00,f0d00c4983614291b938804a9df6b127
2010-05-23,90.2,90.2,ft^3/s,Approved,[],2025-03-11T21:24:03.840047+00:00,f0d00c4983614291b938804a9df6b127
2010-05-24,88.2,88.2,ft^3/s,Approved,[],2025-03-11T21:24:03.840047+00:00,f0d00c4983614291b938804a9df6b127
2010-05-25,87.2,87.2,ft^3/s,Approved,[],2025-03-11T21:24:03.840047+00:00,f0d00c4983614291b938804a9df6b127
2010-05-26,86.2,86.2,ft^3/s,Approved,[],2025-03-11T21:24:03.840047+00:00,f0d00c4983614291b938804a9df6b127
2010-05-27,84.9,84.9,ft^3/s,Approved,[],2025-03-11T21:24:03.840047+00:00,f0d00c4983614291b938804a9df6b127
2010-05-28,83.8,83.8,ft^3/s,Approved,[],2025-03-11T21:24:03.840047+00:00,f0d00c4983614291b938804a9df6b127
2010-05-29,82.8,82.8,ft^3/s,Approved,[],2025-03-11T21:24:03.840047+00:00,f0d00c4983614291b938804a9df6b127
2010-05-30,81.6,81.6,ft^3/s,Approved,[],2025-03-11T21:24:03.840047+00:00,f0d00c4983614291b938804a9df6b127
2010-05-31,80.5,80.5,ft^3/s,Approved,[],2025-03-11T21:24:03.840047+00:00,f0d00c4983614291b938804a9df6b127
2010-06-01,79.8,79.8,ft^3/s,Approved,[],2025-03-11T21:24:03.840047+00:00,f0d00c4983614291b938804a9df6b127
2010-06-02,79.6,79.6,ft^3/s,Approved,[],2025-03-11T21:24:03.840047+00:00,f0d00c4983614291b938804a9df6b127
2010-06-03,80.0,80.0,ft^3/s,Approved,[],2025-03-11T21:24:03.840047+00:00,f0d00c4983614291b938804a9df6b127
2010-06-04,78.7,78.7,ft^3/s,Approved,[],2025-03-11T21:24:03.840047+00:00,f0d00c4983614291b938804a9df6b127
2010-06-05,78.1,78.1,ft^3/s,Approved,[],2025-03-11T21:24:03.840047+00:00,f0d00c4983614291b938804a9df6b127
2010-06-06,77.0,77.0,ft^3/s,Approved,[],2025-03-11T21:24:03.840047+00:00,f0d00c4983614291b938804a9df6b127
2010-06-07,76.4,76.4,ft^3/s,Approved,[],2025-03-11T21:24:03.840047+00:00,f0d00c4983614291b938804a9df6b127
2010-06-08,77.0,77.0,ft^3/s,Approved,[],2025-03-11T21:24:03.840047+00:00,f0d00c4983614291b938804a9df6b127
2010-06-09,78.6,78.6,ft^3/s,Approved,"[""ESTIMATED""]",2025-11-21T16:34:19.961837+00:00,f0d00c4983614291b938804a9df6b127
2010-06-10,79.3,79.3,ft^3/s,Approved,"[""ESTIMATED""]",2025-03-11T21:24:03.840047+00:00,f0d00c4983614291b938804a9df6b127
2010-06-11,80.4,80.4,ft^3/s,Approved,"[""ESTIMATED""]",2025-03-11T21:24:03.840047+00:00,f0d00c4983614291b938804a9df6b127
2010-06-12,81.9,81.9,ft^3/s,Approved,"[""ESTIMATED""]",2025-03-11T21:24:03.840047+00:00,f0d00c4983614291b938804a9df6b127
2010-06-13,82.8,82.8,ft^3/s,Approved,"[""ESTIMATED""]",2025-03-11T21:24:03.840047+00:00,f0d00c4983614291b938804a9df6b127
2010-06-14,83.4,83.4,ft^3/s,Approved,"[""ESTIMATED""]",2025-03-11T21:24:03.840047+00:00,f0d00c4983614291b938804a9df6b127
2010-06-15,83.9,83.9,ft^3/s,Approved,"[""ESTIMATED""]",2025-03-11T21:24:03.840047+00:00,f0d00c4983614291b938804a9df6b127
2010-06-16,84.7,84.7,ft^3/s,Approved,"[""ESTIMATED""]",2025-03-11T21:24:03.840047+00:00,f0d00c4983614291b938804a9df6b127
2010-06-17,85.1,85.1,ft^3/s,Approved,"[""ESTIMATED""]",2025-03-11T21:24:03.840047+00:00,f0d00c4983614291b938804a9df6b127
2010-06-18,85.9,85.9,ft^3/s,Approved,"[""ESTIMATED""]",2025-03-11T21:24:03.840047+00:00,f0d00c4983614291b938804a9df6b127
2010-06-19,86.6,86.6,ft^3/s,Approved,"[""ESTIMATED""]",2025-03-11T21:24:03.840047+00:00,f0d00c4983614291b938804a9df6b127
2010-06-20,86.7,86.7,ft^3/s,Approved,"[""ESTIMATED""]",2025-03-11T21:24:03.840047+00:00,f0d00c4983614291b938804a9df6b127
2010-06-21,86.7,86.7,ft^3/s,Approved,"[""ESTIMATED""]",2025-03-11T21:24:03.840047+00:00,f0d00c4983614291b938804a9df6b127
2010-06-22,86.6,86.6,ft^3/s,Approved,"[""ESTIMATED""]",2025-03-11T21:24:03.840047+00:00,f0d00c4983614291b938804a9df6b127
2010-06-23,86.6,86.6,ft^3/s,Approved,"[""ESTIMATED""]",2025-03-11T21:24:03.840047+00:00,f0d00c4983614291b938804a9df6b127
2010-06-24,86.6,86.6,ft^3/s,Approved,"[""ESTIMATED""]",2025-03-11T21:24:03.840047+00:00,f0d00c4983614291b938804a9df6b127
2010-06-25,86.4,86.4,ft^3/s,Approved,"[""ESTIMATED""]",2025-03-11T21:24:03.840047+00:00,f0d00c4983614291b938804a9df6b127
2010-06-26,86.1,86.1,ft^3/s,Approved,"[""ESTIMATED""]",2025-03-11T21:24:03.840047+00:00,f0d00c4983614291b938804a9df6b127
2010-06-27,86.1,86.1,ft^3/s,Approved,"[""ESTIMATED""]",2025-03-11T21:24:03.840047+00:00,f0d00c4983614291b938804a9df6b127
2010-06-28,85.9,85.9,ft^3/s,Approved,"[""ESTIMATED""]",2025-03-11T21:24:03.840047+00:00,f0d00c4983614291b938804a9df6b127
2010-06-29,85.5,85.5,ft^3/s,Approved,"[""ESTIMATED""]",2025-03-11T21:24:03.840047+00:00,f0d00c4983614291b938804a9df6b127
2010-06-30,85.3,85.3,ft^3/s,Approved,"[""ESTIMATED""]",2025-03-11T21:24:03.840047+00:00,f0d00c4983614291b938804a9df6b127
2010-07-01,85.0,85.0,ft^3/s,Approved,"[""ESTIMATED""]",2025-03-11T21:24:03.840047+00:00,f0d00c4983614291b938804a9df6b127
2010-07-02,84.8,84.8,ft^3/s,Approved,"[""ESTIMATED""]",2025-03-11T21:24:03.840047+00:00,f0d00c4983614291b938804a9df6b127
2010-07-03,84.7,84.7,ft^3/s,Approved,"[""ESTIMATED""]",2025-03-11T21:24:03.840047+00:00,f0d00c4983614291b938804a9df6b127
2010-07-04,84.8,84.8,ft^3/s,Approved,"[""ESTIMATED""]",2025-03-11T21:24:03.840047+00:00,f0d00c4983614291b938804a9df6b127
2010-07-05,84.8,84.8,ft^3/s,Approved,"[""ESTIMATED""]",2025-03-11T21:24:03.840047+00:00,f0d00c4983614291b938804a9df6b127
2010-07-06,84.8,84.8,ft^3/s,Approved,"[""ESTIMATED""]",2025-03-11T21:24:03.840047+00:00,f0d00c4983614291b938804a9df6b127
2010-07-07,84.7,84.7,ft^3/s,Approved,"[""ESTIMATED""]",2025-03-11T21:24:03.840047+00:00,f0d00c4983614291b938804a9df6b127
2010-07-08,84.7,84.7,ft^3/s,Approved,"[""ESTIMATED""]",2025-03-11T21:24:03.840047+00:00,f0d00c4983614291b938804a9df6b127
2010-07-09,84.7,84.7,ft^3/s,Approved,"[""ESTIMATED""]",2025-03-11T21:24:03.840047+00:00,f0d00c4983614291b938804a9df6b127
2010-07-10,84.8,84.8,ft^3/s,Approved,"[""ESTIMATED""]",2025-03-11T21:24:03.840047+00:00,f0d00c4983614291b938804a9df6b127
2010-07-11,84.5,84.5,ft^3/s,Approved,"[""ESTIMATED""]",2025-03-11T21:24:03.840047+00:00,f0d00c4983614291b938804a9df6b127
2010-07-12,84.0,84.0,ft^3/s,Approved,"[""ESTIMATED""]",2025-03-11T21:24:03.840047+00:00,f0d00c4983614291b938804a9df6b127
2010-07-13,84.0,84.0,ft^3/s,Approved,[],2025-11-21T16:34:19.961837+00:00,f0d00c4983614291b938804a9df6b127
2010-07-14,84.0,84.0,ft^3/s,Approved,[],2025-11-21T16:34:19.961837+00:00,f0d00c4983614291b938804a9df6b127
2010-07-15,83.3,83.3,ft^3/s,Approved,[],2025-03-11T21:24:03.840047+00:00,f0d00c4983614291b938804a9df6b127
2010-07-16,82.7,82.7,ft^3/s,Approved,[],2025-03-11T21:24:03.840047+00:00,f0d00c4983614291b938804a9df6b127
2010-07-17,82.0,82.0,ft^3/s,Approved,[],2025-03-11T21:24:03.840047+00:00,f0d00c4983614291b938804a9df6b127
2010-07-18,82.2,82.2,ft^3/s,Approved,[],2025-03-11T21:24:03.840047+00:00,f0d00c4983614291b938804a9df6b127
2010-07-19,82.5,82.5,ft^3/s,Approved,[],2025-03-11T21:24:03.840047+00:00,f0d00c4983614291b938804a9df6b127
2010-07-20,82.0,82.0,ft^3/s,Approved,[],2025-03-11T21:24:03.840047+00:00,f0d00c4983614291b938804a9df6b127
2010-07-21,81.6,81.6,ft^3/s,Approved,[],2025-03-11T21:24:03.840047+00:00,f0d00c4983614291b938804a9df6b127
2010-07-22,80.7,80.7,ft^3/s,Approved,[],2025-03-11T21:24:03.840047+00:00,f0d00c4983614291b938804a9df6b127
2010-07-23,79.9,79.9,ft^3/s,Approved,[],2025-03-11T21:24:03.840047+00:00,f0d00c4983614291b938804a9df6b127
2010-07-24,79.4,79.4,ft^3/s,Approved,[],2025-03-11T21:24:03.840047+00:00,f0d00c4983614291b938804a9df6b127
2010-07-25,78.9,78.9,ft^3/s,Approved,[],2025-03-11T21:24:03.840047+00:00,f0d00c4983614291b938804a9df6b127
2010-07-26,77.8,77.8,ft^3/s,Approved,[],2025-03-11T21:24:03.840047+00:00,f0d00c4983614291b938804a9df6b127
2010-07-27,77.5,77.5,ft^3/s,Approved,[],2025-03-11T21:24:03.840047+00:00,f0d00c4983614291b938804a9df6b127
2010-07-28,76.6,76.6,ft^3/s,Approved,[],2025-03-11T21:24:03.840047+00:00,f0d00c4983614291b938804a9df6b127
2010-07-29,76.0,76.0,ft^3/s,Approved,[],2025-03-11T21:24:03.840047+00:00,f0d00c4983614291b938804a9df6b127
2010-07-30,75.3,75.3,ft^3/s,Approved,[],2025-03-11T21:24:03.840047+00:00,f0d00c4983614291b938804a9df6b127
2010-07-31,74.8,74.8,ft^3/s,Approved,[],2025-03-11T21:24:03.840047+00:00,f0d00c4983614291b938804a9df6b127
2010-08-01,73.5,73.5,ft^3/s,Approved,[],2025-03-11T21:24:03.840047+00:00,f0d00c4983614291b938804a9df6b127
2010-08-02,72.6,72.6,ft^3/s,Approved,[],2025-03-11T21:24:03.840047+00:00,f0d00c4983614291b938804a9df6b127
2010-08-03,71.0,71.0,ft^3/s,Approved,[],2025-03-11T21:24:03.840047+00:00,f0d00c4983614291b938804a9df6b127
2010-08-04,70.2,70.2,ft^3/s,Approved,[],2025-03-11T21:24:03.840047+00:00,f0d00c4983614291b938804a9df6b127
2010-08-05,69.1,69.1,ft^3/s,Approved,[],2025-03-11T21:24:03.840047+00:00,f0d00c4983614291b938804a9df6b127
2010-08-06,68.3,68.3,ft^3/s,Approved,[],2025-03-11T21:24:03.840047+00:00,f0d00c4983614291b938804a9df6b127
2010-08-07,66.9,66.9,ft^3/s,Approved,[],2025-03-11T21:24:03.840047+00:00,f0d00c4983614291b938804a9df6b127
2010-08-08,65.6,65.6,ft^3/s,Approved,[],2025-03-11T21:24:03.840047+00:00,f0d00c4983614291b938804a9df6b127
2010-08-09,65.4,65.4,ft^3/s,Approved,[],2025-03-11T21:24:03.840047+00:00,f0d00c4983614291b938804a9df6b127
2010-08-10,63.8,63.8,ft^3/s,Approved,[],2025-03-11T21:24:03.840047+00:00,f0d00c4983614291b938804a9df6b127
2010-08-11,63.5,63.5,ft^3/s,Approved,[],2025-03-11T21:24:03.840047+00:00,f0d00c4983614291b938804a9df6b127
2010-08-12,62.3,62.3,ft^3/s,Approved,[],2025-03-11T21:24:03.840047+00:00,f0d00c4983614291b938804a9df6b127
2010-08-13,60.2,60.2,ft^3/s,Approved,[],2025-03-11T21:24:03.840047+00:00,f0d00c4983614291b938804a9df6b127
2010-08-14,58.7,58.7,ft^3/s,Approved,[],2025-03-11T21:24:03.840047+00:00,f0d00c4983614291b938804a9df6b127
2010-08-15,56.7,56.7,ft^3/s,Approved,[],2025-03-11T21:24:03.840047+00:00,f0d00c4983614291b938804a9df6b127
2010-08-16,55.7,55.7,ft^3/s,Approved,[],2025-03-11T21:24:03.840047+00:00,f0d00c4983614291b938804a9df6b127
2010-08-17,53.7,53.7,ft^3/s,Approved,[],2025-03-11T21:24:03.840047+00:00,f0d00c4983614291b938804a9df6b127
2010-08-18,51.4,51.4,ft^3/s,Approved,[],2025-03-11T21:24:03.840047+00:00,f0d00c4983614291b938804a9df6b127
2010-08-19,50.4,50.4,ft^3/s,Approved,[],2025-03-11T21:24:03.840047+00:00,f0d00c4983614291b938804a9df6b127
2010-08-20,48.9,48.9,ft^3/s,Approved,[],2025-03-11T21:24:03.840047+00:00,f0d00c4983614291b938804a9df6b127
2010-08-21,47.3,47.3,ft^3/s,Approved,[],2025-03-11T21:24:03.840047+00:00,f0d00c4983614291b938804a9df6b127
2010-08-22,46.3,46.3,ft^3/s,Approved,[],2025-03-11T21:24:03.840047+00:00,f0d00c4983614291b938804a9df6b127
2010-08-23,44.8,44.8,ft^3/s,Approved,[],2025-03-11T21:24:03.840047+00:00,f0d00c4983614291b938804a9df6b127
2010-08-24,43.8,43.8,ft^3/s,Approved,[],2025-03-11T21:24:03.840047+00:00,f0d00c4983614291b938804a9df6b127
2010-08-25,42.6,42.6,ft^3/s,Approved,[],2025-03-11T21:24:03.840047+00:00,f0d00c4983614291b938804a9df6b127
2010-08-26,42.0,42.0,ft^3/s,Approved,[],2025-03-11T21:24:03.840047+00:00,f0d00c4983614291b938804a9df6b127
2010-08-27,41.0,41.0,ft^3/s,Approved,[],2025-03-11T21:24:03.840047+00:00,f0d00c4983614291b938804a9df6b127
2010-08-28,39.9,39.9,ft^3/s,Approved,[],2025-03-11T21:24:03.840047+00:00,f0d00c4983614291b938804a9df6b127
2010-08-29,39.0,39.0,ft^3/s,Approved,[],2025-03-11T21:24:03.840047+00:00,f0d00c4983614291b938804a9df6b127
2010-08-30,37.6,37.6,ft^3/s,Approved,[],2025-03-11T21:24:03.840047+00:00,f0d00c4983614291b938804a9df6b127
2010-08-31,35.8,35.8,ft^3/s,Approved,[],2025-03-11T21:24:03.840047+00:00,f0d00c4983614291b938804a9df6b127
2010-09-01,34.8,34.8,ft^3/s,Approved,[],2025-03-11T21:24:03.840047+00:00,f0d00c4983614291b938804a9df6b127
2010-09-02,33.6,33.6,ft^3/s,Approved,[],2025-03-11T21:24:03.840047+00:00,f0d00c4983614291b938804a9df6b127
2010-09-03,36.0,36.0,ft^3/s,Approved,[],2025-03-11T21:24:03.840047+00:00,f0d00c4983614291b938804a9df6b127
2010-09-04,36.1,36.1,ft^3/s,Approved,[],2025-03-11T21:24:03.840047+00:00,f0d00c4983614291b938804a9df6b127
2010-09-05,34.7,34.7,ft^3/s,Approved,[],2025-03-11T21:24:03.840047+00:00,f0d00c4983614291b938804a9df6b127
2010-09-06,34.0,34.0,ft^3/s,Approved,[],2025-03-11T21:24:03.840047+00:00,f0d00c4983614291b938804a9df6b127
2010-09-07,58.5,58.5,ft^3/s,Approved,[],2025-03-11T21:24:03.840047+00:00,f0d00c4983614291b938804a9df6b127
2010-09-08,118.0,118,ft^3/s,Approved,[],2025-03-11T21:24:03.840047+00:00,f0d00c4983614291b938804a9df6b127
2010-09-09,121.0,121,ft^3/s,Approved,[],2025-03-11T21:24:03.840047+00:00,f0d00c4983614291b938804a9df6b127
2010-09-10,114.0,114,ft^3/s,Approved,[],2025-03-11T21:24:03.840047+00:00,f0d00c4983614291b938804a9df6b127
2010-09-11,107.0,107,ft^3/s,Approved,[],2025-03-11T21:24:03.840047+00:00,f0d00c4983614291b938804a9df6b127
2010-09-12,103.0,103,ft^3/s,Approved,[],2025-03-11T21:24:03.840047+00:00,f0d00c4983614291b938804a9df6b127
2010-09-13,99.3,99.3,ft^3/s,Approved,[],2025-03-11T21:24:03.840047+00:00,f0d00c4983614291b938804a9df6b127
2010-09-14,95.5,95.5,ft^3/s,Approved,[],2025-03-11T21:24:03.840047+00:00,f0d00c4983614291b938804a9df6b127
2010-09-15,93.2,93.2,ft^3/s,Approved,[],2025-03-11T21:24:03.840047+00:00,f0d00c4983614291b938804a9df6b127
2010-09-16,91.3,91.3,ft^3/s,Approved,[],2025-03-11T21:24:03.840047+00:00,f0d00c4983614291b938804a9df6b127
2010-09-17,90.0,90.0,ft^3/s,Approved,[],2025-03-11T21:24:03.840047+00:00,f0d00c4983614291b938804a9df6b127
2010-09-18,88.7,88.7,ft^3/s,Approved,[],2025-03-11T21:24:03.840047+00:00,f0d00c4983614291b938804a9df6b127
2010-09-19,87.3,87.3,ft^3/s,Approved,[],2025-03-11T21:24:03.840047+00:00,f0d00c4983614291b938804a9df6b127
2010-09-20,86.3,86.3,ft^3/s,Approved,[],2025-03-11T21:24:03.840047+00:00,f0d00c4983614291b938804a9df6b127
2010-09-21,85.6,85.6,ft^3/s,Approved,[],2025-03-11T21:24:03.840047+00:00,f0d00c4983614291b938804a9df6b127
2010-09-22,84.6,84.6,ft^3/s,Approved,[],2025-03-11T21:24:03.840047+00:00,f0d00c4983614291b938804a9df6b127
2010-09-23,83.6,83.6,ft^3/s,Approved,[],2025-03-11T21:24:03.840047+00:00,f0d00c4983614291b938804a9df6b127
2010-09-24,83.4,83.4,ft^3/s,Approved,[],2025-03-11T21:24:03.840047+00:00,f0d00c4983614291b938804a9df6b127
2010-09-25,82.8,82.8,ft^3/s,Approved,[],2025-03-11T21:24:03.840047+00:00,f0d00c4983614291b938804a9df6b127
2010-09-26,82.7,82.7,ft^3/s,Approved,[],2025-03-11T21:24:03.840047+00:00,f0d00c4983614291b938804a9df6b127
2010-09-27,81.8,81.8,ft^3/s,Approved,[],2025-03-11T21:24:03.840047+00:00,f0d00c4983614291b938804a9df6b127
2010-09-28,81.5,81.5,ft^3/s,Approved,[],2025-03-11T21:24:03.840047+00:00,f0d00c4983614291b938804a9df6b127
2010-09-29,81.7,81.7,ft^3/s,Approved,[],2025-03-11T21:24:03.840047+00:00,f0d00c4983614291b938804a9df6b127
2010-09-30,81.5,81.5,ft^3/s,Approved,[],2025-03-11T21:24:03.840047+00:00,f0d00c4983614291b938804a9df6b127
2010-10-01,81.3,81.3,ft^3/s,Approved,[],2025-03-11T21:24:03.840047+00:00,f0d00c4983614291b938804a9df6b127
2010-10-02,81.6,81.6,ft^3/s,Approved,[],2025-03-11T21:24:03.840047+00:00,f0d00c4983614291b938804a9df6b127
2010-10-03,81.6,81.6,ft^3/s,Approved,[],2025-03-11T21:24:03.840047+00:00,f0d00c4983614291b938804a9df6b127
2010-10-04,81.2,81.2,ft^3/s,Approved,[],2025-03-11T21:24:03.840047+00:00,f0d00c4983614291b938804a9df6b127
2010-10-05,80.5,80.5,ft^3/s,Approved,[],2025-03-11T21:24:03.840047+00:00,f0d00c4983614291b938804a9df6b127
2010-10-06,80.6,80.6,ft^3/s,Approved,[],2025-03-11T21:24:03.840047+00:00,f0d00c4983614291b938804a9df6b127
2010-10-07,80.9,80.9,ft^3/s,Approved,[],2025-03-11T21:24:03.840047+00:00,f0d00c4983614291b938804a9df6b127
2010-10-08,79.9,79.9,ft^3/s,Approved,[],2025-03-11T21:24:03.840047+00:00,f0d00c4983614291b938804a9df6b127
2010-10-09,79.0,79.0,ft^3/s,Approved,[],2025-03-11T21:24:03.840047+00:00,f0d00c4983614291b938804a9df6b127
2010-10-10,79.4,79.4,ft^3/s,Approved,[],2025-03-11T21:24:03.840047+00:00,f0d00c4983614291b938804a9df6b127
2010-10-11,79.4,79.4,ft^3/s,Approved,[],2025-03-11T21:24:03.840047+00:00,f0d00c4983614291b938804a9df6b127
2010-10-12,78.6,78.6,ft^3/s,Approved,[],2025-03-11T21:24:03.840047+00:00,f0d00c4983614291b938804a9df6b127
2010-10-13,77.5,77.5,ft^3/s,Approved,[],2025-03-11T21:24:03.840047+00:00,f0d00c4983614291b938804a9df6b127
2010-10-14,75.4,75.4,ft^3/s,Approved,[],2025-03-11T21:24:03.840047+00:00,f0d00c4983614291b938804a9df6b127
2010-10-15,74.9,74.9,ft^3/s,Approved,[],2025-03-11T21:24:03.840047+00:00,f0d00c4983614291b938804a9df6b127
2010-10-16,73.8,73.8,ft^3/s,Approved,[],2025-03-11T21:24:03.840047+00:00,f0d00c4983614291b938804a9df6b127
2010-10-17,73.2,73.2,ft^3/s,Approved,[],2025-03-11T21:24:03.840047+00:00,f0d00c4983614291b938804a9df6b127
2010-10-18,72.4,72.4,ft^3/s,Approved,[],2025-03-11T21:24:03.840047+00:00,f0d00c4983614291b938804a9df6b127
2010-10-19,72.4,72.4,ft^3/s,Approved,[],2025-03-11T21:24:03.840047+00:00,f0d00c4983614291b938804a9df6b127
2010-10-20,71.7,71.7,ft^3/s,Approved,[],2025-03-11T21:24:03.840047+00:00,f0d00c4983614291b938804a9df6b127
2010-10-21,71.4,71.4,ft^3/s,Approved,[],2025-03-11T21:24:03.840047+00:00,f0d00c4983614291b938804a9df6b127
2010-10-22,71.5,71.5,ft^3/s,Approved,[],2025-03-11T21:24:03.840047+00:00,f0d00c4983614291b938804a9df6b127
2010-10-23,70.3,70.3,ft^3/s,Approved,[],2025-03-11T21:24:03.840047+00:00,f0d00c4983614291b938804a9df6b127
2010-10-24,69.2,69.2,ft^3/s,Approved,[],2025-03-11T21:24:03.840047+00:00,f0d00c4983614291b938804a9df6b127
2010-10-25,68.2,68.2,ft^3/s,Approved,[],2025-03-11T21:24:03.840047+00:00,f0d00c4983614291b938804a9df6b127
2010-10-26,67.4,67.4,ft^3/s,Approved,[],2025-03-11T21:24:03.840047+00:00,f0d00c4983614291b938804a9df6b127
2010-10-27,66.7,66.7,ft^3/s,Approved,[],2025-03-11T21:24:03.840047+00:00,f0d00c4983614291b938804a9df6b127
2010-10-28,65.5,65.5,ft^3/s,Approved,[],2025-03-11T21:24:03.840047+00:00,f0d00c4983614291b938804a9df6b127
2010-10-29,63.5,63.5,ft^3/s,Approved,[],2025-03-11T21:24:03.840047+00:00,f0d00c4983614291b938804a9df6b127
2010-10-30,62.7,62.7,ft^3/s,Approved,[],2025-03-11T21:24:03.840047+00:00,f0d00c4983614291b938804a9df6b127
2010-10-31,62.7,62.7,ft^3/s,Approved,[],2025-03-11T21:24:03.840047+00:00,f0d00c4983614291b938804a9df6b127
2010-11-01,62.5,62.5,ft^3/s,Approved,[],2025-03-11T21:24:03.840047+00:00,f0d00c4983614291b938804a9df6b127
2010-11-02,61.5,61.5,ft^3/s,Approved,[],2025-03-11T21:24:03.840047+00:00,f0d00c4983614291b938804a9df6b127
2010-11-03,60.0,60.0,ft^3/s,Approved,[],2025-03-11T21:24:03.840047+00:00,f0d00c4983614291b938804a9df6b127
2010-11-04,59.0,59.0,ft^3/s,Approved,[],2025-03-11T21:24:03.840047+00:00,f0d00c4983614291b938804a9df6b127
2010-11-05,57.8,57.8,ft^3/s,Approved,[],2025-03-11T21:24:03.840047+00:00,f0d00c4983614291b938804a9df6b127
2010-11-06,57.0,57.0,ft^3/s,Approved,[],2025-03-11T21:24:03.840047+00:00,f0d00c4983614291b938804a9df6b127
2010-11-07,55.8,55.8,ft^3/s,Approved,[],2025-03-11T21:24:03.840047+00:00,f0d00c4983614291b938804a9df6b127
2010-11-08,55.5,55.5,ft^3/s,Approved,[],2025-03-11T21:24:03.840047+00:00,f0d00c4983614291b938804a9df6b127
2010-11-09,54.8,54.8,ft^3/s,Approved,[],2025-03-11T21:24:03.840047+00:00,f0d00c4983614291b938804a9df6b127
2010-11-10,54.9,54.9,ft^3/s,Approved,[],2025-03-11T21:24:03.840047+00:00,f0d00c4983614291b938804a9df6b127
2010-11-11,54.7,54.7,ft^3/s,Approved,[],2025-03-11T21:24:03.840047+00:00,f0d00c4983614291b938804a9df6b127
2010-11-12,54.7,54.7,ft^3/s,Approved,[],2025-03-11T21:24:03.840047+00:00,f0d00c4983614291b938804a9df6b127
2010-11-13,53.5,53.5,ft^3/s,Approved,[],2025-03-11T21:24:03.840047+00:00,f0d00c4983614291b938804a9df6b127
2010-11-14,52.9,52.9,ft^3/s,Approved,[],2025-03-11T21:24:03.840047+00:00,f0d00c4983614291b938804a9df6b127
2010-11-15,52.9,52.9,ft^3/s,Approved,[],2025-03-11T21:24:03.840047+00:00,f0d00c4983614291b938804a9df6b127
2010-11-16,52.3,52.3,ft^3/s,Approved,[],2025-03-11T21:24:03.840047+00:00,f0d00c4983614291b938804a9df6b127
2010-11-17,51.6,51.6,ft^3/s,Approved,[],2025-03-11T21:24:03.840047+00:00,f0d00c4983614291b938804a9df6b127
2010-11-18,50.2,50.2,ft^3/s,Approved,[],2025-03-11T21:24:03.840047+00:00,f0d00c4983614291b938804a9df6b127
2010-11-19,49.4,49.4,ft^3/s,Approved,[],2025-03-11T21:24:03.840047+00:00,f0d00c4983614291b938804a9df6b127
2010-11-20,49.0,49.0,ft^3/s,Approved,[],2025-03-11T21:24:03.840047+00:00,f0d00c4983614291b938804a9df6b127
2010-11-21,48.6,48.6,ft^3/s,Approved,[],2025-03-11T21:24:03.840047+00:00,f0d00c4983614291b938804a9df6b127
2010-11-22,48.2,48.2,ft^3/s,Approved,[],2025-03-11T21:24:03.840047+00:00,f0d00c4983614291b938804a9df6b127
2010-11-23,48.0,48.0,ft^3/s,Approved,[],2025-03-11T21:24:03.840047+00:00,f0d00c4983614291b938804a9df6b127
2010-11-24,47.4,47.4,ft^3/s,Approved,[],2025-03-11T21:24:03.840047+00:00,f0d00c4983614291b938804a9df6b127
2010-11-25,46.4,46.4,ft^3/s,Approved,[],2025-03-11T21:24:03.840047+00:00,f0d00c4983614291b938804a9df6b127
2010-11-26,45.5,45.5,ft^3/s,Approved,[],2025-03-11T21:24:03.840047+00:00,f0d00c4983614291b938804a9df6b127
2010-11-27,44.5,44.5,ft^3/s,Approved,[],2025-03-11T21:24:03.840047+00:00,f0d00c4983614291b938804a9df6b127
2010-11-28,45.1,45.1,ft^3/s,Approved,[],2025-03-11T21:24:03.840047+00:00,f0d00c4983614291b938804a9df6b127
2010-11-29,45.3,45.3,ft^3/s,Approved,[],2025-03-11T21:24:03.840047+00:00,f0d00c4983614291b938804a9df6b127
2010-11-30,43.5,43.5,ft^3/s,Approved,[],2025-03-11T21:24:03.840047+00:00,f0d00c4983614291b938804a9df6b127
2010-12-01,42.3,42.3,ft^3/s,Approved,[],2025-03-11T21:24:03.840047+00:00,f0d00c4983614291b938804a9df6b127
2010-12-02,41.3,41.3,ft^3/s,Approved,[],2025-03-11T21:24:03.840047+00:00,f0d00c4983614291b938804a9df6b127
2010-12-03,41.1,41.1,ft^3/s,Approved,[],2025-03-11T21:24:03.840047+00:00,f0d00c4983614291b938804a9df6b127
2010-12-04,41.1,41.1,ft^3/s,Approved,[],2025-03-11T21:24:03.840047+00:00,f0d00c4983614291b938804a9df6b127
2010-12-05,41.2,41.2,ft^3/s,Approved,[],2025-03-11T21:24:03.840047+00:00,f0d00c4983614291b938804a9df6b127
2010-12-06,39.8,39.8,ft^3/s,Approved,[],2025-03-11T21:24:03.840047+00:00,f0d00c4983614291b938804a9df6b127
2010-12-07,39.1,39.1,ft^3/s,Approved,[],2025-03-11T21:24:03.840047+00:00,f0d00c4983614291b938804a9df6b127
2010-12-08,39.6,39.6,ft^3/s,Approved,[],2025-03-11T21:24:03.840047+00:00,f0d00c4983614291b938804a9df6b127
2010-12-09,38.0,38.0,ft^3/s,Approved,[],2025-03-11T21:24:03.840047+00:00,f0d00c4983614291b938804a9df6b127
2010-12-10,36.0,36.0,ft^3/s,Approved,[],2025-11-21T16:34:19.961837+00:00,f0d00c4983614291b938804a9df6b127
2010-12-11,37.0,37.0,ft^3/s,Approved,[],2025-11-21T16:34:19.961837+00:00,f0d00c4983614291b938804a9df6b127
2010-12-12,35.9,35.9,ft^3/s,Approved,[],2025-03-11T21:24:03.840047+00:00,f0d00c4983614291b938804a9df6b127
2010-12-13,34.9,34.9,ft^3/s,Approved,[],2025-03-11T21:24:03.840047+00:00,f0d00c4983614291b938804a9df6b127
2010-12-14,32.0,32.0,ft^3/s,Approved,[],2025-11-21T16:34:19.961837+00:00,f0d00c4983614291b938804a9df6b127
2010-12-15,32.0,32.0,ft^3/s,Approved,[],2025-11-21T16:34:19.961837+00:00,f0d00c4983614291b938804a9df6b127
2010-12-16,34.5,34.5,ft^3/s,Approved,[],2025-03-11T21:24:03.840047+00:00,f0d00c4983614291b938804a9df6b127
2010-12-17,33.9,33.9,ft^3/s,Approved,[],2025-03-11T21:24:03.840047+00:00,f0d00c4983614291b938804a9df6b127
2010-12-18,33.6,33.6,ft^3/s,Approved,[],2025-03-11T21:24:03.840047+00:00,f0d00c4983614291b938804a9df6b127
2010-12-19,33.7,33.7,ft^3/s,Approved,[],2025-03-11T21:24:03.840047+00:00,f0d00c4983614291b938804a9df6b127
2010-12-20,31.0,31.0,ft^3/s,Approved,[],2025-11-21T16:34:19.961837+00:00,f0d00c4983614291b938804a9df6b127
2010-12-21,30.0,30.0,ft^3/s,Approved,[],2025-03-11T21:24:03.840047+00:00,f0d00c4983614291b938804a9df6b127
2010-12-22,29.0,29.0,ft^3/s,Approved,[],2025-11-21T16:34:19.961837+00:00,f0d00c4983614291b938804a9df6b127
2010-12-23,32.5,32.5,ft^3/s,Approved,[],2025-03-11T21:24:03.840047+00:00,f0d00c4983614291b938804a9df6b127
2010-12-24,31.0,31.0,ft^3/s,Approved,[],2025-11-21T16:34:19.961837+00:00,f0d00c4983614291b938804a9df6b127
2010-12-25,30.0,30.0,ft^3/s,Approved,"[""ESTIMATED""]",2025-03-11T21:24:03.840047+00:00,f0d00c4983614291b938804a9df6b127
2010-12-26,29.0,29.0,ft^3/s,Approved,"[""ESTIMATED""]",2025-03-11T21:24:03.840047+00:00,f0d00c4983614291b938804a9df6b127
2010-12-27,29.0,29.0,ft^3/s,Approved,[],2025-11-21T16:34:19.961837+00:00,f0d00c4983614291b938804a9df6b127
2010-12-28,31.5,31.5,ft^3/s,Approved,[],2025-03-11T21:24:03.840047+00:00,f0d00c4983614291b938804a9df6b127
2010-12-29,29.0,29.0,ft^3/s,Approved,[],2025-11-21T16:34:19.961837+00:00,f0d00c4983614291b938804a9df6b127
2010-12-30,30.0,30.0,ft^3/s,Approved,"[""ESTIMATED""]",2025-03-11T21:24:03.840047+00:00,f0d00c4983614291b938804a9df6b127
2010-12-31,28.0,28.0,ft^3/s,Approved,[],2025-11-21T16:34:19.961837+00:00,f0d00c4983614291b938804a9df6b127
2011-01-01,28.0,28.0,ft^3/s,Approved,"[""ESTIMATED""]",2025-03-11T21:24:03.840047+00:00,f0d00c4983614291b938804a9df6b127
2011-01-02,28.0,28.0,ft^3/s,Approved,"[""ESTIMATED""]",2025-03-11T21:24:03.840047+00:00,f0d00c4983614291b938804a9df6b127
2011-01-03,27.0,27.0,ft^3/s,Approved,"[""ESTIMATED""]",2025-11-21T16:34:19.961837+00:00,f0d00c4983614291b938804a9df6b127
2011-01-04,29.2,29.2,ft^3/s,Approved,[],2025-11-21T16:34:19.961837+00:00,f0d00c4983614291b938804a9df6b127
2011-01-05,27.0,27.0,ft^3/s,Approved,"[""ESTIMATED""]",2025-11-21T16:34:19.961837+00:00,f0d00c4983614291b938804a9df6b127
2011-01-06,27.0,27.0,ft^3/s,Approved,"[""ESTIMATED""]",2025-03-11T21:24:03.840047+00:00,f0d00c4983614291b938804a9df6b127
2011-01-07,28.0,28.0,ft^3/s,Approved,"[""ESTIMATED""]",2025-03-11T21:24:03.840047+00:00,f0d00c4983614291b938804a9df6b127
2011-01-08,28.0,28.0,ft^3/s,Approved,"[""ESTIMATED""]",2025-03-11T21:24:03.840047+00:00,f0d00c4983614291b938804a9df6b127
2011-01-09,33.0,33.0,ft^3/s,Approved,"[""ESTIMATED""]",2025-03-11T21:24:03.840047+00:00,f0d00c4983614291b938804a9df6b127
2011-01-10,35.0,35.0,ft^3/s,Approved,[],2025-11-21T16:34:19.961837+00:00,f0d00c4983614291b938804a9df6b127
2011-01-11,32.9,32.9,ft^3/s,Approved,[],2025-03-11T21:24:03.840047+00:00,f0d00c4983614291b938804a9df6b127
2011-01-12,31.7,31.7,ft^3/s,Approved,[],2025-03-11T21:24:03.840047+00:00,f0d00c4983614291b938804a9df6b127
2011-01-13,31.5,31.5,ft^3/s,Approved,[],2025-03-11T21:24:03.840047+00:00,f0d00c4983614291b938804a9df6b127
2011-01-14,31.4,31.4,ft^3/s,Approved,[],2025-03-11T21:24:03.840047+00:00,f0d00c4983614291b938804a9df6b127
2011-01-15,31.8,31.8,ft^3/s,Approved,[],2025-03-11T21:24:03.840047+00:00,f0d00c4983614291b938804a9df6b127
2011-01-16,35.2,35.2,ft^3/s,Approved,[],2025-03-11T21:24:03.840047+00:00,f0d00c4983614291b938804a9df6b127
2011-01-17,35.9,35.9,ft^3/s,Approved,[],2025-03-11T21:24:03.840047+00:00,f0d00c4983614291b938804a9df6b127
2011-01-18,35.6,35.6,ft^3/s,Approved,[],2025-03-11T21:24:03.840047+00:00,f0d00c4983614291b938804a9df6b127
2011-01-19,34.4,34.4,ft^3/s,Approved,[],2025-03-11T21:24:03.840047+00:00,f0d00c4983614291b938804a9df6b127
2011-01-20,33.1,33.1,ft^3/s,Approved,[],2025-03-11T21:24:03.840047+00:00,f0d00c4983614291b938804a9df6b127
2011-01-21,31.8,31.8,ft^3/s,Approved,[],2025-03-11T21:24:03.840047+00:00,f0d00c4983614291b938804a9df6b127
2011-01-22,30.2,30.2,ft^3/s,Approved,[],2025-03-11T21:24:03.840047+00:00,f0d00c4983614291b938804a9df6b127
2011-01-23,29.8,29.8,ft^3/s,Approved,[],2025-03-11T21:24:03.840047+00:00,f0d00c4983614291b938804a9df6b127
2011-01-24,29.7,29.7,ft^3/s,Approved,[],2025-03-11T21:24:03.840047+00:00,f0d00c4983614291b938804a9df6b127
2011-01-25,29.0,29.0,ft^3/s,Approved,[],2025-03-11T21:24:03.840047+00:00,f0d00c4983614291b938804a9df6b127
2011-01-26,28.3,28.3,ft^3/s,Approved,[],2025-03-11T21:24:03.840047+00:00,f0d00c4983614291b938804a9df6b127
2011-01-27,28.3,28.3,ft^3/s,Approved,[],2025-03-11T21:24:03.840047+00:00,f0d00c4983614291b938804a9df6b127
2011-01-28,28.7,28.7,ft^3/s,Approved,[],2025-03-11T21:24:03.840047+00:00,f0d00c4983614291b938804a9df6b127
2011-01-29,27.9,27.9,ft^3/s,Approved,[],2025-03-11T21:24:03.840047+00:00,f0d00c4983614291b938804a9df6b127
2011-01-30,26.7,26.7,ft^3/s,Approved,[],2025-03-11T21:24:03.840047+00:00,f0d00c4983614291b938804a9df6b127
2011-01-31,26.5,26.5,ft^3/s,Approved,[],2025-03-11T21:24:03.840047+00:00,f0d00c4983614291b938804a9df6b127
2011-02-01,25.8,25.8,ft^3/s,Approved,[],2025-03-11T21:24:03.840047+00:00,f0d00c4983614291b938804a9df6b127
2011-02-02,24.6,24.6,ft^3/s,Approved,[],2025-03-11T21:24:03.840047+00:00,f0d00c4983614291b938804a9df6b127
2011-02-03,24.4,24.4,ft^3/s,Approved,[],2025-03-11T21:24:03.840047+00:00,f0d00c4983614291b938804a9df6b127
2011-02-04,24.8,24.8,ft^3/s,Approved,[],2025-03-11T21:24:03.840047+00:00,f0d00c4983614291b938804a9df6b127
2011-02-05,25.0,25.0,ft^3/s,Approved,[],2025-03-11T21:24:03.840047+00:00,f0d00c4983614291b938804a9df6b127
2011-02-06,25.1,25.1,ft^3/s,Approved,[],2025-03-11T21:24:03.840047+00:00,f0d00c4983614291b938804a9df6b127
2011-02-07,24.5,24.5,ft^3/s,Approved,[],2025-03-11T21:24:03.840047+00:00,f0d00c4983614291b938804a9df6b127
2011-02-08,24.5,24.5,ft^3/s,Approved,[],2025-03-11T21:24:03.840047+00:00,f0d00c4983614291b938804a9df6b127
2011-02-09,24.1,24.1,ft^3/s,Approved,[],2025-03-11T21:24:03.840047+00:00,f0d00c4983614291b938804a9df6b127
2011-02-10,23.3,23.3,ft^3/s,Approved,[],2025-03-11T21:24:03.840047+00:00,f0d00c4983614291b938804a9df6b127
2011-02-11,23.2,23.2,ft^3/s,Approved,[],2025-03-11T21:24:03.840047+00:00,f0d00c4983614291b938804a9df6b127
2011-02-12,22.9,22.9,ft^3/s,Approved,[],2025-03-11T21:24:03.840047+00:00,f0d00c4983614291b938804a9df6b127
2011-02-13,23.0,23.0,ft^3/s,Approved,[],2025-03-11T21:24:03.840047+00:00,f0d00c4983614291b938804a9df6b127
2011-02-14,22.6,22.6,ft^3/s,Approved,[],2025-03-11T21:24:03.840047+00:00,f0d00c4983614291b938804a9df6b127
2011-02-15,22.5,22.5,ft^3/s,Approved,[],2025-03-11T21:24:03.840047+00:00,f0d00c4983614291b938804a9df6b127
2011-02-16,22.1,22.1,ft^3/s,Approved,[],2025-03-11T21:24:03.840047+00:00,f0d00c4983614291b938804a9df6b127
2011-02-17,22.6,22.6,ft^3/s,Approved,[],2025-03-11T21:24:03.840047+00:00,f0d00c4983614291b938804a9df6b127
2011-02-18,22.9,22.9,ft^3/s,Approved,[],2025-03-11T21:24:03.840047+00:00,f0d00c4983614291b938804a9df6b127
2011-02-19,22.7,22.7,ft^3/s,Approved,[],2025-03-11T21:24:03.840047+00:00,f0d00c4983614291b938804a9df6b127
2011-02-20,23.3,23.3,ft^3/s,Approved,[],2025-03-11T21:24:03.840047+00:00,f0d00c4983614291b938804a9df6b127
2011-02-21,23.5,23.5,ft^3/s,Approved,[],2025-03-11T21:24:03.840047+00:00,f0d00c4983614291b938804a9df6b127
2011-02-22,23.3,23.3,ft^3/s,Approved,[],2025-03-11T21:24:03.840047+00:00,f0d00c4983614291b938804a9df6b127
2011-02-23,22.9,22.9,ft^3/s,Approved,[],2025-03-11T21:24:03.840047+00:00,f0d00c4983614291b938804a9df6b127
2011-02-24,22.9,22.9,ft^3/s,Approved,[],2025-03-11T21:24:03.840047+00:00,f0d00c4983614291b938804a9df6b127
2011-02-25,22.5,22.5,ft^3/s,Approved,[],2025-03-11T21:24:03.840047+00:00,f0d00c4983614291b938804a9df6b127
2011-02-26,22.4,22.4,ft^3/s,Approved,[],2025-03-11T21:24:03.840047+00:00,f0d00c4983614291b938804a9df6b127
2011-02-27,23.1,23.1,ft^3/s,Approved,[],2025-03-11T21:24:03.840047+00:00,f0d00c4983614291b938804a9df6b127
2011-02-28,22.3,22.3,ft^3/s,Approved,[],2025-03-11T21:24:03.840047+00:00,f0d00c4983614291b938804a9df6b127
2011-03-01,21.5,21.5,ft^3/s,Approved,[],2025-03-11T21:24:03.840047+00:00,f0d00c4983614291b938804a9df6b127
2011-03-02,21.4,21.4,ft^3/s,Approved,[],2025-03-11T21:24:03.840047+00:00,f0d00c4983614291b938804a9df6b127
2011-03-03,21.6,21.6,ft^3/s,Approved,[],2025-03-11T21:24:03.840047+00:00,f0d00c4983614291b938804a9df6b127
2011-03-04,21.9,21.9,ft^3/s,Approved,[],2025-03-11T21:24:03.840047+00:00,f0d00c4983614291b938804a9df6b127
2011-03-05,21.6,21.6,ft^3/s,Approved,[],2025-03-11T21:24:03.840047+00:00,f0d00c4983614291b938804a9df6b127
2011-03-06,20.8,20.8,ft^3/s,Approved,[],2025-03-11T21:24:03.840047+00:00,f0d00c4983614291b938804a9df6b127
2011-03-07,21.2,21.2,ft^3/s,Approved,[],2025-03-11T21:24:03.840047+00:00,f0d00c4983614291b938804a9df6b127
2011-03-08,21.7,21.7,ft^3/s,Approved,[],2025-03-11T21:24:03.840047+00:00,f0d00c4983614291b938804a9df6b127
2011-03-09,20.9,20.9,ft^3/s,Approved,[],2025-03-11T21:24:03.840047+00:00,f0d00c4983614291b938804a9df6b127
2011-03-10,19.3,19.3,ft^3/s,Approved,[],2025-03-11T21:24:03.840047+00:00,f0d00c4983614291b938804a9df6b127
2011-03-11,19.1,19.1,ft^3/s,Approved,[],2025-03-11T21:24:03.840047+00:00,f0d00c4983614291b938804a9df6b127
2011-03-12,19.4,19.4,ft^3/s,Approved,[],2025-03-11T21:24:03.840047+00:00,f0d00c4983614291b938804a9df6b127
2011-03-13,19.6,19.6,ft^3/s,Approved,[],2025-03-11T21:24:03.840047+00:00,f0d00c4983614291b938804a9df6b127
2011-03-14,19.6,19.6,ft^3/s,Approved,[],2025-03-11T21:24:03.840047+00:00,f0d00c4983614291b938804a9df6b127
2011-03-15,19.4,19.4,ft^3/s,Approved,[],2025-03-11T21:24:03.840047+00:00,f0d00c4983614291b938804a9df6b127
2011-03-16,19.6,19.6,ft^3/s,Approved,[],2025-03-11T21:24:03.840047+00:00,f0d00c4983614291b938804a9df6b127
2011-03-17,19.7,19.7,ft^3/s,Approved,[],2025-03-11T21:24:03.840047+00:00,f0d00c4983614291b938804a9df6b127
2011-03-18,19.7,19.7,ft^3/s,Approved,[],2025-03-11T21:24:03.840047+00:00,f0d00c4983614291b938804a9df6b127
2011-03-19,19.5,19.5,ft^3/s,Approved,[],2025-03-11T21:24:03.840047+00:00,f0d00c4983614291b938804a9df6b127
2011-03-20,19.5,19.5,ft^3/s,Approved,[],2025-03-11T21:24:03.840047+00:00,f0d00c4983614291b938804a9df6b127
2011-03-21,19.7,19.7,ft^3/s,Approved,[],2025-03-11T21:24:03.840047+00:00,f0d00c4983614291b938804a9df6b127
2011-03-22,19.9,19.9,ft^3/s,Approved,[],2025-03-11T21:24:03.840047+00:00,f0d00c4983614291b938804a9df6b127
2011-03-23,19.9,19.9,ft^3/s,Approved,[],2025-03-11T21:24:03.840047+00:00,f0d00c4983614291b938804a9df6b127
2011-03-24,19.0,19.0,ft^3/s,Approved,[],2025-03-11T21:24:03.840047+00:00,f0d00c4983614291b938804a9df6b127
2011-03-25,19.0,19.0,ft^3/s,Approved,[],2025-03-11T21:24:03.840047+00:00,f0d00c4983614291b938804a9df6b127
2011-03-26,19.4,19.4,ft^3/s,Approved,[],2025-03-11T21:24:03.840047+00:00,f0d00c4983614291b938804a9df6b127
2011-03-27,19.9,19.9,ft^3/s,Approved,[],2025-03-11T21:24:03.840047+00:00,f0d00c4983614291b938804a9df6b127
2011-03-28,19.3,19.3,ft^3/s,Approved,[],2025-03-11T21:24:03.840047+00:00,f0d00c4983614291b938804a9df6b127
2011-03-29,19.1,19.1,ft^3/s,Approved,[],2025-03-11T21:24:03.840047+00:00,f0d00c4983614291b938804a9df6b127
2011-03-30,18.1,18.1,ft^3/s,Approved,[],2025-03-11T21:24:03.840047+00:00,f0d00c4983614291b938804a9df6b127
2011-03-31,17.7,17.7,ft^3/s,Approved,[],2025-03-11T21:24:03.840047+00:00,f0d00c4983614291b938804a9df6b127
2011-04-01,17.9,17.9,ft^3/s,Approved,[],2025-03-11T21:24:03.840047+00:00,f0d00c4983614291b938804a9df6b127
2011-04-02,17.7,17.7,ft^3/s,Approved,[],2025-03-11T21:24:03.840047+00:00,f0d00c4983614291b938804a9df6b127
2011-04-03,17.5,17.5,ft^3/s,Approved,[],2025-03-11T21:24:03.840047+00:00,f0d00c4983614291b938804a9df6b127
2011-04-04,17.3,17.3,ft^3/s,Approved,[],2025-03-11T21:24:03.840047+00:00,f0d00c4983614291b938804a9df6b127
2011-04-05,16.3,16.3,ft^3/s,Approved,[],2025-03-11T21:24:03.840047+00:00,f0d00c4983614291b938804a9df6b127
2011-04-06,16.6,16.6,ft^3/s,Approved,[],2025-03-11T21:24:03.840047+00:00,f0d00c4983614291b938804a9df6b127
2011-04-07,16.5,16.5,ft^3/s,Approved,[],2025-03-11T21:24:03.840047+00:00,f0d00c4983614291b938804a9df6b127
2011-04-08,16.5,16.5,ft^3/s,Approved,[],2025-03-11T21:24:03.840047+00:00,f0d00c4983614291b938804a9df6b127
2011-04-09,16.3,16.3,ft^3/s,Approved,[],2025-03-11T21:24:03.840047+00:00,f0d00c4983614291b938804a9df6b127
2011-04-10,16.1,16.1,ft^3/s,Approved,[],2025-03-11T21:24:03.840047+00:00,f0d00c4983614291b938804a9df6b127
2011-04-11,15.9,15.9,ft^3/s,Approved,[],2025-03-11T21:24:03.840047+00:00,f0d00c4983614291b938804a9df6b127
2011-04-12,15.5,15.5,ft^3/s,Approved,[],2025-03-11T21:24:03.840047+00:00,f0d00c4983614291b938804a9df6b127
2011-04-13,15.5,15.5,ft^3/s,Approved,[],2025-03-11T21:24:03.840047+00:00,f0d00c4983614291b938804a9df6b127
2011-04-14,15.9,15.9,ft^3/s,Approved,[],2025-03-11T21:24:03.840047+00:00,f0d00c4983614291b938804a9df6b127
2011-04-15,15.7,15.7,ft^3/s,Approved,[],2025-03-11T21:24:03.840047+00:00,f0d00c4983614291b938804a9df6b127
2011-04-16,15.5,15.5,ft^3/s,Approved,[],2025-03-11T21:24:03.840047+00:00,f0d00c4983614291b938804a9df6b127
2011-04-17,16.1,16.1,ft^3/s,Approved,[],2025-03-11T21:24:03.840047+00:00,f0d00c4983614291b938804a9df6b127
2011-04-18,16.3,16.3,ft^3/s,Approved,[],2025-03-11T21:24:03.840047+00:00,f0d00c4983614291b938804a9df6b127
2011-04-19,15.9,15.9,ft^3/s,Approved,[],2025-03-11T21:24:03.840047+00:00,f0d00c4983614291b938804a9df6b127
2011-04-20,15.8,15.8,ft^3/s,Approved,[],2025-03-11T21:24:03.840047+00:00,f0d00c4983614291b938804a9df6b127
2011-04-21,15.5,15.5,ft^3/s,Approved,[],2025-03-11T21:24:03.840047+00:00,f0d00c4983614291b938804a9df6b127
2011-04-22,15.4,15.4,ft^3/s,Approved,[],2025-03-11T21:24:03.840047+00:00,f0d00c4983614291b938804a9df6b127
2011-04-23,15.1,15.1,ft^3/s,Approved,[],2025-03-11T21:24:03.840047+00:00,f0d00c4983614291b938804a9df6b127
2011-04-24,15.2,15.2,ft^3/s,Approved,[],2025-03-11T21:24:03.840047+00:00,f0d00c4983614291b938804a9df6b127
2011-04-25,15.3,15.3,ft^3/s,Approved,[],2025-03-11T21:24:03.840047+00:00,f0d00c4983614291b938804a9df6b127
2011-04-26,15.2,15.2,ft^3/s,Approved,[],2025-03-11T21:24:03.840047+00:00,f0d00c4983614291b938804a9df6b127
2011-04-27,15.8,15.8,ft^3/s,Approved,[],2025-03-11T21:24:03.840047+00:00,f0d00c4983614291b938804a9df6b127
2011-04-28,15.8,15.8,ft^3/s,Approved,[],2025-03-11T21:24:03.840047+00:00,f0d00c4983614291b938804a9df6b127
2011-04-29,15.9,15.9,ft^3/s,Approved,[],2025-03-11T21:24:03.840047+00:00,f0d00c4983614291b938804a9df6b127
2011-04-30,16.0,16.0,ft^3/s,Approved,[],2025-03-11T21:24:03.840047+00:00,f0d00c4983614291b938804a9df6b127
2011-05-01,16.0,16.0,ft^3/s,Approved,[],2025-03-11T21:24:03.840047+00:00,f0d00c4983614291b938804a9df6b127
2011-05-02,15.1,15.1,ft^3/s,Approved,[],2025-03-11T21:24:03.840047+00:00,f0d00c4983614291b938804a9df6b127
2011-05-03,14.9,14.9,ft^3/s,Approved,[],2025-03-11T21:24:03.840047+00:00,f0d00c4983614291b938804a9df6b127
2011-05-04,14.8,14.8,ft^3/s,Approved,[],2025-03-11T21:24:03.840047+00:00,f0d00c4983614291b938804a9df6b127
2011-05-05,14.8,14.8,ft^3/s,Approved,[],2025-03-11T21:24:03.840047+00:00,f0d00c4983614291b938804a9df6b127
2011-05-06,14.8,14.8,ft^3/s,Approved,[],2025-03-11T21:24:03.840047+00:00,f0d00c4983614291b938804a9df6b127
2011-05-07,15.1,15.1,ft^3/s,Approved,[],2025-03-11T21:24:03.840047+00:00,f0d00c4983614291b938804a9df6b127
2011-05-08,15.4,15.4,ft^3/s,Approved,[],2025-03-11T21:24:03.840047+00:00,f0d00c4983614291b938804a9df6b127
2011-05-09,15.5,15.5,ft^3/s,Approved,"[""ESTIMATED""]",2025-11-21T16:34:19.961837+00:00,f0d00c4983614291b938804a9df6b127
2011-05-10,15.4,15.4,ft^3/s,Approved,"[""ESTIMATED""]",2025-03-11T21:24:03.840047+00:00,f0d00c4983614291b938804a9df6b127
2011-05-11,15.3,15.3,ft^3/s,Approved,"[""ESTIMATED""]",2025-03-11T21:24:03.840047+00:00,f0d00c4983614291b938804a9df6b127
2011-05-12,15.4,15.4,ft^3/s,Approved,"[""ESTIMATED""]",2025-03-11T21:24:03.840047+00:00,f0d00c4983614291b938804a9df6b127
2011-05-13,15.3,15.3,ft^3/s,Approved,"[""ESTIMATED""]",2025-03-11T21:24:03.840047+00:00,f0d00c4983614291b938804a9df6b127
2011-05-14,15.1,15.1,ft^3/s,Approved,"[""ESTIMATED""]",2025-03-11T21:24:03.840047+00:00,f0d00c4983614291b938804a9df6b127
2011-05-15,15.1,15.1,ft^3/s,Approved,"[""ESTIMATED""]",2025-03-11T21:24:03.840047+00:00,f0d00c4983614291b938804a9df6b127
2011-05-16,14.8,14.8,ft^3/s,Approved,"[""ESTIMATED""]",2025-03-11T21:24:03.840047+00:00,f0d00c4983614291b938804a9df6b127
2011-05-17,14.8,14.8,ft^3/s,Approved,"[""ESTIMATED""]",2025-03-11T21:24:03.840047+00:00,f0d00c4983614291b938804a9df6b127
2011-05-18,14.7,14.7,ft^3/s,Approved,"[""ESTIMATED""]",2025-03-11T21:24:03.840047+00:00,f0d00c4983614291b938804a9df6b127
2011-05-19,14.6,14.6,ft^3/s,Approved,"[""ESTIMATED""]",2025-03-11T21:24:03.840047+00:00,f0d00c4983614291b938804a9df6b127
2011-05-20,14.7,14.7,ft^3/s,Approved,"[""ESTIMATED""]",2025-03-11T21:24:03.840047+00:00,f0d00c4983614291b938804a9df6b127
2011-05-21,15.0,15.0,ft^3/s,Approved,"[""ESTIMATED""]",2025-03-11T21:24:03.840047+00:00,f0d00c4983614291b938804a9df6b127
2011-05-22,14.3,14.3,ft^3/s,Approved,"[""ESTIMATED""]",2025-03-11T21:24:03.840047+00:00,f0d00c4983614291b938804a9df6b127
2011-05-23,14.2,14.2,ft^3/s,Approved,"[""ESTIMATED""]",2025-03-11T21:24:03.840047+00:00,f0d00c4983614291b938804a9df6b127
2011-05-24,14.2,14.2,ft^3/s,Approved,"[""ESTIMATED""]",2025-03-11T21:24:03.840047+00:00,f0d00c4983614291b938804a9df6b127
2011-05-25,13.9,13.9,ft^3/s,Approved,"[""ESTIMATED""]",2025-03-11T21:24:03.840047+00:00,f0d00c4983614291b938804a9df6b127
2011-05-26,13.7,13.7,ft^3/s,Approved,"[""ESTIMATED""]",2025-03-11T21:24:03.840047+00:00,f0d00c4983614291b938804a9df6b127
2011-05-27,13.7,13.7,ft^3/s,Approved,"[""ESTIMATED""]",2025-03-11T21:24:03.840047+00:00,f0d00c4983614291b938804a9df6b127
2011-05-28,13.6,13.6,ft^3/s,Approved,"[""ESTIMATED""]",2025-11-21T16:34:19.961837+00:00,f0d00c4983614291b938804a9df6b127
2011-05-29,12.7,12.7,ft^3/s,Approved,[],2025-11-21T16:34:19.961837+00:00,f0d00c4983614291b938804a9df6b127
2011-05-30,12.7,12.7,ft^3/s,Approved,[],2025-03-11T21:24:03.840047+00:00,f0d00c4983614291b938804a9df6b127
2011-05-31,13.3,13.3,ft^3/s,Approved,"[""ESTIMATED""]",2025-11-21T16:34:19.961837+00:00,f0d00c4983614291b938804a9df6b127
2011-06-01,13.1,13.1,ft^3/s,Approved,"[""ESTIMATED""]",2025-03-11T21:24:03.840047+00:00,f0d00c4983614291b938804a9df6b127
2011-06-02,13.0,13.0,ft^3/s,Approved,[],2025-11-21T16:34:19.961837+00:00,f0d00c4983614291b938804a9df6b127
2011-06-03,11.8,11.8,ft^3/s,Approved,[],2025-03-11T21:24:03.840047+00:00,f0d00c4983614291b938804a9df6b127
2011-06-04,11.3,11.3,ft^3/s,Approved,[],2025-03-11T21:24:03.840047+00:00,f0d00c4983614291b938804a9df6b127
2011-06-05,11.5,11.5,ft^3/s,Approved,[],2025-03-11T21:24:03.840047+00:00,f0d00c4983614291b938804a9df6b127
2011-06-06,11.4,11.4,ft^3/s,Approved,[],2025-03-11T21:24:03.840047+00:00,f0d00c4983614291b938804a9df6b127
2011-06-07,11.5,11.5,ft^3/s,Approved,[],2025-03-11T21:24:03.840047+00:00,f0d00c4983614291b938804a9df6b127
2011-06-08,11.1,11.1,ft^3/s,Approved,[],2025-03-11T21:24:03.840047+00:00,f0d00c4983614291b938804a9df6b127
2011-06-09,10.9,10.9,ft^3/s,Approved,[],2025-03-11T21:24:03.840047+00:00,f0d00c4983614291b938804a9df6b127
2011-06-10,10.9,10.9,ft^3/s,Approved,[],2025-03-11T21:24:03.840047+00:00,f0d00c4983614291b938804a9df6b127
2011-06-11,10.8,10.8,ft^3/s,Approved,[],2025-03-11T21:24:03.840047+00:00,f0d00c4983614291b938804a9df6b127
2011-06-12,10.6,10.6,ft^3/s,Approved,[],2025-03-11T21:24:03.840047+00:00,f0d00c4983614291b938804a9df6b127
2011-06-13,10.4,10.4,ft^3/s,Approved,[],2025-03-11T21:24:03.840047+00:00,f0d00c4983614291b938804a9df6b127
2011-06-14,10.4,10.4,ft^3/s,Approved,[],2025-03-11T21:24:03.840047+00:00,f0d00c4983614291b938804a9df6b127
2011-06-15,10.0,10.0,ft^3/s,Approved,[],2025-03-11T21:24:03.840047+00:00,f0d00c4983614291b938804a9df6b127
2011-06-16,9.98,9.98,ft^3/s,Approved,[],2025-03-11T21:24:03.840047+00:00,f0d00c4983614291b938804a9df6b127
2011-06-17,9.77,9.77,ft^3/s,Approved,[],2025-03-11T21:24:03.840047+00:00,f0d00c4983614291b938804a9df6b127
2011-06-18,9.78,9.78,ft^3/s,Approved,[],2025-03-11T21:24:03.840047+00:00,f0d00c4983614291b938804a9df6b127
2011-06-19,9.61,9.61,ft^3/s,Approved,[],2025-03-11T21:24:03.840047+00:00,f0d00c4983614291b938804a9df6b127
2011-06-20,9.26,9.26,ft^3/s,Approved,[],2025-03-11T21:24:03.840047+00:00,f0d00c4983614291b938804a9df6b127
2011-06-21,9.13,9.13,ft^3/s,Approved,[],2025-03-11T21:24:03.840047+00:00,f0d00c4983614291b938804a9df6b127
2011-06-22,11.8,11.8,ft^3/s,Approved,[],2025-03-11T21:24:03.840047+00:00,f0d00c4983614291b938804a9df6b127
2011-06-23,13.0,13.0,ft^3/s,Approved,[],2025-03-11T21:24:03.840047+00:00,f0d00c4983614291b938804a9df6b127
2011-06-24,12.2,12.2,ft^3/s,Approved,[],2025-03-11T21:24:03.840047+00:00,f0d00c4983614291b938804a9df6b127
2011-06-25,11.6,11.6,ft^3/s,Approved,[],2025-03-11T21:24:03.840047+00:00,f0d00c4983614291b938804a9df6b127
2011-06-26,10.7,10.7,ft^3/s,Approved,[],2025-03-11T21:24:03.840047+00:00,f0d00c4983614291b938804a9df6b127
2011-06-27,10.8,10.8,ft^3/s,Approved,[],2025-03-11T21:24:03.840047+00:00,f0d00c4983614291b938804a9df6b127
2011-06-28,11.1,11.1,ft^3/s,Approved,[],2025-03-11T21:24:03.840047+00:00,f0d00c4983614291b938804a9df6b127
2011-06-29,10.8,10.8,ft^3/s,Approved,[],2025-03-11T21:24:03.840047+00:00,f0d00c4983614291b938804a9df6b127
2011-06-30,10.2,10.2,ft^3/s,Approved,[],2025-03-11T21:24:03.840047+00:00,f0d00c4983614291b938804a9df6b127
2011-07-01,10.0,10.0,ft^3/s,Approved,[],2025-03-11T21:24:03.840047+00:00,f0d00c4983614291b938804a9df6b127
2011-07-02,9.92,9.92,ft^3/s,Approved,[],2025-03-11T21:24:03.840047+00:00,f0d00c4983614291b938804a9df6b127
2011-07-03,10.0,10.0,ft^3/s,Approved,[],2025-03-11T21:24:03.840047+00:00,f0d00c4983614291b938804a9df6b127
2011-07-04,9.75,9.75,ft^3/s,Approved,[],2025-03-11T21:24:03.840047+00:00,f0d00c4983614291b938804a9df6b127
2011-07-05,9.61,9.61,ft^3/s,Approved,[],2025-03-11T21:24:03.840047+00:00,f0d00c4983614291b938804a9df6b127
2011-07-06,9.15,9.15,ft^3/s,Approved,[],2025-03-11T21:24:03.840047+00:00,f0d00c4983614291b938804a9df6b127
2011-07-07,8.75,8.75,ft^3/s,Approved,[],2025-03-11T21:24:03.840047+00:00,f0d00c4983614291b938804a9df6b127
2011-07-08,8.56,8.56,ft^3/s,Approved,[],2025-03-11T21:24:03.840047+00:00,f0d00c4983614291b938804a9df6b127
2011-07-09,8.54,8.54,ft^3/s,Approved,[],2025-03-11T21:24:03.840047+00:00,f0d00c4983614291b938804a9df6b127
2011-07-10,8.52,8.52,ft^3/s,Approved,[],2025-03-11T21:24:03.840047+00:00,f0d00c4983614291b938804a9df6b127
2011-07-11,7.98,7.98,ft^3/s,Approved,[],2025-03-11T21:24:03.840047+00:00,f0d00c4983614291b938804a9df6b127
2011-07-12,7.68,7.68,ft^3/s,Approved,[],2025-03-11T21:24:03.840047+00:00,f0d00c4983614291b938804a9df6b127
2011-07-13,7.54,7.54,ft^3/s,Approved,[],2025-03-11T21:24:03.840047+00:00,f0d00c4983614291b938804a9df6b127
2011-07-14,7.41,7.41,ft^3/s,Approved,[],2025-03-11T21:24:03.840047+00:00,f0d00c4983614291b938804a9df6b127
2011-07-15,7.02,7.02,ft^3/s,Approved,[],2025-03-11T21:24:03.840047+00:00,f0d00c4983614291b938804a9df6b127
2011-07-16,7.11,7.11,ft^3/s,Approved,[],2025-03-11T21:24:03.840047+00:00,f0d00c4983614291b938804a9df6b127
2011-07-17,6.98,6.98,ft^3/s,Approved,[],2025-03-11T21:24:03.840047+00:00,f0d00c4983614291b938804a9df6b127
2011-07-18,7.78,7.78,ft^3/s,Approved,[],2025-03-11T21:24:03.840047+00:00,f0d00c4983614291b938804a9df6b127
2011-07-19,7.93,7.93,ft^3/s,Approved,[],2025-03-11T21:24:03.840047+00:00,f0d00c4983614291b938804a9df6b127
2011-07-20,8.07,8.07,ft^3/s,Approved,[],2025-03-11T21:24:03.840047+00:00,f0d00c4983614291b938804a9df6b127
2011-07-21,7.29,7.29,ft^3/s,Approved,[],2025-03-11T21:24:03.840047+00:00,f0d00c4983614291b938804a9df6b127
2011-07-22,6.48,6.48,ft^3/s,Approved,[],2025-03-11T21:24:03.840047+00:00,f0d00c4983614291b938804a9df6b127
2011-07-23,5.94,5.94,ft^3/s,Approved,[],2025-03-11T21:24:03.840047+00:00,f0d00c4983614291b938804a9df6b127
2011-07-24,5.27,5.27,ft^3/s,Approved,[],2025-03-11T21:24:03.840047+00:00,f0d00c4983614291b938804a9df6b127
2011-07-25,4.78,4.78,ft^3/s,Approved,[],2025-03-11T21:24:03.840047+00:00,f0d00c4983614291b938804a9df6b127
2011-07-26,4.37,4.37,ft^3/s,Approved,[],2025-03-11T21:24:03.840047+00:00,f0d00c4983614291b938804a9df6b127
2011-07-27,4.01,4.01,ft^3/s,Approved,[],2025-03-11T21:24:03.840047+00:00,f0d00c4983614291b938804a9df6b127
2011-07-28,3.86,3.86,ft^3/s,Approved,[],2025-03-11T21:24:03.840047+00:00,f0d00c4983614291b938804a9df6b127
2011-07-29,3.62,3.62,ft^3/s,Approved,[],2025-03-11T21:24:03.840047+00:00,f0d00c4983614291b938804a9df6b127
2011-07-30,3.45,3.45,ft^3/s,Approved,[],2025-03-11T21:24:03.840047+00:00,f0d00c4983614291b938804a9df6b127
2011-07-31,3.43,3.43,ft^3/s,Approved,[],2025-03-11T21:24:03.840047+00:00,f0d00c4983614291b938804a9df6b127
2011-08-01,3.31,3.31,ft^3/s,Approved,[],2025-03-11T21:24:03.840047+00:00,f0d00c4983614291b938804a9df6b127
2011-08-02,3.11,3.11,ft^3/s,Approved,[],2025-03-11T21:24:03.840047+00:00,f0d00c4983614291b938804a9df6b127
2011-08-03,3.02,3.02,ft^3/s,Approved,[],2025-03-11T21:24:03.840047+00:00,f0d00c4983614291b938804a9df6b127
2011-08-04,3.03,3.03,ft^3/s,Approved,[],2025-03-11T21:24:03.840047+00:00,f0d00c4983614291b938804a9df6b127
2011-08-05,2.86,2.86,ft^3/s,Approved,[],2025-03-11T21:24:03.840047+00:00,f0d00c4983614291b938804a9df6b127
2011-08-06,2.79,2.79,ft^3/s,Approved,[],2025-03-11T21:24:03.840047+00:00,f0d00c4983614291b938804a9df6b127
2011-08-07,2.74,2.74,ft^3/s,Approved,[],2025-03-11T21:24:03.840047+00:00,f0d00c4983614291b938804a9df6b127
2011-08-08,2.78,2.78,ft^3/s,Approved,[],2025-03-11T21:24:03.840047+00:00,f0d00c4983614291b938804a9df6b127
2011-08-09,2.67,2.67,ft^3/s,Approved,[],2025-03-11T21:24:03.840047+00:00,f0d00c4983614291b938804a9df6b127
2011-08-10,2.57,2.57,ft^3/s,Approved,[],2025-03-11T21:24:03.840047+00:00,f0d00c4983614291b938804a9df6b127
2011-08-11,2.18,2.18,ft^3/s,Approved,[],2025-03-11T21:24:03.840047+00:00,f0d00c4983614291b938804a9df6b127
2011-08-12,1.94,1.94,ft^3/s,Approved,[],2025-03-11T21:24:03.840047+00:00,f0d00c4983614291b938804a9df6b127
2011-08-13,1.79,1.79,ft^3/s,Approved,[],2025-03-11T21:24:03.840047+00:00,f0d00c4983614291b938804a9df6b127
2011-08-14,1.66,1.66,ft^3/s,Approved,[],2025-03-11T21:24:03.840047+00:00,f0d00c4983614291b938804a9df6b127
2011-08-15,1.7,1.70,ft^3/s,Approved,[],2025-03-11T21:24:03.840047+00:00,f0d00c4983614291b938804a9df6b127
2011-08-16,1.6,1.60,ft^3/s,Approved,[],2025-03-11T21:24:03.840047+00:00,f0d00c4983614291b938804a9df6b127
2011-08-17,1.59,1.59,ft^3/s,Approved,[],2025-03-11T21:24:03.840047+00:00,f0d00c4983614291b938804a9df6b127
2011-08-18,1.29,1.29,ft^3/s,Approved,[],2025-03-11T21:24:03.840047+00:00,f0d00c4983614291b938804a9df6b127
2011-08-19,1.18,1.18,ft^3/s,Approved,[],2025-03-11T21:24:03.840047+00:00,f0d00c4983614291b938804a9df6b127
2011-08-20,1.66,1.66,ft^3/s,Approved,[],2025-03-11T21:24:03.840047+00:00,f0d00c4983614291b938804a9df6b127
2011-08-21,1.24,1.24,ft^3/s,Approved,[],2025-03-11T21:24:03.840047+00:00,f0d00c4983614291b938804a9df6b127
2011-08-22,0.93,0.93,ft^3/s,Approved,[],2025-03-11T21:24:03.840047+00:00,f0d00c4983614291b938804a9df6b127
2011-08-23,0.99,0.99,ft^3/s,Approved,[],2025-03-11T21:24:03.840047+00:00,f0d00c4983614291b938804a9df6b127
2011-08-24,0.95,0.95,ft^3/s,Approved,[],2025-03-11T21:24:03.840047+00:00,f0d00c4983614291b938804a9df6b127
2011-08-25,0.66,0.66,ft^3/s,Approved,[],2025-03-11T21:24:03.840047+00:00,f0d00c4983614291b938804a9df6b127
2011-08-26,0.52,0.52,ft^3/s,Approved,[],2025-03-11T21:24:03.840047+00:00,f0d00c4983614291b938804a9df6b127
2011-08-27,0.17,0.17,ft^3/s,Approved,[],2025-03-11T21:24:03.840047+00:00,f0d00c4983614291b938804a9df6b127
2011-08-28,0.15,0.15,ft^3/s,Approved,[],2025-03-11T21:24:03.840047+00:00,f0d00c4983614291b938804a9df6b127
2011-08-29,0.13,0.13,ft^3/s,Approved,[],2025-03-11T21:24:03.840047+00:00,f0d00c4983614291b938804a9df6b127
2011-08-30,0.11,0.11,ft^3/s,Approved,[],2025-03-11T21:24:03.840047+00:00,f0d00c4983614291b938804a9df6b127
2011-08-31,0.06,0.06,ft^3/s,Approved,[],2025-03-11T21:24:03.840047+00:00,f0d00c4983614291b938804a9df6b127
2011-09-01,0.04,0.04,ft^3/s,Approved,[],2025-03-11T21:24:03.840047+00:00,f0d00c4983614291b938804a9df6b127
2011-09-02,0.03,0.03,ft^3/s,Approved,[],2025-03-11T21:24:03.840047+00:00,f0d00c4983614291b938804a9df6b127
2011-09-03,0.02,0.02,ft^3/s,Approved,[],2025-03-11T21:24:03.840047+00:00,f0d00c4983614291b938804a9df6b127
2011-09-04,0.01,0.01,ft^3/s,Approved,[],2025-03-11T21:24:03.840047+00:00,f0d00c4983614291b938804a9df6b127
2011-09-05,0.0,0.00,ft^3/s,Approved,[],2025-03-11T21:24:03.840047+00:00,f0d00c4983614291b938804a9df6b127
2011-09-06,0.0,0.00,ft^3/s,Approved,[],2025-03-11T21:24:03.840047+00:00,f0d00c4983614291b938804a9df6b127
2011-09-07,0.0,0.00,ft^3/s,Approved,[],2025-03-11T21:24:03.840047+00:00,f0d00c4983614291b938804a9df6b127
2011-09-08,0.0,0.00,ft^3/s,Approved,[],2025-03-11T21:24:03.840047+00:00,f0d00c4983614291b938804a9df6b127
2011-09-09,0.0,0.00,ft^3/s,Approved,[],2025-03-11T21:24:03.840047+00:00,f0d00c4983614291b938804a9df6b127
2011-09-10,0.0,0.00,ft^3/s,Approved,[],2025-03-11T21:24:03.840047+00:00,f0d00c4983614291b938804a9df6b127
2011-09-11,0.0,0.00,ft^3/s,Approved,[],2025-03-11T21:24:03.840047+00:00,f0d00c4983614291b938804a9df6b127
2011-09-12,0.0,0.00,ft^3/s,Approved,[],2025-03-11T21:24:03.840047+00:00,f0d00c4983614291b938804a9df6b127
2011-09-13,0.0,0.00,ft^3/s,Approved,[],2025-03-11T21:24:03.840047+00:00,f0d00c4983614291b938804a9df6b127
2011-09-14,0.0,0.00,ft^3/s,Approved,[],2025-03-11T21:24:03.840047+00:00,f0d00c4983614291b938804a9df6b127
2011-09-15,0.0,0.00,ft^3/s,Approved,[],2025-03-11T21:24:03.840047+00:00,f0d00c4983614291b938804a9df6b127
2011-09-16,0.0,0.00,ft^3/s,Approved,[],2025-03-11T21:24:03.840047+00:00,f0d00c4983614291b938804a9df6b127
2011-09-17,0.01,0.01,ft^3/s,Approved,[],2025-03-11T21:24:03.840047+00:00,f0d00c4983614291b938804a9df6b127
2011-09-18,2.03,2.03,ft^3/s,Approved,[],2025-03-11T21:24:03.840047+00:00,f0d00c4983614291b938804a9df6b127
2011-09-19,9.47,9.47,ft^3/s,Approved,[],2025-03-11T21:24:03.840047+00:00,f0d00c4983614291b938804a9df6b127
2011-09-20,8.86,8.86,ft^3/s,Approved,[],2025-03-11T21:24:03.840047+00:00,f0d00c4983614291b938804a9df6b127
2011-09-21,6.23,6.23,ft^3/s,Approved,[],2025-03-11T21:24:03.840047+00:00,f0d00c4983614291b938804a9df6b127
2011-09-22,3.72,3.72,ft^3/s,Approved,[],2025-03-11T21:24:03.840047+00:00,f0d00c4983614291b938804a9df6b127
2011-09-23,2.99,2.99,ft^3/s,Approved,[],2025-03-11T21:24:03.840047+00:00,f0d00c4983614291b938804a9df6b127
2011-09-24,3.38,3.38,ft^3/s,Approved,[],2025-03-11T21:24:03.840047+00:00,f0d00c4983614291b938804a9df6b127
2011-09-25,4.84,4.84,ft^3/s,Approved,[],2025-03-11T21:24:03.840047+00:00,f0d00c4983614291b938804a9df6b127
2011-09-26,5.02,5.02,ft^3/s,Approved,[],2025-03-11T21:24:03.840047+00:00,f0d00c4983614291b938804a9df6b127
2011-09-27,5.25,5.25,ft^3/s,Approved,[],2025-03-11T21:24:03.840047+00:00,f0d00c4983614291b938804a9df6b127
2011-09-28,6.02,6.02,ft^3/s,Approved,[],2025-03-11T21:24:03.840047+00:00,f0d00c4983614291b938804a9df6b127
2011-09-29,6.23,6.23,ft^3/s,Approved,[],2025-03-11T21:24:03.840047+00:00,f0d00c4983614291b938804a9df6b127
2011-09-30,7.73,7.73,ft^3/s,Approved,[],2025-03-11T21:24:03.840047+00:00,f0d00c4983614291b938804a9df6b127
2011-10-01,9.94,9.94,ft^3/s,Approved,[],2025-03-11T21:24:03.840047+00:00,f0d00c4983614291b938804a9df6b127
2011-10-02,7.65,7.65,ft^3/s,Approved,[],2025-03-11T21:24:03.840047+00:00,f0d00c4983614291b938804a9df6b127
2011-10-03,5.9,5.90,ft^3/s,Approved,[],2025-03-11T21:24:03.840047+00:00,f0d00c4983614291b938804a9df6b127
2011-10-04,6.74,6.74,ft^3/s,Approved,[],2025-03-11T21:24:03.840047+00:00,f0d00c4983614291b938804a9df6b127
2011-10-05,6.71,6.71,ft^3/s,Approved,[],2025-03-11T21:24:03.840047+00:00,f0d00c4983614291b938804a9df6b127
2011-10-06,7.1,7.10,ft^3/s,Approved,[],2025-03-11T21:24:03.840047+00:00,f0d00c4983614291b938804a9df6b127
2011-10-07,6.09,6.09,ft^3/s,Approved,[],2025-03-11T21:24:03.840047+00:00,f0d00c4983614291b938804a9df6b127
2011-10-08,5.3,5.30,ft^3/s,Approved,[],2025-03-11T21:24:03.840047+00:00,f0d00c4983614291b938804a9df6b127
2011-10-09,26.2,26.2,ft^3/s,Approved,[],2025-03-11T21:24:03.840047+00:00,f0d00c4983614291b938804a9df6b127
2011-10-10,37.2,37.2,ft^3/s,Approved,[],2025-03-11T21:24:03.840047+00:00,f0d00c4983614291b938804a9df6b127
2011-10-11,38.0,38.0,ft^3/s,Approved,[],2025-03-11T21:24:03.840047+00:00,f0d00c4983614291b938804a9df6b127
2011-10-12,31.6,31.6,ft^3/s,Approved,[],2025-03-11T21:24:03.840047+00:00,f0d00c4983614291b938804a9df6b127
2011-10-13,24.6,24.6,ft^3/s,Approved,[],2025-03-11T21:24:03.840047+00:00,f0d00c4983614291b938804a9df6b127
2011-10-14,20.2,20.2,ft^3/s,Approved,[],2025-03-11T21:24:03.840047+00:00,f0d00c4983614291b938804a9df6b127
2011-10-15,17.6,17.6,ft^3/s,Approved,[],2025-03-11T21:24:03.840047+00:00,f0d00c4983614291b938804a9df6b127
2011-10-16,17.4,17.4,ft^3/s,Approved,[],2025-03-11T21:24:03.840047+00:00,f0d00c4983614291b938804a9df6b127
2011-10-17,15.5,15.5,ft^3/s,Approved,[],2025-03-11T21:24:03.840047+00:00,f0d00c4983614291b938804a9df6b127
2011-10-18,14.4,14.4,ft^3/s,Approved,[],2025-03-11T21:24:03.840047+00:00,f0d00c4983614291b938804a9df6b127
2011-10-19,13.1,13.1,ft^3/s,Approved,[],2025-03-11T21:24:03.840047+00:00,f0d00c4983614291b938804a9df6b127
2011-10-20,12.3,12.3,ft^3/s,Approved,[],2025-03-11T21:24:03.840047+00:00,f0d00c4983614291b938804a9df6b127
2011-10-21,11.0,11.0,ft^3/s,Approved,[],2025-03-11T21:24:03.840047+00:00,f0d00c4983614291b938804a9df6b127
2011-10-22,10.8,10.8,ft^3/s,Approved,[],2025-03-11T21:24:03.840047+00:00,f0d00c4983614291b938804a9df6b127
2011-10-23,11.4,11.4,ft^3/s,Approved,[],2025-03-11T21:24:03.840047+00:00,f0d00c4983614291b938804a9df6b127
2011-10-24,12.7,12.7,ft^3/s,Approved,[],2025-03-11T21:24:03.840047+00:00,f0d00c4983614291b938804a9df6b127
2011-10-25,11.6,11.6,ft^3/s,Approved,[],2025-03-11T21:24:03.840047+00:00,f0d00c4983614291b938804a9df6b127
2011-10-26,10.2,10.2,ft^3/s,Approved,[],2025-03-11T21:24:03.840047+00:00,f0d00c4983614291b938804a9df6b127
2011-10-27,9.96,9.96,ft^3/s,Approved,[],2025-03-11T21:24:03.840047+00:00,f0d00c4983614291b938804a9df6b127
2011-10-28,9.2,9.20,ft^3/s,Approved,[],2025-03-11T21:24:03.840047+00:00,f0d00c4983614291b938804a9df6b127
2011-10-29,8.89,8.89,ft^3/s,Approved,[],2025-03-11T21:24:03.840047+00:00,f0d00c4983614291b938804a9df6b127
2011-10-30,8.91,8.91,ft^3/s,Approved,[],2025-03-11T21:24:03.840047+00:00,f0d00c4983614291b938804a9df6b127
2011-10-31,8.81,8.81,ft^3/s,Approved,[],2025-03-11T21:24:03.840047+00:00,f0d00c4983614291b938804a9df6b127
2011-11-01,9.2,9.20,ft^3/s,Approved,[],2025-03-11T21:24:03.840047+00:00,f0d00c4983614291b938804a9df6b127
2011-11-02,10.1,10.1,ft^3/s,Approved,[],2025-03-11T21:24:03.840047+00:00,f0d00c4983614291b938804a9df6b127
2011-11-03,10.5,10.5,ft^3/s,Approved,[],2025-03-11T21:24:03.840047+00:00,f0d00c4983614291b938804a9df6b127
2011-11-04,9.47,9.47,ft^3/s,Approved,[],2025-03-11T21:24:03.840047+00:00,f0d00c4983614291b938804a9df6b127
2011-11-05,8.62,8.62,ft^3/s,Approved,[],2025-03-11T21:24:03.840047+00:00,f0d00c4983614291b938804a9df6b127
2011-11-06,9.24,9.24,ft^3/s,Approved,[],2025-03-11T21:24:03.840047+00:00,f0d00c4983614291b938804a9df6b127
2011-11-07,9.1,9.10,ft^3/s,Approved,[],2025-03-11T21:24:03.840047+00:00,f0d00c4983614291b938804a9df6b127
2011-11-08,9.38,9.38,ft^3/s,Approved,[],2025-03-11T21:24:03.840047+00:00,f0d00c4983614291b938804a9df6b127
2011-11-09,8.75,8.75,ft^3/s,Approved,[],2025-03-11T21:24:03.840047+00:00,f0d00c4983614291b938804a9df6b127
2011-11-10,8.41,8.41,ft^3/s,Approved,[],2025-03-11T21:24:03.840047+00:00,f0d00c4983614291b938804a9df6b127
2011-11-11,8.28,8.28,ft^3/s,Approved,[],2025-03-11T21:24:03.840047+00:00,f0d00c4983614291b938804a9df6b127
2011-11-12,8.84,8.84,ft^3/s,Approved,[],2025-03-11T21:24:03.840047+00:00,f0d00c4983614291b938804a9df6b127
2011-11-13,9.51,9.51,ft^3/s,Approved,[],2025-03-11T21:24:03.840047+00:00,f0d00c4983614291b938804a9df6b127
2011-11-14,10.7,10.7,ft^3/s,Approved,[],2025-03-11T21:24:03.840047+00:00,f0d00c4983614291b938804a9df6b127
2011-11-15,11.0,11.0,ft^3/s,Approved,[],2025-03-11T21:24:03.840047+00:00,f0d00c4983614291b938804a9df6b127
2011-11-16,12.2,12.2,ft^3/s,Approved,[],2025-03-11T21:24:03.840047+00:00,f0d00c4983614291b938804a9df6b127
2011-11-17,11.6,11.6,ft^3/s,Approved,[],2025-03-11T21:24:03.840047+00:00,f0d00c4983614291b938804a9df6b127
2011-11-18,11.2,11.2,ft^3/s,Approved,[],2025-03-11T21:24:03.840047+00:00,f0d00c4983614291b938804a9df6b127
2011-11-19,11.7,11.7,ft^3/s,Approved,[],2025-03-11T21:24:03.840047+00:00,f0d00c4983614291b938804a9df6b127
2011-11-20,11.8,11.8,ft^3/s,Approved,[],2025-03-11T21:24:03.840047+00:00,f0d00c4983614291b938804a9df6b127
2011-11-21,11.7,11.7,ft^3/s,Approved,[],2025-03-11T21:24:03.840047+00:00,f0d00c4983614291b938804a9df6b127
2011-11-22,12.1,12.1,ft^3/s,Approved,[],2025-03-11T21:24:03.840047+00:00,f0d00c4983614291b938804a9df6b127
2011-11-23,11.4,11.4,ft^3/s,Approved,[],2025-03-11T21:24:03.840047+00:00,f0d00c4983614291b938804a9df6b127
2011-11-24,11.4,11.4,ft^3/s,Approved,[],2025-03-11T21:24:03.840047+00:00,f0d00c4983614291b938804a9df6b127
2011-11-25,11.8,11.8,ft^3/s,Approved,[],2025-03-11T21:24:03.840047+00:00,f0d00c4983614291b938804a9df6b127
2011-11-26,15.4,15.4,ft^3/s,Approved,[],2025-03-11T21:24:03.840047+00:00,f0d00c4983614291b938804a9df6b127
2011-11-27,19.6,19.6,ft^3/s,Approved,[],2025-03-11T21:24:03.840047+00:00,f0d00c4983614291b938804a9df6b127
2011-11-28,16.0,16.0,ft^3/s,Approved,[],2025-03-11T21:24:03.840047+00:00,f0d00c4983614291b938804a9df6b127
2011-11-29,14.8,14.8,ft^3/s,Approved,[],2025-03-11T21:24:03.840047+00:00,f0d00c4983614291b938804a9df6b127
2011-11-30,13.9,13.9,ft^3/s,Approved,[],2025-03-11T21:24:03.840047+00:00,f0d00c4983614291b938804a9df6b127
2011-12-01,13.5,13.5,ft^3/s,Approved,[],2025-03-11T21:24:03.840047+00:00,f0d00c4983614291b938804a9df6b127
2011-12-02,13.1,13.1,ft^3/s,Approved,[],2025-03-11T21:24:03.840047+00:00,f0d00c4983614291b938804a9df6b127
2011-12-03,15.8,15.8,ft^3/s,Approved,[],2025-03-11T21:24:03.840047+00:00,f0d00c4983614291b938804a9df6b127
2011-12-04,19.0,19.0,ft^3/s,Approved,[],2025-03-11T21:24:03.840047+00:00,f0d00c4983614291b938804a9df6b127
2011-12-05,28.0,28.0,ft^3/s,Approved,[],2025-03-11T21:24:03.840047+00:00,f0d00c4983614291b938804a9df6b127
2011-12-06,30.4,30.4,ft^3/s,Approved,[],2025-03-11T21:24:03.840047+00:00,f0d00c4983614291b938804a9df6b127
2011-12-07,31.5,31.5,ft^3/s,Approved,[],2025-03-11T21:24:03.840047+00:00,f0d00c4983614291b938804a9df6b127
2011-12-08,33.8,33.8,ft^3/s,Approved,[],2025-03-11T21:24:03.840047+00:00,f0d00c4983614291b938804a9df6b127
2011-12-09,24.0,24.0,ft^3/s,Approved,[],2025-03-11T21:24:03.840047+00:00,f0d00c4983614291b938804a9df6b127
2011-12-10,16.4,16.4,ft^3/s,Approved,[],2025-03-11T21:24:03.840047+00:00,f0d00c4983614291b938804a9df6b127
2011-12-11,21.3,21.3,ft^3/s,Approved,[],2025-03-11T21:24:03.840047+00:00,f0d00c4983614291b938804a9df6b127
2011-12-12,22.5,22.5,ft^3/s,Approved,[],2025-03-11T21:24:03.840047+00:00,f0d00c4983614291b938804a9df6b127
2011-12-13,21.1,21.1,ft^3/s,Approved,[],2025-03-11T21:24:03.840047+00:00,f0d00c4983614291b938804a9df6b127
2011-12-14,21.0,21.0,ft^3/s,Approved,[],2025-03-11T21:24:03.840047+00:00,f0d00c4983614291b938804a9df6b127
2011-12-15,22.9,22.9,ft^3/s,Approved,[],2025-03-11T21:24:03.840047+00:00,f0d00c4983614291b938804a9df6b127
2011-12-16,27.4,27.4,ft^3/s,Approved,[],2025-03-11T21:24:03.840047+00:00,f0d00c4983614291b938804a9df6b127
2011-12-17,25.3,25.3,ft^3/s,Approved,[],2025-03-11T21:24:03.840047+00:00,f0d00c4983614291b938804a9df6b127
2011-12-18,23.7,23.7,ft^3/s,Approved,[],2025-03-11T21:24:03.840047+00:00,f0d00c4983614291b938804a9df6b127
2011-12-19,25.2,25.2,ft^3/s,Approved,[],2025-03-11T21:24:03.840047+00:00,f0d00c4983614291b938804a9df6b127
2011-12-20,28.8,28.8,ft^3/s,Approved,[],2025-03-11T21:24:03.840047+00:00,f0d00c4983614291b938804a9df6b127
2011-12-21,25.9,25.9,ft^3/s,Approved,[],2025-03-11T21:24:03.840047+00:00,f0d00c4983614291b938804a9df6b127
2011-12-22,33.8,33.8,ft^3/s,Approved,[],2025-03-11T21:24:03.840047+00:00,f0d00c4983614291b938804a9df6b127
2011-12-23,36.3,36.3,ft^3/s,Approved,[],2025-03-11T21:24:03.840047+00:00,f0d00c4983614291b938804a9df6b127
2011-12-24,33.8,33.8,ft^3/s,Approved,[],2025-03-11T21:24:03.840047+00:00,f0d00c4983614291b938804a9df6b127
2011-12-25,31.8,31.8,ft^3/s,Approved,[],2025-03-11T21:24:03.840047+00:00,f0d00c4983614291b938804a9df6b127
2011-12-26,30.3,30.3,ft^3/s,Approved,[],2025-03-11T21:24:03.840047+00:00,f0d00c4983614291b938804a9df6b127
2011-12-27,27.9,27.9,ft^3/s,Approved,[],2025-03-11T21:24:03.840047+00:00,f0d00c4983614291b938804a9df6b127
2011-12-28,26.4,26.4,ft^3/s,Approved,[],2025-03-11T21:24:03.840047+00:00,f0d00c4983614291b938804a9df6b127
2011-12-29,25.6,25.6,ft^3/s,Approved,[],2025-03-11T21:24:03.840047+00:00,f0d00c4983614291b938804a9df6b127
2011-12-30,23.9,23.9,ft^3/s,Approved,[],2025-03-11T21:24:03.840047+00:00,f0d00c4983614291b938804a9df6b127
2011-12-31,22.3,22.3,ft^3/s,Approved,[],2025-03-11T21:24:03.840047+00:00,f0d00c4983614291b938804a9df6b127
2012-01-01,20.7,20.7,ft^3/s,Approved,[],2025-03-11T21:24:03.840047+00:00,f0d00c4983614291b938804a9df6b127
2012-01-02,19.0,19.0,ft^3/s,Approved,[],2025-03-11T21:24:03.840047+00:00,f0d00c4983614291b938804a9df6b127
2012-01-03,18.7,18.7,ft^3/s,Approved,[],2025-03-11T21:24:03.840047+00:00,f0d00c4983614291b938804a9df6b127
2012-01-04,18.9,18.9,ft^3/s,Approved,[],2025-03-11T21:24:03.840047+00:00,f0d00c4983614291b938804a9df6b127
2012-01-05,18.2,18.2,ft^3/s,Approved,[],2025-03-11T21:24:03.840047+00:00,f0d00c4983614291b938804a9df6b127
2012-01-06,18.1,18.1,ft^3/s,Approved,[],2025-03-11T21:24:03.840047+00:00,f0d00c4983614291b938804a9df6b127
2012-01-07,17.9,17.9,ft^3/s,Approved,[],2025-03-11T21:24:03.840047+00:00,f0d00c4983614291b938804a9df6b127
2012-01-08,17.1,17.1,ft^3/s,Approved,[],2025-03-11T21:24:03.840047+00:00,f0d00c4983614291b938804a9df6b127
2012-01-09,16.6,16.6,ft^3/s,Approved,[],2025-03-11T21:24:03.840047+00:00,f0d00c4983614291b938804a9df6b127
2012-01-10,16.4,16.4,ft^3/s,Approved,[],2025-03-11T21:24:03.840047+00:00,f0d00c4983614291b938804a9df6b127
2012-01-11,16.1,16.1,ft^3/s,Approved,[],2025-03-11T21:24:03.840047+00:00,f0d00c4983614291b938804a9df6b127
2012-01-12,16.1,16.1,ft^3/s,Approved,[],2025-03-11T21:24:03.840047+00:00,f0d00c4983614291b938804a9df6b127
2012-01-13,15.3,15.3,ft^3/s,Approved,[],2025-03-11T21:24:03.840047+00:00,f0d00c4983614291b938804a9df6b127
2012-01-14,14.7,14.7,ft^3/s,Approved,[],2025-03-11T21:24:03.840047+00:00,f0d00c4983614291b938804a9df6b127
2012-01-15,14.2,14.2,ft^3/s,Approved,[],2025-03-11T21:24:03.840047+00:00,f0d00c4983614291b938804a9df6b127
2012-01-16,14.4,14.4,ft^3/s,Approved,[],2025-03-11T21:24:03.840047+00:00,f0d00c4983614291b938804a9df6b127
2012-01-17,14.0,14.0,ft^3/s,Approved,[],2025-03-11T21:24:03.840047+00:00,f0d00c4983614291b938804a9df6b127
2012-01-18,13.3,13.3,ft^3/s,Approved,[],2025-03-11T21:24:03.840047+00:00,f0d00c4983614291b938804a9df6b127
2012-01-19,13.4,13.4,ft^3/s,Approved,[],2025-03-11T21:24:03.840047+00:00,f0d00c4983614291b938804a9df6b127
2012-01-20,13.2,13.2,ft^3/s,Approved,[],2025-03-11T21:24:03.840047+00:00,f0d00c4983614291b938804a9df6b127
2012-01-21,13.2,13.2,ft^3/s,Approved,[],2025-03-11T21:24:03.840047+00:00,f0d00c4983614291b938804a9df6b127
2012-01-22,13.3,13.3,ft^3/s,Approved,[],2025-03-11T21:24:03.840047+00:00,f0d00c4983614291b938804a9df6b127
2012-01-23,12.8,12.8,ft^3/s,Approved,[],2025-03-11T21:24:03.840047+00:00,f0d00c4983614291b938804a9df6b127
2012-01-24,12.7,12.7,ft^3/s,Approved,[],2025-03-11T21:24:03.840047+00:00,f0d00c4983614291b938804a9df6b127
2012-01-25,77.7,77.7,ft^3/s,Approved,[],2025-03-11T21:24:03.840047+00:00,f0d00c4983614291b938804a9df6b127
2012-01-26,103.0,103,ft^3/s,Approved,[],2025-03-11T21:24:03.840047+00:00,f0d00c4983614291b938804a9df6b127
2012-01-27,92.3,92.3,ft^3/s,Approved,[],2025-03-11T21:24:03.840047+00:00,f0d00c4983614291b938804a9df6b127
2012-01-28,84.7,84.7,ft^3/s,Approved,[],2025-03-11T21:24:03.840047+00:00,f0d00c4983614291b938804a9df6b127
2012-01-29,76.9,76.9,ft^3/s,Approved,[],2025-03-11T21:24:03.840047+00:00,f0d00c4983614291b938804a9df6b127
2012-01-30,71.8,71.8,ft^3/s,Approved,[],2025-03-11T21:24:03.840047+00:00,f0d00c4983614291b938804a9df6b127
2012-01-31,67.5,67.5,ft^3/s,Approved,[],2025-03-11T21:24:03.840047+00:00,f0d00c4983614291b938804a9df6b127
2012-02-01,66.0,66.0,ft^3/s,Approved,[],2025-03-11T21:24:03.840047+00:00,f0d00c4983614291b938804a9df6b127
2012-02-02,62.4,62.4,ft^3/s,Approved,[],2025-03-11T21:24:03.840047+00:00,f0d00c4983614291b938804a9df6b127
2012-02-03,59.0,59.0,ft^3/s,Approved,[],2025-03-11T21:24:03.840047+00:00,f0d00c4983614291b938804a9df6b127
2012-02-04,58.5,58.5,ft^3/s,Approved,[],2025-03-11T21:24:03.840047+00:00,f0d00c4983614291b938804a9df6b127
2012-02-05,62.2,62.2,ft^3/s,Approved,[],2025-03-11T21:24:03.840047+00:00,f0d00c4983614291b938804a9df6b127
2012-02-06,60.3,60.3,ft^3/s,Approved,[],2025-03-11T21:24:03.840047+00:00,f0d00c4983614291b938804a9df6b127
2012-02-07,58.6,58.6,ft^3/s,Approved,[],2025-03-11T21:24:03.840047+00:00,f0d00c4983614291b938804a9df6b127
2012-02-08,55.4,55.4,ft^3/s,Approved,[],2025-03-11T21:24:03.840047+00:00,f0d00c4983614291b938804a9df6b127
2012-02-09,51.8,51.8,ft^3/s,Approved,[],2025-03-11T21:24:03.840047+00:00,f0d00c4983614291b938804a9df6b127
2012-02-10,48.0,48.0,ft^3/s,Approved,[],2025-03-11T21:24:03.840047+00:00,f0d00c4983614291b938804a9df6b127
2012-02-11,44.3,44.3,ft^3/s,Approved,[],2025-03-11T21:24:03.840047+00:00,f0d00c4983614291b938804a9df6b127
2012-02-12,41.2,41.2,ft^3/s,Approved,[],2025-03-11T21:24:03.840047+00:00,f0d00c4983614291b938804a9df6b127
2012-02-13,40.2,40.2,ft^3/s,Approved,[],2025-03-11T21:24:03.840047+00:00,f0d00c4983614291b938804a9df6b127
2012-02-14,40.0,40.0,ft^3/s,Approved,[],2025-03-11T21:24:03.840047+00:00,f0d00c4983614291b938804a9df6b127
2012-02-15,39.4,39.4,ft^3/s,Approved,[],2025-03-11T21:24:03.840047+00:00,f0d00c4983614291b938804a9df6b127
2012-02-16,38.2,38.2,ft^3/s,Approved,[],2025-03-11T21:24:03.840047+00:00,f0d00c4983614291b938804a9df6b127
2012-02-17,37.4,37.4,ft^3/s,Approved,[],2025-03-11T21:24:03.840047+00:00,f0d00c4983614291b938804a9df6b127
2012-02-18,72.2,72.2,ft^3/s,Approved,[],2025-03-11T21:24:03.840047+00:00,f0d00c4983614291b938804a9df6b127
2012-02-19,99.3,99.3,ft^3/s,Approved,[],2025-03-11T21:24:03.840047+00:00,f0d00c4983614291b938804a9df6b127
2012-02-20,93.7,93.7,ft^3/s,Approved,[],2025-03-11T21:24:03.840047+00:00,f0d00c4983614291b938804a9df6b127
2012-02-21,90.3,90.3,ft^3/s,Approved,[],2025-03-11T21:24:03.840047+00:00,f0d00c4983614291b938804a9df6b127
2012-02-22,88.3,88.3,ft^3/s,Approved,[],2025-03-11T21:24:03.840047+00:00,f0d00c4983614291b938804a9df6b127
2012-02-23,84.0,84.0,ft^3/s,Approved,[],2025-03-11T21:24:03.840047+00:00,f0d00c4983614291b938804a9df6b127
2012-02-24,77.0,77.0,ft^3/s,Approved,[],2025-03-11T21:24:03.840047+00:00,f0d00c4983614291b938804a9df6b127
2012-02-25,69.5,69.5,ft^3/s,Approved,[],2025-03-11T21:24:03.840047+00:00,f0d00c4983614291b938804a9df6b127
2012-02-26,66.3,66.3,ft^3/s,Approved,[],2025-03-11T21:24:03.840047+00:00,f0d00c4983614291b938804a9df6b127
2012-02-27,63.3,63.3,ft^3/s,Approved,[],2025-03-11T21:24:03.840047+00:00,f0d00c4983614291b938804a9df6b127
2012-02-28,60.1,60.1,ft^3/s,Approved,[],2025-03-11T21:24:03.840047+00:00,f0d00c4983614291b938804a9df6b127
2012-02-29,58.3,58.3,ft^3/s,Approved,[],2025-03-11T21:24:03.840047+00:00,f0d00c4983614291b938804a9df6b127
2012-03-01,56.2,56.2,ft^3/s,Approved,[],2025-03-11T21:24:03.840047+00:00,f0d00c4983614291b938804a9df6b127
2012-03-02,55.1,55.1,ft^3/s,Approved,[],2025-03-11T21:24:03.840047+00:00,f0d00c4983614291b938804a9df6b127
2012-03-03,51.6,51.6,ft^3/s,Approved,[],2025-03-11T21:24:03.840047+00:00,f0d00c4983614291b938804a9df6b127
2012-03-04,48.4,48.4,ft^3/s,Approved,[],2025-03-11T21:24:03.840047+00:00,f0d00c4983614291b938804a9df6b127
2012-03-05,45.6,45.6,ft^3/s,Approved,[],2025-03-11T21:24:03.840047+00:00,f0d00c4983614291b938804a9df6b127
2012-03-06,44.1,44.1,ft^3/s,Approved,[],2025-03-11T21:24:03.840047+00:00,f0d00c4983614291b938804a9df6b127
2012-03-07,43.0,43.0,ft^3/s,Approved,[],2025-03-11T21:24:03.840047+00:00,f0d00c4983614291b938804a9df6b127
2012-03-08,42.1,42.1,ft^3/s,Approved,[],2025-03-11T21:24:03.840047+00:00,f0d00c4983614291b938804a9df6b127
2012-03-09,40.1,40.1,ft^3/s,Approved,[],2025-03-11T21:24:03.840047+00:00,f0d00c4983614291b938804a9df6b127
2012-03-10,40.3,40.3,ft^3/s,Approved,[],2025-03-11T21:24:03.840047+00:00,f0d00c4983614291b938804a9df6b127
2012-03-11,50.6,50.6,ft^3/s,Approved,[],2025-03-11T21:24:03.840047+00:00,f0d00c4983614291b938804a9df6b127
2012-03-12,60.9,60.9,ft^3/s,Approved,[],2025-03-11T21:24:03.840047+00:00,f0d00c4983614291b938804a9df6b127
2012-03-13,61.9,61.9,ft^3/s,Approved,[],2025-03-11T21:24:03.840047+00:00,f0d00c4983614291b938804a9df6b127
2012-03-14,61.0,61.0,ft^3/s,Approved,[],2025-03-11T21:24:03.840047+00:00,f0d00c4983614291b938804a9df6b127
2012-03-15,59.8,59.8,ft^3/s,Approved,[],2025-03-11T21:24:03.840047+00:00,f0d00c4983614291b938804a9df6b127
2012-03-16,59.0,59.0,ft^3/s,Approved,[],2025-03-11T21:24:03.840047+00:00,f0d00c4983614291b938804a9df6b127
2012-03-17,58.5,58.5,ft^3/s,Approved,[],2025-03-11T21:24:03.840047+00:00,f0d00c4983614291b938804a9df6b127
2012-03-18,57.5,57.5,ft^3/s,Approved,[],2025-03-11T21:24:03.840047+00:00,f0d00c4983614291b938804a9df6b127
2012-03-19,55.7,55.7,ft^3/s,Approved,[],2025-03-11T21:24:03.840047+00:00,f0d00c4983614291b938804a9df6b127
2012-03-20,97.1,97.1,ft^3/s,Approved,[],2025-03-11T21:24:03.840047+00:00,f0d00c4983614291b938804a9df6b127
2012-03-21,107.0,107,ft^3/s,Approved,[],2025-03-11T21:24:03.840047+00:00,f0d00c4983614291b938804a9df6b127
2012-03-22,99.3,99.3,ft^3/s,Approved,[],2025-03-11T21:24:03.840047+00:00,f0d00c4983614291b938804a9df6b127
2012-03-23,96.0,96.0,ft^3/s,Approved,[],2025-03-11T21:24:03.840047+00:00,f0d00c4983614291b938804a9df6b127
2012-03-24,93.3,93.3,ft^3/s,Approved,[],2025-03-11T21:24:03.840047+00:00,f0d00c4983614291b938804a9df6b127
2012-03-25,91.1,91.1,ft^3/s,Approved,[],2025-03-11T21:24:03.840047+00:00,f0d00c4983614291b938804a9df6b127
2012-03-26,90.6,90.6,ft^3/s,Approved,[],2025-03-11T21:24:03.840047+00:00,f0d00c4983614291b938804a9df6b127
2012-03-27,90.1,90.1,ft^3/s,Approved,[],2025-03-11T21:24:03.840047+00:00,f0d00c4983614291b938804a9df6b127
2012-03-28,89.6,89.6,ft^3/s,Approved,[],2025-03-11T21:24:03.840047+00:00,f0d00c4983614291b938804a9df6b127
2012-03-29,88.3,88.3,ft^3/s,Approved,[],2025-03-11T21:24:03.840047+00:00,f0d00c4983614291b938804a9df6b127
2012-03-30,85.8,85.8,ft^3/s,Approved,[],2025-03-11T21:24:03.840047+00:00,f0d00c4983614291b938804a9df6b127
2012-03-31,83.1,83.1,ft^3/s,Approved,[],2025-03-11T21:24:03.840047+00:00,f0d00c4983614291b938804a9df6b127
2012-04-01,80.1,80.1,ft^3/s,Approved,[],2025-03-11T21:24:03.840047+00:00,f0d00c4983614291b938804a9df6b127
2012-04-02,77.3,77.3,ft^3/s,Approved,[],2025-03-11T21:24:03.840047+00:00,f0d00c4983614291b938804a9df6b127
2012-04-03,74.9,74.9,ft^3/s,Approved,[],2025-03-11T21:24:03.840047+00:00,f0d00c4983614291b938804a9df6b127
2012-04-04,69.5,69.5,ft^3/s,Approved,[],2025-03-11T21:24:03.840047+00:00,f0d00c4983614291b938804a9df6b127
2012-04-05,65.6,65.6,ft^3/s,Approved,[],2025-03-11T21:24:03.840047+00:00,f0d00c4983614291b938804a9df6b127
2012-04-06,63.3,63.3,ft^3/s,Approved,[],2025-03-11T21:24:03.840047+00:00,f0d00c4983614291b938804a9df6b127
2012-04-07,61.0,61.0,ft^3/s,Approved,[],2025-03-11T21:24:03.840047+00:00,f0d00c4983614291b938804a9df6b127
2012-04-08,59.3,59.3,ft^3/s,Approved,[],2025-03-11T21:24:03.840047+00:00,f0d00c4983614291b938804a9df6b127
2012-04-09,57.3,57.3,ft^3/s,Approved,[],2025-03-11T21:24:03.840047+00:00,f0d00c4983614291b938804a9df6b127
2012-04-10,55.5,55.5,ft^3/s,Approved,[],2025-03-11T21:24:03.840047+00:00,f0d00c4983614291b938804a9df6b127
2012-04-11,53.6,53.6,ft^3/s,Approved,[],2025-03-11T21:24:03.840047+00:00,f0d00c4983614291b938804a9df6b127
2012-04-12,52.5,52.5,ft^3/s,Approved,[],2025-03-11T21:24:03.840047+00:00,f0d00c4983614291b938804a9df6b127
2012-04-13,50.8,50.8,ft^3/s,Approved,[],2025-03-11T21:24:03.840047+00:00,f0d00c4983614291b938804a9df6b127
2012-04-14,49.7,49.7,ft^3/s,Approved,[],2025-03-11T21:24:03.840047+00:00,f0d00c4983614291b938804a9df6b127
2012-04-15,48.7,48.7,ft^3/s,Approved,[],2025-03-11T21:24:03.840047+00:00,f0d00c4983614291b938804a9df6b127
2012-04-16,46.7,46.7,ft^3/s,Approved,[],2025-03-11T21:24:03.840047+00:00,f0d00c4983614291b938804a9df6b127
2012-04-17,44.5,44.5,ft^3/s,Approved,[],2025-03-11T21:24:03.840047+00:00,f0d00c4983614291b938804a9df6b127
2012-04-18,42.7,42.7,ft^3/s,Approved,[],2025-03-11T21:24:03.840047+00:00,f0d00c4983614291b938804a9df6b127
2012-04-19,42.5,42.5,ft^3/s,Approved,[],2025-03-11T21:24:03.840047+00:00,f0d00c4983614291b938804a9df6b127
2012-04-20,42.1,42.1,ft^3/s,Approved,[],2025-03-11T21:24:03.840047+00:00,f0d00c4983614291b938804a9df6b127
2012-04-21,41.1,41.1,ft^3/s,Approved,[],2025-03-11T21:24:03.840047+00:00,f0d00c4983614291b938804a9df6b127
2012-04-22,40.5,40.5,ft^3/s,Approved,[],2025-03-11T21:24:03.840047+00:00,f0d00c4983614291b938804a9df6b127
2012-04-23,39.2,39.2,ft^3/s,Approved,[],2025-03-11T21:24:03.840047+00:00,f0d00c4983614291b938804a9df6b127
2012-04-24,38.5,38.5,ft^3/s,Approved,[],2025-03-11T21:24:03.840047+00:00,f0d00c4983614291b938804a9df6b127
2012-04-25,38.0,38.0,ft^3/s,Approved,[],2025-03-11T21:24:03.840047+00:00,f0d00c4983614291b938804a9df6b127
2012-04-26,38.2,38.2,ft^3/s,Approved,[],2025-03-11T21:24:03.840047+00:00,f0d00c4983614291b938804a9df6b127
2012-04-27,37.4,37.4,ft^3/s,Approved,[],2025-03-11T21:24:03.840047+00:00,f0d00c4983614291b938804a9df6b127
2012-04-28,36.9,36.9,ft^3/s,Approved,[],2025-03-11T21:24:03.840047+00:00,f0d00c4983614291b938804a9df6b127
2012-04-29,36.6,36.6,ft^3/s,Approved,[],2025-03-11T21:24:03.840047+00:00,f0d00c4983614291b938804a9df6b127
2012-04-30,35.8,35.8,ft^3/s,Approved,[],2025-03-11T21:24:03.840047+00:00,f0d00c4983614291b938804a9df6b127
2012-05-01,35.7,35.7,ft^3/s,Approved,[],2025-03-11T21:24:03.840047+00:00,f0d00c4983614291b938804a9df6b127
2012-05-02,35.2,35.2,ft^3/s,Approved,[],2025-03-11T21:24:03.840047+00:00,f0d00c4983614291b938804a9df6b127
2012-05-03,34.5,34.5,ft^3/s,Approved,[],2025-03-11T21:24:03.840047+00:00,f0d00c4983614291b938804a9df6b127
2012-05-04,33.7,33.7,ft^3/s,Approved,[],2025-03-11T21:24:03.840047+00:00,f0d00c4983614291b938804a9df6b127
2012-05-05,33.5,33.5,ft^3/s,Approved,[],2025-03-11T21:24:03.840047+00:00,f0d00c4983614291b938804a9df6b127
2012-05-06,35.0,35.0,ft^3/s,Approved,[],2025-03-11T21:24:03.840047+00:00,f0d00c4983614291b938804a9df6b127
2012-05-07,36.5,36.5,ft^3/s,Approved,[],2025-03-11T21:24:03.840047+00:00,f0d00c4983614291b938804a9df6b127
2012-05-08,35.2,35.2,ft^3/s,Approved,[],2025-03-11T21:24:03.840047+00:00,f0d00c4983614291b938804a9df6b127
2012-05-09,37.0,37.0,ft^3/s,Approved,"[""ESTIMATED""]",2025-11-21T16:34:19.961837+00:00,f0d00c4983614291b938804a9df6b127
2012-05-10,35.0,35.0,ft^3/s,Approved,"[""ESTIMATED""]",2025-03-11T21:24:03.840047+00:00,f0d00c4983614291b938804a9df6b127
2012-05-11,34.0,34.0,ft^3/s,Approved,"[""ESTIMATED""]",2025-03-11T21:24:03.840047+00:00,f0d00c4983614291b938804a9df6b127
2012-05-12,34.0,34.0,ft^3/s,Approved,"[""ESTIMATED""]",2025-03-11T21:24:03.840047+00:00,f0d00c4983614291b938804a9df6b127
2012-05-13,33.0,33.0,ft^3/s,Approved,"[""ESTIMATED""]",2025-03-11T21:24:03.840047+00:00,f0d00c4983614291b938804a9df6b127
2012-05-14,33.0,33.0,ft^3/s,Approved,"[""ESTIMATED""]",2025-03-11T21:24:03.840047+00:00,f0d00c4983614291b938804a9df6b127
2012-05-15,71.0,71.0,ft^3/s,Approved,"[""ESTIMATED""]",2025-11-21T16:34:19.961837+00:00,f0d00c4983614291b938804a9df6b127
2012-05-16,120.0,120,ft^3/s,Approved,[],2025-11-21T16:34:19.961837+00:00,f0d00c4983614291b938804a9df6b127
2012-05-17,110.0,110,ft^3/s,Approved,[],2025-03-11T21:24:03.840047+00:00,f0d00c4983614291b938804a9df6b127
2012-05-18,97.5,97.5,ft^3/s,Approved,[],2025-03-11T21:24:03.840047+00:00,f0d00c4983614291b938804a9df6b127
2012-05-19,86.9,86.9,ft^3/s,Approved,[],2025-03-11T21:24:03.840047+00:00,f0d00c4983614291b938804a9df6b127
2012-05-20,84.1,84.1,ft^3/s,Approved,[],2025-03-11T21:24:03.840047+00:00,f0d00c4983614291b938804a9df6b127
2012-05-21,80.9,80.9,ft^3/s,Approved,[],2025-03-11T21:24:03.840047+00:00,f0d00c4983614291b938804a9df6b127
2012-05-22,76.2,76.2,ft^3/s,Approved,[],2025-03-11T21:24:03.840047+00:00,f0d00c4983614291b938804a9df6b127
2012-05-23,71.2,71.2,ft^3/s,Approved,[],2025-03-11T21:24:03.840047+00:00,f0d00c4983614291b938804a9df6b127
2012-05-24,64.9,64.9,ft^3/s,Approved,[],2025-03-11T21:24:03.840047+00:00,f0d00c4983614291b938804a9df6b127
2012-05-25,59.9,59.9,ft^3/s,Approved,[],2025-03-11T21:24:03.840047+00:00,f0d00c4983614291b938804a9df6b127
2012-05-26,56.5,56.5,ft^3/s,Approved,[],2025-03-11T21:24:03.840047+00:00,f0d00c4983614291b938804a9df6b127
2012-05-27,52.7,52.7,ft^3/s,Approved,[],2025-03-11T21:24:03.840047+00:00,f0d00c4983614291b938804a9df6b127
2012-05-28,50.1,50.1,ft^3/s,Approved,[],2025-03-11T21:24:03.840047+00:00,f0d00c4983614291b938804a9df6b127
2012-05-29,46.0,46.0,ft^3/s,Approved,[],2025-03-11T21:24:03.840047+00:00,f0d00c4983614291b938804a9df6b127
2012-05-30,43.1,43.1,ft^3/s,Approved,[],2025-03-11T21:24:03.840047+00:00,f0d00c4983614291b938804a9df6b127
2012-05-31,40.0,40.0,ft^3/s,Approved,[],2025-03-11T21:24:03.840047+00:00,f0d00c4983614291b938804a9df6b127
2012-06-01,37.3,37.3,ft^3/s,Approved,[],2025-03-11T21:24:03.840047+00:00,f0d00c4983614291b938804a9df6b127
2012-06-02,35.0,35.0,ft^3/s,Approved,[],2025-03-11T21:24:03.840047+00:00,f0d00c4983614291b938804a9df6b127
2012-06-03,32.4,32.4,ft^3/s,Approved,[],2025-03-11T21:24:03.840047+00:00,f0d00c4983614291b938804a9df6b127
2012-06-04,32.0,32.0,ft^3/s,Approved,[],2025-03-11T21:24:03.840047+00:00,f0d00c4983614291b938804a9df6b127
2012-06-05,31.3,31.3,ft^3/s,Approved,[],2025-03-11T21:24:03.840047+00:00,f0d00c4983614291b938804a9df6b127
2012-06-06,30.8,30.8,ft^3/s,Approved,[],2025-03-11T21:24:03.840047+00:00,f0d00c4983614291b938804a9df6b127
2012-06-07,30.3,30.3,ft^3/s,Approved,[],2025-03-11T21:24:03.840047+00:00,f0d00c4983614291b938804a9df6b127
2012-06-08,28.6,28.6,ft^3/s,Approved,[],2025-03-11T21:24:03.840047+00:00,f0d00c4983614291b938804a9df6b127
2012-06-09,28.0,28.0,ft^3/s,Approved,[],2025-03-11T21:24:03.840047+00:00,f0d00c4983614291b938804a9df6b127
2012-06-10,27.4,27.4,ft^3/s,Approved,[],2025-03-11T21:24:03.840047+00:00,f0d00c4983614291b938804a9df6b127
2012-06-11,26.6,26.6,ft^3/s,Approved,[],2025-03-11T21:24:03.840047+00:00,f0d00c4983614291b938804a9df6b127
2012-06-12,26.2,26.2,ft^3/s,Approved,[],2025-03-11T21:24:03.840047+00:00,f0d00c4983614291b938804a9df6b127
2012-06-13,25.0,25.0,ft^3/s,Approved,[],2025-03-11T21:24:03.840047+00:00,f0d00c4983614291b938804a9df6b127
2012-06-14,25.0,25.0,ft^3/s,Approved,[],2025-03-11T21:24:03.840047+00:00,f0d00c4983614291b938804a9df6b127
2012-06-15,25.7,25.7,ft^3/s,Approved,[],2025-03-11T21:24:03.840047+00:00,f0d00c4983614291b938804a9df6b127
2012-06-16,25.7,25.7,ft^3/s,Approved,[],2025-03-11T21:24:03.840047+00:00,f0d00c4983614291b938804a9df6b127
2012-06-17,25.4,25.4,ft^3/s,Approved,[],2025-03-11T21:24:03.840047+00:00,f0d00c4983614291b938804a9df6b127
2012-06-18,25.2,25.2,ft^3/s,Approved,[],2025-03-11T21:24:03.840047+00:00,f0d00c4983614291b938804a9df6b127
2012-06-19,25.5,25.5,ft^3/s,Approved,[],2025-03-11T21:24:03.840047+00:00,f0d00c4983614291b938804a9df6b127
2012-06-20,25.2,25.2,ft^3/s,Approved,[],2025-03-11T21:24:03.840047+00:00,f0d00c4983614291b938804a9df6b127
2012-06-21,24.8,24.8,ft^3/s,Approved,[],2025-03-11T21:24:03.840047+00:00,f0d00c4983614291b938804a9df6b127
2012-06-22,24.5,24.5,ft^3/s,Approved,[],2025-03-11T21:24:03.840047+00:00,f0d00c4983614291b938804a9df6b127
2012-06-23,24.3,24.3,ft^3/s,Approved,[],2025-03-11T21:24:03.840047+00:00,f0d00c4983614291b938804a9df6b127
2012-06-24,23.3,23.3,ft^3/s,Approved,[],2025-03-11T21:24:03.840047+00:00,f0d00c4983614291b938804a9df6b127
2012-06-25,22.8,22.8,ft^3/s,Approved,[],2025-03-11T21:24:03.840047+00:00,f0d00c4983614291b938804a9df6b127
2012-06-26,21.6,21.6,ft^3/s,Approved,[],2025-03-11T21:24:03.840047+00:00,f0d00c4983614291b938804a9df6b127
2012-06-27,20.6,20.6,ft^3/s,Approved,[],2025-03-11T21:24:03.840047+00:00,f0d00c4983614291b938804a9df6b127
2012-06-28,19.9,19.9,ft^3/s,Approved,[],2025-03-11T21:24:03.840047+00:00,f0d00c4983614291b938804a9df6b127
2012-06-29,19.5,19.5,ft^3/s,Approved,[],2025-03-11T21:24:03.840047+00:00,f0d00c4983614291b938804a9df6b127
2012-06-30,19.0,19.0,ft^3/s,Approved,[],2025-03-11T21:24:03.840047+00:00,f0d00c4983614291b938804a9df6b127
2012-07-01,18.5,18.5,ft^3/s,Approved,[],2025-03-11T21:24:03.840047+00:00,f0d00c4983614291b938804a9df6b127
2012-07-02,19.3,19.3,ft^3/s,Approved,[],2025-03-11T21:24:03.840047+00:00,f0d00c4983614291b938804a9df6b127
2012-07-03,19.0,19.0,ft^3/s,Approved,[],2025-03-11T21:24:03.840047+00:00,f0d00c4983614291b938804a9df6b127
2012-07-04,18.3,18.3,ft^3/s,Approved,[],2025-03-11T21:24:03.840047+00:00,f0d00c4983614291b938804a9df6b127
2012-07-05,18.3,18.3,ft^3/s,Approved,[],2025-03-11T21:24:03.840047+00:00,f0d00c4983614291b938804a9df6b127
2012-07-06,17.8,17.8,ft^3/s,Approved,[],2025-03-11T21:24:03.840047+00:00,f0d00c4983614291b938804a9df6b127
2012-07-07,16.7,16.7,ft^3/s,Approved,[],2025-03-11T21:24:03.840047+00:00,f0d00c4983614291b938804a9df6b127
2012-07-08,16.2,16.2,ft^3/s,Approved,[],2025-03-11T21:24:03.840047+00:00,f0d00c4983614291b938804a9df6b127
2012-07-09,16.0,16.0,ft^3/s,Approved,[],2025-03-11T21:24:03.840047+00:00,f0d00c4983614291b938804a9df6b127
2012-07-10,16.3,16.3,ft^3/s,Approved,[],2025-03-11T21:24:03.840047+00:00,f0d00c4983614291b938804a9df6b127
2012-07-11,19.7,19.7,ft^3/s,Approved,[],2025-03-11T21:24:03.840047+00:00,f0d00c4983614291b938804a9df6b127
2012-07-12,21.8,21.8,ft^3/s,Approved,[],2025-03-11T21:24:03.840047+00:00,f0d00c4983614291b938804a9df6b127
2012-07-13,19.5,19.5,ft^3/s,Approved,[],2025-03-11T21:24:03.840047+00:00,f0d00c4983614291b938804a9df6b127
2012-07-14,21.6,21.6,ft^3/s,Approved,[],2025-03-11T21:24:03.840047+00:00,f0d00c4983614291b938804a9df6b127
2012-07-15,19.8,19.8,ft^3/s,Approved,[],2025-03-11T21:24:03.840047+00:00,f0d00c4983614291b938804a9df6b127
2012-07-16,25.5,25.5,ft^3/s,Approved,[],2025-03-11T21:24:03.840047+00:00,f0d00c4983614291b938804a9df6b127
2012-07-17,24.6,24.6,ft^3/s,Approved,[],2025-03-11T21:24:03.840047+00:00,f0d00c4983614291b938804a9df6b127
2012-07-18,22.4,22.4,ft^3/s,Approved,[],2025-03-11T21:24:03.840047+00:00,f0d00c4983614291b938804a9df6b127
2012-07-19,20.0,20.0,ft^3/s,Approved,[],2025-03-11T21:24:03.840047+00:00,f0d00c4983614291b938804a9df6b127
2012-07-20,18.5,18.5,ft^3/s,Approved,[],2025-03-11T21:24:03.840047+00:00,f0d00c4983614291b938804a9df6b127
2012-07-21,17.9,17.9,ft^3/s,Approved,[],2025-03-11T21:24:03.840047+00:00,f0d00c4983614291b938804a9df6b127
2012-07-22,17.2,17.2,ft^3/s,Approved,[],2025-03-11T21:24:03.840047+00:00,f0d00c4983614291b938804a9df6b127
2012-07-23,16.3,16.3,ft^3/s,Approved,[],2025-03-11T21:24:03.840047+00:00,f0d00c4983614291b938804a9df6b127
2012-07-24,16.1,16.1,ft^3/s,Approved,[],2025-03-11T21:24:03.840047+00:00,f0d00c4983614291b938804a9df6b127
2012-07-25,15.6,15.6,ft^3/s,Approved,[],2025-03-11T21:24:03.840047+00:00,f0d00c4983614291b938804a9df6b127
2012-07-26,15.1,15.1,ft^3/s,Approved,[],2025-03-11T21:24:03.840047+00:00,f0d00c4983614291b938804a9df6b127
2012-07-27,14.4,14.4,ft^3/s,Approved,[],2025-03-11T21:24:03.840047+00:00,f0d00c4983614291b938804a9df6b127
2012-07-28,13.7,13.7,ft^3/s,Approved,[],2025-03-11T21:24:03.840047+00:00,f0d00c4983614291b938804a9df6b127
2012-07-29,13.3,13.3,ft^3/s,Approved,[],2025-03-11T21:24:03.840047+00:00,f0d00c4983614291b938804a9df6b127
2012-07-30,13.0,13.0,ft^3/s,Approved,[],2025-03-11T21:24:03.840047+00:00,f0d00c4983614291b938804a9df6b127
2012-07-31,12.7,12.7,ft^3/s,Approved,[],2025-03-11T21:24:03.840047+00:00,f0d00c4983614291b938804a9df6b127
2012-08-01,12.5,12.5,ft^3/s,Approved,[],2025-03-11T21:24:03.840047+00:00,f0d00c4983614291b938804a9df6b127
2012-08-02,12.4,12.4,ft^3/s,Approved,[],2025-03-11T21:24:03.840047+00:00,f0d00c4983614291b938804a9df6b127
2012-08-03,11.7,11.7,ft^3/s,Approved,[],2025-03-11T21:24:03.840047+00:00,f0d00c4983614291b938804a9df6b127
2012-08-04,11.3,11.3,ft^3/s,Approved,[],2025-03-11T21:24:03.840047+00:00,f0d00c4983614291b938804a9df6b127
2012-08-05,10.9,10.9,ft^3/s,Approved,[],2025-03-11T21:24:03.840047+00:00,f0d00c4983614291b938804a9df6b127
2012-08-06,10.6,10.6,ft^3/s,Approved,[],2025-03-11T21:24:03.840047+00:00,f0d00c4983614291b938804a9df6b127
2012-08-07,10.5,10.5,ft^3/s,Approved,[],2025-03-11T21:24:03.840047+00:00,f0d00c4983614291b938804a9df6b127
2012-08-08,10.4,10.4,ft^3/s,Approved,[],2025-03-11T21:24:03.840047+00:00,f0d00c4983614291b938804a9df6b127
2012-08-09,10.0,10.0,ft^3/s,Approved,[],2025-03-11T21:24:03.840047+00:00,f0d00c4983614291b938804a9df6b127
2012-08-10,9.78,9.78,ft^3/s,Approved,[],2025-03-11T21:24:03.840047+00:00,f0d00c4983614291b938804a9df6b127
2012-08-11,10.3,10.3,ft^3/s,Approved,[],2025-03-11T21:24:03.840047+00:00,f0d00c4983614291b938804a9df6b127
2012-08-12,9.9,9.90,ft^3/s,Approved,[],2025-03-11T21:24:03.840047+00:00,f0d00c4983614291b938804a9df6b127
2012-08-13,9.48,9.48,ft^3/s,Approved,[],2025-03-11T21:24:03.840047+00:00,f0d00c4983614291b938804a9df6b127
2012-08-14,9.25,9.25,ft^3/s,Approved,[],2025-03-11T21:24:03.840047+00:00,f0d00c4983614291b938804a9df6b127
2012-08-15,8.82,8.82,ft^3/s,Approved,[],2025-03-11T21:24:03.840047+00:00,f0d00c4983614291b938804a9df6b127
2012-08-16,8.59,8.59,ft^3/s,Approved,[],2025-03-11T21:24:03.840047+00:00,f0d00c4983614291b938804a9df6b127
2012-08-17,8.28,8.28,ft^3/s,Approved,[],2025-03-11T21:24:03.840047+00:00,f0d00c4983614291b938804a9df6b127
2012-08-18,8.49,8.49,ft^3/s,Approved,[],2025-03-11T21:24:03.840047+00:00,f0d00c4983614291b938804a9df6b127
2012-08-19,17.3,17.3,ft^3/s,Approved,[],2025-03-11T21:24:03.840047+00:00,f0d00c4983614291b938804a9df6b127
2012-08-20,18.1,18.1,ft^3/s,Approved,[],2025-03-11T21:24:03.840047+00:00,f0d00c4983614291b938804a9df6b127
2012-08-21,15.8,15.8,ft^3/s,Approved,[],2025-03-11T21:24:03.840047+00:00,f0d00c4983614291b938804a9df6b127
2012-08-22,14.6,14.6,ft^3/s,Approved,[],2025-03-11T21:24:03.840047+00:00,f0d00c4983614291b938804a9df6b127
2012-08-23,13.8,13.8,ft^3/s,Approved,[],2025-03-11T21:24:03.840047+00:00,f0d00c4983614291b938804a9df6b127
2012-08-24,13.2,13.2,ft^3/s,Approved,[],2025-03-11T21:24:03.840047+00:00,f0d00c4983614291b938804a9df6b127
2012-08-25,12.5,12.5,ft^3/s,Approved,[],2025-03-11T21:24:03.840047+00:00,f0d00c4983614291b938804a9df6b127
2012-08-26,11.9,11.9,ft^3/s,Approved,[],2025-03-11T21:24:03.840047+00:00,f0d00c4983614291b938804a9df6b127
2012-08-27,11.5,11.5,ft^3/s,Approved,[],2025-03-11T21:24:03.840047+00:00,f0d00c4983614291b938804a9df6b127
2012-08-28,11.9,11.9,ft^3/s,Approved,[],2025-03-11T21:24:03.840047+00:00,f0d00c4983614291b938804a9df6b127
2012-08-29,12.4,12.4,ft^3/s,Approved,[],2025-03-11T21:24:03.840047+00:00,f0d00c4983614291b938804a9df6b127
2012-08-30,12.1,12.1,ft^3/s,Approved,[],2025-03-11T21:24:03.840047+00:00,f0d00c4983614291b938804a9df6b127
2012-08-31,11.7,11.7,ft^3/s,Approved,[],2025-03-11T21:24:03.840047+00:00,f0d00c4983614291b938804a9df6b127
2012-09-01,11.1,11.1,ft^3/s,Approved,[],2025-03-11T21:24:03.840047+00:00,f0d00c4983614291b938804a9df6b127
2012-09-02,10.8,10.8,ft^3/s,Approved,[],2025-03-11T21:24:03.840047+00:00,f0d00c4983614291b938804a9df6b127
2012-09-03,9.9,9.90,ft^3/s,Approved,[],2025-03-11T21:24:03.840047+00:00,f0d00c4983614291b938804a9df6b127
2012-09-04,9.04,9.04,ft^3/s,Approved,[],2025-03-11T21:24:03.840047+00:00,f0d00c4983614291b938804a9df6b127
2012-09-05,8.8,8.80,ft^3/s,Approved,[],2025-03-11T21:24:03.840047+00:00,f0d00c4983614291b938804a9df6b127
2012-09-06,8.75,8.75,ft^3/s,Approved,[],2025-03-11T21:24:03.840047+00:00,f0d00c4983614291b938804a9df6b127
2012-09-07,8.88,8.88,ft^3/s,Approved,[],2025-03-11T21:24:03.840047+00:00,f0d00c4983614291b938804a9df6b127
2012-09-08,8.86,8.86,ft^3/s,Approved,[],2025-03-11T21:24:03.840047+00:00,f0d00c4983614291b938804a9df6b127
2012-09-09,8.36,8.36,ft^3/s,Approved,[],2025-03-11T21:24:03.840047+00:00,f0d00c4983614291b938804a9df6b127
2012-09-10,7.85,7.85,ft^3/s,Approved,[],2025-03-11T21:24:03.840047+00:00,f0d00c4983614291b938804a9df6b127
2012-09-11,7.46,7.46,ft^3/s,Approved,[],2025-03-11T21:24:03.840047+00:00,f0d00c4983614291b938804a9df6b127
2012-09-12,7.38,7.38,ft^3/s,Approved,[],2025-03-11T21:24:03.840047+00:00,f0d00c4983614291b938804a9df6b127
2012-09-13,7.22,7.22,ft^3/s,Approved,[],2025-03-11T21:24:03.840047+00:00,f0d00c4983614291b938804a9df6b127
2012-09-14,19.8,19.8,ft^3/s,Approved,[],2025-03-11T21:24:03.840047+00:00,f0d00c4983614291b938804a9df6b127
2012-09-15,24.3,24.3,ft^3/s,Approved,[],2025-03-11T21:24:03.840047+00:00,f0d00c4983614291b938804a9df6b127
2012-09-16,27.4,27.4,ft^3/s,Approved,[],2025-03-11T21:24:03.840047+00:00,f0d00c4983614291b938804a9df6b127
2012-09-17,45.4,45.4,ft^3/s,Approved,[],2025-03-11T21:24:03.840047+00:00,f0d00c4983614291b938804a9df6b127
2012-09-18,36.9,36.9,ft^3/s,Approved,[],2025-03-11T21:24:03.840047+00:00,f0d00c4983614291b938804a9df6b127
2012-09-19,31.0,31.0,ft^3/s,Approved,[],2025-03-11T21:24:03.840047+00:00,f0d00c4983614291b938804a9df6b127
2012-09-20,28.3,28.3,ft^3/s,Approved,[],2025-03-11T21:24:03.840047+00:00,f0d00c4983614291b938804a9df6b127
2012-09-21,26.1,26.1,ft^3/s,Approved,[],2025-03-11T21:24:03.840047+00:00,f0d00c4983614291b938804a9df6b127
2012-09-22,24.4,24.4,ft^3/s,Approved,[],2025-03-11T21:24:03.840047+00:00,f0d00c4983614291b938804a9df6b127
2012-09-23,22.5,22.5,ft^3/s,Approved,[],2025-03-11T21:24:03.840047+00:00,f0d00c4983614291b938804a9df6b127
2012-09-24,21.4,21.4,ft^3/s,Approved,[],2025-03-11T21:24:03.840047+00:00,f0d00c4983614291b938804a9df6b127
2012-09-25,20.8,20.8,ft^3/s,Approved,[],2025-03-11T21:24:03.840047+00:00,f0d00c4983614291b938804a9df6b127
2012-09-26,19.9,19.9,ft^3/s,Approved,[],2025-03-11T21:24:03.840047+00:00,f0d00c4983614291b938804a9df6b127
2012-09-27,18.9,18.9,ft^3/s,Approved,[],2025-03-11T21:24:03.840047+00:00,f0d00c4983614291b938804a9df6b127
2012-09-28,17.9,17.9,ft^3/s,Approved,[],2025-03-11T21:24:03.840047+00:00,f0d00c4983614291b938804a9df6b127
2012-09-29,72.5,72.5,ft^3/s,Approved,[],2025-03-11T21:24:03.840047+00:00,f0d00c4983614291b938804a9df6b127
2012-09-30,76.8,76.8,ft^3/s,Approved,[],2025-03-11T21:24:03.840047+00:00,f0d00c4983614291b938804a9df6b127
2012-10-01,64.5,64.5,ft^3/s,Approved,[],2025-03-11T21:24:03.840047+00:00,f0d00c4983614291b938804a9df6b127
2012-10-02,53.9,53.9,ft^3/s,Approved,[],2025-03-11T21:24:03.840047+00:00,f0d00c4983614291b938804a9df6b127
2012-10-03,47.7,47.7,ft^3/s,Approved,[],2025-03-11T21:24:03.840047+00:00,f0d00c4983614291b938804a9df6b127
2012-10-04,41.5,41.5,ft^3/s,Approved,[],2025-03-11T21:24:03.840047+00:00,f0d00c4983614291b938804a9df6b127
2012-10-05,35.2,35.2,ft^3/s,Approved,[],2025-03-11T21:24:03.840047+00:00,f0d00c4983614291b938804a9df6b127
2012-10-06,36.1,36.1,ft^3/s,Approved,[],2025-03-11T21:24:03.840047+00:00,f0d00c4983614291b938804a9df6b127
2012-10-07,33.5,33.5,ft^3/s,Approved,[],2025-03-11T21:24:03.840047+00:00,f0d00c4983614291b938804a9df6b127
2012-10-08,31.4,31.4,ft^3/s,Approved,[],2025-03-11T21:24:03.840047+00:00,f0d00c4983614291b938804a9df6b127
2012-10-09,29.4,29.4,ft^3/s,Approved,[],2025-03-11T21:24:03.840047+00:00,f0d00c4983614291b938804a9df6b127
2012-10-10,26.6,26.6,ft^3/s,Approved,[],2025-03-11T21:24:03.840047+00:00,f0d00c4983614291b938804a9df6b127
2012-10-11,26.0,26.0,ft^3/s,Approved,[],2025-03-11T21:24:03.840047+00:00,f0d00c4983614291b938804a9df6b127
2012-10-12,25.4,25.4,ft^3/s,Approved,[],2025-03-11T21:24:03.840047+00:00,f0d00c4983614291b938804a9df6b127
2012-10-13,25.0,25.0,ft^3/s,Approved,[],2025-03-11T21:24:03.840047+00:00,f0d00c4983614291b938804a9df6b127
2012-10-14,24.3,24.3,ft^3/s,Approved,[],2025-03-11T21:24:03.840047+00:00,f0d00c4983614291b938804a9df6b127
2012-10-15,23.6,23.6,ft^3/s,Approved,[],2025-03-11T21:24:03.840047+00:00,f0d00c4983614291b938804a9df6b127
2012-10-16,23.0,23.0,ft^3/s,Approved,[],2025-03-11T21:24:03.840047+00:00,f0d00c4983614291b938804a9df6b127
2012-10-17,22.6,22.6,ft^3/s,Approved,[],2025-03-11T21:24:03.840047+00:00,f0d00c4983614291b938804a9df6b127
2012-10-18,21.8,21.8,ft^3/s,Approved,[],2025-03-11T21:24:03.840047+00:00,f0d00c4983614291b938804a9df6b127
2012-10-19,22.5,22.5,ft^3/s,Approved,[],2025-03-11T21:24:03.840047+00:00,f0d00c4983614291b938804a9df6b127
2012-10-20,23.7,23.7,ft^3/s,Approved,[],2025-03-11T21:24:03.840047+00:00,f0d00c4983614291b938804a9df6b127
2012-10-21,22.5,22.5,ft^3/s,Approved,[],2025-03-11T21:24:03.840047+00:00,f0d00c4983614291b938804a9df6b127
2012-10-22,23.2,23.2,ft^3/s,Approved,[],2025-03-11T21:24:03.840047+00:00,f0d00c4983614291b938804a9df6b127
2012-10-23,22.2,22.2,ft^3/s,Approved,[],2025-03-11T21:24:03.840047+00:00,f0d00c4983614291b938804a9df6b127
2012-10-24,21.3,21.3,ft^3/s,Approved,[],2025-03-11T21:24:03.840047+00:00,f0d00c4983614291b938804a9df6b127
2012-10-25,20.8,20.8,ft^3/s,Approved,[],2025-03-11T21:24:03.840047+00:00,f0d00c4983614291b938804a9df6b127
2012-10-26,20.4,20.4,ft^3/s,Approved,[],2025-03-11T21:24:03.840047+00:00,f0d00c4983614291b938804a9df6b127
2012-10-27,19.7,19.7,ft^3/s,Approved,[],2025-03-11T21:24:03.840047+00:00,f0d00c4983614291b938804a9df6b127
2012-10-28,18.9,18.9,ft^3/s,Approved,[],2025-03-11T21:24:03.840047+00:00,f0d00c4983614291b938804a9df6b127
2012-10-29,18.8,18.8,ft^3/s,Approved,[],2025-03-11T21:24:03.840047+00:00,f0d00c4983614291b938804a9df6b127
2012-10-30,18.7,18.7,ft^3/s,Approved,[],2025-03-11T21:24:03.840047+00:00,f0d00c4983614291b938804a9df6b127
2012-10-31,18.4,18.4,ft^3/s,Approved,[],2025-03-11T21:24:03.840047+00:00,f0d00c4983614291b938804a9df6b127
2012-11-01,18.4,18.4,ft^3/s,Approved,[],2025-03-11T21:24:03.840047+00:00,f0d00c4983614291b938804a9df6b127
2012-11-02,18.9,18.9,ft^3/s,Approved,[],2025-03-11T21:24:03.840047+00:00,f0d00c4983614291b938804a9df6b127
2012-11-03,18.5,18.5,ft^3/s,Approved,[],2025-03-11T21:24:03.840047+00:00,f0d00c4983614291b938804a9df6b127
2012-11-04,18.0,18.0,ft^3/s,Approved,[],2025-03-11T21:24:03.840047+00:00,f0d00c4983614291b938804a9df6b127
2012-11-05,17.7,17.7,ft^3/s,Approved,[],2025-03-11T21:24:03.840047+00:00,f0d00c4983614291b938804a9df6b127
2012-11-06,17.1,17.1,ft^3/s,Approved,[],2025-03-11T21:24:03.840047+00:00,f0d00c4983614291b938804a9df6b127
2012-11-07,16.7,16.7,ft^3/s,Approved,[],2025-03-11T21:24:03.840047+00:00,f0d00c4983614291b938804a9df6b127
2012-11-08,16.8,16.8,ft^3/s,Approved,[],2025-03-11T21:24:03.840047+00:00,f0d00c4983614291b938804a9df6b127
2012-11-09,16.8,16.8,ft^3/s,Approved,[],2025-03-11T21:24:03.840047+00:00,f0d00c4983614291b938804a9df6b127
2012-11-10,16.5,16.5,ft^3/s,Approved,[],2025-03-11T21:24:03.840047+00:00,f0d00c4983614291b938804a9df6b127
2012-11-11,16.6,16.6,ft^3/s,Approved,[],2025-03-11T21:24:03.840047+00:00,f0d00c4983614291b938804a9df6b127
2012-11-12,15.5,15.5,ft^3/s,Approved,[],2025-03-11T21:24:03.840047+00:00,f0d00c4983614291b938804a9df6b127
2012-11-13,14.6,14.6,ft^3/s,Approved,[],2025-03-11T21:24:03.840047+00:00,f0d00c4983614291b938804a9df6b127
2012-11-14,14.5,14.5,ft^3/s,Approved,[],2025-03-11T21:24:03.840047+00:00,f0d00c4983614291b938804a9df6b127
2012-11-15,14.7,14.7,ft^3/s,Approved,[],2025-03-11T21:24:03.840047+00:00,f0d00c4983614291b938804a9df6b127
2012-11-16,14.5,14.5,ft^3/s,Approved,[],2025-03-11T21:24:03.840047+00:00,f0d00c4983614291b938804a9df6b127
2012-11-17,13.7,13.7,ft^3/s,Approved,[],2025-03-11T21:24:03.840047+00:00,f0d00c4983614291b938804a9df6b127
2012-11-18,13.4,13.4,ft^3/s,Approved,[],2025-03-11T21:24:03.840047+00:00,f0d00c4983614291b938804a9df6b127
2012-11-19,13.4,13.4,ft^3/s,Approved,[],2025-03-11T21:24:03.840047+00:00,f0d00c4983614291b938804a9df6b127
2012-11-20,13.5,13.5,ft^3/s,Approved,[],2025-03-11T21:24:03.840047+00:00,f0d00c4983614291b938804a9df6b127
2012-11-21,13.9,13.9,ft^3/s,Approved,[],2025-03-11T21:24:03.840047+00:00,f0d00c4983614291b938804a9df6b127
2012-11-22,12.7,12.7,ft^3/s,Approved,[],2025-03-11T21:24:03.840047+00:00,f0d00c4983614291b938804a9df6b127
2012-11-23,10.7,10.7,ft^3/s,Approved,[],2025-03-11T21:24:03.840047+00:00,f0d00c4983614291b938804a9df6b127
2012-11-24,10.2,10.2,ft^3/s,Approved,[],2025-03-11T21:24:03.840047+00:00,f0d00c4983614291b938804a9df6b127
2012-11-25,10.4,10.4,ft^3/s,Approved,[],2025-03-11T21:24:03.840047+00:00,f0d00c4983614291b938804a9df6b127
2012-11-26,10.8,10.8,ft^3/s,Approved,[],2025-03-11T21:24:03.840047+00:00,f0d00c4983614291b938804a9df6b127
2012-11-27,10.2,10.2,ft^3/s,Approved,[],2025-03-11T21:24:03.840047+00:00,f0d00c4983614291b938804a9df6b127
2012-11-28,9.88,9.88,ft^3/s,Approved,[],2025-03-11T21:24:03.840047+00:00,f0d00c4983614291b938804a9df6b127
2012-11-29,9.66,9.66,ft^3/s,Approved,[],2025-03-11T21:24:03.840047+00:00,f0d00c4983614291b938804a9df6b127
2012-11-30,9.62,9.62,ft^3/s,Approved,[],2025-03-11T21:24:03.840047+00:00,f0d00c4983614291b938804a9df6b127
2012-12-01,9.67,9.67,ft^3/s,Approved,[],2025-03-11T21:24:03.840047+00:00,f0d00c4983614291b938804a9df6b127
2012-12-02,9.35,9.35,ft^3/s,Approved,[],2025-03-11T21:24:03.840047+00:00,f0d00c4983614291b938804a9df6b127
2012-12-03,9.44,9.44,ft^3/s,Approved,[],2025-03-11T21:24:03.840047+00:00,f0d00c4983614291b938804a9df6b127
2012-12-04,10.0,10.0,ft^3/s,Approved,[],2025-03-11T21:24:03.840047+00:00,f0d00c4983614291b938804a9df6b127
2012-12-05,9.59,9.59,ft^3/s,Approved,[],2025-03-11T21:24:03.840047+00:00,f0d00c4983614291b938804a9df6b127
2012-12-06,9.65,9.65,ft^3/s,Approved,[],2025-03-11T21:24:03.840047+00:00,f0d00c4983614291b938804a9df6b127
2012-12-07,9.81,9.81,ft^3/s,Approved,[],2025-03-11T21:24:03.840047+00:00,f0d00c4983614291b938804a9df6b127
2012-12-08,9.49,9.49,ft^3/s,Approved,[],2025-03-11T21:24:03.840047+00:00,f0d00c4983614291b938804a9df6b127
2012-12-09,9.48,9.48,ft^3/s,Approved,[],2025-03-11T21:24:03.840047+00:00,f0d00c4983614291b938804a9df6b127
2012-12-10,9.22,9.22,ft^3/s,Approved,[],2025-03-11T21:24:03.840047+00:00,f0d00c4983614291b938804a9df6b127
2012-12-11,8.79,8.79,ft^3/s,Approved,[],2025-03-11T21:24:03.840047+00:00,f0d00c4983614291b938804a9df6b127
2012-12-12,8.55,8.55,ft^3/s,Approved,[],2025-03-11T21:24:03.840047+00:00,f0d00c4983614291b938804a9df6b127
2012-12-13,8.05,8.05,ft^3/s,Approved,[],2025-03-11T21:24:03.840047+00:00,f0d00c4983614291b938804a9df6b127
2012-12-14,8.35,8.35,ft^3/s,Approved,[],2025-03-11T21:24:03.840047+00:00,f0d00c4983614291b938804a9df6b127
2012-12-15,8.69,8.69,ft^3/s,Approved,[],2025-03-11T21:24:03.840047+00:00,f0d00c4983614291b938804a9df6b127
2012-12-16,8.66,8.66,ft^3/s,Approved,[],2025-03-11T21:24:03.840047+00:00,f0d00c4983614291b938804a9df6b127
2012-12-17,8.73,8.73,ft^3/s,Approved,[],2025-03-11T21:24:03.840047+00:00,f0d00c4983614291b938804a9df6b127
2012-12-18,8.65,8.65,ft^3/s,Approved,[],2025-03-11T21:24:03.840047+00:00,f0d00c4983614291b938804a9df6b127
2012-12-19,8.8,8.80,ft^3/s,Approved,[],2025-03-11T21:24:03.840047+00:00,f0d00c4983614291b938804a9df6b127
2012-12-20,8.04,8.04,ft^3/s,Approved,[],2025-03-11T21:24:03.840047+00:00,f0d00c4983614291b938804a9df6b127
2012-12-21,6.97,6.97,ft^3/s,Approved,[],2025-03-11T21:24:03.840047+00:00,f0d00c4983614291b938804a9df6b127
2012-12-22,7.08,7.08,ft^3/s,Approved,[],2025-03-11T21:24:03.840047+00:00,f0d00c4983614291b938804a9df6b127
2012-12-23,7.41,7.41,ft^3/s,Approved,[],2025-03-11T21:24:03.840047+00:00,f0d00c4983614291b938804a9df6b127
2012-12-24,7.68,7.68,ft^3/s,Approved,[],2025-03-11T21:24:03.840047+00:00,f0d00c4983614291b938804a9df6b127
2012-12-25,7.43,7.43,ft^3/s,Approved,[],2025-03-11T21:24:03.840047+00:00,f0d00c4983614291b938804a9df6b127
2012-12-26,6.85,6.85,ft^3/s,Approved,[],2025-03-11T21:24:03.840047+00:00,f0d00c4983614291b938804a9df6b127
2012-12-27,6.82,6.82,ft^3/s,Approved,[],2025-03-11T21:24:03.840047+00:00,f0d00c4983614291b938804a9df6b127
2012-12-28,6.78,6.78,ft^3/s,Approved,[],2025-03-11T21:24:03.840047+00:00,f0d00c4983614291b938804a9df6b127
2012-12-29,6.42,6.42,ft^3/s,Approved,[],2025-03-11T21:24:03.840047+00:00,f0d00c4983614291b938804a9df6b127
2012-12-30,6.25,6.25,ft^3/s,Approved,[],2025-03-11T21:24:03.840047+00:00,f0d00c4983614291b938804a9df6b127
2012-12-31,6.5,6.50,ft^3/s,Approved,[],2025-03-11T21:24:03.840047+00:00,f0d00c4983614291b938804a9df6b127
2013-01-01,6.89,6.89,ft^3/s,Approved,[],2025-03-11T21:24:03.840047+00:00,f0d00c4983614291b938804a9df6b127
2013-01-02,6.56,6.56,ft^3/s,Approved,[],2025-03-11T21:24:03.840047+00:00,f0d00c4983614291b938804a9df6b127
2013-01-03,6.54,6.54,ft^3/s,Approved,[],2025-03-11T21:24:03.840047+00:00,f0d00c4983614291b938804a9df6b127
2013-01-04,6.6,6.60,ft^3/s,Approved,[],2025-03-11T21:24:03.840047+00:00,f0d00c4983614291b938804a9df6b127
2013-01-05,7.0,7.00,ft^3/s,Approved,[],2025-03-11T21:24:03.840047+00:00,f0d00c4983614291b938804a9df6b127
2013-01-06,6.75,6.75,ft^3/s,Approved,[],2025-03-11T21:24:03.840047+00:00,f0d00c4983614291b938804a9df6b127
2013-01-07,6.65,6.65,ft^3/s,Approved,[],2025-03-11T21:24:03.840047+00:00,f0d00c4983614291b938804a9df6b127
2013-01-08,7.02,7.02,ft^3/s,Approved,[],2025-03-11T21:24:03.840047+00:00,f0d00c4983614291b938804a9df6b127
2013-01-09,29.5,29.5,ft^3/s,Approved,[],2025-03-11T21:24:03.840047+00:00,f0d00c4983614291b938804a9df6b127
2013-01-10,37.3,37.3,ft^3/s,Approved,[],2025-03-11T21:24:03.840047+00:00,f0d00c4983614291b938804a9df6b127
2013-01-11,31.0,31.0,ft^3/s,Approved,[],2025-03-11T21:24:03.840047+00:00,f0d00c4983614291b938804a9df6b127
2013-01-12,25.9,25.9,ft^3/s,Approved,[],2025-03-11T21:24:03.840047+00:00,f0d00c4983614291b938804a9df6b127
2013-01-13,21.6,21.6,ft^3/s,Approved,[],2025-03-11T21:24:03.840047+00:00,f0d00c4983614291b938804a9df6b127
2013-01-14,17.4,17.4,ft^3/s,Approved,[],2025-03-11T21:24:03.840047+00:00,f0d00c4983614291b938804a9df6b127
2013-01-15,15.4,15.4,ft^3/s,Approved,[],2025-03-11T21:24:03.840047+00:00,f0d00c4983614291b938804a9df6b127
2013-01-16,13.4,13.4,ft^3/s,Approved,[],2025-03-11T21:24:03.840047+00:00,f0d00c4983614291b938804a9df6b127
2013-01-17,12.3,12.3,ft^3/s,Approved,[],2025-03-11T21:24:03.840047+00:00,f0d00c4983614291b938804a9df6b127
2013-01-18,11.4,11.4,ft^3/s,Approved,[],2025-03-11T21:24:03.840047+00:00,f0d00c4983614291b938804a9df6b127
2013-01-19,10.4,10.4,ft^3/s,Approved,[],2025-03-11T21:24:03.840047+00:00,f0d00c4983614291b938804a9df6b127
2013-01-20,10.0,10.0,ft^3/s,Approved,[],2025-03-11T21:24:03.840047+00:00,f0d00c4983614291b938804a9df6b127
2013-01-21,9.64,9.64,ft^3/s,Approved,[],2025-03-11T21:24:03.840047+00:00,f0d00c4983614291b938804a9df6b127
2013-01-22,9.27,9.27,ft^3/s,Approved,[],2025-03-11T21:24:03.840047+00:00,f0d00c4983614291b938804a9df6b127
2013-01-23,9.04,9.04,ft^3/s,Approved,[],2025-03-11T21:24:03.840047+00:00,f0d00c4983614291b938804a9df6b127
2013-01-24,8.95,8.95,ft^3/s,Approved,[],2025-03-11T21:24:03.840047+00:00,f0d00c4983614291b938804a9df6b127
2013-01-25,9.3,9.30,ft^3/s,Approved,[],2025-03-11T21:24:03.840047+00:00,f0d00c4983614291b938804a9df6b127
2013-01-26,9.34,9.34,ft^3/s,Approved,[],2025-03-11T21:24:03.840047+00:00,f0d00c4983614291b938804a9df6b127
2013-01-27,9.2,9.20,ft^3/s,Approved,[],2025-03-11T21:24:03.840047+00:00,f0d00c4983614291b938804a9df6b127
2013-01-28,9.38,9.38,ft^3/s,Approved,[],2025-03-11T21:24:03.840047+00:00,f0d00c4983614291b938804a9df6b127
2013-01-29,9.71,9.71,ft^3/s,Approved,[],2025-03-11T21:24:03.840047+00:00,f0d00c4983614291b938804a9df6b127
2013-01-30,9.41,9.41,ft^3/s,Approved,[],2025-03-11T21:24:03.840047+00:00,f0d00c4983614291b938804a9df6b127
2013-01-31,8.26,8.26,ft^3/s,Approved,[],2025-03-11T21:24:03.840047+00:00,f0d00c4983614291b938804a9df6b127
2013-02-01,8.14,8.14,ft^3/s,Approved,[],2025-03-11T21:24:03.840047+00:00,f0d00c4983614291b938804a9df6b127
2013-02-02,8.23,8.23,ft^3/s,Approved,[],2025-03-11T21:24:03.840047+00:00,f0d00c4983614291b938804a9df6b127
2013-02-03,7.97,7.97,ft^3/s,Approved,[],2025-03-11T21:24:03.840047+00:00,f0d00c4983614291b938804a9df6b127
2013-02-04,8.13,8.13,ft^3/s,Approved,[],2025-03-11T21:24:03.840047+00:00,f0d00c4983614291b938804a9df6b127
2013-02-05,8.4,8.40,ft^3/s,Approved,[],2025-03-11T21:24:03.840047+00:00,f0d00c4983614291b938804a9df6b127
2013-02-06,8.17,8.17,ft^3/s,Approved,[],2025-03-11T21:24:03.840047+00:00,f0d00c4983614291b938804a9df6b127
2013-02-07,8.09,8.09,ft^3/s,Approved,[],2025-03-11T21:24:03.840047+00:00,f0d00c4983614291b938804a9df6b127
2013-02-08,7.83,7.83,ft^3/s,Approved,[],2025-03-11T21:24:03.840047+00:00,f0d00c4983614291b938804a9df6b127
2013-02-09,7.79,7.79,ft^3/s,Approved,[],2025-03-11T21:24:03.840047+00:00,f0d00c4983614291b938804a9df6b127
2013-02-10,7.99,7.99,ft^3/s,Approved,[],2025-03-11T21:24:03.840047+00:00,f0d00c4983614291b938804a9df6b127
2013-02-11,7.82,7.82,ft^3/s,Approved,[],2025-03-11T21:24:03.840047+00:00,f0d00c4983614291b938804a9df6b127
2013-02-12,7.93,7.93,ft^3/s,Approved,[],2025-03-11T21:24:03.840047+00:00,f0d00c4983614291b938804a9df6b127
2013-02-13,7.57,7.57,ft^3/s,Approved,[],2025-03-11T21:24:03.840047+00:00,f0d00c4983614291b938804a9df6b127
2013-02-14,7.28,7.28,ft^3/s,Approved,[],2025-03-11T21:24:03.840047+00:00,f0d00c4983614291b938804a9df6b127
2013-02-15,7.2,7.20,ft^3/s,Approved,[],2025-03-11T21:24:03.840047+00:00,f0d00c4983614291b938804a9df6b127
2013-02-16,6.78,6.78,ft^3/s,Approved,[],2025-03-11T21:24:03.840047+00:00,f0d00c4983614291b938804a9df6b127
2013-02-17,6.86,6.86,ft^3/s,Approved,[],2025-03-11T21:24:03.840047+00:00,f0d00c4983614291b938804a9df6b127
2013-02-18,7.26,7.26,ft^3/s,Approved,[],2025-03-11T21:24:03.840047+00:00,f0d00c4983614291b938804a9df6b127
2013-02-19,7.16,7.16,ft^3/s,Approved,[],2025-03-11T21:24:03.840047+00:00,f0d00c4983614291b938804a9df6b127
2013-02-20,7.32,7.32,ft^3/s,Approved,[],2025-03-11T21:24:03.840047+00:00,f0d00c4983614291b938804a9df6b127
2013-02-21,7.55,7.55,ft^3/s,Approved,[],2025-03-11T21:24:03.840047+00:00,f0d00c4983614291b938804a9df6b127
2013-02-22,7.28,7.28,ft^3/s,Approved,[],2025-03-11T21:24:03.840047+00:00,f0d00c4983614291b938804a9df6b127
2013-02-23,6.93,6.93,ft^3/s,Approved,[],2025-03-11T21:24:03.840047+00:00,f0d00c4983614291b938804a9df6b127
2013-02-24,6.97,6.97,ft^3/s,Approved,[],2025-03-11T21:24:03.840047+00:00,f0d00c4983614291b938804a9df6b127
2013-02-25,7.25,7.25,ft^3/s,Approved,[],2025-03-11T21:24:03.840047+00:00,f0d00c4983614291b938804a9df6b127
2013-02-26,6.75,6.75,ft^3/s,Approved,[],2025-03-11T21:24:03.840047+00:00,f0d00c4983614291b938804a9df6b127
2013-02-27,6.44,6.44,ft^3/s,Approved,[],2025-03-11T21:24:03.840047+00:00,f0d00c4983614291b938804a9df6b127
2013-02-28,6.06,6.06,ft^3/s,Approved,[],2025-03-11T21:24:03.840047+00:00,f0d00c4983614291b938804a9df6b127
2013-03-01,5.95,5.95,ft^3/s,Approved,[],2025-03-11T21:24:03.840047+00:00,f0d00c4983614291b938804a9df6b127
2013-03-02,5.7,5.70,ft^3/s,Approved,[],2025-03-11T21:24:03.840047+00:00,f0d00c4983614291b938804a9df6b127
2013-03-03,5.63,5.63,ft^3/s,Approved,[],2025-03-11T21:24:03.840047+00:00,f0d00c4983614291b938804a9df6b127
2013-03-04,5.93,5.93,ft^3/s,Approved,[],2025-03-11T21:24:03.840047+00:00,f0d00c4983614291b938804a9df6b127
2013-03-05,5.72,5.72,ft^3/s,Approved,[],2025-03-11T21:24:03.840047+00:00,f0d00c4983614291b938804a9df6b127
2013-03-06,5.34,5.34,ft^3/s,Approved,[],2025-03-11T21:24:03.840047+00:00,f0d00c4983614291b938804a9df6b127
2013-03-07,5.73,5.73,ft^3/s,Approved,[],2025-03-11T21:24:03.840047+00:00,f0d00c4983614291b938804a9df6b127
2013-03-08,6.15,6.15,ft^3/s,Approved,[],2025-03-11T21:24:03.840047+00:00,f0d00c4983614291b938804a9df6b127
2013-03-09,6.96,6.96,ft^3/s,Approved,[],2025-03-11T21:24:03.840047+00:00,f0d00c4983614291b938804a9df6b127
2013-03-10,10.3,10.3,ft^3/s,Approved,[],2025-03-11T21:24:03.840047+00:00,f0d00c4983614291b938804a9df6b127
2013-03-11,10.9,10.9,ft^3/s,Approved,[],2025-03-11T21:24:03.840047+00:00,f0d00c4983614291b938804a9df6b127
2013-03-12,9.68,9.68,ft^3/s,Approved,[],2025-03-11T21:24:03.840047+00:00,f0d00c4983614291b938804a9df6b127
2013-03-13,9.33,9.33,ft^3/s,Approved,[],2025-03-11T21:24:03.840047+00:00,f0d00c4983614291b938804a9df6b127
2013-03-14,9.0,9.00,ft^3/s,Approved,[],2025-03-11T21:24:03.840047+00:00,f0d00c4983614291b938804a9df6b127
2013-03-15,8.57,8.57,ft^3/s,Approved,[],2025-03-11T21:24:03.840047+00:00,f0d00c4983614291b938804a9df6b127
2013-03-16,8.56,8.56,ft^3/s,Approved,[],2025-03-11T21:24:03.840047+00:00,f0d00c4983614291b938804a9df6b127
2013-03-17,8.6,8.60,ft^3/s,Approved,[],2025-03-11T21:24:03.840047+00:00,f0d00c4983614291b938804a9df6b127
2013-03-18,8.51,8.51,ft^3/s,Approved,[],2025-03-11T21:24:03.840047+00:00,f0d00c4983614291b938804a9df6b127
2013-03-19,8.21,8.21,ft^3/s,Approved,[],2025-03-11T21:24:03.840047+00:00,f0d00c4983614291b938804a9df6b127
2013-03-20,7.95,7.95,ft^3/s,Approved,[],2025-03-11T21:24:03.840047+00:00,f0d00c4983614291b938804a9df6b127
2013-03-21,7.86,7.86,ft^3/s,Approved,[],2025-03-11T21:24:03.840047+00:00,f0d00c4983614291b938804a9df6b127
2013-03-22,8.44,8.44,ft^3/s,Approved,[],2025-03-11T21:24:03.840047+00:00,f0d00c4983614291b938804a9df6b127
2013-03-23,8.36,8.36,ft^3/s,Approved,[],2025-03-11T21:24:03.840047+00:00,f0d00c4983614291b938804a9df6b127
2013-03-24,8.05,8.05,ft^3/s,Approved,[],2025-03-11T21:24:03.840047+00:00,f0d00c4983614291b938804a9df6b127
2013-03-25,7.66,7.66,ft^3/s,Approved,[],2025-03-11T21:24:03.840047+00:00,f0d00c4983614291b938804a9df6b127
2013-03-26,7.25,7.25,ft^3/s,Approved,[],2025-03-11T21:24:03.840047+00:00,f0d00c4983614291b938804a9df6b127
2013-03-27,7.27,7.27,ft^3/s,Approved,[],2025-03-11T21:24:03.840047+00:00,f0d00c4983614291b938804a9df6b127
2013-03-28,7.34,7.34,ft^3/s,Approved,[],2025-03-11T21:24:03.840047+00:00,f0d00c4983614291b938804a9df6b127
2013-03-29,7.15,7.15,ft^3/s,Approved,[],2025-03-11T21:24:03.840047+00:00,f0d00c4983614291b938804a9df6b127
2013-03-30,7.24,7.24,ft^3/s,Approved,[],2025-03-11T21:24:03.840047+00:00,f0d00c4983614291b938804a9df6b127
2013-03-31,7.34,7.34,ft^3/s,Approved,[],2025-03-11T21:24:03.840047+00:00,f0d00c4983614291b938804a9df6b127
2013-04-01,7.57,7.57,ft^3/s,Approved,[],2025-03-11T21:24:03.840047+00:00,f0d00c4983614291b938804a9df6b127
2013-04-02,7.83,7.83,ft^3/s,Approved,[],2025-03-11T21:24:03.840047+00:00,f0d00c4983614291b938804a9df6b127
2013-04-03,10.5,10.5,ft^3/s,Approved,[],2025-03-11T21:24:03.840047+00:00,f0d00c4983614291b938804a9df6b127
2013-04-04,13.4,13.4,ft^3/s,Approved,[],2025-03-11T21:24:03.840047+00:00,f0d00c4983614291b938804a9df6b127
2013-04-05,12.8,12.8,ft^3/s,Approved,[],2025-03-11T21:24:03.840047+00:00,f0d00c4983614291b938804a9df6b127
2013-04-06,13.0,13.0,ft^3/s,Approved,[],2025-03-11T21:24:03.840047+00:00,f0d00c4983614291b938804a9df6b127
2013-04-07,12.2,12.2,ft^3/s,Approved,[],2025-03-11T21:24:03.840047+00:00,f0d00c4983614291b938804a9df6b127
2013-04-08,11.8,11.8,ft^3/s,Approved,[],2025-03-11T21:24:03.840047+00:00,f0d00c4983614291b938804a9df6b127
2013-04-09,11.4,11.4,ft^3/s,Approved,[],2025-03-11T21:24:03.840047+00:00,f0d00c4983614291b938804a9df6b127
2013-04-10,10.0,10.0,ft^3/s,Approved,[],2025-03-11T21:24:03.840047+00:00,f0d00c4983614291b938804a9df6b127
2013-04-11,9.31,9.31,ft^3/s,Approved,[],2025-03-11T21:24:03.840047+00:00,f0d00c4983614291b938804a9df6b127
2013-04-12,9.13,9.13,ft^3/s,Approved,[],2025-03-11T21:24:03.840047+00:00,f0d00c4983614291b938804a9df6b127
2013-04-13,8.43,8.43,ft^3/s,Approved,[],2025-03-11T21:24:03.840047+00:00,f0d00c4983614291b938804a9df6b127
2013-04-14,8.16,8.16,ft^3/s,Approved,[],2025-03-11T21:24:03.840047+00:00,f0d00c4983614291b938804a9df6b127
2013-04-15,7.9,7.90,ft^3/s,Approved,[],2025-03-11T21:24:03.840047+00:00,f0d00c4983614291b938804a9df6b127
2013-04-16,7.91,7.91,ft^3/s,Approved,[],2025-03-11T21:24:03.840047+00:00,f0d00c4983614291b938804a9df6b127
2013-04-17,7.67,7.67,ft^3/s,Approved,[],2025-03-11T21:24:03.840047+00:00,f0d00c4983614291b938804a9df6b127
2013-04-18,7.53,7.53,ft^3/s,Approved,[],2025-03-11T21:24:03.840047+00:00,f0d00c4983614291b938804a9df6b127
2013-04-19,6.95,6.95,ft^3/s,Approved,[],2025-03-11T21:24:03.840047+00:00,f0d00c4983614291b938804a9df6b127
2013-04-20,6.56,6.56,ft^3/s,Approved,[],2025-03-11T21:24:03.840047+00:00,f0d00c4983614291b938804a9df6b127
2013-04-21,6.37,6.37,ft^3/s,Approved,[],2025-03-11T21:24:03.840047+00:00,f0d00c4983614291b938804a9df6b127
2013-04-22,6.56,6.56,ft^3/s,Approved,[],2025-03-11T21:24:03.840047+00:00,f0d00c4983614291b938804a9df6b127
2013-04-23,6.62,6.62,ft^3/s,Approved,[],2025-03-11T21:24:03.840047+00:00,f0d00c4983614291b938804a9df6b127
2013-04-24,6.25,6.25,ft^3/s,Approved,[],2025-03-11T21:24:03.840047+00:00,f0d00c4983614291b938804a9df6b127
2013-04-25,6.02,6.02,ft^3/s,Approved,[],2025-03-11T21:24:03.840047+00:00,f0d00c4983614291b938804a9df6b127
2013-04-26,6.38,6.38,ft^3/s,Approved,[],2025-03-11T21:24:03.840047+00:00,f0d00c4983614291b938804a9df6b127
2013-04-27,6.71,6.71,ft^3/s,Approved,[],2025-03-11T21:24:03.840047+00:00,f0d00c4983614291b938804a9df6b127
2013-04-28,6.81,6.81,ft^3/s,Approved,[],2025-03-11T21:24:03.840047+00:00,f0d00c4983614291b938804a9df6b127
2013-04-29,6.79,6.79,ft^3/s,Approved,[],2025-03-11T21:24:03.840047+00:00,f0d00c4983614291b938804a9df6b127
2013-04-30,7.23,7.23,ft^3/s,Approved,[],2025-03-11T21:24:03.840047+00:00,f0d00c4983614291b938804a9df6b127
2013-05-01,7.19,7.19,ft^3/s,Approved,[],2025-03-11T21:24:03.840047+00:00,f0d00c4983614291b938804a9df6b127
2013-05-02,8.05,8.05,ft^3/s,Approved,[],2025-03-11T21:24:03.840047+00:00,f0d00c4983614291b938804a9df6b127
2013-05-03,8.78,8.78,ft^3/s,Approved,[],2025-03-11T21:24:03.840047+00:00,f0d00c4983614291b938804a9df6b127
2013-05-04,9.08,9.08,ft^3/s,Approved,[],2025-03-11T21:24:03.840047+00:00,f0d00c4983614291b938804a9df6b127
2013-05-05,8.09,8.09,ft^3/s,Approved,[],2025-03-11T21:24:03.840047+00:00,f0d00c4983614291b938804a9df6b127
2013-05-06,7.53,7.53,ft^3/s,Approved,[],2025-03-11T21:24:03.840047+00:00,f0d00c4983614291b938804a9df6b127
2013-05-07,6.96,6.96,ft^3/s,Approved,[],2025-03-11T21:24:03.840047+00:00,f0d00c4983614291b938804a9df6b127
2013-05-08,6.78,6.78,ft^3/s,Approved,[],2025-03-11T21:24:03.840047+00:00,f0d00c4983614291b938804a9df6b127
2013-05-09,6.66,6.66,ft^3/s,Approved,[],2025-03-11T21:24:03.840047+00:00,f0d00c4983614291b938804a9df6b127
2013-05-10,7.68,7.68,ft^3/s,Approved,[],2025-03-11T21:24:03.840047+00:00,f0d00c4983614291b938804a9df6b127
2013-05-11,8.83,8.83,ft^3/s,Approved,[],2025-03-11T21:24:03.840047+00:00,f0d00c4983614291b938804a9df6b127
2013-05-12,9.75,9.75,ft^3/s,Approved,[],2025-03-11T21:24:03.840047+00:00,f0d00c4983614291b938804a9df6b127
2013-05-13,10.1,10.1,ft^3/s,Approved,[],2025-03-11T21:24:03.840047+00:00,f0d00c4983614291b938804a9df6b127
2013-05-14,9.03,9.03,ft^3/s,Approved,[],2025-03-11T21:24:03.840047+00:00,f0d00c4983614291b938804a9df6b127
2013-05-15,8.79,8.79,ft^3/s,Approved,[],2025-03-11T21:24:03.840047+00:00,f0d00c4983614291b938804a9df6b127
2013-05-16,9.3,9.30,ft^3/s,Approved,[],2025-03-11T21:24:03.840047+00:00,f0d00c4983614291b938804a9df6b127
2013-05-17,9.64,9.64,ft^3/s,Approved,[],2025-03-11T21:24:03.840047+00:00,f0d00c4983614291b938804a9df6b127
2013-05-18,8.89,8.89,ft^3/s,Approved,[],2025-03-11T21:24:03.840047+00:00,f0d00c4983614291b938804a9df6b127
2013-05-19,8.15,8.15,ft^3/s,Approved,[],2025-03-11T21:24:03.840047+00:00,f0d00c4983614291b938804a9df6b127
2013-05-20,7.65,7.65,ft^3/s,Approved,[],2025-03-11T21:24:03.840047+00:00,f0d00c4983614291b938804a9df6b127
2013-05-21,7.46,7.46,ft^3/s,Approved,[],2025-03-11T21:24:03.840047+00:00,f0d00c4983614291b938804a9df6b127
2013-05-22,7.19,7.19,ft^3/s,Approved,[],2025-03-11T21:24:03.840047+00:00,f0d00c4983614291b938804a9df6b127
2013-05-23,7.1,7.10,ft^3/s,Approved,[],2025-03-11T21:24:03.840047+00:00,f0d00c4983614291b938804a9df6b127
2013-05-24,7.59,7.59,ft^3/s,Approved,[],2025-03-11T21:24:03.840047+00:00,f0d00c4983614291b938804a9df6b127
2013-05-25,54.3,54.3,ft^3/s,Approved,[],2025-03-11T21:24:03.840047+00:00,f0d00c4983614291b938804a9df6b127
2013-05-26,82.0,82.0,ft^3/s,Approved,[],2025-03-11T21:24:03.840047+00:00,f0d00c4983614291b938804a9df6b127
2013-05-27,78.7,78.7,ft^3/s,Approved,[],2025-03-11T21:24:03.840047+00:00,f0d00c4983614291b938804a9df6b127
2013-05-28,77.1,77.1,ft^3/s,Approved,[],2025-03-11T21:24:03.840047+00:00,f0d00c4983614291b938804a9df6b127
2013-05-29,73.9,73.9,ft^3/s,Approved,[],2025-03-11T21:24:03.840047+00:00,f0d00c4983614291b938804a9df6b127
2013-05-30,69.2,69.2,ft^3/s,Approved,[],2025-03-11T21:24:03.840047+00:00,f0d00c4983614291b938804a9df6b127
2013-05-31,64.7,64.7,ft^3/s,Approved,[],2025-03-11T21:24:03.840047+00:00,f0d00c4983614291b938804a9df6b127
2013-06-01,59.6,59.6,ft^3/s,Approved,[],2025-03-11T21:24:03.840047+00:00,f0d00c4983614291b938804a9df6b127
2013-06-02,56.3,56.3,ft^3/s,Approved,[],2025-03-11T21:24:03.840047+00:00,f0d00c4983614291b938804a9df6b127
2013-06-03,54.3,54.3,ft^3/s,Approved,[],2025-03-11T21:24:03.840047+00:00,f0d00c4983614291b938804a9df6b127
2013-06-04,51.1,51.1,ft^3/s,Approved,[],2025-03-11T21:24:03.840047+00:00,f0d00c4983614291b938804a9df6b127
2013-06-05,48.0,48.0,ft^3/s,Approved,[],2025-03-11T21:24:03.840047+00:00,f0d00c4983614291b938804a9df6b127
2013-06-06,41.6,41.6,ft^3/s,Approved,[],2025-03-11T21:24:03.840047+00:00,f0d00c4983614291b938804a9df6b127
2013-06-07,37.8,37.8,ft^3/s,Approved,[],2025-03-11T21:24:03.840047+00:00,f0d00c4983614291b938804a9df6b127
2013-06-08,35.8,35.8,ft^3/s,Approved,[],2025-03-11T21:24:03.840047+00:00,f0d00c4983614291b938804a9df6b127
2013-06-09,35.0,35.0,ft^3/s,Approved,[],2025-03-11T21:24:03.840047+00:00,f0d00c4983614291b938804a9df6b127
2013-06-10,34.1,34.1,ft^3/s,Approved,[],2025-03-11T21:24:03.840047+00:00,f0d00c4983614291b938804a9df6b127
2013-06-11,33.0,33.0,ft^3/s,Approved,[],2025-03-11T21:24:03.840047+00:00,f0d00c4983614291b938804a9df6b127
2013-06-12,31.2,31.2,ft^3/s,Approved,[],2025-03-11T21:24:03.840047+00:00,f0d00c4983614291b938804a9df6b127
2013-06-13,29.8,29.8,ft^3/s,Approved,[],2025-03-11T21:24:03.840047+00:00,f0d00c4983614291b938804a9df6b127
2013-06-14,28.1,28.1,ft^3/s,Approved,[],2025-03-11T21:24:03.840047+00:00,f0d00c4983614291b938804a9df6b127
2013-06-15,26.8,26.8,ft^3/s,Approved,[],2025-03-11T21:24:03.840047+00:00,f0d00c4983614291b938804a9df6b127
2013-06-16,24.7,24.7,ft^3/s,Approved,[],2025-03-11T21:24:03.840047+00:00,f0d00c4983614291b938804a9df6b127
2013-06-17,23.2,23.2,ft^3/s,Approved,[],2025-03-11T21:24:03.840047+00:00,f0d00c4983614291b938804a9df6b127
2013-06-18,22.1,22.1,ft^3/s,Approved,[],2025-03-11T21:24:03.840047+00:00,f0d00c4983614291b938804a9df6b127
2013-06-19,20.6,20.6,ft^3/s,Approved,[],2025-03-11T21:24:03.840047+00:00,f0d00c4983614291b938804a9df6b127
2013-06-20,19.3,19.3,ft^3/s,Approved,[],2025-03-11T21:24:03.840047+00:00,f0d00c4983614291b938804a9df6b127
2013-06-21,18.4,18.4,ft^3/s,Approved,[],2025-03-11T21:24:03.840047+00:00,f0d00c4983614291b938804a9df6b127
2013-06-22,17.9,17.9,ft^3/s,Approved,[],2025-03-11T21:24:03.840047+00:00,f0d00c4983614291b938804a9df6b127
2013-06-23,17.3,17.3,ft^3/s,Approved,[],2025-03-11T21:24:03.840047+00:00,f0d00c4983614291b938804a9df6b127
2013-06-24,16.3,16.3,ft^3/s,Approved,[],2025-03-11T21:24:03.840047+00:00,f0d00c4983614291b938804a9df6b127
2013-06-25,15.5,15.5,ft^3/s,Approved,[],2025-03-11T21:24:03.840047+00:00,f0d00c4983614291b938804a9df6b127
2013-06-26,14.7,14.7,ft^3/s,Approved,[],2025-03-11T21:24:03.840047+00:00,f0d00c4983614291b938804a9df6b127
2013-06-27,13.7,13.7,ft^3/s,Approved,[],2025-03-11T21:24:03.840047+00:00,f0d00c4983614291b938804a9df6b127
2013-06-28,12.7,12.7,ft^3/s,Approved,[],2025-03-11T21:24:03.840047+00:00,f0d00c4983614291b938804a9df6b127
2013-06-29,11.7,11.7,ft^3/s,Approved,[],2025-03-11T21:24:03.840047+00:00,f0d00c4983614291b938804a9df6b127
2013-06-30,11.2,11.2,ft^3/s,Approved,[],2025-03-11T21:24:03.840047+00:00,f0d00c4983614291b938804a9df6b127
2013-07-01,11.1,11.1,ft^3/s,Approved,[],2025-03-11T21:24:03.840047+00:00,f0d00c4983614291b938804a9df6b127
2013-07-02,10.6,10.6,ft^3/s,Approved,[],2025-03-11T21:24:03.840047+00:00,f0d00c4983614291b938804a9df6b127
2013-07-03,10.9,10.9,ft^3/s,Approved,[],2025-03-11T21:24:03.840047+00:00,f0d00c4983614291b938804a9df6b127
2013-07-04,10.5,10.5,ft^3/s,Approved,[],2025-03-11T21:24:03.840047+00:00,f0d00c4983614291b938804a9df6b127
2013-07-05,9.98,9.98,ft^3/s,Approved,[],2025-03-11T21:24:03.840047+00:00,f0d00c4983614291b938804a9df6b127
2013-07-06,9.52,9.52,ft^3/s,Approved,[],2025-03-11T21:24:03.840047+00:00,f0d00c4983614291b938804a9df6b127
2013-07-07,8.89,8.89,ft^3/s,Approved,[],2025-03-11T21:24:03.840047+00:00,f0d00c4983614291b938804a9df6b127
2013-07-08,7.99,7.99,ft^3/s,Approved,[],2025-03-11T21:24:03.840047+00:00,f0d00c4983614291b938804a9df6b127
2013-07-09,6.94,6.94,ft^3/s,Approved,[],2025-03-11T21:24:03.840047+00:00,f0d00c4983614291b938804a9df6b127
2013-07-10,6.5,6.50,ft^3/s,Approved,[],2025-03-11T21:24:03.840047+00:00,f0d00c4983614291b938804a9df6b127
2013-07-11,7.05,7.05,ft^3/s,Approved,[],2025-03-11T21:24:03.840047+00:00,f0d00c4983614291b938804a9df6b127
2013-07-12,6.76,6.76,ft^3/s,Approved,[],2025-03-11T21:24:03.840047+00:00,f0d00c4983614291b938804a9df6b127
2013-07-13,6.89,6.89,ft^3/s,Approved,[],2025-03-11T21:24:03.840047+00:00,f0d00c4983614291b938804a9df6b127
2013-07-14,6.19,6.19,ft^3/s,Approved,[],2025-03-11T21:24:03.840047+00:00,f0d00c4983614291b938804a9df6b127
2013-07-15,6.03,6.03,ft^3/s,Approved,[],2025-03-11T21:24:03.840047+00:00,f0d00c4983614291b938804a9df6b127
2013-07-16,7.3,7.30,ft^3/s,Approved,[],2025-03-11T21:24:03.840047+00:00,f0d00c4983614291b938804a9df6b127
2013-07-17,9.44,9.44,ft^3/s,Approved,[],2025-03-11T21:24:03.840047+00:00,f0d00c4983614291b938804a9df6b127
2013-07-18,12.0,12.0,ft^3/s,Approved,[],2025-03-11T21:24:03.840047+00:00,f0d00c4983614291b938804a9df6b127
2013-07-19,10.8,10.8,ft^3/s,Approved,[],2025-03-11T21:24:03.840047+00:00,f0d00c4983614291b938804a9df6b127
2013-07-20,12.8,12.8,ft^3/s,Approved,[],2025-03-11T21:24:03.840047+00:00,f0d00c4983614291b938804a9df6b127
2013-07-21,12.8,12.8,ft^3/s,Approved,[],2025-03-11T21:24:03.840047+00:00,f0d00c4983614291b938804a9df6b127
2013-07-22,10.1,10.1,ft^3/s,Approved,[],2025-03-11T21:24:03.840047+00:00,f0d00c4983614291b938804a9df6b127
2013-07-23,8.8,8.80,ft^3/s,Approved,[],2025-03-11T21:24:03.840047+00:00,f0d00c4983614291b938804a9df6b127
2013-07-24,8.25,8.25,ft^3/s,Approved,[],2025-03-11T21:24:03.840047+00:00,f0d00c4983614291b938804a9df6b127
2013-07-25,6.66,6.66,ft^3/s,Approved,[],2025-03-11T21:24:03.840047+00:00,f0d00c4983614291b938804a9df6b127
2013-07-26,6.63,6.63,ft^3/s,Approved,[],2025-03-11T21:24:03.840047+00:00,f0d00c4983614291b938804a9df6b127
2013-07-27,6.6,6.60,ft^3/s,Approved,[],2025-03-11T21:24:03.840047+00:00,f0d00c4983614291b938804a9df6b127
2013-07-28,6.36,6.36,ft^3/s,Approved,[],2025-03-11T21:24:03.840047+00:00,f0d00c4983614291b938804a9df6b127
2013-07-29,5.03,5.03,ft^3/s,Approved,[],2025-03-11T21:24:03.840047+00:00,f0d00c4983614291b938804a9df6b127
2013-07-30,4.38,4.38,ft^3/s,Approved,[],2025-03-11T21:24:03.840047+00:00,f0d00c4983614291b938804a9df6b127
2013-07-31,4.74,4.74,ft^3/s,Approved,[],2025-03-11T21:24:03.840047+00:00,f0d00c4983614291b938804a9df6b127
2013-08-01,4.77,4.77,ft^3/s,Approved,[],2025-03-11T21:24:03.840047+00:00,f0d00c4983614291b938804a9df6b127
2013-08-02,4.37,4.37,ft^3/s,Approved,[],2025-03-11T21:24:03.840047+00:00,f0d00c4983614291b938804a9df6b127
2013-08-03,4.07,4.07,ft^3/s,Approved,[],2025-03-11T21:24:03.840047+00:00,f0d00c4983614291b938804a9df6b127
2013-08-04,3.72,3.72,ft^3/s,Approved,[],2025-03-11T21:24:03.840047+00:00,f0d00c4983614291b938804a9df6b127
2013-08-05,3.4,3.40,ft^3/s,Approved,[],2025-03-11T21:24:03.840047+00:00,f0d00c4983614291b938804a9df6b127
2013-08-06,3.14,3.14,ft^3/s,Approved,[],2025-03-11T21:24:03.840047+00:00,f0d00c4983614291b938804a9df6b127
2013-08-07,2.86,2.86,ft^3/s,Approved,[],2025-03-11T21:24:03.840047+00:00,f0d00c4983614291b938804a9df6b127
2013-08-08,2.25,2.25,ft^3/s,Approved,[],2025-03-11T21:24:03.840047+00:00,f0d00c4983614291b938804a9df6b127
2013-08-09,1.89,1.89,ft^3/s,Approved,[],2025-03-11T21:24:03.840047+00:00,f0d00c4983614291b938804a9df6b127
2013-08-10,1.54,1.54,ft^3/s,Approved,[],2025-03-11T21:24:03.840047+00:00,f0d00c4983614291b938804a9df6b127
2013-08-11,1.21,1.21,ft^3/s,Approved,[],2025-03-11T21:24:03.840047+00:00,f0d00c4983614291b938804a9df6b127
2013-08-12,0.45,0.45,ft^3/s,Approved,[],2025-03-11T21:24:03.840047+00:00,f0d00c4983614291b938804a9df6b127
2013-08-13,0.0,0.00,ft^3/s,Approved,[],2025-03-11T21:24:03.840047+00:00,f0d00c4983614291b938804a9df6b127
2013-08-14,0.0,0.00,ft^3/s,Approved,[],2025-03-11T21:24:03.840047+00:00,f0d00c4983614291b938804a9df6b127
2013-08-15,0.0,0.00,ft^3/s,Approved,[],2025-03-11T21:24:03.840047+00:00,f0d00c4983614291b938804a9df6b127
2013-08-16,0.0,0.00,ft^3/s,Approved,[],2025-03-11T21:24:03.840047+00:00,f0d00c4983614291b938804a9df6b127
2013-08-17,0.0,0.00,ft^3/s,Approved,[],2025-03-11T21:24:03.840047+00:00,f0d00c4983614291b938804a9df6b127
2013-08-18,0.0,0.00,ft^3/s,Approved,[],2025-03-11T21:24:03.840047+00:00,f0d00c4983614291b938804a9df6b127
2013-08-19,0.0,0.00,ft^3/s,Approved,[],2025-03-11T21:24:03.840047+00:00,f0d00c4983614291b938804a9df6b127
2013-08-20,0.0,0.00,ft^3/s,Approved,[],2025-03-11T21:24:03.840047+00:00,f0d00c4983614291b938804a9df6b127
2013-08-21,0.0,0.00,ft^3/s,Approved,[],2025-03-11T21:24:03.840047+00:00,f0d00c4983614291b938804a9df6b127
2013-08-22,0.0,0.00,ft^3/s,Approved,[],2025-03-11T21:24:03.840047+00:00,f0d00c4983614291b938804a9df6b127
2013-08-23,0.0,0.00,ft^3/s,Approved,[],2025-03-11T21:24:03.840047+00:00,f0d00c4983614291b938804a9df6b127
2013-08-24,0.0,0.00,ft^3/s,Approved,[],2025-03-11T21:24:03.840047+00:00,f0d00c4983614291b938804a9df6b127
2013-08-25,0.0,0.00,ft^3/s,Approved,[],2025-03-11T21:24:03.840047+00:00,f0d00c4983614291b938804a9df6b127
2013-08-26,0.0,0.00,ft^3/s,Approved,[],2025-03-11T21:24:03.840047+00:00,f0d00c4983614291b938804a9df6b127
2013-08-27,0.0,0.00,ft^3/s,Approved,[],2025-03-11T21:24:03.840047+00:00,f0d00c4983614291b938804a9df6b127
2013-08-28,0.0,0.00,ft^3/s,Approved,[],2025-03-11T21:24:03.840047+00:00,f0d00c4983614291b938804a9df6b127
2013-08-29,0.0,0.00,ft^3/s,Approved,[],2025-03-11T21:24:03.840047+00:00,f0d00c4983614291b938804a9df6b127
2013-08-30,0.0,0.00,ft^3/s,Approved,[],2025-03-11T21:24:03.840047+00:00,f0d00c4983614291b938804a9df6b127
2013-08-31,0.0,0.00,ft^3/s,Approved,[],2025-03-11T21:24:03.840047+00:00,f0d00c4983614291b938804a9df6b127
2013-09-01,0.0,0.00,ft^3/s,Approved,[],2025-03-11T21:24:03.840047+00:00,f0d00c4983614291b938804a9df6b127
2013-09-02,0.0,0.00,ft^3/s,Approved,[],2025-03-11T21:24:03.840047+00:00,f0d00c4983614291b938804a9df6b127
2013-09-03,0.0,0.00,ft^3/s,Approved,[],2025-03-11T21:24:03.840047+00:00,f0d00c4983614291b938804a9df6b127
2013-09-04,0.0,0.00,ft^3/s,Approved,[],2025-03-11T21:24:03.840047+00:00,f0d00c4983614291b938804a9df6b127
2013-09-05,0.0,0.00,ft^3/s,Approved,[],2025-03-11T21:24:03.840047+00:00,f0d00c4983614291b938804a9df6b127
2013-09-06,0.0,0.00,ft^3/s,Approved,[],2025-03-11T21:24:03.840047+00:00,f0d00c4983614291b938804a9df6b127
2013-09-07,0.0,0.00,ft^3/s,Approved,[],2025-03-11T21:24:03.840047+00:00,f0d00c4983614291b938804a9df6b127
2013-09-08,0.0,0.00,ft^3/s,Approved,[],2025-03-11T21:24:03.840047+00:00,f0d00c4983614291b938804a9df6b127
2013-09-09,0.0,0.00,ft^3/s,Approved,[],2025-03-11T21:24:03.840047+00:00,f0d00c4983614291b938804a9df6b127
2013-09-10,0.0,0.00,ft^3/s,Approved,[],2025-03-11T21:24:03.840047+00:00,f0d00c4983614291b938804a9df6b127
2013-09-11,0.0,0.00,ft^3/s,Approved,[],2025-03-11T21:24:03.840047+00:00,f0d00c4983614291b938804a9df6b127
2013-09-12,0.0,0.00,ft^3/s,Approved,[],2025-03-11T21:24:03.840047+00:00,f0d00c4983614291b938804a9df6b127
2013-09-13,0.0,0.00,ft^3/s,Approved,[],2025-03-11T21:24:03.840047+00:00,f0d00c4983614291b938804a9df6b127
2013-09-14,3.02,3.02,ft^3/s,Approved,[],2025-03-11T21:24:03.840047+00:00,f0d00c4983614291b938804a9df6b127
2013-09-15,8.34,8.34,ft^3/s,Approved,[],2025-03-11T21:24:03.840047+00:00,f0d00c4983614291b938804a9df6b127
2013-09-16,8.45,8.45,ft^3/s,Approved,[],2025-03-11T21:24:03.840047+00:00,f0d00c4983614291b938804a9df6b127
2013-09-17,8.53,8.53,ft^3/s,Approved,[],2025-03-11T21:24:03.840047+00:00,f0d00c4983614291b938804a9df6b127
2013-09-18,8.15,8.15,ft^3/s,Approved,[],2025-03-11T21:24:03.840047+00:00,f0d00c4983614291b938804a9df6b127
2013-09-19,7.78,7.78,ft^3/s,Approved,[],2025-03-11T21:24:03.840047+00:00,f0d00c4983614291b938804a9df6b127
2013-09-20,8.42,8.42,ft^3/s,Approved,[],2025-03-11T21:24:03.840047+00:00,f0d00c4983614291b938804a9df6b127
2013-09-21,10.0,10.0,ft^3/s,Approved,[],2025-03-11T21:24:03.840047+00:00,f0d00c4983614291b938804a9df6b127
2013-09-22,8.87,8.87,ft^3/s,Approved,[],2025-03-11T21:24:03.840047+00:00,f0d00c4983614291b938804a9df6b127
2013-09-23,9.39,9.39,ft^3/s,Approved,[],2025-03-11T21:24:03.840047+00:00,f0d00c4983614291b938804a9df6b127
2013-09-24,9.0,9.00,ft^3/s,Approved,[],2025-03-11T21:24:03.840047+00:00,f0d00c4983614291b938804a9df6b127
2013-09-25,8.89,8.89,ft^3/s,Approved,[],2025-03-11T21:24:03.840047+00:00,f0d00c4983614291b938804a9df6b127
2013-09-26,8.57,8.57,ft^3/s,Approved,[],2025-03-11T21:24:03.840047+00:00,f0d00c4983614291b938804a9df6b127
2013-09-27,8.27,8.27,ft^3/s,Approved,[],2025-03-11T21:24:03.840047+00:00,f0d00c4983614291b938804a9df6b127
2013-09-28,8.03,8.03,ft^3/s,Approved,[],2025-03-11T21:24:03.840047+00:00,f0d00c4983614291b938804a9df6b127
2013-09-29,54.2,54.2,ft^3/s,Approved,[],2025-03-11T21:24:03.840047+00:00,f0d00c4983614291b938804a9df6b127
2013-09-30,56.8,56.8,ft^3/s,Approved,[],2025-03-11T21:24:03.840047+00:00,f0d00c4983614291b938804a9df6b127
2013-10-01,42.0,42.0,ft^3/s,Approved,[],2025-03-11T21:24:03.840047+00:00,f0d00c4983614291b938804a9df6b127
2013-10-02,30.9,30.9,ft^3/s,Approved,[],2025-03-11T21:24:03.840047+00:00,f0d00c4983614291b938804a9df6b127
2013-10-03,25.4,25.4,ft^3/s,Approved,[],2025-03-11T21:24:03.840047+00:00,f0d00c4983614291b938804a9df6b127
2013-10-04,22.0,22.0,ft^3/s,Approved,[],2025-03-11T21:24:03.840047+00:00,f0d00c4983614291b938804a9df6b127
2013-10-05,19.2,19.2,ft^3/s,Approved,[],2025-03-11T21:24:03.840047+00:00,f0d00c4983614291b938804a9df6b127
2013-10-06,16.5,16.5,ft^3/s,Approved,[],2025-03-11T21:24:03.840047+00:00,f0d00c4983614291b938804a9df6b127
2013-10-07,14.5,14.5,ft^3/s,Approved,[],2025-03-11T21:24:03.840047+00:00,f0d00c4983614291b938804a9df6b127
2013-10-08,13.4,13.4,ft^3/s,Approved,[],2025-03-11T21:24:03.840047+00:00,f0d00c4983614291b938804a9df6b127
2013-10-09,12.3,12.3,ft^3/s,Approved,[],2025-03-11T21:24:03.840047+00:00,f0d00c4983614291b938804a9df6b127
2013-10-10,12.1,12.1,ft^3/s,Approved,[],2025-03-11T21:24:03.840047+00:00,f0d00c4983614291b938804a9df6b127
2013-10-11,12.0,12.0,ft^3/s,Approved,[],2025-03-11T21:24:03.840047+00:00,f0d00c4983614291b938804a9df6b127
2013-10-12,11.7,11.7,ft^3/s,Approved,[],2025-03-11T21:24:03.840047+00:00,f0d00c4983614291b938804a9df6b127
2013-10-13,31.5,31.5,ft^3/s,Approved,[],2025-03-11T21:24:03.840047+00:00,f0d00c4983614291b938804a9df6b127
2013-10-14,53.0,53.0,ft^3/s,Approved,[],2025-03-11T21:24:03.840047+00:00,f0d00c4983614291b938804a9df6b127
2013-10-15,41.7,41.7,ft^3/s,Approved,[],2025-03-11T21:24:03.840047+00:00,f0d00c4983614291b938804a9df6b127
2013-10-16,39.6,39.6,ft^3/s,Approved,[],2025-03-11T21:24:03.840047+00:00,f0d00c4983614291b938804a9df6b127
2013-10-17,50.5,50.5,ft^3/s,Approved,[],2025-03-11T21:24:03.840047+00:00,f0d00c4983614291b938804a9df6b127
2013-10-18,45.3,45.3,ft^3/s,Approved,[],2025-03-11T21:24:03.840047+00:00,f0d00c4983614291b938804a9df6b127
2013-10-19,39.8,39.8,ft^3/s,Approved,[],2025-03-11T21:24:03.840047+00:00,f0d00c4983614291b938804a9df6b127
2013-10-20,36.4,36.4,ft^3/s,Approved,[],2025-03-11T21:24:03.840047+00:00,f0d00c4983614291b938804a9df6b127
2013-10-21,33.4,33.4,ft^3/s,Approved,[],2025-03-11T21:24:03.840047+00:00,f0d00c4983614291b938804a9df6b127
2013-10-22,29.7,29.7,ft^3/s,Approved,[],2025-03-11T21:24:03.840047+00:00,f0d00c4983614291b938804a9df6b127
2013-10-23,26.3,26.3,ft^3/s,Approved,[],2025-03-11T21:24:03.840047+00:00,f0d00c4983614291b938804a9df6b127
2013-10-24,23.8,23.8,ft^3/s,Approved,[],2025-03-11T21:24:03.840047+00:00,f0d00c4983614291b938804a9df6b127
2013-10-25,21.8,21.8,ft^3/s,Approved,[],2025-03-11T21:24:03.840047+00:00,f0d00c4983614291b938804a9df6b127
2013-10-26,20.6,20.6,ft^3/s,Approved,[],2025-03-11T21:24:03.840047+00:00,f0d00c4983614291b938804a9df6b127
2013-10-27,19.5,19.5,ft^3/s,Approved,[],2025-03-11T21:24:03.840047+00:00,f0d00c4983614291b938804a9df6b127
2013-10-28,18.4,18.4,ft^3/s,Approved,[],2025-03-11T21:24:03.840047+00:00,f0d00c4983614291b938804a9df6b127
2013-10-29,17.2,17.2,ft^3/s,Approved,[],2025-03-11T21:24:03.840047+00:00,f0d00c4983614291b938804a9df6b127
2013-10-30,16.5,16.5,ft^3/s,Approved,[],2025-03-11T21:24:03.840047+00:00,f0d00c4983614291b938804a9df6b127
2013-10-31,131.0,131,ft^3/s,Approved,[],2025-03-11T21:24:03.840047+00:00,f0d00c4983614291b938804a9df6b127
2013-11-01,136.0,136,ft^3/s,Approved,[],2025-03-11T21:24:03.840047+00:00,f0d00c4983614291b938804a9df6b127
2013-11-02,110.0,110,ft^3/s,Approved,[],2025-03-11T21:24:03.840047+00:00,f0d00c4983614291b938804a9df6b127
2013-11-03,94.4,94.4,ft^3/s,Approved,[],2025-03-11T21:24:03.840047+00:00,f0d00c4983614291b938804a9df6b127
2013-11-04,89.1,89.1,ft^3/s,Approved,[],2025-03-11T21:24:03.840047+00:00,f0d00c4983614291b938804a9df6b127
2013-11-05,85.5,85.5,ft^3/s,Approved,[],2025-03-11T21:24:03.840047+00:00,f0d00c4983614291b938804a9df6b127
2013-11-06,83.5,83.5,ft^3/s,Approved,[],2025-03-11T21:24:03.840047+00:00,f0d00c4983614291b938804a9df6b127
2013-11-07,79.3,79.3,ft^3/s,Approved,[],2025-03-11T21:24:03.840047+00:00,f0d00c4983614291b938804a9df6b127
2013-11-08,75.5,75.5,ft^3/s,Approved,[],2025-03-11T21:24:03.840047+00:00,f0d00c4983614291b938804a9df6b127
2013-11-09,72.5,72.5,ft^3/s,Approved,[],2025-03-11T21:24:03.840047+00:00,f0d00c4983614291b938804a9df6b127
2013-11-10,70.0,70.0,ft^3/s,Approved,[],2025-03-11T21:24:03.840047+00:00,f0d00c4983614291b938804a9df6b127
2013-11-11,66.5,66.5,ft^3/s,Approved,[],2025-03-11T21:24:03.840047+00:00,f0d00c4983614291b938804a9df6b127
2013-11-12,65.4,65.4,ft^3/s,Approved,[],2025-03-11T21:24:03.840047+00:00,f0d00c4983614291b938804a9df6b127
2013-11-13,59.8,59.8,ft^3/s,Approved,[],2025-03-11T21:24:03.840047+00:00,f0d00c4983614291b938804a9df6b127
2013-11-14,57.1,57.1,ft^3/s,Approved,[],2025-03-11T21:24:03.840047+00:00,f0d00c4983614291b938804a9df6b127
2013-11-15,55.0,55.0,ft^3/s,Approved,[],2025-03-11T21:24:03.840047+00:00,f0d00c4983614291b938804a9df6b127
2013-11-16,53.1,53.1,ft^3/s,Approved,[],2025-03-11T21:24:03.840047+00:00,f0d00c4983614291b938804a9df6b127
2013-11-17,51.0,51.0,ft^3/s,Approved,[],2025-03-11T21:24:03.840047+00:00,f0d00c4983614291b938804a9df6b127
2013-11-18,47.7,47.7,ft^3/s,Approved,[],2025-03-11T21:24:03.840047+00:00,f0d00c4983614291b938804a9df6b127
2013-11-19,46.3,46.3,ft^3/s,Approved,[],2025-03-11T21:24:03.840047+00:00,f0d00c4983614291b938804a9df6b127
2013-11-20,44.9,44.9,ft^3/s,Approved,[],2025-03-11T21:24:03.840047+00:00,f0d00c4983614291b938804a9df6b127
2013-11-21,43.6,43.6,ft^3/s,Approved,[],2025-03-11T21:24:03.840047+00:00,f0d00c4983614291b938804a9df6b127
2013-11-22,43.2,43.2,ft^3/s,Approved,[],2025-03-11T21:24:03.840047+00:00,f0d00c4983614291b938804a9df6b127
2013-11-23,42.2,42.2,ft^3/s,Approved,[],2025-03-11T21:24:03.840047+00:00,f0d00c4983614291b938804a9df6b127
2013-11-24,40.6,40.6,ft^3/s,Approved,[],2025-03-11T21:24:03.840047+00:00,f0d00c4983614291b938804a9df6b127
2013-11-25,40.7,40.7,ft^3/s,Approved,[],2025-03-11T21:24:03.840047+00:00,f0d00c4983614291b938804a9df6b127
2013-11-26,43.6,43.6,ft^3/s,Approved,[],2025-03-11T21:24:03.840047+00:00,f0d00c4983614291b938804a9df6b127
2013-11-27,43.4,43.4,ft^3/s,Approved,[],2025-03-11T21:24:03.840047+00:00,f0d00c4983614291b938804a9df6b127
2013-11-28,42.4,42.4,ft^3/s,Approved,[],2025-03-11T21:24:03.840047+00:00,f0d00c4983614291b938804a9df6b127
2013-11-29,41.6,41.6,ft^3/s,Approved,[],2025-03-11T21:24:03.840047+00:00,f0d00c4983614291b938804a9df6b127
2013-11-30,40.7,40.7,ft^3/s,Approved,[],2025-03-11T21:24:03.840047+00:00,f0d00c4983614291b938804a9df6b127
2013-12-01,40.1,40.1,ft^3/s,Approved,[],2025-03-11T21:24:03.840047+00:00,f0d00c4983614291b938804a9df6b127
2013-12-02,39.8,39.8,ft^3/s,Approved,[],2025-03-11T21:24:03.840047+00:00,f0d00c4983614291b938804a9df6b127
2013-12-03,39.3,39.3,ft^3/s,Approved,[],2025-03-11T21:24:03.840047+00:00,f0d00c4983614291b938804a9df6b127
2013-12-04,38.2,38.2,ft^3/s,Approved,[],2025-03-11T21:24:03.840047+00:00,f0d00c4983614291b938804a9df6b127
2013-12-05,37.8,37.8,ft^3/s,Approved,[],2025-03-11T21:24:03.840047+00:00,f0d00c4983614291b938804a9df6b127
2013-12-06,36.3,36.3,ft^3/s,Approved,[],2025-03-11T21:24:03.840047+00:00,f0d00c4983614291b938804a9df6b127
2013-12-07,35.0,35.0,ft^3/s,Approved,[],2025-03-11T21:24:03.840047+00:00,f0d00c4983614291b938804a9df6b127
2013-12-08,34.8,34.8,ft^3/s,Approved,[],2025-03-11T21:24:03.840047+00:00,f0d00c4983614291b938804a9df6b127
2013-12-09,34.5,34.5,ft^3/s,Approved,[],2025-03-11T21:24:03.840047+00:00,f0d00c4983614291b938804a9df6b127
2013-12-10,33.5,33.5,ft^3/s,Approved,[],2025-03-11T21:24:03.840047+00:00,f0d00c4983614291b938804a9df6b127
2013-12-11,33.0,33.0,ft^3/s,Approved,[],2025-03-11T21:24:03.840047+00:00,f0d00c4983614291b938804a9df6b127
2013-12-12,31.9,31.9,ft^3/s,Approved,[],2025-03-11T21:24:03.840047+00:00,f0d00c4983614291b938804a9df6b127
2013-12-13,32.2,32.2,ft^3/s,Approved,[],2025-03-11T21:24:03.840047+00:00,f0d00c4983614291b938804a9df6b127
2013-12-14,32.0,32.0,ft^3/s,Approved,[],2025-03-11T21:24:03.840047+00:00,f0d00c4983614291b938804a9df6b127
2013-12-15,30.5,30.5,ft^3/s,Approved,[],2025-03-11T21:24:03.840047+00:00,f0d00c4983614291b938804a9df6b127
2013-12-16,29.5,29.5,ft^3/s,Approved,[],2025-03-11T21:24:03.840047+00:00,f0d00c4983614291b938804a9df6b127
2013-12-17,28.0,28.0,ft^3/s,Approved,[],2025-03-11T21:24:03.840047+00:00,f0d00c4983614291b938804a9df6b127
2013-12-18,27.0,27.0,ft^3/s,Approved,[],2025-03-11T21:24:03.840047+00:00,f0d00c4983614291b938804a9df6b127
2013-12-19,27.2,27.2,ft^3/s,Approved,[],2025-03-11T21:24:03.840047+00:00,f0d00c4983614291b938804a9df6b127
2013-12-20,27.0,27.0,ft^3/s,Approved,[],2025-03-11T21:24:03.840047+00:00,f0d00c4983614291b938804a9df6b127
2013-12-21,26.8,26.8,ft^3/s,Approved,[],2025-03-11T21:24:03.840047+00:00,f0d00c4983614291b938804a9df6b127
2013-12-22,25.8,25.8,ft^3/s,Approved,[],2025-03-11T21:24:03.840047+00:00,f0d00c4983614291b938804a9df6b127
2013-12-23,23.7,23.7,ft^3/s,Approved,[],2025-03-11T21:24:03.840047+00:00,f0d00c4983614291b938804a9df6b127
2013-12-24,23.1,23.1,ft^3/s,Approved,[],2025-03-11T21:24:03.840047+00:00,f0d00c4983614291b938804a9df6b127
2013-12-25,23.6,23.6,ft^3/s,Approved,[],2025-03-11T21:24:03.840047+00:00,f0d00c4983614291b938804a9df6b127
2013-12-26,23.0,23.0,ft^3/s,Approved,[],2025-03-11T21:24:03.840047+00:00,f0d00c4983614291b938804a9df6b127
2013-12-27,22.5,22.5,ft^3/s,Approved,[],2025-03-11T21:24:03.840047+00:00,f0d00c4983614291b938804a9df6b127
2013-12-28,22.8,22.8,ft^3/s,Approved,[],2025-03-11T21:24:03.840047+00:00,f0d00c4983614291b938804a9df6b127
2013-12-29,23.0,23.0,ft^3/s,Approved,[],2025-03-11T21:24:03.840047+00:00,f0d00c4983614291b938804a9df6b127
2013-12-30,21.8,21.8,ft^3/s,Approved,[],2025-03-11T21:24:03.840047+00:00,f0d00c4983614291b938804a9df6b127
2013-12-31,20.9,20.9,ft^3/s,Approved,[],2025-03-11T21:24:03.840047+00:00,f0d00c4983614291b938804a9df6b127
2014-01-01,20.7,20.7,ft^3/s,Approved,[],2025-03-11T21:24:03.840047+00:00,f0d00c4983614291b938804a9df6b127
2014-01-02,20.4,20.4,ft^3/s,Approved,[],2025-03-11T21:24:03.840047+00:00,f0d00c4983614291b938804a9df6b127
2014-01-03,19.5,19.5,ft^3/s,Approved,[],2025-03-11T21:24:03.840047+00:00,f0d00c4983614291b938804a9df6b127
2014-01-04,20.0,20.0,ft^3/s,Approved,[],2025-03-11T21:24:03.840047+00:00,f0d00c4983614291b938804a9df6b127
2014-01-05,19.6,19.6,ft^3/s,Approved,[],2025-03-11T21:24:03.840047+00:00,f0d00c4983614291b938804a9df6b127
2014-01-06,17.6,17.6,ft^3/s,Approved,[],2025-03-11T21:24:03.840047+00:00,f0d00c4983614291b938804a9df6b127
2014-01-07,16.9,16.9,ft^3/s,Approved,[],2025-03-11T21:24:03.840047+00:00,f0d00c4983614291b938804a9df6b127
2014-01-08,16.8,16.8,ft^3/s,Approved,[],2025-03-11T21:24:03.840047+00:00,f0d00c4983614291b938804a9df6b127
2014-01-09,17.4,17.4,ft^3/s,Approved,[],2025-03-11T21:24:03.840047+00:00,f0d00c4983614291b938804a9df6b127
2014-01-10,17.4,17.4,ft^3/s,Approved,[],2025-03-11T21:24:03.840047+00:00,f0d00c4983614291b938804a9df6b127
2014-01-11,17.1,17.1,ft^3/s,Approved,[],2025-03-11T21:24:03.840047+00:00,f0d00c4983614291b938804a9df6b127
2014-01-12,16.4,16.4,ft^3/s,Approved,[],2025-03-11T21:24:03.840047+00:00,f0d00c4983614291b938804a9df6b127
2014-01-13,16.7,16.7,ft^3/s,Approved,[],2025-03-11T21:24:03.840047+00:00,f0d00c4983614291b938804a9df6b127
2014-01-14,15.6,15.6,ft^3/s,Approved,[],2025-03-11T21:24:03.840047+00:00,f0d00c4983614291b938804a9df6b127
2014-01-15,14.6,14.6,ft^3/s,Approved,[],2025-03-11T21:24:03.840047+00:00,f0d00c4983614291b938804a9df6b127
2014-01-16,14.7,14.7,ft^3/s,Approved,[],2025-03-11T21:24:03.840047+00:00,f0d00c4983614291b938804a9df6b127
2014-01-17,14.2,14.2,ft^3/s,Approved,[],2025-03-11T21:24:03.840047+00:00,f0d00c4983614291b938804a9df6b127
2014-01-18,13.9,13.9,ft^3/s,Approved,[],2025-03-11T21:24:03.840047+00:00,f0d00c4983614291b938804a9df6b127
2014-01-19,13.7,13.7,ft^3/s,Approved,[],2025-03-11T21:24:03.840047+00:00,f0d00c4983614291b938804a9df6b127
2014-01-20,13.8,13.8,ft^3/s,Approved,[],2025-03-11T21:24:03.840047+00:00,f0d00c4983614291b938804a9df6b127
2014-01-21,13.0,13.0,ft^3/s,Approved,[],2025-03-11T21:24:03.840047+00:00,f0d00c4983614291b938804a9df6b127
2014-01-22,12.8,12.8,ft^3/s,Approved,[],2025-03-11T21:24:03.840047+00:00,f0d00c4983614291b938804a9df6b127
2014-01-23,12.2,12.2,ft^3/s,Approved,[],2025-03-11T21:24:03.840047+00:00,f0d00c4983614291b938804a9df6b127
2014-01-24,11.3,11.3,ft^3/s,Approved,[],2025-03-11T21:24:03.840047+00:00,f0d00c4983614291b938804a9df6b127
2014-01-25,11.6,11.6,ft^3/s,Approved,[],2025-03-11T21:24:03.840047+00:00,f0d00c4983614291b938804a9df6b127
2014-01-26,12.3,12.3,ft^3/s,Approved,[],2025-03-11T21:24:03.840047+00:00,f0d00c4983614291b938804a9df6b127
2014-01-27,12.0,12.0,ft^3/s,Approved,[],2025-03-11T21:24:03.840047+00:00,f0d00c4983614291b938804a9df6b127
2014-01-28,11.0,11.0,ft^3/s,Approved,[],2025-03-11T21:24:03.840047+00:00,f0d00c4983614291b938804a9df6b127
2014-01-29,10.6,10.6,ft^3/s,Approved,[],2025-03-11T21:24:03.840047+00:00,f0d00c4983614291b938804a9df6b127
2014-01-30,10.9,10.9,ft^3/s,Approved,[],2025-03-11T21:24:03.840047+00:00,f0d00c4983614291b938804a9df6b127
2014-01-31,10.7,10.7,ft^3/s,Approved,[],2025-03-11T21:24:03.840047+00:00,f0d00c4983614291b938804a9df6b127
2014-02-01,10.0,10.0,ft^3/s,Approved,[],2025-03-11T21:24:03.840047+00:00,f0d00c4983614291b938804a9df6b127
2014-02-02,9.67,9.67,ft^3/s,Approved,[],2025-03-11T21:24:03.840047+00:00,f0d00c4983614291b938804a9df6b127
2014-02-03,9.26,9.26,ft^3/s,Approved,[],2025-03-11T21:24:03.840047+00:00,f0d00c4983614291b938804a9df6b127
2014-02-04,9.49,9.49,ft^3/s,Approved,[],2025-03-11T21:24:03.840047+00:00,f0d00c4983614291b938804a9df6b127
2014-02-05,9.08,9.08,ft^3/s,Approved,[],2025-03-11T21:24:03.840047+00:00,f0d00c4983614291b938804a9df6b127
2014-02-06,8.77,8.77,ft^3/s,Approved,[],2025-03-11T21:24:03.840047+00:00,f0d00c4983614291b938804a9df6b127
2014-02-07,8.7,8.70,ft^3/s,Approved,[],2025-03-11T21:24:03.840047+00:00,f0d00c4983614291b938804a9df6b127
2014-02-08,8.53,8.53,ft^3/s,Approved,[],2025-03-11T21:24:03.840047+00:00,f0d00c4983614291b938804a9df6b127
2014-02-09,8.3,8.30,ft^3/s,Approved,[],2025-03-11T21:24:03.840047+00:00,f0d00c4983614291b938804a9df6b127
2014-02-10,8.06,8.06,ft^3/s,Approved,[],2025-03-11T21:24:03.840047+00:00,f0d00c4983614291b938804a9df6b127
2014-02-11,7.63,7.63,ft^3/s,Approved,[],2025-03-11T21:24:03.840047+00:00,f0d00c4983614291b938804a9df6b127
2014-02-12,7.55,7.55,ft^3/s,Approved,[],2025-03-11T21:24:03.840047+00:00,f0d00c4983614291b938804a9df6b127
2014-02-13,7.73,7.73,ft^3/s,Approved,[],2025-03-11T21:24:03.840047+00:00,f0d00c4983614291b938804a9df6b127
2014-02-14,7.71,7.71,ft^3/s,Approved,[],2025-03-11T21:24:03.840047+00:00,f0d00c4983614291b938804a9df6b127
2014-02-15,7.47,7.47,ft^3/s,Approved,[],2025-03-11T21:24:03.840047+00:00,f0d00c4983614291b938804a9df6b127
2014-02-16,7.54,7.54,ft^3/s,Approved,[],2025-03-11T21:24:03.840047+00:00,f0d00c4983614291b938804a9df6b127
2014-02-17,7.67,7.67,ft^3/s,Approved,[],2025-03-11T21:24:03.840047+00:00,f0d00c4983614291b938804a9df6b127
2014-02-18,7.63,7.63,ft^3/s,Approved,[],2025-03-11T21:24:03.840047+00:00,f0d00c4983614291b938804a9df6b127
2014-02-19,7.94,7.94,ft^3/s,Approved,[],2025-03-11T21:24:03.840047+00:00,f0d00c4983614291b938804a9df6b127
2014-02-20,8.14,8.14,ft^3/s,Approved,[],2025-03-11T21:24:03.840047+00:00,f0d00c4983614291b938804a9df6b127
2014-02-21,7.63,7.63,ft^3/s,Approved,[],2025-03-11T21:24:03.840047+00:00,f0d00c4983614291b938804a9df6b127
2014-02-22,7.42,7.42,ft^3/s,Approved,[],2025-03-11T21:24:03.840047+00:00,f0d00c4983614291b938804a9df6b127
2014-02-23,7.54,7.54,ft^3/s,Approved,[],2025-03-11T21:24:03.840047+00:00,f0d00c4983614291b938804a9df6b127
2014-02-24,7.51,7.51,ft^3/s,Approved,[],2025-03-11T21:24:03.840047+00:00,f0d00c4983614291b938804a9df6b127
2014-02-25,7.36,7.36,ft^3/s,Approved,[],2025-03-11T21:24:03.840047+00:00,f0d00c4983614291b938804a9df6b127
2014-02-26,7.03,7.03,ft^3/s,Approved,[],2025-03-11T21:24:03.840047+00:00,f0d00c4983614291b938804a9df6b127
2014-02-27,6.88,6.88,ft^3/s,Approved,[],2025-03-11T21:24:03.840047+00:00,f0d00c4983614291b938804a9df6b127
2014-02-28,7.06,7.06,ft^3/s,Approved,[],2025-03-11T21:24:03.840047+00:00,f0d00c4983614291b938804a9df6b127
2014-03-01,6.86,6.86,ft^3/s,Approved,[],2025-03-11T21:24:03.840047+00:00,f0d00c4983614291b938804a9df6b127
2014-03-02,6.8,6.80,ft^3/s,Approved,[],2025-03-11T21:24:03.840047+00:00,f0d00c4983614291b938804a9df6b127
2014-03-03,6.28,6.28,ft^3/s,Approved,[],2025-03-11T21:24:03.840047+00:00,f0d00c4983614291b938804a9df6b127
2014-03-04,6.4,6.40,ft^3/s,Approved,[],2025-03-11T21:24:03.840047+00:00,f0d00c4983614291b938804a9df6b127
2014-03-05,6.49,6.49,ft^3/s,Approved,[],2025-03-11T21:24:03.840047+00:00,f0d00c4983614291b938804a9df6b127
2014-03-06,6.38,6.38,ft^3/s,Approved,[],2025-03-11T21:24:03.840047+00:00,f0d00c4983614291b938804a9df6b127
2014-03-07,5.93,5.93,ft^3/s,Approved,[],2025-03-11T21:24:03.840047+00:00,f0d00c4983614291b938804a9df6b127
2014-03-08,5.65,5.65,ft^3/s,Approved,[],2025-03-11T21:24:03.840047+00:00,f0d00c4983614291b938804a9df6b127
2014-03-09,5.44,5.44,ft^3/s,Approved,[],2025-03-11T21:24:03.840047+00:00,f0d00c4983614291b938804a9df6b127
2014-03-10,5.45,5.45,ft^3/s,Approved,[],2025-03-11T21:24:03.840047+00:00,f0d00c4983614291b938804a9df6b127
2014-03-11,6.12,6.12,ft^3/s,Approved,[],2025-03-11T21:24:03.840047+00:00,f0d00c4983614291b938804a9df6b127
2014-03-12,6.13,6.13,ft^3/s,Approved,[],2025-03-11T21:24:03.840047+00:00,f0d00c4983614291b938804a9df6b127
2014-03-13,5.95,5.95,ft^3/s,Approved,[],2025-03-11T21:24:03.840047+00:00,f0d00c4983614291b938804a9df6b127
2014-03-14,6.42,6.42,ft^3/s,Approved,[],2025-03-11T21:24:03.840047+00:00,f0d00c4983614291b938804a9df6b127
2014-03-15,6.22,6.22,ft^3/s,Approved,[],2025-03-11T21:24:03.840047+00:00,f0d00c4983614291b938804a9df6b127
2014-03-16,5.8,5.80,ft^3/s,Approved,[],2025-03-11T21:24:03.840047+00:00,f0d00c4983614291b938804a9df6b127
2014-03-17,5.33,5.33,ft^3/s,Approved,[],2025-03-11T21:24:03.840047+00:00,f0d00c4983614291b938804a9df6b127
2014-03-18,5.51,5.51,ft^3/s,Approved,[],2025-03-11T21:24:03.840047+00:00,f0d00c4983614291b938804a9df6b127
2014-03-19,5.26,5.26,ft^3/s,Approved,[],2025-03-11T21:24:03.840047+00:00,f0d00c4983614291b938804a9df6b127
2014-03-20,5.36,5.36,ft^3/s,Approved,[],2025-03-11T21:24:03.840047+00:00,f0d00c4983614291b938804a9df6b127
2014-03-21,5.34,5.34,ft^3/s,Approved,[],2025-03-11T21:24:03.840047+00:00,f0d00c4983614291b938804a9df6b127
2014-03-22,5.75,5.75,ft^3/s,Approved,[],2025-03-11T21:24:03.840047+00:00,f0d00c4983614291b938804a9df6b127
2014-03-23,5.46,5.46,ft^3/s,Approved,[],2025-03-11T21:24:03.840047+00:00,f0d00c4983614291b938804a9df6b127
2014-03-24,5.11,5.11,ft^3/s,Approved,[],2025-03-11T21:24:03.840047+00:00,f0d00c4983614291b938804a9df6b127
2014-03-25,4.79,4.79,ft^3/s,Approved,[],2025-03-11T21:24:03.840047+00:00,f0d00c4983614291b938804a9df6b127
2014-03-26,4.9,4.90,ft^3/s,Approved,[],2025-03-11T21:24:03.840047+00:00,f0d00c4983614291b938804a9df6b127
2014-03-27,5.4,5.40,ft^3/s,Approved,[],2025-03-11T21:24:03.840047+00:00,f0d00c4983614291b938804a9df6b127
2014-03-28,5.55,5.55,ft^3/s,Approved,[],2025-03-11T21:24:03.840047+00:00,f0d00c4983614291b938804a9df6b127
2014-03-29,5.24,5.24,ft^3/s,Approved,[],2025-03-11T21:24:03.840047+00:00,f0d00c4983614291b938804a9df6b127
2014-03-30,4.75,4.75,ft^3/s,Approved,[],2025-03-11T21:24:03.840047+00:00,f0d00c4983614291b938804a9df6b127
2014-03-31,4.96,4.96,ft^3/s,Approved,[],2025-03-11T21:24:03.840047+00:00,f0d00c4983614291b938804a9df6b127
2014-04-01,5.25,5.25,ft^3/s,Approved,[],2025-03-11T21:24:03.840047+00:00,f0d00c4983614291b938804a9df6b127
2014-04-02,5.51,5.51,ft^3/s,Approved,[],2025-03-11T21:24:03.840047+00:00,f0d00c4983614291b938804a9df6b127
2014-04-03,5.99,5.99,ft^3/s,Approved,[],2025-03-11T21:24:03.840047+00:00,f0d00c4983614291b938804a9df6b127
2014-04-04,5.49,5.49,ft^3/s,Approved,[],2025-03-11T21:24:03.840047+00:00,f0d00c4983614291b938804a9df6b127
2014-04-05,4.95,4.95,ft^3/s,Approved,[],2025-03-11T21:24:03.840047+00:00,f0d00c4983614291b938804a9df6b127
2014-04-06,5.04,5.04,ft^3/s,Approved,[],2025-03-11T21:24:03.840047+00:00,f0d00c4983614291b938804a9df6b127
2014-04-07,5.08,5.08,ft^3/s,Approved,[],2025-03-11T21:24:03.840047+00:00,f0d00c4983614291b938804a9df6b127
2014-04-08,4.92,4.92,ft^3/s,Approved,[],2025-03-11T21:24:03.840047+00:00,f0d00c4983614291b938804a9df6b127
2014-04-09,4.41,4.41,ft^3/s,Approved,[],2025-03-11T21:24:03.840047+00:00,f0d00c4983614291b938804a9df6b127
2014-04-10,4.25,4.25,ft^3/s,Approved,[],2025-03-11T21:24:03.840047+00:00,f0d00c4983614291b938804a9df6b127
2014-04-11,4.52,4.52,ft^3/s,Approved,[],2025-03-11T21:24:03.840047+00:00,f0d00c4983614291b938804a9df6b127
2014-04-12,5.41,5.41,ft^3/s,Approved,[],2025-03-11T21:24:03.840047+00:00,f0d00c4983614291b938804a9df6b127
2014-04-13,5.92,5.92,ft^3/s,Approved,[],2025-03-11T21:24:03.840047+00:00,f0d00c4983614291b938804a9df6b127
2014-04-14,6.14,6.14,ft^3/s,Approved,[],2025-03-11T21:24:03.840047+00:00,f0d00c4983614291b938804a9df6b127
2014-04-15,5.77,5.77,ft^3/s,Approved,[],2025-03-11T21:24:03.840047+00:00,f0d00c4983614291b938804a9df6b127
2014-04-16,6.13,6.13,ft^3/s,Approved,[],2025-03-11T21:24:03.840047+00:00,f0d00c4983614291b938804a9df6b127
2014-04-17,6.37,6.37,ft^3/s,Approved,[],2025-03-11T21:24:03.840047+00:00,f0d00c4983614291b938804a9df6b127
2014-04-18,6.2,6.20,ft^3/s,Approved,[],2025-03-11T21:24:03.840047+00:00,f0d00c4983614291b938804a9df6b127
2014-04-19,6.32,6.32,ft^3/s,Approved,[],2025-03-11T21:24:03.840047+00:00,f0d00c4983614291b938804a9df6b127
2014-04-20,5.94,5.94,ft^3/s,Approved,[],2025-03-11T21:24:03.840047+00:00,f0d00c4983614291b938804a9df6b127
2014-04-21,5.86,5.86,ft^3/s,Approved,[],2025-03-11T21:24:03.840047+00:00,f0d00c4983614291b938804a9df6b127
2014-04-22,6.17,6.17,ft^3/s,Approved,[],2025-03-11T21:24:03.840047+00:00,f0d00c4983614291b938804a9df6b127
2014-04-23,6.53,6.53,ft^3/s,Approved,[],2025-03-11T21:24:03.840047+00:00,f0d00c4983614291b938804a9df6b127
2014-04-24,6.44,6.44,ft^3/s,Approved,[],2025-03-11T21:24:03.840047+00:00,f0d00c4983614291b938804a9df6b127
2014-04-25,6.51,6.51,ft^3/s,Approved,[],2025-03-11T21:24:03.840047+00:00,f0d00c4983614291b938804a9df6b127
2014-04-26,6.45,6.45,ft^3/s,Approved,[],2025-03-11T21:24:03.840047+00:00,f0d00c4983614291b938804a9df6b127
2014-04-27,6.68,6.68,ft^3/s,Approved,[],2025-03-11T21:24:03.840047+00:00,f0d00c4983614291b938804a9df6b127
2014-04-28,6.27,6.27,ft^3/s,Approved,[],2025-03-11T21:24:03.840047+00:00,f0d00c4983614291b938804a9df6b127
2014-04-29,6.07,6.07,ft^3/s,Approved,[],2025-03-11T21:24:03.840047+00:00,f0d00c4983614291b938804a9df6b127
2014-04-30,5.07,5.07,ft^3/s,Approved,[],2025-03-11T21:24:03.840047+00:00,f0d00c4983614291b938804a9df6b127
2014-05-01,4.62,4.62,ft^3/s,Approved,[],2025-03-11T21:24:03.840047+00:00,f0d00c4983614291b938804a9df6b127
2014-05-02,4.67,4.67,ft^3/s,Approved,[],2025-03-11T21:24:03.840047+00:00,f0d00c4983614291b938804a9df6b127
2014-05-03,3.62,3.62,ft^3/s,Approved,[],2025-03-11T21:24:03.840047+00:00,f0d00c4983614291b938804a9df6b127
2014-05-04,3.18,3.18,ft^3/s,Approved,[],2025-03-11T21:24:03.840047+00:00,f0d00c4983614291b938804a9df6b127
2014-05-05,2.95,2.95,ft^3/s,Approved,[],2025-03-11T21:24:03.840047+00:00,f0d00c4983614291b938804a9df6b127
2014-05-06,2.96,2.96,ft^3/s,Approved,[],2025-03-11T21:24:03.840047+00:00,f0d00c4983614291b938804a9df6b127
2014-05-07,2.67,2.67,ft^3/s,Approved,[],2025-03-11T21:24:03.840047+00:00,f0d00c4983614291b938804a9df6b127
2014-05-08,2.46,2.46,ft^3/s,Approved,[],2025-03-11T21:24:03.840047+00:00,f0d00c4983614291b938804a9df6b127
2014-05-09,2.61,2.61,ft^3/s,Approved,[],2025-03-11T21:24:03.840047+00:00,f0d00c4983614291b938804a9df6b127
2014-05-10,4.41,4.41,ft^3/s,Approved,[],2025-03-11T21:24:03.840047+00:00,f0d00c4983614291b938804a9df6b127
2014-05-11,3.36,3.36,ft^3/s,Approved,[],2025-03-11T21:24:03.840047+00:00,f0d00c4983614291b938804a9df6b127
2014-05-12,3.03,3.03,ft^3/s,Approved,[],2025-03-11T21:24:03.840047+00:00,f0d00c4983614291b938804a9df6b127
2014-05-13,14.8,14.8,ft^3/s,Approved,[],2025-03-11T21:24:03.840047+00:00,f0d00c4983614291b938804a9df6b127
2014-05-14,11.5,11.5,ft^3/s,Approved,[],2025-03-11T21:24:03.840047+00:00,f0d00c4983614291b938804a9df6b127
2014-05-15,9.66,9.66,ft^3/s,Approved,[],2025-03-11T21:24:03.840047+00:00,f0d00c4983614291b938804a9df6b127
2014-05-16,8.0,8.00,ft^3/s,Approved,[],2025-03-11T21:24:03.840047+00:00,f0d00c4983614291b938804a9df6b127
2014-05-17,7.36,7.36,ft^3/s,Approved,[],2025-03-11T21:24:03.840047+00:00,f0d00c4983614291b938804a9df6b127
2014-05-18,8.18,8.18,ft^3/s,Approved,[],2025-03-11T21:24:03.840047+00:00,f0d00c4983614291b938804a9df6b127
2014-05-19,6.31,6.31,ft^3/s,Approved,[],2025-03-11T21:24:03.840047+00:00,f0d00c4983614291b938804a9df6b127
2014-05-20,4.88,4.88,ft^3/s,Approved,[],2025-03-11T21:24:03.840047+00:00,f0d00c4983614291b938804a9df6b127
2014-05-21,5.11,5.11,ft^3/s,Approved,[],2025-03-11T21:24:03.840047+00:00,f0d00c4983614291b938804a9df6b127
2014-05-22,3.86,3.86,ft^3/s,Approved,[],2025-03-11T21:24:03.840047+00:00,f0d00c4983614291b938804a9df6b127
2014-05-23,4.92,4.92,ft^3/s,Approved,[],2025-03-11T21:24:03.840047+00:00,f0d00c4983614291b938804a9df6b127
2014-05-24,3.3,3.30,ft^3/s,Approved,[],2025-03-11T21:24:03.840047+00:00,f0d00c4983614291b938804a9df6b127
2014-05-25,3.48,3.48,ft^3/s,Approved,[],2025-03-11T21:24:03.840047+00:00,f0d00c4983614291b938804a9df6b127
2014-05-26,16.0,16.0,ft^3/s,Approved,[],2025-03-11T21:24:03.840047+00:00,f0d00c4983614291b938804a9df6b127
2014-05-27,66.2,66.2,ft^3/s,Approved,[],2025-03-11T21:24:03.840047+00:00,f0d00c4983614291b938804a9df6b127
2014-05-28,95.3,95.3,ft^3/s,Approved,[],2025-03-11T21:24:03.840047+00:00,f0d00c4983614291b938804a9df6b127
2014-05-29,94.9,94.9,ft^3/s,Approved,[],2025-03-11T21:24:03.840047+00:00,f0d00c4983614291b938804a9df6b127
2014-05-30,71.5,71.5,ft^3/s,Approved,[],2025-03-11T21:24:03.840047+00:00,f0d00c4983614291b938804a9df6b127
2014-05-31,63.0,63.0,ft^3/s,Approved,[],2025-03-11T21:24:03.840047+00:00,f0d00c4983614291b938804a9df6b127
2014-06-01,53.8,53.8,ft^3/s,Approved,[],2025-03-11T21:24:03.840047+00:00,f0d00c4983614291b938804a9df6b127
2014-06-02,69.2,69.2,ft^3/s,Approved,[],2025-03-11T21:24:03.840047+00:00,f0d00c4983614291b938804a9df6b127
2014-06-03,61.3,61.3,ft^3/s,Approved,[],2025-03-11T21:24:03.840047+00:00,f0d00c4983614291b938804a9df6b127
2014-06-04,62.5,62.5,ft^3/s,Approved,[],2025-03-11T21:24:03.840047+00:00,f0d00c4983614291b938804a9df6b127
2014-06-05,57.9,57.9,ft^3/s,Approved,[],2025-03-11T21:24:03.840047+00:00,f0d00c4983614291b938804a9df6b127
2014-06-06,47.9,47.9,ft^3/s,Approved,[],2025-03-11T21:24:03.840047+00:00,f0d00c4983614291b938804a9df6b127
2014-06-07,42.5,42.5,ft^3/s,Approved,[],2025-03-11T21:24:03.840047+00:00,f0d00c4983614291b938804a9df6b127
2014-06-08,47.1,47.1,ft^3/s,Approved,[],2025-03-11T21:24:03.840047+00:00,f0d00c4983614291b938804a9df6b127
2014-06-09,30.9,30.9,ft^3/s,Approved,[],2025-03-11T21:24:03.840047+00:00,f0d00c4983614291b938804a9df6b127
2014-06-10,32.0,32.0,ft^3/s,Approved,[],2025-03-11T21:24:03.840047+00:00,f0d00c4983614291b938804a9df6b127
2014-06-11,29.8,29.8,ft^3/s,Approved,[],2025-03-11T21:24:03.840047+00:00,f0d00c4983614291b938804a9df6b127
2014-06-12,39.0,39.0,ft^3/s,Approved,[],2025-03-11T21:24:03.840047+00:00,f0d00c4983614291b938804a9df6b127
2014-06-13,29.4,29.4,ft^3/s,Approved,[],2025-03-11T21:24:03.840047+00:00,f0d00c4983614291b938804a9df6b127
2014-06-14,31.3,31.3,ft^3/s,Approved,[],2025-03-11T21:24:03.840047+00:00,f0d00c4983614291b938804a9df6b127
2014-06-15,43.6,43.6,ft^3/s,Approved,[],2025-03-11T21:24:03.840047+00:00,f0d00c4983614291b938804a9df6b127
2014-06-16,22.5,22.5,ft^3/s,Approved,[],2025-03-11T21:24:03.840047+00:00,f0d00c4983614291b938804a9df6b127
2014-06-17,20.2,20.2,ft^3/s,Approved,[],2025-03-11T21:24:03.840047+00:00,f0d00c4983614291b938804a9df6b127
2014-06-18,19.0,19.0,ft^3/s,Approved,[],2025-03-11T21:24:03.840047+00:00,f0d00c4983614291b938804a9df6b127
2014-06-19,17.3,17.3,ft^3/s,Approved,[],2025-03-11T21:24:03.840047+00:00,f0d00c4983614291b938804a9df6b127
2014-06-20,16.6,16.6,ft^3/s,Approved,[],2025-03-11T21:24:03.840047+00:00,f0d00c4983614291b938804a9df6b127
2014-06-21,15.7,15.7,ft^3/s,Approved,[],2025-03-11T21:24:03.840047+00:00,f0d00c4983614291b938804a9df6b127
2014-06-22,15.2,15.2,ft^3/s,Approved,[],2025-03-11T21:24:03.840047+00:00,f0d00c4983614291b938804a9df6b127
2014-06-23,14.3,14.3,ft^3/s,Approved,[],2025-03-11T21:24:03.840047+00:00,f0d00c4983614291b938804a9df6b127
2014-06-24,14.0,14.0,ft^3/s,Approved,[],2025-03-11T21:24:03.840047+00:00,f0d00c4983614291b938804a9df6b127
2014-06-25,13.8,13.8,ft^3/s,Approved,[],2025-03-11T21:24:03.840047+00:00,f0d00c4983614291b938804a9df6b127
2014-06-26,14.4,14.4,ft^3/s,Approved,[],2025-03-11T21:24:03.840047+00:00,f0d00c4983614291b938804a9df6b127
2014-06-27,16.1,16.1,ft^3/s,Approved,[],2025-03-11T21:24:03.840047+00:00,f0d00c4983614291b938804a9df6b127
2014-06-28,14.6,14.6,ft^3/s,Approved,[],2025-03-11T21:24:03.840047+00:00,f0d00c4983614291b938804a9df6b127
2014-06-29,13.1,13.1,ft^3/s,Approved,[],2025-03-11T21:24:03.840047+00:00,f0d00c4983614291b938804a9df6b127
2014-06-30,12.2,12.2,ft^3/s,Approved,[],2025-03-11T21:24:03.840047+00:00,f0d00c4983614291b938804a9df6b127
2014-07-01,11.4,11.4,ft^3/s,Approved,[],2025-03-11T21:24:03.840047+00:00,f0d00c4983614291b938804a9df6b127
2014-07-02,10.4,10.4,ft^3/s,Approved,[],2025-03-11T21:24:03.840047+00:00,f0d00c4983614291b938804a9df6b127
2014-07-03,9.66,9.66,ft^3/s,Approved,[],2025-03-11T21:24:03.840047+00:00,f0d00c4983614291b938804a9df6b127
2014-07-04,9.53,9.53,ft^3/s,Approved,[],2025-03-11T21:24:03.840047+00:00,f0d00c4983614291b938804a9df6b127
2014-07-05,14.1,14.1,ft^3/s,Approved,[],2025-03-11T21:24:03.840047+00:00,f0d00c4983614291b938804a9df6b127
2014-07-06,12.2,12.2,ft^3/s,Approved,[],2025-03-11T21:24:03.840047+00:00,f0d00c4983614291b938804a9df6b127
2014-07-07,11.0,11.0,ft^3/s,Approved,[],2025-03-11T21:24:03.840047+00:00,f0d00c4983614291b938804a9df6b127
2014-07-08,10.2,10.2,ft^3/s,Approved,[],2025-03-11T21:24:03.840047+00:00,f0d00c4983614291b938804a9df6b127
2014-07-09,9.07,9.07,ft^3/s,Approved,[],2025-03-11T21:24:03.840047+00:00,f0d00c4983614291b938804a9df6b127
2014-07-10,8.56,8.56,ft^3/s,Approved,[],2025-03-11T21:24:03.840047+00:00,f0d00c4983614291b938804a9df6b127
2014-07-11,7.29,7.29,ft^3/s,Approved,[],2025-03-11T21:24:03.840047+00:00,f0d00c4983614291b938804a9df6b127
2014-07-12,6.69,6.69,ft^3/s,Approved,[],2025-03-11T21:24:03.840047+00:00,f0d00c4983614291b938804a9df6b127
2014-07-13,6.27,6.27,ft^3/s,Approved,[],2025-03-11T21:24:03.840047+00:00,f0d00c4983614291b938804a9df6b127
2014-07-14,5.84,5.84,ft^3/s,Approved,[],2025-03-11T21:24:03.840047+00:00,f0d00c4983614291b938804a9df6b127
2014-07-15,5.51,5.51,ft^3/s,Approved,[],2025-03-11T21:24:03.840047+00:00,f0d00c4983614291b938804a9df6b127
2014-07-16,5.24,5.24,ft^3/s,Approved,[],2025-03-11T21:24:03.840047+00:00,f0d00c4983614291b938804a9df6b127
2014-07-17,5.07,5.07,ft^3/s,Approved,[],2025-03-11T21:24:03.840047+00:00,f0d00c4983614291b938804a9df6b127
2014-07-18,44.0,44.0,ft^3/s,Approved,[],2025-03-11T21:24:03.840047+00:00,f0d00c4983614291b938804a9df6b127
2014-07-19,63.6,63.6,ft^3/s,Approved,[],2025-03-11T21:24:03.840047+00:00,f0d00c4983614291b938804a9df6b127
2014-07-20,59.0,59.0,ft^3/s,Approved,[],2025-03-11T21:24:03.840047+00:00,f0d00c4983614291b938804a9df6b127
2014-07-21,49.6,49.6,ft^3/s,Approved,[],2025-03-11T21:24:03.840047+00:00,f0d00c4983614291b938804a9df6b127
2014-07-22,44.5,44.5,ft^3/s,Approved,[],2025-03-11T21:24:03.840047+00:00,f0d00c4983614291b938804a9df6b127
2014-07-23,37.0,37.0,ft^3/s,Approved,[],2025-03-11T21:24:03.840047+00:00,f0d00c4983614291b938804a9df6b127
2014-07-24,37.6,37.6,ft^3/s,Approved,[],2025-03-11T21:24:03.840047+00:00,f0d00c4983614291b938804a9df6b127
2014-07-25,33.0,33.0,ft^3/s,Approved,[],2025-03-11T21:24:03.840047+00:00,f0d00c4983614291b938804a9df6b127
2014-07-26,26.2,26.2,ft^3/s,Approved,[],2025-03-11T21:24:03.840047+00:00,f0d00c4983614291b938804a9df6b127
2014-07-27,19.2,19.2,ft^3/s,Approved,[],2025-03-11T21:24:03.840047+00:00,f0d00c4983614291b938804a9df6b127
2014-07-28,16.3,16.3,ft^3/s,Approved,[],2025-03-11T21:24:03.840047+00:00,f0d00c4983614291b938804a9df6b127
2014-07-29,15.7,15.7,ft^3/s,Approved,[],2025-03-11T21:24:03.840047+00:00,f0d00c4983614291b938804a9df6b127
2014-07-30,15.2,15.2,ft^3/s,Approved,[],2025-03-11T21:24:03.840047+00:00,f0d00c4983614291b938804a9df6b127
2014-07-31,14.0,14.0,ft^3/s,Approved,[],2025-03-11T21:24:03.840047+00:00,f0d00c4983614291b938804a9df6b127
2014-08-01,13.0,13.0,ft^3/s,Approved,[],2025-03-11T21:24:03.840047+00:00,f0d00c4983614291b938804a9df6b127
2014-08-02,11.7,11.7,ft^3/s,Approved,[],2025-03-11T21:24:03.840047+00:00,f0d00c4983614291b938804a9df6b127
2014-08-03,10.6,10.6,ft^3/s,Approved,[],2025-03-11T21:24:03.840047+00:00,f0d00c4983614291b938804a9df6b127
2014-08-04,9.51,9.51,ft^3/s,Approved,[],2025-03-11T21:24:03.840047+00:00,f0d00c4983614291b938804a9df6b127
2014-08-05,8.47,8.47,ft^3/s,Approved,[],2025-03-11T21:24:03.840047+00:00,f0d00c4983614291b938804a9df6b127
2014-08-06,7.44,7.44,ft^3/s,Approved,[],2025-03-11T21:24:03.840047+00:00,f0d00c4983614291b938804a9df6b127
2014-08-07,6.92,6.92,ft^3/s,Approved,[],2025-03-11T21:24:03.840047+00:00,f0d00c4983614291b938804a9df6b127
2014-08-08,6.87,6.87,ft^3/s,Approved,[],2025-03-11T21:24:03.840047+00:00,f0d00c4983614291b938804a9df6b127
2014-08-09,5.15,5.15,ft^3/s,Approved,[],2025-03-11T21:24:03.840047+00:00,f0d00c4983614291b938804a9df6b127
2014-08-10,2.41,2.41,ft^3/s,Approved,[],2025-03-11T21:24:03.840047+00:00,f0d00c4983614291b938804a9df6b127
2014-08-11,1.73,1.73,ft^3/s,Approved,[],2025-03-11T21:24:03.840047+00:00,f0d00c4983614291b938804a9df6b127
2014-08-12,1.67,1.67,ft^3/s,Approved,[],2025-03-11T21:24:03.840047+00:00,f0d00c4983614291b938804a9df6b127
2014-08-13,2.64,2.64,ft^3/s,Approved,[],2025-03-11T21:24:03.840047+00:00,f0d00c4983614291b938804a9df6b127
2014-08-14,2.46,2.46,ft^3/s,Approved,[],2025-03-11T21:24:03.840047+00:00,f0d00c4983614291b938804a9df6b127
2014-08-15,1.53,1.53,ft^3/s,Approved,[],2025-03-11T21:24:03.840047+00:00,f0d00c4983614291b938804a9df6b127
2014-08-16,1.45,1.45,ft^3/s,Approved,[],2025-03-11T21:24:03.840047+00:00,f0d00c4983614291b938804a9df6b127
2014-08-17,1.07,1.07,ft^3/s,Approved,[],2025-03-11T21:24:03.840047+00:00,f0d00c4983614291b938804a9df6b127
2014-08-18,0.19,0.19,ft^3/s,Approved,[],2025-03-11T21:24:03.840047+00:00,f0d00c4983614291b938804a9df6b127
2014-08-19,0.02,0.02,ft^3/s,Approved,[],2025-03-11T21:24:03.840047+00:00,f0d00c4983614291b938804a9df6b127
2014-08-20,0.0,0.00,ft^3/s,Approved,[],2025-03-11T21:24:03.840047+00:00,f0d00c4983614291b938804a9df6b127
2014-08-21,0.0,0.00,ft^3/s,Approved,[],2025-03-11T21:24:03.840047+00:00,f0d00c4983614291b938804a9df6b127
2014-08-22,0.0,0.00,ft^3/s,Approved,[],2025-03-11T21:24:03.840047+00:00,f0d00c4983614291b938804a9df6b127
2014-08-23,0.0,0.00,ft^3/s,Approved,[],2025-03-11T21:24:03.840047+00:00,f0d00c4983614291b938804a9df6b127
2014-08-24,0.0,0.00,ft^3/s,Approved,[],2025-03-11T21:24:03.840047+00:00,f0d00c4983614291b938804a9df6b127
2014-08-25,0.0,0.00,ft^3/s,Approved,[],2025-03-11T21:24:03.840047+00:00,f0d00c4983614291b938804a9df6b127
2014-08-26,0.0,0.00,ft^3/s,Approved,[],2025-03-11T21:24:03.840047+00:00,f0d00c4983614291b938804a9df6b127
2014-08-27,2.36,2.36,ft^3/s,Approved,[],2025-03-11T21:24:03.840047+00:00,f0d00c4983614291b938804a9df6b127
2014-08-28,2.79,2.79,ft^3/s,Approved,[],2025-03-11T21:24:03.840047+00:00,f0d00c4983614291b938804a9df6b127
2014-08-29,2.27,2.27,ft^3/s,Approved,[],2025-03-11T21:24:03.840047+00:00,f0d00c4983614291b938804a9df6b127
2014-08-30,1.86,1.86,ft^3/s,Approved,[],2025-03-11T21:24:03.840047+00:00,f0d00c4983614291b938804a9df6b127
2014-08-31,1.03,1.03,ft^3/s,Approved,[],2025-03-11T21:24:03.840047+00:00,f0d00c4983614291b938804a9df6b127
2014-09-01,0.48,0.48,ft^3/s,Approved,[],2025-03-11T21:24:03.840047+00:00,f0d00c4983614291b938804a9df6b127
2014-09-02,0.17,0.17,ft^3/s,Approved,[],2025-03-11T21:24:03.840047+00:00,f0d00c4983614291b938804a9df6b127
2014-09-03,0.01,0.01,ft^3/s,Approved,[],2025-03-11T21:24:03.840047+00:00,f0d00c4983614291b938804a9df6b127
2014-09-04,0.0,0.00,ft^3/s,Approved,[],2025-03-11T21:24:03.840047+00:00,f0d00c4983614291b938804a9df6b127
2014-09-05,0.0,0.00,ft^3/s,Approved,[],2025-03-11T21:24:03.840047+00:00,f0d00c4983614291b938804a9df6b127
2014-09-06,0.0,0.00,ft^3/s,Approved,[],2025-03-11T21:24:03.840047+00:00,f0d00c4983614291b938804a9df6b127
2014-09-07,0.01,0.01,ft^3/s,Approved,[],2025-03-11T21:24:03.840047+00:00,f0d00c4983614291b938804a9df6b127
2014-09-08,0.0,0.00,ft^3/s,Approved,[],2025-03-11T21:24:03.840047+00:00,f0d00c4983614291b938804a9df6b127
2014-09-09,0.0,0.00,ft^3/s,Approved,[],2025-03-11T21:24:03.840047+00:00,f0d00c4983614291b938804a9df6b127
2014-09-10,0.0,0.00,ft^3/s,Approved,[],2025-03-11T21:24:03.840047+00:00,f0d00c4983614291b938804a9df6b127
2014-09-11,0.0,0.00,ft^3/s,Approved,[],2025-03-11T21:24:03.840047+00:00,f0d00c4983614291b938804a9df6b127
2014-09-12,0.0,0.00,ft^3/s,Approved,[],2025-03-11T21:24:03.840047+00:00,f0d00c4983614291b938804a9df6b127
2014-09-13,0.0,0.00,ft^3/s,Approved,[],2025-03-11T21:24:03.840047+00:00,f0d00c4983614291b938804a9df6b127
2014-09-14,0.96,0.96,ft^3/s,Approved,[],2025-03-11T21:24:03.840047+00:00,f0d00c4983614291b938804a9df6b127
2014-09-15,4.59,4.59,ft^3/s,Approved,[],2025-03-11T21:24:03.840047+00:00,f0d00c4983614291b938804a9df6b127
2014-09-16,7.92,7.92,ft^3/s,Approved,[],2025-03-11T21:24:03.840047+00:00,f0d00c4983614291b938804a9df6b127
2014-09-17,7.09,7.09,ft^3/s,Approved,[],2025-03-11T21:24:03.840047+00:00,f0d00c4983614291b938804a9df6b127
2014-09-18,8.61,8.61,ft^3/s,Approved,[],2025-03-11T21:24:03.840047+00:00,f0d00c4983614291b938804a9df6b127
2014-09-19,12.9,12.9,ft^3/s,Approved,[],2025-03-11T21:24:03.840047+00:00,f0d00c4983614291b938804a9df6b127
2014-09-20,10.3,10.3,ft^3/s,Approved,[],2025-03-11T21:24:03.840047+00:00,f0d00c4983614291b938804a9df6b127
2014-09-21,9.23,9.23,ft^3/s,Approved,[],2025-03-11T21:24:03.840047+00:00,f0d00c4983614291b938804a9df6b127
2014-09-22,8.09,8.09,ft^3/s,Approved,[],2025-03-11T21:24:03.840047+00:00,f0d00c4983614291b938804a9df6b127
2014-09-23,7.94,7.94,ft^3/s,Approved,[],2025-03-11T21:24:03.840047+00:00,f0d00c4983614291b938804a9df6b127
2014-09-24,7.58,7.58,ft^3/s,Approved,[],2025-03-11T21:24:03.840047+00:00,f0d00c4983614291b938804a9df6b127
2014-09-25,7.05,7.05,ft^3/s,Approved,[],2025-03-11T21:24:03.840047+00:00,f0d00c4983614291b938804a9df6b127
2014-09-26,6.66,6.66,ft^3/s,Approved,[],2025-03-11T21:24:03.840047+00:00,f0d00c4983614291b938804a9df6b127
2014-09-27,7.03,7.03,ft^3/s,Approved,[],2025-03-11T21:24:03.840047+00:00,f0d00c4983614291b938804a9df6b127
2014-09-28,6.87,6.87,ft^3/s,Approved,[],2025-03-11T21:24:03.840047+00:00,f0d00c4983614291b938804a9df6b127
2014-09-29,6.69,6.69,ft^3/s,Approved,[],2025-03-11T21:24:03.840047+00:00,f0d00c4983614291b938804a9df6b127
2014-09-30,7.09,7.09,ft^3/s,Approved,[],2025-03-11T21:24:03.840047+00:00,f0d00c4983614291b938804a9df6b127
2014-10-01,8.92,8.92,ft^3/s,Approved,[],2025-03-11T21:24:03.840047+00:00,f0d00c4983614291b938804a9df6b127
2014-10-02,9.12,9.12,ft^3/s,Approved,[],2025-03-11T21:24:03.840047+00:00,f0d00c4983614291b938804a9df6b127
2014-10-03,7.47,7.47,ft^3/s,Approved,[],2025-03-11T21:24:03.840047+00:00,f0d00c4983614291b938804a9df6b127
2014-10-04,6.93,6.93,ft^3/s,Approved,[],2025-03-11T21:24:03.840047+00:00,f0d00c4983614291b938804a9df6b127
2014-10-05,6.97,6.97,ft^3/s,Approved,[],2025-03-11T21:24:03.840047+00:00,f0d00c4983614291b938804a9df6b127
2014-10-06,6.25,6.25,ft^3/s,Approved,[],2025-03-11T21:24:03.840047+00:00,f0d00c4983614291b938804a9df6b127
2014-10-07,5.75,5.75,ft^3/s,Approved,[],2025-03-11T21:24:03.840047+00:00,f0d00c4983614291b938804a9df6b127
2014-10-08,6.64,6.64,ft^3/s,Approved,[],2025-03-11T21:24:03.840047+00:00,f0d00c4983614291b938804a9df6b127
2014-10-09,5.55,5.55,ft^3/s,Approved,[],2025-03-11T21:24:03.840047+00:00,f0d00c4983614291b938804a9df6b127
2014-10-10,5.59,5.59,ft^3/s,Approved,[],2025-03-11T21:24:03.840047+00:00,f0d00c4983614291b938804a9df6b127
2014-10-11,5.84,5.84,ft^3/s,Approved,[],2025-03-11T21:24:03.840047+00:00,f0d00c4983614291b938804a9df6b127
2014-10-12,5.37,5.37,ft^3/s,Approved,[],2025-03-11T21:24:03.840047+00:00,f0d00c4983614291b938804a9df6b127
2014-10-13,5.47,5.47,ft^3/s,Approved,[],2025-03-11T21:24:03.840047+00:00,f0d00c4983614291b938804a9df6b127
2014-10-14,5.12,5.12,ft^3/s,Approved,[],2025-03-11T21:24:03.840047+00:00,f0d00c4983614291b938804a9df6b127
2014-10-15,6.96,6.96,ft^3/s,Approved,[],2025-03-11T21:24:03.840047+00:00,f0d00c4983614291b938804a9df6b127
2014-10-16,7.22,7.22,ft^3/s,Approved,[],2025-03-11T21:24:03.840047+00:00,f0d00c4983614291b938804a9df6b127
2014-10-17,6.74,6.74,ft^3/s,Approved,[],2025-03-11T21:24:03.840047+00:00,f0d00c4983614291b938804a9df6b127
2014-10-18,6.63,6.63,ft^3/s,Approved,[],2025-03-11T21:24:03.840047+00:00,f0d00c4983614291b938804a9df6b127
2014-10-19,5.89,5.89,ft^3/s,Approved,[],2025-03-11T21:24:03.840047+00:00,f0d00c4983614291b938804a9df6b127
2014-10-20,5.47,5.47,ft^3/s,Approved,[],2025-03-11T21:24:03.840047+00:00,f0d00c4983614291b938804a9df6b127
2014-10-21,5.4,5.40,ft^3/s,Approved,[],2025-03-11T21:24:03.840047+00:00,f0d00c4983614291b938804a9df6b127
2014-10-22,5.32,5.32,ft^3/s,Approved,[],2025-03-11T21:24:03.840047+00:00,f0d00c4983614291b938804a9df6b127
2014-10-23,5.28,5.28,ft^3/s,Approved,[],2025-03-11T21:24:03.840047+00:00,f0d00c4983614291b938804a9df6b127
2014-10-24,5.25,5.25,ft^3/s,Approved,[],2025-03-11T21:24:03.840047+00:00,f0d00c4983614291b938804a9df6b127
2014-10-25,5.19,5.19,ft^3/s,Approved,[],2025-03-11T21:24:03.840047+00:00,f0d00c4983614291b938804a9df6b127
2014-10-26,5.17,5.17,ft^3/s,Approved,[],2025-03-11T21:24:03.840047+00:00,f0d00c4983614291b938804a9df6b127
2014-10-27,5.16,5.16,ft^3/s,Approved,[],2025-03-11T21:24:03.840047+00:00,f0d00c4983614291b938804a9df6b127
2014-10-28,4.92,4.92,ft^3/s,Approved,[],2025-03-11T21:24:03.840047+00:00,f0d00c4983614291b938804a9df6b127
2014-10-29,4.7,4.70,ft^3/s,Approved,[],2025-03-11T21:24:03.840047+00:00,f0d00c4983614291b938804a9df6b127
2014-10-30,4.57,4.57,ft^3/s,Approved,[],2025-03-11T21:24:03.840047+00:00,f0d00c4983614291b938804a9df6b127
2014-10-31,5.7,5.70,ft^3/s,Approved,[],2025-03-11T21:24:03.840047+00:00,f0d00c4983614291b938804a9df6b127
2014-11-01,6.13,6.13,ft^3/s,Approved,[],2025-03-11T21:24:03.840047+00:00,f0d00c4983614291b938804a9df6b127
2014-11-02,5.48,5.48,ft^3/s,Approved,[],2025-03-11T21:24:03.840047+00:00,f0d00c4983614291b938804a9df6b127
2014-11-03,5.37,5.37,ft^3/s,Approved,[],2025-03-11T21:24:03.840047+00:00,f0d00c4983614291b938804a9df6b127
2014-11-04,6.33,6.33,ft^3/s,Approved,[],2025-03-11T21:24:03.840047+00:00,f0d00c4983614291b938804a9df6b127
2014-11-05,51.8,51.8,ft^3/s,Approved,[],2025-03-11T21:24:03.840047+00:00,f0d00c4983614291b938804a9df6b127
2014-11-06,86.4,86.4,ft^3/s,Approved,[],2025-03-11T21:24:03.840047+00:00,f0d00c4983614291b938804a9df6b127
2014-11-07,76.4,76.4,ft^3/s,Approved,[],2025-03-11T21:24:03.840047+00:00,f0d00c4983614291b938804a9df6b127
2014-11-08,66.6,66.6,ft^3/s,Approved,[],2025-03-11T21:24:03.840047+00:00,f0d00c4983614291b938804a9df6b127
2014-11-09,58.5,58.5,ft^3/s,Approved,[],2025-03-11T21:24:03.840047+00:00,f0d00c4983614291b938804a9df6b127
2014-11-10,53.3,53.3,ft^3/s,Approved,[],2025-03-11T21:24:03.840047+00:00,f0d00c4983614291b938804a9df6b127
2014-11-11,45.8,45.8,ft^3/s,Approved,[],2025-03-11T21:24:03.840047+00:00,f0d00c4983614291b938804a9df6b127
2014-11-12,39.0,39.0,ft^3/s,Approved,[],2025-03-11T21:24:03.840047+00:00,f0d00c4983614291b938804a9df6b127
2014-11-13,35.2,35.2,ft^3/s,Approved,[],2025-03-11T21:24:03.840047+00:00,f0d00c4983614291b938804a9df6b127
2014-11-14,32.9,32.9,ft^3/s,Approved,[],2025-03-11T21:24:03.840047+00:00,f0d00c4983614291b938804a9df6b127
2014-11-15,30.9,30.9,ft^3/s,Approved,[],2025-03-11T21:24:03.840047+00:00,f0d00c4983614291b938804a9df6b127
2014-11-16,29.2,29.2,ft^3/s,Approved,[],2025-03-11T21:24:03.840047+00:00,f0d00c4983614291b938804a9df6b127
2014-11-17,26.3,26.3,ft^3/s,Approved,[],2025-03-11T21:24:03.840047+00:00,f0d00c4983614291b938804a9df6b127
2014-11-18,22.2,22.2,ft^3/s,Approved,[],2025-03-11T21:24:03.840047+00:00,f0d00c4983614291b938804a9df6b127
2014-11-19,20.3,20.3,ft^3/s,Approved,[],2025-03-11T21:24:03.840047+00:00,f0d00c4983614291b938804a9df6b127
2014-11-20,19.3,19.3,ft^3/s,Approved,[],2025-03-11T21:24:03.840047+00:00,f0d00c4983614291b938804a9df6b127
2014-11-21,19.2,19.2,ft^3/s,Approved,[],2025-03-11T21:24:03.840047+00:00,f0d00c4983614291b938804a9df6b127
2014-11-22,31.0,31.0,ft^3/s,Approved,[],2025-03-11T21:24:03.840047+00:00,f0d00c4983614291b938804a9df6b127
2014-11-23,57.8,57.8,ft^3/s,Approved,[],2025-03-11T21:24:03.840047+00:00,f0d00c4983614291b938804a9df6b127
2014-11-24,54.4,54.4,ft^3/s,Approved,[],2025-03-11T21:24:03.840047+00:00,f0d00c4983614291b938804a9df6b127
2014-11-25,47.8,47.8,ft^3/s,Approved,[],2025-03-11T21:24:03.840047+00:00,f0d00c4983614291b938804a9df6b127
2014-11-26,44.1,44.1,ft^3/s,Approved,[],2025-03-11T21:24:03.840047+00:00,f0d00c4983614291b938804a9df6b127
2014-11-27,38.9,38.9,ft^3/s,Approved,[],2025-03-11T21:24:03.840047+00:00,f0d00c4983614291b938804a9df6b127
2014-11-28,35.3,35.3,ft^3/s,Approved,[],2025-03-11T21:24:03.840047+00:00,f0d00c4983614291b938804a9df6b127
2014-11-29,33.7,33.7,ft^3/s,Approved,[],2025-03-11T21:24:03.840047+00:00,f0d00c4983614291b938804a9df6b127
2014-11-30,32.6,32.6,ft^3/s,Approved,[],2025-03-11T21:24:03.840047+00:00,f0d00c4983614291b938804a9df6b127
2014-12-01,31.4,31.4,ft^3/s,Approved,[],2025-03-11T21:24:03.840047+00:00,f0d00c4983614291b938804a9df6b127
2014-12-02,30.3,30.3,ft^3/s,Approved,[],2025-03-11T21:24:03.840047+00:00,f0d00c4983614291b938804a9df6b127
2014-12-03,29.6,29.6,ft^3/s,Approved,[],2025-03-11T21:24:03.840047+00:00,f0d00c4983614291b938804a9df6b127
2014-12-04,29.0,29.0,ft^3/s,Approved,[],2025-03-11T21:24:03.840047+00:00,f0d00c4983614291b938804a9df6b127
2014-12-05,28.5,28.5,ft^3/s,Approved,[],2025-03-11T21:24:03.840047+00:00,f0d00c4983614291b938804a9df6b127
2014-12-06,26.9,26.9,ft^3/s,Approved,[],2025-03-11T21:24:03.840047+00:00,f0d00c4983614291b938804a9df6b127
2014-12-07,25.4,25.4,ft^3/s,Approved,[],2025-03-11T21:24:03.840047+00:00,f0d00c4983614291b938804a9df6b127
2014-12-08,24.1,24.1,ft^3/s,Approved,[],2025-03-11T21:24:03.840047+00:00,f0d00c4983614291b938804a9df6b127
2014-12-09,23.2,23.2,ft^3/s,Approved,[],2025-03-11T21:24:03.840047+00:00,f0d00c4983614291b938804a9df6b127
2014-12-10,23.1,23.1,ft^3/s,Approved,[],2025-03-11T21:24:03.840047+00:00,f0d00c4983614291b938804a9df6b127
2014-12-11,22.6,22.6,ft^3/s,Approved,[],2025-03-11T21:24:03.840047+00:00,f0d00c4983614291b938804a9df6b127
2014-12-12,21.9,21.9,ft^3/s,Approved,[],2025-03-11T21:24:03.840047+00:00,f0d00c4983614291b938804a9df6b127
2014-12-13,21.2,21.2,ft^3/s,Approved,[],2025-03-11T21:24:03.840047+00:00,f0d00c4983614291b938804a9df6b127
2014-12-14,21.0,21.0,ft^3/s,Approved,[],2025-03-11T21:24:03.840047+00:00,f0d00c4983614291b938804a9df6b127
2014-12-15,20.6,20.6,ft^3/s,Approved,[],2025-03-11T21:24:03.840047+00:00,f0d00c4983614291b938804a9df6b127
2014-12-16,18.9,18.9,ft^3/s,Approved,[],2025-03-11T21:24:03.840047+00:00,f0d00c4983614291b938804a9df6b127
2014-12-17,17.2,17.2,ft^3/s,Approved,[],2025-03-11T21:24:03.840047+00:00,f0d00c4983614291b938804a9df6b127
2014-12-18,17.1,17.1,ft^3/s,Approved,[],2025-03-11T21:24:03.840047+00:00,f0d00c4983614291b938804a9df6b127
2014-12-19,17.1,17.1,ft^3/s,Approved,[],2025-03-11T21:24:03.840047+00:00,f0d00c4983614291b938804a9df6b127
2014-12-20,16.6,16.6,ft^3/s,Approved,[],2025-03-11T21:24:03.840047+00:00,f0d00c4983614291b938804a9df6b127
2014-12-21,16.5,16.5,ft^3/s,Approved,[],2025-03-11T21:24:03.840047+00:00,f0d00c4983614291b938804a9df6b127
2014-12-22,16.6,16.6,ft^3/s,Approved,[],2025-03-11T21:24:03.840047+00:00,f0d00c4983614291b938804a9df6b127
2014-12-23,16.1,16.1,ft^3/s,Approved,[],2025-03-11T21:24:03.840047+00:00,f0d00c4983614291b938804a9df6b127
2014-12-24,14.5,14.5,ft^3/s,Approved,[],2025-03-11T21:24:03.840047+00:00,f0d00c4983614291b938804a9df6b127
2014-12-25,13.8,13.8,ft^3/s,Approved,[],2025-03-11T21:24:03.840047+00:00,f0d00c4983614291b938804a9df6b127
2014-12-26,13.7,13.7,ft^3/s,Approved,[],2025-03-11T21:24:03.840047+00:00,f0d00c4983614291b938804a9df6b127
2014-12-27,13.1,13.1,ft^3/s,Approved,[],2025-03-11T21:24:03.840047+00:00,f0d00c4983614291b938804a9df6b127
2014-12-28,12.3,12.3,ft^3/s,Approved,[],2025-03-11T21:24:03.840047+00:00,f0d00c4983614291b938804a9df6b127
2014-12-29,12.3,12.3,ft^3/s,Approved,[],2025-03-11T21:24:03.840047+00:00,f0d00c4983614291b938804a9df6b127
2014-12-30,11.7,11.7,ft^3/s,Approved,[],2025-03-11T21:24:03.840047+00:00,f0d00c4983614291b938804a9df6b127
2014-12-31,11.1,11.1,ft^3/s,Approved,[],2025-03-11T21:24:03.840047+00:00,f0d00c4983614291b938804a9df6b127
2015-01-01,11.1,11.1,ft^3/s,Approved,[],2025-03-11T21:24:03.840047+00:00,f0d00c4983614291b938804a9df6b127
2015-01-02,11.5,11.5,ft^3/s,Approved,[],2025-03-11T21:24:03.840047+00:00,f0d00c4983614291b938804a9df6b127
2015-01-03,23.2,23.2,ft^3/s,Approved,[],2025-03-11T21:24:03.840047+00:00,f0d00c4983614291b938804a9df6b127
2015-01-04,26.5,26.5,ft^3/s,Approved,[],2025-03-11T21:24:03.840047+00:00,f0d00c4983614291b938804a9df6b127
2015-01-05,23.8,23.8,ft^3/s,Approved,[],2025-03-11T21:24:03.840047+00:00,f0d00c4983614291b938804a9df6b127
2015-01-06,23.2,23.2,ft^3/s,Approved,[],2025-03-11T21:24:03.840047+00:00,f0d00c4983614291b938804a9df6b127
2015-01-07,22.0,22.0,ft^3/s,Approved,[],2025-03-11T21:24:03.840047+00:00,f0d00c4983614291b938804a9df6b127
2015-01-08,20.0,20.0,ft^3/s,Approved,[],2025-03-11T21:24:03.840047+00:00,f0d00c4983614291b938804a9df6b127
2015-01-09,19.9,19.9,ft^3/s,Approved,[],2025-03-11T21:24:03.840047+00:00,f0d00c4983614291b938804a9df6b127
2015-01-10,18.8,18.8,ft^3/s,Approved,[],2025-03-11T21:24:03.840047+00:00,f0d00c4983614291b938804a9df6b127
2015-01-11,20.4,20.4,ft^3/s,Approved,[],2025-03-11T21:24:03.840047+00:00,f0d00c4983614291b938804a9df6b127
2015-01-12,21.3,21.3,ft^3/s,Approved,[],2025-03-11T21:24:03.840047+00:00,f0d00c4983614291b938804a9df6b127
2015-01-13,20.7,20.7,ft^3/s,Approved,[],2025-03-11T21:24:03.840047+00:00,f0d00c4983614291b938804a9df6b127
2015-01-14,21.0,21.0,ft^3/s,Approved,[],2025-03-11T21:24:03.840047+00:00,f0d00c4983614291b938804a9df6b127
2015-01-15,21.2,21.2,ft^3/s,Approved,[],2025-03-11T21:24:03.840047+00:00,f0d00c4983614291b938804a9df6b127
2015-01-16,20.6,20.6,ft^3/s,Approved,[],2025-03-11T21:24:03.840047+00:00,f0d00c4983614291b938804a9df6b127
2015-01-17,20.7,20.7,ft^3/s,Approved,[],2025-03-11T21:24:03.840047+00:00,f0d00c4983614291b938804a9df6b127
2015-01-18,19.8,19.8,ft^3/s,Approved,[],2025-03-11T21:24:03.840047+00:00,f0d00c4983614291b938804a9df6b127
2015-01-19,19.3,19.3,ft^3/s,Approved,[],2025-03-11T21:24:03.840047+00:00,f0d00c4983614291b938804a9df6b127
2015-01-20,19.1,19.1,ft^3/s,Approved,[],2025-03-11T21:24:03.840047+00:00,f0d00c4983614291b938804a9df6b127
2015-01-21,18.2,18.2,ft^3/s,Approved,[],2025-03-11T21:24:03.840047+00:00,f0d00c4983614291b938804a9df6b127
2015-01-22,57.9,57.9,ft^3/s,Approved,[],2025-03-11T21:24:03.840047+00:00,f0d00c4983614291b938804a9df6b127
2015-01-23,106.0,106,ft^3/s,Approved,[],2025-03-11T21:24:03.840047+00:00,f0d00c4983614291b938804a9df6b127
2015-01-24,99.7,99.7,ft^3/s,Approved,[],2025-03-11T21:24:03.840047+00:00,f0d00c4983614291b938804a9df6b127
2015-01-25,94.8,94.8,ft^3/s,Approved,[],2025-03-11T21:24:03.840047+00:00,f0d00c4983614291b938804a9df6b127
2015-01-26,90.8,90.8,ft^3/s,Approved,[],2025-03-11T21:24:03.840047+00:00,f0d00c4983614291b938804a9df6b127
2015-01-27,89.2,89.2,ft^3/s,Approved,[],2025-03-11T21:24:03.840047+00:00,f0d00c4983614291b938804a9df6b127
2015-01-28,87.2,87.2,ft^3/s,Approved,[],2025-03-11T21:24:03.840047+00:00,f0d00c4983614291b938804a9df6b127
2015-01-29,84.6,84.6,ft^3/s,Approved,[],2025-03-11T21:24:03.840047+00:00,f0d00c4983614291b938804a9df6b127
2015-01-30,79.8,79.8,ft^3/s,Approved,[],2025-03-11T21:24:03.840047+00:00,f0d00c4983614291b938804a9df6b127
2015-01-31,76.7,76.7,ft^3/s,Approved,[],2025-03-11T21:24:03.840047+00:00,f0d00c4983614291b938804a9df6b127
2015-02-01,74.5,74.5,ft^3/s,Approved,[],2025-03-11T21:24:03.840047+00:00,f0d00c4983614291b938804a9df6b127
2015-02-02,71.1,71.1,ft^3/s,Approved,[],2025-03-11T21:24:03.840047+00:00,f0d00c4983614291b938804a9df6b127
2015-02-03,67.8,67.8,ft^3/s,Approved,[],2025-03-11T21:24:03.840047+00:00,f0d00c4983614291b938804a9df6b127
2015-02-04,66.4,66.4,ft^3/s,Approved,[],2025-03-11T21:24:03.840047+00:00,f0d00c4983614291b938804a9df6b127
2015-02-05,65.5,65.5,ft^3/s,Approved,[],2025-03-11T21:24:03.840047+00:00,f0d00c4983614291b938804a9df6b127
2015-02-06,63.9,63.9,ft^3/s,Approved,[],2025-03-11T21:24:03.840047+00:00,f0d00c4983614291b938804a9df6b127
2015-02-07,62.8,62.8,ft^3/s,Approved,[],2025-03-11T21:24:03.840047+00:00,f0d00c4983614291b938804a9df6b127
2015-02-08,62.5,62.5,ft^3/s,Approved,[],2025-03-11T21:24:03.840047+00:00,f0d00c4983614291b938804a9df6b127
2015-02-09,60.8,60.8,ft^3/s,Approved,[],2025-03-11T21:24:03.840047+00:00,f0d00c4983614291b938804a9df6b127
2015-02-10,59.5,59.5,ft^3/s,Approved,[],2025-03-11T21:24:03.840047+00:00,f0d00c4983614291b938804a9df6b127
2015-02-11,58.2,58.2,ft^3/s,Approved,[],2025-03-11T21:24:03.840047+00:00,f0d00c4983614291b938804a9df6b127
2015-02-12,56.5,56.5,ft^3/s,Approved,[],2025-03-11T21:24:03.840047+00:00,f0d00c4983614291b938804a9df6b127
2015-02-13,55.3,55.3,ft^3/s,Approved,[],2025-03-11T21:24:03.840047+00:00,f0d00c4983614291b938804a9df6b127
2015-02-14,54.5,54.5,ft^3/s,Approved,[],2025-03-11T21:24:03.840047+00:00,f0d00c4983614291b938804a9df6b127
2015-02-15,53.3,53.3,ft^3/s,Approved,[],2025-03-11T21:24:03.840047+00:00,f0d00c4983614291b938804a9df6b127
2015-02-16,52.6,52.6,ft^3/s,Approved,[],2025-03-11T21:24:03.840047+00:00,f0d00c4983614291b938804a9df6b127
2015-02-17,49.9,49.9,ft^3/s,Approved,[],2025-03-11T21:24:03.840047+00:00,f0d00c4983614291b938804a9df6b127
2015-02-18,48.0,48.0,ft^3/s,Approved,[],2025-03-11T21:24:03.840047+00:00,f0d00c4983614291b938804a9df6b127
2015-02-19,46.5,46.5,ft^3/s,Approved,[],2025-03-11T21:24:03.840047+00:00,f0d00c4983614291b938804a9df6b127
2015-02-20,46.1,46.1,ft^3/s,Approved,[],2025-03-11T21:24:03.840047+00:00,f0d00c4983614291b938804a9df6b127
2015-02-21,45.2,45.2,ft^3/s,Approved,[],2025-03-11T21:24:03.840047+00:00,f0d00c4983614291b938804a9df6b127
2015-02-22,44.1,44.1,ft^3/s,Approved,[],2025-03-11T21:24:03.840047+00:00,f0d00c4983614291b938804a9df6b127
2015-02-23,41.9,41.9,ft^3/s,Approved,[],2025-03-11T21:24:03.840047+00:00,f0d00c4983614291b938804a9df6b127
2015-02-24,40.3,40.3,ft^3/s,Approved,[],2025-03-11T21:24:03.840047+00:00,f0d00c4983614291b938804a9df6b127
2015-02-25,39.7,39.7,ft^3/s,Approved,[],2025-03-11T21:24:03.840047+00:00,f0d00c4983614291b938804a9df6b127
2015-02-26,38.9,38.9,ft^3/s,Approved,[],2025-03-11T21:24:03.840047+00:00,f0d00c4983614291b938804a9df6b127
2015-02-27,37.4,37.4,ft^3/s,Approved,[],2025-03-11T21:24:03.840047+00:00,f0d00c4983614291b938804a9df6b127
2015-02-28,36.8,36.8,ft^3/s,Approved,[],2025-03-11T21:24:03.840047+00:00,f0d00c4983614291b938804a9df6b127
2015-03-01,36.9,36.9,ft^3/s,Approved,[],2025-03-11T21:24:03.840047+00:00,f0d00c4983614291b938804a9df6b127
2015-03-02,36.7,36.7,ft^3/s,Approved,[],2025-03-11T21:24:03.840047+00:00,f0d00c4983614291b938804a9df6b127
2015-03-03,36.8,36.8,ft^3/s,Approved,[],2025-03-11T21:24:03.840047+00:00,f0d00c4983614291b938804a9df6b127
2015-03-04,37.0,37.0,ft^3/s,Approved,[],2025-03-11T21:24:03.840047+00:00,f0d00c4983614291b938804a9df6b127
2015-03-05,36.0,36.0,ft^3/s,Approved,[],2025-03-11T21:24:03.840047+00:00,f0d00c4983614291b938804a9df6b127
2015-03-06,35.4,35.4,ft^3/s,Approved,[],2025-03-11T21:24:03.840047+00:00,f0d00c4983614291b938804a9df6b127
2015-03-07,35.7,35.7,ft^3/s,Approved,[],2025-03-11T21:24:03.840047+00:00,f0d00c4983614291b938804a9df6b127
2015-03-08,36.0,36.0,ft^3/s,Approved,[],2025-03-11T21:24:03.840047+00:00,f0d00c4983614291b938804a9df6b127
2015-03-09,39.3,39.3,ft^3/s,Approved,[],2025-03-11T21:24:03.840047+00:00,f0d00c4983614291b938804a9df6b127
2015-03-10,51.6,51.6,ft^3/s,Approved,[],2025-03-11T21:24:03.840047+00:00,f0d00c4983614291b938804a9df6b127
2015-03-11,51.2,51.2,ft^3/s,Approved,[],2025-03-11T21:24:03.840047+00:00,f0d00c4983614291b938804a9df6b127
2015-03-12,49.9,49.9,ft^3/s,Approved,[],2025-03-11T21:24:03.840047+00:00,f0d00c4983614291b938804a9df6b127
2015-03-13,48.7,48.7,ft^3/s,Approved,[],2025-03-11T21:24:03.840047+00:00,f0d00c4983614291b938804a9df6b127
2015-03-14,47.3,47.3,ft^3/s,Approved,[],2025-03-11T21:24:03.840047+00:00,f0d00c4983614291b938804a9df6b127
2015-03-15,45.7,45.7,ft^3/s,Approved,[],2025-03-11T21:24:03.840047+00:00,f0d00c4983614291b938804a9df6b127
2015-03-16,44.9,44.9,ft^3/s,Approved,[],2025-03-11T21:24:03.840047+00:00,f0d00c4983614291b938804a9df6b127
2015-03-17,44.4,44.4,ft^3/s,Approved,[],2025-03-11T21:24:03.840047+00:00,f0d00c4983614291b938804a9df6b127
2015-03-18,44.1,44.1,ft^3/s,Approved,[],2025-03-11T21:24:03.840047+00:00,f0d00c4983614291b938804a9df6b127
2015-03-19,43.0,43.0,ft^3/s,Approved,[],2025-03-11T21:24:03.840047+00:00,f0d00c4983614291b938804a9df6b127
2015-03-20,41.9,41.9,ft^3/s,Approved,[],2025-03-11T21:24:03.840047+00:00,f0d00c4983614291b938804a9df6b127
2015-03-21,46.7,46.7,ft^3/s,Approved,[],2025-03-11T21:24:03.840047+00:00,f0d00c4983614291b938804a9df6b127
2015-03-22,57.8,57.8,ft^3/s,Approved,[],2025-03-11T21:24:03.840047+00:00,f0d00c4983614291b938804a9df6b127
2015-03-23,58.3,58.3,ft^3/s,Approved,[],2025-03-11T21:24:03.840047+00:00,f0d00c4983614291b938804a9df6b127
2015-03-24,57.6,57.6,ft^3/s,Approved,[],2025-03-11T21:24:03.840047+00:00,f0d00c4983614291b938804a9df6b127
2015-03-25,57.1,57.1,ft^3/s,Approved,[],2025-03-11T21:24:03.840047+00:00,f0d00c4983614291b938804a9df6b127
2015-03-26,56.3,56.3,ft^3/s,Approved,[],2025-03-11T21:24:03.840047+00:00,f0d00c4983614291b938804a9df6b127
2015-03-27,55.2,55.2,ft^3/s,Approved,[],2025-03-11T21:24:03.840047+00:00,f0d00c4983614291b938804a9df6b127
2015-03-28,53.8,53.8,ft^3/s,Approved,[],2025-03-11T21:24:03.840047+00:00,f0d00c4983614291b938804a9df6b127
2015-03-29,52.6,52.6,ft^3/s,Approved,[],2025-03-11T21:24:03.840047+00:00,f0d00c4983614291b938804a9df6b127
2015-03-30,50.8,50.8,ft^3/s,Approved,[],2025-03-11T21:24:03.840047+00:00,f0d00c4983614291b938804a9df6b127
2015-03-31,49.3,49.3,ft^3/s,Approved,[],2025-03-11T21:24:03.840047+00:00,f0d00c4983614291b938804a9df6b127
2015-04-01,48.2,48.2,ft^3/s,Approved,[],2025-03-11T21:24:03.840047+00:00,f0d00c4983614291b938804a9df6b127
2015-04-02,47.1,47.1,ft^3/s,Approved,[],2025-03-11T21:24:03.840047+00:00,f0d00c4983614291b938804a9df6b127
2015-04-03,45.8,45.8,ft^3/s,Approved,[],2025-03-11T21:24:03.840047+00:00,f0d00c4983614291b938804a9df6b127
2015-04-04,44.3,44.3,ft^3/s,Approved,[],2025-03-11T21:24:03.840047+00:00,f0d00c4983614291b938804a9df6b127
2015-04-05,44.0,44.0,ft^3/s,Approved,[],2025-03-11T21:24:03.840047+00:00,f0d00c4983614291b938804a9df6b127
2015-04-06,43.6,43.6,ft^3/s,Approved,[],2025-03-11T21:24:03.840047+00:00,f0d00c4983614291b938804a9df6b127
2015-04-07,42.6,42.6,ft^3/s,Approved,[],2025-03-11T21:24:03.840047+00:00,f0d00c4983614291b938804a9df6b127
2015-04-08,42.0,42.0,ft^3/s,Approved,[],2025-03-11T21:24:03.840047+00:00,f0d00c4983614291b938804a9df6b127
2015-04-09,41.3,41.3,ft^3/s,Approved,[],2025-03-11T21:24:03.840047+00:00,f0d00c4983614291b938804a9df6b127
2015-04-10,40.8,40.8,ft^3/s,Approved,[],2025-03-11T21:24:03.840047+00:00,f0d00c4983614291b938804a9df6b127
2015-04-11,40.8,40.8,ft^3/s,Approved,[],2025-03-11T21:24:03.840047+00:00,f0d00c4983614291b938804a9df6b127
2015-04-12,40.5,40.5,ft^3/s,Approved,[],2025-03-11T21:24:03.840047+00:00,f0d00c4983614291b938804a9df6b127
2015-04-13,40.7,40.7,ft^3/s,Approved,[],2025-03-11T21:24:03.840047+00:00,f0d00c4983614291b938804a9df6b127
2015-04-14,40.0,40.0,ft^3/s,Approved,[],2025-03-11T21:24:03.840047+00:00,f0d00c4983614291b938804a9df6b127
2015-04-15,39.3,39.3,ft^3/s,Approved,[],2025-03-11T21:24:03.840047+00:00,f0d00c4983614291b938804a9df6b127
2015-04-16,41.3,41.3,ft^3/s,Approved,[],2025-03-11T21:24:03.840047+00:00,f0d00c4983614291b938804a9df6b127
2015-04-17,74.5,74.5,ft^3/s,Approved,[],2025-03-11T21:24:03.840047+00:00,f0d00c4983614291b938804a9df6b127
2015-04-18,80.2,80.2,ft^3/s,Approved,[],2025-03-11T21:24:03.840047+00:00,f0d00c4983614291b938804a9df6b127
2015-04-19,79.5,79.5,ft^3/s,Approved,[],2025-03-11T21:24:03.840047+00:00,f0d00c4983614291b938804a9df6b127
2015-04-20,76.7,76.7,ft^3/s,Approved,[],2025-03-11T21:24:03.840047+00:00,f0d00c4983614291b938804a9df6b127
2015-04-21,74.1,74.1,ft^3/s,Approved,[],2025-03-11T21:24:03.840047+00:00,f0d00c4983614291b938804a9df6b127
2015-04-22,71.4,71.4,ft^3/s,Approved,[],2025-03-11T21:24:03.840047+00:00,f0d00c4983614291b938804a9df6b127
2015-04-23,69.4,69.4,ft^3/s,Approved,[],2025-03-11T21:24:03.840047+00:00,f0d00c4983614291b938804a9df6b127
2015-04-24,79.5,79.5,ft^3/s,Approved,[],2025-03-11T21:24:03.840047+00:00,f0d00c4983614291b938804a9df6b127
2015-04-25,95.0,95.0,ft^3/s,Approved,[],2025-03-11T21:24:03.840047+00:00,f0d00c4983614291b938804a9df6b127
2015-04-26,93.9,93.9,ft^3/s,Approved,[],2025-03-11T21:24:03.840047+00:00,f0d00c4983614291b938804a9df6b127
2015-04-27,95.2,95.2,ft^3/s,Approved,[],2025-03-11T21:24:03.840047+00:00,f0d00c4983614291b938804a9df6b127
2015-04-28,94.5,94.5,ft^3/s,Approved,[],2025-03-11T21:24:03.840047+00:00,f0d00c4983614291b938804a9df6b127
2015-04-29,93.0,93.0,ft^3/s,Approved,[],2025-03-11T21:24:03.840047+00:00,f0d00c4983614291b938804a9df6b127
2015-04-30,92.3,92.3,ft^3/s,Approved,[],2025-03-11T21:24:03.840047+00:00,f0d00c4983614291b938804a9df6b127
2015-05-01,88.4,88.4,ft^3/s,Approved,[],2025-03-11T21:24:03.840047+00:00,f0d00c4983614291b938804a9df6b127
2015-05-02,84.2,84.2,ft^3/s,Approved,[],2025-03-11T21:24:03.840047+00:00,f0d00c4983614291b938804a9df6b127
2015-05-03,80.8,80.8,ft^3/s,Approved,[],2025-03-11T21:24:03.840047+00:00,f0d00c4983614291b938804a9df6b127
2015-05-04,77.5,77.5,ft^3/s,Approved,[],2025-03-11T21:24:03.840047+00:00,f0d00c4983614291b938804a9df6b127
2015-05-05,74.2,74.2,ft^3/s,Approved,[],2025-03-11T21:24:03.840047+00:00,f0d00c4983614291b938804a9df6b127
2015-05-06,71.8,71.8,ft^3/s,Approved,[],2025-03-11T21:24:03.840047+00:00,f0d00c4983614291b938804a9df6b127
2015-05-07,69.6,69.6,ft^3/s,Approved,[],2025-03-11T21:24:03.840047+00:00,f0d00c4983614291b938804a9df6b127
2015-05-08,67.1,67.1,ft^3/s,Approved,[],2025-03-11T21:24:03.840047+00:00,f0d00c4983614291b938804a9df6b127
2015-05-09,65.3,65.3,ft^3/s,Approved,[],2025-03-11T21:24:03.840047+00:00,f0d00c4983614291b938804a9df6b127
2015-05-10,63.4,63.4,ft^3/s,Approved,[],2025-03-11T21:24:03.840047+00:00,f0d00c4983614291b938804a9df6b127
2015-05-11,61.6,61.6,ft^3/s,Approved,[],2025-03-11T21:24:03.840047+00:00,f0d00c4983614291b938804a9df6b127
2015-05-12,59.5,59.5,ft^3/s,Approved,[],2025-03-11T21:24:03.840047+00:00,f0d00c4983614291b938804a9df6b127
2015-05-13,61.7,61.7,ft^3/s,Approved,[],2025-03-11T21:24:03.840047+00:00,f0d00c4983614291b938804a9df6b127
2015-05-14,91.3,91.3,ft^3/s,Approved,[],2025-03-11T21:24:03.840047+00:00,f0d00c4983614291b938804a9df6b127
2015-05-15,101.0,101,ft^3/s,Approved,[],2025-03-11T21:24:03.840047+00:00,f0d00c4983614291b938804a9df6b127
2015-05-16,108.0,108,ft^3/s,Approved,[],2025-03-11T21:24:03.840047+00:00,f0d00c4983614291b938804a9df6b127
2015-05-17,126.0,126,ft^3/s,Approved,[],2025-03-11T21:24:03.840047+00:00,f0d00c4983614291b938804a9df6b127
2015-05-18,151.0,151,ft^3/s,Approved,[],2025-03-11T21:24:03.840047+00:00,f0d00c4983614291b938804a9df6b127
2015-05-19,136.0,136,ft^3/s,Approved,[],2025-03-11T21:24:03.840047+00:00,f0d00c4983614291b938804a9df6b127
2015-05-20,126.0,126,ft^3/s,Approved,[],2025-03-11T21:24:03.840047+00:00,f0d00c4983614291b938804a9df6b127
2015-05-21,117.0,117,ft^3/s,Approved,[],2025-03-11T21:24:03.840047+00:00,f0d00c4983614291b938804a9df6b127
2015-05-22,112.0,112,ft^3/s,Approved,[],2025-03-11T21:24:03.840047+00:00,f0d00c4983614291b938804a9df6b127
2015-05-23,112.0,112,ft^3/s,Approved,[],2025-03-11T21:24:03.840047+00:00,f0d00c4983614291b938804a9df6b127
2015-05-24,164.0,164,ft^3/s,Approved,[],2025-03-11T21:24:03.840047+00:00,f0d00c4983614291b938804a9df6b127
2015-05-25,166.0,166,ft^3/s,Approved,[],2025-03-11T21:24:03.840047+00:00,f0d00c4983614291b938804a9df6b127
2015-05-26,150.0,150,ft^3/s,Approved,[],2025-03-11T21:24:03.840047+00:00,f0d00c4983614291b938804a9df6b127
2015-05-27,136.0,136,ft^3/s,Approved,[],2025-03-11T21:24:03.840047+00:00,f0d00c4983614291b938804a9df6b127
2015-05-28,125.0,125,ft^3/s,Approved,[],2025-03-11T21:24:03.840047+00:00,f0d00c4983614291b938804a9df6b127
2015-05-29,125.0,125,ft^3/s,Approved,[],2025-03-11T21:24:03.840047+00:00,f0d00c4983614291b938804a9df6b127
2015-05-30,131.0,131,ft^3/s,Approved,[],2025-03-11T21:24:03.840047+00:00,f0d00c4983614291b938804a9df6b127
2015-05-31,157.0,157,ft^3/s,Approved,[],2025-03-11T21:24:03.840047+00:00,f0d00c4983614291b938804a9df6b127
2015-06-01,150.0,150,ft^3/s,Approved,[],2025-03-11T21:24:03.840047+00:00,f0d00c4983614291b938804a9df6b127
2015-06-02,137.0,137,ft^3/s,Approved,[],2025-03-11T21:24:03.840047+00:00,f0d00c4983614291b938804a9df6b127
2015-06-03,129.0,129,ft^3/s,Approved,[],2025-03-11T21:24:03.840047+00:00,f0d00c4983614291b938804a9df6b127
2015-06-04,123.0,123,ft^3/s,Approved,[],2025-03-11T21:24:03.840047+00:00,f0d00c4983614291b938804a9df6b127
2015-06-05,118.0,118,ft^3/s,Approved,[],2025-03-11T21:24:03.840047+00:00,f0d00c4983614291b938804a9df6b127
2015-06-06,113.0,113,ft^3/s,Approved,[],2025-03-11T21:24:03.840047+00:00,f0d00c4983614291b938804a9df6b127
2015-06-07,109.0,109,ft^3/s,Approved,[],2025-03-11T21:24:03.840047+00:00,f0d00c4983614291b938804a9df6b127
2015-06-08,105.0,105,ft^3/s,Approved,[],2025-03-11T21:24:03.840047+00:00,f0d00c4983614291b938804a9df6b127
2015-06-09,102.0,102,ft^3/s,Approved,[],2025-03-11T21:24:03.840047+00:00,f0d00c4983614291b938804a9df6b127
2015-06-10,99.5,99.5,ft^3/s,Approved,[],2025-03-11T21:24:03.840047+00:00,f0d00c4983614291b938804a9df6b127
2015-06-11,96.9,96.9,ft^3/s,Approved,[],2025-03-11T21:24:03.840047+00:00,f0d00c4983614291b938804a9df6b127
2015-06-12,94.9,94.9,ft^3/s,Approved,[],2025-03-11T21:24:03.840047+00:00,f0d00c4983614291b938804a9df6b127
2015-06-13,92.6,92.6,ft^3/s,Approved,[],2025-03-11T21:24:03.840047+00:00,f0d00c4983614291b938804a9df6b127
2015-06-14,91.9,91.9,ft^3/s,Approved,[],2025-03-11T21:24:03.840047+00:00,f0d00c4983614291b938804a9df6b127
2015-06-15,92.0,92.0,ft^3/s,Approved,[],2025-03-11T21:24:03.840047+00:00,f0d00c4983614291b938804a9df6b127
2015-06-16,90.1,90.1,ft^3/s,Approved,[],2025-03-11T21:24:03.840047+00:00,f0d00c4983614291b938804a9df6b127
2015-06-17,89.7,89.7,ft^3/s,Approved,[],2025-03-11T21:24:03.840047+00:00,f0d00c4983614291b938804a9df6b127
2015-06-18,103.0,103,ft^3/s,Approved,[],2025-03-11T21:24:03.840047+00:00,f0d00c4983614291b938804a9df6b127
2015-06-19,96.5,96.5,ft^3/s,Approved,[],2025-03-11T21:24:03.840047+00:00,f0d00c4983614291b938804a9df6b127
2015-06-20,92.8,92.8,ft^3/s,Approved,[],2025-03-11T21:24:03.840047+00:00,f0d00c4983614291b938804a9df6b127
2015-06-21,92.0,92.0,ft^3/s,Approved,[],2025-03-11T21:24:03.840047+00:00,f0d00c4983614291b938804a9df6b127
2015-06-22,104.0,104,ft^3/s,Approved,[],2025-03-11T21:24:03.840047+00:00,f0d00c4983614291b938804a9df6b127
2015-06-23,107.0,107,ft^3/s,Approved,[],2025-03-11T21:24:03.840047+00:00,f0d00c4983614291b938804a9df6b127
2015-06-24,103.0,103,ft^3/s,Approved,[],2025-03-11T21:24:03.840047+00:00,f0d00c4983614291b938804a9df6b127
2015-06-25,99.8,99.8,ft^3/s,Approved,[],2025-03-11T21:24:03.840047+00:00,f0d00c4983614291b938804a9df6b127
2015-06-26,95.7,95.7,ft^3/s,Approved,[],2025-03-11T21:24:03.840047+00:00,f0d00c4983614291b938804a9df6b127
2015-06-27,92.7,92.7,ft^3/s,Approved,[],2025-03-11T21:24:03.840047+00:00,f0d00c4983614291b938804a9df6b127
2015-06-28,90.2,90.2,ft^3/s,Approved,[],2025-03-11T21:24:03.840047+00:00,f0d00c4983614291b938804a9df6b127
2015-06-29,88.5,88.5,ft^3/s,Approved,[],2025-03-11T21:24:03.840047+00:00,f0d00c4983614291b938804a9df6b127
2015-06-30,87.5,87.5,ft^3/s,Approved,[],2025-03-11T21:24:03.840047+00:00,f0d00c4983614291b938804a9df6b127
2015-07-01,85.6,85.6,ft^3/s,Approved,[],2025-03-11T21:24:03.840047+00:00,f0d00c4983614291b938804a9df6b127
2015-07-02,84.2,84.2,ft^3/s,Approved,[],2025-03-11T21:24:03.840047+00:00,f0d00c4983614291b938804a9df6b127
2015-07-03,83.4,83.4,ft^3/s,Approved,[],2025-03-11T21:24:03.840047+00:00,f0d00c4983614291b938804a9df6b127
2015-07-04,84.3,84.3,ft^3/s,Approved,[],2025-03-11T21:24:03.840047+00:00,f0d00c4983614291b938804a9df6b127
2015-07-05,84.3,84.3,ft^3/s,Approved,[],2025-03-11T21:24:03.840047+00:00,f0d00c4983614291b938804a9df6b127
2015-07-06,83.2,83.2,ft^3/s,Approved,[],2025-03-11T21:24:03.840047+00:00,f0d00c4983614291b938804a9df6b127
2015-07-07,83.0,83.0,ft^3/s,Approved,[],2025-03-11T21:24:03.840047+00:00,f0d00c4983614291b938804a9df6b127
2015-07-08,82.7,82.7,ft^3/s,Approved,[],2025-03-11T21:24:03.840047+00:00,f0d00c4983614291b938804a9df6b127
2015-07-09,82.8,82.8,ft^3/s,Approved,[],2025-03-11T21:24:03.840047+00:00,f0d00c4983614291b938804a9df6b127
2015-07-10,83.1,83.1,ft^3/s,Approved,[],2025-03-11T21:24:03.840047+00:00,f0d00c4983614291b938804a9df6b127
2015-07-11,84.6,84.6,ft^3/s,Approved,[],2025-03-11T21:24:03.840047+00:00,f0d00c4983614291b938804a9df6b127
2015-07-12,86.0,86.0,ft^3/s,Approved,[],2025-03-11T21:24:03.840047+00:00,f0d00c4983614291b938804a9df6b127
2015-07-13,85.5,85.5,ft^3/s,Approved,[],2025-03-11T21:24:03.840047+00:00,f0d00c4983614291b938804a9df6b127
2015-07-14,85.4,85.4,ft^3/s,Approved,[],2025-03-11T21:24:03.840047+00:00,f0d00c4983614291b938804a9df6b127
2015-07-15,85.2,85.2,ft^3/s,Approved,[],2025-03-11T21:24:03.840047+00:00,f0d00c4983614291b938804a9df6b127
2015-07-16,83.9,83.9,ft^3/s,Approved,[],2025-03-11T21:24:03.840047+00:00,f0d00c4983614291b938804a9df6b127
2015-07-17,83.6,83.6,ft^3/s,Approved,[],2025-03-11T21:24:03.840047+00:00,f0d00c4983614291b938804a9df6b127
2015-07-18,84.4,84.4,ft^3/s,Approved,[],2025-03-11T21:24:03.840047+00:00,f0d00c4983614291b938804a9df6b127
2015-07-19,85.7,85.7,ft^3/s,Approved,[],2025-03-11T21:24:03.840047+00:00,f0d00c4983614291b938804a9df6b127
2015-07-20,85.2,85.2,ft^3/s,Approved,[],2025-03-11T21:24:03.840047+00:00,f0d00c4983614291b938804a9df6b127
2015-07-21,84.5,84.5,ft^3/s,Approved,[],2025-03-11T21:24:03.840047+00:00,f0d00c4983614291b938804a9df6b127
2015-07-22,83.6,83.6,ft^3/s,Approved,[],2025-03-11T21:24:03.840047+00:00,f0d00c4983614291b938804a9df6b127
2015-07-23,82.5,82.5,ft^3/s,Approved,[],2025-03-11T21:24:03.840047+00:00,f0d00c4983614291b938804a9df6b127
2015-07-24,81.9,81.9,ft^3/s,Approved,[],2025-03-11T21:24:03.840047+00:00,f0d00c4983614291b938804a9df6b127
2015-07-25,82.1,82.1,ft^3/s,Approved,[],2025-03-11T21:24:03.840047+00:00,f0d00c4983614291b938804a9df6b127
2015-07-26,81.7,81.7,ft^3/s,Approved,[],2025-03-11T21:24:03.840047+00:00,f0d00c4983614291b938804a9df6b127
2015-07-27,83.4,83.4,ft^3/s,Approved,[],2025-03-11T21:24:03.840047+00:00,f0d00c4983614291b938804a9df6b127
2015-07-28,82.3,82.3,ft^3/s,Approved,[],2025-03-11T21:24:03.840047+00:00,f0d00c4983614291b938804a9df6b127
2015-07-29,81.9,81.9,ft^3/s,Approved,[],2025-03-11T21:24:03.840047+00:00,f0d00c4983614291b938804a9df6b127
2015-07-30,80.8,80.8,ft^3/s,Approved,[],2025-03-11T21:24:03.840047+00:00,f0d00c4983614291b938804a9df6b127
2015-07-31,80.0,80.0,ft^3/s,Approved,[],2025-03-11T21:24:03.840047+00:00,f0d00c4983614291b938804a9df6b127
2015-08-01,79.6,79.6,ft^3/s,Approved,[],2025-03-11T21:24:03.840047+00:00,f0d00c4983614291b938804a9df6b127
2015-08-02,78.6,78.6,ft^3/s,Approved,[],2025-03-11T21:24:03.840047+00:00,f0d00c4983614291b938804a9df6b127
2015-08-03,78.4,78.4,ft^3/s,Approved,[],2025-03-11T21:24:03.840047+00:00,f0d00c4983614291b938804a9df6b127
2015-08-04,78.6,78.6,ft^3/s,Approved,[],2025-03-11T21:24:03.840047+00:00,f0d00c4983614291b938804a9df6b127
2015-08-05,79.8,79.8,ft^3/s,Approved,[],2025-03-11T21:24:03.840047+00:00,f0d00c4983614291b938804a9df6b127
2015-08-06,78.4,78.4,ft^3/s,Approved,[],2025-03-11T21:24:03.840047+00:00,f0d00c4983614291b938804a9df6b127
2015-08-07,77.3,77.3,ft^3/s,Approved,[],2025-03-11T21:24:03.840047+00:00,f0d00c4983614291b938804a9df6b127
2015-08-08,77.1,77.1,ft^3/s,Approved,[],2025-03-11T21:24:03.840047+00:00,f0d00c4983614291b938804a9df6b127
2015-08-09,76.5,76.5,ft^3/s,Approved,[],2025-03-11T21:24:03.840047+00:00,f0d00c4983614291b938804a9df6b127
2015-08-10,75.2,75.2,ft^3/s,Approved,[],2025-03-11T21:24:03.840047+00:00,f0d00c4983614291b938804a9df6b127
2015-08-11,74.7,74.7,ft^3/s,Approved,[],2025-03-11T21:24:03.840047+00:00,f0d00c4983614291b938804a9df6b127
2015-08-12,73.0,73.0,ft^3/s,Approved,[],2025-03-11T21:24:03.840047+00:00,f0d00c4983614291b938804a9df6b127
2015-08-13,71.9,71.9,ft^3/s,Approved,[],2025-03-11T21:24:03.840047+00:00,f0d00c4983614291b938804a9df6b127
2015-08-14,72.9,72.9,ft^3/s,Approved,[],2025-03-11T21:24:03.840047+00:00,f0d00c4983614291b938804a9df6b127
2015-08-15,72.6,72.6,ft^3/s,Approved,[],2025-03-11T21:24:03.840047+00:00,f0d00c4983614291b938804a9df6b127
2015-08-16,71.6,71.6,ft^3/s,Approved,[],2025-03-11T21:24:03.840047+00:00,f0d00c4983614291b938804a9df6b127
2015-08-17,70.2,70.2,ft^3/s,Approved,[],2025-03-11T21:24:03.840047+00:00,f0d00c4983614291b938804a9df6b127
2015-08-18,69.9,69.9,ft^3/s,Approved,[],2025-03-11T21:24:03.840047+00:00,f0d00c4983614291b938804a9df6b127
2015-08-19,69.0,69.0,ft^3/s,Approved,[],2025-03-11T21:24:03.840047+00:00,f0d00c4983614291b938804a9df6b127
2015-08-20,68.3,68.3,ft^3/s,Approved,[],2025-03-11T21:24:03.840047+00:00,f0d00c4983614291b938804a9df6b127
2015-08-21,67.7,67.7,ft^3/s,Approved,[],2025-03-11T21:24:03.840047+00:00,f0d00c4983614291b938804a9df6b127
2015-08-22,67.9,67.9,ft^3/s,Approved,[],2025-03-11T21:24:03.840047+00:00,f0d00c4983614291b938804a9df6b127
2015-08-23,69.9,69.9,ft^3/s,Approved,[],2025-03-11T21:24:03.840047+00:00,f0d00c4983614291b938804a9df6b127
2015-08-24,68.5,68.5,ft^3/s,Approved,[],2025-03-11T21:24:03.840047+00:00,f0d00c4983614291b938804a9df6b127
2015-08-25,66.7,66.7,ft^3/s,Approved,[],2025-03-11T21:24:03.840047+00:00,f0d00c4983614291b938804a9df6b127
2015-08-26,65.4,65.4,ft^3/s,Approved,[],2025-03-11T21:24:03.840047+00:00,f0d00c4983614291b938804a9df6b127
2015-08-27,63.8,63.8,ft^3/s,Approved,[],2025-03-11T21:24:03.840047+00:00,f0d00c4983614291b938804a9df6b127
2015-08-28,62.0,62.0,ft^3/s,Approved,[],2025-03-11T21:24:03.840047+00:00,f0d00c4983614291b938804a9df6b127
2015-08-29,61.3,61.3,ft^3/s,Approved,[],2025-03-11T21:24:03.840047+00:00,f0d00c4983614291b938804a9df6b127
2015-08-30,60.3,60.3,ft^3/s,Approved,[],2025-03-11T21:24:03.840047+00:00,f0d00c4983614291b938804a9df6b127
2015-08-31,58.9,58.9,ft^3/s,Approved,[],2025-03-11T21:24:03.840047+00:00,f0d00c4983614291b938804a9df6b127
2015-09-01,56.6,56.6,ft^3/s,Approved,[],2025-03-11T21:24:03.840047+00:00,f0d00c4983614291b938804a9df6b127
2015-09-02,55.6,55.6,ft^3/s,Approved,[],2025-03-11T21:24:03.840047+00:00,f0d00c4983614291b938804a9df6b127
2015-09-03,55.5,55.5,ft^3/s,Approved,[],2025-03-11T21:24:03.840047+00:00,f0d00c4983614291b938804a9df6b127
2015-09-04,54.4,54.4,ft^3/s,Approved,[],2025-03-11T21:24:03.840047+00:00,f0d00c4983614291b938804a9df6b127
2015-09-05,54.3,54.3,ft^3/s,Approved,[],2025-03-11T21:24:03.840047+00:00,f0d00c4983614291b938804a9df6b127
2015-09-06,54.0,54.0,ft^3/s,Approved,[],2025-03-11T21:24:03.840047+00:00,f0d00c4983614291b938804a9df6b127
2015-09-07,53.1,53.1,ft^3/s,Approved,[],2025-03-11T21:24:03.840047+00:00,f0d00c4983614291b938804a9df6b127
2015-09-08,51.9,51.9,ft^3/s,Approved,[],2025-03-11T21:24:03.840047+00:00,f0d00c4983614291b938804a9df6b127
2015-09-09,50.1,50.1,ft^3/s,Approved,[],2025-03-11T21:24:03.840047+00:00,f0d00c4983614291b938804a9df6b127
2015-09-10,50.6,50.6,ft^3/s,Approved,[],2025-03-11T21:24:03.840047+00:00,f0d00c4983614291b938804a9df6b127
2015-09-11,52.9,52.9,ft^3/s,Approved,[],2025-03-11T21:24:03.840047+00:00,f0d00c4983614291b938804a9df6b127
2015-09-12,51.2,51.2,ft^3/s,Approved,[],2025-03-11T21:24:03.840047+00:00,f0d00c4983614291b938804a9df6b127
2015-09-13,50.6,50.6,ft^3/s,Approved,[],2025-03-11T21:24:03.840047+00:00,f0d00c4983614291b938804a9df6b127
2015-09-14,50.8,50.8,ft^3/s,Approved,[],2025-03-11T21:24:03.840047+00:00,f0d00c4983614291b938804a9df6b127
2015-09-15,50.3,50.3,ft^3/s,Approved,[],2025-03-11T21:24:03.840047+00:00,f0d00c4983614291b938804a9df6b127
2015-09-16,50.0,50.0,ft^3/s,Approved,[],2025-03-11T21:24:03.840047+00:00,f0d00c4983614291b938804a9df6b127
2015-09-17,48.2,48.2,ft^3/s,Approved,[],2025-03-11T21:24:03.840047+00:00,f0d00c4983614291b938804a9df6b127
2015-09-18,48.0,48.0,ft^3/s,Approved,[],2025-03-11T21:24:03.840047+00:00,f0d00c4983614291b938804a9df6b127
2015-09-19,47.4,47.4,ft^3/s,Approved,[],2025-03-11T21:24:03.840047+00:00,f0d00c4983614291b938804a9df6b127
2015-09-20,46.9,46.9,ft^3/s,Approved,[],2025-03-11T21:24:03.840047+00:00,f0d00c4983614291b938804a9df6b127
2015-09-21,46.3,46.3,ft^3/s,Approved,[],2025-03-11T21:24:03.840047+00:00,f0d00c4983614291b938804a9df6b127
2015-09-22,45.9,45.9,ft^3/s,Approved,[],2025-03-11T21:24:03.840047+00:00,f0d00c4983614291b938804a9df6b127
2015-09-23,45.5,45.5,ft^3/s,Approved,[],2025-03-11T21:24:03.840047+00:00,f0d00c4983614291b938804a9df6b127
2015-09-24,45.3,45.3,ft^3/s,Approved,[],2025-03-11T21:24:03.840047+00:00,f0d00c4983614291b938804a9df6b127
2015-09-25,44.1,44.1,ft^3/s,Approved,[],2025-03-11T21:24:03.840047+00:00,f0d00c4983614291b938804a9df6b127
2015-09-26,43.4,43.4,ft^3/s,Approved,[],2025-03-11T21:24:03.840047+00:00,f0d00c4983614291b938804a9df6b127
2015-09-27,43.8,43.8,ft^3/s,Approved,[],2025-03-11T21:24:03.840047+00:00,f0d00c4983614291b938804a9df6b127
2015-09-28,43.2,43.2,ft^3/s,Approved,[],2025-03-11T21:24:03.840047+00:00,f0d00c4983614291b938804a9df6b127
2015-09-29,41.9,41.9,ft^3/s,Approved,[],2025-03-11T21:24:03.840047+00:00,f0d00c4983614291b938804a9df6b127
2015-09-30,41.1,41.1,ft^3/s,Approved,[],2025-03-11T21:24:03.840047+00:00,f0d00c4983614291b938804a9df6b127
2015-10-01,40.5,40.5,ft^3/s,Approved,[],2025-03-11T21:24:03.840047+00:00,f0d00c4983614291b938804a9df6b127
2015-10-02,40.2,40.2,ft^3/s,Approved,[],2025-03-11T21:24:03.840047+00:00,f0d00c4983614291b938804a9df6b127
2015-10-03,40.1,40.1,ft^3/s,Approved,[],2025-03-11T21:24:03.840047+00:00,f0d00c4983614291b938804a9df6b127
2015-10-04,39.5,39.5,ft^3/s,Approved,[],2025-03-11T21:24:03.840047+00:00,f0d00c4983614291b938804a9df6b127
2015-10-05,39.3,39.3,ft^3/s,Approved,[],2025-03-11T21:24:03.840047+00:00,f0d00c4983614291b938804a9df6b127
2015-10-06,39.2,39.2,ft^3/s,Approved,[],2025-03-11T21:24:03.840047+00:00,f0d00c4983614291b938804a9df6b127
2015-10-07,39.3,39.3,ft^3/s,Approved,[],2025-03-11T21:24:03.840047+00:00,f0d00c4983614291b938804a9df6b127
2015-10-08,39.1,39.1,ft^3/s,Approved,[],2025-03-11T21:24:03.840047+00:00,f0d00c4983614291b938804a9df6b127
2015-10-09,38.9,38.9,ft^3/s,Approved,[],2025-03-11T21:24:03.840047+00:00,f0d00c4983614291b938804a9df6b127
2015-10-10,38.7,38.7,ft^3/s,Approved,[],2025-03-11T21:24:03.840047+00:00,f0d00c4983614291b938804a9df6b127
2015-10-11,38.6,38.6,ft^3/s,Approved,[],2025-03-11T21:24:03.840047+00:00,f0d00c4983614291b938804a9df6b127
2015-10-12,38.0,38.0,ft^3/s,Approved,[],2025-03-11T21:24:03.840047+00:00,f0d00c4983614291b938804a9df6b127
2015-10-13,37.9,37.9,ft^3/s,Approved,[],2025-03-11T21:24:03.840047+00:00,f0d00c4983614291b938804a9df6b127
2015-10-14,37.7,37.7,ft^3/s,Approved,[],2025-03-11T21:24:03.840047+00:00,f0d00c4983614291b938804a9df6b127
2015-10-15,37.7,37.7,ft^3/s,Approved,[],2025-03-11T21:24:03.840047+00:00,f0d00c4983614291b938804a9df6b127
2015-10-16,37.4,37.4,ft^3/s,Approved,[],2025-03-11T21:24:03.840047+00:00,f0d00c4983614291b938804a9df6b127
2015-10-17,37.0,37.0,ft^3/s,Approved,[],2025-03-11T21:24:03.840047+00:00,f0d00c4983614291b938804a9df6b127
2015-10-18,36.5,36.5,ft^3/s,Approved,[],2025-03-11T21:24:03.840047+00:00,f0d00c4983614291b938804a9df6b127
2015-10-19,36.3,36.3,ft^3/s,Approved,[],2025-03-11T21:24:03.840047+00:00,f0d00c4983614291b938804a9df6b127
2015-10-20,36.4,36.4,ft^3/s,Approved,[],2025-03-11T21:24:03.840047+00:00,f0d00c4983614291b938804a9df6b127
2015-10-21,36.3,36.3,ft^3/s,Approved,[],2025-03-11T21:24:03.840047+00:00,f0d00c4983614291b938804a9df6b127
2015-10-22,36.4,36.4,ft^3/s,Approved,[],2025-03-11T21:24:03.840047+00:00,f0d00c4983614291b938804a9df6b127
2015-10-23,36.4,36.4,ft^3/s,Approved,[],2025-03-11T21:24:03.840047+00:00,f0d00c4983614291b938804a9df6b127
2015-10-24,60.4,60.4,ft^3/s,Approved,[],2025-03-11T21:24:03.840047+00:00,f0d00c4983614291b938804a9df6b127
2015-10-25,94.7,94.7,ft^3/s,Approved,[],2025-03-11T21:24:03.840047+00:00,f0d00c4983614291b938804a9df6b127
2015-10-26,83.6,83.6,ft^3/s,Approved,[],2025-03-11T21:24:03.840047+00:00,f0d00c4983614291b938804a9df6b127
2015-10-27,75.6,75.6,ft^3/s,Approved,[],2025-03-11T21:24:03.840047+00:00,f0d00c4983614291b938804a9df6b127
2015-10-28,68.6,68.6,ft^3/s,Approved,[],2025-03-11T21:24:03.840047+00:00,f0d00c4983614291b938804a9df6b127
2015-10-29,63.1,63.1,ft^3/s,Approved,[],2025-03-11T21:24:03.840047+00:00,f0d00c4983614291b938804a9df6b127
2015-10-30,114.0,114,ft^3/s,Approved,"[""ESTIMATED""]",2025-03-11T21:24:03.840047+00:00,f0d00c4983614291b938804a9df6b127
2015-10-31,166.0,166,ft^3/s,Approved,[],2025-11-21T16:34:19.961837+00:00,f0d00c4983614291b938804a9df6b127
2015-11-01,154.0,154,ft^3/s,Approved,[],2025-03-11T21:24:03.840047+00:00,f0d00c4983614291b938804a9df6b127
2015-11-02,143.0,143,ft^3/s,Approved,[],2025-03-11T21:24:03.840047+00:00,f0d00c4983614291b938804a9df6b127
2015-11-03,132.0,132,ft^3/s,Approved,[],2025-03-11T21:24:03.840047+00:00,f0d00c4983614291b938804a9df6b127
2015-11-04,120.0,120,ft^3/s,Approved,[],2025-03-11T21:24:03.840047+00:00,f0d00c4983614291b938804a9df6b127
2015-11-05,114.0,114,ft^3/s,Approved,[],2025-03-11T21:24:03.840047+00:00,f0d00c4983614291b938804a9df6b127
2015-11-06,108.0,108,ft^3/s,Approved,[],2025-03-11T21:24:03.840047+00:00,f0d00c4983614291b938804a9df6b127
2015-11-07,102.0,102,ft^3/s,Approved,[],2025-03-11T21:24:03.840047+00:00,f0d00c4983614291b938804a9df6b127
2015-11-08,98.5,98.5,ft^3/s,Approved,[],2025-03-11T21:24:03.840047+00:00,f0d00c4983614291b938804a9df6b127
2015-11-09,96.2,96.2,ft^3/s,Approved,[],2025-03-11T21:24:03.840047+00:00,f0d00c4983614291b938804a9df6b127
2015-11-10,94.4,94.4,ft^3/s,Approved,[],2025-03-11T21:24:03.840047+00:00,f0d00c4983614291b938804a9df6b127
2015-11-11,93.3,93.3,ft^3/s,Approved,[],2025-03-11T21:24:03.840047+00:00,f0d00c4983614291b938804a9df6b127
2015-11-12,92.0,92.0,ft^3/s,Approved,[],2025-03-11T21:24:03.840047+00:00,f0d00c4983614291b938804a9df6b127
2015-11-13,91.6,91.6,ft^3/s,Approved,[],2025-03-11T21:24:03.840047+00:00,f0d00c4983614291b938804a9df6b127
2015-11-14,91.2,91.2,ft^3/s,Approved,[],2025-03-11T21:24:03.840047+00:00,f0d00c4983614291b938804a9df6b127
2015-11-15,90.8,90.8,ft^3/s,Approved,[],2025-03-11T21:24:03.840047+00:00,f0d00c4983614291b938804a9df6b127
2015-11-16,91.6,91.6,ft^3/s,Approved,[],2025-03-11T21:24:03.840047+00:00,f0d00c4983614291b938804a9df6b127
2015-11-17,92.5,92.5,ft^3/s,Approved,[],2025-03-11T21:24:03.840047+00:00,f0d00c4983614291b938804a9df6b127
2015-11-18,89.9,89.9,ft^3/s,Approved,[],2025-03-11T21:24:03.840047+00:00,f0d00c4983614291b938804a9df6b127
2015-11-19,91.5,91.5,ft^3/s,Approved,[],2025-03-11T21:24:03.840047+00:00,f0d00c4983614291b938804a9df6b127
2015-11-20,90.0,90.0,ft^3/s,Approved,[],2025-03-11T21:24:03.840047+00:00,f0d00c4983614291b938804a9df6b127
2015-11-21,88.2,88.2,ft^3/s,Approved,[],2025-03-11T21:24:03.840047+00:00,f0d00c4983614291b938804a9df6b127
2015-11-22,85.8,85.8,ft^3/s,Approved,[],2025-03-11T21:24:03.840047+00:00,f0d00c4983614291b938804a9df6b127
2015-11-23,84.4,84.4,ft^3/s,Approved,[],2025-03-11T21:24:03.840047+00:00,f0d00c4983614291b938804a9df6b127
2015-11-24,83.3,83.3,ft^3/s,Approved,[],2025-03-11T21:24:03.840047+00:00,f0d00c4983614291b938804a9df6b127
2015-11-25,82.5,82.5,ft^3/s,Approved,[],2025-03-11T21:24:03.840047+00:00,f0d00c4983614291b938804a9df6b127
2015-11-26,81.4,81.4,ft^3/s,Approved,[],2025-03-11T21:24:03.840047+00:00,f0d00c4983614291b938804a9df6b127
2015-11-27,81.0,81.0,ft^3/s,Approved,[],2025-03-11T21:24:03.840047+00:00,f0d00c4983614291b938804a9df6b127
2015-11-28,103.0,103,ft^3/s,Approved,[],2025-03-11T21:24:03.840047+00:00,f0d00c4983614291b938804a9df6b127
2015-11-29,110.0,110,ft^3/s,Approved,[],2025-03-11T21:24:03.840047+00:00,f0d00c4983614291b938804a9df6b127
2015-11-30,106.0,106,ft^3/s,Approved,[],2025-03-11T21:24:03.840047+00:00,f0d00c4983614291b938804a9df6b127
2015-12-01,104.0,104,ft^3/s,Approved,[],2025-03-11T21:24:03.840047+00:00,f0d00c4983614291b938804a9df6b127
2015-12-02,102.0,102,ft^3/s,Approved,[],2025-03-11T21:24:03.840047+00:00,f0d00c4983614291b938804a9df6b127
2015-12-03,98.0,98.0,ft^3/s,Approved,[],2025-03-11T21:24:03.840047+00:00,f0d00c4983614291b938804a9df6b127
2015-12-04,97.1,97.1,ft^3/s,Approved,[],2025-03-11T21:24:03.840047+00:00,f0d00c4983614291b938804a9df6b127
2015-12-05,94.2,94.2,ft^3/s,Approved,[],2025-03-11T21:24:03.840047+00:00,f0d00c4983614291b938804a9df6b127
2015-12-06,97.0,97.0,ft^3/s,Approved,[],2025-03-11T21:24:03.840047+00:00,f0d00c4983614291b938804a9df6b127
2015-12-07,91.4,91.4,ft^3/s,Approved,[],2025-03-11T21:24:03.840047+00:00,f0d00c4983614291b938804a9df6b127
2015-12-08,88.0,88.0,ft^3/s,Approved,[],2025-03-11T21:24:03.840047+00:00,f0d00c4983614291b938804a9df6b127
2015-12-09,89.2,89.2,ft^3/s,Approved,[],2025-03-11T21:24:03.840047+00:00,f0d00c4983614291b938804a9df6b127
2015-12-10,89.1,89.1,ft^3/s,Approved,[],2025-03-11T21:24:03.840047+00:00,f0d00c4983614291b938804a9df6b127
2015-12-11,88.4,88.4,ft^3/s,Approved,[],2025-03-11T21:24:03.840047+00:00,f0d00c4983614291b938804a9df6b127
2015-12-12,88.1,88.1,ft^3/s,Approved,[],2025-03-11T21:24:03.840047+00:00,f0d00c4983614291b938804a9df6b127
2015-12-13,93.1,93.1,ft^3/s,Approved,[],2025-03-11T21:24:03.840047+00:00,f0d00c4983614291b938804a9df6b127
2015-12-14,95.6,95.6,ft^3/s,Approved,[],2025-03-11T21:24:03.840047+00:00,f0d00c4983614291b938804a9df6b127
2015-12-15,91.5,91.5,ft^3/s,Approved,[],2025-03-11T21:24:03.840047+00:00,f0d00c4983614291b938804a9df6b127
2015-12-16,89.5,89.5,ft^3/s,Approved,[],2025-03-11T21:24:03.840047+00:00,f0d00c4983614291b938804a9df6b127
2015-12-17,87.1,87.1,ft^3/s,Approved,[],2025-03-11T21:24:03.840047+00:00,f0d00c4983614291b938804a9df6b127
2015-12-18,85.4,85.4,ft^3/s,Approved,[],2025-03-11T21:24:03.840047+00:00,f0d00c4983614291b938804a9df6b127
2015-12-19,84.3,84.3,ft^3/s,Approved,[],2025-03-11T21:24:03.840047+00:00,f0d00c4983614291b938804a9df6b127
2015-12-20,85.3,85.3,ft^3/s,Approved,[],2025-03-11T21:24:03.840047+00:00,f0d00c4983614291b938804a9df6b127
2015-12-21,86.0,86.0,ft^3/s,Approved,[],2025-03-11T21:24:03.840047+00:00,f0d00c4983614291b938804a9df6b127
2015-12-22,85.9,85.9,ft^3/s,Approved,[],2025-03-11T21:24:03.840047+00:00,f0d00c4983614291b938804a9df6b127
2015-12-23,86.8,86.8,ft^3/s,Approved,[],2025-03-11T21:24:03.840047+00:00,f0d00c4983614291b938804a9df6b127
2015-12-24,87.0,87.0,ft^3/s,Approved,[],2025-03-11T21:24:03.840047+00:00,f0d00c4983614291b938804a9df6b127
2015-12-25,86.6,86.6,ft^3/s,Approved,[],2025-03-11T21:24:03.840047+00:00,f0d00c4983614291b938804a9df6b127
2015-12-26,86.3,86.3,ft^3/s,Approved,[],2025-03-11T21:24:03.840047+00:00,f0d00c4983614291b938804a9df6b127
2015-12-27,85.3,85.3,ft^3/s,Approved,[],2025-03-11T21:24:03.840047+00:00,f0d00c4983614291b938804a9df6b127
2015-12-28,87.0,87.0,ft^3/s,Approved,[],2025-03-11T21:24:03.840047+00:00,f0d00c4983614291b938804a9df6b127
2015-12-29,82.1,82.1,ft^3/s,Approved,[],2025-03-11T21:24:03.840047+00:00,f0d00c4983614291b938804a9df6b127
2015-12-30,81.7,81.7,ft^3/s,Approved,[],2025-03-11T21:24:03.840047+00:00,f0d00c4983614291b938804a9df6b127
2015-12-31,80.6,80.6,ft^3/s,Approved,[],2025-03-11T21:24:03.840047+00:00,f0d00c4983614291b938804a9df6b127
2016-01-01,80.3,80.3,ft^3/s,Approved,[],2025-03-11T21:24:03.840047+00:00,f0d00c4983614291b938804a9df6b127
2016-01-02,79.7,79.7,ft^3/s,Approved,[],2025-03-11T21:24:03.840047+00:00,f0d00c4983614291b938804a9df6b127
2016-01-03,81.8,81.8,ft^3/s,Approved,[],2025-03-11T21:24:03.840047+00:00,f0d00c4983614291b938804a9df6b127
2016-01-04,81.9,81.9,ft^3/s,Approved,[],2025-03-11T21:24:03.840047+00:00,f0d00c4983614291b938804a9df6b127
2016-01-05,81.6,81.6,ft^3/s,Approved,[],2025-03-11T21:24:03.840047+00:00,f0d00c4983614291b938804a9df6b127
2016-01-06,82.2,82.2,ft^3/s,Approved,[],2025-03-11T21:24:03.840047+00:00,f0d00c4983614291b938804a9df6b127
2016-01-07,82.5,82.5,ft^3/s,Approved,[],2025-03-11T21:24:03.840047+00:00,f0d00c4983614291b938804a9df6b127
2016-01-08,79.5,79.5,ft^3/s,Approved,[],2025-03-11T21:24:03.840047+00:00,f0d00c4983614291b938804a9df6b127
2016-01-09,78.5,78.5,ft^3/s,Approved,[],2025-03-11T21:24:03.840047+00:00,f0d00c4983614291b938804a9df6b127
2016-01-10,75.9,75.9,ft^3/s,Approved,[],2025-03-11T21:24:03.840047+00:00,f0d00c4983614291b938804a9df6b127
2016-01-11,76.7,76.7,ft^3/s,Approved,[],2025-03-11T21:24:03.840047+00:00,f0d00c4983614291b938804a9df6b127
2016-01-12,76.8,76.8,ft^3/s,Approved,[],2025-03-11T21:24:03.840047+00:00,f0d00c4983614291b938804a9df6b127
2016-01-13,81.3,81.3,ft^3/s,Approved,[],2025-03-11T21:24:03.840047+00:00,f0d00c4983614291b938804a9df6b127
2016-01-14,74.8,74.8,ft^3/s,Approved,[],2025-03-11T21:24:03.840047+00:00,f0d00c4983614291b938804a9df6b127
2016-01-15,73.6,73.6,ft^3/s,Approved,[],2025-03-11T21:24:03.840047+00:00,f0d00c4983614291b938804a9df6b127
2016-01-16,73.0,73.0,ft^3/s,Approved,[],2025-03-11T21:24:03.840047+00:00,f0d00c4983614291b938804a9df6b127
2016-01-17,72.2,72.2,ft^3/s,Approved,[],2025-03-11T21:24:03.840047+00:00,f0d00c4983614291b938804a9df6b127
2016-01-18,74.0,74.0,ft^3/s,Approved,[],2025-03-11T21:24:03.840047+00:00,f0d00c4983614291b938804a9df6b127
2016-01-19,75.1,75.1,ft^3/s,Approved,[],2025-03-11T21:24:03.840047+00:00,f0d00c4983614291b938804a9df6b127
2016-01-20,69.4,69.4,ft^3/s,Approved,[],2025-03-11T21:24:03.840047+00:00,f0d00c4983614291b938804a9df6b127
2016-01-21,76.6,76.6,ft^3/s,Approved,[],2025-03-11T21:24:03.840047+00:00,f0d00c4983614291b938804a9df6b127
2016-01-22,66.7,66.7,ft^3/s,Approved,[],2025-03-11T21:24:03.840047+00:00,f0d00c4983614291b938804a9df6b127
2016-01-23,70.5,70.5,ft^3/s,Approved,[],2025-03-11T21:24:03.840047+00:00,f0d00c4983614291b938804a9df6b127
2016-01-24,77.4,77.4,ft^3/s,Approved,[],2025-03-11T21:24:03.840047+00:00,f0d00c4983614291b938804a9df6b127
2016-01-25,76.9,76.9,ft^3/s,Approved,[],2025-03-11T21:24:03.840047+00:00,f0d00c4983614291b938804a9df6b127
2016-01-26,75.9,75.9,ft^3/s,Approved,[],2025-03-11T21:24:03.840047+00:00,f0d00c4983614291b938804a9df6b127
2016-01-27,75.3,75.3,ft^3/s,Approved,[],2025-03-11T21:24:03.840047+00:00,f0d00c4983614291b938804a9df6b127
2016-01-28,79.8,79.8,ft^3/s,Approved,[],2025-03-11T21:24:03.840047+00:00,f0d00c4983614291b938804a9df6b127
2016-01-29,79.8,79.8,ft^3/s,Approved,[],2025-03-11T21:24:03.840047+00:00,f0d00c4983614291b938804a9df6b127
2016-01-30,77.8,77.8,ft^3/s,Approved,[],2025-03-11T21:24:03.840047+00:00,f0d00c4983614291b938804a9df6b127
2016-01-31,80.0,80.0,ft^3/s,Approved,[],2025-03-11T21:24:03.840047+00:00,f0d00c4983614291b938804a9df6b127
2016-02-01,77.5,77.5,ft^3/s,Approved,[],2025-03-11T21:24:03.840047+00:00,f0d00c4983614291b938804a9df6b127
2016-02-02,75.4,75.4,ft^3/s,Approved,[],2025-03-11T21:24:03.840047+00:00,f0d00c4983614291b938804a9df6b127
2016-02-03,72.5,72.5,ft^3/s,Approved,[],2025-03-11T21:24:03.840047+00:00,f0d00c4983614291b938804a9df6b127
2016-02-04,70.3,70.3,ft^3/s,Approved,[],2025-03-11T21:24:03.840047+00:00,f0d00c4983614291b938804a9df6b127
2016-02-05,68.7,68.7,ft^3/s,Approved,[],2025-03-11T21:24:03.840047+00:00,f0d00c4983614291b938804a9df6b127
2016-02-06,66.4,66.4,ft^3/s,Approved,[],2025-03-11T21:24:03.840047+00:00,f0d00c4983614291b938804a9df6b127
2016-02-07,67.0,67.0,ft^3/s,Approved,[],2025-03-11T21:24:03.840047+00:00,f0d00c4983614291b938804a9df6b127
2016-02-08,67.0,67.0,ft^3/s,Approved,[],2025-03-11T21:24:03.840047+00:00,f0d00c4983614291b938804a9df6b127
2016-02-09,67.6,67.6,ft^3/s,Approved,[],2025-03-11T21:24:03.840047+00:00,f0d00c4983614291b938804a9df6b127
2016-02-10,66.9,66.9,ft^3/s,Approved,[],2025-03-11T21:24:03.840047+00:00,f0d00c4983614291b938804a9df6b127
2016-02-11,66.9,66.9,ft^3/s,Approved,[],2025-03-11T21:24:03.840047+00:00,f0d00c4983614291b938804a9df6b127
2016-02-12,68.8,68.8,ft^3/s,Approved,[],2025-03-11T21:24:03.840047+00:00,f0d00c4983614291b938804a9df6b127
2016-02-13,68.9,68.9,ft^3/s,Approved,[],2025-03-11T21:24:03.840047+00:00,f0d00c4983614291b938804a9df6b127
2016-02-14,67.1,67.1,ft^3/s,Approved,[],2025-03-11T21:24:03.840047+00:00,f0d00c4983614291b938804a9df6b127
2016-02-15,68.3,68.3,ft^3/s,Approved,[],2025-03-11T21:24:03.840047+00:00,f0d00c4983614291b938804a9df6b127
2016-02-16,65.1,65.1,ft^3/s,Approved,[],2025-03-11T21:24:03.840047+00:00,f0d00c4983614291b938804a9df6b127
2016-02-17,65.7,65.7,ft^3/s,Approved,[],2025-03-11T21:24:03.840047+00:00,f0d00c4983614291b938804a9df6b127
2016-02-18,65.4,65.4,ft^3/s,Approved,[],2025-03-11T21:24:03.840047+00:00,f0d00c4983614291b938804a9df6b127
2016-02-19,67.3,67.3,ft^3/s,Approved,[],2025-03-11T21:24:03.840047+00:00,f0d00c4983614291b938804a9df6b127
2016-02-20,64.6,64.6,ft^3/s,Approved,[],2025-03-11T21:24:03.840047+00:00,f0d00c4983614291b938804a9df6b127
2016-02-21,62.5,62.5,ft^3/s,Approved,[],2025-03-11T21:24:03.840047+00:00,f0d00c4983614291b938804a9df6b127
2016-02-22,60.9,60.9,ft^3/s,Approved,[],2025-03-11T21:24:03.840047+00:00,f0d00c4983614291b938804a9df6b127
2016-02-23,58.9,58.9,ft^3/s,Approved,[],2025-03-11T21:24:03.840047+00:00,f0d00c4983614291b938804a9df6b127
2016-02-24,60.8,60.8,ft^3/s,Approved,[],2025-03-11T21:24:03.840047+00:00,f0d00c4983614291b938804a9df6b127
2016-02-25,67.0,67.0,ft^3/s,Approved,[],2025-03-11T21:24:03.840047+00:00,f0d00c4983614291b938804a9df6b127
2016-02-26,67.8,67.8,ft^3/s,Approved,[],2025-03-11T21:24:03.840047+00:00,f0d00c4983614291b938804a9df6b127
2016-02-27,63.8,63.8,ft^3/s,Approved,[],2025-03-11T21:24:03.840047+00:00,f0d00c4983614291b938804a9df6b127
2016-02-28,62.6,62.6,ft^3/s,Approved,[],2025-03-11T21:24:03.840047+00:00,f0d00c4983614291b938804a9df6b127
2016-02-29,61.7,61.7,ft^3/s,Approved,[],2025-03-11T21:24:03.840047+00:00,f0d00c4983614291b938804a9df6b127
2016-03-01,61.2,61.2,ft^3/s,Approved,[],2025-03-11T21:24:03.840047+00:00,f0d00c4983614291b938804a9df6b127
2016-03-02,60.8,60.8,ft^3/s,Approved,[],2025-03-11T21:24:03.840047+00:00,f0d00c4983614291b938804a9df6b127
2016-03-03,59.2,59.2,ft^3/s,Approved,[],2025-03-11T21:24:03.840047+00:00,f0d00c4983614291b938804a9df6b127
2016-03-04,58.5,58.5,ft^3/s,Approved,[],2025-03-11T21:24:03.840047+00:00,f0d00c4983614291b938804a9df6b127
2016-03-05,57.7,57.7,ft^3/s,Approved,[],2025-03-11T21:24:03.840047+00:00,f0d00c4983614291b938804a9df6b127
2016-03-06,55.5,55.5,ft^3/s,Approved,[],2025-03-11T21:24:03.840047+00:00,f0d00c4983614291b938804a9df6b127
2016-03-07,55.3,55.3,ft^3/s,Approved,[],2025-03-11T21:24:03.840047+00:00,f0d00c4983614291b938804a9df6b127
2016-03-08,58.8,58.8,ft^3/s,Approved,[],2025-03-11T21:24:03.840047+00:00,f0d00c4983614291b938804a9df6b127
2016-03-09,57.6,57.6,ft^3/s,Approved,[],2025-03-11T21:24:03.840047+00:00,f0d00c4983614291b938804a9df6b127
2016-03-10,57.1,57.1,ft^3/s,Approved,[],2025-03-11T21:24:03.840047+00:00,f0d00c4983614291b938804a9df6b127
2016-03-11,63.5,63.5,ft^3/s,Approved,[],2025-03-11T21:24:03.840047+00:00,f0d00c4983614291b938804a9df6b127
2016-03-12,70.6,70.6,ft^3/s,Approved,[],2025-03-11T21:24:03.840047+00:00,f0d00c4983614291b938804a9df6b127
2016-03-13,78.2,78.2,ft^3/s,Approved,[],2025-03-11T21:24:03.840047+00:00,f0d00c4983614291b938804a9df6b127
2016-03-14,84.7,84.7,ft^3/s,Approved,[],2025-03-11T21:24:03.840047+00:00,f0d00c4983614291b938804a9df6b127
2016-03-15,80.5,80.5,ft^3/s,Approved,[],2025-03-11T21:24:03.840047+00:00,f0d00c4983614291b938804a9df6b127
2016-03-16,76.6,76.6,ft^3/s,Approved,[],2025-03-11T21:24:03.840047+00:00,f0d00c4983614291b938804a9df6b127
2016-03-17,76.3,76.3,ft^3/s,Approved,[],2025-03-11T21:24:03.840047+00:00,f0d00c4983614291b938804a9df6b127
2016-03-18,72.1,72.1,ft^3/s,Approved,[],2025-03-11T21:24:03.840047+00:00,f0d00c4983614291b938804a9df6b127
2016-03-19,68.9,68.9,ft^3/s,Approved,[],2025-03-11T21:24:03.840047+00:00,f0d00c4983614291b938804a9df6b127
2016-03-20,65.5,65.5,ft^3/s,Approved,[],2025-03-11T21:24:03.840047+00:00,f0d00c4983614291b938804a9df6b127
2016-03-21,65.3,65.3,ft^3/s,Approved,[],2025-03-11T21:24:03.840047+00:00,f0d00c4983614291b938804a9df6b127
2016-03-22,65.3,65.3,ft^3/s,Approved,[],2025-03-11T21:24:03.840047+00:00,f0d00c4983614291b938804a9df6b127
2016-03-23,71.0,71.0,ft^3/s,Approved,[],2025-03-11T21:24:03.840047+00:00,f0d00c4983614291b938804a9df6b127
2016-03-24,67.9,67.9,ft^3/s,Approved,[],2025-03-11T21:24:03.840047+00:00,f0d00c4983614291b938804a9df6b127
2016-03-25,69.0,69.0,ft^3/s,Approved,[],2025-03-11T21:24:03.840047+00:00,f0d00c4983614291b938804a9df6b127
2016-03-26,70.2,70.2,ft^3/s,Approved,[],2025-03-11T21:24:03.840047+00:00,f0d00c4983614291b938804a9df6b127
2016-03-27,66.1,66.1,ft^3/s,Approved,[],2025-03-11T21:24:03.840047+00:00,f0d00c4983614291b938804a9df6b127
2016-03-28,71.7,71.7,ft^3/s,Approved,[],2025-03-11T21:24:03.840047+00:00,f0d00c4983614291b938804a9df6b127
2016-03-29,69.5,69.5,ft^3/s,Approved,[],2025-03-11T21:24:03.840047+00:00,f0d00c4983614291b938804a9df6b127
2016-03-30,70.2,70.2,ft^3/s,Approved,[],2025-03-11T21:24:03.840047+00:00,f0d00c4983614291b938804a9df6b127
2016-03-31,65.0,65.0,ft^3/s,Approved,[],2025-03-11T21:24:03.840047+00:00,f0d00c4983614291b938804a9df6b127
2016-04-01,65.1,65.1,ft^3/s,Approved,[],2025-03-11T21:24:03.840047+00:00,f0d00c4983614291b938804a9df6b127
2016-04-02,62.3,62.3,ft^3/s,Approved,[],2025-03-11T21:24:03.840047+00:00,f0d00c4983614291b938804a9df6b127
2016-04-03,63.2,63.2,ft^3/s,Approved,[],2025-03-11T21:24:03.840047+00:00,f0d00c4983614291b938804a9df6b127
2016-04-04,64.9,64.9,ft^3/s,Approved,[],2025-03-11T21:24:03.840047+00:00,f0d00c4983614291b938804a9df6b127
2016-04-05,63.5,63.5,ft^3/s,Approved,[],2025-03-11T21:24:03.840047+00:00,f0d00c4983614291b938804a9df6b127
2016-04-06,61.9,61.9,ft^3/s,Approved,[],2025-03-11T21:24:03.840047+00:00,f0d00c4983614291b938804a9df6b127
2016-04-07,62.9,62.9,ft^3/s,Approved,[],2025-03-11T21:24:03.840047+00:00,f0d00c4983614291b938804a9df6b127
2016-04-08,62.2,62.2,ft^3/s,Approved,[],2025-03-11T21:24:03.840047+00:00,f0d00c4983614291b938804a9df6b127
2016-04-09,60.1,60.1,ft^3/s,Approved,[],2025-03-11T21:24:03.840047+00:00,f0d00c4983614291b938804a9df6b127
2016-04-10,58.2,58.2,ft^3/s,Approved,[],2025-03-11T21:24:03.840047+00:00,f0d00c4983614291b938804a9df6b127
2016-04-11,57.1,57.1,ft^3/s,Approved,[],2025-03-11T21:24:03.840047+00:00,f0d00c4983614291b938804a9df6b127
2016-04-12,55.0,55.0,ft^3/s,Approved,[],2025-03-11T21:24:03.840047+00:00,f0d00c4983614291b938804a9df6b127
2016-04-13,59.2,59.2,ft^3/s,Approved,[],2025-03-11T21:24:03.840047+00:00,f0d00c4983614291b938804a9df6b127
2016-04-14,69.1,69.1,ft^3/s,Approved,[],2025-03-11T21:24:03.840047+00:00,f0d00c4983614291b938804a9df6b127
2016-04-15,69.0,69.0,ft^3/s,Approved,[],2025-03-11T21:24:03.840047+00:00,f0d00c4983614291b938804a9df6b127
2016-04-16,66.0,66.0,ft^3/s,Approved,[],2025-03-11T21:24:03.840047+00:00,f0d00c4983614291b938804a9df6b127
2016-04-17,66.9,66.9,ft^3/s,Approved,[],2025-03-11T21:24:03.840047+00:00,f0d00c4983614291b938804a9df6b127
2016-04-18,105.0,105,ft^3/s,Approved,[],2025-03-11T21:24:03.840047+00:00,f0d00c4983614291b938804a9df6b127
2016-04-19,132.0,132,ft^3/s,Approved,[],2025-03-11T21:24:03.840047+00:00,f0d00c4983614291b938804a9df6b127
2016-04-20,126.0,126,ft^3/s,Approved,[],2025-03-11T21:24:03.840047+00:00,f0d00c4983614291b938804a9df6b127
2016-04-21,122.0,122,ft^3/s,Approved,[],2025-03-11T21:24:03.840047+00:00,f0d00c4983614291b938804a9df6b127
2016-04-22,123.0,123,ft^3/s,Approved,[],2025-03-11T21:24:03.840047+00:00,f0d00c4983614291b938804a9df6b127
2016-04-23,118.0,118,ft^3/s,Approved,[],2025-03-11T21:24:03.840047+00:00,f0d00c4983614291b938804a9df6b127
2016-04-24,113.0,113,ft^3/s,Approved,[],2025-03-11T21:24:03.840047+00:00,f0d00c4983614291b938804a9df6b127
2016-04-25,111.0,111,ft^3/s,Approved,[],2025-03-11T21:24:03.840047+00:00,f0d00c4983614291b938804a9df6b127
2016-04-26,112.0,112,ft^3/s,Approved,[],2025-03-11T21:24:03.840047+00:00,f0d00c4983614291b938804a9df6b127
2016-04-27,113.0,113,ft^3/s,Approved,[],2025-03-11T21:24:03.840047+00:00,f0d00c4983614291b938804a9df6b127
2016-04-28,101.0,101,ft^3/s,Approved,[],2025-03-11T21:24:03.840047+00:00,f0d00c4983614291b938804a9df6b127
2016-04-29,97.8,97.8,ft^3/s,Approved,[],2025-03-11T21:24:03.840047+00:00,f0d00c4983614291b938804a9df6b127
2016-04-30,96.5,96.5,ft^3/s,Approved,[],2025-03-11T21:24:03.840047+00:00,f0d00c4983614291b938804a9df6b127
2016-05-01,102.0,102,ft^3/s,Approved,[],2025-03-11T21:24:03.840047+00:00,f0d00c4983614291b938804a9df6b127
2016-05-02,99.8,99.8,ft^3/s,Approved,[],2025-03-11T21:24:03.840047+00:00,f0d00c4983614291b938804a9df6b127
2016-05-03,96.1,96.1,ft^3/s,Approved,[],2025-03-11T21:24:03.840047+00:00,f0d00c4983614291b938804a9df6b127
2016-05-04,96.9,96.9,ft^3/s,Approved,[],2025-03-11T21:24:03.840047+00:00,f0d00c4983614291b938804a9df6b127
2016-05-05,97.0,97.0,ft^3/s,Approved,[],2025-03-11T21:24:03.840047+00:00,f0d00c4983614291b938804a9df6b127
2016-05-06,90.4,90.4,ft^3/s,Approved,[],2025-03-11T21:24:03.840047+00:00,f0d00c4983614291b938804a9df6b127
2016-05-07,88.5,88.5,ft^3/s,Approved,[],2025-03-11T21:24:03.840047+00:00,f0d00c4983614291b938804a9df6b127
2016-05-08,88.3,88.3,ft^3/s,Approved,[],2025-03-11T21:24:03.840047+00:00,f0d00c4983614291b938804a9df6b127
2016-05-09,88.4,88.4,ft^3/s,Approved,[],2025-03-11T21:24:03.840047+00:00,f0d00c4983614291b938804a9df6b127
2016-05-10,91.4,91.4,ft^3/s,Approved,[],2025-03-11T21:24:03.840047+00:00,f0d00c4983614291b938804a9df6b127
2016-05-11,96.1,96.1,ft^3/s,Approved,[],2025-03-11T21:24:03.840047+00:00,f0d00c4983614291b938804a9df6b127
2016-05-12,93.4,93.4,ft^3/s,Approved,[],2025-03-11T21:24:03.840047+00:00,f0d00c4983614291b938804a9df6b127
2016-05-13,89.2,89.2,ft^3/s,Approved,[],2025-03-11T21:24:03.840047+00:00,f0d00c4983614291b938804a9df6b127
2016-05-14,88.8,88.8,ft^3/s,Approved,[],2025-03-11T21:24:03.840047+00:00,f0d00c4983614291b938804a9df6b127
2016-05-15,86.1,86.1,ft^3/s,Approved,[],2025-03-11T21:24:03.840047+00:00,f0d00c4983614291b938804a9df6b127
2016-05-16,87.9,87.9,ft^3/s,Approved,[],2025-03-11T21:24:03.840047+00:00,f0d00c4983614291b938804a9df6b127
2016-05-17,88.3,88.3,ft^3/s,Approved,[],2025-03-11T21:24:03.840047+00:00,f0d00c4983614291b938804a9df6b127
2016-05-18,129.0,129,ft^3/s,Approved,[],2025-03-11T21:24:03.840047+00:00,f0d00c4983614291b938804a9df6b127
2016-05-19,145.0,145,ft^3/s,Approved,[],2025-03-11T21:24:03.840047+00:00,f0d00c4983614291b938804a9df6b127
2016-05-20,162.0,162,ft^3/s,Approved,[],2025-03-11T21:24:03.840047+00:00,f0d00c4983614291b938804a9df6b127
2016-05-21,148.0,148,ft^3/s,Approved,[],2025-03-11T21:24:03.840047+00:00,f0d00c4983614291b938804a9df6b127
2016-05-22,135.0,135,ft^3/s,Approved,[],2025-03-11T21:24:03.840047+00:00,f0d00c4983614291b938804a9df6b127
2016-05-23,132.0,132,ft^3/s,Approved,[],2025-03-11T21:24:03.840047+00:00,f0d00c4983614291b938804a9df6b127
2016-05-24,125.0,125,ft^3/s,Approved,[],2025-03-11T21:24:03.840047+00:00,f0d00c4983614291b938804a9df6b127
2016-05-25,120.0,120,ft^3/s,Approved,[],2025-03-11T21:24:03.840047+00:00,f0d00c4983614291b938804a9df6b127
2016-05-26,110.0,110,ft^3/s,Approved,[],2025-03-11T21:24:03.840047+00:00,f0d00c4983614291b938804a9df6b127
2016-05-27,107.0,107,ft^3/s,Approved,[],2025-03-11T21:24:03.840047+00:00,f0d00c4983614291b938804a9df6b127
2016-05-28,103.0,103,ft^3/s,Approved,[],2025-03-11T21:24:03.840047+00:00,f0d00c4983614291b938804a9df6b127
2016-05-29,104.0,104,ft^3/s,Approved,[],2025-03-11T21:24:03.840047+00:00,f0d00c4983614291b938804a9df6b127
2016-05-30,99.1,99.1,ft^3/s,Approved,[],2025-03-11T21:24:03.840047+00:00,f0d00c4983614291b938804a9df6b127
2016-05-31,102.0,102,ft^3/s,Approved,[],2025-03-11T21:24:03.840047+00:00,f0d00c4983614291b938804a9df6b127
2016-06-01,115.0,115,ft^3/s,Approved,[],2025-03-11T21:24:03.840047+00:00,f0d00c4983614291b938804a9df6b127
2016-06-02,135.0,135,ft^3/s,Approved,[],2025-03-11T21:24:03.840047+00:00,f0d00c4983614291b938804a9df6b127
2016-06-03,149.0,149,ft^3/s,Approved,[],2025-03-11T21:24:03.840047+00:00,f0d00c4983614291b938804a9df6b127
2016-06-04,145.0,145,ft^3/s,Approved,[],2025-03-11T21:24:03.840047+00:00,f0d00c4983614291b938804a9df6b127
2016-06-05,158.0,158,ft^3/s,Approved,[],2025-03-11T21:24:03.840047+00:00,f0d00c4983614291b938804a9df6b127
2016-06-06,162.0,162,ft^3/s,Approved,[],2025-03-11T21:24:03.840047+00:00,f0d00c4983614291b938804a9df6b127
2016-06-07,131.0,131,ft^3/s,Approved,[],2025-03-11T21:24:03.840047+00:00,f0d00c4983614291b938804a9df6b127
2016-06-08,123.0,123,ft^3/s,Approved,[],2025-03-11T21:24:03.840047+00:00,f0d00c4983614291b938804a9df6b127
2016-06-09,123.0,123,ft^3/s,Approved,[],2025-03-11T21:24:03.840047+00:00,f0d00c4983614291b938804a9df6b127
2016-06-10,112.0,112,ft^3/s,Approved,[],2025-03-11T21:24:03.840047+00:00,f0d00c4983614291b938804a9df6b127
2016-06-11,115.0,115,ft^3/s,Approved,[],2025-03-11T21:24:03.840047+00:00,f0d00c4983614291b938804a9df6b127
2016-06-12,111.0,111,ft^3/s,Approved,[],2025-03-11T21:24:03.840047+00:00,f0d00c4983614291b938804a9df6b127
2016-06-13,106.0,106,ft^3/s,Approved,[],2025-03-11T21:24:03.840047+00:00,f0d00c4983614291b938804a9df6b127
2016-06-14,106.0,106,ft^3/s,Approved,[],2025-03-11T21:24:03.840047+00:00,f0d00c4983614291b938804a9df6b127
2016-06-15,101.0,101,ft^3/s,Approved,[],2025-03-11T21:24:03.840047+00:00,f0d00c4983614291b938804a9df6b127
2016-06-16,100.0,100,ft^3/s,Approved,[],2025-03-11T21:24:03.840047+00:00,f0d00c4983614291b938804a9df6b127
2016-06-17,96.7,96.7,ft^3/s,Approved,[],2025-03-11T21:24:03.840047+00:00,f0d00c4983614291b938804a9df6b127
2016-06-18,95.1,95.1,ft^3/s,Approved,[],2025-03-11T21:24:03.840047+00:00,f0d00c4983614291b938804a9df6b127
2016-06-19,96.5,96.5,ft^3/s,Approved,[],2025-03-11T21:24:03.840047+00:00,f0d00c4983614291b938804a9df6b127
2016-06-20,95.2,95.2,ft^3/s,Approved,[],2025-03-11T21:24:03.840047+00:00,f0d00c4983614291b938804a9df6b127
2016-06-21,94.5,94.5,ft^3/s,Approved,[],2025-03-11T21:24:03.840047+00:00,f0d00c4983614291b938804a9df6b127
2016-06-22,85.9,85.9,ft^3/s,Approved,[],2025-03-11T21:24:03.840047+00:00,f0d00c4983614291b938804a9df6b127
2016-06-23,83.0,83.0,ft^3/s,Approved,[],2025-03-11T21:24:03.840047+00:00,f0d00c4983614291b938804a9df6b127
2016-06-24,79.4,79.4,ft^3/s,Approved,[],2025-03-11T21:24:03.840047+00:00,f0d00c4983614291b938804a9df6b127
2016-06-25,80.5,80.5,ft^3/s,Approved,[],2025-03-11T21:24:03.840047+00:00,f0d00c4983614291b938804a9df6b127
2016-06-26,80.8,80.8,ft^3/s,Approved,[],2025-03-11T21:24:03.840047+00:00,f0d00c4983614291b938804a9df6b127
2016-06-27,79.6,79.6,ft^3/s,Approved,[],2025-03-11T21:24:03.840047+00:00,f0d00c4983614291b938804a9df6b127
2016-06-28,79.4,79.4,ft^3/s,Approved,[],2025-03-11T21:24:03.840047+00:00,f0d00c4983614291b938804a9df6b127
2016-06-29,81.8,81.8,ft^3/s,Approved,[],2025-03-11T21:24:03.840047+00:00,f0d00c4983614291b938804a9df6b127
2016-06-30,77.5,77.5,ft^3/s,Approved,[],2025-03-11T21:24:03.840047+00:00,f0d00c4983614291b938804a9df6b127
2016-07-01,79.1,79.1,ft^3/s,Approved,[],2025-03-11T21:24:03.840047+00:00,f0d00c4983614291b938804a9df6b127
2016-07-02,72.9,72.9,ft^3/s,Approved,[],2025-03-11T21:24:03.840047+00:00,f0d00c4983614291b938804a9df6b127
2016-07-03,72.7,72.7,ft^3/s,Approved,[],2025-03-11T21:24:03.840047+00:00,f0d00c4983614291b938804a9df6b127
2016-07-04,71.3,71.3,ft^3/s,Approved,[],2025-03-11T21:24:03.840047+00:00,f0d00c4983614291b938804a9df6b127
2016-07-05,72.1,72.1,ft^3/s,Approved,[],2025-03-11T21:24:03.840047+00:00,f0d00c4983614291b938804a9df6b127
2016-07-06,72.2,72.2,ft^3/s,Approved,[],2025-03-11T21:24:03.840047+00:00,f0d00c4983614291b938804a9df6b127
2016-07-07,71.4,71.4,ft^3/s,Approved,[],2025-03-11T21:24:03.840047+00:00,f0d00c4983614291b938804a9df6b127
2016-07-08,70.5,70.5,ft^3/s,Approved,[],2025-03-11T21:24:03.840047+00:00,f0d00c4983614291b938804a9df6b127
2016-07-09,71.6,71.6,ft^3/s,Approved,[],2025-03-11T21:24:03.840047+00:00,f0d00c4983614291b938804a9df6b127
2016-07-10,72.7,72.7,ft^3/s,Approved,[],2025-03-11T21:24:03.840047+00:00,f0d00c4983614291b938804a9df6b127
2016-07-11,71.2,71.2,ft^3/s,Approved,[],2025-03-11T21:24:03.840047+00:00,f0d00c4983614291b938804a9df6b127
2016-07-12,71.9,71.9,ft^3/s,Approved,[],2025-03-11T21:24:03.840047+00:00,f0d00c4983614291b938804a9df6b127
2016-07-13,69.1,69.1,ft^3/s,Approved,[],2025-03-11T21:24:03.840047+00:00,f0d00c4983614291b938804a9df6b127
2016-07-14,69.6,69.6,ft^3/s,Approved,[],2025-03-11T21:24:03.840047+00:00,f0d00c4983614291b938804a9df6b127
2016-07-15,69.3,69.3,ft^3/s,Approved,[],2025-03-11T21:24:03.840047+00:00,f0d00c4983614291b938804a9df6b127
2016-07-16,70.4,70.4,ft^3/s,Approved,[],2025-03-11T21:24:03.840047+00:00,f0d00c4983614291b938804a9df6b127
2016-07-17,70.6,70.6,ft^3/s,Approved,[],2025-03-11T21:24:03.840047+00:00,f0d00c4983614291b938804a9df6b127
2016-07-18,70.5,70.5,ft^3/s,Approved,[],2025-03-11T21:24:03.840047+00:00,f0d00c4983614291b938804a9df6b127
2016-07-19,70.4,70.4,ft^3/s,Approved,[],2025-03-11T21:24:03.840047+00:00,f0d00c4983614291b938804a9df6b127
2016-07-20,70.4,70.4,ft^3/s,Approved,[],2025-03-11T21:24:03.840047+00:00,f0d00c4983614291b938804a9df6b127
2016-07-21,68.4,68.4,ft^3/s,Approved,[],2025-03-11T21:24:03.840047+00:00,f0d00c4983614291b938804a9df6b127
2016-07-22,68.0,68.0,ft^3/s,Approved,[],2025-03-11T21:24:03.840047+00:00,f0d00c4983614291b938804a9df6b127
2016-07-23,66.9,66.9,ft^3/s,Approved,[],2025-03-11T21:24:03.840047+00:00,f0d00c4983614291b938804a9df6b127
2016-07-24,66.5,66.5,ft^3/s,Approved,[],2025-03-11T21:24:03.840047+00:00,f0d00c4983614291b938804a9df6b127
2016-07-25,67.4,67.4,ft^3/s,Approved,[],2025-03-11T21:24:03.840047+00:00,f0d00c4983614291b938804a9df6b127
2016-07-26,67.9,67.9,ft^3/s,Approved,[],2025-03-11T21:24:03.840047+00:00,f0d00c4983614291b938804a9df6b127
2016-07-27,67.1,67.1,ft^3/s,Approved,[],2025-03-11T21:24:03.840047+00:00,f0d00c4983614291b938804a9df6b127
2016-07-28,68.8,68.8,ft^3/s,Approved,[],2025-03-11T21:24:03.840047+00:00,f0d00c4983614291b938804a9df6b127
2016-07-29,68.4,68.4,ft^3/s,Approved,[],2025-03-11T21:24:03.840047+00:00,f0d00c4983614291b938804a9df6b127
2016-07-30,69.6,69.6,ft^3/s,Approved,[],2025-03-11T21:24:03.840047+00:00,f0d00c4983614291b938804a9df6b127
2016-07-31,68.1,68.1,ft^3/s,Approved,[],2025-03-11T21:24:03.840047+00:00,f0d00c4983614291b938804a9df6b127
2016-08-01,69.0,69.0,ft^3/s,Approved,[],2025-03-11T21:24:03.840047+00:00,f0d00c4983614291b938804a9df6b127
2016-08-02,68.8,68.8,ft^3/s,Approved,[],2025-03-11T21:24:03.840047+00:00,f0d00c4983614291b938804a9df6b127
2016-08-03,68.6,68.6,ft^3/s,Approved,[],2025-03-11T21:24:03.840047+00:00,f0d00c4983614291b938804a9df6b127
2016-08-04,68.5,68.5,ft^3/s,Approved,[],2025-03-11T21:24:03.840047+00:00,f0d00c4983614291b938804a9df6b127
2016-08-05,67.6,67.6,ft^3/s,Approved,[],2025-03-11T21:24:03.840047+00:00,f0d00c4983614291b938804a9df6b127
2016-08-06,64.7,64.7,ft^3/s,Approved,[],2025-03-11T21:24:03.840047+00:00,f0d00c4983614291b938804a9df6b127
2016-08-07,63.1,63.1,ft^3/s,Approved,[],2025-03-11T21:24:03.840047+00:00,f0d00c4983614291b938804a9df6b127
2016-08-08,64.7,64.7,ft^3/s,Approved,[],2025-03-11T21:24:03.840047+00:00,f0d00c4983614291b938804a9df6b127
2016-08-09,64.6,64.6,ft^3/s,Approved,[],2025-03-11T21:24:03.840047+00:00,f0d00c4983614291b938804a9df6b127
2016-08-10,63.6,63.6,ft^3/s,Approved,[],2025-03-11T21:24:03.840047+00:00,f0d00c4983614291b938804a9df6b127
2016-08-11,63.6,63.6,ft^3/s,Approved,[],2025-03-11T21:24:03.840047+00:00,f0d00c4983614291b938804a9df6b127
2016-08-12,62.5,62.5,ft^3/s,Approved,[],2025-03-11T21:24:03.840047+00:00,f0d00c4983614291b938804a9df6b127
2016-08-13,62.5,62.5,ft^3/s,Approved,[],2025-03-11T21:24:03.840047+00:00,f0d00c4983614291b938804a9df6b127
2016-08-14,63.0,63.0,ft^3/s,Approved,[],2025-03-11T21:24:03.840047+00:00,f0d00c4983614291b938804a9df6b127
2016-08-15,74.2,74.2,ft^3/s,Approved,[],2025-03-11T21:24:03.840047+00:00,f0d00c4983614291b938804a9df6b127
2016-08-16,93.4,93.4,ft^3/s,Approved,[],2025-03-11T21:24:03.840047+00:00,f0d00c4983614291b938804a9df6b127
2016-08-17,102.0,102,ft^3/s,Approved,[],2025-03-11T21:24:03.840047+00:00,f0d00c4983614291b938804a9df6b127
2016-08-18,90.7,90.7,ft^3/s,Approved,[],2025-03-11T21:24:03.840047+00:00,f0d00c4983614291b938804a9df6b127
2016-08-19,84.3,84.3,ft^3/s,Approved,[],2025-03-11T21:24:03.840047+00:00,f0d00c4983614291b938804a9df6b127
2016-08-20,81.1,81.1,ft^3/s,Approved,[],2025-03-11T21:24:03.840047+00:00,f0d00c4983614291b938804a9df6b127
2016-08-21,120.0,120,ft^3/s,Approved,[],2025-03-11T21:24:03.840047+00:00,f0d00c4983614291b938804a9df6b127
2016-08-22,141.0,141,ft^3/s,Approved,[],2025-03-11T21:24:03.840047+00:00,f0d00c4983614291b938804a9df6b127
2016-08-23,120.0,120,ft^3/s,Approved,[],2025-03-11T21:24:03.840047+00:00,f0d00c4983614291b938804a9df6b127
2016-08-24,99.7,99.7,ft^3/s,Approved,[],2025-03-11T21:24:03.840047+00:00,f0d00c4983614291b938804a9df6b127
2016-08-25,80.3,80.3,ft^3/s,Approved,[],2025-03-11T21:24:03.840047+00:00,f0d00c4983614291b938804a9df6b127
2016-08-26,68.4,68.4,ft^3/s,Approved,[],2025-03-11T21:24:03.840047+00:00,f0d00c4983614291b938804a9df6b127
2016-08-27,66.7,66.7,ft^3/s,Approved,[],2025-03-11T21:24:03.840047+00:00,f0d00c4983614291b938804a9df6b127
2016-08-28,65.2,65.2,ft^3/s,Approved,[],2025-03-11T21:24:03.840047+00:00,f0d00c4983614291b938804a9df6b127
2016-08-29,59.8,59.8,ft^3/s,Approved,[],2025-03-11T21:24:03.840047+00:00,f0d00c4983614291b938804a9df6b127
2016-08-30,56.7,56.7,ft^3/s,Approved,[],2025-03-11T21:24:03.840047+00:00,f0d00c4983614291b938804a9df6b127
2016-08-31,56.6,56.6,ft^3/s,Approved,[],2025-03-11T21:24:03.840047+00:00,f0d00c4983614291b938804a9df6b127
2016-09-01,58.4,58.4,ft^3/s,Approved,[],2025-03-11T21:24:03.840047+00:00,f0d00c4983614291b938804a9df6b127
2016-09-02,64.8,64.8,ft^3/s,Approved,[],2025-03-11T21:24:03.840047+00:00,f0d00c4983614291b938804a9df6b127
2016-09-03,55.0,55.0,ft^3/s,Approved,[],2025-03-11T21:24:03.840047+00:00,f0d00c4983614291b938804a9df6b127
2016-09-04,69.3,69.3,ft^3/s,Approved,[],2025-03-11T21:24:03.840047+00:00,f0d00c4983614291b938804a9df6b127
2016-09-05,94.4,94.4,ft^3/s,Approved,[],2025-03-11T21:24:03.840047+00:00,f0d00c4983614291b938804a9df6b127
2016-09-06,52.4,52.4,ft^3/s,Approved,[],2025-03-11T21:24:03.840047+00:00,f0d00c4983614291b938804a9df6b127
2016-09-07,51.8,51.8,ft^3/s,Approved,[],2025-03-11T21:24:03.840047+00:00,f0d00c4983614291b938804a9df6b127
2016-09-08,51.0,51.0,ft^3/s,Approved,[],2025-03-11T21:24:03.840047+00:00,f0d00c4983614291b938804a9df6b127
2016-09-09,47.0,47.0,ft^3/s,Approved,[],2025-03-11T21:24:03.840047+00:00,f0d00c4983614291b938804a9df6b127
2016-09-10,46.5,46.5,ft^3/s,Approved,[],2025-03-11T21:24:03.840047+00:00,f0d00c4983614291b938804a9df6b127
2016-09-11,48.1,48.1,ft^3/s,Approved,[],2025-03-11T21:24:03.840047+00:00,f0d00c4983614291b938804a9df6b127
2016-09-12,47.8,47.8,ft^3/s,Approved,[],2025-03-11T21:24:03.840047+00:00,f0d00c4983614291b938804a9df6b127
2016-09-13,48.3,48.3,ft^3/s,Approved,[],2025-03-11T21:24:03.840047+00:00,f0d00c4983614291b938804a9df6b127
2016-09-14,47.9,47.9,ft^3/s,Approved,[],2025-03-11T21:24:03.840047+00:00,f0d00c4983614291b938804a9df6b127
2016-09-15,46.9,46.9,ft^3/s,Approved,[],2025-03-11T21:24:03.840047+00:00,f0d00c4983614291b938804a9df6b127
2016-09-16,46.3,46.3,ft^3/s,Approved,[],2025-03-11T21:24:03.840047+00:00,f0d00c4983614291b938804a9df6b127
2016-09-17,49.4,49.4,ft^3/s,Approved,[],2025-03-11T21:24:03.840047+00:00,f0d00c4983614291b938804a9df6b127
2016-09-18,47.0,47.0,ft^3/s,Approved,[],2025-03-11T21:24:03.840047+00:00,f0d00c4983614291b938804a9df6b127
2016-09-19,44.9,44.9,ft^3/s,Approved,[],2025-03-11T21:24:03.840047+00:00,f0d00c4983614291b938804a9df6b127
2016-09-20,44.2,44.2,ft^3/s,Approved,[],2025-03-11T21:24:03.840047+00:00,f0d00c4983614291b938804a9df6b127
2016-09-21,42.6,42.6,ft^3/s,Approved,[],2025-03-11T21:24:03.840047+00:00,f0d00c4983614291b938804a9df6b127
2016-09-22,44.1,44.1,ft^3/s,Approved,[],2025-03-11T21:24:03.840047+00:00,f0d00c4983614291b938804a9df6b127
2016-09-23,43.7,43.7,ft^3/s,Approved,[],2025-03-11T21:24:03.840047+00:00,f0d00c4983614291b938804a9df6b127
2016-09-24,42.2,42.2,ft^3/s,Approved,[],2025-03-11T21:24:03.840047+00:00,f0d00c4983614291b938804a9df6b127
2016-09-25,41.6,41.6,ft^3/s,Approved,[],2025-03-11T21:24:03.840047+00:00,f0d00c4983614291b938804a9df6b127
2016-09-26,71.8,71.8,ft^3/s,Approved,[],2025-03-11T21:24:03.840047+00:00,f0d00c4983614291b938804a9df6b127
2016-09-27,106.0,106,ft^3/s,Approved,[],2025-03-11T21:24:03.840047+00:00,f0d00c4983614291b938804a9df6b127
2016-09-28,96.0,96.0,ft^3/s,Approved,[],2025-03-11T21:24:03.840047+00:00,f0d00c4983614291b938804a9df6b127
2016-09-29,88.4,88.4,ft^3/s,Approved,[],2025-03-11T21:24:03.840047+00:00,f0d00c4983614291b938804a9df6b127
2016-09-30,84.9,84.9,ft^3/s,Approved,[],2025-03-11T21:24:03.840047+00:00,f0d00c4983614291b938804a9df6b127
2016-10-01,87.9,87.9,ft^3/s,Approved,[],2025-03-11T21:24:03.840047+00:00,f0d00c4983614291b938804a9df6b127
2016-10-02,89.2,89.2,ft^3/s,Approved,[],2025-03-11T21:24:03.840047+00:00,f0d00c4983614291b938804a9df6b127
2016-10-03,93.8,93.8,ft^3/s,Approved,[],2025-03-11T21:24:03.840047+00:00,f0d00c4983614291b938804a9df6b127
2016-10-04,87.3,87.3,ft^3/s,Approved,[],2025-03-11T21:24:03.840047+00:00,f0d00c4983614291b938804a9df6b127
2016-10-05,82.8,82.8,ft^3/s,Approved,[],2025-03-11T21:24:03.840047+00:00,f0d00c4983614291b938804a9df6b127
2016-10-06,85.8,85.8,ft^3/s,Approved,[],2025-03-11T21:24:03.840047+00:00,f0d00c4983614291b938804a9df6b127
2016-10-07,83.7,83.7,ft^3/s,Approved,[],2025-03-11T21:24:03.840047+00:00,f0d00c4983614291b938804a9df6b127
2016-10-08,77.1,77.1,ft^3/s,Approved,[],2025-03-11T21:24:03.840047+00:00,f0d00c4983614291b938804a9df6b127
2016-10-09,79.3,79.3,ft^3/s,Approved,[],2025-03-11T21:24:03.840047+00:00,f0d00c4983614291b938804a9df6b127
2016-10-10,79.8,79.8,ft^3/s,Approved,[],2025-03-11T21:24:03.840047+00:00,f0d00c4983614291b938804a9df6b127
2016-10-11,77.4,77.4,ft^3/s,Approved,[],2025-03-11T21:24:03.840047+00:00,f0d00c4983614291b938804a9df6b127
2016-10-12,78.7,78.7,ft^3/s,Approved,[],2025-03-11T21:24:03.840047+00:00,f0d00c4983614291b938804a9df6b127
2016-10-13,76.4,76.4,ft^3/s,Approved,[],2025-03-11T21:24:03.840047+00:00,f0d00c4983614291b938804a9df6b127
2016-10-14,79.5,79.5,ft^3/s,Approved,[],2025-03-11T21:24:03.840047+00:00,f0d00c4983614291b938804a9df6b127
2016-10-15,78.3,78.3,ft^3/s,Approved,[],2025-03-11T21:24:03.840047+00:00,f0d00c4983614291b938804a9df6b127
2016-10-16,79.6,79.6,ft^3/s,Approved,[],2025-03-11T21:24:03.840047+00:00,f0d00c4983614291b938804a9df6b127
2016-10-17,81.5,81.5,ft^3/s,Approved,[],2025-03-11T21:24:03.840047+00:00,f0d00c4983614291b938804a9df6b127
2016-10-18,77.9,77.9,ft^3/s,Approved,[],2025-03-11T21:24:03.840047+00:00,f0d00c4983614291b938804a9df6b127
2016-10-19,90.0,90.0,ft^3/s,Approved,[],2025-03-11T21:24:03.840047+00:00,f0d00c4983614291b938804a9df6b127
2016-10-20,78.0,78.0,ft^3/s,Approved,[],2025-03-11T21:24:03.840047+00:00,f0d00c4983614291b938804a9df6b127
2016-10-21,82.1,82.1,ft^3/s,Approved,[],2025-03-11T21:24:03.840047+00:00,f0d00c4983614291b938804a9df6b127
2016-10-22,91.8,91.8,ft^3/s,Approved,[],2025-03-11T21:24:03.840047+00:00,f0d00c4983614291b938804a9df6b127
2016-10-23,82.9,82.9,ft^3/s,Approved,[],2025-03-11T21:24:03.840047+00:00,f0d00c4983614291b938804a9df6b127
2016-10-24,76.4,76.4,ft^3/s,Approved,[],2025-03-11T21:24:03.840047+00:00,f0d00c4983614291b938804a9df6b127
2016-10-25,75.6,75.6,ft^3/s,Approved,[],2025-03-11T21:24:03.840047+00:00,f0d00c4983614291b938804a9df6b127
2016-10-26,73.2,73.2,ft^3/s,Approved,[],2025-03-11T21:24:03.840047+00:00,f0d00c4983614291b938804a9df6b127
2016-10-27,75.5,75.5,ft^3/s,Approved,[],2025-03-11T21:24:03.840047+00:00,f0d00c4983614291b938804a9df6b127
2016-10-28,77.5,77.5,ft^3/s,Approved,[],2025-03-11T21:24:03.840047+00:00,f0d00c4983614291b938804a9df6b127
2016-10-29,79.3,79.3,ft^3/s,Approved,[],2025-03-11T21:24:03.840047+00:00,f0d00c4983614291b938804a9df6b127
2016-10-30,75.0,75.0,ft^3/s,Approved,[],2025-03-11T21:24:03.840047+00:00,f0d00c4983614291b938804a9df6b127
2016-10-31,73.8,73.8,ft^3/s,Approved,[],2025-03-11T21:24:03.840047+00:00,f0d00c4983614291b938804a9df6b127
2016-11-01,70.0,70.0,ft^3/s,Approved,[],2025-03-11T21:24:03.840047+00:00,f0d00c4983614291b938804a9df6b127
2016-11-02,73.0,73.0,ft^3/s,Approved,[],2025-03-11T21:24:03.840047+00:00,f0d00c4983614291b938804a9df6b127
2016-11-03,78.2,78.2,ft^3/s,Approved,[],2025-03-11T21:24:03.840047+00:00,f0d00c4983614291b938804a9df6b127
2016-11-04,75.6,75.6,ft^3/s,Approved,[],2025-03-11T21:24:03.840047+00:00,f0d00c4983614291b938804a9df6b127
2016-11-05,77.4,77.4,ft^3/s,Approved,[],2025-03-11T21:24:03.840047+00:00,f0d00c4983614291b938804a9df6b127
2016-11-06,73.9,73.9,ft^3/s,Approved,[],2025-03-11T21:24:03.840047+00:00,f0d00c4983614291b938804a9df6b127
2016-11-07,81.3,81.3,ft^3/s,Approved,[],2025-03-11T21:24:03.840047+00:00,f0d00c4983614291b938804a9df6b127
2016-11-08,76.6,76.6,ft^3/s,Approved,[],2025-03-11T21:24:03.840047+00:00,f0d00c4983614291b938804a9df6b127
2016-11-09,81.6,81.6,ft^3/s,Approved,[],2025-03-11T21:24:03.840047+00:00,f0d00c4983614291b938804a9df6b127
2016-11-10,88.6,88.6,ft^3/s,Approved,[],2025-03-11T21:24:03.840047+00:00,f0d00c4983614291b938804a9df6b127
2016-11-11,91.6,91.6,ft^3/s,Approved,[],2025-03-11T21:24:03.840047+00:00,f0d00c4983614291b938804a9df6b127
2016-11-12,84.9,84.9,ft^3/s,Approved,[],2025-03-11T21:24:03.840047+00:00,f0d00c4983614291b938804a9df6b127
2016-11-13,83.0,83.0,ft^3/s,Approved,[],2025-03-11T21:24:03.840047+00:00,f0d00c4983614291b938804a9df6b127
2016-11-14,82.7,82.7,ft^3/s,Approved,[],2025-03-11T21:24:03.840047+00:00,f0d00c4983614291b938804a9df6b127
2016-11-15,85.1,85.1,ft^3/s,Approved,[],2025-03-11T21:24:03.840047+00:00,f0d00c4983614291b938804a9df6b127
2016-11-16,85.9,85.9,ft^3/s,Approved,[],2025-03-11T21:24:03.840047+00:00,f0d00c4983614291b938804a9df6b127
2016-11-17,85.8,85.8,ft^3/s,Approved,[],2025-03-11T21:24:03.840047+00:00,f0d00c4983614291b938804a9df6b127
2016-11-18,93.0,93.0,ft^3/s,Approved,[],2025-03-11T21:24:03.840047+00:00,f0d00c4983614291b938804a9df6b127
2016-11-19,95.6,95.6,ft^3/s,Approved,[],2025-03-11T21:24:03.840047+00:00,f0d00c4983614291b938804a9df6b127
2016-11-20,81.9,81.9,ft^3/s,Approved,[],2025-03-11T21:24:03.840047+00:00,f0d00c4983614291b938804a9df6b127
2016-11-21,74.6,74.6,ft^3/s,Approved,[],2025-03-11T21:24:03.840047+00:00,f0d00c4983614291b938804a9df6b127
2016-11-22,75.4,75.4,ft^3/s,Approved,[],2025-03-11T21:24:03.840047+00:00,f0d00c4983614291b938804a9df6b127
2016-11-23,75.0,75.0,ft^3/s,Approved,[],2025-03-11T21:24:03.840047+00:00,f0d00c4983614291b938804a9df6b127
2016-11-24,77.2,77.2,ft^3/s,Approved,[],2025-03-11T21:24:03.840047+00:00,f0d00c4983614291b938804a9df6b127
2016-11-25,71.1,71.1,ft^3/s,Approved,[],2025-03-11T21:24:03.840047+00:00,f0d00c4983614291b938804a9df6b127
2016-11-26,72.0,72.0,ft^3/s,Approved,[],2025-03-11T21:24:03.840047+00:00,f0d00c4983614291b938804a9df6b127
2016-11-27,78.5,78.5,ft^3/s,Approved,[],2025-03-11T21:24:03.840047+00:00,f0d00c4983614291b938804a9df6b127
2016-11-28,76.3,76.3,ft^3/s,Approved,[],2025-03-11T21:24:03.840047+00:00,f0d00c4983614291b938804a9df6b127
2016-11-29,74.9,74.9,ft^3/s,Approved,[],2025-03-11T21:24:03.840047+00:00,f0d00c4983614291b938804a9df6b127
2016-11-30,72.5,72.5,ft^3/s,Approved,[],2025-03-11T21:24:03.840047+00:00,f0d00c4983614291b938804a9df6b127
2016-12-01,71.5,71.5,ft^3/s,Approved,[],2025-03-11T21:24:03.840047+00:00,f0d00c4983614291b938804a9df6b127
2016-12-02,74.6,74.6,ft^3/s,Approved,[],2025-03-11T21:24:03.840047+00:00,f0d00c4983614291b938804a9df6b127
2016-12-03,86.4,86.4,ft^3/s,Approved,[],2025-03-11T21:24:03.840047+00:00,f0d00c4983614291b938804a9df6b127
2016-12-04,118.0,118,ft^3/s,Approved,[],2025-03-11T21:24:03.840047+00:00,f0d00c4983614291b938804a9df6b127
2016-12-05,127.0,127,ft^3/s,Approved,[],2025-03-11T21:24:03.840047+00:00,f0d00c4983614291b938804a9df6b127
2016-12-06,125.0,125,ft^3/s,Approved,[],2025-03-11T21:24:03.840047+00:00,f0d00c4983614291b938804a9df6b127
2016-12-07,120.0,120,ft^3/s,Approved,[],2025-03-11T21:24:03.840047+00:00,f0d00c4983614291b938804a9df6b127
2016-12-08,109.0,109,ft^3/s,Approved,[],2025-03-11T21:24:03.840047+00:00,f0d00c4983614291b938804a9df6b127
2016-12-09,116.0,116,ft^3/s,Approved,[],2025-03-11T21:24:03.840047+00:00,f0d00c4983614291b938804a9df6b127
2016-12-10,104.0,104,ft^3/s,Approved,[],2025-03-11T21:24:03.840047+00:00,f0d00c4983614291b938804a9df6b127
2016-12-11,102.0,102,ft^3/s,Approved,[],2025-03-11T21:24:03.840047+00:00,f0d00c4983614291b938804a9df6b127
2016-12-12,99.8,99.8,ft^3/s,Approved,[],2025-03-11T21:24:03.840047+00:00,f0d00c4983614291b938804a9df6b127
2016-12-13,96.7,96.7,ft^3/s,Approved,[],2025-03-11T21:24:03.840047+00:00,f0d00c4983614291b938804a9df6b127
2016-12-14,100.0,100,ft^3/s,Approved,[],2025-03-11T21:24:03.840047+00:00,f0d00c4983614291b938804a9df6b127
2016-12-15,96.7,96.7,ft^3/s,Approved,[],2025-03-11T21:24:03.840047+00:00,f0d00c4983614291b938804a9df6b127
2016-12-16,96.4,96.4,ft^3/s,Approved,[],2025-03-11T21:24:03.840047+00:00,f0d00c4983614291b938804a9df6b127
2016-12-17,104.0,104,ft^3/s,Approved,[],2025-03-11T21:24:03.840047+00:00,f0d00c4983614291b938804a9df6b127
2016-12-18,96.0,96.0,ft^3/s,Approved,[],2025-03-11T21:24:03.840047+00:00,f0d00c4983614291b938804a9df6b127
2016-12-19,102.0,102,ft^3/s,Approved,[],2025-03-11T21:24:03.840047+00:00,f0d00c4983614291b938804a9df6b127
2016-12-20,109.0,109,ft^3/s,Approved,[],2025-03-11T21:24:03.840047+00:00,f0d00c4983614291b938804a9df6b127
2016-12-21,111.0,111,ft^3/s,Approved,[],2025-03-11T21:24:03.840047+00:00,f0d00c4983614291b938804a9df6b127
2016-12-22,113.0,113,ft^3/s,Approved,[],2025-03-11T21:24:03.840047+00:00,f0d00c4983614291b938804a9df6b127
2016-12-23,104.0,104,ft^3/s,Approved,[],2025-03-11T21:24:03.840047+00:00,f0d00c4983614291b938804a9df6b127
2016-12-24,102.0,102,ft^3/s,Approved,[],2025-03-11T21:24:03.840047+00:00,f0d00c4983614291b938804a9df6b127
2016-12-25,97.6,97.6,ft^3/s,Approved,[],2025-03-11T21:24:03.840047+00:00,f0d00c4983614291b938804a9df6b127
2016-12-26,104.0,104,ft^3/s,Approved,[],2025-03-11T21:24:03.840047+00:00,f0d00c4983614291b938804a9df6b127
2016-12-27,102.0,102,ft^3/s,Approved,[],2025-03-11T21:24:03.840047+00:00,f0d00c4983614291b938804a9df6b127
2016-12-28,97.6,97.6,ft^3/s,Approved,[],2025-03-11T21:24:03.840047+00:00,f0d00c4983614291b938804a9df6b127
2016-12-29,88.3,88.3,ft^3/s,Approved,[],2025-03-11T21:24:03.840047+00:00,f0d00c4983614291b938804a9df6b127
2016-12-30,90.3,90.3,ft^3/s,Approved,[],2025-03-11T21:24:03.840047+00:00,f0d00c4983614291b938804a9df6b127
2016-12-31,97.6,97.6,ft^3/s,Approved,[],2025-03-11T21:24:03.840047+00:00,f0d00c4983614291b938804a9df6b127
2017-01-01,101.0,101,ft^3/s,Approved,[],2025-03-11T21:24:03.840047+00:00,f0d00c4983614291b938804a9df6b127
2017-01-02,87.7,87.7,ft^3/s,Approved,[],2025-03-11T21:24:03.840047+00:00,f0d00c4983614291b938804a9df6b127
2017-01-03,90.9,90.9,ft^3/s,Approved,[],2025-03-11T21:24:03.840047+00:00,f0d00c4983614291b938804a9df6b127
2017-01-04,86.0,86.0,ft^3/s,Approved,[],2025-03-11T21:24:03.840047+00:00,f0d00c4983614291b938804a9df6b127
2017-01-05,83.8,83.8,ft^3/s,Approved,[],2025-03-11T21:24:03.840047+00:00,f0d00c4983614291b938804a9df6b127
2017-01-06,80.8,80.8,ft^3/s,Approved,[],2025-03-11T21:24:03.840047+00:00,f0d00c4983614291b938804a9df6b127
2017-01-07,81.7,81.7,ft^3/s,Approved,[],2025-03-11T21:24:03.840047+00:00,f0d00c4983614291b938804a9df6b127
2017-01-08,77.9,77.9,ft^3/s,Approved,[],2025-03-11T21:24:03.840047+00:00,f0d00c4983614291b938804a9df6b127
2017-01-09,79.4,79.4,ft^3/s,Approved,[],2025-03-11T21:24:03.840047+00:00,f0d00c4983614291b938804a9df6b127
2017-01-10,77.7,77.7,ft^3/s,Approved,[],2025-03-11T21:24:03.840047+00:00,f0d00c4983614291b938804a9df6b127
2017-01-11,76.8,76.8,ft^3/s,Approved,[],2025-03-11T21:24:03.840047+00:00,f0d00c4983614291b938804a9df6b127
2017-01-12,80.7,80.7,ft^3/s,Approved,[],2025-03-11T21:24:03.840047+00:00,f0d00c4983614291b938804a9df6b127
2017-01-13,78.6,78.6,ft^3/s,Approved,[],2025-03-11T21:24:03.840047+00:00,f0d00c4983614291b938804a9df6b127
2017-01-14,74.2,74.2,ft^3/s,Approved,[],2025-03-11T21:24:03.840047+00:00,f0d00c4983614291b938804a9df6b127
2017-01-15,71.8,71.8,ft^3/s,Approved,[],2025-03-11T21:24:03.840047+00:00,f0d00c4983614291b938804a9df6b127
2017-01-16,78.2,78.2,ft^3/s,Approved,[],2025-03-11T21:24:03.840047+00:00,f0d00c4983614291b938804a9df6b127
2017-01-17,96.7,96.7,ft^3/s,Approved,[],2025-03-11T21:24:03.840047+00:00,f0d00c4983614291b938804a9df6b127
2017-01-18,88.6,88.6,ft^3/s,Approved,[],2025-03-11T21:24:03.840047+00:00,f0d00c4983614291b938804a9df6b127
2017-01-19,86.9,86.9,ft^3/s,Approved,[],2025-03-11T21:24:03.840047+00:00,f0d00c4983614291b938804a9df6b127
2017-01-20,92.1,92.1,ft^3/s,Approved,[],2025-03-11T21:24:03.840047+00:00,f0d00c4983614291b938804a9df6b127
2017-01-21,89.4,89.4,ft^3/s,Approved,[],2025-03-11T21:24:03.840047+00:00,f0d00c4983614291b938804a9df6b127
2017-01-22,108.0,108,ft^3/s,Approved,"[""ESTIMATED""]",2025-03-11T21:24:03.840047+00:00,f0d00c4983614291b938804a9df6b127
2017-01-23,91.0,91.0,ft^3/s,Approved,[],2025-11-21T16:34:19.961837+00:00,f0d00c4983614291b938804a9df6b127
2017-01-24,90.0,90.0,ft^3/s,Approved,[],2025-03-11T21:24:03.840047+00:00,f0d00c4983614291b938804a9df6b127
2017-01-25,87.4,87.4,ft^3/s,Approved,[],2025-03-11T21:24:03.840047+00:00,f0d00c4983614291b938804a9df6b127
2017-01-26,87.5,87.5,ft^3/s,Approved,[],2025-03-11T21:24:03.840047+00:00,f0d00c4983614291b938804a9df6b127
2017-01-27,88.7,88.7,ft^3/s,Approved,[],2025-03-11T21:24:03.840047+00:00,f0d00c4983614291b938804a9df6b127
2017-01-28,91.8,91.8,ft^3/s,Approved,[],2025-03-11T21:24:03.840047+00:00,f0d00c4983614291b938804a9df6b127
2017-01-29,90.9,90.9,ft^3/s,Approved,[],2025-03-11T21:24:03.840047+00:00,f0d00c4983614291b938804a9df6b127
2017-01-30,86.8,86.8,ft^3/s,Approved,[],2025-03-11T21:24:03.840047+00:00,f0d00c4983614291b938804a9df6b127
2017-01-31,88.1,88.1,ft^3/s,Approved,[],2025-03-11T21:24:03.840047+00:00,f0d00c4983614291b938804a9df6b127
2017-02-01,90.7,90.7,ft^3/s,Approved,[],2025-03-11T21:24:03.840047+00:00,f0d00c4983614291b938804a9df6b127
2017-02-02,90.9,90.9,ft^3/s,Approved,[],2025-03-11T21:24:03.840047+00:00,f0d00c4983614291b938804a9df6b127
2017-02-03,91.1,91.1,ft^3/s,Approved,[],2025-03-11T21:24:03.840047+00:00,f0d00c4983614291b938804a9df6b127
2017-02-04,88.9,88.9,ft^3/s,Approved,[],2025-03-11T21:24:03.840047+00:00,f0d00c4983614291b938804a9df6b127
2017-02-05,88.1,88.1,ft^3/s,Approved,[],2025-03-11T21:24:03.840047+00:00,f0d00c4983614291b938804a9df6b127
2017-02-06,83.8,83.8,ft^3/s,Approved,[],2025-03-11T21:24:03.840047+00:00,f0d00c4983614291b938804a9df6b127
2017-02-07,83.7,83.7,ft^3/s,Approved,[],2025-03-11T21:24:03.840047+00:00,f0d00c4983614291b938804a9df6b127
2017-02-08,82.2,82.2,ft^3/s,Approved,[],2025-03-11T21:24:03.840047+00:00,f0d00c4983614291b938804a9df6b127
2017-02-09,77.6,77.6,ft^3/s,Approved,[],2025-03-11T21:24:03.840047+00:00,f0d00c4983614291b938804a9df6b127
2017-02-10,75.5,75.5,ft^3/s,Approved,[],2025-03-11T21:24:03.840047+00:00,f0d00c4983614291b938804a9df6b127
2017-02-11,75.0,75.0,ft^3/s,Approved,[],2025-03-11T21:24:03.840047+00:00,f0d00c4983614291b938804a9df6b127
2017-02-12,74.2,74.2,ft^3/s,Approved,[],2025-03-11T21:24:03.840047+00:00,f0d00c4983614291b938804a9df6b127
2017-02-13,74.2,74.2,ft^3/s,Approved,[],2025-03-11T21:24:03.840047+00:00,f0d00c4983614291b938804a9df6b127
2017-02-14,77.2,77.2,ft^3/s,Approved,[],2025-03-11T21:24:03.840047+00:00,f0d00c4983614291b938804a9df6b127
2017-02-15,78.9,78.9,ft^3/s,Approved,[],2025-03-11T21:24:03.840047+00:00,f0d00c4983614291b938804a9df6b127
2017-02-16,77.8,77.8,ft^3/s,Approved,[],2025-03-11T21:24:03.840047+00:00,f0d00c4983614291b938804a9df6b127
2017-02-17,76.4,76.4,ft^3/s,Approved,[],2025-03-11T21:24:03.840047+00:00,f0d00c4983614291b938804a9df6b127
2017-02-18,74.5,74.5,ft^3/s,Approved,[],2025-03-11T21:24:03.840047+00:00,f0d00c4983614291b938804a9df6b127
2017-02-19,75.9,75.9,ft^3/s,Approved,[],2025-03-11T21:24:03.840047+00:00,f0d00c4983614291b938804a9df6b127
2017-02-20,96.7,96.7,ft^3/s,Approved,[],2025-03-11T21:24:03.840047+00:00,f0d00c4983614291b938804a9df6b127
2017-02-21,104.0,104,ft^3/s,Approved,[],2025-03-11T21:24:03.840047+00:00,f0d00c4983614291b938804a9df6b127
2017-02-22,106.0,106,ft^3/s,Approved,[],2025-03-11T21:24:03.840047+00:00,f0d00c4983614291b938804a9df6b127
2017-02-23,102.0,102,ft^3/s,Approved,[],2025-03-11T21:24:03.840047+00:00,f0d00c4983614291b938804a9df6b127
2017-02-24,90.7,90.7,ft^3/s,Approved,[],2025-03-11T21:24:03.840047+00:00,f0d00c4983614291b938804a9df6b127
2017-02-25,94.4,94.4,ft^3/s,Approved,[],2025-03-11T21:24:03.840047+00:00,f0d00c4983614291b938804a9df6b127
2017-02-26,98.5,98.5,ft^3/s,Approved,[],2025-03-11T21:24:03.840047+00:00,f0d00c4983614291b938804a9df6b127
2017-02-27,97.3,97.3,ft^3/s,Approved,[],2025-03-11T21:24:03.840047+00:00,f0d00c4983614291b938804a9df6b127
2017-02-28,96.2,96.2,ft^3/s,Approved,[],2025-03-11T21:24:03.840047+00:00,f0d00c4983614291b938804a9df6b127
2017-03-01,98.4,98.4,ft^3/s,Approved,[],2025-03-11T21:24:03.840047+00:00,f0d00c4983614291b938804a9df6b127
2017-03-02,96.9,96.9,ft^3/s,Approved,[],2025-03-11T21:24:03.840047+00:00,f0d00c4983614291b938804a9df6b127
2017-03-03,97.2,97.2,ft^3/s,Approved,[],2025-03-11T21:24:03.840047+00:00,f0d00c4983614291b938804a9df6b127
2017-03-04,96.9,96.9,ft^3/s,Approved,[],2025-03-11T21:24:03.840047+00:00,f0d00c4983614291b938804a9df6b127
2017-03-05,98.2,98.2,ft^3/s,Approved,[],2025-03-11T21:24:03.840047+00:00,f0d00c4983614291b938804a9df6b127
2017-03-06,99.1,99.1,ft^3/s,Approved,[],2025-03-11T21:24:03.840047+00:00,f0d00c4983614291b938804a9df6b127
2017-03-07,97.6,97.6,ft^3/s,Approved,[],2025-03-11T21:24:03.840047+00:00,f0d00c4983614291b938804a9df6b127
2017-03-08,97.7,97.7,ft^3/s,Approved,[],2025-03-11T21:24:03.840047+00:00,f0d00c4983614291b938804a9df6b127
2017-03-09,98.8,98.8,ft^3/s,Approved,[],2025-03-11T21:24:03.840047+00:00,f0d00c4983614291b938804a9df6b127
2017-03-10,108.0,108,ft^3/s,Approved,[],2025-03-11T21:24:03.840047+00:00,f0d00c4983614291b938804a9df6b127
2017-03-11,108.0,108,ft^3/s,Approved,[],2025-03-11T21:24:03.840047+00:00,f0d00c4983614291b938804a9df6b127
2017-03-12,102.0,102,ft^3/s,Approved,[],2025-03-11T21:24:03.840047+00:00,f0d00c4983614291b938804a9df6b127
2017-03-13,105.0,105,ft^3/s,Approved,[],2025-03-11T21:24:03.840047+00:00,f0d00c4983614291b938804a9df6b127
2017-03-14,102.0,102,ft^3/s,Approved,[],2025-03-11T21:24:03.840047+00:00,f0d00c4983614291b938804a9df6b127
2017-03-15,102.0,102,ft^3/s,Approved,[],2025-03-11T21:24:03.840047+00:00,f0d00c4983614291b938804a9df6b127
2017-03-16,99.6,99.6,ft^3/s,Approved,[],2025-03-11T21:24:03.840047+00:00,f0d00c4983614291b938804a9df6b127
2017-03-17,98.5,98.5,ft^3/s,Approved,[],2025-03-11T21:24:03.840047+00:00,f0d00c4983614291b938804a9df6b127
2017-03-18,95.9,95.9,ft^3/s,Approved,[],2025-03-11T21:24:03.840047+00:00,f0d00c4983614291b938804a9df6b127
2017-03-19,101.0,101,ft^3/s,Approved,[],2025-03-11T21:24:03.840047+00:00,f0d00c4983614291b938804a9df6b127
2017-03-20,94.8,94.8,ft^3/s,Approved,[],2025-03-11T21:24:03.840047+00:00,f0d00c4983614291b938804a9df6b127
2017-03-21,93.2,93.2,ft^3/s,Approved,[],2025-03-11T21:24:03.840047+00:00,f0d00c4983614291b938804a9df6b127
2017-03-22,93.8,93.8,ft^3/s,Approved,[],2025-03-11T21:24:03.840047+00:00,f0d00c4983614291b938804a9df6b127
2017-03-23,94.1,94.1,ft^3/s,Approved,[],2025-03-11T21:24:03.840047+00:00,f0d00c4983614291b938804a9df6b127
2017-03-24,94.3,94.3,ft^3/s,Approved,[],2025-03-11T21:24:03.840047+00:00,f0d00c4983614291b938804a9df6b127
2017-03-25,96.0,96.0,ft^3/s,Approved,[],2025-03-11T21:24:03.840047+00:00,f0d00c4983614291b938804a9df6b127
2017-03-26,95.2,95.2,ft^3/s,Approved,[],2025-03-11T21:24:03.840047+00:00,f0d00c4983614291b938804a9df6b127
2017-03-27,89.6,89.6,ft^3/s,Approved,[],2025-03-11T21:24:03.840047+00:00,f0d00c4983614291b938804a9df6b127
2017-03-28,87.2,87.2,ft^3/s,Approved,[],2025-03-11T21:24:03.840047+00:00,f0d00c4983614291b938804a9df6b127
2017-03-29,88.6,88.6,ft^3/s,Approved,[],2025-03-11T21:24:03.840047+00:00,f0d00c4983614291b938804a9df6b127
2017-03-30,86.9,86.9,ft^3/s,Approved,[],2025-03-11T21:24:03.840047+00:00,f0d00c4983614291b938804a9df6b127
2017-03-31,86.8,86.8,ft^3/s,Approved,[],2025-03-11T21:24:03.840047+00:00,f0d00c4983614291b938804a9df6b127
2017-04-01,86.8,86.8,ft^3/s,Approved,[],2025-03-11T21:24:03.840047+00:00,f0d00c4983614291b938804a9df6b127
2017-04-02,86.8,86.8,ft^3/s,Approved,[],2025-03-11T21:24:03.840047+00:00,f0d00c4983614291b938804a9df6b127
2017-04-03,83.3,83.3,ft^3/s,Approved,[],2025-03-11T21:24:03.840047+00:00,f0d00c4983614291b938804a9df6b127
2017-04-04,80.7,80.7,ft^3/s,Approved,[],2025-03-11T21:24:03.840047+00:00,f0d00c4983614291b938804a9df6b127
2017-04-05,76.1,76.1,ft^3/s,Approved,[],2025-03-11T21:24:03.840047+00:00,f0d00c4983614291b938804a9df6b127
2017-04-06,80.0,80.0,ft^3/s,Approved,[],2025-03-11T21:24:03.840047+00:00,f0d00c4983614291b938804a9df6b127
2017-04-07,79.9,79.9,ft^3/s,Approved,[],2025-03-11T21:24:03.840047+00:00,f0d00c4983614291b938804a9df6b127
2017-04-08,76.0,76.0,ft^3/s,Approved,[],2025-03-11T21:24:03.840047+00:00,f0d00c4983614291b938804a9df6b127
2017-04-09,75.6,75.6,ft^3/s,Approved,[],2025-03-11T21:24:03.840047+00:00,f0d00c4983614291b938804a9df6b127
2017-04-10,74.1,74.1,ft^3/s,Approved,[],2025-03-11T21:24:03.840047+00:00,f0d00c4983614291b938804a9df6b127
2017-04-11,74.1,74.1,ft^3/s,Approved,[],2025-03-11T21:24:03.840047+00:00,f0d00c4983614291b938804a9df6b127
2017-04-12,89.6,89.6,ft^3/s,Approved,[],2025-03-11T21:24:03.840047+00:00,f0d00c4983614291b938804a9df6b127
2017-04-13,83.4,83.4,ft^3/s,Approved,[],2025-03-11T21:24:03.840047+00:00,f0d00c4983614291b938804a9df6b127
2017-04-14,83.4,83.4,ft^3/s,Approved,[],2025-03-11T21:24:03.840047+00:00,f0d00c4983614291b938804a9df6b127
2017-04-15,82.1,82.1,ft^3/s,Approved,[],2025-03-11T21:24:03.840047+00:00,f0d00c4983614291b938804a9df6b127
2017-04-16,81.4,81.4,ft^3/s,Approved,[],2025-03-11T21:24:03.840047+00:00,f0d00c4983614291b938804a9df6b127
2017-04-17,86.3,86.3,ft^3/s,Approved,[],2025-03-11T21:24:03.840047+00:00,f0d00c4983614291b938804a9df6b127
2017-04-18,101.0,101,ft^3/s,Approved,[],2025-03-11T21:24:03.840047+00:00,f0d00c4983614291b938804a9df6b127
2017-04-19,99.3,99.3,ft^3/s,Approved,[],2025-03-11T21:24:03.840047+00:00,f0d00c4983614291b938804a9df6b127
2017-04-20,94.0,94.0,ft^3/s,Approved,[],2025-03-11T21:24:03.840047+00:00,f0d00c4983614291b938804a9df6b127
2017-04-21,92.1,92.1,ft^3/s,Approved,[],2025-03-11T21:24:03.840047+00:00,f0d00c4983614291b938804a9df6b127
2017-04-22,90.3,90.3,ft^3/s,Approved,[],2025-03-11T21:24:03.840047+00:00,f0d00c4983614291b938804a9df6b127
2017-04-23,90.1,90.1,ft^3/s,Approved,[],2025-03-11T21:24:03.840047+00:00,f0d00c4983614291b938804a9df6b127
2017-04-24,88.5,88.5,ft^3/s,Approved,[],2025-03-11T21:24:03.840047+00:00,f0d00c4983614291b938804a9df6b127
2017-04-25,88.0,88.0,ft^3/s,Approved,[],2025-03-11T21:24:03.840047+00:00,f0d00c4983614291b938804a9df6b127
2017-04-26,85.3,85.3,ft^3/s,Approved,[],2025-03-11T21:24:03.840047+00:00,f0d00c4983614291b938804a9df6b127
2017-04-27,84.5,84.5,ft^3/s,Approved,[],2025-03-11T21:24:03.840047+00:00,f0d00c4983614291b938804a9df6b127
2017-04-28,85.1,85.1,ft^3/s,Approved,[],2025-03-11T21:24:03.840047+00:00,f0d00c4983614291b938804a9df6b127
2017-04-29,88.4,88.4,ft^3/s,Approved,[],2025-03-11T21:24:03.840047+00:00,f0d00c4983614291b938804a9df6b127
2017-04-30,91.2,91.2,ft^3/s,Approved,[],2025-03-11T21:24:03.840047+00:00,f0d00c4983614291b938804a9df6b127
2017-05-01,86.8,86.8,ft^3/s,Approved,[],2025-03-11T21:24:03.840047+00:00,f0d00c4983614291b938804a9df6b127
2017-05-02,85.4,85.4,ft^3/s,Approved,[],2025-03-11T21:24:03.840047+00:00,f0d00c4983614291b938804a9df6b127
2017-05-03,81.8,81.8,ft^3/s,Approved,[],2025-03-11T21:24:03.840047+00:00,f0d00c4983614291b938804a9df6b127
2017-05-04,78.1,78.1,ft^3/s,Approved,[],2025-03-11T21:24:03.840047+00:00,f0d00c4983614291b938804a9df6b127
2017-05-05,76.1,76.1,ft^3/s,Approved,[],2025-03-11T21:24:03.840047+00:00,f0d00c4983614291b938804a9df6b127
2017-05-06,76.5,76.5,ft^3/s,Approved,[],2025-03-11T21:24:03.840047+00:00,f0d00c4983614291b938804a9df6b127
2017-05-07,78.1,78.1,ft^3/s,Approved,[],2025-03-11T21:24:03.840047+00:00,f0d00c4983614291b938804a9df6b127
2017-05-08,82.6,82.6,ft^3/s,Approved,[],2025-03-11T21:24:03.840047+00:00,f0d00c4983614291b938804a9df6b127
2017-05-09,83.0,83.0,ft^3/s,Approved,[],2025-03-11T21:24:03.840047+00:00,f0d00c4983614291b938804a9df6b127
2017-05-10,79.4,79.4,ft^3/s,Approved,[],2025-03-11T21:24:03.840047+00:00,f0d00c4983614291b938804a9df6b127
2017-05-11,77.0,77.0,ft^3/s,Approved,[],2025-03-11T21:24:03.840047+00:00,f0d00c4983614291b938804a9df6b127
2017-05-12,75.4,75.4,ft^3/s,Approved,[],2025-03-11T21:24:03.840047+00:00,f0d00c4983614291b938804a9df6b127
2017-05-13,75.4,75.4,ft^3/s,Approved,[],2025-03-11T21:24:03.840047+00:00,f0d00c4983614291b938804a9df6b127
2017-05-14,70.2,70.2,ft^3/s,Approved,[],2025-03-11T21:24:03.840047+00:00,f0d00c4983614291b938804a9df6b127
2017-05-15,68.7,68.7,ft^3/s,Approved,[],2025-03-11T21:24:03.840047+00:00,f0d00c4983614291b938804a9df6b127
2017-05-16,66.9,66.9,ft^3/s,Approved,[],2025-03-11T21:24:03.840047+00:00,f0d00c4983614291b938804a9df6b127
2017-05-17,67.3,67.3,ft^3/s,Approved,[],2025-03-11T21:24:03.840047+00:00,f0d00c4983614291b938804a9df6b127
2017-05-18,65.1,65.1,ft^3/s,Approved,[],2025-03-11T21:24:03.840047+00:00,f0d00c4983614291b938804a9df6b127
2017-05-19,65.0,65.0,ft^3/s,Approved,[],2025-03-11T21:24:03.840047+00:00,f0d00c4983614291b938804a9df6b127
2017-05-20,62.4,62.4,ft^3/s,Approved,[],2025-03-11T21:24:03.840047+00:00,f0d00c4983614291b938804a9df6b127
2017-05-21,67.7,67.7,ft^3/s,Approved,[],2025-03-11T21:24:03.840047+00:00,f0d00c4983614291b938804a9df6b127
2017-05-22,64.4,64.4,ft^3/s,Approved,[],2025-03-11T21:24:03.840047+00:00,f0d00c4983614291b938804a9df6b127
2017-05-23,63.9,63.9,ft^3/s,Approved,[],2025-03-11T21:24:03.840047+00:00,f0d00c4983614291b938804a9df6b127
2017-05-24,65.1,65.1,ft^3/s,Approved,[],2025-03-11T21:24:03.840047+00:00,f0d00c4983614291b938804a9df6b127
2017-05-25,68.4,68.4,ft^3/s,Approved,[],2025-03-11T21:24:03.840047+00:00,f0d00c4983614291b938804a9df6b127
2017-05-26,66.9,66.9,ft^3/s,Approved,[],2025-03-11T21:24:03.840047+00:00,f0d00c4983614291b938804a9df6b127
2017-05-27,66.5,66.5,ft^3/s,Approved,[],2025-03-11T21:24:03.840047+00:00,f0d00c4983614291b938804a9df6b127
2017-05-28,66.8,66.8,ft^3/s,Approved,[],2025-03-11T21:24:03.840047+00:00,f0d00c4983614291b938804a9df6b127
2017-05-29,66.4,66.4,ft^3/s,Approved,[],2025-03-11T21:24:03.840047+00:00,f0d00c4983614291b938804a9df6b127
2017-05-30,61.9,61.9,ft^3/s,Approved,[],2025-03-11T21:24:03.840047+00:00,f0d00c4983614291b938804a9df6b127
2017-05-31,61.0,61.0,ft^3/s,Approved,[],2025-03-11T21:24:03.840047+00:00,f0d00c4983614291b938804a9df6b127
2017-06-01,66.0,66.0,ft^3/s,Approved,[],2025-03-11T21:24:03.840047+00:00,f0d00c4983614291b938804a9df6b127
2017-06-02,62.8,62.8,ft^3/s,Approved,[],2025-03-11T21:24:03.840047+00:00,f0d00c4983614291b938804a9df6b127
2017-06-03,57.3,57.3,ft^3/s,Approved,[],2025-03-11T21:24:03.840047+00:00,f0d00c4983614291b938804a9df6b127
2017-06-04,57.1,57.1,ft^3/s,Approved,[],2025-03-11T21:24:03.840047+00:00,f0d00c4983614291b938804a9df6b127
2017-06-05,60.4,60.4,ft^3/s,Approved,[],2025-03-11T21:24:03.840047+00:00,f0d00c4983614291b938804a9df6b127
2017-06-06,54.0,54.0,ft^3/s,Approved,[],2025-03-11T21:24:03.840047+00:00,f0d00c4983614291b938804a9df6b127
2017-06-07,53.3,53.3,ft^3/s,Approved,[],2025-03-11T21:24:03.840047+00:00,f0d00c4983614291b938804a9df6b127
2017-06-08,54.1,54.1,ft^3/s,Approved,[],2025-03-11T21:24:03.840047+00:00,f0d00c4983614291b938804a9df6b127
2017-06-09,53.3,53.3,ft^3/s,Approved,[],2025-03-11T21:24:03.840047+00:00,f0d00c4983614291b938804a9df6b127
2017-06-10,55.1,55.1,ft^3/s,Approved,[],2025-03-11T21:24:03.840047+00:00,f0d00c4983614291b938804a9df6b127
2017-06-11,52.9,52.9,ft^3/s,Approved,[],2025-03-11T21:24:03.840047+00:00,f0d00c4983614291b938804a9df6b127
2017-06-12,50.8,50.8,ft^3/s,Approved,[],2025-03-11T21:24:03.840047+00:00,f0d00c4983614291b938804a9df6b127
2017-06-13,50.8,50.8,ft^3/s,Approved,[],2025-03-11T21:24:03.840047+00:00,f0d00c4983614291b938804a9df6b127
2017-06-14,51.5,51.5,ft^3/s,Approved,[],2025-03-11T21:24:03.840047+00:00,f0d00c4983614291b938804a9df6b127
2017-06-15,50.7,50.7,ft^3/s,Approved,[],2025-03-11T21:24:03.840047+00:00,f0d00c4983614291b938804a9df6b127
2017-06-16,48.5,48.5,ft^3/s,Approved,[],2025-03-11T21:24:03.840047+00:00,f0d00c4983614291b938804a9df6b127
2017-06-17,49.4,49.4,ft^3/s,Approved,[],2025-03-11T21:24:03.840047+00:00,f0d00c4983614291b938804a9df6b127
2017-06-18,48.2,48.2,ft^3/s,Approved,[],2025-03-11T21:24:03.840047+00:00,f0d00c4983614291b938804a9df6b127
2017-06-19,47.7,47.7,ft^3/s,Approved,[],2025-03-11T21:24:03.840047+00:00,f0d00c4983614291b938804a9df6b127
2017-06-20,44.8,44.8,ft^3/s,Approved,[],2025-03-11T21:24:03.840047+00:00,f0d00c4983614291b938804a9df6b127
2017-06-21,44.4,44.4,ft^3/s,Approved,[],2025-03-11T21:24:03.840047+00:00,f0d00c4983614291b938804a9df6b127
2017-06-22,44.3,44.3,ft^3/s,Approved,[],2025-03-11T21:24:03.840047+00:00,f0d00c4983614291b938804a9df6b127
2017-06-23,42.9,42.9,ft^3/s,Approved,[],2025-03-11T21:24:03.840047+00:00,f0d00c4983614291b938804a9df6b127
2017-06-24,41.9,41.9,ft^3/s,Approved,[],2025-03-11T21:24:03.840047+00:00,f0d00c4983614291b938804a9df6b127
2017-06-25,42.8,42.8,ft^3/s,Approved,[],2025-03-11T21:24:03.840047+00:00,f0d00c4983614291b938804a9df6b127
2017-06-26,43.1,43.1,ft^3/s,Approved,[],2025-03-11T21:24:03.840047+00:00,f0d00c4983614291b938804a9df6b127
2017-06-27,43.9,43.9,ft^3/s,Approved,[],2025-03-11T21:24:03.840047+00:00,f0d00c4983614291b938804a9df6b127
2017-06-28,42.5,42.5,ft^3/s,Approved,[],2025-03-11T21:24:03.840047+00:00,f0d00c4983614291b938804a9df6b127
2017-06-29,51.4,51.4,ft^3/s,Approved,[],2025-03-11T21:24:03.840047+00:00,f0d00c4983614291b938804a9df6b127
2017-06-30,43.2,43.2,ft^3/s,Approved,[],2025-03-11T21:24:03.840047+00:00,f0d00c4983614291b938804a9df6b127
2017-07-01,40.6,40.6,ft^3/s,Approved,[],2025-03-11T21:24:03.840047+00:00,f0d00c4983614291b938804a9df6b127
2017-07-02,40.8,40.8,ft^3/s,Approved,[],2025-03-11T21:24:03.840047+00:00,f0d00c4983614291b938804a9df6b127
2017-07-03,40.1,40.1,ft^3/s,Approved,[],2025-03-11T21:24:03.840047+00:00,f0d00c4983614291b938804a9df6b127
2017-07-04,41.9,41.9,ft^3/s,Approved,[],2025-03-11T21:24:03.840047+00:00,f0d00c4983614291b938804a9df6b127
2017-07-05,45.0,45.0,ft^3/s,Approved,[],2025-03-11T21:24:03.840047+00:00,f0d00c4983614291b938804a9df6b127
2017-07-06,40.5,40.5,ft^3/s,Approved,[],2025-03-11T21:24:03.840047+00:00,f0d00c4983614291b938804a9df6b127
2017-07-07,41.6,41.6,ft^3/s,Approved,[],2025-03-11T21:24:03.840047+00:00,f0d00c4983614291b938804a9df6b127
2017-07-08,42.7,42.7,ft^3/s,Approved,[],2025-03-11T21:24:03.840047+00:00,f0d00c4983614291b938804a9df6b127
2017-07-09,42.8,42.8,ft^3/s,Approved,[],2025-03-11T21:24:03.840047+00:00,f0d00c4983614291b938804a9df6b127
2017-07-10,42.4,42.4,ft^3/s,Approved,[],2025-03-11T21:24:03.840047+00:00,f0d00c4983614291b938804a9df6b127
2017-07-11,42.0,42.0,ft^3/s,Approved,[],2025-03-11T21:24:03.840047+00:00,f0d00c4983614291b938804a9df6b127
2017-07-12,42.8,42.8,ft^3/s,Approved,[],2025-03-11T21:24:03.840047+00:00,f0d00c4983614291b938804a9df6b127
2017-07-13,41.5,41.5,ft^3/s,Approved,[],2025-03-11T21:24:03.840047+00:00,f0d00c4983614291b938804a9df6b127
2017-07-14,41.4,41.4,ft^3/s,Approved,[],2025-03-11T21:24:03.840047+00:00,f0d00c4983614291b938804a9df6b127
2017-07-15,40.8,40.8,ft^3/s,Approved,[],2025-03-11T21:24:03.840047+00:00,f0d00c4983614291b938804a9df6b127
2017-07-16,41.1,41.1,ft^3/s,Approved,[],2025-03-11T21:24:03.840047+00:00,f0d00c4983614291b938804a9df6b127
2017-07-17,41.2,41.2,ft^3/s,Approved,[],2025-03-11T21:24:03.840047+00:00,f0d00c4983614291b938804a9df6b127
2017-07-18,40.6,40.6,ft^3/s,Approved,[],2025-03-11T21:24:03.840047+00:00,f0d00c4983614291b938804a9df6b127
2017-07-19,39.7,39.7,ft^3/s,Approved,[],2025-03-11T21:24:03.840047+00:00,f0d00c4983614291b938804a9df6b127
2017-07-20,40.5,40.5,ft^3/s,Approved,[],2025-03-11T21:24:03.840047+00:00,f0d00c4983614291b938804a9df6b127
2017-07-21,39.1,39.1,ft^3/s,Approved,[],2025-03-11T21:24:03.840047+00:00,f0d00c4983614291b938804a9df6b127
2017-07-22,39.6,39.6,ft^3/s,Approved,[],2025-03-11T21:24:03.840047+00:00,f0d00c4983614291b938804a9df6b127
2017-07-23,40.2,40.2,ft^3/s,Approved,[],2025-03-11T21:24:03.840047+00:00,f0d00c4983614291b938804a9df6b127
2017-07-24,39.8,39.8,ft^3/s,Approved,[],2025-03-11T21:24:03.840047+00:00,f0d00c4983614291b938804a9df6b127
2017-07-25,39.6,39.6,ft^3/s,Approved,[],2025-03-11T21:24:03.840047+00:00,f0d00c4983614291b938804a9df6b127
2017-07-26,39.7,39.7,ft^3/s,Approved,[],2025-03-11T21:24:03.840047+00:00,f0d00c4983614291b938804a9df6b127
2017-07-27,39.2,39.2,ft^3/s,Approved,[],2025-03-11T21:24:03.840047+00:00,f0d00c4983614291b938804a9df6b127
2017-07-28,39.1,39.1,ft^3/s,Approved,[],2025-03-11T21:24:03.840047+00:00,f0d00c4983614291b938804a9df6b127
2017-07-29,37.8,37.8,ft^3/s,Approved,[],2025-03-11T21:24:03.840047+00:00,f0d00c4983614291b938804a9df6b127
2017-07-30,37.3,37.3,ft^3/s,Approved,[],2025-03-11T21:24:03.840047+00:00,f0d00c4983614291b938804a9df6b127
2017-07-31,37.5,37.5,ft^3/s,Approved,[],2025-03-11T21:24:03.840047+00:00,f0d00c4983614291b938804a9df6b127
2017-08-01,36.2,36.2,ft^3/s,Approved,[],2025-03-11T21:24:03.840047+00:00,f0d00c4983614291b938804a9df6b127
2017-08-02,37.0,37.0,ft^3/s,Approved,[],2025-03-11T21:24:03.840047+00:00,f0d00c4983614291b938804a9df6b127
2017-08-03,34.4,34.4,ft^3/s,Approved,[],2025-03-11T21:24:03.840047+00:00,f0d00c4983614291b938804a9df6b127
2017-08-04,34.9,34.9,ft^3/s,Approved,[],2025-03-11T21:24:03.840047+00:00,f0d00c4983614291b938804a9df6b127
2017-08-05,34.0,34.0,ft^3/s,Approved,[],2025-03-11T21:24:03.840047+00:00,f0d00c4983614291b938804a9df6b127
2017-08-06,36.6,36.6,ft^3/s,Approved,[],2025-03-11T21:24:03.840047+00:00,f0d00c4983614291b938804a9df6b127
2017-08-07,34.8,34.8,ft^3/s,Approved,[],2025-03-11T21:24:03.840047+00:00,f0d00c4983614291b938804a9df6b127
2017-08-08,36.5,36.5,ft^3/s,Approved,[],2025-03-11T21:24:03.840047+00:00,f0d00c4983614291b938804a9df6b127
2017-08-09,36.5,36.5,ft^3/s,Approved,[],2025-03-11T21:24:03.840047+00:00,f0d00c4983614291b938804a9df6b127
2017-08-10,34.9,34.9,ft^3/s,Approved,[],2025-03-11T21:24:03.840047+00:00,f0d00c4983614291b938804a9df6b127
2017-08-11,34.9,34.9,ft^3/s,Approved,[],2025-03-11T21:24:03.840047+00:00,f0d00c4983614291b938804a9df6b127
2017-08-12,34.3,34.3,ft^3/s,Approved,[],2025-03-11T21:24:03.840047+00:00,f0d00c4983614291b938804a9df6b127
2017-08-13,33.9,33.9,ft^3/s,Approved,[],2025-03-11T21:24:03.840047+00:00,f0d00c4983614291b938804a9df6b127
2017-08-14,34.3,34.3,ft^3/s,Approved,[],2025-03-11T21:24:03.840047+00:00,f0d00c4983614291b938804a9df6b127
2017-08-15,34.3,34.3,ft^3/s,Approved,[],2025-03-11T21:24:03.840047+00:00,f0d00c4983614291b938804a9df6b127
2017-08-16,34.6,34.6,ft^3/s,Approved,[],2025-03-11T21:24:03.840047+00:00,f0d00c4983614291b938804a9df6b127
2017-08-17,37.1,37.1,ft^3/s,Approved,[],2025-03-11T21:24:03.840047+00:00,f0d00c4983614291b938804a9df6b127
2017-08-18,35.4,35.4,ft^3/s,Approved,[],2025-03-11T21:24:03.840047+00:00,f0d00c4983614291b938804a9df6b127
2017-08-19,33.9,33.9,ft^3/s,Approved,[],2025-03-11T21:24:03.840047+00:00,f0d00c4983614291b938804a9df6b127
2017-08-20,34.5,34.5,ft^3/s,Approved,[],2025-03-11T21:24:03.840047+00:00,f0d00c4983614291b938804a9df6b127
2017-08-21,35.8,35.8,ft^3/s,Approved,[],2025-03-11T21:24:03.840047+00:00,f0d00c4983614291b938804a9df6b127
2017-08-22,33.4,33.4,ft^3/s,Approved,[],2025-03-11T21:24:03.840047+00:00,f0d00c4983614291b938804a9df6b127
2017-08-23,35.8,35.8,ft^3/s,Approved,[],2025-03-11T21:24:03.840047+00:00,f0d00c4983614291b938804a9df6b127
2017-08-24,37.0,37.0,ft^3/s,Approved,[],2025-03-11T21:24:03.840047+00:00,f0d00c4983614291b938804a9df6b127
2017-08-25,37.2,37.2,ft^3/s,Approved,[],2025-03-11T21:24:03.840047+00:00,f0d00c4983614291b938804a9df6b127
2017-08-26,35.7,35.7,ft^3/s,Approved,[],2025-03-11T21:24:03.840047+00:00,f0d00c4983614291b938804a9df6b127
2017-08-27,68.3,68.3,ft^3/s,Approved,[],2025-03-11T21:24:03.840047+00:00,f0d00c4983614291b938804a9df6b127
2017-08-28,68.4,68.4,ft^3/s,Approved,[],2025-03-11T21:24:03.840047+00:00,f0d00c4983614291b938804a9df6b127
2017-08-29,57.3,57.3,ft^3/s,Approved,[],2025-03-11T21:24:03.840047+00:00,f0d00c4983614291b938804a9df6b127
2017-08-30,47.4,47.4,ft^3/s,Approved,[],2025-03-11T21:24:03.840047+00:00,f0d00c4983614291b938804a9df6b127
2017-08-31,43.6,43.6,ft^3/s,Approved,[],2025-03-11T21:24:03.840047+00:00,f0d00c4983614291b938804a9df6b127
2017-09-01,40.7,40.7,ft^3/s,Approved,[],2025-03-11T21:24:03.840047+00:00,f0d00c4983614291b938804a9df6b127
2017-09-02,38.3,38.3,ft^3/s,Approved,[],2025-03-11T21:24:03.840047+00:00,f0d00c4983614291b938804a9df6b127
2017-09-03,35.1,35.1,ft^3/s,Approved,[],2025-03-11T21:24:03.840047+00:00,f0d00c4983614291b938804a9df6b127
2017-09-04,34.6,34.6,ft^3/s,Approved,[],2025-03-11T21:24:03.840047+00:00,f0d00c4983614291b938804a9df6b127
2017-09-05,34.9,34.9,ft^3/s,Approved,[],2025-03-11T21:24:03.840047+00:00,f0d00c4983614291b938804a9df6b127
2017-09-06,33.2,33.2,ft^3/s,Approved,[],2025-03-11T21:24:03.840047+00:00,f0d00c4983614291b938804a9df6b127
2017-09-07,33.0,33.0,ft^3/s,Approved,[],2025-03-11T21:24:03.840047+00:00,f0d00c4983614291b938804a9df6b127
2017-09-08,32.5,32.5,ft^3/s,Approved,[],2025-03-11T21:24:03.840047+00:00,f0d00c4983614291b938804a9df6b127
2017-09-09,30.9,30.9,ft^3/s,Approved,[],2025-03-11T21:24:03.840047+00:00,f0d00c4983614291b938804a9df6b127
2017-09-10,34.1,34.1,ft^3/s,Approved,[],2025-03-11T21:24:03.840047+00:00,f0d00c4983614291b938804a9df6b127
2017-09-11,32.7,32.7,ft^3/s,Approved,[],2025-03-11T21:24:03.840047+00:00,f0d00c4983614291b938804a9df6b127
2017-09-12,31.9,31.9,ft^3/s,Approved,[],2025-03-11T21:24:03.840047+00:00,f0d00c4983614291b938804a9df6b127
2017-09-13,30.8,30.8,ft^3/s,Approved,[],2025-03-11T21:24:03.840047+00:00,f0d00c4983614291b938804a9df6b127
2017-09-14,33.5,33.5,ft^3/s,Approved,[],2025-03-11T21:24:03.840047+00:00,f0d00c4983614291b938804a9df6b127
2017-09-15,31.7,31.7,ft^3/s,Approved,[],2025-03-11T21:24:03.840047+00:00,f0d00c4983614291b938804a9df6b127
2017-09-16,30.3,30.3,ft^3/s,Approved,[],2025-03-11T21:24:03.840047+00:00,f0d00c4983614291b938804a9df6b127
2017-09-17,31.8,31.8,ft^3/s,Approved,[],2025-03-11T21:24:03.840047+00:00,f0d00c4983614291b938804a9df6b127
2017-09-18,34.4,34.4,ft^3/s,Approved,[],2025-03-11T21:24:03.840047+00:00,f0d00c4983614291b938804a9df6b127
2017-09-19,32.8,32.8,ft^3/s,Approved,[],2025-03-11T21:24:03.840047+00:00,f0d00c4983614291b938804a9df6b127
2017-09-20,30.5,30.5,ft^3/s,Approved,[],2025-03-11T21:24:03.840047+00:00,f0d00c4983614291b938804a9df6b127
2017-09-21,29.0,29.0,ft^3/s,Approved,[],2025-03-11T21:24:03.840047+00:00,f0d00c4983614291b938804a9df6b127
2017-09-22,31.1,31.1,ft^3/s,Approved,[],2025-03-11T21:24:03.840047+00:00,f0d00c4983614291b938804a9df6b127
2017-09-23,30.3,30.3,ft^3/s,Approved,[],2025-03-11T21:24:03.840047+00:00,f0d00c4983614291b938804a9df6b127
2017-09-24,29.4,29.4,ft^3/s,Approved,[],2025-03-11T21:24:03.840047+00:00,f0d00c4983614291b938804a9df6b127
2017-09-25,31.5,31.5,ft^3/s,Approved,[],2025-03-11T21:24:03.840047+00:00,f0d00c4983614291b938804a9df6b127
2017-09-26,29.9,29.9,ft^3/s,Approved,[],2025-03-11T21:24:03.840047+00:00,f0d00c4983614291b938804a9df6b127
2017-09-27,33.4,33.4,ft^3/s,Approved,[],2025-03-11T21:24:03.840047+00:00,f0d00c4983614291b938804a9df6b127
2017-09-28,37.5,37.5,ft^3/s,Approved,[],2025-03-11T21:24:03.840047+00:00,f0d00c4983614291b938804a9df6b127
2017-09-29,37.6,37.6,ft^3/s,Approved,[],2025-03-11T21:24:03.840047+00:00,f0d00c4983614291b938804a9df6b127
2017-09-30,36.7,36.7,ft^3/s,Approved,[],2025-03-11T21:24:03.840047+00:00,f0d00c4983614291b938804a9df6b127
2017-10-01,35.6,35.6,ft^3/s,Approved,[],2025-03-11T21:24:03.840047+00:00,f0d00c4983614291b938804a9df6b127
2017-10-02,33.0,33.0,ft^3/s,Approved,[],2025-03-11T21:24:03.840047+00:00,f0d00c4983614291b938804a9df6b127
2017-10-03,33.8,33.8,ft^3/s,Approved,[],2025-03-11T21:24:03.840047+00:00,f0d00c4983614291b938804a9df6b127
2017-10-04,32.0,32.0,ft^3/s,Approved,[],2025-03-11T21:24:03.840047+00:00,f0d00c4983614291b938804a9df6b127
2017-10-05,30.9,30.9,ft^3/s,Approved,[],2025-03-11T21:24:03.840047+00:00,f0d00c4983614291b938804a9df6b127
2017-10-06,30.3,30.3,ft^3/s,Approved,[],2025-03-11T21:24:03.840047+00:00,f0d00c4983614291b938804a9df6b127
2017-10-07,29.5,29.5,ft^3/s,Approved,[],2025-03-11T21:24:03.840047+00:00,f0d00c4983614291b938804a9df6b127
2017-10-08,29.7,29.7,ft^3/s,Approved,[],2025-03-11T21:24:03.840047+00:00,f0d00c4983614291b938804a9df6b127
2017-10-09,28.8,28.8,ft^3/s,Approved,[],2025-03-11T21:24:03.840047+00:00,f0d00c4983614291b938804a9df6b127
2017-10-10,28.5,28.5,ft^3/s,Approved,[],2025-03-11T21:24:03.840047+00:00,f0d00c4983614291b938804a9df6b127
2017-10-11,27.7,27.7,ft^3/s,Approved,[],2025-03-11T21:24:03.840047+00:00,f0d00c4983614291b938804a9df6b127
2017-10-12,27.0,27.0,ft^3/s,Approved,[],2025-03-11T21:24:03.840047+00:00,f0d00c4983614291b938804a9df6b127
2017-10-13,25.6,25.6,ft^3/s,Approved,[],2025-03-11T21:24:03.840047+00:00,f0d00c4983614291b938804a9df6b127
2017-10-14,24.5,24.5,ft^3/s,Approved,[],2025-03-11T21:24:03.840047+00:00,f0d00c4983614291b938804a9df6b127
2017-10-15,25.3,25.3,ft^3/s,Approved,[],2025-03-11T21:24:03.840047+00:00,f0d00c4983614291b938804a9df6b127
2017-10-16,24.4,24.4,ft^3/s,Approved,[],2025-03-11T21:24:03.840047+00:00,f0d00c4983614291b938804a9df6b127
2017-10-17,25.6,25.6,ft^3/s,Approved,[],2025-03-11T21:24:03.840047+00:00,f0d00c4983614291b938804a9df6b127
2017-10-18,24.4,24.4,ft^3/s,Approved,[],2025-03-11T21:24:03.840047+00:00,f0d00c4983614291b938804a9df6b127
2017-10-19,23.3,23.3,ft^3/s,Approved,[],2025-03-11T21:24:03.840047+00:00,f0d00c4983614291b938804a9df6b127
2017-10-20,23.0,23.0,ft^3/s,Approved,[],2025-03-11T21:24:03.840047+00:00,f0d00c4983614291b938804a9df6b127
2017-10-21,22.4,22.4,ft^3/s,Approved,[],2025-03-11T21:24:03.840047+00:00,f0d00c4983614291b938804a9df6b127
2017-10-22,23.1,23.1,ft^3/s,Approved,[],2025-03-11T21:24:03.840047+00:00,f0d00c4983614291b938804a9df6b127
2017-10-23,22.3,22.3,ft^3/s,Approved,[],2025-03-11T21:24:03.840047+00:00,f0d00c4983614291b938804a9df6b127
2017-10-24,21.3,21.3,ft^3/s,Approved,[],2025-03-11T21:24:03.840047+00:00,f0d00c4983614291b938804a9df6b127
2017-10-25,21.4,21.4,ft^3/s,Approved,[],2025-03-11T21:24:03.840047+00:00,f0d00c4983614291b938804a9df6b127
2017-10-26,20.8,20.8,ft^3/s,Approved,[],2025-03-11T21:24:03.840047+00:00,f0d00c4983614291b938804a9df6b127
2017-10-27,19.7,19.7,ft^3/s,Approved,[],2025-03-11T21:24:03.840047+00:00,f0d00c4983614291b938804a9df6b127
2017-10-28,19.1,19.1,ft^3/s,Approved,[],2025-03-11T21:24:03.840047+00:00,f0d00c4983614291b938804a9df6b127
2017-10-29,19.6,19.6,ft^3/s,Approved,[],2025-03-11T21:24:03.840047+00:00,f0d00c4983614291b938804a9df6b127
2017-10-30,19.6,19.6,ft^3/s,Approved,[],2025-03-11T21:24:03.840047+00:00,f0d00c4983614291b938804a9df6b127
2017-10-31,20.4,20.4,ft^3/s,Approved,[],2025-03-11T21:24:03.840047+00:00,f0d00c4983614291b938804a9df6b127
2017-11-01,21.5,21.5,ft^3/s,Approved,[],2025-03-11T21:24:03.840047+00:00,f0d00c4983614291b938804a9df6b127
2017-11-02,21.5,21.5,ft^3/s,Approved,[],2025-03-11T21:24:03.840047+00:00,f0d00c4983614291b938804a9df6b127
2017-11-03,21.4,21.4,ft^3/s,Approved,[],2025-03-11T21:24:03.840047+00:00,f0d00c4983614291b938804a9df6b127
2017-11-04,20.7,20.7,ft^3/s,Approved,[],2025-03-11T21:24:03.840047+00:00,f0d00c4983614291b938804a9df6b127
2017-11-05,21.2,21.2,ft^3/s,Approved,[],2025-03-11T21:24:03.840047+00:00,f0d00c4983614291b938804a9df6b127
2017-11-06,20.6,20.6,ft^3/s,Approved,[],2025-03-11T21:24:03.840047+00:00,f0d00c4983614291b938804a9df6b127
2017-11-07,20.7,20.7,ft^3/s,Approved,[],2025-03-11T21:24:03.840047+00:00,f0d00c4983614291b938804a9df6b127
2017-11-08,21.1,21.1,ft^3/s,Approved,[],2025-03-11T21:24:03.840047+00:00,f0d00c4983614291b938804a9df6b127
2017-11-09,20.0,20.0,ft^3/s,Approved,[],2025-03-11T21:24:03.840047+00:00,f0d00c4983614291b938804a9df6b127
2017-11-10,19.1,19.1,ft^3/s,Approved,[],2025-03-11T21:24:03.840047+00:00,f0d00c4983614291b938804a9df6b127
2017-11-11,19.2,19.2,ft^3/s,Approved,[],2025-03-11T21:24:03.840047+00:00,f0d00c4983614291b938804a9df6b127
2017-11-12,19.5,19.5,ft^3/s,Approved,[],2025-03-11T21:24:03.840047+00:00,f0d00c4983614291b938804a9df6b127
2017-11-13,19.8,19.8,ft^3/s,Approved,[],2025-03-11T21:24:03.840047+00:00,f0d00c4983614291b938804a9df6b127
2017-11-14,19.6,19.6,ft^3/s,Approved,[],2025-03-11T21:24:03.840047+00:00,f0d00c4983614291b938804a9df6b127
2017-11-15,19.6,19.6,ft^3/s,Approved,[],2025-03-11T21:24:03.840047+00:00,f0d00c4983614291b938804a9df6b127
2017-11-16,19.4,19.4,ft^3/s,Approved,[],2025-03-11T21:24:03.840047+00:00,f0d00c4983614291b938804a9df6b127
2017-11-17,19.1,19.1,ft^3/s,Approved,[],2025-03-11T21:24:03.840047+00:00,f0d00c4983614291b938804a9df6b127
2017-11-18,20.6,20.6,ft^3/s,Approved,[],2025-03-11T21:24:03.840047+00:00,f0d00c4983614291b938804a9df6b127
2017-11-19,20.1,20.1,ft^3/s,Approved,[],2025-03-11T21:24:03.840047+00:00,f0d00c4983614291b938804a9df6b127
2017-11-20,19.0,19.0,ft^3/s,Approved,[],2025-03-11T21:24:03.840047+00:00,f0d00c4983614291b938804a9df6b127
2017-11-21,19.1,19.1,ft^3/s,Approved,[],2025-03-11T21:24:03.840047+00:00,f0d00c4983614291b938804a9df6b127
2017-11-22,18.0,18.0,ft^3/s,Approved,[],2025-03-11T21:24:03.840047+00:00,f0d00c4983614291b938804a9df6b127
2017-11-23,18.6,18.6,ft^3/s,Approved,[],2025-03-11T21:24:03.840047+00:00,f0d00c4983614291b938804a9df6b127
2017-11-24,20.5,20.5,ft^3/s,Approved,[],2025-03-11T21:24:03.840047+00:00,f0d00c4983614291b938804a9df6b127
2017-11-25,19.9,19.9,ft^3/s,Approved,[],2025-03-11T21:24:03.840047+00:00,f0d00c4983614291b938804a9df6b127
2017-11-26,19.9,19.9,ft^3/s,Approved,[],2025-03-11T21:24:03.840047+00:00,f0d00c4983614291b938804a9df6b127
2017-11-27,19.8,19.8,ft^3/s,Approved,[],2025-03-11T21:24:03.840047+00:00,f0d00c4983614291b938804a9df6b127
2017-11-28,20.2,20.2,ft^3/s,Approved,[],2025-03-11T21:24:03.840047+00:00,f0d00c4983614291b938804a9df6b127
2017-11-29,20.7,20.7,ft^3/s,Approved,[],2025-03-11T21:24:03.840047+00:00,f0d00c4983614291b938804a9df6b127
2017-11-30,20.0,20.0,ft^3/s,Approved,[],2025-03-11T21:24:03.840047+00:00,f0d00c4983614291b938804a9df6b127
2017-12-01,20.3,20.3,ft^3/s,Approved,[],2025-03-11T21:24:03.840047+00:00,f0d00c4983614291b938804a9df6b127
2017-12-02,20.0,20.0,ft^3/s,Approved,[],2025-03-11T21:24:03.840047+00:00,f0d00c4983614291b938804a9df6b127
2017-12-03,18.6,18.6,ft^3/s,Approved,[],2025-03-11T21:24:03.840047+00:00,f0d00c4983614291b938804a9df6b127
2017-12-04,18.9,18.9,ft^3/s,Approved,[],2025-03-11T21:24:03.840047+00:00,f0d00c4983614291b938804a9df6b127
2017-12-05,18.7,18.7,ft^3/s,Approved,[],2025-03-11T21:24:03.840047+00:00,f0d00c4983614291b938804a9df6b127
2017-12-06,18.6,18.6,ft^3/s,Approved,[],2025-03-11T21:24:03.840047+00:00,f0d00c4983614291b938804a9df6b127
2017-12-07,22.3,22.3,ft^3/s,Approved,[],2025-03-11T21:24:03.840047+00:00,f0d00c4983614291b938804a9df6b127
2017-12-08,25.3,25.3,ft^3/s,Approved,[],2025-03-11T21:24:03.840047+00:00,f0d00c4983614291b938804a9df6b127
2017-12-09,25.9,25.9,ft^3/s,Approved,[],2025-03-11T21:24:03.840047+00:00,f0d00c4983614291b938804a9df6b127
2017-12-10,25.3,25.3,ft^3/s,Approved,[],2025-03-11T21:24:03.840047+00:00,f0d00c4983614291b938804a9df6b127
2017-12-11,24.3,24.3,ft^3/s,Approved,[],2025-03-11T21:24:03.840047+00:00,f0d00c4983614291b938804a9df6b127
2017-12-12,22.7,22.7,ft^3/s,Approved,[],2025-03-11T21:24:03.840047+00:00,f0d00c4983614291b938804a9df6b127
2017-12-13,22.2,22.2,ft^3/s,Approved,[],2025-03-11T21:24:03.840047+00:00,f0d00c4983614291b938804a9df6b127
2017-12-14,21.7,21.7,ft^3/s,Approved,[],2025-03-11T21:24:03.840047+00:00,f0d00c4983614291b938804a9df6b127
2017-12-15,20.8,20.8,ft^3/s,Approved,[],2025-03-11T21:24:03.840047+00:00,f0d00c4983614291b938804a9df6b127
2017-12-16,20.5,20.5,ft^3/s,Approved,[],2025-03-11T21:24:03.840047+00:00,f0d00c4983614291b938804a9df6b127
2017-12-17,25.7,25.7,ft^3/s,Approved,[],2025-03-11T21:24:03.840047+00:00,f0d00c4983614291b938804a9df6b127
2017-12-18,25.9,25.9,ft^3/s,Approved,[],2025-03-11T21:24:03.840047+00:00,f0d00c4983614291b938804a9df6b127
2017-12-19,26.5,26.5,ft^3/s,Approved,[],2025-03-11T21:24:03.840047+00:00,f0d00c4983614291b938804a9df6b127
2017-12-20,26.6,26.6,ft^3/s,Approved,[],2025-03-11T21:24:03.840047+00:00,f0d00c4983614291b938804a9df6b127
2017-12-21,28.2,28.2,ft^3/s,Approved,[],2025-03-11T21:24:03.840047+00:00,f0d00c4983614291b938804a9df6b127
2017-12-22,29.8,29.8,ft^3/s,Approved,[],2025-03-11T21:24:03.840047+00:00,f0d00c4983614291b938804a9df6b127
2017-12-23,24.6,24.6,ft^3/s,Approved,[],2025-03-11T21:24:03.840047+00:00,f0d00c4983614291b938804a9df6b127
2017-12-24,24.3,24.3,ft^3/s,Approved,[],2025-03-11T21:24:03.840047+00:00,f0d00c4983614291b938804a9df6b127
2017-12-25,24.4,24.4,ft^3/s,Approved,[],2025-03-11T21:24:03.840047+00:00,f0d00c4983614291b938804a9df6b127
2017-12-26,24.3,24.3,ft^3/s,Approved,[],2025-03-11T21:24:03.840047+00:00,f0d00c4983614291b938804a9df6b127
2017-12-27,23.2,23.2,ft^3/s,Approved,[],2025-03-11T21:24:03.840047+00:00,f0d00c4983614291b938804a9df6b127
2017-12-28,22.7,22.7,ft^3/s,Approved,[],2025-03-11T21:24:03.840047+00:00,f0d00c4983614291b938804a9df6b127
2017-12-29,22.3,22.3,ft^3/s,Approved,[],2025-03-11T21:24:03.840047+00:00,f0d00c4983614291b938804a9df6b127
2017-12-30,22.8,22.8,ft^3/s,Approved,[],2025-03-11T21:24:03.840047+00:00,f0d00c4983614291b938804a9df6b127
2017-12-31,22.5,22.5,ft^3/s,Approved,[],2025-03-11T21:24:03.840047+00:00,f0d00c4983614291b938804a9df6b127
2018-01-01,20.4,20.4,ft^3/s,Approved,[],2025-03-11T21:24:03.840047+00:00,f0d00c4983614291b938804a9df6b127
2018-01-02,19.8,19.8,ft^3/s,Approved,[],2025-03-11T21:24:03.840047+00:00,f0d00c4983614291b938804a9df6b127
2018-01-03,20.2,20.2,ft^3/s,Approved,[],2025-03-11T21:24:03.840047+00:00,f0d00c4983614291b938804a9df6b127
2018-01-04,20.7,20.7,ft^3/s,Approved,[],2025-03-11T21:24:03.840047+00:00,f0d00c4983614291b938804a9df6b127
2018-01-05,19.8,19.8,ft^3/s,Approved,[],2025-03-11T21:24:03.840047+00:00,f0d00c4983614291b938804a9df6b127
2018-01-06,19.5,19.5,ft^3/s,Approved,[],2025-03-11T21:24:03.840047+00:00,f0d00c4983614291b938804a9df6b127
2018-01-07,20.3,20.3,ft^3/s,Approved,[],2025-03-11T21:24:03.840047+00:00,f0d00c4983614291b938804a9df6b127
2018-01-08,20.5,20.5,ft^3/s,Approved,[],2025-03-11T21:24:03.840047+00:00,f0d00c4983614291b938804a9df6b127
2018-01-09,19.7,19.7,ft^3/s,Approved,[],2025-03-11T21:24:03.840047+00:00,f0d00c4983614291b938804a9df6b127
2018-01-10,20.9,20.9,ft^3/s,Approved,[],2025-03-11T21:24:03.840047+00:00,f0d00c4983614291b938804a9df6b127
2018-01-11,19.7,19.7,ft^3/s,Approved,[],2025-03-11T21:24:03.840047+00:00,f0d00c4983614291b938804a9df6b127
2018-01-12,18.9,18.9,ft^3/s,Approved,[],2025-03-11T21:24:03.840047+00:00,f0d00c4983614291b938804a9df6b127
2018-01-13,19.0,19.0,ft^3/s,Approved,[],2025-03-11T21:24:03.840047+00:00,f0d00c4983614291b938804a9df6b127
2018-01-14,19.6,19.6,ft^3/s,Approved,[],2025-03-11T21:24:03.840047+00:00,f0d00c4983614291b938804a9df6b127
2018-01-15,19.4,19.4,ft^3/s,Approved,[],2025-03-11T21:24:03.840047+00:00,f0d00c4983614291b938804a9df6b127
2018-01-16,18.0,18.0,ft^3/s,Approved,[],2025-03-11T21:24:03.840047+00:00,f0d00c4983614291b938804a9df6b127
2018-01-17,17.5,17.5,ft^3/s,Approved,[],2025-03-11T21:24:03.840047+00:00,f0d00c4983614291b938804a9df6b127
2018-01-18,16.9,16.9,ft^3/s,Approved,[],2025-03-11T21:24:03.840047+00:00,f0d00c4983614291b938804a9df6b127
2018-01-19,16.3,16.3,ft^3/s,Approved,[],2025-03-11T21:24:03.840047+00:00,f0d00c4983614291b938804a9df6b127
2018-01-20,16.5,16.5,ft^3/s,Approved,[],2025-03-11T21:24:03.840047+00:00,f0d00c4983614291b938804a9df6b127
2018-01-21,17.1,17.1,ft^3/s,Approved,[],2025-03-11T21:24:03.840047+00:00,f0d00c4983614291b938804a9df6b127
2018-01-22,17.4,17.4,ft^3/s,Approved,[],2025-03-11T21:24:03.840047+00:00,f0d00c4983614291b938804a9df6b127
2018-01-23,16.5,16.5,ft^3/s,Approved,[],2025-03-11T21:24:03.840047+00:00,f0d00c4983614291b938804a9df6b127
2018-01-24,16.9,16.9,ft^3/s,Approved,[],2025-03-11T21:24:03.840047+00:00,f0d00c4983614291b938804a9df6b127
2018-01-25,16.5,16.5,ft^3/s,Approved,[],2025-03-11T21:24:03.840047+00:00,f0d00c4983614291b938804a9df6b127
2018-01-26,16.7,16.7,ft^3/s,Approved,[],2025-03-11T21:24:03.840047+00:00,f0d00c4983614291b938804a9df6b127
2018-01-27,17.6,17.6,ft^3/s,Approved,[],2025-03-11T21:24:03.840047+00:00,f0d00c4983614291b938804a9df6b127
2018-01-28,18.1,18.1,ft^3/s,Approved,[],2025-03-11T21:24:03.840047+00:00,f0d00c4983614291b938804a9df6b127
2018-01-29,16.5,16.5,ft^3/s,Approved,[],2025-03-11T21:24:03.840047+00:00,f0d00c4983614291b938804a9df6b127
2018-01-30,16.6,16.6,ft^3/s,Approved,[],2025-03-11T21:24:03.840047+00:00,f0d00c4983614291b938804a9df6b127
2018-01-31,17.3,17.3,ft^3/s,Approved,[],2025-03-11T21:24:03.840047+00:00,f0d00c4983614291b938804a9df6b127
2018-02-01,17.1,17.1,ft^3/s,Approved,[],2025-03-11T21:24:03.840047+00:00,f0d00c4983614291b938804a9df6b127
2018-02-02,16.4,16.4,ft^3/s,Approved,[],2025-03-11T21:24:03.840047+00:00,f0d00c4983614291b938804a9df6b127
2018-02-03,16.2,16.2,ft^3/s,Approved,[],2025-03-11T21:24:03.840047+00:00,f0d00c4983614291b938804a9df6b127
2018-02-04,16.2,16.2,ft^3/s,Approved,[],2025-03-11T21:24:03.840047+00:00,f0d00c4983614291b938804a9df6b127
2018-02-05,15.8,15.8,ft^3/s,Approved,[],2025-03-11T21:24:03.840047+00:00,f0d00c4983614291b938804a9df6b127
2018-02-06,16.0,16.0,ft^3/s,Approved,[],2025-03-11T21:24:03.840047+00:00,f0d00c4983614291b938804a9df6b127
2018-02-07,15.3,15.3,ft^3/s,Approved,[],2025-03-11T21:24:03.840047+00:00,f0d00c4983614291b938804a9df6b127
2018-02-08,15.3,15.3,ft^3/s,Approved,[],2025-03-11T21:24:03.840047+00:00,f0d00c4983614291b938804a9df6b127
2018-02-09,15.5,15.5,ft^3/s,Approved,[],2025-03-11T21:24:03.840047+00:00,f0d00c4983614291b938804a9df6b127
2018-02-10,15.1,15.1,ft^3/s,Approved,[],2025-03-11T21:24:03.840047+00:00,f0d00c4983614291b938804a9df6b127
2018-02-11,14.1,14.1,ft^3/s,Approved,[],2025-03-11T21:24:03.840047+00:00,f0d00c4983614291b938804a9df6b127
2018-02-12,13.6,13.6,ft^3/s,Approved,[],2025-03-11T21:24:03.840047+00:00,f0d00c4983614291b938804a9df6b127
2018-02-13,13.5,13.5,ft^3/s,Approved,[],2025-03-11T21:24:03.840047+00:00,f0d00c4983614291b938804a9df6b127
2018-02-14,13.8,13.8,ft^3/s,Approved,[],2025-03-11T21:24:03.840047+00:00,f0d00c4983614291b938804a9df6b127
2018-02-15,13.8,13.8,ft^3/s,Approved,[],2025-03-11T21:24:03.840047+00:00,f0d00c4983614291b938804a9df6b127
2018-02-16,13.7,13.7,ft^3/s,Approved,[],2025-03-11T21:24:03.840047+00:00,f0d00c4983614291b938804a9df6b127
2018-02-17,14.1,14.1,ft^3/s,Approved,[],2025-03-11T21:24:03.840047+00:00,f0d00c4983614291b938804a9df6b127
2018-02-18,14.6,14.6,ft^3/s,Approved,[],2025-03-11T21:24:03.840047+00:00,f0d00c4983614291b938804a9df6b127
2018-02-19,14.9,14.9,ft^3/s,Approved,[],2025-03-11T21:24:03.840047+00:00,f0d00c4983614291b938804a9df6b127
2018-02-20,15.7,15.7,ft^3/s,Approved,[],2025-03-11T21:24:03.840047+00:00,f0d00c4983614291b938804a9df6b127
2018-02-21,14.0,14.0,ft^3/s,Approved,[],2025-03-11T21:24:03.840047+00:00,f0d00c4983614291b938804a9df6b127
2018-02-22,15.8,15.8,ft^3/s,Approved,[],2025-03-11T21:24:03.840047+00:00,f0d00c4983614291b938804a9df6b127
2018-02-23,18.6,18.6,ft^3/s,Approved,[],2025-03-11T21:24:03.840047+00:00,f0d00c4983614291b938804a9df6b127
2018-02-24,20.2,20.2,ft^3/s,Approved,[],2025-03-11T21:24:03.840047+00:00,f0d00c4983614291b938804a9df6b127
2018-02-25,18.5,18.5,ft^3/s,Approved,[],2025-03-11T21:24:03.840047+00:00,f0d00c4983614291b938804a9df6b127
2018-02-26,16.4,16.4,ft^3/s,Approved,[],2025-03-11T21:24:03.840047+00:00,f0d00c4983614291b938804a9df6b127
2018-02-27,16.1,16.1,ft^3/s,Approved,[],2025-03-11T21:24:03.840047+00:00,f0d00c4983614291b938804a9df6b127
2018-02-28,15.9,15.9,ft^3/s,Approved,[],2025-03-11T21:24:03.840047+00:00,f0d00c4983614291b938804a9df6b127
2018-03-01,15.6,15.6,ft^3/s,Approved,[],2025-03-11T21:24:03.840047+00:00,f0d00c4983614291b938804a9df6b127
2018-03-02,15.1,15.1,ft^3/s,Approved,[],2025-03-11T21:24:03.840047+00:00,f0d00c4983614291b938804a9df6b127
2018-03-03,15.4,15.4,ft^3/s,Approved,[],2025-03-11T21:24:03.840047+00:00,f0d00c4983614291b938804a9df6b127
2018-03-04,16.1,16.1,ft^3/s,Approved,[],2025-03-11T21:24:03.840047+00:00,f0d00c4983614291b938804a9df6b127
2018-03-05,16.2,16.2,ft^3/s,Approved,[],2025-03-11T21:24:03.840047+00:00,f0d00c4983614291b938804a9df6b127
2018-03-06,15.8,15.8,ft^3/s,Approved,[],2025-03-11T21:24:03.840047+00:00,f0d00c4983614291b938804a9df6b127
2018-03-07,15.4,15.4,ft^3/s,Approved,[],2025-03-11T21:24:03.840047+00:00,f0d00c4983614291b938804a9df6b127
2018-03-08,14.7,14.7,ft^3/s,Approved,[],2025-03-11T21:24:03.840047+00:00,f0d00c4983614291b938804a9df6b127
2018-03-09,15.0,15.0,ft^3/s,Approved,[],2025-03-11T21:24:03.840047+00:00,f0d00c4983614291b938804a9df6b127
2018-03-10,15.3,15.3,ft^3/s,Approved,[],2025-03-11T21:24:03.840047+00:00,f0d00c4983614291b938804a9df6b127
2018-03-11,15.5,15.5,ft^3/s,Approved,[],2025-03-11T21:24:03.840047+00:00,f0d00c4983614291b938804a9df6b127
2018-03-12,14.9,14.9,ft^3/s,Approved,[],2025-03-11T21:24:03.840047+00:00,f0d00c4983614291b938804a9df6b127
2018-03-13,14.7,14.7,ft^3/s,Approved,[],2025-03-11T21:24:03.840047+00:00,f0d00c4983614291b938804a9df6b127
2018-03-14,14.4,14.4,ft^3/s,Approved,[],2025-03-11T21:24:03.840047+00:00,f0d00c4983614291b938804a9df6b127
2018-03-15,14.7,14.7,ft^3/s,Approved,[],2025-03-11T21:24:03.840047+00:00,f0d00c4983614291b938804a9df6b127
2018-03-16,14.9,14.9,ft^3/s,Approved,[],2025-03-11T21:24:03.840047+00:00,f0d00c4983614291b938804a9df6b127
2018-03-17,14.6,14.6,ft^3/s,Approved,[],2025-03-11T21:24:03.840047+00:00,f0d00c4983614291b938804a9df6b127
2018-03-18,14.7,14.7,ft^3/s,Approved,[],2025-03-11T21:24:03.840047+00:00,f0d00c4983614291b938804a9df6b127
2018-03-19,14.7,14.7,ft^3/s,Approved,[],2025-03-11T21:24:03.840047+00:00,f0d00c4983614291b938804a9df6b127
2018-03-20,14.6,14.6,ft^3/s,Approved,[],2025-03-11T21:24:03.840047+00:00,f0d00c4983614291b938804a9df6b127
2018-03-21,14.5,14.5,ft^3/s,Approved,[],2025-03-11T21:24:03.840047+00:00,f0d00c4983614291b938804a9df6b127
2018-03-22,13.9,13.9,ft^3/s,Approved,[],2025-03-11T21:24:03.840047+00:00,f0d00c4983614291b938804a9df6b127
2018-03-23,13.6,13.6,ft^3/s,Approved,[],2025-03-11T21:24:03.840047+00:00,f0d00c4983614291b938804a9df6b127
2018-03-24,13.9,13.9,ft^3/s,Approved,[],2025-03-11T21:24:03.840047+00:00,f0d00c4983614291b938804a9df6b127
2018-03-25,14.2,14.2,ft^3/s,Approved,[],2025-03-11T21:24:03.840047+00:00,f0d00c4983614291b938804a9df6b127
2018-03-26,14.2,14.2,ft^3/s,Approved,[],2025-03-11T21:24:03.840047+00:00,f0d00c4983614291b938804a9df6b127
2018-03-27,14.2,14.2,ft^3/s,Approved,[],2025-03-11T21:24:03.840047+00:00,f0d00c4983614291b938804a9df6b127
2018-03-28,55.5,55.5,ft^3/s,Approved,[],2025-03-11T21:24:03.840047+00:00,f0d00c4983614291b938804a9df6b127
2018-03-29,78.1,78.1,ft^3/s,Approved,[],2025-03-11T21:24:03.840047+00:00,f0d00c4983614291b938804a9df6b127
2018-03-30,67.1,67.1,ft^3/s,Approved,[],2025-03-11T21:24:03.840047+00:00,f0d00c4983614291b938804a9df6b127
2018-03-31,65.7,65.7,ft^3/s,Approved,[],2025-03-11T21:24:03.840047+00:00,f0d00c4983614291b938804a9df6b127
2018-04-01,60.1,60.1,ft^3/s,Approved,[],2025-03-11T21:24:03.840047+00:00,f0d00c4983614291b938804a9df6b127
2018-04-02,51.0,51.0,ft^3/s,Approved,[],2025-03-11T21:24:03.840047+00:00,f0d00c4983614291b938804a9df6b127
2018-04-03,48.7,48.7,ft^3/s,Approved,[],2025-03-11T21:24:03.840047+00:00,f0d00c4983614291b938804a9df6b127
2018-04-04,44.6,44.6,ft^3/s,Approved,[],2025-03-11T21:24:03.840047+00:00,f0d00c4983614291b938804a9df6b127
2018-04-05,42.9,42.9,ft^3/s,Approved,[],2025-03-11T21:24:03.840047+00:00,f0d00c4983614291b938804a9df6b127
2018-04-06,43.8,43.8,ft^3/s,Approved,[],2025-03-11T21:24:03.840047+00:00,f0d00c4983614291b938804a9df6b127
2018-04-07,38.5,38.5,ft^3/s,Approved,[],2025-03-11T21:24:03.840047+00:00,f0d00c4983614291b938804a9df6b127
2018-04-08,36.0,36.0,ft^3/s,Approved,[],2025-03-11T21:24:03.840047+00:00,f0d00c4983614291b938804a9df6b127
2018-04-09,34.5,34.5,ft^3/s,Approved,[],2025-03-11T21:24:03.840047+00:00,f0d00c4983614291b938804a9df6b127
2018-04-10,31.9,31.9,ft^3/s,Approved,[],2025-03-11T21:24:03.840047+00:00,f0d00c4983614291b938804a9df6b127
2018-04-11,32.5,32.5,ft^3/s,Approved,[],2025-03-11T21:24:03.840047+00:00,f0d00c4983614291b938804a9df6b127
2018-04-12,30.9,30.9,ft^3/s,Approved,[],2025-03-11T21:24:03.840047+00:00,f0d00c4983614291b938804a9df6b127
2018-04-13,29.3,29.3,ft^3/s,Approved,[],2025-03-11T21:24:03.840047+00:00,f0d00c4983614291b938804a9df6b127
2018-04-14,27.5,27.5,ft^3/s,Approved,[],2025-03-11T21:24:03.840047+00:00,f0d00c4983614291b938804a9df6b127
2018-04-15,26.9,26.9,ft^3/s,Approved,[],2025-03-11T21:24:03.840047+00:00,f0d00c4983614291b938804a9df6b127
2018-04-16,26.2,26.2,ft^3/s,Approved,[],2025-03-11T21:24:03.840047+00:00,f0d00c4983614291b938804a9df6b127
2018-04-17,25.8,25.8,ft^3/s,Approved,[],2025-03-11T21:24:03.840047+00:00,f0d00c4983614291b938804a9df6b127
2018-04-18,25.4,25.4,ft^3/s,Approved,[],2025-03-11T21:24:03.840047+00:00,f0d00c4983614291b938804a9df6b127
2018-04-19,24.4,24.4,ft^3/s,Approved,[],2025-03-11T21:24:03.840047+00:00,f0d00c4983614291b938804a9df6b127
2018-04-20,23.7,23.7,ft^3/s,Approved,[],2025-03-11T21:24:03.840047+00:00,f0d00c4983614291b938804a9df6b127
2018-04-21,23.9,23.9,ft^3/s,Approved,[],2025-03-11T21:24:03.840047+00:00,f0d00c4983614291b938804a9df6b127
2018-04-22,23.6,23.6,ft^3/s,Approved,[],2025-03-11T21:24:03.840047+00:00,f0d00c4983614291b938804a9df6b127
2018-04-23,23.1,23.1,ft^3/s,Approved,[],2025-03-11T21:24:03.840047+00:00,f0d00c4983614291b938804a9df6b127
2018-04-24,22.7,22.7,ft^3/s,Approved,[],2025-03-11T21:24:03.840047+00:00,f0d00c4983614291b938804a9df6b127
2018-04-25,21.6,21.6,ft^3/s,Approved,[],2025-03-11T21:24:03.840047+00:00,f0d00c4983614291b938804a9df6b127
2018-04-26,21.6,21.6,ft^3/s,Approved,[],2025-03-11T21:24:03.840047+00:00,f0d00c4983614291b938804a9df6b127
2018-04-27,21.5,21.5,ft^3/s,Approved,[],2025-03-11T21:24:03.840047+00:00,f0d00c4983614291b938804a9df6b127
2018-04-28,20.9,20.9,ft^3/s,Approved,[],2025-03-11T21:24:03.840047+00:00,f0d00c4983614291b938804a9df6b127
2018-04-29,19.8,19.8,ft^3/s,Approved,[],2025-03-11T21:24:03.840047+00:00,f0d00c4983614291b938804a9df6b127
2018-04-30,20.1,20.1,ft^3/s,Approved,[],2025-03-11T21:24:03.840047+00:00,f0d00c4983614291b938804a9df6b127
2018-05-01,19.9,19.9,ft^3/s,Approved,[],2025-03-11T21:24:03.840047+00:00,f0d00c4983614291b938804a9df6b127
2018-05-02,19.5,19.5,ft^3/s,Approved,[],2025-03-11T21:24:03.840047+00:00,f0d00c4983614291b938804a9df6b127
2018-05-03,19.2,19.2,ft^3/s,Approved,[],2025-03-11T21:24:03.840047+00:00,f0d00c4983614291b938804a9df6b127
2018-05-04,19.8,19.8,ft^3/s,Approved,[],2025-03-11T21:24:03.840047+00:00,f0d00c4983614291b938804a9df6b127
2018-05-05,23.2,23.2,ft^3/s,Approved,[],2025-03-11T21:24:03.840047+00:00,f0d00c4983614291b938804a9df6b127
2018-05-06,21.7,21.7,ft^3/s,Approved,[],2025-03-11T21:24:03.840047+00:00,f0d00c4983614291b938804a9df6b127
2018-05-07,21.1,21.1,ft^3/s,Approved,[],2025-03-11T21:24:03.840047+00:00,f0d00c4983614291b938804a9df6b127
2018-05-08,20.0,20.0,ft^3/s,Approved,[],2025-03-11T21:24:03.840047+00:00,f0d00c4983614291b938804a9df6b127
2018-05-09,19.3,19.3,ft^3/s,Approved,[],2025-03-11T21:24:03.840047+00:00,f0d00c4983614291b938804a9df6b127
2018-05-10,18.5,18.5,ft^3/s,Approved,[],2025-03-11T21:24:03.840047+00:00,f0d00c4983614291b938804a9df6b127
2018-05-11,18.1,18.1,ft^3/s,Approved,[],2025-03-11T21:24:03.840047+00:00,f0d00c4983614291b938804a9df6b127
2018-05-12,17.3,17.3,ft^3/s,Approved,[],2025-03-11T21:24:03.840047+00:00,f0d00c4983614291b938804a9df6b127
2018-05-13,17.3,17.3,ft^3/s,Approved,[],2025-03-11T21:24:03.840047+00:00,f0d00c4983614291b938804a9df6b127
2018-05-14,18.3,18.3,ft^3/s,Approved,[],2025-03-11T21:24:03.840047+00:00,f0d00c4983614291b938804a9df6b127
2018-05-15,16.2,16.2,ft^3/s,Approved,[],2025-03-11T21:24:03.840047+00:00,f0d00c4983614291b938804a9df6b127
2018-05-16,14.9,14.9,ft^3/s,Approved,[],2025-03-11T21:24:03.840047+00:00,f0d00c4983614291b938804a9df6b127
2018-05-17,15.6,15.6,ft^3/s,Approved,[],2025-03-11T21:24:03.840047+00:00,f0d00c4983614291b938804a9df6b127
2018-05-18,15.5,15.5,ft^3/s,Approved,[],2025-03-11T21:24:03.840047+00:00,f0d00c4983614291b938804a9df6b127
2018-05-19,16.0,16.0,ft^3/s,Approved,[],2025-03-11T21:24:03.840047+00:00,f0d00c4983614291b938804a9df6b127
2018-05-20,16.3,16.3,ft^3/s,Approved,[],2025-03-11T21:24:03.840047+00:00,f0d00c4983614291b938804a9df6b127
2018-05-21,15.8,15.8,ft^3/s,Approved,[],2025-03-11T21:24:03.840047+00:00,f0d00c4983614291b938804a9df6b127
2018-05-22,15.4,15.4,ft^3/s,Approved,[],2025-03-11T21:24:03.840047+00:00,f0d00c4983614291b938804a9df6b127
2018-05-23,16.4,16.4,ft^3/s,Approved,[],2025-03-11T21:24:03.840047+00:00,f0d00c4983614291b938804a9df6b127
2018-05-24,15.2,15.2,ft^3/s,Approved,[],2025-03-11T21:24:03.840047+00:00,f0d00c4983614291b938804a9df6b127
2018-05-25,15.5,15.5,ft^3/s,Approved,[],2025-03-11T21:24:03.840047+00:00,f0d00c4983614291b938804a9df6b127
2018-05-26,15.5,15.5,ft^3/s,Approved,[],2025-03-11T21:24:03.840047+00:00,f0d00c4983614291b938804a9df6b127
2018-05-27,15.6,15.6,ft^3/s,Approved,[],2025-03-11T21:24:03.840047+00:00,f0d00c4983614291b938804a9df6b127
2018-05-28,15.2,15.2,ft^3/s,Approved,[],2025-03-11T21:24:03.840047+00:00,f0d00c4983614291b938804a9df6b127
2018-05-29,15.0,15.0,ft^3/s,Approved,[],2025-03-11T21:24:03.840047+00:00,f0d00c4983614291b938804a9df6b127
2018-05-30,14.5,14.5,ft^3/s,Approved,[],2025-03-11T21:24:03.840047+00:00,f0d00c4983614291b938804a9df6b127
2018-05-31,14.3,14.3,ft^3/s,Approved,[],2025-03-11T21:24:03.840047+00:00,f0d00c4983614291b938804a9df6b127
2018-06-01,14.2,14.2,ft^3/s,Approved,[],2025-03-11T21:24:03.840047+00:00,f0d00c4983614291b938804a9df6b127
2018-06-02,13.9,13.9,ft^3/s,Approved,[],2025-03-11T21:24:03.840047+00:00,f0d00c4983614291b938804a9df6b127
2018-06-03,14.6,14.6,ft^3/s,Approved,[],2025-03-11T21:24:03.840047+00:00,f0d00c4983614291b938804a9df6b127
2018-06-04,14.2,14.2,ft^3/s,Approved,[],2025-03-11T21:24:03.840047+00:00,f0d00c4983614291b938804a9df6b127
2018-06-05,13.9,13.9,ft^3/s,Approved,[],2025-03-11T21:24:03.840047+00:00,f0d00c4983614291b938804a9df6b127
2018-06-06,14.0,14.0,ft^3/s,Approved,[],2025-03-11T21:24:03.840047+00:00,f0d00c4983614291b938804a9df6b127
2018-06-07,14.4,14.4,ft^3/s,Approved,[],2025-03-11T21:24:03.840047+00:00,f0d00c4983614291b938804a9df6b127
2018-06-08,13.6,13.6,ft^3/s,Approved,[],2025-03-11T21:24:03.840047+00:00,f0d00c4983614291b938804a9df6b127
2018-06-09,12.9,12.9,ft^3/s,Approved,[],2025-03-11T21:24:03.840047+00:00,f0d00c4983614291b938804a9df6b127
2018-06-10,13.2,13.2,ft^3/s,Approved,[],2025-03-11T21:24:03.840047+00:00,f0d00c4983614291b938804a9df6b127
2018-06-11,13.6,13.6,ft^3/s,Approved,[],2025-03-11T21:24:03.840047+00:00,f0d00c4983614291b938804a9df6b127
2018-06-12,13.1,13.1,ft^3/s,Approved,[],2025-03-11T21:24:03.840047+00:00,f0d00c4983614291b938804a9df6b127
2018-06-13,12.6,12.6,ft^3/s,Approved,[],2025-03-11T21:24:03.840047+00:00,f0d00c4983614291b938804a9df6b127
2018-06-14,13.5,13.5,ft^3/s,Approved,[],2025-03-11T21:24:03.840047+00:00,f0d00c4983614291b938804a9df6b127
2018-06-15,14.2,14.2,ft^3/s,Approved,[],2025-03-11T21:24:03.840047+00:00,f0d00c4983614291b938804a9df6b127
2018-06-16,13.6,13.6,ft^3/s,Approved,[],2025-03-11T21:24:03.840047+00:00,f0d00c4983614291b938804a9df6b127
2018-06-17,13.2,13.2,ft^3/s,Approved,[],2025-03-11T21:24:03.840047+00:00,f0d00c4983614291b938804a9df6b127
2018-06-18,13.1,13.1,ft^3/s,Approved,[],2025-03-11T21:24:03.840047+00:00,f0d00c4983614291b938804a9df6b127
2018-06-19,14.1,14.1,ft^3/s,Approved,[],2025-03-11T21:24:03.840047+00:00,f0d00c4983614291b938804a9df6b127
2018-06-20,13.8,13.8,ft^3/s,Approved,[],2025-03-11T21:24:03.840047+00:00,f0d00c4983614291b938804a9df6b127
2018-06-21,13.6,13.6,ft^3/s,Approved,[],2025-03-11T21:24:03.840047+00:00,f0d00c4983614291b938804a9df6b127
2018-06-22,13.2,13.2,ft^3/s,Approved,[],2025-03-11T21:24:03.840047+00:00,f0d00c4983614291b938804a9df6b127
2018-06-23,13.1,13.1,ft^3/s,Approved,[],2025-03-11T21:24:03.840047+00:00,f0d00c4983614291b938804a9df6b127
2018-06-24,12.4,12.4,ft^3/s,Approved,[],2025-03-11T21:24:03.840047+00:00,f0d00c4983614291b938804a9df6b127
2018-06-25,12.3,12.3,ft^3/s,Approved,[],2025-03-11T21:24:03.840047+00:00,f0d00c4983614291b938804a9df6b127
2018-06-26,12.2,12.2,ft^3/s,Approved,[],2025-03-11T21:24:03.840047+00:00,f0d00c4983614291b938804a9df6b127
2018-06-27,12.9,12.9,ft^3/s,Approved,[],2025-03-11T21:24:03.840047+00:00,f0d00c4983614291b938804a9df6b127
2018-06-28,13.6,13.6,ft^3/s,Approved,[],2025-03-11T21:24:03.840047+00:00,f0d00c4983614291b938804a9df6b127
2018-06-29,13.2,13.2,ft^3/s,Approved,[],2025-03-11T21:24:03.840047+00:00,f0d00c4983614291b938804a9df6b127
2018-06-30,12.7,12.7,ft^3/s,Approved,[],2025-03-11T21:24:03.840047+00:00,f0d00c4983614291b938804a9df6b127
2018-07-01,12.8,12.8,ft^3/s,Approved,[],2025-03-11T21:24:03.840047+00:00,f0d00c4983614291b938804a9df6b127
2018-07-02,12.4,12.4,ft^3/s,Approved,[],2025-03-11T21:24:03.840047+00:00,f0d00c4983614291b938804a9df6b127
2018-07-03,12.1,12.1,ft^3/s,Approved,[],2025-03-11T21:24:03.840047+00:00,f0d00c4983614291b938804a9df6b127
2018-07-04,12.7,12.7,ft^3/s,Approved,[],2025-03-11T21:24:03.840047+00:00,f0d00c4983614291b938804a9df6b127
2018-07-05,14.5,14.5,ft^3/s,Approved,[],2025-03-11T21:24:03.840047+00:00,f0d00c4983614291b938804a9df6b127
2018-07-06,15.4,15.4,ft^3/s,Approved,[],2025-03-11T21:24:03.840047+00:00,f0d00c4983614291b938804a9df6b127
2018-07-07,15.3,15.3,ft^3/s,Approved,[],2025-03-11T21:24:03.840047+00:00,f0d00c4983614291b938804a9df6b127
2018-07-08,14.7,14.7,ft^3/s,Approved,[],2025-03-11T21:24:03.840047+00:00,f0d00c4983614291b938804a9df6b127
2018-07-09,20.7,20.7,ft^3/s,Approved,[],2025-03-11T21:24:03.840047+00:00,f0d00c4983614291b938804a9df6b127
2018-07-10,44.4,44.4,ft^3/s,Approved,[],2025-03-11T21:24:03.840047+00:00,f0d00c4983614291b938804a9df6b127
2018-07-11,56.0,56.0,ft^3/s,Approved,[],2025-03-11T21:24:03.840047+00:00,f0d00c4983614291b938804a9df6b127
2018-07-12,52.6,52.6,ft^3/s,Approved,[],2025-03-11T21:24:03.840047+00:00,f0d00c4983614291b938804a9df6b127
2018-07-13,42.4,42.4,ft^3/s,Approved,[],2025-03-11T21:24:03.840047+00:00,f0d00c4983614291b938804a9df6b127
2018-07-14,35.6,35.6,ft^3/s,Approved,[],2025-03-11T21:24:03.840047+00:00,f0d00c4983614291b938804a9df6b127
2018-07-15,29.2,29.2,ft^3/s,Approved,[],2025-03-11T21:24:03.840047+00:00,f0d00c4983614291b938804a9df6b127
2018-07-16,22.4,22.4,ft^3/s,Approved,[],2025-03-11T21:24:03.840047+00:00,f0d00c4983614291b938804a9df6b127
2018-07-17,19.0,19.0,ft^3/s,Approved,[],2025-03-11T21:24:03.840047+00:00,f0d00c4983614291b938804a9df6b127
2018-07-18,17.2,17.2,ft^3/s,Approved,[],2025-03-11T21:24:03.840047+00:00,f0d00c4983614291b938804a9df6b127
2018-07-19,16.4,16.4,ft^3/s,Approved,[],2025-03-11T21:24:03.840047+00:00,f0d00c4983614291b938804a9df6b127
2018-07-20,16.2,16.2,ft^3/s,Approved,[],2025-03-11T21:24:03.840047+00:00,f0d00c4983614291b938804a9df6b127
2018-07-21,14.5,14.5,ft^3/s,Approved,[],2025-03-11T21:24:03.840047+00:00,f0d00c4983614291b938804a9df6b127
2018-07-22,13.4,13.4,ft^3/s,Approved,[],2025-03-11T21:24:03.840047+00:00,f0d00c4983614291b938804a9df6b127
2018-07-23,12.6,12.6,ft^3/s,Approved,[],2025-03-11T21:24:03.840047+00:00,f0d00c4983614291b938804a9df6b127
2018-07-24,11.6,11.6,ft^3/s,Approved,[],2025-03-11T21:24:03.840047+00:00,f0d00c4983614291b938804a9df6b127
2018-07-25,10.6,10.6,ft^3/s,Approved,[],2025-03-11T21:24:03.840047+00:00,f0d00c4983614291b938804a9df6b127
2018-07-26,9.74,9.74,ft^3/s,Approved,[],2025-03-11T21:24:03.840047+00:00,f0d00c4983614291b938804a9df6b127
2018-07-27,8.85,8.85,ft^3/s,Approved,[],2025-03-11T21:24:03.840047+00:00,f0d00c4983614291b938804a9df6b127
2018-07-28,8.09,8.09,ft^3/s,Approved,[],2025-03-11T21:24:03.840047+00:00,f0d00c4983614291b938804a9df6b127
2018-07-29,7.75,7.75,ft^3/s,Approved,[],2025-03-11T21:24:03.840047+00:00,f0d00c4983614291b938804a9df6b127
2018-07-30,7.41,7.41,ft^3/s,Approved,[],2025-03-11T21:24:03.840047+00:00,f0d00c4983614291b938804a9df6b127
2018-07-31,6.74,6.74,ft^3/s,Approved,[],2025-03-11T21:24:03.840047+00:00,f0d00c4983614291b938804a9df6b127
2018-08-01,6.82,6.82,ft^3/s,Approved,[],2025-03-11T21:24:03.840047+00:00,f0d00c4983614291b938804a9df6b127
2018-08-02,6.13,6.13,ft^3/s,Approved,[],2025-03-11T21:24:03.840047+00:00,f0d00c4983614291b938804a9df6b127
2018-08-03,6.12,6.12,ft^3/s,Approved,[],2025-03-11T21:24:03.840047+00:00,f0d00c4983614291b938804a9df6b127
2018-08-04,5.79,5.79,ft^3/s,Approved,[],2025-03-11T21:24:03.840047+00:00,f0d00c4983614291b938804a9df6b127
2018-08-05,5.19,5.19,ft^3/s,Approved,[],2025-03-11T21:24:03.840047+00:00,f0d00c4983614291b938804a9df6b127
2018-08-06,5.24,5.24,ft^3/s,Approved,[],2025-03-11T21:24:03.840047+00:00,f0d00c4983614291b938804a9df6b127
2018-08-07,4.73,4.73,ft^3/s,Approved,[],2025-03-11T21:24:03.840047+00:00,f0d00c4983614291b938804a9df6b127
2018-08-08,4.3,4.30,ft^3/s,Approved,[],2025-03-11T21:24:03.840047+00:00,f0d00c4983614291b938804a9df6b127
2018-08-09,4.12,4.12,ft^3/s,Approved,[],2025-03-11T21:24:03.840047+00:00,f0d00c4983614291b938804a9df6b127
2018-08-10,3.69,3.69,ft^3/s,Approved,[],2025-03-11T21:24:03.840047+00:00,f0d00c4983614291b938804a9df6b127
2018-08-11,3.91,3.91,ft^3/s,Approved,[],2025-03-11T21:24:03.840047+00:00,f0d00c4983614291b938804a9df6b127
2018-08-12,5.28,5.28,ft^3/s,Approved,[],2025-03-11T21:24:03.840047+00:00,f0d00c4983614291b938804a9df6b127
2018-08-13,7.32,7.32,ft^3/s,Approved,[],2025-03-11T21:24:03.840047+00:00,f0d00c4983614291b938804a9df6b127
2018-08-14,8.36,8.36,ft^3/s,Approved,[],2025-03-11T21:24:03.840047+00:00,f0d00c4983614291b938804a9df6b127
2018-08-15,8.72,8.72,ft^3/s,Approved,[],2025-03-11T21:24:03.840047+00:00,f0d00c4983614291b938804a9df6b127
2018-08-16,9.55,9.55,ft^3/s,Approved,[],2025-03-11T21:24:03.840047+00:00,f0d00c4983614291b938804a9df6b127
2018-08-17,10.3,10.3,ft^3/s,Approved,[],2025-03-11T21:24:03.840047+00:00,f0d00c4983614291b938804a9df6b127
2018-08-18,10.5,10.5,ft^3/s,Approved,[],2025-03-11T21:24:03.840047+00:00,f0d00c4983614291b938804a9df6b127
2018-08-19,9.71,9.71,ft^3/s,Approved,[],2025-03-11T21:24:03.840047+00:00,f0d00c4983614291b938804a9df6b127
2018-08-20,9.4,9.40,ft^3/s,Approved,[],2025-03-11T21:24:03.840047+00:00,f0d00c4983614291b938804a9df6b127
2018-08-21,8.64,8.64,ft^3/s,Approved,[],2025-03-11T21:24:03.840047+00:00,f0d00c4983614291b938804a9df6b127
2018-08-22,8.18,8.18,ft^3/s,Approved,[],2025-03-11T21:24:03.840047+00:00,f0d00c4983614291b938804a9df6b127
2018-08-23,8.58,8.58,ft^3/s,Approved,[],2025-03-11T21:24:03.840047+00:00,f0d00c4983614291b938804a9df6b127
2018-08-24,8.32,8.32,ft^3/s,Approved,[],2025-03-11T21:24:03.840047+00:00,f0d00c4983614291b938804a9df6b127
2018-08-25,7.55,7.55,ft^3/s,Approved,[],2025-03-11T21:24:03.840047+00:00,f0d00c4983614291b938804a9df6b127
2018-08-26,6.86,6.86,ft^3/s,Approved,[],2025-03-11T21:24:03.840047+00:00,f0d00c4983614291b938804a9df6b127
2018-08-27,6.83,6.83,ft^3/s,Approved,[],2025-03-11T21:24:03.840047+00:00,f0d00c4983614291b938804a9df6b127
2018-08-28,6.23,6.23,ft^3/s,Approved,[],2025-03-11T21:24:03.840047+00:00,f0d00c4983614291b938804a9df6b127
2018-08-29,5.48,5.48,ft^3/s,Approved,[],2025-03-11T21:24:03.840047+00:00,f0d00c4983614291b938804a9df6b127
2018-08-30,4.89,4.89,ft^3/s,Approved,[],2025-03-11T21:24:03.840047+00:00,f0d00c4983614291b938804a9df6b127
2018-08-31,4.63,4.63,ft^3/s,Approved,[],2025-03-11T21:24:03.840047+00:00,f0d00c4983614291b938804a9df6b127
2018-09-01,4.49,4.49,ft^3/s,Approved,[],2025-03-11T21:24:03.840047+00:00,f0d00c4983614291b938804a9df6b127
2018-09-02,4.54,4.54,ft^3/s,Approved,[],2025-03-11T21:24:03.840047+00:00,f0d00c4983614291b938804a9df6b127
2018-09-03,6.18,6.18,ft^3/s,Approved,[],2025-03-11T21:24:03.840047+00:00,f0d00c4983614291b938804a9df6b127
2018-09-04,37.3,37.3,ft^3/s,Approved,[],2025-03-11T21:24:03.840047+00:00,f0d00c4983614291b938804a9df6b127
2018-09-05,44.3,44.3,ft^3/s,Approved,[],2025-03-11T21:24:03.840047+00:00,f0d00c4983614291b938804a9df6b127
2018-09-06,42.7,42.7,ft^3/s,Approved,[],2025-03-11T21:24:03.840047+00:00,f0d00c4983614291b938804a9df6b127
2018-09-07,43.0,43.0,ft^3/s,Approved,[],2025-03-11T21:24:03.840047+00:00,f0d00c4983614291b938804a9df6b127
2018-09-08,46.1,46.1,ft^3/s,Approved,[],2025-03-11T21:24:03.840047+00:00,f0d00c4983614291b938804a9df6b127
2018-09-09,83.9,83.9,ft^3/s,Approved,[],2025-03-11T21:24:03.840047+00:00,f0d00c4983614291b938804a9df6b127
2018-09-10,101.0,101,ft^3/s,Approved,[],2025-03-11T21:24:03.840047+00:00,f0d00c4983614291b938804a9df6b127
2018-09-11,96.5,96.5,ft^3/s,Approved,[],2025-03-11T21:24:03.840047+00:00,f0d00c4983614291b938804a9df6b127
2018-09-12,92.7,92.7,ft^3/s,Approved,[],2025-03-11T21:24:03.840047+00:00,f0d00c4983614291b938804a9df6b127
2018-09-13,87.1,87.1,ft^3/s,Approved,[],2025-03-11T21:24:03.840047+00:00,f0d00c4983614291b938804a9df6b127
2018-09-14,90.6,90.6,ft^3/s,Approved,[],2025-03-11T21:24:03.840047+00:00,f0d00c4983614291b938804a9df6b127
2018-09-15,98.2,98.2,ft^3/s,Approved,[],2025-03-11T21:24:03.840047+00:00,f0d00c4983614291b938804a9df6b127
2018-09-16,115.0,115,ft^3/s,Approved,[],2025-03-11T21:24:03.840047+00:00,f0d00c4983614291b938804a9df6b127
2018-09-17,107.0,107,ft^3/s,Approved,[],2025-03-11T21:24:03.840047+00:00,f0d00c4983614291b938804a9df6b127
2018-09-18,105.0,105,ft^3/s,Approved,[],2025-03-11T21:24:03.840047+00:00,f0d00c4983614291b938804a9df6b127
2018-09-19,96.0,96.0,ft^3/s,Approved,[],2025-03-11T21:24:03.840047+00:00,f0d00c4983614291b938804a9df6b127
2018-09-20,92.5,92.5,ft^3/s,Approved,[],2025-03-11T21:24:03.840047+00:00,f0d00c4983614291b938804a9df6b127
2018-09-21,91.7,91.7,ft^3/s,Approved,[],2025-03-11T21:24:03.840047+00:00,f0d00c4983614291b938804a9df6b127
2018-09-22,99.9,99.9,ft^3/s,Approved,[],2025-03-11T21:24:03.840047+00:00,f0d00c4983614291b938804a9df6b127
2018-09-23,99.3,99.3,ft^3/s,Approved,[],2025-03-11T21:24:03.840047+00:00,f0d00c4983614291b938804a9df6b127
2018-09-24,95.0,95.0,ft^3/s,Approved,[],2025-03-11T21:24:03.840047+00:00,f0d00c4983614291b938804a9df6b127
2018-09-25,92.4,92.4,ft^3/s,Approved,[],2025-03-11T21:24:03.840047+00:00,f0d00c4983614291b938804a9df6b127
2018-09-26,89.7,89.7,ft^3/s,Approved,[],2025-03-11T21:24:03.840047+00:00,f0d00c4983614291b938804a9df6b127
2018-09-27,87.7,87.7,ft^3/s,Approved,[],2025-03-11T21:24:03.840047+00:00,f0d00c4983614291b938804a9df6b127
2018-09-28,86.9,86.9,ft^3/s,Approved,[],2025-03-11T21:24:03.840047+00:00,f0d00c4983614291b938804a9df6b127
2018-09-29,87.3,87.3,ft^3/s,Approved,[],2025-03-11T21:24:03.840047+00:00,f0d00c4983614291b938804a9df6b127
2018-09-30,87.4,87.4,ft^3/s,Approved,[],2025-03-11T21:24:03.840047+00:00,f0d00c4983614291b938804a9df6b127
2018-10-01,87.8,87.8,ft^3/s,Approved,[],2025-03-11T21:24:03.840047+00:00,f0d00c4983614291b938804a9df6b127
2018-10-02,84.4,84.4,ft^3/s,Approved,[],2025-03-11T21:24:03.840047+00:00,f0d00c4983614291b938804a9df6b127
2018-10-03,80.7,80.7,ft^3/s,Approved,[],2025-03-11T21:24:03.840047+00:00,f0d00c4983614291b938804a9df6b127
2018-10-04,84.9,84.9,ft^3/s,Approved,[],2025-03-11T21:24:03.840047+00:00,f0d00c4983614291b938804a9df6b127
2018-10-05,84.0,84.0,ft^3/s,Approved,[],2025-03-11T21:24:03.840047+00:00,f0d00c4983614291b938804a9df6b127
2018-10-06,82.5,82.5,ft^3/s,Approved,[],2025-03-11T21:24:03.840047+00:00,f0d00c4983614291b938804a9df6b127
2018-10-07,82.4,82.4,ft^3/s,Approved,[],2025-03-11T21:24:03.840047+00:00,f0d00c4983614291b938804a9df6b127
2018-10-08,82.1,82.1,ft^3/s,Approved,[],2025-03-11T21:24:03.840047+00:00,f0d00c4983614291b938804a9df6b127
2018-10-09,81.6,81.6,ft^3/s,Approved,[],2025-03-11T21:24:03.840047+00:00,f0d00c4983614291b938804a9df6b127
2018-10-10,82.2,82.2,ft^3/s,Approved,[],2025-03-11T21:24:03.840047+00:00,f0d00c4983614291b938804a9df6b127
2018-10-11,82.3,82.3,ft^3/s,Approved,[],2025-03-11T21:24:03.840047+00:00,f0d00c4983614291b938804a9df6b127
2018-10-12,88.9,88.9,ft^3/s,Approved,[],2025-03-11T21:24:03.840047+00:00,f0d00c4983614291b938804a9df6b127
2018-10-13,88.7,88.7,ft^3/s,Approved,[],2025-03-11T21:24:03.840047+00:00,f0d00c4983614291b938804a9df6b127
2018-10-14,83.8,83.8,ft^3/s,Approved,[],2025-03-11T21:24:03.840047+00:00,f0d00c4983614291b938804a9df6b127
2018-10-15,93.6,93.6,ft^3/s,Approved,[],2025-03-11T21:24:03.840047+00:00,f0d00c4983614291b938804a9df6b127
2018-10-16,92.5,92.5,ft^3/s,Approved,[],2025-03-11T21:24:03.840047+00:00,f0d00c4983614291b938804a9df6b127
2018-10-17,87.8,87.8,ft^3/s,Approved,[],2025-03-11T21:24:03.840047+00:00,f0d00c4983614291b938804a9df6b127
2018-10-18,86.3,86.3,ft^3/s,Approved,[],2025-03-11T21:24:03.840047+00:00,f0d00c4983614291b938804a9df6b127
2018-10-19,85.3,85.3,ft^3/s,Approved,[],2025-03-11T21:24:03.840047+00:00,f0d00c4983614291b938804a9df6b127
2018-10-20,93.8,93.8,ft^3/s,Approved,[],2025-03-11T21:24:03.840047+00:00,f0d00c4983614291b938804a9df6b127
2018-10-21,91.6,91.6,ft^3/s,Approved,[],2025-03-11T21:24:03.840047+00:00,f0d00c4983614291b938804a9df6b127
2018-10-22,90.2,90.2,ft^3/s,Approved,[],2025-03-11T21:24:03.840047+00:00,f0d00c4983614291b938804a9df6b127
2018-10-23,86.0,86.0,ft^3/s,Approved,[],2025-03-11T21:24:03.840047+00:00,f0d00c4983614291b938804a9df6b127
2018-10-24,88.8,88.8,ft^3/s,Approved,[],2025-03-11T21:24:03.840047+00:00,f0d00c4983614291b938804a9df6b127
2018-10-25,91.3,91.3,ft^3/s,Approved,[],2025-03-11T21:24:03.840047+00:00,f0d00c4983614291b938804a9df6b127
2018-10-26,88.7,88.7,ft^3/s,Approved,[],2025-03-11T21:24:03.840047+00:00,f0d00c4983614291b938804a9df6b127
2018-10-27,98.1,98.1,ft^3/s,Approved,[],2025-03-11T21:24:03.840047+00:00,f0d00c4983614291b938804a9df6b127
2018-10-28,95.5,95.5,ft^3/s,Approved,[],2025-03-11T21:24:03.840047+00:00,f0d00c4983614291b938804a9df6b127
2018-10-29,92.5,92.5,ft^3/s,Approved,[],2025-03-11T21:24:03.840047+00:00,f0d00c4983614291b938804a9df6b127
2018-10-30,88.9,88.9,ft^3/s,Approved,[],2025-03-11T21:24:03.840047+00:00,f0d00c4983614291b938804a9df6b127
2018-10-31,105.0,105,ft^3/s,Approved,[],2025-03-11T21:24:03.840047+00:00,f0d00c4983614291b938804a9df6b127
2018-11-01,80.3,80.3,ft^3/s,Approved,[],2025-03-11T21:24:03.840047+00:00,f0d00c4983614291b938804a9df6b127
2018-11-02,76.8,76.8,ft^3/s,Approved,[],2025-03-11T21:24:03.840047+00:00,f0d00c4983614291b938804a9df6b127
2018-11-03,80.1,80.1,ft^3/s,Approved,[],2025-03-11T21:24:03.840047+00:00,f0d00c4983614291b938804a9df6b127
2018-11-04,80.6,80.6,ft^3/s,Approved,[],2025-03-11T21:24:03.840047+00:00,f0d00c4983614291b938804a9df6b127
2018-11-05,79.5,79.5,ft^3/s,Approved,[],2025-03-11T21:24:03.840047+00:00,f0d00c4983614291b938804a9df6b127
2018-11-06,78.1,78.1,ft^3/s,Approved,[],2025-03-11T21:24:03.840047+00:00,f0d00c4983614291b938804a9df6b127
2018-11-07,82.0,82.0,ft^3/s,Approved,[],2025-03-11T21:24:03.840047+00:00,f0d00c4983614291b938804a9df6b127
2018-11-08,79.0,79.0,ft^3/s,Approved,[],2025-03-11T21:24:03.840047+00:00,f0d00c4983614291b938804a9df6b127
2018-11-09,80.9,80.9,ft^3/s,Approved,[],2025-03-11T21:24:03.840047+00:00,f0d00c4983614291b938804a9df6b127
2018-11-10,87.5,87.5,ft^3/s,Approved,[],2025-03-11T21:24:03.840047+00:00,f0d00c4983614291b938804a9df6b127
2018-11-11,85.2,85.2,ft^3/s,Approved,[],2025-03-11T21:24:03.840047+00:00,f0d00c4983614291b938804a9df6b127
2018-11-12,88.9,88.9,ft^3/s,Approved,[],2025-03-11T21:24:03.840047+00:00,f0d00c4983614291b938804a9df6b127
2018-11-13,84.4,84.4,ft^3/s,Approved,[],2025-03-11T21:24:03.840047+00:00,f0d00c4983614291b938804a9df6b127
2018-11-14,85.0,85.0,ft^3/s,Approved,[],2025-03-11T21:24:03.840047+00:00,f0d00c4983614291b938804a9df6b127
2018-11-15,86.3,86.3,ft^3/s,Approved,[],2025-03-11T21:24:03.840047+00:00,f0d00c4983614291b938804a9df6b127
2018-11-16,82.2,82.2,ft^3/s,Approved,[],2025-03-11T21:24:03.840047+00:00,f0d00c4983614291b938804a9df6b127
2018-11-17,80.3,80.3,ft^3/s,Approved,[],2025-03-11T21:24:03.840047+00:00,f0d00c4983614291b938804a9df6b127
2018-11-18,79.0,79.0,ft^3/s,Approved,[],2025-03-11T21:24:03.840047+00:00,f0d00c4983614291b938804a9df6b127
2018-11-19,77.1,77.1,ft^3/s,Approved,[],2025-03-11T21:24:03.840047+00:00,f0d00c4983614291b938804a9df6b127
2018-11-20,75.0,75.0,ft^3/s,Approved,[],2025-03-11T21:24:03.840047+00:00,f0d00c4983614291b938804a9df6b127
2018-11-21,72.6,72.6,ft^3/s,Approved,[],2025-03-11T21:24:03.840047+00:00,f0d00c4983614291b938804a9df6b127
2018-11-22,72.4,72.4,ft^3/s,Approved,[],2025-03-11T21:24:03.840047+00:00,f0d00c4983614291b938804a9df6b127
2018-11-23,71.7,71.7,ft^3/s,Approved,[],2025-03-11T21:24:03.840047+00:00,f0d00c4983614291b938804a9df6b127
2018-11-24,69.9,69.9,ft^3/s,Approved,[],2025-03-11T21:24:03.840047+00:00,f0d00c4983614291b938804a9df6b127
2018-11-25,68.3,68.3,ft^3/s,Approved,[],2025-03-11T21:24:03.840047+00:00,f0d00c4983614291b938804a9df6b127
2018-11-26,68.2,68.2,ft^3/s,Approved,[],2025-03-11T21:24:03.840047+00:00,f0d00c4983614291b938804a9df6b127
2018-11-27,68.8,68.8,ft^3/s,Approved,[],2025-03-11T21:24:03.840047+00:00,f0d00c4983614291b938804a9df6b127
2018-11-28,69.7,69.7,ft^3/s,Approved,[],2025-03-11T21:24:03.840047+00:00,f0d00c4983614291b938804a9df6b127
2018-11-29,69.9,69.9,ft^3/s,Approved,[],2025-03-11T21:24:03.840047+00:00,f0d00c4983614291b938804a9df6b127
2018-11-30,71.0,71.0,ft^3/s,Approved,[],2025-03-11T21:24:03.840047+00:00,f0d00c4983614291b938804a9df6b127
2018-12-01,71.6,71.6,ft^3/s,Approved,[],2025-03-11T21:24:03.840047+00:00,f0d00c4983614291b938804a9df6b127
2018-12-02,72.2,72.2,ft^3/s,Approved,[],2025-03-11T21:24:03.840047+00:00,f0d00c4983614291b938804a9df6b127
2018-12-03,72.4,72.4,ft^3/s,Approved,[],2025-03-11T21:24:03.840047+00:00,f0d00c4983614291b938804a9df6b127
2018-12-04,72.9,72.9,ft^3/s,Approved,[],2025-03-11T21:24:03.840047+00:00,f0d00c4983614291b938804a9df6b127
2018-12-05,73.6,73.6,ft^3/s,Approved,[],2025-03-11T21:24:03.840047+00:00,f0d00c4983614291b938804a9df6b127
2018-12-06,75.4,75.4,ft^3/s,Approved,[],2025-03-11T21:24:03.840047+00:00,f0d00c4983614291b938804a9df6b127
2018-12-07,77.0,77.0,ft^3/s,Approved,[],2025-03-11T21:24:03.840047+00:00,f0d00c4983614291b938804a9df6b127
2018-12-08,92.6,92.6,ft^3/s,Approved,[],2025-03-11T21:24:03.840047+00:00,f0d00c4983614291b938804a9df6b127
2018-12-09,88.8,88.8,ft^3/s,Approved,[],2025-03-11T21:24:03.840047+00:00,f0d00c4983614291b938804a9df6b127
2018-12-10,85.1,85.1,ft^3/s,Approved,[],2025-03-11T21:24:03.840047+00:00,f0d00c4983614291b938804a9df6b127
2018-12-11,84.5,84.5,ft^3/s,Approved,[],2025-03-11T21:24:03.840047+00:00,f0d00c4983614291b938804a9df6b127
2018-12-12,85.9,85.9,ft^3/s,Approved,[],2025-03-11T21:24:03.840047+00:00,f0d00c4983614291b938804a9df6b127
2018-12-13,85.0,85.0,ft^3/s,Approved,[],2025-03-11T21:24:03.840047+00:00,f0d00c4983614291b938804a9df6b127
2018-12-14,82.6,82.6,ft^3/s,Approved,[],2025-03-11T21:24:03.840047+00:00,f0d00c4983614291b938804a9df6b127
2018-12-15,81.5,81.5,ft^3/s,Approved,[],2025-03-11T21:24:03.840047+00:00,f0d00c4983614291b938804a9df6b127
2018-12-16,80.8,80.8,ft^3/s,Approved,[],2025-03-11T21:24:03.840047+00:00,f0d00c4983614291b938804a9df6b127
2018-12-17,80.7,80.7,ft^3/s,Approved,[],2025-03-11T21:24:03.840047+00:00,f0d00c4983614291b938804a9df6b127
2018-12-18,81.0,81.0,ft^3/s,Approved,[],2025-03-11T21:24:03.840047+00:00,f0d00c4983614291b938804a9df6b127
2018-12-19,81.8,81.8,ft^3/s,Approved,[],2025-03-11T21:24:03.840047+00:00,f0d00c4983614291b938804a9df6b127
2018-12-20,80.9,80.9,ft^3/s,Approved,[],2025-03-11T21:24:03.840047+00:00,f0d00c4983614291b938804a9df6b127
2018-12-21,80.3,80.3,ft^3/s,Approved,[],2025-03-11T21:24:03.840047+00:00,f0d00c4983614291b938804a9df6b127
2018-12-22,79.8,79.8,ft^3/s,Approved,[],2025-03-11T21:24:03.840047+00:00,f0d00c4983614291b938804a9df6b127
2018-12-23,79.7,79.7,ft^3/s,Approved,[],2025-03-11T21:24:03.840047+00:00,f0d00c4983614291b938804a9df6b127
2018-12-24,79.8,79.8,ft^3/s,Approved,[],2025-03-11T21:24:03.840047+00:00,f0d00c4983614291b938804a9df6b127
2018-12-25,80.2,80.2,ft^3/s,Approved,[],2025-03-11T21:24:03.840047+00:00,f0d00c4983614291b938804a9df6b127
2018-12-26,80.0,80.0,ft^3/s,Approved,[],2025-03-11T21:24:03.840047+00:00,f0d00c4983614291b938804a9df6b127
2018-12-27,80.3,80.3,ft^3/s,Approved,[],2025-03-11T21:24:03.840047+00:00,f0d00c4983614291b938804a9df6b127
2018-12-28,79.6,79.6,ft^3/s,Approved,[],2025-03-11T21:24:03.840047+00:00,f0d00c4983614291b938804a9df6b127
2018-12-29,78.1,78.1,ft^3/s,Approved,[],2025-03-11T21:24:03.840047+00:00,f0d00c4983614291b938804a9df6b127
2018-12-30,78.4,78.4,ft^3/s,Approved,[],2025-03-11T21:24:03.840047+00:00,f0d00c4983614291b938804a9df6b127
2018-12-31,78.7,78.7,ft^3/s,Approved,[],2025-03-11T21:24:03.840047+00:00,f0d00c4983614291b938804a9df6b127
2019-01-01,77.9,77.9,ft^3/s,Approved,[],2025-03-11T21:24:03.840047+00:00,f0d00c4983614291b938804a9df6b127
2019-01-02,79.8,79.8,ft^3/s,Approved,[],2025-03-11T21:24:03.840047+00:00,f0d00c4983614291b938804a9df6b127
2019-01-03,93.4,93.4,ft^3/s,Approved,[],2025-03-11T21:24:03.840047+00:00,f0d00c4983614291b938804a9df6b127
2019-01-04,92.0,92.0,ft^3/s,Approved,[],2025-03-11T21:24:03.840047+00:00,f0d00c4983614291b938804a9df6b127
2019-01-05,89.6,89.6,ft^3/s,Approved,[],2025-03-11T21:24:03.840047+00:00,f0d00c4983614291b938804a9df6b127
2019-01-06,88.8,88.8,ft^3/s,Approved,[],2025-03-11T21:24:03.840047+00:00,f0d00c4983614291b938804a9df6b127
2019-01-07,87.7,87.7,ft^3/s,Approved,[],2025-03-11T21:24:03.840047+00:00,f0d00c4983614291b938804a9df6b127
2019-01-08,86.2,86.2,ft^3/s,Approved,[],2025-03-11T21:24:03.840047+00:00,f0d00c4983614291b938804a9df6b127
2019-01-09,84.1,84.1,ft^3/s,Approved,[],2025-03-11T21:24:03.840047+00:00,f0d00c4983614291b938804a9df6b127
2019-01-10,83.4,83.4,ft^3/s,Approved,[],2025-03-11T21:24:03.840047+00:00,f0d00c4983614291b938804a9df6b127
2019-01-11,83.3,83.3,ft^3/s,Approved,[],2025-03-11T21:24:03.840047+00:00,f0d00c4983614291b938804a9df6b127
2019-01-12,82.5,82.5,ft^3/s,Approved,[],2025-03-11T21:24:03.840047+00:00,f0d00c4983614291b938804a9df6b127
2019-01-13,81.1,81.1,ft^3/s,Approved,[],2025-03-11T21:24:03.840047+00:00,f0d00c4983614291b938804a9df6b127
2019-01-14,80.4,80.4,ft^3/s,Approved,[],2025-03-11T21:24:03.840047+00:00,f0d00c4983614291b938804a9df6b127
2019-01-15,80.2,80.2,ft^3/s,Approved,[],2025-03-11T21:24:03.840047+00:00,f0d00c4983614291b938804a9df6b127
2019-01-16,80.4,80.4,ft^3/s,Approved,[],2025-03-11T21:24:03.840047+00:00,f0d00c4983614291b938804a9df6b127
2019-01-17,79.6,79.6,ft^3/s,Approved,[],2025-03-11T21:24:03.840047+00:00,f0d00c4983614291b938804a9df6b127
2019-01-18,79.8,79.8,ft^3/s,Approved,[],2025-03-11T21:24:03.840047+00:00,f0d00c4983614291b938804a9df6b127
2019-01-19,78.4,78.4,ft^3/s,Approved,[],2025-03-11T21:24:03.840047+00:00,f0d00c4983614291b938804a9df6b127
2019-01-20,77.2,77.2,ft^3/s,Approved,[],2025-03-11T21:24:03.840047+00:00,f0d00c4983614291b938804a9df6b127
2019-01-21,77.4,77.4,ft^3/s,Approved,[],2025-03-11T21:24:03.840047+00:00,f0d00c4983614291b938804a9df6b127
2019-01-22,78.3,78.3,ft^3/s,Approved,[],2025-03-11T21:24:03.840047+00:00,f0d00c4983614291b938804a9df6b127
2019-01-23,77.4,77.4,ft^3/s,Approved,[],2025-03-11T21:24:03.840047+00:00,f0d00c4983614291b938804a9df6b127
2019-01-24,76.7,76.7,ft^3/s,Approved,[],2025-03-11T21:24:03.840047+00:00,f0d00c4983614291b938804a9df6b127
2019-01-25,77.5,77.5,ft^3/s,Approved,[],2025-03-11T21:24:03.840047+00:00,f0d00c4983614291b938804a9df6b127
2019-01-26,77.7,77.7,ft^3/s,Approved,[],2025-03-11T21:24:03.840047+00:00,f0d00c4983614291b938804a9df6b127
2019-01-27,78.3,78.3,ft^3/s,Approved,[],2025-03-11T21:24:03.840047+00:00,f0d00c4983614291b938804a9df6b127
2019-01-28,78.5,78.5,ft^3/s,Approved,[],2025-03-11T21:24:03.840047+00:00,f0d00c4983614291b938804a9df6b127
2019-01-29,79.3,79.3,ft^3/s,Approved,[],2025-03-11T21:24:03.840047+00:00,f0d00c4983614291b938804a9df6b127
2019-01-30,81.1,81.1,ft^3/s,Approved,[],2025-03-11T21:24:03.840047+00:00,f0d00c4983614291b938804a9df6b127
2019-01-31,81.8,81.8,ft^3/s,Approved,[],2025-03-11T21:24:03.840047+00:00,f0d00c4983614291b938804a9df6b127
2019-02-01,81.8,81.8,ft^3/s,Approved,[],2025-03-11T21:24:03.840047+00:00,f0d00c4983614291b938804a9df6b127
2019-02-02,84.7,84.7,ft^3/s,Approved,[],2025-03-11T21:24:03.840047+00:00,f0d00c4983614291b938804a9df6b127
2019-02-03,84.6,84.6,ft^3/s,Approved,[],2025-03-11T21:24:03.840047+00:00,f0d00c4983614291b938804a9df6b127
2019-02-04,81.7,81.7,ft^3/s,Approved,[],2025-03-11T21:24:03.840047+00:00,f0d00c4983614291b938804a9df6b127
2019-02-05,78.0,78.0,ft^3/s,Approved,[],2025-03-11T21:24:03.840047+00:00,f0d00c4983614291b938804a9df6b127
2019-02-06,77.5,77.5,ft^3/s,Approved,[],2025-03-11T21:24:03.840047+00:00,f0d00c4983614291b938804a9df6b127
2019-02-07,76.4,76.4,ft^3/s,Approved,[],2025-03-11T21:24:03.840047+00:00,f0d00c4983614291b938804a9df6b127
2019-02-08,74.7,74.7,ft^3/s,Approved,[],2025-03-11T21:24:03.840047+00:00,f0d00c4983614291b938804a9df6b127
2019-02-09,74.5,74.5,ft^3/s,Approved,[],2025-03-11T21:24:03.840047+00:00,f0d00c4983614291b938804a9df6b127
2019-02-10,74.9,74.9,ft^3/s,Approved,[],2025-03-11T21:24:03.840047+00:00,f0d00c4983614291b938804a9df6b127
2019-02-11,75.5,75.5,ft^3/s,Approved,[],2025-03-11T21:24:03.840047+00:00,f0d00c4983614291b938804a9df6b127
2019-02-12,74.6,74.6,ft^3/s,Approved,[],2025-03-11T21:24:03.840047+00:00,f0d00c4983614291b938804a9df6b127
2019-02-13,74.2,74.2,ft^3/s,Approved,[],2025-03-11T21:24:03.840047+00:00,f0d00c4983614291b938804a9df6b127
2019-02-14,74.5,74.5,ft^3/s,Approved,[],2025-03-11T21:24:03.840047+00:00,f0d00c4983614291b938804a9df6b127
2019-02-15,74.6,74.6,ft^3/s,Approved,[],2025-03-11T21:24:03.840047+00:00,f0d00c4983614291b938804a9df6b127
2019-02-16,74.1,74.1,ft^3/s,Approved,[],2025-03-11T21:24:03.840047+00:00,f0d00c4983614291b938804a9df6b127
2019-02-17,73.7,73.7,ft^3/s,Approved,[],2025-03-11T21:24:03.840047+00:00,f0d00c4983614291b938804a9df6b127
2019-02-18,72.8,72.8,ft^3/s,Approved,[],2025-03-11T21:24:03.840047+00:00,f0d00c4983614291b938804a9df6b127
2019-02-19,72.6,72.6,ft^3/s,Approved,[],2025-03-11T21:24:03.840047+00:00,f0d00c4983614291b938804a9df6b127
2019-02-20,72.5,72.5,ft^3/s,Approved,[],2025-03-11T21:24:03.840047+00:00,f0d00c4983614291b938804a9df6b127
2019-02-21,72.0,72.0,ft^3/s,Approved,[],2025-03-11T21:24:03.840047+00:00,f0d00c4983614291b938804a9df6b127
2019-02-22,72.1,72.1,ft^3/s,Approved,[],2025-03-11T21:24:03.840047+00:00,f0d00c4983614291b938804a9df6b127
2019-02-23,72.0,72.0,ft^3/s,Approved,[],2025-03-11T21:24:03.840047+00:00,f0d00c4983614291b938804a9df6b127
2019-02-24,71.1,71.1,ft^3/s,Approved,[],2025-03-11T21:24:03.840047+00:00,f0d00c4983614291b938804a9df6b127
2019-02-25,70.9,70.9,ft^3/s,Approved,[],2025-03-11T21:24:03.840047+00:00,f0d00c4983614291b938804a9df6b127
2019-02-26,72.5,72.5,ft^3/s,Approved,[],2025-03-11T21:24:03.840047+00:00,f0d00c4983614291b938804a9df6b127
2019-02-27,74.8,74.8,ft^3/s,Approved,[],2025-03-11T21:24:03.840047+00:00,f0d00c4983614291b938804a9df6b127
2019-02-28,74.3,74.3,ft^3/s,Approved,[],2025-03-11T21:24:03.840047+00:00,f0d00c4983614291b938804a9df6b127
2019-03-01,75.3,75.3,ft^3/s,Approved,[],2025-03-11T21:24:03.840047+00:00,f0d00c4983614291b938804a9df6b127
2019-03-02,75.8,75.8,ft^3/s,Approved,[],2025-03-11T21:24:03.840047+00:00,f0d00c4983614291b938804a9df6b127
2019-03-03,73.9,73.9,ft^3/s,Approved,[],2025-03-11T21:24:03.840047+00:00,f0d00c4983614291b938804a9df6b127
2019-03-04,72.2,72.2,ft^3/s,Approved,[],2025-03-11T21:24:03.840047+00:00,f0d00c4983614291b938804a9df6b127
2019-03-05,70.5,70.5,ft^3/s,Approved,[],2025-03-11T21:24:03.840047+00:00,f0d00c4983614291b938804a9df6b127
2019-03-06,70.4,70.4,ft^3/s,Approved,[],2025-03-11T21:24:03.840047+00:00,f0d00c4983614291b938804a9df6b127
2019-03-07,81.3,81.3,ft^3/s,Approved,[],2025-03-11T21:24:03.840047+00:00,f0d00c4983614291b938804a9df6b127
2019-03-08,107.0,107,ft^3/s,Approved,[],2025-03-11T21:24:03.840047+00:00,f0d00c4983614291b938804a9df6b127
2019-03-09,89.3,89.3,ft^3/s,Approved,[],2025-03-11T21:24:03.840047+00:00,f0d00c4983614291b938804a9df6b127
2019-03-10,86.4,86.4,ft^3/s,Approved,[],2025-03-11T21:24:03.840047+00:00,f0d00c4983614291b938804a9df6b127
2019-03-11,86.7,86.7,ft^3/s,Approved,[],2025-03-11T21:24:03.840047+00:00,f0d00c4983614291b938804a9df6b127
2019-03-12,81.3,81.3,ft^3/s,Approved,[],2025-03-11T21:24:03.840047+00:00,f0d00c4983614291b938804a9df6b127
2019-03-13,81.9,81.9,ft^3/s,Approved,[],2025-03-11T21:24:03.840047+00:00,f0d00c4983614291b938804a9df6b127
2019-03-14,81.3,81.3,ft^3/s,Approved,[],2025-03-11T21:24:03.840047+00:00,f0d00c4983614291b938804a9df6b127
2019-03-15,80.2,80.2,ft^3/s,Approved,[],2025-03-11T21:24:03.840047+00:00,f0d00c4983614291b938804a9df6b127
2019-03-16,82.0,82.0,ft^3/s,Approved,[],2025-03-11T21:24:03.840047+00:00,f0d00c4983614291b938804a9df6b127
2019-03-17,79.2,79.2,ft^3/s,Approved,[],2025-03-11T21:24:03.840047+00:00,f0d00c4983614291b938804a9df6b127
2019-03-18,74.1,74.1,ft^3/s,Approved,[],2025-03-11T21:24:03.840047+00:00,f0d00c4983614291b938804a9df6b127
2019-03-19,75.5,75.5,ft^3/s,Approved,[],2025-03-11T21:24:03.840047+00:00,f0d00c4983614291b938804a9df6b127
2019-03-20,74.3,74.3,ft^3/s,Approved,[],2025-03-11T21:24:03.840047+00:00,f0d00c4983614291b938804a9df6b127
2019-03-21,76.6,76.6,ft^3/s,Approved,[],2025-03-11T21:24:03.840047+00:00,f0d00c4983614291b938804a9df6b127
2019-03-22,75.2,75.2,ft^3/s,Approved,[],2025-03-11T21:24:03.840047+00:00,f0d00c4983614291b938804a9df6b127
2019-03-23,73.6,73.6,ft^3/s,Approved,[],2025-03-11T21:24:03.840047+00:00,f0d00c4983614291b938804a9df6b127
2019-03-24,72.8,72.8,ft^3/s,Approved,[],2025-03-11T21:24:03.840047+00:00,f0d00c4983614291b938804a9df6b127
2019-03-25,72.3,72.3,ft^3/s,Approved,[],2025-03-11T21:24:03.840047+00:00,f0d00c4983614291b938804a9df6b127
2019-03-26,71.1,71.1,ft^3/s,Approved,[],2025-03-11T21:24:03.840047+00:00,f0d00c4983614291b938804a9df6b127
2019-03-27,72.2,72.2,ft^3/s,Approved,[],2025-03-11T21:24:03.840047+00:00,f0d00c4983614291b938804a9df6b127
2019-03-28,75.4,75.4,ft^3/s,Approved,[],2025-03-11T21:24:03.840047+00:00,f0d00c4983614291b938804a9df6b127
2019-03-29,74.1,74.1,ft^3/s,Approved,[],2025-03-11T21:24:03.840047+00:00,f0d00c4983614291b938804a9df6b127
2019-03-30,74.9,74.9,ft^3/s,Approved,[],2025-03-11T21:24:03.840047+00:00,f0d00c4983614291b938804a9df6b127
2019-03-31,73.9,73.9,ft^3/s,Approved,[],2025-03-11T21:24:03.840047+00:00,f0d00c4983614291b938804a9df6b127
2019-04-01,85.4,85.4,ft^3/s,Approved,[],2025-03-11T21:24:03.840047+00:00,f0d00c4983614291b938804a9df6b127
2019-04-02,74.7,74.7,ft^3/s,Approved,"[""ESTIMATED""]",2025-03-11T21:24:03.840047+00:00,f0d00c4983614291b938804a9df6b127
2019-04-03,76.4,76.4,ft^3/s,Approved,"[""ESTIMATED""]",2025-03-11T21:24:03.840047+00:00,f0d00c4983614291b938804a9df6b127
2019-04-04,82.5,82.5,ft^3/s,Approved,[],2025-11-21T16:34:19.961837+00:00,f0d00c4983614291b938804a9df6b127
2019-04-05,72.5,72.5,ft^3/s,Approved,[],2025-03-11T21:24:03.840047+00:00,f0d00c4983614291b938804a9df6b127
2019-04-06,70.6,70.6,ft^3/s,Approved,[],2025-03-11T21:24:03.840047+00:00,f0d00c4983614291b938804a9df6b127
2019-04-07,71.1,71.1,ft^3/s,Approved,[],2025-03-11T21:24:03.840047+00:00,f0d00c4983614291b938804a9df6b127
2019-04-08,86.3,86.3,ft^3/s,Approved,[],2025-03-11T21:24:03.840047+00:00,f0d00c4983614291b938804a9df6b127
2019-04-09,86.7,86.7,ft^3/s,Approved,[],2025-03-11T21:24:03.840047+00:00,f0d00c4983614291b938804a9df6b127
2019-04-10,88.7,88.7,ft^3/s,Approved,[],2025-03-11T21:24:03.840047+00:00,f0d00c4983614291b938804a9df6b127
2019-04-11,71.3,71.3,ft^3/s,Approved,[],2025-03-11T21:24:03.840047+00:00,f0d00c4983614291b938804a9df6b127
2019-04-12,71.2,71.2,ft^3/s,Approved,[],2025-03-11T21:24:03.840047+00:00,f0d00c4983614291b938804a9df6b127
2019-04-13,70.0,70.0,ft^3/s,Approved,[],2025-03-11T21:24:03.840047+00:00,f0d00c4983614291b938804a9df6b127
2019-04-14,69.5,69.5,ft^3/s,Approved,[],2025-03-11T21:24:03.840047+00:00,f0d00c4983614291b938804a9df6b127
2019-04-15,71.2,71.2,ft^3/s,Approved,[],2025-03-11T21:24:03.840047+00:00,f0d00c4983614291b938804a9df6b127
2019-04-16,67.2,67.2,ft^3/s,Approved,[],2025-03-11T21:24:03.840047+00:00,f0d00c4983614291b938804a9df6b127
2019-04-17,68.7,68.7,ft^3/s,Approved,[],2025-03-11T21:24:03.840047+00:00,f0d00c4983614291b938804a9df6b127
2019-04-18,75.5,75.5,ft^3/s,Approved,[],2025-03-11T21:24:03.840047+00:00,f0d00c4983614291b938804a9df6b127
2019-04-19,85.4,85.4,ft^3/s,Approved,[],2025-03-11T21:24:03.840047+00:00,f0d00c4983614291b938804a9df6b127
2019-04-20,83.2,83.2,ft^3/s,Approved,[],2025-03-11T21:24:03.840047+00:00,f0d00c4983614291b938804a9df6b127
2019-04-21,79.7,79.7,ft^3/s,Approved,[],2025-03-11T21:24:03.840047+00:00,f0d00c4983614291b938804a9df6b127
2019-04-22,78.3,78.3,ft^3/s,Approved,[],2025-03-11T21:24:03.840047+00:00,f0d00c4983614291b938804a9df6b127
2019-04-23,75.8,75.8,ft^3/s,Approved,[],2025-03-11T21:24:03.840047+00:00,f0d00c4983614291b938804a9df6b127
2019-04-24,74.0,74.0,ft^3/s,Approved,[],2025-03-11T21:24:03.840047+00:00,f0d00c4983614291b938804a9df6b127
2019-04-25,73.8,73.8,ft^3/s,Approved,[],2025-03-11T21:24:03.840047+00:00,f0d00c4983614291b938804a9df6b127
2019-04-26,76.8,76.8,ft^3/s,Approved,[],2025-03-11T21:24:03.840047+00:00,f0d00c4983614291b938804a9df6b127
2019-04-27,73.2,73.2,ft^3/s,Approved,[],2025-03-11T21:24:03.840047+00:00,f0d00c4983614291b938804a9df6b127
2019-04-28,68.9,68.9,ft^3/s,Approved,[],2025-03-11T21:24:03.840047+00:00,f0d00c4983614291b938804a9df6b127
2019-04-29,65.8,65.8,ft^3/s,Approved,[],2025-03-11T21:24:03.840047+00:00,f0d00c4983614291b938804a9df6b127
2019-04-30,64.9,64.9,ft^3/s,Approved,[],2025-03-11T21:24:03.840047+00:00,f0d00c4983614291b938804a9df6b127
2019-05-01,64.6,64.6,ft^3/s,Approved,[],2025-03-11T21:24:03.840047+00:00,f0d00c4983614291b938804a9df6b127
2019-05-02,63.5,63.5,ft^3/s,Approved,[],2025-03-11T21:24:03.840047+00:00,f0d00c4983614291b938804a9df6b127
2019-05-03,69.1,69.1,ft^3/s,Approved,[],2025-03-11T21:24:03.840047+00:00,f0d00c4983614291b938804a9df6b127
2019-05-04,110.0,110,ft^3/s,Approved,[],2025-03-11T21:24:03.840047+00:00,f0d00c4983614291b938804a9df6b127
2019-05-05,91.0,91.0,ft^3/s,Approved,[],2025-03-11T21:24:03.840047+00:00,f0d00c4983614291b938804a9df6b127
2019-05-06,91.8,91.8,ft^3/s,Approved,[],2025-03-11T21:24:03.840047+00:00,f0d00c4983614291b938804a9df6b127
2019-05-07,90.0,90.0,ft^3/s,Approved,[],2025-03-11T21:24:03.840047+00:00,f0d00c4983614291b938804a9df6b127
2019-05-08,107.0,107,ft^3/s,Approved,[],2025-03-11T21:24:03.840047+00:00,f0d00c4983614291b938804a9df6b127
2019-05-09,124.0,124,ft^3/s,Approved,[],2025-03-11T21:24:03.840047+00:00,f0d00c4983614291b938804a9df6b127
2019-05-10,137.0,137,ft^3/s,Approved,[],2025-03-11T21:24:03.840047+00:00,f0d00c4983614291b938804a9df6b127
2019-05-11,115.0,115,ft^3/s,Approved,[],2025-03-11T21:24:03.840047+00:00,f0d00c4983614291b938804a9df6b127
2019-05-12,107.0,107,ft^3/s,Approved,[],2025-03-11T21:24:03.840047+00:00,f0d00c4983614291b938804a9df6b127
2019-05-13,101.0,101,ft^3/s,Approved,[],2025-03-11T21:24:03.840047+00:00,f0d00c4983614291b938804a9df6b127
2019-05-14,98.6,98.6,ft^3/s,Approved,[],2025-03-11T21:24:03.840047+00:00,f0d00c4983614291b938804a9df6b127
2019-05-15,95.7,95.7,ft^3/s,Approved,[],2025-03-11T21:24:03.840047+00:00,f0d00c4983614291b938804a9df6b127
2019-05-16,91.2,91.2,ft^3/s,Approved,[],2025-03-11T21:24:03.840047+00:00,f0d00c4983614291b938804a9df6b127
2019-05-17,89.5,89.5,ft^3/s,Approved,[],2025-03-11T21:24:03.840047+00:00,f0d00c4983614291b938804a9df6b127
2019-05-18,87.8,87.8,ft^3/s,Approved,[],2025-03-11T21:24:03.840047+00:00,f0d00c4983614291b938804a9df6b127
2019-05-19,86.7,86.7,ft^3/s,Approved,[],2025-03-11T21:24:03.840047+00:00,f0d00c4983614291b938804a9df6b127
2019-05-20,86.0,86.0,ft^3/s,Approved,[],2025-03-11T21:24:03.840047+00:00,f0d00c4983614291b938804a9df6b127
2019-05-21,84.6,84.6,ft^3/s,Approved,[],2025-03-11T21:24:03.840047+00:00,f0d00c4983614291b938804a9df6b127
2019-05-22,82.7,82.7,ft^3/s,Approved,[],2025-03-11T21:24:03.840047+00:00,f0d00c4983614291b938804a9df6b127
2019-05-23,83.2,83.2,ft^3/s,Approved,[],2025-03-11T21:24:03.840047+00:00,f0d00c4983614291b938804a9df6b127
2019-05-24,83.2,83.2,ft^3/s,Approved,[],2025-03-11T21:24:03.840047+00:00,f0d00c4983614291b938804a9df6b127
2019-05-25,82.6,82.6,ft^3/s,Approved,[],2025-03-11T21:24:03.840047+00:00,f0d00c4983614291b938804a9df6b127
2019-05-26,82.7,82.7,ft^3/s,Approved,[],2025-03-11T21:24:03.840047+00:00,f0d00c4983614291b938804a9df6b127
2019-05-27,82.5,82.5,ft^3/s,Approved,[],2025-03-11T21:24:03.840047+00:00,f0d00c4983614291b938804a9df6b127
2019-05-28,82.1,82.1,ft^3/s,Approved,[],2025-03-11T21:24:03.840047+00:00,f0d00c4983614291b938804a9df6b127
2019-05-29,80.6,80.6,ft^3/s,Approved,[],2025-03-11T21:24:03.840047+00:00,f0d00c4983614291b938804a9df6b127
2019-05-30,80.3,80.3,ft^3/s,Approved,[],2025-03-11T21:24:03.840047+00:00,f0d00c4983614291b938804a9df6b127
2019-05-31,79.7,79.7,ft^3/s,Approved,[],2025-03-11T21:24:03.840047+00:00,f0d00c4983614291b938804a9df6b127
2019-06-01,79.0,79.0,ft^3/s,Approved,[],2025-03-11T21:24:03.840047+00:00,f0d00c4983614291b938804a9df6b127
2019-06-02,78.2,78.2,ft^3/s,Approved,[],2025-03-11T21:24:03.840047+00:00,f0d00c4983614291b938804a9df6b127
2019-06-03,76.4,76.4,ft^3/s,Approved,[],2025-03-11T21:24:03.840047+00:00,f0d00c4983614291b938804a9df6b127
2019-06-04,76.1,76.1,ft^3/s,Approved,[],2025-03-11T21:24:03.840047+00:00,f0d00c4983614291b938804a9df6b127
2019-06-05,76.0,76.0,ft^3/s,Approved,[],2025-03-11T21:24:03.840047+00:00,f0d00c4983614291b938804a9df6b127
2019-06-06,75.5,75.5,ft^3/s,Approved,[],2025-03-11T21:24:03.840047+00:00,f0d00c4983614291b938804a9df6b127
2019-06-07,79.3,79.3,ft^3/s,Approved,[],2025-03-11T21:24:03.840047+00:00,f0d00c4983614291b938804a9df6b127
2019-06-08,80.7,80.7,ft^3/s,Approved,[],2025-03-11T21:24:03.840047+00:00,f0d00c4983614291b938804a9df6b127
2019-06-09,79.2,79.2,ft^3/s,Approved,[],2025-03-11T21:24:03.840047+00:00,f0d00c4983614291b938804a9df6b127
2019-06-10,75.8,75.8,ft^3/s,Approved,[],2025-03-11T21:24:03.840047+00:00,f0d00c4983614291b938804a9df6b127
2019-06-11,73.8,73.8,ft^3/s,Approved,[],2025-03-11T21:24:03.840047+00:00,f0d00c4983614291b938804a9df6b127
2019-06-12,74.3,74.3,ft^3/s,Approved,[],2025-03-11T21:24:03.840047+00:00,f0d00c4983614291b938804a9df6b127
2019-06-13,73.5,73.5,ft^3/s,Approved,[],2025-03-11T21:24:03.840047+00:00,f0d00c4983614291b938804a9df6b127
2019-06-14,72.6,72.6,ft^3/s,Approved,[],2025-03-11T21:24:03.840047+00:00,f0d00c4983614291b938804a9df6b127
2019-06-15,70.4,70.4,ft^3/s,Approved,[],2025-03-11T21:24:03.840047+00:00,f0d00c4983614291b938804a9df6b127
2019-06-16,69.9,69.9,ft^3/s,Approved,[],2025-03-11T21:24:03.840047+00:00,f0d00c4983614291b938804a9df6b127
2019-06-17,70.3,70.3,ft^3/s,Approved,[],2025-03-11T21:24:03.840047+00:00,f0d00c4983614291b938804a9df6b127
2019-06-18,71.6,71.6,ft^3/s,Approved,[],2025-03-11T21:24:03.840047+00:00,f0d00c4983614291b938804a9df6b127
2019-06-19,71.2,71.2,ft^3/s,Approved,[],2025-03-11T21:24:03.840047+00:00,f0d00c4983614291b938804a9df6b127
2019-06-20,71.5,71.5,ft^3/s,Approved,[],2025-03-11T21:24:03.840047+00:00,f0d00c4983614291b938804a9df6b127
2019-06-21,69.9,69.9,ft^3/s,Approved,[],2025-03-11T21:24:03.840047+00:00,f0d00c4983614291b938804a9df6b127
2019-06-22,68.3,68.3,ft^3/s,Approved,[],2025-03-11T21:24:03.840047+00:00,f0d00c4983614291b938804a9df6b127
2019-06-23,67.8,67.8,ft^3/s,Approved,[],2025-03-11T21:24:03.840047+00:00,f0d00c4983614291b938804a9df6b127
2019-06-24,69.0,69.0,ft^3/s,Approved,[],2025-03-11T21:24:03.840047+00:00,f0d00c4983614291b938804a9df6b127
2019-06-25,75.1,75.1,ft^3/s,Approved,[],2025-03-11T21:24:03.840047+00:00,f0d00c4983614291b938804a9df6b127
2019-06-26,77.1,77.1,ft^3/s,Approved,[],2025-03-11T21:24:03.840047+00:00,f0d00c4983614291b938804a9df6b127
2019-06-27,81.4,81.4,ft^3/s,Approved,[],2025-03-11T21:24:03.840047+00:00,f0d00c4983614291b938804a9df6b127
2019-06-28,79.9,79.9,ft^3/s,Approved,[],2025-03-11T21:24:03.840047+00:00,f0d00c4983614291b938804a9df6b127
2019-06-29,78.2,78.2,ft^3/s,Approved,[],2025-03-11T21:24:03.840047+00:00,f0d00c4983614291b938804a9df6b127
2019-06-30,78.3,78.3,ft^3/s,Approved,[],2025-03-11T21:24:03.840047+00:00,f0d00c4983614291b938804a9df6b127
2019-07-01,78.7,78.7,ft^3/s,Approved,[],2025-03-11T21:24:03.840047+00:00,f0d00c4983614291b938804a9df6b127
2019-07-02,78.1,78.1,ft^3/s,Approved,[],2025-03-11T21:24:03.840047+00:00,f0d00c4983614291b938804a9df6b127
2019-07-03,77.8,77.8,ft^3/s,Approved,[],2025-03-11T21:24:03.840047+00:00,f0d00c4983614291b938804a9df6b127
2019-07-04,77.2,77.2,ft^3/s,Approved,[],2025-03-11T21:24:03.840047+00:00,f0d00c4983614291b938804a9df6b127
2019-07-05,76.3,76.3,ft^3/s,Approved,[],2025-03-11T21:24:03.840047+00:00,f0d00c4983614291b938804a9df6b127
2019-07-06,75.4,75.4,ft^3/s,Approved,[],2025-03-11T21:24:03.840047+00:00,f0d00c4983614291b938804a9df6b127
2019-07-07,74.6,74.6,ft^3/s,Approved,[],2025-03-11T21:24:03.840047+00:00,f0d00c4983614291b938804a9df6b127
2019-07-08,73.8,73.8,ft^3/s,Approved,[],2025-03-11T21:24:03.840047+00:00,f0d00c4983614291b938804a9df6b127
2019-07-09,73.0,73.0,ft^3/s,Approved,[],2025-03-11T21:24:03.840047+00:00,f0d00c4983614291b938804a9df6b127
2019-07-10,72.6,72.6,ft^3/s,Approved,[],2025-03-11T21:24:03.840047+00:00,f0d00c4983614291b938804a9df6b127
2019-07-11,71.6,71.6,ft^3/s,Approved,[],2025-03-11T21:24:03.840047+00:00,f0d00c4983614291b938804a9df6b127
2019-07-12,71.1,71.1,ft^3/s,Approved,[],2025-03-11T21:24:03.840047+00:00,f0d00c4983614291b938804a9df6b127
2019-07-13,70.5,70.5,ft^3/s,Approved,[],2025-03-11T21:24:03.840047+00:00,f0d00c4983614291b938804a9df6b127
2019-07-14,69.9,69.9,ft^3/s,Approved,[],2025-03-11T21:24:03.840047+00:00,f0d00c4983614291b938804a9df6b127
2019-07-15,69.8,69.8,ft^3/s,Approved,[],2025-03-11T21:24:03.840047+00:00,f0d00c4983614291b938804a9df6b127
2019-07-16,69.0,69.0,ft^3/s,Approved,[],2025-03-11T21:24:03.840047+00:00,f0d00c4983614291b938804a9df6b127
2019-07-17,69.7,69.7,ft^3/s,Approved,[],2025-03-11T21:24:03.840047+00:00,f0d00c4983614291b938804a9df6b127
2019-07-18,68.6,68.6,ft^3/s,Approved,[],2025-03-11T21:24:03.840047+00:00,f0d00c4983614291b938804a9df6b127
2019-07-19,67.9,67.9,ft^3/s,Approved,[],2025-03-11T21:24:03.840047+00:00,f0d00c4983614291b938804a9df6b127
2019-07-20,67.4,67.4,ft^3/s,Approved,[],2025-03-11T21:24:03.840047+00:00,f0d00c4983614291b938804a9df6b127
2019-07-21,68.1,68.1,ft^3/s,Approved,[],2025-03-11T21:24:03.840047+00:00,f0d00c4983614291b938804a9df6b127
2019-07-22,67.0,67.0,ft^3/s,Approved,[],2025-03-11T21:24:03.840047+00:00,f0d00c4983614291b938804a9df6b127
2019-07-23,64.6,64.6,ft^3/s,Approved,[],2025-03-11T21:24:03.840047+00:00,f0d00c4983614291b938804a9df6b127
2019-07-24,63.3,63.3,ft^3/s,Approved,[],2025-03-11T21:24:03.840047+00:00,f0d00c4983614291b938804a9df6b127
2019-07-25,64.6,64.6,ft^3/s,Approved,[],2025-03-11T21:24:03.840047+00:00,f0d00c4983614291b938804a9df6b127
2019-07-26,64.3,64.3,ft^3/s,Approved,[],2025-03-11T21:24:03.840047+00:00,f0d00c4983614291b938804a9df6b127
2019-07-27,64.5,64.5,ft^3/s,Approved,[],2025-03-11T21:24:03.840047+00:00,f0d00c4983614291b938804a9df6b127
2019-07-28,64.7,64.7,ft^3/s,Approved,[],2025-03-11T21:24:03.840047+00:00,f0d00c4983614291b938804a9df6b127
2019-07-29,63.9,63.9,ft^3/s,Approved,[],2025-03-11T21:24:03.840047+00:00,f0d00c4983614291b938804a9df6b127
2019-07-30,62.7,62.7,ft^3/s,Approved,[],2025-03-11T21:24:03.840047+00:00,f0d00c4983614291b938804a9df6b127
2019-07-31,61.7,61.7,ft^3/s,Approved,[],2025-03-11T21:24:03.840047+00:00,f0d00c4983614291b938804a9df6b127
2019-08-01,62.2,62.2,ft^3/s,Approved,[],2025-03-11T21:24:03.840047+00:00,f0d00c4983614291b938804a9df6b127
2019-08-02,61.8,61.8,ft^3/s,Approved,[],2025-03-11T21:24:03.840047+00:00,f0d00c4983614291b938804a9df6b127
2019-08-03,61.9,61.9,ft^3/s,Approved,[],2025-03-11T21:24:03.840047+00:00,f0d00c4983614291b938804a9df6b127
2019-08-04,61.9,61.9,ft^3/s,Approved,[],2025-03-11T21:24:03.840047+00:00,f0d00c4983614291b938804a9df6b127
2019-08-05,62.3,62.3,ft^3/s,Approved,[],2025-03-11T21:24:03.840047+00:00,f0d00c4983614291b938804a9df6b127
2019-08-06,61.5,61.5,ft^3/s,Approved,[],2025-03-11T21:24:03.840047+00:00,f0d00c4983614291b938804a9df6b127
2019-08-07,60.1,60.1,ft^3/s,Approved,[],2025-03-11T21:24:03.840047+00:00,f0d00c4983614291b938804a9df6b127
2019-08-08,59.1,59.1,ft^3/s,Approved,[],2025-03-11T21:24:03.840047+00:00,f0d00c4983614291b938804a9df6b127
2019-08-09,57.7,57.7,ft^3/s,Approved,[],2025-03-11T21:24:03.840047+00:00,f0d00c4983614291b938804a9df6b127
2019-08-10,57.4,57.4,ft^3/s,Approved,[],2025-03-11T21:24:03.840047+00:00,f0d00c4983614291b938804a9df6b127
2019-08-11,58.2,58.2,ft^3/s,Approved,[],2025-03-11T21:24:03.840047+00:00,f0d00c4983614291b938804a9df6b127
2019-08-12,57.1,57.1,ft^3/s,Approved,[],2025-03-11T21:24:03.840047+00:00,f0d00c4983614291b938804a9df6b127
2019-08-13,56.2,56.2,ft^3/s,Approved,[],2025-03-11T21:24:03.840047+00:00,f0d00c4983614291b938804a9df6b127
2019-08-14,55.8,55.8,ft^3/s,Approved,[],2025-03-11T21:24:03.840047+00:00,f0d00c4983614291b938804a9df6b127
2019-08-15,54.6,54.6,ft^3/s,Approved,[],2025-03-11T21:24:03.840047+00:00,f0d00c4983614291b938804a9df6b127
2019-08-16,53.4,53.4,ft^3/s,Approved,[],2025-03-11T21:24:03.840047+00:00,f0d00c4983614291b938804a9df6b127
2019-08-17,52.6,52.6,ft^3/s,Approved,[],2025-03-11T21:24:03.840047+00:00,f0d00c4983614291b938804a9df6b127
2019-08-18,51.8,51.8,ft^3/s,Approved,[],2025-03-11T21:24:03.840047+00:00,f0d00c4983614291b938804a9df6b127
2019-08-19,51.4,51.4,ft^3/s,Approved,[],2025-03-11T21:24:03.840047+00:00,f0d00c4983614291b938804a9df6b127
2019-08-20,51.0,51.0,ft^3/s,Approved,[],2025-03-11T21:24:03.840047+00:00,f0d00c4983614291b938804a9df6b127
2019-08-21,50.8,50.8,ft^3/s,Approved,[],2025-03-11T21:24:03.840047+00:00,f0d00c4983614291b938804a9df6b127
2019-08-22,50.3,50.3,ft^3/s,Approved,[],2025-03-11T21:24:03.840047+00:00,f0d00c4983614291b938804a9df6b127
2019-08-23,49.6,49.6,ft^3/s,Approved,[],2025-03-11T21:24:03.840047+00:00,f0d00c4983614291b938804a9df6b127
2019-08-24,49.1,49.1,ft^3/s,Approved,[],2025-03-11T21:24:03.840047+00:00,f0d00c4983614291b938804a9df6b127
2019-08-25,48.5,48.5,ft^3/s,Approved,[],2025-03-11T21:24:03.840047+00:00,f0d00c4983614291b938804a9df6b127
2019-08-26,47.8,47.8,ft^3/s,Approved,[],2025-03-11T21:24:03.840047+00:00,f0d00c4983614291b938804a9df6b127
2019-08-27,47.1,47.1,ft^3/s,Approved,[],2025-03-11T21:24:03.840047+00:00,f0d00c4983614291b938804a9df6b127
2019-08-28,46.3,46.3,ft^3/s,Approved,[],2025-03-11T21:24:03.840047+00:00,f0d00c4983614291b938804a9df6b127
2019-08-29,46.9,46.9,ft^3/s,Approved,[],2025-03-11T21:24:03.840047+00:00,f0d00c4983614291b938804a9df6b127
2019-08-30,46.9,46.9,ft^3/s,Approved,[],2025-03-11T21:24:03.840047+00:00,f0d00c4983614291b938804a9df6b127
2019-08-31,49.2,49.2,ft^3/s,Approved,[],2025-03-11T21:24:03.840047+00:00,f0d00c4983614291b938804a9df6b127
2019-09-01,49.5,49.5,ft^3/s,Approved,[],2025-03-11T21:24:03.840047+00:00,f0d00c4983614291b938804a9df6b127
2019-09-02,48.7,48.7,ft^3/s,Approved,[],2025-03-11T21:24:03.840047+00:00,f0d00c4983614291b938804a9df6b127
2019-09-03,50.6,50.6,ft^3/s,Approved,[],2025-03-11T21:24:03.840047+00:00,f0d00c4983614291b938804a9df6b127
2019-09-04,55.6,55.6,ft^3/s,Approved,[],2025-03-11T21:24:03.840047+00:00,f0d00c4983614291b938804a9df6b127
2019-09-05,62.8,62.8,ft^3/s,Approved,[],2025-03-11T21:24:03.840047+00:00,f0d00c4983614291b938804a9df6b127
2019-09-06,52.0,52.0,ft^3/s,Approved,[],2025-03-11T21:24:03.840047+00:00,f0d00c4983614291b938804a9df6b127
2019-09-07,47.2,47.2,ft^3/s,Approved,[],2025-03-11T21:24:03.840047+00:00,f0d00c4983614291b938804a9df6b127
2019-09-08,49.3,49.3,ft^3/s,Approved,[],2025-03-11T21:24:03.840047+00:00,f0d00c4983614291b938804a9df6b127
2019-09-09,52.8,52.8,ft^3/s,Approved,[],2025-03-11T21:24:03.840047+00:00,f0d00c4983614291b938804a9df6b127
2019-09-10,50.7,50.7,ft^3/s,Approved,[],2025-03-11T21:24:03.840047+00:00,f0d00c4983614291b938804a9df6b127
2019-09-11,49.8,49.8,ft^3/s,Approved,[],2025-03-11T21:24:03.840047+00:00,f0d00c4983614291b938804a9df6b127
2019-09-12,47.5,47.5,ft^3/s,Approved,[],2025-03-11T21:24:03.840047+00:00,f0d00c4983614291b938804a9df6b127
2019-09-13,45.1,45.1,ft^3/s,Approved,[],2025-03-11T21:24:03.840047+00:00,f0d00c4983614291b938804a9df6b127
2019-09-14,43.2,43.2,ft^3/s,Approved,[],2025-03-11T21:24:03.840047+00:00,f0d00c4983614291b938804a9df6b127
2019-09-15,43.5,43.5,ft^3/s,Approved,[],2025-03-11T21:24:03.840047+00:00,f0d00c4983614291b938804a9df6b127
2019-09-16,42.2,42.2,ft^3/s,Approved,[],2025-03-11T21:24:03.840047+00:00,f0d00c4983614291b938804a9df6b127
2019-09-17,40.9,40.9,ft^3/s,Approved,[],2025-03-11T21:24:03.840047+00:00,f0d00c4983614291b938804a9df6b127
2019-09-18,40.9,40.9,ft^3/s,Approved,[],2025-03-11T21:24:03.840047+00:00,f0d00c4983614291b938804a9df6b127
2019-09-19,39.7,39.7,ft^3/s,Approved,[],2025-03-11T21:24:03.840047+00:00,f0d00c4983614291b938804a9df6b127
2019-09-20,38.7,38.7,ft^3/s,Approved,[],2025-03-11T21:24:03.840047+00:00,f0d00c4983614291b938804a9df6b127
2019-09-21,38.3,38.3,ft^3/s,Approved,[],2025-03-11T21:24:03.840047+00:00,f0d00c4983614291b938804a9df6b127
2019-09-22,36.8,36.8,ft^3/s,Approved,[],2025-03-11T21:24:03.840047+00:00,f0d00c4983614291b938804a9df6b127
2019-09-23,36.3,36.3,ft^3/s,Approved,[],2025-03-11T21:24:03.840047+00:00,f0d00c4983614291b938804a9df6b127
2019-09-24,35.8,35.8,ft^3/s,Approved,[],2025-03-11T21:24:03.840047+00:00,f0d00c4983614291b938804a9df6b127
2019-09-25,35.2,35.2,ft^3/s,Approved,[],2025-03-11T21:24:03.840047+00:00,f0d00c4983614291b938804a9df6b127
2019-09-26,34.4,34.4,ft^3/s,Approved,[],2025-03-11T21:24:03.840047+00:00,f0d00c4983614291b938804a9df6b127
2019-09-27,34.6,34.6,ft^3/s,Approved,[],2025-03-11T21:24:03.840047+00:00,f0d00c4983614291b938804a9df6b127
2019-09-28,36.9,36.9,ft^3/s,Approved,[],2025-03-11T21:24:03.840047+00:00,f0d00c4983614291b938804a9df6b127
2019-09-29,35.8,35.8,ft^3/s,Approved,[],2025-03-11T21:24:03.840047+00:00,f0d00c4983614291b938804a9df6b127
2019-09-30,36.8,36.8,ft^3/s,Approved,[],2025-03-11T21:24:03.840047+00:00,f0d00c4983614291b938804a9df6b127
2019-10-01,38.9,38.9,ft^3/s,Approved,[],2025-03-11T21:24:03.840047+00:00,f0d00c4983614291b938804a9df6b127
2019-10-02,39.0,39.0,ft^3/s,Approved,[],2025-03-11T21:24:03.840047+00:00,f0d00c4983614291b938804a9df6b127
2019-10-03,35.1,35.1,ft^3/s,Approved,[],2025-03-11T21:24:03.840047+00:00,f0d00c4983614291b938804a9df6b127
2019-10-04,34.4,34.4,ft^3/s,Approved,[],2025-03-11T21:24:03.840047+00:00,f0d00c4983614291b938804a9df6b127
2019-10-05,34.5,34.5,ft^3/s,Approved,[],2025-03-11T21:24:03.840047+00:00,f0d00c4983614291b938804a9df6b127
2019-10-06,33.0,33.0,ft^3/s,Approved,[],2025-03-11T21:24:03.840047+00:00,f0d00c4983614291b938804a9df6b127
2019-10-07,31.5,31.5,ft^3/s,Approved,[],2025-03-11T21:24:03.840047+00:00,f0d00c4983614291b938804a9df6b127
2019-10-08,32.7,32.7,ft^3/s,Approved,[],2025-03-11T21:24:03.840047+00:00,f0d00c4983614291b938804a9df6b127
2019-10-09,31.9,31.9,ft^3/s,Approved,[],2025-03-11T21:24:03.840047+00:00,f0d00c4983614291b938804a9df6b127
2019-10-10,33.1,33.1,ft^3/s,Approved,[],2025-03-11T21:24:03.840047+00:00,f0d00c4983614291b938804a9df6b127
2019-10-11,33.7,33.7,ft^3/s,Approved,[],2025-03-11T21:24:03.840047+00:00,f0d00c4983614291b938804a9df6b127
2019-10-12,29.8,29.8,ft^3/s,Approved,[],2025-03-11T21:24:03.840047+00:00,f0d00c4983614291b938804a9df6b127
2019-10-13,29.0,29.0,ft^3/s,Approved,[],2025-03-11T21:24:03.840047+00:00,f0d00c4983614291b938804a9df6b127
2019-10-14,30.1,30.1,ft^3/s,Approved,[],2025-03-11T21:24:03.840047+00:00,f0d00c4983614291b938804a9df6b127
2019-10-15,31.6,31.6,ft^3/s,Approved,[],2025-03-11T21:24:03.840047+00:00,f0d00c4983614291b938804a9df6b127
2019-10-16,33.9,33.9,ft^3/s,Approved,[],2025-03-11T21:24:03.840047+00:00,f0d00c4983614291b938804a9df6b127
2019-10-17,32.6,32.6,ft^3/s,Approved,[],2025-03-11T21:24:03.840047+00:00,f0d00c4983614291b938804a9df6b127
2019-10-18,31.2,31.2,ft^3/s,Approved,[],2025-03-11T21:24:03.840047+00:00,f0d00c4983614291b938804a9df6b127
2019-10-19,28.6,28.6,ft^3/s,Approved,[],2025-03-11T21:24:03.840047+00:00,f0d00c4983614291b938804a9df6b127
2019-10-20,27.5,27.5,ft^3/s,Approved,[],2025-03-11T21:24:03.840047+00:00,f0d00c4983614291b938804a9df6b127
2019-10-21,27.2,27.2,ft^3/s,Approved,[],2025-03-11T21:24:03.840047+00:00,f0d00c4983614291b938804a9df6b127
2019-10-22,26.4,26.4,ft^3/s,Approved,[],2025-03-11T21:24:03.840047+00:00,f0d00c4983614291b938804a9df6b127
2019-10-23,26.0,26.0,ft^3/s,Approved,[],2025-03-11T21:24:03.840047+00:00,f0d00c4983614291b938804a9df6b127
2019-10-24,26.5,26.5,ft^3/s,Approved,[],2025-03-11T21:24:03.840047+00:00,f0d00c4983614291b938804a9df6b127
2019-10-25,70.0,70.0,ft^3/s,Approved,[],2025-03-11T21:24:03.840047+00:00,f0d00c4983614291b938804a9df6b127
2019-10-26,59.2,59.2,ft^3/s,Approved,[],2025-03-11T21:24:03.840047+00:00,f0d00c4983614291b938804a9df6b127
2019-10-27,47.5,47.5,ft^3/s,Approved,[],2025-03-11T21:24:03.840047+00:00,f0d00c4983614291b938804a9df6b127
2019-10-28,45.8,45.8,ft^3/s,Approved,[],2025-03-11T21:24:03.840047+00:00,f0d00c4983614291b938804a9df6b127
2019-10-29,43.8,43.8,ft^3/s,Approved,[],2025-03-11T21:24:03.840047+00:00,f0d00c4983614291b938804a9df6b127
2019-10-30,39.5,39.5,ft^3/s,Approved,[],2025-03-11T21:24:03.840047+00:00,f0d00c4983614291b938804a9df6b127
2019-10-31,37.6,37.6,ft^3/s,Approved,[],2025-03-11T21:24:03.840047+00:00,f0d00c4983614291b938804a9df6b127
2019-11-01,30.9,30.9,ft^3/s,Approved,[],2025-03-11T21:24:03.840047+00:00,f0d00c4983614291b938804a9df6b127
2019-11-02,31.0,31.0,ft^3/s,Approved,[],2025-03-11T21:24:03.840047+00:00,f0d00c4983614291b938804a9df6b127
2019-11-03,30.1,30.1,ft^3/s,Approved,[],2025-03-11T21:24:03.840047+00:00,f0d00c4983614291b938804a9df6b127
2019-11-04,28.9,28.9,ft^3/s,Approved,[],2025-03-11T21:24:03.840047+00:00,f0d00c4983614291b938804a9df6b127
2019-11-05,31.8,31.8,ft^3/s,Approved,[],2025-03-11T21:24:03.840047+00:00,f0d00c4983614291b938804a9df6b127
2019-11-06,31.8,31.8,ft^3/s,Approved,[],2025-03-11T21:24:03.840047+00:00,f0d00c4983614291b938804a9df6b127
2019-11-07,31.9,31.9,ft^3/s,Approved,[],2025-03-11T21:24:03.840047+00:00,f0d00c4983614291b938804a9df6b127
2019-11-08,31.1,31.1,ft^3/s,Approved,[],2025-03-11T21:24:03.840047+00:00,f0d00c4983614291b938804a9df6b127
2019-11-09,29.9,29.9,ft^3/s,Approved,[],2025-03-11T21:24:03.840047+00:00,f0d00c4983614291b938804a9df6b127
2019-11-10,32.3,32.3,ft^3/s,Approved,[],2025-03-11T21:24:03.840047+00:00,f0d00c4983614291b938804a9df6b127
2019-11-11,32.9,32.9,ft^3/s,Approved,[],2025-03-11T21:24:03.840047+00:00,f0d00c4983614291b938804a9df6b127
2019-11-12,26.5,26.5,ft^3/s,Approved,[],2025-03-11T21:24:03.840047+00:00,f0d00c4983614291b938804a9df6b127
2019-11-13,26.3,26.3,ft^3/s,Approved,[],2025-03-11T21:24:03.840047+00:00,f0d00c4983614291b938804a9df6b127
2019-11-14,25.9,25.9,ft^3/s,Approved,[],2025-03-11T21:24:03.840047+00:00,f0d00c4983614291b938804a9df6b127
2019-11-15,25.7,25.7,ft^3/s,Approved,[],2025-03-11T21:24:03.840047+00:00,f0d00c4983614291b938804a9df6b127
2019-11-16,25.7,25.7,ft^3/s,Approved,[],2025-03-11T21:24:03.840047+00:00,f0d00c4983614291b938804a9df6b127
2019-11-17,25.6,25.6,ft^3/s,Approved,[],2025-03-11T21:24:03.840047+00:00,f0d00c4983614291b938804a9df6b127
2019-11-18,25.5,25.5,ft^3/s,Approved,[],2025-03-11T21:24:03.840047+00:00,f0d00c4983614291b938804a9df6b127
2019-11-19,25.2,25.2,ft^3/s,Approved,[],2025-03-11T21:24:03.840047+00:00,f0d00c4983614291b938804a9df6b127
2019-11-20,25.2,25.2,ft^3/s,Approved,[],2025-03-11T21:24:03.840047+00:00,f0d00c4983614291b938804a9df6b127
2019-11-21,24.9,24.9,ft^3/s,Approved,[],2025-03-11T21:24:03.840047+00:00,f0d00c4983614291b938804a9df6b127
2019-11-22,24.8,24.8,ft^3/s,Approved,[],2025-03-11T21:24:03.840047+00:00,f0d00c4983614291b938804a9df6b127
2019-11-23,24.5,24.5,ft^3/s,Approved,[],2025-03-11T21:24:03.840047+00:00,f0d00c4983614291b938804a9df6b127
2019-11-24,24.2,24.2,ft^3/s,Approved,[],2025-03-11T21:24:03.840047+00:00,f0d00c4983614291b938804a9df6b127
2019-11-25,23.9,23.9,ft^3/s,Approved,[],2025-03-11T21:24:03.840047+00:00,f0d00c4983614291b938804a9df6b127
2019-11-26,23.7,23.7,ft^3/s,Approved,[],2025-03-11T21:24:03.840047+00:00,f0d00c4983614291b938804a9df6b127
2019-11-27,22.3,22.3,ft^3/s,Approved,[],2025-03-11T21:24:03.840047+00:00,f0d00c4983614291b938804a9df6b127
2019-11-28,22.4,22.4,ft^3/s,Approved,[],2025-03-11T21:24:03.840047+00:00,f0d00c4983614291b938804a9df6b127
2019-11-29,22.5,22.5,ft^3/s,Approved,[],2025-03-11T21:24:03.840047+00:00,f0d00c4983614291b938804a9df6b127
2019-11-30,23.4,23.4,ft^3/s,Approved,[],2025-03-11T21:24:03.840047+00:00,f0d00c4983614291b938804a9df6b127
2019-12-01,22.9,22.9,ft^3/s,Approved,[],2025-03-11T21:24:03.840047+00:00,f0d00c4983614291b938804a9df6b127
2019-12-02,21.7,21.7,ft^3/s,Approved,[],2025-03-11T21:24:03.840047+00:00,f0d00c4983614291b938804a9df6b127
2019-12-03,21.5,21.5,ft^3/s,Approved,[],2025-03-11T21:24:03.840047+00:00,f0d00c4983614291b938804a9df6b127
2019-12-04,21.3,21.3,ft^3/s,Approved,[],2025-03-11T21:24:03.840047+00:00,f0d00c4983614291b938804a9df6b127
2019-12-05,21.3,21.3,ft^3/s,Approved,[],2025-03-11T21:24:03.840047+00:00,f0d00c4983614291b938804a9df6b127
2019-12-06,21.5,21.5,ft^3/s,Approved,[],2025-03-11T21:24:03.840047+00:00,f0d00c4983614291b938804a9df6b127
2019-12-07,21.2,21.2,ft^3/s,Approved,[],2025-03-11T21:24:03.840047+00:00,f0d00c4983614291b938804a9df6b127
2019-12-08,23.8,23.8,ft^3/s,Approved,[],2025-03-11T21:24:03.840047+00:00,f0d00c4983614291b938804a9df6b127
2019-12-09,24.1,24.1,ft^3/s,Approved,[],2025-03-11T21:24:03.840047+00:00,f0d00c4983614291b938804a9df6b127
2019-12-10,22.6,22.6,ft^3/s,Approved,[],2025-03-11T21:24:03.840047+00:00,f0d00c4983614291b938804a9df6b127
2019-12-11,21.9,21.9,ft^3/s,Approved,[],2025-03-11T21:24:03.840047+00:00,f0d00c4983614291b938804a9df6b127
2019-12-12,22.5,22.5,ft^3/s,Approved,[],2025-03-11T21:24:03.840047+00:00,f0d00c4983614291b938804a9df6b127
2019-12-13,23.3,23.3,ft^3/s,Approved,[],2025-03-11T21:24:03.840047+00:00,f0d00c4983614291b938804a9df6b127
2019-12-14,23.1,23.1,ft^3/s,Approved,[],2025-03-11T21:24:03.840047+00:00,f0d00c4983614291b938804a9df6b127
2019-12-15,22.2,22.2,ft^3/s,Approved,[],2025-03-11T21:24:03.840047+00:00,f0d00c4983614291b938804a9df6b127
2019-12-16,20.1,20.1,ft^3/s,Approved,[],2025-03-11T21:24:03.840047+00:00,f0d00c4983614291b938804a9df6b127
2019-12-17,21.0,21.0,ft^3/s,Approved,[],2025-03-11T21:24:03.840047+00:00,f0d00c4983614291b938804a9df6b127
2019-12-18,19.0,19.0,ft^3/s,Approved,[],2025-03-11T21:24:03.840047+00:00,f0d00c4983614291b938804a9df6b127
2019-12-19,19.1,19.1,ft^3/s,Approved,[],2025-03-11T21:24:03.840047+00:00,f0d00c4983614291b938804a9df6b127
2019-12-20,19.8,19.8,ft^3/s,Approved,[],2025-03-11T21:24:03.840047+00:00,f0d00c4983614291b938804a9df6b127
2019-12-21,20.2,20.2,ft^3/s,Approved,[],2025-03-11T21:24:03.840047+00:00,f0d00c4983614291b938804a9df6b127
2019-12-22,20.1,20.1,ft^3/s,Approved,[],2025-03-11T21:24:03.840047+00:00,f0d00c4983614291b938804a9df6b127
2019-12-23,18.3,18.3,ft^3/s,Approved,[],2025-03-11T21:24:03.840047+00:00,f0d00c4983614291b938804a9df6b127
2019-12-24,18.4,18.4,ft^3/s,Approved,[],2025-03-11T21:24:03.840047+00:00,f0d00c4983614291b938804a9df6b127
2019-12-25,18.9,18.9,ft^3/s,Approved,[],2025-03-11T21:24:03.840047+00:00,f0d00c4983614291b938804a9df6b127
2019-12-26,18.6,18.6,ft^3/s,Approved,[],2025-03-11T21:24:03.840047+00:00,f0d00c4983614291b938804a9df6b127
2019-12-27,18.5,18.5,ft^3/s,Approved,[],2025-03-11T21:24:03.840047+00:00,f0d00c4983614291b938804a9df6b127
2019-12-28,18.6,18.6,ft^3/s,Approved,[],2025-03-11T21:24:03.840047+00:00,f0d00c4983614291b938804a9df6b127
2019-12-29,18.2,18.2,ft^3/s,Approved,[],2025-03-11T21:24:03.840047+00:00,f0d00c4983614291b938804a9df6b127
2019-12-30,17.2,17.2,ft^3/s,Approved,[],2025-03-11T21:24:03.840047+00:00,f0d00c4983614291b938804a9df6b127
2019-12-31,16.9,16.9,ft^3/s,Approved,[],2025-03-11T21:24:03.840047+00:00,f0d00c4983614291b938804a9df6b127
2020-01-01,16.8,16.8,ft^3/s,Approved,[],2025-03-11T21:24:03.840047+00:00,f0d00c4983614291b938804a9df6b127
2020-01-02,16.0,16.0,ft^3/s,Approved,[],2025-03-11T21:24:03.840047+00:00,f0d00c4983614291b938804a9df6b127
2020-01-03,15.7,15.7,ft^3/s,Approved,[],2025-03-11T21:24:03.840047+00:00,f0d00c4983614291b938804a9df6b127
2020-01-04,15.3,15.3,ft^3/s,Approved,[],2025-03-11T21:24:03.840047+00:00,f0d00c4983614291b938804a9df6b127
2020-01-05,15.1,15.1,ft^3/s,Approved,[],2025-03-11T21:24:03.840047+00:00,f0d00c4983614291b938804a9df6b127
2020-01-06,15.1,15.1,ft^3/s,Approved,[],2025-03-11T21:24:03.840047+00:00,f0d00c4983614291b938804a9df6b127
2020-01-07,14.7,14.7,ft^3/s,Approved,[],2025-03-11T21:24:03.840047+00:00,f0d00c4983614291b938804a9df6b127
2020-01-08,14.7,14.7,ft^3/s,Approved,[],2025-03-11T21:24:03.840047+00:00,f0d00c4983614291b938804a9df6b127
2020-01-09,14.8,14.8,ft^3/s,Approved,[],2025-03-11T21:24:03.840047+00:00,f0d00c4983614291b938804a9df6b127
2020-01-10,14.8,14.8,ft^3/s,Approved,[],2025-03-11T21:24:03.840047+00:00,f0d00c4983614291b938804a9df6b127
2020-01-11,15.0,15.0,ft^3/s,Approved,[],2025-03-11T21:24:03.840047+00:00,f0d00c4983614291b938804a9df6b127
2020-01-12,14.8,14.8,ft^3/s,Approved,[],2025-03-11T21:24:03.840047+00:00,f0d00c4983614291b938804a9df6b127
2020-01-13,14.7,14.7,ft^3/s,Approved,[],2025-03-11T21:24:03.840047+00:00,f0d00c4983614291b938804a9df6b127
2020-01-14,14.6,14.6,ft^3/s,Approved,[],2025-03-11T21:24:03.840047+00:00,f0d00c4983614291b938804a9df6b127
2020-01-15,14.5,14.5,ft^3/s,Approved,[],2025-03-11T21:24:03.840047+00:00,f0d00c4983614291b938804a9df6b127
2020-01-16,14.4,14.4,ft^3/s,Approved,[],2025-03-11T21:24:03.840047+00:00,f0d00c4983614291b938804a9df6b127
2020-01-17,15.1,15.1,ft^3/s,Approved,[],2025-03-11T21:24:03.840047+00:00,f0d00c4983614291b938804a9df6b127
2020-01-18,16.0,16.0,ft^3/s,Approved,[],2025-03-11T21:24:03.840047+00:00,f0d00c4983614291b938804a9df6b127
2020-01-19,15.7,15.7,ft^3/s,Approved,[],2025-03-11T21:24:03.840047+00:00,f0d00c4983614291b938804a9df6b127
2020-01-20,15.3,15.3,ft^3/s,Approved,[],2025-03-11T21:24:03.840047+00:00,f0d00c4983614291b938804a9df6b127
2020-01-21,15.1,15.1,ft^3/s,Approved,[],2025-03-11T21:24:03.840047+00:00,f0d00c4983614291b938804a9df6b127
2020-01-22,17.3,17.3,ft^3/s,Approved,[],2025-03-11T21:24:03.840047+00:00,f0d00c4983614291b938804a9df6b127
2020-01-23,17.9,17.9,ft^3/s,Approved,[],2025-03-11T21:24:03.840047+00:00,f0d00c4983614291b938804a9df6b127
2020-01-24,17.3,17.3,ft^3/s,Approved,[],2025-03-11T21:24:03.840047+00:00,f0d00c4983614291b938804a9df6b127
2020-01-25,17.7,17.7,ft^3/s,Approved,[],2025-03-11T21:24:03.840047+00:00,f0d00c4983614291b938804a9df6b127
2020-01-26,18.0,18.0,ft^3/s,Approved,[],2025-03-11T21:24:03.840047+00:00,f0d00c4983614291b938804a9df6b127
2020-01-27,17.5,17.5,ft^3/s,Approved,[],2025-03-11T21:24:03.840047+00:00,f0d00c4983614291b938804a9df6b127
2020-01-28,17.4,17.4,ft^3/s,Approved,[],2025-03-11T21:24:03.840047+00:00,f0d00c4983614291b938804a9df6b127
2020-01-29,18.1,18.1,ft^3/s,Approved,[],2025-03-11T21:24:03.840047+00:00,f0d00c4983614291b938804a9df6b127
2020-01-30,18.7,18.7,ft^3/s,Approved,[],2025-03-11T21:24:03.840047+00:00,f0d00c4983614291b938804a9df6b127
2020-01-31,17.0,17.0,ft^3/s,Approved,[],2025-03-11T21:24:03.840047+00:00,f0d00c4983614291b938804a9df6b127
2020-02-01,16.0,16.0,ft^3/s,Approved,[],2025-03-11T21:24:03.840047+00:00,f0d00c4983614291b938804a9df6b127
2020-02-02,16.3,16.3,ft^3/s,Approved,[],2025-03-11T21:24:03.840047+00:00,f0d00c4983614291b938804a9df6b127
2020-02-03,16.6,16.6,ft^3/s,Approved,[],2025-03-11T21:24:03.840047+00:00,f0d00c4983614291b938804a9df6b127
2020-02-04,16.4,16.4,ft^3/s,Approved,[],2025-03-11T21:24:03.840047+00:00,f0d00c4983614291b938804a9df6b127
2020-02-05,15.7,15.7,ft^3/s,Approved,[],2025-03-11T21:24:03.840047+00:00,f0d00c4983614291b938804a9df6b127
2020-02-06,15.5,15.5,ft^3/s,Approved,[],2025-03-11T21:24:03.840047+00:00,f0d00c4983614291b938804a9df6b127
2020-02-07,15.5,15.5,ft^3/s,Approved,[],2025-03-11T21:24:03.840047+00:00,f0d00c4983614291b938804a9df6b127
2020-02-08,17.2,17.2,ft^3/s,Approved,[],2025-03-11T21:24:03.840047+00:00,f0d00c4983614291b938804a9df6b127
2020-02-09,16.0,16.0,ft^3/s,Approved,[],2025-03-11T21:24:03.840047+00:00,f0d00c4983614291b938804a9df6b127
2020-02-10,18.0,18.0,ft^3/s,Approved,[],2025-03-11T21:24:03.840047+00:00,f0d00c4983614291b938804a9df6b127
2020-02-11,17.4,17.4,ft^3/s,Approved,[],2025-03-11T21:24:03.840047+00:00,f0d00c4983614291b938804a9df6b127
2020-02-12,19.8,19.8,ft^3/s,Approved,[],2025-03-11T21:24:03.840047+00:00,f0d00c4983614291b938804a9df6b127
2020-02-13,22.4,22.4,ft^3/s,Approved,[],2025-03-11T21:24:03.840047+00:00,f0d00c4983614291b938804a9df6b127
2020-02-14,21.7,21.7,ft^3/s,Approved,[],2025-03-11T21:24:03.840047+00:00,f0d00c4983614291b938804a9df6b127
2020-02-15,20.3,20.3,ft^3/s,Approved,[],2025-03-11T21:24:03.840047+00:00,f0d00c4983614291b938804a9df6b127
2020-02-16,23.9,23.9,ft^3/s,Approved,[],2025-03-11T21:24:03.840047+00:00,f0d00c4983614291b938804a9df6b127
2020-02-17,20.8,20.8,ft^3/s,Approved,[],2025-03-11T21:24:03.840047+00:00,f0d00c4983614291b938804a9df6b127
2020-02-18,18.4,18.4,ft^3/s,Approved,[],2025-03-11T21:24:03.840047+00:00,f0d00c4983614291b938804a9df6b127
2020-02-19,18.6,18.6,ft^3/s,Approved,[],2025-03-11T21:24:03.840047+00:00,f0d00c4983614291b938804a9df6b127
2020-02-20,16.7,16.7,ft^3/s,Approved,[],2025-03-11T21:24:03.840047+00:00,f0d00c4983614291b938804a9df6b127
2020-02-21,16.2,16.2,ft^3/s,Approved,[],2025-03-11T21:24:03.840047+00:00,f0d00c4983614291b938804a9df6b127
2020-02-22,16.6,16.6,ft^3/s,Approved,[],2025-03-11T21:24:03.840047+00:00,f0d00c4983614291b938804a9df6b127
2020-02-23,17.3,17.3,ft^3/s,Approved,[],2025-03-11T21:24:03.840047+00:00,f0d00c4983614291b938804a9df6b127
2020-02-24,17.5,17.5,ft^3/s,Approved,[],2025-03-11T21:24:03.840047+00:00,f0d00c4983614291b938804a9df6b127
2020-02-25,15.7,15.7,ft^3/s,Approved,[],2025-03-11T21:24:03.840047+00:00,f0d00c4983614291b938804a9df6b127
2020-02-26,14.6,14.6,ft^3/s,Approved,[],2025-03-11T21:24:03.840047+00:00,f0d00c4983614291b938804a9df6b127
2020-02-27,14.2,14.2,ft^3/s,Approved,[],2025-03-11T21:24:03.840047+00:00,f0d00c4983614291b938804a9df6b127
2020-02-28,14.0,14.0,ft^3/s,Approved,[],2025-03-11T21:24:03.840047+00:00,f0d00c4983614291b938804a9df6b127
2020-02-29,14.1,14.1,ft^3/s,Approved,[],2025-03-11T21:24:03.840047+00:00,f0d00c4983614291b938804a9df6b127
2020-03-01,14.4,14.4,ft^3/s,Approved,[],2025-03-11T21:24:03.840047+00:00,f0d00c4983614291b938804a9df6b127
2020-03-02,14.5,14.5,ft^3/s,Approved,[],2025-03-11T21:24:03.840047+00:00,f0d00c4983614291b938804a9df6b127
2020-03-03,14.6,14.6,ft^3/s,Approved,[],2025-03-11T21:24:03.840047+00:00,f0d00c4983614291b938804a9df6b127
2020-03-04,15.2,15.2,ft^3/s,Approved,[],2025-03-11T21:24:03.840047+00:00,f0d00c4983614291b938804a9df6b127
2020-03-05,15.4,15.4,ft^3/s,Approved,[],2025-03-11T21:24:03.840047+00:00,f0d00c4983614291b938804a9df6b127
2020-03-06,15.4,15.4,ft^3/s,Approved,[],2025-03-11T21:24:03.840047+00:00,f0d00c4983614291b938804a9df6b127
2020-03-07,15.7,15.7,ft^3/s,Approved,[],2025-03-11T21:24:03.840047+00:00,f0d00c4983614291b938804a9df6b127
2020-03-08,15.7,15.7,ft^3/s,Approved,[],2025-03-11T21:24:03.840047+00:00,f0d00c4983614291b938804a9df6b127
2020-03-09,15.7,15.7,ft^3/s,Approved,[],2025-03-11T21:24:03.840047+00:00,f0d00c4983614291b938804a9df6b127
2020-03-10,15.7,15.7,ft^3/s,Approved,[],2025-03-11T21:24:03.840047+00:00,f0d00c4983614291b938804a9df6b127
2020-03-11,15.8,15.8,ft^3/s,Approved,[],2025-03-11T21:24:03.840047+00:00,f0d00c4983614291b938804a9df6b127
2020-03-12,15.9,15.9,ft^3/s,Approved,[],2025-03-11T21:24:03.840047+00:00,f0d00c4983614291b938804a9df6b127
2020-03-13,16.0,16.0,ft^3/s,Approved,[],2025-03-11T21:24:03.840047+00:00,f0d00c4983614291b938804a9df6b127
2020-03-14,16.0,16.0,ft^3/s,Approved,[],2025-03-11T21:24:03.840047+00:00,f0d00c4983614291b938804a9df6b127
2020-03-15,16.0,16.0,ft^3/s,Approved,[],2025-03-11T21:24:03.840047+00:00,f0d00c4983614291b938804a9df6b127
2020-03-16,16.0,16.0,ft^3/s,Approved,[],2025-03-11T21:24:03.840047+00:00,f0d00c4983614291b938804a9df6b127
2020-03-17,16.2,16.2,ft^3/s,Approved,[],2025-03-11T21:24:03.840047+00:00,f0d00c4983614291b938804a9df6b127
2020-03-18,16.7,16.7,ft^3/s,Approved,[],2025-03-11T21:24:03.840047+00:00,f0d00c4983614291b938804a9df6b127
2020-03-19,16.7,16.7,ft^3/s,Approved,[],2025-03-11T21:24:03.840047+00:00,f0d00c4983614291b938804a9df6b127
2020-03-20,16.7,16.7,ft^3/s,Approved,[],2025-03-11T21:24:03.840047+00:00,f0d00c4983614291b938804a9df6b127
2020-03-21,17.2,17.2,ft^3/s,Approved,[],2025-03-11T21:24:03.840047+00:00,f0d00c4983614291b938804a9df6b127
2020-03-22,21.1,21.1,ft^3/s,Approved,[],2025-03-11T21:24:03.840047+00:00,f0d00c4983614291b938804a9df6b127
2020-03-23,21.7,21.7,ft^3/s,Approved,[],2025-03-11T21:24:03.840047+00:00,f0d00c4983614291b938804a9df6b127
2020-03-24,21.3,21.3,ft^3/s,Approved,[],2025-03-11T21:24:03.840047+00:00,f0d00c4983614291b938804a9df6b127
2020-03-25,20.9,20.9,ft^3/s,Approved,[],2025-03-11T21:24:03.840047+00:00,f0d00c4983614291b938804a9df6b127
2020-03-26,20.4,20.4,ft^3/s,Approved,[],2025-03-11T21:24:03.840047+00:00,f0d00c4983614291b938804a9df6b127
2020-03-27,20.1,20.1,ft^3/s,Approved,[],2025-03-11T21:24:03.840047+00:00,f0d00c4983614291b938804a9df6b127
2020-03-28,19.7,19.7,ft^3/s,Approved,[],2025-03-11T21:24:03.840047+00:00,f0d00c4983614291b938804a9df6b127
2020-03-29,19.1,19.1,ft^3/s,Approved,[],2025-03-11T21:24:03.840047+00:00,f0d00c4983614291b938804a9df6b127
2020-03-30,19.1,19.1,ft^3/s,Approved,[],2025-03-11T21:24:03.840047+00:00,f0d00c4983614291b938804a9df6b127
2020-03-31,18.7,18.7,ft^3/s,Approved,[],2025-03-11T21:24:03.840047+00:00,f0d00c4983614291b938804a9df6b127
2020-04-01,18.2,18.2,ft^3/s,Approved,[],2025-03-11T21:24:03.840047+00:00,f0d00c4983614291b938804a9df6b127
2020-04-02,18.2,18.2,ft^3/s,Approved,[],2025-03-11T21:24:03.840047+00:00,f0d00c4983614291b938804a9df6b127
2020-04-03,19.2,19.2,ft^3/s,Approved,[],2025-03-11T21:24:03.840047+00:00,f0d00c4983614291b938804a9df6b127
2020-04-04,22.3,22.3,ft^3/s,Approved,[],2025-03-11T21:24:03.840047+00:00,f0d00c4983614291b938804a9df6b127
2020-04-05,27.1,27.1,ft^3/s,Approved,[],2025-03-11T21:24:03.840047+00:00,f0d00c4983614291b938804a9df6b127
2020-04-06,26.4,26.4,ft^3/s,Approved,[],2025-03-11T21:24:03.840047+00:00,f0d00c4983614291b938804a9df6b127
2020-04-07,25.7,25.7,ft^3/s,Approved,[],2025-03-11T21:24:03.840047+00:00,f0d00c4983614291b938804a9df6b127
2020-04-08,25.0,25.0,ft^3/s,Approved,[],2025-03-11T21:24:03.840047+00:00,f0d00c4983614291b938804a9df6b127
2020-04-09,24.3,24.3,ft^3/s,Approved,[],2025-03-11T21:24:03.840047+00:00,f0d00c4983614291b938804a9df6b127
2020-04-10,23.8,23.8,ft^3/s,Approved,[],2025-03-11T21:24:03.840047+00:00,f0d00c4983614291b938804a9df6b127
2020-04-11,23.1,23.1,ft^3/s,Approved,[],2025-03-11T21:24:03.840047+00:00,f0d00c4983614291b938804a9df6b127
2020-04-12,22.7,22.7,ft^3/s,Approved,[],2025-03-11T21:24:03.840047+00:00,f0d00c4983614291b938804a9df6b127
2020-04-13,21.5,21.5,ft^3/s,Approved,[],2025-03-11T21:24:03.840047+00:00,f0d00c4983614291b938804a9df6b127
2020-04-14,20.7,20.7,ft^3/s,Approved,[],2025-03-11T21:24:03.840047+00:00,f0d00c4983614291b938804a9df6b127
2020-04-15,20.2,20.2,ft^3/s,Approved,[],2025-03-11T21:24:03.840047+00:00,f0d00c4983614291b938804a9df6b127
2020-04-16,19.9,19.9,ft^3/s,Approved,[],2025-03-11T21:24:03.840047+00:00,f0d00c4983614291b938804a9df6b127
2020-04-17,19.7,19.7,ft^3/s,Approved,[],2025-03-11T21:24:03.840047+00:00,f0d00c4983614291b938804a9df6b127
2020-04-18,19.2,19.2,ft^3/s,Approved,[],2025-03-11T21:24:03.840047+00:00,f0d00c4983614291b938804a9df6b127
2020-04-19,19.2,19.2,ft^3/s,Approved,[],2025-03-11T21:24:03.840047+00:00,f0d00c4983614291b938804a9df6b127
2020-04-20,18.7,18.7,ft^3/s,Approved,[],2025-03-11T21:24:03.840047+00:00,f0d00c4983614291b938804a9df6b127
2020-04-21,18.3,18.3,ft^3/s,Approved,[],2025-03-11T21:24:03.840047+00:00,f0d00c4983614291b938804a9df6b127
2020-04-22,18.1,18.1,ft^3/s,Approved,[],2025-03-11T21:24:03.840047+00:00,f0d00c4983614291b938804a9df6b127
2020-04-23,17.9,17.9,ft^3/s,Approved,[],2025-03-11T21:24:03.840047+00:00,f0d00c4983614291b938804a9df6b127
2020-04-24,17.4,17.4,ft^3/s,Approved,[],2025-03-11T21:24:03.840047+00:00,f0d00c4983614291b938804a9df6b127
2020-04-25,17.0,17.0,ft^3/s,Approved,[],2025-03-11T21:24:03.840047+00:00,f0d00c4983614291b938804a9df6b127
2020-04-26,16.5,16.5,ft^3/s,Approved,[],2025-03-11T21:24:03.840047+00:00,f0d00c4983614291b938804a9df6b127
2020-04-27,16.4,16.4,ft^3/s,Approved,[],2025-03-11T21:24:03.840047+00:00,f0d00c4983614291b938804a9df6b127
2020-04-28,16.3,16.3,ft^3/s,Approved,[],2025-03-11T21:24:03.840047+00:00,f0d00c4983614291b938804a9df6b127
2020-04-29,16.1,16.1,ft^3/s,Approved,[],2025-03-11T21:24:03.840047+00:00,f0d00c4983614291b938804a9df6b127
2020-04-30,15.6,15.6,ft^3/s,Approved,[],2025-03-11T21:24:03.840047+00:00,f0d00c4983614291b938804a9df6b127
2020-05-01,15.4,15.4,ft^3/s,Approved,[],2025-03-11T21:24:03.840047+00:00,f0d00c4983614291b938804a9df6b127
2020-05-02,15.3,15.3,ft^3/s,Approved,[],2025-03-11T21:24:03.840047+00:00,f0d00c4983614291b938804a9df6b127
2020-05-03,15.2,15.2,ft^3/s,Approved,[],2025-03-11T21:24:03.840047+00:00,f0d00c4983614291b938804a9df6b127
2020-05-04,15.0,15.0,ft^3/s,Approved,[],2025-03-11T21:24:03.840047+00:00,f0d00c4983614291b938804a9df6b127
2020-05-05,14.9,14.9,ft^3/s,Approved,[],2025-03-11T21:24:03.840047+00:00,f0d00c4983614291b938804a9df6b127
2020-05-06,14.7,14.7,ft^3/s,Approved,[],2025-03-11T21:24:03.840047+00:00,f0d00c4983614291b938804a9df6b127
2020-05-07,14.4,14.4,ft^3/s,Approved,[],2025-03-11T21:24:03.840047+00:00,f0d00c4983614291b938804a9df6b127
2020-05-08,14.4,14.4,ft^3/s,Approved,[],2025-03-11T21:24:03.840047+00:00,f0d00c4983614291b938804a9df6b127
2020-05-09,14.2,14.2,ft^3/s,Approved,[],2025-03-11T21:24:03.840047+00:00,f0d00c4983614291b938804a9df6b127
2020-05-10,13.9,13.9,ft^3/s,Approved,[],2025-03-11T21:24:03.840047+00:00,f0d00c4983614291b938804a9df6b127
2020-05-11,13.7,13.7,ft^3/s,Approved,[],2025-03-11T21:24:03.840047+00:00,f0d00c4983614291b938804a9df6b127
2020-05-12,42.2,42.2,ft^3/s,Approved,[],2025-03-11T21:24:03.840047+00:00,f0d00c4983614291b938804a9df6b127
2020-05-13,108.0,108,ft^3/s,Approved,[],2025-03-11T21:24:03.840047+00:00,f0d00c4983614291b938804a9df6b127
2020-05-14,91.8,91.8,ft^3/s,Approved,[],2025-03-11T21:24:03.840047+00:00,f0d00c4983614291b938804a9df6b127
2020-05-15,135.0,135,ft^3/s,Approved,[],2025-03-11T21:24:03.840047+00:00,f0d00c4983614291b938804a9df6b127
2020-05-16,127.0,127,ft^3/s,Approved,[],2025-03-11T21:24:03.840047+00:00,f0d00c4983614291b938804a9df6b127
2020-05-17,83.7,83.7,ft^3/s,Approved,[],2025-03-11T21:24:03.840047+00:00,f0d00c4983614291b938804a9df6b127
2020-05-18,83.1,83.1,ft^3/s,Approved,[],2025-03-11T21:24:03.840047+00:00,f0d00c4983614291b938804a9df6b127
2020-05-19,86.8,86.8,ft^3/s,Approved,[],2025-03-11T21:24:03.840047+00:00,f0d00c4983614291b938804a9df6b127
2020-05-20,73.1,73.1,ft^3/s,Approved,[],2025-03-11T21:24:03.840047+00:00,f0d00c4983614291b938804a9df6b127
2020-05-21,64.8,64.8,ft^3/s,Approved,[],2025-03-11T21:24:03.840047+00:00,f0d00c4983614291b938804a9df6b127
2020-05-22,63.0,63.0,ft^3/s,Approved,[],2025-03-11T21:24:03.840047+00:00,f0d00c4983614291b938804a9df6b127
2020-05-23,59.6,59.6,ft^3/s,Approved,[],2025-03-11T21:24:03.840047+00:00,f0d00c4983614291b938804a9df6b127
2020-05-24,56.1,56.1,ft^3/s,Approved,[],2025-03-11T21:24:03.840047+00:00,f0d00c4983614291b938804a9df6b127
2020-05-25,66.7,66.7,ft^3/s,Approved,[],2025-03-11T21:24:03.840047+00:00,f0d00c4983614291b938804a9df6b127
2020-05-26,104.0,104,ft^3/s,Approved,[],2025-03-11T21:24:03.840047+00:00,f0d00c4983614291b938804a9df6b127
2020-05-27,113.0,113,ft^3/s,Approved,[],2025-03-11T21:24:03.840047+00:00,f0d00c4983614291b938804a9df6b127
2020-05-28,102.0,102,ft^3/s,Approved,[],2025-03-11T21:24:03.840047+00:00,f0d00c4983614291b938804a9df6b127
2020-05-29,90.1,90.1,ft^3/s,Approved,[],2025-03-11T21:24:03.840047+00:00,f0d00c4983614291b938804a9df6b127
2020-05-30,88.8,88.8,ft^3/s,Approved,[],2025-03-11T21:24:03.840047+00:00,f0d00c4983614291b938804a9df6b127
2020-05-31,86.3,86.3,ft^3/s,Approved,[],2025-03-11T21:24:03.840047+00:00,f0d00c4983614291b938804a9df6b127
2020-06-01,106.0,106,ft^3/s,Approved,[],2025-03-11T21:24:03.840047+00:00,f0d00c4983614291b938804a9df6b127
2020-06-02,70.6,70.6,ft^3/s,Approved,[],2025-03-11T21:24:03.840047+00:00,f0d00c4983614291b938804a9df6b127
2020-06-03,67.9,67.9,ft^3/s,Approved,[],2025-03-11T21:24:03.840047+00:00,f0d00c4983614291b938804a9df6b127
2020-06-04,63.8,63.8,ft^3/s,Approved,[],2025-03-11T21:24:03.840047+00:00,f0d00c4983614291b938804a9df6b127
2020-06-05,77.3,77.3,ft^3/s,Approved,[],2025-03-11T21:24:03.840047+00:00,f0d00c4983614291b938804a9df6b127
2020-06-06,103.0,103,ft^3/s,Approved,[],2025-03-11T21:24:03.840047+00:00,f0d00c4983614291b938804a9df6b127
2020-06-07,103.0,103,ft^3/s,Approved,[],2025-03-11T21:24:03.840047+00:00,f0d00c4983614291b938804a9df6b127
2020-06-08,75.2,75.2,ft^3/s,Approved,[],2025-03-11T21:24:03.840047+00:00,f0d00c4983614291b938804a9df6b127
2020-06-09,58.7,58.7,ft^3/s,Approved,[],2025-03-11T21:24:03.840047+00:00,f0d00c4983614291b938804a9df6b127
2020-06-10,52.5,52.5,ft^3/s,Approved,[],2025-03-11T21:24:03.840047+00:00,f0d00c4983614291b938804a9df6b127
2020-06-11,47.9,47.9,ft^3/s,Approved,[],2025-03-11T21:24:03.840047+00:00,f0d00c4983614291b938804a9df6b127
2020-06-12,43.9,43.9,ft^3/s,Approved,[],2025-03-11T21:24:03.840047+00:00,f0d00c4983614291b938804a9df6b127
2020-06-13,41.8,41.8,ft^3/s,Approved,[],2025-03-11T21:24:03.840047+00:00,f0d00c4983614291b938804a9df6b127
2020-06-14,40.6,40.6,ft^3/s,Approved,[],2025-03-11T21:24:03.840047+00:00,f0d00c4983614291b938804a9df6b127
2020-06-15,43.0,43.0,ft^3/s,Approved,[],2025-03-11T21:24:03.840047+00:00,f0d00c4983614291b938804a9df6b127
2020-06-16,43.8,43.8,ft^3/s,Approved,[],2025-03-11T21:24:03.840047+00:00,f0d00c4983614291b938804a9df6b127
2020-06-17,42.6,42.6,ft^3/s,Approved,[],2025-03-11T21:24:03.840047+00:00,f0d00c4983614291b938804a9df6b127
2020-06-18,42.1,42.1,ft^3/s,Approved,[],2025-03-11T21:24:03.840047+00:00,f0d00c4983614291b938804a9df6b127
2020-06-19,41.5,41.5,ft^3/s,Approved,[],2025-03-11T21:24:03.840047+00:00,f0d00c4983614291b938804a9df6b127
2020-06-20,40.4,40.4,ft^3/s,Approved,[],2025-03-11T21:24:03.840047+00:00,f0d00c4983614291b938804a9df6b127
2020-06-21,36.6,36.6,ft^3/s,Approved,[],2025-03-11T21:24:03.840047+00:00,f0d00c4983614291b938804a9df6b127
2020-06-22,35.8,35.8,ft^3/s,Approved,[],2025-03-11T21:24:03.840047+00:00,f0d00c4983614291b938804a9df6b127
2020-06-23,36.7,36.7,ft^3/s,Approved,[],2025-03-11T21:24:03.840047+00:00,f0d00c4983614291b938804a9df6b127
2020-06-24,34.4,34.4,ft^3/s,Approved,[],2025-03-11T21:24:03.840047+00:00,f0d00c4983614291b938804a9df6b127
2020-06-25,33.0,33.0,ft^3/s,Approved,[],2025-03-11T21:24:03.840047+00:00,f0d00c4983614291b938804a9df6b127
2020-06-26,31.9,31.9,ft^3/s,Approved,[],2025-03-11T21:24:03.840047+00:00,f0d00c4983614291b938804a9df6b127
2020-06-27,33.5,33.5,ft^3/s,Approved,[],2025-03-11T21:24:03.840047+00:00,f0d00c4983614291b938804a9df6b127
2020-06-28,33.5,33.5,ft^3/s,Approved,[],2025-03-11T21:24:03.840047+00:00,f0d00c4983614291b938804a9df6b127
2020-06-29,35.0,35.0,ft^3/s,Approved,[],2025-03-11T21:24:03.840047+00:00,f0d00c4983614291b938804a9df6b127
2020-06-30,34.4,34.4,ft^3/s,Approved,[],2025-03-11T21:24:03.840047+00:00,f0d00c4983614291b938804a9df6b127
2020-07-01,30.1,30.1,ft^3/s,Approved,[],2025-03-11T21:24:03.840047+00:00,f0d00c4983614291b938804a9df6b127
2020-07-02,29.0,29.0,ft^3/s,Approved,[],2025-03-11T21:24:03.840047+00:00,f0d00c4983614291b938804a9df6b127
2020-07-03,28.4,28.4,ft^3/s,Approved,[],2025-03-11T21:24:03.840047+00:00,f0d00c4983614291b938804a9df6b127
2020-07-04,29.2,29.2,ft^3/s,Approved,[],2025-03-11T21:24:03.840047+00:00,f0d00c4983614291b938804a9df6b127
2020-07-05,27.9,27.9,ft^3/s,Approved,[],2025-03-11T21:24:03.840047+00:00,f0d00c4983614291b938804a9df6b127
2020-07-06,26.6,26.6,ft^3/s,Approved,[],2025-03-11T21:24:03.840047+00:00,f0d00c4983614291b938804a9df6b127
2020-07-07,23.8,23.8,ft^3/s,Approved,[],2025-03-11T21:24:03.840047+00:00,f0d00c4983614291b938804a9df6b127
2020-07-08,21.9,21.9,ft^3/s,Approved,[],2025-03-11T21:24:03.840047+00:00,f0d00c4983614291b938804a9df6b127
2020-07-09,19.3,19.3,ft^3/s,Approved,[],2025-03-11T21:24:03.840047+00:00,f0d00c4983614291b938804a9df6b127
2020-07-10,18.8,18.8,ft^3/s,Approved,[],2025-03-11T21:24:03.840047+00:00,f0d00c4983614291b938804a9df6b127
2020-07-11,18.3,18.3,ft^3/s,Approved,[],2025-03-11T21:24:03.840047+00:00,f0d00c4983614291b938804a9df6b127
2020-07-12,18.2,18.2,ft^3/s,Approved,[],2025-03-11T21:24:03.840047+00:00,f0d00c4983614291b938804a9df6b127
2020-07-13,17.9,17.9,ft^3/s,Approved,[],2025-03-11T21:24:03.840047+00:00,f0d00c4983614291b938804a9df6b127
2020-07-14,17.6,17.6,ft^3/s,Approved,[],2025-03-11T21:24:03.840047+00:00,f0d00c4983614291b938804a9df6b127
2020-07-15,17.3,17.3,ft^3/s,Approved,[],2025-03-11T21:24:03.840047+00:00,f0d00c4983614291b938804a9df6b127
2020-07-16,17.0,17.0,ft^3/s,Approved,[],2025-03-11T21:24:03.840047+00:00,f0d00c4983614291b938804a9df6b127
2020-07-17,16.9,16.9,ft^3/s,Approved,[],2025-03-11T21:24:03.840047+00:00,f0d00c4983614291b938804a9df6b127
2020-07-18,16.7,16.7,ft^3/s,Approved,[],2025-03-11T21:24:03.840047+00:00,f0d00c4983614291b938804a9df6b127
2020-07-19,16.5,16.5,ft^3/s,Approved,[],2025-03-11T21:24:03.840047+00:00,f0d00c4983614291b938804a9df6b127
2020-07-20,16.4,16.4,ft^3/s,Approved,[],2025-03-11T21:24:03.840047+00:00,f0d00c4983614291b938804a9df6b127
2020-07-21,16.2,16.2,ft^3/s,Approved,[],2025-03-11T21:24:03.840047+00:00,f0d00c4983614291b938804a9df6b127
2020-07-22,16.0,16.0,ft^3/s,Approved,[],2025-03-11T21:24:03.840047+00:00,f0d00c4983614291b938804a9df6b127
2020-07-23,15.8,15.8,ft^3/s,Approved,[],2025-03-11T21:24:03.840047+00:00,f0d00c4983614291b938804a9df6b127
2020-07-24,15.8,15.8,ft^3/s,Approved,[],2025-03-11T21:24:03.840047+00:00,f0d00c4983614291b938804a9df6b127
2020-07-25,15.8,15.8,ft^3/s,Approved,[],2025-03-11T21:24:03.840047+00:00,f0d00c4983614291b938804a9df6b127
2020-07-26,15.9,15.9,ft^3/s,Approved,[],2025-03-11T21:24:03.840047+00:00,f0d00c4983614291b938804a9df6b127
2020-07-27,16.0,16.0,ft^3/s,Approved,[],2025-03-11T21:24:03.840047+00:00,f0d00c4983614291b938804a9df6b127
2020-07-28,15.9,15.9,ft^3/s,Approved,[],2025-03-11T21:24:03.840047+00:00,f0d00c4983614291b938804a9df6b127
2020-07-29,15.9,15.9,ft^3/s,Approved,[],2025-03-11T21:24:03.840047+00:00,f0d00c4983614291b938804a9df6b127
2020-07-30,16.0,16.0,ft^3/s,Approved,[],2025-03-11T21:24:03.840047+00:00,f0d00c4983614291b938804a9df6b127
2020-07-31,15.8,15.8,ft^3/s,Approved,[],2025-03-11T21:24:03.840047+00:00,f0d00c4983614291b938804a9df6b127
2020-08-01,16.5,16.5,ft^3/s,Approved,[],2025-03-11T21:24:03.840047+00:00,f0d00c4983614291b938804a9df6b127
2020-08-02,16.5,16.5,ft^3/s,Approved,[],2025-03-11T21:24:03.840047+00:00,f0d00c4983614291b938804a9df6b127
2020-08-03,16.7,16.7,ft^3/s,Approved,[],2025-03-11T21:24:03.840047+00:00,f0d00c4983614291b938804a9df6b127
2020-08-04,18.1,18.1,ft^3/s,Approved,[],2025-03-11T21:24:03.840047+00:00,f0d00c4983614291b938804a9df6b127
2020-08-05,18.0,18.0,ft^3/s,Approved,[],2025-03-11T21:24:03.840047+00:00,f0d00c4983614291b938804a9df6b127
2020-08-06,17.4,17.4,ft^3/s,Approved,[],2025-03-11T21:24:03.840047+00:00,f0d00c4983614291b938804a9df6b127
2020-08-07,16.7,16.7,ft^3/s,Approved,[],2025-03-11T21:24:03.840047+00:00,f0d00c4983614291b938804a9df6b127
2020-08-08,16.2,16.2,ft^3/s,Approved,[],2025-03-11T21:24:03.840047+00:00,f0d00c4983614291b938804a9df6b127
2020-08-09,15.7,15.7,ft^3/s,Approved,[],2025-03-11T21:24:03.840047+00:00,f0d00c4983614291b938804a9df6b127
2020-08-10,15.2,15.2,ft^3/s,Approved,[],2025-03-11T21:24:03.840047+00:00,f0d00c4983614291b938804a9df6b127
2020-08-11,15.0,15.0,ft^3/s,Approved,[],2025-03-11T21:24:03.840047+00:00,f0d00c4983614291b938804a9df6b127
2020-08-12,14.6,14.6,ft^3/s,Approved,[],2025-03-11T21:24:03.840047+00:00,f0d00c4983614291b938804a9df6b127
2020-08-13,14.5,14.5,ft^3/s,Approved,[],2025-03-11T21:24:03.840047+00:00,f0d00c4983614291b938804a9df6b127
2020-08-14,14.2,14.2,ft^3/s,Approved,[],2025-03-11T21:24:03.840047+00:00,f0d00c4983614291b938804a9df6b127
2020-08-15,13.7,13.7,ft^3/s,Approved,[],2025-03-11T21:24:03.840047+00:00,f0d00c4983614291b938804a9df6b127
2020-08-16,13.5,13.5,ft^3/s,Approved,[],2025-03-11T21:24:03.840047+00:00,f0d00c4983614291b938804a9df6b127
2020-08-17,13.3,13.3,ft^3/s,Approved,[],2025-03-11T21:24:03.840047+00:00,f0d00c4983614291b938804a9df6b127
2020-08-18,13.3,13.3,ft^3/s,Approved,[],2025-03-11T21:24:03.840047+00:00,f0d00c4983614291b938804a9df6b127
2020-08-19,13.1,13.1,ft^3/s,Approved,[],2025-03-11T21:24:03.840047+00:00,f0d00c4983614291b938804a9df6b127
2020-08-20,12.7,12.7,ft^3/s,Approved,[],2025-03-11T21:24:03.840047+00:00,f0d00c4983614291b938804a9df6b127
2020-08-21,12.7,12.7,ft^3/s,Approved,[],2025-03-11T21:24:03.840047+00:00,f0d00c4983614291b938804a9df6b127
2020-08-22,13.4,13.4,ft^3/s,Approved,[],2025-03-11T21:24:03.840047+00:00,f0d00c4983614291b938804a9df6b127
2020-08-23,14.7,14.7,ft^3/s,Approved,[],2025-03-11T21:24:03.840047+00:00,f0d00c4983614291b938804a9df6b127
2020-08-24,14.5,14.5,ft^3/s,Approved,[],2025-03-11T21:24:03.840047+00:00,f0d00c4983614291b938804a9df6b127
2020-08-25,13.9,13.9,ft^3/s,Approved,[],2025-03-11T21:24:03.840047+00:00,f0d00c4983614291b938804a9df6b127
2020-08-26,13.5,13.5,ft^3/s,Approved,[],2025-03-11T21:24:03.840047+00:00,f0d00c4983614291b938804a9df6b127
2020-08-27,13.1,13.1,ft^3/s,Approved,[],2025-03-11T21:24:03.840047+00:00,f0d00c4983614291b938804a9df6b127
2020-08-28,12.8,12.8,ft^3/s,Approved,[],2025-03-11T21:24:03.840047+00:00,f0d00c4983614291b938804a9df6b127
2020-08-29,12.5,12.5,ft^3/s,Approved,[],2025-03-11T21:24:03.840047+00:00,f0d00c4983614291b938804a9df6b127
2020-08-30,12.3,12.3,ft^3/s,Approved,[],2025-03-11T21:24:03.840047+00:00,f0d00c4983614291b938804a9df6b127
2020-08-31,12.3,12.3,ft^3/s,Approved,[],2025-03-11T21:24:03.840047+00:00,f0d00c4983614291b938804a9df6b127
2020-09-01,12.2,12.2,ft^3/s,Approved,[],2025-03-11T21:24:03.840047+00:00,f0d00c4983614291b938804a9df6b127
2020-09-02,12.0,12.0,ft^3/s,Approved,[],2025-03-11T21:24:03.840047+00:00,f0d00c4983614291b938804a9df6b127
2020-09-03,12.2,12.2,ft^3/s,Approved,[],2025-03-11T21:24:03.840047+00:00,f0d00c4983614291b938804a9df6b127
2020-09-04,16.1,16.1,ft^3/s,Approved,[],2025-03-11T21:24:03.840047+00:00,f0d00c4983614291b938804a9df6b127
2020-09-05,21.1,21.1,ft^3/s,Approved,[],2025-03-11T21:24:03.840047+00:00,f0d00c4983614291b938804a9df6b127
2020-09-06,23.2,23.2,ft^3/s,Approved,[],2025-03-11T21:24:03.840047+00:00,f0d00c4983614291b938804a9df6b127
2020-09-07,21.1,21.1,ft^3/s,Approved,[],2025-03-11T21:24:03.840047+00:00,f0d00c4983614291b938804a9df6b127
2020-09-08,18.3,18.3,ft^3/s,Approved,[],2025-03-11T21:24:03.840047+00:00,f0d00c4983614291b938804a9df6b127
2020-09-09,21.1,21.1,ft^3/s,Approved,[],2025-03-11T21:24:03.840047+00:00,f0d00c4983614291b938804a9df6b127
2020-09-10,32.0,32.0,ft^3/s,Approved,[],2025-03-11T21:24:03.840047+00:00,f0d00c4983614291b938804a9df6b127
2020-09-11,38.0,38.0,ft^3/s,Approved,[],2025-03-11T21:24:03.840047+00:00,f0d00c4983614291b938804a9df6b127
2020-09-12,34.8,34.8,ft^3/s,Approved,[],2025-03-11T21:24:03.840047+00:00,f0d00c4983614291b938804a9df6b127
2020-09-13,30.2,30.2,ft^3/s,Approved,[],2025-03-11T21:24:03.840047+00:00,f0d00c4983614291b938804a9df6b127
2020-09-14,26.9,26.9,ft^3/s,Approved,[],2025-03-11T21:24:03.840047+00:00,f0d00c4983614291b938804a9df6b127
2020-09-15,25.7,25.7,ft^3/s,Approved,[],2025-03-11T21:24:03.840047+00:00,f0d00c4983614291b938804a9df6b127
2020-09-16,23.9,23.9,ft^3/s,Approved,[],2025-03-11T21:24:03.840047+00:00,f0d00c4983614291b938804a9df6b127
2020-09-17,22.4,22.4,ft^3/s,Approved,[],2025-03-11T21:24:03.840047+00:00,f0d00c4983614291b938804a9df6b127
2020-09-18,21.3,21.3,ft^3/s,Approved,[],2025-03-11T21:24:03.840047+00:00,f0d00c4983614291b938804a9df6b127
2020-09-19,20.5,20.5,ft^3/s,Approved,[],2025-03-11T21:24:03.840047+00:00,f0d00c4983614291b938804a9df6b127
2020-09-20,19.9,19.9,ft^3/s,Approved,[],2025-03-11T21:24:03.840047+00:00,f0d00c4983614291b938804a9df6b127
2020-09-21,19.3,19.3,ft^3/s,Approved,[],2025-03-11T21:24:03.840047+00:00,f0d00c4983614291b938804a9df6b127
2020-09-22,19.7,19.7,ft^3/s,Approved,[],2025-03-11T21:24:03.840047+00:00,f0d00c4983614291b938804a9df6b127
2020-09-23,19.6,19.6,ft^3/s,Approved,[],2025-03-11T21:24:03.840047+00:00,f0d00c4983614291b938804a9df6b127
2020-09-24,19.4,19.4,ft^3/s,Approved,[],2025-03-11T21:24:03.840047+00:00,f0d00c4983614291b938804a9df6b127
2020-09-25,18.8,18.8,ft^3/s,Approved,[],2025-03-11T21:24:03.840047+00:00,f0d00c4983614291b938804a9df6b127
2020-09-26,18.6,18.6,ft^3/s,Approved,[],2025-03-11T21:24:03.840047+00:00,f0d00c4983614291b938804a9df6b127
2020-09-27,18.9,18.9,ft^3/s,Approved,[],2025-03-11T21:24:03.840047+00:00,f0d00c4983614291b938804a9df6b127
2020-09-28,18.7,18.7,ft^3/s,Approved,[],2025-03-11T21:24:03.840047+00:00,f0d00c4983614291b938804a9df6b127
2020-09-29,18.1,18.1,ft^3/s,Approved,[],2025-03-11T21:24:03.840047+00:00,f0d00c4983614291b938804a9df6b127
2020-09-30,17.5,17.5,ft^3/s,Approved,[],2025-03-11T21:24:03.840047+00:00,f0d00c4983614291b938804a9df6b127
2020-10-01,16.5,16.5,ft^3/s,Approved,[],2025-03-11T21:24:03.840047+00:00,f0d00c4983614291b938804a9df6b127
2020-10-02,16.0,16.0,ft^3/s,Approved,[],2025-03-11T21:24:03.840047+00:00,f0d00c4983614291b938804a9df6b127
2020-10-03,15.8,15.8,ft^3/s,Approved,[],2025-03-11T21:24:03.840047+00:00,f0d00c4983614291b938804a9df6b127
2020-10-04,15.4,15.4,ft^3/s,Approved,[],2025-03-11T21:24:03.840047+00:00,f0d00c4983614291b938804a9df6b127
2020-10-05,15.2,15.2,ft^3/s,Approved,[],2025-03-11T21:24:03.840047+00:00,f0d00c4983614291b938804a9df6b127
2020-10-06,14.9,14.9,ft^3/s,Approved,[],2025-03-11T21:24:03.840047+00:00,f0d00c4983614291b938804a9df6b127
2020-10-07,14.7,14.7,ft^3/s,Approved,[],2025-03-11T21:24:03.840047+00:00,f0d00c4983614291b938804a9df6b127
2020-10-08,14.7,14.7,ft^3/s,Approved,[],2025-03-11T21:24:03.840047+00:00,f0d00c4983614291b938804a9df6b127
2020-10-09,14.5,14.5,ft^3/s,Approved,[],2025-03-11T21:24:03.840047+00:00,f0d00c4983614291b938804a9df6b127
2020-10-10,14.2,14.2,ft^3/s,Approved,[],2025-03-11T21:24:03.840047+00:00,f0d00c4983614291b938804a9df6b127
2020-10-11,14.1,14.1,ft^3/s,Approved,[],2025-03-11T21:24:03.840047+00:00,f0d00c4983614291b938804a9df6b127
2020-10-12,13.6,13.6,ft^3/s,Approved,[],2025-03-11T21:24:03.840047+00:00,f0d00c4983614291b938804a9df6b127
2020-10-13,13.2,13.2,ft^3/s,Approved,[],2025-03-11T21:24:03.840047+00:00,f0d00c4983614291b938804a9df6b127
2020-10-14,13.1,13.1,ft^3/s,Approved,[],2025-03-11T21:24:03.840047+00:00,f0d00c4983614291b938804a9df6b127
2020-10-15,13.1,13.1,ft^3/s,Approved,[],2025-03-11T21:24:03.840047+00:00,f0d00c4983614291b938804a9df6b127
2020-10-16,12.7,12.7,ft^3/s,Approved,[],2025-03-11T21:24:03.840047+00:00,f0d00c4983614291b938804a9df6b127
2020-10-17,12.7,12.7,ft^3/s,Approved,[],2025-03-11T21:24:03.840047+00:00,f0d00c4983614291b938804a9df6b127
2020-10-18,12.8,12.8,ft^3/s,Approved,[],2025-03-11T21:24:03.840047+00:00,f0d00c4983614291b938804a9df6b127
2020-10-19,12.6,12.6,ft^3/s,Approved,[],2025-03-11T21:24:03.840047+00:00,f0d00c4983614291b938804a9df6b127
2020-10-20,12.5,12.5,ft^3/s,Approved,[],2025-03-11T21:24:03.840047+00:00,f0d00c4983614291b938804a9df6b127
2020-10-21,12.4,12.4,ft^3/s,Approved,[],2025-03-11T21:24:03.840047+00:00,f0d00c4983614291b938804a9df6b127
2020-10-22,12.5,12.5,ft^3/s,Approved,[],2025-03-11T21:24:03.840047+00:00,f0d00c4983614291b938804a9df6b127
2020-10-23,12.4,12.4,ft^3/s,Approved,[],2025-03-11T21:24:03.840047+00:00,f0d00c4983614291b938804a9df6b127
2020-10-24,12.1,12.1,ft^3/s,Approved,[],2025-03-11T21:24:03.840047+00:00,f0d00c4983614291b938804a9df6b127
2020-10-25,12.2,12.2,ft^3/s,Approved,[],2025-03-11T21:24:03.840047+00:00,f0d00c4983614291b938804a9df6b127
2020-10-26,12.1,12.1,ft^3/s,Approved,[],2025-03-11T21:24:03.840047+00:00,f0d00c4983614291b938804a9df6b127
2020-10-27,11.8,11.8,ft^3/s,Approved,[],2025-03-11T21:24:03.840047+00:00,f0d00c4983614291b938804a9df6b127
2020-10-28,11.8,11.8,ft^3/s,Approved,[],2025-03-11T21:24:03.840047+00:00,f0d00c4983614291b938804a9df6b127
2020-10-29,11.6,11.6,ft^3/s,Approved,[],2025-03-11T21:24:03.840047+00:00,f0d00c4983614291b938804a9df6b127
2020-10-30,11.1,11.1,ft^3/s,Approved,[],2025-03-11T21:24:03.840047+00:00,f0d00c4983614291b938804a9df6b127
2020-10-31,10.9,10.9,ft^3/s,Approved,[],2025-03-11T21:24:03.840047+00:00,f0d00c4983614291b938804a9df6b127
2020-11-01,10.9,10.9,ft^3/s,Approved,[],2025-03-11T21:24:03.840047+00:00,f0d00c4983614291b938804a9df6b127
2020-11-02,10.8,10.8,ft^3/s,Approved,[],2025-03-11T21:24:03.840047+00:00,f0d00c4983614291b938804a9df6b127
2020-11-03,10.8,10.8,ft^3/s,Approved,[],2025-03-11T21:24:03.840047+00:00,f0d00c4983614291b938804a9df6b127
2020-11-04,10.7,10.7,ft^3/s,Approved,[],2025-03-11T21:24:03.840047+00:00,f0d00c4983614291b938804a9df6b127
2020-11-05,10.8,10.8,ft^3/s,Approved,[],2025-03-11T21:24:03.840047+00:00,f0d00c4983614291b938804a9df6b127
2020-11-06,10.5,10.5,ft^3/s,Approved,[],2025-03-11T21:24:03.840047+00:00,f0d00c4983614291b938804a9df6b127
2020-11-07,10.5,10.5,ft^3/s,Approved,[],2025-03-11T21:24:03.840047+00:00,f0d00c4983614291b938804a9df6b127
2020-11-08,10.4,10.4,ft^3/s,Approved,[],2025-03-11T21:24:03.840047+00:00,f0d00c4983614291b938804a9df6b127
2020-11-09,10.4,10.4,ft^3/s,Approved,[],2025-03-11T21:24:03.840047+00:00,f0d00c4983614291b938804a9df6b127
2020-11-10,10.5,10.5,ft^3/s,Approved,[],2025-03-11T21:24:03.840047+00:00,f0d00c4983614291b938804a9df6b127
2020-11-11,10.5,10.5,ft^3/s,Approved,[],2025-03-11T21:24:03.840047+00:00,f0d00c4983614291b938804a9df6b127
2020-11-12,10.5,10.5,ft^3/s,Approved,[],2025-03-11T21:24:03.840047+00:00,f0d00c4983614291b938804a9df6b127
2020-11-13,10.5,10.5,ft^3/s,Approved,[],2025-03-11T21:24:03.840047+00:00,f0d00c4983614291b938804a9df6b127
2020-11-14,10.4,10.4,ft^3/s,Approved,[],2025-03-11T21:24:03.840047+00:00,f0d00c4983614291b938804a9df6b127
2020-11-15,9.93,9.93,ft^3/s,Approved,[],2025-03-11T21:24:03.840047+00:00,f0d00c4983614291b938804a9df6b127
2020-11-16,9.46,9.46,ft^3/s,Approved,[],2025-03-11T21:24:03.840047+00:00,f0d00c4983614291b938804a9df6b127
2020-11-17,9.27,9.27,ft^3/s,Approved,[],2025-03-11T21:24:03.840047+00:00,f0d00c4983614291b938804a9df6b127
2020-11-18,9.26,9.26,ft^3/s,Approved,[],2025-03-11T21:24:03.840047+00:00,f0d00c4983614291b938804a9df6b127
2020-11-19,9.31,9.31,ft^3/s,Approved,[],2025-03-11T21:24:03.840047+00:00,f0d00c4983614291b938804a9df6b127
2020-11-20,9.24,9.24,ft^3/s,Approved,[],2025-03-11T21:24:03.840047+00:00,f0d00c4983614291b938804a9df6b127
2020-11-21,9.26,9.26,ft^3/s,Approved,[],2025-03-11T21:24:03.840047+00:00,f0d00c4983614291b938804a9df6b127
2020-11-22,9.28,9.28,ft^3/s,Approved,[],2025-03-11T21:24:03.840047+00:00,f0d00c4983614291b938804a9df6b127
2020-11-23,9.27,9.27,ft^3/s,Approved,[],2025-03-11T21:24:03.840047+00:00,f0d00c4983614291b938804a9df6b127
2020-11-24,9.28,9.28,ft^3/s,Approved,[],2025-03-11T21:24:03.840047+00:00,f0d00c4983614291b938804a9df6b127
2020-11-25,9.22,9.22,ft^3/s,Approved,[],2025-03-11T21:24:03.840047+00:00,f0d00c4983614291b938804a9df6b127
2020-11-26,9.12,9.12,ft^3/s,Approved,[],2025-03-11T21:24:03.840047+00:00,f0d00c4983614291b938804a9df6b127
2020-11-27,9.1,9.10,ft^3/s,Approved,[],2025-03-11T21:24:03.840047+00:00,f0d00c4983614291b938804a9df6b127
2020-11-28,9.33,9.33,ft^3/s,Approved,[],2025-03-11T21:24:03.840047+00:00,f0d00c4983614291b938804a9df6b127
2020-11-29,10.3,10.3,ft^3/s,Approved,[],2025-03-11T21:24:03.840047+00:00,f0d00c4983614291b938804a9df6b127
2020-11-30,9.93,9.93,ft^3/s,Approved,[],2025-03-11T21:24:03.840047+00:00,f0d00c4983614291b938804a9df6b127
2020-12-01,9.73,9.73,ft^3/s,Approved,[],2025-03-11T21:24:03.840047+00:00,f0d00c4983614291b938804a9df6b127
2020-12-02,9.74,9.74,ft^3/s,Approved,[],2025-03-11T21:24:03.840047+00:00,f0d00c4983614291b938804a9df6b127
2020-12-03,9.45,9.45,ft^3/s,Approved,[],2025-03-11T21:24:03.840047+00:00,f0d00c4983614291b938804a9df6b127
2020-12-04,9.26,9.26,ft^3/s,Approved,[],2025-03-11T21:24:03.840047+00:00,f0d00c4983614291b938804a9df6b127
2020-12-05,9.08,9.08,ft^3/s,Approved,[],2025-03-11T21:24:03.840047+00:00,f0d00c4983614291b938804a9df6b127
2020-12-06,9.06,9.06,ft^3/s,Approved,[],2025-03-11T21:24:03.840047+00:00,f0d00c4983614291b938804a9df6b127
2020-12-07,8.86,8.86,ft^3/s,Approved,[],2025-03-11T21:24:03.840047+00:00,f0d00c4983614291b938804a9df6b127
2020-12-08,8.8,8.80,ft^3/s,Approved,[],2025-03-11T21:24:03.840047+00:00,f0d00c4983614291b938804a9df6b127
2020-12-09,8.7,8.70,ft^3/s,Approved,[],2025-03-11T21:24:03.840047+00:00,f0d00c4983614291b938804a9df6b127
2020-12-10,8.69,8.69,ft^3/s,Approved,[],2025-03-11T21:24:03.840047+00:00,f0d00c4983614291b938804a9df6b127
2020-12-11,8.7,8.70,ft^3/s,Approved,[],2025-03-11T21:24:03.840047+00:00,f0d00c4983614291b938804a9df6b127
2020-12-12,8.62,8.62,ft^3/s,Approved,[],2025-03-11T21:24:03.840047+00:00,f0d00c4983614291b938804a9df6b127
2020-12-13,8.64,8.64,ft^3/s,Approved,[],2025-03-11T21:24:03.840047+00:00,f0d00c4983614291b938804a9df6b127
2020-12-14,8.38,8.38,ft^3/s,Approved,[],2025-03-11T21:24:03.840047+00:00,f0d00c4983614291b938804a9df6b127
2020-12-15,8.39,8.39,ft^3/s,Approved,[],2025-03-11T21:24:03.840047+00:00,f0d00c4983614291b938804a9df6b127
2020-12-16,8.3,8.30,ft^3/s,Approved,[],2025-03-11T21:24:03.840047+00:00,f0d00c4983614291b938804a9df6b127
2020-12-17,8.16,8.16,ft^3/s,Approved,[],2025-03-11T21:24:03.840047+00:00,f0d00c4983614291b938804a9df6b127
2020-12-18,8.08,8.08,ft^3/s,Approved,[],2025-03-11T21:24:03.840047+00:00,f0d00c4983614291b938804a9df6b127
2020-12-19,8.32,8.32,ft^3/s,Approved,[],2025-03-11T21:24:03.840047+00:00,f0d00c4983614291b938804a9df6b127
2020-12-20,8.46,8.46,ft^3/s,Approved,[],2025-03-11T21:24:03.840047+00:00,f0d00c4983614291b938804a9df6b127
2020-12-21,8.49,8.49,ft^3/s,Approved,[],2025-03-11T21:24:03.840047+00:00,f0d00c4983614291b938804a9df6b127
2020-12-22,8.45,8.45,ft^3/s,Approved,[],2025-03-11T21:24:03.840047+00:00,f0d00c4983614291b938804a9df6b127
2020-12-23,8.57,8.57,ft^3/s,Approved,[],2025-03-11T21:24:03.840047+00:00,f0d00c4983614291b938804a9df6b127
2020-12-24,8.41,8.41,ft^3/s,Approved,[],2025-03-11T21:24:03.840047+00:00,f0d00c4983614291b938804a9df6b127
2020-12-25,8.28,8.28,ft^3/s,Approved,[],2025-03-11T21:24:03.840047+00:00,f0d00c4983614291b938804a9df6b127
2020-12-26,8.3,8.30,ft^3/s,Approved,[],2025-03-11T21:24:03.840047+00:00,f0d00c4983614291b938804a9df6b127
2020-12-27,8.4,8.40,ft^3/s,Approved,[],2025-03-11T21:24:03.840047+00:00,f0d00c4983614291b938804a9df6b127
2020-12-28,8.47,8.47,ft^3/s,Approved,[],2025-03-11T21:24:03.840047+00:00,f0d00c4983614291b938804a9df6b127
2020-12-29,8.47,8.47,ft^3/s,Approved,[],2025-03-11T21:24:03.840047+00:00,f0d00c4983614291b938804a9df6b127
2020-12-30,8.51,8.51,ft^3/s,Approved,[],2025-03-11T21:24:03.840047+00:00,f0d00c4983614291b938804a9df6b127
2020-12-31,8.73,8.73,ft^3/s,Approved,[],2025-03-11T21:24:03.840047+00:00,f0d00c4983614291b938804a9df6b127
2021-01-01,9.22,9.22,ft^3/s,Approved,[],2025-03-11T21:24:03.840047+00:00,f0d00c4983614291b938804a9df6b127
2021-01-02,9.01,9.01,ft^3/s,Approved,[],2025-03-11T21:24:03.840047+00:00,f0d00c4983614291b938804a9df6b127
2021-01-03,9.22,9.22,ft^3/s,Approved,[],2025-03-11T21:24:03.840047+00:00,f0d00c4983614291b938804a9df6b127
2021-01-04,9.25,9.25,ft^3/s,Approved,[],2025-03-11T21:24:03.840047+00:00,f0d00c4983614291b938804a9df6b127
2021-01-05,9.02,9.02,ft^3/s,Approved,[],2025-03-11T21:24:03.840047+00:00,f0d00c4983614291b938804a9df6b127
2021-01-06,8.9,8.90,ft^3/s,Approved,[],2025-03-11T21:24:03.840047+00:00,f0d00c4983614291b938804a9df6b127
2021-01-07,8.52,8.52,ft^3/s,Approved,[],2025-03-11T21:24:03.840047+00:00,f0d00c4983614291b938804a9df6b127
2021-01-08,8.18,8.18,ft^3/s,Approved,[],2025-03-11T21:24:03.840047+00:00,f0d00c4983614291b938804a9df6b127
2021-01-09,8.11,8.11,ft^3/s,Approved,[],2025-03-11T21:24:03.840047+00:00,f0d00c4983614291b938804a9df6b127
2021-01-10,8.65,8.65,ft^3/s,Approved,[],2025-03-11T21:24:03.840047+00:00,f0d00c4983614291b938804a9df6b127
2021-01-11,9.9,9.90,ft^3/s,Approved,[],2025-03-11T21:24:03.840047+00:00,f0d00c4983614291b938804a9df6b127
2021-01-12,9.16,9.16,ft^3/s,Approved,[],2025-03-11T21:24:03.840047+00:00,f0d00c4983614291b938804a9df6b127
2021-01-13,8.9,8.90,ft^3/s,Approved,[],2025-03-11T21:24:03.840047+00:00,f0d00c4983614291b938804a9df6b127
2021-01-14,8.78,8.78,ft^3/s,Approved,[],2025-03-11T21:24:03.840047+00:00,f0d00c4983614291b938804a9df6b127
2021-01-15,8.57,8.57,ft^3/s,Approved,[],2025-03-11T21:24:03.840047+00:00,f0d00c4983614291b938804a9df6b127
2021-01-16,8.35,8.35,ft^3/s,Approved,[],2025-03-11T21:24:03.840047+00:00,f0d00c4983614291b938804a9df6b127
2021-01-17,8.23,8.23,ft^3/s,Approved,[],2025-03-11T21:24:03.840047+00:00,f0d00c4983614291b938804a9df6b127
2021-01-18,8.17,8.17,ft^3/s,Approved,[],2025-03-11T21:24:03.840047+00:00,f0d00c4983614291b938804a9df6b127
2021-01-19,8.18,8.18,ft^3/s,Approved,[],2025-03-11T21:24:03.840047+00:00,f0d00c4983614291b938804a9df6b127
2021-01-20,8.0,8.00,ft^3/s,Approved,[],2025-03-11T21:24:03.840047+00:00,f0d00c4983614291b938804a9df6b127
2021-01-21,8.23,8.23,ft^3/s,Approved,[],2025-03-11T21:24:03.840047+00:00,f0d00c4983614291b938804a9df6b127
2021-01-22,8.29,8.29,ft^3/s,Approved,[],2025-03-11T21:24:03.840047+00:00,f0d00c4983614291b938804a9df6b127
2021-01-23,8.34,8.34,ft^3/s,Approved,[],2025-03-11T21:24:03.840047+00:00,f0d00c4983614291b938804a9df6b127
2021-01-24,8.49,8.49,ft^3/s,Approved,[],2025-03-11T21:24:03.840047+00:00,f0d00c4983614291b938804a9df6b127
2021-01-25,8.58,8.58,ft^3/s,Approved,[],2025-03-11T21:24:03.840047+00:00,f0d00c4983614291b938804a9df6b127
2021-01-26,8.31,8.31,ft^3/s,Approved,[],2025-03-11T21:24:03.840047+00:00,f0d00c4983614291b938804a9df6b127
2021-01-27,8.18,8.18,ft^3/s,Approved,[],2025-03-11T21:24:03.840047+00:00,f0d00c4983614291b938804a9df6b127
2021-01-28,7.93,7.93,ft^3/s,Approved,[],2025-03-11T21:24:03.840047+00:00,f0d00c4983614291b938804a9df6b127
2021-01-29,7.97,7.97,ft^3/s,Approved,[],2025-03-11T21:24:03.840047+00:00,f0d00c4983614291b938804a9df6b127
2021-01-30,8.26,8.26,ft^3/s,Approved,[],2025-03-11T21:24:03.840047+00:00,f0d00c4983614291b938804a9df6b127
2021-01-31,8.2,8.20,ft^3/s,Approved,[],2025-03-11T21:24:03.840047+00:00,f0d00c4983614291b938804a9df6b127
2021-02-01,8.0,8.00,ft^3/s,Approved,[],2025-03-11T21:24:03.840047+00:00,f0d00c4983614291b938804a9df6b127
2021-02-02,7.99,7.99,ft^3/s,Approved,[],2025-03-11T21:24:03.840047+00:00,f0d00c4983614291b938804a9df6b127
2021-02-03,8.1,8.10,ft^3/s,Approved,[],2025-03-11T21:24:03.840047+00:00,f0d00c4983614291b938804a9df6b127
2021-02-04,8.07,8.07,ft^3/s,Approved,[],2025-03-11T21:24:03.840047+00:00,f0d00c4983614291b938804a9df6b127
2021-02-05,8.06,8.06,ft^3/s,Approved,[],2025-03-11T21:24:03.840047+00:00,f0d00c4983614291b938804a9df6b127
2021-02-06,8.22,8.22,ft^3/s,Approved,[],2025-03-11T21:24:03.840047+00:00,f0d00c4983614291b938804a9df6b127
2021-02-07,8.15,8.15,ft^3/s,Approved,[],2025-03-11T21:24:03.840047+00:00,f0d00c4983614291b938804a9df6b127
2021-02-08,8.16,8.16,ft^3/s,Approved,[],2025-03-11T21:24:03.840047+00:00,f0d00c4983614291b938804a9df6b127
2021-02-09,8.22,8.22,ft^3/s,Approved,[],2025-03-11T21:24:03.840047+00:00,f0d00c4983614291b938804a9df6b127
2021-02-10,8.24,8.24,ft^3/s,Approved,[],2025-03-11T21:24:03.840047+00:00,f0d00c4983614291b938804a9df6b127
2021-02-11,8.44,8.44,ft^3/s,Approved,[],2025-03-11T21:24:03.840047+00:00,f0d00c4983614291b938804a9df6b127
2021-02-12,9.27,9.27,ft^3/s,Approved,[],2025-03-11T21:24:03.840047+00:00,f0d00c4983614291b938804a9df6b127
2021-02-13,8.97,8.97,ft^3/s,Approved,[],2025-03-11T21:24:03.840047+00:00,f0d00c4983614291b938804a9df6b127
2021-02-14,9.02,9.02,ft^3/s,Approved,[],2025-03-11T21:24:03.840047+00:00,f0d00c4983614291b938804a9df6b127
2021-02-15,9.09,9.09,ft^3/s,Approved,[],2025-03-11T21:24:03.840047+00:00,f0d00c4983614291b938804a9df6b127
2021-02-16,9.06,9.06,ft^3/s,Approved,[],2025-03-11T21:24:03.840047+00:00,f0d00c4983614291b938804a9df6b127
2021-02-17,9.53,9.53,ft^3/s,Approved,[],2025-03-11T21:24:03.840047+00:00,f0d00c4983614291b938804a9df6b127
2021-02-18,10.3,10.3,ft^3/s,Approved,[],2025-03-11T21:24:03.840047+00:00,f0d00c4983614291b938804a9df6b127
2021-02-19,9.94,9.94,ft^3/s,Approved,[],2025-03-11T21:24:03.840047+00:00,f0d00c4983614291b938804a9df6b127
2021-02-20,9.98,9.98,ft^3/s,Approved,[],2025-03-11T21:24:03.840047+00:00,f0d00c4983614291b938804a9df6b127
2021-02-21,9.98,9.98,ft^3/s,Approved,[],2025-03-11T21:24:03.840047+00:00,f0d00c4983614291b938804a9df6b127
2021-02-22,9.8,9.80,ft^3/s,Approved,[],2025-03-11T21:24:03.840047+00:00,f0d00c4983614291b938804a9df6b127
2021-02-23,9.67,9.67,ft^3/s,Approved,[],2025-03-11T21:24:03.840047+00:00,f0d00c4983614291b938804a9df6b127
2021-02-24,9.68,9.68,ft^3/s,Approved,[],2025-03-11T21:24:03.840047+00:00,f0d00c4983614291b938804a9df6b127
2021-02-25,9.53,9.53,ft^3/s,Approved,[],2025-03-11T21:24:03.840047+00:00,f0d00c4983614291b938804a9df6b127
2021-02-26,9.48,9.48,ft^3/s,Approved,[],2025-03-11T21:24:03.840047+00:00,f0d00c4983614291b938804a9df6b127
2021-02-27,9.59,9.59,ft^3/s,Approved,[],2025-03-11T21:24:03.840047+00:00,f0d00c4983614291b938804a9df6b127
2021-02-28,9.66,9.66,ft^3/s,Approved,[],2025-03-11T21:24:03.840047+00:00,f0d00c4983614291b938804a9df6b127
2021-03-01,9.48,9.48,ft^3/s,Approved,[],2025-03-11T21:24:03.840047+00:00,f0d00c4983614291b938804a9df6b127
2021-03-02,9.27,9.27,ft^3/s,Approved,[],2025-03-11T21:24:03.840047+00:00,f0d00c4983614291b938804a9df6b127
2021-03-03,9.16,9.16,ft^3/s,Approved,[],2025-03-11T21:24:03.840047+00:00,f0d00c4983614291b938804a9df6b127
2021-03-04,9.1,9.10,ft^3/s,Approved,[],2025-03-11T21:24:03.840047+00:00,f0d00c4983614291b938804a9df6b127
2021-03-05,9.08,9.08,ft^3/s,Approved,[],2025-03-11T21:24:03.840047+00:00,f0d00c4983614291b938804a9df6b127
2021-03-06,8.72,8.72,ft^3/s,Approved,[],2025-03-11T21:24:03.840047+00:00,f0d00c4983614291b938804a9df6b127
2021-03-07,8.62,8.62,ft^3/s,Approved,[],2025-03-11T21:24:03.840047+00:00,f0d00c4983614291b938804a9df6b127
2021-03-08,8.58,8.58,ft^3/s,Approved,[],2025-03-11T21:24:03.840047+00:00,f0d00c4983614291b938804a9df6b127
2021-03-09,8.64,8.64,ft^3/s,Approved,[],2025-03-11T21:24:03.840047+00:00,f0d00c4983614291b938804a9df6b127
2021-03-10,8.77,8.77,ft^3/s,Approved,[],2025-03-11T21:24:03.840047+00:00,f0d00c4983614291b938804a9df6b127
2021-03-11,8.71,8.71,ft^3/s,Approved,[],2025-03-11T21:24:03.840047+00:00,f0d00c4983614291b938804a9df6b127
2021-03-12,8.67,8.67,ft^3/s,Approved,[],2025-03-11T21:24:03.840047+00:00,f0d00c4983614291b938804a9df6b127
2021-03-13,8.8,8.80,ft^3/s,Approved,[],2025-03-11T21:24:03.840047+00:00,f0d00c4983614291b938804a9df6b127
2021-03-14,8.88,8.88,ft^3/s,Approved,[],2025-03-11T21:24:03.840047+00:00,f0d00c4983614291b938804a9df6b127
2021-03-15,8.81,8.81,ft^3/s,Approved,[],2025-03-11T21:24:03.840047+00:00,f0d00c4983614291b938804a9df6b127
2021-03-16,8.79,8.79,ft^3/s,Approved,[],2025-03-11T21:24:03.840047+00:00,f0d00c4983614291b938804a9df6b127
2021-03-17,8.74,8.74,ft^3/s,Approved,[],2025-03-11T21:24:03.840047+00:00,f0d00c4983614291b938804a9df6b127
2021-03-18,8.28,8.28,ft^3/s,Approved,[],2025-03-11T21:24:03.840047+00:00,f0d00c4983614291b938804a9df6b127
2021-03-19,8.06,8.06,ft^3/s,Approved,[],2025-03-11T21:24:03.840047+00:00,f0d00c4983614291b938804a9df6b127
2021-03-20,8.14,8.14,ft^3/s,Approved,[],2025-03-11T21:24:03.840047+00:00,f0d00c4983614291b938804a9df6b127
2021-03-21,8.12,8.12,ft^3/s,Approved,[],2025-03-11T21:24:03.840047+00:00,f0d00c4983614291b938804a9df6b127
2021-03-22,8.31,8.31,ft^3/s,Approved,[],2025-03-11T21:24:03.840047+00:00,f0d00c4983614291b938804a9df6b127
2021-03-23,9.37,9.37,ft^3/s,Approved,[],2025-03-11T21:24:03.840047+00:00,f0d00c4983614291b938804a9df6b127
2021-03-24,9.41,9.41,ft^3/s,Approved,[],2025-03-11T21:24:03.840047+00:00,f0d00c4983614291b938804a9df6b127
2021-03-25,9.27,9.27,ft^3/s,Approved,[],2025-03-11T21:24:03.840047+00:00,f0d00c4983614291b938804a9df6b127
2021-03-26,9.23,9.23,ft^3/s,Approved,[],2025-03-11T21:24:03.840047+00:00,f0d00c4983614291b938804a9df6b127
2021-03-27,9.16,9.16,ft^3/s,Approved,[],2025-03-11T21:24:03.840047+00:00,f0d00c4983614291b938804a9df6b127
2021-03-28,9.02,9.02,ft^3/s,Approved,[],2025-03-11T21:24:03.840047+00:00,f0d00c4983614291b938804a9df6b127
2021-03-29,8.64,8.64,ft^3/s,Approved,[],2025-03-11T21:24:03.840047+00:00,f0d00c4983614291b938804a9df6b127
2021-03-30,8.69,8.69,ft^3/s,Approved,[],2025-03-11T21:24:03.840047+00:00,f0d00c4983614291b938804a9df6b127
2021-03-31,8.55,8.55,ft^3/s,Approved,[],2025-03-11T21:24:03.840047+00:00,f0d00c4983614291b938804a9df6b127
2021-04-01,8.25,8.25,ft^3/s,Approved,[],2025-03-11T21:24:03.840047+00:00,f0d00c4983614291b938804a9df6b127
2021-04-02,8.41,8.41,ft^3/s,Approved,[],2025-03-11T21:24:03.840047+00:00,f0d00c4983614291b938804a9df6b127
2021-04-03,8.43,8.43,ft^3/s,Approved,[],2025-03-11T21:24:03.840047+00:00,f0d00c4983614291b938804a9df6b127
2021-04-04,8.31,8.31,ft^3/s,Approved,[],2025-03-11T21:24:03.840047+00:00,f0d00c4983614291b938804a9df6b127
2021-04-05,8.31,8.31,ft^3/s,Approved,[],2025-03-11T21:24:03.840047+00:00,f0d00c4983614291b938804a9df6b127
2021-04-06,8.33,8.33,ft^3/s,Approved,[],2025-03-11T21:24:03.840047+00:00,f0d00c4983614291b938804a9df6b127
2021-04-07,8.21,8.21,ft^3/s,Approved,[],2025-03-11T21:24:03.840047+00:00,f0d00c4983614291b938804a9df6b127
2021-04-08,8.24,8.24,ft^3/s,Approved,[],2025-03-11T21:24:03.840047+00:00,f0d00c4983614291b938804a9df6b127
2021-04-09,8.2,8.20,ft^3/s,Approved,[],2025-03-11T21:24:03.840047+00:00,f0d00c4983614291b938804a9df6b127
2021-04-10,8.15,8.15,ft^3/s,Approved,[],2025-03-11T21:24:03.840047+00:00,f0d00c4983614291b938804a9df6b127
2021-04-11,7.9,7.90,ft^3/s,Approved,[],2025-03-11T21:24:03.840047+00:00,f0d00c4983614291b938804a9df6b127
2021-04-12,7.88,7.88,ft^3/s,Approved,[],2025-03-11T21:24:03.840047+00:00,f0d00c4983614291b938804a9df6b127
2021-04-13,7.88,7.88,ft^3/s,Approved,[],2025-03-11T21:24:03.840047+00:00,f0d00c4983614291b938804a9df6b127
2021-04-14,7.86,7.86,ft^3/s,Approved,[],2025-03-11T21:24:03.840047+00:00,f0d00c4983614291b938804a9df6b127
2021-04-15,7.89,7.89,ft^3/s,Approved,[],2025-03-11T21:24:03.840047+00:00,f0d00c4983614291b938804a9df6b127
2021-04-16,7.87,7.87,ft^3/s,Approved,[],2025-03-11T21:24:03.840047+00:00,f0d00c4983614291b938804a9df6b127
2021-04-17,7.76,7.76,ft^3/s,Approved,[],2025-03-11T21:24:03.840047+00:00,f0d00c4983614291b938804a9df6b127
2021-04-18,7.47,7.47,ft^3/s,Approved,[],2025-03-11T21:24:03.840047+00:00,f0d00c4983614291b938804a9df6b127
2021-04-19,7.37,7.37,ft^3/s,Approved,[],2025-03-11T21:24:03.840047+00:00,f0d00c4983614291b938804a9df6b127
2021-04-20,7.41,7.41,ft^3/s,Approved,[],2025-03-11T21:24:03.840047+00:00,f0d00c4983614291b938804a9df6b127
2021-04-21,7.51,7.51,ft^3/s,Approved,[],2025-03-11T21:24:03.840047+00:00,f0d00c4983614291b938804a9df6b127
2021-04-22,8.15,8.15,ft^3/s,Approved,[],2025-03-11T21:24:03.840047+00:00,f0d00c4983614291b938804a9df6b127
2021-04-23,8.22,8.22,ft^3/s,Approved,[],2025-03-11T21:24:03.840047+00:00,f0d00c4983614291b938804a9df6b127
2021-04-24,7.93,7.93,ft^3/s,Approved,[],2025-03-11T21:24:03.840047+00:00,f0d00c4983614291b938804a9df6b127
2021-04-25,7.62,7.62,ft^3/s,Approved,[],2025-03-11T21:24:03.840047+00:00,f0d00c4983614291b938804a9df6b127
2021-04-26,7.71,7.71,ft^3/s,Approved,[],2025-03-11T21:24:03.840047+00:00,f0d00c4983614291b938804a9df6b127
2021-04-27,7.76,7.76,ft^3/s,Approved,[],2025-03-11T21:24:03.840047+00:00,f0d00c4983614291b938804a9df6b127
2021-04-28,8.0,8.00,ft^3/s,Approved,[],2025-03-11T21:24:03.840047+00:00,f0d00c4983614291b938804a9df6b127
2021-04-29,15.1,15.1,ft^3/s,Approved,[],2025-03-11T21:24:03.840047+00:00,f0d00c4983614291b938804a9df6b127
2021-04-30,18.4,18.4,ft^3/s,Approved,[],2025-03-11T21:24:03.840047+00:00,f0d00c4983614291b938804a9df6b127
2021-05-01,81.5,81.5,ft^3/s,Approved,[],2025-03-11T21:24:03.840047+00:00,f0d00c4983614291b938804a9df6b127
2021-05-02,100.0,100,ft^3/s,Approved,[],2025-03-11T21:24:03.840047+00:00,f0d00c4983614291b938804a9df6b127
2021-05-03,66.2,66.2,ft^3/s,Approved,[],2025-03-11T21:24:03.840047+00:00,f0d00c4983614291b938804a9df6b127
2021-05-04,48.1,48.1,ft^3/s,Approved,[],2025-03-11T21:24:03.840047+00:00,f0d00c4983614291b938804a9df6b127
2021-05-05,41.4,41.4,ft^3/s,Approved,[],2025-03-11T21:24:03.840047+00:00,f0d00c4983614291b938804a9df6b127
2021-05-06,37.8,37.8,ft^3/s,Approved,[],2025-03-11T21:24:03.840047+00:00,f0d00c4983614291b938804a9df6b127
2021-05-07,39.1,39.1,ft^3/s,Approved,[],2025-03-11T21:24:03.840047+00:00,f0d00c4983614291b938804a9df6b127
2021-05-08,34.4,34.4,ft^3/s,Approved,[],2025-03-11T21:24:03.840047+00:00,f0d00c4983614291b938804a9df6b127
2021-05-09,30.7,30.7,ft^3/s,Approved,[],2025-03-11T21:24:03.840047+00:00,f0d00c4983614291b938804a9df6b127
2021-05-10,26.9,26.9,ft^3/s,Approved,[],2025-03-11T21:24:03.840047+00:00,f0d00c4983614291b938804a9df6b127
2021-05-11,27.2,27.2,ft^3/s,Approved,[],2025-03-11T21:24:03.840047+00:00,f0d00c4983614291b938804a9df6b127
2021-05-12,26.9,26.9,ft^3/s,Approved,[],2025-03-11T21:24:03.840047+00:00,f0d00c4983614291b938804a9df6b127
2021-05-13,21.9,21.9,ft^3/s,Approved,[],2025-03-11T21:24:03.840047+00:00,f0d00c4983614291b938804a9df6b127
2021-05-14,20.8,20.8,ft^3/s,Approved,[],2025-03-11T21:24:03.840047+00:00,f0d00c4983614291b938804a9df6b127
2021-05-15,20.4,20.4,ft^3/s,Approved,[],2025-03-11T21:24:03.840047+00:00,f0d00c4983614291b938804a9df6b127
2021-05-16,18.3,18.3,ft^3/s,Approved,[],2025-03-11T21:24:03.840047+00:00,f0d00c4983614291b938804a9df6b127
2021-05-17,16.5,16.5,ft^3/s,Approved,[],2025-03-11T21:24:03.840047+00:00,f0d00c4983614291b938804a9df6b127
2021-05-18,21.4,21.4,ft^3/s,Approved,[],2025-03-11T21:24:03.840047+00:00,f0d00c4983614291b938804a9df6b127
2021-05-19,46.1,46.1,ft^3/s,Approved,[],2025-03-11T21:24:03.840047+00:00,f0d00c4983614291b938804a9df6b127
2021-05-20,46.4,46.4,ft^3/s,Approved,[],2025-03-11T21:24:03.840047+00:00,f0d00c4983614291b938804a9df6b127
2021-05-21,46.4,46.4,ft^3/s,Approved,[],2025-03-11T21:24:03.840047+00:00,f0d00c4983614291b938804a9df6b127
2021-05-22,47.7,47.7,ft^3/s,Approved,[],2025-03-11T21:24:03.840047+00:00,f0d00c4983614291b938804a9df6b127
2021-05-23,46.8,46.8,ft^3/s,Approved,[],2025-03-11T21:24:03.840047+00:00,f0d00c4983614291b938804a9df6b127
2021-05-24,51.5,51.5,ft^3/s,Approved,[],2025-03-11T21:24:03.840047+00:00,f0d00c4983614291b938804a9df6b127
2021-05-25,65.3,65.3,ft^3/s,Approved,[],2025-03-11T21:24:03.840047+00:00,f0d00c4983614291b938804a9df6b127
2021-05-26,98.1,98.1,ft^3/s,Approved,[],2025-03-11T21:24:03.840047+00:00,f0d00c4983614291b938804a9df6b127
2021-05-27,99.2,99.2,ft^3/s,Approved,[],2025-03-11T21:24:03.840047+00:00,f0d00c4983614291b938804a9df6b127
2021-05-28,114.0,114,ft^3/s,Approved,[],2025-03-11T21:24:03.840047+00:00,f0d00c4983614291b938804a9df6b127
2021-05-29,179.0,179,ft^3/s,Approved,"[""ESTIMATED""]",2025-03-11T21:24:03.840047+00:00,f0d00c4983614291b938804a9df6b127
2021-05-30,106.0,106,ft^3/s,Approved,[],2025-11-21T16:34:19.961837+00:00,f0d00c4983614291b938804a9df6b127
2021-05-31,74.4,74.4,ft^3/s,Approved,[],2025-03-11T21:24:03.840047+00:00,f0d00c4983614291b938804a9df6b127
2021-06-01,70.9,70.9,ft^3/s,Approved,[],2025-03-11T21:24:03.840047+00:00,f0d00c4983614291b938804a9df6b127
2021-06-02,67.7,67.7,ft^3/s,Approved,[],2025-03-11T21:24:03.840047+00:00,f0d00c4983614291b938804a9df6b127
2021-06-03,65.9,65.9,ft^3/s,Approved,[],2025-03-11T21:24:03.840047+00:00,f0d00c4983614291b938804a9df6b127
2021-06-04,73.3,73.3,ft^3/s,Approved,[],2025-03-11T21:24:03.840047+00:00,f0d00c4983614291b938804a9df6b127
2021-06-05,72.8,72.8,ft^3/s,Approved,[],2025-03-11T21:24:03.840047+00:00,f0d00c4983614291b938804a9df6b127
2021-06-06,81.7,81.7,ft^3/s,Approved,[],2025-03-11T21:24:03.840047+00:00,f0d00c4983614291b938804a9df6b127
2021-06-07,80.1,80.1,ft^3/s,Approved,[],2025-03-11T21:24:03.840047+00:00,f0d00c4983614291b938804a9df6b127
2021-06-08,78.3,78.3,ft^3/s,Approved,[],2025-03-11T21:24:03.840047+00:00,f0d00c4983614291b938804a9df6b127
2021-06-09,81.5,81.5,ft^3/s,Approved,[],2025-03-11T21:24:03.840047+00:00,f0d00c4983614291b938804a9df6b127
2021-06-10,81.0,81.0,ft^3/s,Approved,[],2025-03-11T21:24:03.840047+00:00,f0d00c4983614291b938804a9df6b127
2021-06-11,80.3,80.3,ft^3/s,Approved,[],2025-03-11T21:24:03.840047+00:00,f0d00c4983614291b938804a9df6b127
2021-06-12,78.7,78.7,ft^3/s,Approved,[],2025-03-11T21:24:03.840047+00:00,f0d00c4983614291b938804a9df6b127
2021-06-13,76.5,76.5,ft^3/s,Approved,[],2025-03-11T21:24:03.840047+00:00,f0d00c4983614291b938804a9df6b127
2021-06-14,76.7,76.7,ft^3/s,Approved,[],2025-03-11T21:24:03.840047+00:00,f0d00c4983614291b938804a9df6b127
2021-06-15,76.4,76.4,ft^3/s,Approved,[],2025-03-11T21:24:03.840047+00:00,f0d00c4983614291b938804a9df6b127
2021-06-16,76.0,76.0,ft^3/s,Approved,[],2025-03-11T21:24:03.840047+00:00,f0d00c4983614291b938804a9df6b127
2021-06-17,76.1,76.1,ft^3/s,Approved,[],2025-03-11T21:24:03.840047+00:00,f0d00c4983614291b938804a9df6b127
2021-06-18,75.4,75.4,ft^3/s,Approved,[],2025-03-11T21:24:03.840047+00:00,f0d00c4983614291b938804a9df6b127
2021-06-19,74.7,74.7,ft^3/s,Approved,[],2025-03-11T21:24:03.840047+00:00,f0d00c4983614291b938804a9df6b127
2021-06-20,73.7,73.7,ft^3/s,Approved,[],2025-03-11T21:24:03.840047+00:00,f0d00c4983614291b938804a9df6b127
2021-06-21,72.7,72.7,ft^3/s,Approved,[],2025-03-11T21:24:03.840047+00:00,f0d00c4983614291b938804a9df6b127
2021-06-22,71.4,71.4,ft^3/s,Approved,[],2025-03-11T21:24:03.840047+00:00,f0d00c4983614291b938804a9df6b127
2021-06-23,70.3,70.3,ft^3/s,Approved,[],2025-03-11T21:24:03.840047+00:00,f0d00c4983614291b938804a9df6b127
2021-06-24,69.1,69.1,ft^3/s,Approved,[],2025-03-11T21:24:03.840047+00:00,f0d00c4983614291b938804a9df6b127
2021-06-25,68.0,68.0,ft^3/s,Approved,[],2025-03-11T21:24:03.840047+00:00,f0d00c4983614291b938804a9df6b127
2021-06-26,66.4,66.4,ft^3/s,Approved,[],2025-03-11T21:24:03.840047+00:00,f0d00c4983614291b938804a9df6b127
2021-06-27,65.9,65.9,ft^3/s,Approved,[],2025-03-11T21:24:03.840047+00:00,f0d00c4983614291b938804a9df6b127
2021-06-28,66.5,66.5,ft^3/s,Approved,[],2025-03-11T21:24:03.840047+00:00,f0d00c4983614291b938804a9df6b127
2021-06-29,64.7,64.7,ft^3/s,Approved,[],2025-03-11T21:24:03.840047+00:00,f0d00c4983614291b938804a9df6b127
2021-06-30,63.2,63.2,ft^3/s,Approved,[],2025-03-11T21:24:03.840047+00:00,f0d00c4983614291b938804a9df6b127
2021-07-01,61.8,61.8,ft^3/s,Approved,[],2025-03-11T21:24:03.840047+00:00,f0d00c4983614291b938804a9df6b127
2021-07-02,60.6,60.6,ft^3/s,Approved,[],2025-03-11T21:24:03.840047+00:00,f0d00c4983614291b938804a9df6b127
2021-07-03,59.6,59.6,ft^3/s,Approved,[],2025-03-11T21:24:03.840047+00:00,f0d00c4983614291b938804a9df6b127
2021-07-04,58.6,58.6,ft^3/s,Approved,[],2025-03-11T21:24:03.840047+00:00,f0d00c4983614291b938804a9df6b127
2021-07-05,58.7,58.7,ft^3/s,Approved,[],2025-03-11T21:24:03.840047+00:00,f0d00c4983614291b938804a9df6b127
2021-07-06,83.2,83.2,ft^3/s,Approved,[],2025-03-11T21:24:03.840047+00:00,f0d00c4983614291b938804a9df6b127
2021-07-07,82.4,82.4,ft^3/s,Approved,[],2025-03-11T21:24:03.840047+00:00,f0d00c4983614291b938804a9df6b127
2021-07-08,80.8,80.8,ft^3/s,Approved,[],2025-03-11T21:24:03.840047+00:00,f0d00c4983614291b938804a9df6b127
2021-07-09,80.7,80.7,ft^3/s,Approved,[],2025-03-11T21:24:03.840047+00:00,f0d00c4983614291b938804a9df6b127
2021-07-10,84.9,84.9,ft^3/s,Approved,[],2025-03-11T21:24:03.840047+00:00,f0d00c4983614291b938804a9df6b127
2021-07-11,83.4,83.4,ft^3/s,Approved,[],2025-03-11T21:24:03.840047+00:00,f0d00c4983614291b938804a9df6b127
2021-07-12,79.6,79.6,ft^3/s,Approved,[],2025-03-11T21:24:03.840047+00:00,f0d00c4983614291b938804a9df6b127
2021-07-13,77.8,77.8,ft^3/s,Approved,[],2025-03-11T21:24:03.840047+00:00,f0d00c4983614291b938804a9df6b127
2021-07-14,75.6,75.6,ft^3/s,Approved,[],2025-03-11T21:24:03.840047+00:00,f0d00c4983614291b938804a9df6b127
2021-07-15,73.7,73.7,ft^3/s,Approved,[],2025-03-11T21:24:03.840047+00:00,f0d00c4983614291b938804a9df6b127
2021-07-16,72.1,72.1,ft^3/s,Approved,[],2025-03-11T21:24:03.840047+00:00,f0d00c4983614291b938804a9df6b127
2021-07-17,71.0,71.0,ft^3/s,Approved,[],2025-03-11T21:24:03.840047+00:00,f0d00c4983614291b938804a9df6b127
2021-07-18,68.7,68.7,ft^3/s,Approved,[],2025-03-11T21:24:03.840047+00:00,f0d00c4983614291b938804a9df6b127
2021-07-19,68.2,68.2,ft^3/s,Approved,[],2025-03-11T21:24:03.840047+00:00,f0d00c4983614291b938804a9df6b127
2021-07-20,71.3,71.3,ft^3/s,Approved,[],2025-03-11T21:24:03.840047+00:00,f0d00c4983614291b938804a9df6b127
2021-07-21,70.3,70.3,ft^3/s,Approved,[],2025-03-11T21:24:03.840047+00:00,f0d00c4983614291b938804a9df6b127
2021-07-22,69.5,69.5,ft^3/s,Approved,[],2025-03-11T21:24:03.840047+00:00,f0d00c4983614291b938804a9df6b127
2021-07-23,65.8,65.8,ft^3/s,Approved,[],2025-03-11T21:24:03.840047+00:00,f0d00c4983614291b938804a9df6b127
2021-07-24,62.9,62.9,ft^3/s,Approved,[],2025-03-11T21:24:03.840047+00:00,f0d00c4983614291b938804a9df6b127
2021-07-25,59.3,59.3,ft^3/s,Approved,[],2025-03-11T21:24:03.840047+00:00,f0d00c4983614291b938804a9df6b127
2021-07-26,58.3,58.3,ft^3/s,Approved,[],2025-03-11T21:24:03.840047+00:00,f0d00c4983614291b938804a9df6b127
2021-07-27,55.7,55.7,ft^3/s,Approved,[],2025-03-11T21:24:03.840047+00:00,f0d00c4983614291b938804a9df6b127
2021-07-28,54.4,54.4,ft^3/s,Approved,[],2025-03-11T21:24:03.840047+00:00,f0d00c4983614291b938804a9df6b127
2021-07-29,54.7,54.7,ft^3/s,Approved,[],2025-03-11T21:24:03.840047+00:00,f0d00c4983614291b938804a9df6b127
2021-07-30,53.5,53.5,ft^3/s,Approved,[],2025-03-11T21:24:03.840047+00:00,f0d00c4983614291b938804a9df6b127
2021-07-31,54.7,54.7,ft^3/s,Approved,[],2025-03-11T21:24:03.840047+00:00,f0d00c4983614291b938804a9df6b127
2021-08-01,60.1,60.1,ft^3/s,Approved,[],2025-03-11T21:24:03.840047+00:00,f0d00c4983614291b938804a9df6b127
2021-08-02,59.0,59.0,ft^3/s,Approved,[],2025-03-11T21:24:03.840047+00:00,f0d00c4983614291b938804a9df6b127
2021-08-03,76.3,76.3,ft^3/s,Approved,[],2025-03-11T21:24:03.840047+00:00,f0d00c4983614291b938804a9df6b127
2021-08-04,84.5,84.5,ft^3/s,Approved,[],2025-03-11T21:24:03.840047+00:00,f0d00c4983614291b938804a9df6b127
2021-08-05,77.0,77.0,ft^3/s,Approved,[],2025-03-11T21:24:03.840047+00:00,f0d00c4983614291b938804a9df6b127
2021-08-06,73.1,73.1,ft^3/s,Approved,[],2025-03-11T21:24:03.840047+00:00,f0d00c4983614291b938804a9df6b127
2021-08-07,68.9,68.9,ft^3/s,Approved,[],2025-03-11T21:24:03.840047+00:00,f0d00c4983614291b938804a9df6b127
2021-08-08,63.5,63.5,ft^3/s,Approved,[],2025-03-11T21:24:03.840047+00:00,f0d00c4983614291b938804a9df6b127
2021-08-09,58.0,58.0,ft^3/s,Approved,[],2025-03-11T21:24:03.840047+00:00,f0d00c4983614291b938804a9df6b127
2021-08-10,57.2,57.2,ft^3/s,Approved,[],2025-03-11T21:24:03.840047+00:00,f0d00c4983614291b938804a9df6b127
2021-08-11,60.8,60.8,ft^3/s,Approved,[],2025-03-11T21:24:03.840047+00:00,f0d00c4983614291b938804a9df6b127
2021-08-12,61.5,61.5,ft^3/s,Approved,[],2025-03-11T21:24:03.840047+00:00,f0d00c4983614291b938804a9df6b127
2021-08-13,60.5,60.5,ft^3/s,Approved,[],2025-03-11T21:24:03.840047+00:00,f0d00c4983614291b938804a9df6b127
2021-08-14,58.1,58.1,ft^3/s,Approved,[],2025-03-11T21:24:03.840047+00:00,f0d00c4983614291b938804a9df6b127
2021-08-15,56.0,56.0,ft^3/s,Approved,[],2025-03-11T21:24:03.840047+00:00,f0d00c4983614291b938804a9df6b127
2021-08-16,54.4,54.4,ft^3/s,Approved,[],2025-03-11T21:24:03.840047+00:00,f0d00c4983614291b938804a9df6b127
2021-08-17,53.3,53.3,ft^3/s,Approved,[],2025-03-11T21:24:03.840047+00:00,f0d00c4983614291b938804a9df6b127
2021-08-18,51.1,51.1,ft^3/s,Approved,[],2025-03-11T21:24:03.840047+00:00,f0d00c4983614291b938804a9df6b127
2021-08-19,49.6,49.6,ft^3/s,Approved,[],2025-03-11T21:24:03.840047+00:00,f0d00c4983614291b938804a9df6b127
2021-08-20,48.0,48.0,ft^3/s,Approved,[],2025-03-11T21:24:03.840047+00:00,f0d00c4983614291b938804a9df6b127
2021-08-21,46.9,46.9,ft^3/s,Approved,[],2025-03-11T21:24:03.840047+00:00,f0d00c4983614291b938804a9df6b127
2021-08-22,47.4,47.4,ft^3/s,Approved,[],2025-03-11T21:24:03.840047+00:00,f0d00c4983614291b938804a9df6b127
2021-08-23,45.6,45.6,ft^3/s,Approved,[],2025-03-11T21:24:03.840047+00:00,f0d00c4983614291b938804a9df6b127
2021-08-24,46.5,46.5,ft^3/s,Approved,[],2025-03-11T21:24:03.840047+00:00,f0d00c4983614291b938804a9df6b127
2021-08-25,45.9,45.9,ft^3/s,Approved,[],2025-03-11T21:24:03.840047+00:00,f0d00c4983614291b938804a9df6b127
2021-08-26,44.6,44.6,ft^3/s,Approved,[],2025-03-11T21:24:03.840047+00:00,f0d00c4983614291b938804a9df6b127
2021-08-27,43.0,43.0,ft^3/s,Approved,[],2025-03-11T21:24:03.840047+00:00,f0d00c4983614291b938804a9df6b127
2021-08-28,38.4,38.4,ft^3/s,Approved,[],2025-03-11T21:24:03.840047+00:00,f0d00c4983614291b938804a9df6b127
2021-08-29,37.9,37.9,ft^3/s,Approved,[],2025-03-11T21:24:03.840047+00:00,f0d00c4983614291b938804a9df6b127
2021-08-30,38.1,38.1,ft^3/s,Approved,[],2025-03-11T21:24:03.840047+00:00,f0d00c4983614291b938804a9df6b127
2021-08-31,37.2,37.2,ft^3/s,Approved,[],2025-03-11T21:24:03.840047+00:00,f0d00c4983614291b938804a9df6b127
2021-09-01,36.7,36.7,ft^3/s,Approved,[],2025-03-11T21:24:03.840047+00:00,f0d00c4983614291b938804a9df6b127
2021-09-02,34.7,34.7,ft^3/s,Approved,[],2025-03-11T21:24:03.840047+00:00,f0d00c4983614291b938804a9df6b127
2021-09-03,33.9,33.9,ft^3/s,Approved,[],2025-03-11T21:24:03.840047+00:00,f0d00c4983614291b938804a9df6b127
2021-09-04,33.2,33.2,ft^3/s,Approved,[],2025-03-11T21:24:03.840047+00:00,f0d00c4983614291b938804a9df6b127
2021-09-05,33.1,33.1,ft^3/s,Approved,[],2025-03-11T21:24:03.840047+00:00,f0d00c4983614291b938804a9df6b127
2021-09-06,32.1,32.1,ft^3/s,Approved,[],2025-03-11T21:24:03.840047+00:00,f0d00c4983614291b938804a9df6b127
2021-09-07,32.0,32.0,ft^3/s,Approved,[],2025-03-11T21:24:03.840047+00:00,f0d00c4983614291b938804a9df6b127
2021-09-08,31.6,31.6,ft^3/s,Approved,[],2025-03-11T21:24:03.840047+00:00,f0d00c4983614291b938804a9df6b127
2021-09-09,29.3,29.3,ft^3/s,Approved,[],2025-03-11T21:24:03.840047+00:00,f0d00c4983614291b938804a9df6b127
2021-09-10,27.7,27.7,ft^3/s,Approved,[],2025-03-11T21:24:03.840047+00:00,f0d00c4983614291b938804a9df6b127
2021-09-11,28.2,28.2,ft^3/s,Approved,[],2025-03-11T21:24:03.840047+00:00,f0d00c4983614291b938804a9df6b127
2021-09-12,27.9,27.9,ft^3/s,Approved,[],2025-03-11T21:24:03.840047+00:00,f0d00c4983614291b938804a9df6b127
2021-09-13,28.2,28.2,ft^3/s,Approved,[],2025-03-11T21:24:03.840047+00:00,f0d00c4983614291b938804a9df6b127
2021-09-14,27.7,27.7,ft^3/s,Approved,[],2025-03-11T21:24:03.840047+00:00,f0d00c4983614291b938804a9df6b127
2021-09-15,27.2,27.2,ft^3/s,Approved,[],2025-03-11T21:24:03.840047+00:00,f0d00c4983614291b938804a9df6b127
2021-09-16,26.6,26.6,ft^3/s,Approved,[],2025-03-11T21:24:03.840047+00:00,f0d00c4983614291b938804a9df6b127
2021-09-17,26.0,26.0,ft^3/s,Approved,[],2025-03-11T21:24:03.840047+00:00,f0d00c4983614291b938804a9df6b127
2021-09-18,25.6,25.6,ft^3/s,Approved,[],2025-03-11T21:24:03.840047+00:00,f0d00c4983614291b938804a9df6b127
2021-09-19,25.1,25.1,ft^3/s,Approved,[],2025-03-11T21:24:03.840047+00:00,f0d00c4983614291b938804a9df6b127
2021-09-20,25.1,25.1,ft^3/s,Approved,[],2025-03-11T21:24:03.840047+00:00,f0d00c4983614291b938804a9df6b127
2021-09-21,24.2,24.2,ft^3/s,Approved,[],2025-03-11T21:24:03.840047+00:00,f0d00c4983614291b938804a9df6b127
2021-09-22,23.1,23.1,ft^3/s,Approved,[],2025-03-11T21:24:03.840047+00:00,f0d00c4983614291b938804a9df6b127
2021-09-23,22.7,22.7,ft^3/s,Approved,[],2025-03-11T21:24:03.840047+00:00,f0d00c4983614291b938804a9df6b127
2021-09-24,22.3,22.3,ft^3/s,Approved,[],2025-03-11T21:24:03.840047+00:00,f0d00c4983614291b938804a9df6b127
2021-09-25,22.1,22.1,ft^3/s,Approved,[],2025-03-11T21:24:03.840047+00:00,f0d00c4983614291b938804a9df6b127
2021-09-26,21.9,21.9,ft^3/s,Approved,[],2025-03-11T21:24:03.840047+00:00,f0d00c4983614291b938804a9df6b127
2021-09-27,21.6,21.6,ft^3/s,Approved,[],2025-03-11T21:24:03.840047+00:00,f0d00c4983614291b938804a9df6b127
2021-09-28,21.3,21.3,ft^3/s,Approved,[],2025-03-11T21:24:03.840047+00:00,f0d00c4983614291b938804a9df6b127
2021-09-29,31.1,31.1,ft^3/s,Approved,[],2025-03-11T21:24:03.840047+00:00,f0d00c4983614291b938804a9df6b127
2021-09-30,32.5,32.5,ft^3/s,Approved,[],2025-03-11T21:24:03.840047+00:00,f0d00c4983614291b938804a9df6b127
2021-10-01,31.3,31.3,ft^3/s,Approved,[],2025-03-11T21:24:03.840047+00:00,f0d00c4983614291b938804a9df6b127
2021-10-02,30.4,30.4,ft^3/s,Approved,[],2025-03-11T21:24:03.840047+00:00,f0d00c4983614291b938804a9df6b127
2021-10-03,28.5,28.5,ft^3/s,Approved,[],2025-03-11T21:24:03.840047+00:00,f0d00c4983614291b938804a9df6b127
2021-10-04,27.2,27.2,ft^3/s,Approved,[],2025-03-11T21:24:03.840047+00:00,f0d00c4983614291b938804a9df6b127
2021-10-05,25.6,25.6,ft^3/s,Approved,[],2025-03-11T21:24:03.840047+00:00,f0d00c4983614291b938804a9df6b127
2021-10-06,23.4,23.4,ft^3/s,Approved,[],2025-03-11T21:24:03.840047+00:00,f0d00c4983614291b938804a9df6b127
2021-10-07,21.7,21.7,ft^3/s,Approved,[],2025-03-11T21:24:03.840047+00:00,f0d00c4983614291b938804a9df6b127
2021-10-08,20.6,20.6,ft^3/s,Approved,[],2025-03-11T21:24:03.840047+00:00,f0d00c4983614291b938804a9df6b127
2021-10-09,19.9,19.9,ft^3/s,Approved,[],2025-03-11T21:24:03.840047+00:00,f0d00c4983614291b938804a9df6b127
2021-10-10,19.6,19.6,ft^3/s,Approved,[],2025-03-11T21:24:03.840047+00:00,f0d00c4983614291b938804a9df6b127
2021-10-11,19.6,19.6,ft^3/s,Approved,[],2025-03-11T21:24:03.840047+00:00,f0d00c4983614291b938804a9df6b127
2021-10-12,19.2,19.2,ft^3/s,Approved,[],2025-03-11T21:24:03.840047+00:00,f0d00c4983614291b938804a9df6b127
2021-10-13,19.7,19.7,ft^3/s,Approved,[],2025-03-11T21:24:03.840047+00:00,f0d00c4983614291b938804a9df6b127
2021-10-14,135.0,135,ft^3/s,Approved,[],2025-03-11T21:24:03.840047+00:00,f0d00c4983614291b938804a9df6b127
2021-10-15,140.0,140,ft^3/s,Approved,[],2025-03-11T21:24:03.840047+00:00,f0d00c4983614291b938804a9df6b127
2021-10-16,114.0,114,ft^3/s,Approved,[],2025-03-11T21:24:03.840047+00:00,f0d00c4983614291b938804a9df6b127
2021-10-17,99.2,99.2,ft^3/s,Approved,[],2025-03-11T21:24:03.840047+00:00,f0d00c4983614291b938804a9df6b127
2021-10-18,96.1,96.1,ft^3/s,Approved,[],2025-03-11T21:24:03.840047+00:00,f0d00c4983614291b938804a9df6b127
2021-10-19,93.8,93.8,ft^3/s,Approved,[],2025-03-11T21:24:03.840047+00:00,f0d00c4983614291b938804a9df6b127
2021-10-20,89.9,89.9,ft^3/s,Approved,[],2025-03-11T21:24:03.840047+00:00,f0d00c4983614291b938804a9df6b127
2021-10-21,88.6,88.6,ft^3/s,Approved,[],2025-03-11T21:24:03.840047+00:00,f0d00c4983614291b938804a9df6b127
2021-10-22,84.8,84.8,ft^3/s,Approved,[],2025-03-11T21:24:03.840047+00:00,f0d00c4983614291b938804a9df6b127
2021-10-23,88.9,88.9,ft^3/s,Approved,[],2025-03-11T21:24:03.840047+00:00,f0d00c4983614291b938804a9df6b127
2021-10-24,77.9,77.9,ft^3/s,Approved,[],2025-03-11T21:24:03.840047+00:00,f0d00c4983614291b938804a9df6b127
2021-10-25,75.4,75.4,ft^3/s,Approved,[],2025-03-11T21:24:03.840047+00:00,f0d00c4983614291b938804a9df6b127
2021-10-26,74.7,74.7,ft^3/s,Approved,[],2025-03-11T21:24:03.840047+00:00,f0d00c4983614291b938804a9df6b127
2021-10-27,71.4,71.4,ft^3/s,Approved,[],2025-03-11T21:24:03.840047+00:00,f0d00c4983614291b938804a9df6b127
2021-10-28,70.9,70.9,ft^3/s,Approved,[],2025-03-11T21:24:03.840047+00:00,f0d00c4983614291b938804a9df6b127
2021-10-29,67.9,67.9,ft^3/s,Approved,[],2025-03-11T21:24:03.840047+00:00,f0d00c4983614291b938804a9df6b127
2021-10-30,66.3,66.3,ft^3/s,Approved,[],2025-03-11T21:24:03.840047+00:00,f0d00c4983614291b938804a9df6b127
2021-10-31,65.5,65.5,ft^3/s,Approved,[],2025-03-11T21:24:03.840047+00:00,f0d00c4983614291b938804a9df6b127
2021-11-01,63.8,63.8,ft^3/s,Approved,[],2025-03-11T21:24:03.840047+00:00,f0d00c4983614291b938804a9df6b127
2021-11-02,62.6,62.6,ft^3/s,Approved,[],2025-03-11T21:24:03.840047+00:00,f0d00c4983614291b938804a9df6b127
2021-11-03,63.0,63.0,ft^3/s,Approved,[],2025-03-11T21:24:03.840047+00:00,f0d00c4983614291b938804a9df6b127
2021-11-04,62.6,62.6,ft^3/s,Approved,[],2025-03-11T21:24:03.840047+00:00,f0d00c4983614291b938804a9df6b127
2021-11-05,61.5,61.5,ft^3/s,Approved,[],2025-03-11T21:24:03.840047+00:00,f0d00c4983614291b938804a9df6b127
2021-11-06,61.5,61.5,ft^3/s,Approved,[],2025-03-11T21:24:03.840047+00:00,f0d00c4983614291b938804a9df6b127
2021-11-07,61.7,61.7,ft^3/s,Approved,[],2025-03-11T21:24:03.840047+00:00,f0d00c4983614291b938804a9df6b127
2021-11-08,57.1,57.1,ft^3/s,Approved,[],2025-03-11T21:24:03.840047+00:00,f0d00c4983614291b938804a9df6b127
2021-11-09,54.3,54.3,ft^3/s,Approved,[],2025-03-11T21:24:03.840047+00:00,f0d00c4983614291b938804a9df6b127
2021-11-10,52.8,52.8,ft^3/s,Approved,[],2025-03-11T21:24:03.840047+00:00,f0d00c4983614291b938804a9df6b127
2021-11-11,50.1,50.1,ft^3/s,Approved,[],2025-03-11T21:24:03.840047+00:00,f0d00c4983614291b938804a9df6b127
2021-11-12,47.3,47.3,ft^3/s,Approved,[],2025-03-11T21:24:03.840047+00:00,f0d00c4983614291b938804a9df6b127
2021-11-13,45.0,45.0,ft^3/s,Approved,[],2025-03-11T21:24:03.840047+00:00,f0d00c4983614291b938804a9df6b127
2021-11-14,43.3,43.3,ft^3/s,Approved,[],2025-03-11T21:24:03.840047+00:00,f0d00c4983614291b938804a9df6b127
2021-11-15,42.1,42.1,ft^3/s,Approved,[],2025-03-11T21:24:03.840047+00:00,f0d00c4983614291b938804a9df6b127
2021-11-16,40.8,40.8,ft^3/s,Approved,[],2025-03-11T21:24:03.840047+00:00,f0d00c4983614291b938804a9df6b127
2021-11-17,39.3,39.3,ft^3/s,Approved,[],2025-03-11T21:24:03.840047+00:00,f0d00c4983614291b938804a9df6b127
2021-11-18,37.8,37.8,ft^3/s,Approved,[],2025-03-11T21:24:03.840047+00:00,f0d00c4983614291b938804a9df6b127
2021-11-19,36.1,36.1,ft^3/s,Approved,[],2025-03-11T21:24:03.840047+00:00,f0d00c4983614291b938804a9df6b127
2021-11-20,35.4,35.4,ft^3/s,Approved,[],2025-03-11T21:24:03.840047+00:00,f0d00c4983614291b938804a9df6b127
2021-11-21,34.7,34.7,ft^3/s,Approved,[],2025-03-11T21:24:03.840047+00:00,f0d00c4983614291b938804a9df6b127
2021-11-22,35.3,35.3,ft^3/s,Approved,[],2025-03-11T21:24:03.840047+00:00,f0d00c4983614291b938804a9df6b127
2021-11-23,34.1,34.1,ft^3/s,Approved,[],2025-03-11T21:24:03.840047+00:00,f0d00c4983614291b938804a9df6b127
2021-11-24,33.8,33.8,ft^3/s,Approved,[],2025-03-11T21:24:03.840047+00:00,f0d00c4983614291b938804a9df6b127
2021-11-25,32.7,32.7,ft^3/s,Approved,[],2025-03-11T21:24:03.840047+00:00,f0d00c4983614291b938804a9df6b127
2021-11-26,31.9,31.9,ft^3/s,Approved,[],2025-03-11T21:24:03.840047+00:00,f0d00c4983614291b938804a9df6b127
2021-11-27,32.8,32.8,ft^3/s,Approved,[],2025-03-11T21:24:03.840047+00:00,f0d00c4983614291b938804a9df6b127
2021-11-28,31.1,31.1,ft^3/s,Approved,[],2025-03-11T21:24:03.840047+00:00,f0d00c4983614291b938804a9df6b127
2021-11-29,30.7,30.7,ft^3/s,Approved,[],2025-03-11T21:24:03.840047+00:00,f0d00c4983614291b938804a9df6b127
2021-11-30,30.5,30.5,ft^3/s,Approved,[],2025-03-11T21:24:03.840047+00:00,f0d00c4983614291b938804a9df6b127
2021-12-01,30.4,30.4,ft^3/s,Approved,[],2025-03-11T21:24:03.840047+00:00,f0d00c4983614291b938804a9df6b127
2021-12-02,30.3,30.3,ft^3/s,Approved,[],2025-03-11T21:24:03.840047+00:00,f0d00c4983614291b938804a9df6b127
2021-12-03,30.3,30.3,ft^3/s,Approved,[],2025-03-11T21:24:03.840047+00:00,f0d00c4983614291b938804a9df6b127
2021-12-04,29.5,29.5,ft^3/s,Approved,[],2025-03-11T21:24:03.840047+00:00,f0d00c4983614291b938804a9df6b127
2021-12-05,28.8,28.8,ft^3/s,Approved,[],2025-03-11T21:24:03.840047+00:00,f0d00c4983614291b938804a9df6b127
2021-12-06,27.8,27.8,ft^3/s,Approved,[],2025-03-11T21:24:03.840047+00:00,f0d00c4983614291b938804a9df6b127
2021-12-07,26.5,26.5,ft^3/s,Approved,[],2025-03-11T21:24:03.840047+00:00,f0d00c4983614291b938804a9df6b127
2021-12-08,26.6,26.6,ft^3/s,Approved,[],2025-03-11T21:24:03.840047+00:00,f0d00c4983614291b938804a9df6b127
2021-12-09,27.2,27.2,ft^3/s,Approved,[],2025-03-11T21:24:03.840047+00:00,f0d00c4983614291b938804a9df6b127
2021-12-10,27.6,27.6,ft^3/s,Approved,[],2025-03-11T21:24:03.840047+00:00,f0d00c4983614291b938804a9df6b127
2021-12-11,27.1,27.1,ft^3/s,Approved,[],2025-03-11T21:24:03.840047+00:00,f0d00c4983614291b938804a9df6b127
2021-12-12,26.2,26.2,ft^3/s,Approved,[],2025-03-11T21:24:03.840047+00:00,f0d00c4983614291b938804a9df6b127
2021-12-13,25.8,25.8,ft^3/s,Approved,[],2025-03-11T21:24:03.840047+00:00,f0d00c4983614291b938804a9df6b127
2021-12-14,25.1,25.1,ft^3/s,Approved,[],2025-03-11T21:24:03.840047+00:00,f0d00c4983614291b938804a9df6b127
2021-12-15,25.2,25.2,ft^3/s,Approved,[],2025-03-11T21:24:03.840047+00:00,f0d00c4983614291b938804a9df6b127
2021-12-16,25.2,25.2,ft^3/s,Approved,[],2025-03-11T21:24:03.840047+00:00,f0d00c4983614291b938804a9df6b127
2021-12-17,24.8,24.8,ft^3/s,Approved,[],2025-03-11T21:24:03.840047+00:00,f0d00c4983614291b938804a9df6b127
2021-12-18,26.7,26.7,ft^3/s,Approved,[],2025-03-11T21:24:03.840047+00:00,f0d00c4983614291b938804a9df6b127
2021-12-19,32.4,32.4,ft^3/s,Approved,[],2025-03-11T21:24:03.840047+00:00,f0d00c4983614291b938804a9df6b127
2021-12-20,32.3,32.3,ft^3/s,Approved,[],2025-03-11T21:24:03.840047+00:00,f0d00c4983614291b938804a9df6b127
2021-12-21,32.2,32.2,ft^3/s,Approved,[],2025-03-11T21:24:03.840047+00:00,f0d00c4983614291b938804a9df6b127
2021-12-22,31.4,31.4,ft^3/s,Approved,[],2025-03-11T21:24:03.840047+00:00,f0d00c4983614291b938804a9df6b127
2021-12-23,30.8,30.8,ft^3/s,Approved,[],2025-03-11T21:24:03.840047+00:00,f0d00c4983614291b938804a9df6b127
2021-12-24,30.7,30.7,ft^3/s,Approved,[],2025-03-11T21:24:03.840047+00:00,f0d00c4983614291b938804a9df6b127
2021-12-25,31.0,31.0,ft^3/s,Approved,[],2025-03-11T21:24:03.840047+00:00,f0d00c4983614291b938804a9df6b127
2021-12-26,30.0,30.0,ft^3/s,Approved,[],2025-03-11T21:24:03.840047+00:00,f0d00c4983614291b938804a9df6b127
2021-12-27,29.7,29.7,ft^3/s,Approved,[],2025-03-11T21:24:03.840047+00:00,f0d00c4983614291b938804a9df6b127
2021-12-28,27.3,27.3,ft^3/s,Approved,[],2025-03-11T21:24:03.840047+00:00,f0d00c4983614291b938804a9df6b127
2021-12-29,25.2,25.2,ft^3/s,Approved,[],2025-03-11T21:24:03.840047+00:00,f0d00c4983614291b938804a9df6b127
2021-12-30,24.5,24.5,ft^3/s,Approved,[],2025-03-11T21:24:03.840047+00:00,f0d00c4983614291b938804a9df6b127
2021-12-31,24.5,24.5,ft^3/s,Approved,[],2025-03-11T21:24:03.840047+00:00,f0d00c4983614291b938804a9df6b127
2022-01-01,24.6,24.6,ft^3/s,Approved,[],2025-03-11T21:24:03.840047+00:00,f0d00c4983614291b938804a9df6b127
2022-01-02,23.4,23.4,ft^3/s,Approved,[],2025-03-11T21:24:03.840047+00:00,f0d00c4983614291b938804a9df6b127
2022-01-03,22.4,22.4,ft^3/s,Approved,[],2025-03-11T21:24:03.840047+00:00,f0d00c4983614291b938804a9df6b127
2022-01-04,22.5,22.5,ft^3/s,Approved,[],2025-03-11T21:24:03.840047+00:00,f0d00c4983614291b938804a9df6b127
2022-01-05,22.3,22.3,ft^3/s,Approved,[],2025-03-11T21:24:03.840047+00:00,f0d00c4983614291b938804a9df6b127
2022-01-06,21.7,21.7,ft^3/s,Approved,[],2025-03-11T21:24:03.840047+00:00,f0d00c4983614291b938804a9df6b127
2022-01-07,20.6,20.6,ft^3/s,Approved,[],2025-03-11T21:24:03.840047+00:00,f0d00c4983614291b938804a9df6b127
2022-01-08,20.7,20.7,ft^3/s,Approved,[],2025-03-11T21:24:03.840047+00:00,f0d00c4983614291b938804a9df6b127
2022-01-09,20.4,20.4,ft^3/s,Approved,[],2025-03-11T21:24:03.840047+00:00,f0d00c4983614291b938804a9df6b127
2022-01-10,19.6,19.6,ft^3/s,Approved,[],2025-03-11T21:24:03.840047+00:00,f0d00c4983614291b938804a9df6b127
2022-01-11,19.2,19.2,ft^3/s,Approved,[],2025-03-11T21:24:03.840047+00:00,f0d00c4983614291b938804a9df6b127
2022-01-12,19.5,19.5,ft^3/s,Approved,[],2025-03-11T21:24:03.840047+00:00,f0d00c4983614291b938804a9df6b127
2022-01-13,19.3,19.3,ft^3/s,Approved,[],2025-03-11T21:24:03.840047+00:00,f0d00c4983614291b938804a9df6b127
2022-01-14,19.3,19.3,ft^3/s,Approved,[],2025-03-11T21:24:03.840047+00:00,f0d00c4983614291b938804a9df6b127
2022-01-15,19.1,19.1,ft^3/s,Approved,[],2025-03-11T21:24:03.840047+00:00,f0d00c4983614291b938804a9df6b127
2022-01-16,18.7,18.7,ft^3/s,Approved,[],2025-03-11T21:24:03.840047+00:00,f0d00c4983614291b938804a9df6b127
2022-01-17,18.5,18.5,ft^3/s,Approved,[],2025-03-11T21:24:03.840047+00:00,f0d00c4983614291b938804a9df6b127
2022-01-18,18.9,18.9,ft^3/s,Approved,[],2025-03-11T21:24:03.840047+00:00,f0d00c4983614291b938804a9df6b127
2022-01-19,19.0,19.0,ft^3/s,Approved,[],2025-03-11T21:24:03.840047+00:00,f0d00c4983614291b938804a9df6b127
2022-01-20,17.9,17.9,ft^3/s,Approved,[],2025-03-11T21:24:03.840047+00:00,f0d00c4983614291b938804a9df6b127
2022-01-21,17.8,17.8,ft^3/s,Approved,[],2025-03-11T21:24:03.840047+00:00,f0d00c4983614291b938804a9df6b127
2022-01-22,17.3,17.3,ft^3/s,Approved,[],2025-03-11T21:24:03.840047+00:00,f0d00c4983614291b938804a9df6b127
2022-01-23,17.9,17.9,ft^3/s,Approved,[],2025-03-11T21:24:03.840047+00:00,f0d00c4983614291b938804a9df6b127
2022-01-24,18.8,18.8,ft^3/s,Approved,[],2025-03-11T21:24:03.840047+00:00,f0d00c4983614291b938804a9df6b127
2022-01-25,18.6,18.6,ft^3/s,Approved,[],2025-03-11T21:24:03.840047+00:00,f0d00c4983614291b938804a9df6b127
2022-01-26,18.4,18.4,ft^3/s,Approved,[],2025-03-11T21:24:03.840047+00:00,f0d00c4983614291b938804a9df6b127
2022-01-27,18.1,18.1,ft^3/s,Approved,[],2025-03-11T21:24:03.840047+00:00,f0d00c4983614291b938804a9df6b127
2022-01-28,17.9,17.9,ft^3/s,Approved,[],2025-03-11T21:24:03.840047+00:00,f0d00c4983614291b938804a9df6b127
2022-01-29,17.8,17.8,ft^3/s,Approved,[],2025-03-11T21:24:03.840047+00:00,f0d00c4983614291b938804a9df6b127
2022-01-30,17.8,17.8,ft^3/s,Approved,[],2025-03-11T21:24:03.840047+00:00,f0d00c4983614291b938804a9df6b127
2022-01-31,18.5,18.5,ft^3/s,Approved,[],2025-03-11T21:24:03.840047+00:00,f0d00c4983614291b938804a9df6b127
2022-02-01,19.0,19.0,ft^3/s,Approved,[],2025-03-11T21:24:03.840047+00:00,f0d00c4983614291b938804a9df6b127
2022-02-02,18.9,18.9,ft^3/s,Approved,[],2025-03-11T21:24:03.840047+00:00,f0d00c4983614291b938804a9df6b127
2022-02-03,52.0,52.0,ft^3/s,Approved,[],2025-03-11T21:24:03.840047+00:00,f0d00c4983614291b938804a9df6b127
2022-02-04,69.4,69.4,ft^3/s,Approved,[],2025-03-11T21:24:03.840047+00:00,f0d00c4983614291b938804a9df6b127
2022-02-05,54.7,54.7,ft^3/s,Approved,[],2025-03-11T21:24:03.840047+00:00,f0d00c4983614291b938804a9df6b127
2022-02-06,47.8,47.8,ft^3/s,Approved,[],2025-03-11T21:24:03.840047+00:00,f0d00c4983614291b938804a9df6b127
2022-02-07,42.7,42.7,ft^3/s,Approved,[],2025-03-11T21:24:03.840047+00:00,f0d00c4983614291b938804a9df6b127
2022-02-08,39.3,39.3,ft^3/s,Approved,[],2025-03-11T21:24:03.840047+00:00,f0d00c4983614291b938804a9df6b127
2022-02-09,37.2,37.2,ft^3/s,Approved,[],2025-03-11T21:24:03.840047+00:00,f0d00c4983614291b938804a9df6b127
2022-02-10,36.1,36.1,ft^3/s,Approved,[],2025-03-11T21:24:03.840047+00:00,f0d00c4983614291b938804a9df6b127
2022-02-11,35.2,35.2,ft^3/s,Approved,[],2025-03-11T21:24:03.840047+00:00,f0d00c4983614291b938804a9df6b127
2022-02-12,34.1,34.1,ft^3/s,Approved,[],2025-03-11T21:24:03.840047+00:00,f0d00c4983614291b938804a9df6b127
2022-02-13,33.8,33.8,ft^3/s,Approved,[],2025-03-11T21:24:03.840047+00:00,f0d00c4983614291b938804a9df6b127
2022-02-14,34.1,34.1,ft^3/s,Approved,[],2025-03-11T21:24:03.840047+00:00,f0d00c4983614291b938804a9df6b127
2022-02-15,31.8,31.8,ft^3/s,Approved,[],2025-03-11T21:24:03.840047+00:00,f0d00c4983614291b938804a9df6b127
2022-02-16,31.0,31.0,ft^3/s,Approved,[],2025-03-11T21:24:03.840047+00:00,f0d00c4983614291b938804a9df6b127
2022-02-17,30.9,30.9,ft^3/s,Approved,[],2025-03-11T21:24:03.840047+00:00,f0d00c4983614291b938804a9df6b127
2022-02-18,28.6,28.6,ft^3/s,Approved,[],2025-03-11T21:24:03.840047+00:00,f0d00c4983614291b938804a9df6b127
2022-02-19,26.8,26.8,ft^3/s,Approved,[],2025-03-11T21:24:03.840047+00:00,f0d00c4983614291b938804a9df6b127
2022-02-20,26.8,26.8,ft^3/s,Approved,[],2025-03-11T21:24:03.840047+00:00,f0d00c4983614291b938804a9df6b127
2022-02-21,27.1,27.1,ft^3/s,Approved,[],2025-03-11T21:24:03.840047+00:00,f0d00c4983614291b938804a9df6b127
2022-02-22,27.0,27.0,ft^3/s,Approved,[],2025-03-11T21:24:03.840047+00:00,f0d00c4983614291b938804a9df6b127
2022-02-23,27.2,27.2,ft^3/s,Approved,[],2025-03-11T21:24:03.840047+00:00,f0d00c4983614291b938804a9df6b127
2022-02-24,26.6,26.6,ft^3/s,Approved,[],2025-03-11T21:24:03.840047+00:00,f0d00c4983614291b938804a9df6b127
2022-02-25,25.3,25.3,ft^3/s,Approved,[],2025-03-11T21:24:03.840047+00:00,f0d00c4983614291b938804a9df6b127
2022-02-26,24.7,24.7,ft^3/s,Approved,[],2025-03-11T21:24:03.840047+00:00,f0d00c4983614291b938804a9df6b127
2022-02-27,23.9,23.9,ft^3/s,Approved,[],2025-03-11T21:24:03.840047+00:00,f0d00c4983614291b938804a9df6b127
2022-02-28,23.3,23.3,ft^3/s,Approved,[],2025-03-11T21:24:03.840047+00:00,f0d00c4983614291b938804a9df6b127
2022-03-01,22.8,22.8,ft^3/s,Approved,[],2025-03-11T21:24:03.840047+00:00,f0d00c4983614291b938804a9df6b127
2022-03-02,22.2,22.2,ft^3/s,Approved,[],2025-03-11T21:24:03.840047+00:00,f0d00c4983614291b938804a9df6b127
2022-03-03,21.5,21.5,ft^3/s,Approved,[],2025-03-11T21:24:03.840047+00:00,f0d00c4983614291b938804a9df6b127
2022-03-04,21.9,21.9,ft^3/s,Approved,[],2025-03-11T21:24:03.840047+00:00,f0d00c4983614291b938804a9df6b127
2022-03-05,21.7,21.7,ft^3/s,Approved,[],2025-03-11T21:24:03.840047+00:00,f0d00c4983614291b938804a9df6b127
2022-03-06,21.4,21.4,ft^3/s,Approved,[],2025-03-11T21:24:03.840047+00:00,f0d00c4983614291b938804a9df6b127
2022-03-07,20.8,20.8,ft^3/s,Approved,[],2025-03-11T21:24:03.840047+00:00,f0d00c4983614291b938804a9df6b127
2022-03-08,20.2,20.2,ft^3/s,Approved,[],2025-03-11T21:24:03.840047+00:00,f0d00c4983614291b938804a9df6b127
2022-03-09,18.4,18.4,ft^3/s,Approved,[],2025-03-11T21:24:03.840047+00:00,f0d00c4983614291b938804a9df6b127
2022-03-10,17.4,17.4,ft^3/s,Approved,[],2025-03-11T21:24:03.840047+00:00,f0d00c4983614291b938804a9df6b127
2022-03-11,16.9,16.9,ft^3/s,Approved,[],2025-03-11T21:24:03.840047+00:00,f0d00c4983614291b938804a9df6b127
2022-03-12,15.8,15.8,ft^3/s,Approved,[],2025-03-11T21:24:03.840047+00:00,f0d00c4983614291b938804a9df6b127
2022-03-13,15.6,15.6,ft^3/s,Approved,[],2025-03-11T21:24:03.840047+00:00,f0d00c4983614291b938804a9df6b127
2022-03-14,15.7,15.7,ft^3/s,Approved,[],2025-03-11T21:24:03.840047+00:00,f0d00c4983614291b938804a9df6b127
2022-03-15,15.5,15.5,ft^3/s,Approved,[],2025-03-11T21:24:03.840047+00:00,f0d00c4983614291b938804a9df6b127
2022-03-16,15.4,15.4,ft^3/s,Approved,[],2025-03-11T21:24:03.840047+00:00,f0d00c4983614291b938804a9df6b127
2022-03-17,15.8,15.8,ft^3/s,Approved,[],2025-03-11T21:24:03.840047+00:00,f0d00c4983614291b938804a9df6b127
2022-03-18,15.5,15.5,ft^3/s,Approved,[],2025-03-11T21:24:03.840047+00:00,f0d00c4983614291b938804a9df6b127
2022-03-19,14.9,14.9,ft^3/s,Approved,[],2025-03-11T21:24:03.840047+00:00,f0d00c4983614291b938804a9df6b127
2022-03-20,14.8,14.8,ft^3/s,Approved,[],2025-03-11T21:24:03.840047+00:00,f0d00c4983614291b938804a9df6b127
2022-03-21,15.1,15.1,ft^3/s,Approved,[],2025-03-11T21:24:03.840047+00:00,f0d00c4983614291b938804a9df6b127
2022-03-22,15.3,15.3,ft^3/s,Approved,[],2025-03-11T21:24:03.840047+00:00,f0d00c4983614291b938804a9df6b127
2022-03-23,14.4,14.4,ft^3/s,Approved,[],2025-03-11T21:24:03.840047+00:00,f0d00c4983614291b938804a9df6b127
2022-03-24,14.2,14.2,ft^3/s,Approved,[],2025-03-11T21:24:03.840047+00:00,f0d00c4983614291b938804a9df6b127
2022-03-25,14.3,14.3,ft^3/s,Approved,[],2025-03-11T21:24:03.840047+00:00,f0d00c4983614291b938804a9df6b127
2022-03-26,13.9,13.9,ft^3/s,Approved,[],2025-03-11T21:24:03.840047+00:00,f0d00c4983614291b938804a9df6b127
2022-03-27,13.8,13.8,ft^3/s,Approved,[],2025-03-11T21:24:03.840047+00:00,f0d00c4983614291b938804a9df6b127
2022-03-28,13.7,13.7,ft^3/s,Approved,[],2025-03-11T21:24:03.840047+00:00,f0d00c4983614291b938804a9df6b127
2022-03-29,13.7,13.7,ft^3/s,Approved,[],2025-03-11T21:24:03.840047+00:00,f0d00c4983614291b938804a9df6b127
2022-03-30,13.8,13.8,ft^3/s,Approved,[],2025-03-11T21:24:03.840047+00:00,f0d00c4983614291b938804a9df6b127
2022-03-31,13.4,13.4,ft^3/s,Approved,[],2025-03-11T21:24:03.840047+00:00,f0d00c4983614291b938804a9df6b127
2022-04-01,12.9,12.9,ft^3/s,Approved,[],2025-03-11T21:24:03.840047+00:00,f0d00c4983614291b938804a9df6b127
2022-04-02,12.6,12.6,ft^3/s,Approved,[],2025-03-11T21:24:03.840047+00:00,f0d00c4983614291b938804a9df6b127
2022-04-03,12.4,12.4,ft^3/s,Approved,[],2025-03-11T21:24:03.840047+00:00,f0d00c4983614291b938804a9df6b127
2022-04-04,12.2,12.2,ft^3/s,Approved,[],2025-03-11T21:24:03.840047+00:00,f0d00c4983614291b938804a9df6b127
2022-04-05,12.1,12.1,ft^3/s,Approved,[],2025-03-11T21:24:03.840047+00:00,f0d00c4983614291b938804a9df6b127
2022-04-06,11.8,11.8,ft^3/s,Approved,[],2025-03-11T21:24:03.840047+00:00,f0d00c4983614291b938804a9df6b127
2022-04-07,11.2,11.2,ft^3/s,Approved,[],2025-03-11T21:24:03.840047+00:00,f0d00c4983614291b938804a9df6b127
2022-04-08,10.9,10.9,ft^3/s,Approved,[],2025-03-11T21:24:03.840047+00:00,f0d00c4983614291b938804a9df6b127
2022-04-09,10.8,10.8,ft^3/s,Approved,[],2025-03-11T21:24:03.840047+00:00,f0d00c4983614291b938804a9df6b127
2022-04-10,10.7,10.7,ft^3/s,Approved,[],2025-03-11T21:24:03.840047+00:00,f0d00c4983614291b938804a9df6b127
2022-04-11,10.4,10.4,ft^3/s,Approved,[],2025-03-11T21:24:03.840047+00:00,f0d00c4983614291b938804a9df6b127
2022-04-12,10.2,10.2,ft^3/s,Approved,[],2025-03-11T21:24:03.840047+00:00,f0d00c4983614291b938804a9df6b127
2022-04-13,10.0,10.0,ft^3/s,Approved,[],2025-03-11T21:24:03.840047+00:00,f0d00c4983614291b938804a9df6b127
2022-04-14,9.64,9.64,ft^3/s,Approved,[],2025-03-11T21:24:03.840047+00:00,f0d00c4983614291b938804a9df6b127
2022-04-15,9.45,9.45,ft^3/s,Approved,[],2025-03-11T21:24:03.840047+00:00,f0d00c4983614291b938804a9df6b127
2022-04-16,9.5,9.50,ft^3/s,Approved,[],2025-03-11T21:24:03.840047+00:00,f0d00c4983614291b938804a9df6b127
2022-04-17,9.45,9.45,ft^3/s,Approved,[],2025-03-11T21:24:03.840047+00:00,f0d00c4983614291b938804a9df6b127
2022-04-18,9.01,9.01,ft^3/s,Approved,[],2025-03-11T21:24:03.840047+00:00,f0d00c4983614291b938804a9df6b127
2022-04-19,8.72,8.72,ft^3/s,Approved,[],2025-03-11T21:24:03.840047+00:00,f0d00c4983614291b938804a9df6b127
2022-04-20,8.91,8.91,ft^3/s,Approved,[],2025-03-11T21:24:03.840047+00:00,f0d00c4983614291b938804a9df6b127
2022-04-21,8.53,8.53,ft^3/s,Approved,[],2025-03-11T21:24:03.840047+00:00,f0d00c4983614291b938804a9df6b127
2022-04-22,8.25,8.25,ft^3/s,Approved,[],2025-03-11T21:24:03.840047+00:00,f0d00c4983614291b938804a9df6b127
2022-04-23,8.06,8.06,ft^3/s,Approved,[],2025-03-11T21:24:03.840047+00:00,f0d00c4983614291b938804a9df6b127
2022-04-24,7.94,7.94,ft^3/s,Approved,[],2025-03-11T21:24:03.840047+00:00,f0d00c4983614291b938804a9df6b127
2022-04-25,8.08,8.08,ft^3/s,Approved,[],2025-03-11T21:24:03.840047+00:00,f0d00c4983614291b938804a9df6b127
2022-04-26,8.78,8.78,ft^3/s,Approved,[],2025-03-11T21:24:03.840047+00:00,f0d00c4983614291b938804a9df6b127
2022-04-27,8.43,8.43,ft^3/s,Approved,[],2025-03-11T21:24:03.840047+00:00,f0d00c4983614291b938804a9df6b127
2022-04-28,7.99,7.99,ft^3/s,Approved,[],2025-03-11T21:24:03.840047+00:00,f0d00c4983614291b938804a9df6b127
2022-04-29,7.7,7.70,ft^3/s,Approved,[],2025-03-11T21:24:03.840047+00:00,f0d00c4983614291b938804a9df6b127
2022-04-30,7.44,7.44,ft^3/s,Approved,[],2025-03-11T21:24:03.840047+00:00,f0d00c4983614291b938804a9df6b127
2022-05-01,7.04,7.04,ft^3/s,Approved,[],2025-03-11T21:24:03.840047+00:00,f0d00c4983614291b938804a9df6b127
2022-05-02,6.81,6.81,ft^3/s,Approved,[],2025-03-11T21:24:03.840047+00:00,f0d00c4983614291b938804a9df6b127
2022-05-03,6.64,6.64,ft^3/s,Approved,[],2025-03-11T21:24:03.840047+00:00,f0d00c4983614291b938804a9df6b127
2022-05-04,6.46,6.46,ft^3/s,Approved,[],2025-03-11T21:24:03.840047+00:00,f0d00c4983614291b938804a9df6b127
2022-05-05,6.22,6.22,ft^3/s,Approved,[],2025-03-11T21:24:03.840047+00:00,f0d00c4983614291b938804a9df6b127
2022-05-06,6.26,6.26,ft^3/s,Approved,[],2025-03-11T21:24:03.840047+00:00,f0d00c4983614291b938804a9df6b127
2022-05-07,5.95,5.95,ft^3/s,Approved,[],2025-03-11T21:24:03.840047+00:00,f0d00c4983614291b938804a9df6b127
2022-05-08,5.65,5.65,ft^3/s,Approved,[],2025-03-11T21:24:03.840047+00:00,f0d00c4983614291b938804a9df6b127
2022-05-09,5.36,5.36,ft^3/s,Approved,[],2025-03-11T21:24:03.840047+00:00,f0d00c4983614291b938804a9df6b127
2022-05-10,5.02,5.02,ft^3/s,Approved,[],2025-03-11T21:24:03.840047+00:00,f0d00c4983614291b938804a9df6b127
2022-05-11,4.96,4.96,ft^3/s,Approved,[],2025-03-11T21:24:03.840047+00:00,f0d00c4983614291b938804a9df6b127
2022-05-12,4.86,4.86,ft^3/s,Approved,[],2025-03-11T21:24:03.840047+00:00,f0d00c4983614291b938804a9df6b127
2022-05-13,4.78,4.78,ft^3/s,Approved,[],2025-03-11T21:24:03.840047+00:00,f0d00c4983614291b938804a9df6b127
2022-05-14,4.7,4.70,ft^3/s,Approved,[],2025-03-11T21:24:03.840047+00:00,f0d00c4983614291b938804a9df6b127
2022-05-15,4.57,4.57,ft^3/s,Approved,[],2025-03-11T21:24:03.840047+00:00,f0d00c4983614291b938804a9df6b127
2022-05-16,4.47,4.47,ft^3/s,Approved,[],2025-03-11T21:24:03.840047+00:00,f0d00c4983614291b938804a9df6b127
2022-05-17,4.45,4.45,ft^3/s,Approved,[],2025-03-11T21:24:03.840047+00:00,f0d00c4983614291b938804a9df6b127
2022-05-18,4.49,4.49,ft^3/s,Approved,[],2025-03-11T21:24:03.840047+00:00,f0d00c4983614291b938804a9df6b127
2022-05-19,4.45,4.45,ft^3/s,Approved,[],2025-03-11T21:24:03.840047+00:00,f0d00c4983614291b938804a9df6b127
2022-05-20,4.42,4.42,ft^3/s,Approved,[],2025-03-11T21:24:03.840047+00:00,f0d00c4983614291b938804a9df6b127
2022-05-21,4.17,4.17,ft^3/s,Approved,[],2025-03-11T21:24:03.840047+00:00,f0d00c4983614291b938804a9df6b127
2022-05-22,4.28,4.28,ft^3/s,Approved,[],2025-03-11T21:24:03.840047+00:00,f0d00c4983614291b938804a9df6b127
2022-05-23,4.14,4.14,ft^3/s,Approved,[],2025-03-11T21:24:03.840047+00:00,f0d00c4983614291b938804a9df6b127
2022-05-24,4.28,4.28,ft^3/s,Approved,[],2025-03-11T21:24:03.840047+00:00,f0d00c4983614291b938804a9df6b127
2022-05-25,4.88,4.88,ft^3/s,Approved,[],2025-03-11T21:24:03.840047+00:00,f0d00c4983614291b938804a9df6b127
2022-05-26,4.79,4.79,ft^3/s,Approved,[],2025-03-11T21:24:03.840047+00:00,f0d00c4983614291b938804a9df6b127
2022-05-27,4.54,4.54,ft^3/s,Approved,[],2025-03-11T21:24:03.840047+00:00,f0d00c4983614291b938804a9df6b127
2022-05-28,4.29,4.29,ft^3/s,Approved,[],2025-03-11T21:24:03.840047+00:00,f0d00c4983614291b938804a9df6b127
2022-05-29,4.22,4.22,ft^3/s,Approved,[],2025-03-11T21:24:03.840047+00:00,f0d00c4983614291b938804a9df6b127
2022-05-30,4.38,4.38,ft^3/s,Approved,[],2025-03-11T21:24:03.840047+00:00,f0d00c4983614291b938804a9df6b127
2022-05-31,4.29,4.29,ft^3/s,Approved,[],2025-03-11T21:24:03.840047+00:00,f0d00c4983614291b938804a9df6b127
2022-06-01,4.27,4.27,ft^3/s,Approved,[],2025-03-11T21:24:03.840047+00:00,f0d00c4983614291b938804a9df6b127
2022-06-02,4.43,4.43,ft^3/s,Approved,[],2025-03-11T21:24:03.840047+00:00,f0d00c4983614291b938804a9df6b127
2022-06-03,4.27,4.27,ft^3/s,Approved,[],2025-03-11T21:24:03.840047+00:00,f0d00c4983614291b938804a9df6b127
2022-06-04,4.08,4.08,ft^3/s,Approved,[],2025-03-11T21:24:03.840047+00:00,f0d00c4983614291b938804a9df6b127
2022-06-05,3.95,3.95,ft^3/s,Approved,[],2025-03-11T21:24:03.840047+00:00,f0d00c4983614291b938804a9df6b127
2022-06-06,3.8,3.80,ft^3/s,Approved,[],2025-03-11T21:24:03.840047+00:00,f0d00c4983614291b938804a9df6b127
2022-06-07,3.67,3.67,ft^3/s,Approved,[],2025-03-11T21:24:03.840047+00:00,f0d00c4983614291b938804a9df6b127
2022-06-08,3.47,3.47,ft^3/s,Approved,[],2025-03-11T21:24:03.840047+00:00,f0d00c4983614291b938804a9df6b127
2022-06-09,3.28,3.28,ft^3/s,Approved,[],2025-03-11T21:24:03.840047+00:00,f0d00c4983614291b938804a9df6b127
2022-06-10,3.23,3.23,ft^3/s,Approved,[],2025-03-11T21:24:03.840047+00:00,f0d00c4983614291b938804a9df6b127
2022-06-11,3.01,3.01,ft^3/s,Approved,[],2025-03-11T21:24:03.840047+00:00,f0d00c4983614291b938804a9df6b127
2022-06-12,2.89,2.89,ft^3/s,Approved,[],2025-03-11T21:24:03.840047+00:00,f0d00c4983614291b938804a9df6b127
2022-06-13,2.52,2.52,ft^3/s,Approved,[],2025-03-11T21:24:03.840047+00:00,f0d00c4983614291b938804a9df6b127
2022-06-14,2.23,2.23,ft^3/s,Approved,[],2025-03-11T21:24:03.840047+00:00,f0d00c4983614291b938804a9df6b127
2022-06-15,1.97,1.97,ft^3/s,Approved,[],2025-03-11T21:24:03.840047+00:00,f0d00c4983614291b938804a9df6b127
2022-06-16,1.73,1.73,ft^3/s,Approved,[],2025-03-11T21:24:03.840047+00:00,f0d00c4983614291b938804a9df6b127
2022-06-17,1.43,1.43,ft^3/s,Approved,[],2025-03-11T21:24:03.840047+00:00,f0d00c4983614291b938804a9df6b127
2022-06-18,1.3,1.30,ft^3/s,Approved,[],2025-03-11T21:24:03.840047+00:00,f0d00c4983614291b938804a9df6b127
2022-06-19,1.17,1.17,ft^3/s,Approved,[],2025-03-11T21:24:03.840047+00:00,f0d00c4983614291b938804a9df6b127
2022-06-20,1.09,1.09,ft^3/s,Approved,[],2025-03-11T21:24:03.840047+00:00,f0d00c4983614291b938804a9df6b127
2022-06-21,0.89,0.89,ft^3/s,Approved,[],2025-03-11T21:24:03.840047+00:00,f0d00c4983614291b938804a9df6b127
2022-06-22,0.52,0.52,ft^3/s,Approved,[],2025-03-11T21:24:03.840047+00:00,f0d00c4983614291b938804a9df6b127
2022-06-23,0.18,0.18,ft^3/s,Approved,[],2025-03-11T21:24:03.840047+00:00,f0d00c4983614291b938804a9df6b127
2022-06-24,0.0,0.00,ft^3/s,Approved,[],2025-03-11T21:24:03.840047+00:00,f0d00c4983614291b938804a9df6b127
2022-06-25,0.0,0.00,ft^3/s,Approved,[],2025-03-11T21:24:03.840047+00:00,f0d00c4983614291b938804a9df6b127
2022-06-26,0.0,0.00,ft^3/s,Approved,[],2025-03-11T21:24:03.840047+00:00,f0d00c4983614291b938804a9df6b127
2022-06-27,0.0,0.00,ft^3/s,Approved,[],2025-03-11T21:24:03.840047+00:00,f0d00c4983614291b938804a9df6b127
2022-06-28,0.07,0.07,ft^3/s,Approved,[],2025-03-11T21:24:03.840047+00:00,f0d00c4983614291b938804a9df6b127
2022-06-29,1.48,1.48,ft^3/s,Approved,[],2025-03-11T21:24:03.840047+00:00,f0d00c4983614291b938804a9df6b127
2022-06-30,1.62,1.62,ft^3/s,Approved,[],2025-03-11T21:24:03.840047+00:00,f0d00c4983614291b938804a9df6b127
2022-07-01,1.36,1.36,ft^3/s,Approved,[],2025-03-11T21:24:03.840047+00:00,f0d00c4983614291b938804a9df6b127
2022-07-02,1.03,1.03,ft^3/s,Approved,[],2025-03-11T21:24:03.840047+00:00,f0d00c4983614291b938804a9df6b127
2022-07-03,0.73,0.73,ft^3/s,Approved,[],2025-03-11T21:24:03.840047+00:00,f0d00c4983614291b938804a9df6b127
2022-07-04,0.14,0.14,ft^3/s,Approved,[],2025-03-11T21:24:03.840047+00:00,f0d00c4983614291b938804a9df6b127
2022-07-05,0.0,0.00,ft^3/s,Approved,[],2025-03-11T21:24:03.840047+00:00,f0d00c4983614291b938804a9df6b127
2022-07-06,0.0,0.00,ft^3/s,Approved,[],2025-03-11T21:24:03.840047+00:00,f0d00c4983614291b938804a9df6b127
2022-07-07,0.0,0.00,ft^3/s,Approved,[],2025-03-11T21:24:03.840047+00:00,f0d00c4983614291b938804a9df6b127
2022-07-08,0.0,0.00,ft^3/s,Approved,[],2025-03-11T21:24:03.840047+00:00,f0d00c4983614291b938804a9df6b127
2022-07-09,0.0,0.00,ft^3/s,Approved,[],2025-03-11T21:24:03.840047+00:00,f0d00c4983614291b938804a9df6b127
2022-07-10,0.0,0.00,ft^3/s,Approved,[],2025-03-11T21:24:03.840047+00:00,f0d00c4983614291b938804a9df6b127
2022-07-11,0.0,0.00,ft^3/s,Approved,[],2025-03-11T21:24:03.840047+00:00,f0d00c4983614291b938804a9df6b127
2022-07-12,0.0,0.00,ft^3/s,Approved,[],2025-03-11T21:24:03.840047+00:00,f0d00c4983614291b938804a9df6b127
2022-07-13,0.0,0.00,ft^3/s,Approved,[],2025-03-11T21:24:03.840047+00:00,f0d00c4983614291b938804a9df6b127
2022-07-14,0.0,0.00,ft^3/s,Approved,[],2025-03-11T21:24:03.840047+00:00,f0d00c4983614291b938804a9df6b127
2022-07-15,0.0,0.00,ft^3/s,Approved,[],2025-03-11T21:24:03.840047+00:00,f0d00c4983614291b938804a9df6b127
2022-07-16,0.15,0.15,ft^3/s,Approved,[],2025-03-11T21:24:03.840047+00:00,f0d00c4983614291b938804a9df6b127
2022-07-17,0.0,0.00,ft^3/s,Approved,[],2025-03-11T21:24:03.840047+00:00,f0d00c4983614291b938804a9df6b127
2022-07-18,0.0,0.00,ft^3/s,Approved,[],2025-03-11T21:24:03.840047+00:00,f0d00c4983614291b938804a9df6b127
2022-07-19,0.0,0.00,ft^3/s,Approved,[],2025-03-11T21:24:03.840047+00:00,f0d00c4983614291b938804a9df6b127
2022-07-20,0.0,0.00,ft^3/s,Approved,[],2025-03-11T21:24:03.840047+00:00,f0d00c4983614291b938804a9df6b127
2022-07-21,0.0,0.00,ft^3/s,Approved,[],2025-03-11T21:24:03.840047+00:00,f0d00c4983614291b938804a9df6b127
2022-07-22,0.0,0.00,ft^3/s,Approved,[],2025-03-11T21:24:03.840047+00:00,f0d00c4983614291b938804a9df6b127
2022-07-23,0.0,0.00,ft^3/s,Approved,[],2025-03-11T21:24:03.840047+00:00,f0d00c4983614291b938804a9df6b127
2022-07-24,0.0,0.00,ft^3/s,Approved,[],2025-03-11T21:24:03.840047+00:00,f0d00c4983614291b938804a9df6b127
2022-07-25,0.0,0.00,ft^3/s,Approved,[],2025-03-11T21:24:03.840047+00:00,f0d00c4983614291b938804a9df6b127
2022-07-26,0.0,0.00,ft^3/s,Approved,[],2025-03-11T21:24:03.840047+00:00,f0d00c4983614291b938804a9df6b127
2022-07-27,0.0,0.00,ft^3/s,Approved,[],2025-03-11T21:24:03.840047+00:00,f0d00c4983614291b938804a9df6b127
2022-07-28,0.0,0.00,ft^3/s,Approved,[],2025-03-11T21:24:03.840047+00:00,f0d00c4983614291b938804a9df6b127
2022-07-29,0.0,0.00,ft^3/s,Approved,[],2025-03-11T21:24:03.840047+00:00,f0d00c4983614291b938804a9df6b127
2022-07-30,0.0,0.00,ft^3/s,Approved,[],2025-03-11T21:24:03.840047+00:00,f0d00c4983614291b938804a9df6b127
2022-07-31,0.0,0.00,ft^3/s,Approved,[],2025-03-11T21:24:03.840047+00:00,f0d00c4983614291b938804a9df6b127
2022-08-01,0.0,0.00,ft^3/s,Approved,[],2025-03-11T21:24:03.840047+00:00,f0d00c4983614291b938804a9df6b127
2022-08-02,0.0,0.00,ft^3/s,Approved,[],2025-03-11T21:24:03.840047+00:00,f0d00c4983614291b938804a9df6b127
2022-08-03,0.0,0.00,ft^3/s,Approved,[],2025-03-11T21:24:03.840047+00:00,f0d00c4983614291b938804a9df6b127
2022-08-04,0.0,0.00,ft^3/s,Approved,[],2025-03-11T21:24:03.840047+00:00,f0d00c4983614291b938804a9df6b127
2022-08-05,0.0,0.00,ft^3/s,Approved,[],2025-03-11T21:24:03.840047+00:00,f0d00c4983614291b938804a9df6b127
2022-08-06,0.0,0.00,ft^3/s,Approved,[],2025-03-11T21:24:03.840047+00:00,f0d00c4983614291b938804a9df6b127
2022-08-07,0.0,0.00,ft^3/s,Approved,[],2025-03-11T21:24:03.840047+00:00,f0d00c4983614291b938804a9df6b127
2022-08-08,0.0,0.00,ft^3/s,Approved,[],2025-03-11T21:24:03.840047+00:00,f0d00c4983614291b938804a9df6b127
2022-08-09,0.0,0.00,ft^3/s,Approved,[],2025-03-11T21:24:03.840047+00:00,f0d00c4983614291b938804a9df6b127
2022-08-10,0.0,0.00,ft^3/s,Approved,[],2025-03-11T21:24:03.840047+00:00,f0d00c4983614291b938804a9df6b127
2022-08-11,0.0,0.00,ft^3/s,Approved,[],2025-03-11T21:24:03.840047+00:00,f0d00c4983614291b938804a9df6b127
2022-08-12,0.0,0.00,ft^3/s,Approved,[],2025-03-11T21:24:03.840047+00:00,f0d00c4983614291b938804a9df6b127
2022-08-13,0.0,0.00,ft^3/s,Approved,[],2025-03-11T21:24:03.840047+00:00,f0d00c4983614291b938804a9df6b127
2022-08-14,0.0,0.00,ft^3/s,Approved,[],2025-03-11T21:24:03.840047+00:00,f0d00c4983614291b938804a9df6b127
2022-08-15,0.0,0.00,ft^3/s,Approved,[],2025-03-11T21:24:03.840047+00:00,f0d00c4983614291b938804a9df6b127
2022-08-16,0.0,0.00,ft^3/s,Approved,[],2025-03-11T21:24:03.840047+00:00,f0d00c4983614291b938804a9df6b127
2022-08-17,0.0,0.00,ft^3/s,Approved,[],2025-03-11T21:24:03.840047+00:00,f0d00c4983614291b938804a9df6b127
2022-08-18,0.0,0.00,ft^3/s,Approved,[],2025-03-11T21:24:03.840047+00:00,f0d00c4983614291b938804a9df6b127
2022-08-19,0.0,0.00,ft^3/s,Approved,[],2025-03-11T21:24:03.840047+00:00,f0d00c4983614291b938804a9df6b127
2022-08-20,0.01,0.01,ft^3/s,Approved,[],2025-03-11T21:24:03.840047+00:00,f0d00c4983614291b938804a9df6b127
2022-08-21,0.01,0.01,ft^3/s,Approved,[],2025-03-11T21:24:03.840047+00:00,f0d00c4983614291b938804a9df6b127
2022-08-22,0.01,0.01,ft^3/s,Approved,[],2025-03-11T21:24:03.840047+00:00,f0d00c4983614291b938804a9df6b127
2022-08-23,0.01,0.01,ft^3/s,Approved,[],2025-03-11T21:24:03.840047+00:00,f0d00c4983614291b938804a9df6b127
2022-08-24,0.02,0.02,ft^3/s,Approved,[],2025-03-11T21:24:03.840047+00:00,f0d00c4983614291b938804a9df6b127
2022-08-25,0.63,0.63,ft^3/s,Approved,[],2025-03-11T21:24:03.840047+00:00,f0d00c4983614291b938804a9df6b127
2022-08-26,0.4,0.40,ft^3/s,Approved,[],2025-03-11T21:24:03.840047+00:00,f0d00c4983614291b938804a9df6b127
2022-08-27,0.01,0.01,ft^3/s,Approved,[],2025-03-11T21:24:03.840047+00:00,f0d00c4983614291b938804a9df6b127
2022-08-28,0.02,0.02,ft^3/s,Approved,[],2025-03-11T21:24:03.840047+00:00,f0d00c4983614291b938804a9df6b127
2022-08-29,0.02,0.02,ft^3/s,Approved,[],2025-03-11T21:24:03.840047+00:00,f0d00c4983614291b938804a9df6b127
2022-08-30,0.02,0.02,ft^3/s,Approved,[],2025-03-11T21:24:03.840047+00:00,f0d00c4983614291b938804a9df6b127
2022-08-31,0.02,0.02,ft^3/s,Approved,[],2025-03-11T21:24:03.840047+00:00,f0d00c4983614291b938804a9df6b127
2022-09-01,0.03,0.03,ft^3/s,Approved,[],2025-03-11T21:24:03.840047+00:00,f0d00c4983614291b938804a9df6b127
2022-09-02,1.0,1.00,ft^3/s,Approved,[],2025-03-11T21:24:03.840047+00:00,f0d00c4983614291b938804a9df6b127
2022-09-03,3.52,3.52,ft^3/s,Approved,[],2025-03-11T21:24:03.840047+00:00,f0d00c4983614291b938804a9df6b127
2022-09-04,5.64,5.64,ft^3/s,Approved,[],2025-03-11T21:24:03.840047+00:00,f0d00c4983614291b938804a9df6b127
2022-09-05,8.46,8.46,ft^3/s,Approved,[],2025-03-11T21:24:03.840047+00:00,f0d00c4983614291b938804a9df6b127
2022-09-06,9.28,9.28,ft^3/s,Approved,[],2025-03-11T21:24:03.840047+00:00,f0d00c4983614291b938804a9df6b127
2022-09-07,9.79,9.79,ft^3/s,Approved,[],2025-03-11T21:24:03.840047+00:00,f0d00c4983614291b938804a9df6b127
2022-09-08,10.0,10.0,ft^3/s,Approved,[],2025-03-11T21:24:03.840047+00:00,f0d00c4983614291b938804a9df6b127
2022-09-09,10.2,10.2,ft^3/s,Approved,[],2025-03-11T21:24:03.840047+00:00,f0d00c4983614291b938804a9df6b127
2022-09-10,10.5,10.5,ft^3/s,Approved,[],2025-03-11T21:24:03.840047+00:00,f0d00c4983614291b938804a9df6b127
2022-09-11,10.1,10.1,ft^3/s,Approved,[],2025-03-11T21:24:03.840047+00:00,f0d00c4983614291b938804a9df6b127
2022-09-12,10.1,10.1,ft^3/s,Approved,[],2025-03-11T21:24:03.840047+00:00,f0d00c4983614291b938804a9df6b127
2022-09-13,10.1,10.1,ft^3/s,Approved,[],2025-03-11T21:24:03.840047+00:00,f0d00c4983614291b938804a9df6b127
2022-09-14,9.73,9.73,ft^3/s,Approved,[],2025-03-11T21:24:03.840047+00:00,f0d00c4983614291b938804a9df6b127
2022-09-15,9.49,9.49,ft^3/s,Approved,[],2025-03-11T21:24:03.840047+00:00,f0d00c4983614291b938804a9df6b127
2022-09-16,9.17,9.17,ft^3/s,Approved,[],2025-03-11T21:24:03.840047+00:00,f0d00c4983614291b938804a9df6b127
2022-09-17,8.92,8.92,ft^3/s,Approved,[],2025-03-11T21:24:03.840047+00:00,f0d00c4983614291b938804a9df6b127
2022-09-18,8.65,8.65,ft^3/s,Approved,[],2025-03-11T21:24:03.840047+00:00,f0d00c4983614291b938804a9df6b127
2022-09-19,8.56,8.56,ft^3/s,Approved,[],2025-03-11T21:24:03.840047+00:00,f0d00c4983614291b938804a9df6b127
2022-09-20,8.62,8.62,ft^3/s,Approved,[],2025-03-11T21:24:03.840047+00:00,f0d00c4983614291b938804a9df6b127
2022-09-21,8.32,8.32,ft^3/s,Approved,[],2025-03-11T21:24:03.840047+00:00,f0d00c4983614291b938804a9df6b127
2022-09-22,7.75,7.75,ft^3/s,Approved,[],2025-03-11T21:24:03.840047+00:00,f0d00c4983614291b938804a9df6b127
2022-09-23,7.06,7.06,ft^3/s,Approved,[],2025-03-11T21:24:03.840047+00:00,f0d00c4983614291b938804a9df6b127
2022-09-24,6.79,6.79,ft^3/s,Approved,[],2025-03-11T21:24:03.840047+00:00,f0d00c4983614291b938804a9df6b127
2022-09-25,6.65,6.65,ft^3/s,Approved,[],2025-03-11T21:24:03.840047+00:00,f0d00c4983614291b938804a9df6b127
2022-09-26,6.35,6.35,ft^3/s,Approved,[],2025-03-11T21:24:03.840047+00:00,f0d00c4983614291b938804a9df6b127
2022-09-27,5.72,5.72,ft^3/s,Approved,[],2025-03-11T21:24:03.840047+00:00,f0d00c4983614291b938804a9df6b127
2022-09-28,5.24,5.24,ft^3/s,Approved,[],2025-03-11T21:24:03.840047+00:00,f0d00c4983614291b938804a9df6b127
2022-09-29,4.78,4.78,ft^3/s,Approved,[],2025-03-11T21:24:03.840047+00:00,f0d00c4983614291b938804a9df6b127
2022-09-30,4.26,4.26,ft^3/s,Approved,[],2025-03-11T21:24:03.840047+00:00,f0d00c4983614291b938804a9df6b127
2022-10-01,4.02,4.02,ft^3/s,Approved,[],2025-03-11T21:24:03.840047+00:00,f0d00c4983614291b938804a9df6b127
2022-10-02,3.69,3.69,ft^3/s,Approved,[],2025-03-11T21:24:03.840047+00:00,f0d00c4983614291b938804a9df6b127
2022-10-03,3.11,3.11,ft^3/s,Approved,[],2025-03-11T21:24:03.840047+00:00,f0d00c4983614291b938804a9df6b127
2022-10-04,0.52,0.52,ft^3/s,Approved,[],2025-03-11T21:24:03.840047+00:00,f0d00c4983614291b938804a9df6b127
2022-10-05,0.1,0.10,ft^3/s,Approved,[],2025-03-11T21:24:03.840047+00:00,f0d00c4983614291b938804a9df6b127
2022-10-06,0.1,0.10,ft^3/s,Approved,[],2025-03-11T21:24:03.840047+00:00,f0d00c4983614291b938804a9df6b127
2022-10-07,0.1,0.10,ft^3/s,Approved,[],2025-03-11T21:24:03.840047+00:00,f0d00c4983614291b938804a9df6b127
2022-10-08,0.1,0.10,ft^3/s,Approved,[],2025-03-11T21:24:03.840047+00:00,f0d00c4983614291b938804a9df6b127
2022-10-09,0.1,0.10,ft^3/s,Approved,[],2025-03-11T21:24:03.840047+00:00,f0d00c4983614291b938804a9df6b127
2022-10-10,0.1,0.10,ft^3/s,Approved,[],2025-03-11T21:24:03.840047+00:00,f0d00c4983614291b938804a9df6b127
2022-10-11,0.1,0.10,ft^3/s,Approved,[],2025-03-11T21:24:03.840047+00:00,f0d00c4983614291b938804a9df6b127
2022-10-12,0.1,0.10,ft^3/s,Approved,[],2025-03-11T21:24:03.840047+00:00,f0d00c4983614291b938804a9df6b127
2022-10-13,0.1,0.10,ft^3/s,Approved,[],2025-03-11T21:24:03.840047+00:00,f0d00c4983614291b938804a9df6b127
2022-10-14,0.1,0.10,ft^3/s,Approved,[],2025-03-11T21:24:03.840047+00:00,f0d00c4983614291b938804a9df6b127
2022-10-15,0.1,0.10,ft^3/s,Approved,[],2025-03-11T21:24:03.840047+00:00,f0d00c4983614291b938804a9df6b127
2022-10-16,1.34,1.34,ft^3/s,Approved,[],2025-03-11T21:24:03.840047+00:00,f0d00c4983614291b938804a9df6b127
2022-10-17,3.14,3.14,ft^3/s,Approved,[],2025-03-11T21:24:03.840047+00:00,f0d00c4983614291b938804a9df6b127
2022-10-18,3.08,3.08,ft^3/s,Approved,[],2025-03-11T21:24:03.840047+00:00,f0d00c4983614291b938804a9df6b127
2022-10-19,2.84,2.84,ft^3/s,Approved,[],2025-03-11T21:24:03.840047+00:00,f0d00c4983614291b938804a9df6b127
2022-10-20,3.19,3.19,ft^3/s,Approved,[],2025-03-11T21:24:03.840047+00:00,f0d00c4983614291b938804a9df6b127
2022-10-21,3.74,3.74,ft^3/s,Approved,[],2025-03-11T21:24:03.840047+00:00,f0d00c4983614291b938804a9df6b127
2022-10-22,4.32,4.32,ft^3/s,Approved,[],2025-03-11T21:24:03.840047+00:00,f0d00c4983614291b938804a9df6b127
2022-10-23,4.96,4.96,ft^3/s,Approved,[],2025-03-11T21:24:03.840047+00:00,f0d00c4983614291b938804a9df6b127
2022-10-24,5.31,5.31,ft^3/s,Approved,[],2025-03-11T21:24:03.840047+00:00,f0d00c4983614291b938804a9df6b127
2022-10-25,6.6,6.60,ft^3/s,Approved,[],2025-03-11T21:24:03.840047+00:00,f0d00c4983614291b938804a9df6b127
2022-10-26,7.47,7.47,ft^3/s,Approved,[],2025-03-11T21:24:03.840047+00:00,f0d00c4983614291b938804a9df6b127
2022-10-27,7.53,7.53,ft^3/s,Approved,[],2025-03-11T21:24:03.840047+00:00,f0d00c4983614291b938804a9df6b127
2022-10-28,7.78,7.78,ft^3/s,Approved,[],2025-03-11T21:24:03.840047+00:00,f0d00c4983614291b938804a9df6b127
2022-10-29,8.22,8.22,ft^3/s,Approved,[],2025-03-11T21:24:03.840047+00:00,f0d00c4983614291b938804a9df6b127
2022-10-30,8.22,8.22,ft^3/s,Approved,[],2025-03-11T21:24:03.840047+00:00,f0d00c4983614291b938804a9df6b127
2022-10-31,8.23,8.23,ft^3/s,Approved,[],2025-03-11T21:24:03.840047+00:00,f0d00c4983614291b938804a9df6b127
2022-11-01,8.22,8.22,ft^3/s,Approved,[],2025-03-11T21:24:03.840047+00:00,f0d00c4983614291b938804a9df6b127
2022-11-02,8.01,8.01,ft^3/s,Approved,[],2025-03-11T21:24:03.840047+00:00,f0d00c4983614291b938804a9df6b127
2022-11-03,8.43,8.43,ft^3/s,Approved,[],2025-03-11T21:24:03.840047+00:00,f0d00c4983614291b938804a9df6b127
2022-11-04,8.43,8.43,ft^3/s,Approved,[],2025-03-11T21:24:03.840047+00:00,f0d00c4983614291b938804a9df6b127
2022-11-05,7.96,7.96,ft^3/s,Approved,[],2025-03-11T21:24:03.840047+00:00,f0d00c4983614291b938804a9df6b127
2022-11-06,7.64,7.64,ft^3/s,Approved,[],2025-03-11T21:24:03.840047+00:00,f0d00c4983614291b938804a9df6b127
2022-11-07,7.78,7.78,ft^3/s,Approved,[],2025-03-11T21:24:03.840047+00:00,f0d00c4983614291b938804a9df6b127
2022-11-08,8.22,8.22,ft^3/s,Approved,[],2025-03-11T21:24:03.840047+00:00,f0d00c4983614291b938804a9df6b127
2022-11-09,8.17,8.17,ft^3/s,Approved,[],2025-03-11T21:24:03.840047+00:00,f0d00c4983614291b938804a9df6b127
2022-11-10,8.19,8.19,ft^3/s,Approved,[],2025-03-11T21:24:03.840047+00:00,f0d00c4983614291b938804a9df6b127
2022-11-11,8.18,8.18,ft^3/s,Approved,[],2025-03-11T21:24:03.840047+00:00,f0d00c4983614291b938804a9df6b127
2022-11-12,7.97,7.97,ft^3/s,Approved,[],2025-03-11T21:24:03.840047+00:00,f0d00c4983614291b938804a9df6b127
2022-11-13,7.53,7.53,ft^3/s,Approved,[],2025-03-11T21:24:03.840047+00:00,f0d00c4983614291b938804a9df6b127
2022-11-14,7.6,7.60,ft^3/s,Approved,[],2025-03-11T21:24:03.840047+00:00,f0d00c4983614291b938804a9df6b127
2022-11-15,7.65,7.65,ft^3/s,Approved,[],2025-03-11T21:24:03.840047+00:00,f0d00c4983614291b938804a9df6b127
2022-11-16,7.55,7.55,ft^3/s,Approved,[],2025-03-11T21:24:03.840047+00:00,f0d00c4983614291b938804a9df6b127
2022-11-17,7.57,7.57,ft^3/s,Approved,[],2025-03-11T21:24:03.840047+00:00,f0d00c4983614291b938804a9df6b127
2022-11-18,7.56,7.56,ft^3/s,Approved,[],2025-03-11T21:24:03.840047+00:00,f0d00c4983614291b938804a9df6b127
2022-11-19,7.73,7.73,ft^3/s,Approved,[],2025-03-11T21:24:03.840047+00:00,f0d00c4983614291b938804a9df6b127
2022-11-20,8.09,8.09,ft^3/s,Approved,[],2025-03-11T21:24:03.840047+00:00,f0d00c4983614291b938804a9df6b127
2022-11-21,7.91,7.91,ft^3/s,Approved,[],2025-03-11T21:24:03.840047+00:00,f0d00c4983614291b938804a9df6b127
2022-11-22,8.48,8.48,ft^3/s,Approved,[],2025-03-11T21:24:03.840047+00:00,f0d00c4983614291b938804a9df6b127
2022-11-23,8.65,8.65,ft^3/s,Approved,[],2025-03-11T21:24:03.840047+00:00,f0d00c4983614291b938804a9df6b127
2022-11-24,8.75,8.75,ft^3/s,Approved,[],2025-03-11T21:24:03.840047+00:00,f0d00c4983614291b938804a9df6b127
2022-11-25,8.63,8.63,ft^3/s,Approved,[],2025-03-11T21:24:03.840047+00:00,f0d00c4983614291b938804a9df6b127
2022-11-26,11.0,11.0,ft^3/s,Approved,[],2025-03-11T21:24:03.840047+00:00,f0d00c4983614291b938804a9df6b127
2022-11-27,12.2,12.2,ft^3/s,Approved,[],2025-03-11T21:24:03.840047+00:00,f0d00c4983614291b938804a9df6b127
2022-11-28,11.0,11.0,ft^3/s,Approved,[],2025-03-11T21:24:03.840047+00:00,f0d00c4983614291b938804a9df6b127
2022-11-29,11.2,11.2,ft^3/s,Approved,[],2025-03-11T21:24:03.840047+00:00,f0d00c4983614291b938804a9df6b127
2022-11-30,11.3,11.3,ft^3/s,Approved,[],2025-03-11T21:24:03.840047+00:00,f0d00c4983614291b938804a9df6b127
2022-12-01,10.2,10.2,ft^3/s,Approved,[],2025-03-11T21:24:03.840047+00:00,f0d00c4983614291b938804a9df6b127
2022-12-02,10.2,10.2,ft^3/s,Approved,[],2025-03-11T21:24:03.840047+00:00,f0d00c4983614291b938804a9df6b127
2022-12-03,10.0,10.0,ft^3/s,Approved,[],2025-03-11T21:24:03.840047+00:00,f0d00c4983614291b938804a9df6b127
2022-12-04,9.57,9.57,ft^3/s,Approved,[],2025-03-11T21:24:03.840047+00:00,f0d00c4983614291b938804a9df6b127
2022-12-05,9.37,9.37,ft^3/s,Approved,[],2025-03-11T21:24:03.840047+00:00,f0d00c4983614291b938804a9df6b127
2022-12-06,9.26,9.26,ft^3/s,Approved,[],2025-03-11T21:24:03.840047+00:00,f0d00c4983614291b938804a9df6b127
2022-12-07,9.07,9.07,ft^3/s,Approved,[],2025-03-11T21:24:03.840047+00:00,f0d00c4983614291b938804a9df6b127
2022-12-08,8.98,8.98,ft^3/s,Approved,[],2025-03-11T21:24:03.840047+00:00,f0d00c4983614291b938804a9df6b127
2022-12-09,8.81,8.81,ft^3/s,Approved,[],2025-03-11T21:24:03.840047+00:00,f0d00c4983614291b938804a9df6b127
2022-12-10,8.57,8.57,ft^3/s,Approved,[],2025-03-11T21:24:03.840047+00:00,f0d00c4983614291b938804a9df6b127
2022-12-11,8.74,8.74,ft^3/s,Approved,[],2025-03-11T21:24:03.840047+00:00,f0d00c4983614291b938804a9df6b127
2022-12-12,8.78,8.78,ft^3/s,Approved,[],2025-03-11T21:24:03.840047+00:00,f0d00c4983614291b938804a9df6b127
2022-12-13,8.54,8.54,ft^3/s,Approved,[],2025-03-11T21:24:03.840047+00:00,f0d00c4983614291b938804a9df6b127
2022-12-14,8.14,8.14,ft^3/s,Approved,[],2025-03-11T21:24:03.840047+00:00,f0d00c4983614291b938804a9df6b127
2022-12-15,7.83,7.83,ft^3/s,Approved,[],2025-03-11T21:24:03.840047+00:00,f0d00c4983614291b938804a9df6b127
2022-12-16,7.72,7.72,ft^3/s,Approved,[],2025-03-11T21:24:03.840047+00:00,f0d00c4983614291b938804a9df6b127
2022-12-17,7.59,7.59,ft^3/s,Approved,[],2025-03-11T21:24:03.840047+00:00,f0d00c4983614291b938804a9df6b127
2022-12-18,7.39,7.39,ft^3/s,Approved,[],2025-03-11T21:24:03.840047+00:00,f0d00c4983614291b938804a9df6b127
2022-12-19,8.03,8.03,ft^3/s,Approved,[],2025-03-11T21:24:03.840047+00:00,f0d00c4983614291b938804a9df6b127
2022-12-20,9.2,9.20,ft^3/s,Approved,[],2025-03-11T21:24:03.840047+00:00,f0d00c4983614291b938804a9df6b127
2022-12-21,8.99,8.99,ft^3/s,Approved,[],2025-03-11T21:24:03.840047+00:00,f0d00c4983614291b938804a9df6b127
2022-12-22,8.56,8.56,ft^3/s,Approved,[],2025-03-11T21:24:03.840047+00:00,f0d00c4983614291b938804a9df6b127
2022-12-23,7.72,7.72,ft^3/s,Approved,[],2025-03-11T21:24:03.840047+00:00,f0d00c4983614291b938804a9df6b127
2022-12-24,7.27,7.27,ft^3/s,Approved,[],2025-03-11T21:24:03.840047+00:00,f0d00c4983614291b938804a9df6b127
2022-12-25,7.05,7.05,ft^3/s,Approved,[],2025-03-11T21:24:03.840047+00:00,f0d00c4983614291b938804a9df6b127
2022-12-26,7.06,7.06,ft^3/s,Approved,[],2025-03-11T21:24:03.840047+00:00,f0d00c4983614291b938804a9df6b127
2022-12-27,7.08,7.08,ft^3/s,Approved,[],2025-03-11T21:24:03.840047+00:00,f0d00c4983614291b938804a9df6b127
2022-12-28,7.17,7.17,ft^3/s,Approved,[],2025-03-11T21:24:03.840047+00:00,f0d00c4983614291b938804a9df6b127
2022-12-29,7.25,7.25,ft^3/s,Approved,[],2025-03-11T21:24:03.840047+00:00,f0d00c4983614291b938804a9df6b127
2022-12-30,7.73,7.73,ft^3/s,Approved,[],2025-03-11T21:24:03.840047+00:00,f0d00c4983614291b938804a9df6b127
2022-12-31,7.89,7.89,ft^3/s,Approved,[],2025-03-11T21:24:03.840047+00:00,f0d00c4983614291b938804a9df6b127
2023-01-01,6.71,6.71,ft^3/s,Approved,[],2025-03-11T21:24:03.840047+00:00,f0d00c4983614291b938804a9df6b127
2023-01-02,6.99,6.99,ft^3/s,Approved,[],2025-03-11T21:24:03.840047+00:00,f0d00c4983614291b938804a9df6b127
2023-01-03,6.95,6.95,ft^3/s,Approved,[],2025-03-11T21:24:03.840047+00:00,f0d00c4983614291b938804a9df6b127
2023-01-04,7.17,7.17,ft^3/s,Approved,[],2025-03-11T21:24:03.840047+00:00,f0d00c4983614291b938804a9df6b127
2023-01-05,7.03,7.03,ft^3/s,Approved,[],2025-03-11T21:24:03.840047+00:00,f0d00c4983614291b938804a9df6b127
2023-01-06,7.27,7.27,ft^3/s,Approved,[],2025-03-11T21:24:03.840047+00:00,f0d00c4983614291b938804a9df6b127
2023-01-07,7.54,7.54,ft^3/s,Approved,[],2025-03-11T21:24:03.840047+00:00,f0d00c4983614291b938804a9df6b127
2023-01-08,7.41,7.41,ft^3/s,Approved,[],2025-03-11T21:24:03.840047+00:00,f0d00c4983614291b938804a9df6b127
2023-01-09,7.33,7.33,ft^3/s,Approved,[],2025-03-11T21:24:03.840047+00:00,f0d00c4983614291b938804a9df6b127
2023-01-10,7.16,7.16,ft^3/s,Approved,[],2025-03-11T21:24:03.840047+00:00,f0d00c4983614291b938804a9df6b127
2023-01-11,7.11,7.11,ft^3/s,Approved,[],2025-03-11T21:24:03.840047+00:00,f0d00c4983614291b938804a9df6b127
2023-01-12,7.02,7.02,ft^3/s,Approved,[],2025-03-11T21:24:03.840047+00:00,f0d00c4983614291b938804a9df6b127
2023-01-13,6.68,6.68,ft^3/s,Approved,[],2025-03-11T21:24:03.840047+00:00,f0d00c4983614291b938804a9df6b127
2023-01-14,6.76,6.76,ft^3/s,Approved,[],2025-03-11T21:24:03.840047+00:00,f0d00c4983614291b938804a9df6b127
2023-01-15,6.9,6.90,ft^3/s,Approved,[],2025-03-11T21:24:03.840047+00:00,f0d00c4983614291b938804a9df6b127
2023-01-16,7.06,7.06,ft^3/s,Approved,[],2025-03-11T21:24:03.840047+00:00,f0d00c4983614291b938804a9df6b127
2023-01-17,7.19,7.19,ft^3/s,Approved,[],2025-03-11T21:24:03.840047+00:00,f0d00c4983614291b938804a9df6b127
2023-01-18,7.2,7.20,ft^3/s,Approved,[],2025-03-11T21:24:03.840047+00:00,f0d00c4983614291b938804a9df6b127
2023-01-19,6.71,6.71,ft^3/s,Approved,[],2025-03-11T21:24:03.840047+00:00,f0d00c4983614291b938804a9df6b127
2023-01-20,6.5,6.50,ft^3/s,Approved,[],2025-03-11T21:24:03.840047+00:00,f0d00c4983614291b938804a9df6b127
2023-01-21,6.56,6.56,ft^3/s,Approved,[],2025-03-11T21:24:03.840047+00:00,f0d00c4983614291b938804a9df6b127
2023-01-22,6.37,6.37,ft^3/s,Approved,[],2025-03-11T21:24:03.840047+00:00,f0d00c4983614291b938804a9df6b127
2023-01-23,6.24,6.24,ft^3/s,Approved,[],2025-03-11T21:24:03.840047+00:00,f0d00c4983614291b938804a9df6b127
2023-01-24,6.81,6.81,ft^3/s,Approved,[],2025-03-11T21:24:03.840047+00:00,f0d00c4983614291b938804a9df6b127
2023-01-25,7.96,7.96,ft^3/s,Approved,[],2025-03-11T21:24:03.840047+00:00,f0d00c4983614291b938804a9df6b127
2023-01-26,7.71,7.71,ft^3/s,Approved,[],2025-03-11T21:24:03.840047+00:00,f0d00c4983614291b938804a9df6b127
2023-01-27,7.44,7.44,ft^3/s,Approved,[],2025-03-11T21:24:03.840047+00:00,f0d00c4983614291b938804a9df6b127
2023-01-28,7.54,7.54,ft^3/s,Approved,[],2025-03-11T21:24:03.840047+00:00,f0d00c4983614291b938804a9df6b127
2023-01-29,7.86,7.86,ft^3/s,Approved,[],2025-03-11T21:24:03.840047+00:00,f0d00c4983614291b938804a9df6b127
2023-01-30,7.6,7.60,ft^3/s,Approved,[],2025-03-11T21:24:03.840047+00:00,f0d00c4983614291b938804a9df6b127
2023-01-31,7.37,7.37,ft^3/s,Approved,[],2025-03-11T21:24:03.840047+00:00,f0d00c4983614291b938804a9df6b127
2023-02-01,8.92,8.92,ft^3/s,Approved,[],2025-03-11T21:24:03.840047+00:00,f0d00c4983614291b938804a9df6b127
2023-02-02,11.1,11.1,ft^3/s,Approved,[],2025-03-11T21:24:03.840047+00:00,f0d00c4983614291b938804a9df6b127
2023-02-03,10.8,10.8,ft^3/s,Approved,[],2025-03-11T21:24:03.840047+00:00,f0d00c4983614291b938804a9df6b127
2023-02-04,10.0,10.0,ft^3/s,Approved,[],2025-03-11T21:24:03.840047+00:00,f0d00c4983614291b938804a9df6b127
2023-02-05,9.44,9.44,ft^3/s,Approved,[],2025-03-11T21:24:03.840047+00:00,f0d00c4983614291b938804a9df6b127
2023-02-06,9.15,9.15,ft^3/s,Approved,[],2025-03-11T21:24:03.840047+00:00,f0d00c4983614291b938804a9df6b127
2023-02-07,9.14,9.14,ft^3/s,Approved,[],2025-03-11T21:24:03.840047+00:00,f0d00c4983614291b938804a9df6b127
2023-02-08,10.3,10.3,ft^3/s,Approved,[],2025-03-11T21:24:03.840047+00:00,f0d00c4983614291b938804a9df6b127
2023-02-09,11.8,11.8,ft^3/s,Approved,[],2025-03-11T21:24:03.840047+00:00,f0d00c4983614291b938804a9df6b127
2023-02-10,10.7,10.7,ft^3/s,Approved,[],2025-03-11T21:24:03.840047+00:00,f0d00c4983614291b938804a9df6b127
2023-02-11,9.78,9.78,ft^3/s,Approved,[],2025-03-11T21:24:03.840047+00:00,f0d00c4983614291b938804a9df6b127
2023-02-12,9.79,9.79,ft^3/s,Approved,[],2025-03-11T21:24:03.840047+00:00,f0d00c4983614291b938804a9df6b127
2023-02-13,9.46,9.46,ft^3/s,Approved,[],2025-03-11T21:24:03.840047+00:00,f0d00c4983614291b938804a9df6b127
2023-02-14,9.47,9.47,ft^3/s,Approved,[],2025-03-11T21:24:03.840047+00:00,f0d00c4983614291b938804a9df6b127
2023-02-15,9.22,9.22,ft^3/s,Approved,[],2025-03-11T21:24:03.840047+00:00,f0d00c4983614291b938804a9df6b127
2023-02-16,9.01,9.01,ft^3/s,Approved,[],2025-03-11T21:24:03.840047+00:00,f0d00c4983614291b938804a9df6b127
2023-02-17,8.42,8.42,ft^3/s,Approved,[],2025-03-11T21:24:03.840047+00:00,f0d00c4983614291b938804a9df6b127
2023-02-18,8.17,8.17,ft^3/s,Approved,[],2025-03-11T21:24:03.840047+00:00,f0d00c4983614291b938804a9df6b127
2023-02-19,8.28,8.28,ft^3/s,Approved,[],2025-03-11T21:24:03.840047+00:00,f0d00c4983614291b938804a9df6b127
2023-02-20,8.43,8.43,ft^3/s,Approved,[],2025-03-11T21:24:03.840047+00:00,f0d00c4983614291b938804a9df6b127
2023-02-21,8.56,8.56,ft^3/s,Approved,[],2025-03-11T21:24:03.840047+00:00,f0d00c4983614291b938804a9df6b127
2023-02-22,9.65,9.65,ft^3/s,Approved,[],2025-03-11T21:24:03.840047+00:00,f0d00c4983614291b938804a9df6b127
2023-02-23,9.49,9.49,ft^3/s,Approved,[],2025-03-11T21:24:03.840047+00:00,f0d00c4983614291b938804a9df6b127
2023-02-24,8.6,8.60,ft^3/s,Approved,[],2025-03-11T21:24:03.840047+00:00,f0d00c4983614291b938804a9df6b127
2023-02-25,9.06,9.06,ft^3/s,Approved,[],2025-03-11T21:24:03.840047+00:00,f0d00c4983614291b938804a9df6b127
2023-02-26,9.36,9.36,ft^3/s,Approved,[],2025-03-11T21:24:03.840047+00:00,f0d00c4983614291b938804a9df6b127
2023-02-27,9.15,9.15,ft^3/s,Approved,[],2025-03-11T21:24:03.840047+00:00,f0d00c4983614291b938804a9df6b127
2023-02-28,8.58,8.58,ft^3/s,Approved,[],2025-03-11T21:24:03.840047+00:00,f0d00c4983614291b938804a9df6b127
2023-03-01,8.47,8.47,ft^3/s,Approved,[],2025-03-11T21:24:03.840047+00:00,f0d00c4983614291b938804a9df6b127
2023-03-02,8.72,8.72,ft^3/s,Approved,[],2025-03-11T21:24:03.840047+00:00,f0d00c4983614291b938804a9df6b127
2023-03-03,9.47,9.47,ft^3/s,Approved,[],2025-03-11T21:24:03.840047+00:00,f0d00c4983614291b938804a9df6b127
2023-03-04,8.94,8.94,ft^3/s,Approved,[],2025-03-11T21:24:03.840047+00:00,f0d00c4983614291b938804a9df6b127
2023-03-05,8.67,8.67,ft^3/s,Approved,[],2025-03-11T21:24:03.840047+00:00,f0d00c4983614291b938804a9df6b127
2023-03-06,8.39,8.39,ft^3/s,Approved,[],2025-03-11T21:24:03.840047+00:00,f0d00c4983614291b938804a9df6b127
2023-03-07,8.42,8.42,ft^3/s,Approved,[],2025-03-11T21:24:03.840047+00:00,f0d00c4983614291b938804a9df6b127
2023-03-08,8.29,8.29,ft^3/s,Approved,[],2025-03-11T21:24:03.840047+00:00,f0d00c4983614291b938804a9df6b127
2023-03-09,8.16,8.16,ft^3/s,Approved,[],2025-03-11T21:24:03.840047+00:00,f0d00c4983614291b938804a9df6b127
2023-03-10,7.94,7.94,ft^3/s,Approved,[],2025-03-11T21:24:03.840047+00:00,f0d00c4983614291b938804a9df6b127
2023-03-11,8.03,8.03,ft^3/s,Approved,[],2025-03-11T21:24:03.840047+00:00,f0d00c4983614291b938804a9df6b127
2023-03-12,7.85,7.85,ft^3/s,Approved,[],2025-03-11T21:24:03.840047+00:00,f0d00c4983614291b938804a9df6b127
2023-03-13,7.46,7.46,ft^3/s,Approved,[],2025-03-11T21:24:03.840047+00:00,f0d00c4983614291b938804a9df6b127
2023-03-14,7.2,7.20,ft^3/s,Approved,[],2025-03-11T21:24:03.840047+00:00,f0d00c4983614291b938804a9df6b127
2023-03-15,7.11,7.11,ft^3/s,Approved,[],2025-03-11T21:24:03.840047+00:00,f0d00c4983614291b938804a9df6b127
2023-03-16,6.94,6.94,ft^3/s,Approved,[],2025-03-11T21:24:03.840047+00:00,f0d00c4983614291b938804a9df6b127
2023-03-17,6.69,6.69,ft^3/s,Approved,[],2025-03-11T21:24:03.840047+00:00,f0d00c4983614291b938804a9df6b127
2023-03-18,6.52,6.52,ft^3/s,Approved,[],2025-03-11T21:24:03.840047+00:00,f0d00c4983614291b938804a9df6b127
2023-03-19,6.49,6.49,ft^3/s,Approved,[],2025-03-11T21:24:03.840047+00:00,f0d00c4983614291b938804a9df6b127
2023-03-20,6.7,6.70,ft^3/s,Approved,[],2025-03-11T21:24:03.840047+00:00,f0d00c4983614291b938804a9df6b127
2023-03-21,6.93,6.93,ft^3/s,Approved,[],2025-03-11T21:24:03.840047+00:00,f0d00c4983614291b938804a9df6b127
2023-03-22,7.28,7.28,ft^3/s,Approved,[],2025-03-11T21:24:03.840047+00:00,f0d00c4983614291b938804a9df6b127
2023-03-23,7.45,7.45,ft^3/s,Approved,[],2025-03-11T21:24:03.840047+00:00,f0d00c4983614291b938804a9df6b127
2023-03-24,7.55,7.55,ft^3/s,Approved,[],2025-03-11T21:24:03.840047+00:00,f0d00c4983614291b938804a9df6b127
2023-03-25,7.49,7.49,ft^3/s,Approved,[],2025-03-11T21:24:03.840047+00:00,f0d00c4983614291b938804a9df6b127
2023-03-26,7.4,7.40,ft^3/s,Approved,[],2025-03-11T21:24:03.840047+00:00,f0d00c4983614291b938804a9df6b127
2023-03-27,7.4,7.40,ft^3/s,Approved,[],2025-03-11T21:24:03.840047+00:00,f0d00c4983614291b938804a9df6b127
2023-03-28,7.76,7.76,ft^3/s,Approved,[],2025-03-11T21:24:03.840047+00:00,f0d00c4983614291b938804a9df6b127
2023-03-29,7.7,7.70,ft^3/s,Approved,[],2025-03-11T21:24:03.840047+00:00,f0d00c4983614291b938804a9df6b127
2023-03-30,7.82,7.82,ft^3/s,Approved,[],2025-03-11T21:24:03.840047+00:00,f0d00c4983614291b938804a9df6b127
2023-03-31,7.78,7.78,ft^3/s,Approved,[],2025-03-11T21:24:03.840047+00:00,f0d00c4983614291b938804a9df6b127
2023-04-01,7.82,7.82,ft^3/s,Approved,[],2025-03-11T21:24:03.840047+00:00,f0d00c4983614291b938804a9df6b127
2023-04-02,7.48,7.48,ft^3/s,Approved,[],2025-03-11T21:24:03.840047+00:00,f0d00c4983614291b938804a9df6b127
2023-04-03,7.4,7.40,ft^3/s,Approved,[],2025-03-11T21:24:03.840047+00:00,f0d00c4983614291b938804a9df6b127
2023-04-04,7.66,7.66,ft^3/s,Approved,[],2025-03-11T21:24:03.840047+00:00,f0d00c4983614291b938804a9df6b127
2023-04-05,7.87,7.87,ft^3/s,Approved,[],2025-03-11T21:24:03.840047+00:00,f0d00c4983614291b938804a9df6b127
2023-04-06,8.96,8.96,ft^3/s,Approved,[],2025-03-11T21:24:03.840047+00:00,f0d00c4983614291b938804a9df6b127
2023-04-07,11.1,11.1,ft^3/s,Approved,[],2025-03-11T21:24:03.840047+00:00,f0d00c4983614291b938804a9df6b127
2023-04-08,12.5,12.5,ft^3/s,Approved,[],2025-03-11T21:24:03.840047+00:00,f0d00c4983614291b938804a9df6b127
2023-04-09,11.7,11.7,ft^3/s,Approved,[],2025-03-11T21:24:03.840047+00:00,f0d00c4983614291b938804a9df6b127
2023-04-10,10.5,10.5,ft^3/s,Approved,[],2025-03-11T21:24:03.840047+00:00,f0d00c4983614291b938804a9df6b127
2023-04-11,9.43,9.43,ft^3/s,Approved,[],2025-03-11T21:24:03.840047+00:00,f0d00c4983614291b938804a9df6b127
2023-04-12,9.08,9.08,ft^3/s,Approved,[],2025-03-11T21:24:03.840047+00:00,f0d00c4983614291b938804a9df6b127
2023-04-13,8.78,8.78,ft^3/s,Approved,[],2025-03-11T21:24:03.840047+00:00,f0d00c4983614291b938804a9df6b127
2023-04-14,8.64,8.64,ft^3/s,Approved,[],2025-03-11T21:24:03.840047+00:00,f0d00c4983614291b938804a9df6b127
2023-04-15,8.69,8.69,ft^3/s,Approved,[],2025-03-11T21:24:03.840047+00:00,f0d00c4983614291b938804a9df6b127
2023-04-16,8.34,8.34,ft^3/s,Approved,[],2025-03-11T21:24:03.840047+00:00,f0d00c4983614291b938804a9df6b127
2023-04-17,8.09,8.09,ft^3/s,Approved,[],2025-03-11T21:24:03.840047+00:00,f0d00c4983614291b938804a9df6b127
2023-04-18,8.11,8.11,ft^3/s,Approved,[],2025-03-11T21:24:03.840047+00:00,f0d00c4983614291b938804a9df6b127
2023-04-19,8.05,8.05,ft^3/s,Approved,[],2025-03-11T21:24:03.840047+00:00,f0d00c4983614291b938804a9df6b127
2023-04-20,7.79,7.79,ft^3/s,Approved,[],2025-03-11T21:24:03.840047+00:00,f0d00c4983614291b938804a9df6b127
2023-04-21,14.6,14.6,ft^3/s,Approved,[],2025-03-11T21:24:03.840047+00:00,f0d00c4983614291b938804a9df6b127
2023-04-22,13.5,13.5,ft^3/s,Approved,[],2025-03-11T21:24:03.840047+00:00,f0d00c4983614291b938804a9df6b127
2023-04-23,10.4,10.4,ft^3/s,Approved,[],2025-03-11T21:24:03.840047+00:00,f0d00c4983614291b938804a9df6b127
2023-04-24,8.28,8.28,ft^3/s,Approved,[],2025-03-11T21:24:03.840047+00:00,f0d00c4983614291b938804a9df6b127
2023-04-25,6.9,6.90,ft^3/s,Approved,[],2025-03-11T21:24:03.840047+00:00,f0d00c4983614291b938804a9df6b127
2023-04-26,6.29,6.29,ft^3/s,Approved,[],2025-03-11T21:24:03.840047+00:00,f0d00c4983614291b938804a9df6b127
2023-04-27,7.7,7.70,ft^3/s,Approved,[],2025-03-11T21:24:03.840047+00:00,f0d00c4983614291b938804a9df6b127
2023-04-28,8.31,8.31,ft^3/s,Approved,[],2025-03-11T21:24:03.840047+00:00,f0d00c4983614291b938804a9df6b127
2023-04-29,13.2,13.2,ft^3/s,Approved,[],2025-03-11T21:24:03.840047+00:00,f0d00c4983614291b938804a9df6b127
2023-04-30,10.9,10.9,ft^3/s,Approved,[],2025-03-11T21:24:03.840047+00:00,f0d00c4983614291b938804a9df6b127
2023-05-01,9.09,9.09,ft^3/s,Approved,[],2025-03-11T21:24:03.840047+00:00,f0d00c4983614291b938804a9df6b127
2023-05-02,7.84,7.84,ft^3/s,Approved,[],2025-03-11T21:24:03.840047+00:00,f0d00c4983614291b938804a9df6b127
2023-05-03,7.03,7.03,ft^3/s,Approved,[],2025-03-11T21:24:03.840047+00:00,f0d00c4983614291b938804a9df6b127
2023-05-04,6.77,6.77,ft^3/s,Approved,[],2025-03-11T21:24:03.840047+00:00,f0d00c4983614291b938804a9df6b127
2023-05-05,6.39,6.39,ft^3/s,Approved,[],2025-03-11T21:24:03.840047+00:00,f0d00c4983614291b938804a9df6b127
2023-05-06,5.98,5.98,ft^3/s,Approved,[],2025-03-11T21:24:03.840047+00:00,f0d00c4983614291b938804a9df6b127
2023-05-07,5.67,5.67,ft^3/s,Approved,[],2025-03-11T21:24:03.840047+00:00,f0d00c4983614291b938804a9df6b127
2023-05-08,5.45,5.45,ft^3/s,Approved,[],2025-03-11T21:24:03.840047+00:00,f0d00c4983614291b938804a9df6b127
2023-05-09,5.4,5.40,ft^3/s,Approved,[],2025-03-11T21:24:03.840047+00:00,f0d00c4983614291b938804a9df6b127
2023-05-10,5.36,5.36,ft^3/s,Approved,[],2025-03-11T21:24:03.840047+00:00,f0d00c4983614291b938804a9df6b127
2023-05-11,5.17,5.17,ft^3/s,Approved,[],2025-03-11T21:24:03.840047+00:00,f0d00c4983614291b938804a9df6b127
2023-05-12,4.9,4.90,ft^3/s,Approved,[],2025-03-11T21:24:03.840047+00:00,f0d00c4983614291b938804a9df6b127
2023-05-13,19.2,19.2,ft^3/s,Approved,[],2025-03-11T21:24:03.840047+00:00,f0d00c4983614291b938804a9df6b127
2023-05-14,24.7,24.7,ft^3/s,Approved,[],2025-03-11T21:24:03.840047+00:00,f0d00c4983614291b938804a9df6b127
2023-05-15,19.2,19.2,ft^3/s,Approved,[],2025-03-11T21:24:03.840047+00:00,f0d00c4983614291b938804a9df6b127
2023-05-16,19.4,19.4,ft^3/s,Approved,[],2025-03-11T21:24:03.840047+00:00,f0d00c4983614291b938804a9df6b127
2023-05-17,39.3,39.3,ft^3/s,Approved,[],2025-03-11T21:24:03.840047+00:00,f0d00c4983614291b938804a9df6b127
2023-05-18,33.5,33.5,ft^3/s,Approved,[],2025-03-11T21:24:03.840047+00:00,f0d00c4983614291b938804a9df6b127
2023-05-19,25.8,25.8,ft^3/s,Approved,[],2025-03-11T21:24:03.840047+00:00,f0d00c4983614291b938804a9df6b127
2023-05-20,23.5,23.5,ft^3/s,Approved,[],2025-03-11T21:24:03.840047+00:00,f0d00c4983614291b938804a9df6b127
2023-05-21,20.9,20.9,ft^3/s,Approved,[],2025-03-11T21:24:03.840047+00:00,f0d00c4983614291b938804a9df6b127
2023-05-22,19.1,19.1,ft^3/s,Approved,[],2025-03-11T21:24:03.840047+00:00,f0d00c4983614291b938804a9df6b127
2023-05-23,17.8,17.8,ft^3/s,Approved,[],2025-03-11T21:24:03.840047+00:00,f0d00c4983614291b938804a9df6b127
2023-05-24,18.2,18.2,ft^3/s,Approved,[],2025-03-11T21:24:03.840047+00:00,f0d00c4983614291b938804a9df6b127
2023-05-25,18.8,18.8,ft^3/s,Approved,[],2025-03-11T21:24:03.840047+00:00,f0d00c4983614291b938804a9df6b127
2023-05-26,17.2,17.2,ft^3/s,Approved,[],2025-03-11T21:24:03.840047+00:00,f0d00c4983614291b938804a9df6b127
2023-05-27,15.5,15.5,ft^3/s,Approved,[],2025-03-11T21:24:03.840047+00:00,f0d00c4983614291b938804a9df6b127
2023-05-28,14.3,14.3,ft^3/s,Approved,[],2025-03-11T21:24:03.840047+00:00,f0d00c4983614291b938804a9df6b127
2023-05-29,13.2,13.2,ft^3/s,Approved,[],2025-03-11T21:24:03.840047+00:00,f0d00c4983614291b938804a9df6b127
2023-05-30,12.6,12.6,ft^3/s,Approved,[],2025-03-11T21:24:03.840047+00:00,f0d00c4983614291b938804a9df6b127
2023-05-31,13.0,13.0,ft^3/s,Approved,[],2025-03-11T21:24:03.840047+00:00,f0d00c4983614291b938804a9df6b127
2023-06-01,12.8,12.8,ft^3/s,Approved,[],2025-03-11T21:24:03.840047+00:00,f0d00c4983614291b938804a9df6b127
2023-06-02,11.9,11.9,ft^3/s,Approved,[],2025-03-11T21:24:03.840047+00:00,f0d00c4983614291b938804a9df6b127
2023-06-03,12.0,12.0,ft^3/s,Approved,[],2025-03-11T21:24:03.840047+00:00,f0d00c4983614291b938804a9df6b127
2023-06-04,11.8,11.8,ft^3/s,Approved,[],2025-03-11T21:24:03.840047+00:00,f0d00c4983614291b938804a9df6b127
2023-06-05,11.3,11.3,ft^3/s,Approved,[],2025-03-11T21:24:03.840047+00:00,f0d00c4983614291b938804a9df6b127
2023-06-06,11.3,11.3,ft^3/s,Approved,[],2025-03-11T21:24:03.840047+00:00,f0d00c4983614291b938804a9df6b127
2023-06-07,12.3,12.3,ft^3/s,Approved,[],2025-03-11T21:24:03.840047+00:00,f0d00c4983614291b938804a9df6b127
2023-06-08,12.6,12.6,ft^3/s,Approved,[],2025-03-11T21:24:03.840047+00:00,f0d00c4983614291b938804a9df6b127
2023-06-09,17.8,17.8,ft^3/s,Approved,[],2025-03-11T21:24:03.840047+00:00,f0d00c4983614291b938804a9df6b127
2023-06-10,16.3,16.3,ft^3/s,Approved,[],2025-03-11T21:24:03.840047+00:00,f0d00c4983614291b938804a9df6b127
2023-06-11,14.5,14.5,ft^3/s,Approved,[],2025-03-11T21:24:03.840047+00:00,f0d00c4983614291b938804a9df6b127
2023-06-12,12.6,12.6,ft^3/s,Approved,[],2025-03-11T21:24:03.840047+00:00,f0d00c4983614291b938804a9df6b127
2023-06-13,11.4,11.4,ft^3/s,Approved,[],2025-03-11T21:24:03.840047+00:00,f0d00c4983614291b938804a9df6b127
2023-06-14,10.2,10.2,ft^3/s,Approved,[],2025-03-11T21:24:03.840047+00:00,f0d00c4983614291b938804a9df6b127
2023-06-15,8.52,8.52,ft^3/s,Approved,[],2025-03-11T21:24:03.840047+00:00,f0d00c4983614291b938804a9df6b127
2023-06-16,7.04,7.04,ft^3/s,Approved,[],2025-03-11T21:24:03.840047+00:00,f0d00c4983614291b938804a9df6b127
2023-06-17,5.81,5.81,ft^3/s,Approved,[],2025-03-11T21:24:03.840047+00:00,f0d00c4983614291b938804a9df6b127
2023-06-18,4.94,4.94,ft^3/s,Approved,[],2025-03-11T21:24:03.840047+00:00,f0d00c4983614291b938804a9df6b127
2023-06-19,4.07,4.07,ft^3/s,Approved,[],2025-03-11T21:24:03.840047+00:00,f0d00c4983614291b938804a9df6b127
2023-06-20,3.41,3.41,ft^3/s,Approved,[],2025-03-11T21:24:03.840047+00:00,f0d00c4983614291b938804a9df6b127
2023-06-21,2.72,2.72,ft^3/s,Approved,[],2025-03-11T21:24:03.840047+00:00,f0d00c4983614291b938804a9df6b127
2023-06-22,2.28,2.28,ft^3/s,Approved,[],2025-03-11T21:24:03.840047+00:00,f0d00c4983614291b938804a9df6b127
2023-06-23,1.9,1.90,ft^3/s,Approved,[],2025-03-11T21:24:03.840047+00:00,f0d00c4983614291b938804a9df6b127
2023-06-24,1.58,1.58,ft^3/s,Approved,[],2025-03-11T21:24:03.840047+00:00,f0d00c4983614291b938804a9df6b127
2023-06-25,1.35,1.35,ft^3/s,Approved,[],2025-03-11T21:24:03.840047+00:00,f0d00c4983614291b938804a9df6b127
2023-06-26,1.12,1.12,ft^3/s,Approved,[],2025-03-11T21:24:03.840047+00:00,f0d00c4983614291b938804a9df6b127
2023-06-27,0.87,0.87,ft^3/s,Approved,[],2025-03-11T21:24:03.840047+00:00,f0d00c4983614291b938804a9df6b127
2023-06-28,0.66,0.66,ft^3/s,Approved,[],2025-03-11T21:24:03.840047+00:00,f0d00c4983614291b938804a9df6b127
2023-06-29,0.49,0.49,ft^3/s,Approved,[],2025-03-11T21:24:03.840047+00:00,f0d00c4983614291b938804a9df6b127
2023-06-30,0.3,0.30,ft^3/s,Approved,[],2025-03-11T21:24:03.840047+00:00,f0d00c4983614291b938804a9df6b127
2023-07-01,0.16,0.16,ft^3/s,Approved,[],2025-03-11T21:24:03.840047+00:00,f0d00c4983614291b938804a9df6b127
2023-07-02,0.0,0.00,ft^3/s,Approved,[],2025-03-11T21:24:03.840047+00:00,f0d00c4983614291b938804a9df6b127
2023-07-03,0.0,0.00,ft^3/s,Approved,[],2025-03-11T21:24:03.840047+00:00,f0d00c4983614291b938804a9df6b127
2023-07-04,0.0,0.00,ft^3/s,Approved,[],2025-03-11T21:24:03.840047+00:00,f0d00c4983614291b938804a9df6b127
2023-07-05,0.0,0.00,ft^3/s,Approved,[],2025-03-11T21:24:03.840047+00:00,f0d00c4983614291b938804a9df6b127
2023-07-06,0.0,0.00,ft^3/s,Approved,[],2025-03-11T21:24:03.840047+00:00,f0d00c4983614291b938804a9df6b127
2023-07-07,0.0,0.00,ft^3/s,Approved,[],2025-03-11T21:24:03.840047+00:00,f0d00c4983614291b938804a9df6b127
2023-07-08,0.0,0.00,ft^3/s,Approved,[],2025-03-11T21:24:03.840047+00:00,f0d00c4983614291b938804a9df6b127
2023-07-09,0.0,0.00,ft^3/s,Approved,[],2025-03-11T21:24:03.840047+00:00,f0d00c4983614291b938804a9df6b127
2023-07-10,0.0,0.00,ft^3/s,Approved,[],2025-03-11T21:24:03.840047+00:00,f0d00c4983614291b938804a9df6b127
2023-07-11,0.0,0.00,ft^3/s,Approved,[],2025-03-11T21:24:03.840047+00:00,f0d00c4983614291b938804a9df6b127
2023-07-12,0.0,0.00,ft^3/s,Approved,[],2025-03-11T21:24:03.840047+00:00,f0d00c4983614291b938804a9df6b127
2023-07-13,0.0,0.00,ft^3/s,Approved,[],2025-03-11T21:24:03.840047+00:00,f0d00c4983614291b938804a9df6b127
2023-07-14,0.0,0.00,ft^3/s,Approved,[],2025-03-11T21:24:03.840047+00:00,f0d00c4983614291b938804a9df6b127
2023-07-15,0.0,0.00,ft^3/s,Approved,[],2025-03-11T21:24:03.840047+00:00,f0d00c4983614291b938804a9df6b127
2023-07-16,0.0,0.00,ft^3/s,Approved,[],2025-03-11T21:24:03.840047+00:00,f0d00c4983614291b938804a9df6b127
2023-07-17,0.0,0.00,ft^3/s,Approved,[],2025-03-11T21:24:03.840047+00:00,f0d00c4983614291b938804a9df6b127
2023-07-18,0.0,0.00,ft^3/s,Approved,[],2025-03-11T21:24:03.840047+00:00,f0d00c4983614291b938804a9df6b127
2023-07-19,0.0,0.00,ft^3/s,Approved,[],2025-03-11T21:24:03.840047+00:00,f0d00c4983614291b938804a9df6b127
2023-07-20,0.0,0.00,ft^3/s,Approved,[],2025-03-11T21:24:03.840047+00:00,f0d00c4983614291b938804a9df6b127
2023-07-21,0.0,0.00,ft^3/s,Approved,[],2025-03-11T21:24:03.840047+00:00,f0d00c4983614291b938804a9df6b127
2023-07-22,0.0,0.00,ft^3/s,Approved,[],2025-03-11T21:24:03.840047+00:00,f0d00c4983614291b938804a9df6b127
2023-07-23,0.0,0.00,ft^3/s,Approved,[],2025-03-11T21:24:03.840047+00:00,f0d00c4983614291b938804a9df6b127
2023-07-24,0.0,0.00,ft^3/s,Approved,[],2025-03-11T21:24:03.840047+00:00,f0d00c4983614291b938804a9df6b127
2023-07-25,0.0,0.00,ft^3/s,Approved,[],2025-03-11T21:24:03.840047+00:00,f0d00c4983614291b938804a9df6b127
2023-07-26,0.0,0.00,ft^3/s,Approved,[],2025-03-11T21:24:03.840047+00:00,f0d00c4983614291b938804a9df6b127
2023-07-27,0.0,0.00,ft^3/s,Approved,[],2025-03-11T21:24:03.840047+00:00,f0d00c4983614291b938804a9df6b127
2023-07-28,0.0,0.00,ft^3/s,Approved,[],2025-03-11T21:24:03.840047+00:00,f0d00c4983614291b938804a9df6b127
2023-07-29,0.0,0.00,ft^3/s,Approved,[],2025-03-11T21:24:03.840047+00:00,f0d00c4983614291b938804a9df6b127
2023-07-30,0.0,0.00,ft^3/s,Approved,[],2025-03-11T21:24:03.840047+00:00,f0d00c4983614291b938804a9df6b127
2023-07-31,0.0,0.00,ft^3/s,Approved,[],2025-03-11T21:24:03.840047+00:00,f0d00c4983614291b938804a9df6b127
2023-08-01,0.0,0.00,ft^3/s,Approved,[],2025-03-11T21:24:03.840047+00:00,f0d00c4983614291b938804a9df6b127
2023-08-02,0.0,0.00,ft^3/s,Approved,[],2025-03-11T21:24:03.840047+00:00,f0d00c4983614291b938804a9df6b127
2023-08-03,0.0,0.00,ft^3/s,Approved,[],2025-03-11T21:24:03.840047+00:00,f0d00c4983614291b938804a9df6b127
2023-08-04,0.0,0.00,ft^3/s,Approved,[],2025-03-11T21:24:03.840047+00:00,f0d00c4983614291b938804a9df6b127
2023-08-05,0.0,0.00,ft^3/s,Approved,[],2025-03-11T21:24:03.840047+00:00,f0d00c4983614291b938804a9df6b127
2023-08-06,0.0,0.00,ft^3/s,Approved,[],2025-03-11T21:24:03.840047+00:00,f0d00c4983614291b938804a9df6b127
2023-08-07,0.0,0.00,ft^3/s,Approved,[],2025-03-11T21:24:03.840047+00:00,f0d00c4983614291b938804a9df6b127
2023-08-08,0.0,0.00,ft^3/s,Approved,[],2025-03-11T21:24:03.840047+00:00,f0d00c4983614291b938804a9df6b127
2023-08-09,0.0,0.00,ft^3/s,Approved,[],2025-03-11T21:24:03.840047+00:00,f0d00c4983614291b938804a9df6b127
2023-08-10,0.0,0.00,ft^3/s,Approved,[],2025-03-11T21:24:03.840047+00:00,f0d00c4983614291b938804a9df6b127
2023-08-11,0.0,0.00,ft^3/s,Approved,[],2025-03-11T21:24:03.840047+00:00,f0d00c4983614291b938804a9df6b127
2023-08-12,0.0,0.00,ft^3/s,Approved,[],2025-03-11T21:24:03.840047+00:00,f0d00c4983614291b938804a9df6b127
2023-08-13,0.0,0.00,ft^3/s,Approved,[],2025-03-11T21:24:03.840047+00:00,f0d00c4983614291b938804a9df6b127
2023-08-14,0.0,0.00,ft^3/s,Approved,[],2025-03-11T21:24:03.840047+00:00,f0d00c4983614291b938804a9df6b127
2023-08-15,0.0,0.00,ft^3/s,Approved,[],2025-03-11T21:24:03.840047+00:00,f0d00c4983614291b938804a9df6b127
2023-08-16,0.0,0.00,ft^3/s,Approved,[],2025-03-11T21:24:03.840047+00:00,f0d00c4983614291b938804a9df6b127
2023-08-17,0.0,0.00,ft^3/s,Approved,[],2025-03-11T21:24:03.840047+00:00,f0d00c4983614291b938804a9df6b127
2023-08-18,0.0,0.00,ft^3/s,Approved,[],2025-03-11T21:24:03.840047+00:00,f0d00c4983614291b938804a9df6b127
2023-08-19,0.0,0.00,ft^3/s,Approved,[],2025-03-11T21:24:03.840047+00:00,f0d00c4983614291b938804a9df6b127
2023-08-20,0.0,0.00,ft^3/s,Approved,[],2025-03-11T21:24:03.840047+00:00,f0d00c4983614291b938804a9df6b127
2023-08-21,0.0,0.00,ft^3/s,Approved,[],2025-03-11T21:24:03.840047+00:00,f0d00c4983614291b938804a9df6b127
2023-08-22,0.0,0.00,ft^3/s,Approved,[],2025-03-11T21:24:03.840047+00:00,f0d00c4983614291b938804a9df6b127
2023-08-23,0.0,0.00,ft^3/s,Approved,[],2025-03-11T21:24:03.840047+00:00,f0d00c4983614291b938804a9df6b127
2023-08-24,0.0,0.00,ft^3/s,Approved,[],2025-03-11T21:24:03.840047+00:00,f0d00c4983614291b938804a9df6b127
2023-08-25,0.0,0.00,ft^3/s,Approved,[],2025-03-11T21:24:03.840047+00:00,f0d00c4983614291b938804a9df6b127
2023-08-26,0.0,0.00,ft^3/s,Approved,[],2025-03-11T21:24:03.840047+00:00,f0d00c4983614291b938804a9df6b127
2023-08-27,0.0,0.00,ft^3/s,Approved,[],2025-03-11T21:24:03.840047+00:00,f0d00c4983614291b938804a9df6b127
2023-08-28,0.0,0.00,ft^3/s,Approved,[],2025-03-11T21:24:03.840047+00:00,f0d00c4983614291b938804a9df6b127
2023-08-29,0.0,0.00,ft^3/s,Approved,[],2025-03-11T21:24:03.840047+00:00,f0d00c4983614291b938804a9df6b127
2023-08-30,0.0,0.00,ft^3/s,Approved,[],2025-03-11T21:24:03.840047+00:00,f0d00c4983614291b938804a9df6b127
2023-08-31,0.0,0.00,ft^3/s,Approved,[],2025-03-11T21:24:03.840047+00:00,f0d00c4983614291b938804a9df6b127
2023-09-01,0.0,0.00,ft^3/s,Approved,[],2025-03-11T21:24:03.840047+00:00,f0d00c4983614291b938804a9df6b127
2023-09-02,0.0,0.00,ft^3/s,Approved,[],2025-03-11T21:24:03.840047+00:00,f0d00c4983614291b938804a9df6b127
2023-09-03,0.0,0.00,ft^3/s,Approved,[],2025-03-11T21:24:03.840047+00:00,f0d00c4983614291b938804a9df6b127
2023-09-04,0.0,0.00,ft^3/s,Approved,[],2025-03-11T21:24:03.840047+00:00,f0d00c4983614291b938804a9df6b127
2023-09-05,0.0,0.00,ft^3/s,Approved,[],2025-03-11T21:24:03.840047+00:00,f0d00c4983614291b938804a9df6b127
2023-09-06,0.0,0.00,ft^3/s,Approved,[],2025-03-11T21:24:03.840047+00:00,f0d00c4983614291b938804a9df6b127
2023-09-07,0.0,0.00,ft^3/s,Approved,[],2025-03-11T21:24:03.840047+00:00,f0d00c4983614291b938804a9df6b127
2023-09-08,0.0,0.00,ft^3/s,Approved,[],2025-03-11T21:24:03.840047+00:00,f0d00c4983614291b938804a9df6b127
2023-09-09,0.0,0.00,ft^3/s,Approved,[],2025-03-11T21:24:03.840047+00:00,f0d00c4983614291b938804a9df6b127
2023-09-10,0.0,0.00,ft^3/s,Approved,[],2025-03-11T21:24:03.840047+00:00,f0d00c4983614291b938804a9df6b127
2023-09-11,0.0,0.00,ft^3/s,Approved,[],2025-03-11T21:24:03.840047+00:00,f0d00c4983614291b938804a9df6b127
2023-09-12,0.0,0.00,ft^3/s,Approved,[],2025-03-11T21:24:03.840047+00:00,f0d00c4983614291b938804a9df6b127
2023-09-13,0.0,0.00,ft^3/s,Approved,[],2025-03-11T21:24:03.840047+00:00,f0d00c4983614291b938804a9df6b127
2023-09-14,0.0,0.00,ft^3/s,Approved,[],2025-03-11T21:24:03.840047+00:00,f0d00c4983614291b938804a9df6b127
2023-09-15,0.0,0.00,ft^3/s,Approved,[],2025-03-11T21:24:03.840047+00:00,f0d00c4983614291b938804a9df6b127
2023-09-16,0.0,0.00,ft^3/s,Approved,[],2025-03-11T21:24:03.840047+00:00,f0d00c4983614291b938804a9df6b127
2023-09-17,0.0,0.00,ft^3/s,Approved,[],2025-03-11T21:24:03.840047+00:00,f0d00c4983614291b938804a9df6b127
2023-09-18,0.0,0.00,ft^3/s,Approved,[],2025-03-11T21:24:03.840047+00:00,f0d00c4983614291b938804a9df6b127
2023-09-19,0.0,0.00,ft^3/s,Approved,[],2025-03-11T21:24:03.840047+00:00,f0d00c4983614291b938804a9df6b127
2023-09-20,0.0,0.00,ft^3/s,Approved,[],2025-03-11T21:24:03.840047+00:00,f0d00c4983614291b938804a9df6b127
2023-09-21,0.0,0.00,ft^3/s,Approved,[],2025-03-11T21:24:03.840047+00:00,f0d00c4983614291b938804a9df6b127
2023-09-22,0.0,0.00,ft^3/s,Approved,[],2025-03-11T21:24:03.840047+00:00,f0d00c4983614291b938804a9df6b127
2023-09-23,0.0,0.00,ft^3/s,Approved,[],2025-03-11T21:24:03.840047+00:00,f0d00c4983614291b938804a9df6b127
2023-09-24,0.0,0.00,ft^3/s,Approved,[],2025-03-11T21:24:03.840047+00:00,f0d00c4983614291b938804a9df6b127
2023-09-25,0.0,0.00,ft^3/s,Approved,[],2025-03-11T21:24:03.840047+00:00,f0d00c4983614291b938804a9df6b127
2023-09-26,0.0,0.00,ft^3/s,Approved,[],2025-03-11T21:24:03.840047+00:00,f0d00c4983614291b938804a9df6b127
2023-09-27,0.0,0.00,ft^3/s,Approved,[],2025-03-11T21:24:03.840047+00:00,f0d00c4983614291b938804a9df6b127
2023-09-28,0.0,0.00,ft^3/s,Approved,[],2025-03-11T21:24:03.840047+00:00,f0d00c4983614291b938804a9df6b127
2023-09-29,0.0,0.00,ft^3/s,Approved,[],2025-03-11T21:24:03.840047+00:00,f0d00c4983614291b938804a9df6b127
2023-09-30,0.0,0.00,ft^3/s,Approved,[],2025-03-11T21:24:03.840047+00:00,f0d00c4983614291b938804a9df6b127
2023-10-01,0.0,0.00,ft^3/s,Approved,[],2025-03-11T21:24:03.840047+00:00,f0d00c4983614291b938804a9df6b127
2023-10-02,0.0,0.00,ft^3/s,Approved,[],2025-03-11T21:24:03.840047+00:00,f0d00c4983614291b938804a9df6b127
2023-10-03,0.0,0.00,ft^3/s,Approved,[],2025-03-11T21:24:03.840047+00:00,f0d00c4983614291b938804a9df6b127
2023-10-04,0.0,0.00,ft^3/s,Approved,[],2025-03-11T21:24:03.840047+00:00,f0d00c4983614291b938804a9df6b127
2023-10-05,0.0,0.00,ft^3/s,Approved,[],2025-03-11T21:24:03.840047+00:00,f0d00c4983614291b938804a9df6b127
2023-10-06,0.0,0.00,ft^3/s,Approved,[],2025-03-11T21:24:03.840047+00:00,f0d00c4983614291b938804a9df6b127
2023-10-07,0.0,0.00,ft^3/s,Approved,[],2025-03-11T21:24:03.840047+00:00,f0d00c4983614291b938804a9df6b127
2023-10-08,0.0,0.00,ft^3/s,Approved,[],2025-03-11T21:24:03.840047+00:00,f0d00c4983614291b938804a9df6b127
2023-10-09,0.0,0.00,ft^3/s,Approved,[],2025-03-11T21:24:03.840047+00:00,f0d00c4983614291b938804a9df6b127
2023-10-10,0.0,0.00,ft^3/s,Approved,[],2025-03-11T21:24:03.840047+00:00,f0d00c4983614291b938804a9df6b127
2023-10-11,0.0,0.00,ft^3/s,Approved,[],2025-03-11T21:24:03.840047+00:00,f0d00c4983614291b938804a9df6b127
2023-10-12,0.0,0.00,ft^3/s,Approved,[],2025-03-11T21:24:03.840047+00:00,f0d00c4983614291b938804a9df6b127
2023-10-13,0.0,0.00,ft^3/s,Approved,[],2025-03-11T21:24:03.840047+00:00,f0d00c4983614291b938804a9df6b127
2023-10-14,0.0,0.00,ft^3/s,Approved,[],2025-03-11T21:24:03.840047+00:00,f0d00c4983614291b938804a9df6b127
2023-10-15,0.0,0.00,ft^3/s,Approved,[],2025-03-11T21:24:03.840047+00:00,f0d00c4983614291b938804a9df6b127
2023-10-16,0.0,0.00,ft^3/s,Approved,[],2025-03-11T21:24:03.840047+00:00,f0d00c4983614291b938804a9df6b127
2023-10-17,0.0,0.00,ft^3/s,Approved,[],2025-03-11T21:24:03.840047+00:00,f0d00c4983614291b938804a9df6b127
2023-10-18,0.0,0.00,ft^3/s,Approved,[],2025-03-11T21:24:03.840047+00:00,f0d00c4983614291b938804a9df6b127
2023-10-19,0.0,0.00,ft^3/s,Approved,[],2025-03-11T21:24:03.840047+00:00,f0d00c4983614291b938804a9df6b127
2023-10-20,0.0,0.00,ft^3/s,Approved,[],2025-03-11T21:24:03.840047+00:00,f0d00c4983614291b938804a9df6b127
2023-10-21,0.0,0.00,ft^3/s,Approved,[],2025-03-11T21:24:03.840047+00:00,f0d00c4983614291b938804a9df6b127
2023-10-22,0.0,0.00,ft^3/s,Approved,[],2025-03-11T21:24:03.840047+00:00,f0d00c4983614291b938804a9df6b127
2023-10-23,0.0,0.00,ft^3/s,Approved,[],2025-03-11T21:24:03.840047+00:00,f0d00c4983614291b938804a9df6b127
2023-10-24,0.0,0.00,ft^3/s,Approved,[],2025-03-11T21:24:03.840047+00:00,f0d00c4983614291b938804a9df6b127
2023-10-25,0.0,0.00,ft^3/s,Approved,[],2025-03-11T21:24:03.840047+00:00,f0d00c4983614291b938804a9df6b127
2023-10-26,0.0,0.00,ft^3/s,Approved,[],2025-03-11T21:24:03.840047+00:00,f0d00c4983614291b938804a9df6b127
2023-10-27,0.0,0.00,ft^3/s,Approved,[],2025-03-11T21:24:03.840047+00:00,f0d00c4983614291b938804a9df6b127
2023-10-28,0.0,0.00,ft^3/s,Approved,[],2025-03-11T21:24:03.840047+00:00,f0d00c4983614291b938804a9df6b127
2023-10-29,0.0,0.00,ft^3/s,Approved,[],2025-03-11T21:24:03.840047+00:00,f0d00c4983614291b938804a9df6b127
2023-10-30,0.0,0.00,ft^3/s,Approved,[],2025-03-11T21:24:03.840047+00:00,f0d00c4983614291b938804a9df6b127
2023-10-31,0.0,0.00,ft^3/s,Approved,[],2025-03-11T21:24:03.840047+00:00,f0d00c4983614291b938804a9df6b127
2023-11-01,0.0,0.00,ft^3/s,Approved,[],2025-03-11T21:24:03.840047+00:00,f0d00c4983614291b938804a9df6b127
2023-11-02,0.0,0.00,ft^3/s,Approved,[],2025-03-11T21:24:03.840047+00:00,f0d00c4983614291b938804a9df6b127
2023-11-03,0.0,0.00,ft^3/s,Approved,[],2025-03-11T21:24:03.840047+00:00,f0d00c4983614291b938804a9df6b127
2023-11-04,0.0,0.00,ft^3/s,Approved,[],2025-03-11T21:24:03.840047+00:00,f0d00c4983614291b938804a9df6b127
2023-11-05,0.34,0.34,ft^3/s,Approved,[],2025-03-11T21:24:03.840047+00:00,f0d00c4983614291b938804a9df6b127
2023-11-06,1.65,1.65,ft^3/s,Approved,[],2025-03-11T21:24:03.840047+00:00,f0d00c4983614291b938804a9df6b127
2023-11-07,2.09,2.09,ft^3/s,Approved,[],2025-03-11T21:24:03.840047+00:00,f0d00c4983614291b938804a9df6b127
2023-11-08,2.21,2.21,ft^3/s,Approved,[],2025-03-11T21:24:03.840047+00:00,f0d00c4983614291b938804a9df6b127
2023-11-09,1.96,1.96,ft^3/s,Approved,[],2025-03-11T21:24:03.840047+00:00,f0d00c4983614291b938804a9df6b127
2023-11-10,6.68,6.68,ft^3/s,Approved,[],2025-03-11T21:24:03.840047+00:00,f0d00c4983614291b938804a9df6b127
2023-11-11,14.2,14.2,ft^3/s,Approved,[],2025-03-11T21:24:03.840047+00:00,f0d00c4983614291b938804a9df6b127
2023-11-12,14.0,14.0,ft^3/s,Approved,[],2025-03-11T21:24:03.840047+00:00,f0d00c4983614291b938804a9df6b127
2023-11-13,15.5,15.5,ft^3/s,Approved,[],2025-03-11T21:24:03.840047+00:00,f0d00c4983614291b938804a9df6b127
2023-11-14,13.3,13.3,ft^3/s,Approved,[],2025-03-11T21:24:03.840047+00:00,f0d00c4983614291b938804a9df6b127
2023-11-15,11.7,11.7,ft^3/s,Approved,[],2025-03-11T21:24:03.840047+00:00,f0d00c4983614291b938804a9df6b127
2023-11-16,10.6,10.6,ft^3/s,Approved,[],2025-03-11T21:24:03.840047+00:00,f0d00c4983614291b938804a9df6b127
2023-11-17,9.69,9.69,ft^3/s,Approved,[],2025-03-11T21:24:03.840047+00:00,f0d00c4983614291b938804a9df6b127
2023-11-18,9.58,9.58,ft^3/s,Approved,[],2025-03-11T21:24:03.840047+00:00,f0d00c4983614291b938804a9df6b127
2023-11-19,9.75,9.75,ft^3/s,Approved,[],2025-03-11T21:24:03.840047+00:00,f0d00c4983614291b938804a9df6b127
2023-11-20,10.2,10.2,ft^3/s,Approved,[],2025-03-11T21:24:03.840047+00:00,f0d00c4983614291b938804a9df6b127
2023-11-21,9.91,9.91,ft^3/s,Approved,[],2025-03-11T21:24:03.840047+00:00,f0d00c4983614291b938804a9df6b127
2023-11-22,9.2,9.20,ft^3/s,Approved,[],2025-03-11T21:24:03.840047+00:00,f0d00c4983614291b938804a9df6b127
2023-11-23,8.76,8.76,ft^3/s,Approved,[],2025-03-11T21:24:03.840047+00:00,f0d00c4983614291b938804a9df6b127
2023-11-24,8.25,8.25,ft^3/s,Approved,[],2025-03-11T21:24:03.840047+00:00,f0d00c4983614291b938804a9df6b127
2023-11-25,8.36,8.36,ft^3/s,Approved,[],2025-03-11T21:24:03.840047+00:00,f0d00c4983614291b938804a9df6b127
2023-11-26,8.66,8.66,ft^3/s,Approved,[],2025-03-11T21:24:03.840047+00:00,f0d00c4983614291b938804a9df6b127
2023-11-27,8.45,8.45,ft^3/s,Approved,[],2025-03-11T21:24:03.840047+00:00,f0d00c4983614291b938804a9df6b127
2023-11-28,8.0,8.00,ft^3/s,Approved,[],2025-03-11T21:24:03.840047+00:00,f0d00c4983614291b938804a9df6b127
2023-11-29,8.1,8.10,ft^3/s,Approved,[],2025-03-11T21:24:03.840047+00:00,f0d00c4983614291b938804a9df6b127
2023-11-30,8.82,8.82,ft^3/s,Approved,[],2025-03-11T21:24:03.840047+00:00,f0d00c4983614291b938804a9df6b127
2023-12-01,9.11,9.11,ft^3/s,Approved,[],2025-03-11T21:24:03.840047+00:00,f0d00c4983614291b938804a9df6b127
2023-12-02,8.96,8.96,ft^3/s,Approved,[],2025-03-11T21:24:03.840047+00:00,f0d00c4983614291b938804a9df6b127
2023-12-03,8.66,8.66,ft^3/s,Approved,[],2025-03-11T21:24:03.840047+00:00,f0d00c4983614291b938804a9df6b127
2023-12-04,8.54,8.54,ft^3/s,Approved,[],2025-03-11T21:24:03.840047+00:00,f0d00c4983614291b938804a9df6b127
2023-12-05,8.16,8.16,ft^3/s,Approved,[],2025-03-11T21:24:03.840047+00:00,f0d00c4983614291b938804a9df6b127
2023-12-06,8.14,8.14,ft^3/s,Approved,[],2025-03-11T21:24:03.840047+00:00,f0d00c4983614291b938804a9df6b127
2023-12-07,8.34,8.34,ft^3/s,Approved,[],2025-03-11T21:24:03.840047+00:00,f0d00c4983614291b938804a9df6b127
2023-12-08,8.43,8.43,ft^3/s,Approved,[],2025-03-11T21:24:03.840047+00:00,f0d00c4983614291b938804a9df6b127
2023-12-09,8.89,8.89,ft^3/s,Approved,[],2025-03-11T21:24:03.840047+00:00,f0d00c4983614291b938804a9df6b127
2023-12-10,8.53,8.53,ft^3/s,Approved,[],2025-03-11T21:24:03.840047+00:00,f0d00c4983614291b938804a9df6b127
2023-12-11,8.47,8.47,ft^3/s,Approved,[],2025-03-11T21:24:03.840047+00:00,f0d00c4983614291b938804a9df6b127
2023-12-12,8.36,8.36,ft^3/s,Approved,[],2025-03-11T21:24:03.840047+00:00,f0d00c4983614291b938804a9df6b127
2023-12-13,8.24,8.24,ft^3/s,Approved,[],2025-03-11T21:24:03.840047+00:00,f0d00c4983614291b938804a9df6b127
2023-12-14,8.6,8.60,ft^3/s,Approved,[],2025-03-11T21:24:03.840047+00:00,f0d00c4983614291b938804a9df6b127
2023-12-15,9.17,9.17,ft^3/s,Approved,[],2025-03-11T21:24:03.840047+00:00,f0d00c4983614291b938804a9df6b127
2023-12-16,11.2,11.2,ft^3/s,Approved,[],2025-03-11T21:24:03.840047+00:00,f0d00c4983614291b938804a9df6b127
2023-12-17,10.6,10.6,ft^3/s,Approved,[],2025-03-11T21:24:03.840047+00:00,f0d00c4983614291b938804a9df6b127
2023-12-18,9.66,9.66,ft^3/s,Approved,[],2025-03-11T21:24:03.840047+00:00,f0d00c4983614291b938804a9df6b127
2023-12-19,9.59,9.59,ft^3/s,Approved,[],2025-03-11T21:24:03.840047+00:00,f0d00c4983614291b938804a9df6b127
2023-12-20,9.85,9.85,ft^3/s,Approved,[],2025-03-11T21:24:03.840047+00:00,f0d00c4983614291b938804a9df6b127
2023-12-21,9.77,9.77,ft^3/s,Approved,[],2025-03-11T21:24:03.840047+00:00,f0d00c4983614291b938804a9df6b127
2023-12-22,9.69,9.69,ft^3/s,Approved,[],2025-03-11T21:24:03.840047+00:00,f0d00c4983614291b938804a9df6b127
2023-12-23,8.44,8.44,ft^3/s,Approved,[],2025-03-11T21:24:03.840047+00:00,f0d00c4983614291b938804a9df6b127
2023-12-24,10.5,10.5,ft^3/s,Approved,[],2025-03-11T21:24:03.840047+00:00,f0d00c4983614291b938804a9df6b127
2023-12-25,12.2,12.2,ft^3/s,Approved,[],2025-03-11T21:24:03.840047+00:00,f0d00c4983614291b938804a9df6b127
2023-12-26,11.0,11.0,ft^3/s,Approved,[],2025-03-11T21:24:03.840047+00:00,f0d00c4983614291b938804a9df6b127
2023-12-27,9.98,9.98,ft^3/s,Approved,[],2025-03-11T21:24:03.840047+00:00,f0d00c4983614291b938804a9df6b127
2023-12-28,9.37,9.37,ft^3/s,Approved,[],2025-03-11T21:24:03.840047+00:00,f0d00c4983614291b938804a9df6b127
2023-12-29,8.8,8.80,ft^3/s,Approved,[],2025-03-11T21:24:03.840047+00:00,f0d00c4983614291b938804a9df6b127
2023-12-30,8.25,8.25,ft^3/s,Approved,[],2025-03-11T21:24:03.840047+00:00,f0d00c4983614291b938804a9df6b127
2023-12-31,7.81,7.81,ft^3/s,Approved,[],2025-03-11T21:24:03.840047+00:00,f0d00c4983614291b938804a9df6b127
2024-01-01,7.49,7.49,ft^3/s,Approved,[],2025-03-11T21:24:03.840047+00:00,f0d00c4983614291b938804a9df6b127
2024-01-02,7.82,7.82,ft^3/s,Approved,[],2025-03-11T21:24:03.840047+00:00,f0d00c4983614291b938804a9df6b127
2024-01-03,23.6,23.6,ft^3/s,Approved,[],2025-03-11T21:24:03.840047+00:00,f0d00c4983614291b938804a9df6b127
2024-01-04,20.8,20.8,ft^3/s,Approved,[],2025-03-11T21:24:03.840047+00:00,f0d00c4983614291b938804a9df6b127
2024-01-05,19.1,19.1,ft^3/s,Approved,[],2025-03-11T21:24:03.840047+00:00,f0d00c4983614291b938804a9df6b127
2024-01-06,17.6,17.6,ft^3/s,Approved,[],2025-03-11T21:24:03.840047+00:00,f0d00c4983614291b938804a9df6b127
2024-01-07,16.7,16.7,ft^3/s,Approved,[],2025-03-11T21:24:03.840047+00:00,f0d00c4983614291b938804a9df6b127
2024-01-08,23.1,23.1,ft^3/s,Approved,[],2025-03-11T21:24:03.840047+00:00,f0d00c4983614291b938804a9df6b127
2024-01-09,31.0,31.0,ft^3/s,Approved,[],2025-03-11T21:24:03.840047+00:00,f0d00c4983614291b938804a9df6b127
2024-01-10,25.7,25.7,ft^3/s,Approved,[],2025-03-11T21:24:03.840047+00:00,f0d00c4983614291b938804a9df6b127
2024-01-11,21.2,21.2,ft^3/s,Approved,[],2025-03-11T21:24:03.840047+00:00,f0d00c4983614291b938804a9df6b127
2024-01-12,19.2,19.2,ft^3/s,Approved,[],2025-03-11T21:24:03.840047+00:00,f0d00c4983614291b938804a9df6b127
2024-01-13,17.2,17.2,ft^3/s,Approved,[],2025-03-11T21:24:03.840047+00:00,f0d00c4983614291b938804a9df6b127
2024-01-14,15.9,15.9,ft^3/s,Approved,[],2025-03-11T21:24:03.840047+00:00,f0d00c4983614291b938804a9df6b127
2024-01-15,14.7,14.7,ft^3/s,Approved,[],2025-03-11T21:24:03.840047+00:00,f0d00c4983614291b938804a9df6b127
2024-01-16,13.6,13.6,ft^3/s,Approved,[],2025-03-11T21:24:03.840047+00:00,f0d00c4983614291b938804a9df6b127
2024-01-17,13.0,13.0,ft^3/s,Approved,[],2025-03-11T21:24:03.840047+00:00,f0d00c4983614291b938804a9df6b127
2024-01-18,12.8,12.8,ft^3/s,Approved,[],2025-03-11T21:24:03.840047+00:00,f0d00c4983614291b938804a9df6b127
2024-01-19,13.3,13.3,ft^3/s,Approved,[],2025-03-11T21:24:03.840047+00:00,f0d00c4983614291b938804a9df6b127
2024-01-20,12.4,12.4,ft^3/s,Approved,[],2025-03-11T21:24:03.840047+00:00,f0d00c4983614291b938804a9df6b127
2024-01-21,12.1,12.1,ft^3/s,Approved,[],2025-03-11T21:24:03.840047+00:00,f0d00c4983614291b938804a9df6b127
2024-01-22,114.0,114,ft^3/s,Approved,[],2025-03-11T21:24:03.840047+00:00,f0d00c4983614291b938804a9df6b127
2024-01-23,52.2,52.2,ft^3/s,Approved,[],2025-03-11T21:24:03.840047+00:00,f0d00c4983614291b938804a9df6b127
2024-01-24,43.1,43.1,ft^3/s,Approved,[],2025-03-11T21:24:03.840047+00:00,f0d00c4983614291b938804a9df6b127
2024-01-25,99.2,99.2,ft^3/s,Approved,[],2025-03-11T21:24:03.840047+00:00,f0d00c4983614291b938804a9df6b127
2024-01-26,92.8,92.8,ft^3/s,Approved,[],2025-03-11T21:24:03.840047+00:00,f0d00c4983614291b938804a9df6b127
2024-01-27,75.1,75.1,ft^3/s,Approved,[],2025-03-11T21:24:03.840047+00:00,f0d00c4983614291b938804a9df6b127
2024-01-28,67.0,67.0,ft^3/s,Approved,[],2025-03-11T21:24:03.840047+00:00,f0d00c4983614291b938804a9df6b127
2024-01-29,55.4,55.4,ft^3/s,Approved,[],2025-03-11T21:24:03.840047+00:00,f0d00c4983614291b938804a9df6b127
2024-01-30,48.1,48.1,ft^3/s,Approved,[],2025-03-11T21:24:03.840047+00:00,f0d00c4983614291b938804a9df6b127
2024-01-31,43.6,43.6,ft^3/s,Approved,[],2025-03-11T21:24:03.840047+00:00,f0d00c4983614291b938804a9df6b127
2024-02-01,38.4,38.4,ft^3/s,Approved,[],2025-03-11T21:24:03.840047+00:00,f0d00c4983614291b938804a9df6b127
2024-02-02,36.7,36.7,ft^3/s,Approved,[],2025-03-11T21:24:03.840047+00:00,f0d00c4983614291b938804a9df6b127
2024-02-03,39.9,39.9,ft^3/s,Approved,[],2025-03-11T21:24:03.840047+00:00,f0d00c4983614291b938804a9df6b127
2024-02-04,40.3,40.3,ft^3/s,Approved,[],2025-03-11T21:24:03.840047+00:00,f0d00c4983614291b938804a9df6b127
2024-02-05,36.9,36.9,ft^3/s,Approved,[],2025-03-11T21:24:03.840047+00:00,f0d00c4983614291b938804a9df6b127
2024-02-06,34.9,34.9,ft^3/s,Approved,[],2025-03-11T21:24:03.840047+00:00,f0d00c4983614291b938804a9df6b127
2024-02-07,34.2,34.2,ft^3/s,Approved,[],2025-03-11T21:24:03.840047+00:00,f0d00c4983614291b938804a9df6b127
2024-02-08,33.9,33.9,ft^3/s,Approved,[],2025-03-11T21:24:03.840047+00:00,f0d00c4983614291b938804a9df6b127
2024-02-09,36.9,36.9,ft^3/s,Approved,[],2025-03-11T21:24:03.840047+00:00,f0d00c4983614291b938804a9df6b127
2024-02-10,32.0,32.0,ft^3/s,Approved,[],2025-03-11T21:24:03.840047+00:00,f0d00c4983614291b938804a9df6b127
2024-02-11,33.0,33.0,ft^3/s,Approved,[],2025-03-11T21:24:03.840047+00:00,f0d00c4983614291b938804a9df6b127
2024-02-12,33.5,33.5,ft^3/s,Approved,[],2025-03-11T21:24:03.840047+00:00,f0d00c4983614291b938804a9df6b127
2024-02-13,32.2,32.2,ft^3/s,Approved,[],2025-03-11T21:24:03.840047+00:00,f0d00c4983614291b938804a9df6b127
2024-02-14,31.3,31.3,ft^3/s,Approved,[],2025-03-11T21:24:03.840047+00:00,f0d00c4983614291b938804a9df6b127
2024-02-15,30.5,30.5,ft^3/s,Approved,[],2025-03-11T21:24:03.840047+00:00,f0d00c4983614291b938804a9df6b127
2024-02-16,29.8,29.8,ft^3/s,Approved,[],2025-03-11T21:24:03.840047+00:00,f0d00c4983614291b938804a9df6b127
2024-02-17,28.6,28.6,ft^3/s,Approved,[],2025-03-11T21:24:03.840047+00:00,f0d00c4983614291b938804a9df6b127
2024-02-18,27.7,27.7,ft^3/s,Approved,[],2025-03-11T21:24:03.840047+00:00,f0d00c4983614291b938804a9df6b127
2024-02-19,26.9,26.9,ft^3/s,Approved,[],2025-03-11T21:24:03.840047+00:00,f0d00c4983614291b938804a9df6b127
2024-02-20,26.3,26.3,ft^3/s,Approved,[],2025-03-11T21:24:03.840047+00:00,f0d00c4983614291b938804a9df6b127
2024-02-21,25.8,25.8,ft^3/s,Approved,[],2025-03-11T21:24:03.840047+00:00,f0d00c4983614291b938804a9df6b127
2024-02-22,25.4,25.4,ft^3/s,Approved,[],2025-03-11T21:24:03.840047+00:00,f0d00c4983614291b938804a9df6b127
2024-02-23,24.4,24.4,ft^3/s,Approved,[],2025-03-11T21:24:03.840047+00:00,f0d00c4983614291b938804a9df6b127
2024-02-24,23.4,23.4,ft^3/s,Approved,[],2025-03-11T21:24:03.840047+00:00,f0d00c4983614291b938804a9df6b127
2024-02-25,22.7,22.7,ft^3/s,Approved,[],2025-03-11T21:24:03.840047+00:00,f0d00c4983614291b938804a9df6b127
2024-02-26,22.1,22.1,ft^3/s,Approved,[],2025-03-11T21:24:03.840047+00:00,f0d00c4983614291b938804a9df6b127
2024-02-27,21.8,21.8,ft^3/s,Approved,[],2025-03-11T21:24:03.840047+00:00,f0d00c4983614291b938804a9df6b127
2024-02-28,21.0,21.0,ft^3/s,Approved,[],2025-03-11T21:24:03.840047+00:00,f0d00c4983614291b938804a9df6b127
2024-02-29,19.6,19.6,ft^3/s,Approved,[],2025-03-11T21:24:03.840047+00:00,f0d00c4983614291b938804a9df6b127
2024-03-01,19.1,19.1,ft^3/s,Approved,[],2025-03-11T21:24:03.840047+00:00,f0d00c4983614291b938804a9df6b127
2024-03-02,18.6,18.6,ft^3/s,Approved,[],2025-03-11T21:24:03.840047+00:00,f0d00c4983614291b938804a9df6b127
2024-03-03,18.3,18.3,ft^3/s,Approved,[],2025-03-11T21:24:03.840047+00:00,f0d00c4983614291b938804a9df6b127
2024-03-04,17.8,17.8,ft^3/s,Approved,[],2025-03-11T21:24:03.840047+00:00,f0d00c4983614291b938804a9df6b127
2024-03-05,17.2,17.2,ft^3/s,Approved,[],2025-03-11T21:24:03.840047+00:00,f0d00c4983614291b938804a9df6b127
2024-03-06,16.7,16.7,ft^3/s,Approved,[],2025-03-11T21:24:03.840047+00:00,f0d00c4983614291b938804a9df6b127
2024-03-07,16.4,16.4,ft^3/s,Approved,[],2025-03-11T21:24:03.840047+00:00,f0d00c4983614291b938804a9df6b127
2024-03-08,15.7,15.7,ft^3/s,Approved,[],2025-03-11T21:24:03.840047+00:00,f0d00c4983614291b938804a9df6b127
2024-03-09,14.9,14.9,ft^3/s,Approved,[],2025-03-11T21:24:03.840047+00:00,f0d00c4983614291b938804a9df6b127
2024-03-10,14.7,14.7,ft^3/s,Approved,[],2025-03-11T21:24:03.840047+00:00,f0d00c4983614291b938804a9df6b127
2024-03-11,14.6,14.6,ft^3/s,Approved,[],2025-03-11T21:24:03.840047+00:00,f0d00c4983614291b938804a9df6b127
2024-03-12,14.8,14.8,ft^3/s,Approved,[],2025-03-11T21:24:03.840047+00:00,f0d00c4983614291b938804a9df6b127
2024-03-13,15.1,15.1,ft^3/s,Approved,[],2025-03-11T21:24:03.840047+00:00,f0d00c4983614291b938804a9df6b127
2024-03-14,15.3,15.3,ft^3/s,Approved,[],2025-03-11T21:24:03.840047+00:00,f0d00c4983614291b938804a9df6b127
2024-03-15,15.1,15.1,ft^3/s,Approved,[],2025-03-11T21:24:03.840047+00:00,f0d00c4983614291b938804a9df6b127
2024-03-16,15.0,15.0,ft^3/s,Approved,[],2025-03-11T21:24:03.840047+00:00,f0d00c4983614291b938804a9df6b127
2024-03-17,18.5,18.5,ft^3/s,Approved,[],2025-03-11T21:24:03.840047+00:00,f0d00c4983614291b938804a9df6b127
2024-03-18,22.8,22.8,ft^3/s,Approved,[],2025-03-11T21:24:03.840047+00:00,f0d00c4983614291b938804a9df6b127
2024-03-19,21.2,21.2,ft^3/s,Approved,[],2025-03-11T21:24:03.840047+00:00,f0d00c4983614291b938804a9df6b127
2024-03-20,19.8,19.8,ft^3/s,Approved,[],2025-03-11T21:24:03.840047+00:00,f0d00c4983614291b938804a9df6b127
2024-03-21,19.0,19.0,ft^3/s,Approved,[],2025-03-11T21:24:03.840047+00:00,f0d00c4983614291b938804a9df6b127
2024-03-22,19.2,19.2,ft^3/s,Approved,[],2025-03-11T21:24:03.840047+00:00,f0d00c4983614291b938804a9df6b127
2024-03-23,18.1,18.1,ft^3/s,Approved,[],2025-03-11T21:24:03.840047+00:00,f0d00c4983614291b938804a9df6b127
2024-03-24,17.4,17.4,ft^3/s,Approved,[],2025-03-11T21:24:03.840047+00:00,f0d00c4983614291b938804a9df6b127
2024-03-25,16.8,16.8,ft^3/s,Approved,[],2025-03-11T21:24:03.840047+00:00,f0d00c4983614291b938804a9df6b127
2024-03-26,16.3,16.3,ft^3/s,Approved,[],2025-03-11T21:24:03.840047+00:00,f0d00c4983614291b938804a9df6b127
2024-03-27,15.1,15.1,ft^3/s,Approved,[],2025-03-11T21:24:03.840047+00:00,f0d00c4983614291b938804a9df6b127
2024-03-28,14.2,14.2,ft^3/s,Approved,[],2025-03-11T21:24:03.840047+00:00,f0d00c4983614291b938804a9df6b127
2024-03-29,13.9,13.9,ft^3/s,Approved,[],2025-03-11T21:24:03.840047+00:00,f0d00c4983614291b938804a9df6b127
2024-03-30,13.5,13.5,ft^3/s,Approved,[],2025-03-11T21:24:03.840047+00:00,f0d00c4983614291b938804a9df6b127
2024-03-31,13.0,13.0,ft^3/s,Approved,[],2025-03-11T21:24:03.840047+00:00,f0d00c4983614291b938804a9df6b127
2024-04-01,12.6,12.6,ft^3/s,Approved,[],2025-03-11T21:24:03.840047+00:00,f0d00c4983614291b938804a9df6b127
2024-04-02,12.2,12.2,ft^3/s,Approved,[],2025-03-11T21:24:03.840047+00:00,f0d00c4983614291b938804a9df6b127
2024-04-03,11.6,11.6,ft^3/s,Approved,[],2025-03-11T21:24:03.840047+00:00,f0d00c4983614291b938804a9df6b127
2024-04-04,11.2,11.2,ft^3/s,Approved,[],2025-03-11T21:24:03.840047+00:00,f0d00c4983614291b938804a9df6b127
2024-04-05,11.0,11.0,ft^3/s,Approved,[],2025-03-11T21:24:03.840047+00:00,f0d00c4983614291b938804a9df6b127
2024-04-06,11.0,11.0,ft^3/s,Approved,[],2025-03-11T21:24:03.840047+00:00,f0d00c4983614291b938804a9df6b127
2024-04-07,11.0,11.0,ft^3/s,Approved,[],2025-03-11T21:24:03.840047+00:00,f0d00c4983614291b938804a9df6b127
2024-04-08,10.8,10.8,ft^3/s,Approved,[],2025-03-11T21:24:03.840047+00:00,f0d00c4983614291b938804a9df6b127
2024-04-09,10.6,10.6,ft^3/s,Approved,[],2025-03-11T21:24:03.840047+00:00,f0d00c4983614291b938804a9df6b127
2024-04-10,10.8,10.8,ft^3/s,Approved,[],2025-03-11T21:24:03.840047+00:00,f0d00c4983614291b938804a9df6b127
2024-04-11,10.3,10.3,ft^3/s,Approved,[],2025-03-11T21:24:03.840047+00:00,f0d00c4983614291b938804a9df6b127
2024-04-12,9.61,9.61,ft^3/s,Approved,[],2025-03-11T21:24:03.840047+00:00,f0d00c4983614291b938804a9df6b127
2024-04-13,9.52,9.52,ft^3/s,Approved,[],2025-03-11T21:24:03.840047+00:00,f0d00c4983614291b938804a9df6b127
2024-04-14,9.51,9.51,ft^3/s,Approved,[],2025-03-11T21:24:03.840047+00:00,f0d00c4983614291b938804a9df6b127
2024-04-15,9.51,9.51,ft^3/s,Approved,[],2025-03-11T21:24:03.840047+00:00,f0d00c4983614291b938804a9df6b127
2024-04-16,9.5,9.50,ft^3/s,Approved,[],2025-03-11T21:24:03.840047+00:00,f0d00c4983614291b938804a9df6b127
2024-04-17,9.33,9.33,ft^3/s,Approved,[],2025-03-11T21:24:03.840047+00:00,f0d00c4983614291b938804a9df6b127
2024-04-18,9.03,9.03,ft^3/s,Approved,[],2025-03-11T21:24:03.840047+00:00,f0d00c4983614291b938804a9df6b127
2024-04-19,8.71,8.71,ft^3/s,Approved,[],2025-03-11T21:24:03.840047+00:00,f0d00c4983614291b938804a9df6b127
2024-04-20,8.39,8.39,ft^3/s,Approved,[],2025-03-11T21:24:03.840047+00:00,f0d00c4983614291b938804a9df6b127
2024-04-21,8.48,8.48,ft^3/s,Approved,[],2025-03-11T21:24:03.840047+00:00,f0d00c4983614291b938804a9df6b127
2024-04-22,8.43,8.43,ft^3/s,Approved,[],2025-03-11T21:24:03.840047+00:00,f0d00c4983614291b938804a9df6b127
2024-04-23,8.4,8.40,ft^3/s,Approved,[],2025-03-11T21:24:03.840047+00:00,f0d00c4983614291b938804a9df6b127
2024-04-24,8.14,8.14,ft^3/s,Approved,[],2025-03-11T21:24:03.840047+00:00,f0d00c4983614291b938804a9df6b127
2024-04-25,8.09,8.09,ft^3/s,Approved,[],2025-03-11T21:24:03.840047+00:00,f0d00c4983614291b938804a9df6b127
2024-04-26,8.09,8.09,ft^3/s,Approved,[],2025-03-11T21:24:03.840047+00:00,f0d00c4983614291b938804a9df6b127
2024-04-27,8.22,8.22,ft^3/s,Approved,[],2025-03-11T21:24:03.840047+00:00,f0d00c4983614291b938804a9df6b127
2024-04-28,11.0,11.0,ft^3/s,Approved,[],2025-03-11T21:24:03.840047+00:00,f0d00c4983614291b938804a9df6b127
2024-04-29,14.6,14.6,ft^3/s,Approved,[],2025-03-11T21:24:03.840047+00:00,f0d00c4983614291b938804a9df6b127
2024-04-30,12.9,12.9,ft^3/s,Approved,[],2025-03-11T21:24:03.840047+00:00,f0d00c4983614291b938804a9df6b127
2024-05-01,12.0,12.0,ft^3/s,Approved,[],2025-03-11T21:24:03.840047+00:00,f0d00c4983614291b938804a9df6b127
2024-05-02,12.1,12.1,ft^3/s,Approved,[],2025-03-11T21:24:03.840047+00:00,f0d00c4983614291b938804a9df6b127
2024-05-03,11.8,11.8,ft^3/s,Approved,[],2025-03-11T21:24:03.840047+00:00,f0d00c4983614291b938804a9df6b127
2024-05-04,11.3,11.3,ft^3/s,Approved,[],2025-03-11T21:24:03.840047+00:00,f0d00c4983614291b938804a9df6b127
2024-05-05,10.9,10.9,ft^3/s,Approved,[],2025-03-11T21:24:03.840047+00:00,f0d00c4983614291b938804a9df6b127
2024-05-06,10.8,10.8,ft^3/s,Approved,[],2025-03-11T21:24:03.840047+00:00,f0d00c4983614291b938804a9df6b127
2024-05-07,10.5,10.5,ft^3/s,Approved,[],2025-03-11T21:24:03.840047+00:00,f0d00c4983614291b938804a9df6b127
2024-05-08,10.4,10.4,ft^3/s,Approved,[],2025-03-11T21:24:03.840047+00:00,f0d00c4983614291b938804a9df6b127
2024-05-09,10.4,10.4,ft^3/s,Approved,[],2025-03-11T21:24:03.840047+00:00,f0d00c4983614291b938804a9df6b127
2024-05-10,9.63,9.63,ft^3/s,Approved,[],2025-03-11T21:24:03.840047+00:00,f0d00c4983614291b938804a9df6b127
2024-05-11,9.04,9.04,ft^3/s,Approved,[],2025-03-11T21:24:03.840047+00:00,f0d00c4983614291b938804a9df6b127
2024-05-12,8.94,8.94,ft^3/s,Approved,[],2025-03-11T21:24:03.840047+00:00,f0d00c4983614291b938804a9df6b127
2024-05-13,8.86,8.86,ft^3/s,Approved,[],2025-03-11T21:24:03.840047+00:00,f0d00c4983614291b938804a9df6b127
2024-05-14,8.61,8.61,ft^3/s,Approved,[],2025-03-11T21:24:03.840047+00:00,f0d00c4983614291b938804a9df6b127
2024-05-15,8.34,8.34,ft^3/s,Approved,[],2025-03-11T21:24:03.840047+00:00,f0d00c4983614291b938804a9df6b127
2024-05-16,8.09,8.09,ft^3/s,Approved,[],2025-03-11T21:24:03.840047+00:00,f0d00c4983614291b938804a9df6b127
2024-05-17,7.95,7.95,ft^3/s,Approved,[],2025-03-11T21:24:03.840047+00:00,f0d00c4983614291b938804a9df6b127
2024-05-18,7.56,7.56,ft^3/s,Approved,[],2025-03-11T21:24:03.840047+00:00,f0d00c4983614291b938804a9df6b127
2024-05-19,7.26,7.26,ft^3/s,Approved,[],2025-03-11T21:24:03.840047+00:00,f0d00c4983614291b938804a9df6b127
2024-05-20,6.96,6.96,ft^3/s,Approved,[],2025-03-11T21:24:03.840047+00:00,f0d00c4983614291b938804a9df6b127
2024-05-21,6.7,6.70,ft^3/s,Approved,[],2025-03-11T21:24:03.840047+00:00,f0d00c4983614291b938804a9df6b127
2024-05-22,7.22,7.22,ft^3/s,Approved,[],2025-03-11T21:24:03.840047+00:00,f0d00c4983614291b938804a9df6b127
2024-05-23,6.94,6.94,ft^3/s,Approved,[],2025-03-11T21:24:03.840047+00:00,f0d00c4983614291b938804a9df6b127
2024-05-24,6.67,6.67,ft^3/s,Approved,[],2025-03-11T21:24:03.840047+00:00,f0d00c4983614291b938804a9df6b127
2024-05-25,6.26,6.26,ft^3/s,Approved,[],2025-03-11T21:24:03.840047+00:00,f0d00c4983614291b938804a9df6b127
2024-05-26,5.94,5.94,ft^3/s,Approved,[],2025-03-11T21:24:03.840047+00:00,f0d00c4983614291b938804a9df6b127
2024-05-27,5.21,5.21,ft^3/s,Approved,[],2025-03-11T21:24:03.840047+00:00,f0d00c4983614291b938804a9df6b127
2024-05-28,4.42,4.42,ft^3/s,Approved,[],2025-03-11T21:24:03.840047+00:00,f0d00c4983614291b938804a9df6b127
2024-05-29,3.86,3.86,ft^3/s,Approved,[],2025-03-11T21:24:03.840047+00:00,f0d00c4983614291b938804a9df6b127
2024-05-30,3.53,3.53,ft^3/s,Approved,[],2025-03-11T21:24:03.840047+00:00,f0d00c4983614291b938804a9df6b127
2024-05-31,5.52,5.52,ft^3/s,Approved,[],2025-03-11T21:24:03.840047+00:00,f0d00c4983614291b938804a9df6b127
2024-06-01,8.28,8.28,ft^3/s,Approved,[],2025-03-11T21:24:03.840047+00:00,f0d00c4983614291b938804a9df6b127
2024-06-02,11.3,11.3,ft^3/s,Approved,[],2025-03-11T21:24:03.840047+00:00,f0d00c4983614291b938804a9df6b127
2024-06-03,11.6,11.6,ft^3/s,Approved,[],2025-03-11T21:24:03.840047+00:00,f0d00c4983614291b938804a9df6b127
2024-06-04,10.5,10.5,ft^3/s,Approved,[],2025-03-11T21:24:03.840047+00:00,f0d00c4983614291b938804a9df6b127
2024-06-05,9.53,9.53,ft^3/s,Approved,[],2025-03-11T21:24:03.840047+00:00,f0d00c4983614291b938804a9df6b127
2024-06-06,8.86,8.86,ft^3/s,Approved,[],2025-03-11T21:24:03.840047+00:00,f0d00c4983614291b938804a9df6b127
2024-06-07,8.0,8.00,ft^3/s,Approved,[],2025-03-11T21:24:03.840047+00:00,f0d00c4983614291b938804a9df6b127
2024-06-08,7.28,7.28,ft^3/s,Approved,[],2025-03-11T21:24:03.840047+00:00,f0d00c4983614291b938804a9df6b127
2024-06-09,6.85,6.85,ft^3/s,Approved,[],2025-03-11T21:24:03.840047+00:00,f0d00c4983614291b938804a9df6b127
2024-06-10,6.53,6.53,ft^3/s,Approved,[],2025-03-11T21:24:03.840047+00:00,f0d00c4983614291b938804a9df6b127
2024-06-11,6.11,6.11,ft^3/s,Approved,[],2025-03-11T21:24:03.840047+00:00,f0d00c4983614291b938804a9df6b127
2024-06-12,5.88,5.88,ft^3/s,Approved,[],2025-03-11T21:24:03.840047+00:00,f0d00c4983614291b938804a9df6b127
2024-06-13,7.78,7.78,ft^3/s,Approved,[],2025-03-11T21:24:03.840047+00:00,f0d00c4983614291b938804a9df6b127
2024-06-14,7.04,7.04,ft^3/s,Approved,[],2025-03-11T21:24:03.840047+00:00,f0d00c4983614291b938804a9df6b127
2024-06-15,6.35,6.35,ft^3/s,Approved,[],2025-03-11T21:24:03.840047+00:00,f0d00c4983614291b938804a9df6b127
2024-06-16,5.35,5.35,ft^3/s,Approved,[],2025-03-11T21:24:03.840047+00:00,f0d00c4983614291b938804a9df6b127
2024-06-17,4.49,4.49,ft^3/s,Approved,[],2025-03-11T21:24:03.840047+00:00,f0d00c4983614291b938804a9df6b127
2024-06-18,3.76,3.76,ft^3/s,Approved,[],2025-03-11T21:24:03.840047+00:00,f0d00c4983614291b938804a9df6b127
2024-06-19,3.24,3.24,ft^3/s,Approved,[],2025-03-11T21:24:03.840047+00:00,f0d00c4983614291b938804a9df6b127
2024-06-20,3.81,3.81,ft^3/s,Approved,[],2025-03-11T21:24:03.840047+00:00,f0d00c4983614291b938804a9df6b127
2024-06-21,5.27,5.27,ft^3/s,Approved,[],2025-03-11T21:24:03.840047+00:00,f0d00c4983614291b938804a9df6b127
2024-06-22,4.35,4.35,ft^3/s,Approved,[],2025-03-11T21:24:03.840047+00:00,f0d00c4983614291b938804a9df6b127
2024-06-23,3.38,3.38,ft^3/s,Approved,[],2025-03-11T21:24:03.840047+00:00,f0d00c4983614291b938804a9df6b127
2024-06-24,2.91,2.91,ft^3/s,Approved,[],2025-03-11T21:24:03.840047+00:00,f0d00c4983614291b938804a9df6b127
2024-06-25,2.45,2.45,ft^3/s,Approved,[],2025-03-11T21:24:03.840047+00:00,f0d00c4983614291b938804a9df6b127
2024-06-26,2.03,2.03,ft^3/s,Approved,[],2025-03-11T21:24:03.840047+00:00,f0d00c4983614291b938804a9df6b127
2024-06-27,1.71,1.71,ft^3/s,Approved,[],2025-03-11T21:24:03.840047+00:00,f0d00c4983614291b938804a9df6b127
2024-06-28,1.45,1.45,ft^3/s,Approved,[],2025-03-11T21:24:03.840047+00:00,f0d00c4983614291b938804a9df6b127
2024-06-29,1.21,1.21,ft^3/s,Approved,[],2025-03-11T21:24:03.840047+00:00,f0d00c4983614291b938804a9df6b127
2024-06-30,1.02,1.02,ft^3/s,Approved,[],2025-03-11T21:24:03.840047+00:00,f0d00c4983614291b938804a9df6b127
2024-07-01,0.92,0.92,ft^3/s,Approved,[],2025-03-11T21:24:03.840047+00:00,f0d00c4983614291b938804a9df6b127
2024-07-02,0.79,0.79,ft^3/s,Approved,[],2025-03-11T21:24:03.840047+00:00,f0d00c4983614291b938804a9df6b127
2024-07-03,0.6,0.60,ft^3/s,Approved,[],2025-03-11T21:24:03.840047+00:00,f0d00c4983614291b938804a9df6b127
2024-07-04,0.46,0.46,ft^3/s,Approved,[],2025-03-11T21:24:03.840047+00:00,f0d00c4983614291b938804a9df6b127
2024-07-05,0.32,0.32,ft^3/s,Approved,[],2025-03-11T21:24:03.840047+00:00,f0d00c4983614291b938804a9df6b127
2024-07-06,0.21,0.21,ft^3/s,Approved,[],2025-03-11T21:24:03.840047+00:00,f0d00c4983614291b938804a9df6b127
2024-07-07,0.18,0.18,ft^3/s,Approved,[],2025-03-11T21:24:03.840047+00:00,f0d00c4983614291b938804a9df6b127
2024-07-08,0.05,0.05,ft^3/s,Approved,[],2025-03-11T21:24:03.840047+00:00,f0d00c4983614291b938804a9df6b127
2024-07-09,0.02,0.02,ft^3/s,Approved,[],2025-03-11T21:24:03.840047+00:00,f0d00c4983614291b938804a9df6b127
2024-07-10,0.23,0.23,ft^3/s,Approved,[],2025-03-11T21:24:03.840047+00:00,f0d00c4983614291b938804a9df6b127
2024-07-11,0.21,0.21,ft^3/s,Approved,[],2025-03-11T21:24:03.840047+00:00,f0d00c4983614291b938804a9df6b127
2024-07-12,0.29,0.29,ft^3/s,Approved,[],2025-03-11T21:24:03.840047+00:00,f0d00c4983614291b938804a9df6b127
2024-07-13,0.75,0.75,ft^3/s,Approved,[],2025-03-11T21:24:03.840047+00:00,f0d00c4983614291b938804a9df6b127
2024-07-14,0.87,0.87,ft^3/s,Approved,[],2025-03-11T21:24:03.840047+00:00,f0d00c4983614291b938804a9df6b127
2024-07-15,0.77,0.77,ft^3/s,Approved,[],2025-03-11T21:24:03.840047+00:00,f0d00c4983614291b938804a9df6b127
2024-07-16,0.69,0.69,ft^3/s,Approved,[],2025-03-11T21:24:03.840047+00:00,f0d00c4983614291b938804a9df6b127
2024-07-17,0.58,0.58,ft^3/s,Approved,[],2025-03-11T21:24:03.840047+00:00,f0d00c4983614291b938804a9df6b127
2024-07-18,0.47,0.47,ft^3/s,Approved,[],2025-03-11T21:24:03.840047+00:00,f0d00c4983614291b938804a9df6b127
2024-07-19,0.42,0.42,ft^3/s,Approved,[],2025-03-11T21:24:03.840047+00:00,f0d00c4983614291b938804a9df6b127
2024-07-20,0.39,0.39,ft^3/s,Approved,[],2025-03-11T21:24:03.840047+00:00,f0d00c4983614291b938804a9df6b127
2024-07-21,0.39,0.39,ft^3/s,Approved,[],2025-03-11T21:24:03.840047+00:00,f0d00c4983614291b938804a9df6b127
2024-07-22,0.64,0.64,ft^3/s,Approved,[],2025-03-11T21:24:03.840047+00:00,f0d00c4983614291b938804a9df6b127
2024-07-23,20.4,20.4,ft^3/s,Approved,[],2025-03-11T21:24:03.840047+00:00,f0d00c4983614291b938804a9df6b127
2024-07-24,84.5,84.5,ft^3/s,Approved,[],2025-03-11T21:24:03.840047+00:00,f0d00c4983614291b938804a9df6b127
2024-07-25,95.4,95.4,ft^3/s,Approved,[],2025-03-11T21:24:03.840047+00:00,f0d00c4983614291b938804a9df6b127
2024-07-26,64.0,64.0,ft^3/s,Approved,[],2025-03-11T21:24:03.840047+00:00,f0d00c4983614291b938804a9df6b127
2024-07-27,53.2,53.2,ft^3/s,Approved,[],2025-03-11T21:24:03.840047+00:00,f0d00c4983614291b938804a9df6b127
2024-07-28,58.2,58.2,ft^3/s,Approved,[],2025-03-11T21:24:03.840047+00:00,f0d00c4983614291b938804a9df6b127
2024-07-29,84.3,84.3,ft^3/s,Approved,[],2025-03-11T21:24:03.840047+00:00,f0d00c4983614291b938804a9df6b127
2024-07-30,82.5,82.5,ft^3/s,Approved,[],2025-03-11T21:24:03.840047+00:00,f0d00c4983614291b938804a9df6b127
2024-07-31,52.2,52.2,ft^3/s,Approved,[],2025-03-11T21:24:03.840047+00:00,f0d00c4983614291b938804a9df6b127
2024-08-01,49.1,49.1,ft^3/s,Approved,[],2025-03-11T21:24:03.840047+00:00,f0d00c4983614291b938804a9df6b127
2024-08-02,41.4,41.4,ft^3/s,Approved,[],2025-03-11T21:24:03.840047+00:00,f0d00c4983614291b938804a9df6b127
2024-08-03,43.3,43.3,ft^3/s,Approved,[],2025-03-11T21:24:03.840047+00:00,f0d00c4983614291b938804a9df6b127
2024-08-04,30.4,30.4,ft^3/s,Approved,[],2025-03-11T21:24:03.840047+00:00,f0d00c4983614291b938804a9df6b127
2024-08-05,27.3,27.3,ft^3/s,Approved,[],2025-03-11T21:24:03.840047+00:00,f0d00c4983614291b938804a9df6b127
2024-08-06,26.1,26.1,ft^3/s,Approved,[],2025-03-11T21:24:03.840047+00:00,f0d00c4983614291b938804a9df6b127
2024-08-07,25.5,25.5,ft^3/s,Approved,[],2025-03-11T21:24:03.840047+00:00,f0d00c4983614291b938804a9df6b127
2024-08-08,26.1,26.1,ft^3/s,Approved,[],2025-03-11T21:24:03.840047+00:00,f0d00c4983614291b938804a9df6b127
2024-08-09,22.0,22.0,ft^3/s,Approved,[],2025-03-11T21:24:03.840047+00:00,f0d00c4983614291b938804a9df6b127
2024-08-10,19.6,19.6,ft^3/s,Approved,[],2025-03-11T21:24:03.840047+00:00,f0d00c4983614291b938804a9df6b127
2024-08-11,18.2,18.2,ft^3/s,Approved,[],2025-03-11T21:24:03.840047+00:00,f0d00c4983614291b938804a9df6b127
2024-08-12,16.7,16.7,ft^3/s,Approved,[],2025-03-11T21:24:03.840047+00:00,f0d00c4983614291b938804a9df6b127
2024-08-13,15.8,15.8,ft^3/s,Approved,[],2025-03-11T21:24:03.840047+00:00,f0d00c4983614291b938804a9df6b127
2024-08-14,14.8,14.8,ft^3/s,Approved,[],2025-03-11T21:24:03.840047+00:00,f0d00c4983614291b938804a9df6b127
2024-08-15,14.9,14.9,ft^3/s,Approved,[],2025-03-11T21:24:03.840047+00:00,f0d00c4983614291b938804a9df6b127
2024-08-16,14.5,14.5,ft^3/s,Approved,[],2025-03-11T21:24:03.840047+00:00,f0d00c4983614291b938804a9df6b127
2024-08-17,14.5,14.5,ft^3/s,Approved,[],2025-03-11T21:24:03.840047+00:00,f0d00c4983614291b938804a9df6b127
2024-08-18,12.9,12.9,ft^3/s,Approved,[],2025-03-11T21:24:03.840047+00:00,f0d00c4983614291b938804a9df6b127
2024-08-19,13.1,13.1,ft^3/s,Approved,[],2025-03-11T21:24:03.840047+00:00,f0d00c4983614291b938804a9df6b127
2024-08-20,12.2,12.2,ft^3/s,Approved,[],2025-03-11T21:24:03.840047+00:00,f0d00c4983614291b938804a9df6b127
2024-08-21,11.2,11.2,ft^3/s,Approved,[],2025-03-11T21:24:03.840047+00:00,f0d00c4983614291b938804a9df6b127
2024-08-22,10.8,10.8,ft^3/s,Approved,[],2025-03-11T21:24:03.840047+00:00,f0d00c4983614291b938804a9df6b127
2024-08-23,10.8,10.8,ft^3/s,Approved,[],2025-03-11T21:24:03.840047+00:00,f0d00c4983614291b938804a9df6b127
2024-08-24,10.7,10.7,ft^3/s,Approved,[],2025-03-11T21:24:03.840047+00:00,f0d00c4983614291b938804a9df6b127
2024-08-25,10.3,10.3,ft^3/s,Approved,[],2025-03-11T21:24:03.840047+00:00,f0d00c4983614291b938804a9df6b127
2024-08-26,10.0,10.0,ft^3/s,Approved,[],2025-03-11T21:24:03.840047+00:00,f0d00c4983614291b938804a9df6b127
2024-08-27,9.97,9.97,ft^3/s,Approved,[],2025-03-11T21:24:03.840047+00:00,f0d00c4983614291b938804a9df6b127
2024-08-28,10.6,10.6,ft^3/s,Approved,[],2025-03-11T21:24:03.840047+00:00,f0d00c4983614291b938804a9df6b127
2024-08-29,9.55,9.55,ft^3/s,Approved,[],2025-03-11T21:24:03.840047+00:00,f0d00c4983614291b938804a9df6b127
2024-08-30,9.28,9.28,ft^3/s,Approved,[],2025-03-11T21:24:03.840047+00:00,f0d00c4983614291b938804a9df6b127
2024-08-31,8.93,8.93,ft^3/s,Approved,[],2025-03-11T21:24:03.840047+00:00,f0d00c4983614291b938804a9df6b127
2024-09-01,9.14,9.14,ft^3/s,Approved,[],2025-03-11T21:24:03.840047+00:00,f0d00c4983614291b938804a9df6b127
2024-09-02,10.9,10.9,ft^3/s,Approved,[],2025-03-11T21:24:03.840047+00:00,f0d00c4983614291b938804a9df6b127
2024-09-03,11.6,11.6,ft^3/s,Approved,[],2025-03-11T21:24:03.840047+00:00,f0d00c4983614291b938804a9df6b127
2024-09-04,13.4,13.4,ft^3/s,Approved,[],2025-03-11T21:24:03.840047+00:00,f0d00c4983614291b938804a9df6b127
2024-09-05,18.2,18.2,ft^3/s,Approved,[],2025-03-11T21:24:03.840047+00:00,f0d00c4983614291b938804a9df6b127
2024-09-06,18.2,18.2,ft^3/s,Approved,[],2025-03-11T21:24:03.840047+00:00,f0d00c4983614291b938804a9df6b127
2024-09-07,17.0,17.0,ft^3/s,Approved,[],2025-03-11T21:24:03.840047+00:00,f0d00c4983614291b938804a9df6b127
2024-09-08,14.3,14.3,ft^3/s,Approved,[],2025-03-11T21:24:03.840047+00:00,f0d00c4983614291b938804a9df6b127
2024-09-09,13.6,13.6,ft^3/s,Approved,[],2025-03-11T21:24:03.840047+00:00,f0d00c4983614291b938804a9df6b127
2024-09-10,13.0,13.0,ft^3/s,Approved,[],2025-03-11T21:24:03.840047+00:00,f0d00c4983614291b938804a9df6b127
2024-09-11,12.2,12.2,ft^3/s,Approved,[],2025-03-11T21:24:03.840047+00:00,f0d00c4983614291b938804a9df6b127
2024-09-12,11.6,11.6,ft^3/s,Approved,[],2025-03-11T21:24:03.840047+00:00,f0d00c4983614291b938804a9df6b127
2024-09-13,10.8,10.8,ft^3/s,Approved,[],2025-03-11T21:24:03.840047+00:00,f0d00c4983614291b938804a9df6b127
2024-09-14,10.2,10.2,ft^3/s,Approved,[],2025-03-11T21:24:03.840047+00:00,f0d00c4983614291b938804a9df6b127
2024-09-15,9.67,9.67,ft^3/s,Approved,[],2025-03-11T21:24:03.840047+00:00,f0d00c4983614291b938804a9df6b127
2024-09-16,8.85,8.85,ft^3/s,Approved,[],2025-03-11T21:24:03.840047+00:00,f0d00c4983614291b938804a9df6b127
2024-09-17,8.84,8.84,ft^3/s,Approved,[],2025-03-11T21:24:03.840047+00:00,f0d00c4983614291b938804a9df6b127
2024-09-18,8.71,8.71,ft^3/s,Approved,[],2025-03-11T21:24:03.840047+00:00,f0d00c4983614291b938804a9df6b127
2024-09-19,8.73,8.73,ft^3/s,Approved,[],2025-03-11T21:24:03.840047+00:00,f0d00c4983614291b938804a9df6b127
2024-09-20,8.38,8.38,ft^3/s,Approved,[],2025-03-11T21:24:03.840047+00:00,f0d00c4983614291b938804a9df6b127
2024-09-21,8.0,8.00,ft^3/s,Approved,[],2025-03-11T21:24:03.840047+00:00,f0d00c4983614291b938804a9df6b127
2024-09-22,7.66,7.66,ft^3/s,Approved,[],2025-03-11T21:24:03.840047+00:00,f0d00c4983614291b938804a9df6b127
2024-09-23,7.3,7.30,ft^3/s,Approved,[],2025-03-11T21:24:03.840047+00:00,f0d00c4983614291b938804a9df6b127
2024-09-24,6.98,6.98,ft^3/s,Approved,[],2025-03-11T21:24:03.840047+00:00,f0d00c4983614291b938804a9df6b127
2024-09-25,6.97,6.97,ft^3/s,Approved,[],2025-03-11T21:24:03.840047+00:00,f0d00c4983614291b938804a9df6b127
2024-09-26,6.61,6.61,ft^3/s,Approved,[],2025-03-11T21:24:03.840047+00:00,f0d00c4983614291b938804a9df6b127
2024-09-27,6.23,6.23,ft^3/s,Approved,[],2025-03-11T21:24:03.840047+00:00,f0d00c4983614291b938804a9df6b127
2024-09-28,5.96,5.96,ft^3/s,Approved,[],2025-03-11T21:24:03.840047+00:00,f0d00c4983614291b938804a9df6b127
2024-09-29,5.73,5.73,ft^3/s,Approved,[],2025-03-11T21:24:03.840047+00:00,f0d00c4983614291b938804a9df6b127
2024-09-30,5.28,5.28,ft^3/s,Approved,[],2025-03-11T21:24:03.840047+00:00,f0d00c4983614291b938804a9df6b127
2024-10-01,5.1,5.10,ft^3/s,Approved,[],2025-03-11T21:24:03.840047+00:00,f0d00c4983614291b938804a9df6b127
2024-10-02,4.92,4.92,ft^3/s,Approved,[],2025-03-11T21:24:03.840047+00:00,f0d00c4983614291b938804a9df6b127
2024-10-03,4.79,4.79,ft^3/s,Approved,[],2025-03-11T21:24:03.840047+00:00,f0d00c4983614291b938804a9df6b127
2024-10-04,4.57,4.57,ft^3/s,Approved,[],2025-03-11T21:24:03.840047+00:00,f0d00c4983614291b938804a9df6b127
2024-10-05,4.42,4.42,ft^3/s,Approved,[],2025-03-11T21:24:03.840047+00:00,f0d00c4983614291b938804a9df6b127
2024-10-06,4.14,4.14,ft^3/s,Approved,[],2025-03-11T21:24:03.840047+00:00,f0d00c4983614291b938804a9df6b127
2024-10-07,4.05,4.05,ft^3/s,Approved,[],2025-03-11T21:24:03.840047+00:00,f0d00c4983614291b938804a9df6b127
2024-10-08,3.95,3.95,ft^3/s,Approved,[],2025-03-11T21:24:03.840047+00:00,f0d00c4983614291b938804a9df6b127
2024-10-09,3.87,3.87,ft^3/s,Approved,[],2025-03-11T21:24:03.840047+00:00,f0d00c4983614291b938804a9df6b127
2024-10-10,3.83,3.83,ft^3/s,Approved,[],2025-03-11T21:24:03.840047+00:00,f0d00c4983614291b938804a9df6b127
2024-10-11,3.69,3.69,ft^3/s,Approved,[],2025-03-11T21:24:03.840047+00:00,f0d00c4983614291b938804a9df6b127
2024-10-12,3.79,3.79,ft^3/s,Approved,[],2025-03-11T21:24:03.840047+00:00,f0d00c4983614291b938804a9df6b127
2024-10-13,3.76,3.76,ft^3/s,Approved,[],2025-03-11T21:24:03.840047+00:00,f0d00c4983614291b938804a9df6b127
2024-10-14,3.58,3.58,ft^3/s,Approved,[],2025-03-11T21:24:03.840047+00:00,f0d00c4983614291b938804a9df6b127
2024-10-15,3.47,3.47,ft^3/s,Approved,[],2025-03-11T21:24:03.840047+00:00,f0d00c4983614291b938804a9df6b127
2024-10-16,3.27,3.27,ft^3/s,Approved,[],2025-03-11T21:24:03.840047+00:00,f0d00c4983614291b938804a9df6b127
2024-10-17,3.1,3.10,ft^3/s,Approved,[],2025-03-11T21:24:03.840047+00:00,f0d00c4983614291b938804a9df6b127
2024-10-18,3.04,3.04,ft^3/s,Approved,[],2025-03-11T21:24:03.840047+00:00,f0d00c4983614291b938804a9df6b127
2024-10-19,3.16,3.16,ft^3/s,Approved,[],2025-03-11T21:24:03.840047+00:00,f0d00c4983614291b938804a9df6b127
2024-10-20,3.18,3.18,ft^3/s,Approved,[],2025-03-11T21:24:03.840047+00:00,f0d00c4983614291b938804a9df6b127
2024-10-21,2.95,2.95,ft^3/s,Approved,[],2025-03-11T21:24:03.840047+00:00,f0d00c4983614291b938804a9df6b127
2024-10-22,2.98,2.98,ft^3/s,Approved,[],2025-03-11T21:24:03.840047+00:00,f0d00c4983614291b938804a9df6b127
2024-10-23,2.91,2.91,ft^3/s,Approved,[],2025-03-11T21:24:03.840047+00:00,f0d00c4983614291b938804a9df6b127
2024-10-24,2.92,2.92,ft^3/s,Approved,[],2025-03-11T21:24:03.840047+00:00,f0d00c4983614291b938804a9df6b127
2024-10-25,2.92,2.92,ft^3/s,Approved,[],2025-03-11T21:24:03.840047+00:00,f0d00c4983614291b938804a9df6b127
2024-10-26,2.89,2.89,ft^3/s,Approved,[],2025-03-11T21:24:03.840047+00:00,f0d00c4983614291b938804a9df6b127
2024-10-27,3.05,3.05,ft^3/s,Approved,[],2025-03-11T21:24:03.840047+00:00,f0d00c4983614291b938804a9df6b127
2024-10-28,3.36,3.36,ft^3/s,Approved,[],2025-03-11T21:24:03.840047+00:00,f0d00c4983614291b938804a9df6b127
2024-10-29,3.57,3.57,ft^3/s,Approved,[],2025-03-11T21:24:03.840047+00:00,f0d00c4983614291b938804a9df6b127
2024-10-30,3.52,3.52,ft^3/s,Approved,[],2025-03-11T21:24:03.840047+00:00,f0d00c4983614291b938804a9df6b127
2024-10-31,3.32,3.32,ft^3/s,Approved,[],2025-03-11T21:24:03.840047+00:00,f0d00c4983614291b938804a9df6b127
2024-11-01,3.24,3.24,ft^3/s,Approved,[],2025-03-11T21:24:03.840047+00:00,f0d00c4983614291b938804a9df6b127
2024-11-02,3.39,3.39,ft^3/s,Approved,[],2025-03-11T21:24:03.840047+00:00,f0d00c4983614291b938804a9df6b127
2024-11-03,3.87,3.87,ft^3/s,Approved,[],2025-03-11T21:24:03.840047+00:00,f0d00c4983614291b938804a9df6b127
2024-11-04,3.9,3.90,ft^3/s,Approved,[],2025-03-11T21:24:03.840047+00:00,f0d00c4983614291b938804a9df6b127
2024-11-05,25.5,25.5,ft^3/s,Approved,[],2025-03-11T21:24:03.840047+00:00,f0d00c4983614291b938804a9df6b127
2024-11-06,18.6,18.6,ft^3/s,Approved,[],2025-03-11T21:24:03.840047+00:00,f0d00c4983614291b938804a9df6b127
2024-11-07,12.0,12.0,ft^3/s,Approved,[],2025-03-11T21:24:03.840047+00:00,f0d00c4983614291b938804a9df6b127
2024-11-08,10.0,10.0,ft^3/s,Approved,[],2025-03-11T21:24:03.840047+00:00,f0d00c4983614291b938804a9df6b127
2024-11-09,9.49,9.49,ft^3/s,Approved,[],2025-03-11T21:24:03.840047+00:00,f0d00c4983614291b938804a9df6b127
2024-11-10,8.7,8.70,ft^3/s,Approved,[],2025-03-11T21:24:03.840047+00:00,f0d00c4983614291b938804a9df6b127
2024-11-11,8.17,8.17,ft^3/s,Approved,[],2025-03-11T21:24:03.840047+00:00,f0d00c4983614291b938804a9df6b127
2024-11-12,7.77,7.77,ft^3/s,Approved,[],2025-03-11T21:24:03.840047+00:00,f0d00c4983614291b938804a9df6b127
2024-11-13,7.47,7.47,ft^3/s,Approved,[],2025-03-11T21:24:03.840047+00:00,f0d00c4983614291b938804a9df6b127
2024-11-14,6.35,6.35,ft^3/s,Approved,[],2025-03-11T21:24:03.840047+00:00,f0d00c4983614291b938804a9df6b127
2024-11-15,5.67,5.67,ft^3/s,Approved,[],2025-03-11T21:24:03.840047+00:00,f0d00c4983614291b938804a9df6b127
2024-11-16,5.58,5.58,ft^3/s,Approved,[],2025-03-11T21:24:03.840047+00:00,f0d00c4983614291b938804a9df6b127
2024-11-17,5.46,5.46,ft^3/s,Approved,[],2025-03-11T21:24:03.840047+00:00,f0d00c4983614291b938804a9df6b127
2024-11-18,5.77,5.77,ft^3/s,Approved,[],2025-03-11T21:24:03.840047+00:00,f0d00c4983614291b938804a9df6b127
2024-11-19,6.18,6.18,ft^3/s,Approved,[],2025-03-11T21:24:03.840047+00:00,f0d00c4983614291b938804a9df6b127
2024-11-20,5.67,5.67,ft^3/s,Approved,[],2025-03-11T21:24:03.840047+00:00,f0d00c4983614291b938804a9df6b127
2024-11-21,5.29,5.29,ft^3/s,Approved,[],2025-03-11T21:24:03.840047+00:00,f0d00c4983614291b938804a9df6b127
2024-11-22,5.34,5.34,ft^3/s,Approved,[],2025-03-11T21:24:03.840047+00:00,f0d00c4983614291b938804a9df6b127
2024-11-23,5.36,5.36,ft^3/s,Approved,[],2025-03-11T21:24:03.840047+00:00,f0d00c4983614291b938804a9df6b127
2024-11-24,5.13,5.13,ft^3/s,Approved,[],2025-03-11T21:24:03.840047+00:00,f0d00c4983614291b938804a9df6b127
2024-11-25,5.0,5.00,ft^3/s,Approved,[],2025-03-11T21:24:03.840047+00:00,f0d00c4983614291b938804a9df6b127
2024-11-26,4.87,4.87,ft^3/s,Approved,[],2025-03-11T21:24:03.840047+00:00,f0d00c4983614291b938804a9df6b127
2024-11-27,4.82,4.82,ft^3/s,Approved,[],2025-03-11T21:24:03.840047+00:00,f0d00c4983614291b938804a9df6b127
2024-11-28,4.83,4.83,ft^3/s,Approved,[],2025-03-11T21:24:03.840047+00:00,f0d00c4983614291b938804a9df6b127
2024-11-29,4.5,4.50,ft^3/s,Approved,[],2025-03-11T21:24:03.840047+00:00,f0d00c4983614291b938804a9df6b127
2024-11-30,4.34,4.34,ft^3/s,Approved,[],2025-03-11T21:24:03.840047+00:00,f0d00c4983614291b938804a9df6b127
2024-12-01,4.18,4.18,ft^3/s,Approved,[],2025-03-11T21:24:03.840047+00:00,f0d00c4983614291b938804a9df6b127
2024-12-02,4.03,4.03,ft^3/s,Approved,[],2025-03-11T21:24:03.840047+00:00,f0d00c4983614291b938804a9df6b127
2024-12-03,4.0,4.00,ft^3/s,Approved,[],2025-03-11T21:24:03.840047+00:00,f0d00c4983614291b938804a9df6b127
2024-12-04,4.26,4.26,ft^3/s,Approved,[],2025-03-11T21:24:03.840047+00:00,f0d00c4983614291b938804a9df6b127
2024-12-05,4.52,4.52,ft^3/s,Approved,[],2025-03-11T21:24:03.840047+00:00,f0d00c4983614291b938804a9df6b127
2024-12-06,4.49,4.49,ft^3/s,Approved,[],2025-03-11T21:24:03.840047+00:00,f0d00c4983614291b938804a9df6b127
2024-12-07,4.82,4.82,ft^3/s,Approved,[],2025-03-11T21:24:03.840047+00:00,f0d00c4983614291b938804a9df6b127
2024-12-08,5.71,5.71,ft^3/s,Approved,[],2025-03-11T21:24:03.840047+00:00,f0d00c4983614291b938804a9df6b127
2024-12-09,5.4,5.40,ft^3/s,Approved,[],2025-03-11T21:24:03.840047+00:00,f0d00c4983614291b938804a9df6b127
2024-12-10,4.92,4.92,ft^3/s,Approved,[],2025-03-11T21:24:03.840047+00:00,f0d00c4983614291b938804a9df6b127
2024-12-11,4.48,4.48,ft^3/s,Approved,[],2025-03-11T21:24:03.840047+00:00,f0d00c4983614291b938804a9df6b127
2024-12-12,4.46,4.46,ft^3/s,Approved,[],2025-03-11T21:24:03.840047+00:00,f0d00c4983614291b938804a9df6b127
2024-12-13,4.27,4.27,ft^3/s,Approved,[],2025-03-11T21:24:03.840047+00:00,f0d00c4983614291b938804a9df6b127
2024-12-14,4.5,4.50,ft^3/s,Approved,[],2025-03-11T21:24:03.840047+00:00,f0d00c4983614291b938804a9df6b127
2024-12-15,4.65,4.65,ft^3/s,Approved,[],2025-03-11T21:24:03.840047+00:00,f0d00c4983614291b938804a9df6b127
2024-12-16,4.55,4.55,ft^3/s,Approved,[],2025-03-11T21:24:03.840047+00:00,f0d00c4983614291b938804a9df6b127
2024-12-17,4.52,4.52,ft^3/s,Approved,[],2025-03-11T21:24:03.840047+00:00,f0d00c4983614291b938804a9df6b127
2024-12-18,4.45,4.45,ft^3/s,Approved,[],2025-03-11T21:24:03.840047+00:00,f0d00c4983614291b938804a9df6b127
2024-12-19,4.33,4.33,ft^3/s,Approved,[],2025-03-11T21:24:03.840047+00:00,f0d00c4983614291b938804a9df6b127
2024-12-20,4.23,4.23,ft^3/s,Approved,[],2025-03-11T21:24:03.840047+00:00,f0d00c4983614291b938804a9df6b127
2024-12-21,4.28,4.28,ft^3/s,Approved,[],2025-03-11T21:24:03.840047+00:00,f0d00c4983614291b938804a9df6b127
2024-12-22,4.28,4.28,ft^3/s,Approved,[],2025-03-11T21:24:03.840047+00:00,f0d00c4983614291b938804a9df6b127
2024-12-23,4.28,4.28,ft^3/s,Approved,[],2025-03-11T21:24:03.840047+00:00,f0d00c4983614291b938804a9df6b127
2024-12-24,4.37,4.37,ft^3/s,Approved,[],2025-03-11T21:24:03.840047+00:00,f0d00c4983614291b938804a9df6b127
2024-12-25,4.4,4.40,ft^3/s,Approved,[],2025-03-11T21:24:03.840047+00:00,f0d00c4983614291b938804a9df6b127
2024-12-26,4.37,4.37,ft^3/s,Approved,[],2025-03-11T21:24:03.840047+00:00,f0d00c4983614291b938804a9df6b127
2024-12-27,4.26,4.26,ft^3/s,Approved,[],2025-03-11T21:24:03.840047+00:00,f0d00c4983614291b938804a9df6b127
2024-12-28,4.21,4.21,ft^3/s,Approved,[],2025-03-11T21:24:03.840047+00:00,f0d00c4983614291b938804a9df6b127
2024-12-29,4.36,4.36,ft^3/s,Approved,[],2025-03-11T21:24:03.840047+00:00,f0d00c4983614291b938804a9df6b127
2024-12-30,4.24,4.24,ft^3/s,Approved,[],2025-03-11T21:24:03.840047+00:00,f0d00c4983614291b938804a9df6b127
2024-12-31,4.15,4.15,ft^3/s,Approved,[],2025-03-11T21:24:03.840047+00:00,f0d00c4983614291b938804a9df6b127
2025-01-01,4.06,4.06,ft^3/s,Approved,[],2025-03-11T21:24:03.840047+00:00,f0d00c4983614291b938804a9df6b127
2025-01-02,4.35,4.35,ft^3/s,Approved,[],2025-03-11T21:24:03.840047+00:00,f0d00c4983614291b938804a9df6b127
2025-01-03,4.6,4.60,ft^3/s,Approved,[],2025-03-11T21:24:03.840047+00:00,f0d00c4983614291b938804a9df6b127
2025-01-04,3.93,3.93,ft^3/s,Approved,[],2025-03-11T21:24:03.840047+00:00,f0d00c4983614291b938804a9df6b127
2025-01-05,3.98,3.98,ft^3/s,Approved,[],2025-03-11T21:24:03.840047+00:00,f0d00c4983614291b938804a9df6b127
2025-01-06,3.74,3.74,ft^3/s,Approved,[],2025-03-11T21:24:03.840047+00:00,f0d00c4983614291b938804a9df6b127
2025-01-07,3.57,3.57,ft^3/s,Approved,[],2025-03-11T21:24:03.840047+00:00,f0d00c4983614291b938804a9df6b127
2025-01-08,3.47,3.47,ft^3/s,Approved,[],2025-03-11T21:24:03.840047+00:00,f0d00c4983614291b938804a9df6b127
2025-01-09,3.66,3.66,ft^3/s,Approved,[],2025-03-11T21:24:03.840047+00:00,f0d00c4983614291b938804a9df6b127
2025-01-10,4.72,4.72,ft^3/s,Approved,[],2025-03-11T21:24:03.840047+00:00,f0d00c4983614291b938804a9df6b127
2025-01-11,4.43,4.43,ft^3/s,Approved,[],2025-03-11T21:24:03.840047+00:00,f0d00c4983614291b938804a9df6b127
2025-01-12,4.3,4.30,ft^3/s,Approved,[],2025-06-06T22:38:34.201377+00:00,f0d00c4983614291b938804a9df6b127
2025-01-13,4.33,4.33,ft^3/s,Approved,[],2025-06-06T22:38:34.201377+00:00,f0d00c4983614291b938804a9df6b127
2025-01-14,3.95,3.95,ft^3/s,Approved,[],2025-06-06T22:38:34.201377+00:00,f0d00c4983614291b938804a9df6b127
2025-01-15,3.88,3.88,ft^3/s,Approved,[],2025-06-06T22:38:34.201377+00:00,f0d00c4983614291b938804a9df6b127
2025-01-16,3.77,3.77,ft^3/s,Approved,[],2025-02-28T20:28:14.828540+00:00,f0d00c4983614291b938804a9df6b127
2025-01-17,3.68,3.68,ft^3/s,Approved,[],2025-02-28T20:28:14.828540+00:00,f0d00c4983614291b938804a9df6b127
2025-01-18,3.68,3.68,ft^3/s,Approved,[],2025-02-28T20:28:14.828540+00:00,f0d00c4983614291b938804a9df6b127
2025-01-19,3.51,3.51,ft^3/s,Approved,[],2025-02-28T20:28:14.828540+00:00,f0d00c4983614291b938804a9df6b127
2025-01-20,3.34,3.34,ft^3/s,Approved,[],2025-02-28T20:28:14.828540+00:00,f0d00c4983614291b938804a9df6b127
2025-01-21,3.24,3.24,ft^3/s,Approved,[],2025-02-28T20:28:14.828540+00:00,f0d00c4983614291b938804a9df6b127
2025-01-22,3.2,3.20,ft^3/s,Approved,[],2025-02-28T20:28:14.828540+00:00,f0d00c4983614291b938804a9df6b127
2025-01-23,3.32,3.32,ft^3/s,Approved,[],2025-02-28T20:28:14.828540+00:00,f0d00c4983614291b938804a9df6b127
2025-01-24,3.28,3.28,ft^3/s,Approved,[],2025-02-28T20:28:14.828540+00:00,f0d00c4983614291b938804a9df6b127
2025-01-25,3.3,3.30,ft^3/s,Approved,[],2025-02-28T20:28:14.828540+00:00,f0d00c4983614291b938804a9df6b127
2025-01-26,3.48,3.48,ft^3/s,Approved,[],2025-02-28T20:28:14.828540+00:00,f0d00c4983614291b938804a9df6b127
2025-01-27,3.62,3.62,ft^3/s,Approved,[],2025-02-28T20:28:14.828540+00:00,f0d00c4983614291b938804a9df6b127
2025-01-28,3.59,3.59,ft^3/s,Approved,[],2025-02-28T20:28:14.828540+00:00,f0d00c4983614291b938804a9df6b127
2025-01-29,3.79,3.79,ft^3/s,Approved,[],2025-02-28T20:28:14.828540+00:00,f0d00c4983614291b938804a9df6b127
2025-01-30,4.63,4.63,ft^3/s,Approved,[],2025-02-28T20:28:14.828540+00:00,f0d00c4983614291b938804a9df6b127
2025-01-31,5.31,5.31,ft^3/s,Approved,[],2025-02-28T20:28:14.828540+00:00,f0d00c4983614291b938804a9df6b127
2025-02-01,4.98,4.98,ft^3/s,Approved,[],2025-02-28T20:28:14.828540+00:00,f0d00c4983614291b938804a9df6b127
2025-02-02,4.6,4.60,ft^3/s,Approved,[],2025-02-28T20:28:14.828540+00:00,f0d00c4983614291b938804a9df6b127
2025-02-03,4.59,4.59,ft^3/s,Approved,[],2025-02-28T20:28:14.828540+00:00,f0d00c4983614291b938804a9df6b127
2025-02-04,4.53,4.53,ft^3/s,Approved,[],2025-02-28T20:28:14.828540+00:00,f0d00c4983614291b938804a9df6b127
2025-02-05,4.56,4.56,ft^3/s,Approved,[],2025-02-28T20:28:14.828540+00:00,f0d00c4983614291b938804a9df6b127
2025-02-06,4.58,4.58,ft^3/s,Approved,[],2025-02-28T20:28:14.828540+00:00,f0d00c4983614291b938804a9df6b127
2025-02-07,4.54,4.54,ft^3/s,Approved,[],2025-02-28T20:28:14.828540+00:00,f0d00c4983614291b938804a9df6b127
2025-02-08,4.57,4.57,ft^3/s,Approved,[],2025-02-28T20:28:14.828540+00:00,f0d00c4983614291b938804a9df6b127
2025-02-09,4.59,4.59,ft^3/s,Approved,[],2025-02-28T20:28:14.828540+00:00,f0d00c4983614291b938804a9df6b127
2025-02-10,4.77,4.77,ft^3/s,Approved,[],2025-04-15T19:47:13.306313+00:00,f0d00c4983614291b938804a9df6b127
2025-02-11,7.41,7.41,ft^3/s,Approved,[],2025-04-15T19:47:13.306313+00:00,f0d00c4983614291b938804a9df6b127
2025-02-12,15.1,15.1,ft^3/s,Approved,[],2025-04-15T19:47:13.306313+00:00,f0d00c4983614291b938804a9df6b127
2025-02-13,10.3,10.3,ft^3/s,Approved,[],2025-04-15T19:47:13.306313+00:00,f0d00c4983614291b938804a9df6b127
2025-02-14,8.41,8.41,ft^3/s,Approved,[],2025-04-15T19:47:13.306313+00:00,f0d00c4983614291b938804a9df6b127
2025-02-15,7.32,7.32,ft^3/s,Approved,[],2025-04-15T19:47:13.306313+00:00,f0d00c4983614291b938804a9df6b127
2025-02-16,6.28,6.28,ft^3/s,Approved,[],2025-04-15T19:47:13.306313+00:00,f0d00c4983614291b938804a9df6b127
2025-02-17,5.6,5.60,ft^3/s,Approved,[],2025-04-15T19:47:13.306313+00:00,f0d00c4983614291b938804a9df6b127
2025-02-18,5.63,5.63,ft^3/s,Approved,[],2025-04-15T19:47:13.306313+00:00,f0d00c4983614291b938804a9df6b127
2025-02-19,4.84,4.84,ft^3/s,Approved,[],2025-04-15T19:47:13.306313+00:00,f0d00c4983614291b938804a9df6b127
2025-02-20,4.37,4.37,ft^3/s,Approved,[],2025-04-15T19:47:13.306313+00:00,f0d00c4983614291b938804a9df6b127
2025-02-21,4.53,4.53,ft^3/s,Approved,[],2025-04-15T19:47:13.306313+00:00,f0d00c4983614291b938804a9df6b127
2025-02-22,4.29,4.29,ft^3/s,Approved,[],2025-04-15T19:47:13.306313+00:00,f0d00c4983614291b938804a9df6b127
2025-02-23,4.51,4.51,ft^3/s,Approved,[],2025-04-15T19:47:13.306313+00:00,f0d00c4983614291b938804a9df6b127
2025-02-24,4.52,4.52,ft^3/s,Approved,[],2025-04-15T19:47:13.306313+00:00,f0d00c4983614291b938804a9df6b127
2025-02-25,4.44,4.44,ft^3/s,Approved,[],2025-04-15T19:47:13.306313+00:00,f0d00c4983614291b938804a9df6b127
2025-02-26,4.47,4.47,ft^3/s,Approved,[],2025-04-15T19:47:13.306313+00:00,f0d00c4983614291b938804a9df6b127
2025-02-27,4.41,4.41,ft^3/s,Approved,[],2025-04-15T19:47:13.306313+00:00,f0d00c4983614291b938804a9df6b127
2025-02-28,4.15,4.15,ft^3/s,Approved,[],2025-04-15T19:47:13.306313+00:00,f0d00c4983614291b938804a9df6b127
2025-03-01,4.2,4.20,ft^3/s,Approved,[],2025-04-15T19:47:13.306313+00:00,f0d00c4983614291b938804a9df6b127
2025-03-02,4.2,4.20,ft^3/s,Approved,[],2025-04-15T19:47:13.306313+00:00,f0d00c4983614291b938804a9df6b127
2025-03-03,4.66,4.66,ft^3/s,Approved,[],2025-04-15T19:47:13.306313+00:00,f0d00c4983614291b938804a9df6b127
2025-03-04,4.49,4.49,ft^3/s,Approved,[],2025-04-15T19:47:13.306313+00:00,f0d00c4983614291b938804a9df6b127
2025-03-05,4.22,4.22,ft^3/s,Approved,[],2025-04-15T19:47:13.306313+00:00,f0d00c4983614291b938804a9df6b127
2025-03-06,4.07,4.07,ft^3/s,Approved,[],2025-04-15T19:47:13.306313+00:00,f0d00c4983614291b938804a9df6b127
2025-03-07,4.19,4.19,ft^3/s,Approved,[],2025-04-15T19:47:13.306313+00:00,f0d00c4983614291b938804a9df6b127
2025-03-08,4.19,4.19,ft^3/s,Approved,[],2025-04-15T19:47:13.306313+00:00,f0d00c4983614291b938804a9df6b127
2025-03-09,4.09,4.09,ft^3/s,Approved,[],2025-04-16T14:38:12.087237+00:00,f0d00c4983614291b938804a9df6b127
2025-03-10,3.96,3.96,ft^3/s,Approved,[],2025-04-16T14:38:12.087237+00:00,f0d00c4983614291b938804a9df6b127
2025-03-11,4.11,4.11,ft^3/s,Approved,[],2025-04-16T14:38:12.087237+00:00,f0d00c4983614291b938804a9df6b127
2025-03-12,4.16,4.16,ft^3/s,Approved,[],2025-04-16T14:38:12.087237+00:00,f0d00c4983614291b938804a9df6b127
2025-03-13,4.05,4.05,ft^3/s,Approved,[],2025-04-16T14:38:12.087237+00:00,f0d00c4983614291b938804a9df6b127
2025-03-14,4.13,4.13,ft^3/s,Approved,[],2025-04-16T14:38:12.087237+00:00,f0d00c4983614291b938804a9df6b127
2025-03-15,4.07,4.07,ft^3/s,Approved,[],2025-04-16T14:38:12.087237+00:00,f0d00c4983614291b938804a9df6b127
2025-03-16,3.76,3.76,ft^3/s,Approved,[],2025-04-16T14:38:12.087237+00:00,f0d00c4983614291b938804a9df6b127
2025-03-17,3.54,3.54,ft^3/s,Approved,[],2025-04-16T14:38:12.087237+00:00,f0d00c4983614291b938804a9df6b127
2025-03-18,3.62,3.62,ft^3/s,Approved,[],2025-04-16T14:38:12.087237+00:00,f0d00c4983614291b938804a9df6b127
2025-03-19,3.71,3.71,ft^3/s,Approved,[],2025-04-16T14:38:12.087237+00:00,f0d00c4983614291b938804a9df6b127
2025-03-20,3.7,3.70,ft^3/s,Approved,[],2025-04-16T14:38:12.087237+00:00,f0d00c4983614291b938804a9df6b127
2025-03-21,3.58,3.58,ft^3/s,Approved,[],2025-04-16T14:38:12.087237+00:00,f0d00c4983614291b938804a9df6b127
2025-03-22,3.88,3.88,ft^3/s,Approved,[],2025-04-16T14:38:12.087237+00:00,f0d00c4983614291b938804a9df6b127
2025-03-23,3.81,3.81,ft^3/s,Approved,[],2025-04-16T14:38:12.087237+00:00,f0d00c4983614291b938804a9df6b127
2025-03-24,4.42,4.42,ft^3/s,Approved,[],2025-04-16T14:38:12.087237+00:00,f0d00c4983614291b938804a9df6b127
2025-03-25,4.86,4.86,ft^3/s,Approved,[],2025-04-16T14:38:12.087237+00:00,f0d00c4983614291b938804a9df6b127
2025-03-26,4.8,4.80,ft^3/s,Approved,[],2025-04-16T14:38:12.087237+00:00,f0d00c4983614291b938804a9df6b127
2025-03-27,7.83,7.83,ft^3/s,Approved,[],2025-04-16T14:38:12.087237+00:00,f0d00c4983614291b938804a9df6b127
2025-03-28,11.2,11.2,ft^3/s,Approved,[],2025-04-16T14:38:12.087237+00:00,f0d00c4983614291b938804a9df6b127
2025-03-29,12.5,12.5,ft^3/s,Approved,[],2025-04-16T14:38:12.087237+00:00,f0d00c4983614291b938804a9df6b127
2025-03-30,11.1,11.1,ft^3/s,Approved,[],2025-04-16T14:38:12.087237+00:00,f0d00c4983614291b938804a9df6b127
2025-03-31,9.5,9.50,ft^3/s,Approved,[],2025-04-16T14:38:12.087237+00:00,f0d00c4983614291b938804a9df6b127
2025-04-01,9.11,9.11,ft^3/s,Approved,[],2025-04-16T14:38:12.087237+00:00,f0d00c4983614291b938804a9df6b127
2025-04-02,7.4,7.40,ft^3/s,Approved,[],2025-04-16T14:38:12.087237+00:00,f0d00c4983614291b938804a9df6b127
2025-04-03,6.89,6.89,ft^3/s,Approved,[],2025-04-16T14:38:12.087237+00:00,f0d00c4983614291b938804a9df6b127
2025-04-04,6.76,6.76,ft^3/s,Approved,[],2025-04-16T14:38:12.087237+00:00,f0d00c4983614291b938804a9df6b127
2025-04-05,6.46,6.46,ft^3/s,Approved,[],2025-04-16T14:38:12.087237+00:00,f0d00c4983614291b938804a9df6b127
2025-04-06,5.91,5.91,ft^3/s,Approved,[],2025-04-16T14:38:12.087237+00:00,f0d00c4983614291b938804a9df6b127
2025-04-07,5.57,5.57,ft^3/s,Approved,[],2025-04-16T14:38:12.087237+00:00,f0d00c4983614291b938804a9df6b127
2025-04-08,6.03,6.03,ft^3/s,Approved,[],2025-04-16T14:38:12.087237+00:00,f0d00c4983614291b938804a9df6b127
2025-04-09,6.47,6.47,ft^3/s,Approved,[],2025-04-16T14:38:12.087237+00:00,f0d00c4983614291b938804a9df6b127
2025-04-10,6.66,6.66,ft^3/s,Approved,[],2025-04-16T14:38:12.087237+00:00,f0d00c4983614291b938804a9df6b127
2025-04-11,5.73,5.73,ft^3/s,Approved,[],2025-04-16T14:38:12.087237+00:00,f0d00c4983614291b938804a9df6b127
2025-04-12,5.62,5.62,ft^3/s,Approved,[],2025-04-16T14:38:12.087237+00:00,f0d00c4983614291b938804a9df6b127
2025-04-13,5.74,5.74,ft^3/s,Approved,[],2025-06-27T15:49:16.431064+00:00,f0d00c4983614291b938804a9df6b127
2025-04-14,4.74,4.74,ft^3/s,Approved,[],2025-06-27T15:49:16.431064+00:00,f0d00c4983614291b938804a9df6b127
2025-04-15,4.22,4.22,ft^3/s,Approved,[],2025-06-27T15:49:16.431064+00:00,f0d00c4983614291b938804a9df6b127
2025-04-16,4.07,4.07,ft^3/s,Approved,[],2025-06-27T15:49:16.431064+00:00,f0d00c4983614291b938804a9df6b127
2025-04-17,4.03,4.03,ft^3/s,Approved,[],2025-06-27T15:49:16.431064+00:00,f0d00c4983614291b938804a9df6b127
2025-04-18,4.06,4.06,ft^3/s,Approved,[],2025-06-27T15:49:16.431064+00:00,f0d00c4983614291b938804a9df6b127
2025-04-19,3.94,3.94,ft^3/s,Approved,[],2025-06-27T15:49:16.431064+00:00,f0d00c4983614291b938804a9df6b127
2025-04-20,4.64,4.64,ft^3/s,Approved,[],2025-06-27T15:49:16.431064+00:00,f0d00c4983614291b938804a9df6b127
2025-04-21,5.28,5.28,ft^3/s,Approved,[],2025-06-27T15:49:16.431064+00:00,f0d00c4983614291b938804a9df6b127
2025-04-22,5.06,5.06,ft^3/s,Approved,[],2025-06-27T15:49:16.431064+00:00,f0d00c4983614291b938804a9df6b127
2025-04-23,10.1,10.1,ft^3/s,Approved,[],2025-06-27T15:49:16.431064+00:00,f0d00c4983614291b938804a9df6b127
2025-04-24,12.9,12.9,ft^3/s,Approved,[],2025-06-27T15:49:16.431064+00:00,f0d00c4983614291b938804a9df6b127
2025-04-25,10.4,10.4,ft^3/s,Approved,[],2025-06-27T15:49:16.431064+00:00,f0d00c4983614291b938804a9df6b127
2025-04-26,8.9,8.90,ft^3/s,Approved,[],2025-06-27T15:49:16.431064+00:00,f0d00c4983614291b938804a9df6b127
2025-04-27,7.99,7.99,ft^3/s,Approved,[],2025-06-27T15:49:16.431064+00:00,f0d00c4983614291b938804a9df6b127
2025-04-28,7.25,7.25,ft^3/s,Approved,[],2025-06-27T15:49:16.431064+00:00,f0d00c4983614291b938804a9df6b127
2025-04-29,6.57,6.57,ft^3/s,Approved,[],2025-06-27T15:49:16.431064+00:00,f0d00c4983614291b938804a9df6b127
2025-04-30,6.17,6.17,ft^3/s,Approved,[],2025-06-27T15:49:16.431064+00:00,f0d00c4983614291b938804a9df6b127
2025-05-01,5.84,5.84,ft^3/s,Approved,[],2025-06-27T15:49:16.431064+00:00,f0d00c4983614291b938804a9df6b127
2025-05-02,7.7,7.70,ft^3/s,Approved,[],2025-06-27T15:49:16.431064+00:00,f0d00c4983614291b938804a9df6b127
2025-05-03,27.4,27.4,ft^3/s,Approved,[],2025-06-27T15:49:16.431064+00:00,f0d00c4983614291b938804a9df6b127
2025-05-04,21.5,21.5,ft^3/s,Approved,[],2025-06-27T15:49:16.431064+00:00,f0d00c4983614291b938804a9df6b127
2025-05-05,18.1,18.1,ft^3/s,Approved,[],2025-06-27T15:49:16.431064+00:00,f0d00c4983614291b938804a9df6b127
2025-05-06,17.2,17.2,ft^3/s,Approved,[],2025-06-27T15:49:16.431064+00:00,f0d00c4983614291b938804a9df6b127
2025-05-07,16.2,16.2,ft^3/s,Approved,[],2025-06-27T15:49:16.431064+00:00,f0d00c4983614291b938804a9df6b127
2025-05-08,14.4,14.4,ft^3/s,Approved,[],2025-06-27T15:49:16.431064+00:00,f0d00c4983614291b938804a9df6b127
2025-05-09,13.8,13.8,ft^3/s,Approved,[],2025-06-27T15:49:16.431064+00:00,f0d00c4983614291b938804a9df6b127
2025-05-10,13.9,13.9,ft^3/s,Approved,[],2025-06-27T15:49:16.431064+00:00,f0d00c4983614291b938804a9df6b127
2025-05-11,13.1,13.1,ft^3/s,Approved,[],2025-06-27T15:49:16.431064+00:00,f0d00c4983614291b938804a9df6b127
2025-05-12,11.0,11.0,ft^3/s,Approved,[],2025-06-27T15:49:16.431064+00:00,f0d00c4983614291b938804a9df6b127
2025-05-13,10.0,10.0,ft^3/s,Approved,[],2025-08-14T19:14:18.835775+00:00,f0d00c4983614291b938804a9df6b127
2025-05-14,9.3,9.30,ft^3/s,Approved,[],2025-08-20T18:40:23.826384+00:00,f0d00c4983614291b938804a9df6b127
2025-05-15,8.78,8.78,ft^3/s,Approved,[],2025-08-20T18:40:23.826384+00:00,f0d00c4983614291b938804a9df6b127
2025-05-16,8.26,8.26,ft^3/s,Approved,[],2025-08-20T18:40:23.826384+00:00,f0d00c4983614291b938804a9df6b127
2025-05-17,7.57,7.57,ft^3/s,Approved,[],2025-08-20T18:40:23.826384+00:00,f0d00c4983614291b938804a9df6b127
2025-05-18,7.11,7.11,ft^3/s,Approved,[],2025-08-20T18:40:23.826384+00:00,f0d00c4983614291b938804a9df6b127
2025-05-19,6.74,6.74,ft^3/s,Approved,[],2025-08-20T18:40:23.826384+00:00,f0d00c4983614291b938804a9df6b127
2025-05-20,6.28,6.28,ft^3/s,Approved,[],2025-08-20T18:40:23.826384+00:00,f0d00c4983614291b938804a9df6b127
2025-05-21,5.51,5.51,ft^3/s,Approved,[],2025-08-20T18:40:23.826384+00:00,f0d00c4983614291b938804a9df6b127
2025-05-22,4.45,4.45,ft^3/s,Approved,[],2025-08-20T18:40:23.826384+00:00,f0d00c4983614291b938804a9df6b127
2025-05-23,7.85,7.85,ft^3/s,Approved,[],2025-08-20T18:40:23.826384+00:00,f0d00c4983614291b938804a9df6b127
2025-05-24,12.8,12.8,ft^3/s,Approved,[],2025-08-20T18:40:23.826384+00:00,f0d00c4983614291b938804a9df6b127
2025-05-25,14.9,14.9,ft^3/s,Approved,[],2025-08-20T18:40:23.826384+00:00,f0d00c4983614291b938804a9df6b127
2025-05-26,13.1,13.1,ft^3/s,Approved,[],2025-08-20T18:40:23.826384+00:00,f0d00c4983614291b938804a9df6b127
2025-05-27,41.4,41.4,ft^3/s,Approved,[],2025-08-20T18:40:23.826384+00:00,f0d00c4983614291b938804a9df6b127
2025-05-28,97.0,97.0,ft^3/s,Approved,[],2025-08-20T18:40:23.826384+00:00,f0d00c4983614291b938804a9df6b127
2025-05-29,92.8,92.8,ft^3/s,Approved,[],2025-08-20T18:40:23.826384+00:00,f0d00c4983614291b938804a9df6b127
2025-05-30,82.7,82.7,ft^3/s,Approved,[],2025-08-20T18:40:23.826384+00:00,f0d00c4983614291b938804a9df6b127
2025-05-31,74.6,74.6,ft^3/s,Approved,[],2025-08-20T18:40:23.826384+00:00,f0d00c4983614291b938804a9df6b127
2025-06-01,63.0,63.0,ft^3/s,Approved,[],2025-08-20T18:40:23.826384+00:00,f0d00c4983614291b938804a9df6b127
2025-06-02,51.9,51.9,ft^3/s,Approved,[],2025-08-20T18:40:23.826384+00:00,f0d00c4983614291b938804a9df6b127
2025-06-03,43.6,43.6,ft^3/s,Approved,[],2025-08-20T18:40:23.826384+00:00,f0d00c4983614291b938804a9df6b127
2025-06-04,39.9,39.9,ft^3/s,Approved,[],2025-08-20T18:40:23.826384+00:00,f0d00c4983614291b938804a9df6b127
2025-06-05,41.6,41.6,ft^3/s,Approved,[],2025-08-20T18:40:23.826384+00:00,f0d00c4983614291b938804a9df6b127
2025-06-06,45.1,45.1,ft^3/s,Approved,[],2025-08-20T18:40:23.826384+00:00,f0d00c4983614291b938804a9df6b127
2025-06-07,39.1,39.1,ft^3/s,Approved,[],2025-08-20T18:40:23.826384+00:00,f0d00c4983614291b938804a9df6b127
2025-06-08,33.8,33.8,ft^3/s,Approved,[],2025-08-20T18:40:23.826384+00:00,f0d00c4983614291b938804a9df6b127
2025-06-09,25.2,25.2,ft^3/s,Approved,[],2025-08-20T18:40:23.826384+00:00,f0d00c4983614291b938804a9df6b127
2025-06-10,22.9,22.9,ft^3/s,Approved,[],2025-08-20T18:40:23.826384+00:00,f0d00c4983614291b938804a9df6b127
2025-06-11,21.7,21.7,ft^3/s,Approved,[],2025-08-20T18:40:23.826384+00:00,f0d00c4983614291b938804a9df6b127
2025-06-12,112.0,112,ft^3/s,Approved,[],2025-08-20T18:40:23.826384+00:00,f0d00c4983614291b938804a9df6b127
2025-06-13,115.0,115,ft^3/s,Approved,[],2025-08-20T18:40:23.826384+00:00,f0d00c4983614291b938804a9df6b127
2025-06-14,91.7,91.7,ft^3/s,Approved,[],2025-08-20T18:40:23.826384+00:00,f0d00c4983614291b938804a9df6b127
2025-06-15,81.7,81.7,ft^3/s,Approved,[],2025-08-20T18:40:23.826384+00:00,f0d00c4983614291b938804a9df6b127
2025-06-16,125.0,125,ft^3/s,Approved,[],2025-08-20T18:40:23.826384+00:00,f0d00c4983614291b938804a9df6b127
2025-06-17,105.0,105,ft^3/s,Approved,[],2025-08-20T18:40:23.826384+00:00,f0d00c4983614291b938804a9df6b127
2025-06-18,84.6,84.6,ft^3/s,Approved,[],2025-08-20T18:40:23.826384+00:00,f0d00c4983614291b938804a9df6b127
2025-06-19,65.1,65.1,ft^3/s,Approved,[],2025-08-20T18:40:23.826384+00:00,f0d00c4983614291b938804a9df6b127
2025-06-20,51.1,51.1,ft^3/s,Approved,[],2025-08-20T18:40:23.826384+00:00,f0d00c4983614291b938804a9df6b127
2025-06-21,47.5,47.5,ft^3/s,Approved,[],2025-08-20T18:40:23.826384+00:00,f0d00c4983614291b938804a9df6b127
2025-06-22,52.6,52.6,ft^3/s,Approved,[],2025-08-20T18:40:23.826384+00:00,f0d00c4983614291b938804a9df6b127
2025-06-23,36.8,36.8,ft^3/s,Approved,[],2025-08-20T18:40:23.826384+00:00,f0d00c4983614291b938804a9df6b127
2025-06-24,30.4,30.4,ft^3/s,Approved,[],2025-08-20T18:40:23.826384+00:00,f0d00c4983614291b938804a9df6b127
2025-06-25,27.0,27.0,ft^3/s,Approved,[],2025-08-20T18:40:23.826384+00:00,f0d00c4983614291b938804a9df6b127
2025-06-26,24.5,24.5,ft^3/s,Approved,[],2025-08-20T18:40:23.826384+00:00,f0d00c4983614291b938804a9df6b127
2025-06-27,22.4,22.4,ft^3/s,Approved,[],2025-08-20T18:40:23.826384+00:00,f0d00c4983614291b938804a9df6b127
2025-06-28,21.3,21.3,ft^3/s,Approved,[],2025-08-20T18:40:23.826384+00:00,f0d00c4983614291b938804a9df6b127
2025-06-29,20.3,20.3,ft^3/s,Approved,[],2025-08-20T18:40:23.826384+00:00,f0d00c4983614291b938804a9df6b127
2025-06-30,18.8,18.8,ft^3/s,Approved,"[""ESTIMATED""]",2025-08-20T18:40:23.826384+00:00,f0d00c4983614291b938804a9df6b127
2025-07-01,18.3,18.3,ft^3/s,Approved,"[""ESTIMATED""]",2025-08-20T18:40:23.826384+00:00,f0d00c4983614291b938804a9df6b127
2025-07-02,18.1,18.1,ft^3/s,Approved,[],2025-08-20T18:40:23.826384+00:00,f0d00c4983614291b938804a9df6b127
2025-07-03,19.1,19.1,ft^3/s,Approved,[],2025-08-20T18:40:23.826384+00:00,f0d00c4983614291b938804a9df6b127
2025-07-04,24.9,24.9,ft^3/s,Approved,[],2025-08-20T18:40:23.826384+00:00,f0d00c4983614291b938804a9df6b127
2025-07-05,76.9,76.9,ft^3/s,Approved,[],2025-08-20T18:40:23.826384+00:00,f0d00c4983614291b938804a9df6b127
2025-07-06,138.0,138,ft^3/s,Approved,[],2025-08-20T18:40:23.826384+00:00,f0d00c4983614291b938804a9df6b127
2025-07-07,128.0,128,ft^3/s,Approved,[],2025-08-20T18:40:23.826384+00:00,f0d00c4983614291b938804a9df6b127
2025-07-08,109.0,109,ft^3/s,Approved,[],2025-08-20T18:40:23.826384+00:00,f0d00c4983614291b938804a9df6b127
2025-07-09,96.2,96.2,ft^3/s,Approved,[],2025-08-20T18:40:23.826384+00:00,f0d00c4983614291b938804a9df6b127
2025-07-10,92.3,92.3,ft^3/s,Approved,[],2025-08-20T18:40:23.826384+00:00,f0d00c4983614291b938804a9df6b127
2025-07-11,83.5,83.5,ft^3/s,Approved,[],2025-08-20T18:40:23.826384+00:00,f0d00c4983614291b938804a9df6b127
2025-07-12,76.9,76.9,ft^3/s,Approved,[],2025-08-20T18:40:23.826384+00:00,f0d00c4983614291b938804a9df6b127
2025-07-13,69.8,69.8,ft^3/s,Approved,[],2025-08-20T18:40:23.826384+00:00,f0d00c4983614291b938804a9df6b127
2025-07-14,63.8,63.8,ft^3/s,Approved,[],2025-08-20T18:40:23.826384+00:00,f0d00c4983614291b938804a9df6b127
2025-07-15,58.4,58.4,ft^3/s,Approved,[],2025-08-20T18:40:23.826384+00:00,f0d00c4983614291b938804a9df6b127
2025-07-16,51.8,51.8,ft^3/s,Approved,[],2025-08-20T18:40:23.826384+00:00,f0d00c4983614291b938804a9df6b127
2025-07-17,46.8,46.8,ft^3/s,Approved,[],2025-08-20T18:40:23.826384+00:00,f0d00c4983614291b938804a9df6b127
2025-07-18,40.6,40.6,ft^3/s,Approved,[],2025-08-20T18:40:23.826384+00:00,f0d00c4983614291b938804a9df6b127
2025-07-19,35.7,35.7,ft^3/s,Approved,[],2025-08-20T18:40:23.826384+00:00,f0d00c4983614291b938804a9df6b127
2025-07-20,33.1,33.1,ft^3/s,Approved,[],2025-08-20T18:40:23.826384+00:00,f0d00c4983614291b938804a9df6b127
2025-07-21,31.3,31.3,ft^3/s,Approved,[],2025-08-20T18:40:23.826384+00:00,f0d00c4983614291b938804a9df6b127
2025-07-22,30.5,30.5,ft^3/s,Approved,[],2025-08-20T18:40:23.826384+00:00,f0d00c4983614291b938804a9df6b127
2025-07-23,29.5,29.5,ft^3/s,Approved,[],2025-08-20T18:40:23.826384+00:00,f0d00c4983614291b938804a9df6b127
2025-07-24,28.6,28.6,ft^3/s,Approved,[],2025-08-20T18:40:23.826384+00:00,f0d00c4983614291b938804a9df6b127
2025-07-25,27.7,27.7,ft^3/s,Approved,[],2025-08-20T18:40:23.826384+00:00,f0d00c4983614291b938804a9df6b127
2025-07-26,26.7,26.7,ft^3/s,Approved,[],2025-08-20T18:40:23.826384+00:00,f0d00c4983614291b938804a9df6b127
2025-07-27,24.9,24.9,ft^3/s,Approved,[],2025-08-20T18:40:23.826384+00:00,f0d00c4983614291b938804a9df6b127
2025-07-28,24.8,24.8,ft^3/s,Approved,[],2025-08-20T18:40:23.826384+00:00,f0d00c4983614291b938804a9df6b127
2025-07-29,23.1,23.1,ft^3/s,Approved,[],2025-08-20T18:40:23.826384+00:00,f0d00c4983614291b938804a9df6b127
2025-07-30,21.7,21.7,ft^3/s,Approved,[],2025-08-20T18:40:23.826384+00:00,f0d00c4983614291b938804a9df6b127
2025-07-31,20.1,20.1,ft^3/s,Approved,[],2025-08-20T18:40:23.826384+00:00,f0d00c4983614291b938804a9df6b127
2025-08-01,19.0,19.0,ft^3/s,Approved,[],2025-08-20T18:40:23.826384+00:00,f0d00c4983614291b938804a9df6b127
2025-08-02,17.9,17.9,ft^3/s,Approved,[],2025-08-20T18:40:23.826384+00:00,f0d00c4983614291b938804a9df6b127
2025-08-03,17.4,17.4,ft^3/s,Approved,[],2025-08-20T18:40:23.826384+00:00,f0d00c4983614291b938804a9df6b127
2025-08-04,17.9,17.9,ft^3/s,Approved,[],2025-08-20T18:40:23.826384+00:00,f0d00c4983614291b938804a9df6b127
2025-08-05,17.5,17.5,ft^3/s,Approved,[],2025-08-20T18:40:23.826384+00:00,f0d00c4983614291b938804a9df6b127
2025-08-06,17.0,17.0,ft^3/s,Approved,[],2025-12-22T18:24:17.256881+00:00,f0d00c4983614291b938804a9df6b127
2025-08-07,16.4,16.4,ft^3/s,Approved,[],2025-12-22T18:24:17.256881+00:00,f0d00c4983614291b938804a9df6b127
2025-08-08,15.9,15.9,ft^3/s,Approved,[],2025-12-22T18:24:17.256881+00:00,f0d00c4983614291b938804a9df6b127
2025-08-09,15.2,15.2,ft^3/s,Approved,[],2025-12-22T18:24:17.256881+00:00,f0d00c4983614291b938804a9df6b127
2025-08-10,14.4,14.4,ft^3/s,Approved,[],2025-12-22T18:24:17.256881+00:00,f0d00c4983614291b938804a9df6b127
2025-08-11,13.9,13.9,ft^3/s,Approved,[],2025-12-22T18:24:17.256881+00:00,f0d00c4983614291b938804a9df6b127
2025-08-12,14.6,14.6,ft^3/s,Approved,[],2025-12-22T18:24:17.256881+00:00,f0d00c4983614291b938804a9df6b127
2025-08-13,13.7,13.7,ft^3/s,Approved,[],2025-12-22T18:24:17.256881+00:00,f0d00c4983614291b938804a9df6b127
2025-08-14,13.8,13.8,ft^3/s,Approved,[],2025-12-22T18:24:17.256881+00:00,f0d00c4983614291b938804a9df6b127
2025-08-15,12.9,12.9,ft^3/s,Approved,[],2025-12-22T18:24:17.256881+00:00,f0d00c4983614291b938804a9df6b127
2025-08-16,12.9,12.9,ft^3/s,Approved,[],2025-12-22T18:24:17.256881+00:00,f0d00c4983614291b938804a9df6b127
2025-08-17,13.1,13.1,ft^3/s,Approved,[],2025-12-22T18:24:17.256881+00:00,f0d00c4983614291b938804a9df6b127
2025-08-18,12.7,12.7,ft^3/s,Approved,[],2025-12-22T18:24:17.256881+00:00,f0d00c4983614291b938804a9df6b127
2025-08-19,12.3,12.3,ft^3/s,Approved,[],2025-12-22T18:24:17.256881+00:00,f0d00c4983614291b938804a9df6b127
2025-08-20,13.1,13.1,ft^3/s,Approved,[],2025-12-22T18:24:17.256881+00:00,f0d00c4983614291b938804a9df6b127
2025-08-21,13.1,13.1,ft^3/s,Approved,[],2025-12-22T18:24:17.256881+00:00,f0d00c4983614291b938804a9df6b127
2025-08-22,13.1,13.1,ft^3/s,Approved,[],2025-12-22T18:24:17.256881+00:00,f0d00c4983614291b938804a9df6b127
2025-08-23,12.4,12.4,ft^3/s,Approved,[],2025-12-22T18:24:17.256881+00:00,f0d00c4983614291b938804a9df6b127
2025-08-24,12.0,12.0,ft^3/s,Approved,[],2025-12-22T18:24:17.256881+00:00,f0d00c4983614291b938804a9df6b127
2025-08-25,11.9,11.9,ft^3/s,Approved,[],2025-12-22T18:24:17.256881+00:00,f0d00c4983614291b938804a9df6b127
2025-08-26,11.5,11.5,ft^3/s,Approved,[],2025-12-22T18:24:17.256881+00:00,f0d00c4983614291b938804a9df6b127
2025-08-27,11.4,11.4,ft^3/s,Approved,[],2025-12-22T18:24:17.256881+00:00,f0d00c4983614291b938804a9df6b127
2025-08-28,11.5,11.5,ft^3/s,Approved,[],2025-12-22T18:24:17.256881+00:00,f0d00c4983614291b938804a9df6b127
2025-08-29,10.9,10.9,ft^3/s,Approved,[],2025-12-22T18:24:17.256881+00:00,f0d00c4983614291b938804a9df6b127
2025-08-30,10.9,10.9,ft^3/s,Approved,[],2025-12-22T18:24:17.256881+00:00,f0d00c4983614291b938804a9df6b127
2025-08-31,10.5,10.5,ft^3/s,Approved,[],2025-12-22T18:24:17.256881+00:00,f0d00c4983614291b938804a9df6b127
2025-09-01,13.8,13.8,ft^3/s,Approved,[],2025-12-22T18:24:17.256881+00:00,f0d00c4983614291b938804a9df6b127
2025-09-02,13.6,13.6,ft^3/s,Approved,[],2025-12-22T18:24:17.256881+00:00,f0d00c4983614291b938804a9df6b127
2025-09-03,12.3,12.3,ft^3/s,Approved,[],2025-12-22T18:24:17.256881+00:00,f0d00c4983614291b938804a9df6b127
2025-09-04,11.5,11.5,ft^3/s,Approved,[],2025-12-22T18:24:17.256881+00:00,f0d00c4983614291b938804a9df6b127
2025-09-05,10.7,10.7,ft^3/s,Approved,[],2025-12-22T18:24:17.256881+00:00,f0d00c4983614291b938804a9df6b127
2025-09-06,10.4,10.4,ft^3/s,Approved,[],2025-12-22T18:24:17.256881+00:00,f0d00c4983614291b938804a9df6b127
2025-09-07,14.4,14.4,ft^3/s,Approved,[],2025-12-22T18:24:17.256881+00:00,f0d00c4983614291b938804a9df6b127
2025-09-08,25.6,25.6,ft^3/s,Approved,[],2025-12-22T18:24:17.256881+00:00,f0d00c4983614291b938804a9df6b127
2025-09-09,23.6,23.6,ft^3/s,Approved,[],2025-12-22T18:24:17.256881+00:00,f0d00c4983614291b938804a9df6b127
2025-09-10,22.2,22.2,ft^3/s,Approved,[],2025-12-22T18:24:17.256881+00:00,f0d00c4983614291b938804a9df6b127
2025-09-11,19.6,19.6,ft^3/s,Approved,[],2025-12-22T18:24:17.256881+00:00,f0d00c4983614291b938804a9df6b127
2025-09-12,18.4,18.4,ft^3/s,Approved,[],2025-12-22T18:24:17.256881+00:00,f0d00c4983614291b938804a9df6b127
2025-09-13,17.1,17.1,ft^3/s,Approved,[],2025-12-22T18:24:17.256881+00:00,f0d00c4983614291b938804a9df6b127
2025-09-14,16.3,16.3,ft^3/s,Approved,[],2025-12-22T18:24:17.256881+00:00,f0d00c4983614291b938804a9df6b127
2025-09-15,15.5,15.5,ft^3/s,Approved,[],2025-12-22T18:24:17.256881+00:00,f0d00c4983614291b938804a9df6b127
2025-09-16,15.2,15.2,ft^3/s,Approved,[],2025-12-22T18:24:17.256881+00:00,f0d00c4983614291b938804a9df6b127
2025-09-17,14.9,14.9,ft^3/s,Approved,[],2025-12-22T18:24:17.256881+00:00,f0d00c4983614291b938804a9df6b127
2025-09-18,15.0,15.0,ft^3/s,Approved,[],2025-12-22T18:24:17.256881+00:00,f0d00c4983614291b938804a9df6b127
2025-09-19,14.9,14.9,ft^3/s,Approved,[],2025-12-22T18:24:17.256881+00:00,f0d00c4983614291b938804a9df6b127
2025-09-20,14.5,14.5,ft^3/s,Approved,[],2025-12-22T18:24:17.256881+00:00,f0d00c4983614291b938804a9df6b127
2025-09-21,15.0,15.0,ft^3/s,Approved,[],2025-12-22T18:24:17.256881+00:00,f0d00c4983614291b938804a9df6b127
2025-09-22,14.4,14.4,ft^3/s,Approved,[],2025-12-22T18:24:17.256881+00:00,f0d00c4983614291b938804a9df6b127
2025-09-23,13.6,13.6,ft^3/s,Approved,[],2025-12-22T18:24:17.256881+00:00,f0d00c4983614291b938804a9df6b127
2025-09-24,13.7,13.7,ft^3/s,Approved,[],2025-12-22T18:24:17.256881+00:00,f0d00c4983614291b938804a9df6b127
2025-09-25,14.2,14.2,ft^3/s,Approved,[],2025-12-22T18:24:17.256881+00:00,f0d00c4983614291b938804a9df6b127
2025-09-26,14.0,14.0,ft^3/s,Approved,[],2025-12-22T18:24:17.256881+00:00,f0d00c4983614291b938804a9df6b127
2025-09-27,14.2,14.2,ft^3/s,Approved,[],2025-12-22T18:24:17.256881+00:00,f0d00c4983614291b938804a9df6b127
2025-09-28,14.3,14.3,ft^3/s,Approved,[],2025-12-22T18:24:17.256881+00:00,f0d00c4983614291b938804a9df6b127
2025-09-29,13.9,13.9,ft^3/s,Approved,[],2025-12-22T18:24:17.256881+00:00,f0d00c4983614291b938804a9df6b127
2025-09-30,13.5,13.5,ft^3/s,Approved,[],2025-12-22T18:24:17.256881+00:00,f0d00c4983614291b938804a9df6b127
2025-10-01,13.5,13.5,ft^3/s,Approved,[],2025-12-22T18:24:17.256881+00:00,f0d00c4983614291b938804a9df6b127
2025-10-02,13.5,13.5,ft^3/s,Approved,[],2025-12-22T18:24:17.256881+00:00,f0d00c4983614291b938804a9df6b127
2025-10-03,12.7,12.7,ft^3/s,Approved,[],2025-12-22T18:24:17.256881+00:00,f0d00c4983614291b938804a9df6b127
2025-10-04,12.7,12.7,ft^3/s,Approved,[],2025-12-22T18:24:17.256881+00:00,f0d00c4983614291b938804a9df6b127
2025-10-05,12.6,12.6,ft^3/s,Approved,[],2025-12-22T18:24:17.256881+00:00,f0d00c4983614291b938804a9df6b127
2025-10-06,12.7,12.7,ft^3/s,Approved,[],2025-12-22T18:24:17.256881+00:00,f0d00c4983614291b938804a9df6b127
2025-10-07,12.4,12.4,ft^3/s,Approved,[],2025-12-22T18:24:17.256881+00:00,f0d00c4983614291b938804a9df6b127
2025-10-08,12.2,12.2,ft^3/s,Approved,[],2025-12-22T18:24:17.256881+00:00,f0d00c4983614291b938804a9df6b127
2025-10-09,12.1,12.1,ft^3/s,Approved,[],2025-12-22T18:24:17.256881+00:00,f0d00c4983614291b938804a9df6b127
2025-10-10,12.1,12.1,ft^3/s,Approved,[],2025-12-22T18:24:17.256881+00:00,f0d00c4983614291b938804a9df6b127
2025-10-11,12.9,12.9,ft^3/s,Approved,[],2025-12-22T18:24:17.256881+00:00,f0d00c4983614291b938804a9df6b127
2025-10-12,12.8,12.8,ft^3/s,Approved,[],2025-12-22T18:24:17.256881+00:00,f0d00c4983614291b938804a9df6b127
2025-10-13,12.4,12.4,ft^3/s,Approved,[],2025-12-22T18:24:17.256881+00:00,f0d00c4983614291b938804a9df6b127
2025-10-14,11.5,11.5,ft^3/s,Approved,[],2025-12-22T18:24:17.256881+00:00,f0d00c4983614291b938804a9df6b127
2025-10-15,11.4,11.4,ft^3/s,Approved,[],2025-12-22T18:24:17.256881+00:00,f0d00c4983614291b938804a9df6b127
2025-10-16,11.8,11.8,ft^3/s,Approved,[],2025-12-22T18:24:17.256881+00:00,f0d00c4983614291b938804a9df6b127
2025-10-17,11.6,11.6,ft^3/s,Approved,[],2025-12-22T18:24:17.256881+00:00,f0d00c4983614291b938804a9df6b127
2025-10-18,11.6,11.6,ft^3/s,Approved,[],2025-12-22T18:24:17.256881+00:00,f0d00c4983614291b938804a9df6b127
2025-10-19,11.2,11.2,ft^3/s,Approved,[],2025-12-22T18:24:17.256881+00:00,f0d00c4983614291b938804a9df6b127
2025-10-20,11.0,11.0,ft^3/s,Approved,[],2025-12-22T18:24:17.256881+00:00,f0d00c4983614291b938804a9df6b127
2025-10-21,10.7,10.7,ft^3/s,Approved,[],2025-12-22T18:24:17.256881+00:00,f0d00c4983614291b938804a9df6b127
2025-10-22,10.6,10.6,ft^3/s,Approved,[],2025-12-22T18:24:17.256881+00:00,f0d00c4983614291b938804a9df6b127
2025-10-23,10.7,10.7,ft^3/s,Approved,[],2025-12-22T18:24:17.256881+00:00,f0d00c4983614291b938804a9df6b127
2025-10-24,10.8,10.8,ft^3/s,Approved,[],2025-12-22T18:24:17.256881+00:00,f0d00c4983614291b938804a9df6b127
2025-10-25,13.1,13.1,ft^3/s,Approved,[],2025-12-22T18:24:17.256881+00:00,f0d00c4983614291b938804a9df6b127
2025-10-26,13.9,13.9,ft^3/s,Approved,[],2025-12-22T18:24:17.256881+00:00,f0d00c4983614291b938804a9df6b127
2025-10-27,14.0,14.0,ft^3/s,Approved,[],2025-12-22T18:24:17.256881+00:00,f0d00c4983614291b938804a9df6b127
2025-10-28,13.7,13.7,ft^3/s,Approved,[],2025-12-22T18:24:17.256881+00:00,f0d00c4983614291b938804a9df6b127
2025-10-29,13.2,13.2,ft^3/s,Approved,[],2025-12-22T18:24:17.256881+00:00,f0d00c4983614291b938804a9df6b127
2025-10-30,13.7,13.7,ft^3/s,Approved,[],2025-12-22T18:24:17.256881+00:00,f0d00c4983614291b938804a9df6b127
2025-10-31,12.5,12.5,ft^3/s,Approved,[],2025-12-22T18:24:17.256881+00:00,f0d00c4983614291b938804a9df6b127
2025-11-01,11.7,11.7,ft^3/s,Approved,[],2025-12-22T18:24:17.256881+00:00,f0d00c4983614291b938804a9df6b127
2025-11-02,11.7,11.7,ft^3/s,Approved,[],2025-12-22T18:24:17.256881+00:00,f0d00c4983614291b938804a9df6b127
2025-11-03,10.6,10.6,ft^3/s,Approved,[],2025-12-22T18:24:17.256881+00:00,f0d00c4983614291b938804a9df6b127
2025-11-04,10.4,10.4,ft^3/s,Approved,[],2025-12-22T18:24:17.256881+00:00,f0d00c4983614291b938804a9df6b127
2025-11-05,10.1,10.1,ft^3/s,Approved,[],2025-12-22T18:24:17.256881+00:00,f0d00c4983614291b938804a9df6b127
2025-11-06,10.1,10.1,ft^3/s,Approved,[],2025-12-22T18:24:17.256881+00:00,f0d00c4983614291b938804a9df6b127
2025-11-07,10.4,10.4,ft^3/s,Approved,[],2025-12-22T18:24:17.256881+00:00,f0d00c4983614291b938804a9df6b127
2025-11-08,10.5,10.5,ft^3/s,Approved,[],2025-12-22T18:24:17.256881+00:00,f0d00c4983614291b938804a9df6b127
2025-11-09,10.8,10.8,ft^3/s,Approved,[],2025-12-22T18:24:17.256881+00:00,f0d00c4983614291b938804a9df6b127
2025-11-10,9.71,9.71,ft^3/s,Approved,"[""ESTIMATED""]",2025-12-22T18:24:17.256881+00:00,f0d00c4983614291b938804a9df6b127
2025-11-11,9.62,9.62,ft^3/s,Approved,"[""ESTIMATED""]",2025-12-22T18:24:17.256881+00:00,f0d00c4983614291b938804a9df6b127
2025-11-12,10.0,10.0,ft^3/s,Approved,[],2025-12-22T18:24:17.256881+00:00,f0d00c4983614291b938804a9df6b127
2025-11-13,10.4,10.4,ft^3/s,Approved,[],2025-12-22T18:24:17.256881+00:00,f0d00c4983614291b938804a9df6b127
2025-11-14,9.99,9.99,ft^3/s,Approved,"[""ESTIMATED""]",2025-12-22T18:24:17.256881+00:00,f0d00c4983614291b938804a9df6b127
2025-11-15,9.1,9.10,ft^3/s,Approved,"[""ESTIMATED""]",2025-12-22T18:24:17.256881+00:00,f0d00c4983614291b938804a9df6b127
2025-11-16,9.24,9.24,ft^3/s,Approved,"[""ESTIMATED""]",2025-12-22T18:24:17.256881+00:00,f0d00c4983614291b938804a9df6b127
2025-11-17,9.43,9.43,ft^3/s,Approved,"[""ESTIMATED""]",2025-12-22T18:24:17.256881+00:00,f0d00c4983614291b938804a9df6b127
2025-11-18,8.9,8.90,ft^3/s,Approved,"[""ESTIMATED""]",2025-12-22T18:24:17.256881+00:00,f0d00c4983614291b938804a9df6b127
2025-11-19,8.25,8.25,ft^3/s,Approved,"[""ESTIMATED""]",2025-12-22T18:24:17.256881+00:00,f0d00c4983614291b938804a9df6b127
2025-11-20,8.09,8.09,ft^3/s,Approved,"[""ESTIMATED""]",2025-12-22T18:24:17.256881+00:00,f0d00c4983614291b938804a9df6b127
2025-11-21,7.97,7.97,ft^3/s,Approved,"[""ESTIMATED""]",2025-12-22T18:24:17.256881+00:00,f0d00c4983614291b938804a9df6b127
2025-11-22,7.82,7.82,ft^3/s,Approved,[],2025-12-22T18:24:17.256881+00:00,f0d00c4983614291b938804a9df6b127
2025-11-23,8.31,8.31,ft^3/s,Approved,[],2025-12-22T18:24:17.256881+00:00,f0d00c4983614291b938804a9df6b127
2025-11-24,8.59,8.59,ft^3/s,Approved,[],2025-12-22T18:24:17.256881+00:00,f0d00c4983614291b938804a9df6b127
2025-11-25,7.98,7.98,ft^3/s,Approved,[],2026-02-27T15:48:14.697682+00:00,f0d00c4983614291b938804a9df6b127
2025-11-26,7.28,7.28,ft^3/s,Approved,[],2026-02-27T15:48:14.697682+00:00,f0d00c4983614291b938804a9df6b127
2025-11-27,6.83,6.83,ft^3/s,Approved,[],2026-02-27T15:48:14.697682+00:00,f0d00c4983614291b938804a9df6b127
2025-11-28,6.56,6.56,ft^3/s,Approved,[],2026-02-27T15:48:14.697682+00:00,f0d00c4983614291b938804a9df6b127
2025-11-29,6.74,6.74,ft^3/s,Approved,[],2026-02-27T15:48:14.697682+00:00,f0d00c4983614291b938804a9df6b127
2025-11-30,6.42,6.42,ft^3/s,Approved,[],2026-02-27T15:48:14.697682+00:00,f0d00c4983614291b938804a9df6b127
2025-12-01,6.25,6.25,ft^3/s,Approved,[],2026-02-27T15:48:14.697682+00:00,f0d00c4983614291b938804a9df6b127
2025-12-02,5.89,5.89,ft^3/s,Approved,[],2026-02-27T15:48:14.697682+00:00,f0d00c4983614291b938804a9df6b127
2025-12-03,5.63,5.63,ft^3/s,Approved,[],2026-02-27T15:48:14.697682+00:00,f0d00c4983614291b938804a9df6b127
2025-12-04,5.51,5.51,ft^3/s,Approved,[],2026-02-27T15:48:14.697682+00:00,f0d00c4983614291b938804a9df6b127
2025-12-05,5.23,5.23,ft^3/s,Approved,[],2026-02-27T15:48:14.697682+00:00,f0d00c4983614291b938804a9df6b127
2025-12-06,5.37,5.37,ft^3/s,Approved,[],2026-02-27T15:48:14.697682+00:00,f0d00c4983614291b938804a9df6b127
2025-12-07,5.4,5.40,ft^3/s,Approved,[],2026-02-27T15:48:14.697682+00:00,f0d00c4983614291b938804a9df6b127
2025-12-08,5.04,5.04,ft^3/s,Approved,[],2026-02-27T15:48:14.697682+00:00,f0d00c4983614291b938804a9df6b127
2025-12-09,5.11,5.11,ft^3/s,Approved,[],2026-02-27T15:48:14.697682+00:00,f0d00c4983614291b938804a9df6b127
2025-12-10,5.15,5.15,ft^3/s,Approved,[],2026-02-27T15:48:14.697682+00:00,f0d00c4983614291b938804a9df6b127
2025-12-11,4.88,4.88,ft^3/s,Approved,[],2026-02-27T15:48:14.697682+00:00,f0d00c4983614291b938804a9df6b127
2025-12-12,4.81,4.81,ft^3/s,Approved,[],2026-02-27T15:48:14.697682+00:00,f0d00c4983614291b938804a9df6b127
2025-12-13,4.8,4.80,ft^3/s,Approved,[],2026-02-27T15:48:14.697682+00:00,f0d00c4983614291b938804a9df6b127
2025-12-14,4.57,4.57,ft^3/s,Approved,[],2026-02-27T15:48:14.697682+00:00,f0d00c4983614291b938804a9df6b127
2025-12-15,4.51,4.51,ft^3/s,Approved,[],2026-02-27T15:48:14.697682+00:00,f0d00c4983614291b938804a9df6b127
2025-12-16,4.64,4.64,ft^3/s,Approved,[],2026-02-27T15:48:14.697682+00:00,f0d00c4983614291b938804a9df6b127
2025-12-17,5.15,5.15,ft^3/s,Approved,[],2026-02-27T15:48:14.697682+00:00,f0d00c4983614291b938804a9df6b127
2025-12-18,4.76,4.76,ft^3/s,Approved,[],2026-02-27T15:48:14.697682+00:00,f0d00c4983614291b938804a9df6b127
2025-12-19,4.11,4.11,ft^3/s,Approved,[],2026-02-27T15:48:14.697682+00:00,f0d00c4983614291b938804a9df6b127
2025-12-20,4.18,4.18,ft^3/s,Approved,[],2026-02-27T15:48:14.697682+00:00,f0d00c4983614291b938804a9df6b127
2025-12-21,4.16,4.16,ft^3/s,Approved,[],2026-02-27T15:48:14.697682+00:00,f0d00c4983614291b938804a9df6b127
2025-12-22,4.08,4.08,ft^3/s,Approved,[],2026-02-27T15:48:14.697682+00:00,f0d00c4983614291b938804a9df6b127
2025-12-23,4.04,4.04,ft^3/s,Approved,[],2026-02-27T15:48:14.697682+00:00,f0d00c4983614291b938804a9df6b127
2025-12-24,4.11,4.11,ft^3/s,Approved,[],2026-02-27T15:48:14.697682+00:00,f0d00c4983614291b938804a9df6b127
2025-12-25,4.07,4.07,ft^3/s,Approved,[],2026-02-27T15:48:14.697682+00:00,f0d00c4983614291b938804a9df6b127
2025-12-26,4.04,4.04,ft^3/s,Approved,[],2026-02-27T15:48:14.697682+00:00,f0d00c4983614291b938804a9df6b127
2025-12-27,4.21,4.21,ft^3/s,Approved,[],2026-02-27T15:48:14.697682+00:00,f0d00c4983614291b938804a9df6b127
2025-12-28,4.19,4.19,ft^3/s,Approved,[],2026-02-27T15:48:14.697682+00:00,f0d00c4983614291b938804a9df6b127
2025-12-29,3.8,3.80,ft^3/s,Approved,[],2026-02-27T15:48:14.697682+00:00,f0d00c4983614291b938804a9df6b127
2025-12-30,3.62,3.62,ft^3/s,Approved,[],2026-02-27T15:48:14.697682+00:00,f0d00c4983614291b938804a9df6b127
2025-12-31,3.63,3.63,ft^3/s,Approved,[],2026-02-27T15:48:14.697682+00:00,f0d00c4983614291b938804a9df6b127
2026-01-01,3.69,3.69,ft^3/s,Approved,[],2026-02-27T15:48:14.697682+00:00,f0d00c4983614291b938804a9df6b127
2026-01-02,3.79,3.79,ft^3/s,Approved,[],2026-02-27T15:48:14.697682+00:00,f0d00c4983614291b938804a9df6b127
2026-01-03,3.74,3.74,ft^3/s,Approved,[],2026-02-27T15:48:14.697682+00:00,f0d00c4983614291b938804a9df6b127
2026-01-04,3.4,3.40,ft^3/s,Approved,[],2026-02-27T15:48:14.697682+00:00,f0d00c4983614291b938804a9df6b127
2026-01-05,3.41,3.41,ft^3/s,Approved,[],2026-02-27T15:48:14.697682+00:00,f0d00c4983614291b938804a9df6b127
2026-01-06,3.51,3.51,ft^3/s,Approved,[],2026-02-27T15:48:14.697682+00:00,f0d00c4983614291b938804a9df6b127
2026-01-07,3.46,3.46,ft^3/s,Approved,[],2026-02-27T15:48:14.697682+00:00,f0d00c4983614291b938804a9df6b127
2026-01-08,3.49,3.49,ft^3/s,Approved,[],2026-02-27T15:48:14.697682+00:00,f0d00c4983614291b938804a9df6b127
2026-01-09,3.44,3.44,ft^3/s,Approved,[],2026-02-27T15:48:14.697682+00:00,f0d00c4983614291b938804a9df6b127
2026-01-10,3.21,3.21,ft^3/s,Approved,[],2026-02-27T15:48:14.697682+00:00,f0d00c4983614291b938804a9df6b127
2026-01-11,2.99,2.99,ft^3/s,Approved,[],2026-02-27T15:48:14.697682+00:00,f0d00c4983614291b938804a9df6b127
2026-01-12,2.82,2.82,ft^3/s,Approved,[],2026-02-27T16:19:28.631710+00:00,f0d00c4983614291b938804a9df6b127
2026-01-13,2.9,2.90,ft^3/s,Approved,[],2026-02-27T16:19:28.631710+00:00,f0d00c4983614291b938804a9df6b127
2026-01-14,2.91,2.91,ft^3/s,Approved,[],2026-02-27T16:19:28.631710+00:00,f0d00c4983614291b938804a9df6b127
2026-01-15,2.87,2.87,ft^3/s,Approved,[],2026-02-27T16:19:28.631710+00:00,f0d00c4983614291b938804a9df6b127
2026-01-16,2.95,2.95,ft^3/s,Approved,[],2026-02-27T16:19:28.631710+00:00,f0d00c4983614291b938804a9df6b127
2026-01-17,3.05,3.05,ft^3/s,Approved,[],2026-02-27T16:19:28.631710+00:00,f0d00c4983614291b938804a9df6b127
2026-01-18,2.94,2.94,ft^3/s,Approved,[],2026-02-27T16:19:28.631710+00:00,f0d00c4983614291b938804a9df6b127
2026-01-19,2.89,2.89,ft^3/s,Approved,[],2026-02-27T16:19:28.631710+00:00,f0d00c4983614291b938804a9df6b127
2026-01-20,2.96,2.96,ft^3/s,Approved,[],2026-02-27T16:19:28.631710+00:00,f0d00c4983614291b938804a9df6b127
2026-01-21,3.1,3.10,ft^3/s,Approved,[],2026-02-27T16:19:28.631710+00:00,f0d00c4983614291b938804a9df6b127
2026-01-22,2.96,2.96,ft^3/s,Approved,[],2026-02-27T16:19:28.631710+00:00,f0d00c4983614291b938804a9df6b127
2026-01-23,2.99,2.99,ft^3/s,Approved,[],2026-02-27T16:19:28.631710+00:00,f0d00c4983614291b938804a9df6b127
2026-01-24,4.3,4.30,ft^3/s,Approved,[],2026-02-27T16:19:28.631710+00:00,f0d00c4983614291b938804a9df6b127
2026-01-25,6.74,6.74,ft^3/s,Approved,[],2026-02-27T16:19:28.631710+00:00,f0d00c4983614291b938804a9df6b127
2026-01-26,8.42,8.42,ft^3/s,Approved,[],2026-02-27T16:19:28.631710+00:00,f0d00c4983614291b938804a9df6b127
2026-01-27,7.1,7.10,ft^3/s,Approved,[],2026-02-27T16:19:28.631710+00:00,f0d00c4983614291b938804a9df6b127
2026-01-28,6.84,6.84,ft^3/s,Approved,[],2026-02-27T16:19:28.631710+00:00,f0d00c4983614291b938804a9df6b127
2026-01-29,6.89,6.89,ft^3/s,Approved,[],2026-02-27T16:19:28.631710+00:00,f0d00c4983614291b938804a9df6b127
2026-01-30,6.31,6.31,ft^3/s,Approved,[],2026-02-27T16:19:28.631710+00:00,f0d00c4983614291b938804a9df6b127
2026-01-31,5.95,5.95,ft^3/s,Approved,[],2026-02-27T16:19:28.631710+00:00,f0d00c4983614291b938804a9df6b127
2026-02-01,5.8,5.80,ft^3/s,Approved,[],2026-02-27T16:19:28.631710+00:00,f0d00c4983614291b938804a9df6b127
2026-02-02,5.85,5.85,ft^3/s,Approved,[],2026-02-27T16:19:28.631710+00:00,f0d00c4983614291b938804a9df6b127
2026-02-03,6.32,6.32,ft^3/s,Approved,[],2026-02-27T16:19:28.631710+00:00,f0d00c4983614291b938804a9df6b127
2026-02-04,6.05,6.05,ft^3/s,Approved,[],2026-02-27T16:19:28.631710+00:00,f0d00c4983614291b938804a9df6b127
2026-02-05,5.74,5.74,ft^3/s,Approved,[],2026-02-27T16:19:28.631710+00:00,f0d00c4983614291b938804a9df6b127
2026-02-06,5.99,5.99,ft^3/s,Approved,[],2026-02-27T16:19:28.631710+00:00,f0d00c4983614291b938804a9df6b127
2026-02-07,5.79,5.79,ft^3/s,Approved,[],2026-02-27T16:19:28.631710+00:00,f0d00c4983614291b938804a9df6b127
2026-02-08,5.35,5.35,ft^3/s,Approved,[],2026-02-27T16:19:28.631710+00:00,f0d00c4983614291b938804a9df6b127
2026-02-09,5.56,5.56,ft^3/s,Approved,[],2026-02-27T16:19:28.631710+00:00,f0d00c4983614291b938804a9df6b127
2026-02-10,5.92,5.92,ft^3/s,Approved,[],2026-02-27T16:19:28.631710+00:00,f0d00c4983614291b938804a9df6b127
2026-02-11,5.36,5.36,ft^3/s,Approved,[],2026-07-13T13:42:13.923836+00:00,f0d00c4983614291b938804a9df6b127
2026-02-12,5.17,5.17,ft^3/s,Approved,[],2026-07-13T13:42:13.923836+00:00,f0d00c4983614291b938804a9df6b127
2026-02-13,5.58,5.58,ft^3/s,Approved,[],2026-07-13T13:42:13.923836+00:00,f0d00c4983614291b938804a9df6b127
2026-02-14,5.54,5.54,ft^3/s,Approved,[],2026-07-13T13:42:13.923836+00:00,f0d00c4983614291b938804a9df6b127
2026-02-15,6.35,6.35,ft^3/s,Approved,[],2026-07-13T13:42:13.923836+00:00,f0d00c4983614291b938804a9df6b127
2026-02-16,6.03,6.03,ft^3/s,Approved,[],2026-07-13T13:42:13.923836+00:00,f0d00c4983614291b938804a9df6b127
2026-02-17,6.26,6.26,ft^3/s,Approved,[],2026-07-13T13:42:13.923836+00:00,f0d00c4983614291b938804a9df6b127
2026-02-18,6.45,6.45,ft^3/s,Approved,[],2026-07-13T13:42:13.923836+00:00,f0d00c4983614291b938804a9df6b127
2026-02-19,6.67,6.67,ft^3/s,Approved,[],2026-07-13T13:42:13.923836+00:00,f0d00c4983614291b938804a9df6b127
2026-02-20,6.66,6.66,ft^3/s,Approved,[],2026-07-13T13:42:13.923836+00:00,f0d00c4983614291b938804a9df6b127
2026-02-21,6.44,6.44,ft^3/s,Approved,[],2026-07-13T13:42:13.923836+00:00,f0d00c4983614291b938804a9df6b127
2026-02-22,6.13,6.13,ft^3/s,Approved,[],2026-07-13T13:42:13.923836+00:00,f0d00c4983614291b938804a9df6b127
2026-02-23,6.2,6.20,ft^3/s,Approved,[],2026-07-13T13:42:13.923836+00:00,f0d00c4983614291b938804a9df6b127
2026-02-24,6.49,6.49,ft^3/s,Approved,[],2026-07-13T13:42:13.923836+00:00,f0d00c4983614291b938804a9df6b127
2026-02-25,6.86,6.86,ft^3/s,Approved,[],2026-07-13T13:42:13.923836+00:00,f0d00c4983614291b938804a9df6b127
2026-02-26,6.83,6.83,ft^3/s,Approved,[],2026-07-13T13:42:13.923836+00:00,f0d00c4983614291b938804a9df6b127
2026-02-27,6.82,6.82,ft^3/s,Approved,[],2026-07-13T13:42:13.923836+00:00,f0d00c4983614291b938804a9df6b127
2026-02-28,6.81,6.81,ft^3/s,Approved,[],2026-07-13T13:42:13.923836+00:00,f0d00c4983614291b938804a9df6b127
2026-03-01,6.98,6.98,ft^3/s,Approved,[],2026-07-13T13:42:13.923836+00:00,f0d00c4983614291b938804a9df6b127
2026-03-02,6.98,6.98,ft^3/s,Approved,[],2026-07-13T13:42:13.923836+00:00,f0d00c4983614291b938804a9df6b127
2026-03-03,7.2,7.20,ft^3/s,Approved,[],2026-07-13T13:42:13.923836+00:00,f0d00c4983614291b938804a9df6b127
2026-03-04,7.38,7.38,ft^3/s,Approved,[],2026-07-13T13:42:13.923836+00:00,f0d00c4983614291b938804a9df6b127
2026-03-05,7.31,7.31,ft^3/s,Approved,[],2026-07-13T13:42:13.923836+00:00,f0d00c4983614291b938804a9df6b127
2026-03-06,7.41,7.41,ft^3/s,Approved,[],2026-07-13T13:42:13.923836+00:00,f0d00c4983614291b938804a9df6b127
2026-03-07,7.39,7.39,ft^3/s,Approved,[],2026-07-13T13:42:13.923836+00:00,f0d00c4983614291b938804a9df6b127
2026-03-08,7.52,7.52,ft^3/s,Approved,[],2026-07-13T13:42:13.923836+00:00,f0d00c4983614291b938804a9df6b127
2026-03-09,7.85,7.85,ft^3/s,Approved,[],2026-07-13T14:03:16.567349+00:00,f0d00c4983614291b938804a9df6b127
2026-03-10,8.13,8.13,ft^3/s,Approved,[],2026-07-13T14:03:16.567349+00:00,f0d00c4983614291b938804a9df6b127
2026-03-11,9.06,9.06,ft^3/s,Approved,[],2026-07-13T14:03:16.567349+00:00,f0d00c4983614291b938804a9df6b127
2026-03-12,9.17,9.17,ft^3/s,Approved,[],2026-07-13T14:03:16.567349+00:00,f0d00c4983614291b938804a9df6b127
2026-03-13,9.05,9.05,ft^3/s,Approved,[],2026-07-13T14:03:16.567349+00:00,f0d00c4983614291b938804a9df6b127
2026-03-14,9.43,9.43,ft^3/s,Approved,[],2026-07-13T14:03:16.567349+00:00,f0d00c4983614291b938804a9df6b127
2026-03-15,9.38,9.38,ft^3/s,Approved,[],2026-07-13T14:03:16.567349+00:00,f0d00c4983614291b938804a9df6b127
2026-03-16,8.91,8.91,ft^3/s,Approved,[],2026-07-13T14:03:16.567349+00:00,f0d00c4983614291b938804a9df6b127
2026-03-17,8.6,8.60,ft^3/s,Approved,[],2026-07-13T14:03:16.567349+00:00,f0d00c4983614291b938804a9df6b127
2026-03-18,8.65,8.65,ft^3/s,Approved,[],2026-07-13T14:03:16.567349+00:00,f0d00c4983614291b938804a9df6b127
2026-03-19,9.14,9.14,ft^3/s,Approved,[],2026-07-13T14:03:16.567349+00:00,f0d00c4983614291b938804a9df6b127
2026-03-20,8.85,8.85,ft^3/s,Approved,[],2026-07-13T14:03:16.567349+00:00,f0d00c4983614291b938804a9df6b127
2026-03-21,9.06,9.06,ft^3/s,Approved,[],2026-07-13T14:03:16.567349+00:00,f0d00c4983614291b938804a9df6b127
2026-03-22,9.17,9.17,ft^3/s,Approved,[],2026-07-13T14:03:16.567349+00:00,f0d00c4983614291b938804a9df6b127
2026-03-23,9.29,9.29,ft^3/s,Approved,[],2026-07-13T14:03:16.567349+00:00,f0d00c4983614291b938804a9df6b127
2026-03-24,9.7,9.70,ft^3/s,Approved,[],2026-07-13T14:03:16.567349+00:00,f0d00c4983614291b938804a9df6b127
2026-03-25,10.1,10.1,ft^3/s,Approved,[],2026-07-13T14:03:16.567349+00:00,f0d00c4983614291b938804a9df6b127
2026-03-26,10.9,10.9,ft^3/s,Approved,[],2026-07-13T14:03:16.567349+00:00,f0d00c4983614291b938804a9df6b127
2026-03-27,11.0,11.0,ft^3/s,Approved,[],2026-07-13T14:03:16.567349+00:00,f0d00c4983614291b938804a9df6b127
2026-03-28,11.0,11.0,ft^3/s,Approved,[],2026-07-13T14:03:16.567349+00:00,f0d00c4983614291b938804a9df6b127
2026-03-29,11.0,11.0,ft^3/s,Approved,[],2026-07-13T14:03:16.567349+00:00,f0d00c4983614291b938804a9df6b127
2026-03-30,11.4,11.4,ft^3/s,Approved,[],2026-07-13T14:03:16.567349+00:00,f0d00c4983614291b938804a9df6b127
2026-03-31,11.6,11.6,ft^3/s,Approved,[],2026-07-13T14:03:16.567349+00:00,f0d00c4983614291b938804a9df6b127
2026-04-01,12.0,12.0,ft^3/s,Approved,[],2026-07-13T14:03:16.567349+00:00,f0d00c4983614291b938804a9df6b127
2026-04-02,12.5,12.5,ft^3/s,Approved,[],2026-07-13T14:03:16.567349+00:00,f0d00c4983614291b938804a9df6b127
2026-04-03,13.2,13.2,ft^3/s,Approved,[],2026-07-13T14:03:16.567349+00:00,f0d00c4983614291b938804a9df6b127
2026-04-04,14.8,14.8,ft^3/s,Approved,[],2026-07-13T14:03:16.567349+00:00,f0d00c4983614291b938804a9df6b127
2026-04-05,18.9,18.9,ft^3/s,Approved,[],2026-07-13T14:03:16.567349+00:00,f0d00c4983614291b938804a9df6b127
2026-04-06,12.1,12.1,ft^3/s,Approved,[],2026-07-13T14:03:16.567349+00:00,f0d00c4983614291b938804a9df6b127
2026-04-07,11.0,11.0,ft^3/s,Approved,[],2026-07-13T14:03:16.567349+00:00,f0d00c4983614291b938804a9df6b127
2026-04-08,10.9,10.9,ft^3/s,Approved,[],2026-07-13T14:03:16.567349+00:00,f0d00c4983614291b938804a9df6b127
2026-04-09,10.4,10.4,ft^3/s,Approved,[],2026-07-13T14:03:16.567349+00:00,f0d00c4983614291b938804a9df6b127
2026-04-10,9.79,9.79,ft^3/s,Approved,[],2026-07-13T14:03:16.567349+00:00,f0d00c4983614291b938804a9df6b127
2026-04-11,9.25,9.25,ft^3/s,Approved,[],2026-07-13T14:03:16.567349+00:00,f0d00c4983614291b938804a9df6b127
2026-04-12,9.85,9.85,ft^3/s,Approved,[],2026-07-13T14:03:16.567349+00:00,f0d00c4983614291b938804a9df6b127
2026-04-13,11.2,11.2,ft^3/s,Approved,[],2026-07-13T14:03:16.567349+00:00,f0d00c4983614291b938804a9df6b127
2026-04-14,10.1,10.1,ft^3/s,Approved,[],2026-07-13T14:32:14.701822+00:00,f0d00c4983614291b938804a9df6b127
2026-04-15,8.75,8.75,ft^3/s,Approved,[],2026-07-13T14:32:14.701822+00:00,f0d00c4983614291b938804a9df6b127
2026-04-16,8.58,8.58,ft^3/s,Approved,[],2026-07-13T14:32:14.701822+00:00,f0d00c4983614291b938804a9df6b127
2026-04-17,8.01,8.01,ft^3/s,Approved,[],2026-07-13T14:32:14.701822+00:00,f0d00c4983614291b938804a9df6b127
2026-04-18,7.75,7.75,ft^3/s,Approved,[],2026-07-13T14:32:14.701822+00:00,f0d00c4983614291b938804a9df6b127
2026-04-19,14.6,14.6,ft^3/s,Approved,[],2026-07-13T14:32:14.701822+00:00,f0d00c4983614291b938804a9df6b127
2026-04-20,41.2,41.2,ft^3/s,Approved,[],2026-07-13T14:32:14.701822+00:00,f0d00c4983614291b938804a9df6b127
2026-04-21,113.0,113,ft^3/s,Approved,[],2026-07-13T14:32:14.701822+00:00,f0d00c4983614291b938804a9df6b127
2026-04-22,144.0,144,ft^3/s,Approved,[],2026-07-13T14:32:14.701822+00:00,f0d00c4983614291b938804a9df6b127
2026-04-23,120.0,120,ft^3/s,Approved,[],2026-07-13T14:32:14.701822+00:00,f0d00c4983614291b938804a9df6b127
2026-04-24,82.8,82.8,ft^3/s,Approved,[],2026-07-13T14:32:14.701822+00:00,f0d00c4983614291b938804a9df6b127
2026-04-25,88.1,88.1,ft^3/s,Approved,[],2026-07-13T14:32:14.701822+00:00,f0d00c4983614291b938804a9df6b127
2026-04-26,81.8,81.8,ft^3/s,Approved,[],2026-07-13T14:32:14.701822+00:00,f0d00c4983614291b938804a9df6b127
2026-04-27,64.7,64.7,ft^3/s,Approved,[],2026-07-13T14:32:14.701822+00:00,f0d00c4983614291b938804a9df6b127
2026-04-28,53.3,53.3,ft^3/s,Approved,[],2026-07-13T14:32:14.701822+00:00,f0d00c4983614291b938804a9df6b127
2026-04-29,46.1,46.1,ft^3/s,Approved,[],2026-07-13T14:32:14.701822+00:00,f0d00c4983614291b938804a9df6b127
2026-04-30,40.4,40.4,ft^3/s,Approved,[],2026-07-13T14:32:14.701822+00:00,f0d00c4983614291b938804a9df6b127
2026-05-01,47.1,47.1,ft^3/s,Approved,[],2026-07-13T14:32:14.701822+00:00,f0d00c4983614291b938804a9df6b127
2026-05-02,78.4,78.4,ft^3/s,Approved,[],2026-07-13T14:32:14.701822+00:00,f0d00c4983614291b938804a9df6b127
2026-05-03,76.0,76.0,ft^3/s,Approved,[],2026-07-13T14:32:14.701822+00:00,f0d00c4983614291b938804a9df6b127
2026-05-04,73.1,73.1,ft^3/s,Approved,[],2026-07-13T14:32:14.701822+00:00,f0d00c4983614291b938804a9df6b127
2026-05-05,62.5,62.5,ft^3/s,Approved,[],2026-07-13T14:32:14.701822+00:00,f0d00c4983614291b938804a9df6b127
2026-05-06,56.6,56.6,ft^3/s,Approved,[],2026-07-13T14:32:14.701822+00:00,f0d00c4983614291b938804a9df6b127
2026-05-07,48.0,48.0,ft^3/s,Approved,[],2026-07-13T14:32:14.701822+00:00,f0d00c4983614291b938804a9df6b127
2026-05-08,40.5,40.5,ft^3/s,Approved,[],2026-07-13T14:32:14.701822+00:00,f0d00c4983614291b938804a9df6b127
2026-05-09,36.4,36.4,ft^3/s,Approved,[],2026-07-13T14:32:14.701822+00:00,f0d00c4983614291b938804a9df6b127
2026-05-10,37.9,37.9,ft^3/s,Approved,[],2026-07-13T14:32:14.701822+00:00,f0d00c4983614291b938804a9df6b127
2026-05-11,38.9,38.9,ft^3/s,Approved,[],2026-07-13T14:32:14.701822+00:00,f0d00c4983614291b938804a9df6b127
2026-05-12,36.7,36.7,ft^3/s,Approved,[],2026-07-13T14:32:14.701822+00:00,f0d00c4983614291b938804a9df6b127
2026-05-13,32.4,32.4,ft^3/s,Approved,[],2026-07-13T14:32:14.701822+00:00,f0d00c4983614291b938804a9df6b127
2026-05-14,29.8,29.8,ft^3/s,Approved,[],2026-07-13T14:32:14.701822+00:00,f0d00c4983614291b938804a9df6b127
2026-05-15,28.4,28.4,ft^3/s,Approved,[],2026-07-13T14:32:14.701822+00:00,f0d00c4983614291b938804a9df6b127
2026-05-16,27.8,27.8,ft^3/s,Approved,[],2026-07-13T14:32:14.701822+00:00,f0d00c4983614291b938804a9df6b127
2026-05-17,27.6,27.6,ft^3/s,Approved,[],2026-07-13T14:32:14.701822+00:00,f0d00c4983614291b938804a9df6b127
2026-05-18,20.9,20.9,ft^3/s,Approved,[],2026-07-13T15:22:15.355320+00:00,f0d00c4983614291b938804a9df6b127
2026-05-19,19.1,19.1,ft^3/s,Approved,[],2026-07-13T15:22:15.355320+00:00,f0d00c4983614291b938804a9df6b127
2026-05-20,29.7,29.7,ft^3/s,Approved,[],2026-07-13T15:22:15.355320+00:00,f0d00c4983614291b938804a9df6b127
2026-05-21,38.2,38.2,ft^3/s,Approved,[],2026-07-13T15:22:15.355320+00:00,f0d00c4983614291b938804a9df6b127
2026-05-22,38.7,38.7,ft^3/s,Approved,[],2026-07-13T15:22:15.355320+00:00,f0d00c4983614291b938804a9df6b127
2026-05-23,37.4,37.4,ft^3/s,Approved,[],2026-07-13T15:22:15.355320+00:00,f0d00c4983614291b938804a9df6b127
2026-05-24,36.7,36.7,ft^3/s,Approved,[],2026-07-13T15:22:15.355320+00:00,f0d00c4983614291b938804a9df6b127
2026-05-25,34.8,34.8,ft^3/s,Approved,[],2026-07-13T15:22:15.355320+00:00,f0d00c4983614291b938804a9df6b127
2026-05-26,33.1,33.1,ft^3/s,Approved,[],2026-07-13T15:22:15.355320+00:00,f0d00c4983614291b938804a9df6b127
2026-05-27,38.6,38.6,ft^3/s,Approved,[],2026-07-13T15:22:15.355320+00:00,f0d00c4983614291b938804a9df6b127
2026-05-28,41.1,41.1,ft^3/s,Approved,[],2026-07-13T15:22:15.355320+00:00,f0d00c4983614291b938804a9df6b127
2026-05-29,37.7,37.7,ft^3/s,Approved,[],2026-07-13T15:22:15.355320+00:00,f0d00c4983614291b938804a9df6b127
2026-05-30,35.0,35.0,ft^3/s,Approved,[],2026-07-13T15:22:15.355320+00:00,f0d00c4983614291b938804a9df6b127
2026-05-31,35.0,35.0,ft^3/s,Approved,[],2026-07-13T15:22:15.355320+00:00,f0d00c4983614291b938804a9df6b127
2026-06-01,30.4,30.4,ft^3/s,Approved,[],2026-07-13T15:22:15.355320+00:00,f0d00c4983614291b938804a9df6b127
2026-06-02,28.2,28.2,ft^3/s,Approved,[],2026-07-13T15:22:15.355320+00:00,f0d00c4983614291b938804a9df6b127
2026-06-03,26.8,26.8,ft^3/s,Approved,[],2026-07-13T15:22:15.355320+00:00,f0d00c4983614291b938804a9df6b127
2026-06-04,26.2,26.2,ft^3/s,Approved,[],2026-07-13T15:22:15.355320+00:00,f0d00c4983614291b938804a9df6b127
2026-06-05,25.8,25.8,ft^3/s,Approved,[],2026-07-13T15:22:15.355320+00:00,f0d00c4983614291b938804a9df6b127
2026-06-06,29.0,29.0,ft^3/s,Approved,[],2026-07-13T15:22:15.355320+00:00,f0d00c4983614291b938804a9df6b127
2026-06-07,29.2,29.2,ft^3/s,Approved,[],2026-07-13T15:22:15.355320+00:00,f0d00c4983614291b938804a9df6b127
2026-06-08,27.6,27.6,ft^3/s,Approved,[],2026-07-13T15:22:15.355320+00:00,f0d00c4983614291b938804a9df6b127
2026-06-09,24.9,24.9,ft^3/s,Approved,[],2026-07-13T15:22:15.355320+00:00,f0d00c4983614291b938804a9df6b127
2026-06-10,23.4,23.4,ft^3/s,Approved,[],2026-07-13T15:22:15.355320+00:00,f0d00c4983614291b938804a9df6b127
2026-06-11,22.1,22.1,ft^3/s,Approved,[],2026-07-13T15:22:15.355320+00:00,f0d00c4983614291b938804a9df6b127
2026-06-12,21.2,21.2,ft^3/s,Approved,[],2026-07-13T15:22:15.355320+00:00,f0d00c4983614291b938804a9df6b127
2026-06-13,21.0,21.0,ft^3/s,Approved,[],2026-07-13T15:22:15.355320+00:00,f0d00c4983614291b938804a9df6b127
2026-06-14,19.2,19.2,ft^3/s,Approved,[],2026-07-13T15:22:15.355320+00:00,f0d00c4983614291b938804a9df6b127
2026-06-15,49.2,49.2,ft^3/s,Approved,[],2026-07-13T15:22:15.355320+00:00,f0d00c4983614291b938804a9df6b127
2026-06-16,83.1,83.1,ft^3/s,Approved,[],2026-07-13T15:22:15.355320+00:00,f0d00c4983614291b938804a9df6b127
2026-06-17,83.8,83.8,ft^3/s,Approved,[],2026-07-13T15:22:15.355320+00:00,f0d00c4983614291b938804a9df6b127
2026-06-18,74.9,74.9,ft^3/s,Provisional,[],2026-07-20T19:00:16.822491+00:00,f0d00c4983614291b938804a9df6b127
2026-06-19,66.7,66.7,ft^3/s,Provisional,[],2026-07-20T19:00:16.822491+00:00,f0d00c4983614291b938804a9df6b127
2026-06-20,63.8,63.8,ft^3/s,Provisional,[],2026-07-20T19:00:16.822491+00:00,f0d00c4983614291b938804a9df6b127
2026-06-21,72.2,72.2,ft^3/s,Provisional,[],2026-07-20T19:00:16.822491+00:00,f0d00c4983614291b938804a9df6b127
2026-06-22,72.6,72.6,ft^3/s,Provisional,[],2026-07-20T19:00:16.822491+00:00,f0d00c4983614291b938804a9df6b127
2026-06-23,67.3,67.3,ft^3/s,Provisional,[],2026-07-20T19:00:16.822491+00:00,f0d00c4983614291b938804a9df6b127
2026-06-24,71.2,71.2,ft^3/s,Provisional,[],2026-07-20T19:00:16.822491+00:00,f0d00c4983614291b938804a9df6b127
2026-06-25,74.3,74.3,ft^3/s,Provisional,[],2026-07-20T19:00:16.822491+00:00,f0d00c4983614291b938804a9df6b127
2026-06-26,73.5,73.5,ft^3/s,Provisional,[],2026-07-20T19:00:16.822491+00:00,f0d00c4983614291b938804a9df6b127
2026-06-27,70.2,70.2,ft^3/s,Provisional,[],2026-07-20T19:00:16.822491+00:00,f0d00c4983614291b938804a9df6b127
2026-06-28,67.1,67.1,ft^3/s,Provisional,[],2026-07-20T19:00:16.822491+00:00,f0d00c4983614291b938804a9df6b127
2026-06-29,60.2,60.2,ft^3/s,Provisional,[],2026-07-20T19:00:16.822491+00:00,f0d00c4983614291b938804a9df6b127
2026-06-30,52.0,52.0,ft^3/s,Provisional,[],2026-07-20T19:00:16.822491+00:00,f0d00c4983614291b938804a9df6b127
2026-07-01,49.9,49.9,ft^3/s,Provisional,[],2026-07-20T19:00:16.822491+00:00,f0d00c4983614291b938804a9df6b127
2026-07-02,47.4,47.4,ft^3/s,Provisional,[],2026-07-20T19:00:16.822491+00:00,f0d00c4983614291b938804a9df6b127
2026-07-03,43.6,43.6,ft^3/s,Provisional,[],2026-07-20T19:00:16.822491+00:00,f0d00c4983614291b938804a9df6b127
2026-07-04,39.2,39.2,ft^3/s,Provisional,[],2026-07-20T19:00:16.822491+00:00,f0d00c4983614291b938804a9df6b127
2026-07-05,35.3,35.3,ft^3/s,Provisional,[],2026-07-20T19:00:16.822491+00:00,f0d00c4983614291b938804a9df6b127
2026-07-06,32.5,32.5,ft^3/s,Provisional,[],2026-07-20T19:00:16.822491+00:00,f0d00c4983614291b938804a9df6b127
2026-07-07,29.1,29.1,ft^3/s,Provisional,[],2026-07-20T19:00:16.822491+00:00,f0d00c4983614291b938804a9df6b127
2026-07-08,27.7,27.7,ft^3/s,Provisional,[],2026-07-20T19:00:16.822491+00:00,f0d00c4983614291b938804a9df6b127
2026-07-09,27.3,27.3,ft^3/s,Provisional,[],2026-07-20T19:00:16.822491+00:00,f0d00c4983614291b938804a9df6b127
2026-07-10,26.3,26.3,ft^3/s,Provisional,[],2026-07-20T19:00:16.822491+00:00,f0d00c4983614291b938804a9df6b127
2026-07-11,27.6,27.6,ft^3/s,Provisional,[],2026-07-20T19:00:16.822491+00:00,f0d00c4983614291b938804a9df6b127
2026-07-12,28.6,28.6,ft^3/s,Provisional,[],2026-07-20T19:00:16.822491+00:00,f0d00c4983614291b938804a9df6b127
2026-07-13,29.9,29.9,ft^3/s,Provisional,[],2026-09-11T17:51:10.218240+00:00,f0d00c4983614291b938804a9df6b127
2026-07-14,99.6,99.6,ft^3/s,Provisional,[],2026-09-11T17:51:10.218240+00:00,f0d00c4983614291b938804a9df6b127
2026-07-15,143.0,143,ft^3/s,Provisional,[],2026-09-11T17:51:10.218240+00:00,f0d00c4983614291b938804a9df6b127
2026-07-16,159.0,159,ft^3/s,Provisional,[],2026-09-11T17:51:10.218240+00:00,f0d00c4983614291b938804a9df6b127
2026-07-17,125.0,125,ft^3/s,Provisional,[],2026-09-11T17:51:10.218240+00:00,f0d00c4983614291b938804a9df6b127
2026-07-18,111.0,111,ft^3/s,Provisional,[],2026-09-11T17:51:10.218240+00:00,f0d00c4983614291b938804a9df6b127
2026-07-19,105.0,105,ft^3/s,Provisional,[],2026-09-11T17:51:10.218240+00:00,f0d00c4983614291b938804a9df6b127
2026-07-20,94.6,94.6,ft^3/s,Provisional,[],2026-09-11T17:51:10.218240+00:00,f0d00c4983614291b938804a9df6b127
2026-07-21,87.8,87.8,ft^3/s,Provisional,[],2026-09-11T17:51:10.218240+00:00,f0d00c4983614291b938804a9df6b127
2026-07-22,85.7,85.7,ft^3/s,Provisional,[],2026-09-11T17:51:10.218240+00:00,f0d00c4983614291b938804a9df6b127
2026-07-23,86.1,86.1,ft^3/s,Provisional,[],2026-09-11T17:51:10.218240+00:00,f0d00c4983614291b938804a9df6b127
2026-07-24,87.0,87.0,ft^3/s,Provisional,[],2026-09-11T17:51:10.218240+00:00,f0d00c4983614291b938804a9df6b127
2026-07-25,84.8,84.8,ft^3/s,Provisional,[],2026-09-11T17:51:10.218240+00:00,f0d00c4983614291b938804a9df6b127
2026-07-26,81.9,81.9,ft^3/s,Provisional,[],2026-09-11T17:51:10.218240+00:00,f0d00c4983614291b938804a9df6b127
2026-07-27,82.7,82.7,ft^3/s,Provisional,[],2026-09-11T17:51:10.218240+00:00,f0d00c4983614291b938804a9df6b127
2026-07-28,83.2,83.2,ft^3/s,Provisional,[],2026-09-11T17:51:10.218240+00:00,f0d00c4983614291b938804a9df6b127
2026-07-29,83.5,83.5,ft^3/s,Provisional,[],2026-09-11T17:51:10.218240+00:00,f0d00c4983614291b938804a9df6b127
2026-07-30,81.7,81.7,ft^3/s,Provisional,[],2026-09-11T17:51:10.218240+00:00,f0d00c4983614291b938804a9df6b127
2026-07-31,79.3,79.3,ft^3/s,Provisional,[],2026-09-11T17:51:10.218240+00:00,f0d00c4983614291b938804a9df6b127
2026-08-01,77.5,77.5,ft^3/s,Provisional,[],2026-09-11T17:51:10.218240+00:00,f0d00c4983614291b938804a9df6b127
2026-08-02,78.7,78.7,ft^3/s,Provisional,[],2026-09-11T17:51:10.218240+00:00,f0d00c4983614291b938804a9df6b127
2026-08-03,76.8,76.8,ft^3/s,Provisional,[],2026-09-11T17:51:10.218240+00:00,f0d00c4983614291b938804a9df6b127
2026-08-04,77.1,77.1,ft^3/s,Provisional,[],2026-09-11T17:51:10.218240+00:00,f0d00c4983614291b938804a9df6b127
2026-08-05,70.2,70.2,ft^3/s,Provisional,[],2026-09-11T17:51:10.218240+00:00,f0d00c4983614291b938804a9df6b127
2026-08-06,65.5,65.5,ft^3/s,Provisional,[],2026-09-11T17:51:10.218240+00:00,f0d00c4983614291b938804a9df6b127
2026-08-07,64.0,64.0,ft^3/s,Provisional,[],2026-09-11T17:51:10.218240+00:00,f0d00c4983614291b938804a9df6b127
2026-08-08,66.5,66.5,ft^3/s,Provisional,[],2026-09-11T17:51:10.218240+00:00,f0d00c4983614291b938804a9df6b127
2026-08-09,65.5,65.5,ft^3/s,Provisional,[],2026-09-11T17:51:10.218240+00:00,f0d00c4983614291b938804a9df6b127
2026-08-10,68.3,68.3,ft^3/s,Provisional,[],2026-09-11T17:51:10.218240+00:00,f0d00c4983614291b938804a9df6b127
2026-08-11,68.1,68.1,ft^3/s,Provisional,[],2026-09-11T17:51:10.218240+00:00,f0d00c4983614291b938804a9df6b127
2026-08-12,66.3,66.3,ft^3/s,Provisional,[],2026-09-11T17:51:10.218240+00:00,f0d00c4983614291b938804a9df6b127
2026-08-13,65.4,65.4,ft^3/s,Provisional,[],2026-09-11T17:51:10.218240+00:00,f0d00c4983614291b938804a9df6b127
2026-08-14,62.7,62.7,ft^3/s,Provisional,[],2026-09-11T17:51:10.218240+00:00,f0d00c4983614291b938804a9df6b127
2026-08-15,59.4,59.4,ft^3/s,Provisional,[],2026-09-11T17:51:10.218240+00:00,f0d00c4983614291b938804a9df6b127
2026-08-16,57.4,57.4,ft^3/s,Provisional,[],2026-09-11T17:51:10.218240+00:00,f0d00c4983614291b938804a9df6b127
2026-08-17,54.2,54.2,ft^3/s,Provisional,[],2026-09-11T17:51:10.218240+00:00,f0d00c4983614291b938804a9df6b127
2026-08-18,53.2,53.2,ft^3/s,Provisional,[],2026-09-11T17:51:10.218240+00:00,f0d00c4983614291b938804a9df6b127
2026-08-19,51.6,51.6,ft^3/s,Provisional,[],2026-09-11T17:51:10.218240+00:00,f0d00c4983614291b938804a9df6b127
2026-08-20,50.8,50.8,ft^3/s,Provisional,[],2026-09-11T17:51:10.218240+00:00,f0d00c4983614291b938804a9df6b127
2026-08-21,50.9,50.9,ft^3/s,Provisional,[],2026-09-11T17:51:10.218240+00:00,f0d00c4983614291b938804a9df6b127
2026-08-22,48.4,48.4,ft^3/s,Provisional,[],2026-09-11T17:51:10.218240+00:00,f0d00c4983614291b938804a9df6b127
2026-08-23,47.0,47.0,ft^3/s,Provisional,[],2026-09-11T17:51:10.218240+00:00,f0d00c4983614291b938804a9df6b127
2026-08-24,46.4,46.4,ft^3/s,Provisional,[],2026-09-11T17:51:10.218240+00:00,f0d00c4983614291b938804a9df6b127
2026-08-25,45.3,45.3,ft^3/s,Provisional,[],2026-09-11T17:51:10.218240+00:00,f0d00c4983614291b938804a9df6b127
2026-08-26,43.5,43.5,ft^3/s,Provisional,[],2026-09-11T17:51:10.218240+00:00,f0d00c4983614291b938804a9df6b127
2026-08-27,41.5,41.5,ft^3/s,Provisional,[],2026-09-11T17:51:10.218240+00:00,f0d00c4983614291b938804a9df6b127
2026-08-28,40.1,40.1,ft^3/s,Provisional,[],2026-09-11T17:51:10.218240+00:00,f0d00c4983614291b938804a9df6b127
2026-08-29,41.1,41.1,ft^3/s,Provisional,[],2026-09-11T17:51:10.218240+00:00,f0d00c4983614291b938804a9df6b127
2026-08-30,38.3,38.3,ft^3/s,Provisional,[],2026-09-11T17:51:10.218240+00:00,f0d00c4983614291b938804a9df6b127
2026-08-31,36.8,36.8,ft^3/s,Provisional,[],2026-09-11T17:51:10.218240+00:00,f0d00c4983614291b938804a9df6b127
2026-09-01,34.6,34.6,ft^3/s,Provisional,[],2026-09-11T17:51:10.218240+00:00,f0d00c4983614291b938804a9df6b127
2026-09-02,33.6,33.6,ft^3/s,Provisional,[],2026-09-11T17:51:10.218240+00:00,f0d00c4983614291b938804a9df6b127
2026-09-03,32.5,32.5,ft^3/s,Provisional,[],2026-09-11T17:51:10.218240+00:00,f0d00c4983614291b938804a9df6b127
2026-09-04,34.9,34.9,ft^3/s,Provisional,[],2026-09-11T17:51:10.218240+00:00,f0d00c4983614291b938804a9df6b127
2026-09-05,34.8,34.8,ft^3/s,Provisional,[],2026-09-11T17:51:10.218240+00:00,f0d00c4983614291b938804a9df6b127
2026-09-06,33.2,33.2,ft^3/s,Provisional,[],2026-09-11T17:51:10.218240+00:00,f0d00c4983614291b938804a9df6b127
2026-09-07,31.5,31.5,ft^3/s,Provisional,[],2026-09-11T17:51:10.218240+00:00,f0d00c4983614291b938804a9df6b127
2026-09-08,31.6,31.6,ft^3/s,Provisional,[],2026-09-09T08:14:20.059177+00:00,f0d00c4983614291b938804a9df6b127
2026-09-09,39.1,39.1,ft^3/s,Provisional,[],2026-09-10T08:13:52.184114+00:00,f0d00c4983614291b938804a9df6b127
2026-09-10,51.1,51.1,ft^3/s,Provisional,[],2026-09-11T08:14:25.736731+00:00,f0d00c4983614291b938804a9df6b127
2026-09-11,49.2,49.2,ft^3/s,Provisional,[],2026-09-12T08:15:47.874748+00:00,f0d00c4983614291b938804a9df6b127
2026-09-12,47.5,47.5,ft^3/s,Provisional,[],2026-09-13T08:15:18.456216+00:00,f0d00c4983614291b938804a9df6b127
2026-09-13,45.9,45.9,ft^3/s,Provisional,[],2026-09-14T08:14:43.540689+00:00,f0d00c4983614291b938804a9df6b127
2026-09-14,44.0,44.0,ft^3/s,Provisional,[],2026-09-15T08:14:31.828925+00:00,f0d00c4983614291b938804a9df6b127
2026-09-15,43.2,43.2,ft^3/s,Provisional,[],2026-09-16T08:14:27.127435+00:00,f0d00c4983614291b938804a9df6b127
2026-09-16,42.2,42.2,ft^3/s,Provisional,[],2026-09-17T08:15:43.633724+00:00,f0d00c4983614291b938804a9df6b127
2026-09-17,40.1,40.1,ft^3/s,Provisional,[],2026-09-18T08:14:15.315145+00:00,f0d00c4983614291b938804a9df6b127
2026-09-18,39.6,39.6,ft^3/s,Provisional,[],2026-09-19T08:14:34.256953+00:00,f0d00c4983614291b938804a9df6b127
2026-09-19,38.5,38.5,ft^3/s,Provisional,[],2026-09-20T08:14:04.313917+00:00,f0d00c4983614291b938804a9df6b127
2026-09-20,38.0,38.0,ft^3/s,Provisional,[],2026-09-21T08:14:12.426090+00:00,f0d00c4983614291b938804a9df6b127
2026-09-21,35.8,35.8,ft^3/s,Provisional,[],2026-09-22T08:14:47.530804+00:00,f0d00c4983614291b938804a9df6b127
2026-09-22,35.1,35.1,ft^3/s,Provisional,[],2026-09-23T08:14:21.415627+00:00,f0d00c4983614291b938804a9df6b127
2026-09-23,37.2,37.2,ft^3/s,Provisional,[],2026-09-24T08:15:48.957891+00:00,f0d00c4983614291b938804a9df6b127
2026-09-24,33.4,33.4,ft^3/s,Provisional,[],2026-09-25T08:14:39.193793+00:00,f0d00c4983614291b938804a9df6b127
2026-09-25,32.2,32.2,ft^3/s,Provisional,[],2026-09-26T08:15:50.105176+00:00,f0d00c4983614291b938804a9df6b127
2026-09-26,28.9,28.9,ft^3/s,Provisional,[],2026-09-27T08:15:39.967503+00:00,f0d00c4983614291b938804a9df6b127
2026-09-27,28.0,28.0,ft^3/s,Provisional,[],2026-09-28T08:15:48.897857+00:00,f0d00c4983614291b938804a9df6b127
2026-09-28,32.6,32.6,ft^3/s,Provisional,[],2026-09-29T08:16:14.963463+00:00,f0d00c4983614291b938804a9df6b127
2026-09-29,33.2,33.2,ft^3/s,Provisional,[],2026-09-30T08:15:38.570056+00:00,f0d00c4983614291b938804a9df6b127
2026-09-30,33.6,33.6,ft^3/s,Provisional,[],2026-10-01T08:16:10.463949+00:00,f0d00c4983614291b938804a9df6b127
