date,value,raw_value,unit,approval_status,qualifiers,last_modified,time_series_id
2013-06-28,599.43,,ft,Approved,LESSTHAN;REVISED,2025-03-11T20:44:24.741023+00:00,931ebc1c624c48f8927ac294217b8f29
2013-06-29,599.43,,ft,Approved,LESSTHAN;REVISED,2025-03-11T20:44:24.741023+00:00,931ebc1c624c48f8927ac294217b8f29
2013-06-30,599.43,,ft,Approved,LESSTHAN;REVISED,2025-03-11T20:44:24.741023+00:00,931ebc1c624c48f8927ac294217b8f29
2013-07-01,599.43,,ft,Approved,LESSTHAN;REVISED,2025-03-11T20:44:24.741023+00:00,931ebc1c624c48f8927ac294217b8f29
2013-07-02,599.42,,ft,Approved,LESSTHAN;REVISED,2025-03-11T20:44:24.741023+00:00,931ebc1c624c48f8927ac294217b8f29
2013-07-03,599.42,,ft,Approved,LESSTHAN;REVISED,2025-03-11T20:44:24.741023+00:00,931ebc1c624c48f8927ac294217b8f29
2013-07-04,599.42,,ft,Approved,LESSTHAN;REVISED,2025-03-11T20:44:24.741023+00:00,931ebc1c624c48f8927ac294217b8f29
2013-07-05,599.42,,ft,Approved,LESSTHAN;REVISED,2025-03-11T20:44:24.741023+00:00,931ebc1c624c48f8927ac294217b8f29
2013-07-06,599.43,,ft,Approved,LESSTHAN;REVISED,2025-03-11T20:44:24.741023+00:00,931ebc1c624c48f8927ac294217b8f29
2013-07-07,599.43,,ft,Approved,LESSTHAN;REVISED,2025-03-11T20:44:24.741023+00:00,931ebc1c624c48f8927ac294217b8f29
2013-07-08,599.43,,ft,Approved,LESSTHAN;REVISED,2025-03-11T20:44:24.741023+00:00,931ebc1c624c48f8927ac294217b8f29
2013-07-09,599.43,,ft,Approved,LESSTHAN;REVISED,2025-03-11T20:44:24.741023+00:00,931ebc1c624c48f8927ac294217b8f29
2013-07-10,599.43,,ft,Approved,LESSTHAN;REVISED,2025-03-11T20:44:24.741023+00:00,931ebc1c624c48f8927ac294217b8f29
2013-07-11,599.43,,ft,Approved,LESSTHAN;REVISED,2025-03-11T20:44:24.741023+00:00,931ebc1c624c48f8927ac294217b8f29
2013-07-12,599.43,,ft,Approved,LESSTHAN;REVISED,2025-03-11T20:44:24.741023+00:00,931ebc1c624c48f8927ac294217b8f29
2013-07-13,599.43,,ft,Approved,LESSTHAN;REVISED,2025-03-11T20:44:24.741023+00:00,931ebc1c624c48f8927ac294217b8f29
2013-07-14,599.43,,ft,Approved,LESSTHAN;REVISED,2025-03-11T20:44:24.741023+00:00,931ebc1c624c48f8927ac294217b8f29
2013-07-15,599.42,,ft,Approved,LESSTHAN;REVISED,2025-03-11T20:44:24.741023+00:00,931ebc1c624c48f8927ac294217b8f29
2013-07-16,599.42,,ft,Approved,LESSTHAN;REVISED,2025-03-11T20:44:24.741023+00:00,931ebc1c624c48f8927ac294217b8f29
2013-07-17,599.43,,ft,Approved,LESSTHAN;REVISED,2025-03-11T20:44:24.741023+00:00,931ebc1c624c48f8927ac294217b8f29
2013-07-18,599.43,,ft,Approved,LESSTHAN;REVISED,2025-03-11T20:44:24.741023+00:00,931ebc1c624c48f8927ac294217b8f29
2013-07-19,599.43,,ft,Approved,LESSTHAN;REVISED,2025-03-11T20:44:24.741023+00:00,931ebc1c624c48f8927ac294217b8f29
2013-07-20,599.43,,ft,Approved,LESSTHAN;REVISED,2025-03-11T20:44:24.741023+00:00,931ebc1c624c48f8927ac294217b8f29
2013-07-21,599.43,,ft,Approved,LESSTHAN;REVISED,2025-03-11T20:44:24.741023+00:00,931ebc1c624c48f8927ac294217b8f29
2013-07-22,599.43,,ft,Approved,LESSTHAN;REVISED,2025-03-11T20:44:24.741023+00:00,931ebc1c624c48f8927ac294217b8f29
2013-07-23,599.43,,ft,Approved,LESSTHAN;REVISED,2025-03-11T20:44:24.741023+00:00,931ebc1c624c48f8927ac294217b8f29
2013-07-24,599.43,,ft,Approved,LESSTHAN;REVISED,2025-03-11T20:44:24.741023+00:00,931ebc1c624c48f8927ac294217b8f29
2013-07-25,599.43,,ft,Approved,LESSTHAN;REVISED,2025-03-11T20:44:24.741023+00:00,931ebc1c624c48f8927ac294217b8f29
2013-07-26,599.43,,ft,Approved,LESSTHAN;REVISED,2025-03-11T20:44:24.741023+00:00,931ebc1c624c48f8927ac294217b8f29
2013-07-27,599.43,,ft,Approved,LESSTHAN;REVISED,2025-03-11T20:44:24.741023+00:00,931ebc1c624c48f8927ac294217b8f29
2013-07-28,599.43,,ft,Approved,LESSTHAN;REVISED,2025-03-11T20:44:24.741023+00:00,931ebc1c624c48f8927ac294217b8f29
2013-07-29,599.43,,ft,Approved,LESSTHAN;REVISED,2025-03-11T20:44:24.741023+00:00,931ebc1c624c48f8927ac294217b8f29
2013-07-30,599.43,,ft,Approved,LESSTHAN;REVISED,2025-03-11T20:44:24.741023+00:00,931ebc1c624c48f8927ac294217b8f29
2013-07-31,599.43,,ft,Approved,LESSTHAN;REVISED,2025-03-11T20:44:24.741023+00:00,931ebc1c624c48f8927ac294217b8f29
2013-08-01,599.43,,ft,Approved,LESSTHAN;REVISED,2025-03-11T20:44:24.741023+00:00,931ebc1c624c48f8927ac294217b8f29
2013-08-02,599.43,,ft,Approved,LESSTHAN;REVISED,2025-03-11T20:44:24.741023+00:00,931ebc1c624c48f8927ac294217b8f29
2013-08-03,599.43,,ft,Approved,LESSTHAN;REVISED,2025-03-11T20:44:24.741023+00:00,931ebc1c624c48f8927ac294217b8f29
2013-08-04,599.43,,ft,Approved,LESSTHAN;REVISED,2025-03-11T20:44:24.741023+00:00,931ebc1c624c48f8927ac294217b8f29
2013-08-05,599.43,,ft,Approved,LESSTHAN;REVISED,2025-03-11T20:44:24.741023+00:00,931ebc1c624c48f8927ac294217b8f29
2013-08-06,599.43,,ft,Approved,LESSTHAN;REVISED,2025-03-11T20:44:24.741023+00:00,931ebc1c624c48f8927ac294217b8f29
2013-08-07,599.43,,ft,Approved,LESSTHAN;REVISED,2025-03-11T20:44:24.741023+00:00,931ebc1c624c48f8927ac294217b8f29
2013-08-08,599.43,,ft,Approved,LESSTHAN;REVISED,2025-03-11T20:44:24.741023+00:00,931ebc1c624c48f8927ac294217b8f29
2013-08-09,599.43,,ft,Approved,LESSTHAN;REVISED,2025-03-11T20:44:24.741023+00:00,931ebc1c624c48f8927ac294217b8f29
2013-08-10,599.43,,ft,Approved,LESSTHAN;REVISED,2025-03-11T20:44:24.741023+00:00,931ebc1c624c48f8927ac294217b8f29
2013-08-11,599.43,,ft,Approved,LESSTHAN;REVISED,2025-03-11T20:44:24.741023+00:00,931ebc1c624c48f8927ac294217b8f29
2013-08-12,599.43,,ft,Approved,LESSTHAN;REVISED,2025-03-11T20:44:24.741023+00:00,931ebc1c624c48f8927ac294217b8f29
2013-08-13,599.43,,ft,Approved,LESSTHAN;REVISED,2025-03-11T20:44:24.741023+00:00,931ebc1c624c48f8927ac294217b8f29
2013-08-14,599.43,,ft,Approved,LESSTHAN;REVISED,2025-03-11T20:44:24.741023+00:00,931ebc1c624c48f8927ac294217b8f29
2013-08-15,599.43,,ft,Approved,LESSTHAN;REVISED,2025-03-11T20:44:24.741023+00:00,931ebc1c624c48f8927ac294217b8f29
2013-08-16,599.43,,ft,Approved,LESSTHAN;REVISED,2025-03-11T20:44:24.741023+00:00,931ebc1c624c48f8927ac294217b8f29
2013-08-17,599.43,,ft,Approved,LESSTHAN;REVISED,2025-03-11T20:44:24.741023+00:00,931ebc1c624c48f8927ac294217b8f29
2013-08-18,599.43,,ft,Approved,LESSTHAN;REVISED,2025-03-11T20:44:24.741023+00:00,931ebc1c624c48f8927ac294217b8f29
2013-08-19,599.43,,ft,Approved,LESSTHAN;REVISED,2025-03-11T20:44:24.741023+00:00,931ebc1c624c48f8927ac294217b8f29
2013-08-20,599.43,,ft,Approved,LESSTHAN;REVISED,2025-03-11T20:44:24.741023+00:00,931ebc1c624c48f8927ac294217b8f29
2013-08-21,599.43,,ft,Approved,LESSTHAN;REVISED,2025-03-11T20:44:24.741023+00:00,931ebc1c624c48f8927ac294217b8f29
2013-08-22,599.43,,ft,Approved,LESSTHAN;REVISED,2025-03-11T20:44:24.741023+00:00,931ebc1c624c48f8927ac294217b8f29
2013-08-23,599.43,,ft,Approved,LESSTHAN;REVISED,2025-03-11T20:44:24.741023+00:00,931ebc1c624c48f8927ac294217b8f29
2013-08-24,599.43,,ft,Approved,LESSTHAN;REVISED,2025-03-11T20:44:24.741023+00:00,931ebc1c624c48f8927ac294217b8f29
2013-08-25,599.43,,ft,Approved,LESSTHAN;REVISED,2025-03-11T20:44:24.741023+00:00,931ebc1c624c48f8927ac294217b8f29
2013-08-26,599.43,,ft,Approved,LESSTHAN;REVISED,2025-03-11T20:44:24.741023+00:00,931ebc1c624c48f8927ac294217b8f29
2013-08-27,599.42,,ft,Approved,LESSTHAN;REVISED,2025-03-11T20:44:24.741023+00:00,931ebc1c624c48f8927ac294217b8f29
2013-08-28,599.43,,ft,Approved,LESSTHAN;REVISED,2025-03-11T20:44:24.741023+00:00,931ebc1c624c48f8927ac294217b8f29
2013-08-29,599.43,,ft,Approved,LESSTHAN;REVISED,2025-03-11T20:44:24.741023+00:00,931ebc1c624c48f8927ac294217b8f29
2013-08-30,599.43,,ft,Approved,LESSTHAN;REVISED,2025-03-11T20:44:24.741023+00:00,931ebc1c624c48f8927ac294217b8f29
2013-08-31,599.43,,ft,Approved,LESSTHAN;REVISED,2025-03-11T20:44:24.741023+00:00,931ebc1c624c48f8927ac294217b8f29
2013-09-01,599.43,,ft,Approved,LESSTHAN;REVISED,2025-03-11T20:44:24.741023+00:00,931ebc1c624c48f8927ac294217b8f29
2013-09-02,599.43,,ft,Approved,LESSTHAN;REVISED,2025-03-11T20:44:24.741023+00:00,931ebc1c624c48f8927ac294217b8f29
2013-09-03,599.43,,ft,Approved,LESSTHAN;REVISED,2025-03-11T20:44:24.741023+00:00,931ebc1c624c48f8927ac294217b8f29
2013-09-04,599.43,,ft,Approved,LESSTHAN;REVISED,2025-03-11T20:44:24.741023+00:00,931ebc1c624c48f8927ac294217b8f29
2013-09-05,599.43,,ft,Approved,LESSTHAN;REVISED,2025-03-11T20:44:24.741023+00:00,931ebc1c624c48f8927ac294217b8f29
2013-09-06,599.43,,ft,Approved,LESSTHAN;REVISED,2025-03-11T20:44:24.741023+00:00,931ebc1c624c48f8927ac294217b8f29
2013-09-07,599.43,,ft,Approved,LESSTHAN;REVISED,2025-03-11T20:44:24.741023+00:00,931ebc1c624c48f8927ac294217b8f29
2013-09-08,599.43,,ft,Approved,LESSTHAN;REVISED,2025-03-11T20:44:24.741023+00:00,931ebc1c624c48f8927ac294217b8f29
2013-09-09,599.43,,ft,Approved,LESSTHAN;REVISED,2025-03-11T20:44:24.741023+00:00,931ebc1c624c48f8927ac294217b8f29
2013-09-10,599.43,,ft,Approved,LESSTHAN;REVISED,2025-03-11T20:44:24.741023+00:00,931ebc1c624c48f8927ac294217b8f29
2013-09-11,599.43,,ft,Approved,LESSTHAN;REVISED,2025-03-11T20:44:24.741023+00:00,931ebc1c624c48f8927ac294217b8f29
2013-09-12,599.43,,ft,Approved,LESSTHAN;REVISED,2025-03-11T20:44:24.741023+00:00,931ebc1c624c48f8927ac294217b8f29
2013-09-13,599.43,,ft,Approved,LESSTHAN;REVISED,2025-03-11T20:44:24.741023+00:00,931ebc1c624c48f8927ac294217b8f29
2013-09-14,599.43,,ft,Approved,LESSTHAN;REVISED,2025-03-11T20:44:24.741023+00:00,931ebc1c624c48f8927ac294217b8f29
2013-09-15,599.43,,ft,Approved,LESSTHAN;REVISED,2025-03-11T20:44:24.741023+00:00,931ebc1c624c48f8927ac294217b8f29
2013-09-16,599.43,,ft,Approved,LESSTHAN;REVISED,2025-03-11T20:44:24.741023+00:00,931ebc1c624c48f8927ac294217b8f29
2013-09-17,599.43,,ft,Approved,LESSTHAN;REVISED,2025-03-11T20:44:24.741023+00:00,931ebc1c624c48f8927ac294217b8f29
2013-09-18,599.43,,ft,Approved,LESSTHAN;REVISED,2025-03-11T20:44:24.741023+00:00,931ebc1c624c48f8927ac294217b8f29
2013-09-19,599.43,,ft,Approved,LESSTHAN;REVISED,2025-03-11T20:44:24.741023+00:00,931ebc1c624c48f8927ac294217b8f29
2013-09-20,599.43,,ft,Approved,LESSTHAN;REVISED,2025-03-11T20:44:24.741023+00:00,931ebc1c624c48f8927ac294217b8f29
2013-09-21,599.43,,ft,Approved,LESSTHAN;REVISED,2025-03-11T20:44:24.741023+00:00,931ebc1c624c48f8927ac294217b8f29
2013-09-22,599.43,,ft,Approved,LESSTHAN;REVISED,2025-03-11T20:44:24.741023+00:00,931ebc1c624c48f8927ac294217b8f29
2013-09-23,599.43,,ft,Approved,LESSTHAN;REVISED,2025-03-11T20:44:24.741023+00:00,931ebc1c624c48f8927ac294217b8f29
2013-09-24,599.43,,ft,Approved,LESSTHAN;REVISED,2025-03-11T20:44:24.741023+00:00,931ebc1c624c48f8927ac294217b8f29
2013-09-25,599.43,,ft,Approved,LESSTHAN;REVISED,2025-03-11T20:44:24.741023+00:00,931ebc1c624c48f8927ac294217b8f29
2013-09-26,599.43,,ft,Approved,LESSTHAN;REVISED,2025-03-11T20:44:24.741023+00:00,931ebc1c624c48f8927ac294217b8f29
2013-09-27,599.43,,ft,Approved,LESSTHAN;REVISED,2025-03-11T20:44:24.741023+00:00,931ebc1c624c48f8927ac294217b8f29
2013-09-28,599.43,,ft,Approved,LESSTHAN;REVISED,2025-03-11T20:44:24.741023+00:00,931ebc1c624c48f8927ac294217b8f29
2013-09-29,599.43,,ft,Approved,LESSTHAN;REVISED,2025-03-11T20:44:24.741023+00:00,931ebc1c624c48f8927ac294217b8f29
2013-09-30,599.43,,ft,Approved,LESSTHAN;REVISED,2025-03-11T20:44:24.741023+00:00,931ebc1c624c48f8927ac294217b8f29
2013-10-01,599.43,,ft,Approved,LESSTHAN;REVISED,2025-03-11T20:44:24.741023+00:00,931ebc1c624c48f8927ac294217b8f29
2013-10-02,599.43,,ft,Approved,LESSTHAN;REVISED,2025-03-11T20:44:24.741023+00:00,931ebc1c624c48f8927ac294217b8f29
2013-10-03,599.43,,ft,Approved,LESSTHAN;REVISED,2025-03-11T20:44:24.741023+00:00,931ebc1c624c48f8927ac294217b8f29
2013-10-04,599.43,,ft,Approved,LESSTHAN;REVISED,2025-03-11T20:44:24.741023+00:00,931ebc1c624c48f8927ac294217b8f29
2013-10-05,599.43,,ft,Approved,LESSTHAN;REVISED,2025-03-11T20:44:24.741023+00:00,931ebc1c624c48f8927ac294217b8f29
2013-10-06,599.43,,ft,Approved,LESSTHAN;REVISED,2025-03-11T20:44:24.741023+00:00,931ebc1c624c48f8927ac294217b8f29
2013-10-07,599.43,,ft,Approved,LESSTHAN;REVISED,2025-03-11T20:44:24.741023+00:00,931ebc1c624c48f8927ac294217b8f29
2013-10-08,599.43,,ft,Approved,LESSTHAN;REVISED,2025-03-11T20:44:24.741023+00:00,931ebc1c624c48f8927ac294217b8f29
2013-10-09,599.43,,ft,Approved,LESSTHAN;REVISED,2025-03-11T20:44:24.741023+00:00,931ebc1c624c48f8927ac294217b8f29
2013-10-10,599.43,,ft,Approved,LESSTHAN;REVISED,2025-03-11T20:44:24.741023+00:00,931ebc1c624c48f8927ac294217b8f29
2013-10-11,599.43,,ft,Approved,LESSTHAN;REVISED,2025-03-11T20:44:24.741023+00:00,931ebc1c624c48f8927ac294217b8f29
2013-10-12,599.43,,ft,Approved,LESSTHAN;REVISED,2025-03-11T20:44:24.741023+00:00,931ebc1c624c48f8927ac294217b8f29
2013-10-13,599.43,,ft,Approved,LESSTHAN;REVISED,2025-03-11T20:44:24.741023+00:00,931ebc1c624c48f8927ac294217b8f29
2013-10-14,599.43,,ft,Approved,LESSTHAN;REVISED,2025-03-11T20:44:24.741023+00:00,931ebc1c624c48f8927ac294217b8f29
2013-10-15,599.43,,ft,Approved,LESSTHAN;REVISED,2025-03-11T20:44:24.741023+00:00,931ebc1c624c48f8927ac294217b8f29
2013-10-16,599.43,,ft,Approved,LESSTHAN;REVISED,2025-03-11T20:44:24.741023+00:00,931ebc1c624c48f8927ac294217b8f29
2013-10-17,599.43,,ft,Approved,LESSTHAN;REVISED,2025-03-11T20:44:24.741023+00:00,931ebc1c624c48f8927ac294217b8f29
2013-10-18,599.43,,ft,Approved,LESSTHAN;REVISED,2025-03-11T20:44:24.741023+00:00,931ebc1c624c48f8927ac294217b8f29
2013-10-19,599.43,,ft,Approved,LESSTHAN;REVISED,2025-03-11T20:44:24.741023+00:00,931ebc1c624c48f8927ac294217b8f29
2013-10-20,599.43,,ft,Approved,LESSTHAN;REVISED,2025-03-11T20:44:24.741023+00:00,931ebc1c624c48f8927ac294217b8f29
2013-10-21,599.43,,ft,Approved,LESSTHAN;REVISED,2025-03-11T20:44:24.741023+00:00,931ebc1c624c48f8927ac294217b8f29
2013-10-22,599.43,,ft,Approved,LESSTHAN;REVISED,2025-03-11T20:44:24.741023+00:00,931ebc1c624c48f8927ac294217b8f29
2013-10-23,599.43,,ft,Approved,LESSTHAN;REVISED,2025-03-11T20:44:24.741023+00:00,931ebc1c624c48f8927ac294217b8f29
2013-10-24,599.43,,ft,Approved,LESSTHAN;REVISED,2025-03-11T20:44:24.741023+00:00,931ebc1c624c48f8927ac294217b8f29
2013-10-25,599.43,,ft,Approved,LESSTHAN;REVISED,2025-03-11T20:44:24.741023+00:00,931ebc1c624c48f8927ac294217b8f29
2013-10-26,599.43,,ft,Approved,LESSTHAN;REVISED,2025-03-11T20:44:24.741023+00:00,931ebc1c624c48f8927ac294217b8f29
2013-10-27,599.43,,ft,Approved,LESSTHAN;REVISED,2025-03-11T20:44:24.741023+00:00,931ebc1c624c48f8927ac294217b8f29
2013-10-28,599.43,,ft,Approved,LESSTHAN;REVISED,2025-03-11T20:44:24.741023+00:00,931ebc1c624c48f8927ac294217b8f29
2013-10-29,599.43,,ft,Approved,LESSTHAN;REVISED,2025-03-11T20:44:24.741023+00:00,931ebc1c624c48f8927ac294217b8f29
2013-10-30,599.47,,ft,Approved,LESSTHAN;REVISED,2025-03-11T20:44:24.741023+00:00,931ebc1c624c48f8927ac294217b8f29
2013-10-31,602.58,,ft,Approved,,2026-01-15T23:25:46.983835+00:00,931ebc1c624c48f8927ac294217b8f29
2013-11-01,600.59,,ft,Approved,,2025-03-11T20:44:24.741023+00:00,931ebc1c624c48f8927ac294217b8f29
2013-11-02,600.12,,ft,Approved,,2025-03-11T20:44:24.741023+00:00,931ebc1c624c48f8927ac294217b8f29
2013-11-03,600.06,,ft,Approved,,2025-03-11T20:44:24.741023+00:00,931ebc1c624c48f8927ac294217b8f29
2013-11-04,600.03,,ft,Approved,,2025-03-11T20:44:24.741023+00:00,931ebc1c624c48f8927ac294217b8f29
2013-11-05,600.03,,ft,Approved,,2025-03-11T20:44:24.741023+00:00,931ebc1c624c48f8927ac294217b8f29
2013-11-06,600.03,,ft,Approved,,2025-03-11T20:44:24.741023+00:00,931ebc1c624c48f8927ac294217b8f29
2013-11-07,600.01,,ft,Approved,,2025-03-11T20:44:24.741023+00:00,931ebc1c624c48f8927ac294217b8f29
2013-11-08,600.0,,ft,Approved,,2025-03-11T20:44:24.741023+00:00,931ebc1c624c48f8927ac294217b8f29
2013-11-09,599.99,,ft,Approved,,2025-03-11T20:44:24.741023+00:00,931ebc1c624c48f8927ac294217b8f29
2013-11-10,599.98,,ft,Approved,,2025-03-11T20:44:24.741023+00:00,931ebc1c624c48f8927ac294217b8f29
2013-11-11,599.97,,ft,Approved,,2025-03-11T20:44:24.741023+00:00,931ebc1c624c48f8927ac294217b8f29
2013-11-12,599.96,,ft,Approved,,2025-03-11T20:44:24.741023+00:00,931ebc1c624c48f8927ac294217b8f29
2013-11-13,599.92,,ft,Approved,,2025-03-11T20:44:24.741023+00:00,931ebc1c624c48f8927ac294217b8f29
2013-11-14,599.9,,ft,Approved,,2025-03-11T20:44:24.741023+00:00,931ebc1c624c48f8927ac294217b8f29
2013-11-15,599.9,,ft,Approved,,2025-03-11T20:44:24.741023+00:00,931ebc1c624c48f8927ac294217b8f29
2013-11-16,599.9,,ft,Approved,,2025-03-11T20:44:24.741023+00:00,931ebc1c624c48f8927ac294217b8f29
2013-11-17,599.91,,ft,Approved,,2025-03-11T20:44:24.741023+00:00,931ebc1c624c48f8927ac294217b8f29
2013-11-18,599.9,,ft,Approved,,2025-03-11T20:44:24.741023+00:00,931ebc1c624c48f8927ac294217b8f29
2013-11-19,599.88,,ft,Approved,,2025-03-11T20:44:24.741023+00:00,931ebc1c624c48f8927ac294217b8f29
2013-11-20,599.87,,ft,Approved,,2025-03-11T20:44:24.741023+00:00,931ebc1c624c48f8927ac294217b8f29
2013-11-21,600.09,,ft,Approved,,2025-03-11T20:44:24.741023+00:00,931ebc1c624c48f8927ac294217b8f29
2013-11-22,600.75,,ft,Approved,,2025-03-11T20:44:24.741023+00:00,931ebc1c624c48f8927ac294217b8f29
2013-11-23,600.25,,ft,Approved,,2025-03-11T20:44:24.741023+00:00,931ebc1c624c48f8927ac294217b8f29
2013-11-24,600.08,,ft,Approved,,2025-03-11T20:44:24.741023+00:00,931ebc1c624c48f8927ac294217b8f29
2013-11-25,600.48,,ft,Approved,,2025-03-11T20:44:24.741023+00:00,931ebc1c624c48f8927ac294217b8f29
2013-11-26,600.24,,ft,Approved,,2025-03-11T20:44:24.741023+00:00,931ebc1c624c48f8927ac294217b8f29
2013-11-27,600.07,,ft,Approved,,2025-03-11T20:44:24.741023+00:00,931ebc1c624c48f8927ac294217b8f29
2013-11-28,600.03,,ft,Approved,,2025-03-11T20:44:24.741023+00:00,931ebc1c624c48f8927ac294217b8f29
2013-11-29,600.01,,ft,Approved,,2025-03-11T20:44:24.741023+00:00,931ebc1c624c48f8927ac294217b8f29
2013-11-30,600.0,,ft,Approved,,2025-03-11T20:44:24.741023+00:00,931ebc1c624c48f8927ac294217b8f29
2013-12-01,599.99,,ft,Approved,,2025-03-11T20:44:24.741023+00:00,931ebc1c624c48f8927ac294217b8f29
2013-12-02,599.99,,ft,Approved,,2025-03-11T20:44:24.741023+00:00,931ebc1c624c48f8927ac294217b8f29
2013-12-03,599.98,,ft,Approved,,2025-03-11T20:44:24.741023+00:00,931ebc1c624c48f8927ac294217b8f29
2013-12-04,599.98,,ft,Approved,,2025-03-11T20:44:24.741023+00:00,931ebc1c624c48f8927ac294217b8f29
2013-12-05,599.97,,ft,Approved,,2025-03-11T20:44:24.741023+00:00,931ebc1c624c48f8927ac294217b8f29
2013-12-06,599.96,,ft,Approved,,2025-03-11T20:44:24.741023+00:00,931ebc1c624c48f8927ac294217b8f29
2013-12-07,599.95,,ft,Approved,,2025-03-11T20:44:24.741023+00:00,931ebc1c624c48f8927ac294217b8f29
2013-12-08,599.95,,ft,Approved,,2025-03-11T20:44:24.741023+00:00,931ebc1c624c48f8927ac294217b8f29
2013-12-09,599.96,,ft,Approved,,2025-03-11T20:44:24.741023+00:00,931ebc1c624c48f8927ac294217b8f29
2013-12-10,599.96,,ft,Approved,,2025-03-11T20:44:24.741023+00:00,931ebc1c624c48f8927ac294217b8f29
2013-12-11,599.96,,ft,Approved,,2025-03-11T20:44:24.741023+00:00,931ebc1c624c48f8927ac294217b8f29
2013-12-12,599.96,,ft,Approved,,2025-03-11T20:44:24.741023+00:00,931ebc1c624c48f8927ac294217b8f29
2013-12-13,599.97,,ft,Approved,,2025-03-11T20:44:24.741023+00:00,931ebc1c624c48f8927ac294217b8f29
2013-12-14,599.98,,ft,Approved,,2025-03-11T20:44:24.741023+00:00,931ebc1c624c48f8927ac294217b8f29
2013-12-15,599.97,,ft,Approved,,2025-03-11T20:44:24.741023+00:00,931ebc1c624c48f8927ac294217b8f29
2013-12-16,599.97,,ft,Approved,,2025-03-11T20:44:24.741023+00:00,931ebc1c624c48f8927ac294217b8f29
2013-12-17,599.96,,ft,Approved,,2025-03-11T20:44:24.741023+00:00,931ebc1c624c48f8927ac294217b8f29
2013-12-18,599.96,,ft,Approved,,2025-03-11T20:44:24.741023+00:00,931ebc1c624c48f8927ac294217b8f29
2013-12-19,599.96,,ft,Approved,,2025-03-11T20:44:24.741023+00:00,931ebc1c624c48f8927ac294217b8f29
2013-12-20,599.96,,ft,Approved,,2025-03-11T20:44:24.741023+00:00,931ebc1c624c48f8927ac294217b8f29
2013-12-21,600.01,,ft,Approved,,2025-03-11T20:44:24.741023+00:00,931ebc1c624c48f8927ac294217b8f29
2013-12-22,599.99,,ft,Approved,,2025-03-11T20:44:24.741023+00:00,931ebc1c624c48f8927ac294217b8f29
2013-12-23,599.97,,ft,Approved,,2025-03-11T20:44:24.741023+00:00,931ebc1c624c48f8927ac294217b8f29
2013-12-24,599.96,,ft,Approved,,2025-03-11T20:44:24.741023+00:00,931ebc1c624c48f8927ac294217b8f29
2013-12-25,599.96,,ft,Approved,,2025-03-11T20:44:24.741023+00:00,931ebc1c624c48f8927ac294217b8f29
2013-12-26,599.96,,ft,Approved,,2025-03-11T20:44:24.741023+00:00,931ebc1c624c48f8927ac294217b8f29
2013-12-27,599.96,,ft,Approved,,2025-03-11T20:44:24.741023+00:00,931ebc1c624c48f8927ac294217b8f29
2013-12-28,599.96,,ft,Approved,,2025-03-11T20:44:24.741023+00:00,931ebc1c624c48f8927ac294217b8f29
2013-12-29,599.96,,ft,Approved,,2025-03-11T20:44:24.741023+00:00,931ebc1c624c48f8927ac294217b8f29
2013-12-30,599.94,,ft,Approved,,2025-03-11T20:44:24.741023+00:00,931ebc1c624c48f8927ac294217b8f29
2013-12-31,599.94,,ft,Approved,,2025-03-11T20:44:24.741023+00:00,931ebc1c624c48f8927ac294217b8f29
2014-01-01,599.94,,ft,Approved,,2025-03-11T20:44:24.741023+00:00,931ebc1c624c48f8927ac294217b8f29
2014-01-02,599.94,,ft,Approved,,2025-03-11T20:44:24.741023+00:00,931ebc1c624c48f8927ac294217b8f29
2014-01-03,599.94,,ft,Approved,,2025-03-11T20:44:24.741023+00:00,931ebc1c624c48f8927ac294217b8f29
2014-01-04,599.93,,ft,Approved,,2025-03-11T20:44:24.741023+00:00,931ebc1c624c48f8927ac294217b8f29
2014-01-05,599.92,,ft,Approved,,2025-03-11T20:44:24.741023+00:00,931ebc1c624c48f8927ac294217b8f29
2014-01-06,599.9,,ft,Approved,,2025-03-11T20:44:24.741023+00:00,931ebc1c624c48f8927ac294217b8f29
2014-01-07,599.9,,ft,Approved,,2025-03-11T20:44:24.741023+00:00,931ebc1c624c48f8927ac294217b8f29
2014-01-08,599.91,,ft,Approved,,2025-03-11T20:44:24.741023+00:00,931ebc1c624c48f8927ac294217b8f29
2014-01-09,599.95,,ft,Approved,,2025-03-11T20:44:24.741023+00:00,931ebc1c624c48f8927ac294217b8f29
2014-01-10,600.0,,ft,Approved,,2025-03-11T20:44:24.741023+00:00,931ebc1c624c48f8927ac294217b8f29
2014-01-11,600.0,,ft,Approved,,2025-03-11T20:44:24.741023+00:00,931ebc1c624c48f8927ac294217b8f29
2014-01-12,599.98,,ft,Approved,,2025-03-11T20:44:24.741023+00:00,931ebc1c624c48f8927ac294217b8f29
2014-01-13,599.97,,ft,Approved,,2025-03-11T20:44:24.741023+00:00,931ebc1c624c48f8927ac294217b8f29
2014-01-14,599.96,,ft,Approved,,2025-03-11T20:44:24.741023+00:00,931ebc1c624c48f8927ac294217b8f29
2014-01-15,599.95,,ft,Approved,,2025-03-11T20:44:24.741023+00:00,931ebc1c624c48f8927ac294217b8f29
2014-01-16,599.94,,ft,Approved,,2025-03-11T20:44:24.741023+00:00,931ebc1c624c48f8927ac294217b8f29
2014-01-17,599.94,,ft,Approved,,2025-03-11T20:44:24.741023+00:00,931ebc1c624c48f8927ac294217b8f29
2014-01-18,599.93,,ft,Approved,,2025-03-11T20:44:24.741023+00:00,931ebc1c624c48f8927ac294217b8f29
2014-01-19,599.93,,ft,Approved,,2025-03-11T20:44:24.741023+00:00,931ebc1c624c48f8927ac294217b8f29
2014-01-20,599.93,,ft,Approved,,2025-03-11T20:44:24.741023+00:00,931ebc1c624c48f8927ac294217b8f29
2014-01-21,599.92,,ft,Approved,,2025-03-11T20:44:24.741023+00:00,931ebc1c624c48f8927ac294217b8f29
2014-01-22,599.9,,ft,Approved,,2025-03-11T20:44:24.741023+00:00,931ebc1c624c48f8927ac294217b8f29
2014-01-23,599.9,,ft,Approved,,2025-03-11T20:44:24.741023+00:00,931ebc1c624c48f8927ac294217b8f29
2014-01-24,599.9,,ft,Approved,,2025-03-11T20:44:24.741023+00:00,931ebc1c624c48f8927ac294217b8f29
2014-01-25,599.9,,ft,Approved,,2025-03-11T20:44:24.741023+00:00,931ebc1c624c48f8927ac294217b8f29
2014-01-26,599.9,,ft,Approved,,2025-03-11T20:44:24.741023+00:00,931ebc1c624c48f8927ac294217b8f29
2014-01-27,599.9,,ft,Approved,,2025-03-11T20:44:24.741023+00:00,931ebc1c624c48f8927ac294217b8f29
2014-01-28,599.89,,ft,Approved,,2025-03-11T20:44:24.741023+00:00,931ebc1c624c48f8927ac294217b8f29
2014-01-29,599.88,,ft,Approved,,2025-03-11T20:44:24.741023+00:00,931ebc1c624c48f8927ac294217b8f29
2014-01-30,599.87,,ft,Approved,,2025-03-11T20:44:24.741023+00:00,931ebc1c624c48f8927ac294217b8f29
2014-01-31,599.88,,ft,Approved,,2025-03-11T20:44:24.741023+00:00,931ebc1c624c48f8927ac294217b8f29
2014-02-01,599.9,,ft,Approved,,2025-03-11T20:44:24.741023+00:00,931ebc1c624c48f8927ac294217b8f29
2014-02-02,599.89,,ft,Approved,,2025-03-11T20:44:24.741023+00:00,931ebc1c624c48f8927ac294217b8f29
2014-02-03,599.88,,ft,Approved,,2025-03-11T20:44:24.741023+00:00,931ebc1c624c48f8927ac294217b8f29
2014-02-04,599.91,,ft,Approved,,2025-03-11T20:44:24.741023+00:00,931ebc1c624c48f8927ac294217b8f29
2014-02-05,599.91,,ft,Approved,,2025-03-11T20:44:24.741023+00:00,931ebc1c624c48f8927ac294217b8f29
2014-02-06,599.9,,ft,Approved,,2025-03-11T20:44:24.741023+00:00,931ebc1c624c48f8927ac294217b8f29
2014-02-07,599.89,,ft,Approved,,2025-03-11T20:44:24.741023+00:00,931ebc1c624c48f8927ac294217b8f29
2014-02-08,599.9,,ft,Approved,,2025-03-11T20:44:24.741023+00:00,931ebc1c624c48f8927ac294217b8f29
2014-02-09,599.9,,ft,Approved,,2025-03-11T20:44:24.741023+00:00,931ebc1c624c48f8927ac294217b8f29
2014-02-10,599.9,,ft,Approved,,2025-03-11T20:44:24.741023+00:00,931ebc1c624c48f8927ac294217b8f29
2014-02-11,599.9,,ft,Approved,,2025-03-11T20:44:24.741023+00:00,931ebc1c624c48f8927ac294217b8f29
2014-02-12,599.91,,ft,Approved,,2025-03-11T20:44:24.741023+00:00,931ebc1c624c48f8927ac294217b8f29
2014-02-13,599.91,,ft,Approved,,2025-03-11T20:44:24.741023+00:00,931ebc1c624c48f8927ac294217b8f29
2014-02-14,599.91,,ft,Approved,,2025-03-11T20:44:24.741023+00:00,931ebc1c624c48f8927ac294217b8f29
2014-02-15,599.9,,ft,Approved,,2025-03-11T20:44:24.741023+00:00,931ebc1c624c48f8927ac294217b8f29
2014-02-16,599.9,,ft,Approved,,2025-03-11T20:44:24.741023+00:00,931ebc1c624c48f8927ac294217b8f29
2014-02-17,599.91,,ft,Approved,,2025-03-11T20:44:24.741023+00:00,931ebc1c624c48f8927ac294217b8f29
2014-02-18,599.9,,ft,Approved,,2025-03-11T20:44:24.741023+00:00,931ebc1c624c48f8927ac294217b8f29
2014-02-19,599.9,,ft,Approved,,2025-03-11T20:44:24.741023+00:00,931ebc1c624c48f8927ac294217b8f29
2014-02-20,599.9,,ft,Approved,,2025-03-11T20:44:24.741023+00:00,931ebc1c624c48f8927ac294217b8f29
2014-02-21,599.88,,ft,Approved,,2025-03-11T20:44:24.741023+00:00,931ebc1c624c48f8927ac294217b8f29
2014-02-22,599.87,,ft,Approved,,2025-03-11T20:44:24.741023+00:00,931ebc1c624c48f8927ac294217b8f29
2014-02-23,599.87,,ft,Approved,,2025-03-11T20:44:24.741023+00:00,931ebc1c624c48f8927ac294217b8f29
2014-02-24,599.86,,ft,Approved,,2025-03-11T20:44:24.741023+00:00,931ebc1c624c48f8927ac294217b8f29
2014-02-25,599.86,,ft,Approved,,2025-03-11T20:44:24.741023+00:00,931ebc1c624c48f8927ac294217b8f29
2014-02-26,599.87,,ft,Approved,,2025-03-11T20:44:24.741023+00:00,931ebc1c624c48f8927ac294217b8f29
2014-02-27,599.86,,ft,Approved,,2025-03-11T20:44:24.741023+00:00,931ebc1c624c48f8927ac294217b8f29
2014-02-28,600.05,,ft,Approved,,2025-03-11T20:44:24.741023+00:00,931ebc1c624c48f8927ac294217b8f29
2014-03-01,600.06,,ft,Approved,,2025-03-11T20:44:24.741023+00:00,931ebc1c624c48f8927ac294217b8f29
2014-03-02,600.05,,ft,Approved,,2025-03-11T20:44:24.741023+00:00,931ebc1c624c48f8927ac294217b8f29
2014-03-03,600.01,,ft,Approved,,2025-03-11T20:44:24.741023+00:00,931ebc1c624c48f8927ac294217b8f29
2014-03-04,600.0,,ft,Approved,,2025-03-11T20:44:24.741023+00:00,931ebc1c624c48f8927ac294217b8f29
2014-03-05,599.97,,ft,Approved,,2025-03-11T20:44:24.741023+00:00,931ebc1c624c48f8927ac294217b8f29
2014-03-06,599.95,,ft,Approved,,2025-03-11T20:44:24.741023+00:00,931ebc1c624c48f8927ac294217b8f29
2014-03-07,599.98,,ft,Approved,,2025-03-11T20:44:24.741023+00:00,931ebc1c624c48f8927ac294217b8f29
2014-03-08,600.02,,ft,Approved,,2025-03-11T20:44:24.741023+00:00,931ebc1c624c48f8927ac294217b8f29
2014-03-09,600.05,,ft,Approved,,2025-03-11T20:44:24.741023+00:00,931ebc1c624c48f8927ac294217b8f29
2014-03-10,599.99,,ft,Approved,,2025-03-11T20:44:24.741023+00:00,931ebc1c624c48f8927ac294217b8f29
2014-03-11,599.99,,ft,Approved,,2025-03-11T20:44:24.741023+00:00,931ebc1c624c48f8927ac294217b8f29
2014-03-12,599.95,,ft,Approved,,2025-03-11T20:44:24.741023+00:00,931ebc1c624c48f8927ac294217b8f29
2014-03-13,599.93,,ft,Approved,,2025-03-11T20:44:24.741023+00:00,931ebc1c624c48f8927ac294217b8f29
2014-03-14,599.92,,ft,Approved,,2025-03-11T20:44:24.741023+00:00,931ebc1c624c48f8927ac294217b8f29
2014-03-15,599.92,,ft,Approved,,2025-03-11T20:44:24.741023+00:00,931ebc1c624c48f8927ac294217b8f29
2014-03-16,599.92,,ft,Approved,,2025-03-11T20:44:24.741023+00:00,931ebc1c624c48f8927ac294217b8f29
2014-03-17,599.9,,ft,Approved,,2025-03-11T20:44:24.741023+00:00,931ebc1c624c48f8927ac294217b8f29
2014-03-18,599.88,,ft,Approved,,2025-03-11T20:44:24.741023+00:00,931ebc1c624c48f8927ac294217b8f29
2014-03-19,599.87,,ft,Approved,,2025-03-11T20:44:24.741023+00:00,931ebc1c624c48f8927ac294217b8f29
2014-03-20,599.85,,ft,Approved,,2025-03-11T20:44:24.741023+00:00,931ebc1c624c48f8927ac294217b8f29
2014-03-21,599.84,,ft,Approved,,2025-03-11T20:44:24.741023+00:00,931ebc1c624c48f8927ac294217b8f29
2014-03-22,599.84,,ft,Approved,,2025-03-11T20:44:24.741023+00:00,931ebc1c624c48f8927ac294217b8f29
2014-03-23,599.83,,ft,Approved,,2025-03-11T20:44:24.741023+00:00,931ebc1c624c48f8927ac294217b8f29
2014-03-24,599.81,,ft,Approved,,2025-03-11T20:44:24.741023+00:00,931ebc1c624c48f8927ac294217b8f29
2014-03-25,599.8,,ft,Approved,,2025-03-11T20:44:24.741023+00:00,931ebc1c624c48f8927ac294217b8f29
2014-03-26,599.78,,ft,Approved,,2025-03-11T20:44:24.741023+00:00,931ebc1c624c48f8927ac294217b8f29
2014-03-27,599.8,,ft,Approved,,2025-03-11T20:44:24.741023+00:00,931ebc1c624c48f8927ac294217b8f29
2014-03-28,599.81,,ft,Approved,,2025-03-11T20:44:24.741023+00:00,931ebc1c624c48f8927ac294217b8f29
2014-03-29,599.78,,ft,Approved,,2025-03-11T20:44:24.741023+00:00,931ebc1c624c48f8927ac294217b8f29
2014-03-30,599.76,,ft,Approved,,2025-03-11T20:44:24.741023+00:00,931ebc1c624c48f8927ac294217b8f29
2014-03-31,599.74,,ft,Approved,,2025-03-11T20:44:24.741023+00:00,931ebc1c624c48f8927ac294217b8f29
2014-04-01,599.73,,ft,Approved,,2025-03-11T20:44:24.741023+00:00,931ebc1c624c48f8927ac294217b8f29
2014-04-02,599.72,,ft,Approved,,2025-03-11T20:44:24.741023+00:00,931ebc1c624c48f8927ac294217b8f29
2014-04-03,599.71,,ft,Approved,,2025-03-11T20:44:24.741023+00:00,931ebc1c624c48f8927ac294217b8f29
2014-04-04,599.69,,ft,Approved,,2025-03-11T20:44:24.741023+00:00,931ebc1c624c48f8927ac294217b8f29
2014-04-05,599.66,,ft,Approved,,2025-03-11T20:44:24.741023+00:00,931ebc1c624c48f8927ac294217b8f29
2014-04-06,599.65,,ft,Approved,,2025-03-11T20:44:24.741023+00:00,931ebc1c624c48f8927ac294217b8f29
2014-04-07,599.65,,ft,Approved,,2025-03-11T20:44:24.741023+00:00,931ebc1c624c48f8927ac294217b8f29
2014-04-08,599.64,,ft,Approved,,2025-03-11T20:44:24.741023+00:00,931ebc1c624c48f8927ac294217b8f29
2014-04-09,599.62,,ft,Approved,,2025-03-11T20:44:24.741023+00:00,931ebc1c624c48f8927ac294217b8f29
2014-04-10,599.61,,ft,Approved,,2025-03-11T20:44:24.741023+00:00,931ebc1c624c48f8927ac294217b8f29
2014-04-11,599.6,,ft,Approved,,2025-03-11T20:44:24.741023+00:00,931ebc1c624c48f8927ac294217b8f29
2014-04-12,599.59,,ft,Approved,,2025-03-11T20:44:24.741023+00:00,931ebc1c624c48f8927ac294217b8f29
2014-04-13,599.58,,ft,Approved,LESSTHAN;REVISED,2025-03-11T20:44:24.741023+00:00,931ebc1c624c48f8927ac294217b8f29
2014-04-14,599.57,,ft,Approved,LESSTHAN;REVISED,2025-03-11T20:44:24.741023+00:00,931ebc1c624c48f8927ac294217b8f29
2014-04-15,599.55,,ft,Approved,LESSTHAN;REVISED,2025-03-11T20:44:24.741023+00:00,931ebc1c624c48f8927ac294217b8f29
2014-04-16,599.56,,ft,Approved,LESSTHAN;REVISED,2025-03-11T20:44:24.741023+00:00,931ebc1c624c48f8927ac294217b8f29
2014-04-17,599.55,,ft,Approved,LESSTHAN;REVISED,2025-03-11T20:44:24.741023+00:00,931ebc1c624c48f8927ac294217b8f29
2014-04-18,599.55,,ft,Approved,LESSTHAN;REVISED,2025-03-11T20:44:24.741023+00:00,931ebc1c624c48f8927ac294217b8f29
2014-04-19,599.55,,ft,Approved,LESSTHAN;REVISED,2025-03-11T20:44:24.741023+00:00,931ebc1c624c48f8927ac294217b8f29
2014-04-20,599.55,,ft,Approved,LESSTHAN;REVISED,2025-03-11T20:44:24.741023+00:00,931ebc1c624c48f8927ac294217b8f29
2014-04-21,599.56,,ft,Approved,LESSTHAN;REVISED,2025-03-11T20:44:24.741023+00:00,931ebc1c624c48f8927ac294217b8f29
2014-04-22,599.56,,ft,Approved,LESSTHAN;REVISED,2025-03-11T20:44:24.741023+00:00,931ebc1c624c48f8927ac294217b8f29
2014-04-23,599.56,,ft,Approved,LESSTHAN;REVISED,2025-03-11T20:44:24.741023+00:00,931ebc1c624c48f8927ac294217b8f29
2014-04-24,599.56,,ft,Approved,LESSTHAN;REVISED,2025-03-11T20:44:24.741023+00:00,931ebc1c624c48f8927ac294217b8f29
2014-04-25,599.56,,ft,Approved,LESSTHAN;REVISED,2025-03-11T20:44:24.741023+00:00,931ebc1c624c48f8927ac294217b8f29
2014-04-26,599.55,,ft,Approved,LESSTHAN;REVISED,2025-03-11T20:44:24.741023+00:00,931ebc1c624c48f8927ac294217b8f29
2014-04-27,599.56,,ft,Approved,LESSTHAN;REVISED,2025-03-11T20:44:24.741023+00:00,931ebc1c624c48f8927ac294217b8f29
2014-04-28,599.56,,ft,Approved,LESSTHAN;REVISED,2025-03-11T20:44:24.741023+00:00,931ebc1c624c48f8927ac294217b8f29
2014-04-29,599.55,,ft,Approved,LESSTHAN;REVISED,2025-03-11T20:44:24.741023+00:00,931ebc1c624c48f8927ac294217b8f29
2014-04-30,599.55,,ft,Approved,LESSTHAN;REVISED,2025-03-11T20:44:24.741023+00:00,931ebc1c624c48f8927ac294217b8f29
2014-05-01,599.55,,ft,Approved,LESSTHAN;REVISED,2025-03-11T20:44:24.741023+00:00,931ebc1c624c48f8927ac294217b8f29
2014-05-02,599.55,,ft,Approved,LESSTHAN;REVISED,2025-03-11T20:44:24.741023+00:00,931ebc1c624c48f8927ac294217b8f29
2014-05-03,599.55,,ft,Approved,LESSTHAN;REVISED,2025-03-11T20:44:24.741023+00:00,931ebc1c624c48f8927ac294217b8f29
2014-05-04,599.55,,ft,Approved,LESSTHAN;REVISED,2025-03-11T20:44:24.741023+00:00,931ebc1c624c48f8927ac294217b8f29
2014-05-05,599.55,,ft,Approved,LESSTHAN;REVISED,2025-03-11T20:44:24.741023+00:00,931ebc1c624c48f8927ac294217b8f29
2014-05-06,599.55,,ft,Approved,LESSTHAN;REVISED,2025-03-11T20:44:24.741023+00:00,931ebc1c624c48f8927ac294217b8f29
2014-05-07,599.55,,ft,Approved,LESSTHAN;REVISED,2025-03-11T20:44:24.741023+00:00,931ebc1c624c48f8927ac294217b8f29
2014-05-08,599.55,,ft,Approved,LESSTHAN;REVISED,2025-03-11T20:44:24.741023+00:00,931ebc1c624c48f8927ac294217b8f29
2014-05-09,599.55,,ft,Approved,LESSTHAN;REVISED,2025-03-11T20:44:24.741023+00:00,931ebc1c624c48f8927ac294217b8f29
2014-05-10,599.56,,ft,Approved,LESSTHAN;REVISED,2025-03-11T20:44:24.741023+00:00,931ebc1c624c48f8927ac294217b8f29
2014-05-11,599.56,,ft,Approved,LESSTHAN;REVISED,2025-03-11T20:44:24.741023+00:00,931ebc1c624c48f8927ac294217b8f29
2014-05-12,599.56,,ft,Approved,LESSTHAN;REVISED,2025-03-11T20:44:24.741023+00:00,931ebc1c624c48f8927ac294217b8f29
2014-05-13,599.84,,ft,Approved,LESSTHAN;REVISED,2025-03-11T20:44:24.741023+00:00,931ebc1c624c48f8927ac294217b8f29
2014-05-14,599.93,,ft,Approved,,2026-01-15T23:25:46.983835+00:00,931ebc1c624c48f8927ac294217b8f29
2014-05-15,599.91,,ft,Approved,,2025-03-11T20:44:24.741023+00:00,931ebc1c624c48f8927ac294217b8f29
2014-05-16,599.88,,ft,Approved,,2025-03-11T20:44:24.741023+00:00,931ebc1c624c48f8927ac294217b8f29
2014-05-17,599.85,,ft,Approved,,2025-03-11T20:44:24.741023+00:00,931ebc1c624c48f8927ac294217b8f29
2014-05-18,599.83,,ft,Approved,,2025-03-11T20:44:24.741023+00:00,931ebc1c624c48f8927ac294217b8f29
2014-05-19,599.81,,ft,Approved,,2025-03-11T20:44:24.741023+00:00,931ebc1c624c48f8927ac294217b8f29
2014-05-20,599.78,,ft,Approved,,2025-03-11T20:44:24.741023+00:00,931ebc1c624c48f8927ac294217b8f29
2014-05-21,599.76,,ft,Approved,,2025-03-11T20:44:24.741023+00:00,931ebc1c624c48f8927ac294217b8f29
2014-05-22,599.75,,ft,Approved,,2025-03-11T20:44:24.741023+00:00,931ebc1c624c48f8927ac294217b8f29
2014-05-23,599.73,,ft,Approved,,2025-03-11T20:44:24.741023+00:00,931ebc1c624c48f8927ac294217b8f29
2014-05-24,599.72,,ft,Approved,,2025-03-11T20:44:24.741023+00:00,931ebc1c624c48f8927ac294217b8f29
2014-05-25,599.71,,ft,Approved,,2025-03-11T20:44:24.741023+00:00,931ebc1c624c48f8927ac294217b8f29
2014-05-26,599.88,,ft,Approved,,2025-03-11T20:44:24.741023+00:00,931ebc1c624c48f8927ac294217b8f29
2014-05-27,600.64,,ft,Approved,,2025-03-11T20:44:24.741023+00:00,931ebc1c624c48f8927ac294217b8f29
2014-05-28,600.11,,ft,Approved,,2025-03-11T20:44:24.741023+00:00,931ebc1c624c48f8927ac294217b8f29
2014-05-29,599.98,,ft,Approved,,2025-03-11T20:44:24.741023+00:00,931ebc1c624c48f8927ac294217b8f29
2014-05-30,599.95,,ft,Approved,,2025-03-11T20:44:24.741023+00:00,931ebc1c624c48f8927ac294217b8f29
2014-05-31,599.94,,ft,Approved,,2025-03-11T20:44:24.741023+00:00,931ebc1c624c48f8927ac294217b8f29
2014-06-01,599.94,,ft,Approved,,2025-03-11T20:44:24.741023+00:00,931ebc1c624c48f8927ac294217b8f29
2014-06-02,599.92,,ft,Approved,,2025-03-11T20:44:24.741023+00:00,931ebc1c624c48f8927ac294217b8f29
2014-06-03,599.91,,ft,Approved,,2025-03-11T20:44:24.741023+00:00,931ebc1c624c48f8927ac294217b8f29
2014-06-04,599.89,,ft,Approved,,2025-03-11T20:44:24.741023+00:00,931ebc1c624c48f8927ac294217b8f29
2014-06-05,599.86,,ft,Approved,,2025-03-11T20:44:24.741023+00:00,931ebc1c624c48f8927ac294217b8f29
2014-06-06,599.84,,ft,Approved,,2025-03-11T20:44:24.741023+00:00,931ebc1c624c48f8927ac294217b8f29
2014-06-07,599.82,,ft,Approved,,2025-03-11T20:44:24.741023+00:00,931ebc1c624c48f8927ac294217b8f29
2014-06-08,599.8,,ft,Approved,,2025-03-11T20:44:24.741023+00:00,931ebc1c624c48f8927ac294217b8f29
2014-06-09,599.9,,ft,Approved,,2025-03-11T20:44:24.741023+00:00,931ebc1c624c48f8927ac294217b8f29
2014-06-10,599.98,,ft,Approved,,2025-03-11T20:44:24.741023+00:00,931ebc1c624c48f8927ac294217b8f29
2014-06-11,599.94,,ft,Approved,,2025-03-11T20:44:24.741023+00:00,931ebc1c624c48f8927ac294217b8f29
2014-06-12,599.91,,ft,Approved,,2025-03-11T20:44:24.741023+00:00,931ebc1c624c48f8927ac294217b8f29
2014-06-13,599.91,,ft,Approved,,2025-03-11T20:44:24.741023+00:00,931ebc1c624c48f8927ac294217b8f29
2014-06-14,599.89,,ft,Approved,,2025-03-11T20:44:24.741023+00:00,931ebc1c624c48f8927ac294217b8f29
2014-06-15,599.86,,ft,Approved,,2025-03-11T20:44:24.741023+00:00,931ebc1c624c48f8927ac294217b8f29
2014-06-16,599.84,,ft,Approved,,2025-03-11T20:44:24.741023+00:00,931ebc1c624c48f8927ac294217b8f29
2014-06-17,599.82,,ft,Approved,,2025-03-11T20:44:24.741023+00:00,931ebc1c624c48f8927ac294217b8f29
2014-06-18,599.79,,ft,Approved,,2025-03-11T20:44:24.741023+00:00,931ebc1c624c48f8927ac294217b8f29
2014-06-19,599.77,,ft,Approved,,2025-03-11T20:44:24.741023+00:00,931ebc1c624c48f8927ac294217b8f29
2014-06-20,599.75,,ft,Approved,,2025-03-11T20:44:24.741023+00:00,931ebc1c624c48f8927ac294217b8f29
2014-06-21,599.73,,ft,Approved,,2025-03-11T20:44:24.741023+00:00,931ebc1c624c48f8927ac294217b8f29
2014-06-22,599.71,,ft,Approved,,2025-03-11T20:44:24.741023+00:00,931ebc1c624c48f8927ac294217b8f29
2014-06-23,599.71,,ft,Approved,,2025-03-11T20:44:24.741023+00:00,931ebc1c624c48f8927ac294217b8f29
2014-06-24,599.72,,ft,Approved,,2025-03-11T20:44:24.741023+00:00,931ebc1c624c48f8927ac294217b8f29
2014-06-25,599.71,,ft,Approved,,2025-03-11T20:44:24.741023+00:00,931ebc1c624c48f8927ac294217b8f29
2014-06-26,599.71,,ft,Approved,,2025-03-11T20:44:24.741023+00:00,931ebc1c624c48f8927ac294217b8f29
2014-06-27,599.69,,ft,Approved,,2025-03-11T20:44:24.741023+00:00,931ebc1c624c48f8927ac294217b8f29
2014-06-28,599.67,,ft,Approved,,2025-03-11T20:44:24.741023+00:00,931ebc1c624c48f8927ac294217b8f29
2014-06-29,599.64,,ft,Approved,,2025-03-11T20:44:24.741023+00:00,931ebc1c624c48f8927ac294217b8f29
2014-06-30,599.61,,ft,Approved,LESSTHAN;REVISED,2025-03-11T20:44:24.741023+00:00,931ebc1c624c48f8927ac294217b8f29
2014-07-01,599.58,,ft,Approved,LESSTHAN;REVISED,2025-03-11T20:44:24.741023+00:00,931ebc1c624c48f8927ac294217b8f29
2014-07-02,599.56,,ft,Approved,LESSTHAN;REVISED,2025-03-11T20:44:24.741023+00:00,931ebc1c624c48f8927ac294217b8f29
2014-07-03,599.56,,ft,Approved,LESSTHAN;REVISED,2025-03-11T20:44:24.741023+00:00,931ebc1c624c48f8927ac294217b8f29
2014-07-04,599.56,,ft,Approved,LESSTHAN;REVISED,2025-03-11T20:44:24.741023+00:00,931ebc1c624c48f8927ac294217b8f29
2014-07-05,599.56,,ft,Approved,LESSTHAN;REVISED,2025-03-11T20:44:24.741023+00:00,931ebc1c624c48f8927ac294217b8f29
2014-07-06,599.56,,ft,Approved,LESSTHAN;REVISED,2025-03-11T20:44:24.741023+00:00,931ebc1c624c48f8927ac294217b8f29
2014-07-07,599.56,,ft,Approved,LESSTHAN;REVISED,2025-03-11T20:44:24.741023+00:00,931ebc1c624c48f8927ac294217b8f29
2014-07-08,599.56,,ft,Approved,LESSTHAN;REVISED,2025-03-11T20:44:24.741023+00:00,931ebc1c624c48f8927ac294217b8f29
2014-07-09,599.56,,ft,Approved,LESSTHAN;REVISED,2025-03-11T20:44:24.741023+00:00,931ebc1c624c48f8927ac294217b8f29
2014-07-10,599.56,,ft,Approved,LESSTHAN;REVISED,2025-03-11T20:44:24.741023+00:00,931ebc1c624c48f8927ac294217b8f29
2014-07-11,599.56,,ft,Approved,LESSTHAN;REVISED,2025-03-11T20:44:24.741023+00:00,931ebc1c624c48f8927ac294217b8f29
2014-07-12,599.56,,ft,Approved,LESSTHAN;REVISED,2025-03-11T20:44:24.741023+00:00,931ebc1c624c48f8927ac294217b8f29
2014-07-13,599.56,,ft,Approved,LESSTHAN;REVISED,2025-03-11T20:44:24.741023+00:00,931ebc1c624c48f8927ac294217b8f29
2014-07-14,599.56,,ft,Approved,LESSTHAN;REVISED,2025-03-11T20:44:24.741023+00:00,931ebc1c624c48f8927ac294217b8f29
2014-07-15,599.56,,ft,Approved,LESSTHAN;REVISED,2025-03-11T20:44:24.741023+00:00,931ebc1c624c48f8927ac294217b8f29
2014-07-16,599.56,,ft,Approved,LESSTHAN;REVISED,2025-03-11T20:44:24.741023+00:00,931ebc1c624c48f8927ac294217b8f29
2014-07-17,599.56,,ft,Approved,LESSTHAN;REVISED,2025-03-11T20:44:24.741023+00:00,931ebc1c624c48f8927ac294217b8f29
2014-07-18,599.9,,ft,Approved,,2026-01-15T23:25:46.983835+00:00,931ebc1c624c48f8927ac294217b8f29
2014-07-19,599.93,,ft,Approved,,2025-03-11T20:44:24.741023+00:00,931ebc1c624c48f8927ac294217b8f29
2014-07-20,599.92,,ft,Approved,,2025-03-11T20:44:24.741023+00:00,931ebc1c624c48f8927ac294217b8f29
2014-07-21,599.91,,ft,Approved,,2025-03-11T20:44:24.741023+00:00,931ebc1c624c48f8927ac294217b8f29
2014-07-22,599.89,,ft,Approved,,2025-03-11T20:44:24.741023+00:00,931ebc1c624c48f8927ac294217b8f29
2014-07-23,599.88,,ft,Approved,,2025-03-11T20:44:24.741023+00:00,931ebc1c624c48f8927ac294217b8f29
2014-07-24,599.86,,ft,Approved,,2025-03-11T20:44:24.741023+00:00,931ebc1c624c48f8927ac294217b8f29
2014-07-25,599.85,,ft,Approved,,2025-03-11T20:44:24.741023+00:00,931ebc1c624c48f8927ac294217b8f29
2014-07-26,599.82,,ft,Approved,,2025-03-11T20:44:24.741023+00:00,931ebc1c624c48f8927ac294217b8f29
2014-07-27,599.79,,ft,Approved,,2025-03-11T20:44:24.741023+00:00,931ebc1c624c48f8927ac294217b8f29
2014-07-28,599.77,,ft,Approved,,2025-03-11T20:44:24.741023+00:00,931ebc1c624c48f8927ac294217b8f29
2014-07-29,599.75,,ft,Approved,,2025-03-11T20:44:24.741023+00:00,931ebc1c624c48f8927ac294217b8f29
2014-07-30,599.72,,ft,Approved,,2025-03-11T20:44:24.741023+00:00,931ebc1c624c48f8927ac294217b8f29
2014-07-31,599.69,,ft,Approved,,2025-03-11T20:44:24.741023+00:00,931ebc1c624c48f8927ac294217b8f29
2014-08-01,599.67,,ft,Approved,,2025-03-11T20:44:24.741023+00:00,931ebc1c624c48f8927ac294217b8f29
2014-08-02,599.64,,ft,Approved,,2025-03-11T20:44:24.741023+00:00,931ebc1c624c48f8927ac294217b8f29
2014-08-03,599.62,,ft,Approved,,2025-03-11T20:44:24.741023+00:00,931ebc1c624c48f8927ac294217b8f29
2014-08-04,599.61,,ft,Approved,,2025-03-11T20:44:24.741023+00:00,931ebc1c624c48f8927ac294217b8f29
2014-08-05,599.61,,ft,Approved,,2025-03-11T20:44:24.741023+00:00,931ebc1c624c48f8927ac294217b8f29
2014-08-06,599.61,,ft,Approved,,2025-03-11T20:44:24.741023+00:00,931ebc1c624c48f8927ac294217b8f29
2014-08-07,599.59,,ft,Approved,LESSTHAN;REVISED,2025-03-11T20:44:24.741023+00:00,931ebc1c624c48f8927ac294217b8f29
2014-08-08,599.59,,ft,Approved,LESSTHAN;REVISED,2025-03-11T20:44:24.741023+00:00,931ebc1c624c48f8927ac294217b8f29
2014-08-09,599.58,,ft,Approved,LESSTHAN;REVISED,2025-03-11T20:44:24.741023+00:00,931ebc1c624c48f8927ac294217b8f29
2014-08-10,599.56,,ft,Approved,LESSTHAN;REVISED,2025-03-11T20:44:24.741023+00:00,931ebc1c624c48f8927ac294217b8f29
2014-08-11,599.56,,ft,Approved,LESSTHAN;REVISED,2025-03-11T20:44:24.741023+00:00,931ebc1c624c48f8927ac294217b8f29
2014-08-12,599.56,,ft,Approved,LESSTHAN;REVISED,2025-03-11T20:44:24.741023+00:00,931ebc1c624c48f8927ac294217b8f29
2014-08-13,599.56,,ft,Approved,LESSTHAN;REVISED,2025-03-11T20:44:24.741023+00:00,931ebc1c624c48f8927ac294217b8f29
2014-08-14,599.56,,ft,Approved,LESSTHAN;REVISED,2025-03-11T20:44:24.741023+00:00,931ebc1c624c48f8927ac294217b8f29
2014-08-15,599.56,,ft,Approved,LESSTHAN;REVISED,2025-03-11T20:44:24.741023+00:00,931ebc1c624c48f8927ac294217b8f29
2014-08-16,599.56,,ft,Approved,LESSTHAN;REVISED,2025-03-11T20:44:24.741023+00:00,931ebc1c624c48f8927ac294217b8f29
2014-08-17,599.56,,ft,Approved,LESSTHAN;REVISED,2025-03-11T20:44:24.741023+00:00,931ebc1c624c48f8927ac294217b8f29
2014-08-18,599.56,,ft,Approved,LESSTHAN;REVISED,2025-03-11T20:44:24.741023+00:00,931ebc1c624c48f8927ac294217b8f29
2014-08-19,599.56,,ft,Approved,LESSTHAN;REVISED,2025-03-11T20:44:24.741023+00:00,931ebc1c624c48f8927ac294217b8f29
2014-08-20,599.56,,ft,Approved,LESSTHAN;REVISED,2025-03-11T20:44:24.741023+00:00,931ebc1c624c48f8927ac294217b8f29
2014-08-21,599.56,,ft,Approved,LESSTHAN;REVISED,2025-03-11T20:44:24.741023+00:00,931ebc1c624c48f8927ac294217b8f29
2014-08-22,599.56,,ft,Approved,LESSTHAN;REVISED,2025-03-11T20:44:24.741023+00:00,931ebc1c624c48f8927ac294217b8f29
2014-08-23,599.56,,ft,Approved,LESSTHAN;REVISED,2025-03-11T20:44:24.741023+00:00,931ebc1c624c48f8927ac294217b8f29
2014-08-24,599.56,,ft,Approved,LESSTHAN;REVISED,2025-03-11T20:44:24.741023+00:00,931ebc1c624c48f8927ac294217b8f29
2014-08-25,599.56,,ft,Approved,LESSTHAN;REVISED,2025-03-11T20:44:24.741023+00:00,931ebc1c624c48f8927ac294217b8f29
2014-08-26,599.56,,ft,Approved,LESSTHAN;REVISED,2025-03-11T20:44:24.741023+00:00,931ebc1c624c48f8927ac294217b8f29
2014-08-27,599.56,,ft,Approved,LESSTHAN;REVISED,2025-03-11T20:44:24.741023+00:00,931ebc1c624c48f8927ac294217b8f29
2014-08-28,599.56,,ft,Approved,LESSTHAN;REVISED,2025-03-11T20:44:24.741023+00:00,931ebc1c624c48f8927ac294217b8f29
2014-08-29,599.56,,ft,Approved,LESSTHAN;REVISED,2025-03-11T20:44:24.741023+00:00,931ebc1c624c48f8927ac294217b8f29
2014-08-30,599.56,,ft,Approved,LESSTHAN;REVISED,2025-03-11T20:44:24.741023+00:00,931ebc1c624c48f8927ac294217b8f29
2014-08-31,599.56,,ft,Approved,LESSTHAN;REVISED,2025-03-11T20:44:24.741023+00:00,931ebc1c624c48f8927ac294217b8f29
2014-09-01,599.56,,ft,Approved,LESSTHAN;REVISED,2025-03-11T20:44:24.741023+00:00,931ebc1c624c48f8927ac294217b8f29
2014-09-02,599.56,,ft,Approved,LESSTHAN;REVISED,2025-03-11T20:44:24.741023+00:00,931ebc1c624c48f8927ac294217b8f29
2014-09-03,599.56,,ft,Approved,LESSTHAN;REVISED,2025-03-11T20:44:24.741023+00:00,931ebc1c624c48f8927ac294217b8f29
2014-09-04,599.56,,ft,Approved,LESSTHAN;REVISED,2025-03-11T20:44:24.741023+00:00,931ebc1c624c48f8927ac294217b8f29
2014-09-05,599.56,,ft,Approved,LESSTHAN;REVISED,2025-03-11T20:44:24.741023+00:00,931ebc1c624c48f8927ac294217b8f29
2014-09-06,599.56,,ft,Approved,LESSTHAN;REVISED,2025-03-11T20:44:24.741023+00:00,931ebc1c624c48f8927ac294217b8f29
2014-09-07,599.56,,ft,Approved,LESSTHAN;REVISED,2025-03-11T20:44:24.741023+00:00,931ebc1c624c48f8927ac294217b8f29
2014-09-08,599.56,,ft,Approved,LESSTHAN;REVISED,2025-03-11T20:44:24.741023+00:00,931ebc1c624c48f8927ac294217b8f29
2014-09-09,599.56,,ft,Approved,LESSTHAN;REVISED,2025-03-11T20:44:24.741023+00:00,931ebc1c624c48f8927ac294217b8f29
2014-09-10,599.56,,ft,Approved,LESSTHAN;REVISED,2025-03-11T20:44:24.741023+00:00,931ebc1c624c48f8927ac294217b8f29
2014-09-11,599.56,,ft,Approved,LESSTHAN;REVISED,2025-03-11T20:44:24.741023+00:00,931ebc1c624c48f8927ac294217b8f29
2014-09-12,599.56,,ft,Approved,LESSTHAN;REVISED,2025-03-11T20:44:24.741023+00:00,931ebc1c624c48f8927ac294217b8f29
2014-09-13,599.55,,ft,Approved,LESSTHAN;REVISED,2025-03-11T20:44:24.741023+00:00,931ebc1c624c48f8927ac294217b8f29
2014-09-14,599.55,,ft,Approved,LESSTHAN;REVISED,2025-03-11T20:44:24.741023+00:00,931ebc1c624c48f8927ac294217b8f29
2014-09-15,599.56,,ft,Approved,LESSTHAN;REVISED,2025-03-11T20:44:24.741023+00:00,931ebc1c624c48f8927ac294217b8f29
2014-09-16,599.56,,ft,Approved,LESSTHAN;REVISED,2025-03-11T20:44:24.741023+00:00,931ebc1c624c48f8927ac294217b8f29
2014-09-17,599.56,,ft,Approved,LESSTHAN;REVISED,2025-03-11T20:44:24.741023+00:00,931ebc1c624c48f8927ac294217b8f29
2014-09-18,600.37,,ft,Approved,LESSTHAN;REVISED,2025-03-11T20:44:24.741023+00:00,931ebc1c624c48f8927ac294217b8f29
2014-09-19,600.24,,ft,Approved,,2026-01-15T23:25:46.983835+00:00,931ebc1c624c48f8927ac294217b8f29
2014-09-20,599.98,,ft,Approved,,2025-03-11T20:44:24.741023+00:00,931ebc1c624c48f8927ac294217b8f29
2014-09-21,599.94,,ft,Approved,,2025-03-11T20:44:24.741023+00:00,931ebc1c624c48f8927ac294217b8f29
2014-09-22,599.91,,ft,Approved,,2025-03-11T20:44:24.741023+00:00,931ebc1c624c48f8927ac294217b8f29
2014-09-23,599.89,,ft,Approved,,2025-03-11T20:44:24.741023+00:00,931ebc1c624c48f8927ac294217b8f29
2014-09-24,599.87,,ft,Approved,,2025-03-11T20:44:24.741023+00:00,931ebc1c624c48f8927ac294217b8f29
2014-09-25,599.85,,ft,Approved,,2025-03-11T20:44:24.741023+00:00,931ebc1c624c48f8927ac294217b8f29
2014-09-26,599.84,,ft,Approved,,2025-03-11T20:44:24.741023+00:00,931ebc1c624c48f8927ac294217b8f29
2014-09-27,599.83,,ft,Approved,,2025-03-11T20:44:24.741023+00:00,931ebc1c624c48f8927ac294217b8f29
2014-09-28,599.82,,ft,Approved,,2025-03-11T20:44:24.741023+00:00,931ebc1c624c48f8927ac294217b8f29
2014-09-29,599.81,,ft,Approved,,2025-03-11T20:44:24.741023+00:00,931ebc1c624c48f8927ac294217b8f29
2014-09-30,599.79,,ft,Approved,,2025-03-11T20:44:24.741023+00:00,931ebc1c624c48f8927ac294217b8f29
2014-10-01,599.78,,ft,Approved,,2025-03-11T20:44:24.741023+00:00,931ebc1c624c48f8927ac294217b8f29
2014-10-02,599.77,,ft,Approved,,2025-03-11T20:44:24.741023+00:00,931ebc1c624c48f8927ac294217b8f29
2014-10-03,599.77,,ft,Approved,,2025-03-11T20:44:24.741023+00:00,931ebc1c624c48f8927ac294217b8f29
2014-10-04,599.74,,ft,Approved,,2025-03-11T20:44:24.741023+00:00,931ebc1c624c48f8927ac294217b8f29
2014-10-05,599.73,,ft,Approved,,2025-03-11T20:44:24.741023+00:00,931ebc1c624c48f8927ac294217b8f29
2014-10-06,599.72,,ft,Approved,,2025-03-11T20:44:24.741023+00:00,931ebc1c624c48f8927ac294217b8f29
2014-10-07,599.7,,ft,Approved,,2025-03-11T20:44:24.741023+00:00,931ebc1c624c48f8927ac294217b8f29
2014-10-08,599.69,,ft,Approved,,2025-03-11T20:44:24.741023+00:00,931ebc1c624c48f8927ac294217b8f29
2014-10-09,599.67,,ft,Approved,,2025-03-11T20:44:24.741023+00:00,931ebc1c624c48f8927ac294217b8f29
2014-10-10,599.66,,ft,Approved,,2025-03-11T20:44:24.741023+00:00,931ebc1c624c48f8927ac294217b8f29
2014-10-11,599.68,,ft,Approved,,2025-03-11T20:44:24.741023+00:00,931ebc1c624c48f8927ac294217b8f29
2014-10-12,599.69,,ft,Approved,,2025-03-11T20:44:24.741023+00:00,931ebc1c624c48f8927ac294217b8f29
2014-10-13,599.71,,ft,Approved,,2025-03-11T20:44:24.741023+00:00,931ebc1c624c48f8927ac294217b8f29
2014-10-14,599.69,,ft,Approved,,2025-03-11T20:44:24.741023+00:00,931ebc1c624c48f8927ac294217b8f29
2014-10-15,599.68,,ft,Approved,,2025-03-11T20:44:24.741023+00:00,931ebc1c624c48f8927ac294217b8f29
2014-10-16,599.66,,ft,Approved,,2025-03-11T20:44:24.741023+00:00,931ebc1c624c48f8927ac294217b8f29
2014-10-17,599.65,,ft,Approved,,2025-03-11T20:44:24.741023+00:00,931ebc1c624c48f8927ac294217b8f29
2014-10-18,599.64,,ft,Approved,,2025-03-11T20:44:24.741023+00:00,931ebc1c624c48f8927ac294217b8f29
2014-10-19,599.63,,ft,Approved,,2025-03-11T20:44:24.741023+00:00,931ebc1c624c48f8927ac294217b8f29
2014-10-20,599.62,,ft,Approved,,2025-03-11T20:44:24.741023+00:00,931ebc1c624c48f8927ac294217b8f29
2014-10-21,599.61,,ft,Approved,,2025-03-11T20:44:24.741023+00:00,931ebc1c624c48f8927ac294217b8f29
2014-10-22,599.6,,ft,Approved,,2025-03-11T20:44:24.741023+00:00,931ebc1c624c48f8927ac294217b8f29
2014-10-23,599.59,,ft,Approved,,2025-03-11T20:44:24.741023+00:00,931ebc1c624c48f8927ac294217b8f29
2014-10-24,599.57,,ft,Approved,LESSTHAN;REVISED,2025-03-11T20:44:24.741023+00:00,931ebc1c624c48f8927ac294217b8f29
2014-10-25,599.56,,ft,Approved,LESSTHAN;REVISED,2025-03-11T20:44:24.741023+00:00,931ebc1c624c48f8927ac294217b8f29
2014-10-26,599.55,,ft,Approved,LESSTHAN;REVISED,2025-03-11T20:44:24.741023+00:00,931ebc1c624c48f8927ac294217b8f29
2014-10-27,599.55,,ft,Approved,LESSTHAN;REVISED,2025-03-11T20:44:24.741023+00:00,931ebc1c624c48f8927ac294217b8f29
2014-10-28,599.55,,ft,Approved,LESSTHAN;REVISED,2025-03-11T20:44:24.741023+00:00,931ebc1c624c48f8927ac294217b8f29
2014-10-29,599.55,,ft,Approved,LESSTHAN;REVISED,2025-03-11T20:44:24.741023+00:00,931ebc1c624c48f8927ac294217b8f29
2014-10-30,599.55,,ft,Approved,LESSTHAN;REVISED,2025-03-11T20:44:24.741023+00:00,931ebc1c624c48f8927ac294217b8f29
2014-10-31,599.55,,ft,Approved,LESSTHAN;REVISED,2025-03-11T20:44:24.741023+00:00,931ebc1c624c48f8927ac294217b8f29
2014-11-01,599.55,,ft,Approved,LESSTHAN;REVISED,2025-03-11T20:44:24.741023+00:00,931ebc1c624c48f8927ac294217b8f29
2014-11-02,599.55,,ft,Approved,LESSTHAN;REVISED,2025-03-11T20:44:24.741023+00:00,931ebc1c624c48f8927ac294217b8f29
2014-11-03,599.55,,ft,Approved,LESSTHAN;REVISED,2025-03-11T20:44:24.741023+00:00,931ebc1c624c48f8927ac294217b8f29
2014-11-04,599.55,,ft,Approved,LESSTHAN;REVISED,2025-03-11T20:44:24.741023+00:00,931ebc1c624c48f8927ac294217b8f29
2014-11-05,599.55,,ft,Approved,LESSTHAN;REVISED,2025-03-11T20:44:24.741023+00:00,931ebc1c624c48f8927ac294217b8f29
2014-11-06,599.58,,ft,Approved,LESSTHAN;REVISED,2025-03-11T20:44:24.741023+00:00,931ebc1c624c48f8927ac294217b8f29
2014-11-07,599.57,,ft,Approved,LESSTHAN;REVISED,2025-03-11T20:44:24.741023+00:00,931ebc1c624c48f8927ac294217b8f29
2014-11-08,599.55,,ft,Approved,LESSTHAN;REVISED,2025-03-11T20:44:24.741023+00:00,931ebc1c624c48f8927ac294217b8f29
2014-11-09,599.55,,ft,Approved,LESSTHAN;REVISED,2025-03-11T20:44:24.741023+00:00,931ebc1c624c48f8927ac294217b8f29
2014-11-10,599.56,,ft,Approved,LESSTHAN;REVISED,2025-03-11T20:44:24.741023+00:00,931ebc1c624c48f8927ac294217b8f29
2014-11-11,599.55,,ft,Approved,LESSTHAN;REVISED,2025-03-11T20:44:24.741023+00:00,931ebc1c624c48f8927ac294217b8f29
2014-11-12,599.55,,ft,Approved,LESSTHAN;REVISED,2025-03-11T20:44:24.741023+00:00,931ebc1c624c48f8927ac294217b8f29
2014-11-13,599.54,,ft,Approved,LESSTHAN;REVISED,2025-03-11T20:44:24.741023+00:00,931ebc1c624c48f8927ac294217b8f29
2014-11-14,599.54,,ft,Approved,LESSTHAN;REVISED,2025-03-11T20:44:24.741023+00:00,931ebc1c624c48f8927ac294217b8f29
2014-11-15,599.54,,ft,Approved,LESSTHAN;REVISED,2025-03-11T20:44:24.741023+00:00,931ebc1c624c48f8927ac294217b8f29
2014-11-16,599.54,,ft,Approved,LESSTHAN;REVISED,2025-03-11T20:44:24.741023+00:00,931ebc1c624c48f8927ac294217b8f29
2014-11-17,599.54,,ft,Approved,LESSTHAN;REVISED,2025-03-11T20:44:24.741023+00:00,931ebc1c624c48f8927ac294217b8f29
2014-11-18,599.54,,ft,Approved,LESSTHAN;REVISED,2025-03-11T20:44:24.741023+00:00,931ebc1c624c48f8927ac294217b8f29
2014-11-19,599.55,,ft,Approved,LESSTHAN;REVISED,2025-03-11T20:44:24.741023+00:00,931ebc1c624c48f8927ac294217b8f29
2014-11-20,599.55,,ft,Approved,LESSTHAN;REVISED,2025-03-11T20:44:24.741023+00:00,931ebc1c624c48f8927ac294217b8f29
2014-11-21,599.55,,ft,Approved,LESSTHAN;REVISED,2025-03-11T20:44:24.741023+00:00,931ebc1c624c48f8927ac294217b8f29
2014-11-22,600.0,,ft,Approved,LESSTHAN;REVISED,2025-03-11T20:44:24.741023+00:00,931ebc1c624c48f8927ac294217b8f29
2014-11-23,601.25,,ft,Approved,,2026-01-15T23:25:46.983835+00:00,931ebc1c624c48f8927ac294217b8f29
2014-11-24,600.1,,ft,Approved,,2025-03-11T20:44:24.741023+00:00,931ebc1c624c48f8927ac294217b8f29
2014-11-25,599.97,,ft,Approved,,2025-03-11T20:44:24.741023+00:00,931ebc1c624c48f8927ac294217b8f29
2014-11-26,599.94,,ft,Approved,,2025-03-11T20:44:24.741023+00:00,931ebc1c624c48f8927ac294217b8f29
2014-11-27,599.92,,ft,Approved,,2025-03-11T20:44:24.741023+00:00,931ebc1c624c48f8927ac294217b8f29
2014-11-28,599.91,,ft,Approved,,2025-03-11T20:44:24.741023+00:00,931ebc1c624c48f8927ac294217b8f29
2014-11-29,599.91,,ft,Approved,,2025-03-11T20:44:24.741023+00:00,931ebc1c624c48f8927ac294217b8f29
2014-11-30,599.9,,ft,Approved,,2025-03-11T20:44:24.741023+00:00,931ebc1c624c48f8927ac294217b8f29
2014-12-01,599.89,,ft,Approved,,2025-03-11T20:44:24.741023+00:00,931ebc1c624c48f8927ac294217b8f29
2014-12-02,599.87,,ft,Approved,,2025-03-11T20:44:24.741023+00:00,931ebc1c624c48f8927ac294217b8f29
2014-12-03,599.87,,ft,Approved,,2025-03-11T20:44:24.741023+00:00,931ebc1c624c48f8927ac294217b8f29
2014-12-04,599.88,,ft,Approved,,2025-03-11T20:44:24.741023+00:00,931ebc1c624c48f8927ac294217b8f29
2014-12-05,599.9,,ft,Approved,,2025-03-11T20:44:24.741023+00:00,931ebc1c624c48f8927ac294217b8f29
2014-12-06,599.9,,ft,Approved,,2025-03-11T20:44:24.741023+00:00,931ebc1c624c48f8927ac294217b8f29
2014-12-07,599.89,,ft,Approved,,2025-03-11T20:44:24.741023+00:00,931ebc1c624c48f8927ac294217b8f29
2014-12-08,599.89,,ft,Approved,,2025-03-11T20:44:24.741023+00:00,931ebc1c624c48f8927ac294217b8f29
2014-12-09,599.9,,ft,Approved,,2025-03-11T20:44:24.741023+00:00,931ebc1c624c48f8927ac294217b8f29
2014-12-10,599.9,,ft,Approved,,2025-03-11T20:44:24.741023+00:00,931ebc1c624c48f8927ac294217b8f29
2014-12-11,599.91,,ft,Approved,,2025-03-11T20:44:24.741023+00:00,931ebc1c624c48f8927ac294217b8f29
2014-12-12,599.92,,ft,Approved,,2025-03-11T20:44:24.741023+00:00,931ebc1c624c48f8927ac294217b8f29
2014-12-13,599.91,,ft,Approved,,2025-03-11T20:44:24.741023+00:00,931ebc1c624c48f8927ac294217b8f29
2014-12-14,599.91,,ft,Approved,,2025-03-11T20:44:24.741023+00:00,931ebc1c624c48f8927ac294217b8f29
2014-12-15,599.91,,ft,Approved,,2025-03-11T20:44:24.741023+00:00,931ebc1c624c48f8927ac294217b8f29
2014-12-16,599.9,,ft,Approved,,2025-03-11T20:44:24.741023+00:00,931ebc1c624c48f8927ac294217b8f29
2014-12-17,599.89,,ft,Approved,,2025-03-11T20:44:24.741023+00:00,931ebc1c624c48f8927ac294217b8f29
2014-12-18,599.9,,ft,Approved,,2025-03-11T20:44:24.741023+00:00,931ebc1c624c48f8927ac294217b8f29
2014-12-19,599.96,,ft,Approved,,2025-03-11T20:44:24.741023+00:00,931ebc1c624c48f8927ac294217b8f29
2014-12-20,599.95,,ft,Approved,,2025-03-11T20:44:24.741023+00:00,931ebc1c624c48f8927ac294217b8f29
2014-12-21,599.93,,ft,Approved,,2025-03-11T20:44:24.741023+00:00,931ebc1c624c48f8927ac294217b8f29
2014-12-22,599.92,,ft,Approved,,2025-03-11T20:44:24.741023+00:00,931ebc1c624c48f8927ac294217b8f29
2014-12-23,599.91,,ft,Approved,,2025-03-11T20:44:24.741023+00:00,931ebc1c624c48f8927ac294217b8f29
2014-12-24,599.89,,ft,Approved,,2025-03-11T20:44:24.741023+00:00,931ebc1c624c48f8927ac294217b8f29
2014-12-25,599.88,,ft,Approved,,2025-03-11T20:44:24.741023+00:00,931ebc1c624c48f8927ac294217b8f29
2014-12-26,599.88,,ft,Approved,,2025-03-11T20:44:24.741023+00:00,931ebc1c624c48f8927ac294217b8f29
2014-12-27,599.88,,ft,Approved,,2025-03-11T20:44:24.741023+00:00,931ebc1c624c48f8927ac294217b8f29
2014-12-28,599.88,,ft,Approved,,2025-03-11T20:44:24.741023+00:00,931ebc1c624c48f8927ac294217b8f29
2014-12-29,599.88,,ft,Approved,,2025-03-11T20:44:24.741023+00:00,931ebc1c624c48f8927ac294217b8f29
2014-12-30,599.88,,ft,Approved,,2025-03-11T20:44:24.741023+00:00,931ebc1c624c48f8927ac294217b8f29
2014-12-31,599.88,,ft,Approved,,2025-03-11T20:44:24.741023+00:00,931ebc1c624c48f8927ac294217b8f29
2015-01-01,599.91,,ft,Approved,,2025-03-11T20:44:24.741023+00:00,931ebc1c624c48f8927ac294217b8f29
2015-01-02,599.94,,ft,Approved,,2025-03-11T20:44:24.741023+00:00,931ebc1c624c48f8927ac294217b8f29
2015-01-03,600.29,,ft,Approved,,2025-03-11T20:44:24.741023+00:00,931ebc1c624c48f8927ac294217b8f29
2015-01-04,600.02,,ft,Approved,,2025-03-11T20:44:24.741023+00:00,931ebc1c624c48f8927ac294217b8f29
2015-01-05,599.95,,ft,Approved,,2025-03-11T20:44:24.741023+00:00,931ebc1c624c48f8927ac294217b8f29
2015-01-06,599.93,,ft,Approved,,2025-03-11T20:44:24.741023+00:00,931ebc1c624c48f8927ac294217b8f29
2015-01-07,599.92,,ft,Approved,,2025-03-11T20:44:24.741023+00:00,931ebc1c624c48f8927ac294217b8f29
2015-01-08,599.9,,ft,Approved,,2025-03-11T20:44:24.741023+00:00,931ebc1c624c48f8927ac294217b8f29
2015-01-09,599.9,,ft,Approved,,2025-03-11T20:44:24.741023+00:00,931ebc1c624c48f8927ac294217b8f29
2015-01-10,599.92,,ft,Approved,,2025-03-11T20:44:24.741023+00:00,931ebc1c624c48f8927ac294217b8f29
2015-01-11,599.99,,ft,Approved,,2025-03-11T20:44:24.741023+00:00,931ebc1c624c48f8927ac294217b8f29
2015-01-12,599.96,,ft,Approved,,2025-03-11T20:44:24.741023+00:00,931ebc1c624c48f8927ac294217b8f29
2015-01-13,599.94,,ft,Approved,,2025-03-11T20:44:24.741023+00:00,931ebc1c624c48f8927ac294217b8f29
2015-01-14,599.93,,ft,Approved,,2025-03-11T20:44:24.741023+00:00,931ebc1c624c48f8927ac294217b8f29
2015-01-15,599.93,,ft,Approved,,2025-03-11T20:44:24.741023+00:00,931ebc1c624c48f8927ac294217b8f29
2015-01-16,599.92,,ft,Approved,,2025-03-11T20:44:24.741023+00:00,931ebc1c624c48f8927ac294217b8f29
2015-01-17,599.92,,ft,Approved,,2025-03-11T20:44:24.741023+00:00,931ebc1c624c48f8927ac294217b8f29
2015-01-18,599.92,,ft,Approved,,2025-03-11T20:44:24.741023+00:00,931ebc1c624c48f8927ac294217b8f29
2015-01-19,599.91,,ft,Approved,,2025-03-11T20:44:24.741023+00:00,931ebc1c624c48f8927ac294217b8f29
2015-01-20,599.92,,ft,Approved,,2025-03-11T20:44:24.741023+00:00,931ebc1c624c48f8927ac294217b8f29
2015-01-21,599.93,,ft,Approved,,2025-03-11T20:44:24.741023+00:00,931ebc1c624c48f8927ac294217b8f29
2015-01-22,600.86,,ft,Approved,,2025-03-11T20:44:24.741023+00:00,931ebc1c624c48f8927ac294217b8f29
2015-01-23,600.35,,ft,Approved,,2025-03-11T20:44:24.741023+00:00,931ebc1c624c48f8927ac294217b8f29
2015-01-24,600.09,,ft,Approved,,2025-03-11T20:44:24.741023+00:00,931ebc1c624c48f8927ac294217b8f29
2015-01-25,600.0,,ft,Approved,,2025-03-11T20:44:24.741023+00:00,931ebc1c624c48f8927ac294217b8f29
2015-01-26,599.97,,ft,Approved,,2025-03-11T20:44:24.741023+00:00,931ebc1c624c48f8927ac294217b8f29
2015-01-27,599.96,,ft,Approved,,2025-03-11T20:44:24.741023+00:00,931ebc1c624c48f8927ac294217b8f29
2015-01-28,599.95,,ft,Approved,,2025-03-11T20:44:24.741023+00:00,931ebc1c624c48f8927ac294217b8f29
2015-01-29,599.94,,ft,Approved,,2025-03-11T20:44:24.741023+00:00,931ebc1c624c48f8927ac294217b8f29
2015-01-30,599.93,,ft,Approved,,2025-03-11T20:44:24.741023+00:00,931ebc1c624c48f8927ac294217b8f29
2015-01-31,599.95,,ft,Approved,,2025-03-11T20:44:24.741023+00:00,931ebc1c624c48f8927ac294217b8f29
2015-02-01,600.01,,ft,Approved,,2025-03-11T20:44:24.741023+00:00,931ebc1c624c48f8927ac294217b8f29
2015-02-02,599.96,,ft,Approved,,2025-03-11T20:44:24.741023+00:00,931ebc1c624c48f8927ac294217b8f29
2015-02-03,599.96,,ft,Approved,,2025-03-11T20:44:24.741023+00:00,931ebc1c624c48f8927ac294217b8f29
2015-02-04,599.98,,ft,Approved,,2025-03-11T20:44:24.741023+00:00,931ebc1c624c48f8927ac294217b8f29
2015-02-05,599.96,,ft,Approved,,2025-03-11T20:44:24.741023+00:00,931ebc1c624c48f8927ac294217b8f29
2015-02-06,599.95,,ft,Approved,,2025-03-11T20:44:24.741023+00:00,931ebc1c624c48f8927ac294217b8f29
2015-02-07,599.94,,ft,Approved,,2025-03-11T20:44:24.741023+00:00,931ebc1c624c48f8927ac294217b8f29
2015-02-08,599.93,,ft,Approved,,2025-03-11T20:44:24.741023+00:00,931ebc1c624c48f8927ac294217b8f29
2015-02-09,599.94,,ft,Approved,,2025-03-11T20:44:24.741023+00:00,931ebc1c624c48f8927ac294217b8f29
2015-02-10,599.93,,ft,Approved,,2025-03-11T20:44:24.741023+00:00,931ebc1c624c48f8927ac294217b8f29
2015-02-11,599.93,,ft,Approved,,2025-03-11T20:44:24.741023+00:00,931ebc1c624c48f8927ac294217b8f29
2015-02-12,599.92,,ft,Approved,,2025-03-11T20:44:24.741023+00:00,931ebc1c624c48f8927ac294217b8f29
2015-02-13,599.92,,ft,Approved,,2025-03-11T20:44:24.741023+00:00,931ebc1c624c48f8927ac294217b8f29
2015-02-14,599.92,,ft,Approved,,2025-03-11T20:44:24.741023+00:00,931ebc1c624c48f8927ac294217b8f29
2015-02-15,599.93,,ft,Approved,,2025-03-11T20:44:24.741023+00:00,931ebc1c624c48f8927ac294217b8f29
2015-02-16,599.93,,ft,Approved,,2025-03-11T20:44:24.741023+00:00,931ebc1c624c48f8927ac294217b8f29
2015-02-17,599.93,,ft,Approved,,2025-03-11T20:44:24.741023+00:00,931ebc1c624c48f8927ac294217b8f29
2015-02-18,599.92,,ft,Approved,,2025-03-11T20:44:24.741023+00:00,931ebc1c624c48f8927ac294217b8f29
2015-02-19,599.92,,ft,Approved,,2025-03-11T20:44:24.741023+00:00,931ebc1c624c48f8927ac294217b8f29
2015-02-20,599.92,,ft,Approved,,2025-03-11T20:44:24.741023+00:00,931ebc1c624c48f8927ac294217b8f29
2015-02-21,599.91,,ft,Approved,,2025-03-11T20:44:24.741023+00:00,931ebc1c624c48f8927ac294217b8f29
2015-02-22,599.91,,ft,Approved,,2025-03-11T20:44:24.741023+00:00,931ebc1c624c48f8927ac294217b8f29
2015-02-23,599.9,,ft,Approved,,2025-03-11T20:44:24.741023+00:00,931ebc1c624c48f8927ac294217b8f29
2015-02-24,599.9,,ft,Approved,,2025-03-11T20:44:24.741023+00:00,931ebc1c624c48f8927ac294217b8f29
2015-02-25,599.92,,ft,Approved,,2025-03-11T20:44:24.741023+00:00,931ebc1c624c48f8927ac294217b8f29
2015-02-26,599.92,,ft,Approved,,2025-03-11T20:44:24.741023+00:00,931ebc1c624c48f8927ac294217b8f29
2015-02-27,599.91,,ft,Approved,,2025-03-11T20:44:24.741023+00:00,931ebc1c624c48f8927ac294217b8f29
2015-02-28,599.91,,ft,Approved,,2025-03-11T20:44:24.741023+00:00,931ebc1c624c48f8927ac294217b8f29
2015-03-01,599.93,,ft,Approved,,2025-03-11T20:44:24.741023+00:00,931ebc1c624c48f8927ac294217b8f29
2015-03-02,599.94,,ft,Approved,,2025-03-11T20:44:24.741023+00:00,931ebc1c624c48f8927ac294217b8f29
2015-03-03,599.94,,ft,Approved,,2025-03-11T20:44:24.741023+00:00,931ebc1c624c48f8927ac294217b8f29
2015-03-04,599.95,,ft,Approved,,2025-03-11T20:44:24.741023+00:00,931ebc1c624c48f8927ac294217b8f29
2015-03-05,599.97,,ft,Approved,,2025-03-11T20:44:24.741023+00:00,931ebc1c624c48f8927ac294217b8f29
2015-03-06,599.95,,ft,Approved,,2025-03-11T20:44:24.741023+00:00,931ebc1c624c48f8927ac294217b8f29
2015-03-07,599.94,,ft,Approved,,2025-03-11T20:44:24.741023+00:00,931ebc1c624c48f8927ac294217b8f29
2015-03-08,599.95,,ft,Approved,,2025-03-11T20:44:24.741023+00:00,931ebc1c624c48f8927ac294217b8f29
2015-03-09,601.52,,ft,Approved,,2025-03-11T20:44:24.741023+00:00,931ebc1c624c48f8927ac294217b8f29
2015-03-10,600.77,,ft,Approved,,2025-03-11T20:44:24.741023+00:00,931ebc1c624c48f8927ac294217b8f29
2015-03-11,600.05,,ft,Approved,,2025-03-11T20:44:24.741023+00:00,931ebc1c624c48f8927ac294217b8f29
2015-03-12,599.98,,ft,Approved,,2025-03-11T20:44:24.741023+00:00,931ebc1c624c48f8927ac294217b8f29
2015-03-13,599.96,,ft,Approved,,2025-03-11T20:44:24.741023+00:00,931ebc1c624c48f8927ac294217b8f29
2015-03-14,599.95,,ft,Approved,,2025-03-11T20:44:24.741023+00:00,931ebc1c624c48f8927ac294217b8f29
2015-03-15,599.95,,ft,Approved,,2025-03-11T20:44:24.741023+00:00,931ebc1c624c48f8927ac294217b8f29
2015-03-16,599.95,,ft,Approved,,2025-03-11T20:44:24.741023+00:00,931ebc1c624c48f8927ac294217b8f29
2015-03-17,599.95,,ft,Approved,,2025-03-11T20:44:24.741023+00:00,931ebc1c624c48f8927ac294217b8f29
2015-03-18,599.96,,ft,Approved,,2025-03-11T20:44:24.741023+00:00,931ebc1c624c48f8927ac294217b8f29
2015-03-19,599.95,,ft,Approved,,2025-03-11T20:44:24.741023+00:00,931ebc1c624c48f8927ac294217b8f29
2015-03-20,600.13,,ft,Approved,,2025-03-11T20:44:24.741023+00:00,931ebc1c624c48f8927ac294217b8f29
2015-03-21,600.41,,ft,Approved,,2025-03-11T20:44:24.741023+00:00,931ebc1c624c48f8927ac294217b8f29
2015-03-22,600.15,,ft,Approved,,2025-03-11T20:44:24.741023+00:00,931ebc1c624c48f8927ac294217b8f29
2015-03-23,600.02,,ft,Approved,,2025-03-11T20:44:24.741023+00:00,931ebc1c624c48f8927ac294217b8f29
2015-03-24,599.98,,ft,Approved,,2025-03-11T20:44:24.741023+00:00,931ebc1c624c48f8927ac294217b8f29
2015-03-25,599.96,,ft,Approved,,2025-03-11T20:44:24.741023+00:00,931ebc1c624c48f8927ac294217b8f29
2015-03-26,599.94,,ft,Approved,,2025-03-11T20:44:24.741023+00:00,931ebc1c624c48f8927ac294217b8f29
2015-03-27,599.93,,ft,Approved,,2025-03-11T20:44:24.741023+00:00,931ebc1c624c48f8927ac294217b8f29
2015-03-28,599.92,,ft,Approved,,2025-03-11T20:44:24.741023+00:00,931ebc1c624c48f8927ac294217b8f29
2015-03-29,599.91,,ft,Approved,,2025-03-11T20:44:24.741023+00:00,931ebc1c624c48f8927ac294217b8f29
2015-03-30,599.9,,ft,Approved,,2025-03-11T20:44:24.741023+00:00,931ebc1c624c48f8927ac294217b8f29
2015-03-31,599.91,,ft,Approved,,2025-03-11T20:44:24.741023+00:00,931ebc1c624c48f8927ac294217b8f29
2015-04-01,599.91,,ft,Approved,,2025-03-11T20:44:24.741023+00:00,931ebc1c624c48f8927ac294217b8f29
2015-04-02,599.91,,ft,Approved,,2025-03-11T20:44:24.741023+00:00,931ebc1c624c48f8927ac294217b8f29
2015-04-03,599.91,,ft,Approved,,2025-03-11T20:44:24.741023+00:00,931ebc1c624c48f8927ac294217b8f29
2015-04-04,599.89,,ft,Approved,,2025-03-11T20:44:24.741023+00:00,931ebc1c624c48f8927ac294217b8f29
2015-04-05,599.89,,ft,Approved,,2025-03-11T20:44:24.741023+00:00,931ebc1c624c48f8927ac294217b8f29
2015-04-06,599.9,,ft,Approved,,2025-03-11T20:44:24.741023+00:00,931ebc1c624c48f8927ac294217b8f29
2015-04-07,599.9,,ft,Approved,,2025-03-11T20:44:24.741023+00:00,931ebc1c624c48f8927ac294217b8f29
2015-04-08,599.9,,ft,Approved,,2025-03-11T20:44:24.741023+00:00,931ebc1c624c48f8927ac294217b8f29
2015-04-09,599.89,,ft,Approved,,2025-03-11T20:44:24.741023+00:00,931ebc1c624c48f8927ac294217b8f29
2015-04-10,599.91,,ft,Approved,,2025-03-11T20:44:24.741023+00:00,931ebc1c624c48f8927ac294217b8f29
2015-04-11,599.93,,ft,Approved,,2025-03-11T20:44:24.741023+00:00,931ebc1c624c48f8927ac294217b8f29
2015-04-12,599.94,,ft,Approved,,2025-03-11T20:44:24.741023+00:00,931ebc1c624c48f8927ac294217b8f29
2015-04-13,599.95,,ft,Approved,,2025-03-11T20:44:24.741023+00:00,931ebc1c624c48f8927ac294217b8f29
2015-04-14,599.93,,ft,Approved,,2025-03-11T20:44:24.741023+00:00,931ebc1c624c48f8927ac294217b8f29
2015-04-15,599.92,,ft,Approved,,2025-03-11T20:44:24.741023+00:00,931ebc1c624c48f8927ac294217b8f29
2015-04-16,599.92,,ft,Approved,,2025-03-11T20:44:24.741023+00:00,931ebc1c624c48f8927ac294217b8f29
2015-04-17,599.93,,ft,Approved,,2025-03-11T20:44:24.741023+00:00,931ebc1c624c48f8927ac294217b8f29
2015-04-18,599.98,,ft,Approved,,2025-03-11T20:44:24.741023+00:00,931ebc1c624c48f8927ac294217b8f29
2015-04-19,599.97,,ft,Approved,,2025-03-11T20:44:24.741023+00:00,931ebc1c624c48f8927ac294217b8f29
2015-04-20,599.93,,ft,Approved,,2025-03-11T20:44:24.741023+00:00,931ebc1c624c48f8927ac294217b8f29
2015-04-21,599.92,,ft,Approved,,2025-03-11T20:44:24.741023+00:00,931ebc1c624c48f8927ac294217b8f29
2015-04-22,599.91,,ft,Approved,,2025-03-11T20:44:24.741023+00:00,931ebc1c624c48f8927ac294217b8f29
2015-04-23,599.91,,ft,Approved,,2025-03-11T20:44:24.741023+00:00,931ebc1c624c48f8927ac294217b8f29
2015-04-24,600.0,,ft,Approved,,2025-03-11T20:44:24.741023+00:00,931ebc1c624c48f8927ac294217b8f29
2015-04-25,599.99,,ft,Approved,,2025-03-11T20:44:24.741023+00:00,931ebc1c624c48f8927ac294217b8f29
2015-04-26,599.95,,ft,Approved,,2025-03-11T20:44:24.741023+00:00,931ebc1c624c48f8927ac294217b8f29
2015-04-27,599.96,,ft,Approved,,2025-03-11T20:44:24.741023+00:00,931ebc1c624c48f8927ac294217b8f29
2015-04-28,599.93,,ft,Approved,,2025-03-11T20:44:24.741023+00:00,931ebc1c624c48f8927ac294217b8f29
2015-04-29,599.91,,ft,Approved,,2025-03-11T20:44:24.741023+00:00,931ebc1c624c48f8927ac294217b8f29
2015-04-30,599.9,,ft,Approved,,2025-03-11T20:44:24.741023+00:00,931ebc1c624c48f8927ac294217b8f29
2015-05-01,599.89,,ft,Approved,,2025-03-11T20:44:24.741023+00:00,931ebc1c624c48f8927ac294217b8f29
2015-05-02,599.88,,ft,Approved,,2025-03-11T20:44:24.741023+00:00,931ebc1c624c48f8927ac294217b8f29
2015-05-03,599.86,,ft,Approved,,2025-03-11T20:44:24.741023+00:00,931ebc1c624c48f8927ac294217b8f29
2015-05-04,599.85,,ft,Approved,,2025-03-11T20:44:24.741023+00:00,931ebc1c624c48f8927ac294217b8f29
2015-05-05,599.85,,ft,Approved,,2025-03-11T20:44:24.741023+00:00,931ebc1c624c48f8927ac294217b8f29
2015-05-06,600.42,,ft,Approved,,2025-03-11T20:44:24.741023+00:00,931ebc1c624c48f8927ac294217b8f29
2015-05-07,600.04,,ft,Approved,,2025-03-11T20:44:24.741023+00:00,931ebc1c624c48f8927ac294217b8f29
2015-05-08,599.98,,ft,Approved,,2025-03-11T20:44:24.741023+00:00,931ebc1c624c48f8927ac294217b8f29
2015-05-09,599.98,,ft,Approved,,2025-03-11T20:44:24.741023+00:00,931ebc1c624c48f8927ac294217b8f29
2015-05-10,599.95,,ft,Approved,,2025-03-11T20:44:24.741023+00:00,931ebc1c624c48f8927ac294217b8f29
2015-05-11,599.95,,ft,Approved,,2025-03-11T20:44:24.741023+00:00,931ebc1c624c48f8927ac294217b8f29
2015-05-12,599.98,,ft,Approved,,2025-03-11T20:44:24.741023+00:00,931ebc1c624c48f8927ac294217b8f29
2015-05-13,600.18,,ft,Approved,,2025-03-11T20:44:24.741023+00:00,931ebc1c624c48f8927ac294217b8f29
2015-05-14,600.15,,ft,Approved,,2025-03-11T20:44:24.741023+00:00,931ebc1c624c48f8927ac294217b8f29
2015-05-15,600.06,,ft,Approved,,2025-03-11T20:44:24.741023+00:00,931ebc1c624c48f8927ac294217b8f29
2015-05-16,600.02,,ft,Approved,,2025-03-11T20:44:24.741023+00:00,931ebc1c624c48f8927ac294217b8f29
2015-05-17,600.56,,ft,Approved,,2025-03-11T20:44:24.741023+00:00,931ebc1c624c48f8927ac294217b8f29
2015-05-18,600.15,,ft,Approved,,2025-03-11T20:44:24.741023+00:00,931ebc1c624c48f8927ac294217b8f29
2015-05-19,600.0,,ft,Approved,,2025-03-11T20:44:24.741023+00:00,931ebc1c624c48f8927ac294217b8f29
2015-05-20,599.97,,ft,Approved,,2025-03-11T20:44:24.741023+00:00,931ebc1c624c48f8927ac294217b8f29
2015-05-21,600.01,,ft,Approved,,2025-03-11T20:44:24.741023+00:00,931ebc1c624c48f8927ac294217b8f29
2015-05-22,599.98,,ft,Approved,,2025-03-11T20:44:24.741023+00:00,931ebc1c624c48f8927ac294217b8f29
2015-05-23,600.01,,ft,Approved,,2025-03-11T20:44:24.741023+00:00,931ebc1c624c48f8927ac294217b8f29
2015-05-24,600.91,,ft,Approved,,2025-03-11T20:44:24.741023+00:00,931ebc1c624c48f8927ac294217b8f29
2015-05-25,602.68,,ft,Approved,,2025-03-11T20:44:24.741023+00:00,931ebc1c624c48f8927ac294217b8f29
2015-05-26,607.14,,ft,Approved,,2025-03-11T20:44:24.741023+00:00,931ebc1c624c48f8927ac294217b8f29
2015-05-27,605.07,,ft,Approved,,2025-03-11T20:44:24.741023+00:00,931ebc1c624c48f8927ac294217b8f29
2015-05-28,602.58,,ft,Approved,,2025-03-11T20:44:24.741023+00:00,931ebc1c624c48f8927ac294217b8f29
2015-05-29,600.6,,ft,Approved,,2025-03-11T20:44:24.741023+00:00,931ebc1c624c48f8927ac294217b8f29
2015-05-30,600.02,,ft,Approved,,2025-03-11T20:44:24.741023+00:00,931ebc1c624c48f8927ac294217b8f29
2015-05-31,599.66,,ft,Approved,,2025-03-11T20:44:24.741023+00:00,931ebc1c624c48f8927ac294217b8f29
2015-06-01,599.57,,ft,Approved,,2025-03-11T20:44:24.741023+00:00,931ebc1c624c48f8927ac294217b8f29
2015-06-02,599.57,,ft,Approved,LESSTHAN,2026-01-15T23:25:46.983835+00:00,931ebc1c624c48f8927ac294217b8f29
2015-06-03,599.57,,ft,Approved,LESSTHAN,2025-03-11T20:44:24.741023+00:00,931ebc1c624c48f8927ac294217b8f29
2015-06-04,599.57,,ft,Approved,LESSTHAN,2025-03-11T20:44:24.741023+00:00,931ebc1c624c48f8927ac294217b8f29
2015-06-05,599.57,,ft,Approved,LESSTHAN,2025-03-11T20:44:24.741023+00:00,931ebc1c624c48f8927ac294217b8f29
2015-06-06,599.57,,ft,Approved,LESSTHAN,2025-03-11T20:44:24.741023+00:00,931ebc1c624c48f8927ac294217b8f29
2015-06-07,599.57,,ft,Approved,LESSTHAN,2025-03-11T20:44:24.741023+00:00,931ebc1c624c48f8927ac294217b8f29
2015-06-08,599.57,,ft,Approved,LESSTHAN,2025-03-11T20:44:24.741023+00:00,931ebc1c624c48f8927ac294217b8f29
2015-06-09,599.57,,ft,Approved,LESSTHAN,2025-03-11T20:44:24.741023+00:00,931ebc1c624c48f8927ac294217b8f29
2015-06-10,599.57,,ft,Approved,LESSTHAN,2025-03-11T20:44:24.741023+00:00,931ebc1c624c48f8927ac294217b8f29
2015-06-11,599.57,,ft,Approved,LESSTHAN,2025-03-11T20:44:24.741023+00:00,931ebc1c624c48f8927ac294217b8f29
2015-06-12,599.57,,ft,Approved,LESSTHAN,2025-03-11T20:44:24.741023+00:00,931ebc1c624c48f8927ac294217b8f29
2015-06-13,599.57,,ft,Approved,LESSTHAN,2025-03-11T20:44:24.741023+00:00,931ebc1c624c48f8927ac294217b8f29
2015-06-14,599.57,,ft,Approved,LESSTHAN,2025-03-11T20:44:24.741023+00:00,931ebc1c624c48f8927ac294217b8f29
2015-06-15,599.57,,ft,Approved,LESSTHAN,2025-03-11T20:44:24.741023+00:00,931ebc1c624c48f8927ac294217b8f29
2015-06-16,599.57,,ft,Approved,LESSTHAN,2025-03-11T20:44:24.741023+00:00,931ebc1c624c48f8927ac294217b8f29
2015-06-17,599.57,,ft,Approved,LESSTHAN,2025-03-11T20:44:24.741023+00:00,931ebc1c624c48f8927ac294217b8f29
2015-06-18,599.57,,ft,Approved,LESSTHAN,2025-03-11T20:44:24.741023+00:00,931ebc1c624c48f8927ac294217b8f29
2015-06-19,599.57,,ft,Approved,LESSTHAN,2025-03-11T20:44:24.741023+00:00,931ebc1c624c48f8927ac294217b8f29
2015-06-20,599.57,,ft,Approved,LESSTHAN,2025-03-11T20:44:24.741023+00:00,931ebc1c624c48f8927ac294217b8f29
2015-06-21,599.57,,ft,Approved,LESSTHAN,2025-03-11T20:44:24.741023+00:00,931ebc1c624c48f8927ac294217b8f29
2015-06-22,599.57,,ft,Approved,LESSTHAN,2025-03-11T20:44:24.741023+00:00,931ebc1c624c48f8927ac294217b8f29
2015-06-23,599.57,,ft,Approved,LESSTHAN,2025-03-11T20:44:24.741023+00:00,931ebc1c624c48f8927ac294217b8f29
2015-06-24,599.57,,ft,Approved,LESSTHAN,2025-03-11T20:44:24.741023+00:00,931ebc1c624c48f8927ac294217b8f29
2015-06-25,599.57,,ft,Approved,LESSTHAN,2025-03-11T20:44:24.741023+00:00,931ebc1c624c48f8927ac294217b8f29
2015-06-26,599.57,,ft,Approved,LESSTHAN,2025-03-11T20:44:24.741023+00:00,931ebc1c624c48f8927ac294217b8f29
2015-06-27,599.57,,ft,Approved,LESSTHAN,2025-03-11T20:44:24.741023+00:00,931ebc1c624c48f8927ac294217b8f29
2015-06-28,599.57,,ft,Approved,LESSTHAN,2025-03-11T20:44:24.741023+00:00,931ebc1c624c48f8927ac294217b8f29
2015-06-29,599.57,,ft,Approved,LESSTHAN,2025-03-11T20:44:24.741023+00:00,931ebc1c624c48f8927ac294217b8f29
2015-06-30,599.57,,ft,Approved,LESSTHAN,2025-03-11T20:44:24.741023+00:00,931ebc1c624c48f8927ac294217b8f29
2015-07-01,599.57,,ft,Approved,LESSTHAN,2025-03-11T20:44:24.741023+00:00,931ebc1c624c48f8927ac294217b8f29
2015-07-02,599.57,,ft,Approved,LESSTHAN,2025-03-11T20:44:24.741023+00:00,931ebc1c624c48f8927ac294217b8f29
2015-07-03,599.57,,ft,Approved,LESSTHAN,2025-03-11T20:44:24.741023+00:00,931ebc1c624c48f8927ac294217b8f29
2015-07-04,599.57,,ft,Approved,LESSTHAN,2025-03-11T20:44:24.741023+00:00,931ebc1c624c48f8927ac294217b8f29
2015-07-05,599.57,,ft,Approved,LESSTHAN,2025-03-11T20:44:24.741023+00:00,931ebc1c624c48f8927ac294217b8f29
2015-07-06,599.57,,ft,Approved,LESSTHAN,2025-03-11T20:44:24.741023+00:00,931ebc1c624c48f8927ac294217b8f29
2015-07-07,599.57,,ft,Approved,LESSTHAN,2025-03-11T20:44:24.741023+00:00,931ebc1c624c48f8927ac294217b8f29
2015-07-08,599.57,,ft,Approved,LESSTHAN,2025-03-11T20:44:24.741023+00:00,931ebc1c624c48f8927ac294217b8f29
2015-07-09,599.57,,ft,Approved,LESSTHAN,2025-03-11T20:44:24.741023+00:00,931ebc1c624c48f8927ac294217b8f29
2015-07-10,599.57,,ft,Approved,LESSTHAN,2025-03-11T20:44:24.741023+00:00,931ebc1c624c48f8927ac294217b8f29
2015-07-11,599.57,,ft,Approved,LESSTHAN,2025-03-11T20:44:24.741023+00:00,931ebc1c624c48f8927ac294217b8f29
2015-07-12,599.57,,ft,Approved,LESSTHAN,2025-03-11T20:44:24.741023+00:00,931ebc1c624c48f8927ac294217b8f29
2015-07-13,599.57,,ft,Approved,LESSTHAN,2025-03-11T20:44:24.741023+00:00,931ebc1c624c48f8927ac294217b8f29
2015-07-14,599.57,,ft,Approved,LESSTHAN,2025-03-11T20:44:24.741023+00:00,931ebc1c624c48f8927ac294217b8f29
2015-07-15,599.57,,ft,Approved,LESSTHAN,2025-03-11T20:44:24.741023+00:00,931ebc1c624c48f8927ac294217b8f29
2015-07-16,599.57,,ft,Approved,LESSTHAN,2025-03-11T20:44:24.741023+00:00,931ebc1c624c48f8927ac294217b8f29
2015-07-17,599.57,,ft,Approved,LESSTHAN,2025-03-11T20:44:24.741023+00:00,931ebc1c624c48f8927ac294217b8f29
2015-07-18,599.57,,ft,Approved,LESSTHAN,2025-03-11T20:44:24.741023+00:00,931ebc1c624c48f8927ac294217b8f29
2015-07-19,599.57,,ft,Approved,LESSTHAN,2025-03-11T20:44:24.741023+00:00,931ebc1c624c48f8927ac294217b8f29
2015-07-20,599.57,,ft,Approved,LESSTHAN,2025-03-11T20:44:24.741023+00:00,931ebc1c624c48f8927ac294217b8f29
2015-07-21,599.57,,ft,Approved,LESSTHAN,2025-03-11T20:44:24.741023+00:00,931ebc1c624c48f8927ac294217b8f29
2015-07-22,599.57,,ft,Approved,LESSTHAN,2025-03-11T20:44:24.741023+00:00,931ebc1c624c48f8927ac294217b8f29
2015-07-23,599.57,,ft,Approved,LESSTHAN,2025-03-11T20:44:24.741023+00:00,931ebc1c624c48f8927ac294217b8f29
2015-07-24,599.57,,ft,Approved,LESSTHAN,2025-03-11T20:44:24.741023+00:00,931ebc1c624c48f8927ac294217b8f29
2015-07-25,599.57,,ft,Approved,LESSTHAN,2025-03-11T20:44:24.741023+00:00,931ebc1c624c48f8927ac294217b8f29
2015-07-26,599.57,,ft,Approved,LESSTHAN,2025-03-11T20:44:24.741023+00:00,931ebc1c624c48f8927ac294217b8f29
2015-07-27,599.57,,ft,Approved,LESSTHAN,2025-03-11T20:44:24.741023+00:00,931ebc1c624c48f8927ac294217b8f29
2015-07-28,599.57,,ft,Approved,LESSTHAN,2025-03-11T20:44:24.741023+00:00,931ebc1c624c48f8927ac294217b8f29
2015-07-29,599.57,,ft,Approved,LESSTHAN,2025-03-11T20:44:24.741023+00:00,931ebc1c624c48f8927ac294217b8f29
2015-07-30,599.57,,ft,Approved,LESSTHAN,2025-03-11T20:44:24.741023+00:00,931ebc1c624c48f8927ac294217b8f29
2015-07-31,599.57,,ft,Approved,LESSTHAN,2025-03-11T20:44:24.741023+00:00,931ebc1c624c48f8927ac294217b8f29
2015-08-01,599.57,,ft,Approved,LESSTHAN,2025-03-11T20:44:24.741023+00:00,931ebc1c624c48f8927ac294217b8f29
2015-08-02,599.57,,ft,Approved,LESSTHAN,2025-03-11T20:44:24.741023+00:00,931ebc1c624c48f8927ac294217b8f29
2015-08-03,599.57,,ft,Approved,LESSTHAN,2025-03-11T20:44:24.741023+00:00,931ebc1c624c48f8927ac294217b8f29
2015-08-04,599.57,,ft,Approved,LESSTHAN,2025-03-11T20:44:24.741023+00:00,931ebc1c624c48f8927ac294217b8f29
2015-08-05,599.57,,ft,Approved,LESSTHAN,2025-03-11T20:44:24.741023+00:00,931ebc1c624c48f8927ac294217b8f29
2015-08-06,599.57,,ft,Approved,LESSTHAN,2025-03-11T20:44:24.741023+00:00,931ebc1c624c48f8927ac294217b8f29
2015-08-07,599.57,,ft,Approved,LESSTHAN,2025-03-11T20:44:24.741023+00:00,931ebc1c624c48f8927ac294217b8f29
2015-08-08,599.57,,ft,Approved,LESSTHAN,2025-03-11T20:44:24.741023+00:00,931ebc1c624c48f8927ac294217b8f29
2015-08-09,599.57,,ft,Approved,LESSTHAN,2025-03-11T20:44:24.741023+00:00,931ebc1c624c48f8927ac294217b8f29
2015-08-10,599.57,,ft,Approved,LESSTHAN,2025-03-11T20:44:24.741023+00:00,931ebc1c624c48f8927ac294217b8f29
2015-08-11,599.57,,ft,Approved,LESSTHAN,2025-03-11T20:44:24.741023+00:00,931ebc1c624c48f8927ac294217b8f29
2015-08-12,599.57,,ft,Approved,LESSTHAN,2025-03-11T20:44:24.741023+00:00,931ebc1c624c48f8927ac294217b8f29
2015-08-13,599.57,,ft,Approved,LESSTHAN,2025-03-11T20:44:24.741023+00:00,931ebc1c624c48f8927ac294217b8f29
2015-08-14,599.57,,ft,Approved,LESSTHAN,2025-03-11T20:44:24.741023+00:00,931ebc1c624c48f8927ac294217b8f29
2015-08-15,599.57,,ft,Approved,LESSTHAN,2025-03-11T20:44:24.741023+00:00,931ebc1c624c48f8927ac294217b8f29
2015-08-16,599.57,,ft,Approved,LESSTHAN,2025-03-11T20:44:24.741023+00:00,931ebc1c624c48f8927ac294217b8f29
2015-08-17,599.57,,ft,Approved,LESSTHAN,2025-03-11T20:44:24.741023+00:00,931ebc1c624c48f8927ac294217b8f29
2015-08-18,599.57,,ft,Approved,LESSTHAN,2025-03-11T20:44:24.741023+00:00,931ebc1c624c48f8927ac294217b8f29
2015-08-19,599.57,,ft,Approved,LESSTHAN,2025-03-11T20:44:24.741023+00:00,931ebc1c624c48f8927ac294217b8f29
2015-08-20,599.57,,ft,Approved,LESSTHAN,2025-03-11T20:44:24.741023+00:00,931ebc1c624c48f8927ac294217b8f29
2015-08-21,599.57,,ft,Approved,LESSTHAN,2025-03-11T20:44:24.741023+00:00,931ebc1c624c48f8927ac294217b8f29
2015-08-22,599.57,,ft,Approved,LESSTHAN,2025-03-11T20:44:24.741023+00:00,931ebc1c624c48f8927ac294217b8f29
2015-08-23,599.57,,ft,Approved,LESSTHAN,2025-03-11T20:44:24.741023+00:00,931ebc1c624c48f8927ac294217b8f29
2015-08-24,599.57,,ft,Approved,LESSTHAN,2025-03-11T20:44:24.741023+00:00,931ebc1c624c48f8927ac294217b8f29
2015-08-25,599.57,,ft,Approved,LESSTHAN,2025-03-11T20:44:24.741023+00:00,931ebc1c624c48f8927ac294217b8f29
2015-08-26,599.57,,ft,Approved,LESSTHAN,2025-03-11T20:44:24.741023+00:00,931ebc1c624c48f8927ac294217b8f29
2015-08-27,599.57,,ft,Approved,LESSTHAN,2025-03-11T20:44:24.741023+00:00,931ebc1c624c48f8927ac294217b8f29
2015-08-28,599.57,,ft,Approved,LESSTHAN,2025-03-11T20:44:24.741023+00:00,931ebc1c624c48f8927ac294217b8f29
2015-08-29,599.57,,ft,Approved,LESSTHAN,2025-03-11T20:44:24.741023+00:00,931ebc1c624c48f8927ac294217b8f29
2015-08-30,599.57,,ft,Approved,LESSTHAN,2025-03-11T20:44:24.741023+00:00,931ebc1c624c48f8927ac294217b8f29
2015-08-31,599.57,,ft,Approved,LESSTHAN,2025-03-11T20:44:24.741023+00:00,931ebc1c624c48f8927ac294217b8f29
2015-09-01,599.57,,ft,Approved,LESSTHAN,2025-03-11T20:44:24.741023+00:00,931ebc1c624c48f8927ac294217b8f29
2015-09-02,599.57,,ft,Approved,LESSTHAN,2025-03-11T20:44:24.741023+00:00,931ebc1c624c48f8927ac294217b8f29
2015-09-03,599.57,,ft,Approved,LESSTHAN,2025-03-11T20:44:24.741023+00:00,931ebc1c624c48f8927ac294217b8f29
2015-09-04,599.57,,ft,Approved,LESSTHAN,2025-03-11T20:44:24.741023+00:00,931ebc1c624c48f8927ac294217b8f29
2015-09-05,599.57,,ft,Approved,LESSTHAN,2025-03-11T20:44:24.741023+00:00,931ebc1c624c48f8927ac294217b8f29
2015-09-06,599.57,,ft,Approved,LESSTHAN,2025-03-11T20:44:24.741023+00:00,931ebc1c624c48f8927ac294217b8f29
2015-09-07,599.57,,ft,Approved,LESSTHAN,2025-03-11T20:44:24.741023+00:00,931ebc1c624c48f8927ac294217b8f29
2015-09-08,599.57,,ft,Approved,LESSTHAN,2025-03-11T20:44:24.741023+00:00,931ebc1c624c48f8927ac294217b8f29
2015-09-09,599.57,,ft,Approved,LESSTHAN,2025-03-11T20:44:24.741023+00:00,931ebc1c624c48f8927ac294217b8f29
2015-09-10,599.57,,ft,Approved,LESSTHAN,2025-03-11T20:44:24.741023+00:00,931ebc1c624c48f8927ac294217b8f29
2015-09-11,599.57,,ft,Approved,LESSTHAN,2025-03-11T20:44:24.741023+00:00,931ebc1c624c48f8927ac294217b8f29
2015-09-12,599.57,,ft,Approved,LESSTHAN,2025-03-11T20:44:24.741023+00:00,931ebc1c624c48f8927ac294217b8f29
2015-09-13,599.57,,ft,Approved,LESSTHAN,2025-03-11T20:44:24.741023+00:00,931ebc1c624c48f8927ac294217b8f29
2015-09-14,599.57,,ft,Approved,LESSTHAN,2025-03-11T20:44:24.741023+00:00,931ebc1c624c48f8927ac294217b8f29
2015-09-15,599.57,,ft,Approved,LESSTHAN,2025-03-11T20:44:24.741023+00:00,931ebc1c624c48f8927ac294217b8f29
2015-09-16,599.57,,ft,Approved,LESSTHAN,2025-03-11T20:44:24.741023+00:00,931ebc1c624c48f8927ac294217b8f29
2015-09-17,599.57,,ft,Approved,LESSTHAN,2025-03-11T20:44:24.741023+00:00,931ebc1c624c48f8927ac294217b8f29
2015-09-18,599.57,,ft,Approved,LESSTHAN,2025-03-11T20:44:24.741023+00:00,931ebc1c624c48f8927ac294217b8f29
2015-09-19,599.57,,ft,Approved,LESSTHAN,2025-03-11T20:44:24.741023+00:00,931ebc1c624c48f8927ac294217b8f29
2015-09-20,599.57,,ft,Approved,LESSTHAN,2025-03-11T20:44:24.741023+00:00,931ebc1c624c48f8927ac294217b8f29
2015-09-21,599.57,,ft,Approved,LESSTHAN,2025-03-11T20:44:24.741023+00:00,931ebc1c624c48f8927ac294217b8f29
2015-09-22,599.57,,ft,Approved,LESSTHAN,2025-03-11T20:44:24.741023+00:00,931ebc1c624c48f8927ac294217b8f29
2015-09-23,599.57,,ft,Approved,LESSTHAN,2025-03-11T20:44:24.741023+00:00,931ebc1c624c48f8927ac294217b8f29
2015-09-24,599.57,,ft,Approved,LESSTHAN,2025-03-11T20:44:24.741023+00:00,931ebc1c624c48f8927ac294217b8f29
2015-09-25,599.57,,ft,Approved,LESSTHAN,2025-03-11T20:44:24.741023+00:00,931ebc1c624c48f8927ac294217b8f29
2015-09-26,599.57,,ft,Approved,LESSTHAN,2025-03-11T20:44:24.741023+00:00,931ebc1c624c48f8927ac294217b8f29
2015-09-27,599.57,,ft,Approved,LESSTHAN,2025-03-11T20:44:24.741023+00:00,931ebc1c624c48f8927ac294217b8f29
2015-09-28,599.57,,ft,Approved,LESSTHAN,2025-03-11T20:44:24.741023+00:00,931ebc1c624c48f8927ac294217b8f29
2015-09-29,599.57,,ft,Approved,LESSTHAN,2025-03-11T20:44:24.741023+00:00,931ebc1c624c48f8927ac294217b8f29
2015-09-30,599.57,,ft,Approved,LESSTHAN,2025-03-11T20:44:24.741023+00:00,931ebc1c624c48f8927ac294217b8f29
2015-10-01,599.57,,ft,Approved,LESSTHAN,2025-03-11T20:44:24.741023+00:00,931ebc1c624c48f8927ac294217b8f29
2015-10-02,599.57,,ft,Approved,LESSTHAN,2025-03-11T20:44:24.741023+00:00,931ebc1c624c48f8927ac294217b8f29
2015-10-03,599.57,,ft,Approved,LESSTHAN,2025-03-11T20:44:24.741023+00:00,931ebc1c624c48f8927ac294217b8f29
2015-10-04,599.57,,ft,Approved,LESSTHAN,2025-03-11T20:44:24.741023+00:00,931ebc1c624c48f8927ac294217b8f29
2015-10-05,599.57,,ft,Approved,LESSTHAN,2025-03-11T20:44:24.741023+00:00,931ebc1c624c48f8927ac294217b8f29
2015-10-06,599.57,,ft,Approved,LESSTHAN,2025-03-11T20:44:24.741023+00:00,931ebc1c624c48f8927ac294217b8f29
2015-10-07,599.57,,ft,Approved,LESSTHAN,2025-03-11T20:44:24.741023+00:00,931ebc1c624c48f8927ac294217b8f29
2015-10-08,599.57,,ft,Approved,LESSTHAN,2025-03-11T20:44:24.741023+00:00,931ebc1c624c48f8927ac294217b8f29
2015-10-09,599.57,,ft,Approved,LESSTHAN,2025-03-11T20:44:24.741023+00:00,931ebc1c624c48f8927ac294217b8f29
2015-10-10,599.57,,ft,Approved,LESSTHAN,2025-03-11T20:44:24.741023+00:00,931ebc1c624c48f8927ac294217b8f29
2015-10-11,599.57,,ft,Approved,LESSTHAN,2025-03-11T20:44:24.741023+00:00,931ebc1c624c48f8927ac294217b8f29
2015-10-12,599.57,,ft,Approved,LESSTHAN,2025-03-11T20:44:24.741023+00:00,931ebc1c624c48f8927ac294217b8f29
2015-10-13,599.57,,ft,Approved,LESSTHAN,2025-03-11T20:44:24.741023+00:00,931ebc1c624c48f8927ac294217b8f29
2015-10-14,599.57,,ft,Approved,LESSTHAN,2025-03-11T20:44:24.741023+00:00,931ebc1c624c48f8927ac294217b8f29
2015-10-15,599.57,,ft,Approved,LESSTHAN,2025-03-11T20:44:24.741023+00:00,931ebc1c624c48f8927ac294217b8f29
2015-10-16,599.57,,ft,Approved,LESSTHAN,2025-03-11T20:44:24.741023+00:00,931ebc1c624c48f8927ac294217b8f29
2015-10-17,599.57,,ft,Approved,LESSTHAN,2025-03-11T20:44:24.741023+00:00,931ebc1c624c48f8927ac294217b8f29
2015-10-18,599.57,,ft,Approved,LESSTHAN,2025-03-11T20:44:24.741023+00:00,931ebc1c624c48f8927ac294217b8f29
2015-10-19,599.57,,ft,Approved,LESSTHAN,2025-03-11T20:44:24.741023+00:00,931ebc1c624c48f8927ac294217b8f29
2015-10-20,599.56,,ft,Approved,LESSTHAN,2025-03-11T20:44:24.741023+00:00,931ebc1c624c48f8927ac294217b8f29
2015-10-21,599.57,,ft,Approved,LESSTHAN,2025-03-11T20:44:24.741023+00:00,931ebc1c624c48f8927ac294217b8f29
2015-10-22,599.57,,ft,Approved,LESSTHAN,2025-03-11T20:44:24.741023+00:00,931ebc1c624c48f8927ac294217b8f29
2015-10-23,599.57,,ft,Approved,LESSTHAN,2025-03-11T20:44:24.741023+00:00,931ebc1c624c48f8927ac294217b8f29
2015-10-24,599.57,,ft,Approved,LESSTHAN,2025-03-11T20:44:24.741023+00:00,931ebc1c624c48f8927ac294217b8f29
2015-10-25,599.57,,ft,Approved,LESSTHAN,2025-03-11T20:44:24.741023+00:00,931ebc1c624c48f8927ac294217b8f29
2015-10-26,599.57,,ft,Approved,LESSTHAN,2025-03-11T20:44:24.741023+00:00,931ebc1c624c48f8927ac294217b8f29
2015-10-27,599.57,,ft,Approved,LESSTHAN,2025-03-11T20:44:24.741023+00:00,931ebc1c624c48f8927ac294217b8f29
2015-10-28,599.57,,ft,Approved,LESSTHAN,2025-03-11T20:44:24.741023+00:00,931ebc1c624c48f8927ac294217b8f29
2015-10-29,599.57,,ft,Approved,LESSTHAN,2026-01-15T23:25:46.983835+00:00,931ebc1c624c48f8927ac294217b8f29
2015-10-30,599.99,,ft,Approved,,2026-01-15T23:25:46.983835+00:00,931ebc1c624c48f8927ac294217b8f29
2015-10-31,600.76,,ft,Approved,,2025-03-11T20:44:24.741023+00:00,931ebc1c624c48f8927ac294217b8f29
2015-11-01,600.15,,ft,Approved,,2025-03-11T20:44:24.741023+00:00,931ebc1c624c48f8927ac294217b8f29
2015-11-02,600.03,,ft,Approved,,2025-03-11T20:44:24.741023+00:00,931ebc1c624c48f8927ac294217b8f29
2015-11-03,600.0,,ft,Approved,,2025-03-11T20:44:24.741023+00:00,931ebc1c624c48f8927ac294217b8f29
2015-11-04,599.99,,ft,Approved,,2025-03-11T20:44:24.741023+00:00,931ebc1c624c48f8927ac294217b8f29
2015-11-05,599.98,,ft,Approved,,2025-03-11T20:44:24.741023+00:00,931ebc1c624c48f8927ac294217b8f29
2015-11-06,600.04,,ft,Approved,,2025-03-11T20:44:24.741023+00:00,931ebc1c624c48f8927ac294217b8f29
2015-11-07,600.28,,ft,Approved,,2025-03-11T20:44:24.741023+00:00,931ebc1c624c48f8927ac294217b8f29
2015-11-08,600.15,,ft,Approved,,2025-03-11T20:44:24.741023+00:00,931ebc1c624c48f8927ac294217b8f29
2015-11-09,600.03,,ft,Approved,,2025-03-11T20:44:24.741023+00:00,931ebc1c624c48f8927ac294217b8f29
2015-11-10,600.0,,ft,Approved,,2025-03-11T20:44:24.741023+00:00,931ebc1c624c48f8927ac294217b8f29
2015-11-11,599.99,,ft,Approved,,2025-03-11T20:44:24.741023+00:00,931ebc1c624c48f8927ac294217b8f29
2015-11-12,599.97,,ft,Approved,,2025-03-11T20:44:24.741023+00:00,931ebc1c624c48f8927ac294217b8f29
2015-11-13,599.96,,ft,Approved,,2025-03-11T20:44:24.741023+00:00,931ebc1c624c48f8927ac294217b8f29
2015-11-14,599.95,,ft,Approved,,2025-03-11T20:44:24.741023+00:00,931ebc1c624c48f8927ac294217b8f29
2015-11-15,599.95,,ft,Approved,,2025-03-11T20:44:24.741023+00:00,931ebc1c624c48f8927ac294217b8f29
2015-11-16,599.96,,ft,Approved,,2025-03-11T20:44:24.741023+00:00,931ebc1c624c48f8927ac294217b8f29
2015-11-17,600.09,,ft,Approved,,2025-03-11T20:44:24.741023+00:00,931ebc1c624c48f8927ac294217b8f29
2015-11-18,600.06,,ft,Approved,,2025-03-11T20:44:24.741023+00:00,931ebc1c624c48f8927ac294217b8f29
2015-11-19,600.01,,ft,Approved,,2025-03-11T20:44:24.741023+00:00,931ebc1c624c48f8927ac294217b8f29
2015-11-20,599.99,,ft,Approved,,2025-03-11T20:44:24.741023+00:00,931ebc1c624c48f8927ac294217b8f29
2015-11-21,599.97,,ft,Approved,,2025-03-11T20:44:24.741023+00:00,931ebc1c624c48f8927ac294217b8f29
2015-11-22,599.95,,ft,Approved,,2025-03-11T20:44:24.741023+00:00,931ebc1c624c48f8927ac294217b8f29
2015-11-23,599.94,,ft,Approved,,2025-03-11T20:44:24.741023+00:00,931ebc1c624c48f8927ac294217b8f29
2015-11-24,599.95,,ft,Approved,,2025-03-11T20:44:24.741023+00:00,931ebc1c624c48f8927ac294217b8f29
2015-11-25,599.95,,ft,Approved,,2025-03-11T20:44:24.741023+00:00,931ebc1c624c48f8927ac294217b8f29
2015-11-26,599.97,,ft,Approved,,2025-03-11T20:44:24.741023+00:00,931ebc1c624c48f8927ac294217b8f29
2015-11-27,600.02,,ft,Approved,,2025-03-11T20:44:24.741023+00:00,931ebc1c624c48f8927ac294217b8f29
2015-11-28,600.02,,ft,Approved,,2025-03-11T20:44:24.741023+00:00,931ebc1c624c48f8927ac294217b8f29
2015-11-29,600.01,,ft,Approved,,2025-03-11T20:44:24.741023+00:00,931ebc1c624c48f8927ac294217b8f29
2015-11-30,600.0,,ft,Approved,,2025-03-11T20:44:24.741023+00:00,931ebc1c624c48f8927ac294217b8f29
2015-12-01,599.99,,ft,Approved,,2025-03-11T20:44:24.741023+00:00,931ebc1c624c48f8927ac294217b8f29
2015-12-02,599.98,,ft,Approved,,2025-03-11T20:44:24.741023+00:00,931ebc1c624c48f8927ac294217b8f29
2015-12-03,599.98,,ft,Approved,,2025-03-11T20:44:24.741023+00:00,931ebc1c624c48f8927ac294217b8f29
2015-12-04,599.97,,ft,Approved,,2025-03-11T20:44:24.741023+00:00,931ebc1c624c48f8927ac294217b8f29
2015-12-05,599.97,,ft,Approved,,2025-03-11T20:44:24.741023+00:00,931ebc1c624c48f8927ac294217b8f29
2015-12-06,599.97,,ft,Approved,,2025-03-11T20:44:24.741023+00:00,931ebc1c624c48f8927ac294217b8f29
2015-12-07,599.97,,ft,Approved,,2025-03-11T20:44:24.741023+00:00,931ebc1c624c48f8927ac294217b8f29
2015-12-08,599.97,,ft,Approved,,2025-03-11T20:44:24.741023+00:00,931ebc1c624c48f8927ac294217b8f29
2015-12-09,599.97,,ft,Approved,,2025-03-11T20:44:24.741023+00:00,931ebc1c624c48f8927ac294217b8f29
2015-12-10,599.97,,ft,Approved,,2025-03-11T20:44:24.741023+00:00,931ebc1c624c48f8927ac294217b8f29
2015-12-11,599.97,,ft,Approved,,2025-03-11T20:44:24.741023+00:00,931ebc1c624c48f8927ac294217b8f29
2015-12-12,599.98,,ft,Approved,,2025-03-11T20:44:24.741023+00:00,931ebc1c624c48f8927ac294217b8f29
2015-12-13,600.49,,ft,Approved,,2025-03-11T20:44:24.741023+00:00,931ebc1c624c48f8927ac294217b8f29
2015-12-14,600.14,,ft,Approved,,2025-03-11T20:44:24.741023+00:00,931ebc1c624c48f8927ac294217b8f29
2015-12-15,600.04,,ft,Approved,,2025-03-11T20:44:24.741023+00:00,931ebc1c624c48f8927ac294217b8f29
2015-12-16,600.01,,ft,Approved,,2025-03-11T20:44:24.741023+00:00,931ebc1c624c48f8927ac294217b8f29
2015-12-17,599.99,,ft,Approved,,2025-03-11T20:44:24.741023+00:00,931ebc1c624c48f8927ac294217b8f29
2015-12-18,599.97,,ft,Approved,,2025-03-11T20:44:24.741023+00:00,931ebc1c624c48f8927ac294217b8f29
2015-12-19,599.96,,ft,Approved,,2025-03-11T20:44:24.741023+00:00,931ebc1c624c48f8927ac294217b8f29
2015-12-20,599.96,,ft,Approved,,2025-03-11T20:44:24.741023+00:00,931ebc1c624c48f8927ac294217b8f29
2015-12-21,599.97,,ft,Approved,,2025-03-11T20:44:24.741023+00:00,931ebc1c624c48f8927ac294217b8f29
2015-12-22,599.97,,ft,Approved,,2025-03-11T20:44:24.741023+00:00,931ebc1c624c48f8927ac294217b8f29
2015-12-23,599.97,,ft,Approved,,2025-03-11T20:44:24.741023+00:00,931ebc1c624c48f8927ac294217b8f29
2015-12-24,599.96,,ft,Approved,,2025-03-11T20:44:24.741023+00:00,931ebc1c624c48f8927ac294217b8f29
2015-12-25,599.96,,ft,Approved,,2025-03-11T20:44:24.741023+00:00,931ebc1c624c48f8927ac294217b8f29
2015-12-26,599.97,,ft,Approved,,2025-03-11T20:44:24.741023+00:00,931ebc1c624c48f8927ac294217b8f29
2015-12-27,600.06,,ft,Approved,,2025-03-11T20:44:24.741023+00:00,931ebc1c624c48f8927ac294217b8f29
2015-12-28,600.14,,ft,Approved,,2025-03-11T20:44:24.741023+00:00,931ebc1c624c48f8927ac294217b8f29
2015-12-29,600.01,,ft,Approved,,2025-03-11T20:44:24.741023+00:00,931ebc1c624c48f8927ac294217b8f29
2015-12-30,599.98,,ft,Approved,,2025-03-11T20:44:24.741023+00:00,931ebc1c624c48f8927ac294217b8f29
2015-12-31,599.97,,ft,Approved,,2025-03-11T20:44:24.741023+00:00,931ebc1c624c48f8927ac294217b8f29
2016-01-01,599.96,,ft,Approved,,2025-03-11T20:44:24.741023+00:00,931ebc1c624c48f8927ac294217b8f29
2016-01-02,599.96,,ft,Approved,,2025-03-11T20:44:24.741023+00:00,931ebc1c624c48f8927ac294217b8f29
2016-01-03,599.96,,ft,Approved,,2025-03-11T20:44:24.741023+00:00,931ebc1c624c48f8927ac294217b8f29
2016-01-04,599.96,,ft,Approved,,2025-03-11T20:44:24.741023+00:00,931ebc1c624c48f8927ac294217b8f29
2016-01-05,599.96,,ft,Approved,,2025-03-11T20:44:24.741023+00:00,931ebc1c624c48f8927ac294217b8f29
2016-01-06,599.97,,ft,Approved,,2025-03-11T20:44:24.741023+00:00,931ebc1c624c48f8927ac294217b8f29
2016-01-07,599.98,,ft,Approved,,2025-03-11T20:44:24.741023+00:00,931ebc1c624c48f8927ac294217b8f29
2016-01-08,599.97,,ft,Approved,,2025-03-11T20:44:24.741023+00:00,931ebc1c624c48f8927ac294217b8f29
2016-01-09,599.96,,ft,Approved,,2025-03-11T20:44:24.741023+00:00,931ebc1c624c48f8927ac294217b8f29
2016-01-10,599.95,,ft,Approved,,2025-03-11T20:44:24.741023+00:00,931ebc1c624c48f8927ac294217b8f29
2016-01-11,599.95,,ft,Approved,,2025-03-11T20:44:24.741023+00:00,931ebc1c624c48f8927ac294217b8f29
2016-01-12,599.95,,ft,Approved,,2025-03-11T20:44:24.741023+00:00,931ebc1c624c48f8927ac294217b8f29
2016-01-13,599.95,,ft,Approved,,2025-03-11T20:44:24.741023+00:00,931ebc1c624c48f8927ac294217b8f29
2016-01-14,599.94,,ft,Approved,,2025-03-11T20:44:24.741023+00:00,931ebc1c624c48f8927ac294217b8f29
2016-01-15,599.94,,ft,Approved,,2025-03-11T20:44:24.741023+00:00,931ebc1c624c48f8927ac294217b8f29
2016-01-16,599.94,,ft,Approved,,2025-03-11T20:44:24.741023+00:00,931ebc1c624c48f8927ac294217b8f29
2016-01-17,599.93,,ft,Approved,,2025-03-11T20:44:24.741023+00:00,931ebc1c624c48f8927ac294217b8f29
2016-01-18,599.93,,ft,Approved,,2025-03-11T20:44:24.741023+00:00,931ebc1c624c48f8927ac294217b8f29
2016-01-19,599.93,,ft,Approved,,2025-03-11T20:44:24.741023+00:00,931ebc1c624c48f8927ac294217b8f29
2016-01-20,599.92,,ft,Approved,,2025-03-11T20:44:24.741023+00:00,931ebc1c624c48f8927ac294217b8f29
2016-01-21,599.93,,ft,Approved,,2025-03-11T20:44:24.741023+00:00,931ebc1c624c48f8927ac294217b8f29
2016-01-22,599.91,,ft,Approved,,2025-03-11T20:44:24.741023+00:00,931ebc1c624c48f8927ac294217b8f29
2016-01-23,599.91,,ft,Approved,,2025-03-11T20:44:24.741023+00:00,931ebc1c624c48f8927ac294217b8f29
2016-01-24,599.91,,ft,Approved,,2025-03-11T20:44:24.741023+00:00,931ebc1c624c48f8927ac294217b8f29
2016-01-25,599.91,,ft,Approved,,2025-03-11T20:44:24.741023+00:00,931ebc1c624c48f8927ac294217b8f29
2016-01-26,599.91,,ft,Approved,,2025-03-11T20:44:24.741023+00:00,931ebc1c624c48f8927ac294217b8f29
2016-01-27,599.9,,ft,Approved,,2025-03-11T20:44:24.741023+00:00,931ebc1c624c48f8927ac294217b8f29
2016-01-28,599.89,,ft,Approved,,2025-03-11T20:44:24.741023+00:00,931ebc1c624c48f8927ac294217b8f29
2016-01-29,599.89,,ft,Approved,,2025-03-11T20:44:24.741023+00:00,931ebc1c624c48f8927ac294217b8f29
2016-01-30,599.88,,ft,Approved,,2025-03-11T20:44:24.741023+00:00,931ebc1c624c48f8927ac294217b8f29
2016-01-31,599.88,,ft,Approved,,2025-03-11T20:44:24.741023+00:00,931ebc1c624c48f8927ac294217b8f29
2016-02-01,599.88,,ft,Approved,,2025-03-11T20:44:24.741023+00:00,931ebc1c624c48f8927ac294217b8f29
2016-02-02,599.88,,ft,Approved,,2025-03-11T20:44:24.741023+00:00,931ebc1c624c48f8927ac294217b8f29
2016-02-03,599.86,,ft,Approved,,2025-03-11T20:44:24.741023+00:00,931ebc1c624c48f8927ac294217b8f29
2016-02-04,599.85,,ft,Approved,,2025-03-11T20:44:24.741023+00:00,931ebc1c624c48f8927ac294217b8f29
2016-02-05,599.84,,ft,Approved,,2025-03-11T20:44:24.741023+00:00,931ebc1c624c48f8927ac294217b8f29
2016-02-06,599.86,,ft,Approved,,2025-03-11T20:44:24.741023+00:00,931ebc1c624c48f8927ac294217b8f29
2016-02-07,599.85,,ft,Approved,,2025-03-11T20:44:24.741023+00:00,931ebc1c624c48f8927ac294217b8f29
2016-02-08,599.84,,ft,Approved,,2025-03-11T20:44:24.741023+00:00,931ebc1c624c48f8927ac294217b8f29
2016-02-09,599.83,,ft,Approved,,2025-03-11T20:44:24.741023+00:00,931ebc1c624c48f8927ac294217b8f29
2016-02-10,599.83,,ft,Approved,,2025-03-11T20:44:24.741023+00:00,931ebc1c624c48f8927ac294217b8f29
2016-02-11,599.82,,ft,Approved,,2025-03-11T20:44:24.741023+00:00,931ebc1c624c48f8927ac294217b8f29
2016-02-12,599.82,,ft,Approved,,2025-03-11T20:44:24.741023+00:00,931ebc1c624c48f8927ac294217b8f29
2016-02-13,599.81,,ft,Approved,,2025-03-11T20:44:24.741023+00:00,931ebc1c624c48f8927ac294217b8f29
2016-02-14,599.8,,ft,Approved,,2025-03-11T20:44:24.741023+00:00,931ebc1c624c48f8927ac294217b8f29
2016-02-15,599.81,,ft,Approved,,2025-03-11T20:44:24.741023+00:00,931ebc1c624c48f8927ac294217b8f29
2016-02-16,599.8,,ft,Approved,,2025-03-11T20:44:24.741023+00:00,931ebc1c624c48f8927ac294217b8f29
2016-02-17,599.79,,ft,Approved,,2025-03-11T20:44:24.741023+00:00,931ebc1c624c48f8927ac294217b8f29
2016-02-18,599.78,,ft,Approved,,2025-03-11T20:44:24.741023+00:00,931ebc1c624c48f8927ac294217b8f29
2016-02-19,599.78,,ft,Approved,,2025-03-11T20:44:24.741023+00:00,931ebc1c624c48f8927ac294217b8f29
2016-02-20,599.77,,ft,Approved,,2025-03-11T20:44:24.741023+00:00,931ebc1c624c48f8927ac294217b8f29
2016-02-21,599.78,,ft,Approved,,2025-03-11T20:44:24.741023+00:00,931ebc1c624c48f8927ac294217b8f29
2016-02-22,599.78,,ft,Approved,,2025-03-11T20:44:24.741023+00:00,931ebc1c624c48f8927ac294217b8f29
2016-02-23,599.99,,ft,Approved,,2025-03-11T20:44:24.741023+00:00,931ebc1c624c48f8927ac294217b8f29
2016-02-24,599.97,,ft,Approved,,2025-03-11T20:44:24.741023+00:00,931ebc1c624c48f8927ac294217b8f29
2016-02-25,599.94,,ft,Approved,,2025-03-11T20:44:24.741023+00:00,931ebc1c624c48f8927ac294217b8f29
2016-02-26,599.93,,ft,Approved,,2025-03-11T20:44:24.741023+00:00,931ebc1c624c48f8927ac294217b8f29
2016-02-27,599.92,,ft,Approved,,2025-03-11T20:44:24.741023+00:00,931ebc1c624c48f8927ac294217b8f29
2016-02-28,599.91,,ft,Approved,,2025-03-11T20:44:24.741023+00:00,931ebc1c624c48f8927ac294217b8f29
2016-02-29,599.91,,ft,Approved,,2025-03-11T20:44:24.741023+00:00,931ebc1c624c48f8927ac294217b8f29
2016-03-01,599.91,,ft,Approved,,2025-03-11T20:44:24.741023+00:00,931ebc1c624c48f8927ac294217b8f29
2016-03-02,599.89,,ft,Approved,,2025-03-11T20:44:24.741023+00:00,931ebc1c624c48f8927ac294217b8f29
2016-03-03,599.88,,ft,Approved,,2025-03-11T20:44:24.741023+00:00,931ebc1c624c48f8927ac294217b8f29
2016-03-04,599.86,,ft,Approved,,2025-03-11T20:44:24.741023+00:00,931ebc1c624c48f8927ac294217b8f29
2016-03-05,599.85,,ft,Approved,,2025-03-11T20:44:24.741023+00:00,931ebc1c624c48f8927ac294217b8f29
2016-03-06,599.84,,ft,Approved,,2025-03-11T20:44:24.741023+00:00,931ebc1c624c48f8927ac294217b8f29
2016-03-07,599.83,,ft,Approved,,2025-03-11T20:44:24.741023+00:00,931ebc1c624c48f8927ac294217b8f29
2016-03-08,599.86,,ft,Approved,,2025-03-11T20:44:24.741023+00:00,931ebc1c624c48f8927ac294217b8f29
2016-03-09,600.4,,ft,Approved,,2025-03-11T20:44:24.741023+00:00,931ebc1c624c48f8927ac294217b8f29
2016-03-10,600.48,,ft,Approved,,2025-03-11T20:44:24.741023+00:00,931ebc1c624c48f8927ac294217b8f29
2016-03-11,600.12,,ft,Approved,,2025-03-11T20:44:24.741023+00:00,931ebc1c624c48f8927ac294217b8f29
2016-03-12,600.06,,ft,Approved,,2025-03-11T20:44:24.741023+00:00,931ebc1c624c48f8927ac294217b8f29
2016-03-13,600.0,,ft,Approved,,2025-03-11T20:44:24.741023+00:00,931ebc1c624c48f8927ac294217b8f29
2016-03-14,599.96,,ft,Approved,,2025-03-11T20:44:24.741023+00:00,931ebc1c624c48f8927ac294217b8f29
2016-03-15,599.94,,ft,Approved,,2025-03-11T20:44:24.741023+00:00,931ebc1c624c48f8927ac294217b8f29
2016-03-16,599.93,,ft,Approved,,2025-03-11T20:44:24.741023+00:00,931ebc1c624c48f8927ac294217b8f29
2016-03-17,599.93,,ft,Approved,,2025-03-11T20:44:24.741023+00:00,931ebc1c624c48f8927ac294217b8f29
2016-03-18,599.94,,ft,Approved,,2025-03-11T20:44:24.741023+00:00,931ebc1c624c48f8927ac294217b8f29
2016-03-19,599.91,,ft,Approved,,2025-03-11T20:44:24.741023+00:00,931ebc1c624c48f8927ac294217b8f29
2016-03-20,599.89,,ft,Approved,,2025-03-11T20:44:24.741023+00:00,931ebc1c624c48f8927ac294217b8f29
2016-03-21,599.87,,ft,Approved,,2025-03-11T20:44:24.741023+00:00,931ebc1c624c48f8927ac294217b8f29
2016-03-22,599.86,,ft,Approved,,2025-03-11T20:44:24.741023+00:00,931ebc1c624c48f8927ac294217b8f29
2016-03-23,599.85,,ft,Approved,,2025-03-11T20:44:24.741023+00:00,931ebc1c624c48f8927ac294217b8f29
2016-03-24,599.84,,ft,Approved,,2025-03-11T20:44:24.741023+00:00,931ebc1c624c48f8927ac294217b8f29
2016-03-25,599.82,,ft,Approved,,2025-03-11T20:44:24.741023+00:00,931ebc1c624c48f8927ac294217b8f29
2016-03-26,599.82,,ft,Approved,,2025-03-11T20:44:24.741023+00:00,931ebc1c624c48f8927ac294217b8f29
2016-03-27,599.81,,ft,Approved,,2025-03-11T20:44:24.741023+00:00,931ebc1c624c48f8927ac294217b8f29
2016-03-28,599.8,,ft,Approved,,2025-03-11T20:44:24.741023+00:00,931ebc1c624c48f8927ac294217b8f29
2016-03-29,599.79,,ft,Approved,,2025-03-11T20:44:24.741023+00:00,931ebc1c624c48f8927ac294217b8f29
2016-03-30,599.8,,ft,Approved,,2025-03-11T20:44:24.741023+00:00,931ebc1c624c48f8927ac294217b8f29
2016-03-31,599.8,,ft,Approved,,2025-03-11T20:44:24.741023+00:00,931ebc1c624c48f8927ac294217b8f29
2016-04-01,599.82,,ft,Approved,,2025-03-11T20:44:24.741023+00:00,931ebc1c624c48f8927ac294217b8f29
2016-04-02,599.83,,ft,Approved,,2025-03-11T20:44:24.741023+00:00,931ebc1c624c48f8927ac294217b8f29
2016-04-03,599.82,,ft,Approved,,2025-03-11T20:44:24.741023+00:00,931ebc1c624c48f8927ac294217b8f29
2016-04-04,599.81,,ft,Approved,,2025-03-11T20:44:24.741023+00:00,931ebc1c624c48f8927ac294217b8f29
2016-04-05,599.8,,ft,Approved,,2025-03-11T20:44:24.741023+00:00,931ebc1c624c48f8927ac294217b8f29
2016-04-06,599.78,,ft,Approved,,2025-03-11T20:44:24.741023+00:00,931ebc1c624c48f8927ac294217b8f29
2016-04-07,599.77,,ft,Approved,,2025-03-11T20:44:24.741023+00:00,931ebc1c624c48f8927ac294217b8f29
2016-04-08,599.75,,ft,Approved,,2025-03-11T20:44:24.741023+00:00,931ebc1c624c48f8927ac294217b8f29
2016-04-09,599.74,,ft,Approved,,2025-03-11T20:44:24.741023+00:00,931ebc1c624c48f8927ac294217b8f29
2016-04-10,599.73,,ft,Approved,,2025-03-11T20:44:24.741023+00:00,931ebc1c624c48f8927ac294217b8f29
2016-04-11,599.72,,ft,Approved,,2025-03-11T20:44:24.741023+00:00,931ebc1c624c48f8927ac294217b8f29
2016-04-12,599.72,,ft,Approved,,2025-03-11T20:44:24.741023+00:00,931ebc1c624c48f8927ac294217b8f29
2016-04-13,599.84,,ft,Approved,,2025-03-11T20:44:24.741023+00:00,931ebc1c624c48f8927ac294217b8f29
2016-04-14,599.85,,ft,Approved,,2025-03-11T20:44:24.741023+00:00,931ebc1c624c48f8927ac294217b8f29
2016-04-15,599.85,,ft,Approved,,2025-03-11T20:44:24.741023+00:00,931ebc1c624c48f8927ac294217b8f29
2016-04-16,599.84,,ft,Approved,,2025-03-11T20:44:24.741023+00:00,931ebc1c624c48f8927ac294217b8f29
2016-04-17,600.04,,ft,Approved,,2025-03-11T20:44:24.741023+00:00,931ebc1c624c48f8927ac294217b8f29
2016-04-18,600.37,,ft,Approved,,2025-03-11T20:44:24.741023+00:00,931ebc1c624c48f8927ac294217b8f29
2016-04-19,600.11,,ft,Approved,,2025-03-11T20:44:24.741023+00:00,931ebc1c624c48f8927ac294217b8f29
2016-04-20,600.15,,ft,Approved,,2025-03-11T20:44:24.741023+00:00,931ebc1c624c48f8927ac294217b8f29
2016-04-21,600.13,,ft,Approved,,2025-03-11T20:44:24.741023+00:00,931ebc1c624c48f8927ac294217b8f29
2016-04-22,600.05,,ft,Approved,,2025-03-11T20:44:24.741023+00:00,931ebc1c624c48f8927ac294217b8f29
2016-04-23,599.98,,ft,Approved,,2025-03-11T20:44:24.741023+00:00,931ebc1c624c48f8927ac294217b8f29
2016-04-24,599.96,,ft,Approved,,2025-03-11T20:44:24.741023+00:00,931ebc1c624c48f8927ac294217b8f29
2016-04-25,599.94,,ft,Approved,,2025-03-11T20:44:24.741023+00:00,931ebc1c624c48f8927ac294217b8f29
2016-04-26,599.93,,ft,Approved,,2025-03-11T20:44:24.741023+00:00,931ebc1c624c48f8927ac294217b8f29
2016-04-27,600.01,,ft,Approved,,2025-03-11T20:44:24.741023+00:00,931ebc1c624c48f8927ac294217b8f29
2016-04-28,599.98,,ft,Approved,,2025-03-11T20:44:24.741023+00:00,931ebc1c624c48f8927ac294217b8f29
2016-04-29,599.95,,ft,Approved,,2025-03-11T20:44:24.741023+00:00,931ebc1c624c48f8927ac294217b8f29
2016-04-30,599.99,,ft,Approved,,2025-03-11T20:44:24.741023+00:00,931ebc1c624c48f8927ac294217b8f29
2016-05-01,599.97,,ft,Approved,,2025-03-11T20:44:24.741023+00:00,931ebc1c624c48f8927ac294217b8f29
2016-05-02,599.95,,ft,Approved,,2025-03-11T20:44:24.741023+00:00,931ebc1c624c48f8927ac294217b8f29
2016-05-03,599.94,,ft,Approved,,2025-03-11T20:44:24.741023+00:00,931ebc1c624c48f8927ac294217b8f29
2016-05-04,599.92,,ft,Approved,,2025-03-11T20:44:24.741023+00:00,931ebc1c624c48f8927ac294217b8f29
2016-05-05,599.91,,ft,Approved,,2025-03-11T20:44:24.741023+00:00,931ebc1c624c48f8927ac294217b8f29
2016-05-06,599.9,,ft,Approved,,2025-03-11T20:44:24.741023+00:00,931ebc1c624c48f8927ac294217b8f29
2016-05-07,599.88,,ft,Approved,,2025-03-11T20:44:24.741023+00:00,931ebc1c624c48f8927ac294217b8f29
2016-05-08,599.86,,ft,Approved,,2025-03-11T20:44:24.741023+00:00,931ebc1c624c48f8927ac294217b8f29
2016-05-09,599.86,,ft,Approved,,2025-03-11T20:44:24.741023+00:00,931ebc1c624c48f8927ac294217b8f29
2016-05-10,599.85,,ft,Approved,,2025-03-11T20:44:24.741023+00:00,931ebc1c624c48f8927ac294217b8f29
2016-05-11,599.91,,ft,Approved,,2025-03-11T20:44:24.741023+00:00,931ebc1c624c48f8927ac294217b8f29
2016-05-12,599.91,,ft,Approved,,2025-03-11T20:44:24.741023+00:00,931ebc1c624c48f8927ac294217b8f29
2016-05-13,599.91,,ft,Approved,,2025-03-11T20:44:24.741023+00:00,931ebc1c624c48f8927ac294217b8f29
2016-05-14,599.94,,ft,Approved,,2025-03-11T20:44:24.741023+00:00,931ebc1c624c48f8927ac294217b8f29
2016-05-15,600.01,,ft,Approved,,2025-03-11T20:44:24.741023+00:00,931ebc1c624c48f8927ac294217b8f29
2016-05-16,600.02,,ft,Approved,,2025-03-11T20:44:24.741023+00:00,931ebc1c624c48f8927ac294217b8f29
2016-05-17,599.99,,ft,Approved,,2025-03-11T20:44:24.741023+00:00,931ebc1c624c48f8927ac294217b8f29
2016-05-18,600.0,,ft,Approved,,2025-03-11T20:44:24.741023+00:00,931ebc1c624c48f8927ac294217b8f29
2016-05-19,601.71,,ft,Approved,,2025-03-11T20:44:24.741023+00:00,931ebc1c624c48f8927ac294217b8f29
2016-05-20,601.23,,ft,Approved,,2025-03-11T20:44:24.741023+00:00,931ebc1c624c48f8927ac294217b8f29
2016-05-21,600.09,,ft,Approved,,2025-03-11T20:44:24.741023+00:00,931ebc1c624c48f8927ac294217b8f29
2016-05-22,600.0,,ft,Approved,,2025-03-11T20:44:24.741023+00:00,931ebc1c624c48f8927ac294217b8f29
2016-05-23,599.97,,ft,Approved,,2025-03-11T20:44:24.741023+00:00,931ebc1c624c48f8927ac294217b8f29
2016-05-24,599.95,,ft,Approved,,2025-03-11T20:44:24.741023+00:00,931ebc1c624c48f8927ac294217b8f29
2016-05-25,599.63,,ft,Approved,,2025-03-11T20:44:24.741023+00:00,931ebc1c624c48f8927ac294217b8f29
2016-05-26,599.63,,ft,Approved,,2025-03-11T20:44:24.741023+00:00,931ebc1c624c48f8927ac294217b8f29
2016-05-27,599.65,,ft,Approved,,2025-03-11T20:44:24.741023+00:00,931ebc1c624c48f8927ac294217b8f29
2016-05-28,599.64,,ft,Approved,,2025-03-11T20:44:24.741023+00:00,931ebc1c624c48f8927ac294217b8f29
2016-05-29,599.64,,ft,Approved,,2025-03-11T20:44:24.741023+00:00,931ebc1c624c48f8927ac294217b8f29
2016-05-30,599.64,,ft,Approved,,2025-03-11T20:44:24.741023+00:00,931ebc1c624c48f8927ac294217b8f29
2016-05-31,599.65,,ft,Approved,,2025-03-11T20:44:24.741023+00:00,931ebc1c624c48f8927ac294217b8f29
2016-06-01,599.68,,ft,Approved,,2025-03-11T20:44:24.741023+00:00,931ebc1c624c48f8927ac294217b8f29
2016-06-02,599.81,,ft,Approved,,2025-03-11T20:44:24.741023+00:00,931ebc1c624c48f8927ac294217b8f29
2016-06-03,599.75,,ft,Approved,,2025-03-11T20:44:24.741023+00:00,931ebc1c624c48f8927ac294217b8f29
2016-06-04,600.56,,ft,Approved,,2025-03-11T20:44:24.741023+00:00,931ebc1c624c48f8927ac294217b8f29
2016-06-05,599.95,,ft,Approved,,2025-03-11T20:44:24.741023+00:00,931ebc1c624c48f8927ac294217b8f29
2016-06-06,599.76,,ft,Approved,,2025-03-11T20:44:24.741023+00:00,931ebc1c624c48f8927ac294217b8f29
2016-06-07,599.7,,ft,Approved,,2025-03-11T20:44:24.741023+00:00,931ebc1c624c48f8927ac294217b8f29
2016-06-08,599.67,,ft,Approved,,2025-03-11T20:44:24.741023+00:00,931ebc1c624c48f8927ac294217b8f29
2016-06-09,599.65,,ft,Approved,,2025-03-11T20:44:24.741023+00:00,931ebc1c624c48f8927ac294217b8f29
2016-06-10,599.64,,ft,Approved,,2025-03-11T20:44:24.741023+00:00,931ebc1c624c48f8927ac294217b8f29
2016-06-11,599.63,,ft,Approved,,2025-03-11T20:44:24.741023+00:00,931ebc1c624c48f8927ac294217b8f29
2016-06-12,599.62,,ft,Approved,,2025-03-11T20:44:24.741023+00:00,931ebc1c624c48f8927ac294217b8f29
2016-06-13,599.61,,ft,Approved,,2025-03-11T20:44:24.741023+00:00,931ebc1c624c48f8927ac294217b8f29
2016-06-14,599.59,,ft,Approved,,2025-03-11T20:44:24.741023+00:00,931ebc1c624c48f8927ac294217b8f29
2016-06-15,599.58,,ft,Approved,,2025-03-11T20:44:24.741023+00:00,931ebc1c624c48f8927ac294217b8f29
2016-06-16,599.56,,ft,Approved,,2025-03-11T20:44:24.741023+00:00,931ebc1c624c48f8927ac294217b8f29
2016-06-17,599.54,,ft,Approved,,2025-03-11T20:44:24.741023+00:00,931ebc1c624c48f8927ac294217b8f29
2016-06-18,599.52,,ft,Approved,,2025-03-11T20:44:24.741023+00:00,931ebc1c624c48f8927ac294217b8f29
2016-06-19,599.5,,ft,Approved,,2025-03-11T20:44:24.741023+00:00,931ebc1c624c48f8927ac294217b8f29
2016-06-20,599.49,,ft,Approved,,2025-03-11T20:44:24.741023+00:00,931ebc1c624c48f8927ac294217b8f29
2016-06-21,599.47,,ft,Approved,,2025-03-11T20:44:24.741023+00:00,931ebc1c624c48f8927ac294217b8f29
2016-06-22,599.45,,ft,Approved,,2025-03-11T20:44:24.741023+00:00,931ebc1c624c48f8927ac294217b8f29
2016-06-23,599.42,,ft,Approved,,2025-03-11T20:44:24.741023+00:00,931ebc1c624c48f8927ac294217b8f29
2016-06-24,599.39,,ft,Approved,,2025-03-11T20:44:24.741023+00:00,931ebc1c624c48f8927ac294217b8f29
2016-06-25,599.37,,ft,Approved,,2025-03-11T20:44:24.741023+00:00,931ebc1c624c48f8927ac294217b8f29
2016-06-26,599.36,,ft,Approved,,2025-03-11T20:44:24.741023+00:00,931ebc1c624c48f8927ac294217b8f29
2016-06-27,599.34,,ft,Approved,,2025-03-11T20:44:24.741023+00:00,931ebc1c624c48f8927ac294217b8f29
2016-06-28,599.38,,ft,Approved,,2025-03-11T20:44:24.741023+00:00,931ebc1c624c48f8927ac294217b8f29
2016-06-29,599.52,,ft,Approved,,2025-03-11T20:44:24.741023+00:00,931ebc1c624c48f8927ac294217b8f29
2016-06-30,599.51,,ft,Approved,,2025-03-11T20:44:24.741023+00:00,931ebc1c624c48f8927ac294217b8f29
2016-07-01,599.49,,ft,Approved,,2025-03-11T20:44:24.741023+00:00,931ebc1c624c48f8927ac294217b8f29
2016-07-02,599.47,,ft,Approved,,2025-03-11T20:44:24.741023+00:00,931ebc1c624c48f8927ac294217b8f29
2016-07-03,599.44,,ft,Approved,,2025-03-11T20:44:24.741023+00:00,931ebc1c624c48f8927ac294217b8f29
2016-07-04,599.41,,ft,Approved,,2025-03-11T20:44:24.741023+00:00,931ebc1c624c48f8927ac294217b8f29
2016-07-05,599.38,,ft,Approved,,2025-03-11T20:44:24.741023+00:00,931ebc1c624c48f8927ac294217b8f29
2016-07-06,599.35,,ft,Approved,,2025-03-11T20:44:24.741023+00:00,931ebc1c624c48f8927ac294217b8f29
2016-07-07,599.32,,ft,Approved,,2025-03-11T20:44:24.741023+00:00,931ebc1c624c48f8927ac294217b8f29
2016-07-08,599.29,,ft,Approved,,2025-03-11T20:44:24.741023+00:00,931ebc1c624c48f8927ac294217b8f29
2016-07-09,599.26,,ft,Approved,,2025-03-11T20:44:24.741023+00:00,931ebc1c624c48f8927ac294217b8f29
2016-07-10,599.23,,ft,Approved,LESSTHAN;REVISED,2025-03-11T20:44:24.741023+00:00,931ebc1c624c48f8927ac294217b8f29
2016-07-11,599.23,,ft,Approved,LESSTHAN;REVISED,2025-03-11T20:44:24.741023+00:00,931ebc1c624c48f8927ac294217b8f29
2016-07-12,599.23,,ft,Approved,LESSTHAN;REVISED,2025-03-11T20:44:24.741023+00:00,931ebc1c624c48f8927ac294217b8f29
2016-07-13,599.23,,ft,Approved,LESSTHAN;REVISED,2025-03-11T20:44:24.741023+00:00,931ebc1c624c48f8927ac294217b8f29
2016-07-14,599.23,,ft,Approved,LESSTHAN;REVISED,2025-03-11T20:44:24.741023+00:00,931ebc1c624c48f8927ac294217b8f29
2016-07-15,599.23,,ft,Approved,LESSTHAN;REVISED,2025-03-11T20:44:24.741023+00:00,931ebc1c624c48f8927ac294217b8f29
2016-07-16,599.23,,ft,Approved,LESSTHAN;REVISED,2025-03-11T20:44:24.741023+00:00,931ebc1c624c48f8927ac294217b8f29
2016-07-17,599.23,,ft,Approved,LESSTHAN;REVISED,2025-03-11T20:44:24.741023+00:00,931ebc1c624c48f8927ac294217b8f29
2016-07-18,599.23,,ft,Approved,LESSTHAN;REVISED,2025-03-11T20:44:24.741023+00:00,931ebc1c624c48f8927ac294217b8f29
2016-07-19,599.23,,ft,Approved,LESSTHAN;REVISED,2025-03-11T20:44:24.741023+00:00,931ebc1c624c48f8927ac294217b8f29
2016-07-20,599.23,,ft,Approved,LESSTHAN;REVISED,2025-03-11T20:44:24.741023+00:00,931ebc1c624c48f8927ac294217b8f29
2016-07-21,599.23,,ft,Approved,LESSTHAN;REVISED,2025-03-11T20:44:24.741023+00:00,931ebc1c624c48f8927ac294217b8f29
2016-07-22,599.23,,ft,Approved,LESSTHAN;REVISED,2025-03-11T20:44:24.741023+00:00,931ebc1c624c48f8927ac294217b8f29
2016-07-23,599.23,,ft,Approved,LESSTHAN;REVISED,2025-03-11T20:44:24.741023+00:00,931ebc1c624c48f8927ac294217b8f29
2016-07-24,599.23,,ft,Approved,LESSTHAN;REVISED,2025-03-11T20:44:24.741023+00:00,931ebc1c624c48f8927ac294217b8f29
2016-07-25,599.23,,ft,Approved,LESSTHAN;REVISED,2025-03-11T20:44:24.741023+00:00,931ebc1c624c48f8927ac294217b8f29
2016-07-26,599.23,,ft,Approved,LESSTHAN;REVISED,2025-03-11T20:44:24.741023+00:00,931ebc1c624c48f8927ac294217b8f29
2016-07-27,599.23,,ft,Approved,LESSTHAN;REVISED,2025-03-11T20:44:24.741023+00:00,931ebc1c624c48f8927ac294217b8f29
2016-07-28,599.23,,ft,Approved,LESSTHAN;REVISED,2025-03-11T20:44:24.741023+00:00,931ebc1c624c48f8927ac294217b8f29
2016-07-29,599.23,,ft,Approved,LESSTHAN;REVISED,2025-03-11T20:44:24.741023+00:00,931ebc1c624c48f8927ac294217b8f29
2016-07-30,599.23,,ft,Approved,LESSTHAN;REVISED,2025-03-11T20:44:24.741023+00:00,931ebc1c624c48f8927ac294217b8f29
2016-07-31,599.23,,ft,Approved,LESSTHAN;REVISED,2025-03-11T20:44:24.741023+00:00,931ebc1c624c48f8927ac294217b8f29
2016-08-01,599.23,,ft,Approved,LESSTHAN;REVISED,2025-03-11T20:44:24.741023+00:00,931ebc1c624c48f8927ac294217b8f29
2016-08-02,599.23,,ft,Approved,LESSTHAN;REVISED,2025-03-11T20:44:24.741023+00:00,931ebc1c624c48f8927ac294217b8f29
2016-08-03,599.23,,ft,Approved,LESSTHAN;REVISED,2025-03-11T20:44:24.741023+00:00,931ebc1c624c48f8927ac294217b8f29
2016-08-04,599.23,,ft,Approved,LESSTHAN;REVISED,2025-03-11T20:44:24.741023+00:00,931ebc1c624c48f8927ac294217b8f29
2016-08-05,599.23,,ft,Approved,LESSTHAN;REVISED,2025-03-11T20:44:24.741023+00:00,931ebc1c624c48f8927ac294217b8f29
2016-08-06,599.23,,ft,Approved,LESSTHAN;REVISED,2025-03-11T20:44:24.741023+00:00,931ebc1c624c48f8927ac294217b8f29
2016-08-07,599.23,,ft,Approved,LESSTHAN;REVISED,2025-03-11T20:44:24.741023+00:00,931ebc1c624c48f8927ac294217b8f29
2016-08-08,599.23,,ft,Approved,LESSTHAN;REVISED,2025-03-11T20:44:24.741023+00:00,931ebc1c624c48f8927ac294217b8f29
2016-08-09,599.23,,ft,Approved,LESSTHAN;REVISED,2025-03-11T20:44:24.741023+00:00,931ebc1c624c48f8927ac294217b8f29
2016-08-10,599.23,,ft,Approved,LESSTHAN;REVISED,2025-03-11T20:44:24.741023+00:00,931ebc1c624c48f8927ac294217b8f29
2016-08-11,599.23,,ft,Approved,LESSTHAN;REVISED,2025-03-11T20:44:24.741023+00:00,931ebc1c624c48f8927ac294217b8f29
2016-08-12,599.23,,ft,Approved,LESSTHAN;REVISED,2025-03-11T20:44:24.741023+00:00,931ebc1c624c48f8927ac294217b8f29
2016-08-13,599.23,,ft,Approved,LESSTHAN;REVISED,2025-03-11T20:44:24.741023+00:00,931ebc1c624c48f8927ac294217b8f29
2016-08-14,599.22,,ft,Approved,LESSTHAN;REVISED,2025-03-11T20:44:24.741023+00:00,931ebc1c624c48f8927ac294217b8f29
2016-08-15,599.22,,ft,Approved,LESSTHAN;REVISED,2025-03-11T20:44:24.741023+00:00,931ebc1c624c48f8927ac294217b8f29
2016-08-16,599.22,,ft,Approved,LESSTHAN;REVISED,2025-03-11T20:44:24.741023+00:00,931ebc1c624c48f8927ac294217b8f29
2016-08-17,599.22,,ft,Approved,LESSTHAN;REVISED,2025-03-11T20:44:24.741023+00:00,931ebc1c624c48f8927ac294217b8f29
2016-08-18,599.24,,ft,Approved,LESSTHAN;REVISED,2025-03-11T20:44:24.741023+00:00,931ebc1c624c48f8927ac294217b8f29
2016-08-19,599.28,,ft,Approved,,2026-01-15T23:25:46.983835+00:00,931ebc1c624c48f8927ac294217b8f29
2016-08-20,599.89,,ft,Approved,,2025-03-11T20:44:24.741023+00:00,931ebc1c624c48f8927ac294217b8f29
2016-08-21,600.84,,ft,Approved,,2025-03-11T20:44:24.741023+00:00,931ebc1c624c48f8927ac294217b8f29
2016-08-22,599.82,,ft,Approved,,2025-03-11T20:44:24.741023+00:00,931ebc1c624c48f8927ac294217b8f29
2016-08-23,599.69,,ft,Approved,,2025-03-11T20:44:24.741023+00:00,931ebc1c624c48f8927ac294217b8f29
2016-08-24,599.65,,ft,Approved,,2025-03-11T20:44:24.741023+00:00,931ebc1c624c48f8927ac294217b8f29
2016-08-25,599.62,,ft,Approved,,2025-03-11T20:44:24.741023+00:00,931ebc1c624c48f8927ac294217b8f29
2016-08-26,599.61,,ft,Approved,,2025-03-11T20:44:24.741023+00:00,931ebc1c624c48f8927ac294217b8f29
2016-08-27,599.6,,ft,Approved,,2025-03-11T20:44:24.741023+00:00,931ebc1c624c48f8927ac294217b8f29
2016-08-28,599.58,,ft,Approved,,2025-03-11T20:44:24.741023+00:00,931ebc1c624c48f8927ac294217b8f29
2016-08-29,599.57,,ft,Approved,,2025-03-11T20:44:24.741023+00:00,931ebc1c624c48f8927ac294217b8f29
2016-08-30,599.55,,ft,Approved,,2025-03-11T20:44:24.741023+00:00,931ebc1c624c48f8927ac294217b8f29
2016-08-31,599.55,,ft,Approved,,2025-03-11T20:44:24.741023+00:00,931ebc1c624c48f8927ac294217b8f29
2016-09-01,599.54,,ft,Approved,,2025-03-11T20:44:24.741023+00:00,931ebc1c624c48f8927ac294217b8f29
2016-09-02,599.52,,ft,Approved,,2025-03-11T20:44:24.741023+00:00,931ebc1c624c48f8927ac294217b8f29
2016-09-03,599.5,,ft,Approved,,2025-03-11T20:44:24.741023+00:00,931ebc1c624c48f8927ac294217b8f29
2016-09-04,599.5,,ft,Approved,,2025-03-11T20:44:24.741023+00:00,931ebc1c624c48f8927ac294217b8f29
2016-09-05,599.53,,ft,Approved,,2025-03-11T20:44:24.741023+00:00,931ebc1c624c48f8927ac294217b8f29
2016-09-06,599.53,,ft,Approved,,2025-03-11T20:44:24.741023+00:00,931ebc1c624c48f8927ac294217b8f29
2016-09-07,599.52,,ft,Approved,,2025-03-11T20:44:24.741023+00:00,931ebc1c624c48f8927ac294217b8f29
2016-09-08,599.51,,ft,Approved,,2025-03-11T20:44:24.741023+00:00,931ebc1c624c48f8927ac294217b8f29
2016-09-09,599.48,,ft,Approved,,2025-03-11T20:44:24.741023+00:00,931ebc1c624c48f8927ac294217b8f29
2016-09-10,599.46,,ft,Approved,,2025-03-11T20:44:24.741023+00:00,931ebc1c624c48f8927ac294217b8f29
2016-09-11,599.43,,ft,Approved,,2025-03-11T20:44:24.741023+00:00,931ebc1c624c48f8927ac294217b8f29
2016-09-12,599.42,,ft,Approved,,2025-03-11T20:44:24.741023+00:00,931ebc1c624c48f8927ac294217b8f29
2016-09-13,599.4,,ft,Approved,,2025-03-11T20:44:24.741023+00:00,931ebc1c624c48f8927ac294217b8f29
2016-09-14,599.39,,ft,Approved,,2025-03-11T20:44:24.741023+00:00,931ebc1c624c48f8927ac294217b8f29
2016-09-15,599.37,,ft,Approved,,2025-03-11T20:44:24.741023+00:00,931ebc1c624c48f8927ac294217b8f29
2016-09-16,599.36,,ft,Approved,,2025-03-11T20:44:24.741023+00:00,931ebc1c624c48f8927ac294217b8f29
2016-09-17,599.34,,ft,Approved,,2025-03-11T20:44:24.741023+00:00,931ebc1c624c48f8927ac294217b8f29
2016-09-18,599.33,,ft,Approved,,2025-03-11T20:44:24.741023+00:00,931ebc1c624c48f8927ac294217b8f29
2016-09-19,599.31,,ft,Approved,,2025-03-11T20:44:24.741023+00:00,931ebc1c624c48f8927ac294217b8f29
2016-09-20,599.29,,ft,Approved,,2025-03-11T20:44:24.741023+00:00,931ebc1c624c48f8927ac294217b8f29
2016-09-21,599.27,,ft,Approved,,2025-03-11T20:44:24.741023+00:00,931ebc1c624c48f8927ac294217b8f29
2016-09-22,599.25,,ft,Approved,LESSTHAN;REVISED,2025-03-11T20:44:24.741023+00:00,931ebc1c624c48f8927ac294217b8f29
2016-09-23,599.23,,ft,Approved,LESSTHAN;REVISED,2025-03-11T20:44:24.741023+00:00,931ebc1c624c48f8927ac294217b8f29
2016-09-24,599.23,,ft,Approved,LESSTHAN;REVISED,2025-03-11T20:44:24.741023+00:00,931ebc1c624c48f8927ac294217b8f29
2016-09-25,599.26,,ft,Approved,LESSTHAN;REVISED,2025-03-11T20:44:24.741023+00:00,931ebc1c624c48f8927ac294217b8f29
2016-09-26,599.41,,ft,Approved,,2026-01-15T23:25:46.983835+00:00,931ebc1c624c48f8927ac294217b8f29
2016-09-27,599.4,,ft,Approved,,2025-03-11T20:44:24.741023+00:00,931ebc1c624c48f8927ac294217b8f29
2016-09-28,599.39,,ft,Approved,,2025-03-11T20:44:24.741023+00:00,931ebc1c624c48f8927ac294217b8f29
2016-09-29,599.37,,ft,Approved,,2025-03-11T20:44:24.741023+00:00,931ebc1c624c48f8927ac294217b8f29
2016-09-30,599.35,,ft,Approved,,2025-03-11T20:44:24.741023+00:00,931ebc1c624c48f8927ac294217b8f29
2016-10-01,599.33,,ft,Approved,,2025-03-11T20:44:24.741023+00:00,931ebc1c624c48f8927ac294217b8f29
2016-10-02,599.32,,ft,Approved,,2025-03-11T20:44:24.741023+00:00,931ebc1c624c48f8927ac294217b8f29
2016-10-03,599.31,,ft,Approved,,2025-03-11T20:44:24.741023+00:00,931ebc1c624c48f8927ac294217b8f29
2016-10-04,599.3,,ft,Approved,,2025-03-11T20:44:24.741023+00:00,931ebc1c624c48f8927ac294217b8f29
2016-10-05,599.29,,ft,Approved,,2025-03-11T20:44:24.741023+00:00,931ebc1c624c48f8927ac294217b8f29
2016-10-06,599.28,,ft,Approved,,2025-03-11T20:44:24.741023+00:00,931ebc1c624c48f8927ac294217b8f29
2016-10-07,599.27,,ft,Approved,,2025-03-11T20:44:24.741023+00:00,931ebc1c624c48f8927ac294217b8f29
2016-10-08,599.24,,ft,Approved,LESSTHAN;REVISED,2025-03-11T20:44:24.741023+00:00,931ebc1c624c48f8927ac294217b8f29
2016-10-09,599.22,,ft,Approved,LESSTHAN;REVISED,2025-03-11T20:44:24.741023+00:00,931ebc1c624c48f8927ac294217b8f29
2016-10-10,599.22,,ft,Approved,LESSTHAN;REVISED,2025-03-11T20:44:24.741023+00:00,931ebc1c624c48f8927ac294217b8f29
2016-10-11,599.22,,ft,Approved,LESSTHAN;REVISED,2025-03-11T20:44:24.741023+00:00,931ebc1c624c48f8927ac294217b8f29
2016-10-12,599.22,,ft,Approved,LESSTHAN;REVISED,2025-03-11T20:44:24.741023+00:00,931ebc1c624c48f8927ac294217b8f29
2016-10-13,599.22,,ft,Approved,LESSTHAN;REVISED,2025-03-11T20:44:24.741023+00:00,931ebc1c624c48f8927ac294217b8f29
2016-10-14,599.22,,ft,Approved,LESSTHAN;REVISED,2025-03-11T20:44:24.741023+00:00,931ebc1c624c48f8927ac294217b8f29
2016-10-15,599.22,,ft,Approved,LESSTHAN;REVISED,2025-03-11T20:44:24.741023+00:00,931ebc1c624c48f8927ac294217b8f29
2016-10-16,599.23,,ft,Approved,LESSTHAN;REVISED,2025-03-11T20:44:24.741023+00:00,931ebc1c624c48f8927ac294217b8f29
2016-10-17,599.23,,ft,Approved,LESSTHAN;REVISED,2025-03-11T20:44:24.741023+00:00,931ebc1c624c48f8927ac294217b8f29
2016-10-18,599.23,,ft,Approved,LESSTHAN;REVISED,2025-03-11T20:44:24.741023+00:00,931ebc1c624c48f8927ac294217b8f29
2016-10-19,599.23,,ft,Approved,LESSTHAN;REVISED,2025-03-11T20:44:24.741023+00:00,931ebc1c624c48f8927ac294217b8f29
2016-10-20,599.22,,ft,Approved,LESSTHAN;REVISED,2025-03-11T20:44:24.741023+00:00,931ebc1c624c48f8927ac294217b8f29
2016-10-21,599.22,,ft,Approved,LESSTHAN;REVISED,2025-03-11T20:44:24.741023+00:00,931ebc1c624c48f8927ac294217b8f29
2016-10-22,599.22,,ft,Approved,LESSTHAN;REVISED,2025-03-11T20:44:24.741023+00:00,931ebc1c624c48f8927ac294217b8f29
2016-10-23,599.22,,ft,Approved,LESSTHAN;REVISED,2025-03-11T20:44:24.741023+00:00,931ebc1c624c48f8927ac294217b8f29
2016-10-24,599.22,,ft,Approved,LESSTHAN;REVISED,2025-03-11T20:44:24.741023+00:00,931ebc1c624c48f8927ac294217b8f29
2016-10-25,599.22,,ft,Approved,LESSTHAN;REVISED,2025-03-11T20:44:24.741023+00:00,931ebc1c624c48f8927ac294217b8f29
2016-10-26,599.22,,ft,Approved,LESSTHAN;REVISED,2025-03-11T20:44:24.741023+00:00,931ebc1c624c48f8927ac294217b8f29
2016-10-27,599.22,,ft,Approved,LESSTHAN;REVISED,2025-03-11T20:44:24.741023+00:00,931ebc1c624c48f8927ac294217b8f29
2016-10-28,599.22,,ft,Approved,LESSTHAN;REVISED,2025-03-11T20:44:24.741023+00:00,931ebc1c624c48f8927ac294217b8f29
2016-10-29,599.22,,ft,Approved,LESSTHAN;REVISED,2025-03-11T20:44:24.741023+00:00,931ebc1c624c48f8927ac294217b8f29
2016-10-30,599.22,,ft,Approved,LESSTHAN;REVISED,2025-03-11T20:44:24.741023+00:00,931ebc1c624c48f8927ac294217b8f29
2016-10-31,599.22,,ft,Approved,LESSTHAN;REVISED,2025-03-11T20:44:24.741023+00:00,931ebc1c624c48f8927ac294217b8f29
2016-11-01,599.22,,ft,Approved,LESSTHAN;REVISED,2025-03-11T20:44:24.741023+00:00,931ebc1c624c48f8927ac294217b8f29
2016-11-02,599.22,,ft,Approved,LESSTHAN;REVISED,2025-03-11T20:44:24.741023+00:00,931ebc1c624c48f8927ac294217b8f29
2016-11-03,599.22,,ft,Approved,LESSTHAN;REVISED,2025-03-11T20:44:24.741023+00:00,931ebc1c624c48f8927ac294217b8f29
2016-11-04,599.22,,ft,Approved,LESSTHAN;REVISED,2025-03-11T20:44:24.741023+00:00,931ebc1c624c48f8927ac294217b8f29
2016-11-05,599.22,,ft,Approved,LESSTHAN;REVISED,2025-03-11T20:44:24.741023+00:00,931ebc1c624c48f8927ac294217b8f29
2016-11-06,599.22,,ft,Approved,LESSTHAN;REVISED,2025-03-11T20:44:24.741023+00:00,931ebc1c624c48f8927ac294217b8f29
2016-11-07,599.22,,ft,Approved,LESSTHAN;REVISED,2025-03-11T20:44:24.741023+00:00,931ebc1c624c48f8927ac294217b8f29
2016-11-08,599.22,,ft,Approved,LESSTHAN;REVISED,2025-03-11T20:44:24.741023+00:00,931ebc1c624c48f8927ac294217b8f29
2016-11-09,599.22,,ft,Approved,LESSTHAN;REVISED,2025-03-11T20:44:24.741023+00:00,931ebc1c624c48f8927ac294217b8f29
2016-11-10,599.24,,ft,Approved,LESSTHAN;REVISED,2025-03-11T20:44:24.741023+00:00,931ebc1c624c48f8927ac294217b8f29
2016-11-11,599.24,,ft,Approved,LESSTHAN;REVISED,2025-03-11T20:44:24.741023+00:00,931ebc1c624c48f8927ac294217b8f29
2016-11-12,599.22,,ft,Approved,LESSTHAN;REVISED,2025-03-11T20:44:24.741023+00:00,931ebc1c624c48f8927ac294217b8f29
2016-11-13,599.22,,ft,Approved,LESSTHAN;REVISED,2025-03-11T20:44:24.741023+00:00,931ebc1c624c48f8927ac294217b8f29
2016-11-14,599.22,,ft,Approved,LESSTHAN;REVISED,2025-03-11T20:44:24.741023+00:00,931ebc1c624c48f8927ac294217b8f29
2016-11-15,599.22,,ft,Approved,LESSTHAN;REVISED,2025-03-11T20:44:24.741023+00:00,931ebc1c624c48f8927ac294217b8f29
2016-11-16,599.22,,ft,Approved,LESSTHAN;REVISED,2025-03-11T20:44:24.741023+00:00,931ebc1c624c48f8927ac294217b8f29
2016-11-17,599.22,,ft,Approved,LESSTHAN;REVISED,2025-03-11T20:44:24.741023+00:00,931ebc1c624c48f8927ac294217b8f29
2016-11-18,599.22,,ft,Approved,LESSTHAN;REVISED,2025-03-11T20:44:24.741023+00:00,931ebc1c624c48f8927ac294217b8f29
2016-11-19,599.22,,ft,Approved,LESSTHAN;REVISED,2025-03-11T20:44:24.741023+00:00,931ebc1c624c48f8927ac294217b8f29
2016-11-20,599.21,,ft,Approved,LESSTHAN;REVISED,2025-03-11T20:44:24.741023+00:00,931ebc1c624c48f8927ac294217b8f29
2016-11-21,599.22,,ft,Approved,LESSTHAN;REVISED,2025-03-11T20:44:24.741023+00:00,931ebc1c624c48f8927ac294217b8f29
2016-11-22,599.22,,ft,Approved,LESSTHAN;REVISED,2025-03-11T20:44:24.741023+00:00,931ebc1c624c48f8927ac294217b8f29
2016-11-23,599.22,,ft,Approved,LESSTHAN;REVISED,2025-03-11T20:44:24.741023+00:00,931ebc1c624c48f8927ac294217b8f29
2016-11-24,599.22,,ft,Approved,LESSTHAN;REVISED,2025-03-11T20:44:24.741023+00:00,931ebc1c624c48f8927ac294217b8f29
2016-11-25,599.22,,ft,Approved,LESSTHAN;REVISED,2025-03-11T20:44:24.741023+00:00,931ebc1c624c48f8927ac294217b8f29
2016-11-26,599.22,,ft,Approved,LESSTHAN;REVISED,2025-03-11T20:44:24.741023+00:00,931ebc1c624c48f8927ac294217b8f29
2016-11-27,599.22,,ft,Approved,LESSTHAN;REVISED,2025-03-11T20:44:24.741023+00:00,931ebc1c624c48f8927ac294217b8f29
2016-11-28,599.23,,ft,Approved,LESSTHAN;REVISED,2025-03-11T20:44:24.741023+00:00,931ebc1c624c48f8927ac294217b8f29
2016-11-29,599.22,,ft,Approved,LESSTHAN;REVISED,2025-03-11T20:44:24.741023+00:00,931ebc1c624c48f8927ac294217b8f29
2016-11-30,599.22,,ft,Approved,LESSTHAN;REVISED,2025-03-11T20:44:24.741023+00:00,931ebc1c624c48f8927ac294217b8f29
2016-12-01,599.22,,ft,Approved,LESSTHAN;REVISED,2025-03-11T20:44:24.741023+00:00,931ebc1c624c48f8927ac294217b8f29
2016-12-02,599.22,,ft,Approved,LESSTHAN;REVISED,2025-03-11T20:44:24.741023+00:00,931ebc1c624c48f8927ac294217b8f29
2016-12-03,599.25,,ft,Approved,LESSTHAN;REVISED,2025-03-11T20:44:24.741023+00:00,931ebc1c624c48f8927ac294217b8f29
2016-12-04,599.41,,ft,Approved,,2026-01-15T23:25:46.983835+00:00,931ebc1c624c48f8927ac294217b8f29
2016-12-05,599.62,,ft,Approved,,2025-03-11T20:44:24.741023+00:00,931ebc1c624c48f8927ac294217b8f29
2016-12-06,599.71,,ft,Approved,,2025-03-11T20:44:24.741023+00:00,931ebc1c624c48f8927ac294217b8f29
2016-12-07,599.65,,ft,Approved,,2025-03-11T20:44:24.741023+00:00,931ebc1c624c48f8927ac294217b8f29
2016-12-08,599.62,,ft,Approved,,2025-03-11T20:44:24.741023+00:00,931ebc1c624c48f8927ac294217b8f29
2016-12-09,599.6,,ft,Approved,,2025-03-11T20:44:24.741023+00:00,931ebc1c624c48f8927ac294217b8f29
2016-12-10,599.6,,ft,Approved,,2025-03-11T20:44:24.741023+00:00,931ebc1c624c48f8927ac294217b8f29
2016-12-11,599.61,,ft,Approved,,2025-03-11T20:44:24.741023+00:00,931ebc1c624c48f8927ac294217b8f29
2016-12-12,599.61,,ft,Approved,,2025-03-11T20:44:24.741023+00:00,931ebc1c624c48f8927ac294217b8f29
2016-12-13,599.61,,ft,Approved,,2025-03-11T20:44:24.741023+00:00,931ebc1c624c48f8927ac294217b8f29
2016-12-14,599.6,,ft,Approved,,2025-03-11T20:44:24.741023+00:00,931ebc1c624c48f8927ac294217b8f29
2016-12-15,599.6,,ft,Approved,,2025-03-11T20:44:24.741023+00:00,931ebc1c624c48f8927ac294217b8f29
2016-12-16,599.6,,ft,Approved,,2025-03-11T20:44:24.741023+00:00,931ebc1c624c48f8927ac294217b8f29
2016-12-17,599.59,,ft,Approved,,2025-03-11T20:44:24.741023+00:00,931ebc1c624c48f8927ac294217b8f29
2016-12-18,599.56,,ft,Approved,,2025-03-11T20:44:24.741023+00:00,931ebc1c624c48f8927ac294217b8f29
2016-12-19,599.55,,ft,Approved,,2025-03-11T20:44:24.741023+00:00,931ebc1c624c48f8927ac294217b8f29
2016-12-20,599.55,,ft,Approved,,2025-03-11T20:44:24.741023+00:00,931ebc1c624c48f8927ac294217b8f29
2016-12-21,599.55,,ft,Approved,,2025-03-11T20:44:24.741023+00:00,931ebc1c624c48f8927ac294217b8f29
2016-12-22,599.55,,ft,Approved,,2025-03-11T20:44:24.741023+00:00,931ebc1c624c48f8927ac294217b8f29
2016-12-23,599.55,,ft,Approved,,2025-03-11T20:44:24.741023+00:00,931ebc1c624c48f8927ac294217b8f29
2016-12-24,599.57,,ft,Approved,,2025-03-11T20:44:24.741023+00:00,931ebc1c624c48f8927ac294217b8f29
2016-12-25,599.58,,ft,Approved,,2025-03-11T20:44:24.741023+00:00,931ebc1c624c48f8927ac294217b8f29
2016-12-26,599.58,,ft,Approved,,2025-03-11T20:44:24.741023+00:00,931ebc1c624c48f8927ac294217b8f29
2016-12-27,599.59,,ft,Approved,,2025-03-11T20:44:24.741023+00:00,931ebc1c624c48f8927ac294217b8f29
2016-12-28,599.59,,ft,Approved,,2025-03-11T20:44:24.741023+00:00,931ebc1c624c48f8927ac294217b8f29
2016-12-29,599.57,,ft,Approved,,2025-03-11T20:44:24.741023+00:00,931ebc1c624c48f8927ac294217b8f29
2016-12-30,599.55,,ft,Approved,,2025-03-11T20:44:24.741023+00:00,931ebc1c624c48f8927ac294217b8f29
2016-12-31,599.55,,ft,Approved,,2025-03-11T20:44:24.741023+00:00,931ebc1c624c48f8927ac294217b8f29
2017-01-01,599.55,,ft,Approved,,2025-03-11T20:44:24.741023+00:00,931ebc1c624c48f8927ac294217b8f29
2017-01-02,599.6,,ft,Approved,,2025-03-11T20:44:24.741023+00:00,931ebc1c624c48f8927ac294217b8f29
2017-01-03,599.61,,ft,Approved,,2025-03-11T20:44:24.741023+00:00,931ebc1c624c48f8927ac294217b8f29
2017-01-04,599.59,,ft,Approved,,2025-03-11T20:44:24.741023+00:00,931ebc1c624c48f8927ac294217b8f29
2017-01-05,599.59,,ft,Approved,,2025-03-11T20:44:24.741023+00:00,931ebc1c624c48f8927ac294217b8f29
2017-01-06,599.56,,ft,Approved,,2025-03-11T20:44:24.741023+00:00,931ebc1c624c48f8927ac294217b8f29
2017-01-07,599.55,,ft,Approved,,2025-03-11T20:44:24.741023+00:00,931ebc1c624c48f8927ac294217b8f29
2017-01-08,599.55,,ft,Approved,,2025-03-11T20:44:24.741023+00:00,931ebc1c624c48f8927ac294217b8f29
2017-01-09,599.56,,ft,Approved,,2025-03-11T20:44:24.741023+00:00,931ebc1c624c48f8927ac294217b8f29
2017-01-10,599.56,,ft,Approved,,2025-03-11T20:44:24.741023+00:00,931ebc1c624c48f8927ac294217b8f29
2017-01-11,599.57,,ft,Approved,,2025-03-11T20:44:24.741023+00:00,931ebc1c624c48f8927ac294217b8f29
2017-01-12,599.56,,ft,Approved,,2025-03-11T20:44:24.741023+00:00,931ebc1c624c48f8927ac294217b8f29
2017-01-13,599.57,,ft,Approved,,2025-03-11T20:44:24.741023+00:00,931ebc1c624c48f8927ac294217b8f29
2017-01-14,599.56,,ft,Approved,,2025-03-11T20:44:24.741023+00:00,931ebc1c624c48f8927ac294217b8f29
2017-01-15,599.57,,ft,Approved,,2025-03-11T20:44:24.741023+00:00,931ebc1c624c48f8927ac294217b8f29
2017-01-16,599.69,,ft,Approved,,2025-03-11T20:44:24.741023+00:00,931ebc1c624c48f8927ac294217b8f29
2017-01-17,599.83,,ft,Approved,,2025-03-11T20:44:24.741023+00:00,931ebc1c624c48f8927ac294217b8f29
2017-01-18,600.34,,ft,Approved,,2025-03-11T20:44:24.741023+00:00,931ebc1c624c48f8927ac294217b8f29
2017-01-19,599.8,,ft,Approved,,2025-03-11T20:44:24.741023+00:00,931ebc1c624c48f8927ac294217b8f29
2017-01-20,599.68,,ft,Approved,,2025-03-11T20:44:24.741023+00:00,931ebc1c624c48f8927ac294217b8f29
2017-01-21,599.65,,ft,Approved,,2025-03-11T20:44:24.741023+00:00,931ebc1c624c48f8927ac294217b8f29
2017-01-22,599.63,,ft,Approved,,2025-03-11T20:44:24.741023+00:00,931ebc1c624c48f8927ac294217b8f29
2017-01-23,599.61,,ft,Approved,,2025-03-11T20:44:24.741023+00:00,931ebc1c624c48f8927ac294217b8f29
2017-01-24,599.61,,ft,Approved,,2025-03-11T20:44:24.741023+00:00,931ebc1c624c48f8927ac294217b8f29
2017-01-25,599.61,,ft,Approved,,2025-03-11T20:44:24.741023+00:00,931ebc1c624c48f8927ac294217b8f29
2017-01-26,599.6,,ft,Approved,,2025-03-11T20:44:24.741023+00:00,931ebc1c624c48f8927ac294217b8f29
2017-01-27,599.6,,ft,Approved,,2025-03-11T20:44:24.741023+00:00,931ebc1c624c48f8927ac294217b8f29
2017-01-28,599.6,,ft,Approved,,2025-03-11T20:44:24.741023+00:00,931ebc1c624c48f8927ac294217b8f29
2017-01-29,599.59,,ft,Approved,,2025-03-11T20:44:24.741023+00:00,931ebc1c624c48f8927ac294217b8f29
2017-01-30,599.6,,ft,Approved,,2025-03-11T20:44:24.741023+00:00,931ebc1c624c48f8927ac294217b8f29
2017-01-31,599.59,,ft,Approved,,2025-03-11T20:44:24.741023+00:00,931ebc1c624c48f8927ac294217b8f29
2017-02-01,599.59,,ft,Approved,,2025-03-11T20:44:24.741023+00:00,931ebc1c624c48f8927ac294217b8f29
2017-02-02,599.59,,ft,Approved,,2025-03-11T20:44:24.741023+00:00,931ebc1c624c48f8927ac294217b8f29
2017-02-03,599.59,,ft,Approved,,2025-03-11T20:44:24.741023+00:00,931ebc1c624c48f8927ac294217b8f29
2017-02-04,599.59,,ft,Approved,,2025-03-11T20:44:24.741023+00:00,931ebc1c624c48f8927ac294217b8f29
2017-02-05,599.61,,ft,Approved,,2025-03-11T20:44:24.741023+00:00,931ebc1c624c48f8927ac294217b8f29
2017-02-06,599.62,,ft,Approved,,2025-03-11T20:44:24.741023+00:00,931ebc1c624c48f8927ac294217b8f29
2017-02-07,599.62,,ft,Approved,,2025-03-11T20:44:24.741023+00:00,931ebc1c624c48f8927ac294217b8f29
2017-02-08,599.61,,ft,Approved,,2025-03-11T20:44:24.741023+00:00,931ebc1c624c48f8927ac294217b8f29
2017-02-09,599.59,,ft,Approved,,2025-03-11T20:44:24.741023+00:00,931ebc1c624c48f8927ac294217b8f29
2017-02-10,599.59,,ft,Approved,,2025-03-11T20:44:24.741023+00:00,931ebc1c624c48f8927ac294217b8f29
2017-02-11,599.6,,ft,Approved,,2025-03-11T20:44:24.741023+00:00,931ebc1c624c48f8927ac294217b8f29
2017-02-12,599.6,,ft,Approved,,2025-03-11T20:44:24.741023+00:00,931ebc1c624c48f8927ac294217b8f29
2017-02-13,599.6,,ft,Approved,,2025-03-11T20:44:24.741023+00:00,931ebc1c624c48f8927ac294217b8f29
2017-02-14,599.67,,ft,Approved,,2025-03-11T20:44:24.741023+00:00,931ebc1c624c48f8927ac294217b8f29
2017-02-15,599.65,,ft,Approved,,2025-03-11T20:44:24.741023+00:00,931ebc1c624c48f8927ac294217b8f29
2017-02-16,599.62,,ft,Approved,,2025-03-11T20:44:24.741023+00:00,931ebc1c624c48f8927ac294217b8f29
2017-02-17,599.62,,ft,Approved,,2025-03-11T20:44:24.741023+00:00,931ebc1c624c48f8927ac294217b8f29
2017-02-18,599.61,,ft,Approved,,2025-03-11T20:44:24.741023+00:00,931ebc1c624c48f8927ac294217b8f29
2017-02-19,599.61,,ft,Approved,,2025-03-11T20:44:24.741023+00:00,931ebc1c624c48f8927ac294217b8f29
2017-02-20,599.93,,ft,Approved,,2025-03-11T20:44:24.741023+00:00,931ebc1c624c48f8927ac294217b8f29
2017-02-21,599.73,,ft,Approved,,2025-03-11T20:44:24.741023+00:00,931ebc1c624c48f8927ac294217b8f29
2017-02-22,599.66,,ft,Approved,,2025-03-11T20:44:24.741023+00:00,931ebc1c624c48f8927ac294217b8f29
2017-02-23,599.63,,ft,Approved,,2025-03-11T20:44:24.741023+00:00,931ebc1c624c48f8927ac294217b8f29
2017-02-24,599.62,,ft,Approved,,2025-03-11T20:44:24.741023+00:00,931ebc1c624c48f8927ac294217b8f29
2017-02-25,599.6,,ft,Approved,,2025-03-11T20:44:24.741023+00:00,931ebc1c624c48f8927ac294217b8f29
2017-02-26,599.6,,ft,Approved,,2025-03-11T20:44:24.741023+00:00,931ebc1c624c48f8927ac294217b8f29
2017-02-27,599.62,,ft,Approved,,2025-03-11T20:44:24.741023+00:00,931ebc1c624c48f8927ac294217b8f29
2017-02-28,599.62,,ft,Approved,,2025-03-11T20:44:24.741023+00:00,931ebc1c624c48f8927ac294217b8f29
2017-03-01,599.61,,ft,Approved,,2025-03-11T20:44:24.741023+00:00,931ebc1c624c48f8927ac294217b8f29
2017-03-02,599.59,,ft,Approved,,2025-03-11T20:44:24.741023+00:00,931ebc1c624c48f8927ac294217b8f29
2017-03-03,599.58,,ft,Approved,,2025-03-11T20:44:24.741023+00:00,931ebc1c624c48f8927ac294217b8f29
2017-03-04,599.61,,ft,Approved,,2025-03-11T20:44:24.741023+00:00,931ebc1c624c48f8927ac294217b8f29
2017-03-05,599.71,,ft,Approved,,2025-03-11T20:44:24.741023+00:00,931ebc1c624c48f8927ac294217b8f29
2017-03-06,599.69,,ft,Approved,,2025-03-11T20:44:24.741023+00:00,931ebc1c624c48f8927ac294217b8f29
2017-03-07,599.64,,ft,Approved,,2025-03-11T20:44:24.741023+00:00,931ebc1c624c48f8927ac294217b8f29
2017-03-08,599.62,,ft,Approved,,2025-03-11T20:44:24.741023+00:00,931ebc1c624c48f8927ac294217b8f29
2017-03-09,599.62,,ft,Approved,,2025-03-11T20:44:24.741023+00:00,931ebc1c624c48f8927ac294217b8f29
2017-03-10,599.62,,ft,Approved,,2025-03-11T20:44:24.741023+00:00,931ebc1c624c48f8927ac294217b8f29
2017-03-11,599.67,,ft,Approved,,2025-03-11T20:44:24.741023+00:00,931ebc1c624c48f8927ac294217b8f29
2017-03-12,599.8,,ft,Approved,,2025-03-11T20:44:24.741023+00:00,931ebc1c624c48f8927ac294217b8f29
2017-03-13,599.68,,ft,Approved,,2025-03-11T20:44:24.741023+00:00,931ebc1c624c48f8927ac294217b8f29
2017-03-14,599.65,,ft,Approved,,2025-03-11T20:44:24.741023+00:00,931ebc1c624c48f8927ac294217b8f29
2017-03-15,599.63,,ft,Approved,,2025-03-11T20:44:24.741023+00:00,931ebc1c624c48f8927ac294217b8f29
2017-03-16,599.63,,ft,Approved,,2025-03-11T20:44:24.741023+00:00,931ebc1c624c48f8927ac294217b8f29
2017-03-17,599.62,,ft,Approved,,2025-03-11T20:44:24.741023+00:00,931ebc1c624c48f8927ac294217b8f29
2017-03-18,599.62,,ft,Approved,,2025-03-11T20:44:24.741023+00:00,931ebc1c624c48f8927ac294217b8f29
2017-03-19,599.61,,ft,Approved,,2025-03-11T20:44:24.741023+00:00,931ebc1c624c48f8927ac294217b8f29
2017-03-20,599.59,,ft,Approved,,2025-03-11T20:44:24.741023+00:00,931ebc1c624c48f8927ac294217b8f29
2017-03-21,599.58,,ft,Approved,,2025-03-11T20:44:24.741023+00:00,931ebc1c624c48f8927ac294217b8f29
2017-03-22,599.56,,ft,Approved,,2025-03-11T20:44:24.741023+00:00,931ebc1c624c48f8927ac294217b8f29
2017-03-23,599.55,,ft,Approved,,2025-03-11T20:44:24.741023+00:00,931ebc1c624c48f8927ac294217b8f29
2017-03-24,599.55,,ft,Approved,,2025-03-11T20:44:24.741023+00:00,931ebc1c624c48f8927ac294217b8f29
2017-03-25,599.59,,ft,Approved,,2025-03-11T20:44:24.741023+00:00,931ebc1c624c48f8927ac294217b8f29
2017-03-26,599.59,,ft,Approved,,2025-03-11T20:44:24.741023+00:00,931ebc1c624c48f8927ac294217b8f29
2017-03-27,599.59,,ft,Approved,,2025-03-11T20:44:24.741023+00:00,931ebc1c624c48f8927ac294217b8f29
2017-03-28,599.59,,ft,Approved,,2025-03-11T20:44:24.741023+00:00,931ebc1c624c48f8927ac294217b8f29
2017-03-29,599.74,,ft,Approved,,2025-03-11T20:44:24.741023+00:00,931ebc1c624c48f8927ac294217b8f29
2017-03-30,599.66,,ft,Approved,,2025-03-11T20:44:24.741023+00:00,931ebc1c624c48f8927ac294217b8f29
2017-03-31,599.62,,ft,Approved,,2025-03-11T20:44:24.741023+00:00,931ebc1c624c48f8927ac294217b8f29
2017-04-01,599.6,,ft,Approved,,2025-03-11T20:44:24.741023+00:00,931ebc1c624c48f8927ac294217b8f29
2017-04-02,599.62,,ft,Approved,,2025-03-11T20:44:24.741023+00:00,931ebc1c624c48f8927ac294217b8f29
2017-04-03,599.63,,ft,Approved,,2025-03-11T20:44:24.741023+00:00,931ebc1c624c48f8927ac294217b8f29
2017-04-04,599.61,,ft,Approved,,2025-03-11T20:44:24.741023+00:00,931ebc1c624c48f8927ac294217b8f29
2017-04-05,599.57,,ft,Approved,,2025-03-11T20:44:24.741023+00:00,931ebc1c624c48f8927ac294217b8f29
2017-04-06,599.56,,ft,Approved,,2025-03-11T20:44:24.741023+00:00,931ebc1c624c48f8927ac294217b8f29
2017-04-07,599.55,,ft,Approved,,2025-03-11T20:44:24.741023+00:00,931ebc1c624c48f8927ac294217b8f29
2017-04-08,599.53,,ft,Approved,,2025-03-11T20:44:24.741023+00:00,931ebc1c624c48f8927ac294217b8f29
2017-04-09,599.52,,ft,Approved,,2025-03-11T20:44:24.741023+00:00,931ebc1c624c48f8927ac294217b8f29
2017-04-10,599.52,,ft,Approved,,2025-03-11T20:44:24.741023+00:00,931ebc1c624c48f8927ac294217b8f29
2017-04-11,599.67,,ft,Approved,,2025-03-11T20:44:24.741023+00:00,931ebc1c624c48f8927ac294217b8f29
2017-04-12,599.74,,ft,Approved,,2025-03-11T20:44:24.741023+00:00,931ebc1c624c48f8927ac294217b8f29
2017-04-13,599.66,,ft,Approved,,2025-03-11T20:44:24.741023+00:00,931ebc1c624c48f8927ac294217b8f29
2017-04-14,599.63,,ft,Approved,,2025-03-11T20:44:24.741023+00:00,931ebc1c624c48f8927ac294217b8f29
2017-04-15,599.61,,ft,Approved,,2025-03-11T20:44:24.741023+00:00,931ebc1c624c48f8927ac294217b8f29
2017-04-16,599.6,,ft,Approved,,2025-03-11T20:44:24.741023+00:00,931ebc1c624c48f8927ac294217b8f29
2017-04-17,599.59,,ft,Approved,,2025-03-11T20:44:24.741023+00:00,931ebc1c624c48f8927ac294217b8f29
2017-04-18,599.59,,ft,Approved,,2025-03-11T20:44:24.741023+00:00,931ebc1c624c48f8927ac294217b8f29
2017-04-19,599.6,,ft,Approved,,2025-03-11T20:44:24.741023+00:00,931ebc1c624c48f8927ac294217b8f29
2017-04-20,599.59,,ft,Approved,,2025-03-11T20:44:24.741023+00:00,931ebc1c624c48f8927ac294217b8f29
2017-04-21,599.58,,ft,Approved,,2025-03-11T20:44:24.741023+00:00,931ebc1c624c48f8927ac294217b8f29
2017-04-22,599.55,,ft,Approved,,2025-03-11T20:44:24.741023+00:00,931ebc1c624c48f8927ac294217b8f29
2017-04-23,599.53,,ft,Approved,,2025-03-11T20:44:24.741023+00:00,931ebc1c624c48f8927ac294217b8f29
2017-04-24,599.51,,ft,Approved,,2025-03-11T20:44:24.741023+00:00,931ebc1c624c48f8927ac294217b8f29
2017-04-25,599.5,,ft,Approved,,2025-03-11T20:44:24.741023+00:00,931ebc1c624c48f8927ac294217b8f29
2017-04-26,599.49,,ft,Approved,,2025-03-11T20:44:24.741023+00:00,931ebc1c624c48f8927ac294217b8f29
2017-04-27,599.46,,ft,Approved,,2025-03-11T20:44:24.741023+00:00,931ebc1c624c48f8927ac294217b8f29
2017-04-28,599.46,,ft,Approved,,2025-03-11T20:44:24.741023+00:00,931ebc1c624c48f8927ac294217b8f29
2017-04-29,599.45,,ft,Approved,,2025-03-11T20:44:24.741023+00:00,931ebc1c624c48f8927ac294217b8f29
2017-04-30,599.43,,ft,Approved,,2025-03-11T20:44:24.741023+00:00,931ebc1c624c48f8927ac294217b8f29
2017-05-01,599.42,,ft,Approved,,2025-03-11T20:44:24.741023+00:00,931ebc1c624c48f8927ac294217b8f29
2017-05-02,599.4,,ft,Approved,,2025-03-11T20:44:24.741023+00:00,931ebc1c624c48f8927ac294217b8f29
2017-05-03,599.38,,ft,Approved,,2025-03-11T20:44:24.741023+00:00,931ebc1c624c48f8927ac294217b8f29
2017-05-04,599.35,,ft,Approved,,2025-03-11T20:44:24.741023+00:00,931ebc1c624c48f8927ac294217b8f29
2017-05-05,599.33,,ft,Approved,,2025-03-11T20:44:24.741023+00:00,931ebc1c624c48f8927ac294217b8f29
2017-05-06,599.32,,ft,Approved,,2025-03-11T20:44:24.741023+00:00,931ebc1c624c48f8927ac294217b8f29
2017-05-07,599.31,,ft,Approved,,2025-03-11T20:44:24.741023+00:00,931ebc1c624c48f8927ac294217b8f29
2017-05-08,599.29,,ft,Approved,,2025-03-11T20:44:24.741023+00:00,931ebc1c624c48f8927ac294217b8f29
2017-05-09,599.28,,ft,Approved,,2025-03-11T20:44:24.741023+00:00,931ebc1c624c48f8927ac294217b8f29
2017-05-10,599.28,,ft,Approved,,2025-03-11T20:44:24.741023+00:00,931ebc1c624c48f8927ac294217b8f29
2017-05-11,599.3,,ft,Approved,,2025-03-11T20:44:24.741023+00:00,931ebc1c624c48f8927ac294217b8f29
2017-05-12,599.34,,ft,Approved,,2025-03-11T20:44:24.741023+00:00,931ebc1c624c48f8927ac294217b8f29
2017-05-13,599.33,,ft,Approved,,2025-03-11T20:44:24.741023+00:00,931ebc1c624c48f8927ac294217b8f29
2017-05-14,599.32,,ft,Approved,,2025-03-11T20:44:24.741023+00:00,931ebc1c624c48f8927ac294217b8f29
2017-05-15,599.3,,ft,Approved,,2025-03-11T20:44:24.741023+00:00,931ebc1c624c48f8927ac294217b8f29
2017-05-16,599.28,,ft,Approved,,2025-03-11T20:44:24.741023+00:00,931ebc1c624c48f8927ac294217b8f29
2017-05-17,599.28,,ft,Approved,,2025-03-11T20:44:24.741023+00:00,931ebc1c624c48f8927ac294217b8f29
2017-05-18,599.28,,ft,Approved,,2025-03-11T20:44:24.741023+00:00,931ebc1c624c48f8927ac294217b8f29
2017-05-19,599.27,,ft,Approved,,2025-03-11T20:44:24.741023+00:00,931ebc1c624c48f8927ac294217b8f29
2017-05-20,599.3,,ft,Approved,,2025-03-11T20:44:24.741023+00:00,931ebc1c624c48f8927ac294217b8f29
2017-05-21,599.32,,ft,Approved,,2025-03-11T20:44:24.741023+00:00,931ebc1c624c48f8927ac294217b8f29
2017-05-22,599.44,,ft,Approved,,2025-03-11T20:44:24.741023+00:00,931ebc1c624c48f8927ac294217b8f29
2017-05-23,599.47,,ft,Approved,,2025-03-11T20:44:24.741023+00:00,931ebc1c624c48f8927ac294217b8f29
2017-05-24,599.5,,ft,Approved,,2025-03-11T20:44:24.741023+00:00,931ebc1c624c48f8927ac294217b8f29
2017-05-25,599.49,,ft,Approved,,2025-03-11T20:44:24.741023+00:00,931ebc1c624c48f8927ac294217b8f29
2017-05-26,599.48,,ft,Approved,,2025-03-11T20:44:24.741023+00:00,931ebc1c624c48f8927ac294217b8f29
2017-05-27,599.48,,ft,Approved,,2025-03-11T20:44:24.741023+00:00,931ebc1c624c48f8927ac294217b8f29
2017-05-28,599.47,,ft,Approved,,2025-03-11T20:44:24.741023+00:00,931ebc1c624c48f8927ac294217b8f29
2017-05-29,599.48,,ft,Approved,,2025-03-11T20:44:24.741023+00:00,931ebc1c624c48f8927ac294217b8f29
2017-05-30,599.47,,ft,Approved,,2025-03-11T20:44:24.741023+00:00,931ebc1c624c48f8927ac294217b8f29
2017-05-31,599.46,,ft,Approved,,2025-03-11T20:44:24.741023+00:00,931ebc1c624c48f8927ac294217b8f29
2017-06-01,599.45,,ft,Approved,,2025-03-11T20:44:24.741023+00:00,931ebc1c624c48f8927ac294217b8f29
2017-06-02,599.45,,ft,Approved,,2025-03-11T20:44:24.741023+00:00,931ebc1c624c48f8927ac294217b8f29
2017-06-03,599.43,,ft,Approved,,2025-03-11T20:44:24.741023+00:00,931ebc1c624c48f8927ac294217b8f29
2017-06-04,599.46,,ft,Approved,,2025-03-11T20:44:24.741023+00:00,931ebc1c624c48f8927ac294217b8f29
2017-06-05,599.51,,ft,Approved,,2025-03-11T20:44:24.741023+00:00,931ebc1c624c48f8927ac294217b8f29
2017-06-06,599.5,,ft,Approved,,2025-03-11T20:44:24.741023+00:00,931ebc1c624c48f8927ac294217b8f29
2017-06-07,599.47,,ft,Approved,,2025-03-11T20:44:24.741023+00:00,931ebc1c624c48f8927ac294217b8f29
2017-06-08,599.46,,ft,Approved,,2025-03-11T20:44:24.741023+00:00,931ebc1c624c48f8927ac294217b8f29
2017-06-09,599.44,,ft,Approved,,2025-03-11T20:44:24.741023+00:00,931ebc1c624c48f8927ac294217b8f29
2017-06-10,599.42,,ft,Approved,,2025-03-11T20:44:24.741023+00:00,931ebc1c624c48f8927ac294217b8f29
2017-06-11,599.4,,ft,Approved,,2025-03-11T20:44:24.741023+00:00,931ebc1c624c48f8927ac294217b8f29
2017-06-12,599.38,,ft,Approved,,2025-03-11T20:44:24.741023+00:00,931ebc1c624c48f8927ac294217b8f29
2017-06-13,599.36,,ft,Approved,,2025-03-11T20:44:24.741023+00:00,931ebc1c624c48f8927ac294217b8f29
2017-06-14,599.34,,ft,Approved,,2025-03-11T20:44:24.741023+00:00,931ebc1c624c48f8927ac294217b8f29
2017-06-15,599.32,,ft,Approved,,2025-03-11T20:44:24.741023+00:00,931ebc1c624c48f8927ac294217b8f29
2017-06-16,599.29,,ft,Approved,,2025-03-11T20:44:24.741023+00:00,931ebc1c624c48f8927ac294217b8f29
2017-06-17,599.27,,ft,Approved,,2025-03-11T20:44:24.741023+00:00,931ebc1c624c48f8927ac294217b8f29
2017-06-18,599.23,,ft,Approved,LESSTHAN;REVISED,2025-03-11T20:44:24.741023+00:00,931ebc1c624c48f8927ac294217b8f29
2017-06-19,599.22,,ft,Approved,LESSTHAN;REVISED,2025-03-11T20:44:24.741023+00:00,931ebc1c624c48f8927ac294217b8f29
2017-06-20,599.22,,ft,Approved,LESSTHAN;REVISED,2025-03-11T20:44:24.741023+00:00,931ebc1c624c48f8927ac294217b8f29
2017-06-21,599.23,,ft,Approved,LESSTHAN;REVISED,2025-03-11T20:44:24.741023+00:00,931ebc1c624c48f8927ac294217b8f29
2017-06-22,599.22,,ft,Approved,LESSTHAN;REVISED,2025-03-11T20:44:24.741023+00:00,931ebc1c624c48f8927ac294217b8f29
2017-06-23,599.23,,ft,Approved,LESSTHAN;REVISED,2025-03-11T20:44:24.741023+00:00,931ebc1c624c48f8927ac294217b8f29
2017-06-24,599.22,,ft,Approved,LESSTHAN;REVISED,2025-03-11T20:44:24.741023+00:00,931ebc1c624c48f8927ac294217b8f29
2017-06-25,599.22,,ft,Approved,LESSTHAN;REVISED,2025-03-11T20:44:24.741023+00:00,931ebc1c624c48f8927ac294217b8f29
2017-06-26,599.22,,ft,Approved,LESSTHAN;REVISED,2025-03-11T20:44:24.741023+00:00,931ebc1c624c48f8927ac294217b8f29
2017-06-27,599.22,,ft,Approved,LESSTHAN;REVISED,2025-03-11T20:44:24.741023+00:00,931ebc1c624c48f8927ac294217b8f29
2017-06-28,599.22,,ft,Approved,LESSTHAN;REVISED,2025-03-11T20:44:24.741023+00:00,931ebc1c624c48f8927ac294217b8f29
2017-06-29,599.23,,ft,Approved,LESSTHAN;REVISED,2025-03-11T20:44:24.741023+00:00,931ebc1c624c48f8927ac294217b8f29
2017-06-30,599.23,,ft,Approved,LESSTHAN;REVISED,2025-03-11T20:44:24.741023+00:00,931ebc1c624c48f8927ac294217b8f29
2017-07-01,599.23,,ft,Approved,LESSTHAN;REVISED,2025-03-11T20:44:24.741023+00:00,931ebc1c624c48f8927ac294217b8f29
2017-07-02,599.23,,ft,Approved,LESSTHAN;REVISED,2025-03-11T20:44:24.741023+00:00,931ebc1c624c48f8927ac294217b8f29
2017-07-03,599.23,,ft,Approved,LESSTHAN;REVISED,2025-03-11T20:44:24.741023+00:00,931ebc1c624c48f8927ac294217b8f29
2017-07-04,599.23,,ft,Approved,LESSTHAN;REVISED,2025-03-11T20:44:24.741023+00:00,931ebc1c624c48f8927ac294217b8f29
2017-07-05,599.23,,ft,Approved,LESSTHAN;REVISED,2025-03-11T20:44:24.741023+00:00,931ebc1c624c48f8927ac294217b8f29
2017-07-06,599.23,,ft,Approved,LESSTHAN;REVISED,2025-03-11T20:44:24.741023+00:00,931ebc1c624c48f8927ac294217b8f29
2017-07-07,599.23,,ft,Approved,LESSTHAN;REVISED,2025-03-11T20:44:24.741023+00:00,931ebc1c624c48f8927ac294217b8f29
2017-07-08,599.23,,ft,Approved,LESSTHAN;REVISED,2025-03-11T20:44:24.741023+00:00,931ebc1c624c48f8927ac294217b8f29
2017-07-09,599.23,,ft,Approved,LESSTHAN;REVISED,2025-03-11T20:44:24.741023+00:00,931ebc1c624c48f8927ac294217b8f29
2017-07-10,599.22,,ft,Approved,LESSTHAN;REVISED,2025-03-11T20:44:24.741023+00:00,931ebc1c624c48f8927ac294217b8f29
2017-07-11,599.23,,ft,Approved,LESSTHAN;REVISED,2025-03-11T20:44:24.741023+00:00,931ebc1c624c48f8927ac294217b8f29
2017-07-12,599.22,,ft,Approved,LESSTHAN;REVISED,2025-03-11T20:44:24.741023+00:00,931ebc1c624c48f8927ac294217b8f29
2017-07-13,599.22,,ft,Approved,LESSTHAN;REVISED,2025-03-11T20:44:24.741023+00:00,931ebc1c624c48f8927ac294217b8f29
2017-07-14,599.23,,ft,Approved,LESSTHAN;REVISED,2025-03-11T20:44:24.741023+00:00,931ebc1c624c48f8927ac294217b8f29
2017-07-15,599.23,,ft,Approved,LESSTHAN;REVISED,2025-03-11T20:44:24.741023+00:00,931ebc1c624c48f8927ac294217b8f29
2017-07-16,599.22,,ft,Approved,LESSTHAN;REVISED,2025-03-11T20:44:24.741023+00:00,931ebc1c624c48f8927ac294217b8f29
2017-07-17,599.22,,ft,Approved,LESSTHAN;REVISED,2025-03-11T20:44:24.741023+00:00,931ebc1c624c48f8927ac294217b8f29
2017-07-18,599.23,,ft,Approved,LESSTHAN;REVISED,2025-03-11T20:44:24.741023+00:00,931ebc1c624c48f8927ac294217b8f29
2017-07-19,599.23,,ft,Approved,LESSTHAN;REVISED,2025-03-11T20:44:24.741023+00:00,931ebc1c624c48f8927ac294217b8f29
2017-07-20,599.23,,ft,Approved,LESSTHAN;REVISED,2025-03-11T20:44:24.741023+00:00,931ebc1c624c48f8927ac294217b8f29
2017-07-21,599.23,,ft,Approved,LESSTHAN;REVISED,2025-03-11T20:44:24.741023+00:00,931ebc1c624c48f8927ac294217b8f29
2017-07-22,599.23,,ft,Approved,LESSTHAN;REVISED,2025-03-11T20:44:24.741023+00:00,931ebc1c624c48f8927ac294217b8f29
2017-07-23,599.23,,ft,Approved,LESSTHAN;REVISED,2025-03-11T20:44:24.741023+00:00,931ebc1c624c48f8927ac294217b8f29
2017-07-24,599.22,,ft,Approved,LESSTHAN;REVISED,2025-03-11T20:44:24.741023+00:00,931ebc1c624c48f8927ac294217b8f29
2017-07-25,599.22,,ft,Approved,LESSTHAN;REVISED,2025-03-11T20:44:24.741023+00:00,931ebc1c624c48f8927ac294217b8f29
2017-07-26,599.23,,ft,Approved,LESSTHAN;REVISED,2025-03-11T20:44:24.741023+00:00,931ebc1c624c48f8927ac294217b8f29
2017-07-27,599.23,,ft,Approved,LESSTHAN;REVISED,2025-03-11T20:44:24.741023+00:00,931ebc1c624c48f8927ac294217b8f29
2017-07-28,599.23,,ft,Approved,LESSTHAN;REVISED,2025-03-11T20:44:24.741023+00:00,931ebc1c624c48f8927ac294217b8f29
2017-07-29,599.23,,ft,Approved,LESSTHAN;REVISED,2025-03-11T20:44:24.741023+00:00,931ebc1c624c48f8927ac294217b8f29
2017-07-30,599.23,,ft,Approved,LESSTHAN;REVISED,2025-03-11T20:44:24.741023+00:00,931ebc1c624c48f8927ac294217b8f29
2017-07-31,599.22,,ft,Approved,LESSTHAN;REVISED,2025-03-11T20:44:24.741023+00:00,931ebc1c624c48f8927ac294217b8f29
2017-08-01,599.22,,ft,Approved,LESSTHAN;REVISED,2025-03-11T20:44:24.741023+00:00,931ebc1c624c48f8927ac294217b8f29
2017-08-02,599.22,,ft,Approved,LESSTHAN;REVISED,2025-03-11T20:44:24.741023+00:00,931ebc1c624c48f8927ac294217b8f29
2017-08-03,599.22,,ft,Approved,LESSTHAN;REVISED,2025-03-11T20:44:24.741023+00:00,931ebc1c624c48f8927ac294217b8f29
2017-08-04,599.22,,ft,Approved,LESSTHAN;REVISED,2025-03-11T20:44:24.741023+00:00,931ebc1c624c48f8927ac294217b8f29
2017-08-05,599.23,,ft,Approved,LESSTHAN;REVISED,2025-03-11T20:44:24.741023+00:00,931ebc1c624c48f8927ac294217b8f29
2017-08-06,599.23,,ft,Approved,LESSTHAN;REVISED,2025-03-11T20:44:24.741023+00:00,931ebc1c624c48f8927ac294217b8f29
2017-08-07,599.22,,ft,Approved,LESSTHAN;REVISED,2025-03-11T20:44:24.741023+00:00,931ebc1c624c48f8927ac294217b8f29
2017-08-08,599.22,,ft,Approved,LESSTHAN;REVISED,2025-03-11T20:44:24.741023+00:00,931ebc1c624c48f8927ac294217b8f29
2017-08-09,599.22,,ft,Approved,LESSTHAN;REVISED,2025-03-11T20:44:24.741023+00:00,931ebc1c624c48f8927ac294217b8f29
2017-08-10,599.23,,ft,Approved,LESSTHAN;REVISED,2025-03-11T20:44:24.741023+00:00,931ebc1c624c48f8927ac294217b8f29
2017-08-11,599.23,,ft,Approved,LESSTHAN;REVISED,2025-03-11T20:44:24.741023+00:00,931ebc1c624c48f8927ac294217b8f29
2017-08-12,599.23,,ft,Approved,LESSTHAN;REVISED,2025-03-11T20:44:24.741023+00:00,931ebc1c624c48f8927ac294217b8f29
2017-08-13,599.23,,ft,Approved,LESSTHAN;REVISED,2025-03-11T20:44:24.741023+00:00,931ebc1c624c48f8927ac294217b8f29
2017-08-14,599.23,,ft,Approved,LESSTHAN;REVISED,2025-03-11T20:44:24.741023+00:00,931ebc1c624c48f8927ac294217b8f29
2017-08-15,599.23,,ft,Approved,LESSTHAN;REVISED,2025-03-11T20:44:24.741023+00:00,931ebc1c624c48f8927ac294217b8f29
2017-08-16,599.23,,ft,Approved,LESSTHAN;REVISED,2025-03-11T20:44:24.741023+00:00,931ebc1c624c48f8927ac294217b8f29
2017-08-17,599.23,,ft,Approved,LESSTHAN;REVISED,2025-03-11T20:44:24.741023+00:00,931ebc1c624c48f8927ac294217b8f29
2017-08-18,599.23,,ft,Approved,LESSTHAN;REVISED,2025-03-11T20:44:24.741023+00:00,931ebc1c624c48f8927ac294217b8f29
2017-08-19,599.23,,ft,Approved,LESSTHAN;REVISED,2025-03-11T20:44:24.741023+00:00,931ebc1c624c48f8927ac294217b8f29
2017-08-20,599.23,,ft,Approved,LESSTHAN;REVISED,2025-03-11T20:44:24.741023+00:00,931ebc1c624c48f8927ac294217b8f29
2017-08-21,599.22,,ft,Approved,LESSTHAN;REVISED,2025-03-11T20:44:24.741023+00:00,931ebc1c624c48f8927ac294217b8f29
2017-08-22,599.23,,ft,Approved,LESSTHAN;REVISED,2025-03-11T20:44:24.741023+00:00,931ebc1c624c48f8927ac294217b8f29
2017-08-23,599.23,,ft,Approved,LESSTHAN;REVISED,2025-03-11T20:44:24.741023+00:00,931ebc1c624c48f8927ac294217b8f29
2017-08-24,599.22,,ft,Approved,LESSTHAN;REVISED,2025-03-11T20:44:24.741023+00:00,931ebc1c624c48f8927ac294217b8f29
2017-08-25,599.22,,ft,Approved,LESSTHAN;REVISED,2025-03-11T20:44:24.741023+00:00,931ebc1c624c48f8927ac294217b8f29
2017-08-26,599.23,,ft,Approved,LESSTHAN;REVISED,2025-03-11T20:44:24.741023+00:00,931ebc1c624c48f8927ac294217b8f29
2017-08-27,599.86,,ft,Approved,LESSTHAN;REVISED,2025-03-11T20:44:24.741023+00:00,931ebc1c624c48f8927ac294217b8f29
2017-08-28,600.01,,ft,Approved,,2026-01-15T23:25:46.983835+00:00,931ebc1c624c48f8927ac294217b8f29
2017-08-29,599.72,,ft,Approved,,2025-03-11T20:44:24.741023+00:00,931ebc1c624c48f8927ac294217b8f29
2017-08-30,599.64,,ft,Approved,,2025-03-11T20:44:24.741023+00:00,931ebc1c624c48f8927ac294217b8f29
2017-08-31,599.61,,ft,Approved,,2025-03-11T20:44:24.741023+00:00,931ebc1c624c48f8927ac294217b8f29
2017-09-01,599.61,,ft,Approved,,2025-03-11T20:44:24.741023+00:00,931ebc1c624c48f8927ac294217b8f29
2017-09-02,599.6,,ft,Approved,,2025-03-11T20:44:24.741023+00:00,931ebc1c624c48f8927ac294217b8f29
2017-09-03,599.59,,ft,Approved,,2025-03-11T20:44:24.741023+00:00,931ebc1c624c48f8927ac294217b8f29
2017-09-04,599.58,,ft,Approved,,2025-03-11T20:44:24.741023+00:00,931ebc1c624c48f8927ac294217b8f29
2017-09-05,599.57,,ft,Approved,,2025-03-11T20:44:24.741023+00:00,931ebc1c624c48f8927ac294217b8f29
2017-09-06,599.55,,ft,Approved,,2025-03-11T20:44:24.741023+00:00,931ebc1c624c48f8927ac294217b8f29
2017-09-07,599.52,,ft,Approved,,2025-03-11T20:44:24.741023+00:00,931ebc1c624c48f8927ac294217b8f29
2017-09-08,599.51,,ft,Approved,,2025-03-11T20:44:24.741023+00:00,931ebc1c624c48f8927ac294217b8f29
2017-09-09,599.5,,ft,Approved,,2025-03-11T20:44:24.741023+00:00,931ebc1c624c48f8927ac294217b8f29
2017-09-10,599.49,,ft,Approved,,2025-03-11T20:44:24.741023+00:00,931ebc1c624c48f8927ac294217b8f29
2017-09-11,599.48,,ft,Approved,,2025-03-11T20:44:24.741023+00:00,931ebc1c624c48f8927ac294217b8f29
2017-09-12,599.47,,ft,Approved,,2025-03-11T20:44:24.741023+00:00,931ebc1c624c48f8927ac294217b8f29
2017-09-13,599.47,,ft,Approved,,2025-03-11T20:44:24.741023+00:00,931ebc1c624c48f8927ac294217b8f29
2017-09-14,599.47,,ft,Approved,,2025-03-11T20:44:24.741023+00:00,931ebc1c624c48f8927ac294217b8f29
2017-09-15,599.46,,ft,Approved,,2025-03-11T20:44:24.741023+00:00,931ebc1c624c48f8927ac294217b8f29
2017-09-16,599.46,,ft,Approved,,2025-03-11T20:44:24.741023+00:00,931ebc1c624c48f8927ac294217b8f29
2017-09-17,599.45,,ft,Approved,,2025-03-11T20:44:24.741023+00:00,931ebc1c624c48f8927ac294217b8f29
2017-09-18,599.45,,ft,Approved,,2025-03-11T20:44:24.741023+00:00,931ebc1c624c48f8927ac294217b8f29
2017-09-19,599.45,,ft,Approved,,2025-03-11T20:44:24.741023+00:00,931ebc1c624c48f8927ac294217b8f29
2017-09-20,599.43,,ft,Approved,,2025-03-11T20:44:24.741023+00:00,931ebc1c624c48f8927ac294217b8f29
2017-09-21,599.42,,ft,Approved,,2025-03-11T20:44:24.741023+00:00,931ebc1c624c48f8927ac294217b8f29
2017-09-22,599.4,,ft,Approved,,2025-03-11T20:44:24.741023+00:00,931ebc1c624c48f8927ac294217b8f29
2017-09-23,599.39,,ft,Approved,,2025-03-11T20:44:24.741023+00:00,931ebc1c624c48f8927ac294217b8f29
2017-09-24,599.39,,ft,Approved,,2025-03-11T20:44:24.741023+00:00,931ebc1c624c48f8927ac294217b8f29
2017-09-25,599.39,,ft,Approved,,2025-03-11T20:44:24.741023+00:00,931ebc1c624c48f8927ac294217b8f29
2017-09-26,599.4,,ft,Approved,,2025-03-11T20:44:24.741023+00:00,931ebc1c624c48f8927ac294217b8f29
2017-09-27,599.5,,ft,Approved,,2025-03-11T20:44:24.741023+00:00,931ebc1c624c48f8927ac294217b8f29
2017-09-28,599.57,,ft,Approved,,2025-03-11T20:44:24.741023+00:00,931ebc1c624c48f8927ac294217b8f29
2017-09-29,599.71,,ft,Approved,,2025-03-11T20:44:24.741023+00:00,931ebc1c624c48f8927ac294217b8f29
2017-09-30,599.65,,ft,Approved,,2025-03-11T20:44:24.741023+00:00,931ebc1c624c48f8927ac294217b8f29
2017-10-01,599.62,,ft,Approved,,2025-03-11T20:44:24.741023+00:00,931ebc1c624c48f8927ac294217b8f29
2017-10-02,599.62,,ft,Approved,,2025-03-11T20:44:24.741023+00:00,931ebc1c624c48f8927ac294217b8f29
2017-10-03,599.63,,ft,Approved,,2025-03-11T20:44:24.741023+00:00,931ebc1c624c48f8927ac294217b8f29
2017-10-04,599.65,,ft,Approved,,2025-03-11T20:44:24.741023+00:00,931ebc1c624c48f8927ac294217b8f29
2017-10-05,599.63,,ft,Approved,,2025-03-11T20:44:24.741023+00:00,931ebc1c624c48f8927ac294217b8f29
2017-10-06,599.62,,ft,Approved,,2025-03-11T20:44:24.741023+00:00,931ebc1c624c48f8927ac294217b8f29
2017-10-07,599.61,,ft,Approved,,2025-03-11T20:44:24.741023+00:00,931ebc1c624c48f8927ac294217b8f29
2017-10-08,599.61,,ft,Approved,,2025-03-11T20:44:24.741023+00:00,931ebc1c624c48f8927ac294217b8f29
2017-10-09,599.6,,ft,Approved,,2025-03-11T20:44:24.741023+00:00,931ebc1c624c48f8927ac294217b8f29
2017-10-10,599.58,,ft,Approved,,2025-03-11T20:44:24.741023+00:00,931ebc1c624c48f8927ac294217b8f29
2017-10-11,599.56,,ft,Approved,,2025-03-11T20:44:24.741023+00:00,931ebc1c624c48f8927ac294217b8f29
2017-10-12,599.56,,ft,Approved,,2025-03-11T20:44:24.741023+00:00,931ebc1c624c48f8927ac294217b8f29
2017-10-13,599.57,,ft,Approved,,2025-03-11T20:44:24.741023+00:00,931ebc1c624c48f8927ac294217b8f29
2017-10-14,599.57,,ft,Approved,,2025-03-11T20:44:24.741023+00:00,931ebc1c624c48f8927ac294217b8f29
2017-10-15,599.57,,ft,Approved,,2025-03-11T20:44:24.741023+00:00,931ebc1c624c48f8927ac294217b8f29
2017-10-16,599.55,,ft,Approved,,2025-03-11T20:44:24.741023+00:00,931ebc1c624c48f8927ac294217b8f29
2017-10-17,599.54,,ft,Approved,,2025-03-11T20:44:24.741023+00:00,931ebc1c624c48f8927ac294217b8f29
2017-10-18,599.55,,ft,Approved,,2025-03-11T20:44:24.741023+00:00,931ebc1c624c48f8927ac294217b8f29
2017-10-19,599.55,,ft,Approved,,2025-03-11T20:44:24.741023+00:00,931ebc1c624c48f8927ac294217b8f29
2017-10-20,599.56,,ft,Approved,,2025-03-11T20:44:24.741023+00:00,931ebc1c624c48f8927ac294217b8f29
2017-10-21,599.57,,ft,Approved,,2025-03-11T20:44:24.741023+00:00,931ebc1c624c48f8927ac294217b8f29
2017-10-22,599.62,,ft,Approved,,2025-03-11T20:44:24.741023+00:00,931ebc1c624c48f8927ac294217b8f29
2017-10-23,599.62,,ft,Approved,,2025-03-11T20:44:24.741023+00:00,931ebc1c624c48f8927ac294217b8f29
2017-10-24,599.6,,ft,Approved,,2025-03-11T20:44:24.741023+00:00,931ebc1c624c48f8927ac294217b8f29
2017-10-25,599.59,,ft,Approved,,2025-03-11T20:44:24.741023+00:00,931ebc1c624c48f8927ac294217b8f29
2017-10-26,599.58,,ft,Approved,,2025-03-11T20:44:24.741023+00:00,931ebc1c624c48f8927ac294217b8f29
2017-10-27,599.56,,ft,Approved,,2025-03-11T20:44:24.741023+00:00,931ebc1c624c48f8927ac294217b8f29
2017-10-28,599.54,,ft,Approved,,2025-03-11T20:44:24.741023+00:00,931ebc1c624c48f8927ac294217b8f29
2017-10-29,599.54,,ft,Approved,,2025-03-11T20:44:24.741023+00:00,931ebc1c624c48f8927ac294217b8f29
2017-10-30,599.54,,ft,Approved,,2025-03-11T20:44:24.741023+00:00,931ebc1c624c48f8927ac294217b8f29
2017-10-31,599.55,,ft,Approved,,2025-03-11T20:44:24.741023+00:00,931ebc1c624c48f8927ac294217b8f29
2017-11-01,599.63,,ft,Approved,,2025-03-11T20:44:24.741023+00:00,931ebc1c624c48f8927ac294217b8f29
2017-11-02,599.63,,ft,Approved,,2025-03-11T20:44:24.741023+00:00,931ebc1c624c48f8927ac294217b8f29
2017-11-03,599.63,,ft,Approved,,2025-03-11T20:44:24.741023+00:00,931ebc1c624c48f8927ac294217b8f29
2017-11-04,599.63,,ft,Approved,,2025-03-11T20:44:24.741023+00:00,931ebc1c624c48f8927ac294217b8f29
2017-11-05,599.62,,ft,Approved,,2025-03-11T20:44:24.741023+00:00,931ebc1c624c48f8927ac294217b8f29
2017-11-06,599.62,,ft,Approved,,2025-03-11T20:44:24.741023+00:00,931ebc1c624c48f8927ac294217b8f29
2017-11-07,599.6,,ft,Approved,,2025-03-11T20:44:24.741023+00:00,931ebc1c624c48f8927ac294217b8f29
2017-11-08,599.58,,ft,Approved,,2025-03-11T20:44:24.741023+00:00,931ebc1c624c48f8927ac294217b8f29
2017-11-09,599.59,,ft,Approved,,2025-03-11T20:44:24.741023+00:00,931ebc1c624c48f8927ac294217b8f29
2017-11-10,599.6,,ft,Approved,,2025-03-11T20:44:24.741023+00:00,931ebc1c624c48f8927ac294217b8f29
2017-11-11,599.6,,ft,Approved,,2025-03-11T20:44:24.741023+00:00,931ebc1c624c48f8927ac294217b8f29
2017-11-12,599.61,,ft,Approved,,2025-03-11T20:44:24.741023+00:00,931ebc1c624c48f8927ac294217b8f29
2017-11-13,599.61,,ft,Approved,,2025-03-11T20:44:24.741023+00:00,931ebc1c624c48f8927ac294217b8f29
2017-11-14,599.61,,ft,Approved,,2025-03-11T20:44:24.741023+00:00,931ebc1c624c48f8927ac294217b8f29
2017-11-15,599.61,,ft,Approved,,2025-03-11T20:44:24.741023+00:00,931ebc1c624c48f8927ac294217b8f29
2017-11-16,599.61,,ft,Approved,,2025-03-11T20:44:24.741023+00:00,931ebc1c624c48f8927ac294217b8f29
2017-11-17,599.61,,ft,Approved,,2025-03-11T20:44:24.741023+00:00,931ebc1c624c48f8927ac294217b8f29
2017-11-18,599.58,,ft,Approved,,2025-03-11T20:44:24.741023+00:00,931ebc1c624c48f8927ac294217b8f29
2017-11-19,599.56,,ft,Approved,,2025-03-11T20:44:24.741023+00:00,931ebc1c624c48f8927ac294217b8f29
2017-11-20,599.56,,ft,Approved,,2025-03-11T20:44:24.741023+00:00,931ebc1c624c48f8927ac294217b8f29
2017-11-21,599.56,,ft,Approved,,2025-03-11T20:44:24.741023+00:00,931ebc1c624c48f8927ac294217b8f29
2017-11-22,599.55,,ft,Approved,,2025-03-11T20:44:24.741023+00:00,931ebc1c624c48f8927ac294217b8f29
2017-11-23,599.55,,ft,Approved,,2025-03-11T20:44:24.741023+00:00,931ebc1c624c48f8927ac294217b8f29
2017-11-24,599.56,,ft,Approved,,2025-03-11T20:44:24.741023+00:00,931ebc1c624c48f8927ac294217b8f29
2017-11-25,599.56,,ft,Approved,,2025-03-11T20:44:24.741023+00:00,931ebc1c624c48f8927ac294217b8f29
2017-11-26,599.57,,ft,Approved,,2025-03-11T20:44:24.741023+00:00,931ebc1c624c48f8927ac294217b8f29
2017-11-27,599.58,,ft,Approved,,2025-03-11T20:44:24.741023+00:00,931ebc1c624c48f8927ac294217b8f29
2017-11-28,599.58,,ft,Approved,,2025-03-11T20:44:24.741023+00:00,931ebc1c624c48f8927ac294217b8f29
2017-11-29,599.58,,ft,Approved,,2025-03-11T20:44:24.741023+00:00,931ebc1c624c48f8927ac294217b8f29
2017-11-30,599.59,,ft,Approved,,2025-03-11T20:44:24.741023+00:00,931ebc1c624c48f8927ac294217b8f29
2017-12-01,599.59,,ft,Approved,,2025-03-11T20:44:24.741023+00:00,931ebc1c624c48f8927ac294217b8f29
2017-12-02,599.6,,ft,Approved,,2025-03-11T20:44:24.741023+00:00,931ebc1c624c48f8927ac294217b8f29
2017-12-03,599.6,,ft,Approved,,2025-03-11T20:44:24.741023+00:00,931ebc1c624c48f8927ac294217b8f29
2017-12-04,599.6,,ft,Approved,,2025-03-11T20:44:24.741023+00:00,931ebc1c624c48f8927ac294217b8f29
2017-12-05,599.59,,ft,Approved,,2025-03-11T20:44:24.741023+00:00,931ebc1c624c48f8927ac294217b8f29
2017-12-06,599.66,,ft,Approved,,2025-03-11T20:44:24.741023+00:00,931ebc1c624c48f8927ac294217b8f29
2017-12-07,599.65,,ft,Approved,,2025-03-11T20:44:24.741023+00:00,931ebc1c624c48f8927ac294217b8f29
2017-12-08,599.62,,ft,Approved,,2025-03-11T20:44:24.741023+00:00,931ebc1c624c48f8927ac294217b8f29
2017-12-09,599.61,,ft,Approved,,2025-03-11T20:44:24.741023+00:00,931ebc1c624c48f8927ac294217b8f29
2017-12-10,599.6,,ft,Approved,,2025-03-11T20:44:24.741023+00:00,931ebc1c624c48f8927ac294217b8f29
2017-12-11,599.6,,ft,Approved,,2025-03-11T20:44:24.741023+00:00,931ebc1c624c48f8927ac294217b8f29
2017-12-12,599.6,,ft,Approved,,2025-03-11T20:44:24.741023+00:00,931ebc1c624c48f8927ac294217b8f29
2017-12-13,599.59,,ft,Approved,,2025-03-11T20:44:24.741023+00:00,931ebc1c624c48f8927ac294217b8f29
2017-12-14,599.59,,ft,Approved,,2025-03-11T20:44:24.741023+00:00,931ebc1c624c48f8927ac294217b8f29
2017-12-15,599.59,,ft,Approved,,2025-03-11T20:44:24.741023+00:00,931ebc1c624c48f8927ac294217b8f29
2017-12-16,599.63,,ft,Approved,,2025-03-11T20:44:24.741023+00:00,931ebc1c624c48f8927ac294217b8f29
2017-12-17,599.72,,ft,Approved,,2025-03-11T20:44:24.741023+00:00,931ebc1c624c48f8927ac294217b8f29
2017-12-18,599.64,,ft,Approved,,2025-03-11T20:44:24.741023+00:00,931ebc1c624c48f8927ac294217b8f29
2017-12-19,599.98,,ft,Approved,,2025-03-11T20:44:24.741023+00:00,931ebc1c624c48f8927ac294217b8f29
2017-12-20,599.77,,ft,Approved,,2025-03-11T20:44:24.741023+00:00,931ebc1c624c48f8927ac294217b8f29
2017-12-21,599.66,,ft,Approved,,2025-03-11T20:44:24.741023+00:00,931ebc1c624c48f8927ac294217b8f29
2017-12-22,599.64,,ft,Approved,,2025-03-11T20:44:24.741023+00:00,931ebc1c624c48f8927ac294217b8f29
2017-12-23,599.62,,ft,Approved,,2025-03-11T20:44:24.741023+00:00,931ebc1c624c48f8927ac294217b8f29
2017-12-24,599.61,,ft,Approved,,2025-03-11T20:44:24.741023+00:00,931ebc1c624c48f8927ac294217b8f29
2017-12-25,599.61,,ft,Approved,,2025-03-11T20:44:24.741023+00:00,931ebc1c624c48f8927ac294217b8f29
2017-12-26,599.61,,ft,Approved,,2025-03-11T20:44:24.741023+00:00,931ebc1c624c48f8927ac294217b8f29
2017-12-27,599.61,,ft,Approved,,2025-03-11T20:44:24.741023+00:00,931ebc1c624c48f8927ac294217b8f29
2017-12-28,599.61,,ft,Approved,,2025-03-11T20:44:24.741023+00:00,931ebc1c624c48f8927ac294217b8f29
2017-12-29,599.61,,ft,Approved,,2025-03-11T20:44:24.741023+00:00,931ebc1c624c48f8927ac294217b8f29
2017-12-30,599.61,,ft,Approved,,2025-03-11T20:44:24.741023+00:00,931ebc1c624c48f8927ac294217b8f29
2017-12-31,599.6,,ft,Approved,,2025-03-11T20:44:24.741023+00:00,931ebc1c624c48f8927ac294217b8f29
2018-01-01,599.6,,ft,Approved,,2025-03-11T20:44:24.741023+00:00,931ebc1c624c48f8927ac294217b8f29
2018-01-02,599.59,,ft,Approved,,2025-03-11T20:44:24.741023+00:00,931ebc1c624c48f8927ac294217b8f29
2018-01-03,599.6,,ft,Approved,,2025-03-11T20:44:24.741023+00:00,931ebc1c624c48f8927ac294217b8f29
2018-01-04,599.61,,ft,Approved,,2025-03-11T20:44:24.741023+00:00,931ebc1c624c48f8927ac294217b8f29
2018-01-05,599.61,,ft,Approved,,2025-03-11T20:44:24.741023+00:00,931ebc1c624c48f8927ac294217b8f29
2018-01-06,599.6,,ft,Approved,,2025-03-11T20:44:24.741023+00:00,931ebc1c624c48f8927ac294217b8f29
2018-01-07,599.6,,ft,Approved,,2025-03-11T20:44:24.741023+00:00,931ebc1c624c48f8927ac294217b8f29
2018-01-08,599.59,,ft,Approved,,2025-03-11T20:44:24.741023+00:00,931ebc1c624c48f8927ac294217b8f29
2018-01-09,599.58,,ft,Approved,,2025-03-11T20:44:24.741023+00:00,931ebc1c624c48f8927ac294217b8f29
2018-01-10,599.58,,ft,Approved,,2025-03-11T20:44:24.741023+00:00,931ebc1c624c48f8927ac294217b8f29
2018-01-11,599.58,,ft,Approved,,2025-03-11T20:44:24.741023+00:00,931ebc1c624c48f8927ac294217b8f29
2018-01-12,599.55,,ft,Approved,,2025-03-11T20:44:24.741023+00:00,931ebc1c624c48f8927ac294217b8f29
2018-01-13,599.54,,ft,Approved,,2025-03-11T20:44:24.741023+00:00,931ebc1c624c48f8927ac294217b8f29
2018-01-14,599.53,,ft,Approved,,2025-03-11T20:44:24.741023+00:00,931ebc1c624c48f8927ac294217b8f29
2018-01-15,599.53,,ft,Approved,,2025-03-11T20:44:24.741023+00:00,931ebc1c624c48f8927ac294217b8f29
2018-01-16,599.54,,ft,Approved,,2025-03-11T20:44:24.741023+00:00,931ebc1c624c48f8927ac294217b8f29
2018-01-17,599.53,,ft,Approved,,2025-03-11T20:44:24.741023+00:00,931ebc1c624c48f8927ac294217b8f29
2018-01-18,599.53,,ft,Approved,,2025-03-11T20:44:24.741023+00:00,931ebc1c624c48f8927ac294217b8f29
2018-01-19,599.54,,ft,Approved,,2025-03-11T20:44:24.741023+00:00,931ebc1c624c48f8927ac294217b8f29
2018-01-20,599.55,,ft,Approved,,2025-03-11T20:44:24.741023+00:00,931ebc1c624c48f8927ac294217b8f29
2018-01-21,599.56,,ft,Approved,,2025-03-11T20:44:24.741023+00:00,931ebc1c624c48f8927ac294217b8f29
2018-01-22,599.56,,ft,Approved,,2025-03-11T20:44:24.741023+00:00,931ebc1c624c48f8927ac294217b8f29
2018-01-23,599.55,,ft,Approved,,2025-03-11T20:44:24.741023+00:00,931ebc1c624c48f8927ac294217b8f29
2018-01-24,599.55,,ft,Approved,,2025-03-11T20:44:24.741023+00:00,931ebc1c624c48f8927ac294217b8f29
2018-01-25,599.54,,ft,Approved,,2025-03-11T20:44:24.741023+00:00,931ebc1c624c48f8927ac294217b8f29
2018-01-26,599.54,,ft,Approved,,2025-03-11T20:44:24.741023+00:00,931ebc1c624c48f8927ac294217b8f29
2018-01-27,599.55,,ft,Approved,,2025-03-11T20:44:24.741023+00:00,931ebc1c624c48f8927ac294217b8f29
2018-01-28,599.55,,ft,Approved,,2025-03-11T20:44:24.741023+00:00,931ebc1c624c48f8927ac294217b8f29
2018-01-29,599.54,,ft,Approved,,2025-03-11T20:44:24.741023+00:00,931ebc1c624c48f8927ac294217b8f29
2018-01-30,599.52,,ft,Approved,,2025-03-11T20:44:24.741023+00:00,931ebc1c624c48f8927ac294217b8f29
2018-01-31,599.52,,ft,Approved,,2025-03-11T20:44:24.741023+00:00,931ebc1c624c48f8927ac294217b8f29
2018-02-01,599.51,,ft,Approved,,2025-03-11T20:44:24.741023+00:00,931ebc1c624c48f8927ac294217b8f29
2018-02-02,599.5,,ft,Approved,,2025-03-11T20:44:24.741023+00:00,931ebc1c624c48f8927ac294217b8f29
2018-02-03,599.49,,ft,Approved,,2025-03-11T20:44:24.741023+00:00,931ebc1c624c48f8927ac294217b8f29
2018-02-04,599.49,,ft,Approved,,2025-03-11T20:44:24.741023+00:00,931ebc1c624c48f8927ac294217b8f29
2018-02-05,599.48,,ft,Approved,,2025-03-11T20:44:24.741023+00:00,931ebc1c624c48f8927ac294217b8f29
2018-02-06,599.48,,ft,Approved,,2025-03-11T20:44:24.741023+00:00,931ebc1c624c48f8927ac294217b8f29
2018-02-07,599.48,,ft,Approved,,2025-03-11T20:44:24.741023+00:00,931ebc1c624c48f8927ac294217b8f29
2018-02-08,599.48,,ft,Approved,,2025-03-11T20:44:24.741023+00:00,931ebc1c624c48f8927ac294217b8f29
2018-02-09,599.48,,ft,Approved,,2025-03-11T20:44:24.741023+00:00,931ebc1c624c48f8927ac294217b8f29
2018-02-10,599.49,,ft,Approved,,2025-03-11T20:44:24.741023+00:00,931ebc1c624c48f8927ac294217b8f29
2018-02-11,599.48,,ft,Approved,,2025-03-11T20:44:24.741023+00:00,931ebc1c624c48f8927ac294217b8f29
2018-02-12,599.48,,ft,Approved,,2025-03-11T20:44:24.741023+00:00,931ebc1c624c48f8927ac294217b8f29
2018-02-13,599.48,,ft,Approved,,2025-03-11T20:44:24.741023+00:00,931ebc1c624c48f8927ac294217b8f29
2018-02-14,599.49,,ft,Approved,,2025-03-11T20:44:24.741023+00:00,931ebc1c624c48f8927ac294217b8f29
2018-02-15,599.51,,ft,Approved,,2025-03-11T20:44:24.741023+00:00,931ebc1c624c48f8927ac294217b8f29
2018-02-16,599.52,,ft,Approved,,2025-03-11T20:44:24.741023+00:00,931ebc1c624c48f8927ac294217b8f29
2018-02-17,599.51,,ft,Approved,,2025-03-11T20:44:24.741023+00:00,931ebc1c624c48f8927ac294217b8f29
2018-02-18,599.51,,ft,Approved,,2025-03-11T20:44:24.741023+00:00,931ebc1c624c48f8927ac294217b8f29
2018-02-19,599.52,,ft,Approved,,2025-03-11T20:44:24.741023+00:00,931ebc1c624c48f8927ac294217b8f29
2018-02-20,599.52,,ft,Approved,,2025-03-11T20:44:24.741023+00:00,931ebc1c624c48f8927ac294217b8f29
2018-02-21,599.53,,ft,Approved,,2025-03-11T20:44:24.741023+00:00,931ebc1c624c48f8927ac294217b8f29
2018-02-22,599.53,,ft,Approved,,2025-03-11T20:44:24.741023+00:00,931ebc1c624c48f8927ac294217b8f29
2018-02-23,599.59,,ft,Approved,,2025-03-11T20:44:24.741023+00:00,931ebc1c624c48f8927ac294217b8f29
2018-02-24,599.62,,ft,Approved,,2025-03-11T20:44:24.741023+00:00,931ebc1c624c48f8927ac294217b8f29
2018-02-25,599.62,,ft,Approved,,2025-03-11T20:44:24.741023+00:00,931ebc1c624c48f8927ac294217b8f29
2018-02-26,599.61,,ft,Approved,,2025-03-11T20:44:24.741023+00:00,931ebc1c624c48f8927ac294217b8f29
2018-02-27,599.61,,ft,Approved,,2025-03-11T20:44:24.741023+00:00,931ebc1c624c48f8927ac294217b8f29
2018-02-28,599.6,,ft,Approved,,2025-03-11T20:44:24.741023+00:00,931ebc1c624c48f8927ac294217b8f29
2018-03-01,599.59,,ft,Approved,,2025-03-11T20:44:24.741023+00:00,931ebc1c624c48f8927ac294217b8f29
2018-03-02,599.58,,ft,Approved,,2025-03-11T20:44:24.741023+00:00,931ebc1c624c48f8927ac294217b8f29
2018-03-03,599.58,,ft,Approved,,2025-03-11T20:44:24.741023+00:00,931ebc1c624c48f8927ac294217b8f29
2018-03-04,599.59,,ft,Approved,,2025-03-11T20:44:24.741023+00:00,931ebc1c624c48f8927ac294217b8f29
2018-03-05,599.59,,ft,Approved,,2025-03-11T20:44:24.741023+00:00,931ebc1c624c48f8927ac294217b8f29
2018-03-06,599.57,,ft,Approved,,2025-03-11T20:44:24.741023+00:00,931ebc1c624c48f8927ac294217b8f29
2018-03-07,599.54,,ft,Approved,,2025-03-11T20:44:24.741023+00:00,931ebc1c624c48f8927ac294217b8f29
2018-03-08,599.53,,ft,Approved,,2025-03-11T20:44:24.741023+00:00,931ebc1c624c48f8927ac294217b8f29
2018-03-09,599.52,,ft,Approved,,2025-03-11T20:44:24.741023+00:00,931ebc1c624c48f8927ac294217b8f29
2018-03-10,599.52,,ft,Approved,,2025-03-11T20:44:24.741023+00:00,931ebc1c624c48f8927ac294217b8f29
2018-03-11,599.51,,ft,Approved,,2025-03-11T20:44:24.741023+00:00,931ebc1c624c48f8927ac294217b8f29
2018-03-12,599.48,,ft,Approved,,2025-03-11T20:44:24.741023+00:00,931ebc1c624c48f8927ac294217b8f29
2018-03-13,599.47,,ft,Approved,,2025-03-11T20:44:24.741023+00:00,931ebc1c624c48f8927ac294217b8f29
2018-03-14,599.46,,ft,Approved,,2025-03-11T20:44:24.741023+00:00,931ebc1c624c48f8927ac294217b8f29
2018-03-15,599.45,,ft,Approved,,2025-03-11T20:44:24.741023+00:00,931ebc1c624c48f8927ac294217b8f29
2018-03-16,599.45,,ft,Approved,,2025-03-11T20:44:24.741023+00:00,931ebc1c624c48f8927ac294217b8f29
2018-03-17,599.44,,ft,Approved,,2025-03-11T20:44:24.741023+00:00,931ebc1c624c48f8927ac294217b8f29
2018-03-18,599.45,,ft,Approved,,2025-03-11T20:44:24.741023+00:00,931ebc1c624c48f8927ac294217b8f29
2018-03-19,599.44,,ft,Approved,,2025-03-11T20:44:24.741023+00:00,931ebc1c624c48f8927ac294217b8f29
2018-03-20,599.41,,ft,Approved,,2025-03-11T20:44:24.741023+00:00,931ebc1c624c48f8927ac294217b8f29
2018-03-21,599.4,,ft,Approved,,2025-03-11T20:44:24.741023+00:00,931ebc1c624c48f8927ac294217b8f29
2018-03-22,599.38,,ft,Approved,,2025-03-11T20:44:24.741023+00:00,931ebc1c624c48f8927ac294217b8f29
2018-03-23,599.37,,ft,Approved,,2025-03-11T20:44:24.741023+00:00,931ebc1c624c48f8927ac294217b8f29
2018-03-24,599.36,,ft,Approved,,2025-03-11T20:44:24.741023+00:00,931ebc1c624c48f8927ac294217b8f29
2018-03-25,599.36,,ft,Approved,,2025-03-11T20:44:24.741023+00:00,931ebc1c624c48f8927ac294217b8f29
2018-03-26,599.35,,ft,Approved,,2025-03-11T20:44:24.741023+00:00,931ebc1c624c48f8927ac294217b8f29
2018-03-27,599.34,,ft,Approved,,2025-03-11T20:44:24.741023+00:00,931ebc1c624c48f8927ac294217b8f29
2018-03-28,601.14,,ft,Approved,,2025-03-11T20:44:24.741023+00:00,931ebc1c624c48f8927ac294217b8f29
2018-03-29,600.27,,ft,Approved,,2025-03-11T20:44:24.741023+00:00,931ebc1c624c48f8927ac294217b8f29
2018-03-30,599.84,,ft,Approved,,2025-03-11T20:44:24.741023+00:00,931ebc1c624c48f8927ac294217b8f29
2018-03-31,599.74,,ft,Approved,,2025-03-11T20:44:24.741023+00:00,931ebc1c624c48f8927ac294217b8f29
2018-04-01,599.71,,ft,Approved,,2025-03-11T20:44:24.741023+00:00,931ebc1c624c48f8927ac294217b8f29
2018-04-02,599.69,,ft,Approved,,2025-03-11T20:44:24.741023+00:00,931ebc1c624c48f8927ac294217b8f29
2018-04-03,599.67,,ft,Approved,,2025-03-11T20:44:24.741023+00:00,931ebc1c624c48f8927ac294217b8f29
2018-04-04,599.64,,ft,Approved,,2025-03-11T20:44:24.741023+00:00,931ebc1c624c48f8927ac294217b8f29
2018-04-05,599.63,,ft,Approved,,2025-03-11T20:44:24.741023+00:00,931ebc1c624c48f8927ac294217b8f29
2018-04-06,599.63,,ft,Approved,,2025-03-11T20:44:24.741023+00:00,931ebc1c624c48f8927ac294217b8f29
2018-04-07,599.73,,ft,Approved,,2025-03-11T20:44:24.741023+00:00,931ebc1c624c48f8927ac294217b8f29
2018-04-08,599.68,,ft,Approved,,2025-03-11T20:44:24.741023+00:00,931ebc1c624c48f8927ac294217b8f29
2018-04-09,599.66,,ft,Approved,,2025-03-11T20:44:24.741023+00:00,931ebc1c624c48f8927ac294217b8f29
2018-04-10,599.64,,ft,Approved,,2025-03-11T20:44:24.741023+00:00,931ebc1c624c48f8927ac294217b8f29
2018-04-11,599.63,,ft,Approved,,2025-03-11T20:44:24.741023+00:00,931ebc1c624c48f8927ac294217b8f29
2018-04-12,599.61,,ft,Approved,,2025-03-11T20:44:24.741023+00:00,931ebc1c624c48f8927ac294217b8f29
2018-04-13,599.61,,ft,Approved,,2025-03-11T20:44:24.741023+00:00,931ebc1c624c48f8927ac294217b8f29
2018-04-14,599.62,,ft,Approved,,2025-03-11T20:44:24.741023+00:00,931ebc1c624c48f8927ac294217b8f29
2018-04-15,599.6,,ft,Approved,,2025-03-11T20:44:24.741023+00:00,931ebc1c624c48f8927ac294217b8f29
2018-04-16,599.58,,ft,Approved,,2025-03-11T20:44:24.741023+00:00,931ebc1c624c48f8927ac294217b8f29
2018-04-17,599.57,,ft,Approved,,2025-03-11T20:44:24.741023+00:00,931ebc1c624c48f8927ac294217b8f29
2018-04-18,599.55,,ft,Approved,,2025-03-11T20:44:24.741023+00:00,931ebc1c624c48f8927ac294217b8f29
2018-04-19,599.52,,ft,Approved,,2025-03-11T20:44:24.741023+00:00,931ebc1c624c48f8927ac294217b8f29
2018-04-20,599.5,,ft,Approved,,2025-03-11T20:44:24.741023+00:00,931ebc1c624c48f8927ac294217b8f29
2018-04-21,599.49,,ft,Approved,,2025-03-11T20:44:24.741023+00:00,931ebc1c624c48f8927ac294217b8f29
2018-04-22,599.48,,ft,Approved,,2025-03-11T20:44:24.741023+00:00,931ebc1c624c48f8927ac294217b8f29
2018-04-23,599.47,,ft,Approved,,2025-03-11T20:44:24.741023+00:00,931ebc1c624c48f8927ac294217b8f29
2018-04-24,599.46,,ft,Approved,,2025-03-11T20:44:24.741023+00:00,931ebc1c624c48f8927ac294217b8f29
2018-04-25,599.44,,ft,Approved,,2025-03-11T20:44:24.741023+00:00,931ebc1c624c48f8927ac294217b8f29
2018-04-26,599.43,,ft,Approved,,2025-03-11T20:44:24.741023+00:00,931ebc1c624c48f8927ac294217b8f29
2018-04-27,599.42,,ft,Approved,,2025-03-11T20:44:24.741023+00:00,931ebc1c624c48f8927ac294217b8f29
2018-04-28,599.4,,ft,Approved,,2025-03-11T20:44:24.741023+00:00,931ebc1c624c48f8927ac294217b8f29
2018-04-29,599.39,,ft,Approved,,2025-03-11T20:44:24.741023+00:00,931ebc1c624c48f8927ac294217b8f29
2018-04-30,599.37,,ft,Approved,,2025-03-11T20:44:24.741023+00:00,931ebc1c624c48f8927ac294217b8f29
2018-05-01,599.36,,ft,Approved,,2025-03-11T20:44:24.741023+00:00,931ebc1c624c48f8927ac294217b8f29
2018-05-02,599.36,,ft,Approved,,2025-03-11T20:44:24.741023+00:00,931ebc1c624c48f8927ac294217b8f29
2018-05-03,599.35,,ft,Approved,,2025-03-11T20:44:24.741023+00:00,931ebc1c624c48f8927ac294217b8f29
2018-05-04,599.42,,ft,Approved,,2025-03-11T20:44:24.741023+00:00,931ebc1c624c48f8927ac294217b8f29
2018-05-05,599.5,,ft,Approved,,2025-03-11T20:44:24.741023+00:00,931ebc1c624c48f8927ac294217b8f29
2018-05-06,599.49,,ft,Approved,,2025-03-11T20:44:24.741023+00:00,931ebc1c624c48f8927ac294217b8f29
2018-05-07,599.47,,ft,Approved,,2025-03-11T20:44:24.741023+00:00,931ebc1c624c48f8927ac294217b8f29
2018-05-08,599.45,,ft,Approved,,2025-03-11T20:44:24.741023+00:00,931ebc1c624c48f8927ac294217b8f29
2018-05-09,599.43,,ft,Approved,,2025-03-11T20:44:24.741023+00:00,931ebc1c624c48f8927ac294217b8f29
2018-05-10,599.41,,ft,Approved,,2025-03-11T20:44:24.741023+00:00,931ebc1c624c48f8927ac294217b8f29
2018-05-11,599.38,,ft,Approved,,2025-03-11T20:44:24.741023+00:00,931ebc1c624c48f8927ac294217b8f29
2018-05-12,599.36,,ft,Approved,,2025-03-11T20:44:24.741023+00:00,931ebc1c624c48f8927ac294217b8f29
2018-05-13,599.35,,ft,Approved,,2025-03-11T20:44:24.741023+00:00,931ebc1c624c48f8927ac294217b8f29
2018-05-14,599.33,,ft,Approved,,2025-03-11T20:44:24.741023+00:00,931ebc1c624c48f8927ac294217b8f29
2018-05-15,599.31,,ft,Approved,,2025-03-11T20:44:24.741023+00:00,931ebc1c624c48f8927ac294217b8f29
2018-05-16,599.3,,ft,Approved,,2025-03-11T20:44:24.741023+00:00,931ebc1c624c48f8927ac294217b8f29
2018-05-17,599.28,,ft,Approved,,2025-03-11T20:44:24.741023+00:00,931ebc1c624c48f8927ac294217b8f29
2018-05-18,599.24,,ft,Approved,LESSTHAN;MAINT;REVISED,2026-01-15T23:25:46.983835+00:00,931ebc1c624c48f8927ac294217b8f29
2018-05-19,599.22,,ft,Approved,LESSTHAN;MAINT;REVISED,2026-01-15T23:25:46.983835+00:00,931ebc1c624c48f8927ac294217b8f29
2018-05-20,599.22,,ft,Approved,LESSTHAN;MAINT;REVISED,2026-01-15T23:25:46.983835+00:00,931ebc1c624c48f8927ac294217b8f29
2018-05-21,599.22,,ft,Approved,LESSTHAN;MAINT;REVISED,2026-01-15T23:25:46.983835+00:00,931ebc1c624c48f8927ac294217b8f29
2018-05-22,599.21,,ft,Approved,LESSTHAN;MAINT;REVISED,2026-01-15T23:25:46.983835+00:00,931ebc1c624c48f8927ac294217b8f29
2018-05-23,599.19,,ft,Approved,,2026-01-15T23:25:46.983835+00:00,931ebc1c624c48f8927ac294217b8f29
2018-05-24,599.17,,ft,Approved,,2025-03-11T20:44:24.741023+00:00,931ebc1c624c48f8927ac294217b8f29
2018-05-25,599.16,,ft,Approved,,2025-03-11T20:44:24.741023+00:00,931ebc1c624c48f8927ac294217b8f29
2018-05-26,599.13,,ft,Approved,,2025-03-11T20:44:24.741023+00:00,931ebc1c624c48f8927ac294217b8f29
2018-05-27,599.11,,ft,Approved,,2025-03-11T20:44:24.741023+00:00,931ebc1c624c48f8927ac294217b8f29
2018-05-28,599.09,,ft,Approved,,2025-03-11T20:44:24.741023+00:00,931ebc1c624c48f8927ac294217b8f29
2018-05-29,599.07,,ft,Approved,,2025-03-11T20:44:24.741023+00:00,931ebc1c624c48f8927ac294217b8f29
2018-05-30,599.04,,ft,Approved,,2025-03-11T20:44:24.741023+00:00,931ebc1c624c48f8927ac294217b8f29
2018-05-31,599.01,,ft,Approved,,2025-03-11T20:44:24.741023+00:00,931ebc1c624c48f8927ac294217b8f29
2018-06-01,598.98,,ft,Approved,,2025-03-11T20:44:24.741023+00:00,931ebc1c624c48f8927ac294217b8f29
2018-06-02,598.95,,ft,Approved,,2025-03-11T20:44:24.741023+00:00,931ebc1c624c48f8927ac294217b8f29
2018-06-03,598.94,,ft,Approved,,2025-03-11T20:44:24.741023+00:00,931ebc1c624c48f8927ac294217b8f29
2018-06-04,599.8,,ft,Approved,,2025-03-11T20:44:24.741023+00:00,931ebc1c624c48f8927ac294217b8f29
2018-06-05,599.65,,ft,Approved,,2025-03-11T20:44:24.741023+00:00,931ebc1c624c48f8927ac294217b8f29
2018-06-06,599.6,,ft,Approved,,2025-03-11T20:44:24.741023+00:00,931ebc1c624c48f8927ac294217b8f29
2018-06-07,599.58,,ft,Approved,,2025-03-11T20:44:24.741023+00:00,931ebc1c624c48f8927ac294217b8f29
2018-06-08,599.55,,ft,Approved,,2025-03-11T20:44:24.741023+00:00,931ebc1c624c48f8927ac294217b8f29
2018-06-09,599.53,,ft,Approved,,2025-03-11T20:44:24.741023+00:00,931ebc1c624c48f8927ac294217b8f29
2018-06-10,599.5,,ft,Approved,,2025-03-11T20:44:24.741023+00:00,931ebc1c624c48f8927ac294217b8f29
2018-06-11,599.47,,ft,Approved,,2025-03-11T20:44:24.741023+00:00,931ebc1c624c48f8927ac294217b8f29
2018-06-12,599.43,,ft,Approved,,2025-03-11T20:44:24.741023+00:00,931ebc1c624c48f8927ac294217b8f29
2018-06-13,599.41,,ft,Approved,,2025-03-11T20:44:24.741023+00:00,931ebc1c624c48f8927ac294217b8f29
2018-06-14,599.39,,ft,Approved,,2025-03-11T20:44:24.741023+00:00,931ebc1c624c48f8927ac294217b8f29
2018-06-15,599.36,,ft,Approved,,2025-03-11T20:44:24.741023+00:00,931ebc1c624c48f8927ac294217b8f29
2018-06-16,599.34,,ft,Approved,,2025-03-11T20:44:24.741023+00:00,931ebc1c624c48f8927ac294217b8f29
2018-06-17,599.31,,ft,Approved,,2025-03-11T20:44:24.741023+00:00,931ebc1c624c48f8927ac294217b8f29
2018-06-18,599.3,,ft,Approved,,2025-03-11T20:44:24.741023+00:00,931ebc1c624c48f8927ac294217b8f29
2018-06-19,599.29,,ft,Approved,,2025-03-11T20:44:24.741023+00:00,931ebc1c624c48f8927ac294217b8f29
2018-06-20,599.28,,ft,Approved,,2025-03-11T20:44:24.741023+00:00,931ebc1c624c48f8927ac294217b8f29
2018-06-21,599.27,,ft,Approved,,2025-03-11T20:44:24.741023+00:00,931ebc1c624c48f8927ac294217b8f29
2018-06-22,599.26,,ft,Approved,,2025-03-11T20:44:24.741023+00:00,931ebc1c624c48f8927ac294217b8f29
2018-06-23,599.23,,ft,Approved,,2025-03-11T20:44:24.741023+00:00,931ebc1c624c48f8927ac294217b8f29
2018-06-24,599.2,,ft,Approved,,2025-03-11T20:44:24.741023+00:00,931ebc1c624c48f8927ac294217b8f29
2018-06-25,599.17,,ft,Approved,,2025-03-11T20:44:24.741023+00:00,931ebc1c624c48f8927ac294217b8f29
2018-06-26,599.15,,ft,Approved,,2025-03-11T20:44:24.741023+00:00,931ebc1c624c48f8927ac294217b8f29
2018-06-27,599.12,,ft,Approved,,2025-03-11T20:44:24.741023+00:00,931ebc1c624c48f8927ac294217b8f29
2018-06-28,599.1,,ft,Approved,,2025-03-11T20:44:24.741023+00:00,931ebc1c624c48f8927ac294217b8f29
2018-06-29,599.07,,ft,Approved,,2025-03-11T20:44:24.741023+00:00,931ebc1c624c48f8927ac294217b8f29
2018-06-30,599.04,,ft,Approved,,2025-03-11T20:44:24.741023+00:00,931ebc1c624c48f8927ac294217b8f29
2018-07-01,599.0,,ft,Approved,,2025-03-11T20:44:24.741023+00:00,931ebc1c624c48f8927ac294217b8f29
2018-07-02,598.98,,ft,Approved,,2025-03-11T20:44:24.741023+00:00,931ebc1c624c48f8927ac294217b8f29
2018-07-03,598.95,,ft,Approved,,2025-03-11T20:44:24.741023+00:00,931ebc1c624c48f8927ac294217b8f29
2018-07-04,598.93,,ft,Approved,,2025-03-11T20:44:24.741023+00:00,931ebc1c624c48f8927ac294217b8f29
2018-07-05,598.93,,ft,Approved,,2025-03-11T20:44:24.741023+00:00,931ebc1c624c48f8927ac294217b8f29
2018-07-06,598.91,,ft,Approved,,2025-03-11T20:44:24.741023+00:00,931ebc1c624c48f8927ac294217b8f29
2018-07-07,598.91,,ft,Approved,,2025-03-11T20:44:24.741023+00:00,931ebc1c624c48f8927ac294217b8f29
2018-07-08,598.91,,ft,Approved,,2025-03-11T20:44:24.741023+00:00,931ebc1c624c48f8927ac294217b8f29
2018-07-09,598.92,,ft,Approved,,2025-03-11T20:44:24.741023+00:00,931ebc1c624c48f8927ac294217b8f29
2018-07-10,598.93,,ft,Approved,,2025-03-11T20:44:24.741023+00:00,931ebc1c624c48f8927ac294217b8f29
2018-07-11,598.92,,ft,Approved,,2025-03-11T20:44:24.741023+00:00,931ebc1c624c48f8927ac294217b8f29
2018-07-12,598.89,,ft,Approved,,2025-03-11T20:44:24.741023+00:00,931ebc1c624c48f8927ac294217b8f29
2018-07-13,598.87,,ft,Approved,,2025-03-11T20:44:24.741023+00:00,931ebc1c624c48f8927ac294217b8f29
2018-07-14,598.84,,ft,Approved,,2025-03-11T20:44:24.741023+00:00,931ebc1c624c48f8927ac294217b8f29
2018-07-15,598.81,,ft,Approved,,2025-03-11T20:44:24.741023+00:00,931ebc1c624c48f8927ac294217b8f29
2018-07-16,598.78,,ft,Approved,,2025-03-11T20:44:24.741023+00:00,931ebc1c624c48f8927ac294217b8f29
2018-07-17,598.75,,ft,Approved,,2025-03-11T20:44:24.741023+00:00,931ebc1c624c48f8927ac294217b8f29
2018-07-18,598.73,,ft,Approved,,2025-03-11T20:44:24.741023+00:00,931ebc1c624c48f8927ac294217b8f29
2018-07-19,598.7,,ft,Approved,,2025-03-11T20:44:24.741023+00:00,931ebc1c624c48f8927ac294217b8f29
2018-07-20,598.67,,ft,Approved,,2025-03-11T20:44:24.741023+00:00,931ebc1c624c48f8927ac294217b8f29
2018-07-21,598.64,,ft,Approved,,2025-03-11T20:44:24.741023+00:00,931ebc1c624c48f8927ac294217b8f29
2018-07-22,598.62,,ft,Approved,,2025-03-11T20:44:24.741023+00:00,931ebc1c624c48f8927ac294217b8f29
2018-07-23,598.59,,ft,Approved,,2025-03-11T20:44:24.741023+00:00,931ebc1c624c48f8927ac294217b8f29
2018-07-24,598.56,,ft,Approved,,2025-03-11T20:44:24.741023+00:00,931ebc1c624c48f8927ac294217b8f29
2018-07-25,598.54,,ft,Approved,,2025-03-11T20:44:24.741023+00:00,931ebc1c624c48f8927ac294217b8f29
2018-07-26,598.51,,ft,Approved,,2025-03-11T20:44:24.741023+00:00,931ebc1c624c48f8927ac294217b8f29
2018-07-27,598.49,,ft,Approved,,2025-03-11T20:44:24.741023+00:00,931ebc1c624c48f8927ac294217b8f29
2018-07-28,598.46,,ft,Approved,,2025-03-11T20:44:24.741023+00:00,931ebc1c624c48f8927ac294217b8f29
2018-07-29,598.43,,ft,Approved,,2025-03-11T20:44:24.741023+00:00,931ebc1c624c48f8927ac294217b8f29
2018-07-30,598.41,,ft,Approved,,2025-03-11T20:44:24.741023+00:00,931ebc1c624c48f8927ac294217b8f29
2018-07-31,598.4,,ft,Approved,,2025-03-11T20:44:24.741023+00:00,931ebc1c624c48f8927ac294217b8f29
2018-08-01,598.37,,ft,Approved,,2025-03-11T20:44:24.741023+00:00,931ebc1c624c48f8927ac294217b8f29
2018-08-02,598.35,,ft,Approved,,2025-03-11T20:44:24.741023+00:00,931ebc1c624c48f8927ac294217b8f29
2018-08-03,598.32,,ft,Approved,,2025-03-11T20:44:24.741023+00:00,931ebc1c624c48f8927ac294217b8f29
2018-08-04,598.3,,ft,Approved,,2025-03-11T20:44:24.741023+00:00,931ebc1c624c48f8927ac294217b8f29
2018-08-05,598.27,,ft,Approved,,2025-03-11T20:44:24.741023+00:00,931ebc1c624c48f8927ac294217b8f29
2018-08-06,598.25,,ft,Approved,,2025-03-11T20:44:24.741023+00:00,931ebc1c624c48f8927ac294217b8f29
2018-08-07,598.23,,ft,Approved,,2025-03-11T20:44:24.741023+00:00,931ebc1c624c48f8927ac294217b8f29
2018-08-08,598.21,,ft,Approved,,2025-03-11T20:44:24.741023+00:00,931ebc1c624c48f8927ac294217b8f29
2018-08-09,598.18,,ft,Approved,,2025-03-11T20:44:24.741023+00:00,931ebc1c624c48f8927ac294217b8f29
2018-08-10,598.16,,ft,Approved,,2025-03-11T20:44:24.741023+00:00,931ebc1c624c48f8927ac294217b8f29
2018-08-11,598.17,,ft,Approved,,2025-03-11T20:44:24.741023+00:00,931ebc1c624c48f8927ac294217b8f29
2018-08-12,598.25,,ft,Approved,,2025-03-11T20:44:24.741023+00:00,931ebc1c624c48f8927ac294217b8f29
2018-08-13,598.24,,ft,Approved,,2025-03-11T20:44:24.741023+00:00,931ebc1c624c48f8927ac294217b8f29
2018-08-14,598.22,,ft,Approved,,2025-03-11T20:44:24.741023+00:00,931ebc1c624c48f8927ac294217b8f29
2018-08-15,598.2,,ft,Approved,,2025-03-11T20:44:24.741023+00:00,931ebc1c624c48f8927ac294217b8f29
2018-08-16,598.17,,ft,Approved,,2025-03-11T20:44:24.741023+00:00,931ebc1c624c48f8927ac294217b8f29
2018-08-17,598.15,,ft,Approved,,2025-03-11T20:44:24.741023+00:00,931ebc1c624c48f8927ac294217b8f29
2018-08-18,598.12,,ft,Approved,,2025-03-11T20:44:24.741023+00:00,931ebc1c624c48f8927ac294217b8f29
2018-08-19,598.1,,ft,Approved,,2025-03-11T20:44:24.741023+00:00,931ebc1c624c48f8927ac294217b8f29
2018-08-20,598.07,,ft,Approved,,2025-03-11T20:44:24.741023+00:00,931ebc1c624c48f8927ac294217b8f29
2018-08-21,598.05,,ft,Approved,,2025-03-11T20:44:24.741023+00:00,931ebc1c624c48f8927ac294217b8f29
2018-08-22,598.03,,ft,Approved,,2025-03-11T20:44:24.741023+00:00,931ebc1c624c48f8927ac294217b8f29
2018-08-23,598.0,,ft,Approved,,2025-03-11T20:44:24.741023+00:00,931ebc1c624c48f8927ac294217b8f29
2018-08-24,597.97,,ft,Approved,,2025-03-11T20:44:24.741023+00:00,931ebc1c624c48f8927ac294217b8f29
2018-08-25,597.94,,ft,Approved,,2025-03-11T20:44:24.741023+00:00,931ebc1c624c48f8927ac294217b8f29
2018-08-26,597.92,,ft,Approved,,2025-03-11T20:44:24.741023+00:00,931ebc1c624c48f8927ac294217b8f29
2018-08-27,597.89,,ft,Approved,,2025-03-11T20:44:24.741023+00:00,931ebc1c624c48f8927ac294217b8f29
2018-08-28,597.86,,ft,Approved,,2025-03-11T20:44:24.741023+00:00,931ebc1c624c48f8927ac294217b8f29
2018-08-29,597.84,,ft,Approved,,2025-03-11T20:44:24.741023+00:00,931ebc1c624c48f8927ac294217b8f29
2018-08-30,597.82,,ft,Approved,,2025-03-11T20:44:24.741023+00:00,931ebc1c624c48f8927ac294217b8f29
2018-08-31,597.79,,ft,Approved,,2025-03-11T20:44:24.741023+00:00,931ebc1c624c48f8927ac294217b8f29
2018-09-01,597.77,,ft,Approved,,2025-03-11T20:44:24.741023+00:00,931ebc1c624c48f8927ac294217b8f29
2018-09-02,597.75,,ft,Approved,,2025-03-11T20:44:24.741023+00:00,931ebc1c624c48f8927ac294217b8f29
2018-09-03,597.76,,ft,Approved,,2025-03-11T20:44:24.741023+00:00,931ebc1c624c48f8927ac294217b8f29
2018-09-04,597.79,,ft,Approved,,2025-03-11T20:44:24.741023+00:00,931ebc1c624c48f8927ac294217b8f29
2018-09-05,597.77,,ft,Approved,,2025-03-11T20:44:24.741023+00:00,931ebc1c624c48f8927ac294217b8f29
2018-09-06,597.78,,ft,Approved,,2025-03-11T20:44:24.741023+00:00,931ebc1c624c48f8927ac294217b8f29
2018-09-07,597.83,,ft,Approved,,2025-03-11T20:44:24.741023+00:00,931ebc1c624c48f8927ac294217b8f29
2018-09-08,597.84,,ft,Approved,,2025-03-11T20:44:24.741023+00:00,931ebc1c624c48f8927ac294217b8f29
2018-09-09,597.87,,ft,Approved,,2025-03-11T20:44:24.741023+00:00,931ebc1c624c48f8927ac294217b8f29
2018-09-10,597.88,,ft,Approved,,2025-03-11T20:44:24.741023+00:00,931ebc1c624c48f8927ac294217b8f29
2018-09-11,597.89,,ft,Approved,,2025-03-11T20:44:24.741023+00:00,931ebc1c624c48f8927ac294217b8f29
2018-09-12,597.9,,ft,Approved,,2025-03-11T20:44:24.741023+00:00,931ebc1c624c48f8927ac294217b8f29
2018-09-13,597.89,,ft,Approved,,2025-03-11T20:44:24.741023+00:00,931ebc1c624c48f8927ac294217b8f29
2018-09-14,597.88,,ft,Approved,,2025-03-11T20:44:24.741023+00:00,931ebc1c624c48f8927ac294217b8f29
2018-09-15,597.87,,ft,Approved,,2025-03-11T20:44:24.741023+00:00,931ebc1c624c48f8927ac294217b8f29
2018-09-16,597.86,,ft,Approved,,2025-03-11T20:44:24.741023+00:00,931ebc1c624c48f8927ac294217b8f29
2018-09-17,597.85,,ft,Approved,,2025-03-11T20:44:24.741023+00:00,931ebc1c624c48f8927ac294217b8f29
2018-09-18,597.85,,ft,Approved,,2025-03-11T20:44:24.741023+00:00,931ebc1c624c48f8927ac294217b8f29
2018-09-19,597.82,,ft,Approved,,2025-03-11T20:44:24.741023+00:00,931ebc1c624c48f8927ac294217b8f29
2018-09-20,597.8,,ft,Approved,,2025-03-11T20:44:24.741023+00:00,931ebc1c624c48f8927ac294217b8f29
2018-09-21,597.89,,ft,Approved,,2025-03-11T20:44:24.741023+00:00,931ebc1c624c48f8927ac294217b8f29
2018-09-22,600.97,,ft,Approved,,2025-03-11T20:44:24.741023+00:00,931ebc1c624c48f8927ac294217b8f29
2018-09-23,599.91,,ft,Approved,,2025-03-11T20:44:24.741023+00:00,931ebc1c624c48f8927ac294217b8f29
2018-09-24,599.68,,ft,Approved,,2025-03-11T20:44:24.741023+00:00,931ebc1c624c48f8927ac294217b8f29
2018-09-25,599.63,,ft,Approved,,2025-03-11T20:44:24.741023+00:00,931ebc1c624c48f8927ac294217b8f29
2018-09-26,599.6,,ft,Approved,,2025-03-11T20:44:24.741023+00:00,931ebc1c624c48f8927ac294217b8f29
2018-09-27,599.57,,ft,Approved,,2025-03-11T20:44:24.741023+00:00,931ebc1c624c48f8927ac294217b8f29
2018-09-28,599.55,,ft,Approved,,2025-03-11T20:44:24.741023+00:00,931ebc1c624c48f8927ac294217b8f29
2018-09-29,599.6,,ft,Approved,,2025-03-11T20:44:24.741023+00:00,931ebc1c624c48f8927ac294217b8f29
2018-09-30,599.65,,ft,Approved,,2025-03-11T20:44:24.741023+00:00,931ebc1c624c48f8927ac294217b8f29
2018-10-01,599.61,,ft,Approved,,2025-03-11T20:44:24.741023+00:00,931ebc1c624c48f8927ac294217b8f29
2018-10-02,599.59,,ft,Approved,,2025-03-11T20:44:24.741023+00:00,931ebc1c624c48f8927ac294217b8f29
2018-10-03,599.58,,ft,Approved,,2025-03-11T20:44:24.741023+00:00,931ebc1c624c48f8927ac294217b8f29
2018-10-04,599.56,,ft,Approved,,2025-03-11T20:44:24.741023+00:00,931ebc1c624c48f8927ac294217b8f29
2018-10-05,599.54,,ft,Approved,,2025-03-11T20:44:24.741023+00:00,931ebc1c624c48f8927ac294217b8f29
2018-10-06,599.53,,ft,Approved,,2025-03-11T20:44:24.741023+00:00,931ebc1c624c48f8927ac294217b8f29
2018-10-07,599.5,,ft,Approved,,2025-03-11T20:44:24.741023+00:00,931ebc1c624c48f8927ac294217b8f29
2018-10-08,599.51,,ft,Approved,,2025-03-11T20:44:24.741023+00:00,931ebc1c624c48f8927ac294217b8f29
2018-10-09,599.54,,ft,Approved,,2025-03-11T20:44:24.741023+00:00,931ebc1c624c48f8927ac294217b8f29
2018-10-10,599.53,,ft,Approved,,2025-03-11T20:44:24.741023+00:00,931ebc1c624c48f8927ac294217b8f29
2018-10-11,599.52,,ft,Approved,,2025-03-11T20:44:24.741023+00:00,931ebc1c624c48f8927ac294217b8f29
2018-10-12,599.5,,ft,Approved,,2025-03-11T20:44:24.741023+00:00,931ebc1c624c48f8927ac294217b8f29
2018-10-13,599.53,,ft,Approved,,2025-03-11T20:44:24.741023+00:00,931ebc1c624c48f8927ac294217b8f29
2018-10-14,599.6,,ft,Approved,,2025-03-11T20:44:24.741023+00:00,931ebc1c624c48f8927ac294217b8f29
2018-10-15,600.32,,ft,Approved,,2025-03-11T20:44:24.741023+00:00,931ebc1c624c48f8927ac294217b8f29
2018-10-16,600.6,,ft,Approved,,2025-03-11T20:44:24.741023+00:00,931ebc1c624c48f8927ac294217b8f29
2018-10-17,599.97,,ft,Approved,,2025-03-11T20:44:24.741023+00:00,931ebc1c624c48f8927ac294217b8f29
2018-10-18,599.8,,ft,Approved,,2025-03-11T20:44:24.741023+00:00,931ebc1c624c48f8927ac294217b8f29
2018-10-19,600.19,,ft,Approved,,2025-03-11T20:44:24.741023+00:00,931ebc1c624c48f8927ac294217b8f29
2018-10-20,600.11,,ft,Approved,,2025-03-11T20:44:24.741023+00:00,931ebc1c624c48f8927ac294217b8f29
2018-10-21,599.84,,ft,Approved,,2025-03-11T20:44:24.741023+00:00,931ebc1c624c48f8927ac294217b8f29
2018-10-22,599.76,,ft,Approved,,2025-03-11T20:44:24.741023+00:00,931ebc1c624c48f8927ac294217b8f29
2018-10-23,599.73,,ft,Approved,,2025-03-11T20:44:24.741023+00:00,931ebc1c624c48f8927ac294217b8f29
2018-10-24,599.74,,ft,Approved,,2025-03-11T20:44:24.741023+00:00,931ebc1c624c48f8927ac294217b8f29
2018-10-25,599.81,,ft,Approved,,2025-03-11T20:44:24.741023+00:00,931ebc1c624c48f8927ac294217b8f29
2018-10-26,599.77,,ft,Approved,,2025-03-11T20:44:24.741023+00:00,931ebc1c624c48f8927ac294217b8f29
2018-10-27,599.73,,ft,Approved,,2025-03-11T20:44:24.741023+00:00,931ebc1c624c48f8927ac294217b8f29
2018-10-28,599.71,,ft,Approved,,2025-03-11T20:44:24.741023+00:00,931ebc1c624c48f8927ac294217b8f29
2018-10-29,599.68,,ft,Approved,,2025-03-11T20:44:24.741023+00:00,931ebc1c624c48f8927ac294217b8f29
2018-10-30,599.67,,ft,Approved,,2025-03-11T20:44:24.741023+00:00,931ebc1c624c48f8927ac294217b8f29
2018-10-31,599.65,,ft,Approved,,2025-03-11T20:44:24.741023+00:00,931ebc1c624c48f8927ac294217b8f29
2018-11-01,599.64,,ft,Approved,,2025-03-11T20:44:24.741023+00:00,931ebc1c624c48f8927ac294217b8f29
2018-11-02,599.63,,ft,Approved,,2025-03-11T20:44:24.741023+00:00,931ebc1c624c48f8927ac294217b8f29
2018-11-03,599.65,,ft,Approved,,2025-03-11T20:44:24.741023+00:00,931ebc1c624c48f8927ac294217b8f29
2018-11-04,599.75,,ft,Approved,,2025-03-11T20:44:24.741023+00:00,931ebc1c624c48f8927ac294217b8f29
2018-11-05,599.73,,ft,Approved,,2025-03-11T20:44:24.741023+00:00,931ebc1c624c48f8927ac294217b8f29
2018-11-06,599.7,,ft,Approved,,2025-03-11T20:44:24.741023+00:00,931ebc1c624c48f8927ac294217b8f29
2018-11-07,599.69,,ft,Approved,,2025-03-11T20:44:24.741023+00:00,931ebc1c624c48f8927ac294217b8f29
2018-11-08,599.68,,ft,Approved,,2025-03-11T20:44:24.741023+00:00,931ebc1c624c48f8927ac294217b8f29
2018-11-09,599.95,,ft,Approved,,2025-03-11T20:44:24.741023+00:00,931ebc1c624c48f8927ac294217b8f29
2018-11-10,599.82,,ft,Approved,,2025-03-11T20:44:24.741023+00:00,931ebc1c624c48f8927ac294217b8f29
2018-11-11,599.74,,ft,Approved,,2025-03-11T20:44:24.741023+00:00,931ebc1c624c48f8927ac294217b8f29
2018-11-12,599.76,,ft,Approved,,2025-03-11T20:44:24.741023+00:00,931ebc1c624c48f8927ac294217b8f29
2018-11-13,599.73,,ft,Approved,,2025-03-11T20:44:24.741023+00:00,931ebc1c624c48f8927ac294217b8f29
2018-11-14,599.7,,ft,Approved,,2025-03-11T20:44:24.741023+00:00,931ebc1c624c48f8927ac294217b8f29
2018-11-15,599.69,,ft,Approved,,2025-03-11T20:44:24.741023+00:00,931ebc1c624c48f8927ac294217b8f29
2018-11-16,599.68,,ft,Approved,,2025-03-11T20:44:24.741023+00:00,931ebc1c624c48f8927ac294217b8f29
2018-11-17,599.67,,ft,Approved,,2025-03-11T20:44:24.741023+00:00,931ebc1c624c48f8927ac294217b8f29
2018-11-18,599.67,,ft,Approved,,2025-03-11T20:44:24.741023+00:00,931ebc1c624c48f8927ac294217b8f29
2018-11-19,599.65,,ft,Approved,,2025-03-11T20:44:24.741023+00:00,931ebc1c624c48f8927ac294217b8f29
2018-11-20,599.6,,ft,Approved,,2025-03-11T20:44:24.741023+00:00,931ebc1c624c48f8927ac294217b8f29
2018-11-21,599.6,,ft,Approved,,2025-03-11T20:44:24.741023+00:00,931ebc1c624c48f8927ac294217b8f29
2018-11-22,599.61,,ft,Approved,,2025-03-11T20:44:24.741023+00:00,931ebc1c624c48f8927ac294217b8f29
2018-11-23,599.61,,ft,Approved,,2025-03-11T20:44:24.741023+00:00,931ebc1c624c48f8927ac294217b8f29
2018-11-24,599.6,,ft,Approved,,2025-03-11T20:44:24.741023+00:00,931ebc1c624c48f8927ac294217b8f29
2018-11-25,599.59,,ft,Approved,,2025-03-11T20:44:24.741023+00:00,931ebc1c624c48f8927ac294217b8f29
2018-11-26,599.58,,ft,Approved,,2025-03-11T20:44:24.741023+00:00,931ebc1c624c48f8927ac294217b8f29
2018-11-27,599.57,,ft,Approved,,2025-03-11T20:44:24.741023+00:00,931ebc1c624c48f8927ac294217b8f29
2018-11-28,599.55,,ft,Approved,,2025-03-11T20:44:24.741023+00:00,931ebc1c624c48f8927ac294217b8f29
2018-11-29,599.54,,ft,Approved,,2025-03-11T20:44:24.741023+00:00,931ebc1c624c48f8927ac294217b8f29
2018-11-30,599.55,,ft,Approved,,2025-03-11T20:44:24.741023+00:00,931ebc1c624c48f8927ac294217b8f29
2018-12-01,599.57,,ft,Approved,,2025-03-11T20:44:24.741023+00:00,931ebc1c624c48f8927ac294217b8f29
2018-12-02,599.55,,ft,Approved,,2025-03-11T20:44:24.741023+00:00,931ebc1c624c48f8927ac294217b8f29
2018-12-03,599.54,,ft,Approved,,2025-03-11T20:44:24.741023+00:00,931ebc1c624c48f8927ac294217b8f29
2018-12-04,599.53,,ft,Approved,,2025-03-11T20:44:24.741023+00:00,931ebc1c624c48f8927ac294217b8f29
2018-12-05,599.52,,ft,Approved,,2025-03-11T20:44:24.741023+00:00,931ebc1c624c48f8927ac294217b8f29
2018-12-06,599.53,,ft,Approved,,2025-03-11T20:44:24.741023+00:00,931ebc1c624c48f8927ac294217b8f29
2018-12-07,599.97,,ft,Approved,,2025-03-11T20:44:24.741023+00:00,931ebc1c624c48f8927ac294217b8f29
2018-12-08,600.63,,ft,Approved,,2025-03-11T20:44:24.741023+00:00,931ebc1c624c48f8927ac294217b8f29
2018-12-09,599.76,,ft,Approved,,2025-03-11T20:44:24.741023+00:00,931ebc1c624c48f8927ac294217b8f29
2018-12-10,599.65,,ft,Approved,,2025-03-11T20:44:24.741023+00:00,931ebc1c624c48f8927ac294217b8f29
2018-12-11,599.6,,ft,Approved,,2025-03-11T20:44:24.741023+00:00,931ebc1c624c48f8927ac294217b8f29
2018-12-12,599.59,,ft,Approved,,2025-03-11T20:44:24.741023+00:00,931ebc1c624c48f8927ac294217b8f29
2018-12-13,599.59,,ft,Approved,,2025-03-11T20:44:24.741023+00:00,931ebc1c624c48f8927ac294217b8f29
2018-12-14,599.56,,ft,Approved,,2025-03-11T20:44:24.741023+00:00,931ebc1c624c48f8927ac294217b8f29
2018-12-15,599.55,,ft,Approved,,2025-03-11T20:44:24.741023+00:00,931ebc1c624c48f8927ac294217b8f29
2018-12-16,599.55,,ft,Approved,,2025-03-11T20:44:24.741023+00:00,931ebc1c624c48f8927ac294217b8f29
2018-12-17,599.55,,ft,Approved,,2025-03-11T20:44:24.741023+00:00,931ebc1c624c48f8927ac294217b8f29
2018-12-18,599.56,,ft,Approved,,2025-03-11T20:44:24.741023+00:00,931ebc1c624c48f8927ac294217b8f29
2018-12-19,599.57,,ft,Approved,,2025-03-11T20:44:24.741023+00:00,931ebc1c624c48f8927ac294217b8f29
2018-12-20,599.56,,ft,Approved,,2025-03-11T20:44:24.741023+00:00,931ebc1c624c48f8927ac294217b8f29
2018-12-21,599.54,,ft,Approved,,2025-03-11T20:44:24.741023+00:00,931ebc1c624c48f8927ac294217b8f29
2018-12-22,599.52,,ft,Approved,,2025-03-11T20:44:24.741023+00:00,931ebc1c624c48f8927ac294217b8f29
2018-12-23,599.52,,ft,Approved,,2025-03-11T20:44:24.741023+00:00,931ebc1c624c48f8927ac294217b8f29
2018-12-24,599.52,,ft,Approved,,2025-03-11T20:44:24.741023+00:00,931ebc1c624c48f8927ac294217b8f29
2018-12-25,599.53,,ft,Approved,,2025-03-11T20:44:24.741023+00:00,931ebc1c624c48f8927ac294217b8f29
2018-12-26,599.57,,ft,Approved,,2025-03-11T20:44:24.741023+00:00,931ebc1c624c48f8927ac294217b8f29
2018-12-27,602.02,,ft,Approved,,2025-03-11T20:44:24.741023+00:00,931ebc1c624c48f8927ac294217b8f29
2018-12-28,600.02,,ft,Approved,,2025-03-11T20:44:24.741023+00:00,931ebc1c624c48f8927ac294217b8f29
2018-12-29,599.62,,ft,Approved,,2025-03-11T20:44:24.741023+00:00,931ebc1c624c48f8927ac294217b8f29
2018-12-30,599.63,,ft,Approved,,2025-03-11T20:44:24.741023+00:00,931ebc1c624c48f8927ac294217b8f29
2018-12-31,599.72,,ft,Approved,,2025-03-11T20:44:24.741023+00:00,931ebc1c624c48f8927ac294217b8f29
2019-01-01,599.64,,ft,Approved,,2025-03-11T20:44:24.741023+00:00,931ebc1c624c48f8927ac294217b8f29
2019-01-02,600.9,,ft,Approved,,2025-03-11T20:44:24.741023+00:00,931ebc1c624c48f8927ac294217b8f29
2019-01-03,601.9,,ft,Approved,,2025-03-11T20:44:24.741023+00:00,931ebc1c624c48f8927ac294217b8f29
2019-01-04,600.01,,ft,Approved,,2025-03-11T20:44:24.741023+00:00,931ebc1c624c48f8927ac294217b8f29
2019-01-05,599.67,,ft,Approved,,2025-03-11T20:44:24.741023+00:00,931ebc1c624c48f8927ac294217b8f29
2019-01-06,599.62,,ft,Approved,,2025-03-11T20:44:24.741023+00:00,931ebc1c624c48f8927ac294217b8f29
2019-01-07,599.61,,ft,Approved,,2025-03-11T20:44:24.741023+00:00,931ebc1c624c48f8927ac294217b8f29
2019-01-08,599.6,,ft,Approved,,2025-03-11T20:44:24.741023+00:00,931ebc1c624c48f8927ac294217b8f29
2019-01-09,599.58,,ft,Approved,,2025-03-11T20:44:24.741023+00:00,931ebc1c624c48f8927ac294217b8f29
2019-01-10,599.58,,ft,Approved,,2025-03-11T20:44:24.741023+00:00,931ebc1c624c48f8927ac294217b8f29
2019-01-11,599.58,,ft,Approved,,2025-03-11T20:44:24.741023+00:00,931ebc1c624c48f8927ac294217b8f29
2019-01-12,599.6,,ft,Approved,,2025-03-11T20:44:24.741023+00:00,931ebc1c624c48f8927ac294217b8f29
2019-01-13,599.57,,ft,Approved,,2025-03-11T20:44:24.741023+00:00,931ebc1c624c48f8927ac294217b8f29
2019-01-14,599.58,,ft,Approved,,2025-03-11T20:44:24.741023+00:00,931ebc1c624c48f8927ac294217b8f29
2019-01-15,599.58,,ft,Approved,,2025-03-11T20:44:24.741023+00:00,931ebc1c624c48f8927ac294217b8f29
2019-01-16,599.58,,ft,Approved,,2025-03-11T20:44:24.741023+00:00,931ebc1c624c48f8927ac294217b8f29
2019-01-17,599.58,,ft,Approved,,2025-03-11T20:44:24.741023+00:00,931ebc1c624c48f8927ac294217b8f29
2019-01-18,599.58,,ft,Approved,,2025-03-11T20:44:24.741023+00:00,931ebc1c624c48f8927ac294217b8f29
2019-01-19,599.56,,ft,Approved,,2025-03-11T20:44:24.741023+00:00,931ebc1c624c48f8927ac294217b8f29
2019-01-20,599.56,,ft,Approved,,2025-03-11T20:44:24.741023+00:00,931ebc1c624c48f8927ac294217b8f29
2019-01-21,599.57,,ft,Approved,,2025-03-11T20:44:24.741023+00:00,931ebc1c624c48f8927ac294217b8f29
2019-01-22,599.58,,ft,Approved,,2025-03-11T20:44:24.741023+00:00,931ebc1c624c48f8927ac294217b8f29
2019-01-23,599.56,,ft,Approved,,2025-03-11T20:44:24.741023+00:00,931ebc1c624c48f8927ac294217b8f29
2019-01-24,599.56,,ft,Approved,,2025-03-11T20:44:24.741023+00:00,931ebc1c624c48f8927ac294217b8f29
2019-01-25,599.54,,ft,Approved,,2025-03-11T20:44:24.741023+00:00,931ebc1c624c48f8927ac294217b8f29
2019-01-26,599.55,,ft,Approved,,2025-03-11T20:44:24.741023+00:00,931ebc1c624c48f8927ac294217b8f29
2019-01-27,599.63,,ft,Approved,,2025-03-11T20:44:24.741023+00:00,931ebc1c624c48f8927ac294217b8f29
2019-01-28,599.59,,ft,Approved,,2025-03-11T20:44:24.741023+00:00,931ebc1c624c48f8927ac294217b8f29
2019-01-29,599.56,,ft,Approved,,2025-03-11T20:44:24.741023+00:00,931ebc1c624c48f8927ac294217b8f29
2019-01-30,599.56,,ft,Approved,,2025-03-11T20:44:24.741023+00:00,931ebc1c624c48f8927ac294217b8f29
2019-01-31,599.56,,ft,Approved,,2025-03-11T20:44:24.741023+00:00,931ebc1c624c48f8927ac294217b8f29
2019-02-01,599.57,,ft,Approved,,2025-03-11T20:44:24.741023+00:00,931ebc1c624c48f8927ac294217b8f29
2019-02-02,599.57,,ft,Approved,,2025-03-11T20:44:24.741023+00:00,931ebc1c624c48f8927ac294217b8f29
2019-02-03,599.58,,ft,Approved,,2025-03-11T20:44:24.741023+00:00,931ebc1c624c48f8927ac294217b8f29
2019-02-04,599.58,,ft,Approved,,2025-03-11T20:44:24.741023+00:00,931ebc1c624c48f8927ac294217b8f29
2019-02-05,599.57,,ft,Approved,,2025-03-11T20:44:24.741023+00:00,931ebc1c624c48f8927ac294217b8f29
2019-02-06,599.55,,ft,Approved,,2025-03-11T20:44:24.741023+00:00,931ebc1c624c48f8927ac294217b8f29
2019-02-07,599.56,,ft,Approved,,2025-03-11T20:44:24.741023+00:00,931ebc1c624c48f8927ac294217b8f29
2019-02-08,599.54,,ft,Approved,,2025-03-11T20:44:24.741023+00:00,931ebc1c624c48f8927ac294217b8f29
2019-02-09,599.55,,ft,Approved,,2025-03-11T20:44:24.741023+00:00,931ebc1c624c48f8927ac294217b8f29
2019-02-10,599.58,,ft,Approved,,2025-03-11T20:44:24.741023+00:00,931ebc1c624c48f8927ac294217b8f29
2019-02-11,599.61,,ft,Approved,,2025-03-11T20:44:24.741023+00:00,931ebc1c624c48f8927ac294217b8f29
2019-02-12,599.62,,ft,Approved,,2025-03-11T20:44:24.741023+00:00,931ebc1c624c48f8927ac294217b8f29
2019-02-13,599.62,,ft,Approved,,2025-03-11T20:44:24.741023+00:00,931ebc1c624c48f8927ac294217b8f29
2019-02-16,599.59,,ft,Approved,,2025-03-11T20:44:24.741023+00:00,931ebc1c624c48f8927ac294217b8f29
2019-02-17,599.59,,ft,Approved,,2025-03-11T20:44:24.741023+00:00,931ebc1c624c48f8927ac294217b8f29
2019-02-18,599.57,,ft,Approved,,2025-03-11T20:44:24.741023+00:00,931ebc1c624c48f8927ac294217b8f29
2019-02-19,599.58,,ft,Approved,,2025-03-11T20:44:24.741023+00:00,931ebc1c624c48f8927ac294217b8f29
2019-02-20,599.59,,ft,Approved,,2025-03-11T20:44:24.741023+00:00,931ebc1c624c48f8927ac294217b8f29
2019-02-21,599.59,,ft,Approved,,2025-03-11T20:44:24.741023+00:00,931ebc1c624c48f8927ac294217b8f29
2019-02-22,599.6,,ft,Approved,,2025-03-11T20:44:24.741023+00:00,931ebc1c624c48f8927ac294217b8f29
2019-02-23,599.61,,ft,Approved,,2025-03-11T20:44:24.741023+00:00,931ebc1c624c48f8927ac294217b8f29
2019-02-24,599.59,,ft,Approved,,2025-03-11T20:44:24.741023+00:00,931ebc1c624c48f8927ac294217b8f29
2019-02-25,599.58,,ft,Approved,,2025-03-11T20:44:24.741023+00:00,931ebc1c624c48f8927ac294217b8f29
2019-02-26,599.6,,ft,Approved,,2025-03-11T20:44:24.741023+00:00,931ebc1c624c48f8927ac294217b8f29
2019-02-27,599.61,,ft,Approved,,2025-03-11T20:44:24.741023+00:00,931ebc1c624c48f8927ac294217b8f29
2019-02-28,599.6,,ft,Approved,,2025-03-11T20:44:24.741023+00:00,931ebc1c624c48f8927ac294217b8f29
2019-03-01,599.6,,ft,Approved,,2025-03-11T20:44:24.741023+00:00,931ebc1c624c48f8927ac294217b8f29
2019-03-02,599.6,,ft,Approved,,2025-03-11T20:44:24.741023+00:00,931ebc1c624c48f8927ac294217b8f29
2019-03-03,599.6,,ft,Approved,,2025-03-11T20:44:24.741023+00:00,931ebc1c624c48f8927ac294217b8f29
2019-03-04,599.58,,ft,Approved,,2025-03-11T20:44:24.741023+00:00,931ebc1c624c48f8927ac294217b8f29
2019-03-05,599.58,,ft,Approved,,2025-03-11T20:44:24.741023+00:00,931ebc1c624c48f8927ac294217b8f29
2019-03-06,599.59,,ft,Approved,,2025-03-11T20:44:24.741023+00:00,931ebc1c624c48f8927ac294217b8f29
2019-03-07,599.6,,ft,Approved,,2025-03-11T20:44:24.741023+00:00,931ebc1c624c48f8927ac294217b8f29
2019-03-08,599.63,,ft,Approved,,2025-03-11T20:44:24.741023+00:00,931ebc1c624c48f8927ac294217b8f29
2019-03-09,599.65,,ft,Approved,,2025-03-11T20:44:24.741023+00:00,931ebc1c624c48f8927ac294217b8f29
2019-03-10,599.64,,ft,Approved,,2025-03-11T20:44:24.741023+00:00,931ebc1c624c48f8927ac294217b8f29
2019-03-11,599.63,,ft,Approved,,2025-03-11T20:44:24.741023+00:00,931ebc1c624c48f8927ac294217b8f29
2019-03-12,599.64,,ft,Approved,,2025-03-11T20:44:24.741023+00:00,931ebc1c624c48f8927ac294217b8f29
2019-03-13,599.67,,ft,Approved,,2025-03-11T20:44:24.741023+00:00,931ebc1c624c48f8927ac294217b8f29
2019-03-14,599.66,,ft,Approved,,2025-03-11T20:44:24.741023+00:00,931ebc1c624c48f8927ac294217b8f29
2019-03-15,599.63,,ft,Approved,,2025-03-11T20:44:24.741023+00:00,931ebc1c624c48f8927ac294217b8f29
2019-03-16,599.62,,ft,Approved,,2025-03-11T20:44:24.741023+00:00,931ebc1c624c48f8927ac294217b8f29
2019-03-17,599.61,,ft,Approved,,2025-03-11T20:44:24.741023+00:00,931ebc1c624c48f8927ac294217b8f29
2019-03-18,599.64,,ft,Approved,,2025-03-11T20:44:24.741023+00:00,931ebc1c624c48f8927ac294217b8f29
2019-03-19,599.63,,ft,Approved,,2025-03-11T20:44:24.741023+00:00,931ebc1c624c48f8927ac294217b8f29
2019-03-20,599.62,,ft,Approved,,2025-03-11T20:44:24.741023+00:00,931ebc1c624c48f8927ac294217b8f29
2019-03-21,599.61,,ft,Approved,,2025-03-11T20:44:24.741023+00:00,931ebc1c624c48f8927ac294217b8f29
2019-03-22,599.6,,ft,Approved,,2025-03-11T20:44:24.741023+00:00,931ebc1c624c48f8927ac294217b8f29
2019-03-23,599.6,,ft,Approved,,2025-03-11T20:44:24.741023+00:00,931ebc1c624c48f8927ac294217b8f29
2019-03-24,599.58,,ft,Approved,,2025-03-11T20:44:24.741023+00:00,931ebc1c624c48f8927ac294217b8f29
2019-03-25,599.55,,ft,Approved,,2025-03-11T20:44:24.741023+00:00,931ebc1c624c48f8927ac294217b8f29
2019-03-26,599.52,,ft,Approved,,2025-03-11T20:44:24.741023+00:00,931ebc1c624c48f8927ac294217b8f29
2019-03-27,599.51,,ft,Approved,,2025-03-11T20:44:24.741023+00:00,931ebc1c624c48f8927ac294217b8f29
2019-03-28,599.5,,ft,Approved,,2025-03-11T20:44:24.741023+00:00,931ebc1c624c48f8927ac294217b8f29
2019-03-29,599.49,,ft,Approved,,2025-03-11T20:44:24.741023+00:00,931ebc1c624c48f8927ac294217b8f29
2019-03-30,599.48,,ft,Approved,,2025-03-11T20:44:24.741023+00:00,931ebc1c624c48f8927ac294217b8f29
2019-03-31,599.45,,ft,Approved,,2025-03-11T20:44:24.741023+00:00,931ebc1c624c48f8927ac294217b8f29
2019-04-01,599.45,,ft,Approved,,2025-03-11T20:44:24.741023+00:00,931ebc1c624c48f8927ac294217b8f29
2019-04-02,599.44,,ft,Approved,,2025-03-11T20:44:24.741023+00:00,931ebc1c624c48f8927ac294217b8f29
2019-04-03,599.44,,ft,Approved,,2025-03-11T20:44:24.741023+00:00,931ebc1c624c48f8927ac294217b8f29
2019-04-04,599.45,,ft,Approved,,2025-03-11T20:44:24.741023+00:00,931ebc1c624c48f8927ac294217b8f29
2019-04-05,599.44,,ft,Approved,,2025-03-11T20:44:24.741023+00:00,931ebc1c624c48f8927ac294217b8f29
2019-04-06,600.42,,ft,Approved,,2025-03-11T20:44:24.741023+00:00,931ebc1c624c48f8927ac294217b8f29
2019-04-07,602.1,,ft,Approved,,2025-03-11T20:44:24.741023+00:00,931ebc1c624c48f8927ac294217b8f29
2019-04-08,600.96,,ft,Approved,,2025-03-11T20:44:24.741023+00:00,931ebc1c624c48f8927ac294217b8f29
2019-04-09,600.12,,ft,Approved,,2025-03-11T20:44:24.741023+00:00,931ebc1c624c48f8927ac294217b8f29
2019-04-10,599.91,,ft,Approved,,2025-03-11T20:44:24.741023+00:00,931ebc1c624c48f8927ac294217b8f29
2019-04-11,599.81,,ft,Approved,,2025-03-11T20:44:24.741023+00:00,931ebc1c624c48f8927ac294217b8f29
2019-04-12,599.69,,ft,Approved,,2025-03-11T20:44:24.741023+00:00,931ebc1c624c48f8927ac294217b8f29
2019-04-13,599.69,,ft,Approved,,2025-03-11T20:44:24.741023+00:00,931ebc1c624c48f8927ac294217b8f29
2019-04-14,599.68,,ft,Approved,,2025-03-11T20:44:24.741023+00:00,931ebc1c624c48f8927ac294217b8f29
2019-04-15,599.67,,ft,Approved,,2025-03-11T20:44:24.741023+00:00,931ebc1c624c48f8927ac294217b8f29
2019-04-16,599.66,,ft,Approved,,2025-03-11T20:44:24.741023+00:00,931ebc1c624c48f8927ac294217b8f29
2019-04-17,599.69,,ft,Approved,,2025-03-11T20:44:24.741023+00:00,931ebc1c624c48f8927ac294217b8f29
2019-04-18,599.89,,ft,Approved,,2025-03-11T20:44:24.741023+00:00,931ebc1c624c48f8927ac294217b8f29
2019-04-19,599.91,,ft,Approved,,2025-03-11T20:44:24.741023+00:00,931ebc1c624c48f8927ac294217b8f29
2019-04-20,599.74,,ft,Approved,,2025-03-11T20:44:24.741023+00:00,931ebc1c624c48f8927ac294217b8f29
2019-04-21,599.68,,ft,Approved,,2025-03-11T20:44:24.741023+00:00,931ebc1c624c48f8927ac294217b8f29
2019-04-22,599.69,,ft,Approved,,2025-03-11T20:44:24.741023+00:00,931ebc1c624c48f8927ac294217b8f29
2019-04-23,599.73,,ft,Approved,,2025-03-11T20:44:24.741023+00:00,931ebc1c624c48f8927ac294217b8f29
2019-04-24,600.01,,ft,Approved,,2025-03-11T20:44:24.741023+00:00,931ebc1c624c48f8927ac294217b8f29
2019-04-25,600.1,,ft,Approved,,2025-03-11T20:44:24.741023+00:00,931ebc1c624c48f8927ac294217b8f29
2019-04-26,599.87,,ft,Approved,,2025-03-11T20:44:24.741023+00:00,931ebc1c624c48f8927ac294217b8f29
2019-04-27,599.75,,ft,Approved,,2025-03-11T20:44:24.741023+00:00,931ebc1c624c48f8927ac294217b8f29
2019-04-28,599.68,,ft,Approved,,2025-03-11T20:44:24.741023+00:00,931ebc1c624c48f8927ac294217b8f29
2019-04-29,599.64,,ft,Approved,,2025-03-11T20:44:24.741023+00:00,931ebc1c624c48f8927ac294217b8f29
2019-04-30,599.62,,ft,Approved,,2025-03-11T20:44:24.741023+00:00,931ebc1c624c48f8927ac294217b8f29
2019-05-01,599.62,,ft,Approved,,2025-03-11T20:44:24.741023+00:00,931ebc1c624c48f8927ac294217b8f29
2019-05-02,599.61,,ft,Approved,,2025-03-11T20:44:24.741023+00:00,931ebc1c624c48f8927ac294217b8f29
2019-05-03,600.57,,ft,Approved,,2025-03-11T20:44:24.741023+00:00,931ebc1c624c48f8927ac294217b8f29
2019-05-04,600.52,,ft,Approved,,2025-03-11T20:44:24.741023+00:00,931ebc1c624c48f8927ac294217b8f29
2019-05-05,599.94,,ft,Approved,,2025-03-11T20:44:24.741023+00:00,931ebc1c624c48f8927ac294217b8f29
2019-05-06,599.79,,ft,Approved,,2025-03-11T20:44:24.741023+00:00,931ebc1c624c48f8927ac294217b8f29
2019-05-07,599.87,,ft,Approved,,2025-03-11T20:44:24.741023+00:00,931ebc1c624c48f8927ac294217b8f29
2019-05-08,600.27,,ft,Approved,,2025-03-11T20:44:24.741023+00:00,931ebc1c624c48f8927ac294217b8f29
2019-05-09,600.14,,ft,Approved,,2025-03-11T20:44:24.741023+00:00,931ebc1c624c48f8927ac294217b8f29
2019-05-10,599.84,,ft,Approved,,2025-03-11T20:44:24.741023+00:00,931ebc1c624c48f8927ac294217b8f29
2019-05-11,599.74,,ft,Approved,,2025-03-11T20:44:24.741023+00:00,931ebc1c624c48f8927ac294217b8f29
2019-05-12,599.7,,ft,Approved,,2025-03-11T20:44:24.741023+00:00,931ebc1c624c48f8927ac294217b8f29
2019-05-13,599.67,,ft,Approved,,2025-03-11T20:44:24.741023+00:00,931ebc1c624c48f8927ac294217b8f29
2019-05-14,599.65,,ft,Approved,,2025-03-11T20:44:24.741023+00:00,931ebc1c624c48f8927ac294217b8f29
2019-05-15,599.64,,ft,Approved,,2025-03-11T20:44:24.741023+00:00,931ebc1c624c48f8927ac294217b8f29
2019-05-16,599.63,,ft,Approved,,2025-03-11T20:44:24.741023+00:00,931ebc1c624c48f8927ac294217b8f29
2019-05-17,599.62,,ft,Approved,,2025-03-11T20:44:24.741023+00:00,931ebc1c624c48f8927ac294217b8f29
2019-05-18,599.61,,ft,Approved,,2025-03-11T20:44:24.741023+00:00,931ebc1c624c48f8927ac294217b8f29
2019-05-19,599.61,,ft,Approved,,2025-03-11T20:44:24.741023+00:00,931ebc1c624c48f8927ac294217b8f29
2019-05-20,599.62,,ft,Approved,,2025-03-11T20:44:24.741023+00:00,931ebc1c624c48f8927ac294217b8f29
2019-05-21,599.61,,ft,Approved,,2025-03-11T20:44:24.741023+00:00,931ebc1c624c48f8927ac294217b8f29
2019-05-22,599.6,,ft,Approved,,2025-03-11T20:44:24.741023+00:00,931ebc1c624c48f8927ac294217b8f29
2019-05-23,599.58,,ft,Approved,,2025-03-11T20:44:24.741023+00:00,931ebc1c624c48f8927ac294217b8f29
2019-05-24,599.56,,ft,Approved,,2025-03-11T20:44:24.741023+00:00,931ebc1c624c48f8927ac294217b8f29
2019-05-25,599.55,,ft,Approved,,2025-03-11T20:44:24.741023+00:00,931ebc1c624c48f8927ac294217b8f29
2019-05-26,599.56,,ft,Approved,,2025-03-11T20:44:24.741023+00:00,931ebc1c624c48f8927ac294217b8f29
2019-05-27,599.54,,ft,Approved,,2025-03-11T20:44:24.741023+00:00,931ebc1c624c48f8927ac294217b8f29
2019-05-28,599.52,,ft,Approved,,2025-03-11T20:44:24.741023+00:00,931ebc1c624c48f8927ac294217b8f29
2019-05-29,599.5,,ft,Approved,,2025-03-11T20:44:24.741023+00:00,931ebc1c624c48f8927ac294217b8f29
2019-05-30,599.54,,ft,Approved,,2025-03-11T20:44:24.741023+00:00,931ebc1c624c48f8927ac294217b8f29
2019-05-31,599.56,,ft,Approved,,2025-03-11T20:44:24.741023+00:00,931ebc1c624c48f8927ac294217b8f29
2019-06-01,599.56,,ft,Approved,,2025-03-11T20:44:24.741023+00:00,931ebc1c624c48f8927ac294217b8f29
2019-06-02,599.56,,ft,Approved,,2025-03-11T20:44:24.741023+00:00,931ebc1c624c48f8927ac294217b8f29
2019-06-03,599.53,,ft,Approved,,2025-03-11T20:44:24.741023+00:00,931ebc1c624c48f8927ac294217b8f29
2019-06-04,599.53,,ft,Approved,,2025-03-11T20:44:24.741023+00:00,931ebc1c624c48f8927ac294217b8f29
2019-06-05,599.6,,ft,Approved,,2025-03-11T20:44:24.741023+00:00,931ebc1c624c48f8927ac294217b8f29
2019-06-06,599.77,,ft,Approved,,2025-03-11T20:44:24.741023+00:00,931ebc1c624c48f8927ac294217b8f29
2019-06-07,599.78,,ft,Approved,,2025-03-11T20:44:24.741023+00:00,931ebc1c624c48f8927ac294217b8f29
2019-06-08,599.66,,ft,Approved,,2025-03-11T20:44:24.741023+00:00,931ebc1c624c48f8927ac294217b8f29
2019-06-09,599.67,,ft,Approved,,2025-03-11T20:44:24.741023+00:00,931ebc1c624c48f8927ac294217b8f29
2019-06-10,599.74,,ft,Approved,,2025-03-11T20:44:24.741023+00:00,931ebc1c624c48f8927ac294217b8f29
2019-06-11,599.67,,ft,Approved,,2025-03-11T20:44:24.741023+00:00,931ebc1c624c48f8927ac294217b8f29
2019-06-12,599.75,,ft,Approved,,2025-03-11T20:44:24.741023+00:00,931ebc1c624c48f8927ac294217b8f29
2019-06-13,599.8,,ft,Approved,,2025-03-11T20:44:24.741023+00:00,931ebc1c624c48f8927ac294217b8f29
2019-06-14,599.81,,ft,Approved,,2025-03-11T20:44:24.741023+00:00,931ebc1c624c48f8927ac294217b8f29
2019-06-15,599.75,,ft,Approved,,2025-03-11T20:44:24.741023+00:00,931ebc1c624c48f8927ac294217b8f29
2019-06-16,599.68,,ft,Approved,,2025-03-11T20:44:24.741023+00:00,931ebc1c624c48f8927ac294217b8f29
2019-06-17,599.83,,ft,Approved,,2025-03-11T20:44:24.741023+00:00,931ebc1c624c48f8927ac294217b8f29
2019-06-18,599.73,,ft,Approved,,2025-03-11T20:44:24.741023+00:00,931ebc1c624c48f8927ac294217b8f29
2019-06-19,599.67,,ft,Approved,,2025-03-11T20:44:24.741023+00:00,931ebc1c624c48f8927ac294217b8f29
2019-06-20,599.62,,ft,Approved,,2025-03-11T20:44:24.741023+00:00,931ebc1c624c48f8927ac294217b8f29
2019-06-21,599.62,,ft,Approved,,2025-03-11T20:44:24.741023+00:00,931ebc1c624c48f8927ac294217b8f29
2019-06-22,599.6,,ft,Approved,,2025-03-11T20:44:24.741023+00:00,931ebc1c624c48f8927ac294217b8f29
2019-06-23,599.59,,ft,Approved,,2025-03-11T20:44:24.741023+00:00,931ebc1c624c48f8927ac294217b8f29
2019-06-24,599.61,,ft,Approved,,2025-03-11T20:44:24.741023+00:00,931ebc1c624c48f8927ac294217b8f29
2019-06-25,599.63,,ft,Approved,,2025-03-11T20:44:24.741023+00:00,931ebc1c624c48f8927ac294217b8f29
2019-06-26,599.62,,ft,Approved,,2025-03-11T20:44:24.741023+00:00,931ebc1c624c48f8927ac294217b8f29
2019-06-27,599.61,,ft,Approved,,2025-03-11T20:44:24.741023+00:00,931ebc1c624c48f8927ac294217b8f29
2019-06-28,599.61,,ft,Approved,,2025-03-11T20:44:24.741023+00:00,931ebc1c624c48f8927ac294217b8f29
2019-06-29,599.6,,ft,Approved,,2025-03-11T20:44:24.741023+00:00,931ebc1c624c48f8927ac294217b8f29
2019-06-30,599.64,,ft,Approved,,2025-03-11T20:44:24.741023+00:00,931ebc1c624c48f8927ac294217b8f29
2019-07-01,599.63,,ft,Approved,,2025-03-11T20:44:24.741023+00:00,931ebc1c624c48f8927ac294217b8f29
2019-07-02,599.61,,ft,Approved,,2025-03-11T20:44:24.741023+00:00,931ebc1c624c48f8927ac294217b8f29
2019-07-03,599.59,,ft,Approved,,2025-03-11T20:44:24.741023+00:00,931ebc1c624c48f8927ac294217b8f29
2019-07-04,599.58,,ft,Approved,,2025-03-11T20:44:24.741023+00:00,931ebc1c624c48f8927ac294217b8f29
2019-07-05,599.56,,ft,Approved,,2025-03-11T20:44:24.741023+00:00,931ebc1c624c48f8927ac294217b8f29
2019-07-06,599.53,,ft,Approved,,2025-03-11T20:44:24.741023+00:00,931ebc1c624c48f8927ac294217b8f29
2019-07-07,599.51,,ft,Approved,,2025-03-11T20:44:24.741023+00:00,931ebc1c624c48f8927ac294217b8f29
2019-07-08,599.49,,ft,Approved,,2025-03-11T20:44:24.741023+00:00,931ebc1c624c48f8927ac294217b8f29
2019-07-09,599.47,,ft,Approved,,2025-03-11T20:44:24.741023+00:00,931ebc1c624c48f8927ac294217b8f29
2019-07-10,599.44,,ft,Approved,,2025-03-11T20:44:24.741023+00:00,931ebc1c624c48f8927ac294217b8f29
2019-07-11,599.41,,ft,Approved,,2025-03-11T20:44:24.741023+00:00,931ebc1c624c48f8927ac294217b8f29
2019-07-12,599.39,,ft,Approved,,2025-03-11T20:44:24.741023+00:00,931ebc1c624c48f8927ac294217b8f29
2019-07-13,599.36,,ft,Approved,,2025-03-11T20:44:24.741023+00:00,931ebc1c624c48f8927ac294217b8f29
2019-07-14,599.35,,ft,Approved,,2025-03-11T20:44:24.741023+00:00,931ebc1c624c48f8927ac294217b8f29
2019-07-15,599.33,,ft,Approved,,2025-03-11T20:44:24.741023+00:00,931ebc1c624c48f8927ac294217b8f29
2019-07-16,599.31,,ft,Approved,,2025-03-11T20:44:24.741023+00:00,931ebc1c624c48f8927ac294217b8f29
2019-07-17,599.28,,ft,Approved,,2025-03-11T20:44:24.741023+00:00,931ebc1c624c48f8927ac294217b8f29
2019-07-18,599.26,,ft,Approved,,2025-03-11T20:44:24.741023+00:00,931ebc1c624c48f8927ac294217b8f29
2019-07-19,599.23,,ft,Approved,,2025-03-11T20:44:24.741023+00:00,931ebc1c624c48f8927ac294217b8f29
2019-07-20,599.2,,ft,Approved,,2025-03-11T20:44:24.741023+00:00,931ebc1c624c48f8927ac294217b8f29
2019-07-21,599.17,,ft,Approved,,2025-03-11T20:44:24.741023+00:00,931ebc1c624c48f8927ac294217b8f29
2019-07-22,599.15,,ft,Approved,,2025-03-11T20:44:24.741023+00:00,931ebc1c624c48f8927ac294217b8f29
2019-07-23,599.12,,ft,Approved,,2025-03-11T20:44:24.741023+00:00,931ebc1c624c48f8927ac294217b8f29
2019-07-24,599.09,,ft,Approved,,2025-03-11T20:44:24.741023+00:00,931ebc1c624c48f8927ac294217b8f29
2019-07-25,599.05,,ft,Approved,,2025-03-11T20:44:24.741023+00:00,931ebc1c624c48f8927ac294217b8f29
2019-07-26,599.02,,ft,Approved,,2025-03-11T20:44:24.741023+00:00,931ebc1c624c48f8927ac294217b8f29
2019-07-27,599.02,,ft,Approved,,2025-03-11T20:44:24.741023+00:00,931ebc1c624c48f8927ac294217b8f29
2019-07-28,598.99,,ft,Approved,,2025-03-11T20:44:24.741023+00:00,931ebc1c624c48f8927ac294217b8f29
2019-07-29,598.97,,ft,Approved,,2025-03-11T20:44:24.741023+00:00,931ebc1c624c48f8927ac294217b8f29
2019-07-30,598.93,,ft,Approved,,2025-03-11T20:44:24.741023+00:00,931ebc1c624c48f8927ac294217b8f29
2019-07-31,598.91,,ft,Approved,,2025-03-11T20:44:24.741023+00:00,931ebc1c624c48f8927ac294217b8f29
2019-08-01,598.9,,ft,Approved,,2025-03-11T20:44:24.741023+00:00,931ebc1c624c48f8927ac294217b8f29
2019-08-02,598.86,,ft,Approved,,2025-03-11T20:44:24.741023+00:00,931ebc1c624c48f8927ac294217b8f29
2019-08-03,598.85,,ft,Approved,,2025-03-11T20:44:24.741023+00:00,931ebc1c624c48f8927ac294217b8f29
2019-08-04,598.83,,ft,Approved,,2025-03-11T20:44:24.741023+00:00,931ebc1c624c48f8927ac294217b8f29
2019-08-05,598.82,,ft,Approved,,2025-03-11T20:44:24.741023+00:00,931ebc1c624c48f8927ac294217b8f29
2019-08-06,598.8,,ft,Approved,,2025-03-11T20:44:24.741023+00:00,931ebc1c624c48f8927ac294217b8f29
2019-08-07,598.77,,ft,Approved,,2025-03-11T20:44:24.741023+00:00,931ebc1c624c48f8927ac294217b8f29
2019-08-08,598.75,,ft,Approved,,2025-03-11T20:44:24.741023+00:00,931ebc1c624c48f8927ac294217b8f29
2019-08-09,598.71,,ft,Approved,,2025-03-11T20:44:24.741023+00:00,931ebc1c624c48f8927ac294217b8f29
2019-08-10,598.68,,ft,Approved,,2025-03-11T20:44:24.741023+00:00,931ebc1c624c48f8927ac294217b8f29
2019-08-11,598.65,,ft,Approved,,2025-03-11T20:44:24.741023+00:00,931ebc1c624c48f8927ac294217b8f29
2019-08-12,598.62,,ft,Approved,,2025-03-11T20:44:24.741023+00:00,931ebc1c624c48f8927ac294217b8f29
2019-08-13,598.58,,ft,Approved,,2025-03-11T20:44:24.741023+00:00,931ebc1c624c48f8927ac294217b8f29
2019-08-14,598.56,,ft,Approved,,2025-03-11T20:44:24.741023+00:00,931ebc1c624c48f8927ac294217b8f29
2019-08-15,598.54,,ft,Approved,,2025-03-11T20:44:24.741023+00:00,931ebc1c624c48f8927ac294217b8f29
2019-08-16,598.52,,ft,Approved,,2025-03-11T20:44:24.741023+00:00,931ebc1c624c48f8927ac294217b8f29
2019-08-17,598.5,,ft,Approved,,2025-03-11T20:44:24.741023+00:00,931ebc1c624c48f8927ac294217b8f29
2019-08-18,598.47,,ft,Approved,,2025-03-11T20:44:24.741023+00:00,931ebc1c624c48f8927ac294217b8f29
2019-08-19,598.44,,ft,Approved,,2025-03-11T20:44:24.741023+00:00,931ebc1c624c48f8927ac294217b8f29
2019-08-20,598.41,,ft,Approved,,2025-03-11T20:44:24.741023+00:00,931ebc1c624c48f8927ac294217b8f29
2019-08-21,598.39,,ft,Approved,,2025-03-11T20:44:24.741023+00:00,931ebc1c624c48f8927ac294217b8f29
2019-08-22,598.37,,ft,Approved,,2025-03-11T20:44:24.741023+00:00,931ebc1c624c48f8927ac294217b8f29
2019-08-23,598.37,,ft,Approved,,2025-03-11T20:44:24.741023+00:00,931ebc1c624c48f8927ac294217b8f29
2019-08-24,598.37,,ft,Approved,,2025-03-11T20:44:24.741023+00:00,931ebc1c624c48f8927ac294217b8f29
2019-08-25,598.4,,ft,Approved,,2025-03-11T20:44:24.741023+00:00,931ebc1c624c48f8927ac294217b8f29
2019-08-26,598.39,,ft,Approved,,2025-03-11T20:44:24.741023+00:00,931ebc1c624c48f8927ac294217b8f29
2019-08-27,598.36,,ft,Approved,,2025-03-11T20:44:24.741023+00:00,931ebc1c624c48f8927ac294217b8f29
2019-08-28,598.35,,ft,Approved,,2025-03-11T20:44:24.741023+00:00,931ebc1c624c48f8927ac294217b8f29
2019-08-29,598.33,,ft,Approved,,2025-03-11T20:44:24.741023+00:00,931ebc1c624c48f8927ac294217b8f29
2019-08-30,598.3,,ft,Approved,,2025-03-11T20:44:24.741023+00:00,931ebc1c624c48f8927ac294217b8f29
2019-08-31,598.28,,ft,Approved,,2025-03-11T20:44:24.741023+00:00,931ebc1c624c48f8927ac294217b8f29
2019-09-01,598.25,,ft,Approved,,2025-03-11T20:44:24.741023+00:00,931ebc1c624c48f8927ac294217b8f29
2019-09-02,598.23,,ft,Approved,,2025-03-11T20:44:24.741023+00:00,931ebc1c624c48f8927ac294217b8f29
2019-09-03,598.21,,ft,Approved,,2025-03-11T20:44:24.741023+00:00,931ebc1c624c48f8927ac294217b8f29
2019-09-04,598.19,,ft,Approved,,2025-03-11T20:44:24.741023+00:00,931ebc1c624c48f8927ac294217b8f29
2019-09-05,598.16,,ft,Approved,,2025-03-11T20:44:24.741023+00:00,931ebc1c624c48f8927ac294217b8f29
2019-09-06,598.14,,ft,Approved,,2025-03-11T20:44:24.741023+00:00,931ebc1c624c48f8927ac294217b8f29
2019-09-07,598.12,,ft,Approved,,2025-03-11T20:44:24.741023+00:00,931ebc1c624c48f8927ac294217b8f29
2019-09-08,598.1,,ft,Approved,,2025-03-11T20:44:24.741023+00:00,931ebc1c624c48f8927ac294217b8f29
2019-09-09,598.07,,ft,Approved,,2025-03-11T20:44:24.741023+00:00,931ebc1c624c48f8927ac294217b8f29
2019-09-10,598.06,,ft,Approved,,2025-03-11T20:44:24.741023+00:00,931ebc1c624c48f8927ac294217b8f29
2019-09-11,598.06,,ft,Approved,,2025-03-11T20:44:24.741023+00:00,931ebc1c624c48f8927ac294217b8f29
2019-09-12,598.05,,ft,Approved,,2025-03-11T20:44:24.741023+00:00,931ebc1c624c48f8927ac294217b8f29
2019-09-13,598.04,,ft,Approved,,2025-03-11T20:44:24.741023+00:00,931ebc1c624c48f8927ac294217b8f29
2019-09-14,598.01,,ft,Approved,,2025-03-11T20:44:24.741023+00:00,931ebc1c624c48f8927ac294217b8f29
2019-09-15,597.99,,ft,Approved,,2025-03-11T20:44:24.741023+00:00,931ebc1c624c48f8927ac294217b8f29
2019-09-16,597.97,,ft,Approved,,2025-03-11T20:44:24.741023+00:00,931ebc1c624c48f8927ac294217b8f29
2019-09-17,597.96,,ft,Approved,,2025-03-11T20:44:24.741023+00:00,931ebc1c624c48f8927ac294217b8f29
2019-09-18,597.95,,ft,Approved,,2025-03-11T20:44:24.741023+00:00,931ebc1c624c48f8927ac294217b8f29
2019-09-19,597.93,,ft,Approved,,2025-03-11T20:44:24.741023+00:00,931ebc1c624c48f8927ac294217b8f29
2019-09-20,597.91,,ft,Approved,,2025-03-11T20:44:24.741023+00:00,931ebc1c624c48f8927ac294217b8f29
2019-09-21,597.89,,ft,Approved,,2025-03-11T20:44:24.741023+00:00,931ebc1c624c48f8927ac294217b8f29
2019-09-22,597.87,,ft,Approved,,2025-03-11T20:44:24.741023+00:00,931ebc1c624c48f8927ac294217b8f29
2019-09-23,597.85,,ft,Approved,,2025-03-11T20:44:24.741023+00:00,931ebc1c624c48f8927ac294217b8f29
2019-09-24,597.83,,ft,Approved,,2025-03-11T20:44:24.741023+00:00,931ebc1c624c48f8927ac294217b8f29
2019-09-25,597.81,,ft,Approved,,2025-03-11T20:44:24.741023+00:00,931ebc1c624c48f8927ac294217b8f29
2019-09-26,597.79,,ft,Approved,,2025-03-11T20:44:24.741023+00:00,931ebc1c624c48f8927ac294217b8f29
2019-09-27,597.77,,ft,Approved,,2025-03-11T20:44:24.741023+00:00,931ebc1c624c48f8927ac294217b8f29
2019-09-28,597.75,,ft,Approved,,2025-03-11T20:44:24.741023+00:00,931ebc1c624c48f8927ac294217b8f29
2019-09-29,597.73,,ft,Approved,,2025-03-11T20:44:24.741023+00:00,931ebc1c624c48f8927ac294217b8f29
2019-09-30,597.72,,ft,Approved,,2025-03-11T20:44:24.741023+00:00,931ebc1c624c48f8927ac294217b8f29
2019-10-01,597.7,,ft,Approved,,2025-03-11T20:44:24.741023+00:00,931ebc1c624c48f8927ac294217b8f29
2019-10-02,597.68,,ft,Approved,,2025-03-11T20:44:24.741023+00:00,931ebc1c624c48f8927ac294217b8f29
2019-10-03,597.66,,ft,Approved,,2025-03-11T20:44:24.741023+00:00,931ebc1c624c48f8927ac294217b8f29
2019-10-04,597.64,,ft,Approved,,2025-03-11T20:44:24.741023+00:00,931ebc1c624c48f8927ac294217b8f29
2019-10-05,597.63,,ft,Approved,,2025-03-11T20:44:24.741023+00:00,931ebc1c624c48f8927ac294217b8f29
2019-10-06,597.61,,ft,Approved,,2025-03-11T20:44:24.741023+00:00,931ebc1c624c48f8927ac294217b8f29
2019-10-07,597.58,,ft,Approved,,2025-03-11T20:44:24.741023+00:00,931ebc1c624c48f8927ac294217b8f29
2019-10-08,597.55,,ft,Approved,,2025-03-11T20:44:24.741023+00:00,931ebc1c624c48f8927ac294217b8f29
2019-10-09,597.55,,ft,Approved,,2025-03-11T20:44:24.741023+00:00,931ebc1c624c48f8927ac294217b8f29
2019-10-10,597.54,,ft,Approved,,2025-03-11T20:44:24.741023+00:00,931ebc1c624c48f8927ac294217b8f29
2019-10-11,597.55,,ft,Approved,,2025-03-11T20:44:24.741023+00:00,931ebc1c624c48f8927ac294217b8f29
2019-10-12,597.54,,ft,Approved,,2025-03-11T20:44:24.741023+00:00,931ebc1c624c48f8927ac294217b8f29
2019-10-13,597.53,,ft,Approved,,2025-03-11T20:44:24.741023+00:00,931ebc1c624c48f8927ac294217b8f29
2019-10-14,597.53,,ft,Approved,,2025-03-11T20:44:24.741023+00:00,931ebc1c624c48f8927ac294217b8f29
2019-10-15,597.53,,ft,Approved,,2025-03-11T20:44:24.741023+00:00,931ebc1c624c48f8927ac294217b8f29
2019-10-16,597.5,,ft,Approved,,2025-03-11T20:44:24.741023+00:00,931ebc1c624c48f8927ac294217b8f29
2019-10-17,597.5,,ft,Approved,,2025-03-11T20:44:24.741023+00:00,931ebc1c624c48f8927ac294217b8f29
2019-10-18,597.49,,ft,Approved,,2025-03-11T20:44:24.741023+00:00,931ebc1c624c48f8927ac294217b8f29
2019-10-19,597.48,,ft,Approved,,2025-03-11T20:44:24.741023+00:00,931ebc1c624c48f8927ac294217b8f29
2019-10-20,597.46,,ft,Approved,,2025-03-11T20:44:24.741023+00:00,931ebc1c624c48f8927ac294217b8f29
2019-10-21,597.48,,ft,Approved,,2025-03-11T20:44:24.741023+00:00,931ebc1c624c48f8927ac294217b8f29
2019-10-22,597.45,,ft,Approved,,2025-03-11T20:44:24.741023+00:00,931ebc1c624c48f8927ac294217b8f29
2019-10-23,597.46,,ft,Approved,,2025-03-11T20:44:24.741023+00:00,931ebc1c624c48f8927ac294217b8f29
2019-10-24,597.5,,ft,Approved,,2025-03-11T20:44:24.741023+00:00,931ebc1c624c48f8927ac294217b8f29
2019-10-25,597.68,,ft,Approved,,2025-03-11T20:44:24.741023+00:00,931ebc1c624c48f8927ac294217b8f29
2019-10-26,597.67,,ft,Approved,,2025-03-11T20:44:24.741023+00:00,931ebc1c624c48f8927ac294217b8f29
2019-10-27,597.66,,ft,Approved,,2025-03-11T20:44:24.741023+00:00,931ebc1c624c48f8927ac294217b8f29
2019-10-28,597.65,,ft,Approved,,2025-03-11T20:44:24.741023+00:00,931ebc1c624c48f8927ac294217b8f29
2019-10-29,597.64,,ft,Approved,,2025-03-11T20:44:24.741023+00:00,931ebc1c624c48f8927ac294217b8f29
2019-10-30,597.63,,ft,Approved,,2025-03-11T20:44:24.741023+00:00,931ebc1c624c48f8927ac294217b8f29
2019-10-31,597.61,,ft,Approved,,2025-03-11T20:44:24.741023+00:00,931ebc1c624c48f8927ac294217b8f29
2019-11-01,597.6,,ft,Approved,,2025-03-11T20:44:24.741023+00:00,931ebc1c624c48f8927ac294217b8f29
2019-11-02,597.6,,ft,Approved,,2025-03-11T20:44:24.741023+00:00,931ebc1c624c48f8927ac294217b8f29
2019-11-03,597.59,,ft,Approved,,2025-03-11T20:44:24.741023+00:00,931ebc1c624c48f8927ac294217b8f29
2019-11-04,597.58,,ft,Approved,,2025-03-11T20:44:24.741023+00:00,931ebc1c624c48f8927ac294217b8f29
2019-11-05,597.58,,ft,Approved,,2025-03-11T20:44:24.741023+00:00,931ebc1c624c48f8927ac294217b8f29
2019-11-06,597.58,,ft,Approved,,2025-03-11T20:44:24.741023+00:00,931ebc1c624c48f8927ac294217b8f29
2019-11-07,597.58,,ft,Approved,,2025-03-11T20:44:24.741023+00:00,931ebc1c624c48f8927ac294217b8f29
2019-11-08,597.58,,ft,Approved,,2025-03-11T20:44:24.741023+00:00,931ebc1c624c48f8927ac294217b8f29
2019-11-09,597.58,,ft,Approved,,2025-03-11T20:44:24.741023+00:00,931ebc1c624c48f8927ac294217b8f29
2019-11-10,597.58,,ft,Approved,,2025-03-11T20:44:24.741023+00:00,931ebc1c624c48f8927ac294217b8f29
2019-11-11,597.56,,ft,Approved,,2025-03-11T20:44:24.741023+00:00,931ebc1c624c48f8927ac294217b8f29
2019-11-12,597.55,,ft,Approved,,2025-03-11T20:44:24.741023+00:00,931ebc1c624c48f8927ac294217b8f29
2019-11-13,597.54,,ft,Approved,,2025-03-11T20:44:24.741023+00:00,931ebc1c624c48f8927ac294217b8f29
2019-11-14,597.55,,ft,Approved,,2025-03-11T20:44:24.741023+00:00,931ebc1c624c48f8927ac294217b8f29
2019-11-15,597.55,,ft,Approved,,2025-03-11T20:44:24.741023+00:00,931ebc1c624c48f8927ac294217b8f29
2019-11-16,597.55,,ft,Approved,,2025-03-11T20:44:24.741023+00:00,931ebc1c624c48f8927ac294217b8f29
2019-11-17,597.55,,ft,Approved,,2025-03-11T20:44:24.741023+00:00,931ebc1c624c48f8927ac294217b8f29
2019-11-18,597.54,,ft,Approved,,2025-03-11T20:44:24.741023+00:00,931ebc1c624c48f8927ac294217b8f29
2019-11-19,597.54,,ft,Approved,,2025-03-11T20:44:24.741023+00:00,931ebc1c624c48f8927ac294217b8f29
2019-11-20,597.54,,ft,Approved,,2025-03-11T20:44:24.741023+00:00,931ebc1c624c48f8927ac294217b8f29
2019-11-21,597.54,,ft,Approved,,2025-03-11T20:44:24.741023+00:00,931ebc1c624c48f8927ac294217b8f29
2019-11-22,597.54,,ft,Approved,,2025-03-11T20:44:24.741023+00:00,931ebc1c624c48f8927ac294217b8f29
2019-11-23,597.53,,ft,Approved,,2025-03-11T20:44:24.741023+00:00,931ebc1c624c48f8927ac294217b8f29
2019-11-24,597.52,,ft,Approved,,2025-03-11T20:44:24.741023+00:00,931ebc1c624c48f8927ac294217b8f29
2019-11-25,597.52,,ft,Approved,,2025-03-11T20:44:24.741023+00:00,931ebc1c624c48f8927ac294217b8f29
2019-11-26,597.52,,ft,Approved,,2025-03-11T20:44:24.741023+00:00,931ebc1c624c48f8927ac294217b8f29
2019-11-27,597.5,,ft,Approved,,2025-03-11T20:44:24.741023+00:00,931ebc1c624c48f8927ac294217b8f29
2019-11-28,597.49,,ft,Approved,,2025-03-11T20:44:24.741023+00:00,931ebc1c624c48f8927ac294217b8f29
2019-11-29,597.49,,ft,Approved,,2025-03-11T20:44:24.741023+00:00,931ebc1c624c48f8927ac294217b8f29
2019-11-30,597.52,,ft,Approved,,2025-03-11T20:44:24.741023+00:00,931ebc1c624c48f8927ac294217b8f29
2019-12-01,597.5,,ft,Approved,,2025-03-11T20:44:24.741023+00:00,931ebc1c624c48f8927ac294217b8f29
2019-12-02,597.49,,ft,Approved,,2025-03-11T20:44:24.741023+00:00,931ebc1c624c48f8927ac294217b8f29
2019-12-03,597.49,,ft,Approved,,2025-03-11T20:44:24.741023+00:00,931ebc1c624c48f8927ac294217b8f29
2019-12-04,597.48,,ft,Approved,,2025-03-11T20:44:24.741023+00:00,931ebc1c624c48f8927ac294217b8f29
2019-12-05,597.48,,ft,Approved,,2025-03-11T20:44:24.741023+00:00,931ebc1c624c48f8927ac294217b8f29
2019-12-06,597.48,,ft,Approved,,2025-03-11T20:44:24.741023+00:00,931ebc1c624c48f8927ac294217b8f29
2019-12-07,597.48,,ft,Approved,,2025-03-11T20:44:24.741023+00:00,931ebc1c624c48f8927ac294217b8f29
2019-12-08,597.47,,ft,Approved,,2025-03-11T20:44:24.741023+00:00,931ebc1c624c48f8927ac294217b8f29
2019-12-09,597.47,,ft,Approved,,2025-03-11T20:44:24.741023+00:00,931ebc1c624c48f8927ac294217b8f29
2019-12-10,597.44,,ft,Approved,,2025-03-11T20:44:24.741023+00:00,931ebc1c624c48f8927ac294217b8f29
2019-12-11,597.45,,ft,Approved,,2025-03-11T20:44:24.741023+00:00,931ebc1c624c48f8927ac294217b8f29
2019-12-12,597.45,,ft,Approved,,2025-03-11T20:44:24.741023+00:00,931ebc1c624c48f8927ac294217b8f29
2019-12-13,597.45,,ft,Approved,,2025-03-11T20:44:24.741023+00:00,931ebc1c624c48f8927ac294217b8f29
2019-12-14,597.46,,ft,Approved,,2025-03-11T20:44:24.741023+00:00,931ebc1c624c48f8927ac294217b8f29
2019-12-15,597.46,,ft,Approved,,2025-03-11T20:44:24.741023+00:00,931ebc1c624c48f8927ac294217b8f29
2019-12-16,597.49,,ft,Approved,,2025-03-11T20:44:24.741023+00:00,931ebc1c624c48f8927ac294217b8f29
2019-12-17,597.47,,ft,Approved,,2025-03-11T20:44:24.741023+00:00,931ebc1c624c48f8927ac294217b8f29
2019-12-18,597.46,,ft,Approved,,2025-03-11T20:44:24.741023+00:00,931ebc1c624c48f8927ac294217b8f29
2019-12-19,597.46,,ft,Approved,,2025-03-11T20:44:24.741023+00:00,931ebc1c624c48f8927ac294217b8f29
2019-12-20,597.47,,ft,Approved,,2025-03-11T20:44:24.741023+00:00,931ebc1c624c48f8927ac294217b8f29
2019-12-21,597.5,,ft,Approved,,2025-03-11T20:44:24.741023+00:00,931ebc1c624c48f8927ac294217b8f29
2019-12-22,597.5,,ft,Approved,,2025-03-11T20:44:24.741023+00:00,931ebc1c624c48f8927ac294217b8f29
2019-12-23,597.49,,ft,Approved,,2025-03-11T20:44:24.741023+00:00,931ebc1c624c48f8927ac294217b8f29
2019-12-24,597.49,,ft,Approved,,2025-03-11T20:44:24.741023+00:00,931ebc1c624c48f8927ac294217b8f29
2019-12-25,597.49,,ft,Approved,,2025-03-11T20:44:24.741023+00:00,931ebc1c624c48f8927ac294217b8f29
2019-12-26,597.49,,ft,Approved,,2025-03-11T20:44:24.741023+00:00,931ebc1c624c48f8927ac294217b8f29
2019-12-27,597.49,,ft,Approved,,2025-03-11T20:44:24.741023+00:00,931ebc1c624c48f8927ac294217b8f29
2019-12-28,597.48,,ft,Approved,,2025-03-11T20:44:24.741023+00:00,931ebc1c624c48f8927ac294217b8f29
2019-12-29,597.49,,ft,Approved,,2025-03-11T20:44:24.741023+00:00,931ebc1c624c48f8927ac294217b8f29
2019-12-30,597.47,,ft,Approved,,2025-03-11T20:44:24.741023+00:00,931ebc1c624c48f8927ac294217b8f29
2019-12-31,597.46,,ft,Approved,,2025-03-11T20:44:24.741023+00:00,931ebc1c624c48f8927ac294217b8f29
2020-01-01,597.45,,ft,Approved,,2025-03-11T20:44:24.741023+00:00,931ebc1c624c48f8927ac294217b8f29
2020-01-02,597.45,,ft,Approved,,2025-03-11T20:44:24.741023+00:00,931ebc1c624c48f8927ac294217b8f29
2020-01-03,597.45,,ft,Approved,,2025-03-11T20:44:24.741023+00:00,931ebc1c624c48f8927ac294217b8f29
2020-01-04,597.44,,ft,Approved,,2025-03-11T20:44:24.741023+00:00,931ebc1c624c48f8927ac294217b8f29
2020-01-05,597.43,,ft,Approved,,2025-03-11T20:44:24.741023+00:00,931ebc1c624c48f8927ac294217b8f29
2020-01-06,597.42,,ft,Approved,,2025-03-11T20:44:24.741023+00:00,931ebc1c624c48f8927ac294217b8f29
2020-01-07,597.42,,ft,Approved,,2025-03-11T20:44:24.741023+00:00,931ebc1c624c48f8927ac294217b8f29
2020-01-08,597.4,,ft,Approved,,2025-03-11T20:44:24.741023+00:00,931ebc1c624c48f8927ac294217b8f29
2020-01-09,597.39,,ft,Approved,,2025-03-11T20:44:24.741023+00:00,931ebc1c624c48f8927ac294217b8f29
2020-01-10,597.4,,ft,Approved,,2025-03-11T20:44:24.741023+00:00,931ebc1c624c48f8927ac294217b8f29
2020-01-11,597.42,,ft,Approved,,2025-03-11T20:44:24.741023+00:00,931ebc1c624c48f8927ac294217b8f29
2020-01-12,597.4,,ft,Approved,,2025-03-11T20:44:24.741023+00:00,931ebc1c624c48f8927ac294217b8f29
2020-01-13,597.39,,ft,Approved,,2025-03-11T20:44:24.741023+00:00,931ebc1c624c48f8927ac294217b8f29
2020-01-14,597.4,,ft,Approved,,2025-03-11T20:44:24.741023+00:00,931ebc1c624c48f8927ac294217b8f29
2020-01-15,597.42,,ft,Approved,,2025-03-11T20:44:24.741023+00:00,931ebc1c624c48f8927ac294217b8f29
2020-01-16,597.42,,ft,Approved,,2025-03-11T20:44:24.741023+00:00,931ebc1c624c48f8927ac294217b8f29
2020-01-17,597.45,,ft,Approved,,2025-03-11T20:44:24.741023+00:00,931ebc1c624c48f8927ac294217b8f29
2020-01-18,597.45,,ft,Approved,,2025-03-11T20:44:24.741023+00:00,931ebc1c624c48f8927ac294217b8f29
2020-01-19,597.41,,ft,Approved,,2025-03-11T20:44:24.741023+00:00,931ebc1c624c48f8927ac294217b8f29
2020-01-20,597.4,,ft,Approved,,2025-03-11T20:44:24.741023+00:00,931ebc1c624c48f8927ac294217b8f29
2020-01-21,597.39,,ft,Approved,,2025-03-11T20:44:24.741023+00:00,931ebc1c624c48f8927ac294217b8f29
2020-01-22,597.45,,ft,Approved,,2025-03-11T20:44:24.741023+00:00,931ebc1c624c48f8927ac294217b8f29
2020-01-23,597.47,,ft,Approved,,2025-03-11T20:44:24.741023+00:00,931ebc1c624c48f8927ac294217b8f29
2020-01-24,597.45,,ft,Approved,,2025-03-11T20:44:24.741023+00:00,931ebc1c624c48f8927ac294217b8f29
2020-01-25,597.44,,ft,Approved,,2025-03-11T20:44:24.741023+00:00,931ebc1c624c48f8927ac294217b8f29
2020-01-26,597.46,,ft,Approved,,2025-03-11T20:44:24.741023+00:00,931ebc1c624c48f8927ac294217b8f29
2020-01-27,597.42,,ft,Approved,,2025-03-11T20:44:24.741023+00:00,931ebc1c624c48f8927ac294217b8f29
2020-01-28,597.47,,ft,Approved,,2025-03-11T20:44:24.741023+00:00,931ebc1c624c48f8927ac294217b8f29
2020-01-29,597.41,,ft,Approved,,2025-03-11T20:44:24.741023+00:00,931ebc1c624c48f8927ac294217b8f29
2020-01-30,597.39,,ft,Approved,,2025-03-11T20:44:24.741023+00:00,931ebc1c624c48f8927ac294217b8f29
2020-01-31,597.38,,ft,Approved,,2025-03-11T20:44:24.741023+00:00,931ebc1c624c48f8927ac294217b8f29
2020-02-01,597.36,,ft,Approved,,2025-03-11T20:44:24.741023+00:00,931ebc1c624c48f8927ac294217b8f29
2020-02-02,597.38,,ft,Approved,,2025-03-11T20:44:24.741023+00:00,931ebc1c624c48f8927ac294217b8f29
2020-02-03,597.4,,ft,Approved,,2025-03-11T20:44:24.741023+00:00,931ebc1c624c48f8927ac294217b8f29
2020-02-04,597.42,,ft,Approved,,2025-03-11T20:44:24.741023+00:00,931ebc1c624c48f8927ac294217b8f29
2020-02-05,597.39,,ft,Approved,,2025-03-11T20:44:24.741023+00:00,931ebc1c624c48f8927ac294217b8f29
2020-02-06,597.36,,ft,Approved,,2025-03-11T20:44:24.741023+00:00,931ebc1c624c48f8927ac294217b8f29
2020-02-07,597.33,,ft,Approved,,2025-03-11T20:44:24.741023+00:00,931ebc1c624c48f8927ac294217b8f29
2020-02-08,597.34,,ft,Approved,,2025-03-11T20:44:24.741023+00:00,931ebc1c624c48f8927ac294217b8f29
2020-02-09,597.34,,ft,Approved,,2025-03-11T20:44:24.741023+00:00,931ebc1c624c48f8927ac294217b8f29
2020-02-10,597.35,,ft,Approved,,2025-03-11T20:44:24.741023+00:00,931ebc1c624c48f8927ac294217b8f29
2020-02-11,597.35,,ft,Approved,,2025-03-11T20:44:24.741023+00:00,931ebc1c624c48f8927ac294217b8f29
2020-02-12,597.77,,ft,Approved,,2025-03-11T20:44:24.741023+00:00,931ebc1c624c48f8927ac294217b8f29
2020-02-13,598.09,,ft,Approved,,2025-03-11T20:44:24.741023+00:00,931ebc1c624c48f8927ac294217b8f29
2020-02-14,598.2,,ft,Approved,,2025-03-11T20:44:24.741023+00:00,931ebc1c624c48f8927ac294217b8f29
2020-02-15,598.22,,ft,Approved,,2025-03-11T20:44:24.741023+00:00,931ebc1c624c48f8927ac294217b8f29
2020-02-16,598.27,,ft,Approved,,2025-03-11T20:44:24.741023+00:00,931ebc1c624c48f8927ac294217b8f29
2020-02-17,598.29,,ft,Approved,,2025-03-11T20:44:24.741023+00:00,931ebc1c624c48f8927ac294217b8f29
2020-02-18,598.28,,ft,Approved,,2025-03-11T20:44:24.741023+00:00,931ebc1c624c48f8927ac294217b8f29
2020-02-19,598.26,,ft,Approved,,2025-03-11T20:44:24.741023+00:00,931ebc1c624c48f8927ac294217b8f29
2020-02-20,598.3,,ft,Approved,,2025-03-11T20:44:24.741023+00:00,931ebc1c624c48f8927ac294217b8f29
2020-02-21,598.33,,ft,Approved,,2025-03-11T20:44:24.741023+00:00,931ebc1c624c48f8927ac294217b8f29
2020-02-22,598.35,,ft,Approved,,2025-03-11T20:44:24.741023+00:00,931ebc1c624c48f8927ac294217b8f29
2020-02-23,598.35,,ft,Approved,,2025-03-11T20:44:24.741023+00:00,931ebc1c624c48f8927ac294217b8f29
2020-02-24,598.37,,ft,Approved,,2025-03-11T20:44:24.741023+00:00,931ebc1c624c48f8927ac294217b8f29
2020-02-25,598.37,,ft,Approved,,2025-03-11T20:44:24.741023+00:00,931ebc1c624c48f8927ac294217b8f29
2020-02-26,598.35,,ft,Approved,,2025-03-11T20:44:24.741023+00:00,931ebc1c624c48f8927ac294217b8f29
2020-02-27,598.34,,ft,Approved,,2025-03-11T20:44:24.741023+00:00,931ebc1c624c48f8927ac294217b8f29
2020-02-28,598.33,,ft,Approved,,2025-03-11T20:44:24.741023+00:00,931ebc1c624c48f8927ac294217b8f29
2020-02-29,598.31,,ft,Approved,,2025-03-11T20:44:24.741023+00:00,931ebc1c624c48f8927ac294217b8f29
2020-03-01,598.3,,ft,Approved,,2025-03-11T20:44:24.741023+00:00,931ebc1c624c48f8927ac294217b8f29
2020-03-02,598.3,,ft,Approved,,2025-03-11T20:44:24.741023+00:00,931ebc1c624c48f8927ac294217b8f29
2020-03-03,598.3,,ft,Approved,,2025-03-11T20:44:24.741023+00:00,931ebc1c624c48f8927ac294217b8f29
2020-03-04,598.34,,ft,Approved,,2025-03-11T20:44:24.741023+00:00,931ebc1c624c48f8927ac294217b8f29
2020-03-05,598.37,,ft,Approved,,2025-03-11T20:44:24.741023+00:00,931ebc1c624c48f8927ac294217b8f29
2020-03-06,598.36,,ft,Approved,,2025-03-11T20:44:24.741023+00:00,931ebc1c624c48f8927ac294217b8f29
2020-03-07,598.36,,ft,Approved,,2025-03-11T20:44:24.741023+00:00,931ebc1c624c48f8927ac294217b8f29
2020-03-08,598.37,,ft,Approved,,2025-03-11T20:44:24.741023+00:00,931ebc1c624c48f8927ac294217b8f29
2020-03-09,598.36,,ft,Approved,,2025-03-11T20:44:24.741023+00:00,931ebc1c624c48f8927ac294217b8f29
2020-03-10,598.38,,ft,Approved,,2025-03-11T20:44:24.741023+00:00,931ebc1c624c48f8927ac294217b8f29
2020-03-11,598.39,,ft,Approved,,2025-03-11T20:44:24.741023+00:00,931ebc1c624c48f8927ac294217b8f29
2020-03-12,598.43,,ft,Approved,,2025-03-11T20:44:24.741023+00:00,931ebc1c624c48f8927ac294217b8f29
2020-03-13,598.43,,ft,Approved,,2025-03-11T20:44:24.741023+00:00,931ebc1c624c48f8927ac294217b8f29
2020-03-14,598.42,,ft,Approved,,2025-03-11T20:44:24.741023+00:00,931ebc1c624c48f8927ac294217b8f29
2020-03-15,598.41,,ft,Approved,,2025-03-11T20:44:24.741023+00:00,931ebc1c624c48f8927ac294217b8f29
2020-03-16,598.41,,ft,Approved,,2025-03-11T20:44:24.741023+00:00,931ebc1c624c48f8927ac294217b8f29
2020-03-17,598.4,,ft,Approved,,2025-03-11T20:44:24.741023+00:00,931ebc1c624c48f8927ac294217b8f29
2020-03-18,598.39,,ft,Approved,,2025-03-11T20:44:24.741023+00:00,931ebc1c624c48f8927ac294217b8f29
2020-03-19,598.37,,ft,Approved,,2025-03-11T20:44:24.741023+00:00,931ebc1c624c48f8927ac294217b8f29
2020-03-20,598.41,,ft,Approved,,2025-03-11T20:44:24.741023+00:00,931ebc1c624c48f8927ac294217b8f29
2020-03-21,598.67,,ft,Approved,,2025-03-11T20:44:24.741023+00:00,931ebc1c624c48f8927ac294217b8f29
2020-03-22,599.78,,ft,Approved,,2025-03-11T20:44:24.741023+00:00,931ebc1c624c48f8927ac294217b8f29
2020-03-23,599.71,,ft,Approved,,2025-03-11T20:44:24.741023+00:00,931ebc1c624c48f8927ac294217b8f29
2020-03-24,599.66,,ft,Approved,,2025-03-11T20:44:24.741023+00:00,931ebc1c624c48f8927ac294217b8f29
2020-03-25,599.63,,ft,Approved,,2025-03-11T20:44:24.741023+00:00,931ebc1c624c48f8927ac294217b8f29
2020-03-26,599.61,,ft,Approved,,2025-03-11T20:44:24.741023+00:00,931ebc1c624c48f8927ac294217b8f29
2020-03-27,599.61,,ft,Approved,,2025-03-11T20:44:24.741023+00:00,931ebc1c624c48f8927ac294217b8f29
2020-03-28,599.61,,ft,Approved,,2025-03-11T20:44:24.741023+00:00,931ebc1c624c48f8927ac294217b8f29
2020-03-29,599.59,,ft,Approved,,2025-03-11T20:44:24.741023+00:00,931ebc1c624c48f8927ac294217b8f29
2020-03-30,599.59,,ft,Approved,,2025-03-11T20:44:24.741023+00:00,931ebc1c624c48f8927ac294217b8f29
2020-03-31,599.62,,ft,Approved,,2025-03-11T20:44:24.741023+00:00,931ebc1c624c48f8927ac294217b8f29
2020-04-01,599.61,,ft,Approved,,2025-03-11T20:44:24.741023+00:00,931ebc1c624c48f8927ac294217b8f29
2020-04-02,599.62,,ft,Approved,,2025-03-11T20:44:24.741023+00:00,931ebc1c624c48f8927ac294217b8f29
2020-04-03,599.65,,ft,Approved,,2025-03-11T20:44:24.741023+00:00,931ebc1c624c48f8927ac294217b8f29
2020-04-04,599.73,,ft,Approved,,2025-03-11T20:44:24.741023+00:00,931ebc1c624c48f8927ac294217b8f29
2020-04-05,599.73,,ft,Approved,,2025-03-11T20:44:24.741023+00:00,931ebc1c624c48f8927ac294217b8f29
2020-04-06,599.68,,ft,Approved,,2025-03-11T20:44:24.741023+00:00,931ebc1c624c48f8927ac294217b8f29
2020-04-07,599.65,,ft,Approved,,2025-03-11T20:44:24.741023+00:00,931ebc1c624c48f8927ac294217b8f29
2020-04-08,599.64,,ft,Approved,,2025-03-11T20:44:24.741023+00:00,931ebc1c624c48f8927ac294217b8f29
2020-04-09,599.63,,ft,Approved,,2025-03-11T20:44:24.741023+00:00,931ebc1c624c48f8927ac294217b8f29
2020-04-10,599.64,,ft,Approved,,2025-03-11T20:44:24.741023+00:00,931ebc1c624c48f8927ac294217b8f29
2020-04-11,599.63,,ft,Approved,,2025-03-11T20:44:24.741023+00:00,931ebc1c624c48f8927ac294217b8f29
2020-04-12,599.62,,ft,Approved,,2025-03-11T20:44:24.741023+00:00,931ebc1c624c48f8927ac294217b8f29
2020-04-13,599.58,,ft,Approved,,2025-03-11T20:44:24.741023+00:00,931ebc1c624c48f8927ac294217b8f29
2020-04-14,599.56,,ft,Approved,,2025-03-11T20:44:24.741023+00:00,931ebc1c624c48f8927ac294217b8f29
2020-04-15,599.54,,ft,Approved,,2025-03-11T20:44:24.741023+00:00,931ebc1c624c48f8927ac294217b8f29
2020-04-16,599.53,,ft,Approved,,2025-03-11T20:44:24.741023+00:00,931ebc1c624c48f8927ac294217b8f29
2020-04-17,599.51,,ft,Approved,,2025-03-11T20:44:24.741023+00:00,931ebc1c624c48f8927ac294217b8f29
2020-04-18,599.5,,ft,Approved,,2025-03-11T20:44:24.741023+00:00,931ebc1c624c48f8927ac294217b8f29
2020-04-19,599.52,,ft,Approved,,2025-03-11T20:44:24.741023+00:00,931ebc1c624c48f8927ac294217b8f29
2020-04-20,599.51,,ft,Approved,,2025-03-11T20:44:24.741023+00:00,931ebc1c624c48f8927ac294217b8f29
2020-04-21,599.49,,ft,Approved,,2025-03-11T20:44:24.741023+00:00,931ebc1c624c48f8927ac294217b8f29
2020-04-22,599.53,,ft,Approved,,2025-03-11T20:44:24.741023+00:00,931ebc1c624c48f8927ac294217b8f29
2020-04-23,599.54,,ft,Approved,,2025-03-11T20:44:24.741023+00:00,931ebc1c624c48f8927ac294217b8f29
2020-04-24,599.53,,ft,Approved,,2025-03-11T20:44:24.741023+00:00,931ebc1c624c48f8927ac294217b8f29
2020-04-25,599.49,,ft,Approved,,2025-03-11T20:44:24.741023+00:00,931ebc1c624c48f8927ac294217b8f29
2020-04-26,599.48,,ft,Approved,,2025-03-11T20:44:24.741023+00:00,931ebc1c624c48f8927ac294217b8f29
2020-04-27,599.46,,ft,Approved,,2025-03-11T20:44:24.741023+00:00,931ebc1c624c48f8927ac294217b8f29
2020-04-28,599.45,,ft,Approved,,2025-03-11T20:44:24.741023+00:00,931ebc1c624c48f8927ac294217b8f29
2020-04-29,599.47,,ft,Approved,,2025-03-11T20:44:24.741023+00:00,931ebc1c624c48f8927ac294217b8f29
2020-04-30,599.47,,ft,Approved,,2025-03-11T20:44:24.741023+00:00,931ebc1c624c48f8927ac294217b8f29
2020-05-01,599.43,,ft,Approved,,2025-03-11T20:44:24.741023+00:00,931ebc1c624c48f8927ac294217b8f29
2020-05-02,599.43,,ft,Approved,,2025-03-11T20:44:24.741023+00:00,931ebc1c624c48f8927ac294217b8f29
2020-05-03,599.41,,ft,Approved,,2025-03-11T20:44:24.741023+00:00,931ebc1c624c48f8927ac294217b8f29
2020-05-04,599.37,,ft,Approved,,2025-03-11T20:44:24.741023+00:00,931ebc1c624c48f8927ac294217b8f29
2020-05-05,599.35,,ft,Approved,,2025-03-11T20:44:24.741023+00:00,931ebc1c624c48f8927ac294217b8f29
2020-05-06,599.32,,ft,Approved,,2025-03-11T20:44:24.741023+00:00,931ebc1c624c48f8927ac294217b8f29
2020-05-07,599.29,,ft,Approved,,2025-03-11T20:44:24.741023+00:00,931ebc1c624c48f8927ac294217b8f29
2020-05-08,599.31,,ft,Approved,,2025-03-11T20:44:24.741023+00:00,931ebc1c624c48f8927ac294217b8f29
2020-05-09,599.27,,ft,Approved,,2025-03-11T20:44:24.741023+00:00,931ebc1c624c48f8927ac294217b8f29
2020-05-10,599.23,,ft,Approved,,2025-03-11T20:44:24.741023+00:00,931ebc1c624c48f8927ac294217b8f29
2020-05-11,599.2,,ft,Approved,,2025-03-11T20:44:24.741023+00:00,931ebc1c624c48f8927ac294217b8f29
2020-05-12,599.23,,ft,Approved,,2025-03-11T20:44:24.741023+00:00,931ebc1c624c48f8927ac294217b8f29
2020-05-13,599.28,,ft,Approved,,2025-03-11T20:44:24.741023+00:00,931ebc1c624c48f8927ac294217b8f29
2020-05-14,599.27,,ft,Approved,,2025-03-11T20:44:24.741023+00:00,931ebc1c624c48f8927ac294217b8f29
2020-05-15,599.27,,ft,Approved,,2025-03-11T20:44:24.741023+00:00,931ebc1c624c48f8927ac294217b8f29
2020-05-16,599.38,,ft,Approved,,2025-03-11T20:44:24.741023+00:00,931ebc1c624c48f8927ac294217b8f29
2020-05-17,599.4,,ft,Approved,,2025-03-11T20:44:24.741023+00:00,931ebc1c624c48f8927ac294217b8f29
2020-05-18,599.39,,ft,Approved,,2025-03-11T20:44:24.741023+00:00,931ebc1c624c48f8927ac294217b8f29
2020-05-19,599.4,,ft,Approved,,2025-03-11T20:44:24.741023+00:00,931ebc1c624c48f8927ac294217b8f29
2020-05-20,599.37,,ft,Approved,,2025-03-11T20:44:24.741023+00:00,931ebc1c624c48f8927ac294217b8f29
2020-05-21,599.35,,ft,Approved,,2025-03-11T20:44:24.741023+00:00,931ebc1c624c48f8927ac294217b8f29
2020-05-22,599.32,,ft,Approved,,2025-03-11T20:44:24.741023+00:00,931ebc1c624c48f8927ac294217b8f29
2020-05-23,599.3,,ft,Approved,,2025-03-11T20:44:24.741023+00:00,931ebc1c624c48f8927ac294217b8f29
2020-05-24,599.26,,ft,Approved,,2025-03-11T20:44:24.741023+00:00,931ebc1c624c48f8927ac294217b8f29
2020-05-25,599.29,,ft,Approved,,2025-03-11T20:44:24.741023+00:00,931ebc1c624c48f8927ac294217b8f29
2020-05-26,599.27,,ft,Approved,,2025-03-11T20:44:24.741023+00:00,931ebc1c624c48f8927ac294217b8f29
2020-05-27,599.28,,ft,Approved,,2025-03-11T20:44:24.741023+00:00,931ebc1c624c48f8927ac294217b8f29
2020-05-28,599.39,,ft,Approved,,2025-03-11T20:44:24.741023+00:00,931ebc1c624c48f8927ac294217b8f29
2020-05-29,599.41,,ft,Approved,,2025-03-11T20:44:24.741023+00:00,931ebc1c624c48f8927ac294217b8f29
2020-05-30,599.41,,ft,Approved,,2025-03-11T20:44:24.741023+00:00,931ebc1c624c48f8927ac294217b8f29
2020-05-31,599.39,,ft,Approved,,2025-03-11T20:44:24.741023+00:00,931ebc1c624c48f8927ac294217b8f29
2020-06-01,599.4,,ft,Approved,,2025-03-11T20:44:24.741023+00:00,931ebc1c624c48f8927ac294217b8f29
2020-06-02,599.39,,ft,Approved,,2025-03-11T20:44:24.741023+00:00,931ebc1c624c48f8927ac294217b8f29
2020-06-03,599.37,,ft,Approved,,2025-03-11T20:44:24.741023+00:00,931ebc1c624c48f8927ac294217b8f29
2020-06-04,599.36,,ft,Approved,,2025-03-11T20:44:24.741023+00:00,931ebc1c624c48f8927ac294217b8f29
2020-06-05,599.33,,ft,Approved,,2025-03-11T20:44:24.741023+00:00,931ebc1c624c48f8927ac294217b8f29
2020-06-06,599.33,,ft,Approved,,2025-03-11T20:44:24.741023+00:00,931ebc1c624c48f8927ac294217b8f29
2020-06-07,599.31,,ft,Approved,,2025-03-11T20:44:24.741023+00:00,931ebc1c624c48f8927ac294217b8f29
2020-06-08,599.28,,ft,Approved,,2025-03-11T20:44:24.741023+00:00,931ebc1c624c48f8927ac294217b8f29
2020-06-09,599.26,,ft,Approved,,2025-03-11T20:44:24.741023+00:00,931ebc1c624c48f8927ac294217b8f29
2020-06-10,599.22,,ft,Approved,,2025-03-11T20:44:24.741023+00:00,931ebc1c624c48f8927ac294217b8f29
2020-06-11,599.19,,ft,Approved,,2025-03-11T20:44:24.741023+00:00,931ebc1c624c48f8927ac294217b8f29
2020-06-12,599.17,,ft,Approved,,2025-03-11T20:44:24.741023+00:00,931ebc1c624c48f8927ac294217b8f29
2020-06-13,599.15,,ft,Approved,,2025-03-11T20:44:24.741023+00:00,931ebc1c624c48f8927ac294217b8f29
2020-06-14,599.12,,ft,Approved,,2025-03-11T20:44:24.741023+00:00,931ebc1c624c48f8927ac294217b8f29
2020-06-15,599.1,,ft,Approved,,2025-03-11T20:44:24.741023+00:00,931ebc1c624c48f8927ac294217b8f29
2020-06-16,599.07,,ft,Approved,,2025-03-11T20:44:24.741023+00:00,931ebc1c624c48f8927ac294217b8f29
2020-06-17,599.03,,ft,Approved,,2025-03-11T20:44:24.741023+00:00,931ebc1c624c48f8927ac294217b8f29
2020-06-18,599.01,,ft,Approved,,2025-03-11T20:44:24.741023+00:00,931ebc1c624c48f8927ac294217b8f29
2020-06-19,599.02,,ft,Approved,,2025-03-11T20:44:24.741023+00:00,931ebc1c624c48f8927ac294217b8f29
2020-06-20,599.03,,ft,Approved,,2025-03-11T20:44:24.741023+00:00,931ebc1c624c48f8927ac294217b8f29
2020-06-21,599.0,,ft,Approved,,2025-03-11T20:44:24.741023+00:00,931ebc1c624c48f8927ac294217b8f29
2020-06-22,598.97,,ft,Approved,,2025-03-11T20:44:24.741023+00:00,931ebc1c624c48f8927ac294217b8f29
2020-06-23,599.03,,ft,Approved,,2025-03-11T20:44:24.741023+00:00,931ebc1c624c48f8927ac294217b8f29
2020-06-24,599.04,,ft,Approved,,2025-03-11T20:44:24.741023+00:00,931ebc1c624c48f8927ac294217b8f29
2020-06-25,599.04,,ft,Approved,,2025-03-11T20:44:24.741023+00:00,931ebc1c624c48f8927ac294217b8f29
2020-06-26,599.03,,ft,Approved,,2025-03-11T20:44:24.741023+00:00,931ebc1c624c48f8927ac294217b8f29
2020-06-27,599.04,,ft,Approved,,2025-03-11T20:44:24.741023+00:00,931ebc1c624c48f8927ac294217b8f29
2020-06-28,599.01,,ft,Approved,,2025-03-11T20:44:24.741023+00:00,931ebc1c624c48f8927ac294217b8f29
2020-06-29,598.99,,ft,Approved,,2025-03-11T20:44:24.741023+00:00,931ebc1c624c48f8927ac294217b8f29
2020-06-30,598.99,,ft,Approved,,2025-03-11T20:44:24.741023+00:00,931ebc1c624c48f8927ac294217b8f29
2020-07-01,598.98,,ft,Approved,,2025-03-11T20:44:24.741023+00:00,931ebc1c624c48f8927ac294217b8f29
2020-07-02,598.98,,ft,Approved,,2025-03-11T20:44:24.741023+00:00,931ebc1c624c48f8927ac294217b8f29
2020-07-03,598.97,,ft,Approved,,2025-03-11T20:44:24.741023+00:00,931ebc1c624c48f8927ac294217b8f29
2020-07-04,598.94,,ft,Approved,,2025-03-11T20:44:24.741023+00:00,931ebc1c624c48f8927ac294217b8f29
2020-07-05,598.91,,ft,Approved,,2025-03-11T20:44:24.741023+00:00,931ebc1c624c48f8927ac294217b8f29
2020-07-06,598.87,,ft,Approved,,2025-03-11T20:44:24.741023+00:00,931ebc1c624c48f8927ac294217b8f29
2020-07-07,598.86,,ft,Approved,,2025-03-11T20:44:24.741023+00:00,931ebc1c624c48f8927ac294217b8f29
2020-07-08,598.84,,ft,Approved,,2025-03-11T20:44:24.741023+00:00,931ebc1c624c48f8927ac294217b8f29
2020-07-09,598.83,,ft,Approved,,2025-03-11T20:44:24.741023+00:00,931ebc1c624c48f8927ac294217b8f29
2020-07-10,598.79,,ft,Approved,,2025-03-11T20:44:24.741023+00:00,931ebc1c624c48f8927ac294217b8f29
2020-07-11,598.74,,ft,Approved,,2025-03-11T20:44:24.741023+00:00,931ebc1c624c48f8927ac294217b8f29
2020-07-12,598.71,,ft,Approved,,2025-03-11T20:44:24.741023+00:00,931ebc1c624c48f8927ac294217b8f29
2020-07-13,598.68,,ft,Approved,,2025-03-11T20:44:24.741023+00:00,931ebc1c624c48f8927ac294217b8f29
2020-07-14,598.64,,ft,Approved,,2025-03-11T20:44:24.741023+00:00,931ebc1c624c48f8927ac294217b8f29
2020-07-15,598.62,,ft,Approved,,2025-03-11T20:44:24.741023+00:00,931ebc1c624c48f8927ac294217b8f29
2020-07-16,598.58,,ft,Approved,,2025-03-11T20:44:24.741023+00:00,931ebc1c624c48f8927ac294217b8f29
2020-07-17,598.56,,ft,Approved,,2025-03-11T20:44:24.741023+00:00,931ebc1c624c48f8927ac294217b8f29
2020-07-18,598.52,,ft,Approved,,2025-03-11T20:44:24.741023+00:00,931ebc1c624c48f8927ac294217b8f29
2020-07-19,598.57,,ft,Approved,,2025-03-11T20:44:24.741023+00:00,931ebc1c624c48f8927ac294217b8f29
2020-07-20,598.53,,ft,Approved,,2025-03-11T20:44:24.741023+00:00,931ebc1c624c48f8927ac294217b8f29
2020-07-21,598.5,,ft,Approved,,2025-03-11T20:44:24.741023+00:00,931ebc1c624c48f8927ac294217b8f29
2020-07-22,598.48,,ft,Approved,,2025-03-11T20:44:24.741023+00:00,931ebc1c624c48f8927ac294217b8f29
2020-07-23,598.46,,ft,Approved,,2025-03-11T20:44:24.741023+00:00,931ebc1c624c48f8927ac294217b8f29
2020-07-24,598.44,,ft,Approved,,2025-03-11T20:44:24.741023+00:00,931ebc1c624c48f8927ac294217b8f29
2020-07-25,598.41,,ft,Approved,,2025-03-11T20:44:24.741023+00:00,931ebc1c624c48f8927ac294217b8f29
2020-07-26,598.38,,ft,Approved,,2025-03-11T20:44:24.741023+00:00,931ebc1c624c48f8927ac294217b8f29
2020-07-27,598.37,,ft,Approved,,2025-03-11T20:44:24.741023+00:00,931ebc1c624c48f8927ac294217b8f29
2020-07-28,598.36,,ft,Approved,,2025-03-11T20:44:24.741023+00:00,931ebc1c624c48f8927ac294217b8f29
2020-07-29,598.33,,ft,Approved,,2025-03-11T20:44:24.741023+00:00,931ebc1c624c48f8927ac294217b8f29
2020-07-30,598.3,,ft,Approved,,2025-03-11T20:44:24.741023+00:00,931ebc1c624c48f8927ac294217b8f29
2020-07-31,598.28,,ft,Approved,,2025-03-11T20:44:24.741023+00:00,931ebc1c624c48f8927ac294217b8f29
2020-08-01,598.29,,ft,Approved,,2025-03-11T20:44:24.741023+00:00,931ebc1c624c48f8927ac294217b8f29
2020-08-02,598.28,,ft,Approved,,2025-03-11T20:44:24.741023+00:00,931ebc1c624c48f8927ac294217b8f29
2020-08-03,598.25,,ft,Approved,,2025-03-11T20:44:24.741023+00:00,931ebc1c624c48f8927ac294217b8f29
2020-08-04,598.24,,ft,Approved,,2025-03-11T20:44:24.741023+00:00,931ebc1c624c48f8927ac294217b8f29
2020-08-05,598.21,,ft,Approved,,2025-03-11T20:44:24.741023+00:00,931ebc1c624c48f8927ac294217b8f29
2020-08-06,598.18,,ft,Approved,,2025-03-11T20:44:24.741023+00:00,931ebc1c624c48f8927ac294217b8f29
2020-08-07,598.13,,ft,Approved,,2025-03-11T20:44:24.741023+00:00,931ebc1c624c48f8927ac294217b8f29
2020-08-08,598.1,,ft,Approved,,2025-03-11T20:44:24.741023+00:00,931ebc1c624c48f8927ac294217b8f29
2020-08-09,598.08,,ft,Approved,,2025-03-11T20:44:24.741023+00:00,931ebc1c624c48f8927ac294217b8f29
2020-08-10,598.04,,ft,Approved,,2025-03-11T20:44:24.741023+00:00,931ebc1c624c48f8927ac294217b8f29
2020-08-11,598.02,,ft,Approved,,2025-03-11T20:44:24.741023+00:00,931ebc1c624c48f8927ac294217b8f29
2020-08-12,598.0,,ft,Approved,,2025-03-11T20:44:24.741023+00:00,931ebc1c624c48f8927ac294217b8f29
2020-08-13,597.97,,ft,Approved,,2025-03-11T20:44:24.741023+00:00,931ebc1c624c48f8927ac294217b8f29
2020-08-14,597.95,,ft,Approved,,2025-03-11T20:44:24.741023+00:00,931ebc1c624c48f8927ac294217b8f29
2020-08-15,597.95,,ft,Approved,,2025-03-11T20:44:24.741023+00:00,931ebc1c624c48f8927ac294217b8f29
2020-08-16,597.94,,ft,Approved,,2025-03-11T20:44:24.741023+00:00,931ebc1c624c48f8927ac294217b8f29
2020-08-17,597.94,,ft,Approved,,2025-03-11T20:44:24.741023+00:00,931ebc1c624c48f8927ac294217b8f29
2020-08-18,597.93,,ft,Approved,,2025-03-11T20:44:24.741023+00:00,931ebc1c624c48f8927ac294217b8f29
2020-08-19,597.92,,ft,Approved,,2025-03-11T20:44:24.741023+00:00,931ebc1c624c48f8927ac294217b8f29
2020-08-20,597.9,,ft,Approved,,2025-03-11T20:44:24.741023+00:00,931ebc1c624c48f8927ac294217b8f29
2020-08-21,597.9,,ft,Approved,,2025-03-11T20:44:24.741023+00:00,931ebc1c624c48f8927ac294217b8f29
2020-08-22,598.0,,ft,Approved,,2025-03-11T20:44:24.741023+00:00,931ebc1c624c48f8927ac294217b8f29
2020-08-23,598.01,,ft,Approved,,2025-03-11T20:44:24.741023+00:00,931ebc1c624c48f8927ac294217b8f29
2020-08-24,597.96,,ft,Approved,,2025-03-11T20:44:24.741023+00:00,931ebc1c624c48f8927ac294217b8f29
2020-08-25,597.91,,ft,Approved,,2025-03-11T20:44:24.741023+00:00,931ebc1c624c48f8927ac294217b8f29
2020-08-26,597.87,,ft,Approved,,2025-03-11T20:44:24.741023+00:00,931ebc1c624c48f8927ac294217b8f29
2020-08-27,597.84,,ft,Approved,,2025-03-11T20:44:24.741023+00:00,931ebc1c624c48f8927ac294217b8f29
2020-08-28,597.81,,ft,Approved,,2025-03-11T20:44:24.741023+00:00,931ebc1c624c48f8927ac294217b8f29
2020-08-29,597.78,,ft,Approved,,2025-03-11T20:44:24.741023+00:00,931ebc1c624c48f8927ac294217b8f29
2020-08-30,597.76,,ft,Approved,,2025-03-11T20:44:24.741023+00:00,931ebc1c624c48f8927ac294217b8f29
2020-08-31,597.74,,ft,Approved,,2025-03-11T20:44:24.741023+00:00,931ebc1c624c48f8927ac294217b8f29
2020-09-01,597.72,,ft,Approved,,2025-03-11T20:44:24.741023+00:00,931ebc1c624c48f8927ac294217b8f29
2020-09-15,597.77,,ft,Approved,,2025-03-11T20:44:24.741023+00:00,931ebc1c624c48f8927ac294217b8f29
2020-09-16,597.76,,ft,Approved,,2025-03-11T20:44:24.741023+00:00,931ebc1c624c48f8927ac294217b8f29
2020-09-17,597.75,,ft,Approved,,2025-03-11T20:44:24.741023+00:00,931ebc1c624c48f8927ac294217b8f29
2020-09-18,597.75,,ft,Approved,,2025-03-11T20:44:24.741023+00:00,931ebc1c624c48f8927ac294217b8f29
2020-09-19,597.73,,ft,Approved,,2025-03-11T20:44:24.741023+00:00,931ebc1c624c48f8927ac294217b8f29
2020-09-20,597.71,,ft,Approved,,2025-03-11T20:44:24.741023+00:00,931ebc1c624c48f8927ac294217b8f29
2020-09-21,597.71,,ft,Approved,,2025-03-11T20:44:24.741023+00:00,931ebc1c624c48f8927ac294217b8f29
2020-09-22,597.73,,ft,Approved,,2025-03-11T20:44:24.741023+00:00,931ebc1c624c48f8927ac294217b8f29
2020-09-23,597.71,,ft,Approved,,2025-03-11T20:44:24.741023+00:00,931ebc1c624c48f8927ac294217b8f29
2020-09-24,597.71,,ft,Approved,,2025-03-11T20:44:24.741023+00:00,931ebc1c624c48f8927ac294217b8f29
2020-09-25,597.71,,ft,Approved,,2025-03-11T20:44:24.741023+00:00,931ebc1c624c48f8927ac294217b8f29
2020-09-26,597.7,,ft,Approved,,2025-03-11T20:44:24.741023+00:00,931ebc1c624c48f8927ac294217b8f29
2020-09-27,597.7,,ft,Approved,,2025-03-11T20:44:24.741023+00:00,931ebc1c624c48f8927ac294217b8f29
2020-09-28,597.67,,ft,Approved,,2025-03-11T20:44:24.741023+00:00,931ebc1c624c48f8927ac294217b8f29
2020-09-29,597.63,,ft,Approved,,2025-03-11T20:44:24.741023+00:00,931ebc1c624c48f8927ac294217b8f29
2020-09-30,597.62,,ft,Approved,,2025-03-11T20:44:24.741023+00:00,931ebc1c624c48f8927ac294217b8f29
2020-10-01,597.6,,ft,Approved,,2025-03-11T20:44:24.741023+00:00,931ebc1c624c48f8927ac294217b8f29
2020-10-02,597.58,,ft,Approved,,2025-03-11T20:44:24.741023+00:00,931ebc1c624c48f8927ac294217b8f29
2020-10-03,597.56,,ft,Approved,,2025-03-11T20:44:24.741023+00:00,931ebc1c624c48f8927ac294217b8f29
2020-10-04,597.56,,ft,Approved,,2025-03-11T20:44:24.741023+00:00,931ebc1c624c48f8927ac294217b8f29
2020-10-05,597.55,,ft,Approved,,2025-03-11T20:44:24.741023+00:00,931ebc1c624c48f8927ac294217b8f29
2020-10-06,597.53,,ft,Approved,,2025-03-11T20:44:24.741023+00:00,931ebc1c624c48f8927ac294217b8f29
2020-10-07,597.52,,ft,Approved,,2025-03-11T20:44:24.741023+00:00,931ebc1c624c48f8927ac294217b8f29
2020-10-08,597.54,,ft,Approved,,2025-03-11T20:44:24.741023+00:00,931ebc1c624c48f8927ac294217b8f29
2020-10-09,597.53,,ft,Approved,,2025-03-11T20:44:24.741023+00:00,931ebc1c624c48f8927ac294217b8f29
2020-10-10,597.52,,ft,Approved,,2025-03-11T20:44:24.741023+00:00,931ebc1c624c48f8927ac294217b8f29
2020-10-11,597.51,,ft,Approved,,2025-03-11T20:44:24.741023+00:00,931ebc1c624c48f8927ac294217b8f29
2020-10-12,597.5,,ft,Approved,,2025-03-11T20:44:24.741023+00:00,931ebc1c624c48f8927ac294217b8f29
2020-10-13,597.49,,ft,Approved,,2025-03-11T20:44:24.741023+00:00,931ebc1c624c48f8927ac294217b8f29
2020-10-14,597.48,,ft,Approved,,2025-03-11T20:44:24.741023+00:00,931ebc1c624c48f8927ac294217b8f29
2020-10-15,597.46,,ft,Approved,,2025-03-11T20:44:24.741023+00:00,931ebc1c624c48f8927ac294217b8f29
2020-10-16,597.43,,ft,Approved,,2025-03-11T20:44:24.741023+00:00,931ebc1c624c48f8927ac294217b8f29
2020-10-17,597.42,,ft,Approved,,2025-03-11T20:44:24.741023+00:00,931ebc1c624c48f8927ac294217b8f29
2020-10-18,597.41,,ft,Approved,,2025-03-11T20:44:24.741023+00:00,931ebc1c624c48f8927ac294217b8f29
2020-10-19,597.4,,ft,Approved,,2025-03-11T20:44:24.741023+00:00,931ebc1c624c48f8927ac294217b8f29
2020-10-20,597.39,,ft,Approved,,2025-03-11T20:44:24.741023+00:00,931ebc1c624c48f8927ac294217b8f29
2020-10-21,597.38,,ft,Approved,,2025-03-11T20:44:24.741023+00:00,931ebc1c624c48f8927ac294217b8f29
2020-10-22,597.37,,ft,Approved,,2025-03-11T20:44:24.741023+00:00,931ebc1c624c48f8927ac294217b8f29
2020-10-23,597.35,,ft,Approved,,2025-03-11T20:44:24.741023+00:00,931ebc1c624c48f8927ac294217b8f29
2020-10-24,597.32,,ft,Approved,,2025-03-11T20:44:24.741023+00:00,931ebc1c624c48f8927ac294217b8f29
2020-10-25,597.31,,ft,Approved,,2025-03-11T20:44:24.741023+00:00,931ebc1c624c48f8927ac294217b8f29
2020-10-26,597.3,,ft,Approved,,2025-03-11T20:44:24.741023+00:00,931ebc1c624c48f8927ac294217b8f29
2020-10-27,597.27,,ft,Approved,,2025-03-11T20:44:24.741023+00:00,931ebc1c624c48f8927ac294217b8f29
2020-10-28,597.28,,ft,Approved,,2025-03-11T20:44:24.741023+00:00,931ebc1c624c48f8927ac294217b8f29
2020-10-29,597.27,,ft,Approved,,2025-03-11T20:44:24.741023+00:00,931ebc1c624c48f8927ac294217b8f29
2020-10-30,597.27,,ft,Approved,,2025-03-11T20:44:24.741023+00:00,931ebc1c624c48f8927ac294217b8f29
2020-10-31,597.27,,ft,Approved,,2025-03-11T20:44:24.741023+00:00,931ebc1c624c48f8927ac294217b8f29
2020-11-01,597.26,,ft,Approved,,2025-03-11T20:44:24.741023+00:00,931ebc1c624c48f8927ac294217b8f29
2020-11-02,597.25,,ft,Approved,,2025-03-11T20:44:24.741023+00:00,931ebc1c624c48f8927ac294217b8f29
2020-11-03,597.24,,ft,Approved,,2025-03-11T20:44:24.741023+00:00,931ebc1c624c48f8927ac294217b8f29
2020-11-04,597.24,,ft,Approved,,2025-03-11T20:44:24.741023+00:00,931ebc1c624c48f8927ac294217b8f29
2020-11-05,597.23,,ft,Approved,,2025-03-11T20:44:24.741023+00:00,931ebc1c624c48f8927ac294217b8f29
2020-11-06,597.24,,ft,Approved,,2025-03-11T20:44:24.741023+00:00,931ebc1c624c48f8927ac294217b8f29
2020-11-07,597.24,,ft,Approved,,2025-03-11T20:44:24.741023+00:00,931ebc1c624c48f8927ac294217b8f29
2020-11-08,597.24,,ft,Approved,,2025-03-11T20:44:24.741023+00:00,931ebc1c624c48f8927ac294217b8f29
2020-11-09,597.21,,ft,Approved,,2025-03-11T20:44:24.741023+00:00,931ebc1c624c48f8927ac294217b8f29
2020-11-10,597.21,,ft,Approved,,2025-03-11T20:44:24.741023+00:00,931ebc1c624c48f8927ac294217b8f29
2020-11-11,597.18,,ft,Approved,,2025-03-11T20:44:24.741023+00:00,931ebc1c624c48f8927ac294217b8f29
2020-11-12,597.17,,ft,Approved,,2025-03-11T20:44:24.741023+00:00,931ebc1c624c48f8927ac294217b8f29
2020-11-13,597.16,,ft,Approved,,2025-03-11T20:44:24.741023+00:00,931ebc1c624c48f8927ac294217b8f29
2020-11-14,597.16,,ft,Approved,,2025-03-11T20:44:24.741023+00:00,931ebc1c624c48f8927ac294217b8f29
2020-11-15,597.13,,ft,Approved,,2025-03-11T20:44:24.741023+00:00,931ebc1c624c48f8927ac294217b8f29
2020-11-16,597.1,,ft,Approved,,2025-03-11T20:44:24.741023+00:00,931ebc1c624c48f8927ac294217b8f29
2020-11-17,597.08,,ft,Approved,,2025-03-11T20:44:24.741023+00:00,931ebc1c624c48f8927ac294217b8f29
2020-11-18,597.07,,ft,Approved,,2025-03-11T20:44:24.741023+00:00,931ebc1c624c48f8927ac294217b8f29
2020-11-19,597.08,,ft,Approved,,2025-03-11T20:44:24.741023+00:00,931ebc1c624c48f8927ac294217b8f29
2020-11-20,597.08,,ft,Approved,,2025-03-11T20:44:24.741023+00:00,931ebc1c624c48f8927ac294217b8f29
2020-11-21,597.09,,ft,Approved,,2025-03-11T20:44:24.741023+00:00,931ebc1c624c48f8927ac294217b8f29
2020-11-22,597.08,,ft,Approved,,2025-03-11T20:44:24.741023+00:00,931ebc1c624c48f8927ac294217b8f29
2020-11-23,597.06,,ft,Approved,,2025-03-11T20:44:24.741023+00:00,931ebc1c624c48f8927ac294217b8f29
2020-11-24,597.06,,ft,Approved,,2025-03-11T20:44:24.741023+00:00,931ebc1c624c48f8927ac294217b8f29
2020-11-25,597.07,,ft,Approved,,2025-03-11T20:44:24.741023+00:00,931ebc1c624c48f8927ac294217b8f29
2020-11-26,597.06,,ft,Approved,,2025-03-11T20:44:24.741023+00:00,931ebc1c624c48f8927ac294217b8f29
2020-11-27,597.05,,ft,Approved,,2025-03-11T20:44:24.741023+00:00,931ebc1c624c48f8927ac294217b8f29
2020-11-28,597.05,,ft,Approved,,2025-03-11T20:44:24.741023+00:00,931ebc1c624c48f8927ac294217b8f29
2020-11-29,597.08,,ft,Approved,,2025-03-11T20:44:24.741023+00:00,931ebc1c624c48f8927ac294217b8f29
2020-11-30,597.05,,ft,Approved,,2025-03-11T20:44:24.741023+00:00,931ebc1c624c48f8927ac294217b8f29
2020-12-01,597.04,,ft,Approved,,2025-03-11T20:44:24.741023+00:00,931ebc1c624c48f8927ac294217b8f29
2020-12-02,597.02,,ft,Approved,,2025-03-11T20:44:24.741023+00:00,931ebc1c624c48f8927ac294217b8f29
2020-12-03,597.02,,ft,Approved,,2025-03-11T20:44:24.741023+00:00,931ebc1c624c48f8927ac294217b8f29
2020-12-04,597.01,,ft,Approved,,2025-03-11T20:44:24.741023+00:00,931ebc1c624c48f8927ac294217b8f29
2020-12-05,597.01,,ft,Approved,,2025-03-11T20:44:24.741023+00:00,931ebc1c624c48f8927ac294217b8f29
2020-12-06,597.02,,ft,Approved,,2025-03-11T20:44:24.741023+00:00,931ebc1c624c48f8927ac294217b8f29
2020-12-07,597.03,,ft,Approved,,2025-03-11T20:44:24.741023+00:00,931ebc1c624c48f8927ac294217b8f29
2020-12-08,597.04,,ft,Approved,,2025-03-11T20:44:24.741023+00:00,931ebc1c624c48f8927ac294217b8f29
2020-12-09,597.02,,ft,Approved,,2025-03-11T20:44:24.741023+00:00,931ebc1c624c48f8927ac294217b8f29
2020-12-10,597.01,,ft,Approved,,2025-03-11T20:44:24.741023+00:00,931ebc1c624c48f8927ac294217b8f29
2020-12-11,596.99,,ft,Approved,,2025-03-11T20:44:24.741023+00:00,931ebc1c624c48f8927ac294217b8f29
2020-12-12,596.98,,ft,Approved,,2025-03-11T20:44:24.741023+00:00,931ebc1c624c48f8927ac294217b8f29
2020-12-13,596.97,,ft,Approved,,2025-03-11T20:44:24.741023+00:00,931ebc1c624c48f8927ac294217b8f29
2020-12-14,596.97,,ft,Approved,,2025-03-11T20:44:24.741023+00:00,931ebc1c624c48f8927ac294217b8f29
2020-12-15,597.0,,ft,Approved,,2025-03-11T20:44:24.741023+00:00,931ebc1c624c48f8927ac294217b8f29
2020-12-16,597.0,,ft,Approved,,2025-03-11T20:44:24.741023+00:00,931ebc1c624c48f8927ac294217b8f29
2020-12-17,597.01,,ft,Approved,,2025-03-11T20:44:24.741023+00:00,931ebc1c624c48f8927ac294217b8f29
2020-12-18,597.04,,ft,Approved,,2025-03-11T20:44:24.741023+00:00,931ebc1c624c48f8927ac294217b8f29
2020-12-19,597.08,,ft,Approved,,2025-03-11T20:44:24.741023+00:00,931ebc1c624c48f8927ac294217b8f29
2020-12-20,597.05,,ft,Approved,,2025-03-11T20:44:24.741023+00:00,931ebc1c624c48f8927ac294217b8f29
2020-12-21,597.03,,ft,Approved,,2025-03-11T20:44:24.741023+00:00,931ebc1c624c48f8927ac294217b8f29
2020-12-22,597.03,,ft,Approved,,2025-03-11T20:44:24.741023+00:00,931ebc1c624c48f8927ac294217b8f29
2020-12-23,597.02,,ft,Approved,,2025-03-11T20:44:24.741023+00:00,931ebc1c624c48f8927ac294217b8f29
2020-12-24,596.99,,ft,Approved,,2025-03-11T20:44:24.741023+00:00,931ebc1c624c48f8927ac294217b8f29
2020-12-25,596.98,,ft,Approved,,2025-03-11T20:44:24.741023+00:00,931ebc1c624c48f8927ac294217b8f29
2020-12-26,596.98,,ft,Approved,,2025-03-11T20:44:24.741023+00:00,931ebc1c624c48f8927ac294217b8f29
2020-12-27,596.99,,ft,Approved,,2025-03-11T20:44:24.741023+00:00,931ebc1c624c48f8927ac294217b8f29
2020-12-28,596.98,,ft,Approved,,2025-03-11T20:44:24.741023+00:00,931ebc1c624c48f8927ac294217b8f29
2020-12-29,596.98,,ft,Approved,,2025-03-11T20:44:24.741023+00:00,931ebc1c624c48f8927ac294217b8f29
2020-12-30,597.0,,ft,Approved,,2025-03-11T20:44:24.741023+00:00,931ebc1c624c48f8927ac294217b8f29
2020-12-31,597.25,,ft,Approved,,2025-03-11T20:44:24.741023+00:00,931ebc1c624c48f8927ac294217b8f29
2021-01-01,597.6,,ft,Approved,,2025-03-11T20:44:24.741023+00:00,931ebc1c624c48f8927ac294217b8f29
2021-01-02,597.67,,ft,Approved,,2025-03-11T20:44:24.741023+00:00,931ebc1c624c48f8927ac294217b8f29
2021-01-03,597.68,,ft,Approved,,2025-03-11T20:44:24.741023+00:00,931ebc1c624c48f8927ac294217b8f29
2021-01-04,597.68,,ft,Approved,,2025-03-11T20:44:24.741023+00:00,931ebc1c624c48f8927ac294217b8f29
2021-01-05,597.68,,ft,Approved,,2025-03-11T20:44:24.741023+00:00,931ebc1c624c48f8927ac294217b8f29
2021-01-06,597.69,,ft,Approved,,2025-03-11T20:44:24.741023+00:00,931ebc1c624c48f8927ac294217b8f29
2021-01-07,597.69,,ft,Approved,,2025-03-11T20:44:24.741023+00:00,931ebc1c624c48f8927ac294217b8f29
2021-01-08,597.68,,ft,Approved,,2025-03-11T20:44:24.741023+00:00,931ebc1c624c48f8927ac294217b8f29
2021-01-09,597.68,,ft,Approved,,2025-03-11T20:44:24.741023+00:00,931ebc1c624c48f8927ac294217b8f29
2021-01-10,597.73,,ft,Approved,,2025-03-11T20:44:24.741023+00:00,931ebc1c624c48f8927ac294217b8f29
2021-01-11,597.85,,ft,Approved,,2025-03-11T20:44:24.741023+00:00,931ebc1c624c48f8927ac294217b8f29
2021-01-12,597.94,,ft,Approved,,2025-03-11T20:44:24.741023+00:00,931ebc1c624c48f8927ac294217b8f29
2021-01-13,598.0,,ft,Approved,,2025-03-11T20:44:24.741023+00:00,931ebc1c624c48f8927ac294217b8f29
2021-01-14,598.02,,ft,Approved,,2025-03-11T20:44:24.741023+00:00,931ebc1c624c48f8927ac294217b8f29
2021-01-15,598.02,,ft,Approved,,2025-03-11T20:44:24.741023+00:00,931ebc1c624c48f8927ac294217b8f29
2021-01-16,598.01,,ft,Approved,,2025-03-11T20:44:24.741023+00:00,931ebc1c624c48f8927ac294217b8f29
2021-01-17,598.01,,ft,Approved,,2025-03-11T20:44:24.741023+00:00,931ebc1c624c48f8927ac294217b8f29
2021-01-18,598.01,,ft,Approved,,2025-03-11T20:44:24.741023+00:00,931ebc1c624c48f8927ac294217b8f29
2021-01-19,598.02,,ft,Approved,,2025-03-11T20:44:24.741023+00:00,931ebc1c624c48f8927ac294217b8f29
2021-01-20,598.02,,ft,Approved,,2025-03-11T20:44:24.741023+00:00,931ebc1c624c48f8927ac294217b8f29
2021-01-21,598.04,,ft,Approved,,2025-03-11T20:44:24.741023+00:00,931ebc1c624c48f8927ac294217b8f29
2021-01-22,598.04,,ft,Approved,,2025-03-11T20:44:24.741023+00:00,931ebc1c624c48f8927ac294217b8f29
2021-01-23,598.04,,ft,Approved,,2025-03-11T20:44:24.741023+00:00,931ebc1c624c48f8927ac294217b8f29
2021-01-24,598.05,,ft,Approved,,2025-03-11T20:44:24.741023+00:00,931ebc1c624c48f8927ac294217b8f29
2021-01-25,598.05,,ft,Approved,,2025-03-11T20:44:24.741023+00:00,931ebc1c624c48f8927ac294217b8f29
2021-01-26,598.05,,ft,Approved,,2025-03-11T20:44:24.741023+00:00,931ebc1c624c48f8927ac294217b8f29
2021-01-27,598.03,,ft,Approved,,2025-03-11T20:44:24.741023+00:00,931ebc1c624c48f8927ac294217b8f29
2021-01-28,598.01,,ft,Approved,,2025-03-11T20:44:24.741023+00:00,931ebc1c624c48f8927ac294217b8f29
2021-01-29,598.01,,ft,Approved,,2025-03-11T20:44:24.741023+00:00,931ebc1c624c48f8927ac294217b8f29
2021-01-30,598.01,,ft,Approved,,2025-03-11T20:44:24.741023+00:00,931ebc1c624c48f8927ac294217b8f29
2021-01-31,598.01,,ft,Approved,,2025-03-11T20:44:24.741023+00:00,931ebc1c624c48f8927ac294217b8f29
2021-02-01,597.99,,ft,Approved,,2025-03-11T20:44:24.741023+00:00,931ebc1c624c48f8927ac294217b8f29
2021-02-02,597.98,,ft,Approved,,2025-03-11T20:44:24.741023+00:00,931ebc1c624c48f8927ac294217b8f29
2021-02-03,597.98,,ft,Approved,,2025-03-11T20:44:24.741023+00:00,931ebc1c624c48f8927ac294217b8f29
2021-02-04,598.01,,ft,Approved,,2026-01-15T23:25:46.983835+00:00,931ebc1c624c48f8927ac294217b8f29
2021-02-05,597.95,,ft,Approved,REVISED,2025-03-11T20:44:24.741023+00:00,931ebc1c624c48f8927ac294217b8f29
2021-02-06,597.98,,ft,Approved,REVISED,2025-03-11T20:44:24.741023+00:00,931ebc1c624c48f8927ac294217b8f29
2021-02-07,597.98,,ft,Approved,REVISED,2025-03-11T20:44:24.741023+00:00,931ebc1c624c48f8927ac294217b8f29
2021-02-08,597.99,,ft,Approved,REVISED,2025-03-11T20:44:24.741023+00:00,931ebc1c624c48f8927ac294217b8f29
2021-02-09,597.96,,ft,Approved,REVISED,2025-03-11T20:44:24.741023+00:00,931ebc1c624c48f8927ac294217b8f29
2021-02-10,597.94,,ft,Approved,REVISED,2025-03-11T20:44:24.741023+00:00,931ebc1c624c48f8927ac294217b8f29
2021-02-11,597.95,,ft,Approved,REVISED,2025-03-11T20:44:24.741023+00:00,931ebc1c624c48f8927ac294217b8f29
2021-02-12,597.96,,ft,Approved,REVISED,2025-03-11T20:44:24.741023+00:00,931ebc1c624c48f8927ac294217b8f29
2021-02-13,597.95,,ft,Approved,REVISED,2025-03-11T20:44:24.741023+00:00,931ebc1c624c48f8927ac294217b8f29
2021-02-14,597.95,,ft,Approved,REVISED,2025-03-11T20:44:24.741023+00:00,931ebc1c624c48f8927ac294217b8f29
2021-02-15,598.0,,ft,Approved,REVISED,2025-03-11T20:44:24.741023+00:00,931ebc1c624c48f8927ac294217b8f29
2021-02-16,598.0,,ft,Approved,REVISED,2025-03-11T20:44:24.741023+00:00,931ebc1c624c48f8927ac294217b8f29
2021-02-17,598.08,,ft,Approved,REVISED,2025-03-11T20:44:24.741023+00:00,931ebc1c624c48f8927ac294217b8f29
2021-02-18,598.13,,ft,Approved,REVISED,2025-03-11T20:44:24.741023+00:00,931ebc1c624c48f8927ac294217b8f29
2021-02-19,598.2,,ft,Approved,REVISED,2025-03-11T20:44:24.741023+00:00,931ebc1c624c48f8927ac294217b8f29
2021-02-20,598.36,,ft,Approved,REVISED,2025-03-11T20:44:24.741023+00:00,931ebc1c624c48f8927ac294217b8f29
2021-02-21,598.44,,ft,Approved,REVISED,2025-03-11T20:44:24.741023+00:00,931ebc1c624c48f8927ac294217b8f29
2021-02-22,598.49,,ft,Approved,REVISED,2025-03-11T20:44:24.741023+00:00,931ebc1c624c48f8927ac294217b8f29
2021-02-23,598.52,,ft,Approved,REVISED,2025-03-11T20:44:24.741023+00:00,931ebc1c624c48f8927ac294217b8f29
2021-02-24,598.55,,ft,Approved,REVISED,2025-03-11T20:44:24.741023+00:00,931ebc1c624c48f8927ac294217b8f29
2021-02-25,598.55,,ft,Approved,REVISED,2025-03-11T20:44:24.741023+00:00,931ebc1c624c48f8927ac294217b8f29
2021-02-26,598.56,,ft,Approved,REVISED,2025-03-11T20:44:24.741023+00:00,931ebc1c624c48f8927ac294217b8f29
2021-02-27,598.58,,ft,Approved,REVISED,2025-03-11T20:44:24.741023+00:00,931ebc1c624c48f8927ac294217b8f29
2021-02-28,598.61,,ft,Approved,REVISED,2025-03-11T20:44:24.741023+00:00,931ebc1c624c48f8927ac294217b8f29
2021-03-01,598.57,,ft,Approved,REVISED,2025-03-11T20:44:24.741023+00:00,931ebc1c624c48f8927ac294217b8f29
2021-03-02,598.57,,ft,Approved,REVISED,2025-03-11T20:44:24.741023+00:00,931ebc1c624c48f8927ac294217b8f29
2021-03-03,598.57,,ft,Approved,REVISED,2025-03-11T20:44:24.741023+00:00,931ebc1c624c48f8927ac294217b8f29
2021-03-04,598.57,,ft,Approved,REVISED,2025-03-11T20:44:24.741023+00:00,931ebc1c624c48f8927ac294217b8f29
2021-03-05,598.57,,ft,Approved,REVISED,2025-03-11T20:44:24.741023+00:00,931ebc1c624c48f8927ac294217b8f29
2021-03-06,598.55,,ft,Approved,REVISED,2025-03-11T20:44:24.741023+00:00,931ebc1c624c48f8927ac294217b8f29
2021-03-07,598.54,,ft,Approved,REVISED,2025-03-11T20:44:24.741023+00:00,931ebc1c624c48f8927ac294217b8f29
2021-03-08,598.53,,ft,Approved,REVISED,2025-03-11T20:44:24.741023+00:00,931ebc1c624c48f8927ac294217b8f29
2021-03-09,598.51,,ft,Approved,REVISED,2025-03-11T20:44:24.741023+00:00,931ebc1c624c48f8927ac294217b8f29
2021-03-10,598.5,,ft,Approved,REVISED,2025-03-11T20:44:24.741023+00:00,931ebc1c624c48f8927ac294217b8f29
2021-03-11,598.49,,ft,Approved,REVISED,2025-03-11T20:44:24.741023+00:00,931ebc1c624c48f8927ac294217b8f29
2021-03-12,598.49,,ft,Approved,REVISED,2025-03-11T20:44:24.741023+00:00,931ebc1c624c48f8927ac294217b8f29
2021-03-13,598.49,,ft,Approved,REVISED,2025-03-11T20:44:24.741023+00:00,931ebc1c624c48f8927ac294217b8f29
2021-03-14,598.49,,ft,Approved,REVISED,2025-03-11T20:44:24.741023+00:00,931ebc1c624c48f8927ac294217b8f29
2021-03-15,598.48,,ft,Approved,REVISED,2025-03-11T20:44:24.741023+00:00,931ebc1c624c48f8927ac294217b8f29
2021-03-16,598.48,,ft,Approved,REVISED,2025-03-11T20:44:24.741023+00:00,931ebc1c624c48f8927ac294217b8f29
2021-03-17,598.48,,ft,Approved,REVISED,2025-03-11T20:44:24.741023+00:00,931ebc1c624c48f8927ac294217b8f29
2021-03-18,598.45,,ft,Approved,REVISED,2025-03-11T20:44:24.741023+00:00,931ebc1c624c48f8927ac294217b8f29
2021-03-19,598.43,,ft,Approved,REVISED,2025-03-11T20:44:24.741023+00:00,931ebc1c624c48f8927ac294217b8f29
2021-03-20,598.43,,ft,Approved,REVISED,2025-03-11T20:44:24.741023+00:00,931ebc1c624c48f8927ac294217b8f29
2021-03-21,598.41,,ft,Approved,REVISED,2025-03-11T20:44:24.741023+00:00,931ebc1c624c48f8927ac294217b8f29
2021-03-22,598.39,,ft,Approved,REVISED,2025-03-11T20:44:24.741023+00:00,931ebc1c624c48f8927ac294217b8f29
2021-03-23,598.4,,ft,Approved,REVISED,2025-03-11T20:44:24.741023+00:00,931ebc1c624c48f8927ac294217b8f29
2021-03-24,598.39,,ft,Approved,REVISED,2025-03-11T20:44:24.741023+00:00,931ebc1c624c48f8927ac294217b8f29
2021-03-25,598.4,,ft,Approved,REVISED,2025-03-11T20:44:24.741023+00:00,931ebc1c624c48f8927ac294217b8f29
2021-03-26,598.38,,ft,Approved,REVISED,2025-03-11T20:44:24.741023+00:00,931ebc1c624c48f8927ac294217b8f29
2021-03-27,598.38,,ft,Approved,REVISED,2025-03-11T20:44:24.741023+00:00,931ebc1c624c48f8927ac294217b8f29
2021-03-28,598.35,,ft,Approved,REVISED,2025-03-11T20:44:24.741023+00:00,931ebc1c624c48f8927ac294217b8f29
2021-03-29,598.33,,ft,Approved,REVISED,2025-03-11T20:44:24.741023+00:00,931ebc1c624c48f8927ac294217b8f29
2021-03-30,598.32,,ft,Approved,REVISED,2025-03-11T20:44:24.741023+00:00,931ebc1c624c48f8927ac294217b8f29
2021-03-31,598.31,,ft,Approved,REVISED,2025-03-11T20:44:24.741023+00:00,931ebc1c624c48f8927ac294217b8f29
2021-04-01,598.29,,ft,Approved,REVISED,2025-03-11T20:44:24.741023+00:00,931ebc1c624c48f8927ac294217b8f29
2021-04-02,598.28,,ft,Approved,REVISED,2025-03-11T20:44:24.741023+00:00,931ebc1c624c48f8927ac294217b8f29
2021-04-03,598.27,,ft,Approved,REVISED,2025-03-11T20:44:24.741023+00:00,931ebc1c624c48f8927ac294217b8f29
2021-04-04,598.29,,ft,Approved,REVISED,2025-03-11T20:44:24.741023+00:00,931ebc1c624c48f8927ac294217b8f29
2021-04-05,598.28,,ft,Approved,REVISED,2025-03-11T20:44:24.741023+00:00,931ebc1c624c48f8927ac294217b8f29
2021-04-06,598.26,,ft,Approved,REVISED,2025-03-11T20:44:24.741023+00:00,931ebc1c624c48f8927ac294217b8f29
2021-04-07,598.24,,ft,Approved,REVISED,2025-03-11T20:44:24.741023+00:00,931ebc1c624c48f8927ac294217b8f29
2021-04-08,598.23,,ft,Approved,REVISED,2025-03-11T20:44:24.741023+00:00,931ebc1c624c48f8927ac294217b8f29
2021-04-09,598.22,,ft,Approved,REVISED,2025-03-11T20:44:24.741023+00:00,931ebc1c624c48f8927ac294217b8f29
2021-04-10,598.19,,ft,Approved,REVISED,2025-03-11T20:44:24.741023+00:00,931ebc1c624c48f8927ac294217b8f29
2021-04-11,598.17,,ft,Approved,REVISED,2025-03-11T20:44:24.741023+00:00,931ebc1c624c48f8927ac294217b8f29
2021-04-12,598.15,,ft,Approved,REVISED,2025-03-11T20:44:24.741023+00:00,931ebc1c624c48f8927ac294217b8f29
2021-04-13,598.15,,ft,Approved,REVISED,2025-03-11T20:44:24.741023+00:00,931ebc1c624c48f8927ac294217b8f29
2021-04-14,598.13,,ft,Approved,REVISED,2025-03-11T20:44:24.741023+00:00,931ebc1c624c48f8927ac294217b8f29
2021-04-15,598.14,,ft,Approved,REVISED,2025-03-11T20:44:24.741023+00:00,931ebc1c624c48f8927ac294217b8f29
2021-04-16,598.17,,ft,Approved,REVISED,2025-03-11T20:44:24.741023+00:00,931ebc1c624c48f8927ac294217b8f29
2021-04-17,598.17,,ft,Approved,REVISED,2025-03-11T20:44:24.741023+00:00,931ebc1c624c48f8927ac294217b8f29
2021-04-18,598.16,,ft,Approved,REVISED,2025-03-11T20:44:24.741023+00:00,931ebc1c624c48f8927ac294217b8f29
2021-04-19,598.15,,ft,Approved,REVISED,2025-03-11T20:44:24.741023+00:00,931ebc1c624c48f8927ac294217b8f29
2021-04-20,598.15,,ft,Approved,REVISED,2025-03-11T20:44:24.741023+00:00,931ebc1c624c48f8927ac294217b8f29
2021-04-21,598.11,,ft,Approved,REVISED,2025-03-11T20:44:24.741023+00:00,931ebc1c624c48f8927ac294217b8f29
2021-04-22,598.1,,ft,Approved,REVISED,2025-03-11T20:44:24.741023+00:00,931ebc1c624c48f8927ac294217b8f29
2021-04-23,598.14,,ft,Approved,REVISED,2025-03-11T20:44:24.741023+00:00,931ebc1c624c48f8927ac294217b8f29
2021-04-24,598.19,,ft,Approved,REVISED,2025-03-11T20:44:24.741023+00:00,931ebc1c624c48f8927ac294217b8f29
2021-04-25,598.19,,ft,Approved,REVISED,2025-03-11T20:44:24.741023+00:00,931ebc1c624c48f8927ac294217b8f29
2021-04-26,598.17,,ft,Approved,REVISED,2025-03-11T20:44:24.741023+00:00,931ebc1c624c48f8927ac294217b8f29
2021-04-27,598.15,,ft,Approved,REVISED,2025-03-11T20:44:24.741023+00:00,931ebc1c624c48f8927ac294217b8f29
2021-04-28,598.19,,ft,Approved,REVISED,2025-03-11T20:44:24.741023+00:00,931ebc1c624c48f8927ac294217b8f29
2021-04-29,598.16,,ft,Approved,REVISED,2025-03-11T20:44:24.741023+00:00,931ebc1c624c48f8927ac294217b8f29
2021-04-30,598.22,,ft,Approved,REVISED,2025-03-11T20:44:24.741023+00:00,931ebc1c624c48f8927ac294217b8f29
2021-05-01,599.17,,ft,Approved,REVISED,2025-03-11T20:44:24.741023+00:00,931ebc1c624c48f8927ac294217b8f29
2021-05-02,599.92,,ft,Approved,REVISED,2025-03-11T20:44:24.741023+00:00,931ebc1c624c48f8927ac294217b8f29
2021-05-03,599.72,,ft,Approved,REVISED,2025-03-11T20:44:24.741023+00:00,931ebc1c624c48f8927ac294217b8f29
2021-05-04,599.66,,ft,Approved,REVISED,2025-03-11T20:44:24.741023+00:00,931ebc1c624c48f8927ac294217b8f29
2021-05-05,599.64,,ft,Approved,REVISED,2025-03-11T20:44:24.741023+00:00,931ebc1c624c48f8927ac294217b8f29
2021-05-06,599.61,,ft,Approved,REVISED,2025-03-11T20:44:24.741023+00:00,931ebc1c624c48f8927ac294217b8f29
2021-05-07,599.6,,ft,Approved,,2026-01-15T23:25:46.983835+00:00,931ebc1c624c48f8927ac294217b8f29
2021-05-08,599.57,,ft,Approved,,2025-03-11T20:44:24.741023+00:00,931ebc1c624c48f8927ac294217b8f29
2021-05-09,599.55,,ft,Approved,,2025-03-11T20:44:24.741023+00:00,931ebc1c624c48f8927ac294217b8f29
2021-05-10,599.54,,ft,Approved,,2025-03-11T20:44:24.741023+00:00,931ebc1c624c48f8927ac294217b8f29
2021-05-11,599.52,,ft,Approved,,2025-03-11T20:44:24.741023+00:00,931ebc1c624c48f8927ac294217b8f29
2021-05-12,599.5,,ft,Approved,,2025-03-11T20:44:24.741023+00:00,931ebc1c624c48f8927ac294217b8f29
2021-05-13,599.49,,ft,Approved,,2025-03-11T20:44:24.741023+00:00,931ebc1c624c48f8927ac294217b8f29
2021-05-14,599.49,,ft,Approved,,2025-03-11T20:44:24.741023+00:00,931ebc1c624c48f8927ac294217b8f29
2021-05-15,599.47,,ft,Approved,,2025-03-11T20:44:24.741023+00:00,931ebc1c624c48f8927ac294217b8f29
2021-05-16,599.48,,ft,Approved,,2025-03-11T20:44:24.741023+00:00,931ebc1c624c48f8927ac294217b8f29
2021-05-17,599.49,,ft,Approved,,2025-03-11T20:44:24.741023+00:00,931ebc1c624c48f8927ac294217b8f29
2021-05-18,599.52,,ft,Approved,,2025-03-11T20:44:24.741023+00:00,931ebc1c624c48f8927ac294217b8f29
2021-05-19,599.64,,ft,Approved,,2025-03-11T20:44:24.741023+00:00,931ebc1c624c48f8927ac294217b8f29
2021-05-20,599.65,,ft,Approved,,2025-03-11T20:44:24.741023+00:00,931ebc1c624c48f8927ac294217b8f29
2021-05-21,599.64,,ft,Approved,,2025-03-11T20:44:24.741023+00:00,931ebc1c624c48f8927ac294217b8f29
2021-05-22,599.66,,ft,Approved,,2025-03-11T20:44:24.741023+00:00,931ebc1c624c48f8927ac294217b8f29
2021-05-23,599.69,,ft,Approved,,2025-03-11T20:44:24.741023+00:00,931ebc1c624c48f8927ac294217b8f29
2021-05-24,599.95,,ft,Approved,,2025-03-11T20:44:24.741023+00:00,931ebc1c624c48f8927ac294217b8f29
2021-05-25,599.81,,ft,Approved,,2025-03-11T20:44:24.741023+00:00,931ebc1c624c48f8927ac294217b8f29
2021-05-26,599.7,,ft,Approved,,2025-03-11T20:44:24.741023+00:00,931ebc1c624c48f8927ac294217b8f29
2021-05-27,599.66,,ft,Approved,,2025-03-11T20:44:24.741023+00:00,931ebc1c624c48f8927ac294217b8f29
2021-05-28,599.86,,ft,Approved,,2025-03-11T20:44:24.741023+00:00,931ebc1c624c48f8927ac294217b8f29
2021-05-29,600.08,,ft,Approved,,2025-03-11T20:44:24.741023+00:00,931ebc1c624c48f8927ac294217b8f29
2021-05-30,599.74,,ft,Approved,,2025-03-11T20:44:24.741023+00:00,931ebc1c624c48f8927ac294217b8f29
2021-05-31,599.78,,ft,Approved,,2025-03-11T20:44:24.741023+00:00,931ebc1c624c48f8927ac294217b8f29
2021-06-01,601.29,,ft,Approved,,2025-03-11T20:44:24.741023+00:00,931ebc1c624c48f8927ac294217b8f29
2021-06-02,600.08,,ft,Approved,,2025-03-11T20:44:24.741023+00:00,931ebc1c624c48f8927ac294217b8f29
2021-06-03,600.56,,ft,Approved,,2025-03-11T20:44:24.741023+00:00,931ebc1c624c48f8927ac294217b8f29
2021-06-04,599.92,,ft,Approved,,2025-03-11T20:44:24.741023+00:00,931ebc1c624c48f8927ac294217b8f29
2021-06-05,599.81,,ft,Approved,,2025-03-11T20:44:24.741023+00:00,931ebc1c624c48f8927ac294217b8f29
2021-06-06,599.74,,ft,Approved,,2025-03-11T20:44:24.741023+00:00,931ebc1c624c48f8927ac294217b8f29
2021-06-07,599.69,,ft,Approved,,2025-03-11T20:44:24.741023+00:00,931ebc1c624c48f8927ac294217b8f29
2021-06-08,599.67,,ft,Approved,,2025-03-11T20:44:24.741023+00:00,931ebc1c624c48f8927ac294217b8f29
2021-06-09,599.65,,ft,Approved,,2025-03-11T20:44:24.741023+00:00,931ebc1c624c48f8927ac294217b8f29
2021-06-10,599.63,,ft,Approved,,2025-03-11T20:44:24.741023+00:00,931ebc1c624c48f8927ac294217b8f29
2021-06-11,599.6,,ft,Approved,,2025-03-11T20:44:24.741023+00:00,931ebc1c624c48f8927ac294217b8f29
2021-06-12,599.58,,ft,Approved,,2025-03-11T20:44:24.741023+00:00,931ebc1c624c48f8927ac294217b8f29
2021-06-13,599.57,,ft,Approved,,2025-03-11T20:44:24.741023+00:00,931ebc1c624c48f8927ac294217b8f29
2021-06-14,599.57,,ft,Approved,,2025-03-11T20:44:24.741023+00:00,931ebc1c624c48f8927ac294217b8f29
2021-06-15,599.57,,ft,Approved,,2025-03-11T20:44:24.741023+00:00,931ebc1c624c48f8927ac294217b8f29
2021-06-16,599.54,,ft,Approved,,2025-03-11T20:44:24.741023+00:00,931ebc1c624c48f8927ac294217b8f29
2021-06-17,599.52,,ft,Approved,,2025-03-11T20:44:24.741023+00:00,931ebc1c624c48f8927ac294217b8f29
2021-06-18,599.5,,ft,Approved,,2025-03-11T20:44:24.741023+00:00,931ebc1c624c48f8927ac294217b8f29
2021-06-19,599.48,,ft,Approved,,2025-03-11T20:44:24.741023+00:00,931ebc1c624c48f8927ac294217b8f29
2021-06-20,599.46,,ft,Approved,,2025-03-11T20:44:24.741023+00:00,931ebc1c624c48f8927ac294217b8f29
2021-06-21,599.46,,ft,Approved,,2025-03-11T20:44:24.741023+00:00,931ebc1c624c48f8927ac294217b8f29
2021-06-22,599.44,,ft,Approved,,2025-03-11T20:44:24.741023+00:00,931ebc1c624c48f8927ac294217b8f29
2021-06-23,599.44,,ft,Approved,,2025-03-11T20:44:24.741023+00:00,931ebc1c624c48f8927ac294217b8f29
2021-06-24,599.44,,ft,Approved,,2025-03-11T20:44:24.741023+00:00,931ebc1c624c48f8927ac294217b8f29
2021-06-25,599.41,,ft,Approved,,2025-03-11T20:44:24.741023+00:00,931ebc1c624c48f8927ac294217b8f29
2021-06-26,599.4,,ft,Approved,,2025-03-11T20:44:24.741023+00:00,931ebc1c624c48f8927ac294217b8f29
2021-06-27,599.37,,ft,Approved,,2025-03-11T20:44:24.741023+00:00,931ebc1c624c48f8927ac294217b8f29
2021-06-28,599.35,,ft,Approved,,2025-03-11T20:44:24.741023+00:00,931ebc1c624c48f8927ac294217b8f29
2021-06-29,599.41,,ft,Approved,,2025-03-11T20:44:24.741023+00:00,931ebc1c624c48f8927ac294217b8f29
2021-06-30,599.45,,ft,Approved,,2025-03-11T20:44:24.741023+00:00,931ebc1c624c48f8927ac294217b8f29
2021-07-01,599.45,,ft,Approved,,2025-03-11T20:44:24.741023+00:00,931ebc1c624c48f8927ac294217b8f29
2021-07-02,599.43,,ft,Approved,,2025-03-11T20:44:24.741023+00:00,931ebc1c624c48f8927ac294217b8f29
2021-07-03,599.41,,ft,Approved,,2025-03-11T20:44:24.741023+00:00,931ebc1c624c48f8927ac294217b8f29
2021-07-04,599.63,,ft,Approved,,2025-03-11T20:44:24.741023+00:00,931ebc1c624c48f8927ac294217b8f29
2021-07-05,600.08,,ft,Approved,,2025-03-11T20:44:24.741023+00:00,931ebc1c624c48f8927ac294217b8f29
2021-07-06,599.85,,ft,Approved,,2025-03-11T20:44:24.741023+00:00,931ebc1c624c48f8927ac294217b8f29
2021-07-07,599.8,,ft,Approved,,2025-03-11T20:44:24.741023+00:00,931ebc1c624c48f8927ac294217b8f29
2021-07-08,599.77,,ft,Approved,,2025-03-11T20:44:24.741023+00:00,931ebc1c624c48f8927ac294217b8f29
2021-07-09,599.82,,ft,Approved,,2025-03-11T20:44:24.741023+00:00,931ebc1c624c48f8927ac294217b8f29
2021-07-10,599.85,,ft,Approved,,2025-03-11T20:44:24.741023+00:00,931ebc1c624c48f8927ac294217b8f29
2021-07-11,599.8,,ft,Approved,,2025-03-11T20:44:24.741023+00:00,931ebc1c624c48f8927ac294217b8f29
2021-07-12,599.74,,ft,Approved,,2025-03-11T20:44:24.741023+00:00,931ebc1c624c48f8927ac294217b8f29
2021-07-13,599.73,,ft,Approved,,2025-03-11T20:44:24.741023+00:00,931ebc1c624c48f8927ac294217b8f29
2021-07-14,599.72,,ft,Approved,,2025-03-11T20:44:24.741023+00:00,931ebc1c624c48f8927ac294217b8f29
2021-07-15,599.7,,ft,Approved,,2025-03-11T20:44:24.741023+00:00,931ebc1c624c48f8927ac294217b8f29
2021-07-16,599.66,,ft,Approved,,2025-03-11T20:44:24.741023+00:00,931ebc1c624c48f8927ac294217b8f29
2021-07-17,599.63,,ft,Approved,,2025-03-11T20:44:24.741023+00:00,931ebc1c624c48f8927ac294217b8f29
2021-07-18,599.63,,ft,Approved,,2025-03-11T20:44:24.741023+00:00,931ebc1c624c48f8927ac294217b8f29
2021-07-19,599.62,,ft,Approved,,2025-03-11T20:44:24.741023+00:00,931ebc1c624c48f8927ac294217b8f29
2021-07-20,599.6,,ft,Approved,,2025-03-11T20:44:24.741023+00:00,931ebc1c624c48f8927ac294217b8f29
2021-07-21,599.6,,ft,Approved,,2025-03-11T20:44:24.741023+00:00,931ebc1c624c48f8927ac294217b8f29
2021-07-22,599.59,,ft,Approved,,2025-03-11T20:44:24.741023+00:00,931ebc1c624c48f8927ac294217b8f29
2021-07-23,599.57,,ft,Approved,,2025-03-11T20:44:24.741023+00:00,931ebc1c624c48f8927ac294217b8f29
2021-07-24,599.54,,ft,Approved,,2025-03-11T20:44:24.741023+00:00,931ebc1c624c48f8927ac294217b8f29
2021-07-25,599.51,,ft,Approved,,2025-03-11T20:44:24.741023+00:00,931ebc1c624c48f8927ac294217b8f29
2021-07-26,599.49,,ft,Approved,,2025-03-11T20:44:24.741023+00:00,931ebc1c624c48f8927ac294217b8f29
2021-07-27,599.45,,ft,Approved,,2025-03-11T20:44:24.741023+00:00,931ebc1c624c48f8927ac294217b8f29
2021-07-28,599.45,,ft,Approved,,2025-03-11T20:44:24.741023+00:00,931ebc1c624c48f8927ac294217b8f29
2021-07-29,599.47,,ft,Approved,,2025-03-11T20:44:24.741023+00:00,931ebc1c624c48f8927ac294217b8f29
2021-07-30,599.45,,ft,Approved,,2025-03-11T20:44:24.741023+00:00,931ebc1c624c48f8927ac294217b8f29
2021-07-31,599.42,,ft,Approved,,2025-03-11T20:44:24.741023+00:00,931ebc1c624c48f8927ac294217b8f29
2021-08-01,599.39,,ft,Approved,,2025-03-11T20:44:24.741023+00:00,931ebc1c624c48f8927ac294217b8f29
2021-08-03,599.71,,ft,Approved,,2026-01-15T23:25:46.983835+00:00,931ebc1c624c48f8927ac294217b8f29
2021-08-04,599.69,,ft,Approved,,2025-03-11T20:44:24.741023+00:00,931ebc1c624c48f8927ac294217b8f29
2021-08-05,599.66,,ft,Approved,,2025-03-11T20:44:24.741023+00:00,931ebc1c624c48f8927ac294217b8f29
2021-08-06,599.62,,ft,Approved,,2025-03-11T20:44:24.741023+00:00,931ebc1c624c48f8927ac294217b8f29
2021-08-07,599.59,,ft,Approved,,2025-03-11T20:44:24.741023+00:00,931ebc1c624c48f8927ac294217b8f29
2021-08-08,599.57,,ft,Approved,,2025-03-11T20:44:24.741023+00:00,931ebc1c624c48f8927ac294217b8f29
2021-08-09,599.55,,ft,Approved,,2025-03-11T20:44:24.741023+00:00,931ebc1c624c48f8927ac294217b8f29
2021-08-10,599.52,,ft,Approved,,2025-03-11T20:44:24.741023+00:00,931ebc1c624c48f8927ac294217b8f29
2021-08-11,599.5,,ft,Approved,,2025-03-11T20:44:24.741023+00:00,931ebc1c624c48f8927ac294217b8f29
2021-08-12,599.48,,ft,Approved,,2025-03-11T20:44:24.741023+00:00,931ebc1c624c48f8927ac294217b8f29
2021-08-13,599.46,,ft,Approved,,2025-03-11T20:44:24.741023+00:00,931ebc1c624c48f8927ac294217b8f29
2021-08-14,599.44,,ft,Approved,,2025-03-11T20:44:24.741023+00:00,931ebc1c624c48f8927ac294217b8f29
2021-08-15,599.42,,ft,Approved,,2025-03-11T20:44:24.741023+00:00,931ebc1c624c48f8927ac294217b8f29
2021-08-16,599.41,,ft,Approved,,2025-03-11T20:44:24.741023+00:00,931ebc1c624c48f8927ac294217b8f29
2021-08-17,599.39,,ft,Approved,,2025-03-11T20:44:24.741023+00:00,931ebc1c624c48f8927ac294217b8f29
2021-08-18,599.37,,ft,Approved,,2025-03-11T20:44:24.741023+00:00,931ebc1c624c48f8927ac294217b8f29
2021-08-19,599.35,,ft,Approved,,2025-03-11T20:44:24.741023+00:00,931ebc1c624c48f8927ac294217b8f29
2021-08-20,599.33,,ft,Approved,,2025-03-11T20:44:24.741023+00:00,931ebc1c624c48f8927ac294217b8f29
2021-08-21,599.31,,ft,Approved,,2025-03-11T20:44:24.741023+00:00,931ebc1c624c48f8927ac294217b8f29
2021-08-22,599.29,,ft,Approved,,2025-03-11T20:44:24.741023+00:00,931ebc1c624c48f8927ac294217b8f29
2021-08-23,599.27,,ft,Approved,,2025-03-11T20:44:24.741023+00:00,931ebc1c624c48f8927ac294217b8f29
2021-08-24,599.25,,ft,Approved,,2025-03-11T20:44:24.741023+00:00,931ebc1c624c48f8927ac294217b8f29
2021-08-25,599.24,,ft,Approved,,2025-03-11T20:44:24.741023+00:00,931ebc1c624c48f8927ac294217b8f29
2021-08-26,599.22,,ft,Approved,,2025-03-11T20:44:24.741023+00:00,931ebc1c624c48f8927ac294217b8f29
2021-08-27,599.2,,ft,Approved,,2025-03-11T20:44:24.741023+00:00,931ebc1c624c48f8927ac294217b8f29
2021-08-28,599.18,,ft,Approved,,2025-03-11T20:44:24.741023+00:00,931ebc1c624c48f8927ac294217b8f29
2021-08-29,599.17,,ft,Approved,,2025-03-11T20:44:24.741023+00:00,931ebc1c624c48f8927ac294217b8f29
2021-08-30,599.15,,ft,Approved,,2025-03-11T20:44:24.741023+00:00,931ebc1c624c48f8927ac294217b8f29
2021-08-31,599.14,,ft,Approved,,2025-03-11T20:44:24.741023+00:00,931ebc1c624c48f8927ac294217b8f29
2021-09-01,599.11,,ft,Approved,,2025-03-11T20:44:24.741023+00:00,931ebc1c624c48f8927ac294217b8f29
2021-09-02,599.09,,ft,Approved,,2025-03-11T20:44:24.741023+00:00,931ebc1c624c48f8927ac294217b8f29
2021-09-03,599.07,,ft,Approved,,2025-03-11T20:44:24.741023+00:00,931ebc1c624c48f8927ac294217b8f29
2021-09-04,599.06,,ft,Approved,,2025-03-11T20:44:24.741023+00:00,931ebc1c624c48f8927ac294217b8f29
2021-09-05,599.03,,ft,Approved,,2025-03-11T20:44:24.741023+00:00,931ebc1c624c48f8927ac294217b8f29
2021-09-06,599.02,,ft,Approved,,2025-03-11T20:44:24.741023+00:00,931ebc1c624c48f8927ac294217b8f29
2021-09-07,599.0,,ft,Approved,,2025-03-11T20:44:24.741023+00:00,931ebc1c624c48f8927ac294217b8f29
2021-09-08,598.99,,ft,Approved,,2025-03-11T20:44:24.741023+00:00,931ebc1c624c48f8927ac294217b8f29
2021-09-09,598.96,,ft,Approved,,2025-03-11T20:44:24.741023+00:00,931ebc1c624c48f8927ac294217b8f29
2021-09-10,598.93,,ft,Approved,,2025-03-11T20:44:24.741023+00:00,931ebc1c624c48f8927ac294217b8f29
2021-09-11,598.91,,ft,Approved,,2025-03-11T20:44:24.741023+00:00,931ebc1c624c48f8927ac294217b8f29
2021-09-12,598.89,,ft,Approved,,2025-03-11T20:44:24.741023+00:00,931ebc1c624c48f8927ac294217b8f29
2021-09-13,598.87,,ft,Approved,,2025-03-11T20:44:24.741023+00:00,931ebc1c624c48f8927ac294217b8f29
2021-09-14,598.85,,ft,Approved,,2025-03-11T20:44:24.741023+00:00,931ebc1c624c48f8927ac294217b8f29
2021-09-15,598.83,,ft,Approved,,2025-03-11T20:44:24.741023+00:00,931ebc1c624c48f8927ac294217b8f29
2021-09-16,598.81,,ft,Approved,,2025-03-11T20:44:24.741023+00:00,931ebc1c624c48f8927ac294217b8f29
2021-09-17,598.79,,ft,Approved,,2025-03-11T20:44:24.741023+00:00,931ebc1c624c48f8927ac294217b8f29
2021-09-18,598.78,,ft,Approved,,2025-03-11T20:44:24.741023+00:00,931ebc1c624c48f8927ac294217b8f29
2021-09-19,598.75,,ft,Approved,,2025-03-11T20:44:24.741023+00:00,931ebc1c624c48f8927ac294217b8f29
2021-09-20,598.77,,ft,Approved,,2025-03-11T20:44:24.741023+00:00,931ebc1c624c48f8927ac294217b8f29
2021-09-21,598.74,,ft,Approved,,2025-03-11T20:44:24.741023+00:00,931ebc1c624c48f8927ac294217b8f29
2021-09-22,598.7,,ft,Approved,,2025-03-11T20:44:24.741023+00:00,931ebc1c624c48f8927ac294217b8f29
2021-09-23,598.68,,ft,Approved,,2025-03-11T20:44:24.741023+00:00,931ebc1c624c48f8927ac294217b8f29
2021-09-24,598.67,,ft,Approved,,2025-03-11T20:44:24.741023+00:00,931ebc1c624c48f8927ac294217b8f29
2021-09-25,598.66,,ft,Approved,,2025-03-11T20:44:24.741023+00:00,931ebc1c624c48f8927ac294217b8f29
2021-09-26,598.64,,ft,Approved,,2025-03-11T20:44:24.741023+00:00,931ebc1c624c48f8927ac294217b8f29
2021-09-27,598.64,,ft,Approved,,2025-03-11T20:44:24.741023+00:00,931ebc1c624c48f8927ac294217b8f29
2021-09-28,598.65,,ft,Approved,,2025-03-11T20:44:24.741023+00:00,931ebc1c624c48f8927ac294217b8f29
2021-09-29,599.02,,ft,Approved,,2025-03-11T20:44:24.741023+00:00,931ebc1c624c48f8927ac294217b8f29
2021-09-30,599.13,,ft,Approved,,2025-03-11T20:44:24.741023+00:00,931ebc1c624c48f8927ac294217b8f29
2021-10-01,599.18,,ft,Approved,,2025-03-11T20:44:24.741023+00:00,931ebc1c624c48f8927ac294217b8f29
2021-10-02,599.21,,ft,Approved,,2025-03-11T20:44:24.741023+00:00,931ebc1c624c48f8927ac294217b8f29
2021-10-03,599.23,,ft,Approved,,2025-03-11T20:44:24.741023+00:00,931ebc1c624c48f8927ac294217b8f29
2021-10-04,599.23,,ft,Approved,,2025-03-11T20:44:24.741023+00:00,931ebc1c624c48f8927ac294217b8f29
2021-10-05,599.21,,ft,Approved,,2025-03-11T20:44:24.741023+00:00,931ebc1c624c48f8927ac294217b8f29
2021-10-06,599.2,,ft,Approved,,2025-03-11T20:44:24.741023+00:00,931ebc1c624c48f8927ac294217b8f29
2021-10-07,599.19,,ft,Approved,,2025-03-11T20:44:24.741023+00:00,931ebc1c624c48f8927ac294217b8f29
2021-10-08,599.18,,ft,Approved,,2025-03-11T20:44:24.741023+00:00,931ebc1c624c48f8927ac294217b8f29
2021-10-09,599.17,,ft,Approved,,2025-03-11T20:44:24.741023+00:00,931ebc1c624c48f8927ac294217b8f29
2021-10-10,599.16,,ft,Approved,,2025-03-11T20:44:24.741023+00:00,931ebc1c624c48f8927ac294217b8f29
2021-10-11,599.18,,ft,Approved,,2025-03-11T20:44:24.741023+00:00,931ebc1c624c48f8927ac294217b8f29
2021-10-12,599.18,,ft,Approved,,2025-03-11T20:44:24.741023+00:00,931ebc1c624c48f8927ac294217b8f29
2021-10-13,599.2,,ft,Approved,,2025-03-11T20:44:24.741023+00:00,931ebc1c624c48f8927ac294217b8f29
2021-10-14,599.81,,ft,Approved,,2025-03-11T20:44:24.741023+00:00,931ebc1c624c48f8927ac294217b8f29
2021-10-15,599.75,,ft,Approved,,2025-03-11T20:44:24.741023+00:00,931ebc1c624c48f8927ac294217b8f29
2021-10-16,599.67,,ft,Approved,,2025-03-11T20:44:24.741023+00:00,931ebc1c624c48f8927ac294217b8f29
2021-10-17,599.64,,ft,Approved,,2025-03-11T20:44:24.741023+00:00,931ebc1c624c48f8927ac294217b8f29
2021-10-18,599.62,,ft,Approved,,2025-03-11T20:44:24.741023+00:00,931ebc1c624c48f8927ac294217b8f29
2021-10-19,599.61,,ft,Approved,,2025-03-11T20:44:24.741023+00:00,931ebc1c624c48f8927ac294217b8f29
2021-10-20,599.61,,ft,Approved,,2025-03-11T20:44:24.741023+00:00,931ebc1c624c48f8927ac294217b8f29
2021-10-21,599.61,,ft,Approved,,2025-03-11T20:44:24.741023+00:00,931ebc1c624c48f8927ac294217b8f29
2021-10-22,599.61,,ft,Approved,,2025-03-11T20:44:24.741023+00:00,931ebc1c624c48f8927ac294217b8f29
2021-10-23,599.61,,ft,Approved,,2025-03-11T20:44:24.741023+00:00,931ebc1c624c48f8927ac294217b8f29
2021-10-24,599.61,,ft,Approved,,2025-03-11T20:44:24.741023+00:00,931ebc1c624c48f8927ac294217b8f29
2021-10-25,599.61,,ft,Approved,,2025-03-11T20:44:24.741023+00:00,931ebc1c624c48f8927ac294217b8f29
2021-10-26,599.6,,ft,Approved,,2025-03-11T20:44:24.741023+00:00,931ebc1c624c48f8927ac294217b8f29
2021-10-27,599.62,,ft,Approved,,2025-03-11T20:44:24.741023+00:00,931ebc1c624c48f8927ac294217b8f29
2021-10-28,599.6,,ft,Approved,,2025-03-11T20:44:24.741023+00:00,931ebc1c624c48f8927ac294217b8f29
2021-10-29,599.58,,ft,Approved,,2025-03-11T20:44:24.741023+00:00,931ebc1c624c48f8927ac294217b8f29
2021-10-30,599.55,,ft,Approved,,2025-03-11T20:44:24.741023+00:00,931ebc1c624c48f8927ac294217b8f29
2021-10-31,599.55,,ft,Approved,,2025-03-11T20:44:24.741023+00:00,931ebc1c624c48f8927ac294217b8f29
2021-11-01,599.55,,ft,Approved,,2025-03-11T20:44:24.741023+00:00,931ebc1c624c48f8927ac294217b8f29
2021-11-02,599.54,,ft,Approved,,2025-03-11T20:44:24.741023+00:00,931ebc1c624c48f8927ac294217b8f29
2021-11-03,599.75,,ft,Approved,,2025-03-11T20:44:24.741023+00:00,931ebc1c624c48f8927ac294217b8f29
2021-11-04,599.83,,ft,Approved,,2025-03-11T20:44:24.741023+00:00,931ebc1c624c48f8927ac294217b8f29
2021-11-05,599.69,,ft,Approved,,2025-03-11T20:44:24.741023+00:00,931ebc1c624c48f8927ac294217b8f29
2021-11-06,599.64,,ft,Approved,,2025-03-11T20:44:24.741023+00:00,931ebc1c624c48f8927ac294217b8f29
2021-11-07,599.61,,ft,Approved,,2025-03-11T20:44:24.741023+00:00,931ebc1c624c48f8927ac294217b8f29
2021-11-08,599.59,,ft,Approved,,2025-03-11T20:44:24.741023+00:00,931ebc1c624c48f8927ac294217b8f29
2021-11-09,599.62,,ft,Approved,,2025-03-11T20:44:24.741023+00:00,931ebc1c624c48f8927ac294217b8f29
2021-11-10,599.6,,ft,Approved,,2025-03-11T20:44:24.741023+00:00,931ebc1c624c48f8927ac294217b8f29
2021-11-11,599.59,,ft,Approved,,2025-03-11T20:44:24.741023+00:00,931ebc1c624c48f8927ac294217b8f29
2021-11-12,599.57,,ft,Approved,,2025-03-11T20:44:24.741023+00:00,931ebc1c624c48f8927ac294217b8f29
2021-11-13,599.56,,ft,Approved,,2025-03-11T20:44:24.741023+00:00,931ebc1c624c48f8927ac294217b8f29
2021-11-14,599.55,,ft,Approved,,2025-03-11T20:44:24.741023+00:00,931ebc1c624c48f8927ac294217b8f29
2021-11-15,599.54,,ft,Approved,,2025-03-11T20:44:24.741023+00:00,931ebc1c624c48f8927ac294217b8f29
2021-11-16,599.54,,ft,Approved,,2025-03-11T20:44:24.741023+00:00,931ebc1c624c48f8927ac294217b8f29
2021-11-17,599.54,,ft,Approved,,2025-03-11T20:44:24.741023+00:00,931ebc1c624c48f8927ac294217b8f29
2021-11-18,599.51,,ft,Approved,,2025-03-11T20:44:24.741023+00:00,931ebc1c624c48f8927ac294217b8f29
2021-11-19,599.49,,ft,Approved,,2025-03-11T20:44:24.741023+00:00,931ebc1c624c48f8927ac294217b8f29
2021-11-20,599.48,,ft,Approved,,2025-03-11T20:44:24.741023+00:00,931ebc1c624c48f8927ac294217b8f29
2021-11-21,599.48,,ft,Approved,,2025-03-11T20:44:24.741023+00:00,931ebc1c624c48f8927ac294217b8f29
2021-11-22,599.46,,ft,Approved,,2025-03-11T20:44:24.741023+00:00,931ebc1c624c48f8927ac294217b8f29
2021-11-23,599.45,,ft,Approved,,2025-03-11T20:44:24.741023+00:00,931ebc1c624c48f8927ac294217b8f29
2021-11-24,599.45,,ft,Approved,,2025-03-11T20:44:24.741023+00:00,931ebc1c624c48f8927ac294217b8f29
2021-11-25,599.45,,ft,Approved,,2025-03-11T20:44:24.741023+00:00,931ebc1c624c48f8927ac294217b8f29
2021-11-26,599.43,,ft,Approved,,2025-03-11T20:44:24.741023+00:00,931ebc1c624c48f8927ac294217b8f29
2021-11-27,599.45,,ft,Approved,,2025-03-11T20:44:24.741023+00:00,931ebc1c624c48f8927ac294217b8f29
2021-11-28,599.47,,ft,Approved,,2025-03-11T20:44:24.741023+00:00,931ebc1c624c48f8927ac294217b8f29
2021-11-29,599.47,,ft,Approved,,2025-03-11T20:44:24.741023+00:00,931ebc1c624c48f8927ac294217b8f29
2021-11-30,599.47,,ft,Approved,,2025-03-11T20:44:24.741023+00:00,931ebc1c624c48f8927ac294217b8f29
2021-12-01,599.46,,ft,Approved,,2025-03-11T20:44:24.741023+00:00,931ebc1c624c48f8927ac294217b8f29
2021-12-02,599.46,,ft,Approved,,2025-03-11T20:44:24.741023+00:00,931ebc1c624c48f8927ac294217b8f29
2021-12-03,599.47,,ft,Approved,,2025-03-11T20:44:24.741023+00:00,931ebc1c624c48f8927ac294217b8f29
2021-12-04,599.46,,ft,Approved,,2025-03-11T20:44:24.741023+00:00,931ebc1c624c48f8927ac294217b8f29
2021-12-05,599.46,,ft,Approved,,2025-03-11T20:44:24.741023+00:00,931ebc1c624c48f8927ac294217b8f29
2021-12-06,599.44,,ft,Approved,,2025-03-11T20:44:24.741023+00:00,931ebc1c624c48f8927ac294217b8f29
2021-12-07,599.42,,ft,Approved,,2025-03-11T20:44:24.741023+00:00,931ebc1c624c48f8927ac294217b8f29
2021-12-08,599.42,,ft,Approved,,2025-03-11T20:44:24.741023+00:00,931ebc1c624c48f8927ac294217b8f29
2021-12-09,599.42,,ft,Approved,,2025-03-11T20:44:24.741023+00:00,931ebc1c624c48f8927ac294217b8f29
2021-12-10,599.42,,ft,Approved,,2025-03-11T20:44:24.741023+00:00,931ebc1c624c48f8927ac294217b8f29
2021-12-11,599.4,,ft,Approved,,2025-03-11T20:44:24.741023+00:00,931ebc1c624c48f8927ac294217b8f29
2021-12-12,599.38,,ft,Approved,,2025-03-11T20:44:24.741023+00:00,931ebc1c624c48f8927ac294217b8f29
2021-12-13,599.37,,ft,Approved,,2025-03-11T20:44:24.741023+00:00,931ebc1c624c48f8927ac294217b8f29
2021-12-14,599.37,,ft,Approved,,2025-03-11T20:44:24.741023+00:00,931ebc1c624c48f8927ac294217b8f29
2021-12-15,599.38,,ft,Approved,,2025-03-11T20:44:24.741023+00:00,931ebc1c624c48f8927ac294217b8f29
2021-12-16,599.38,,ft,Approved,,2025-03-11T20:44:24.741023+00:00,931ebc1c624c48f8927ac294217b8f29
2021-12-17,599.38,,ft,Approved,,2025-03-11T20:44:24.741023+00:00,931ebc1c624c48f8927ac294217b8f29
2021-12-18,602.12,,ft,Approved,,2025-03-11T20:44:24.741023+00:00,931ebc1c624c48f8927ac294217b8f29
2021-12-19,601.47,,ft,Approved,,2025-03-11T20:44:24.741023+00:00,931ebc1c624c48f8927ac294217b8f29
2021-12-20,599.82,,ft,Approved,,2025-03-11T20:44:24.741023+00:00,931ebc1c624c48f8927ac294217b8f29
2021-12-21,599.66,,ft,Approved,,2025-03-11T20:44:24.741023+00:00,931ebc1c624c48f8927ac294217b8f29
2021-12-22,599.63,,ft,Approved,,2025-03-11T20:44:24.741023+00:00,931ebc1c624c48f8927ac294217b8f29
2021-12-23,599.61,,ft,Approved,,2025-03-11T20:44:24.741023+00:00,931ebc1c624c48f8927ac294217b8f29
2021-12-24,599.59,,ft,Approved,,2025-03-11T20:44:24.741023+00:00,931ebc1c624c48f8927ac294217b8f29
2021-12-25,599.58,,ft,Approved,,2025-03-11T20:44:24.741023+00:00,931ebc1c624c48f8927ac294217b8f29
2021-12-26,599.58,,ft,Approved,,2025-03-11T20:44:24.741023+00:00,931ebc1c624c48f8927ac294217b8f29
2021-12-27,599.58,,ft,Approved,,2025-03-11T20:44:24.741023+00:00,931ebc1c624c48f8927ac294217b8f29
2021-12-28,599.57,,ft,Approved,,2025-03-11T20:44:24.741023+00:00,931ebc1c624c48f8927ac294217b8f29
2021-12-29,599.57,,ft,Approved,,2025-03-11T20:44:24.741023+00:00,931ebc1c624c48f8927ac294217b8f29
2021-12-30,599.57,,ft,Approved,,2025-03-11T20:44:24.741023+00:00,931ebc1c624c48f8927ac294217b8f29
2021-12-31,599.58,,ft,Approved,,2025-03-11T20:44:24.741023+00:00,931ebc1c624c48f8927ac294217b8f29
2022-01-01,599.57,,ft,Approved,,2025-03-11T20:44:24.741023+00:00,931ebc1c624c48f8927ac294217b8f29
2022-01-02,599.54,,ft,Approved,,2025-03-11T20:44:24.741023+00:00,931ebc1c624c48f8927ac294217b8f29
2022-01-03,599.53,,ft,Approved,,2025-03-11T20:44:24.741023+00:00,931ebc1c624c48f8927ac294217b8f29
2022-01-04,599.53,,ft,Approved,,2025-03-11T20:44:24.741023+00:00,931ebc1c624c48f8927ac294217b8f29
2022-01-05,599.53,,ft,Approved,,2025-03-11T20:44:24.741023+00:00,931ebc1c624c48f8927ac294217b8f29
2022-01-06,599.53,,ft,Approved,,2025-03-11T20:44:24.741023+00:00,931ebc1c624c48f8927ac294217b8f29
2022-01-07,599.53,,ft,Approved,,2025-03-11T20:44:24.741023+00:00,931ebc1c624c48f8927ac294217b8f29
2022-01-08,599.54,,ft,Approved,,2025-03-11T20:44:24.741023+00:00,931ebc1c624c48f8927ac294217b8f29
2022-01-09,599.55,,ft,Approved,,2025-03-11T20:44:24.741023+00:00,931ebc1c624c48f8927ac294217b8f29
2022-01-10,599.54,,ft,Approved,,2025-03-11T20:44:24.741023+00:00,931ebc1c624c48f8927ac294217b8f29
2022-01-11,599.54,,ft,Approved,,2025-03-11T20:44:24.741023+00:00,931ebc1c624c48f8927ac294217b8f29
2022-01-12,599.58,,ft,Approved,,2025-03-11T20:44:24.741023+00:00,931ebc1c624c48f8927ac294217b8f29
2022-01-13,599.57,,ft,Approved,,2025-03-11T20:44:24.741023+00:00,931ebc1c624c48f8927ac294217b8f29
2022-01-14,599.58,,ft,Approved,,2025-03-11T20:44:24.741023+00:00,931ebc1c624c48f8927ac294217b8f29
2022-01-15,599.55,,ft,Approved,,2025-03-11T20:44:24.741023+00:00,931ebc1c624c48f8927ac294217b8f29
2022-01-16,599.55,,ft,Approved,,2025-03-11T20:44:24.741023+00:00,931ebc1c624c48f8927ac294217b8f29
2022-01-17,599.54,,ft,Approved,,2025-03-11T20:44:24.741023+00:00,931ebc1c624c48f8927ac294217b8f29
2022-01-18,599.54,,ft,Approved,,2025-03-11T20:44:24.741023+00:00,931ebc1c624c48f8927ac294217b8f29
2022-01-19,599.53,,ft,Approved,,2025-03-11T20:44:24.741023+00:00,931ebc1c624c48f8927ac294217b8f29
2022-01-20,599.5,,ft,Approved,,2025-03-11T20:44:24.741023+00:00,931ebc1c624c48f8927ac294217b8f29
2022-01-21,599.49,,ft,Approved,,2025-03-11T20:44:24.741023+00:00,931ebc1c624c48f8927ac294217b8f29
2022-01-22,599.48,,ft,Approved,,2025-03-11T20:44:24.741023+00:00,931ebc1c624c48f8927ac294217b8f29
2022-01-23,599.48,,ft,Approved,,2025-03-11T20:44:24.741023+00:00,931ebc1c624c48f8927ac294217b8f29
2022-01-24,599.49,,ft,Approved,,2025-03-11T20:44:24.741023+00:00,931ebc1c624c48f8927ac294217b8f29
2022-01-25,599.5,,ft,Approved,,2025-03-11T20:44:24.741023+00:00,931ebc1c624c48f8927ac294217b8f29
2022-01-26,599.51,,ft,Approved,,2025-03-11T20:44:24.741023+00:00,931ebc1c624c48f8927ac294217b8f29
2022-01-27,599.51,,ft,Approved,,2025-03-11T20:44:24.741023+00:00,931ebc1c624c48f8927ac294217b8f29
2022-01-28,599.5,,ft,Approved,,2025-03-11T20:44:24.741023+00:00,931ebc1c624c48f8927ac294217b8f29
2022-01-29,599.5,,ft,Approved,,2025-03-11T20:44:24.741023+00:00,931ebc1c624c48f8927ac294217b8f29
2022-01-30,599.5,,ft,Approved,,2025-03-11T20:44:24.741023+00:00,931ebc1c624c48f8927ac294217b8f29
2022-01-31,599.82,,ft,Approved,,2025-03-11T20:44:24.741023+00:00,931ebc1c624c48f8927ac294217b8f29
2022-02-01,600.14,,ft,Approved,,2025-03-11T20:44:24.741023+00:00,931ebc1c624c48f8927ac294217b8f29
2022-02-02,599.78,,ft,Approved,,2025-03-11T20:44:24.741023+00:00,931ebc1c624c48f8927ac294217b8f29
2022-02-03,602.52,,ft,Approved,,2025-03-11T20:44:24.741023+00:00,931ebc1c624c48f8927ac294217b8f29
2022-02-04,600.56,,ft,Approved,,2025-03-11T20:44:24.741023+00:00,931ebc1c624c48f8927ac294217b8f29
2022-02-05,599.8,,ft,Approved,,2025-03-11T20:44:24.741023+00:00,931ebc1c624c48f8927ac294217b8f29
2022-02-06,599.73,,ft,Approved,,2025-03-11T20:44:24.741023+00:00,931ebc1c624c48f8927ac294217b8f29
2022-02-07,599.69,,ft,Approved,,2025-03-11T20:44:24.741023+00:00,931ebc1c624c48f8927ac294217b8f29
2022-02-08,599.68,,ft,Approved,,2025-03-11T20:44:24.741023+00:00,931ebc1c624c48f8927ac294217b8f29
2022-02-09,599.69,,ft,Approved,,2025-03-11T20:44:24.741023+00:00,931ebc1c624c48f8927ac294217b8f29
2022-02-10,599.7,,ft,Approved,,2025-03-11T20:44:24.741023+00:00,931ebc1c624c48f8927ac294217b8f29
2022-02-11,599.71,,ft,Approved,,2025-03-11T20:44:24.741023+00:00,931ebc1c624c48f8927ac294217b8f29
2022-02-12,599.71,,ft,Approved,,2025-03-11T20:44:24.741023+00:00,931ebc1c624c48f8927ac294217b8f29
2022-02-13,599.66,,ft,Approved,,2025-03-11T20:44:24.741023+00:00,931ebc1c624c48f8927ac294217b8f29
2022-02-14,599.66,,ft,Approved,,2025-03-11T20:44:24.741023+00:00,931ebc1c624c48f8927ac294217b8f29
2022-02-15,599.64,,ft,Approved,,2025-03-11T20:44:24.741023+00:00,931ebc1c624c48f8927ac294217b8f29
2022-02-16,599.63,,ft,Approved,,2025-03-11T20:44:24.741023+00:00,931ebc1c624c48f8927ac294217b8f29
2022-02-17,599.63,,ft,Approved,,2025-03-11T20:44:24.741023+00:00,931ebc1c624c48f8927ac294217b8f29
2022-02-18,599.62,,ft,Approved,,2025-03-11T20:44:24.741023+00:00,931ebc1c624c48f8927ac294217b8f29
2022-02-19,599.63,,ft,Approved,,2025-03-11T20:44:24.741023+00:00,931ebc1c624c48f8927ac294217b8f29
2022-02-20,599.64,,ft,Approved,,2025-03-11T20:44:24.741023+00:00,931ebc1c624c48f8927ac294217b8f29
2022-02-21,599.63,,ft,Approved,,2025-03-11T20:44:24.741023+00:00,931ebc1c624c48f8927ac294217b8f29
2022-02-22,599.63,,ft,Approved,,2025-03-11T20:44:24.741023+00:00,931ebc1c624c48f8927ac294217b8f29
2022-02-23,599.6,,ft,Approved,,2025-03-11T20:44:24.741023+00:00,931ebc1c624c48f8927ac294217b8f29
2022-02-24,599.6,,ft,Approved,,2025-03-11T20:44:24.741023+00:00,931ebc1c624c48f8927ac294217b8f29
2022-02-25,599.6,,ft,Approved,,2025-03-11T20:44:24.741023+00:00,931ebc1c624c48f8927ac294217b8f29
2022-02-26,599.61,,ft,Approved,,2025-03-11T20:44:24.741023+00:00,931ebc1c624c48f8927ac294217b8f29
2022-02-27,599.63,,ft,Approved,,2025-03-11T20:44:24.741023+00:00,931ebc1c624c48f8927ac294217b8f29
2022-02-28,599.63,,ft,Approved,,2025-03-11T20:44:24.741023+00:00,931ebc1c624c48f8927ac294217b8f29
2022-03-01,599.64,,ft,Approved,,2025-03-11T20:44:24.741023+00:00,931ebc1c624c48f8927ac294217b8f29
2022-03-02,599.62,,ft,Approved,,2025-03-11T20:44:24.741023+00:00,931ebc1c624c48f8927ac294217b8f29
2022-03-03,599.62,,ft,Approved,,2025-03-11T20:44:24.741023+00:00,931ebc1c624c48f8927ac294217b8f29
2022-03-04,599.62,,ft,Approved,,2025-03-11T20:44:24.741023+00:00,931ebc1c624c48f8927ac294217b8f29
2022-03-05,599.63,,ft,Approved,,2025-03-11T20:44:24.741023+00:00,931ebc1c624c48f8927ac294217b8f29
2022-03-06,599.62,,ft,Approved,,2025-03-11T20:44:24.741023+00:00,931ebc1c624c48f8927ac294217b8f29
2022-03-07,599.6,,ft,Approved,,2025-03-11T20:44:24.741023+00:00,931ebc1c624c48f8927ac294217b8f29
2022-03-08,599.6,,ft,Approved,,2025-03-11T20:44:24.741023+00:00,931ebc1c624c48f8927ac294217b8f29
2022-03-09,599.6,,ft,Approved,,2025-03-11T20:44:24.741023+00:00,931ebc1c624c48f8927ac294217b8f29
2022-03-10,599.59,,ft,Approved,,2025-03-11T20:44:24.741023+00:00,931ebc1c624c48f8927ac294217b8f29
2022-03-11,599.57,,ft,Approved,,2025-03-11T20:44:24.741023+00:00,931ebc1c624c48f8927ac294217b8f29
2022-03-12,599.56,,ft,Approved,,2025-03-11T20:44:24.741023+00:00,931ebc1c624c48f8927ac294217b8f29
2022-03-13,599.57,,ft,Approved,,2025-03-11T20:44:24.741023+00:00,931ebc1c624c48f8927ac294217b8f29
2022-03-14,599.56,,ft,Approved,,2025-03-11T20:44:24.741023+00:00,931ebc1c624c48f8927ac294217b8f29
2022-03-15,599.54,,ft,Approved,,2025-03-11T20:44:24.741023+00:00,931ebc1c624c48f8927ac294217b8f29
2022-03-16,599.54,,ft,Approved,,2025-03-11T20:44:24.741023+00:00,931ebc1c624c48f8927ac294217b8f29
2022-03-17,599.54,,ft,Approved,,2025-03-11T20:44:24.741023+00:00,931ebc1c624c48f8927ac294217b8f29
2022-03-18,599.52,,ft,Approved,,2025-03-11T20:44:24.741023+00:00,931ebc1c624c48f8927ac294217b8f29
2022-03-19,599.51,,ft,Approved,,2025-03-11T20:44:24.741023+00:00,931ebc1c624c48f8927ac294217b8f29
2022-03-20,599.51,,ft,Approved,,2025-03-11T20:44:24.741023+00:00,931ebc1c624c48f8927ac294217b8f29
2022-03-21,599.53,,ft,Approved,,2025-03-11T20:44:24.741023+00:00,931ebc1c624c48f8927ac294217b8f29
2022-03-22,599.62,,ft,Approved,,2025-03-11T20:44:24.741023+00:00,931ebc1c624c48f8927ac294217b8f29
2022-03-23,599.6,,ft,Approved,,2025-03-11T20:44:24.741023+00:00,931ebc1c624c48f8927ac294217b8f29
2022-03-24,599.58,,ft,Approved,,2025-03-11T20:44:24.741023+00:00,931ebc1c624c48f8927ac294217b8f29
2022-03-25,599.58,,ft,Approved,,2025-03-11T20:44:24.741023+00:00,931ebc1c624c48f8927ac294217b8f29
2022-03-26,599.57,,ft,Approved,,2025-03-11T20:44:24.741023+00:00,931ebc1c624c48f8927ac294217b8f29
2022-03-27,599.54,,ft,Approved,,2025-03-11T20:44:24.741023+00:00,931ebc1c624c48f8927ac294217b8f29
2022-03-28,599.52,,ft,Approved,,2025-03-11T20:44:24.741023+00:00,931ebc1c624c48f8927ac294217b8f29
2022-03-29,599.52,,ft,Approved,,2025-03-11T20:44:24.741023+00:00,931ebc1c624c48f8927ac294217b8f29
2022-03-30,599.51,,ft,Approved,,2025-03-11T20:44:24.741023+00:00,931ebc1c624c48f8927ac294217b8f29
2022-03-31,599.5,,ft,Approved,,2025-03-11T20:44:24.741023+00:00,931ebc1c624c48f8927ac294217b8f29
2022-04-01,599.49,,ft,Approved,,2025-03-11T20:44:24.741023+00:00,931ebc1c624c48f8927ac294217b8f29
2022-04-02,599.49,,ft,Approved,,2025-03-11T20:44:24.741023+00:00,931ebc1c624c48f8927ac294217b8f29
2022-04-03,599.48,,ft,Approved,,2025-03-11T20:44:24.741023+00:00,931ebc1c624c48f8927ac294217b8f29
2022-04-04,599.48,,ft,Approved,,2025-03-11T20:44:24.741023+00:00,931ebc1c624c48f8927ac294217b8f29
2022-04-05,599.47,,ft,Approved,,2025-03-11T20:44:24.741023+00:00,931ebc1c624c48f8927ac294217b8f29
2022-04-06,599.44,,ft,Approved,,2025-03-11T20:44:24.741023+00:00,931ebc1c624c48f8927ac294217b8f29
2022-04-07,599.4,,ft,Approved,,2025-03-11T20:44:24.741023+00:00,931ebc1c624c48f8927ac294217b8f29
2022-04-08,599.38,,ft,Approved,,2025-03-11T20:44:24.741023+00:00,931ebc1c624c48f8927ac294217b8f29
2022-04-09,599.38,,ft,Approved,,2025-03-11T20:44:24.741023+00:00,931ebc1c624c48f8927ac294217b8f29
2022-04-10,599.35,,ft,Approved,,2025-03-11T20:44:24.741023+00:00,931ebc1c624c48f8927ac294217b8f29
2022-04-11,599.33,,ft,Approved,,2025-03-11T20:44:24.741023+00:00,931ebc1c624c48f8927ac294217b8f29
2022-04-12,599.32,,ft,Approved,,2025-03-11T20:44:24.741023+00:00,931ebc1c624c48f8927ac294217b8f29
2022-04-13,599.3,,ft,Approved,,2025-03-11T20:44:24.741023+00:00,931ebc1c624c48f8927ac294217b8f29
2022-04-14,599.26,,ft,Approved,,2025-03-11T20:44:24.741023+00:00,931ebc1c624c48f8927ac294217b8f29
2022-04-15,599.24,,ft,Approved,,2025-03-11T20:44:24.741023+00:00,931ebc1c624c48f8927ac294217b8f29
2022-04-16,599.24,,ft,Approved,,2025-03-11T20:44:24.741023+00:00,931ebc1c624c48f8927ac294217b8f29
2022-04-17,599.23,,ft,Approved,,2025-03-11T20:44:24.741023+00:00,931ebc1c624c48f8927ac294217b8f29
2022-04-18,599.2,,ft,Approved,,2025-03-11T20:44:24.741023+00:00,931ebc1c624c48f8927ac294217b8f29
2022-04-19,599.19,,ft,Approved,,2025-03-11T20:44:24.741023+00:00,931ebc1c624c48f8927ac294217b8f29
2022-04-20,599.19,,ft,Approved,,2025-03-11T20:44:24.741023+00:00,931ebc1c624c48f8927ac294217b8f29
2022-04-21,599.18,,ft,Approved,,2025-03-11T20:44:24.741023+00:00,931ebc1c624c48f8927ac294217b8f29
2022-04-22,599.18,,ft,Approved,,2025-03-11T20:44:24.741023+00:00,931ebc1c624c48f8927ac294217b8f29
2022-04-23,599.17,,ft,Approved,,2025-03-11T20:44:24.741023+00:00,931ebc1c624c48f8927ac294217b8f29
2022-04-24,599.15,,ft,Approved,,2025-03-11T20:44:24.741023+00:00,931ebc1c624c48f8927ac294217b8f29
2022-04-25,599.16,,ft,Approved,,2025-03-11T20:44:24.741023+00:00,931ebc1c624c48f8927ac294217b8f29
2022-04-26,599.2,,ft,Approved,,2025-03-11T20:44:24.741023+00:00,931ebc1c624c48f8927ac294217b8f29
2022-04-27,599.19,,ft,Approved,,2025-03-11T20:44:24.741023+00:00,931ebc1c624c48f8927ac294217b8f29
2022-04-28,599.19,,ft,Approved,,2025-03-11T20:44:24.741023+00:00,931ebc1c624c48f8927ac294217b8f29
2022-04-29,599.18,,ft,Approved,,2025-03-11T20:44:24.741023+00:00,931ebc1c624c48f8927ac294217b8f29
2022-04-30,599.18,,ft,Approved,,2025-03-11T20:44:24.741023+00:00,931ebc1c624c48f8927ac294217b8f29
2022-05-01,599.19,,ft,Approved,,2025-03-11T20:44:24.741023+00:00,931ebc1c624c48f8927ac294217b8f29
2022-05-02,599.17,,ft,Approved,,2025-03-11T20:44:24.741023+00:00,931ebc1c624c48f8927ac294217b8f29
2022-05-03,599.15,,ft,Approved,,2025-03-11T20:44:24.741023+00:00,931ebc1c624c48f8927ac294217b8f29
2022-05-04,599.15,,ft,Approved,,2025-03-11T20:44:24.741023+00:00,931ebc1c624c48f8927ac294217b8f29
2022-05-05,599.16,,ft,Approved,,2025-03-11T20:44:24.741023+00:00,931ebc1c624c48f8927ac294217b8f29
2022-05-06,599.19,,ft,Approved,,2025-03-11T20:44:24.741023+00:00,931ebc1c624c48f8927ac294217b8f29
2022-05-07,599.18,,ft,Approved,,2025-03-11T20:44:24.741023+00:00,931ebc1c624c48f8927ac294217b8f29
2022-05-08,599.16,,ft,Approved,,2025-03-11T20:44:24.741023+00:00,931ebc1c624c48f8927ac294217b8f29
2022-05-09,599.14,,ft,Approved,,2025-03-11T20:44:24.741023+00:00,931ebc1c624c48f8927ac294217b8f29
2022-05-10,599.12,,ft,Approved,,2025-03-11T20:44:24.741023+00:00,931ebc1c624c48f8927ac294217b8f29
2022-05-11,599.1,,ft,Approved,,2025-03-11T20:44:24.741023+00:00,931ebc1c624c48f8927ac294217b8f29
2022-05-12,599.08,,ft,Approved,,2025-03-11T20:44:24.741023+00:00,931ebc1c624c48f8927ac294217b8f29
2022-05-13,599.06,,ft,Approved,,2025-03-11T20:44:24.741023+00:00,931ebc1c624c48f8927ac294217b8f29
2022-05-14,599.05,,ft,Approved,,2025-03-11T20:44:24.741023+00:00,931ebc1c624c48f8927ac294217b8f29
2022-05-15,599.03,,ft,Approved,,2025-03-11T20:44:24.741023+00:00,931ebc1c624c48f8927ac294217b8f29
2022-05-16,599.01,,ft,Approved,,2025-03-11T20:44:24.741023+00:00,931ebc1c624c48f8927ac294217b8f29
2022-05-17,598.97,,ft,Approved,,2025-03-11T20:44:24.741023+00:00,931ebc1c624c48f8927ac294217b8f29
2022-05-18,598.94,,ft,Approved,,2025-03-11T20:44:24.741023+00:00,931ebc1c624c48f8927ac294217b8f29
2022-05-19,598.92,,ft,Approved,,2025-03-11T20:44:24.741023+00:00,931ebc1c624c48f8927ac294217b8f29
2022-05-20,598.89,,ft,Approved,,2025-03-11T20:44:24.741023+00:00,931ebc1c624c48f8927ac294217b8f29
2022-05-21,598.87,,ft,Approved,,2025-03-11T20:44:24.741023+00:00,931ebc1c624c48f8927ac294217b8f29
2022-05-22,598.86,,ft,Approved,,2025-03-11T20:44:24.741023+00:00,931ebc1c624c48f8927ac294217b8f29
2022-05-23,598.83,,ft,Approved,,2025-03-11T20:44:24.741023+00:00,931ebc1c624c48f8927ac294217b8f29
2022-05-24,598.81,,ft,Approved,,2025-03-11T20:44:24.741023+00:00,931ebc1c624c48f8927ac294217b8f29
2022-05-25,598.87,,ft,Approved,,2025-03-11T20:44:24.741023+00:00,931ebc1c624c48f8927ac294217b8f29
2022-05-26,598.78,,ft,Approved,,2025-03-11T20:44:24.741023+00:00,931ebc1c624c48f8927ac294217b8f29
2022-05-27,598.36,,ft,Approved,,2025-03-11T20:44:24.741023+00:00,931ebc1c624c48f8927ac294217b8f29
2022-05-28,598.12,,ft,Approved,,2025-03-11T20:44:24.741023+00:00,931ebc1c624c48f8927ac294217b8f29
2022-05-29,597.99,,ft,Approved,,2025-03-11T20:44:24.741023+00:00,931ebc1c624c48f8927ac294217b8f29
2022-05-30,597.93,,ft,Approved,,2025-03-11T20:44:24.741023+00:00,931ebc1c624c48f8927ac294217b8f29
2022-05-31,597.91,,ft,Approved,,2025-03-11T20:44:24.741023+00:00,931ebc1c624c48f8927ac294217b8f29
2022-06-01,597.89,,ft,Approved,,2025-03-11T20:44:24.741023+00:00,931ebc1c624c48f8927ac294217b8f29
2023-03-15,596.44,,ft,Approved,,2026-01-15T23:25:46.983835+00:00,931ebc1c624c48f8927ac294217b8f29
2023-03-16,596.44,,ft,Approved,,2025-03-11T20:44:24.741023+00:00,931ebc1c624c48f8927ac294217b8f29
2023-03-17,596.44,,ft,Approved,,2025-03-11T20:44:24.741023+00:00,931ebc1c624c48f8927ac294217b8f29
2023-03-18,596.42,,ft,Approved,,2025-03-11T20:44:24.741023+00:00,931ebc1c624c48f8927ac294217b8f29
2023-03-19,596.41,,ft,Approved,,2025-03-11T20:44:24.741023+00:00,931ebc1c624c48f8927ac294217b8f29
2023-03-20,596.4,,ft,Approved,,2025-03-11T20:44:24.741023+00:00,931ebc1c624c48f8927ac294217b8f29
2023-03-21,596.42,,ft,Approved,,2025-03-11T20:44:24.741023+00:00,931ebc1c624c48f8927ac294217b8f29
2023-03-22,596.45,,ft,Approved,,2025-03-11T20:44:24.741023+00:00,931ebc1c624c48f8927ac294217b8f29
2023-03-23,596.45,,ft,Approved,,2025-03-11T20:44:24.741023+00:00,931ebc1c624c48f8927ac294217b8f29
2023-03-24,596.45,,ft,Approved,,2025-03-11T20:44:24.741023+00:00,931ebc1c624c48f8927ac294217b8f29
2023-03-25,596.43,,ft,Approved,,2025-03-11T20:44:24.741023+00:00,931ebc1c624c48f8927ac294217b8f29
2023-03-26,596.42,,ft,Approved,,2025-03-11T20:44:24.741023+00:00,931ebc1c624c48f8927ac294217b8f29
2023-03-27,596.4,,ft,Approved,,2025-03-11T20:44:24.741023+00:00,931ebc1c624c48f8927ac294217b8f29
2023-03-28,596.37,,ft,Approved,,2025-03-11T20:44:24.741023+00:00,931ebc1c624c48f8927ac294217b8f29
2023-03-29,596.35,,ft,Approved,,2025-03-11T20:44:24.741023+00:00,931ebc1c624c48f8927ac294217b8f29
2023-03-30,596.34,,ft,Approved,,2025-03-11T20:44:24.741023+00:00,931ebc1c624c48f8927ac294217b8f29
2023-03-31,596.35,,ft,Approved,,2025-03-11T20:44:24.741023+00:00,931ebc1c624c48f8927ac294217b8f29
2023-04-01,596.33,,ft,Approved,,2025-03-11T20:44:24.741023+00:00,931ebc1c624c48f8927ac294217b8f29
2023-04-02,596.32,,ft,Approved,,2025-03-11T20:44:24.741023+00:00,931ebc1c624c48f8927ac294217b8f29
2023-04-03,596.32,,ft,Approved,,2025-03-11T20:44:24.741023+00:00,931ebc1c624c48f8927ac294217b8f29
2023-04-04,596.31,,ft,Approved,,2025-03-11T20:44:24.741023+00:00,931ebc1c624c48f8927ac294217b8f29
2023-04-05,596.28,,ft,Approved,,2025-03-11T20:44:24.741023+00:00,931ebc1c624c48f8927ac294217b8f29
2023-04-06,596.4,,ft,Approved,,2025-03-11T20:44:24.741023+00:00,931ebc1c624c48f8927ac294217b8f29
2023-04-07,597.11,,ft,Approved,,2025-03-11T20:44:24.741023+00:00,931ebc1c624c48f8927ac294217b8f29
2023-04-08,597.47,,ft,Approved,,2025-03-11T20:44:24.741023+00:00,931ebc1c624c48f8927ac294217b8f29
2023-04-09,597.54,,ft,Approved,,2025-03-11T20:44:24.741023+00:00,931ebc1c624c48f8927ac294217b8f29
2023-04-10,597.57,,ft,Approved,,2025-03-11T20:44:24.741023+00:00,931ebc1c624c48f8927ac294217b8f29
2023-04-11,597.59,,ft,Approved,,2025-03-11T20:44:24.741023+00:00,931ebc1c624c48f8927ac294217b8f29
2023-04-12,597.59,,ft,Approved,,2025-03-11T20:44:24.741023+00:00,931ebc1c624c48f8927ac294217b8f29
2023-04-13,597.59,,ft,Approved,,2025-03-11T20:44:24.741023+00:00,931ebc1c624c48f8927ac294217b8f29
2023-04-14,597.58,,ft,Approved,,2025-03-11T20:44:24.741023+00:00,931ebc1c624c48f8927ac294217b8f29
2023-04-15,597.58,,ft,Approved,,2025-03-11T20:44:24.741023+00:00,931ebc1c624c48f8927ac294217b8f29
2023-04-16,597.55,,ft,Approved,,2025-03-11T20:44:24.741023+00:00,931ebc1c624c48f8927ac294217b8f29
2023-04-17,597.53,,ft,Approved,,2025-03-11T20:44:24.741023+00:00,931ebc1c624c48f8927ac294217b8f29
2023-04-18,597.51,,ft,Approved,,2025-03-11T20:44:24.741023+00:00,931ebc1c624c48f8927ac294217b8f29
2023-04-19,597.5,,ft,Approved,,2025-03-11T20:44:24.741023+00:00,931ebc1c624c48f8927ac294217b8f29
2023-04-20,597.83,,ft,Approved,,2025-03-11T20:44:24.741023+00:00,931ebc1c624c48f8927ac294217b8f29
2023-04-21,599.98,,ft,Approved,,2025-03-11T20:44:24.741023+00:00,931ebc1c624c48f8927ac294217b8f29
2023-04-22,599.77,,ft,Approved,,2025-03-11T20:44:24.741023+00:00,931ebc1c624c48f8927ac294217b8f29
2023-04-23,599.73,,ft,Approved,,2025-03-11T20:44:24.741023+00:00,931ebc1c624c48f8927ac294217b8f29
2023-04-24,599.72,,ft,Approved,,2025-03-11T20:44:24.741023+00:00,931ebc1c624c48f8927ac294217b8f29
2023-04-25,599.72,,ft,Approved,,2025-03-11T20:44:24.741023+00:00,931ebc1c624c48f8927ac294217b8f29
2023-04-26,599.74,,ft,Approved,,2025-03-11T20:44:24.741023+00:00,931ebc1c624c48f8927ac294217b8f29
2023-04-27,599.94,,ft,Approved,,2025-03-11T20:44:24.741023+00:00,931ebc1c624c48f8927ac294217b8f29
2023-04-28,599.83,,ft,Approved,,2025-03-11T20:44:24.741023+00:00,931ebc1c624c48f8927ac294217b8f29
2023-04-29,599.83,,ft,Approved,,2025-03-11T20:44:24.741023+00:00,931ebc1c624c48f8927ac294217b8f29
2023-04-30,599.75,,ft,Approved,,2025-03-11T20:44:24.741023+00:00,931ebc1c624c48f8927ac294217b8f29
2023-05-01,599.72,,ft,Approved,,2025-03-11T20:44:24.741023+00:00,931ebc1c624c48f8927ac294217b8f29
2023-05-02,599.72,,ft,Approved,,2025-03-11T20:44:24.741023+00:00,931ebc1c624c48f8927ac294217b8f29
2023-05-03,599.71,,ft,Approved,,2025-03-11T20:44:24.741023+00:00,931ebc1c624c48f8927ac294217b8f29
2023-05-04,599.7,,ft,Approved,,2025-03-11T20:44:24.741023+00:00,931ebc1c624c48f8927ac294217b8f29
2023-05-05,599.7,,ft,Approved,,2025-03-11T20:44:24.741023+00:00,931ebc1c624c48f8927ac294217b8f29
2023-05-06,599.78,,ft,Approved,,2025-03-11T20:44:24.741023+00:00,931ebc1c624c48f8927ac294217b8f29
2023-05-07,599.75,,ft,Approved,,2025-03-11T20:44:24.741023+00:00,931ebc1c624c48f8927ac294217b8f29
2023-05-08,599.73,,ft,Approved,,2025-03-11T20:44:24.741023+00:00,931ebc1c624c48f8927ac294217b8f29
2023-05-09,599.72,,ft,Approved,,2025-03-11T20:44:24.741023+00:00,931ebc1c624c48f8927ac294217b8f29
2023-05-10,599.78,,ft,Approved,,2025-03-11T20:44:24.741023+00:00,931ebc1c624c48f8927ac294217b8f29
2023-05-11,599.75,,ft,Approved,,2025-03-11T20:44:24.741023+00:00,931ebc1c624c48f8927ac294217b8f29
2023-05-12,599.73,,ft,Approved,,2025-03-11T20:44:24.741023+00:00,931ebc1c624c48f8927ac294217b8f29
2023-05-13,600.02,,ft,Approved,,2025-03-11T20:44:24.741023+00:00,931ebc1c624c48f8927ac294217b8f29
2023-05-14,599.84,,ft,Approved,,2025-03-11T20:44:24.741023+00:00,931ebc1c624c48f8927ac294217b8f29
2023-05-15,599.76,,ft,Approved,,2025-03-11T20:44:24.741023+00:00,931ebc1c624c48f8927ac294217b8f29
2023-05-16,599.74,,ft,Approved,,2025-03-11T20:44:24.741023+00:00,931ebc1c624c48f8927ac294217b8f29
2023-05-17,599.74,,ft,Approved,,2025-03-11T20:44:24.741023+00:00,931ebc1c624c48f8927ac294217b8f29
2023-05-18,599.72,,ft,Approved,,2025-03-11T20:44:24.741023+00:00,931ebc1c624c48f8927ac294217b8f29
2023-05-19,599.71,,ft,Approved,,2025-03-11T20:44:24.741023+00:00,931ebc1c624c48f8927ac294217b8f29
2023-05-20,599.74,,ft,Approved,,2025-03-11T20:44:24.741023+00:00,931ebc1c624c48f8927ac294217b8f29
2023-05-21,599.73,,ft,Approved,,2025-03-11T20:44:24.741023+00:00,931ebc1c624c48f8927ac294217b8f29
2023-05-22,599.72,,ft,Approved,,2025-03-11T20:44:24.741023+00:00,931ebc1c624c48f8927ac294217b8f29
2023-05-23,599.71,,ft,Approved,,2025-03-11T20:44:24.741023+00:00,931ebc1c624c48f8927ac294217b8f29
2023-05-24,599.75,,ft,Approved,,2025-03-11T20:44:24.741023+00:00,931ebc1c624c48f8927ac294217b8f29
2023-05-25,599.74,,ft,Approved,,2025-03-11T20:44:24.741023+00:00,931ebc1c624c48f8927ac294217b8f29
2023-05-26,599.72,,ft,Approved,,2025-03-11T20:44:24.741023+00:00,931ebc1c624c48f8927ac294217b8f29
2023-05-27,599.71,,ft,Approved,,2025-03-11T20:44:24.741023+00:00,931ebc1c624c48f8927ac294217b8f29
2023-05-28,599.71,,ft,Approved,,2025-03-11T20:44:24.741023+00:00,931ebc1c624c48f8927ac294217b8f29
2023-05-29,599.69,,ft,Approved,,2025-03-11T20:44:24.741023+00:00,931ebc1c624c48f8927ac294217b8f29
2023-05-30,599.68,,ft,Approved,,2025-03-11T20:44:24.741023+00:00,931ebc1c624c48f8927ac294217b8f29
2023-05-31,599.67,,ft,Approved,,2025-03-11T20:44:24.741023+00:00,931ebc1c624c48f8927ac294217b8f29
2023-06-01,599.65,,ft,Approved,,2025-03-11T20:44:24.741023+00:00,931ebc1c624c48f8927ac294217b8f29
2023-06-02,599.63,,ft,Approved,,2025-03-11T20:44:24.741023+00:00,931ebc1c624c48f8927ac294217b8f29
2023-06-03,599.6,,ft,Approved,,2025-03-11T20:44:24.741023+00:00,931ebc1c624c48f8927ac294217b8f29
2023-06-04,599.58,,ft,Approved,,2025-03-11T20:44:24.741023+00:00,931ebc1c624c48f8927ac294217b8f29
2023-06-05,599.57,,ft,Approved,,2025-03-11T20:44:24.741023+00:00,931ebc1c624c48f8927ac294217b8f29
2023-06-06,599.58,,ft,Approved,,2025-03-11T20:44:24.741023+00:00,931ebc1c624c48f8927ac294217b8f29
2023-06-07,599.58,,ft,Approved,,2025-03-11T20:44:24.741023+00:00,931ebc1c624c48f8927ac294217b8f29
2023-06-08,599.58,,ft,Approved,,2025-03-11T20:44:24.741023+00:00,931ebc1c624c48f8927ac294217b8f29
2023-06-09,599.57,,ft,Approved,,2025-03-11T20:44:24.741023+00:00,931ebc1c624c48f8927ac294217b8f29
2023-06-10,599.55,,ft,Approved,,2025-03-11T20:44:24.741023+00:00,931ebc1c624c48f8927ac294217b8f29
2023-06-11,599.52,,ft,Approved,,2025-03-11T20:44:24.741023+00:00,931ebc1c624c48f8927ac294217b8f29
2023-06-12,599.5,,ft,Approved,,2025-03-11T20:44:24.741023+00:00,931ebc1c624c48f8927ac294217b8f29
2023-06-13,599.47,,ft,Approved,,2025-03-11T20:44:24.741023+00:00,931ebc1c624c48f8927ac294217b8f29
2023-06-14,599.45,,ft,Approved,,2025-03-11T20:44:24.741023+00:00,931ebc1c624c48f8927ac294217b8f29
2023-06-15,599.44,,ft,Approved,,2025-03-11T20:44:24.741023+00:00,931ebc1c624c48f8927ac294217b8f29
2023-06-16,599.42,,ft,Approved,,2025-03-11T20:44:24.741023+00:00,931ebc1c624c48f8927ac294217b8f29
2023-06-17,599.41,,ft,Approved,,2025-03-11T20:44:24.741023+00:00,931ebc1c624c48f8927ac294217b8f29
2023-06-18,599.39,,ft,Approved,,2025-03-11T20:44:24.741023+00:00,931ebc1c624c48f8927ac294217b8f29
2023-06-19,599.36,,ft,Approved,,2025-03-11T20:44:24.741023+00:00,931ebc1c624c48f8927ac294217b8f29
2023-06-20,599.34,,ft,Approved,,2025-03-11T20:44:24.741023+00:00,931ebc1c624c48f8927ac294217b8f29
2023-06-21,599.32,,ft,Approved,,2025-03-11T20:44:24.741023+00:00,931ebc1c624c48f8927ac294217b8f29
2023-06-22,599.32,,ft,Approved,,2025-03-11T20:44:24.741023+00:00,931ebc1c624c48f8927ac294217b8f29
2023-06-23,599.31,,ft,Approved,,2025-03-11T20:44:24.741023+00:00,931ebc1c624c48f8927ac294217b8f29
2023-06-24,599.28,,ft,Approved,,2025-03-11T20:44:24.741023+00:00,931ebc1c624c48f8927ac294217b8f29
2023-06-25,599.25,,ft,Approved,,2025-03-11T20:44:24.741023+00:00,931ebc1c624c48f8927ac294217b8f29
2023-06-26,599.22,,ft,Approved,,2025-03-11T20:44:24.741023+00:00,931ebc1c624c48f8927ac294217b8f29
2023-06-27,599.19,,ft,Approved,,2025-03-11T20:44:24.741023+00:00,931ebc1c624c48f8927ac294217b8f29
2023-06-28,599.17,,ft,Approved,,2025-03-11T20:44:24.741023+00:00,931ebc1c624c48f8927ac294217b8f29
2023-06-29,599.14,,ft,Approved,,2025-03-11T20:44:24.741023+00:00,931ebc1c624c48f8927ac294217b8f29
2023-06-30,599.11,,ft,Approved,,2025-03-11T20:44:24.741023+00:00,931ebc1c624c48f8927ac294217b8f29
2023-07-01,599.08,,ft,Approved,,2025-03-11T20:44:24.741023+00:00,931ebc1c624c48f8927ac294217b8f29
2023-07-02,599.06,,ft,Approved,,2025-03-11T20:44:24.741023+00:00,931ebc1c624c48f8927ac294217b8f29
2023-07-03,599.04,,ft,Approved,,2025-03-11T20:44:24.741023+00:00,931ebc1c624c48f8927ac294217b8f29
2023-07-04,599.02,,ft,Approved,,2025-03-11T20:44:24.741023+00:00,931ebc1c624c48f8927ac294217b8f29
2023-07-05,599.0,,ft,Approved,,2025-03-11T20:44:24.741023+00:00,931ebc1c624c48f8927ac294217b8f29
2023-07-06,598.98,,ft,Approved,,2025-03-11T20:44:24.741023+00:00,931ebc1c624c48f8927ac294217b8f29
2023-07-07,598.96,,ft,Approved,,2025-03-11T20:44:24.741023+00:00,931ebc1c624c48f8927ac294217b8f29
2023-07-08,598.94,,ft,Approved,,2025-03-11T20:44:24.741023+00:00,931ebc1c624c48f8927ac294217b8f29
2023-07-09,598.92,,ft,Approved,,2025-03-11T20:44:24.741023+00:00,931ebc1c624c48f8927ac294217b8f29
2023-07-10,598.89,,ft,Approved,,2025-03-11T20:44:24.741023+00:00,931ebc1c624c48f8927ac294217b8f29
2023-07-11,598.86,,ft,Approved,,2025-03-11T20:44:24.741023+00:00,931ebc1c624c48f8927ac294217b8f29
2023-07-12,598.83,,ft,Approved,,2025-03-11T20:44:24.741023+00:00,931ebc1c624c48f8927ac294217b8f29
2023-07-13,598.8,,ft,Approved,,2025-03-11T20:44:24.741023+00:00,931ebc1c624c48f8927ac294217b8f29
2023-07-14,598.77,,ft,Approved,,2025-03-11T20:44:24.741023+00:00,931ebc1c624c48f8927ac294217b8f29
2023-07-15,598.74,,ft,Approved,,2025-03-11T20:44:24.741023+00:00,931ebc1c624c48f8927ac294217b8f29
2023-07-16,598.71,,ft,Approved,,2025-03-11T20:44:24.741023+00:00,931ebc1c624c48f8927ac294217b8f29
2023-07-17,598.68,,ft,Approved,,2025-03-11T20:44:24.741023+00:00,931ebc1c624c48f8927ac294217b8f29
2023-07-18,598.65,,ft,Approved,,2025-03-11T20:44:24.741023+00:00,931ebc1c624c48f8927ac294217b8f29
2023-07-19,598.62,,ft,Approved,,2025-03-11T20:44:24.741023+00:00,931ebc1c624c48f8927ac294217b8f29
2023-07-20,598.59,,ft,Approved,,2025-03-11T20:44:24.741023+00:00,931ebc1c624c48f8927ac294217b8f29
2023-07-21,598.56,,ft,Approved,,2025-03-11T20:44:24.741023+00:00,931ebc1c624c48f8927ac294217b8f29
2023-07-22,598.53,,ft,Approved,,2025-03-11T20:44:24.741023+00:00,931ebc1c624c48f8927ac294217b8f29
2023-07-23,598.51,,ft,Approved,,2025-03-11T20:44:24.741023+00:00,931ebc1c624c48f8927ac294217b8f29
2023-07-24,598.48,,ft,Approved,,2025-03-11T20:44:24.741023+00:00,931ebc1c624c48f8927ac294217b8f29
2023-07-25,598.45,,ft,Approved,,2025-03-11T20:44:24.741023+00:00,931ebc1c624c48f8927ac294217b8f29
2023-07-26,598.42,,ft,Approved,,2025-03-11T20:44:24.741023+00:00,931ebc1c624c48f8927ac294217b8f29
2023-07-27,598.39,,ft,Approved,,2025-03-11T20:44:24.741023+00:00,931ebc1c624c48f8927ac294217b8f29
2023-07-28,598.36,,ft,Approved,,2025-03-11T20:44:24.741023+00:00,931ebc1c624c48f8927ac294217b8f29
2023-07-29,598.34,,ft,Approved,,2025-03-11T20:44:24.741023+00:00,931ebc1c624c48f8927ac294217b8f29
2023-07-30,598.31,,ft,Approved,,2025-03-11T20:44:24.741023+00:00,931ebc1c624c48f8927ac294217b8f29
2023-07-31,598.28,,ft,Approved,,2025-03-11T20:44:24.741023+00:00,931ebc1c624c48f8927ac294217b8f29
2023-08-01,598.25,,ft,Approved,,2025-03-11T20:44:24.741023+00:00,931ebc1c624c48f8927ac294217b8f29
2023-08-02,598.23,,ft,Approved,,2025-03-11T20:44:24.741023+00:00,931ebc1c624c48f8927ac294217b8f29
2023-08-03,598.2,,ft,Approved,,2025-03-11T20:44:24.741023+00:00,931ebc1c624c48f8927ac294217b8f29
2023-08-04,598.17,,ft,Approved,,2025-03-11T20:44:24.741023+00:00,931ebc1c624c48f8927ac294217b8f29
2023-08-05,598.13,,ft,Approved,,2025-03-11T20:44:24.741023+00:00,931ebc1c624c48f8927ac294217b8f29
2023-08-06,598.1,,ft,Approved,,2025-03-11T20:44:24.741023+00:00,931ebc1c624c48f8927ac294217b8f29
2023-08-07,598.07,,ft,Approved,,2025-03-11T20:44:24.741023+00:00,931ebc1c624c48f8927ac294217b8f29
2023-08-08,598.04,,ft,Approved,,2025-03-11T20:44:24.741023+00:00,931ebc1c624c48f8927ac294217b8f29
2023-08-09,598.0,,ft,Approved,,2025-03-11T20:44:24.741023+00:00,931ebc1c624c48f8927ac294217b8f29
2023-08-10,597.97,,ft,Approved,,2025-03-11T20:44:24.741023+00:00,931ebc1c624c48f8927ac294217b8f29
2023-08-11,597.94,,ft,Approved,,2025-03-11T20:44:24.741023+00:00,931ebc1c624c48f8927ac294217b8f29
2023-08-12,597.9,,ft,Approved,,2025-03-11T20:44:24.741023+00:00,931ebc1c624c48f8927ac294217b8f29
2023-08-13,597.87,,ft,Approved,,2025-03-11T20:44:24.741023+00:00,931ebc1c624c48f8927ac294217b8f29
2023-08-14,597.84,,ft,Approved,,2025-03-11T20:44:24.741023+00:00,931ebc1c624c48f8927ac294217b8f29
2023-08-15,597.81,,ft,Approved,,2025-03-11T20:44:24.741023+00:00,931ebc1c624c48f8927ac294217b8f29
2023-08-16,597.78,,ft,Approved,,2025-03-11T20:44:24.741023+00:00,931ebc1c624c48f8927ac294217b8f29
2023-08-17,597.75,,ft,Approved,,2025-03-11T20:44:24.741023+00:00,931ebc1c624c48f8927ac294217b8f29
2023-08-18,597.72,,ft,Approved,,2025-03-11T20:44:24.741023+00:00,931ebc1c624c48f8927ac294217b8f29
2023-08-19,597.69,,ft,Approved,,2025-03-11T20:44:24.741023+00:00,931ebc1c624c48f8927ac294217b8f29
2023-08-20,597.68,,ft,Approved,,2025-03-11T20:44:24.741023+00:00,931ebc1c624c48f8927ac294217b8f29
2023-08-21,597.68,,ft,Approved,,2025-03-11T20:44:24.741023+00:00,931ebc1c624c48f8927ac294217b8f29
2023-08-22,597.65,,ft,Approved,,2025-03-11T20:44:24.741023+00:00,931ebc1c624c48f8927ac294217b8f29
2023-08-23,597.64,,ft,Approved,,2025-03-11T20:44:24.741023+00:00,931ebc1c624c48f8927ac294217b8f29
2023-08-24,597.61,,ft,Approved,,2025-03-11T20:44:24.741023+00:00,931ebc1c624c48f8927ac294217b8f29
2023-08-25,597.59,,ft,Approved,,2025-03-11T20:44:24.741023+00:00,931ebc1c624c48f8927ac294217b8f29
2023-08-26,597.56,,ft,Approved,,2025-03-11T20:44:24.741023+00:00,931ebc1c624c48f8927ac294217b8f29
2023-08-27,597.53,,ft,Approved,,2025-03-11T20:44:24.741023+00:00,931ebc1c624c48f8927ac294217b8f29
2023-08-28,597.51,,ft,Approved,,2025-03-11T20:44:24.741023+00:00,931ebc1c624c48f8927ac294217b8f29
2023-08-29,597.48,,ft,Approved,,2025-03-11T20:44:24.741023+00:00,931ebc1c624c48f8927ac294217b8f29
2023-08-30,597.46,,ft,Approved,,2025-03-11T20:44:24.741023+00:00,931ebc1c624c48f8927ac294217b8f29
2023-08-31,597.44,,ft,Approved,,2025-03-11T20:44:24.741023+00:00,931ebc1c624c48f8927ac294217b8f29
2023-09-01,597.41,,ft,Approved,,2025-03-11T20:44:24.741023+00:00,931ebc1c624c48f8927ac294217b8f29
2023-09-02,597.39,,ft,Approved,,2025-03-11T20:44:24.741023+00:00,931ebc1c624c48f8927ac294217b8f29
2023-09-03,597.37,,ft,Approved,,2025-03-11T20:44:24.741023+00:00,931ebc1c624c48f8927ac294217b8f29
2023-09-04,597.35,,ft,Approved,,2025-03-11T20:44:24.741023+00:00,931ebc1c624c48f8927ac294217b8f29
2023-09-05,597.32,,ft,Approved,,2025-03-11T20:44:24.741023+00:00,931ebc1c624c48f8927ac294217b8f29
2023-09-06,597.3,,ft,Approved,,2025-03-11T20:44:24.741023+00:00,931ebc1c624c48f8927ac294217b8f29
2023-09-07,597.28,,ft,Approved,,2025-03-11T20:44:24.741023+00:00,931ebc1c624c48f8927ac294217b8f29
2023-09-08,597.25,,ft,Approved,,2025-03-11T20:44:24.741023+00:00,931ebc1c624c48f8927ac294217b8f29
2023-09-09,597.22,,ft,Approved,,2025-03-11T20:44:24.741023+00:00,931ebc1c624c48f8927ac294217b8f29
2023-09-10,597.19,,ft,Approved,,2025-03-11T20:44:24.741023+00:00,931ebc1c624c48f8927ac294217b8f29
2023-09-11,597.16,,ft,Approved,,2025-03-11T20:44:24.741023+00:00,931ebc1c624c48f8927ac294217b8f29
2023-09-12,597.14,,ft,Approved,,2025-03-11T20:44:24.741023+00:00,931ebc1c624c48f8927ac294217b8f29
2023-09-13,597.12,,ft,Approved,,2025-03-11T20:44:24.741023+00:00,931ebc1c624c48f8927ac294217b8f29
2023-09-14,597.26,,ft,Approved,,2025-03-11T20:44:24.741023+00:00,931ebc1c624c48f8927ac294217b8f29
2023-09-15,597.28,,ft,Approved,,2025-03-11T20:44:24.741023+00:00,931ebc1c624c48f8927ac294217b8f29
2023-09-16,597.3,,ft,Approved,,2025-03-11T20:44:24.741023+00:00,931ebc1c624c48f8927ac294217b8f29
2023-09-17,597.32,,ft,Approved,,2025-03-11T20:44:24.741023+00:00,931ebc1c624c48f8927ac294217b8f29
2023-09-18,597.31,,ft,Approved,,2025-03-11T20:44:24.741023+00:00,931ebc1c624c48f8927ac294217b8f29
2023-09-19,597.29,,ft,Approved,,2025-03-11T20:44:24.741023+00:00,931ebc1c624c48f8927ac294217b8f29
2023-09-20,597.26,,ft,Approved,,2025-03-11T20:44:24.741023+00:00,931ebc1c624c48f8927ac294217b8f29
2023-09-21,597.24,,ft,Approved,,2025-03-11T20:44:24.741023+00:00,931ebc1c624c48f8927ac294217b8f29
2023-09-22,597.23,,ft,Approved,,2025-03-11T20:44:24.741023+00:00,931ebc1c624c48f8927ac294217b8f29
2023-09-23,597.21,,ft,Approved,,2025-03-11T20:44:24.741023+00:00,931ebc1c624c48f8927ac294217b8f29
2023-09-24,597.19,,ft,Approved,,2025-03-11T20:44:24.741023+00:00,931ebc1c624c48f8927ac294217b8f29
2023-09-25,597.18,,ft,Approved,,2025-03-11T20:44:24.741023+00:00,931ebc1c624c48f8927ac294217b8f29
2023-09-26,597.16,,ft,Approved,,2025-03-11T20:44:24.741023+00:00,931ebc1c624c48f8927ac294217b8f29
2023-09-27,597.14,,ft,Approved,,2025-03-11T20:44:24.741023+00:00,931ebc1c624c48f8927ac294217b8f29
2023-09-28,597.13,,ft,Approved,,2025-03-11T20:44:24.741023+00:00,931ebc1c624c48f8927ac294217b8f29
2023-09-29,597.11,,ft,Approved,,2025-03-11T20:44:24.741023+00:00,931ebc1c624c48f8927ac294217b8f29
2023-09-30,597.09,,ft,Approved,,2025-03-11T20:44:24.741023+00:00,931ebc1c624c48f8927ac294217b8f29
2023-10-01,597.07,,ft,Approved,,2025-03-11T20:44:24.741023+00:00,931ebc1c624c48f8927ac294217b8f29
2023-10-02,597.05,,ft,Approved,,2025-03-11T20:44:24.741023+00:00,931ebc1c624c48f8927ac294217b8f29
2023-10-03,597.03,,ft,Approved,,2025-03-11T20:44:24.741023+00:00,931ebc1c624c48f8927ac294217b8f29
2023-10-04,597.01,,ft,Approved,,2025-03-11T20:44:24.741023+00:00,931ebc1c624c48f8927ac294217b8f29
2023-10-05,597.09,,ft,Approved,,2025-03-11T20:44:24.741023+00:00,931ebc1c624c48f8927ac294217b8f29
2023-10-06,597.09,,ft,Approved,,2025-03-11T20:44:24.741023+00:00,931ebc1c624c48f8927ac294217b8f29
2023-10-07,597.06,,ft,Approved,,2025-03-11T20:44:24.741023+00:00,931ebc1c624c48f8927ac294217b8f29
2023-10-08,597.04,,ft,Approved,,2025-03-11T20:44:24.741023+00:00,931ebc1c624c48f8927ac294217b8f29
2023-10-09,597.03,,ft,Approved,,2025-03-11T20:44:24.741023+00:00,931ebc1c624c48f8927ac294217b8f29
2023-10-10,597.01,,ft,Approved,,2025-03-11T20:44:24.741023+00:00,931ebc1c624c48f8927ac294217b8f29
2023-10-11,597.0,,ft,Approved,,2025-03-11T20:44:24.741023+00:00,931ebc1c624c48f8927ac294217b8f29
2023-10-12,597.0,,ft,Approved,,2025-03-11T20:44:24.741023+00:00,931ebc1c624c48f8927ac294217b8f29
2023-10-13,596.99,,ft,Approved,,2025-03-11T20:44:24.741023+00:00,931ebc1c624c48f8927ac294217b8f29
2023-10-14,596.96,,ft,Approved,,2025-03-11T20:44:24.741023+00:00,931ebc1c624c48f8927ac294217b8f29
2023-10-15,596.94,,ft,Approved,,2025-03-11T20:44:24.741023+00:00,931ebc1c624c48f8927ac294217b8f29
2023-10-16,596.92,,ft,Approved,,2025-03-11T20:44:24.741023+00:00,931ebc1c624c48f8927ac294217b8f29
2023-10-17,596.91,,ft,Approved,,2025-03-11T20:44:24.741023+00:00,931ebc1c624c48f8927ac294217b8f29
2023-10-18,596.9,,ft,Approved,,2025-03-11T20:44:24.741023+00:00,931ebc1c624c48f8927ac294217b8f29
2023-10-19,596.88,,ft,Approved,,2025-03-11T20:44:24.741023+00:00,931ebc1c624c48f8927ac294217b8f29
2023-10-20,596.87,,ft,Approved,,2025-03-11T20:44:24.741023+00:00,931ebc1c624c48f8927ac294217b8f29
2023-10-21,596.86,,ft,Approved,,2025-03-11T20:44:24.741023+00:00,931ebc1c624c48f8927ac294217b8f29
2023-10-22,596.85,,ft,Approved,,2025-03-11T20:44:24.741023+00:00,931ebc1c624c48f8927ac294217b8f29
2023-10-23,596.88,,ft,Approved,,2025-03-11T20:44:24.741023+00:00,931ebc1c624c48f8927ac294217b8f29
2023-10-24,596.91,,ft,Approved,,2025-03-11T20:44:24.741023+00:00,931ebc1c624c48f8927ac294217b8f29
2023-10-25,596.92,,ft,Approved,,2025-03-11T20:44:24.741023+00:00,931ebc1c624c48f8927ac294217b8f29
2023-10-26,597.7,,ft,Approved,,2025-03-11T20:44:24.741023+00:00,931ebc1c624c48f8927ac294217b8f29
2023-10-27,598.87,,ft,Approved,,2025-03-11T20:44:24.741023+00:00,931ebc1c624c48f8927ac294217b8f29
2023-10-28,599.37,,ft,Approved,,2025-03-11T20:44:24.741023+00:00,931ebc1c624c48f8927ac294217b8f29
2023-10-29,599.46,,ft,Approved,,2025-03-11T20:44:24.741023+00:00,931ebc1c624c48f8927ac294217b8f29
2023-10-30,599.53,,ft,Approved,,2025-03-11T20:44:24.741023+00:00,931ebc1c624c48f8927ac294217b8f29
2023-10-31,599.59,,ft,Approved,,2025-03-11T20:44:24.741023+00:00,931ebc1c624c48f8927ac294217b8f29
2023-11-01,599.61,,ft,Approved,,2025-03-11T20:44:24.741023+00:00,931ebc1c624c48f8927ac294217b8f29
2023-11-02,599.61,,ft,Approved,,2025-03-11T20:44:24.741023+00:00,931ebc1c624c48f8927ac294217b8f29
2023-11-03,599.61,,ft,Approved,,2025-03-11T20:44:24.741023+00:00,931ebc1c624c48f8927ac294217b8f29
2023-11-04,599.61,,ft,Approved,,2025-03-11T20:44:24.741023+00:00,931ebc1c624c48f8927ac294217b8f29
2023-11-05,599.61,,ft,Approved,,2025-03-11T20:44:24.741023+00:00,931ebc1c624c48f8927ac294217b8f29
2023-11-06,599.62,,ft,Approved,,2025-03-11T20:44:24.741023+00:00,931ebc1c624c48f8927ac294217b8f29
2023-11-07,599.62,,ft,Approved,,2025-03-11T20:44:24.741023+00:00,931ebc1c624c48f8927ac294217b8f29
2023-11-08,599.61,,ft,Approved,,2025-03-11T20:44:24.741023+00:00,931ebc1c624c48f8927ac294217b8f29
2023-11-09,599.62,,ft,Approved,,2025-03-11T20:44:24.741023+00:00,931ebc1c624c48f8927ac294217b8f29
2023-11-10,599.72,,ft,Approved,,2025-03-11T20:44:24.741023+00:00,931ebc1c624c48f8927ac294217b8f29
2023-11-11,599.75,,ft,Approved,,2025-03-11T20:44:24.741023+00:00,931ebc1c624c48f8927ac294217b8f29
2023-11-12,599.74,,ft,Approved,,2025-03-11T20:44:24.741023+00:00,931ebc1c624c48f8927ac294217b8f29
2023-11-13,599.74,,ft,Approved,,2025-03-11T20:44:24.741023+00:00,931ebc1c624c48f8927ac294217b8f29
2023-11-14,599.73,,ft,Approved,,2025-03-11T20:44:24.741023+00:00,931ebc1c624c48f8927ac294217b8f29
2023-11-15,599.73,,ft,Approved,,2025-03-11T20:44:24.741023+00:00,931ebc1c624c48f8927ac294217b8f29
2023-11-16,599.72,,ft,Approved,,2025-03-11T20:44:24.741023+00:00,931ebc1c624c48f8927ac294217b8f29
2023-11-17,599.72,,ft,Approved,,2025-03-11T20:44:24.741023+00:00,931ebc1c624c48f8927ac294217b8f29
2023-11-18,599.71,,ft,Approved,,2025-03-11T20:44:24.741023+00:00,931ebc1c624c48f8927ac294217b8f29
2023-11-19,599.71,,ft,Approved,,2025-03-11T20:44:24.741023+00:00,931ebc1c624c48f8927ac294217b8f29
2023-11-20,599.72,,ft,Approved,,2025-03-11T20:44:24.741023+00:00,931ebc1c624c48f8927ac294217b8f29
2023-11-21,599.7,,ft,Approved,,2025-03-11T20:44:24.741023+00:00,931ebc1c624c48f8927ac294217b8f29
2023-11-22,599.68,,ft,Approved,,2025-03-11T20:44:24.741023+00:00,931ebc1c624c48f8927ac294217b8f29
2023-11-23,599.68,,ft,Approved,,2025-03-11T20:44:24.741023+00:00,931ebc1c624c48f8927ac294217b8f29
2023-11-24,599.67,,ft,Approved,,2025-03-11T20:44:24.741023+00:00,931ebc1c624c48f8927ac294217b8f29
2023-11-25,599.66,,ft,Approved,,2025-03-11T20:44:24.741023+00:00,931ebc1c624c48f8927ac294217b8f29
2023-11-26,599.65,,ft,Approved,,2025-03-11T20:44:24.741023+00:00,931ebc1c624c48f8927ac294217b8f29
2023-11-27,599.63,,ft,Approved,,2025-03-11T20:44:24.741023+00:00,931ebc1c624c48f8927ac294217b8f29
2023-11-28,599.63,,ft,Approved,,2025-03-11T20:44:24.741023+00:00,931ebc1c624c48f8927ac294217b8f29
2023-11-29,599.62,,ft,Approved,,2025-03-11T20:44:24.741023+00:00,931ebc1c624c48f8927ac294217b8f29
2023-11-30,599.63,,ft,Approved,,2025-03-11T20:44:24.741023+00:00,931ebc1c624c48f8927ac294217b8f29
2023-12-01,599.63,,ft,Approved,,2025-03-11T20:44:24.741023+00:00,931ebc1c624c48f8927ac294217b8f29
2023-12-02,599.62,,ft,Approved,,2025-03-11T20:44:24.741023+00:00,931ebc1c624c48f8927ac294217b8f29
2023-12-03,599.61,,ft,Approved,,2025-03-11T20:44:24.741023+00:00,931ebc1c624c48f8927ac294217b8f29
2023-12-04,599.6,,ft,Approved,,2025-03-11T20:44:24.741023+00:00,931ebc1c624c48f8927ac294217b8f29
2023-12-05,599.6,,ft,Approved,,2025-03-11T20:44:24.741023+00:00,931ebc1c624c48f8927ac294217b8f29
2023-12-06,599.59,,ft,Approved,,2025-03-11T20:44:24.741023+00:00,931ebc1c624c48f8927ac294217b8f29
2023-12-07,599.59,,ft,Approved,,2025-03-11T20:44:24.741023+00:00,931ebc1c624c48f8927ac294217b8f29
2023-12-08,599.59,,ft,Approved,,2025-03-11T20:44:24.741023+00:00,931ebc1c624c48f8927ac294217b8f29
2023-12-09,599.59,,ft,Approved,,2025-03-11T20:44:24.741023+00:00,931ebc1c624c48f8927ac294217b8f29
2023-12-10,599.56,,ft,Approved,,2025-03-11T20:44:24.741023+00:00,931ebc1c624c48f8927ac294217b8f29
2023-12-11,599.55,,ft,Approved,,2025-03-11T20:44:24.741023+00:00,931ebc1c624c48f8927ac294217b8f29
2023-12-12,599.54,,ft,Approved,,2025-03-11T20:44:24.741023+00:00,931ebc1c624c48f8927ac294217b8f29
2023-12-13,599.54,,ft,Approved,,2025-03-11T20:44:24.741023+00:00,931ebc1c624c48f8927ac294217b8f29
2023-12-14,599.54,,ft,Approved,,2025-03-11T20:44:24.741023+00:00,931ebc1c624c48f8927ac294217b8f29
2023-12-15,599.55,,ft,Approved,,2025-03-11T20:44:24.741023+00:00,931ebc1c624c48f8927ac294217b8f29
2023-12-16,599.56,,ft,Approved,,2025-03-11T20:44:24.741023+00:00,931ebc1c624c48f8927ac294217b8f29
2023-12-17,599.56,,ft,Approved,,2025-03-11T20:44:24.741023+00:00,931ebc1c624c48f8927ac294217b8f29
2023-12-18,599.55,,ft,Approved,,2025-03-11T20:44:24.741023+00:00,931ebc1c624c48f8927ac294217b8f29
2023-12-19,599.54,,ft,Approved,,2025-03-11T20:44:24.741023+00:00,931ebc1c624c48f8927ac294217b8f29
2023-12-20,599.54,,ft,Approved,,2025-03-11T20:44:24.741023+00:00,931ebc1c624c48f8927ac294217b8f29
2023-12-21,599.56,,ft,Approved,,2025-03-11T20:44:24.741023+00:00,931ebc1c624c48f8927ac294217b8f29
2023-12-22,599.6,,ft,Approved,,2025-03-11T20:44:24.741023+00:00,931ebc1c624c48f8927ac294217b8f29
2023-12-23,599.64,,ft,Approved,,2025-03-11T20:44:24.741023+00:00,931ebc1c624c48f8927ac294217b8f29
2023-12-24,599.88,,ft,Approved,,2025-03-11T20:44:24.741023+00:00,931ebc1c624c48f8927ac294217b8f29
2023-12-25,599.82,,ft,Approved,,2025-03-11T20:44:24.741023+00:00,931ebc1c624c48f8927ac294217b8f29
2023-12-26,599.76,,ft,Approved,,2025-03-11T20:44:24.741023+00:00,931ebc1c624c48f8927ac294217b8f29
2023-12-27,599.74,,ft,Approved,,2025-03-11T20:44:24.741023+00:00,931ebc1c624c48f8927ac294217b8f29
2023-12-28,599.73,,ft,Approved,,2025-03-11T20:44:24.741023+00:00,931ebc1c624c48f8927ac294217b8f29
2023-12-29,599.73,,ft,Approved,,2025-03-11T20:44:24.741023+00:00,931ebc1c624c48f8927ac294217b8f29
2023-12-30,599.72,,ft,Approved,,2025-03-11T20:44:24.741023+00:00,931ebc1c624c48f8927ac294217b8f29
2023-12-31,599.72,,ft,Approved,,2025-03-11T20:44:24.741023+00:00,931ebc1c624c48f8927ac294217b8f29
2024-01-01,599.71,,ft,Approved,,2025-03-11T20:44:24.741023+00:00,931ebc1c624c48f8927ac294217b8f29
2024-01-02,599.74,,ft,Approved,,2025-03-11T20:44:24.741023+00:00,931ebc1c624c48f8927ac294217b8f29
2024-01-03,599.93,,ft,Approved,,2025-03-11T20:44:24.741023+00:00,931ebc1c624c48f8927ac294217b8f29
2024-01-04,599.78,,ft,Approved,,2025-03-11T20:44:24.741023+00:00,931ebc1c624c48f8927ac294217b8f29
2024-01-05,599.77,,ft,Approved,,2025-03-11T20:44:24.741023+00:00,931ebc1c624c48f8927ac294217b8f29
2024-01-06,599.75,,ft,Approved,,2025-03-11T20:44:24.741023+00:00,931ebc1c624c48f8927ac294217b8f29
2024-01-07,599.74,,ft,Approved,,2025-03-11T20:44:24.741023+00:00,931ebc1c624c48f8927ac294217b8f29
2024-01-08,599.74,,ft,Approved,,2025-03-11T20:44:24.741023+00:00,931ebc1c624c48f8927ac294217b8f29
2024-01-09,599.72,,ft,Approved,,2025-03-11T20:44:24.741023+00:00,931ebc1c624c48f8927ac294217b8f29
2024-01-10,599.72,,ft,Approved,,2025-03-11T20:44:24.741023+00:00,931ebc1c624c48f8927ac294217b8f29
2024-01-11,599.71,,ft,Approved,,2025-03-11T20:44:24.741023+00:00,931ebc1c624c48f8927ac294217b8f29
2024-01-12,599.71,,ft,Approved,,2025-03-11T20:44:24.741023+00:00,931ebc1c624c48f8927ac294217b8f29
2024-01-13,599.7,,ft,Approved,,2025-03-11T20:44:24.741023+00:00,931ebc1c624c48f8927ac294217b8f29
2024-01-14,599.67,,ft,Approved,,2025-03-11T20:44:24.741023+00:00,931ebc1c624c48f8927ac294217b8f29
2024-01-15,599.66,,ft,Approved,,2025-03-11T20:44:24.741023+00:00,931ebc1c624c48f8927ac294217b8f29
2024-01-16,599.65,,ft,Approved,,2025-03-11T20:44:24.741023+00:00,931ebc1c624c48f8927ac294217b8f29
2024-01-17,599.64,,ft,Approved,,2025-03-11T20:44:24.741023+00:00,931ebc1c624c48f8927ac294217b8f29
2024-01-18,599.65,,ft,Approved,,2025-03-11T20:44:24.741023+00:00,931ebc1c624c48f8927ac294217b8f29
2024-01-19,599.64,,ft,Approved,,2025-03-11T20:44:24.741023+00:00,931ebc1c624c48f8927ac294217b8f29
2024-01-20,599.62,,ft,Approved,,2025-03-11T20:44:24.741023+00:00,931ebc1c624c48f8927ac294217b8f29
2024-01-21,599.61,,ft,Approved,,2025-03-11T20:44:24.741023+00:00,931ebc1c624c48f8927ac294217b8f29
2024-01-22,600.76,,ft,Approved,,2025-03-11T20:44:24.741023+00:00,931ebc1c624c48f8927ac294217b8f29
2024-01-23,599.94,,ft,Approved,,2025-03-11T20:44:24.741023+00:00,931ebc1c624c48f8927ac294217b8f29
2024-01-24,599.97,,ft,Approved,,2025-03-11T20:44:24.741023+00:00,931ebc1c624c48f8927ac294217b8f29
2024-01-25,599.98,,ft,Approved,,2025-03-11T20:44:24.741023+00:00,931ebc1c624c48f8927ac294217b8f29
2024-01-26,599.79,,ft,Approved,,2025-03-11T20:44:24.741023+00:00,931ebc1c624c48f8927ac294217b8f29
2024-01-27,599.75,,ft,Approved,,2025-03-11T20:44:24.741023+00:00,931ebc1c624c48f8927ac294217b8f29
2024-01-28,599.74,,ft,Approved,,2025-03-11T20:44:24.741023+00:00,931ebc1c624c48f8927ac294217b8f29
2024-01-29,599.74,,ft,Approved,,2025-03-11T20:44:24.741023+00:00,931ebc1c624c48f8927ac294217b8f29
2024-01-30,599.73,,ft,Approved,,2025-03-11T20:44:24.741023+00:00,931ebc1c624c48f8927ac294217b8f29
2024-01-31,599.73,,ft,Approved,,2025-03-11T20:44:24.741023+00:00,931ebc1c624c48f8927ac294217b8f29
2024-02-01,599.73,,ft,Approved,,2025-03-11T20:44:24.741023+00:00,931ebc1c624c48f8927ac294217b8f29
2024-02-02,599.73,,ft,Approved,,2025-03-11T20:44:24.741023+00:00,931ebc1c624c48f8927ac294217b8f29
2024-02-03,599.76,,ft,Approved,,2025-03-11T20:44:24.741023+00:00,931ebc1c624c48f8927ac294217b8f29
2024-02-04,599.74,,ft,Approved,,2025-03-11T20:44:24.741023+00:00,931ebc1c624c48f8927ac294217b8f29
2024-02-05,599.73,,ft,Approved,,2025-03-11T20:44:24.741023+00:00,931ebc1c624c48f8927ac294217b8f29
2024-02-06,599.73,,ft,Approved,,2025-03-11T20:44:24.741023+00:00,931ebc1c624c48f8927ac294217b8f29
2024-02-07,599.73,,ft,Approved,,2025-03-11T20:44:24.741023+00:00,931ebc1c624c48f8927ac294217b8f29
2024-02-08,599.73,,ft,Approved,,2025-03-11T20:44:24.741023+00:00,931ebc1c624c48f8927ac294217b8f29
2024-02-09,599.73,,ft,Approved,,2025-03-11T20:44:24.741023+00:00,931ebc1c624c48f8927ac294217b8f29
2024-02-10,599.85,,ft,Approved,,2025-03-11T20:44:24.741023+00:00,931ebc1c624c48f8927ac294217b8f29
2024-02-11,599.86,,ft,Approved,,2025-03-11T20:44:24.741023+00:00,931ebc1c624c48f8927ac294217b8f29
2024-02-12,599.77,,ft,Approved,,2025-03-11T20:44:24.741023+00:00,931ebc1c624c48f8927ac294217b8f29
2024-02-13,599.75,,ft,Approved,,2025-03-11T20:44:24.741023+00:00,931ebc1c624c48f8927ac294217b8f29
2024-02-14,599.74,,ft,Approved,,2025-03-11T20:44:24.741023+00:00,931ebc1c624c48f8927ac294217b8f29
2024-02-15,599.74,,ft,Approved,,2025-03-11T20:44:24.741023+00:00,931ebc1c624c48f8927ac294217b8f29
2024-02-16,599.74,,ft,Approved,,2025-03-11T20:44:24.741023+00:00,931ebc1c624c48f8927ac294217b8f29
2024-02-17,599.72,,ft,Approved,,2025-03-11T20:44:24.741023+00:00,931ebc1c624c48f8927ac294217b8f29
2024-02-18,599.71,,ft,Approved,,2025-03-11T20:44:24.741023+00:00,931ebc1c624c48f8927ac294217b8f29
2024-02-19,599.71,,ft,Approved,,2025-03-11T20:44:24.741023+00:00,931ebc1c624c48f8927ac294217b8f29
2024-02-20,599.71,,ft,Approved,,2025-03-11T20:44:24.741023+00:00,931ebc1c624c48f8927ac294217b8f29
2024-02-21,599.72,,ft,Approved,,2025-03-11T20:44:24.741023+00:00,931ebc1c624c48f8927ac294217b8f29
2024-02-22,599.71,,ft,Approved,,2025-03-11T20:44:24.741023+00:00,931ebc1c624c48f8927ac294217b8f29
2024-02-23,599.7,,ft,Approved,,2025-03-11T20:44:24.741023+00:00,931ebc1c624c48f8927ac294217b8f29
2024-02-24,599.69,,ft,Approved,,2025-03-11T20:44:24.741023+00:00,931ebc1c624c48f8927ac294217b8f29
2024-02-25,599.68,,ft,Approved,,2025-03-11T20:44:24.741023+00:00,931ebc1c624c48f8927ac294217b8f29
2024-02-26,599.68,,ft,Approved,,2025-03-11T20:44:24.741023+00:00,931ebc1c624c48f8927ac294217b8f29
2024-02-27,599.68,,ft,Approved,,2025-03-11T20:44:24.741023+00:00,931ebc1c624c48f8927ac294217b8f29
2024-02-28,599.67,,ft,Approved,,2025-03-11T20:44:24.741023+00:00,931ebc1c624c48f8927ac294217b8f29
2024-02-29,599.64,,ft,Approved,,2025-03-11T20:44:24.741023+00:00,931ebc1c624c48f8927ac294217b8f29
2024-03-01,599.64,,ft,Approved,,2025-03-11T20:44:24.741023+00:00,931ebc1c624c48f8927ac294217b8f29
2024-03-02,599.64,,ft,Approved,,2025-03-11T20:44:24.741023+00:00,931ebc1c624c48f8927ac294217b8f29
2024-03-03,599.65,,ft,Approved,,2025-03-11T20:44:24.741023+00:00,931ebc1c624c48f8927ac294217b8f29
2024-03-04,599.65,,ft,Approved,,2025-03-11T20:44:24.741023+00:00,931ebc1c624c48f8927ac294217b8f29
2024-03-05,599.65,,ft,Approved,,2025-03-11T20:44:24.741023+00:00,931ebc1c624c48f8927ac294217b8f29
2024-03-06,599.64,,ft,Approved,,2025-03-11T20:44:24.741023+00:00,931ebc1c624c48f8927ac294217b8f29
2024-03-07,599.63,,ft,Approved,,2025-03-11T20:44:24.741023+00:00,931ebc1c624c48f8927ac294217b8f29
2024-03-08,599.67,,ft,Approved,,2025-03-11T20:44:24.741023+00:00,931ebc1c624c48f8927ac294217b8f29
2024-03-09,599.66,,ft,Approved,,2025-03-11T20:44:24.741023+00:00,931ebc1c624c48f8927ac294217b8f29
2024-03-10,599.65,,ft,Approved,,2025-03-11T20:44:24.741023+00:00,931ebc1c624c48f8927ac294217b8f29
2024-03-11,599.64,,ft,Approved,,2025-03-11T20:44:24.741023+00:00,931ebc1c624c48f8927ac294217b8f29
2024-03-12,599.64,,ft,Approved,,2025-03-11T20:44:24.741023+00:00,931ebc1c624c48f8927ac294217b8f29
2024-03-13,599.63,,ft,Approved,,2025-03-11T20:44:24.741023+00:00,931ebc1c624c48f8927ac294217b8f29
2024-03-14,599.63,,ft,Approved,,2025-03-11T20:44:24.741023+00:00,931ebc1c624c48f8927ac294217b8f29
2024-03-15,599.67,,ft,Approved,,2025-03-11T20:44:24.741023+00:00,931ebc1c624c48f8927ac294217b8f29
2024-03-16,599.7,,ft,Approved,,2025-03-11T20:44:24.741023+00:00,931ebc1c624c48f8927ac294217b8f29
2024-03-17,599.75,,ft,Approved,,2025-03-11T20:44:24.741023+00:00,931ebc1c624c48f8927ac294217b8f29
2024-03-18,599.74,,ft,Approved,,2025-03-11T20:44:24.741023+00:00,931ebc1c624c48f8927ac294217b8f29
2024-03-19,599.73,,ft,Approved,,2025-03-11T20:44:24.741023+00:00,931ebc1c624c48f8927ac294217b8f29
2024-03-20,599.72,,ft,Approved,,2025-03-11T20:44:24.741023+00:00,931ebc1c624c48f8927ac294217b8f29
2024-03-21,599.73,,ft,Approved,,2025-03-11T20:44:24.741023+00:00,931ebc1c624c48f8927ac294217b8f29
2024-03-22,599.75,,ft,Approved,,2025-03-11T20:44:24.741023+00:00,931ebc1c624c48f8927ac294217b8f29
2024-03-23,599.74,,ft,Approved,,2025-03-11T20:44:24.741023+00:00,931ebc1c624c48f8927ac294217b8f29
2024-03-24,599.73,,ft,Approved,,2025-03-11T20:44:24.741023+00:00,931ebc1c624c48f8927ac294217b8f29
2024-03-25,599.74,,ft,Approved,,2025-03-11T20:44:24.741023+00:00,931ebc1c624c48f8927ac294217b8f29
2024-03-26,599.72,,ft,Approved,,2025-03-11T20:44:24.741023+00:00,931ebc1c624c48f8927ac294217b8f29
2024-03-27,599.71,,ft,Approved,,2025-03-11T20:44:24.741023+00:00,931ebc1c624c48f8927ac294217b8f29
2024-03-28,599.71,,ft,Approved,,2025-03-11T20:44:24.741023+00:00,931ebc1c624c48f8927ac294217b8f29
2024-03-29,599.7,,ft,Approved,,2025-03-11T20:44:24.741023+00:00,931ebc1c624c48f8927ac294217b8f29
2024-03-30,599.69,,ft,Approved,,2025-03-11T20:44:24.741023+00:00,931ebc1c624c48f8927ac294217b8f29
2024-03-31,599.69,,ft,Approved,,2025-03-11T20:44:24.741023+00:00,931ebc1c624c48f8927ac294217b8f29
2024-04-01,599.69,,ft,Approved,,2025-03-11T20:44:24.741023+00:00,931ebc1c624c48f8927ac294217b8f29
2024-04-02,599.7,,ft,Approved,,2025-03-11T20:44:24.741023+00:00,931ebc1c624c48f8927ac294217b8f29
2024-04-03,599.68,,ft,Approved,,2025-03-11T20:44:24.741023+00:00,931ebc1c624c48f8927ac294217b8f29
2024-04-04,599.66,,ft,Approved,,2025-03-11T20:44:24.741023+00:00,931ebc1c624c48f8927ac294217b8f29
2024-04-05,599.64,,ft,Approved,,2025-03-11T20:44:24.741023+00:00,931ebc1c624c48f8927ac294217b8f29
2024-04-06,599.62,,ft,Approved,,2025-03-11T20:44:24.741023+00:00,931ebc1c624c48f8927ac294217b8f29
2024-04-07,599.61,,ft,Approved,,2025-03-11T20:44:24.741023+00:00,931ebc1c624c48f8927ac294217b8f29
2024-04-08,599.62,,ft,Approved,,2025-03-11T20:44:24.741023+00:00,931ebc1c624c48f8927ac294217b8f29
2024-04-09,599.72,,ft,Approved,,2025-03-11T20:44:24.741023+00:00,931ebc1c624c48f8927ac294217b8f29
2024-04-10,599.93,,ft,Approved,,2025-03-11T20:44:24.741023+00:00,931ebc1c624c48f8927ac294217b8f29
2024-04-11,599.77,,ft,Approved,,2025-03-11T20:44:24.741023+00:00,931ebc1c624c48f8927ac294217b8f29
2024-04-12,599.74,,ft,Approved,,2025-03-11T20:44:24.741023+00:00,931ebc1c624c48f8927ac294217b8f29
2024-04-13,599.72,,ft,Approved,,2025-03-11T20:44:24.741023+00:00,931ebc1c624c48f8927ac294217b8f29
2024-04-14,599.71,,ft,Approved,,2025-03-11T20:44:24.741023+00:00,931ebc1c624c48f8927ac294217b8f29
2024-04-15,599.7,,ft,Approved,,2025-03-11T20:44:24.741023+00:00,931ebc1c624c48f8927ac294217b8f29
2024-04-16,599.7,,ft,Approved,,2025-03-11T20:44:24.741023+00:00,931ebc1c624c48f8927ac294217b8f29
2024-04-17,599.69,,ft,Approved,,2025-03-11T20:44:24.741023+00:00,931ebc1c624c48f8927ac294217b8f29
2024-04-18,599.69,,ft,Approved,,2025-03-11T20:44:24.741023+00:00,931ebc1c624c48f8927ac294217b8f29
2024-04-19,599.68,,ft,Approved,,2025-03-11T20:44:24.741023+00:00,931ebc1c624c48f8927ac294217b8f29
2024-04-20,599.67,,ft,Approved,,2025-03-11T20:44:24.741023+00:00,931ebc1c624c48f8927ac294217b8f29
2024-04-21,599.76,,ft,Approved,,2025-03-11T20:44:24.741023+00:00,931ebc1c624c48f8927ac294217b8f29
2024-04-22,599.74,,ft,Approved,,2025-03-11T20:44:24.741023+00:00,931ebc1c624c48f8927ac294217b8f29
2024-04-23,599.73,,ft,Approved,,2025-03-11T20:44:24.741023+00:00,931ebc1c624c48f8927ac294217b8f29
2024-04-24,599.72,,ft,Approved,,2025-03-11T20:44:24.741023+00:00,931ebc1c624c48f8927ac294217b8f29
2024-04-25,599.72,,ft,Approved,,2025-03-11T20:44:24.741023+00:00,931ebc1c624c48f8927ac294217b8f29
2024-04-26,599.71,,ft,Approved,,2025-03-11T20:44:24.741023+00:00,931ebc1c624c48f8927ac294217b8f29
2024-04-27,599.7,,ft,Approved,,2025-03-11T20:44:24.741023+00:00,931ebc1c624c48f8927ac294217b8f29
2024-04-28,599.73,,ft,Approved,,2025-03-11T20:44:24.741023+00:00,931ebc1c624c48f8927ac294217b8f29
2024-04-29,599.76,,ft,Approved,,2025-03-11T20:44:24.741023+00:00,931ebc1c624c48f8927ac294217b8f29
2024-04-30,599.73,,ft,Approved,,2025-03-11T20:44:24.741023+00:00,931ebc1c624c48f8927ac294217b8f29
2024-05-01,599.78,,ft,Approved,,2025-03-11T20:44:24.741023+00:00,931ebc1c624c48f8927ac294217b8f29
2024-05-02,599.97,,ft,Approved,,2025-03-11T20:44:24.741023+00:00,931ebc1c624c48f8927ac294217b8f29
2024-05-03,599.79,,ft,Approved,,2025-03-11T20:44:24.741023+00:00,931ebc1c624c48f8927ac294217b8f29
2024-05-04,599.75,,ft,Approved,,2025-03-11T20:44:24.741023+00:00,931ebc1c624c48f8927ac294217b8f29
2024-05-05,600.09,,ft,Approved,,2025-03-11T20:44:24.741023+00:00,931ebc1c624c48f8927ac294217b8f29
2024-05-06,599.8,,ft,Approved,,2025-03-11T20:44:24.741023+00:00,931ebc1c624c48f8927ac294217b8f29
2024-05-07,599.75,,ft,Approved,,2025-03-11T20:44:24.741023+00:00,931ebc1c624c48f8927ac294217b8f29
2024-05-08,599.73,,ft,Approved,,2025-03-11T20:44:24.741023+00:00,931ebc1c624c48f8927ac294217b8f29
2024-05-09,599.72,,ft,Approved,,2025-03-11T20:44:24.741023+00:00,931ebc1c624c48f8927ac294217b8f29
2024-05-10,599.7,,ft,Approved,,2025-03-11T20:44:24.741023+00:00,931ebc1c624c48f8927ac294217b8f29
2024-05-11,599.68,,ft,Approved,,2025-03-11T20:44:24.741023+00:00,931ebc1c624c48f8927ac294217b8f29
2024-05-12,599.67,,ft,Approved,,2025-03-11T20:44:24.741023+00:00,931ebc1c624c48f8927ac294217b8f29
2024-05-13,599.68,,ft,Approved,,2025-03-11T20:44:24.741023+00:00,931ebc1c624c48f8927ac294217b8f29
2024-05-14,599.69,,ft,Approved,,2025-03-11T20:44:24.741023+00:00,931ebc1c624c48f8927ac294217b8f29
2024-05-15,599.68,,ft,Approved,,2025-03-11T20:44:24.741023+00:00,931ebc1c624c48f8927ac294217b8f29
2024-05-16,599.87,,ft,Approved,,2025-03-11T20:44:24.741023+00:00,931ebc1c624c48f8927ac294217b8f29
2024-05-17,599.9,,ft,Approved,,2025-03-11T20:44:24.741023+00:00,931ebc1c624c48f8927ac294217b8f29
2024-05-18,599.76,,ft,Approved,,2025-03-11T20:44:24.741023+00:00,931ebc1c624c48f8927ac294217b8f29
2024-05-19,599.73,,ft,Approved,,2025-03-11T20:44:24.741023+00:00,931ebc1c624c48f8927ac294217b8f29
2024-05-20,599.71,,ft,Approved,,2025-03-11T20:44:24.741023+00:00,931ebc1c624c48f8927ac294217b8f29
2024-05-21,599.7,,ft,Approved,,2025-03-11T20:44:24.741023+00:00,931ebc1c624c48f8927ac294217b8f29
2024-05-22,599.68,,ft,Approved,,2025-03-11T20:44:24.741023+00:00,931ebc1c624c48f8927ac294217b8f29
2024-05-23,599.67,,ft,Approved,,2025-03-11T20:44:24.741023+00:00,931ebc1c624c48f8927ac294217b8f29
2024-05-24,599.66,,ft,Approved,,2025-03-11T20:44:24.741023+00:00,931ebc1c624c48f8927ac294217b8f29
2024-05-25,599.65,,ft,Approved,,2025-03-11T20:44:24.741023+00:00,931ebc1c624c48f8927ac294217b8f29
2024-05-26,599.64,,ft,Approved,,2025-03-11T20:44:24.741023+00:00,931ebc1c624c48f8927ac294217b8f29
2024-05-27,599.62,,ft,Approved,,2025-03-11T20:44:24.741023+00:00,931ebc1c624c48f8927ac294217b8f29
2024-05-28,599.6,,ft,Approved,,2025-03-11T20:44:24.741023+00:00,931ebc1c624c48f8927ac294217b8f29
2024-05-29,599.63,,ft,Approved,,2025-03-11T20:44:24.741023+00:00,931ebc1c624c48f8927ac294217b8f29
2024-05-30,599.65,,ft,Approved,,2025-03-11T20:44:24.741023+00:00,931ebc1c624c48f8927ac294217b8f29
2024-05-31,599.91,,ft,Approved,,2025-03-11T20:44:24.741023+00:00,931ebc1c624c48f8927ac294217b8f29
2024-06-01,599.79,,ft,Approved,,2025-03-11T20:44:24.741023+00:00,931ebc1c624c48f8927ac294217b8f29
2024-06-02,599.74,,ft,Approved,,2025-03-11T20:44:24.741023+00:00,931ebc1c624c48f8927ac294217b8f29
2024-06-03,599.72,,ft,Approved,,2025-03-11T20:44:24.741023+00:00,931ebc1c624c48f8927ac294217b8f29
2024-06-04,599.7,,ft,Approved,,2025-03-11T20:44:24.741023+00:00,931ebc1c624c48f8927ac294217b8f29
2024-06-05,599.69,,ft,Approved,,2025-03-11T20:44:24.741023+00:00,931ebc1c624c48f8927ac294217b8f29
2024-06-06,599.68,,ft,Approved,,2025-03-11T20:44:24.741023+00:00,931ebc1c624c48f8927ac294217b8f29
2024-06-07,599.67,,ft,Approved,,2025-03-11T20:44:24.741023+00:00,931ebc1c624c48f8927ac294217b8f29
2024-06-08,599.64,,ft,Approved,,2025-03-11T20:44:24.741023+00:00,931ebc1c624c48f8927ac294217b8f29
2024-06-09,599.62,,ft,Approved,,2025-03-11T20:44:24.741023+00:00,931ebc1c624c48f8927ac294217b8f29
2024-06-10,599.6,,ft,Approved,,2025-03-11T20:44:24.741023+00:00,931ebc1c624c48f8927ac294217b8f29
2024-06-11,599.63,,ft,Approved,,2025-03-11T20:44:24.741023+00:00,931ebc1c624c48f8927ac294217b8f29
2024-06-12,599.76,,ft,Approved,,2025-03-11T20:44:24.741023+00:00,931ebc1c624c48f8927ac294217b8f29
2024-06-13,599.74,,ft,Approved,,2025-03-11T20:44:24.741023+00:00,931ebc1c624c48f8927ac294217b8f29
2024-06-14,599.71,,ft,Approved,,2025-03-11T20:44:24.741023+00:00,931ebc1c624c48f8927ac294217b8f29
2024-06-15,599.7,,ft,Approved,,2025-03-11T20:44:24.741023+00:00,931ebc1c624c48f8927ac294217b8f29
2024-06-16,599.67,,ft,Approved,,2025-03-11T20:44:24.741023+00:00,931ebc1c624c48f8927ac294217b8f29
2024-06-17,599.65,,ft,Approved,,2025-03-11T20:44:24.741023+00:00,931ebc1c624c48f8927ac294217b8f29
2024-06-18,599.62,,ft,Approved,,2025-03-11T20:44:24.741023+00:00,931ebc1c624c48f8927ac294217b8f29
2024-06-19,599.62,,ft,Approved,,2025-03-11T20:44:24.741023+00:00,931ebc1c624c48f8927ac294217b8f29
2024-06-20,599.85,,ft,Approved,,2025-03-11T20:44:24.741023+00:00,931ebc1c624c48f8927ac294217b8f29
2024-06-21,599.77,,ft,Approved,,2025-03-11T20:44:24.741023+00:00,931ebc1c624c48f8927ac294217b8f29
2024-06-22,599.73,,ft,Approved,,2025-03-11T20:44:24.741023+00:00,931ebc1c624c48f8927ac294217b8f29
2024-06-23,599.72,,ft,Approved,,2025-03-11T20:44:24.741023+00:00,931ebc1c624c48f8927ac294217b8f29
2024-06-24,599.7,,ft,Approved,,2025-03-11T20:44:24.741023+00:00,931ebc1c624c48f8927ac294217b8f29
2024-06-25,599.68,,ft,Approved,,2025-03-11T20:44:24.741023+00:00,931ebc1c624c48f8927ac294217b8f29
2024-06-26,599.65,,ft,Approved,,2025-03-11T20:44:24.741023+00:00,931ebc1c624c48f8927ac294217b8f29
2024-06-27,599.63,,ft,Approved,,2025-03-11T20:44:24.741023+00:00,931ebc1c624c48f8927ac294217b8f29
2024-06-28,599.61,,ft,Approved,,2025-03-11T20:44:24.741023+00:00,931ebc1c624c48f8927ac294217b8f29
2024-06-29,599.58,,ft,Approved,,2025-03-11T20:44:24.741023+00:00,931ebc1c624c48f8927ac294217b8f29
2024-06-30,599.55,,ft,Approved,,2025-03-11T20:44:24.741023+00:00,931ebc1c624c48f8927ac294217b8f29
2024-07-01,599.53,,ft,Approved,,2025-03-11T20:44:24.741023+00:00,931ebc1c624c48f8927ac294217b8f29
2024-07-02,599.5,,ft,Approved,,2025-03-11T20:44:24.741023+00:00,931ebc1c624c48f8927ac294217b8f29
2024-07-03,599.47,,ft,Approved,,2025-03-11T20:44:24.741023+00:00,931ebc1c624c48f8927ac294217b8f29
2024-07-04,599.45,,ft,Approved,,2025-03-11T20:44:24.741023+00:00,931ebc1c624c48f8927ac294217b8f29
2024-07-05,599.42,,ft,Approved,,2025-03-11T20:44:24.741023+00:00,931ebc1c624c48f8927ac294217b8f29
2024-07-06,599.39,,ft,Approved,,2025-03-11T20:44:24.741023+00:00,931ebc1c624c48f8927ac294217b8f29
2024-07-07,599.39,,ft,Approved,,2025-03-11T20:44:24.741023+00:00,931ebc1c624c48f8927ac294217b8f29
2024-07-08,599.37,,ft,Approved,,2025-03-11T20:44:24.741023+00:00,931ebc1c624c48f8927ac294217b8f29
2024-07-09,599.35,,ft,Approved,,2025-03-11T20:44:24.741023+00:00,931ebc1c624c48f8927ac294217b8f29
2024-07-10,599.33,,ft,Approved,,2025-03-11T20:44:24.741023+00:00,931ebc1c624c48f8927ac294217b8f29
2024-07-11,599.3,,ft,Approved,,2025-03-11T20:44:24.741023+00:00,931ebc1c624c48f8927ac294217b8f29
2024-07-12,599.28,,ft,Approved,,2025-03-11T20:44:24.741023+00:00,931ebc1c624c48f8927ac294217b8f29
2024-07-13,599.27,,ft,Approved,,2025-03-11T20:44:24.741023+00:00,931ebc1c624c48f8927ac294217b8f29
2024-07-14,599.26,,ft,Approved,,2025-03-11T20:44:24.741023+00:00,931ebc1c624c48f8927ac294217b8f29
2024-07-15,599.24,,ft,Approved,,2025-03-11T20:44:24.741023+00:00,931ebc1c624c48f8927ac294217b8f29
2024-07-16,599.21,,ft,Approved,,2025-03-11T20:44:24.741023+00:00,931ebc1c624c48f8927ac294217b8f29
2024-07-17,599.19,,ft,Approved,,2025-03-11T20:44:24.741023+00:00,931ebc1c624c48f8927ac294217b8f29
2024-07-18,599.21,,ft,Approved,,2025-03-11T20:44:24.741023+00:00,931ebc1c624c48f8927ac294217b8f29
2024-07-19,599.21,,ft,Approved,,2025-03-11T20:44:24.741023+00:00,931ebc1c624c48f8927ac294217b8f29
2024-07-20,599.19,,ft,Approved,,2025-03-11T20:44:24.741023+00:00,931ebc1c624c48f8927ac294217b8f29
2024-07-21,599.17,,ft,Approved,,2025-03-11T20:44:24.741023+00:00,931ebc1c624c48f8927ac294217b8f29
2024-07-22,599.17,,ft,Approved,,2025-03-11T20:44:24.741023+00:00,931ebc1c624c48f8927ac294217b8f29
2024-07-23,599.19,,ft,Approved,,2025-03-11T20:44:24.741023+00:00,931ebc1c624c48f8927ac294217b8f29
2024-07-24,599.19,,ft,Approved,,2025-03-11T20:44:24.741023+00:00,931ebc1c624c48f8927ac294217b8f29
2024-07-25,599.18,,ft,Approved,,2025-03-11T20:44:24.741023+00:00,931ebc1c624c48f8927ac294217b8f29
2024-07-26,599.18,,ft,Approved,,2025-03-11T20:44:24.741023+00:00,931ebc1c624c48f8927ac294217b8f29
2024-07-27,599.17,,ft,Approved,,2025-03-11T20:44:24.741023+00:00,931ebc1c624c48f8927ac294217b8f29
2024-07-28,599.16,,ft,Approved,,2025-03-11T20:44:24.741023+00:00,931ebc1c624c48f8927ac294217b8f29
2024-07-29,599.14,,ft,Approved,,2025-03-11T20:44:24.741023+00:00,931ebc1c624c48f8927ac294217b8f29
2024-07-30,599.12,,ft,Approved,,2025-03-11T20:44:24.741023+00:00,931ebc1c624c48f8927ac294217b8f29
2024-07-31,599.09,,ft,Approved,,2025-03-11T20:44:24.741023+00:00,931ebc1c624c48f8927ac294217b8f29
2024-08-01,599.06,,ft,Approved,,2025-03-11T20:44:24.741023+00:00,931ebc1c624c48f8927ac294217b8f29
2024-08-02,599.04,,ft,Approved,,2025-03-11T20:44:24.741023+00:00,931ebc1c624c48f8927ac294217b8f29
2024-08-03,599.02,,ft,Approved,,2025-03-11T20:44:24.741023+00:00,931ebc1c624c48f8927ac294217b8f29
2024-08-04,599.01,,ft,Approved,,2025-03-11T20:44:24.741023+00:00,931ebc1c624c48f8927ac294217b8f29
2024-08-05,599.0,,ft,Approved,,2025-03-11T20:44:24.741023+00:00,931ebc1c624c48f8927ac294217b8f29
2024-08-06,598.98,,ft,Approved,,2025-03-11T20:44:24.741023+00:00,931ebc1c624c48f8927ac294217b8f29
2024-08-07,598.95,,ft,Approved,,2025-03-11T20:44:24.741023+00:00,931ebc1c624c48f8927ac294217b8f29
2024-08-08,598.93,,ft,Approved,,2025-03-11T20:44:24.741023+00:00,931ebc1c624c48f8927ac294217b8f29
2024-08-09,598.91,,ft,Approved,,2025-03-11T20:44:24.741023+00:00,931ebc1c624c48f8927ac294217b8f29
2024-08-10,598.91,,ft,Approved,,2025-03-11T20:44:24.741023+00:00,931ebc1c624c48f8927ac294217b8f29
2024-08-11,598.89,,ft,Approved,,2025-03-11T20:44:24.741023+00:00,931ebc1c624c48f8927ac294217b8f29
2024-08-12,598.86,,ft,Approved,,2025-03-11T20:44:24.741023+00:00,931ebc1c624c48f8927ac294217b8f29
2024-08-13,598.84,,ft,Approved,,2025-03-11T20:44:24.741023+00:00,931ebc1c624c48f8927ac294217b8f29
2024-08-14,598.81,,ft,Approved,,2025-03-11T20:44:24.741023+00:00,931ebc1c624c48f8927ac294217b8f29
2024-08-15,598.79,,ft,Approved,,2025-03-11T20:44:24.741023+00:00,931ebc1c624c48f8927ac294217b8f29
2024-08-16,598.76,,ft,Approved,,2025-03-11T20:44:24.741023+00:00,931ebc1c624c48f8927ac294217b8f29
2024-08-17,598.74,,ft,Approved,,2025-03-11T20:44:24.741023+00:00,931ebc1c624c48f8927ac294217b8f29
2024-08-18,598.71,,ft,Approved,,2025-03-11T20:44:24.741023+00:00,931ebc1c624c48f8927ac294217b8f29
2024-08-19,598.69,,ft,Approved,,2025-03-11T20:44:24.741023+00:00,931ebc1c624c48f8927ac294217b8f29
2024-08-20,598.66,,ft,Approved,,2025-03-11T20:44:24.741023+00:00,931ebc1c624c48f8927ac294217b8f29
2024-08-21,598.63,,ft,Approved,,2025-03-11T20:44:24.741023+00:00,931ebc1c624c48f8927ac294217b8f29
2024-08-22,598.61,,ft,Approved,,2025-03-11T20:44:24.741023+00:00,931ebc1c624c48f8927ac294217b8f29
2024-08-23,598.58,,ft,Approved,,2025-03-11T20:44:24.741023+00:00,931ebc1c624c48f8927ac294217b8f29
2024-08-24,598.56,,ft,Approved,,2025-03-11T20:44:24.741023+00:00,931ebc1c624c48f8927ac294217b8f29
2024-08-25,598.53,,ft,Approved,,2025-03-11T20:44:24.741023+00:00,931ebc1c624c48f8927ac294217b8f29
2024-08-26,598.51,,ft,Approved,,2025-03-11T20:44:24.741023+00:00,931ebc1c624c48f8927ac294217b8f29
2024-08-27,598.54,,ft,Approved,,2025-03-11T20:44:24.741023+00:00,931ebc1c624c48f8927ac294217b8f29
2024-08-28,598.54,,ft,Approved,,2025-03-11T20:44:24.741023+00:00,931ebc1c624c48f8927ac294217b8f29
2024-08-29,598.52,,ft,Approved,,2025-03-11T20:44:24.741023+00:00,931ebc1c624c48f8927ac294217b8f29
2024-08-30,598.51,,ft,Approved,,2025-03-11T20:44:24.741023+00:00,931ebc1c624c48f8927ac294217b8f29
2024-08-31,598.49,,ft,Approved,,2025-03-11T20:44:24.741023+00:00,931ebc1c624c48f8927ac294217b8f29
2024-09-01,598.47,,ft,Approved,,2025-03-11T20:44:24.741023+00:00,931ebc1c624c48f8927ac294217b8f29
2024-09-02,598.44,,ft,Approved,,2025-03-11T20:44:24.741023+00:00,931ebc1c624c48f8927ac294217b8f29
2024-09-03,598.43,,ft,Approved,,2025-03-11T20:44:24.741023+00:00,931ebc1c624c48f8927ac294217b8f29
2024-09-04,598.41,,ft,Approved,,2025-03-11T20:44:24.741023+00:00,931ebc1c624c48f8927ac294217b8f29
2024-09-05,598.39,,ft,Approved,,2025-03-11T20:44:24.741023+00:00,931ebc1c624c48f8927ac294217b8f29
2024-09-06,598.37,,ft,Approved,,2025-03-11T20:44:24.741023+00:00,931ebc1c624c48f8927ac294217b8f29
2024-09-07,598.35,,ft,Approved,,2025-03-11T20:44:24.741023+00:00,931ebc1c624c48f8927ac294217b8f29
2024-09-08,598.32,,ft,Approved,,2025-03-11T20:44:24.741023+00:00,931ebc1c624c48f8927ac294217b8f29
2024-09-09,598.29,,ft,Approved,,2025-03-11T20:44:24.741023+00:00,931ebc1c624c48f8927ac294217b8f29
2024-09-10,598.27,,ft,Approved,,2025-03-11T20:44:24.741023+00:00,931ebc1c624c48f8927ac294217b8f29
2024-09-11,598.25,,ft,Approved,,2025-03-11T20:44:24.741023+00:00,931ebc1c624c48f8927ac294217b8f29
2024-09-12,598.24,,ft,Approved,,2025-03-11T20:44:24.741023+00:00,931ebc1c624c48f8927ac294217b8f29
2024-09-13,598.22,,ft,Approved,,2025-03-11T20:44:24.741023+00:00,931ebc1c624c48f8927ac294217b8f29
2024-09-14,598.21,,ft,Approved,,2025-03-11T20:44:24.741023+00:00,931ebc1c624c48f8927ac294217b8f29
2024-09-15,598.19,,ft,Approved,,2025-03-11T20:44:24.741023+00:00,931ebc1c624c48f8927ac294217b8f29
2024-09-16,598.17,,ft,Approved,,2025-03-11T20:44:24.741023+00:00,931ebc1c624c48f8927ac294217b8f29
2024-09-17,598.15,,ft,Approved,,2025-03-11T20:44:24.741023+00:00,931ebc1c624c48f8927ac294217b8f29
2024-09-18,598.13,,ft,Approved,,2025-03-11T20:44:24.741023+00:00,931ebc1c624c48f8927ac294217b8f29
2024-09-19,598.12,,ft,Approved,,2025-03-11T20:44:24.741023+00:00,931ebc1c624c48f8927ac294217b8f29
2024-09-20,598.1,,ft,Approved,,2025-03-11T20:44:24.741023+00:00,931ebc1c624c48f8927ac294217b8f29
2024-09-21,598.08,,ft,Approved,,2025-03-11T20:44:24.741023+00:00,931ebc1c624c48f8927ac294217b8f29
2024-09-22,598.05,,ft,Approved,,2025-03-11T20:44:24.741023+00:00,931ebc1c624c48f8927ac294217b8f29
2024-09-23,598.03,,ft,Approved,,2025-03-11T20:44:24.741023+00:00,931ebc1c624c48f8927ac294217b8f29
2024-09-24,598.02,,ft,Approved,,2025-03-11T20:44:24.741023+00:00,931ebc1c624c48f8927ac294217b8f29
2024-09-25,597.99,,ft,Approved,,2025-03-11T20:44:24.741023+00:00,931ebc1c624c48f8927ac294217b8f29
2024-09-26,597.96,,ft,Approved,,2025-03-11T20:44:24.741023+00:00,931ebc1c624c48f8927ac294217b8f29
2024-09-27,597.94,,ft,Approved,,2025-03-11T20:44:24.741023+00:00,931ebc1c624c48f8927ac294217b8f29
2024-09-28,597.92,,ft,Approved,,2025-03-11T20:44:24.741023+00:00,931ebc1c624c48f8927ac294217b8f29
2024-09-29,597.9,,ft,Approved,,2025-03-11T20:44:24.741023+00:00,931ebc1c624c48f8927ac294217b8f29
2024-09-30,597.88,,ft,Approved,,2025-03-11T20:44:24.741023+00:00,931ebc1c624c48f8927ac294217b8f29
2024-10-01,597.86,,ft,Approved,,2025-03-11T20:44:24.741023+00:00,931ebc1c624c48f8927ac294217b8f29
2024-10-02,597.84,,ft,Approved,,2025-03-11T20:44:24.741023+00:00,931ebc1c624c48f8927ac294217b8f29
2024-10-03,597.82,,ft,Approved,,2025-03-11T20:44:24.741023+00:00,931ebc1c624c48f8927ac294217b8f29
2024-10-04,597.8,,ft,Approved,,2025-03-11T20:44:24.741023+00:00,931ebc1c624c48f8927ac294217b8f29
2024-10-05,597.78,,ft,Approved,,2025-03-11T20:44:24.741023+00:00,931ebc1c624c48f8927ac294217b8f29
2024-10-06,597.77,,ft,Approved,,2025-03-11T20:44:24.741023+00:00,931ebc1c624c48f8927ac294217b8f29
2024-10-07,597.75,,ft,Approved,,2025-03-11T20:44:24.741023+00:00,931ebc1c624c48f8927ac294217b8f29
2024-10-08,597.73,,ft,Approved,,2025-03-11T20:44:24.741023+00:00,931ebc1c624c48f8927ac294217b8f29
2024-10-09,597.71,,ft,Approved,,2025-03-11T20:44:24.741023+00:00,931ebc1c624c48f8927ac294217b8f29
2024-10-10,597.7,,ft,Approved,,2025-03-11T20:44:24.741023+00:00,931ebc1c624c48f8927ac294217b8f29
2024-10-11,597.68,,ft,Approved,,2025-03-11T20:44:24.741023+00:00,931ebc1c624c48f8927ac294217b8f29
2024-10-12,597.66,,ft,Approved,,2025-03-11T20:44:24.741023+00:00,931ebc1c624c48f8927ac294217b8f29
2024-10-13,597.64,,ft,Approved,,2025-03-11T20:44:24.741023+00:00,931ebc1c624c48f8927ac294217b8f29
2024-10-14,597.62,,ft,Approved,,2025-03-11T20:44:24.741023+00:00,931ebc1c624c48f8927ac294217b8f29
2024-10-15,597.6,,ft,Approved,,2025-03-11T20:44:24.741023+00:00,931ebc1c624c48f8927ac294217b8f29
2024-10-16,597.57,,ft,Approved,,2025-03-11T20:44:24.741023+00:00,931ebc1c624c48f8927ac294217b8f29
2024-10-17,597.55,,ft,Approved,,2025-03-11T20:44:24.741023+00:00,931ebc1c624c48f8927ac294217b8f29
2024-10-18,597.53,,ft,Approved,,2025-03-11T20:44:24.741023+00:00,931ebc1c624c48f8927ac294217b8f29
2024-10-19,597.53,,ft,Approved,,2025-03-11T20:44:24.741023+00:00,931ebc1c624c48f8927ac294217b8f29
2024-10-20,597.52,,ft,Approved,,2025-03-11T20:44:24.741023+00:00,931ebc1c624c48f8927ac294217b8f29
2024-10-21,597.5,,ft,Approved,,2025-03-11T20:44:24.741023+00:00,931ebc1c624c48f8927ac294217b8f29
2024-10-22,597.49,,ft,Approved,,2025-03-11T20:44:24.741023+00:00,931ebc1c624c48f8927ac294217b8f29
2024-10-23,597.49,,ft,Approved,,2025-03-11T20:44:24.741023+00:00,931ebc1c624c48f8927ac294217b8f29
2024-10-24,597.47,,ft,Approved,,2025-03-11T20:44:24.741023+00:00,931ebc1c624c48f8927ac294217b8f29
2024-10-25,597.46,,ft,Approved,,2025-03-11T20:44:24.741023+00:00,931ebc1c624c48f8927ac294217b8f29
2024-10-26,597.45,,ft,Approved,,2025-03-11T20:44:24.741023+00:00,931ebc1c624c48f8927ac294217b8f29
2024-10-27,597.43,,ft,Approved,,2025-03-11T20:44:24.741023+00:00,931ebc1c624c48f8927ac294217b8f29
2024-10-28,597.42,,ft,Approved,,2025-03-11T20:44:24.741023+00:00,931ebc1c624c48f8927ac294217b8f29
2024-10-29,597.4,,ft,Approved,,2025-03-11T20:44:24.741023+00:00,931ebc1c624c48f8927ac294217b8f29
2024-10-30,597.38,,ft,Approved,,2025-03-11T20:44:24.741023+00:00,931ebc1c624c48f8927ac294217b8f29
2024-10-31,597.37,,ft,Approved,,2025-03-11T20:44:24.741023+00:00,931ebc1c624c48f8927ac294217b8f29
2024-11-01,597.35,,ft,Approved,,2025-03-11T20:44:24.741023+00:00,931ebc1c624c48f8927ac294217b8f29
2024-11-02,597.35,,ft,Approved,,2025-03-11T20:44:24.741023+00:00,931ebc1c624c48f8927ac294217b8f29
2024-11-03,597.35,,ft,Approved,,2025-03-11T20:44:24.741023+00:00,931ebc1c624c48f8927ac294217b8f29
2024-11-04,597.35,,ft,Approved,,2025-03-11T20:44:24.741023+00:00,931ebc1c624c48f8927ac294217b8f29
2024-11-05,597.48,,ft,Approved,,2025-03-11T20:44:24.741023+00:00,931ebc1c624c48f8927ac294217b8f29
2024-11-06,597.47,,ft,Approved,,2025-03-11T20:44:24.741023+00:00,931ebc1c624c48f8927ac294217b8f29
2024-11-07,597.46,,ft,Approved,,2025-03-11T20:44:24.741023+00:00,931ebc1c624c48f8927ac294217b8f29
2024-11-08,597.46,,ft,Approved,,2025-03-11T20:44:24.741023+00:00,931ebc1c624c48f8927ac294217b8f29
2024-11-09,597.44,,ft,Approved,,2025-03-11T20:44:24.741023+00:00,931ebc1c624c48f8927ac294217b8f29
2024-11-10,597.43,,ft,Approved,,2025-03-11T20:44:24.741023+00:00,931ebc1c624c48f8927ac294217b8f29
2024-11-11,597.42,,ft,Approved,,2025-03-11T20:44:24.741023+00:00,931ebc1c624c48f8927ac294217b8f29
2024-11-12,597.4,,ft,Approved,,2025-03-11T20:44:24.741023+00:00,931ebc1c624c48f8927ac294217b8f29
2024-11-13,597.39,,ft,Approved,,2025-03-11T20:44:24.741023+00:00,931ebc1c624c48f8927ac294217b8f29
2024-11-14,597.37,,ft,Approved,,2025-03-11T20:44:24.741023+00:00,931ebc1c624c48f8927ac294217b8f29
2024-11-15,597.35,,ft,Approved,,2025-03-11T20:44:24.741023+00:00,931ebc1c624c48f8927ac294217b8f29
2024-11-16,597.34,,ft,Approved,,2025-03-11T20:44:24.741023+00:00,931ebc1c624c48f8927ac294217b8f29
2024-11-17,597.34,,ft,Approved,,2025-03-11T20:44:24.741023+00:00,931ebc1c624c48f8927ac294217b8f29
2024-11-18,597.36,,ft,Approved,,2025-03-11T20:44:24.741023+00:00,931ebc1c624c48f8927ac294217b8f29
2024-11-19,597.36,,ft,Approved,,2025-03-11T20:44:24.741023+00:00,931ebc1c624c48f8927ac294217b8f29
2024-11-20,597.33,,ft,Approved,,2025-03-11T20:44:24.741023+00:00,931ebc1c624c48f8927ac294217b8f29
2024-11-21,597.32,,ft,Approved,,2025-03-11T20:44:24.741023+00:00,931ebc1c624c48f8927ac294217b8f29
2024-11-22,597.31,,ft,Approved,,2025-03-11T20:44:24.741023+00:00,931ebc1c624c48f8927ac294217b8f29
2024-11-23,597.3,,ft,Approved,,2025-03-11T20:44:24.741023+00:00,931ebc1c624c48f8927ac294217b8f29
2024-11-24,597.3,,ft,Approved,,2025-03-11T20:44:24.741023+00:00,931ebc1c624c48f8927ac294217b8f29
2024-11-25,597.29,,ft,Approved,,2025-03-11T20:44:24.741023+00:00,931ebc1c624c48f8927ac294217b8f29
2024-11-26,597.27,,ft,Approved,,2025-03-11T20:44:24.741023+00:00,931ebc1c624c48f8927ac294217b8f29
2024-11-27,597.26,,ft,Approved,,2025-03-11T20:44:24.741023+00:00,931ebc1c624c48f8927ac294217b8f29
2024-11-28,597.24,,ft,Approved,,2025-03-11T20:44:24.741023+00:00,931ebc1c624c48f8927ac294217b8f29
2024-11-29,597.22,,ft,Approved,,2025-03-11T20:44:24.741023+00:00,931ebc1c624c48f8927ac294217b8f29
2024-11-30,597.21,,ft,Approved,,2025-03-11T20:44:24.741023+00:00,931ebc1c624c48f8927ac294217b8f29
2024-12-01,597.21,,ft,Approved,,2025-03-11T20:44:24.741023+00:00,931ebc1c624c48f8927ac294217b8f29
2024-12-02,597.2,,ft,Approved,,2025-03-11T20:44:24.741023+00:00,931ebc1c624c48f8927ac294217b8f29
2024-12-03,597.2,,ft,Approved,,2025-03-11T20:44:24.741023+00:00,931ebc1c624c48f8927ac294217b8f29
2024-12-04,597.2,,ft,Approved,,2025-03-11T20:44:24.741023+00:00,931ebc1c624c48f8927ac294217b8f29
2024-12-05,597.21,,ft,Approved,,2025-03-11T20:44:24.741023+00:00,931ebc1c624c48f8927ac294217b8f29
2024-12-06,597.19,,ft,Approved,,2025-03-11T20:44:24.741023+00:00,931ebc1c624c48f8927ac294217b8f29
2024-12-07,597.2,,ft,Approved,,2025-03-11T20:44:24.741023+00:00,931ebc1c624c48f8927ac294217b8f29
2024-12-08,597.21,,ft,Approved,,2025-03-11T20:44:24.741023+00:00,931ebc1c624c48f8927ac294217b8f29
2024-12-09,597.22,,ft,Approved,,2025-03-11T20:44:24.741023+00:00,931ebc1c624c48f8927ac294217b8f29
2024-12-10,597.2,,ft,Approved,,2025-03-11T20:44:24.741023+00:00,931ebc1c624c48f8927ac294217b8f29
2024-12-11,597.19,,ft,Approved,,2025-03-11T20:44:24.741023+00:00,931ebc1c624c48f8927ac294217b8f29
2024-12-12,597.18,,ft,Approved,,2025-03-11T20:44:24.741023+00:00,931ebc1c624c48f8927ac294217b8f29
2024-12-13,597.18,,ft,Approved,,2025-03-11T20:44:24.741023+00:00,931ebc1c624c48f8927ac294217b8f29
2024-12-14,597.22,,ft,Approved,,2025-03-11T20:44:24.741023+00:00,931ebc1c624c48f8927ac294217b8f29
2024-12-15,597.23,,ft,Approved,,2025-03-11T20:44:24.741023+00:00,931ebc1c624c48f8927ac294217b8f29
2024-12-16,597.24,,ft,Approved,,2025-03-11T20:44:24.741023+00:00,931ebc1c624c48f8927ac294217b8f29
2024-12-17,597.24,,ft,Approved,,2025-03-11T20:44:24.741023+00:00,931ebc1c624c48f8927ac294217b8f29
2024-12-18,597.24,,ft,Approved,,2025-03-11T20:44:24.741023+00:00,931ebc1c624c48f8927ac294217b8f29
2024-12-19,597.22,,ft,Approved,,2025-03-11T20:44:24.741023+00:00,931ebc1c624c48f8927ac294217b8f29
2024-12-20,597.21,,ft,Approved,,2025-03-11T20:44:24.741023+00:00,931ebc1c624c48f8927ac294217b8f29
2024-12-21,597.2,,ft,Approved,,2025-03-11T20:44:24.741023+00:00,931ebc1c624c48f8927ac294217b8f29
2024-12-22,597.19,,ft,Approved,,2025-03-11T20:44:24.741023+00:00,931ebc1c624c48f8927ac294217b8f29
2024-12-23,597.19,,ft,Approved,,2025-03-11T20:44:24.741023+00:00,931ebc1c624c48f8927ac294217b8f29
2024-12-24,597.19,,ft,Approved,,2025-03-11T20:44:24.741023+00:00,931ebc1c624c48f8927ac294217b8f29
2024-12-25,597.18,,ft,Approved,,2025-03-11T20:44:24.741023+00:00,931ebc1c624c48f8927ac294217b8f29
2024-12-26,597.18,,ft,Approved,,2025-03-11T20:44:24.741023+00:00,931ebc1c624c48f8927ac294217b8f29
2024-12-27,597.18,,ft,Approved,,2025-03-11T20:44:24.741023+00:00,931ebc1c624c48f8927ac294217b8f29
2024-12-28,597.18,,ft,Approved,,2025-03-11T20:44:24.741023+00:00,931ebc1c624c48f8927ac294217b8f29
2024-12-29,597.16,,ft,Approved,,2025-03-11T20:44:24.741023+00:00,931ebc1c624c48f8927ac294217b8f29
2024-12-30,597.16,,ft,Approved,,2025-03-11T20:44:24.741023+00:00,931ebc1c624c48f8927ac294217b8f29
2024-12-31,597.14,,ft,Approved,,2025-03-11T20:44:24.741023+00:00,931ebc1c624c48f8927ac294217b8f29
2025-01-01,597.12,,ft,Approved,,2025-03-11T20:44:24.741023+00:00,931ebc1c624c48f8927ac294217b8f29
2025-01-02,597.11,,ft,Approved,,2025-03-11T20:44:24.741023+00:00,931ebc1c624c48f8927ac294217b8f29
2025-01-03,597.11,,ft,Approved,,2025-03-11T20:44:24.741023+00:00,931ebc1c624c48f8927ac294217b8f29
2025-01-04,597.11,,ft,Approved,,2025-03-11T20:44:24.741023+00:00,931ebc1c624c48f8927ac294217b8f29
2025-01-05,597.11,,ft,Approved,,2025-03-11T20:44:24.741023+00:00,931ebc1c624c48f8927ac294217b8f29
2025-01-06,597.07,,ft,Approved,,2025-03-11T20:44:24.741023+00:00,931ebc1c624c48f8927ac294217b8f29
2025-01-07,597.06,,ft,Approved,,2025-03-11T20:44:24.741023+00:00,931ebc1c624c48f8927ac294217b8f29
2025-01-08,597.04,,ft,Approved,,2025-03-11T20:44:24.741023+00:00,931ebc1c624c48f8927ac294217b8f29
2025-01-09,597.05,,ft,Approved,,2025-03-11T20:44:24.741023+00:00,931ebc1c624c48f8927ac294217b8f29
2025-01-10,597.1,,ft,Approved,,2025-03-11T20:44:24.741023+00:00,931ebc1c624c48f8927ac294217b8f29
2025-01-11,597.11,,ft,Approved,,2025-03-11T20:44:24.741023+00:00,931ebc1c624c48f8927ac294217b8f29
2025-01-12,597.1,,ft,Approved,,2025-03-11T20:44:24.741023+00:00,931ebc1c624c48f8927ac294217b8f29
2025-01-13,597.09,,ft,Approved,,2025-03-11T20:44:24.741023+00:00,931ebc1c624c48f8927ac294217b8f29
2025-01-14,597.09,,ft,Approved,,2025-05-28T18:43:13.090276+00:00,931ebc1c624c48f8927ac294217b8f29
2025-01-15,597.08,,ft,Approved,,2025-05-28T18:43:13.090276+00:00,931ebc1c624c48f8927ac294217b8f29
2025-01-16,597.08,,ft,Approved,,2025-05-28T18:43:13.090276+00:00,931ebc1c624c48f8927ac294217b8f29
2025-01-17,597.08,,ft,Approved,,2025-05-28T18:43:13.090276+00:00,931ebc1c624c48f8927ac294217b8f29
2025-01-18,597.07,,ft,Approved,,2025-05-28T18:43:13.090276+00:00,931ebc1c624c48f8927ac294217b8f29
2025-01-19,597.05,,ft,Approved,,2025-05-28T18:43:13.090276+00:00,931ebc1c624c48f8927ac294217b8f29
2025-01-20,597.03,,ft,Approved,,2025-05-28T18:43:13.090276+00:00,931ebc1c624c48f8927ac294217b8f29
2025-01-21,597.03,,ft,Approved,,2025-05-28T18:43:13.090276+00:00,931ebc1c624c48f8927ac294217b8f29
2025-01-22,597.03,,ft,Approved,,2025-05-28T18:43:13.090276+00:00,931ebc1c624c48f8927ac294217b8f29
2025-01-23,597.02,,ft,Approved,,2025-05-28T18:43:13.090276+00:00,931ebc1c624c48f8927ac294217b8f29
2025-01-24,597.01,,ft,Approved,,2025-05-28T18:43:13.090276+00:00,931ebc1c624c48f8927ac294217b8f29
2025-01-25,597.0,,ft,Approved,,2025-05-28T18:43:13.090276+00:00,931ebc1c624c48f8927ac294217b8f29
2025-01-26,597.02,,ft,Approved,,2025-05-28T18:43:13.090276+00:00,931ebc1c624c48f8927ac294217b8f29
2025-01-27,597.02,,ft,Approved,,2025-05-28T18:43:13.090276+00:00,931ebc1c624c48f8927ac294217b8f29
2025-01-28,597.02,,ft,Approved,,2025-05-28T18:43:13.090276+00:00,931ebc1c624c48f8927ac294217b8f29
2025-01-29,597.03,,ft,Approved,,2025-05-28T18:43:13.090276+00:00,931ebc1c624c48f8927ac294217b8f29
2025-01-30,597.08,,ft,Approved,,2025-05-28T18:43:13.090276+00:00,931ebc1c624c48f8927ac294217b8f29
2025-01-31,597.09,,ft,Approved,,2025-05-28T18:43:13.090276+00:00,931ebc1c624c48f8927ac294217b8f29
2025-02-01,597.1,,ft,Approved,,2025-05-28T18:43:13.090276+00:00,931ebc1c624c48f8927ac294217b8f29
2025-02-02,597.11,,ft,Approved,,2025-05-28T18:43:13.090276+00:00,931ebc1c624c48f8927ac294217b8f29
2025-02-03,597.11,,ft,Approved,,2025-05-28T18:43:13.090276+00:00,931ebc1c624c48f8927ac294217b8f29
2025-02-04,597.12,,ft,Approved,,2025-05-28T18:43:13.090276+00:00,931ebc1c624c48f8927ac294217b8f29
2025-02-05,597.12,,ft,Approved,,2025-05-28T18:43:13.090276+00:00,931ebc1c624c48f8927ac294217b8f29
2025-02-06,597.12,,ft,Approved,,2025-05-28T18:43:13.090276+00:00,931ebc1c624c48f8927ac294217b8f29
2025-02-07,597.12,,ft,Approved,,2025-05-28T18:43:13.090276+00:00,931ebc1c624c48f8927ac294217b8f29
2025-02-08,597.12,,ft,Approved,,2025-05-28T18:43:13.090276+00:00,931ebc1c624c48f8927ac294217b8f29
2025-02-09,597.1,,ft,Approved,,2025-05-28T18:43:13.090276+00:00,931ebc1c624c48f8927ac294217b8f29
2025-02-10,597.08,,ft,Approved,,2025-05-28T18:43:13.090276+00:00,931ebc1c624c48f8927ac294217b8f29
2025-02-11,597.12,,ft,Approved,,2025-05-28T18:43:13.090276+00:00,931ebc1c624c48f8927ac294217b8f29
2025-02-12,597.39,,ft,Approved,,2025-05-28T18:43:13.090276+00:00,931ebc1c624c48f8927ac294217b8f29
2025-02-13,597.6,,ft,Approved,,2025-05-28T18:43:13.090276+00:00,931ebc1c624c48f8927ac294217b8f29
2025-02-14,597.64,,ft,Approved,,2025-05-28T18:43:13.090276+00:00,931ebc1c624c48f8927ac294217b8f29
2025-02-15,597.68,,ft,Approved,,2025-05-28T18:43:13.090276+00:00,931ebc1c624c48f8927ac294217b8f29
2025-02-16,597.69,,ft,Approved,,2025-05-28T18:43:13.090276+00:00,931ebc1c624c48f8927ac294217b8f29
2025-02-17,597.68,,ft,Approved,,2025-05-28T18:43:13.090276+00:00,931ebc1c624c48f8927ac294217b8f29
2025-02-18,597.69,,ft,Approved,,2025-05-28T18:43:13.090276+00:00,931ebc1c624c48f8927ac294217b8f29
2025-02-19,597.68,,ft,Approved,,2025-05-28T18:43:13.090276+00:00,931ebc1c624c48f8927ac294217b8f29
2025-02-20,597.67,,ft,Approved,,2025-05-28T18:43:13.090276+00:00,931ebc1c624c48f8927ac294217b8f29
2025-02-21,597.66,,ft,Approved,,2025-05-28T18:43:13.090276+00:00,931ebc1c624c48f8927ac294217b8f29
2025-02-22,597.66,,ft,Approved,,2025-05-28T18:43:13.090276+00:00,931ebc1c624c48f8927ac294217b8f29
2025-02-23,597.68,,ft,Approved,,2025-05-28T18:43:13.090276+00:00,931ebc1c624c48f8927ac294217b8f29
2025-02-24,597.69,,ft,Approved,,2025-05-28T18:43:13.090276+00:00,931ebc1c624c48f8927ac294217b8f29
2025-02-25,597.69,,ft,Approved,,2025-05-28T18:43:13.090276+00:00,931ebc1c624c48f8927ac294217b8f29
2025-02-26,597.7,,ft,Approved,,2025-05-28T18:43:13.090276+00:00,931ebc1c624c48f8927ac294217b8f29
2025-02-27,597.68,,ft,Approved,,2025-05-28T18:43:13.090276+00:00,931ebc1c624c48f8927ac294217b8f29
2025-02-28,597.68,,ft,Approved,,2025-05-28T18:43:13.090276+00:00,931ebc1c624c48f8927ac294217b8f29
2025-03-01,597.67,,ft,Approved,,2025-05-28T18:43:13.090276+00:00,931ebc1c624c48f8927ac294217b8f29
2025-03-02,597.67,,ft,Approved,,2025-05-28T18:43:13.090276+00:00,931ebc1c624c48f8927ac294217b8f29
2025-03-03,597.66,,ft,Approved,,2025-05-28T18:43:13.090276+00:00,931ebc1c624c48f8927ac294217b8f29
2025-03-04,597.67,,ft,Approved,,2025-05-28T18:43:13.090276+00:00,931ebc1c624c48f8927ac294217b8f29
2025-03-05,597.64,,ft,Approved,,2025-05-28T18:43:13.090276+00:00,931ebc1c624c48f8927ac294217b8f29
2025-03-06,597.63,,ft,Approved,,2025-05-28T18:43:13.090276+00:00,931ebc1c624c48f8927ac294217b8f29
2025-03-07,597.63,,ft,Approved,,2025-05-28T18:43:13.090276+00:00,931ebc1c624c48f8927ac294217b8f29
2025-03-08,597.62,,ft,Approved,,2025-05-28T18:43:13.090276+00:00,931ebc1c624c48f8927ac294217b8f29
2025-03-09,597.59,,ft,Approved,,2025-05-28T18:43:13.090276+00:00,931ebc1c624c48f8927ac294217b8f29
2025-03-10,597.58,,ft,Approved,,2025-05-28T18:43:13.090276+00:00,931ebc1c624c48f8927ac294217b8f29
2025-03-11,597.57,,ft,Approved,,2025-05-28T18:43:13.090276+00:00,931ebc1c624c48f8927ac294217b8f29
2025-03-12,597.56,,ft,Approved,,2025-05-28T18:43:13.090276+00:00,931ebc1c624c48f8927ac294217b8f29
2025-03-13,597.55,,ft,Approved,,2025-05-28T18:43:13.090276+00:00,931ebc1c624c48f8927ac294217b8f29
2025-03-14,597.54,,ft,Approved,,2025-05-28T18:43:13.090276+00:00,931ebc1c624c48f8927ac294217b8f29
2025-03-15,597.52,,ft,Approved,,2025-05-28T18:43:13.090276+00:00,931ebc1c624c48f8927ac294217b8f29
2025-03-16,597.49,,ft,Approved,,2025-05-28T18:43:13.090276+00:00,931ebc1c624c48f8927ac294217b8f29
2025-03-17,597.47,,ft,Approved,,2025-05-28T18:43:13.090276+00:00,931ebc1c624c48f8927ac294217b8f29
2025-03-18,597.45,,ft,Approved,,2025-05-28T18:43:13.090276+00:00,931ebc1c624c48f8927ac294217b8f29
2025-03-19,597.42,,ft,Approved,,2025-09-19T16:13:41.144414+00:00,931ebc1c624c48f8927ac294217b8f29
2025-03-20,597.39,,ft,Approved,,2025-09-19T16:50:41.616671+00:00,931ebc1c624c48f8927ac294217b8f29
2025-03-21,597.38,,ft,Approved,,2025-09-19T16:50:41.616671+00:00,931ebc1c624c48f8927ac294217b8f29
2025-03-22,597.37,,ft,Approved,,2025-09-19T16:50:41.616671+00:00,931ebc1c624c48f8927ac294217b8f29
2025-03-23,597.36,,ft,Approved,,2025-09-19T16:50:41.616671+00:00,931ebc1c624c48f8927ac294217b8f29
2025-03-24,597.34,,ft,Approved,,2025-09-19T16:50:41.616671+00:00,931ebc1c624c48f8927ac294217b8f29
2025-03-25,597.33,,ft,Approved,,2025-09-19T16:50:41.616671+00:00,931ebc1c624c48f8927ac294217b8f29
2025-03-26,597.32,,ft,Approved,,2025-09-19T16:50:41.616671+00:00,931ebc1c624c48f8927ac294217b8f29
2025-03-27,597.34,,ft,Approved,,2025-09-19T16:50:41.616671+00:00,931ebc1c624c48f8927ac294217b8f29
2025-03-28,597.46,,ft,Approved,,2025-09-19T16:50:41.616671+00:00,931ebc1c624c48f8927ac294217b8f29
2025-03-29,597.54,,ft,Approved,,2025-09-19T16:50:41.616671+00:00,931ebc1c624c48f8927ac294217b8f29
2025-03-30,597.58,,ft,Approved,,2025-09-19T16:50:41.616671+00:00,931ebc1c624c48f8927ac294217b8f29
2025-03-31,597.58,,ft,Approved,,2025-09-19T16:50:41.616671+00:00,931ebc1c624c48f8927ac294217b8f29
2025-04-01,597.58,,ft,Approved,,2025-09-19T16:50:41.616671+00:00,931ebc1c624c48f8927ac294217b8f29
2025-04-02,597.58,,ft,Approved,,2025-09-19T16:50:41.616671+00:00,931ebc1c624c48f8927ac294217b8f29
2025-04-03,597.58,,ft,Approved,,2025-09-19T16:50:41.616671+00:00,931ebc1c624c48f8927ac294217b8f29
2025-04-04,597.57,,ft,Approved,,2025-09-19T16:50:41.616671+00:00,931ebc1c624c48f8927ac294217b8f29
2025-04-05,597.56,,ft,Approved,,2025-09-19T16:50:41.616671+00:00,931ebc1c624c48f8927ac294217b8f29
2025-04-06,597.53,,ft,Approved,,2025-09-19T16:50:41.616671+00:00,931ebc1c624c48f8927ac294217b8f29
2025-04-07,597.51,,ft,Approved,,2025-09-19T16:50:41.616671+00:00,931ebc1c624c48f8927ac294217b8f29
2025-04-08,597.5,,ft,Approved,,2025-09-19T16:50:41.616671+00:00,931ebc1c624c48f8927ac294217b8f29
2025-04-09,597.49,,ft,Approved,,2025-09-19T16:50:41.616671+00:00,931ebc1c624c48f8927ac294217b8f29
2025-04-10,597.47,,ft,Approved,,2025-09-19T16:50:41.616671+00:00,931ebc1c624c48f8927ac294217b8f29
2025-04-11,597.46,,ft,Approved,,2025-09-19T16:50:41.616671+00:00,931ebc1c624c48f8927ac294217b8f29
2025-04-12,597.44,,ft,Approved,,2025-09-19T16:50:41.616671+00:00,931ebc1c624c48f8927ac294217b8f29
2025-04-13,597.42,,ft,Approved,,2025-09-19T16:50:41.616671+00:00,931ebc1c624c48f8927ac294217b8f29
2025-04-14,597.39,,ft,Approved,,2025-09-19T16:50:41.616671+00:00,931ebc1c624c48f8927ac294217b8f29
2025-04-15,597.36,,ft,Approved,,2025-09-19T16:50:41.616671+00:00,931ebc1c624c48f8927ac294217b8f29
2025-04-16,597.34,,ft,Approved,,2025-09-19T16:50:41.616671+00:00,931ebc1c624c48f8927ac294217b8f29
2025-04-17,597.32,,ft,Approved,,2025-09-19T16:50:41.616671+00:00,931ebc1c624c48f8927ac294217b8f29
2025-04-18,597.3,,ft,Approved,,2025-09-19T16:50:41.616671+00:00,931ebc1c624c48f8927ac294217b8f29
2025-04-19,597.28,,ft,Approved,,2025-09-19T16:50:41.616671+00:00,931ebc1c624c48f8927ac294217b8f29
2025-04-20,597.27,,ft,Approved,,2025-09-19T16:50:41.616671+00:00,931ebc1c624c48f8927ac294217b8f29
2025-04-21,597.26,,ft,Approved,,2025-09-19T16:50:41.616671+00:00,931ebc1c624c48f8927ac294217b8f29
2025-04-22,597.25,,ft,Approved,,2025-09-19T16:50:41.616671+00:00,931ebc1c624c48f8927ac294217b8f29
2025-04-23,597.27,,ft,Approved,,2025-09-19T16:50:41.616671+00:00,931ebc1c624c48f8927ac294217b8f29
2025-04-24,597.27,,ft,Approved,,2025-09-19T16:50:41.616671+00:00,931ebc1c624c48f8927ac294217b8f29
2025-04-25,597.27,,ft,Approved,,2025-09-19T16:50:41.616671+00:00,931ebc1c624c48f8927ac294217b8f29
2025-04-26,597.26,,ft,Approved,,2025-09-19T16:50:41.616671+00:00,931ebc1c624c48f8927ac294217b8f29
2025-04-27,597.23,,ft,Approved,,2025-09-19T16:50:41.616671+00:00,931ebc1c624c48f8927ac294217b8f29
2025-04-28,597.22,,ft,Approved,,2025-09-19T16:50:41.616671+00:00,931ebc1c624c48f8927ac294217b8f29
2025-04-29,597.19,,ft,Approved,,2025-09-19T16:50:41.616671+00:00,931ebc1c624c48f8927ac294217b8f29
2025-04-30,597.18,,ft,Approved,,2025-09-19T16:50:41.616671+00:00,931ebc1c624c48f8927ac294217b8f29
2025-05-01,597.23,,ft,Approved,,2025-09-19T16:50:41.616671+00:00,931ebc1c624c48f8927ac294217b8f29
2025-05-02,597.22,,ft,Approved,,2025-09-19T16:50:41.616671+00:00,931ebc1c624c48f8927ac294217b8f29
2025-05-03,597.21,,ft,Approved,,2025-09-19T16:50:41.616671+00:00,931ebc1c624c48f8927ac294217b8f29
2025-05-04,597.19,,ft,Approved,,2025-09-19T16:50:41.616671+00:00,931ebc1c624c48f8927ac294217b8f29
2025-05-05,597.19,,ft,Approved,,2025-09-19T16:50:41.616671+00:00,931ebc1c624c48f8927ac294217b8f29
2025-05-06,597.36,,ft,Approved,,2025-09-19T16:50:41.616671+00:00,931ebc1c624c48f8927ac294217b8f29
2025-05-07,597.6,,ft,Approved,,2025-09-19T16:50:41.616671+00:00,931ebc1c624c48f8927ac294217b8f29
2025-05-08,597.65,,ft,Approved,,2025-09-19T16:50:41.616671+00:00,931ebc1c624c48f8927ac294217b8f29
2025-05-09,597.65,,ft,Approved,,2025-09-19T16:50:41.616671+00:00,931ebc1c624c48f8927ac294217b8f29
2025-05-10,597.64,,ft,Approved,,2025-09-19T16:50:41.616671+00:00,931ebc1c624c48f8927ac294217b8f29
2025-05-11,597.63,,ft,Approved,,2025-09-19T16:50:41.616671+00:00,931ebc1c624c48f8927ac294217b8f29
2025-05-12,597.61,,ft,Approved,,2025-09-19T16:50:41.616671+00:00,931ebc1c624c48f8927ac294217b8f29
2025-05-13,597.59,,ft,Approved,,2025-09-19T16:50:41.616671+00:00,931ebc1c624c48f8927ac294217b8f29
2025-05-14,597.57,,ft,Approved,,2025-09-19T16:50:41.616671+00:00,931ebc1c624c48f8927ac294217b8f29
2025-05-15,597.55,,ft,Approved,,2025-09-19T16:50:41.616671+00:00,931ebc1c624c48f8927ac294217b8f29
2025-05-16,597.54,,ft,Approved,,2025-09-19T16:50:41.616671+00:00,931ebc1c624c48f8927ac294217b8f29
2025-05-17,597.51,,ft,Approved,,2025-09-19T16:50:41.616671+00:00,931ebc1c624c48f8927ac294217b8f29
2025-05-18,597.49,,ft,Approved,,2025-09-19T16:50:41.616671+00:00,931ebc1c624c48f8927ac294217b8f29
2025-05-19,597.47,,ft,Approved,,2025-09-19T16:50:41.616671+00:00,931ebc1c624c48f8927ac294217b8f29
2025-05-20,597.45,,ft,Approved,,2025-09-19T16:50:41.616671+00:00,931ebc1c624c48f8927ac294217b8f29
2025-05-21,597.42,,ft,Approved,,2025-09-19T16:50:41.616671+00:00,931ebc1c624c48f8927ac294217b8f29
2025-05-22,597.4,,ft,Approved,,2025-09-19T16:50:41.616671+00:00,931ebc1c624c48f8927ac294217b8f29
2025-05-23,597.38,,ft,Approved,,2025-09-19T16:50:41.616671+00:00,931ebc1c624c48f8927ac294217b8f29
2025-05-24,597.35,,ft,Approved,,2025-09-19T16:50:41.616671+00:00,931ebc1c624c48f8927ac294217b8f29
2025-05-25,597.32,,ft,Approved,,2025-09-19T16:50:41.616671+00:00,931ebc1c624c48f8927ac294217b8f29
2025-05-26,597.32,,ft,Approved,,2025-09-19T16:50:41.616671+00:00,931ebc1c624c48f8927ac294217b8f29
2025-05-27,597.5,,ft,Approved,,2025-09-19T16:50:41.616671+00:00,931ebc1c624c48f8927ac294217b8f29
2025-05-28,597.58,,ft,Approved,,2025-09-19T16:50:41.616671+00:00,931ebc1c624c48f8927ac294217b8f29
2025-05-29,597.61,,ft,Approved,,2025-09-19T16:50:41.616671+00:00,931ebc1c624c48f8927ac294217b8f29
2025-05-30,597.92,,ft,Approved,,2025-09-19T16:50:41.616671+00:00,931ebc1c624c48f8927ac294217b8f29
2025-05-31,598.21,,ft,Approved,,2025-09-19T16:50:41.616671+00:00,931ebc1c624c48f8927ac294217b8f29
2025-06-01,598.25,,ft,Approved,,2025-09-19T16:50:41.616671+00:00,931ebc1c624c48f8927ac294217b8f29
2025-06-02,598.24,,ft,Approved,,2025-09-19T16:50:41.616671+00:00,931ebc1c624c48f8927ac294217b8f29
2025-06-03,598.24,,ft,Approved,,2025-09-19T16:50:41.616671+00:00,931ebc1c624c48f8927ac294217b8f29
2025-06-04,598.23,,ft,Approved,,2025-09-19T16:50:41.616671+00:00,931ebc1c624c48f8927ac294217b8f29
2025-06-05,598.23,,ft,Approved,,2025-09-19T16:50:41.616671+00:00,931ebc1c624c48f8927ac294217b8f29
2025-06-06,598.21,,ft,Approved,,2025-09-19T16:50:41.616671+00:00,931ebc1c624c48f8927ac294217b8f29
2025-06-07,598.17,,ft,Approved,,2025-09-19T16:50:41.616671+00:00,931ebc1c624c48f8927ac294217b8f29
2025-06-08,598.15,,ft,Approved,,2025-09-19T16:50:41.616671+00:00,931ebc1c624c48f8927ac294217b8f29
2025-06-09,598.19,,ft,Approved,,2025-09-19T16:50:41.616671+00:00,931ebc1c624c48f8927ac294217b8f29
2025-06-10,598.23,,ft,Approved,,2025-09-19T16:50:41.616671+00:00,931ebc1c624c48f8927ac294217b8f29
2025-06-11,598.66,,ft,Approved,,2025-09-19T16:50:41.616671+00:00,931ebc1c624c48f8927ac294217b8f29
2025-06-12,598.96,,ft,Approved,,2025-09-19T16:50:41.616671+00:00,931ebc1c624c48f8927ac294217b8f29
2025-06-13,599.05,,ft,Approved,,2025-09-19T16:50:41.616671+00:00,931ebc1c624c48f8927ac294217b8f29
2025-06-14,599.43,,ft,Approved,,2025-09-19T16:50:41.616671+00:00,931ebc1c624c48f8927ac294217b8f29
2025-06-15,599.56,,ft,Approved,,2025-09-19T16:50:41.616671+00:00,931ebc1c624c48f8927ac294217b8f29
2025-06-16,599.74,,ft,Approved,,2025-09-19T16:50:41.616671+00:00,931ebc1c624c48f8927ac294217b8f29
2025-06-17,599.76,,ft,Approved,,2025-09-19T16:50:41.616671+00:00,931ebc1c624c48f8927ac294217b8f29
2025-06-18,599.73,,ft,Approved,,2025-09-19T16:50:41.616671+00:00,931ebc1c624c48f8927ac294217b8f29
2025-06-19,599.71,,ft,Approved,,2025-09-19T16:50:41.616671+00:00,931ebc1c624c48f8927ac294217b8f29
2025-06-20,599.69,,ft,Approved,,2025-09-19T16:50:41.616671+00:00,931ebc1c624c48f8927ac294217b8f29
2025-06-21,599.66,,ft,Approved,,2025-09-19T16:50:41.616671+00:00,931ebc1c624c48f8927ac294217b8f29
2025-06-22,599.63,,ft,Approved,,2025-09-19T16:50:41.616671+00:00,931ebc1c624c48f8927ac294217b8f29
2025-06-23,599.6,,ft,Approved,,2025-09-19T16:50:41.616671+00:00,931ebc1c624c48f8927ac294217b8f29
2025-06-24,599.58,,ft,Approved,,2025-09-19T16:50:41.616671+00:00,931ebc1c624c48f8927ac294217b8f29
2025-06-25,599.56,,ft,Approved,,2025-09-19T16:50:41.616671+00:00,931ebc1c624c48f8927ac294217b8f29
2025-06-26,599.54,,ft,Approved,,2025-09-19T16:50:41.616671+00:00,931ebc1c624c48f8927ac294217b8f29
2025-06-27,599.53,,ft,Approved,,2025-09-19T16:50:41.616671+00:00,931ebc1c624c48f8927ac294217b8f29
2025-06-28,599.51,,ft,Approved,,2025-09-19T16:50:41.616671+00:00,931ebc1c624c48f8927ac294217b8f29
2025-06-29,599.5,,ft,Approved,,2025-09-19T16:50:41.616671+00:00,931ebc1c624c48f8927ac294217b8f29
2025-06-30,599.49,,ft,Approved,,2025-09-19T16:50:41.616671+00:00,931ebc1c624c48f8927ac294217b8f29
2025-07-01,599.47,,ft,Approved,,2025-09-19T16:50:41.616671+00:00,931ebc1c624c48f8927ac294217b8f29
2025-07-02,599.45,,ft,Approved,,2025-09-19T16:50:41.616671+00:00,931ebc1c624c48f8927ac294217b8f29
2025-07-03,599.54,,ft,Approved,,2025-09-19T16:50:41.616671+00:00,931ebc1c624c48f8927ac294217b8f29
2025-07-04,599.81,,ft,Approved,,2025-09-19T16:50:41.616671+00:00,931ebc1c624c48f8927ac294217b8f29
2025-07-05,600.16,,ft,Approved,,2025-09-19T16:50:41.616671+00:00,931ebc1c624c48f8927ac294217b8f29
2025-07-06,599.99,,ft,Approved,,2025-09-19T16:50:41.616671+00:00,931ebc1c624c48f8927ac294217b8f29
2025-07-07,599.87,,ft,Approved,,2025-09-19T16:50:41.616671+00:00,931ebc1c624c48f8927ac294217b8f29
2025-07-08,599.78,,ft,Approved,,2025-09-19T16:50:41.616671+00:00,931ebc1c624c48f8927ac294217b8f29
2025-07-09,599.75,,ft,Approved,,2025-09-19T16:50:41.616671+00:00,931ebc1c624c48f8927ac294217b8f29
2025-07-10,599.74,,ft,Approved,,2025-09-19T16:50:41.616671+00:00,931ebc1c624c48f8927ac294217b8f29
2025-07-11,599.72,,ft,Approved,,2025-09-19T16:50:41.616671+00:00,931ebc1c624c48f8927ac294217b8f29
2025-07-12,599.68,,ft,Approved,,2025-09-19T16:50:41.616671+00:00,931ebc1c624c48f8927ac294217b8f29
2025-07-13,599.68,,ft,Approved,,2025-09-19T16:50:41.616671+00:00,931ebc1c624c48f8927ac294217b8f29
2025-07-14,599.72,,ft,Approved,,2025-09-19T16:50:41.616671+00:00,931ebc1c624c48f8927ac294217b8f29
2025-07-15,599.72,,ft,Approved,,2025-09-19T16:50:41.616671+00:00,931ebc1c624c48f8927ac294217b8f29
2025-07-16,599.7,,ft,Approved,,2025-09-19T16:50:41.616671+00:00,931ebc1c624c48f8927ac294217b8f29
2025-07-17,599.68,,ft,Approved,,2025-09-19T16:50:41.616671+00:00,931ebc1c624c48f8927ac294217b8f29
2025-07-18,599.66,,ft,Approved,,2025-09-19T16:50:41.616671+00:00,931ebc1c624c48f8927ac294217b8f29
2025-07-19,599.64,,ft,Approved,,2025-09-19T16:50:41.616671+00:00,931ebc1c624c48f8927ac294217b8f29
2025-07-20,599.62,,ft,Approved,,2025-09-19T16:50:41.616671+00:00,931ebc1c624c48f8927ac294217b8f29
2025-07-21,599.59,,ft,Approved,,2025-09-19T16:50:41.616671+00:00,931ebc1c624c48f8927ac294217b8f29
2025-07-22,599.58,,ft,Approved,,2025-09-19T16:50:41.616671+00:00,931ebc1c624c48f8927ac294217b8f29
2025-07-23,599.56,,ft,Approved,,2025-09-19T16:50:41.616671+00:00,931ebc1c624c48f8927ac294217b8f29
2025-07-24,599.53,,ft,Approved,,2025-09-19T16:50:41.616671+00:00,931ebc1c624c48f8927ac294217b8f29
2025-07-25,599.52,,ft,Approved,,2025-09-19T16:50:41.616671+00:00,931ebc1c624c48f8927ac294217b8f29
2025-07-26,599.51,,ft,Approved,,2025-09-19T16:50:41.616671+00:00,931ebc1c624c48f8927ac294217b8f29
2025-07-27,599.48,,ft,Approved,,2025-09-19T16:50:41.616671+00:00,931ebc1c624c48f8927ac294217b8f29
2025-07-28,599.46,,ft,Approved,,2025-09-19T16:50:41.616671+00:00,931ebc1c624c48f8927ac294217b8f29
2025-07-29,599.44,,ft,Approved,,2025-09-19T16:50:41.616671+00:00,931ebc1c624c48f8927ac294217b8f29
2025-07-30,599.42,,ft,Approved,,2025-09-19T16:50:41.616671+00:00,931ebc1c624c48f8927ac294217b8f29
2025-07-31,599.39,,ft,Approved,,2025-09-19T16:50:41.616671+00:00,931ebc1c624c48f8927ac294217b8f29
2025-08-01,599.36,,ft,Approved,,2025-09-19T16:50:41.616671+00:00,931ebc1c624c48f8927ac294217b8f29
2025-08-02,599.34,,ft,Approved,,2025-09-19T16:50:41.616671+00:00,931ebc1c624c48f8927ac294217b8f29
2025-08-03,599.32,,ft,Approved,,2025-09-19T16:50:41.616671+00:00,931ebc1c624c48f8927ac294217b8f29
2025-08-04,599.31,,ft,Approved,,2025-09-19T16:50:41.616671+00:00,931ebc1c624c48f8927ac294217b8f29
2025-08-05,599.29,,ft,Approved,,2025-09-19T16:50:41.616671+00:00,931ebc1c624c48f8927ac294217b8f29
2025-08-06,599.28,,ft,Approved,,2025-12-04T22:21:15.632535+00:00,931ebc1c624c48f8927ac294217b8f29
2025-08-07,599.26,,ft,Approved,,2025-12-04T22:21:15.632535+00:00,931ebc1c624c48f8927ac294217b8f29
2025-08-08,599.24,,ft,Approved,,2025-12-04T22:21:15.632535+00:00,931ebc1c624c48f8927ac294217b8f29
2025-08-09,599.22,,ft,Approved,,2025-12-04T22:21:15.632535+00:00,931ebc1c624c48f8927ac294217b8f29
2025-08-10,599.19,,ft,Approved,,2025-12-04T22:21:15.632535+00:00,931ebc1c624c48f8927ac294217b8f29
2025-08-11,599.17,,ft,Approved,,2025-12-04T22:21:15.632535+00:00,931ebc1c624c48f8927ac294217b8f29
2025-08-12,599.15,,ft,Approved,,2025-12-04T22:21:15.632535+00:00,931ebc1c624c48f8927ac294217b8f29
2025-08-13,599.12,,ft,Approved,,2025-12-04T22:21:15.632535+00:00,931ebc1c624c48f8927ac294217b8f29
2025-08-14,599.1,,ft,Approved,,2025-12-04T22:21:15.632535+00:00,931ebc1c624c48f8927ac294217b8f29
2025-08-15,599.08,,ft,Approved,,2025-12-04T22:21:15.632535+00:00,931ebc1c624c48f8927ac294217b8f29
2025-08-16,599.06,,ft,Approved,,2025-12-04T22:21:15.632535+00:00,931ebc1c624c48f8927ac294217b8f29
2025-08-17,599.04,,ft,Approved,,2025-12-04T22:21:15.632535+00:00,931ebc1c624c48f8927ac294217b8f29
2025-08-18,599.01,,ft,Approved,,2025-12-04T22:21:15.632535+00:00,931ebc1c624c48f8927ac294217b8f29
2025-08-19,599.0,,ft,Approved,,2025-12-04T22:21:15.632535+00:00,931ebc1c624c48f8927ac294217b8f29
2025-08-20,598.98,,ft,Approved,,2025-12-04T22:21:15.632535+00:00,931ebc1c624c48f8927ac294217b8f29
2025-08-21,598.98,,ft,Approved,,2025-12-04T22:21:15.632535+00:00,931ebc1c624c48f8927ac294217b8f29
2025-08-22,598.99,,ft,Approved,,2025-12-04T22:21:15.632535+00:00,931ebc1c624c48f8927ac294217b8f29
2025-08-23,598.97,,ft,Approved,,2025-12-04T22:21:15.632535+00:00,931ebc1c624c48f8927ac294217b8f29
2025-08-24,598.96,,ft,Approved,,2025-12-04T22:21:15.632535+00:00,931ebc1c624c48f8927ac294217b8f29
2025-08-25,598.94,,ft,Approved,,2025-12-04T22:21:15.632535+00:00,931ebc1c624c48f8927ac294217b8f29
2025-08-26,598.92,,ft,Approved,,2025-12-04T22:21:15.632535+00:00,931ebc1c624c48f8927ac294217b8f29
2025-08-27,598.9,,ft,Approved,,2025-12-04T22:21:15.632535+00:00,931ebc1c624c48f8927ac294217b8f29
2025-08-28,598.88,,ft,Approved,,2025-12-04T22:21:15.632535+00:00,931ebc1c624c48f8927ac294217b8f29
2025-08-29,598.85,,ft,Approved,,2025-12-04T22:21:15.632535+00:00,931ebc1c624c48f8927ac294217b8f29
2025-08-30,598.83,,ft,Approved,,2025-12-04T22:21:15.632535+00:00,931ebc1c624c48f8927ac294217b8f29
2025-08-31,598.81,,ft,Approved,,2025-12-04T22:21:15.632535+00:00,931ebc1c624c48f8927ac294217b8f29
2025-09-01,598.79,,ft,Approved,,2025-12-04T22:21:15.632535+00:00,931ebc1c624c48f8927ac294217b8f29
2025-09-02,598.78,,ft,Approved,,2025-12-04T22:21:15.632535+00:00,931ebc1c624c48f8927ac294217b8f29
2025-09-03,598.75,,ft,Approved,,2025-12-04T22:21:15.632535+00:00,931ebc1c624c48f8927ac294217b8f29
2025-09-04,598.73,,ft,Approved,,2025-12-04T22:21:15.632535+00:00,931ebc1c624c48f8927ac294217b8f29
2025-09-05,598.7,,ft,Approved,,2025-12-04T22:21:15.632535+00:00,931ebc1c624c48f8927ac294217b8f29
2025-09-06,598.68,,ft,Approved,,2025-12-04T22:21:15.632535+00:00,931ebc1c624c48f8927ac294217b8f29
2025-09-07,598.66,,ft,Approved,,2025-12-04T22:21:15.632535+00:00,931ebc1c624c48f8927ac294217b8f29
2025-09-08,598.65,,ft,Approved,,2025-12-04T22:21:15.632535+00:00,931ebc1c624c48f8927ac294217b8f29
2025-09-09,598.63,,ft,Approved,,2025-12-04T22:21:15.632535+00:00,931ebc1c624c48f8927ac294217b8f29
2025-09-10,598.62,,ft,Approved,,2025-12-04T22:21:15.632535+00:00,931ebc1c624c48f8927ac294217b8f29
2025-09-11,598.58,,ft,Approved,,2025-12-04T22:21:15.632535+00:00,931ebc1c624c48f8927ac294217b8f29
2025-09-12,598.57,,ft,Approved,,2025-12-04T22:21:15.632535+00:00,931ebc1c624c48f8927ac294217b8f29
2025-09-13,598.56,,ft,Approved,,2025-12-04T22:21:15.632535+00:00,931ebc1c624c48f8927ac294217b8f29
2025-09-14,598.53,,ft,Approved,,2025-12-04T22:21:15.632535+00:00,931ebc1c624c48f8927ac294217b8f29
2025-09-15,598.51,,ft,Approved,,2025-12-04T22:21:15.632535+00:00,931ebc1c624c48f8927ac294217b8f29
2025-09-16,598.49,,ft,Approved,,2025-12-04T22:21:15.632535+00:00,931ebc1c624c48f8927ac294217b8f29
2025-09-17,598.48,,ft,Approved,,2025-12-04T22:21:15.632535+00:00,931ebc1c624c48f8927ac294217b8f29
2025-09-18,598.46,,ft,Approved,,2025-12-04T22:21:15.632535+00:00,931ebc1c624c48f8927ac294217b8f29
2025-09-19,598.44,,ft,Approved,,2025-12-04T22:21:15.632535+00:00,931ebc1c624c48f8927ac294217b8f29
2025-09-20,598.43,,ft,Approved,,2025-12-04T22:21:15.632535+00:00,931ebc1c624c48f8927ac294217b8f29
2025-09-21,598.41,,ft,Approved,,2025-12-04T22:21:15.632535+00:00,931ebc1c624c48f8927ac294217b8f29
2025-09-22,598.39,,ft,Approved,,2025-12-04T22:21:15.632535+00:00,931ebc1c624c48f8927ac294217b8f29
2025-09-23,598.37,,ft,Approved,,2025-12-04T22:21:15.632535+00:00,931ebc1c624c48f8927ac294217b8f29
2025-09-24,598.34,,ft,Approved,,2025-12-10T22:02:13.673172+00:00,931ebc1c624c48f8927ac294217b8f29
2025-09-25,598.32,,ft,Approved,,2025-12-10T22:02:13.673172+00:00,931ebc1c624c48f8927ac294217b8f29
2025-09-26,598.31,,ft,Approved,,2025-12-10T22:02:13.673172+00:00,931ebc1c624c48f8927ac294217b8f29
2025-09-27,598.29,,ft,Approved,,2025-12-10T22:02:13.673172+00:00,931ebc1c624c48f8927ac294217b8f29
2025-09-28,598.27,,ft,Approved,,2025-12-10T22:02:13.673172+00:00,931ebc1c624c48f8927ac294217b8f29
2025-09-29,598.25,,ft,Approved,,2025-12-10T22:02:13.673172+00:00,931ebc1c624c48f8927ac294217b8f29
2025-09-30,598.23,,ft,Approved,,2025-12-10T22:02:13.673172+00:00,931ebc1c624c48f8927ac294217b8f29
2025-10-01,598.21,,ft,Approved,,2025-12-10T22:02:13.673172+00:00,931ebc1c624c48f8927ac294217b8f29
2025-10-02,598.2,,ft,Approved,,2025-12-10T22:02:13.673172+00:00,931ebc1c624c48f8927ac294217b8f29
2025-10-03,598.18,,ft,Approved,,2025-12-10T22:02:13.673172+00:00,931ebc1c624c48f8927ac294217b8f29
2025-10-04,598.16,,ft,Approved,,2025-12-10T22:02:13.673172+00:00,931ebc1c624c48f8927ac294217b8f29
2025-10-05,598.14,,ft,Approved,,2025-12-10T22:02:13.673172+00:00,931ebc1c624c48f8927ac294217b8f29
2025-10-06,598.12,,ft,Approved,,2025-12-10T22:02:13.673172+00:00,931ebc1c624c48f8927ac294217b8f29
2025-10-07,598.11,,ft,Approved,,2025-12-10T22:02:13.673172+00:00,931ebc1c624c48f8927ac294217b8f29
2025-10-08,598.09,,ft,Approved,,2025-12-10T22:02:13.673172+00:00,931ebc1c624c48f8927ac294217b8f29
2025-10-09,598.06,,ft,Approved,,2025-12-10T22:02:13.673172+00:00,931ebc1c624c48f8927ac294217b8f29
2025-10-10,598.06,,ft,Approved,,2025-12-10T22:02:13.673172+00:00,931ebc1c624c48f8927ac294217b8f29
2025-10-11,598.04,,ft,Approved,,2025-12-10T22:02:13.673172+00:00,931ebc1c624c48f8927ac294217b8f29
2025-10-12,598.02,,ft,Approved,,2025-12-10T22:02:13.673172+00:00,931ebc1c624c48f8927ac294217b8f29
2025-10-13,598.01,,ft,Approved,,2025-12-10T22:02:13.673172+00:00,931ebc1c624c48f8927ac294217b8f29
2025-10-14,597.98,,ft,Approved,,2025-12-10T22:02:13.673172+00:00,931ebc1c624c48f8927ac294217b8f29
2025-10-15,597.97,,ft,Approved,,2025-12-10T22:02:13.673172+00:00,931ebc1c624c48f8927ac294217b8f29
2025-10-16,597.95,,ft,Approved,,2025-12-10T22:02:13.673172+00:00,931ebc1c624c48f8927ac294217b8f29
2025-10-17,597.94,,ft,Approved,,2025-12-10T22:02:13.673172+00:00,931ebc1c624c48f8927ac294217b8f29
2025-10-18,597.93,,ft,Approved,,2025-12-10T22:02:13.673172+00:00,931ebc1c624c48f8927ac294217b8f29
2025-10-19,597.91,,ft,Approved,,2025-12-10T22:02:13.673172+00:00,931ebc1c624c48f8927ac294217b8f29
2025-10-20,597.89,,ft,Approved,,2025-12-10T22:02:13.673172+00:00,931ebc1c624c48f8927ac294217b8f29
2025-10-21,597.87,,ft,Approved,,2025-12-10T22:02:13.673172+00:00,931ebc1c624c48f8927ac294217b8f29
2025-10-22,597.85,,ft,Approved,,2025-12-10T22:02:13.673172+00:00,931ebc1c624c48f8927ac294217b8f29
2025-10-23,597.83,,ft,Approved,,2025-12-10T22:02:13.673172+00:00,931ebc1c624c48f8927ac294217b8f29
2025-10-24,597.82,,ft,Approved,,2025-12-10T22:02:13.673172+00:00,931ebc1c624c48f8927ac294217b8f29
2025-10-25,597.99,,ft,Approved,,2025-12-10T22:02:13.673172+00:00,931ebc1c624c48f8927ac294217b8f29
2025-10-26,598.05,,ft,Approved,,2025-12-10T22:02:13.673172+00:00,931ebc1c624c48f8927ac294217b8f29
2025-10-27,598.05,,ft,Approved,,2025-12-10T22:02:13.673172+00:00,931ebc1c624c48f8927ac294217b8f29
2025-10-28,598.04,,ft,Approved,,2025-12-10T22:02:13.673172+00:00,931ebc1c624c48f8927ac294217b8f29
2025-10-29,598.0,,ft,Approved,,2025-12-10T22:02:13.673172+00:00,931ebc1c624c48f8927ac294217b8f29
2025-10-30,597.97,,ft,Approved,,2025-12-10T22:02:13.673172+00:00,931ebc1c624c48f8927ac294217b8f29
2025-10-31,597.96,,ft,Approved,,2025-12-10T22:02:13.673172+00:00,931ebc1c624c48f8927ac294217b8f29
2025-11-01,597.95,,ft,Approved,,2025-12-10T22:02:13.673172+00:00,931ebc1c624c48f8927ac294217b8f29
2025-11-02,597.95,,ft,Approved,,2025-12-10T22:02:13.673172+00:00,931ebc1c624c48f8927ac294217b8f29
2025-11-03,597.94,,ft,Approved,,2025-12-10T22:02:13.673172+00:00,931ebc1c624c48f8927ac294217b8f29
2025-11-04,597.93,,ft,Approved,,2025-12-10T22:02:13.673172+00:00,931ebc1c624c48f8927ac294217b8f29
2025-11-05,597.92,,ft,Approved,,2025-12-10T22:02:13.673172+00:00,931ebc1c624c48f8927ac294217b8f29
2025-11-06,597.91,,ft,Approved,,2025-12-10T22:02:13.673172+00:00,931ebc1c624c48f8927ac294217b8f29
2025-11-07,597.91,,ft,Approved,,2025-12-10T22:02:13.673172+00:00,931ebc1c624c48f8927ac294217b8f29
2025-11-08,597.89,,ft,Approved,,2025-12-10T22:02:13.673172+00:00,931ebc1c624c48f8927ac294217b8f29
2025-11-09,597.87,,ft,Approved,,2025-12-10T22:02:13.673172+00:00,931ebc1c624c48f8927ac294217b8f29
2025-11-10,597.84,,ft,Approved,,2025-12-10T22:02:13.673172+00:00,931ebc1c624c48f8927ac294217b8f29
2025-11-11,597.83,,ft,Approved,,2025-12-10T22:02:13.673172+00:00,931ebc1c624c48f8927ac294217b8f29
2025-11-12,597.81,,ft,Approved,,2025-12-10T22:02:13.673172+00:00,931ebc1c624c48f8927ac294217b8f29
2025-11-13,597.81,,ft,Approved,,2025-12-10T22:02:13.673172+00:00,931ebc1c624c48f8927ac294217b8f29
2025-11-14,597.81,,ft,Approved,,2025-12-10T22:02:13.673172+00:00,931ebc1c624c48f8927ac294217b8f29
2025-11-15,597.81,,ft,Approved,,2025-12-10T22:02:13.673172+00:00,931ebc1c624c48f8927ac294217b8f29
2025-11-16,597.79,,ft,Approved,,2025-12-10T22:02:13.673172+00:00,931ebc1c624c48f8927ac294217b8f29
2025-11-17,597.79,,ft,Approved,,2025-12-10T22:02:13.673172+00:00,931ebc1c624c48f8927ac294217b8f29
2025-11-18,597.78,,ft,Approved,,2025-12-10T22:02:13.673172+00:00,931ebc1c624c48f8927ac294217b8f29
2025-11-19,597.77,,ft,Approved,,2026-02-24T16:39:27.962606+00:00,931ebc1c624c48f8927ac294217b8f29
2025-11-20,597.82,,ft,Approved,,2026-02-24T16:39:27.962606+00:00,931ebc1c624c48f8927ac294217b8f29
2025-11-21,598.03,,ft,Approved,,2026-02-24T16:39:27.962606+00:00,931ebc1c624c48f8927ac294217b8f29
2025-11-22,598.1,,ft,Approved,,2026-02-24T16:39:27.962606+00:00,931ebc1c624c48f8927ac294217b8f29
2025-11-23,598.1,,ft,Approved,,2026-02-24T16:39:27.962606+00:00,931ebc1c624c48f8927ac294217b8f29
2025-11-24,598.12,,ft,Approved,,2026-02-24T16:39:27.962606+00:00,931ebc1c624c48f8927ac294217b8f29
2025-11-25,598.12,,ft,Approved,,2026-02-24T16:39:27.962606+00:00,931ebc1c624c48f8927ac294217b8f29
2025-11-26,598.11,,ft,Approved,,2026-02-24T16:39:27.962606+00:00,931ebc1c624c48f8927ac294217b8f29
2025-11-27,598.08,,ft,Approved,,2026-02-24T16:39:27.962606+00:00,931ebc1c624c48f8927ac294217b8f29
2025-11-28,598.07,,ft,Approved,,2026-02-24T16:39:27.962606+00:00,931ebc1c624c48f8927ac294217b8f29
2025-11-29,598.07,,ft,Approved,,2026-02-24T16:39:27.962606+00:00,931ebc1c624c48f8927ac294217b8f29
2025-11-30,598.05,,ft,Approved,,2026-02-24T16:39:27.962606+00:00,931ebc1c624c48f8927ac294217b8f29
2025-12-01,598.03,,ft,Approved,,2026-02-24T16:39:27.962606+00:00,931ebc1c624c48f8927ac294217b8f29
2025-12-02,598.02,,ft,Approved,,2026-02-24T16:39:27.962606+00:00,931ebc1c624c48f8927ac294217b8f29
2025-12-03,598.02,,ft,Approved,,2026-02-24T16:39:27.962606+00:00,931ebc1c624c48f8927ac294217b8f29
2025-12-04,598.03,,ft,Approved,,2026-02-24T16:39:27.962606+00:00,931ebc1c624c48f8927ac294217b8f29
2025-12-05,598.02,,ft,Approved,,2026-02-24T16:39:27.962606+00:00,931ebc1c624c48f8927ac294217b8f29
2025-12-06,598.02,,ft,Approved,,2026-02-24T16:39:27.962606+00:00,931ebc1c624c48f8927ac294217b8f29
2025-12-07,598.01,,ft,Approved,,2026-02-24T16:39:27.962606+00:00,931ebc1c624c48f8927ac294217b8f29
2025-12-08,598.0,,ft,Approved,,2026-02-24T16:39:27.962606+00:00,931ebc1c624c48f8927ac294217b8f29
2025-12-09,598.0,,ft,Approved,,2026-02-24T16:39:27.962606+00:00,931ebc1c624c48f8927ac294217b8f29
2025-12-10,597.99,,ft,Approved,,2026-02-24T16:39:27.962606+00:00,931ebc1c624c48f8927ac294217b8f29
2025-12-11,597.98,,ft,Approved,,2026-02-24T16:39:27.962606+00:00,931ebc1c624c48f8927ac294217b8f29
2025-12-12,597.97,,ft,Approved,,2026-02-24T16:39:27.962606+00:00,931ebc1c624c48f8927ac294217b8f29
2025-12-13,597.97,,ft,Approved,,2026-02-24T16:39:27.962606+00:00,931ebc1c624c48f8927ac294217b8f29
2025-12-14,597.96,,ft,Approved,,2026-02-24T16:39:27.962606+00:00,931ebc1c624c48f8927ac294217b8f29
2025-12-15,597.94,,ft,Approved,,2026-02-24T16:39:27.962606+00:00,931ebc1c624c48f8927ac294217b8f29
2025-12-16,597.93,,ft,Approved,,2026-02-24T16:39:27.962606+00:00,931ebc1c624c48f8927ac294217b8f29
2025-12-17,597.95,,ft,Approved,,2026-02-24T16:39:27.962606+00:00,931ebc1c624c48f8927ac294217b8f29
2025-12-18,597.96,,ft,Approved,,2026-02-24T16:39:27.962606+00:00,931ebc1c624c48f8927ac294217b8f29
2025-12-19,597.95,,ft,Approved,,2026-02-24T16:39:27.962606+00:00,931ebc1c624c48f8927ac294217b8f29
2025-12-20,597.95,,ft,Approved,,2026-02-24T16:39:27.962606+00:00,931ebc1c624c48f8927ac294217b8f29
2025-12-21,597.93,,ft,Approved,,2026-02-24T16:39:27.962606+00:00,931ebc1c624c48f8927ac294217b8f29
2025-12-22,597.93,,ft,Approved,,2026-02-24T16:39:27.962606+00:00,931ebc1c624c48f8927ac294217b8f29
2025-12-23,597.94,,ft,Approved,,2026-02-24T16:39:27.962606+00:00,931ebc1c624c48f8927ac294217b8f29
2025-12-24,597.93,,ft,Approved,,2026-02-24T16:39:27.962606+00:00,931ebc1c624c48f8927ac294217b8f29
2025-12-25,597.93,,ft,Approved,,2026-02-24T16:39:27.962606+00:00,931ebc1c624c48f8927ac294217b8f29
2025-12-26,597.93,,ft,Approved,,2026-02-24T16:39:27.962606+00:00,931ebc1c624c48f8927ac294217b8f29
2025-12-27,597.94,,ft,Approved,,2026-02-24T16:39:27.962606+00:00,931ebc1c624c48f8927ac294217b8f29
2025-12-28,597.93,,ft,Approved,,2026-02-24T16:39:27.962606+00:00,931ebc1c624c48f8927ac294217b8f29
2025-12-29,597.89,,ft,Approved,,2026-02-24T16:39:27.962606+00:00,931ebc1c624c48f8927ac294217b8f29
2025-12-30,597.87,,ft,Approved,,2026-02-24T16:39:27.962606+00:00,931ebc1c624c48f8927ac294217b8f29
2025-12-31,597.86,,ft,Approved,,2026-02-24T16:39:27.962606+00:00,931ebc1c624c48f8927ac294217b8f29
2026-01-01,597.84,,ft,Approved,,2026-02-24T16:39:27.962606+00:00,931ebc1c624c48f8927ac294217b8f29
2026-01-02,597.83,,ft,Approved,,2026-02-24T16:39:27.962606+00:00,931ebc1c624c48f8927ac294217b8f29
2026-01-03,597.82,,ft,Approved,,2026-02-24T16:39:27.962606+00:00,931ebc1c624c48f8927ac294217b8f29
2026-01-04,597.81,,ft,Approved,,2026-02-24T16:39:27.962606+00:00,931ebc1c624c48f8927ac294217b8f29
2026-01-05,597.81,,ft,Approved,,2026-02-24T16:39:27.962606+00:00,931ebc1c624c48f8927ac294217b8f29
2026-01-06,597.81,,ft,Approved,,2026-02-24T16:39:27.962606+00:00,931ebc1c624c48f8927ac294217b8f29
2026-01-07,597.81,,ft,Approved,,2026-02-24T16:39:27.962606+00:00,931ebc1c624c48f8927ac294217b8f29
2026-01-08,597.81,,ft,Approved,,2026-02-24T16:39:27.962606+00:00,931ebc1c624c48f8927ac294217b8f29
2026-01-09,597.8,,ft,Approved,,2026-02-24T16:39:27.962606+00:00,931ebc1c624c48f8927ac294217b8f29
2026-01-10,597.77,,ft,Approved,,2026-02-24T16:39:27.962606+00:00,931ebc1c624c48f8927ac294217b8f29
2026-01-11,597.75,,ft,Approved,,2026-02-24T16:39:27.962606+00:00,931ebc1c624c48f8927ac294217b8f29
2026-01-12,597.74,,ft,Approved,,2026-02-24T16:39:27.962606+00:00,931ebc1c624c48f8927ac294217b8f29
2026-01-13,597.74,,ft,Approved,,2026-02-24T16:39:27.962606+00:00,931ebc1c624c48f8927ac294217b8f29
2026-01-14,597.74,,ft,Approved,,2026-02-24T16:39:27.962606+00:00,931ebc1c624c48f8927ac294217b8f29
2026-01-15,597.73,,ft,Approved,,2026-02-24T16:39:27.962606+00:00,931ebc1c624c48f8927ac294217b8f29
2026-01-16,597.71,,ft,Approved,,2026-02-24T16:39:27.962606+00:00,931ebc1c624c48f8927ac294217b8f29
2026-01-17,597.69,,ft,Approved,,2026-02-24T16:39:27.962606+00:00,931ebc1c624c48f8927ac294217b8f29
2026-01-18,597.67,,ft,Approved,,2026-02-24T16:39:27.962606+00:00,931ebc1c624c48f8927ac294217b8f29
2026-01-19,597.67,,ft,Approved,,2026-02-24T16:39:27.962606+00:00,931ebc1c624c48f8927ac294217b8f29
2026-01-20,597.66,,ft,Approved,,2026-02-24T16:39:27.962606+00:00,931ebc1c624c48f8927ac294217b8f29
2026-01-21,597.66,,ft,Approved,,2026-02-24T16:39:27.962606+00:00,931ebc1c624c48f8927ac294217b8f29
2026-01-22,597.67,,ft,Approved,,2026-02-24T16:39:27.962606+00:00,931ebc1c624c48f8927ac294217b8f29
2026-01-23,597.67,,ft,Approved,,2026-02-24T16:39:27.962606+00:00,931ebc1c624c48f8927ac294217b8f29
2026-01-24,597.73,,ft,Approved,,2026-02-24T16:39:27.962606+00:00,931ebc1c624c48f8927ac294217b8f29
2026-01-25,597.83,,ft,Approved,,2026-02-24T16:39:27.962606+00:00,931ebc1c624c48f8927ac294217b8f29
2026-01-26,597.9,,ft,Approved,,2026-02-24T16:39:27.962606+00:00,931ebc1c624c48f8927ac294217b8f29
2026-01-27,597.95,,ft,Approved,,2026-02-24T16:39:27.962606+00:00,931ebc1c624c48f8927ac294217b8f29
2026-01-28,597.99,,ft,Approved,,2026-02-24T16:39:27.962606+00:00,931ebc1c624c48f8927ac294217b8f29
2026-01-29,598.02,,ft,Approved,,2026-02-24T16:39:27.962606+00:00,931ebc1c624c48f8927ac294217b8f29
2026-01-30,598.03,,ft,Approved,,2026-02-24T16:39:27.962606+00:00,931ebc1c624c48f8927ac294217b8f29
2026-01-31,598.03,,ft,Approved,,2026-02-24T16:39:27.962606+00:00,931ebc1c624c48f8927ac294217b8f29
2026-02-01,598.03,,ft,Approved,,2026-02-24T16:39:27.962606+00:00,931ebc1c624c48f8927ac294217b8f29
2026-02-02,598.04,,ft,Approved,,2026-02-24T16:39:27.962606+00:00,931ebc1c624c48f8927ac294217b8f29
2026-02-03,598.06,,ft,Approved,,2026-02-24T16:39:27.962606+00:00,931ebc1c624c48f8927ac294217b8f29
2026-02-04,598.06,,ft,Approved,,2026-02-24T16:39:27.962606+00:00,931ebc1c624c48f8927ac294217b8f29
2026-02-05,598.05,,ft,Approved,,2026-02-24T16:39:27.962606+00:00,931ebc1c624c48f8927ac294217b8f29
2026-02-06,598.05,,ft,Approved,,2026-02-24T16:39:27.962606+00:00,931ebc1c624c48f8927ac294217b8f29
2026-02-07,598.05,,ft,Approved,,2026-02-24T16:39:27.962606+00:00,931ebc1c624c48f8927ac294217b8f29
2026-02-08,598.04,,ft,Approved,,2026-02-24T16:39:27.962606+00:00,931ebc1c624c48f8927ac294217b8f29
2026-02-09,598.04,,ft,Approved,,2026-02-24T16:39:27.962606+00:00,931ebc1c624c48f8927ac294217b8f29
2026-02-10,598.03,,ft,Approved,,2026-02-24T16:39:27.962606+00:00,931ebc1c624c48f8927ac294217b8f29
2026-02-11,598.03,,ft,Approved,,2026-05-12T17:47:29.344505+00:00,931ebc1c624c48f8927ac294217b8f29
2026-02-12,598.03,,ft,Approved,,2026-05-12T17:47:29.344505+00:00,931ebc1c624c48f8927ac294217b8f29
2026-02-13,598.03,,ft,Approved,,2026-05-12T17:47:29.344505+00:00,931ebc1c624c48f8927ac294217b8f29
2026-02-14,598.04,,ft,Approved,,2026-05-12T17:47:29.344505+00:00,931ebc1c624c48f8927ac294217b8f29
2026-02-15,598.07,,ft,Approved,,2026-05-12T17:47:29.344505+00:00,931ebc1c624c48f8927ac294217b8f29
2026-02-16,598.08,,ft,Approved,,2026-05-12T17:47:29.344505+00:00,931ebc1c624c48f8927ac294217b8f29
2026-02-17,598.09,,ft,Approved,,2026-05-12T17:47:29.344505+00:00,931ebc1c624c48f8927ac294217b8f29
2026-02-18,598.09,,ft,Approved,,2026-05-12T17:47:29.344505+00:00,931ebc1c624c48f8927ac294217b8f29
2026-02-19,598.09,,ft,Approved,,2026-05-12T17:47:29.344505+00:00,931ebc1c624c48f8927ac294217b8f29
2026-02-20,598.08,,ft,Approved,,2026-05-12T17:47:29.344505+00:00,931ebc1c624c48f8927ac294217b8f29
2026-02-21,598.05,,ft,Approved,,2026-05-12T17:47:29.344505+00:00,931ebc1c624c48f8927ac294217b8f29
2026-02-22,598.03,,ft,Approved,,2026-05-12T17:47:29.344505+00:00,931ebc1c624c48f8927ac294217b8f29
2026-02-23,598.01,,ft,Approved,,2026-05-12T17:47:29.344505+00:00,931ebc1c624c48f8927ac294217b8f29
2026-02-24,598.01,,ft,Approved,,2026-05-12T17:47:29.344505+00:00,931ebc1c624c48f8927ac294217b8f29
2026-02-25,597.99,,ft,Approved,,2026-05-12T17:47:29.344505+00:00,931ebc1c624c48f8927ac294217b8f29
2026-02-26,597.98,,ft,Approved,,2026-05-12T17:47:29.344505+00:00,931ebc1c624c48f8927ac294217b8f29
2026-02-27,597.98,,ft,Approved,,2026-05-12T17:47:29.344505+00:00,931ebc1c624c48f8927ac294217b8f29
2026-02-28,597.97,,ft,Approved,,2026-05-12T17:47:29.344505+00:00,931ebc1c624c48f8927ac294217b8f29
2026-03-01,597.96,,ft,Approved,,2026-05-12T17:47:29.344505+00:00,931ebc1c624c48f8927ac294217b8f29
2026-03-02,597.94,,ft,Approved,,2026-05-12T17:47:29.344505+00:00,931ebc1c624c48f8927ac294217b8f29
2026-03-03,597.92,,ft,Approved,,2026-05-12T17:47:29.344505+00:00,931ebc1c624c48f8927ac294217b8f29
2026-03-04,597.91,,ft,Approved,,2026-05-12T17:47:29.344505+00:00,931ebc1c624c48f8927ac294217b8f29
2026-03-05,597.9,,ft,Approved,,2026-05-12T17:47:29.344505+00:00,931ebc1c624c48f8927ac294217b8f29
2026-03-06,597.89,,ft,Approved,,2026-05-12T17:47:29.344505+00:00,931ebc1c624c48f8927ac294217b8f29
2026-03-07,597.9,,ft,Approved,,2026-05-12T17:47:29.344505+00:00,931ebc1c624c48f8927ac294217b8f29
2026-03-08,597.92,,ft,Approved,,2026-05-12T17:47:29.344505+00:00,931ebc1c624c48f8927ac294217b8f29
2026-03-09,597.92,,ft,Approved,,2026-05-12T17:47:29.344505+00:00,931ebc1c624c48f8927ac294217b8f29
2026-03-10,597.93,,ft,Approved,,2026-05-12T17:47:29.344505+00:00,931ebc1c624c48f8927ac294217b8f29
2026-03-11,598.02,,ft,Approved,,2026-05-12T17:47:29.344505+00:00,931ebc1c624c48f8927ac294217b8f29
2026-03-12,598.09,,ft,Approved,,2026-05-12T17:47:29.344505+00:00,931ebc1c624c48f8927ac294217b8f29
2026-03-13,598.09,,ft,Approved,,2026-05-12T17:47:29.344505+00:00,931ebc1c624c48f8927ac294217b8f29
2026-03-14,598.09,,ft,Approved,,2026-05-12T17:47:29.344505+00:00,931ebc1c624c48f8927ac294217b8f29
2026-03-15,598.08,,ft,Approved,,2026-05-12T17:47:29.344505+00:00,931ebc1c624c48f8927ac294217b8f29
2026-03-16,598.04,,ft,Approved,,2026-05-12T17:47:29.344505+00:00,931ebc1c624c48f8927ac294217b8f29
2026-03-17,598.02,,ft,Approved,,2026-05-12T17:47:29.344505+00:00,931ebc1c624c48f8927ac294217b8f29
2026-03-18,598.0,,ft,Approved,,2026-05-12T17:47:29.344505+00:00,931ebc1c624c48f8927ac294217b8f29
2026-03-19,598.0,,ft,Approved,,2026-05-12T17:47:29.344505+00:00,931ebc1c624c48f8927ac294217b8f29
2026-03-20,597.99,,ft,Approved,,2026-05-12T17:47:29.344505+00:00,931ebc1c624c48f8927ac294217b8f29
2026-03-21,597.97,,ft,Approved,,2026-05-12T17:47:29.344505+00:00,931ebc1c624c48f8927ac294217b8f29
2026-03-22,597.96,,ft,Approved,,2026-05-12T17:47:29.344505+00:00,931ebc1c624c48f8927ac294217b8f29
2026-03-23,597.94,,ft,Approved,,2026-05-12T17:47:29.344505+00:00,931ebc1c624c48f8927ac294217b8f29
2026-03-24,597.92,,ft,Approved,,2026-05-12T17:47:29.344505+00:00,931ebc1c624c48f8927ac294217b8f29
2026-03-25,597.91,,ft,Approved,,2026-05-12T17:47:29.344505+00:00,931ebc1c624c48f8927ac294217b8f29
2026-03-26,597.89,,ft,Approved,,2026-05-12T17:47:29.344505+00:00,931ebc1c624c48f8927ac294217b8f29
2026-03-27,597.87,,ft,Approved,,2026-05-12T17:47:29.344505+00:00,931ebc1c624c48f8927ac294217b8f29
2026-03-28,597.84,,ft,Approved,,2026-05-12T17:47:29.344505+00:00,931ebc1c624c48f8927ac294217b8f29
2026-03-29,597.83,,ft,Approved,,2026-05-12T17:47:29.344505+00:00,931ebc1c624c48f8927ac294217b8f29
2026-03-30,597.81,,ft,Approved,,2026-05-12T17:47:29.344505+00:00,931ebc1c624c48f8927ac294217b8f29
2026-03-31,597.8,,ft,Approved,,2026-05-12T17:47:29.344505+00:00,931ebc1c624c48f8927ac294217b8f29
2026-04-01,597.78,,ft,Approved,,2026-05-12T17:47:29.344505+00:00,931ebc1c624c48f8927ac294217b8f29
2026-04-02,597.81,,ft,Approved,,2026-05-12T17:47:29.344505+00:00,931ebc1c624c48f8927ac294217b8f29
2026-04-03,597.89,,ft,Approved,,2026-05-12T17:47:29.344505+00:00,931ebc1c624c48f8927ac294217b8f29
2026-04-04,597.95,,ft,Approved,,2026-05-12T17:47:29.344505+00:00,931ebc1c624c48f8927ac294217b8f29
2026-04-05,598.1,,ft,Approved,,2026-05-12T17:47:29.344505+00:00,931ebc1c624c48f8927ac294217b8f29
2026-04-06,598.14,,ft,Approved,,2026-05-12T17:47:29.344505+00:00,931ebc1c624c48f8927ac294217b8f29
2026-04-07,598.14,,ft,Approved,,2026-05-12T17:47:29.344505+00:00,931ebc1c624c48f8927ac294217b8f29
2026-04-08,598.13,,ft,Approved,,2026-05-12T17:47:29.344505+00:00,931ebc1c624c48f8927ac294217b8f29
2026-04-09,598.14,,ft,Approved,,2026-05-12T17:47:29.344505+00:00,931ebc1c624c48f8927ac294217b8f29
2026-04-10,598.22,,ft,Approved,,2026-05-12T17:47:29.344505+00:00,931ebc1c624c48f8927ac294217b8f29
2026-04-11,598.35,,ft,Approved,,2026-05-12T17:47:29.344505+00:00,931ebc1c624c48f8927ac294217b8f29
2026-04-12,598.49,,ft,Approved,,2026-05-12T17:47:29.344505+00:00,931ebc1c624c48f8927ac294217b8f29
2026-04-13,598.66,,ft,Approved,,2026-07-24T14:05:15.181172+00:00,931ebc1c624c48f8927ac294217b8f29
2026-04-14,598.72,,ft,Approved,,2026-07-24T14:05:15.181172+00:00,931ebc1c624c48f8927ac294217b8f29
2026-04-15,598.74,,ft,Approved,,2026-07-24T14:05:15.181172+00:00,931ebc1c624c48f8927ac294217b8f29
2026-04-16,598.74,,ft,Approved,,2026-07-24T14:05:15.181172+00:00,931ebc1c624c48f8927ac294217b8f29
2026-04-17,598.74,,ft,Approved,,2026-07-24T14:05:15.181172+00:00,931ebc1c624c48f8927ac294217b8f29
2026-04-18,598.71,,ft,Approved,,2026-07-24T14:05:15.181172+00:00,931ebc1c624c48f8927ac294217b8f29
2026-04-19,598.7,,ft,Approved,,2026-07-24T14:05:15.181172+00:00,931ebc1c624c48f8927ac294217b8f29
2026-04-20,598.71,,ft,Approved,,2026-07-24T14:05:15.181172+00:00,931ebc1c624c48f8927ac294217b8f29
2026-04-21,599.52,,ft,Approved,,2026-07-24T14:05:15.181172+00:00,931ebc1c624c48f8927ac294217b8f29
2026-04-22,599.89,,ft,Approved,,2026-07-24T14:05:15.181172+00:00,931ebc1c624c48f8927ac294217b8f29
2026-04-23,599.8,,ft,Approved,,2026-07-24T14:05:15.181172+00:00,931ebc1c624c48f8927ac294217b8f29
2026-04-24,599.78,,ft,Approved,,2026-07-24T14:05:15.181172+00:00,931ebc1c624c48f8927ac294217b8f29
2026-04-25,599.77,,ft,Approved,,2026-07-24T14:05:15.181172+00:00,931ebc1c624c48f8927ac294217b8f29
2026-04-26,599.76,,ft,Approved,,2026-07-24T14:05:15.181172+00:00,931ebc1c624c48f8927ac294217b8f29
2026-04-27,599.75,,ft,Approved,,2026-07-24T14:05:15.181172+00:00,931ebc1c624c48f8927ac294217b8f29
2026-04-28,599.71,,ft,Approved,,2026-07-24T14:05:15.181172+00:00,931ebc1c624c48f8927ac294217b8f29
2026-04-29,599.67,,ft,Approved,,2026-07-24T14:05:15.181172+00:00,931ebc1c624c48f8927ac294217b8f29
2026-04-30,599.69,,ft,Approved,,2026-07-24T14:05:15.181172+00:00,931ebc1c624c48f8927ac294217b8f29
2026-05-01,599.91,,ft,Approved,,2026-07-24T14:05:15.181172+00:00,931ebc1c624c48f8927ac294217b8f29
2026-05-02,599.84,,ft,Approved,,2026-07-24T14:05:15.181172+00:00,931ebc1c624c48f8927ac294217b8f29
2026-05-03,599.75,,ft,Approved,,2026-07-24T14:05:15.181172+00:00,931ebc1c624c48f8927ac294217b8f29
2026-05-04,599.72,,ft,Approved,,2026-07-24T14:05:15.181172+00:00,931ebc1c624c48f8927ac294217b8f29
2026-05-05,599.71,,ft,Approved,,2026-07-24T14:05:15.181172+00:00,931ebc1c624c48f8927ac294217b8f29
2026-05-06,599.7,,ft,Approved,,2026-07-24T14:05:15.181172+00:00,931ebc1c624c48f8927ac294217b8f29
2026-05-07,599.69,,ft,Approved,,2026-07-24T14:05:15.181172+00:00,931ebc1c624c48f8927ac294217b8f29
2026-05-08,599.68,,ft,Approved,,2026-07-24T14:05:15.181172+00:00,931ebc1c624c48f8927ac294217b8f29
2026-05-09,599.71,,ft,Approved,,2026-07-24T14:05:15.181172+00:00,931ebc1c624c48f8927ac294217b8f29
2026-05-10,599.79,,ft,Approved,,2026-07-24T14:05:15.181172+00:00,931ebc1c624c48f8927ac294217b8f29
2026-05-11,600.08,,ft,Approved,,2026-07-24T14:05:15.181172+00:00,931ebc1c624c48f8927ac294217b8f29
2026-05-12,599.82,,ft,Approved,,2026-07-24T14:05:15.181172+00:00,931ebc1c624c48f8927ac294217b8f29
2026-05-13,599.75,,ft,Approved,,2026-07-24T14:05:15.181172+00:00,931ebc1c624c48f8927ac294217b8f29
2026-05-14,599.72,,ft,Approved,,2026-07-24T14:05:15.181172+00:00,931ebc1c624c48f8927ac294217b8f29
2026-05-15,599.69,,ft,Approved,,2026-07-24T14:05:15.181172+00:00,931ebc1c624c48f8927ac294217b8f29
2026-05-16,599.66,,ft,Approved,,2026-07-24T14:05:15.181172+00:00,931ebc1c624c48f8927ac294217b8f29
2026-05-17,599.64,,ft,Approved,,2026-07-24T14:05:15.181172+00:00,931ebc1c624c48f8927ac294217b8f29
2026-05-18,599.63,,ft,Approved,,2026-07-24T14:05:15.181172+00:00,931ebc1c624c48f8927ac294217b8f29
2026-05-19,599.65,,ft,Approved,,2026-07-24T14:05:15.181172+00:00,931ebc1c624c48f8927ac294217b8f29
2026-05-20,600.23,,ft,Approved,,2026-07-24T14:05:15.181172+00:00,931ebc1c624c48f8927ac294217b8f29
2026-05-21,599.99,,ft,Approved,,2026-07-24T14:05:15.181172+00:00,931ebc1c624c48f8927ac294217b8f29
2026-05-22,600.07,,ft,Approved,,2026-07-24T14:05:15.181172+00:00,931ebc1c624c48f8927ac294217b8f29
2026-05-23,599.9,,ft,Approved,,2026-07-24T14:05:15.181172+00:00,931ebc1c624c48f8927ac294217b8f29
2026-05-24,599.82,,ft,Approved,,2026-07-24T14:05:15.181172+00:00,931ebc1c624c48f8927ac294217b8f29
2026-05-25,599.78,,ft,Approved,,2026-07-24T14:05:15.181172+00:00,931ebc1c624c48f8927ac294217b8f29
2026-05-26,599.89,,ft,Approved,,2026-07-24T14:05:15.181172+00:00,931ebc1c624c48f8927ac294217b8f29
2026-05-27,600.12,,ft,Approved,,2026-07-24T14:05:15.181172+00:00,931ebc1c624c48f8927ac294217b8f29
2026-05-28,599.95,,ft,Approved,,2026-07-24T14:05:15.181172+00:00,931ebc1c624c48f8927ac294217b8f29
2026-05-29,599.85,,ft,Approved,,2026-07-24T14:05:15.181172+00:00,931ebc1c624c48f8927ac294217b8f29
2026-05-30,599.79,,ft,Approved,,2026-07-24T14:05:15.181172+00:00,931ebc1c624c48f8927ac294217b8f29
2026-05-31,599.76,,ft,Approved,,2026-07-24T14:05:15.181172+00:00,931ebc1c624c48f8927ac294217b8f29
2026-06-01,599.74,,ft,Approved,,2026-07-24T14:05:15.181172+00:00,931ebc1c624c48f8927ac294217b8f29
2026-06-02,599.72,,ft,Approved,,2026-07-24T14:05:15.181172+00:00,931ebc1c624c48f8927ac294217b8f29
2026-06-03,599.7,,ft,Approved,,2026-07-24T14:05:15.181172+00:00,931ebc1c624c48f8927ac294217b8f29
2026-06-04,599.73,,ft,Approved,,2026-07-24T14:05:15.181172+00:00,931ebc1c624c48f8927ac294217b8f29
2026-06-05,599.76,,ft,Approved,,2026-07-24T14:05:15.181172+00:00,931ebc1c624c48f8927ac294217b8f29
2026-06-06,599.81,,ft,Approved,,2026-07-24T14:05:15.181172+00:00,931ebc1c624c48f8927ac294217b8f29
2026-06-07,599.8,,ft,Approved,,2026-07-24T14:05:15.181172+00:00,931ebc1c624c48f8927ac294217b8f29
2026-06-08,599.76,,ft,Approved,,2026-07-24T14:05:15.181172+00:00,931ebc1c624c48f8927ac294217b8f29
2026-06-09,599.74,,ft,Approved,,2026-07-24T14:05:15.181172+00:00,931ebc1c624c48f8927ac294217b8f29
2026-06-10,599.72,,ft,Approved,,2026-07-24T14:05:15.181172+00:00,931ebc1c624c48f8927ac294217b8f29
2026-06-11,599.69,,ft,Approved,,2026-07-24T14:05:15.181172+00:00,931ebc1c624c48f8927ac294217b8f29
2026-06-12,599.67,,ft,Approved,,2026-07-24T14:05:15.181172+00:00,931ebc1c624c48f8927ac294217b8f29
2026-06-13,599.65,,ft,Approved,,2026-07-24T14:05:15.181172+00:00,931ebc1c624c48f8927ac294217b8f29
2026-06-14,599.63,,ft,Approved,,2026-07-24T14:05:15.181172+00:00,931ebc1c624c48f8927ac294217b8f29
2026-06-15,601.06,,ft,Approved,,2026-07-24T14:05:15.181172+00:00,931ebc1c624c48f8927ac294217b8f29
2026-06-16,600.29,,ft,Approved,,2026-07-24T14:05:15.181172+00:00,931ebc1c624c48f8927ac294217b8f29
2026-06-17,600.11,,ft,Approved,,2026-09-25T15:48:11.812893+00:00,931ebc1c624c48f8927ac294217b8f29
2026-06-18,599.97,,ft,Approved,,2026-09-25T15:48:11.812893+00:00,931ebc1c624c48f8927ac294217b8f29
2026-06-19,599.89,,ft,Approved,,2026-09-25T15:48:11.812893+00:00,931ebc1c624c48f8927ac294217b8f29
2026-06-20,600.17,,ft,Approved,,2026-09-25T15:48:11.812893+00:00,931ebc1c624c48f8927ac294217b8f29
2026-06-21,600.17,,ft,Approved,,2026-09-25T15:48:11.812893+00:00,931ebc1c624c48f8927ac294217b8f29
2026-06-22,599.92,,ft,Approved,,2026-09-25T15:48:11.812893+00:00,931ebc1c624c48f8927ac294217b8f29
2026-06-23,599.83,,ft,Approved,,2026-09-25T15:48:11.812893+00:00,931ebc1c624c48f8927ac294217b8f29
2026-06-24,599.78,,ft,Approved,,2026-09-25T15:48:11.812893+00:00,931ebc1c624c48f8927ac294217b8f29
2026-06-25,599.75,,ft,Approved,,2026-09-25T15:48:11.812893+00:00,931ebc1c624c48f8927ac294217b8f29
2026-06-26,599.72,,ft,Approved,,2026-09-25T15:48:11.812893+00:00,931ebc1c624c48f8927ac294217b8f29
2026-06-27,599.69,,ft,Approved,,2026-09-25T15:48:11.812893+00:00,931ebc1c624c48f8927ac294217b8f29
2026-06-28,599.66,,ft,Approved,,2026-09-25T15:48:11.812893+00:00,931ebc1c624c48f8927ac294217b8f29
2026-06-29,599.62,,ft,Approved,,2026-09-25T15:48:11.812893+00:00,931ebc1c624c48f8927ac294217b8f29
2026-06-30,599.59,,ft,Approved,,2026-09-25T15:48:11.812893+00:00,931ebc1c624c48f8927ac294217b8f29
2026-07-01,599.57,,ft,Approved,,2026-09-25T15:48:11.812893+00:00,931ebc1c624c48f8927ac294217b8f29
2026-07-02,599.54,,ft,Approved,,2026-09-25T15:48:11.812893+00:00,931ebc1c624c48f8927ac294217b8f29
2026-07-03,599.52,,ft,Approved,,2026-09-25T15:48:11.812893+00:00,931ebc1c624c48f8927ac294217b8f29
2026-07-04,599.5,,ft,Approved,,2026-09-25T15:48:11.812893+00:00,931ebc1c624c48f8927ac294217b8f29
2026-07-05,599.47,,ft,Approved,,2026-09-25T15:48:11.812893+00:00,931ebc1c624c48f8927ac294217b8f29
2026-07-06,599.45,,ft,Approved,,2026-09-25T15:48:11.812893+00:00,931ebc1c624c48f8927ac294217b8f29
2026-07-07,599.43,,ft,Approved,,2026-09-25T15:48:11.812893+00:00,931ebc1c624c48f8927ac294217b8f29
2026-07-08,599.4,,ft,Approved,,2026-09-25T15:48:11.812893+00:00,931ebc1c624c48f8927ac294217b8f29
2026-07-09,599.37,,ft,Approved,,2026-09-25T15:48:11.812893+00:00,931ebc1c624c48f8927ac294217b8f29
2026-07-10,599.34,,ft,Approved,,2026-09-25T15:48:11.812893+00:00,931ebc1c624c48f8927ac294217b8f29
2026-07-11,599.33,,ft,Approved,,2026-09-25T15:48:11.812893+00:00,931ebc1c624c48f8927ac294217b8f29
2026-07-12,599.32,,ft,Approved,,2026-09-25T15:48:11.812893+00:00,931ebc1c624c48f8927ac294217b8f29
2026-07-13,599.3,,ft,Approved,,2026-09-25T15:48:11.812893+00:00,931ebc1c624c48f8927ac294217b8f29
2026-07-14,599.35,,ft,Approved,,2026-09-25T15:48:11.812893+00:00,931ebc1c624c48f8927ac294217b8f29
2026-07-15,599.37,,ft,Approved,,2026-09-25T15:48:11.812893+00:00,931ebc1c624c48f8927ac294217b8f29
2026-07-16,599.4,,ft,Approved,,2026-09-25T15:48:11.812893+00:00,931ebc1c624c48f8927ac294217b8f29
2026-07-17,599.46,,ft,Approved,,2026-09-25T15:48:11.812893+00:00,931ebc1c624c48f8927ac294217b8f29
2026-07-18,599.47,,ft,Approved,,2026-09-25T15:48:11.812893+00:00,931ebc1c624c48f8927ac294217b8f29
2026-07-19,599.45,,ft,Approved,,2026-09-25T15:48:11.812893+00:00,931ebc1c624c48f8927ac294217b8f29
2026-07-20,599.43,,ft,Approved,,2026-09-25T15:48:11.812893+00:00,931ebc1c624c48f8927ac294217b8f29
2026-07-21,599.41,,ft,Approved,,2026-09-25T15:48:11.812893+00:00,931ebc1c624c48f8927ac294217b8f29
2026-07-22,599.38,,ft,Approved,,2026-09-25T15:48:11.812893+00:00,931ebc1c624c48f8927ac294217b8f29
2026-07-23,599.36,,ft,Approved,,2026-09-25T15:48:11.812893+00:00,931ebc1c624c48f8927ac294217b8f29
2026-07-24,599.33,,ft,Approved,,2026-09-25T15:48:11.812893+00:00,931ebc1c624c48f8927ac294217b8f29
2026-07-25,599.3,,ft,Approved,,2026-09-25T15:48:11.812893+00:00,931ebc1c624c48f8927ac294217b8f29
2026-07-26,599.27,,ft,Approved,,2026-09-25T15:48:11.812893+00:00,931ebc1c624c48f8927ac294217b8f29
2026-07-27,599.25,,ft,Approved,,2026-09-25T15:48:11.812893+00:00,931ebc1c624c48f8927ac294217b8f29
2026-07-28,599.22,,ft,Approved,,2026-09-25T15:48:11.812893+00:00,931ebc1c624c48f8927ac294217b8f29
2026-07-29,599.19,,ft,Approved,,2026-09-25T15:48:11.812893+00:00,931ebc1c624c48f8927ac294217b8f29
2026-07-30,599.17,,ft,Approved,,2026-09-25T15:48:11.812893+00:00,931ebc1c624c48f8927ac294217b8f29
2026-07-31,599.14,,ft,Approved,,2026-09-25T15:48:11.812893+00:00,931ebc1c624c48f8927ac294217b8f29
2026-08-01,599.11,,ft,Approved,,2026-09-25T15:48:11.812893+00:00,931ebc1c624c48f8927ac294217b8f29
2026-08-02,599.09,,ft,Approved,,2026-09-25T15:48:11.812893+00:00,931ebc1c624c48f8927ac294217b8f29
2026-08-03,599.07,,ft,Approved,,2026-09-25T15:48:11.812893+00:00,931ebc1c624c48f8927ac294217b8f29
2026-08-04,599.04,,ft,Approved,,2026-09-25T15:48:11.812893+00:00,931ebc1c624c48f8927ac294217b8f29
2026-08-05,599.02,,ft,Approved,,2026-09-25T15:48:11.812893+00:00,931ebc1c624c48f8927ac294217b8f29
2026-08-06,598.99,,ft,Approved,,2026-09-25T15:48:11.812893+00:00,931ebc1c624c48f8927ac294217b8f29
2026-08-07,598.97,,ft,Approved,,2026-09-25T15:48:11.812893+00:00,931ebc1c624c48f8927ac294217b8f29
2026-08-08,598.95,,ft,Approved,,2026-09-25T15:48:11.812893+00:00,931ebc1c624c48f8927ac294217b8f29
2026-08-09,598.92,,ft,Approved,,2026-09-25T15:48:11.812893+00:00,931ebc1c624c48f8927ac294217b8f29
2026-08-10,598.9,,ft,Approved,,2026-09-25T15:48:11.812893+00:00,931ebc1c624c48f8927ac294217b8f29
2026-08-11,598.88,,ft,Approved,,2026-09-25T15:48:11.812893+00:00,931ebc1c624c48f8927ac294217b8f29
2026-08-12,598.85,,ft,Approved,,2026-09-25T15:48:11.812893+00:00,931ebc1c624c48f8927ac294217b8f29
2026-08-13,598.82,,ft,Approved,,2026-09-25T15:48:11.812893+00:00,931ebc1c624c48f8927ac294217b8f29
2026-08-14,598.8,,ft,Approved,,2026-09-25T15:48:11.812893+00:00,931ebc1c624c48f8927ac294217b8f29
2026-08-15,598.77,,ft,Approved,,2026-09-25T15:48:11.812893+00:00,931ebc1c624c48f8927ac294217b8f29
2026-08-16,598.75,,ft,Approved,,2026-09-25T15:48:11.812893+00:00,931ebc1c624c48f8927ac294217b8f29
2026-08-17,598.72,,ft,Approved,,2026-09-25T15:48:11.812893+00:00,931ebc1c624c48f8927ac294217b8f29
2026-08-18,598.69,,ft,Approved,,2026-09-25T15:48:11.812893+00:00,931ebc1c624c48f8927ac294217b8f29
2026-08-19,598.67,,ft,Approved,,2026-09-25T15:48:11.812893+00:00,931ebc1c624c48f8927ac294217b8f29
2026-08-20,598.64,,ft,Approved,,2026-09-25T15:48:11.812893+00:00,931ebc1c624c48f8927ac294217b8f29
2026-08-21,598.61,,ft,Approved,,2026-09-25T15:48:11.812893+00:00,931ebc1c624c48f8927ac294217b8f29
2026-08-22,598.59,,ft,Approved,,2026-09-25T15:48:11.812893+00:00,931ebc1c624c48f8927ac294217b8f29
2026-08-23,598.56,,ft,Approved,,2026-09-25T15:48:11.812893+00:00,931ebc1c624c48f8927ac294217b8f29
2026-08-24,598.53,,ft,Approved,,2026-09-25T15:48:11.812893+00:00,931ebc1c624c48f8927ac294217b8f29
2026-08-25,598.5,,ft,Approved,,2026-09-25T15:48:11.812893+00:00,931ebc1c624c48f8927ac294217b8f29
2026-08-26,598.48,,ft,Approved,,2026-09-25T15:48:11.812893+00:00,931ebc1c624c48f8927ac294217b8f29
2026-08-27,598.46,,ft,Approved,,2026-09-25T15:48:11.812893+00:00,931ebc1c624c48f8927ac294217b8f29
2026-08-28,598.45,,ft,Approved,,2026-09-25T15:48:11.812893+00:00,931ebc1c624c48f8927ac294217b8f29
2026-08-29,598.44,,ft,Approved,,2026-09-25T15:48:11.812893+00:00,931ebc1c624c48f8927ac294217b8f29
2026-08-30,598.42,,ft,Approved,,2026-09-25T15:48:11.812893+00:00,931ebc1c624c48f8927ac294217b8f29
2026-08-31,598.39,,ft,Approved,,2026-09-25T15:48:11.812893+00:00,931ebc1c624c48f8927ac294217b8f29
2026-09-01,598.37,,ft,Approved,,2026-09-25T15:48:11.812893+00:00,931ebc1c624c48f8927ac294217b8f29
2026-09-02,598.35,,ft,Approved,,2026-09-25T15:48:11.812893+00:00,931ebc1c624c48f8927ac294217b8f29
2026-09-03,598.33,,ft,Approved,,2026-09-25T15:48:11.812893+00:00,931ebc1c624c48f8927ac294217b8f29
2026-09-04,598.32,,ft,Approved,,2026-09-25T15:48:11.812893+00:00,931ebc1c624c48f8927ac294217b8f29
2026-09-05,598.33,,ft,Approved,,2026-09-25T15:48:11.812893+00:00,931ebc1c624c48f8927ac294217b8f29
2026-09-06,598.31,,ft,Approved,,2026-09-25T15:48:11.812893+00:00,931ebc1c624c48f8927ac294217b8f29
2026-09-07,598.3,,ft,Approved,,2026-09-25T15:48:11.812893+00:00,931ebc1c624c48f8927ac294217b8f29
2026-09-08,598.28,,ft,Approved,,2026-09-25T15:48:11.812893+00:00,931ebc1c624c48f8927ac294217b8f29
2026-09-09,598.25,,ft,Provisional,,2026-09-10T08:10:04.375336+00:00,931ebc1c624c48f8927ac294217b8f29
2026-09-10,598.23,,ft,Provisional,,2026-09-11T08:10:46.387404+00:00,931ebc1c624c48f8927ac294217b8f29
2026-09-11,598.21,,ft,Provisional,,2026-09-12T08:11:07.799015+00:00,931ebc1c624c48f8927ac294217b8f29
2026-09-12,598.2,,ft,Provisional,,2026-09-13T08:11:22.729771+00:00,931ebc1c624c48f8927ac294217b8f29
2026-09-13,598.17,,ft,Provisional,,2026-09-14T08:10:31.161600+00:00,931ebc1c624c48f8927ac294217b8f29
2026-09-14,598.15,,ft,Provisional,,2026-09-15T08:10:47.311514+00:00,931ebc1c624c48f8927ac294217b8f29
2026-09-15,598.13,,ft,Provisional,,2026-09-16T08:10:39.782679+00:00,931ebc1c624c48f8927ac294217b8f29
2026-09-16,598.1,,ft,Provisional,,2026-09-17T08:11:43.956909+00:00,931ebc1c624c48f8927ac294217b8f29
2026-09-17,598.08,,ft,Provisional,,2026-09-18T08:10:40.326247+00:00,931ebc1c624c48f8927ac294217b8f29
2026-09-18,598.06,,ft,Provisional,,2026-09-19T08:10:40.241661+00:00,931ebc1c624c48f8927ac294217b8f29
2026-09-19,598.04,,ft,Provisional,,2026-09-20T08:10:23.536492+00:00,931ebc1c624c48f8927ac294217b8f29
2026-09-20,598.02,,ft,Provisional,,2026-09-21T08:10:36.896353+00:00,931ebc1c624c48f8927ac294217b8f29
2026-09-21,598.0,,ft,Provisional,,2026-09-22T08:10:51.862605+00:00,931ebc1c624c48f8927ac294217b8f29
2026-09-22,597.98,,ft,Provisional,,2026-09-23T08:10:31.098755+00:00,931ebc1c624c48f8927ac294217b8f29
2026-09-23,597.99,,ft,Provisional,,2026-09-24T08:11:39.023130+00:00,931ebc1c624c48f8927ac294217b8f29
2026-09-24,597.99,,ft,Provisional,,2026-09-25T08:10:45.803758+00:00,931ebc1c624c48f8927ac294217b8f29
2026-09-25,597.97,,ft,Provisional,,2026-09-26T08:11:22.615996+00:00,931ebc1c624c48f8927ac294217b8f29
2026-09-26,597.95,,ft,Provisional,,2026-09-27T08:11:37.844553+00:00,931ebc1c624c48f8927ac294217b8f29
2026-09-27,597.94,,ft,Provisional,,2026-09-28T08:11:28.817666+00:00,931ebc1c624c48f8927ac294217b8f29
2026-09-28,597.92,,ft,Provisional,,2026-09-29T08:12:10.685171+00:00,931ebc1c624c48f8927ac294217b8f29
2026-09-29,597.9,,ft,Provisional,,2026-09-30T08:11:20.991386+00:00,931ebc1c624c48f8927ac294217b8f29
2026-09-30,597.88,,ft,Provisional,,2026-10-01T08:11:41.240653+00:00,931ebc1c624c48f8927ac294217b8f29
