date,value,raw_value,unit,approval_status,qualifiers,last_modified,time_series_id
2013-06-29,696.83,,ft,Approved,,2025-03-11T19:58:39.236615+00:00,1c1f4ede2bf642baa8a05a837c4f58ea
2013-06-30,696.83,,ft,Approved,,2025-03-11T19:58:39.236615+00:00,1c1f4ede2bf642baa8a05a837c4f58ea
2013-07-01,696.82,,ft,Approved,,2025-03-11T19:58:39.236615+00:00,1c1f4ede2bf642baa8a05a837c4f58ea
2013-07-02,696.81,,ft,Approved,,2025-03-11T19:58:39.236615+00:00,1c1f4ede2bf642baa8a05a837c4f58ea
2013-07-03,696.8,,ft,Approved,,2025-03-11T19:58:39.236615+00:00,1c1f4ede2bf642baa8a05a837c4f58ea
2013-07-04,696.8,,ft,Approved,,2025-03-11T19:58:39.236615+00:00,1c1f4ede2bf642baa8a05a837c4f58ea
2013-07-05,696.8,,ft,Approved,,2025-03-11T19:58:39.236615+00:00,1c1f4ede2bf642baa8a05a837c4f58ea
2013-07-06,696.79,,ft,Approved,,2025-03-11T19:58:39.236615+00:00,1c1f4ede2bf642baa8a05a837c4f58ea
2013-07-07,696.79,,ft,Approved,,2025-03-11T19:58:39.236615+00:00,1c1f4ede2bf642baa8a05a837c4f58ea
2013-07-08,696.84,,ft,Approved,,2025-03-11T19:58:39.236615+00:00,1c1f4ede2bf642baa8a05a837c4f58ea
2013-07-09,696.89,,ft,Approved,,2025-03-11T19:58:39.236615+00:00,1c1f4ede2bf642baa8a05a837c4f58ea
2013-07-10,696.89,,ft,Approved,,2025-03-11T19:58:39.236615+00:00,1c1f4ede2bf642baa8a05a837c4f58ea
2013-07-11,696.89,,ft,Approved,,2025-03-11T19:58:39.236615+00:00,1c1f4ede2bf642baa8a05a837c4f58ea
2013-07-12,696.88,,ft,Approved,,2025-03-11T19:58:39.236615+00:00,1c1f4ede2bf642baa8a05a837c4f58ea
2013-07-13,696.87,,ft,Approved,,2025-03-11T19:58:39.236615+00:00,1c1f4ede2bf642baa8a05a837c4f58ea
2013-07-14,696.86,,ft,Approved,,2025-03-11T19:58:39.236615+00:00,1c1f4ede2bf642baa8a05a837c4f58ea
2013-07-15,696.92,,ft,Approved,,2025-03-11T19:58:39.236615+00:00,1c1f4ede2bf642baa8a05a837c4f58ea
2013-07-16,697.0,,ft,Approved,,2025-03-11T19:58:39.236615+00:00,1c1f4ede2bf642baa8a05a837c4f58ea
2013-07-17,697.07,,ft,Approved,,2025-03-11T19:58:39.236615+00:00,1c1f4ede2bf642baa8a05a837c4f58ea
2013-07-18,697.11,,ft,Approved,,2025-03-11T19:58:39.236615+00:00,1c1f4ede2bf642baa8a05a837c4f58ea
2013-07-19,697.11,,ft,Approved,,2025-03-11T19:58:39.236615+00:00,1c1f4ede2bf642baa8a05a837c4f58ea
2013-07-20,697.12,,ft,Approved,,2025-03-11T19:58:39.236615+00:00,1c1f4ede2bf642baa8a05a837c4f58ea
2013-07-21,697.14,,ft,Approved,,2025-03-11T19:58:39.236615+00:00,1c1f4ede2bf642baa8a05a837c4f58ea
2013-07-22,697.14,,ft,Approved,,2025-03-11T19:58:39.236615+00:00,1c1f4ede2bf642baa8a05a837c4f58ea
2013-07-23,697.13,,ft,Approved,,2025-03-11T19:58:39.236615+00:00,1c1f4ede2bf642baa8a05a837c4f58ea
2013-07-24,697.12,,ft,Approved,,2025-03-11T19:58:39.236615+00:00,1c1f4ede2bf642baa8a05a837c4f58ea
2013-07-25,697.12,,ft,Approved,,2025-03-11T19:58:39.236615+00:00,1c1f4ede2bf642baa8a05a837c4f58ea
2013-07-26,697.11,,ft,Approved,,2025-03-11T19:58:39.236615+00:00,1c1f4ede2bf642baa8a05a837c4f58ea
2013-07-27,697.25,,ft,Approved,,2025-03-11T19:58:39.236615+00:00,1c1f4ede2bf642baa8a05a837c4f58ea
2013-07-28,697.25,,ft,Approved,,2025-03-11T19:58:39.236615+00:00,1c1f4ede2bf642baa8a05a837c4f58ea
2013-07-29,697.25,,ft,Approved,,2025-03-11T19:58:39.236615+00:00,1c1f4ede2bf642baa8a05a837c4f58ea
2013-07-30,697.23,,ft,Approved,,2025-03-11T19:58:39.236615+00:00,1c1f4ede2bf642baa8a05a837c4f58ea
2013-07-31,697.22,,ft,Approved,,2025-03-11T19:58:39.236615+00:00,1c1f4ede2bf642baa8a05a837c4f58ea
2013-08-01,697.22,,ft,Approved,,2025-03-11T19:58:39.236615+00:00,1c1f4ede2bf642baa8a05a837c4f58ea
2013-08-02,697.21,,ft,Approved,,2025-03-11T19:58:39.236615+00:00,1c1f4ede2bf642baa8a05a837c4f58ea
2013-08-03,697.2,,ft,Approved,,2025-03-11T19:58:39.236615+00:00,1c1f4ede2bf642baa8a05a837c4f58ea
2013-08-04,697.19,,ft,Approved,,2025-03-11T19:58:39.236615+00:00,1c1f4ede2bf642baa8a05a837c4f58ea
2013-08-05,697.18,,ft,Approved,,2025-03-11T19:58:39.236615+00:00,1c1f4ede2bf642baa8a05a837c4f58ea
2013-08-06,697.16,,ft,Approved,,2025-03-11T19:58:39.236615+00:00,1c1f4ede2bf642baa8a05a837c4f58ea
2013-08-07,697.15,,ft,Approved,,2025-03-11T19:58:39.236615+00:00,1c1f4ede2bf642baa8a05a837c4f58ea
2013-08-08,697.14,,ft,Approved,,2025-03-11T19:58:39.236615+00:00,1c1f4ede2bf642baa8a05a837c4f58ea
2013-08-09,697.12,,ft,Approved,,2025-03-11T19:58:39.236615+00:00,1c1f4ede2bf642baa8a05a837c4f58ea
2013-08-10,697.12,,ft,Approved,,2025-03-11T19:58:39.236615+00:00,1c1f4ede2bf642baa8a05a837c4f58ea
2013-08-11,697.12,,ft,Approved,,2025-03-11T19:58:39.236615+00:00,1c1f4ede2bf642baa8a05a837c4f58ea
2013-08-12,697.11,,ft,Approved,,2025-03-11T19:58:39.236615+00:00,1c1f4ede2bf642baa8a05a837c4f58ea
2013-08-13,697.1,,ft,Approved,,2025-03-11T19:58:39.236615+00:00,1c1f4ede2bf642baa8a05a837c4f58ea
2013-08-14,697.09,,ft,Approved,,2025-03-11T19:58:39.236615+00:00,1c1f4ede2bf642baa8a05a837c4f58ea
2013-08-15,697.11,,ft,Approved,,2025-03-11T19:58:39.236615+00:00,1c1f4ede2bf642baa8a05a837c4f58ea
2013-08-16,697.12,,ft,Approved,,2025-03-11T19:58:39.236615+00:00,1c1f4ede2bf642baa8a05a837c4f58ea
2013-08-17,697.11,,ft,Approved,,2025-03-11T19:58:39.236615+00:00,1c1f4ede2bf642baa8a05a837c4f58ea
2013-08-18,697.1,,ft,Approved,,2025-03-11T19:58:39.236615+00:00,1c1f4ede2bf642baa8a05a837c4f58ea
2013-08-19,697.1,,ft,Approved,,2025-03-11T19:58:39.236615+00:00,1c1f4ede2bf642baa8a05a837c4f58ea
2013-08-20,697.09,,ft,Approved,,2025-03-11T19:58:39.236615+00:00,1c1f4ede2bf642baa8a05a837c4f58ea
2013-08-21,697.08,,ft,Approved,,2025-03-11T19:58:39.236615+00:00,1c1f4ede2bf642baa8a05a837c4f58ea
2013-08-22,697.08,,ft,Approved,,2025-03-11T19:58:39.236615+00:00,1c1f4ede2bf642baa8a05a837c4f58ea
2013-08-23,697.08,,ft,Approved,,2025-03-11T19:58:39.236615+00:00,1c1f4ede2bf642baa8a05a837c4f58ea
2013-08-24,697.07,,ft,Approved,,2025-03-11T19:58:39.236615+00:00,1c1f4ede2bf642baa8a05a837c4f58ea
2013-08-25,697.07,,ft,Approved,,2025-03-11T19:58:39.236615+00:00,1c1f4ede2bf642baa8a05a837c4f58ea
2013-08-26,697.05,,ft,Approved,,2025-03-11T19:58:39.236615+00:00,1c1f4ede2bf642baa8a05a837c4f58ea
2013-08-27,697.06,,ft,Approved,,2025-03-11T19:58:39.236615+00:00,1c1f4ede2bf642baa8a05a837c4f58ea
2013-08-28,697.07,,ft,Approved,,2025-03-11T19:58:39.236615+00:00,1c1f4ede2bf642baa8a05a837c4f58ea
2013-08-29,697.07,,ft,Approved,,2025-03-11T19:58:39.236615+00:00,1c1f4ede2bf642baa8a05a837c4f58ea
2013-08-30,697.07,,ft,Approved,,2025-03-11T19:58:39.236615+00:00,1c1f4ede2bf642baa8a05a837c4f58ea
2013-08-31,697.07,,ft,Approved,,2025-03-11T19:58:39.236615+00:00,1c1f4ede2bf642baa8a05a837c4f58ea
2013-09-01,697.06,,ft,Approved,,2025-03-11T19:58:39.236615+00:00,1c1f4ede2bf642baa8a05a837c4f58ea
2013-09-02,697.05,,ft,Approved,,2025-03-11T19:58:39.236615+00:00,1c1f4ede2bf642baa8a05a837c4f58ea
2013-09-03,697.07,,ft,Approved,,2025-03-11T19:58:39.236615+00:00,1c1f4ede2bf642baa8a05a837c4f58ea
2013-09-04,697.07,,ft,Approved,,2025-03-11T19:58:39.236615+00:00,1c1f4ede2bf642baa8a05a837c4f58ea
2013-09-05,697.07,,ft,Approved,,2025-03-11T19:58:39.236615+00:00,1c1f4ede2bf642baa8a05a837c4f58ea
2013-09-06,697.06,,ft,Approved,,2025-03-11T19:58:39.236615+00:00,1c1f4ede2bf642baa8a05a837c4f58ea
2013-09-07,697.06,,ft,Approved,,2025-03-11T19:58:39.236615+00:00,1c1f4ede2bf642baa8a05a837c4f58ea
2013-09-08,697.05,,ft,Approved,,2025-03-11T19:58:39.236615+00:00,1c1f4ede2bf642baa8a05a837c4f58ea
2013-09-09,697.06,,ft,Approved,,2025-03-11T19:58:39.236615+00:00,1c1f4ede2bf642baa8a05a837c4f58ea
2013-09-10,697.1,,ft,Approved,,2025-03-11T19:58:39.236615+00:00,1c1f4ede2bf642baa8a05a837c4f58ea
2013-09-11,697.1,,ft,Approved,,2025-03-11T19:58:39.236615+00:00,1c1f4ede2bf642baa8a05a837c4f58ea
2013-09-12,697.1,,ft,Approved,,2025-03-11T19:58:39.236615+00:00,1c1f4ede2bf642baa8a05a837c4f58ea
2013-09-13,697.1,,ft,Approved,,2025-03-11T19:58:39.236615+00:00,1c1f4ede2bf642baa8a05a837c4f58ea
2013-09-14,697.09,,ft,Approved,,2025-03-11T19:58:39.236615+00:00,1c1f4ede2bf642baa8a05a837c4f58ea
2013-09-15,697.09,,ft,Approved,,2025-03-11T19:58:39.236615+00:00,1c1f4ede2bf642baa8a05a837c4f58ea
2013-09-16,697.09,,ft,Approved,,2025-03-11T19:58:39.236615+00:00,1c1f4ede2bf642baa8a05a837c4f58ea
2013-09-17,697.11,,ft,Approved,,2025-03-11T19:58:39.236615+00:00,1c1f4ede2bf642baa8a05a837c4f58ea
2013-09-18,697.11,,ft,Approved,,2025-03-11T19:58:39.236615+00:00,1c1f4ede2bf642baa8a05a837c4f58ea
2013-09-19,697.11,,ft,Approved,,2025-03-11T19:58:39.236615+00:00,1c1f4ede2bf642baa8a05a837c4f58ea
2013-09-20,697.21,,ft,Approved,,2025-03-11T19:58:39.236615+00:00,1c1f4ede2bf642baa8a05a837c4f58ea
2013-09-21,697.3,,ft,Approved,,2025-03-11T19:58:39.236615+00:00,1c1f4ede2bf642baa8a05a837c4f58ea
2013-09-22,697.29,,ft,Approved,,2025-03-11T19:58:39.236615+00:00,1c1f4ede2bf642baa8a05a837c4f58ea
2013-09-23,697.29,,ft,Approved,,2025-03-11T19:58:39.236615+00:00,1c1f4ede2bf642baa8a05a837c4f58ea
2013-09-24,697.29,,ft,Approved,,2025-03-11T19:58:39.236615+00:00,1c1f4ede2bf642baa8a05a837c4f58ea
2013-09-25,697.29,,ft,Approved,,2025-03-11T19:58:39.236615+00:00,1c1f4ede2bf642baa8a05a837c4f58ea
2013-09-26,697.29,,ft,Approved,,2025-03-11T19:58:39.236615+00:00,1c1f4ede2bf642baa8a05a837c4f58ea
2013-09-27,697.29,,ft,Approved,,2025-03-11T19:58:39.236615+00:00,1c1f4ede2bf642baa8a05a837c4f58ea
2013-09-28,697.31,,ft,Approved,,2025-03-11T19:58:39.236615+00:00,1c1f4ede2bf642baa8a05a837c4f58ea
2013-09-29,697.41,,ft,Approved,,2025-03-11T19:58:39.236615+00:00,1c1f4ede2bf642baa8a05a837c4f58ea
2013-09-30,697.42,,ft,Approved,,2025-03-11T19:58:39.236615+00:00,1c1f4ede2bf642baa8a05a837c4f58ea
2013-10-01,697.42,,ft,Approved,,2025-03-11T19:58:39.236615+00:00,1c1f4ede2bf642baa8a05a837c4f58ea
2013-10-02,697.42,,ft,Approved,,2025-03-11T19:58:39.236615+00:00,1c1f4ede2bf642baa8a05a837c4f58ea
2013-10-03,697.42,,ft,Approved,,2025-03-11T19:58:39.236615+00:00,1c1f4ede2bf642baa8a05a837c4f58ea
2013-10-04,697.42,,ft,Approved,,2025-03-11T19:58:39.236615+00:00,1c1f4ede2bf642baa8a05a837c4f58ea
2013-10-05,697.42,,ft,Approved,,2025-03-11T19:58:39.236615+00:00,1c1f4ede2bf642baa8a05a837c4f58ea
2013-10-06,697.42,,ft,Approved,,2025-03-11T19:58:39.236615+00:00,1c1f4ede2bf642baa8a05a837c4f58ea
2013-10-07,697.42,,ft,Approved,,2025-03-11T19:58:39.236615+00:00,1c1f4ede2bf642baa8a05a837c4f58ea
2013-10-08,697.42,,ft,Approved,,2025-03-11T19:58:39.236615+00:00,1c1f4ede2bf642baa8a05a837c4f58ea
2013-10-09,697.42,,ft,Approved,,2025-03-11T19:58:39.236615+00:00,1c1f4ede2bf642baa8a05a837c4f58ea
2013-10-10,697.43,,ft,Approved,,2025-03-11T19:58:39.236615+00:00,1c1f4ede2bf642baa8a05a837c4f58ea
2013-10-11,697.44,,ft,Approved,,2025-03-11T19:58:39.236615+00:00,1c1f4ede2bf642baa8a05a837c4f58ea
2013-10-12,697.45,,ft,Approved,,2025-03-11T19:58:39.236615+00:00,1c1f4ede2bf642baa8a05a837c4f58ea
2013-10-13,697.57,,ft,Approved,,2025-03-11T19:58:39.236615+00:00,1c1f4ede2bf642baa8a05a837c4f58ea
2013-10-14,697.67,,ft,Approved,,2025-03-11T19:58:39.236615+00:00,1c1f4ede2bf642baa8a05a837c4f58ea
2013-10-15,697.71,,ft,Approved,,2025-03-11T19:58:39.236615+00:00,1c1f4ede2bf642baa8a05a837c4f58ea
2013-10-16,697.75,,ft,Approved,,2025-03-11T19:58:39.236615+00:00,1c1f4ede2bf642baa8a05a837c4f58ea
2013-10-17,697.77,,ft,Approved,,2025-03-11T19:58:39.236615+00:00,1c1f4ede2bf642baa8a05a837c4f58ea
2013-10-18,697.78,,ft,Approved,,2025-03-11T19:58:39.236615+00:00,1c1f4ede2bf642baa8a05a837c4f58ea
2013-10-19,697.78,,ft,Approved,,2025-03-11T19:58:39.236615+00:00,1c1f4ede2bf642baa8a05a837c4f58ea
2013-10-20,697.77,,ft,Approved,,2025-03-11T19:58:39.236615+00:00,1c1f4ede2bf642baa8a05a837c4f58ea
2013-10-21,697.78,,ft,Approved,,2025-03-11T19:58:39.236615+00:00,1c1f4ede2bf642baa8a05a837c4f58ea
2013-10-22,697.78,,ft,Approved,,2025-03-11T19:58:39.236615+00:00,1c1f4ede2bf642baa8a05a837c4f58ea
2013-10-23,697.78,,ft,Approved,,2025-03-11T19:58:39.236615+00:00,1c1f4ede2bf642baa8a05a837c4f58ea
2013-10-24,697.79,,ft,Approved,,2025-03-11T19:58:39.236615+00:00,1c1f4ede2bf642baa8a05a837c4f58ea
2013-10-25,697.79,,ft,Approved,,2025-03-11T19:58:39.236615+00:00,1c1f4ede2bf642baa8a05a837c4f58ea
2013-10-26,697.8,,ft,Approved,,2025-03-11T19:58:39.236615+00:00,1c1f4ede2bf642baa8a05a837c4f58ea
2013-10-27,697.84,,ft,Approved,,2025-03-11T19:58:39.236615+00:00,1c1f4ede2bf642baa8a05a837c4f58ea
2013-10-28,697.87,,ft,Approved,,2025-03-11T19:58:39.236615+00:00,1c1f4ede2bf642baa8a05a837c4f58ea
2013-10-29,697.88,,ft,Approved,,2025-03-11T19:58:39.236615+00:00,1c1f4ede2bf642baa8a05a837c4f58ea
2013-10-30,698.07,,ft,Approved,,2025-03-11T19:58:39.236615+00:00,1c1f4ede2bf642baa8a05a837c4f58ea
2013-10-31,702.18,,ft,Approved,,2025-03-11T19:58:39.236615+00:00,1c1f4ede2bf642baa8a05a837c4f58ea
2013-11-01,700.09,,ft,Approved,,2025-03-11T19:58:39.236615+00:00,1c1f4ede2bf642baa8a05a837c4f58ea
2013-11-02,699.57,,ft,Approved,,2025-03-11T19:58:39.236615+00:00,1c1f4ede2bf642baa8a05a837c4f58ea
2013-11-03,699.46,,ft,Approved,,2025-03-11T19:58:39.236615+00:00,1c1f4ede2bf642baa8a05a837c4f58ea
2013-11-04,699.43,,ft,Approved,,2025-03-11T19:58:39.236615+00:00,1c1f4ede2bf642baa8a05a837c4f58ea
2013-11-05,699.41,,ft,Approved,,2025-03-11T19:58:39.236615+00:00,1c1f4ede2bf642baa8a05a837c4f58ea
2013-11-06,699.41,,ft,Approved,,2025-03-11T19:58:39.236615+00:00,1c1f4ede2bf642baa8a05a837c4f58ea
2013-11-07,699.37,,ft,Approved,,2025-03-11T19:58:39.236615+00:00,1c1f4ede2bf642baa8a05a837c4f58ea
2013-11-08,699.35,,ft,Approved,,2025-03-11T19:58:39.236615+00:00,1c1f4ede2bf642baa8a05a837c4f58ea
2013-11-09,699.33,,ft,Approved,,2025-03-11T19:58:39.236615+00:00,1c1f4ede2bf642baa8a05a837c4f58ea
2013-11-10,699.32,,ft,Approved,,2025-03-11T19:58:39.236615+00:00,1c1f4ede2bf642baa8a05a837c4f58ea
2013-11-11,699.3,,ft,Approved,,2025-03-11T19:58:39.236615+00:00,1c1f4ede2bf642baa8a05a837c4f58ea
2013-11-12,699.28,,ft,Approved,,2025-03-11T19:58:39.236615+00:00,1c1f4ede2bf642baa8a05a837c4f58ea
2013-11-13,699.24,,ft,Approved,,2025-03-11T19:58:39.236615+00:00,1c1f4ede2bf642baa8a05a837c4f58ea
2013-11-14,699.22,,ft,Approved,,2025-03-11T19:58:39.236615+00:00,1c1f4ede2bf642baa8a05a837c4f58ea
2013-11-15,699.21,,ft,Approved,,2025-03-11T19:58:39.236615+00:00,1c1f4ede2bf642baa8a05a837c4f58ea
2013-11-16,699.21,,ft,Approved,,2025-03-11T19:58:39.236615+00:00,1c1f4ede2bf642baa8a05a837c4f58ea
2013-11-17,699.2,,ft,Approved,,2025-03-11T19:58:39.236615+00:00,1c1f4ede2bf642baa8a05a837c4f58ea
2013-11-18,699.19,,ft,Approved,,2025-03-11T19:58:39.236615+00:00,1c1f4ede2bf642baa8a05a837c4f58ea
2013-11-19,699.16,,ft,Approved,,2025-03-11T19:58:39.236615+00:00,1c1f4ede2bf642baa8a05a837c4f58ea
2013-11-20,699.13,,ft,Approved,,2025-03-11T19:58:39.236615+00:00,1c1f4ede2bf642baa8a05a837c4f58ea
2013-11-21,699.14,,ft,Approved,,2025-03-11T19:58:39.236615+00:00,1c1f4ede2bf642baa8a05a837c4f58ea
2013-11-22,699.43,,ft,Approved,,2025-03-11T19:58:39.236615+00:00,1c1f4ede2bf642baa8a05a837c4f58ea
2013-11-23,699.86,,ft,Approved,,2025-03-11T19:58:39.236615+00:00,1c1f4ede2bf642baa8a05a837c4f58ea
2013-11-24,699.6,,ft,Approved,,2025-03-11T19:58:39.236615+00:00,1c1f4ede2bf642baa8a05a837c4f58ea
2013-11-25,699.91,,ft,Approved,,2025-03-11T19:58:39.236615+00:00,1c1f4ede2bf642baa8a05a837c4f58ea
2013-11-26,699.81,,ft,Approved,,2025-03-11T19:58:39.236615+00:00,1c1f4ede2bf642baa8a05a837c4f58ea
2013-11-27,699.57,,ft,Approved,,2025-03-11T19:58:39.236615+00:00,1c1f4ede2bf642baa8a05a837c4f58ea
2013-11-28,699.48,,ft,Approved,,2025-03-11T19:58:39.236615+00:00,1c1f4ede2bf642baa8a05a837c4f58ea
2013-11-29,699.45,,ft,Approved,,2025-03-11T19:58:39.236615+00:00,1c1f4ede2bf642baa8a05a837c4f58ea
2013-11-30,699.43,,ft,Approved,,2025-03-11T19:58:39.236615+00:00,1c1f4ede2bf642baa8a05a837c4f58ea
2013-12-01,699.43,,ft,Approved,,2025-03-11T19:58:39.236615+00:00,1c1f4ede2bf642baa8a05a837c4f58ea
2013-12-02,699.42,,ft,Approved,,2025-03-11T19:58:39.236615+00:00,1c1f4ede2bf642baa8a05a837c4f58ea
2013-12-03,699.41,,ft,Approved,,2025-03-11T19:58:39.236615+00:00,1c1f4ede2bf642baa8a05a837c4f58ea
2013-12-04,699.39,,ft,Approved,,2025-03-11T19:58:39.236615+00:00,1c1f4ede2bf642baa8a05a837c4f58ea
2013-12-05,699.38,,ft,Approved,,2025-03-11T19:58:39.236615+00:00,1c1f4ede2bf642baa8a05a837c4f58ea
2013-12-06,699.36,,ft,Approved,,2025-03-11T19:58:39.236615+00:00,1c1f4ede2bf642baa8a05a837c4f58ea
2013-12-07,699.34,,ft,Approved,,2025-03-11T19:58:39.236615+00:00,1c1f4ede2bf642baa8a05a837c4f58ea
2013-12-08,699.34,,ft,Approved,,2025-03-11T19:58:39.236615+00:00,1c1f4ede2bf642baa8a05a837c4f58ea
2013-12-09,699.36,,ft,Approved,,2025-03-11T19:58:39.236615+00:00,1c1f4ede2bf642baa8a05a837c4f58ea
2013-12-10,699.36,,ft,Approved,,2025-03-11T19:58:39.236615+00:00,1c1f4ede2bf642baa8a05a837c4f58ea
2013-12-11,699.35,,ft,Approved,,2025-03-11T19:58:39.236615+00:00,1c1f4ede2bf642baa8a05a837c4f58ea
2013-12-12,699.35,,ft,Approved,,2025-03-11T19:58:39.236615+00:00,1c1f4ede2bf642baa8a05a837c4f58ea
2013-12-13,699.37,,ft,Approved,,2025-03-11T19:58:39.236615+00:00,1c1f4ede2bf642baa8a05a837c4f58ea
2013-12-14,699.4,,ft,Approved,,2025-03-11T19:58:39.236615+00:00,1c1f4ede2bf642baa8a05a837c4f58ea
2013-12-15,699.39,,ft,Approved,,2025-03-11T19:58:39.236615+00:00,1c1f4ede2bf642baa8a05a837c4f58ea
2013-12-16,699.37,,ft,Approved,,2025-03-11T19:58:39.236615+00:00,1c1f4ede2bf642baa8a05a837c4f58ea
2013-12-17,699.37,,ft,Approved,,2025-03-11T19:58:39.236615+00:00,1c1f4ede2bf642baa8a05a837c4f58ea
2013-12-18,699.38,,ft,Approved,,2025-03-11T19:58:39.236615+00:00,1c1f4ede2bf642baa8a05a837c4f58ea
2013-12-19,699.38,,ft,Approved,,2025-03-11T19:58:39.236615+00:00,1c1f4ede2bf642baa8a05a837c4f58ea
2013-12-20,699.39,,ft,Approved,,2025-03-11T19:58:39.236615+00:00,1c1f4ede2bf642baa8a05a837c4f58ea
2013-12-21,699.45,,ft,Approved,,2025-03-11T19:58:39.236615+00:00,1c1f4ede2bf642baa8a05a837c4f58ea
2013-12-22,699.45,,ft,Approved,,2025-03-11T19:58:39.236615+00:00,1c1f4ede2bf642baa8a05a837c4f58ea
2013-12-23,699.41,,ft,Approved,,2025-03-11T19:58:39.236615+00:00,1c1f4ede2bf642baa8a05a837c4f58ea
2013-12-24,699.4,,ft,Approved,,2025-03-11T19:58:39.236615+00:00,1c1f4ede2bf642baa8a05a837c4f58ea
2013-12-25,699.39,,ft,Approved,,2025-03-11T19:58:39.236615+00:00,1c1f4ede2bf642baa8a05a837c4f58ea
2013-12-26,699.38,,ft,Approved,,2025-03-11T19:58:39.236615+00:00,1c1f4ede2bf642baa8a05a837c4f58ea
2013-12-27,699.38,,ft,Approved,,2025-03-11T19:58:39.236615+00:00,1c1f4ede2bf642baa8a05a837c4f58ea
2013-12-28,699.37,,ft,Approved,,2025-03-11T19:58:39.236615+00:00,1c1f4ede2bf642baa8a05a837c4f58ea
2013-12-29,699.37,,ft,Approved,,2025-03-11T19:58:39.236615+00:00,1c1f4ede2bf642baa8a05a837c4f58ea
2013-12-30,699.35,,ft,Approved,,2025-03-11T19:58:39.236615+00:00,1c1f4ede2bf642baa8a05a837c4f58ea
2013-12-31,699.35,,ft,Approved,,2025-03-11T19:58:39.236615+00:00,1c1f4ede2bf642baa8a05a837c4f58ea
2014-01-01,699.35,,ft,Approved,,2025-03-11T19:58:39.236615+00:00,1c1f4ede2bf642baa8a05a837c4f58ea
2014-01-02,699.34,,ft,Approved,,2025-03-11T19:58:39.236615+00:00,1c1f4ede2bf642baa8a05a837c4f58ea
2014-01-03,699.33,,ft,Approved,,2025-03-11T19:58:39.236615+00:00,1c1f4ede2bf642baa8a05a837c4f58ea
2014-01-04,699.34,,ft,Approved,,2025-03-11T19:58:39.236615+00:00,1c1f4ede2bf642baa8a05a837c4f58ea
2014-01-05,699.33,,ft,Approved,,2025-03-11T19:58:39.236615+00:00,1c1f4ede2bf642baa8a05a837c4f58ea
2014-01-06,699.3,,ft,Approved,,2025-03-11T19:58:39.236615+00:00,1c1f4ede2bf642baa8a05a837c4f58ea
2014-01-07,699.3,,ft,Approved,,2025-03-11T19:58:39.236615+00:00,1c1f4ede2bf642baa8a05a837c4f58ea
2014-01-08,699.32,,ft,Approved,,2025-03-11T19:58:39.236615+00:00,1c1f4ede2bf642baa8a05a837c4f58ea
2014-01-09,699.35,,ft,Approved,,2025-03-11T19:58:39.236615+00:00,1c1f4ede2bf642baa8a05a837c4f58ea
2014-01-10,699.38,,ft,Approved,,2025-03-11T19:58:39.236615+00:00,1c1f4ede2bf642baa8a05a837c4f58ea
2014-01-11,699.39,,ft,Approved,,2025-03-11T19:58:39.236615+00:00,1c1f4ede2bf642baa8a05a837c4f58ea
2014-01-12,699.37,,ft,Approved,,2025-03-11T19:58:39.236615+00:00,1c1f4ede2bf642baa8a05a837c4f58ea
2014-01-13,699.36,,ft,Approved,,2025-03-11T19:58:39.236615+00:00,1c1f4ede2bf642baa8a05a837c4f58ea
2014-01-14,699.34,,ft,Approved,,2025-03-11T19:58:39.236615+00:00,1c1f4ede2bf642baa8a05a837c4f58ea
2014-01-15,699.32,,ft,Approved,,2025-03-11T19:58:39.236615+00:00,1c1f4ede2bf642baa8a05a837c4f58ea
2014-01-16,699.33,,ft,Approved,,2025-03-11T19:58:39.236615+00:00,1c1f4ede2bf642baa8a05a837c4f58ea
2014-01-17,699.33,,ft,Approved,,2025-03-11T19:58:39.236615+00:00,1c1f4ede2bf642baa8a05a837c4f58ea
2014-01-18,699.33,,ft,Approved,,2025-03-11T19:58:39.236615+00:00,1c1f4ede2bf642baa8a05a837c4f58ea
2014-01-19,699.33,,ft,Approved,,2025-03-11T19:58:39.236615+00:00,1c1f4ede2bf642baa8a05a837c4f58ea
2014-01-20,699.33,,ft,Approved,,2025-03-11T19:58:39.236615+00:00,1c1f4ede2bf642baa8a05a837c4f58ea
2014-01-21,699.31,,ft,Approved,,2025-03-11T19:58:39.236615+00:00,1c1f4ede2bf642baa8a05a837c4f58ea
2014-01-22,699.3,,ft,Approved,,2025-03-11T19:58:39.236615+00:00,1c1f4ede2bf642baa8a05a837c4f58ea
2014-01-23,699.3,,ft,Approved,,2025-03-11T19:58:39.236615+00:00,1c1f4ede2bf642baa8a05a837c4f58ea
2014-01-24,699.29,,ft,Approved,,2025-03-11T19:58:39.236615+00:00,1c1f4ede2bf642baa8a05a837c4f58ea
2014-01-25,699.3,,ft,Approved,,2025-03-11T19:58:39.236615+00:00,1c1f4ede2bf642baa8a05a837c4f58ea
2014-01-26,699.32,,ft,Approved,,2025-03-11T19:58:39.236615+00:00,1c1f4ede2bf642baa8a05a837c4f58ea
2014-01-27,699.31,,ft,Approved,,2025-03-11T19:58:39.236615+00:00,1c1f4ede2bf642baa8a05a837c4f58ea
2014-01-28,699.29,,ft,Approved,,2025-03-11T19:58:39.236615+00:00,1c1f4ede2bf642baa8a05a837c4f58ea
2014-01-29,699.28,,ft,Approved,,2025-03-11T19:58:39.236615+00:00,1c1f4ede2bf642baa8a05a837c4f58ea
2014-01-30,699.28,,ft,Approved,,2025-03-11T19:58:39.236615+00:00,1c1f4ede2bf642baa8a05a837c4f58ea
2014-01-31,699.3,,ft,Approved,,2025-03-11T19:58:39.236615+00:00,1c1f4ede2bf642baa8a05a837c4f58ea
2014-02-01,699.32,,ft,Approved,,2025-03-11T19:58:39.236615+00:00,1c1f4ede2bf642baa8a05a837c4f58ea
2014-02-02,699.31,,ft,Approved,,2025-03-11T19:58:39.236615+00:00,1c1f4ede2bf642baa8a05a837c4f58ea
2014-02-03,699.28,,ft,Approved,,2025-03-11T19:58:39.236615+00:00,1c1f4ede2bf642baa8a05a837c4f58ea
2014-02-04,699.3,,ft,Approved,,2025-03-11T19:58:39.236615+00:00,1c1f4ede2bf642baa8a05a837c4f58ea
2014-02-05,699.3,,ft,Approved,,2025-03-11T19:58:39.236615+00:00,1c1f4ede2bf642baa8a05a837c4f58ea
2014-02-06,699.27,,ft,Approved,,2025-03-11T19:58:39.236615+00:00,1c1f4ede2bf642baa8a05a837c4f58ea
2014-02-07,699.26,,ft,Approved,,2025-03-11T19:58:39.236615+00:00,1c1f4ede2bf642baa8a05a837c4f58ea
2014-02-08,699.27,,ft,Approved,,2025-03-11T19:58:39.236615+00:00,1c1f4ede2bf642baa8a05a837c4f58ea
2014-02-09,699.28,,ft,Approved,,2025-03-11T19:58:39.236615+00:00,1c1f4ede2bf642baa8a05a837c4f58ea
2014-02-10,699.28,,ft,Approved,,2025-03-11T19:58:39.236615+00:00,1c1f4ede2bf642baa8a05a837c4f58ea
2014-02-11,699.28,,ft,Approved,,2025-03-11T19:58:39.236615+00:00,1c1f4ede2bf642baa8a05a837c4f58ea
2014-02-12,699.28,,ft,Approved,,2025-03-11T19:58:39.236615+00:00,1c1f4ede2bf642baa8a05a837c4f58ea
2014-02-13,699.29,,ft,Approved,,2025-03-11T19:58:39.236615+00:00,1c1f4ede2bf642baa8a05a837c4f58ea
2014-02-14,699.29,,ft,Approved,,2025-03-11T19:58:39.236615+00:00,1c1f4ede2bf642baa8a05a837c4f58ea
2014-02-15,699.28,,ft,Approved,,2025-03-11T19:58:39.236615+00:00,1c1f4ede2bf642baa8a05a837c4f58ea
2014-02-16,699.29,,ft,Approved,,2025-03-11T19:58:39.236615+00:00,1c1f4ede2bf642baa8a05a837c4f58ea
2014-02-17,699.29,,ft,Approved,,2025-03-11T19:58:39.236615+00:00,1c1f4ede2bf642baa8a05a837c4f58ea
2014-02-18,699.28,,ft,Approved,,2025-03-11T19:58:39.236615+00:00,1c1f4ede2bf642baa8a05a837c4f58ea
2014-02-19,699.29,,ft,Approved,,2025-03-11T19:58:39.236615+00:00,1c1f4ede2bf642baa8a05a837c4f58ea
2014-02-20,699.29,,ft,Approved,,2025-03-11T19:58:39.236615+00:00,1c1f4ede2bf642baa8a05a837c4f58ea
2014-02-21,699.26,,ft,Approved,,2025-03-11T19:58:39.236615+00:00,1c1f4ede2bf642baa8a05a837c4f58ea
2014-02-22,699.25,,ft,Approved,,2025-03-11T19:58:39.236615+00:00,1c1f4ede2bf642baa8a05a837c4f58ea
2014-02-23,699.25,,ft,Approved,,2025-03-11T19:58:39.236615+00:00,1c1f4ede2bf642baa8a05a837c4f58ea
2014-02-24,699.24,,ft,Approved,,2025-03-11T19:58:39.236615+00:00,1c1f4ede2bf642baa8a05a837c4f58ea
2014-02-25,699.23,,ft,Approved,,2025-03-11T19:58:39.236615+00:00,1c1f4ede2bf642baa8a05a837c4f58ea
2014-02-26,699.25,,ft,Approved,,2025-03-11T19:58:39.236615+00:00,1c1f4ede2bf642baa8a05a837c4f58ea
2014-02-27,699.25,,ft,Approved,,2025-03-11T19:58:39.236615+00:00,1c1f4ede2bf642baa8a05a837c4f58ea
2014-02-28,699.25,,ft,Approved,,2025-03-11T19:58:39.236615+00:00,1c1f4ede2bf642baa8a05a837c4f58ea
2014-03-01,699.25,,ft,Approved,,2025-03-11T19:58:39.236615+00:00,1c1f4ede2bf642baa8a05a837c4f58ea
2014-03-02,699.25,,ft,Approved,,2025-03-11T19:58:39.236615+00:00,1c1f4ede2bf642baa8a05a837c4f58ea
2014-03-03,699.21,,ft,Approved,,2025-03-11T19:58:39.236615+00:00,1c1f4ede2bf642baa8a05a837c4f58ea
2014-03-04,699.23,,ft,Approved,,2025-03-11T19:58:39.236615+00:00,1c1f4ede2bf642baa8a05a837c4f58ea
2014-03-05,699.23,,ft,Approved,,2025-03-11T19:58:39.236615+00:00,1c1f4ede2bf642baa8a05a837c4f58ea
2014-03-06,699.23,,ft,Approved,,2025-03-11T19:58:39.236615+00:00,1c1f4ede2bf642baa8a05a837c4f58ea
2014-03-07,699.23,,ft,Approved,,2025-03-11T19:58:39.236615+00:00,1c1f4ede2bf642baa8a05a837c4f58ea
2014-03-08,699.26,,ft,Approved,,2025-03-11T19:58:39.236615+00:00,1c1f4ede2bf642baa8a05a837c4f58ea
2014-03-09,699.36,,ft,Approved,,2025-03-11T19:58:39.236615+00:00,1c1f4ede2bf642baa8a05a837c4f58ea
2014-03-10,699.37,,ft,Approved,,2025-03-11T19:58:39.236615+00:00,1c1f4ede2bf642baa8a05a837c4f58ea
2014-03-11,699.37,,ft,Approved,,2025-03-11T19:58:39.236615+00:00,1c1f4ede2bf642baa8a05a837c4f58ea
2014-03-12,699.34,,ft,Approved,,2025-03-11T19:58:39.236615+00:00,1c1f4ede2bf642baa8a05a837c4f58ea
2014-03-13,699.31,,ft,Approved,,2025-03-11T19:58:39.236615+00:00,1c1f4ede2bf642baa8a05a837c4f58ea
2014-03-14,699.3,,ft,Approved,,2025-03-11T19:58:39.236615+00:00,1c1f4ede2bf642baa8a05a837c4f58ea
2014-03-15,699.31,,ft,Approved,,2025-03-11T19:58:39.236615+00:00,1c1f4ede2bf642baa8a05a837c4f58ea
2014-03-16,699.3,,ft,Approved,,2025-03-11T19:58:39.236615+00:00,1c1f4ede2bf642baa8a05a837c4f58ea
2014-03-17,699.26,,ft,Approved,,2025-03-11T19:58:39.236615+00:00,1c1f4ede2bf642baa8a05a837c4f58ea
2014-03-18,699.25,,ft,Approved,,2025-03-11T19:58:39.236615+00:00,1c1f4ede2bf642baa8a05a837c4f58ea
2014-03-19,699.23,,ft,Approved,,2025-03-11T19:58:39.236615+00:00,1c1f4ede2bf642baa8a05a837c4f58ea
2014-03-20,699.21,,ft,Approved,,2025-03-11T19:58:39.236615+00:00,1c1f4ede2bf642baa8a05a837c4f58ea
2014-03-21,699.21,,ft,Approved,,2025-03-11T19:58:39.236615+00:00,1c1f4ede2bf642baa8a05a837c4f58ea
2014-03-22,699.21,,ft,Approved,,2025-03-11T19:58:39.236615+00:00,1c1f4ede2bf642baa8a05a837c4f58ea
2014-03-23,699.19,,ft,Approved,,2025-03-11T19:58:39.236615+00:00,1c1f4ede2bf642baa8a05a837c4f58ea
2014-03-24,699.16,,ft,Approved,,2025-03-11T19:58:39.236615+00:00,1c1f4ede2bf642baa8a05a837c4f58ea
2014-03-25,699.15,,ft,Approved,,2025-03-11T19:58:39.236615+00:00,1c1f4ede2bf642baa8a05a837c4f58ea
2014-03-26,699.13,,ft,Approved,,2025-03-11T19:58:39.236615+00:00,1c1f4ede2bf642baa8a05a837c4f58ea
2014-03-27,699.13,,ft,Approved,,2025-03-11T19:58:39.236615+00:00,1c1f4ede2bf642baa8a05a837c4f58ea
2014-03-28,699.13,,ft,Approved,,2025-03-11T19:58:39.236615+00:00,1c1f4ede2bf642baa8a05a837c4f58ea
2014-03-29,699.11,,ft,Approved,,2025-03-11T19:58:39.236615+00:00,1c1f4ede2bf642baa8a05a837c4f58ea
2014-03-30,699.08,,ft,Approved,,2025-03-11T19:58:39.236615+00:00,1c1f4ede2bf642baa8a05a837c4f58ea
2014-03-31,699.06,,ft,Approved,,2025-03-11T19:58:39.236615+00:00,1c1f4ede2bf642baa8a05a837c4f58ea
2014-04-01,699.05,,ft,Approved,,2025-03-11T19:58:39.236615+00:00,1c1f4ede2bf642baa8a05a837c4f58ea
2014-04-02,699.04,,ft,Approved,,2025-03-11T19:58:39.236615+00:00,1c1f4ede2bf642baa8a05a837c4f58ea
2014-04-03,699.03,,ft,Approved,,2025-03-11T19:58:39.236615+00:00,1c1f4ede2bf642baa8a05a837c4f58ea
2014-04-04,698.98,,ft,Approved,,2025-03-11T19:58:39.236615+00:00,1c1f4ede2bf642baa8a05a837c4f58ea
2014-04-05,698.93,,ft,Approved,,2025-03-11T19:58:39.236615+00:00,1c1f4ede2bf642baa8a05a837c4f58ea
2014-04-06,698.94,,ft,Approved,,2025-03-11T19:58:39.236615+00:00,1c1f4ede2bf642baa8a05a837c4f58ea
2014-04-07,698.95,,ft,Approved,,2025-03-11T19:58:39.236615+00:00,1c1f4ede2bf642baa8a05a837c4f58ea
2014-04-08,698.93,,ft,Approved,,2025-03-11T19:58:39.236615+00:00,1c1f4ede2bf642baa8a05a837c4f58ea
2014-04-09,698.91,,ft,Approved,,2025-03-11T19:58:39.236615+00:00,1c1f4ede2bf642baa8a05a837c4f58ea
2014-04-10,698.89,,ft,Approved,,2025-03-11T19:58:39.236615+00:00,1c1f4ede2bf642baa8a05a837c4f58ea
2014-04-11,698.86,,ft,Approved,,2025-03-11T19:58:39.236615+00:00,1c1f4ede2bf642baa8a05a837c4f58ea
2014-04-12,698.85,,ft,Approved,,2025-03-11T19:58:39.236615+00:00,1c1f4ede2bf642baa8a05a837c4f58ea
2014-04-13,698.83,,ft,Approved,,2025-03-11T19:58:39.236615+00:00,1c1f4ede2bf642baa8a05a837c4f58ea
2014-04-14,698.84,,ft,Approved,,2025-03-11T19:58:39.236615+00:00,1c1f4ede2bf642baa8a05a837c4f58ea
2014-04-15,698.81,,ft,Approved,,2025-03-11T19:58:39.236615+00:00,1c1f4ede2bf642baa8a05a837c4f58ea
2014-04-16,698.8,,ft,Approved,,2025-03-11T19:58:39.236615+00:00,1c1f4ede2bf642baa8a05a837c4f58ea
2014-04-17,698.78,,ft,Approved,,2025-03-11T19:58:39.236615+00:00,1c1f4ede2bf642baa8a05a837c4f58ea
2014-04-18,698.79,,ft,Approved,,2025-03-11T19:58:39.236615+00:00,1c1f4ede2bf642baa8a05a837c4f58ea
2014-04-19,698.77,,ft,Approved,,2025-03-11T19:58:39.236615+00:00,1c1f4ede2bf642baa8a05a837c4f58ea
2014-04-20,698.76,,ft,Approved,,2025-03-11T19:58:39.236615+00:00,1c1f4ede2bf642baa8a05a837c4f58ea
2014-04-21,698.75,,ft,Approved,,2025-03-11T19:58:39.236615+00:00,1c1f4ede2bf642baa8a05a837c4f58ea
2014-04-22,698.74,,ft,Approved,,2025-03-11T19:58:39.236615+00:00,1c1f4ede2bf642baa8a05a837c4f58ea
2014-04-23,698.72,,ft,Approved,,2025-03-11T19:58:39.236615+00:00,1c1f4ede2bf642baa8a05a837c4f58ea
2014-04-24,698.68,,ft,Approved,,2025-03-11T19:58:39.236615+00:00,1c1f4ede2bf642baa8a05a837c4f58ea
2014-04-25,698.66,,ft,Approved,,2025-03-11T19:58:39.236615+00:00,1c1f4ede2bf642baa8a05a837c4f58ea
2014-04-26,698.63,,ft,Approved,,2025-03-11T19:58:39.236615+00:00,1c1f4ede2bf642baa8a05a837c4f58ea
2014-04-27,698.61,,ft,Approved,,2025-03-11T19:58:39.236615+00:00,1c1f4ede2bf642baa8a05a837c4f58ea
2014-04-28,698.58,,ft,Approved,,2025-03-11T19:58:39.236615+00:00,1c1f4ede2bf642baa8a05a837c4f58ea
2014-04-29,698.54,,ft,Approved,,2025-03-11T19:58:39.236615+00:00,1c1f4ede2bf642baa8a05a837c4f58ea
2014-04-30,698.48,,ft,Approved,,2025-03-11T19:58:39.236615+00:00,1c1f4ede2bf642baa8a05a837c4f58ea
2014-05-01,698.45,,ft,Approved,,2025-03-11T19:58:39.236615+00:00,1c1f4ede2bf642baa8a05a837c4f58ea
2014-05-02,698.42,,ft,Approved,,2025-03-11T19:58:39.236615+00:00,1c1f4ede2bf642baa8a05a837c4f58ea
2014-05-03,698.39,,ft,Approved,,2025-03-11T19:58:39.236615+00:00,1c1f4ede2bf642baa8a05a837c4f58ea
2014-05-04,698.35,,ft,Approved,,2025-03-11T19:58:39.236615+00:00,1c1f4ede2bf642baa8a05a837c4f58ea
2014-05-05,698.31,,ft,Approved,,2025-03-11T19:58:39.236615+00:00,1c1f4ede2bf642baa8a05a837c4f58ea
2014-05-06,698.28,,ft,Approved,,2025-03-11T19:58:39.236615+00:00,1c1f4ede2bf642baa8a05a837c4f58ea
2014-05-07,698.26,,ft,Approved,,2025-03-11T19:58:39.236615+00:00,1c1f4ede2bf642baa8a05a837c4f58ea
2014-05-08,698.25,,ft,Approved,,2025-03-11T19:58:39.236615+00:00,1c1f4ede2bf642baa8a05a837c4f58ea
2014-05-09,698.25,,ft,Approved,,2025-03-11T19:58:39.236615+00:00,1c1f4ede2bf642baa8a05a837c4f58ea
2014-05-10,698.23,,ft,Approved,,2025-03-11T19:58:39.236615+00:00,1c1f4ede2bf642baa8a05a837c4f58ea
2014-05-11,698.2,,ft,Approved,,2025-03-11T19:58:39.236615+00:00,1c1f4ede2bf642baa8a05a837c4f58ea
2014-05-12,698.2,,ft,Approved,,2025-03-11T19:58:39.236615+00:00,1c1f4ede2bf642baa8a05a837c4f58ea
2014-05-13,698.72,,ft,Approved,,2025-03-11T19:58:39.236615+00:00,1c1f4ede2bf642baa8a05a837c4f58ea
2014-05-14,698.79,,ft,Approved,,2025-03-11T19:58:39.236615+00:00,1c1f4ede2bf642baa8a05a837c4f58ea
2014-05-15,698.76,,ft,Approved,,2025-03-11T19:58:39.236615+00:00,1c1f4ede2bf642baa8a05a837c4f58ea
2014-05-16,698.74,,ft,Approved,,2025-03-11T19:58:39.236615+00:00,1c1f4ede2bf642baa8a05a837c4f58ea
2014-05-17,698.71,,ft,Approved,,2025-03-11T19:58:39.236615+00:00,1c1f4ede2bf642baa8a05a837c4f58ea
2014-05-18,698.68,,ft,Approved,,2025-03-11T19:58:39.236615+00:00,1c1f4ede2bf642baa8a05a837c4f58ea
2014-05-19,698.66,,ft,Approved,,2025-03-11T19:58:39.236615+00:00,1c1f4ede2bf642baa8a05a837c4f58ea
2014-05-20,698.63,,ft,Approved,,2025-03-11T19:58:39.236615+00:00,1c1f4ede2bf642baa8a05a837c4f58ea
2014-05-21,698.6,,ft,Approved,,2025-03-11T19:58:39.236615+00:00,1c1f4ede2bf642baa8a05a837c4f58ea
2014-05-22,698.57,,ft,Approved,,2025-03-11T19:58:39.236615+00:00,1c1f4ede2bf642baa8a05a837c4f58ea
2014-05-23,698.54,,ft,Approved,,2025-03-11T19:58:39.236615+00:00,1c1f4ede2bf642baa8a05a837c4f58ea
2014-05-24,698.51,,ft,Approved,,2025-03-11T19:58:39.236615+00:00,1c1f4ede2bf642baa8a05a837c4f58ea
2014-05-25,698.49,,ft,Approved,,2025-03-11T19:58:39.236615+00:00,1c1f4ede2bf642baa8a05a837c4f58ea
2014-05-26,698.6,,ft,Approved,,2025-03-11T19:58:39.236615+00:00,1c1f4ede2bf642baa8a05a837c4f58ea
2014-05-27,699.32,,ft,Approved,,2025-03-11T19:58:39.236615+00:00,1c1f4ede2bf642baa8a05a837c4f58ea
2014-05-28,699.55,,ft,Approved,,2025-03-11T19:58:39.236615+00:00,1c1f4ede2bf642baa8a05a837c4f58ea
2014-05-29,699.48,,ft,Approved,,2025-03-11T19:58:39.236615+00:00,1c1f4ede2bf642baa8a05a837c4f58ea
2014-05-30,699.45,,ft,Approved,,2025-03-11T19:58:39.236615+00:00,1c1f4ede2bf642baa8a05a837c4f58ea
2014-05-31,699.41,,ft,Approved,,2025-03-11T19:58:39.236615+00:00,1c1f4ede2bf642baa8a05a837c4f58ea
2014-06-01,699.38,,ft,Approved,,2025-03-11T19:58:39.236615+00:00,1c1f4ede2bf642baa8a05a837c4f58ea
2014-06-02,699.37,,ft,Approved,,2025-03-11T19:58:39.236615+00:00,1c1f4ede2bf642baa8a05a837c4f58ea
2014-06-03,699.35,,ft,Approved,,2025-03-11T19:58:39.236615+00:00,1c1f4ede2bf642baa8a05a837c4f58ea
2014-06-04,699.33,,ft,Approved,,2025-03-11T19:58:39.236615+00:00,1c1f4ede2bf642baa8a05a837c4f58ea
2014-06-05,699.31,,ft,Approved,,2025-03-11T19:58:39.236615+00:00,1c1f4ede2bf642baa8a05a837c4f58ea
2014-06-06,699.28,,ft,Approved,,2025-03-11T19:58:39.236615+00:00,1c1f4ede2bf642baa8a05a837c4f58ea
2014-06-07,699.26,,ft,Approved,,2025-03-11T19:58:39.236615+00:00,1c1f4ede2bf642baa8a05a837c4f58ea
2014-06-08,699.23,,ft,Approved,,2025-03-11T19:58:39.236615+00:00,1c1f4ede2bf642baa8a05a837c4f58ea
2014-06-09,699.22,,ft,Approved,,2025-03-11T19:58:39.236615+00:00,1c1f4ede2bf642baa8a05a837c4f58ea
2014-06-10,699.23,,ft,Approved,,2025-03-11T19:58:39.236615+00:00,1c1f4ede2bf642baa8a05a837c4f58ea
2014-06-11,699.21,,ft,Approved,,2025-03-11T19:58:39.236615+00:00,1c1f4ede2bf642baa8a05a837c4f58ea
2014-06-12,699.19,,ft,Approved,,2025-03-11T19:58:39.236615+00:00,1c1f4ede2bf642baa8a05a837c4f58ea
2014-06-13,699.17,,ft,Approved,,2025-03-11T19:58:39.236615+00:00,1c1f4ede2bf642baa8a05a837c4f58ea
2014-06-14,699.14,,ft,Approved,,2025-03-11T19:58:39.236615+00:00,1c1f4ede2bf642baa8a05a837c4f58ea
2014-06-15,699.11,,ft,Approved,,2025-03-11T19:58:39.236615+00:00,1c1f4ede2bf642baa8a05a837c4f58ea
2014-06-16,699.08,,ft,Approved,,2025-03-11T19:58:39.236615+00:00,1c1f4ede2bf642baa8a05a837c4f58ea
2014-06-17,699.04,,ft,Approved,,2025-03-11T19:58:39.236615+00:00,1c1f4ede2bf642baa8a05a837c4f58ea
2014-06-18,699.01,,ft,Approved,,2025-03-11T19:58:39.236615+00:00,1c1f4ede2bf642baa8a05a837c4f58ea
2014-06-19,698.98,,ft,Approved,,2025-03-11T19:58:39.236615+00:00,1c1f4ede2bf642baa8a05a837c4f58ea
2014-06-20,698.95,,ft,Approved,,2025-03-11T19:58:39.236615+00:00,1c1f4ede2bf642baa8a05a837c4f58ea
2014-06-21,698.92,,ft,Approved,,2025-03-11T19:58:39.236615+00:00,1c1f4ede2bf642baa8a05a837c4f58ea
2014-06-22,698.89,,ft,Approved,,2025-03-11T19:58:39.236615+00:00,1c1f4ede2bf642baa8a05a837c4f58ea
2014-06-23,698.89,,ft,Approved,,2025-03-11T19:58:39.236615+00:00,1c1f4ede2bf642baa8a05a837c4f58ea
2014-06-24,698.89,,ft,Approved,,2025-03-11T19:58:39.236615+00:00,1c1f4ede2bf642baa8a05a837c4f58ea
2014-06-25,698.9,,ft,Approved,,2025-03-11T19:58:39.236615+00:00,1c1f4ede2bf642baa8a05a837c4f58ea
2014-06-26,698.9,,ft,Approved,,2025-03-11T19:58:39.236615+00:00,1c1f4ede2bf642baa8a05a837c4f58ea
2014-06-27,698.87,,ft,Approved,,2025-03-11T19:58:39.236615+00:00,1c1f4ede2bf642baa8a05a837c4f58ea
2014-06-28,698.85,,ft,Approved,,2025-03-11T19:58:39.236615+00:00,1c1f4ede2bf642baa8a05a837c4f58ea
2014-06-29,698.81,,ft,Approved,,2025-03-11T19:58:39.236615+00:00,1c1f4ede2bf642baa8a05a837c4f58ea
2014-06-30,698.78,,ft,Approved,,2025-03-11T19:58:39.236615+00:00,1c1f4ede2bf642baa8a05a837c4f58ea
2014-07-01,698.74,,ft,Approved,,2025-03-11T19:58:39.236615+00:00,1c1f4ede2bf642baa8a05a837c4f58ea
2014-07-02,698.7,,ft,Approved,,2025-03-11T19:58:39.236615+00:00,1c1f4ede2bf642baa8a05a837c4f58ea
2014-07-03,698.67,,ft,Approved,,2025-03-11T19:58:39.236615+00:00,1c1f4ede2bf642baa8a05a837c4f58ea
2014-07-04,698.65,,ft,Approved,,2025-03-11T19:58:39.236615+00:00,1c1f4ede2bf642baa8a05a837c4f58ea
2014-07-05,698.62,,ft,Approved,,2025-03-11T19:58:39.236615+00:00,1c1f4ede2bf642baa8a05a837c4f58ea
2014-07-06,698.59,,ft,Approved,,2025-03-11T19:58:39.236615+00:00,1c1f4ede2bf642baa8a05a837c4f58ea
2014-07-07,698.55,,ft,Approved,,2025-03-11T19:58:39.236615+00:00,1c1f4ede2bf642baa8a05a837c4f58ea
2014-07-08,698.51,,ft,Approved,,2025-03-11T19:58:39.236615+00:00,1c1f4ede2bf642baa8a05a837c4f58ea
2014-07-09,698.47,,ft,Approved,,2025-03-11T19:58:39.236615+00:00,1c1f4ede2bf642baa8a05a837c4f58ea
2014-07-10,698.43,,ft,Approved,,2025-03-11T19:58:39.236615+00:00,1c1f4ede2bf642baa8a05a837c4f58ea
2014-07-11,698.39,,ft,Approved,,2025-03-11T19:58:39.236615+00:00,1c1f4ede2bf642baa8a05a837c4f58ea
2014-07-12,698.35,,ft,Approved,,2025-03-11T19:58:39.236615+00:00,1c1f4ede2bf642baa8a05a837c4f58ea
2014-07-13,698.32,,ft,Approved,,2025-03-11T19:58:39.236615+00:00,1c1f4ede2bf642baa8a05a837c4f58ea
2014-07-14,698.28,,ft,Approved,,2025-03-11T19:58:39.236615+00:00,1c1f4ede2bf642baa8a05a837c4f58ea
2014-07-15,698.25,,ft,Approved,,2025-03-11T19:58:39.236615+00:00,1c1f4ede2bf642baa8a05a837c4f58ea
2014-07-16,698.23,,ft,Approved,,2025-03-11T19:58:39.236615+00:00,1c1f4ede2bf642baa8a05a837c4f58ea
2014-07-17,698.21,,ft,Approved,,2025-03-11T19:58:39.236615+00:00,1c1f4ede2bf642baa8a05a837c4f58ea
2014-07-18,698.56,,ft,Approved,,2025-03-11T19:58:39.236615+00:00,1c1f4ede2bf642baa8a05a837c4f58ea
2014-07-19,698.58,,ft,Approved,,2025-03-11T19:58:39.236615+00:00,1c1f4ede2bf642baa8a05a837c4f58ea
2014-07-20,698.57,,ft,Approved,,2025-03-11T19:58:39.236615+00:00,1c1f4ede2bf642baa8a05a837c4f58ea
2014-07-21,698.54,,ft,Approved,,2025-03-11T19:58:39.236615+00:00,1c1f4ede2bf642baa8a05a837c4f58ea
2014-07-22,698.52,,ft,Approved,,2025-03-11T19:58:39.236615+00:00,1c1f4ede2bf642baa8a05a837c4f58ea
2014-07-23,698.49,,ft,Approved,,2025-03-11T19:58:39.236615+00:00,1c1f4ede2bf642baa8a05a837c4f58ea
2014-07-24,698.48,,ft,Approved,,2025-03-11T19:58:39.236615+00:00,1c1f4ede2bf642baa8a05a837c4f58ea
2014-07-25,698.47,,ft,Approved,,2025-03-11T19:58:39.236615+00:00,1c1f4ede2bf642baa8a05a837c4f58ea
2014-07-26,698.43,,ft,Approved,,2025-03-11T19:58:39.236615+00:00,1c1f4ede2bf642baa8a05a837c4f58ea
2014-07-27,698.39,,ft,Approved,,2025-03-11T19:58:39.236615+00:00,1c1f4ede2bf642baa8a05a837c4f58ea
2014-07-28,698.36,,ft,Approved,,2025-03-11T19:58:39.236615+00:00,1c1f4ede2bf642baa8a05a837c4f58ea
2014-07-29,698.33,,ft,Approved,,2025-03-11T19:58:39.236615+00:00,1c1f4ede2bf642baa8a05a837c4f58ea
2014-07-30,698.27,,ft,Approved,,2025-03-11T19:58:39.236615+00:00,1c1f4ede2bf642baa8a05a837c4f58ea
2014-07-31,697.99,,ft,Approved,,2025-03-11T19:58:39.236615+00:00,1c1f4ede2bf642baa8a05a837c4f58ea
2014-08-01,697.7,,ft,Approved,,2025-03-11T19:58:39.236615+00:00,1c1f4ede2bf642baa8a05a837c4f58ea
2014-08-02,697.41,,ft,Approved,,2025-03-11T19:58:39.236615+00:00,1c1f4ede2bf642baa8a05a837c4f58ea
2014-08-03,697.12,,ft,Approved,,2025-03-11T19:58:39.236615+00:00,1c1f4ede2bf642baa8a05a837c4f58ea
2014-08-04,696.83,,ft,Approved,,2025-03-11T19:58:39.236615+00:00,1c1f4ede2bf642baa8a05a837c4f58ea
2014-08-05,696.55,,ft,Approved,LESSTHAN;REVISED,2025-03-11T19:58:39.236615+00:00,1c1f4ede2bf642baa8a05a837c4f58ea
2014-08-06,696.33,,ft,Approved,LESSTHAN;REVISED,2025-03-11T19:58:39.236615+00:00,1c1f4ede2bf642baa8a05a837c4f58ea
2014-08-07,696.32,,ft,Approved,LESSTHAN;REVISED,2025-03-11T19:58:39.236615+00:00,1c1f4ede2bf642baa8a05a837c4f58ea
2014-08-08,696.32,,ft,Approved,LESSTHAN;REVISED,2025-03-11T19:58:39.236615+00:00,1c1f4ede2bf642baa8a05a837c4f58ea
2014-08-09,696.32,,ft,Approved,LESSTHAN;REVISED,2025-03-11T19:58:39.236615+00:00,1c1f4ede2bf642baa8a05a837c4f58ea
2014-08-10,696.32,,ft,Approved,LESSTHAN;REVISED,2025-03-11T19:58:39.236615+00:00,1c1f4ede2bf642baa8a05a837c4f58ea
2014-08-11,696.32,,ft,Approved,LESSTHAN;REVISED,2025-03-11T19:58:39.236615+00:00,1c1f4ede2bf642baa8a05a837c4f58ea
2014-08-12,696.32,,ft,Approved,LESSTHAN;REVISED,2025-03-11T19:58:39.236615+00:00,1c1f4ede2bf642baa8a05a837c4f58ea
2014-08-13,696.32,,ft,Approved,LESSTHAN;REVISED,2025-03-11T19:58:39.236615+00:00,1c1f4ede2bf642baa8a05a837c4f58ea
2014-08-14,696.32,,ft,Approved,LESSTHAN;REVISED,2025-03-11T19:58:39.236615+00:00,1c1f4ede2bf642baa8a05a837c4f58ea
2014-08-15,696.32,,ft,Approved,LESSTHAN;REVISED,2025-03-11T19:58:39.236615+00:00,1c1f4ede2bf642baa8a05a837c4f58ea
2014-08-16,696.32,,ft,Approved,LESSTHAN;REVISED,2025-03-11T19:58:39.236615+00:00,1c1f4ede2bf642baa8a05a837c4f58ea
2014-08-17,696.32,,ft,Approved,LESSTHAN;REVISED,2025-03-11T19:58:39.236615+00:00,1c1f4ede2bf642baa8a05a837c4f58ea
2014-08-18,696.32,,ft,Approved,LESSTHAN;REVISED,2025-03-11T19:58:39.236615+00:00,1c1f4ede2bf642baa8a05a837c4f58ea
2014-08-19,696.32,,ft,Approved,LESSTHAN;REVISED,2025-03-11T19:58:39.236615+00:00,1c1f4ede2bf642baa8a05a837c4f58ea
2014-08-20,696.32,,ft,Approved,LESSTHAN;REVISED,2025-03-11T19:58:39.236615+00:00,1c1f4ede2bf642baa8a05a837c4f58ea
2014-08-21,696.32,,ft,Approved,LESSTHAN;REVISED,2025-03-11T19:58:39.236615+00:00,1c1f4ede2bf642baa8a05a837c4f58ea
2014-08-22,696.32,,ft,Approved,LESSTHAN;REVISED,2025-03-11T19:58:39.236615+00:00,1c1f4ede2bf642baa8a05a837c4f58ea
2014-08-23,696.32,,ft,Approved,LESSTHAN;REVISED,2025-03-11T19:58:39.236615+00:00,1c1f4ede2bf642baa8a05a837c4f58ea
2014-08-24,696.32,,ft,Approved,LESSTHAN;REVISED,2025-03-11T19:58:39.236615+00:00,1c1f4ede2bf642baa8a05a837c4f58ea
2014-08-25,696.32,,ft,Approved,LESSTHAN;REVISED,2025-03-11T19:58:39.236615+00:00,1c1f4ede2bf642baa8a05a837c4f58ea
2014-08-26,696.32,,ft,Approved,LESSTHAN;REVISED,2025-03-11T19:58:39.236615+00:00,1c1f4ede2bf642baa8a05a837c4f58ea
2014-08-27,696.32,,ft,Approved,LESSTHAN;REVISED,2025-03-11T19:58:39.236615+00:00,1c1f4ede2bf642baa8a05a837c4f58ea
2014-08-28,696.32,,ft,Approved,LESSTHAN;REVISED,2025-03-11T19:58:39.236615+00:00,1c1f4ede2bf642baa8a05a837c4f58ea
2014-08-29,696.32,,ft,Approved,LESSTHAN;REVISED,2025-03-11T19:58:39.236615+00:00,1c1f4ede2bf642baa8a05a837c4f58ea
2014-08-30,696.32,,ft,Approved,LESSTHAN;REVISED,2025-03-11T19:58:39.236615+00:00,1c1f4ede2bf642baa8a05a837c4f58ea
2014-08-31,696.32,,ft,Approved,LESSTHAN;REVISED,2025-03-11T19:58:39.236615+00:00,1c1f4ede2bf642baa8a05a837c4f58ea
2014-09-01,696.32,,ft,Approved,LESSTHAN;REVISED,2025-03-11T19:58:39.236615+00:00,1c1f4ede2bf642baa8a05a837c4f58ea
2014-09-02,696.32,,ft,Approved,LESSTHAN;REVISED,2025-03-11T19:58:39.236615+00:00,1c1f4ede2bf642baa8a05a837c4f58ea
2014-09-03,696.32,,ft,Approved,LESSTHAN;REVISED,2025-03-11T19:58:39.236615+00:00,1c1f4ede2bf642baa8a05a837c4f58ea
2014-09-04,696.32,,ft,Approved,LESSTHAN;REVISED,2025-03-11T19:58:39.236615+00:00,1c1f4ede2bf642baa8a05a837c4f58ea
2014-09-05,696.32,,ft,Approved,LESSTHAN;REVISED,2025-03-11T19:58:39.236615+00:00,1c1f4ede2bf642baa8a05a837c4f58ea
2014-09-06,696.32,,ft,Approved,LESSTHAN;REVISED,2025-03-11T19:58:39.236615+00:00,1c1f4ede2bf642baa8a05a837c4f58ea
2014-09-07,696.32,,ft,Approved,LESSTHAN;REVISED,2025-03-11T19:58:39.236615+00:00,1c1f4ede2bf642baa8a05a837c4f58ea
2014-09-08,696.32,,ft,Approved,LESSTHAN;REVISED,2025-03-11T19:58:39.236615+00:00,1c1f4ede2bf642baa8a05a837c4f58ea
2014-09-09,696.32,,ft,Approved,LESSTHAN;REVISED,2025-03-11T19:58:39.236615+00:00,1c1f4ede2bf642baa8a05a837c4f58ea
2014-09-10,696.32,,ft,Approved,LESSTHAN;REVISED,2025-03-11T19:58:39.236615+00:00,1c1f4ede2bf642baa8a05a837c4f58ea
2014-09-11,696.32,,ft,Approved,LESSTHAN;REVISED,2025-03-11T19:58:39.236615+00:00,1c1f4ede2bf642baa8a05a837c4f58ea
2014-09-12,696.33,,ft,Approved,LESSTHAN;REVISED,2025-03-11T19:58:39.236615+00:00,1c1f4ede2bf642baa8a05a837c4f58ea
2014-09-13,696.32,,ft,Approved,LESSTHAN;REVISED,2025-03-11T19:58:39.236615+00:00,1c1f4ede2bf642baa8a05a837c4f58ea
2014-09-14,696.31,,ft,Approved,LESSTHAN;REVISED,2025-03-11T19:58:39.236615+00:00,1c1f4ede2bf642baa8a05a837c4f58ea
2014-09-15,696.32,,ft,Approved,LESSTHAN;REVISED,2025-03-11T19:58:39.236615+00:00,1c1f4ede2bf642baa8a05a837c4f58ea
2014-09-16,696.32,,ft,Approved,LESSTHAN;REVISED,2025-03-11T19:58:39.236615+00:00,1c1f4ede2bf642baa8a05a837c4f58ea
2014-09-17,696.32,,ft,Approved,LESSTHAN;REVISED,2025-03-11T19:58:39.236615+00:00,1c1f4ede2bf642baa8a05a837c4f58ea
2014-09-18,696.52,,ft,Approved,LESSTHAN;REVISED,2025-03-11T19:58:39.236615+00:00,1c1f4ede2bf642baa8a05a837c4f58ea
2014-09-19,696.64,,ft,Approved,,2026-01-15T22:32:54.450605+00:00,1c1f4ede2bf642baa8a05a837c4f58ea
2014-09-20,696.63,,ft,Approved,,2025-03-11T19:58:39.236615+00:00,1c1f4ede2bf642baa8a05a837c4f58ea
2014-09-21,696.61,,ft,Approved,,2025-03-11T19:58:39.236615+00:00,1c1f4ede2bf642baa8a05a837c4f58ea
2014-09-22,696.56,,ft,Approved,,2025-03-11T19:58:39.236615+00:00,1c1f4ede2bf642baa8a05a837c4f58ea
2014-09-23,696.32,,ft,Approved,LESSTHAN;REVISED,2025-03-11T19:58:39.236615+00:00,1c1f4ede2bf642baa8a05a837c4f58ea
2014-09-24,696.32,,ft,Approved,LESSTHAN;REVISED,2025-03-11T19:58:39.236615+00:00,1c1f4ede2bf642baa8a05a837c4f58ea
2014-09-25,696.32,,ft,Approved,LESSTHAN;REVISED,2025-03-11T19:58:39.236615+00:00,1c1f4ede2bf642baa8a05a837c4f58ea
2014-09-26,696.32,,ft,Approved,LESSTHAN;REVISED,2025-03-11T19:58:39.236615+00:00,1c1f4ede2bf642baa8a05a837c4f58ea
2014-09-27,696.32,,ft,Approved,LESSTHAN;REVISED,2025-03-11T19:58:39.236615+00:00,1c1f4ede2bf642baa8a05a837c4f58ea
2014-09-28,696.32,,ft,Approved,LESSTHAN;REVISED,2025-03-11T19:58:39.236615+00:00,1c1f4ede2bf642baa8a05a837c4f58ea
2014-09-29,696.32,,ft,Approved,LESSTHAN;REVISED,2025-03-11T19:58:39.236615+00:00,1c1f4ede2bf642baa8a05a837c4f58ea
2014-09-30,696.32,,ft,Approved,LESSTHAN;REVISED,2025-03-11T19:58:39.236615+00:00,1c1f4ede2bf642baa8a05a837c4f58ea
2014-10-01,696.32,,ft,Approved,LESSTHAN;REVISED,2025-03-11T19:58:39.236615+00:00,1c1f4ede2bf642baa8a05a837c4f58ea
2014-10-02,696.32,,ft,Approved,LESSTHAN;REVISED,2025-03-11T19:58:39.236615+00:00,1c1f4ede2bf642baa8a05a837c4f58ea
2014-10-03,696.32,,ft,Approved,LESSTHAN;REVISED,2025-03-11T19:58:39.236615+00:00,1c1f4ede2bf642baa8a05a837c4f58ea
2014-10-04,696.31,,ft,Approved,LESSTHAN;REVISED,2025-03-11T19:58:39.236615+00:00,1c1f4ede2bf642baa8a05a837c4f58ea
2014-10-05,696.31,,ft,Approved,LESSTHAN;REVISED,2025-03-11T19:58:39.236615+00:00,1c1f4ede2bf642baa8a05a837c4f58ea
2014-10-06,696.32,,ft,Approved,LESSTHAN;REVISED,2025-03-11T19:58:39.236615+00:00,1c1f4ede2bf642baa8a05a837c4f58ea
2014-10-07,696.32,,ft,Approved,LESSTHAN;REVISED,2025-03-11T19:58:39.236615+00:00,1c1f4ede2bf642baa8a05a837c4f58ea
2014-10-08,696.32,,ft,Approved,LESSTHAN;REVISED,2025-03-11T19:58:39.236615+00:00,1c1f4ede2bf642baa8a05a837c4f58ea
2014-10-09,696.32,,ft,Approved,LESSTHAN;REVISED,2025-03-11T19:58:39.236615+00:00,1c1f4ede2bf642baa8a05a837c4f58ea
2014-10-10,696.32,,ft,Approved,LESSTHAN;REVISED,2025-03-11T19:58:39.236615+00:00,1c1f4ede2bf642baa8a05a837c4f58ea
2014-10-11,696.32,,ft,Approved,LESSTHAN;REVISED,2025-03-11T19:58:39.236615+00:00,1c1f4ede2bf642baa8a05a837c4f58ea
2014-10-12,696.31,,ft,Approved,LESSTHAN;REVISED,2025-03-11T19:58:39.236615+00:00,1c1f4ede2bf642baa8a05a837c4f58ea
2014-10-13,696.32,,ft,Approved,LESSTHAN;REVISED,2025-03-11T19:58:39.236615+00:00,1c1f4ede2bf642baa8a05a837c4f58ea
2014-10-14,696.32,,ft,Approved,LESSTHAN;REVISED,2025-03-11T19:58:39.236615+00:00,1c1f4ede2bf642baa8a05a837c4f58ea
2014-10-15,696.31,,ft,Approved,LESSTHAN;REVISED,2025-03-11T19:58:39.236615+00:00,1c1f4ede2bf642baa8a05a837c4f58ea
2014-10-16,696.31,,ft,Approved,LESSTHAN;REVISED,2025-03-11T19:58:39.236615+00:00,1c1f4ede2bf642baa8a05a837c4f58ea
2014-10-17,696.31,,ft,Approved,LESSTHAN;REVISED,2025-03-11T19:58:39.236615+00:00,1c1f4ede2bf642baa8a05a837c4f58ea
2014-10-18,696.32,,ft,Approved,LESSTHAN;REVISED,2025-03-11T19:58:39.236615+00:00,1c1f4ede2bf642baa8a05a837c4f58ea
2014-10-19,696.31,,ft,Approved,LESSTHAN;REVISED,2025-03-11T19:58:39.236615+00:00,1c1f4ede2bf642baa8a05a837c4f58ea
2014-10-20,696.31,,ft,Approved,LESSTHAN;REVISED,2025-03-11T19:58:39.236615+00:00,1c1f4ede2bf642baa8a05a837c4f58ea
2014-10-21,696.31,,ft,Approved,LESSTHAN;REVISED,2025-03-11T19:58:39.236615+00:00,1c1f4ede2bf642baa8a05a837c4f58ea
2014-10-22,696.31,,ft,Approved,LESSTHAN;REVISED,2025-03-11T19:58:39.236615+00:00,1c1f4ede2bf642baa8a05a837c4f58ea
2014-10-23,696.31,,ft,Approved,LESSTHAN;REVISED,2025-03-11T19:58:39.236615+00:00,1c1f4ede2bf642baa8a05a837c4f58ea
2014-10-24,696.31,,ft,Approved,LESSTHAN;REVISED,2025-03-11T19:58:39.236615+00:00,1c1f4ede2bf642baa8a05a837c4f58ea
2014-10-25,696.31,,ft,Approved,LESSTHAN;REVISED,2025-03-11T19:58:39.236615+00:00,1c1f4ede2bf642baa8a05a837c4f58ea
2014-10-26,696.31,,ft,Approved,LESSTHAN;REVISED,2025-03-11T19:58:39.236615+00:00,1c1f4ede2bf642baa8a05a837c4f58ea
2014-10-27,696.31,,ft,Approved,LESSTHAN;REVISED,2025-03-11T19:58:39.236615+00:00,1c1f4ede2bf642baa8a05a837c4f58ea
2014-10-28,696.31,,ft,Approved,LESSTHAN;REVISED,2025-03-11T19:58:39.236615+00:00,1c1f4ede2bf642baa8a05a837c4f58ea
2014-10-29,696.31,,ft,Approved,LESSTHAN;REVISED,2025-03-11T19:58:39.236615+00:00,1c1f4ede2bf642baa8a05a837c4f58ea
2014-10-30,696.31,,ft,Approved,LESSTHAN;REVISED,2025-03-11T19:58:39.236615+00:00,1c1f4ede2bf642baa8a05a837c4f58ea
2014-10-31,696.32,,ft,Approved,LESSTHAN;REVISED,2025-03-11T19:58:39.236615+00:00,1c1f4ede2bf642baa8a05a837c4f58ea
2014-11-01,696.31,,ft,Approved,LESSTHAN;REVISED,2025-03-11T19:58:39.236615+00:00,1c1f4ede2bf642baa8a05a837c4f58ea
2014-11-02,696.31,,ft,Approved,LESSTHAN;REVISED,2025-03-11T19:58:39.236615+00:00,1c1f4ede2bf642baa8a05a837c4f58ea
2014-11-03,696.31,,ft,Approved,LESSTHAN;REVISED,2025-03-11T19:58:39.236615+00:00,1c1f4ede2bf642baa8a05a837c4f58ea
2014-11-04,696.31,,ft,Approved,LESSTHAN;REVISED,2025-03-11T19:58:39.236615+00:00,1c1f4ede2bf642baa8a05a837c4f58ea
2014-11-05,696.31,,ft,Approved,LESSTHAN;REVISED,2025-03-11T19:58:39.236615+00:00,1c1f4ede2bf642baa8a05a837c4f58ea
2014-11-06,696.31,,ft,Approved,LESSTHAN;REVISED,2025-03-11T19:58:39.236615+00:00,1c1f4ede2bf642baa8a05a837c4f58ea
2014-11-07,696.31,,ft,Approved,LESSTHAN;REVISED,2025-03-11T19:58:39.236615+00:00,1c1f4ede2bf642baa8a05a837c4f58ea
2014-11-08,696.31,,ft,Approved,LESSTHAN;REVISED,2025-03-11T19:58:39.236615+00:00,1c1f4ede2bf642baa8a05a837c4f58ea
2014-11-09,696.31,,ft,Approved,LESSTHAN;REVISED,2025-03-11T19:58:39.236615+00:00,1c1f4ede2bf642baa8a05a837c4f58ea
2014-11-10,696.31,,ft,Approved,LESSTHAN;REVISED,2025-03-11T19:58:39.236615+00:00,1c1f4ede2bf642baa8a05a837c4f58ea
2014-11-11,696.32,,ft,Approved,LESSTHAN;REVISED,2025-03-11T19:58:39.236615+00:00,1c1f4ede2bf642baa8a05a837c4f58ea
2014-11-12,696.32,,ft,Approved,LESSTHAN;REVISED,2025-03-11T19:58:39.236615+00:00,1c1f4ede2bf642baa8a05a837c4f58ea
2014-11-13,696.31,,ft,Approved,LESSTHAN;REVISED,2025-03-11T19:58:39.236615+00:00,1c1f4ede2bf642baa8a05a837c4f58ea
2014-11-14,696.3,,ft,Approved,LESSTHAN;REVISED,2025-03-11T19:58:39.236615+00:00,1c1f4ede2bf642baa8a05a837c4f58ea
2014-11-15,696.3,,ft,Approved,LESSTHAN;REVISED,2025-03-11T19:58:39.236615+00:00,1c1f4ede2bf642baa8a05a837c4f58ea
2014-11-16,696.31,,ft,Approved,LESSTHAN;REVISED,2025-03-11T19:58:39.236615+00:00,1c1f4ede2bf642baa8a05a837c4f58ea
2014-11-17,696.31,,ft,Approved,LESSTHAN;REVISED,2025-03-11T19:58:39.236615+00:00,1c1f4ede2bf642baa8a05a837c4f58ea
2014-11-18,696.3,,ft,Approved,LESSTHAN;REVISED,2025-03-11T19:58:39.236615+00:00,1c1f4ede2bf642baa8a05a837c4f58ea
2014-11-19,696.3,,ft,Approved,LESSTHAN;REVISED,2025-03-11T19:58:39.236615+00:00,1c1f4ede2bf642baa8a05a837c4f58ea
2014-11-20,696.31,,ft,Approved,LESSTHAN;REVISED,2025-03-11T19:58:39.236615+00:00,1c1f4ede2bf642baa8a05a837c4f58ea
2014-11-21,696.31,,ft,Approved,LESSTHAN;REVISED,2025-03-11T19:58:39.236615+00:00,1c1f4ede2bf642baa8a05a837c4f58ea
2014-11-22,696.31,,ft,Approved,LESSTHAN;REVISED,2025-03-11T19:58:39.236615+00:00,1c1f4ede2bf642baa8a05a837c4f58ea
2014-11-23,696.31,,ft,Approved,LESSTHAN;REVISED,2025-03-11T19:58:39.236615+00:00,1c1f4ede2bf642baa8a05a837c4f58ea
2014-11-24,696.31,,ft,Approved,LESSTHAN;REVISED,2025-03-11T19:58:39.236615+00:00,1c1f4ede2bf642baa8a05a837c4f58ea
2014-11-25,696.3,,ft,Approved,LESSTHAN;REVISED,2025-03-11T19:58:39.236615+00:00,1c1f4ede2bf642baa8a05a837c4f58ea
2014-11-26,696.3,,ft,Approved,LESSTHAN;REVISED,2025-03-11T19:58:39.236615+00:00,1c1f4ede2bf642baa8a05a837c4f58ea
2014-11-27,696.3,,ft,Approved,LESSTHAN;REVISED,2025-03-11T19:58:39.236615+00:00,1c1f4ede2bf642baa8a05a837c4f58ea
2014-11-28,696.3,,ft,Approved,LESSTHAN;REVISED,2025-03-11T19:58:39.236615+00:00,1c1f4ede2bf642baa8a05a837c4f58ea
2014-11-29,696.31,,ft,Approved,LESSTHAN;REVISED,2025-03-11T19:58:39.236615+00:00,1c1f4ede2bf642baa8a05a837c4f58ea
2014-11-30,696.31,,ft,Approved,LESSTHAN;REVISED,2025-03-11T19:58:39.236615+00:00,1c1f4ede2bf642baa8a05a837c4f58ea
2014-12-01,696.31,,ft,Approved,LESSTHAN;REVISED,2025-03-11T19:58:39.236615+00:00,1c1f4ede2bf642baa8a05a837c4f58ea
2014-12-02,696.3,,ft,Approved,LESSTHAN;REVISED,2025-03-11T19:58:39.236615+00:00,1c1f4ede2bf642baa8a05a837c4f58ea
2014-12-03,696.3,,ft,Approved,LESSTHAN;REVISED,2025-03-11T19:58:39.236615+00:00,1c1f4ede2bf642baa8a05a837c4f58ea
2014-12-04,696.31,,ft,Approved,LESSTHAN;REVISED,2025-03-11T19:58:39.236615+00:00,1c1f4ede2bf642baa8a05a837c4f58ea
2014-12-05,696.31,,ft,Approved,LESSTHAN;REVISED,2025-03-11T19:58:39.236615+00:00,1c1f4ede2bf642baa8a05a837c4f58ea
2014-12-06,696.31,,ft,Approved,LESSTHAN;REVISED,2025-03-11T19:58:39.236615+00:00,1c1f4ede2bf642baa8a05a837c4f58ea
2014-12-07,696.31,,ft,Approved,LESSTHAN;REVISED,2025-03-11T19:58:39.236615+00:00,1c1f4ede2bf642baa8a05a837c4f58ea
2014-12-08,696.3,,ft,Approved,LESSTHAN;REVISED,2025-03-11T19:58:39.236615+00:00,1c1f4ede2bf642baa8a05a837c4f58ea
2014-12-09,696.3,,ft,Approved,LESSTHAN;REVISED,2025-03-11T19:58:39.236615+00:00,1c1f4ede2bf642baa8a05a837c4f58ea
2014-12-10,696.3,,ft,Approved,LESSTHAN;REVISED,2025-03-11T19:58:39.236615+00:00,1c1f4ede2bf642baa8a05a837c4f58ea
2014-12-11,696.31,,ft,Approved,LESSTHAN;REVISED,2025-03-11T19:58:39.236615+00:00,1c1f4ede2bf642baa8a05a837c4f58ea
2014-12-12,696.31,,ft,Approved,LESSTHAN;REVISED,2025-03-11T19:58:39.236615+00:00,1c1f4ede2bf642baa8a05a837c4f58ea
2014-12-13,696.31,,ft,Approved,LESSTHAN;REVISED,2025-03-11T19:58:39.236615+00:00,1c1f4ede2bf642baa8a05a837c4f58ea
2014-12-14,696.31,,ft,Approved,LESSTHAN;REVISED,2025-03-11T19:58:39.236615+00:00,1c1f4ede2bf642baa8a05a837c4f58ea
2014-12-15,696.31,,ft,Approved,LESSTHAN;REVISED,2025-03-11T19:58:39.236615+00:00,1c1f4ede2bf642baa8a05a837c4f58ea
2014-12-16,696.31,,ft,Approved,LESSTHAN;REVISED,2025-03-11T19:58:39.236615+00:00,1c1f4ede2bf642baa8a05a837c4f58ea
2014-12-17,696.3,,ft,Approved,LESSTHAN;REVISED,2025-03-11T19:58:39.236615+00:00,1c1f4ede2bf642baa8a05a837c4f58ea
2014-12-18,696.3,,ft,Approved,LESSTHAN;REVISED,2025-03-11T19:58:39.236615+00:00,1c1f4ede2bf642baa8a05a837c4f58ea
2014-12-19,696.31,,ft,Approved,LESSTHAN;REVISED,2025-03-11T19:58:39.236615+00:00,1c1f4ede2bf642baa8a05a837c4f58ea
2014-12-20,696.3,,ft,Approved,LESSTHAN;REVISED,2025-03-11T19:58:39.236615+00:00,1c1f4ede2bf642baa8a05a837c4f58ea
2014-12-21,696.3,,ft,Approved,LESSTHAN;REVISED,2025-03-11T19:58:39.236615+00:00,1c1f4ede2bf642baa8a05a837c4f58ea
2014-12-22,696.31,,ft,Approved,LESSTHAN;REVISED,2025-03-11T19:58:39.236615+00:00,1c1f4ede2bf642baa8a05a837c4f58ea
2014-12-23,696.31,,ft,Approved,LESSTHAN;REVISED,2025-03-11T19:58:39.236615+00:00,1c1f4ede2bf642baa8a05a837c4f58ea
2014-12-24,696.31,,ft,Approved,LESSTHAN;REVISED,2025-03-11T19:58:39.236615+00:00,1c1f4ede2bf642baa8a05a837c4f58ea
2014-12-25,696.3,,ft,Approved,LESSTHAN;REVISED,2025-03-11T19:58:39.236615+00:00,1c1f4ede2bf642baa8a05a837c4f58ea
2014-12-26,696.31,,ft,Approved,LESSTHAN;REVISED,2025-03-11T19:58:39.236615+00:00,1c1f4ede2bf642baa8a05a837c4f58ea
2014-12-27,696.32,,ft,Approved,LESSTHAN;REVISED,2025-03-11T19:58:39.236615+00:00,1c1f4ede2bf642baa8a05a837c4f58ea
2014-12-28,696.31,,ft,Approved,LESSTHAN;REVISED,2025-03-11T19:58:39.236615+00:00,1c1f4ede2bf642baa8a05a837c4f58ea
2014-12-29,696.3,,ft,Approved,LESSTHAN;REVISED,2025-03-11T19:58:39.236615+00:00,1c1f4ede2bf642baa8a05a837c4f58ea
2014-12-30,696.3,,ft,Approved,LESSTHAN;REVISED,2025-03-11T19:58:39.236615+00:00,1c1f4ede2bf642baa8a05a837c4f58ea
2014-12-31,696.31,,ft,Approved,LESSTHAN;REVISED,2025-03-11T19:58:39.236615+00:00,1c1f4ede2bf642baa8a05a837c4f58ea
2015-01-01,696.3,,ft,Approved,LESSTHAN;REVISED,2025-03-11T19:58:39.236615+00:00,1c1f4ede2bf642baa8a05a837c4f58ea
2015-01-02,696.3,,ft,Approved,LESSTHAN;REVISED,2025-03-11T19:58:39.236615+00:00,1c1f4ede2bf642baa8a05a837c4f58ea
2015-01-03,696.3,,ft,Approved,LESSTHAN;REVISED,2025-03-11T19:58:39.236615+00:00,1c1f4ede2bf642baa8a05a837c4f58ea
2015-01-04,696.31,,ft,Approved,LESSTHAN;REVISED,2025-03-11T19:58:39.236615+00:00,1c1f4ede2bf642baa8a05a837c4f58ea
2015-01-05,696.3,,ft,Approved,LESSTHAN;REVISED,2025-03-11T19:58:39.236615+00:00,1c1f4ede2bf642baa8a05a837c4f58ea
2015-01-06,696.3,,ft,Approved,LESSTHAN;REVISED,2025-03-11T19:58:39.236615+00:00,1c1f4ede2bf642baa8a05a837c4f58ea
2015-01-07,696.31,,ft,Approved,LESSTHAN;REVISED,2025-03-11T19:58:39.236615+00:00,1c1f4ede2bf642baa8a05a837c4f58ea
2015-01-08,696.3,,ft,Approved,LESSTHAN;REVISED,2025-03-11T19:58:39.236615+00:00,1c1f4ede2bf642baa8a05a837c4f58ea
2015-01-09,696.3,,ft,Approved,LESSTHAN;REVISED,2025-03-11T19:58:39.236615+00:00,1c1f4ede2bf642baa8a05a837c4f58ea
2015-01-10,696.3,,ft,Approved,LESSTHAN;REVISED,2025-03-11T19:58:39.236615+00:00,1c1f4ede2bf642baa8a05a837c4f58ea
2015-01-11,696.3,,ft,Approved,LESSTHAN;REVISED,2025-03-11T19:58:39.236615+00:00,1c1f4ede2bf642baa8a05a837c4f58ea
2015-01-12,696.3,,ft,Approved,LESSTHAN;REVISED,2025-03-11T19:58:39.236615+00:00,1c1f4ede2bf642baa8a05a837c4f58ea
2015-01-13,696.3,,ft,Approved,LESSTHAN;REVISED,2025-03-11T19:58:39.236615+00:00,1c1f4ede2bf642baa8a05a837c4f58ea
2015-01-14,696.3,,ft,Approved,LESSTHAN;REVISED,2025-03-11T19:58:39.236615+00:00,1c1f4ede2bf642baa8a05a837c4f58ea
2015-01-15,696.31,,ft,Approved,LESSTHAN;REVISED,2025-03-11T19:58:39.236615+00:00,1c1f4ede2bf642baa8a05a837c4f58ea
2015-01-16,696.31,,ft,Approved,LESSTHAN;REVISED,2025-03-11T19:58:39.236615+00:00,1c1f4ede2bf642baa8a05a837c4f58ea
2015-01-17,696.31,,ft,Approved,LESSTHAN;REVISED,2025-03-11T19:58:39.236615+00:00,1c1f4ede2bf642baa8a05a837c4f58ea
2015-01-18,696.31,,ft,Approved,LESSTHAN;REVISED,2025-03-11T19:58:39.236615+00:00,1c1f4ede2bf642baa8a05a837c4f58ea
2015-01-19,696.31,,ft,Approved,LESSTHAN;REVISED,2025-03-11T19:58:39.236615+00:00,1c1f4ede2bf642baa8a05a837c4f58ea
2015-01-20,696.31,,ft,Approved,LESSTHAN;REVISED,2025-03-11T19:58:39.236615+00:00,1c1f4ede2bf642baa8a05a837c4f58ea
2015-01-21,696.31,,ft,Approved,LESSTHAN;REVISED,2025-03-11T19:58:39.236615+00:00,1c1f4ede2bf642baa8a05a837c4f58ea
2015-01-22,696.4,,ft,Approved,LESSTHAN;REVISED,2025-03-11T19:58:39.236615+00:00,1c1f4ede2bf642baa8a05a837c4f58ea
2015-01-23,696.96,,ft,Approved,,2026-01-15T22:32:54.450605+00:00,1c1f4ede2bf642baa8a05a837c4f58ea
2015-01-24,697.32,,ft,Approved,,2025-03-11T19:58:39.236615+00:00,1c1f4ede2bf642baa8a05a837c4f58ea
2015-01-25,697.47,,ft,Approved,,2025-03-11T19:58:39.236615+00:00,1c1f4ede2bf642baa8a05a837c4f58ea
2015-01-26,697.56,,ft,Approved,,2025-03-11T19:58:39.236615+00:00,1c1f4ede2bf642baa8a05a837c4f58ea
2015-01-27,697.64,,ft,Approved,,2025-03-11T19:58:39.236615+00:00,1c1f4ede2bf642baa8a05a837c4f58ea
2015-01-28,697.7,,ft,Approved,,2025-03-11T19:58:39.236615+00:00,1c1f4ede2bf642baa8a05a837c4f58ea
2015-01-29,697.74,,ft,Approved,,2025-03-11T19:58:39.236615+00:00,1c1f4ede2bf642baa8a05a837c4f58ea
2015-01-30,697.77,,ft,Approved,,2025-03-11T19:58:39.236615+00:00,1c1f4ede2bf642baa8a05a837c4f58ea
2015-01-31,697.82,,ft,Approved,,2025-03-11T19:58:39.236615+00:00,1c1f4ede2bf642baa8a05a837c4f58ea
2015-02-01,697.96,,ft,Approved,,2025-03-11T19:58:39.236615+00:00,1c1f4ede2bf642baa8a05a837c4f58ea
2015-02-02,698.0,,ft,Approved,,2025-03-11T19:58:39.236615+00:00,1c1f4ede2bf642baa8a05a837c4f58ea
2015-02-03,698.05,,ft,Approved,,2025-03-11T19:58:39.236615+00:00,1c1f4ede2bf642baa8a05a837c4f58ea
2015-02-04,698.14,,ft,Approved,,2025-03-11T19:58:39.236615+00:00,1c1f4ede2bf642baa8a05a837c4f58ea
2015-02-05,698.19,,ft,Approved,,2025-03-11T19:58:39.236615+00:00,1c1f4ede2bf642baa8a05a837c4f58ea
2015-02-06,698.23,,ft,Approved,,2025-03-11T19:58:39.236615+00:00,1c1f4ede2bf642baa8a05a837c4f58ea
2015-02-07,698.27,,ft,Approved,,2025-03-11T19:58:39.236615+00:00,1c1f4ede2bf642baa8a05a837c4f58ea
2015-02-08,698.31,,ft,Approved,,2025-03-11T19:58:39.236615+00:00,1c1f4ede2bf642baa8a05a837c4f58ea
2015-02-09,698.34,,ft,Approved,,2025-03-11T19:58:39.236615+00:00,1c1f4ede2bf642baa8a05a837c4f58ea
2015-02-10,698.37,,ft,Approved,,2025-03-11T19:58:39.236615+00:00,1c1f4ede2bf642baa8a05a837c4f58ea
2015-02-11,698.39,,ft,Approved,,2025-03-11T19:58:39.236615+00:00,1c1f4ede2bf642baa8a05a837c4f58ea
2015-02-12,698.41,,ft,Approved,,2025-03-11T19:58:39.236615+00:00,1c1f4ede2bf642baa8a05a837c4f58ea
2015-02-13,698.42,,ft,Approved,,2025-03-11T19:58:39.236615+00:00,1c1f4ede2bf642baa8a05a837c4f58ea
2015-02-14,698.43,,ft,Approved,,2025-03-11T19:58:39.236615+00:00,1c1f4ede2bf642baa8a05a837c4f58ea
2015-02-15,698.45,,ft,Approved,,2025-03-11T19:58:39.236615+00:00,1c1f4ede2bf642baa8a05a837c4f58ea
2015-02-16,698.47,,ft,Approved,,2025-03-11T19:58:39.236615+00:00,1c1f4ede2bf642baa8a05a837c4f58ea
2015-02-17,698.47,,ft,Approved,,2025-03-11T19:58:39.236615+00:00,1c1f4ede2bf642baa8a05a837c4f58ea
2015-02-18,698.47,,ft,Approved,,2025-03-11T19:58:39.236615+00:00,1c1f4ede2bf642baa8a05a837c4f58ea
2015-02-19,698.48,,ft,Approved,,2025-03-11T19:58:39.236615+00:00,1c1f4ede2bf642baa8a05a837c4f58ea
2015-02-20,698.5,,ft,Approved,,2025-03-11T19:58:39.236615+00:00,1c1f4ede2bf642baa8a05a837c4f58ea
2015-02-21,698.52,,ft,Approved,,2025-03-11T19:58:39.236615+00:00,1c1f4ede2bf642baa8a05a837c4f58ea
2015-02-22,698.52,,ft,Approved,,2025-03-11T19:58:39.236615+00:00,1c1f4ede2bf642baa8a05a837c4f58ea
2015-02-23,698.52,,ft,Approved,,2025-03-11T19:58:39.236615+00:00,1c1f4ede2bf642baa8a05a837c4f58ea
2015-02-24,698.51,,ft,Approved,,2025-03-11T19:58:39.236615+00:00,1c1f4ede2bf642baa8a05a837c4f58ea
2015-02-25,698.52,,ft,Approved,,2025-03-11T19:58:39.236615+00:00,1c1f4ede2bf642baa8a05a837c4f58ea
2015-02-26,698.53,,ft,Approved,,2025-03-11T19:58:39.236615+00:00,1c1f4ede2bf642baa8a05a837c4f58ea
2015-02-27,698.53,,ft,Approved,,2025-03-11T19:58:39.236615+00:00,1c1f4ede2bf642baa8a05a837c4f58ea
2015-02-28,698.54,,ft,Approved,,2025-03-11T19:58:39.236615+00:00,1c1f4ede2bf642baa8a05a837c4f58ea
2015-03-01,698.57,,ft,Approved,,2025-03-11T19:58:39.236615+00:00,1c1f4ede2bf642baa8a05a837c4f58ea
2015-03-02,698.59,,ft,Approved,,2025-03-11T19:58:39.236615+00:00,1c1f4ede2bf642baa8a05a837c4f58ea
2015-03-03,698.62,,ft,Approved,,2025-03-11T19:58:39.236615+00:00,1c1f4ede2bf642baa8a05a837c4f58ea
2015-03-04,698.65,,ft,Approved,,2025-03-11T19:58:39.236615+00:00,1c1f4ede2bf642baa8a05a837c4f58ea
2015-03-05,698.72,,ft,Approved,,2025-03-11T19:58:39.236615+00:00,1c1f4ede2bf642baa8a05a837c4f58ea
2015-03-06,698.73,,ft,Approved,,2025-03-11T19:58:39.236615+00:00,1c1f4ede2bf642baa8a05a837c4f58ea
2015-03-07,698.74,,ft,Approved,,2025-03-11T19:58:39.236615+00:00,1c1f4ede2bf642baa8a05a837c4f58ea
2015-03-08,698.77,,ft,Approved,,2025-03-11T19:58:39.236615+00:00,1c1f4ede2bf642baa8a05a837c4f58ea
2015-03-09,699.68,,ft,Approved,,2025-03-11T19:58:39.236615+00:00,1c1f4ede2bf642baa8a05a837c4f58ea
2015-03-10,699.84,,ft,Approved,,2025-03-11T19:58:39.236615+00:00,1c1f4ede2bf642baa8a05a837c4f58ea
2015-03-11,699.61,,ft,Approved,,2025-03-11T19:58:39.236615+00:00,1c1f4ede2bf642baa8a05a837c4f58ea
2015-03-12,699.54,,ft,Approved,,2025-03-11T19:58:39.236615+00:00,1c1f4ede2bf642baa8a05a837c4f58ea
2015-03-13,699.5,,ft,Approved,,2025-03-11T19:58:39.236615+00:00,1c1f4ede2bf642baa8a05a837c4f58ea
2015-03-14,699.46,,ft,Approved,,2025-03-11T19:58:39.236615+00:00,1c1f4ede2bf642baa8a05a837c4f58ea
2015-03-15,699.44,,ft,Approved,,2025-03-11T19:58:39.236615+00:00,1c1f4ede2bf642baa8a05a837c4f58ea
2015-03-16,699.43,,ft,Approved,,2025-03-11T19:58:39.236615+00:00,1c1f4ede2bf642baa8a05a837c4f58ea
2015-03-17,699.43,,ft,Approved,,2025-03-11T19:58:39.236615+00:00,1c1f4ede2bf642baa8a05a837c4f58ea
2015-03-18,699.43,,ft,Approved,,2025-03-11T19:58:39.236615+00:00,1c1f4ede2bf642baa8a05a837c4f58ea
2015-03-19,699.42,,ft,Approved,,2025-03-11T19:58:39.236615+00:00,1c1f4ede2bf642baa8a05a837c4f58ea
2015-03-20,699.43,,ft,Approved,,2025-03-11T19:58:39.236615+00:00,1c1f4ede2bf642baa8a05a837c4f58ea
2015-03-21,699.62,,ft,Approved,,2025-03-11T19:58:39.236615+00:00,1c1f4ede2bf642baa8a05a837c4f58ea
2015-03-22,699.57,,ft,Approved,,2025-03-11T19:58:39.236615+00:00,1c1f4ede2bf642baa8a05a837c4f58ea
2015-03-23,699.5,,ft,Approved,,2025-03-11T19:58:39.236615+00:00,1c1f4ede2bf642baa8a05a837c4f58ea
2015-03-24,699.46,,ft,Approved,,2025-03-11T19:58:39.236615+00:00,1c1f4ede2bf642baa8a05a837c4f58ea
2015-03-25,699.44,,ft,Approved,,2025-03-11T19:58:39.236615+00:00,1c1f4ede2bf642baa8a05a837c4f58ea
2015-03-26,699.4,,ft,Approved,,2025-03-11T19:58:39.236615+00:00,1c1f4ede2bf642baa8a05a837c4f58ea
2015-03-27,699.36,,ft,Approved,,2025-03-11T19:58:39.236615+00:00,1c1f4ede2bf642baa8a05a837c4f58ea
2015-03-28,699.35,,ft,Approved,,2025-03-11T19:58:39.236615+00:00,1c1f4ede2bf642baa8a05a837c4f58ea
2015-03-29,699.34,,ft,Approved,,2025-03-11T19:58:39.236615+00:00,1c1f4ede2bf642baa8a05a837c4f58ea
2015-03-30,699.34,,ft,Approved,,2025-03-11T19:58:39.236615+00:00,1c1f4ede2bf642baa8a05a837c4f58ea
2015-03-31,699.35,,ft,Approved,,2025-03-11T19:58:39.236615+00:00,1c1f4ede2bf642baa8a05a837c4f58ea
2015-04-01,699.34,,ft,Approved,,2025-03-11T19:58:39.236615+00:00,1c1f4ede2bf642baa8a05a837c4f58ea
2015-04-02,699.34,,ft,Approved,,2025-03-11T19:58:39.236615+00:00,1c1f4ede2bf642baa8a05a837c4f58ea
2015-04-03,699.34,,ft,Approved,,2025-03-11T19:58:39.236615+00:00,1c1f4ede2bf642baa8a05a837c4f58ea
2015-04-04,699.3,,ft,Approved,,2025-03-11T19:58:39.236615+00:00,1c1f4ede2bf642baa8a05a837c4f58ea
2015-04-05,699.29,,ft,Approved,,2025-03-11T19:58:39.236615+00:00,1c1f4ede2bf642baa8a05a837c4f58ea
2015-04-06,699.31,,ft,Approved,,2025-03-11T19:58:39.236615+00:00,1c1f4ede2bf642baa8a05a837c4f58ea
2015-04-07,699.31,,ft,Approved,,2025-03-11T19:58:39.236615+00:00,1c1f4ede2bf642baa8a05a837c4f58ea
2015-04-08,699.3,,ft,Approved,,2025-03-11T19:58:39.236615+00:00,1c1f4ede2bf642baa8a05a837c4f58ea
2015-04-09,699.31,,ft,Approved,,2025-03-11T19:58:39.236615+00:00,1c1f4ede2bf642baa8a05a837c4f58ea
2015-04-10,699.32,,ft,Approved,,2025-03-11T19:58:39.236615+00:00,1c1f4ede2bf642baa8a05a837c4f58ea
2015-04-11,699.33,,ft,Approved,,2025-03-11T19:58:39.236615+00:00,1c1f4ede2bf642baa8a05a837c4f58ea
2015-04-12,699.34,,ft,Approved,,2025-03-11T19:58:39.236615+00:00,1c1f4ede2bf642baa8a05a837c4f58ea
2015-04-13,699.35,,ft,Approved,,2025-03-11T19:58:39.236615+00:00,1c1f4ede2bf642baa8a05a837c4f58ea
2015-04-14,699.33,,ft,Approved,,2025-03-11T19:58:39.236615+00:00,1c1f4ede2bf642baa8a05a837c4f58ea
2015-04-15,699.32,,ft,Approved,,2025-03-11T19:58:39.236615+00:00,1c1f4ede2bf642baa8a05a837c4f58ea
2015-04-16,699.31,,ft,Approved,,2025-03-11T19:58:39.236615+00:00,1c1f4ede2bf642baa8a05a837c4f58ea
2015-04-17,699.39,,ft,Approved,,2025-03-11T19:58:39.236615+00:00,1c1f4ede2bf642baa8a05a837c4f58ea
2015-04-18,699.78,,ft,Approved,,2025-03-11T19:58:39.236615+00:00,1c1f4ede2bf642baa8a05a837c4f58ea
2015-04-19,699.52,,ft,Approved,,2025-03-11T19:58:39.236615+00:00,1c1f4ede2bf642baa8a05a837c4f58ea
2015-04-20,699.42,,ft,Approved,,2025-03-11T19:58:39.236615+00:00,1c1f4ede2bf642baa8a05a837c4f58ea
2015-04-21,699.38,,ft,Approved,,2025-03-11T19:58:39.236615+00:00,1c1f4ede2bf642baa8a05a837c4f58ea
2015-04-22,699.36,,ft,Approved,,2025-03-11T19:58:39.236615+00:00,1c1f4ede2bf642baa8a05a837c4f58ea
2015-04-23,699.36,,ft,Approved,,2025-03-11T19:58:39.236615+00:00,1c1f4ede2bf642baa8a05a837c4f58ea
2015-04-24,699.4,,ft,Approved,,2025-03-11T19:58:39.236615+00:00,1c1f4ede2bf642baa8a05a837c4f58ea
2015-04-25,699.39,,ft,Approved,,2025-03-11T19:58:39.236615+00:00,1c1f4ede2bf642baa8a05a837c4f58ea
2015-04-26,699.36,,ft,Approved,,2025-03-11T19:58:39.236615+00:00,1c1f4ede2bf642baa8a05a837c4f58ea
2015-04-27,699.37,,ft,Approved,,2025-03-11T19:58:39.236615+00:00,1c1f4ede2bf642baa8a05a837c4f58ea
2015-04-28,699.34,,ft,Approved,,2025-03-11T19:58:39.236615+00:00,1c1f4ede2bf642baa8a05a837c4f58ea
2015-04-29,699.3,,ft,Approved,,2025-03-11T19:58:39.236615+00:00,1c1f4ede2bf642baa8a05a837c4f58ea
2015-04-30,699.29,,ft,Approved,,2025-03-11T19:58:39.236615+00:00,1c1f4ede2bf642baa8a05a837c4f58ea
2015-05-01,699.28,,ft,Approved,,2025-03-11T19:58:39.236615+00:00,1c1f4ede2bf642baa8a05a837c4f58ea
2015-05-02,699.27,,ft,Approved,,2025-03-11T19:58:39.236615+00:00,1c1f4ede2bf642baa8a05a837c4f58ea
2015-05-03,699.26,,ft,Approved,,2025-03-11T19:58:39.236615+00:00,1c1f4ede2bf642baa8a05a837c4f58ea
2015-05-04,699.24,,ft,Approved,,2025-03-11T19:58:39.236615+00:00,1c1f4ede2bf642baa8a05a837c4f58ea
2015-05-05,699.24,,ft,Approved,,2025-03-11T19:58:39.236615+00:00,1c1f4ede2bf642baa8a05a837c4f58ea
2015-05-06,699.46,,ft,Approved,,2025-03-11T19:58:39.236615+00:00,1c1f4ede2bf642baa8a05a837c4f58ea
2015-05-07,699.42,,ft,Approved,,2025-03-11T19:58:39.236615+00:00,1c1f4ede2bf642baa8a05a837c4f58ea
2015-05-08,699.4,,ft,Approved,,2025-03-11T19:58:39.236615+00:00,1c1f4ede2bf642baa8a05a837c4f58ea
2015-05-09,699.41,,ft,Approved,,2025-03-11T19:58:39.236615+00:00,1c1f4ede2bf642baa8a05a837c4f58ea
2015-05-10,699.39,,ft,Approved,,2025-03-11T19:58:39.236615+00:00,1c1f4ede2bf642baa8a05a837c4f58ea
2015-05-11,699.39,,ft,Approved,,2025-03-11T19:58:39.236615+00:00,1c1f4ede2bf642baa8a05a837c4f58ea
2015-05-12,699.43,,ft,Approved,,2025-03-11T19:58:39.236615+00:00,1c1f4ede2bf642baa8a05a837c4f58ea
2015-05-13,699.63,,ft,Approved,,2025-03-11T19:58:39.236615+00:00,1c1f4ede2bf642baa8a05a837c4f58ea
2015-05-14,699.67,,ft,Approved,,2025-03-11T19:58:39.236615+00:00,1c1f4ede2bf642baa8a05a837c4f58ea
2015-05-15,699.61,,ft,Approved,,2025-03-11T19:58:39.236615+00:00,1c1f4ede2bf642baa8a05a837c4f58ea
2015-05-16,699.58,,ft,Approved,,2025-03-11T19:58:39.236615+00:00,1c1f4ede2bf642baa8a05a837c4f58ea
2015-05-17,699.98,,ft,Approved,,2025-03-11T19:58:39.236615+00:00,1c1f4ede2bf642baa8a05a837c4f58ea
2015-05-18,699.76,,ft,Approved,,2025-03-11T19:58:39.236615+00:00,1c1f4ede2bf642baa8a05a837c4f58ea
2015-05-19,699.58,,ft,Approved,,2025-03-11T19:58:39.236615+00:00,1c1f4ede2bf642baa8a05a837c4f58ea
2015-05-20,699.52,,ft,Approved,,2025-03-11T19:58:39.236615+00:00,1c1f4ede2bf642baa8a05a837c4f58ea
2015-05-21,700.0,,ft,Approved,,2025-03-11T19:58:39.236615+00:00,1c1f4ede2bf642baa8a05a837c4f58ea
2015-05-22,699.68,,ft,Approved,,2025-03-11T19:58:39.236615+00:00,1c1f4ede2bf642baa8a05a837c4f58ea
2015-05-23,699.7,,ft,Approved,,2025-03-11T19:58:39.236615+00:00,1c1f4ede2bf642baa8a05a837c4f58ea
2015-05-24,700.61,,ft,Approved,,2025-03-11T19:58:39.236615+00:00,1c1f4ede2bf642baa8a05a837c4f58ea
2015-05-25,701.86,,ft,Approved,,2025-03-11T19:58:39.236615+00:00,1c1f4ede2bf642baa8a05a837c4f58ea
2015-05-26,704.81,,ft,Approved,,2025-03-11T19:58:39.236615+00:00,1c1f4ede2bf642baa8a05a837c4f58ea
2015-05-27,702.82,,ft,Approved,,2025-03-11T19:58:39.236615+00:00,1c1f4ede2bf642baa8a05a837c4f58ea
2015-05-28,700.51,,ft,Approved,,2025-03-11T19:58:39.236615+00:00,1c1f4ede2bf642baa8a05a837c4f58ea
2015-05-29,699.92,,ft,Approved,,2025-03-11T19:58:39.236615+00:00,1c1f4ede2bf642baa8a05a837c4f58ea
2015-05-30,699.63,,ft,Approved,,2025-03-11T19:58:39.236615+00:00,1c1f4ede2bf642baa8a05a837c4f58ea
2015-05-31,699.53,,ft,Approved,,2025-03-11T19:58:39.236615+00:00,1c1f4ede2bf642baa8a05a837c4f58ea
2015-06-01,699.48,,ft,Approved,,2025-03-11T19:58:39.236615+00:00,1c1f4ede2bf642baa8a05a837c4f58ea
2015-06-02,699.45,,ft,Approved,,2025-03-11T19:58:39.236615+00:00,1c1f4ede2bf642baa8a05a837c4f58ea
2015-06-03,699.43,,ft,Approved,,2025-03-11T19:58:39.236615+00:00,1c1f4ede2bf642baa8a05a837c4f58ea
2015-06-04,699.41,,ft,Approved,,2025-03-11T19:58:39.236615+00:00,1c1f4ede2bf642baa8a05a837c4f58ea
2015-06-05,699.39,,ft,Approved,,2025-03-11T19:58:39.236615+00:00,1c1f4ede2bf642baa8a05a837c4f58ea
2015-06-06,699.38,,ft,Approved,,2025-03-11T19:58:39.236615+00:00,1c1f4ede2bf642baa8a05a837c4f58ea
2015-06-07,699.37,,ft,Approved,,2025-03-11T19:58:39.236615+00:00,1c1f4ede2bf642baa8a05a837c4f58ea
2015-06-08,699.35,,ft,Approved,,2025-03-11T19:58:39.236615+00:00,1c1f4ede2bf642baa8a05a837c4f58ea
2015-06-09,699.34,,ft,Approved,,2025-03-11T19:58:39.236615+00:00,1c1f4ede2bf642baa8a05a837c4f58ea
2015-06-10,699.33,,ft,Approved,,2025-03-11T19:58:39.236615+00:00,1c1f4ede2bf642baa8a05a837c4f58ea
2015-06-11,699.31,,ft,Approved,,2025-03-11T19:58:39.236615+00:00,1c1f4ede2bf642baa8a05a837c4f58ea
2015-06-12,699.28,,ft,Approved,,2025-03-11T19:58:39.236615+00:00,1c1f4ede2bf642baa8a05a837c4f58ea
2015-06-13,699.26,,ft,Approved,,2025-03-11T19:58:39.236615+00:00,1c1f4ede2bf642baa8a05a837c4f58ea
2015-06-14,699.26,,ft,Approved,,2025-03-11T19:58:39.236615+00:00,1c1f4ede2bf642baa8a05a837c4f58ea
2015-06-15,699.29,,ft,Approved,,2025-03-11T19:58:39.236615+00:00,1c1f4ede2bf642baa8a05a837c4f58ea
2015-06-16,699.28,,ft,Approved,,2025-03-11T19:58:39.236615+00:00,1c1f4ede2bf642baa8a05a837c4f58ea
2015-06-17,699.56,,ft,Approved,,2025-03-11T19:58:39.236615+00:00,1c1f4ede2bf642baa8a05a837c4f58ea
2015-06-18,699.49,,ft,Approved,,2025-03-11T19:58:39.236615+00:00,1c1f4ede2bf642baa8a05a837c4f58ea
2015-06-19,699.44,,ft,Approved,,2025-03-11T19:58:39.236615+00:00,1c1f4ede2bf642baa8a05a837c4f58ea
2015-06-20,699.42,,ft,Approved,,2025-03-11T19:58:39.236615+00:00,1c1f4ede2bf642baa8a05a837c4f58ea
2015-06-21,699.43,,ft,Approved,,2025-03-11T19:58:39.236615+00:00,1c1f4ede2bf642baa8a05a837c4f58ea
2015-06-22,699.43,,ft,Approved,,2025-03-11T19:58:39.236615+00:00,1c1f4ede2bf642baa8a05a837c4f58ea
2015-06-23,699.41,,ft,Approved,,2025-03-11T19:58:39.236615+00:00,1c1f4ede2bf642baa8a05a837c4f58ea
2015-06-24,699.39,,ft,Approved,,2025-03-11T19:58:39.236615+00:00,1c1f4ede2bf642baa8a05a837c4f58ea
2015-06-25,699.38,,ft,Approved,,2025-03-11T19:58:39.236615+00:00,1c1f4ede2bf642baa8a05a837c4f58ea
2015-06-26,699.36,,ft,Approved,,2025-03-11T19:58:39.236615+00:00,1c1f4ede2bf642baa8a05a837c4f58ea
2015-06-27,699.34,,ft,Approved,,2025-03-11T19:58:39.236615+00:00,1c1f4ede2bf642baa8a05a837c4f58ea
2015-06-28,699.35,,ft,Approved,,2025-03-11T19:58:39.236615+00:00,1c1f4ede2bf642baa8a05a837c4f58ea
2015-06-29,699.4,,ft,Approved,,2025-03-11T19:58:39.236615+00:00,1c1f4ede2bf642baa8a05a837c4f58ea
2015-06-30,699.38,,ft,Approved,,2025-03-11T19:58:39.236615+00:00,1c1f4ede2bf642baa8a05a837c4f58ea
2015-07-01,699.36,,ft,Approved,,2025-03-11T19:58:39.236615+00:00,1c1f4ede2bf642baa8a05a837c4f58ea
2015-07-02,699.34,,ft,Approved,,2025-03-11T19:58:39.236615+00:00,1c1f4ede2bf642baa8a05a837c4f58ea
2015-07-03,699.32,,ft,Approved,,2025-03-11T19:58:39.236615+00:00,1c1f4ede2bf642baa8a05a837c4f58ea
2015-07-04,699.3,,ft,Approved,,2025-03-11T19:58:39.236615+00:00,1c1f4ede2bf642baa8a05a837c4f58ea
2015-07-05,699.28,,ft,Approved,,2025-03-11T19:58:39.236615+00:00,1c1f4ede2bf642baa8a05a837c4f58ea
2015-07-06,699.25,,ft,Approved,,2025-03-11T19:58:39.236615+00:00,1c1f4ede2bf642baa8a05a837c4f58ea
2015-07-07,699.23,,ft,Approved,,2025-03-11T19:58:39.236615+00:00,1c1f4ede2bf642baa8a05a837c4f58ea
2015-07-08,699.2,,ft,Approved,,2025-03-11T19:58:39.236615+00:00,1c1f4ede2bf642baa8a05a837c4f58ea
2015-07-09,699.17,,ft,Approved,,2025-03-11T19:58:39.236615+00:00,1c1f4ede2bf642baa8a05a837c4f58ea
2015-07-10,699.15,,ft,Approved,,2025-03-11T19:58:39.236615+00:00,1c1f4ede2bf642baa8a05a837c4f58ea
2015-07-11,699.12,,ft,Approved,,2025-03-11T19:58:39.236615+00:00,1c1f4ede2bf642baa8a05a837c4f58ea
2015-07-12,699.1,,ft,Approved,,2025-03-11T19:58:39.236615+00:00,1c1f4ede2bf642baa8a05a837c4f58ea
2015-07-13,699.08,,ft,Approved,,2025-03-11T19:58:39.236615+00:00,1c1f4ede2bf642baa8a05a837c4f58ea
2015-07-14,699.05,,ft,Approved,,2025-03-11T19:58:39.236615+00:00,1c1f4ede2bf642baa8a05a837c4f58ea
2015-07-15,699.02,,ft,Approved,,2025-03-11T19:58:39.236615+00:00,1c1f4ede2bf642baa8a05a837c4f58ea
2015-07-16,698.99,,ft,Approved,,2025-03-11T19:58:39.236615+00:00,1c1f4ede2bf642baa8a05a837c4f58ea
2015-07-17,698.96,,ft,Approved,,2025-03-11T19:58:39.236615+00:00,1c1f4ede2bf642baa8a05a837c4f58ea
2015-07-18,698.93,,ft,Approved,,2025-03-11T19:58:39.236615+00:00,1c1f4ede2bf642baa8a05a837c4f58ea
2015-07-19,698.9,,ft,Approved,,2025-03-11T19:58:39.236615+00:00,1c1f4ede2bf642baa8a05a837c4f58ea
2015-07-20,698.87,,ft,Approved,,2025-03-11T19:58:39.236615+00:00,1c1f4ede2bf642baa8a05a837c4f58ea
2015-07-21,698.84,,ft,Approved,,2025-03-11T19:58:39.236615+00:00,1c1f4ede2bf642baa8a05a837c4f58ea
2015-07-22,698.81,,ft,Approved,,2025-03-11T19:58:39.236615+00:00,1c1f4ede2bf642baa8a05a837c4f58ea
2015-07-23,698.78,,ft,Approved,,2025-03-11T19:58:39.236615+00:00,1c1f4ede2bf642baa8a05a837c4f58ea
2015-07-24,698.75,,ft,Approved,,2025-03-11T19:58:39.236615+00:00,1c1f4ede2bf642baa8a05a837c4f58ea
2015-07-25,698.72,,ft,Approved,,2025-03-11T19:58:39.236615+00:00,1c1f4ede2bf642baa8a05a837c4f58ea
2015-07-26,698.7,,ft,Approved,,2025-03-11T19:58:39.236615+00:00,1c1f4ede2bf642baa8a05a837c4f58ea
2015-07-27,698.67,,ft,Approved,,2025-03-11T19:58:39.236615+00:00,1c1f4ede2bf642baa8a05a837c4f58ea
2015-07-28,698.63,,ft,Approved,,2025-03-11T19:58:39.236615+00:00,1c1f4ede2bf642baa8a05a837c4f58ea
2015-07-29,698.6,,ft,Approved,,2025-03-11T19:58:39.236615+00:00,1c1f4ede2bf642baa8a05a837c4f58ea
2015-07-30,698.58,,ft,Approved,,2025-03-11T19:58:39.236615+00:00,1c1f4ede2bf642baa8a05a837c4f58ea
2015-07-31,698.55,,ft,Approved,,2025-03-11T19:58:39.236615+00:00,1c1f4ede2bf642baa8a05a837c4f58ea
2015-08-01,698.52,,ft,Approved,,2025-03-11T19:58:39.236615+00:00,1c1f4ede2bf642baa8a05a837c4f58ea
2015-08-02,698.49,,ft,Approved,,2025-03-11T19:58:39.236615+00:00,1c1f4ede2bf642baa8a05a837c4f58ea
2015-08-03,698.46,,ft,Approved,,2025-03-11T19:58:39.236615+00:00,1c1f4ede2bf642baa8a05a837c4f58ea
2015-08-04,698.43,,ft,Approved,,2025-03-11T19:58:39.236615+00:00,1c1f4ede2bf642baa8a05a837c4f58ea
2015-08-05,698.4,,ft,Approved,,2025-03-11T19:58:39.236615+00:00,1c1f4ede2bf642baa8a05a837c4f58ea
2015-08-06,698.36,,ft,Approved,,2025-03-11T19:58:39.236615+00:00,1c1f4ede2bf642baa8a05a837c4f58ea
2015-08-07,698.33,,ft,Approved,,2025-03-11T19:58:39.236615+00:00,1c1f4ede2bf642baa8a05a837c4f58ea
2015-08-08,698.3,,ft,Approved,,2025-03-11T19:58:39.236615+00:00,1c1f4ede2bf642baa8a05a837c4f58ea
2015-08-09,698.27,,ft,Approved,,2025-03-11T19:58:39.236615+00:00,1c1f4ede2bf642baa8a05a837c4f58ea
2015-08-10,698.24,,ft,Approved,,2025-03-11T19:58:39.236615+00:00,1c1f4ede2bf642baa8a05a837c4f58ea
2015-08-11,698.21,,ft,Approved,,2025-03-11T19:58:39.236615+00:00,1c1f4ede2bf642baa8a05a837c4f58ea
2015-08-12,698.19,,ft,Approved,,2025-03-11T19:58:39.236615+00:00,1c1f4ede2bf642baa8a05a837c4f58ea
2015-08-13,698.16,,ft,Approved,,2025-03-11T19:58:39.236615+00:00,1c1f4ede2bf642baa8a05a837c4f58ea
2015-08-14,698.13,,ft,Approved,,2025-03-11T19:58:39.236615+00:00,1c1f4ede2bf642baa8a05a837c4f58ea
2015-08-15,698.1,,ft,Approved,,2025-03-11T19:58:39.236615+00:00,1c1f4ede2bf642baa8a05a837c4f58ea
2015-08-16,698.07,,ft,Approved,,2025-03-11T19:58:39.236615+00:00,1c1f4ede2bf642baa8a05a837c4f58ea
2015-08-17,698.05,,ft,Approved,,2025-03-11T19:58:39.236615+00:00,1c1f4ede2bf642baa8a05a837c4f58ea
2015-08-18,698.03,,ft,Approved,,2025-03-11T19:58:39.236615+00:00,1c1f4ede2bf642baa8a05a837c4f58ea
2015-08-19,698.0,,ft,Approved,,2025-03-11T19:58:39.236615+00:00,1c1f4ede2bf642baa8a05a837c4f58ea
2015-08-20,697.98,,ft,Approved,,2025-03-11T19:58:39.236615+00:00,1c1f4ede2bf642baa8a05a837c4f58ea
2015-08-21,697.98,,ft,Approved,,2025-03-11T19:58:39.236615+00:00,1c1f4ede2bf642baa8a05a837c4f58ea
2015-08-22,697.98,,ft,Approved,,2025-03-11T19:58:39.236615+00:00,1c1f4ede2bf642baa8a05a837c4f58ea
2015-08-23,697.96,,ft,Approved,,2025-03-11T19:58:39.236615+00:00,1c1f4ede2bf642baa8a05a837c4f58ea
2015-08-24,697.95,,ft,Approved,,2025-03-11T19:58:39.236615+00:00,1c1f4ede2bf642baa8a05a837c4f58ea
2015-08-25,697.94,,ft,Approved,,2025-03-11T19:58:39.236615+00:00,1c1f4ede2bf642baa8a05a837c4f58ea
2015-08-26,697.92,,ft,Approved,,2025-03-11T19:58:39.236615+00:00,1c1f4ede2bf642baa8a05a837c4f58ea
2015-08-27,697.91,,ft,Approved,,2025-03-11T19:58:39.236615+00:00,1c1f4ede2bf642baa8a05a837c4f58ea
2015-08-28,697.89,,ft,Approved,,2025-03-11T19:58:39.236615+00:00,1c1f4ede2bf642baa8a05a837c4f58ea
2015-08-29,697.87,,ft,Approved,,2025-03-11T19:58:39.236615+00:00,1c1f4ede2bf642baa8a05a837c4f58ea
2015-08-30,697.86,,ft,Approved,,2025-03-11T19:58:39.236615+00:00,1c1f4ede2bf642baa8a05a837c4f58ea
2015-08-31,697.86,,ft,Approved,,2025-03-11T19:58:39.236615+00:00,1c1f4ede2bf642baa8a05a837c4f58ea
2015-09-01,697.84,,ft,Approved,,2025-03-11T19:58:39.236615+00:00,1c1f4ede2bf642baa8a05a837c4f58ea
2015-09-02,697.83,,ft,Approved,,2025-03-11T19:58:39.236615+00:00,1c1f4ede2bf642baa8a05a837c4f58ea
2015-09-03,697.82,,ft,Approved,,2025-03-11T19:58:39.236615+00:00,1c1f4ede2bf642baa8a05a837c4f58ea
2015-09-04,697.81,,ft,Approved,,2025-03-11T19:58:39.236615+00:00,1c1f4ede2bf642baa8a05a837c4f58ea
2015-09-05,697.81,,ft,Approved,,2025-03-11T19:58:39.236615+00:00,1c1f4ede2bf642baa8a05a837c4f58ea
2015-09-06,697.8,,ft,Approved,,2025-03-11T19:58:39.236615+00:00,1c1f4ede2bf642baa8a05a837c4f58ea
2015-09-07,697.8,,ft,Approved,,2025-03-11T19:58:39.236615+00:00,1c1f4ede2bf642baa8a05a837c4f58ea
2015-09-08,697.79,,ft,Approved,,2025-03-11T19:58:39.236615+00:00,1c1f4ede2bf642baa8a05a837c4f58ea
2015-09-09,697.78,,ft,Approved,,2025-03-11T19:58:39.236615+00:00,1c1f4ede2bf642baa8a05a837c4f58ea
2015-09-10,697.8,,ft,Approved,,2025-03-11T19:58:39.236615+00:00,1c1f4ede2bf642baa8a05a837c4f58ea
2015-09-11,697.83,,ft,Approved,,2025-03-11T19:58:39.236615+00:00,1c1f4ede2bf642baa8a05a837c4f58ea
2015-09-12,697.82,,ft,Approved,,2025-03-11T19:58:39.236615+00:00,1c1f4ede2bf642baa8a05a837c4f58ea
2015-09-13,697.8,,ft,Approved,,2025-03-11T19:58:39.236615+00:00,1c1f4ede2bf642baa8a05a837c4f58ea
2015-09-14,697.78,,ft,Approved,,2025-03-11T19:58:39.236615+00:00,1c1f4ede2bf642baa8a05a837c4f58ea
2015-09-15,697.77,,ft,Approved,,2025-03-11T19:58:39.236615+00:00,1c1f4ede2bf642baa8a05a837c4f58ea
2015-09-16,697.78,,ft,Approved,,2025-03-11T19:58:39.236615+00:00,1c1f4ede2bf642baa8a05a837c4f58ea
2015-09-17,697.78,,ft,Approved,,2025-03-11T19:58:39.236615+00:00,1c1f4ede2bf642baa8a05a837c4f58ea
2015-09-18,697.78,,ft,Approved,,2025-03-11T19:58:39.236615+00:00,1c1f4ede2bf642baa8a05a837c4f58ea
2015-09-19,697.77,,ft,Approved,,2025-03-11T19:58:39.236615+00:00,1c1f4ede2bf642baa8a05a837c4f58ea
2015-09-20,697.77,,ft,Approved,,2025-03-11T19:58:39.236615+00:00,1c1f4ede2bf642baa8a05a837c4f58ea
2015-09-21,697.77,,ft,Approved,,2025-03-11T19:58:39.236615+00:00,1c1f4ede2bf642baa8a05a837c4f58ea
2015-09-22,697.76,,ft,Approved,,2025-03-11T19:58:39.236615+00:00,1c1f4ede2bf642baa8a05a837c4f58ea
2015-09-23,697.76,,ft,Approved,,2025-03-11T19:58:39.236615+00:00,1c1f4ede2bf642baa8a05a837c4f58ea
2015-09-24,697.76,,ft,Approved,,2025-03-11T19:58:39.236615+00:00,1c1f4ede2bf642baa8a05a837c4f58ea
2015-09-25,697.75,,ft,Approved,,2025-03-11T19:58:39.236615+00:00,1c1f4ede2bf642baa8a05a837c4f58ea
2015-09-26,697.75,,ft,Approved,,2025-03-11T19:58:39.236615+00:00,1c1f4ede2bf642baa8a05a837c4f58ea
2015-09-27,697.75,,ft,Approved,,2025-03-11T19:58:39.236615+00:00,1c1f4ede2bf642baa8a05a837c4f58ea
2015-09-28,697.74,,ft,Approved,,2025-03-11T19:58:39.236615+00:00,1c1f4ede2bf642baa8a05a837c4f58ea
2015-09-29,697.74,,ft,Approved,,2025-03-11T19:58:39.236615+00:00,1c1f4ede2bf642baa8a05a837c4f58ea
2015-09-30,697.75,,ft,Approved,,2025-03-11T19:58:39.236615+00:00,1c1f4ede2bf642baa8a05a837c4f58ea
2015-10-01,697.74,,ft,Approved,,2025-03-11T19:58:39.236615+00:00,1c1f4ede2bf642baa8a05a837c4f58ea
2015-10-02,697.73,,ft,Approved,,2025-03-11T19:58:39.236615+00:00,1c1f4ede2bf642baa8a05a837c4f58ea
2015-10-03,697.72,,ft,Approved,,2025-03-11T19:58:39.236615+00:00,1c1f4ede2bf642baa8a05a837c4f58ea
2015-10-04,697.71,,ft,Approved,,2025-03-11T19:58:39.236615+00:00,1c1f4ede2bf642baa8a05a837c4f58ea
2015-10-05,697.71,,ft,Approved,,2025-03-11T19:58:39.236615+00:00,1c1f4ede2bf642baa8a05a837c4f58ea
2015-10-06,697.71,,ft,Approved,,2025-03-11T19:58:39.236615+00:00,1c1f4ede2bf642baa8a05a837c4f58ea
2015-10-07,697.72,,ft,Approved,,2025-03-11T19:58:39.236615+00:00,1c1f4ede2bf642baa8a05a837c4f58ea
2015-10-08,697.72,,ft,Approved,,2025-03-11T19:58:39.236615+00:00,1c1f4ede2bf642baa8a05a837c4f58ea
2015-10-09,697.72,,ft,Approved,,2025-03-11T19:58:39.236615+00:00,1c1f4ede2bf642baa8a05a837c4f58ea
2015-10-10,697.73,,ft,Approved,,2025-03-11T19:58:39.236615+00:00,1c1f4ede2bf642baa8a05a837c4f58ea
2015-10-11,697.73,,ft,Approved,,2025-03-11T19:58:39.236615+00:00,1c1f4ede2bf642baa8a05a837c4f58ea
2015-10-12,697.73,,ft,Approved,,2025-03-11T19:58:39.236615+00:00,1c1f4ede2bf642baa8a05a837c4f58ea
2015-10-13,697.73,,ft,Approved,,2025-03-11T19:58:39.236615+00:00,1c1f4ede2bf642baa8a05a837c4f58ea
2015-10-14,697.72,,ft,Approved,,2025-03-11T19:58:39.236615+00:00,1c1f4ede2bf642baa8a05a837c4f58ea
2015-10-15,697.72,,ft,Approved,,2025-03-11T19:58:39.236615+00:00,1c1f4ede2bf642baa8a05a837c4f58ea
2015-10-16,697.72,,ft,Approved,,2025-03-11T19:58:39.236615+00:00,1c1f4ede2bf642baa8a05a837c4f58ea
2015-10-17,697.71,,ft,Approved,,2025-03-11T19:58:39.236615+00:00,1c1f4ede2bf642baa8a05a837c4f58ea
2015-10-18,697.7,,ft,Approved,,2025-03-11T19:58:39.236615+00:00,1c1f4ede2bf642baa8a05a837c4f58ea
2015-10-19,697.69,,ft,Approved,,2025-03-11T19:58:39.236615+00:00,1c1f4ede2bf642baa8a05a837c4f58ea
2015-10-20,697.69,,ft,Approved,,2025-03-11T19:58:39.236615+00:00,1c1f4ede2bf642baa8a05a837c4f58ea
2015-10-21,697.71,,ft,Approved,,2025-03-11T19:58:39.236615+00:00,1c1f4ede2bf642baa8a05a837c4f58ea
2015-10-22,697.74,,ft,Approved,,2025-03-11T19:58:39.236615+00:00,1c1f4ede2bf642baa8a05a837c4f58ea
2015-10-23,697.79,,ft,Approved,,2025-03-11T19:58:39.236615+00:00,1c1f4ede2bf642baa8a05a837c4f58ea
2015-10-24,698.43,,ft,Approved,,2025-03-11T19:58:39.236615+00:00,1c1f4ede2bf642baa8a05a837c4f58ea
2015-10-25,698.98,,ft,Approved,,2025-03-11T19:58:39.236615+00:00,1c1f4ede2bf642baa8a05a837c4f58ea
2015-10-26,699.05,,ft,Approved,,2025-03-11T19:58:39.236615+00:00,1c1f4ede2bf642baa8a05a837c4f58ea
2015-10-27,699.07,,ft,Approved,,2025-03-11T19:58:39.236615+00:00,1c1f4ede2bf642baa8a05a837c4f58ea
2015-10-28,699.08,,ft,Approved,,2025-03-11T19:58:39.236615+00:00,1c1f4ede2bf642baa8a05a837c4f58ea
2015-10-29,699.09,,ft,Approved,,2025-03-11T19:58:39.236615+00:00,1c1f4ede2bf642baa8a05a837c4f58ea
2015-10-30,700.33,,ft,Approved,,2025-03-11T19:58:39.236615+00:00,1c1f4ede2bf642baa8a05a837c4f58ea
2015-10-31,701.0,,ft,Approved,,2025-03-11T19:58:39.236615+00:00,1c1f4ede2bf642baa8a05a837c4f58ea
2015-11-01,699.8,,ft,Approved,,2025-03-11T19:58:39.236615+00:00,1c1f4ede2bf642baa8a05a837c4f58ea
2015-11-02,699.55,,ft,Approved,,2025-03-11T19:58:39.236615+00:00,1c1f4ede2bf642baa8a05a837c4f58ea
2015-11-03,699.48,,ft,Approved,,2025-03-11T19:58:39.236615+00:00,1c1f4ede2bf642baa8a05a837c4f58ea
2015-11-04,699.44,,ft,Approved,,2025-03-11T19:58:39.236615+00:00,1c1f4ede2bf642baa8a05a837c4f58ea
2015-11-05,699.44,,ft,Approved,,2025-03-11T19:58:39.236615+00:00,1c1f4ede2bf642baa8a05a837c4f58ea
2015-11-06,699.54,,ft,Approved,,2025-03-11T19:58:39.236615+00:00,1c1f4ede2bf642baa8a05a837c4f58ea
2015-11-07,699.72,,ft,Approved,,2025-03-11T19:58:39.236615+00:00,1c1f4ede2bf642baa8a05a837c4f58ea
2015-11-08,699.67,,ft,Approved,,2025-03-11T19:58:39.236615+00:00,1c1f4ede2bf642baa8a05a837c4f58ea
2015-11-09,699.55,,ft,Approved,,2025-03-11T19:58:39.236615+00:00,1c1f4ede2bf642baa8a05a837c4f58ea
2015-11-10,699.51,,ft,Approved,,2025-03-11T19:58:39.236615+00:00,1c1f4ede2bf642baa8a05a837c4f58ea
2015-11-11,699.49,,ft,Approved,,2025-03-11T19:58:39.236615+00:00,1c1f4ede2bf642baa8a05a837c4f58ea
2015-11-12,699.45,,ft,Approved,,2025-03-11T19:58:39.236615+00:00,1c1f4ede2bf642baa8a05a837c4f58ea
2015-11-13,699.42,,ft,Approved,,2025-03-11T19:58:39.236615+00:00,1c1f4ede2bf642baa8a05a837c4f58ea
2015-11-14,699.4,,ft,Approved,,2025-03-11T19:58:39.236615+00:00,1c1f4ede2bf642baa8a05a837c4f58ea
2015-11-15,699.41,,ft,Approved,,2025-03-11T19:58:39.236615+00:00,1c1f4ede2bf642baa8a05a837c4f58ea
2015-11-16,699.41,,ft,Approved,,2025-03-11T19:58:39.236615+00:00,1c1f4ede2bf642baa8a05a837c4f58ea
2015-11-17,699.53,,ft,Approved,,2025-03-11T19:58:39.236615+00:00,1c1f4ede2bf642baa8a05a837c4f58ea
2015-11-18,699.52,,ft,Approved,,2025-03-11T19:58:39.236615+00:00,1c1f4ede2bf642baa8a05a837c4f58ea
2015-11-19,699.47,,ft,Approved,,2025-03-11T19:58:39.236615+00:00,1c1f4ede2bf642baa8a05a837c4f58ea
2015-11-20,699.44,,ft,Approved,,2025-03-11T19:58:39.236615+00:00,1c1f4ede2bf642baa8a05a837c4f58ea
2015-11-21,699.41,,ft,Approved,,2025-03-11T19:58:39.236615+00:00,1c1f4ede2bf642baa8a05a837c4f58ea
2015-11-22,699.37,,ft,Approved,,2025-03-11T19:58:39.236615+00:00,1c1f4ede2bf642baa8a05a837c4f58ea
2015-11-23,699.37,,ft,Approved,,2025-03-11T19:58:39.236615+00:00,1c1f4ede2bf642baa8a05a837c4f58ea
2015-11-24,699.38,,ft,Approved,,2025-03-11T19:58:39.236615+00:00,1c1f4ede2bf642baa8a05a837c4f58ea
2015-11-25,699.41,,ft,Approved,,2025-03-11T19:58:39.236615+00:00,1c1f4ede2bf642baa8a05a837c4f58ea
2015-11-26,699.43,,ft,Approved,,2025-03-11T19:58:39.236615+00:00,1c1f4ede2bf642baa8a05a837c4f58ea
2015-11-27,699.52,,ft,Approved,,2025-03-11T19:58:39.236615+00:00,1c1f4ede2bf642baa8a05a837c4f58ea
2015-11-28,699.57,,ft,Approved,,2025-03-11T19:58:39.236615+00:00,1c1f4ede2bf642baa8a05a837c4f58ea
2015-11-29,699.54,,ft,Approved,,2025-03-11T19:58:39.236615+00:00,1c1f4ede2bf642baa8a05a837c4f58ea
2015-11-30,699.52,,ft,Approved,,2025-03-11T19:58:39.236615+00:00,1c1f4ede2bf642baa8a05a837c4f58ea
2015-12-01,699.5,,ft,Approved,,2025-03-11T19:58:39.236615+00:00,1c1f4ede2bf642baa8a05a837c4f58ea
2015-12-02,699.48,,ft,Approved,,2025-03-11T19:58:39.236615+00:00,1c1f4ede2bf642baa8a05a837c4f58ea
2015-12-03,699.46,,ft,Approved,,2025-03-11T19:58:39.236615+00:00,1c1f4ede2bf642baa8a05a837c4f58ea
2015-12-04,699.45,,ft,Approved,,2025-03-11T19:58:39.236615+00:00,1c1f4ede2bf642baa8a05a837c4f58ea
2015-12-05,699.44,,ft,Approved,,2025-03-11T19:58:39.236615+00:00,1c1f4ede2bf642baa8a05a837c4f58ea
2015-12-06,699.43,,ft,Approved,,2025-03-11T19:58:39.236615+00:00,1c1f4ede2bf642baa8a05a837c4f58ea
2015-12-07,699.43,,ft,Approved,,2025-03-11T19:58:39.236615+00:00,1c1f4ede2bf642baa8a05a837c4f58ea
2015-12-08,699.42,,ft,Approved,,2025-03-11T19:58:39.236615+00:00,1c1f4ede2bf642baa8a05a837c4f58ea
2015-12-09,699.42,,ft,Approved,,2025-03-11T19:58:39.236615+00:00,1c1f4ede2bf642baa8a05a837c4f58ea
2015-12-10,699.42,,ft,Approved,,2025-03-11T19:58:39.236615+00:00,1c1f4ede2bf642baa8a05a837c4f58ea
2015-12-11,699.42,,ft,Approved,,2025-03-11T19:58:39.236615+00:00,1c1f4ede2bf642baa8a05a837c4f58ea
2015-12-12,699.43,,ft,Approved,,2025-03-11T19:58:39.236615+00:00,1c1f4ede2bf642baa8a05a837c4f58ea
2015-12-13,700.04,,ft,Approved,,2025-03-11T19:58:39.236615+00:00,1c1f4ede2bf642baa8a05a837c4f58ea
2015-12-14,699.7,,ft,Approved,,2025-03-11T19:58:39.236615+00:00,1c1f4ede2bf642baa8a05a837c4f58ea
2015-12-15,699.57,,ft,Approved,,2025-03-11T19:58:39.236615+00:00,1c1f4ede2bf642baa8a05a837c4f58ea
2015-12-16,699.52,,ft,Approved,,2025-03-11T19:58:39.236615+00:00,1c1f4ede2bf642baa8a05a837c4f58ea
2015-12-17,699.48,,ft,Approved,,2025-03-11T19:58:39.236615+00:00,1c1f4ede2bf642baa8a05a837c4f58ea
2015-12-18,699.45,,ft,Approved,,2025-03-11T19:58:39.236615+00:00,1c1f4ede2bf642baa8a05a837c4f58ea
2015-12-19,699.44,,ft,Approved,,2025-03-11T19:58:39.236615+00:00,1c1f4ede2bf642baa8a05a837c4f58ea
2015-12-20,699.45,,ft,Approved,,2025-03-11T19:58:39.236615+00:00,1c1f4ede2bf642baa8a05a837c4f58ea
2015-12-21,699.45,,ft,Approved,,2025-03-11T19:58:39.236615+00:00,1c1f4ede2bf642baa8a05a837c4f58ea
2015-12-22,699.45,,ft,Approved,,2025-03-11T19:58:39.236615+00:00,1c1f4ede2bf642baa8a05a837c4f58ea
2015-12-23,699.44,,ft,Approved,,2025-03-11T19:58:39.236615+00:00,1c1f4ede2bf642baa8a05a837c4f58ea
2015-12-24,699.42,,ft,Approved,,2025-03-11T19:58:39.236615+00:00,1c1f4ede2bf642baa8a05a837c4f58ea
2015-12-25,699.41,,ft,Approved,,2025-03-11T19:58:39.236615+00:00,1c1f4ede2bf642baa8a05a837c4f58ea
2015-12-26,699.44,,ft,Approved,,2025-03-11T19:58:39.236615+00:00,1c1f4ede2bf642baa8a05a837c4f58ea
2015-12-27,699.72,,ft,Approved,,2025-03-11T19:58:39.236615+00:00,1c1f4ede2bf642baa8a05a837c4f58ea
2015-12-28,699.73,,ft,Approved,,2025-03-11T19:58:39.236615+00:00,1c1f4ede2bf642baa8a05a837c4f58ea
2015-12-29,699.57,,ft,Approved,,2025-03-11T19:58:39.236615+00:00,1c1f4ede2bf642baa8a05a837c4f58ea
2015-12-30,699.52,,ft,Approved,,2025-03-11T19:58:39.236615+00:00,1c1f4ede2bf642baa8a05a837c4f58ea
2015-12-31,699.49,,ft,Approved,,2025-03-11T19:58:39.236615+00:00,1c1f4ede2bf642baa8a05a837c4f58ea
2016-01-01,699.46,,ft,Approved,,2025-03-11T19:58:39.236615+00:00,1c1f4ede2bf642baa8a05a837c4f58ea
2016-01-02,699.44,,ft,Approved,,2025-03-11T19:58:39.236615+00:00,1c1f4ede2bf642baa8a05a837c4f58ea
2016-01-03,699.44,,ft,Approved,,2025-03-11T19:58:39.236615+00:00,1c1f4ede2bf642baa8a05a837c4f58ea
2016-01-04,699.44,,ft,Approved,,2025-03-11T19:58:39.236615+00:00,1c1f4ede2bf642baa8a05a837c4f58ea
2016-01-05,699.42,,ft,Approved,,2025-03-11T19:58:39.236615+00:00,1c1f4ede2bf642baa8a05a837c4f58ea
2016-01-06,699.43,,ft,Approved,,2025-03-11T19:58:39.236615+00:00,1c1f4ede2bf642baa8a05a837c4f58ea
2016-01-07,699.48,,ft,Approved,,2025-03-11T19:58:39.236615+00:00,1c1f4ede2bf642baa8a05a837c4f58ea
2016-01-08,699.46,,ft,Approved,,2025-03-11T19:58:39.236615+00:00,1c1f4ede2bf642baa8a05a837c4f58ea
2016-01-09,699.43,,ft,Approved,,2025-03-11T19:58:39.236615+00:00,1c1f4ede2bf642baa8a05a837c4f58ea
2016-01-10,699.4,,ft,Approved,,2025-03-11T19:58:39.236615+00:00,1c1f4ede2bf642baa8a05a837c4f58ea
2016-01-11,699.4,,ft,Approved,,2025-03-11T19:58:39.236615+00:00,1c1f4ede2bf642baa8a05a837c4f58ea
2016-01-12,699.4,,ft,Approved,,2025-03-11T19:58:39.236615+00:00,1c1f4ede2bf642baa8a05a837c4f58ea
2016-01-13,699.4,,ft,Approved,,2025-03-11T19:58:39.236615+00:00,1c1f4ede2bf642baa8a05a837c4f58ea
2016-01-14,699.4,,ft,Approved,,2025-03-11T19:58:39.236615+00:00,1c1f4ede2bf642baa8a05a837c4f58ea
2016-01-15,699.4,,ft,Approved,,2025-03-11T19:58:39.236615+00:00,1c1f4ede2bf642baa8a05a837c4f58ea
2016-01-16,699.39,,ft,Approved,,2025-03-11T19:58:39.236615+00:00,1c1f4ede2bf642baa8a05a837c4f58ea
2016-01-17,699.37,,ft,Approved,,2025-03-11T19:58:39.236615+00:00,1c1f4ede2bf642baa8a05a837c4f58ea
2016-01-18,699.37,,ft,Approved,,2025-03-11T19:58:39.236615+00:00,1c1f4ede2bf642baa8a05a837c4f58ea
2016-01-19,699.38,,ft,Approved,,2025-03-11T19:58:39.236615+00:00,1c1f4ede2bf642baa8a05a837c4f58ea
2016-01-20,699.37,,ft,Approved,,2025-03-11T19:58:39.236615+00:00,1c1f4ede2bf642baa8a05a837c4f58ea
2016-01-21,699.37,,ft,Approved,,2025-03-11T19:58:39.236615+00:00,1c1f4ede2bf642baa8a05a837c4f58ea
2016-01-22,699.34,,ft,Approved,,2025-03-11T19:58:39.236615+00:00,1c1f4ede2bf642baa8a05a837c4f58ea
2016-01-23,699.34,,ft,Approved,,2025-03-11T19:58:39.236615+00:00,1c1f4ede2bf642baa8a05a837c4f58ea
2016-01-24,699.35,,ft,Approved,,2025-03-11T19:58:39.236615+00:00,1c1f4ede2bf642baa8a05a837c4f58ea
2016-01-25,699.36,,ft,Approved,,2025-03-11T19:58:39.236615+00:00,1c1f4ede2bf642baa8a05a837c4f58ea
2016-01-26,699.35,,ft,Approved,,2025-03-11T19:58:39.236615+00:00,1c1f4ede2bf642baa8a05a837c4f58ea
2016-01-27,699.33,,ft,Approved,,2025-03-11T19:58:39.236615+00:00,1c1f4ede2bf642baa8a05a837c4f58ea
2016-01-28,699.34,,ft,Approved,,2025-03-11T19:58:39.236615+00:00,1c1f4ede2bf642baa8a05a837c4f58ea
2016-01-29,699.35,,ft,Approved,,2025-03-11T19:58:39.236615+00:00,1c1f4ede2bf642baa8a05a837c4f58ea
2016-01-30,699.35,,ft,Approved,,2025-03-11T19:58:39.236615+00:00,1c1f4ede2bf642baa8a05a837c4f58ea
2016-01-31,699.36,,ft,Approved,,2025-03-11T19:58:39.236615+00:00,1c1f4ede2bf642baa8a05a837c4f58ea
2016-02-01,699.37,,ft,Approved,,2025-03-11T19:58:39.236615+00:00,1c1f4ede2bf642baa8a05a837c4f58ea
2016-02-02,699.36,,ft,Approved,,2025-03-11T19:58:39.236615+00:00,1c1f4ede2bf642baa8a05a837c4f58ea
2016-02-03,699.34,,ft,Approved,,2025-03-11T19:58:39.236615+00:00,1c1f4ede2bf642baa8a05a837c4f58ea
2016-02-04,699.33,,ft,Approved,,2025-03-11T19:58:39.236615+00:00,1c1f4ede2bf642baa8a05a837c4f58ea
2016-02-05,699.34,,ft,Approved,,2025-03-11T19:58:39.236615+00:00,1c1f4ede2bf642baa8a05a837c4f58ea
2016-02-06,699.33,,ft,Approved,,2025-03-11T19:58:39.236615+00:00,1c1f4ede2bf642baa8a05a837c4f58ea
2016-02-07,699.32,,ft,Approved,,2025-03-11T19:58:39.236615+00:00,1c1f4ede2bf642baa8a05a837c4f58ea
2016-02-08,699.31,,ft,Approved,,2025-03-11T19:58:39.236615+00:00,1c1f4ede2bf642baa8a05a837c4f58ea
2016-02-09,699.3,,ft,Approved,,2025-03-11T19:58:39.236615+00:00,1c1f4ede2bf642baa8a05a837c4f58ea
2016-02-10,699.31,,ft,Approved,,2025-03-11T19:58:39.236615+00:00,1c1f4ede2bf642baa8a05a837c4f58ea
2016-02-11,699.31,,ft,Approved,,2025-03-11T19:58:39.236615+00:00,1c1f4ede2bf642baa8a05a837c4f58ea
2016-02-12,699.31,,ft,Approved,,2025-03-11T19:58:39.236615+00:00,1c1f4ede2bf642baa8a05a837c4f58ea
2016-02-13,699.31,,ft,Approved,,2025-03-11T19:58:39.236615+00:00,1c1f4ede2bf642baa8a05a837c4f58ea
2016-02-14,699.32,,ft,Approved,,2025-03-11T19:58:39.236615+00:00,1c1f4ede2bf642baa8a05a837c4f58ea
2016-02-15,699.33,,ft,Approved,,2025-03-11T19:58:39.236615+00:00,1c1f4ede2bf642baa8a05a837c4f58ea
2016-02-16,699.32,,ft,Approved,,2025-03-11T19:58:39.236615+00:00,1c1f4ede2bf642baa8a05a837c4f58ea
2016-02-17,699.32,,ft,Approved,,2025-03-11T19:58:39.236615+00:00,1c1f4ede2bf642baa8a05a837c4f58ea
2016-02-18,699.32,,ft,Approved,,2025-03-11T19:58:39.236615+00:00,1c1f4ede2bf642baa8a05a837c4f58ea
2016-02-19,699.33,,ft,Approved,,2025-03-11T19:58:39.236615+00:00,1c1f4ede2bf642baa8a05a837c4f58ea
2016-02-20,699.33,,ft,Approved,,2025-03-11T19:58:39.236615+00:00,1c1f4ede2bf642baa8a05a837c4f58ea
2016-02-21,699.34,,ft,Approved,,2025-03-11T19:58:39.236615+00:00,1c1f4ede2bf642baa8a05a837c4f58ea
2016-02-22,699.34,,ft,Approved,,2025-03-11T19:58:39.236615+00:00,1c1f4ede2bf642baa8a05a837c4f58ea
2016-02-23,699.54,,ft,Approved,,2025-03-11T19:58:39.236615+00:00,1c1f4ede2bf642baa8a05a837c4f58ea
2016-02-24,699.44,,ft,Approved,,2025-03-11T19:58:39.236615+00:00,1c1f4ede2bf642baa8a05a837c4f58ea
2016-02-25,699.4,,ft,Approved,,2025-03-11T19:58:39.236615+00:00,1c1f4ede2bf642baa8a05a837c4f58ea
2016-02-26,699.38,,ft,Approved,,2025-03-11T19:58:39.236615+00:00,1c1f4ede2bf642baa8a05a837c4f58ea
2016-02-27,699.37,,ft,Approved,,2025-03-11T19:58:39.236615+00:00,1c1f4ede2bf642baa8a05a837c4f58ea
2016-02-28,699.37,,ft,Approved,,2025-03-11T19:58:39.236615+00:00,1c1f4ede2bf642baa8a05a837c4f58ea
2016-02-29,699.37,,ft,Approved,,2025-03-11T19:58:39.236615+00:00,1c1f4ede2bf642baa8a05a837c4f58ea
2016-03-01,699.36,,ft,Approved,,2025-03-11T19:58:39.236615+00:00,1c1f4ede2bf642baa8a05a837c4f58ea
2016-03-02,699.35,,ft,Approved,,2025-03-11T19:58:39.236615+00:00,1c1f4ede2bf642baa8a05a837c4f58ea
2016-03-03,699.34,,ft,Approved,,2025-03-11T19:58:39.236615+00:00,1c1f4ede2bf642baa8a05a837c4f58ea
2016-03-04,699.33,,ft,Approved,,2025-03-11T19:58:39.236615+00:00,1c1f4ede2bf642baa8a05a837c4f58ea
2016-03-05,699.33,,ft,Approved,,2025-03-11T19:58:39.236615+00:00,1c1f4ede2bf642baa8a05a837c4f58ea
2016-03-06,699.33,,ft,Approved,,2025-03-11T19:58:39.236615+00:00,1c1f4ede2bf642baa8a05a837c4f58ea
2016-03-07,699.34,,ft,Approved,,2025-03-11T19:58:39.236615+00:00,1c1f4ede2bf642baa8a05a837c4f58ea
2016-03-08,699.36,,ft,Approved,,2025-03-11T19:58:39.236615+00:00,1c1f4ede2bf642baa8a05a837c4f58ea
2016-03-09,700.07,,ft,Approved,,2025-03-11T19:58:39.236615+00:00,1c1f4ede2bf642baa8a05a837c4f58ea
2016-03-10,699.98,,ft,Approved,,2025-03-11T19:58:39.236615+00:00,1c1f4ede2bf642baa8a05a837c4f58ea
2016-03-11,699.7,,ft,Approved,,2025-03-11T19:58:39.236615+00:00,1c1f4ede2bf642baa8a05a837c4f58ea
2016-03-12,699.64,,ft,Approved,,2025-03-11T19:58:39.236615+00:00,1c1f4ede2bf642baa8a05a837c4f58ea
2016-03-13,699.55,,ft,Approved,,2025-03-11T19:58:39.236615+00:00,1c1f4ede2bf642baa8a05a837c4f58ea
2016-03-14,699.49,,ft,Approved,,2025-03-11T19:58:39.236615+00:00,1c1f4ede2bf642baa8a05a837c4f58ea
2016-03-15,699.46,,ft,Approved,,2025-03-11T19:58:39.236615+00:00,1c1f4ede2bf642baa8a05a837c4f58ea
2016-03-16,699.43,,ft,Approved,,2025-03-11T19:58:39.236615+00:00,1c1f4ede2bf642baa8a05a837c4f58ea
2016-03-17,699.42,,ft,Approved,,2025-03-11T19:58:39.236615+00:00,1c1f4ede2bf642baa8a05a837c4f58ea
2016-03-18,699.42,,ft,Approved,,2025-03-11T19:58:39.236615+00:00,1c1f4ede2bf642baa8a05a837c4f58ea
2016-03-19,699.39,,ft,Approved,,2025-03-11T19:58:39.236615+00:00,1c1f4ede2bf642baa8a05a837c4f58ea
2016-03-20,699.35,,ft,Approved,,2025-03-11T19:58:39.236615+00:00,1c1f4ede2bf642baa8a05a837c4f58ea
2016-03-21,699.35,,ft,Approved,,2025-03-11T19:58:39.236615+00:00,1c1f4ede2bf642baa8a05a837c4f58ea
2016-03-22,699.35,,ft,Approved,,2025-03-11T19:58:39.236615+00:00,1c1f4ede2bf642baa8a05a837c4f58ea
2016-03-23,699.36,,ft,Approved,,2025-03-11T19:58:39.236615+00:00,1c1f4ede2bf642baa8a05a837c4f58ea
2016-03-24,699.34,,ft,Approved,,2025-03-11T19:58:39.236615+00:00,1c1f4ede2bf642baa8a05a837c4f58ea
2016-03-25,699.32,,ft,Approved,,2025-03-11T19:58:39.236615+00:00,1c1f4ede2bf642baa8a05a837c4f58ea
2016-03-26,699.33,,ft,Approved,,2025-03-11T19:58:39.236615+00:00,1c1f4ede2bf642baa8a05a837c4f58ea
2016-03-27,699.35,,ft,Approved,,2025-03-11T19:58:39.236615+00:00,1c1f4ede2bf642baa8a05a837c4f58ea
2016-03-28,699.33,,ft,Approved,,2025-03-11T19:58:39.236615+00:00,1c1f4ede2bf642baa8a05a837c4f58ea
2016-03-29,699.34,,ft,Approved,,2025-03-11T19:58:39.236615+00:00,1c1f4ede2bf642baa8a05a837c4f58ea
2016-03-30,699.37,,ft,Approved,,2025-03-11T19:58:39.236615+00:00,1c1f4ede2bf642baa8a05a837c4f58ea
2016-03-31,699.38,,ft,Approved,,2025-03-11T19:58:39.236615+00:00,1c1f4ede2bf642baa8a05a837c4f58ea
2016-04-01,699.38,,ft,Approved,,2025-03-11T19:58:39.236615+00:00,1c1f4ede2bf642baa8a05a837c4f58ea
2016-04-02,699.37,,ft,Approved,,2025-03-11T19:58:39.236615+00:00,1c1f4ede2bf642baa8a05a837c4f58ea
2016-04-03,699.34,,ft,Approved,,2025-03-11T19:58:39.236615+00:00,1c1f4ede2bf642baa8a05a837c4f58ea
2016-04-04,699.31,,ft,Approved,,2025-03-11T19:58:39.236615+00:00,1c1f4ede2bf642baa8a05a837c4f58ea
2016-04-05,699.31,,ft,Approved,,2025-03-11T19:58:39.236615+00:00,1c1f4ede2bf642baa8a05a837c4f58ea
2016-04-06,699.29,,ft,Approved,,2025-03-11T19:58:39.236615+00:00,1c1f4ede2bf642baa8a05a837c4f58ea
2016-04-07,699.28,,ft,Approved,,2025-03-11T19:58:39.236615+00:00,1c1f4ede2bf642baa8a05a837c4f58ea
2016-04-08,699.27,,ft,Approved,,2025-03-11T19:58:39.236615+00:00,1c1f4ede2bf642baa8a05a837c4f58ea
2016-04-09,699.27,,ft,Approved,,2025-03-11T19:58:39.236615+00:00,1c1f4ede2bf642baa8a05a837c4f58ea
2016-04-10,699.28,,ft,Approved,,2025-03-11T19:58:39.236615+00:00,1c1f4ede2bf642baa8a05a837c4f58ea
2016-04-11,699.29,,ft,Approved,,2025-03-11T19:58:39.236615+00:00,1c1f4ede2bf642baa8a05a837c4f58ea
2016-04-12,699.29,,ft,Approved,,2025-03-11T19:58:39.236615+00:00,1c1f4ede2bf642baa8a05a837c4f58ea
2016-04-13,699.4,,ft,Approved,,2025-03-11T19:58:39.236615+00:00,1c1f4ede2bf642baa8a05a837c4f58ea
2016-04-14,699.38,,ft,Approved,,2025-03-11T19:58:39.236615+00:00,1c1f4ede2bf642baa8a05a837c4f58ea
2016-04-15,699.36,,ft,Approved,,2025-03-11T19:58:39.236615+00:00,1c1f4ede2bf642baa8a05a837c4f58ea
2016-04-16,699.35,,ft,Approved,,2025-03-11T19:58:39.236615+00:00,1c1f4ede2bf642baa8a05a837c4f58ea
2016-04-17,699.56,,ft,Approved,,2025-03-11T19:58:39.236615+00:00,1c1f4ede2bf642baa8a05a837c4f58ea
2016-04-18,699.89,,ft,Approved,,2025-03-11T19:58:39.236615+00:00,1c1f4ede2bf642baa8a05a837c4f58ea
2016-04-19,699.62,,ft,Approved,,2025-03-11T19:58:39.236615+00:00,1c1f4ede2bf642baa8a05a837c4f58ea
2016-04-20,699.58,,ft,Approved,,2025-03-11T19:58:39.236615+00:00,1c1f4ede2bf642baa8a05a837c4f58ea
2016-04-21,699.56,,ft,Approved,,2025-03-11T19:58:39.236615+00:00,1c1f4ede2bf642baa8a05a837c4f58ea
2016-04-22,699.51,,ft,Approved,,2025-03-11T19:58:39.236615+00:00,1c1f4ede2bf642baa8a05a837c4f58ea
2016-04-23,699.45,,ft,Approved,,2025-03-11T19:58:39.236615+00:00,1c1f4ede2bf642baa8a05a837c4f58ea
2016-04-24,699.42,,ft,Approved,,2025-03-11T19:58:39.236615+00:00,1c1f4ede2bf642baa8a05a837c4f58ea
2016-04-25,699.4,,ft,Approved,,2025-03-11T19:58:39.236615+00:00,1c1f4ede2bf642baa8a05a837c4f58ea
2016-04-26,699.39,,ft,Approved,,2025-03-11T19:58:39.236615+00:00,1c1f4ede2bf642baa8a05a837c4f58ea
2016-04-27,699.52,,ft,Approved,,2025-03-11T19:58:39.236615+00:00,1c1f4ede2bf642baa8a05a837c4f58ea
2016-04-28,699.47,,ft,Approved,,2025-03-11T19:58:39.236615+00:00,1c1f4ede2bf642baa8a05a837c4f58ea
2016-04-29,699.43,,ft,Approved,,2025-03-11T19:58:39.236615+00:00,1c1f4ede2bf642baa8a05a837c4f58ea
2016-04-30,699.41,,ft,Approved,,2025-03-11T19:58:39.236615+00:00,1c1f4ede2bf642baa8a05a837c4f58ea
2016-05-01,699.38,,ft,Approved,,2025-03-11T19:58:39.236615+00:00,1c1f4ede2bf642baa8a05a837c4f58ea
2016-05-02,699.35,,ft,Approved,,2025-03-11T19:58:39.236615+00:00,1c1f4ede2bf642baa8a05a837c4f58ea
2016-05-03,699.33,,ft,Approved,,2025-03-11T19:58:39.236615+00:00,1c1f4ede2bf642baa8a05a837c4f58ea
2016-05-04,699.33,,ft,Approved,,2025-03-11T19:58:39.236615+00:00,1c1f4ede2bf642baa8a05a837c4f58ea
2016-05-05,699.33,,ft,Approved,,2025-03-11T19:58:39.236615+00:00,1c1f4ede2bf642baa8a05a837c4f58ea
2016-05-06,699.33,,ft,Approved,,2025-03-11T19:58:39.236615+00:00,1c1f4ede2bf642baa8a05a837c4f58ea
2016-05-07,699.33,,ft,Approved,,2025-03-11T19:58:39.236615+00:00,1c1f4ede2bf642baa8a05a837c4f58ea
2016-05-08,699.34,,ft,Approved,,2025-03-11T19:58:39.236615+00:00,1c1f4ede2bf642baa8a05a837c4f58ea
2016-05-09,699.35,,ft,Approved,,2025-03-11T19:58:39.236615+00:00,1c1f4ede2bf642baa8a05a837c4f58ea
2016-05-10,699.35,,ft,Approved,,2025-03-11T19:58:39.236615+00:00,1c1f4ede2bf642baa8a05a837c4f58ea
2016-05-11,699.41,,ft,Approved,,2025-03-11T19:58:39.236615+00:00,1c1f4ede2bf642baa8a05a837c4f58ea
2016-05-12,699.39,,ft,Approved,,2025-03-11T19:58:39.236615+00:00,1c1f4ede2bf642baa8a05a837c4f58ea
2016-05-13,699.37,,ft,Approved,,2025-03-11T19:58:39.236615+00:00,1c1f4ede2bf642baa8a05a837c4f58ea
2016-05-14,700.42,,ft,Approved,,2025-03-11T19:58:39.236615+00:00,1c1f4ede2bf642baa8a05a837c4f58ea
2016-05-15,700.67,,ft,Approved,,2025-03-11T19:58:39.236615+00:00,1c1f4ede2bf642baa8a05a837c4f58ea
2016-05-16,699.7,,ft,Approved,,2025-03-11T19:58:39.236615+00:00,1c1f4ede2bf642baa8a05a837c4f58ea
2016-05-17,699.54,,ft,Approved,,2025-03-11T19:58:39.236615+00:00,1c1f4ede2bf642baa8a05a837c4f58ea
2016-05-18,699.52,,ft,Approved,,2025-03-11T19:58:39.236615+00:00,1c1f4ede2bf642baa8a05a837c4f58ea
2016-05-19,700.62,,ft,Approved,,2025-03-11T19:58:39.236615+00:00,1c1f4ede2bf642baa8a05a837c4f58ea
2016-05-20,700.09,,ft,Approved,,2025-03-11T19:58:39.236615+00:00,1c1f4ede2bf642baa8a05a837c4f58ea
2016-05-21,699.63,,ft,Approved,,2025-03-11T19:58:39.236615+00:00,1c1f4ede2bf642baa8a05a837c4f58ea
2016-05-22,699.53,,ft,Approved,,2025-03-11T19:58:39.236615+00:00,1c1f4ede2bf642baa8a05a837c4f58ea
2016-05-23,699.48,,ft,Approved,,2025-03-11T19:58:39.236615+00:00,1c1f4ede2bf642baa8a05a837c4f58ea
2016-05-24,699.46,,ft,Approved,,2025-03-11T19:58:39.236615+00:00,1c1f4ede2bf642baa8a05a837c4f58ea
2016-05-25,699.19,,ft,Approved,,2025-03-11T19:58:39.236615+00:00,1c1f4ede2bf642baa8a05a837c4f58ea
2016-05-26,699.18,,ft,Approved,,2025-03-11T19:58:39.236615+00:00,1c1f4ede2bf642baa8a05a837c4f58ea
2016-05-27,699.21,,ft,Approved,,2025-03-11T19:58:39.236615+00:00,1c1f4ede2bf642baa8a05a837c4f58ea
2016-05-28,699.2,,ft,Approved,,2025-03-11T19:58:39.236615+00:00,1c1f4ede2bf642baa8a05a837c4f58ea
2016-05-29,699.19,,ft,Approved,,2025-03-11T19:58:39.236615+00:00,1c1f4ede2bf642baa8a05a837c4f58ea
2016-05-30,699.19,,ft,Approved,,2025-03-11T19:58:39.236615+00:00,1c1f4ede2bf642baa8a05a837c4f58ea
2016-05-31,699.3,,ft,Approved,,2025-03-11T19:58:39.236615+00:00,1c1f4ede2bf642baa8a05a837c4f58ea
2016-06-01,699.46,,ft,Approved,,2025-03-11T19:58:39.236615+00:00,1c1f4ede2bf642baa8a05a837c4f58ea
2016-06-02,699.51,,ft,Approved,,2025-03-11T19:58:39.236615+00:00,1c1f4ede2bf642baa8a05a837c4f58ea
2016-06-03,699.4,,ft,Approved,,2025-03-11T19:58:39.236615+00:00,1c1f4ede2bf642baa8a05a837c4f58ea
2016-06-04,699.36,,ft,Approved,,2025-03-11T19:58:39.236615+00:00,1c1f4ede2bf642baa8a05a837c4f58ea
2016-06-05,699.3,,ft,Approved,,2025-03-11T19:58:39.236615+00:00,1c1f4ede2bf642baa8a05a837c4f58ea
2016-06-06,699.24,,ft,Approved,,2025-03-11T19:58:39.236615+00:00,1c1f4ede2bf642baa8a05a837c4f58ea
2016-06-07,699.21,,ft,Approved,,2025-03-11T19:58:39.236615+00:00,1c1f4ede2bf642baa8a05a837c4f58ea
2016-06-08,699.18,,ft,Approved,,2025-03-11T19:58:39.236615+00:00,1c1f4ede2bf642baa8a05a837c4f58ea
2016-06-09,699.16,,ft,Approved,,2025-03-11T19:58:39.236615+00:00,1c1f4ede2bf642baa8a05a837c4f58ea
2016-06-10,699.14,,ft,Approved,,2025-03-11T19:58:39.236615+00:00,1c1f4ede2bf642baa8a05a837c4f58ea
2016-06-11,699.13,,ft,Approved,,2025-03-11T19:58:39.236615+00:00,1c1f4ede2bf642baa8a05a837c4f58ea
2016-06-12,699.11,,ft,Approved,,2025-03-11T19:58:39.236615+00:00,1c1f4ede2bf642baa8a05a837c4f58ea
2016-06-13,699.1,,ft,Approved,,2025-03-11T19:58:39.236615+00:00,1c1f4ede2bf642baa8a05a837c4f58ea
2016-06-14,699.09,,ft,Approved,,2025-03-11T19:58:39.236615+00:00,1c1f4ede2bf642baa8a05a837c4f58ea
2016-06-15,699.08,,ft,Approved,,2025-03-11T19:58:39.236615+00:00,1c1f4ede2bf642baa8a05a837c4f58ea
2016-06-16,699.06,,ft,Approved,,2025-03-11T19:58:39.236615+00:00,1c1f4ede2bf642baa8a05a837c4f58ea
2016-06-17,699.04,,ft,Approved,,2025-03-11T19:58:39.236615+00:00,1c1f4ede2bf642baa8a05a837c4f58ea
2016-06-18,699.03,,ft,Approved,,2025-03-11T19:58:39.236615+00:00,1c1f4ede2bf642baa8a05a837c4f58ea
2016-06-19,699.02,,ft,Approved,,2025-03-11T19:58:39.236615+00:00,1c1f4ede2bf642baa8a05a837c4f58ea
2016-06-20,699.02,,ft,Approved,,2025-03-11T19:58:39.236615+00:00,1c1f4ede2bf642baa8a05a837c4f58ea
2016-06-21,699.0,,ft,Approved,,2025-03-11T19:58:39.236615+00:00,1c1f4ede2bf642baa8a05a837c4f58ea
2016-06-22,698.99,,ft,Approved,,2025-03-11T19:58:39.236615+00:00,1c1f4ede2bf642baa8a05a837c4f58ea
2016-06-23,698.96,,ft,Approved,,2025-03-11T19:58:39.236615+00:00,1c1f4ede2bf642baa8a05a837c4f58ea
2016-06-24,698.94,,ft,Approved,,2025-03-11T19:58:39.236615+00:00,1c1f4ede2bf642baa8a05a837c4f58ea
2016-06-25,698.93,,ft,Approved,,2025-03-11T19:58:39.236615+00:00,1c1f4ede2bf642baa8a05a837c4f58ea
2016-06-26,698.92,,ft,Approved,,2025-03-11T19:58:39.236615+00:00,1c1f4ede2bf642baa8a05a837c4f58ea
2016-06-27,698.91,,ft,Approved,,2025-03-11T19:58:39.236615+00:00,1c1f4ede2bf642baa8a05a837c4f58ea
2016-06-28,698.98,,ft,Approved,,2025-03-11T19:58:39.236615+00:00,1c1f4ede2bf642baa8a05a837c4f58ea
2016-06-29,699.2,,ft,Approved,,2025-03-11T19:58:39.236615+00:00,1c1f4ede2bf642baa8a05a837c4f58ea
2016-06-30,699.15,,ft,Approved,,2025-03-11T19:58:39.236615+00:00,1c1f4ede2bf642baa8a05a837c4f58ea
2016-07-01,699.13,,ft,Approved,,2025-03-11T19:58:39.236615+00:00,1c1f4ede2bf642baa8a05a837c4f58ea
2016-07-02,699.1,,ft,Approved,,2025-03-11T19:58:39.236615+00:00,1c1f4ede2bf642baa8a05a837c4f58ea
2016-07-03,699.07,,ft,Approved,,2025-03-11T19:58:39.236615+00:00,1c1f4ede2bf642baa8a05a837c4f58ea
2016-07-04,699.05,,ft,Approved,,2025-03-11T19:58:39.236615+00:00,1c1f4ede2bf642baa8a05a837c4f58ea
2016-07-05,699.03,,ft,Approved,,2025-03-11T19:58:39.236615+00:00,1c1f4ede2bf642baa8a05a837c4f58ea
2016-07-06,699.0,,ft,Approved,,2025-03-11T19:58:39.236615+00:00,1c1f4ede2bf642baa8a05a837c4f58ea
2016-07-07,698.98,,ft,Approved,,2025-03-11T19:58:39.236615+00:00,1c1f4ede2bf642baa8a05a837c4f58ea
2016-07-08,698.95,,ft,Approved,,2025-03-11T19:58:39.236615+00:00,1c1f4ede2bf642baa8a05a837c4f58ea
2016-07-09,698.93,,ft,Approved,,2025-03-11T19:58:39.236615+00:00,1c1f4ede2bf642baa8a05a837c4f58ea
2016-07-10,698.91,,ft,Approved,,2025-03-11T19:58:39.236615+00:00,1c1f4ede2bf642baa8a05a837c4f58ea
2016-07-11,698.89,,ft,Approved,,2025-03-11T19:58:39.236615+00:00,1c1f4ede2bf642baa8a05a837c4f58ea
2016-07-12,698.86,,ft,Approved,,2025-03-11T19:58:39.236615+00:00,1c1f4ede2bf642baa8a05a837c4f58ea
2016-07-13,698.83,,ft,Approved,,2025-03-11T19:58:39.236615+00:00,1c1f4ede2bf642baa8a05a837c4f58ea
2016-07-14,698.81,,ft,Approved,,2025-03-11T19:58:39.236615+00:00,1c1f4ede2bf642baa8a05a837c4f58ea
2016-07-15,698.79,,ft,Approved,,2025-03-11T19:58:39.236615+00:00,1c1f4ede2bf642baa8a05a837c4f58ea
2016-07-16,698.76,,ft,Approved,,2025-03-11T19:58:39.236615+00:00,1c1f4ede2bf642baa8a05a837c4f58ea
2016-07-17,698.74,,ft,Approved,,2025-03-11T19:58:39.236615+00:00,1c1f4ede2bf642baa8a05a837c4f58ea
2016-07-18,698.72,,ft,Approved,,2025-03-11T19:58:39.236615+00:00,1c1f4ede2bf642baa8a05a837c4f58ea
2016-07-19,698.7,,ft,Approved,,2025-03-11T19:58:39.236615+00:00,1c1f4ede2bf642baa8a05a837c4f58ea
2016-07-20,698.68,,ft,Approved,,2025-03-11T19:58:39.236615+00:00,1c1f4ede2bf642baa8a05a837c4f58ea
2016-07-21,698.66,,ft,Approved,,2025-03-11T19:58:39.236615+00:00,1c1f4ede2bf642baa8a05a837c4f58ea
2016-07-22,698.64,,ft,Approved,,2025-03-11T19:58:39.236615+00:00,1c1f4ede2bf642baa8a05a837c4f58ea
2016-07-23,698.61,,ft,Approved,,2025-03-11T19:58:39.236615+00:00,1c1f4ede2bf642baa8a05a837c4f58ea
2016-07-24,698.59,,ft,Approved,,2025-03-11T19:58:39.236615+00:00,1c1f4ede2bf642baa8a05a837c4f58ea
2016-07-25,698.58,,ft,Approved,,2025-03-11T19:58:39.236615+00:00,1c1f4ede2bf642baa8a05a837c4f58ea
2016-07-26,698.64,,ft,Approved,,2025-03-11T19:58:39.236615+00:00,1c1f4ede2bf642baa8a05a837c4f58ea
2016-07-27,698.63,,ft,Approved,,2025-03-11T19:58:39.236615+00:00,1c1f4ede2bf642baa8a05a837c4f58ea
2016-07-28,698.6,,ft,Approved,,2025-03-11T19:58:39.236615+00:00,1c1f4ede2bf642baa8a05a837c4f58ea
2016-07-29,698.57,,ft,Approved,,2025-03-11T19:58:39.236615+00:00,1c1f4ede2bf642baa8a05a837c4f58ea
2016-07-30,698.54,,ft,Approved,,2025-03-11T19:58:39.236615+00:00,1c1f4ede2bf642baa8a05a837c4f58ea
2016-07-31,698.51,,ft,Approved,,2025-03-11T19:58:39.236615+00:00,1c1f4ede2bf642baa8a05a837c4f58ea
2016-08-01,698.47,,ft,Approved,,2025-03-11T19:58:39.236615+00:00,1c1f4ede2bf642baa8a05a837c4f58ea
2016-08-02,698.44,,ft,Approved,,2025-03-11T19:58:39.236615+00:00,1c1f4ede2bf642baa8a05a837c4f58ea
2016-08-03,698.41,,ft,Approved,,2025-03-11T19:58:39.236615+00:00,1c1f4ede2bf642baa8a05a837c4f58ea
2016-08-04,698.39,,ft,Approved,,2025-03-11T19:58:39.236615+00:00,1c1f4ede2bf642baa8a05a837c4f58ea
2016-08-05,698.38,,ft,Approved,,2025-03-11T19:58:39.236615+00:00,1c1f4ede2bf642baa8a05a837c4f58ea
2016-08-06,698.37,,ft,Approved,,2025-03-11T19:58:39.236615+00:00,1c1f4ede2bf642baa8a05a837c4f58ea
2016-08-07,698.36,,ft,Approved,,2025-03-11T19:58:39.236615+00:00,1c1f4ede2bf642baa8a05a837c4f58ea
2016-08-08,698.34,,ft,Approved,,2025-03-11T19:58:39.236615+00:00,1c1f4ede2bf642baa8a05a837c4f58ea
2016-08-09,698.33,,ft,Approved,,2025-03-11T19:58:39.236615+00:00,1c1f4ede2bf642baa8a05a837c4f58ea
2016-08-10,698.32,,ft,Approved,,2025-03-11T19:58:39.236615+00:00,1c1f4ede2bf642baa8a05a837c4f58ea
2016-08-11,698.31,,ft,Approved,,2025-03-11T19:58:39.236615+00:00,1c1f4ede2bf642baa8a05a837c4f58ea
2016-08-12,698.3,,ft,Approved,,2025-03-11T19:58:39.236615+00:00,1c1f4ede2bf642baa8a05a837c4f58ea
2016-08-13,698.3,,ft,Approved,,2025-03-11T19:58:39.236615+00:00,1c1f4ede2bf642baa8a05a837c4f58ea
2016-08-14,698.32,,ft,Approved,,2025-03-11T19:58:39.236615+00:00,1c1f4ede2bf642baa8a05a837c4f58ea
2016-08-15,698.42,,ft,Approved,,2025-03-11T19:58:39.236615+00:00,1c1f4ede2bf642baa8a05a837c4f58ea
2016-08-16,698.59,,ft,Approved,,2025-03-11T19:58:39.236615+00:00,1c1f4ede2bf642baa8a05a837c4f58ea
2016-08-17,698.9,,ft,Approved,,2025-03-11T19:58:39.236615+00:00,1c1f4ede2bf642baa8a05a837c4f58ea
2016-08-18,698.97,,ft,Approved,,2025-03-11T19:58:39.236615+00:00,1c1f4ede2bf642baa8a05a837c4f58ea
2016-08-19,698.98,,ft,Approved,,2025-03-11T19:58:39.236615+00:00,1c1f4ede2bf642baa8a05a837c4f58ea
2016-08-20,698.99,,ft,Approved,,2025-03-11T19:58:39.236615+00:00,1c1f4ede2bf642baa8a05a837c4f58ea
2016-08-21,699.28,,ft,Approved,,2025-03-11T19:58:39.236615+00:00,1c1f4ede2bf642baa8a05a837c4f58ea
2016-08-22,699.28,,ft,Approved,,2025-03-11T19:58:39.236615+00:00,1c1f4ede2bf642baa8a05a837c4f58ea
2016-08-23,699.22,,ft,Approved,,2025-03-11T19:58:39.236615+00:00,1c1f4ede2bf642baa8a05a837c4f58ea
2016-08-24,699.18,,ft,Approved,,2025-03-11T19:58:39.236615+00:00,1c1f4ede2bf642baa8a05a837c4f58ea
2016-08-25,699.14,,ft,Approved,,2025-03-11T19:58:39.236615+00:00,1c1f4ede2bf642baa8a05a837c4f58ea
2016-08-26,699.13,,ft,Approved,,2025-03-11T19:58:39.236615+00:00,1c1f4ede2bf642baa8a05a837c4f58ea
2016-08-27,699.12,,ft,Approved,,2025-03-11T19:58:39.236615+00:00,1c1f4ede2bf642baa8a05a837c4f58ea
2016-08-28,699.1,,ft,Approved,,2025-03-11T19:58:39.236615+00:00,1c1f4ede2bf642baa8a05a837c4f58ea
2016-08-29,699.09,,ft,Approved,,2025-03-11T19:58:39.236615+00:00,1c1f4ede2bf642baa8a05a837c4f58ea
2016-08-30,699.12,,ft,Approved,,2025-03-11T19:58:39.236615+00:00,1c1f4ede2bf642baa8a05a837c4f58ea
2016-08-31,699.11,,ft,Approved,,2025-03-11T19:58:39.236615+00:00,1c1f4ede2bf642baa8a05a837c4f58ea
2016-09-01,699.09,,ft,Approved,,2025-03-11T19:58:39.236615+00:00,1c1f4ede2bf642baa8a05a837c4f58ea
2016-09-02,699.07,,ft,Approved,,2025-03-11T19:58:39.236615+00:00,1c1f4ede2bf642baa8a05a837c4f58ea
2016-09-03,699.06,,ft,Approved,,2025-03-11T19:58:39.236615+00:00,1c1f4ede2bf642baa8a05a837c4f58ea
2016-09-04,699.09,,ft,Approved,,2025-03-11T19:58:39.236615+00:00,1c1f4ede2bf642baa8a05a837c4f58ea
2016-09-05,699.31,,ft,Approved,,2025-03-11T19:58:39.236615+00:00,1c1f4ede2bf642baa8a05a837c4f58ea
2016-09-06,699.21,,ft,Approved,,2025-03-11T19:58:39.236615+00:00,1c1f4ede2bf642baa8a05a837c4f58ea
2016-09-07,699.16,,ft,Approved,,2025-03-11T19:58:39.236615+00:00,1c1f4ede2bf642baa8a05a837c4f58ea
2016-09-08,699.13,,ft,Approved,,2025-03-11T19:58:39.236615+00:00,1c1f4ede2bf642baa8a05a837c4f58ea
2016-09-09,699.1,,ft,Approved,,2025-03-11T19:58:39.236615+00:00,1c1f4ede2bf642baa8a05a837c4f58ea
2016-09-10,699.08,,ft,Approved,,2025-03-11T19:58:39.236615+00:00,1c1f4ede2bf642baa8a05a837c4f58ea
2016-09-11,699.05,,ft,Approved,,2025-03-11T19:58:39.236615+00:00,1c1f4ede2bf642baa8a05a837c4f58ea
2016-09-12,699.03,,ft,Approved,,2025-03-11T19:58:39.236615+00:00,1c1f4ede2bf642baa8a05a837c4f58ea
2016-09-13,699.02,,ft,Approved,,2025-03-11T19:58:39.236615+00:00,1c1f4ede2bf642baa8a05a837c4f58ea
2016-09-14,699.0,,ft,Approved,,2025-03-11T19:58:39.236615+00:00,1c1f4ede2bf642baa8a05a837c4f58ea
2016-09-15,698.98,,ft,Approved,,2025-03-11T19:58:39.236615+00:00,1c1f4ede2bf642baa8a05a837c4f58ea
2016-09-16,698.97,,ft,Approved,,2025-03-11T19:58:39.236615+00:00,1c1f4ede2bf642baa8a05a837c4f58ea
2016-09-17,698.95,,ft,Approved,,2025-03-11T19:58:39.236615+00:00,1c1f4ede2bf642baa8a05a837c4f58ea
2016-09-18,698.93,,ft,Approved,,2025-03-11T19:58:39.236615+00:00,1c1f4ede2bf642baa8a05a837c4f58ea
2016-09-19,698.91,,ft,Approved,,2025-03-11T19:58:39.236615+00:00,1c1f4ede2bf642baa8a05a837c4f58ea
2016-09-20,698.89,,ft,Approved,,2025-03-11T19:58:39.236615+00:00,1c1f4ede2bf642baa8a05a837c4f58ea
2016-09-21,698.87,,ft,Approved,,2025-03-11T19:58:39.236615+00:00,1c1f4ede2bf642baa8a05a837c4f58ea
2016-09-22,698.84,,ft,Approved,,2025-03-11T19:58:39.236615+00:00,1c1f4ede2bf642baa8a05a837c4f58ea
2016-09-23,698.82,,ft,Approved,,2025-03-11T19:58:39.236615+00:00,1c1f4ede2bf642baa8a05a837c4f58ea
2016-09-24,698.8,,ft,Approved,,2025-03-11T19:58:39.236615+00:00,1c1f4ede2bf642baa8a05a837c4f58ea
2016-09-25,698.83,,ft,Approved,,2025-03-11T19:58:39.236615+00:00,1c1f4ede2bf642baa8a05a837c4f58ea
2016-09-26,698.93,,ft,Approved,,2025-03-11T19:58:39.236615+00:00,1c1f4ede2bf642baa8a05a837c4f58ea
2016-09-27,698.92,,ft,Approved,,2025-03-11T19:58:39.236615+00:00,1c1f4ede2bf642baa8a05a837c4f58ea
2016-09-28,698.9,,ft,Approved,,2025-03-11T19:58:39.236615+00:00,1c1f4ede2bf642baa8a05a837c4f58ea
2016-09-29,698.89,,ft,Approved,,2025-03-11T19:58:39.236615+00:00,1c1f4ede2bf642baa8a05a837c4f58ea
2016-09-30,698.86,,ft,Approved,,2025-03-11T19:58:39.236615+00:00,1c1f4ede2bf642baa8a05a837c4f58ea
2016-10-01,698.84,,ft,Approved,,2025-03-11T19:58:39.236615+00:00,1c1f4ede2bf642baa8a05a837c4f58ea
2016-10-02,698.83,,ft,Approved,,2025-03-11T19:58:39.236615+00:00,1c1f4ede2bf642baa8a05a837c4f58ea
2016-10-03,698.82,,ft,Approved,,2025-03-11T19:58:39.236615+00:00,1c1f4ede2bf642baa8a05a837c4f58ea
2016-10-04,698.81,,ft,Approved,,2025-03-11T19:58:39.236615+00:00,1c1f4ede2bf642baa8a05a837c4f58ea
2016-10-05,698.8,,ft,Approved,,2025-03-11T19:58:39.236615+00:00,1c1f4ede2bf642baa8a05a837c4f58ea
2016-10-06,698.78,,ft,Approved,,2025-03-11T19:58:39.236615+00:00,1c1f4ede2bf642baa8a05a837c4f58ea
2016-10-07,698.76,,ft,Approved,,2025-03-11T19:58:39.236615+00:00,1c1f4ede2bf642baa8a05a837c4f58ea
2016-10-08,698.73,,ft,Approved,,2025-03-11T19:58:39.236615+00:00,1c1f4ede2bf642baa8a05a837c4f58ea
2016-10-09,698.7,,ft,Approved,,2025-03-11T19:58:39.236615+00:00,1c1f4ede2bf642baa8a05a837c4f58ea
2016-10-10,698.68,,ft,Approved,,2025-03-11T19:58:39.236615+00:00,1c1f4ede2bf642baa8a05a837c4f58ea
2016-10-11,698.66,,ft,Approved,,2025-03-11T19:58:39.236615+00:00,1c1f4ede2bf642baa8a05a837c4f58ea
2016-10-12,698.65,,ft,Approved,,2025-03-11T19:58:39.236615+00:00,1c1f4ede2bf642baa8a05a837c4f58ea
2016-10-13,698.63,,ft,Approved,,2025-03-11T19:58:39.236615+00:00,1c1f4ede2bf642baa8a05a837c4f58ea
2016-10-14,698.65,,ft,Approved,,2025-03-11T19:58:39.236615+00:00,1c1f4ede2bf642baa8a05a837c4f58ea
2016-10-15,698.65,,ft,Approved,,2025-03-11T19:58:39.236615+00:00,1c1f4ede2bf642baa8a05a837c4f58ea
2016-10-16,698.63,,ft,Approved,,2025-03-11T19:58:39.236615+00:00,1c1f4ede2bf642baa8a05a837c4f58ea
2016-10-17,698.62,,ft,Approved,,2025-03-11T19:58:39.236615+00:00,1c1f4ede2bf642baa8a05a837c4f58ea
2016-10-18,698.6,,ft,Approved,,2025-03-11T19:58:39.236615+00:00,1c1f4ede2bf642baa8a05a837c4f58ea
2016-10-19,698.58,,ft,Approved,,2025-03-11T19:58:39.236615+00:00,1c1f4ede2bf642baa8a05a837c4f58ea
2016-10-20,698.55,,ft,Approved,,2025-03-11T19:58:39.236615+00:00,1c1f4ede2bf642baa8a05a837c4f58ea
2016-10-21,698.51,,ft,Approved,,2025-03-11T19:58:39.236615+00:00,1c1f4ede2bf642baa8a05a837c4f58ea
2016-10-22,698.49,,ft,Approved,,2025-03-11T19:58:39.236615+00:00,1c1f4ede2bf642baa8a05a837c4f58ea
2016-10-23,698.47,,ft,Approved,,2025-03-11T19:58:39.236615+00:00,1c1f4ede2bf642baa8a05a837c4f58ea
2016-10-24,698.46,,ft,Approved,,2025-03-11T19:58:39.236615+00:00,1c1f4ede2bf642baa8a05a837c4f58ea
2016-10-25,698.45,,ft,Approved,,2025-03-11T19:58:39.236615+00:00,1c1f4ede2bf642baa8a05a837c4f58ea
2016-10-26,698.44,,ft,Approved,,2025-03-11T19:58:39.236615+00:00,1c1f4ede2bf642baa8a05a837c4f58ea
2016-10-27,698.43,,ft,Approved,,2025-03-11T19:58:39.236615+00:00,1c1f4ede2bf642baa8a05a837c4f58ea
2016-10-28,698.41,,ft,Approved,,2025-03-11T19:58:39.236615+00:00,1c1f4ede2bf642baa8a05a837c4f58ea
2016-10-29,698.4,,ft,Approved,,2025-03-11T19:58:39.236615+00:00,1c1f4ede2bf642baa8a05a837c4f58ea
2016-10-30,698.39,,ft,Approved,,2025-03-11T19:58:39.236615+00:00,1c1f4ede2bf642baa8a05a837c4f58ea
2016-10-31,698.37,,ft,Approved,,2025-03-11T19:58:39.236615+00:00,1c1f4ede2bf642baa8a05a837c4f58ea
2016-11-01,698.36,,ft,Approved,,2025-03-11T19:58:39.236615+00:00,1c1f4ede2bf642baa8a05a837c4f58ea
2016-11-02,698.35,,ft,Approved,,2025-03-11T19:58:39.236615+00:00,1c1f4ede2bf642baa8a05a837c4f58ea
2016-11-03,698.36,,ft,Approved,,2025-03-11T19:58:39.236615+00:00,1c1f4ede2bf642baa8a05a837c4f58ea
2016-11-04,698.42,,ft,Approved,,2025-03-11T19:58:39.236615+00:00,1c1f4ede2bf642baa8a05a837c4f58ea
2016-11-05,698.45,,ft,Approved,,2025-03-11T19:58:39.236615+00:00,1c1f4ede2bf642baa8a05a837c4f58ea
2016-11-06,698.48,,ft,Approved,,2025-03-11T19:58:39.236615+00:00,1c1f4ede2bf642baa8a05a837c4f58ea
2016-11-07,698.56,,ft,Approved,,2025-03-11T19:58:39.236615+00:00,1c1f4ede2bf642baa8a05a837c4f58ea
2016-11-08,698.67,,ft,Approved,,2025-03-11T19:58:39.236615+00:00,1c1f4ede2bf642baa8a05a837c4f58ea
2016-11-09,698.79,,ft,Approved,,2025-03-11T19:58:39.236615+00:00,1c1f4ede2bf642baa8a05a837c4f58ea
2016-11-10,698.81,,ft,Approved,,2025-03-11T19:58:39.236615+00:00,1c1f4ede2bf642baa8a05a837c4f58ea
2016-11-11,698.82,,ft,Approved,,2025-03-11T19:58:39.236615+00:00,1c1f4ede2bf642baa8a05a837c4f58ea
2016-11-12,698.82,,ft,Approved,,2025-03-11T19:58:39.236615+00:00,1c1f4ede2bf642baa8a05a837c4f58ea
2016-11-13,698.82,,ft,Approved,,2025-03-11T19:58:39.236615+00:00,1c1f4ede2bf642baa8a05a837c4f58ea
2016-11-14,698.82,,ft,Approved,,2025-03-11T19:58:39.236615+00:00,1c1f4ede2bf642baa8a05a837c4f58ea
2016-11-15,698.82,,ft,Approved,,2025-03-11T19:58:39.236615+00:00,1c1f4ede2bf642baa8a05a837c4f58ea
2016-11-16,698.81,,ft,Approved,,2025-03-11T19:58:39.236615+00:00,1c1f4ede2bf642baa8a05a837c4f58ea
2016-11-17,698.8,,ft,Approved,,2025-03-11T19:58:39.236615+00:00,1c1f4ede2bf642baa8a05a837c4f58ea
2016-11-18,698.78,,ft,Approved,,2025-03-11T19:58:39.236615+00:00,1c1f4ede2bf642baa8a05a837c4f58ea
2016-11-19,698.75,,ft,Approved,,2025-03-11T19:58:39.236615+00:00,1c1f4ede2bf642baa8a05a837c4f58ea
2016-11-20,698.73,,ft,Approved,,2025-03-11T19:58:39.236615+00:00,1c1f4ede2bf642baa8a05a837c4f58ea
2016-11-21,698.72,,ft,Approved,,2025-03-11T19:58:39.236615+00:00,1c1f4ede2bf642baa8a05a837c4f58ea
2016-11-22,698.72,,ft,Approved,,2025-03-11T19:58:39.236615+00:00,1c1f4ede2bf642baa8a05a837c4f58ea
2016-11-23,698.77,,ft,Approved,,2025-03-11T19:58:39.236615+00:00,1c1f4ede2bf642baa8a05a837c4f58ea
2016-11-24,698.78,,ft,Approved,,2025-03-11T19:58:39.236615+00:00,1c1f4ede2bf642baa8a05a837c4f58ea
2016-11-25,698.78,,ft,Approved,,2025-03-11T19:58:39.236615+00:00,1c1f4ede2bf642baa8a05a837c4f58ea
2016-11-26,698.77,,ft,Approved,,2025-03-11T19:58:39.236615+00:00,1c1f4ede2bf642baa8a05a837c4f58ea
2016-11-27,698.77,,ft,Approved,,2025-03-11T19:58:39.236615+00:00,1c1f4ede2bf642baa8a05a837c4f58ea
2016-11-28,698.77,,ft,Approved,,2025-03-11T19:58:39.236615+00:00,1c1f4ede2bf642baa8a05a837c4f58ea
2016-11-29,698.75,,ft,Approved,,2025-03-11T19:58:39.236615+00:00,1c1f4ede2bf642baa8a05a837c4f58ea
2016-11-30,698.73,,ft,Approved,,2025-03-11T19:58:39.236615+00:00,1c1f4ede2bf642baa8a05a837c4f58ea
2016-12-01,698.71,,ft,Approved,,2025-03-11T19:58:39.236615+00:00,1c1f4ede2bf642baa8a05a837c4f58ea
2016-12-02,698.71,,ft,Approved,,2025-03-11T19:58:39.236615+00:00,1c1f4ede2bf642baa8a05a837c4f58ea
2016-12-03,698.83,,ft,Approved,,2025-03-11T19:58:39.236615+00:00,1c1f4ede2bf642baa8a05a837c4f58ea
2016-12-04,698.96,,ft,Approved,,2025-03-11T19:58:39.236615+00:00,1c1f4ede2bf642baa8a05a837c4f58ea
2016-12-05,699.09,,ft,Approved,,2025-03-11T19:58:39.236615+00:00,1c1f4ede2bf642baa8a05a837c4f58ea
2016-12-06,699.17,,ft,Approved,,2025-03-11T19:58:39.236615+00:00,1c1f4ede2bf642baa8a05a837c4f58ea
2016-12-07,699.17,,ft,Approved,,2025-03-11T19:58:39.236615+00:00,1c1f4ede2bf642baa8a05a837c4f58ea
2016-12-08,699.14,,ft,Approved,,2025-03-11T19:58:39.236615+00:00,1c1f4ede2bf642baa8a05a837c4f58ea
2016-12-09,699.11,,ft,Approved,,2025-03-11T19:58:39.236615+00:00,1c1f4ede2bf642baa8a05a837c4f58ea
2016-12-10,699.12,,ft,Approved,,2025-03-11T19:58:39.236615+00:00,1c1f4ede2bf642baa8a05a837c4f58ea
2016-12-11,699.13,,ft,Approved,,2025-03-11T19:58:39.236615+00:00,1c1f4ede2bf642baa8a05a837c4f58ea
2016-12-12,699.14,,ft,Approved,,2025-03-11T19:58:39.236615+00:00,1c1f4ede2bf642baa8a05a837c4f58ea
2016-12-13,699.14,,ft,Approved,,2025-03-11T19:58:39.236615+00:00,1c1f4ede2bf642baa8a05a837c4f58ea
2016-12-14,699.13,,ft,Approved,,2025-03-11T19:58:39.236615+00:00,1c1f4ede2bf642baa8a05a837c4f58ea
2016-12-15,699.12,,ft,Approved,,2025-03-11T19:58:39.236615+00:00,1c1f4ede2bf642baa8a05a837c4f58ea
2016-12-16,699.12,,ft,Approved,,2025-03-11T19:58:39.236615+00:00,1c1f4ede2bf642baa8a05a837c4f58ea
2016-12-17,699.13,,ft,Approved,,2025-03-11T19:58:39.236615+00:00,1c1f4ede2bf642baa8a05a837c4f58ea
2016-12-18,699.06,,ft,Approved,,2025-03-11T19:58:39.236615+00:00,1c1f4ede2bf642baa8a05a837c4f58ea
2016-12-19,699.04,,ft,Approved,,2025-03-11T19:58:39.236615+00:00,1c1f4ede2bf642baa8a05a837c4f58ea
2016-12-20,699.04,,ft,Approved,,2025-03-11T19:58:39.236615+00:00,1c1f4ede2bf642baa8a05a837c4f58ea
2016-12-21,699.04,,ft,Approved,,2025-03-11T19:58:39.236615+00:00,1c1f4ede2bf642baa8a05a837c4f58ea
2016-12-22,699.03,,ft,Approved,,2025-03-11T19:58:39.236615+00:00,1c1f4ede2bf642baa8a05a837c4f58ea
2016-12-23,699.04,,ft,Approved,,2025-03-11T19:58:39.236615+00:00,1c1f4ede2bf642baa8a05a837c4f58ea
2016-12-24,699.06,,ft,Approved,,2025-03-11T19:58:39.236615+00:00,1c1f4ede2bf642baa8a05a837c4f58ea
2016-12-25,699.08,,ft,Approved,,2025-03-11T19:58:39.236615+00:00,1c1f4ede2bf642baa8a05a837c4f58ea
2016-12-26,699.09,,ft,Approved,,2025-03-11T19:58:39.236615+00:00,1c1f4ede2bf642baa8a05a837c4f58ea
2016-12-27,699.08,,ft,Approved,,2025-03-11T19:58:39.236615+00:00,1c1f4ede2bf642baa8a05a837c4f58ea
2016-12-28,699.08,,ft,Approved,,2025-03-11T19:58:39.236615+00:00,1c1f4ede2bf642baa8a05a837c4f58ea
2016-12-29,699.05,,ft,Approved,,2025-03-11T19:58:39.236615+00:00,1c1f4ede2bf642baa8a05a837c4f58ea
2016-12-30,699.02,,ft,Approved,,2025-03-11T19:58:39.236615+00:00,1c1f4ede2bf642baa8a05a837c4f58ea
2016-12-31,699.02,,ft,Approved,,2025-03-11T19:58:39.236615+00:00,1c1f4ede2bf642baa8a05a837c4f58ea
2017-01-01,699.02,,ft,Approved,,2025-03-11T19:58:39.236615+00:00,1c1f4ede2bf642baa8a05a837c4f58ea
2017-01-02,699.06,,ft,Approved,,2025-03-11T19:58:39.236615+00:00,1c1f4ede2bf642baa8a05a837c4f58ea
2017-01-03,699.06,,ft,Approved,,2025-03-11T19:58:39.236615+00:00,1c1f4ede2bf642baa8a05a837c4f58ea
2017-01-04,699.04,,ft,Approved,,2025-03-11T19:58:39.236615+00:00,1c1f4ede2bf642baa8a05a837c4f58ea
2017-01-05,699.03,,ft,Approved,,2025-03-11T19:58:39.236615+00:00,1c1f4ede2bf642baa8a05a837c4f58ea
2017-01-06,699.0,,ft,Approved,,2025-03-11T19:58:39.236615+00:00,1c1f4ede2bf642baa8a05a837c4f58ea
2017-01-07,698.97,,ft,Approved,,2025-03-11T19:58:39.236615+00:00,1c1f4ede2bf642baa8a05a837c4f58ea
2017-01-08,698.96,,ft,Approved,,2025-03-11T19:58:39.236615+00:00,1c1f4ede2bf642baa8a05a837c4f58ea
2017-01-09,698.97,,ft,Approved,,2025-03-11T19:58:39.236615+00:00,1c1f4ede2bf642baa8a05a837c4f58ea
2017-01-10,698.98,,ft,Approved,,2025-03-11T19:58:39.236615+00:00,1c1f4ede2bf642baa8a05a837c4f58ea
2017-01-11,698.99,,ft,Approved,,2025-03-11T19:58:39.236615+00:00,1c1f4ede2bf642baa8a05a837c4f58ea
2017-01-12,699.0,,ft,Approved,,2025-03-11T19:58:39.236615+00:00,1c1f4ede2bf642baa8a05a837c4f58ea
2017-01-13,699.02,,ft,Approved,,2025-03-11T19:58:39.236615+00:00,1c1f4ede2bf642baa8a05a837c4f58ea
2017-01-14,699.03,,ft,Approved,,2025-03-11T19:58:39.236615+00:00,1c1f4ede2bf642baa8a05a837c4f58ea
2017-01-15,699.04,,ft,Approved,,2025-03-11T19:58:39.236615+00:00,1c1f4ede2bf642baa8a05a837c4f58ea
2017-01-16,699.13,,ft,Approved,,2025-03-11T19:58:39.236615+00:00,1c1f4ede2bf642baa8a05a837c4f58ea
2017-01-17,699.18,,ft,Approved,,2025-03-11T19:58:39.236615+00:00,1c1f4ede2bf642baa8a05a837c4f58ea
2017-01-18,699.64,,ft,Approved,,2025-03-11T19:58:39.236615+00:00,1c1f4ede2bf642baa8a05a837c4f58ea
2017-01-19,699.45,,ft,Approved,,2025-03-11T19:58:39.236615+00:00,1c1f4ede2bf642baa8a05a837c4f58ea
2017-01-20,699.3,,ft,Approved,,2025-03-11T19:58:39.236615+00:00,1c1f4ede2bf642baa8a05a837c4f58ea
2017-01-21,699.24,,ft,Approved,,2025-03-11T19:58:39.236615+00:00,1c1f4ede2bf642baa8a05a837c4f58ea
2017-01-22,699.17,,ft,Approved,,2025-03-11T19:58:39.236615+00:00,1c1f4ede2bf642baa8a05a837c4f58ea
2017-01-23,699.14,,ft,Approved,,2025-03-11T19:58:39.236615+00:00,1c1f4ede2bf642baa8a05a837c4f58ea
2017-01-24,699.15,,ft,Approved,,2025-03-11T19:58:39.236615+00:00,1c1f4ede2bf642baa8a05a837c4f58ea
2017-01-25,699.14,,ft,Approved,,2025-03-11T19:58:39.236615+00:00,1c1f4ede2bf642baa8a05a837c4f58ea
2017-01-26,699.12,,ft,Approved,,2025-03-11T19:58:39.236615+00:00,1c1f4ede2bf642baa8a05a837c4f58ea
2017-01-27,699.11,,ft,Approved,,2025-03-11T19:58:39.236615+00:00,1c1f4ede2bf642baa8a05a837c4f58ea
2017-01-28,699.11,,ft,Approved,,2025-03-11T19:58:39.236615+00:00,1c1f4ede2bf642baa8a05a837c4f58ea
2017-01-29,699.1,,ft,Approved,,2025-03-11T19:58:39.236615+00:00,1c1f4ede2bf642baa8a05a837c4f58ea
2017-01-30,699.1,,ft,Approved,,2025-03-11T19:58:39.236615+00:00,1c1f4ede2bf642baa8a05a837c4f58ea
2017-01-31,699.1,,ft,Approved,,2025-03-11T19:58:39.236615+00:00,1c1f4ede2bf642baa8a05a837c4f58ea
2017-02-01,699.11,,ft,Approved,,2025-03-11T19:58:39.236615+00:00,1c1f4ede2bf642baa8a05a837c4f58ea
2017-02-02,699.1,,ft,Approved,,2025-03-11T19:58:39.236615+00:00,1c1f4ede2bf642baa8a05a837c4f58ea
2017-02-03,699.09,,ft,Approved,,2025-03-11T19:58:39.236615+00:00,1c1f4ede2bf642baa8a05a837c4f58ea
2017-02-04,699.08,,ft,Approved,,2025-03-11T19:58:39.236615+00:00,1c1f4ede2bf642baa8a05a837c4f58ea
2017-02-05,699.1,,ft,Approved,,2025-03-11T19:58:39.236615+00:00,1c1f4ede2bf642baa8a05a837c4f58ea
2017-02-06,699.12,,ft,Approved,,2025-03-11T19:58:39.236615+00:00,1c1f4ede2bf642baa8a05a837c4f58ea
2017-02-07,699.12,,ft,Approved,,2025-03-11T19:58:39.236615+00:00,1c1f4ede2bf642baa8a05a837c4f58ea
2017-02-08,699.11,,ft,Approved,,2025-03-11T19:58:39.236615+00:00,1c1f4ede2bf642baa8a05a837c4f58ea
2017-02-09,699.09,,ft,Approved,,2025-03-11T19:58:39.236615+00:00,1c1f4ede2bf642baa8a05a837c4f58ea
2017-02-10,699.08,,ft,Approved,,2025-03-11T19:58:39.236615+00:00,1c1f4ede2bf642baa8a05a837c4f58ea
2017-02-11,699.1,,ft,Approved,,2025-03-11T19:58:39.236615+00:00,1c1f4ede2bf642baa8a05a837c4f58ea
2017-02-12,699.1,,ft,Approved,,2025-03-11T19:58:39.236615+00:00,1c1f4ede2bf642baa8a05a837c4f58ea
2017-02-13,699.09,,ft,Approved,,2025-03-11T19:58:39.236615+00:00,1c1f4ede2bf642baa8a05a837c4f58ea
2017-02-14,699.17,,ft,Approved,,2025-03-11T19:58:39.236615+00:00,1c1f4ede2bf642baa8a05a837c4f58ea
2017-02-15,699.15,,ft,Approved,,2025-03-11T19:58:39.236615+00:00,1c1f4ede2bf642baa8a05a837c4f58ea
2017-02-16,699.13,,ft,Approved,,2025-03-11T19:58:39.236615+00:00,1c1f4ede2bf642baa8a05a837c4f58ea
2017-02-17,699.13,,ft,Approved,,2025-03-11T19:58:39.236615+00:00,1c1f4ede2bf642baa8a05a837c4f58ea
2017-02-18,699.13,,ft,Approved,,2025-03-11T19:58:39.236615+00:00,1c1f4ede2bf642baa8a05a837c4f58ea
2017-02-19,699.13,,ft,Approved,,2025-03-11T19:58:39.236615+00:00,1c1f4ede2bf642baa8a05a837c4f58ea
2017-02-20,699.35,,ft,Approved,,2025-03-11T19:58:39.236615+00:00,1c1f4ede2bf642baa8a05a837c4f58ea
2017-02-21,699.27,,ft,Approved,,2025-03-11T19:58:39.236615+00:00,1c1f4ede2bf642baa8a05a837c4f58ea
2017-02-22,699.21,,ft,Approved,,2025-03-11T19:58:39.236615+00:00,1c1f4ede2bf642baa8a05a837c4f58ea
2017-02-23,699.18,,ft,Approved,,2025-03-11T19:58:39.236615+00:00,1c1f4ede2bf642baa8a05a837c4f58ea
2017-02-24,699.16,,ft,Approved,,2025-03-11T19:58:39.236615+00:00,1c1f4ede2bf642baa8a05a837c4f58ea
2017-02-25,699.13,,ft,Approved,,2025-03-11T19:58:39.236615+00:00,1c1f4ede2bf642baa8a05a837c4f58ea
2017-02-26,699.13,,ft,Approved,,2025-03-11T19:58:39.236615+00:00,1c1f4ede2bf642baa8a05a837c4f58ea
2017-02-27,699.14,,ft,Approved,,2025-03-11T19:58:39.236615+00:00,1c1f4ede2bf642baa8a05a837c4f58ea
2017-02-28,699.15,,ft,Approved,,2025-03-11T19:58:39.236615+00:00,1c1f4ede2bf642baa8a05a837c4f58ea
2017-03-01,699.13,,ft,Approved,,2025-03-11T19:58:39.236615+00:00,1c1f4ede2bf642baa8a05a837c4f58ea
2017-03-02,699.1,,ft,Approved,,2025-03-11T19:58:39.236615+00:00,1c1f4ede2bf642baa8a05a837c4f58ea
2017-03-03,699.09,,ft,Approved,,2025-03-11T19:58:39.236615+00:00,1c1f4ede2bf642baa8a05a837c4f58ea
2017-03-04,699.13,,ft,Approved,,2025-03-11T19:58:39.236615+00:00,1c1f4ede2bf642baa8a05a837c4f58ea
2017-03-05,699.22,,ft,Approved,,2025-03-11T19:58:39.236615+00:00,1c1f4ede2bf642baa8a05a837c4f58ea
2017-03-06,699.22,,ft,Approved,,2025-03-11T19:58:39.236615+00:00,1c1f4ede2bf642baa8a05a837c4f58ea
2017-03-07,699.18,,ft,Approved,,2025-03-11T19:58:39.236615+00:00,1c1f4ede2bf642baa8a05a837c4f58ea
2017-03-08,699.14,,ft,Approved,,2025-03-11T19:58:39.236615+00:00,1c1f4ede2bf642baa8a05a837c4f58ea
2017-03-09,699.14,,ft,Approved,,2025-03-11T19:58:39.236615+00:00,1c1f4ede2bf642baa8a05a837c4f58ea
2017-03-10,699.14,,ft,Approved,,2025-03-11T19:58:39.236615+00:00,1c1f4ede2bf642baa8a05a837c4f58ea
2017-03-11,699.18,,ft,Approved,,2025-03-11T19:58:39.236615+00:00,1c1f4ede2bf642baa8a05a837c4f58ea
2017-03-12,699.3,,ft,Approved,,2025-03-11T19:58:39.236615+00:00,1c1f4ede2bf642baa8a05a837c4f58ea
2017-03-13,699.24,,ft,Approved,,2025-03-11T19:58:39.236615+00:00,1c1f4ede2bf642baa8a05a837c4f58ea
2017-03-14,699.2,,ft,Approved,,2025-03-11T19:58:39.236615+00:00,1c1f4ede2bf642baa8a05a837c4f58ea
2017-03-15,699.18,,ft,Approved,,2025-03-11T19:58:39.236615+00:00,1c1f4ede2bf642baa8a05a837c4f58ea
2017-03-16,699.16,,ft,Approved,,2025-03-11T19:58:39.236615+00:00,1c1f4ede2bf642baa8a05a837c4f58ea
2017-03-17,699.15,,ft,Approved,,2025-03-11T19:58:39.236615+00:00,1c1f4ede2bf642baa8a05a837c4f58ea
2017-03-18,699.14,,ft,Approved,,2025-03-11T19:58:39.236615+00:00,1c1f4ede2bf642baa8a05a837c4f58ea
2017-03-19,699.13,,ft,Approved,,2025-03-11T19:58:39.236615+00:00,1c1f4ede2bf642baa8a05a837c4f58ea
2017-03-20,699.12,,ft,Approved,,2025-03-11T19:58:39.236615+00:00,1c1f4ede2bf642baa8a05a837c4f58ea
2017-03-21,699.11,,ft,Approved,,2025-03-11T19:58:39.236615+00:00,1c1f4ede2bf642baa8a05a837c4f58ea
2017-03-22,699.1,,ft,Approved,,2025-03-11T19:58:39.236615+00:00,1c1f4ede2bf642baa8a05a837c4f58ea
2017-03-23,699.1,,ft,Approved,,2025-03-11T19:58:39.236615+00:00,1c1f4ede2bf642baa8a05a837c4f58ea
2017-03-24,699.09,,ft,Approved,,2025-03-11T19:58:39.236615+00:00,1c1f4ede2bf642baa8a05a837c4f58ea
2017-03-25,699.09,,ft,Approved,,2025-03-11T19:58:39.236615+00:00,1c1f4ede2bf642baa8a05a837c4f58ea
2017-03-26,699.09,,ft,Approved,,2025-03-11T19:58:39.236615+00:00,1c1f4ede2bf642baa8a05a837c4f58ea
2017-03-27,699.09,,ft,Approved,,2025-03-11T19:58:39.236615+00:00,1c1f4ede2bf642baa8a05a837c4f58ea
2017-03-28,699.08,,ft,Approved,,2025-03-11T19:58:39.236615+00:00,1c1f4ede2bf642baa8a05a837c4f58ea
2017-03-29,699.21,,ft,Approved,,2025-03-11T19:58:39.236615+00:00,1c1f4ede2bf642baa8a05a837c4f58ea
2017-03-30,699.16,,ft,Approved,,2025-03-11T19:58:39.236615+00:00,1c1f4ede2bf642baa8a05a837c4f58ea
2017-03-31,699.11,,ft,Approved,,2025-03-11T19:58:39.236615+00:00,1c1f4ede2bf642baa8a05a837c4f58ea
2017-04-01,699.08,,ft,Approved,,2025-03-11T19:58:39.236615+00:00,1c1f4ede2bf642baa8a05a837c4f58ea
2017-04-02,699.09,,ft,Approved,,2025-03-11T19:58:39.236615+00:00,1c1f4ede2bf642baa8a05a837c4f58ea
2017-04-03,699.09,,ft,Approved,,2025-03-11T19:58:39.236615+00:00,1c1f4ede2bf642baa8a05a837c4f58ea
2017-04-04,699.06,,ft,Approved,,2025-03-11T19:58:39.236615+00:00,1c1f4ede2bf642baa8a05a837c4f58ea
2017-04-05,699.02,,ft,Approved,,2025-03-11T19:58:39.236615+00:00,1c1f4ede2bf642baa8a05a837c4f58ea
2017-04-06,699.01,,ft,Approved,,2025-03-11T19:58:39.236615+00:00,1c1f4ede2bf642baa8a05a837c4f58ea
2017-04-07,699.01,,ft,Approved,,2025-03-11T19:58:39.236615+00:00,1c1f4ede2bf642baa8a05a837c4f58ea
2017-04-08,699.01,,ft,Approved,,2025-03-11T19:58:39.236615+00:00,1c1f4ede2bf642baa8a05a837c4f58ea
2017-04-09,699.01,,ft,Approved,,2025-03-11T19:58:39.236615+00:00,1c1f4ede2bf642baa8a05a837c4f58ea
2017-04-10,699.02,,ft,Approved,,2025-03-11T19:58:39.236615+00:00,1c1f4ede2bf642baa8a05a837c4f58ea
2017-04-11,699.06,,ft,Approved,,2025-03-11T19:58:39.236615+00:00,1c1f4ede2bf642baa8a05a837c4f58ea
2017-04-12,699.1,,ft,Approved,,2025-03-11T19:58:39.236615+00:00,1c1f4ede2bf642baa8a05a837c4f58ea
2017-04-13,699.09,,ft,Approved,,2025-03-11T19:58:39.236615+00:00,1c1f4ede2bf642baa8a05a837c4f58ea
2017-04-14,699.08,,ft,Approved,,2025-03-11T19:58:39.236615+00:00,1c1f4ede2bf642baa8a05a837c4f58ea
2017-04-15,699.07,,ft,Approved,,2025-03-11T19:58:39.236615+00:00,1c1f4ede2bf642baa8a05a837c4f58ea
2017-04-16,699.06,,ft,Approved,,2025-03-11T19:58:39.236615+00:00,1c1f4ede2bf642baa8a05a837c4f58ea
2017-04-17,699.06,,ft,Approved,,2025-03-11T19:58:39.236615+00:00,1c1f4ede2bf642baa8a05a837c4f58ea
2017-04-18,699.05,,ft,Approved,,2025-03-11T19:58:39.236615+00:00,1c1f4ede2bf642baa8a05a837c4f58ea
2017-04-19,699.06,,ft,Approved,,2025-03-11T19:58:39.236615+00:00,1c1f4ede2bf642baa8a05a837c4f58ea
2017-04-20,699.05,,ft,Approved,,2025-03-11T19:58:39.236615+00:00,1c1f4ede2bf642baa8a05a837c4f58ea
2017-04-21,699.04,,ft,Approved,,2025-03-11T19:58:39.236615+00:00,1c1f4ede2bf642baa8a05a837c4f58ea
2017-04-22,699.02,,ft,Approved,,2025-03-11T19:58:39.236615+00:00,1c1f4ede2bf642baa8a05a837c4f58ea
2017-04-23,698.98,,ft,Approved,,2025-03-11T19:58:39.236615+00:00,1c1f4ede2bf642baa8a05a837c4f58ea
2017-04-24,698.97,,ft,Approved,,2025-03-11T19:58:39.236615+00:00,1c1f4ede2bf642baa8a05a837c4f58ea
2017-04-25,698.96,,ft,Approved,,2025-03-11T19:58:39.236615+00:00,1c1f4ede2bf642baa8a05a837c4f58ea
2017-04-26,698.94,,ft,Approved,,2025-03-11T19:58:39.236615+00:00,1c1f4ede2bf642baa8a05a837c4f58ea
2017-04-27,698.89,,ft,Approved,,2025-03-11T19:58:39.236615+00:00,1c1f4ede2bf642baa8a05a837c4f58ea
2017-04-28,698.88,,ft,Approved,,2025-03-11T19:58:39.236615+00:00,1c1f4ede2bf642baa8a05a837c4f58ea
2017-04-29,698.87,,ft,Approved,,2025-03-11T19:58:39.236615+00:00,1c1f4ede2bf642baa8a05a837c4f58ea
2017-04-30,698.83,,ft,Approved,,2025-03-11T19:58:39.236615+00:00,1c1f4ede2bf642baa8a05a837c4f58ea
2017-05-01,698.81,,ft,Approved,,2025-03-11T19:58:39.236615+00:00,1c1f4ede2bf642baa8a05a837c4f58ea
2017-05-02,698.79,,ft,Approved,,2025-03-11T19:58:39.236615+00:00,1c1f4ede2bf642baa8a05a837c4f58ea
2017-05-03,698.77,,ft,Approved,,2025-03-11T19:58:39.236615+00:00,1c1f4ede2bf642baa8a05a837c4f58ea
2017-05-04,698.72,,ft,Approved,,2025-03-11T19:58:39.236615+00:00,1c1f4ede2bf642baa8a05a837c4f58ea
2017-05-05,698.69,,ft,Approved,,2025-03-11T19:58:39.236615+00:00,1c1f4ede2bf642baa8a05a837c4f58ea
2017-05-06,698.68,,ft,Approved,,2025-03-11T19:58:39.236615+00:00,1c1f4ede2bf642baa8a05a837c4f58ea
2017-05-07,698.66,,ft,Approved,,2025-03-11T19:58:39.236615+00:00,1c1f4ede2bf642baa8a05a837c4f58ea
2017-05-08,698.63,,ft,Approved,,2025-03-11T19:58:39.236615+00:00,1c1f4ede2bf642baa8a05a837c4f58ea
2017-05-09,698.62,,ft,Approved,,2025-03-11T19:58:39.236615+00:00,1c1f4ede2bf642baa8a05a837c4f58ea
2017-05-10,698.62,,ft,Approved,,2025-03-11T19:58:39.236615+00:00,1c1f4ede2bf642baa8a05a837c4f58ea
2017-05-11,698.62,,ft,Approved,,2025-03-11T19:58:39.236615+00:00,1c1f4ede2bf642baa8a05a837c4f58ea
2017-05-12,698.6,,ft,Approved,,2025-03-11T19:58:39.236615+00:00,1c1f4ede2bf642baa8a05a837c4f58ea
2017-05-13,698.57,,ft,Approved,,2025-03-11T19:58:39.236615+00:00,1c1f4ede2bf642baa8a05a837c4f58ea
2017-05-14,698.55,,ft,Approved,,2025-03-11T19:58:39.236615+00:00,1c1f4ede2bf642baa8a05a837c4f58ea
2017-05-15,698.53,,ft,Approved,,2025-03-11T19:58:39.236615+00:00,1c1f4ede2bf642baa8a05a837c4f58ea
2017-05-16,698.51,,ft,Approved,,2025-03-11T19:58:39.236615+00:00,1c1f4ede2bf642baa8a05a837c4f58ea
2017-05-17,698.5,,ft,Approved,,2025-03-11T19:58:39.236615+00:00,1c1f4ede2bf642baa8a05a837c4f58ea
2017-05-18,698.49,,ft,Approved,,2025-03-11T19:58:39.236615+00:00,1c1f4ede2bf642baa8a05a837c4f58ea
2017-05-19,698.47,,ft,Approved,,2025-03-11T19:58:39.236615+00:00,1c1f4ede2bf642baa8a05a837c4f58ea
2017-05-20,698.52,,ft,Approved,,2025-03-11T19:58:39.236615+00:00,1c1f4ede2bf642baa8a05a837c4f58ea
2017-05-21,698.54,,ft,Approved,,2025-03-11T19:58:39.236615+00:00,1c1f4ede2bf642baa8a05a837c4f58ea
2017-05-22,698.58,,ft,Approved,,2025-03-11T19:58:39.236615+00:00,1c1f4ede2bf642baa8a05a837c4f58ea
2017-05-23,698.58,,ft,Approved,,2025-03-11T19:58:39.236615+00:00,1c1f4ede2bf642baa8a05a837c4f58ea
2017-05-24,698.57,,ft,Approved,,2025-03-11T19:58:39.236615+00:00,1c1f4ede2bf642baa8a05a837c4f58ea
2017-05-25,698.55,,ft,Approved,,2025-03-11T19:58:39.236615+00:00,1c1f4ede2bf642baa8a05a837c4f58ea
2017-05-26,698.53,,ft,Approved,,2025-03-11T19:58:39.236615+00:00,1c1f4ede2bf642baa8a05a837c4f58ea
2017-05-27,698.53,,ft,Approved,,2025-03-11T19:58:39.236615+00:00,1c1f4ede2bf642baa8a05a837c4f58ea
2017-05-28,698.51,,ft,Approved,,2025-03-11T19:58:39.236615+00:00,1c1f4ede2bf642baa8a05a837c4f58ea
2017-05-29,698.51,,ft,Approved,,2025-03-11T19:58:39.236615+00:00,1c1f4ede2bf642baa8a05a837c4f58ea
2017-05-30,698.49,,ft,Approved,,2025-03-11T19:58:39.236615+00:00,1c1f4ede2bf642baa8a05a837c4f58ea
2017-05-31,698.48,,ft,Approved,,2025-03-11T19:58:39.236615+00:00,1c1f4ede2bf642baa8a05a837c4f58ea
2017-06-01,698.47,,ft,Approved,,2025-03-11T19:58:39.236615+00:00,1c1f4ede2bf642baa8a05a837c4f58ea
2017-06-02,698.45,,ft,Approved,,2025-03-11T19:58:39.236615+00:00,1c1f4ede2bf642baa8a05a837c4f58ea
2017-06-03,698.49,,ft,Approved,,2025-03-11T19:58:39.236615+00:00,1c1f4ede2bf642baa8a05a837c4f58ea
2017-06-04,698.82,,ft,Approved,,2025-03-11T19:58:39.236615+00:00,1c1f4ede2bf642baa8a05a837c4f58ea
2017-06-05,698.84,,ft,Approved,,2025-03-11T19:58:39.236615+00:00,1c1f4ede2bf642baa8a05a837c4f58ea
2017-06-06,698.85,,ft,Approved,,2025-03-11T19:58:39.236615+00:00,1c1f4ede2bf642baa8a05a837c4f58ea
2017-06-07,698.83,,ft,Approved,,2025-03-11T19:58:39.236615+00:00,1c1f4ede2bf642baa8a05a837c4f58ea
2017-06-08,698.82,,ft,Approved,,2025-03-11T19:58:39.236615+00:00,1c1f4ede2bf642baa8a05a837c4f58ea
2017-06-09,698.79,,ft,Approved,,2025-03-11T19:58:39.236615+00:00,1c1f4ede2bf642baa8a05a837c4f58ea
2017-06-10,698.77,,ft,Approved,,2025-03-11T19:58:39.236615+00:00,1c1f4ede2bf642baa8a05a837c4f58ea
2017-06-11,698.74,,ft,Approved,,2025-03-11T19:58:39.236615+00:00,1c1f4ede2bf642baa8a05a837c4f58ea
2017-06-12,698.71,,ft,Approved,,2025-03-11T19:58:39.236615+00:00,1c1f4ede2bf642baa8a05a837c4f58ea
2017-06-13,698.69,,ft,Approved,,2025-03-11T19:58:39.236615+00:00,1c1f4ede2bf642baa8a05a837c4f58ea
2017-06-14,698.66,,ft,Approved,,2025-03-11T19:58:39.236615+00:00,1c1f4ede2bf642baa8a05a837c4f58ea
2017-06-15,698.63,,ft,Approved,,2025-03-11T19:58:39.236615+00:00,1c1f4ede2bf642baa8a05a837c4f58ea
2017-06-16,698.6,,ft,Approved,,2025-03-11T19:58:39.236615+00:00,1c1f4ede2bf642baa8a05a837c4f58ea
2017-06-17,698.57,,ft,Approved,,2025-03-11T19:58:39.236615+00:00,1c1f4ede2bf642baa8a05a837c4f58ea
2017-06-18,698.54,,ft,Approved,,2025-03-11T19:58:39.236615+00:00,1c1f4ede2bf642baa8a05a837c4f58ea
2017-06-19,698.51,,ft,Approved,,2025-03-11T19:58:39.236615+00:00,1c1f4ede2bf642baa8a05a837c4f58ea
2017-06-20,698.49,,ft,Approved,,2025-03-11T19:58:39.236615+00:00,1c1f4ede2bf642baa8a05a837c4f58ea
2017-06-21,698.46,,ft,Approved,,2025-03-11T19:58:39.236615+00:00,1c1f4ede2bf642baa8a05a837c4f58ea
2017-06-22,698.42,,ft,Approved,,2025-03-11T19:58:39.236615+00:00,1c1f4ede2bf642baa8a05a837c4f58ea
2017-06-23,698.4,,ft,Approved,,2025-03-11T19:58:39.236615+00:00,1c1f4ede2bf642baa8a05a837c4f58ea
2017-06-24,698.42,,ft,Approved,,2025-03-11T19:58:39.236615+00:00,1c1f4ede2bf642baa8a05a837c4f58ea
2017-06-25,698.43,,ft,Approved,,2025-03-11T19:58:39.236615+00:00,1c1f4ede2bf642baa8a05a837c4f58ea
2017-06-26,698.43,,ft,Approved,,2025-03-11T19:58:39.236615+00:00,1c1f4ede2bf642baa8a05a837c4f58ea
2017-06-27,698.43,,ft,Approved,,2025-03-11T19:58:39.236615+00:00,1c1f4ede2bf642baa8a05a837c4f58ea
2017-06-28,698.41,,ft,Approved,,2025-03-11T19:58:39.236615+00:00,1c1f4ede2bf642baa8a05a837c4f58ea
2017-06-29,698.39,,ft,Approved,,2025-03-11T19:58:39.236615+00:00,1c1f4ede2bf642baa8a05a837c4f58ea
2017-06-30,698.36,,ft,Approved,,2025-03-11T19:58:39.236615+00:00,1c1f4ede2bf642baa8a05a837c4f58ea
2017-07-01,698.33,,ft,Approved,,2025-03-11T19:58:39.236615+00:00,1c1f4ede2bf642baa8a05a837c4f58ea
2017-07-02,698.31,,ft,Approved,,2025-03-11T19:58:39.236615+00:00,1c1f4ede2bf642baa8a05a837c4f58ea
2017-07-03,698.27,,ft,Approved,,2025-03-11T19:58:39.236615+00:00,1c1f4ede2bf642baa8a05a837c4f58ea
2017-07-04,698.24,,ft,Approved,,2025-03-11T19:58:39.236615+00:00,1c1f4ede2bf642baa8a05a837c4f58ea
2017-07-05,698.21,,ft,Approved,,2025-03-11T19:58:39.236615+00:00,1c1f4ede2bf642baa8a05a837c4f58ea
2017-07-06,698.18,,ft,Approved,,2025-03-11T19:58:39.236615+00:00,1c1f4ede2bf642baa8a05a837c4f58ea
2017-07-07,698.15,,ft,Approved,,2025-03-11T19:58:39.236615+00:00,1c1f4ede2bf642baa8a05a837c4f58ea
2017-07-08,698.12,,ft,Approved,,2025-03-11T19:58:39.236615+00:00,1c1f4ede2bf642baa8a05a837c4f58ea
2017-07-09,698.08,,ft,Approved,,2025-03-11T19:58:39.236615+00:00,1c1f4ede2bf642baa8a05a837c4f58ea
2017-07-10,698.05,,ft,Approved,,2025-03-11T19:58:39.236615+00:00,1c1f4ede2bf642baa8a05a837c4f58ea
2017-07-11,698.02,,ft,Approved,,2025-03-11T19:58:39.236615+00:00,1c1f4ede2bf642baa8a05a837c4f58ea
2017-07-12,697.98,,ft,Approved,,2025-03-11T19:58:39.236615+00:00,1c1f4ede2bf642baa8a05a837c4f58ea
2017-07-13,697.95,,ft,Approved,,2025-03-11T19:58:39.236615+00:00,1c1f4ede2bf642baa8a05a837c4f58ea
2017-07-14,697.93,,ft,Approved,,2025-03-11T19:58:39.236615+00:00,1c1f4ede2bf642baa8a05a837c4f58ea
2017-07-15,697.9,,ft,Approved,,2025-03-11T19:58:39.236615+00:00,1c1f4ede2bf642baa8a05a837c4f58ea
2017-07-16,697.88,,ft,Approved,,2025-03-11T19:58:39.236615+00:00,1c1f4ede2bf642baa8a05a837c4f58ea
2017-07-17,697.86,,ft,Approved,,2025-03-11T19:58:39.236615+00:00,1c1f4ede2bf642baa8a05a837c4f58ea
2017-07-18,697.85,,ft,Approved,,2025-03-11T19:58:39.236615+00:00,1c1f4ede2bf642baa8a05a837c4f58ea
2017-07-19,697.88,,ft,Approved,,2025-03-11T19:58:39.236615+00:00,1c1f4ede2bf642baa8a05a837c4f58ea
2017-07-20,697.85,,ft,Approved,,2025-03-11T19:58:39.236615+00:00,1c1f4ede2bf642baa8a05a837c4f58ea
2017-07-21,697.82,,ft,Approved,,2025-03-11T19:58:39.236615+00:00,1c1f4ede2bf642baa8a05a837c4f58ea
2017-07-22,697.78,,ft,Approved,,2025-03-11T19:58:39.236615+00:00,1c1f4ede2bf642baa8a05a837c4f58ea
2017-07-23,697.74,,ft,Approved,,2025-03-11T19:58:39.236615+00:00,1c1f4ede2bf642baa8a05a837c4f58ea
2017-07-24,697.73,,ft,Approved,,2025-03-11T19:58:39.236615+00:00,1c1f4ede2bf642baa8a05a837c4f58ea
2017-07-25,697.72,,ft,Approved,,2025-03-11T19:58:39.236615+00:00,1c1f4ede2bf642baa8a05a837c4f58ea
2017-07-26,697.69,,ft,Approved,,2025-03-11T19:58:39.236615+00:00,1c1f4ede2bf642baa8a05a837c4f58ea
2017-07-27,697.66,,ft,Approved,,2025-03-11T19:58:39.236615+00:00,1c1f4ede2bf642baa8a05a837c4f58ea
2017-07-28,697.63,,ft,Approved,,2025-03-11T19:58:39.236615+00:00,1c1f4ede2bf642baa8a05a837c4f58ea
2017-07-29,697.59,,ft,Approved,,2025-03-11T19:58:39.236615+00:00,1c1f4ede2bf642baa8a05a837c4f58ea
2017-07-30,697.56,,ft,Approved,,2025-03-11T19:58:39.236615+00:00,1c1f4ede2bf642baa8a05a837c4f58ea
2017-07-31,697.52,,ft,Approved,,2025-03-11T19:58:39.236615+00:00,1c1f4ede2bf642baa8a05a837c4f58ea
2017-08-01,697.49,,ft,Approved,,2025-03-11T19:58:39.236615+00:00,1c1f4ede2bf642baa8a05a837c4f58ea
2017-08-02,697.48,,ft,Approved,,2025-03-11T19:58:39.236615+00:00,1c1f4ede2bf642baa8a05a837c4f58ea
2017-08-03,697.49,,ft,Approved,,2025-03-11T19:58:39.236615+00:00,1c1f4ede2bf642baa8a05a837c4f58ea
2017-08-04,697.51,,ft,Approved,,2025-03-11T19:58:39.236615+00:00,1c1f4ede2bf642baa8a05a837c4f58ea
2017-08-05,697.52,,ft,Approved,,2025-03-11T19:58:39.236615+00:00,1c1f4ede2bf642baa8a05a837c4f58ea
2017-08-06,697.51,,ft,Approved,,2025-03-11T19:58:39.236615+00:00,1c1f4ede2bf642baa8a05a837c4f58ea
2017-08-07,698.16,,ft,Approved,,2025-03-11T19:58:39.236615+00:00,1c1f4ede2bf642baa8a05a837c4f58ea
2017-08-08,698.41,,ft,Approved,,2025-03-11T19:58:39.236615+00:00,1c1f4ede2bf642baa8a05a837c4f58ea
2017-08-09,698.42,,ft,Approved,,2025-03-11T19:58:39.236615+00:00,1c1f4ede2bf642baa8a05a837c4f58ea
2017-08-10,698.43,,ft,Approved,,2025-03-11T19:58:39.236615+00:00,1c1f4ede2bf642baa8a05a837c4f58ea
2017-08-11,698.42,,ft,Approved,,2025-03-11T19:58:39.236615+00:00,1c1f4ede2bf642baa8a05a837c4f58ea
2017-08-12,698.41,,ft,Approved,,2025-03-11T19:58:39.236615+00:00,1c1f4ede2bf642baa8a05a837c4f58ea
2017-08-13,698.39,,ft,Approved,,2025-03-11T19:58:39.236615+00:00,1c1f4ede2bf642baa8a05a837c4f58ea
2017-08-14,698.37,,ft,Approved,,2025-03-11T19:58:39.236615+00:00,1c1f4ede2bf642baa8a05a837c4f58ea
2017-08-15,698.36,,ft,Approved,,2025-03-11T19:58:39.236615+00:00,1c1f4ede2bf642baa8a05a837c4f58ea
2017-08-16,698.35,,ft,Approved,,2025-03-11T19:58:39.236615+00:00,1c1f4ede2bf642baa8a05a837c4f58ea
2017-08-17,698.33,,ft,Approved,,2025-03-11T19:58:39.236615+00:00,1c1f4ede2bf642baa8a05a837c4f58ea
2017-08-18,698.32,,ft,Approved,,2025-03-11T19:58:39.236615+00:00,1c1f4ede2bf642baa8a05a837c4f58ea
2017-08-19,698.3,,ft,Approved,,2025-03-11T19:58:39.236615+00:00,1c1f4ede2bf642baa8a05a837c4f58ea
2017-08-20,698.27,,ft,Approved,,2025-03-11T19:58:39.236615+00:00,1c1f4ede2bf642baa8a05a837c4f58ea
2017-08-21,698.25,,ft,Approved,,2025-03-11T19:58:39.236615+00:00,1c1f4ede2bf642baa8a05a837c4f58ea
2017-08-22,698.24,,ft,Approved,,2025-03-11T19:58:39.236615+00:00,1c1f4ede2bf642baa8a05a837c4f58ea
2017-08-23,698.22,,ft,Approved,,2025-03-11T19:58:39.236615+00:00,1c1f4ede2bf642baa8a05a837c4f58ea
2017-08-24,698.2,,ft,Approved,,2025-03-11T19:58:39.236615+00:00,1c1f4ede2bf642baa8a05a837c4f58ea
2017-08-25,698.19,,ft,Approved,,2025-03-11T19:58:39.236615+00:00,1c1f4ede2bf642baa8a05a837c4f58ea
2017-08-26,698.41,,ft,Approved,,2025-03-11T19:58:39.236615+00:00,1c1f4ede2bf642baa8a05a837c4f58ea
2017-08-27,699.66,,ft,Approved,,2025-03-11T19:58:39.236615+00:00,1c1f4ede2bf642baa8a05a837c4f58ea
2017-08-28,699.62,,ft,Approved,,2025-03-11T19:58:39.236615+00:00,1c1f4ede2bf642baa8a05a837c4f58ea
2017-08-29,699.34,,ft,Approved,,2025-03-11T19:58:39.236615+00:00,1c1f4ede2bf642baa8a05a837c4f58ea
2017-08-30,699.25,,ft,Approved,,2025-03-11T19:58:39.236615+00:00,1c1f4ede2bf642baa8a05a837c4f58ea
2017-08-31,699.2,,ft,Approved,,2025-03-11T19:58:39.236615+00:00,1c1f4ede2bf642baa8a05a837c4f58ea
2017-09-01,699.18,,ft,Approved,,2025-03-11T19:58:39.236615+00:00,1c1f4ede2bf642baa8a05a837c4f58ea
2017-09-02,699.17,,ft,Approved,,2025-03-11T19:58:39.236615+00:00,1c1f4ede2bf642baa8a05a837c4f58ea
2017-09-03,699.16,,ft,Approved,,2025-03-11T19:58:39.236615+00:00,1c1f4ede2bf642baa8a05a837c4f58ea
2017-09-04,699.15,,ft,Approved,,2025-03-11T19:58:39.236615+00:00,1c1f4ede2bf642baa8a05a837c4f58ea
2017-09-05,699.14,,ft,Approved,,2025-03-11T19:58:39.236615+00:00,1c1f4ede2bf642baa8a05a837c4f58ea
2017-09-06,699.11,,ft,Approved,,2025-03-11T19:58:39.236615+00:00,1c1f4ede2bf642baa8a05a837c4f58ea
2017-09-07,699.09,,ft,Approved,,2025-03-11T19:58:39.236615+00:00,1c1f4ede2bf642baa8a05a837c4f58ea
2017-09-08,699.09,,ft,Approved,,2025-03-11T19:58:39.236615+00:00,1c1f4ede2bf642baa8a05a837c4f58ea
2017-09-09,699.07,,ft,Approved,,2025-03-11T19:58:39.236615+00:00,1c1f4ede2bf642baa8a05a837c4f58ea
2017-09-10,699.05,,ft,Approved,,2025-03-11T19:58:39.236615+00:00,1c1f4ede2bf642baa8a05a837c4f58ea
2017-09-11,699.0,,ft,Approved,,2025-03-11T19:58:39.236615+00:00,1c1f4ede2bf642baa8a05a837c4f58ea
2017-09-12,698.98,,ft,Approved,,2025-03-11T19:58:39.236615+00:00,1c1f4ede2bf642baa8a05a837c4f58ea
2017-09-13,698.97,,ft,Approved,,2025-03-11T19:58:39.236615+00:00,1c1f4ede2bf642baa8a05a837c4f58ea
2017-09-14,698.96,,ft,Approved,,2025-03-11T19:58:39.236615+00:00,1c1f4ede2bf642baa8a05a837c4f58ea
2017-09-15,698.94,,ft,Approved,,2025-03-11T19:58:39.236615+00:00,1c1f4ede2bf642baa8a05a837c4f58ea
2017-09-16,698.92,,ft,Approved,,2025-03-11T19:58:39.236615+00:00,1c1f4ede2bf642baa8a05a837c4f58ea
2017-09-17,698.91,,ft,Approved,,2025-03-11T19:58:39.236615+00:00,1c1f4ede2bf642baa8a05a837c4f58ea
2017-09-18,698.9,,ft,Approved,,2025-03-11T19:58:39.236615+00:00,1c1f4ede2bf642baa8a05a837c4f58ea
2017-09-19,698.88,,ft,Approved,,2025-03-11T19:58:39.236615+00:00,1c1f4ede2bf642baa8a05a837c4f58ea
2017-09-20,698.86,,ft,Approved,,2025-03-11T19:58:39.236615+00:00,1c1f4ede2bf642baa8a05a837c4f58ea
2017-09-21,698.84,,ft,Approved,,2025-03-11T19:58:39.236615+00:00,1c1f4ede2bf642baa8a05a837c4f58ea
2017-09-22,698.83,,ft,Approved,,2025-03-11T19:58:39.236615+00:00,1c1f4ede2bf642baa8a05a837c4f58ea
2017-09-23,698.82,,ft,Approved,,2025-03-11T19:58:39.236615+00:00,1c1f4ede2bf642baa8a05a837c4f58ea
2017-09-24,698.8,,ft,Approved,,2025-03-11T19:58:39.236615+00:00,1c1f4ede2bf642baa8a05a837c4f58ea
2017-09-25,698.79,,ft,Approved,,2025-03-11T19:58:39.236615+00:00,1c1f4ede2bf642baa8a05a837c4f58ea
2017-09-26,698.78,,ft,Approved,,2025-03-11T19:58:39.236615+00:00,1c1f4ede2bf642baa8a05a837c4f58ea
2017-09-27,698.82,,ft,Approved,,2025-03-11T19:58:39.236615+00:00,1c1f4ede2bf642baa8a05a837c4f58ea
2017-09-28,698.82,,ft,Approved,,2025-03-11T19:58:39.236615+00:00,1c1f4ede2bf642baa8a05a837c4f58ea
2017-09-29,699.08,,ft,Approved,,2025-03-11T19:58:39.236615+00:00,1c1f4ede2bf642baa8a05a837c4f58ea
2017-09-30,699.14,,ft,Approved,,2025-03-11T19:58:39.236615+00:00,1c1f4ede2bf642baa8a05a837c4f58ea
2017-10-01,699.14,,ft,Approved,,2025-03-11T19:58:39.236615+00:00,1c1f4ede2bf642baa8a05a837c4f58ea
2017-10-02,699.13,,ft,Approved,,2025-03-11T19:58:39.236615+00:00,1c1f4ede2bf642baa8a05a837c4f58ea
2017-10-03,699.19,,ft,Approved,,2025-03-11T19:58:39.236615+00:00,1c1f4ede2bf642baa8a05a837c4f58ea
2017-10-04,699.27,,ft,Approved,,2025-03-11T19:58:39.236615+00:00,1c1f4ede2bf642baa8a05a837c4f58ea
2017-10-05,699.22,,ft,Approved,,2025-03-11T19:58:39.236615+00:00,1c1f4ede2bf642baa8a05a837c4f58ea
2017-10-06,699.19,,ft,Approved,,2025-03-11T19:58:39.236615+00:00,1c1f4ede2bf642baa8a05a837c4f58ea
2017-10-07,699.17,,ft,Approved,,2025-03-11T19:58:39.236615+00:00,1c1f4ede2bf642baa8a05a837c4f58ea
2017-10-08,699.16,,ft,Approved,,2025-03-11T19:58:39.236615+00:00,1c1f4ede2bf642baa8a05a837c4f58ea
2017-10-09,699.14,,ft,Approved,,2025-03-11T19:58:39.236615+00:00,1c1f4ede2bf642baa8a05a837c4f58ea
2017-10-10,699.06,,ft,Approved,,2025-03-11T19:58:39.236615+00:00,1c1f4ede2bf642baa8a05a837c4f58ea
2017-10-11,699.02,,ft,Approved,,2025-03-11T19:58:39.236615+00:00,1c1f4ede2bf642baa8a05a837c4f58ea
2017-10-12,699.01,,ft,Approved,,2025-03-11T19:58:39.236615+00:00,1c1f4ede2bf642baa8a05a837c4f58ea
2017-10-13,699.01,,ft,Approved,,2025-03-11T19:58:39.236615+00:00,1c1f4ede2bf642baa8a05a837c4f58ea
2017-10-14,699.01,,ft,Approved,,2025-03-11T19:58:39.236615+00:00,1c1f4ede2bf642baa8a05a837c4f58ea
2017-10-15,699.0,,ft,Approved,,2025-03-11T19:58:39.236615+00:00,1c1f4ede2bf642baa8a05a837c4f58ea
2017-10-16,698.96,,ft,Approved,,2025-03-11T19:58:39.236615+00:00,1c1f4ede2bf642baa8a05a837c4f58ea
2017-10-17,698.94,,ft,Approved,,2025-03-11T19:58:39.236615+00:00,1c1f4ede2bf642baa8a05a837c4f58ea
2017-10-18,698.93,,ft,Approved,,2025-03-11T19:58:39.236615+00:00,1c1f4ede2bf642baa8a05a837c4f58ea
2017-10-19,698.92,,ft,Approved,,2025-03-11T19:58:39.236615+00:00,1c1f4ede2bf642baa8a05a837c4f58ea
2017-10-20,698.92,,ft,Approved,,2025-03-11T19:58:39.236615+00:00,1c1f4ede2bf642baa8a05a837c4f58ea
2017-10-21,698.92,,ft,Approved,,2025-03-11T19:58:39.236615+00:00,1c1f4ede2bf642baa8a05a837c4f58ea
2017-10-22,699.01,,ft,Approved,,2025-03-11T19:58:39.236615+00:00,1c1f4ede2bf642baa8a05a837c4f58ea
2017-10-23,699.04,,ft,Approved,,2025-03-11T19:58:39.236615+00:00,1c1f4ede2bf642baa8a05a837c4f58ea
2017-10-24,699.03,,ft,Approved,,2025-03-11T19:58:39.236615+00:00,1c1f4ede2bf642baa8a05a837c4f58ea
2017-10-25,699.02,,ft,Approved,,2025-03-11T19:58:39.236615+00:00,1c1f4ede2bf642baa8a05a837c4f58ea
2017-10-26,699.0,,ft,Approved,,2025-03-11T19:58:39.236615+00:00,1c1f4ede2bf642baa8a05a837c4f58ea
2017-10-27,698.97,,ft,Approved,,2025-03-11T19:58:39.236615+00:00,1c1f4ede2bf642baa8a05a837c4f58ea
2017-10-28,698.93,,ft,Approved,,2025-03-11T19:58:39.236615+00:00,1c1f4ede2bf642baa8a05a837c4f58ea
2017-10-29,698.92,,ft,Approved,,2025-03-11T19:58:39.236615+00:00,1c1f4ede2bf642baa8a05a837c4f58ea
2017-10-30,698.91,,ft,Approved,,2025-03-11T19:58:39.236615+00:00,1c1f4ede2bf642baa8a05a837c4f58ea
2017-10-31,698.92,,ft,Approved,,2025-03-11T19:58:39.236615+00:00,1c1f4ede2bf642baa8a05a837c4f58ea
2017-11-01,699.03,,ft,Approved,,2025-03-11T19:58:39.236615+00:00,1c1f4ede2bf642baa8a05a837c4f58ea
2017-11-02,699.05,,ft,Approved,,2025-03-11T19:58:39.236615+00:00,1c1f4ede2bf642baa8a05a837c4f58ea
2017-11-03,699.07,,ft,Approved,,2025-03-11T19:58:39.236615+00:00,1c1f4ede2bf642baa8a05a837c4f58ea
2017-11-04,699.07,,ft,Approved,,2025-03-11T19:58:39.236615+00:00,1c1f4ede2bf642baa8a05a837c4f58ea
2017-11-05,699.08,,ft,Approved,,2025-03-11T19:58:39.236615+00:00,1c1f4ede2bf642baa8a05a837c4f58ea
2017-11-06,699.08,,ft,Approved,,2025-03-11T19:58:39.236615+00:00,1c1f4ede2bf642baa8a05a837c4f58ea
2017-11-07,699.07,,ft,Approved,,2025-03-11T19:58:39.236615+00:00,1c1f4ede2bf642baa8a05a837c4f58ea
2017-11-08,699.04,,ft,Approved,,2025-03-11T19:58:39.236615+00:00,1c1f4ede2bf642baa8a05a837c4f58ea
2017-11-09,699.03,,ft,Approved,,2025-03-11T19:58:39.236615+00:00,1c1f4ede2bf642baa8a05a837c4f58ea
2017-11-10,699.02,,ft,Approved,,2025-03-11T19:58:39.236615+00:00,1c1f4ede2bf642baa8a05a837c4f58ea
2017-11-11,699.02,,ft,Approved,,2025-03-11T19:58:39.236615+00:00,1c1f4ede2bf642baa8a05a837c4f58ea
2017-11-12,699.03,,ft,Approved,,2025-03-11T19:58:39.236615+00:00,1c1f4ede2bf642baa8a05a837c4f58ea
2017-11-13,699.03,,ft,Approved,,2025-03-11T19:58:39.236615+00:00,1c1f4ede2bf642baa8a05a837c4f58ea
2017-11-14,699.03,,ft,Approved,,2025-03-11T19:58:39.236615+00:00,1c1f4ede2bf642baa8a05a837c4f58ea
2017-11-15,699.03,,ft,Approved,,2025-03-11T19:58:39.236615+00:00,1c1f4ede2bf642baa8a05a837c4f58ea
2017-11-16,699.03,,ft,Approved,,2025-03-11T19:58:39.236615+00:00,1c1f4ede2bf642baa8a05a837c4f58ea
2017-11-17,699.04,,ft,Approved,,2025-03-11T19:58:39.236615+00:00,1c1f4ede2bf642baa8a05a837c4f58ea
2017-11-18,699.02,,ft,Approved,,2025-03-11T19:58:39.236615+00:00,1c1f4ede2bf642baa8a05a837c4f58ea
2017-11-19,698.97,,ft,Approved,,2025-03-11T19:58:39.236615+00:00,1c1f4ede2bf642baa8a05a837c4f58ea
2017-11-20,698.96,,ft,Approved,,2025-03-11T19:58:39.236615+00:00,1c1f4ede2bf642baa8a05a837c4f58ea
2017-11-21,698.95,,ft,Approved,,2025-03-11T19:58:39.236615+00:00,1c1f4ede2bf642baa8a05a837c4f58ea
2017-11-22,698.94,,ft,Approved,,2025-03-11T19:58:39.236615+00:00,1c1f4ede2bf642baa8a05a837c4f58ea
2017-11-23,698.92,,ft,Approved,,2025-03-11T19:58:39.236615+00:00,1c1f4ede2bf642baa8a05a837c4f58ea
2017-11-24,698.91,,ft,Approved,,2025-03-11T19:58:39.236615+00:00,1c1f4ede2bf642baa8a05a837c4f58ea
2017-11-25,698.9,,ft,Approved,,2025-03-11T19:58:39.236615+00:00,1c1f4ede2bf642baa8a05a837c4f58ea
2017-11-26,698.9,,ft,Approved,,2025-03-11T19:58:39.236615+00:00,1c1f4ede2bf642baa8a05a837c4f58ea
2017-11-27,698.9,,ft,Approved,,2025-03-11T19:58:39.236615+00:00,1c1f4ede2bf642baa8a05a837c4f58ea
2017-11-28,698.89,,ft,Approved,,2025-03-11T19:58:39.236615+00:00,1c1f4ede2bf642baa8a05a837c4f58ea
2017-11-29,698.88,,ft,Approved,,2025-03-11T19:58:39.236615+00:00,1c1f4ede2bf642baa8a05a837c4f58ea
2017-11-30,698.87,,ft,Approved,,2025-03-11T19:58:39.236615+00:00,1c1f4ede2bf642baa8a05a837c4f58ea
2017-12-01,698.87,,ft,Approved,,2025-03-11T19:58:39.236615+00:00,1c1f4ede2bf642baa8a05a837c4f58ea
2017-12-02,698.86,,ft,Approved,,2025-03-11T19:58:39.236615+00:00,1c1f4ede2bf642baa8a05a837c4f58ea
2017-12-03,698.86,,ft,Approved,,2025-03-11T19:58:39.236615+00:00,1c1f4ede2bf642baa8a05a837c4f58ea
2017-12-04,698.86,,ft,Approved,,2025-03-11T19:58:39.236615+00:00,1c1f4ede2bf642baa8a05a837c4f58ea
2017-12-05,698.84,,ft,Approved,,2025-03-11T19:58:39.236615+00:00,1c1f4ede2bf642baa8a05a837c4f58ea
2017-12-06,698.91,,ft,Approved,,2025-03-11T19:58:39.236615+00:00,1c1f4ede2bf642baa8a05a837c4f58ea
2017-12-07,698.97,,ft,Approved,,2025-03-11T19:58:39.236615+00:00,1c1f4ede2bf642baa8a05a837c4f58ea
2017-12-08,698.97,,ft,Approved,,2025-03-11T19:58:39.236615+00:00,1c1f4ede2bf642baa8a05a837c4f58ea
2017-12-09,698.98,,ft,Approved,,2025-03-11T19:58:39.236615+00:00,1c1f4ede2bf642baa8a05a837c4f58ea
2017-12-10,698.98,,ft,Approved,,2025-03-11T19:58:39.236615+00:00,1c1f4ede2bf642baa8a05a837c4f58ea
2017-12-11,698.98,,ft,Approved,,2025-03-11T19:58:39.236615+00:00,1c1f4ede2bf642baa8a05a837c4f58ea
2017-12-12,698.98,,ft,Approved,,2025-03-11T19:58:39.236615+00:00,1c1f4ede2bf642baa8a05a837c4f58ea
2017-12-13,698.97,,ft,Approved,,2025-03-11T19:58:39.236615+00:00,1c1f4ede2bf642baa8a05a837c4f58ea
2017-12-14,698.97,,ft,Approved,,2025-03-11T19:58:39.236615+00:00,1c1f4ede2bf642baa8a05a837c4f58ea
2017-12-15,698.96,,ft,Approved,,2025-03-11T19:58:39.236615+00:00,1c1f4ede2bf642baa8a05a837c4f58ea
2017-12-16,699.01,,ft,Approved,,2025-03-11T19:58:39.236615+00:00,1c1f4ede2bf642baa8a05a837c4f58ea
2017-12-17,699.24,,ft,Approved,,2025-03-11T19:58:39.236615+00:00,1c1f4ede2bf642baa8a05a837c4f58ea
2017-12-18,699.19,,ft,Approved,,2025-03-11T19:58:39.236615+00:00,1c1f4ede2bf642baa8a05a837c4f58ea
2017-12-19,699.41,,ft,Approved,,2025-03-11T19:58:39.236615+00:00,1c1f4ede2bf642baa8a05a837c4f58ea
2017-12-20,699.34,,ft,Approved,,2025-03-11T19:58:39.236615+00:00,1c1f4ede2bf642baa8a05a837c4f58ea
2017-12-21,699.25,,ft,Approved,,2025-03-11T19:58:39.236615+00:00,1c1f4ede2bf642baa8a05a837c4f58ea
2017-12-22,699.21,,ft,Approved,,2025-03-11T19:58:39.236615+00:00,1c1f4ede2bf642baa8a05a837c4f58ea
2017-12-23,699.17,,ft,Approved,,2025-03-11T19:58:39.236615+00:00,1c1f4ede2bf642baa8a05a837c4f58ea
2017-12-24,699.15,,ft,Approved,,2025-03-11T19:58:39.236615+00:00,1c1f4ede2bf642baa8a05a837c4f58ea
2017-12-25,699.13,,ft,Approved,,2025-03-11T19:58:39.236615+00:00,1c1f4ede2bf642baa8a05a837c4f58ea
2017-12-26,699.13,,ft,Approved,,2025-03-11T19:58:39.236615+00:00,1c1f4ede2bf642baa8a05a837c4f58ea
2017-12-27,699.12,,ft,Approved,,2025-03-11T19:58:39.236615+00:00,1c1f4ede2bf642baa8a05a837c4f58ea
2017-12-28,699.11,,ft,Approved,,2025-03-11T19:58:39.236615+00:00,1c1f4ede2bf642baa8a05a837c4f58ea
2017-12-29,699.12,,ft,Approved,,2025-03-11T19:58:39.236615+00:00,1c1f4ede2bf642baa8a05a837c4f58ea
2017-12-30,699.12,,ft,Approved,,2025-03-11T19:58:39.236615+00:00,1c1f4ede2bf642baa8a05a837c4f58ea
2017-12-31,699.12,,ft,Approved,,2025-03-11T19:58:39.236615+00:00,1c1f4ede2bf642baa8a05a837c4f58ea
2018-01-01,699.09,,ft,Approved,,2025-03-11T19:58:39.236615+00:00,1c1f4ede2bf642baa8a05a837c4f58ea
2018-01-02,699.08,,ft,Approved,,2025-03-11T19:58:39.236615+00:00,1c1f4ede2bf642baa8a05a837c4f58ea
2018-01-03,699.08,,ft,Approved,,2025-03-11T19:58:39.236615+00:00,1c1f4ede2bf642baa8a05a837c4f58ea
2018-01-04,699.09,,ft,Approved,,2025-03-11T19:58:39.236615+00:00,1c1f4ede2bf642baa8a05a837c4f58ea
2018-01-05,699.09,,ft,Approved,,2025-03-11T19:58:39.236615+00:00,1c1f4ede2bf642baa8a05a837c4f58ea
2018-01-06,699.1,,ft,Approved,,2025-03-11T19:58:39.236615+00:00,1c1f4ede2bf642baa8a05a837c4f58ea
2018-01-07,699.11,,ft,Approved,,2025-03-11T19:58:39.236615+00:00,1c1f4ede2bf642baa8a05a837c4f58ea
2018-01-08,699.1,,ft,Approved,,2025-03-11T19:58:39.236615+00:00,1c1f4ede2bf642baa8a05a837c4f58ea
2018-01-09,699.1,,ft,Approved,,2025-03-11T19:58:39.236615+00:00,1c1f4ede2bf642baa8a05a837c4f58ea
2018-01-10,699.1,,ft,Approved,,2025-03-11T19:58:39.236615+00:00,1c1f4ede2bf642baa8a05a837c4f58ea
2018-01-11,699.09,,ft,Approved,,2025-03-11T19:58:39.236615+00:00,1c1f4ede2bf642baa8a05a837c4f58ea
2018-01-12,699.05,,ft,Approved,,2025-03-11T19:58:39.236615+00:00,1c1f4ede2bf642baa8a05a837c4f58ea
2018-01-13,699.04,,ft,Approved,,2025-03-11T19:58:39.236615+00:00,1c1f4ede2bf642baa8a05a837c4f58ea
2018-01-14,699.03,,ft,Approved,,2025-03-11T19:58:39.236615+00:00,1c1f4ede2bf642baa8a05a837c4f58ea
2018-01-15,699.04,,ft,Approved,,2025-03-11T19:58:39.236615+00:00,1c1f4ede2bf642baa8a05a837c4f58ea
2018-01-16,699.03,,ft,Approved,,2025-03-11T19:58:39.236615+00:00,1c1f4ede2bf642baa8a05a837c4f58ea
2018-01-17,699.01,,ft,Approved,,2025-03-11T19:58:39.236615+00:00,1c1f4ede2bf642baa8a05a837c4f58ea
2018-01-18,699.01,,ft,Approved,,2025-03-11T19:58:39.236615+00:00,1c1f4ede2bf642baa8a05a837c4f58ea
2018-01-19,699.01,,ft,Approved,,2025-03-11T19:58:39.236615+00:00,1c1f4ede2bf642baa8a05a837c4f58ea
2018-01-20,699.03,,ft,Approved,,2025-03-11T19:58:39.236615+00:00,1c1f4ede2bf642baa8a05a837c4f58ea
2018-01-21,699.05,,ft,Approved,,2025-03-11T19:58:39.236615+00:00,1c1f4ede2bf642baa8a05a837c4f58ea
2018-01-22,699.06,,ft,Approved,,2025-03-11T19:58:39.236615+00:00,1c1f4ede2bf642baa8a05a837c4f58ea
2018-01-23,699.05,,ft,Approved,,2025-03-11T19:58:39.236615+00:00,1c1f4ede2bf642baa8a05a837c4f58ea
2018-01-24,699.05,,ft,Approved,,2025-03-11T19:58:39.236615+00:00,1c1f4ede2bf642baa8a05a837c4f58ea
2018-01-25,699.05,,ft,Approved,,2025-03-11T19:58:39.236615+00:00,1c1f4ede2bf642baa8a05a837c4f58ea
2018-01-26,699.05,,ft,Approved,,2025-03-11T19:58:39.236615+00:00,1c1f4ede2bf642baa8a05a837c4f58ea
2018-01-27,699.07,,ft,Approved,,2025-03-11T19:58:39.236615+00:00,1c1f4ede2bf642baa8a05a837c4f58ea
2018-01-28,699.07,,ft,Approved,,2025-03-11T19:58:39.236615+00:00,1c1f4ede2bf642baa8a05a837c4f58ea
2018-01-29,699.06,,ft,Approved,,2025-03-11T19:58:39.236615+00:00,1c1f4ede2bf642baa8a05a837c4f58ea
2018-01-30,699.05,,ft,Approved,,2025-03-11T19:58:39.236615+00:00,1c1f4ede2bf642baa8a05a837c4f58ea
2018-01-31,699.04,,ft,Approved,,2025-03-11T19:58:39.236615+00:00,1c1f4ede2bf642baa8a05a837c4f58ea
2018-02-01,699.04,,ft,Approved,,2025-03-11T19:58:39.236615+00:00,1c1f4ede2bf642baa8a05a837c4f58ea
2018-02-02,699.02,,ft,Approved,,2025-03-11T19:58:39.236615+00:00,1c1f4ede2bf642baa8a05a837c4f58ea
2018-02-03,699.01,,ft,Approved,,2025-03-11T19:58:39.236615+00:00,1c1f4ede2bf642baa8a05a837c4f58ea
2018-02-04,699.02,,ft,Approved,,2025-03-11T19:58:39.236615+00:00,1c1f4ede2bf642baa8a05a837c4f58ea
2018-02-05,699.01,,ft,Approved,,2025-03-11T19:58:39.236615+00:00,1c1f4ede2bf642baa8a05a837c4f58ea
2018-02-06,699.01,,ft,Approved,,2025-03-11T19:58:39.236615+00:00,1c1f4ede2bf642baa8a05a837c4f58ea
2018-02-07,699.01,,ft,Approved,,2025-03-11T19:58:39.236615+00:00,1c1f4ede2bf642baa8a05a837c4f58ea
2018-02-08,699.0,,ft,Approved,,2025-03-11T19:58:39.236615+00:00,1c1f4ede2bf642baa8a05a837c4f58ea
2018-02-09,699.01,,ft,Approved,,2025-03-11T19:58:39.236615+00:00,1c1f4ede2bf642baa8a05a837c4f58ea
2018-02-10,699.02,,ft,Approved,,2025-03-11T19:58:39.236615+00:00,1c1f4ede2bf642baa8a05a837c4f58ea
2018-02-11,699.0,,ft,Approved,,2025-03-11T19:58:39.236615+00:00,1c1f4ede2bf642baa8a05a837c4f58ea
2018-02-12,698.99,,ft,Approved,,2025-03-11T19:58:39.236615+00:00,1c1f4ede2bf642baa8a05a837c4f58ea
2018-02-13,698.99,,ft,Approved,,2025-03-11T19:58:39.236615+00:00,1c1f4ede2bf642baa8a05a837c4f58ea
2018-02-14,699.01,,ft,Approved,,2025-03-11T19:58:39.236615+00:00,1c1f4ede2bf642baa8a05a837c4f58ea
2018-02-15,699.03,,ft,Approved,,2025-03-11T19:58:39.236615+00:00,1c1f4ede2bf642baa8a05a837c4f58ea
2018-02-16,699.04,,ft,Approved,,2025-03-11T19:58:39.236615+00:00,1c1f4ede2bf642baa8a05a837c4f58ea
2018-02-17,699.03,,ft,Approved,,2025-03-11T19:58:39.236615+00:00,1c1f4ede2bf642baa8a05a837c4f58ea
2018-02-18,699.04,,ft,Approved,,2025-03-11T19:58:39.236615+00:00,1c1f4ede2bf642baa8a05a837c4f58ea
2018-02-19,699.06,,ft,Approved,,2025-03-11T19:58:39.236615+00:00,1c1f4ede2bf642baa8a05a837c4f58ea
2018-02-20,699.07,,ft,Approved,,2025-03-11T19:58:39.236615+00:00,1c1f4ede2bf642baa8a05a837c4f58ea
2018-02-21,699.07,,ft,Approved,,2025-03-11T19:58:39.236615+00:00,1c1f4ede2bf642baa8a05a837c4f58ea
2018-02-22,699.08,,ft,Approved,,2025-03-11T19:58:39.236615+00:00,1c1f4ede2bf642baa8a05a837c4f58ea
2018-02-23,699.26,,ft,Approved,,2025-03-11T19:58:39.236615+00:00,1c1f4ede2bf642baa8a05a837c4f58ea
2018-02-24,699.25,,ft,Approved,,2025-03-11T19:58:39.236615+00:00,1c1f4ede2bf642baa8a05a837c4f58ea
2018-02-25,699.29,,ft,Approved,,2025-03-11T19:58:39.236615+00:00,1c1f4ede2bf642baa8a05a837c4f58ea
2018-02-26,699.28,,ft,Approved,,2025-03-11T19:58:39.236615+00:00,1c1f4ede2bf642baa8a05a837c4f58ea
2018-02-27,699.24,,ft,Approved,,2025-03-11T19:58:39.236615+00:00,1c1f4ede2bf642baa8a05a837c4f58ea
2018-02-28,699.22,,ft,Approved,,2025-03-11T19:58:39.236615+00:00,1c1f4ede2bf642baa8a05a837c4f58ea
2018-03-01,699.19,,ft,Approved,,2025-03-11T19:58:39.236615+00:00,1c1f4ede2bf642baa8a05a837c4f58ea
2018-03-02,699.17,,ft,Approved,,2025-03-11T19:58:39.236615+00:00,1c1f4ede2bf642baa8a05a837c4f58ea
2018-03-03,699.16,,ft,Approved,,2025-03-11T19:58:39.236615+00:00,1c1f4ede2bf642baa8a05a837c4f58ea
2018-03-04,699.17,,ft,Approved,,2025-03-11T19:58:39.236615+00:00,1c1f4ede2bf642baa8a05a837c4f58ea
2018-03-05,699.17,,ft,Approved,,2025-03-11T19:58:39.236615+00:00,1c1f4ede2bf642baa8a05a837c4f58ea
2018-03-06,699.14,,ft,Approved,,2025-03-11T19:58:39.236615+00:00,1c1f4ede2bf642baa8a05a837c4f58ea
2018-03-07,699.12,,ft,Approved,,2025-03-11T19:58:39.236615+00:00,1c1f4ede2bf642baa8a05a837c4f58ea
2018-03-08,699.11,,ft,Approved,,2025-03-11T19:58:39.236615+00:00,1c1f4ede2bf642baa8a05a837c4f58ea
2018-03-09,699.11,,ft,Approved,,2025-03-11T19:58:39.236615+00:00,1c1f4ede2bf642baa8a05a837c4f58ea
2018-03-10,699.12,,ft,Approved,,2025-03-11T19:58:39.236615+00:00,1c1f4ede2bf642baa8a05a837c4f58ea
2018-03-11,699.1,,ft,Approved,,2025-03-11T19:58:39.236615+00:00,1c1f4ede2bf642baa8a05a837c4f58ea
2018-03-12,699.07,,ft,Approved,,2025-03-11T19:58:39.236615+00:00,1c1f4ede2bf642baa8a05a837c4f58ea
2018-03-13,699.06,,ft,Approved,,2025-03-11T19:58:39.236615+00:00,1c1f4ede2bf642baa8a05a837c4f58ea
2018-03-14,699.06,,ft,Approved,,2025-03-11T19:58:39.236615+00:00,1c1f4ede2bf642baa8a05a837c4f58ea
2018-03-15,699.06,,ft,Approved,,2025-03-11T19:58:39.236615+00:00,1c1f4ede2bf642baa8a05a837c4f58ea
2018-03-16,699.07,,ft,Approved,,2025-03-11T19:58:39.236615+00:00,1c1f4ede2bf642baa8a05a837c4f58ea
2018-03-17,699.08,,ft,Approved,,2025-03-11T19:58:39.236615+00:00,1c1f4ede2bf642baa8a05a837c4f58ea
2018-03-18,699.11,,ft,Approved,,2025-03-11T19:58:39.236615+00:00,1c1f4ede2bf642baa8a05a837c4f58ea
2018-03-19,699.12,,ft,Approved,,2025-03-11T19:58:39.236615+00:00,1c1f4ede2bf642baa8a05a837c4f58ea
2018-03-20,699.08,,ft,Approved,,2025-03-11T19:58:39.236615+00:00,1c1f4ede2bf642baa8a05a837c4f58ea
2018-03-21,699.07,,ft,Approved,,2025-03-11T19:58:39.236615+00:00,1c1f4ede2bf642baa8a05a837c4f58ea
2018-03-22,699.06,,ft,Approved,,2025-03-11T19:58:39.236615+00:00,1c1f4ede2bf642baa8a05a837c4f58ea
2018-03-23,699.05,,ft,Approved,,2025-03-11T19:58:39.236615+00:00,1c1f4ede2bf642baa8a05a837c4f58ea
2018-03-24,699.05,,ft,Approved,,2025-03-11T19:58:39.236615+00:00,1c1f4ede2bf642baa8a05a837c4f58ea
2018-03-25,699.06,,ft,Approved,,2025-03-11T19:58:39.236615+00:00,1c1f4ede2bf642baa8a05a837c4f58ea
2018-03-26,699.06,,ft,Approved,,2025-03-11T19:58:39.236615+00:00,1c1f4ede2bf642baa8a05a837c4f58ea
2018-03-27,699.05,,ft,Approved,,2025-03-11T19:58:39.236615+00:00,1c1f4ede2bf642baa8a05a837c4f58ea
2018-03-28,699.94,,ft,Approved,,2025-03-11T19:58:39.236615+00:00,1c1f4ede2bf642baa8a05a837c4f58ea
2018-03-29,699.48,,ft,Approved,,2025-03-11T19:58:39.236615+00:00,1c1f4ede2bf642baa8a05a837c4f58ea
2018-03-30,699.3,,ft,Approved,,2025-03-11T19:58:39.236615+00:00,1c1f4ede2bf642baa8a05a837c4f58ea
2018-03-31,699.24,,ft,Approved,,2025-03-11T19:58:39.236615+00:00,1c1f4ede2bf642baa8a05a837c4f58ea
2018-04-01,699.21,,ft,Approved,,2025-03-11T19:58:39.236615+00:00,1c1f4ede2bf642baa8a05a837c4f58ea
2018-04-02,699.19,,ft,Approved,,2025-03-11T19:58:39.236615+00:00,1c1f4ede2bf642baa8a05a837c4f58ea
2018-04-03,699.17,,ft,Approved,,2025-03-11T19:58:39.236615+00:00,1c1f4ede2bf642baa8a05a837c4f58ea
2018-04-04,699.13,,ft,Approved,,2025-03-11T19:58:39.236615+00:00,1c1f4ede2bf642baa8a05a837c4f58ea
2018-04-05,699.13,,ft,Approved,,2025-03-11T19:58:39.236615+00:00,1c1f4ede2bf642baa8a05a837c4f58ea
2018-04-06,699.14,,ft,Approved,,2025-03-11T19:58:39.236615+00:00,1c1f4ede2bf642baa8a05a837c4f58ea
2018-04-07,699.19,,ft,Approved,,2025-03-11T19:58:39.236615+00:00,1c1f4ede2bf642baa8a05a837c4f58ea
2018-04-08,699.15,,ft,Approved,,2025-03-11T19:58:39.236615+00:00,1c1f4ede2bf642baa8a05a837c4f58ea
2018-04-09,699.14,,ft,Approved,,2025-03-11T19:58:39.236615+00:00,1c1f4ede2bf642baa8a05a837c4f58ea
2018-04-10,699.13,,ft,Approved,,2025-03-11T19:58:39.236615+00:00,1c1f4ede2bf642baa8a05a837c4f58ea
2018-04-11,699.12,,ft,Approved,,2025-03-11T19:58:39.236615+00:00,1c1f4ede2bf642baa8a05a837c4f58ea
2018-04-12,699.12,,ft,Approved,,2025-03-11T19:58:39.236615+00:00,1c1f4ede2bf642baa8a05a837c4f58ea
2018-04-13,699.13,,ft,Approved,,2025-03-11T19:58:39.236615+00:00,1c1f4ede2bf642baa8a05a837c4f58ea
2018-04-14,699.14,,ft,Approved,,2025-03-11T19:58:39.236615+00:00,1c1f4ede2bf642baa8a05a837c4f58ea
2018-04-15,699.1,,ft,Approved,,2025-03-11T19:58:39.236615+00:00,1c1f4ede2bf642baa8a05a837c4f58ea
2018-04-16,699.09,,ft,Approved,,2025-03-11T19:58:39.236615+00:00,1c1f4ede2bf642baa8a05a837c4f58ea
2018-04-17,699.08,,ft,Approved,,2025-03-11T19:58:39.236615+00:00,1c1f4ede2bf642baa8a05a837c4f58ea
2018-04-18,699.07,,ft,Approved,,2025-03-11T19:58:39.236615+00:00,1c1f4ede2bf642baa8a05a837c4f58ea
2018-04-19,699.05,,ft,Approved,,2025-03-11T19:58:39.236615+00:00,1c1f4ede2bf642baa8a05a837c4f58ea
2018-04-20,699.04,,ft,Approved,,2025-03-11T19:58:39.236615+00:00,1c1f4ede2bf642baa8a05a837c4f58ea
2018-04-21,699.03,,ft,Approved,,2025-03-11T19:58:39.236615+00:00,1c1f4ede2bf642baa8a05a837c4f58ea
2018-04-22,699.03,,ft,Approved,,2025-03-11T19:58:39.236615+00:00,1c1f4ede2bf642baa8a05a837c4f58ea
2018-04-23,699.02,,ft,Approved,,2025-03-11T19:58:39.236615+00:00,1c1f4ede2bf642baa8a05a837c4f58ea
2018-04-24,699.01,,ft,Approved,,2025-03-11T19:58:39.236615+00:00,1c1f4ede2bf642baa8a05a837c4f58ea
2018-04-25,699.0,,ft,Approved,,2025-03-11T19:58:39.236615+00:00,1c1f4ede2bf642baa8a05a837c4f58ea
2018-04-26,698.99,,ft,Approved,,2025-03-11T19:58:39.236615+00:00,1c1f4ede2bf642baa8a05a837c4f58ea
2018-04-27,698.98,,ft,Approved,,2025-03-11T19:58:39.236615+00:00,1c1f4ede2bf642baa8a05a837c4f58ea
2018-04-28,698.97,,ft,Approved,,2025-03-11T19:58:39.236615+00:00,1c1f4ede2bf642baa8a05a837c4f58ea
2018-04-29,698.96,,ft,Approved,,2025-03-11T19:58:39.236615+00:00,1c1f4ede2bf642baa8a05a837c4f58ea
2018-04-30,698.95,,ft,Approved,,2025-03-11T19:58:39.236615+00:00,1c1f4ede2bf642baa8a05a837c4f58ea
2018-05-01,698.96,,ft,Approved,,2025-03-11T19:58:39.236615+00:00,1c1f4ede2bf642baa8a05a837c4f58ea
2018-05-02,698.95,,ft,Approved,,2025-03-11T19:58:39.236615+00:00,1c1f4ede2bf642baa8a05a837c4f58ea
2018-05-03,698.94,,ft,Approved,,2025-03-11T19:58:39.236615+00:00,1c1f4ede2bf642baa8a05a837c4f58ea
2018-05-04,699.0,,ft,Approved,,2025-03-11T19:58:39.236615+00:00,1c1f4ede2bf642baa8a05a837c4f58ea
2018-05-05,699.08,,ft,Approved,,2025-03-11T19:58:39.236615+00:00,1c1f4ede2bf642baa8a05a837c4f58ea
2018-05-06,699.07,,ft,Approved,,2025-03-11T19:58:39.236615+00:00,1c1f4ede2bf642baa8a05a837c4f58ea
2018-05-07,699.06,,ft,Approved,,2025-03-11T19:58:39.236615+00:00,1c1f4ede2bf642baa8a05a837c4f58ea
2018-05-08,699.05,,ft,Approved,,2025-03-11T19:58:39.236615+00:00,1c1f4ede2bf642baa8a05a837c4f58ea
2018-05-09,699.02,,ft,Approved,,2025-03-11T19:58:39.236615+00:00,1c1f4ede2bf642baa8a05a837c4f58ea
2018-05-10,699.0,,ft,Approved,,2025-03-11T19:58:39.236615+00:00,1c1f4ede2bf642baa8a05a837c4f58ea
2018-05-11,698.98,,ft,Approved,,2025-03-11T19:58:39.236615+00:00,1c1f4ede2bf642baa8a05a837c4f58ea
2018-05-12,698.96,,ft,Approved,,2025-03-11T19:58:39.236615+00:00,1c1f4ede2bf642baa8a05a837c4f58ea
2018-05-13,698.94,,ft,Approved,,2025-03-11T19:58:39.236615+00:00,1c1f4ede2bf642baa8a05a837c4f58ea
2018-05-14,698.92,,ft,Approved,,2025-03-11T19:58:39.236615+00:00,1c1f4ede2bf642baa8a05a837c4f58ea
2018-05-15,698.91,,ft,Approved,,2025-03-11T19:58:39.236615+00:00,1c1f4ede2bf642baa8a05a837c4f58ea
2018-05-16,698.89,,ft,Approved,,2025-03-11T19:58:39.236615+00:00,1c1f4ede2bf642baa8a05a837c4f58ea
2018-05-17,698.87,,ft,Approved,,2025-03-11T19:58:39.236615+00:00,1c1f4ede2bf642baa8a05a837c4f58ea
2018-05-18,698.84,,ft,Approved,,2025-03-11T19:58:39.236615+00:00,1c1f4ede2bf642baa8a05a837c4f58ea
2018-05-19,698.81,,ft,Approved,,2025-03-11T19:58:39.236615+00:00,1c1f4ede2bf642baa8a05a837c4f58ea
2018-05-20,698.8,,ft,Approved,,2025-03-11T19:58:39.236615+00:00,1c1f4ede2bf642baa8a05a837c4f58ea
2018-05-21,698.81,,ft,Approved,,2025-03-11T19:58:39.236615+00:00,1c1f4ede2bf642baa8a05a837c4f58ea
2018-05-22,698.8,,ft,Approved,,2025-03-11T19:58:39.236615+00:00,1c1f4ede2bf642baa8a05a837c4f58ea
2018-05-23,698.78,,ft,Approved,,2025-03-11T19:58:39.236615+00:00,1c1f4ede2bf642baa8a05a837c4f58ea
2018-05-24,698.76,,ft,Approved,,2025-03-11T19:58:39.236615+00:00,1c1f4ede2bf642baa8a05a837c4f58ea
2018-05-25,698.75,,ft,Approved,,2025-03-11T19:58:39.236615+00:00,1c1f4ede2bf642baa8a05a837c4f58ea
2018-05-26,698.72,,ft,Approved,,2025-03-11T19:58:39.236615+00:00,1c1f4ede2bf642baa8a05a837c4f58ea
2018-05-27,698.7,,ft,Approved,,2025-03-11T19:58:39.236615+00:00,1c1f4ede2bf642baa8a05a837c4f58ea
2018-05-28,698.67,,ft,Approved,,2025-03-11T19:58:39.236615+00:00,1c1f4ede2bf642baa8a05a837c4f58ea
2018-05-29,698.65,,ft,Approved,,2025-03-11T19:58:39.236615+00:00,1c1f4ede2bf642baa8a05a837c4f58ea
2018-05-30,698.62,,ft,Approved,,2025-03-11T19:58:39.236615+00:00,1c1f4ede2bf642baa8a05a837c4f58ea
2018-05-31,698.58,,ft,Approved,,2025-03-11T19:58:39.236615+00:00,1c1f4ede2bf642baa8a05a837c4f58ea
2018-06-01,698.55,,ft,Approved,,2025-03-11T19:58:39.236615+00:00,1c1f4ede2bf642baa8a05a837c4f58ea
2018-06-02,698.52,,ft,Approved,,2025-03-11T19:58:39.236615+00:00,1c1f4ede2bf642baa8a05a837c4f58ea
2018-06-03,698.5,,ft,Approved,,2025-03-11T19:58:39.236615+00:00,1c1f4ede2bf642baa8a05a837c4f58ea
2018-06-04,698.61,,ft,Approved,,2025-03-11T19:58:39.236615+00:00,1c1f4ede2bf642baa8a05a837c4f58ea
2018-06-05,698.6,,ft,Approved,,2025-03-11T19:58:39.236615+00:00,1c1f4ede2bf642baa8a05a837c4f58ea
2018-06-06,698.58,,ft,Approved,,2025-03-11T19:58:39.236615+00:00,1c1f4ede2bf642baa8a05a837c4f58ea
2018-06-07,698.56,,ft,Approved,,2025-03-11T19:58:39.236615+00:00,1c1f4ede2bf642baa8a05a837c4f58ea
2018-06-08,698.53,,ft,Approved,,2025-03-11T19:58:39.236615+00:00,1c1f4ede2bf642baa8a05a837c4f58ea
2018-06-09,698.5,,ft,Approved,,2025-03-11T19:58:39.236615+00:00,1c1f4ede2bf642baa8a05a837c4f58ea
2018-06-10,698.47,,ft,Approved,,2025-03-11T19:58:39.236615+00:00,1c1f4ede2bf642baa8a05a837c4f58ea
2018-06-11,698.44,,ft,Approved,,2025-03-11T19:58:39.236615+00:00,1c1f4ede2bf642baa8a05a837c4f58ea
2018-06-12,698.4,,ft,Approved,,2025-03-11T19:58:39.236615+00:00,1c1f4ede2bf642baa8a05a837c4f58ea
2018-06-13,698.37,,ft,Approved,,2025-03-11T19:58:39.236615+00:00,1c1f4ede2bf642baa8a05a837c4f58ea
2018-06-14,698.34,,ft,Approved,,2025-03-11T19:58:39.236615+00:00,1c1f4ede2bf642baa8a05a837c4f58ea
2018-06-15,698.31,,ft,Approved,,2025-03-11T19:58:39.236615+00:00,1c1f4ede2bf642baa8a05a837c4f58ea
2018-06-16,698.29,,ft,Approved,,2025-03-11T19:58:39.236615+00:00,1c1f4ede2bf642baa8a05a837c4f58ea
2018-06-17,698.27,,ft,Approved,,2025-03-11T19:58:39.236615+00:00,1c1f4ede2bf642baa8a05a837c4f58ea
2018-06-18,698.26,,ft,Approved,,2025-03-11T19:58:39.236615+00:00,1c1f4ede2bf642baa8a05a837c4f58ea
2018-06-19,698.25,,ft,Approved,,2025-03-11T19:58:39.236615+00:00,1c1f4ede2bf642baa8a05a837c4f58ea
2018-06-20,698.26,,ft,Approved,,2025-03-11T19:58:39.236615+00:00,1c1f4ede2bf642baa8a05a837c4f58ea
2018-06-21,698.27,,ft,Approved,,2025-03-11T19:58:39.236615+00:00,1c1f4ede2bf642baa8a05a837c4f58ea
2018-06-22,698.26,,ft,Approved,,2025-03-11T19:58:39.236615+00:00,1c1f4ede2bf642baa8a05a837c4f58ea
2018-06-23,698.24,,ft,Approved,,2025-03-11T19:58:39.236615+00:00,1c1f4ede2bf642baa8a05a837c4f58ea
2018-06-24,698.21,,ft,Approved,,2025-03-11T19:58:39.236615+00:00,1c1f4ede2bf642baa8a05a837c4f58ea
2018-06-25,698.19,,ft,Approved,,2025-03-11T19:58:39.236615+00:00,1c1f4ede2bf642baa8a05a837c4f58ea
2018-06-26,698.17,,ft,Approved,,2025-03-11T19:58:39.236615+00:00,1c1f4ede2bf642baa8a05a837c4f58ea
2018-06-27,698.14,,ft,Approved,,2025-03-11T19:58:39.236615+00:00,1c1f4ede2bf642baa8a05a837c4f58ea
2018-06-28,698.12,,ft,Approved,,2025-03-11T19:58:39.236615+00:00,1c1f4ede2bf642baa8a05a837c4f58ea
2018-06-29,698.1,,ft,Approved,,2025-03-11T19:58:39.236615+00:00,1c1f4ede2bf642baa8a05a837c4f58ea
2018-06-30,698.07,,ft,Approved,,2025-03-11T19:58:39.236615+00:00,1c1f4ede2bf642baa8a05a837c4f58ea
2018-07-01,698.04,,ft,Approved,,2025-03-11T19:58:39.236615+00:00,1c1f4ede2bf642baa8a05a837c4f58ea
2018-07-02,698.02,,ft,Approved,,2025-03-11T19:58:39.236615+00:00,1c1f4ede2bf642baa8a05a837c4f58ea
2018-07-03,698.0,,ft,Approved,,2025-03-11T19:58:39.236615+00:00,1c1f4ede2bf642baa8a05a837c4f58ea
2018-07-04,697.98,,ft,Approved,,2025-03-11T19:58:39.236615+00:00,1c1f4ede2bf642baa8a05a837c4f58ea
2018-07-05,697.97,,ft,Approved,,2025-03-11T19:58:39.236615+00:00,1c1f4ede2bf642baa8a05a837c4f58ea
2018-07-06,697.96,,ft,Approved,,2025-03-11T19:58:39.236615+00:00,1c1f4ede2bf642baa8a05a837c4f58ea
2018-07-10,698.18,,ft,Approved,,2025-03-11T19:58:39.236615+00:00,1c1f4ede2bf642baa8a05a837c4f58ea
2018-07-11,698.16,,ft,Approved,,2025-03-11T19:58:39.236615+00:00,1c1f4ede2bf642baa8a05a837c4f58ea
2018-07-12,698.14,,ft,Approved,,2025-03-11T19:58:39.236615+00:00,1c1f4ede2bf642baa8a05a837c4f58ea
2018-07-13,698.12,,ft,Approved,,2025-03-11T19:58:39.236615+00:00,1c1f4ede2bf642baa8a05a837c4f58ea
2018-07-14,698.09,,ft,Approved,,2025-03-11T19:58:39.236615+00:00,1c1f4ede2bf642baa8a05a837c4f58ea
2018-07-15,698.06,,ft,Approved,,2025-03-11T19:58:39.236615+00:00,1c1f4ede2bf642baa8a05a837c4f58ea
2018-07-16,698.03,,ft,Approved,,2025-03-11T19:58:39.236615+00:00,1c1f4ede2bf642baa8a05a837c4f58ea
2018-07-17,698.0,,ft,Approved,,2025-03-11T19:58:39.236615+00:00,1c1f4ede2bf642baa8a05a837c4f58ea
2018-07-18,697.97,,ft,Approved,,2025-03-11T19:58:39.236615+00:00,1c1f4ede2bf642baa8a05a837c4f58ea
2018-07-19,697.95,,ft,Approved,,2025-03-11T19:58:39.236615+00:00,1c1f4ede2bf642baa8a05a837c4f58ea
2018-07-20,697.92,,ft,Approved,,2025-03-11T19:58:39.236615+00:00,1c1f4ede2bf642baa8a05a837c4f58ea
2018-07-21,697.88,,ft,Approved,,2025-03-11T19:58:39.236615+00:00,1c1f4ede2bf642baa8a05a837c4f58ea
2018-07-22,697.85,,ft,Approved,,2025-03-11T19:58:39.236615+00:00,1c1f4ede2bf642baa8a05a837c4f58ea
2018-07-23,697.83,,ft,Approved,,2025-03-11T19:58:39.236615+00:00,1c1f4ede2bf642baa8a05a837c4f58ea
2018-07-24,697.79,,ft,Approved,,2025-03-11T19:58:39.236615+00:00,1c1f4ede2bf642baa8a05a837c4f58ea
2018-07-25,697.76,,ft,Approved,,2025-03-11T19:58:39.236615+00:00,1c1f4ede2bf642baa8a05a837c4f58ea
2018-07-26,697.73,,ft,Approved,,2025-03-11T19:58:39.236615+00:00,1c1f4ede2bf642baa8a05a837c4f58ea
2018-07-27,697.7,,ft,Approved,,2025-03-11T19:58:39.236615+00:00,1c1f4ede2bf642baa8a05a837c4f58ea
2018-07-28,697.67,,ft,Approved,,2025-03-11T19:58:39.236615+00:00,1c1f4ede2bf642baa8a05a837c4f58ea
2018-07-29,697.64,,ft,Approved,,2025-03-11T19:58:39.236615+00:00,1c1f4ede2bf642baa8a05a837c4f58ea
2018-07-30,697.61,,ft,Approved,,2025-03-11T19:58:39.236615+00:00,1c1f4ede2bf642baa8a05a837c4f58ea
2018-07-31,697.58,,ft,Approved,,2025-03-11T19:58:39.236615+00:00,1c1f4ede2bf642baa8a05a837c4f58ea
2018-08-01,697.55,,ft,Approved,,2025-03-11T19:58:39.236615+00:00,1c1f4ede2bf642baa8a05a837c4f58ea
2018-08-02,697.52,,ft,Approved,,2025-03-11T19:58:39.236615+00:00,1c1f4ede2bf642baa8a05a837c4f58ea
2018-08-03,697.5,,ft,Approved,,2025-03-11T19:58:39.236615+00:00,1c1f4ede2bf642baa8a05a837c4f58ea
2018-08-04,697.47,,ft,Approved,,2025-03-11T19:58:39.236615+00:00,1c1f4ede2bf642baa8a05a837c4f58ea
2018-08-05,697.45,,ft,Approved,,2025-03-11T19:58:39.236615+00:00,1c1f4ede2bf642baa8a05a837c4f58ea
2018-08-06,697.41,,ft,Approved,,2025-03-11T19:58:39.236615+00:00,1c1f4ede2bf642baa8a05a837c4f58ea
2018-08-07,697.38,,ft,Approved,,2025-03-11T19:58:39.236615+00:00,1c1f4ede2bf642baa8a05a837c4f58ea
2018-08-08,697.34,,ft,Approved,,2025-03-11T19:58:39.236615+00:00,1c1f4ede2bf642baa8a05a837c4f58ea
2018-08-09,697.31,,ft,Approved,,2025-03-11T19:58:39.236615+00:00,1c1f4ede2bf642baa8a05a837c4f58ea
2018-08-10,697.29,,ft,Approved,,2025-03-11T19:58:39.236615+00:00,1c1f4ede2bf642baa8a05a837c4f58ea
2018-08-11,697.27,,ft,Approved,,2025-03-11T19:58:39.236615+00:00,1c1f4ede2bf642baa8a05a837c4f58ea
2018-08-12,697.3,,ft,Approved,,2025-03-11T19:58:39.236615+00:00,1c1f4ede2bf642baa8a05a837c4f58ea
2018-08-13,697.31,,ft,Approved,,2025-03-11T19:58:39.236615+00:00,1c1f4ede2bf642baa8a05a837c4f58ea
2018-08-14,697.28,,ft,Approved,,2025-03-11T19:58:39.236615+00:00,1c1f4ede2bf642baa8a05a837c4f58ea
2018-08-15,697.25,,ft,Approved,,2025-03-11T19:58:39.236615+00:00,1c1f4ede2bf642baa8a05a837c4f58ea
2018-08-16,697.22,,ft,Approved,,2025-03-11T19:58:39.236615+00:00,1c1f4ede2bf642baa8a05a837c4f58ea
2018-08-17,697.19,,ft,Approved,,2025-03-11T19:58:39.236615+00:00,1c1f4ede2bf642baa8a05a837c4f58ea
2018-08-18,697.18,,ft,Approved,,2025-03-11T19:58:39.236615+00:00,1c1f4ede2bf642baa8a05a837c4f58ea
2018-08-19,697.17,,ft,Approved,,2025-03-11T19:58:39.236615+00:00,1c1f4ede2bf642baa8a05a837c4f58ea
2018-08-20,697.13,,ft,Approved,,2025-03-11T19:58:39.236615+00:00,1c1f4ede2bf642baa8a05a837c4f58ea
2018-08-21,697.07,,ft,Approved,,2025-03-11T19:58:39.236615+00:00,1c1f4ede2bf642baa8a05a837c4f58ea
2018-08-22,697.04,,ft,Approved,,2025-03-11T19:58:39.236615+00:00,1c1f4ede2bf642baa8a05a837c4f58ea
2018-08-23,697.01,,ft,Approved,,2025-03-11T19:58:39.236615+00:00,1c1f4ede2bf642baa8a05a837c4f58ea
2018-08-24,696.98,,ft,Approved,,2025-03-11T19:58:39.236615+00:00,1c1f4ede2bf642baa8a05a837c4f58ea
2018-08-25,696.95,,ft,Approved,,2025-03-11T19:58:39.236615+00:00,1c1f4ede2bf642baa8a05a837c4f58ea
2018-08-26,696.92,,ft,Approved,,2025-03-11T19:58:39.236615+00:00,1c1f4ede2bf642baa8a05a837c4f58ea
2018-08-27,696.88,,ft,Approved,,2025-03-11T19:58:39.236615+00:00,1c1f4ede2bf642baa8a05a837c4f58ea
2018-08-28,696.85,,ft,Approved,,2025-03-11T19:58:39.236615+00:00,1c1f4ede2bf642baa8a05a837c4f58ea
2018-08-29,696.83,,ft,Approved,,2025-03-11T19:58:39.236615+00:00,1c1f4ede2bf642baa8a05a837c4f58ea
2018-08-30,696.8,,ft,Approved,,2025-03-11T19:58:39.236615+00:00,1c1f4ede2bf642baa8a05a837c4f58ea
2018-08-31,696.78,,ft,Approved,,2025-03-11T19:58:39.236615+00:00,1c1f4ede2bf642baa8a05a837c4f58ea
2018-09-01,696.75,,ft,Approved,,2025-03-11T19:58:39.236615+00:00,1c1f4ede2bf642baa8a05a837c4f58ea
2018-09-02,696.73,,ft,Approved,,2025-03-11T19:58:39.236615+00:00,1c1f4ede2bf642baa8a05a837c4f58ea
2018-09-03,696.79,,ft,Approved,,2025-03-11T19:58:39.236615+00:00,1c1f4ede2bf642baa8a05a837c4f58ea
2018-09-04,696.92,,ft,Approved,,2025-03-11T19:58:39.236615+00:00,1c1f4ede2bf642baa8a05a837c4f58ea
2018-09-05,696.91,,ft,Approved,,2025-03-11T19:58:39.236615+00:00,1c1f4ede2bf642baa8a05a837c4f58ea
2018-09-06,696.91,,ft,Approved,,2025-03-11T19:58:39.236615+00:00,1c1f4ede2bf642baa8a05a837c4f58ea
2018-09-07,697.0,,ft,Approved,,2025-03-11T19:58:39.236615+00:00,1c1f4ede2bf642baa8a05a837c4f58ea
2018-09-08,697.43,,ft,Approved,,2025-03-11T19:58:39.236615+00:00,1c1f4ede2bf642baa8a05a837c4f58ea
2018-09-09,697.64,,ft,Approved,,2025-03-11T19:58:39.236615+00:00,1c1f4ede2bf642baa8a05a837c4f58ea
2018-09-10,697.76,,ft,Approved,,2025-03-11T19:58:39.236615+00:00,1c1f4ede2bf642baa8a05a837c4f58ea
2018-09-11,697.79,,ft,Approved,,2025-03-11T19:58:39.236615+00:00,1c1f4ede2bf642baa8a05a837c4f58ea
2018-09-12,697.84,,ft,Approved,,2025-03-11T19:58:39.236615+00:00,1c1f4ede2bf642baa8a05a837c4f58ea
2018-09-13,697.85,,ft,Approved,,2025-03-11T19:58:39.236615+00:00,1c1f4ede2bf642baa8a05a837c4f58ea
2018-09-14,697.85,,ft,Approved,,2025-03-11T19:58:39.236615+00:00,1c1f4ede2bf642baa8a05a837c4f58ea
2018-09-15,697.88,,ft,Approved,,2025-03-11T19:58:39.236615+00:00,1c1f4ede2bf642baa8a05a837c4f58ea
2018-09-16,697.9,,ft,Approved,,2025-03-11T19:58:39.236615+00:00,1c1f4ede2bf642baa8a05a837c4f58ea
2018-09-17,697.9,,ft,Approved,,2025-03-11T19:58:39.236615+00:00,1c1f4ede2bf642baa8a05a837c4f58ea
2018-09-18,697.9,,ft,Approved,,2025-03-11T19:58:39.236615+00:00,1c1f4ede2bf642baa8a05a837c4f58ea
2018-09-19,697.89,,ft,Approved,,2025-03-11T19:58:39.236615+00:00,1c1f4ede2bf642baa8a05a837c4f58ea
2018-09-20,697.89,,ft,Approved,,2025-03-11T19:58:39.236615+00:00,1c1f4ede2bf642baa8a05a837c4f58ea
2018-09-21,698.04,,ft,Approved,,2025-03-11T19:58:39.236615+00:00,1c1f4ede2bf642baa8a05a837c4f58ea
2018-09-22,701.8,,ft,Approved,,2025-03-11T19:58:39.236615+00:00,1c1f4ede2bf642baa8a05a837c4f58ea
2018-09-23,700.46,,ft,Approved,,2025-03-11T19:58:39.236615+00:00,1c1f4ede2bf642baa8a05a837c4f58ea
2018-09-24,699.4,,ft,Approved,,2025-03-11T19:58:39.236615+00:00,1c1f4ede2bf642baa8a05a837c4f58ea
2018-09-25,699.22,,ft,Approved,,2025-03-11T19:58:39.236615+00:00,1c1f4ede2bf642baa8a05a837c4f58ea
2018-09-26,699.16,,ft,Approved,,2025-03-11T19:58:39.236615+00:00,1c1f4ede2bf642baa8a05a837c4f58ea
2018-09-27,699.11,,ft,Approved,,2025-03-11T19:58:39.236615+00:00,1c1f4ede2bf642baa8a05a837c4f58ea
2018-09-28,699.09,,ft,Approved,,2025-03-11T19:58:39.236615+00:00,1c1f4ede2bf642baa8a05a837c4f58ea
2018-09-29,699.09,,ft,Approved,,2025-03-11T19:58:39.236615+00:00,1c1f4ede2bf642baa8a05a837c4f58ea
2018-09-30,699.1,,ft,Approved,,2025-03-11T19:58:39.236615+00:00,1c1f4ede2bf642baa8a05a837c4f58ea
2018-10-01,699.09,,ft,Approved,,2025-03-11T19:58:39.236615+00:00,1c1f4ede2bf642baa8a05a837c4f58ea
2018-10-02,699.09,,ft,Approved,,2025-03-11T19:58:39.236615+00:00,1c1f4ede2bf642baa8a05a837c4f58ea
2018-10-03,699.09,,ft,Approved,,2025-03-11T19:58:39.236615+00:00,1c1f4ede2bf642baa8a05a837c4f58ea
2018-10-04,699.08,,ft,Approved,,2025-03-11T19:58:39.236615+00:00,1c1f4ede2bf642baa8a05a837c4f58ea
2018-10-05,699.07,,ft,Approved,,2025-03-11T19:58:39.236615+00:00,1c1f4ede2bf642baa8a05a837c4f58ea
2018-10-06,699.06,,ft,Approved,,2025-03-11T19:58:39.236615+00:00,1c1f4ede2bf642baa8a05a837c4f58ea
2018-10-07,699.05,,ft,Approved,,2025-03-11T19:58:39.236615+00:00,1c1f4ede2bf642baa8a05a837c4f58ea
2018-10-08,699.05,,ft,Approved,,2025-03-11T19:58:39.236615+00:00,1c1f4ede2bf642baa8a05a837c4f58ea
2018-10-09,699.47,,ft,Approved,,2025-03-11T19:58:39.236615+00:00,1c1f4ede2bf642baa8a05a837c4f58ea
2018-10-10,699.46,,ft,Approved,,2025-03-11T19:58:39.236615+00:00,1c1f4ede2bf642baa8a05a837c4f58ea
2018-10-11,699.24,,ft,Approved,,2025-03-11T19:58:39.236615+00:00,1c1f4ede2bf642baa8a05a837c4f58ea
2018-10-12,699.18,,ft,Approved,,2025-03-11T19:58:39.236615+00:00,1c1f4ede2bf642baa8a05a837c4f58ea
2018-10-13,699.15,,ft,Approved,,2025-03-11T19:58:39.236615+00:00,1c1f4ede2bf642baa8a05a837c4f58ea
2018-10-14,699.12,,ft,Approved,,2025-03-11T19:58:39.236615+00:00,1c1f4ede2bf642baa8a05a837c4f58ea
2018-10-15,699.35,,ft,Approved,,2025-03-11T19:58:39.236615+00:00,1c1f4ede2bf642baa8a05a837c4f58ea
2018-10-16,700.76,,ft,Approved,,2025-03-11T19:58:39.236615+00:00,1c1f4ede2bf642baa8a05a837c4f58ea
2018-10-17,699.71,,ft,Approved,,2025-03-11T19:58:39.236615+00:00,1c1f4ede2bf642baa8a05a837c4f58ea
2018-10-18,699.38,,ft,Approved,,2025-03-11T19:58:39.236615+00:00,1c1f4ede2bf642baa8a05a837c4f58ea
2018-10-19,699.66,,ft,Approved,,2025-03-11T19:58:39.236615+00:00,1c1f4ede2bf642baa8a05a837c4f58ea
2018-10-20,699.75,,ft,Approved,,2025-03-11T19:58:39.236615+00:00,1c1f4ede2bf642baa8a05a837c4f58ea
2018-10-21,699.41,,ft,Approved,,2025-03-11T19:58:39.236615+00:00,1c1f4ede2bf642baa8a05a837c4f58ea
2018-10-22,699.3,,ft,Approved,,2025-03-11T19:58:39.236615+00:00,1c1f4ede2bf642baa8a05a837c4f58ea
2018-10-23,699.27,,ft,Approved,,2025-03-11T19:58:39.236615+00:00,1c1f4ede2bf642baa8a05a837c4f58ea
2018-10-24,699.3,,ft,Approved,,2025-03-11T19:58:39.236615+00:00,1c1f4ede2bf642baa8a05a837c4f58ea
2018-10-25,699.4,,ft,Approved,,2025-03-11T19:58:39.236615+00:00,1c1f4ede2bf642baa8a05a837c4f58ea
2018-10-26,699.31,,ft,Approved,,2025-03-11T19:58:39.236615+00:00,1c1f4ede2bf642baa8a05a837c4f58ea
2018-10-27,699.26,,ft,Approved,,2025-03-11T19:58:39.236615+00:00,1c1f4ede2bf642baa8a05a837c4f58ea
2018-10-28,699.22,,ft,Approved,,2025-03-11T19:58:39.236615+00:00,1c1f4ede2bf642baa8a05a837c4f58ea
2018-10-29,699.2,,ft,Approved,,2025-03-11T19:58:39.236615+00:00,1c1f4ede2bf642baa8a05a837c4f58ea
2018-10-30,699.19,,ft,Approved,,2025-03-11T19:58:39.236615+00:00,1c1f4ede2bf642baa8a05a837c4f58ea
2018-10-31,699.19,,ft,Approved,,2025-03-11T19:58:39.236615+00:00,1c1f4ede2bf642baa8a05a837c4f58ea
2018-11-01,699.18,,ft,Approved,,2025-03-11T19:58:39.236615+00:00,1c1f4ede2bf642baa8a05a837c4f58ea
2018-11-02,699.17,,ft,Approved,,2025-03-11T19:58:39.236615+00:00,1c1f4ede2bf642baa8a05a837c4f58ea
2018-11-03,699.16,,ft,Approved,,2025-03-11T19:58:39.236615+00:00,1c1f4ede2bf642baa8a05a837c4f58ea
2018-11-04,699.18,,ft,Approved,,2025-03-11T19:58:39.236615+00:00,1c1f4ede2bf642baa8a05a837c4f58ea
2018-11-05,699.18,,ft,Approved,,2025-03-11T19:58:39.236615+00:00,1c1f4ede2bf642baa8a05a837c4f58ea
2018-11-06,699.17,,ft,Approved,,2025-03-11T19:58:39.236615+00:00,1c1f4ede2bf642baa8a05a837c4f58ea
2018-11-07,699.17,,ft,Approved,,2025-03-11T19:58:39.236615+00:00,1c1f4ede2bf642baa8a05a837c4f58ea
2018-11-08,699.16,,ft,Approved,,2025-03-11T19:58:39.236615+00:00,1c1f4ede2bf642baa8a05a837c4f58ea
2018-11-09,699.32,,ft,Approved,,2025-03-11T19:58:39.236615+00:00,1c1f4ede2bf642baa8a05a837c4f58ea
2018-11-10,699.25,,ft,Approved,,2025-03-11T19:58:39.236615+00:00,1c1f4ede2bf642baa8a05a837c4f58ea
2018-11-11,699.22,,ft,Approved,,2025-03-11T19:58:39.236615+00:00,1c1f4ede2bf642baa8a05a837c4f58ea
2018-11-12,699.27,,ft,Approved,,2025-03-11T19:58:39.236615+00:00,1c1f4ede2bf642baa8a05a837c4f58ea
2018-11-13,699.24,,ft,Approved,,2025-03-11T19:58:39.236615+00:00,1c1f4ede2bf642baa8a05a837c4f58ea
2018-11-14,699.21,,ft,Approved,,2025-03-11T19:58:39.236615+00:00,1c1f4ede2bf642baa8a05a837c4f58ea
2018-11-15,699.21,,ft,Approved,,2025-03-11T19:58:39.236615+00:00,1c1f4ede2bf642baa8a05a837c4f58ea
2018-11-16,699.2,,ft,Approved,,2025-03-11T19:58:39.236615+00:00,1c1f4ede2bf642baa8a05a837c4f58ea
2018-11-17,699.19,,ft,Approved,,2025-03-11T19:58:39.236615+00:00,1c1f4ede2bf642baa8a05a837c4f58ea
2018-11-18,699.19,,ft,Approved,,2025-03-11T19:58:39.236615+00:00,1c1f4ede2bf642baa8a05a837c4f58ea
2018-11-19,699.18,,ft,Approved,,2025-03-11T19:58:39.236615+00:00,1c1f4ede2bf642baa8a05a837c4f58ea
2018-11-20,699.17,,ft,Approved,,2025-03-11T19:58:39.236615+00:00,1c1f4ede2bf642baa8a05a837c4f58ea
2018-11-21,699.16,,ft,Approved,,2025-03-11T19:58:39.236615+00:00,1c1f4ede2bf642baa8a05a837c4f58ea
2018-11-22,699.17,,ft,Approved,,2025-03-11T19:58:39.236615+00:00,1c1f4ede2bf642baa8a05a837c4f58ea
2018-11-23,699.17,,ft,Approved,,2025-03-11T19:58:39.236615+00:00,1c1f4ede2bf642baa8a05a837c4f58ea
2018-11-24,699.16,,ft,Approved,,2025-03-11T19:58:39.236615+00:00,1c1f4ede2bf642baa8a05a837c4f58ea
2018-11-25,699.15,,ft,Approved,,2025-03-11T19:58:39.236615+00:00,1c1f4ede2bf642baa8a05a837c4f58ea
2018-11-26,699.13,,ft,Approved,,2025-03-11T19:58:39.236615+00:00,1c1f4ede2bf642baa8a05a837c4f58ea
2018-11-27,699.13,,ft,Approved,,2025-03-11T19:58:39.236615+00:00,1c1f4ede2bf642baa8a05a837c4f58ea
2018-11-28,699.13,,ft,Approved,,2025-03-11T19:58:39.236615+00:00,1c1f4ede2bf642baa8a05a837c4f58ea
2018-11-29,699.14,,ft,Approved,,2025-03-11T19:58:39.236615+00:00,1c1f4ede2bf642baa8a05a837c4f58ea
2018-11-30,699.15,,ft,Approved,,2025-03-11T19:58:39.236615+00:00,1c1f4ede2bf642baa8a05a837c4f58ea
2018-12-01,699.18,,ft,Approved,,2025-03-11T19:58:39.236615+00:00,1c1f4ede2bf642baa8a05a837c4f58ea
2018-12-02,699.16,,ft,Approved,,2025-03-11T19:58:39.236615+00:00,1c1f4ede2bf642baa8a05a837c4f58ea
2018-12-03,699.14,,ft,Approved,,2025-03-11T19:58:39.236615+00:00,1c1f4ede2bf642baa8a05a837c4f58ea
2018-12-04,699.13,,ft,Approved,,2025-03-11T19:58:39.236615+00:00,1c1f4ede2bf642baa8a05a837c4f58ea
2018-12-05,699.12,,ft,Approved,,2025-03-11T19:58:39.236615+00:00,1c1f4ede2bf642baa8a05a837c4f58ea
2018-12-06,699.13,,ft,Approved,,2025-03-11T19:58:39.236615+00:00,1c1f4ede2bf642baa8a05a837c4f58ea
2018-12-07,699.39,,ft,Approved,,2025-03-11T19:58:39.236615+00:00,1c1f4ede2bf642baa8a05a837c4f58ea
2018-12-08,699.79,,ft,Approved,,2025-03-11T19:58:39.236615+00:00,1c1f4ede2bf642baa8a05a837c4f58ea
2018-12-09,699.42,,ft,Approved,,2025-03-11T19:58:39.236615+00:00,1c1f4ede2bf642baa8a05a837c4f58ea
2018-12-10,699.32,,ft,Approved,,2025-03-11T19:58:39.236615+00:00,1c1f4ede2bf642baa8a05a837c4f58ea
2018-12-11,699.27,,ft,Approved,,2025-03-11T19:58:39.236615+00:00,1c1f4ede2bf642baa8a05a837c4f58ea
2018-12-12,699.26,,ft,Approved,,2025-03-11T19:58:39.236615+00:00,1c1f4ede2bf642baa8a05a837c4f58ea
2018-12-13,699.24,,ft,Approved,,2025-03-11T19:58:39.236615+00:00,1c1f4ede2bf642baa8a05a837c4f58ea
2018-12-14,699.19,,ft,Approved,,2025-03-11T19:58:39.236615+00:00,1c1f4ede2bf642baa8a05a837c4f58ea
2018-12-15,699.18,,ft,Approved,,2025-03-11T19:58:39.236615+00:00,1c1f4ede2bf642baa8a05a837c4f58ea
2018-12-16,699.18,,ft,Approved,,2025-03-11T19:58:39.236615+00:00,1c1f4ede2bf642baa8a05a837c4f58ea
2018-12-17,699.18,,ft,Approved,,2025-03-11T19:58:39.236615+00:00,1c1f4ede2bf642baa8a05a837c4f58ea
2018-12-18,699.18,,ft,Approved,,2025-03-11T19:58:39.236615+00:00,1c1f4ede2bf642baa8a05a837c4f58ea
2018-12-19,699.18,,ft,Approved,,2025-03-11T19:58:39.236615+00:00,1c1f4ede2bf642baa8a05a837c4f58ea
2018-12-20,699.17,,ft,Approved,,2025-03-11T19:58:39.236615+00:00,1c1f4ede2bf642baa8a05a837c4f58ea
2018-12-21,699.15,,ft,Approved,,2025-03-11T19:58:39.236615+00:00,1c1f4ede2bf642baa8a05a837c4f58ea
2018-12-22,699.15,,ft,Approved,,2025-03-11T19:58:39.236615+00:00,1c1f4ede2bf642baa8a05a837c4f58ea
2018-12-23,699.15,,ft,Approved,,2025-03-11T19:58:39.236615+00:00,1c1f4ede2bf642baa8a05a837c4f58ea
2018-12-24,699.14,,ft,Approved,,2025-03-11T19:58:39.236615+00:00,1c1f4ede2bf642baa8a05a837c4f58ea
2018-12-25,699.15,,ft,Approved,,2025-03-11T19:58:39.236615+00:00,1c1f4ede2bf642baa8a05a837c4f58ea
2018-12-26,699.18,,ft,Approved,,2025-03-11T19:58:39.236615+00:00,1c1f4ede2bf642baa8a05a837c4f58ea
2018-12-27,699.8,,ft,Approved,,2025-03-11T19:58:39.236615+00:00,1c1f4ede2bf642baa8a05a837c4f58ea
2018-12-28,699.37,,ft,Approved,,2025-03-11T19:58:39.236615+00:00,1c1f4ede2bf642baa8a05a837c4f58ea
2018-12-29,699.26,,ft,Approved,,2025-03-11T19:58:39.236615+00:00,1c1f4ede2bf642baa8a05a837c4f58ea
2018-12-30,699.23,,ft,Approved,,2025-03-11T19:58:39.236615+00:00,1c1f4ede2bf642baa8a05a837c4f58ea
2018-12-31,699.27,,ft,Approved,,2025-03-11T19:58:39.236615+00:00,1c1f4ede2bf642baa8a05a837c4f58ea
2019-01-01,699.24,,ft,Approved,,2025-03-11T19:58:39.236615+00:00,1c1f4ede2bf642baa8a05a837c4f58ea
2019-01-02,699.91,,ft,Approved,,2025-03-11T19:58:39.236615+00:00,1c1f4ede2bf642baa8a05a837c4f58ea
2019-01-03,700.09,,ft,Approved,,2025-03-11T19:58:39.236615+00:00,1c1f4ede2bf642baa8a05a837c4f58ea
2019-01-04,699.52,,ft,Approved,,2025-03-11T19:58:39.236615+00:00,1c1f4ede2bf642baa8a05a837c4f58ea
2019-01-05,699.36,,ft,Approved,,2025-03-11T19:58:39.236615+00:00,1c1f4ede2bf642baa8a05a837c4f58ea
2019-01-06,699.31,,ft,Approved,,2025-03-11T19:58:39.236615+00:00,1c1f4ede2bf642baa8a05a837c4f58ea
2019-01-07,699.29,,ft,Approved,,2025-03-11T19:58:39.236615+00:00,1c1f4ede2bf642baa8a05a837c4f58ea
2019-01-08,699.26,,ft,Approved,,2025-03-11T19:58:39.236615+00:00,1c1f4ede2bf642baa8a05a837c4f58ea
2019-01-09,699.23,,ft,Approved,,2025-03-11T19:58:39.236615+00:00,1c1f4ede2bf642baa8a05a837c4f58ea
2019-01-10,699.22,,ft,Approved,,2025-03-11T19:58:39.236615+00:00,1c1f4ede2bf642baa8a05a837c4f58ea
2019-01-11,699.22,,ft,Approved,,2025-03-11T19:58:39.236615+00:00,1c1f4ede2bf642baa8a05a837c4f58ea
2019-01-12,699.26,,ft,Approved,,2025-03-11T19:58:39.236615+00:00,1c1f4ede2bf642baa8a05a837c4f58ea
2019-01-13,699.22,,ft,Approved,,2025-03-11T19:58:39.236615+00:00,1c1f4ede2bf642baa8a05a837c4f58ea
2019-01-14,699.21,,ft,Approved,,2025-03-11T19:58:39.236615+00:00,1c1f4ede2bf642baa8a05a837c4f58ea
2019-01-15,699.2,,ft,Approved,,2025-03-11T19:58:39.236615+00:00,1c1f4ede2bf642baa8a05a837c4f58ea
2019-01-16,699.2,,ft,Approved,,2025-03-11T19:58:39.236615+00:00,1c1f4ede2bf642baa8a05a837c4f58ea
2019-01-17,699.2,,ft,Approved,,2025-03-11T19:58:39.236615+00:00,1c1f4ede2bf642baa8a05a837c4f58ea
2019-01-18,699.2,,ft,Approved,,2025-03-11T19:58:39.236615+00:00,1c1f4ede2bf642baa8a05a837c4f58ea
2019-01-19,699.16,,ft,Approved,,2025-03-11T19:58:39.236615+00:00,1c1f4ede2bf642baa8a05a837c4f58ea
2019-01-20,699.14,,ft,Approved,,2025-03-11T19:58:39.236615+00:00,1c1f4ede2bf642baa8a05a837c4f58ea
2019-01-21,699.15,,ft,Approved,,2025-03-11T19:58:39.236615+00:00,1c1f4ede2bf642baa8a05a837c4f58ea
2019-01-22,699.16,,ft,Approved,,2025-03-11T19:58:39.236615+00:00,1c1f4ede2bf642baa8a05a837c4f58ea
2019-01-23,699.18,,ft,Approved,,2025-03-11T19:58:39.236615+00:00,1c1f4ede2bf642baa8a05a837c4f58ea
2019-01-24,699.17,,ft,Approved,,2025-03-11T19:58:39.236615+00:00,1c1f4ede2bf642baa8a05a837c4f58ea
2019-01-25,699.16,,ft,Approved,,2025-03-11T19:58:39.236615+00:00,1c1f4ede2bf642baa8a05a837c4f58ea
2019-01-26,699.16,,ft,Approved,,2025-03-11T19:58:39.236615+00:00,1c1f4ede2bf642baa8a05a837c4f58ea
2019-01-27,699.19,,ft,Approved,,2025-03-11T19:58:39.236615+00:00,1c1f4ede2bf642baa8a05a837c4f58ea
2019-01-28,699.18,,ft,Approved,,2025-03-11T19:58:39.236615+00:00,1c1f4ede2bf642baa8a05a837c4f58ea
2019-01-29,699.15,,ft,Approved,,2025-03-11T19:58:39.236615+00:00,1c1f4ede2bf642baa8a05a837c4f58ea
2019-01-30,699.14,,ft,Approved,,2025-03-11T19:58:39.236615+00:00,1c1f4ede2bf642baa8a05a837c4f58ea
2019-01-31,699.15,,ft,Approved,,2025-03-11T19:58:39.236615+00:00,1c1f4ede2bf642baa8a05a837c4f58ea
2019-02-01,699.16,,ft,Approved,,2025-03-11T19:58:39.236615+00:00,1c1f4ede2bf642baa8a05a837c4f58ea
2019-02-02,699.16,,ft,Approved,,2025-03-11T19:58:39.236615+00:00,1c1f4ede2bf642baa8a05a837c4f58ea
2019-02-03,699.17,,ft,Approved,,2025-03-11T19:58:39.236615+00:00,1c1f4ede2bf642baa8a05a837c4f58ea
2019-02-04,699.17,,ft,Approved,,2025-03-11T19:58:39.236615+00:00,1c1f4ede2bf642baa8a05a837c4f58ea
2019-02-05,699.17,,ft,Approved,,2025-03-11T19:58:39.236615+00:00,1c1f4ede2bf642baa8a05a837c4f58ea
2019-02-06,699.17,,ft,Approved,,2025-03-11T19:58:39.236615+00:00,1c1f4ede2bf642baa8a05a837c4f58ea
2019-02-07,699.16,,ft,Approved,,2025-03-11T19:58:39.236615+00:00,1c1f4ede2bf642baa8a05a837c4f58ea
2019-02-08,699.12,,ft,Approved,,2025-03-11T19:58:39.236615+00:00,1c1f4ede2bf642baa8a05a837c4f58ea
2019-02-11,699.15,,ft,Approved,,2025-03-11T19:58:39.236615+00:00,1c1f4ede2bf642baa8a05a837c4f58ea
2019-02-12,699.16,,ft,Approved,,2025-03-11T19:58:39.236615+00:00,1c1f4ede2bf642baa8a05a837c4f58ea
2019-02-13,699.14,,ft,Approved,,2025-03-11T19:58:39.236615+00:00,1c1f4ede2bf642baa8a05a837c4f58ea
2019-02-14,699.14,,ft,Approved,,2025-03-11T19:58:39.236615+00:00,1c1f4ede2bf642baa8a05a837c4f58ea
2019-02-15,699.15,,ft,Approved,,2025-03-11T19:58:39.236615+00:00,1c1f4ede2bf642baa8a05a837c4f58ea
2019-02-16,699.14,,ft,Approved,,2025-03-11T19:58:39.236615+00:00,1c1f4ede2bf642baa8a05a837c4f58ea
2019-02-17,699.13,,ft,Approved,,2025-03-11T19:58:39.236615+00:00,1c1f4ede2bf642baa8a05a837c4f58ea
2019-02-18,699.12,,ft,Approved,,2025-03-11T19:58:39.236615+00:00,1c1f4ede2bf642baa8a05a837c4f58ea
2019-02-19,699.12,,ft,Approved,,2025-03-11T19:58:39.236615+00:00,1c1f4ede2bf642baa8a05a837c4f58ea
2019-02-20,699.14,,ft,Approved,,2025-03-11T19:58:39.236615+00:00,1c1f4ede2bf642baa8a05a837c4f58ea
2019-02-21,699.14,,ft,Approved,,2025-03-11T19:58:39.236615+00:00,1c1f4ede2bf642baa8a05a837c4f58ea
2019-02-22,699.14,,ft,Approved,,2025-03-11T19:58:39.236615+00:00,1c1f4ede2bf642baa8a05a837c4f58ea
2019-02-23,699.14,,ft,Approved,,2025-03-11T19:58:39.236615+00:00,1c1f4ede2bf642baa8a05a837c4f58ea
2019-02-24,699.13,,ft,Approved,,2025-03-11T19:58:39.236615+00:00,1c1f4ede2bf642baa8a05a837c4f58ea
2019-02-25,699.12,,ft,Approved,,2025-03-11T19:58:39.236615+00:00,1c1f4ede2bf642baa8a05a837c4f58ea
2019-02-26,699.13,,ft,Approved,,2025-03-11T19:58:39.236615+00:00,1c1f4ede2bf642baa8a05a837c4f58ea
2019-02-27,699.14,,ft,Approved,,2025-03-11T19:58:39.236615+00:00,1c1f4ede2bf642baa8a05a837c4f58ea
2019-02-28,699.13,,ft,Approved,,2025-03-11T19:58:39.236615+00:00,1c1f4ede2bf642baa8a05a837c4f58ea
2019-03-01,699.13,,ft,Approved,,2025-03-11T19:58:39.236615+00:00,1c1f4ede2bf642baa8a05a837c4f58ea
2019-03-02,699.13,,ft,Approved,,2025-03-11T19:58:39.236615+00:00,1c1f4ede2bf642baa8a05a837c4f58ea
2019-03-03,699.13,,ft,Approved,,2025-03-11T19:58:39.236615+00:00,1c1f4ede2bf642baa8a05a837c4f58ea
2019-03-04,699.12,,ft,Approved,,2025-03-11T19:58:39.236615+00:00,1c1f4ede2bf642baa8a05a837c4f58ea
2019-03-05,699.11,,ft,Approved,,2025-03-11T19:58:39.236615+00:00,1c1f4ede2bf642baa8a05a837c4f58ea
2019-03-06,699.11,,ft,Approved,,2025-03-11T19:58:39.236615+00:00,1c1f4ede2bf642baa8a05a837c4f58ea
2019-03-07,699.13,,ft,Approved,,2025-03-11T19:58:39.236615+00:00,1c1f4ede2bf642baa8a05a837c4f58ea
2019-03-08,699.15,,ft,Approved,,2025-03-11T19:58:39.236615+00:00,1c1f4ede2bf642baa8a05a837c4f58ea
2019-03-09,699.16,,ft,Approved,,2025-03-11T19:58:39.236615+00:00,1c1f4ede2bf642baa8a05a837c4f58ea
2019-03-10,699.16,,ft,Approved,,2025-03-11T19:58:39.236615+00:00,1c1f4ede2bf642baa8a05a837c4f58ea
2019-03-11,699.14,,ft,Approved,,2025-03-11T19:58:39.236615+00:00,1c1f4ede2bf642baa8a05a837c4f58ea
2019-03-12,699.14,,ft,Approved,,2025-03-11T19:58:39.236615+00:00,1c1f4ede2bf642baa8a05a837c4f58ea
2019-03-13,699.21,,ft,Approved,,2025-03-11T19:58:39.236615+00:00,1c1f4ede2bf642baa8a05a837c4f58ea
2019-03-14,699.2,,ft,Approved,,2025-03-11T19:58:39.236615+00:00,1c1f4ede2bf642baa8a05a837c4f58ea
2019-03-15,699.15,,ft,Approved,,2025-03-11T19:58:39.236615+00:00,1c1f4ede2bf642baa8a05a837c4f58ea
2019-03-16,699.13,,ft,Approved,,2025-03-11T19:58:39.236615+00:00,1c1f4ede2bf642baa8a05a837c4f58ea
2019-03-17,699.13,,ft,Approved,,2025-03-11T19:58:39.236615+00:00,1c1f4ede2bf642baa8a05a837c4f58ea
2019-03-18,699.13,,ft,Approved,,2025-03-11T19:58:39.236615+00:00,1c1f4ede2bf642baa8a05a837c4f58ea
2019-03-19,699.12,,ft,Approved,,2025-03-11T19:58:39.236615+00:00,1c1f4ede2bf642baa8a05a837c4f58ea
2019-03-20,699.12,,ft,Approved,,2025-03-11T19:58:39.236615+00:00,1c1f4ede2bf642baa8a05a837c4f58ea
2019-03-21,699.12,,ft,Approved,,2025-03-11T19:58:39.236615+00:00,1c1f4ede2bf642baa8a05a837c4f58ea
2019-03-22,699.12,,ft,Approved,,2025-03-11T19:58:39.236615+00:00,1c1f4ede2bf642baa8a05a837c4f58ea
2019-03-23,699.12,,ft,Approved,,2025-03-11T19:58:39.236615+00:00,1c1f4ede2bf642baa8a05a837c4f58ea
2019-03-24,699.12,,ft,Approved,,2025-03-11T19:58:39.236615+00:00,1c1f4ede2bf642baa8a05a837c4f58ea
2019-03-25,699.12,,ft,Approved,,2025-03-11T19:58:39.236615+00:00,1c1f4ede2bf642baa8a05a837c4f58ea
2019-03-26,699.11,,ft,Approved,,2025-03-11T19:58:39.236615+00:00,1c1f4ede2bf642baa8a05a837c4f58ea
2019-03-27,699.1,,ft,Approved,,2025-03-11T19:58:39.236615+00:00,1c1f4ede2bf642baa8a05a837c4f58ea
2019-03-28,699.09,,ft,Approved,,2025-03-11T19:58:39.236615+00:00,1c1f4ede2bf642baa8a05a837c4f58ea
2019-03-29,699.09,,ft,Approved,,2025-03-11T19:58:39.236615+00:00,1c1f4ede2bf642baa8a05a837c4f58ea
2019-03-30,699.08,,ft,Approved,,2025-03-11T19:58:39.236615+00:00,1c1f4ede2bf642baa8a05a837c4f58ea
2019-03-31,699.04,,ft,Approved,,2025-03-11T19:58:39.236615+00:00,1c1f4ede2bf642baa8a05a837c4f58ea
2019-04-01,699.03,,ft,Approved,,2025-03-11T19:58:39.236615+00:00,1c1f4ede2bf642baa8a05a837c4f58ea
2019-04-02,699.03,,ft,Approved,,2025-03-11T19:58:39.236615+00:00,1c1f4ede2bf642baa8a05a837c4f58ea
2019-04-03,699.03,,ft,Approved,,2025-03-11T19:58:39.236615+00:00,1c1f4ede2bf642baa8a05a837c4f58ea
2019-04-04,699.05,,ft,Approved,,2025-03-11T19:58:39.236615+00:00,1c1f4ede2bf642baa8a05a837c4f58ea
2019-04-05,699.06,,ft,Approved,,2025-03-11T19:58:39.236615+00:00,1c1f4ede2bf642baa8a05a837c4f58ea
2019-04-06,699.3,,ft,Approved,,2025-03-11T19:58:39.236615+00:00,1c1f4ede2bf642baa8a05a837c4f58ea
2019-04-07,699.51,,ft,Approved,,2025-03-11T19:58:39.236615+00:00,1c1f4ede2bf642baa8a05a837c4f58ea
2019-04-08,699.36,,ft,Approved,,2025-03-11T19:58:39.236615+00:00,1c1f4ede2bf642baa8a05a837c4f58ea
2019-04-09,699.25,,ft,Approved,,2025-03-11T19:58:39.236615+00:00,1c1f4ede2bf642baa8a05a837c4f58ea
2019-04-10,699.19,,ft,Approved,,2025-03-11T19:58:39.236615+00:00,1c1f4ede2bf642baa8a05a837c4f58ea
2019-04-11,699.15,,ft,Approved,,2025-03-11T19:58:39.236615+00:00,1c1f4ede2bf642baa8a05a837c4f58ea
2019-04-12,699.13,,ft,Approved,,2025-03-11T19:58:39.236615+00:00,1c1f4ede2bf642baa8a05a837c4f58ea
2019-04-13,699.13,,ft,Approved,,2025-03-11T19:58:39.236615+00:00,1c1f4ede2bf642baa8a05a837c4f58ea
2019-04-14,699.1,,ft,Approved,,2025-03-11T19:58:39.236615+00:00,1c1f4ede2bf642baa8a05a837c4f58ea
2019-04-15,699.1,,ft,Approved,,2025-03-11T19:58:39.236615+00:00,1c1f4ede2bf642baa8a05a837c4f58ea
2019-04-16,699.1,,ft,Approved,,2025-03-11T19:58:39.236615+00:00,1c1f4ede2bf642baa8a05a837c4f58ea
2019-04-17,699.11,,ft,Approved,,2025-03-11T19:58:39.236615+00:00,1c1f4ede2bf642baa8a05a837c4f58ea
2019-04-18,699.2,,ft,Approved,,2025-03-11T19:58:39.236615+00:00,1c1f4ede2bf642baa8a05a837c4f58ea
2019-04-19,699.16,,ft,Approved,,2025-03-11T19:58:39.236615+00:00,1c1f4ede2bf642baa8a05a837c4f58ea
2019-04-20,699.13,,ft,Approved,,2025-03-11T19:58:39.236615+00:00,1c1f4ede2bf642baa8a05a837c4f58ea
2019-04-21,699.12,,ft,Approved,,2025-03-11T19:58:39.236615+00:00,1c1f4ede2bf642baa8a05a837c4f58ea
2019-04-22,699.11,,ft,Approved,,2025-03-11T19:58:39.236615+00:00,1c1f4ede2bf642baa8a05a837c4f58ea
2019-04-23,699.11,,ft,Approved,,2025-03-11T19:58:39.236615+00:00,1c1f4ede2bf642baa8a05a837c4f58ea
2019-04-24,699.54,,ft,Approved,,2025-03-11T19:58:39.236615+00:00,1c1f4ede2bf642baa8a05a837c4f58ea
2019-04-25,699.59,,ft,Approved,,2025-03-11T19:58:39.236615+00:00,1c1f4ede2bf642baa8a05a837c4f58ea
2019-04-26,699.3,,ft,Approved,,2025-03-11T19:58:39.236615+00:00,1c1f4ede2bf642baa8a05a837c4f58ea
2019-04-27,699.21,,ft,Approved,,2025-03-11T19:58:39.236615+00:00,1c1f4ede2bf642baa8a05a837c4f58ea
2019-04-28,699.17,,ft,Approved,,2025-03-11T19:58:39.236615+00:00,1c1f4ede2bf642baa8a05a837c4f58ea
2019-04-29,699.15,,ft,Approved,,2025-03-11T19:58:39.236615+00:00,1c1f4ede2bf642baa8a05a837c4f58ea
2019-04-30,699.14,,ft,Approved,,2025-03-11T19:58:39.236615+00:00,1c1f4ede2bf642baa8a05a837c4f58ea
2019-05-01,699.13,,ft,Approved,,2025-03-11T19:58:39.236615+00:00,1c1f4ede2bf642baa8a05a837c4f58ea
2019-05-02,699.13,,ft,Approved,,2025-03-11T19:58:39.236615+00:00,1c1f4ede2bf642baa8a05a837c4f58ea
2019-05-03,699.19,,ft,Approved,,2025-03-11T19:58:39.236615+00:00,1c1f4ede2bf642baa8a05a837c4f58ea
2019-05-04,699.35,,ft,Approved,,2025-03-11T19:58:39.236615+00:00,1c1f4ede2bf642baa8a05a837c4f58ea
2019-05-05,699.24,,ft,Approved,,2025-03-11T19:58:39.236615+00:00,1c1f4ede2bf642baa8a05a837c4f58ea
2019-05-06,699.19,,ft,Approved,,2025-03-11T19:58:39.236615+00:00,1c1f4ede2bf642baa8a05a837c4f58ea
2019-05-07,699.33,,ft,Approved,,2025-03-11T19:58:39.236615+00:00,1c1f4ede2bf642baa8a05a837c4f58ea
2019-05-08,699.85,,ft,Approved,,2025-03-11T19:58:39.236615+00:00,1c1f4ede2bf642baa8a05a837c4f58ea
2019-05-09,699.53,,ft,Approved,,2025-03-11T19:58:39.236615+00:00,1c1f4ede2bf642baa8a05a837c4f58ea
2019-05-10,699.32,,ft,Approved,,2025-03-11T19:58:39.236615+00:00,1c1f4ede2bf642baa8a05a837c4f58ea
2019-05-11,699.29,,ft,Approved,,2025-03-11T19:58:39.236615+00:00,1c1f4ede2bf642baa8a05a837c4f58ea
2019-05-12,699.29,,ft,Approved,,2025-03-11T19:58:39.236615+00:00,1c1f4ede2bf642baa8a05a837c4f58ea
2019-05-13,699.23,,ft,Approved,,2025-03-11T19:58:39.236615+00:00,1c1f4ede2bf642baa8a05a837c4f58ea
2019-05-14,699.2,,ft,Approved,,2025-03-11T19:58:39.236615+00:00,1c1f4ede2bf642baa8a05a837c4f58ea
2019-05-15,699.18,,ft,Approved,,2025-03-11T19:58:39.236615+00:00,1c1f4ede2bf642baa8a05a837c4f58ea
2019-05-16,699.16,,ft,Approved,,2025-03-11T19:58:39.236615+00:00,1c1f4ede2bf642baa8a05a837c4f58ea
2019-05-17,699.15,,ft,Approved,,2025-03-11T19:58:39.236615+00:00,1c1f4ede2bf642baa8a05a837c4f58ea
2019-05-18,699.14,,ft,Approved,,2025-03-11T19:58:39.236615+00:00,1c1f4ede2bf642baa8a05a837c4f58ea
2019-05-19,699.15,,ft,Approved,,2025-03-11T19:58:39.236615+00:00,1c1f4ede2bf642baa8a05a837c4f58ea
2019-05-20,699.14,,ft,Approved,,2025-03-11T19:58:39.236615+00:00,1c1f4ede2bf642baa8a05a837c4f58ea
2019-05-21,699.14,,ft,Approved,,2025-03-11T19:58:39.236615+00:00,1c1f4ede2bf642baa8a05a837c4f58ea
2019-05-22,699.14,,ft,Approved,,2025-03-11T19:58:39.236615+00:00,1c1f4ede2bf642baa8a05a837c4f58ea
2019-05-23,699.13,,ft,Approved,,2025-03-11T19:58:39.236615+00:00,1c1f4ede2bf642baa8a05a837c4f58ea
2019-05-24,699.11,,ft,Approved,,2025-03-11T19:58:39.236615+00:00,1c1f4ede2bf642baa8a05a837c4f58ea
2019-05-25,699.1,,ft,Approved,,2025-03-11T19:58:39.236615+00:00,1c1f4ede2bf642baa8a05a837c4f58ea
2019-05-26,699.09,,ft,Approved,,2025-03-11T19:58:39.236615+00:00,1c1f4ede2bf642baa8a05a837c4f58ea
2019-05-27,699.08,,ft,Approved,,2025-03-11T19:58:39.236615+00:00,1c1f4ede2bf642baa8a05a837c4f58ea
2019-05-28,699.07,,ft,Approved,,2025-03-11T19:58:39.236615+00:00,1c1f4ede2bf642baa8a05a837c4f58ea
2019-05-29,699.08,,ft,Approved,,2025-03-11T19:58:39.236615+00:00,1c1f4ede2bf642baa8a05a837c4f58ea
2019-05-30,699.11,,ft,Approved,,2025-03-11T19:58:39.236615+00:00,1c1f4ede2bf642baa8a05a837c4f58ea
2019-05-31,699.11,,ft,Approved,,2025-03-11T19:58:39.236615+00:00,1c1f4ede2bf642baa8a05a837c4f58ea
2019-06-01,699.11,,ft,Approved,,2025-03-11T19:58:39.236615+00:00,1c1f4ede2bf642baa8a05a837c4f58ea
2019-06-02,699.1,,ft,Approved,,2025-03-11T19:58:39.236615+00:00,1c1f4ede2bf642baa8a05a837c4f58ea
2019-06-03,699.09,,ft,Approved,,2025-03-11T19:58:39.236615+00:00,1c1f4ede2bf642baa8a05a837c4f58ea
2019-06-04,699.09,,ft,Approved,,2025-03-11T19:58:39.236615+00:00,1c1f4ede2bf642baa8a05a837c4f58ea
2019-06-05,699.15,,ft,Approved,,2025-03-11T19:58:39.236615+00:00,1c1f4ede2bf642baa8a05a837c4f58ea
2019-06-06,699.27,,ft,Approved,,2025-03-11T19:58:39.236615+00:00,1c1f4ede2bf642baa8a05a837c4f58ea
2019-06-07,699.27,,ft,Approved,,2025-03-11T19:58:39.236615+00:00,1c1f4ede2bf642baa8a05a837c4f58ea
2019-06-08,699.19,,ft,Approved,,2025-03-11T19:58:39.236615+00:00,1c1f4ede2bf642baa8a05a837c4f58ea
2019-06-09,699.15,,ft,Approved,,2025-03-11T19:58:39.236615+00:00,1c1f4ede2bf642baa8a05a837c4f58ea
2019-06-10,699.12,,ft,Approved,,2025-03-11T19:58:39.236615+00:00,1c1f4ede2bf642baa8a05a837c4f58ea
2019-06-11,699.1,,ft,Approved,,2025-03-11T19:58:39.236615+00:00,1c1f4ede2bf642baa8a05a837c4f58ea
2019-06-12,699.1,,ft,Approved,,2025-03-11T19:58:39.236615+00:00,1c1f4ede2bf642baa8a05a837c4f58ea
2019-06-13,699.09,,ft,Approved,,2025-03-11T19:58:39.236615+00:00,1c1f4ede2bf642baa8a05a837c4f58ea
2019-06-14,699.08,,ft,Approved,,2025-03-11T19:58:39.236615+00:00,1c1f4ede2bf642baa8a05a837c4f58ea
2019-06-15,699.06,,ft,Approved,,2025-03-11T19:58:39.236615+00:00,1c1f4ede2bf642baa8a05a837c4f58ea
2019-06-16,699.06,,ft,Approved,,2025-03-11T19:58:39.236615+00:00,1c1f4ede2bf642baa8a05a837c4f58ea
2019-06-17,699.43,,ft,Approved,,2025-03-11T19:58:39.236615+00:00,1c1f4ede2bf642baa8a05a837c4f58ea
2019-06-18,699.27,,ft,Approved,,2025-03-11T19:58:39.236615+00:00,1c1f4ede2bf642baa8a05a837c4f58ea
2019-06-19,699.2,,ft,Approved,,2025-03-11T19:58:39.236615+00:00,1c1f4ede2bf642baa8a05a837c4f58ea
2019-06-20,699.16,,ft,Approved,,2025-03-11T19:58:39.236615+00:00,1c1f4ede2bf642baa8a05a837c4f58ea
2019-06-21,699.13,,ft,Approved,,2025-03-11T19:58:39.236615+00:00,1c1f4ede2bf642baa8a05a837c4f58ea
2019-06-22,699.11,,ft,Approved,,2025-03-11T19:58:39.236615+00:00,1c1f4ede2bf642baa8a05a837c4f58ea
2019-06-23,699.11,,ft,Approved,,2025-03-11T19:58:39.236615+00:00,1c1f4ede2bf642baa8a05a837c4f58ea
2019-06-24,699.13,,ft,Approved,,2025-03-11T19:58:39.236615+00:00,1c1f4ede2bf642baa8a05a837c4f58ea
2019-06-25,699.14,,ft,Approved,,2025-03-11T19:58:39.236615+00:00,1c1f4ede2bf642baa8a05a837c4f58ea
2019-06-26,699.14,,ft,Approved,,2025-03-11T19:58:39.236615+00:00,1c1f4ede2bf642baa8a05a837c4f58ea
2019-06-27,699.14,,ft,Approved,,2025-03-11T19:58:39.236615+00:00,1c1f4ede2bf642baa8a05a837c4f58ea
2019-06-28,699.13,,ft,Approved,,2025-03-11T19:58:39.236615+00:00,1c1f4ede2bf642baa8a05a837c4f58ea
2019-06-29,699.11,,ft,Approved,,2025-03-11T19:58:39.236615+00:00,1c1f4ede2bf642baa8a05a837c4f58ea
2019-06-30,699.17,,ft,Approved,,2025-03-11T19:58:39.236615+00:00,1c1f4ede2bf642baa8a05a837c4f58ea
2019-07-01,699.14,,ft,Approved,,2025-03-11T19:58:39.236615+00:00,1c1f4ede2bf642baa8a05a837c4f58ea
2019-07-02,699.12,,ft,Approved,,2025-03-11T19:58:39.236615+00:00,1c1f4ede2bf642baa8a05a837c4f58ea
2019-07-03,699.1,,ft,Approved,,2025-03-11T19:58:39.236615+00:00,1c1f4ede2bf642baa8a05a837c4f58ea
2019-07-04,699.09,,ft,Approved,,2025-03-11T19:58:39.236615+00:00,1c1f4ede2bf642baa8a05a837c4f58ea
2019-07-05,699.07,,ft,Approved,,2025-03-11T19:58:39.236615+00:00,1c1f4ede2bf642baa8a05a837c4f58ea
2019-07-06,699.04,,ft,Approved,,2025-03-11T19:58:39.236615+00:00,1c1f4ede2bf642baa8a05a837c4f58ea
2019-07-07,699.02,,ft,Approved,,2025-03-11T19:58:39.236615+00:00,1c1f4ede2bf642baa8a05a837c4f58ea
2019-07-08,699.03,,ft,Approved,,2025-03-11T19:58:39.236615+00:00,1c1f4ede2bf642baa8a05a837c4f58ea
2019-07-09,699.11,,ft,Approved,,2025-03-11T19:58:39.236615+00:00,1c1f4ede2bf642baa8a05a837c4f58ea
2019-07-10,699.09,,ft,Approved,,2025-03-11T19:58:39.236615+00:00,1c1f4ede2bf642baa8a05a837c4f58ea
2019-07-11,699.07,,ft,Approved,,2025-03-11T19:58:39.236615+00:00,1c1f4ede2bf642baa8a05a837c4f58ea
2019-07-12,699.05,,ft,Approved,,2025-03-11T19:58:39.236615+00:00,1c1f4ede2bf642baa8a05a837c4f58ea
2019-07-13,699.02,,ft,Approved,,2025-03-11T19:58:39.236615+00:00,1c1f4ede2bf642baa8a05a837c4f58ea
2019-07-14,699.0,,ft,Approved,,2025-03-11T19:58:39.236615+00:00,1c1f4ede2bf642baa8a05a837c4f58ea
2019-07-15,698.98,,ft,Approved,,2025-03-11T19:58:39.236615+00:00,1c1f4ede2bf642baa8a05a837c4f58ea
2019-07-16,698.95,,ft,Approved,,2025-03-11T19:58:39.236615+00:00,1c1f4ede2bf642baa8a05a837c4f58ea
2019-07-17,698.92,,ft,Approved,,2025-03-11T19:58:39.236615+00:00,1c1f4ede2bf642baa8a05a837c4f58ea
2019-07-18,698.89,,ft,Approved,,2025-03-11T19:58:39.236615+00:00,1c1f4ede2bf642baa8a05a837c4f58ea
2019-07-19,698.86,,ft,Approved,,2025-03-11T19:58:39.236615+00:00,1c1f4ede2bf642baa8a05a837c4f58ea
2019-07-20,698.83,,ft,Approved,,2025-03-11T19:58:39.236615+00:00,1c1f4ede2bf642baa8a05a837c4f58ea
2019-07-21,698.8,,ft,Approved,,2025-03-11T19:58:39.236615+00:00,1c1f4ede2bf642baa8a05a837c4f58ea
2019-07-22,698.77,,ft,Approved,,2025-03-11T19:58:39.236615+00:00,1c1f4ede2bf642baa8a05a837c4f58ea
2019-07-23,698.74,,ft,Approved,,2025-03-11T19:58:39.236615+00:00,1c1f4ede2bf642baa8a05a837c4f58ea
2019-07-24,698.7,,ft,Approved,,2025-03-11T19:58:39.236615+00:00,1c1f4ede2bf642baa8a05a837c4f58ea
2019-07-25,698.66,,ft,Approved,,2025-03-11T19:58:39.236615+00:00,1c1f4ede2bf642baa8a05a837c4f58ea
2019-07-26,698.63,,ft,Approved,,2025-03-11T19:58:39.236615+00:00,1c1f4ede2bf642baa8a05a837c4f58ea
2019-07-27,698.61,,ft,Approved,,2025-03-11T19:58:39.236615+00:00,1c1f4ede2bf642baa8a05a837c4f58ea
2019-07-28,698.59,,ft,Approved,,2025-03-11T19:58:39.236615+00:00,1c1f4ede2bf642baa8a05a837c4f58ea
2019-07-29,698.55,,ft,Approved,,2025-03-11T19:58:39.236615+00:00,1c1f4ede2bf642baa8a05a837c4f58ea
2019-07-30,698.52,,ft,Approved,,2025-03-11T19:58:39.236615+00:00,1c1f4ede2bf642baa8a05a837c4f58ea
2019-07-31,698.5,,ft,Approved,,2025-03-11T19:58:39.236615+00:00,1c1f4ede2bf642baa8a05a837c4f58ea
2019-08-01,698.47,,ft,Approved,,2025-03-11T19:58:39.236615+00:00,1c1f4ede2bf642baa8a05a837c4f58ea
2019-08-02,698.45,,ft,Approved,,2025-03-11T19:58:39.236615+00:00,1c1f4ede2bf642baa8a05a837c4f58ea
2019-08-03,698.42,,ft,Approved,,2025-03-11T19:58:39.236615+00:00,1c1f4ede2bf642baa8a05a837c4f58ea
2019-08-04,698.4,,ft,Approved,,2025-03-11T19:58:39.236615+00:00,1c1f4ede2bf642baa8a05a837c4f58ea
2019-08-05,698.38,,ft,Approved,,2025-03-11T19:58:39.236615+00:00,1c1f4ede2bf642baa8a05a837c4f58ea
2019-08-06,698.35,,ft,Approved,,2025-03-11T19:58:39.236615+00:00,1c1f4ede2bf642baa8a05a837c4f58ea
2019-08-07,698.32,,ft,Approved,,2025-03-11T19:58:39.236615+00:00,1c1f4ede2bf642baa8a05a837c4f58ea
2019-08-08,698.29,,ft,Approved,,2025-03-11T19:58:39.236615+00:00,1c1f4ede2bf642baa8a05a837c4f58ea
2019-08-09,698.26,,ft,Approved,,2025-03-11T19:58:39.236615+00:00,1c1f4ede2bf642baa8a05a837c4f58ea
2019-08-10,698.23,,ft,Approved,,2025-03-11T19:58:39.236615+00:00,1c1f4ede2bf642baa8a05a837c4f58ea
2019-08-11,698.19,,ft,Approved,,2025-03-11T19:58:39.236615+00:00,1c1f4ede2bf642baa8a05a837c4f58ea
2019-08-12,698.16,,ft,Approved,,2025-03-11T19:58:39.236615+00:00,1c1f4ede2bf642baa8a05a837c4f58ea
2019-08-13,698.13,,ft,Approved,,2025-03-11T19:58:39.236615+00:00,1c1f4ede2bf642baa8a05a837c4f58ea
2019-08-14,698.11,,ft,Approved,,2025-03-11T19:58:39.236615+00:00,1c1f4ede2bf642baa8a05a837c4f58ea
2019-08-15,698.08,,ft,Approved,,2025-03-11T19:58:39.236615+00:00,1c1f4ede2bf642baa8a05a837c4f58ea
2019-08-16,698.05,,ft,Approved,,2025-03-11T19:58:39.236615+00:00,1c1f4ede2bf642baa8a05a837c4f58ea
2019-08-17,698.02,,ft,Approved,,2025-03-11T19:58:39.236615+00:00,1c1f4ede2bf642baa8a05a837c4f58ea
2019-08-18,697.98,,ft,Approved,,2025-03-11T19:58:39.236615+00:00,1c1f4ede2bf642baa8a05a837c4f58ea
2019-08-19,697.95,,ft,Approved,,2025-03-11T19:58:39.236615+00:00,1c1f4ede2bf642baa8a05a837c4f58ea
2019-08-20,697.93,,ft,Approved,,2025-03-11T19:58:39.236615+00:00,1c1f4ede2bf642baa8a05a837c4f58ea
2019-08-21,697.9,,ft,Approved,,2025-03-11T19:58:39.236615+00:00,1c1f4ede2bf642baa8a05a837c4f58ea
2019-08-22,697.86,,ft,Approved,,2025-03-11T19:58:39.236615+00:00,1c1f4ede2bf642baa8a05a837c4f58ea
2019-08-23,697.84,,ft,Approved,,2025-03-11T19:58:39.236615+00:00,1c1f4ede2bf642baa8a05a837c4f58ea
2019-08-24,697.82,,ft,Approved,,2025-03-11T19:58:39.236615+00:00,1c1f4ede2bf642baa8a05a837c4f58ea
2019-08-25,697.84,,ft,Approved,,2025-03-11T19:58:39.236615+00:00,1c1f4ede2bf642baa8a05a837c4f58ea
2019-08-26,697.82,,ft,Approved,,2025-03-11T19:58:39.236615+00:00,1c1f4ede2bf642baa8a05a837c4f58ea
2019-08-27,697.79,,ft,Approved,,2025-03-11T19:58:39.236615+00:00,1c1f4ede2bf642baa8a05a837c4f58ea
2019-08-28,697.77,,ft,Approved,,2025-03-11T19:58:39.236615+00:00,1c1f4ede2bf642baa8a05a837c4f58ea
2019-08-29,697.74,,ft,Approved,,2025-03-11T19:58:39.236615+00:00,1c1f4ede2bf642baa8a05a837c4f58ea
2019-08-30,697.71,,ft,Approved,,2025-03-11T19:58:39.236615+00:00,1c1f4ede2bf642baa8a05a837c4f58ea
2019-08-31,697.69,,ft,Approved,,2025-03-11T19:58:39.236615+00:00,1c1f4ede2bf642baa8a05a837c4f58ea
2019-09-01,697.66,,ft,Approved,,2025-03-11T19:58:39.236615+00:00,1c1f4ede2bf642baa8a05a837c4f58ea
2019-09-02,697.64,,ft,Approved,,2025-03-11T19:58:39.236615+00:00,1c1f4ede2bf642baa8a05a837c4f58ea
2019-09-03,697.61,,ft,Approved,,2025-03-11T19:58:39.236615+00:00,1c1f4ede2bf642baa8a05a837c4f58ea
2019-09-04,697.58,,ft,Approved,,2025-03-11T19:58:39.236615+00:00,1c1f4ede2bf642baa8a05a837c4f58ea
2019-09-05,697.56,,ft,Approved,,2025-03-11T19:58:39.236615+00:00,1c1f4ede2bf642baa8a05a837c4f58ea
2019-09-06,697.53,,ft,Approved,,2025-03-11T19:58:39.236615+00:00,1c1f4ede2bf642baa8a05a837c4f58ea
2019-09-07,697.52,,ft,Approved,,2025-03-11T19:58:39.236615+00:00,1c1f4ede2bf642baa8a05a837c4f58ea
2019-09-08,697.48,,ft,Approved,,2025-03-11T19:58:39.236615+00:00,1c1f4ede2bf642baa8a05a837c4f58ea
2019-09-09,697.44,,ft,Approved,,2025-03-11T19:58:39.236615+00:00,1c1f4ede2bf642baa8a05a837c4f58ea
2019-09-10,697.41,,ft,Approved,,2025-03-11T19:58:39.236615+00:00,1c1f4ede2bf642baa8a05a837c4f58ea
2019-09-11,697.4,,ft,Approved,,2025-03-11T19:58:39.236615+00:00,1c1f4ede2bf642baa8a05a837c4f58ea
2019-09-12,697.38,,ft,Approved,,2025-03-11T19:58:39.236615+00:00,1c1f4ede2bf642baa8a05a837c4f58ea
2019-09-13,697.36,,ft,Approved,,2025-03-11T19:58:39.236615+00:00,1c1f4ede2bf642baa8a05a837c4f58ea
2019-09-14,697.34,,ft,Approved,,2025-03-11T19:58:39.236615+00:00,1c1f4ede2bf642baa8a05a837c4f58ea
2019-09-15,697.32,,ft,Approved,,2025-03-11T19:58:39.236615+00:00,1c1f4ede2bf642baa8a05a837c4f58ea
2019-09-16,697.3,,ft,Approved,,2025-03-11T19:58:39.236615+00:00,1c1f4ede2bf642baa8a05a837c4f58ea
2019-09-17,697.28,,ft,Approved,,2025-03-11T19:58:39.236615+00:00,1c1f4ede2bf642baa8a05a837c4f58ea
2019-09-18,697.26,,ft,Approved,,2025-03-11T19:58:39.236615+00:00,1c1f4ede2bf642baa8a05a837c4f58ea
2019-09-19,697.24,,ft,Approved,,2025-03-11T19:58:39.236615+00:00,1c1f4ede2bf642baa8a05a837c4f58ea
2019-09-20,697.22,,ft,Approved,,2025-03-11T19:58:39.236615+00:00,1c1f4ede2bf642baa8a05a837c4f58ea
2019-09-21,697.2,,ft,Approved,,2025-03-11T19:58:39.236615+00:00,1c1f4ede2bf642baa8a05a837c4f58ea
2019-09-22,697.17,,ft,Approved,,2025-03-11T19:58:39.236615+00:00,1c1f4ede2bf642baa8a05a837c4f58ea
2019-09-23,697.15,,ft,Approved,,2025-03-11T19:58:39.236615+00:00,1c1f4ede2bf642baa8a05a837c4f58ea
2019-09-24,697.13,,ft,Approved,,2025-03-11T19:58:39.236615+00:00,1c1f4ede2bf642baa8a05a837c4f58ea
2019-09-25,697.1,,ft,Approved,,2025-03-11T19:58:39.236615+00:00,1c1f4ede2bf642baa8a05a837c4f58ea
2019-09-26,697.08,,ft,Approved,,2025-03-11T19:58:39.236615+00:00,1c1f4ede2bf642baa8a05a837c4f58ea
2019-09-27,697.06,,ft,Approved,,2025-03-11T19:58:39.236615+00:00,1c1f4ede2bf642baa8a05a837c4f58ea
2019-09-28,697.04,,ft,Approved,,2025-03-11T19:58:39.236615+00:00,1c1f4ede2bf642baa8a05a837c4f58ea
2019-09-29,697.02,,ft,Approved,,2025-03-11T19:58:39.236615+00:00,1c1f4ede2bf642baa8a05a837c4f58ea
2019-09-30,697.0,,ft,Approved,,2025-03-11T19:58:39.236615+00:00,1c1f4ede2bf642baa8a05a837c4f58ea
2019-10-01,696.97,,ft,Approved,,2025-03-11T19:58:39.236615+00:00,1c1f4ede2bf642baa8a05a837c4f58ea
2019-10-02,696.95,,ft,Approved,,2025-03-11T19:58:39.236615+00:00,1c1f4ede2bf642baa8a05a837c4f58ea
2019-10-03,696.93,,ft,Approved,,2025-03-11T19:58:39.236615+00:00,1c1f4ede2bf642baa8a05a837c4f58ea
2019-10-04,696.91,,ft,Approved,,2025-03-11T19:58:39.236615+00:00,1c1f4ede2bf642baa8a05a837c4f58ea
2019-10-05,696.89,,ft,Approved,,2025-03-11T19:58:39.236615+00:00,1c1f4ede2bf642baa8a05a837c4f58ea
2019-10-06,696.87,,ft,Approved,,2025-03-11T19:58:39.236615+00:00,1c1f4ede2bf642baa8a05a837c4f58ea
2019-10-07,696.83,,ft,Approved,,2025-03-11T19:58:39.236615+00:00,1c1f4ede2bf642baa8a05a837c4f58ea
2019-10-08,696.8,,ft,Approved,,2025-03-11T19:58:39.236615+00:00,1c1f4ede2bf642baa8a05a837c4f58ea
2019-10-09,696.79,,ft,Approved,,2025-03-11T19:58:39.236615+00:00,1c1f4ede2bf642baa8a05a837c4f58ea
2019-10-10,696.79,,ft,Approved,,2025-03-11T19:58:39.236615+00:00,1c1f4ede2bf642baa8a05a837c4f58ea
2019-10-11,696.81,,ft,Approved,,2025-03-11T19:58:39.236615+00:00,1c1f4ede2bf642baa8a05a837c4f58ea
2019-10-12,696.81,,ft,Approved,,2025-03-11T19:58:39.236615+00:00,1c1f4ede2bf642baa8a05a837c4f58ea
2019-10-13,696.8,,ft,Approved,,2025-03-11T19:58:39.236615+00:00,1c1f4ede2bf642baa8a05a837c4f58ea
2019-10-14,696.83,,ft,Approved,,2025-03-11T19:58:39.236615+00:00,1c1f4ede2bf642baa8a05a837c4f58ea
2019-10-15,696.84,,ft,Approved,,2025-03-11T19:58:39.236615+00:00,1c1f4ede2bf642baa8a05a837c4f58ea
2019-10-16,696.83,,ft,Approved,,2025-03-11T19:58:39.236615+00:00,1c1f4ede2bf642baa8a05a837c4f58ea
2019-10-17,696.83,,ft,Approved,,2025-03-11T19:58:39.236615+00:00,1c1f4ede2bf642baa8a05a837c4f58ea
2019-10-18,696.84,,ft,Approved,,2025-03-11T19:58:39.236615+00:00,1c1f4ede2bf642baa8a05a837c4f58ea
2019-10-19,696.85,,ft,Approved,,2025-03-11T19:58:39.236615+00:00,1c1f4ede2bf642baa8a05a837c4f58ea
2019-10-20,696.85,,ft,Approved,,2025-03-11T19:58:39.236615+00:00,1c1f4ede2bf642baa8a05a837c4f58ea
2019-10-21,696.86,,ft,Approved,,2025-03-11T19:58:39.236615+00:00,1c1f4ede2bf642baa8a05a837c4f58ea
2019-10-22,696.86,,ft,Approved,,2025-03-11T19:58:39.236615+00:00,1c1f4ede2bf642baa8a05a837c4f58ea
2019-10-23,696.84,,ft,Approved,,2025-03-11T19:58:39.236615+00:00,1c1f4ede2bf642baa8a05a837c4f58ea
2019-10-24,697.0,,ft,Approved,,2025-03-11T19:58:39.236615+00:00,1c1f4ede2bf642baa8a05a837c4f58ea
2019-10-25,698.04,,ft,Approved,,2025-03-11T19:58:39.236615+00:00,1c1f4ede2bf642baa8a05a837c4f58ea
2019-10-26,698.08,,ft,Approved,,2025-03-11T19:58:39.236615+00:00,1c1f4ede2bf642baa8a05a837c4f58ea
2019-10-27,698.08,,ft,Approved,,2025-03-11T19:58:39.236615+00:00,1c1f4ede2bf642baa8a05a837c4f58ea
2019-10-28,698.09,,ft,Approved,,2025-03-11T19:58:39.236615+00:00,1c1f4ede2bf642baa8a05a837c4f58ea
2019-10-29,698.11,,ft,Approved,,2025-03-11T19:58:39.236615+00:00,1c1f4ede2bf642baa8a05a837c4f58ea
2019-10-30,698.11,,ft,Approved,,2025-03-11T19:58:39.236615+00:00,1c1f4ede2bf642baa8a05a837c4f58ea
2019-10-31,698.1,,ft,Approved,,2025-03-11T19:58:39.236615+00:00,1c1f4ede2bf642baa8a05a837c4f58ea
2019-11-01,698.09,,ft,Approved,,2025-03-11T19:58:39.236615+00:00,1c1f4ede2bf642baa8a05a837c4f58ea
2019-11-02,698.09,,ft,Approved,,2025-03-11T19:58:39.236615+00:00,1c1f4ede2bf642baa8a05a837c4f58ea
2019-11-03,698.1,,ft,Approved,,2025-03-11T19:58:39.236615+00:00,1c1f4ede2bf642baa8a05a837c4f58ea
2019-11-04,698.1,,ft,Approved,,2025-03-11T19:58:39.236615+00:00,1c1f4ede2bf642baa8a05a837c4f58ea
2019-11-05,698.11,,ft,Approved,,2025-03-11T19:58:39.236615+00:00,1c1f4ede2bf642baa8a05a837c4f58ea
2019-11-06,698.13,,ft,Approved,,2025-03-11T19:58:39.236615+00:00,1c1f4ede2bf642baa8a05a837c4f58ea
2019-11-07,698.17,,ft,Approved,,2025-03-11T19:58:39.236615+00:00,1c1f4ede2bf642baa8a05a837c4f58ea
2019-11-08,698.2,,ft,Approved,,2025-03-11T19:58:39.236615+00:00,1c1f4ede2bf642baa8a05a837c4f58ea
2019-11-09,698.22,,ft,Approved,,2025-03-11T19:58:39.236615+00:00,1c1f4ede2bf642baa8a05a837c4f58ea
2019-11-10,698.23,,ft,Approved,,2025-03-11T19:58:39.236615+00:00,1c1f4ede2bf642baa8a05a837c4f58ea
2019-11-11,698.24,,ft,Approved,,2025-03-11T19:58:39.236615+00:00,1c1f4ede2bf642baa8a05a837c4f58ea
2019-11-12,698.24,,ft,Approved,,2025-03-11T19:58:39.236615+00:00,1c1f4ede2bf642baa8a05a837c4f58ea
2019-11-13,698.23,,ft,Approved,,2025-03-11T19:58:39.236615+00:00,1c1f4ede2bf642baa8a05a837c4f58ea
2019-11-14,698.24,,ft,Approved,,2025-03-11T19:58:39.236615+00:00,1c1f4ede2bf642baa8a05a837c4f58ea
2019-11-15,698.25,,ft,Approved,,2025-03-11T19:58:39.236615+00:00,1c1f4ede2bf642baa8a05a837c4f58ea
2019-11-16,698.26,,ft,Approved,,2025-03-11T19:58:39.236615+00:00,1c1f4ede2bf642baa8a05a837c4f58ea
2019-11-17,698.26,,ft,Approved,,2025-03-11T19:58:39.236615+00:00,1c1f4ede2bf642baa8a05a837c4f58ea
2019-11-18,698.27,,ft,Approved,,2025-03-11T19:58:39.236615+00:00,1c1f4ede2bf642baa8a05a837c4f58ea
2019-11-19,698.27,,ft,Approved,,2025-03-11T19:58:39.236615+00:00,1c1f4ede2bf642baa8a05a837c4f58ea
2019-11-20,698.29,,ft,Approved,,2025-03-11T19:58:39.236615+00:00,1c1f4ede2bf642baa8a05a837c4f58ea
2019-11-21,698.31,,ft,Approved,,2025-03-11T19:58:39.236615+00:00,1c1f4ede2bf642baa8a05a837c4f58ea
2019-11-22,698.32,,ft,Approved,,2025-03-11T19:58:39.236615+00:00,1c1f4ede2bf642baa8a05a837c4f58ea
2019-11-23,698.31,,ft,Approved,,2025-03-11T19:58:39.236615+00:00,1c1f4ede2bf642baa8a05a837c4f58ea
2019-11-24,698.31,,ft,Approved,,2025-03-11T19:58:39.236615+00:00,1c1f4ede2bf642baa8a05a837c4f58ea
2019-11-25,698.31,,ft,Approved,,2025-03-11T19:58:39.236615+00:00,1c1f4ede2bf642baa8a05a837c4f58ea
2019-11-26,698.31,,ft,Approved,,2025-03-11T19:58:39.236615+00:00,1c1f4ede2bf642baa8a05a837c4f58ea
2019-11-27,698.29,,ft,Approved,,2025-03-11T19:58:39.236615+00:00,1c1f4ede2bf642baa8a05a837c4f58ea
2019-11-28,698.27,,ft,Approved,,2025-03-11T19:58:39.236615+00:00,1c1f4ede2bf642baa8a05a837c4f58ea
2019-11-29,698.28,,ft,Approved,,2025-03-11T19:58:39.236615+00:00,1c1f4ede2bf642baa8a05a837c4f58ea
2019-11-30,698.31,,ft,Approved,,2025-03-11T19:58:39.236615+00:00,1c1f4ede2bf642baa8a05a837c4f58ea
2019-12-01,698.3,,ft,Approved,,2025-03-11T19:58:39.236615+00:00,1c1f4ede2bf642baa8a05a837c4f58ea
2019-12-02,698.29,,ft,Approved,,2025-03-11T19:58:39.236615+00:00,1c1f4ede2bf642baa8a05a837c4f58ea
2019-12-03,698.27,,ft,Approved,,2025-03-11T19:58:39.236615+00:00,1c1f4ede2bf642baa8a05a837c4f58ea
2019-12-04,698.25,,ft,Approved,,2025-03-11T19:58:39.236615+00:00,1c1f4ede2bf642baa8a05a837c4f58ea
2019-12-05,698.26,,ft,Approved,,2025-03-11T19:58:39.236615+00:00,1c1f4ede2bf642baa8a05a837c4f58ea
2019-12-06,698.25,,ft,Approved,,2025-03-11T19:58:39.236615+00:00,1c1f4ede2bf642baa8a05a837c4f58ea
2019-12-07,698.23,,ft,Approved,,2025-03-11T19:58:39.236615+00:00,1c1f4ede2bf642baa8a05a837c4f58ea
2019-12-08,698.24,,ft,Approved,,2025-03-11T19:58:39.236615+00:00,1c1f4ede2bf642baa8a05a837c4f58ea
2019-12-09,698.26,,ft,Approved,,2025-03-11T19:58:39.236615+00:00,1c1f4ede2bf642baa8a05a837c4f58ea
2019-12-10,698.27,,ft,Approved,,2025-03-11T19:58:39.236615+00:00,1c1f4ede2bf642baa8a05a837c4f58ea
2019-12-11,698.28,,ft,Approved,,2025-03-11T19:58:39.236615+00:00,1c1f4ede2bf642baa8a05a837c4f58ea
2019-12-12,698.28,,ft,Approved,,2025-03-11T19:58:39.236615+00:00,1c1f4ede2bf642baa8a05a837c4f58ea
2019-12-13,698.28,,ft,Approved,,2025-03-11T19:58:39.236615+00:00,1c1f4ede2bf642baa8a05a837c4f58ea
2019-12-14,698.27,,ft,Approved,,2025-03-11T19:58:39.236615+00:00,1c1f4ede2bf642baa8a05a837c4f58ea
2019-12-15,698.27,,ft,Approved,,2025-03-11T19:58:39.236615+00:00,1c1f4ede2bf642baa8a05a837c4f58ea
2019-12-16,698.27,,ft,Approved,,2025-03-11T19:58:39.236615+00:00,1c1f4ede2bf642baa8a05a837c4f58ea
2019-12-17,698.23,,ft,Approved,,2025-03-11T19:58:39.236615+00:00,1c1f4ede2bf642baa8a05a837c4f58ea
2019-12-18,698.22,,ft,Approved,,2025-03-11T19:58:39.236615+00:00,1c1f4ede2bf642baa8a05a837c4f58ea
2019-12-19,698.22,,ft,Approved,,2025-03-11T19:58:39.236615+00:00,1c1f4ede2bf642baa8a05a837c4f58ea
2019-12-20,698.23,,ft,Approved,,2025-03-11T19:58:39.236615+00:00,1c1f4ede2bf642baa8a05a837c4f58ea
2019-12-21,698.29,,ft,Approved,,2025-03-11T19:58:39.236615+00:00,1c1f4ede2bf642baa8a05a837c4f58ea
2019-12-22,698.28,,ft,Approved,,2025-03-11T19:58:39.236615+00:00,1c1f4ede2bf642baa8a05a837c4f58ea
2019-12-23,698.28,,ft,Approved,,2025-03-11T19:58:39.236615+00:00,1c1f4ede2bf642baa8a05a837c4f58ea
2019-12-24,698.29,,ft,Approved,,2025-03-11T19:58:39.236615+00:00,1c1f4ede2bf642baa8a05a837c4f58ea
2019-12-25,698.28,,ft,Approved,,2025-03-11T19:58:39.236615+00:00,1c1f4ede2bf642baa8a05a837c4f58ea
2019-12-26,698.29,,ft,Approved,,2025-03-11T19:58:39.236615+00:00,1c1f4ede2bf642baa8a05a837c4f58ea
2019-12-27,698.31,,ft,Approved,,2025-03-11T19:58:39.236615+00:00,1c1f4ede2bf642baa8a05a837c4f58ea
2019-12-28,698.32,,ft,Approved,,2025-03-11T19:58:39.236615+00:00,1c1f4ede2bf642baa8a05a837c4f58ea
2019-12-29,698.31,,ft,Approved,,2025-03-11T19:58:39.236615+00:00,1c1f4ede2bf642baa8a05a837c4f58ea
2019-12-30,698.3,,ft,Approved,,2025-03-11T19:58:39.236615+00:00,1c1f4ede2bf642baa8a05a837c4f58ea
2019-12-31,698.29,,ft,Approved,,2025-03-11T19:58:39.236615+00:00,1c1f4ede2bf642baa8a05a837c4f58ea
2020-01-01,698.29,,ft,Approved,,2025-03-11T19:58:39.236615+00:00,1c1f4ede2bf642baa8a05a837c4f58ea
2020-01-02,698.3,,ft,Approved,,2025-03-11T19:58:39.236615+00:00,1c1f4ede2bf642baa8a05a837c4f58ea
2020-01-03,698.29,,ft,Approved,,2025-03-11T19:58:39.236615+00:00,1c1f4ede2bf642baa8a05a837c4f58ea
2020-01-04,698.29,,ft,Approved,,2025-03-11T19:58:39.236615+00:00,1c1f4ede2bf642baa8a05a837c4f58ea
2020-01-05,698.28,,ft,Approved,,2025-03-11T19:58:39.236615+00:00,1c1f4ede2bf642baa8a05a837c4f58ea
2020-01-06,698.28,,ft,Approved,,2025-03-11T19:58:39.236615+00:00,1c1f4ede2bf642baa8a05a837c4f58ea
2020-01-07,698.26,,ft,Approved,,2025-03-11T19:58:39.236615+00:00,1c1f4ede2bf642baa8a05a837c4f58ea
2020-01-08,698.25,,ft,Approved,,2025-03-11T19:58:39.236615+00:00,1c1f4ede2bf642baa8a05a837c4f58ea
2020-01-09,698.26,,ft,Approved,,2025-03-11T19:58:39.236615+00:00,1c1f4ede2bf642baa8a05a837c4f58ea
2020-01-10,698.27,,ft,Approved,,2025-03-11T19:58:39.236615+00:00,1c1f4ede2bf642baa8a05a837c4f58ea
2020-01-11,698.41,,ft,Approved,,2025-03-11T19:58:39.236615+00:00,1c1f4ede2bf642baa8a05a837c4f58ea
2020-01-12,698.42,,ft,Approved,,2025-03-11T19:58:39.236615+00:00,1c1f4ede2bf642baa8a05a837c4f58ea
2020-01-13,698.44,,ft,Approved,,2025-03-11T19:58:39.236615+00:00,1c1f4ede2bf642baa8a05a837c4f58ea
2020-01-14,698.46,,ft,Approved,,2025-03-11T19:58:39.236615+00:00,1c1f4ede2bf642baa8a05a837c4f58ea
2020-01-15,698.48,,ft,Approved,,2025-03-11T19:58:39.236615+00:00,1c1f4ede2bf642baa8a05a837c4f58ea
2020-01-16,698.5,,ft,Approved,,2025-03-11T19:58:39.236615+00:00,1c1f4ede2bf642baa8a05a837c4f58ea
2020-01-17,698.7,,ft,Approved,,2025-03-11T19:58:39.236615+00:00,1c1f4ede2bf642baa8a05a837c4f58ea
2020-01-18,698.83,,ft,Approved,,2025-03-11T19:58:39.236615+00:00,1c1f4ede2bf642baa8a05a837c4f58ea
2020-01-19,698.83,,ft,Approved,,2025-03-11T19:58:39.236615+00:00,1c1f4ede2bf642baa8a05a837c4f58ea
2020-01-20,698.83,,ft,Approved,,2025-03-11T19:58:39.236615+00:00,1c1f4ede2bf642baa8a05a837c4f58ea
2020-01-21,698.84,,ft,Approved,,2025-03-11T19:58:39.236615+00:00,1c1f4ede2bf642baa8a05a837c4f58ea
2020-01-22,698.94,,ft,Approved,,2025-03-11T19:58:39.236615+00:00,1c1f4ede2bf642baa8a05a837c4f58ea
2020-01-23,699.08,,ft,Approved,,2025-03-11T19:58:39.236615+00:00,1c1f4ede2bf642baa8a05a837c4f58ea
2020-01-24,699.1,,ft,Approved,,2025-03-11T19:58:39.236615+00:00,1c1f4ede2bf642baa8a05a837c4f58ea
2020-01-25,699.11,,ft,Approved,,2025-03-11T19:58:39.236615+00:00,1c1f4ede2bf642baa8a05a837c4f58ea
2020-01-26,699.12,,ft,Approved,,2025-03-11T19:58:39.236615+00:00,1c1f4ede2bf642baa8a05a837c4f58ea
2020-01-27,699.12,,ft,Approved,,2025-03-11T19:58:39.236615+00:00,1c1f4ede2bf642baa8a05a837c4f58ea
2020-01-28,699.15,,ft,Approved,,2025-03-11T19:58:39.236615+00:00,1c1f4ede2bf642baa8a05a837c4f58ea
2020-01-29,699.14,,ft,Approved,,2025-03-11T19:58:39.236615+00:00,1c1f4ede2bf642baa8a05a837c4f58ea
2020-01-30,699.12,,ft,Approved,,2025-03-11T19:58:39.236615+00:00,1c1f4ede2bf642baa8a05a837c4f58ea
2020-01-31,699.11,,ft,Approved,,2025-03-11T19:58:39.236615+00:00,1c1f4ede2bf642baa8a05a837c4f58ea
2020-02-01,699.1,,ft,Approved,,2025-03-11T19:58:39.236615+00:00,1c1f4ede2bf642baa8a05a837c4f58ea
2020-02-02,699.1,,ft,Approved,,2025-03-11T19:58:39.236615+00:00,1c1f4ede2bf642baa8a05a837c4f58ea
2020-02-03,699.1,,ft,Approved,,2025-03-11T19:58:39.236615+00:00,1c1f4ede2bf642baa8a05a837c4f58ea
2020-02-04,699.11,,ft,Approved,,2025-03-11T19:58:39.236615+00:00,1c1f4ede2bf642baa8a05a837c4f58ea
2020-02-05,699.08,,ft,Approved,,2025-03-11T19:58:39.236615+00:00,1c1f4ede2bf642baa8a05a837c4f58ea
2020-02-06,699.06,,ft,Approved,,2025-03-11T19:58:39.236615+00:00,1c1f4ede2bf642baa8a05a837c4f58ea
2020-02-07,699.05,,ft,Approved,,2025-03-11T19:58:39.236615+00:00,1c1f4ede2bf642baa8a05a837c4f58ea
2020-02-08,699.05,,ft,Approved,,2025-03-11T19:58:39.236615+00:00,1c1f4ede2bf642baa8a05a837c4f58ea
2020-02-09,699.06,,ft,Approved,,2025-03-11T19:58:39.236615+00:00,1c1f4ede2bf642baa8a05a837c4f58ea
2020-02-10,699.08,,ft,Approved,,2025-03-11T19:58:39.236615+00:00,1c1f4ede2bf642baa8a05a837c4f58ea
2020-02-11,699.15,,ft,Approved,,2025-03-11T19:58:39.236615+00:00,1c1f4ede2bf642baa8a05a837c4f58ea
2020-02-12,699.6,,ft,Approved,,2025-03-11T19:58:39.236615+00:00,1c1f4ede2bf642baa8a05a837c4f58ea
2020-02-13,699.37,,ft,Approved,,2025-03-11T19:58:39.236615+00:00,1c1f4ede2bf642baa8a05a837c4f58ea
2020-02-14,699.24,,ft,Approved,,2025-03-11T19:58:39.236615+00:00,1c1f4ede2bf642baa8a05a837c4f58ea
2020-02-15,699.2,,ft,Approved,,2025-03-11T19:58:39.236615+00:00,1c1f4ede2bf642baa8a05a837c4f58ea
2020-02-16,699.18,,ft,Approved,,2025-03-11T19:58:39.236615+00:00,1c1f4ede2bf642baa8a05a837c4f58ea
2020-02-17,699.17,,ft,Approved,,2025-03-11T19:58:39.236615+00:00,1c1f4ede2bf642baa8a05a837c4f58ea
2020-02-18,699.16,,ft,Approved,,2025-03-11T19:58:39.236615+00:00,1c1f4ede2bf642baa8a05a837c4f58ea
2020-02-19,699.15,,ft,Approved,,2025-03-11T19:58:39.236615+00:00,1c1f4ede2bf642baa8a05a837c4f58ea
2020-02-20,699.21,,ft,Approved,,2025-03-11T19:58:39.236615+00:00,1c1f4ede2bf642baa8a05a837c4f58ea
2020-02-21,699.2,,ft,Approved,,2025-03-11T19:58:39.236615+00:00,1c1f4ede2bf642baa8a05a837c4f58ea
2020-02-22,699.18,,ft,Approved,,2025-03-11T19:58:39.236615+00:00,1c1f4ede2bf642baa8a05a837c4f58ea
2020-02-23,699.16,,ft,Approved,,2025-03-11T19:58:39.236615+00:00,1c1f4ede2bf642baa8a05a837c4f58ea
2020-02-24,699.17,,ft,Approved,,2025-03-11T19:58:39.236615+00:00,1c1f4ede2bf642baa8a05a837c4f58ea
2020-02-25,699.15,,ft,Approved,,2025-03-11T19:58:39.236615+00:00,1c1f4ede2bf642baa8a05a837c4f58ea
2020-02-26,699.1,,ft,Approved,,2025-03-11T19:58:39.236615+00:00,1c1f4ede2bf642baa8a05a837c4f58ea
2020-02-27,699.09,,ft,Approved,,2025-03-11T19:58:39.236615+00:00,1c1f4ede2bf642baa8a05a837c4f58ea
2020-02-28,699.1,,ft,Approved,,2025-03-11T19:58:39.236615+00:00,1c1f4ede2bf642baa8a05a837c4f58ea
2020-02-29,699.1,,ft,Approved,,2025-03-11T19:58:39.236615+00:00,1c1f4ede2bf642baa8a05a837c4f58ea
2020-03-01,699.1,,ft,Approved,,2025-03-11T19:58:39.236615+00:00,1c1f4ede2bf642baa8a05a837c4f58ea
2020-03-02,699.12,,ft,Approved,,2025-03-11T19:58:39.236615+00:00,1c1f4ede2bf642baa8a05a837c4f58ea
2020-03-03,699.12,,ft,Approved,,2025-03-11T19:58:39.236615+00:00,1c1f4ede2bf642baa8a05a837c4f58ea
2020-03-04,699.45,,ft,Approved,,2025-03-11T19:58:39.236615+00:00,1c1f4ede2bf642baa8a05a837c4f58ea
2020-03-05,699.37,,ft,Approved,,2025-03-11T19:58:39.236615+00:00,1c1f4ede2bf642baa8a05a837c4f58ea
2020-03-06,699.25,,ft,Approved,,2025-03-11T19:58:39.236615+00:00,1c1f4ede2bf642baa8a05a837c4f58ea
2020-03-07,699.21,,ft,Approved,,2025-03-11T19:58:39.236615+00:00,1c1f4ede2bf642baa8a05a837c4f58ea
2020-03-08,699.18,,ft,Approved,,2025-03-11T19:58:39.236615+00:00,1c1f4ede2bf642baa8a05a837c4f58ea
2020-03-09,699.17,,ft,Approved,,2025-03-11T19:58:39.236615+00:00,1c1f4ede2bf642baa8a05a837c4f58ea
2020-03-10,699.18,,ft,Approved,,2025-03-11T19:58:39.236615+00:00,1c1f4ede2bf642baa8a05a837c4f58ea
2020-03-11,699.16,,ft,Approved,,2025-03-11T19:58:39.236615+00:00,1c1f4ede2bf642baa8a05a837c4f58ea
2020-03-12,699.15,,ft,Approved,,2025-03-11T19:58:39.236615+00:00,1c1f4ede2bf642baa8a05a837c4f58ea
2020-03-13,699.14,,ft,Approved,,2025-03-11T19:58:39.236615+00:00,1c1f4ede2bf642baa8a05a837c4f58ea
2020-03-14,699.14,,ft,Approved,,2025-03-11T19:58:39.236615+00:00,1c1f4ede2bf642baa8a05a837c4f58ea
2020-03-15,699.13,,ft,Approved,,2025-03-11T19:58:39.236615+00:00,1c1f4ede2bf642baa8a05a837c4f58ea
2020-03-16,699.13,,ft,Approved,,2025-03-11T19:58:39.236615+00:00,1c1f4ede2bf642baa8a05a837c4f58ea
2020-03-17,699.14,,ft,Approved,,2025-03-11T19:58:39.236615+00:00,1c1f4ede2bf642baa8a05a837c4f58ea
2020-03-18,699.15,,ft,Approved,,2025-03-11T19:58:39.236615+00:00,1c1f4ede2bf642baa8a05a837c4f58ea
2020-03-19,699.15,,ft,Approved,,2025-03-11T19:58:39.236615+00:00,1c1f4ede2bf642baa8a05a837c4f58ea
2020-03-20,699.26,,ft,Approved,,2025-03-11T19:58:39.236615+00:00,1c1f4ede2bf642baa8a05a837c4f58ea
2020-03-21,699.38,,ft,Approved,,2025-03-11T19:58:39.236615+00:00,1c1f4ede2bf642baa8a05a837c4f58ea
2020-03-22,699.51,,ft,Approved,,2025-03-11T19:58:39.236615+00:00,1c1f4ede2bf642baa8a05a837c4f58ea
2020-03-23,699.33,,ft,Approved,,2025-03-11T19:58:39.236615+00:00,1c1f4ede2bf642baa8a05a837c4f58ea
2020-03-24,699.26,,ft,Approved,,2025-03-11T19:58:39.236615+00:00,1c1f4ede2bf642baa8a05a837c4f58ea
2020-03-25,699.22,,ft,Approved,,2025-03-11T19:58:39.236615+00:00,1c1f4ede2bf642baa8a05a837c4f58ea
2020-03-26,699.2,,ft,Approved,,2025-03-11T19:58:39.236615+00:00,1c1f4ede2bf642baa8a05a837c4f58ea
2020-03-27,699.16,,ft,Approved,,2025-03-11T19:58:39.236615+00:00,1c1f4ede2bf642baa8a05a837c4f58ea
2020-03-28,699.15,,ft,Approved,,2025-03-11T19:58:39.236615+00:00,1c1f4ede2bf642baa8a05a837c4f58ea
2020-03-29,699.13,,ft,Approved,,2025-03-11T19:58:39.236615+00:00,1c1f4ede2bf642baa8a05a837c4f58ea
2020-03-30,699.17,,ft,Approved,,2025-03-11T19:58:39.236615+00:00,1c1f4ede2bf642baa8a05a837c4f58ea
2020-03-31,699.22,,ft,Approved,,2025-03-11T19:58:39.236615+00:00,1c1f4ede2bf642baa8a05a837c4f58ea
2020-04-01,699.19,,ft,Approved,,2025-03-11T19:58:39.236615+00:00,1c1f4ede2bf642baa8a05a837c4f58ea
2020-04-02,699.17,,ft,Approved,,2025-03-11T19:58:39.236615+00:00,1c1f4ede2bf642baa8a05a837c4f58ea
2020-04-03,699.22,,ft,Approved,,2025-03-11T19:58:39.236615+00:00,1c1f4ede2bf642baa8a05a837c4f58ea
2020-04-04,699.45,,ft,Approved,,2025-03-11T19:58:39.236615+00:00,1c1f4ede2bf642baa8a05a837c4f58ea
2020-04-05,699.37,,ft,Approved,,2025-03-11T19:58:39.236615+00:00,1c1f4ede2bf642baa8a05a837c4f58ea
2020-04-06,699.28,,ft,Approved,,2025-03-11T19:58:39.236615+00:00,1c1f4ede2bf642baa8a05a837c4f58ea
2020-04-07,699.24,,ft,Approved,,2025-03-11T19:58:39.236615+00:00,1c1f4ede2bf642baa8a05a837c4f58ea
2020-04-08,699.21,,ft,Approved,,2025-03-11T19:58:39.236615+00:00,1c1f4ede2bf642baa8a05a837c4f58ea
2020-04-09,699.23,,ft,Approved,,2025-03-11T19:58:39.236615+00:00,1c1f4ede2bf642baa8a05a837c4f58ea
2020-04-10,699.26,,ft,Approved,,2025-03-11T19:58:39.236615+00:00,1c1f4ede2bf642baa8a05a837c4f58ea
2020-04-11,699.21,,ft,Approved,,2025-03-11T19:58:39.236615+00:00,1c1f4ede2bf642baa8a05a837c4f58ea
2020-04-12,699.21,,ft,Approved,,2025-03-11T19:58:39.236615+00:00,1c1f4ede2bf642baa8a05a837c4f58ea
2020-04-13,699.16,,ft,Approved,,2025-03-11T19:58:39.236615+00:00,1c1f4ede2bf642baa8a05a837c4f58ea
2020-04-14,699.14,,ft,Approved,,2025-03-11T19:58:39.236615+00:00,1c1f4ede2bf642baa8a05a837c4f58ea
2020-04-15,699.14,,ft,Approved,,2025-03-11T19:58:39.236615+00:00,1c1f4ede2bf642baa8a05a837c4f58ea
2020-04-16,699.14,,ft,Approved,,2025-03-11T19:58:39.236615+00:00,1c1f4ede2bf642baa8a05a837c4f58ea
2020-04-17,699.14,,ft,Approved,,2025-03-11T19:58:39.236615+00:00,1c1f4ede2bf642baa8a05a837c4f58ea
2020-04-18,699.14,,ft,Approved,,2025-03-11T19:58:39.236615+00:00,1c1f4ede2bf642baa8a05a837c4f58ea
2020-04-19,699.15,,ft,Approved,,2025-03-11T19:58:39.236615+00:00,1c1f4ede2bf642baa8a05a837c4f58ea
2020-04-20,699.14,,ft,Approved,,2025-03-11T19:58:39.236615+00:00,1c1f4ede2bf642baa8a05a837c4f58ea
2020-04-21,699.15,,ft,Approved,,2025-03-11T19:58:39.236615+00:00,1c1f4ede2bf642baa8a05a837c4f58ea
2020-04-22,699.17,,ft,Approved,,2025-03-11T19:58:39.236615+00:00,1c1f4ede2bf642baa8a05a837c4f58ea
2020-04-23,699.18,,ft,Approved,,2025-03-11T19:58:39.236615+00:00,1c1f4ede2bf642baa8a05a837c4f58ea
2020-04-24,699.16,,ft,Approved,,2025-03-11T19:58:39.236615+00:00,1c1f4ede2bf642baa8a05a837c4f58ea
2020-04-25,699.13,,ft,Approved,,2025-03-11T19:58:39.236615+00:00,1c1f4ede2bf642baa8a05a837c4f58ea
2020-04-26,699.1,,ft,Approved,,2025-03-11T19:58:39.236615+00:00,1c1f4ede2bf642baa8a05a837c4f58ea
2020-04-27,699.09,,ft,Approved,,2025-03-11T19:58:39.236615+00:00,1c1f4ede2bf642baa8a05a837c4f58ea
2020-04-28,699.08,,ft,Approved,,2025-03-11T19:58:39.236615+00:00,1c1f4ede2bf642baa8a05a837c4f58ea
2020-04-29,699.17,,ft,Approved,,2025-03-11T19:58:39.236615+00:00,1c1f4ede2bf642baa8a05a837c4f58ea
2020-04-30,699.14,,ft,Approved,,2025-03-11T19:58:39.236615+00:00,1c1f4ede2bf642baa8a05a837c4f58ea
2020-05-01,699.12,,ft,Approved,,2025-03-11T19:58:39.236615+00:00,1c1f4ede2bf642baa8a05a837c4f58ea
2020-05-02,699.11,,ft,Approved,,2025-03-11T19:58:39.236615+00:00,1c1f4ede2bf642baa8a05a837c4f58ea
2020-05-03,699.1,,ft,Approved,,2025-03-11T19:58:39.236615+00:00,1c1f4ede2bf642baa8a05a837c4f58ea
2020-05-04,699.08,,ft,Approved,,2025-03-11T19:58:39.236615+00:00,1c1f4ede2bf642baa8a05a837c4f58ea
2020-05-05,699.05,,ft,Approved,,2025-03-11T19:58:39.236615+00:00,1c1f4ede2bf642baa8a05a837c4f58ea
2020-05-06,699.01,,ft,Approved,,2025-03-11T19:58:39.236615+00:00,1c1f4ede2bf642baa8a05a837c4f58ea
2020-05-07,699.01,,ft,Approved,,2025-03-11T19:58:39.236615+00:00,1c1f4ede2bf642baa8a05a837c4f58ea
2020-05-08,698.99,,ft,Approved,,2025-03-11T19:58:39.236615+00:00,1c1f4ede2bf642baa8a05a837c4f58ea
2020-05-09,698.93,,ft,Approved,,2025-03-11T19:58:39.236615+00:00,1c1f4ede2bf642baa8a05a837c4f58ea
2020-05-10,698.91,,ft,Approved,,2025-03-11T19:58:39.236615+00:00,1c1f4ede2bf642baa8a05a837c4f58ea
2020-05-11,698.9,,ft,Approved,,2025-03-11T19:58:39.236615+00:00,1c1f4ede2bf642baa8a05a837c4f58ea
2020-05-12,698.92,,ft,Approved,,2025-03-11T19:58:39.236615+00:00,1c1f4ede2bf642baa8a05a837c4f58ea
2020-05-13,698.97,,ft,Approved,,2025-03-11T19:58:39.236615+00:00,1c1f4ede2bf642baa8a05a837c4f58ea
2020-05-14,698.97,,ft,Approved,,2025-03-11T19:58:39.236615+00:00,1c1f4ede2bf642baa8a05a837c4f58ea
2020-05-15,698.97,,ft,Approved,,2025-03-11T19:58:39.236615+00:00,1c1f4ede2bf642baa8a05a837c4f58ea
2020-05-16,699.37,,ft,Approved,,2025-03-11T19:58:39.236615+00:00,1c1f4ede2bf642baa8a05a837c4f58ea
2020-05-17,699.26,,ft,Approved,,2025-03-11T19:58:39.236615+00:00,1c1f4ede2bf642baa8a05a837c4f58ea
2020-05-18,699.19,,ft,Approved,,2025-03-11T19:58:39.236615+00:00,1c1f4ede2bf642baa8a05a837c4f58ea
2020-05-19,699.14,,ft,Approved,,2025-03-11T19:58:39.236615+00:00,1c1f4ede2bf642baa8a05a837c4f58ea
2020-05-20,699.12,,ft,Approved,,2025-03-11T19:58:39.236615+00:00,1c1f4ede2bf642baa8a05a837c4f58ea
2020-05-21,699.1,,ft,Approved,,2025-03-11T19:58:39.236615+00:00,1c1f4ede2bf642baa8a05a837c4f58ea
2020-05-22,699.1,,ft,Approved,,2025-03-11T19:58:39.236615+00:00,1c1f4ede2bf642baa8a05a837c4f58ea
2020-05-23,699.08,,ft,Approved,,2025-03-11T19:58:39.236615+00:00,1c1f4ede2bf642baa8a05a837c4f58ea
2020-05-24,699.06,,ft,Approved,,2025-03-11T19:58:39.236615+00:00,1c1f4ede2bf642baa8a05a837c4f58ea
2020-05-25,699.16,,ft,Approved,,2025-03-11T19:58:39.236615+00:00,1c1f4ede2bf642baa8a05a837c4f58ea
2020-05-26,699.14,,ft,Approved,,2025-03-11T19:58:39.236615+00:00,1c1f4ede2bf642baa8a05a837c4f58ea
2020-05-27,699.14,,ft,Approved,,2025-03-11T19:58:39.236615+00:00,1c1f4ede2bf642baa8a05a837c4f58ea
2020-05-28,699.4,,ft,Approved,,2025-03-11T19:58:39.236615+00:00,1c1f4ede2bf642baa8a05a837c4f58ea
2020-05-29,699.25,,ft,Approved,,2025-03-11T19:58:39.236615+00:00,1c1f4ede2bf642baa8a05a837c4f58ea
2020-05-30,699.18,,ft,Approved,,2025-03-11T19:58:39.236615+00:00,1c1f4ede2bf642baa8a05a837c4f58ea
2020-05-31,699.14,,ft,Approved,,2025-03-11T19:58:39.236615+00:00,1c1f4ede2bf642baa8a05a837c4f58ea
2020-06-01,699.12,,ft,Approved,,2025-03-11T19:58:39.236615+00:00,1c1f4ede2bf642baa8a05a837c4f58ea
2020-06-02,699.12,,ft,Approved,,2025-03-11T19:58:39.236615+00:00,1c1f4ede2bf642baa8a05a837c4f58ea
2020-06-03,699.11,,ft,Approved,,2025-03-11T19:58:39.236615+00:00,1c1f4ede2bf642baa8a05a837c4f58ea
2020-06-04,699.09,,ft,Approved,,2025-03-11T19:58:39.236615+00:00,1c1f4ede2bf642baa8a05a837c4f58ea
2020-06-05,699.07,,ft,Approved,,2025-03-11T19:58:39.236615+00:00,1c1f4ede2bf642baa8a05a837c4f58ea
2020-06-06,699.06,,ft,Approved,,2025-03-11T19:58:39.236615+00:00,1c1f4ede2bf642baa8a05a837c4f58ea
2020-06-07,699.04,,ft,Approved,,2025-03-11T19:58:39.236615+00:00,1c1f4ede2bf642baa8a05a837c4f58ea
2020-06-08,699.02,,ft,Approved,,2025-03-11T19:58:39.236615+00:00,1c1f4ede2bf642baa8a05a837c4f58ea
2020-06-09,698.99,,ft,Approved,,2025-03-11T19:58:39.236615+00:00,1c1f4ede2bf642baa8a05a837c4f58ea
2020-06-10,698.96,,ft,Approved,,2025-03-11T19:58:39.236615+00:00,1c1f4ede2bf642baa8a05a837c4f58ea
2020-06-11,698.92,,ft,Approved,,2025-03-11T19:58:39.236615+00:00,1c1f4ede2bf642baa8a05a837c4f58ea
2020-06-12,698.89,,ft,Approved,,2025-03-11T19:58:39.236615+00:00,1c1f4ede2bf642baa8a05a837c4f58ea
2020-06-13,698.87,,ft,Approved,,2025-03-11T19:58:39.236615+00:00,1c1f4ede2bf642baa8a05a837c4f58ea
2020-06-14,698.84,,ft,Approved,,2025-03-11T19:58:39.236615+00:00,1c1f4ede2bf642baa8a05a837c4f58ea
2020-06-15,698.81,,ft,Approved,,2025-03-11T19:58:39.236615+00:00,1c1f4ede2bf642baa8a05a837c4f58ea
2020-06-16,698.79,,ft,Approved,,2025-03-11T19:58:39.236615+00:00,1c1f4ede2bf642baa8a05a837c4f58ea
2020-06-17,698.77,,ft,Approved,,2025-03-11T19:58:39.236615+00:00,1c1f4ede2bf642baa8a05a837c4f58ea
2020-06-18,698.73,,ft,Approved,,2025-03-11T19:58:39.236615+00:00,1c1f4ede2bf642baa8a05a837c4f58ea
2020-06-19,698.7,,ft,Approved,,2025-03-11T19:58:39.236615+00:00,1c1f4ede2bf642baa8a05a837c4f58ea
2020-06-20,698.73,,ft,Approved,,2025-03-11T19:58:39.236615+00:00,1c1f4ede2bf642baa8a05a837c4f58ea
2020-06-21,698.73,,ft,Approved,,2025-03-11T19:58:39.236615+00:00,1c1f4ede2bf642baa8a05a837c4f58ea
2020-06-22,698.71,,ft,Approved,,2025-03-11T19:58:39.236615+00:00,1c1f4ede2bf642baa8a05a837c4f58ea
2020-06-23,699.01,,ft,Approved,,2025-03-11T19:58:39.236615+00:00,1c1f4ede2bf642baa8a05a837c4f58ea
2020-06-24,699.15,,ft,Approved,,2025-03-11T19:58:39.236615+00:00,1c1f4ede2bf642baa8a05a837c4f58ea
2020-06-25,699.14,,ft,Approved,,2025-03-11T19:58:39.236615+00:00,1c1f4ede2bf642baa8a05a837c4f58ea
2020-06-26,699.12,,ft,Approved,,2025-03-11T19:58:39.236615+00:00,1c1f4ede2bf642baa8a05a837c4f58ea
2020-06-27,699.1,,ft,Approved,,2025-03-11T19:58:39.236615+00:00,1c1f4ede2bf642baa8a05a837c4f58ea
2020-06-28,699.08,,ft,Approved,,2025-03-11T19:58:39.236615+00:00,1c1f4ede2bf642baa8a05a837c4f58ea
2020-06-29,699.09,,ft,Approved,,2025-03-11T19:58:39.236615+00:00,1c1f4ede2bf642baa8a05a837c4f58ea
2020-06-30,699.07,,ft,Approved,,2025-03-11T19:58:39.236615+00:00,1c1f4ede2bf642baa8a05a837c4f58ea
2020-07-01,699.06,,ft,Approved,,2025-03-11T19:58:39.236615+00:00,1c1f4ede2bf642baa8a05a837c4f58ea
2020-07-02,699.04,,ft,Approved,,2025-03-11T19:58:39.236615+00:00,1c1f4ede2bf642baa8a05a837c4f58ea
2020-07-03,699.02,,ft,Approved,,2025-03-11T19:58:39.236615+00:00,1c1f4ede2bf642baa8a05a837c4f58ea
2020-07-04,699.0,,ft,Approved,,2025-03-11T19:58:39.236615+00:00,1c1f4ede2bf642baa8a05a837c4f58ea
2020-07-05,698.98,,ft,Approved,,2025-03-11T19:58:39.236615+00:00,1c1f4ede2bf642baa8a05a837c4f58ea
2020-07-06,698.96,,ft,Approved,,2025-03-11T19:58:39.236615+00:00,1c1f4ede2bf642baa8a05a837c4f58ea
2020-07-07,698.94,,ft,Approved,,2025-03-11T19:58:39.236615+00:00,1c1f4ede2bf642baa8a05a837c4f58ea
2020-07-08,698.93,,ft,Approved,,2025-03-11T19:58:39.236615+00:00,1c1f4ede2bf642baa8a05a837c4f58ea
2020-07-09,698.9,,ft,Approved,,2025-03-11T19:58:39.236615+00:00,1c1f4ede2bf642baa8a05a837c4f58ea
2020-07-10,698.87,,ft,Approved,,2025-03-11T19:58:39.236615+00:00,1c1f4ede2bf642baa8a05a837c4f58ea
2020-07-11,698.85,,ft,Approved,,2025-03-11T19:58:39.236615+00:00,1c1f4ede2bf642baa8a05a837c4f58ea
2020-07-12,698.8,,ft,Approved,,2025-03-11T19:58:39.236615+00:00,1c1f4ede2bf642baa8a05a837c4f58ea
2020-07-13,698.77,,ft,Approved,,2025-03-11T19:58:39.236615+00:00,1c1f4ede2bf642baa8a05a837c4f58ea
2020-07-14,698.74,,ft,Approved,,2025-03-11T19:58:39.236615+00:00,1c1f4ede2bf642baa8a05a837c4f58ea
2020-07-15,698.7,,ft,Approved,,2025-03-11T19:58:39.236615+00:00,1c1f4ede2bf642baa8a05a837c4f58ea
2020-07-16,698.67,,ft,Approved,,2025-03-11T19:58:39.236615+00:00,1c1f4ede2bf642baa8a05a837c4f58ea
2020-07-17,698.64,,ft,Approved,,2025-03-11T19:58:39.236615+00:00,1c1f4ede2bf642baa8a05a837c4f58ea
2020-07-18,698.61,,ft,Approved,,2025-03-11T19:58:39.236615+00:00,1c1f4ede2bf642baa8a05a837c4f58ea
2020-07-19,698.58,,ft,Approved,,2025-03-11T19:58:39.236615+00:00,1c1f4ede2bf642baa8a05a837c4f58ea
2020-07-20,698.57,,ft,Approved,,2025-03-11T19:58:39.236615+00:00,1c1f4ede2bf642baa8a05a837c4f58ea
2020-07-21,698.55,,ft,Approved,,2025-03-11T19:58:39.236615+00:00,1c1f4ede2bf642baa8a05a837c4f58ea
2020-07-22,698.53,,ft,Approved,,2025-03-11T19:58:39.236615+00:00,1c1f4ede2bf642baa8a05a837c4f58ea
2020-07-23,698.5,,ft,Approved,,2025-03-11T19:58:39.236615+00:00,1c1f4ede2bf642baa8a05a837c4f58ea
2020-07-24,698.48,,ft,Approved,,2025-03-11T19:58:39.236615+00:00,1c1f4ede2bf642baa8a05a837c4f58ea
2020-07-25,698.45,,ft,Approved,,2025-03-11T19:58:39.236615+00:00,1c1f4ede2bf642baa8a05a837c4f58ea
2020-07-26,698.45,,ft,Approved,,2025-03-11T19:58:39.236615+00:00,1c1f4ede2bf642baa8a05a837c4f58ea
2020-07-27,698.44,,ft,Approved,,2025-03-11T19:58:39.236615+00:00,1c1f4ede2bf642baa8a05a837c4f58ea
2020-07-28,698.43,,ft,Approved,,2025-03-11T19:58:39.236615+00:00,1c1f4ede2bf642baa8a05a837c4f58ea
2020-07-29,698.4,,ft,Approved,,2025-03-11T19:58:39.236615+00:00,1c1f4ede2bf642baa8a05a837c4f58ea
2020-07-30,698.36,,ft,Approved,,2025-03-11T19:58:39.236615+00:00,1c1f4ede2bf642baa8a05a837c4f58ea
2020-07-31,698.37,,ft,Approved,,2025-03-11T19:58:39.236615+00:00,1c1f4ede2bf642baa8a05a837c4f58ea
2020-08-01,698.41,,ft,Approved,,2025-03-11T19:58:39.236615+00:00,1c1f4ede2bf642baa8a05a837c4f58ea
2020-08-02,698.39,,ft,Approved,,2025-03-11T19:58:39.236615+00:00,1c1f4ede2bf642baa8a05a837c4f58ea
2020-08-03,698.36,,ft,Approved,,2025-03-11T19:58:39.236615+00:00,1c1f4ede2bf642baa8a05a837c4f58ea
2020-08-04,698.34,,ft,Approved,,2025-03-11T19:58:39.236615+00:00,1c1f4ede2bf642baa8a05a837c4f58ea
2020-08-05,698.31,,ft,Approved,,2025-03-11T19:58:39.236615+00:00,1c1f4ede2bf642baa8a05a837c4f58ea
2020-08-06,698.28,,ft,Approved,,2025-03-11T19:58:39.236615+00:00,1c1f4ede2bf642baa8a05a837c4f58ea
2020-08-07,698.25,,ft,Approved,,2025-03-11T19:58:39.236615+00:00,1c1f4ede2bf642baa8a05a837c4f58ea
2020-08-08,698.22,,ft,Approved,,2025-03-11T19:58:39.236615+00:00,1c1f4ede2bf642baa8a05a837c4f58ea
2020-08-09,698.2,,ft,Approved,,2025-03-11T19:58:39.236615+00:00,1c1f4ede2bf642baa8a05a837c4f58ea
2020-08-10,698.16,,ft,Approved,,2025-03-11T19:58:39.236615+00:00,1c1f4ede2bf642baa8a05a837c4f58ea
2020-08-11,698.13,,ft,Approved,,2025-03-11T19:58:39.236615+00:00,1c1f4ede2bf642baa8a05a837c4f58ea
2020-08-12,698.09,,ft,Approved,,2025-03-11T19:58:39.236615+00:00,1c1f4ede2bf642baa8a05a837c4f58ea
2020-08-13,698.06,,ft,Approved,,2025-03-11T19:58:39.236615+00:00,1c1f4ede2bf642baa8a05a837c4f58ea
2020-08-14,698.03,,ft,Approved,,2025-03-11T19:58:39.236615+00:00,1c1f4ede2bf642baa8a05a837c4f58ea
2020-08-15,698.0,,ft,Approved,,2025-03-11T19:58:39.236615+00:00,1c1f4ede2bf642baa8a05a837c4f58ea
2020-08-16,697.97,,ft,Approved,,2025-03-11T19:58:39.236615+00:00,1c1f4ede2bf642baa8a05a837c4f58ea
2020-08-17,697.94,,ft,Approved,,2025-03-11T19:58:39.236615+00:00,1c1f4ede2bf642baa8a05a837c4f58ea
2020-08-18,697.92,,ft,Approved,,2025-03-11T19:58:39.236615+00:00,1c1f4ede2bf642baa8a05a837c4f58ea
2020-08-19,697.89,,ft,Approved,,2025-03-11T19:58:39.236615+00:00,1c1f4ede2bf642baa8a05a837c4f58ea
2020-08-20,697.86,,ft,Approved,,2025-03-11T19:58:39.236615+00:00,1c1f4ede2bf642baa8a05a837c4f58ea
2020-08-21,697.84,,ft,Approved,,2025-03-11T19:58:39.236615+00:00,1c1f4ede2bf642baa8a05a837c4f58ea
2020-08-22,698.0,,ft,Approved,,2025-03-11T19:58:39.236615+00:00,1c1f4ede2bf642baa8a05a837c4f58ea
2020-08-23,698.07,,ft,Approved,,2025-03-11T19:58:39.236615+00:00,1c1f4ede2bf642baa8a05a837c4f58ea
2020-08-24,698.05,,ft,Approved,,2025-03-11T19:58:39.236615+00:00,1c1f4ede2bf642baa8a05a837c4f58ea
2020-08-25,698.03,,ft,Approved,,2025-03-11T19:58:39.236615+00:00,1c1f4ede2bf642baa8a05a837c4f58ea
2020-08-26,698.01,,ft,Approved,,2025-03-11T19:58:39.236615+00:00,1c1f4ede2bf642baa8a05a837c4f58ea
2020-08-27,698.0,,ft,Approved,,2025-03-11T19:58:39.236615+00:00,1c1f4ede2bf642baa8a05a837c4f58ea
2020-08-28,697.98,,ft,Approved,,2025-03-11T19:58:39.236615+00:00,1c1f4ede2bf642baa8a05a837c4f58ea
2020-08-29,697.95,,ft,Approved,,2025-03-11T19:58:39.236615+00:00,1c1f4ede2bf642baa8a05a837c4f58ea
2020-08-30,697.92,,ft,Approved,,2025-03-11T19:58:39.236615+00:00,1c1f4ede2bf642baa8a05a837c4f58ea
2020-08-31,697.89,,ft,Approved,,2025-03-11T19:58:39.236615+00:00,1c1f4ede2bf642baa8a05a837c4f58ea
2020-09-01,697.86,,ft,Approved,,2025-03-11T19:58:39.236615+00:00,1c1f4ede2bf642baa8a05a837c4f58ea
2020-09-02,697.82,,ft,Approved,,2025-03-11T19:58:39.236615+00:00,1c1f4ede2bf642baa8a05a837c4f58ea
2020-09-03,697.83,,ft,Approved,,2025-03-11T19:58:39.236615+00:00,1c1f4ede2bf642baa8a05a837c4f58ea
2020-09-04,697.96,,ft,Approved,,2025-03-11T19:58:39.236615+00:00,1c1f4ede2bf642baa8a05a837c4f58ea
2020-09-05,698.14,,ft,Approved,,2025-03-11T19:58:39.236615+00:00,1c1f4ede2bf642baa8a05a837c4f58ea
2020-09-06,698.15,,ft,Approved,,2025-03-11T19:58:39.236615+00:00,1c1f4ede2bf642baa8a05a837c4f58ea
2020-09-07,698.14,,ft,Approved,,2025-03-11T19:58:39.236615+00:00,1c1f4ede2bf642baa8a05a837c4f58ea
2020-09-08,698.13,,ft,Approved,,2025-03-11T19:58:39.236615+00:00,1c1f4ede2bf642baa8a05a837c4f58ea
2020-09-09,698.27,,ft,Approved,,2025-03-11T19:58:39.236615+00:00,1c1f4ede2bf642baa8a05a837c4f58ea
2020-09-10,698.54,,ft,Approved,,2025-03-11T19:58:39.236615+00:00,1c1f4ede2bf642baa8a05a837c4f58ea
2020-09-11,698.56,,ft,Approved,,2025-03-11T19:58:39.236615+00:00,1c1f4ede2bf642baa8a05a837c4f58ea
2020-09-12,698.59,,ft,Approved,,2025-03-11T19:58:39.236615+00:00,1c1f4ede2bf642baa8a05a837c4f58ea
2020-09-13,698.62,,ft,Approved,,2025-03-11T19:58:39.236615+00:00,1c1f4ede2bf642baa8a05a837c4f58ea
2020-09-14,698.61,,ft,Approved,,2025-03-11T19:58:39.236615+00:00,1c1f4ede2bf642baa8a05a837c4f58ea
2020-09-15,698.6,,ft,Approved,,2025-03-11T19:58:39.236615+00:00,1c1f4ede2bf642baa8a05a837c4f58ea
2020-09-16,698.59,,ft,Approved,,2025-03-11T19:58:39.236615+00:00,1c1f4ede2bf642baa8a05a837c4f58ea
2020-09-17,698.57,,ft,Approved,,2025-03-11T19:58:39.236615+00:00,1c1f4ede2bf642baa8a05a837c4f58ea
2020-09-18,698.57,,ft,Approved,,2025-03-11T19:58:39.236615+00:00,1c1f4ede2bf642baa8a05a837c4f58ea
2020-09-19,698.54,,ft,Approved,,2025-03-11T19:58:39.236615+00:00,1c1f4ede2bf642baa8a05a837c4f58ea
2020-09-20,698.52,,ft,Approved,,2025-03-11T19:58:39.236615+00:00,1c1f4ede2bf642baa8a05a837c4f58ea
2020-09-21,698.57,,ft,Approved,,2025-03-11T19:58:39.236615+00:00,1c1f4ede2bf642baa8a05a837c4f58ea
2020-09-22,698.72,,ft,Approved,,2025-03-11T19:58:39.236615+00:00,1c1f4ede2bf642baa8a05a837c4f58ea
2020-09-23,698.78,,ft,Approved,,2025-03-11T19:58:39.236615+00:00,1c1f4ede2bf642baa8a05a837c4f58ea
2020-09-24,698.79,,ft,Approved,,2025-03-11T19:58:39.236615+00:00,1c1f4ede2bf642baa8a05a837c4f58ea
2020-09-25,698.79,,ft,Approved,,2025-03-11T19:58:39.236615+00:00,1c1f4ede2bf642baa8a05a837c4f58ea
2020-09-26,698.79,,ft,Approved,,2025-03-11T19:58:39.236615+00:00,1c1f4ede2bf642baa8a05a837c4f58ea
2020-09-27,698.79,,ft,Approved,,2025-03-11T19:58:39.236615+00:00,1c1f4ede2bf642baa8a05a837c4f58ea
2020-09-28,698.77,,ft,Approved,,2025-03-11T19:58:39.236615+00:00,1c1f4ede2bf642baa8a05a837c4f58ea
2020-09-29,698.74,,ft,Approved,,2025-03-11T19:58:39.236615+00:00,1c1f4ede2bf642baa8a05a837c4f58ea
2020-09-30,698.73,,ft,Approved,,2025-03-11T19:58:39.236615+00:00,1c1f4ede2bf642baa8a05a837c4f58ea
2020-10-01,698.72,,ft,Approved,,2025-03-11T19:58:39.236615+00:00,1c1f4ede2bf642baa8a05a837c4f58ea
2020-10-02,698.7,,ft,Approved,,2025-03-11T19:58:39.236615+00:00,1c1f4ede2bf642baa8a05a837c4f58ea
2020-10-03,698.69,,ft,Approved,,2025-03-11T19:58:39.236615+00:00,1c1f4ede2bf642baa8a05a837c4f58ea
2020-10-04,698.68,,ft,Approved,,2025-03-11T19:58:39.236615+00:00,1c1f4ede2bf642baa8a05a837c4f58ea
2020-10-05,698.67,,ft,Approved,,2025-03-11T19:58:39.236615+00:00,1c1f4ede2bf642baa8a05a837c4f58ea
2020-10-06,698.66,,ft,Approved,,2025-03-11T19:58:39.236615+00:00,1c1f4ede2bf642baa8a05a837c4f58ea
2020-10-07,698.66,,ft,Approved,,2025-03-11T19:58:39.236615+00:00,1c1f4ede2bf642baa8a05a837c4f58ea
2020-10-08,698.65,,ft,Approved,,2025-03-11T19:58:39.236615+00:00,1c1f4ede2bf642baa8a05a837c4f58ea
2020-10-09,698.65,,ft,Approved,,2025-03-11T19:58:39.236615+00:00,1c1f4ede2bf642baa8a05a837c4f58ea
2020-10-10,698.65,,ft,Approved,,2025-03-11T19:58:39.236615+00:00,1c1f4ede2bf642baa8a05a837c4f58ea
2020-10-11,698.64,,ft,Approved,,2025-03-11T19:58:39.236615+00:00,1c1f4ede2bf642baa8a05a837c4f58ea
2020-10-12,698.62,,ft,Approved,,2025-03-11T19:58:39.236615+00:00,1c1f4ede2bf642baa8a05a837c4f58ea
2020-10-13,698.6,,ft,Approved,,2025-03-11T19:58:39.236615+00:00,1c1f4ede2bf642baa8a05a837c4f58ea
2020-10-14,698.59,,ft,Approved,,2025-03-11T19:58:39.236615+00:00,1c1f4ede2bf642baa8a05a837c4f58ea
2020-10-15,698.57,,ft,Approved,,2025-03-11T19:58:39.236615+00:00,1c1f4ede2bf642baa8a05a837c4f58ea
2020-10-16,698.53,,ft,Approved,,2025-03-11T19:58:39.236615+00:00,1c1f4ede2bf642baa8a05a837c4f58ea
2020-10-17,698.51,,ft,Approved,,2025-03-11T19:58:39.236615+00:00,1c1f4ede2bf642baa8a05a837c4f58ea
2020-10-18,698.5,,ft,Approved,,2025-03-11T19:58:39.236615+00:00,1c1f4ede2bf642baa8a05a837c4f58ea
2020-10-19,698.5,,ft,Approved,,2025-03-11T19:58:39.236615+00:00,1c1f4ede2bf642baa8a05a837c4f58ea
2020-10-20,698.49,,ft,Approved,,2025-03-11T19:58:39.236615+00:00,1c1f4ede2bf642baa8a05a837c4f58ea
2020-10-21,698.47,,ft,Approved,,2025-03-11T19:58:39.236615+00:00,1c1f4ede2bf642baa8a05a837c4f58ea
2020-10-22,698.46,,ft,Approved,,2025-03-11T19:58:39.236615+00:00,1c1f4ede2bf642baa8a05a837c4f58ea
2020-10-23,698.45,,ft,Approved,,2025-03-11T19:58:39.236615+00:00,1c1f4ede2bf642baa8a05a837c4f58ea
2020-10-24,698.41,,ft,Approved,,2025-03-11T19:58:39.236615+00:00,1c1f4ede2bf642baa8a05a837c4f58ea
2020-10-25,698.4,,ft,Approved,,2025-03-11T19:58:39.236615+00:00,1c1f4ede2bf642baa8a05a837c4f58ea
2020-10-26,698.41,,ft,Approved,,2025-03-11T19:58:39.236615+00:00,1c1f4ede2bf642baa8a05a837c4f58ea
2020-10-27,698.4,,ft,Approved,,2025-03-11T19:58:39.236615+00:00,1c1f4ede2bf642baa8a05a837c4f58ea
2020-10-28,698.4,,ft,Approved,,2025-03-11T19:58:39.236615+00:00,1c1f4ede2bf642baa8a05a837c4f58ea
2020-10-29,698.39,,ft,Approved,,2025-03-11T19:58:39.236615+00:00,1c1f4ede2bf642baa8a05a837c4f58ea
2020-10-30,698.39,,ft,Approved,,2025-03-11T19:58:39.236615+00:00,1c1f4ede2bf642baa8a05a837c4f58ea
2020-10-31,698.38,,ft,Approved,,2025-03-11T19:58:39.236615+00:00,1c1f4ede2bf642baa8a05a837c4f58ea
2020-11-01,698.38,,ft,Approved,,2025-03-11T19:58:39.236615+00:00,1c1f4ede2bf642baa8a05a837c4f58ea
2020-11-02,698.37,,ft,Approved,,2025-03-11T19:58:39.236615+00:00,1c1f4ede2bf642baa8a05a837c4f58ea
2020-11-03,698.36,,ft,Approved,,2025-03-11T19:58:39.236615+00:00,1c1f4ede2bf642baa8a05a837c4f58ea
2020-11-04,698.35,,ft,Approved,,2025-03-11T19:58:39.236615+00:00,1c1f4ede2bf642baa8a05a837c4f58ea
2020-11-05,698.35,,ft,Approved,,2025-03-11T19:58:39.236615+00:00,1c1f4ede2bf642baa8a05a837c4f58ea
2020-11-06,698.35,,ft,Approved,,2025-03-11T19:58:39.236615+00:00,1c1f4ede2bf642baa8a05a837c4f58ea
2020-11-07,698.34,,ft,Approved,,2025-03-11T19:58:39.236615+00:00,1c1f4ede2bf642baa8a05a837c4f58ea
2020-11-08,698.33,,ft,Approved,,2025-03-11T19:58:39.236615+00:00,1c1f4ede2bf642baa8a05a837c4f58ea
2020-11-09,698.33,,ft,Approved,,2025-03-11T19:58:39.236615+00:00,1c1f4ede2bf642baa8a05a837c4f58ea
2020-11-10,698.32,,ft,Approved,,2025-03-11T19:58:39.236615+00:00,1c1f4ede2bf642baa8a05a837c4f58ea
2020-11-11,698.3,,ft,Approved,,2025-03-11T19:58:39.236615+00:00,1c1f4ede2bf642baa8a05a837c4f58ea
2020-11-12,698.29,,ft,Approved,,2025-03-11T19:58:39.236615+00:00,1c1f4ede2bf642baa8a05a837c4f58ea
2020-11-13,698.29,,ft,Approved,,2025-03-11T19:58:39.236615+00:00,1c1f4ede2bf642baa8a05a837c4f58ea
2020-11-14,698.29,,ft,Approved,,2025-03-11T19:58:39.236615+00:00,1c1f4ede2bf642baa8a05a837c4f58ea
2020-11-15,698.26,,ft,Approved,,2025-03-11T19:58:39.236615+00:00,1c1f4ede2bf642baa8a05a837c4f58ea
2020-11-16,698.23,,ft,Approved,,2025-03-11T19:58:39.236615+00:00,1c1f4ede2bf642baa8a05a837c4f58ea
2020-11-17,698.22,,ft,Approved,,2025-03-11T19:58:39.236615+00:00,1c1f4ede2bf642baa8a05a837c4f58ea
2020-11-18,698.21,,ft,Approved,,2025-03-11T19:58:39.236615+00:00,1c1f4ede2bf642baa8a05a837c4f58ea
2020-11-19,698.2,,ft,Approved,,2025-03-11T19:58:39.236615+00:00,1c1f4ede2bf642baa8a05a837c4f58ea
2020-11-20,698.2,,ft,Approved,,2025-03-11T19:58:39.236615+00:00,1c1f4ede2bf642baa8a05a837c4f58ea
2020-11-21,698.2,,ft,Approved,,2025-03-11T19:58:39.236615+00:00,1c1f4ede2bf642baa8a05a837c4f58ea
2020-11-22,698.19,,ft,Approved,,2025-03-11T19:58:39.236615+00:00,1c1f4ede2bf642baa8a05a837c4f58ea
2020-11-23,698.18,,ft,Approved,,2025-03-11T19:58:39.236615+00:00,1c1f4ede2bf642baa8a05a837c4f58ea
2020-11-24,698.18,,ft,Approved,,2025-03-11T19:58:39.236615+00:00,1c1f4ede2bf642baa8a05a837c4f58ea
2020-11-25,698.17,,ft,Approved,,2025-03-11T19:58:39.236615+00:00,1c1f4ede2bf642baa8a05a837c4f58ea
2020-11-26,698.16,,ft,Approved,,2025-03-11T19:58:39.236615+00:00,1c1f4ede2bf642baa8a05a837c4f58ea
2020-11-27,698.16,,ft,Approved,,2025-03-11T19:58:39.236615+00:00,1c1f4ede2bf642baa8a05a837c4f58ea
2020-11-28,698.17,,ft,Approved,,2025-03-11T19:58:39.236615+00:00,1c1f4ede2bf642baa8a05a837c4f58ea
2020-11-29,698.19,,ft,Approved,,2025-03-11T19:58:39.236615+00:00,1c1f4ede2bf642baa8a05a837c4f58ea
2020-11-30,698.17,,ft,Approved,,2025-03-11T19:58:39.236615+00:00,1c1f4ede2bf642baa8a05a837c4f58ea
2020-12-01,698.16,,ft,Approved,,2025-03-11T19:58:39.236615+00:00,1c1f4ede2bf642baa8a05a837c4f58ea
2020-12-02,698.16,,ft,Approved,,2025-03-11T19:58:39.236615+00:00,1c1f4ede2bf642baa8a05a837c4f58ea
2020-12-03,698.15,,ft,Approved,,2025-03-11T19:58:39.236615+00:00,1c1f4ede2bf642baa8a05a837c4f58ea
2020-12-04,698.14,,ft,Approved,,2025-03-11T19:58:39.236615+00:00,1c1f4ede2bf642baa8a05a837c4f58ea
2020-12-05,698.14,,ft,Approved,,2025-03-11T19:58:39.236615+00:00,1c1f4ede2bf642baa8a05a837c4f58ea
2020-12-06,698.14,,ft,Approved,,2025-03-11T19:58:39.236615+00:00,1c1f4ede2bf642baa8a05a837c4f58ea
2020-12-07,698.13,,ft,Approved,,2025-03-11T19:58:39.236615+00:00,1c1f4ede2bf642baa8a05a837c4f58ea
2020-12-08,698.13,,ft,Approved,,2025-03-11T19:58:39.236615+00:00,1c1f4ede2bf642baa8a05a837c4f58ea
2020-12-09,698.13,,ft,Approved,,2025-03-11T19:58:39.236615+00:00,1c1f4ede2bf642baa8a05a837c4f58ea
2020-12-10,698.12,,ft,Approved,,2025-03-11T19:58:39.236615+00:00,1c1f4ede2bf642baa8a05a837c4f58ea
2020-12-11,698.13,,ft,Approved,,2025-03-11T19:58:39.236615+00:00,1c1f4ede2bf642baa8a05a837c4f58ea
2020-12-12,698.13,,ft,Approved,,2025-03-11T19:58:39.236615+00:00,1c1f4ede2bf642baa8a05a837c4f58ea
2020-12-13,698.12,,ft,Approved,,2025-03-11T19:58:39.236615+00:00,1c1f4ede2bf642baa8a05a837c4f58ea
2020-12-14,698.09,,ft,Approved,,2025-03-11T19:58:39.236615+00:00,1c1f4ede2bf642baa8a05a837c4f58ea
2020-12-15,698.09,,ft,Approved,,2025-03-11T19:58:39.236615+00:00,1c1f4ede2bf642baa8a05a837c4f58ea
2020-12-16,698.08,,ft,Approved,,2025-03-11T19:58:39.236615+00:00,1c1f4ede2bf642baa8a05a837c4f58ea
2020-12-17,698.07,,ft,Approved,,2025-03-11T19:58:39.236615+00:00,1c1f4ede2bf642baa8a05a837c4f58ea
2020-12-18,698.07,,ft,Approved,,2025-03-11T19:58:39.236615+00:00,1c1f4ede2bf642baa8a05a837c4f58ea
2020-12-19,698.14,,ft,Approved,,2025-03-11T19:58:39.236615+00:00,1c1f4ede2bf642baa8a05a837c4f58ea
2020-12-20,698.19,,ft,Approved,,2025-03-11T19:58:39.236615+00:00,1c1f4ede2bf642baa8a05a837c4f58ea
2020-12-21,698.2,,ft,Approved,,2025-03-11T19:58:39.236615+00:00,1c1f4ede2bf642baa8a05a837c4f58ea
2020-12-22,698.22,,ft,Approved,,2025-03-11T19:58:39.236615+00:00,1c1f4ede2bf642baa8a05a837c4f58ea
2020-12-23,698.22,,ft,Approved,,2025-03-11T19:58:39.236615+00:00,1c1f4ede2bf642baa8a05a837c4f58ea
2020-12-24,698.19,,ft,Approved,,2025-03-11T19:58:39.236615+00:00,1c1f4ede2bf642baa8a05a837c4f58ea
2020-12-25,698.18,,ft,Approved,,2025-03-11T19:58:39.236615+00:00,1c1f4ede2bf642baa8a05a837c4f58ea
2020-12-26,698.18,,ft,Approved,,2025-03-11T19:58:39.236615+00:00,1c1f4ede2bf642baa8a05a837c4f58ea
2020-12-27,698.18,,ft,Approved,,2025-03-11T19:58:39.236615+00:00,1c1f4ede2bf642baa8a05a837c4f58ea
2020-12-28,698.18,,ft,Approved,,2025-03-11T19:58:39.236615+00:00,1c1f4ede2bf642baa8a05a837c4f58ea
2020-12-29,698.19,,ft,Approved,,2025-03-11T19:58:39.236615+00:00,1c1f4ede2bf642baa8a05a837c4f58ea
2020-12-30,698.22,,ft,Approved,,2025-03-11T19:58:39.236615+00:00,1c1f4ede2bf642baa8a05a837c4f58ea
2020-12-31,698.7,,ft,Approved,,2025-03-11T19:58:39.236615+00:00,1c1f4ede2bf642baa8a05a837c4f58ea
2021-01-01,699.13,,ft,Approved,,2025-03-11T19:58:39.236615+00:00,1c1f4ede2bf642baa8a05a837c4f58ea
2021-01-02,699.14,,ft,Approved,,2025-03-11T19:58:39.236615+00:00,1c1f4ede2bf642baa8a05a837c4f58ea
2021-01-03,699.14,,ft,Approved,,2025-03-11T19:58:39.236615+00:00,1c1f4ede2bf642baa8a05a837c4f58ea
2021-01-04,699.13,,ft,Approved,,2025-03-11T19:58:39.236615+00:00,1c1f4ede2bf642baa8a05a837c4f58ea
2021-01-05,699.13,,ft,Approved,,2025-03-11T19:58:39.236615+00:00,1c1f4ede2bf642baa8a05a837c4f58ea
2021-01-06,699.15,,ft,Approved,,2025-03-11T19:58:39.236615+00:00,1c1f4ede2bf642baa8a05a837c4f58ea
2021-01-07,699.14,,ft,Approved,,2025-03-11T19:58:39.236615+00:00,1c1f4ede2bf642baa8a05a837c4f58ea
2021-01-08,699.12,,ft,Approved,,2025-03-11T19:58:39.236615+00:00,1c1f4ede2bf642baa8a05a837c4f58ea
2021-01-09,699.12,,ft,Approved,,2025-03-11T19:58:39.236615+00:00,1c1f4ede2bf642baa8a05a837c4f58ea
2021-01-10,699.19,,ft,Approved,,2025-03-11T19:58:39.236615+00:00,1c1f4ede2bf642baa8a05a837c4f58ea
2021-01-11,699.27,,ft,Approved,,2025-03-11T19:58:39.236615+00:00,1c1f4ede2bf642baa8a05a837c4f58ea
2021-01-12,699.25,,ft,Approved,,2025-03-11T19:58:39.236615+00:00,1c1f4ede2bf642baa8a05a837c4f58ea
2021-01-13,699.21,,ft,Approved,,2025-03-11T19:58:39.236615+00:00,1c1f4ede2bf642baa8a05a837c4f58ea
2021-01-14,699.18,,ft,Approved,,2025-03-11T19:58:39.236615+00:00,1c1f4ede2bf642baa8a05a837c4f58ea
2021-01-15,699.15,,ft,Approved,,2025-03-11T19:58:39.236615+00:00,1c1f4ede2bf642baa8a05a837c4f58ea
2021-01-16,699.13,,ft,Approved,,2025-03-11T19:58:39.236615+00:00,1c1f4ede2bf642baa8a05a837c4f58ea
2021-01-17,699.13,,ft,Approved,,2025-03-11T19:58:39.236615+00:00,1c1f4ede2bf642baa8a05a837c4f58ea
2021-01-18,699.12,,ft,Approved,,2025-03-11T19:58:39.236615+00:00,1c1f4ede2bf642baa8a05a837c4f58ea
2021-01-19,699.15,,ft,Approved,,2025-03-11T19:58:39.236615+00:00,1c1f4ede2bf642baa8a05a837c4f58ea
2021-01-20,699.15,,ft,Approved,,2025-03-11T19:58:39.236615+00:00,1c1f4ede2bf642baa8a05a837c4f58ea
2021-01-21,699.15,,ft,Approved,,2025-03-11T19:58:39.236615+00:00,1c1f4ede2bf642baa8a05a837c4f58ea
2021-01-22,699.15,,ft,Approved,,2025-03-11T19:58:39.236615+00:00,1c1f4ede2bf642baa8a05a837c4f58ea
2021-01-23,699.14,,ft,Approved,,2025-03-11T19:58:39.236615+00:00,1c1f4ede2bf642baa8a05a837c4f58ea
2021-01-24,699.14,,ft,Approved,,2025-03-11T19:58:39.236615+00:00,1c1f4ede2bf642baa8a05a837c4f58ea
2021-01-25,699.14,,ft,Approved,,2025-03-11T19:58:39.236615+00:00,1c1f4ede2bf642baa8a05a837c4f58ea
2021-01-26,699.13,,ft,Approved,,2025-03-11T19:58:39.236615+00:00,1c1f4ede2bf642baa8a05a837c4f58ea
2021-01-27,699.11,,ft,Approved,,2025-03-11T19:58:39.236615+00:00,1c1f4ede2bf642baa8a05a837c4f58ea
2021-01-28,699.09,,ft,Approved,,2025-03-11T19:58:39.236615+00:00,1c1f4ede2bf642baa8a05a837c4f58ea
2021-01-29,699.1,,ft,Approved,,2025-03-11T19:58:39.236615+00:00,1c1f4ede2bf642baa8a05a837c4f58ea
2021-01-30,699.1,,ft,Approved,,2025-03-11T19:58:39.236615+00:00,1c1f4ede2bf642baa8a05a837c4f58ea
2021-01-31,699.1,,ft,Approved,,2025-03-11T19:58:39.236615+00:00,1c1f4ede2bf642baa8a05a837c4f58ea
2021-02-01,699.08,,ft,Approved,,2025-03-11T19:58:39.236615+00:00,1c1f4ede2bf642baa8a05a837c4f58ea
2021-02-02,699.07,,ft,Approved,,2025-03-11T19:58:39.236615+00:00,1c1f4ede2bf642baa8a05a837c4f58ea
2021-02-03,699.08,,ft,Approved,,2025-03-11T19:58:39.236615+00:00,1c1f4ede2bf642baa8a05a837c4f58ea
2021-02-04,699.07,,ft,Approved,,2025-03-11T19:58:39.236615+00:00,1c1f4ede2bf642baa8a05a837c4f58ea
2021-02-05,699.06,,ft,Approved,,2025-03-11T19:58:39.236615+00:00,1c1f4ede2bf642baa8a05a837c4f58ea
2021-02-06,699.06,,ft,Approved,,2025-03-11T19:58:39.236615+00:00,1c1f4ede2bf642baa8a05a837c4f58ea
2021-02-07,699.04,,ft,Approved,,2025-03-11T19:58:39.236615+00:00,1c1f4ede2bf642baa8a05a837c4f58ea
2021-02-08,699.04,,ft,Approved,,2025-03-11T19:58:39.236615+00:00,1c1f4ede2bf642baa8a05a837c4f58ea
2021-02-09,699.05,,ft,Approved,,2025-03-11T19:58:39.236615+00:00,1c1f4ede2bf642baa8a05a837c4f58ea
2021-02-10,699.03,,ft,Approved,,2025-03-11T19:58:39.236615+00:00,1c1f4ede2bf642baa8a05a837c4f58ea
2021-02-11,699.1,,ft,Approved,,2025-03-11T19:58:39.236615+00:00,1c1f4ede2bf642baa8a05a837c4f58ea
2021-02-12,699.19,,ft,Approved,,2025-03-11T19:58:39.236615+00:00,1c1f4ede2bf642baa8a05a837c4f58ea
2021-02-13,699.15,,ft,Approved,,2025-03-11T19:58:39.236615+00:00,1c1f4ede2bf642baa8a05a837c4f58ea
2021-02-14,699.13,,ft,Approved,,2025-03-11T19:58:39.236615+00:00,1c1f4ede2bf642baa8a05a837c4f58ea
2021-02-15,699.15,,ft,Approved,,2025-03-11T19:58:39.236615+00:00,1c1f4ede2bf642baa8a05a837c4f58ea
2021-02-16,699.13,,ft,Approved,,2025-03-11T19:58:39.236615+00:00,1c1f4ede2bf642baa8a05a837c4f58ea
2021-02-17,699.18,,ft,Approved,,2025-03-11T19:58:39.236615+00:00,1c1f4ede2bf642baa8a05a837c4f58ea
2021-02-18,699.2,,ft,Approved,,2025-03-11T19:58:39.236615+00:00,1c1f4ede2bf642baa8a05a837c4f58ea
2021-02-19,699.21,,ft,Approved,,2025-03-11T19:58:39.236615+00:00,1c1f4ede2bf642baa8a05a837c4f58ea
2021-02-20,699.25,,ft,Approved,,2025-03-11T19:58:39.236615+00:00,1c1f4ede2bf642baa8a05a837c4f58ea
2021-02-21,699.24,,ft,Approved,,2025-03-11T19:58:39.236615+00:00,1c1f4ede2bf642baa8a05a837c4f58ea
2021-02-22,699.21,,ft,Approved,,2025-03-11T19:58:39.236615+00:00,1c1f4ede2bf642baa8a05a837c4f58ea
2021-02-23,699.19,,ft,Approved,,2025-03-11T19:58:39.236615+00:00,1c1f4ede2bf642baa8a05a837c4f58ea
2021-02-24,699.18,,ft,Approved,,2025-03-11T19:58:39.236615+00:00,1c1f4ede2bf642baa8a05a837c4f58ea
2021-02-25,699.16,,ft,Approved,,2025-03-11T19:58:39.236615+00:00,1c1f4ede2bf642baa8a05a837c4f58ea
2021-02-26,699.16,,ft,Approved,,2025-03-11T19:58:39.236615+00:00,1c1f4ede2bf642baa8a05a837c4f58ea
2021-02-27,699.16,,ft,Approved,,2025-03-11T19:58:39.236615+00:00,1c1f4ede2bf642baa8a05a837c4f58ea
2021-02-28,699.16,,ft,Approved,,2025-03-11T19:58:39.236615+00:00,1c1f4ede2bf642baa8a05a837c4f58ea
2021-03-01,699.14,,ft,Approved,,2025-03-11T19:58:39.236615+00:00,1c1f4ede2bf642baa8a05a837c4f58ea
2021-03-02,699.14,,ft,Approved,,2025-03-11T19:58:39.236615+00:00,1c1f4ede2bf642baa8a05a837c4f58ea
2021-03-03,699.13,,ft,Approved,,2025-03-11T19:58:39.236615+00:00,1c1f4ede2bf642baa8a05a837c4f58ea
2021-03-04,699.13,,ft,Approved,,2025-03-11T19:58:39.236615+00:00,1c1f4ede2bf642baa8a05a837c4f58ea
2021-03-05,699.11,,ft,Approved,,2025-03-11T19:58:39.236615+00:00,1c1f4ede2bf642baa8a05a837c4f58ea
2021-03-06,699.09,,ft,Approved,,2025-03-11T19:58:39.236615+00:00,1c1f4ede2bf642baa8a05a837c4f58ea
2021-03-07,699.09,,ft,Approved,,2025-03-11T19:58:39.236615+00:00,1c1f4ede2bf642baa8a05a837c4f58ea
2021-03-08,699.09,,ft,Approved,,2025-03-11T19:58:39.236615+00:00,1c1f4ede2bf642baa8a05a837c4f58ea
2021-03-09,699.09,,ft,Approved,,2025-03-11T19:58:39.236615+00:00,1c1f4ede2bf642baa8a05a837c4f58ea
2021-03-10,699.09,,ft,Approved,,2025-03-11T19:58:39.236615+00:00,1c1f4ede2bf642baa8a05a837c4f58ea
2021-03-11,699.09,,ft,Approved,,2025-03-11T19:58:39.236615+00:00,1c1f4ede2bf642baa8a05a837c4f58ea
2021-03-12,699.09,,ft,Approved,,2025-03-11T19:58:39.236615+00:00,1c1f4ede2bf642baa8a05a837c4f58ea
2021-03-13,699.11,,ft,Approved,,2025-03-11T19:58:39.236615+00:00,1c1f4ede2bf642baa8a05a837c4f58ea
2021-03-14,699.13,,ft,Approved,,2025-03-11T19:58:39.236615+00:00,1c1f4ede2bf642baa8a05a837c4f58ea
2021-03-15,699.12,,ft,Approved,,2025-03-11T19:58:39.236615+00:00,1c1f4ede2bf642baa8a05a837c4f58ea
2021-03-16,699.12,,ft,Approved,,2025-03-11T19:58:39.236615+00:00,1c1f4ede2bf642baa8a05a837c4f58ea
2021-03-17,699.09,,ft,Approved,,2025-03-11T19:58:39.236615+00:00,1c1f4ede2bf642baa8a05a837c4f58ea
2021-03-18,699.04,,ft,Approved,,2025-03-11T19:58:39.236615+00:00,1c1f4ede2bf642baa8a05a837c4f58ea
2021-03-19,699.03,,ft,Approved,,2025-03-11T19:58:39.236615+00:00,1c1f4ede2bf642baa8a05a837c4f58ea
2021-03-20,699.02,,ft,Approved,,2025-03-11T19:58:39.236615+00:00,1c1f4ede2bf642baa8a05a837c4f58ea
2021-03-21,699.02,,ft,Approved,,2025-03-11T19:58:39.236615+00:00,1c1f4ede2bf642baa8a05a837c4f58ea
2021-03-22,699.01,,ft,Approved,,2025-03-11T19:58:39.236615+00:00,1c1f4ede2bf642baa8a05a837c4f58ea
2021-03-23,699.07,,ft,Approved,,2025-03-11T19:58:39.236615+00:00,1c1f4ede2bf642baa8a05a837c4f58ea
2021-03-24,699.07,,ft,Approved,,2025-03-11T19:58:39.236615+00:00,1c1f4ede2bf642baa8a05a837c4f58ea
2021-03-25,699.1,,ft,Approved,,2025-03-11T19:58:39.236615+00:00,1c1f4ede2bf642baa8a05a837c4f58ea
2021-03-26,699.11,,ft,Approved,,2025-03-11T19:58:39.236615+00:00,1c1f4ede2bf642baa8a05a837c4f58ea
2021-03-27,699.11,,ft,Approved,,2025-03-11T19:58:39.236615+00:00,1c1f4ede2bf642baa8a05a837c4f58ea
2021-03-28,699.08,,ft,Approved,,2025-03-11T19:58:39.236615+00:00,1c1f4ede2bf642baa8a05a837c4f58ea
2021-03-29,699.06,,ft,Approved,,2025-03-11T19:58:39.236615+00:00,1c1f4ede2bf642baa8a05a837c4f58ea
2021-03-30,699.05,,ft,Approved,,2025-03-11T19:58:39.236615+00:00,1c1f4ede2bf642baa8a05a837c4f58ea
2021-03-31,699.04,,ft,Approved,,2025-03-11T19:58:39.236615+00:00,1c1f4ede2bf642baa8a05a837c4f58ea
2021-04-01,699.02,,ft,Approved,,2025-03-11T19:58:39.236615+00:00,1c1f4ede2bf642baa8a05a837c4f58ea
2021-04-02,699.02,,ft,Approved,,2025-03-11T19:58:39.236615+00:00,1c1f4ede2bf642baa8a05a837c4f58ea
2021-04-03,699.01,,ft,Approved,,2025-03-11T19:58:39.236615+00:00,1c1f4ede2bf642baa8a05a837c4f58ea
2021-04-04,699.01,,ft,Approved,,2025-03-11T19:58:39.236615+00:00,1c1f4ede2bf642baa8a05a837c4f58ea
2021-04-05,699.01,,ft,Approved,,2025-03-11T19:58:39.236615+00:00,1c1f4ede2bf642baa8a05a837c4f58ea
2021-04-06,699.02,,ft,Approved,,2025-03-11T19:58:39.236615+00:00,1c1f4ede2bf642baa8a05a837c4f58ea
2021-04-07,699.01,,ft,Approved,,2025-03-11T19:58:39.236615+00:00,1c1f4ede2bf642baa8a05a837c4f58ea
2021-04-08,699.0,,ft,Approved,,2025-03-11T19:58:39.236615+00:00,1c1f4ede2bf642baa8a05a837c4f58ea
2021-04-09,699.0,,ft,Approved,,2025-03-11T19:58:39.236615+00:00,1c1f4ede2bf642baa8a05a837c4f58ea
2021-04-10,698.97,,ft,Approved,,2025-03-11T19:58:39.236615+00:00,1c1f4ede2bf642baa8a05a837c4f58ea
2021-04-11,698.95,,ft,Approved,,2025-03-11T19:58:39.236615+00:00,1c1f4ede2bf642baa8a05a837c4f58ea
2021-04-12,698.94,,ft,Approved,,2025-03-11T19:58:39.236615+00:00,1c1f4ede2bf642baa8a05a837c4f58ea
2021-04-13,698.93,,ft,Approved,,2025-03-11T19:58:39.236615+00:00,1c1f4ede2bf642baa8a05a837c4f58ea
2021-04-14,698.91,,ft,Approved,,2025-03-11T19:58:39.236615+00:00,1c1f4ede2bf642baa8a05a837c4f58ea
2021-04-15,698.9,,ft,Approved,,2025-03-11T19:58:39.236615+00:00,1c1f4ede2bf642baa8a05a837c4f58ea
2021-04-16,698.93,,ft,Approved,,2025-03-11T19:58:39.236615+00:00,1c1f4ede2bf642baa8a05a837c4f58ea
2021-04-17,698.91,,ft,Approved,,2025-03-11T19:58:39.236615+00:00,1c1f4ede2bf642baa8a05a837c4f58ea
2021-04-18,698.89,,ft,Approved,,2025-03-11T19:58:39.236615+00:00,1c1f4ede2bf642baa8a05a837c4f58ea
2021-04-19,698.88,,ft,Approved,,2025-03-11T19:58:39.236615+00:00,1c1f4ede2bf642baa8a05a837c4f58ea
2021-04-20,698.88,,ft,Approved,,2025-03-11T19:58:39.236615+00:00,1c1f4ede2bf642baa8a05a837c4f58ea
2021-04-21,698.84,,ft,Approved,,2025-03-11T19:58:39.236615+00:00,1c1f4ede2bf642baa8a05a837c4f58ea
2021-04-22,698.83,,ft,Approved,,2025-03-11T19:58:39.236615+00:00,1c1f4ede2bf642baa8a05a837c4f58ea
2021-04-23,698.97,,ft,Approved,,2025-03-11T19:58:39.236615+00:00,1c1f4ede2bf642baa8a05a837c4f58ea
2021-04-24,699.18,,ft,Approved,,2025-03-11T19:58:39.236615+00:00,1c1f4ede2bf642baa8a05a837c4f58ea
2021-04-25,699.16,,ft,Approved,,2025-03-11T19:58:39.236615+00:00,1c1f4ede2bf642baa8a05a837c4f58ea
2021-04-26,699.14,,ft,Approved,,2025-03-11T19:58:39.236615+00:00,1c1f4ede2bf642baa8a05a837c4f58ea
2021-04-27,699.12,,ft,Approved,,2025-03-11T19:58:39.236615+00:00,1c1f4ede2bf642baa8a05a837c4f58ea
2021-04-28,699.12,,ft,Approved,,2025-03-11T19:58:39.236615+00:00,1c1f4ede2bf642baa8a05a837c4f58ea
2021-04-29,699.16,,ft,Approved,,2025-03-11T19:58:39.236615+00:00,1c1f4ede2bf642baa8a05a837c4f58ea
2021-04-30,699.25,,ft,Approved,,2025-03-11T19:58:39.236615+00:00,1c1f4ede2bf642baa8a05a837c4f58ea
2021-05-01,699.71,,ft,Approved,,2025-03-11T19:58:39.236615+00:00,1c1f4ede2bf642baa8a05a837c4f58ea
2021-05-02,699.64,,ft,Approved,,2025-03-11T19:58:39.236615+00:00,1c1f4ede2bf642baa8a05a837c4f58ea
2021-05-03,699.36,,ft,Approved,,2025-03-11T19:58:39.236615+00:00,1c1f4ede2bf642baa8a05a837c4f58ea
2021-05-04,699.26,,ft,Approved,,2025-03-11T19:58:39.236615+00:00,1c1f4ede2bf642baa8a05a837c4f58ea
2021-05-05,699.2,,ft,Approved,,2025-03-11T19:58:39.236615+00:00,1c1f4ede2bf642baa8a05a837c4f58ea
2021-05-06,699.17,,ft,Approved,,2025-03-11T19:58:39.236615+00:00,1c1f4ede2bf642baa8a05a837c4f58ea
2021-05-07,699.16,,ft,Approved,,2025-03-11T19:58:39.236615+00:00,1c1f4ede2bf642baa8a05a837c4f58ea
2021-05-08,699.15,,ft,Approved,,2025-03-11T19:58:39.236615+00:00,1c1f4ede2bf642baa8a05a837c4f58ea
2021-05-09,699.14,,ft,Approved,,2025-03-11T19:58:39.236615+00:00,1c1f4ede2bf642baa8a05a837c4f58ea
2021-05-10,699.14,,ft,Approved,,2025-03-11T19:58:39.236615+00:00,1c1f4ede2bf642baa8a05a837c4f58ea
2021-05-11,699.12,,ft,Approved,,2025-03-11T19:58:39.236615+00:00,1c1f4ede2bf642baa8a05a837c4f58ea
2021-05-12,699.1,,ft,Approved,,2025-03-11T19:58:39.236615+00:00,1c1f4ede2bf642baa8a05a837c4f58ea
2021-05-13,699.1,,ft,Approved,,2025-03-11T19:58:39.236615+00:00,1c1f4ede2bf642baa8a05a837c4f58ea
2021-05-14,699.1,,ft,Approved,,2025-03-11T19:58:39.236615+00:00,1c1f4ede2bf642baa8a05a837c4f58ea
2021-05-15,699.09,,ft,Approved,,2025-03-11T19:58:39.236615+00:00,1c1f4ede2bf642baa8a05a837c4f58ea
2021-05-16,699.2,,ft,Approved,,2025-03-11T19:58:39.236615+00:00,1c1f4ede2bf642baa8a05a837c4f58ea
2021-05-17,699.3,,ft,Approved,,2025-03-11T19:58:39.236615+00:00,1c1f4ede2bf642baa8a05a837c4f58ea
2021-05-18,699.32,,ft,Approved,,2025-03-11T19:58:39.236615+00:00,1c1f4ede2bf642baa8a05a837c4f58ea
2021-05-19,699.35,,ft,Approved,,2025-03-11T19:58:39.236615+00:00,1c1f4ede2bf642baa8a05a837c4f58ea
2021-05-20,699.26,,ft,Approved,,2025-03-11T19:58:39.236615+00:00,1c1f4ede2bf642baa8a05a837c4f58ea
2021-05-21,699.21,,ft,Approved,,2025-03-11T19:58:39.236615+00:00,1c1f4ede2bf642baa8a05a837c4f58ea
2021-05-22,699.22,,ft,Approved,,2025-03-11T19:58:39.236615+00:00,1c1f4ede2bf642baa8a05a837c4f58ea
2021-05-23,699.24,,ft,Approved,,2025-03-11T19:58:39.236615+00:00,1c1f4ede2bf642baa8a05a837c4f58ea
2021-05-24,699.78,,ft,Approved,,2025-03-11T19:58:39.236615+00:00,1c1f4ede2bf642baa8a05a837c4f58ea
2021-05-25,699.53,,ft,Approved,,2025-03-11T19:58:39.236615+00:00,1c1f4ede2bf642baa8a05a837c4f58ea
2021-05-26,699.38,,ft,Approved,,2025-03-11T19:58:39.236615+00:00,1c1f4ede2bf642baa8a05a837c4f58ea
2021-05-27,699.29,,ft,Approved,,2025-03-11T19:58:39.236615+00:00,1c1f4ede2bf642baa8a05a837c4f58ea
2021-05-28,699.29,,ft,Approved,,2025-03-11T19:58:39.236615+00:00,1c1f4ede2bf642baa8a05a837c4f58ea
2021-05-29,699.41,,ft,Approved,,2025-03-11T19:58:39.236615+00:00,1c1f4ede2bf642baa8a05a837c4f58ea
2021-05-30,699.61,,ft,Approved,,2025-03-11T19:58:39.236615+00:00,1c1f4ede2bf642baa8a05a837c4f58ea
2021-05-31,700.11,,ft,Approved,,2025-03-11T19:58:39.236615+00:00,1c1f4ede2bf642baa8a05a837c4f58ea
2021-06-01,701.65,,ft,Approved,,2025-03-11T19:58:39.236615+00:00,1c1f4ede2bf642baa8a05a837c4f58ea
2021-06-02,699.94,,ft,Approved,,2025-03-11T19:58:39.236615+00:00,1c1f4ede2bf642baa8a05a837c4f58ea
2021-06-03,699.95,,ft,Approved,,2025-03-11T19:58:39.236615+00:00,1c1f4ede2bf642baa8a05a837c4f58ea
2021-06-04,699.54,,ft,Approved,,2025-03-11T19:58:39.236615+00:00,1c1f4ede2bf642baa8a05a837c4f58ea
2021-06-05,699.38,,ft,Approved,,2025-03-11T19:58:39.236615+00:00,1c1f4ede2bf642baa8a05a837c4f58ea
2021-06-06,699.3,,ft,Approved,,2025-03-11T19:58:39.236615+00:00,1c1f4ede2bf642baa8a05a837c4f58ea
2021-06-07,699.25,,ft,Approved,,2025-03-11T19:58:39.236615+00:00,1c1f4ede2bf642baa8a05a837c4f58ea
2021-06-08,699.23,,ft,Approved,,2025-03-11T19:58:39.236615+00:00,1c1f4ede2bf642baa8a05a837c4f58ea
2021-06-09,699.21,,ft,Approved,,2025-03-11T19:58:39.236615+00:00,1c1f4ede2bf642baa8a05a837c4f58ea
2021-06-10,699.18,,ft,Approved,,2025-03-11T19:58:39.236615+00:00,1c1f4ede2bf642baa8a05a837c4f58ea
2021-06-11,699.16,,ft,Approved,,2025-03-11T19:58:39.236615+00:00,1c1f4ede2bf642baa8a05a837c4f58ea
2021-06-12,699.14,,ft,Approved,,2025-03-11T19:58:39.236615+00:00,1c1f4ede2bf642baa8a05a837c4f58ea
2021-06-13,699.13,,ft,Approved,,2025-03-11T19:58:39.236615+00:00,1c1f4ede2bf642baa8a05a837c4f58ea
2021-06-14,699.12,,ft,Approved,,2025-03-11T19:58:39.236615+00:00,1c1f4ede2bf642baa8a05a837c4f58ea
2021-06-15,699.11,,ft,Approved,,2025-03-11T19:58:39.236615+00:00,1c1f4ede2bf642baa8a05a837c4f58ea
2021-06-16,699.1,,ft,Approved,,2025-03-11T19:58:39.236615+00:00,1c1f4ede2bf642baa8a05a837c4f58ea
2021-06-17,699.09,,ft,Approved,,2025-03-11T19:58:39.236615+00:00,1c1f4ede2bf642baa8a05a837c4f58ea
2021-06-18,699.08,,ft,Approved,,2025-03-11T19:58:39.236615+00:00,1c1f4ede2bf642baa8a05a837c4f58ea
2021-06-19,699.06,,ft,Approved,,2025-03-11T19:58:39.236615+00:00,1c1f4ede2bf642baa8a05a837c4f58ea
2021-06-20,699.05,,ft,Approved,,2025-03-11T19:58:39.236615+00:00,1c1f4ede2bf642baa8a05a837c4f58ea
2021-06-21,699.03,,ft,Approved,,2025-03-11T19:58:39.236615+00:00,1c1f4ede2bf642baa8a05a837c4f58ea
2021-06-22,699.12,,ft,Approved,,2025-03-11T19:58:39.236615+00:00,1c1f4ede2bf642baa8a05a837c4f58ea
2021-06-23,699.12,,ft,Approved,,2025-03-11T19:58:39.236615+00:00,1c1f4ede2bf642baa8a05a837c4f58ea
2021-06-24,699.09,,ft,Approved,,2025-03-11T19:58:39.236615+00:00,1c1f4ede2bf642baa8a05a837c4f58ea
2021-06-25,699.08,,ft,Approved,,2025-03-11T19:58:39.236615+00:00,1c1f4ede2bf642baa8a05a837c4f58ea
2021-06-26,699.06,,ft,Approved,,2025-03-11T19:58:39.236615+00:00,1c1f4ede2bf642baa8a05a837c4f58ea
2021-06-27,699.05,,ft,Approved,,2025-03-11T19:58:39.236615+00:00,1c1f4ede2bf642baa8a05a837c4f58ea
2021-06-28,699.07,,ft,Approved,,2025-03-11T19:58:39.236615+00:00,1c1f4ede2bf642baa8a05a837c4f58ea
2021-06-29,699.13,,ft,Approved,,2025-03-11T19:58:39.236615+00:00,1c1f4ede2bf642baa8a05a837c4f58ea
2021-06-30,699.16,,ft,Approved,,2025-03-11T19:58:39.236615+00:00,1c1f4ede2bf642baa8a05a837c4f58ea
2021-07-01,699.13,,ft,Approved,,2025-03-11T19:58:39.236615+00:00,1c1f4ede2bf642baa8a05a837c4f58ea
2021-07-02,699.12,,ft,Approved,,2025-03-11T19:58:39.236615+00:00,1c1f4ede2bf642baa8a05a837c4f58ea
2021-07-03,699.12,,ft,Approved,,2025-03-11T19:58:39.236615+00:00,1c1f4ede2bf642baa8a05a837c4f58ea
2021-07-04,699.13,,ft,Approved,,2025-03-11T19:58:39.236615+00:00,1c1f4ede2bf642baa8a05a837c4f58ea
2021-07-05,699.16,,ft,Approved,,2025-03-11T19:58:39.236615+00:00,1c1f4ede2bf642baa8a05a837c4f58ea
2021-07-06,699.14,,ft,Approved,,2025-03-11T19:58:39.236615+00:00,1c1f4ede2bf642baa8a05a837c4f58ea
2021-07-07,699.13,,ft,Approved,,2025-03-11T19:58:39.236615+00:00,1c1f4ede2bf642baa8a05a837c4f58ea
2021-07-08,699.12,,ft,Approved,,2025-03-11T19:58:39.236615+00:00,1c1f4ede2bf642baa8a05a837c4f58ea
2021-07-09,699.2,,ft,Approved,,2025-03-11T19:58:39.236615+00:00,1c1f4ede2bf642baa8a05a837c4f58ea
2021-07-10,699.24,,ft,Approved,,2025-03-11T19:58:39.236615+00:00,1c1f4ede2bf642baa8a05a837c4f58ea
2021-07-11,699.2,,ft,Approved,,2025-03-11T19:58:39.236615+00:00,1c1f4ede2bf642baa8a05a837c4f58ea
2021-07-12,699.17,,ft,Approved,,2025-03-11T19:58:39.236615+00:00,1c1f4ede2bf642baa8a05a837c4f58ea
2021-07-13,699.15,,ft,Approved,,2025-03-11T19:58:39.236615+00:00,1c1f4ede2bf642baa8a05a837c4f58ea
2021-07-14,699.14,,ft,Approved,,2025-03-11T19:58:39.236615+00:00,1c1f4ede2bf642baa8a05a837c4f58ea
2021-07-15,699.12,,ft,Approved,,2025-03-11T19:58:39.236615+00:00,1c1f4ede2bf642baa8a05a837c4f58ea
2021-07-16,699.11,,ft,Approved,,2025-03-11T19:58:39.236615+00:00,1c1f4ede2bf642baa8a05a837c4f58ea
2021-07-17,699.09,,ft,Approved,,2025-03-11T19:58:39.236615+00:00,1c1f4ede2bf642baa8a05a837c4f58ea
2021-07-18,699.08,,ft,Approved,,2025-03-11T19:58:39.236615+00:00,1c1f4ede2bf642baa8a05a837c4f58ea
2021-07-19,699.07,,ft,Approved,,2025-03-11T19:58:39.236615+00:00,1c1f4ede2bf642baa8a05a837c4f58ea
2021-07-20,699.06,,ft,Approved,,2025-03-11T19:58:39.236615+00:00,1c1f4ede2bf642baa8a05a837c4f58ea
2021-07-21,699.05,,ft,Approved,,2025-03-11T19:58:39.236615+00:00,1c1f4ede2bf642baa8a05a837c4f58ea
2021-07-22,699.04,,ft,Approved,,2025-03-11T19:58:39.236615+00:00,1c1f4ede2bf642baa8a05a837c4f58ea
2021-07-23,699.02,,ft,Approved,,2025-03-11T19:58:39.236615+00:00,1c1f4ede2bf642baa8a05a837c4f58ea
2021-07-24,699.0,,ft,Approved,,2025-03-11T19:58:39.236615+00:00,1c1f4ede2bf642baa8a05a837c4f58ea
2021-07-25,698.98,,ft,Approved,,2025-03-11T19:58:39.236615+00:00,1c1f4ede2bf642baa8a05a837c4f58ea
2021-07-26,698.96,,ft,Approved,,2025-03-11T19:58:39.236615+00:00,1c1f4ede2bf642baa8a05a837c4f58ea
2021-07-27,698.93,,ft,Approved,,2025-03-11T19:58:39.236615+00:00,1c1f4ede2bf642baa8a05a837c4f58ea
2021-07-28,698.91,,ft,Approved,,2025-03-11T19:58:39.236615+00:00,1c1f4ede2bf642baa8a05a837c4f58ea
2021-07-29,698.89,,ft,Approved,,2025-03-11T19:58:39.236615+00:00,1c1f4ede2bf642baa8a05a837c4f58ea
2021-07-30,698.87,,ft,Approved,,2025-03-11T19:58:39.236615+00:00,1c1f4ede2bf642baa8a05a837c4f58ea
2021-07-31,698.84,,ft,Approved,,2025-03-11T19:58:39.236615+00:00,1c1f4ede2bf642baa8a05a837c4f58ea
2021-08-01,698.83,,ft,Approved,,2025-03-11T19:58:39.236615+00:00,1c1f4ede2bf642baa8a05a837c4f58ea
2021-08-02,698.94,,ft,Approved,,2025-03-11T19:58:39.236615+00:00,1c1f4ede2bf642baa8a05a837c4f58ea
2021-08-03,699.06,,ft,Approved,,2025-03-11T19:58:39.236615+00:00,1c1f4ede2bf642baa8a05a837c4f58ea
2021-08-04,699.05,,ft,Approved,,2025-03-11T19:58:39.236615+00:00,1c1f4ede2bf642baa8a05a837c4f58ea
2021-08-05,699.04,,ft,Approved,,2025-03-11T19:58:39.236615+00:00,1c1f4ede2bf642baa8a05a837c4f58ea
2021-08-06,699.04,,ft,Approved,,2025-03-11T19:58:39.236615+00:00,1c1f4ede2bf642baa8a05a837c4f58ea
2021-08-07,699.02,,ft,Approved,,2025-03-11T19:58:39.236615+00:00,1c1f4ede2bf642baa8a05a837c4f58ea
2021-08-08,699.0,,ft,Approved,,2025-03-11T19:58:39.236615+00:00,1c1f4ede2bf642baa8a05a837c4f58ea
2021-08-09,698.97,,ft,Approved,,2025-03-11T19:58:39.236615+00:00,1c1f4ede2bf642baa8a05a837c4f58ea
2021-08-10,698.94,,ft,Approved,,2025-03-11T19:58:39.236615+00:00,1c1f4ede2bf642baa8a05a837c4f58ea
2021-08-11,698.91,,ft,Approved,,2025-03-11T19:58:39.236615+00:00,1c1f4ede2bf642baa8a05a837c4f58ea
2021-08-12,698.9,,ft,Approved,,2025-03-11T19:58:39.236615+00:00,1c1f4ede2bf642baa8a05a837c4f58ea
2021-08-13,698.87,,ft,Approved,,2025-03-11T19:58:39.236615+00:00,1c1f4ede2bf642baa8a05a837c4f58ea
2021-08-14,698.84,,ft,Approved,,2025-03-11T19:58:39.236615+00:00,1c1f4ede2bf642baa8a05a837c4f58ea
2021-08-15,698.83,,ft,Approved,,2025-03-11T19:58:39.236615+00:00,1c1f4ede2bf642baa8a05a837c4f58ea
2021-08-16,698.8,,ft,Approved,,2025-03-11T19:58:39.236615+00:00,1c1f4ede2bf642baa8a05a837c4f58ea
2021-08-17,698.78,,ft,Approved,,2025-03-11T19:58:39.236615+00:00,1c1f4ede2bf642baa8a05a837c4f58ea
2021-08-18,698.76,,ft,Approved,,2025-03-11T19:58:39.236615+00:00,1c1f4ede2bf642baa8a05a837c4f58ea
2021-08-19,698.74,,ft,Approved,,2025-03-11T19:58:39.236615+00:00,1c1f4ede2bf642baa8a05a837c4f58ea
2021-08-20,698.71,,ft,Approved,,2025-03-11T19:58:39.236615+00:00,1c1f4ede2bf642baa8a05a837c4f58ea
2021-08-21,698.68,,ft,Approved,,2025-03-11T19:58:39.236615+00:00,1c1f4ede2bf642baa8a05a837c4f58ea
2021-08-22,698.66,,ft,Approved,,2025-03-11T19:58:39.236615+00:00,1c1f4ede2bf642baa8a05a837c4f58ea
2021-08-23,698.63,,ft,Approved,,2025-03-11T19:58:39.236615+00:00,1c1f4ede2bf642baa8a05a837c4f58ea
2021-08-24,698.6,,ft,Approved,,2025-03-11T19:58:39.236615+00:00,1c1f4ede2bf642baa8a05a837c4f58ea
2021-08-25,698.58,,ft,Approved,,2025-03-11T19:58:39.236615+00:00,1c1f4ede2bf642baa8a05a837c4f58ea
2021-08-26,698.55,,ft,Approved,,2025-03-11T19:58:39.236615+00:00,1c1f4ede2bf642baa8a05a837c4f58ea
2021-08-27,698.53,,ft,Approved,,2025-03-11T19:58:39.236615+00:00,1c1f4ede2bf642baa8a05a837c4f58ea
2021-08-28,698.5,,ft,Approved,,2025-03-11T19:58:39.236615+00:00,1c1f4ede2bf642baa8a05a837c4f58ea
2021-08-29,698.49,,ft,Approved,,2025-03-11T19:58:39.236615+00:00,1c1f4ede2bf642baa8a05a837c4f58ea
2021-08-30,698.47,,ft,Approved,,2025-03-11T19:58:39.236615+00:00,1c1f4ede2bf642baa8a05a837c4f58ea
2021-08-31,698.45,,ft,Approved,,2025-03-11T19:58:39.236615+00:00,1c1f4ede2bf642baa8a05a837c4f58ea
2021-09-01,698.43,,ft,Approved,,2025-03-11T19:58:39.236615+00:00,1c1f4ede2bf642baa8a05a837c4f58ea
2021-09-02,698.4,,ft,Approved,,2025-03-11T19:58:39.236615+00:00,1c1f4ede2bf642baa8a05a837c4f58ea
2021-09-03,698.38,,ft,Approved,,2025-03-11T19:58:39.236615+00:00,1c1f4ede2bf642baa8a05a837c4f58ea
2021-09-04,698.35,,ft,Approved,,2025-03-11T19:58:39.236615+00:00,1c1f4ede2bf642baa8a05a837c4f58ea
2021-09-05,698.33,,ft,Approved,,2025-03-11T19:58:39.236615+00:00,1c1f4ede2bf642baa8a05a837c4f58ea
2021-09-06,698.36,,ft,Approved,,2025-03-11T19:58:39.236615+00:00,1c1f4ede2bf642baa8a05a837c4f58ea
2021-09-07,698.36,,ft,Approved,,2025-03-11T19:58:39.236615+00:00,1c1f4ede2bf642baa8a05a837c4f58ea
2021-09-08,698.34,,ft,Approved,,2025-03-11T19:58:39.236615+00:00,1c1f4ede2bf642baa8a05a837c4f58ea
2021-09-09,698.31,,ft,Approved,,2025-03-11T19:58:39.236615+00:00,1c1f4ede2bf642baa8a05a837c4f58ea
2021-09-10,698.28,,ft,Approved,,2025-03-11T19:58:39.236615+00:00,1c1f4ede2bf642baa8a05a837c4f58ea
2021-09-11,698.26,,ft,Approved,,2025-03-11T19:58:39.236615+00:00,1c1f4ede2bf642baa8a05a837c4f58ea
2021-09-12,698.24,,ft,Approved,,2025-03-11T19:58:39.236615+00:00,1c1f4ede2bf642baa8a05a837c4f58ea
2021-09-13,698.22,,ft,Approved,,2025-03-11T19:58:39.236615+00:00,1c1f4ede2bf642baa8a05a837c4f58ea
2021-09-14,698.19,,ft,Approved,,2025-03-11T19:58:39.236615+00:00,1c1f4ede2bf642baa8a05a837c4f58ea
2021-09-15,698.18,,ft,Approved,,2025-03-11T19:58:39.236615+00:00,1c1f4ede2bf642baa8a05a837c4f58ea
2021-09-16,698.16,,ft,Approved,,2025-03-11T19:58:39.236615+00:00,1c1f4ede2bf642baa8a05a837c4f58ea
2021-09-17,698.14,,ft,Approved,,2025-03-11T19:58:39.236615+00:00,1c1f4ede2bf642baa8a05a837c4f58ea
2021-09-18,698.12,,ft,Approved,,2025-03-11T19:58:39.236615+00:00,1c1f4ede2bf642baa8a05a837c4f58ea
2021-09-19,698.1,,ft,Approved,,2025-03-11T19:58:39.236615+00:00,1c1f4ede2bf642baa8a05a837c4f58ea
2021-09-20,698.08,,ft,Approved,,2025-03-11T19:58:39.236615+00:00,1c1f4ede2bf642baa8a05a837c4f58ea
2021-09-21,698.06,,ft,Approved,,2025-03-11T19:58:39.236615+00:00,1c1f4ede2bf642baa8a05a837c4f58ea
2021-09-22,698.02,,ft,Approved,,2025-03-11T19:58:39.236615+00:00,1c1f4ede2bf642baa8a05a837c4f58ea
2021-09-23,697.99,,ft,Approved,,2025-03-11T19:58:39.236615+00:00,1c1f4ede2bf642baa8a05a837c4f58ea
2021-09-24,697.97,,ft,Approved,,2025-03-11T19:58:39.236615+00:00,1c1f4ede2bf642baa8a05a837c4f58ea
2021-09-25,697.96,,ft,Approved,,2025-03-11T19:58:39.236615+00:00,1c1f4ede2bf642baa8a05a837c4f58ea
2021-09-26,697.94,,ft,Approved,,2025-03-11T19:58:39.236615+00:00,1c1f4ede2bf642baa8a05a837c4f58ea
2021-09-27,697.92,,ft,Approved,,2025-03-11T19:58:39.236615+00:00,1c1f4ede2bf642baa8a05a837c4f58ea
2021-09-28,697.99,,ft,Approved,,2025-03-11T19:58:39.236615+00:00,1c1f4ede2bf642baa8a05a837c4f58ea
2021-09-29,698.96,,ft,Approved,,2025-03-11T19:58:39.236615+00:00,1c1f4ede2bf642baa8a05a837c4f58ea
2021-09-30,699.02,,ft,Approved,,2025-03-11T19:58:39.236615+00:00,1c1f4ede2bf642baa8a05a837c4f58ea
2021-10-01,699.24,,ft,Approved,,2025-03-11T19:58:39.236615+00:00,1c1f4ede2bf642baa8a05a837c4f58ea
2021-10-02,699.23,,ft,Approved,,2025-03-11T19:58:39.236615+00:00,1c1f4ede2bf642baa8a05a837c4f58ea
2021-10-03,699.18,,ft,Approved,,2025-03-11T19:58:39.236615+00:00,1c1f4ede2bf642baa8a05a837c4f58ea
2021-10-04,699.14,,ft,Approved,,2025-03-11T19:58:39.236615+00:00,1c1f4ede2bf642baa8a05a837c4f58ea
2021-10-05,699.12,,ft,Approved,,2025-03-11T19:58:39.236615+00:00,1c1f4ede2bf642baa8a05a837c4f58ea
2021-10-06,699.11,,ft,Approved,,2025-03-11T19:58:39.236615+00:00,1c1f4ede2bf642baa8a05a837c4f58ea
2021-10-07,699.1,,ft,Approved,,2025-03-11T19:58:39.236615+00:00,1c1f4ede2bf642baa8a05a837c4f58ea
2021-10-08,699.09,,ft,Approved,,2025-03-11T19:58:39.236615+00:00,1c1f4ede2bf642baa8a05a837c4f58ea
2021-10-09,699.07,,ft,Approved,,2025-03-11T19:58:39.236615+00:00,1c1f4ede2bf642baa8a05a837c4f58ea
2021-10-10,699.06,,ft,Approved,,2025-03-11T19:58:39.236615+00:00,1c1f4ede2bf642baa8a05a837c4f58ea
2021-10-11,699.09,,ft,Approved,,2025-03-11T19:58:39.236615+00:00,1c1f4ede2bf642baa8a05a837c4f58ea
2021-10-12,699.21,,ft,Approved,,2025-03-11T19:58:39.236615+00:00,1c1f4ede2bf642baa8a05a837c4f58ea
2021-10-13,699.32,,ft,Approved,,2025-03-11T19:58:39.236615+00:00,1c1f4ede2bf642baa8a05a837c4f58ea
2021-10-14,700.03,,ft,Approved,,2025-03-11T19:58:39.236615+00:00,1c1f4ede2bf642baa8a05a837c4f58ea
2021-10-15,699.41,,ft,Approved,,2025-03-11T19:58:39.236615+00:00,1c1f4ede2bf642baa8a05a837c4f58ea
2021-10-16,699.26,,ft,Approved,,2025-03-11T19:58:39.236615+00:00,1c1f4ede2bf642baa8a05a837c4f58ea
2021-10-17,699.19,,ft,Approved,,2025-03-11T19:58:39.236615+00:00,1c1f4ede2bf642baa8a05a837c4f58ea
2021-10-18,699.16,,ft,Approved,,2025-03-11T19:58:39.236615+00:00,1c1f4ede2bf642baa8a05a837c4f58ea
2021-10-19,699.15,,ft,Approved,,2025-03-11T19:58:39.236615+00:00,1c1f4ede2bf642baa8a05a837c4f58ea
2021-10-20,699.15,,ft,Approved,,2025-03-11T19:58:39.236615+00:00,1c1f4ede2bf642baa8a05a837c4f58ea
2021-10-21,699.14,,ft,Approved,,2025-03-11T19:58:39.236615+00:00,1c1f4ede2bf642baa8a05a837c4f58ea
2021-10-22,699.13,,ft,Approved,,2025-03-11T19:58:39.236615+00:00,1c1f4ede2bf642baa8a05a837c4f58ea
2021-10-23,699.12,,ft,Approved,,2025-03-11T19:58:39.236615+00:00,1c1f4ede2bf642baa8a05a837c4f58ea
2021-10-24,699.12,,ft,Approved,,2025-03-11T19:58:39.236615+00:00,1c1f4ede2bf642baa8a05a837c4f58ea
2021-10-25,699.12,,ft,Approved,,2025-03-11T19:58:39.236615+00:00,1c1f4ede2bf642baa8a05a837c4f58ea
2021-10-26,699.12,,ft,Approved,,2025-03-11T19:58:39.236615+00:00,1c1f4ede2bf642baa8a05a837c4f58ea
2021-10-27,699.2,,ft,Approved,,2025-03-11T19:58:39.236615+00:00,1c1f4ede2bf642baa8a05a837c4f58ea
2021-10-28,699.16,,ft,Approved,,2025-03-11T19:58:39.236615+00:00,1c1f4ede2bf642baa8a05a837c4f58ea
2021-10-29,699.13,,ft,Approved,,2025-03-11T19:58:39.236615+00:00,1c1f4ede2bf642baa8a05a837c4f58ea
2021-10-30,699.11,,ft,Approved,,2025-03-11T19:58:39.236615+00:00,1c1f4ede2bf642baa8a05a837c4f58ea
2021-10-31,699.11,,ft,Approved,,2025-03-11T19:58:39.236615+00:00,1c1f4ede2bf642baa8a05a837c4f58ea
2021-11-01,699.11,,ft,Approved,,2025-03-11T19:58:39.236615+00:00,1c1f4ede2bf642baa8a05a837c4f58ea
2021-11-02,699.1,,ft,Approved,,2025-03-11T19:58:39.236615+00:00,1c1f4ede2bf642baa8a05a837c4f58ea
2021-11-03,699.45,,ft,Approved,,2025-03-11T19:58:39.236615+00:00,1c1f4ede2bf642baa8a05a837c4f58ea
2021-11-04,699.48,,ft,Approved,,2025-03-11T19:58:39.236615+00:00,1c1f4ede2bf642baa8a05a837c4f58ea
2021-11-05,699.24,,ft,Approved,,2025-03-11T19:58:39.236615+00:00,1c1f4ede2bf642baa8a05a837c4f58ea
2021-11-06,698.9,,ft,Approved,,2025-03-11T19:58:39.236615+00:00,1c1f4ede2bf642baa8a05a837c4f58ea
2021-11-07,698.56,,ft,Approved,,2025-03-11T19:58:39.236615+00:00,1c1f4ede2bf642baa8a05a837c4f58ea
2021-11-08,698.24,,ft,Approved,,2025-03-11T19:58:39.236615+00:00,1c1f4ede2bf642baa8a05a837c4f58ea
2021-11-09,697.92,,ft,Approved,,2025-03-11T19:58:39.236615+00:00,1c1f4ede2bf642baa8a05a837c4f58ea
2021-11-10,697.62,,ft,Approved,,2025-03-11T19:58:39.236615+00:00,1c1f4ede2bf642baa8a05a837c4f58ea
2021-11-11,697.32,,ft,Approved,,2025-03-11T19:58:39.236615+00:00,1c1f4ede2bf642baa8a05a837c4f58ea
2021-11-12,697.02,,ft,Approved,,2025-03-11T19:58:39.236615+00:00,1c1f4ede2bf642baa8a05a837c4f58ea
2021-11-13,696.74,,ft,Approved,,2025-03-11T19:58:39.236615+00:00,1c1f4ede2bf642baa8a05a837c4f58ea
2021-11-14,696.48,,ft,Approved,,2025-03-11T19:58:39.236615+00:00,1c1f4ede2bf642baa8a05a837c4f58ea
2021-11-15,696.24,,ft,Approved,,2025-03-11T19:58:39.236615+00:00,1c1f4ede2bf642baa8a05a837c4f58ea
2021-11-16,696.09,,ft,Approved,LESSTHAN,2025-03-11T19:58:39.236615+00:00,1c1f4ede2bf642baa8a05a837c4f58ea
2021-11-17,696.09,,ft,Approved,LESSTHAN,2025-03-11T19:58:39.236615+00:00,1c1f4ede2bf642baa8a05a837c4f58ea
2021-11-18,696.09,,ft,Approved,LESSTHAN,2025-03-11T19:58:39.236615+00:00,1c1f4ede2bf642baa8a05a837c4f58ea
2021-11-19,696.08,,ft,Approved,LESSTHAN,2025-03-11T19:58:39.236615+00:00,1c1f4ede2bf642baa8a05a837c4f58ea
2021-11-20,696.09,,ft,Approved,LESSTHAN,2025-03-11T19:58:39.236615+00:00,1c1f4ede2bf642baa8a05a837c4f58ea
2021-11-21,696.09,,ft,Approved,LESSTHAN,2025-03-11T19:58:39.236615+00:00,1c1f4ede2bf642baa8a05a837c4f58ea
2021-11-22,696.09,,ft,Approved,LESSTHAN,2025-03-11T19:58:39.236615+00:00,1c1f4ede2bf642baa8a05a837c4f58ea
2021-11-23,696.08,,ft,Approved,DRY;LESSTHAN,2025-03-11T19:58:39.236615+00:00,1c1f4ede2bf642baa8a05a837c4f58ea
2021-11-24,696.09,,ft,Approved,LESSTHAN,2026-01-15T22:32:54.450605+00:00,1c1f4ede2bf642baa8a05a837c4f58ea
2021-11-25,696.09,,ft,Approved,LESSTHAN,2025-03-11T19:58:39.236615+00:00,1c1f4ede2bf642baa8a05a837c4f58ea
2021-11-26,696.08,,ft,Approved,LESSTHAN,2025-03-11T19:58:39.236615+00:00,1c1f4ede2bf642baa8a05a837c4f58ea
2021-11-27,696.08,,ft,Approved,LESSTHAN,2025-03-11T19:58:39.236615+00:00,1c1f4ede2bf642baa8a05a837c4f58ea
2021-11-28,696.09,,ft,Approved,LESSTHAN,2025-03-11T19:58:39.236615+00:00,1c1f4ede2bf642baa8a05a837c4f58ea
2021-11-29,696.08,,ft,Approved,LESSTHAN,2025-03-11T19:58:39.236615+00:00,1c1f4ede2bf642baa8a05a837c4f58ea
2021-11-30,696.09,,ft,Approved,LESSTHAN,2025-03-11T19:58:39.236615+00:00,1c1f4ede2bf642baa8a05a837c4f58ea
2021-12-01,696.09,,ft,Approved,LESSTHAN,2025-03-11T19:58:39.236615+00:00,1c1f4ede2bf642baa8a05a837c4f58ea
2021-12-02,696.09,,ft,Approved,LESSTHAN,2025-03-11T19:58:39.236615+00:00,1c1f4ede2bf642baa8a05a837c4f58ea
2021-12-03,696.09,,ft,Approved,LESSTHAN,2025-03-11T19:58:39.236615+00:00,1c1f4ede2bf642baa8a05a837c4f58ea
2021-12-04,696.09,,ft,Approved,LESSTHAN,2025-03-11T19:58:39.236615+00:00,1c1f4ede2bf642baa8a05a837c4f58ea
2021-12-05,696.09,,ft,Approved,LESSTHAN,2025-03-11T19:58:39.236615+00:00,1c1f4ede2bf642baa8a05a837c4f58ea
2021-12-06,696.09,,ft,Approved,LESSTHAN,2025-03-11T19:58:39.236615+00:00,1c1f4ede2bf642baa8a05a837c4f58ea
2021-12-07,696.08,,ft,Approved,LESSTHAN,2025-03-11T19:58:39.236615+00:00,1c1f4ede2bf642baa8a05a837c4f58ea
2021-12-08,696.09,,ft,Approved,LESSTHAN,2025-03-11T19:58:39.236615+00:00,1c1f4ede2bf642baa8a05a837c4f58ea
2021-12-09,695.07,,ft,Approved,DATUMCHANGE;LESSTHAN,2026-01-15T22:32:54.450605+00:00,1c1f4ede2bf642baa8a05a837c4f58ea
2021-12-10,694.27,,ft,Approved,,2026-01-15T22:32:54.450605+00:00,1c1f4ede2bf642baa8a05a837c4f58ea
2021-12-11,694.25,,ft,Approved,,2025-03-11T19:58:39.236615+00:00,1c1f4ede2bf642baa8a05a837c4f58ea
2021-12-12,694.23,,ft,Approved,,2025-03-11T19:58:39.236615+00:00,1c1f4ede2bf642baa8a05a837c4f58ea
2021-12-13,694.23,,ft,Approved,,2025-03-11T19:58:39.236615+00:00,1c1f4ede2bf642baa8a05a837c4f58ea
2021-12-14,694.24,,ft,Approved,,2025-03-11T19:58:39.236615+00:00,1c1f4ede2bf642baa8a05a837c4f58ea
2021-12-15,694.25,,ft,Approved,,2025-03-11T19:58:39.236615+00:00,1c1f4ede2bf642baa8a05a837c4f58ea
2021-12-16,694.25,,ft,Approved,,2025-03-11T19:58:39.236615+00:00,1c1f4ede2bf642baa8a05a837c4f58ea
2021-12-17,694.25,,ft,Approved,,2025-03-11T19:58:39.236615+00:00,1c1f4ede2bf642baa8a05a837c4f58ea
2021-12-18,694.36,,ft,Approved,,2025-03-11T19:58:39.236615+00:00,1c1f4ede2bf642baa8a05a837c4f58ea
2021-12-19,694.42,,ft,Approved,,2025-03-11T19:58:39.236615+00:00,1c1f4ede2bf642baa8a05a837c4f58ea
2021-12-20,694.39,,ft,Approved,,2025-03-11T19:58:39.236615+00:00,1c1f4ede2bf642baa8a05a837c4f58ea
2021-12-21,694.36,,ft,Approved,,2025-03-11T19:58:39.236615+00:00,1c1f4ede2bf642baa8a05a837c4f58ea
2021-12-22,694.34,,ft,Approved,,2025-03-11T19:58:39.236615+00:00,1c1f4ede2bf642baa8a05a837c4f58ea
2021-12-23,694.33,,ft,Approved,,2025-03-11T19:58:39.236615+00:00,1c1f4ede2bf642baa8a05a837c4f58ea
2021-12-24,694.32,,ft,Approved,,2025-03-11T19:58:39.236615+00:00,1c1f4ede2bf642baa8a05a837c4f58ea
2021-12-25,694.31,,ft,Approved,,2025-03-11T19:58:39.236615+00:00,1c1f4ede2bf642baa8a05a837c4f58ea
2021-12-26,694.3,,ft,Approved,,2025-03-11T19:58:39.236615+00:00,1c1f4ede2bf642baa8a05a837c4f58ea
2021-12-27,694.29,,ft,Approved,,2025-03-11T19:58:39.236615+00:00,1c1f4ede2bf642baa8a05a837c4f58ea
2021-12-28,694.29,,ft,Approved,,2025-03-11T19:58:39.236615+00:00,1c1f4ede2bf642baa8a05a837c4f58ea
2021-12-29,694.28,,ft,Approved,,2025-03-11T19:58:39.236615+00:00,1c1f4ede2bf642baa8a05a837c4f58ea
2021-12-30,694.28,,ft,Approved,,2025-03-11T19:58:39.236615+00:00,1c1f4ede2bf642baa8a05a837c4f58ea
2021-12-31,694.27,,ft,Approved,,2025-03-11T19:58:39.236615+00:00,1c1f4ede2bf642baa8a05a837c4f58ea
2022-01-01,694.26,,ft,Approved,,2025-03-11T19:58:39.236615+00:00,1c1f4ede2bf642baa8a05a837c4f58ea
2022-01-02,694.23,,ft,Approved,,2025-03-11T19:58:39.236615+00:00,1c1f4ede2bf642baa8a05a837c4f58ea
2022-01-03,694.21,,ft,Approved,,2025-03-11T19:58:39.236615+00:00,1c1f4ede2bf642baa8a05a837c4f58ea
2022-01-04,694.21,,ft,Approved,,2025-03-11T19:58:39.236615+00:00,1c1f4ede2bf642baa8a05a837c4f58ea
2022-01-05,694.21,,ft,Approved,,2025-03-11T19:58:39.236615+00:00,1c1f4ede2bf642baa8a05a837c4f58ea
2022-01-06,694.21,,ft,Approved,,2025-03-11T19:58:39.236615+00:00,1c1f4ede2bf642baa8a05a837c4f58ea
2022-01-07,694.19,,ft,Approved,,2025-03-11T19:58:39.236615+00:00,1c1f4ede2bf642baa8a05a837c4f58ea
2022-01-08,694.21,,ft,Approved,,2025-03-11T19:58:39.236615+00:00,1c1f4ede2bf642baa8a05a837c4f58ea
2022-01-09,694.23,,ft,Approved,,2025-03-11T19:58:39.236615+00:00,1c1f4ede2bf642baa8a05a837c4f58ea
2022-01-10,694.21,,ft,Approved,,2025-03-11T19:58:39.236615+00:00,1c1f4ede2bf642baa8a05a837c4f58ea
2022-01-11,694.21,,ft,Approved,,2025-03-11T19:58:39.236615+00:00,1c1f4ede2bf642baa8a05a837c4f58ea
2022-01-12,694.25,,ft,Approved,,2025-03-11T19:58:39.236615+00:00,1c1f4ede2bf642baa8a05a837c4f58ea
2022-01-13,694.25,,ft,Approved,,2025-03-11T19:58:39.236615+00:00,1c1f4ede2bf642baa8a05a837c4f58ea
2022-01-14,694.25,,ft,Approved,,2025-03-11T19:58:39.236615+00:00,1c1f4ede2bf642baa8a05a837c4f58ea
2022-01-15,694.25,,ft,Approved,,2025-03-11T19:58:39.236615+00:00,1c1f4ede2bf642baa8a05a837c4f58ea
2022-01-16,694.2,,ft,Approved,,2025-03-11T19:58:39.236615+00:00,1c1f4ede2bf642baa8a05a837c4f58ea
2022-01-17,694.2,,ft,Approved,,2025-03-11T19:58:39.236615+00:00,1c1f4ede2bf642baa8a05a837c4f58ea
2022-01-18,694.2,,ft,Approved,,2025-03-11T19:58:39.236615+00:00,1c1f4ede2bf642baa8a05a837c4f58ea
2022-01-19,694.2,,ft,Approved,,2025-03-11T19:58:39.236615+00:00,1c1f4ede2bf642baa8a05a837c4f58ea
2022-01-20,694.19,,ft,Approved,,2025-03-11T19:58:39.236615+00:00,1c1f4ede2bf642baa8a05a837c4f58ea
2022-01-21,694.16,,ft,Approved,,2025-03-11T19:58:39.236615+00:00,1c1f4ede2bf642baa8a05a837c4f58ea
2022-01-22,694.16,,ft,Approved,,2025-03-11T19:58:39.236615+00:00,1c1f4ede2bf642baa8a05a837c4f58ea
2022-01-23,694.16,,ft,Approved,,2025-03-11T19:58:39.236615+00:00,1c1f4ede2bf642baa8a05a837c4f58ea
2022-01-24,694.18,,ft,Approved,,2025-03-11T19:58:39.236615+00:00,1c1f4ede2bf642baa8a05a837c4f58ea
2022-01-25,694.2,,ft,Approved,,2025-03-11T19:58:39.236615+00:00,1c1f4ede2bf642baa8a05a837c4f58ea
2022-01-26,694.2,,ft,Approved,,2025-03-11T19:58:39.236615+00:00,1c1f4ede2bf642baa8a05a837c4f58ea
2022-01-27,694.2,,ft,Approved,,2025-03-11T19:58:39.236615+00:00,1c1f4ede2bf642baa8a05a837c4f58ea
2022-01-28,694.19,,ft,Approved,,2025-03-11T19:58:39.236615+00:00,1c1f4ede2bf642baa8a05a837c4f58ea
2022-01-29,694.18,,ft,Approved,,2025-03-11T19:58:39.236615+00:00,1c1f4ede2bf642baa8a05a837c4f58ea
2022-01-30,694.18,,ft,Approved,,2025-03-11T19:58:39.236615+00:00,1c1f4ede2bf642baa8a05a837c4f58ea
2022-01-31,694.35,,ft,Approved,,2025-03-11T19:58:39.236615+00:00,1c1f4ede2bf642baa8a05a837c4f58ea
2022-02-01,694.88,,ft,Approved,,2025-03-11T19:58:39.236615+00:00,1c1f4ede2bf642baa8a05a837c4f58ea
2022-02-02,694.86,,ft,Approved,,2025-03-11T19:58:39.236615+00:00,1c1f4ede2bf642baa8a05a837c4f58ea
2022-02-03,696.05,,ft,Approved,,2025-03-11T19:58:39.236615+00:00,1c1f4ede2bf642baa8a05a837c4f58ea
2022-02-04,696.2,,ft,Approved,,2025-03-11T19:58:39.236615+00:00,1c1f4ede2bf642baa8a05a837c4f58ea
2022-02-05,696.11,,ft,Approved,,2025-03-11T19:58:39.236615+00:00,1c1f4ede2bf642baa8a05a837c4f58ea
2022-02-06,695.99,,ft,Approved,,2025-03-11T19:58:39.236615+00:00,1c1f4ede2bf642baa8a05a837c4f58ea
2022-02-07,695.85,,ft,Approved,,2025-03-11T19:58:39.236615+00:00,1c1f4ede2bf642baa8a05a837c4f58ea
2022-02-08,695.69,,ft,Approved,,2025-03-11T19:58:39.236615+00:00,1c1f4ede2bf642baa8a05a837c4f58ea
2022-02-09,695.53,,ft,Approved,,2025-03-11T19:58:39.236615+00:00,1c1f4ede2bf642baa8a05a837c4f58ea
2022-02-10,695.38,,ft,Approved,,2025-03-11T19:58:39.236615+00:00,1c1f4ede2bf642baa8a05a837c4f58ea
2022-02-11,695.23,,ft,Approved,,2025-03-11T19:58:39.236615+00:00,1c1f4ede2bf642baa8a05a837c4f58ea
2022-02-12,695.09,,ft,Approved,,2025-03-11T19:58:39.236615+00:00,1c1f4ede2bf642baa8a05a837c4f58ea
2022-02-13,694.95,,ft,Approved,,2025-03-11T19:58:39.236615+00:00,1c1f4ede2bf642baa8a05a837c4f58ea
2022-02-14,694.85,,ft,Approved,,2025-03-11T19:58:39.236615+00:00,1c1f4ede2bf642baa8a05a837c4f58ea
2022-02-17,694.61,,ft,Approved,,2026-01-15T22:32:54.450605+00:00,1c1f4ede2bf642baa8a05a837c4f58ea
2022-02-18,694.52,,ft,Approved,,2025-03-11T19:58:39.236615+00:00,1c1f4ede2bf642baa8a05a837c4f58ea
2022-02-19,694.47,,ft,Approved,,2025-03-11T19:58:39.236615+00:00,1c1f4ede2bf642baa8a05a837c4f58ea
2022-02-20,694.44,,ft,Approved,,2025-03-11T19:58:39.236615+00:00,1c1f4ede2bf642baa8a05a837c4f58ea
2022-02-21,694.43,,ft,Approved,,2025-03-11T19:58:39.236615+00:00,1c1f4ede2bf642baa8a05a837c4f58ea
2022-02-22,694.4,,ft,Approved,,2025-03-11T19:58:39.236615+00:00,1c1f4ede2bf642baa8a05a837c4f58ea
2022-02-23,694.35,,ft,Approved,,2025-03-11T19:58:39.236615+00:00,1c1f4ede2bf642baa8a05a837c4f58ea
2022-02-24,694.33,,ft,Approved,,2025-03-11T19:58:39.236615+00:00,1c1f4ede2bf642baa8a05a837c4f58ea
2022-02-25,694.32,,ft,Approved,,2025-03-11T19:58:39.236615+00:00,1c1f4ede2bf642baa8a05a837c4f58ea
2022-02-26,694.32,,ft,Approved,,2025-03-11T19:58:39.236615+00:00,1c1f4ede2bf642baa8a05a837c4f58ea
2022-02-27,694.32,,ft,Approved,,2025-03-11T19:58:39.236615+00:00,1c1f4ede2bf642baa8a05a837c4f58ea
2022-02-28,694.31,,ft,Approved,,2025-03-11T19:58:39.236615+00:00,1c1f4ede2bf642baa8a05a837c4f58ea
2022-03-01,694.31,,ft,Approved,,2025-03-11T19:58:39.236615+00:00,1c1f4ede2bf642baa8a05a837c4f58ea
2022-03-02,694.31,,ft,Approved,,2025-03-11T19:58:39.236615+00:00,1c1f4ede2bf642baa8a05a837c4f58ea
2022-03-03,694.3,,ft,Approved,,2025-03-11T19:58:39.236615+00:00,1c1f4ede2bf642baa8a05a837c4f58ea
2022-03-04,694.3,,ft,Approved,,2025-03-11T19:58:39.236615+00:00,1c1f4ede2bf642baa8a05a837c4f58ea
2022-03-05,694.3,,ft,Approved,,2025-03-11T19:58:39.236615+00:00,1c1f4ede2bf642baa8a05a837c4f58ea
2022-03-06,694.3,,ft,Approved,,2025-03-11T19:58:39.236615+00:00,1c1f4ede2bf642baa8a05a837c4f58ea
2022-03-07,694.29,,ft,Approved,,2025-03-11T19:58:39.236615+00:00,1c1f4ede2bf642baa8a05a837c4f58ea
2022-03-08,694.27,,ft,Approved,,2025-03-11T19:58:39.236615+00:00,1c1f4ede2bf642baa8a05a837c4f58ea
2022-03-09,694.27,,ft,Approved,,2025-03-11T19:58:39.236615+00:00,1c1f4ede2bf642baa8a05a837c4f58ea
2022-03-10,694.27,,ft,Approved,,2025-03-11T19:58:39.236615+00:00,1c1f4ede2bf642baa8a05a837c4f58ea
2022-03-11,694.27,,ft,Approved,,2025-03-11T19:58:39.236615+00:00,1c1f4ede2bf642baa8a05a837c4f58ea
2022-03-12,694.25,,ft,Approved,,2025-03-11T19:58:39.236615+00:00,1c1f4ede2bf642baa8a05a837c4f58ea
2022-03-13,694.25,,ft,Approved,,2025-03-11T19:58:39.236615+00:00,1c1f4ede2bf642baa8a05a837c4f58ea
2022-03-14,694.25,,ft,Approved,,2025-03-11T19:58:39.236615+00:00,1c1f4ede2bf642baa8a05a837c4f58ea
2022-03-17,694.23,,ft,Approved,,2026-01-15T22:32:54.450605+00:00,1c1f4ede2bf642baa8a05a837c4f58ea
2022-03-18,694.23,,ft,Approved,,2025-03-11T19:58:39.236615+00:00,1c1f4ede2bf642baa8a05a837c4f58ea
2022-03-19,694.21,,ft,Approved,,2025-03-11T19:58:39.236615+00:00,1c1f4ede2bf642baa8a05a837c4f58ea
2022-03-20,694.21,,ft,Approved,,2025-03-11T19:58:39.236615+00:00,1c1f4ede2bf642baa8a05a837c4f58ea
2022-03-21,694.3,,ft,Approved,,2025-03-11T19:58:39.236615+00:00,1c1f4ede2bf642baa8a05a837c4f58ea
2022-03-22,694.76,,ft,Approved,,2025-03-11T19:58:39.236615+00:00,1c1f4ede2bf642baa8a05a837c4f58ea
2022-03-23,694.67,,ft,Approved,,2025-03-11T19:58:39.236615+00:00,1c1f4ede2bf642baa8a05a837c4f58ea
2022-03-24,694.59,,ft,Approved,,2025-03-11T19:58:39.236615+00:00,1c1f4ede2bf642baa8a05a837c4f58ea
2022-03-25,694.53,,ft,Approved,,2025-03-11T19:58:39.236615+00:00,1c1f4ede2bf642baa8a05a837c4f58ea
2022-03-26,694.48,,ft,Approved,,2025-03-11T19:58:39.236615+00:00,1c1f4ede2bf642baa8a05a837c4f58ea
2022-03-27,694.43,,ft,Approved,,2025-03-11T19:58:39.236615+00:00,1c1f4ede2bf642baa8a05a837c4f58ea
2022-03-28,694.39,,ft,Approved,,2025-03-11T19:58:39.236615+00:00,1c1f4ede2bf642baa8a05a837c4f58ea
2022-03-29,694.36,,ft,Approved,,2025-03-11T19:58:39.236615+00:00,1c1f4ede2bf642baa8a05a837c4f58ea
2022-03-30,694.39,,ft,Approved,,2025-03-11T19:58:39.236615+00:00,1c1f4ede2bf642baa8a05a837c4f58ea
2022-03-31,694.37,,ft,Approved,,2025-03-11T19:58:39.236615+00:00,1c1f4ede2bf642baa8a05a837c4f58ea
2022-04-01,694.34,,ft,Approved,,2025-03-11T19:58:39.236615+00:00,1c1f4ede2bf642baa8a05a837c4f58ea
2022-04-02,694.32,,ft,Approved,,2025-03-11T19:58:39.236615+00:00,1c1f4ede2bf642baa8a05a837c4f58ea
2022-04-03,694.31,,ft,Approved,,2025-03-11T19:58:39.236615+00:00,1c1f4ede2bf642baa8a05a837c4f58ea
2022-04-04,694.3,,ft,Approved,,2025-03-11T19:58:39.236615+00:00,1c1f4ede2bf642baa8a05a837c4f58ea
2022-04-05,694.3,,ft,Approved,,2025-03-11T19:58:39.236615+00:00,1c1f4ede2bf642baa8a05a837c4f58ea
2022-04-06,694.27,,ft,Approved,,2025-03-11T19:58:39.236615+00:00,1c1f4ede2bf642baa8a05a837c4f58ea
2022-04-07,694.24,,ft,Approved,,2025-03-11T19:58:39.236615+00:00,1c1f4ede2bf642baa8a05a837c4f58ea
2022-04-08,694.22,,ft,Approved,,2025-03-11T19:58:39.236615+00:00,1c1f4ede2bf642baa8a05a837c4f58ea
2022-04-09,694.21,,ft,Approved,,2025-03-11T19:58:39.236615+00:00,1c1f4ede2bf642baa8a05a837c4f58ea
2022-04-10,694.2,,ft,Approved,,2025-03-11T19:58:39.236615+00:00,1c1f4ede2bf642baa8a05a837c4f58ea
2022-04-11,694.2,,ft,Approved,,2025-03-11T19:58:39.236615+00:00,1c1f4ede2bf642baa8a05a837c4f58ea
2022-04-12,694.2,,ft,Approved,,2025-03-11T19:58:39.236615+00:00,1c1f4ede2bf642baa8a05a837c4f58ea
2022-04-13,694.19,,ft,Approved,,2025-03-11T19:58:39.236615+00:00,1c1f4ede2bf642baa8a05a837c4f58ea
2022-04-14,694.16,,ft,Approved,,2025-03-11T19:58:39.236615+00:00,1c1f4ede2bf642baa8a05a837c4f58ea
2022-04-15,694.15,,ft,Approved,,2025-03-11T19:58:39.236615+00:00,1c1f4ede2bf642baa8a05a837c4f58ea
2022-04-16,694.16,,ft,Approved,,2025-03-11T19:58:39.236615+00:00,1c1f4ede2bf642baa8a05a837c4f58ea
2022-04-17,694.16,,ft,Approved,,2025-03-11T19:58:39.236615+00:00,1c1f4ede2bf642baa8a05a837c4f58ea
2022-04-18,694.14,,ft,Approved,,2025-03-11T19:58:39.236615+00:00,1c1f4ede2bf642baa8a05a837c4f58ea
2022-04-19,694.13,,ft,Approved,,2025-03-11T19:58:39.236615+00:00,1c1f4ede2bf642baa8a05a837c4f58ea
2022-04-20,694.13,,ft,Approved,,2025-03-11T19:58:39.236615+00:00,1c1f4ede2bf642baa8a05a837c4f58ea
2022-04-21,694.13,,ft,Approved,,2025-03-11T19:58:39.236615+00:00,1c1f4ede2bf642baa8a05a837c4f58ea
2022-04-22,694.12,,ft,Approved,,2025-03-11T19:58:39.236615+00:00,1c1f4ede2bf642baa8a05a837c4f58ea
2022-04-23,694.11,,ft,Approved,,2025-03-11T19:58:39.236615+00:00,1c1f4ede2bf642baa8a05a837c4f58ea
2022-04-24,694.1,,ft,Approved,,2025-03-11T19:58:39.236615+00:00,1c1f4ede2bf642baa8a05a837c4f58ea
2022-04-25,694.17,,ft,Approved,,2025-03-11T19:58:39.236615+00:00,1c1f4ede2bf642baa8a05a837c4f58ea
2022-04-26,694.33,,ft,Approved,,2025-03-11T19:58:39.236615+00:00,1c1f4ede2bf642baa8a05a837c4f58ea
2022-04-27,694.36,,ft,Approved,,2025-03-11T19:58:39.236615+00:00,1c1f4ede2bf642baa8a05a837c4f58ea
2022-04-28,694.37,,ft,Approved,,2025-03-11T19:58:39.236615+00:00,1c1f4ede2bf642baa8a05a837c4f58ea
2022-04-29,694.37,,ft,Approved,,2025-03-11T19:58:39.236615+00:00,1c1f4ede2bf642baa8a05a837c4f58ea
2022-04-30,694.38,,ft,Approved,,2025-03-11T19:58:39.236615+00:00,1c1f4ede2bf642baa8a05a837c4f58ea
2022-05-01,694.41,,ft,Approved,,2025-03-11T19:58:39.236615+00:00,1c1f4ede2bf642baa8a05a837c4f58ea
2022-05-02,694.41,,ft,Approved,,2025-03-11T19:58:39.236615+00:00,1c1f4ede2bf642baa8a05a837c4f58ea
2022-05-03,694.42,,ft,Approved,,2025-03-11T19:58:39.236615+00:00,1c1f4ede2bf642baa8a05a837c4f58ea
2022-05-04,694.42,,ft,Approved,,2025-03-11T19:58:39.236615+00:00,1c1f4ede2bf642baa8a05a837c4f58ea
2022-05-05,694.5,,ft,Approved,,2025-03-11T19:58:39.236615+00:00,1c1f4ede2bf642baa8a05a837c4f58ea
2022-05-06,694.78,,ft,Approved,,2025-03-11T19:58:39.236615+00:00,1c1f4ede2bf642baa8a05a837c4f58ea
2022-05-07,694.81,,ft,Approved,,2025-03-11T19:58:39.236615+00:00,1c1f4ede2bf642baa8a05a837c4f58ea
2022-05-08,694.82,,ft,Approved,,2025-03-11T19:58:39.236615+00:00,1c1f4ede2bf642baa8a05a837c4f58ea
2022-05-09,694.81,,ft,Approved,,2025-03-11T19:58:39.236615+00:00,1c1f4ede2bf642baa8a05a837c4f58ea
2022-05-10,694.81,,ft,Approved,,2025-03-11T19:58:39.236615+00:00,1c1f4ede2bf642baa8a05a837c4f58ea
2022-05-11,694.8,,ft,Approved,,2025-03-11T19:58:39.236615+00:00,1c1f4ede2bf642baa8a05a837c4f58ea
2022-05-12,694.79,,ft,Approved,,2025-03-11T19:58:39.236615+00:00,1c1f4ede2bf642baa8a05a837c4f58ea
2022-05-13,694.77,,ft,Approved,,2025-03-11T19:58:39.236615+00:00,1c1f4ede2bf642baa8a05a837c4f58ea
2022-05-14,694.75,,ft,Approved,,2025-03-11T19:58:39.236615+00:00,1c1f4ede2bf642baa8a05a837c4f58ea
2022-05-15,694.74,,ft,Approved,,2025-03-11T19:58:39.236615+00:00,1c1f4ede2bf642baa8a05a837c4f58ea
2022-05-16,694.71,,ft,Approved,,2025-03-11T19:58:39.236615+00:00,1c1f4ede2bf642baa8a05a837c4f58ea
2022-05-17,694.69,,ft,Approved,,2025-03-11T19:58:39.236615+00:00,1c1f4ede2bf642baa8a05a837c4f58ea
2022-05-18,694.67,,ft,Approved,,2025-03-11T19:58:39.236615+00:00,1c1f4ede2bf642baa8a05a837c4f58ea
2022-05-19,694.64,,ft,Approved,,2025-03-11T19:58:39.236615+00:00,1c1f4ede2bf642baa8a05a837c4f58ea
2022-05-20,694.62,,ft,Approved,,2025-03-11T19:58:39.236615+00:00,1c1f4ede2bf642baa8a05a837c4f58ea
2022-05-21,694.61,,ft,Approved,,2025-03-11T19:58:39.236615+00:00,1c1f4ede2bf642baa8a05a837c4f58ea
2022-05-22,694.8,,ft,Approved,,2025-03-11T19:58:39.236615+00:00,1c1f4ede2bf642baa8a05a837c4f58ea
2022-05-23,694.81,,ft,Approved,,2025-03-11T19:58:39.236615+00:00,1c1f4ede2bf642baa8a05a837c4f58ea
2022-05-24,694.82,,ft,Approved,,2025-03-11T19:58:39.236615+00:00,1c1f4ede2bf642baa8a05a837c4f58ea
2022-05-25,695.17,,ft,Approved,,2025-03-11T19:58:39.236615+00:00,1c1f4ede2bf642baa8a05a837c4f58ea
2022-05-26,695.24,,ft,Approved,,2025-03-11T19:58:39.236615+00:00,1c1f4ede2bf642baa8a05a837c4f58ea
2022-05-27,695.25,,ft,Approved,,2025-03-11T19:58:39.236615+00:00,1c1f4ede2bf642baa8a05a837c4f58ea
2022-05-28,695.24,,ft,Approved,,2025-03-11T19:58:39.236615+00:00,1c1f4ede2bf642baa8a05a837c4f58ea
2022-05-29,695.23,,ft,Approved,,2025-03-11T19:58:39.236615+00:00,1c1f4ede2bf642baa8a05a837c4f58ea
2022-05-30,695.21,,ft,Approved,,2025-03-11T19:58:39.236615+00:00,1c1f4ede2bf642baa8a05a837c4f58ea
2022-05-31,695.19,,ft,Approved,,2025-03-11T19:58:39.236615+00:00,1c1f4ede2bf642baa8a05a837c4f58ea
2022-06-01,695.17,,ft,Approved,,2025-03-11T19:58:39.236615+00:00,1c1f4ede2bf642baa8a05a837c4f58ea
2022-06-02,695.15,,ft,Approved,,2025-03-11T19:58:39.236615+00:00,1c1f4ede2bf642baa8a05a837c4f58ea
2022-06-03,695.14,,ft,Approved,,2025-03-11T19:58:39.236615+00:00,1c1f4ede2bf642baa8a05a837c4f58ea
2022-06-04,695.13,,ft,Approved,,2025-03-11T19:58:39.236615+00:00,1c1f4ede2bf642baa8a05a837c4f58ea
2022-06-05,695.12,,ft,Approved,,2025-03-11T19:58:39.236615+00:00,1c1f4ede2bf642baa8a05a837c4f58ea
2022-06-06,695.09,,ft,Approved,,2025-03-11T19:58:39.236615+00:00,1c1f4ede2bf642baa8a05a837c4f58ea
2022-06-07,695.07,,ft,Approved,,2025-03-11T19:58:39.236615+00:00,1c1f4ede2bf642baa8a05a837c4f58ea
2022-06-08,695.04,,ft,Approved,,2025-03-11T19:58:39.236615+00:00,1c1f4ede2bf642baa8a05a837c4f58ea
2022-06-09,695.02,,ft,Approved,,2025-03-11T19:58:39.236615+00:00,1c1f4ede2bf642baa8a05a837c4f58ea
2022-06-10,695.0,,ft,Approved,,2025-03-11T19:58:39.236615+00:00,1c1f4ede2bf642baa8a05a837c4f58ea
2022-06-11,694.97,,ft,Approved,,2025-03-11T19:58:39.236615+00:00,1c1f4ede2bf642baa8a05a837c4f58ea
2022-06-12,694.94,,ft,Approved,,2025-03-11T19:58:39.236615+00:00,1c1f4ede2bf642baa8a05a837c4f58ea
2022-06-13,694.91,,ft,Approved,,2025-03-11T19:58:39.236615+00:00,1c1f4ede2bf642baa8a05a837c4f58ea
2022-06-14,694.88,,ft,Approved,,2025-03-11T19:58:39.236615+00:00,1c1f4ede2bf642baa8a05a837c4f58ea
2022-06-15,694.85,,ft,Approved,,2025-03-11T19:58:39.236615+00:00,1c1f4ede2bf642baa8a05a837c4f58ea
2022-06-16,694.82,,ft,Approved,,2025-03-11T19:58:39.236615+00:00,1c1f4ede2bf642baa8a05a837c4f58ea
2022-06-17,694.8,,ft,Approved,,2025-03-11T19:58:39.236615+00:00,1c1f4ede2bf642baa8a05a837c4f58ea
2022-06-18,694.77,,ft,Approved,,2025-03-11T19:58:39.236615+00:00,1c1f4ede2bf642baa8a05a837c4f58ea
2022-06-19,694.75,,ft,Approved,,2025-03-11T19:58:39.236615+00:00,1c1f4ede2bf642baa8a05a837c4f58ea
2022-06-20,694.72,,ft,Approved,,2025-03-11T19:58:39.236615+00:00,1c1f4ede2bf642baa8a05a837c4f58ea
2022-06-21,694.69,,ft,Approved,,2025-03-11T19:58:39.236615+00:00,1c1f4ede2bf642baa8a05a837c4f58ea
2022-06-22,694.67,,ft,Approved,,2025-03-11T19:58:39.236615+00:00,1c1f4ede2bf642baa8a05a837c4f58ea
2022-06-23,694.64,,ft,Approved,,2025-03-11T19:58:39.236615+00:00,1c1f4ede2bf642baa8a05a837c4f58ea
2022-06-24,694.61,,ft,Approved,,2025-03-11T19:58:39.236615+00:00,1c1f4ede2bf642baa8a05a837c4f58ea
2022-06-25,694.58,,ft,Approved,,2025-03-11T19:58:39.236615+00:00,1c1f4ede2bf642baa8a05a837c4f58ea
2022-06-26,694.55,,ft,Approved,,2025-03-11T19:58:39.236615+00:00,1c1f4ede2bf642baa8a05a837c4f58ea
2022-06-27,694.52,,ft,Approved,,2025-03-11T19:58:39.236615+00:00,1c1f4ede2bf642baa8a05a837c4f58ea
2022-06-28,694.53,,ft,Approved,,2025-03-11T19:58:39.236615+00:00,1c1f4ede2bf642baa8a05a837c4f58ea
2022-06-29,694.51,,ft,Approved,,2025-03-11T19:58:39.236615+00:00,1c1f4ede2bf642baa8a05a837c4f58ea
2022-06-30,694.48,,ft,Approved,,2025-03-11T19:58:39.236615+00:00,1c1f4ede2bf642baa8a05a837c4f58ea
2022-07-01,694.46,,ft,Approved,,2025-03-11T19:58:39.236615+00:00,1c1f4ede2bf642baa8a05a837c4f58ea
2022-07-02,694.44,,ft,Approved,,2025-03-11T19:58:39.236615+00:00,1c1f4ede2bf642baa8a05a837c4f58ea
2022-07-03,694.41,,ft,Approved,,2025-03-11T19:58:39.236615+00:00,1c1f4ede2bf642baa8a05a837c4f58ea
2022-07-04,694.37,,ft,Approved,,2025-03-11T19:58:39.236615+00:00,1c1f4ede2bf642baa8a05a837c4f58ea
2022-07-05,694.34,,ft,Approved,,2025-03-11T19:58:39.236615+00:00,1c1f4ede2bf642baa8a05a837c4f58ea
2022-07-06,694.31,,ft,Approved,,2025-03-11T19:58:39.236615+00:00,1c1f4ede2bf642baa8a05a837c4f58ea
2022-07-07,694.28,,ft,Approved,,2025-03-11T19:58:39.236615+00:00,1c1f4ede2bf642baa8a05a837c4f58ea
2022-07-08,694.25,,ft,Approved,,2025-03-11T19:58:39.236615+00:00,1c1f4ede2bf642baa8a05a837c4f58ea
2022-07-09,694.22,,ft,Approved,,2025-03-11T19:58:39.236615+00:00,1c1f4ede2bf642baa8a05a837c4f58ea
2022-07-10,694.2,,ft,Approved,,2025-03-11T19:58:39.236615+00:00,1c1f4ede2bf642baa8a05a837c4f58ea
2022-07-11,694.17,,ft,Approved,,2025-03-11T19:58:39.236615+00:00,1c1f4ede2bf642baa8a05a837c4f58ea
2022-07-12,694.14,,ft,Approved,,2025-03-11T19:58:39.236615+00:00,1c1f4ede2bf642baa8a05a837c4f58ea
2022-07-13,694.11,,ft,Approved,,2025-03-11T19:58:39.236615+00:00,1c1f4ede2bf642baa8a05a837c4f58ea
2022-07-14,694.08,,ft,Approved,,2025-03-11T19:58:39.236615+00:00,1c1f4ede2bf642baa8a05a837c4f58ea
2022-07-15,694.05,,ft,Approved,,2025-03-11T19:58:39.236615+00:00,1c1f4ede2bf642baa8a05a837c4f58ea
2022-07-16,694.02,,ft,Approved,,2025-03-11T19:58:39.236615+00:00,1c1f4ede2bf642baa8a05a837c4f58ea
2022-07-17,693.99,,ft,Approved,,2025-03-11T19:58:39.236615+00:00,1c1f4ede2bf642baa8a05a837c4f58ea
2022-07-18,693.95,,ft,Approved,,2025-03-11T19:58:39.236615+00:00,1c1f4ede2bf642baa8a05a837c4f58ea
2022-07-19,693.92,,ft,Approved,,2025-03-11T19:58:39.236615+00:00,1c1f4ede2bf642baa8a05a837c4f58ea
2022-07-20,693.88,,ft,Approved,,2025-03-11T19:58:39.236615+00:00,1c1f4ede2bf642baa8a05a837c4f58ea
2022-07-21,693.85,,ft,Approved,,2025-03-11T19:58:39.236615+00:00,1c1f4ede2bf642baa8a05a837c4f58ea
2022-07-22,693.82,,ft,Approved,,2025-03-11T19:58:39.236615+00:00,1c1f4ede2bf642baa8a05a837c4f58ea
2022-07-23,693.79,,ft,Approved,,2025-03-11T19:58:39.236615+00:00,1c1f4ede2bf642baa8a05a837c4f58ea
2022-07-24,693.75,,ft,Approved,LESSTHAN,2025-03-11T19:58:39.236615+00:00,1c1f4ede2bf642baa8a05a837c4f58ea
2022-07-25,693.72,,ft,Approved,LESSTHAN,2025-03-11T19:58:39.236615+00:00,1c1f4ede2bf642baa8a05a837c4f58ea
2022-07-26,693.72,,ft,Approved,LESSTHAN,2025-03-11T19:58:39.236615+00:00,1c1f4ede2bf642baa8a05a837c4f58ea
2022-07-27,693.72,,ft,Approved,LESSTHAN,2025-03-11T19:58:39.236615+00:00,1c1f4ede2bf642baa8a05a837c4f58ea
2022-07-28,693.72,,ft,Approved,LESSTHAN,2025-03-11T19:58:39.236615+00:00,1c1f4ede2bf642baa8a05a837c4f58ea
2022-07-29,693.72,,ft,Approved,LESSTHAN,2025-03-11T19:58:39.236615+00:00,1c1f4ede2bf642baa8a05a837c4f58ea
2022-07-30,693.72,,ft,Approved,LESSTHAN,2025-03-11T19:58:39.236615+00:00,1c1f4ede2bf642baa8a05a837c4f58ea
2022-07-31,693.72,,ft,Approved,LESSTHAN,2025-03-11T19:58:39.236615+00:00,1c1f4ede2bf642baa8a05a837c4f58ea
2022-08-01,693.72,,ft,Approved,LESSTHAN,2025-03-11T19:58:39.236615+00:00,1c1f4ede2bf642baa8a05a837c4f58ea
2022-08-02,693.72,,ft,Approved,LESSTHAN,2025-03-11T19:58:39.236615+00:00,1c1f4ede2bf642baa8a05a837c4f58ea
2022-08-03,693.72,,ft,Approved,LESSTHAN,2025-03-11T19:58:39.236615+00:00,1c1f4ede2bf642baa8a05a837c4f58ea
2022-08-04,693.72,,ft,Approved,LESSTHAN,2025-03-11T19:58:39.236615+00:00,1c1f4ede2bf642baa8a05a837c4f58ea
2022-08-05,693.72,,ft,Approved,LESSTHAN,2025-03-11T19:58:39.236615+00:00,1c1f4ede2bf642baa8a05a837c4f58ea
2022-08-06,693.72,,ft,Approved,LESSTHAN,2025-03-11T19:58:39.236615+00:00,1c1f4ede2bf642baa8a05a837c4f58ea
2022-08-07,693.72,,ft,Approved,LESSTHAN,2025-03-11T19:58:39.236615+00:00,1c1f4ede2bf642baa8a05a837c4f58ea
2022-08-08,693.72,,ft,Approved,LESSTHAN,2025-03-11T19:58:39.236615+00:00,1c1f4ede2bf642baa8a05a837c4f58ea
2022-08-09,693.72,,ft,Approved,LESSTHAN,2025-03-11T19:58:39.236615+00:00,1c1f4ede2bf642baa8a05a837c4f58ea
2022-08-10,693.72,,ft,Approved,LESSTHAN,2025-03-11T19:58:39.236615+00:00,1c1f4ede2bf642baa8a05a837c4f58ea
2022-08-11,693.72,,ft,Approved,LESSTHAN,2025-03-11T19:58:39.236615+00:00,1c1f4ede2bf642baa8a05a837c4f58ea
2022-08-12,693.72,,ft,Approved,LESSTHAN,2025-03-11T19:58:39.236615+00:00,1c1f4ede2bf642baa8a05a837c4f58ea
2022-08-13,693.72,,ft,Approved,LESSTHAN,2025-03-11T19:58:39.236615+00:00,1c1f4ede2bf642baa8a05a837c4f58ea
2022-08-14,693.72,,ft,Approved,LESSTHAN,2025-03-11T19:58:39.236615+00:00,1c1f4ede2bf642baa8a05a837c4f58ea
2022-08-15,693.72,,ft,Approved,LESSTHAN,2025-03-11T19:58:39.236615+00:00,1c1f4ede2bf642baa8a05a837c4f58ea
2022-08-16,693.72,,ft,Approved,LESSTHAN,2025-03-11T19:58:39.236615+00:00,1c1f4ede2bf642baa8a05a837c4f58ea
2022-08-17,693.72,,ft,Approved,LESSTHAN,2025-03-11T19:58:39.236615+00:00,1c1f4ede2bf642baa8a05a837c4f58ea
2022-08-18,693.72,,ft,Approved,LESSTHAN,2025-03-11T19:58:39.236615+00:00,1c1f4ede2bf642baa8a05a837c4f58ea
2022-08-19,693.72,,ft,Approved,LESSTHAN,2025-03-11T19:58:39.236615+00:00,1c1f4ede2bf642baa8a05a837c4f58ea
2022-08-20,693.72,,ft,Approved,LESSTHAN,2025-03-11T19:58:39.236615+00:00,1c1f4ede2bf642baa8a05a837c4f58ea
2022-08-21,693.72,,ft,Approved,LESSTHAN,2025-03-11T19:58:39.236615+00:00,1c1f4ede2bf642baa8a05a837c4f58ea
2022-08-22,693.89,,ft,Approved,LESSTHAN,2025-03-11T19:58:39.236615+00:00,1c1f4ede2bf642baa8a05a837c4f58ea
2022-08-23,694.4,,ft,Approved,,2026-01-15T22:32:54.450605+00:00,1c1f4ede2bf642baa8a05a837c4f58ea
2022-08-24,694.43,,ft,Approved,,2025-03-11T19:58:39.236615+00:00,1c1f4ede2bf642baa8a05a837c4f58ea
2022-08-25,694.43,,ft,Approved,,2025-03-11T19:58:39.236615+00:00,1c1f4ede2bf642baa8a05a837c4f58ea
2022-08-26,694.43,,ft,Approved,,2025-03-11T19:58:39.236615+00:00,1c1f4ede2bf642baa8a05a837c4f58ea
2022-08-27,694.42,,ft,Approved,,2025-03-11T19:58:39.236615+00:00,1c1f4ede2bf642baa8a05a837c4f58ea
2022-08-28,694.42,,ft,Approved,,2025-03-11T19:58:39.236615+00:00,1c1f4ede2bf642baa8a05a837c4f58ea
2022-08-29,694.41,,ft,Approved,,2025-03-11T19:58:39.236615+00:00,1c1f4ede2bf642baa8a05a837c4f58ea
2022-08-30,694.99,,ft,Approved,,2025-03-11T19:58:39.236615+00:00,1c1f4ede2bf642baa8a05a837c4f58ea
2022-08-31,695.9,,ft,Approved,,2025-03-11T19:58:39.236615+00:00,1c1f4ede2bf642baa8a05a837c4f58ea
2022-09-01,695.97,,ft,Approved,,2025-03-11T19:58:39.236615+00:00,1c1f4ede2bf642baa8a05a837c4f58ea
2022-09-02,696.1,,ft,Approved,,2025-03-11T19:58:39.236615+00:00,1c1f4ede2bf642baa8a05a837c4f58ea
2022-09-03,696.17,,ft,Approved,,2025-03-11T19:58:39.236615+00:00,1c1f4ede2bf642baa8a05a837c4f58ea
2022-09-04,696.35,,ft,Approved,,2025-03-11T19:58:39.236615+00:00,1c1f4ede2bf642baa8a05a837c4f58ea
2022-09-05,696.77,,ft,Approved,,2025-03-11T19:58:39.236615+00:00,1c1f4ede2bf642baa8a05a837c4f58ea
2022-09-06,696.82,,ft,Approved,,2025-03-11T19:58:39.236615+00:00,1c1f4ede2bf642baa8a05a837c4f58ea
2022-09-07,697.35,,ft,Approved,,2025-03-11T19:58:39.236615+00:00,1c1f4ede2bf642baa8a05a837c4f58ea
2022-09-08,698.05,,ft,Approved,,2025-03-11T19:58:39.236615+00:00,1c1f4ede2bf642baa8a05a837c4f58ea
2022-09-09,698.12,,ft,Approved,,2025-03-11T19:58:39.236615+00:00,1c1f4ede2bf642baa8a05a837c4f58ea
2022-09-10,698.14,,ft,Approved,,2025-03-11T19:58:39.236615+00:00,1c1f4ede2bf642baa8a05a837c4f58ea
2022-09-11,698.15,,ft,Approved,,2025-03-11T19:58:39.236615+00:00,1c1f4ede2bf642baa8a05a837c4f58ea
2022-09-12,698.15,,ft,Approved,,2025-03-11T19:58:39.236615+00:00,1c1f4ede2bf642baa8a05a837c4f58ea
2022-09-13,698.15,,ft,Approved,,2025-03-11T19:58:39.236615+00:00,1c1f4ede2bf642baa8a05a837c4f58ea
2022-09-14,698.15,,ft,Approved,,2025-03-11T19:58:39.236615+00:00,1c1f4ede2bf642baa8a05a837c4f58ea
2022-09-15,698.14,,ft,Approved,,2025-03-11T19:58:39.236615+00:00,1c1f4ede2bf642baa8a05a837c4f58ea
2022-09-16,698.13,,ft,Approved,,2025-03-11T19:58:39.236615+00:00,1c1f4ede2bf642baa8a05a837c4f58ea
2022-09-17,698.12,,ft,Approved,,2025-03-11T19:58:39.236615+00:00,1c1f4ede2bf642baa8a05a837c4f58ea
2022-09-18,698.1,,ft,Approved,,2025-03-11T19:58:39.236615+00:00,1c1f4ede2bf642baa8a05a837c4f58ea
2022-09-19,698.09,,ft,Approved,,2025-03-11T19:58:39.236615+00:00,1c1f4ede2bf642baa8a05a837c4f58ea
2022-09-20,698.08,,ft,Approved,,2025-03-11T19:58:39.236615+00:00,1c1f4ede2bf642baa8a05a837c4f58ea
2022-09-21,698.06,,ft,Approved,,2025-03-11T19:58:39.236615+00:00,1c1f4ede2bf642baa8a05a837c4f58ea
2022-09-22,698.04,,ft,Approved,,2025-03-11T19:58:39.236615+00:00,1c1f4ede2bf642baa8a05a837c4f58ea
2022-09-23,698.02,,ft,Approved,,2025-03-11T19:58:39.236615+00:00,1c1f4ede2bf642baa8a05a837c4f58ea
2022-09-24,698.0,,ft,Approved,,2025-03-11T19:58:39.236615+00:00,1c1f4ede2bf642baa8a05a837c4f58ea
2022-09-25,697.98,,ft,Approved,,2025-03-11T19:58:39.236615+00:00,1c1f4ede2bf642baa8a05a837c4f58ea
2022-09-26,697.96,,ft,Approved,,2025-03-11T19:58:39.236615+00:00,1c1f4ede2bf642baa8a05a837c4f58ea
2022-09-27,697.93,,ft,Approved,,2025-03-11T19:58:39.236615+00:00,1c1f4ede2bf642baa8a05a837c4f58ea
2022-09-28,697.91,,ft,Approved,,2025-03-11T19:58:39.236615+00:00,1c1f4ede2bf642baa8a05a837c4f58ea
2022-09-29,697.89,,ft,Approved,,2025-03-11T19:58:39.236615+00:00,1c1f4ede2bf642baa8a05a837c4f58ea
2022-09-30,697.87,,ft,Approved,,2025-03-11T19:58:39.236615+00:00,1c1f4ede2bf642baa8a05a837c4f58ea
2022-10-01,697.85,,ft,Approved,,2025-03-11T19:58:39.236615+00:00,1c1f4ede2bf642baa8a05a837c4f58ea
2022-10-02,697.83,,ft,Approved,,2025-03-11T19:58:39.236615+00:00,1c1f4ede2bf642baa8a05a837c4f58ea
2022-10-03,697.81,,ft,Approved,,2025-03-11T19:58:39.236615+00:00,1c1f4ede2bf642baa8a05a837c4f58ea
2022-10-04,697.8,,ft,Approved,,2025-03-11T19:58:39.236615+00:00,1c1f4ede2bf642baa8a05a837c4f58ea
2022-10-05,697.78,,ft,Approved,,2025-03-11T19:58:39.236615+00:00,1c1f4ede2bf642baa8a05a837c4f58ea
2022-10-06,697.77,,ft,Approved,,2025-03-11T19:58:39.236615+00:00,1c1f4ede2bf642baa8a05a837c4f58ea
2022-10-07,697.76,,ft,Approved,,2025-03-11T19:58:39.236615+00:00,1c1f4ede2bf642baa8a05a837c4f58ea
2022-10-08,697.75,,ft,Approved,,2025-03-11T19:58:39.236615+00:00,1c1f4ede2bf642baa8a05a837c4f58ea
2022-10-09,697.73,,ft,Approved,,2025-03-11T19:58:39.236615+00:00,1c1f4ede2bf642baa8a05a837c4f58ea
2022-10-10,697.72,,ft,Approved,,2025-03-11T19:58:39.236615+00:00,1c1f4ede2bf642baa8a05a837c4f58ea
2022-10-11,697.71,,ft,Approved,,2025-03-11T19:58:39.236615+00:00,1c1f4ede2bf642baa8a05a837c4f58ea
2022-10-12,697.7,,ft,Approved,,2025-03-11T19:58:39.236615+00:00,1c1f4ede2bf642baa8a05a837c4f58ea
2022-10-13,697.68,,ft,Approved,,2025-03-11T19:58:39.236615+00:00,1c1f4ede2bf642baa8a05a837c4f58ea
2022-10-14,697.66,,ft,Approved,,2025-03-11T19:58:39.236615+00:00,1c1f4ede2bf642baa8a05a837c4f58ea
2022-10-15,697.65,,ft,Approved,,2025-03-11T19:58:39.236615+00:00,1c1f4ede2bf642baa8a05a837c4f58ea
2022-10-16,697.64,,ft,Approved,,2025-03-11T19:58:39.236615+00:00,1c1f4ede2bf642baa8a05a837c4f58ea
2022-10-17,698.12,,ft,Approved,,2025-03-11T19:58:39.236615+00:00,1c1f4ede2bf642baa8a05a837c4f58ea
2022-10-18,698.21,,ft,Approved,,2025-03-11T19:58:39.236615+00:00,1c1f4ede2bf642baa8a05a837c4f58ea
2022-10-19,698.21,,ft,Approved,,2025-03-11T19:58:39.236615+00:00,1c1f4ede2bf642baa8a05a837c4f58ea
2022-10-20,698.21,,ft,Approved,,2025-03-11T19:58:39.236615+00:00,1c1f4ede2bf642baa8a05a837c4f58ea
2022-10-21,698.21,,ft,Approved,,2025-03-11T19:58:39.236615+00:00,1c1f4ede2bf642baa8a05a837c4f58ea
2022-10-22,698.21,,ft,Approved,,2025-03-11T19:58:39.236615+00:00,1c1f4ede2bf642baa8a05a837c4f58ea
2022-10-23,698.2,,ft,Approved,,2025-03-11T19:58:39.236615+00:00,1c1f4ede2bf642baa8a05a837c4f58ea
2022-10-24,698.24,,ft,Approved,,2025-03-11T19:58:39.236615+00:00,1c1f4ede2bf642baa8a05a837c4f58ea
2022-10-25,698.71,,ft,Approved,,2025-03-11T19:58:39.236615+00:00,1c1f4ede2bf642baa8a05a837c4f58ea
2022-10-26,698.72,,ft,Approved,,2025-03-11T19:58:39.236615+00:00,1c1f4ede2bf642baa8a05a837c4f58ea
2022-10-27,698.74,,ft,Approved,,2025-03-11T19:58:39.236615+00:00,1c1f4ede2bf642baa8a05a837c4f58ea
2022-10-28,699.05,,ft,Approved,,2025-03-11T19:58:39.236615+00:00,1c1f4ede2bf642baa8a05a837c4f58ea
2022-10-29,699.22,,ft,Approved,,2025-03-11T19:58:39.236615+00:00,1c1f4ede2bf642baa8a05a837c4f58ea
2022-10-30,699.18,,ft,Approved,,2025-03-11T19:58:39.236615+00:00,1c1f4ede2bf642baa8a05a837c4f58ea
2022-10-31,699.16,,ft,Approved,,2025-03-11T19:58:39.236615+00:00,1c1f4ede2bf642baa8a05a837c4f58ea
2022-11-01,699.15,,ft,Approved,,2025-03-11T19:58:39.236615+00:00,1c1f4ede2bf642baa8a05a837c4f58ea
2022-11-02,699.14,,ft,Approved,,2025-03-11T19:58:39.236615+00:00,1c1f4ede2bf642baa8a05a837c4f58ea
2022-11-03,699.13,,ft,Approved,,2025-03-11T19:58:39.236615+00:00,1c1f4ede2bf642baa8a05a837c4f58ea
2022-11-04,699.15,,ft,Approved,,2025-03-11T19:58:39.236615+00:00,1c1f4ede2bf642baa8a05a837c4f58ea
2022-11-05,699.19,,ft,Approved,,2025-03-11T19:58:39.236615+00:00,1c1f4ede2bf642baa8a05a837c4f58ea
2022-11-06,699.16,,ft,Approved,,2025-03-11T19:58:39.236615+00:00,1c1f4ede2bf642baa8a05a837c4f58ea
2022-11-07,699.22,,ft,Approved,,2025-03-11T19:58:39.236615+00:00,1c1f4ede2bf642baa8a05a837c4f58ea
2022-11-08,699.25,,ft,Approved,,2025-03-11T19:58:39.236615+00:00,1c1f4ede2bf642baa8a05a837c4f58ea
2022-11-09,699.2,,ft,Approved,,2025-03-11T19:58:39.236615+00:00,1c1f4ede2bf642baa8a05a837c4f58ea
2022-11-10,699.17,,ft,Approved,,2025-03-11T19:58:39.236615+00:00,1c1f4ede2bf642baa8a05a837c4f58ea
2022-11-11,699.27,,ft,Approved,,2025-03-11T19:58:39.236615+00:00,1c1f4ede2bf642baa8a05a837c4f58ea
2022-11-12,699.35,,ft,Approved,,2025-03-11T19:58:39.236615+00:00,1c1f4ede2bf642baa8a05a837c4f58ea
2022-11-13,699.24,,ft,Approved,,2025-03-11T19:58:39.236615+00:00,1c1f4ede2bf642baa8a05a837c4f58ea
2022-11-14,699.2,,ft,Approved,,2025-03-11T19:58:39.236615+00:00,1c1f4ede2bf642baa8a05a837c4f58ea
2022-11-15,699.18,,ft,Approved,,2025-03-11T19:58:39.236615+00:00,1c1f4ede2bf642baa8a05a837c4f58ea
2022-11-16,699.15,,ft,Approved,,2025-03-11T19:58:39.236615+00:00,1c1f4ede2bf642baa8a05a837c4f58ea
2022-11-17,699.14,,ft,Approved,,2025-03-11T19:58:39.236615+00:00,1c1f4ede2bf642baa8a05a837c4f58ea
2022-11-18,699.14,,ft,Approved,,2025-03-11T19:58:39.236615+00:00,1c1f4ede2bf642baa8a05a837c4f58ea
2022-11-19,699.16,,ft,Approved,,2025-03-11T19:58:39.236615+00:00,1c1f4ede2bf642baa8a05a837c4f58ea
2022-11-20,699.19,,ft,Approved,,2025-03-11T19:58:39.236615+00:00,1c1f4ede2bf642baa8a05a837c4f58ea
2022-11-21,699.18,,ft,Approved,,2025-03-11T19:58:39.236615+00:00,1c1f4ede2bf642baa8a05a837c4f58ea
2022-11-22,699.2,,ft,Approved,,2025-03-11T19:58:39.236615+00:00,1c1f4ede2bf642baa8a05a837c4f58ea
2022-11-23,699.19,,ft,Approved,,2025-03-11T19:58:39.236615+00:00,1c1f4ede2bf642baa8a05a837c4f58ea
2022-11-24,699.24,,ft,Approved,,2025-03-11T19:58:39.236615+00:00,1c1f4ede2bf642baa8a05a837c4f58ea
2022-11-25,699.3,,ft,Approved,,2025-03-11T19:58:39.236615+00:00,1c1f4ede2bf642baa8a05a837c4f58ea
2022-11-26,699.81,,ft,Approved,,2025-03-11T19:58:39.236615+00:00,1c1f4ede2bf642baa8a05a837c4f58ea
2022-11-27,699.45,,ft,Approved,,2025-03-11T19:58:39.236615+00:00,1c1f4ede2bf642baa8a05a837c4f58ea
2022-11-28,699.31,,ft,Approved,,2025-03-11T19:58:39.236615+00:00,1c1f4ede2bf642baa8a05a837c4f58ea
2022-11-29,699.26,,ft,Approved,,2025-03-11T19:58:39.236615+00:00,1c1f4ede2bf642baa8a05a837c4f58ea
2022-11-30,699.21,,ft,Approved,,2025-03-11T19:58:39.236615+00:00,1c1f4ede2bf642baa8a05a837c4f58ea
2022-12-01,699.18,,ft,Approved,,2025-03-11T19:58:39.236615+00:00,1c1f4ede2bf642baa8a05a837c4f58ea
2022-12-02,699.18,,ft,Approved,,2025-03-11T19:58:39.236615+00:00,1c1f4ede2bf642baa8a05a837c4f58ea
2022-12-03,699.18,,ft,Approved,,2025-03-11T19:58:39.236615+00:00,1c1f4ede2bf642baa8a05a837c4f58ea
2022-12-04,699.16,,ft,Approved,,2025-03-11T19:58:39.236615+00:00,1c1f4ede2bf642baa8a05a837c4f58ea
2022-12-05,699.16,,ft,Approved,,2025-03-11T19:58:39.236615+00:00,1c1f4ede2bf642baa8a05a837c4f58ea
2022-12-06,699.16,,ft,Approved,,2025-03-11T19:58:39.236615+00:00,1c1f4ede2bf642baa8a05a837c4f58ea
2022-12-07,699.16,,ft,Approved,,2025-03-11T19:58:39.236615+00:00,1c1f4ede2bf642baa8a05a837c4f58ea
2022-12-08,699.15,,ft,Approved,,2025-03-11T19:58:39.236615+00:00,1c1f4ede2bf642baa8a05a837c4f58ea
2022-12-09,699.14,,ft,Approved,,2025-03-11T19:58:39.236615+00:00,1c1f4ede2bf642baa8a05a837c4f58ea
2022-12-10,699.14,,ft,Approved,,2025-03-11T19:58:39.236615+00:00,1c1f4ede2bf642baa8a05a837c4f58ea
2022-12-11,699.14,,ft,Approved,,2025-03-11T19:58:39.236615+00:00,1c1f4ede2bf642baa8a05a837c4f58ea
2022-12-12,699.14,,ft,Approved,,2025-03-11T19:58:39.236615+00:00,1c1f4ede2bf642baa8a05a837c4f58ea
2022-12-13,699.14,,ft,Approved,,2025-03-11T19:58:39.236615+00:00,1c1f4ede2bf642baa8a05a837c4f58ea
2022-12-14,699.13,,ft,Approved,,2025-03-11T19:58:39.236615+00:00,1c1f4ede2bf642baa8a05a837c4f58ea
2022-12-15,699.11,,ft,Approved,,2025-03-11T19:58:39.236615+00:00,1c1f4ede2bf642baa8a05a837c4f58ea
2022-12-16,699.1,,ft,Approved,,2025-03-11T19:58:39.236615+00:00,1c1f4ede2bf642baa8a05a837c4f58ea
2022-12-17,699.1,,ft,Approved,,2025-03-11T19:58:39.236615+00:00,1c1f4ede2bf642baa8a05a837c4f58ea
2022-12-18,699.09,,ft,Approved,,2025-03-11T19:58:39.236615+00:00,1c1f4ede2bf642baa8a05a837c4f58ea
2022-12-19,699.19,,ft,Approved,,2025-03-11T19:58:39.236615+00:00,1c1f4ede2bf642baa8a05a837c4f58ea
2022-12-20,699.24,,ft,Approved,,2025-03-11T19:58:39.236615+00:00,1c1f4ede2bf642baa8a05a837c4f58ea
2022-12-21,699.2,,ft,Approved,,2025-03-11T19:58:39.236615+00:00,1c1f4ede2bf642baa8a05a837c4f58ea
2022-12-22,699.18,,ft,Approved,,2025-03-11T19:58:39.236615+00:00,1c1f4ede2bf642baa8a05a837c4f58ea
2022-12-23,699.13,,ft,Approved,,2025-03-11T19:58:39.236615+00:00,1c1f4ede2bf642baa8a05a837c4f58ea
2022-12-24,699.12,,ft,Approved,,2025-03-11T19:58:39.236615+00:00,1c1f4ede2bf642baa8a05a837c4f58ea
2022-12-25,699.13,,ft,Approved,,2025-03-11T19:58:39.236615+00:00,1c1f4ede2bf642baa8a05a837c4f58ea
2022-12-26,699.13,,ft,Approved,,2025-03-11T19:58:39.236615+00:00,1c1f4ede2bf642baa8a05a837c4f58ea
2022-12-27,699.13,,ft,Approved,,2025-03-11T19:58:39.236615+00:00,1c1f4ede2bf642baa8a05a837c4f58ea
2022-12-28,699.13,,ft,Approved,,2025-03-11T19:58:39.236615+00:00,1c1f4ede2bf642baa8a05a837c4f58ea
2022-12-29,699.14,,ft,Approved,,2025-03-11T19:58:39.236615+00:00,1c1f4ede2bf642baa8a05a837c4f58ea
2022-12-30,699.13,,ft,Approved,,2025-03-11T19:58:39.236615+00:00,1c1f4ede2bf642baa8a05a837c4f58ea
2022-12-31,699.13,,ft,Approved,,2025-03-11T19:58:39.236615+00:00,1c1f4ede2bf642baa8a05a837c4f58ea
2023-01-01,699.13,,ft,Approved,,2025-03-11T19:58:39.236615+00:00,1c1f4ede2bf642baa8a05a837c4f58ea
2023-01-02,699.14,,ft,Approved,,2025-03-11T19:58:39.236615+00:00,1c1f4ede2bf642baa8a05a837c4f58ea
2023-01-03,699.14,,ft,Approved,,2025-03-11T19:58:39.236615+00:00,1c1f4ede2bf642baa8a05a837c4f58ea
2023-01-04,699.13,,ft,Approved,,2025-03-11T19:58:39.236615+00:00,1c1f4ede2bf642baa8a05a837c4f58ea
2023-01-05,699.12,,ft,Approved,,2025-03-11T19:58:39.236615+00:00,1c1f4ede2bf642baa8a05a837c4f58ea
2023-01-06,699.11,,ft,Approved,,2025-03-11T19:58:39.236615+00:00,1c1f4ede2bf642baa8a05a837c4f58ea
2023-01-07,699.12,,ft,Approved,,2025-03-11T19:58:39.236615+00:00,1c1f4ede2bf642baa8a05a837c4f58ea
2023-01-08,699.11,,ft,Approved,,2025-03-11T19:58:39.236615+00:00,1c1f4ede2bf642baa8a05a837c4f58ea
2023-01-09,699.1,,ft,Approved,,2025-03-11T19:58:39.236615+00:00,1c1f4ede2bf642baa8a05a837c4f58ea
2023-01-10,699.11,,ft,Approved,,2025-03-11T19:58:39.236615+00:00,1c1f4ede2bf642baa8a05a837c4f58ea
2023-01-11,699.11,,ft,Approved,,2025-03-11T19:58:39.236615+00:00,1c1f4ede2bf642baa8a05a837c4f58ea
2023-01-12,699.1,,ft,Approved,,2025-03-11T19:58:39.236615+00:00,1c1f4ede2bf642baa8a05a837c4f58ea
2023-01-13,699.07,,ft,Approved,,2025-03-11T19:58:39.236615+00:00,1c1f4ede2bf642baa8a05a837c4f58ea
2023-01-14,699.07,,ft,Approved,,2025-03-11T19:58:39.236615+00:00,1c1f4ede2bf642baa8a05a837c4f58ea
2023-01-15,699.07,,ft,Approved,,2025-03-11T19:58:39.236615+00:00,1c1f4ede2bf642baa8a05a837c4f58ea
2023-01-16,699.08,,ft,Approved,,2025-03-11T19:58:39.236615+00:00,1c1f4ede2bf642baa8a05a837c4f58ea
2023-01-17,699.09,,ft,Approved,,2025-03-11T19:58:39.236615+00:00,1c1f4ede2bf642baa8a05a837c4f58ea
2023-01-18,699.09,,ft,Approved,,2025-03-11T19:58:39.236615+00:00,1c1f4ede2bf642baa8a05a837c4f58ea
2023-01-19,699.08,,ft,Approved,,2025-03-11T19:58:39.236615+00:00,1c1f4ede2bf642baa8a05a837c4f58ea
2023-01-20,699.07,,ft,Approved,,2025-03-11T19:58:39.236615+00:00,1c1f4ede2bf642baa8a05a837c4f58ea
2023-01-21,699.07,,ft,Approved,,2025-03-11T19:58:39.236615+00:00,1c1f4ede2bf642baa8a05a837c4f58ea
2023-01-22,699.06,,ft,Approved,,2025-03-11T19:58:39.236615+00:00,1c1f4ede2bf642baa8a05a837c4f58ea
2023-01-23,699.05,,ft,Approved,,2025-03-11T19:58:39.236615+00:00,1c1f4ede2bf642baa8a05a837c4f58ea
2023-01-24,699.15,,ft,Approved,,2025-03-11T19:58:39.236615+00:00,1c1f4ede2bf642baa8a05a837c4f58ea
2023-01-25,699.21,,ft,Approved,,2025-03-11T19:58:39.236615+00:00,1c1f4ede2bf642baa8a05a837c4f58ea
2023-01-26,699.17,,ft,Approved,,2025-03-11T19:58:39.236615+00:00,1c1f4ede2bf642baa8a05a837c4f58ea
2023-01-27,699.16,,ft,Approved,,2025-03-11T19:58:39.236615+00:00,1c1f4ede2bf642baa8a05a837c4f58ea
2023-01-28,699.15,,ft,Approved,,2025-03-11T19:58:39.236615+00:00,1c1f4ede2bf642baa8a05a837c4f58ea
2023-01-29,699.16,,ft,Approved,,2025-03-11T19:58:39.236615+00:00,1c1f4ede2bf642baa8a05a837c4f58ea
2023-01-30,699.14,,ft,Approved,,2025-03-11T19:58:39.236615+00:00,1c1f4ede2bf642baa8a05a837c4f58ea
2023-01-31,699.13,,ft,Approved,,2025-03-11T19:58:39.236615+00:00,1c1f4ede2bf642baa8a05a837c4f58ea
2023-02-01,699.39,,ft,Approved,,2025-03-11T19:58:39.236615+00:00,1c1f4ede2bf642baa8a05a837c4f58ea
2023-02-02,699.64,,ft,Approved,,2025-03-11T19:58:39.236615+00:00,1c1f4ede2bf642baa8a05a837c4f58ea
2023-02-03,699.46,,ft,Approved,,2025-03-11T19:58:39.236615+00:00,1c1f4ede2bf642baa8a05a837c4f58ea
2023-02-04,699.33,,ft,Approved,,2025-03-11T19:58:39.236615+00:00,1c1f4ede2bf642baa8a05a837c4f58ea
2023-02-05,699.28,,ft,Approved,,2025-03-11T19:58:39.236615+00:00,1c1f4ede2bf642baa8a05a837c4f58ea
2023-02-06,699.25,,ft,Approved,,2025-03-11T19:58:39.236615+00:00,1c1f4ede2bf642baa8a05a837c4f58ea
2023-02-07,699.26,,ft,Approved,,2025-03-11T19:58:39.236615+00:00,1c1f4ede2bf642baa8a05a837c4f58ea
2023-02-08,699.51,,ft,Approved,,2025-03-11T19:58:39.236615+00:00,1c1f4ede2bf642baa8a05a837c4f58ea
2023-02-09,699.36,,ft,Approved,,2025-03-11T19:58:39.236615+00:00,1c1f4ede2bf642baa8a05a837c4f58ea
2023-02-10,699.29,,ft,Approved,,2025-03-11T19:58:39.236615+00:00,1c1f4ede2bf642baa8a05a837c4f58ea
2023-02-11,699.24,,ft,Approved,,2025-03-11T19:58:39.236615+00:00,1c1f4ede2bf642baa8a05a837c4f58ea
2023-02-12,699.22,,ft,Approved,,2025-03-11T19:58:39.236615+00:00,1c1f4ede2bf642baa8a05a837c4f58ea
2023-02-13,699.2,,ft,Approved,,2025-03-11T19:58:39.236615+00:00,1c1f4ede2bf642baa8a05a837c4f58ea
2023-02-14,699.2,,ft,Approved,,2025-03-11T19:58:39.236615+00:00,1c1f4ede2bf642baa8a05a837c4f58ea
2023-02-15,699.19,,ft,Approved,,2025-03-11T19:58:39.236615+00:00,1c1f4ede2bf642baa8a05a837c4f58ea
2023-02-16,699.18,,ft,Approved,,2025-03-11T19:58:39.236615+00:00,1c1f4ede2bf642baa8a05a837c4f58ea
2023-02-17,699.15,,ft,Approved,,2025-03-11T19:58:39.236615+00:00,1c1f4ede2bf642baa8a05a837c4f58ea
2023-02-18,699.14,,ft,Approved,,2025-03-11T19:58:39.236615+00:00,1c1f4ede2bf642baa8a05a837c4f58ea
2023-02-19,699.15,,ft,Approved,,2025-03-11T19:58:39.236615+00:00,1c1f4ede2bf642baa8a05a837c4f58ea
2023-02-20,699.15,,ft,Approved,,2025-03-11T19:58:39.236615+00:00,1c1f4ede2bf642baa8a05a837c4f58ea
2023-02-21,699.16,,ft,Approved,,2025-03-11T19:58:39.236615+00:00,1c1f4ede2bf642baa8a05a837c4f58ea
2023-02-22,699.15,,ft,Approved,,2025-03-11T19:58:39.236615+00:00,1c1f4ede2bf642baa8a05a837c4f58ea
2023-02-23,699.14,,ft,Approved,,2025-03-11T19:58:39.236615+00:00,1c1f4ede2bf642baa8a05a837c4f58ea
2023-02-24,699.11,,ft,Approved,,2025-03-11T19:58:39.236615+00:00,1c1f4ede2bf642baa8a05a837c4f58ea
2023-02-25,699.11,,ft,Approved,,2025-03-11T19:58:39.236615+00:00,1c1f4ede2bf642baa8a05a837c4f58ea
2023-02-26,699.12,,ft,Approved,,2025-03-11T19:58:39.236615+00:00,1c1f4ede2bf642baa8a05a837c4f58ea
2023-02-27,699.11,,ft,Approved,,2025-03-11T19:58:39.236615+00:00,1c1f4ede2bf642baa8a05a837c4f58ea
2023-02-28,699.11,,ft,Approved,,2025-03-11T19:58:39.236615+00:00,1c1f4ede2bf642baa8a05a837c4f58ea
2023-03-01,699.12,,ft,Approved,,2025-03-11T19:58:39.236615+00:00,1c1f4ede2bf642baa8a05a837c4f58ea
2023-03-02,699.14,,ft,Approved,,2025-03-11T19:58:39.236615+00:00,1c1f4ede2bf642baa8a05a837c4f58ea
2023-03-03,699.23,,ft,Approved,,2025-03-11T19:58:39.236615+00:00,1c1f4ede2bf642baa8a05a837c4f58ea
2023-03-04,699.18,,ft,Approved,,2025-03-11T19:58:39.236615+00:00,1c1f4ede2bf642baa8a05a837c4f58ea
2023-03-05,699.16,,ft,Approved,,2025-03-11T19:58:39.236615+00:00,1c1f4ede2bf642baa8a05a837c4f58ea
2023-03-06,699.14,,ft,Approved,,2025-03-11T19:58:39.236615+00:00,1c1f4ede2bf642baa8a05a837c4f58ea
2023-03-07,699.14,,ft,Approved,,2025-03-11T19:58:39.236615+00:00,1c1f4ede2bf642baa8a05a837c4f58ea
2023-03-08,699.13,,ft,Approved,,2025-03-11T19:58:39.236615+00:00,1c1f4ede2bf642baa8a05a837c4f58ea
2023-03-09,699.12,,ft,Approved,,2025-03-11T19:58:39.236615+00:00,1c1f4ede2bf642baa8a05a837c4f58ea
2023-03-10,699.12,,ft,Approved,,2025-03-11T19:58:39.236615+00:00,1c1f4ede2bf642baa8a05a837c4f58ea
2023-03-11,699.12,,ft,Approved,,2025-03-11T19:58:39.236615+00:00,1c1f4ede2bf642baa8a05a837c4f58ea
2023-03-12,699.11,,ft,Approved,,2025-03-11T19:58:39.236615+00:00,1c1f4ede2bf642baa8a05a837c4f58ea
2023-03-13,699.08,,ft,Approved,,2025-03-11T19:58:39.236615+00:00,1c1f4ede2bf642baa8a05a837c4f58ea
2023-03-14,699.07,,ft,Approved,,2025-03-11T19:58:39.236615+00:00,1c1f4ede2bf642baa8a05a837c4f58ea
2023-03-15,699.07,,ft,Approved,,2025-03-11T19:58:39.236615+00:00,1c1f4ede2bf642baa8a05a837c4f58ea
2023-03-16,699.08,,ft,Approved,,2025-03-11T19:58:39.236615+00:00,1c1f4ede2bf642baa8a05a837c4f58ea
2023-03-17,699.07,,ft,Approved,,2025-03-11T19:58:39.236615+00:00,1c1f4ede2bf642baa8a05a837c4f58ea
2023-03-18,699.06,,ft,Approved,,2025-03-11T19:58:39.236615+00:00,1c1f4ede2bf642baa8a05a837c4f58ea
2023-03-19,699.06,,ft,Approved,,2025-03-11T19:58:39.236615+00:00,1c1f4ede2bf642baa8a05a837c4f58ea
2023-03-20,699.06,,ft,Approved,,2025-03-11T19:58:39.236615+00:00,1c1f4ede2bf642baa8a05a837c4f58ea
2023-03-21,699.09,,ft,Approved,,2025-03-11T19:58:39.236615+00:00,1c1f4ede2bf642baa8a05a837c4f58ea
2023-03-22,699.14,,ft,Approved,,2025-03-11T19:58:39.236615+00:00,1c1f4ede2bf642baa8a05a837c4f58ea
2023-03-23,699.15,,ft,Approved,,2025-03-11T19:58:39.236615+00:00,1c1f4ede2bf642baa8a05a837c4f58ea
2023-03-24,699.14,,ft,Approved,,2025-03-11T19:58:39.236615+00:00,1c1f4ede2bf642baa8a05a837c4f58ea
2023-03-25,699.13,,ft,Approved,,2025-03-11T19:58:39.236615+00:00,1c1f4ede2bf642baa8a05a837c4f58ea
2023-03-26,699.12,,ft,Approved,,2025-03-11T19:58:39.236615+00:00,1c1f4ede2bf642baa8a05a837c4f58ea
2023-03-27,699.11,,ft,Approved,,2025-03-11T19:58:39.236615+00:00,1c1f4ede2bf642baa8a05a837c4f58ea
2023-03-28,699.09,,ft,Approved,,2025-03-11T19:58:39.236615+00:00,1c1f4ede2bf642baa8a05a837c4f58ea
2023-03-29,699.06,,ft,Approved,,2025-03-11T19:58:39.236615+00:00,1c1f4ede2bf642baa8a05a837c4f58ea
2023-03-30,699.07,,ft,Approved,,2025-03-11T19:58:39.236615+00:00,1c1f4ede2bf642baa8a05a837c4f58ea
2023-03-31,699.08,,ft,Approved,,2025-03-11T19:58:39.236615+00:00,1c1f4ede2bf642baa8a05a837c4f58ea
2023-04-01,699.07,,ft,Approved,,2025-03-11T19:58:39.236615+00:00,1c1f4ede2bf642baa8a05a837c4f58ea
2023-04-02,699.07,,ft,Approved,,2025-03-11T19:58:39.236615+00:00,1c1f4ede2bf642baa8a05a837c4f58ea
2023-04-03,699.08,,ft,Approved,,2025-03-11T19:58:39.236615+00:00,1c1f4ede2bf642baa8a05a837c4f58ea
2023-04-04,699.07,,ft,Approved,,2025-03-11T19:58:39.236615+00:00,1c1f4ede2bf642baa8a05a837c4f58ea
2023-04-05,699.09,,ft,Approved,,2025-03-11T19:58:39.236615+00:00,1c1f4ede2bf642baa8a05a837c4f58ea
2023-04-06,699.26,,ft,Approved,,2025-03-11T19:58:39.236615+00:00,1c1f4ede2bf642baa8a05a837c4f58ea
2023-04-07,699.49,,ft,Approved,,2025-03-11T19:58:39.236615+00:00,1c1f4ede2bf642baa8a05a837c4f58ea
2023-04-08,699.41,,ft,Approved,,2025-03-11T19:58:39.236615+00:00,1c1f4ede2bf642baa8a05a837c4f58ea
2023-04-09,699.3,,ft,Approved,,2025-03-11T19:58:39.236615+00:00,1c1f4ede2bf642baa8a05a837c4f58ea
2023-04-10,699.24,,ft,Approved,,2025-03-11T19:58:39.236615+00:00,1c1f4ede2bf642baa8a05a837c4f58ea
2023-04-11,699.21,,ft,Approved,,2025-03-11T19:58:39.236615+00:00,1c1f4ede2bf642baa8a05a837c4f58ea
2023-04-12,699.19,,ft,Approved,,2025-03-11T19:58:39.236615+00:00,1c1f4ede2bf642baa8a05a837c4f58ea
2023-04-13,699.17,,ft,Approved,,2025-03-11T19:58:39.236615+00:00,1c1f4ede2bf642baa8a05a837c4f58ea
2023-04-14,699.16,,ft,Approved,,2025-03-11T19:58:39.236615+00:00,1c1f4ede2bf642baa8a05a837c4f58ea
2023-04-15,699.15,,ft,Approved,,2025-03-11T19:58:39.236615+00:00,1c1f4ede2bf642baa8a05a837c4f58ea
2023-04-16,699.12,,ft,Approved,,2025-03-11T19:58:39.236615+00:00,1c1f4ede2bf642baa8a05a837c4f58ea
2023-04-17,699.11,,ft,Approved,,2025-03-11T19:58:39.236615+00:00,1c1f4ede2bf642baa8a05a837c4f58ea
2023-04-18,699.11,,ft,Approved,,2025-03-11T19:58:39.236615+00:00,1c1f4ede2bf642baa8a05a837c4f58ea
2023-04-19,699.11,,ft,Approved,,2025-03-11T19:58:39.236615+00:00,1c1f4ede2bf642baa8a05a837c4f58ea
2023-04-20,699.27,,ft,Approved,,2025-03-11T19:58:39.236615+00:00,1c1f4ede2bf642baa8a05a837c4f58ea
2023-04-21,699.64,,ft,Approved,,2025-03-11T19:58:39.236615+00:00,1c1f4ede2bf642baa8a05a837c4f58ea
2023-04-22,699.32,,ft,Approved,,2025-03-11T19:58:39.236615+00:00,1c1f4ede2bf642baa8a05a837c4f58ea
2023-04-23,699.23,,ft,Approved,,2025-03-11T19:58:39.236615+00:00,1c1f4ede2bf642baa8a05a837c4f58ea
2023-04-24,699.19,,ft,Approved,,2025-03-11T19:58:39.236615+00:00,1c1f4ede2bf642baa8a05a837c4f58ea
2023-04-25,699.18,,ft,Approved,,2025-03-11T19:58:39.236615+00:00,1c1f4ede2bf642baa8a05a837c4f58ea
2023-04-26,699.19,,ft,Approved,,2025-03-11T19:58:39.236615+00:00,1c1f4ede2bf642baa8a05a837c4f58ea
2023-04-27,699.39,,ft,Approved,,2025-03-11T19:58:39.236615+00:00,1c1f4ede2bf642baa8a05a837c4f58ea
2023-04-28,699.4,,ft,Approved,,2025-03-11T19:58:39.236615+00:00,1c1f4ede2bf642baa8a05a837c4f58ea
2023-04-29,699.46,,ft,Approved,,2025-03-11T19:58:39.236615+00:00,1c1f4ede2bf642baa8a05a837c4f58ea
2023-04-30,699.29,,ft,Approved,,2025-03-11T19:58:39.236615+00:00,1c1f4ede2bf642baa8a05a837c4f58ea
2023-05-01,699.22,,ft,Approved,,2025-03-11T19:58:39.236615+00:00,1c1f4ede2bf642baa8a05a837c4f58ea
2023-05-02,699.19,,ft,Approved,,2025-03-11T19:58:39.236615+00:00,1c1f4ede2bf642baa8a05a837c4f58ea
2023-05-03,699.18,,ft,Approved,,2025-03-11T19:58:39.236615+00:00,1c1f4ede2bf642baa8a05a837c4f58ea
2023-05-04,699.17,,ft,Approved,,2025-03-11T19:58:39.236615+00:00,1c1f4ede2bf642baa8a05a837c4f58ea
2023-05-05,699.16,,ft,Approved,,2025-03-11T19:58:39.236615+00:00,1c1f4ede2bf642baa8a05a837c4f58ea
2023-05-06,699.24,,ft,Approved,,2025-03-11T19:58:39.236615+00:00,1c1f4ede2bf642baa8a05a837c4f58ea
2023-05-07,699.19,,ft,Approved,,2025-03-11T19:58:39.236615+00:00,1c1f4ede2bf642baa8a05a837c4f58ea
2023-05-08,699.15,,ft,Approved,,2025-03-11T19:58:39.236615+00:00,1c1f4ede2bf642baa8a05a837c4f58ea
2023-05-09,699.13,,ft,Approved,,2025-03-11T19:58:39.236615+00:00,1c1f4ede2bf642baa8a05a837c4f58ea
2023-05-10,699.17,,ft,Approved,,2025-03-11T19:58:39.236615+00:00,1c1f4ede2bf642baa8a05a837c4f58ea
2023-05-11,699.16,,ft,Approved,,2025-03-11T19:58:39.236615+00:00,1c1f4ede2bf642baa8a05a837c4f58ea
2023-05-12,699.14,,ft,Approved,,2025-03-11T19:58:39.236615+00:00,1c1f4ede2bf642baa8a05a837c4f58ea
2023-05-13,699.62,,ft,Approved,,2025-03-11T19:58:39.236615+00:00,1c1f4ede2bf642baa8a05a837c4f58ea
2023-05-14,699.44,,ft,Approved,,2025-03-11T19:58:39.236615+00:00,1c1f4ede2bf642baa8a05a837c4f58ea
2023-05-15,699.32,,ft,Approved,,2025-03-11T19:58:39.236615+00:00,1c1f4ede2bf642baa8a05a837c4f58ea
2023-05-16,699.25,,ft,Approved,,2025-03-11T19:58:39.236615+00:00,1c1f4ede2bf642baa8a05a837c4f58ea
2023-05-17,699.21,,ft,Approved,,2025-03-11T19:58:39.236615+00:00,1c1f4ede2bf642baa8a05a837c4f58ea
2023-05-18,699.18,,ft,Approved,,2025-03-11T19:58:39.236615+00:00,1c1f4ede2bf642baa8a05a837c4f58ea
2023-05-19,699.16,,ft,Approved,,2025-03-11T19:58:39.236615+00:00,1c1f4ede2bf642baa8a05a837c4f58ea
2023-05-20,699.19,,ft,Approved,,2025-03-11T19:58:39.236615+00:00,1c1f4ede2bf642baa8a05a837c4f58ea
2023-05-21,699.17,,ft,Approved,,2025-03-11T19:58:39.236615+00:00,1c1f4ede2bf642baa8a05a837c4f58ea
2023-05-22,699.15,,ft,Approved,,2025-03-11T19:58:39.236615+00:00,1c1f4ede2bf642baa8a05a837c4f58ea
2023-05-23,699.13,,ft,Approved,,2025-03-11T19:58:39.236615+00:00,1c1f4ede2bf642baa8a05a837c4f58ea
2023-05-24,699.25,,ft,Approved,,2025-03-11T19:58:39.236615+00:00,1c1f4ede2bf642baa8a05a837c4f58ea
2023-05-25,699.22,,ft,Approved,,2025-03-11T19:58:39.236615+00:00,1c1f4ede2bf642baa8a05a837c4f58ea
2023-05-26,699.18,,ft,Approved,,2025-03-11T19:58:39.236615+00:00,1c1f4ede2bf642baa8a05a837c4f58ea
2023-05-27,699.16,,ft,Approved,,2025-03-11T19:58:39.236615+00:00,1c1f4ede2bf642baa8a05a837c4f58ea
2023-05-28,699.14,,ft,Approved,,2025-03-11T19:58:39.236615+00:00,1c1f4ede2bf642baa8a05a837c4f58ea
2023-05-29,699.13,,ft,Approved,,2025-03-11T19:58:39.236615+00:00,1c1f4ede2bf642baa8a05a837c4f58ea
2023-05-30,699.12,,ft,Approved,,2025-03-11T19:58:39.236615+00:00,1c1f4ede2bf642baa8a05a837c4f58ea
2023-05-31,699.11,,ft,Approved,,2025-03-11T19:58:39.236615+00:00,1c1f4ede2bf642baa8a05a837c4f58ea
2023-06-01,699.09,,ft,Approved,,2025-03-11T19:58:39.236615+00:00,1c1f4ede2bf642baa8a05a837c4f58ea
2023-06-02,699.08,,ft,Approved,,2025-03-11T19:58:39.236615+00:00,1c1f4ede2bf642baa8a05a837c4f58ea
2023-06-03,699.07,,ft,Approved,,2025-03-11T19:58:39.236615+00:00,1c1f4ede2bf642baa8a05a837c4f58ea
2023-06-04,699.05,,ft,Approved,,2025-03-11T19:58:39.236615+00:00,1c1f4ede2bf642baa8a05a837c4f58ea
2023-06-05,699.05,,ft,Approved,,2025-03-11T19:58:39.236615+00:00,1c1f4ede2bf642baa8a05a837c4f58ea
2023-06-06,699.06,,ft,Approved,,2025-03-11T19:58:39.236615+00:00,1c1f4ede2bf642baa8a05a837c4f58ea
2023-06-07,699.06,,ft,Approved,,2025-03-11T19:58:39.236615+00:00,1c1f4ede2bf642baa8a05a837c4f58ea
2023-06-08,699.05,,ft,Approved,,2025-03-11T19:58:39.236615+00:00,1c1f4ede2bf642baa8a05a837c4f58ea
2023-06-09,699.04,,ft,Approved,,2025-03-11T19:58:39.236615+00:00,1c1f4ede2bf642baa8a05a837c4f58ea
2023-06-10,699.03,,ft,Approved,,2025-03-11T19:58:39.236615+00:00,1c1f4ede2bf642baa8a05a837c4f58ea
2023-06-11,699.0,,ft,Approved,,2025-03-11T19:58:39.236615+00:00,1c1f4ede2bf642baa8a05a837c4f58ea
2023-06-12,698.98,,ft,Approved,,2025-03-11T19:58:39.236615+00:00,1c1f4ede2bf642baa8a05a837c4f58ea
2023-06-13,698.96,,ft,Approved,,2025-03-11T19:58:39.236615+00:00,1c1f4ede2bf642baa8a05a837c4f58ea
2023-06-14,698.94,,ft,Approved,,2025-03-11T19:58:39.236615+00:00,1c1f4ede2bf642baa8a05a837c4f58ea
2023-06-15,698.92,,ft,Approved,,2025-03-11T19:58:39.236615+00:00,1c1f4ede2bf642baa8a05a837c4f58ea
2023-06-16,698.9,,ft,Approved,,2025-03-11T19:58:39.236615+00:00,1c1f4ede2bf642baa8a05a837c4f58ea
2023-06-17,698.89,,ft,Approved,,2025-03-11T19:58:39.236615+00:00,1c1f4ede2bf642baa8a05a837c4f58ea
2023-06-18,698.87,,ft,Approved,,2025-03-11T19:58:39.236615+00:00,1c1f4ede2bf642baa8a05a837c4f58ea
2023-06-19,698.84,,ft,Approved,,2025-03-11T19:58:39.236615+00:00,1c1f4ede2bf642baa8a05a837c4f58ea
2023-06-20,698.82,,ft,Approved,,2025-03-11T19:58:39.236615+00:00,1c1f4ede2bf642baa8a05a837c4f58ea
2023-06-21,698.79,,ft,Approved,,2025-03-11T19:58:39.236615+00:00,1c1f4ede2bf642baa8a05a837c4f58ea
2023-06-22,698.77,,ft,Approved,,2025-03-11T19:58:39.236615+00:00,1c1f4ede2bf642baa8a05a837c4f58ea
2023-06-23,698.74,,ft,Approved,,2025-03-11T19:58:39.236615+00:00,1c1f4ede2bf642baa8a05a837c4f58ea
2023-06-24,698.72,,ft,Approved,,2025-03-11T19:58:39.236615+00:00,1c1f4ede2bf642baa8a05a837c4f58ea
2023-06-25,698.68,,ft,Approved,,2025-03-11T19:58:39.236615+00:00,1c1f4ede2bf642baa8a05a837c4f58ea
2023-06-26,698.65,,ft,Approved,,2025-03-11T19:58:39.236615+00:00,1c1f4ede2bf642baa8a05a837c4f58ea
2023-06-27,698.61,,ft,Approved,,2025-03-11T19:58:39.236615+00:00,1c1f4ede2bf642baa8a05a837c4f58ea
2023-06-28,698.57,,ft,Approved,,2025-03-11T19:58:39.236615+00:00,1c1f4ede2bf642baa8a05a837c4f58ea
2023-06-29,698.54,,ft,Approved,,2025-03-11T19:58:39.236615+00:00,1c1f4ede2bf642baa8a05a837c4f58ea
2023-06-30,698.5,,ft,Approved,,2025-03-11T19:58:39.236615+00:00,1c1f4ede2bf642baa8a05a837c4f58ea
2023-07-01,698.47,,ft,Approved,,2025-03-11T19:58:39.236615+00:00,1c1f4ede2bf642baa8a05a837c4f58ea
2023-07-02,698.44,,ft,Approved,,2025-03-11T19:58:39.236615+00:00,1c1f4ede2bf642baa8a05a837c4f58ea
2023-07-03,698.42,,ft,Approved,,2025-03-11T19:58:39.236615+00:00,1c1f4ede2bf642baa8a05a837c4f58ea
2023-07-04,698.39,,ft,Approved,,2025-03-11T19:58:39.236615+00:00,1c1f4ede2bf642baa8a05a837c4f58ea
2023-07-05,698.36,,ft,Approved,,2025-03-11T19:58:39.236615+00:00,1c1f4ede2bf642baa8a05a837c4f58ea
2023-07-06,698.33,,ft,Approved,,2025-03-11T19:58:39.236615+00:00,1c1f4ede2bf642baa8a05a837c4f58ea
2023-07-07,698.31,,ft,Approved,,2025-03-11T19:58:39.236615+00:00,1c1f4ede2bf642baa8a05a837c4f58ea
2023-07-08,698.28,,ft,Approved,,2025-03-11T19:58:39.236615+00:00,1c1f4ede2bf642baa8a05a837c4f58ea
2023-07-09,698.24,,ft,Approved,,2025-03-11T19:58:39.236615+00:00,1c1f4ede2bf642baa8a05a837c4f58ea
2023-07-10,698.21,,ft,Approved,,2025-03-11T19:58:39.236615+00:00,1c1f4ede2bf642baa8a05a837c4f58ea
2023-07-11,698.17,,ft,Approved,,2025-03-11T19:58:39.236615+00:00,1c1f4ede2bf642baa8a05a837c4f58ea
2023-07-12,698.13,,ft,Approved,,2025-03-11T19:58:39.236615+00:00,1c1f4ede2bf642baa8a05a837c4f58ea
2023-07-13,698.09,,ft,Approved,,2025-03-11T19:58:39.236615+00:00,1c1f4ede2bf642baa8a05a837c4f58ea
2023-07-14,698.06,,ft,Approved,,2025-03-11T19:58:39.236615+00:00,1c1f4ede2bf642baa8a05a837c4f58ea
2023-07-15,698.02,,ft,Approved,,2025-03-11T19:58:39.236615+00:00,1c1f4ede2bf642baa8a05a837c4f58ea
2023-07-16,697.99,,ft,Approved,,2025-03-11T19:58:39.236615+00:00,1c1f4ede2bf642baa8a05a837c4f58ea
2023-07-17,697.95,,ft,Approved,,2025-03-11T19:58:39.236615+00:00,1c1f4ede2bf642baa8a05a837c4f58ea
2023-07-18,697.91,,ft,Approved,,2025-03-11T19:58:39.236615+00:00,1c1f4ede2bf642baa8a05a837c4f58ea
2023-07-19,697.88,,ft,Approved,,2025-03-11T19:58:39.236615+00:00,1c1f4ede2bf642baa8a05a837c4f58ea
2023-07-20,697.85,,ft,Approved,,2025-03-11T19:58:39.236615+00:00,1c1f4ede2bf642baa8a05a837c4f58ea
2023-07-21,697.81,,ft,Approved,,2025-03-11T19:58:39.236615+00:00,1c1f4ede2bf642baa8a05a837c4f58ea
2023-07-22,697.79,,ft,Approved,,2025-03-11T19:58:39.236615+00:00,1c1f4ede2bf642baa8a05a837c4f58ea
2023-07-23,697.75,,ft,Approved,,2025-03-11T19:58:39.236615+00:00,1c1f4ede2bf642baa8a05a837c4f58ea
2023-07-24,697.72,,ft,Approved,,2025-03-11T19:58:39.236615+00:00,1c1f4ede2bf642baa8a05a837c4f58ea
2023-07-25,697.7,,ft,Approved,,2025-03-11T19:58:39.236615+00:00,1c1f4ede2bf642baa8a05a837c4f58ea
2023-07-26,697.67,,ft,Approved,,2025-03-11T19:58:39.236615+00:00,1c1f4ede2bf642baa8a05a837c4f58ea
2023-07-27,697.64,,ft,Approved,,2025-03-11T19:58:39.236615+00:00,1c1f4ede2bf642baa8a05a837c4f58ea
2023-07-28,697.62,,ft,Approved,,2025-03-11T19:58:39.236615+00:00,1c1f4ede2bf642baa8a05a837c4f58ea
2023-07-29,697.59,,ft,Approved,,2025-03-11T19:58:39.236615+00:00,1c1f4ede2bf642baa8a05a837c4f58ea
2023-07-30,697.56,,ft,Approved,,2025-03-11T19:58:39.236615+00:00,1c1f4ede2bf642baa8a05a837c4f58ea
2023-07-31,697.54,,ft,Approved,,2025-03-11T19:58:39.236615+00:00,1c1f4ede2bf642baa8a05a837c4f58ea
2023-08-01,697.51,,ft,Approved,,2025-03-11T19:58:39.236615+00:00,1c1f4ede2bf642baa8a05a837c4f58ea
2023-08-02,697.48,,ft,Approved,,2025-03-11T19:58:39.236615+00:00,1c1f4ede2bf642baa8a05a837c4f58ea
2023-08-03,697.45,,ft,Approved,,2025-03-11T19:58:39.236615+00:00,1c1f4ede2bf642baa8a05a837c4f58ea
2023-08-04,697.42,,ft,Approved,,2025-03-11T19:58:39.236615+00:00,1c1f4ede2bf642baa8a05a837c4f58ea
2023-08-05,697.39,,ft,Approved,,2025-03-11T19:58:39.236615+00:00,1c1f4ede2bf642baa8a05a837c4f58ea
2023-08-06,697.36,,ft,Approved,,2025-03-11T19:58:39.236615+00:00,1c1f4ede2bf642baa8a05a837c4f58ea
2023-08-07,697.33,,ft,Approved,,2025-03-11T19:58:39.236615+00:00,1c1f4ede2bf642baa8a05a837c4f58ea
2023-08-08,697.3,,ft,Approved,,2025-03-11T19:58:39.236615+00:00,1c1f4ede2bf642baa8a05a837c4f58ea
2023-08-09,697.26,,ft,Approved,,2025-03-11T19:58:39.236615+00:00,1c1f4ede2bf642baa8a05a837c4f58ea
2023-08-10,697.24,,ft,Approved,,2025-03-11T19:58:39.236615+00:00,1c1f4ede2bf642baa8a05a837c4f58ea
2023-08-11,697.21,,ft,Approved,,2025-03-11T19:58:39.236615+00:00,1c1f4ede2bf642baa8a05a837c4f58ea
2023-08-12,697.18,,ft,Approved,,2025-03-11T19:58:39.236615+00:00,1c1f4ede2bf642baa8a05a837c4f58ea
2023-08-13,697.15,,ft,Approved,,2025-03-11T19:58:39.236615+00:00,1c1f4ede2bf642baa8a05a837c4f58ea
2023-08-14,697.13,,ft,Approved,,2025-03-11T19:58:39.236615+00:00,1c1f4ede2bf642baa8a05a837c4f58ea
2023-08-15,697.09,,ft,Approved,,2025-03-11T19:58:39.236615+00:00,1c1f4ede2bf642baa8a05a837c4f58ea
2023-08-16,697.06,,ft,Approved,,2025-03-11T19:58:39.236615+00:00,1c1f4ede2bf642baa8a05a837c4f58ea
2023-08-17,697.03,,ft,Approved,,2025-03-11T19:58:39.236615+00:00,1c1f4ede2bf642baa8a05a837c4f58ea
2023-08-18,697.0,,ft,Approved,,2025-03-11T19:58:39.236615+00:00,1c1f4ede2bf642baa8a05a837c4f58ea
2023-08-19,696.96,,ft,Approved,,2025-03-11T19:58:39.236615+00:00,1c1f4ede2bf642baa8a05a837c4f58ea
2023-08-20,696.93,,ft,Approved,,2025-03-11T19:58:39.236615+00:00,1c1f4ede2bf642baa8a05a837c4f58ea
2023-08-21,696.9,,ft,Approved,,2025-03-11T19:58:39.236615+00:00,1c1f4ede2bf642baa8a05a837c4f58ea
2023-08-22,696.88,,ft,Approved,,2025-03-11T19:58:39.236615+00:00,1c1f4ede2bf642baa8a05a837c4f58ea
2023-08-23,696.86,,ft,Approved,,2025-03-11T19:58:39.236615+00:00,1c1f4ede2bf642baa8a05a837c4f58ea
2023-08-24,696.83,,ft,Approved,,2025-03-11T19:58:39.236615+00:00,1c1f4ede2bf642baa8a05a837c4f58ea
2023-08-25,696.81,,ft,Approved,,2025-03-11T19:58:39.236615+00:00,1c1f4ede2bf642baa8a05a837c4f58ea
2023-08-26,696.78,,ft,Approved,,2025-03-11T19:58:39.236615+00:00,1c1f4ede2bf642baa8a05a837c4f58ea
2023-08-27,696.75,,ft,Approved,,2025-03-11T19:58:39.236615+00:00,1c1f4ede2bf642baa8a05a837c4f58ea
2023-08-28,696.72,,ft,Approved,,2025-03-11T19:58:39.236615+00:00,1c1f4ede2bf642baa8a05a837c4f58ea
2023-08-29,696.7,,ft,Approved,,2025-03-11T19:58:39.236615+00:00,1c1f4ede2bf642baa8a05a837c4f58ea
2023-08-30,696.68,,ft,Approved,,2025-03-11T19:58:39.236615+00:00,1c1f4ede2bf642baa8a05a837c4f58ea
2023-08-31,696.67,,ft,Approved,,2025-03-11T19:58:39.236615+00:00,1c1f4ede2bf642baa8a05a837c4f58ea
2023-09-01,696.65,,ft,Approved,,2025-03-11T19:58:39.236615+00:00,1c1f4ede2bf642baa8a05a837c4f58ea
2023-09-02,696.64,,ft,Approved,,2025-03-11T19:58:39.236615+00:00,1c1f4ede2bf642baa8a05a837c4f58ea
2023-09-03,696.62,,ft,Approved,,2025-03-11T19:58:39.236615+00:00,1c1f4ede2bf642baa8a05a837c4f58ea
2023-09-04,696.6,,ft,Approved,,2025-03-11T19:58:39.236615+00:00,1c1f4ede2bf642baa8a05a837c4f58ea
2023-09-05,696.58,,ft,Approved,,2025-03-11T19:58:39.236615+00:00,1c1f4ede2bf642baa8a05a837c4f58ea
2023-09-06,696.55,,ft,Approved,,2025-03-11T19:58:39.236615+00:00,1c1f4ede2bf642baa8a05a837c4f58ea
2023-09-07,696.53,,ft,Approved,,2025-03-11T19:58:39.236615+00:00,1c1f4ede2bf642baa8a05a837c4f58ea
2023-09-08,696.5,,ft,Approved,,2025-03-11T19:58:39.236615+00:00,1c1f4ede2bf642baa8a05a837c4f58ea
2023-09-09,696.47,,ft,Approved,,2025-03-11T19:58:39.236615+00:00,1c1f4ede2bf642baa8a05a837c4f58ea
2023-09-10,696.43,,ft,Approved,,2025-03-11T19:58:39.236615+00:00,1c1f4ede2bf642baa8a05a837c4f58ea
2023-09-11,696.4,,ft,Approved,,2025-03-11T19:58:39.236615+00:00,1c1f4ede2bf642baa8a05a837c4f58ea
2023-09-12,696.38,,ft,Approved,,2025-03-11T19:58:39.236615+00:00,1c1f4ede2bf642baa8a05a837c4f58ea
2023-09-13,696.36,,ft,Approved,,2025-03-11T19:58:39.236615+00:00,1c1f4ede2bf642baa8a05a837c4f58ea
2023-09-14,696.46,,ft,Approved,,2025-03-11T19:58:39.236615+00:00,1c1f4ede2bf642baa8a05a837c4f58ea
2023-09-15,696.51,,ft,Approved,,2025-03-11T19:58:39.236615+00:00,1c1f4ede2bf642baa8a05a837c4f58ea
2023-09-16,696.73,,ft,Approved,,2025-03-11T19:58:39.236615+00:00,1c1f4ede2bf642baa8a05a837c4f58ea
2023-09-17,696.99,,ft,Approved,,2025-03-11T19:58:39.236615+00:00,1c1f4ede2bf642baa8a05a837c4f58ea
2023-09-18,697.0,,ft,Approved,,2025-03-11T19:58:39.236615+00:00,1c1f4ede2bf642baa8a05a837c4f58ea
2023-09-19,697.0,,ft,Approved,,2025-03-11T19:58:39.236615+00:00,1c1f4ede2bf642baa8a05a837c4f58ea
2023-09-20,696.99,,ft,Approved,,2025-03-11T19:58:39.236615+00:00,1c1f4ede2bf642baa8a05a837c4f58ea
2023-09-21,696.97,,ft,Approved,,2025-03-11T19:58:39.236615+00:00,1c1f4ede2bf642baa8a05a837c4f58ea
2023-09-22,696.95,,ft,Approved,,2025-03-11T19:58:39.236615+00:00,1c1f4ede2bf642baa8a05a837c4f58ea
2023-09-23,696.94,,ft,Approved,,2025-03-11T19:58:39.236615+00:00,1c1f4ede2bf642baa8a05a837c4f58ea
2023-09-24,696.93,,ft,Approved,,2025-03-11T19:58:39.236615+00:00,1c1f4ede2bf642baa8a05a837c4f58ea
2023-09-25,696.98,,ft,Approved,,2025-03-11T19:58:39.236615+00:00,1c1f4ede2bf642baa8a05a837c4f58ea
2023-09-26,696.98,,ft,Approved,,2025-03-11T19:58:39.236615+00:00,1c1f4ede2bf642baa8a05a837c4f58ea
2023-09-27,696.97,,ft,Approved,,2025-03-11T19:58:39.236615+00:00,1c1f4ede2bf642baa8a05a837c4f58ea
2023-09-28,696.96,,ft,Approved,,2025-03-11T19:58:39.236615+00:00,1c1f4ede2bf642baa8a05a837c4f58ea
2023-09-29,696.94,,ft,Approved,,2025-03-11T19:58:39.236615+00:00,1c1f4ede2bf642baa8a05a837c4f58ea
2023-09-30,696.92,,ft,Approved,,2025-03-11T19:58:39.236615+00:00,1c1f4ede2bf642baa8a05a837c4f58ea
2023-10-01,696.9,,ft,Approved,,2025-03-11T19:58:39.236615+00:00,1c1f4ede2bf642baa8a05a837c4f58ea
2023-10-02,696.88,,ft,Approved,,2025-03-11T19:58:39.236615+00:00,1c1f4ede2bf642baa8a05a837c4f58ea
2023-10-03,696.87,,ft,Approved,,2025-03-11T19:58:39.236615+00:00,1c1f4ede2bf642baa8a05a837c4f58ea
2023-10-04,696.85,,ft,Approved,,2025-03-11T19:58:39.236615+00:00,1c1f4ede2bf642baa8a05a837c4f58ea
2023-10-05,697.37,,ft,Approved,,2025-03-11T19:58:39.236615+00:00,1c1f4ede2bf642baa8a05a837c4f58ea
2023-10-06,697.6,,ft,Approved,,2025-03-11T19:58:39.236615+00:00,1c1f4ede2bf642baa8a05a837c4f58ea
2023-10-07,697.6,,ft,Approved,,2025-03-11T19:58:39.236615+00:00,1c1f4ede2bf642baa8a05a837c4f58ea
2023-10-08,697.59,,ft,Approved,,2025-03-11T19:58:39.236615+00:00,1c1f4ede2bf642baa8a05a837c4f58ea
2023-10-09,697.59,,ft,Approved,,2025-03-11T19:58:39.236615+00:00,1c1f4ede2bf642baa8a05a837c4f58ea
2023-10-10,697.59,,ft,Approved,,2025-03-11T19:58:39.236615+00:00,1c1f4ede2bf642baa8a05a837c4f58ea
2023-10-11,697.59,,ft,Approved,,2025-03-11T19:58:39.236615+00:00,1c1f4ede2bf642baa8a05a837c4f58ea
2023-10-12,697.59,,ft,Approved,,2025-03-11T19:58:39.236615+00:00,1c1f4ede2bf642baa8a05a837c4f58ea
2023-10-13,697.59,,ft,Approved,,2025-03-11T19:58:39.236615+00:00,1c1f4ede2bf642baa8a05a837c4f58ea
2023-10-14,697.58,,ft,Approved,,2025-03-11T19:58:39.236615+00:00,1c1f4ede2bf642baa8a05a837c4f58ea
2023-10-15,697.56,,ft,Approved,,2025-03-11T19:58:39.236615+00:00,1c1f4ede2bf642baa8a05a837c4f58ea
2023-10-16,697.54,,ft,Approved,,2025-03-11T19:58:39.236615+00:00,1c1f4ede2bf642baa8a05a837c4f58ea
2023-10-17,697.52,,ft,Approved,,2025-03-11T19:58:39.236615+00:00,1c1f4ede2bf642baa8a05a837c4f58ea
2023-10-18,697.52,,ft,Approved,,2025-03-11T19:58:39.236615+00:00,1c1f4ede2bf642baa8a05a837c4f58ea
2023-10-19,697.51,,ft,Approved,,2025-03-11T19:58:39.236615+00:00,1c1f4ede2bf642baa8a05a837c4f58ea
2023-10-20,697.5,,ft,Approved,,2025-03-11T19:58:39.236615+00:00,1c1f4ede2bf642baa8a05a837c4f58ea
2023-10-21,697.49,,ft,Approved,,2025-03-11T19:58:39.236615+00:00,1c1f4ede2bf642baa8a05a837c4f58ea
2023-10-22,697.49,,ft,Approved,,2025-03-11T19:58:39.236615+00:00,1c1f4ede2bf642baa8a05a837c4f58ea
2023-10-23,697.64,,ft,Approved,,2025-03-11T19:58:39.236615+00:00,1c1f4ede2bf642baa8a05a837c4f58ea
2023-10-24,697.97,,ft,Approved,,2025-03-11T19:58:39.236615+00:00,1c1f4ede2bf642baa8a05a837c4f58ea
2023-10-25,698.11,,ft,Approved,,2025-03-11T19:58:39.236615+00:00,1c1f4ede2bf642baa8a05a837c4f58ea
2023-10-26,699.7,,ft,Approved,,2025-03-11T19:58:39.236615+00:00,1c1f4ede2bf642baa8a05a837c4f58ea
2023-10-27,699.65,,ft,Approved,,2025-03-11T19:58:39.236615+00:00,1c1f4ede2bf642baa8a05a837c4f58ea
2023-10-28,699.36,,ft,Approved,,2025-03-11T19:58:39.236615+00:00,1c1f4ede2bf642baa8a05a837c4f58ea
2023-10-29,699.27,,ft,Approved,,2025-03-11T19:58:39.236615+00:00,1c1f4ede2bf642baa8a05a837c4f58ea
2023-10-30,699.33,,ft,Approved,,2025-03-11T19:58:39.236615+00:00,1c1f4ede2bf642baa8a05a837c4f58ea
2023-10-31,699.29,,ft,Approved,,2025-03-11T19:58:39.236615+00:00,1c1f4ede2bf642baa8a05a837c4f58ea
2023-11-01,699.23,,ft,Approved,,2025-03-11T19:58:39.236615+00:00,1c1f4ede2bf642baa8a05a837c4f58ea
2023-11-02,699.2,,ft,Approved,,2025-03-11T19:58:39.236615+00:00,1c1f4ede2bf642baa8a05a837c4f58ea
2023-11-03,699.19,,ft,Approved,,2025-03-11T19:58:39.236615+00:00,1c1f4ede2bf642baa8a05a837c4f58ea
2023-11-04,699.18,,ft,Approved,,2025-03-11T19:58:39.236615+00:00,1c1f4ede2bf642baa8a05a837c4f58ea
2023-11-05,699.17,,ft,Approved,,2025-03-11T19:58:39.236615+00:00,1c1f4ede2bf642baa8a05a837c4f58ea
2023-11-06,699.16,,ft,Approved,,2025-03-11T19:58:39.236615+00:00,1c1f4ede2bf642baa8a05a837c4f58ea
2023-11-07,699.16,,ft,Approved,,2025-03-11T19:58:39.236615+00:00,1c1f4ede2bf642baa8a05a837c4f58ea
2023-11-08,699.15,,ft,Approved,,2025-03-11T19:58:39.236615+00:00,1c1f4ede2bf642baa8a05a837c4f58ea
2023-11-09,699.16,,ft,Approved,,2025-03-11T19:58:39.236615+00:00,1c1f4ede2bf642baa8a05a837c4f58ea
2023-11-10,699.43,,ft,Approved,,2025-03-11T19:58:39.236615+00:00,1c1f4ede2bf642baa8a05a837c4f58ea
2023-11-11,699.33,,ft,Approved,,2025-03-11T19:58:39.236615+00:00,1c1f4ede2bf642baa8a05a837c4f58ea
2023-11-12,699.27,,ft,Approved,,2025-03-11T19:58:39.236615+00:00,1c1f4ede2bf642baa8a05a837c4f58ea
2023-11-13,699.24,,ft,Approved,,2025-03-11T19:58:39.236615+00:00,1c1f4ede2bf642baa8a05a837c4f58ea
2023-11-14,699.21,,ft,Approved,,2025-03-11T19:58:39.236615+00:00,1c1f4ede2bf642baa8a05a837c4f58ea
2023-11-15,699.19,,ft,Approved,,2025-03-11T19:58:39.236615+00:00,1c1f4ede2bf642baa8a05a837c4f58ea
2023-11-16,699.17,,ft,Approved,,2025-03-11T19:58:39.236615+00:00,1c1f4ede2bf642baa8a05a837c4f58ea
2023-11-17,699.17,,ft,Approved,,2025-03-11T19:58:39.236615+00:00,1c1f4ede2bf642baa8a05a837c4f58ea
2023-11-18,699.16,,ft,Approved,,2025-03-11T19:58:39.236615+00:00,1c1f4ede2bf642baa8a05a837c4f58ea
2023-11-19,699.15,,ft,Approved,,2025-03-11T19:58:39.236615+00:00,1c1f4ede2bf642baa8a05a837c4f58ea
2023-11-20,699.16,,ft,Approved,,2025-03-11T19:58:39.236615+00:00,1c1f4ede2bf642baa8a05a837c4f58ea
2023-11-21,699.13,,ft,Approved,,2025-03-11T19:58:39.236615+00:00,1c1f4ede2bf642baa8a05a837c4f58ea
2023-11-22,699.12,,ft,Approved,,2025-03-11T19:58:39.236615+00:00,1c1f4ede2bf642baa8a05a837c4f58ea
2023-11-23,699.12,,ft,Approved,,2025-03-11T19:58:39.236615+00:00,1c1f4ede2bf642baa8a05a837c4f58ea
2023-11-24,699.12,,ft,Approved,,2025-03-11T19:58:39.236615+00:00,1c1f4ede2bf642baa8a05a837c4f58ea
2023-11-25,699.12,,ft,Approved,,2025-03-11T19:58:39.236615+00:00,1c1f4ede2bf642baa8a05a837c4f58ea
2023-11-26,699.12,,ft,Approved,,2025-03-11T19:58:39.236615+00:00,1c1f4ede2bf642baa8a05a837c4f58ea
2023-11-27,699.1,,ft,Approved,,2025-03-11T19:58:39.236615+00:00,1c1f4ede2bf642baa8a05a837c4f58ea
2023-11-28,699.11,,ft,Approved,,2025-03-11T19:58:39.236615+00:00,1c1f4ede2bf642baa8a05a837c4f58ea
2023-11-29,699.11,,ft,Approved,,2025-03-11T19:58:39.236615+00:00,1c1f4ede2bf642baa8a05a837c4f58ea
2023-11-30,699.14,,ft,Approved,,2025-03-11T19:58:39.236615+00:00,1c1f4ede2bf642baa8a05a837c4f58ea
2023-12-01,699.14,,ft,Approved,,2025-03-11T19:58:39.236615+00:00,1c1f4ede2bf642baa8a05a837c4f58ea
2023-12-02,699.13,,ft,Approved,,2025-03-11T19:58:39.236615+00:00,1c1f4ede2bf642baa8a05a837c4f58ea
2023-12-03,699.13,,ft,Approved,,2025-03-11T19:58:39.236615+00:00,1c1f4ede2bf642baa8a05a837c4f58ea
2023-12-04,699.11,,ft,Approved,,2025-03-11T19:58:39.236615+00:00,1c1f4ede2bf642baa8a05a837c4f58ea
2023-12-05,699.11,,ft,Approved,,2025-03-11T19:58:39.236615+00:00,1c1f4ede2bf642baa8a05a837c4f58ea
2023-12-06,699.11,,ft,Approved,,2025-03-11T19:58:39.236615+00:00,1c1f4ede2bf642baa8a05a837c4f58ea
2023-12-07,699.11,,ft,Approved,,2025-03-11T19:58:39.236615+00:00,1c1f4ede2bf642baa8a05a837c4f58ea
2023-12-08,699.12,,ft,Approved,,2025-03-11T19:58:39.236615+00:00,1c1f4ede2bf642baa8a05a837c4f58ea
2023-12-09,699.12,,ft,Approved,,2025-03-11T19:58:39.236615+00:00,1c1f4ede2bf642baa8a05a837c4f58ea
2023-12-10,699.09,,ft,Approved,,2025-03-11T19:58:39.236615+00:00,1c1f4ede2bf642baa8a05a837c4f58ea
2023-12-11,699.08,,ft,Approved,,2025-03-11T19:58:39.236615+00:00,1c1f4ede2bf642baa8a05a837c4f58ea
2023-12-12,699.08,,ft,Approved,,2025-03-11T19:58:39.236615+00:00,1c1f4ede2bf642baa8a05a837c4f58ea
2023-12-13,699.09,,ft,Approved,,2025-03-11T19:58:39.236615+00:00,1c1f4ede2bf642baa8a05a837c4f58ea
2023-12-14,699.09,,ft,Approved,,2025-03-11T19:58:39.236615+00:00,1c1f4ede2bf642baa8a05a837c4f58ea
2023-12-15,699.1,,ft,Approved,,2025-03-11T19:58:39.236615+00:00,1c1f4ede2bf642baa8a05a837c4f58ea
2023-12-16,699.1,,ft,Approved,,2025-03-11T19:58:39.236615+00:00,1c1f4ede2bf642baa8a05a837c4f58ea
2023-12-17,699.1,,ft,Approved,,2025-03-11T19:58:39.236615+00:00,1c1f4ede2bf642baa8a05a837c4f58ea
2023-12-18,699.11,,ft,Approved,,2025-03-11T19:58:39.236615+00:00,1c1f4ede2bf642baa8a05a837c4f58ea
2023-12-19,699.1,,ft,Approved,,2025-03-11T19:58:39.236615+00:00,1c1f4ede2bf642baa8a05a837c4f58ea
2023-12-20,699.1,,ft,Approved,,2025-03-11T19:58:39.236615+00:00,1c1f4ede2bf642baa8a05a837c4f58ea
2023-12-21,699.12,,ft,Approved,,2025-03-11T19:58:39.236615+00:00,1c1f4ede2bf642baa8a05a837c4f58ea
2023-12-22,699.13,,ft,Approved,,2025-03-11T19:58:39.236615+00:00,1c1f4ede2bf642baa8a05a837c4f58ea
2023-12-23,699.14,,ft,Approved,,2025-03-11T19:58:39.236615+00:00,1c1f4ede2bf642baa8a05a837c4f58ea
2023-12-24,700.06,,ft,Approved,,2025-03-11T19:58:39.236615+00:00,1c1f4ede2bf642baa8a05a837c4f58ea
2023-12-25,699.56,,ft,Approved,,2025-03-11T19:58:39.236615+00:00,1c1f4ede2bf642baa8a05a837c4f58ea
2023-12-26,699.33,,ft,Approved,,2025-03-11T19:58:39.236615+00:00,1c1f4ede2bf642baa8a05a837c4f58ea
2023-12-27,699.25,,ft,Approved,,2025-03-11T19:58:39.236615+00:00,1c1f4ede2bf642baa8a05a837c4f58ea
2023-12-28,699.22,,ft,Approved,,2025-03-11T19:58:39.236615+00:00,1c1f4ede2bf642baa8a05a837c4f58ea
2023-12-29,699.19,,ft,Approved,,2025-03-11T19:58:39.236615+00:00,1c1f4ede2bf642baa8a05a837c4f58ea
2023-12-30,699.18,,ft,Approved,,2025-03-11T19:58:39.236615+00:00,1c1f4ede2bf642baa8a05a837c4f58ea
2023-12-31,699.17,,ft,Approved,,2025-03-11T19:58:39.236615+00:00,1c1f4ede2bf642baa8a05a837c4f58ea
2024-01-01,699.16,,ft,Approved,,2025-03-11T19:58:39.236615+00:00,1c1f4ede2bf642baa8a05a837c4f58ea
2024-01-02,699.23,,ft,Approved,,2025-03-11T19:58:39.236615+00:00,1c1f4ede2bf642baa8a05a837c4f58ea
2024-01-03,699.52,,ft,Approved,,2025-03-11T19:58:39.236615+00:00,1c1f4ede2bf642baa8a05a837c4f58ea
2024-01-04,699.34,,ft,Approved,,2025-03-11T19:58:39.236615+00:00,1c1f4ede2bf642baa8a05a837c4f58ea
2024-01-05,699.31,,ft,Approved,,2025-03-11T19:58:39.236615+00:00,1c1f4ede2bf642baa8a05a837c4f58ea
2024-01-06,699.27,,ft,Approved,,2025-03-11T19:58:39.236615+00:00,1c1f4ede2bf642baa8a05a837c4f58ea
2024-01-07,699.24,,ft,Approved,,2025-03-11T19:58:39.236615+00:00,1c1f4ede2bf642baa8a05a837c4f58ea
2024-01-08,699.24,,ft,Approved,,2025-03-11T19:58:39.236615+00:00,1c1f4ede2bf642baa8a05a837c4f58ea
2024-01-09,699.22,,ft,Approved,,2025-03-11T19:58:39.236615+00:00,1c1f4ede2bf642baa8a05a837c4f58ea
2024-01-10,699.19,,ft,Approved,,2025-03-11T19:58:39.236615+00:00,1c1f4ede2bf642baa8a05a837c4f58ea
2024-01-11,699.19,,ft,Approved,,2025-03-11T19:58:39.236615+00:00,1c1f4ede2bf642baa8a05a837c4f58ea
2024-01-12,699.17,,ft,Approved,,2025-03-11T19:58:39.236615+00:00,1c1f4ede2bf642baa8a05a837c4f58ea
2024-01-13,699.15,,ft,Approved,,2025-03-11T19:58:39.236615+00:00,1c1f4ede2bf642baa8a05a837c4f58ea
2024-01-14,699.14,,ft,Approved,,2025-03-11T19:58:39.236615+00:00,1c1f4ede2bf642baa8a05a837c4f58ea
2024-01-15,699.13,,ft,Approved,,2025-03-11T19:58:39.236615+00:00,1c1f4ede2bf642baa8a05a837c4f58ea
2024-01-16,699.12,,ft,Approved,,2025-03-11T19:58:39.236615+00:00,1c1f4ede2bf642baa8a05a837c4f58ea
2024-01-17,699.13,,ft,Approved,,2025-03-11T19:58:39.236615+00:00,1c1f4ede2bf642baa8a05a837c4f58ea
2024-01-18,699.13,,ft,Approved,,2025-03-11T19:58:39.236615+00:00,1c1f4ede2bf642baa8a05a837c4f58ea
2024-01-19,699.13,,ft,Approved,,2025-03-11T19:58:39.236615+00:00,1c1f4ede2bf642baa8a05a837c4f58ea
2024-01-20,699.11,,ft,Approved,,2025-03-11T19:58:39.236615+00:00,1c1f4ede2bf642baa8a05a837c4f58ea
2024-01-21,699.12,,ft,Approved,,2025-03-11T19:58:39.236615+00:00,1c1f4ede2bf642baa8a05a837c4f58ea
2024-01-22,700.24,,ft,Approved,,2025-03-11T19:58:39.236615+00:00,1c1f4ede2bf642baa8a05a837c4f58ea
2024-01-23,699.68,,ft,Approved,,2025-03-11T19:58:39.236615+00:00,1c1f4ede2bf642baa8a05a837c4f58ea
2024-01-24,699.59,,ft,Approved,,2025-03-11T19:58:39.236615+00:00,1c1f4ede2bf642baa8a05a837c4f58ea
2024-01-25,699.62,,ft,Approved,,2025-03-11T19:58:39.236615+00:00,1c1f4ede2bf642baa8a05a837c4f58ea
2024-01-26,699.43,,ft,Approved,,2025-03-11T19:58:39.236615+00:00,1c1f4ede2bf642baa8a05a837c4f58ea
2024-01-27,699.34,,ft,Approved,,2025-03-11T19:58:39.236615+00:00,1c1f4ede2bf642baa8a05a837c4f58ea
2024-01-28,699.29,,ft,Approved,,2025-03-11T19:58:39.236615+00:00,1c1f4ede2bf642baa8a05a837c4f58ea
2024-01-29,699.26,,ft,Approved,,2025-03-11T19:58:39.236615+00:00,1c1f4ede2bf642baa8a05a837c4f58ea
2024-01-30,699.24,,ft,Approved,,2025-03-11T19:58:39.236615+00:00,1c1f4ede2bf642baa8a05a837c4f58ea
2024-01-31,699.23,,ft,Approved,,2025-03-11T19:58:39.236615+00:00,1c1f4ede2bf642baa8a05a837c4f58ea
2024-02-01,699.21,,ft,Approved,,2025-03-11T19:58:39.236615+00:00,1c1f4ede2bf642baa8a05a837c4f58ea
2024-02-02,699.21,,ft,Approved,,2025-03-11T19:58:39.236615+00:00,1c1f4ede2bf642baa8a05a837c4f58ea
2024-02-03,699.24,,ft,Approved,,2025-03-11T19:58:39.236615+00:00,1c1f4ede2bf642baa8a05a837c4f58ea
2024-02-04,699.21,,ft,Approved,,2025-03-11T19:58:39.236615+00:00,1c1f4ede2bf642baa8a05a837c4f58ea
2024-02-05,699.18,,ft,Approved,,2025-03-11T19:58:39.236615+00:00,1c1f4ede2bf642baa8a05a837c4f58ea
2024-02-06,699.17,,ft,Approved,,2025-03-11T19:58:39.236615+00:00,1c1f4ede2bf642baa8a05a837c4f58ea
2024-02-07,699.17,,ft,Approved,,2025-03-11T19:58:39.236615+00:00,1c1f4ede2bf642baa8a05a837c4f58ea
2024-02-08,699.17,,ft,Approved,,2025-03-11T19:58:39.236615+00:00,1c1f4ede2bf642baa8a05a837c4f58ea
2024-02-09,699.17,,ft,Approved,,2025-03-11T19:58:39.236615+00:00,1c1f4ede2bf642baa8a05a837c4f58ea
2024-02-10,699.24,,ft,Approved,,2025-03-11T19:58:39.236615+00:00,1c1f4ede2bf642baa8a05a837c4f58ea
2024-02-11,699.33,,ft,Approved,,2025-03-11T19:58:39.236615+00:00,1c1f4ede2bf642baa8a05a837c4f58ea
2024-02-12,699.25,,ft,Approved,,2025-03-11T19:58:39.236615+00:00,1c1f4ede2bf642baa8a05a837c4f58ea
2024-02-13,699.22,,ft,Approved,,2025-03-11T19:58:39.236615+00:00,1c1f4ede2bf642baa8a05a837c4f58ea
2024-02-14,699.2,,ft,Approved,,2025-03-11T19:58:39.236615+00:00,1c1f4ede2bf642baa8a05a837c4f58ea
2024-02-15,699.19,,ft,Approved,,2025-03-11T19:58:39.236615+00:00,1c1f4ede2bf642baa8a05a837c4f58ea
2024-02-16,699.18,,ft,Approved,,2025-03-11T19:58:39.236615+00:00,1c1f4ede2bf642baa8a05a837c4f58ea
2024-02-17,699.16,,ft,Approved,,2025-03-11T19:58:39.236615+00:00,1c1f4ede2bf642baa8a05a837c4f58ea
2024-02-18,699.14,,ft,Approved,,2025-03-11T19:58:39.236615+00:00,1c1f4ede2bf642baa8a05a837c4f58ea
2024-02-19,699.14,,ft,Approved,,2025-03-11T19:58:39.236615+00:00,1c1f4ede2bf642baa8a05a837c4f58ea
2024-02-20,699.15,,ft,Approved,,2025-03-11T19:58:39.236615+00:00,1c1f4ede2bf642baa8a05a837c4f58ea
2024-02-21,699.15,,ft,Approved,,2025-03-11T19:58:39.236615+00:00,1c1f4ede2bf642baa8a05a837c4f58ea
2024-02-22,699.15,,ft,Approved,,2025-03-11T19:58:39.236615+00:00,1c1f4ede2bf642baa8a05a837c4f58ea
2024-02-23,699.13,,ft,Approved,,2025-03-11T19:58:39.236615+00:00,1c1f4ede2bf642baa8a05a837c4f58ea
2024-02-24,699.13,,ft,Approved,,2025-03-11T19:58:39.236615+00:00,1c1f4ede2bf642baa8a05a837c4f58ea
2024-02-25,699.12,,ft,Approved,,2025-03-11T19:58:39.236615+00:00,1c1f4ede2bf642baa8a05a837c4f58ea
2024-02-26,699.12,,ft,Approved,,2025-03-11T19:58:39.236615+00:00,1c1f4ede2bf642baa8a05a837c4f58ea
2024-02-27,699.13,,ft,Approved,,2025-03-11T19:58:39.236615+00:00,1c1f4ede2bf642baa8a05a837c4f58ea
2024-02-28,699.11,,ft,Approved,,2025-03-11T19:58:39.236615+00:00,1c1f4ede2bf642baa8a05a837c4f58ea
2024-02-29,699.08,,ft,Approved,,2025-03-11T19:58:39.236615+00:00,1c1f4ede2bf642baa8a05a837c4f58ea
2024-03-01,699.09,,ft,Approved,,2025-03-11T19:58:39.236615+00:00,1c1f4ede2bf642baa8a05a837c4f58ea
2024-03-02,699.1,,ft,Approved,,2025-03-11T19:58:39.236615+00:00,1c1f4ede2bf642baa8a05a837c4f58ea
2024-03-03,699.11,,ft,Approved,,2025-03-11T19:58:39.236615+00:00,1c1f4ede2bf642baa8a05a837c4f58ea
2024-03-04,699.11,,ft,Approved,,2025-03-11T19:58:39.236615+00:00,1c1f4ede2bf642baa8a05a837c4f58ea
2024-03-05,699.11,,ft,Approved,,2025-03-11T19:58:39.236615+00:00,1c1f4ede2bf642baa8a05a837c4f58ea
2024-03-06,699.1,,ft,Approved,,2025-03-11T19:58:39.236615+00:00,1c1f4ede2bf642baa8a05a837c4f58ea
2024-03-07,699.1,,ft,Approved,,2025-03-11T19:58:39.236615+00:00,1c1f4ede2bf642baa8a05a837c4f58ea
2024-03-08,699.18,,ft,Approved,,2025-03-11T19:58:39.236615+00:00,1c1f4ede2bf642baa8a05a837c4f58ea
2024-03-09,699.18,,ft,Approved,,2025-03-11T19:58:39.236615+00:00,1c1f4ede2bf642baa8a05a837c4f58ea
2024-03-10,699.14,,ft,Approved,,2025-03-11T19:58:39.236615+00:00,1c1f4ede2bf642baa8a05a837c4f58ea
2024-03-11,699.13,,ft,Approved,,2025-03-11T19:58:39.236615+00:00,1c1f4ede2bf642baa8a05a837c4f58ea
2024-03-12,699.12,,ft,Approved,,2025-03-11T19:58:39.236615+00:00,1c1f4ede2bf642baa8a05a837c4f58ea
2024-03-13,699.12,,ft,Approved,,2025-03-11T19:58:39.236615+00:00,1c1f4ede2bf642baa8a05a837c4f58ea
2024-03-14,699.12,,ft,Approved,,2025-03-11T19:58:39.236615+00:00,1c1f4ede2bf642baa8a05a837c4f58ea
2024-03-15,699.18,,ft,Approved,,2025-03-11T19:58:39.236615+00:00,1c1f4ede2bf642baa8a05a837c4f58ea
2024-03-16,699.22,,ft,Approved,,2025-03-11T19:58:39.236615+00:00,1c1f4ede2bf642baa8a05a837c4f58ea
2024-03-17,699.31,,ft,Approved,,2025-03-11T19:58:39.236615+00:00,1c1f4ede2bf642baa8a05a837c4f58ea
2024-03-18,699.25,,ft,Approved,,2025-03-11T19:58:39.236615+00:00,1c1f4ede2bf642baa8a05a837c4f58ea
2024-03-19,699.2,,ft,Approved,,2025-03-11T19:58:39.236615+00:00,1c1f4ede2bf642baa8a05a837c4f58ea
2024-03-20,699.18,,ft,Approved,,2025-03-11T19:58:39.236615+00:00,1c1f4ede2bf642baa8a05a837c4f58ea
2024-03-21,699.17,,ft,Approved,,2025-03-11T19:58:39.236615+00:00,1c1f4ede2bf642baa8a05a837c4f58ea
2024-03-22,699.18,,ft,Approved,,2025-03-11T19:58:39.236615+00:00,1c1f4ede2bf642baa8a05a837c4f58ea
2024-03-23,699.16,,ft,Approved,,2025-03-11T19:58:39.236615+00:00,1c1f4ede2bf642baa8a05a837c4f58ea
2024-03-24,699.15,,ft,Approved,,2025-03-11T19:58:39.236615+00:00,1c1f4ede2bf642baa8a05a837c4f58ea
2024-03-25,699.21,,ft,Approved,,2025-03-11T19:58:39.236615+00:00,1c1f4ede2bf642baa8a05a837c4f58ea
2024-03-26,699.2,,ft,Approved,,2025-03-11T19:58:39.236615+00:00,1c1f4ede2bf642baa8a05a837c4f58ea
2024-03-27,699.17,,ft,Approved,,2025-03-11T19:58:39.236615+00:00,1c1f4ede2bf642baa8a05a837c4f58ea
2024-03-28,699.16,,ft,Approved,,2025-03-11T19:58:39.236615+00:00,1c1f4ede2bf642baa8a05a837c4f58ea
2024-03-29,699.15,,ft,Approved,,2025-03-11T19:58:39.236615+00:00,1c1f4ede2bf642baa8a05a837c4f58ea
2024-03-30,699.14,,ft,Approved,,2025-03-11T19:58:39.236615+00:00,1c1f4ede2bf642baa8a05a837c4f58ea
2024-03-31,699.14,,ft,Approved,,2025-03-11T19:58:39.236615+00:00,1c1f4ede2bf642baa8a05a837c4f58ea
2024-04-01,699.15,,ft,Approved,,2025-03-11T19:58:39.236615+00:00,1c1f4ede2bf642baa8a05a837c4f58ea
2024-04-02,699.14,,ft,Approved,,2025-03-11T19:58:39.236615+00:00,1c1f4ede2bf642baa8a05a837c4f58ea
2024-04-03,699.12,,ft,Approved,,2025-03-11T19:58:39.236615+00:00,1c1f4ede2bf642baa8a05a837c4f58ea
2024-04-04,699.11,,ft,Approved,,2025-03-11T19:58:39.236615+00:00,1c1f4ede2bf642baa8a05a837c4f58ea
2024-04-05,699.1,,ft,Approved,,2025-03-11T19:58:39.236615+00:00,1c1f4ede2bf642baa8a05a837c4f58ea
2024-04-06,699.08,,ft,Approved,,2025-03-11T19:58:39.236615+00:00,1c1f4ede2bf642baa8a05a837c4f58ea
2024-04-07,699.08,,ft,Approved,,2025-03-11T19:58:39.236615+00:00,1c1f4ede2bf642baa8a05a837c4f58ea
2024-04-08,699.33,,ft,Approved,,2025-03-11T19:58:39.236615+00:00,1c1f4ede2bf642baa8a05a837c4f58ea
2024-04-09,699.72,,ft,Approved,,2025-03-11T19:58:39.236615+00:00,1c1f4ede2bf642baa8a05a837c4f58ea
2024-04-10,699.7,,ft,Approved,,2025-03-11T19:58:39.236615+00:00,1c1f4ede2bf642baa8a05a837c4f58ea
2024-04-11,699.37,,ft,Approved,,2025-03-11T19:58:39.236615+00:00,1c1f4ede2bf642baa8a05a837c4f58ea
2024-04-12,699.26,,ft,Approved,,2025-03-11T19:58:39.236615+00:00,1c1f4ede2bf642baa8a05a837c4f58ea
2024-04-13,699.21,,ft,Approved,,2025-03-11T19:58:39.236615+00:00,1c1f4ede2bf642baa8a05a837c4f58ea
2024-04-14,699.18,,ft,Approved,,2025-03-11T19:58:39.236615+00:00,1c1f4ede2bf642baa8a05a837c4f58ea
2024-04-15,699.17,,ft,Approved,,2025-03-11T19:58:39.236615+00:00,1c1f4ede2bf642baa8a05a837c4f58ea
2024-04-16,699.16,,ft,Approved,,2025-03-11T19:58:39.236615+00:00,1c1f4ede2bf642baa8a05a837c4f58ea
2024-04-17,699.16,,ft,Approved,,2025-03-11T19:58:39.236615+00:00,1c1f4ede2bf642baa8a05a837c4f58ea
2024-04-18,699.15,,ft,Approved,,2025-03-11T19:58:39.236615+00:00,1c1f4ede2bf642baa8a05a837c4f58ea
2024-04-19,699.14,,ft,Approved,,2025-03-11T19:58:39.236615+00:00,1c1f4ede2bf642baa8a05a837c4f58ea
2024-04-20,699.13,,ft,Approved,,2025-03-11T19:58:39.236615+00:00,1c1f4ede2bf642baa8a05a837c4f58ea
2024-04-21,699.26,,ft,Approved,,2025-03-11T19:58:39.236615+00:00,1c1f4ede2bf642baa8a05a837c4f58ea
2024-04-22,699.2,,ft,Approved,,2025-03-11T19:58:39.236615+00:00,1c1f4ede2bf642baa8a05a837c4f58ea
2024-04-23,699.17,,ft,Approved,,2025-03-11T19:58:39.236615+00:00,1c1f4ede2bf642baa8a05a837c4f58ea
2024-04-24,699.16,,ft,Approved,,2025-03-11T19:58:39.236615+00:00,1c1f4ede2bf642baa8a05a837c4f58ea
2024-04-25,699.15,,ft,Approved,,2025-03-11T19:58:39.236615+00:00,1c1f4ede2bf642baa8a05a837c4f58ea
2024-04-26,699.15,,ft,Approved,,2025-03-11T19:58:39.236615+00:00,1c1f4ede2bf642baa8a05a837c4f58ea
2024-04-27,699.14,,ft,Approved,,2025-03-11T19:58:39.236615+00:00,1c1f4ede2bf642baa8a05a837c4f58ea
2024-04-28,699.64,,ft,Approved,,2025-03-11T19:58:39.236615+00:00,1c1f4ede2bf642baa8a05a837c4f58ea
2024-04-29,699.56,,ft,Approved,,2025-03-11T19:58:39.236615+00:00,1c1f4ede2bf642baa8a05a837c4f58ea
2024-04-30,699.32,,ft,Approved,,2025-03-11T19:58:39.236615+00:00,1c1f4ede2bf642baa8a05a837c4f58ea
2024-05-01,699.3,,ft,Approved,,2025-03-11T19:58:39.236615+00:00,1c1f4ede2bf642baa8a05a837c4f58ea
2024-05-02,699.64,,ft,Approved,,2025-03-11T19:58:39.236615+00:00,1c1f4ede2bf642baa8a05a837c4f58ea
2024-05-03,699.37,,ft,Approved,,2025-03-11T19:58:39.236615+00:00,1c1f4ede2bf642baa8a05a837c4f58ea
2024-05-04,699.29,,ft,Approved,,2025-03-11T19:58:39.236615+00:00,1c1f4ede2bf642baa8a05a837c4f58ea
2024-05-05,700.21,,ft,Approved,,2025-03-11T19:58:39.236615+00:00,1c1f4ede2bf642baa8a05a837c4f58ea
2024-05-06,699.51,,ft,Approved,,2025-03-11T19:58:39.236615+00:00,1c1f4ede2bf642baa8a05a837c4f58ea
2024-05-07,699.34,,ft,Approved,,2025-03-11T19:58:39.236615+00:00,1c1f4ede2bf642baa8a05a837c4f58ea
2024-05-08,699.27,,ft,Approved,,2025-03-11T19:58:39.236615+00:00,1c1f4ede2bf642baa8a05a837c4f58ea
2024-05-09,699.23,,ft,Approved,,2025-03-11T19:58:39.236615+00:00,1c1f4ede2bf642baa8a05a837c4f58ea
2024-05-10,699.25,,ft,Approved,,2025-03-11T19:58:39.236615+00:00,1c1f4ede2bf642baa8a05a837c4f58ea
2024-05-11,699.2,,ft,Approved,,2025-03-11T19:58:39.236615+00:00,1c1f4ede2bf642baa8a05a837c4f58ea
2024-05-12,699.2,,ft,Approved,,2025-03-11T19:58:39.236615+00:00,1c1f4ede2bf642baa8a05a837c4f58ea
2024-05-13,699.21,,ft,Approved,,2025-03-11T19:58:39.236615+00:00,1c1f4ede2bf642baa8a05a837c4f58ea
2024-05-14,699.19,,ft,Approved,,2025-03-11T19:58:39.236615+00:00,1c1f4ede2bf642baa8a05a837c4f58ea
2024-05-15,699.17,,ft,Approved,,2025-03-11T19:58:39.236615+00:00,1c1f4ede2bf642baa8a05a837c4f58ea
2024-05-16,699.49,,ft,Approved,,2025-03-11T19:58:39.236615+00:00,1c1f4ede2bf642baa8a05a837c4f58ea
2024-05-17,699.62,,ft,Approved,,2025-03-11T19:58:39.236615+00:00,1c1f4ede2bf642baa8a05a837c4f58ea
2024-05-18,699.35,,ft,Approved,,2025-03-11T19:58:39.236615+00:00,1c1f4ede2bf642baa8a05a837c4f58ea
2024-05-19,699.27,,ft,Approved,,2025-03-11T19:58:39.236615+00:00,1c1f4ede2bf642baa8a05a837c4f58ea
2024-05-20,699.22,,ft,Approved,,2025-03-11T19:58:39.236615+00:00,1c1f4ede2bf642baa8a05a837c4f58ea
2024-05-21,699.19,,ft,Approved,,2025-03-11T19:58:39.236615+00:00,1c1f4ede2bf642baa8a05a837c4f58ea
2024-05-22,699.17,,ft,Approved,,2025-03-11T19:58:39.236615+00:00,1c1f4ede2bf642baa8a05a837c4f58ea
2024-05-23,699.17,,ft,Approved,,2025-03-11T19:58:39.236615+00:00,1c1f4ede2bf642baa8a05a837c4f58ea
2024-05-24,699.15,,ft,Approved,,2025-03-11T19:58:39.236615+00:00,1c1f4ede2bf642baa8a05a837c4f58ea
2024-05-25,699.14,,ft,Approved,,2025-03-11T19:58:39.236615+00:00,1c1f4ede2bf642baa8a05a837c4f58ea
2024-05-26,699.12,,ft,Approved,,2025-03-11T19:58:39.236615+00:00,1c1f4ede2bf642baa8a05a837c4f58ea
2024-05-27,699.11,,ft,Approved,,2025-03-11T19:58:39.236615+00:00,1c1f4ede2bf642baa8a05a837c4f58ea
2024-05-28,699.09,,ft,Approved,,2025-03-11T19:58:39.236615+00:00,1c1f4ede2bf642baa8a05a837c4f58ea
2024-05-29,699.27,,ft,Approved,,2025-03-11T19:58:39.236615+00:00,1c1f4ede2bf642baa8a05a837c4f58ea
2024-05-30,699.2,,ft,Approved,,2025-03-11T19:58:39.236615+00:00,1c1f4ede2bf642baa8a05a837c4f58ea
2024-05-31,699.78,,ft,Approved,,2025-03-11T19:58:39.236615+00:00,1c1f4ede2bf642baa8a05a837c4f58ea
2024-06-01,699.42,,ft,Approved,,2025-03-11T19:58:39.236615+00:00,1c1f4ede2bf642baa8a05a837c4f58ea
2024-06-02,699.28,,ft,Approved,,2025-03-11T19:58:39.236615+00:00,1c1f4ede2bf642baa8a05a837c4f58ea
2024-06-03,699.22,,ft,Approved,,2025-03-11T19:58:39.236615+00:00,1c1f4ede2bf642baa8a05a837c4f58ea
2024-06-04,699.18,,ft,Approved,,2025-03-11T19:58:39.236615+00:00,1c1f4ede2bf642baa8a05a837c4f58ea
2024-06-05,699.16,,ft,Approved,,2025-03-11T19:58:39.236615+00:00,1c1f4ede2bf642baa8a05a837c4f58ea
2024-06-06,699.15,,ft,Approved,,2025-03-11T19:58:39.236615+00:00,1c1f4ede2bf642baa8a05a837c4f58ea
2024-06-07,699.13,,ft,Approved,,2025-03-11T19:58:39.236615+00:00,1c1f4ede2bf642baa8a05a837c4f58ea
2024-06-08,699.11,,ft,Approved,,2025-03-11T19:58:39.236615+00:00,1c1f4ede2bf642baa8a05a837c4f58ea
2024-06-09,699.09,,ft,Approved,,2025-03-11T19:58:39.236615+00:00,1c1f4ede2bf642baa8a05a837c4f58ea
2024-06-10,699.08,,ft,Approved,,2025-03-11T19:58:39.236615+00:00,1c1f4ede2bf642baa8a05a837c4f58ea
2024-06-11,699.25,,ft,Approved,,2025-03-11T19:58:39.236615+00:00,1c1f4ede2bf642baa8a05a837c4f58ea
2024-06-12,699.4,,ft,Approved,,2025-03-11T19:58:39.236615+00:00,1c1f4ede2bf642baa8a05a837c4f58ea
2024-06-13,699.25,,ft,Approved,,2025-03-11T19:58:39.236615+00:00,1c1f4ede2bf642baa8a05a837c4f58ea
2024-06-14,699.19,,ft,Approved,,2025-03-11T19:58:39.236615+00:00,1c1f4ede2bf642baa8a05a837c4f58ea
2024-06-15,699.15,,ft,Approved,,2025-03-11T19:58:39.236615+00:00,1c1f4ede2bf642baa8a05a837c4f58ea
2024-06-16,699.12,,ft,Approved,,2025-03-11T19:58:39.236615+00:00,1c1f4ede2bf642baa8a05a837c4f58ea
2024-06-17,699.1,,ft,Approved,,2025-03-11T19:58:39.236615+00:00,1c1f4ede2bf642baa8a05a837c4f58ea
2024-06-18,699.08,,ft,Approved,,2025-03-11T19:58:39.236615+00:00,1c1f4ede2bf642baa8a05a837c4f58ea
2024-06-19,699.1,,ft,Approved,,2025-03-11T19:58:39.236615+00:00,1c1f4ede2bf642baa8a05a837c4f58ea
2024-06-20,699.37,,ft,Approved,,2025-03-11T19:58:39.236615+00:00,1c1f4ede2bf642baa8a05a837c4f58ea
2024-06-21,699.25,,ft,Approved,,2025-03-11T19:58:39.236615+00:00,1c1f4ede2bf642baa8a05a837c4f58ea
2024-06-22,699.2,,ft,Approved,,2025-03-11T19:58:39.236615+00:00,1c1f4ede2bf642baa8a05a837c4f58ea
2024-06-23,699.16,,ft,Approved,,2025-03-11T19:58:39.236615+00:00,1c1f4ede2bf642baa8a05a837c4f58ea
2024-06-24,699.14,,ft,Approved,,2025-03-11T19:58:39.236615+00:00,1c1f4ede2bf642baa8a05a837c4f58ea
2024-06-25,699.12,,ft,Approved,,2025-03-11T19:58:39.236615+00:00,1c1f4ede2bf642baa8a05a837c4f58ea
2024-06-26,699.1,,ft,Approved,,2025-03-11T19:58:39.236615+00:00,1c1f4ede2bf642baa8a05a837c4f58ea
2024-06-27,699.09,,ft,Approved,,2025-03-11T19:58:39.236615+00:00,1c1f4ede2bf642baa8a05a837c4f58ea
2024-06-28,699.07,,ft,Approved,,2025-03-11T19:58:39.236615+00:00,1c1f4ede2bf642baa8a05a837c4f58ea
2024-06-29,699.04,,ft,Approved,,2025-03-11T19:58:39.236615+00:00,1c1f4ede2bf642baa8a05a837c4f58ea
2024-06-30,699.01,,ft,Approved,,2025-03-11T19:58:39.236615+00:00,1c1f4ede2bf642baa8a05a837c4f58ea
2024-07-01,698.99,,ft,Approved,,2025-03-11T19:58:39.236615+00:00,1c1f4ede2bf642baa8a05a837c4f58ea
2024-07-02,698.97,,ft,Approved,,2025-03-11T19:58:39.236615+00:00,1c1f4ede2bf642baa8a05a837c4f58ea
2024-07-03,698.94,,ft,Approved,,2025-03-11T19:58:39.236615+00:00,1c1f4ede2bf642baa8a05a837c4f58ea
2024-07-04,698.9,,ft,Approved,,2025-03-11T19:58:39.236615+00:00,1c1f4ede2bf642baa8a05a837c4f58ea
2024-07-05,698.87,,ft,Approved,,2025-03-11T19:58:39.236615+00:00,1c1f4ede2bf642baa8a05a837c4f58ea
2024-07-06,698.86,,ft,Approved,,2025-03-11T19:58:39.236615+00:00,1c1f4ede2bf642baa8a05a837c4f58ea
2024-07-07,698.98,,ft,Approved,,2025-03-11T19:58:39.236615+00:00,1c1f4ede2bf642baa8a05a837c4f58ea
2024-07-08,698.98,,ft,Approved,,2025-03-11T19:58:39.236615+00:00,1c1f4ede2bf642baa8a05a837c4f58ea
2024-07-09,698.96,,ft,Approved,,2025-03-11T19:58:39.236615+00:00,1c1f4ede2bf642baa8a05a837c4f58ea
2024-07-10,698.95,,ft,Approved,,2025-03-11T19:58:39.236615+00:00,1c1f4ede2bf642baa8a05a837c4f58ea
2024-07-11,698.92,,ft,Approved,,2025-03-11T19:58:39.236615+00:00,1c1f4ede2bf642baa8a05a837c4f58ea
2024-07-12,698.9,,ft,Approved,,2025-03-11T19:58:39.236615+00:00,1c1f4ede2bf642baa8a05a837c4f58ea
2024-07-13,698.89,,ft,Approved,,2025-03-11T19:58:39.236615+00:00,1c1f4ede2bf642baa8a05a837c4f58ea
2024-07-14,698.87,,ft,Approved,,2025-03-11T19:58:39.236615+00:00,1c1f4ede2bf642baa8a05a837c4f58ea
2024-07-15,698.85,,ft,Approved,,2025-03-11T19:58:39.236615+00:00,1c1f4ede2bf642baa8a05a837c4f58ea
2024-07-16,698.82,,ft,Approved,,2025-03-11T19:58:39.236615+00:00,1c1f4ede2bf642baa8a05a837c4f58ea
2024-07-17,698.8,,ft,Approved,,2025-03-11T19:58:39.236615+00:00,1c1f4ede2bf642baa8a05a837c4f58ea
2024-07-18,698.83,,ft,Approved,,2025-03-11T19:58:39.236615+00:00,1c1f4ede2bf642baa8a05a837c4f58ea
2024-07-19,698.9,,ft,Approved,,2025-03-11T19:58:39.236615+00:00,1c1f4ede2bf642baa8a05a837c4f58ea
2024-07-20,698.91,,ft,Approved,,2025-03-11T19:58:39.236615+00:00,1c1f4ede2bf642baa8a05a837c4f58ea
2024-07-21,698.89,,ft,Approved,,2025-03-11T19:58:39.236615+00:00,1c1f4ede2bf642baa8a05a837c4f58ea
2024-07-22,698.89,,ft,Approved,,2025-03-11T19:58:39.236615+00:00,1c1f4ede2bf642baa8a05a837c4f58ea
2024-07-23,698.95,,ft,Approved,,2025-03-11T19:58:39.236615+00:00,1c1f4ede2bf642baa8a05a837c4f58ea
2024-07-24,699.03,,ft,Approved,,2025-03-11T19:58:39.236615+00:00,1c1f4ede2bf642baa8a05a837c4f58ea
2024-07-25,699.05,,ft,Approved,,2025-03-11T19:58:39.236615+00:00,1c1f4ede2bf642baa8a05a837c4f58ea
2024-07-26,699.06,,ft,Approved,,2025-03-11T19:58:39.236615+00:00,1c1f4ede2bf642baa8a05a837c4f58ea
2024-07-27,699.05,,ft,Approved,,2025-03-11T19:58:39.236615+00:00,1c1f4ede2bf642baa8a05a837c4f58ea
2024-07-28,699.02,,ft,Approved,,2025-03-11T19:58:39.236615+00:00,1c1f4ede2bf642baa8a05a837c4f58ea
2024-07-29,699.01,,ft,Approved,,2025-03-11T19:58:39.236615+00:00,1c1f4ede2bf642baa8a05a837c4f58ea
2024-07-30,698.99,,ft,Approved,,2025-03-11T19:58:39.236615+00:00,1c1f4ede2bf642baa8a05a837c4f58ea
2024-07-31,698.96,,ft,Approved,,2025-03-11T19:58:39.236615+00:00,1c1f4ede2bf642baa8a05a837c4f58ea
2024-08-01,698.93,,ft,Approved,,2025-03-11T19:58:39.236615+00:00,1c1f4ede2bf642baa8a05a837c4f58ea
2024-08-02,698.91,,ft,Approved,,2025-03-11T19:58:39.236615+00:00,1c1f4ede2bf642baa8a05a837c4f58ea
2024-08-03,698.89,,ft,Approved,,2025-03-11T19:58:39.236615+00:00,1c1f4ede2bf642baa8a05a837c4f58ea
2024-08-04,698.87,,ft,Approved,,2025-03-11T19:58:39.236615+00:00,1c1f4ede2bf642baa8a05a837c4f58ea
2024-08-05,698.86,,ft,Approved,,2025-03-11T19:58:39.236615+00:00,1c1f4ede2bf642baa8a05a837c4f58ea
2024-08-06,698.83,,ft,Approved,,2025-03-11T19:58:39.236615+00:00,1c1f4ede2bf642baa8a05a837c4f58ea
2024-08-07,698.81,,ft,Approved,,2025-03-11T19:58:39.236615+00:00,1c1f4ede2bf642baa8a05a837c4f58ea
2024-08-08,698.79,,ft,Approved,,2025-03-11T19:58:39.236615+00:00,1c1f4ede2bf642baa8a05a837c4f58ea
2024-08-09,698.77,,ft,Approved,,2025-03-11T19:58:39.236615+00:00,1c1f4ede2bf642baa8a05a837c4f58ea
2024-08-10,698.74,,ft,Approved,,2025-03-11T19:58:39.236615+00:00,1c1f4ede2bf642baa8a05a837c4f58ea
2024-08-11,698.71,,ft,Approved,,2025-03-11T19:58:39.236615+00:00,1c1f4ede2bf642baa8a05a837c4f58ea
2024-08-12,698.68,,ft,Approved,,2025-03-11T19:58:39.236615+00:00,1c1f4ede2bf642baa8a05a837c4f58ea
2024-08-13,698.65,,ft,Approved,,2025-03-11T19:58:39.236615+00:00,1c1f4ede2bf642baa8a05a837c4f58ea
2024-08-14,698.62,,ft,Approved,,2025-03-11T19:58:39.236615+00:00,1c1f4ede2bf642baa8a05a837c4f58ea
2024-08-15,698.59,,ft,Approved,,2025-03-11T19:58:39.236615+00:00,1c1f4ede2bf642baa8a05a837c4f58ea
2024-08-16,698.55,,ft,Approved,,2025-03-11T19:58:39.236615+00:00,1c1f4ede2bf642baa8a05a837c4f58ea
2024-08-17,698.52,,ft,Approved,,2025-03-11T19:58:39.236615+00:00,1c1f4ede2bf642baa8a05a837c4f58ea
2024-08-18,698.49,,ft,Approved,,2025-03-11T19:58:39.236615+00:00,1c1f4ede2bf642baa8a05a837c4f58ea
2024-08-19,698.46,,ft,Approved,,2025-03-11T19:58:39.236615+00:00,1c1f4ede2bf642baa8a05a837c4f58ea
2024-08-20,698.4,,ft,Approved,,2025-03-11T19:58:39.236615+00:00,1c1f4ede2bf642baa8a05a837c4f58ea
2024-08-21,698.37,,ft,Approved,,2025-03-11T19:58:39.236615+00:00,1c1f4ede2bf642baa8a05a837c4f58ea
2024-08-22,698.33,,ft,Approved,,2025-03-11T19:58:39.236615+00:00,1c1f4ede2bf642baa8a05a837c4f58ea
2024-08-23,698.29,,ft,Approved,,2025-03-11T19:58:39.236615+00:00,1c1f4ede2bf642baa8a05a837c4f58ea
2024-08-24,698.27,,ft,Approved,,2025-03-11T19:58:39.236615+00:00,1c1f4ede2bf642baa8a05a837c4f58ea
2024-08-25,698.23,,ft,Approved,,2025-03-11T19:58:39.236615+00:00,1c1f4ede2bf642baa8a05a837c4f58ea
2024-08-26,698.21,,ft,Approved,,2025-03-11T19:58:39.236615+00:00,1c1f4ede2bf642baa8a05a837c4f58ea
2024-08-27,698.26,,ft,Approved,,2025-03-11T19:58:39.236615+00:00,1c1f4ede2bf642baa8a05a837c4f58ea
2024-08-28,698.27,,ft,Approved,,2025-03-11T19:58:39.236615+00:00,1c1f4ede2bf642baa8a05a837c4f58ea
2024-08-29,698.26,,ft,Approved,,2025-03-11T19:58:39.236615+00:00,1c1f4ede2bf642baa8a05a837c4f58ea
2024-08-30,698.24,,ft,Approved,,2025-03-11T19:58:39.236615+00:00,1c1f4ede2bf642baa8a05a837c4f58ea
2024-08-31,698.22,,ft,Approved,,2025-03-11T19:58:39.236615+00:00,1c1f4ede2bf642baa8a05a837c4f58ea
2024-09-01,698.19,,ft,Approved,,2025-03-11T19:58:39.236615+00:00,1c1f4ede2bf642baa8a05a837c4f58ea
2024-09-02,698.17,,ft,Approved,,2025-03-11T19:58:39.236615+00:00,1c1f4ede2bf642baa8a05a837c4f58ea
2024-09-03,698.16,,ft,Approved,,2025-03-11T19:58:39.236615+00:00,1c1f4ede2bf642baa8a05a837c4f58ea
2024-09-04,698.18,,ft,Approved,,2025-03-11T19:58:39.236615+00:00,1c1f4ede2bf642baa8a05a837c4f58ea
2024-09-05,698.17,,ft,Approved,,2025-03-11T19:58:39.236615+00:00,1c1f4ede2bf642baa8a05a837c4f58ea
2024-09-06,698.19,,ft,Approved,,2025-03-11T19:58:39.236615+00:00,1c1f4ede2bf642baa8a05a837c4f58ea
2024-09-07,698.17,,ft,Approved,,2025-03-11T19:58:39.236615+00:00,1c1f4ede2bf642baa8a05a837c4f58ea
2024-09-08,698.14,,ft,Approved,,2025-03-11T19:58:39.236615+00:00,1c1f4ede2bf642baa8a05a837c4f58ea
2024-09-09,698.11,,ft,Approved,,2025-03-11T19:58:39.236615+00:00,1c1f4ede2bf642baa8a05a837c4f58ea
2024-09-10,698.09,,ft,Approved,,2025-03-11T19:58:39.236615+00:00,1c1f4ede2bf642baa8a05a837c4f58ea
2024-09-11,698.07,,ft,Approved,,2025-03-11T19:58:39.236615+00:00,1c1f4ede2bf642baa8a05a837c4f58ea
2024-09-12,698.06,,ft,Approved,,2025-03-11T19:58:39.236615+00:00,1c1f4ede2bf642baa8a05a837c4f58ea
2024-09-13,698.04,,ft,Approved,,2025-03-11T19:58:39.236615+00:00,1c1f4ede2bf642baa8a05a837c4f58ea
2024-09-14,698.02,,ft,Approved,,2025-03-11T19:58:39.236615+00:00,1c1f4ede2bf642baa8a05a837c4f58ea
2024-09-15,698.0,,ft,Approved,,2025-03-11T19:58:39.236615+00:00,1c1f4ede2bf642baa8a05a837c4f58ea
2024-09-16,697.98,,ft,Approved,,2025-03-11T19:58:39.236615+00:00,1c1f4ede2bf642baa8a05a837c4f58ea
2024-09-17,697.96,,ft,Approved,,2025-03-11T19:58:39.236615+00:00,1c1f4ede2bf642baa8a05a837c4f58ea
2024-09-18,697.94,,ft,Approved,,2025-03-11T19:58:39.236615+00:00,1c1f4ede2bf642baa8a05a837c4f58ea
2024-09-19,697.91,,ft,Approved,,2025-03-11T19:58:39.236615+00:00,1c1f4ede2bf642baa8a05a837c4f58ea
2024-09-20,697.89,,ft,Approved,,2025-03-11T19:58:39.236615+00:00,1c1f4ede2bf642baa8a05a837c4f58ea
2024-09-21,697.87,,ft,Approved,,2025-03-11T19:58:39.236615+00:00,1c1f4ede2bf642baa8a05a837c4f58ea
2024-09-22,697.84,,ft,Approved,,2025-03-11T19:58:39.236615+00:00,1c1f4ede2bf642baa8a05a837c4f58ea
2024-09-23,697.82,,ft,Approved,,2025-03-11T19:58:39.236615+00:00,1c1f4ede2bf642baa8a05a837c4f58ea
2024-09-24,697.8,,ft,Approved,,2025-03-11T19:58:39.236615+00:00,1c1f4ede2bf642baa8a05a837c4f58ea
2024-09-25,697.78,,ft,Approved,,2025-03-11T19:58:39.236615+00:00,1c1f4ede2bf642baa8a05a837c4f58ea
2024-09-26,697.74,,ft,Approved,,2025-03-11T19:58:39.236615+00:00,1c1f4ede2bf642baa8a05a837c4f58ea
2024-09-27,697.72,,ft,Approved,,2025-03-11T19:58:39.236615+00:00,1c1f4ede2bf642baa8a05a837c4f58ea
2024-09-28,697.69,,ft,Approved,,2025-03-11T19:58:39.236615+00:00,1c1f4ede2bf642baa8a05a837c4f58ea
2024-09-29,697.67,,ft,Approved,,2025-03-11T19:58:39.236615+00:00,1c1f4ede2bf642baa8a05a837c4f58ea
2024-09-30,697.65,,ft,Approved,,2025-03-11T19:58:39.236615+00:00,1c1f4ede2bf642baa8a05a837c4f58ea
2024-10-01,697.63,,ft,Approved,,2025-03-11T19:58:39.236615+00:00,1c1f4ede2bf642baa8a05a837c4f58ea
2024-10-02,697.6,,ft,Approved,,2025-03-11T19:58:39.236615+00:00,1c1f4ede2bf642baa8a05a837c4f58ea
2024-10-03,697.59,,ft,Approved,,2025-03-11T19:58:39.236615+00:00,1c1f4ede2bf642baa8a05a837c4f58ea
2024-10-04,697.56,,ft,Approved,,2025-03-11T19:58:39.236615+00:00,1c1f4ede2bf642baa8a05a837c4f58ea
2024-10-05,697.54,,ft,Approved,,2025-03-11T19:58:39.236615+00:00,1c1f4ede2bf642baa8a05a837c4f58ea
2024-10-06,697.52,,ft,Approved,,2025-03-11T19:58:39.236615+00:00,1c1f4ede2bf642baa8a05a837c4f58ea
2024-10-07,697.5,,ft,Approved,,2025-03-11T19:58:39.236615+00:00,1c1f4ede2bf642baa8a05a837c4f58ea
2024-10-08,697.47,,ft,Approved,,2025-03-11T19:58:39.236615+00:00,1c1f4ede2bf642baa8a05a837c4f58ea
2024-10-09,697.45,,ft,Approved,,2025-03-11T19:58:39.236615+00:00,1c1f4ede2bf642baa8a05a837c4f58ea
2024-10-10,697.43,,ft,Approved,,2025-03-11T19:58:39.236615+00:00,1c1f4ede2bf642baa8a05a837c4f58ea
2024-10-11,697.41,,ft,Approved,,2025-03-11T19:58:39.236615+00:00,1c1f4ede2bf642baa8a05a837c4f58ea
2024-10-12,697.39,,ft,Approved,,2025-03-11T19:58:39.236615+00:00,1c1f4ede2bf642baa8a05a837c4f58ea
2024-10-13,697.36,,ft,Approved,,2025-03-11T19:58:39.236615+00:00,1c1f4ede2bf642baa8a05a837c4f58ea
2024-10-14,697.34,,ft,Approved,,2025-03-11T19:58:39.236615+00:00,1c1f4ede2bf642baa8a05a837c4f58ea
2024-10-15,697.32,,ft,Approved,,2025-03-11T19:58:39.236615+00:00,1c1f4ede2bf642baa8a05a837c4f58ea
2024-10-16,697.29,,ft,Approved,,2025-03-11T19:58:39.236615+00:00,1c1f4ede2bf642baa8a05a837c4f58ea
2024-10-17,697.26,,ft,Approved,,2025-03-11T19:58:39.236615+00:00,1c1f4ede2bf642baa8a05a837c4f58ea
2024-10-18,697.24,,ft,Approved,,2025-03-11T19:58:39.236615+00:00,1c1f4ede2bf642baa8a05a837c4f58ea
2024-10-19,697.23,,ft,Approved,,2025-03-11T19:58:39.236615+00:00,1c1f4ede2bf642baa8a05a837c4f58ea
2024-10-20,697.22,,ft,Approved,,2025-03-11T19:58:39.236615+00:00,1c1f4ede2bf642baa8a05a837c4f58ea
2024-10-21,697.21,,ft,Approved,,2025-03-11T19:58:39.236615+00:00,1c1f4ede2bf642baa8a05a837c4f58ea
2024-10-22,697.19,,ft,Approved,,2025-03-11T19:58:39.236615+00:00,1c1f4ede2bf642baa8a05a837c4f58ea
2024-10-23,697.18,,ft,Approved,,2025-03-11T19:58:39.236615+00:00,1c1f4ede2bf642baa8a05a837c4f58ea
2024-10-24,697.17,,ft,Approved,,2025-03-11T19:58:39.236615+00:00,1c1f4ede2bf642baa8a05a837c4f58ea
2024-10-25,697.16,,ft,Approved,,2025-03-11T19:58:39.236615+00:00,1c1f4ede2bf642baa8a05a837c4f58ea
2024-10-26,697.15,,ft,Approved,,2025-03-11T19:58:39.236615+00:00,1c1f4ede2bf642baa8a05a837c4f58ea
2024-10-27,697.14,,ft,Approved,,2025-03-11T19:58:39.236615+00:00,1c1f4ede2bf642baa8a05a837c4f58ea
2024-10-28,697.12,,ft,Approved,,2025-03-11T19:58:39.236615+00:00,1c1f4ede2bf642baa8a05a837c4f58ea
2024-10-29,697.11,,ft,Approved,,2025-03-11T19:58:39.236615+00:00,1c1f4ede2bf642baa8a05a837c4f58ea
2024-10-30,697.1,,ft,Approved,,2025-03-11T19:58:39.236615+00:00,1c1f4ede2bf642baa8a05a837c4f58ea
2024-10-31,697.09,,ft,Approved,,2025-03-11T19:58:39.236615+00:00,1c1f4ede2bf642baa8a05a837c4f58ea
2024-11-01,697.08,,ft,Approved,,2025-03-11T19:58:39.236615+00:00,1c1f4ede2bf642baa8a05a837c4f58ea
2024-11-02,697.09,,ft,Approved,,2025-03-11T19:58:39.236615+00:00,1c1f4ede2bf642baa8a05a837c4f58ea
2024-11-03,697.1,,ft,Approved,,2025-03-11T19:58:39.236615+00:00,1c1f4ede2bf642baa8a05a837c4f58ea
2024-11-04,697.12,,ft,Approved,,2025-03-11T19:58:39.236615+00:00,1c1f4ede2bf642baa8a05a837c4f58ea
2024-11-05,697.56,,ft,Approved,,2025-03-11T19:58:39.236615+00:00,1c1f4ede2bf642baa8a05a837c4f58ea
2024-11-06,697.61,,ft,Approved,,2025-03-11T19:58:39.236615+00:00,1c1f4ede2bf642baa8a05a837c4f58ea
2024-11-07,697.62,,ft,Approved,,2025-03-11T19:58:39.236615+00:00,1c1f4ede2bf642baa8a05a837c4f58ea
2024-11-08,697.63,,ft,Approved,,2025-03-11T19:58:39.236615+00:00,1c1f4ede2bf642baa8a05a837c4f58ea
2024-11-09,697.62,,ft,Approved,,2025-03-11T19:58:39.236615+00:00,1c1f4ede2bf642baa8a05a837c4f58ea
2024-11-10,697.62,,ft,Approved,,2025-03-11T19:58:39.236615+00:00,1c1f4ede2bf642baa8a05a837c4f58ea
2024-11-11,697.61,,ft,Approved,,2025-03-11T19:58:39.236615+00:00,1c1f4ede2bf642baa8a05a837c4f58ea
2024-11-12,697.61,,ft,Approved,,2025-03-11T19:58:39.236615+00:00,1c1f4ede2bf642baa8a05a837c4f58ea
2024-11-13,697.6,,ft,Approved,,2025-03-11T19:58:39.236615+00:00,1c1f4ede2bf642baa8a05a837c4f58ea
2024-11-14,697.58,,ft,Approved,,2025-03-11T19:58:39.236615+00:00,1c1f4ede2bf642baa8a05a837c4f58ea
2024-11-15,697.57,,ft,Approved,,2025-03-11T19:58:39.236615+00:00,1c1f4ede2bf642baa8a05a837c4f58ea
2024-11-16,697.57,,ft,Approved,,2025-03-11T19:58:39.236615+00:00,1c1f4ede2bf642baa8a05a837c4f58ea
2024-11-17,697.57,,ft,Approved,,2025-03-11T19:58:39.236615+00:00,1c1f4ede2bf642baa8a05a837c4f58ea
2024-11-18,697.6,,ft,Approved,,2025-03-11T19:58:39.236615+00:00,1c1f4ede2bf642baa8a05a837c4f58ea
2024-11-19,697.6,,ft,Approved,,2025-03-11T19:58:39.236615+00:00,1c1f4ede2bf642baa8a05a837c4f58ea
2024-11-20,697.59,,ft,Approved,,2025-03-11T19:58:39.236615+00:00,1c1f4ede2bf642baa8a05a837c4f58ea
2024-11-21,697.58,,ft,Approved,,2025-03-11T19:58:39.236615+00:00,1c1f4ede2bf642baa8a05a837c4f58ea
2024-11-22,697.58,,ft,Approved,,2025-03-11T19:58:39.236615+00:00,1c1f4ede2bf642baa8a05a837c4f58ea
2024-11-23,697.58,,ft,Approved,,2025-03-11T19:58:39.236615+00:00,1c1f4ede2bf642baa8a05a837c4f58ea
2024-11-24,697.59,,ft,Approved,,2025-03-11T19:58:39.236615+00:00,1c1f4ede2bf642baa8a05a837c4f58ea
2024-11-25,697.59,,ft,Approved,,2025-03-11T19:58:39.236615+00:00,1c1f4ede2bf642baa8a05a837c4f58ea
2024-11-26,697.57,,ft,Approved,,2025-03-11T19:58:39.236615+00:00,1c1f4ede2bf642baa8a05a837c4f58ea
2024-11-27,697.57,,ft,Approved,,2025-03-11T19:58:39.236615+00:00,1c1f4ede2bf642baa8a05a837c4f58ea
2024-11-28,697.56,,ft,Approved,,2025-03-11T19:58:39.236615+00:00,1c1f4ede2bf642baa8a05a837c4f58ea
2024-11-29,697.54,,ft,Approved,,2025-03-11T19:58:39.236615+00:00,1c1f4ede2bf642baa8a05a837c4f58ea
2024-11-30,697.54,,ft,Approved,,2025-03-11T19:58:39.236615+00:00,1c1f4ede2bf642baa8a05a837c4f58ea
2024-12-01,697.54,,ft,Approved,,2025-03-11T19:58:39.236615+00:00,1c1f4ede2bf642baa8a05a837c4f58ea
2024-12-02,697.54,,ft,Approved,,2025-03-11T19:58:39.236615+00:00,1c1f4ede2bf642baa8a05a837c4f58ea
2024-12-03,697.54,,ft,Approved,,2025-03-11T19:58:39.236615+00:00,1c1f4ede2bf642baa8a05a837c4f58ea
2024-12-04,697.56,,ft,Approved,,2025-03-11T19:58:39.236615+00:00,1c1f4ede2bf642baa8a05a837c4f58ea
2024-12-05,697.59,,ft,Approved,,2025-03-11T19:58:39.236615+00:00,1c1f4ede2bf642baa8a05a837c4f58ea
2024-12-06,697.59,,ft,Approved,,2025-03-11T19:58:39.236615+00:00,1c1f4ede2bf642baa8a05a837c4f58ea
2024-12-07,697.62,,ft,Approved,,2025-03-11T19:58:39.236615+00:00,1c1f4ede2bf642baa8a05a837c4f58ea
2024-12-08,697.67,,ft,Approved,,2025-03-11T19:58:39.236615+00:00,1c1f4ede2bf642baa8a05a837c4f58ea
2024-12-09,697.7,,ft,Approved,,2025-03-11T19:58:39.236615+00:00,1c1f4ede2bf642baa8a05a837c4f58ea
2024-12-10,697.72,,ft,Approved,,2025-03-11T19:58:39.236615+00:00,1c1f4ede2bf642baa8a05a837c4f58ea
2024-12-11,697.72,,ft,Approved,,2025-03-11T19:58:39.236615+00:00,1c1f4ede2bf642baa8a05a837c4f58ea
2024-12-12,697.73,,ft,Approved,,2025-03-11T19:58:39.236615+00:00,1c1f4ede2bf642baa8a05a837c4f58ea
2024-12-13,697.75,,ft,Approved,,2025-03-11T19:58:39.236615+00:00,1c1f4ede2bf642baa8a05a837c4f58ea
2024-12-14,697.85,,ft,Approved,,2025-03-11T19:58:39.236615+00:00,1c1f4ede2bf642baa8a05a837c4f58ea
2024-12-15,697.92,,ft,Approved,,2025-03-11T19:58:39.236615+00:00,1c1f4ede2bf642baa8a05a837c4f58ea
2024-12-16,697.97,,ft,Approved,,2025-03-11T19:58:39.236615+00:00,1c1f4ede2bf642baa8a05a837c4f58ea
2024-12-17,698.0,,ft,Approved,,2025-03-11T19:58:39.236615+00:00,1c1f4ede2bf642baa8a05a837c4f58ea
2024-12-18,698.05,,ft,Approved,,2025-03-11T19:58:39.236615+00:00,1c1f4ede2bf642baa8a05a837c4f58ea
2024-12-19,698.08,,ft,Approved,,2025-03-11T19:58:39.236615+00:00,1c1f4ede2bf642baa8a05a837c4f58ea
2024-12-20,698.09,,ft,Approved,,2025-03-11T19:58:39.236615+00:00,1c1f4ede2bf642baa8a05a837c4f58ea
2024-12-21,698.1,,ft,Approved,,2025-03-11T19:58:39.236615+00:00,1c1f4ede2bf642baa8a05a837c4f58ea
2024-12-22,698.11,,ft,Approved,,2025-03-11T19:58:39.236615+00:00,1c1f4ede2bf642baa8a05a837c4f58ea
2024-12-23,698.12,,ft,Approved,,2025-03-11T19:58:39.236615+00:00,1c1f4ede2bf642baa8a05a837c4f58ea
2024-12-24,698.13,,ft,Approved,,2025-03-11T19:58:39.236615+00:00,1c1f4ede2bf642baa8a05a837c4f58ea
2024-12-25,698.14,,ft,Approved,,2025-03-11T19:58:39.236615+00:00,1c1f4ede2bf642baa8a05a837c4f58ea
2024-12-26,698.15,,ft,Approved,,2025-03-11T19:58:39.236615+00:00,1c1f4ede2bf642baa8a05a837c4f58ea
2024-12-27,698.16,,ft,Approved,,2025-03-11T19:58:39.236615+00:00,1c1f4ede2bf642baa8a05a837c4f58ea
2024-12-28,698.17,,ft,Approved,,2025-03-11T19:58:39.236615+00:00,1c1f4ede2bf642baa8a05a837c4f58ea
2024-12-29,698.17,,ft,Approved,,2025-03-11T19:58:39.236615+00:00,1c1f4ede2bf642baa8a05a837c4f58ea
2024-12-30,698.17,,ft,Approved,,2025-03-11T19:58:39.236615+00:00,1c1f4ede2bf642baa8a05a837c4f58ea
2024-12-31,698.17,,ft,Approved,,2025-03-11T19:58:39.236615+00:00,1c1f4ede2bf642baa8a05a837c4f58ea
2025-01-01,698.16,,ft,Approved,,2025-03-11T19:58:39.236615+00:00,1c1f4ede2bf642baa8a05a837c4f58ea
2025-01-02,698.15,,ft,Approved,,2025-03-11T19:58:39.236615+00:00,1c1f4ede2bf642baa8a05a837c4f58ea
2025-01-03,698.16,,ft,Approved,,2025-03-11T19:58:39.236615+00:00,1c1f4ede2bf642baa8a05a837c4f58ea
2025-01-04,698.17,,ft,Approved,,2025-03-11T19:58:39.236615+00:00,1c1f4ede2bf642baa8a05a837c4f58ea
2025-01-05,698.18,,ft,Approved,,2025-03-11T19:58:39.236615+00:00,1c1f4ede2bf642baa8a05a837c4f58ea
2025-01-06,698.15,,ft,Approved,,2025-03-11T19:58:39.236615+00:00,1c1f4ede2bf642baa8a05a837c4f58ea
2025-01-07,698.14,,ft,Approved,,2025-03-11T19:58:39.236615+00:00,1c1f4ede2bf642baa8a05a837c4f58ea
2025-01-08,698.13,,ft,Approved,,2025-03-11T19:58:39.236615+00:00,1c1f4ede2bf642baa8a05a837c4f58ea
2025-01-09,698.18,,ft,Approved,,2025-03-11T19:58:39.236615+00:00,1c1f4ede2bf642baa8a05a837c4f58ea
2025-01-10,698.52,,ft,Approved,,2025-03-11T19:58:39.236615+00:00,1c1f4ede2bf642baa8a05a837c4f58ea
2025-01-11,698.57,,ft,Approved,,2025-03-11T19:58:39.236615+00:00,1c1f4ede2bf642baa8a05a837c4f58ea
2025-01-12,698.6,,ft,Approved,,2025-03-11T19:58:39.236615+00:00,1c1f4ede2bf642baa8a05a837c4f58ea
2025-01-13,698.61,,ft,Approved,,2025-03-11T19:58:39.236615+00:00,1c1f4ede2bf642baa8a05a837c4f58ea
2025-01-14,698.62,,ft,Approved,,2025-03-11T19:58:39.236615+00:00,1c1f4ede2bf642baa8a05a837c4f58ea
2025-01-15,698.64,,ft,Approved,,2025-04-22T15:00:08.505982+00:00,1c1f4ede2bf642baa8a05a837c4f58ea
2025-01-16,698.64,,ft,Approved,,2025-04-22T15:00:08.505982+00:00,1c1f4ede2bf642baa8a05a837c4f58ea
2025-01-17,698.65,,ft,Approved,,2025-04-22T15:00:08.505982+00:00,1c1f4ede2bf642baa8a05a837c4f58ea
2025-01-18,698.67,,ft,Approved,,2025-04-22T15:00:08.505982+00:00,1c1f4ede2bf642baa8a05a837c4f58ea
2025-01-19,698.66,,ft,Approved,,2025-04-22T15:00:08.505982+00:00,1c1f4ede2bf642baa8a05a837c4f58ea
2025-01-20,698.64,,ft,Approved,,2025-04-22T15:00:08.505982+00:00,1c1f4ede2bf642baa8a05a837c4f58ea
2025-01-21,698.65,,ft,Approved,,2025-04-22T15:00:08.505982+00:00,1c1f4ede2bf642baa8a05a837c4f58ea
2025-01-22,698.65,,ft,Approved,,2025-04-22T15:00:08.505982+00:00,1c1f4ede2bf642baa8a05a837c4f58ea
2025-01-23,698.66,,ft,Approved,,2025-04-22T15:00:08.505982+00:00,1c1f4ede2bf642baa8a05a837c4f58ea
2025-01-24,698.66,,ft,Approved,,2025-04-22T15:00:08.505982+00:00,1c1f4ede2bf642baa8a05a837c4f58ea
2025-01-25,698.66,,ft,Approved,,2025-04-22T15:00:08.505982+00:00,1c1f4ede2bf642baa8a05a837c4f58ea
2025-01-26,698.69,,ft,Approved,,2025-04-22T15:00:08.505982+00:00,1c1f4ede2bf642baa8a05a837c4f58ea
2025-01-27,698.7,,ft,Approved,,2025-04-22T15:00:08.505982+00:00,1c1f4ede2bf642baa8a05a837c4f58ea
2025-01-28,698.71,,ft,Approved,,2025-04-22T15:00:08.505982+00:00,1c1f4ede2bf642baa8a05a837c4f58ea
2025-01-29,698.73,,ft,Approved,,2025-04-22T15:00:08.505982+00:00,1c1f4ede2bf642baa8a05a837c4f58ea
2025-01-30,699.12,,ft,Approved,,2025-04-22T15:00:08.505982+00:00,1c1f4ede2bf642baa8a05a837c4f58ea
2025-01-31,699.27,,ft,Approved,,2025-04-22T15:00:08.505982+00:00,1c1f4ede2bf642baa8a05a837c4f58ea
2025-02-01,699.21,,ft,Approved,,2025-04-22T15:00:08.505982+00:00,1c1f4ede2bf642baa8a05a837c4f58ea
2025-02-02,699.17,,ft,Approved,,2025-04-22T15:00:08.505982+00:00,1c1f4ede2bf642baa8a05a837c4f58ea
2025-02-03,699.16,,ft,Approved,,2025-04-22T15:00:08.505982+00:00,1c1f4ede2bf642baa8a05a837c4f58ea
2025-02-04,699.15,,ft,Approved,,2025-04-22T15:00:08.505982+00:00,1c1f4ede2bf642baa8a05a837c4f58ea
2025-02-05,699.14,,ft,Approved,,2025-04-22T15:00:08.505982+00:00,1c1f4ede2bf642baa8a05a837c4f58ea
2025-02-06,699.13,,ft,Approved,,2025-04-22T15:00:08.505982+00:00,1c1f4ede2bf642baa8a05a837c4f58ea
2025-02-07,699.12,,ft,Approved,,2025-04-22T15:00:08.505982+00:00,1c1f4ede2bf642baa8a05a837c4f58ea
2025-02-08,699.11,,ft,Approved,,2025-04-22T15:00:08.505982+00:00,1c1f4ede2bf642baa8a05a837c4f58ea
2025-02-09,699.1,,ft,Approved,,2025-04-22T15:00:08.505982+00:00,1c1f4ede2bf642baa8a05a837c4f58ea
2025-02-10,699.08,,ft,Approved,,2025-04-22T15:00:08.505982+00:00,1c1f4ede2bf642baa8a05a837c4f58ea
2025-02-11,699.29,,ft,Approved,,2025-04-22T15:00:08.505982+00:00,1c1f4ede2bf642baa8a05a837c4f58ea
2025-02-12,699.61,,ft,Approved,,2025-04-22T15:00:08.505982+00:00,1c1f4ede2bf642baa8a05a837c4f58ea
2025-02-13,699.39,,ft,Approved,,2025-04-22T15:00:08.505982+00:00,1c1f4ede2bf642baa8a05a837c4f58ea
2025-02-14,699.25,,ft,Approved,,2025-04-22T15:00:08.505982+00:00,1c1f4ede2bf642baa8a05a837c4f58ea
2025-02-15,699.22,,ft,Approved,,2025-04-22T15:00:08.505982+00:00,1c1f4ede2bf642baa8a05a837c4f58ea
2025-02-16,699.18,,ft,Approved,,2025-04-22T15:00:08.505982+00:00,1c1f4ede2bf642baa8a05a837c4f58ea
2025-02-17,699.16,,ft,Approved,,2025-04-22T15:00:08.505982+00:00,1c1f4ede2bf642baa8a05a837c4f58ea
2025-02-18,699.16,,ft,Approved,,2025-04-22T15:00:08.505982+00:00,1c1f4ede2bf642baa8a05a837c4f58ea
2025-02-19,699.13,,ft,Approved,,2025-04-22T15:00:08.505982+00:00,1c1f4ede2bf642baa8a05a837c4f58ea
2025-02-20,699.11,,ft,Approved,,2025-04-22T15:00:08.505982+00:00,1c1f4ede2bf642baa8a05a837c4f58ea
2025-02-21,699.11,,ft,Approved,,2025-04-22T15:00:08.505982+00:00,1c1f4ede2bf642baa8a05a837c4f58ea
2025-02-22,699.11,,ft,Approved,,2025-04-22T15:00:08.505982+00:00,1c1f4ede2bf642baa8a05a837c4f58ea
2025-02-23,699.13,,ft,Approved,,2025-04-22T15:00:08.505982+00:00,1c1f4ede2bf642baa8a05a837c4f58ea
2025-02-24,699.13,,ft,Approved,,2025-04-22T15:00:08.505982+00:00,1c1f4ede2bf642baa8a05a837c4f58ea
2025-02-25,699.13,,ft,Approved,,2025-04-22T15:00:08.505982+00:00,1c1f4ede2bf642baa8a05a837c4f58ea
2025-02-26,699.13,,ft,Approved,,2025-04-22T15:00:08.505982+00:00,1c1f4ede2bf642baa8a05a837c4f58ea
2025-02-27,699.11,,ft,Approved,,2025-04-22T15:00:08.505982+00:00,1c1f4ede2bf642baa8a05a837c4f58ea
2025-02-28,699.11,,ft,Approved,,2025-04-22T15:00:08.505982+00:00,1c1f4ede2bf642baa8a05a837c4f58ea
2025-03-01,699.11,,ft,Approved,,2025-04-22T15:00:08.505982+00:00,1c1f4ede2bf642baa8a05a837c4f58ea
2025-03-02,699.11,,ft,Approved,,2025-04-22T15:00:08.505982+00:00,1c1f4ede2bf642baa8a05a837c4f58ea
2025-03-03,699.11,,ft,Approved,,2025-04-22T15:00:08.505982+00:00,1c1f4ede2bf642baa8a05a837c4f58ea
2025-03-04,699.11,,ft,Approved,,2025-04-22T15:00:08.505982+00:00,1c1f4ede2bf642baa8a05a837c4f58ea
2025-03-05,699.08,,ft,Approved,,2025-04-22T15:00:08.505982+00:00,1c1f4ede2bf642baa8a05a837c4f58ea
2025-03-06,699.08,,ft,Approved,,2025-04-22T15:00:08.505982+00:00,1c1f4ede2bf642baa8a05a837c4f58ea
2025-03-07,699.08,,ft,Approved,,2025-04-22T15:00:08.505982+00:00,1c1f4ede2bf642baa8a05a837c4f58ea
2025-03-08,699.08,,ft,Approved,,2025-04-22T15:00:08.505982+00:00,1c1f4ede2bf642baa8a05a837c4f58ea
2025-03-09,699.06,,ft,Approved,,2025-04-22T15:00:08.505982+00:00,1c1f4ede2bf642baa8a05a837c4f58ea
2025-03-10,699.05,,ft,Approved,,2025-04-22T15:00:08.505982+00:00,1c1f4ede2bf642baa8a05a837c4f58ea
2025-03-11,699.05,,ft,Approved,,2025-04-22T15:00:08.505982+00:00,1c1f4ede2bf642baa8a05a837c4f58ea
2025-03-12,699.04,,ft,Approved,,2025-04-22T15:00:08.505982+00:00,1c1f4ede2bf642baa8a05a837c4f58ea
2025-03-13,699.04,,ft,Approved,,2025-04-22T15:00:08.505982+00:00,1c1f4ede2bf642baa8a05a837c4f58ea
2025-03-14,699.04,,ft,Approved,,2025-04-22T15:00:08.505982+00:00,1c1f4ede2bf642baa8a05a837c4f58ea
2025-03-15,699.02,,ft,Approved,,2025-04-22T15:00:08.505982+00:00,1c1f4ede2bf642baa8a05a837c4f58ea
2025-03-16,698.99,,ft,Approved,,2025-04-22T15:00:08.505982+00:00,1c1f4ede2bf642baa8a05a837c4f58ea
2025-03-17,698.98,,ft,Approved,,2025-04-22T15:00:08.505982+00:00,1c1f4ede2bf642baa8a05a837c4f58ea
2025-03-18,698.97,,ft,Approved,,2025-06-10T19:47:16.726002+00:00,1c1f4ede2bf642baa8a05a837c4f58ea
2025-03-19,698.95,,ft,Approved,,2025-06-10T19:47:16.726002+00:00,1c1f4ede2bf642baa8a05a837c4f58ea
2025-03-20,698.92,,ft,Approved,,2025-06-10T19:47:16.726002+00:00,1c1f4ede2bf642baa8a05a837c4f58ea
2025-03-21,698.9,,ft,Approved,,2025-06-10T19:47:16.726002+00:00,1c1f4ede2bf642baa8a05a837c4f58ea
2025-03-22,698.9,,ft,Approved,,2025-06-10T19:47:16.726002+00:00,1c1f4ede2bf642baa8a05a837c4f58ea
2025-03-23,698.89,,ft,Approved,,2025-06-10T19:47:16.726002+00:00,1c1f4ede2bf642baa8a05a837c4f58ea
2025-03-24,698.89,,ft,Approved,,2025-06-10T19:47:16.726002+00:00,1c1f4ede2bf642baa8a05a837c4f58ea
2025-03-25,698.88,,ft,Approved,,2025-06-10T19:47:16.726002+00:00,1c1f4ede2bf642baa8a05a837c4f58ea
2025-03-26,698.87,,ft,Approved,,2025-06-10T19:47:16.726002+00:00,1c1f4ede2bf642baa8a05a837c4f58ea
2025-03-27,698.93,,ft,Approved,,2025-06-10T19:47:16.726002+00:00,1c1f4ede2bf642baa8a05a837c4f58ea
2025-03-28,699.15,,ft,Approved,,2025-06-10T19:47:16.726002+00:00,1c1f4ede2bf642baa8a05a837c4f58ea
2025-03-29,699.16,,ft,Approved,,2025-06-10T19:47:16.726002+00:00,1c1f4ede2bf642baa8a05a837c4f58ea
2025-03-30,699.14,,ft,Approved,,2025-06-10T19:47:16.726002+00:00,1c1f4ede2bf642baa8a05a837c4f58ea
2025-03-31,699.13,,ft,Approved,,2025-06-10T19:47:16.726002+00:00,1c1f4ede2bf642baa8a05a837c4f58ea
2025-04-01,699.11,,ft,Approved,,2025-06-10T19:47:16.726002+00:00,1c1f4ede2bf642baa8a05a837c4f58ea
2025-04-02,699.11,,ft,Approved,,2025-06-10T19:47:16.726002+00:00,1c1f4ede2bf642baa8a05a837c4f58ea
2025-04-03,699.1,,ft,Approved,,2025-06-10T19:47:16.726002+00:00,1c1f4ede2bf642baa8a05a837c4f58ea
2025-04-04,699.09,,ft,Approved,,2025-06-10T19:47:16.726002+00:00,1c1f4ede2bf642baa8a05a837c4f58ea
2025-04-05,699.1,,ft,Approved,,2025-06-10T19:47:16.726002+00:00,1c1f4ede2bf642baa8a05a837c4f58ea
2025-04-06,699.07,,ft,Approved,,2025-06-10T19:47:16.726002+00:00,1c1f4ede2bf642baa8a05a837c4f58ea
2025-04-07,699.05,,ft,Approved,,2025-06-10T19:47:16.726002+00:00,1c1f4ede2bf642baa8a05a837c4f58ea
2025-04-08,699.05,,ft,Approved,,2025-06-10T19:47:16.726002+00:00,1c1f4ede2bf642baa8a05a837c4f58ea
2025-04-09,699.05,,ft,Approved,,2025-06-10T19:47:16.726002+00:00,1c1f4ede2bf642baa8a05a837c4f58ea
2025-04-10,699.04,,ft,Approved,,2025-06-10T19:47:16.726002+00:00,1c1f4ede2bf642baa8a05a837c4f58ea
2025-04-11,699.04,,ft,Approved,,2025-06-10T19:47:16.726002+00:00,1c1f4ede2bf642baa8a05a837c4f58ea
2025-04-12,699.03,,ft,Approved,,2025-06-10T19:47:16.726002+00:00,1c1f4ede2bf642baa8a05a837c4f58ea
2025-04-13,699.01,,ft,Approved,,2025-06-10T19:47:16.726002+00:00,1c1f4ede2bf642baa8a05a837c4f58ea
2025-04-14,698.98,,ft,Approved,,2025-06-10T19:47:16.726002+00:00,1c1f4ede2bf642baa8a05a837c4f58ea
2025-04-15,698.96,,ft,Approved,,2025-06-10T19:47:16.726002+00:00,1c1f4ede2bf642baa8a05a837c4f58ea
2025-04-16,698.94,,ft,Approved,,2025-06-10T19:47:16.726002+00:00,1c1f4ede2bf642baa8a05a837c4f58ea
2025-04-17,698.92,,ft,Approved,,2025-06-10T19:47:16.726002+00:00,1c1f4ede2bf642baa8a05a837c4f58ea
2025-04-18,698.9,,ft,Approved,,2025-06-10T19:47:16.726002+00:00,1c1f4ede2bf642baa8a05a837c4f58ea
2025-04-19,698.88,,ft,Approved,,2025-06-10T19:47:16.726002+00:00,1c1f4ede2bf642baa8a05a837c4f58ea
2025-04-20,698.89,,ft,Approved,,2025-06-10T19:47:16.726002+00:00,1c1f4ede2bf642baa8a05a837c4f58ea
2025-04-21,698.89,,ft,Approved,,2025-06-10T19:47:16.726002+00:00,1c1f4ede2bf642baa8a05a837c4f58ea
2025-04-22,698.89,,ft,Approved,,2025-06-10T19:47:16.726002+00:00,1c1f4ede2bf642baa8a05a837c4f58ea
2025-04-23,699.25,,ft,Approved,,2025-06-10T19:47:16.726002+00:00,1c1f4ede2bf642baa8a05a837c4f58ea
2025-04-24,699.23,,ft,Approved,,2025-06-10T19:47:16.726002+00:00,1c1f4ede2bf642baa8a05a837c4f58ea
2025-04-25,699.17,,ft,Approved,,2025-06-10T19:47:16.726002+00:00,1c1f4ede2bf642baa8a05a837c4f58ea
2025-04-26,699.14,,ft,Approved,,2025-06-10T19:47:16.726002+00:00,1c1f4ede2bf642baa8a05a837c4f58ea
2025-04-27,699.11,,ft,Approved,,2025-06-10T19:47:16.726002+00:00,1c1f4ede2bf642baa8a05a837c4f58ea
2025-04-28,699.09,,ft,Approved,,2025-06-10T19:47:16.726002+00:00,1c1f4ede2bf642baa8a05a837c4f58ea
2025-04-29,699.08,,ft,Approved,,2025-06-10T19:47:16.726002+00:00,1c1f4ede2bf642baa8a05a837c4f58ea
2025-04-30,699.1,,ft,Approved,,2025-06-10T19:47:16.726002+00:00,1c1f4ede2bf642baa8a05a837c4f58ea
2025-05-01,699.52,,ft,Approved,,2025-06-10T19:47:16.726002+00:00,1c1f4ede2bf642baa8a05a837c4f58ea
2025-05-02,699.31,,ft,Approved,,2025-06-10T19:47:16.726002+00:00,1c1f4ede2bf642baa8a05a837c4f58ea
2025-05-03,699.25,,ft,Approved,,2025-06-10T19:47:16.726002+00:00,1c1f4ede2bf642baa8a05a837c4f58ea
2025-05-04,699.18,,ft,Approved,,2025-06-10T19:47:16.726002+00:00,1c1f4ede2bf642baa8a05a837c4f58ea
2025-05-05,699.27,,ft,Approved,,2025-06-10T19:47:16.726002+00:00,1c1f4ede2bf642baa8a05a837c4f58ea
2025-05-06,700.08,,ft,Approved,,2025-06-10T19:47:16.726002+00:00,1c1f4ede2bf642baa8a05a837c4f58ea
2025-05-07,699.64,,ft,Approved,,2025-06-10T19:47:16.726002+00:00,1c1f4ede2bf642baa8a05a837c4f58ea
2025-05-08,699.34,,ft,Approved,,2025-06-10T19:47:16.726002+00:00,1c1f4ede2bf642baa8a05a837c4f58ea
2025-05-09,699.25,,ft,Approved,,2025-06-10T19:47:16.726002+00:00,1c1f4ede2bf642baa8a05a837c4f58ea
2025-05-10,699.2,,ft,Approved,,2025-06-10T19:47:16.726002+00:00,1c1f4ede2bf642baa8a05a837c4f58ea
2025-05-11,699.19,,ft,Approved,,2025-06-10T19:47:16.726002+00:00,1c1f4ede2bf642baa8a05a837c4f58ea
2025-05-12,699.15,,ft,Approved,,2025-06-10T19:47:16.726002+00:00,1c1f4ede2bf642baa8a05a837c4f58ea
2025-05-13,699.14,,ft,Approved,,2025-06-10T19:47:16.726002+00:00,1c1f4ede2bf642baa8a05a837c4f58ea
2025-05-14,699.12,,ft,Approved,,2025-06-10T19:47:16.726002+00:00,1c1f4ede2bf642baa8a05a837c4f58ea
2025-05-15,699.11,,ft,Approved,,2025-06-10T19:47:16.726002+00:00,1c1f4ede2bf642baa8a05a837c4f58ea
2025-05-16,699.1,,ft,Approved,,2025-06-10T19:47:16.726002+00:00,1c1f4ede2bf642baa8a05a837c4f58ea
2025-05-17,699.08,,ft,Approved,,2025-06-10T19:47:16.726002+00:00,1c1f4ede2bf642baa8a05a837c4f58ea
2025-05-18,699.07,,ft,Approved,,2025-06-10T19:47:16.726002+00:00,1c1f4ede2bf642baa8a05a837c4f58ea
2025-05-19,699.06,,ft,Approved,,2025-06-10T19:47:16.726002+00:00,1c1f4ede2bf642baa8a05a837c4f58ea
2025-05-20,699.05,,ft,Approved,,2025-06-10T19:47:16.726002+00:00,1c1f4ede2bf642baa8a05a837c4f58ea
2025-05-21,699.02,,ft,Approved,,2025-08-06T19:02:13.623690+00:00,1c1f4ede2bf642baa8a05a837c4f58ea
2025-05-22,699.01,,ft,Approved,,2026-01-15T19:30:42.933197+00:00,1c1f4ede2bf642baa8a05a837c4f58ea
2025-05-23,699.0,,ft,Approved,,2026-01-15T19:30:42.933197+00:00,1c1f4ede2bf642baa8a05a837c4f58ea
2025-05-24,698.97,,ft,Approved,,2026-01-15T19:30:42.933197+00:00,1c1f4ede2bf642baa8a05a837c4f58ea
2025-05-25,698.95,,ft,Approved,,2026-01-15T19:30:42.933197+00:00,1c1f4ede2bf642baa8a05a837c4f58ea
2025-05-26,698.97,,ft,Approved,,2026-01-15T19:30:42.933197+00:00,1c1f4ede2bf642baa8a05a837c4f58ea
2025-05-27,699.29,,ft,Approved,,2026-01-15T19:30:42.933197+00:00,1c1f4ede2bf642baa8a05a837c4f58ea
2025-05-28,699.2,,ft,Approved,,2026-01-15T19:30:42.933197+00:00,1c1f4ede2bf642baa8a05a837c4f58ea
2025-05-29,699.16,,ft,Approved,,2026-01-15T19:30:42.933197+00:00,1c1f4ede2bf642baa8a05a837c4f58ea
2025-05-30,699.39,,ft,Approved,,2026-01-15T19:30:42.933197+00:00,1c1f4ede2bf642baa8a05a837c4f58ea
2025-05-31,699.29,,ft,Approved,,2026-01-15T19:30:42.933197+00:00,1c1f4ede2bf642baa8a05a837c4f58ea
2025-06-01,699.21,,ft,Approved,,2026-01-15T19:30:42.933197+00:00,1c1f4ede2bf642baa8a05a837c4f58ea
2025-06-02,699.16,,ft,Approved,,2026-01-15T19:30:42.933197+00:00,1c1f4ede2bf642baa8a05a837c4f58ea
2025-06-03,699.13,,ft,Approved,,2026-01-15T19:30:42.933197+00:00,1c1f4ede2bf642baa8a05a837c4f58ea
2025-06-04,699.12,,ft,Approved,,2026-01-15T19:30:42.933197+00:00,1c1f4ede2bf642baa8a05a837c4f58ea
2025-06-05,699.11,,ft,Approved,,2026-01-15T19:30:42.933197+00:00,1c1f4ede2bf642baa8a05a837c4f58ea
2025-06-06,699.09,,ft,Approved,,2026-01-15T19:30:42.933197+00:00,1c1f4ede2bf642baa8a05a837c4f58ea
2025-06-07,699.07,,ft,Approved,,2026-01-15T19:30:42.933197+00:00,1c1f4ede2bf642baa8a05a837c4f58ea
2025-06-08,699.05,,ft,Approved,,2026-01-15T19:30:42.933197+00:00,1c1f4ede2bf642baa8a05a837c4f58ea
2025-06-09,699.2,,ft,Approved,,2026-01-15T19:30:42.933197+00:00,1c1f4ede2bf642baa8a05a837c4f58ea
2025-06-10,699.19,,ft,Approved,,2026-01-15T19:30:42.933197+00:00,1c1f4ede2bf642baa8a05a837c4f58ea
2025-06-11,699.4,,ft,Approved,,2026-01-15T19:30:42.933197+00:00,1c1f4ede2bf642baa8a05a837c4f58ea
2025-06-12,699.39,,ft,Approved,,2026-01-15T19:30:42.933197+00:00,1c1f4ede2bf642baa8a05a837c4f58ea
2025-06-13,699.31,,ft,Approved,,2026-01-15T19:30:42.933197+00:00,1c1f4ede2bf642baa8a05a837c4f58ea
2025-06-14,699.23,,ft,Approved,,2026-01-15T19:30:42.933197+00:00,1c1f4ede2bf642baa8a05a837c4f58ea
2025-06-15,699.18,,ft,Approved,,2026-01-15T19:30:42.933197+00:00,1c1f4ede2bf642baa8a05a837c4f58ea
2025-06-16,699.17,,ft,Approved,,2026-01-15T19:30:42.933197+00:00,1c1f4ede2bf642baa8a05a837c4f58ea
2025-06-17,699.14,,ft,Approved,,2026-01-15T19:30:42.933197+00:00,1c1f4ede2bf642baa8a05a837c4f58ea
2025-06-18,699.11,,ft,Approved,,2026-01-15T19:30:42.933197+00:00,1c1f4ede2bf642baa8a05a837c4f58ea
2025-06-19,699.09,,ft,Approved,,2026-01-15T19:30:42.933197+00:00,1c1f4ede2bf642baa8a05a837c4f58ea
2025-06-20,699.08,,ft,Approved,,2026-01-15T19:30:42.933197+00:00,1c1f4ede2bf642baa8a05a837c4f58ea
2025-06-21,699.05,,ft,Approved,,2026-01-15T19:30:42.933197+00:00,1c1f4ede2bf642baa8a05a837c4f58ea
2025-06-22,699.03,,ft,Approved,,2026-01-15T19:30:42.933197+00:00,1c1f4ede2bf642baa8a05a837c4f58ea
2025-06-23,699.01,,ft,Approved,,2026-01-15T19:30:42.933197+00:00,1c1f4ede2bf642baa8a05a837c4f58ea
2025-06-24,698.98,,ft,Approved,,2026-01-15T19:30:42.933197+00:00,1c1f4ede2bf642baa8a05a837c4f58ea
2025-06-25,698.98,,ft,Approved,,2026-01-15T19:30:42.933197+00:00,1c1f4ede2bf642baa8a05a837c4f58ea
2025-06-26,699.02,,ft,Approved,,2026-01-15T19:30:42.933197+00:00,1c1f4ede2bf642baa8a05a837c4f58ea
2025-06-27,699.05,,ft,Approved,,2026-01-15T19:30:42.933197+00:00,1c1f4ede2bf642baa8a05a837c4f58ea
2025-06-28,699.03,,ft,Approved,,2026-01-15T19:30:42.933197+00:00,1c1f4ede2bf642baa8a05a837c4f58ea
2025-06-29,699.0,,ft,Approved,,2026-01-15T19:30:42.933197+00:00,1c1f4ede2bf642baa8a05a837c4f58ea
2025-06-30,698.98,,ft,Approved,,2026-01-15T19:30:42.933197+00:00,1c1f4ede2bf642baa8a05a837c4f58ea
2025-07-01,698.96,,ft,Approved,,2026-01-15T19:30:42.933197+00:00,1c1f4ede2bf642baa8a05a837c4f58ea
2025-07-02,698.94,,ft,Approved,,2026-01-15T19:30:42.933197+00:00,1c1f4ede2bf642baa8a05a837c4f58ea
2025-07-03,699.21,,ft,Approved,,2026-01-15T19:30:42.933197+00:00,1c1f4ede2bf642baa8a05a837c4f58ea
2025-07-04,699.53,,ft,Approved,,2026-01-15T19:30:42.933197+00:00,1c1f4ede2bf642baa8a05a837c4f58ea
2025-07-05,701.36,,ft,Approved,,2026-01-15T19:30:42.933197+00:00,1c1f4ede2bf642baa8a05a837c4f58ea
2025-07-06,701.31,,ft,Approved,,2026-01-15T19:30:42.933197+00:00,1c1f4ede2bf642baa8a05a837c4f58ea
2025-07-07,700.44,,ft,Approved,,2026-01-15T19:30:42.933197+00:00,1c1f4ede2bf642baa8a05a837c4f58ea
2025-07-08,700.42,,ft,Approved,,2026-01-15T19:30:42.933197+00:00,1c1f4ede2bf642baa8a05a837c4f58ea
2025-07-09,700.79,,ft,Approved,,2026-01-15T19:30:42.933197+00:00,1c1f4ede2bf642baa8a05a837c4f58ea
2025-07-10,700.1,,ft,Approved,,2026-01-15T19:30:42.933197+00:00,1c1f4ede2bf642baa8a05a837c4f58ea
2025-07-11,699.67,,ft,Approved,,2026-01-15T19:30:42.933197+00:00,1c1f4ede2bf642baa8a05a837c4f58ea
2025-07-12,699.43,,ft,Approved,,2026-01-15T19:30:42.933197+00:00,1c1f4ede2bf642baa8a05a837c4f58ea
2025-07-13,699.38,,ft,Approved,,2026-01-15T19:30:42.933197+00:00,1c1f4ede2bf642baa8a05a837c4f58ea
2025-07-14,699.36,,ft,Approved,,2026-01-15T19:30:42.933197+00:00,1c1f4ede2bf642baa8a05a837c4f58ea
2025-07-15,699.27,,ft,Approved,,2026-01-15T19:30:42.933197+00:00,1c1f4ede2bf642baa8a05a837c4f58ea
2025-07-16,699.21,,ft,Approved,,2026-01-15T19:30:42.933197+00:00,1c1f4ede2bf642baa8a05a837c4f58ea
2025-07-17,699.17,,ft,Approved,,2026-01-15T19:30:42.933197+00:00,1c1f4ede2bf642baa8a05a837c4f58ea
2025-07-18,699.14,,ft,Approved,,2026-01-15T19:30:42.933197+00:00,1c1f4ede2bf642baa8a05a837c4f58ea
2025-07-19,699.12,,ft,Approved,,2026-01-15T19:30:42.933197+00:00,1c1f4ede2bf642baa8a05a837c4f58ea
2025-07-20,699.11,,ft,Approved,,2026-01-15T19:30:42.933197+00:00,1c1f4ede2bf642baa8a05a837c4f58ea
2025-07-21,699.1,,ft,Approved,,2026-01-15T19:30:42.933197+00:00,1c1f4ede2bf642baa8a05a837c4f58ea
2025-07-22,699.1,,ft,Approved,,2026-01-15T19:30:42.933197+00:00,1c1f4ede2bf642baa8a05a837c4f58ea
2025-07-23,699.09,,ft,Approved,,2026-01-15T19:30:42.933197+00:00,1c1f4ede2bf642baa8a05a837c4f58ea
2025-07-24,699.06,,ft,Approved,,2026-01-15T19:32:35.982456+00:00,1c1f4ede2bf642baa8a05a837c4f58ea
2025-07-25,699.05,,ft,Approved,,2026-01-15T19:32:35.982456+00:00,1c1f4ede2bf642baa8a05a837c4f58ea
2025-07-26,699.05,,ft,Approved,,2026-01-15T19:32:35.982456+00:00,1c1f4ede2bf642baa8a05a837c4f58ea
2025-07-27,699.03,,ft,Approved,,2026-01-15T19:32:35.982456+00:00,1c1f4ede2bf642baa8a05a837c4f58ea
2025-07-28,699.01,,ft,Approved,,2026-01-15T19:32:35.982456+00:00,1c1f4ede2bf642baa8a05a837c4f58ea
2025-07-29,698.98,,ft,Approved,,2026-01-15T19:32:35.982456+00:00,1c1f4ede2bf642baa8a05a837c4f58ea
2025-07-30,698.95,,ft,Approved,,2026-01-15T19:32:35.982456+00:00,1c1f4ede2bf642baa8a05a837c4f58ea
2025-07-31,698.92,,ft,Approved,,2026-01-15T19:32:35.982456+00:00,1c1f4ede2bf642baa8a05a837c4f58ea
2025-08-01,698.9,,ft,Approved,,2026-01-15T19:32:35.982456+00:00,1c1f4ede2bf642baa8a05a837c4f58ea
2025-08-02,698.93,,ft,Approved,,2026-01-15T19:32:35.982456+00:00,1c1f4ede2bf642baa8a05a837c4f58ea
2025-08-03,699.04,,ft,Approved,,2026-01-15T19:32:35.982456+00:00,1c1f4ede2bf642baa8a05a837c4f58ea
2025-08-04,699.03,,ft,Approved,,2026-01-15T19:32:35.982456+00:00,1c1f4ede2bf642baa8a05a837c4f58ea
2025-08-05,699.02,,ft,Approved,,2026-01-15T19:32:35.982456+00:00,1c1f4ede2bf642baa8a05a837c4f58ea
2025-08-06,699.0,,ft,Approved,,2026-01-15T19:32:35.982456+00:00,1c1f4ede2bf642baa8a05a837c4f58ea
2025-08-07,698.98,,ft,Approved,,2026-01-15T19:32:35.982456+00:00,1c1f4ede2bf642baa8a05a837c4f58ea
2025-08-08,698.95,,ft,Approved,,2026-01-15T19:32:35.982456+00:00,1c1f4ede2bf642baa8a05a837c4f58ea
2025-08-09,698.93,,ft,Approved,,2026-01-15T19:32:35.982456+00:00,1c1f4ede2bf642baa8a05a837c4f58ea
2025-08-10,698.9,,ft,Approved,,2026-01-15T19:32:35.982456+00:00,1c1f4ede2bf642baa8a05a837c4f58ea
2025-08-11,698.87,,ft,Approved,,2026-01-15T19:32:35.982456+00:00,1c1f4ede2bf642baa8a05a837c4f58ea
2025-08-12,698.84,,ft,Approved,,2026-01-15T19:32:35.982456+00:00,1c1f4ede2bf642baa8a05a837c4f58ea
2025-08-13,698.82,,ft,Approved,,2026-01-15T19:32:35.982456+00:00,1c1f4ede2bf642baa8a05a837c4f58ea
2025-08-14,698.79,,ft,Approved,,2026-01-15T19:32:35.982456+00:00,1c1f4ede2bf642baa8a05a837c4f58ea
2025-08-15,698.78,,ft,Approved,,2026-01-15T19:32:35.982456+00:00,1c1f4ede2bf642baa8a05a837c4f58ea
2025-08-16,698.78,,ft,Approved,,2026-01-15T19:32:35.982456+00:00,1c1f4ede2bf642baa8a05a837c4f58ea
2025-08-17,698.75,,ft,Approved,,2026-01-15T19:32:35.982456+00:00,1c1f4ede2bf642baa8a05a837c4f58ea
2025-08-18,698.73,,ft,Approved,,2026-01-15T19:32:35.982456+00:00,1c1f4ede2bf642baa8a05a837c4f58ea
2025-08-19,698.71,,ft,Approved,,2026-01-15T19:32:35.982456+00:00,1c1f4ede2bf642baa8a05a837c4f58ea
2025-08-20,698.69,,ft,Approved,,2026-01-15T19:32:35.982456+00:00,1c1f4ede2bf642baa8a05a837c4f58ea
2025-08-21,698.99,,ft,Approved,,2026-01-15T19:32:35.982456+00:00,1c1f4ede2bf642baa8a05a837c4f58ea
2025-08-22,699.45,,ft,Approved,,2026-01-15T19:32:35.982456+00:00,1c1f4ede2bf642baa8a05a837c4f58ea
2025-08-23,699.24,,ft,Approved,,2026-01-15T19:32:35.982456+00:00,1c1f4ede2bf642baa8a05a837c4f58ea
2025-08-24,699.17,,ft,Approved,,2026-01-15T19:32:35.982456+00:00,1c1f4ede2bf642baa8a05a837c4f58ea
2025-08-25,699.13,,ft,Approved,,2026-01-15T19:32:35.982456+00:00,1c1f4ede2bf642baa8a05a837c4f58ea
2025-08-26,699.1,,ft,Approved,,2026-01-15T19:32:35.982456+00:00,1c1f4ede2bf642baa8a05a837c4f58ea
2025-08-27,699.08,,ft,Approved,,2026-01-15T19:32:35.982456+00:00,1c1f4ede2bf642baa8a05a837c4f58ea
2025-08-28,699.06,,ft,Approved,,2026-01-15T19:32:35.982456+00:00,1c1f4ede2bf642baa8a05a837c4f58ea
2025-08-29,699.04,,ft,Approved,,2026-01-15T19:32:35.982456+00:00,1c1f4ede2bf642baa8a05a837c4f58ea
2025-08-30,699.03,,ft,Approved,,2026-01-15T19:32:35.982456+00:00,1c1f4ede2bf642baa8a05a837c4f58ea
2025-08-31,699.03,,ft,Approved,,2026-01-15T19:32:35.982456+00:00,1c1f4ede2bf642baa8a05a837c4f58ea
2025-09-01,699.06,,ft,Approved,,2026-01-15T19:32:35.982456+00:00,1c1f4ede2bf642baa8a05a837c4f58ea
2025-09-02,699.05,,ft,Approved,,2026-01-15T19:32:35.982456+00:00,1c1f4ede2bf642baa8a05a837c4f58ea
2025-09-03,699.03,,ft,Approved,,2026-01-15T19:32:35.982456+00:00,1c1f4ede2bf642baa8a05a837c4f58ea
2025-09-04,699.01,,ft,Approved,,2026-01-15T19:32:35.982456+00:00,1c1f4ede2bf642baa8a05a837c4f58ea
2025-09-05,698.99,,ft,Approved,,2026-01-15T19:32:35.982456+00:00,1c1f4ede2bf642baa8a05a837c4f58ea
2025-09-06,698.97,,ft,Approved,,2026-01-15T19:32:35.982456+00:00,1c1f4ede2bf642baa8a05a837c4f58ea
2025-09-07,698.95,,ft,Approved,,2026-01-15T19:32:35.982456+00:00,1c1f4ede2bf642baa8a05a837c4f58ea
2025-09-08,698.94,,ft,Approved,,2026-01-15T19:32:35.982456+00:00,1c1f4ede2bf642baa8a05a837c4f58ea
2025-09-09,698.92,,ft,Approved,,2026-01-15T19:32:35.982456+00:00,1c1f4ede2bf642baa8a05a837c4f58ea
2025-09-10,698.9,,ft,Approved,,2026-01-15T19:32:35.982456+00:00,1c1f4ede2bf642baa8a05a837c4f58ea
2025-09-11,698.89,,ft,Approved,,2026-01-15T19:32:35.982456+00:00,1c1f4ede2bf642baa8a05a837c4f58ea
2025-09-12,698.87,,ft,Approved,,2026-01-15T19:32:35.982456+00:00,1c1f4ede2bf642baa8a05a837c4f58ea
2025-09-13,698.85,,ft,Approved,,2026-01-15T19:32:35.982456+00:00,1c1f4ede2bf642baa8a05a837c4f58ea
2025-09-14,698.82,,ft,Approved,,2026-01-15T19:32:35.982456+00:00,1c1f4ede2bf642baa8a05a837c4f58ea
2025-09-15,698.8,,ft,Approved,,2026-01-15T19:32:35.982456+00:00,1c1f4ede2bf642baa8a05a837c4f58ea
2025-09-16,698.78,,ft,Approved,,2026-01-15T19:32:35.982456+00:00,1c1f4ede2bf642baa8a05a837c4f58ea
2025-09-17,698.76,,ft,Approved,,2026-01-15T19:32:35.982456+00:00,1c1f4ede2bf642baa8a05a837c4f58ea
2025-09-18,698.74,,ft,Approved,,2026-01-15T19:32:35.982456+00:00,1c1f4ede2bf642baa8a05a837c4f58ea
2025-09-19,698.72,,ft,Approved,,2026-01-15T19:32:35.982456+00:00,1c1f4ede2bf642baa8a05a837c4f58ea
2025-09-20,698.69,,ft,Approved,,2026-01-15T19:32:35.982456+00:00,1c1f4ede2bf642baa8a05a837c4f58ea
2025-09-21,698.67,,ft,Approved,,2026-01-15T19:32:35.982456+00:00,1c1f4ede2bf642baa8a05a837c4f58ea
2025-09-22,698.65,,ft,Approved,,2026-01-15T19:32:35.982456+00:00,1c1f4ede2bf642baa8a05a837c4f58ea
2025-09-23,698.62,,ft,Approved,,2026-01-15T19:32:35.982456+00:00,1c1f4ede2bf642baa8a05a837c4f58ea
2025-09-24,698.61,,ft,Approved,,2026-01-15T19:32:35.982456+00:00,1c1f4ede2bf642baa8a05a837c4f58ea
2025-09-25,698.59,,ft,Approved,,2026-01-15T19:32:35.982456+00:00,1c1f4ede2bf642baa8a05a837c4f58ea
2025-09-26,698.57,,ft,Approved,,2026-01-15T19:32:35.982456+00:00,1c1f4ede2bf642baa8a05a837c4f58ea
2025-09-27,698.54,,ft,Approved,,2026-01-15T19:32:35.982456+00:00,1c1f4ede2bf642baa8a05a837c4f58ea
2025-09-28,698.52,,ft,Approved,,2026-01-15T19:32:35.982456+00:00,1c1f4ede2bf642baa8a05a837c4f58ea
2025-09-29,698.5,,ft,Approved,,2026-01-15T19:32:35.982456+00:00,1c1f4ede2bf642baa8a05a837c4f58ea
2025-09-30,698.48,,ft,Approved,,2026-01-15T19:32:35.982456+00:00,1c1f4ede2bf642baa8a05a837c4f58ea
2025-10-01,698.71,,ft,Approved,,2026-01-15T19:32:35.982456+00:00,1c1f4ede2bf642baa8a05a837c4f58ea
2025-10-02,698.69,,ft,Approved,,2026-01-15T19:32:35.982456+00:00,1c1f4ede2bf642baa8a05a837c4f58ea
2025-10-03,698.67,,ft,Approved,,2026-01-15T19:32:35.982456+00:00,1c1f4ede2bf642baa8a05a837c4f58ea
2025-10-04,698.65,,ft,Approved,,2026-01-15T19:32:35.982456+00:00,1c1f4ede2bf642baa8a05a837c4f58ea
2025-10-05,698.63,,ft,Approved,,2026-01-15T19:32:35.982456+00:00,1c1f4ede2bf642baa8a05a837c4f58ea
2025-10-06,698.61,,ft,Approved,,2026-01-15T19:32:35.982456+00:00,1c1f4ede2bf642baa8a05a837c4f58ea
2025-10-07,698.59,,ft,Approved,,2026-01-15T19:32:35.982456+00:00,1c1f4ede2bf642baa8a05a837c4f58ea
2025-10-08,698.57,,ft,Approved,,2026-01-15T19:32:35.982456+00:00,1c1f4ede2bf642baa8a05a837c4f58ea
2025-10-09,698.55,,ft,Approved,,2026-01-15T19:32:35.982456+00:00,1c1f4ede2bf642baa8a05a837c4f58ea
2025-10-10,698.53,,ft,Approved,,2026-01-15T19:32:35.982456+00:00,1c1f4ede2bf642baa8a05a837c4f58ea
2025-10-11,698.51,,ft,Approved,,2026-01-15T19:32:35.982456+00:00,1c1f4ede2bf642baa8a05a837c4f58ea
2025-10-12,698.48,,ft,Approved,,2026-01-15T19:32:35.982456+00:00,1c1f4ede2bf642baa8a05a837c4f58ea
2025-10-13,698.46,,ft,Approved,,2026-01-15T19:32:35.982456+00:00,1c1f4ede2bf642baa8a05a837c4f58ea
2025-10-14,698.44,,ft,Approved,,2026-01-15T19:32:35.982456+00:00,1c1f4ede2bf642baa8a05a837c4f58ea
2025-10-15,698.42,,ft,Approved,,2026-01-15T19:32:35.982456+00:00,1c1f4ede2bf642baa8a05a837c4f58ea
2025-10-16,698.4,,ft,Approved,,2026-01-15T19:32:35.982456+00:00,1c1f4ede2bf642baa8a05a837c4f58ea
2025-10-17,698.38,,ft,Approved,,2026-01-15T19:32:35.982456+00:00,1c1f4ede2bf642baa8a05a837c4f58ea
2025-10-18,698.37,,ft,Approved,,2026-01-15T19:32:35.982456+00:00,1c1f4ede2bf642baa8a05a837c4f58ea
2025-10-19,698.34,,ft,Approved,,2026-01-15T19:32:35.982456+00:00,1c1f4ede2bf642baa8a05a837c4f58ea
2025-10-20,698.32,,ft,Approved,,2026-01-15T19:32:35.982456+00:00,1c1f4ede2bf642baa8a05a837c4f58ea
2025-10-21,698.3,,ft,Approved,,2026-01-15T19:32:35.982456+00:00,1c1f4ede2bf642baa8a05a837c4f58ea
2025-10-22,698.27,,ft,Approved,,2026-01-15T19:32:35.982456+00:00,1c1f4ede2bf642baa8a05a837c4f58ea
2025-10-23,698.26,,ft,Approved,,2026-01-15T19:32:35.982456+00:00,1c1f4ede2bf642baa8a05a837c4f58ea
2025-10-24,698.25,,ft,Approved,,2026-01-15T19:32:35.982456+00:00,1c1f4ede2bf642baa8a05a837c4f58ea
2025-10-25,698.83,,ft,Approved,,2026-01-15T19:32:35.982456+00:00,1c1f4ede2bf642baa8a05a837c4f58ea
2025-10-26,699.19,,ft,Approved,,2026-01-15T19:32:35.982456+00:00,1c1f4ede2bf642baa8a05a837c4f58ea
2025-10-27,699.23,,ft,Approved,,2026-01-15T19:32:35.982456+00:00,1c1f4ede2bf642baa8a05a837c4f58ea
2025-10-28,699.24,,ft,Approved,,2026-01-15T19:32:35.982456+00:00,1c1f4ede2bf642baa8a05a837c4f58ea
2025-10-29,699.22,,ft,Approved,,2026-01-15T19:32:35.982456+00:00,1c1f4ede2bf642baa8a05a837c4f58ea
2025-10-30,699.19,,ft,Approved,,2026-01-15T19:32:35.982456+00:00,1c1f4ede2bf642baa8a05a837c4f58ea
2025-10-31,699.19,,ft,Approved,,2026-01-15T19:32:35.982456+00:00,1c1f4ede2bf642baa8a05a837c4f58ea
2025-11-01,699.19,,ft,Approved,,2026-01-15T19:32:35.982456+00:00,1c1f4ede2bf642baa8a05a837c4f58ea
2025-11-02,699.19,,ft,Approved,,2026-01-15T19:32:35.982456+00:00,1c1f4ede2bf642baa8a05a837c4f58ea
2025-11-03,699.19,,ft,Approved,,2026-01-15T19:32:35.982456+00:00,1c1f4ede2bf642baa8a05a837c4f58ea
2025-11-04,699.19,,ft,Approved,,2026-01-15T19:32:35.982456+00:00,1c1f4ede2bf642baa8a05a837c4f58ea
2025-11-05,699.19,,ft,Approved,,2026-01-15T19:32:35.982456+00:00,1c1f4ede2bf642baa8a05a837c4f58ea
2025-11-06,699.19,,ft,Approved,,2026-01-15T19:32:35.982456+00:00,1c1f4ede2bf642baa8a05a837c4f58ea
2025-11-07,699.18,,ft,Approved,,2026-01-15T19:32:35.982456+00:00,1c1f4ede2bf642baa8a05a837c4f58ea
2025-11-08,699.18,,ft,Approved,,2026-01-15T19:32:35.982456+00:00,1c1f4ede2bf642baa8a05a837c4f58ea
2025-11-09,699.16,,ft,Approved,,2026-01-15T19:32:35.982456+00:00,1c1f4ede2bf642baa8a05a837c4f58ea
2025-11-10,699.13,,ft,Approved,,2026-01-15T19:32:35.982456+00:00,1c1f4ede2bf642baa8a05a837c4f58ea
2025-11-11,699.12,,ft,Approved,,2026-01-15T19:32:35.982456+00:00,1c1f4ede2bf642baa8a05a837c4f58ea
2025-11-12,699.11,,ft,Approved,,2026-01-15T19:32:35.982456+00:00,1c1f4ede2bf642baa8a05a837c4f58ea
2025-11-13,699.11,,ft,Approved,,2026-01-15T19:32:35.982456+00:00,1c1f4ede2bf642baa8a05a837c4f58ea
2025-11-14,699.11,,ft,Approved,,2026-01-15T19:32:35.982456+00:00,1c1f4ede2bf642baa8a05a837c4f58ea
2025-11-15,699.11,,ft,Approved,,2026-01-15T19:32:35.982456+00:00,1c1f4ede2bf642baa8a05a837c4f58ea
2025-11-16,699.11,,ft,Approved,,2026-01-15T19:32:35.982456+00:00,1c1f4ede2bf642baa8a05a837c4f58ea
2025-11-17,699.11,,ft,Approved,,2026-01-15T19:32:35.982456+00:00,1c1f4ede2bf642baa8a05a837c4f58ea
2025-11-18,699.1,,ft,Approved,,2026-01-15T19:32:35.982456+00:00,1c1f4ede2bf642baa8a05a837c4f58ea
2025-11-19,699.1,,ft,Approved,,2026-01-15T19:32:35.982456+00:00,1c1f4ede2bf642baa8a05a837c4f58ea
2025-11-20,699.11,,ft,Approved,,2026-03-05T20:19:24.220990+00:00,1c1f4ede2bf642baa8a05a837c4f58ea
2025-11-21,699.15,,ft,Approved,,2026-03-05T20:19:24.220990+00:00,1c1f4ede2bf642baa8a05a837c4f58ea
2025-11-22,699.16,,ft,Approved,,2026-03-05T20:19:24.220990+00:00,1c1f4ede2bf642baa8a05a837c4f58ea
2025-11-23,699.15,,ft,Approved,,2026-03-05T20:19:24.220990+00:00,1c1f4ede2bf642baa8a05a837c4f58ea
2025-11-24,699.16,,ft,Approved,,2026-03-05T20:19:24.220990+00:00,1c1f4ede2bf642baa8a05a837c4f58ea
2025-11-25,699.17,,ft,Approved,,2026-03-05T20:19:24.220990+00:00,1c1f4ede2bf642baa8a05a837c4f58ea
2025-11-26,699.16,,ft,Approved,,2026-03-05T20:19:24.220990+00:00,1c1f4ede2bf642baa8a05a837c4f58ea
2025-11-27,699.15,,ft,Approved,,2026-03-05T20:19:24.220990+00:00,1c1f4ede2bf642baa8a05a837c4f58ea
2025-11-28,699.15,,ft,Approved,,2026-03-05T20:19:24.220990+00:00,1c1f4ede2bf642baa8a05a837c4f58ea
2025-11-29,699.14,,ft,Approved,,2026-03-05T20:19:24.220990+00:00,1c1f4ede2bf642baa8a05a837c4f58ea
2025-11-30,699.13,,ft,Approved,,2026-03-05T20:19:24.220990+00:00,1c1f4ede2bf642baa8a05a837c4f58ea
2025-12-01,699.12,,ft,Approved,,2026-03-05T20:19:24.220990+00:00,1c1f4ede2bf642baa8a05a837c4f58ea
2025-12-02,699.11,,ft,Approved,,2026-03-05T20:19:24.220990+00:00,1c1f4ede2bf642baa8a05a837c4f58ea
2025-12-03,699.11,,ft,Approved,,2026-03-05T20:19:24.220990+00:00,1c1f4ede2bf642baa8a05a837c4f58ea
2025-12-04,699.13,,ft,Approved,,2026-03-05T20:19:24.220990+00:00,1c1f4ede2bf642baa8a05a837c4f58ea
2025-12-05,699.13,,ft,Approved,,2026-03-05T20:19:24.220990+00:00,1c1f4ede2bf642baa8a05a837c4f58ea
2025-12-06,699.13,,ft,Approved,,2026-03-05T20:19:24.220990+00:00,1c1f4ede2bf642baa8a05a837c4f58ea
2025-12-07,699.14,,ft,Approved,,2026-03-05T20:19:24.220990+00:00,1c1f4ede2bf642baa8a05a837c4f58ea
2025-12-08,699.13,,ft,Approved,,2026-03-05T20:19:24.220990+00:00,1c1f4ede2bf642baa8a05a837c4f58ea
2025-12-09,699.13,,ft,Approved,,2026-03-05T20:19:24.220990+00:00,1c1f4ede2bf642baa8a05a837c4f58ea
2025-12-10,699.12,,ft,Approved,,2026-03-05T20:19:24.220990+00:00,1c1f4ede2bf642baa8a05a837c4f58ea
2025-12-11,699.12,,ft,Approved,,2026-03-05T20:19:24.220990+00:00,1c1f4ede2bf642baa8a05a837c4f58ea
2025-12-12,699.12,,ft,Approved,,2026-03-05T20:19:24.220990+00:00,1c1f4ede2bf642baa8a05a837c4f58ea
2025-12-13,699.12,,ft,Approved,,2026-03-05T20:19:24.220990+00:00,1c1f4ede2bf642baa8a05a837c4f58ea
2025-12-14,699.12,,ft,Approved,,2026-03-05T20:19:24.220990+00:00,1c1f4ede2bf642baa8a05a837c4f58ea
2025-12-15,699.1,,ft,Approved,,2026-03-05T20:19:24.220990+00:00,1c1f4ede2bf642baa8a05a837c4f58ea
2025-12-16,699.1,,ft,Approved,,2026-03-05T20:19:24.220990+00:00,1c1f4ede2bf642baa8a05a837c4f58ea
2025-12-17,699.11,,ft,Approved,,2026-03-05T20:19:24.220990+00:00,1c1f4ede2bf642baa8a05a837c4f58ea
2025-12-18,699.13,,ft,Approved,,2026-03-05T20:19:24.220990+00:00,1c1f4ede2bf642baa8a05a837c4f58ea
2025-12-19,699.12,,ft,Approved,,2026-03-05T20:19:24.220990+00:00,1c1f4ede2bf642baa8a05a837c4f58ea
2025-12-20,699.11,,ft,Approved,,2026-03-05T20:19:24.220990+00:00,1c1f4ede2bf642baa8a05a837c4f58ea
2025-12-21,699.11,,ft,Approved,,2026-03-05T20:19:24.220990+00:00,1c1f4ede2bf642baa8a05a837c4f58ea
2025-12-22,699.12,,ft,Approved,,2026-03-05T20:19:24.220990+00:00,1c1f4ede2bf642baa8a05a837c4f58ea
2025-12-23,699.12,,ft,Approved,,2026-03-05T20:19:24.220990+00:00,1c1f4ede2bf642baa8a05a837c4f58ea
2025-12-24,699.12,,ft,Approved,,2026-03-05T20:19:24.220990+00:00,1c1f4ede2bf642baa8a05a837c4f58ea
2025-12-25,699.12,,ft,Approved,,2026-03-05T20:19:24.220990+00:00,1c1f4ede2bf642baa8a05a837c4f58ea
2025-12-26,699.13,,ft,Approved,,2026-03-05T20:19:24.220990+00:00,1c1f4ede2bf642baa8a05a837c4f58ea
2025-12-27,699.13,,ft,Approved,,2026-03-05T20:19:24.220990+00:00,1c1f4ede2bf642baa8a05a837c4f58ea
2025-12-28,699.13,,ft,Approved,,2026-03-05T20:19:24.220990+00:00,1c1f4ede2bf642baa8a05a837c4f58ea
2025-12-29,699.1,,ft,Approved,,2026-03-05T20:19:24.220990+00:00,1c1f4ede2bf642baa8a05a837c4f58ea
2025-12-30,699.07,,ft,Approved,,2026-03-05T20:19:24.220990+00:00,1c1f4ede2bf642baa8a05a837c4f58ea
2025-12-31,699.06,,ft,Approved,,2026-03-05T20:19:24.220990+00:00,1c1f4ede2bf642baa8a05a837c4f58ea
2026-01-01,699.06,,ft,Approved,,2026-03-05T20:19:24.220990+00:00,1c1f4ede2bf642baa8a05a837c4f58ea
2026-01-02,699.06,,ft,Approved,,2026-03-05T20:19:24.220990+00:00,1c1f4ede2bf642baa8a05a837c4f58ea
2026-01-03,699.05,,ft,Approved,,2026-03-05T20:19:24.220990+00:00,1c1f4ede2bf642baa8a05a837c4f58ea
2026-01-04,699.04,,ft,Approved,,2026-03-05T20:19:24.220990+00:00,1c1f4ede2bf642baa8a05a837c4f58ea
2026-01-05,699.04,,ft,Approved,,2026-03-05T20:19:24.220990+00:00,1c1f4ede2bf642baa8a05a837c4f58ea
2026-01-06,699.04,,ft,Approved,,2026-03-05T20:19:24.220990+00:00,1c1f4ede2bf642baa8a05a837c4f58ea
2026-01-07,699.04,,ft,Approved,,2026-03-05T20:19:24.220990+00:00,1c1f4ede2bf642baa8a05a837c4f58ea
2026-01-08,699.05,,ft,Approved,,2026-03-05T20:19:24.220990+00:00,1c1f4ede2bf642baa8a05a837c4f58ea
2026-01-09,699.04,,ft,Approved,,2026-03-05T20:19:24.220990+00:00,1c1f4ede2bf642baa8a05a837c4f58ea
2026-01-10,699.03,,ft,Approved,,2026-03-05T20:19:24.220990+00:00,1c1f4ede2bf642baa8a05a837c4f58ea
2026-01-11,699.0,,ft,Approved,,2026-03-05T20:19:24.220990+00:00,1c1f4ede2bf642baa8a05a837c4f58ea
2026-01-12,699.0,,ft,Approved,,2026-03-05T20:19:24.220990+00:00,1c1f4ede2bf642baa8a05a837c4f58ea
2026-01-13,698.99,,ft,Approved,,2026-03-05T20:19:24.220990+00:00,1c1f4ede2bf642baa8a05a837c4f58ea
2026-01-14,699.0,,ft,Approved,,2026-03-05T20:19:24.220990+00:00,1c1f4ede2bf642baa8a05a837c4f58ea
2026-01-15,698.98,,ft,Approved,,2026-03-05T20:19:24.220990+00:00,1c1f4ede2bf642baa8a05a837c4f58ea
2026-01-16,698.98,,ft,Approved,,2026-03-05T20:19:24.220990+00:00,1c1f4ede2bf642baa8a05a837c4f58ea
2026-01-17,698.96,,ft,Approved,,2026-03-05T20:19:24.220990+00:00,1c1f4ede2bf642baa8a05a837c4f58ea
2026-01-18,698.95,,ft,Approved,,2026-03-05T20:19:24.220990+00:00,1c1f4ede2bf642baa8a05a837c4f58ea
2026-01-19,698.94,,ft,Approved,,2026-03-05T20:19:24.220990+00:00,1c1f4ede2bf642baa8a05a837c4f58ea
2026-01-20,698.93,,ft,Approved,,2026-03-05T20:19:24.220990+00:00,1c1f4ede2bf642baa8a05a837c4f58ea
2026-01-21,698.94,,ft,Approved,,2026-03-05T20:19:24.220990+00:00,1c1f4ede2bf642baa8a05a837c4f58ea
2026-01-22,698.94,,ft,Approved,,2026-03-05T20:19:24.220990+00:00,1c1f4ede2bf642baa8a05a837c4f58ea
2026-01-23,698.95,,ft,Approved,,2026-03-05T20:19:24.220990+00:00,1c1f4ede2bf642baa8a05a837c4f58ea
2026-01-24,699.47,,ft,Approved,,2026-03-05T20:19:24.220990+00:00,1c1f4ede2bf642baa8a05a837c4f58ea
2026-01-25,699.59,,ft,Approved,,2026-03-05T20:19:24.220990+00:00,1c1f4ede2bf642baa8a05a837c4f58ea
2026-01-26,699.5,,ft,Approved,,2026-03-05T20:19:24.220990+00:00,1c1f4ede2bf642baa8a05a837c4f58ea
2026-01-27,699.48,,ft,Approved,,2026-03-05T20:19:24.220990+00:00,1c1f4ede2bf642baa8a05a837c4f58ea
2026-01-28,699.46,,ft,Approved,,2026-03-05T20:19:24.220990+00:00,1c1f4ede2bf642baa8a05a837c4f58ea
2026-01-29,699.46,,ft,Approved,,2026-03-05T20:19:24.220990+00:00,1c1f4ede2bf642baa8a05a837c4f58ea
2026-01-30,699.44,,ft,Approved,,2026-03-05T20:19:24.220990+00:00,1c1f4ede2bf642baa8a05a837c4f58ea
2026-01-31,699.42,,ft,Approved,,2026-03-05T20:19:24.220990+00:00,1c1f4ede2bf642baa8a05a837c4f58ea
2026-02-01,699.41,,ft,Approved,,2026-03-05T20:19:24.220990+00:00,1c1f4ede2bf642baa8a05a837c4f58ea
2026-02-02,699.41,,ft,Approved,,2026-03-05T20:19:24.220990+00:00,1c1f4ede2bf642baa8a05a837c4f58ea
2026-02-03,699.41,,ft,Approved,,2026-03-05T20:19:24.220990+00:00,1c1f4ede2bf642baa8a05a837c4f58ea
2026-02-04,699.4,,ft,Approved,,2026-03-05T20:19:24.220990+00:00,1c1f4ede2bf642baa8a05a837c4f58ea
2026-02-05,699.38,,ft,Approved,,2026-03-05T20:19:24.220990+00:00,1c1f4ede2bf642baa8a05a837c4f58ea
2026-02-06,699.38,,ft,Approved,,2026-03-05T20:19:24.220990+00:00,1c1f4ede2bf642baa8a05a837c4f58ea
2026-02-07,699.38,,ft,Approved,,2026-03-05T20:19:24.220990+00:00,1c1f4ede2bf642baa8a05a837c4f58ea
2026-02-08,699.37,,ft,Approved,,2026-03-05T20:19:24.220990+00:00,1c1f4ede2bf642baa8a05a837c4f58ea
2026-02-09,699.37,,ft,Approved,,2026-03-05T20:19:24.220990+00:00,1c1f4ede2bf642baa8a05a837c4f58ea
2026-02-10,699.37,,ft,Approved,,2026-03-05T20:19:24.220990+00:00,1c1f4ede2bf642baa8a05a837c4f58ea
2026-02-11,699.36,,ft,Approved,,2026-03-05T20:19:24.220990+00:00,1c1f4ede2bf642baa8a05a837c4f58ea
2026-02-12,699.36,,ft,Approved,,2026-05-15T14:03:29.376568+00:00,1c1f4ede2bf642baa8a05a837c4f58ea
2026-02-13,699.36,,ft,Approved,,2026-05-15T14:03:29.376568+00:00,1c1f4ede2bf642baa8a05a837c4f58ea
2026-02-14,699.38,,ft,Approved,,2026-05-15T14:03:29.376568+00:00,1c1f4ede2bf642baa8a05a837c4f58ea
2026-02-15,699.41,,ft,Approved,,2026-05-15T14:03:29.376568+00:00,1c1f4ede2bf642baa8a05a837c4f58ea
2026-02-16,699.39,,ft,Approved,,2026-05-15T14:03:29.376568+00:00,1c1f4ede2bf642baa8a05a837c4f58ea
2026-02-17,699.38,,ft,Approved,,2026-05-15T14:03:29.376568+00:00,1c1f4ede2bf642baa8a05a837c4f58ea
2026-02-18,699.38,,ft,Approved,,2026-05-15T14:03:29.376568+00:00,1c1f4ede2bf642baa8a05a837c4f58ea
2026-02-19,699.37,,ft,Approved,,2026-05-15T14:03:29.376568+00:00,1c1f4ede2bf642baa8a05a837c4f58ea
2026-02-20,699.36,,ft,Approved,,2026-05-15T14:03:29.376568+00:00,1c1f4ede2bf642baa8a05a837c4f58ea
2026-02-21,699.35,,ft,Approved,,2026-05-15T14:03:29.376568+00:00,1c1f4ede2bf642baa8a05a837c4f58ea
2026-02-22,699.32,,ft,Approved,,2026-05-15T14:03:29.376568+00:00,1c1f4ede2bf642baa8a05a837c4f58ea
2026-02-23,699.31,,ft,Approved,,2026-05-15T14:03:29.376568+00:00,1c1f4ede2bf642baa8a05a837c4f58ea
2026-02-24,699.31,,ft,Approved,,2026-05-15T14:03:29.376568+00:00,1c1f4ede2bf642baa8a05a837c4f58ea
2026-02-25,699.31,,ft,Approved,,2026-05-15T14:03:29.376568+00:00,1c1f4ede2bf642baa8a05a837c4f58ea
2026-02-26,699.31,,ft,Approved,,2026-05-15T14:03:29.376568+00:00,1c1f4ede2bf642baa8a05a837c4f58ea
2026-02-27,699.31,,ft,Approved,,2026-05-15T14:03:29.376568+00:00,1c1f4ede2bf642baa8a05a837c4f58ea
2026-02-28,699.31,,ft,Approved,,2026-05-15T14:03:29.376568+00:00,1c1f4ede2bf642baa8a05a837c4f58ea
2026-03-01,699.3,,ft,Approved,,2026-05-15T14:03:29.376568+00:00,1c1f4ede2bf642baa8a05a837c4f58ea
2026-03-02,699.3,,ft,Approved,,2026-05-15T14:03:29.376568+00:00,1c1f4ede2bf642baa8a05a837c4f58ea
2026-03-03,699.29,,ft,Approved,,2026-05-15T14:03:29.376568+00:00,1c1f4ede2bf642baa8a05a837c4f58ea
2026-03-04,699.28,,ft,Approved,,2026-05-15T14:03:29.376568+00:00,1c1f4ede2bf642baa8a05a837c4f58ea
2026-03-05,699.28,,ft,Approved,,2026-05-15T14:03:29.376568+00:00,1c1f4ede2bf642baa8a05a837c4f58ea
2026-03-06,699.27,,ft,Approved,,2026-05-15T14:03:29.376568+00:00,1c1f4ede2bf642baa8a05a837c4f58ea
2026-03-07,699.29,,ft,Approved,,2026-05-15T14:03:29.376568+00:00,1c1f4ede2bf642baa8a05a837c4f58ea
2026-03-08,699.32,,ft,Approved,,2026-05-15T14:03:29.376568+00:00,1c1f4ede2bf642baa8a05a837c4f58ea
2026-03-09,699.33,,ft,Approved,,2026-05-15T14:03:29.376568+00:00,1c1f4ede2bf642baa8a05a837c4f58ea
2026-03-10,699.34,,ft,Approved,,2026-05-15T14:03:29.376568+00:00,1c1f4ede2bf642baa8a05a837c4f58ea
2026-03-11,699.43,,ft,Approved,,2026-05-15T14:03:29.376568+00:00,1c1f4ede2bf642baa8a05a837c4f58ea
2026-03-12,699.42,,ft,Approved,,2026-05-15T14:03:29.376568+00:00,1c1f4ede2bf642baa8a05a837c4f58ea
2026-03-13,699.39,,ft,Approved,,2026-05-15T14:03:29.376568+00:00,1c1f4ede2bf642baa8a05a837c4f58ea
2026-03-14,699.38,,ft,Approved,,2026-05-15T14:03:29.376568+00:00,1c1f4ede2bf642baa8a05a837c4f58ea
2026-03-15,699.37,,ft,Approved,,2026-05-15T14:03:29.376568+00:00,1c1f4ede2bf642baa8a05a837c4f58ea
2026-03-16,699.31,,ft,Approved,,2026-05-15T14:03:29.376568+00:00,1c1f4ede2bf642baa8a05a837c4f58ea
2026-03-17,699.29,,ft,Approved,,2026-05-15T14:03:29.376568+00:00,1c1f4ede2bf642baa8a05a837c4f58ea
2026-03-18,699.28,,ft,Approved,,2026-05-15T14:03:29.376568+00:00,1c1f4ede2bf642baa8a05a837c4f58ea
2026-03-19,699.28,,ft,Approved,,2026-05-15T14:03:29.376568+00:00,1c1f4ede2bf642baa8a05a837c4f58ea
2026-03-20,699.28,,ft,Approved,,2026-05-15T14:03:29.376568+00:00,1c1f4ede2bf642baa8a05a837c4f58ea
2026-03-21,699.27,,ft,Approved,,2026-05-15T14:03:29.376568+00:00,1c1f4ede2bf642baa8a05a837c4f58ea
2026-03-22,699.26,,ft,Approved,,2026-05-15T14:03:29.376568+00:00,1c1f4ede2bf642baa8a05a837c4f58ea
2026-03-23,699.24,,ft,Approved,,2026-05-15T14:03:29.376568+00:00,1c1f4ede2bf642baa8a05a837c4f58ea
2026-03-24,699.23,,ft,Approved,,2026-05-15T14:03:29.376568+00:00,1c1f4ede2bf642baa8a05a837c4f58ea
2026-03-25,699.22,,ft,Approved,,2026-05-15T14:03:29.376568+00:00,1c1f4ede2bf642baa8a05a837c4f58ea
2026-03-26,699.21,,ft,Approved,,2026-05-15T14:03:29.376568+00:00,1c1f4ede2bf642baa8a05a837c4f58ea
2026-03-27,699.19,,ft,Approved,,2026-05-15T14:03:29.376568+00:00,1c1f4ede2bf642baa8a05a837c4f58ea
2026-03-28,699.15,,ft,Approved,,2026-05-15T14:03:29.376568+00:00,1c1f4ede2bf642baa8a05a837c4f58ea
2026-03-29,699.14,,ft,Approved,,2026-05-15T14:03:29.376568+00:00,1c1f4ede2bf642baa8a05a837c4f58ea
2026-03-30,699.13,,ft,Approved,,2026-05-15T14:03:29.376568+00:00,1c1f4ede2bf642baa8a05a837c4f58ea
2026-03-31,699.11,,ft,Approved,,2026-05-15T14:03:29.376568+00:00,1c1f4ede2bf642baa8a05a837c4f58ea
2026-04-01,699.09,,ft,Approved,,2026-05-15T14:03:29.376568+00:00,1c1f4ede2bf642baa8a05a837c4f58ea
2026-04-02,699.52,,ft,Approved,,2026-05-15T14:03:29.376568+00:00,1c1f4ede2bf642baa8a05a837c4f58ea
2026-04-03,699.6,,ft,Approved,,2026-05-15T14:03:29.376568+00:00,1c1f4ede2bf642baa8a05a837c4f58ea
2026-04-04,699.55,,ft,Approved,,2026-05-15T14:03:29.376568+00:00,1c1f4ede2bf642baa8a05a837c4f58ea
2026-04-05,699.53,,ft,Approved,,2026-05-15T14:03:29.376568+00:00,1c1f4ede2bf642baa8a05a837c4f58ea
2026-04-06,699.46,,ft,Approved,,2026-05-15T14:03:29.376568+00:00,1c1f4ede2bf642baa8a05a837c4f58ea
2026-04-07,699.42,,ft,Approved,,2026-05-15T14:03:29.376568+00:00,1c1f4ede2bf642baa8a05a837c4f58ea
2026-04-08,699.4,,ft,Approved,,2026-05-15T14:03:29.376568+00:00,1c1f4ede2bf642baa8a05a837c4f58ea
2026-04-09,699.41,,ft,Approved,,2026-05-15T14:03:29.376568+00:00,1c1f4ede2bf642baa8a05a837c4f58ea
2026-04-10,699.49,,ft,Approved,,2026-07-28T20:41:08.947115+00:00,1c1f4ede2bf642baa8a05a837c4f58ea
2026-04-11,699.51,,ft,Approved,,2026-07-28T20:41:08.947115+00:00,1c1f4ede2bf642baa8a05a837c4f58ea
2026-04-12,699.52,,ft,Approved,,2026-07-28T20:41:08.947115+00:00,1c1f4ede2bf642baa8a05a837c4f58ea
2026-04-13,699.59,,ft,Approved,,2026-07-28T20:41:08.947115+00:00,1c1f4ede2bf642baa8a05a837c4f58ea
2026-04-14,699.52,,ft,Approved,,2026-07-28T20:41:08.947115+00:00,1c1f4ede2bf642baa8a05a837c4f58ea
2026-04-15,699.48,,ft,Approved,,2026-07-28T20:41:08.947115+00:00,1c1f4ede2bf642baa8a05a837c4f58ea
2026-04-16,699.45,,ft,Approved,,2026-07-28T20:41:08.947115+00:00,1c1f4ede2bf642baa8a05a837c4f58ea
2026-04-17,699.42,,ft,Approved,,2026-07-28T20:41:08.947115+00:00,1c1f4ede2bf642baa8a05a837c4f58ea
2026-04-18,699.42,,ft,Approved,,2026-07-28T20:41:08.947115+00:00,1c1f4ede2bf642baa8a05a837c4f58ea
2026-04-19,699.5,,ft,Approved,,2026-07-28T20:41:08.947115+00:00,1c1f4ede2bf642baa8a05a837c4f58ea
2026-04-20,699.49,,ft,Approved,,2026-07-28T20:41:08.947115+00:00,1c1f4ede2bf642baa8a05a837c4f58ea
2026-04-21,700.13,,ft,Approved,,2026-07-28T20:41:08.947115+00:00,1c1f4ede2bf642baa8a05a837c4f58ea
2026-04-22,699.88,,ft,Approved,,2026-07-28T20:41:08.947115+00:00,1c1f4ede2bf642baa8a05a837c4f58ea
2026-04-23,699.67,,ft,Approved,,2026-07-28T20:41:08.947115+00:00,1c1f4ede2bf642baa8a05a837c4f58ea
2026-04-24,699.58,,ft,Approved,,2026-07-28T20:41:08.947115+00:00,1c1f4ede2bf642baa8a05a837c4f58ea
2026-04-25,699.52,,ft,Approved,,2026-07-28T20:41:08.947115+00:00,1c1f4ede2bf642baa8a05a837c4f58ea
2026-04-26,699.48,,ft,Approved,,2026-07-28T20:41:08.947115+00:00,1c1f4ede2bf642baa8a05a837c4f58ea
2026-04-27,699.46,,ft,Approved,,2026-07-28T20:41:08.947115+00:00,1c1f4ede2bf642baa8a05a837c4f58ea
2026-04-28,699.44,,ft,Approved,,2026-07-28T20:41:08.947115+00:00,1c1f4ede2bf642baa8a05a837c4f58ea
2026-04-29,699.43,,ft,Approved,,2026-07-28T20:41:08.947115+00:00,1c1f4ede2bf642baa8a05a837c4f58ea
2026-04-30,699.44,,ft,Approved,,2026-07-28T20:41:08.947115+00:00,1c1f4ede2bf642baa8a05a837c4f58ea
2026-05-01,699.73,,ft,Approved,,2026-07-28T20:41:08.947115+00:00,1c1f4ede2bf642baa8a05a837c4f58ea
2026-05-02,699.72,,ft,Approved,,2026-07-28T20:41:08.947115+00:00,1c1f4ede2bf642baa8a05a837c4f58ea
2026-05-03,699.59,,ft,Approved,,2026-07-28T20:41:08.947115+00:00,1c1f4ede2bf642baa8a05a837c4f58ea
2026-05-04,699.53,,ft,Approved,,2026-07-28T20:41:08.947115+00:00,1c1f4ede2bf642baa8a05a837c4f58ea
2026-05-05,699.5,,ft,Approved,,2026-07-28T20:41:08.947115+00:00,1c1f4ede2bf642baa8a05a837c4f58ea
2026-05-06,699.47,,ft,Approved,,2026-07-28T20:41:08.947115+00:00,1c1f4ede2bf642baa8a05a837c4f58ea
2026-05-07,699.43,,ft,Approved,,2026-07-28T20:41:08.947115+00:00,1c1f4ede2bf642baa8a05a837c4f58ea
2026-05-08,699.42,,ft,Approved,,2026-07-28T20:41:08.947115+00:00,1c1f4ede2bf642baa8a05a837c4f58ea
2026-05-09,699.42,,ft,Approved,,2026-07-28T20:41:08.947115+00:00,1c1f4ede2bf642baa8a05a837c4f58ea
2026-05-10,699.46,,ft,Approved,,2026-07-28T20:41:08.947115+00:00,1c1f4ede2bf642baa8a05a837c4f58ea
2026-05-11,699.88,,ft,Approved,,2026-07-28T20:41:08.947115+00:00,1c1f4ede2bf642baa8a05a837c4f58ea
2026-05-12,699.6,,ft,Approved,,2026-07-28T20:41:08.947115+00:00,1c1f4ede2bf642baa8a05a837c4f58ea
2026-05-13,699.52,,ft,Approved,,2026-07-28T20:41:08.947115+00:00,1c1f4ede2bf642baa8a05a837c4f58ea
2026-05-14,699.47,,ft,Approved,,2026-07-28T20:41:08.947115+00:00,1c1f4ede2bf642baa8a05a837c4f58ea
2026-05-15,699.43,,ft,Approved,,2026-07-28T20:41:08.947115+00:00,1c1f4ede2bf642baa8a05a837c4f58ea
2026-05-16,699.41,,ft,Approved,,2026-07-28T20:41:08.947115+00:00,1c1f4ede2bf642baa8a05a837c4f58ea
2026-05-17,699.4,,ft,Approved,,2026-07-28T20:41:08.947115+00:00,1c1f4ede2bf642baa8a05a837c4f58ea
2026-05-18,699.4,,ft,Approved,,2026-07-28T20:41:08.947115+00:00,1c1f4ede2bf642baa8a05a837c4f58ea
2026-05-19,699.55,,ft,Approved,,2026-07-28T20:41:08.947115+00:00,1c1f4ede2bf642baa8a05a837c4f58ea
2026-05-20,700.32,,ft,Approved,,2026-07-28T20:41:08.947115+00:00,1c1f4ede2bf642baa8a05a837c4f58ea
2026-05-21,699.76,,ft,Approved,,2026-07-28T20:41:08.947115+00:00,1c1f4ede2bf642baa8a05a837c4f58ea
2026-05-22,699.83,,ft,Approved,,2026-07-28T20:41:08.947115+00:00,1c1f4ede2bf642baa8a05a837c4f58ea
2026-05-23,699.62,,ft,Approved,,2026-07-28T20:41:08.947115+00:00,1c1f4ede2bf642baa8a05a837c4f58ea
2026-05-24,699.54,,ft,Approved,,2026-07-28T20:41:08.947115+00:00,1c1f4ede2bf642baa8a05a837c4f58ea
2026-05-25,699.63,,ft,Approved,,2026-07-28T20:41:08.947115+00:00,1c1f4ede2bf642baa8a05a837c4f58ea
2026-05-26,699.96,,ft,Approved,,2026-07-28T20:41:08.947115+00:00,1c1f4ede2bf642baa8a05a837c4f58ea
2026-05-27,700.11,,ft,Approved,,2026-07-28T20:41:08.947115+00:00,1c1f4ede2bf642baa8a05a837c4f58ea
2026-05-28,699.72,,ft,Approved,,2026-07-28T20:41:08.947115+00:00,1c1f4ede2bf642baa8a05a837c4f58ea
2026-05-29,699.6,,ft,Approved,,2026-07-28T20:41:08.947115+00:00,1c1f4ede2bf642baa8a05a837c4f58ea
2026-05-30,699.53,,ft,Approved,,2026-07-28T20:41:08.947115+00:00,1c1f4ede2bf642baa8a05a837c4f58ea
2026-05-31,699.49,,ft,Approved,,2026-07-28T20:41:08.947115+00:00,1c1f4ede2bf642baa8a05a837c4f58ea
2026-06-01,699.46,,ft,Approved,,2026-07-28T20:41:08.947115+00:00,1c1f4ede2bf642baa8a05a837c4f58ea
2026-06-02,699.44,,ft,Approved,,2026-07-28T20:41:08.947115+00:00,1c1f4ede2bf642baa8a05a837c4f58ea
2026-06-03,699.41,,ft,Approved,,2026-07-28T20:41:08.947115+00:00,1c1f4ede2bf642baa8a05a837c4f58ea
2026-06-04,699.45,,ft,Approved,,2026-07-28T20:41:08.947115+00:00,1c1f4ede2bf642baa8a05a837c4f58ea
2026-06-05,699.47,,ft,Approved,,2026-07-28T20:41:08.947115+00:00,1c1f4ede2bf642baa8a05a837c4f58ea
2026-06-06,699.59,,ft,Approved,,2026-07-28T20:41:08.947115+00:00,1c1f4ede2bf642baa8a05a837c4f58ea
2026-06-07,699.53,,ft,Approved,,2026-07-28T20:41:08.947115+00:00,1c1f4ede2bf642baa8a05a837c4f58ea
2026-06-08,699.47,,ft,Approved,,2026-07-28T20:41:08.947115+00:00,1c1f4ede2bf642baa8a05a837c4f58ea
2026-06-09,699.44,,ft,Approved,,2026-07-28T20:41:08.947115+00:00,1c1f4ede2bf642baa8a05a837c4f58ea
2026-06-10,699.41,,ft,Approved,,2026-07-28T20:41:08.947115+00:00,1c1f4ede2bf642baa8a05a837c4f58ea
2026-06-11,699.4,,ft,Approved,,2026-07-28T20:41:08.947115+00:00,1c1f4ede2bf642baa8a05a837c4f58ea
2026-06-12,699.39,,ft,Approved,,2026-07-28T20:41:08.947115+00:00,1c1f4ede2bf642baa8a05a837c4f58ea
2026-06-13,699.38,,ft,Approved,,2026-07-28T20:41:08.947115+00:00,1c1f4ede2bf642baa8a05a837c4f58ea
2026-06-14,699.38,,ft,Approved,,2026-07-28T20:41:08.947115+00:00,1c1f4ede2bf642baa8a05a837c4f58ea
2026-06-15,701.09,,ft,Approved,,2026-07-28T20:41:08.947115+00:00,1c1f4ede2bf642baa8a05a837c4f58ea
2026-06-16,699.93,,ft,Approved,,2026-07-28T20:41:08.947115+00:00,1c1f4ede2bf642baa8a05a837c4f58ea
2026-06-17,699.65,,ft,Approved,,2026-07-28T20:41:08.947115+00:00,1c1f4ede2bf642baa8a05a837c4f58ea
2026-06-18,699.55,,ft,Approved,,2026-09-28T19:24:18.789451+00:00,1c1f4ede2bf642baa8a05a837c4f58ea
2026-06-19,699.49,,ft,Approved,,2026-09-28T19:24:18.789451+00:00,1c1f4ede2bf642baa8a05a837c4f58ea
2026-06-20,699.46,,ft,Approved,,2026-09-28T19:24:18.789451+00:00,1c1f4ede2bf642baa8a05a837c4f58ea
2026-06-21,699.44,,ft,Approved,,2026-09-28T19:24:18.789451+00:00,1c1f4ede2bf642baa8a05a837c4f58ea
2026-06-22,699.42,,ft,Approved,,2026-09-28T19:24:18.789451+00:00,1c1f4ede2bf642baa8a05a837c4f58ea
2026-06-23,699.4,,ft,Approved,,2026-09-28T19:24:18.789451+00:00,1c1f4ede2bf642baa8a05a837c4f58ea
2026-06-24,699.38,,ft,Approved,,2026-09-28T19:24:18.789451+00:00,1c1f4ede2bf642baa8a05a837c4f58ea
2026-06-25,699.36,,ft,Approved,,2026-09-28T19:24:18.789451+00:00,1c1f4ede2bf642baa8a05a837c4f58ea
2026-06-26,699.34,,ft,Approved,,2026-09-28T19:24:18.789451+00:00,1c1f4ede2bf642baa8a05a837c4f58ea
2026-06-27,699.33,,ft,Approved,,2026-09-28T19:24:18.789451+00:00,1c1f4ede2bf642baa8a05a837c4f58ea
2026-06-28,699.31,,ft,Approved,,2026-09-28T19:24:18.789451+00:00,1c1f4ede2bf642baa8a05a837c4f58ea
2026-06-29,699.29,,ft,Approved,,2026-09-28T19:24:18.789451+00:00,1c1f4ede2bf642baa8a05a837c4f58ea
2026-06-30,699.26,,ft,Approved,,2026-09-28T19:24:18.789451+00:00,1c1f4ede2bf642baa8a05a837c4f58ea
2026-07-01,699.24,,ft,Approved,,2026-09-28T19:24:18.789451+00:00,1c1f4ede2bf642baa8a05a837c4f58ea
2026-07-02,699.22,,ft,Approved,,2026-09-28T19:24:18.789451+00:00,1c1f4ede2bf642baa8a05a837c4f58ea
2026-07-03,699.21,,ft,Approved,,2026-09-28T19:24:18.789451+00:00,1c1f4ede2bf642baa8a05a837c4f58ea
2026-07-04,699.18,,ft,Approved,,2026-09-28T19:24:18.789451+00:00,1c1f4ede2bf642baa8a05a837c4f58ea
2026-07-05,699.16,,ft,Approved,,2026-09-28T19:24:18.789451+00:00,1c1f4ede2bf642baa8a05a837c4f58ea
2026-07-06,699.14,,ft,Approved,,2026-09-28T19:24:18.789451+00:00,1c1f4ede2bf642baa8a05a837c4f58ea
2026-07-07,699.12,,ft,Approved,,2026-09-28T19:24:18.789451+00:00,1c1f4ede2bf642baa8a05a837c4f58ea
2026-07-08,699.09,,ft,Approved,,2026-09-28T19:24:18.789451+00:00,1c1f4ede2bf642baa8a05a837c4f58ea
2026-07-09,699.05,,ft,Approved,,2026-09-28T19:24:18.789451+00:00,1c1f4ede2bf642baa8a05a837c4f58ea
2026-07-10,699.02,,ft,Approved,,2026-09-28T19:24:18.789451+00:00,1c1f4ede2bf642baa8a05a837c4f58ea
2026-07-11,698.99,,ft,Approved,,2026-09-28T19:24:18.789451+00:00,1c1f4ede2bf642baa8a05a837c4f58ea
2026-07-12,698.97,,ft,Approved,,2026-09-28T19:24:18.789451+00:00,1c1f4ede2bf642baa8a05a837c4f58ea
2026-07-13,698.95,,ft,Approved,,2026-09-28T19:24:18.789451+00:00,1c1f4ede2bf642baa8a05a837c4f58ea
2026-07-14,699.59,,ft,Approved,,2026-09-28T19:24:18.789451+00:00,1c1f4ede2bf642baa8a05a837c4f58ea
2026-07-15,699.84,,ft,Approved,,2026-09-28T19:24:18.789451+00:00,1c1f4ede2bf642baa8a05a837c4f58ea
2026-07-16,699.69,,ft,Approved,,2026-09-28T19:24:18.789451+00:00,1c1f4ede2bf642baa8a05a837c4f58ea
2026-07-17,699.57,,ft,Approved,,2026-09-28T19:24:18.789451+00:00,1c1f4ede2bf642baa8a05a837c4f58ea
2026-07-18,699.5,,ft,Approved,,2026-09-28T19:24:18.789451+00:00,1c1f4ede2bf642baa8a05a837c4f58ea
2026-07-19,699.45,,ft,Approved,,2026-09-28T19:24:18.789451+00:00,1c1f4ede2bf642baa8a05a837c4f58ea
2026-07-20,699.42,,ft,Approved,,2026-09-28T19:24:18.789451+00:00,1c1f4ede2bf642baa8a05a837c4f58ea
2026-07-21,699.4,,ft,Approved,,2026-09-28T19:24:18.789451+00:00,1c1f4ede2bf642baa8a05a837c4f58ea
2026-07-22,699.38,,ft,Approved,,2026-09-28T19:24:18.789451+00:00,1c1f4ede2bf642baa8a05a837c4f58ea
2026-07-23,699.36,,ft,Approved,,2026-09-28T19:24:18.789451+00:00,1c1f4ede2bf642baa8a05a837c4f58ea
2026-07-24,699.34,,ft,Approved,,2026-09-28T19:24:18.789451+00:00,1c1f4ede2bf642baa8a05a837c4f58ea
2026-07-25,699.32,,ft,Approved,,2026-09-28T19:24:18.789451+00:00,1c1f4ede2bf642baa8a05a837c4f58ea
2026-07-26,699.3,,ft,Approved,,2026-09-28T19:24:18.789451+00:00,1c1f4ede2bf642baa8a05a837c4f58ea
2026-07-27,699.28,,ft,Approved,,2026-09-28T19:24:18.789451+00:00,1c1f4ede2bf642baa8a05a837c4f58ea
2026-07-28,699.25,,ft,Approved,,2026-09-28T19:24:18.789451+00:00,1c1f4ede2bf642baa8a05a837c4f58ea
2026-07-29,699.22,,ft,Approved,,2026-09-28T19:24:18.789451+00:00,1c1f4ede2bf642baa8a05a837c4f58ea
2026-07-30,699.2,,ft,Approved,,2026-09-28T19:24:18.789451+00:00,1c1f4ede2bf642baa8a05a837c4f58ea
2026-07-31,699.17,,ft,Approved,,2026-09-28T19:24:18.789451+00:00,1c1f4ede2bf642baa8a05a837c4f58ea
2026-08-01,699.14,,ft,Approved,,2026-09-28T19:24:18.789451+00:00,1c1f4ede2bf642baa8a05a837c4f58ea
2026-08-02,699.12,,ft,Approved,,2026-09-28T19:24:18.789451+00:00,1c1f4ede2bf642baa8a05a837c4f58ea
2026-08-03,699.1,,ft,Approved,,2026-09-28T19:24:18.789451+00:00,1c1f4ede2bf642baa8a05a837c4f58ea
2026-08-04,699.08,,ft,Approved,,2026-09-28T19:24:18.789451+00:00,1c1f4ede2bf642baa8a05a837c4f58ea
2026-08-05,699.05,,ft,Approved,,2026-09-28T19:24:18.789451+00:00,1c1f4ede2bf642baa8a05a837c4f58ea
2026-08-06,699.01,,ft,Approved,,2026-09-28T19:24:18.789451+00:00,1c1f4ede2bf642baa8a05a837c4f58ea
2026-08-07,698.98,,ft,Approved,,2026-09-28T19:24:18.789451+00:00,1c1f4ede2bf642baa8a05a837c4f58ea
2026-08-08,698.95,,ft,Approved,,2026-09-28T19:24:18.789451+00:00,1c1f4ede2bf642baa8a05a837c4f58ea
2026-08-09,698.93,,ft,Approved,,2026-09-28T19:24:18.789451+00:00,1c1f4ede2bf642baa8a05a837c4f58ea
2026-08-10,698.9,,ft,Approved,,2026-09-28T19:24:18.789451+00:00,1c1f4ede2bf642baa8a05a837c4f58ea
2026-08-11,698.86,,ft,Approved,,2026-09-28T19:24:18.789451+00:00,1c1f4ede2bf642baa8a05a837c4f58ea
2026-08-12,698.83,,ft,Approved,,2026-09-28T19:24:18.789451+00:00,1c1f4ede2bf642baa8a05a837c4f58ea
2026-08-13,698.8,,ft,Approved,,2026-09-28T19:24:18.789451+00:00,1c1f4ede2bf642baa8a05a837c4f58ea
2026-08-14,698.76,,ft,Approved,,2026-09-28T19:24:18.789451+00:00,1c1f4ede2bf642baa8a05a837c4f58ea
2026-08-15,698.74,,ft,Approved,,2026-09-28T19:24:18.789451+00:00,1c1f4ede2bf642baa8a05a837c4f58ea
2026-08-16,698.71,,ft,Approved,,2026-09-28T19:24:18.789451+00:00,1c1f4ede2bf642baa8a05a837c4f58ea
2026-08-17,698.68,,ft,Approved,,2026-09-28T19:24:18.789451+00:00,1c1f4ede2bf642baa8a05a837c4f58ea
2026-08-18,698.65,,ft,Approved,,2026-09-28T19:24:18.789451+00:00,1c1f4ede2bf642baa8a05a837c4f58ea
2026-08-19,698.62,,ft,Approved,,2026-09-28T19:24:18.789451+00:00,1c1f4ede2bf642baa8a05a837c4f58ea
2026-08-20,698.58,,ft,Approved,,2026-09-28T19:24:18.789451+00:00,1c1f4ede2bf642baa8a05a837c4f58ea
2026-08-21,698.55,,ft,Approved,,2026-09-28T19:24:18.789451+00:00,1c1f4ede2bf642baa8a05a837c4f58ea
2026-08-22,698.52,,ft,Approved,,2026-09-28T19:24:18.789451+00:00,1c1f4ede2bf642baa8a05a837c4f58ea
2026-08-23,698.49,,ft,Approved,,2026-09-28T19:24:18.789451+00:00,1c1f4ede2bf642baa8a05a837c4f58ea
2026-08-24,698.45,,ft,Approved,,2026-09-28T19:24:18.789451+00:00,1c1f4ede2bf642baa8a05a837c4f58ea
2026-08-25,698.41,,ft,Approved,,2026-09-28T19:24:18.789451+00:00,1c1f4ede2bf642baa8a05a837c4f58ea
2026-08-26,698.38,,ft,Approved,,2026-09-28T19:24:18.789451+00:00,1c1f4ede2bf642baa8a05a837c4f58ea
2026-08-27,698.36,,ft,Approved,,2026-09-28T19:24:18.789451+00:00,1c1f4ede2bf642baa8a05a837c4f58ea
2026-08-28,698.33,,ft,Approved,,2026-09-28T19:24:18.789451+00:00,1c1f4ede2bf642baa8a05a837c4f58ea
2026-08-29,698.31,,ft,Approved,,2026-09-28T19:24:18.789451+00:00,1c1f4ede2bf642baa8a05a837c4f58ea
2026-08-30,698.28,,ft,Approved,,2026-09-28T19:24:18.789451+00:00,1c1f4ede2bf642baa8a05a837c4f58ea
2026-08-31,698.25,,ft,Approved,,2026-09-28T19:24:18.789451+00:00,1c1f4ede2bf642baa8a05a837c4f58ea
2026-09-01,698.22,,ft,Approved,,2026-09-28T19:24:18.789451+00:00,1c1f4ede2bf642baa8a05a837c4f58ea
2026-09-02,698.19,,ft,Approved,,2026-09-28T19:24:18.789451+00:00,1c1f4ede2bf642baa8a05a837c4f58ea
2026-09-03,698.17,,ft,Approved,,2026-09-28T19:24:18.789451+00:00,1c1f4ede2bf642baa8a05a837c4f58ea
2026-09-04,698.15,,ft,Approved,,2026-09-28T19:24:18.789451+00:00,1c1f4ede2bf642baa8a05a837c4f58ea
2026-09-05,698.14,,ft,Approved,,2026-09-28T19:24:18.789451+00:00,1c1f4ede2bf642baa8a05a837c4f58ea
2026-09-06,698.12,,ft,Approved,,2026-09-28T19:24:18.789451+00:00,1c1f4ede2bf642baa8a05a837c4f58ea
2026-09-07,698.1,,ft,Approved,,2026-09-28T19:24:18.789451+00:00,1c1f4ede2bf642baa8a05a837c4f58ea
2026-09-08,698.07,,ft,Approved,,2026-09-28T19:24:18.789451+00:00,1c1f4ede2bf642baa8a05a837c4f58ea
2026-09-09,698.04,,ft,Approved,,2026-09-28T19:24:18.789451+00:00,1c1f4ede2bf642baa8a05a837c4f58ea
2026-09-10,698.01,,ft,Approved,,2026-09-28T19:24:18.789451+00:00,1c1f4ede2bf642baa8a05a837c4f58ea
2026-09-11,697.98,,ft,Provisional,,2026-09-12T08:06:31.851796+00:00,1c1f4ede2bf642baa8a05a837c4f58ea
2026-09-12,697.96,,ft,Provisional,,2026-09-13T08:06:28.897604+00:00,1c1f4ede2bf642baa8a05a837c4f58ea
2026-09-13,697.93,,ft,Provisional,,2026-09-14T08:05:52.402442+00:00,1c1f4ede2bf642baa8a05a837c4f58ea
2026-09-14,697.9,,ft,Provisional,,2026-09-15T08:05:40.000425+00:00,1c1f4ede2bf642baa8a05a837c4f58ea
2026-09-15,697.87,,ft,Provisional,,2026-09-16T08:06:00.249116+00:00,1c1f4ede2bf642baa8a05a837c4f58ea
2026-09-16,697.84,,ft,Provisional,,2026-09-17T08:06:33.487097+00:00,1c1f4ede2bf642baa8a05a837c4f58ea
2026-09-17,697.82,,ft,Provisional,,2026-09-18T08:05:45.682709+00:00,1c1f4ede2bf642baa8a05a837c4f58ea
2026-09-18,697.79,,ft,Provisional,,2026-09-19T08:05:43.126337+00:00,1c1f4ede2bf642baa8a05a837c4f58ea
2026-09-19,697.77,,ft,Provisional,,2026-09-20T08:05:42.107905+00:00,1c1f4ede2bf642baa8a05a837c4f58ea
2026-09-20,697.74,,ft,Provisional,,2026-09-21T08:05:38.452433+00:00,1c1f4ede2bf642baa8a05a837c4f58ea
2026-09-21,697.72,,ft,Provisional,,2026-09-22T08:05:56.830793+00:00,1c1f4ede2bf642baa8a05a837c4f58ea
2026-09-22,697.7,,ft,Provisional,,2026-09-23T08:05:35.812425+00:00,1c1f4ede2bf642baa8a05a837c4f58ea
2026-09-23,697.67,,ft,Provisional,,2026-09-24T08:06:35.714999+00:00,1c1f4ede2bf642baa8a05a837c4f58ea
2026-09-24,697.65,,ft,Provisional,,2026-09-25T08:05:38.458620+00:00,1c1f4ede2bf642baa8a05a837c4f58ea
2026-09-25,697.62,,ft,Provisional,,2026-09-26T08:06:30.805514+00:00,1c1f4ede2bf642baa8a05a837c4f58ea
2026-09-26,697.6,,ft,Provisional,,2026-09-27T08:05:41.247106+00:00,1c1f4ede2bf642baa8a05a837c4f58ea
2026-09-27,697.58,,ft,Provisional,,2026-09-28T08:06:35.640702+00:00,1c1f4ede2bf642baa8a05a837c4f58ea
2026-09-28,697.56,,ft,Provisional,,2026-09-29T08:06:45.014330+00:00,1c1f4ede2bf642baa8a05a837c4f58ea
2026-09-29,697.53,,ft,Provisional,,2026-09-30T08:06:04.860478+00:00,1c1f4ede2bf642baa8a05a837c4f58ea
2026-09-30,697.51,,ft,Provisional,,2026-10-01T08:06:21.090502+00:00,1c1f4ede2bf642baa8a05a837c4f58ea
