map_date,none,d0,d1,d2,d3,d4,valid_start,valid_end,statistic_type,source_file
2000-01-04,0.0,100.0,100.0,100.0,0.0,0.0,2000-01-04,2000-01-10,1,data/captures/usdm/48267/20261008T184031Z-1f69d3335d.json.gz
2000-01-11,0.0,100.0,100.0,100.0,0.0,0.0,2000-01-11,2000-01-17,1,data/captures/usdm/48267/20261008T184031Z-1f69d3335d.json.gz
2000-01-18,0.0,100.0,100.0,100.0,0.0,0.0,2000-01-18,2000-01-24,1,data/captures/usdm/48267/20261008T184031Z-1f69d3335d.json.gz
2000-01-25,0.0,100.0,100.0,100.0,0.0,0.0,2000-01-25,2000-01-31,1,data/captures/usdm/48267/20261008T184031Z-1f69d3335d.json.gz
2000-02-01,0.0,100.0,100.0,100.0,0.0,0.0,2000-02-01,2000-02-07,1,data/captures/usdm/48267/20261008T184031Z-1f69d3335d.json.gz
2000-02-08,0.0,100.0,100.0,100.0,0.0,0.0,2000-02-08,2000-02-14,1,data/captures/usdm/48267/20261008T184031Z-1f69d3335d.json.gz
2000-02-15,0.0,100.0,100.0,100.0,0.0,0.0,2000-02-15,2000-02-21,1,data/captures/usdm/48267/20261008T184031Z-1f69d3335d.json.gz
2000-02-22,0.0,100.0,100.0,100.0,0.0,0.0,2000-02-22,2000-02-28,1,data/captures/usdm/48267/20261008T184031Z-1f69d3335d.json.gz
2000-02-29,0.0,100.0,100.0,100.0,0.0,0.0,2000-02-29,2000-03-06,1,data/captures/usdm/48267/20261008T184031Z-1f69d3335d.json.gz
2000-03-07,0.0,100.0,100.0,100.0,0.0,0.0,2000-03-07,2000-03-13,1,data/captures/usdm/48267/20261008T184031Z-1f69d3335d.json.gz
2000-03-14,0.0,100.0,100.0,100.0,0.0,0.0,2000-03-14,2000-03-20,1,data/captures/usdm/48267/20261008T184031Z-1f69d3335d.json.gz
2000-03-21,0.0,100.0,100.0,100.0,0.0,0.0,2000-03-21,2000-03-27,1,data/captures/usdm/48267/20261008T184031Z-1f69d3335d.json.gz
2000-03-28,0.0,100.0,100.0,100.0,0.0,0.0,2000-03-28,2000-04-03,1,data/captures/usdm/48267/20261008T184031Z-1f69d3335d.json.gz
2000-04-04,0.0,100.0,100.0,100.0,0.0,0.0,2000-04-04,2000-04-10,1,data/captures/usdm/48267/20261008T184031Z-1f69d3335d.json.gz
2000-04-11,0.0,100.0,100.0,100.0,0.0,0.0,2000-04-11,2000-04-17,1,data/captures/usdm/48267/20261008T184031Z-1f69d3335d.json.gz
2000-04-18,0.0,100.0,100.0,100.0,0.0,0.0,2000-04-18,2000-04-24,1,data/captures/usdm/48267/20261008T184031Z-1f69d3335d.json.gz
2000-04-25,0.0,100.0,100.0,100.0,0.26,0.0,2000-04-25,2000-05-01,1,data/captures/usdm/48267/20261008T184031Z-1f69d3335d.json.gz
2000-05-02,0.0,100.0,100.0,100.0,0.26,0.0,2000-05-02,2000-05-08,1,data/captures/usdm/48267/20261008T184031Z-1f69d3335d.json.gz
2000-05-09,0.0,100.0,100.0,100.0,0.26,0.0,2000-05-09,2000-05-15,1,data/captures/usdm/48267/20261008T184031Z-1f69d3335d.json.gz
2000-05-16,0.0,100.0,100.0,100.0,44.23,0.0,2000-05-16,2000-05-22,1,data/captures/usdm/48267/20261008T184031Z-1f69d3335d.json.gz
2000-05-23,0.0,100.0,100.0,100.0,24.8,0.0,2000-05-23,2000-05-29,1,data/captures/usdm/48267/20261008T184031Z-1f69d3335d.json.gz
2000-05-30,0.0,100.0,100.0,100.0,24.8,0.0,2000-05-30,2000-06-05,1,data/captures/usdm/48267/20261008T184031Z-1f69d3335d.json.gz
2000-06-06,0.0,100.0,99.96,70.93,20.95,0.0,2000-06-06,2000-06-12,1,data/captures/usdm/48267/20261008T184031Z-1f69d3335d.json.gz
2000-06-13,0.0,100.0,99.96,70.93,20.95,0.0,2000-06-13,2000-06-19,1,data/captures/usdm/48267/20261008T184031Z-1f69d3335d.json.gz
2000-06-20,0.0,100.0,99.96,31.15,0.0,0.0,2000-06-20,2000-06-26,1,data/captures/usdm/48267/20261008T184031Z-1f69d3335d.json.gz
2000-06-27,0.0,100.0,99.7,0.0,0.0,0.0,2000-06-27,2000-07-03,1,data/captures/usdm/48267/20261008T184031Z-1f69d3335d.json.gz
2000-07-04,0.0,100.0,0.0,0.0,0.0,0.0,2000-07-04,2000-07-10,1,data/captures/usdm/48267/20261008T184031Z-1f69d3335d.json.gz
2000-07-11,0.0,100.0,0.0,0.0,0.0,0.0,2000-07-11,2000-07-17,1,data/captures/usdm/48267/20261008T184031Z-1f69d3335d.json.gz
2000-07-18,0.0,100.0,78.77,0.0,0.0,0.0,2000-07-18,2000-07-24,1,data/captures/usdm/48267/20261008T184031Z-1f69d3335d.json.gz
2000-07-25,0.0,100.0,82.3,0.0,0.0,0.0,2000-07-25,2000-07-31,1,data/captures/usdm/48267/20261008T184031Z-1f69d3335d.json.gz
2000-08-01,0.0,100.0,100.0,6.42,0.0,0.0,2000-08-01,2000-08-07,1,data/captures/usdm/48267/20261008T184031Z-1f69d3335d.json.gz
2000-08-08,0.0,100.0,100.0,100.0,0.0,0.0,2000-08-08,2000-08-14,1,data/captures/usdm/48267/20261008T184031Z-1f69d3335d.json.gz
2000-08-15,0.0,100.0,100.0,100.0,0.0,0.0,2000-08-15,2000-08-21,1,data/captures/usdm/48267/20261008T184031Z-1f69d3335d.json.gz
2000-08-22,0.0,100.0,100.0,100.0,13.75,0.0,2000-08-22,2000-08-28,1,data/captures/usdm/48267/20261008T184031Z-1f69d3335d.json.gz
2000-08-29,0.0,100.0,100.0,100.0,58.48,0.0,2000-08-29,2000-09-04,1,data/captures/usdm/48267/20261008T184031Z-1f69d3335d.json.gz
2000-09-05,0.0,100.0,100.0,100.0,100.0,0.0,2000-09-05,2000-09-11,1,data/captures/usdm/48267/20261008T184031Z-1f69d3335d.json.gz
2000-09-12,0.0,100.0,100.0,100.0,100.0,0.0,2000-09-12,2000-09-18,1,data/captures/usdm/48267/20261008T184031Z-1f69d3335d.json.gz
2000-09-19,0.0,100.0,100.0,100.0,100.0,0.0,2000-09-19,2000-09-25,1,data/captures/usdm/48267/20261008T184031Z-1f69d3335d.json.gz
2000-09-26,0.0,100.0,100.0,100.0,100.0,0.0,2000-09-26,2000-10-02,1,data/captures/usdm/48267/20261008T184031Z-1f69d3335d.json.gz
2000-10-03,0.0,100.0,100.0,100.0,100.0,0.0,2000-10-03,2000-10-09,1,data/captures/usdm/48267/20261008T184031Z-1f69d3335d.json.gz
2000-10-10,0.0,100.0,100.0,100.0,0.0,0.0,2000-10-10,2000-10-16,1,data/captures/usdm/48267/20261008T184031Z-1f69d3335d.json.gz
2000-10-17,0.0,100.0,100.0,100.0,0.0,0.0,2000-10-17,2000-10-23,1,data/captures/usdm/48267/20261008T184031Z-1f69d3335d.json.gz
2000-10-24,0.0,100.0,100.0,0.0,0.0,0.0,2000-10-24,2000-10-30,1,data/captures/usdm/48267/20261008T184031Z-1f69d3335d.json.gz
2000-10-31,0.0,100.0,100.0,0.0,0.0,0.0,2000-10-31,2000-11-06,1,data/captures/usdm/48267/20261008T184031Z-1f69d3335d.json.gz
2000-11-07,100.0,0.0,0.0,0.0,0.0,0.0,2000-11-07,2000-11-13,1,data/captures/usdm/48267/20261008T184031Z-1f69d3335d.json.gz
2000-11-14,53.65,46.35,0.0,0.0,0.0,0.0,2000-11-14,2000-11-20,1,data/captures/usdm/48267/20261008T184031Z-1f69d3335d.json.gz
2000-11-21,45.22,54.78,0.0,0.0,0.0,0.0,2000-11-21,2000-11-27,1,data/captures/usdm/48267/20261008T184031Z-1f69d3335d.json.gz
2000-11-28,46.37,53.63,0.0,0.0,0.0,0.0,2000-11-28,2000-12-04,1,data/captures/usdm/48267/20261008T184031Z-1f69d3335d.json.gz
2000-12-05,100.0,0.0,0.0,0.0,0.0,0.0,2000-12-05,2000-12-11,1,data/captures/usdm/48267/20261008T184031Z-1f69d3335d.json.gz
2000-12-12,100.0,0.0,0.0,0.0,0.0,0.0,2000-12-12,2000-12-18,1,data/captures/usdm/48267/20261008T184031Z-1f69d3335d.json.gz
2000-12-19,100.0,0.0,0.0,0.0,0.0,0.0,2000-12-19,2000-12-25,1,data/captures/usdm/48267/20261008T184031Z-1f69d3335d.json.gz
2000-12-26,100.0,0.0,0.0,0.0,0.0,0.0,2000-12-26,2001-01-01,1,data/captures/usdm/48267/20261008T184031Z-1f69d3335d.json.gz
2001-01-02,100.0,0.0,0.0,0.0,0.0,0.0,2001-01-02,2001-01-08,1,data/captures/usdm/48267/20261008T184031Z-1f69d3335d.json.gz
2001-01-09,100.0,0.0,0.0,0.0,0.0,0.0,2001-01-09,2001-01-15,1,data/captures/usdm/48267/20261008T184031Z-1f69d3335d.json.gz
2001-01-16,100.0,0.0,0.0,0.0,0.0,0.0,2001-01-16,2001-01-22,1,data/captures/usdm/48267/20261008T184031Z-1f69d3335d.json.gz
2001-01-23,100.0,0.0,0.0,0.0,0.0,0.0,2001-01-23,2001-01-29,1,data/captures/usdm/48267/20261008T184031Z-1f69d3335d.json.gz
2001-01-30,100.0,0.0,0.0,0.0,0.0,0.0,2001-01-30,2001-02-05,1,data/captures/usdm/48267/20261008T184031Z-1f69d3335d.json.gz
2001-02-06,100.0,0.0,0.0,0.0,0.0,0.0,2001-02-06,2001-02-12,1,data/captures/usdm/48267/20261008T184031Z-1f69d3335d.json.gz
2001-02-13,100.0,0.0,0.0,0.0,0.0,0.0,2001-02-13,2001-02-19,1,data/captures/usdm/48267/20261008T184031Z-1f69d3335d.json.gz
2001-02-20,100.0,0.0,0.0,0.0,0.0,0.0,2001-02-20,2001-02-26,1,data/captures/usdm/48267/20261008T184031Z-1f69d3335d.json.gz
2001-02-27,100.0,0.0,0.0,0.0,0.0,0.0,2001-02-27,2001-03-05,1,data/captures/usdm/48267/20261008T184031Z-1f69d3335d.json.gz
2001-03-06,100.0,0.0,0.0,0.0,0.0,0.0,2001-03-06,2001-03-12,1,data/captures/usdm/48267/20261008T184031Z-1f69d3335d.json.gz
2001-03-13,100.0,0.0,0.0,0.0,0.0,0.0,2001-03-13,2001-03-19,1,data/captures/usdm/48267/20261008T184031Z-1f69d3335d.json.gz
2001-03-20,100.0,0.0,0.0,0.0,0.0,0.0,2001-03-20,2001-03-26,1,data/captures/usdm/48267/20261008T184031Z-1f69d3335d.json.gz
2001-03-27,100.0,0.0,0.0,0.0,0.0,0.0,2001-03-27,2001-04-02,1,data/captures/usdm/48267/20261008T184031Z-1f69d3335d.json.gz
2001-04-03,100.0,0.0,0.0,0.0,0.0,0.0,2001-04-03,2001-04-09,1,data/captures/usdm/48267/20261008T184031Z-1f69d3335d.json.gz
2001-04-10,100.0,0.0,0.0,0.0,0.0,0.0,2001-04-10,2001-04-16,1,data/captures/usdm/48267/20261008T184031Z-1f69d3335d.json.gz
2001-04-17,100.0,0.0,0.0,0.0,0.0,0.0,2001-04-17,2001-04-23,1,data/captures/usdm/48267/20261008T184031Z-1f69d3335d.json.gz
2001-04-24,100.0,0.0,0.0,0.0,0.0,0.0,2001-04-24,2001-04-30,1,data/captures/usdm/48267/20261008T184031Z-1f69d3335d.json.gz
2001-05-01,100.0,0.0,0.0,0.0,0.0,0.0,2001-05-01,2001-05-07,1,data/captures/usdm/48267/20261008T184031Z-1f69d3335d.json.gz
2001-05-08,100.0,0.0,0.0,0.0,0.0,0.0,2001-05-08,2001-05-14,1,data/captures/usdm/48267/20261008T184031Z-1f69d3335d.json.gz
2001-05-15,100.0,0.0,0.0,0.0,0.0,0.0,2001-05-15,2001-05-21,1,data/captures/usdm/48267/20261008T184031Z-1f69d3335d.json.gz
2001-05-22,100.0,0.0,0.0,0.0,0.0,0.0,2001-05-22,2001-05-28,1,data/captures/usdm/48267/20261008T184031Z-1f69d3335d.json.gz
2001-05-29,100.0,0.0,0.0,0.0,0.0,0.0,2001-05-29,2001-06-04,1,data/captures/usdm/48267/20261008T184031Z-1f69d3335d.json.gz
2001-06-05,100.0,0.0,0.0,0.0,0.0,0.0,2001-06-05,2001-06-11,1,data/captures/usdm/48267/20261008T184031Z-1f69d3335d.json.gz
2001-06-12,100.0,0.0,0.0,0.0,0.0,0.0,2001-06-12,2001-06-18,1,data/captures/usdm/48267/20261008T184031Z-1f69d3335d.json.gz
2001-06-19,99.88,0.12,0.0,0.0,0.0,0.0,2001-06-19,2001-06-25,1,data/captures/usdm/48267/20261008T184031Z-1f69d3335d.json.gz
2001-06-26,0.0,100.0,0.0,0.0,0.0,0.0,2001-06-26,2001-07-02,1,data/captures/usdm/48267/20261008T184031Z-1f69d3335d.json.gz
2001-07-03,0.0,100.0,0.0,0.0,0.0,0.0,2001-07-03,2001-07-09,1,data/captures/usdm/48267/20261008T184031Z-1f69d3335d.json.gz
2001-07-10,0.0,100.0,20.12,0.0,0.0,0.0,2001-07-10,2001-07-16,1,data/captures/usdm/48267/20261008T184031Z-1f69d3335d.json.gz
2001-07-17,0.0,100.0,66.74,0.0,0.0,0.0,2001-07-17,2001-07-23,1,data/captures/usdm/48267/20261008T184031Z-1f69d3335d.json.gz
2001-07-24,0.0,100.0,100.0,0.0,0.0,0.0,2001-07-24,2001-07-30,1,data/captures/usdm/48267/20261008T184031Z-1f69d3335d.json.gz
2001-07-31,0.0,100.0,100.0,0.0,0.0,0.0,2001-07-31,2001-08-06,1,data/captures/usdm/48267/20261008T184031Z-1f69d3335d.json.gz
2001-08-07,0.0,100.0,100.0,70.17,0.0,0.0,2001-08-07,2001-08-13,1,data/captures/usdm/48267/20261008T184031Z-1f69d3335d.json.gz
2001-08-14,0.0,100.0,100.0,0.0,0.0,0.0,2001-08-14,2001-08-20,1,data/captures/usdm/48267/20261008T184031Z-1f69d3335d.json.gz
2001-08-21,0.0,100.0,100.0,0.0,0.0,0.0,2001-08-21,2001-08-27,1,data/captures/usdm/48267/20261008T184031Z-1f69d3335d.json.gz
2001-08-28,0.0,100.0,99.41,0.0,0.0,0.0,2001-08-28,2001-09-03,1,data/captures/usdm/48267/20261008T184031Z-1f69d3335d.json.gz
2001-09-04,0.0,100.0,0.0,0.0,0.0,0.0,2001-09-04,2001-09-10,1,data/captures/usdm/48267/20261008T184031Z-1f69d3335d.json.gz
2001-09-11,2.27,97.73,0.0,0.0,0.0,0.0,2001-09-11,2001-09-17,1,data/captures/usdm/48267/20261008T184031Z-1f69d3335d.json.gz
2001-09-18,11.6,88.4,0.0,0.0,0.0,0.0,2001-09-18,2001-09-24,1,data/captures/usdm/48267/20261008T184031Z-1f69d3335d.json.gz
2001-09-25,84.18,15.82,0.0,0.0,0.0,0.0,2001-09-25,2001-10-01,1,data/captures/usdm/48267/20261008T184031Z-1f69d3335d.json.gz
2001-10-02,84.18,15.82,0.0,0.0,0.0,0.0,2001-10-02,2001-10-08,1,data/captures/usdm/48267/20261008T184031Z-1f69d3335d.json.gz
2001-10-09,84.18,15.82,0.0,0.0,0.0,0.0,2001-10-09,2001-10-15,1,data/captures/usdm/48267/20261008T184031Z-1f69d3335d.json.gz
2001-10-16,62.26,37.74,0.0,0.0,0.0,0.0,2001-10-16,2001-10-22,1,data/captures/usdm/48267/20261008T184031Z-1f69d3335d.json.gz
2001-10-23,27.43,72.57,0.0,0.0,0.0,0.0,2001-10-23,2001-10-29,1,data/captures/usdm/48267/20261008T184031Z-1f69d3335d.json.gz
2001-10-30,10.77,89.23,0.0,0.0,0.0,0.0,2001-10-30,2001-11-05,1,data/captures/usdm/48267/20261008T184031Z-1f69d3335d.json.gz
2001-11-06,10.77,89.23,7.18,0.0,0.0,0.0,2001-11-06,2001-11-12,1,data/captures/usdm/48267/20261008T184031Z-1f69d3335d.json.gz
2001-11-13,10.77,89.23,7.19,0.0,0.0,0.0,2001-11-13,2001-11-19,1,data/captures/usdm/48267/20261008T184031Z-1f69d3335d.json.gz
2001-11-20,86.55,13.45,0.0,0.0,0.0,0.0,2001-11-20,2001-11-26,1,data/captures/usdm/48267/20261008T184031Z-1f69d3335d.json.gz
2001-11-27,86.55,13.45,0.0,0.0,0.0,0.0,2001-11-27,2001-12-03,1,data/captures/usdm/48267/20261008T184031Z-1f69d3335d.json.gz
2001-12-04,65.8,34.2,0.0,0.0,0.0,0.0,2001-12-04,2001-12-10,1,data/captures/usdm/48267/20261008T184031Z-1f69d3335d.json.gz
2001-12-11,100.0,0.0,0.0,0.0,0.0,0.0,2001-12-11,2001-12-17,1,data/captures/usdm/48267/20261008T184031Z-1f69d3335d.json.gz
2001-12-18,100.0,0.0,0.0,0.0,0.0,0.0,2001-12-18,2001-12-24,1,data/captures/usdm/48267/20261008T184031Z-1f69d3335d.json.gz
2001-12-25,100.0,0.0,0.0,0.0,0.0,0.0,2001-12-25,2001-12-31,1,data/captures/usdm/48267/20261008T184031Z-1f69d3335d.json.gz
2002-01-01,100.0,0.0,0.0,0.0,0.0,0.0,2002-01-01,2002-01-07,1,data/captures/usdm/48267/20261008T184031Z-1f69d3335d.json.gz
2002-01-08,100.0,0.0,0.0,0.0,0.0,0.0,2002-01-08,2002-01-14,1,data/captures/usdm/48267/20261008T184031Z-1f69d3335d.json.gz
2002-01-15,100.0,0.0,0.0,0.0,0.0,0.0,2002-01-15,2002-01-21,1,data/captures/usdm/48267/20261008T184031Z-1f69d3335d.json.gz
2002-01-22,100.0,0.0,0.0,0.0,0.0,0.0,2002-01-22,2002-01-28,1,data/captures/usdm/48267/20261008T184031Z-1f69d3335d.json.gz
2002-01-29,100.0,0.0,0.0,0.0,0.0,0.0,2002-01-29,2002-02-04,1,data/captures/usdm/48267/20261008T184031Z-1f69d3335d.json.gz
2002-02-05,100.0,0.0,0.0,0.0,0.0,0.0,2002-02-05,2002-02-11,1,data/captures/usdm/48267/20261008T184031Z-1f69d3335d.json.gz
2002-02-12,100.0,0.0,0.0,0.0,0.0,0.0,2002-02-12,2002-02-18,1,data/captures/usdm/48267/20261008T184031Z-1f69d3335d.json.gz
2002-02-19,100.0,0.0,0.0,0.0,0.0,0.0,2002-02-19,2002-02-25,1,data/captures/usdm/48267/20261008T184031Z-1f69d3335d.json.gz
2002-02-26,68.36,31.64,0.0,0.0,0.0,0.0,2002-02-26,2002-03-04,1,data/captures/usdm/48267/20261008T184031Z-1f69d3335d.json.gz
2002-03-05,20.0,80.0,0.0,0.0,0.0,0.0,2002-03-05,2002-03-11,1,data/captures/usdm/48267/20261008T184031Z-1f69d3335d.json.gz
2002-03-12,0.0,100.0,0.0,0.0,0.0,0.0,2002-03-12,2002-03-18,1,data/captures/usdm/48267/20261008T184031Z-1f69d3335d.json.gz
2002-03-19,0.0,100.0,0.0,0.0,0.0,0.0,2002-03-19,2002-03-25,1,data/captures/usdm/48267/20261008T184031Z-1f69d3335d.json.gz
2002-03-26,0.0,100.0,0.0,0.0,0.0,0.0,2002-03-26,2002-04-01,1,data/captures/usdm/48267/20261008T184031Z-1f69d3335d.json.gz
2002-04-02,0.0,100.0,55.52,0.0,0.0,0.0,2002-04-02,2002-04-08,1,data/captures/usdm/48267/20261008T184031Z-1f69d3335d.json.gz
2002-04-09,14.14,85.86,7.42,0.0,0.0,0.0,2002-04-09,2002-04-15,1,data/captures/usdm/48267/20261008T184031Z-1f69d3335d.json.gz
2002-04-16,100.0,0.0,0.0,0.0,0.0,0.0,2002-04-16,2002-04-22,1,data/captures/usdm/48267/20261008T184031Z-1f69d3335d.json.gz
2002-04-23,58.53,41.47,0.0,0.0,0.0,0.0,2002-04-23,2002-04-29,1,data/captures/usdm/48267/20261008T184031Z-1f69d3335d.json.gz
2002-04-30,48.75,51.25,0.0,0.0,0.0,0.0,2002-04-30,2002-05-06,1,data/captures/usdm/48267/20261008T184031Z-1f69d3335d.json.gz
2002-05-07,0.0,100.0,0.0,0.0,0.0,0.0,2002-05-07,2002-05-13,1,data/captures/usdm/48267/20261008T184031Z-1f69d3335d.json.gz
2002-05-14,0.0,100.0,100.0,0.0,0.0,0.0,2002-05-14,2002-05-20,1,data/captures/usdm/48267/20261008T184031Z-1f69d3335d.json.gz
2002-05-21,0.0,100.0,100.0,0.0,0.0,0.0,2002-05-21,2002-05-27,1,data/captures/usdm/48267/20261008T184031Z-1f69d3335d.json.gz
2002-05-28,0.0,100.0,100.0,0.0,0.0,0.0,2002-05-28,2002-06-03,1,data/captures/usdm/48267/20261008T184031Z-1f69d3335d.json.gz
2002-06-04,0.0,100.0,100.0,0.0,0.0,0.0,2002-06-04,2002-06-10,1,data/captures/usdm/48267/20261008T184031Z-1f69d3335d.json.gz
2002-06-11,0.0,100.0,100.0,0.0,0.0,0.0,2002-06-11,2002-06-17,1,data/captures/usdm/48267/20261008T184031Z-1f69d3335d.json.gz
2002-06-18,0.0,100.0,100.0,0.0,0.0,0.0,2002-06-18,2002-06-24,1,data/captures/usdm/48267/20261008T184031Z-1f69d3335d.json.gz
2002-06-25,0.0,100.0,100.0,0.0,0.0,0.0,2002-06-25,2002-07-01,1,data/captures/usdm/48267/20261008T184031Z-1f69d3335d.json.gz
2002-07-02,0.0,100.0,55.75,0.0,0.0,0.0,2002-07-02,2002-07-08,1,data/captures/usdm/48267/20261008T184031Z-1f69d3335d.json.gz
2002-07-09,100.0,0.0,0.0,0.0,0.0,0.0,2002-07-09,2002-07-15,1,data/captures/usdm/48267/20261008T184031Z-1f69d3335d.json.gz
2002-07-16,100.0,0.0,0.0,0.0,0.0,0.0,2002-07-16,2002-07-22,1,data/captures/usdm/48267/20261008T184031Z-1f69d3335d.json.gz
2002-07-23,100.0,0.0,0.0,0.0,0.0,0.0,2002-07-23,2002-07-29,1,data/captures/usdm/48267/20261008T184031Z-1f69d3335d.json.gz
2002-07-30,100.0,0.0,0.0,0.0,0.0,0.0,2002-07-30,2002-08-05,1,data/captures/usdm/48267/20261008T184031Z-1f69d3335d.json.gz
2002-08-06,100.0,0.0,0.0,0.0,0.0,0.0,2002-08-06,2002-08-12,1,data/captures/usdm/48267/20261008T184031Z-1f69d3335d.json.gz
2002-08-13,100.0,0.0,0.0,0.0,0.0,0.0,2002-08-13,2002-08-19,1,data/captures/usdm/48267/20261008T184031Z-1f69d3335d.json.gz
2002-08-20,100.0,0.0,0.0,0.0,0.0,0.0,2002-08-20,2002-08-26,1,data/captures/usdm/48267/20261008T184031Z-1f69d3335d.json.gz
2002-08-27,100.0,0.0,0.0,0.0,0.0,0.0,2002-08-27,2002-09-02,1,data/captures/usdm/48267/20261008T184031Z-1f69d3335d.json.gz
2002-09-03,26.54,73.46,0.0,0.0,0.0,0.0,2002-09-03,2002-09-09,1,data/captures/usdm/48267/20261008T184031Z-1f69d3335d.json.gz
2002-09-10,100.0,0.0,0.0,0.0,0.0,0.0,2002-09-10,2002-09-16,1,data/captures/usdm/48267/20261008T184031Z-1f69d3335d.json.gz
2002-09-17,100.0,0.0,0.0,0.0,0.0,0.0,2002-09-17,2002-09-23,1,data/captures/usdm/48267/20261008T184031Z-1f69d3335d.json.gz
2002-09-24,100.0,0.0,0.0,0.0,0.0,0.0,2002-09-24,2002-09-30,1,data/captures/usdm/48267/20261008T184031Z-1f69d3335d.json.gz
2002-10-01,100.0,0.0,0.0,0.0,0.0,0.0,2002-10-01,2002-10-07,1,data/captures/usdm/48267/20261008T184031Z-1f69d3335d.json.gz
2002-10-08,100.0,0.0,0.0,0.0,0.0,0.0,2002-10-08,2002-10-14,1,data/captures/usdm/48267/20261008T184031Z-1f69d3335d.json.gz
2002-10-15,100.0,0.0,0.0,0.0,0.0,0.0,2002-10-15,2002-10-21,1,data/captures/usdm/48267/20261008T184031Z-1f69d3335d.json.gz
2002-10-22,100.0,0.0,0.0,0.0,0.0,0.0,2002-10-22,2002-10-28,1,data/captures/usdm/48267/20261008T184031Z-1f69d3335d.json.gz
2002-10-29,100.0,0.0,0.0,0.0,0.0,0.0,2002-10-29,2002-11-04,1,data/captures/usdm/48267/20261008T184031Z-1f69d3335d.json.gz
2002-11-05,100.0,0.0,0.0,0.0,0.0,0.0,2002-11-05,2002-11-11,1,data/captures/usdm/48267/20261008T184031Z-1f69d3335d.json.gz
2002-11-12,100.0,0.0,0.0,0.0,0.0,0.0,2002-11-12,2002-11-18,1,data/captures/usdm/48267/20261008T184031Z-1f69d3335d.json.gz
2002-11-19,100.0,0.0,0.0,0.0,0.0,0.0,2002-11-19,2002-11-25,1,data/captures/usdm/48267/20261008T184031Z-1f69d3335d.json.gz
2002-11-26,100.0,0.0,0.0,0.0,0.0,0.0,2002-11-26,2002-12-02,1,data/captures/usdm/48267/20261008T184031Z-1f69d3335d.json.gz
2002-12-03,100.0,0.0,0.0,0.0,0.0,0.0,2002-12-03,2002-12-09,1,data/captures/usdm/48267/20261008T184031Z-1f69d3335d.json.gz
2002-12-10,100.0,0.0,0.0,0.0,0.0,0.0,2002-12-10,2002-12-16,1,data/captures/usdm/48267/20261008T184031Z-1f69d3335d.json.gz
2002-12-17,100.0,0.0,0.0,0.0,0.0,0.0,2002-12-17,2002-12-23,1,data/captures/usdm/48267/20261008T184031Z-1f69d3335d.json.gz
2002-12-24,100.0,0.0,0.0,0.0,0.0,0.0,2002-12-24,2002-12-30,1,data/captures/usdm/48267/20261008T184031Z-1f69d3335d.json.gz
2002-12-31,100.0,0.0,0.0,0.0,0.0,0.0,2002-12-31,2003-01-06,1,data/captures/usdm/48267/20261008T184031Z-1f69d3335d.json.gz
2003-01-07,100.0,0.0,0.0,0.0,0.0,0.0,2003-01-07,2003-01-13,1,data/captures/usdm/48267/20261008T184031Z-1f69d3335d.json.gz
2003-01-14,100.0,0.0,0.0,0.0,0.0,0.0,2003-01-14,2003-01-20,1,data/captures/usdm/48267/20261008T184031Z-1f69d3335d.json.gz
2003-01-21,100.0,0.0,0.0,0.0,0.0,0.0,2003-01-21,2003-01-27,1,data/captures/usdm/48267/20261008T184031Z-1f69d3335d.json.gz
2003-01-28,100.0,0.0,0.0,0.0,0.0,0.0,2003-01-28,2003-02-03,1,data/captures/usdm/48267/20261008T184031Z-1f69d3335d.json.gz
2003-02-04,100.0,0.0,0.0,0.0,0.0,0.0,2003-02-04,2003-02-10,1,data/captures/usdm/48267/20261008T184031Z-1f69d3335d.json.gz
2003-02-11,100.0,0.0,0.0,0.0,0.0,0.0,2003-02-11,2003-02-17,1,data/captures/usdm/48267/20261008T184031Z-1f69d3335d.json.gz
2003-02-18,100.0,0.0,0.0,0.0,0.0,0.0,2003-02-18,2003-02-24,1,data/captures/usdm/48267/20261008T184031Z-1f69d3335d.json.gz
2003-02-25,100.0,0.0,0.0,0.0,0.0,0.0,2003-02-25,2003-03-03,1,data/captures/usdm/48267/20261008T184031Z-1f69d3335d.json.gz
2003-03-04,100.0,0.0,0.0,0.0,0.0,0.0,2003-03-04,2003-03-10,1,data/captures/usdm/48267/20261008T184031Z-1f69d3335d.json.gz
2003-03-11,100.0,0.0,0.0,0.0,0.0,0.0,2003-03-11,2003-03-17,1,data/captures/usdm/48267/20261008T184031Z-1f69d3335d.json.gz
2003-03-18,100.0,0.0,0.0,0.0,0.0,0.0,2003-03-18,2003-03-24,1,data/captures/usdm/48267/20261008T184031Z-1f69d3335d.json.gz
2003-03-25,100.0,0.0,0.0,0.0,0.0,0.0,2003-03-25,2003-03-31,1,data/captures/usdm/48267/20261008T184031Z-1f69d3335d.json.gz
2003-04-01,100.0,0.0,0.0,0.0,0.0,0.0,2003-04-01,2003-04-07,1,data/captures/usdm/48267/20261008T184031Z-1f69d3335d.json.gz
2003-04-08,100.0,0.0,0.0,0.0,0.0,0.0,2003-04-08,2003-04-14,1,data/captures/usdm/48267/20261008T184031Z-1f69d3335d.json.gz
2003-04-15,100.0,0.0,0.0,0.0,0.0,0.0,2003-04-15,2003-04-21,1,data/captures/usdm/48267/20261008T184031Z-1f69d3335d.json.gz
2003-04-22,100.0,0.0,0.0,0.0,0.0,0.0,2003-04-22,2003-04-28,1,data/captures/usdm/48267/20261008T184031Z-1f69d3335d.json.gz
2003-04-29,0.0,100.0,0.0,0.0,0.0,0.0,2003-04-29,2003-05-05,1,data/captures/usdm/48267/20261008T184031Z-1f69d3335d.json.gz
2003-05-06,0.0,100.0,0.0,0.0,0.0,0.0,2003-05-06,2003-05-12,1,data/captures/usdm/48267/20261008T184031Z-1f69d3335d.json.gz
2003-05-13,0.0,100.0,100.0,0.0,0.0,0.0,2003-05-13,2003-05-19,1,data/captures/usdm/48267/20261008T184031Z-1f69d3335d.json.gz
2003-05-20,0.0,100.0,100.0,62.12,0.0,0.0,2003-05-20,2003-05-26,1,data/captures/usdm/48267/20261008T184031Z-1f69d3335d.json.gz
2003-05-27,0.0,100.0,100.0,96.67,0.0,0.0,2003-05-27,2003-06-02,1,data/captures/usdm/48267/20261008T184031Z-1f69d3335d.json.gz
2003-06-03,0.0,100.0,100.0,100.0,0.0,0.0,2003-06-03,2003-06-09,1,data/captures/usdm/48267/20261008T184031Z-1f69d3335d.json.gz
2003-06-10,0.0,100.0,100.0,34.85,0.0,0.0,2003-06-10,2003-06-16,1,data/captures/usdm/48267/20261008T184031Z-1f69d3335d.json.gz
2003-06-17,0.0,100.0,0.0,0.0,0.0,0.0,2003-06-17,2003-06-23,1,data/captures/usdm/48267/20261008T184031Z-1f69d3335d.json.gz
2003-06-24,0.0,100.0,0.0,0.0,0.0,0.0,2003-06-24,2003-06-30,1,data/captures/usdm/48267/20261008T184031Z-1f69d3335d.json.gz
2003-07-01,0.0,100.0,0.0,0.0,0.0,0.0,2003-07-01,2003-07-07,1,data/captures/usdm/48267/20261008T184031Z-1f69d3335d.json.gz
2003-07-08,100.0,0.0,0.0,0.0,0.0,0.0,2003-07-08,2003-07-14,1,data/captures/usdm/48267/20261008T184031Z-1f69d3335d.json.gz
2003-07-15,100.0,0.0,0.0,0.0,0.0,0.0,2003-07-15,2003-07-21,1,data/captures/usdm/48267/20261008T184031Z-1f69d3335d.json.gz
2003-07-22,100.0,0.0,0.0,0.0,0.0,0.0,2003-07-22,2003-07-28,1,data/captures/usdm/48267/20261008T184031Z-1f69d3335d.json.gz
2003-07-29,100.0,0.0,0.0,0.0,0.0,0.0,2003-07-29,2003-08-04,1,data/captures/usdm/48267/20261008T184031Z-1f69d3335d.json.gz
2003-08-05,0.0,100.0,0.0,0.0,0.0,0.0,2003-08-05,2003-08-11,1,data/captures/usdm/48267/20261008T184031Z-1f69d3335d.json.gz
2003-08-12,0.0,100.0,0.0,0.0,0.0,0.0,2003-08-12,2003-08-18,1,data/captures/usdm/48267/20261008T184031Z-1f69d3335d.json.gz
2003-08-19,0.0,100.0,0.0,0.0,0.0,0.0,2003-08-19,2003-08-25,1,data/captures/usdm/48267/20261008T184031Z-1f69d3335d.json.gz
2003-08-26,0.0,100.0,0.0,0.0,0.0,0.0,2003-08-26,2003-09-01,1,data/captures/usdm/48267/20261008T184031Z-1f69d3335d.json.gz
2003-09-02,0.0,100.0,0.0,0.0,0.0,0.0,2003-09-02,2003-09-08,1,data/captures/usdm/48267/20261008T184031Z-1f69d3335d.json.gz
2003-09-09,0.0,100.0,0.0,0.0,0.0,0.0,2003-09-09,2003-09-15,1,data/captures/usdm/48267/20261008T184031Z-1f69d3335d.json.gz
2003-09-16,100.0,0.0,0.0,0.0,0.0,0.0,2003-09-16,2003-09-22,1,data/captures/usdm/48267/20261008T184031Z-1f69d3335d.json.gz
2003-09-23,100.0,0.0,0.0,0.0,0.0,0.0,2003-09-23,2003-09-29,1,data/captures/usdm/48267/20261008T184031Z-1f69d3335d.json.gz
2003-09-30,100.0,0.0,0.0,0.0,0.0,0.0,2003-09-30,2003-10-06,1,data/captures/usdm/48267/20261008T184031Z-1f69d3335d.json.gz
2003-10-07,100.0,0.0,0.0,0.0,0.0,0.0,2003-10-07,2003-10-13,1,data/captures/usdm/48267/20261008T184031Z-1f69d3335d.json.gz
2003-10-14,100.0,0.0,0.0,0.0,0.0,0.0,2003-10-14,2003-10-20,1,data/captures/usdm/48267/20261008T184031Z-1f69d3335d.json.gz
2003-10-21,100.0,0.0,0.0,0.0,0.0,0.0,2003-10-21,2003-10-27,1,data/captures/usdm/48267/20261008T184031Z-1f69d3335d.json.gz
2003-10-28,100.0,0.0,0.0,0.0,0.0,0.0,2003-10-28,2003-11-03,1,data/captures/usdm/48267/20261008T184031Z-1f69d3335d.json.gz
2003-11-04,100.0,0.0,0.0,0.0,0.0,0.0,2003-11-04,2003-11-10,1,data/captures/usdm/48267/20261008T184031Z-1f69d3335d.json.gz
2003-11-11,100.0,0.0,0.0,0.0,0.0,0.0,2003-11-11,2003-11-17,1,data/captures/usdm/48267/20261008T184031Z-1f69d3335d.json.gz
2003-11-18,100.0,0.0,0.0,0.0,0.0,0.0,2003-11-18,2003-11-24,1,data/captures/usdm/48267/20261008T184031Z-1f69d3335d.json.gz
2003-11-25,100.0,0.0,0.0,0.0,0.0,0.0,2003-11-25,2003-12-01,1,data/captures/usdm/48267/20261008T184031Z-1f69d3335d.json.gz
2003-12-02,100.0,0.0,0.0,0.0,0.0,0.0,2003-12-02,2003-12-08,1,data/captures/usdm/48267/20261008T184031Z-1f69d3335d.json.gz
2003-12-09,100.0,0.0,0.0,0.0,0.0,0.0,2003-12-09,2003-12-15,1,data/captures/usdm/48267/20261008T184031Z-1f69d3335d.json.gz
2003-12-16,100.0,0.0,0.0,0.0,0.0,0.0,2003-12-16,2003-12-22,1,data/captures/usdm/48267/20261008T184031Z-1f69d3335d.json.gz
2003-12-23,100.0,0.0,0.0,0.0,0.0,0.0,2003-12-23,2003-12-29,1,data/captures/usdm/48267/20261008T184031Z-1f69d3335d.json.gz
2003-12-30,41.68,58.32,0.0,0.0,0.0,0.0,2003-12-30,2004-01-05,1,data/captures/usdm/48267/20261008T184031Z-1f69d3335d.json.gz
2004-01-06,0.0,100.0,0.0,0.0,0.0,0.0,2004-01-06,2004-01-12,1,data/captures/usdm/48267/20261008T184031Z-1f69d3335d.json.gz
2004-01-13,0.0,100.0,0.0,0.0,0.0,0.0,2004-01-13,2004-01-19,1,data/captures/usdm/48267/20261008T184031Z-1f69d3335d.json.gz
2004-01-20,100.0,0.0,0.0,0.0,0.0,0.0,2004-01-20,2004-01-26,1,data/captures/usdm/48267/20261008T184031Z-1f69d3335d.json.gz
2004-01-27,100.0,0.0,0.0,0.0,0.0,0.0,2004-01-27,2004-02-02,1,data/captures/usdm/48267/20261008T184031Z-1f69d3335d.json.gz
2004-02-03,100.0,0.0,0.0,0.0,0.0,0.0,2004-02-03,2004-02-09,1,data/captures/usdm/48267/20261008T184031Z-1f69d3335d.json.gz
2004-02-10,100.0,0.0,0.0,0.0,0.0,0.0,2004-02-10,2004-02-16,1,data/captures/usdm/48267/20261008T184031Z-1f69d3335d.json.gz
2004-02-17,100.0,0.0,0.0,0.0,0.0,0.0,2004-02-17,2004-02-23,1,data/captures/usdm/48267/20261008T184031Z-1f69d3335d.json.gz
2004-02-24,100.0,0.0,0.0,0.0,0.0,0.0,2004-02-24,2004-03-01,1,data/captures/usdm/48267/20261008T184031Z-1f69d3335d.json.gz
2004-03-02,100.0,0.0,0.0,0.0,0.0,0.0,2004-03-02,2004-03-08,1,data/captures/usdm/48267/20261008T184031Z-1f69d3335d.json.gz
2004-03-09,100.0,0.0,0.0,0.0,0.0,0.0,2004-03-09,2004-03-15,1,data/captures/usdm/48267/20261008T184031Z-1f69d3335d.json.gz
2004-03-16,100.0,0.0,0.0,0.0,0.0,0.0,2004-03-16,2004-03-22,1,data/captures/usdm/48267/20261008T184031Z-1f69d3335d.json.gz
2004-03-23,100.0,0.0,0.0,0.0,0.0,0.0,2004-03-23,2004-03-29,1,data/captures/usdm/48267/20261008T184031Z-1f69d3335d.json.gz
2004-03-30,100.0,0.0,0.0,0.0,0.0,0.0,2004-03-30,2004-04-05,1,data/captures/usdm/48267/20261008T184031Z-1f69d3335d.json.gz
2004-04-06,100.0,0.0,0.0,0.0,0.0,0.0,2004-04-06,2004-04-12,1,data/captures/usdm/48267/20261008T184031Z-1f69d3335d.json.gz
2004-04-13,100.0,0.0,0.0,0.0,0.0,0.0,2004-04-13,2004-04-19,1,data/captures/usdm/48267/20261008T184031Z-1f69d3335d.json.gz
2004-04-20,100.0,0.0,0.0,0.0,0.0,0.0,2004-04-20,2004-04-26,1,data/captures/usdm/48267/20261008T184031Z-1f69d3335d.json.gz
2004-04-27,100.0,0.0,0.0,0.0,0.0,0.0,2004-04-27,2004-05-03,1,data/captures/usdm/48267/20261008T184031Z-1f69d3335d.json.gz
2004-05-04,100.0,0.0,0.0,0.0,0.0,0.0,2004-05-04,2004-05-10,1,data/captures/usdm/48267/20261008T184031Z-1f69d3335d.json.gz
2004-05-11,100.0,0.0,0.0,0.0,0.0,0.0,2004-05-11,2004-05-17,1,data/captures/usdm/48267/20261008T184031Z-1f69d3335d.json.gz
2004-05-18,100.0,0.0,0.0,0.0,0.0,0.0,2004-05-18,2004-05-24,1,data/captures/usdm/48267/20261008T184031Z-1f69d3335d.json.gz
2004-05-25,100.0,0.0,0.0,0.0,0.0,0.0,2004-05-25,2004-05-31,1,data/captures/usdm/48267/20261008T184031Z-1f69d3335d.json.gz
2004-06-01,0.0,100.0,0.0,0.0,0.0,0.0,2004-06-01,2004-06-07,1,data/captures/usdm/48267/20261008T184031Z-1f69d3335d.json.gz
2004-06-08,0.0,100.0,0.0,0.0,0.0,0.0,2004-06-08,2004-06-14,1,data/captures/usdm/48267/20261008T184031Z-1f69d3335d.json.gz
2004-06-15,20.41,79.59,0.0,0.0,0.0,0.0,2004-06-15,2004-06-21,1,data/captures/usdm/48267/20261008T184031Z-1f69d3335d.json.gz
2004-06-22,79.04,20.96,0.0,0.0,0.0,0.0,2004-06-22,2004-06-28,1,data/captures/usdm/48267/20261008T184031Z-1f69d3335d.json.gz
2004-06-29,100.0,0.0,0.0,0.0,0.0,0.0,2004-06-29,2004-07-05,1,data/captures/usdm/48267/20261008T184031Z-1f69d3335d.json.gz
2004-07-06,100.0,0.0,0.0,0.0,0.0,0.0,2004-07-06,2004-07-12,1,data/captures/usdm/48267/20261008T184031Z-1f69d3335d.json.gz
2004-07-13,100.0,0.0,0.0,0.0,0.0,0.0,2004-07-13,2004-07-19,1,data/captures/usdm/48267/20261008T184031Z-1f69d3335d.json.gz
2004-07-20,100.0,0.0,0.0,0.0,0.0,0.0,2004-07-20,2004-07-26,1,data/captures/usdm/48267/20261008T184031Z-1f69d3335d.json.gz
2004-07-27,100.0,0.0,0.0,0.0,0.0,0.0,2004-07-27,2004-08-02,1,data/captures/usdm/48267/20261008T184031Z-1f69d3335d.json.gz
2004-08-03,100.0,0.0,0.0,0.0,0.0,0.0,2004-08-03,2004-08-09,1,data/captures/usdm/48267/20261008T184031Z-1f69d3335d.json.gz
2004-08-10,100.0,0.0,0.0,0.0,0.0,0.0,2004-08-10,2004-08-16,1,data/captures/usdm/48267/20261008T184031Z-1f69d3335d.json.gz
2004-08-17,100.0,0.0,0.0,0.0,0.0,0.0,2004-08-17,2004-08-23,1,data/captures/usdm/48267/20261008T184031Z-1f69d3335d.json.gz
2004-08-24,100.0,0.0,0.0,0.0,0.0,0.0,2004-08-24,2004-08-30,1,data/captures/usdm/48267/20261008T184031Z-1f69d3335d.json.gz
2004-08-31,100.0,0.0,0.0,0.0,0.0,0.0,2004-08-31,2004-09-06,1,data/captures/usdm/48267/20261008T184031Z-1f69d3335d.json.gz
2004-09-07,100.0,0.0,0.0,0.0,0.0,0.0,2004-09-07,2004-09-13,1,data/captures/usdm/48267/20261008T184031Z-1f69d3335d.json.gz
2004-09-14,100.0,0.0,0.0,0.0,0.0,0.0,2004-09-14,2004-09-20,1,data/captures/usdm/48267/20261008T184031Z-1f69d3335d.json.gz
2004-09-21,100.0,0.0,0.0,0.0,0.0,0.0,2004-09-21,2004-09-27,1,data/captures/usdm/48267/20261008T184031Z-1f69d3335d.json.gz
2004-09-28,100.0,0.0,0.0,0.0,0.0,0.0,2004-09-28,2004-10-04,1,data/captures/usdm/48267/20261008T184031Z-1f69d3335d.json.gz
2004-10-05,100.0,0.0,0.0,0.0,0.0,0.0,2004-10-05,2004-10-11,1,data/captures/usdm/48267/20261008T184031Z-1f69d3335d.json.gz
2004-10-12,100.0,0.0,0.0,0.0,0.0,0.0,2004-10-12,2004-10-18,1,data/captures/usdm/48267/20261008T184031Z-1f69d3335d.json.gz
2004-10-19,100.0,0.0,0.0,0.0,0.0,0.0,2004-10-19,2004-10-25,1,data/captures/usdm/48267/20261008T184031Z-1f69d3335d.json.gz
2004-10-26,100.0,0.0,0.0,0.0,0.0,0.0,2004-10-26,2004-11-01,1,data/captures/usdm/48267/20261008T184031Z-1f69d3335d.json.gz
2004-11-02,100.0,0.0,0.0,0.0,0.0,0.0,2004-11-02,2004-11-08,1,data/captures/usdm/48267/20261008T184031Z-1f69d3335d.json.gz
2004-11-09,100.0,0.0,0.0,0.0,0.0,0.0,2004-11-09,2004-11-15,1,data/captures/usdm/48267/20261008T184031Z-1f69d3335d.json.gz
2004-11-16,100.0,0.0,0.0,0.0,0.0,0.0,2004-11-16,2004-11-22,1,data/captures/usdm/48267/20261008T184031Z-1f69d3335d.json.gz
2004-11-23,100.0,0.0,0.0,0.0,0.0,0.0,2004-11-23,2004-11-29,1,data/captures/usdm/48267/20261008T184031Z-1f69d3335d.json.gz
2004-11-30,100.0,0.0,0.0,0.0,0.0,0.0,2004-11-30,2004-12-06,1,data/captures/usdm/48267/20261008T184031Z-1f69d3335d.json.gz
2004-12-07,100.0,0.0,0.0,0.0,0.0,0.0,2004-12-07,2004-12-13,1,data/captures/usdm/48267/20261008T184031Z-1f69d3335d.json.gz
2004-12-14,100.0,0.0,0.0,0.0,0.0,0.0,2004-12-14,2004-12-20,1,data/captures/usdm/48267/20261008T184031Z-1f69d3335d.json.gz
2004-12-21,100.0,0.0,0.0,0.0,0.0,0.0,2004-12-21,2004-12-27,1,data/captures/usdm/48267/20261008T184031Z-1f69d3335d.json.gz
2004-12-28,100.0,0.0,0.0,0.0,0.0,0.0,2004-12-28,2005-01-03,1,data/captures/usdm/48267/20261008T184031Z-1f69d3335d.json.gz
2005-01-04,100.0,0.0,0.0,0.0,0.0,0.0,2005-01-04,2005-01-10,1,data/captures/usdm/48267/20261008T184031Z-1f69d3335d.json.gz
2005-01-11,100.0,0.0,0.0,0.0,0.0,0.0,2005-01-11,2005-01-17,1,data/captures/usdm/48267/20261008T184031Z-1f69d3335d.json.gz
2005-01-18,100.0,0.0,0.0,0.0,0.0,0.0,2005-01-18,2005-01-24,1,data/captures/usdm/48267/20261008T184031Z-1f69d3335d.json.gz
2005-01-25,100.0,0.0,0.0,0.0,0.0,0.0,2005-01-25,2005-01-31,1,data/captures/usdm/48267/20261008T184031Z-1f69d3335d.json.gz
2005-02-01,100.0,0.0,0.0,0.0,0.0,0.0,2005-02-01,2005-02-07,1,data/captures/usdm/48267/20261008T184031Z-1f69d3335d.json.gz
2005-02-08,100.0,0.0,0.0,0.0,0.0,0.0,2005-02-08,2005-02-14,1,data/captures/usdm/48267/20261008T184031Z-1f69d3335d.json.gz
2005-02-15,100.0,0.0,0.0,0.0,0.0,0.0,2005-02-15,2005-02-21,1,data/captures/usdm/48267/20261008T184031Z-1f69d3335d.json.gz
2005-02-22,100.0,0.0,0.0,0.0,0.0,0.0,2005-02-22,2005-02-28,1,data/captures/usdm/48267/20261008T184031Z-1f69d3335d.json.gz
2005-03-01,100.0,0.0,0.0,0.0,0.0,0.0,2005-03-01,2005-03-07,1,data/captures/usdm/48267/20261008T184031Z-1f69d3335d.json.gz
2005-03-08,100.0,0.0,0.0,0.0,0.0,0.0,2005-03-08,2005-03-14,1,data/captures/usdm/48267/20261008T184031Z-1f69d3335d.json.gz
2005-03-15,100.0,0.0,0.0,0.0,0.0,0.0,2005-03-15,2005-03-21,1,data/captures/usdm/48267/20261008T184031Z-1f69d3335d.json.gz
2005-03-22,100.0,0.0,0.0,0.0,0.0,0.0,2005-03-22,2005-03-28,1,data/captures/usdm/48267/20261008T184031Z-1f69d3335d.json.gz
2005-03-29,100.0,0.0,0.0,0.0,0.0,0.0,2005-03-29,2005-04-04,1,data/captures/usdm/48267/20261008T184031Z-1f69d3335d.json.gz
2005-04-05,100.0,0.0,0.0,0.0,0.0,0.0,2005-04-05,2005-04-11,1,data/captures/usdm/48267/20261008T184031Z-1f69d3335d.json.gz
2005-04-12,100.0,0.0,0.0,0.0,0.0,0.0,2005-04-12,2005-04-18,1,data/captures/usdm/48267/20261008T184031Z-1f69d3335d.json.gz
2005-04-19,100.0,0.0,0.0,0.0,0.0,0.0,2005-04-19,2005-04-25,1,data/captures/usdm/48267/20261008T184031Z-1f69d3335d.json.gz
2005-04-26,100.0,0.0,0.0,0.0,0.0,0.0,2005-04-26,2005-05-02,1,data/captures/usdm/48267/20261008T184031Z-1f69d3335d.json.gz
2005-05-03,0.0,100.0,0.0,0.0,0.0,0.0,2005-05-03,2005-05-09,1,data/captures/usdm/48267/20261008T184031Z-1f69d3335d.json.gz
2005-05-10,100.0,0.0,0.0,0.0,0.0,0.0,2005-05-10,2005-05-16,1,data/captures/usdm/48267/20261008T184031Z-1f69d3335d.json.gz
2005-05-17,100.0,0.0,0.0,0.0,0.0,0.0,2005-05-17,2005-05-23,1,data/captures/usdm/48267/20261008T184031Z-1f69d3335d.json.gz
2005-05-24,100.0,0.0,0.0,0.0,0.0,0.0,2005-05-24,2005-05-30,1,data/captures/usdm/48267/20261008T184031Z-1f69d3335d.json.gz
2005-05-31,100.0,0.0,0.0,0.0,0.0,0.0,2005-05-31,2005-06-06,1,data/captures/usdm/48267/20261008T184031Z-1f69d3335d.json.gz
2005-06-07,100.0,0.0,0.0,0.0,0.0,0.0,2005-06-07,2005-06-13,1,data/captures/usdm/48267/20261008T184031Z-1f69d3335d.json.gz
2005-06-14,100.0,0.0,0.0,0.0,0.0,0.0,2005-06-14,2005-06-20,1,data/captures/usdm/48267/20261008T184031Z-1f69d3335d.json.gz
2005-06-21,100.0,0.0,0.0,0.0,0.0,0.0,2005-06-21,2005-06-27,1,data/captures/usdm/48267/20261008T184031Z-1f69d3335d.json.gz
2005-06-28,0.0,100.0,0.0,0.0,0.0,0.0,2005-06-28,2005-07-04,1,data/captures/usdm/48267/20261008T184031Z-1f69d3335d.json.gz
2005-07-05,0.0,100.0,83.97,0.0,0.0,0.0,2005-07-05,2005-07-11,1,data/captures/usdm/48267/20261008T184031Z-1f69d3335d.json.gz
2005-07-12,0.0,100.0,83.04,0.0,0.0,0.0,2005-07-12,2005-07-18,1,data/captures/usdm/48267/20261008T184031Z-1f69d3335d.json.gz
2005-07-19,0.0,100.0,83.04,0.0,0.0,0.0,2005-07-19,2005-07-25,1,data/captures/usdm/48267/20261008T184031Z-1f69d3335d.json.gz
2005-07-26,0.0,100.0,84.57,0.0,0.0,0.0,2005-07-26,2005-08-01,1,data/captures/usdm/48267/20261008T184031Z-1f69d3335d.json.gz
2005-08-02,0.0,100.0,17.07,0.0,0.0,0.0,2005-08-02,2005-08-08,1,data/captures/usdm/48267/20261008T184031Z-1f69d3335d.json.gz
2005-08-09,100.0,0.0,0.0,0.0,0.0,0.0,2005-08-09,2005-08-15,1,data/captures/usdm/48267/20261008T184031Z-1f69d3335d.json.gz
2005-08-16,100.0,0.0,0.0,0.0,0.0,0.0,2005-08-16,2005-08-22,1,data/captures/usdm/48267/20261008T184031Z-1f69d3335d.json.gz
2005-08-23,100.0,0.0,0.0,0.0,0.0,0.0,2005-08-23,2005-08-29,1,data/captures/usdm/48267/20261008T184031Z-1f69d3335d.json.gz
2005-08-30,100.0,0.0,0.0,0.0,0.0,0.0,2005-08-30,2005-09-05,1,data/captures/usdm/48267/20261008T184031Z-1f69d3335d.json.gz
2005-09-06,100.0,0.0,0.0,0.0,0.0,0.0,2005-09-06,2005-09-12,1,data/captures/usdm/48267/20261008T184031Z-1f69d3335d.json.gz
2005-09-13,100.0,0.0,0.0,0.0,0.0,0.0,2005-09-13,2005-09-19,1,data/captures/usdm/48267/20261008T184031Z-1f69d3335d.json.gz
2005-09-20,100.0,0.0,0.0,0.0,0.0,0.0,2005-09-20,2005-09-26,1,data/captures/usdm/48267/20261008T184031Z-1f69d3335d.json.gz
2005-09-27,100.0,0.0,0.0,0.0,0.0,0.0,2005-09-27,2005-10-03,1,data/captures/usdm/48267/20261008T184031Z-1f69d3335d.json.gz
2005-10-04,0.0,100.0,0.0,0.0,0.0,0.0,2005-10-04,2005-10-10,1,data/captures/usdm/48267/20261008T184031Z-1f69d3335d.json.gz
2005-10-11,0.0,100.0,0.0,0.0,0.0,0.0,2005-10-11,2005-10-17,1,data/captures/usdm/48267/20261008T184031Z-1f69d3335d.json.gz
2005-10-18,2.23,97.77,0.0,0.0,0.0,0.0,2005-10-18,2005-10-24,1,data/captures/usdm/48267/20261008T184031Z-1f69d3335d.json.gz
2005-10-25,2.23,97.77,0.0,0.0,0.0,0.0,2005-10-25,2005-10-31,1,data/captures/usdm/48267/20261008T184031Z-1f69d3335d.json.gz
2005-11-01,2.23,97.77,58.88,0.0,0.0,0.0,2005-11-01,2005-11-07,1,data/captures/usdm/48267/20261008T184031Z-1f69d3335d.json.gz
2005-11-08,2.23,97.77,43.05,0.0,0.0,0.0,2005-11-08,2005-11-14,1,data/captures/usdm/48267/20261008T184031Z-1f69d3335d.json.gz
2005-11-15,2.23,97.77,43.05,0.0,0.0,0.0,2005-11-15,2005-11-21,1,data/captures/usdm/48267/20261008T184031Z-1f69d3335d.json.gz
2005-11-22,2.23,97.77,43.05,0.0,0.0,0.0,2005-11-22,2005-11-28,1,data/captures/usdm/48267/20261008T184031Z-1f69d3335d.json.gz
2005-11-29,2.23,97.77,43.05,0.0,0.0,0.0,2005-11-29,2005-12-05,1,data/captures/usdm/48267/20261008T184031Z-1f69d3335d.json.gz
2005-12-06,2.23,97.77,43.05,0.0,0.0,0.0,2005-12-06,2005-12-12,1,data/captures/usdm/48267/20261008T184031Z-1f69d3335d.json.gz
2005-12-13,2.23,97.77,43.05,0.0,0.0,0.0,2005-12-13,2005-12-19,1,data/captures/usdm/48267/20261008T184031Z-1f69d3335d.json.gz
2005-12-20,0.46,99.54,55.0,0.0,0.0,0.0,2005-12-20,2005-12-26,1,data/captures/usdm/48267/20261008T184031Z-1f69d3335d.json.gz
2005-12-27,0.46,99.54,55.0,0.0,0.0,0.0,2005-12-27,2006-01-02,1,data/captures/usdm/48267/20261008T184031Z-1f69d3335d.json.gz
2006-01-03,0.0,100.0,77.32,0.0,0.0,0.0,2006-01-03,2006-01-09,1,data/captures/usdm/48267/20261008T184031Z-1f69d3335d.json.gz
2006-01-10,0.0,100.0,77.32,0.0,0.0,0.0,2006-01-10,2006-01-16,1,data/captures/usdm/48267/20261008T184031Z-1f69d3335d.json.gz
2006-01-17,0.0,100.0,76.0,0.0,0.0,0.0,2006-01-17,2006-01-23,1,data/captures/usdm/48267/20261008T184031Z-1f69d3335d.json.gz
2006-01-24,0.0,100.0,76.0,8.81,0.0,0.0,2006-01-24,2006-01-30,1,data/captures/usdm/48267/20261008T184031Z-1f69d3335d.json.gz
2006-01-31,0.0,100.0,76.0,4.0,0.0,0.0,2006-01-31,2006-02-06,1,data/captures/usdm/48267/20261008T184031Z-1f69d3335d.json.gz
2006-02-07,0.0,100.0,100.0,72.79,0.0,0.0,2006-02-07,2006-02-13,1,data/captures/usdm/48267/20261008T184031Z-1f69d3335d.json.gz
2006-02-14,0.0,100.0,100.0,100.0,0.0,0.0,2006-02-14,2006-02-20,1,data/captures/usdm/48267/20261008T184031Z-1f69d3335d.json.gz
2006-02-21,0.0,100.0,100.0,100.0,0.0,0.0,2006-02-21,2006-02-27,1,data/captures/usdm/48267/20261008T184031Z-1f69d3335d.json.gz
2006-02-28,0.0,100.0,100.0,100.0,0.0,0.0,2006-02-28,2006-03-06,1,data/captures/usdm/48267/20261008T184031Z-1f69d3335d.json.gz
2006-03-07,0.0,100.0,100.0,100.0,0.0,0.0,2006-03-07,2006-03-13,1,data/captures/usdm/48267/20261008T184031Z-1f69d3335d.json.gz
2006-03-14,0.0,100.0,100.0,100.0,8.89,0.0,2006-03-14,2006-03-20,1,data/captures/usdm/48267/20261008T184031Z-1f69d3335d.json.gz
2006-03-21,0.0,100.0,100.0,100.0,8.89,0.0,2006-03-21,2006-03-27,1,data/captures/usdm/48267/20261008T184031Z-1f69d3335d.json.gz
2006-03-28,0.0,100.0,100.0,100.0,0.0,0.0,2006-03-28,2006-04-03,1,data/captures/usdm/48267/20261008T184031Z-1f69d3335d.json.gz
2006-04-04,0.0,100.0,100.0,100.0,0.0,0.0,2006-04-04,2006-04-10,1,data/captures/usdm/48267/20261008T184031Z-1f69d3335d.json.gz
2006-04-11,0.0,100.0,100.0,100.0,0.0,0.0,2006-04-11,2006-04-17,1,data/captures/usdm/48267/20261008T184031Z-1f69d3335d.json.gz
2006-04-18,0.0,100.0,100.0,100.0,96.79,0.0,2006-04-18,2006-04-24,1,data/captures/usdm/48267/20261008T184031Z-1f69d3335d.json.gz
2006-04-25,0.0,100.0,100.0,100.0,80.04,0.0,2006-04-25,2006-05-01,1,data/captures/usdm/48267/20261008T184031Z-1f69d3335d.json.gz
2006-05-02,0.0,100.0,100.0,75.83,0.0,0.0,2006-05-02,2006-05-08,1,data/captures/usdm/48267/20261008T184031Z-1f69d3335d.json.gz
2006-05-09,0.0,100.0,72.57,0.0,0.0,0.0,2006-05-09,2006-05-15,1,data/captures/usdm/48267/20261008T184031Z-1f69d3335d.json.gz
2006-05-16,0.0,100.0,72.57,0.0,0.0,0.0,2006-05-16,2006-05-22,1,data/captures/usdm/48267/20261008T184031Z-1f69d3335d.json.gz
2006-05-23,0.0,100.0,38.91,0.0,0.0,0.0,2006-05-23,2006-05-29,1,data/captures/usdm/48267/20261008T184031Z-1f69d3335d.json.gz
2006-05-30,0.0,100.0,100.0,0.0,0.0,0.0,2006-05-30,2006-06-05,1,data/captures/usdm/48267/20261008T184031Z-1f69d3335d.json.gz
2006-06-06,0.0,100.0,100.0,0.0,0.0,0.0,2006-06-06,2006-06-12,1,data/captures/usdm/48267/20261008T184031Z-1f69d3335d.json.gz
2006-06-13,0.0,100.0,100.0,100.0,0.0,0.0,2006-06-13,2006-06-19,1,data/captures/usdm/48267/20261008T184031Z-1f69d3335d.json.gz
2006-06-20,0.0,100.0,100.0,100.0,0.0,0.0,2006-06-20,2006-06-26,1,data/captures/usdm/48267/20261008T184031Z-1f69d3335d.json.gz
2006-06-27,0.0,100.0,100.0,100.0,0.0,0.0,2006-06-27,2006-07-03,1,data/captures/usdm/48267/20261008T184031Z-1f69d3335d.json.gz
2006-07-04,0.0,100.0,100.0,100.0,0.0,0.0,2006-07-04,2006-07-10,1,data/captures/usdm/48267/20261008T184031Z-1f69d3335d.json.gz
2006-07-11,0.0,100.0,100.0,100.0,0.0,0.0,2006-07-11,2006-07-17,1,data/captures/usdm/48267/20261008T184031Z-1f69d3335d.json.gz
2006-07-18,0.0,100.0,100.0,100.0,99.82,0.0,2006-07-18,2006-07-24,1,data/captures/usdm/48267/20261008T184031Z-1f69d3335d.json.gz
2006-07-25,0.0,100.0,100.0,100.0,100.0,0.0,2006-07-25,2006-07-31,1,data/captures/usdm/48267/20261008T184031Z-1f69d3335d.json.gz
2006-08-01,0.0,100.0,100.0,100.0,100.0,0.0,2006-08-01,2006-08-07,1,data/captures/usdm/48267/20261008T184031Z-1f69d3335d.json.gz
2006-08-08,0.0,100.0,100.0,100.0,100.0,0.0,2006-08-08,2006-08-14,1,data/captures/usdm/48267/20261008T184031Z-1f69d3335d.json.gz
2006-08-15,0.0,100.0,100.0,100.0,100.0,0.0,2006-08-15,2006-08-21,1,data/captures/usdm/48267/20261008T184031Z-1f69d3335d.json.gz
2006-08-22,0.0,100.0,100.0,100.0,100.0,0.0,2006-08-22,2006-08-28,1,data/captures/usdm/48267/20261008T184031Z-1f69d3335d.json.gz
2006-08-29,0.0,100.0,100.0,100.0,100.0,0.0,2006-08-29,2006-09-04,1,data/captures/usdm/48267/20261008T184031Z-1f69d3335d.json.gz
2006-09-05,0.0,100.0,100.0,100.0,100.0,0.0,2006-09-05,2006-09-11,1,data/captures/usdm/48267/20261008T184031Z-1f69d3335d.json.gz
2006-09-12,0.0,100.0,100.0,100.0,100.0,0.0,2006-09-12,2006-09-18,1,data/captures/usdm/48267/20261008T184031Z-1f69d3335d.json.gz
2006-09-19,0.0,100.0,100.0,100.0,86.32,0.0,2006-09-19,2006-09-25,1,data/captures/usdm/48267/20261008T184031Z-1f69d3335d.json.gz
2006-09-26,0.0,100.0,100.0,100.0,86.32,0.0,2006-09-26,2006-10-02,1,data/captures/usdm/48267/20261008T184031Z-1f69d3335d.json.gz
2006-10-03,0.0,100.0,100.0,100.0,86.32,0.0,2006-10-03,2006-10-09,1,data/captures/usdm/48267/20261008T184031Z-1f69d3335d.json.gz
2006-10-10,0.0,100.0,100.0,100.0,69.33,0.0,2006-10-10,2006-10-16,1,data/captures/usdm/48267/20261008T184031Z-1f69d3335d.json.gz
2006-10-17,0.0,100.0,100.0,100.0,52.03,0.0,2006-10-17,2006-10-23,1,data/captures/usdm/48267/20261008T184031Z-1f69d3335d.json.gz
2006-10-24,0.0,100.0,100.0,100.0,52.03,0.0,2006-10-24,2006-10-30,1,data/captures/usdm/48267/20261008T184031Z-1f69d3335d.json.gz
2006-10-31,0.0,100.0,100.0,100.0,52.03,0.0,2006-10-31,2006-11-06,1,data/captures/usdm/48267/20261008T184031Z-1f69d3335d.json.gz
2006-11-07,0.0,100.0,100.0,100.0,52.03,0.0,2006-11-07,2006-11-13,1,data/captures/usdm/48267/20261008T184031Z-1f69d3335d.json.gz
2006-11-14,0.0,100.0,100.0,100.0,52.03,0.0,2006-11-14,2006-11-20,1,data/captures/usdm/48267/20261008T184031Z-1f69d3335d.json.gz
2006-11-21,0.0,100.0,100.0,100.0,52.03,0.0,2006-11-21,2006-11-27,1,data/captures/usdm/48267/20261008T184031Z-1f69d3335d.json.gz
2006-11-28,0.0,100.0,100.0,100.0,100.0,0.0,2006-11-28,2006-12-04,1,data/captures/usdm/48267/20261008T184031Z-1f69d3335d.json.gz
2006-12-05,0.0,100.0,100.0,100.0,100.0,0.0,2006-12-05,2006-12-11,1,data/captures/usdm/48267/20261008T184031Z-1f69d3335d.json.gz
2006-12-12,0.0,100.0,100.0,100.0,100.0,0.0,2006-12-12,2006-12-18,1,data/captures/usdm/48267/20261008T184031Z-1f69d3335d.json.gz
2006-12-19,0.0,100.0,100.0,100.0,100.0,0.0,2006-12-19,2006-12-25,1,data/captures/usdm/48267/20261008T184031Z-1f69d3335d.json.gz
2006-12-26,0.0,100.0,100.0,100.0,100.0,0.0,2006-12-26,2007-01-01,1,data/captures/usdm/48267/20261008T184031Z-1f69d3335d.json.gz
2007-01-02,0.0,100.0,100.0,100.0,100.0,0.0,2007-01-02,2007-01-08,1,data/captures/usdm/48267/20261008T184031Z-1f69d3335d.json.gz
2007-01-09,0.0,100.0,100.0,100.0,100.0,0.0,2007-01-09,2007-01-15,1,data/captures/usdm/48267/20261008T184031Z-1f69d3335d.json.gz
2007-01-16,0.0,100.0,100.0,100.0,100.0,0.0,2007-01-16,2007-01-22,1,data/captures/usdm/48267/20261008T184031Z-1f69d3335d.json.gz
2007-01-23,0.0,100.0,100.0,100.0,100.0,0.0,2007-01-23,2007-01-29,1,data/captures/usdm/48267/20261008T184031Z-1f69d3335d.json.gz
2007-01-30,0.0,100.0,100.0,100.0,100.0,0.0,2007-01-30,2007-02-05,1,data/captures/usdm/48267/20261008T184031Z-1f69d3335d.json.gz
2007-02-06,0.0,100.0,100.0,100.0,100.0,0.0,2007-02-06,2007-02-12,1,data/captures/usdm/48267/20261008T184031Z-1f69d3335d.json.gz
2007-02-13,0.0,100.0,100.0,100.0,100.0,0.0,2007-02-13,2007-02-19,1,data/captures/usdm/48267/20261008T184031Z-1f69d3335d.json.gz
2007-02-20,0.0,100.0,100.0,100.0,100.0,0.0,2007-02-20,2007-02-26,1,data/captures/usdm/48267/20261008T184031Z-1f69d3335d.json.gz
2007-02-27,0.0,100.0,100.0,100.0,100.0,0.0,2007-02-27,2007-03-05,1,data/captures/usdm/48267/20261008T184031Z-1f69d3335d.json.gz
2007-03-06,0.0,100.0,100.0,100.0,100.0,0.0,2007-03-06,2007-03-12,1,data/captures/usdm/48267/20261008T184031Z-1f69d3335d.json.gz
2007-03-13,0.0,100.0,100.0,100.0,100.0,0.0,2007-03-13,2007-03-19,1,data/captures/usdm/48267/20261008T184031Z-1f69d3335d.json.gz
2007-03-20,0.0,100.0,100.0,100.0,100.0,0.0,2007-03-20,2007-03-26,1,data/captures/usdm/48267/20261008T184031Z-1f69d3335d.json.gz
2007-03-27,0.0,100.0,100.0,100.0,0.0,0.0,2007-03-27,2007-04-02,1,data/captures/usdm/48267/20261008T184031Z-1f69d3335d.json.gz
2007-04-03,0.0,100.0,0.0,0.0,0.0,0.0,2007-04-03,2007-04-09,1,data/captures/usdm/48267/20261008T184031Z-1f69d3335d.json.gz
2007-04-10,0.0,100.0,0.0,0.0,0.0,0.0,2007-04-10,2007-04-16,1,data/captures/usdm/48267/20261008T184031Z-1f69d3335d.json.gz
2007-04-17,0.0,100.0,0.0,0.0,0.0,0.0,2007-04-17,2007-04-23,1,data/captures/usdm/48267/20261008T184031Z-1f69d3335d.json.gz
2007-04-24,0.0,100.0,0.0,0.0,0.0,0.0,2007-04-24,2007-04-30,1,data/captures/usdm/48267/20261008T184031Z-1f69d3335d.json.gz
2007-05-01,100.0,0.0,0.0,0.0,0.0,0.0,2007-05-01,2007-05-07,1,data/captures/usdm/48267/20261008T184031Z-1f69d3335d.json.gz
2007-05-08,100.0,0.0,0.0,0.0,0.0,0.0,2007-05-08,2007-05-14,1,data/captures/usdm/48267/20261008T184031Z-1f69d3335d.json.gz
2007-05-15,100.0,0.0,0.0,0.0,0.0,0.0,2007-05-15,2007-05-21,1,data/captures/usdm/48267/20261008T184031Z-1f69d3335d.json.gz
2007-05-22,100.0,0.0,0.0,0.0,0.0,0.0,2007-05-22,2007-05-28,1,data/captures/usdm/48267/20261008T184031Z-1f69d3335d.json.gz
2007-05-29,100.0,0.0,0.0,0.0,0.0,0.0,2007-05-29,2007-06-04,1,data/captures/usdm/48267/20261008T184031Z-1f69d3335d.json.gz
2007-06-05,100.0,0.0,0.0,0.0,0.0,0.0,2007-06-05,2007-06-11,1,data/captures/usdm/48267/20261008T184031Z-1f69d3335d.json.gz
2007-06-12,100.0,0.0,0.0,0.0,0.0,0.0,2007-06-12,2007-06-18,1,data/captures/usdm/48267/20261008T184031Z-1f69d3335d.json.gz
2007-06-19,100.0,0.0,0.0,0.0,0.0,0.0,2007-06-19,2007-06-25,1,data/captures/usdm/48267/20261008T184031Z-1f69d3335d.json.gz
2007-06-26,100.0,0.0,0.0,0.0,0.0,0.0,2007-06-26,2007-07-02,1,data/captures/usdm/48267/20261008T184031Z-1f69d3335d.json.gz
2007-07-03,100.0,0.0,0.0,0.0,0.0,0.0,2007-07-03,2007-07-09,1,data/captures/usdm/48267/20261008T184031Z-1f69d3335d.json.gz
2007-07-10,100.0,0.0,0.0,0.0,0.0,0.0,2007-07-10,2007-07-16,1,data/captures/usdm/48267/20261008T184031Z-1f69d3335d.json.gz
2007-07-17,100.0,0.0,0.0,0.0,0.0,0.0,2007-07-17,2007-07-23,1,data/captures/usdm/48267/20261008T184031Z-1f69d3335d.json.gz
2007-07-24,100.0,0.0,0.0,0.0,0.0,0.0,2007-07-24,2007-07-30,1,data/captures/usdm/48267/20261008T184031Z-1f69d3335d.json.gz
2007-07-31,100.0,0.0,0.0,0.0,0.0,0.0,2007-07-31,2007-08-06,1,data/captures/usdm/48267/20261008T184031Z-1f69d3335d.json.gz
2007-08-07,100.0,0.0,0.0,0.0,0.0,0.0,2007-08-07,2007-08-13,1,data/captures/usdm/48267/20261008T184031Z-1f69d3335d.json.gz
2007-08-14,100.0,0.0,0.0,0.0,0.0,0.0,2007-08-14,2007-08-20,1,data/captures/usdm/48267/20261008T184031Z-1f69d3335d.json.gz
2007-08-21,100.0,0.0,0.0,0.0,0.0,0.0,2007-08-21,2007-08-27,1,data/captures/usdm/48267/20261008T184031Z-1f69d3335d.json.gz
2007-08-28,100.0,0.0,0.0,0.0,0.0,0.0,2007-08-28,2007-09-03,1,data/captures/usdm/48267/20261008T184031Z-1f69d3335d.json.gz
2007-09-04,100.0,0.0,0.0,0.0,0.0,0.0,2007-09-04,2007-09-10,1,data/captures/usdm/48267/20261008T184031Z-1f69d3335d.json.gz
2007-09-11,100.0,0.0,0.0,0.0,0.0,0.0,2007-09-11,2007-09-17,1,data/captures/usdm/48267/20261008T184031Z-1f69d3335d.json.gz
2007-09-18,100.0,0.0,0.0,0.0,0.0,0.0,2007-09-18,2007-09-24,1,data/captures/usdm/48267/20261008T184031Z-1f69d3335d.json.gz
2007-09-25,100.0,0.0,0.0,0.0,0.0,0.0,2007-09-25,2007-10-01,1,data/captures/usdm/48267/20261008T184031Z-1f69d3335d.json.gz
2007-10-02,100.0,0.0,0.0,0.0,0.0,0.0,2007-10-02,2007-10-08,1,data/captures/usdm/48267/20261008T184031Z-1f69d3335d.json.gz
2007-10-09,100.0,0.0,0.0,0.0,0.0,0.0,2007-10-09,2007-10-15,1,data/captures/usdm/48267/20261008T184031Z-1f69d3335d.json.gz
2007-10-16,100.0,0.0,0.0,0.0,0.0,0.0,2007-10-16,2007-10-22,1,data/captures/usdm/48267/20261008T184031Z-1f69d3335d.json.gz
2007-10-23,100.0,0.0,0.0,0.0,0.0,0.0,2007-10-23,2007-10-29,1,data/captures/usdm/48267/20261008T184031Z-1f69d3335d.json.gz
2007-10-30,100.0,0.0,0.0,0.0,0.0,0.0,2007-10-30,2007-11-05,1,data/captures/usdm/48267/20261008T184031Z-1f69d3335d.json.gz
2007-11-06,100.0,0.0,0.0,0.0,0.0,0.0,2007-11-06,2007-11-12,1,data/captures/usdm/48267/20261008T184031Z-1f69d3335d.json.gz
2007-11-13,0.0,100.0,0.0,0.0,0.0,0.0,2007-11-13,2007-11-19,1,data/captures/usdm/48267/20261008T184031Z-1f69d3335d.json.gz
2007-11-20,0.0,100.0,0.0,0.0,0.0,0.0,2007-11-20,2007-11-26,1,data/captures/usdm/48267/20261008T184031Z-1f69d3335d.json.gz
2007-11-27,100.0,0.0,0.0,0.0,0.0,0.0,2007-11-27,2007-12-03,1,data/captures/usdm/48267/20261008T184031Z-1f69d3335d.json.gz
2007-12-04,47.13,52.87,0.0,0.0,0.0,0.0,2007-12-04,2007-12-10,1,data/captures/usdm/48267/20261008T184031Z-1f69d3335d.json.gz
2007-12-11,47.13,52.87,0.0,0.0,0.0,0.0,2007-12-11,2007-12-17,1,data/captures/usdm/48267/20261008T184031Z-1f69d3335d.json.gz
2007-12-18,47.13,52.87,0.0,0.0,0.0,0.0,2007-12-18,2007-12-24,1,data/captures/usdm/48267/20261008T184031Z-1f69d3335d.json.gz
2007-12-25,47.13,52.87,0.0,0.0,0.0,0.0,2007-12-25,2007-12-31,1,data/captures/usdm/48267/20261008T184031Z-1f69d3335d.json.gz
2008-01-01,0.0,100.0,0.0,0.0,0.0,0.0,2008-01-01,2008-01-07,1,data/captures/usdm/48267/20261008T184031Z-1f69d3335d.json.gz
2008-01-08,0.0,100.0,0.0,0.0,0.0,0.0,2008-01-08,2008-01-14,1,data/captures/usdm/48267/20261008T184031Z-1f69d3335d.json.gz
2008-01-15,0.0,100.0,100.0,0.0,0.0,0.0,2008-01-15,2008-01-21,1,data/captures/usdm/48267/20261008T184031Z-1f69d3335d.json.gz
2008-01-22,0.0,100.0,100.0,0.0,0.0,0.0,2008-01-22,2008-01-28,1,data/captures/usdm/48267/20261008T184031Z-1f69d3335d.json.gz
2008-01-29,0.0,100.0,100.0,0.0,0.0,0.0,2008-01-29,2008-02-04,1,data/captures/usdm/48267/20261008T184031Z-1f69d3335d.json.gz
2008-02-05,0.0,100.0,100.0,0.0,0.0,0.0,2008-02-05,2008-02-11,1,data/captures/usdm/48267/20261008T184031Z-1f69d3335d.json.gz
2008-02-12,0.0,100.0,100.0,99.85,0.0,0.0,2008-02-12,2008-02-18,1,data/captures/usdm/48267/20261008T184031Z-1f69d3335d.json.gz
2008-02-19,0.0,100.0,100.0,100.0,0.0,0.0,2008-02-19,2008-02-25,1,data/captures/usdm/48267/20261008T184031Z-1f69d3335d.json.gz
2008-02-26,0.0,100.0,100.0,100.0,0.0,0.0,2008-02-26,2008-03-03,1,data/captures/usdm/48267/20261008T184031Z-1f69d3335d.json.gz
2008-03-04,0.0,100.0,100.0,100.0,0.0,0.0,2008-03-04,2008-03-10,1,data/captures/usdm/48267/20261008T184031Z-1f69d3335d.json.gz
2008-03-11,0.0,100.0,100.0,100.0,0.0,0.0,2008-03-11,2008-03-17,1,data/captures/usdm/48267/20261008T184031Z-1f69d3335d.json.gz
2008-03-18,0.0,100.0,100.0,100.0,0.0,0.0,2008-03-18,2008-03-24,1,data/captures/usdm/48267/20261008T184031Z-1f69d3335d.json.gz
2008-03-25,0.0,100.0,100.0,20.65,0.0,0.0,2008-03-25,2008-03-31,1,data/captures/usdm/48267/20261008T184031Z-1f69d3335d.json.gz
2008-04-01,0.0,100.0,100.0,20.65,0.0,0.0,2008-04-01,2008-04-07,1,data/captures/usdm/48267/20261008T184031Z-1f69d3335d.json.gz
2008-04-08,0.0,100.0,100.0,20.65,0.0,0.0,2008-04-08,2008-04-14,1,data/captures/usdm/48267/20261008T184031Z-1f69d3335d.json.gz
2008-04-15,0.0,100.0,100.0,20.65,0.0,0.0,2008-04-15,2008-04-21,1,data/captures/usdm/48267/20261008T184031Z-1f69d3335d.json.gz
2008-04-22,0.0,100.0,100.0,20.65,0.0,0.0,2008-04-22,2008-04-28,1,data/captures/usdm/48267/20261008T184031Z-1f69d3335d.json.gz
2008-04-29,0.0,100.0,97.96,20.65,0.0,0.0,2008-04-29,2008-05-05,1,data/captures/usdm/48267/20261008T184031Z-1f69d3335d.json.gz
2008-05-06,0.0,100.0,89.38,22.3,0.0,0.0,2008-05-06,2008-05-12,1,data/captures/usdm/48267/20261008T184031Z-1f69d3335d.json.gz
2008-05-13,0.0,100.0,89.38,22.3,0.0,0.0,2008-05-13,2008-05-19,1,data/captures/usdm/48267/20261008T184031Z-1f69d3335d.json.gz
2008-05-20,0.78,99.22,24.48,0.0,0.0,0.0,2008-05-20,2008-05-26,1,data/captures/usdm/48267/20261008T184031Z-1f69d3335d.json.gz
2008-05-27,0.0,100.0,42.21,0.0,0.0,0.0,2008-05-27,2008-06-02,1,data/captures/usdm/48267/20261008T184031Z-1f69d3335d.json.gz
2008-06-03,0.0,100.0,42.21,0.0,0.0,0.0,2008-06-03,2008-06-09,1,data/captures/usdm/48267/20261008T184031Z-1f69d3335d.json.gz
2008-06-10,0.0,100.0,72.78,5.88,0.0,0.0,2008-06-10,2008-06-16,1,data/captures/usdm/48267/20261008T184031Z-1f69d3335d.json.gz
2008-06-17,0.0,100.0,100.0,78.49,8.12,0.0,2008-06-17,2008-06-23,1,data/captures/usdm/48267/20261008T184031Z-1f69d3335d.json.gz
2008-06-24,0.0,100.0,100.0,13.39,0.0,0.0,2008-06-24,2008-06-30,1,data/captures/usdm/48267/20261008T184031Z-1f69d3335d.json.gz
2008-07-01,0.0,100.0,100.0,17.36,0.0,0.0,2008-07-01,2008-07-07,1,data/captures/usdm/48267/20261008T184031Z-1f69d3335d.json.gz
2008-07-08,0.0,100.0,100.0,100.0,24.51,0.0,2008-07-08,2008-07-14,1,data/captures/usdm/48267/20261008T184031Z-1f69d3335d.json.gz
2008-07-15,0.0,100.0,100.0,100.0,24.51,0.0,2008-07-15,2008-07-21,1,data/captures/usdm/48267/20261008T184031Z-1f69d3335d.json.gz
2008-07-22,0.0,100.0,100.0,100.0,24.51,0.0,2008-07-22,2008-07-28,1,data/captures/usdm/48267/20261008T184031Z-1f69d3335d.json.gz
2008-07-29,0.0,100.0,100.0,100.0,24.51,0.0,2008-07-29,2008-08-04,1,data/captures/usdm/48267/20261008T184031Z-1f69d3335d.json.gz
2008-08-05,0.0,100.0,100.0,100.0,24.51,0.0,2008-08-05,2008-08-11,1,data/captures/usdm/48267/20261008T184031Z-1f69d3335d.json.gz
2008-08-12,0.0,100.0,100.0,100.0,54.83,0.0,2008-08-12,2008-08-18,1,data/captures/usdm/48267/20261008T184031Z-1f69d3335d.json.gz
2008-08-19,0.0,100.0,100.0,79.42,0.0,0.0,2008-08-19,2008-08-25,1,data/captures/usdm/48267/20261008T184031Z-1f69d3335d.json.gz
2008-08-26,0.0,100.0,100.0,79.42,0.0,0.0,2008-08-26,2008-09-01,1,data/captures/usdm/48267/20261008T184031Z-1f69d3335d.json.gz
2008-09-02,0.0,100.0,100.0,79.42,0.0,0.0,2008-09-02,2008-09-08,1,data/captures/usdm/48267/20261008T184031Z-1f69d3335d.json.gz
2008-09-09,0.0,100.0,100.0,79.42,0.0,0.0,2008-09-09,2008-09-15,1,data/captures/usdm/48267/20261008T184031Z-1f69d3335d.json.gz
2008-09-16,0.0,100.0,100.0,79.42,0.0,0.0,2008-09-16,2008-09-22,1,data/captures/usdm/48267/20261008T184031Z-1f69d3335d.json.gz
2008-09-23,0.0,100.0,100.0,79.42,0.0,0.0,2008-09-23,2008-09-29,1,data/captures/usdm/48267/20261008T184031Z-1f69d3335d.json.gz
2008-09-30,0.0,100.0,100.0,79.42,0.0,0.0,2008-09-30,2008-10-06,1,data/captures/usdm/48267/20261008T184031Z-1f69d3335d.json.gz
2008-10-07,0.0,100.0,100.0,79.28,0.0,0.0,2008-10-07,2008-10-13,1,data/captures/usdm/48267/20261008T184031Z-1f69d3335d.json.gz
2008-10-14,0.0,100.0,100.0,78.72,0.0,0.0,2008-10-14,2008-10-20,1,data/captures/usdm/48267/20261008T184031Z-1f69d3335d.json.gz
2008-10-21,0.0,100.0,100.0,78.31,0.0,0.0,2008-10-21,2008-10-27,1,data/captures/usdm/48267/20261008T184031Z-1f69d3335d.json.gz
2008-10-28,0.0,100.0,100.0,78.84,0.0,0.0,2008-10-28,2008-11-03,1,data/captures/usdm/48267/20261008T184031Z-1f69d3335d.json.gz
2008-11-04,0.0,100.0,100.0,78.84,0.0,0.0,2008-11-04,2008-11-10,1,data/captures/usdm/48267/20261008T184031Z-1f69d3335d.json.gz
2008-11-11,0.0,100.0,100.0,78.84,0.0,0.0,2008-11-11,2008-11-17,1,data/captures/usdm/48267/20261008T184031Z-1f69d3335d.json.gz
2008-11-18,0.0,100.0,100.0,78.84,0.0,0.0,2008-11-18,2008-11-24,1,data/captures/usdm/48267/20261008T184031Z-1f69d3335d.json.gz
2008-11-25,0.0,100.0,100.0,78.84,0.0,0.0,2008-11-25,2008-12-01,1,data/captures/usdm/48267/20261008T184031Z-1f69d3335d.json.gz
2008-12-02,0.0,100.0,100.0,78.84,0.0,0.0,2008-12-02,2008-12-08,1,data/captures/usdm/48267/20261008T184031Z-1f69d3335d.json.gz
2008-12-09,0.0,100.0,100.0,78.84,0.0,0.0,2008-12-09,2008-12-15,1,data/captures/usdm/48267/20261008T184031Z-1f69d3335d.json.gz
2008-12-16,0.0,100.0,100.0,78.84,23.43,0.0,2008-12-16,2008-12-22,1,data/captures/usdm/48267/20261008T184031Z-1f69d3335d.json.gz
2008-12-23,0.0,100.0,100.0,78.84,23.43,0.0,2008-12-23,2008-12-29,1,data/captures/usdm/48267/20261008T184031Z-1f69d3335d.json.gz
2008-12-30,0.0,100.0,100.0,78.84,23.43,0.0,2008-12-30,2009-01-05,1,data/captures/usdm/48267/20261008T184031Z-1f69d3335d.json.gz
2009-01-06,0.0,100.0,100.0,78.84,23.43,0.0,2009-01-06,2009-01-12,1,data/captures/usdm/48267/20261008T184031Z-1f69d3335d.json.gz
2009-01-13,0.0,100.0,100.0,100.0,100.0,0.0,2009-01-13,2009-01-19,1,data/captures/usdm/48267/20261008T184031Z-1f69d3335d.json.gz
2009-01-20,0.0,100.0,100.0,100.0,100.0,0.0,2009-01-20,2009-01-26,1,data/captures/usdm/48267/20261008T184031Z-1f69d3335d.json.gz
2009-01-27,0.0,100.0,100.0,100.0,100.0,0.0,2009-01-27,2009-02-02,1,data/captures/usdm/48267/20261008T184031Z-1f69d3335d.json.gz
2009-02-03,0.0,100.0,100.0,100.0,100.0,6.55,2009-02-03,2009-02-09,1,data/captures/usdm/48267/20261008T184031Z-1f69d3335d.json.gz
2009-02-10,0.0,100.0,100.0,100.0,100.0,42.24,2009-02-10,2009-02-16,1,data/captures/usdm/48267/20261008T184031Z-1f69d3335d.json.gz
2009-02-17,0.0,100.0,100.0,100.0,100.0,42.24,2009-02-17,2009-02-23,1,data/captures/usdm/48267/20261008T184031Z-1f69d3335d.json.gz
2009-02-24,0.0,100.0,100.0,100.0,100.0,42.24,2009-02-24,2009-03-02,1,data/captures/usdm/48267/20261008T184031Z-1f69d3335d.json.gz
2009-03-03,0.0,100.0,100.0,100.0,100.0,42.24,2009-03-03,2009-03-09,1,data/captures/usdm/48267/20261008T184031Z-1f69d3335d.json.gz
2009-03-10,0.0,100.0,100.0,100.0,100.0,42.24,2009-03-10,2009-03-16,1,data/captures/usdm/48267/20261008T184031Z-1f69d3335d.json.gz
2009-03-17,0.0,100.0,100.0,100.0,45.19,0.0,2009-03-17,2009-03-23,1,data/captures/usdm/48267/20261008T184031Z-1f69d3335d.json.gz
2009-03-24,0.0,100.0,100.0,100.0,82.21,0.0,2009-03-24,2009-03-30,1,data/captures/usdm/48267/20261008T184031Z-1f69d3335d.json.gz
2009-03-31,0.0,100.0,100.0,100.0,82.21,0.0,2009-03-31,2009-04-06,1,data/captures/usdm/48267/20261008T184031Z-1f69d3335d.json.gz
2009-04-07,0.0,100.0,100.0,100.0,82.21,0.0,2009-04-07,2009-04-13,1,data/captures/usdm/48267/20261008T184031Z-1f69d3335d.json.gz
2009-04-14,0.0,100.0,100.0,100.0,80.98,0.0,2009-04-14,2009-04-20,1,data/captures/usdm/48267/20261008T184031Z-1f69d3335d.json.gz
2009-04-21,0.0,100.0,100.0,82.43,15.81,0.0,2009-04-21,2009-04-27,1,data/captures/usdm/48267/20261008T184031Z-1f69d3335d.json.gz
2009-04-28,0.0,100.0,100.0,52.45,0.38,0.0,2009-04-28,2009-05-04,1,data/captures/usdm/48267/20261008T184031Z-1f69d3335d.json.gz
2009-05-05,0.0,100.0,100.0,52.45,0.38,0.0,2009-05-05,2009-05-11,1,data/captures/usdm/48267/20261008T184031Z-1f69d3335d.json.gz
2009-05-12,0.0,100.0,84.45,52.45,0.38,0.0,2009-05-12,2009-05-18,1,data/captures/usdm/48267/20261008T184031Z-1f69d3335d.json.gz
2009-05-19,0.0,100.0,84.45,52.45,0.41,0.0,2009-05-19,2009-05-25,1,data/captures/usdm/48267/20261008T184031Z-1f69d3335d.json.gz
2009-05-26,0.0,100.0,84.45,52.29,0.0,0.0,2009-05-26,2009-06-01,1,data/captures/usdm/48267/20261008T184031Z-1f69d3335d.json.gz
2009-06-02,9.19,90.81,58.46,37.34,0.0,0.0,2009-06-02,2009-06-08,1,data/captures/usdm/48267/20261008T184031Z-1f69d3335d.json.gz
2009-06-09,0.0,100.0,58.46,37.34,0.0,0.0,2009-06-09,2009-06-15,1,data/captures/usdm/48267/20261008T184031Z-1f69d3335d.json.gz
2009-06-16,0.0,100.0,58.46,37.34,0.0,0.0,2009-06-16,2009-06-22,1,data/captures/usdm/48267/20261008T184031Z-1f69d3335d.json.gz
2009-06-23,0.0,100.0,58.46,23.6,0.0,0.0,2009-06-23,2009-06-29,1,data/captures/usdm/48267/20261008T184031Z-1f69d3335d.json.gz
2009-06-30,0.0,100.0,74.25,38.17,0.0,0.0,2009-06-30,2009-07-06,1,data/captures/usdm/48267/20261008T184031Z-1f69d3335d.json.gz
2009-07-07,0.0,100.0,64.11,1.08,0.0,0.0,2009-07-07,2009-07-13,1,data/captures/usdm/48267/20261008T184031Z-1f69d3335d.json.gz
2009-07-14,0.0,100.0,64.11,1.08,0.0,0.0,2009-07-14,2009-07-20,1,data/captures/usdm/48267/20261008T184031Z-1f69d3335d.json.gz
2009-07-21,0.0,100.0,64.11,1.08,0.0,0.0,2009-07-21,2009-07-27,1,data/captures/usdm/48267/20261008T184031Z-1f69d3335d.json.gz
2009-07-28,0.0,100.0,64.11,11.61,0.0,0.0,2009-07-28,2009-08-03,1,data/captures/usdm/48267/20261008T184031Z-1f69d3335d.json.gz
2009-08-04,0.0,100.0,58.36,9.05,0.0,0.0,2009-08-04,2009-08-10,1,data/captures/usdm/48267/20261008T184031Z-1f69d3335d.json.gz
2009-08-11,0.0,100.0,58.36,9.05,0.0,0.0,2009-08-11,2009-08-17,1,data/captures/usdm/48267/20261008T184031Z-1f69d3335d.json.gz
2009-08-18,0.0,100.0,58.36,0.0,0.0,0.0,2009-08-18,2009-08-24,1,data/captures/usdm/48267/20261008T184031Z-1f69d3335d.json.gz
2009-08-25,0.0,100.0,58.36,0.0,0.0,0.0,2009-08-25,2009-08-31,1,data/captures/usdm/48267/20261008T184031Z-1f69d3335d.json.gz
2009-09-01,0.0,100.0,59.78,0.0,0.0,0.0,2009-09-01,2009-09-07,1,data/captures/usdm/48267/20261008T184031Z-1f69d3335d.json.gz
2009-09-08,0.06,99.94,59.78,0.0,0.0,0.0,2009-09-08,2009-09-14,1,data/captures/usdm/48267/20261008T184031Z-1f69d3335d.json.gz
2009-09-15,9.51,90.49,62.04,14.43,0.0,0.0,2009-09-15,2009-09-21,1,data/captures/usdm/48267/20261008T184031Z-1f69d3335d.json.gz
2009-09-22,34.19,65.81,40.06,0.0,0.0,0.0,2009-09-22,2009-09-28,1,data/captures/usdm/48267/20261008T184031Z-1f69d3335d.json.gz
2009-09-29,72.6,27.4,2.93,0.0,0.0,0.0,2009-09-29,2009-10-05,1,data/captures/usdm/48267/20261008T184031Z-1f69d3335d.json.gz
2009-10-06,89.86,10.14,0.09,0.0,0.0,0.0,2009-10-06,2009-10-12,1,data/captures/usdm/48267/20261008T184031Z-1f69d3335d.json.gz
2009-10-13,89.86,10.14,0.09,0.0,0.0,0.0,2009-10-13,2009-10-19,1,data/captures/usdm/48267/20261008T184031Z-1f69d3335d.json.gz
2009-10-20,89.86,10.14,0.09,0.0,0.0,0.0,2009-10-20,2009-10-26,1,data/captures/usdm/48267/20261008T184031Z-1f69d3335d.json.gz
2009-10-27,100.0,0.0,0.0,0.0,0.0,0.0,2009-10-27,2009-11-02,1,data/captures/usdm/48267/20261008T184031Z-1f69d3335d.json.gz
2009-11-03,100.0,0.0,0.0,0.0,0.0,0.0,2009-11-03,2009-11-09,1,data/captures/usdm/48267/20261008T184031Z-1f69d3335d.json.gz
2009-11-10,100.0,0.0,0.0,0.0,0.0,0.0,2009-11-10,2009-11-16,1,data/captures/usdm/48267/20261008T184031Z-1f69d3335d.json.gz
2009-11-17,100.0,0.0,0.0,0.0,0.0,0.0,2009-11-17,2009-11-23,1,data/captures/usdm/48267/20261008T184031Z-1f69d3335d.json.gz
2009-11-24,100.0,0.0,0.0,0.0,0.0,0.0,2009-11-24,2009-11-30,1,data/captures/usdm/48267/20261008T184031Z-1f69d3335d.json.gz
2009-12-01,100.0,0.0,0.0,0.0,0.0,0.0,2009-12-01,2009-12-07,1,data/captures/usdm/48267/20261008T184031Z-1f69d3335d.json.gz
2009-12-08,100.0,0.0,0.0,0.0,0.0,0.0,2009-12-08,2009-12-14,1,data/captures/usdm/48267/20261008T184031Z-1f69d3335d.json.gz
2009-12-15,100.0,0.0,0.0,0.0,0.0,0.0,2009-12-15,2009-12-21,1,data/captures/usdm/48267/20261008T184031Z-1f69d3335d.json.gz
2009-12-22,100.0,0.0,0.0,0.0,0.0,0.0,2009-12-22,2009-12-28,1,data/captures/usdm/48267/20261008T184031Z-1f69d3335d.json.gz
2009-12-29,100.0,0.0,0.0,0.0,0.0,0.0,2009-12-29,2010-01-04,1,data/captures/usdm/48267/20261008T184031Z-1f69d3335d.json.gz
2010-01-05,100.0,0.0,0.0,0.0,0.0,0.0,2010-01-05,2010-01-11,1,data/captures/usdm/48267/20261008T184031Z-1f69d3335d.json.gz
2010-01-12,100.0,0.0,0.0,0.0,0.0,0.0,2010-01-12,2010-01-18,1,data/captures/usdm/48267/20261008T184031Z-1f69d3335d.json.gz
2010-01-19,100.0,0.0,0.0,0.0,0.0,0.0,2010-01-19,2010-01-25,1,data/captures/usdm/48267/20261008T184031Z-1f69d3335d.json.gz
2010-01-26,100.0,0.0,0.0,0.0,0.0,0.0,2010-01-26,2010-02-01,1,data/captures/usdm/48267/20261008T184031Z-1f69d3335d.json.gz
2010-02-02,100.0,0.0,0.0,0.0,0.0,0.0,2010-02-02,2010-02-08,1,data/captures/usdm/48267/20261008T184031Z-1f69d3335d.json.gz
2010-02-09,100.0,0.0,0.0,0.0,0.0,0.0,2010-02-09,2010-02-15,1,data/captures/usdm/48267/20261008T184031Z-1f69d3335d.json.gz
2010-02-16,100.0,0.0,0.0,0.0,0.0,0.0,2010-02-16,2010-02-22,1,data/captures/usdm/48267/20261008T184031Z-1f69d3335d.json.gz
2010-02-23,100.0,0.0,0.0,0.0,0.0,0.0,2010-02-23,2010-03-01,1,data/captures/usdm/48267/20261008T184031Z-1f69d3335d.json.gz
2010-03-02,100.0,0.0,0.0,0.0,0.0,0.0,2010-03-02,2010-03-08,1,data/captures/usdm/48267/20261008T184031Z-1f69d3335d.json.gz
2010-03-09,100.0,0.0,0.0,0.0,0.0,0.0,2010-03-09,2010-03-15,1,data/captures/usdm/48267/20261008T184031Z-1f69d3335d.json.gz
2010-03-16,100.0,0.0,0.0,0.0,0.0,0.0,2010-03-16,2010-03-22,1,data/captures/usdm/48267/20261008T184031Z-1f69d3335d.json.gz
2010-03-23,100.0,0.0,0.0,0.0,0.0,0.0,2010-03-23,2010-03-29,1,data/captures/usdm/48267/20261008T184031Z-1f69d3335d.json.gz
2010-03-30,100.0,0.0,0.0,0.0,0.0,0.0,2010-03-30,2010-04-05,1,data/captures/usdm/48267/20261008T184031Z-1f69d3335d.json.gz
2010-04-06,100.0,0.0,0.0,0.0,0.0,0.0,2010-04-06,2010-04-12,1,data/captures/usdm/48267/20261008T184031Z-1f69d3335d.json.gz
2010-04-13,100.0,0.0,0.0,0.0,0.0,0.0,2010-04-13,2010-04-19,1,data/captures/usdm/48267/20261008T184031Z-1f69d3335d.json.gz
2010-04-20,100.0,0.0,0.0,0.0,0.0,0.0,2010-04-20,2010-04-26,1,data/captures/usdm/48267/20261008T184031Z-1f69d3335d.json.gz
2010-04-27,100.0,0.0,0.0,0.0,0.0,0.0,2010-04-27,2010-05-03,1,data/captures/usdm/48267/20261008T184031Z-1f69d3335d.json.gz
2010-05-04,100.0,0.0,0.0,0.0,0.0,0.0,2010-05-04,2010-05-10,1,data/captures/usdm/48267/20261008T184031Z-1f69d3335d.json.gz
2010-05-11,100.0,0.0,0.0,0.0,0.0,0.0,2010-05-11,2010-05-17,1,data/captures/usdm/48267/20261008T184031Z-1f69d3335d.json.gz
2010-05-18,100.0,0.0,0.0,0.0,0.0,0.0,2010-05-18,2010-05-24,1,data/captures/usdm/48267/20261008T184031Z-1f69d3335d.json.gz
2010-05-25,100.0,0.0,0.0,0.0,0.0,0.0,2010-05-25,2010-05-31,1,data/captures/usdm/48267/20261008T184031Z-1f69d3335d.json.gz
2010-06-01,100.0,0.0,0.0,0.0,0.0,0.0,2010-06-01,2010-06-07,1,data/captures/usdm/48267/20261008T184031Z-1f69d3335d.json.gz
2010-06-08,100.0,0.0,0.0,0.0,0.0,0.0,2010-06-08,2010-06-14,1,data/captures/usdm/48267/20261008T184031Z-1f69d3335d.json.gz
2010-06-15,100.0,0.0,0.0,0.0,0.0,0.0,2010-06-15,2010-06-21,1,data/captures/usdm/48267/20261008T184031Z-1f69d3335d.json.gz
2010-06-22,0.0,100.0,0.0,0.0,0.0,0.0,2010-06-22,2010-06-28,1,data/captures/usdm/48267/20261008T184031Z-1f69d3335d.json.gz
2010-06-29,19.82,80.18,0.0,0.0,0.0,0.0,2010-06-29,2010-07-05,1,data/captures/usdm/48267/20261008T184031Z-1f69d3335d.json.gz
2010-07-06,93.67,6.33,0.0,0.0,0.0,0.0,2010-07-06,2010-07-12,1,data/captures/usdm/48267/20261008T184031Z-1f69d3335d.json.gz
2010-07-13,93.67,6.33,0.0,0.0,0.0,0.0,2010-07-13,2010-07-19,1,data/captures/usdm/48267/20261008T184031Z-1f69d3335d.json.gz
2010-07-20,93.67,6.33,0.0,0.0,0.0,0.0,2010-07-20,2010-07-26,1,data/captures/usdm/48267/20261008T184031Z-1f69d3335d.json.gz
2010-07-27,100.0,0.0,0.0,0.0,0.0,0.0,2010-07-27,2010-08-02,1,data/captures/usdm/48267/20261008T184031Z-1f69d3335d.json.gz
2010-08-03,100.0,0.0,0.0,0.0,0.0,0.0,2010-08-03,2010-08-09,1,data/captures/usdm/48267/20261008T184031Z-1f69d3335d.json.gz
2010-08-10,100.0,0.0,0.0,0.0,0.0,0.0,2010-08-10,2010-08-16,1,data/captures/usdm/48267/20261008T184031Z-1f69d3335d.json.gz
2010-08-17,84.52,15.48,0.0,0.0,0.0,0.0,2010-08-17,2010-08-23,1,data/captures/usdm/48267/20261008T184031Z-1f69d3335d.json.gz
2010-08-24,0.0,100.0,0.0,0.0,0.0,0.0,2010-08-24,2010-08-30,1,data/captures/usdm/48267/20261008T184031Z-1f69d3335d.json.gz
2010-08-31,0.0,100.0,89.58,0.0,0.0,0.0,2010-08-31,2010-09-06,1,data/captures/usdm/48267/20261008T184031Z-1f69d3335d.json.gz
2010-09-07,8.68,91.32,0.0,0.0,0.0,0.0,2010-09-07,2010-09-13,1,data/captures/usdm/48267/20261008T184031Z-1f69d3335d.json.gz
2010-09-14,47.42,52.58,0.0,0.0,0.0,0.0,2010-09-14,2010-09-20,1,data/captures/usdm/48267/20261008T184031Z-1f69d3335d.json.gz
2010-09-21,47.42,52.58,0.0,0.0,0.0,0.0,2010-09-21,2010-09-27,1,data/captures/usdm/48267/20261008T184031Z-1f69d3335d.json.gz
2010-09-28,43.84,56.16,0.0,0.0,0.0,0.0,2010-09-28,2010-10-04,1,data/captures/usdm/48267/20261008T184031Z-1f69d3335d.json.gz
2010-10-05,43.84,56.16,0.0,0.0,0.0,0.0,2010-10-05,2010-10-11,1,data/captures/usdm/48267/20261008T184031Z-1f69d3335d.json.gz
2010-10-12,43.84,56.16,0.0,0.0,0.0,0.0,2010-10-12,2010-10-18,1,data/captures/usdm/48267/20261008T184031Z-1f69d3335d.json.gz
2010-10-19,0.0,100.0,0.0,0.0,0.0,0.0,2010-10-19,2010-10-25,1,data/captures/usdm/48267/20261008T184031Z-1f69d3335d.json.gz
2010-10-26,0.0,100.0,59.97,0.0,0.0,0.0,2010-10-26,2010-11-01,1,data/captures/usdm/48267/20261008T184031Z-1f69d3335d.json.gz
2010-11-02,0.0,100.0,59.97,0.0,0.0,0.0,2010-11-02,2010-11-08,1,data/captures/usdm/48267/20261008T184031Z-1f69d3335d.json.gz
2010-11-09,0.0,100.0,100.0,17.16,0.0,0.0,2010-11-09,2010-11-15,1,data/captures/usdm/48267/20261008T184031Z-1f69d3335d.json.gz
2010-11-16,0.0,100.0,100.0,17.16,0.0,0.0,2010-11-16,2010-11-22,1,data/captures/usdm/48267/20261008T184031Z-1f69d3335d.json.gz
2010-11-23,0.0,100.0,100.0,17.16,0.0,0.0,2010-11-23,2010-11-29,1,data/captures/usdm/48267/20261008T184031Z-1f69d3335d.json.gz
2010-11-30,0.0,100.0,100.0,100.0,10.1,0.0,2010-11-30,2010-12-06,1,data/captures/usdm/48267/20261008T184031Z-1f69d3335d.json.gz
2010-12-07,0.0,100.0,100.0,100.0,10.17,0.0,2010-12-07,2010-12-13,1,data/captures/usdm/48267/20261008T184031Z-1f69d3335d.json.gz
2010-12-14,0.0,100.0,100.0,100.0,10.17,0.0,2010-12-14,2010-12-20,1,data/captures/usdm/48267/20261008T184031Z-1f69d3335d.json.gz
2010-12-21,0.0,100.0,100.0,100.0,10.15,0.0,2010-12-21,2010-12-27,1,data/captures/usdm/48267/20261008T184031Z-1f69d3335d.json.gz
2010-12-28,0.0,100.0,100.0,100.0,10.15,0.0,2010-12-28,2011-01-03,1,data/captures/usdm/48267/20261008T184031Z-1f69d3335d.json.gz
2011-01-04,0.0,100.0,100.0,100.0,10.15,0.0,2011-01-04,2011-01-10,1,data/captures/usdm/48267/20261008T184031Z-1f69d3335d.json.gz
2011-01-11,0.0,100.0,100.0,24.92,1.05,0.0,2011-01-11,2011-01-17,1,data/captures/usdm/48267/20261008T184031Z-1f69d3335d.json.gz
2011-01-18,0.0,100.0,100.0,24.92,1.05,0.0,2011-01-18,2011-01-24,1,data/captures/usdm/48267/20261008T184031Z-1f69d3335d.json.gz
2011-01-25,0.0,100.0,100.0,81.33,1.05,0.0,2011-01-25,2011-01-31,1,data/captures/usdm/48267/20261008T184031Z-1f69d3335d.json.gz
2011-02-01,0.0,100.0,100.0,81.33,1.05,0.0,2011-02-01,2011-02-07,1,data/captures/usdm/48267/20261008T184031Z-1f69d3335d.json.gz
2011-02-08,0.0,100.0,100.0,80.23,1.05,0.0,2011-02-08,2011-02-14,1,data/captures/usdm/48267/20261008T184031Z-1f69d3335d.json.gz
2011-02-15,0.0,100.0,100.0,80.23,1.05,0.0,2011-02-15,2011-02-21,1,data/captures/usdm/48267/20261008T184031Z-1f69d3335d.json.gz
2011-02-22,0.0,100.0,100.0,100.0,34.44,0.0,2011-02-22,2011-02-28,1,data/captures/usdm/48267/20261008T184031Z-1f69d3335d.json.gz
2011-03-01,0.0,100.0,100.0,100.0,34.44,0.0,2011-03-01,2011-03-07,1,data/captures/usdm/48267/20261008T184031Z-1f69d3335d.json.gz
2011-03-08,0.0,100.0,100.0,100.0,34.44,0.0,2011-03-08,2011-03-14,1,data/captures/usdm/48267/20261008T184031Z-1f69d3335d.json.gz
2011-03-15,0.0,100.0,100.0,100.0,34.44,0.0,2011-03-15,2011-03-21,1,data/captures/usdm/48267/20261008T184031Z-1f69d3335d.json.gz
2011-03-22,0.0,100.0,100.0,100.0,39.36,0.0,2011-03-22,2011-03-28,1,data/captures/usdm/48267/20261008T184031Z-1f69d3335d.json.gz
2011-03-29,0.0,100.0,100.0,100.0,100.0,0.0,2011-03-29,2011-04-04,1,data/captures/usdm/48267/20261008T184031Z-1f69d3335d.json.gz
2011-04-05,0.0,100.0,100.0,100.0,100.0,0.0,2011-04-05,2011-04-11,1,data/captures/usdm/48267/20261008T184031Z-1f69d3335d.json.gz
2011-04-12,0.0,100.0,100.0,100.0,100.0,0.0,2011-04-12,2011-04-18,1,data/captures/usdm/48267/20261008T184031Z-1f69d3335d.json.gz
2011-04-19,0.0,100.0,100.0,100.0,100.0,29.19,2011-04-19,2011-04-25,1,data/captures/usdm/48267/20261008T184031Z-1f69d3335d.json.gz
2011-04-26,0.0,100.0,100.0,100.0,100.0,29.19,2011-04-26,2011-05-02,1,data/captures/usdm/48267/20261008T184031Z-1f69d3335d.json.gz
2011-05-03,0.0,100.0,100.0,100.0,100.0,29.19,2011-05-03,2011-05-09,1,data/captures/usdm/48267/20261008T184031Z-1f69d3335d.json.gz
2011-05-10,0.0,100.0,100.0,100.0,100.0,44.14,2011-05-10,2011-05-16,1,data/captures/usdm/48267/20261008T184031Z-1f69d3335d.json.gz
2011-05-17,0.0,100.0,100.0,100.0,100.0,38.09,2011-05-17,2011-05-23,1,data/captures/usdm/48267/20261008T184031Z-1f69d3335d.json.gz
2011-05-24,0.0,100.0,100.0,100.0,100.0,38.09,2011-05-24,2011-05-30,1,data/captures/usdm/48267/20261008T184031Z-1f69d3335d.json.gz
2011-05-31,0.0,100.0,100.0,100.0,100.0,74.35,2011-05-31,2011-06-06,1,data/captures/usdm/48267/20261008T184031Z-1f69d3335d.json.gz
2011-06-07,0.0,100.0,100.0,100.0,100.0,100.0,2011-06-07,2011-06-13,1,data/captures/usdm/48267/20261008T184031Z-1f69d3335d.json.gz
2011-06-14,0.0,100.0,100.0,100.0,100.0,100.0,2011-06-14,2011-06-20,1,data/captures/usdm/48267/20261008T184031Z-1f69d3335d.json.gz
2011-06-21,0.0,100.0,100.0,100.0,100.0,100.0,2011-06-21,2011-06-27,1,data/captures/usdm/48267/20261008T184031Z-1f69d3335d.json.gz
2011-06-28,0.0,100.0,100.0,100.0,100.0,100.0,2011-06-28,2011-07-04,1,data/captures/usdm/48267/20261008T184031Z-1f69d3335d.json.gz
2011-07-05,0.0,100.0,100.0,100.0,100.0,100.0,2011-07-05,2011-07-11,1,data/captures/usdm/48267/20261008T184031Z-1f69d3335d.json.gz
2011-07-12,0.0,100.0,100.0,100.0,100.0,100.0,2011-07-12,2011-07-18,1,data/captures/usdm/48267/20261008T184031Z-1f69d3335d.json.gz
2011-07-19,0.0,100.0,100.0,100.0,100.0,100.0,2011-07-19,2011-07-25,1,data/captures/usdm/48267/20261008T184031Z-1f69d3335d.json.gz
2011-07-26,0.0,100.0,100.0,100.0,100.0,100.0,2011-07-26,2011-08-01,1,data/captures/usdm/48267/20261008T184031Z-1f69d3335d.json.gz
2011-08-02,0.0,100.0,100.0,100.0,100.0,100.0,2011-08-02,2011-08-08,1,data/captures/usdm/48267/20261008T184031Z-1f69d3335d.json.gz
2011-08-09,0.0,100.0,100.0,100.0,100.0,100.0,2011-08-09,2011-08-15,1,data/captures/usdm/48267/20261008T184031Z-1f69d3335d.json.gz
2011-08-16,0.0,100.0,100.0,100.0,100.0,100.0,2011-08-16,2011-08-22,1,data/captures/usdm/48267/20261008T184031Z-1f69d3335d.json.gz
2011-08-23,0.0,100.0,100.0,100.0,100.0,100.0,2011-08-23,2011-08-29,1,data/captures/usdm/48267/20261008T184031Z-1f69d3335d.json.gz
2011-08-30,0.0,100.0,100.0,100.0,100.0,100.0,2011-08-30,2011-09-05,1,data/captures/usdm/48267/20261008T184031Z-1f69d3335d.json.gz
2011-09-06,0.0,100.0,100.0,100.0,100.0,100.0,2011-09-06,2011-09-12,1,data/captures/usdm/48267/20261008T184031Z-1f69d3335d.json.gz
2011-09-13,0.0,100.0,100.0,100.0,100.0,100.0,2011-09-13,2011-09-19,1,data/captures/usdm/48267/20261008T184031Z-1f69d3335d.json.gz
2011-09-20,0.0,100.0,100.0,100.0,100.0,100.0,2011-09-20,2011-09-26,1,data/captures/usdm/48267/20261008T184031Z-1f69d3335d.json.gz
2011-09-27,0.0,100.0,100.0,100.0,100.0,100.0,2011-09-27,2011-10-03,1,data/captures/usdm/48267/20261008T184031Z-1f69d3335d.json.gz
2011-10-04,0.0,100.0,100.0,100.0,100.0,100.0,2011-10-04,2011-10-10,1,data/captures/usdm/48267/20261008T184031Z-1f69d3335d.json.gz
2011-10-11,0.0,100.0,100.0,100.0,100.0,76.44,2011-10-11,2011-10-17,1,data/captures/usdm/48267/20261008T184031Z-1f69d3335d.json.gz
2011-10-18,0.0,100.0,100.0,100.0,100.0,76.44,2011-10-18,2011-10-24,1,data/captures/usdm/48267/20261008T184031Z-1f69d3335d.json.gz
2011-10-25,0.0,100.0,100.0,100.0,100.0,76.44,2011-10-25,2011-10-31,1,data/captures/usdm/48267/20261008T184031Z-1f69d3335d.json.gz
2011-11-01,0.0,100.0,100.0,100.0,100.0,76.44,2011-11-01,2011-11-07,1,data/captures/usdm/48267/20261008T184031Z-1f69d3335d.json.gz
2011-11-08,0.0,100.0,100.0,100.0,100.0,78.52,2011-11-08,2011-11-14,1,data/captures/usdm/48267/20261008T184031Z-1f69d3335d.json.gz
2011-11-15,0.0,100.0,100.0,100.0,100.0,24.49,2011-11-15,2011-11-21,1,data/captures/usdm/48267/20261008T184031Z-1f69d3335d.json.gz
2011-11-22,0.0,100.0,100.0,100.0,100.0,24.49,2011-11-22,2011-11-28,1,data/captures/usdm/48267/20261008T184031Z-1f69d3335d.json.gz
2011-11-29,0.0,100.0,100.0,100.0,100.0,24.16,2011-11-29,2011-12-05,1,data/captures/usdm/48267/20261008T184031Z-1f69d3335d.json.gz
2011-12-06,0.0,100.0,100.0,100.0,100.0,12.83,2011-12-06,2011-12-12,1,data/captures/usdm/48267/20261008T184031Z-1f69d3335d.json.gz
2011-12-13,0.0,100.0,100.0,100.0,100.0,12.83,2011-12-13,2011-12-19,1,data/captures/usdm/48267/20261008T184031Z-1f69d3335d.json.gz
2011-12-20,0.0,100.0,100.0,100.0,52.11,12.83,2011-12-20,2011-12-26,1,data/captures/usdm/48267/20261008T184031Z-1f69d3335d.json.gz
2011-12-27,0.0,100.0,100.0,100.0,52.11,12.83,2011-12-27,2012-01-02,1,data/captures/usdm/48267/20261008T184031Z-1f69d3335d.json.gz
2012-01-03,0.0,100.0,100.0,100.0,52.11,12.83,2012-01-03,2012-01-09,1,data/captures/usdm/48267/20261008T184031Z-1f69d3335d.json.gz
2012-01-10,0.0,100.0,100.0,100.0,42.27,12.83,2012-01-10,2012-01-16,1,data/captures/usdm/48267/20261008T184031Z-1f69d3335d.json.gz
2012-01-17,0.0,100.0,100.0,100.0,42.27,12.83,2012-01-17,2012-01-23,1,data/captures/usdm/48267/20261008T184031Z-1f69d3335d.json.gz
2012-01-24,0.0,100.0,100.0,100.0,42.27,12.83,2012-01-24,2012-01-30,1,data/captures/usdm/48267/20261008T184031Z-1f69d3335d.json.gz
2012-01-31,0.0,100.0,100.0,100.0,42.27,12.83,2012-01-31,2012-02-06,1,data/captures/usdm/48267/20261008T184031Z-1f69d3335d.json.gz
2012-02-07,0.0,100.0,100.0,100.0,43.1,12.83,2012-02-07,2012-02-13,1,data/captures/usdm/48267/20261008T184031Z-1f69d3335d.json.gz
2012-02-14,0.0,100.0,100.0,100.0,28.16,13.53,2012-02-14,2012-02-20,1,data/captures/usdm/48267/20261008T184031Z-1f69d3335d.json.gz
2012-02-21,0.0,100.0,100.0,51.28,19.59,0.0,2012-02-21,2012-02-27,1,data/captures/usdm/48267/20261008T184031Z-1f69d3335d.json.gz
2012-02-28,0.0,100.0,100.0,51.28,19.59,0.0,2012-02-28,2012-03-05,1,data/captures/usdm/48267/20261008T184031Z-1f69d3335d.json.gz
2012-03-06,0.0,100.0,100.0,51.28,19.59,0.0,2012-03-06,2012-03-12,1,data/captures/usdm/48267/20261008T184031Z-1f69d3335d.json.gz
2012-03-13,0.0,100.0,100.0,51.28,19.59,0.0,2012-03-13,2012-03-19,1,data/captures/usdm/48267/20261008T184031Z-1f69d3335d.json.gz
2012-03-20,0.0,100.0,100.0,22.47,0.0,0.0,2012-03-20,2012-03-26,1,data/captures/usdm/48267/20261008T184031Z-1f69d3335d.json.gz
2012-03-27,0.0,100.0,100.0,15.17,0.0,0.0,2012-03-27,2012-04-02,1,data/captures/usdm/48267/20261008T184031Z-1f69d3335d.json.gz
2012-04-03,0.0,100.0,100.0,15.17,0.0,0.0,2012-04-03,2012-04-09,1,data/captures/usdm/48267/20261008T184031Z-1f69d3335d.json.gz
2012-04-10,0.0,100.0,100.0,15.17,0.0,0.0,2012-04-10,2012-04-16,1,data/captures/usdm/48267/20261008T184031Z-1f69d3335d.json.gz
2012-04-17,0.0,100.0,100.0,15.17,0.0,0.0,2012-04-17,2012-04-23,1,data/captures/usdm/48267/20261008T184031Z-1f69d3335d.json.gz
2012-04-24,0.0,100.0,100.0,15.17,0.0,0.0,2012-04-24,2012-04-30,1,data/captures/usdm/48267/20261008T184031Z-1f69d3335d.json.gz
2012-05-01,0.0,100.0,100.0,20.64,0.0,0.0,2012-05-01,2012-05-07,1,data/captures/usdm/48267/20261008T184031Z-1f69d3335d.json.gz
2012-05-08,0.0,100.0,100.0,20.64,0.0,0.0,2012-05-08,2012-05-14,1,data/captures/usdm/48267/20261008T184031Z-1f69d3335d.json.gz
2012-05-15,0.0,100.0,40.08,0.0,0.0,0.0,2012-05-15,2012-05-21,1,data/captures/usdm/48267/20261008T184031Z-1f69d3335d.json.gz
2012-05-22,0.0,100.0,40.08,0.0,0.0,0.0,2012-05-22,2012-05-28,1,data/captures/usdm/48267/20261008T184031Z-1f69d3335d.json.gz
2012-05-29,0.0,100.0,40.08,0.0,0.0,0.0,2012-05-29,2012-06-04,1,data/captures/usdm/48267/20261008T184031Z-1f69d3335d.json.gz
2012-06-05,0.0,100.0,40.08,0.0,0.0,0.0,2012-06-05,2012-06-11,1,data/captures/usdm/48267/20261008T184031Z-1f69d3335d.json.gz
2012-06-12,0.0,100.0,40.08,0.0,0.0,0.0,2012-06-12,2012-06-18,1,data/captures/usdm/48267/20261008T184031Z-1f69d3335d.json.gz
2012-06-19,0.0,100.0,41.45,0.0,0.0,0.0,2012-06-19,2012-06-25,1,data/captures/usdm/48267/20261008T184031Z-1f69d3335d.json.gz
2012-06-26,0.0,100.0,100.0,0.0,0.0,0.0,2012-06-26,2012-07-02,1,data/captures/usdm/48267/20261008T184031Z-1f69d3335d.json.gz
2012-07-03,0.0,100.0,100.0,0.0,0.0,0.0,2012-07-03,2012-07-09,1,data/captures/usdm/48267/20261008T184031Z-1f69d3335d.json.gz
2012-07-10,0.0,100.0,100.0,0.0,0.0,0.0,2012-07-10,2012-07-16,1,data/captures/usdm/48267/20261008T184031Z-1f69d3335d.json.gz
2012-07-17,0.0,100.0,100.0,0.0,0.0,0.0,2012-07-17,2012-07-23,1,data/captures/usdm/48267/20261008T184031Z-1f69d3335d.json.gz
2012-07-24,0.0,100.0,100.0,12.81,0.0,0.0,2012-07-24,2012-07-30,1,data/captures/usdm/48267/20261008T184031Z-1f69d3335d.json.gz
2012-07-31,0.0,100.0,100.0,14.89,0.0,0.0,2012-07-31,2012-08-06,1,data/captures/usdm/48267/20261008T184031Z-1f69d3335d.json.gz
2012-08-07,0.0,100.0,100.0,12.58,0.0,0.0,2012-08-07,2012-08-13,1,data/captures/usdm/48267/20261008T184031Z-1f69d3335d.json.gz
2012-08-14,0.0,100.0,100.0,12.58,0.0,0.0,2012-08-14,2012-08-20,1,data/captures/usdm/48267/20261008T184031Z-1f69d3335d.json.gz
2012-08-21,0.0,100.0,100.0,40.66,0.0,0.0,2012-08-21,2012-08-27,1,data/captures/usdm/48267/20261008T184031Z-1f69d3335d.json.gz
2012-08-28,0.0,100.0,100.0,100.0,0.0,0.0,2012-08-28,2012-09-03,1,data/captures/usdm/48267/20261008T184031Z-1f69d3335d.json.gz
2012-09-04,0.0,100.0,100.0,100.0,0.0,0.0,2012-09-04,2012-09-10,1,data/captures/usdm/48267/20261008T184031Z-1f69d3335d.json.gz
2012-09-11,0.0,100.0,100.0,100.0,12.48,0.0,2012-09-11,2012-09-17,1,data/captures/usdm/48267/20261008T184031Z-1f69d3335d.json.gz
2012-09-18,0.0,100.0,100.0,100.0,7.69,0.0,2012-09-18,2012-09-24,1,data/captures/usdm/48267/20261008T184031Z-1f69d3335d.json.gz
2012-09-25,0.0,100.0,100.0,100.0,10.45,0.0,2012-09-25,2012-10-01,1,data/captures/usdm/48267/20261008T184031Z-1f69d3335d.json.gz
2012-10-02,0.0,100.0,100.0,40.61,0.0,0.0,2012-10-02,2012-10-08,1,data/captures/usdm/48267/20261008T184031Z-1f69d3335d.json.gz
2012-10-09,0.0,100.0,100.0,30.48,0.0,0.0,2012-10-09,2012-10-15,1,data/captures/usdm/48267/20261008T184031Z-1f69d3335d.json.gz
2012-10-16,0.0,100.0,100.0,30.48,0.0,0.0,2012-10-16,2012-10-22,1,data/captures/usdm/48267/20261008T184031Z-1f69d3335d.json.gz
2012-10-23,0.0,100.0,100.0,30.48,0.0,0.0,2012-10-23,2012-10-29,1,data/captures/usdm/48267/20261008T184031Z-1f69d3335d.json.gz
2012-10-30,0.0,100.0,100.0,30.48,0.0,0.0,2012-10-30,2012-11-05,1,data/captures/usdm/48267/20261008T184031Z-1f69d3335d.json.gz
2012-11-06,0.0,100.0,100.0,30.48,0.0,0.0,2012-11-06,2012-11-12,1,data/captures/usdm/48267/20261008T184031Z-1f69d3335d.json.gz
2012-11-13,0.0,100.0,100.0,53.38,0.4,0.0,2012-11-13,2012-11-19,1,data/captures/usdm/48267/20261008T184031Z-1f69d3335d.json.gz
2012-11-20,0.0,100.0,100.0,95.19,0.4,0.0,2012-11-20,2012-11-26,1,data/captures/usdm/48267/20261008T184031Z-1f69d3335d.json.gz
2012-11-27,0.0,100.0,100.0,95.19,0.4,0.0,2012-11-27,2012-12-03,1,data/captures/usdm/48267/20261008T184031Z-1f69d3335d.json.gz
2012-12-04,0.0,100.0,100.0,100.0,0.4,0.0,2012-12-04,2012-12-10,1,data/captures/usdm/48267/20261008T184031Z-1f69d3335d.json.gz
2012-12-11,0.0,100.0,100.0,100.0,17.1,0.0,2012-12-11,2012-12-17,1,data/captures/usdm/48267/20261008T184031Z-1f69d3335d.json.gz
2012-12-18,0.0,100.0,100.0,100.0,77.25,0.0,2012-12-18,2012-12-24,1,data/captures/usdm/48267/20261008T184031Z-1f69d3335d.json.gz
2012-12-25,0.0,100.0,100.0,100.0,77.25,0.0,2012-12-25,2012-12-31,1,data/captures/usdm/48267/20261008T184031Z-1f69d3335d.json.gz
2013-01-01,0.0,100.0,100.0,100.0,77.25,3.21,2013-01-01,2013-01-07,1,data/captures/usdm/48267/20261008T184031Z-1f69d3335d.json.gz
2013-01-08,0.0,100.0,100.0,100.0,77.25,3.21,2013-01-08,2013-01-14,1,data/captures/usdm/48267/20261008T184031Z-1f69d3335d.json.gz
2013-01-15,0.0,100.0,100.0,89.47,4.84,0.0,2013-01-15,2013-01-21,1,data/captures/usdm/48267/20261008T184031Z-1f69d3335d.json.gz
2013-01-22,0.0,100.0,100.0,89.47,4.84,0.0,2013-01-22,2013-01-28,1,data/captures/usdm/48267/20261008T184031Z-1f69d3335d.json.gz
2013-01-29,0.0,100.0,100.0,89.47,4.84,0.0,2013-01-29,2013-02-04,1,data/captures/usdm/48267/20261008T184031Z-1f69d3335d.json.gz
2013-02-05,0.0,100.0,100.0,89.47,4.84,0.0,2013-02-05,2013-02-11,1,data/captures/usdm/48267/20261008T184031Z-1f69d3335d.json.gz
2013-02-12,0.0,100.0,100.0,89.47,4.84,0.0,2013-02-12,2013-02-18,1,data/captures/usdm/48267/20261008T184031Z-1f69d3335d.json.gz
2013-02-19,0.0,100.0,100.0,89.47,4.84,0.0,2013-02-19,2013-02-25,1,data/captures/usdm/48267/20261008T184031Z-1f69d3335d.json.gz
2013-02-26,0.0,100.0,100.0,100.0,4.84,0.0,2013-02-26,2013-03-04,1,data/captures/usdm/48267/20261008T184031Z-1f69d3335d.json.gz
2013-03-05,0.0,100.0,100.0,100.0,24.45,0.0,2013-03-05,2013-03-11,1,data/captures/usdm/48267/20261008T184031Z-1f69d3335d.json.gz
2013-03-12,0.0,100.0,100.0,100.0,24.45,0.0,2013-03-12,2013-03-18,1,data/captures/usdm/48267/20261008T184031Z-1f69d3335d.json.gz
2013-03-19,0.0,100.0,100.0,100.0,15.75,0.0,2013-03-19,2013-03-25,1,data/captures/usdm/48267/20261008T184031Z-1f69d3335d.json.gz
2013-03-26,0.0,100.0,100.0,100.0,15.75,0.0,2013-03-26,2013-04-01,1,data/captures/usdm/48267/20261008T184031Z-1f69d3335d.json.gz
2013-04-02,0.0,100.0,100.0,100.0,15.75,0.0,2013-04-02,2013-04-08,1,data/captures/usdm/48267/20261008T184031Z-1f69d3335d.json.gz
2013-04-09,0.0,100.0,100.0,100.0,15.75,0.0,2013-04-09,2013-04-15,1,data/captures/usdm/48267/20261008T184031Z-1f69d3335d.json.gz
2013-04-16,0.0,100.0,100.0,100.0,15.75,0.0,2013-04-16,2013-04-22,1,data/captures/usdm/48267/20261008T184031Z-1f69d3335d.json.gz
2013-04-23,0.0,100.0,100.0,100.0,16.33,0.0,2013-04-23,2013-04-29,1,data/captures/usdm/48267/20261008T184031Z-1f69d3335d.json.gz
2013-04-30,0.0,100.0,100.0,100.0,8.35,0.0,2013-04-30,2013-05-06,1,data/captures/usdm/48267/20261008T184031Z-1f69d3335d.json.gz
2013-05-07,0.0,100.0,100.0,100.0,8.35,0.0,2013-05-07,2013-05-13,1,data/captures/usdm/48267/20261008T184031Z-1f69d3335d.json.gz
2013-05-14,0.0,100.0,100.0,100.0,6.3,0.0,2013-05-14,2013-05-20,1,data/captures/usdm/48267/20261008T184031Z-1f69d3335d.json.gz
2013-05-21,0.0,100.0,100.0,100.0,6.3,0.0,2013-05-21,2013-05-27,1,data/captures/usdm/48267/20261008T184031Z-1f69d3335d.json.gz
2013-05-28,0.0,100.0,100.0,100.0,0.02,0.0,2013-05-28,2013-06-03,1,data/captures/usdm/48267/20261008T184031Z-1f69d3335d.json.gz
2013-06-04,0.0,100.0,100.0,100.0,0.02,0.0,2013-06-04,2013-06-10,1,data/captures/usdm/48267/20261008T184031Z-1f69d3335d.json.gz
2013-06-11,0.0,100.0,100.0,100.0,0.02,0.0,2013-06-11,2013-06-17,1,data/captures/usdm/48267/20261008T184031Z-1f69d3335d.json.gz
2013-06-18,0.0,100.0,100.0,100.0,0.02,0.0,2013-06-18,2013-06-24,1,data/captures/usdm/48267/20261008T184031Z-1f69d3335d.json.gz
2013-06-25,0.0,100.0,100.0,100.0,0.02,0.0,2013-06-25,2013-07-01,1,data/captures/usdm/48267/20261008T184031Z-1f69d3335d.json.gz
2013-07-02,0.0,100.0,100.0,100.0,0.02,0.0,2013-07-02,2013-07-08,1,data/captures/usdm/48267/20261008T184031Z-1f69d3335d.json.gz
2013-07-09,0.0,100.0,100.0,100.0,0.02,0.0,2013-07-09,2013-07-15,1,data/captures/usdm/48267/20261008T184031Z-1f69d3335d.json.gz
2013-07-16,0.0,100.0,100.0,100.0,0.02,0.0,2013-07-16,2013-07-22,1,data/captures/usdm/48267/20261008T184031Z-1f69d3335d.json.gz
2013-07-23,0.0,100.0,100.0,100.0,0.02,0.0,2013-07-23,2013-07-29,1,data/captures/usdm/48267/20261008T184031Z-1f69d3335d.json.gz
2013-07-30,0.0,100.0,100.0,100.0,0.02,0.0,2013-07-30,2013-08-05,1,data/captures/usdm/48267/20261008T184031Z-1f69d3335d.json.gz
2013-08-06,0.0,100.0,100.0,100.0,0.02,0.0,2013-08-06,2013-08-12,1,data/captures/usdm/48267/20261008T184031Z-1f69d3335d.json.gz
2013-08-13,0.0,100.0,100.0,100.0,0.02,0.0,2013-08-13,2013-08-19,1,data/captures/usdm/48267/20261008T184031Z-1f69d3335d.json.gz
2013-08-20,0.0,100.0,100.0,100.0,0.78,0.0,2013-08-20,2013-08-26,1,data/captures/usdm/48267/20261008T184031Z-1f69d3335d.json.gz
2013-08-27,0.0,100.0,100.0,100.0,1.57,0.0,2013-08-27,2013-09-02,1,data/captures/usdm/48267/20261008T184031Z-1f69d3335d.json.gz
2013-09-03,0.0,100.0,100.0,100.0,0.19,0.0,2013-09-03,2013-09-09,1,data/captures/usdm/48267/20261008T184031Z-1f69d3335d.json.gz
2013-09-10,0.0,100.0,100.0,100.0,0.0,0.0,2013-09-10,2013-09-16,1,data/captures/usdm/48267/20261008T184031Z-1f69d3335d.json.gz
2013-09-17,0.0,100.0,100.0,100.0,0.0,0.0,2013-09-17,2013-09-23,1,data/captures/usdm/48267/20261008T184031Z-1f69d3335d.json.gz
2013-09-24,0.0,100.0,100.0,1.03,0.0,0.0,2013-09-24,2013-09-30,1,data/captures/usdm/48267/20261008T184031Z-1f69d3335d.json.gz
2013-10-01,0.0,100.0,100.0,1.37,0.0,0.0,2013-10-01,2013-10-07,1,data/captures/usdm/48267/20261008T184031Z-1f69d3335d.json.gz
2013-10-08,0.0,100.0,100.0,1.37,0.0,0.0,2013-10-08,2013-10-14,1,data/captures/usdm/48267/20261008T184031Z-1f69d3335d.json.gz
2013-10-15,0.0,100.0,100.0,1.37,0.0,0.0,2013-10-15,2013-10-21,1,data/captures/usdm/48267/20261008T184031Z-1f69d3335d.json.gz
2013-10-22,0.0,100.0,39.81,1.37,0.0,0.0,2013-10-22,2013-10-28,1,data/captures/usdm/48267/20261008T184031Z-1f69d3335d.json.gz
2013-10-29,0.0,100.0,39.81,1.37,0.0,0.0,2013-10-29,2013-11-04,1,data/captures/usdm/48267/20261008T184031Z-1f69d3335d.json.gz
2013-11-05,0.0,100.0,41.18,1.33,0.0,0.0,2013-11-05,2013-11-11,1,data/captures/usdm/48267/20261008T184031Z-1f69d3335d.json.gz
2013-11-12,0.0,100.0,41.18,1.33,0.0,0.0,2013-11-12,2013-11-18,1,data/captures/usdm/48267/20261008T184031Z-1f69d3335d.json.gz
2013-11-19,0.0,100.0,41.18,1.33,0.0,0.0,2013-11-19,2013-11-25,1,data/captures/usdm/48267/20261008T184031Z-1f69d3335d.json.gz
2013-11-26,0.0,100.0,41.18,1.33,0.0,0.0,2013-11-26,2013-12-02,1,data/captures/usdm/48267/20261008T184031Z-1f69d3335d.json.gz
2013-12-03,0.0,100.0,41.18,1.33,0.0,0.0,2013-12-03,2013-12-09,1,data/captures/usdm/48267/20261008T184031Z-1f69d3335d.json.gz
2013-12-10,0.0,100.0,41.18,1.33,0.0,0.0,2013-12-10,2013-12-16,1,data/captures/usdm/48267/20261008T184031Z-1f69d3335d.json.gz
2013-12-17,0.0,100.0,41.18,1.33,0.0,0.0,2013-12-17,2013-12-23,1,data/captures/usdm/48267/20261008T184031Z-1f69d3335d.json.gz
2013-12-24,0.0,100.0,23.28,1.33,0.0,0.0,2013-12-24,2013-12-30,1,data/captures/usdm/48267/20261008T184031Z-1f69d3335d.json.gz
2013-12-31,0.0,100.0,23.28,1.33,0.0,0.0,2013-12-31,2014-01-06,1,data/captures/usdm/48267/20261008T184031Z-1f69d3335d.json.gz
2014-01-07,0.0,100.0,23.28,1.33,0.0,0.0,2014-01-07,2014-01-13,1,data/captures/usdm/48267/20261008T184031Z-1f69d3335d.json.gz
2014-01-14,0.0,100.0,23.28,1.33,0.0,0.0,2014-01-14,2014-01-20,1,data/captures/usdm/48267/20261008T184031Z-1f69d3335d.json.gz
2014-01-21,0.0,100.0,23.28,1.33,0.0,0.0,2014-01-21,2014-01-27,1,data/captures/usdm/48267/20261008T184031Z-1f69d3335d.json.gz
2014-01-28,0.0,100.0,23.28,1.33,0.0,0.0,2014-01-28,2014-02-03,1,data/captures/usdm/48267/20261008T184031Z-1f69d3335d.json.gz
2014-02-04,0.0,100.0,23.28,1.65,0.0,0.0,2014-02-04,2014-02-10,1,data/captures/usdm/48267/20261008T184031Z-1f69d3335d.json.gz
2014-02-11,0.0,100.0,23.28,1.65,0.0,0.0,2014-02-11,2014-02-17,1,data/captures/usdm/48267/20261008T184031Z-1f69d3335d.json.gz
2014-02-18,0.0,100.0,87.64,1.65,0.0,0.0,2014-02-18,2014-02-24,1,data/captures/usdm/48267/20261008T184031Z-1f69d3335d.json.gz
2014-02-25,0.0,100.0,100.0,15.28,0.0,0.0,2014-02-25,2014-03-03,1,data/captures/usdm/48267/20261008T184031Z-1f69d3335d.json.gz
2014-03-04,0.0,100.0,100.0,15.28,0.0,0.0,2014-03-04,2014-03-10,1,data/captures/usdm/48267/20261008T184031Z-1f69d3335d.json.gz
2014-03-11,0.0,100.0,100.0,44.63,0.01,0.0,2014-03-11,2014-03-17,1,data/captures/usdm/48267/20261008T184031Z-1f69d3335d.json.gz
2014-03-18,0.0,100.0,100.0,99.65,0.01,0.0,2014-03-18,2014-03-24,1,data/captures/usdm/48267/20261008T184031Z-1f69d3335d.json.gz
2014-03-25,0.0,100.0,100.0,100.0,19.38,0.0,2014-03-25,2014-03-31,1,data/captures/usdm/48267/20261008T184031Z-1f69d3335d.json.gz
2014-04-01,0.0,100.0,100.0,100.0,100.0,0.0,2014-04-01,2014-04-07,1,data/captures/usdm/48267/20261008T184031Z-1f69d3335d.json.gz
2014-04-08,0.0,100.0,100.0,100.0,100.0,0.0,2014-04-08,2014-04-14,1,data/captures/usdm/48267/20261008T184031Z-1f69d3335d.json.gz
2014-04-15,0.0,100.0,100.0,100.0,100.0,0.0,2014-04-15,2014-04-21,1,data/captures/usdm/48267/20261008T184031Z-1f69d3335d.json.gz
2014-04-22,0.0,100.0,100.0,100.0,100.0,0.0,2014-04-22,2014-04-28,1,data/captures/usdm/48267/20261008T184031Z-1f69d3335d.json.gz
2014-04-29,0.0,100.0,100.0,100.0,100.0,88.39,2014-04-29,2014-05-05,1,data/captures/usdm/48267/20261008T184031Z-1f69d3335d.json.gz
2014-05-06,0.0,100.0,100.0,100.0,100.0,91.18,2014-05-06,2014-05-12,1,data/captures/usdm/48267/20261008T184031Z-1f69d3335d.json.gz
2014-05-13,0.0,100.0,100.0,100.0,100.0,77.27,2014-05-13,2014-05-19,1,data/captures/usdm/48267/20261008T184031Z-1f69d3335d.json.gz
2014-05-20,0.0,100.0,100.0,100.0,100.0,92.05,2014-05-20,2014-05-26,1,data/captures/usdm/48267/20261008T184031Z-1f69d3335d.json.gz
2014-05-27,0.0,100.0,100.0,100.0,100.0,57.84,2014-05-27,2014-06-02,1,data/captures/usdm/48267/20261008T184031Z-1f69d3335d.json.gz
2014-06-03,0.0,100.0,100.0,100.0,76.32,0.0,2014-06-03,2014-06-09,1,data/captures/usdm/48267/20261008T184031Z-1f69d3335d.json.gz
2014-06-10,0.0,100.0,100.0,100.0,76.32,0.0,2014-06-10,2014-06-16,1,data/captures/usdm/48267/20261008T184031Z-1f69d3335d.json.gz
2014-06-17,0.0,100.0,100.0,100.0,22.99,0.0,2014-06-17,2014-06-23,1,data/captures/usdm/48267/20261008T184031Z-1f69d3335d.json.gz
2014-06-24,0.0,100.0,100.0,100.0,21.7,0.0,2014-06-24,2014-06-30,1,data/captures/usdm/48267/20261008T184031Z-1f69d3335d.json.gz
2014-07-01,0.0,100.0,100.0,100.0,21.7,0.0,2014-07-01,2014-07-07,1,data/captures/usdm/48267/20261008T184031Z-1f69d3335d.json.gz
2014-07-08,0.0,100.0,100.0,100.0,21.7,0.0,2014-07-08,2014-07-14,1,data/captures/usdm/48267/20261008T184031Z-1f69d3335d.json.gz
2014-07-15,0.0,100.0,100.0,100.0,21.7,0.0,2014-07-15,2014-07-21,1,data/captures/usdm/48267/20261008T184031Z-1f69d3335d.json.gz
2014-07-22,0.0,100.0,100.0,75.46,0.51,0.0,2014-07-22,2014-07-28,1,data/captures/usdm/48267/20261008T184031Z-1f69d3335d.json.gz
2014-07-29,0.0,100.0,100.0,75.46,0.51,0.0,2014-07-29,2014-08-04,1,data/captures/usdm/48267/20261008T184031Z-1f69d3335d.json.gz
2014-08-05,0.0,100.0,100.0,75.46,0.51,0.0,2014-08-05,2014-08-11,1,data/captures/usdm/48267/20261008T184031Z-1f69d3335d.json.gz
2014-08-12,0.0,100.0,100.0,75.46,0.51,0.0,2014-08-12,2014-08-18,1,data/captures/usdm/48267/20261008T184031Z-1f69d3335d.json.gz
2014-08-19,0.0,100.0,100.0,30.04,3.39,0.0,2014-08-19,2014-08-25,1,data/captures/usdm/48267/20261008T184031Z-1f69d3335d.json.gz
2014-08-26,0.0,100.0,100.0,30.04,3.39,0.0,2014-08-26,2014-09-01,1,data/captures/usdm/48267/20261008T184031Z-1f69d3335d.json.gz
2014-09-02,0.0,100.0,100.0,30.04,3.39,0.0,2014-09-02,2014-09-08,1,data/captures/usdm/48267/20261008T184031Z-1f69d3335d.json.gz
2014-09-09,0.0,100.0,100.0,67.78,0.0,0.0,2014-09-09,2014-09-15,1,data/captures/usdm/48267/20261008T184031Z-1f69d3335d.json.gz
2014-09-16,0.0,100.0,100.0,67.78,0.0,0.0,2014-09-16,2014-09-22,1,data/captures/usdm/48267/20261008T184031Z-1f69d3335d.json.gz
2014-09-23,0.0,100.0,100.0,67.78,0.0,0.0,2014-09-23,2014-09-29,1,data/captures/usdm/48267/20261008T184031Z-1f69d3335d.json.gz
2014-09-30,0.0,100.0,100.0,67.78,0.0,0.0,2014-09-30,2014-10-06,1,data/captures/usdm/48267/20261008T184031Z-1f69d3335d.json.gz
2014-10-07,0.0,100.0,100.0,67.78,0.0,0.0,2014-10-07,2014-10-13,1,data/captures/usdm/48267/20261008T184031Z-1f69d3335d.json.gz
2014-10-14,0.0,100.0,100.0,8.38,0.0,0.0,2014-10-14,2014-10-20,1,data/captures/usdm/48267/20261008T184031Z-1f69d3335d.json.gz
2014-10-21,0.0,100.0,100.0,8.38,0.0,0.0,2014-10-21,2014-10-27,1,data/captures/usdm/48267/20261008T184031Z-1f69d3335d.json.gz
2014-10-28,0.0,100.0,100.0,8.38,0.0,0.0,2014-10-28,2014-11-03,1,data/captures/usdm/48267/20261008T184031Z-1f69d3335d.json.gz
2014-11-04,0.0,100.0,100.0,8.38,0.0,0.0,2014-11-04,2014-11-10,1,data/captures/usdm/48267/20261008T184031Z-1f69d3335d.json.gz
2014-11-11,0.0,100.0,100.0,4.04,0.0,0.0,2014-11-11,2014-11-17,1,data/captures/usdm/48267/20261008T184031Z-1f69d3335d.json.gz
2014-11-18,0.0,100.0,100.0,4.04,0.0,0.0,2014-11-18,2014-11-24,1,data/captures/usdm/48267/20261008T184031Z-1f69d3335d.json.gz
2014-11-25,0.0,100.0,100.0,4.04,0.0,0.0,2014-11-25,2014-12-01,1,data/captures/usdm/48267/20261008T184031Z-1f69d3335d.json.gz
2014-12-02,0.0,100.0,100.0,4.04,0.0,0.0,2014-12-02,2014-12-08,1,data/captures/usdm/48267/20261008T184031Z-1f69d3335d.json.gz
2014-12-09,0.0,100.0,100.0,4.04,0.0,0.0,2014-12-09,2014-12-15,1,data/captures/usdm/48267/20261008T184031Z-1f69d3335d.json.gz
2014-12-16,0.0,100.0,100.0,4.04,0.0,0.0,2014-12-16,2014-12-22,1,data/captures/usdm/48267/20261008T184031Z-1f69d3335d.json.gz
2014-12-23,0.0,100.0,100.0,4.04,0.0,0.0,2014-12-23,2014-12-29,1,data/captures/usdm/48267/20261008T184031Z-1f69d3335d.json.gz
2014-12-30,0.0,100.0,100.0,12.73,0.48,0.0,2014-12-30,2015-01-05,1,data/captures/usdm/48267/20261008T184031Z-1f69d3335d.json.gz
2015-01-06,0.0,100.0,100.0,12.73,0.48,0.0,2015-01-06,2015-01-12,1,data/captures/usdm/48267/20261008T184031Z-1f69d3335d.json.gz
2015-01-13,0.0,100.0,100.0,12.73,0.48,0.0,2015-01-13,2015-01-19,1,data/captures/usdm/48267/20261008T184031Z-1f69d3335d.json.gz
2015-01-20,0.0,100.0,100.0,12.73,0.48,0.0,2015-01-20,2015-01-26,1,data/captures/usdm/48267/20261008T184031Z-1f69d3335d.json.gz
2015-01-27,0.0,100.0,100.0,12.73,0.48,0.0,2015-01-27,2015-02-02,1,data/captures/usdm/48267/20261008T184031Z-1f69d3335d.json.gz
2015-02-03,0.0,100.0,100.0,12.73,0.48,0.0,2015-02-03,2015-02-09,1,data/captures/usdm/48267/20261008T184031Z-1f69d3335d.json.gz
2015-02-10,0.0,100.0,100.0,49.55,12.43,0.46,2015-02-10,2015-02-16,1,data/captures/usdm/48267/20261008T184031Z-1f69d3335d.json.gz
2015-02-17,0.0,100.0,100.0,99.41,42.36,0.46,2015-02-17,2015-02-23,1,data/captures/usdm/48267/20261008T184031Z-1f69d3335d.json.gz
2015-02-24,0.0,100.0,100.0,99.41,71.71,0.46,2015-02-24,2015-03-02,1,data/captures/usdm/48267/20261008T184031Z-1f69d3335d.json.gz
2015-03-03,0.0,100.0,100.0,99.41,71.71,0.46,2015-03-03,2015-03-09,1,data/captures/usdm/48267/20261008T184031Z-1f69d3335d.json.gz
2015-03-10,0.0,100.0,100.0,99.41,71.71,0.46,2015-03-10,2015-03-16,1,data/captures/usdm/48267/20261008T184031Z-1f69d3335d.json.gz
2015-03-17,0.0,100.0,100.0,99.41,71.71,0.46,2015-03-17,2015-03-23,1,data/captures/usdm/48267/20261008T184031Z-1f69d3335d.json.gz
2015-03-24,0.0,100.0,100.0,89.3,40.7,0.46,2015-03-24,2015-03-30,1,data/captures/usdm/48267/20261008T184031Z-1f69d3335d.json.gz
2015-03-31,0.0,100.0,100.0,89.3,40.7,0.46,2015-03-31,2015-04-06,1,data/captures/usdm/48267/20261008T184031Z-1f69d3335d.json.gz
2015-04-07,0.0,100.0,100.0,89.3,40.7,0.46,2015-04-07,2015-04-13,1,data/captures/usdm/48267/20261008T184031Z-1f69d3335d.json.gz
2015-04-14,0.0,100.0,100.0,88.9,31.18,0.46,2015-04-14,2015-04-20,1,data/captures/usdm/48267/20261008T184031Z-1f69d3335d.json.gz
2015-04-21,0.0,100.0,100.0,31.6,3.15,0.0,2015-04-21,2015-04-27,1,data/captures/usdm/48267/20261008T184031Z-1f69d3335d.json.gz
2015-04-28,0.0,100.0,100.0,31.6,2.51,0.0,2015-04-28,2015-05-04,1,data/captures/usdm/48267/20261008T184031Z-1f69d3335d.json.gz
2015-05-05,0.0,100.0,100.0,31.6,2.51,0.0,2015-05-05,2015-05-11,1,data/captures/usdm/48267/20261008T184031Z-1f69d3335d.json.gz
2015-05-12,0.0,100.0,100.0,31.6,2.51,0.0,2015-05-12,2015-05-18,1,data/captures/usdm/48267/20261008T184031Z-1f69d3335d.json.gz
2015-05-19,0.0,100.0,99.56,16.74,0.0,0.0,2015-05-19,2015-05-25,1,data/captures/usdm/48267/20261008T184031Z-1f69d3335d.json.gz
2015-05-26,0.0,100.0,20.35,0.0,0.0,0.0,2015-05-26,2015-06-01,1,data/captures/usdm/48267/20261008T184031Z-1f69d3335d.json.gz
2015-06-02,5.65,94.35,0.0,0.0,0.0,0.0,2015-06-02,2015-06-08,1,data/captures/usdm/48267/20261008T184031Z-1f69d3335d.json.gz
2015-06-09,5.65,94.35,0.0,0.0,0.0,0.0,2015-06-09,2015-06-15,1,data/captures/usdm/48267/20261008T184031Z-1f69d3335d.json.gz
2015-06-16,5.65,94.35,0.0,0.0,0.0,0.0,2015-06-16,2015-06-22,1,data/captures/usdm/48267/20261008T184031Z-1f69d3335d.json.gz
2015-06-23,99.66,0.34,0.0,0.0,0.0,0.0,2015-06-23,2015-06-29,1,data/captures/usdm/48267/20261008T184031Z-1f69d3335d.json.gz
2015-06-30,99.66,0.34,0.0,0.0,0.0,0.0,2015-06-30,2015-07-06,1,data/captures/usdm/48267/20261008T184031Z-1f69d3335d.json.gz
2015-07-07,99.66,0.34,0.0,0.0,0.0,0.0,2015-07-07,2015-07-13,1,data/captures/usdm/48267/20261008T184031Z-1f69d3335d.json.gz
2015-07-14,99.97,0.03,0.0,0.0,0.0,0.0,2015-07-14,2015-07-20,1,data/captures/usdm/48267/20261008T184031Z-1f69d3335d.json.gz
2015-07-21,99.97,0.03,0.0,0.0,0.0,0.0,2015-07-21,2015-07-27,1,data/captures/usdm/48267/20261008T184031Z-1f69d3335d.json.gz
2015-07-28,99.91,0.09,0.0,0.0,0.0,0.0,2015-07-28,2015-08-03,1,data/captures/usdm/48267/20261008T184031Z-1f69d3335d.json.gz
2015-08-04,99.91,0.09,0.0,0.0,0.0,0.0,2015-08-04,2015-08-10,1,data/captures/usdm/48267/20261008T184031Z-1f69d3335d.json.gz
2015-08-11,99.91,0.09,0.0,0.0,0.0,0.0,2015-08-11,2015-08-17,1,data/captures/usdm/48267/20261008T184031Z-1f69d3335d.json.gz
2015-08-18,82.42,17.58,0.0,0.0,0.0,0.0,2015-08-18,2015-08-24,1,data/captures/usdm/48267/20261008T184031Z-1f69d3335d.json.gz
2015-08-25,0.0,100.0,15.31,0.0,0.0,0.0,2015-08-25,2015-08-31,1,data/captures/usdm/48267/20261008T184031Z-1f69d3335d.json.gz
2015-09-01,31.2,68.8,16.38,0.0,0.0,0.0,2015-09-01,2015-09-07,1,data/captures/usdm/48267/20261008T184031Z-1f69d3335d.json.gz
2015-09-08,31.2,68.8,16.38,0.0,0.0,0.0,2015-09-08,2015-09-14,1,data/captures/usdm/48267/20261008T184031Z-1f69d3335d.json.gz
2015-09-15,30.4,69.6,17.51,0.0,0.0,0.0,2015-09-15,2015-09-21,1,data/captures/usdm/48267/20261008T184031Z-1f69d3335d.json.gz
2015-09-22,4.37,95.63,36.55,0.0,0.0,0.0,2015-09-22,2015-09-28,1,data/captures/usdm/48267/20261008T184031Z-1f69d3335d.json.gz
2015-09-29,0.0,100.0,86.65,0.0,0.0,0.0,2015-09-29,2015-10-05,1,data/captures/usdm/48267/20261008T184031Z-1f69d3335d.json.gz
2015-10-06,0.0,100.0,90.26,15.35,0.0,0.0,2015-10-06,2015-10-12,1,data/captures/usdm/48267/20261008T184031Z-1f69d3335d.json.gz
2015-10-13,0.0,100.0,90.01,15.52,0.0,0.0,2015-10-13,2015-10-19,1,data/captures/usdm/48267/20261008T184031Z-1f69d3335d.json.gz
2015-10-20,0.0,100.0,100.0,75.22,0.0,0.0,2015-10-20,2015-10-26,1,data/captures/usdm/48267/20261008T184031Z-1f69d3335d.json.gz
2015-10-27,86.77,13.23,0.0,0.0,0.0,0.0,2015-10-27,2015-11-02,1,data/captures/usdm/48267/20261008T184031Z-1f69d3335d.json.gz
2015-11-03,99.54,0.46,0.0,0.0,0.0,0.0,2015-11-03,2015-11-09,1,data/captures/usdm/48267/20261008T184031Z-1f69d3335d.json.gz
2015-11-10,100.0,0.0,0.0,0.0,0.0,0.0,2015-11-10,2015-11-16,1,data/captures/usdm/48267/20261008T184031Z-1f69d3335d.json.gz
2015-11-17,100.0,0.0,0.0,0.0,0.0,0.0,2015-11-17,2015-11-23,1,data/captures/usdm/48267/20261008T184031Z-1f69d3335d.json.gz
2015-11-24,100.0,0.0,0.0,0.0,0.0,0.0,2015-11-24,2015-11-30,1,data/captures/usdm/48267/20261008T184031Z-1f69d3335d.json.gz
2015-12-01,100.0,0.0,0.0,0.0,0.0,0.0,2015-12-01,2015-12-07,1,data/captures/usdm/48267/20261008T184031Z-1f69d3335d.json.gz
2015-12-08,100.0,0.0,0.0,0.0,0.0,0.0,2015-12-08,2015-12-14,1,data/captures/usdm/48267/20261008T184031Z-1f69d3335d.json.gz
2015-12-15,100.0,0.0,0.0,0.0,0.0,0.0,2015-12-15,2015-12-21,1,data/captures/usdm/48267/20261008T184031Z-1f69d3335d.json.gz
2015-12-22,100.0,0.0,0.0,0.0,0.0,0.0,2015-12-22,2015-12-28,1,data/captures/usdm/48267/20261008T184031Z-1f69d3335d.json.gz
2015-12-29,100.0,0.0,0.0,0.0,0.0,0.0,2015-12-29,2016-01-04,1,data/captures/usdm/48267/20261008T184031Z-1f69d3335d.json.gz
2016-01-05,100.0,0.0,0.0,0.0,0.0,0.0,2016-01-05,2016-01-11,1,data/captures/usdm/48267/20261008T184031Z-1f69d3335d.json.gz
2016-01-12,100.0,0.0,0.0,0.0,0.0,0.0,2016-01-12,2016-01-18,1,data/captures/usdm/48267/20261008T184031Z-1f69d3335d.json.gz
2016-01-19,100.0,0.0,0.0,0.0,0.0,0.0,2016-01-19,2016-01-25,1,data/captures/usdm/48267/20261008T184031Z-1f69d3335d.json.gz
2016-01-26,100.0,0.0,0.0,0.0,0.0,0.0,2016-01-26,2016-02-01,1,data/captures/usdm/48267/20261008T184031Z-1f69d3335d.json.gz
2016-02-02,100.0,0.0,0.0,0.0,0.0,0.0,2016-02-02,2016-02-08,1,data/captures/usdm/48267/20261008T184031Z-1f69d3335d.json.gz
2016-02-09,90.8,9.2,0.0,0.0,0.0,0.0,2016-02-09,2016-02-15,1,data/captures/usdm/48267/20261008T184031Z-1f69d3335d.json.gz
2016-02-16,2.27,97.73,0.0,0.0,0.0,0.0,2016-02-16,2016-02-22,1,data/captures/usdm/48267/20261008T184031Z-1f69d3335d.json.gz
2016-02-23,100.0,0.0,0.0,0.0,0.0,0.0,2016-02-23,2016-02-29,1,data/captures/usdm/48267/20261008T184031Z-1f69d3335d.json.gz
2016-03-01,100.0,0.0,0.0,0.0,0.0,0.0,2016-03-01,2016-03-07,1,data/captures/usdm/48267/20261008T184031Z-1f69d3335d.json.gz
2016-03-08,100.0,0.0,0.0,0.0,0.0,0.0,2016-03-08,2016-03-14,1,data/captures/usdm/48267/20261008T184031Z-1f69d3335d.json.gz
2016-03-15,100.0,0.0,0.0,0.0,0.0,0.0,2016-03-15,2016-03-21,1,data/captures/usdm/48267/20261008T184031Z-1f69d3335d.json.gz
2016-03-22,100.0,0.0,0.0,0.0,0.0,0.0,2016-03-22,2016-03-28,1,data/captures/usdm/48267/20261008T184031Z-1f69d3335d.json.gz
2016-03-29,100.0,0.0,0.0,0.0,0.0,0.0,2016-03-29,2016-04-04,1,data/captures/usdm/48267/20261008T184031Z-1f69d3335d.json.gz
2016-04-05,100.0,0.0,0.0,0.0,0.0,0.0,2016-04-05,2016-04-11,1,data/captures/usdm/48267/20261008T184031Z-1f69d3335d.json.gz
2016-04-12,100.0,0.0,0.0,0.0,0.0,0.0,2016-04-12,2016-04-18,1,data/captures/usdm/48267/20261008T184031Z-1f69d3335d.json.gz
2016-04-19,100.0,0.0,0.0,0.0,0.0,0.0,2016-04-19,2016-04-25,1,data/captures/usdm/48267/20261008T184031Z-1f69d3335d.json.gz
2016-04-26,100.0,0.0,0.0,0.0,0.0,0.0,2016-04-26,2016-05-02,1,data/captures/usdm/48267/20261008T184031Z-1f69d3335d.json.gz
2016-05-03,100.0,0.0,0.0,0.0,0.0,0.0,2016-05-03,2016-05-09,1,data/captures/usdm/48267/20261008T184031Z-1f69d3335d.json.gz
2016-05-10,100.0,0.0,0.0,0.0,0.0,0.0,2016-05-10,2016-05-16,1,data/captures/usdm/48267/20261008T184031Z-1f69d3335d.json.gz
2016-05-17,100.0,0.0,0.0,0.0,0.0,0.0,2016-05-17,2016-05-23,1,data/captures/usdm/48267/20261008T184031Z-1f69d3335d.json.gz
2016-05-24,100.0,0.0,0.0,0.0,0.0,0.0,2016-05-24,2016-05-30,1,data/captures/usdm/48267/20261008T184031Z-1f69d3335d.json.gz
2016-05-31,100.0,0.0,0.0,0.0,0.0,0.0,2016-05-31,2016-06-06,1,data/captures/usdm/48267/20261008T184031Z-1f69d3335d.json.gz
2016-06-07,100.0,0.0,0.0,0.0,0.0,0.0,2016-06-07,2016-06-13,1,data/captures/usdm/48267/20261008T184031Z-1f69d3335d.json.gz
2016-06-14,100.0,0.0,0.0,0.0,0.0,0.0,2016-06-14,2016-06-20,1,data/captures/usdm/48267/20261008T184031Z-1f69d3335d.json.gz
2016-06-21,100.0,0.0,0.0,0.0,0.0,0.0,2016-06-21,2016-06-27,1,data/captures/usdm/48267/20261008T184031Z-1f69d3335d.json.gz
2016-06-28,100.0,0.0,0.0,0.0,0.0,0.0,2016-06-28,2016-07-04,1,data/captures/usdm/48267/20261008T184031Z-1f69d3335d.json.gz
2016-07-05,100.0,0.0,0.0,0.0,0.0,0.0,2016-07-05,2016-07-11,1,data/captures/usdm/48267/20261008T184031Z-1f69d3335d.json.gz
2016-07-12,100.0,0.0,0.0,0.0,0.0,0.0,2016-07-12,2016-07-18,1,data/captures/usdm/48267/20261008T184031Z-1f69d3335d.json.gz
2016-07-19,100.0,0.0,0.0,0.0,0.0,0.0,2016-07-19,2016-07-25,1,data/captures/usdm/48267/20261008T184031Z-1f69d3335d.json.gz
2016-07-26,0.0,100.0,0.0,0.0,0.0,0.0,2016-07-26,2016-08-01,1,data/captures/usdm/48267/20261008T184031Z-1f69d3335d.json.gz
2016-08-02,27.61,72.39,0.0,0.0,0.0,0.0,2016-08-02,2016-08-08,1,data/captures/usdm/48267/20261008T184031Z-1f69d3335d.json.gz
2016-08-09,0.0,100.0,16.54,0.0,0.0,0.0,2016-08-09,2016-08-15,1,data/captures/usdm/48267/20261008T184031Z-1f69d3335d.json.gz
2016-08-16,0.0,100.0,15.75,0.0,0.0,0.0,2016-08-16,2016-08-22,1,data/captures/usdm/48267/20261008T184031Z-1f69d3335d.json.gz
2016-08-23,100.0,0.0,0.0,0.0,0.0,0.0,2016-08-23,2016-08-29,1,data/captures/usdm/48267/20261008T184031Z-1f69d3335d.json.gz
2016-08-30,100.0,0.0,0.0,0.0,0.0,0.0,2016-08-30,2016-09-05,1,data/captures/usdm/48267/20261008T184031Z-1f69d3335d.json.gz
2016-09-06,100.0,0.0,0.0,0.0,0.0,0.0,2016-09-06,2016-09-12,1,data/captures/usdm/48267/20261008T184031Z-1f69d3335d.json.gz
2016-09-13,100.0,0.0,0.0,0.0,0.0,0.0,2016-09-13,2016-09-19,1,data/captures/usdm/48267/20261008T184031Z-1f69d3335d.json.gz
2016-09-20,100.0,0.0,0.0,0.0,0.0,0.0,2016-09-20,2016-09-26,1,data/captures/usdm/48267/20261008T184031Z-1f69d3335d.json.gz
2016-09-27,100.0,0.0,0.0,0.0,0.0,0.0,2016-09-27,2016-10-03,1,data/captures/usdm/48267/20261008T184031Z-1f69d3335d.json.gz
2016-10-04,100.0,0.0,0.0,0.0,0.0,0.0,2016-10-04,2016-10-10,1,data/captures/usdm/48267/20261008T184031Z-1f69d3335d.json.gz
2016-10-11,100.0,0.0,0.0,0.0,0.0,0.0,2016-10-11,2016-10-17,1,data/captures/usdm/48267/20261008T184031Z-1f69d3335d.json.gz
2016-10-18,100.0,0.0,0.0,0.0,0.0,0.0,2016-10-18,2016-10-24,1,data/captures/usdm/48267/20261008T184031Z-1f69d3335d.json.gz
2016-10-25,100.0,0.0,0.0,0.0,0.0,0.0,2016-10-25,2016-10-31,1,data/captures/usdm/48267/20261008T184031Z-1f69d3335d.json.gz
2016-11-01,100.0,0.0,0.0,0.0,0.0,0.0,2016-11-01,2016-11-07,1,data/captures/usdm/48267/20261008T184031Z-1f69d3335d.json.gz
2016-11-08,100.0,0.0,0.0,0.0,0.0,0.0,2016-11-08,2016-11-14,1,data/captures/usdm/48267/20261008T184031Z-1f69d3335d.json.gz
2016-11-15,100.0,0.0,0.0,0.0,0.0,0.0,2016-11-15,2016-11-21,1,data/captures/usdm/48267/20261008T184031Z-1f69d3335d.json.gz
2016-11-22,100.0,0.0,0.0,0.0,0.0,0.0,2016-11-22,2016-11-28,1,data/captures/usdm/48267/20261008T184031Z-1f69d3335d.json.gz
2016-11-29,100.0,0.0,0.0,0.0,0.0,0.0,2016-11-29,2016-12-05,1,data/captures/usdm/48267/20261008T184031Z-1f69d3335d.json.gz
2016-12-06,100.0,0.0,0.0,0.0,0.0,0.0,2016-12-06,2016-12-12,1,data/captures/usdm/48267/20261008T184031Z-1f69d3335d.json.gz
2016-12-13,100.0,0.0,0.0,0.0,0.0,0.0,2016-12-13,2016-12-19,1,data/captures/usdm/48267/20261008T184031Z-1f69d3335d.json.gz
2016-12-20,100.0,0.0,0.0,0.0,0.0,0.0,2016-12-20,2016-12-26,1,data/captures/usdm/48267/20261008T184031Z-1f69d3335d.json.gz
2016-12-27,100.0,0.0,0.0,0.0,0.0,0.0,2016-12-27,2017-01-02,1,data/captures/usdm/48267/20261008T184031Z-1f69d3335d.json.gz
2017-01-03,100.0,0.0,0.0,0.0,0.0,0.0,2017-01-03,2017-01-09,1,data/captures/usdm/48267/20261008T184031Z-1f69d3335d.json.gz
2017-01-10,100.0,0.0,0.0,0.0,0.0,0.0,2017-01-10,2017-01-16,1,data/captures/usdm/48267/20261008T184031Z-1f69d3335d.json.gz
2017-01-17,100.0,0.0,0.0,0.0,0.0,0.0,2017-01-17,2017-01-23,1,data/captures/usdm/48267/20261008T184031Z-1f69d3335d.json.gz
2017-01-24,100.0,0.0,0.0,0.0,0.0,0.0,2017-01-24,2017-01-30,1,data/captures/usdm/48267/20261008T184031Z-1f69d3335d.json.gz
2017-01-31,100.0,0.0,0.0,0.0,0.0,0.0,2017-01-31,2017-02-06,1,data/captures/usdm/48267/20261008T184031Z-1f69d3335d.json.gz
2017-02-07,100.0,0.0,0.0,0.0,0.0,0.0,2017-02-07,2017-02-13,1,data/captures/usdm/48267/20261008T184031Z-1f69d3335d.json.gz
2017-02-14,100.0,0.0,0.0,0.0,0.0,0.0,2017-02-14,2017-02-20,1,data/captures/usdm/48267/20261008T184031Z-1f69d3335d.json.gz
2017-02-21,100.0,0.0,0.0,0.0,0.0,0.0,2017-02-21,2017-02-27,1,data/captures/usdm/48267/20261008T184031Z-1f69d3335d.json.gz
2017-02-28,100.0,0.0,0.0,0.0,0.0,0.0,2017-02-28,2017-03-06,1,data/captures/usdm/48267/20261008T184031Z-1f69d3335d.json.gz
2017-03-07,100.0,0.0,0.0,0.0,0.0,0.0,2017-03-07,2017-03-13,1,data/captures/usdm/48267/20261008T184031Z-1f69d3335d.json.gz
2017-03-14,100.0,0.0,0.0,0.0,0.0,0.0,2017-03-14,2017-03-20,1,data/captures/usdm/48267/20261008T184031Z-1f69d3335d.json.gz
2017-03-21,100.0,0.0,0.0,0.0,0.0,0.0,2017-03-21,2017-03-27,1,data/captures/usdm/48267/20261008T184031Z-1f69d3335d.json.gz
2017-03-28,100.0,0.0,0.0,0.0,0.0,0.0,2017-03-28,2017-04-03,1,data/captures/usdm/48267/20261008T184031Z-1f69d3335d.json.gz
2017-04-04,100.0,0.0,0.0,0.0,0.0,0.0,2017-04-04,2017-04-10,1,data/captures/usdm/48267/20261008T184031Z-1f69d3335d.json.gz
2017-04-11,100.0,0.0,0.0,0.0,0.0,0.0,2017-04-11,2017-04-17,1,data/captures/usdm/48267/20261008T184031Z-1f69d3335d.json.gz
2017-04-18,100.0,0.0,0.0,0.0,0.0,0.0,2017-04-18,2017-04-24,1,data/captures/usdm/48267/20261008T184031Z-1f69d3335d.json.gz
2017-04-25,100.0,0.0,0.0,0.0,0.0,0.0,2017-04-25,2017-05-01,1,data/captures/usdm/48267/20261008T184031Z-1f69d3335d.json.gz
2017-05-02,100.0,0.0,0.0,0.0,0.0,0.0,2017-05-02,2017-05-08,1,data/captures/usdm/48267/20261008T184031Z-1f69d3335d.json.gz
2017-05-09,20.62,79.38,0.0,0.0,0.0,0.0,2017-05-09,2017-05-15,1,data/captures/usdm/48267/20261008T184031Z-1f69d3335d.json.gz
2017-05-16,0.0,100.0,47.66,0.0,0.0,0.0,2017-05-16,2017-05-22,1,data/captures/usdm/48267/20261008T184031Z-1f69d3335d.json.gz
2017-05-23,28.75,71.25,0.0,0.0,0.0,0.0,2017-05-23,2017-05-29,1,data/captures/usdm/48267/20261008T184031Z-1f69d3335d.json.gz
2017-05-30,3.37,96.63,0.0,0.0,0.0,0.0,2017-05-30,2017-06-05,1,data/captures/usdm/48267/20261008T184031Z-1f69d3335d.json.gz
2017-06-06,100.0,0.0,0.0,0.0,0.0,0.0,2017-06-06,2017-06-12,1,data/captures/usdm/48267/20261008T184031Z-1f69d3335d.json.gz
2017-06-13,100.0,0.0,0.0,0.0,0.0,0.0,2017-06-13,2017-06-19,1,data/captures/usdm/48267/20261008T184031Z-1f69d3335d.json.gz
2017-06-20,91.03,8.97,0.0,0.0,0.0,0.0,2017-06-20,2017-06-26,1,data/captures/usdm/48267/20261008T184031Z-1f69d3335d.json.gz
2017-06-27,91.69,8.31,0.0,0.0,0.0,0.0,2017-06-27,2017-07-03,1,data/captures/usdm/48267/20261008T184031Z-1f69d3335d.json.gz
2017-07-04,73.19,26.81,0.0,0.0,0.0,0.0,2017-07-04,2017-07-10,1,data/captures/usdm/48267/20261008T184031Z-1f69d3335d.json.gz
2017-07-11,74.09,25.91,0.0,0.0,0.0,0.0,2017-07-11,2017-07-17,1,data/captures/usdm/48267/20261008T184031Z-1f69d3335d.json.gz
2017-07-18,74.09,25.91,0.0,0.0,0.0,0.0,2017-07-18,2017-07-24,1,data/captures/usdm/48267/20261008T184031Z-1f69d3335d.json.gz
2017-07-25,74.09,25.91,0.0,0.0,0.0,0.0,2017-07-25,2017-07-31,1,data/captures/usdm/48267/20261008T184031Z-1f69d3335d.json.gz
2017-08-01,96.22,3.78,0.0,0.0,0.0,0.0,2017-08-01,2017-08-07,1,data/captures/usdm/48267/20261008T184031Z-1f69d3335d.json.gz
2017-08-08,100.0,0.0,0.0,0.0,0.0,0.0,2017-08-08,2017-08-14,1,data/captures/usdm/48267/20261008T184031Z-1f69d3335d.json.gz
2017-08-15,100.0,0.0,0.0,0.0,0.0,0.0,2017-08-15,2017-08-21,1,data/captures/usdm/48267/20261008T184031Z-1f69d3335d.json.gz
2017-08-22,100.0,0.0,0.0,0.0,0.0,0.0,2017-08-22,2017-08-28,1,data/captures/usdm/48267/20261008T184031Z-1f69d3335d.json.gz
2017-08-29,100.0,0.0,0.0,0.0,0.0,0.0,2017-08-29,2017-09-04,1,data/captures/usdm/48267/20261008T184031Z-1f69d3335d.json.gz
2017-09-05,100.0,0.0,0.0,0.0,0.0,0.0,2017-09-05,2017-09-11,1,data/captures/usdm/48267/20261008T184031Z-1f69d3335d.json.gz
2017-09-12,100.0,0.0,0.0,0.0,0.0,0.0,2017-09-12,2017-09-18,1,data/captures/usdm/48267/20261008T184031Z-1f69d3335d.json.gz
2017-09-19,79.45,20.55,0.0,0.0,0.0,0.0,2017-09-19,2017-09-25,1,data/captures/usdm/48267/20261008T184031Z-1f69d3335d.json.gz
2017-09-26,0.0,100.0,0.0,0.0,0.0,0.0,2017-09-26,2017-10-02,1,data/captures/usdm/48267/20261008T184031Z-1f69d3335d.json.gz
2017-10-03,100.0,0.0,0.0,0.0,0.0,0.0,2017-10-03,2017-10-09,1,data/captures/usdm/48267/20261008T184031Z-1f69d3335d.json.gz
2017-10-10,100.0,0.0,0.0,0.0,0.0,0.0,2017-10-10,2017-10-16,1,data/captures/usdm/48267/20261008T184031Z-1f69d3335d.json.gz
2017-10-17,100.0,0.0,0.0,0.0,0.0,0.0,2017-10-17,2017-10-23,1,data/captures/usdm/48267/20261008T184031Z-1f69d3335d.json.gz
2017-10-24,100.0,0.0,0.0,0.0,0.0,0.0,2017-10-24,2017-10-30,1,data/captures/usdm/48267/20261008T184031Z-1f69d3335d.json.gz
2017-10-31,59.84,40.16,0.0,0.0,0.0,0.0,2017-10-31,2017-11-06,1,data/captures/usdm/48267/20261008T184031Z-1f69d3335d.json.gz
2017-11-07,0.0,100.0,1.29,0.0,0.0,0.0,2017-11-07,2017-11-13,1,data/captures/usdm/48267/20261008T184031Z-1f69d3335d.json.gz
2017-11-14,0.0,100.0,100.0,0.0,0.0,0.0,2017-11-14,2017-11-20,1,data/captures/usdm/48267/20261008T184031Z-1f69d3335d.json.gz
2017-11-21,0.0,100.0,100.0,0.0,0.0,0.0,2017-11-21,2017-11-27,1,data/captures/usdm/48267/20261008T184031Z-1f69d3335d.json.gz
2017-11-28,0.0,100.0,100.0,0.0,0.0,0.0,2017-11-28,2017-12-04,1,data/captures/usdm/48267/20261008T184031Z-1f69d3335d.json.gz
2017-12-05,0.0,100.0,100.0,0.0,0.0,0.0,2017-12-05,2017-12-11,1,data/captures/usdm/48267/20261008T184031Z-1f69d3335d.json.gz
2017-12-12,0.0,100.0,0.77,0.0,0.0,0.0,2017-12-12,2017-12-18,1,data/captures/usdm/48267/20261008T184031Z-1f69d3335d.json.gz
2017-12-19,0.0,100.0,72.84,0.0,0.0,0.0,2017-12-19,2017-12-25,1,data/captures/usdm/48267/20261008T184031Z-1f69d3335d.json.gz
2017-12-26,0.0,100.0,72.84,0.0,0.0,0.0,2017-12-26,2018-01-01,1,data/captures/usdm/48267/20261008T184031Z-1f69d3335d.json.gz
2018-01-02,0.0,100.0,74.16,0.0,0.0,0.0,2018-01-02,2018-01-08,1,data/captures/usdm/48267/20261008T184031Z-1f69d3335d.json.gz
2018-01-09,0.0,100.0,96.53,0.0,0.0,0.0,2018-01-09,2018-01-15,1,data/captures/usdm/48267/20261008T184031Z-1f69d3335d.json.gz
2018-01-16,0.0,100.0,96.53,0.0,0.0,0.0,2018-01-16,2018-01-22,1,data/captures/usdm/48267/20261008T184031Z-1f69d3335d.json.gz
2018-01-23,0.0,100.0,100.0,0.0,0.0,0.0,2018-01-23,2018-01-29,1,data/captures/usdm/48267/20261008T184031Z-1f69d3335d.json.gz
2018-01-30,0.0,100.0,100.0,0.0,0.0,0.0,2018-01-30,2018-02-05,1,data/captures/usdm/48267/20261008T184031Z-1f69d3335d.json.gz
2018-02-06,0.0,100.0,100.0,32.33,0.0,0.0,2018-02-06,2018-02-12,1,data/captures/usdm/48267/20261008T184031Z-1f69d3335d.json.gz
2018-02-13,0.0,100.0,100.0,57.54,0.0,0.0,2018-02-13,2018-02-19,1,data/captures/usdm/48267/20261008T184031Z-1f69d3335d.json.gz
2018-02-20,0.0,100.0,100.0,57.54,0.0,0.0,2018-02-20,2018-02-26,1,data/captures/usdm/48267/20261008T184031Z-1f69d3335d.json.gz
2018-02-27,0.0,100.0,70.11,0.0,0.0,0.0,2018-02-27,2018-03-05,1,data/captures/usdm/48267/20261008T184031Z-1f69d3335d.json.gz
2018-03-06,0.0,100.0,70.11,0.0,0.0,0.0,2018-03-06,2018-03-12,1,data/captures/usdm/48267/20261008T184031Z-1f69d3335d.json.gz
2018-03-13,0.0,100.0,70.11,0.0,0.0,0.0,2018-03-13,2018-03-19,1,data/captures/usdm/48267/20261008T184031Z-1f69d3335d.json.gz
2018-03-20,0.0,100.0,71.09,0.0,0.0,0.0,2018-03-20,2018-03-26,1,data/captures/usdm/48267/20261008T184031Z-1f69d3335d.json.gz
2018-03-27,0.0,100.0,71.09,0.0,0.0,0.0,2018-03-27,2018-04-02,1,data/captures/usdm/48267/20261008T184031Z-1f69d3335d.json.gz
2018-04-03,0.0,100.0,70.45,0.0,0.0,0.0,2018-04-03,2018-04-09,1,data/captures/usdm/48267/20261008T184031Z-1f69d3335d.json.gz
2018-04-10,0.0,100.0,70.45,0.0,0.0,0.0,2018-04-10,2018-04-16,1,data/captures/usdm/48267/20261008T184031Z-1f69d3335d.json.gz
2018-04-17,0.0,100.0,100.0,0.0,0.0,0.0,2018-04-17,2018-04-23,1,data/captures/usdm/48267/20261008T184031Z-1f69d3335d.json.gz
2018-04-24,0.0,100.0,100.0,21.17,0.0,0.0,2018-04-24,2018-04-30,1,data/captures/usdm/48267/20261008T184031Z-1f69d3335d.json.gz
2018-05-01,0.0,100.0,100.0,20.32,0.0,0.0,2018-05-01,2018-05-07,1,data/captures/usdm/48267/20261008T184031Z-1f69d3335d.json.gz
2018-05-08,0.0,100.0,32.02,0.0,0.0,0.0,2018-05-08,2018-05-14,1,data/captures/usdm/48267/20261008T184031Z-1f69d3335d.json.gz
2018-05-15,0.0,100.0,22.72,0.0,0.0,0.0,2018-05-15,2018-05-21,1,data/captures/usdm/48267/20261008T184031Z-1f69d3335d.json.gz
2018-05-22,74.02,25.98,0.65,0.0,0.0,0.0,2018-05-22,2018-05-28,1,data/captures/usdm/48267/20261008T184031Z-1f69d3335d.json.gz
2018-05-29,87.19,12.81,1.29,0.0,0.0,0.0,2018-05-29,2018-06-04,1,data/captures/usdm/48267/20261008T184031Z-1f69d3335d.json.gz
2018-06-05,81.63,18.37,2.13,0.0,0.0,0.0,2018-06-05,2018-06-11,1,data/captures/usdm/48267/20261008T184031Z-1f69d3335d.json.gz
2018-06-12,81.63,18.37,2.13,0.0,0.0,0.0,2018-06-12,2018-06-18,1,data/captures/usdm/48267/20261008T184031Z-1f69d3335d.json.gz
2018-06-19,81.41,18.59,2.13,0.0,0.0,0.0,2018-06-19,2018-06-25,1,data/captures/usdm/48267/20261008T184031Z-1f69d3335d.json.gz
2018-06-26,0.0,100.0,2.13,0.0,0.0,0.0,2018-06-26,2018-07-02,1,data/captures/usdm/48267/20261008T184031Z-1f69d3335d.json.gz
2018-07-03,0.0,100.0,100.0,16.54,0.0,0.0,2018-07-03,2018-07-09,1,data/captures/usdm/48267/20261008T184031Z-1f69d3335d.json.gz
2018-07-10,0.0,100.0,91.83,13.39,0.0,0.0,2018-07-10,2018-07-16,1,data/captures/usdm/48267/20261008T184031Z-1f69d3335d.json.gz
2018-07-17,0.0,100.0,100.0,16.56,0.0,0.0,2018-07-17,2018-07-23,1,data/captures/usdm/48267/20261008T184031Z-1f69d3335d.json.gz
2018-07-24,0.0,100.0,100.0,100.0,0.0,0.0,2018-07-24,2018-07-30,1,data/captures/usdm/48267/20261008T184031Z-1f69d3335d.json.gz
2018-07-31,0.0,100.0,100.0,100.0,0.0,0.0,2018-07-31,2018-08-06,1,data/captures/usdm/48267/20261008T184031Z-1f69d3335d.json.gz
2018-08-07,0.0,100.0,100.0,100.0,69.69,0.0,2018-08-07,2018-08-13,1,data/captures/usdm/48267/20261008T184031Z-1f69d3335d.json.gz
2018-08-14,0.0,100.0,100.0,39.99,2.08,0.0,2018-08-14,2018-08-20,1,data/captures/usdm/48267/20261008T184031Z-1f69d3335d.json.gz
2018-08-21,0.0,100.0,100.0,39.99,2.08,0.0,2018-08-21,2018-08-27,1,data/captures/usdm/48267/20261008T184031Z-1f69d3335d.json.gz
2018-08-28,0.0,100.0,100.0,39.99,2.08,0.0,2018-08-28,2018-09-03,1,data/captures/usdm/48267/20261008T184031Z-1f69d3335d.json.gz
2018-09-04,0.0,100.0,100.0,9.31,0.0,0.0,2018-09-04,2018-09-10,1,data/captures/usdm/48267/20261008T184031Z-1f69d3335d.json.gz
2018-09-11,0.0,100.0,5.53,0.0,0.0,0.0,2018-09-11,2018-09-17,1,data/captures/usdm/48267/20261008T184031Z-1f69d3335d.json.gz
2018-09-18,0.0,100.0,5.53,0.0,0.0,0.0,2018-09-18,2018-09-24,1,data/captures/usdm/48267/20261008T184031Z-1f69d3335d.json.gz
2018-09-25,44.74,55.26,5.53,0.0,0.0,0.0,2018-09-25,2018-10-01,1,data/captures/usdm/48267/20261008T184031Z-1f69d3335d.json.gz
2018-10-02,44.74,55.26,0.0,0.0,0.0,0.0,2018-10-02,2018-10-08,1,data/captures/usdm/48267/20261008T184031Z-1f69d3335d.json.gz
2018-10-09,100.0,0.0,0.0,0.0,0.0,0.0,2018-10-09,2018-10-15,1,data/captures/usdm/48267/20261008T184031Z-1f69d3335d.json.gz
2018-10-16,100.0,0.0,0.0,0.0,0.0,0.0,2018-10-16,2018-10-22,1,data/captures/usdm/48267/20261008T184031Z-1f69d3335d.json.gz
2018-10-23,100.0,0.0,0.0,0.0,0.0,0.0,2018-10-23,2018-10-29,1,data/captures/usdm/48267/20261008T184031Z-1f69d3335d.json.gz
2018-10-30,100.0,0.0,0.0,0.0,0.0,0.0,2018-10-30,2018-11-05,1,data/captures/usdm/48267/20261008T184031Z-1f69d3335d.json.gz
2018-11-06,100.0,0.0,0.0,0.0,0.0,0.0,2018-11-06,2018-11-12,1,data/captures/usdm/48267/20261008T184031Z-1f69d3335d.json.gz
2018-11-13,100.0,0.0,0.0,0.0,0.0,0.0,2018-11-13,2018-11-19,1,data/captures/usdm/48267/20261008T184031Z-1f69d3335d.json.gz
2018-11-20,100.0,0.0,0.0,0.0,0.0,0.0,2018-11-20,2018-11-26,1,data/captures/usdm/48267/20261008T184031Z-1f69d3335d.json.gz
2018-11-27,100.0,0.0,0.0,0.0,0.0,0.0,2018-11-27,2018-12-03,1,data/captures/usdm/48267/20261008T184031Z-1f69d3335d.json.gz
2018-12-04,100.0,0.0,0.0,0.0,0.0,0.0,2018-12-04,2018-12-10,1,data/captures/usdm/48267/20261008T184031Z-1f69d3335d.json.gz
2018-12-11,100.0,0.0,0.0,0.0,0.0,0.0,2018-12-11,2018-12-17,1,data/captures/usdm/48267/20261008T184031Z-1f69d3335d.json.gz
2018-12-18,100.0,0.0,0.0,0.0,0.0,0.0,2018-12-18,2018-12-24,1,data/captures/usdm/48267/20261008T184031Z-1f69d3335d.json.gz
2018-12-25,100.0,0.0,0.0,0.0,0.0,0.0,2018-12-25,2018-12-31,1,data/captures/usdm/48267/20261008T184031Z-1f69d3335d.json.gz
2019-01-01,100.0,0.0,0.0,0.0,0.0,0.0,2019-01-01,2019-01-07,1,data/captures/usdm/48267/20261008T184031Z-1f69d3335d.json.gz
2019-01-08,100.0,0.0,0.0,0.0,0.0,0.0,2019-01-08,2019-01-14,1,data/captures/usdm/48267/20261008T184031Z-1f69d3335d.json.gz
2019-01-15,100.0,0.0,0.0,0.0,0.0,0.0,2019-01-15,2019-01-21,1,data/captures/usdm/48267/20261008T184031Z-1f69d3335d.json.gz
2019-01-22,100.0,0.0,0.0,0.0,0.0,0.0,2019-01-22,2019-01-28,1,data/captures/usdm/48267/20261008T184031Z-1f69d3335d.json.gz
2019-01-29,100.0,0.0,0.0,0.0,0.0,0.0,2019-01-29,2019-02-04,1,data/captures/usdm/48267/20261008T184031Z-1f69d3335d.json.gz
2019-02-05,100.0,0.0,0.0,0.0,0.0,0.0,2019-02-05,2019-02-11,1,data/captures/usdm/48267/20261008T184031Z-1f69d3335d.json.gz
2019-02-12,67.67,32.33,0.0,0.0,0.0,0.0,2019-02-12,2019-02-18,1,data/captures/usdm/48267/20261008T184031Z-1f69d3335d.json.gz
2019-02-19,65.75,34.25,0.0,0.0,0.0,0.0,2019-02-19,2019-02-25,1,data/captures/usdm/48267/20261008T184031Z-1f69d3335d.json.gz
2019-02-26,21.26,78.74,0.0,0.0,0.0,0.0,2019-02-26,2019-03-04,1,data/captures/usdm/48267/20261008T184031Z-1f69d3335d.json.gz
2019-03-05,13.75,86.25,0.0,0.0,0.0,0.0,2019-03-05,2019-03-11,1,data/captures/usdm/48267/20261008T184031Z-1f69d3335d.json.gz
2019-03-12,13.75,86.25,0.0,0.0,0.0,0.0,2019-03-12,2019-03-18,1,data/captures/usdm/48267/20261008T184031Z-1f69d3335d.json.gz
2019-03-19,100.0,0.0,0.0,0.0,0.0,0.0,2019-03-19,2019-03-25,1,data/captures/usdm/48267/20261008T184031Z-1f69d3335d.json.gz
2019-03-26,100.0,0.0,0.0,0.0,0.0,0.0,2019-03-26,2019-04-01,1,data/captures/usdm/48267/20261008T184031Z-1f69d3335d.json.gz
2019-04-02,0.0,100.0,0.0,0.0,0.0,0.0,2019-04-02,2019-04-08,1,data/captures/usdm/48267/20261008T184031Z-1f69d3335d.json.gz
2019-04-09,0.0,100.0,0.0,0.0,0.0,0.0,2019-04-09,2019-04-15,1,data/captures/usdm/48267/20261008T184031Z-1f69d3335d.json.gz
2019-04-16,53.66,46.34,0.0,0.0,0.0,0.0,2019-04-16,2019-04-22,1,data/captures/usdm/48267/20261008T184031Z-1f69d3335d.json.gz
2019-04-23,64.3,35.7,0.0,0.0,0.0,0.0,2019-04-23,2019-04-29,1,data/captures/usdm/48267/20261008T184031Z-1f69d3335d.json.gz
2019-04-30,100.0,0.0,0.0,0.0,0.0,0.0,2019-04-30,2019-05-06,1,data/captures/usdm/48267/20261008T184031Z-1f69d3335d.json.gz
2019-05-07,100.0,0.0,0.0,0.0,0.0,0.0,2019-05-07,2019-05-13,1,data/captures/usdm/48267/20261008T184031Z-1f69d3335d.json.gz
2019-05-14,100.0,0.0,0.0,0.0,0.0,0.0,2019-05-14,2019-05-20,1,data/captures/usdm/48267/20261008T184031Z-1f69d3335d.json.gz
2019-05-21,100.0,0.0,0.0,0.0,0.0,0.0,2019-05-21,2019-05-27,1,data/captures/usdm/48267/20261008T184031Z-1f69d3335d.json.gz
2019-05-28,100.0,0.0,0.0,0.0,0.0,0.0,2019-05-28,2019-06-03,1,data/captures/usdm/48267/20261008T184031Z-1f69d3335d.json.gz
2019-06-04,100.0,0.0,0.0,0.0,0.0,0.0,2019-06-04,2019-06-10,1,data/captures/usdm/48267/20261008T184031Z-1f69d3335d.json.gz
2019-06-11,100.0,0.0,0.0,0.0,0.0,0.0,2019-06-11,2019-06-17,1,data/captures/usdm/48267/20261008T184031Z-1f69d3335d.json.gz
2019-06-18,100.0,0.0,0.0,0.0,0.0,0.0,2019-06-18,2019-06-24,1,data/captures/usdm/48267/20261008T184031Z-1f69d3335d.json.gz
2019-06-25,100.0,0.0,0.0,0.0,0.0,0.0,2019-06-25,2019-07-01,1,data/captures/usdm/48267/20261008T184031Z-1f69d3335d.json.gz
2019-07-02,100.0,0.0,0.0,0.0,0.0,0.0,2019-07-02,2019-07-08,1,data/captures/usdm/48267/20261008T184031Z-1f69d3335d.json.gz
2019-07-09,100.0,0.0,0.0,0.0,0.0,0.0,2019-07-09,2019-07-15,1,data/captures/usdm/48267/20261008T184031Z-1f69d3335d.json.gz
2019-07-16,100.0,0.0,0.0,0.0,0.0,0.0,2019-07-16,2019-07-22,1,data/captures/usdm/48267/20261008T184031Z-1f69d3335d.json.gz
2019-07-23,100.0,0.0,0.0,0.0,0.0,0.0,2019-07-23,2019-07-29,1,data/captures/usdm/48267/20261008T184031Z-1f69d3335d.json.gz
2019-07-30,100.0,0.0,0.0,0.0,0.0,0.0,2019-07-30,2019-08-05,1,data/captures/usdm/48267/20261008T184031Z-1f69d3335d.json.gz
2019-08-06,85.66,14.34,0.0,0.0,0.0,0.0,2019-08-06,2019-08-12,1,data/captures/usdm/48267/20261008T184031Z-1f69d3335d.json.gz
2019-08-13,40.7,59.3,0.0,0.0,0.0,0.0,2019-08-13,2019-08-19,1,data/captures/usdm/48267/20261008T184031Z-1f69d3335d.json.gz
2019-08-20,67.61,32.39,0.0,0.0,0.0,0.0,2019-08-20,2019-08-26,1,data/captures/usdm/48267/20261008T184031Z-1f69d3335d.json.gz
2019-08-27,65.28,34.72,0.0,0.0,0.0,0.0,2019-08-27,2019-09-02,1,data/captures/usdm/48267/20261008T184031Z-1f69d3335d.json.gz
2019-09-03,37.44,62.56,0.0,0.0,0.0,0.0,2019-09-03,2019-09-09,1,data/captures/usdm/48267/20261008T184031Z-1f69d3335d.json.gz
2019-09-10,0.0,100.0,45.78,0.0,0.0,0.0,2019-09-10,2019-09-16,1,data/captures/usdm/48267/20261008T184031Z-1f69d3335d.json.gz
2019-09-17,0.0,100.0,45.75,0.0,0.0,0.0,2019-09-17,2019-09-23,1,data/captures/usdm/48267/20261008T184031Z-1f69d3335d.json.gz
2019-09-24,0.0,100.0,95.69,1.0,0.0,0.0,2019-09-24,2019-09-30,1,data/captures/usdm/48267/20261008T184031Z-1f69d3335d.json.gz
2019-10-01,0.0,100.0,100.0,64.78,0.75,0.0,2019-10-01,2019-10-07,1,data/captures/usdm/48267/20261008T184031Z-1f69d3335d.json.gz
2019-10-08,0.0,100.0,100.0,64.78,30.24,0.0,2019-10-08,2019-10-14,1,data/captures/usdm/48267/20261008T184031Z-1f69d3335d.json.gz
2019-10-15,0.0,100.0,100.0,77.42,30.24,0.0,2019-10-15,2019-10-21,1,data/captures/usdm/48267/20261008T184031Z-1f69d3335d.json.gz
2019-10-22,0.0,100.0,97.42,42.58,0.0,0.0,2019-10-22,2019-10-28,1,data/captures/usdm/48267/20261008T184031Z-1f69d3335d.json.gz
2019-10-29,0.0,100.0,97.42,42.58,0.0,0.0,2019-10-29,2019-11-04,1,data/captures/usdm/48267/20261008T184031Z-1f69d3335d.json.gz
2019-11-05,0.0,100.0,97.44,42.58,0.0,0.0,2019-11-05,2019-11-11,1,data/captures/usdm/48267/20261008T184031Z-1f69d3335d.json.gz
2019-11-12,0.0,100.0,45.19,0.0,0.0,0.0,2019-11-12,2019-11-18,1,data/captures/usdm/48267/20261008T184031Z-1f69d3335d.json.gz
2019-11-19,0.0,100.0,45.19,0.0,0.0,0.0,2019-11-19,2019-11-25,1,data/captures/usdm/48267/20261008T184031Z-1f69d3335d.json.gz
2019-11-26,0.0,100.0,45.19,0.0,0.0,0.0,2019-11-26,2019-12-02,1,data/captures/usdm/48267/20261008T184031Z-1f69d3335d.json.gz
2019-12-03,0.0,100.0,45.19,0.0,0.0,0.0,2019-12-03,2019-12-09,1,data/captures/usdm/48267/20261008T184031Z-1f69d3335d.json.gz
2019-12-10,0.0,100.0,44.64,0.0,0.0,0.0,2019-12-10,2019-12-16,1,data/captures/usdm/48267/20261008T184031Z-1f69d3335d.json.gz
2019-12-17,0.0,100.0,44.64,0.0,0.0,0.0,2019-12-17,2019-12-23,1,data/captures/usdm/48267/20261008T184031Z-1f69d3335d.json.gz
2019-12-24,0.0,100.0,54.08,0.0,0.0,0.0,2019-12-24,2019-12-30,1,data/captures/usdm/48267/20261008T184031Z-1f69d3335d.json.gz
2019-12-31,0.0,100.0,25.38,0.0,0.0,0.0,2019-12-31,2020-01-06,1,data/captures/usdm/48267/20261008T184031Z-1f69d3335d.json.gz
2020-01-07,0.0,100.0,78.84,0.0,0.0,0.0,2020-01-07,2020-01-13,1,data/captures/usdm/48267/20261008T184031Z-1f69d3335d.json.gz
2020-01-14,0.0,100.0,78.84,0.0,0.0,0.0,2020-01-14,2020-01-20,1,data/captures/usdm/48267/20261008T184031Z-1f69d3335d.json.gz
2020-01-21,0.0,100.0,74.85,0.0,0.0,0.0,2020-01-21,2020-01-27,1,data/captures/usdm/48267/20261008T184031Z-1f69d3335d.json.gz
2020-01-28,0.0,100.0,11.6,0.0,0.0,0.0,2020-01-28,2020-02-03,1,data/captures/usdm/48267/20261008T184031Z-1f69d3335d.json.gz
2020-02-04,22.69,77.31,6.5,0.0,0.0,0.0,2020-02-04,2020-02-10,1,data/captures/usdm/48267/20261008T184031Z-1f69d3335d.json.gz
2020-02-11,21.66,78.34,6.5,0.0,0.0,0.0,2020-02-11,2020-02-17,1,data/captures/usdm/48267/20261008T184031Z-1f69d3335d.json.gz
2020-02-18,93.52,6.48,0.0,0.0,0.0,0.0,2020-02-18,2020-02-24,1,data/captures/usdm/48267/20261008T184031Z-1f69d3335d.json.gz
2020-02-25,93.52,6.48,0.0,0.0,0.0,0.0,2020-02-25,2020-03-02,1,data/captures/usdm/48267/20261008T184031Z-1f69d3335d.json.gz
2020-03-03,93.7,6.3,0.0,0.0,0.0,0.0,2020-03-03,2020-03-09,1,data/captures/usdm/48267/20261008T184031Z-1f69d3335d.json.gz
2020-03-10,93.7,6.3,0.0,0.0,0.0,0.0,2020-03-10,2020-03-16,1,data/captures/usdm/48267/20261008T184031Z-1f69d3335d.json.gz
2020-03-17,100.0,0.0,0.0,0.0,0.0,0.0,2020-03-17,2020-03-23,1,data/captures/usdm/48267/20261008T184031Z-1f69d3335d.json.gz
2020-03-24,100.0,0.0,0.0,0.0,0.0,0.0,2020-03-24,2020-03-30,1,data/captures/usdm/48267/20261008T184031Z-1f69d3335d.json.gz
2020-03-31,100.0,0.0,0.0,0.0,0.0,0.0,2020-03-31,2020-04-06,1,data/captures/usdm/48267/20261008T184031Z-1f69d3335d.json.gz
2020-04-07,100.0,0.0,0.0,0.0,0.0,0.0,2020-04-07,2020-04-13,1,data/captures/usdm/48267/20261008T184031Z-1f69d3335d.json.gz
2020-04-14,100.0,0.0,0.0,0.0,0.0,0.0,2020-04-14,2020-04-20,1,data/captures/usdm/48267/20261008T184031Z-1f69d3335d.json.gz
2020-04-21,100.0,0.0,0.0,0.0,0.0,0.0,2020-04-21,2020-04-27,1,data/captures/usdm/48267/20261008T184031Z-1f69d3335d.json.gz
2020-04-28,100.0,0.0,0.0,0.0,0.0,0.0,2020-04-28,2020-05-04,1,data/captures/usdm/48267/20261008T184031Z-1f69d3335d.json.gz
2020-05-05,100.0,0.0,0.0,0.0,0.0,0.0,2020-05-05,2020-05-11,1,data/captures/usdm/48267/20261008T184031Z-1f69d3335d.json.gz
2020-05-12,100.0,0.0,0.0,0.0,0.0,0.0,2020-05-12,2020-05-18,1,data/captures/usdm/48267/20261008T184031Z-1f69d3335d.json.gz
2020-05-19,100.0,0.0,0.0,0.0,0.0,0.0,2020-05-19,2020-05-25,1,data/captures/usdm/48267/20261008T184031Z-1f69d3335d.json.gz
2020-05-26,100.0,0.0,0.0,0.0,0.0,0.0,2020-05-26,2020-06-01,1,data/captures/usdm/48267/20261008T184031Z-1f69d3335d.json.gz
2020-06-02,100.0,0.0,0.0,0.0,0.0,0.0,2020-06-02,2020-06-08,1,data/captures/usdm/48267/20261008T184031Z-1f69d3335d.json.gz
2020-06-09,86.31,13.69,0.0,0.0,0.0,0.0,2020-06-09,2020-06-15,1,data/captures/usdm/48267/20261008T184031Z-1f69d3335d.json.gz
2020-06-16,86.31,13.69,0.0,0.0,0.0,0.0,2020-06-16,2020-06-22,1,data/captures/usdm/48267/20261008T184031Z-1f69d3335d.json.gz
2020-06-23,77.79,22.21,0.0,0.0,0.0,0.0,2020-06-23,2020-06-29,1,data/captures/usdm/48267/20261008T184031Z-1f69d3335d.json.gz
2020-06-30,0.0,100.0,0.0,0.0,0.0,0.0,2020-06-30,2020-07-06,1,data/captures/usdm/48267/20261008T184031Z-1f69d3335d.json.gz
2020-07-07,0.0,100.0,0.0,0.0,0.0,0.0,2020-07-07,2020-07-13,1,data/captures/usdm/48267/20261008T184031Z-1f69d3335d.json.gz
2020-07-14,2.24,97.76,0.0,0.0,0.0,0.0,2020-07-14,2020-07-20,1,data/captures/usdm/48267/20261008T184031Z-1f69d3335d.json.gz
2020-07-21,2.24,97.76,15.39,0.0,0.0,0.0,2020-07-21,2020-07-27,1,data/captures/usdm/48267/20261008T184031Z-1f69d3335d.json.gz
2020-07-28,2.24,97.76,0.0,0.0,0.0,0.0,2020-07-28,2020-08-03,1,data/captures/usdm/48267/20261008T184031Z-1f69d3335d.json.gz
2020-08-04,1.29,98.71,0.0,0.0,0.0,0.0,2020-08-04,2020-08-10,1,data/captures/usdm/48267/20261008T184031Z-1f69d3335d.json.gz
2020-08-11,0.0,100.0,78.66,4.39,0.0,0.0,2020-08-11,2020-08-17,1,data/captures/usdm/48267/20261008T184031Z-1f69d3335d.json.gz
2020-08-18,0.0,100.0,94.39,4.39,0.0,0.0,2020-08-18,2020-08-24,1,data/captures/usdm/48267/20261008T184031Z-1f69d3335d.json.gz
2020-08-25,0.0,100.0,100.0,35.43,0.0,0.0,2020-08-25,2020-08-31,1,data/captures/usdm/48267/20261008T184031Z-1f69d3335d.json.gz
2020-09-01,0.0,100.0,100.0,35.43,0.0,0.0,2020-09-01,2020-09-07,1,data/captures/usdm/48267/20261008T184031Z-1f69d3335d.json.gz
2020-09-08,0.0,100.0,33.7,0.0,0.0,0.0,2020-09-08,2020-09-14,1,data/captures/usdm/48267/20261008T184031Z-1f69d3335d.json.gz
2020-09-15,48.67,51.33,0.0,0.0,0.0,0.0,2020-09-15,2020-09-21,1,data/captures/usdm/48267/20261008T184031Z-1f69d3335d.json.gz
2020-09-22,49.4,50.6,1.29,0.0,0.0,0.0,2020-09-22,2020-09-28,1,data/captures/usdm/48267/20261008T184031Z-1f69d3335d.json.gz
2020-09-29,29.73,70.27,1.29,0.0,0.0,0.0,2020-09-29,2020-10-05,1,data/captures/usdm/48267/20261008T184031Z-1f69d3335d.json.gz
2020-10-06,0.65,99.35,1.29,0.0,0.0,0.0,2020-10-06,2020-10-12,1,data/captures/usdm/48267/20261008T184031Z-1f69d3335d.json.gz
2020-10-13,0.65,99.35,1.29,0.0,0.0,0.0,2020-10-13,2020-10-19,1,data/captures/usdm/48267/20261008T184031Z-1f69d3335d.json.gz
2020-10-20,0.0,100.0,65.59,0.0,0.0,0.0,2020-10-20,2020-10-26,1,data/captures/usdm/48267/20261008T184031Z-1f69d3335d.json.gz
2020-10-27,0.0,100.0,90.14,0.0,0.0,0.0,2020-10-27,2020-11-02,1,data/captures/usdm/48267/20261008T184031Z-1f69d3335d.json.gz
2020-11-03,0.0,100.0,93.27,0.0,0.0,0.0,2020-11-03,2020-11-09,1,data/captures/usdm/48267/20261008T184031Z-1f69d3335d.json.gz
2020-11-10,0.0,100.0,98.66,29.18,0.0,0.0,2020-11-10,2020-11-16,1,data/captures/usdm/48267/20261008T184031Z-1f69d3335d.json.gz
2020-11-17,0.0,100.0,100.0,86.02,0.41,0.0,2020-11-17,2020-11-23,1,data/captures/usdm/48267/20261008T184031Z-1f69d3335d.json.gz
2020-11-24,0.0,100.0,100.0,86.02,0.41,0.0,2020-11-24,2020-11-30,1,data/captures/usdm/48267/20261008T184031Z-1f69d3335d.json.gz
2020-12-01,0.0,100.0,100.0,99.41,12.0,0.0,2020-12-01,2020-12-07,1,data/captures/usdm/48267/20261008T184031Z-1f69d3335d.json.gz
2020-12-08,0.0,100.0,100.0,99.41,12.0,0.0,2020-12-08,2020-12-14,1,data/captures/usdm/48267/20261008T184031Z-1f69d3335d.json.gz
2020-12-15,0.0,100.0,100.0,99.5,66.64,0.0,2020-12-15,2020-12-21,1,data/captures/usdm/48267/20261008T184031Z-1f69d3335d.json.gz
2020-12-22,0.0,100.0,100.0,99.5,66.64,0.0,2020-12-22,2020-12-28,1,data/captures/usdm/48267/20261008T184031Z-1f69d3335d.json.gz
2020-12-29,0.0,100.0,100.0,99.5,66.64,0.0,2020-12-29,2021-01-04,1,data/captures/usdm/48267/20261008T184031Z-1f69d3335d.json.gz
2021-01-05,0.0,100.0,99.5,65.95,0.0,0.0,2021-01-05,2021-01-11,1,data/captures/usdm/48267/20261008T184031Z-1f69d3335d.json.gz
2021-01-12,0.0,100.0,92.78,39.65,0.0,0.0,2021-01-12,2021-01-18,1,data/captures/usdm/48267/20261008T184031Z-1f69d3335d.json.gz
2021-01-19,0.0,100.0,92.78,39.98,0.0,0.0,2021-01-19,2021-01-25,1,data/captures/usdm/48267/20261008T184031Z-1f69d3335d.json.gz
2021-01-26,3.26,96.74,42.17,0.0,0.0,0.0,2021-01-26,2021-02-01,1,data/captures/usdm/48267/20261008T184031Z-1f69d3335d.json.gz
2021-02-02,3.26,96.74,42.17,0.0,0.0,0.0,2021-02-02,2021-02-08,1,data/captures/usdm/48267/20261008T184031Z-1f69d3335d.json.gz
2021-02-09,3.26,96.74,42.17,0.0,0.0,0.0,2021-02-09,2021-02-15,1,data/captures/usdm/48267/20261008T184031Z-1f69d3335d.json.gz
2021-02-16,54.23,45.77,8.01,0.0,0.0,0.0,2021-02-16,2021-02-22,1,data/captures/usdm/48267/20261008T184031Z-1f69d3335d.json.gz
2021-02-23,55.87,44.13,8.01,0.0,0.0,0.0,2021-02-23,2021-03-01,1,data/captures/usdm/48267/20261008T184031Z-1f69d3335d.json.gz
2021-03-02,57.4,42.6,8.01,0.0,0.0,0.0,2021-03-02,2021-03-08,1,data/captures/usdm/48267/20261008T184031Z-1f69d3335d.json.gz
2021-03-09,57.4,42.6,8.01,0.0,0.0,0.0,2021-03-09,2021-03-15,1,data/captures/usdm/48267/20261008T184031Z-1f69d3335d.json.gz
2021-03-16,58.55,41.45,5.68,0.0,0.0,0.0,2021-03-16,2021-03-22,1,data/captures/usdm/48267/20261008T184031Z-1f69d3335d.json.gz
2021-03-23,58.05,41.95,6.21,0.0,0.0,0.0,2021-03-23,2021-03-29,1,data/captures/usdm/48267/20261008T184031Z-1f69d3335d.json.gz
2021-03-30,60.33,39.67,6.21,0.0,0.0,0.0,2021-03-30,2021-04-05,1,data/captures/usdm/48267/20261008T184031Z-1f69d3335d.json.gz
2021-04-06,54.63,45.37,6.21,0.0,0.0,0.0,2021-04-06,2021-04-12,1,data/captures/usdm/48267/20261008T184031Z-1f69d3335d.json.gz
2021-04-13,37.69,62.31,6.21,0.0,0.0,0.0,2021-04-13,2021-04-19,1,data/captures/usdm/48267/20261008T184031Z-1f69d3335d.json.gz
2021-04-20,43.31,56.69,14.79,0.0,0.0,0.0,2021-04-20,2021-04-26,1,data/captures/usdm/48267/20261008T184031Z-1f69d3335d.json.gz
2021-04-27,43.31,56.69,30.14,0.32,0.0,0.0,2021-04-27,2021-05-03,1,data/captures/usdm/48267/20261008T184031Z-1f69d3335d.json.gz
2021-05-04,81.51,18.49,9.24,0.0,0.0,0.0,2021-05-04,2021-05-10,1,data/captures/usdm/48267/20261008T184031Z-1f69d3335d.json.gz
2021-05-11,81.51,18.49,8.78,0.0,0.0,0.0,2021-05-11,2021-05-17,1,data/captures/usdm/48267/20261008T184031Z-1f69d3335d.json.gz
2021-05-18,81.51,18.49,8.78,0.0,0.0,0.0,2021-05-18,2021-05-24,1,data/captures/usdm/48267/20261008T184031Z-1f69d3335d.json.gz
2021-05-25,51.0,49.0,8.78,0.0,0.0,0.0,2021-05-25,2021-05-31,1,data/captures/usdm/48267/20261008T184031Z-1f69d3335d.json.gz
2021-06-01,89.51,10.49,0.0,0.0,0.0,0.0,2021-06-01,2021-06-07,1,data/captures/usdm/48267/20261008T184031Z-1f69d3335d.json.gz
2021-06-08,89.51,10.49,0.0,0.0,0.0,0.0,2021-06-08,2021-06-14,1,data/captures/usdm/48267/20261008T184031Z-1f69d3335d.json.gz
2021-06-15,89.51,10.49,0.0,0.0,0.0,0.0,2021-06-15,2021-06-21,1,data/captures/usdm/48267/20261008T184031Z-1f69d3335d.json.gz
2021-06-22,89.51,10.49,0.0,0.0,0.0,0.0,2021-06-22,2021-06-28,1,data/captures/usdm/48267/20261008T184031Z-1f69d3335d.json.gz
2021-06-29,82.48,17.52,0.0,0.0,0.0,0.0,2021-06-29,2021-07-05,1,data/captures/usdm/48267/20261008T184031Z-1f69d3335d.json.gz
2021-07-06,82.48,17.52,0.0,0.0,0.0,0.0,2021-07-06,2021-07-12,1,data/captures/usdm/48267/20261008T184031Z-1f69d3335d.json.gz
2021-07-13,82.48,17.52,0.0,0.0,0.0,0.0,2021-07-13,2021-07-19,1,data/captures/usdm/48267/20261008T184031Z-1f69d3335d.json.gz
2021-07-20,82.48,17.52,0.0,0.0,0.0,0.0,2021-07-20,2021-07-26,1,data/captures/usdm/48267/20261008T184031Z-1f69d3335d.json.gz
2021-07-27,82.48,17.52,0.0,0.0,0.0,0.0,2021-07-27,2021-08-02,1,data/captures/usdm/48267/20261008T184031Z-1f69d3335d.json.gz
2021-08-03,100.0,0.0,0.0,0.0,0.0,0.0,2021-08-03,2021-08-09,1,data/captures/usdm/48267/20261008T184031Z-1f69d3335d.json.gz
2021-08-10,100.0,0.0,0.0,0.0,0.0,0.0,2021-08-10,2021-08-16,1,data/captures/usdm/48267/20261008T184031Z-1f69d3335d.json.gz
2021-08-17,100.0,0.0,0.0,0.0,0.0,0.0,2021-08-17,2021-08-23,1,data/captures/usdm/48267/20261008T184031Z-1f69d3335d.json.gz
2021-08-24,100.0,0.0,0.0,0.0,0.0,0.0,2021-08-24,2021-08-30,1,data/captures/usdm/48267/20261008T184031Z-1f69d3335d.json.gz
2021-08-31,100.0,0.0,0.0,0.0,0.0,0.0,2021-08-31,2021-09-06,1,data/captures/usdm/48267/20261008T184031Z-1f69d3335d.json.gz
2021-09-07,100.0,0.0,0.0,0.0,0.0,0.0,2021-09-07,2021-09-13,1,data/captures/usdm/48267/20261008T184031Z-1f69d3335d.json.gz
2021-09-14,100.0,0.0,0.0,0.0,0.0,0.0,2021-09-14,2021-09-20,1,data/captures/usdm/48267/20261008T184031Z-1f69d3335d.json.gz
2021-09-21,100.0,0.0,0.0,0.0,0.0,0.0,2021-09-21,2021-09-27,1,data/captures/usdm/48267/20261008T184031Z-1f69d3335d.json.gz
2021-09-28,100.0,0.0,0.0,0.0,0.0,0.0,2021-09-28,2021-10-04,1,data/captures/usdm/48267/20261008T184031Z-1f69d3335d.json.gz
2021-10-05,100.0,0.0,0.0,0.0,0.0,0.0,2021-10-05,2021-10-11,1,data/captures/usdm/48267/20261008T184031Z-1f69d3335d.json.gz
2021-10-12,100.0,0.0,0.0,0.0,0.0,0.0,2021-10-12,2021-10-18,1,data/captures/usdm/48267/20261008T184031Z-1f69d3335d.json.gz
2021-10-19,100.0,0.0,0.0,0.0,0.0,0.0,2021-10-19,2021-10-25,1,data/captures/usdm/48267/20261008T184031Z-1f69d3335d.json.gz
2021-10-26,100.0,0.0,0.0,0.0,0.0,0.0,2021-10-26,2021-11-01,1,data/captures/usdm/48267/20261008T184031Z-1f69d3335d.json.gz
2021-11-02,100.0,0.0,0.0,0.0,0.0,0.0,2021-11-02,2021-11-08,1,data/captures/usdm/48267/20261008T184031Z-1f69d3335d.json.gz
2021-11-09,100.0,0.0,0.0,0.0,0.0,0.0,2021-11-09,2021-11-15,1,data/captures/usdm/48267/20261008T184031Z-1f69d3335d.json.gz
2021-11-16,100.0,0.0,0.0,0.0,0.0,0.0,2021-11-16,2021-11-22,1,data/captures/usdm/48267/20261008T184031Z-1f69d3335d.json.gz
2021-11-23,100.0,0.0,0.0,0.0,0.0,0.0,2021-11-23,2021-11-29,1,data/captures/usdm/48267/20261008T184031Z-1f69d3335d.json.gz
2021-11-30,32.4,67.6,0.0,0.0,0.0,0.0,2021-11-30,2021-12-06,1,data/captures/usdm/48267/20261008T184031Z-1f69d3335d.json.gz
2021-12-07,0.06,99.94,0.0,0.0,0.0,0.0,2021-12-07,2021-12-13,1,data/captures/usdm/48267/20261008T184031Z-1f69d3335d.json.gz
2021-12-14,0.0,100.0,0.0,0.0,0.0,0.0,2021-12-14,2021-12-20,1,data/captures/usdm/48267/20261008T184031Z-1f69d3335d.json.gz
2021-12-21,0.0,100.0,99.01,0.0,0.0,0.0,2021-12-21,2021-12-27,1,data/captures/usdm/48267/20261008T184031Z-1f69d3335d.json.gz
2021-12-28,0.0,100.0,99.56,0.0,0.0,0.0,2021-12-28,2022-01-03,1,data/captures/usdm/48267/20261008T184031Z-1f69d3335d.json.gz
2022-01-04,0.0,100.0,100.0,57.89,0.0,0.0,2022-01-04,2022-01-10,1,data/captures/usdm/48267/20261008T184031Z-1f69d3335d.json.gz
2022-01-11,0.0,100.0,100.0,98.02,0.0,0.0,2022-01-11,2022-01-17,1,data/captures/usdm/48267/20261008T184031Z-1f69d3335d.json.gz
2022-01-18,0.0,100.0,100.0,98.02,0.0,0.0,2022-01-18,2022-01-24,1,data/captures/usdm/48267/20261008T184031Z-1f69d3335d.json.gz
2022-01-25,0.0,100.0,100.0,98.02,0.0,0.0,2022-01-25,2022-01-31,1,data/captures/usdm/48267/20261008T184031Z-1f69d3335d.json.gz
2022-02-01,0.0,100.0,100.0,98.02,0.0,0.0,2022-02-01,2022-02-07,1,data/captures/usdm/48267/20261008T184031Z-1f69d3335d.json.gz
2022-02-08,0.0,100.0,98.02,0.0,0.0,0.0,2022-02-08,2022-02-14,1,data/captures/usdm/48267/20261008T184031Z-1f69d3335d.json.gz
2022-02-15,0.0,100.0,97.58,0.0,0.0,0.0,2022-02-15,2022-02-21,1,data/captures/usdm/48267/20261008T184031Z-1f69d3335d.json.gz
2022-02-22,0.0,100.0,97.58,0.0,0.0,0.0,2022-02-22,2022-02-28,1,data/captures/usdm/48267/20261008T184031Z-1f69d3335d.json.gz
2022-03-01,0.0,100.0,99.56,0.0,0.0,0.0,2022-03-01,2022-03-07,1,data/captures/usdm/48267/20261008T184031Z-1f69d3335d.json.gz
2022-03-08,0.0,100.0,100.0,34.63,0.0,0.0,2022-03-08,2022-03-14,1,data/captures/usdm/48267/20261008T184031Z-1f69d3335d.json.gz
2022-03-15,0.0,100.0,100.0,34.63,0.0,0.0,2022-03-15,2022-03-21,1,data/captures/usdm/48267/20261008T184031Z-1f69d3335d.json.gz
2022-03-22,0.0,100.0,100.0,100.0,0.0,0.0,2022-03-22,2022-03-28,1,data/captures/usdm/48267/20261008T184031Z-1f69d3335d.json.gz
2022-03-29,0.0,100.0,100.0,100.0,0.0,0.0,2022-03-29,2022-04-04,1,data/captures/usdm/48267/20261008T184031Z-1f69d3335d.json.gz
2022-04-05,0.0,100.0,100.0,100.0,31.2,0.0,2022-04-05,2022-04-11,1,data/captures/usdm/48267/20261008T184031Z-1f69d3335d.json.gz
2022-04-12,0.0,100.0,100.0,100.0,88.43,0.0,2022-04-12,2022-04-18,1,data/captures/usdm/48267/20261008T184031Z-1f69d3335d.json.gz
2022-04-19,0.0,100.0,100.0,100.0,100.0,0.0,2022-04-19,2022-04-25,1,data/captures/usdm/48267/20261008T184031Z-1f69d3335d.json.gz
2022-04-26,0.0,100.0,100.0,100.0,49.75,0.0,2022-04-26,2022-05-02,1,data/captures/usdm/48267/20261008T184031Z-1f69d3335d.json.gz
2022-05-03,0.0,100.0,100.0,100.0,47.62,0.0,2022-05-03,2022-05-09,1,data/captures/usdm/48267/20261008T184031Z-1f69d3335d.json.gz
2022-05-10,0.0,100.0,100.0,100.0,47.62,0.0,2022-05-10,2022-05-16,1,data/captures/usdm/48267/20261008T184031Z-1f69d3335d.json.gz
2022-05-17,0.0,100.0,100.0,100.0,92.0,0.0,2022-05-17,2022-05-23,1,data/captures/usdm/48267/20261008T184031Z-1f69d3335d.json.gz
2022-05-24,0.0,100.0,100.0,100.0,92.0,0.0,2022-05-24,2022-05-30,1,data/captures/usdm/48267/20261008T184031Z-1f69d3335d.json.gz
2022-05-31,0.0,100.0,100.0,100.0,92.0,0.0,2022-05-31,2022-06-06,1,data/captures/usdm/48267/20261008T184031Z-1f69d3335d.json.gz
2022-06-07,0.0,100.0,100.0,100.0,100.0,26.63,2022-06-07,2022-06-13,1,data/captures/usdm/48267/20261008T184031Z-1f69d3335d.json.gz
2022-06-14,0.0,100.0,100.0,100.0,100.0,26.63,2022-06-14,2022-06-20,1,data/captures/usdm/48267/20261008T184031Z-1f69d3335d.json.gz
2022-06-21,0.0,100.0,100.0,100.0,100.0,26.63,2022-06-21,2022-06-27,1,data/captures/usdm/48267/20261008T184031Z-1f69d3335d.json.gz
2022-06-28,0.0,100.0,100.0,100.0,100.0,26.63,2022-06-28,2022-07-04,1,data/captures/usdm/48267/20261008T184031Z-1f69d3335d.json.gz
2022-07-05,0.0,100.0,100.0,100.0,100.0,26.63,2022-07-05,2022-07-11,1,data/captures/usdm/48267/20261008T184031Z-1f69d3335d.json.gz
2022-07-12,0.0,100.0,100.0,100.0,100.0,26.63,2022-07-12,2022-07-18,1,data/captures/usdm/48267/20261008T184031Z-1f69d3335d.json.gz
2022-07-19,0.0,100.0,100.0,100.0,95.16,17.14,2022-07-19,2022-07-25,1,data/captures/usdm/48267/20261008T184031Z-1f69d3335d.json.gz
2022-07-26,0.0,100.0,100.0,100.0,95.16,17.14,2022-07-26,2022-08-01,1,data/captures/usdm/48267/20261008T184031Z-1f69d3335d.json.gz
2022-08-02,0.0,100.0,100.0,100.0,100.0,64.93,2022-08-02,2022-08-08,1,data/captures/usdm/48267/20261008T184031Z-1f69d3335d.json.gz
2022-08-09,0.0,100.0,100.0,100.0,100.0,64.93,2022-08-09,2022-08-15,1,data/captures/usdm/48267/20261008T184031Z-1f69d3335d.json.gz
2022-08-16,0.0,100.0,100.0,100.0,100.0,64.93,2022-08-16,2022-08-22,1,data/captures/usdm/48267/20261008T184031Z-1f69d3335d.json.gz
2022-08-23,0.0,100.0,100.0,100.0,99.98,0.0,2022-08-23,2022-08-29,1,data/captures/usdm/48267/20261008T184031Z-1f69d3335d.json.gz
2022-08-30,0.0,100.0,100.0,100.0,46.6,0.0,2022-08-30,2022-09-05,1,data/captures/usdm/48267/20261008T184031Z-1f69d3335d.json.gz
2022-09-06,0.0,100.0,100.0,67.66,0.0,0.0,2022-09-06,2022-09-12,1,data/captures/usdm/48267/20261008T184031Z-1f69d3335d.json.gz
2022-09-13,0.0,100.0,100.0,67.25,0.0,0.0,2022-09-13,2022-09-19,1,data/captures/usdm/48267/20261008T184031Z-1f69d3335d.json.gz
2022-09-20,0.0,100.0,100.0,67.25,0.0,0.0,2022-09-20,2022-09-26,1,data/captures/usdm/48267/20261008T184031Z-1f69d3335d.json.gz
2022-09-27,0.0,100.0,100.0,66.9,0.0,0.0,2022-09-27,2022-10-03,1,data/captures/usdm/48267/20261008T184031Z-1f69d3335d.json.gz
2022-10-04,0.0,100.0,100.0,68.18,0.0,0.0,2022-10-04,2022-10-10,1,data/captures/usdm/48267/20261008T184031Z-1f69d3335d.json.gz
2022-10-11,0.0,100.0,100.0,68.1,0.0,0.0,2022-10-11,2022-10-17,1,data/captures/usdm/48267/20261008T184031Z-1f69d3335d.json.gz
2022-10-18,0.0,100.0,100.0,68.06,0.0,0.0,2022-10-18,2022-10-24,1,data/captures/usdm/48267/20261008T184031Z-1f69d3335d.json.gz
2022-10-25,0.0,100.0,100.0,68.06,0.0,0.0,2022-10-25,2022-10-31,1,data/captures/usdm/48267/20261008T184031Z-1f69d3335d.json.gz
2022-11-01,0.0,100.0,100.0,68.06,0.0,0.0,2022-11-01,2022-11-07,1,data/captures/usdm/48267/20261008T184031Z-1f69d3335d.json.gz
2022-11-08,0.0,100.0,100.0,68.36,0.26,0.0,2022-11-08,2022-11-14,1,data/captures/usdm/48267/20261008T184031Z-1f69d3335d.json.gz
2022-11-15,0.0,100.0,100.0,68.36,3.07,0.0,2022-11-15,2022-11-21,1,data/captures/usdm/48267/20261008T184031Z-1f69d3335d.json.gz
2022-11-22,0.0,100.0,100.0,68.36,3.13,0.0,2022-11-22,2022-11-28,1,data/captures/usdm/48267/20261008T184031Z-1f69d3335d.json.gz
2022-11-29,0.0,100.0,100.0,3.28,0.0,0.0,2022-11-29,2022-12-05,1,data/captures/usdm/48267/20261008T184031Z-1f69d3335d.json.gz
2022-12-06,0.0,100.0,100.0,3.28,0.0,0.0,2022-12-06,2022-12-12,1,data/captures/usdm/48267/20261008T184031Z-1f69d3335d.json.gz
2022-12-13,0.0,100.0,100.0,3.28,0.0,0.0,2022-12-13,2022-12-19,1,data/captures/usdm/48267/20261008T184031Z-1f69d3335d.json.gz
2022-12-20,0.0,100.0,100.0,3.28,0.0,0.0,2022-12-20,2022-12-26,1,data/captures/usdm/48267/20261008T184031Z-1f69d3335d.json.gz
2022-12-27,0.0,100.0,100.0,3.28,0.0,0.0,2022-12-27,2023-01-02,1,data/captures/usdm/48267/20261008T184031Z-1f69d3335d.json.gz
2023-01-03,0.0,100.0,100.0,15.52,0.0,0.0,2023-01-03,2023-01-09,1,data/captures/usdm/48267/20261008T184031Z-1f69d3335d.json.gz
2023-01-10,0.0,100.0,100.0,15.15,0.0,0.0,2023-01-10,2023-01-16,1,data/captures/usdm/48267/20261008T184031Z-1f69d3335d.json.gz
2023-01-17,0.0,100.0,100.0,15.15,0.0,0.0,2023-01-17,2023-01-23,1,data/captures/usdm/48267/20261008T184031Z-1f69d3335d.json.gz
2023-01-24,0.0,100.0,100.0,15.15,0.0,0.0,2023-01-24,2023-01-30,1,data/captures/usdm/48267/20261008T184031Z-1f69d3335d.json.gz
2023-01-31,0.0,100.0,100.0,39.71,0.0,0.0,2023-01-31,2023-02-06,1,data/captures/usdm/48267/20261008T184031Z-1f69d3335d.json.gz
2023-02-07,0.0,100.0,100.0,39.71,0.0,0.0,2023-02-07,2023-02-13,1,data/captures/usdm/48267/20261008T184031Z-1f69d3335d.json.gz
2023-02-14,0.0,100.0,100.0,82.31,0.0,0.0,2023-02-14,2023-02-20,1,data/captures/usdm/48267/20261008T184031Z-1f69d3335d.json.gz
2023-02-21,0.0,100.0,100.0,82.31,0.0,0.0,2023-02-21,2023-02-27,1,data/captures/usdm/48267/20261008T184031Z-1f69d3335d.json.gz
2023-02-28,0.0,100.0,100.0,99.85,14.94,0.0,2023-02-28,2023-03-06,1,data/captures/usdm/48267/20261008T184031Z-1f69d3335d.json.gz
2023-03-07,0.0,100.0,100.0,99.85,14.94,0.0,2023-03-07,2023-03-13,1,data/captures/usdm/48267/20261008T184031Z-1f69d3335d.json.gz
2023-03-14,0.0,100.0,100.0,100.0,14.92,0.0,2023-03-14,2023-03-20,1,data/captures/usdm/48267/20261008T184031Z-1f69d3335d.json.gz
2023-03-21,0.0,100.0,100.0,100.0,14.92,0.05,2023-03-21,2023-03-27,1,data/captures/usdm/48267/20261008T184031Z-1f69d3335d.json.gz
2023-03-28,0.0,100.0,100.0,100.0,56.36,0.05,2023-03-28,2023-04-03,1,data/captures/usdm/48267/20261008T184031Z-1f69d3335d.json.gz
2023-04-04,0.0,100.0,100.0,100.0,56.36,0.05,2023-04-04,2023-04-10,1,data/captures/usdm/48267/20261008T184031Z-1f69d3335d.json.gz
2023-04-11,0.0,100.0,100.0,100.0,56.27,0.05,2023-04-11,2023-04-17,1,data/captures/usdm/48267/20261008T184031Z-1f69d3335d.json.gz
2023-04-18,0.0,100.0,100.0,100.0,56.27,0.05,2023-04-18,2023-04-24,1,data/captures/usdm/48267/20261008T184031Z-1f69d3335d.json.gz
2023-04-25,0.0,100.0,100.0,100.0,56.27,0.0,2023-04-25,2023-05-01,1,data/captures/usdm/48267/20261008T184031Z-1f69d3335d.json.gz
2023-05-02,0.0,100.0,100.0,100.0,56.27,0.0,2023-05-02,2023-05-08,1,data/captures/usdm/48267/20261008T184031Z-1f69d3335d.json.gz
2023-05-09,0.0,100.0,100.0,100.0,22.27,0.0,2023-05-09,2023-05-15,1,data/captures/usdm/48267/20261008T184031Z-1f69d3335d.json.gz
2023-05-16,0.0,100.0,100.0,70.79,5.44,0.0,2023-05-16,2023-05-22,1,data/captures/usdm/48267/20261008T184031Z-1f69d3335d.json.gz
2023-05-23,0.0,100.0,100.0,68.16,5.44,0.0,2023-05-23,2023-05-29,1,data/captures/usdm/48267/20261008T184031Z-1f69d3335d.json.gz
2023-05-30,0.0,100.0,98.22,68.16,5.44,0.0,2023-05-30,2023-06-05,1,data/captures/usdm/48267/20261008T184031Z-1f69d3335d.json.gz
2023-06-06,0.0,100.0,98.07,68.16,5.44,0.0,2023-06-06,2023-06-12,1,data/captures/usdm/48267/20261008T184031Z-1f69d3335d.json.gz
2023-06-13,0.0,100.0,98.07,68.16,5.44,0.0,2023-06-13,2023-06-19,1,data/captures/usdm/48267/20261008T184031Z-1f69d3335d.json.gz
2023-06-20,0.0,100.0,98.07,68.16,5.44,0.0,2023-06-20,2023-06-26,1,data/captures/usdm/48267/20261008T184031Z-1f69d3335d.json.gz
2023-06-27,0.0,100.0,100.0,86.87,5.44,0.0,2023-06-27,2023-07-03,1,data/captures/usdm/48267/20261008T184031Z-1f69d3335d.json.gz
2023-07-04,0.0,100.0,100.0,86.87,5.44,0.0,2023-07-04,2023-07-10,1,data/captures/usdm/48267/20261008T184031Z-1f69d3335d.json.gz
2023-07-11,0.0,100.0,100.0,86.87,5.44,0.0,2023-07-11,2023-07-17,1,data/captures/usdm/48267/20261008T184031Z-1f69d3335d.json.gz
2023-07-18,0.0,100.0,100.0,98.69,59.7,1.56,2023-07-18,2023-07-24,1,data/captures/usdm/48267/20261008T184031Z-1f69d3335d.json.gz
2023-07-25,0.0,100.0,100.0,98.69,59.7,1.56,2023-07-25,2023-07-31,1,data/captures/usdm/48267/20261008T184031Z-1f69d3335d.json.gz
2023-08-01,0.0,100.0,100.0,98.69,59.7,1.56,2023-08-01,2023-08-07,1,data/captures/usdm/48267/20261008T184031Z-1f69d3335d.json.gz
2023-08-08,0.0,100.0,100.0,99.97,69.7,17.6,2023-08-08,2023-08-14,1,data/captures/usdm/48267/20261008T184031Z-1f69d3335d.json.gz
2023-08-15,0.0,100.0,100.0,100.0,69.7,17.6,2023-08-15,2023-08-21,1,data/captures/usdm/48267/20261008T184031Z-1f69d3335d.json.gz
2023-08-22,0.0,100.0,100.0,100.0,100.0,65.13,2023-08-22,2023-08-28,1,data/captures/usdm/48267/20261008T184031Z-1f69d3335d.json.gz
2023-08-29,0.0,100.0,100.0,100.0,100.0,65.13,2023-08-29,2023-09-04,1,data/captures/usdm/48267/20261008T184031Z-1f69d3335d.json.gz
2023-09-05,0.0,100.0,100.0,100.0,100.0,65.13,2023-09-05,2023-09-11,1,data/captures/usdm/48267/20261008T184031Z-1f69d3335d.json.gz
2023-09-12,0.0,100.0,100.0,100.0,100.0,65.13,2023-09-12,2023-09-18,1,data/captures/usdm/48267/20261008T184031Z-1f69d3335d.json.gz
2023-09-19,0.0,100.0,100.0,100.0,94.4,21.55,2023-09-19,2023-09-25,1,data/captures/usdm/48267/20261008T184031Z-1f69d3335d.json.gz
2023-09-26,0.0,100.0,100.0,100.0,31.03,0.0,2023-09-26,2023-10-02,1,data/captures/usdm/48267/20261008T184031Z-1f69d3335d.json.gz
2023-10-03,0.0,100.0,100.0,100.0,31.03,0.0,2023-10-03,2023-10-09,1,data/captures/usdm/48267/20261008T184031Z-1f69d3335d.json.gz
2023-10-10,0.0,100.0,100.0,100.0,31.72,0.0,2023-10-10,2023-10-16,1,data/captures/usdm/48267/20261008T184031Z-1f69d3335d.json.gz
2023-10-17,0.0,100.0,100.0,100.0,31.72,0.0,2023-10-17,2023-10-23,1,data/captures/usdm/48267/20261008T184031Z-1f69d3335d.json.gz
2023-10-24,0.0,100.0,100.0,100.0,31.72,0.0,2023-10-24,2023-10-30,1,data/captures/usdm/48267/20261008T184031Z-1f69d3335d.json.gz
2023-10-31,0.0,100.0,100.0,32.32,0.0,0.0,2023-10-31,2023-11-06,1,data/captures/usdm/48267/20261008T184031Z-1f69d3335d.json.gz
2023-11-07,0.0,100.0,100.0,32.35,0.0,0.0,2023-11-07,2023-11-13,1,data/captures/usdm/48267/20261008T184031Z-1f69d3335d.json.gz
2023-11-14,0.0,100.0,100.0,32.26,0.0,0.0,2023-11-14,2023-11-20,1,data/captures/usdm/48267/20261008T184031Z-1f69d3335d.json.gz
2023-11-21,0.0,100.0,71.52,0.14,0.0,0.0,2023-11-21,2023-11-27,1,data/captures/usdm/48267/20261008T184031Z-1f69d3335d.json.gz
2023-11-28,0.17,99.83,70.95,0.14,0.0,0.0,2023-11-28,2023-12-04,1,data/captures/usdm/48267/20261008T184031Z-1f69d3335d.json.gz
2023-12-05,0.17,99.83,70.47,0.14,0.0,0.0,2023-12-05,2023-12-11,1,data/captures/usdm/48267/20261008T184031Z-1f69d3335d.json.gz
2023-12-12,0.17,99.83,70.47,0.14,0.0,0.0,2023-12-12,2023-12-18,1,data/captures/usdm/48267/20261008T184031Z-1f69d3335d.json.gz
2023-12-19,0.17,99.83,70.97,0.14,0.0,0.0,2023-12-19,2023-12-25,1,data/captures/usdm/48267/20261008T184031Z-1f69d3335d.json.gz
2023-12-26,0.18,99.82,18.26,0.14,0.0,0.0,2023-12-26,2024-01-01,1,data/captures/usdm/48267/20261008T184031Z-1f69d3335d.json.gz
2024-01-02,0.18,99.82,18.26,0.14,0.0,0.0,2024-01-02,2024-01-08,1,data/captures/usdm/48267/20261008T184031Z-1f69d3335d.json.gz
2024-01-09,0.18,99.82,18.26,0.14,0.0,0.0,2024-01-09,2024-01-15,1,data/captures/usdm/48267/20261008T184031Z-1f69d3335d.json.gz
2024-01-16,0.18,99.82,18.26,0.14,0.0,0.0,2024-01-16,2024-01-22,1,data/captures/usdm/48267/20261008T184031Z-1f69d3335d.json.gz
2024-01-23,0.56,99.44,18.26,0.14,0.0,0.0,2024-01-23,2024-01-29,1,data/captures/usdm/48267/20261008T184031Z-1f69d3335d.json.gz
2024-01-30,0.56,99.44,18.26,6.99,0.0,0.0,2024-01-30,2024-02-05,1,data/captures/usdm/48267/20261008T184031Z-1f69d3335d.json.gz
2024-02-06,0.56,99.44,18.26,6.99,0.0,0.0,2024-02-06,2024-02-12,1,data/captures/usdm/48267/20261008T184031Z-1f69d3335d.json.gz
2024-02-13,0.02,99.98,18.2,6.99,0.0,0.0,2024-02-13,2024-02-19,1,data/captures/usdm/48267/20261008T184031Z-1f69d3335d.json.gz
2024-02-20,0.0,100.0,18.2,6.99,0.0,0.0,2024-02-20,2024-02-26,1,data/captures/usdm/48267/20261008T184031Z-1f69d3335d.json.gz
2024-02-27,0.0,100.0,18.2,6.99,0.0,0.0,2024-02-27,2024-03-04,1,data/captures/usdm/48267/20261008T184031Z-1f69d3335d.json.gz
2024-03-05,0.0,100.0,18.2,6.99,0.0,0.0,2024-03-05,2024-03-11,1,data/captures/usdm/48267/20261008T184031Z-1f69d3335d.json.gz
2024-03-12,0.0,100.0,18.5,6.99,0.0,0.0,2024-03-12,2024-03-18,1,data/captures/usdm/48267/20261008T184031Z-1f69d3335d.json.gz
2024-03-19,0.0,100.0,18.5,6.99,0.0,0.0,2024-03-19,2024-03-25,1,data/captures/usdm/48267/20261008T184031Z-1f69d3335d.json.gz
2024-03-26,0.0,100.0,18.5,6.99,0.0,0.0,2024-03-26,2024-04-01,1,data/captures/usdm/48267/20261008T184031Z-1f69d3335d.json.gz
2024-04-02,0.0,100.0,18.5,6.99,0.0,0.0,2024-04-02,2024-04-08,1,data/captures/usdm/48267/20261008T184031Z-1f69d3335d.json.gz
2024-04-09,0.0,100.0,18.5,6.99,0.0,0.0,2024-04-09,2024-04-15,1,data/captures/usdm/48267/20261008T184031Z-1f69d3335d.json.gz
2024-04-16,0.0,100.0,18.5,6.82,0.0,0.0,2024-04-16,2024-04-22,1,data/captures/usdm/48267/20261008T184031Z-1f69d3335d.json.gz
2024-04-23,0.0,100.0,18.5,6.82,0.0,0.0,2024-04-23,2024-04-29,1,data/captures/usdm/48267/20261008T184031Z-1f69d3335d.json.gz
2024-04-30,0.0,100.0,18.5,6.82,0.0,0.0,2024-04-30,2024-05-06,1,data/captures/usdm/48267/20261008T184031Z-1f69d3335d.json.gz
2024-05-07,0.0,100.0,16.39,6.82,0.0,0.0,2024-05-07,2024-05-13,1,data/captures/usdm/48267/20261008T184031Z-1f69d3335d.json.gz
2024-05-14,0.1,99.9,16.39,6.82,0.0,0.0,2024-05-14,2024-05-20,1,data/captures/usdm/48267/20261008T184031Z-1f69d3335d.json.gz
2024-05-21,14.74,85.26,26.96,6.82,0.0,0.0,2024-05-21,2024-05-27,1,data/captures/usdm/48267/20261008T184031Z-1f69d3335d.json.gz
2024-05-28,14.74,85.26,26.96,6.82,0.0,0.0,2024-05-28,2024-06-03,1,data/captures/usdm/48267/20261008T184031Z-1f69d3335d.json.gz
2024-06-04,14.74,85.26,6.82,0.0,0.0,0.0,2024-06-04,2024-06-10,1,data/captures/usdm/48267/20261008T184031Z-1f69d3335d.json.gz
2024-06-11,41.08,58.92,3.35,0.0,0.0,0.0,2024-06-11,2024-06-17,1,data/captures/usdm/48267/20261008T184031Z-1f69d3335d.json.gz
2024-06-18,41.08,58.92,3.35,0.0,0.0,0.0,2024-06-18,2024-06-24,1,data/captures/usdm/48267/20261008T184031Z-1f69d3335d.json.gz
2024-06-25,41.08,58.92,3.35,0.0,0.0,0.0,2024-06-25,2024-07-01,1,data/captures/usdm/48267/20261008T184031Z-1f69d3335d.json.gz
2024-07-02,41.08,58.92,3.35,0.0,0.0,0.0,2024-07-02,2024-07-08,1,data/captures/usdm/48267/20261008T184031Z-1f69d3335d.json.gz
2024-07-09,41.07,58.93,3.35,0.0,0.0,0.0,2024-07-09,2024-07-15,1,data/captures/usdm/48267/20261008T184031Z-1f69d3335d.json.gz
2024-07-16,41.37,58.63,3.35,0.0,0.0,0.0,2024-07-16,2024-07-22,1,data/captures/usdm/48267/20261008T184031Z-1f69d3335d.json.gz
2024-07-23,93.79,6.21,0.0,0.0,0.0,0.0,2024-07-23,2024-07-29,1,data/captures/usdm/48267/20261008T184031Z-1f69d3335d.json.gz
2024-07-30,99.45,0.55,0.0,0.0,0.0,0.0,2024-07-30,2024-08-05,1,data/captures/usdm/48267/20261008T184031Z-1f69d3335d.json.gz
2024-08-06,99.67,0.33,0.0,0.0,0.0,0.0,2024-08-06,2024-08-12,1,data/captures/usdm/48267/20261008T184031Z-1f69d3335d.json.gz
2024-08-13,99.59,0.41,0.0,0.0,0.0,0.0,2024-08-13,2024-08-19,1,data/captures/usdm/48267/20261008T184031Z-1f69d3335d.json.gz
2024-08-20,99.44,0.56,0.0,0.0,0.0,0.0,2024-08-20,2024-08-26,1,data/captures/usdm/48267/20261008T184031Z-1f69d3335d.json.gz
2024-08-27,0.0,100.0,0.0,0.0,0.0,0.0,2024-08-27,2024-09-02,1,data/captures/usdm/48267/20261008T184031Z-1f69d3335d.json.gz
2024-09-03,99.38,0.62,0.0,0.0,0.0,0.0,2024-09-03,2024-09-09,1,data/captures/usdm/48267/20261008T184031Z-1f69d3335d.json.gz
2024-09-10,99.4,0.6,0.0,0.0,0.0,0.0,2024-09-10,2024-09-16,1,data/captures/usdm/48267/20261008T184031Z-1f69d3335d.json.gz
2024-09-17,99.4,0.6,0.0,0.0,0.0,0.0,2024-09-17,2024-09-23,1,data/captures/usdm/48267/20261008T184031Z-1f69d3335d.json.gz
2024-09-24,99.4,0.6,0.0,0.0,0.0,0.0,2024-09-24,2024-09-30,1,data/captures/usdm/48267/20261008T184031Z-1f69d3335d.json.gz
2024-10-01,58.15,41.85,0.0,0.0,0.0,0.0,2024-10-01,2024-10-07,1,data/captures/usdm/48267/20261008T184031Z-1f69d3335d.json.gz
2024-10-08,0.0,100.0,0.0,0.0,0.0,0.0,2024-10-08,2024-10-14,1,data/captures/usdm/48267/20261008T184031Z-1f69d3335d.json.gz
2024-10-15,0.0,100.0,0.0,0.0,0.0,0.0,2024-10-15,2024-10-21,1,data/captures/usdm/48267/20261008T184031Z-1f69d3335d.json.gz
2024-10-22,0.0,100.0,41.44,0.0,0.0,0.0,2024-10-22,2024-10-28,1,data/captures/usdm/48267/20261008T184031Z-1f69d3335d.json.gz
2024-10-29,0.0,100.0,49.86,0.0,0.0,0.0,2024-10-29,2024-11-04,1,data/captures/usdm/48267/20261008T184031Z-1f69d3335d.json.gz
2024-11-05,0.0,100.0,49.76,0.0,0.0,0.0,2024-11-05,2024-11-11,1,data/captures/usdm/48267/20261008T184031Z-1f69d3335d.json.gz
2024-11-12,0.0,100.0,53.85,0.0,0.0,0.0,2024-11-12,2024-11-18,1,data/captures/usdm/48267/20261008T184031Z-1f69d3335d.json.gz
2024-11-19,0.0,100.0,53.61,0.0,0.0,0.0,2024-11-19,2024-11-25,1,data/captures/usdm/48267/20261008T184031Z-1f69d3335d.json.gz
2024-11-26,0.0,100.0,53.61,0.0,0.0,0.0,2024-11-26,2024-12-02,1,data/captures/usdm/48267/20261008T184031Z-1f69d3335d.json.gz
2024-12-03,0.0,100.0,53.61,0.0,0.0,0.0,2024-12-03,2024-12-09,1,data/captures/usdm/48267/20261008T184031Z-1f69d3335d.json.gz
2024-12-10,0.0,100.0,53.61,0.0,0.0,0.0,2024-12-10,2024-12-16,1,data/captures/usdm/48267/20261008T184031Z-1f69d3335d.json.gz
2024-12-17,0.0,100.0,53.61,0.0,0.0,0.0,2024-12-17,2024-12-23,1,data/captures/usdm/48267/20261008T184031Z-1f69d3335d.json.gz
2024-12-24,0.0,100.0,98.84,0.0,0.0,0.0,2024-12-24,2024-12-30,1,data/captures/usdm/48267/20261008T184031Z-1f69d3335d.json.gz
2024-12-31,0.0,100.0,98.84,0.0,0.0,0.0,2024-12-31,2025-01-06,1,data/captures/usdm/48267/20261008T184031Z-1f69d3335d.json.gz
2025-01-07,0.0,100.0,98.84,14.27,0.0,0.0,2025-01-07,2025-01-13,1,data/captures/usdm/48267/20261008T184031Z-1f69d3335d.json.gz
2025-01-14,0.0,100.0,98.84,14.27,0.0,0.0,2025-01-14,2025-01-20,1,data/captures/usdm/48267/20261008T184031Z-1f69d3335d.json.gz
2025-01-21,0.0,100.0,100.0,14.27,0.0,0.0,2025-01-21,2025-01-27,1,data/captures/usdm/48267/20261008T184031Z-1f69d3335d.json.gz
2025-01-28,0.0,100.0,100.0,14.27,0.0,0.0,2025-01-28,2025-02-03,1,data/captures/usdm/48267/20261008T184031Z-1f69d3335d.json.gz
2025-02-04,0.0,100.0,100.0,14.27,0.0,0.0,2025-02-04,2025-02-10,1,data/captures/usdm/48267/20261008T184031Z-1f69d3335d.json.gz
2025-02-11,0.0,100.0,100.0,14.27,0.0,0.0,2025-02-11,2025-02-17,1,data/captures/usdm/48267/20261008T184031Z-1f69d3335d.json.gz
2025-02-18,0.0,100.0,100.0,14.27,0.0,0.0,2025-02-18,2025-02-24,1,data/captures/usdm/48267/20261008T184031Z-1f69d3335d.json.gz
2025-02-25,0.0,100.0,100.0,43.87,0.02,0.0,2025-02-25,2025-03-03,1,data/captures/usdm/48267/20261008T184031Z-1f69d3335d.json.gz
2025-03-04,0.0,100.0,100.0,43.87,0.02,0.0,2025-03-04,2025-03-10,1,data/captures/usdm/48267/20261008T184031Z-1f69d3335d.json.gz
2025-03-11,0.0,100.0,100.0,43.87,24.14,0.0,2025-03-11,2025-03-17,1,data/captures/usdm/48267/20261008T184031Z-1f69d3335d.json.gz
2025-03-18,0.0,100.0,100.0,100.0,27.28,0.92,2025-03-18,2025-03-24,1,data/captures/usdm/48267/20261008T184031Z-1f69d3335d.json.gz
2025-03-25,0.0,100.0,100.0,100.0,27.74,0.92,2025-03-25,2025-03-31,1,data/captures/usdm/48267/20261008T184031Z-1f69d3335d.json.gz
2025-04-01,0.0,100.0,100.0,100.0,100.0,0.92,2025-04-01,2025-04-07,1,data/captures/usdm/48267/20261008T184031Z-1f69d3335d.json.gz
2025-04-08,0.0,100.0,100.0,100.0,100.0,0.92,2025-04-08,2025-04-14,1,data/captures/usdm/48267/20261008T184031Z-1f69d3335d.json.gz
2025-04-15,0.0,100.0,100.0,100.0,100.0,0.92,2025-04-15,2025-04-21,1,data/captures/usdm/48267/20261008T184031Z-1f69d3335d.json.gz
2025-04-22,0.0,100.0,100.0,100.0,100.0,0.92,2025-04-22,2025-04-28,1,data/captures/usdm/48267/20261008T184031Z-1f69d3335d.json.gz
2025-04-29,0.0,100.0,100.0,100.0,62.74,0.92,2025-04-29,2025-05-05,1,data/captures/usdm/48267/20261008T184031Z-1f69d3335d.json.gz
2025-05-06,0.0,100.0,100.0,100.0,62.74,0.92,2025-05-06,2025-05-12,1,data/captures/usdm/48267/20261008T184031Z-1f69d3335d.json.gz
2025-05-13,0.0,100.0,100.0,100.0,62.74,0.92,2025-05-13,2025-05-19,1,data/captures/usdm/48267/20261008T184031Z-1f69d3335d.json.gz
2025-05-20,0.0,100.0,100.0,100.0,62.74,0.92,2025-05-20,2025-05-26,1,data/captures/usdm/48267/20261008T184031Z-1f69d3335d.json.gz
2025-05-27,0.0,100.0,100.0,86.02,55.52,0.92,2025-05-27,2025-06-02,1,data/captures/usdm/48267/20261008T184031Z-1f69d3335d.json.gz
2025-06-03,0.0,100.0,100.0,73.72,24.64,0.92,2025-06-03,2025-06-09,1,data/captures/usdm/48267/20261008T184031Z-1f69d3335d.json.gz
2025-06-10,0.0,100.0,100.0,45.43,5.9,0.0,2025-06-10,2025-06-16,1,data/captures/usdm/48267/20261008T184031Z-1f69d3335d.json.gz
2025-06-17,0.0,100.0,87.66,16.72,0.43,0.0,2025-06-17,2025-06-23,1,data/captures/usdm/48267/20261008T184031Z-1f69d3335d.json.gz
2025-06-24,0.0,100.0,87.66,16.72,0.43,0.0,2025-06-24,2025-06-30,1,data/captures/usdm/48267/20261008T184031Z-1f69d3335d.json.gz
2025-07-01,0.0,100.0,87.66,16.72,0.43,0.0,2025-07-01,2025-07-07,1,data/captures/usdm/48267/20261008T184031Z-1f69d3335d.json.gz
2025-07-08,72.33,27.67,0.0,0.0,0.0,0.0,2025-07-08,2025-07-14,1,data/captures/usdm/48267/20261008T184031Z-1f69d3335d.json.gz
2025-07-15,100.0,0.0,0.0,0.0,0.0,0.0,2025-07-15,2025-07-21,1,data/captures/usdm/48267/20261008T184031Z-1f69d3335d.json.gz
2025-07-22,100.0,0.0,0.0,0.0,0.0,0.0,2025-07-22,2025-07-28,1,data/captures/usdm/48267/20261008T184031Z-1f69d3335d.json.gz
2025-07-29,100.0,0.0,0.0,0.0,0.0,0.0,2025-07-29,2025-08-04,1,data/captures/usdm/48267/20261008T184031Z-1f69d3335d.json.gz
2025-08-05,100.0,0.0,0.0,0.0,0.0,0.0,2025-08-05,2025-08-11,1,data/captures/usdm/48267/20261008T184031Z-1f69d3335d.json.gz
2025-08-12,100.0,0.0,0.0,0.0,0.0,0.0,2025-08-12,2025-08-18,1,data/captures/usdm/48267/20261008T184031Z-1f69d3335d.json.gz
2025-08-19,100.0,0.0,0.0,0.0,0.0,0.0,2025-08-19,2025-08-25,1,data/captures/usdm/48267/20261008T184031Z-1f69d3335d.json.gz
2025-08-26,100.0,0.0,0.0,0.0,0.0,0.0,2025-08-26,2025-09-01,1,data/captures/usdm/48267/20261008T184031Z-1f69d3335d.json.gz
2025-09-02,100.0,0.0,0.0,0.0,0.0,0.0,2025-09-02,2025-09-08,1,data/captures/usdm/48267/20261008T184031Z-1f69d3335d.json.gz
2025-09-09,100.0,0.0,0.0,0.0,0.0,0.0,2025-09-09,2025-09-15,1,data/captures/usdm/48267/20261008T184031Z-1f69d3335d.json.gz
2025-09-16,100.0,0.0,0.0,0.0,0.0,0.0,2025-09-16,2025-09-22,1,data/captures/usdm/48267/20261008T184031Z-1f69d3335d.json.gz
2025-09-23,100.0,0.0,0.0,0.0,0.0,0.0,2025-09-23,2025-09-29,1,data/captures/usdm/48267/20261008T184031Z-1f69d3335d.json.gz
2025-09-30,100.0,0.0,0.0,0.0,0.0,0.0,2025-09-30,2025-10-06,1,data/captures/usdm/48267/20261008T184031Z-1f69d3335d.json.gz
2025-10-07,25.1,74.9,0.0,0.0,0.0,0.0,2025-10-07,2025-10-13,1,data/captures/usdm/48267/20261008T184031Z-1f69d3335d.json.gz
2025-10-14,0.0,100.0,0.0,0.0,0.0,0.0,2025-10-14,2025-10-20,1,data/captures/usdm/48267/20261008T184031Z-1f69d3335d.json.gz
2025-10-21,0.0,100.0,0.0,0.0,0.0,0.0,2025-10-21,2025-10-27,1,data/captures/usdm/48267/20261008T184031Z-1f69d3335d.json.gz
2025-10-28,0.0,100.0,0.0,0.0,0.0,0.0,2025-10-28,2025-11-03,1,data/captures/usdm/48267/20261008T184031Z-1f69d3335d.json.gz
2025-11-04,0.0,100.0,38.98,0.0,0.0,0.0,2025-11-04,2025-11-10,1,data/captures/usdm/48267/20261008T184031Z-1f69d3335d.json.gz
2025-11-11,0.0,100.0,100.0,0.0,0.0,0.0,2025-11-11,2025-11-17,1,data/captures/usdm/48267/20261008T184031Z-1f69d3335d.json.gz
2025-11-18,0.0,100.0,100.0,0.0,0.0,0.0,2025-11-18,2025-11-24,1,data/captures/usdm/48267/20261008T184031Z-1f69d3335d.json.gz
2025-11-25,0.0,100.0,0.0,0.0,0.0,0.0,2025-11-25,2025-12-01,1,data/captures/usdm/48267/20261008T184031Z-1f69d3335d.json.gz
2025-12-02,70.49,29.51,0.0,0.0,0.0,0.0,2025-12-02,2025-12-08,1,data/captures/usdm/48267/20261008T184031Z-1f69d3335d.json.gz
2025-12-09,70.49,29.51,0.0,0.0,0.0,0.0,2025-12-09,2025-12-15,1,data/captures/usdm/48267/20261008T184031Z-1f69d3335d.json.gz
2025-12-16,70.49,29.51,0.0,0.0,0.0,0.0,2025-12-16,2025-12-22,1,data/captures/usdm/48267/20261008T184031Z-1f69d3335d.json.gz
2025-12-23,70.49,29.51,0.0,0.0,0.0,0.0,2025-12-23,2025-12-29,1,data/captures/usdm/48267/20261008T184031Z-1f69d3335d.json.gz
2025-12-30,70.49,29.51,0.0,0.0,0.0,0.0,2025-12-30,2026-01-05,1,data/captures/usdm/48267/20261008T184031Z-1f69d3335d.json.gz
2026-01-06,70.49,29.51,0.0,0.0,0.0,0.0,2026-01-06,2026-01-12,1,data/captures/usdm/48267/20261008T184031Z-1f69d3335d.json.gz
2026-01-13,65.96,34.04,0.0,0.0,0.0,0.0,2026-01-13,2026-01-19,1,data/captures/usdm/48267/20261008T184031Z-1f69d3335d.json.gz
2026-01-20,20.67,79.33,0.0,0.0,0.0,0.0,2026-01-20,2026-01-26,1,data/captures/usdm/48267/20261008T184031Z-1f69d3335d.json.gz
2026-01-27,21.54,78.46,0.0,0.0,0.0,0.0,2026-01-27,2026-02-02,1,data/captures/usdm/48267/20261008T184031Z-1f69d3335d.json.gz
2026-02-03,21.66,78.34,0.0,0.0,0.0,0.0,2026-02-03,2026-02-09,1,data/captures/usdm/48267/20261008T184031Z-1f69d3335d.json.gz
2026-02-10,21.66,78.34,0.0,0.0,0.0,0.0,2026-02-10,2026-02-16,1,data/captures/usdm/48267/20261008T184031Z-1f69d3335d.json.gz
2026-02-17,21.63,78.37,0.0,0.0,0.0,0.0,2026-02-17,2026-02-23,1,data/captures/usdm/48267/20261008T184031Z-1f69d3335d.json.gz
2026-02-24,21.36,78.64,0.0,0.0,0.0,0.0,2026-02-24,2026-03-02,1,data/captures/usdm/48267/20261008T184031Z-1f69d3335d.json.gz
2026-03-03,21.36,78.64,0.0,0.0,0.0,0.0,2026-03-03,2026-03-09,1,data/captures/usdm/48267/20261008T184031Z-1f69d3335d.json.gz
2026-03-10,21.36,78.64,0.0,0.0,0.0,0.0,2026-03-10,2026-03-16,1,data/captures/usdm/48267/20261008T184031Z-1f69d3335d.json.gz
2026-03-17,21.36,78.64,0.0,0.0,0.0,0.0,2026-03-17,2026-03-23,1,data/captures/usdm/48267/20261008T184031Z-1f69d3335d.json.gz
2026-03-24,21.36,78.64,0.0,0.0,0.0,0.0,2026-03-24,2026-03-30,1,data/captures/usdm/48267/20261008T184031Z-1f69d3335d.json.gz
2026-03-31,21.36,78.64,27.28,0.0,0.0,0.0,2026-03-31,2026-04-06,1,data/captures/usdm/48267/20261008T184031Z-1f69d3335d.json.gz
2026-04-07,21.36,78.64,0.0,0.0,0.0,0.0,2026-04-07,2026-04-13,1,data/captures/usdm/48267/20261008T184031Z-1f69d3335d.json.gz
2026-04-14,100.0,0.0,0.0,0.0,0.0,0.0,2026-04-14,2026-04-20,1,data/captures/usdm/48267/20261008T184031Z-1f69d3335d.json.gz
2026-04-21,100.0,0.0,0.0,0.0,0.0,0.0,2026-04-21,2026-04-27,1,data/captures/usdm/48267/20261008T184031Z-1f69d3335d.json.gz
2026-04-28,100.0,0.0,0.0,0.0,0.0,0.0,2026-04-28,2026-05-04,1,data/captures/usdm/48267/20261008T184031Z-1f69d3335d.json.gz
2026-05-05,100.0,0.0,0.0,0.0,0.0,0.0,2026-05-05,2026-05-11,1,data/captures/usdm/48267/20261008T184031Z-1f69d3335d.json.gz
2026-05-12,100.0,0.0,0.0,0.0,0.0,0.0,2026-05-12,2026-05-18,1,data/captures/usdm/48267/20261008T184031Z-1f69d3335d.json.gz
2026-05-19,100.0,0.0,0.0,0.0,0.0,0.0,2026-05-19,2026-05-25,1,data/captures/usdm/48267/20261008T184031Z-1f69d3335d.json.gz
2026-05-26,100.0,0.0,0.0,0.0,0.0,0.0,2026-05-26,2026-06-01,1,data/captures/usdm/48267/20261008T184031Z-1f69d3335d.json.gz
2026-06-02,100.0,0.0,0.0,0.0,0.0,0.0,2026-06-02,2026-06-08,1,data/captures/usdm/48267/20261008T184031Z-1f69d3335d.json.gz
2026-06-09,100.0,0.0,0.0,0.0,0.0,0.0,2026-06-09,2026-06-15,1,data/captures/usdm/48267/20261008T184031Z-1f69d3335d.json.gz
2026-06-16,100.0,0.0,0.0,0.0,0.0,0.0,2026-06-16,2026-06-22,1,data/captures/usdm/48267/20261008T184031Z-1f69d3335d.json.gz
2026-06-23,100.0,0.0,0.0,0.0,0.0,0.0,2026-06-23,2026-06-29,1,data/captures/usdm/48267/20261008T184031Z-1f69d3335d.json.gz
2026-06-30,100.0,0.0,0.0,0.0,0.0,0.0,2026-06-30,2026-07-06,1,data/captures/usdm/48267/20261008T184031Z-1f69d3335d.json.gz
2026-07-07,100.0,0.0,0.0,0.0,0.0,0.0,2026-07-07,2026-07-13,1,data/captures/usdm/48267/20261008T184031Z-1f69d3335d.json.gz
2026-07-14,100.0,0.0,0.0,0.0,0.0,0.0,2026-07-14,2026-07-20,1,data/captures/usdm/48267/20261008T184031Z-1f69d3335d.json.gz
2026-07-21,100.0,0.0,0.0,0.0,0.0,0.0,2026-07-21,2026-07-27,1,data/captures/usdm/48267/20261008T184031Z-1f69d3335d.json.gz
2026-07-28,100.0,0.0,0.0,0.0,0.0,0.0,2026-07-28,2026-08-03,1,data/captures/usdm/48267/20261008T184031Z-1f69d3335d.json.gz
2026-08-04,100.0,0.0,0.0,0.0,0.0,0.0,2026-08-04,2026-08-10,1,data/captures/usdm/48267/20261008T184031Z-1f69d3335d.json.gz
2026-08-11,100.0,0.0,0.0,0.0,0.0,0.0,2026-08-11,2026-08-17,1,data/captures/usdm/48267/20261008T184031Z-1f69d3335d.json.gz
2026-08-18,100.0,0.0,0.0,0.0,0.0,0.0,2026-08-18,2026-08-24,1,data/captures/usdm/48267/20261008T184031Z-1f69d3335d.json.gz
2026-08-25,100.0,0.0,0.0,0.0,0.0,0.0,2026-08-25,2026-08-31,1,data/captures/usdm/48267/20261008T184031Z-1f69d3335d.json.gz
2026-09-01,100.0,0.0,0.0,0.0,0.0,0.0,2026-09-01,2026-09-07,1,data/captures/usdm/48267/20261008T184031Z-1f69d3335d.json.gz
2026-09-08,97.25,2.75,0.0,0.0,0.0,0.0,2026-09-08,2026-09-14,1,data/captures/usdm/48267/20261008T184031Z-1f69d3335d.json.gz
2026-09-15,54.54,45.46,0.0,0.0,0.0,0.0,2026-09-15,2026-09-21,1,data/captures/usdm/48267/20261008T184031Z-1f69d3335d.json.gz
2026-09-22,54.54,45.46,0.0,0.0,0.0,0.0,2026-09-22,2026-09-28,1,data/captures/usdm/48267/20261008T184031Z-1f69d3335d.json.gz
2026-09-29,0.0,100.0,3.28,0.0,0.0,0.0,2026-09-29,2026-10-05,1,data/captures/usdm/48267/20261008T184031Z-1f69d3335d.json.gz
2026-10-06,88.78,11.22,3.28,0.0,0.0,0.0,2026-10-06,2026-10-12,1,data/captures/usdm/48267/20261008T184031Z-1f69d3335d.json.gz
