{"type":"FeatureCollection","crs":{"type":"name","properties":{"name":"EPSG:4326"}},"features":[{"type":"Feature","geometry":{"type":"Polygon","coordinates":[[[-97.7402930958704,30.1804210062807],[-97.740132930757,30.180244747257],[-97.7400730905573,30.1801788935667],[-97.7400452439302,30.1799046998536],[-97.7400014524612,30.1794735259725],[-97.7396254699465,30.179250640415],[-97.739434544526,30.1793299122337],[-97.739317857863,30.1793783601445],[-97.73910067977,30.1794685311974],[-97.7389187034037,30.1794137142748],[-97.7388611219339,30.1793217299189],[-97.7387797630802,30.1791917643651],[-97.7386991214777,30.1790629439207],[-97.7386229409786,30.1785070716324],[-97.7385226082195,30.1783979947861],[-97.7378154160325,30.1780383370626],[-97.7376190506914,30.1779384697346],[-97.7370407118466,30.1769884124504],[-97.7370212567736,30.176653460652],[-97.7370098074332,30.1764563342729],[-97.7369959503161,30.1762177490712],[-97.7369958530112,30.1762160750696],[-97.7369823447701,30.1759834866507],[-97.7369755466607,30.1758664340393],[-97.7369648530925,30.1756823130201],[-97.7370030436246,30.1755011045623],[-97.7370325581436,30.1753610579312],[-97.7371070695711,30.1750075172453],[-97.7371736442019,30.1747848193514],[-97.737176070205,30.1747767024167],[-97.7372373258706,30.1745717980609],[-97.7372497761843,30.1745301515134],[-97.737297696996,30.1743698498441],[-97.7373315138471,30.1742567312974],[-97.7373689103437,30.1741316319419],[-97.7374263517679,30.1739394831875],[-97.7374867995649,30.1737372802016],[-97.7374840447348,30.1735601590667],[-97.7374839794601,30.1735559393252],[-97.7374793860428,30.1732604531631],[-97.7374762678562,30.1730598224414],[-97.7374638252903,30.17225931241],[-97.737533684943,30.1721058261075],[-97.7376007687371,30.1719584374101],[-97.7376056831334,30.171947644075],[-97.7376200666292,30.1719160508297],[-97.7376471238901,30.1718565878915],[-97.7377509595057,30.1717076352973],[-97.7381038534354,30.1712013970369],[-97.7381917716965,30.1710716217674],[-97.7382718761485,30.170953058356],[-97.7382994442726,30.1709122524081],[-97.7383490469499,30.170832975449],[-97.7384507879336,30.1706703654533],[-97.7385435278878,30.1705221456333],[-97.7387043287108,30.1702815419461],[-97.7387419608395,30.1702050206677],[-97.7387515497965,30.1702463867665],[-97.7388066558637,30.1703761369787],[-97.7388186797233,30.1704093565184],[-97.7388268540298,30.170431469694],[-97.7388351865442,30.1704535310333],[-97.7388436170666,30.1704755393162],[-97.7388522060844,30.1704975237409],[-97.7388608923839,30.1705194821645],[-97.7388697358295,30.1705413896324],[-97.7388786765813,30.1705632701973],[-97.7388923907635,30.1705960015383],[-97.7389016496741,30.1706177522974],[-97.7389110702185,30.1706394783596],[-97.7389206160694,30.1706611789883],[-97.738930291769,30.170682801038],[-97.7389400627236,30.1707043952405],[-97.7389499911122,30.1707259664654],[-97.7389600503878,30.1707474591321],[-97.7389753619504,30.1707796444426],[-97.738990959784,30.170811727273],[-97.7390014968535,30.1708330626881],[-97.7390121959482,30.1708543201761],[-97.7390229892121,30.1708755515992],[-97.7390339098591,30.1708967576307],[-97.7390449593417,30.1709178841598],[-97.739050532544,30.1709284217873],[-97.7390561379719,30.170938958263],[-97.739061773501,30.1709494953485],[-97.7390674429231,30.1709600078553],[-97.7390731432212,30.1709704921128],[-97.7390788767587,30.1709809761414],[-97.7390846403733,30.1709914616817],[-97.7390904369156,30.1710019199166],[-97.7390962352233,30.171012351117],[-97.7391020958084,30.1710227835793],[-97.7391079875085,30.1710332175742],[-97.7391139110985,30.1710436242427],[-97.7391198367898,30.1710540300513],[-97.7391258265227,30.1710644100873],[-97.7391318159452,30.1710747630468],[-97.7391378687072,30.1710851163873],[-97.7391439214705,30.1710954697275],[-97.7391500382754,30.1711057972953],[-97.7391561557838,30.1711160987092],[-97.7391623044799,30.1711263989503],[-97.7391684843153,30.1711366998222],[-97.7391747292061,30.1711469758445],[-97.7391809748488,30.1711572239092],[-97.739187252693,30.1711674717239],[-97.7391935613407,30.1711776939948],[-97.7391999032279,30.1711879160368],[-97.739206245867,30.1711981101212],[-97.7392126496971,30.1712083072501],[-97.7392190885795,30.1712184753119],[-97.7392255564769,30.1712286457661],[-97.7392320272263,30.171238787403],[-97.7392385612911,30.1712489303227],[-97.7392450950215,30.1712590470675],[-97.7392516917799,30.1712691371169],[-97.7392582896018,30.1712792262852],[-97.7392649213169,30.1712892908746],[-97.7392716143201,30.1712993549011],[-97.7392783080751,30.1713093909699],[-97.7392850339592,30.1713194294942],[-97.7392917938576,30.1713294389304],[-97.7392985838332,30.1713394498781],[-97.7393053745124,30.1713494346719],[-97.7393122293061,30.1713593909876],[-97.7393191151908,30.1713693497376],[-97.7393260028653,30.1713792805511],[-97.7393329517796,30.1713892126053],[-97.7393399045354,30.1713991176668],[-97.7393468871054,30.1714089953598],[-97.7393539018528,30.1714188737044],[-97.7393609505661,30.1714287247646],[-97.7393680293811,30.1714385764344],[-97.739375140062,30.1714484016793],[-97.739382283934,30.1714582284989],[-97.7393894597446,30.1714680261882],[-97.7393966352207,30.1714777977026],[-97.7394038760884,30.1714875705416],[-97.7394111166217,30.1714973172058],[-97.7394183890692,30.1715070356416],[-97.7394257237944,30.1715167553389],[-97.7394330613476,30.1715264471207],[-97.7394404290024,30.171536139512],[-97.7394477994607,30.1715458048897],[-97.7394626964632,30.1715650855688],[-97.7394701628793,30.1715746969447],[-97.739477691525,30.171584311386],[-97.739485219933,30.1715938960449],[-97.7394927822344,30.1716034561247],[-97.7395003764501,30.1716129879761],[-97.7395080017571,30.1716225222616],[-97.7395156271139,30.1716320547431],[-97.7395233175267,30.1716415623746],[-97.7395310398538,30.1716510417776],[-97.7395387628843,30.1716604950268],[-97.7395465181409,30.1716699471236],[-97.739554305215,30.1716793745994],[-97.7395621252657,30.1716887729658],[-97.7395699763835,30.1716981746682],[-97.7395778584261,30.1717075463174],[-97.739578957992,30.1717208257007],[-97.7399564496958,30.1721341621094],[-97.7406282241379,30.1728697139217],[-97.7406702757277,30.1731735416707],[-97.7411084621682,30.1736657298739],[-97.7414749546551,30.1737967780719],[-97.7418474860374,30.1741564303045],[-97.7425085950052,30.1747946701206],[-97.7426543240511,30.1749353572492],[-97.7428436544296,30.1751554702634],[-97.7430812608751,30.1754317042141],[-97.7433570382158,30.17575231351],[-97.7434993503553,30.1759543677477],[-97.7436568634996,30.1761780018716],[-97.7437604219562,30.1763250315833],[-97.7438458196384,30.1764753501014],[-97.7439741199275,30.1767011874072],[-97.7441551907333,30.1770199107677],[-97.7443150954898,30.1773013914414],[-97.7443854809381,30.1774252887937],[-97.744439592166,30.1774913891085],[-97.7445871110602,30.177671587261],[-97.7446737539172,30.1776160230879],[-97.7447895723913,30.1777486784183],[-97.745049287663,30.1780461489936],[-97.7449262303565,30.178194294755],[-97.7444326999095,30.178538131822],[-97.7437074546802,30.1790433951912],[-97.7428930461493,30.1795626818763],[-97.7427114939983,30.1796612118424],[-97.7422629063482,30.1799046650886],[-97.7415820435496,30.1802741646771],[-97.7414788544434,30.1803301651594],[-97.7413901907541,30.180378316984],[-97.7407714559446,30.1805249482383],[-97.7402930958704,30.1804210062807]]]},"properties":{"LOCATION_NAME":"Onion Creek Soccer Complex","ADDRESS":"5600 E William Cannon Dr., Austin, Texas 78744","ZIPCODE":"78744","PARK_TYPE":"Special","ACRES":null,"ASSET_STATUS":"Open","DEVELOPMENT_STATUS":"Level 4 Developed","GLOBALID":null}},{"type":"Feature","geometry":{"type":"Polygon","coordinates":[[[-97.609693280913,30.2000450699209],[-97.6102512757142,30.1996520158137],[-97.6112835628558,30.1989248519481],[-97.611881140909,30.1985038968625],[-97.6125025432964,30.1980661525315],[-97.6127258246295,30.1979088609493],[-97.6126521757125,30.1966309596946],[-97.6126068592468,30.1958446291175],[-97.6125244666309,30.1944149535662],[-97.6130901770236,30.1936557558023],[-97.6145788405302,30.1916578611733],[-97.6154755756792,30.1917367929634],[-97.6156301108159,30.1918927609282],[-97.6159562509666,30.1922219218878],[-97.6161153178695,30.1923824620359],[-97.6162104743013,30.1926527902973],[-97.6160273171452,30.1931580077204],[-97.6157745964972,30.1933235553956],[-97.6155627836216,30.19363471052],[-97.6151277936504,30.1938749978215],[-97.6147990484565,30.1939594198598],[-97.6145664891561,30.1940191403402],[-97.6143908723261,30.1940899613498],[-97.6141282695092,30.1942517867579],[-97.6137375550319,30.1946572539799],[-97.6134936088202,30.1948166572686],[-97.6133726250933,30.1953190475798],[-97.6134634512583,30.1956003354778],[-97.6137080893691,30.1958488430404],[-97.6136996508525,30.1959903390235],[-97.6141980206818,30.1968533513383],[-97.6143617098692,30.1970161421236],[-97.6145441809336,30.1971116878137],[-97.6147214927155,30.1971150873639],[-97.6149955420725,30.1969950013571],[-97.6151220859593,30.1967328341531],[-97.6154471973818,30.196710514726],[-97.6155344144885,30.1968246080739],[-97.6155610643034,30.1971473761852],[-97.6155192392399,30.1975646686365],[-97.6153374279717,30.1977129012924],[-97.6152038036828,30.1978289362596],[-97.6147263546643,30.1983063497877],[-97.6147839893263,30.1985704178165],[-97.6151866218827,30.198712179783],[-97.6154092277161,30.1991208897044],[-97.6155710999255,30.1992997690858],[-97.6157859560579,30.1994345248139],[-97.616354090345,30.1996365603851],[-97.6169039025746,30.2001527550729],[-97.6173335444945,30.2003967846015],[-97.6178891266352,30.2006377075895],[-97.6180856953641,30.2006314349751],[-97.6190353369422,30.2005056434789],[-97.6195463206608,30.2007679146805],[-97.6198830949424,30.2012123223785],[-97.6198933396114,30.2015474334251],[-97.6197686646317,30.201764054962],[-97.6192140099135,30.2020213487934],[-97.6191001756461,30.2023891897343],[-97.6190779711511,30.2027794556789],[-97.6194865912199,30.2036188229321],[-97.6197292763268,30.2043332930899],[-97.6197694597135,30.2047442495784],[-97.6197466710156,30.2050863036918],[-97.6194760170596,30.2055504405091],[-97.6192624578071,30.2056565489894],[-97.6189794957951,30.206058731367],[-97.6183647027884,30.2064005050657],[-97.6180908906708,30.2064739897137],[-97.6178902855353,30.20658795322],[-97.6171199536086,30.2071129614921],[-97.6164631125725,30.2073528150563],[-97.6161294551665,30.2073037276717],[-97.6156914303323,30.20704216331],[-97.6154956025543,30.2068411315429],[-97.6152352128098,30.2066970631012],[-97.614976863261,30.2066296001233],[-97.6147792967181,30.2064905090324],[-97.6148232042461,30.2062726915474],[-97.6151429637192,30.2059477083914],[-97.6153273467571,30.2058094353824],[-97.6154696771872,30.2056739150847],[-97.6155264659385,30.2055949122151],[-97.6155541053736,30.2053585206414],[-97.6155544283622,30.2050486321485],[-97.6153947362734,30.2046077424893],[-97.6152325774395,30.2044037793661],[-97.6150414572401,30.2043340970558],[-97.6148286280105,30.2043556650901],[-97.6145344575329,30.2043433680651],[-97.6142827979715,30.2043158009599],[-97.6141454182315,30.2043613729453],[-97.6138594115563,30.2044987880524],[-97.6135034242002,30.2046258837797],[-97.6132548812583,30.2046936026182],[-97.6129544291892,30.2048165715859],[-97.6127440877303,30.2048161461399],[-97.6125811001499,30.2047915885346],[-97.6123561611099,30.2047068531822],[-97.6121052768206,30.2045640837617],[-97.6118655957526,30.2044619831932],[-97.6116416438206,30.204329907051],[-97.6114632959714,30.2042722152215],[-97.6113508938934,30.2042478424859],[-97.6112752387654,30.20420984643],[-97.6111491120978,30.2040313316644],[-97.6110824853955,30.2038210480728],[-97.6110543346475,30.2036190666566],[-97.6110811354146,30.2034579673977],[-97.6110365498015,30.2033029158483],[-97.6109059516125,30.2026729919227],[-97.6107720297178,30.20217872151],[-97.610754312848,30.2021133322975],[-97.6105947440087,30.2017249662337],[-97.6104765382134,30.2013419877666],[-97.6102425183582,30.2008866600265],[-97.6102043753234,30.2006570431194],[-97.6100629814802,30.2004182982747],[-97.609693280913,30.2000450699209]]]},"properties":{"LOCATION_NAME":"Onion Creek Wildlife Sanctuary","ADDRESS":"4435 E SH 71, Austin, Texas 78617","ZIPCODE":"78617","PARK_TYPE":"Nature Preserve","ACRES":null,"ASSET_STATUS":"Open","DEVELOPMENT_STATUS":"Level 1 Developed","GLOBALID":null}},{"type":"Feature","geometry":{"type":"MultiPolygon","coordinates":[[[[-97.7414440467794,30.1703475516713],[-97.741425319499,30.1701831145531],[-97.7413936824901,30.1701824739391],[-97.7413620465195,30.1701818333381],[-97.7413296911568,30.1701784332611],[-97.74129812911,30.1701750366075],[-97.7412665667751,30.1701716507683],[-97.7412350783179,30.1701655106882],[-97.7412043828395,30.1701593866584],[-97.7411831022003,30.1701562090074],[-97.7411737610004,30.1701505174067],[-97.7411430634549,30.1701443933203],[-97.7410119418187,30.1701059874237],[-97.7408659418846,30.1700617740146],[-97.7407151873076,30.170017465939],[-97.7405660270945,30.1699731908804],[-97.7404129063779,30.1699288327115],[-97.7402645290092,30.1698845740567],[-97.7401137864498,30.1698402637013],[-97.7399630408664,30.1697959549093],[-97.7398178347549,30.1697517599795],[-97.7396694580273,30.1697074970283],[-97.7395203008716,30.1696632198929],[-97.7393558979222,30.1696146850088],[-97.7393531985997,30.1696138064752],[-97.739349289245,30.1696127419024],[-97.7392836415769,30.1695948654179],[-97.7392121544037,30.1695824875884],[-97.7392363039783,30.1695029597711],[-97.7392672540085,30.1694252309656],[-97.7393048265999,30.1693497379012],[-97.7393488150647,30.1692769067976],[-97.7395596782841,30.1689503505607],[-97.7397454650047,30.1688509367891],[-97.739883593336,30.1686282087192],[-97.7398547045986,30.1686138709177],[-97.7399100543408,30.1685269885887],[-97.7399703707564,30.1684319496035],[-97.7400572462349,30.1682906915134],[-97.7401209429951,30.1681874709073],[-97.7401466489641,30.1681439812341],[-97.7402359629648,30.168000025734],[-97.7403269489655,30.1678533483211],[-97.7407201947208,30.1680318353438],[-97.7406260517968,30.16817845089],[-97.7406210853585,30.1681865976281],[-97.7406061794238,30.1682110521445],[-97.7405341993564,30.1683278567698],[-97.7405164518582,30.1683559596051],[-97.7404432985372,30.168471780336],[-97.7404193271278,30.1685098027712],[-97.7404196938237,30.168509798469],[-97.7408586393515,30.1685049495761],[-97.7408589899713,30.1685214549573],[-97.7408670218089,30.1685463740735],[-97.7408797357033,30.1685741347221],[-97.7408958304082,30.1685937056784],[-97.7409229140623,30.1686162639446],[-97.7409510203998,30.1686305847538],[-97.7409808498126,30.1686394380189],[-97.7409919243005,30.1686396623051],[-97.7410132045995,30.1686428399873],[-97.7410449137018,30.1686407354602],[-97.741075977356,30.1686331154194],[-97.7411024452764,30.1686198998661],[-97.7411290607021,30.1686011848606],[-97.7411494309664,30.1685795966721],[-97.7411652565345,30.1685496582827],[-97.7411720279857,30.168533297133],[-97.7411785782909,30.1685251806442],[-97.7411850549614,30.1685198093692],[-97.7411959101605,30.1685131479965],[-97.7412425128017,30.1685017189267],[-97.7412958707667,30.1684890478699],[-97.7413270082239,30.1684786735357],[-97.7413573555852,30.1684682922182],[-97.7413925283479,30.1684552528765],[-97.7414173376655,30.1684447503797],[-97.7414469742169,30.1684315989196],[-97.7414758094964,30.168418431228],[-97.7415054470697,30.1684052797754],[-97.741536658101,30.1683921601759],[-97.7415623329321,30.1683789284718],[-97.7415904581831,30.1683629996733],[-97.7416636041269,30.1683204702562],[-97.7416740328834,30.1683151870974],[-97.7416858982198,30.1683154273367],[-97.7416977635563,30.1683156675749],[-97.7417087643659,30.1683186379153],[-97.7417188983802,30.168324345531],[-97.7417274465,30.1683300201342],[-97.7419394694148,30.1685680903535],[-97.7419671254329,30.1685989000964],[-97.7420646197887,30.1687108863873],[-97.7421606883272,30.1688173422067],[-97.7422566728771,30.1689265510766],[-97.7423280863876,30.169007750343],[-97.7423496436032,30.1690301964332],[-97.7423550326316,30.1690357989262],[-97.7423727766236,30.169052665393],[-97.7423959915576,30.1690723893018],[-97.7424199154894,30.169094874262],[-97.7424447091108,30.1691146301161],[-97.7424702905196,30.1691344019108],[-97.7424967408202,30.1691514355589],[-97.742523908401,30.1691712313265],[-97.7425511493949,30.1691882890879],[-97.7425799661472,30.1692053715181],[-97.7425893073387,30.1692110630157],[-97.7427709870965,30.169321316532],[-97.7427708538837,30.1693218308734],[-97.7428715319139,30.1691920265778],[-97.742966941468,30.1690681116014],[-97.7429674525346,30.1690674479004],[-97.7430640993163,30.1689456395801],[-97.7431632617653,30.168818379667],[-97.7432615571975,30.1686938569654],[-97.7432767649393,30.1687029110108],[-97.7437397973293,30.168978565359],[-97.7436228091422,30.1690917134957],[-97.7435090642609,30.1692021723279],[-97.7433921392824,30.1693152665037],[-97.7433920849226,30.1693153186415],[-97.7433152739361,30.169389825791],[-97.7432726558448,30.1694311655996],[-97.7432149488974,30.1694877599201],[-97.7431737138868,30.1695501809398],[-97.7430846852042,30.1696831384581],[-97.7430456340944,30.1697408275805],[-97.7429965225664,30.169813376668],[-97.7429645732108,30.1698618964941],[-97.7429107356908,30.1699436556838],[-97.7428217060664,30.170076621141],[-97.7427345846788,30.1702067295729],[-97.7427326763663,30.1702095802251],[-97.7426147939693,30.1703859666415],[-97.7425092823583,30.1705433466359],[-97.7422899854515,30.170871701319],[-97.7422124871094,30.1709897757887],[-97.742211144487,30.1709891115628],[-97.7421089073167,30.1709588314127],[-97.7414563147353,30.1707655285474],[-97.7414542695339,30.1706924395592],[-97.7414531180903,30.1706512318995],[-97.7414438352304,30.1703485083737],[-97.7414446742428,30.1703484342269],[-97.7414440467794,30.1703475516713]]],[[[-97.7431963312919,30.173110421478],[-97.7431946406171,30.1731035620121],[-97.7431929463562,30.1730964090407],[-97.7431913181692,30.1730892444942],[-97.743189756161,30.1730820688334],[-97.7431884086497,30.1730756187522],[-97.7431870725562,30.1730689365735],[-97.7431857937772,30.1730622459342],[-97.7431845723839,30.1730555472055],[-97.7431840255083,30.1730524547133],[-97.7431834908646,30.1730493606069],[-97.7431829684589,30.1730462649227],[-97.7431819007255,30.1730396368626],[-97.7431808890838,30.1730330021635],[-97.7431799335886,30.1730263611838],[-97.7431795458151,30.173023564842],[-97.7431791679976,30.1730207674714],[-97.7431788001397,30.173017969099],[-97.7431780332998,30.1730118412993],[-97.7431773142143,30.1730057091302],[-97.7431766429159,30.1729995728726],[-97.7431761836236,30.1729950973118],[-97.7431757497528,30.1729906198364],[-97.7431753413143,30.1729861405556],[-97.7431749499172,30.1729815960314],[-97.7431745846996,30.1729770498623],[-97.7431742456707,30.1729725021621],[-97.7431738636607,30.1729668064355],[-97.7431735227281,30.1729611087412],[-97.7431732228863,30.1729554093028],[-97.7431730434004,30.1729516090127],[-97.743172882184,30.1729478081045],[-97.74317273924,30.1729440066444],[-97.7431725773772,30.1729388692169],[-97.7431724488861,30.1729337310775],[-97.7431723537707,30.1729285923898],[-97.7431722972142,30.1729242227834],[-97.7431722647909,30.1729198529914],[-97.7431722565015,30.1729154831146],[-97.7431722841556,30.1729097778077],[-97.743172352948,30.1729040727633],[-97.7431724628759,30.1728983682054],[-97.7431725568959,30.1728945655394],[-97.7431726691947,30.1728907632477],[-97.7431727997703,30.1728869613966],[-97.7431730329609,30.1728812594302],[-97.7431733072629,30.172875558845],[-97.7431736226656,30.1728698598649],[-97.743173854354,30.17286606159],[-97.7431741042991,30.1728622641889],[-97.7431743724965,30.1728584677281],[-97.7431748093827,30.1728527747889],[-97.7431752873111,30.1728470843396],[-97.743175806263,30.1728413966038],[-97.7431763750582,30.1728357125794],[-97.7431771881001,30.1728281400427],[-97.7431780739165,30.1728205736712],[-97.7431790324457,30.1728130139929],[-97.7431796131923,30.1728085943873],[-97.7431802193433,30.1728041773577],[-97.7431808508835,30.1727997630143],[-97.7431814333707,30.1727958396178],[-97.7431820359213,30.1727919185093],[-97.7431826585235,30.1727879997665],[-97.7431838022314,30.1727811092721],[-97.7431850079325,30.1727742267611],[-97.7431862755532,30.1727673526545],[-97.7431871138049,30.1727629680298],[-97.7431888847823,30.1727541685175],[-97.7431907573127,30.1727453848916],[-97.7431927312073,30.1727366180368],[-97.7431949545347,30.1727272464882],[-97.7431972936847,30.1727178962482],[-97.743199748387,30.1727085683975],[-97.7432023196605,30.1726992571613],[-97.74320500606,30.1726899704956],[-97.7432078072746,30.1726807094749],[-97.7432630459218,30.1725007666056],[-97.7432746087721,30.1724631025315],[-97.7433733792776,30.1721412298156],[-97.7434719931478,30.1718199458089],[-97.7435365426474,30.1716057626821],[-97.7437170321354,30.1716568183292],[-97.7437170698192,30.1716566909602],[-97.7441077987213,30.1717672391175],[-97.7441191816887,30.1717704597003],[-97.7444051258828,30.1718513625791],[-97.7447029373868,30.1719356061223],[-97.7450013615053,30.1720200273798],[-97.745305557638,30.1721060967933],[-97.7456050547165,30.1721908207473],[-97.7459123635673,30.1722777709434],[-97.7462055559321,30.1723607066421],[-97.7465056201746,30.1724455987332],[-97.7468070824621,30.1725308901216],[-97.7471044188117,30.1726149947789],[-97.7474079507773,30.1727008706552],[-97.7476955532426,30.1727822137517],[-97.747750598617,30.1727977827984],[-97.7478774705515,30.1728336658575],[-97.7478774432278,30.1728337555389],[-97.7478967928508,30.1728392292008],[-97.7493211770554,30.1732421365571],[-97.7494814619024,30.1730018828714],[-97.7495019299739,30.1729714732277],[-97.7495143357414,30.1729530372234],[-97.7496913227398,30.1726900342438],[-97.7496973487575,30.1726810793032],[-97.7494524405882,30.1725673362348],[-97.7494514102729,30.1725667965958],[-97.7494421801494,30.1725620106662],[-97.7494330048482,30.1725571458058],[-97.7494238852634,30.1725522024885],[-97.749414487857,30.1725469896721],[-97.7494051523605,30.1725416935429],[-97.7493958797522,30.1725363146558],[-97.7493866702002,30.1725308507899],[-97.7493775255447,30.172525305247],[-97.7493684467452,30.1725196786091],[-97.7493594350178,30.1725139715585],[-97.7493504910288,30.1725081846213],[-97.7493416157164,30.1725023184044],[-97.7493328103699,30.1724963739929],[-97.7493240755446,30.1724903515478],[-97.7493154121567,30.1724842517009],[-97.7493068210764,30.172478074536],[-97.7492983032522,30.1724718212534],[-97.7492898595774,30.1724654925088],[-97.7492814899342,30.1724590889888],[-97.7492731962082,30.1724526113284],[-97.7492649792694,30.172446060207],[-97.74925684102,30.1724394364484],[-97.7492487812654,30.1724327406256],[-97.7492408008509,30.1724259734407],[-97.7492406516724,30.1724258432002],[-97.7492328016939,30.172419047827],[-97.7492250317093,30.1724121833981],[-97.749217342523,30.1724052506243],[-97.7492172533778,30.1724051667123],[-97.7492096287626,30.1723981485073],[-97.7492020869384,30.1723910630908],[-97.7491946286898,30.1723839111998],[-97.7491945548246,30.1723838384244],[-97.7491871775905,30.1723766155532],[-97.7491798855891,30.1723693276344],[-97.74917267958,30.1723619754274],[-97.749172470488,30.1723617555487],[-97.7491653998959,30.1723543871694],[-97.7491584156563,30.1723469568764],[-97.7491515184873,30.1723394654337],[-97.7491514024993,30.1723393367655],[-97.7491445656651,30.172331751169],[-97.7491378180902,30.1723241054736],[-97.7491311604744,30.1723164004722],[-97.7491310195988,30.1723162315989],[-97.7491244650804,30.1723084791949],[-97.7491180016158,30.1723006692897],[-97.7491116298731,30.1722928026905],[-97.7491115856744,30.1722927467558],[-97.7491052768333,30.1722847844974],[-97.7490990619501,30.172276766649],[-97.7490929416736,30.1722686940475],[-97.7490929055615,30.1722686463971],[-97.7490868788598,30.1722605168317],[-97.7490809481019,30.1722523341713],[-97.7490751139074,30.1722440992708],[-97.7490693658374,30.1722357964137],[-97.749063715905,30.1722274428583],[-97.7490581647025,30.1722190394802],[-97.7489091630169,30.171990842295],[-97.7489037938277,30.1719826886289],[-97.7488983664026,30.171974564123],[-97.7488928809515,30.1719664690914],[-97.7488873384013,30.1719584042488],[-97.7488817382613,30.1719503694974],[-97.7488760807479,30.1719423651476],[-97.7488703668357,30.1719343915838],[-97.7488645959924,30.1719264490336],[-97.7488587684413,30.1719185378038],[-97.7488528837829,30.171910657938],[-97.7488469428642,30.1719028100078],[-97.7488409459147,30.1718949943166],[-97.7488348935289,30.1718872109351],[-97.7488287855763,30.1718794603934],[-97.7488226222927,30.171871742991],[-97.7488164045084,30.1718640588615],[-97.7488101318714,30.1718564084626],[-97.7488038046242,30.17184879209],[-97.7487974227008,30.171841210856],[-97.7487909866671,30.1718336642354],[-97.7487844967716,30.1718261525195],[-97.7487779524293,30.1718186748193],[-97.7487713547126,30.1718112326128],[-97.7487647038766,30.1718038261876],[-97.7487580004211,30.1717964563248],[-97.7487512443689,30.171789122811],[-97.7487444359811,30.1717818259296],[-97.748744394559,30.1717817826835],[-97.748737547932,30.1717745376884],[-97.7487306497098,30.171767329737],[-97.7487237001578,30.1717601591067],[-97.7487233382219,30.1717597908654],[-97.7487164428354,30.1717527675238],[-97.7487094981969,30.1717457809142],[-97.7487025045657,30.1717388312974],[-97.7487019348203,30.1717382729795],[-97.7486949550596,30.171731428344],[-97.7486879277549,30.1717246205344],[-97.7486808531637,30.1717178498001],[-97.7486801582358,30.1717171960142],[-97.7486733432329,30.171710758795],[-97.7486664854629,30.1717043559571],[-97.7486595851556,30.1716979877148],[-97.748657972381,30.1716965114168],[-97.748650768155,30.1716899562306],[-97.7486435188135,30.1716834387023],[-97.7486362246173,30.1716769590663],[-97.7483803505132,30.1714503921096],[-97.7483772620153,30.1714481701014],[-97.7483739820865,30.171446165869],[-97.7483705310172,30.171444391811],[-97.7483701494385,30.1714442144667],[-97.7483665399628,30.1714427065244],[-97.7483628054323,30.1714414493296],[-97.7483589688782,30.1714404506353],[-97.7483549861687,30.1714397065238],[-97.7483509478148,30.1714392409644],[-97.7483468795797,30.1714390569272],[-97.7483467610615,30.1714390617525],[-97.7483427199559,30.171439165656],[-97.7483387010328,30.1714395474611],[-97.7483347295663,30.1714402047666],[-97.7483260812512,30.1714436420851],[-97.748317804542,30.1714477118997],[-97.7483099605685,30.1714523841519],[-97.7483025642374,30.1714576555178],[-97.748295719527,30.1714634622336],[-97.7482894775906,30.1714697609029],[-97.7482575700702,30.1714939306931],[-97.7482570915364,30.1714942720365],[-97.7481586424905,30.1718732055685],[-97.7480371911956,30.1718872617949],[-97.747985553688,30.1718944770292],[-97.7479854619144,30.1718944914177],[-97.7478000427782,30.171918288266],[-97.7477712788391,30.1719219915505],[-97.7477391435357,30.1719262520471],[-97.7476430815544,30.1719389871986],[-97.7476377392546,30.171939694092],[-97.7475843550622,30.171946205254],[-97.7475723814776,30.1719476651846],[-97.7474828065824,30.1719592905496],[-97.7473339389228,30.1719779482038],[-97.7473266720909,30.1719774197105],[-97.7473012195765,30.1719769055094],[-97.747188114444,30.1719677961093],[-97.7471247006878,30.1719626899318],[-97.7471190923994,30.1719622373453],[-97.747118804309,30.1719622143804],[-97.7469205819322,30.1719472144296],[-97.7469204575235,30.1719472065019],[-97.7468508978778,30.1719427222374],[-97.7468508657498,30.1719427197836],[-97.746734142831,30.1719351899545],[-97.7464515159372,30.1717919711192],[-97.746231346412,30.1716802556886],[-97.7461622198765,30.1716072728308],[-97.7461597838677,30.1716047006709],[-97.7460958152845,30.1715382881476],[-97.7460192271065,30.171458757752],[-97.7460154699622,30.1714549118606],[-97.7459780492773,30.1714166021663],[-97.7459367003086,30.1713730823886],[-97.7459349357557,30.1713712258121],[-97.7458740304086,30.1713079791188],[-97.7458640255245,30.1713153474608],[-97.7458037703747,30.1713596909893],[-97.7457898689035,30.1713700502979],[-97.7457304227482,30.1714143523974],[-97.7456384321943,30.1714817604299],[-97.7456254516653,30.1714912730008],[-97.7455844498275,30.1715213174609],[-97.7455843216526,30.1715214114194],[-97.7453808887929,30.1716713134907],[-97.7453806779676,30.1716714689414],[-97.7453484870747,30.1716951378149],[-97.7453482328724,30.1716953230679],[-97.7452509036703,30.1717668873281],[-97.7452024898146,30.1718024755371],[-97.7450363126437,30.1717441841352],[-97.7449448915436,30.1717128337448],[-97.7449009159742,30.1716977544087],[-97.7446157966623,30.1714225390952],[-97.744616360846,30.1714224124479],[-97.744616007592,30.1714220696356],[-97.7448311308098,30.1713742398553],[-97.7450358090479,30.1713283307325],[-97.7450247744113,30.1712924085784],[-97.7450244192603,30.1712901590978],[-97.7450246031025,30.1712924457195],[-97.7450246336545,30.1712928171964],[-97.7448224503312,30.1713363088691],[-97.7448222226111,30.1713363584042],[-97.7445809230494,30.1713882570772],[-97.7445805094163,30.171388346164],[-97.7446556701886,30.1711230839738],[-97.7447606295652,30.1710454519825],[-97.7449640591732,30.1708955427265],[-97.7450608684516,30.1708254525298],[-97.7450609002417,30.1708254288096],[-97.7451043644176,30.1707934383481],[-97.7451429691669,30.1707650257244],[-97.7452457560136,30.1706879846692],[-97.744901238095,30.1703112637759],[-97.7452282174802,30.1701432260171],[-97.7451354077987,30.1700478388231],[-97.7451322239657,30.1700452599091],[-97.7451288481133,30.1700428724751],[-97.7451252954646,30.1700406872869],[-97.7451215824533,30.1700387137986],[-97.745117725389,30.1700369612681],[-97.7451137416624,30.1700354375974],[-97.7451096491276,30.1700341496315],[-97.7451054663363,30.1700331032259],[-97.7451012121506,30.1700323030993],[-97.7450969059325,30.1700317521384],[-97.7450925668666,30.1700314535405],[-97.7450882145199,30.1700314086522],[-97.7450838683347,30.1700316174487],[-97.7450795480784,30.1700320792358],[-97.7450752732347,30.1700327919308],[-97.7450710630209,30.1700337519855],[-97.7450669364588,30.1700349554026],[-97.7450629121577,30.1700363967552],[-97.744970597449,30.1698935756461],[-97.7449801769843,30.1698890310355],[-97.7449897798326,30.1698845237244],[-97.7449994058016,30.1698800538029],[-97.7449995940053,30.1698799673753],[-97.7450091827786,30.1698755620814],[-97.7450187940129,30.1698711938983],[-97.745028427518,30.1698668629126],[-97.7450381455185,30.1698625409919],[-97.7450478856942,30.169858256925],[-97.7450576478498,30.1698540107978],[-97.7450585502706,30.1698536238974],[-97.7450680351671,30.1698495480151],[-97.7450775403334,30.1698455079407],[-97.7450870655903,30.1698415037503],[-97.745096913979,30.1698374104194],[-97.7451067833638,30.169833355448],[-97.7451166735468,30.1698293389173],[-97.7451464674472,30.1698175207242],[-97.7451561403757,30.1698137736111],[-97.7451658319463,30.1698100630438],[-97.7451755419759,30.1698063890922],[-97.7451764400019,30.1698060499257],[-97.7451864698409,30.1698023048148],[-97.745196518879,30.1697985987644],[-97.7452065869147,30.1697949318489],[-97.7452166737551,30.1697913037558],[-97.7452267791911,30.1697877149444],[-97.7452369030203,30.1697841654868],[-97.7452470472132,30.1697806537982],[-97.7452572094095,30.1697771816316],[-97.7452673894054,30.1697737490566],[-97.7456389487636,30.1696540581541],[-97.7456492809983,30.1696506237278],[-97.7456595829174,30.1696471212222],[-97.7456698539268,30.1696435508393],[-97.7456706445121,30.1696432681491],[-97.7456806180239,30.1696397219395],[-97.7456905610702,30.1696361117187],[-97.7457004731068,30.1696324376841],[-97.7457010008315,30.1696322372062],[-97.7457106597125,30.1696285786641],[-97.7457202878842,30.1696248595117],[-97.7457298848427,30.1696210799435],[-97.7457314100135,30.1696204728254],[-97.7457412410811,30.1696165143102],[-97.7457510379889,30.1696124923651],[-97.7457608001948,30.1696084072128],[-97.745761539777,30.1696080901047],[-97.7457712210342,30.1696039570362],[-97.7457808668028,30.169599761791],[-97.7457904765539,30.1695955045991],[-97.7457912428807,30.1695951582545],[-97.7458008008467,30.1695908383106],[-97.7458103217799,30.1695864570621],[-97.7458198051594,30.1695820147487],[-97.7458204942211,30.1695816839864],[-97.7458299591916,30.1695771664548],[-97.7458393853586,30.1695725880798],[-97.7458487722041,30.169567949113],[-97.7458494322521,30.1695676159593],[-97.7458576955125,30.169563463525],[-97.7460034664358,30.1697284195435],[-97.7461028468234,30.169829443137],[-97.7462105949185,30.1699387910629],[-97.7462106929896,30.1699388904971],[-97.7462670407355,30.1699996185467],[-97.7463198739625,30.1700565579267],[-97.746320143993,30.1700563630662],[-97.7463736218816,30.170113507649],[-97.7464284160898,30.1701715649024],[-97.7465415145537,30.1702921112465],[-97.7465416982664,30.1702923089608],[-97.7467278906486,30.1701690600044],[-97.7467455283587,30.1701569921866],[-97.7469871948434,30.1699903327816],[-97.7470837742893,30.1699255196267],[-97.7471142344652,30.1699046676488],[-97.7471541113223,30.1698773845983],[-97.7472491643326,30.1698113548179],[-97.7473789281618,30.1697232170361],[-97.7473791157855,30.1697234238516],[-97.7474264086922,30.1697753755298],[-97.7475406153671,30.1699008349068],[-97.7476513217453,30.1700224463045],[-97.747651790257,30.1700221300263],[-97.7477168780667,30.1699780890179],[-97.7477679217791,30.1699428426718],[-97.7477837092228,30.1699323868057],[-97.7477840337771,30.1699321722898],[-97.7478391964118,30.1698953605525],[-97.7478392270666,30.169895340418],[-97.7478963036177,30.1698567418958],[-97.7479025372398,30.1698525257772],[-97.7479132111972,30.1698444750984],[-97.7479137951807,30.1698440348249],[-97.7480478921046,30.1697535647417],[-97.748048377534,30.1697532370734],[-97.7480915483872,30.169733669344],[-97.7480961009979,30.1697315379434],[-97.7481052727851,30.1697268830687],[-97.7481957470642,30.1696874565515],[-97.7482407298319,30.169668205992],[-97.7483062111673,30.1696401818349],[-97.7484561495342,30.1697147160437],[-97.7484562653237,30.1697147743266],[-97.7486107681783,30.1697920994027],[-97.7486892514791,30.1698299218572],[-97.7487537347844,30.1698609972686],[-97.7487816673908,30.1698758506121],[-97.7488023150388,30.1698861218915],[-97.7488935763193,30.1699315047997],[-97.74890756124,30.1699383525349],[-97.7489174790291,30.1699433910869],[-97.7490085638221,30.1699896690714],[-97.7490090504938,30.1699899162106],[-97.7490535385789,30.1700128132717],[-97.7491987441669,30.1700872492347],[-97.7493640199865,30.1701702220061],[-97.7493640632639,30.1701701570094],[-97.7494971637092,30.1702478538249],[-97.7494975376857,30.1702473055369],[-97.7496256450277,30.1703163112178],[-97.7498155347407,30.1704185938509],[-97.7498158193312,30.1704187475774],[-97.7500031096636,30.1705142090637],[-97.7501304426064,30.1705791110311],[-97.7501300576502,30.1705796816576],[-97.7500699866476,30.1706695589584],[-97.7502061047477,30.1707348772584],[-97.7502062387548,30.1707346814494],[-97.7502897266359,30.1707776028138],[-97.7505270091458,30.1709006532286],[-97.7505268100671,30.1709009523955],[-97.7505272679501,30.1709011890223],[-97.7504964545693,30.1709465023317],[-97.7504712557384,30.1709835606911],[-97.7504407879643,30.1710295793677],[-97.7503669974667,30.171136899085],[-97.7503673010223,30.1711367707628],[-97.7504167592013,30.1711625413962],[-97.750679731514,30.1712995663704],[-97.7506804987954,30.1712984458144],[-97.7508140898808,30.1713663508809],[-97.7508144941215,30.171365758083],[-97.7508562491567,30.1713050929851],[-97.7508562826824,30.1713050431308],[-97.7509193023916,30.1712128057968],[-97.7510241237305,30.1710593908008],[-97.751046740642,30.1710262974348],[-97.751129112601,30.1709045516175],[-97.7511846117185,30.1708245307276],[-97.7511846279382,30.1708245066918],[-97.7512345539936,30.1707514196753],[-97.7513094201394,30.1706418455023],[-97.7513390838312,30.1705979940567],[-97.7513795991625,30.1705399765086],[-97.7514587503684,30.1704257938548],[-97.7515466061784,30.1704693456988],[-97.7516263900088,30.1705075282198],[-97.7516271165059,30.1705078947821],[-97.7517739562621,30.1705820178461],[-97.7517743332101,30.1705822131334],[-97.7518084079285,30.170599872311],[-97.7519227737015,30.1706585059314],[-97.7519989865528,30.1706975789887],[-97.7519990418785,30.1706976071744],[-97.7520020585777,30.1706991279829],[-97.7520877903119,30.1707423614013],[-97.7520874162278,30.1707429142062],[-97.7520876774562,30.1707430485075],[-97.7520488299768,30.1707999503359],[-97.7519831600241,30.1708970208799],[-97.7519448405456,30.1709522685245],[-97.751877933745,30.1710502642335],[-97.7518265954611,30.1711256528379],[-97.7519682567455,30.1711882504042],[-97.7521171568121,30.1712643293512],[-97.7522820939071,30.1713486016303],[-97.752281763943,30.1713490966738],[-97.7522818571671,30.1713491445725],[-97.7522757865009,30.1713580725592],[-97.7522351063839,30.1714191568038],[-97.7521766692483,30.1715032452657],[-97.7521346482533,30.1715656532354],[-97.752072831485,30.1716579127026],[-97.7520351116467,30.1717119687639],[-97.7523467148617,30.1718718867516],[-97.7523463570183,30.1718724146195],[-97.7523464430737,30.1718724587643],[-97.7522467756049,30.1720189694339],[-97.7522223148908,30.1720549250273],[-97.7521471880387,30.1721653544164],[-97.7521471080508,30.1721654719114],[-97.7520474513953,30.1723119826602],[-97.7520472836474,30.1723122364423],[-97.7520473194939,30.1723122552118],[-97.7520394675609,30.172324026613],[-97.7519485027328,30.1724612525128],[-97.7518721544172,30.172570576131],[-97.7518477050962,30.1726058614571],[-97.7517479204323,30.1727526202643],[-97.7516483502586,30.1728990747301],[-97.7515395426042,30.1730591178257],[-97.7514537979703,30.1731880281298],[-97.7513341962487,30.1733778080941],[-97.7513224543922,30.1733951947133],[-97.7512572573088,30.1734917312936],[-97.7511906612938,30.1735906353188],[-97.7510859109252,30.1737472480336],[-97.7509488171052,30.1739500004682],[-97.750922793545,30.173988246014],[-97.7508091054442,30.1741553239417],[-97.7506974801585,30.1743214824129],[-97.7505845672629,30.1744871537257],[-97.7504726915576,30.1746531716192],[-97.750360000497,30.1748187903839],[-97.7502478131477,30.1749844715595],[-97.7501353652087,30.1751505624619],[-97.7500255272544,30.1753127880162],[-97.7499895306306,30.1753647113223],[-97.7499514081021,30.1754154762938],[-97.7499112089861,30.1754650172539],[-97.7498654005568,30.1755171051126],[-97.749817772409,30.1755679459843],[-97.7497683694801,30.1756174918974],[-97.74962145749,30.1757662721557],[-97.7494293434062,30.175964566757],[-97.7492489525874,30.1761369237564],[-97.7492128416819,30.176171428214],[-97.7490488385258,30.1763261521073],[-97.7488789683587,30.1764928630591],[-97.7486614925612,30.1767121345229],[-97.7486562316366,30.1767174386921],[-97.7484837595539,30.1768854302675],[-97.7482876447374,30.1770764553981],[-97.7480915274658,30.1772628070118],[-97.7478797191951,30.1774703368309],[-97.7477301466865,30.1776157461529],[-97.7475921145927,30.177646764952],[-97.7471798295363,30.1777394528128],[-97.746869951141,30.1778091199984],[-97.7465142464483,30.1778890656057],[-97.7463802866583,30.1779186160979],[-97.7463506815961,30.1779048275032],[-97.7460991312067,30.1777876873961],[-97.7457541866003,30.1776270875683],[-97.7456521969968,30.1775795826188],[-97.7457005480161,30.1772441995931],[-97.745728271861,30.1770518526922],[-97.74587449715,30.1768838720011],[-97.7460591578444,30.1766717137063],[-97.746251426733,30.1764508452993],[-97.7464366577062,30.1762580954995],[-97.7464434639178,30.176251013468],[-97.7464429678794,30.1762507273298],[-97.7464027972831,30.1762284397729],[-97.7463610716559,30.1762084247793],[-97.7463179610755,30.1761907639312],[-97.746312564604,30.1761887517995],[-97.7463071500826,30.1761867766113],[-97.7463017178464,30.1761848384888],[-97.7462982793275,30.176183637217],[-97.7462948339874,30.1761824507907],[-97.7462913819109,30.1761812792394],[-97.7462430452521,30.1761634088752],[-97.7458940743342,30.176034389963],[-97.7458642013183,30.1760233407292],[-97.7455757679443,30.1759167178233],[-97.7455182634377,30.1758955486671],[-97.7454622966469,30.1758714686101],[-97.7454080625632,30.1758445615492],[-97.745407654082,30.1758443412427],[-97.7453989441349,30.1758396633555],[-97.7453902866999,30.175834912453],[-97.7453816825877,30.1758300889801],[-97.7453795036048,30.1758288520426],[-97.7453723245897,30.1758247259775],[-97.7453651844449,30.1758205493077],[-97.7453580836428,30.1758163223096],[-97.745355058894,30.1758144991501],[-97.7453520414644,30.1758126668581],[-97.7453490313903,30.1758108254558],[-97.7453426300692,30.1758068668346],[-97.7453362627582,30.1758028670223],[-97.7453299298085,30.1757988262394],[-97.7453246839222,30.1757954203471],[-97.7453159855577,30.1757896909681],[-97.7453073556866,30.1757838839269],[-97.7452987952274,30.1757779998416],[-97.7452613816931,30.1757500690544],[-97.7452251968142,30.1757209419122],[-97.7451902912351,30.1756906591822],[-97.7451568033428,30.1756593517708],[-97.7451246829079,30.1756269808056],[-97.7450939746397,30.1755935913459],[-97.745093719252,30.1755933163844],[-97.7448908550962,30.1753847889167],[-97.7446880230034,30.175176259958],[-97.7444864592226,30.1749690331173],[-97.7443407876267,30.1748192799298],[-97.7443357645792,30.1748142974966],[-97.7443307829777,30.1748092837494],[-97.7443258430806,30.1748042389488],[-97.744314989894,30.1747928960973],[-97.7443043475586,30.1747814034153],[-97.7442939188141,30.1747697638613],[-97.7442746099625,30.1747471010161],[-97.7442735387099,30.1747457637462],[-97.7440927963365,30.1745179510419],[-97.7440613025767,30.1744781906069],[-97.743921411685,30.1743015830792],[-97.743744554832,30.1740783908081],[-97.7435655604804,30.1738525626303],[-97.743541295543,30.1738236506705],[-97.7435180236164,30.1737941288707],[-97.7434957649893,30.1737640229691],[-97.7434934188177,30.1737607343172],[-97.7434728172141,30.1737307852251],[-97.7434532164938,30.1737003332274],[-97.7434346329044,30.1736694035684],[-97.7434312609317,30.1736635477735],[-97.7434119782612,30.1736167126896],[-97.7433559120511,30.1734805241441],[-97.7433392863819,30.1734421218834],[-97.7432549856848,30.1732709975185],[-97.7432509558875,30.1732625939219],[-97.7432470229793,30.1732541557434],[-97.7432431873532,30.1732456838262],[-97.7432420179592,30.1732430497118],[-97.7432383586646,30.1732346586501],[-97.7432347947079,30.1732262366672],[-97.7432313264352,30.1732177845811],[-97.7432310647973,30.1732171232901],[-97.7432242256732,30.1731995682535],[-97.7432177991458,30.1731818959226],[-97.7432117878765,30.1731641136173],[-97.7432103651922,30.1731596931697],[-97.7432078731541,30.1731517529836],[-97.7432054638076,30.1731437935534],[-97.7432031373496,30.1731358155292],[-97.7432024709238,30.1731334406359],[-97.7432003480201,30.1731257830593],[-97.7431983014251,30.1731181098153],[-97.7431963312919,30.173110421478]]],[[[-97.7549351550707,30.1665822685694],[-97.7549225027093,30.1665819929469],[-97.7549098500566,30.1665822731535],[-97.754897230325,30.1665831098583],[-97.7548846767749,30.1665845019264],[-97.7548722207111,30.1665864436724],[-97.7548577012198,30.1665894374762],[-97.7548452589708,30.1665874363093],[-97.754832861937,30.1665852194926],[-97.7548205206417,30.1665827818238],[-97.7548082371127,30.1665801251488],[-97.7547960206189,30.166577252361],[-97.7547838722224,30.1665741625797],[-97.7547718001781,30.1665708577758],[-97.7547598075757,30.1665673389139],[-97.7547479015844,30.1665636097478],[-97.754736085366,30.1665596685365],[-97.7547243640377,30.1665555180902],[-97.754712741679,30.1665511611979],[-97.7547012244693,30.166546599789],[-97.754689817622,30.1665418330662],[-97.7546785262064,30.1665368656431],[-97.7546673532881,30.1665316993865],[-97.7546563019566,30.1665263352607],[-97.7546453825428,30.1665207752787],[-97.7546345939126,30.1665150230269],[-97.7546207072175,30.1665072223277],[-97.7546109414121,30.1665002265137],[-97.754600849282,30.1664935904711],[-97.7545904461068,30.1664873253358],[-97.7545797533691,30.1664814432708],[-97.7545687874586,30.1664759527272],[-97.7545575678543,30.1664708631206],[-97.7545461140355,30.1664661838669],[-97.7545344455054,30.1664619234797],[-97.7545225838669,30.166458089613],[-97.754506030055,30.1664535340903],[-97.7544950035513,30.1664481352595],[-97.7544841101961,30.1664425333788],[-97.7544733571341,30.1664367331038],[-97.754462747455,30.1664307353991],[-97.7544522883278,30.1664245440185],[-97.7544419818284,30.166418159004],[-97.7544318329777,30.1664115867728],[-97.7544218479549,30.1664048292543],[-97.7544120288119,30.1663978873922],[-97.7544023826453,30.1663907676459],[-97.7543929106375,30.1663834646252],[-97.7543836215037,30.1663760019663],[-97.7543745157253,30.1663683616324],[-97.7543656002065,30.1663605572977],[-97.7543568749713,30.1663525880601],[-97.7543483481304,30.166344461302],[-97.7543391158792,30.1663352564813],[-97.7543306253884,30.1663270907518],[-97.7543221528078,30.1663189154569],[-97.7543137022409,30.166310732484],[-97.7543052634772,30.166302535311],[-97.7542968456171,30.1662943331447],[-97.7542884294702,30.166286105747],[-97.7542800373164,30.1662778743205],[-97.7542716590176,30.1662696296376],[-97.7542632966015,30.1662613735439],[-97.7542549490059,30.1662531069203],[-97.7542466173411,30.166244827082],[-97.7542382923141,30.1662365320374],[-97.7542299995593,30.1662282340332],[-97.7542217134906,30.1662199190187],[-97.7542134433044,30.1662115925935],[-97.7542051890008,30.1662032547574],[-97.7541969505798,30.1661949055105],[-97.7541887270036,30.1661865448319],[-97.7541805182479,30.1661781736233],[-97.7541723253989,30.1661697901021],[-97.7541607232688,30.1661578684183],[-97.7541518971351,30.1661499846593],[-97.7541431219526,30.1661420595168],[-97.7541343956454,30.1661340929489],[-97.7541257213754,30.1661260832147],[-97.7541170980325,30.1661180329989],[-97.7541085245786,30.1661099422805],[-97.7541000031379,30.1661018092977],[-97.7540915336621,30.1660936358541],[-97.7540831150652,30.1660854237327],[-97.7540747494952,30.1660771702696],[-97.7540664369279,30.1660688763667],[-97.7540581773395,30.1660605429259],[-97.754049968654,30.1660521699054],[-97.7540418149748,30.1660437591925],[-97.7540337121986,30.1660353088999],[-97.7540256655148,30.1660268191322],[-97.7540176727994,30.1660182916512],[-97.7540039982755,30.1660034795306],[-97.753991847708,30.1660003968473],[-97.7539797678233,30.1659971170741],[-97.7539677585733,30.165993642015],[-97.7539558272473,30.1659899709144],[-97.7539439779248,30.1659861065616],[-97.7539322115954,30.1659820507812],[-97.7539205365864,30.1659778028386],[-97.7539089559153,30.1659733664041],[-97.7538974726476,30.1659687433441],[-97.753886089897,30.1659639337215],[-97.7538748128529,30.1659589376407],[-97.7538636455226,30.1659537605966],[-97.7538525920334,30.1659484035747],[-97.7538416565611,30.1659428657569],[-97.7538308410612,30.1659371516942],[-97.7538201527507,30.1659312633368],[-97.7538095916295,30.1659252006846],[-97.7537991627669,30.1659189683517],[-97.7537888702903,30.1659125673235],[-97.753778718303,30.1659059994874],[-97.7537687098467,30.1658992676118],[-97.7537588479627,30.1658923744648],[-97.7537491357646,30.1658853201095],[-97.7537395782494,30.1658781118649],[-97.7537301754893,30.1658707470259],[-97.7537209356188,30.1658632320726],[-97.7537118586619,30.1658555661031],[-97.7536994703452,30.1658446238033],[-97.7536886699727,30.1658388883772],[-97.7536779353918,30.1658330613359],[-97.7536672655164,30.1658271444623],[-97.7536566634842,30.1658211369172],[-97.7536461292471,30.1658150405045],[-97.753635663819,30.1658088561469],[-97.753625267248,30.1658025820406],[-97.7536149414896,30.1657962227368],[-97.753604686664,30.1657897737263],[-97.7535945057646,30.1657832395811],[-97.7535843977295,30.165776621182],[-97.7535743657686,30.1657699149846],[-97.7535644065997,30.1657631272389],[-97.7535545265705,30.1657562535614],[-97.7535447224712,30.1657492974965],[-97.7535349964015,30.1657422581844],[-97.7535253503649,30.1657351383725],[-97.7535157843856,30.1657279371588],[-97.7534981506731,30.1657142822806],[-97.7534882257627,30.1657074564191],[-97.753478216237,30.1657007272055],[-97.7534681190065,30.1656940936751],[-97.7534579370886,30.1656875594981],[-97.7534476725108,30.1656811265201],[-97.7534373243555,30.1656747902107],[-97.7534268976197,30.1656685578895],[-97.7534163903238,30.1656624259071],[-97.7534058055814,30.1656563943262],[-97.7533992159163,30.1656467373937],[-97.7533907496533,30.1656385639669],[-97.7533823852911,30.1656303077743],[-97.753374129009,30.1656219707452],[-97.7533659807348,30.165613555585],[-97.7533579404442,30.1656050631956],[-97.7533500081855,30.1655964917734],[-97.753342186976,30.1655878449886],[-97.7533344757537,30.165579123722],[-97.7533268766185,30.1655703271137],[-97.7533193926116,30.165561457932],[-97.7533120195095,30.1655525187989],[-97.7533047625736,30.1655435071133],[-97.7532976217318,30.1655344255809],[-97.7532905989875,30.1655252769489],[-97.753283692265,30.1655160611757],[-97.7532769026262,30.1655067773804],[-97.753270228961,30.1654974282474],[-97.7532636782938,30.1654880229419],[-97.7532572552093,30.1654785453141],[-97.7532509489677,30.1654690086828],[-97.7532447647584,30.1654594131524],[-97.7532387036432,30.165449757842],[-97.7532327665877,30.1654400454781],[-97.7532269536402,30.1654302742572],[-97.7532212677456,30.1654204505548],[-97.7532160670798,30.1654111220876],[-97.7532051788812,30.1654061509287],[-97.753201016441,30.165404259653],[-97.7531897156772,30.1653993000277],[-97.7531783654171,30.165394444074],[-97.7531669436246,30.1653897003711],[-97.7531554590361,30.1653850528531],[-97.7531439294423,30.165380535265],[-97.753132333674,30.1653761237193],[-97.7531206839929,30.1653718256819],[-97.7531089804712,30.1653676384472],[-97.7530972208887,30.1653635673844],[-97.7530746532854,30.1653561121632],[-97.7530628731194,30.1653520731663],[-97.7530511338383,30.1653479808525],[-97.7530394097842,30.1653438238766],[-97.7530277127376,30.1653396277416],[-97.7530160345156,30.1653353877707],[-97.7530043817068,30.1653310905618],[-97.7529927615043,30.1653267389669],[-97.7529811475275,30.1653223486962],[-97.7529695765115,30.1653179051505],[-97.7529580234992,30.1653134096315],[-97.7529464977111,30.1653088668367],[-97.7529349971436,30.1653042740187],[-97.7529235228106,30.1652996321003],[-97.7529120737224,30.1652949392569],[-97.7529006539342,30.1652901991796],[-97.7528892593426,30.1652854099809],[-97.7528778919753,30.1652805735064],[-97.7528665519285,30.1652756861488],[-97.7528552411577,30.1652707524592],[-97.7528439566214,30.1652657696692],[-97.7528327014334,30.1652607378416],[-97.7528214755695,30.1652556578782],[-97.7528102779678,30.1652505306601],[-97.7527991096903,30.1652453553063],[-97.7527879717266,30.1652401336413],[-97.7527768620493,30.1652348638199],[-97.7527657816962,30.1652295458626],[-97.7527547336846,30.1652241834399],[-97.7527437099523,30.1652187673657],[-97.7527327278542,30.1652133088181],[-97.7527217699152,30.1652078011283],[-97.7527108464175,30.1652022481131],[-97.7526999521959,30.1651966487659],[-97.7526890893503,30.1651910022268],[-97.7526782609461,30.1651853103621],[-97.7526674639418,30.1651795704038],[-97.7526566982655,30.1651737850573],[-97.7526459670306,30.1651679543852],[-97.7526352641302,30.165162073753],[-97.752624602768,30.1651561542547],[-97.7526139707059,30.1651501875228],[-97.7526033731576,30.1651441727599],[-97.7525928100026,30.1651381144752],[-97.7525739043754,30.1651271065274],[-97.7525614464254,30.1651290462027],[-97.7525489183604,30.1651306172141],[-97.7525363379448,30.165131815408],[-97.752523716523,30.1651326437202],[-97.7525110699524,30.1651330916424],[-97.7524984156601,30.1651331676469],[-97.7524857619734,30.1651328709994],[-97.7524731245088,30.16513220021],[-97.7524605241442,30.1651311511881],[-97.7524479804068,30.1651297315461],[-97.7524354932966,30.1651279412839],[-97.7524230824853,30.1651257826029],[-97.7524107624069,30.1651232594036],[-97.7523985507053,30.1651203720417],[-97.7523864576631,30.1651171243339],[-97.7523745018659,30.1651135202643],[-97.7523626914721,30.1651095654114],[-97.7523510430156,30.1651052628158],[-97.7523395719684,30.1651006163987],[-97.7523282884683,30.1650956353879],[-97.7523076051915,30.1650853621458],[-97.7522031235827,30.1650426223512],[-97.7521909505091,30.1650396112263],[-97.7521788720361,30.1650363240898],[-97.7521668974084,30.1650327647373],[-97.7521550328774,30.1650289323928],[-97.7521432897392,30.1650248317955],[-97.7521316720493,30.1650204666367],[-97.7521201912,30.1650158380485],[-97.7521088543603,30.1650109497849],[-97.7520976676611,30.1650058055788],[-97.7520866393574,30.1650004074015],[-97.7520757786213,30.1649947617541],[-97.7520650895562,30.1649888705242],[-97.7520545845444,30.1649827366686],[-97.7520349302642,30.1649702914666],[-97.7520237091864,30.1649612638266],[-97.7520133372362,30.1649549693289],[-97.7520032465078,30.1649483322017],[-97.7519934414918,30.1649413787033],[-97.7519839407738,30.1649341128177],[-97.7519747565191,30.1649265456186],[-97.7519658998553,30.1649186881583],[-97.7519573871474,30.1649105497901],[-97.7519492273989,30.1649021433286],[-97.7519414317375,30.1648934798261],[-97.7519340123525,30.1648845694541],[-97.7519269771613,30.1648754268097],[-97.7519203402126,30.164866070223],[-97.7519141037264,30.1648564943247],[-97.7519082824997,30.1648467282881],[-97.7519028814329,30.1648367830399],[-97.7518979075018,30.1648266695489],[-97.7518933706756,30.1648164033559],[-97.7518892758062,30.1648059971913],[-97.7518839517877,30.1647900963013],[-97.7518815370165,30.1647793044366],[-97.7518778416996,30.1647687908315],[-97.7518729064409,30.1647586681938],[-97.7518667843466,30.1647490476789],[-97.7518595411704,30.1647400334787],[-97.7518512573162,30.1647317255687],[-97.7518420239037,30.1647242115081],[-97.7518319437103,30.1647175700676],[-97.7518211684513,30.1647121471932],[-97.7518047508821,30.1647094654975],[-97.7517922760236,30.1647076077435],[-97.7517797746467,30.1647058875103],[-97.7517672487548,30.1647043075451],[-97.7517547014855,30.1647028670091],[-97.7517421339008,30.164701565021],[-97.7517295480041,30.1647004043286],[-97.7517169459192,30.1646993831698],[-97.7517039171318,30.1646984752182],[-97.7516936580373,30.1646920394993],[-97.7516828761346,30.1646862826162],[-97.7516716328524,30.1646812373894],[-97.7516599887743,30.1646769294037],[-97.751648011725,30.1646733852923],[-97.7516357625047,30.1646706225236],[-97.7516233112546,30.164668658754],[-97.751610727343,30.1646675016991],[-97.7515980811759,30.1646671590953],[-97.7515854381387,30.1646676322614],[-97.7515728699165,30.1646689199364],[-97.7515604483626,30.1646710145464],[-97.7515395522784,30.1646764879906],[-97.7515268965717,30.1646765413112],[-97.7515142613734,30.1646759435605],[-97.751501685954,30.1646747018469],[-97.7514892180317,30.1646728180355],[-97.7514768989768,30.1646702983747],[-97.7514647732253,30.1646671509796],[-97.7514528819307,30.1646633902153],[-97.7514412653533,30.164659025015],[-97.7514299655638,30.164654074274],[-97.7514190227021,30.1646485514347],[-97.7514084714534,30.1646424797553],[-97.7513983518611,30.1646358762855],[-97.7513866555046,30.1646271512076],[-97.7513765487794,30.1646205326559],[-97.7513659921303,30.1646144689849],[-97.7513550223422,30.1646089825925],[-97.7513436855407,30.164604096065],[-97.7513320248343,30.1645998283186],[-97.7513200803623,30.1645961927954],[-97.7513079015325,30.1645932058318],[-97.7512955337459,30.1645908782694],[-97.7512830235135,30.1645892182647],[-97.7512704194703,30.1645882322131],[-97.7512577692615,30.1645879246849],[-97.7512451205805,30.1645882984469],[-97.7512325244755,30.1645893473102],[-97.7512146438208,30.1645920283587],[-97.7512024605542,30.1645890521235],[-97.7511903529698,30.1645858473193],[-97.7511783261366,30.16458241856],[-97.7511663883575,30.164578766013],[-97.7511545427222,30.1645748906433],[-97.7511427974855,30.1645707944218],[-97.7511311535648,30.1645664818788],[-97.7511196214111,30.1645619505183],[-97.7511082029075,30.1645572075968],[-97.7510969033398,30.1645522496116],[-97.7510857308182,30.1645470839452],[-97.7510746874425,30.1645417097376],[-97.7510637793436,30.1645361307219],[-97.7510530116145,30.16453035061],[-97.7510362638993,30.1645207890912],[-97.751027157426,30.1645131521071],[-97.7510177751826,30.1645057703326],[-97.751008128417,30.1644986503109],[-97.7509982272668,30.1644918012699],[-97.7509880788525,30.164485228767],[-97.7509776954357,30.1644789402683],[-97.7509670893743,30.1644729396324],[-97.7509562676924,30.1644672360242],[-97.7509452427238,30.1644618342042],[-97.7509340267541,30.1644567407365],[-97.7509226280621,30.1644519566905],[-97.7509110587408,30.1644474958451],[-97.7508993398604,30.164443346895],[-97.750887469877,30.164439528758],[-97.7508754676891,30.1644360336943],[-97.7508633420348,30.1644328844386],[-97.7508511099536,30.1644300650926],[-97.7508387784454,30.1644275857232],[-97.7508263630539,30.1644254475463],[-97.7508138772231,30.1644236526378],[-97.7508013302455,30.1644222029899],[-97.7507887376406,30.1644211007202],[-97.7507761118147,30.1644203478839],[-97.7507634642321,30.1644199429075],[-97.7507508062612,30.164419887825],[-97.75073815458,30.1644201802661],[-97.7507255205084,30.1644208240684],[-97.7507129145213,30.164421815834],[-97.7507003522348,30.1644231540732],[-97.7506878461032,30.1644248390375],[-97.7506754055153,30.1644268691116],[-97.7506630482111,30.1644292410442],[-97.7506507825657,30.1644319522973],[-97.7506386220954,30.1644350022412],[-97.7506265783611,30.1644383856955],[-97.7506146649514,30.1644420993248],[-97.7506028954309,30.1644461406961],[-97.750591277233,30.1644505036429],[-97.750579824936,30.1644551866549],[-97.7505685501493,30.1644601827477],[-97.7505574633718,30.1644654876215],[-97.7505462607996,30.1644705014115],[-97.7505304556631,30.1644744757801],[-97.7505181071116,30.1644768695316],[-97.7505056578716,30.1644788732472],[-97.7504824680504,30.1644815039067],[-97.7504695729675,30.1644893881437],[-97.7504590245245,30.1644954537104],[-97.7504483050899,30.1645013118986],[-97.7504374338998,30.164506942343],[-97.7504264151541,30.1645123433234],[-97.7504129139006,30.1645273275044],[-97.7503965476401,30.1645368714578],[-97.7503869701649,30.1645440619695],[-97.7503762735537,30.1645499206125],[-97.7503646864705,30.1645543229675],[-97.7503524732785,30.1645571687962],[-97.7503399066691,30.1645583959264],[-97.7503272700033,30.1645579703739],[-97.7503162325535,30.1645564554942],[-97.7503036011497,30.1645566878456],[-97.750289563981,30.1645586197927],[-97.7502788785622,30.1645611454387],[-97.7502671572412,30.1645652861065],[-97.7502553018984,30.1645710220989],[-97.7502428906408,30.1645759943264],[-97.7502308003523,30.1645824393198],[-97.7501885495896,30.1646062266305],[-97.7501655048358,30.1646192017901],[-97.7501528701063,30.1646198301836],[-97.7501402167311,30.1646201071923],[-97.7501275612681,30.164620034955],[-97.7501149131305,30.1646196109548],[-97.7501022878383,30.1646188373096],[-97.7500889460897,30.1646176341306],[-97.7500801094507,30.1646255063952],[-97.7500709034877,30.1646330544869],[-97.750061350309,30.1646402671213],[-97.7500514616448,30.164647132805],[-97.750041258638,30.1646536375271],[-97.7500307529705,30.1646597715976],[-97.7500199677648,30.1646655246553],[-97.7500089157645,30.1646708861294],[-97.7499976282504,30.1646758512369],[-97.7499861004914,30.1646804027381],[-97.7499743750883,30.1646845396881],[-97.7499624615992,30.1646882541587],[-97.7499503830982,30.1646915375923],[-97.7499381604394,30.1646943868003],[-97.74991492672,30.1646985405115],[-97.7499065424127,30.1647067774133],[-97.7498984726339,30.1647152516599],[-97.7498907312134,30.1647239508979],[-97.7498833215059,30.1647328661718],[-97.7498762540829,30.1647419904764],[-97.7498695365231,30.1647513122343],[-97.7498631774429,30.1647608198892],[-97.749857173801,30.1647705106727],[-97.7498515553812,30.1647803581162],[-97.7498463055293,30.1647903636881],[-97.7498403110523,30.1648030134034],[-97.7498208977316,30.1648498956507],[-97.7498253009133,30.1648601808801],[-97.7498268519524,30.1648710717554],[-97.7498254710344,30.1648819801496],[-97.7498212216912,30.1648923163176],[-97.7498143575553,30.1649015268346],[-97.7498039630169,30.1649099117427],[-97.7497978652498,30.1649195491911],[-97.7497916106401,30.1649291103846],[-97.7497852002739,30.1649385935404],[-97.749778635237,30.1649479968756],[-97.7497719102437,30.164957323893],[-97.7497650436611,30.1649665478933],[-97.7497580210566,30.1649757037761],[-97.7497508472807,30.1649847654716],[-97.7497435284643,30.1649937367129],[-97.7497360614697,30.1650026183389],[-97.7497284505929,30.1650114050223],[-97.749720694796,30.1650200967423],[-97.7497127982546,30.1650286926806],[-97.7497047590377,30.1650371873844],[-97.7496965843139,30.1650455846076],[-97.7496882711382,30.1650538779743],[-97.7496798236864,30.1650620666666],[-97.7496712419343,30.1650701515863],[-97.7496625270403,30.165078128245],[-97.7496536842178,30.1650859958457],[-97.7496447174979,30.1650937589813],[-97.749631840186,30.1651045074989],[-97.7496234876559,30.1651127576578],[-97.7496139174759,30.1651199428477],[-97.7496032957737,30.1651259085137],[-97.7495918311344,30.1651305433674],[-97.749579744816,30.1651337670557],[-97.749562747925,30.1651357799438],[-97.7495503577699,30.1651380166609],[-97.7495381917444,30.165141036614],[-97.7495263104549,30.1651448256868],[-97.7495147840897,30.1651493609336],[-97.7495036704066,30.1651546182549],[-97.7494930303013,30.1651605727125],[-97.7494829218937,30.1651671866794],[-97.7494706298331,30.1651767459915],[-97.7494617342463,30.1651845664954],[-97.7494522518105,30.1651918481898],[-97.749442227974,30.1651985613129],[-97.7494317082819,30.1652046724952],[-97.7494207380861,30.1652101555822],[-97.7494093699314,30.1652149872716],[-97.749387420332,30.1652221418032],[-97.7493773825846,30.1652288311798],[-97.7493671569996,30.1652353218599],[-97.7493567657339,30.1652416007558],[-97.7493462067602,30.1652476660217],[-97.7493354874401,30.1652535141969],[-97.7493246130352,30.1652591426806],[-97.7493135898694,30.1652645479911],[-97.7493024262939,30.1652697284923],[-97.7492911234913,30.165274678794],[-97.7492796918163,30.1652794000076],[-97.7492681355652,30.1652838868057],[-97.7492564620996,30.1652881357277],[-97.7492446848155,30.1652921506533],[-97.7492327864308,30.1652959176985],[-97.7492207989268,30.1652994447277],[-97.7492087182726,30.1653027271477],[-97.7491852927911,30.1653083368328],[-97.7491736114258,30.1653125702482],[-97.7491618322043,30.1653165797132],[-97.7491499377237,30.1653203558529],[-97.7491379569482,30.1653239028617],[-97.7491258889124,30.1653272180127],[-97.7491137399159,30.1653302987264],[-97.7491015131448,30.1653331423598],[-97.7490892158402,30.1653357499616],[-97.7490768563775,30.1653381189938],[-97.7490644389083,30.1653402495403],[-97.7490519634809,30.1653421397973],[-97.7490394561629,30.1653437857794],[-97.7490269034137,30.165345189018],[-97.7490143165778,30.165346352449],[-97.7490017031132,30.1653472690044],[-97.7489890701646,30.16534794334],[-97.7489764240318,30.1653483728761],[-97.7489637688422,30.1653485585983],[-97.7489511119573,30.165348497046],[-97.7489384594842,30.1653481928541],[-97.7489170818222,30.1653471214612],[-97.7489044624771,30.1653462774376],[-97.7488918121284,30.1653459714794],[-97.7488791587502,30.1653462059557],[-97.7488665335508,30.16534697879],[-97.748853967763,30.1653482870034],[-97.7488414915088,30.165350130302],[-97.7488291319417,30.1653525029177],[-97.7488169224665,30.1653553983065],[-97.7488048923605,30.1653588089383],[-97.7487930666772,30.1653627299054],[-97.7487814779525,30.1653671483297],[-97.7487701523984,30.1653720548149],[-97.7487591152132,30.1653774390418],[-97.7487483958672,30.1653832862661],[-97.7487380206933,30.1653895825822],[-97.7487280108829,30.1653963121761],[-97.7487112649963,30.165409244635],[-97.7487007089568,30.1654153144199],[-97.7486902452651,30.1654215033719],[-97.7486798850726,30.165427821642],[-97.7486696214757,30.1654342555557],[-97.7486594584573,30.1654408115098],[-97.7486493971998,30.1654474841142],[-97.7486394397308,30.1654542752147],[-97.7486295903223,30.1654611803858],[-97.7486198478642,30.1654682023121],[-97.7486102145285,30.1654753374281],[-97.7486006934773,30.1654825839931],[-97.7485912867862,30.1654899420491],[-97.7485819955413,30.1654974098133],[-97.7485728197668,30.1655049863838],[-97.748563760597,30.1655126681744],[-97.748554825297,30.1655204553316],[-97.7485460097154,30.1655283477719],[-97.7485318428612,30.1655414892955],[-97.7485219176938,30.1655483144258],[-97.7485121651539,30.1655553244104],[-97.7485025904548,30.1655625184521],[-97.7484931979169,30.165569890322],[-97.74848399174,30.1655774383003],[-97.7484749762202,30.1655851570597],[-97.7484661565953,30.1655930449014],[-97.7484575350374,30.16560109826],[-97.7484491168806,30.1656093118292],[-97.748440907411,30.1656176821065],[-97.7484329088248,30.1656262046247],[-97.7484251253219,30.1656348776638],[-97.7484175602087,30.1656436940722],[-97.7484102156094,30.1656526520879],[-97.7484030989098,30.1656617473488],[-97.7483962102546,30.1656709744435],[-97.7483842400104,30.1656881405019],[-97.7483767115534,30.165696983816],[-97.7483690627481,30.1657057452938],[-97.7483612914705,30.1657144266974],[-97.7483534069648,30.1657230318224],[-97.7483453920456,30.1657315431777],[-97.7483372650086,30.1657399755699],[-97.7483290229332,30.1657483217214],[-97.748320662754,30.1657565797657],[-97.7483121906983,30.1657647498283],[-97.7483036057281,30.1657728318885],[-97.7482892446968,30.1657859315674],[-97.7482824708171,30.1657952151145],[-97.7482745121247,30.1658037591828],[-97.7482654713921,30.1658114485445],[-97.7482554677565,30.1658181773257],[-97.7482446436236,30.1658238626805],[-97.7482226132855,30.165831425948],[-97.7482101806473,30.1658334604598],[-97.7481992986887,30.1658365323899],[-97.7481862468491,30.1658405187717],[-97.7481749530947,30.1658454754767],[-97.7481642418198,30.1658513282311],[-97.7481542088223,30.1658580284393],[-97.7481432914122,30.1658670063184],[-97.7481338238717,30.1658743071688],[-97.7481243685673,30.1658816163867],[-97.7481149232783,30.1658889393413],[-97.7481054891633,30.1658962715442],[-97.7480960661742,30.1659036147991],[-97.7480866533211,30.1659109672814],[-97.7480772526076,30.1659183317387],[-97.7480678640577,30.1659257072688],[-97.7480584845578,30.1659330938092],[-97.7480491162079,30.1659404904997],[-97.7480397600457,30.1659478973614],[-97.7480304150092,30.1659553152752],[-97.7480210821846,30.1659627424583],[-97.7480117573239,30.1659701824343],[-97.7480024467267,30.1659776326234],[-97.7479931473277,30.165985091159],[-97.7479838569304,30.1659925625085],[-97.747972787089,30.1660014921783],[-97.7479663888794,30.1660109772992],[-97.7479591668745,30.166020008149],[-97.7479511692987,30.1660285288547],[-97.7479424380285,30.1660364879266],[-97.7479330293024,30.1660438404816],[-97.7479229962448,30.1660505415736],[-97.747912399125,30.1660565509125],[-97.7479013011569,30.1660618345841],[-97.747889769682,30.1660663596598],[-97.7478778687593,30.1660700994611],[-97.7478536798744,30.1660750835112],[-97.7478461258984,30.1660839073315],[-97.7478383963728,30.1660926166185],[-97.7478304955455,30.1661012078486],[-97.7478224224511,30.1661096782952],[-97.7478141738795,30.1661180315029],[-97.7478057752463,30.166126249036],[-97.7477972064942,30.1661343431218],[-97.7477884771329,30.1661423076363],[-97.7477795893588,30.1661501381121],[-97.7477705462856,30.166157834612],[-97.7477613521854,30.1661653927106],[-97.7477520071066,30.1661728106042],[-97.7477425162867,30.1661800865939],[-97.747732880812,30.166187218897],[-97.7477230987997,30.1661942002567],[-97.7477131886904,30.1662010400688],[-97.747703139357,30.1662077272805],[-97.7476929580889,30.1662142611368],[-97.747682648072,30.1662206389949],[-97.7476722113581,30.1662268617985],[-97.7476616511332,30.1662329269051],[-97.7476509737452,30.1662388299311],[-97.7476344625041,30.1662475224228],[-97.747625074854,30.1662549006473],[-97.7476156416558,30.166262234639],[-97.7476061545341,30.1662695269357],[-97.7475966376498,30.1662767671976],[-97.747587067904,30.1662839648836],[-97.7475774526343,30.166291117435],[-97.7475677928786,30.1662982248727],[-97.7475580886852,30.166305285393],[-97.7475483410436,30.1663123008206],[-97.7475385489642,30.1663192693308],[-97.7475287114334,30.1663261900006],[-97.7475188325061,30.1663330665217],[-97.7475089091652,30.1663398952233],[-97.7474989413383,30.1663466788112],[-97.7474889375457,30.1663534093365],[-97.7474788893877,30.1663600902388],[-97.7474687965267,30.1663667341439],[-97.7474586625346,30.1663733239796],[-97.7474484871943,30.1663798678626],[-97.7474382737644,30.1663863604448],[-97.7474280169105,30.1663928070321],[-97.7474177208807,30.1663992041013],[-97.7474073846373,30.1664055516312],[-97.7473970081801,30.166411849622],[-97.747386591485,30.1664180989754],[-97.7473761388243,30.166424295266],[-97.7473654052819,30.1664305878448],[-97.7473562457848,30.1664381700754],[-97.7473468328717,30.1664455207001],[-97.7473371770904,30.1664526336154],[-97.7473272900989,30.1664595000336],[-97.7473171782935,30.1664661137675],[-97.7473068510877,30.1664724723002],[-97.7472963170017,30.1664785676829],[-97.7472855833732,30.1664843973568],[-97.7472746597364,30.1664899542956],[-97.7472635576528,30.166495233319],[-97.7472522834222,30.1665002318472],[-97.747240848558,30.1665049465035],[-97.7472258472747,30.1665106069338],[-97.7472188173419,30.1665197517097],[-97.7472112928651,30.1665285950399],[-97.7472032930814,30.1665371165591],[-97.7471948309038,30.1665452993841],[-97.7471859412342,30.1665531198567],[-97.747176627476,30.1665605672177],[-97.7471669151658,30.1665676185223],[-97.7471568285614,30.1665742598233],[-97.7471463898203,30.1665804780331],[-97.7471284026731,30.1665897975398],[-97.7471202655133,30.1665982134126],[-97.747110993551,30.1666056895858],[-97.7471007239076,30.1666121079173],[-97.7470896201591,30.1666173706506],[-97.7470778506124,30.1666213972691],[-97.7470655966085,30.1666241246641],[-97.7470530482262,30.1666255124618],[-97.7470403992616,30.1666255366056],[-97.7470278438726,30.1666241983114],[-97.7470095461536,30.1666196670321],[-97.7469969204833,30.1666204117039],[-97.7469843792452,30.1666218817516],[-97.746971977592,30.1666240728755],[-97.7469597698557,30.1666269726386],[-97.7469478103922,30.166630567702],[-97.74693615252,30.1666348447057],[-97.7469248445609,30.1666397829704],[-97.7469139400264,30.1666453619213],[-97.7469034842213,30.1666515572087],[-97.7468935246229,30.1666583409175],[-97.7468841035914,30.166665682322],[-97.7468688195285,30.1666800057103],[-97.746857101594,30.1666841596784],[-97.7468455618136,30.1666886799833],[-97.7468342201242,30.166693558907],[-97.7468230881116,30.1666987903672],[-97.746812179413,30.1667043692255],[-97.746801507714,30.16671028854],[-97.7467910877622,30.1667165404878],[-97.7467809408222,30.1667231065495],[-97.7467710791556,30.1667299941917],[-97.7467615042589,30.1667371863004],[-97.7467522258591,30.1667446686349],[-97.7467432778688,30.1667524545131],[-97.7467346644878,30.1667605034152],[-97.7467263753854,30.1667688133276],[-97.7467184501464,30.1667773796365],[-97.7467073842941,30.1667904979122],[-97.7466991725458,30.1667988662332],[-97.7466905132243,30.1668068853294],[-97.7466814244324,30.1668145384223],[-97.7466719284001,30.1668218097191],[-97.7466620474303,30.1668286807212],[-97.7466518006152,30.1668351364748],[-97.7466412143368,30.1668411612711],[-97.7466303096425,30.1668467447072],[-97.7466191129142,30.1668518710742],[-97.7466076472754,30.1668565300113],[-97.7465959421008,30.1668607103818],[-97.7465840204656,30.1668644036285],[-97.746563998231,30.1668694021654],[-97.7465522467826,30.1668734877541],[-97.7465403320473,30.1668771946713],[-97.7465282675662,30.1668805213859],[-97.7465160712249,30.166883459236],[-97.7465037575542,30.1668860085152],[-97.7464913464187,30.1668881642109],[-97.7464788524699,30.1668899221075],[-97.7464662934246,30.1668912798561],[-97.7464439036644,30.1668927033066],[-97.7464313306915,30.1668939606113],[-97.7464188239726,30.1668956523738],[-97.7464064054,30.166897775427],[-97.7463940958037,30.1669003274851],[-97.7463819098829,30.1669033025288],[-97.7463698716055,30.1669066974333],[-97.7463579987606,30.166910507144],[-97.7463463102472,30.1669147239221],[-97.7463250432488,30.1669236657251],[-97.7463123943641,30.1669239956902],[-97.7462998190684,30.1669252231583],[-97.7462874027582,30.1669273390272],[-97.7462752247718,30.1669303277562],[-97.7462633686228,30.1669341729868],[-97.7462519150496,30.1669388456716],[-97.746240939601,30.1669443166581],[-97.7462214804518,30.1669569079259],[-97.7462109793847,30.1669630065965],[-97.7461991882537,30.166966944271],[-97.746186689608,30.1669685278943],[-97.746174095057,30.1669676813994],[-97.746162026685,30.166964441723],[-97.7461510740868,30.1669589732769],[-97.7461417784376,30.1669515423602],[-97.7461345972762,30.1669425137405],[-97.7461284960286,30.166926816148],[-97.7461164686246,30.1669234428477],[-97.746103927161,30.1669220876006],[-97.7460913147923,30.1669227990666],[-97.746079077787,30.1669255483683],[-97.7460676504668,30.1669302486373],[-97.7460574397103,30.1669367131943],[-97.7460488042188,30.1669447318279],[-97.7460420508488,30.1669540138734],[-97.7460365570848,30.166967331348],[-97.7459958936849,30.1668875687793],[-97.7457384623953,30.1666858069269],[-97.7454814513374,30.1664843688519],[-97.7452448758394,30.1662989474951],[-97.7452157447757,30.1659683201604],[-97.7452847906951,30.165872080188],[-97.7454081119609,30.1656992385552],[-97.7455946428275,30.1655870022487],[-97.7458448173638,30.1654364714256],[-97.7456478521802,30.1652289277492],[-97.7453930749511,30.1649604695989],[-97.7453145737597,30.1648777508949],[-97.7454728946824,30.1644023951103],[-97.7455151854765,30.1642236588106],[-97.7456270454816,30.163884468528],[-97.7456917155102,30.1636869703572],[-97.7457419923874,30.1635326167849],[-97.7455942240942,30.1634839261932],[-97.7455681130461,30.163462831414],[-97.7453857866724,30.163313578892],[-97.7452567588794,30.1632078955859],[-97.7453862019234,30.1630944421968],[-97.7455109825213,30.1629829544435],[-97.7456374507256,30.1628702076515],[-97.7457621578245,30.1627591937111],[-97.7457964171073,30.162728781991],[-97.745847389811,30.1626283126435],[-97.7459206724575,30.1624839789135],[-97.7459911240378,30.1623453141224],[-97.7460188300709,30.1622907633137],[-97.7460794974478,30.1620977192286],[-97.7461892489011,30.1617481443598],[-97.7462294032101,30.1616794249564],[-97.7458681752265,30.1615136841578],[-97.7456932428609,30.1614335630463],[-97.7455738249389,30.1613787827137],[-97.7454937353447,30.1613420320006],[-97.7454156095206,30.1613061691353],[-97.745262679203,30.161235825117],[-97.7452454253477,30.161227873176],[-97.7450774002412,30.1611504697416],[-97.7449697885816,30.161037409491],[-97.7446096036315,30.1608707702849],[-97.7447082349174,30.1607044917966],[-97.7447951367899,30.1605583543062],[-97.744881997846,30.1604125290483],[-97.7449688029338,30.1602668063753],[-97.7450553320043,30.1601216095432],[-97.7451359832912,30.1599864278989],[-97.7452676001378,30.1597671714787],[-97.7454205777528,30.1595108053031],[-97.7458402111703,30.1589267033808],[-97.7458536471705,30.1589009282812],[-97.7458688162338,30.158876858434],[-97.745886311511,30.1588534762686],[-97.7459057970607,30.1588313452667],[-97.7459271793584,30.158810545649],[-97.745950326384,30.1587912380678],[-97.7459750752979,30.1587735320219],[-97.7460013305494,30.1587575058863],[-97.7460288992756,30.1587432658458],[-97.7460576515826,30.1587308931907],[-97.7460841626645,30.1587147350557],[-97.7461137659138,30.1587013337866],[-97.7461474750487,30.1586906015929],[-97.7462195371984,30.1586895290162],[-97.7463988864267,30.1587383411962],[-97.7466028481985,30.1588415865714],[-97.7472238490462,30.1591559317291],[-97.7483876164278,30.1597449976557],[-97.7492946765595,30.1602041111483],[-97.7500646803026,30.1605938426632],[-97.7505866801089,30.1607467895481],[-97.7506966720065,30.1607180401127],[-97.7509672607008,30.1603645829829],[-97.7511865730279,30.1599903830413],[-97.7515913885952,30.1592996638969],[-97.7519794767339,30.1586374745535],[-97.752135251264,30.1583716736876],[-97.7521903399453,30.1582776762592],[-97.7522785741953,30.1581675720026],[-97.7524164023005,30.1580741466847],[-97.7524444392749,30.1580671748853],[-97.752488723706,30.1580455709598],[-97.7525199202925,30.1580364638761],[-97.7525516145233,30.1580288240844],[-97.7525837443992,30.1580226792088],[-97.7526162448799,30.1580180541048],[-97.7526489270877,30.1580149449639],[-97.752681788202,30.1580133797012],[-97.7527147044352,30.1580133278484],[-97.7527475788186,30.1580148433947],[-97.7527802841839,30.1580178669293],[-97.7564611531956,30.1586973985596],[-97.7564924960955,30.1587049179925],[-97.7565237733014,30.1587126427287],[-97.7565549805901,30.1587205753901],[-97.7565861169482,30.1587287150541],[-97.7566171822314,30.1587370671319],[-97.7566481717558,30.1587456125802],[-97.7566790871405,30.158754368576],[-97.7567099233649,30.1587633287019],[-97.7567406833021,30.1587725020392],[-97.7567713562337,30.1587818622045],[-97.7568019498131,30.1587914337149],[-97.7568324570162,30.1588012074056],[-97.7568628788812,30.1588111832978],[-97.7568932133565,30.1588213604478],[-97.7569234552773,30.1588317378493],[-97.7569536056815,30.1588423155235],[-97.7569836646176,30.1588530916665],[-97.7570136247727,30.1588640679359],[-97.7570434903465,30.1588752426117],[-97.7570732551843,30.1588866128631],[-97.7571029223275,30.1588981814583],[-97.757132483498,30.1589099473285],[-97.7571619440051,30.1589219060689],[-97.757191296464,30.1589340620425],[-97.757220540971,30.1589464116423],[-97.7572496786123,30.1589589530853],[-97.7572786975874,30.1589717005714],[-97.7578694425739,30.1592506943208],[-97.7591567326698,30.1599063996489],[-97.7591610170838,30.1599086189265],[-97.7591843371355,30.1599206964197],[-97.7592126614953,30.1599338905782],[-97.7592416463476,30.1599459511524],[-97.759271229975,30.159956856147],[-97.759301355873,30.1599665827694],[-97.7593319581965,30.159975108039],[-97.7593629739739,30.1599824180565],[-97.7593943403292,30.1599884953153],[-97.759425992167,30.159993327678],[-97.7594578642955,30.1599969066148],[-97.7594898894473,30.1599992235543],[-97.7595220033965,30.160000272693],[-97.7595541386353,30.1600000544782],[-97.7595862308178,30.1599985676158],[-97.7596182092748,30.1599958142943],[-97.7596500135714,30.1599918023217],[-97.7596815739322,30.1599865393186],[-97.7597128267848,30.1599800339323],[-97.7597411409401,30.1599729469989],[-97.7597741527605,30.1599633621237],[-97.7598040973169,30.1599532274054],[-97.7598334822293,30.1599419210312],[-97.7598622466549,30.159929466141],[-97.7598903297029,30.1599158876786],[-97.7599176724384,30.1599012151386],[-97.7599442221294,30.1598854790429],[-97.7599699218687,30.1598687107317],[-97.7599947156671,30.1598509460752],[-97.7600151461594,30.1598348992495],[-97.7600185579377,30.1598322202508],[-97.7600413946709,30.1598125727779],[-97.7600631822119,30.1597920442865],[-97.7600838737679,30.1597706762458],[-97.7601034266261,30.1597485129143],[-97.760121800077,30.1597256012974],[-97.7601389575628,30.1597019884841],[-97.7607036458515,30.1588046995093],[-97.7607390372143,30.1587470103064],[-97.7609589747564,30.1583885130354],[-97.761223078742,30.157957379421],[-97.761822752055,30.1569934041071],[-97.7618384782432,30.1569684476391],[-97.7618559049805,30.1569443590889],[-97.7618749696991,30.1569212265292],[-97.7618956037486,30.1568991324966],[-97.7619177312144,30.1568781593817],[-97.761941271185,30.1568583822562],[-97.7619661397317,30.1568398725216],[-97.7619922457337,30.1568226987283],[-97.7620194951251,30.1568069230511],[-97.7620477857297,30.156792600283],[-97.7620770195226,30.1567797853008],[-97.7621070883653,30.1567685228525],[-97.7621378841916,30.1567588549807],[-97.7621692929002,30.1567508163879],[-97.7622012026341,30.1567444355057],[-97.7622334943673,30.1567397370127],[-97.7622660544791,30.1567367375747],[-97.7622987643758,30.1567354456374],[-97.7623315033881,30.1567358696043],[-97.762364153258,30.1567380052952],[-97.7623965968135,30.1567418467471],[-97.762428713985,30.1567473798181],[-97.7624603901317,30.1567545814518],[-97.7624915085129,30.1567634294525],[-97.7644702367957,30.1575711615572],[-97.7642123018047,30.1580177252627],[-97.7631090187214,30.1599000409964],[-97.7616070490255,30.1624625236277],[-97.7615757698123,30.1625158860481],[-97.761567414795,30.1625433204415],[-97.7615610604136,30.1625711586722],[-97.7615567335881,30.1625992866854],[-97.761554396057,30.162631132566],[-97.7606897010242,30.1641311587062],[-97.7617915696084,30.164622457456],[-97.7620288850203,30.1647282688881],[-97.7627816091077,30.1635428446144],[-97.7628638881375,30.163424922091],[-97.7633679048738,30.1636970398799],[-97.763309305021,30.16378236419],[-97.7637860577511,30.1639893458978],[-97.7637823217522,30.1639980469538],[-97.7637780918545,30.1640084128182],[-97.7637740546219,30.1640188357878],[-97.7637702152436,30.1640293159666],[-97.7637665707501,30.1640398478813],[-97.7637631242789,30.1640504306924],[-97.7637598780017,30.1640610608343],[-97.763756828853,30.1640717364408],[-97.7637539821661,30.1640824522048],[-97.7637513348513,30.1640932071622],[-97.7637488900942,30.1641039986699],[-97.763746647001,30.1641148212959],[-97.7637446055477,30.1641256759423],[-97.7637397391846,30.1641448258394],[-97.7637378322688,30.1641556976239],[-97.7637365196488,30.1641666354789],[-97.7637358081516,30.1641776169835],[-97.7637356954309,30.1641886132159],[-97.7637361831243,30.1641996016507],[-97.7637372718555,30.1642105588399],[-97.7637389571307,30.1642214585258],[-97.7637412344322,30.1642322753522],[-97.7637441022839,30.1642429867314],[-97.7637475499168,30.1642535680843],[-97.7637515839899,30.1642640033024],[-97.7637659430422,30.1642810406084],[-97.7637727228879,30.1642903362639],[-97.7637790207978,30.1642998703846],[-97.7637848106333,30.1643096496646],[-97.7637900837967,30.164319645959],[-97.7637948314268,30.1643298410435],[-97.7637990416923,30.16434021122],[-97.7638027088695,30.1643507374249],[-97.7638058211031,30.1643613968619],[-97.7638083737793,30.1643721677825],[-97.7638103633217,30.164383028459],[-97.7638117830406,30.1643939571013],[-97.7638126314835,30.1644049302197],[-97.7638129082357,30.1644159243452],[-97.7638126107349,30.1644269186729],[-97.7638117385426,30.1644378906358],[-97.7638102964812,30.1644488150655],[-97.76380828713,30.1644596730646],[-97.7638057121501,30.164470441206],[-97.7638025783918,30.1644810961666],[-97.7637988916198,30.1644916164062],[-97.7637946596506,30.1645019813282],[-97.7637898924242,30.1645121685737],[-97.763784598795,30.1645221575668],[-97.7637787907309,30.1645319277943],[-97.7637724760243,30.1645414595611],[-97.7637656739084,30.1645507324997],[-97.763760992458,30.1645565217071],[-97.7637280567936,30.1647658993847],[-97.7636589883849,30.1652049768863],[-97.763832286129,30.1656155013281],[-97.7638722771655,30.1657101446087],[-97.7640278910278,30.1659632163745],[-97.7640383883039,30.1659802582415],[-97.7642449600576,30.1662477188021],[-97.7643852773767,30.1664296908153],[-97.7644187855848,30.1665242038043],[-97.7644157273268,30.1665523330092],[-97.7643845384961,30.1668301759183],[-97.7643092227169,30.1670999271814],[-97.7642835139985,30.1671918765293],[-97.7642095883596,30.1673568130555],[-97.7641510461885,30.167487295162],[-97.7641089105802,30.1676208577641],[-97.7640236725098,30.1678910964209],[-97.7640097769562,30.1679351534781],[-97.763980408921,30.1679971946951],[-97.7639057805881,30.1681548496117],[-97.7638781494783,30.1682131521318],[-97.7638654534127,30.1684990107571],[-97.7638711367603,30.1688328470678],[-97.7635192834557,30.1691627244851],[-97.763351454798,30.1693200545747],[-97.7626099338199,30.1693946882709],[-97.7616888870888,30.1697139241126],[-97.7612691083147,30.169739024073],[-97.7609810448439,30.1697562476048],[-97.7605157623077,30.1699137852014],[-97.7602583396221,30.1700881521065],[-97.759674204483,30.1702323233786],[-97.7592816192449,30.1701262431645],[-97.758877638924,30.1698259764977],[-97.7586180803192,30.1696330520715],[-97.758444696207,30.1695411693597],[-97.7582075023729,30.1694154881163],[-97.7576850277949,30.1691386457638],[-97.7571127854162,30.1688354269355],[-97.7567817080638,30.1685188438815],[-97.7565464282179,30.1682938603525],[-97.756080184761,30.167848011371],[-97.755727728706,30.1675109650768],[-97.7555715836421,30.1673616402093],[-97.7555571287176,30.1673390452762],[-97.7554319593269,30.1671433885213],[-97.7552528123645,30.1668633520582],[-97.7552030120706,30.1667855118717],[-97.7551970597722,30.1667758155382],[-97.755190895391,30.1667662060683],[-97.7551845351963,30.166756696422],[-97.7551779810956,30.1667472929542],[-97.7551712335461,30.1667379785297],[-97.7551642947713,30.1667287865795],[-97.7551571641665,30.1667197008495],[-97.755149844749,30.1667107250098],[-97.7551423510253,30.1667018602548],[-97.7551346690697,30.166693122546],[-97.7551268013431,30.1666844974955],[-97.7551187660704,30.1666760026149],[-97.7551105611758,30.1666676378621],[-97.7551021731186,30.166659404769],[-97.7550936208936,30.1666512919882],[-97.7550848882108,30.1666433262611],[-97.7550760089321,30.166635483907],[-97.7550669656333,30.166627795254],[-97.7550577629231,30.1666202432507],[-97.7550437352354,30.1666092400911],[-97.7550325166045,30.1666041514488],[-97.7550210146738,30.1665995615023],[-97.7550092601948,30.1665954853081],[-97.7549972840875,30.16659193161],[-97.754985116258,30.166588908229],[-97.7549727875782,30.1665864257126],[-97.7549603280746,30.1665844873726],[-97.7549477749426,30.1665831002745],[-97.7549351550707,30.1665822685694]]]]},"properties":{"LOCATION_NAME":"Onion Creek Metro Park","ADDRESS":"8652 Nuckols Crossing Rd., Austin, Texas 78744","ZIPCODE":"78744","PARK_TYPE":"Metropolitan","ACRES":null,"ASSET_STATUS":"Open","DEVELOPMENT_STATUS":"Level 2 Developed","GLOBALID":null}},{"type":"Feature","geometry":{"type":"MultiPolygon","coordinates":[[[[-97.7953094806572,30.1279041679874],[-97.7949414933679,30.1277617446061],[-97.794933680093,30.1277615895971],[-97.7949149544565,30.1277647416548],[-97.7949274689496,30.1277563168308],[-97.7955608677654,30.1262147965509],[-97.7960261244527,30.1263016207004],[-97.796015130805,30.1264327028722],[-97.7960648716007,30.1265518579981],[-97.795963976301,30.1267993260659],[-97.7958697506548,30.127224181707],[-97.7957821535202,30.12739641718],[-97.7956217815458,30.127568691729],[-97.7953094806572,30.1279041679874]]],[[[-97.7928328545423,30.1311735573942],[-97.7937385299544,30.1298198174105],[-97.7942285730872,30.1299702489887],[-97.7940460627803,30.1303055937725],[-97.7934918650723,30.1309562840989],[-97.7934650292628,30.1310970674952],[-97.7938441087876,30.1311517469527],[-97.7937587879201,30.131671983929],[-97.7935264405643,30.1318596946756],[-97.793158764444,30.1315824747919],[-97.7930701183974,30.1315188130034],[-97.7929780608344,30.1314589255033],[-97.7928827999448,30.1314029481566],[-97.7927845596453,30.1313510108247],[-97.7928328545423,30.1311735573942]]],[[[-97.8213568332571,30.1246757177214],[-97.8209990932313,30.1246038974689],[-97.8207511423232,30.1247366116738],[-97.8203113141697,30.1245755129783],[-97.8203974490997,30.1244079791411],[-97.8204615929663,30.1242158493428],[-97.8204798068805,30.1241844789582],[-97.8208796320148,30.1240116793626],[-97.8209541346814,30.1241419469411],[-97.8213612893646,30.1243439174711],[-97.8216034100151,30.1242865645181],[-97.8216563604202,30.1240566167663],[-97.8218794997516,30.1240265556629],[-97.8218401428808,30.1238401426341],[-97.8220657087181,30.1237054476879],[-97.8221634808373,30.1234240479646],[-97.8219942643132,30.1232092312215],[-97.822136231956,30.1231247215091],[-97.8223091140603,30.1229783854153],[-97.8224507035544,30.1228085306279],[-97.8225568415236,30.1226201484485],[-97.8226244064133,30.1224187765694],[-97.8226514138524,30.1222103313845],[-97.8226569571455,30.1219548054079],[-97.8226710519155,30.1213003607378],[-97.8227153125715,30.1210433929114],[-97.8228618971751,30.1210392790778],[-97.8228553030458,30.1224675235499],[-97.822845026529,30.1228672638488],[-97.8228441388483,30.1234608648342],[-97.8228326897007,30.1253704869637],[-97.8213568332571,30.1246757177214]]],[[[-97.7506873661003,30.1748038288793],[-97.7511243871384,30.1741610129004],[-97.7516523642288,30.1733835098067],[-97.7518356420471,30.1734285446193],[-97.7524601465068,30.1735826952357],[-97.7526999231204,30.1736409411111],[-97.7529810330698,30.1737100852429],[-97.7530614493467,30.173729719489],[-97.7535802837873,30.173857010621],[-97.754346255453,30.1740456043178],[-97.754861377429,30.1741729678932],[-97.7548201737145,30.174271946687],[-97.7547798100589,30.1743474185922],[-97.754742569977,30.1744571499924],[-97.7547105359863,30.1745608485927],[-97.754698090012,30.1746167436969],[-97.7546963741982,30.1746655541807],[-97.7546856344529,30.1746807812534],[-97.754670242522,30.1747374787395],[-97.754639249438,30.1747347961816],[-97.7546758938149,30.1746110080031],[-97.7544794149829,30.1745614541747],[-97.7542027811122,30.1744901179749],[-97.7541654153419,30.1745952709636],[-97.7535485195023,30.1744136157603],[-97.7528990139686,30.1742223544663],[-97.752655957028,30.174414399542],[-97.7523228670824,30.1746775788904],[-97.7522125276025,30.1754326738319],[-97.7521747450888,30.1756912451477],[-97.7521035084755,30.1761515324399],[-97.7519028971099,30.1761046723478],[-97.7511653603133,30.1759425103983],[-97.7508309045415,30.1758721481211],[-97.750493148654,30.1758069176187],[-97.7502897708457,30.1757723403629],[-97.7500165003609,30.1757259006081],[-97.7500702479912,30.1756703566239],[-97.7501520420477,30.1755768733203],[-97.7501904972011,30.1755285849537],[-97.7502449962266,30.175454325433],[-97.7504902373213,30.1750937297092],[-97.7506873661003,30.1748038288793]]],[[[-97.755449059582,30.1764640572469],[-97.7550039450525,30.1752779218782],[-97.7549247757684,30.1751108368228],[-97.7548730689526,30.1748444176141],[-97.7548944736391,30.1747022180142],[-97.7549423560643,30.1744962479383],[-97.7549879223692,30.1743770382596],[-97.7550415821603,30.174257115419],[-97.7550549387049,30.1742202534729],[-97.755506172571,30.1743325309512],[-97.7556662238716,30.1743726638323],[-97.7559572112641,30.1744443372863],[-97.7562099814076,30.1745069635838],[-97.75638444767,30.174550189307],[-97.7565514925826,30.1745915897703],[-97.756735613595,30.1746371821703],[-97.7570950729685,30.1747266238668],[-97.7572696771668,30.1747694956259],[-97.7574437794016,30.1748145289557],[-97.7578063961428,30.1749090364959],[-97.7579807750748,30.1749544608509],[-97.7581661864353,30.1750027732943],[-97.7585364946993,30.1750997443406],[-97.758998559075,30.1752197382073],[-97.7589810564709,30.1755582784623],[-97.7592178277527,30.1756227227294],[-97.7590955520434,30.1759630929968],[-97.7590368933794,30.1761263786474],[-97.7590094691679,30.1761397997501],[-97.7589844081331,30.1761596740229],[-97.7589921922332,30.1760683278295],[-97.7590403449834,30.1759313964688],[-97.7585484990763,30.1757991971071],[-97.7584495657761,30.1758209989235],[-97.7578658718596,30.1759721836716],[-97.757501561185,30.1760669190142],[-97.7575187850047,30.1760905881594],[-97.7575354602785,30.1761145765179],[-97.7575515594084,30.1761388284925],[-97.7575670817212,30.176163369335],[-97.7575820571981,30.1761882041608],[-97.7576012397951,30.1762220025816],[-97.7576165381471,30.1762506607632],[-97.7576285552289,30.1762744281527],[-97.7576481680103,30.1763158563162],[-97.7576595939177,30.176342049006],[-97.7577312425846,30.1765161833724],[-97.7578067868542,30.1766997189659],[-97.757884262439,30.176887995419],[-97.7579098883752,30.1769502837113],[-97.7580181808163,30.1770928381081],[-97.7581516371947,30.1773075166982],[-97.7586239891751,30.1774999377118],[-97.7586066794667,30.1775599627745],[-97.758129801324,30.1774538958415],[-97.7576567838279,30.1773453611167],[-97.7575696615886,30.1773253467569],[-97.7574404754663,30.1772957116533],[-97.7573065696832,30.1772661736401],[-97.7553677656992,30.1768545592993],[-97.755449059582,30.1764640572469]]],[[[-97.7710090038061,30.1573084075313],[-97.7717132860474,30.1569197976265],[-97.771926203552,30.1566738345402],[-97.7722063739273,30.1566449579879],[-97.7725240771621,30.1571693944726],[-97.7737060757199,30.1571570351425],[-97.7746281909421,30.1573158916499],[-97.7749805537244,30.1572663948671],[-97.7757037870717,30.1587410517041],[-97.7756727293274,30.1587486801389],[-97.7756416695025,30.1587563085248],[-97.7756098935856,30.1587611759098],[-97.7755789064013,30.1587660590492],[-97.7755471307166,30.1587709174002],[-97.7755161435738,30.1587757987207],[-97.7754843644829,30.1587806678161],[-97.7754525864744,30.1587855351207],[-97.7754208084627,30.1587904024173],[-97.7753891033891,30.1587925136528],[-97.7753573253242,30.1587973827374],[-97.7752091526599,30.1588054170422],[-97.7744332013209,30.1588559163384],[-97.7743991195692,30.1588579816169],[-97.774365829427,30.1588600717369],[-97.7743325499481,30.1588621512336],[-97.7742992587175,30.1588642431192],[-97.7742658971608,30.1588690694459],[-97.7742326163523,30.158871159718],[-97.774199254766,30.1588759869292],[-97.7741666835587,30.1588808461775],[-97.7741333219896,30.1588856724697],[-97.7740999685287,30.158890506134],[-97.7740673974787,30.1588953590441],[-97.7740347558553,30.1589029554139],[-97.7740021848934,30.1589078047],[-97.7739695411373,30.1589154028155],[-97.7739368974477,30.1589229982172],[-97.7739042558048,30.1589305945538],[-97.7713212371155,30.159514239653],[-97.7712885929918,30.1595218352816],[-97.7712558779266,30.1595321851909],[-97.7712239528727,30.1595425418832],[-97.771192819428,30.1595529234376],[-97.7711624081696,30.1595660661274],[-97.7711327045658,30.1595819696624],[-97.7711183261349,30.1595871842179],[-97.7711022912144,30.1595951122964],[-97.7710718799304,30.1596082549648],[-97.7710413831185,30.1596241534277],[-97.7710116919785,30.1596400553803],[-97.7709827809817,30.1596559837726],[-97.7709546007049,30.1596746644503],[-97.7709272734006,30.1596906245361],[-97.7708998753797,30.1597093298866],[-97.770873195383,30.1597307962928],[-97.7708473800156,30.1597495333184],[-97.7708338581226,30.1597520092824],[-97.7701157241378,30.1599191462669],[-97.7698966529305,30.1599752671316],[-97.7697116340896,30.1592839855956],[-97.7697112785291,30.1592674821129],[-97.7703292837621,30.1591206443736],[-97.7708279954912,30.1587850476572],[-97.7711351765374,30.1583520453978],[-97.7714036484353,30.1576803148378],[-97.7710090038061,30.1573084075313]]],[[[-97.7995472251,30.136379269828],[-97.7993783502799,30.1363093146691],[-97.7986810821462,30.1363761417299],[-97.7981959368801,30.13623182354],[-97.7982838475638,30.1360046194115],[-97.7984183921877,30.1356568840399],[-97.7984778600746,30.1356756907405],[-97.7988063324273,30.1357794746753],[-97.7995562524119,30.1356485078084],[-97.7998186981901,30.1356026700233],[-97.8003264054756,30.1355139957801],[-97.8009104314803,30.1354119895267],[-97.8012251927761,30.1353570105895],[-97.8013309325738,30.1353319314172],[-97.8017142403955,30.1352411095115],[-97.8022494498572,30.1351142722454],[-97.8028969448066,30.1349608215033],[-97.803166525009,30.1348969326642],[-97.803455856725,30.1348283618388],[-97.8040853109796,30.1346086006676],[-97.8043851686242,30.1345039102639],[-97.8047465086803,30.1343359535208],[-97.8049852001309,30.1342250054417],[-97.8052450248952,30.13410423405],[-97.805562746157,30.1338424428372],[-97.8058506756206,30.1336051983093],[-97.8059665737473,30.1335232263141],[-97.8062192894766,30.1333444829884],[-97.8064674289068,30.1331689774669],[-97.8066634613173,30.133030327319],[-97.8067432782902,30.1329738716735],[-97.8070839930482,30.1328536733679],[-97.8070367750976,30.1332128727182],[-97.8069990241379,30.1335000500338],[-97.8069351789724,30.1339857528225],[-97.8068889053128,30.1343377739343],[-97.806763726477,30.1345350161161],[-97.8065709916803,30.1348387179095],[-97.806390004621,30.1351239617113],[-97.8063117608769,30.1352472794128],[-97.8061895919939,30.1354398054696],[-97.8060899248113,30.1355703741664],[-97.8058669262263,30.1358652535564],[-97.805840390707,30.1358502625397],[-97.8057016988133,30.1357719185648],[-97.8058917948738,30.1355143699879],[-97.8056630177625,30.1351673586381],[-97.8054187564097,30.1353921266023],[-97.8044065468466,30.1357146758919],[-97.8039113852241,30.1358724603367],[-97.8028974305154,30.1360984801727],[-97.8019409805665,30.1362390114922],[-97.8014354337126,30.136313289701],[-97.8011113010532,30.1370644664094],[-97.8008557820486,30.1370476289911],[-97.8004140407133,30.1370185167384],[-97.7998481707273,30.1366303890298],[-97.799727843093,30.1365190667728],[-97.7995472251,30.136379269828]]],[[[-97.7875092193011,30.1305447846496],[-97.7895592003375,30.1273341969148],[-97.7893703952719,30.1277254495757],[-97.7893207204627,30.1278373341756],[-97.7892785429215,30.1279515171606],[-97.789243999212,30.1280676222781],[-97.7892172053405,30.1281852656471],[-97.7891982516148,30.1283040538508],[-97.7891871982099,30.1284235946766],[-97.789184084694,30.1285434900865],[-97.7891889194639,30.1286633432263],[-97.7892016881862,30.1287827531785],[-97.7892223472164,30.1289013283674],[-97.7892508271142,30.1290186712885],[-97.7892870353757,30.129134393001],[-97.7893308512929,30.1292481112202],[-97.7893821281234,30.1293594467523],[-97.7894406950463,30.1294680280443],[-97.7895063621354,30.1295734994044],[-97.7895789071806,30.1296755090097],[-97.7896580900458,30.1297737155082],[-97.7897436504042,30.1298677951929],[-97.7898353016794,30.1299574355645],[-97.7899327392735,30.1300423382028],[-97.7900356404968,30.1301222214723],[-97.7901436655804,30.1301968214449],[-97.7902564525374,30.1302658899931],[-97.7903736306261,30.1303291959605],[-97.790842100699,30.1305663092853],[-97.7911074354653,30.1307006042998],[-97.7911824160648,30.1307403244824],[-97.7916052340362,30.1309745220668],[-97.7917218788652,30.1310351570364],[-97.7926609214434,30.1314923407593],[-97.7927570054674,30.1315419588155],[-97.7928500552212,30.1315957682902],[-97.7929398293875,30.131653629953],[-97.793026095184,30.1317153957202],[-97.7939795446458,30.1324342687721],[-97.7941177849902,30.1325340558891],[-97.7942608328803,30.1326285883899],[-97.7944084198641,30.1327176921978],[-97.7945602752217,30.1328012004104],[-97.7947161174041,30.1328789630555],[-97.794875659577,30.1329508336661],[-97.795038606247,30.1330166791398],[-97.79520465746,30.1330763780169],[-97.7953735056411,30.1331298222228],[-97.7978571604285,30.1338637818623],[-97.7972675262967,30.1353655329286],[-97.7958916697286,30.1350390400349],[-97.7948668133581,30.1348195533863],[-97.7942803137289,30.1345097990173],[-97.7930574113645,30.1342043196543],[-97.7919450302956,30.1340051063914],[-97.7917039567351,30.1337672069766],[-97.7908188298518,30.1332286372565],[-97.7907968977069,30.1329219661395],[-97.7905596079831,30.132474461792],[-97.7899247851227,30.1320176281629],[-97.7886847175284,30.1314062361144],[-97.7880590849021,30.1309775847123],[-97.787649660986,30.1306082438048],[-97.7875076247676,30.1305472713043],[-97.7875092193011,30.1305447846496]]],[[[-97.7463109509292,30.1780539916152],[-97.7459766163258,30.1778962930746],[-97.7456326768535,30.1777340646724],[-97.7455309954186,30.1776861029588],[-97.7454136795213,30.1778950156184],[-97.7452284113182,30.1776755607803],[-97.7451238686563,30.1775519956616],[-97.74501217377,30.1774199735379],[-97.7449088894592,30.1772962108018],[-97.7448916524914,30.1772721687743],[-97.7448746073716,30.1772480214412],[-97.7448577592173,30.177223771613],[-97.7448411048902,30.1771994201286],[-97.7448246463938,30.1771749697357],[-97.7448083848384,30.1771504177498],[-97.744792320079,30.177125769582],[-97.7447764531777,30.1771010243516],[-97.7447607861861,30.1770761830024],[-97.7447453200456,30.177051249163],[-97.7447300537905,30.1770262201066],[-97.7447149883379,30.1770011003639],[-97.7447028714242,30.1769755908815],[-97.7446905993468,30.1769501360095],[-97.7446781699091,30.1769247402152],[-97.7446655852355,30.1768994017369],[-97.7446528442155,30.176874123259],[-97.7446399458356,30.1768489038586],[-97.7446268942236,30.1768237445215],[-97.7446136882933,30.1767986470305],[-97.7446003280447,30.1767736113853],[-97.7445868124883,30.1767486357613],[-97.7445731435552,30.1767237256115],[-97.7445593212697,30.1766988800341],[-97.7445453477804,30.1766740963652],[-97.7445312198283,30.1766493799532],[-97.744516941614,30.1766247290781],[-97.7445025099992,30.1766001445788],[-97.7444879280256,30.1765756292237],[-97.7444731947277,30.1765511802864],[-97.7444583121334,30.1765267996122],[-97.7444432801461,30.1765024908088],[-97.7444280967622,30.1764782511283],[-97.7444127660856,30.1764540824585],[-97.7443972850025,30.1764299847363],[-97.7443816565784,30.1764059598284],[-97.7443658808134,30.1763820077347],[-97.7443499576835,30.1763581293569],[-97.7443338882268,30.176334324716],[-97.7443176713328,30.1763105964965],[-97.744301308088,30.1762869429157],[-97.744284801558,30.1762633658401],[-97.7442681485805,30.1762398670104],[-97.7442513512801,30.1762164446649],[-97.7442344106222,30.17619310153],[-97.7442173256173,30.1761698357809],[-97.7442000971826,30.176146651948],[-97.7441827264285,30.1761235473464],[-97.7441652143449,30.176100523801],[-97.7441475609077,30.1760775822134],[-97.7441297650547,30.1760547234645],[-97.7441118288378,30.1760319484979],[-97.7440937533192,30.1760092564329],[-97.7440755395128,30.1759866481921],[-97.7440571853186,30.1759641246355],[-97.7440386927641,30.1759416876086],[-97.7440200629116,30.1759193362305],[-97.7440012957128,30.1758970723048],[-97.7439823911677,30.1758748958315],[-97.7439633492523,30.1758528077123],[-97.7439441740944,30.1758308089331],[-97.7439248615419,30.1758088994097],[-97.7439054147333,30.1757870783033],[-97.7438858335475,30.1757653501231],[-97.743866121147,30.1757437131282],[-97.7438462734039,30.1757221663327],[-97.7426692049161,30.1744311117674],[-97.7426297619181,30.1743768195113],[-97.7425387448955,30.1742515028858],[-97.7423797084346,30.1740325277164],[-97.742026296024,30.173545917631],[-97.7421050346763,30.1733127719342],[-97.7421340904433,30.1732267522348],[-97.7415549658764,30.1728353174444],[-97.7415698454843,30.1724280486528],[-97.7415790566965,30.1724020809882],[-97.741505813669,30.1723641274527],[-97.7414731072655,30.172376227839],[-97.741475753342,30.1723647685306],[-97.7415306203766,30.1721286710656],[-97.7416474807686,30.1717256020436],[-97.7418667592463,30.1712601066925],[-97.7421089073167,30.1709588314127],[-97.742211144487,30.1709891115628],[-97.7422901216262,30.1708709217516],[-97.7425096343544,30.1705424189422],[-97.7426150743334,30.1703853479007],[-97.7427330296372,30.1702086823337],[-97.7428218719583,30.1700756238098],[-97.7429106167297,30.1699427085326],[-97.7429645732108,30.1698618964941],[-97.7429968739338,30.1698135182262],[-97.7430456340944,30.1697408275805],[-97.7430849758109,30.1696821761344],[-97.7431735979532,30.1695495469601],[-97.743215249991,30.1694864449959],[-97.7432724932059,30.1694311505783],[-97.7433152739361,30.169389825791],[-97.7433923418412,30.1693153806869],[-97.743509316147,30.1692025771581],[-97.7436231364082,30.1690921730885],[-97.7437400409849,30.1689789673153],[-97.7438610876215,30.1688617748086],[-97.7439644534027,30.1687613463083],[-97.7440463047126,30.1686818173022],[-97.7441162207812,30.1686132168094],[-97.7441282113846,30.1686021161188],[-97.7442465127961,30.1684859938531],[-97.7442795513307,30.1684535645238],[-97.7444070632577,30.1683819176579],[-97.7446218982977,30.1682612082874],[-97.7447565488147,30.168186201696],[-97.7448555621046,30.1681310447997],[-97.7451070481725,30.1679889875872],[-97.745133570627,30.1679737077799],[-97.7453501808683,30.1678041284598],[-97.7453874146272,30.1677746684402],[-97.7458064911883,30.1674430585777],[-97.7461432547039,30.1671765816036],[-97.7460709924164,30.1670348559967],[-97.7460365570848,30.166967331348],[-97.7460420508488,30.1669540138734],[-97.7460488042188,30.1669447318279],[-97.7460574397103,30.1669367131943],[-97.7460676504668,30.1669302486373],[-97.746079077787,30.1669255483683],[-97.7460913147923,30.1669227990666],[-97.746103927161,30.1669220876006],[-97.7461164686246,30.1669234428477],[-97.7461284960286,30.166926816148],[-97.7461345972762,30.1669425137405],[-97.7461417784376,30.1669515423602],[-97.7461510740868,30.1669589732769],[-97.746162026685,30.166964441723],[-97.746174095057,30.1669676813994],[-97.746186689608,30.1669685278943],[-97.7461991882537,30.166966944271],[-97.7462109793847,30.1669630065965],[-97.7462214804518,30.1669569079259],[-97.746240939601,30.1669443166581],[-97.7462519150496,30.1669388456716],[-97.7462633686228,30.1669341729868],[-97.7462752247718,30.1669303277562],[-97.7462874027582,30.1669273390272],[-97.7462998190684,30.1669252231583],[-97.7463123943641,30.1669239956902],[-97.7463250432488,30.1669236657251],[-97.7463463102472,30.1669147239221],[-97.7463579987606,30.166910507144],[-97.7463698716055,30.1669066974333],[-97.7463819098829,30.1669033025288],[-97.7463940958037,30.1669003274851],[-97.7464064054,30.166897775427],[-97.7464188239726,30.1668956523738],[-97.7464313306915,30.1668939606113],[-97.7464439036644,30.1668927033066],[-97.7464662934246,30.1668912798561],[-97.7464788524699,30.1668899221075],[-97.7464913464187,30.1668881642109],[-97.7465037575542,30.1668860085152],[-97.7465160712249,30.166883459236],[-97.7465282675662,30.1668805213859],[-97.7465403320473,30.1668771946713],[-97.7465522467826,30.1668734877541],[-97.746563998231,30.1668694021654],[-97.7465840204656,30.1668644036285],[-97.7465959421008,30.1668607103818],[-97.7466076472754,30.1668565300113],[-97.7466191129142,30.1668518710742],[-97.7466303096425,30.1668467447072],[-97.7466412143368,30.1668411612711],[-97.7466518006152,30.1668351364748],[-97.7466620474303,30.1668286807212],[-97.7466719284001,30.1668218097191],[-97.7466814244324,30.1668145384223],[-97.7466905132243,30.1668068853294],[-97.7466991725458,30.1667988662332],[-97.7467073842941,30.1667904979122],[-97.7467184501464,30.1667773796365],[-97.7467263753854,30.1667688133276],[-97.7467346644878,30.1667605034152],[-97.7467432778688,30.1667524545131],[-97.7467522258591,30.1667446686349],[-97.7467615042589,30.1667371863004],[-97.7467710791556,30.1667299941917],[-97.7467809408222,30.1667231065495],[-97.7467910877622,30.1667165404878],[-97.746801507714,30.16671028854],[-97.746812179413,30.1667043692255],[-97.7468230881116,30.1666987903672],[-97.7468342201242,30.166693558907],[-97.7468455618136,30.1666886799833],[-97.746857101594,30.1666841596784],[-97.7468688195285,30.1666800057103],[-97.7468841035914,30.166665682322],[-97.7468935246229,30.1666583409175],[-97.7469034842213,30.1666515572087],[-97.7469139400264,30.1666453619213],[-97.7469248445609,30.1666397829704],[-97.74693615252,30.1666348447057],[-97.7469478103922,30.166630567702],[-97.7469597698557,30.1666269726386],[-97.746971977592,30.1666240728755],[-97.7469843792452,30.1666218817516],[-97.7469969204833,30.1666204117039],[-97.7470095461536,30.1666196670321],[-97.7470278438726,30.1666241983114],[-97.7470403992616,30.1666255366056],[-97.7470530482262,30.1666255124618],[-97.7470655966085,30.1666241246641],[-97.7470778506124,30.1666213972691],[-97.7470896201591,30.1666173706506],[-97.7471007239076,30.1666121079173],[-97.747110993551,30.1666056895858],[-97.7471202655133,30.1665982134126],[-97.7471284026731,30.1665897975398],[-97.7471463898203,30.1665804780331],[-97.7471568285614,30.1665742598233],[-97.7471669151658,30.1665676185223],[-97.747176627476,30.1665605672177],[-97.7471859412342,30.1665531198567],[-97.7471948309038,30.1665452993841],[-97.7472032930814,30.1665371165591],[-97.7472112928651,30.1665285950399],[-97.7472188173419,30.1665197517097],[-97.7472258472747,30.1665106069338],[-97.747240848558,30.1665049465035],[-97.7472522834222,30.1665002318472],[-97.7472635576528,30.166495233319],[-97.7472746597364,30.1664899542956],[-97.7472855833732,30.1664843973568],[-97.7472963170017,30.1664785676829],[-97.7473068510877,30.1664724723002],[-97.7473171782935,30.1664661137675],[-97.7473272900989,30.1664595000336],[-97.7473371770904,30.1664526336154],[-97.7473468328717,30.1664455207001],[-97.7473562457848,30.1664381700754],[-97.7473654052819,30.1664305878448],[-97.7473761388243,30.166424295266],[-97.747386591485,30.1664180989754],[-97.7473970081801,30.166411849622],[-97.7474073846373,30.1664055516312],[-97.7474177208807,30.1663992041013],[-97.7474280169105,30.1663928070321],[-97.7474382737644,30.1663863604448],[-97.7474484871943,30.1663798678626],[-97.7474586625346,30.1663733239796],[-97.7474687965267,30.1663667341439],[-97.7474788893877,30.1663600902388],[-97.7474889375457,30.1663534093365],[-97.7474989413383,30.1663466788112],[-97.7475089091652,30.1663398952233],[-97.7475188325061,30.1663330665217],[-97.7475287114334,30.1663261900006],[-97.7475385489642,30.1663192693308],[-97.7475483410436,30.1663123008206],[-97.7475580886852,30.166305285393],[-97.7475677928786,30.1662982248727],[-97.7475774526343,30.166291117435],[-97.747587067904,30.1662839648836],[-97.7475966376498,30.1662767671976],[-97.7476061545341,30.1662695269357],[-97.7476156416558,30.166262234639],[-97.747625074854,30.1662549006473],[-97.7476344625041,30.1662475224228],[-97.7476509737452,30.1662388299311],[-97.7476616511332,30.1662329269051],[-97.7476722113581,30.1662268617985],[-97.747682648072,30.1662206389949],[-97.7476929580889,30.1662142611368],[-97.747703139357,30.1662077272805],[-97.7477131886904,30.1662010400688],[-97.7477230987997,30.1661942002567],[-97.747732880812,30.166187218897],[-97.7477425162867,30.1661800865939],[-97.7477520071066,30.1661728106042],[-97.7477613521854,30.1661653927106],[-97.7477705462856,30.166157834612],[-97.7477795893588,30.1661501381121],[-97.7477884771329,30.1661423076363],[-97.7477972064942,30.1661343431218],[-97.7478057752463,30.166126249036],[-97.7478141738795,30.1661180315029],[-97.7478224224511,30.1661096782952],[-97.7478304955455,30.1661012078486],[-97.7478383963728,30.1660926166185],[-97.7478461258984,30.1660839073315],[-97.7478536798744,30.1660750835112],[-97.7478778687593,30.1660700994611],[-97.747889769682,30.1660663596598],[-97.7479013011569,30.1660618345841],[-97.747912399125,30.1660565509125],[-97.7479229962448,30.1660505415736],[-97.7479330293024,30.1660438404816],[-97.7479424380285,30.1660364879266],[-97.7479511692987,30.1660285288547],[-97.7479591668745,30.166020008149],[-97.7479663888794,30.1660109772992],[-97.747972787089,30.1660014921783],[-97.7479838569304,30.1659925625085],[-97.7479931473277,30.165985091159],[-97.7480024467267,30.1659776326234],[-97.7480117573239,30.1659701824343],[-97.7480210821846,30.1659627424583],[-97.7480304150092,30.1659553152752],[-97.7480397600457,30.1659478973614],[-97.7480491162079,30.1659404904997],[-97.7480584845578,30.1659330938092],[-97.7480678640577,30.1659257072688],[-97.7480772526076,30.1659183317387],[-97.7480866533211,30.1659109672814],[-97.7480960661742,30.1659036147991],[-97.7481054891633,30.1658962715442],[-97.7481149232783,30.1658889393413],[-97.7481243685673,30.1658816163867],[-97.7481338238717,30.1658743071688],[-97.7481432914122,30.1658670063184],[-97.7481542088223,30.1658580284393],[-97.7481642418198,30.1658513282311],[-97.7481749530947,30.1658454754767],[-97.7481862468491,30.1658405187717],[-97.7481992986887,30.1658365323899],[-97.7482101806473,30.1658334604598],[-97.7482226132855,30.165831425948],[-97.7482446436236,30.1658238626805],[-97.7482554677565,30.1658181773257],[-97.7482654713921,30.1658114485445],[-97.7482745121247,30.1658037591828],[-97.7482824708171,30.1657952151145],[-97.7482892446968,30.1657859315674],[-97.7483036057281,30.1657728318885],[-97.7483121906983,30.1657647498283],[-97.748320662754,30.1657565797657],[-97.7483290229332,30.1657483217214],[-97.7483372650086,30.1657399755699],[-97.7483453920456,30.1657315431777],[-97.7483534069648,30.1657230318224],[-97.7483612914705,30.1657144266974],[-97.7483690627481,30.1657057452938],[-97.7483767115534,30.165696983816],[-97.7483842400104,30.1656881405019],[-97.7483962102546,30.1656709744435],[-97.7484030989098,30.1656617473488],[-97.7484102156094,30.1656526520879],[-97.7484175602087,30.1656436940722],[-97.7484251253219,30.1656348776638],[-97.7484329088248,30.1656262046247],[-97.748440907411,30.1656176821065],[-97.7484491168806,30.1656093118292],[-97.7484575350374,30.16560109826],[-97.7484661565953,30.1655930449014],[-97.7484749762202,30.1655851570597],[-97.74848399174,30.1655774383003],[-97.7484931979169,30.165569890322],[-97.7485025904548,30.1655625184521],[-97.7485121651539,30.1655553244104],[-97.7485219176938,30.1655483144258],[-97.7485318428612,30.1655414892955],[-97.7485460097154,30.1655283477719],[-97.748554825297,30.1655204553316],[-97.748563760597,30.1655126681744],[-97.7485728197668,30.1655049863838],[-97.7485819955413,30.1654974098133],[-97.7485912867862,30.1654899420491],[-97.7486006934773,30.1654825839931],[-97.7486102145285,30.1654753374281],[-97.7486198478642,30.1654682023121],[-97.7486295903223,30.1654611803858],[-97.7486394397308,30.1654542752147],[-97.7486493971998,30.1654474841142],[-97.7486594584573,30.1654408115098],[-97.7486696214757,30.1654342555557],[-97.7486798850726,30.165427821642],[-97.7486902452651,30.1654215033719],[-97.7487007089568,30.1654153144199],[-97.7487112649963,30.165409244635],[-97.7487280108829,30.1653963121761],[-97.7487380206933,30.1653895825822],[-97.7487483958672,30.1653832862661],[-97.7487591152132,30.1653774390418],[-97.7487701523984,30.1653720548149],[-97.7487814779525,30.1653671483297],[-97.7487930666772,30.1653627299054],[-97.7488048923605,30.1653588089383],[-97.7488169224665,30.1653553983065],[-97.7488291319417,30.1653525029177],[-97.7488414915088,30.165350130302],[-97.748853967763,30.1653482870034],[-97.7488665335508,30.16534697879],[-97.7488791587502,30.1653462059557],[-97.7488918121284,30.1653459714794],[-97.7489044624771,30.1653462774376],[-97.7489170818222,30.1653471214612],[-97.7489384594842,30.1653481928541],[-97.7489511119573,30.165348497046],[-97.7489637688422,30.1653485585983],[-97.7489764240318,30.1653483728761],[-97.7489890701646,30.16534794334],[-97.7490017031132,30.1653472690044],[-97.7490143165778,30.165346352449],[-97.7490269034137,30.165345189018],[-97.7490394561629,30.1653437857794],[-97.7490519634809,30.1653421397973],[-97.7490644389083,30.1653402495403],[-97.7490768563775,30.1653381189938],[-97.7490892158402,30.1653357499616],[-97.7491015131448,30.1653331423598],[-97.7491137399159,30.1653302987264],[-97.7491258889124,30.1653272180127],[-97.7491379569482,30.1653239028617],[-97.7491499377237,30.1653203558529],[-97.7491618322043,30.1653165797132],[-97.7491736114258,30.1653125702482],[-97.7491852927911,30.1653083368328],[-97.7492087182726,30.1653027271477],[-97.7492207989268,30.1652994447277],[-97.7492327864308,30.1652959176985],[-97.7492446848155,30.1652921506533],[-97.7492564620996,30.1652881357277],[-97.7492681355652,30.1652838868057],[-97.7492796918163,30.1652794000076],[-97.7492911234913,30.165274678794],[-97.7493024262939,30.1652697284923],[-97.7493135898694,30.1652645479911],[-97.7493246130352,30.1652591426806],[-97.7493354874401,30.1652535141969],[-97.7493462067602,30.1652476660217],[-97.7493567657339,30.1652416007558],[-97.7493671569996,30.1652353218599],[-97.7493773825846,30.1652288311798],[-97.749387420332,30.1652221418032],[-97.7494093699314,30.1652149872716],[-97.7494207380861,30.1652101555822],[-97.7494317082819,30.1652046724952],[-97.749442227974,30.1651985613129],[-97.7494522518105,30.1651918481898],[-97.7494617342463,30.1651845664954],[-97.7494706298331,30.1651767459915],[-97.7494829218937,30.1651671866794],[-97.7494930303013,30.1651605727125],[-97.7495036704066,30.1651546182549],[-97.7495147840897,30.1651493609336],[-97.7495263104549,30.1651448256868],[-97.7495381917444,30.165141036614],[-97.7495503577699,30.1651380166609],[-97.749562747925,30.1651357799438],[-97.749579744816,30.1651337670557],[-97.7495918311344,30.1651305433674],[-97.7496032957737,30.1651259085137],[-97.7496139174759,30.1651199428477],[-97.7496234876559,30.1651127576578],[-97.749631840186,30.1651045074989],[-97.7496447174979,30.1650937589813],[-97.7496536842178,30.1650859958457],[-97.7496625270403,30.165078128245],[-97.7496712419343,30.1650701515863],[-97.7496798236864,30.1650620666666],[-97.7496882711382,30.1650538779743],[-97.7496965843139,30.1650455846076],[-97.7497047590377,30.1650371873844],[-97.7497127982546,30.1650286926806],[-97.749720694796,30.1650200967423],[-97.7497284505929,30.1650114050223],[-97.7497360614697,30.1650026183389],[-97.7497435284643,30.1649937367129],[-97.7497508472807,30.1649847654716],[-97.7497580210566,30.1649757037761],[-97.7497650436611,30.1649665478933],[-97.7497719102437,30.164957323893],[-97.749778635237,30.1649479968756],[-97.7497852002739,30.1649385935404],[-97.7497916106401,30.1649291103846],[-97.7497978652498,30.1649195491911],[-97.7498039630169,30.1649099117427],[-97.7498143575553,30.1649015268346],[-97.7498212216912,30.1648923163176],[-97.7498254710344,30.1648819801496],[-97.7498268519524,30.1648710717554],[-97.7498253009133,30.1648601808801],[-97.7498208977316,30.1648498956507],[-97.7498403110523,30.1648030134034],[-97.7498463055293,30.1647903636881],[-97.7498515553812,30.1647803581162],[-97.749857173801,30.1647705106727],[-97.7498631774429,30.1647608198892],[-97.7498695365231,30.1647513122343],[-97.7498762540829,30.1647419904764],[-97.7498833215059,30.1647328661718],[-97.7498907312134,30.1647239508979],[-97.7498984726339,30.1647152516599],[-97.7499065424127,30.1647067774133],[-97.74991492672,30.1646985405115],[-97.7499381604394,30.1646943868003],[-97.7499503830982,30.1646915375923],[-97.7499624615992,30.1646882541587],[-97.7499743750883,30.1646845396881],[-97.7499861004914,30.1646804027381],[-97.7499976282504,30.1646758512369],[-97.7500089157645,30.1646708861294],[-97.7500199677648,30.1646655246553],[-97.7500307529705,30.1646597715976],[-97.750041258638,30.1646536375271],[-97.7500514616448,30.164647132805],[-97.750061350309,30.1646402671213],[-97.7500709034877,30.1646330544869],[-97.7500801094507,30.1646255063952],[-97.7500889460897,30.1646176341306],[-97.7501022878383,30.1646188373096],[-97.7501149131305,30.1646196109548],[-97.7501275612681,30.164620034955],[-97.7501402167311,30.1646201071923],[-97.7501528701063,30.1646198301836],[-97.7501655048358,30.1646192017901],[-97.7501885495896,30.1646062266305],[-97.7502308003523,30.1645824393198],[-97.7502428906408,30.1645759943264],[-97.7502553018984,30.1645710220989],[-97.7502671572412,30.1645652861065],[-97.7502788785622,30.1645611454387],[-97.750289563981,30.1645586197927],[-97.7503036011497,30.1645566878456],[-97.7503162325535,30.1645564554942],[-97.7503272700033,30.1645579703739],[-97.7503399066691,30.1645583959264],[-97.7503524732785,30.1645571687962],[-97.7503646864705,30.1645543229675],[-97.7503762735537,30.1645499206125],[-97.7503869701649,30.1645440619695],[-97.7503965476401,30.1645368714578],[-97.7504129139006,30.1645273275044],[-97.7504264151541,30.1645123433234],[-97.7504374338998,30.164506942343],[-97.7504483050899,30.1645013118986],[-97.7504590245245,30.1644954537104],[-97.7504695729675,30.1644893881437],[-97.7504824680504,30.1644815039067],[-97.7505056578716,30.1644788732472],[-97.7505181071116,30.1644768695316],[-97.7505304556631,30.1644744757801],[-97.7505462607996,30.1644705014115],[-97.7505574633718,30.1644654876215],[-97.7505685501493,30.1644601827477],[-97.750579824936,30.1644551866549],[-97.750591277233,30.1644505036429],[-97.7506028954309,30.1644461406961],[-97.7506146649514,30.1644420993248],[-97.7506265783611,30.1644383856955],[-97.7506386220954,30.1644350022412],[-97.7506507825657,30.1644319522973],[-97.7506630482111,30.1644292410442],[-97.7506754055153,30.1644268691116],[-97.7506878461032,30.1644248390375],[-97.7507003522348,30.1644231540732],[-97.7507129145213,30.164421815834],[-97.7507255205084,30.1644208240684],[-97.75073815458,30.1644201802661],[-97.7507508062612,30.164419887825],[-97.7507634642321,30.1644199429075],[-97.7507761118147,30.1644203478839],[-97.7507887376406,30.1644211007202],[-97.7508013302455,30.1644222029899],[-97.7508138772231,30.1644236526378],[-97.7508263630539,30.1644254475463],[-97.7508387784454,30.1644275857232],[-97.7508511099536,30.1644300650926],[-97.7508633420348,30.1644328844386],[-97.7508754676891,30.1644360336943],[-97.750887469877,30.164439528758],[-97.7508993398604,30.164443346895],[-97.7509110587408,30.1644474958451],[-97.7509226280621,30.1644519566905],[-97.7509340267541,30.1644567407365],[-97.7509452427238,30.1644618342042],[-97.7509562676924,30.1644672360242],[-97.7509670893743,30.1644729396324],[-97.7509776954357,30.1644789402683],[-97.7509880788525,30.164485228767],[-97.7509982272668,30.1644918012699],[-97.751008128417,30.1644986503109],[-97.7510177751826,30.1645057703326],[-97.751027157426,30.1645131521071],[-97.7510362638993,30.1645207890912],[-97.7510530116145,30.16453035061],[-97.7510637793436,30.1645361307219],[-97.7510746874425,30.1645417097376],[-97.7510857308182,30.1645470839452],[-97.7510969033398,30.1645522496116],[-97.7511082029075,30.1645572075968],[-97.7511196214111,30.1645619505183],[-97.7511311535648,30.1645664818788],[-97.7511427974855,30.1645707944218],[-97.7511545427222,30.1645748906433],[-97.7511663883575,30.164578766013],[-97.7511783261366,30.16458241856],[-97.7511903529698,30.1645858473193],[-97.7512024605542,30.1645890521235],[-97.7512146438208,30.1645920283587],[-97.7512325244755,30.1645893473102],[-97.7512451205805,30.1645882984469],[-97.7512577692615,30.1645879246849],[-97.7512704194703,30.1645882322131],[-97.7512830235135,30.1645892182647],[-97.7512955337459,30.1645908782694],[-97.7513079015325,30.1645932058318],[-97.7513200803623,30.1645961927954],[-97.7513320248343,30.1645998283186],[-97.7513436855407,30.164604096065],[-97.7513550223422,30.1646089825925],[-97.7513659921303,30.1646144689849],[-97.7513765487794,30.1646205326559],[-97.7513866555046,30.1646271512076],[-97.7513983518611,30.1646358762855],[-97.7514084714534,30.1646424797553],[-97.7514190227021,30.1646485514347],[-97.7514299655638,30.164654074274],[-97.7514412653533,30.164659025015],[-97.7514528819307,30.1646633902153],[-97.7514647732253,30.1646671509796],[-97.7514768989768,30.1646702983747],[-97.7514892180317,30.1646728180355],[-97.751501685954,30.1646747018469],[-97.7515142613734,30.1646759435605],[-97.7515268965717,30.1646765413112],[-97.7515395522784,30.1646764879906],[-97.7515604483626,30.1646710145464],[-97.7515728699165,30.1646689199364],[-97.7515854381387,30.1646676322614],[-97.7515980811759,30.1646671590953],[-97.751610727343,30.1646675016991],[-97.7516233112546,30.164668658754],[-97.7516357625047,30.1646706225236],[-97.751648011725,30.1646733852923],[-97.7516599887743,30.1646769294037],[-97.7516716328524,30.1646812373894],[-97.7516828761346,30.1646862826162],[-97.7516936580373,30.1646920394993],[-97.7517039171318,30.1646984752182],[-97.7517169459192,30.1646993831698],[-97.7517295480041,30.1647004043286],[-97.7517421339008,30.164701565021],[-97.7517547014855,30.1647028670091],[-97.7517672487548,30.1647043075451],[-97.7517797746467,30.1647058875103],[-97.7517922760236,30.1647076077435],[-97.7518047508821,30.1647094654975],[-97.7518171991742,30.1647114625758],[-97.7518211684513,30.1647121471932],[-97.7518319437103,30.1647175700676],[-97.7518420239037,30.1647242115081],[-97.7518512573162,30.1647317255687],[-97.7518595411704,30.1647400334787],[-97.7518667843466,30.1647490476789],[-97.7518729064409,30.1647586681938],[-97.7518778416996,30.1647687908315],[-97.7518815370165,30.1647793044366],[-97.7518839517877,30.1647900963013],[-97.7518892758062,30.1648059971913],[-97.7518933706756,30.1648164033559],[-97.7518979075018,30.1648266695489],[-97.7519028814329,30.1648367830399],[-97.7519082824997,30.1648467282881],[-97.7519141037264,30.1648564943247],[-97.7519203402126,30.164866070223],[-97.7519269771613,30.1648754268097],[-97.7519340123525,30.1648845694541],[-97.7519414317375,30.1648934798261],[-97.7519492273989,30.1649021433286],[-97.7519573871474,30.1649105497901],[-97.7519658998553,30.1649186881583],[-97.7519747565191,30.1649265456186],[-97.7519839407738,30.1649341128177],[-97.7519934414918,30.1649413787033],[-97.7520032465078,30.1649483322017],[-97.7520133372362,30.1649549693289],[-97.7520237091864,30.1649612638266],[-97.7520349302642,30.1649702914666],[-97.7520545845444,30.1649827366686],[-97.7520650895562,30.1649888705242],[-97.7520757786213,30.1649947617541],[-97.7520866393574,30.1650004074015],[-97.7520976676611,30.1650058055788],[-97.7521088543603,30.1650109497849],[-97.7521201912,30.1650158380485],[-97.7521316720493,30.1650204666367],[-97.7521432897392,30.1650248317955],[-97.7521550328774,30.1650289323928],[-97.7521668974084,30.1650327647373],[-97.7521788720361,30.1650363240898],[-97.7521909505091,30.1650396112263],[-97.7522031235827,30.1650426223512],[-97.7523076051915,30.1650853621458],[-97.7523282884683,30.1650956353879],[-97.7523395719684,30.1651006163987],[-97.7523510430156,30.1651052628158],[-97.7523626914721,30.1651095654114],[-97.7523745018659,30.1651135202643],[-97.7523864576631,30.1651171243339],[-97.7523985507053,30.1651203720417],[-97.7524107624069,30.1651232594036],[-97.7524230824853,30.1651257826029],[-97.7524354932966,30.1651279412839],[-97.7524479804068,30.1651297315461],[-97.7524605241442,30.1651311511881],[-97.7524731245088,30.16513220021],[-97.7524857619734,30.1651328709994],[-97.7524984156601,30.1651331676469],[-97.7525110699524,30.1651330916424],[-97.752523716523,30.1651326437202],[-97.7525363379448,30.165131815408],[-97.7525489183604,30.1651306172141],[-97.7525614464254,30.1651290462027],[-97.7525739043754,30.1651271065274],[-97.7525928100026,30.1651381144752],[-97.7526033731576,30.1651441727599],[-97.7526139707059,30.1651501875228],[-97.752624602768,30.1651561542547],[-97.7526352641302,30.165162073753],[-97.7526459670306,30.1651679543852],[-97.7526566982655,30.1651737850573],[-97.7526674639418,30.1651795704038],[-97.7526782609461,30.1651853103621],[-97.7526890893503,30.1651910022268],[-97.7526999521959,30.1651966487659],[-97.7527108464175,30.1652022481131],[-97.7527217699152,30.1652078011283],[-97.7527327278542,30.1652133088181],[-97.7527437099523,30.1652187673657],[-97.7527547336846,30.1652241834399],[-97.7527657816962,30.1652295458626],[-97.7527768620493,30.1652348638199],[-97.7527879717266,30.1652401336413],[-97.7527991096903,30.1652453553063],[-97.7528102779678,30.1652505306601],[-97.7528214755695,30.1652556578782],[-97.7528327014334,30.1652607378416],[-97.7528439566214,30.1652657696692],[-97.7528552411577,30.1652707524592],[-97.7528665519285,30.1652756861488],[-97.7528778919753,30.1652805735064],[-97.7528892593426,30.1652854099809],[-97.7529006539342,30.1652901991796],[-97.7529120737224,30.1652949392569],[-97.7529235228106,30.1652996321003],[-97.7529349971436,30.1653042740187],[-97.7529464977111,30.1653088668367],[-97.7529580234992,30.1653134096315],[-97.7529695765115,30.1653179051505],[-97.7529811475275,30.1653223486962],[-97.7529927615043,30.1653267389669],[-97.7530043817068,30.1653310905618],[-97.7530160345156,30.1653353877707],[-97.7530277127376,30.1653396277416],[-97.7530394097842,30.1653438238766],[-97.7530511338383,30.1653479808525],[-97.7530628731194,30.1653520731663],[-97.7530746532854,30.1653561121632],[-97.7530972208887,30.1653635673844],[-97.7531089804712,30.1653676384472],[-97.7531206839929,30.1653718256819],[-97.753132333674,30.1653761237193],[-97.7531439294423,30.165380535265],[-97.7531554590361,30.1653850528531],[-97.7531669436246,30.1653897003711],[-97.7531783654171,30.165394444074],[-97.7531897156772,30.1653993000277],[-97.753201016441,30.165404259653],[-97.7532051788812,30.1654061509287],[-97.7532122381184,30.165409342205],[-97.7532160670798,30.1654111220876],[-97.7532212677456,30.1654204505548],[-97.7532269536402,30.1654302742572],[-97.7532327665877,30.1654400454781],[-97.7532387036432,30.165449757842],[-97.7532447647584,30.1654594131524],[-97.7532509489677,30.1654690086828],[-97.7532572552093,30.1654785453141],[-97.7532636782938,30.1654880229419],[-97.753270228961,30.1654974282474],[-97.7532769026262,30.1655067773804],[-97.753283692265,30.1655160611757],[-97.7532905989875,30.1655252769489],[-97.7532976217318,30.1655344255809],[-97.7533047625736,30.1655435071133],[-97.7533120195095,30.1655525187989],[-97.7533193926116,30.165561457932],[-97.7533268766185,30.1655703271137],[-97.7533344757537,30.165579123722],[-97.753342186976,30.1655878449886],[-97.7533500081855,30.1655964917734],[-97.7533579404442,30.1656050631956],[-97.7533659807348,30.165613555585],[-97.753374129009,30.1656219707452],[-97.7533823852911,30.1656303077743],[-97.7533907496533,30.1656385639669],[-97.7533992159163,30.1656467373937],[-97.7534058055814,30.1656563943262],[-97.7534163903238,30.1656624259071],[-97.7534268976197,30.1656685578895],[-97.7534373243555,30.1656747902107],[-97.7534476725108,30.1656811265201],[-97.7534579370886,30.1656875594981],[-97.7534681190065,30.1656940936751],[-97.753478216237,30.1657007272055],[-97.7534882257627,30.1657074564191],[-97.7534981506731,30.1657142822806],[-97.7535157843856,30.1657279371588],[-97.7535253503649,30.1657351383725],[-97.7535349964015,30.1657422581844],[-97.7535447224712,30.1657492974965],[-97.7535545265705,30.1657562535614],[-97.7535644065997,30.1657631272389],[-97.7535743657686,30.1657699149846],[-97.7535843977295,30.165776621182],[-97.7535945057646,30.1657832395811],[-97.753604686664,30.1657897737263],[-97.7536149414896,30.1657962227368],[-97.753625267248,30.1658025820406],[-97.753635663819,30.1658088561469],[-97.7536461292471,30.1658150405045],[-97.7536566634842,30.1658211369172],[-97.7536672655164,30.1658271444623],[-97.7536779353918,30.1658330613359],[-97.7536886699727,30.1658388883772],[-97.7536994703452,30.1658446238033],[-97.7537118586619,30.1658555661031],[-97.7537209356188,30.1658632320726],[-97.7537301754893,30.1658707470259],[-97.7537395782494,30.1658781118649],[-97.7537491357646,30.1658853201095],[-97.7537588479627,30.1658923744648],[-97.7537687098467,30.1658992676118],[-97.753778718303,30.1659059994874],[-97.7537888702903,30.1659125673235],[-97.7537991627669,30.1659189683517],[-97.7538095916295,30.1659252006846],[-97.7538201527507,30.1659312633368],[-97.7538308410612,30.1659371516942],[-97.7538416565611,30.1659428657569],[-97.7538525920334,30.1659484035747],[-97.7538636455226,30.1659537605966],[-97.7538748128529,30.1659589376407],[-97.753886089897,30.1659639337215],[-97.7538974726476,30.1659687433441],[-97.7539089559153,30.1659733664041],[-97.7539205365864,30.1659778028386],[-97.7539322115954,30.1659820507812],[-97.7539439779248,30.1659861065616],[-97.7539558272473,30.1659899709144],[-97.7539677585733,30.165993642015],[-97.7539797678233,30.1659971170741],[-97.753991847708,30.1660003968473],[-97.7540039982755,30.1660034795306],[-97.7540176727994,30.1660182916512],[-97.7540256655148,30.1660268191322],[-97.7540337121986,30.1660353088999],[-97.7540418149748,30.1660437591925],[-97.754049968654,30.1660521699054],[-97.7540581773395,30.1660605429259],[-97.7540664369279,30.1660688763667],[-97.7540747494952,30.1660771702696],[-97.7540831150652,30.1660854237327],[-97.7540915336621,30.1660936358541],[-97.7541000031379,30.1661018092977],[-97.7541085245786,30.1661099422805],[-97.7541170980325,30.1661180329989],[-97.7541257213754,30.1661260832147],[-97.7541343956454,30.1661340929489],[-97.7541431219526,30.1661420595168],[-97.7541518971351,30.1661499846593],[-97.7541607232688,30.1661578684183],[-97.7541723253989,30.1661697901021],[-97.7541805182479,30.1661781736233],[-97.7541887270036,30.1661865448319],[-97.7541969505798,30.1661949055105],[-97.7542051890008,30.1662032547574],[-97.7542134433044,30.1662115925935],[-97.7542217134906,30.1662199190187],[-97.7542299995593,30.1662282340332],[-97.7542382923141,30.1662365320374],[-97.7542466173411,30.166244827082],[-97.7542549490059,30.1662531069203],[-97.7542632966015,30.1662613735439],[-97.7542716590176,30.1662696296376],[-97.7542800373164,30.1662778743205],[-97.7542884294702,30.166286105747],[-97.7542968456171,30.1662943331447],[-97.7543052634772,30.166302535311],[-97.7543137022409,30.166310732484],[-97.7543221528078,30.1663189154569],[-97.7543306253884,30.1663270907518],[-97.7543391158792,30.1663352564813],[-97.7543483481304,30.166344461302],[-97.7543568749713,30.1663525880601],[-97.7543656002065,30.1663605572977],[-97.7543745157253,30.1663683616324],[-97.7543836215037,30.1663760019663],[-97.7543929106375,30.1663834646252],[-97.7544023826453,30.1663907676459],[-97.7544120288119,30.1663978873922],[-97.7544218479549,30.1664048292543],[-97.7544318329777,30.1664115867728],[-97.7544419818284,30.166418159004],[-97.7544522883278,30.1664245440185],[-97.754462747455,30.1664307353991],[-97.7544733571341,30.1664367331038],[-97.7544841101961,30.1664425333788],[-97.7544950035513,30.1664481352595],[-97.754506030055,30.1664535340903],[-97.7545225838669,30.166458089613],[-97.7545344455054,30.1664619234797],[-97.7545461140355,30.1664661838669],[-97.7545575678543,30.1664708631206],[-97.7545687874586,30.1664759527272],[-97.7545797533691,30.1664814432708],[-97.7545904461068,30.1664873253358],[-97.754600849282,30.1664935904711],[-97.7546109414121,30.1665002265137],[-97.7546207072175,30.1665072223277],[-97.7546345939126,30.1665150230269],[-97.7546453825428,30.1665207752787],[-97.7546563019566,30.1665263352607],[-97.7546673532881,30.1665316993865],[-97.7546785262064,30.1665368656431],[-97.754689817622,30.1665418330662],[-97.7547012244693,30.166546599789],[-97.754712741679,30.1665511611979],[-97.7547243640377,30.1665555180902],[-97.754736085366,30.1665596685365],[-97.7547479015844,30.1665636097478],[-97.7547598075757,30.1665673389139],[-97.7547718001781,30.1665708577758],[-97.7547838722224,30.1665741625797],[-97.7547960206189,30.166577252361],[-97.7548082371127,30.1665801251488],[-97.7548205206417,30.1665827818238],[-97.754832861937,30.1665852194926],[-97.7548452589708,30.1665874363093],[-97.7548577012198,30.1665894374762],[-97.7548722207111,30.1665864436724],[-97.7548846767749,30.1665845019264],[-97.754897230325,30.1665831098583],[-97.7549098500566,30.1665822731535],[-97.7549225027093,30.1665819929469],[-97.7549351550707,30.1665822685694],[-97.7549477749426,30.1665831002745],[-97.7549603280746,30.1665844873726],[-97.7549727875782,30.1665864257126],[-97.754985116258,30.166588908229],[-97.7549972840875,30.16659193161],[-97.7550092601948,30.1665954853081],[-97.7550210146738,30.1665995615023],[-97.7550325166045,30.1666041514488],[-97.7550437352354,30.1666092400911],[-97.7550577629231,30.1666202432507],[-97.7550669656333,30.166627795254],[-97.7550760089321,30.166635483907],[-97.7550848882108,30.1666433262611],[-97.7550936208936,30.1666512919882],[-97.7551021731186,30.166659404769],[-97.7551105611758,30.1666676378621],[-97.7551187660704,30.1666760026149],[-97.7551268013431,30.1666844974955],[-97.7551346690697,30.166693122546],[-97.7551423510253,30.1667018602548],[-97.755149844749,30.1667107250098],[-97.7551571641665,30.1667197008495],[-97.7551642947713,30.1667287865795],[-97.7551712335461,30.1667379785297],[-97.7551779810956,30.1667472929542],[-97.7551845351963,30.166756696422],[-97.755190895391,30.1667662060683],[-97.7551970597722,30.1667758155382],[-97.7552030120706,30.1667855118717],[-97.7552528123645,30.1668633520582],[-97.7554319593269,30.1671433885213],[-97.7555571287176,30.1673390452762],[-97.7555715836421,30.1673616402093],[-97.755727728706,30.1675109650768],[-97.756080184761,30.167848011371],[-97.7565464282179,30.1682938603525],[-97.7567817080638,30.1685188438815],[-97.7571127854162,30.1688354269355],[-97.7576850277949,30.1691386457638],[-97.7582075023729,30.1694154881163],[-97.758444696207,30.1695411693597],[-97.7586180803192,30.1696330520715],[-97.758877638924,30.1698259764977],[-97.7592816192449,30.1701262431645],[-97.759674204483,30.1702323233786],[-97.7602583396221,30.1700881521065],[-97.7605157623077,30.1699137852014],[-97.7609810448439,30.1697562476048],[-97.7612691083147,30.169739024073],[-97.7616888870888,30.1697139241126],[-97.7626099338199,30.1693946882709],[-97.763351454798,30.1693200545747],[-97.7635192834557,30.1691627244851],[-97.7638711367603,30.1688328470678],[-97.7638654534127,30.1684990107571],[-97.7638781494783,30.1682131521318],[-97.7644259843906,30.1684372413385],[-97.7648300343834,30.1686025301594],[-97.7650955487118,30.1687509013663],[-97.7654778347893,30.1689644952744],[-97.7658169962692,30.1691539925341],[-97.7658683651689,30.1691826910327],[-97.7659852192471,30.1692456307766],[-97.7663036925189,30.169417166872],[-97.7668677399735,30.1697385808855],[-97.7672438840121,30.1699523250559],[-97.7680752502462,30.1704266484016],[-97.7681000665213,30.1704135584532],[-97.7683556819651,30.1702877113098],[-97.7682286126568,30.1704122571759],[-97.7682272312046,30.1704261172429],[-97.7682261813176,30.1704370712353],[-97.7682251930121,30.1704480526292],[-97.7682242376006,30.1704590076125],[-97.7682233437468,30.1704699908992],[-97.7682224516728,30.1704809462494],[-97.7682216232084,30.1704919308466],[-97.7682208570439,30.1705029157898],[-97.7682201216735,30.1705138751826],[-97.7682194198367,30.1705248623172],[-97.7682187470619,30.1705358500343],[-97.7682181386389,30.1705468390409],[-97.7682175634297,30.1705578287132],[-97.7682170494586,30.1705688196126],[-97.7682165666255,30.170579811136],[-97.7682161169822,30.1705908042268],[-97.7682157324808,30.1706017688462],[-97.7682153450895,30.1706127640869],[-97.7682150532362,30.1706237594374],[-97.7682147614067,30.1706347538862],[-97.7682145328674,30.1706457505055],[-97.7682143666042,30.1706567483728],[-97.7682142013789,30.170667746261],[-97.7682140994676,30.1706787454179],[-97.7682140619085,30.1706897458644],[-97.7682140534116,30.1707007468933],[-97.7682140781286,30.1707117485878],[-97.7682141339838,30.1707227509064],[-97.7682142541911,30.1707337545144],[-97.7682144052406,30.1707447307684],[-97.7682146209383,30.17075573629],[-97.76821483456,30.1707667417701],[-97.7682151454043,30.1707777230309],[-97.7682154545164,30.1707887304246],[-97.7682162363485,30.1708105283221],[-97.7683246975748,30.1712248614368],[-97.7683448016224,30.171357114457],[-97.7683543390214,30.1714199570031],[-97.7683630691681,30.1714773351082],[-97.768387004047,30.1716346404598],[-97.7683804999534,30.1716769746553],[-97.7682276104618,30.1716389276842],[-97.7679287811649,30.1715645659826],[-97.767592341694,30.1714808703733],[-97.7673420029184,30.1714185905053],[-97.7669337446192,30.1713170048801],[-97.7667428691754,30.1712695312545],[-97.7665303894508,30.1713239338762],[-97.7665094201683,30.171329289204],[-97.7654415771631,30.1716014132917],[-97.7652696595706,30.1715588267158],[-97.7651045975951,30.1715179466054],[-97.7648898486381,30.1714647649236],[-97.7646704282323,30.1714694656469],[-97.7644590232493,30.1714941564586],[-97.764288193913,30.1715142157129],[-97.7638670912103,30.1715636561727],[-97.7634144017314,30.1703964700248],[-97.7630456084473,30.1704979350356],[-97.7620020179165,30.1707850521434],[-97.7618476355384,30.1703559560983],[-97.761176031934,30.1704886417739],[-97.7611283654316,30.1704980796893],[-97.7609333681571,30.1705365977381],[-97.7607258980502,30.1705775889531],[-97.7605686419357,30.1706086690929],[-97.7603957910359,30.1706428184192],[-97.7602289871331,30.1706757978343],[-97.7600690578743,30.1707073749566],[-97.7598869791672,30.1707433737555],[-97.7597339853113,30.1707736028541],[-97.7597170205219,30.1707711458004],[-97.759534921051,30.1707449027012],[-97.7593637643019,30.1707202563399],[-97.7593508990083,30.1707184023169],[-97.7591851922974,30.1706566811484],[-97.7590563120118,30.1706087092854],[-97.7588994824747,30.1705107806702],[-97.7584989282131,30.1702606953762],[-97.7582394479728,30.170098681112],[-97.7581571889914,30.1700473005855],[-97.7580064136133,30.1699812844771],[-97.7575821482186,30.1697955182975],[-97.7576291147353,30.1696829862007],[-97.7560212255508,30.1691767154707],[-97.755590138703,30.1702165351589],[-97.7540642145434,30.169727513361],[-97.7536339402464,30.1704027624147],[-97.7535916859404,30.1704691011953],[-97.7535391550411,30.1705515704738],[-97.7534022346346,30.1707664362643],[-97.7533718871299,30.1707552970967],[-97.7533416582539,30.1707439157809],[-97.7533115510243,30.170732295987],[-97.7532815665034,30.1707204368341],[-97.753251706743,30.1707083392662],[-97.7532230257189,30.1706973292999],[-97.7531923789809,30.1706834355538],[-97.7531629129591,30.1706706330588],[-97.7531335830436,30.1706575950846],[-97.7531043933139,30.1706443244208],[-97.7530753415982,30.1706308246327],[-97.7530464341963,30.1706170931406],[-97.7530176731603,30.1706031308883],[-97.7529890614595,30.1705889433497],[-97.7529605981284,30.1705745277984],[-97.7529322882847,30.1705598870447],[-97.752904132918,30.1705450229133],[-97.7528761372424,30.1705299346072],[-97.7528482991339,30.170514623888],[-97.7525746934141,30.1703740025589],[-97.7525642106359,30.1703689574152],[-97.7525545158633,30.1703643089424],[-97.752553302346,30.1703495529997],[-97.7525522037394,30.1703390881589],[-97.7525544723015,30.170328764295],[-97.7525599297245,30.1703193863027],[-97.7525760850548,30.1702935813818],[-97.752589741224,30.1702667082416],[-97.7526008081866,30.1702389500454],[-97.752609207194,30.1702104946961],[-97.7526148821637,30.1701815368695],[-97.7526177947305,30.1701522688915],[-97.7526179249231,30.1701228942867],[-97.7526152747833,30.1700936089023],[-97.752609857698,30.1700646115211],[-97.7525854569398,30.1699557846595],[-97.7525364022441,30.1697370015122],[-97.7524977536286,30.1695507939106],[-97.752456955147,30.1693653388076],[-97.7524160856039,30.1691784286019],[-97.7523770329993,30.168999821284],[-97.7523428029304,30.1688432712521],[-97.7523288288522,30.168779361531],[-97.7523074397185,30.1686816380839],[-97.7522710846383,30.1685155427247],[-97.7522369962343,30.1683598058159],[-97.7522280268006,30.1683188314174],[-97.7521989412591,30.1681859404656],[-97.7521935546052,30.1681613335269],[-97.7521597515845,30.1680068962969],[-97.7521269502092,30.1678570297177],[-97.7520925605755,30.1676999133473],[-97.7520594758842,30.1675481037309],[-97.7520185390763,30.1673632249986],[-97.7519143143761,30.1668925384496],[-97.7514879177545,30.1669932550348],[-97.7512902219241,30.167039949397],[-97.751121843646,30.1670797211821],[-97.7509560423659,30.1671188824276],[-97.7507822369337,30.1671599329689],[-97.7506201390107,30.1671982201538],[-97.750449306583,30.1672382528521],[-97.7502896238154,30.1672763853343],[-97.7502825002446,30.1672780859473],[-97.7501144448846,30.1673170499402],[-97.7499472953934,30.1673558019035],[-97.7499017646958,30.1673665068078],[-97.7497390424723,30.1674048515758],[-97.7495703696052,30.1674446000618],[-97.7494016903477,30.1674843491019],[-97.7492339214963,30.1675238717701],[-97.7490621284769,30.1675643650948],[-97.7488986196604,30.1676028959527],[-97.7487247763009,30.1676438599576],[-97.7485064806194,30.1676952999743],[-97.7482927911571,30.1677456587143],[-97.7481461389688,30.1677801554452],[-97.7480976200412,30.1677924190514],[-97.748061685346,30.1678014935066],[-97.7480226266431,30.1678189254244],[-97.7478538341742,30.1678942581756],[-97.7476816603303,30.1679710996834],[-97.7475583253043,30.168026125627],[-97.7474919759278,30.1680710605126],[-97.7474546376704,30.1680963349053],[-97.7473220973892,30.1681860552479],[-97.7472902914708,30.1682075847936],[-97.747112948326,30.1683276096493],[-97.7469807832776,30.1684170990189],[-97.7468284897523,30.1685201911503],[-97.7466734207458,30.1686251589164],[-97.7466154395206,30.1686637331877],[-97.7465230010847,30.16872685115],[-97.7463729841564,30.168828189518],[-97.7462285562918,30.1689257534292],[-97.7460729302632,30.1690308806836],[-97.7459423479569,30.1691190908297],[-97.7458198719796,30.1692018242287],[-97.745790187102,30.1692218758616],[-97.7460141639132,30.1694718695835],[-97.7459876778345,30.1694892329018],[-97.7459607364664,30.1695060690724],[-97.7459333629569,30.1695223668327],[-97.7459055668168,30.1695381200583],[-97.7458773680807,30.1695533174237],[-97.7458494322521,30.1695676159593],[-97.7458487722041,30.169567949113],[-97.7458204942211,30.1695816839864],[-97.7458198051594,30.1695820147487],[-97.7457912428807,30.1695951582545],[-97.7457904765539,30.1695955045991],[-97.745761539777,30.1696080901047],[-97.7457608001948,30.1696084072128],[-97.7457314100135,30.1696204728254],[-97.7457298848427,30.1696210799435],[-97.7457010008315,30.1696322372062],[-97.7457004731068,30.1696324376841],[-97.7456706445121,30.1696432681491],[-97.7456698539268,30.1696435508393],[-97.7456389487636,30.1696540581541],[-97.7452673894054,30.1697737490566],[-97.7452369030203,30.1697841654868],[-97.7452065869147,30.1697949318489],[-97.7451764400019,30.1698060499257],[-97.7451755419759,30.1698063890922],[-97.7451464674472,30.1698175207242],[-97.7451166735468,30.1698293389173],[-97.7450870655903,30.1698415037503],[-97.7450585502706,30.1698536238974],[-97.7450576478498,30.1698540107978],[-97.745028427518,30.1698668629126],[-97.7449995940053,30.1698799673753],[-97.7449994058016,30.1698800538029],[-97.744970597449,30.1698935756461],[-97.7450629121577,30.1700363967552],[-97.7450752732347,30.1700327919308],[-97.7450882145199,30.1700314086522],[-97.7451012121506,30.1700323030993],[-97.7451137416624,30.1700354375974],[-97.7451252954646,30.1700406872869],[-97.7451354077987,30.1700478388231],[-97.7452282174802,30.1701432260171],[-97.744901238095,30.1703112637759],[-97.7450232680694,30.1704364974587],[-97.7451407689577,30.1705570979987],[-97.7452605725739,30.1706784704607],[-97.745247516876,30.170688078021],[-97.7451429691669,30.1707650257244],[-97.7451043644176,30.1707934383481],[-97.7450609002417,30.1708254288096],[-97.7450608684516,30.1708254525298],[-97.74496387471,30.170896846478],[-97.7447605676294,30.1710464848046],[-97.7446559438812,30.1711234892426],[-97.7445809230494,30.1713882570772],[-97.744580784123,30.1713887523559],[-97.7448222226111,30.1713363584042],[-97.7448224503312,30.1713363088691],[-97.7450246031025,30.1712924457195],[-97.7450247744113,30.1712924085784],[-97.7450358090479,30.1713283307325],[-97.7448311308098,30.1713742398553],[-97.744616360846,30.1714224124479],[-97.7446157966623,30.1714225390952],[-97.7449009159742,30.1716977544087],[-97.7449448915436,30.1717128337448],[-97.7450363126437,30.1717441841352],[-97.7452024225874,30.1718011468448],[-97.7453482328724,30.1716953230679],[-97.7453484870747,30.1716951378149],[-97.7453807744686,30.1716717045968],[-97.7455846121066,30.1715214624079],[-97.7456384321943,30.1714817604299],[-97.745730056816,30.1714141726544],[-97.7457898689035,30.1713700502979],[-97.7458640255245,30.1713153474608],[-97.7458740304086,30.1713079791188],[-97.7459367003086,30.1713730823886],[-97.7459781377476,30.1714161293272],[-97.7460154699622,30.1714549118606],[-97.7460957644734,30.1715383241163],[-97.7461622198765,30.1716072728308],[-97.7462312782777,30.1716789215648],[-97.7464514110853,30.1717906894914],[-97.7467340726859,30.1719342022867],[-97.7468508657498,30.1719427197836],[-97.7468508978778,30.1719427222374],[-97.7469204065442,30.1719477919885],[-97.7471190788097,30.1719622794804],[-97.7471247006878,30.1719626899318],[-97.7473010584947,30.1719755514622],[-97.7473266720909,30.1719774197105],[-97.7473339389228,30.1719779482038],[-97.7474828065824,30.1719592905496],[-97.7475843550622,30.171946205254],[-97.7476377096096,30.1719393271459],[-97.7477391435357,30.1719262520471],[-97.7478000709969,30.1719183980183],[-97.7479854619144,30.1718944914177],[-97.747985553688,30.1718944770292],[-97.7480374617026,30.1718883302069],[-97.748158921008,30.171873935767],[-97.7482575700702,30.1714939306931],[-97.7482894775906,30.1714697609029],[-97.7483099605685,30.1714523841519],[-97.7483131027343,30.1714497180492],[-97.7483232579943,30.171443826066],[-97.7483347295663,30.1714402047666],[-97.7483467610615,30.1714390617525],[-97.7483468795797,30.1714390569272],[-97.7483589688782,30.1714404506353],[-97.7483701494385,30.1714442144667],[-97.7483703522,30.1714442826269],[-97.7483705310172,30.171444391811],[-97.7483803505132,30.1714503921096],[-97.7486362246173,30.1716769590663],[-97.748657972381,30.1716965114168],[-97.7486595851556,30.1716979877148],[-97.7486801582358,30.1717171960142],[-97.7486808531637,30.1717178498001],[-97.7487019348203,30.1717382729795],[-97.7487025045657,30.1717388312974],[-97.7487233382219,30.1717597908654],[-97.7487237001578,30.1717601591067],[-97.748744394559,30.1717817826835],[-97.7487444359811,30.1717818259296],[-97.7487647038766,30.1718038261876],[-97.7487844967716,30.1718261525195],[-97.7488038046242,30.17184879209],[-97.7488226222927,30.171871742991],[-97.7488409459147,30.1718949943166],[-97.7488587684413,30.1719185378038],[-97.7488760807479,30.1719423651476],[-97.7488928809515,30.1719664690914],[-97.7489091630169,30.171990842295],[-97.7490581647025,30.1722190394802],[-97.7490751139074,30.1722440992708],[-97.7490929055615,30.1722686463971],[-97.7490929416736,30.1722686940475],[-97.7491115856744,30.1722927467558],[-97.7491116298731,30.1722928026905],[-97.7491310195988,30.1723162315989],[-97.7491311604744,30.1723164004722],[-97.7491514024993,30.1723393367655],[-97.7491515184873,30.1723394654337],[-97.749172470488,30.1723617555487],[-97.74917267958,30.1723619754274],[-97.7491945548246,30.1723838384244],[-97.7491946286898,30.1723839111998],[-97.7492172533778,30.1724051667123],[-97.749217342523,30.1724052506243],[-97.7492406516724,30.1724258432002],[-97.7492408008509,30.1724259734407],[-97.7492649792694,30.172446060207],[-97.7492898595774,30.1724654925088],[-97.7493154121567,30.1724842517009],[-97.7493416157164,30.1725023184044],[-97.7493684467452,30.1725196786091],[-97.7493958797522,30.1725363146558],[-97.7494238852634,30.1725522024885],[-97.7494514102729,30.1725667965958],[-97.7494524405882,30.1725673362348],[-97.7496973487575,30.1726810793032],[-97.7496913227398,30.1726900342438],[-97.7495143357414,30.1729530372234],[-97.7495019299739,30.1729714732277],[-97.7494814619024,30.1730018828714],[-97.7493211770554,30.1732421365571],[-97.7490134468633,30.1731551482545],[-97.7487162142709,30.1730711214727],[-97.7484100588379,30.1729845469871],[-97.7480277089372,30.1728769343921],[-97.7478967928508,30.1728392292008],[-97.7478774705515,30.1728336658575],[-97.747750598617,30.1727977827984],[-97.7476955532426,30.1727822137517],[-97.7474079507773,30.1727008706552],[-97.7471044057287,30.1726150179753],[-97.7468070824621,30.1725308901216],[-97.7465056201746,30.1724455987332],[-97.7462055559321,30.1723607066421],[-97.7459123635673,30.1722777709434],[-97.7456050547165,30.1721908207473],[-97.745305557638,30.1721060967933],[-97.7450013615053,30.1720200273798],[-97.7447029373868,30.1719356061223],[-97.7444051258828,30.1718513625791],[-97.7441191816887,30.1717704597003],[-97.7441077987213,30.1717672391175],[-97.7437170698192,30.1716566909602],[-97.743693682723,30.1716501018044],[-97.7435365426474,30.1716057626821],[-97.7434719931478,30.1718199458089],[-97.7433733792776,30.1721412298156],[-97.7432746087721,30.1724631025315],[-97.7432630459218,30.1725007666056],[-97.7432078072746,30.1726807094749],[-97.743199748387,30.1727085683975],[-97.7431927312073,30.1727366180368],[-97.7431871138049,30.1727629680298],[-97.7431867231036,30.1727647972766],[-97.7431862755532,30.1727673526545],[-97.7431826585235,30.1727879997665],[-97.7431817537408,30.1727931617594],[-97.7431808508835,30.1727997630143],[-97.7431790324457,30.1728130139929],[-97.7431777926579,30.1728216856037],[-97.7431763750582,30.1728357125794],[-97.743175806263,30.1728413966038],[-97.7431749051547,30.172850257339],[-97.7431743724965,30.1728584677281],[-97.7431736226656,30.1728698598649],[-97.7431730302089,30.1728789064101],[-97.7431727997703,30.1728869613966],[-97.7431724628759,30.1728983682054],[-97.7431721984795,30.1729075738834],[-97.7431722565015,30.1729154831146],[-97.7431723537707,30.1729285923898],[-97.7431724108602,30.1729362651907],[-97.74317273924,30.1729440066444],[-97.7431732228863,30.1729554093028],[-97.7431736360216,30.1729649481166],[-97.7431742456707,30.1729725021621],[-97.7431753413143,30.1729861405556],[-97.7431759387059,30.1729935707332],[-97.7431766429159,30.1729995728726],[-97.7431788001397,30.173017969099],[-97.7431792888617,30.1730221306278],[-97.7431799335886,30.1730263611838],[-97.7431829684589,30.1730462649227],[-97.7431836214627,30.1730505741492],[-97.7431845723839,30.1730555472055],[-97.7431884086497,30.1730756187522],[-97.7431890361779,30.1730789024115],[-97.743189756161,30.1730820688334],[-97.7431946406171,30.1731035620121],[-97.7431954348386,30.1731070583858],[-97.7431963312919,30.173110421478],[-97.7432024709238,30.1731334406359],[-97.743202883322,30.173134986558],[-97.7432031373496,30.1731358155292],[-97.7432103651922,30.1731596931697],[-97.7432112887658,30.1731627418959],[-97.7432117878765,30.1731641136173],[-97.7432310647973,30.1732171232901],[-97.7432313264352,30.1732177845811],[-97.7432420179592,30.1732430497118],[-97.7432425892942,30.1732444003362],[-97.7432431873532,30.1732456838262],[-97.7432549856848,30.1732709975185],[-97.7433392863819,30.1734421218834],[-97.7433559120511,30.1734805241441],[-97.7434119782612,30.1736167126896],[-97.7434312609317,30.1736635477735],[-97.7434346329044,30.1736694035684],[-97.7434460732596,30.1736892842635],[-97.7434617912692,30.173714630318],[-97.7434783441875,30.1737395529233],[-97.7434934188177,30.1737607343172],[-97.7434957649893,30.1737640229691],[-97.7435330742975,30.1738115629276],[-97.7435655604804,30.1738525626303],[-97.743744554832,30.1740783908081],[-97.743921411685,30.1743015830792],[-97.7440613025767,30.1744781906069],[-97.7440927963365,30.1745179510419],[-97.744214158306,30.1746711452115],[-97.7442611025223,30.1747304026308],[-97.7442735387099,30.1747457637462],[-97.7442746099625,30.1747471010161],[-97.7442939188141,30.1747697638613],[-97.7443258430806,30.1748042389488],[-97.7443266212759,30.1748050794213],[-97.7444864592226,30.1749690331173],[-97.7446880230034,30.175176259958],[-97.7448908550962,30.1753847889167],[-97.745093719252,30.1755933163844],[-97.7450939746397,30.1755935913459],[-97.745161395699,30.1756628966603],[-97.7451829899854,30.1756839606184],[-97.7451902912351,30.1756906591822],[-97.7452053280681,30.1757044359492],[-97.7452283778665,30.1757243183946],[-97.7452521103664,30.1757435279621],[-97.7452765562961,30.1757621194126],[-97.7452987952274,30.1757779998416],[-97.7453246839222,30.1757954203471],[-97.7453273732708,30.1757972225391],[-97.7453299298085,30.1757988262394],[-97.7453490313903,30.1758108254558],[-97.7453537092649,30.1758137632826],[-97.7453580836428,30.1758163223096],[-97.7453795036048,30.1758288520426],[-97.7453806386222,30.1758295156462],[-97.7453816825877,30.1758300889801],[-97.745407654082,30.1758443412427],[-97.7454080625632,30.1758445615492],[-97.7454360716346,30.1758588549986],[-97.7454645806732,30.1758723572763],[-97.7454935514416,30.1758851000932],[-97.7455229546105,30.1758970539812],[-97.7455527611638,30.175908216549],[-97.7455757679443,30.1759167178233],[-97.7458642013183,30.1760233407292],[-97.7458940743342,30.176034389963],[-97.7462394516868,30.1761620964428],[-97.7462430452521,30.1761634088752],[-97.7463017178464,30.1761848384888],[-97.7463179610755,30.1761907639312],[-97.7463440811834,30.1762011416741],[-97.7463948674931,30.1762244168555],[-97.7464429678794,30.1762507273298],[-97.7464434639178,30.176251013468],[-97.7464366577062,30.1762580954995],[-97.746251426733,30.1764508452993],[-97.7460591578444,30.1766717137063],[-97.74587449715,30.1768838720011],[-97.745728271861,30.1770518526922],[-97.7457005480161,30.1772441995931],[-97.7456521969968,30.1775795826188],[-97.7457541866003,30.1776270875683],[-97.7460991312067,30.1777876873961],[-97.7463506815961,30.1779048275032],[-97.7463802866583,30.1779186160979],[-97.7465142464483,30.1778890656057],[-97.746869951141,30.1778091199984],[-97.7471798295363,30.1777394528128],[-97.7475921145927,30.177646764952],[-97.7477301466865,30.1776157461529],[-97.7475670865486,30.1777730436259],[-97.74749334578,30.1777949037937],[-97.7471718991619,30.1778655670126],[-97.7468616077829,30.1779337694769],[-97.7465053932075,30.1780120661293],[-97.7463109509292,30.1780539916152]]]]},"properties":{"LOCATION_NAME":"Onion Creek Greenbelt","ADDRESS":"7004 Onion Creek Dr., Austin, Texas 78744","ZIPCODE":"78744","PARK_TYPE":"Greenbelt","ACRES":null,"ASSET_STATUS":"Open","DEVELOPMENT_STATUS":"Level 1 Developed","GLOBALID":null}}]}