{"type":"FeatureCollection","features":[{"type":"Feature","id":"coa-park/None","geometry":{"type":"MultiPolygon","coordinates":[[[[-97.84833,30.29793],[-97.84805,30.29711],[-97.8481,30.29709],[-97.84821,30.29702],[-97.84833,30.29709],[-97.84854,30.2972],[-97.84857,30.29721],[-97.84885,30.29724],[-97.84892,30.2972],[-97.84911,30.29709],[-97.8492,30.29703],[-97.84928,30.29689],[-97.84942,30.29664],[-97.84953,30.29629],[-97.84964,30.29616],[-97.84997,30.29617],[-97.85019,30.29618],[-97.85029,30.29622],[-97.85063,30.29636],[-97.85092,30.29594],[-97.85115,30.29582],[-97.85176,30.29578],[-97.85174,30.29579],[-97.85173,30.29579],[-97.85172,30.2958],[-97.85172,30.29581],[-97.8519,30.29633],[-97.85079,30.29658],[-97.85044,30.29666],[-97.85041,30.29667],[-97.85038,30.29668],[-97.85035,30.29669],[-97.85032,30.2967],[-97.85029,30.29671],[-97.85026,30.29672],[-97.85023,30.29673],[-97.8502,30.29674],[-97.85017,30.29675],[-97.85014,30.29676],[-97.85011,30.29678],[-97.85008,30.29679],[-97.85005,30.2968],[-97.85002,30.29682],[-97.85,30.29683],[-97.84997,30.29685],[-97.84994,30.29686],[-97.84991,30.29688],[-97.84989,30.2969],[-97.84986,30.29691],[-97.84984,30.29693],[-97.84981,30.29695],[-97.84979,30.29697],[-97.84976,30.29698],[-97.84974,30.297],[-97.84971,30.29702],[-97.84969,30.29704],[-97.84967,30.29706],[-97.84964,30.29709],[-97.84962,30.2971],[-97.8496,30.29712],[-97.84958,30.29715],[-97.84956,30.29717],[-97.84954,30.29719],[-97.84952,30.29721],[-97.84949,30.29725],[-97.84927,30.29752],[-97.84916,30.29765],[-97.84914,30.29768],[-97.84912,30.2977],[-97.8491,30.29772],[-97.84908,30.29774],[-97.84906,30.29776],[-97.84904,30.29778],[-97.84902,30.2978],[-97.849,30.29782],[-97.84897,30.29784],[-97.84895,30.29786],[-97.84893,30.29788],[-97.8489,30.2979],[-97.84888,30.29792],[-97.84885,30.29793],[-97.84883,30.29795],[-97.8488,30.29797],[-97.84878,30.29798],[-97.84875,30.298],[-97.84872,30.29801],[-97.84869,30.29803],[-97.84867,30.29804],[-97.84864,30.29805],[-97.84861,30.29807],[-97.84858,30.29808],[-97.84855,30.29809],[-97.84852,30.2981],[-97.84849,30.29811],[-97.8484,30.29814],[-97.84833,30.29793]]],[[[-97.82839,30.28403],[-97.82803,30.28374],[-97.82762,30.28417],[-97.82738,30.28387],[-97.82786,30.28358],[-97.82765,30.28335],[-97.82732,30.283],[-97.82722,30.28265],[-97.8271,30.28226],[-97.82728,30.28218],[-97.82772,30.28198],[-97.82784,30.28157],[-97.82781,30.28146],[-97.82769,30.28106],[-97.82763,30.28085],[-97.8275,30.28042],[-97.82744,30.28021],[-97.82738,30.28],[-97.82725,30.27956],[-97.82718,30.27934],[-97.82715,30.27922],[-97.82713,30.27914],[-97.82709,30.27893],[-97.8271,30.27886],[-97.82712,30.27864],[-97.82714,30.27841],[-97.82717,30.27804],[-97.827,30.27796],[-97.82702,30.27793],[-97.82703,30.27792],[-97.82703,30.27791],[-97.82704,30.27788],[-97.82703,30.27785],[-97.82702,30.27783],[-97.82701,30.2778],[-97.82699,30.27778],[-97.82696,30.27776],[-97.82693,30.27775],[-97.82703,30.27727],[-97.82684,30.27708],[-97.82729,30.27643],[-97.82739,30.27627],[-97.82703,30.2761],[-97.82689,30.27591],[-97.82671,30.27569],[-97.82667,30.27564],[-97.82652,30.27546],[-97.82621,30.27507],[-97.82599,30.2748],[-97.82557,30.27427],[-97.82548,30.27449],[-97.82546,30.27464],[-97.82545,30.27472],[-97.82543,30.27488],[-97.8254,30.27499],[-97.82532,30.2752],[-97.82516,30.2751],[-97.8252,30.275],[-97.82527,30.27481],[-97.8253,30.27462],[-97.82531,30.27449],[-97.82533,30.27442],[-97.82541,30.27418],[-97.82548,30.27392],[-97.82546,30.27382],[-97.82533,30.27365],[-97.82521,30.2735],[-97.82516,30.27345],[-97.82492,30.27315],[-97.82483,30.27279],[-97.82473,30.27286],[-97.8246,30.2727],[-97.8247,30.27263],[-97.82446,30.27233],[-97.82499,30.27242],[-97.82533,30.27237],[-97.82532,30.27216],[-97.82555,30.27188],[-97.82552,30.27172],[-97.82523,30.27168],[-97.82507,30.27168],[-97.8249,30.27147],[-97.82508,30.27132],[-97.82518,30.27113],[-97.82517,30.27102],[-97.82502,30.27096],[-97.82477,30.27097],[-97.82455,30.27086],[-97.8244,30.2711],[-97.82426,30.27103],[-97.82412,30.27096],[-97.824,30.27089],[-97.82391,30.27084],[-97.82392,30.27086],[-97.82392,30.27091],[-97.82393,30.27094],[-97.82394,30.27096],[-97.82372,30.27123],[-97.8235,30.27116],[-97.82346,30.27115],[-97.82345,30.27114],[-97.82344,30.27112],[-97.82342,30.2711],[-97.82341,30.27109],[-97.8234,30.27108],[-97.82371,30.27117],[-97.82383,30.27103],[-97.82389,30.27095],[-97.82388,30.2709],[-97.82388,30.27087],[-97.82387,30.27083],[-97.82387,30.27079],[-97.82388,30.27076],[-97.82388,30.27073],[-97.8239,30.27068],[-97.8239,30.27064],[-97.8239,30.27062],[-97.8239,30.27059],[-97.82389,30.27056],[-97.82388,30.27054],[-97.82388,30.27051],[-97.82386,30.27048],[-97.82385,30.27046],[-97.82383,30.27043],[-97.8238,30.27041],[-97.82379,30.27039],[-97.82376,30.27037],[-97.82373,30.27036],[-97.82369,30.27033],[-97.82365,30.27032],[-97.82361,30.27031],[-97.82358,30.2703],[-97.82354,30.2703],[-97.82344,30.27029],[-97.8233,30.27015],[-97.8236,30.2696],[-97.8236,30.26951],[-97.82342,30.26933],[-97.82326,30.26929],[-97.82269,30.26947],[-97.82265,30.26938],[-97.82261,30.2693],[-97.82258,30.26921],[-97.82255,30.26914],[-97.82251,30.26901],[-97.82251,30.26899],[-97.82219,30.26882],[-97.82163,30.26854],[-97.82171,30.26838],[-97.82177,30.26831],[-97.82188,30.26819],[-97.82206,30.26787],[-97.82213,30.26778],[-97.82221,30.26768],[-97.82234,30.26752],[-97.82232,30.2671],[-97.82217,30.2666],[-97.82206,30.26622],[-97.82196,30.26583],[-97.82206,30.26557],[-97.82206,30.26539],[-97.82206,30.26516],[-97.82205,30.26506],[-97.822,30.2648],[-97.82197,30.26467],[-97.82199,30.2645],[-97.82203,30.26415],[-97.82204,30.26399],[-97.82216,30.26381],[-97.82217,30.26357],[-97.8222,30.26295],[-97.82188,30.26283],[-97.82183,30.26262],[-97.82206,30.26247],[-97.82224,30.2622],[-97.82224,30.26186],[-97.82219,30.26177],[-97.822,30.26144],[-97.82202,30.26122],[-97.82203,30.26109],[-97.82206,30.26077],[-97.82195,30.26045],[-97.82177,30.25999],[-97.82162,30.2597],[-97.82166,30.25937],[-97.82143,30.25927],[-97.82116,30.25915],[-97.8208,30.25884],[-97.82049,30.25858],[-97.82007,30.25823],[-97.81986,30.25795],[-97.81943,30.25739],[-97.81909,30.25693],[-97.81896,30.25676],[-97.81885,30.25662],[-97.8187,30.25642],[-97.81846,30.25653],[-97.81821,30.25665],[-97.81786,30.25682],[-97.81732,30.25708],[-97.81678,30.25734],[-97.81634,30.25754],[-97.81629,30.25721],[-97.81626,30.25696],[-97.81621,30.25665],[-97.81617,30.25636],[-97.81612,30.25604],[-97.81609,30.25578],[-97.81604,30.25548],[-97.81602,30.25532],[-97.816,30.2552],[-97.81594,30.2548],[-97.81586,30.25425],[-97.81628,30.25414],[-97.81616,30.254],[-97.81586,30.25384],[-97.81572,30.25376],[-97.81546,30.2536],[-97.8152,30.25345],[-97.81491,30.25314],[-97.81471,30.25301],[-97.81457,30.25275],[-97.81424,30.25255],[-97.81418,30.25242],[-97.8141,30.25223],[-97.81329,30.2517],[-97.81293,30.25123],[-97.81275,30.2501],[-97.81273,30.24997],[-97.81262,30.24984],[-97.81257,30.24941],[-97.81252,30.24932],[-97.81244,30.24918],[-97.81253,30.24912],[-97.81243,30.24873],[-97.81235,30.24841],[-97.81216,30.24812],[-97.81187,30.24771],[-97.81155,30.24711],[-97.811,30.24702],[-97.81092,30.2468],[-97.81081,30.24649],[-97.81074,30.24628],[-97.81067,30.24596],[-97.81053,30.2453],[-97.81133,30.24502],[-97.811,30.2445],[-97.81081,30.24363],[-97.81017,30.24395],[-97.80991,30.24254],[-97.80957,30.24271],[-97.80925,30.24286],[-97.80851,30.24332],[-97.80803,30.24361],[-97.80776,30.24378],[-97.80751,30.24393],[-97.80718,30.24413],[-97.80682,30.24379],[-97.80614,30.24316],[-97.80592,30.2433],[-97.8055,30.24344],[-97.80547,30.24344],[-97.80534,30.24353],[-97.80521,30.24365],[-97.80509,30.24364],[-97.80483,30.24386],[-97.80452,30.24405],[-97.80426,30.24418],[-97.80467,30.24428],[-97.80495,30.24454],[-97.80514,30.24464],[-97.80477,30.24489],[-97.80465,30.24482],[-97.80453,30.24459],[-97.80445,30.24452],[-97.80414,30.24448],[-97.80402,30.24455],[-97.80395,30.24452],[-97.80346,30.24463],[-97.80339,30.24467],[-97.80316,30.24485],[-97.80305,30.24501],[-97.80174,30.24621],[-97.80146,30.24628],[-97.80107,30.24624],[-97.80072,30.2462],[-97.79986,30.2461],[-97.79891,30.24599],[-97.7977,30.24585],[-97.79771,30.2464],[-97.79771,30.247],[-97.79772,30.24756],[-97.79772,30.24871],[-97.79773,30.24989],[-97.79774,30.25096],[-97.79774,30.2521],[-97.79772,30.25244],[-97.79751,30.25262],[-97.79712,30.25297],[-97.79688,30.25318],[-97.79664,30.25339],[-97.79633,30.25366],[-97.79606,30.2539],[-97.79601,30.25393],[-97.79575,30.25408],[-97.79552,30.25423],[-97.79547,30.25425],[-97.79526,30.25435],[-97.79501,30.25446],[-97.79465,30.25459],[-97.79441,30.25465],[-97.79406,30.25477],[-97.79396,30.2548],[-97.79375,30.25495],[-97.79358,30.25508],[-97.79335,30.25514],[-97.79291,30.25507],[-97.79274,30.25518],[-97.7926,30.25531],[-97.79228,30.25546],[-97.79222,30.25543],[-97.79176,30.25532],[-97.79149,30.2555],[-97.79115,30.25562],[-97.79096,30.25569],[-97.79072,30.25574],[-97.79044,30.2558],[-97.79002,30.25601],[-97.78991,30.25607],[-97.78985,30.25611],[-97.78968,30.2562],[-97.78947,30.25628],[-97.78936,30.25636],[-97.78921,30.25637],[-97.78877,30.25656],[-97.78853,30.25666],[-97.78828,30.25672],[-97.78818,30.25676],[-97.78815,30.25679],[-97.78793,30.25693],[-97.78783,30.25693],[-97.78764,30.25704],[-97.78739,30.25712],[-97.78763,30.2574],[-97.78783,30.25764],[-97.7878,30.25765],[-97.78777,30.25767],[-97.78774,30.25768],[-97.78772,30.2577],[-97.78769,30.25771],[-97.78767,30.25773],[-97.78764,30.25775],[-97.78762,30.25776],[-97.78756,30.25778],[-97.78739,30.25796],[-97.78711,30.25784],[-97.787,30.25775],[-97.78675,30.25756],[-97.78672,30.25748],[-97.78668,30.25741],[-97.78655,30.25748],[-97.7864,30.25756],[-97.7863,30.25761],[-97.78607,30.25775],[-97.78597,30.25782],[-97.78581,30.25792],[-97.78569,30.25802],[-97.78543,30.25825],[-97.78534,30.25832],[-97.78514,30.25852],[-97.78492,30.25885],[-97.78487,30.25928],[-97.78503,30.25947],[-97.78522,30.25937],[-97.7854,30.25939],[-97.78551,30.25943],[-97.78565,30.25947],[-97.78585,30.25964],[-97.78586,30.25965],[-97.78595,30.2599],[-97.78593,30.26021],[-97.78584,30.26039],[-97.78577,30.26054],[-97.78565,30.26064],[-97.78542,30.26085],[-97.78522,30.26101],[-97.78503,30.26117],[-97.78482,30.26135],[-97.78461,30.26154],[-97.78498,30.26173],[-97.78532,30.26192],[-97.78536,30.26198],[-97.78516,30.26206],[-97.78532,30.26237],[-97.78548,30.26239],[-97.78545,30.26247],[-97.78541,30.2626],[-97.78527,30.26263],[-97.78516,30.26266],[-97.78504,30.26269],[-97.78489,30.26272],[-97.78469,30.26277],[-97.78454,30.2628],[-97.7844,30.26283],[-97.78418,30.26288],[-97.7841,30.2629],[-97.78381,30.26297],[-97.78378,30.26298],[-97.78373,30.26298],[-97.78366,30.26299],[-97.78357,30.263],[-97.7835,30.26301],[-97.78341,30.26303],[-97.78335,30.26304],[-97.78329,30.26305],[-97.78326,30.26306],[-97.78319,30.26308],[-97.78314,30.2631],[-97.78308,30.26312],[-97.78304,30.26314],[-97.78299,30.26316],[-97.78289,30.2632],[-97.78284,30.26322],[-97.7828,30.26324],[-97.78277,30.26325],[-97.78272,30.26328],[-97.78269,30.2633],[-97.78267,30.26333],[-97.78266,30.26335],[-97.78265,30.26338],[-97.78264,30.2634],[-97.78264,30.26343],[-97.78263,30.26346],[-97.78264,30.26349],[-97.78264,30.26352],[-97.78265,30.26355],[-97.78268,30.26364],[-97.78254,30.26369],[-97.7823,30.26317],[-97.78218,30.26321],[-97.78181,30.26334],[-97.78133,30.2635],[-97.78031,30.26386],[-97.77872,30.26441],[-97.77866,30.26428],[-97.77771,30.2621],[-97.77785,30.26212],[-97.77788,30.26212],[-97.77829,30.2621],[-97.77848,30.26211],[-97.77887,30.26212],[-97.77917,30.26208],[-97.77932,30.26206],[-97.77974,30.262],[-97.77996,30.26197],[-97.78016,30.26185],[-97.78053,30.26192],[-97.78067,30.26197],[-97.78193,30.26174],[-97.78232,30.26163],[-97.78357,30.26127],[-97.78443,30.26085],[-97.7845,30.26081],[-97.78509,30.26041],[-97.78507,30.26013],[-97.78497,30.26007],[-97.78461,30.26005],[-97.7843,30.25971],[-97.78368,30.25902],[-97.78381,30.25898],[-97.78378,30.25808],[-97.78449,30.25832],[-97.78473,30.25797],[-97.7849,30.25775],[-97.78492,30.25771],[-97.78441,30.25731],[-97.78513,30.2568],[-97.78482,30.25614],[-97.78451,30.2555],[-97.78397,30.25542],[-97.784,30.25528],[-97.78444,30.25535],[-97.78427,30.25424],[-97.78433,30.25411],[-97.78465,30.25346],[-97.78501,30.25344],[-97.78498,30.25402],[-97.78527,30.25403],[-97.78526,30.25413],[-97.78534,30.25457],[-97.78543,30.25521],[-97.78607,30.25506],[-97.78714,30.2548],[-97.78703,30.25419],[-97.78659,30.25347],[-97.78654,30.25334],[-97.78668,30.25329],[-97.78713,30.25331],[-97.78789,30.25353],[-97.78883,30.25381],[-97.78866,30.25426],[-97.78877,30.2545],[-97.78882,30.2546],[-97.78904,30.2548],[-97.78912,30.25486],[-97.78958,30.25501],[-97.79008,30.25517],[-97.79025,30.2551],[-97.79029,30.25508],[-97.79075,30.25483],[-97.79085,30.2548],[-97.79094,30.25477],[-97.79118,30.2546],[-97.7914,30.25454],[-97.79149,30.25447],[-97.79159,30.2544],[-97.79177,30.25436],[-97.79201,30.25427],[-97.79214,30.25421],[-97.79225,30.25414],[-97.79229,30.25411],[-97.79251,30.25405],[-97.79287,30.25393],[-97.79295,30.25391],[-97.79314,30.25381],[-97.7937,30.25358],[-97.79414,30.25348],[-97.79458,30.25338],[-97.79495,30.25318],[-97.79522,30.253],[-97.79552,30.25279],[-97.79567,30.25239],[-97.79579,30.25204],[-97.7958,30.25171],[-97.79582,30.25143],[-97.79583,30.25115],[-97.79584,30.25087],[-97.79585,30.25061],[-97.79586,30.25032],[-97.79587,30.25005],[-97.79589,30.24969],[-97.79571,30.24938],[-97.7953,30.24953],[-97.79525,30.24946],[-97.79521,30.24941],[-97.79515,30.24936],[-97.7951,30.24931],[-97.79537,30.24908],[-97.79559,30.24878],[-97.79576,30.24857],[-97.7955,30.24834],[-97.79499,30.24822],[-97.79466,30.24814],[-97.7943,30.24821],[-97.79373,30.24832],[-97.79314,30.24827],[-97.79297,30.24827],[-97.79237,30.2481],[-97.79173,30.24784],[-97.79113,30.2478],[-97.79077,30.24778],[-97.79062,30.24839],[-97.79053,30.24875],[-97.7907,30.2488],[-97.79099,30.24888],[-97.79099,30.24891],[-97.79099,30.24894],[-97.79099,30.24897],[-97.79099,30.249],[-97.791,30.24903],[-97.79047,30.24913],[-97.79045,30.24913],[-97.79028,30.24915],[-97.78998,30.24915],[-97.78941,30.24915],[-97.78916,30.2492],[-97.78867,30.24929],[-97.78792,30.24943],[-97.78773,30.24964],[-97.78743,30.24997],[-97.78736,30.25005],[-97.7873,30.25012],[-97.78678,30.24999],[-97.78693,30.24977],[-97.78722,30.24936],[-97.7874,30.2491],[-97.78746,30.24901],[-97.78767,30.2486],[-97.78785,30.24825],[-97.78791,30.24812],[-97.78795,30.24797],[-97.78792,30.24781],[-97.78828,30.24772],[-97.78843,30.2477],[-97.78884,30.2477],[-97.78893,30.24702],[-97.78863,30.24695],[-97.78844,30.24691],[-97.78824,30.24661],[-97.78807,30.24635],[-97.7879,30.2461],[-97.7877,30.24575],[-97.7873,30.24548],[-97.78694,30.24538],[-97.78664,30.24507],[-97.7872,30.2448],[-97.78762,30.2446],[-97.78833,30.24458],[-97.78856,30.24456],[-97.78854,30.24442],[-97.78856,30.24431],[-97.78866,30.24389],[-97.78871,30.24345],[-97.78876,30.24335],[-97.78902,30.2428],[-97.78908,30.24273],[-97.78946,30.24229],[-97.7896,30.24211],[-97.78987,30.24195],[-97.78997,30.24189],[-97.79033,30.24178],[-97.79033,30.24169],[-97.79032,30.24157],[-97.79028,30.2414],[-97.79023,30.24128],[-97.79144,30.24105],[-97.79175,30.24071],[-97.79237,30.24002],[-97.79247,30.23995],[-97.79274,30.23974],[-97.79307,30.23949],[-97.79332,30.2393],[-97.79343,30.23921],[-97.79356,30.23912],[-97.79393,30.23889],[-97.7944,30.2386],[-97.79486,30.23831],[-97.79514,30.23814],[-97.79607,30.23825],[-97.79618,30.23847],[-97.79633,30.23876],[-97.79662,30.23933],[-97.79731,30.23906],[-97.79843,30.23863],[-97.79878,30.2391],[-97.7988,30.23913],[-97.79881,30.23915],[-97.79957,30.24068],[-97.79988,30.24131],[-97.79966,30.2414],[-97.79904,30.24164],[-97.79839,30.24189],[-97.79784,30.24211],[-97.79754,30.24272],[-97.79809,30.24363],[-97.7985,30.24345],[-97.79911,30.24318],[-97.79961,30.24401],[-97.80009,30.2438],[-97.80053,30.24361],[-97.80107,30.24338],[-97.80164,30.24316],[-97.80209,30.24299],[-97.80215,30.24299],[-97.80221,30.243],[-97.80226,30.243],[-97.80231,30.24299],[-97.80238,30.24299],[-97.80243,30.24298],[-97.80248,30.24297],[-97.80252,30.24296],[-97.80256,30.24295],[-97.8026,30.24294],[-97.80264,30.24293],[-97.80268,30.24291],[-97.80271,30.2429],[-97.80275,30.24288],[-97.80279,30.24286],[-97.80284,30.24284],[-97.80288,30.24281],[-97.80292,30.24278],[-97.80296,30.24275],[-97.80299,30.24273],[-97.80302,30.24269],[-97.80305,30.24267],[-97.80308,30.24263],[-97.80311,30.2426],[-97.80314,30.24256],[-97.80316,30.24253],[-97.80319,30.24248],[-97.80483,30.24215],[-97.80488,30.24207],[-97.8051,30.24216],[-97.80548,30.24198],[-97.80572,30.24187],[-97.80607,30.2417],[-97.80637,30.24156],[-97.80644,30.24148],[-97.80668,30.24145],[-97.80676,30.24121],[-97.80689,30.24117],[-97.80701,30.24081],[-97.80721,30.24048],[-97.80749,30.24032],[-97.8074,30.24013],[-97.8076,30.23998],[-97.80775,30.23988],[-97.80802,30.23968],[-97.80821,30.23959],[-97.8084,30.23949],[-97.80866,30.23937],[-97.80894,30.23924],[-97.80918,30.23913],[-97.80925,30.239],[-97.80927,30.23897],[-97.80933,30.23871],[-97.80946,30.2385],[-97.80948,30.23827],[-97.80949,30.23814],[-97.80974,30.23791],[-97.80982,30.23811],[-97.81,30.23856],[-97.8101,30.2391],[-97.81037,30.23912],[-97.81065,30.23925],[-97.81072,30.23911],[-97.81089,30.23931],[-97.81112,30.23943],[-97.81115,30.23946],[-97.81139,30.23985],[-97.81143,30.23998],[-97.81143,30.24003],[-97.81134,30.24014],[-97.81142,30.24032],[-97.81154,30.24061],[-97.81145,30.24102],[-97.81133,30.24165],[-97.81129,30.24181],[-97.81127,30.24271],[-97.81131,30.24355],[-97.81131,30.24358],[-97.81132,30.24375],[-97.81158,30.24436],[-97.81162,30.24457],[-97.8117,30.24506],[-97.81173,30.24521],[-97.81193,30.24555],[-97.81203,30.24572],[-97.8121,30.24584],[-97.81227,30.2461],[-97.8124,30.24631],[-97.8125,30.24647],[-97.81252,30.24651],[-97.8126,30.24667],[-97.81265,30.24677],[-97.81277,30.24701],[-97.8128,30.24708],[-97.81295,30.24733],[-97.81313,30.24756],[-97.81317,30.24773],[-97.81336,30.24789],[-97.81346,30.24809],[-97.81347,30.24811],[-97.81365,30.24837],[-97.8137,30.24844],[-97.81379,30.24858],[-97.81391,30.2488],[-97.81391,30.24891],[-97.8139,30.2492],[-97.81395,30.24944],[-97.81401,30.24971],[-97.81406,30.24992],[-97.81421,30.25061],[-97.81435,30.25076],[-97.81477,30.25118],[-97.81518,30.2516],[-97.81532,30.25175],[-97.81558,30.25201],[-97.81565,30.25208],[-97.81592,30.25223],[-97.81634,30.25246],[-97.81658,30.2526],[-97.81677,30.2527],[-97.81715,30.25291],[-97.8174,30.25305],[-97.81753,30.25312],[-97.81767,30.25316],[-97.81787,30.25322],[-97.81817,30.25331],[-97.81843,30.25339],[-97.81851,30.25341],[-97.81856,30.25352],[-97.81866,30.25375],[-97.81872,30.25388],[-97.81876,30.25397],[-97.81911,30.25408],[-97.81926,30.25412],[-97.81939,30.25413],[-97.81948,30.25413],[-97.81959,30.25414],[-97.81969,30.25415],[-97.81996,30.25438],[-97.8201,30.2545],[-97.82016,30.25455],[-97.82034,30.25462],[-97.82049,30.25467],[-97.82069,30.25474],[-97.82112,30.2549],[-97.82108,30.25506],[-97.82103,30.2552],[-97.82118,30.2553],[-97.82127,30.25536],[-97.82143,30.25547],[-97.82147,30.25551],[-97.82175,30.25573],[-97.82194,30.25588],[-97.82208,30.25599],[-97.82229,30.25629],[-97.82246,30.25654],[-97.82251,30.25661],[-97.82273,30.25686],[-97.82286,30.25702],[-97.82291,30.25708],[-97.82319,30.25741],[-97.82342,30.25767],[-97.8235,30.25788],[-97.82359,30.25809],[-97.82365,30.25821],[-97.8238,30.2585],[-97.8239,30.25873],[-97.82397,30.25892],[-97.8239,30.25917],[-97.82386,30.25933],[-97.82402,30.25961],[-97.82413,30.25978],[-97.8242,30.25991],[-97.82438,30.26039],[-97.82439,30.26055],[-97.82441,30.26079],[-97.82443,30.26098],[-97.82444,30.26118],[-97.82448,30.2614],[-97.82453,30.26175],[-97.82427,30.26207],[-97.82413,30.26225],[-97.82412,30.26246],[-97.82412,30.26264],[-97.82403,30.26292],[-97.82396,30.26317],[-97.82385,30.26355],[-97.82379,30.26376],[-97.82365,30.26422],[-97.82365,30.26426],[-97.82366,30.2645],[-97.82367,30.26489],[-97.82371,30.26528],[-97.82371,30.26549],[-97.82385,30.26557],[-97.82392,30.26584],[-97.82396,30.26598],[-97.82409,30.26621],[-97.8242,30.26642],[-97.82442,30.26669],[-97.82453,30.26682],[-97.82476,30.26711],[-97.82465,30.26722],[-97.82474,30.26747],[-97.8249,30.26787],[-97.825,30.26812],[-97.82525,30.26861],[-97.8253,30.26867],[-97.82538,30.26877],[-97.82554,30.26896],[-97.82563,30.26907],[-97.82577,30.26924],[-97.82623,30.2694],[-97.82667,30.26954],[-97.82675,30.26955],[-97.82714,30.26958],[-97.82752,30.26955],[-97.82804,30.26951],[-97.82843,30.26931],[-97.82882,30.26948],[-97.82892,30.26953],[-97.82948,30.26942],[-97.82974,30.26942],[-97.82995,30.26942],[-97.83028,30.26941],[-97.8307,30.26951],[-97.8312,30.26972],[-97.8313,30.26976],[-97.83143,30.27005],[-97.83151,30.27023],[-97.8316,30.27032],[-97.83189,30.27064],[-97.83223,30.27101],[-97.83242,30.27121],[-97.83273,30.27154],[-97.83306,30.27189],[-97.83334,30.2722],[-97.83368,30.27256],[-97.83389,30.27279],[-97.83417,30.27309],[-97.8343,30.27318],[-97.83462,30.27342],[-97.83497,30.27368],[-97.83537,30.27398],[-97.83592,30.2742],[-97.83631,30.27436],[-97.83669,30.27451],[-97.83718,30.27466],[-97.83676,30.27526],[-97.83651,30.27564],[-97.83625,30.276],[-97.83602,30.2763],[-97.83586,30.27653],[-97.83565,30.27682],[-97.83526,30.27742],[-97.83497,30.27787],[-97.83483,30.27809],[-97.83469,30.27831],[-97.83451,30.27861],[-97.83435,30.27884],[-97.83405,30.27928],[-97.83392,30.27946],[-97.83369,30.27934],[-97.83341,30.27921],[-97.83346,30.27854],[-97.83367,30.27827],[-97.83388,30.278],[-97.83425,30.27752],[-97.83442,30.2773],[-97.83458,30.2771],[-97.83475,30.27687],[-97.83492,30.27665],[-97.8353,30.27617],[-97.83564,30.27573],[-97.83566,30.27545],[-97.83558,30.27541],[-97.83551,30.27536],[-97.83549,30.27535],[-97.83537,30.2753],[-97.83514,30.27519],[-97.83512,30.27518],[-97.83477,30.275],[-97.83443,30.27483],[-97.8342,30.27472],[-97.83397,30.27455],[-97.83378,30.27435],[-97.83358,30.27419],[-97.83348,30.27411],[-97.83336,30.27401],[-97.83331,30.27385],[-97.83316,30.27372],[-97.83303,30.27361],[-97.83287,30.27339],[-97.83282,30.27334],[-97.83244,30.27298],[-97.83196,30.27288],[-97.83156,30.27281],[-97.83145,30.27307],[-97.83131,30.27346],[-97.83129,30.27372],[-97.83127,30.27405],[-97.83125,30.27433],[-97.83123,30.27469],[-97.83113,30.275],[-97.83105,30.27524],[-97.83096,30.2755],[-97.8307,30.2763],[-97.83064,30.27647],[-97.83037,30.27731],[-97.83024,30.27769],[-97.83006,30.27792],[-97.82984,30.27822],[-97.82936,30.27884],[-97.82949,30.27901],[-97.8298,30.27939],[-97.83004,30.2797],[-97.83023,30.27994],[-97.83052,30.28031],[-97.8311,30.28104],[-97.83128,30.28127],[-97.83164,30.28172],[-97.83182,30.28195],[-97.83198,30.28216],[-97.83233,30.28259],[-97.83208,30.28274],[-97.83192,30.28283],[-97.83167,30.28298],[-97.83171,30.28316],[-97.83176,30.28339],[-97.83146,30.28359],[-97.83123,30.28374],[-97.83117,30.28363],[-97.83108,30.28346],[-97.83088,30.28311],[-97.83067,30.28274],[-97.83045,30.28233],[-97.82986,30.28234],[-97.8295,30.28239],[-97.82944,30.28258],[-97.82941,30.2827],[-97.82933,30.28298],[-97.82886,30.28289],[-97.82866,30.28277],[-97.82861,30.2828],[-97.82905,30.28356],[-97.8295,30.28384],[-97.82991,30.28409],[-97.8304,30.28439],[-97.83009,30.2846],[-97.83022,30.2849],[-97.83017,30.28492],[-97.83013,30.28492],[-97.83008,30.28493],[-97.83004,30.28494],[-97.82999,30.28494],[-97.82992,30.28495],[-97.82982,30.28495],[-97.82969,30.28495],[-97.82958,30.28495],[-97.82951,30.28495],[-97.82953,30.2845],[-97.82923,30.28445],[-97.82898,30.28441],[-97.82856,30.28414],[-97.82839,30.28403]]]]},"properties":{"name":"Barton Creek Greenbelt","address":"3753 SB Capital of Texas Hwy., Austin, Texas 78746","park_type":"Greenbelt","asset_status":"Open","feature_kind":"park","source":"City of Austin PARD park boundaries","retrieved_at":"2026-09-29T00:26:17.696044+00:00","access_claim":"none"}},{"type":"Feature","id":"coa-park/None","geometry":{"type":"Polygon","coordinates":[[[-97.74677,30.24088],[-97.74622,30.24062],[-97.74625,30.24057],[-97.74627,30.24053],[-97.74629,30.2405],[-97.7463,30.24046],[-97.74633,30.2404],[-97.74634,30.24037],[-97.74636,30.24032],[-97.74638,30.24026],[-97.74638,30.24023],[-97.74639,30.2402],[-97.7464,30.24013],[-97.74641,30.24009],[-97.74642,30.24005],[-97.74642,30.24001],[-97.74642,30.23996],[-97.74642,30.23992],[-97.74642,30.23988],[-97.74642,30.23985],[-97.74642,30.23982],[-97.74641,30.23979],[-97.74641,30.23975],[-97.74641,30.2397],[-97.74637,30.23949],[-97.74636,30.23942],[-97.74635,30.23939],[-97.74635,30.23935],[-97.74635,30.23933],[-97.74635,30.2393],[-97.74635,30.23928],[-97.74636,30.23924],[-97.74637,30.23921],[-97.74638,30.23919],[-97.74638,30.23917],[-97.74639,30.23915],[-97.74641,30.23913],[-97.74652,30.23922],[-97.74663,30.23932],[-97.74674,30.23942],[-97.74678,30.23945],[-97.74682,30.23948],[-97.74687,30.23951],[-97.74689,30.23953],[-97.74691,30.23954],[-97.74694,30.23956],[-97.74697,30.23957],[-97.747,30.23959],[-97.74705,30.23962],[-97.74707,30.23963],[-97.74709,30.23964],[-97.74711,30.23965],[-97.7474,30.23978],[-97.74763,30.23989],[-97.74762,30.24],[-97.74761,30.24019],[-97.74758,30.24048],[-97.74744,30.24115],[-97.747,30.24098],[-97.74677,30.24088]]]},"properties":{"name":"Big Stacy Neighborhood Park","address":"700 E Live Oak St., Austin, Texas 78704","park_type":"Neighborhood","asset_status":"Open","feature_kind":"park","source":"City of Austin PARD park boundaries","retrieved_at":"2026-09-29T00:26:17.696044+00:00","access_claim":"none"}},{"type":"Feature","id":"coa-park/None","geometry":{"type":"Polygon","coordinates":[[[-97.65013,30.32332],[-97.6502,30.32323],[-97.65058,30.32347],[-97.65093,30.32354],[-97.6514,30.32363],[-97.65207,30.32376],[-97.65237,30.32382],[-97.65238,30.3239],[-97.65239,30.32403],[-97.6524,30.32423],[-97.65241,30.32426],[-97.65241,30.32429],[-97.65242,30.32431],[-97.65242,30.32434],[-97.65243,30.32437],[-97.65243,30.3244],[-97.65244,30.32442],[-97.65244,30.32445],[-97.65245,30.32448],[-97.65245,30.32451],[-97.65246,30.32454],[-97.65246,30.32456],[-97.65247,30.32459],[-97.65247,30.32462],[-97.65248,30.32465],[-97.65249,30.32467],[-97.65249,30.3247],[-97.6525,30.32473],[-97.6525,30.32476],[-97.65251,30.32478],[-97.65252,30.32481],[-97.65252,30.32484],[-97.65253,30.32487],[-97.65254,30.32489],[-97.65254,30.32492],[-97.65255,30.32495],[-97.65256,30.32498],[-97.65257,30.325],[-97.65257,30.32503],[-97.65258,30.32506],[-97.65259,30.32508],[-97.6526,30.32511],[-97.65261,30.32514],[-97.65262,30.32517],[-97.65263,30.32519],[-97.65263,30.32522],[-97.65264,30.32525],[-97.65265,30.32527],[-97.65266,30.3253],[-97.65267,30.32533],[-97.65268,30.32535],[-97.65269,30.32538],[-97.6527,30.32541],[-97.6527,30.32543],[-97.65271,30.32546],[-97.65272,30.32549],[-97.65273,30.32551],[-97.65274,30.32554],[-97.65275,30.32557],[-97.65276,30.32559],[-97.65277,30.32562],[-97.65277,30.32565],[-97.65278,30.32567],[-97.65279,30.3257],[-97.6528,30.32573],[-97.65281,30.32576],[-97.65282,30.32578],[-97.65283,30.32581],[-97.65284,30.32584],[-97.65284,30.32586],[-97.65285,30.32589],[-97.65286,30.32592],[-97.65287,30.32594],[-97.65288,30.32597],[-97.65289,30.326],[-97.6529,30.32602],[-97.6529,30.32605],[-97.65291,30.32608],[-97.65292,30.3261],[-97.65293,30.32613],[-97.65294,30.32616],[-97.65295,30.32619],[-97.65296,30.32621],[-97.65296,30.32624],[-97.65297,30.32626],[-97.65298,30.32629],[-97.65299,30.32631],[-97.653,30.32634],[-97.65301,30.32637],[-97.65302,30.32639],[-97.65303,30.32642],[-97.65303,30.32645],[-97.65304,30.32648],[-97.65305,30.3265],[-97.65306,30.32653],[-97.65307,30.32656],[-97.65308,30.32658],[-97.65308,30.32661],[-97.65309,30.32664],[-97.6531,30.32667],[-97.65311,30.32669],[-97.65312,30.32672],[-97.65312,30.32675],[-97.65313,30.32678],[-97.65314,30.3268],[-97.65315,30.32683],[-97.65315,30.32686],[-97.65316,30.32689],[-97.65317,30.32691],[-97.65318,30.32694],[-97.65318,30.32697],[-97.65319,30.327],[-97.6532,30.32702],[-97.6532,30.32705],[-97.65321,30.32708],[-97.65322,30.32711],[-97.65322,30.32713],[-97.65323,30.32716],[-97.65324,30.32719],[-97.65334,30.32773],[-97.65342,30.32819],[-97.64803,30.32854],[-97.64813,30.32838],[-97.64806,30.32824],[-97.64795,30.32749],[-97.64808,30.32735],[-97.64835,30.32733],[-97.64866,30.32738],[-97.64886,30.3276],[-97.64872,30.32813],[-97.64877,30.32822],[-97.64889,30.32823],[-97.64909,30.32814],[-97.64925,30.32809],[-97.64947,30.328],[-97.64977,30.32799],[-97.64991,30.32792],[-97.64993,30.32782],[-97.64946,30.32745],[-97.64939,30.32734],[-97.6494,30.32715],[-97.64953,30.32689],[-97.64935,30.32621],[-97.64941,30.32614],[-97.64973,30.32602],[-97.6499,30.3258],[-97.64983,30.32539],[-97.65007,30.32465],[-97.64986,30.32431],[-97.64988,30.32386],[-97.65013,30.32332]]]},"properties":{"name":"Big Walnut Creek Nature Preserve","address":"9221 E US 290 Hwy EB, Austin, Texas 78724","park_type":"Nature Preserve","asset_status":"Open","feature_kind":"park","source":"City of Austin PARD park boundaries","retrieved_at":"2026-09-29T00:26:17.696044+00:00","access_claim":"none"}},{"type":"Feature","id":"coa-park/None","geometry":{"type":"MultiPolygon","coordinates":[[[[-97.74184,30.24967],[-97.74176,30.24975],[-97.74164,30.2499],[-97.74159,30.24999],[-97.74156,30.25006],[-97.74151,30.2501],[-97.74163,30.25015],[-97.7415,30.25026],[-97.74138,30.25036],[-97.74132,30.25033],[-97.74126,30.2503],[-97.74123,30.25032],[-97.74121,30.25033],[-97.74119,30.25034],[-97.74116,30.25035],[-97.74112,30.25036],[-97.74108,30.25037],[-97.74105,30.25038],[-97.74077,30.25075],[-97.7407,30.2507],[-97.7407,30.25068],[-97.74069,30.25067],[-97.74069,30.25066],[-97.74069,30.25064],[-97.7407,30.25063],[-97.74085,30.25042],[-97.74092,30.25032],[-97.74105,30.25012],[-97.74106,30.25011],[-97.74107,30.25009],[-97.74109,30.25007],[-97.74111,30.25006],[-97.74112,30.25005],[-97.74114,30.25004],[-97.74124,30.24999],[-97.74133,30.24994],[-97.7414,30.24991],[-97.74147,30.24987],[-97.74149,30.24985],[-97.74154,30.24981],[-97.74158,30.24978],[-97.74164,30.2497],[-97.74184,30.24946],[-97.74192,30.24936],[-97.74195,30.24932],[-97.74197,30.24928],[-97.742,30.24924],[-97.74201,30.24922],[-97.74202,30.2492],[-97.74203,30.24917],[-97.74205,30.24913],[-97.74206,30.2491],[-97.74207,30.24906],[-97.74207,30.24902],[-97.74208,30.24899],[-97.74209,30.24895],[-97.74209,30.24892],[-97.74209,30.24888],[-97.74209,30.24883],[-97.74209,30.24877],[-97.74208,30.24873],[-97.74208,30.24869],[-97.74207,30.24865],[-97.74206,30.2486],[-97.74205,30.24855],[-97.74204,30.24853],[-97.74203,30.24849],[-97.74202,30.24845],[-97.74202,30.24844],[-97.74201,30.24841],[-97.74201,30.24838],[-97.74202,30.24836],[-97.74202,30.24835],[-97.74204,30.24832],[-97.74206,30.2483],[-97.74209,30.24828],[-97.74212,30.24827],[-97.74215,30.24826],[-97.7422,30.24826],[-97.74227,30.24825],[-97.74237,30.24824],[-97.74244,30.24824],[-97.74249,30.24824],[-97.74253,30.24824],[-97.74258,30.24824],[-97.74262,30.24824],[-97.7427,30.24824],[-97.74269,30.24834],[-97.74261,30.24834],[-97.74252,30.24834],[-97.74239,30.24834],[-97.74225,30.24834],[-97.74223,30.24835],[-97.74222,30.24835],[-97.7422,30.24836],[-97.74219,30.24837],[-97.74219,30.24838],[-97.74218,30.24839],[-97.74219,30.24842],[-97.74222,30.24882],[-97.74218,30.24896],[-97.74212,30.24928],[-97.74198,30.24939],[-97.74189,30.24951],[-97.74184,30.24967]]],[[[-97.74469,30.24589],[-97.7447,30.24584],[-97.7447,30.24583],[-97.7447,30.24582],[-97.7447,30.2458],[-97.7447,30.24579],[-97.7447,30.24578],[-97.74469,30.24575],[-97.74469,30.24573],[-97.74469,30.24569],[-97.74468,30.24566],[-97.74467,30.2456],[-97.74466,30.24559],[-97.74464,30.24554],[-97.74458,30.24539],[-97.74443,30.24506],[-97.74435,30.24487],[-97.74435,30.24484],[-97.74436,30.24481],[-97.74437,30.24478],[-97.7444,30.24475],[-97.74442,30.24473],[-97.74446,30.24472],[-97.74449,30.24471],[-97.74503,30.24466],[-97.74506,30.24466],[-97.74508,30.24467],[-97.7451,30.24469],[-97.74511,30.24471],[-97.74512,30.24473],[-97.74512,30.24477],[-97.74512,30.2448],[-97.74512,30.24484],[-97.74513,30.24488],[-97.74514,30.24493],[-97.74514,30.24495],[-97.74515,30.24499],[-97.74516,30.24503],[-97.74521,30.24519],[-97.74526,30.24535],[-97.74528,30.24544],[-97.74529,30.24547],[-97.7453,30.2455],[-97.7453,30.24553],[-97.7453,30.24556],[-97.74529,30.24559],[-97.74529,30.24563],[-97.74528,30.24565],[-97.74527,30.24568],[-97.74521,30.24583],[-97.74509,30.24615],[-97.74503,30.24612],[-97.74482,30.24602],[-97.74468,30.24595],[-97.74469,30.24591],[-97.74469,30.24589]]],[[[-97.74556,30.24371],[-97.74555,30.24373],[-97.74551,30.24383],[-97.74546,30.24395],[-97.74535,30.24425],[-97.74529,30.24441],[-97.74528,30.24443],[-97.74527,30.24444],[-97.74526,30.24445],[-97.74525,30.24446],[-97.74524,30.24447],[-97.74522,30.24447],[-97.74521,30.24447],[-97.74471,30.24453],[-97.74469,30.24453],[-97.74467,30.24453],[-97.74466,30.24452],[-97.74464,30.24451],[-97.74464,30.24449],[-97.74463,30.24447],[-97.74465,30.24441],[-97.74465,30.24436],[-97.74467,30.24429],[-97.74467,30.24426],[-97.74468,30.24424],[-97.74469,30.2442],[-97.7447,30.24417],[-97.74471,30.24415],[-97.74472,30.24411],[-97.74474,30.24409],[-97.74475,30.24406],[-97.74476,30.24404],[-97.74479,30.244],[-97.7448,30.24399],[-97.74481,30.24397],[-97.74484,30.24394],[-97.74488,30.2439],[-97.74491,30.24386],[-97.74492,30.24384],[-97.74494,30.24381],[-97.74495,30.24379],[-97.74496,30.24377],[-97.74496,30.24376],[-97.74482,30.2437],[-97.74441,30.2435],[-97.74458,30.24304],[-97.74459,30.24301],[-97.7446,30.24298],[-97.74462,30.24294],[-97.74464,30.24289],[-97.74473,30.24275],[-97.7449,30.24249],[-97.74498,30.24236],[-97.74521,30.24197],[-97.74529,30.24185],[-97.74537,30.24189],[-97.7454,30.24191],[-97.74542,30.24193],[-97.74544,30.24195],[-97.74547,30.24197],[-97.74549,30.24199],[-97.74551,30.24201],[-97.74552,30.24203],[-97.74553,30.24203],[-97.74555,30.24203],[-97.74556,30.24203],[-97.74557,30.24202],[-97.7456,30.24198],[-97.74562,30.24195],[-97.74564,30.24191],[-97.74568,30.24187],[-97.74571,30.24183],[-97.74573,30.24181],[-97.74574,30.2418],[-97.74575,30.24179],[-97.74578,30.24177],[-97.74579,30.24175],[-97.74581,30.24174],[-97.74583,30.24172],[-97.74586,30.2417],[-97.74588,30.24169],[-97.7459,30.24167],[-97.74604,30.24158],[-97.74622,30.24146],[-97.74636,30.24131],[-97.74661,30.24102],[-97.74666,30.24098],[-97.74672,30.24093],[-97.74677,30.24088],[-97.747,30.24098],[-97.74744,30.24115],[-97.7474,30.2413],[-97.74739,30.24131],[-97.74738,30.24133],[-97.74736,30.24136],[-97.74734,30.24138],[-97.74732,30.24139],[-97.74731,30.24141],[-97.74728,30.24143],[-97.74712,30.24151],[-97.74705,30.24155],[-97.74704,30.24156],[-97.74702,30.24157],[-97.747,30.24158],[-97.74698,30.24159],[-97.74697,30.2416],[-97.74695,30.24161],[-97.74694,30.24162],[-97.7467,30.24188],[-97.74667,30.24194],[-97.74652,30.24217],[-97.74639,30.24237],[-97.7461,30.24281],[-97.74599,30.243],[-97.74595,30.24306],[-97.74587,30.24317],[-97.74578,30.2433],[-97.74572,30.2434],[-97.74566,30.24349],[-97.74561,30.24359],[-97.74559,30.24364],[-97.74556,30.24371]]]]},"properties":{"name":"Blunn Creek Greenbelt","address":"1901 East Side Dr., Austin, Texas 78704","park_type":"Greenbelt","asset_status":"Open","feature_kind":"park","source":"City of Austin PARD park boundaries","retrieved_at":"2026-09-29T00:26:17.696044+00:00","access_claim":"none"}},{"type":"Feature","id":"coa-park/None","geometry":{"type":"Polygon","coordinates":[[[-97.75007,30.23108],[-97.74952,30.23194],[-97.74921,30.23243],[-97.74901,30.23274],[-97.74862,30.23335],[-97.74852,30.2335],[-97.74837,30.23373],[-97.74834,30.23379],[-97.74823,30.23397],[-97.74813,30.23413],[-97.7478,30.23468],[-97.74744,30.2353],[-97.74718,30.23574],[-97.74692,30.23616],[-97.74673,30.23609],[-97.74646,30.23597],[-97.74612,30.23581],[-97.74609,30.2358],[-97.74599,30.23574],[-97.74582,30.23566],[-97.7457,30.23559],[-97.74552,30.23549],[-97.74539,30.23542],[-97.74519,30.23532],[-97.74499,30.23521],[-97.74566,30.23413],[-97.74643,30.23288],[-97.74691,30.23209],[-97.7461,30.23168],[-97.74668,30.23064],[-97.74679,30.23044],[-97.74714,30.22981],[-97.74811,30.23023],[-97.7488,30.23053],[-97.74916,30.23068],[-97.74938,30.23078],[-97.74969,30.23091],[-97.75007,30.23108]]]},"properties":{"name":"Blunn Creek Nature Preserve","address":"1200 St. Edwards Dr., Austin, Texas 78704","park_type":"Nature Preserve","asset_status":"Open","feature_kind":"park","source":"City of Austin PARD park boundaries","retrieved_at":"2026-09-29T00:26:17.696044+00:00","access_claim":"none"}},{"type":"Feature","id":"coa-park/None","geometry":{"type":"Polygon","coordinates":[[[-97.77782,30.38955],[-97.77786,30.38955],[-97.778,30.38954],[-97.77801,30.38954],[-97.77802,30.38954],[-97.77805,30.38955],[-97.77816,30.38957],[-97.77835,30.38961],[-97.77883,30.38988],[-97.77905,30.3901],[-97.77908,30.39012],[-97.7791,30.39014],[-97.77912,30.39016],[-97.77923,30.39027],[-97.77924,30.39032],[-97.77925,30.39033],[-97.77926,30.3904],[-97.77928,30.3905],[-97.77928,30.39053],[-97.77928,30.39054],[-97.77931,30.39066],[-97.77932,30.39071],[-97.77925,30.39078],[-97.77901,30.39089],[-97.77863,30.39137],[-97.77856,30.39133],[-97.77859,30.39129],[-97.77859,30.39128],[-97.77857,30.39124],[-97.77855,30.3912],[-97.77852,30.39116],[-97.77849,30.39113],[-97.77846,30.39109],[-97.77843,30.39106],[-97.77839,30.39103],[-97.77835,30.39101],[-97.77831,30.39098],[-97.77827,30.39096],[-97.77822,30.39094],[-97.77818,30.39093],[-97.77813,30.39091],[-97.77808,30.3909],[-97.77803,30.3909],[-97.77798,30.39089],[-97.77747,30.39087],[-97.77611,30.39081],[-97.77603,30.3908],[-97.77594,30.3908],[-97.77586,30.39078],[-97.77578,30.39076],[-97.77571,30.39073],[-97.77563,30.3907],[-97.77556,30.39067],[-97.7755,30.39062],[-97.77505,30.39035],[-97.77503,30.39033],[-97.77493,30.39025],[-97.77438,30.38983],[-97.77429,30.38966],[-97.77425,30.38915],[-97.77477,30.38899],[-97.77562,30.38874],[-97.77585,30.38867],[-97.77671,30.38842],[-97.77698,30.38834],[-97.77741,30.38965],[-97.77782,30.38955]]]},"properties":{"name":"Bull Creek Bluff Neighborhood Park","address":"6309 Spicewood Springs Rd, Austin, Texas","park_type":"Neighborhood","asset_status":"Open","feature_kind":"park","source":"City of Austin PARD park boundaries","retrieved_at":"2026-09-29T00:26:17.696044+00:00","access_claim":"none"}},{"type":"Feature","id":"coa-park/None","geometry":{"type":"Polygon","coordinates":[[[-97.7878,30.36545],[-97.78778,30.36546],[-97.78768,30.36555],[-97.78763,30.3656],[-97.7876,30.36557],[-97.78751,30.36566],[-97.78738,30.36581],[-97.78685,30.36641],[-97.78658,30.36672],[-97.78661,30.36674],[-97.78643,30.36695],[-97.78627,30.36714],[-97.78611,30.36731],[-97.78599,30.36746],[-97.78595,30.3675],[-97.78593,30.36753],[-97.78591,30.36756],[-97.78588,30.3676],[-97.78586,30.36763],[-97.78584,30.36767],[-97.78582,30.3677],[-97.78581,30.36773],[-97.7858,30.36775],[-97.78578,30.36781],[-97.78577,30.36783],[-97.78575,30.36789],[-97.78575,30.36793],[-97.78574,30.36797],[-97.78573,30.368],[-97.78573,30.36805],[-97.78572,30.36812],[-97.78572,30.36816],[-97.78573,30.36822],[-97.78573,30.36825],[-97.78574,30.36828],[-97.78574,30.36831],[-97.78575,30.36835],[-97.78576,30.36838],[-97.78577,30.36843],[-97.78578,30.36847],[-97.7858,30.36851],[-97.78581,30.36854],[-97.78583,30.36858],[-97.78586,30.36864],[-97.7859,30.36874],[-97.78591,30.36877],[-97.78596,30.36893],[-97.78605,30.36922],[-97.78607,30.36928],[-97.78608,30.36932],[-97.78609,30.36936],[-97.7861,30.36943],[-97.78611,30.36949],[-97.78613,30.36963],[-97.78613,30.36968],[-97.78613,30.36974],[-97.78613,30.36979],[-97.78612,30.36984],[-97.78612,30.36989],[-97.78611,30.36995],[-97.78611,30.36999],[-97.7861,30.37001],[-97.78609,30.37008],[-97.78607,30.37014],[-97.78606,30.37021],[-97.78605,30.37024],[-97.78602,30.3703],[-97.78601,30.37035],[-97.78599,30.37039],[-97.78597,30.37042],[-97.78596,30.37045],[-97.78595,30.37045],[-97.78555,30.37075],[-97.78541,30.37085],[-97.78525,30.37097],[-97.78516,30.37104],[-97.78508,30.37116],[-97.78492,30.37139],[-97.7848,30.37156],[-97.78466,30.37177],[-97.78453,30.37189],[-97.78444,30.37197],[-97.78447,30.37182],[-97.78451,30.37166],[-97.7846,30.37133],[-97.78466,30.37107],[-97.78471,30.37089],[-97.78473,30.37083],[-97.78333,30.37017],[-97.78271,30.36988],[-97.78216,30.36962],[-97.7816,30.36936],[-97.78127,30.3692],[-97.78132,30.36914],[-97.78152,30.36881],[-97.78206,30.36797],[-97.78235,30.36751],[-97.78253,30.36722],[-97.78265,30.36703],[-97.78289,30.36666],[-97.78324,30.36633],[-97.78344,30.36615],[-97.78364,30.36597],[-97.78383,30.3658],[-97.78413,30.36587],[-97.78443,30.3659],[-97.78457,30.3659],[-97.78469,30.36591],[-97.78481,30.36599],[-97.78504,30.36601],[-97.78532,30.366],[-97.7854,30.366],[-97.78559,30.36594],[-97.78583,30.36591],[-97.7862,30.36584],[-97.7866,30.36578],[-97.78697,30.36571],[-97.78731,30.36557],[-97.7878,30.36545]]]},"properties":{"name":"Bull Creek District Park","address":"6701 Lakewood Dr., Austin, Texas 78731","park_type":"District","asset_status":"Open","feature_kind":"park","source":"City of Austin PARD park boundaries","retrieved_at":"2026-09-29T00:26:17.696044+00:00","access_claim":"none"}},{"type":"Feature","id":"coa-park/None","geometry":{"type":"Polygon","coordinates":[[[-97.8925,30.32927],[-97.89234,30.32933],[-97.89224,30.32942],[-97.89207,30.32952],[-97.89176,30.32986],[-97.89177,30.33003],[-97.89169,30.33018],[-97.89172,30.33049],[-97.89175,30.33069],[-97.89181,30.33093],[-97.89186,30.33109],[-97.89206,30.33149],[-97.89212,30.33161],[-97.8924,30.3319],[-97.89254,30.33202],[-97.89268,30.33218],[-97.89307,30.33213],[-97.89317,30.33202],[-97.89347,30.33218],[-97.89358,30.33229],[-97.89358,30.33236],[-97.89376,30.33264],[-97.89383,30.33269],[-97.89423,30.33283],[-97.89435,30.33294],[-97.89434,30.33307],[-97.89441,30.33322],[-97.8945,30.33344],[-97.89433,30.33364],[-97.89409,30.3337],[-97.8934,30.33371],[-97.89313,30.33366],[-97.8929,30.33365],[-97.89275,30.33365],[-97.89244,30.3339],[-97.89252,30.3341],[-97.89277,30.33423],[-97.89283,30.33443],[-97.89272,30.33475],[-97.89284,30.33497],[-97.89298,30.33509],[-97.89303,30.33524],[-97.89313,30.33526],[-97.8935,30.3352],[-97.89404,30.33511],[-97.89455,30.33502],[-97.89499,30.33495],[-97.89519,30.33583],[-97.89525,30.33607],[-97.89528,30.33619],[-97.89534,30.33641],[-97.89544,30.33676],[-97.89554,30.33709],[-97.89657,30.34064],[-97.89612,30.34083],[-97.89584,30.34097],[-97.89571,30.34101],[-97.89554,30.34107],[-97.89522,30.34118],[-97.89514,30.34119],[-97.89472,30.34129],[-97.89435,30.34138],[-97.89402,30.34145],[-97.89383,30.3415],[-97.89356,30.34156],[-97.89305,30.34168],[-97.89264,30.34177],[-97.89253,30.3418],[-97.89213,30.34186],[-97.89182,30.34191],[-97.89144,30.34198],[-97.89114,30.342],[-97.8908,30.34203],[-97.89048,30.34206],[-97.8902,30.34208],[-97.88981,30.34211],[-97.88944,30.34214],[-97.88884,30.34219],[-97.88852,30.34222],[-97.88821,30.34224],[-97.88791,30.34227],[-97.88759,30.34229],[-97.88723,30.34232],[-97.88694,30.34235],[-97.88663,30.34237],[-97.88632,30.3424],[-97.8861,30.34241],[-97.8861,30.34241],[-97.8861,30.3424],[-97.88603,30.34214],[-97.88599,30.34197],[-97.88594,30.34178],[-97.88591,30.34168],[-97.88586,30.34151],[-97.88581,30.34135],[-97.88564,30.34093],[-97.88556,30.34071],[-97.88547,30.34049],[-97.8854,30.34032],[-97.88532,30.34011],[-97.8853,30.34008],[-97.88528,30.34001],[-97.8852,30.33984],[-97.88513,30.33967],[-97.88507,30.33954],[-97.88499,30.33935],[-97.88491,30.33918],[-97.88486,30.33906],[-97.88484,30.33901],[-97.88507,30.339],[-97.88519,30.33898],[-97.88554,30.33881],[-97.88584,30.33864],[-97.88593,30.3386],[-97.88605,30.33853],[-97.88612,30.33849],[-97.8864,30.33828],[-97.88648,30.33822],[-97.88661,30.33809],[-97.88671,30.33789],[-97.8869,30.3377],[-97.88722,30.33771],[-97.88741,30.33764],[-97.88753,30.33755],[-97.88774,30.33737],[-97.88784,30.33729],[-97.88798,30.33718],[-97.88829,30.33704],[-97.88856,30.33693],[-97.88876,30.33676],[-97.88882,30.33672],[-97.88897,30.33656],[-97.88913,30.33633],[-97.88917,30.33609],[-97.88918,30.33577],[-97.88919,30.33551],[-97.8892,30.33535],[-97.88927,30.33511],[-97.88929,30.33476],[-97.8893,30.33456],[-97.88929,30.33437],[-97.88929,30.3342],[-97.88926,30.33394],[-97.88919,30.33368],[-97.88913,30.33346],[-97.88909,30.33329],[-97.88901,30.33314],[-97.8889,30.33305],[-97.88861,30.33293],[-97.88887,30.33249],[-97.889,30.33228],[-97.88914,30.33204],[-97.88926,30.33183],[-97.88945,30.3315],[-97.8896,30.33126],[-97.88979,30.33093],[-97.88998,30.33061],[-97.89023,30.33019],[-97.89052,30.3297],[-97.8907,30.3294],[-97.89081,30.3292],[-97.89094,30.32899],[-97.89112,30.32869],[-97.89133,30.32856],[-97.89138,30.32854],[-97.89148,30.32854],[-97.89163,30.32862],[-97.89187,30.32876],[-97.89246,30.32909],[-97.89259,30.32917],[-97.8925,30.32927]]]},"properties":{"name":"Commons Ford Ranch Metro Park","address":"614 N Commons Ford Rd., Austin, Texas 78733","park_type":"Metropolitan","asset_status":"Open","feature_kind":"park","source":"City of Austin PARD park boundaries","retrieved_at":"2026-09-29T00:26:17.696044+00:00","access_claim":"none"}},{"type":"Feature","id":"coa-park/None","geometry":{"type":"Polygon","coordinates":[[[-97.77123,30.27531],[-97.77131,30.2751],[-97.77157,30.27469],[-97.77174,30.27487],[-97.77195,30.27509],[-97.77219,30.2753],[-97.77231,30.27552],[-97.77255,30.27571],[-97.77297,30.276],[-97.77328,30.2762],[-97.77373,30.27651],[-97.77412,30.27677],[-97.77421,30.27692],[-97.77384,30.27751],[-97.77379,30.27753],[-97.77374,30.2775],[-97.77352,30.27786],[-97.77345,30.27798],[-97.77293,30.27766],[-97.77283,30.2776],[-97.7725,30.2774],[-97.77231,30.27728],[-97.77224,30.27725],[-97.77224,30.27723],[-97.77225,30.27722],[-97.77225,30.2772],[-97.77225,30.27719],[-97.77225,30.27716],[-97.77225,30.27713],[-97.77225,30.27707],[-97.77224,30.27705],[-97.77224,30.27701],[-97.77223,30.27699],[-97.77222,30.27695],[-97.77221,30.2769],[-97.7722,30.27688],[-97.77217,30.27682],[-97.77209,30.27664],[-97.77204,30.27653],[-97.77194,30.2763],[-97.77172,30.27582],[-97.77169,30.27576],[-97.77167,30.2757],[-97.77166,30.27568],[-97.77164,30.27565],[-97.77162,30.27563],[-97.77161,30.27561],[-97.77159,30.27559],[-97.77157,30.27556],[-97.77155,30.27554],[-97.77145,30.27547],[-97.77123,30.27531]]]},"properties":{"name":"Eilers (Deep Eddy) Neighborhood Park","address":"401 Deep Eddy Ave., Austin, Texas 78703","park_type":"Neighborhood","asset_status":"Open","feature_kind":"park","source":"City of Austin PARD park boundaries","retrieved_at":"2026-09-29T00:26:17.696044+00:00","access_claim":"none"}},{"type":"Feature","id":"coa-park/None","geometry":{"type":"MultiPolygon","coordinates":[[[[-97.828,30.35324],[-97.82562,30.35211],[-97.82382,30.35125],[-97.82316,30.35093],[-97.82268,30.35071],[-97.8214,30.35011],[-97.821,30.34993],[-97.82036,30.34961],[-97.81928,30.34909],[-97.81904,30.34898],[-97.81822,30.34858],[-97.81762,30.34829],[-97.81771,30.34816],[-97.81773,30.34817],[-97.81859,30.34856],[-97.81861,30.34857],[-97.81864,30.34858],[-97.81868,30.34859],[-97.81871,30.3486],[-97.81874,30.3486],[-97.81877,30.34861],[-97.81881,30.34861],[-97.81884,30.34861],[-97.81887,30.3486],[-97.8189,30.3486],[-97.81893,30.34859],[-97.81896,30.34858],[-97.81899,30.34857],[-97.81902,30.34855],[-97.81905,30.34854],[-97.81929,30.3484],[-97.81973,30.34814],[-97.81975,30.34813],[-97.81978,30.34812],[-97.81981,30.34811],[-97.81984,30.3481],[-97.81987,30.34809],[-97.81991,30.34809],[-97.81994,30.34808],[-97.81997,30.34808],[-97.82,30.34808],[-97.82003,30.34808],[-97.82007,30.34808],[-97.8201,30.34809],[-97.82013,30.34809],[-97.82016,30.3481],[-97.8202,30.34811],[-97.82062,30.34821],[-97.82104,30.34831],[-97.82114,30.34834],[-97.82116,30.34834],[-97.8212,30.34835],[-97.82123,30.34836],[-97.82126,30.34837],[-97.82129,30.34837],[-97.82132,30.34838],[-97.82135,30.34839],[-97.82138,30.3484],[-97.82141,30.34841],[-97.82144,30.34841],[-97.82147,30.34842],[-97.8215,30.34843],[-97.82153,30.34844],[-97.82156,30.34845],[-97.82159,30.34846],[-97.82163,30.34847],[-97.82166,30.34848],[-97.82167,30.34849],[-97.82172,30.3485],[-97.82175,30.34851],[-97.82177,30.34852],[-97.8218,30.34853],[-97.82183,30.34854],[-97.82186,30.34856],[-97.82189,30.34857],[-97.82192,30.34858],[-97.82195,30.34859],[-97.82198,30.3486],[-97.82201,30.34861],[-97.8225,30.34879],[-97.82253,30.3488],[-97.82256,30.34881],[-97.82259,30.34882],[-97.82262,30.34883],[-97.82265,30.34884],[-97.82268,30.34885],[-97.82271,30.34886],[-97.82274,30.34887],[-97.82277,30.34887],[-97.8228,30.34888],[-97.82283,30.34889],[-97.82286,30.3489],[-97.82289,30.3489],[-97.82292,30.34891],[-97.82295,30.34892],[-97.82298,30.34892],[-97.82302,30.34893],[-97.82305,30.34894],[-97.82308,30.34894],[-97.82385,30.34912],[-97.82388,30.34913],[-97.82391,30.34913],[-97.82394,30.34914],[-97.82398,30.34915],[-97.82401,30.34915],[-97.82404,30.34916],[-97.82407,30.34917],[-97.8241,30.34918],[-97.82413,30.34919],[-97.82416,30.3492],[-97.82419,30.34921],[-97.82422,30.34922],[-97.82425,30.34923],[-97.82428,30.34924],[-97.82431,30.34926],[-97.82434,30.34927],[-97.82437,30.34928],[-97.8244,30.3493],[-97.82442,30.34931],[-97.82445,30.34932],[-97.82448,30.34934],[-97.82451,30.34935],[-97.82453,30.34937],[-97.82456,30.34939],[-97.82459,30.3494],[-97.82461,30.34942],[-97.82464,30.34944],[-97.82466,30.34945],[-97.82469,30.34947],[-97.82471,30.34949],[-97.82492,30.34965],[-97.82494,30.34966],[-97.82496,30.34968],[-97.82499,30.3497],[-97.82501,30.34972],[-97.82504,30.34975],[-97.82506,30.34977],[-97.82509,30.34979],[-97.82511,30.3498],[-97.82514,30.34982],[-97.82517,30.34984],[-97.82519,30.34986],[-97.82522,30.34988],[-97.82524,30.3499],[-97.82527,30.34992],[-97.82529,30.34993],[-97.82532,30.34995],[-97.82535,30.34997],[-97.82537,30.34998],[-97.8254,30.35],[-97.82542,30.35002],[-97.82545,30.35003],[-97.82548,30.35005],[-97.8255,30.35007],[-97.82553,30.35008],[-97.82556,30.3501],[-97.82558,30.35011],[-97.82561,30.35013],[-97.82564,30.35014],[-97.82566,30.35016],[-97.82569,30.35017],[-97.82572,30.35019],[-97.82575,30.3502],[-97.82578,30.35021],[-97.8258,30.35023],[-97.82583,30.35024],[-97.82586,30.35025],[-97.82589,30.35027],[-97.82666,30.35055],[-97.82679,30.3506],[-97.82682,30.35061],[-97.82685,30.35062],[-97.82688,30.35063],[-97.82691,30.35065],[-97.82694,30.35066],[-97.82696,30.35067],[-97.82699,30.35069],[-97.82702,30.35071],[-97.82704,30.35072],[-97.82706,30.35074],[-97.82709,30.35076],[-97.82711,30.35078],[-97.82713,30.3508],[-97.82715,30.35082],[-97.82717,30.35085],[-97.82719,30.35087],[-97.82724,30.35094],[-97.82745,30.35123],[-97.82747,30.35126],[-97.82749,30.35128],[-97.82751,30.35131],[-97.82752,30.35133],[-97.82754,30.35135],[-97.82756,30.35138],[-97.82758,30.3514],[-97.8276,30.35143],[-97.82761,30.35145],[-97.82763,30.35147],[-97.82765,30.3515],[-97.82767,30.35152],[-97.82769,30.35154],[-97.82771,30.35156],[-97.82773,30.35159],[-97.82775,30.35161],[-97.82778,30.35163],[-97.8278,30.35165],[-97.82782,30.35167],[-97.82784,30.3517],[-97.82786,30.35172],[-97.82788,30.35174],[-97.82791,30.35176],[-97.82793,30.35178],[-97.82794,30.35178],[-97.82794,30.35179],[-97.82794,30.35179],[-97.82795,30.35179],[-97.82795,30.3518],[-97.82796,30.3518],[-97.82798,30.35182],[-97.828,30.35184],[-97.82802,30.35187],[-97.82804,30.35189],[-97.82806,30.35191],[-97.82808,30.35194],[-97.8281,30.35196],[-97.82811,30.35199],[-97.82813,30.35202],[-97.82814,30.35204],[-97.82815,30.35207],[-97.82817,30.3521],[-97.82818,30.35212],[-97.8282,30.35215],[-97.82821,30.35217],[-97.82822,30.35218],[-97.82823,30.3522],[-97.82825,30.35222],[-97.82827,30.35224],[-97.82828,30.35227],[-97.8283,30.35229],[-97.82832,30.35231],[-97.82835,30.35233],[-97.82837,30.35235],[-97.82839,30.35237],[-97.82841,30.3524],[-97.82843,30.35242],[-97.82846,30.35244],[-97.82848,30.35245],[-97.82851,30.35247],[-97.82854,30.35249],[-97.82857,30.3525],[-97.8286,30.35252],[-97.82863,30.35253],[-97.82866,30.35254],[-97.82869,30.35256],[-97.82872,30.35256],[-97.82875,30.35257],[-97.82879,30.35258],[-97.82882,30.35259],[-97.82885,30.35259],[-97.82888,30.35259],[-97.82891,30.3526],[-97.82894,30.35259],[-97.82897,30.35259],[-97.829,30.35259],[-97.82923,30.35255],[-97.82926,30.35254],[-97.82929,30.35254],[-97.8293,30.35254],[-97.82933,30.35254],[-97.82936,30.35254],[-97.82939,30.35254],[-97.82939,30.35254],[-97.82942,30.35255],[-97.82946,30.35255],[-97.82949,30.35256],[-97.82952,30.35257],[-97.82955,30.35258],[-97.82958,30.35259],[-97.82961,30.35261],[-97.82963,30.35262],[-97.82966,30.35264],[-97.82969,30.35265],[-97.82971,30.35267],[-97.82974,30.35269],[-97.82976,30.35271],[-97.82978,30.35273],[-97.8298,30.35276],[-97.82982,30.35278],[-97.82983,30.3528],[-97.82986,30.35286],[-97.82988,30.3529],[-97.82994,30.35303],[-97.82997,30.35308],[-97.82998,30.3531],[-97.83,30.35313],[-97.83001,30.35316],[-97.83003,30.35318],[-97.83004,30.35321],[-97.83006,30.35323],[-97.83008,30.35325],[-97.8301,30.35327],[-97.83012,30.3533],[-97.83014,30.35332],[-97.83016,30.35334],[-97.83019,30.35336],[-97.83021,30.35338],[-97.83024,30.35339],[-97.83026,30.35341],[-97.83029,30.35343],[-97.83032,30.35344],[-97.83034,30.35346],[-97.83037,30.35347],[-97.8304,30.35348],[-97.83043,30.3535],[-97.83046,30.35351],[-97.83049,30.35352],[-97.83052,30.35353],[-97.83055,30.35353],[-97.83059,30.35354],[-97.8307,30.35356],[-97.83154,30.35367],[-97.83172,30.35369],[-97.83175,30.3537],[-97.83179,30.35371],[-97.83182,30.35371],[-97.83185,30.35372],[-97.83188,30.35373],[-97.83192,30.35374],[-97.83195,30.35375],[-97.83198,30.35375],[-97.83201,30.35376],[-97.83204,30.35377],[-97.83207,30.35378],[-97.8321,30.3538],[-97.83213,30.35381],[-97.83216,30.35382],[-97.83218,30.35384],[-97.83221,30.35386],[-97.83224,30.35387],[-97.83226,30.35389],[-97.83228,30.35391],[-97.8323,30.35393],[-97.83233,30.35395],[-97.83235,30.35398],[-97.83236,30.354],[-97.83238,30.35402],[-97.8324,30.35405],[-97.83241,30.35407],[-97.83242,30.3541],[-97.83244,30.35412],[-97.83245,30.35415],[-97.83246,30.35418],[-97.83246,30.3542],[-97.83247,30.35423],[-97.83247,30.35426],[-97.83247,30.35429],[-97.83247,30.35432],[-97.83246,30.35435],[-97.83246,30.35438],[-97.83246,30.35441],[-97.83246,30.35443],[-97.83245,30.35446],[-97.83245,30.35449],[-97.83245,30.35463],[-97.83245,30.35499],[-97.83245,30.35502],[-97.83245,30.35505],[-97.83245,30.35508],[-97.83245,30.35511],[-97.83245,30.35513],[-97.83245,30.35516],[-97.83244,30.35519],[-97.83244,30.35522],[-97.83244,30.35525],[-97.83243,30.35527],[-97.83243,30.3553],[-97.83243,30.35533],[-97.83242,30.35535],[-97.83167,30.35499],[-97.82932,30.35387],[-97.828,30.35324]]],[[[-97.83015,30.34553],[-97.83011,30.34553],[-97.83008,30.34553],[-97.83005,30.34553],[-97.83002,30.34553],[-97.82999,30.34553],[-97.82995,30.34554],[-97.82992,30.34554],[-97.82989,30.34555],[-97.82986,30.34555],[-97.82983,30.34556],[-97.8298,30.34556],[-97.82976,30.34556],[-97.82973,30.34556],[-97.8297,30.34555],[-97.82967,30.34555],[-97.82964,30.34554],[-97.82961,30.34553],[-97.82958,30.34552],[-97.82955,30.34551],[-97.82952,30.3455],[-97.82949,30.34548],[-97.82947,30.34546],[-97.82945,30.34544],[-97.82944,30.34542],[-97.82943,30.34539],[-97.82942,30.34537],[-97.82937,30.34511],[-97.82936,30.34508],[-97.82936,30.34505],[-97.82935,30.34503],[-97.82934,30.345],[-97.82934,30.34497],[-97.82933,30.34495],[-97.82932,30.34492],[-97.82931,30.34489],[-97.82931,30.34487],[-97.8293,30.34484],[-97.82929,30.34481],[-97.82928,30.34479],[-97.82927,30.34476],[-97.82926,30.34473],[-97.82925,30.34471],[-97.82924,30.34468],[-97.82923,30.34466],[-97.82921,30.34463],[-97.8292,30.3446],[-97.82919,30.34458],[-97.82918,30.34455],[-97.82917,30.34453],[-97.82915,30.3445],[-97.82914,30.34448],[-97.82913,30.34445],[-97.82911,30.34443],[-97.8291,30.3444],[-97.82908,30.34438],[-97.82907,30.34435],[-97.82905,30.34433],[-97.82904,30.34431],[-97.82903,30.34429],[-97.82902,30.34428],[-97.82902,30.34427],[-97.82901,30.34426],[-97.82901,30.34425],[-97.829,30.34424],[-97.829,30.34423],[-97.82899,30.34422],[-97.82899,30.34421],[-97.82898,30.3442],[-97.82898,30.34419],[-97.82897,30.34418],[-97.82896,30.34417],[-97.82896,30.34416],[-97.82895,30.34415],[-97.82895,30.34414],[-97.82894,30.34413],[-97.82893,30.34412],[-97.82893,30.34411],[-97.82892,30.34411],[-97.82891,30.3441],[-97.82891,30.34409],[-97.8289,30.34408],[-97.82889,30.34407],[-97.82888,30.34406],[-97.82888,30.34405],[-97.82887,30.34404],[-97.82886,30.34403],[-97.82885,30.34402],[-97.82885,30.34402],[-97.82884,30.34401],[-97.82883,30.344],[-97.82882,30.34399],[-97.82881,30.34398],[-97.82881,30.34397],[-97.8288,30.34397],[-97.82879,30.34396],[-97.82879,30.34396],[-97.82878,30.34395],[-97.82877,30.34394],[-97.82876,30.34393],[-97.82875,30.34393],[-97.82874,30.34392],[-97.82873,30.34391],[-97.82873,30.3439],[-97.82872,30.3439],[-97.82871,30.34389],[-97.8287,30.34388],[-97.82869,30.34387],[-97.82868,30.34387],[-97.82867,30.34386],[-97.82866,30.34385],[-97.82865,30.34385],[-97.82864,30.34384],[-97.82863,30.34383],[-97.8286,30.34381],[-97.82858,30.34379],[-97.82856,30.34378],[-97.82853,30.34376],[-97.82851,30.34374],[-97.82848,30.34372],[-97.82846,30.3437],[-97.82843,30.34369],[-97.82841,30.34367],[-97.82839,30.34365],[-97.82836,30.34363],[-97.82834,30.34362],[-97.82831,30.3436],[-97.82829,30.34358],[-97.82826,30.34356],[-97.82824,30.34355],[-97.82821,30.34353],[-97.82819,30.34351],[-97.82816,30.3435],[-97.82814,30.34348],[-97.82811,30.34346],[-97.82809,30.34345],[-97.82806,30.34343],[-97.82803,30.34341],[-97.82801,30.3434],[-97.82798,30.34338],[-97.82796,30.34337],[-97.82793,30.34335],[-97.8279,30.34333],[-97.82788,30.34332],[-97.82785,30.3433],[-97.82783,30.34329],[-97.8278,30.34327],[-97.82777,30.34326],[-97.82775,30.34324],[-97.82772,30.34323],[-97.82769,30.34321],[-97.82767,30.3432],[-97.82764,30.34318],[-97.82761,30.34317],[-97.82759,30.34315],[-97.82756,30.34314],[-97.82753,30.34312],[-97.82751,30.34311],[-97.82748,30.34309],[-97.82745,30.34308],[-97.82742,30.34306],[-97.8274,30.34305],[-97.82737,30.34304],[-97.82734,30.34302],[-97.82732,30.34301],[-97.82729,30.34299],[-97.82726,30.34298],[-97.82723,30.34297],[-97.8272,30.34295],[-97.82712,30.34284],[-97.82737,30.34242],[-97.82793,30.34152],[-97.82876,30.34017],[-97.82973,30.33863],[-97.83057,30.33732],[-97.83172,30.33551],[-97.83229,30.33461],[-97.83322,30.33316],[-97.83352,30.33267],[-97.83353,30.33268],[-97.83354,30.33271],[-97.83355,30.33274],[-97.83355,30.33276],[-97.83356,30.33279],[-97.83357,30.33282],[-97.83357,30.33283],[-97.83358,30.33284],[-97.83359,30.33287],[-97.83359,30.3329],[-97.8336,30.33293],[-97.83361,30.33295],[-97.83361,30.33298],[-97.83362,30.33301],[-97.83362,30.33302],[-97.83362,30.33302],[-97.83363,30.33304],[-97.83363,30.33307],[-97.83364,30.33309],[-97.83364,30.33312],[-97.83365,30.33315],[-97.83365,30.33318],[-97.83365,30.33321],[-97.83366,30.33323],[-97.83366,30.33326],[-97.83366,30.33329],[-97.83367,30.33332],[-97.83367,30.33335],[-97.83367,30.33337],[-97.83367,30.3334],[-97.83362,30.33348],[-97.83349,30.3337],[-97.83347,30.33372],[-97.83346,30.33375],[-97.83345,30.33377],[-97.83343,30.3338],[-97.83342,30.33382],[-97.8334,30.33385],[-97.83339,30.33387],[-97.83338,30.3339],[-97.83337,30.33392],[-97.83335,30.33395],[-97.83334,30.33398],[-97.83333,30.334],[-97.83332,30.33403],[-97.83331,30.33405],[-97.8333,30.33408],[-97.83329,30.33411],[-97.83328,30.33413],[-97.83327,30.33416],[-97.83327,30.33419],[-97.83326,30.33421],[-97.83325,30.33424],[-97.83324,30.33427],[-97.83324,30.3343],[-97.83323,30.33432],[-97.83317,30.33464],[-97.8331,30.33498],[-97.83299,30.33555],[-97.83289,30.33605],[-97.83278,30.33663],[-97.83266,30.33722],[-97.83259,30.33756],[-97.83258,30.33759],[-97.83258,30.33762],[-97.83257,30.33765],[-97.83257,30.33768],[-97.83257,30.33771],[-97.83257,30.33774],[-97.83256,30.33777],[-97.83256,30.3378],[-97.83256,30.33783],[-97.83256,30.33786],[-97.83256,30.33788],[-97.83256,30.33791],[-97.83257,30.33794],[-97.83257,30.33797],[-97.83257,30.338],[-97.83258,30.33811],[-97.83259,30.33814],[-97.83259,30.33817],[-97.8326,30.3382],[-97.8326,30.33823],[-97.83261,30.33826],[-97.83261,30.33829],[-97.83262,30.33832],[-97.83262,30.33835],[-97.83263,30.33837],[-97.83264,30.3384],[-97.83264,30.33843],[-97.8327,30.33868],[-97.83285,30.33927],[-97.83299,30.33987],[-97.83313,30.34047],[-97.8332,30.34075],[-97.83329,30.34111],[-97.83343,30.34168],[-97.83357,30.34228],[-97.83376,30.34306],[-97.83329,30.34298],[-97.83311,30.34295],[-97.83308,30.34294],[-97.83305,30.34294],[-97.83301,30.34294],[-97.83298,30.34294],[-97.83295,30.34294],[-97.83291,30.34294],[-97.83288,30.34295],[-97.83285,30.34296],[-97.83282,30.34297],[-97.83279,30.34298],[-97.83276,30.34299],[-97.83273,30.34301],[-97.8327,30.34302],[-97.83267,30.34304],[-97.83265,30.34306],[-97.83262,30.34308],[-97.8326,30.3431],[-97.83252,30.34319],[-97.83248,30.34323],[-97.83226,30.34349],[-97.83217,30.34359],[-97.83215,30.34361],[-97.83213,30.34363],[-97.83211,30.34366],[-97.8321,30.34368],[-97.83208,30.34371],[-97.83206,30.34373],[-97.83205,30.34375],[-97.83203,30.34378],[-97.83202,30.3438],[-97.832,30.34383],[-97.83199,30.34385],[-97.83197,30.34388],[-97.83196,30.3439],[-97.83195,30.34393],[-97.83194,30.34396],[-97.83194,30.34396],[-97.83193,30.34398],[-97.83192,30.34401],[-97.83191,30.34404],[-97.8319,30.34406],[-97.83189,30.34409],[-97.83188,30.34412],[-97.83188,30.34414],[-97.83187,30.34417],[-97.83186,30.3442],[-97.83186,30.34422],[-97.83185,30.34425],[-97.83185,30.34428],[-97.83184,30.34431],[-97.83184,30.34433],[-97.83183,30.34436],[-97.83183,30.34439],[-97.83182,30.34442],[-97.83179,30.34466],[-97.83176,30.34495],[-97.83175,30.34497],[-97.83175,30.345],[-97.83175,30.34503],[-97.83174,30.34506],[-97.83174,30.34509],[-97.83174,30.34512],[-97.83174,30.34514],[-97.83175,30.34517],[-97.83175,30.3452],[-97.83175,30.34523],[-97.83176,30.34526],[-97.83176,30.34528],[-97.83177,30.34531],[-97.83177,30.34534],[-97.83178,30.34537],[-97.83179,30.34539],[-97.8318,30.34542],[-97.83181,30.34545],[-97.83182,30.34547],[-97.83184,30.3455],[-97.83185,30.34553],[-97.83186,30.34555],[-97.83188,30.34558],[-97.83189,30.3456],[-97.83191,30.34563],[-97.83199,30.34575],[-97.83201,30.34577],[-97.83203,30.3458],[-97.83204,30.34582],[-97.83206,30.34585],[-97.83207,30.34587],[-97.83209,30.3459],[-97.8321,30.34593],[-97.83212,30.34595],[-97.83213,30.34598],[-97.83215,30.346],[-97.83216,30.34603],[-97.83217,30.34606],[-97.83218,30.34608],[-97.8322,30.34611],[-97.83221,30.34614],[-97.83222,30.34616],[-97.83223,30.34619],[-97.83224,30.34622],[-97.83225,30.34624],[-97.83226,30.34627],[-97.83227,30.3463],[-97.83228,30.34633],[-97.83229,30.34635],[-97.8323,30.34638],[-97.8323,30.34641],[-97.83231,30.34643],[-97.83231,30.34645],[-97.83232,30.34647],[-97.83232,30.3465],[-97.83233,30.34652],[-97.83233,30.34655],[-97.83232,30.34658],[-97.83232,30.3466],[-97.83231,30.34663],[-97.8323,30.34666],[-97.83229,30.34668],[-97.83227,30.34671],[-97.83225,30.34673],[-97.83223,30.34675],[-97.83223,30.34676],[-97.83221,30.34677],[-97.83219,30.34679],[-97.83216,30.34681],[-97.83214,30.34683],[-97.83211,30.34684],[-97.83208,30.34685],[-97.83205,30.34686],[-97.83202,30.34687],[-97.83198,30.34688],[-97.83195,30.34689],[-97.83192,30.3469],[-97.83189,30.34691],[-97.83186,30.34691],[-97.83183,30.34692],[-97.8318,30.34693],[-97.83177,30.34694],[-97.83174,30.34696],[-97.83171,30.34697],[-97.83168,30.34698],[-97.83165,30.34699],[-97.83162,30.347],[-97.83159,30.34701],[-97.83156,30.34703],[-97.83153,30.34704],[-97.8315,30.34705],[-97.83147,30.34707],[-97.83144,30.34708],[-97.83141,30.34709],[-97.83138,30.34711],[-97.83128,30.34716],[-97.83122,30.34719],[-97.83118,30.3472],[-97.83115,30.3472],[-97.83112,30.34721],[-97.83108,30.3472],[-97.83106,30.3472],[-97.83105,30.34719],[-97.83102,30.34718],[-97.83099,30.34717],[-97.83097,30.34715],[-97.83095,30.34713],[-97.83093,30.3471],[-97.83092,30.34708],[-97.83091,30.34705],[-97.83091,30.34703],[-97.83091,30.347],[-97.83093,30.34688],[-97.83093,30.34685],[-97.83094,30.34682],[-97.83095,30.3468],[-97.83095,30.34677],[-97.83096,30.34674],[-97.83096,30.34672],[-97.83097,30.34669],[-97.83097,30.34666],[-97.83098,30.34663],[-97.83098,30.34661],[-97.83099,30.34658],[-97.83099,30.34655],[-97.83099,30.34652],[-97.831,30.3465],[-97.831,30.34647],[-97.831,30.34644],[-97.831,30.34641],[-97.831,30.34639],[-97.831,30.34636],[-97.831,30.34635],[-97.831,30.34635],[-97.831,30.34635],[-97.831,30.34634],[-97.831,30.34634],[-97.831,30.34633],[-97.831,30.34631],[-97.831,30.34628],[-97.831,30.34625],[-97.831,30.34622],[-97.831,30.34619],[-97.83099,30.34617],[-97.83098,30.34614],[-97.83098,30.34611],[-97.83097,30.34609],[-97.83096,30.34606],[-97.83095,30.34603],[-97.83094,30.34601],[-97.83092,30.34598],[-97.83091,30.34596],[-97.8309,30.34593],[-97.83088,30.34591],[-97.83086,30.34589],[-97.83085,30.34586],[-97.83083,30.34584],[-97.83081,30.34582],[-97.83079,30.3458],[-97.83077,30.34578],[-97.83074,30.34576],[-97.83072,30.34574],[-97.8307,30.34572],[-97.83067,30.3457],[-97.83065,30.34568],[-97.83062,30.34567],[-97.8306,30.34565],[-97.83057,30.34564],[-97.83054,30.34562],[-97.83051,30.34561],[-97.83048,30.3456],[-97.83045,30.34559],[-97.83043,30.34558],[-97.8304,30.34557],[-97.83036,30.34556],[-97.83033,30.34555],[-97.8303,30.34555],[-97.83027,30.34554],[-97.83024,30.34554],[-97.83021,30.34553],[-97.83018,30.34553],[-97.83015,30.34553]]],[[[-97.82936,30.35241],[-97.82933,30.3524],[-97.8293,30.3524],[-97.82926,30.35241],[-97.82923,30.35241],[-97.8292,30.35241],[-97.82897,30.35245],[-97.82896,30.35246],[-97.82895,30.35246],[-97.82894,30.35246],[-97.82892,30.35246],[-97.82891,30.35246],[-97.8289,30.35246],[-97.82889,30.35246],[-97.82887,30.35246],[-97.82886,30.35246],[-97.82885,30.35245],[-97.82884,30.35245],[-97.82882,30.35245],[-97.82879,30.35244],[-97.82876,30.35243],[-97.82873,30.35242],[-97.8287,30.35241],[-97.82867,30.3524],[-97.82864,30.35238],[-97.82861,30.35237],[-97.82858,30.35235],[-97.82856,30.35233],[-97.82854,30.35231],[-97.82851,30.35229],[-97.82849,30.35227],[-97.82847,30.35225],[-97.82845,30.35223],[-97.82843,30.3522],[-97.82841,30.35218],[-97.82839,30.35216],[-97.82837,30.35213],[-97.82836,30.35211],[-97.82834,30.35209],[-97.82832,30.35206],[-97.82831,30.35204],[-97.82829,30.35201],[-97.82828,30.35198],[-97.82827,30.35196],[-97.82825,30.35193],[-97.82824,30.3519],[-97.82822,30.35188],[-97.8282,30.35185],[-97.82818,30.35183],[-97.82804,30.35168],[-97.82802,30.35166],[-97.82799,30.35164],[-97.82797,30.35162],[-97.82795,30.3516],[-97.82793,30.35157],[-97.82791,30.35155],[-97.82788,30.35153],[-97.82786,30.35151],[-97.82784,30.35149],[-97.82782,30.35146],[-97.8278,30.35144],[-97.82778,30.35142],[-97.82776,30.35139],[-97.82774,30.35137],[-97.82773,30.35135],[-97.82771,30.35132],[-97.82769,30.3513],[-97.82767,30.35128],[-97.82765,30.35125],[-97.82764,30.35123],[-97.82762,30.3512],[-97.82758,30.35115],[-97.82743,30.35094],[-97.82729,30.35075],[-97.82727,30.35073],[-97.82725,30.35071],[-97.82723,30.35069],[-97.8272,30.35067],[-97.82718,30.35065],[-97.82715,30.35063],[-97.82713,30.35061],[-97.8271,30.35059],[-97.82708,30.35058],[-97.82705,30.35056],[-97.82702,30.35054],[-97.827,30.35053],[-97.82697,30.35051],[-97.82694,30.3505],[-97.82691,30.35049],[-97.82688,30.35048],[-97.82685,30.35047],[-97.82682,30.35045],[-97.82679,30.35045],[-97.82668,30.35041],[-97.82593,30.35013],[-97.8259,30.35012],[-97.82587,30.35011],[-97.82584,30.35009],[-97.82581,30.35008],[-97.82579,30.35006],[-97.82576,30.35005],[-97.82573,30.35003],[-97.8257,30.35002],[-97.82568,30.35],[-97.82565,30.34999],[-97.82562,30.34997],[-97.8256,30.34996],[-97.82557,30.34994],[-97.82554,30.34992],[-97.82552,30.34991],[-97.82549,30.34989],[-97.82547,30.34987],[-97.82544,30.34986],[-97.82541,30.34984],[-97.82539,30.34982],[-97.82536,30.34981],[-97.82534,30.34979],[-97.82531,30.34977],[-97.82529,30.34975],[-97.82526,30.34974],[-97.82524,30.34972],[-97.82521,30.3497],[-97.82519,30.34968],[-97.82516,30.34966],[-97.82514,30.34964],[-97.82512,30.34962],[-97.82509,30.3496],[-97.82508,30.34959],[-97.82507,30.34958],[-97.82505,30.34956],[-97.82483,30.34939],[-97.82481,30.34938],[-97.82478,30.34936],[-97.82476,30.34934],[-97.82473,30.34932],[-97.8247,30.34931],[-97.82468,30.34929],[-97.82465,30.34927],[-97.82463,30.34926],[-97.8246,30.34924],[-97.82457,30.34923],[-97.82454,30.34921],[-97.82452,30.3492],[-97.82449,30.34918],[-97.82446,30.34917],[-97.82443,30.34916],[-97.8244,30.34914],[-97.82437,30.34913],[-97.82435,30.34912],[-97.82432,30.34911],[-97.82429,30.3491],[-97.82426,30.34909],[-97.82423,30.34908],[-97.8242,30.34907],[-97.82417,30.34906],[-97.82414,30.34905],[-97.82411,30.34904],[-97.82408,30.34903],[-97.82404,30.34902],[-97.82401,30.34901],[-97.82398,30.34901],[-97.82395,30.349],[-97.82392,30.34899],[-97.82389,30.34899],[-97.82309,30.34881],[-97.82306,30.3488],[-97.82303,30.3488],[-97.823,30.34879],[-97.82297,30.34878],[-97.82294,30.34877],[-97.8229,30.34877],[-97.82287,30.34876],[-97.82284,30.34875],[-97.82281,30.34874],[-97.82278,30.34873],[-97.82275,30.34872],[-97.82272,30.34872],[-97.82269,30.34871],[-97.82266,30.3487],[-97.82263,30.34869],[-97.8226,30.34868],[-97.82257,30.34867],[-97.82208,30.34849],[-97.82205,30.34848],[-97.82202,30.34847],[-97.82199,30.34845],[-97.82196,30.34844],[-97.82193,30.34843],[-97.8219,30.34842],[-97.82187,30.34841],[-97.82184,30.3484],[-97.82181,30.34839],[-97.82178,30.34838],[-97.82175,30.34837],[-97.82174,30.34836],[-97.82172,30.34836],[-97.82169,30.34835],[-97.82166,30.34834],[-97.82163,30.34833],[-97.8216,30.34832],[-97.82157,30.34831],[-97.82154,30.3483],[-97.82151,30.34829],[-97.82148,30.34828],[-97.82145,30.34827],[-97.82142,30.34827],[-97.82139,30.34826],[-97.82136,30.34825],[-97.82133,30.34824],[-97.8213,30.34823],[-97.82127,30.34823],[-97.82124,30.34822],[-97.82121,30.34821],[-97.82118,30.3482],[-97.82114,30.3482],[-97.82066,30.34808],[-97.82026,30.34798],[-97.8202,30.34797],[-97.82017,30.34796],[-97.82014,30.34795],[-97.82011,30.34795],[-97.82008,30.34794],[-97.82004,30.34794],[-97.82001,30.34794],[-97.81998,30.34794],[-97.81995,30.34794],[-97.81991,30.34794],[-97.81988,30.34795],[-97.81985,30.34795],[-97.81982,30.34796],[-97.81979,30.34797],[-97.81976,30.34798],[-97.81973,30.34799],[-97.8197,30.348],[-97.81967,30.34801],[-97.81964,30.34803],[-97.8196,30.34805],[-97.81908,30.34836],[-97.81895,30.34843],[-97.81892,30.34845],[-97.81889,30.34846],[-97.81886,30.34847],[-97.81882,30.34847],[-97.81879,30.34847],[-97.81875,30.34847],[-97.81872,30.34846],[-97.81869,30.34845],[-97.81866,30.34844],[-97.81863,30.34843],[-97.81815,30.34821],[-97.81781,30.34805],[-97.8178,30.34805],[-97.81808,30.34755],[-97.81822,30.34729],[-97.81894,30.346],[-97.81916,30.34559],[-97.81949,30.345],[-97.81987,30.34432],[-97.8199,30.34431],[-97.82015,30.34423],[-97.82016,30.34424],[-97.82052,30.34441],[-97.82072,30.34451],[-97.8215,30.3449],[-97.82182,30.34505],[-97.82209,30.34519],[-97.82274,30.3455],[-97.82328,30.3458],[-97.82343,30.34587],[-97.82427,30.34623],[-97.82438,30.34628],[-97.8249,30.3465],[-97.82504,30.34624],[-97.82537,30.34575],[-97.82561,30.34536],[-97.82648,30.34391],[-97.82703,30.34301],[-97.82704,30.34303],[-97.82707,30.34304],[-97.8271,30.34305],[-97.82713,30.34307],[-97.82715,30.34308],[-97.82718,30.3431],[-97.82721,30.34311],[-97.82724,30.34312],[-97.82727,30.34314],[-97.82729,30.34315],[-97.82732,30.34317],[-97.82735,30.34318],[-97.82738,30.3432],[-97.8274,30.34321],[-97.82743,30.34323],[-97.82746,30.34324],[-97.82749,30.34326],[-97.82751,30.34327],[-97.82754,30.34329],[-97.82757,30.3433],[-97.82759,30.34332],[-97.82762,30.34333],[-97.82765,30.34335],[-97.82767,30.34336],[-97.82771,30.34339],[-97.82773,30.34339],[-97.82775,30.34341],[-97.82778,30.34343],[-97.82781,30.34344],[-97.82783,30.34346],[-97.82786,30.34347],[-97.82789,30.34349],[-97.82791,30.34351],[-97.82794,30.34352],[-97.82796,30.34354],[-97.82799,30.34356],[-97.82802,30.34357],[-97.82804,30.34359],[-97.82807,30.34361],[-97.82809,30.34363],[-97.82812,30.34364],[-97.82814,30.34366],[-97.82817,30.34368],[-97.82819,30.34369],[-97.82822,30.34371],[-97.82824,30.34373],[-97.82827,30.34375],[-97.82829,30.34377],[-97.82832,30.34378],[-97.82834,30.3438],[-97.82837,30.34382],[-97.82839,30.34384],[-97.82842,30.34386],[-97.82844,30.34387],[-97.82846,30.34389],[-97.82849,30.34391],[-97.82851,30.34393],[-97.82852,30.34394],[-97.82853,30.34394],[-97.82854,30.34395],[-97.82855,30.34396],[-97.82856,30.34397],[-97.82856,30.34398],[-97.82857,30.34398],[-97.82858,30.34399],[-97.82859,30.344],[-97.8286,30.34401],[-97.82861,30.34402],[-97.82862,30.34402],[-97.82862,30.34403],[-97.82863,30.34404],[-97.82864,30.34405],[-97.82865,30.34406],[-97.82866,30.34407],[-97.82867,30.34407],[-97.82867,30.34408],[-97.82868,30.34409],[-97.82869,30.3441],[-97.8287,30.34411],[-97.82871,30.34412],[-97.82871,30.34413],[-97.82872,30.34413],[-97.82873,30.34414],[-97.82874,30.34415],[-97.82874,30.34416],[-97.82875,30.34417],[-97.82876,30.34418],[-97.82877,30.34419],[-97.82877,30.3442],[-97.82878,30.34421],[-97.82879,30.34421],[-97.8288,30.34422],[-97.8288,30.34423],[-97.82881,30.34424],[-97.82882,30.34425],[-97.82882,30.34426],[-97.82883,30.34427],[-97.82884,30.34428],[-97.82884,30.34429],[-97.82885,30.3443],[-97.82886,30.34431],[-97.82886,30.34432],[-97.82887,30.34433],[-97.82888,30.34434],[-97.82888,30.34434],[-97.82889,30.34435],[-97.8289,30.34436],[-97.8289,30.34437],[-97.82891,30.34438],[-97.82891,30.34439],[-97.82892,30.3444],[-97.82893,30.34441],[-97.82893,30.34442],[-97.82894,30.34443],[-97.82894,30.34444],[-97.82895,30.34445],[-97.82896,30.34446],[-97.82896,30.34447],[-97.82897,30.34448],[-97.82897,30.34449],[-97.82898,30.3445],[-97.82898,30.34451],[-97.82899,30.34452],[-97.82899,30.34453],[-97.829,30.34454],[-97.829,30.34455],[-97.82901,30.34456],[-97.82901,30.34457],[-97.82902,30.34458],[-97.82903,30.3446],[-97.82904,30.34463],[-97.82905,30.34465],[-97.82907,30.34468],[-97.82908,30.3447],[-97.82909,30.34473],[-97.8291,30.34476],[-97.82911,30.34478],[-97.82912,30.34481],[-97.82913,30.34484],[-97.82914,30.34486],[-97.82915,30.34489],[-97.82916,30.34492],[-97.82917,30.34494],[-97.82917,30.34497],[-97.82918,30.345],[-97.82919,30.34503],[-97.8292,30.34505],[-97.8292,30.34508],[-97.82921,30.34511],[-97.82922,30.34514],[-97.82926,30.34539],[-97.82927,30.34542],[-97.82928,30.34545],[-97.82929,30.34547],[-97.82931,30.3455],[-97.82932,30.34552],[-97.82935,30.34555],[-97.82937,30.34557],[-97.82939,30.34559],[-97.82942,30.3456],[-97.82945,30.34562],[-97.82948,30.34563],[-97.82951,30.34565],[-97.82954,30.34566],[-97.82957,30.34567],[-97.8296,30.34568],[-97.82963,30.34568],[-97.82966,30.34569],[-97.8297,30.34569],[-97.82973,30.3457],[-97.82976,30.3457],[-97.8298,30.3457],[-97.82983,30.3457],[-97.82986,30.34569],[-97.8299,30.34569],[-97.82993,30.34568],[-97.82996,30.34568],[-97.82999,30.34567],[-97.83002,30.34567],[-97.83006,30.34566],[-97.83009,30.34566],[-97.83012,30.34566],[-97.83015,30.34566],[-97.83018,30.34567],[-97.83021,30.34567],[-97.83025,30.34567],[-97.83028,30.34568],[-97.83031,30.34569],[-97.83034,30.3457],[-97.83037,30.3457],[-97.8304,30.34571],[-97.83043,30.34573],[-97.83045,30.34574],[-97.83048,30.34575],[-97.83051,30.34577],[-97.83054,30.34578],[-97.83056,30.3458],[-97.83059,30.34582],[-97.83061,30.34583],[-97.83063,30.34585],[-97.83065,30.34587],[-97.83067,30.34589],[-97.83069,30.34592],[-97.83071,30.34594],[-97.83073,30.34596],[-97.83075,30.34598],[-97.83076,30.34601],[-97.83078,30.34603],[-97.83079,30.34606],[-97.8308,30.34608],[-97.83081,30.34611],[-97.83082,30.34614],[-97.83083,30.34616],[-97.83083,30.34619],[-97.83084,30.34622],[-97.83084,30.34625],[-97.83085,30.34627],[-97.83085,30.3463],[-97.83085,30.34633],[-97.83085,30.34636],[-97.83084,30.34638],[-97.83084,30.34641],[-97.83084,30.34644],[-97.83084,30.34647],[-97.83084,30.34649],[-97.83083,30.34652],[-97.83083,30.34655],[-97.83083,30.34658],[-97.83082,30.34661],[-97.83082,30.34663],[-97.83081,30.34666],[-97.83081,30.34669],[-97.8308,30.34672],[-97.8308,30.34674],[-97.83079,30.34677],[-97.83078,30.3468],[-97.83078,30.34682],[-97.83077,30.34685],[-97.83075,30.34699],[-97.83075,30.34701],[-97.83075,30.34704],[-97.83076,30.34707],[-97.83076,30.3471],[-97.83077,30.34712],[-97.83078,30.34715],[-97.8308,30.34718],[-97.83081,30.3472],[-97.83083,30.34722],[-97.83085,30.34724],[-97.83088,30.34726],[-97.8309,30.34728],[-97.83092,30.34729],[-97.83095,30.3473],[-97.83096,30.34731],[-97.83099,30.34732],[-97.83102,30.34733],[-97.83104,30.34733],[-97.83106,30.34734],[-97.83109,30.34734],[-97.83112,30.34734],[-97.83116,30.34734],[-97.83119,30.34734],[-97.83122,30.34733],[-97.83125,30.34732],[-97.83128,30.34731],[-97.83146,30.34723],[-97.83149,30.34722],[-97.83152,30.3472],[-97.83155,30.34719],[-97.83157,30.34717],[-97.8316,30.34716],[-97.83163,30.34715],[-97.83166,30.34713],[-97.83169,30.34712],[-97.83172,30.34711],[-97.83175,30.3471],[-97.83178,30.34709],[-97.83181,30.34708],[-97.83184,30.34707],[-97.83187,30.34706],[-97.83191,30.34705],[-97.83194,30.34704],[-97.83197,30.34703],[-97.832,30.34702],[-97.83203,30.34701],[-97.83206,30.347],[-97.83209,30.34699],[-97.83212,30.34699],[-97.83215,30.34697],[-97.83218,30.34696],[-97.83221,30.34695],[-97.83224,30.34693],[-97.83226,30.34692],[-97.83229,30.3469],[-97.83231,30.34688],[-97.83233,30.34686],[-97.83235,30.34684],[-97.83235,30.34684],[-97.83237,30.34682],[-97.83239,30.3468],[-97.83241,30.34677],[-97.83242,30.34675],[-97.83244,30.34672],[-97.83245,30.3467],[-97.83246,30.34667],[-97.83247,30.34665],[-97.83248,30.34662],[-97.83248,30.34659],[-97.83249,30.34656],[-97.83249,30.34654],[-97.83249,30.34651],[-97.83248,30.34649],[-97.83248,30.34647],[-97.83248,30.34645],[-97.83247,30.34643],[-97.83247,30.34641],[-97.83246,30.34639],[-97.83245,30.34636],[-97.83244,30.34633],[-97.83244,30.34631],[-97.83243,30.34628],[-97.83242,30.34625],[-97.83241,30.34623],[-97.8324,30.3462],[-97.83239,30.34617],[-97.83238,30.34615],[-97.83237,30.34612],[-97.83236,30.3461],[-97.83235,30.34607],[-97.83234,30.34604],[-97.83232,30.34602],[-97.83231,30.34599],[-97.8323,30.34597],[-97.83229,30.34594],[-97.83227,30.34592],[-97.83226,30.34589],[-97.83225,30.34587],[-97.83223,30.34584],[-97.83222,30.34582],[-97.8322,30.34579],[-97.83219,30.34577],[-97.83217,30.34575],[-97.83216,30.34572],[-97.83214,30.3457],[-97.83205,30.34556],[-97.83203,30.34553],[-97.83202,30.34551],[-97.832,30.34548],[-97.83199,30.34546],[-97.83197,30.34543],[-97.83196,30.34541],[-97.83195,30.34538],[-97.83194,30.34535],[-97.83193,30.34533],[-97.83193,30.3453],[-97.83192,30.34527],[-97.83191,30.34524],[-97.83191,30.34521],[-97.8319,30.34519],[-97.8319,30.34516],[-97.8319,30.34513],[-97.8319,30.3451],[-97.8319,30.34507],[-97.8319,30.34505],[-97.83191,30.34502],[-97.83191,30.34499],[-97.83192,30.34491],[-97.83197,30.34449],[-97.83198,30.3444],[-97.83199,30.34437],[-97.83199,30.34435],[-97.832,30.34432],[-97.832,30.34429],[-97.83201,30.34426],[-97.83201,30.34423],[-97.83202,30.34421],[-97.83203,30.34418],[-97.83204,30.34415],[-97.83204,30.34412],[-97.83205,30.3441],[-97.83206,30.34407],[-97.83207,30.34404],[-97.83208,30.34401],[-97.83209,30.34399],[-97.8321,30.34396],[-97.83211,30.34393],[-97.83213,30.34391],[-97.83215,30.34388],[-97.83216,30.34386],[-97.83218,30.34384],[-97.83219,30.34381],[-97.83221,30.34379],[-97.83223,30.34376],[-97.83224,30.34374],[-97.83226,30.34372],[-97.83228,30.34369],[-97.8323,30.34367],[-97.83246,30.34348],[-97.83262,30.3433],[-97.83272,30.34319],[-97.83275,30.34316],[-97.83277,30.34315],[-97.8328,30.34313],[-97.83283,30.34311],[-97.83286,30.3431],[-97.83289,30.34309],[-97.83292,30.34308],[-97.83295,30.34308],[-97.83299,30.34308],[-97.83302,30.34308],[-97.83305,30.34308],[-97.83308,30.34309],[-97.83326,30.34312],[-97.83379,30.34321],[-97.83384,30.34346],[-97.83393,30.34386],[-97.83406,30.34446],[-97.83417,30.34499],[-97.8343,30.34562],[-97.83439,30.34601],[-97.8344,30.34604],[-97.8344,30.34606],[-97.83441,30.34609],[-97.83442,30.34612],[-97.83443,30.34615],[-97.83444,30.34618],[-97.83445,30.34621],[-97.83446,30.34623],[-97.83447,30.34626],[-97.83448,30.34629],[-97.83449,30.34632],[-97.8345,30.34634],[-97.83451,30.34637],[-97.83452,30.3464],[-97.83453,30.34643],[-97.83454,30.34645],[-97.83455,30.34648],[-97.83457,30.34651],[-97.83458,30.34653],[-97.83459,30.34656],[-97.83475,30.34689],[-97.83495,30.34729],[-97.83504,30.34748],[-97.83541,30.34822],[-97.83551,30.34843],[-97.83552,30.34846],[-97.83553,30.34848],[-97.83554,30.34851],[-97.83555,30.34854],[-97.83556,30.34856],[-97.83556,30.34859],[-97.83557,30.34862],[-97.83557,30.34865],[-97.83558,30.34867],[-97.83558,30.3487],[-97.83559,30.34873],[-97.83559,30.34875],[-97.83559,30.34878],[-97.83559,30.34881],[-97.83559,30.34884],[-97.83559,30.34886],[-97.83559,30.34889],[-97.83559,30.34892],[-97.83558,30.34895],[-97.83558,30.34897],[-97.83558,30.349],[-97.83557,30.34903],[-97.83557,30.34906],[-97.83556,30.34908],[-97.83555,30.34911],[-97.83554,30.34914],[-97.83553,30.34916],[-97.83553,30.34919],[-97.83552,30.34922],[-97.8355,30.34924],[-97.83549,30.34927],[-97.83548,30.34929],[-97.83547,30.34932],[-97.83545,30.34934],[-97.83544,30.34937],[-97.83543,30.34939],[-97.83541,30.34942],[-97.83539,30.34944],[-97.83538,30.34946],[-97.83536,30.34949],[-97.83534,30.34951],[-97.83532,30.34953],[-97.8353,30.34955],[-97.83528,30.34957],[-97.83526,30.3496],[-97.83524,30.34962],[-97.83522,30.34964],[-97.8352,30.34965],[-97.83517,30.34967],[-97.83515,30.34969],[-97.83513,30.34971],[-97.8351,30.34973],[-97.83508,30.34975],[-97.83506,30.34977],[-97.83503,30.34978],[-97.83501,30.3498],[-97.83498,30.34982],[-97.83496,30.34984],[-97.83493,30.34985],[-97.83491,30.34987],[-97.83488,30.34989],[-97.83486,30.3499],[-97.83483,30.34992],[-97.83481,30.34994],[-97.83478,30.34995],[-97.83476,30.34997],[-97.83473,30.34998],[-97.8347,30.35],[-97.83468,30.35002],[-97.83465,30.35003],[-97.83462,30.35004],[-97.8346,30.35006],[-97.83457,30.35007],[-97.83454,30.35009],[-97.83451,30.3501],[-97.83449,30.35012],[-97.83446,30.35013],[-97.83443,30.35014],[-97.8344,30.35015],[-97.83437,30.35017],[-97.83434,30.35018],[-97.83432,30.35019],[-97.83419,30.35024],[-97.83416,30.35024],[-97.83413,30.35025],[-97.8341,30.35026],[-97.83407,30.35027],[-97.83404,30.35028],[-97.83401,30.3503],[-97.83398,30.35031],[-97.83395,30.35032],[-97.83392,30.35033],[-97.83389,30.35034],[-97.83386,30.35036],[-97.83383,30.35037],[-97.8338,30.35038],[-97.83377,30.3504],[-97.83375,30.35041],[-97.83372,30.35043],[-97.83369,30.35044],[-97.83366,30.35046],[-97.83364,30.35048],[-97.83362,30.35049],[-97.83361,30.35049],[-97.83359,30.35051],[-97.83356,30.35053],[-97.83353,30.35055],[-97.83351,30.35057],[-97.83348,30.35058],[-97.83346,30.3506],[-97.83344,30.35062],[-97.83341,30.35064],[-97.83339,30.35067],[-97.83337,30.35069],[-97.83335,30.35071],[-97.83333,30.35073],[-97.83331,30.35075],[-97.83329,30.35078],[-97.83327,30.3508],[-97.83325,30.35083],[-97.83323,30.35085],[-97.83322,30.35087],[-97.8332,30.3509],[-97.83318,30.35092],[-97.83317,30.35095],[-97.83315,30.35098],[-97.83314,30.351],[-97.83313,30.35103],[-97.83312,30.35105],[-97.83299,30.35136],[-97.83298,30.35139],[-97.83297,30.35142],[-97.83297,30.35144],[-97.83296,30.35147],[-97.83295,30.3515],[-97.83295,30.35153],[-97.83294,30.35156],[-97.83294,30.35158],[-97.83293,30.35161],[-97.83293,30.35164],[-97.83293,30.35167],[-97.83293,30.3517],[-97.83292,30.35173],[-97.83292,30.35175],[-97.83292,30.35178],[-97.83293,30.35181],[-97.83293,30.35184],[-97.83293,30.35187],[-97.83293,30.3519],[-97.83293,30.35191],[-97.83294,30.35192],[-97.83294,30.35193],[-97.83294,30.35194],[-97.83294,30.35195],[-97.83294,30.35196],[-97.83295,30.35198],[-97.83295,30.35199],[-97.83295,30.352],[-97.83295,30.35201],[-97.83296,30.35202],[-97.83296,30.35203],[-97.83296,30.35204],[-97.83297,30.35205],[-97.83297,30.35206],[-97.83297,30.35207],[-97.83297,30.35208],[-97.83298,30.35209],[-97.83298,30.3521],[-97.83298,30.35212],[-97.83299,30.35213],[-97.83299,30.35214],[-97.83299,30.35215],[-97.833,30.35216],[-97.83301,30.3522],[-97.83315,30.35263],[-97.83321,30.35283],[-97.83322,30.35286],[-97.83323,30.35289],[-97.83323,30.35292],[-97.83323,30.35295],[-97.83323,30.35297],[-97.83322,30.353],[-97.83322,30.35303],[-97.83321,30.35306],[-97.83319,30.35308],[-97.83318,30.35311],[-97.83317,30.35312],[-97.83315,30.35315],[-97.83277,30.35366],[-97.83274,30.3537],[-97.83273,30.35372],[-97.83271,30.35374],[-97.83269,30.35377],[-97.83268,30.35379],[-97.83266,30.35382],[-97.83265,30.35384],[-97.83264,30.35387],[-97.83262,30.35389],[-97.83261,30.35392],[-97.8326,30.35394],[-97.83258,30.35397],[-97.83257,30.35399],[-97.83256,30.35402],[-97.83255,30.35399],[-97.83253,30.35397],[-97.83251,30.35395],[-97.8325,30.35392],[-97.83248,30.3539],[-97.83246,30.35388],[-97.83244,30.35386],[-97.83242,30.35384],[-97.8324,30.35382],[-97.83237,30.3538],[-97.83235,30.35378],[-97.83232,30.35376],[-97.8323,30.35374],[-97.83227,30.35373],[-97.83225,30.35371],[-97.83222,30.3537],[-97.83219,30.35368],[-97.83216,30.35367],[-97.83213,30.35366],[-97.8321,30.35365],[-97.83207,30.35364],[-97.83204,30.35363],[-97.83201,30.35362],[-97.83198,30.35361],[-97.83194,30.3536],[-97.83191,30.35359],[-97.83188,30.35358],[-97.83184,30.35358],[-97.83181,30.35357],[-97.83178,30.35356],[-97.83174,30.35356],[-97.83157,30.35353],[-97.83083,30.35343],[-97.83076,30.35342],[-97.83061,30.3534],[-97.83058,30.3534],[-97.83055,30.35339],[-97.83052,30.35338],[-97.83049,30.35337],[-97.83046,30.35336],[-97.83043,30.35334],[-97.8304,30.35333],[-97.83037,30.35331],[-97.83035,30.3533],[-97.83032,30.35328],[-97.8303,30.35326],[-97.83027,30.35324],[-97.83025,30.35322],[-97.83023,30.3532],[-97.83021,30.35318],[-97.83019,30.35315],[-97.83017,30.35313],[-97.83016,30.3531],[-97.83014,30.35308],[-97.83013,30.35305],[-97.83012,30.35303],[-97.83003,30.35286],[-97.82997,30.35274],[-97.82996,30.35272],[-97.82994,30.3527],[-97.82992,30.35267],[-97.8299,30.35265],[-97.82988,30.35263],[-97.82986,30.35261],[-97.82984,30.35259],[-97.82982,30.35257],[-97.8298,30.35255],[-97.82977,30.35254],[-97.82974,30.35252],[-97.82972,30.3525],[-97.82969,30.35249],[-97.82966,30.35248],[-97.82963,30.35246],[-97.82961,30.35245],[-97.82958,30.35244],[-97.82955,30.35243],[-97.82952,30.35243],[-97.82948,30.35242],[-97.82945,30.35241],[-97.82942,30.35241],[-97.82939,30.35241],[-97.82936,30.35241]]],[[[-97.83288,30.35377],[-97.83302,30.35358],[-97.83327,30.35323],[-97.83329,30.35321],[-97.83331,30.35318],[-97.83332,30.35316],[-97.83334,30.35313],[-97.83335,30.35311],[-97.83336,30.35308],[-97.83337,30.35305],[-97.83338,30.35302],[-97.83338,30.353],[-97.83339,30.35297],[-97.83339,30.35294],[-97.83339,30.35291],[-97.83339,30.35288],[-97.83338,30.35285],[-97.83337,30.35282],[-97.83337,30.3528],[-97.83331,30.35263],[-97.83316,30.35217],[-97.83315,30.35212],[-97.83314,30.3521],[-97.83313,30.35207],[-97.83312,30.35204],[-97.83312,30.35201],[-97.83311,30.35198],[-97.8331,30.35196],[-97.8331,30.35193],[-97.83309,30.3519],[-97.83309,30.35187],[-97.83309,30.35184],[-97.83308,30.35182],[-97.83308,30.35179],[-97.83308,30.35176],[-97.83308,30.35173],[-97.83308,30.3517],[-97.83308,30.35168],[-97.83309,30.35165],[-97.83309,30.35162],[-97.83309,30.35159],[-97.8331,30.35157],[-97.8331,30.35154],[-97.83311,30.35151],[-97.83312,30.35149],[-97.83312,30.35146],[-97.83313,30.35143],[-97.83314,30.3514],[-97.83326,30.35111],[-97.83328,30.35108],[-97.83329,30.35105],[-97.8333,30.35103],[-97.83332,30.351],[-97.83334,30.35098],[-97.83335,30.35095],[-97.83337,30.35093],[-97.83339,30.3509],[-97.8334,30.35088],[-97.83342,30.35086],[-97.83344,30.35083],[-97.83346,30.35081],[-97.83348,30.35079],[-97.8335,30.35077],[-97.83352,30.35074],[-97.83355,30.35072],[-97.83357,30.3507],[-97.83359,30.35068],[-97.83362,30.35066],[-97.83362,30.35066],[-97.83364,30.35064],[-97.83367,30.35063],[-97.83369,30.35061],[-97.83372,30.35059],[-97.83374,30.35058],[-97.83377,30.35056],[-97.8338,30.35055],[-97.83382,30.35053],[-97.83385,30.35052],[-97.83388,30.35051],[-97.83391,30.35049],[-97.83393,30.35048],[-97.83396,30.35047],[-97.83399,30.35046],[-97.83402,30.35044],[-97.83405,30.35043],[-97.83408,30.35042],[-97.83411,30.35041],[-97.83414,30.3504],[-97.83417,30.35039],[-97.8342,30.35038],[-97.83423,30.35037],[-97.83426,30.35036],[-97.83436,30.35032],[-97.83439,30.35031],[-97.83442,30.3503],[-97.83445,30.35029],[-97.83448,30.35027],[-97.83451,30.35026],[-97.83453,30.35025],[-97.83456,30.35024],[-97.83459,30.35022],[-97.83462,30.35021],[-97.83465,30.35019],[-97.83467,30.35018],[-97.8347,30.35016],[-97.83473,30.35015],[-97.83476,30.35013],[-97.83478,30.35012],[-97.83481,30.3501],[-97.83484,30.35009],[-97.83486,30.35007],[-97.83489,30.35006],[-97.83492,30.35004],[-97.83494,30.35002],[-97.83497,30.35001],[-97.83499,30.34999],[-97.83502,30.34997],[-97.83505,30.34996],[-97.83507,30.34994],[-97.8351,30.34992],[-97.83512,30.3499],[-97.83514,30.34988],[-97.83517,30.34987],[-97.83519,30.34985],[-97.83522,30.34983],[-97.83524,30.34981],[-97.83526,30.34979],[-97.83529,30.34977],[-97.83531,30.34975],[-97.83533,30.34973],[-97.83536,30.34971],[-97.83538,30.34969],[-97.8354,30.34967],[-97.83544,30.34963],[-97.83546,30.3496],[-97.83548,30.34958],[-97.8355,30.34956],[-97.83551,30.34953],[-97.83553,30.34951],[-97.83555,30.34949],[-97.83556,30.34946],[-97.83558,30.34944],[-97.83559,30.34941],[-97.83561,30.34939],[-97.83562,30.34936],[-97.83563,30.34934],[-97.83564,30.34931],[-97.83566,30.34928],[-97.83567,30.34926],[-97.83568,30.34923],[-97.83569,30.3492],[-97.83569,30.34918],[-97.8357,30.34915],[-97.83571,30.34912],[-97.83572,30.3491],[-97.83572,30.34907],[-97.83573,30.34904],[-97.83573,30.34901],[-97.83574,30.34899],[-97.83574,30.34896],[-97.83574,30.34893],[-97.83575,30.3489],[-97.83575,30.34888],[-97.83575,30.34885],[-97.83575,30.34882],[-97.83575,30.34879],[-97.83575,30.34876],[-97.83574,30.34874],[-97.83574,30.34871],[-97.83574,30.34868],[-97.83573,30.34865],[-97.83573,30.34862],[-97.83572,30.3486],[-97.83572,30.34857],[-97.83571,30.34854],[-97.8357,30.34852],[-97.8357,30.34849],[-97.83569,30.34846],[-97.83568,30.34843],[-97.83566,30.34839],[-97.8354,30.34786],[-97.83517,30.34739],[-97.83493,30.34689],[-97.83483,30.34671],[-97.83474,30.34652],[-97.83473,30.34648],[-97.83471,30.34646],[-97.8347,30.34643],[-97.83469,30.3464],[-97.83468,30.34638],[-97.83467,30.34635],[-97.83465,30.34632],[-97.83464,30.3463],[-97.83463,30.34627],[-97.83462,30.34624],[-97.83461,30.34621],[-97.8346,30.34619],[-97.83459,30.34616],[-97.83459,30.34613],[-97.83458,30.3461],[-97.83457,30.34608],[-97.83456,30.34605],[-97.83455,30.34602],[-97.83446,30.34561],[-97.83434,30.34504],[-97.83422,30.34447],[-97.83409,30.34387],[-97.83399,30.34338],[-97.83395,30.34323],[-97.83391,30.34304],[-97.83386,30.34281],[-97.83373,30.34225],[-97.83359,30.34171],[-97.83345,30.3411],[-97.8333,30.34048],[-97.83315,30.33987],[-97.83301,30.33928],[-97.83287,30.33869],[-97.83279,30.33838],[-97.83278,30.33835],[-97.83278,30.33832],[-97.83277,30.33829],[-97.83277,30.33826],[-97.83276,30.33824],[-97.83276,30.33821],[-97.83275,30.33818],[-97.83275,30.33815],[-97.83274,30.33812],[-97.83274,30.3381],[-97.83273,30.338],[-97.83272,30.33797],[-97.83272,30.33794],[-97.83272,30.33791],[-97.83272,30.33789],[-97.83272,30.33786],[-97.83272,30.33783],[-97.83272,30.3378],[-97.83272,30.33778],[-97.83272,30.33775],[-97.83273,30.33772],[-97.83273,30.33769],[-97.83273,30.33767],[-97.83274,30.33764],[-97.83274,30.33761],[-97.83275,30.33758],[-97.83282,30.33722],[-97.83294,30.33663],[-97.83305,30.33604],[-97.83315,30.33553],[-97.83326,30.33498],[-97.83337,30.33442],[-97.83338,30.33439],[-97.83338,30.33437],[-97.83339,30.33435],[-97.8334,30.33432],[-97.83341,30.33429],[-97.83341,30.33426],[-97.83342,30.33424],[-97.83343,30.33421],[-97.83344,30.33418],[-97.83345,30.33415],[-97.83346,30.33413],[-97.83347,30.3341],[-97.83348,30.33407],[-97.83349,30.33405],[-97.8335,30.33402],[-97.83351,30.33399],[-97.83353,30.33397],[-97.83354,30.33394],[-97.83355,30.33391],[-97.83356,30.33389],[-97.83358,30.33386],[-97.83359,30.33384],[-97.8336,30.33381],[-97.83362,30.33379],[-97.83362,30.33378],[-97.83363,30.33376],[-97.83365,30.33373],[-97.83366,30.33371],[-97.83368,30.33368],[-97.83369,30.33366],[-97.83371,30.33364],[-97.83372,30.33361],[-97.83374,30.33359],[-97.83375,30.33356],[-97.83377,30.33354],[-97.83378,30.33351],[-97.8338,30.33349],[-97.83381,30.33346],[-97.83383,30.33344],[-97.83384,30.33341],[-97.83386,30.33339],[-97.83388,30.33337],[-97.83389,30.33334],[-97.83391,30.33332],[-97.83395,30.33326],[-97.83398,30.33322],[-97.834,30.3332],[-97.83401,30.33318],[-97.83403,30.33315],[-97.83405,30.33313],[-97.83407,30.33311],[-97.83409,30.33308],[-97.8341,30.33306],[-97.83412,30.33304],[-97.83414,30.33302],[-97.83416,30.33299],[-97.83418,30.33297],[-97.8342,30.33295],[-97.83422,30.33292],[-97.83424,30.3329],[-97.83426,30.33288],[-97.83428,30.33286],[-97.83429,30.33284],[-97.83431,30.33281],[-97.83433,30.33279],[-97.83435,30.33277],[-97.83438,30.33275],[-97.8344,30.33273],[-97.83442,30.3327],[-97.83444,30.33268],[-97.83446,30.33266],[-97.83448,30.33264],[-97.8345,30.33262],[-97.83452,30.3326],[-97.83454,30.33258],[-97.83456,30.33256],[-97.83458,30.33253],[-97.83461,30.33251],[-97.83463,30.33249],[-97.83465,30.33247],[-97.83468,30.33245],[-97.8347,30.33243],[-97.83473,30.33241],[-97.83475,30.33239],[-97.83478,30.33238],[-97.8348,30.33236],[-97.83483,30.33234],[-97.83486,30.33232],[-97.83488,30.33231],[-97.83491,30.33229],[-97.83494,30.33228],[-97.83497,30.33226],[-97.83499,30.33225],[-97.83502,30.33223],[-97.83505,30.33222],[-97.83511,30.3322],[-97.83517,30.33218],[-97.83523,30.33216],[-97.8353,30.33214],[-97.83536,30.33212],[-97.83542,30.3321],[-97.83548,30.33209],[-97.83554,30.33207],[-97.83561,30.33206],[-97.83567,30.33204],[-97.83573,30.33203],[-97.83579,30.33201],[-97.83586,30.332],[-97.83592,30.33199],[-97.83599,30.33198],[-97.83605,30.33197],[-97.83611,30.33196],[-97.83618,30.33195],[-97.83624,30.33194],[-97.83631,30.33193],[-97.83637,30.33193],[-97.83644,30.33192],[-97.8365,30.33191],[-97.83656,30.33191],[-97.83663,30.33191],[-97.83669,30.3319],[-97.83676,30.3319],[-97.83682,30.3319],[-97.83689,30.3319],[-97.83695,30.3319],[-97.83702,30.3319],[-97.83708,30.3319],[-97.83715,30.3319],[-97.83721,30.3319],[-97.83728,30.3319],[-97.83734,30.33191],[-97.83741,30.33191],[-97.83747,30.33192],[-97.83754,30.33192],[-97.8376,30.33193],[-97.83767,30.33194],[-97.83773,30.33194],[-97.8378,30.33195],[-97.83786,30.33196],[-97.83792,30.33197],[-97.83799,30.33198],[-97.83805,30.33199],[-97.83812,30.33201],[-97.83818,30.33202],[-97.83824,30.33203],[-97.8383,30.33205],[-97.83837,30.33206],[-97.83843,30.33208],[-97.83849,30.33209],[-97.83855,30.33211],[-97.83862,30.33213],[-97.83868,30.33214],[-97.83874,30.33216],[-97.8388,30.33218],[-97.83886,30.3322],[-97.83889,30.33221],[-97.83892,30.33223],[-97.83896,30.33224],[-97.83897,30.33224],[-97.83899,30.33225],[-97.83902,30.33226],[-97.83905,30.33227],[-97.83907,30.33228],[-97.83908,30.33228],[-97.83911,30.3323],[-97.83913,30.33231],[-97.83916,30.33233],[-97.83919,30.33234],[-97.83922,30.33236],[-97.83924,30.33237],[-97.83927,30.33239],[-97.8393,30.33241],[-97.83932,30.33242],[-97.83935,30.33244],[-97.83937,30.33246],[-97.8394,30.33247],[-97.83942,30.33249],[-97.83945,30.33251],[-97.83947,30.33253],[-97.83949,30.33255],[-97.83952,30.33257],[-97.83954,30.33259],[-97.83956,30.33261],[-97.83958,30.33263],[-97.83961,30.33265],[-97.83963,30.33267],[-97.83965,30.33269],[-97.83967,30.33271],[-97.83969,30.33274],[-97.83971,30.33276],[-97.83973,30.33278],[-97.83975,30.3328],[-97.83977,30.33283],[-97.83978,30.33285],[-97.8398,30.33287],[-97.83982,30.3329],[-97.83984,30.33292],[-97.83985,30.33295],[-97.83987,30.33297],[-97.83988,30.33299],[-97.8399,30.33302],[-97.83991,30.33304],[-97.83993,30.33307],[-97.83994,30.3331],[-97.83995,30.33312],[-97.83997,30.33315],[-97.83998,30.33317],[-97.83999,30.3332],[-97.84,30.33323],[-97.84001,30.33325],[-97.84006,30.33341],[-97.8402,30.33385],[-97.84021,30.33388],[-97.84022,30.3339],[-97.84022,30.33393],[-97.84023,30.33396],[-97.84023,30.33399],[-97.84023,30.33402],[-97.84023,30.33404],[-97.84023,30.33407],[-97.84023,30.3341],[-97.84023,30.33413],[-97.84022,30.33416],[-97.84022,30.33418],[-97.84021,30.33421],[-97.8402,30.33424],[-97.84019,30.33427],[-97.84018,30.33429],[-97.84017,30.33432],[-97.84016,30.33434],[-97.84014,30.33437],[-97.84013,30.33439],[-97.84011,30.33442],[-97.84009,30.33444],[-97.84007,30.33446],[-97.84005,30.33449],[-97.84003,30.33451],[-97.84001,30.33453],[-97.83999,30.33455],[-97.83997,30.33457],[-97.83994,30.33459],[-97.83992,30.3346],[-97.83989,30.33462],[-97.83986,30.33463],[-97.83983,30.33465],[-97.83906,30.33489],[-97.83903,30.3349],[-97.839,30.33491],[-97.83897,30.33492],[-97.83894,30.33493],[-97.83891,30.33495],[-97.83888,30.33496],[-97.83885,30.33497],[-97.83882,30.33499],[-97.83879,30.335],[-97.83876,30.33501],[-97.83873,30.33503],[-97.8387,30.33504],[-97.83868,30.33506],[-97.83865,30.33507],[-97.83862,30.33509],[-97.83859,30.3351],[-97.83857,30.33512],[-97.83854,30.33514],[-97.83851,30.33515],[-97.83849,30.33517],[-97.83846,30.33519],[-97.83844,30.33521],[-97.83841,30.33522],[-97.83839,30.33524],[-97.83836,30.33526],[-97.83834,30.33528],[-97.83831,30.3353],[-97.83829,30.33532],[-97.83827,30.33534],[-97.83825,30.33536],[-97.83822,30.33538],[-97.8382,30.3354],[-97.83818,30.33542],[-97.83817,30.33543],[-97.83816,30.33545],[-97.83815,30.33546],[-97.83814,30.33547],[-97.83813,30.33548],[-97.83812,30.3355],[-97.8381,30.33552],[-97.83808,30.33554],[-97.83807,30.33557],[-97.83806,30.33559],[-97.83805,30.33562],[-97.83804,30.33565],[-97.83803,30.33567],[-97.83802,30.3357],[-97.83802,30.33573],[-97.83801,30.33575],[-97.83801,30.33578],[-97.83801,30.33581],[-97.83801,30.33584],[-97.83801,30.33586],[-97.83801,30.33589],[-97.83802,30.33592],[-97.83803,30.33595],[-97.83803,30.33597],[-97.83804,30.336],[-97.83805,30.33603],[-97.83806,30.33605],[-97.83808,30.33608],[-97.83809,30.3361],[-97.83811,30.33612],[-97.83813,30.33615],[-97.83814,30.33617],[-97.83816,30.33619],[-97.83818,30.33621],[-97.83821,30.33623],[-97.83823,30.33625],[-97.83825,30.33627],[-97.83828,30.33629],[-97.8383,30.3363],[-97.83833,30.33632],[-97.83836,30.33633],[-97.83839,30.33635],[-97.83841,30.33636],[-97.83844,30.33637],[-97.83847,30.33638],[-97.8385,30.33639],[-97.83853,30.33639],[-97.83857,30.3364],[-97.8386,30.3364],[-97.83863,30.33641],[-97.83866,30.33641],[-97.83869,30.33641],[-97.83872,30.33641],[-97.83876,30.33641],[-97.83879,30.3364],[-97.83882,30.3364],[-97.83885,30.33639],[-97.83888,30.33639],[-97.83891,30.33637],[-97.83894,30.33636],[-97.83897,30.33635],[-97.83899,30.33634],[-97.83902,30.33632],[-97.83905,30.33631],[-97.83908,30.3363],[-97.83911,30.33629],[-97.83914,30.33627],[-97.83916,30.33626],[-97.83919,30.33625],[-97.83922,30.33623],[-97.83925,30.33622],[-97.83928,30.33621],[-97.8393,30.3362],[-97.83933,30.33618],[-97.83936,30.33617],[-97.83939,30.33615],[-97.83942,30.33614],[-97.83944,30.33613],[-97.83947,30.33611],[-97.8395,30.3361],[-97.83953,30.33609],[-97.83955,30.33607],[-97.83958,30.33606],[-97.83961,30.33604],[-97.83964,30.33603],[-97.83966,30.33602],[-97.83969,30.336],[-97.83972,30.33599],[-97.83974,30.33597],[-97.83977,30.33596],[-97.8398,30.33594],[-97.83983,30.33593],[-97.83985,30.33591],[-97.83988,30.3359],[-97.83991,30.33588],[-97.83992,30.33588],[-97.83996,30.33585],[-97.83999,30.33584],[-97.84001,30.33582],[-97.84004,30.33581],[-97.84008,30.3358],[-97.84011,30.33579],[-97.84014,30.33578],[-97.84017,30.33577],[-97.8402,30.33575],[-97.84023,30.33574],[-97.84025,30.33573],[-97.84028,30.33571],[-97.84031,30.3357],[-97.84034,30.33568],[-97.84037,30.33567],[-97.8404,30.33565],[-97.84042,30.33563],[-97.84045,30.33562],[-97.84048,30.3356],[-97.8405,30.33558],[-97.84053,30.33556],[-97.84055,30.33554],[-97.84058,30.33552],[-97.8406,30.3355],[-97.84062,30.33548],[-97.84065,30.33546],[-97.84067,30.33544],[-97.84069,30.33542],[-97.84071,30.3354],[-97.84073,30.33538],[-97.84075,30.33536],[-97.84077,30.33534],[-97.84084,30.33526],[-97.84118,30.33483],[-97.84154,30.33438],[-97.84156,30.33436],[-97.84158,30.33434],[-97.8416,30.33431],[-97.84162,30.33429],[-97.84164,30.33427],[-97.84166,30.33425],[-97.84167,30.33422],[-97.84169,30.3342],[-97.84171,30.33417],[-97.84172,30.33415],[-97.84173,30.33413],[-97.84175,30.3341],[-97.84176,30.33408],[-97.84177,30.33405],[-97.84178,30.33402],[-97.84179,30.334],[-97.8418,30.33397],[-97.84181,30.33395],[-97.84182,30.33392],[-97.84183,30.33389],[-97.84184,30.33386],[-97.84184,30.33384],[-97.84185,30.33381],[-97.84185,30.33378],[-97.84186,30.33376],[-97.84186,30.33373],[-97.84186,30.3337],[-97.84186,30.33367],[-97.84187,30.33365],[-97.84187,30.33362],[-97.84187,30.33359],[-97.84186,30.33356],[-97.84186,30.33353],[-97.84186,30.33351],[-97.84186,30.33348],[-97.84185,30.33345],[-97.84185,30.33343],[-97.84184,30.3334],[-97.84183,30.33337],[-97.84182,30.33334],[-97.84182,30.33332],[-97.84181,30.33329],[-97.8418,30.33326],[-97.84179,30.33324],[-97.84178,30.33321],[-97.84176,30.33319],[-97.84175,30.33316],[-97.84174,30.33314],[-97.84172,30.33311],[-97.84171,30.33309],[-97.84169,30.33306],[-97.84168,30.33304],[-97.84166,30.33301],[-97.84165,30.33299],[-97.84163,30.33296],[-97.84162,30.33294],[-97.8416,30.33291],[-97.84159,30.33289],[-97.84157,30.33287],[-97.84156,30.33284],[-97.84154,30.33282],[-97.84152,30.33279],[-97.84151,30.33277],[-97.84149,30.33275],[-97.84147,30.33272],[-97.84146,30.3327],[-97.84144,30.33268],[-97.84142,30.33265],[-97.8414,30.33263],[-97.84138,30.33261],[-97.84137,30.33258],[-97.84135,30.33256],[-97.84133,30.33254],[-97.84131,30.33252],[-97.84129,30.33249],[-97.84127,30.33247],[-97.84125,30.33245],[-97.84123,30.33243],[-97.84121,30.33241],[-97.84119,30.33239],[-97.84117,30.33236],[-97.84114,30.33234],[-97.84112,30.33232],[-97.8411,30.3323],[-97.84108,30.33228],[-97.84106,30.33226],[-97.84104,30.33224],[-97.84101,30.33222],[-97.84099,30.3322],[-97.84097,30.33218],[-97.84094,30.33216],[-97.84092,30.33214],[-97.8409,30.33212],[-97.84087,30.3321],[-97.84085,30.33208],[-97.84083,30.33206],[-97.84081,30.33204],[-97.84079,30.33202],[-97.84075,30.33198],[-97.84072,30.33196],[-97.8407,30.33194],[-97.84068,30.33192],[-97.84066,30.33189],[-97.84064,30.33187],[-97.84062,30.33185],[-97.8406,30.33183],[-97.84058,30.33181],[-97.84056,30.33178],[-97.84054,30.33176],[-97.84053,30.33174],[-97.84051,30.33172],[-97.84049,30.33169],[-97.84036,30.33154],[-97.83994,30.33102],[-97.83962,30.33063],[-97.83954,30.33053],[-97.83942,30.33039],[-97.83935,30.33028],[-97.83913,30.32998],[-97.83893,30.32969],[-97.83867,30.32932],[-97.83849,30.32906],[-97.83847,30.32904],[-97.83845,30.32901],[-97.83843,30.32899],[-97.83842,30.32896],[-97.8384,30.32894],[-97.83839,30.32891],[-97.83837,30.32889],[-97.83836,30.32886],[-97.83834,30.32884],[-97.83833,30.32881],[-97.83832,30.32879],[-97.8383,30.32876],[-97.83829,30.32874],[-97.83828,30.32871],[-97.83827,30.32868],[-97.83826,30.32866],[-97.83825,30.32863],[-97.83824,30.32861],[-97.83823,30.32858],[-97.83822,30.32855],[-97.8382,30.32849],[-97.83812,30.32808],[-97.8381,30.32795],[-97.83809,30.32791],[-97.83809,30.32789],[-97.83809,30.32786],[-97.83808,30.32783],[-97.83808,30.3278],[-97.83809,30.32778],[-97.83809,30.32775],[-97.8381,30.32772],[-97.8381,30.3277],[-97.83811,30.32767],[-97.83812,30.32764],[-97.83813,30.32762],[-97.83815,30.32759],[-97.83816,30.32757],[-97.83818,30.32754],[-97.8382,30.32752],[-97.83822,30.3275],[-97.83824,30.32748],[-97.83826,30.32746],[-97.83829,30.32744],[-97.83831,30.32742],[-97.83834,30.32741],[-97.83836,30.32739],[-97.83839,30.32738],[-97.83842,30.32737],[-97.83845,30.32736],[-97.83848,30.32735],[-97.83851,30.32734],[-97.83854,30.32733],[-97.83857,30.32733],[-97.8386,30.32732],[-97.83863,30.32732],[-97.83899,30.32733],[-97.83915,30.32736],[-97.83918,30.32737],[-97.83921,30.32737],[-97.83924,30.32738],[-97.83928,30.32738],[-97.83931,30.32738],[-97.83934,30.32738],[-97.83937,30.32738],[-97.83941,30.32738],[-97.83944,30.32737],[-97.83947,30.32737],[-97.8395,30.32736],[-97.83953,30.32735],[-97.83957,30.32734],[-97.8396,30.32733],[-97.83963,30.32732],[-97.83966,30.32731],[-97.83968,30.32729],[-97.83971,30.32728],[-97.83974,30.32726],[-97.83976,30.32724],[-97.83979,30.32723],[-97.83981,30.32721],[-97.83984,30.32719],[-97.83986,30.32717],[-97.83988,30.32714],[-97.8399,30.32712],[-97.83992,30.3271],[-97.83993,30.32707],[-97.83995,30.32705],[-97.83997,30.32703],[-97.83999,30.327],[-97.84001,30.32698],[-97.84004,30.32697],[-97.84006,30.32695],[-97.84009,30.32693],[-97.84011,30.32692],[-97.84014,30.3269],[-97.84017,30.32689],[-97.8402,30.32688],[-97.84023,30.32687],[-97.84026,30.32686],[-97.84029,30.32685],[-97.84032,30.32684],[-97.84035,30.32684],[-97.84038,30.32684],[-97.84041,30.32683],[-97.84045,30.32683],[-97.84048,30.32683],[-97.84051,30.32684],[-97.84054,30.32684],[-97.84057,30.32685],[-97.84061,30.32685],[-97.84064,30.32686],[-97.84067,30.32687],[-97.8407,30.32688],[-97.84072,30.32689],[-97.84075,30.32691],[-97.84078,30.32692],[-97.84081,30.32694],[-97.84083,30.32696],[-97.84085,30.32697],[-97.84088,30.32699],[-97.8409,30.32701],[-97.84092,30.32704],[-97.84094,30.32706],[-97.84096,30.32708],[-97.84098,30.32711],[-97.84128,30.32745],[-97.84151,30.32771],[-97.84152,30.32774],[-97.84154,30.32776],[-97.84155,30.32779],[-97.84157,30.32782],[-97.84158,30.32784],[-97.8416,30.32787],[-97.84161,30.3279],[-97.84162,30.32793],[-97.84163,30.32795],[-97.84165,30.32798],[-97.84166,30.32801],[-97.84167,30.32804],[-97.84168,30.32806],[-97.84169,30.32809],[-97.8417,30.32812],[-97.84172,30.32815],[-97.84173,30.32817],[-97.84174,30.3282],[-97.84176,30.32823],[-97.84178,30.32825],[-97.84179,30.32828],[-97.84181,30.3283],[-97.84183,30.32833],[-97.84184,30.32835],[-97.84186,30.32838],[-97.84188,30.3284],[-97.8419,30.32843],[-97.84191,30.32845],[-97.84193,30.32848],[-97.84194,30.3285],[-97.84196,30.32853],[-97.84197,30.32855],[-97.84198,30.32858],[-97.842,30.32861],[-97.84201,30.32863],[-97.84202,30.32866],[-97.84204,30.32868],[-97.84205,30.32871],[-97.84206,30.32874],[-97.84207,30.32876],[-97.84209,30.32879],[-97.8421,30.32882],[-97.84211,30.32884],[-97.84224,30.32917],[-97.84248,30.32973],[-97.84261,30.33003],[-97.84262,30.33007],[-97.84262,30.33007],[-97.84262,30.33008],[-97.84263,30.33008],[-97.84263,30.33011],[-97.84264,30.33014],[-97.84265,30.33017],[-97.84266,30.33019],[-97.84267,30.33022],[-97.84268,30.33025],[-97.84268,30.33028],[-97.84269,30.33031],[-97.8427,30.33034],[-97.8427,30.33036],[-97.84271,30.33039],[-97.84272,30.33042],[-97.84272,30.33045],[-97.84272,30.33048],[-97.84273,30.33051],[-97.84273,30.33054],[-97.84274,30.33058],[-97.84283,30.3311],[-97.84292,30.33163],[-97.84297,30.33194],[-97.84298,30.33196],[-97.84298,30.33199],[-97.84299,30.33202],[-97.84299,30.33205],[-97.843,30.33208],[-97.84301,30.3321],[-97.84302,30.33213],[-97.84303,30.33216],[-97.84305,30.33218],[-97.84306,30.33221],[-97.84308,30.33224],[-97.84308,30.33224],[-97.84309,30.33226],[-97.84311,30.33228],[-97.84313,30.33231],[-97.84315,30.33233],[-97.84317,30.33235],[-97.84319,30.33238],[-97.84321,30.3324],[-97.84323,30.33243],[-97.84324,30.33245],[-97.84326,30.33248],[-97.84327,30.3325],[-97.84329,30.33253],[-97.8433,30.33256],[-97.84331,30.33258],[-97.84333,30.33261],[-97.84334,30.33264],[-97.84335,30.33266],[-97.84336,30.33273],[-97.84341,30.33301],[-97.84341,30.33304],[-97.84342,30.33307],[-97.84343,30.3331],[-97.84343,30.33313],[-97.84343,30.33316],[-97.84344,30.33318],[-97.84343,30.33321],[-97.84343,30.33324],[-97.84343,30.33327],[-97.84342,30.3333],[-97.84342,30.33333],[-97.84341,30.33335],[-97.8434,30.33338],[-97.84339,30.33341],[-97.84333,30.33337],[-97.84339,30.33341],[-97.84338,30.33343],[-97.84337,30.33346],[-97.84336,30.33349],[-97.84336,30.33351],[-97.84335,30.33354],[-97.84335,30.33357],[-97.84335,30.3336],[-97.84334,30.33362],[-97.84334,30.33365],[-97.84334,30.33368],[-97.84334,30.33371],[-97.84334,30.33373],[-97.84335,30.33376],[-97.84335,30.33379],[-97.84335,30.33386],[-97.84337,30.33413],[-97.84337,30.33416],[-97.84338,30.33419],[-97.84338,30.33422],[-97.84339,30.33425],[-97.84339,30.33427],[-97.8434,30.3343],[-97.8434,30.33433],[-97.84341,30.33436],[-97.84342,30.33439],[-97.84342,30.33442],[-97.84342,30.33445],[-97.84343,30.33447],[-97.84343,30.33453],[-97.84343,30.33456],[-97.84342,30.33458],[-97.84342,30.33461],[-97.84342,30.33464],[-97.84341,30.33466],[-97.8434,30.33469],[-97.84339,30.33472],[-97.84339,30.33475],[-97.84338,30.33478],[-97.84337,30.33481],[-97.84337,30.33484],[-97.84337,30.33487],[-97.84337,30.3349],[-97.84337,30.33493],[-97.84337,30.33495],[-97.84338,30.33498],[-97.84338,30.33501],[-97.84339,30.33504],[-97.84339,30.33506],[-97.8434,30.3351],[-97.84345,30.33543],[-97.8435,30.33574],[-97.84352,30.33585],[-97.84351,30.33587],[-97.84351,30.33589],[-97.84351,30.33591],[-97.8435,30.33593],[-97.84349,30.33595],[-97.84348,30.33596],[-97.84346,30.33599],[-97.84345,30.33601],[-97.84343,30.33604],[-97.84342,30.33607],[-97.84341,30.33609],[-97.8434,30.33612],[-97.8434,30.33615],[-97.8434,30.33618],[-97.8434,30.33621],[-97.84341,30.33624],[-97.84342,30.33627],[-97.84343,30.33631],[-97.84344,30.33634],[-97.8435,30.33649],[-97.84368,30.33696],[-97.84389,30.33751],[-97.84404,30.33747],[-97.84382,30.33688],[-97.84367,30.33649],[-97.84364,30.33642],[-97.84357,30.33622],[-97.84356,30.3362],[-97.84356,30.33617],[-97.84356,30.33614],[-97.84357,30.33612],[-97.84358,30.33609],[-97.84359,30.33606],[-97.84361,30.33604],[-97.84363,30.33602],[-97.84365,30.33599],[-97.84366,30.33596],[-97.84367,30.33593],[-97.84367,30.3359],[-97.84367,30.33587],[-97.84367,30.33584],[-97.84367,30.33579],[-97.84366,30.33573],[-97.84361,30.33542],[-97.84355,30.33502],[-97.84354,30.33499],[-97.84353,30.33496],[-97.84353,30.33493],[-97.84353,30.3349],[-97.84353,30.33487],[-97.84353,30.33484],[-97.84353,30.33481],[-97.84354,30.33478],[-97.84354,30.33476],[-97.84355,30.33473],[-97.84356,30.3347],[-97.84357,30.33467],[-97.84357,30.33464],[-97.84358,30.33462],[-97.84358,30.33459],[-97.84359,30.33456],[-97.84359,30.33453],[-97.84359,30.3345],[-97.84358,30.33444],[-97.84358,30.33442],[-97.84358,30.33439],[-97.84357,30.33436],[-97.84356,30.33433],[-97.84356,30.3343],[-97.84355,30.33427],[-97.84354,30.33424],[-97.84354,30.33421],[-97.84354,30.33418],[-97.84353,30.33415],[-97.84353,30.33412],[-97.84352,30.33404],[-97.84351,30.33378],[-97.8435,30.33375],[-97.8435,30.33372],[-97.8435,30.33369],[-97.8435,30.33366],[-97.8435,30.33363],[-97.8435,30.3336],[-97.84351,30.33357],[-97.84351,30.33354],[-97.84352,30.33351],[-97.84353,30.33348],[-97.84354,30.33345],[-97.84355,30.33343],[-97.84356,30.3334],[-97.84357,30.33337],[-97.84357,30.33335],[-97.84358,30.33332],[-97.84359,30.33329],[-97.84359,30.33326],[-97.84359,30.33324],[-97.84359,30.33321],[-97.84359,30.33318],[-97.84359,30.33315],[-97.84359,30.33313],[-97.84359,30.3331],[-97.84358,30.33307],[-97.84358,30.33304],[-97.84357,30.33302],[-97.84355,30.33289],[-97.8435,30.33264],[-97.84349,30.33261],[-97.84348,30.33259],[-97.84347,30.33256],[-97.84346,30.33253],[-97.84345,30.33251],[-97.84343,30.33248],[-97.84342,30.33245],[-97.8434,30.33243],[-97.84339,30.3324],[-97.84337,30.33238],[-97.84336,30.33235],[-97.84334,30.33233],[-97.84332,30.3323],[-97.8433,30.33228],[-97.84328,30.33226],[-97.84327,30.33224],[-97.84326,30.33223],[-97.84324,30.33221],[-97.84323,30.33219],[-97.84321,30.33216],[-97.8432,30.33214],[-97.84318,30.33211],[-97.84317,30.33209],[-97.84316,30.33206],[-97.84315,30.33203],[-97.84314,30.33201],[-97.84314,30.33198],[-97.84313,30.33195],[-97.84313,30.33192],[-97.84308,30.33161],[-97.84299,30.33111],[-97.8429,30.33059],[-97.84289,30.33052],[-97.84289,30.33049],[-97.84288,30.33046],[-97.84288,30.33044],[-97.84287,30.33041],[-97.84287,30.33038],[-97.84286,30.33035],[-97.84286,30.33033],[-97.84285,30.3303],[-97.84285,30.33027],[-97.84284,30.33025],[-97.84283,30.33022],[-97.84282,30.33019],[-97.84282,30.33017],[-97.84281,30.33014],[-97.8428,30.33011],[-97.84279,30.33009],[-97.84279,30.33007],[-97.84278,30.33006],[-97.84278,30.33005],[-97.84278,30.33004],[-97.84277,30.33003],[-97.84277,30.33002],[-97.84261,30.32964],[-97.84239,30.32912],[-97.84224,30.32877],[-97.84223,30.32874],[-97.84222,30.32872],[-97.84221,30.32869],[-97.8422,30.32867],[-97.84219,30.32864],[-97.84217,30.32861],[-97.84216,30.32859],[-97.84215,30.32856],[-97.84213,30.32854],[-97.84212,30.32851],[-97.84211,30.32849],[-97.84209,30.32846],[-97.84208,30.32844],[-97.84206,30.32841],[-97.84205,30.32839],[-97.84203,30.32836],[-97.84202,30.32834],[-97.842,30.32831],[-97.84198,30.32829],[-97.84196,30.32826],[-97.84195,30.32823],[-97.84193,30.32821],[-97.84191,30.32818],[-97.8419,30.32816],[-97.84188,30.32813],[-97.84187,30.3281],[-97.84185,30.32808],[-97.84184,30.32805],[-97.84183,30.32802],[-97.84182,30.32799],[-97.84181,30.32797],[-97.8418,30.32794],[-97.84179,30.32792],[-97.84178,30.32789],[-97.84176,30.32786],[-97.84175,30.32784],[-97.84174,30.32781],[-97.84173,30.32779],[-97.84171,30.32776],[-97.8417,30.32774],[-97.84169,30.32771],[-97.84167,30.32769],[-97.84166,30.32766],[-97.84164,30.32764],[-97.84139,30.32735],[-97.8411,30.32702],[-97.84109,30.327],[-97.84107,30.32698],[-97.84105,30.32696],[-97.84103,30.32694],[-97.84101,30.32691],[-97.84099,30.32689],[-97.84097,30.32687],[-97.84094,30.32686],[-97.84092,30.32684],[-97.84089,30.32682],[-97.84087,30.32681],[-97.84084,30.32679],[-97.84081,30.32678],[-97.84078,30.32676],[-97.84075,30.32675],[-97.84072,30.32674],[-97.84069,30.32673],[-97.84066,30.32672],[-97.84063,30.32672],[-97.8406,30.32671],[-97.84057,30.3267],[-97.84054,30.3267],[-97.84051,30.3267],[-97.84048,30.32669],[-97.84044,30.32669],[-97.84041,30.32669],[-97.84038,30.3267],[-97.84035,30.3267],[-97.84032,30.3267],[-97.84028,30.32671],[-97.84025,30.32671],[-97.84022,30.32672],[-97.84019,30.32673],[-97.84016,30.32674],[-97.84013,30.32675],[-97.8401,30.32676],[-97.84007,30.32677],[-97.84005,30.32679],[-97.84002,30.3268],[-97.83999,30.32682],[-97.83997,30.32684],[-97.83994,30.32685],[-97.83992,30.32687],[-97.8399,30.32689],[-97.83987,30.32691],[-97.83985,30.32693],[-97.83983,30.32695],[-97.83981,30.32698],[-97.8398,30.327],[-97.83978,30.32702],[-97.83976,30.32704],[-97.83974,30.32707],[-97.83972,30.32709],[-97.8397,30.32711],[-97.83967,30.32712],[-97.83965,30.32714],[-97.83962,30.32716],[-97.83959,30.32717],[-97.83957,30.32718],[-97.83954,30.3272],[-97.83951,30.32721],[-97.83948,30.32722],[-97.83945,30.32722],[-97.83942,30.32723],[-97.83939,30.32723],[-97.83935,30.32724],[-97.83932,30.32724],[-97.83929,30.32724],[-97.83926,30.32724],[-97.83923,30.32724],[-97.8392,30.32723],[-97.83916,30.32723],[-97.83899,30.3272],[-97.83863,30.32718],[-97.8386,30.32719],[-97.83857,30.32719],[-97.83854,30.32719],[-97.83851,30.3272],[-97.83848,30.32721],[-97.83845,30.32721],[-97.83842,30.32722],[-97.83839,30.32723],[-97.83836,30.32724],[-97.83833,30.32726],[-97.8383,30.32727],[-97.83827,30.32728],[-97.83825,30.3273],[-97.83822,30.32731],[-97.8382,30.32733],[-97.83819,30.32734],[-97.83817,30.32735],[-97.83815,30.32737],[-97.83813,30.32739],[-97.83811,30.32741],[-97.83809,30.32743],[-97.83807,30.32745],[-97.83805,30.32747],[-97.83803,30.3275],[-97.83802,30.32752],[-97.838,30.32755],[-97.83799,30.32757],[-97.83798,30.3276],[-97.83796,30.32762],[-97.83796,30.32765],[-97.83795,30.32768],[-97.83794,30.3277],[-97.83793,30.32773],[-97.83793,30.32776],[-97.83793,30.32779],[-97.83793,30.32781],[-97.83793,30.32784],[-97.83793,30.32787],[-97.83793,30.3279],[-97.83793,30.32792],[-97.83799,30.3282],[-97.83805,30.3285],[-97.83806,30.32858],[-97.83807,30.32861],[-97.83808,30.32863],[-97.83809,30.32866],[-97.8381,30.32869],[-97.83811,30.32871],[-97.83812,30.32874],[-97.83813,30.32876],[-97.83815,30.32879],[-97.83816,30.32882],[-97.83817,30.32884],[-97.83818,30.32887],[-97.8382,30.32889],[-97.83821,30.32892],[-97.83822,30.32894],[-97.83824,30.32896],[-97.83825,30.32899],[-97.83827,30.32901],[-97.83828,30.32904],[-97.8383,30.32906],[-97.83835,30.32913],[-97.8385,30.32934],[-97.83875,30.3297],[-97.83892,30.32994],[-97.8392,30.33033],[-97.83926,30.33042],[-97.83933,30.33051],[-97.83945,30.33067],[-97.83978,30.33107],[-97.84021,30.33159],[-97.84036,30.33177],[-97.84038,30.3318],[-97.8404,30.33182],[-97.84042,30.33184],[-97.84044,30.33186],[-97.84046,30.33189],[-97.84048,30.33191],[-97.8405,30.33193],[-97.84052,30.33195],[-97.84054,30.33198],[-97.84056,30.332],[-97.84058,30.33202],[-97.8406,30.33204],[-97.84062,30.33206],[-97.84064,30.33209],[-97.84065,30.33209],[-97.84066,30.33211],[-97.84068,30.33213],[-97.84071,30.33215],[-97.84073,30.33217],[-97.84075,30.33219],[-97.84077,30.33221],[-97.84079,30.33224],[-97.8408,30.33224],[-97.84082,30.33225],[-97.84084,30.33227],[-97.84086,30.33229],[-97.84088,30.33231],[-97.84091,30.33233],[-97.84093,30.33236],[-97.84095,30.33238],[-97.84097,30.3324],[-97.84099,30.33242],[-97.84101,30.33244],[-97.84103,30.33246],[-97.84106,30.33248],[-97.84108,30.3325],[-97.8411,30.33252],[-97.84112,30.33255],[-97.84114,30.33257],[-97.84116,30.33259],[-97.84118,30.33261],[-97.8412,30.33263],[-97.84121,30.33266],[-97.84123,30.33268],[-97.84125,30.3327],[-97.84127,30.33272],[-97.84129,30.33275],[-97.84131,30.33277],[-97.84133,30.33279],[-97.84134,30.33282],[-97.84136,30.33284],[-97.84138,30.33286],[-97.84139,30.33289],[-97.84141,30.33291],[-97.84143,30.33293],[-97.84144,30.33296],[-97.84146,30.33298],[-97.84148,30.33301],[-97.84149,30.33303],[-97.84151,30.33305],[-97.84152,30.33308],[-97.84154,30.3331],[-97.84155,30.33313],[-97.84157,30.33315],[-97.84158,30.33318],[-97.8416,30.3332],[-97.84161,30.33323],[-97.84162,30.33325],[-97.84164,30.33328],[-97.84165,30.33331],[-97.84166,30.33333],[-97.84167,30.33336],[-97.84167,30.33339],[-97.84168,30.33341],[-97.84169,30.33344],[-97.84169,30.33347],[-97.8417,30.33349],[-97.8417,30.33352],[-97.8417,30.33355],[-97.84171,30.33358],[-97.84171,30.33361],[-97.84171,30.33363],[-97.84171,30.33366],[-97.84171,30.33369],[-97.8417,30.33372],[-97.8417,30.33374],[-97.8417,30.33377],[-97.84169,30.3338],[-97.84168,30.33383],[-97.84168,30.33385],[-97.84167,30.33388],[-97.84166,30.33391],[-97.84165,30.33393],[-97.84164,30.33396],[-97.84163,30.33399],[-97.84162,30.33401],[-97.84161,30.33404],[-97.84159,30.33406],[-97.84158,30.33409],[-97.84156,30.33411],[-97.84155,30.33414],[-97.84153,30.33416],[-97.84152,30.33418],[-97.8415,30.33421],[-97.84148,30.33423],[-97.84146,30.33425],[-97.84144,30.33427],[-97.84142,30.3343],[-97.8414,30.33432],[-97.84101,30.33481],[-97.84068,30.33522],[-97.84066,30.33524],[-97.84062,30.33528],[-97.8406,30.33531],[-97.84058,30.33533],[-97.84056,30.33535],[-97.84053,30.33537],[-97.84051,30.33539],[-97.84049,30.33541],[-97.84046,30.33543],[-97.84044,30.33545],[-97.84041,30.33547],[-97.84038,30.33549],[-97.84036,30.3355],[-97.84033,30.33552],[-97.8403,30.33554],[-97.84028,30.33556],[-97.84025,30.33557],[-97.84022,30.33559],[-97.84019,30.3356],[-97.84016,30.33562],[-97.84013,30.33563],[-97.8401,30.33564],[-97.84007,30.33566],[-97.84004,30.33567],[-97.84001,30.33568],[-97.83997,30.33569],[-97.83994,30.3357],[-97.83991,30.33572],[-97.83989,30.33573],[-97.83986,30.33575],[-97.83983,30.33576],[-97.83981,30.33578],[-97.83978,30.33579],[-97.83975,30.33581],[-97.83973,30.33582],[-97.8397,30.33584],[-97.83967,30.33585],[-97.83964,30.33587],[-97.83962,30.33588],[-97.83959,30.33589],[-97.83956,30.33591],[-97.83953,30.33592],[-97.83951,30.33594],[-97.83948,30.33595],[-97.83945,30.33597],[-97.83942,30.33598],[-97.83939,30.33599],[-97.83937,30.33601],[-97.83934,30.33602],[-97.83931,30.33604],[-97.83928,30.33605],[-97.83925,30.33606],[-97.83923,30.33608],[-97.8392,30.33609],[-97.83917,30.3361],[-97.83914,30.33612],[-97.83911,30.33613],[-97.83909,30.33614],[-97.83906,30.33616],[-97.83903,30.33617],[-97.839,30.33618],[-97.83897,30.33619],[-97.83894,30.33621],[-97.83891,30.33622],[-97.83889,30.33623],[-97.83886,30.33624],[-97.83883,30.33626],[-97.83882,30.33626],[-97.8388,30.33626],[-97.83879,30.33626],[-97.83878,30.33626],[-97.83877,30.33626],[-97.83876,30.33626],[-97.83872,30.33627],[-97.83869,30.33627],[-97.83866,30.33626],[-97.83863,30.33626],[-97.83859,30.33625],[-97.83856,30.33625],[-97.83853,30.33624],[-97.8385,30.33623],[-97.83847,30.33622],[-97.83845,30.3362],[-97.83842,30.33619],[-97.83839,30.33617],[-97.83837,30.33615],[-97.83834,30.33614],[-97.83832,30.33612],[-97.8383,30.33609],[-97.83828,30.33607],[-97.83826,30.33605],[-97.83824,30.33602],[-97.83823,30.336],[-97.83822,30.33597],[-97.83821,30.33595],[-97.8382,30.33592],[-97.83819,30.33589],[-97.83818,30.33587],[-97.83818,30.33584],[-97.83818,30.33581],[-97.83818,30.33578],[-97.83818,30.33575],[-97.83819,30.33573],[-97.83819,30.3357],[-97.8382,30.33567],[-97.83821,30.33564],[-97.83822,30.33562],[-97.83824,30.33559],[-97.83825,30.33557],[-97.83827,30.33554],[-97.83829,30.33552],[-97.83831,30.3355],[-97.83832,30.33549],[-97.83833,30.33548],[-97.83835,30.33546],[-97.83838,30.33544],[-97.8384,30.33542],[-97.83842,30.3354],[-97.83845,30.33538],[-97.83847,30.33536],[-97.8385,30.33534],[-97.83852,30.33532],[-97.83855,30.33531],[-97.83857,30.33529],[-97.8386,30.33527],[-97.83862,30.33525],[-97.83865,30.33524],[-97.83868,30.33522],[-97.8387,30.33521],[-97.83873,30.33519],[-97.83876,30.33517],[-97.83878,30.33516],[-97.83881,30.33515],[-97.83884,30.33513],[-97.83887,30.33512],[-97.8389,30.3351],[-97.83893,30.33509],[-97.83896,30.33508],[-97.83899,30.33506],[-97.83902,30.33505],[-97.83905,30.33504],[-97.83907,30.33504],[-97.83911,30.33502],[-97.8399,30.33478],[-97.83993,30.33476],[-97.83996,30.33475],[-97.83998,30.33473],[-97.84001,30.33471],[-97.84003,30.3347],[-97.84006,30.33468],[-97.84008,30.33466],[-97.84011,30.33464],[-97.84013,30.33462],[-97.84015,30.3346],[-97.84017,30.33458],[-97.84019,30.33456],[-97.84021,30.33453],[-97.84023,30.33451],[-97.84025,30.33449],[-97.84026,30.33446],[-97.84028,30.33444],[-97.84029,30.33441],[-97.84031,30.33439],[-97.84032,30.33436],[-97.84033,30.33434],[-97.84034,30.33431],[-97.84035,30.33428],[-97.84036,30.33426],[-97.84037,30.33423],[-97.84037,30.3342],[-97.84038,30.33417],[-97.84038,30.33415],[-97.84039,30.33412],[-97.84039,30.33409],[-97.84039,30.33406],[-97.84039,30.33403],[-97.84039,30.33401],[-97.84039,30.33398],[-97.84039,30.33395],[-97.84038,30.33392],[-97.84038,30.33389],[-97.84037,30.33387],[-97.84036,30.33384],[-97.84035,30.33381],[-97.84023,30.33343],[-97.84016,30.33321],[-97.84015,30.33319],[-97.84014,30.33316],[-97.84013,30.33313],[-97.84012,30.33311],[-97.84011,30.33308],[-97.84009,30.33306],[-97.84008,30.33303],[-97.84007,30.33301],[-97.84005,30.33298],[-97.84004,30.33296],[-97.84002,30.33293],[-97.84001,30.33291],[-97.83999,30.33288],[-97.83998,30.33286],[-97.83996,30.33283],[-97.83994,30.33281],[-97.83993,30.33279],[-97.83991,30.33276],[-97.83989,30.33274],[-97.83987,30.33272],[-97.83985,30.3327],[-97.83983,30.33267],[-97.83981,30.33265],[-97.83979,30.33263],[-97.83977,30.33261],[-97.83975,30.33259],[-97.83973,30.33257],[-97.83971,30.33255],[-97.83969,30.33253],[-97.83967,30.33251],[-97.83964,30.33249],[-97.83962,30.33247],[-97.8396,30.33245],[-97.83957,30.33243],[-97.83955,30.33241],[-97.83953,30.33239],[-97.8395,30.33237],[-97.83948,30.33235],[-97.83945,30.33234],[-97.83943,30.33232],[-97.8394,30.3323],[-97.83938,30.33229],[-97.83935,30.33227],[-97.83932,30.33226],[-97.8393,30.33224],[-97.83927,30.33222],[-97.83926,30.33222],[-97.83924,30.33221],[-97.83922,30.3322],[-97.83919,30.33218],[-97.83916,30.33217],[-97.83913,30.33215],[-97.8391,30.33214],[-97.83907,30.33213],[-97.83907,30.33213],[-97.83904,30.33212],[-97.83901,30.33211],[-97.83898,30.3321],[-97.83896,30.33209],[-97.83893,30.33208],[-97.8389,30.33207],[-97.83887,30.33206],[-97.8388,30.33204],[-97.83874,30.33202],[-97.83868,30.332],[-97.83861,30.33198],[-97.83855,30.33196],[-97.83849,30.33195],[-97.83843,30.33193],[-97.83836,30.33192],[-97.8383,30.3319],[-97.83823,30.33189],[-97.83817,30.33188],[-97.8381,30.33186],[-97.83804,30.33185],[-97.83798,30.33184],[-97.83791,30.33183],[-97.83785,30.33182],[-97.83778,30.33181],[-97.83771,30.3318],[-97.83765,30.3318],[-97.83758,30.33179],[-97.83752,30.33178],[-97.83745,30.33178],[-97.83739,30.33177],[-97.83732,30.33177],[-97.83725,30.33177],[-97.83719,30.33176],[-97.83712,30.33176],[-97.83706,30.33176],[-97.83699,30.33176],[-97.83692,30.33176],[-97.83686,30.33176],[-97.83679,30.33176],[-97.83673,30.33176],[-97.83666,30.33177],[-97.83659,30.33177],[-97.83653,30.33178],[-97.83646,30.33178],[-97.8364,30.33179],[-97.83633,30.33179],[-97.83627,30.3318],[-97.8362,30.33181],[-97.83614,30.33182],[-97.83607,30.33183],[-97.83601,30.33184],[-97.83594,30.33185],[-97.83588,30.33186],[-97.83581,30.33187],[-97.83575,30.33189],[-97.83568,30.3319],[-97.83562,30.33191],[-97.83556,30.33193],[-97.83549,30.33194],[-97.83543,30.33196],[-97.83537,30.33198],[-97.8353,30.332],[-97.83524,30.33201],[-97.83518,30.33203],[-97.83512,30.33205],[-97.83505,30.33207],[-97.83499,30.33209],[-97.83496,30.33211],[-97.83494,30.33212],[-97.83491,30.33213],[-97.83485,30.33216],[-97.83483,30.33218],[-97.8348,30.33219],[-97.83477,30.33221],[-97.83475,30.33222],[-97.83472,30.33224],[-97.8347,30.33226],[-97.83467,30.33228],[-97.83465,30.33229],[-97.83462,30.33231],[-97.8346,30.33233],[-97.83458,30.33235],[-97.83455,30.33237],[-97.83453,30.33239],[-97.83451,30.33241],[-97.83448,30.33243],[-97.83446,30.33245],[-97.83444,30.33247],[-97.83442,30.33249],[-97.8344,30.33251],[-97.83438,30.33253],[-97.83436,30.33255],[-97.83434,30.33257],[-97.83432,30.33259],[-97.83429,30.33261],[-97.83427,30.33263],[-97.83425,30.33266],[-97.83423,30.33268],[-97.83421,30.3327],[-97.83419,30.33272],[-97.83417,30.33274],[-97.83415,30.33276],[-97.83413,30.33279],[-97.83412,30.33281],[-97.8341,30.33283],[-97.83408,30.33285],[-97.83406,30.33287],[-97.83404,30.3329],[-97.83402,30.33292],[-97.834,30.33294],[-97.83398,30.33297],[-97.83397,30.33299],[-97.83395,30.33301],[-97.83393,30.33303],[-97.83391,30.33306],[-97.8339,30.33308],[-97.83388,30.3331],[-97.83386,30.33313],[-97.83385,30.33315],[-97.83383,30.33317],[-97.83381,30.3332],[-97.83381,30.33317],[-97.8338,30.33314],[-97.8338,30.33312],[-97.8338,30.33309],[-97.83379,30.33306],[-97.83379,30.33303],[-97.83378,30.33301],[-97.83377,30.33298],[-97.83377,30.33295],[-97.83376,30.33292],[-97.83376,30.3329],[-97.83375,30.33287],[-97.83374,30.33284],[-97.83373,30.33282],[-97.83373,30.33279],[-97.83372,30.33276],[-97.83368,30.33266],[-97.83362,30.33253],[-97.83363,30.33251],[-97.83418,30.33164],[-97.83475,30.33075],[-97.83487,30.33056],[-97.83502,30.33032],[-97.83576,30.32919],[-97.83676,30.32766],[-97.83695,30.32736],[-97.8372,30.32748],[-97.83775,30.32775],[-97.83791,30.32749],[-97.83832,30.32681],[-97.8381,30.32677],[-97.83832,30.32638],[-97.83853,30.32605],[-97.83899,30.32533],[-97.83932,30.32481],[-97.83952,30.32488],[-97.83978,30.325],[-97.84003,30.3251],[-97.8401,30.32515],[-97.84035,30.32524],[-97.84061,30.32533],[-97.84085,30.32551],[-97.84102,30.32565],[-97.84117,30.32579],[-97.84132,30.32592],[-97.84151,30.32614],[-97.84162,30.32626],[-97.84175,30.32639],[-97.84184,30.32654],[-97.84195,30.32669],[-97.84208,30.32684],[-97.84216,30.32702],[-97.84225,30.32716],[-97.84235,30.32737],[-97.84253,30.32771],[-97.84264,30.32795],[-97.84277,30.32818],[-97.8428,30.32837],[-97.84289,30.32858],[-97.84295,30.32879],[-97.84306,30.32917],[-97.84312,30.32931],[-97.84316,30.32947],[-97.84322,30.3297],[-97.84333,30.33005],[-97.84334,30.33023],[-97.84338,30.33038],[-97.84344,30.33059],[-97.84345,30.33067],[-97.84345,30.33076],[-97.84348,30.33088],[-97.84348,30.33119],[-97.84351,30.33132],[-97.84353,30.33138],[-97.84352,30.33148],[-97.84355,30.33162],[-97.84356,30.33178],[-97.84357,30.33208],[-97.84359,30.33224],[-97.84361,30.33249],[-97.84364,30.33271],[-97.84367,30.33288],[-97.84369,30.3331],[-97.84374,30.33354],[-97.84374,30.33391],[-97.84374,30.33416],[-97.84377,30.33448],[-97.84378,30.3346],[-97.84382,30.33506],[-97.84386,30.33536],[-97.84389,30.33562],[-97.84396,30.33592],[-97.84396,30.33598],[-97.84401,30.33646],[-97.84404,30.33667],[-97.84412,30.33699],[-97.84413,30.33712],[-97.84417,30.33729],[-97.8442,30.33755],[-97.84426,30.3377],[-97.84429,30.33794],[-97.84434,30.33809],[-97.84434,30.33821],[-97.84435,30.33836],[-97.84435,30.33864],[-97.84435,30.33892],[-97.84437,30.33905],[-97.8444,30.33915],[-97.8444,30.33928],[-97.84442,30.33941],[-97.84446,30.33972],[-97.84451,30.33993],[-97.84454,30.34008],[-97.84462,30.34027],[-97.84466,30.34041],[-97.84469,30.34071],[-97.84471,30.34082],[-97.84474,30.34096],[-97.84478,30.34106],[-97.84482,30.34119],[-97.84486,30.34131],[-97.84486,30.34141],[-97.84491,30.34155],[-97.84493,30.34172],[-97.84501,30.34196],[-97.84502,30.34209],[-97.84501,30.34218],[-97.84502,30.34231],[-97.84508,30.34253],[-97.84514,30.34269],[-97.84518,30.34284],[-97.84523,30.34298],[-97.84526,30.34319],[-97.84527,30.34335],[-97.84534,30.34352],[-97.84537,30.34368],[-97.8454,30.34381],[-97.84547,30.34396],[-97.84547,30.34396],[-97.84551,30.34415],[-97.84561,30.34454],[-97.84567,30.34489],[-97.84573,30.34513],[-97.84587,30.34545],[-97.84596,30.34562],[-97.84602,30.34576],[-97.84615,30.34602],[-97.8462,30.34615],[-97.84633,30.34648],[-97.84642,30.34672],[-97.84649,30.34685],[-97.84663,30.34713],[-97.84675,30.34731],[-97.84685,30.34758],[-97.84697,30.34782],[-97.84707,30.34799],[-97.84718,30.34822],[-97.84737,30.34855],[-97.84751,30.34874],[-97.84758,30.3489],[-97.8478,30.34919],[-97.84804,30.34954],[-97.84819,30.34979],[-97.84839,30.35005],[-97.84865,30.35041],[-97.84876,30.35052],[-97.84894,30.35071],[-97.84923,30.351],[-97.84939,30.35115],[-97.84975,30.35148],[-97.85002,30.35172],[-97.85045,30.35207],[-97.85069,30.35224],[-97.85079,30.35235],[-97.85096,30.35246],[-97.85129,30.35269],[-97.85175,30.35296],[-97.85205,30.3531],[-97.85223,30.35323],[-97.85257,30.35344],[-97.85287,30.35363],[-97.85307,30.35374],[-97.85329,30.35385],[-97.8535,30.35397],[-97.85383,30.35411],[-97.85422,30.35428],[-97.85446,30.35438],[-97.85465,30.35446],[-97.85475,30.35453],[-97.85488,30.35459],[-97.85501,30.35464],[-97.85519,30.3547],[-97.85534,30.35476],[-97.85567,30.35482],[-97.85542,30.35532],[-97.85417,30.35472],[-97.85372,30.35451],[-97.85126,30.35335],[-97.85057,30.35303],[-97.85038,30.35294],[-97.85031,30.35291],[-97.85024,30.35287],[-97.85011,30.35281],[-97.85005,30.35278],[-97.8499,30.35271],[-97.84979,30.35266],[-97.84953,30.35253],[-97.84936,30.35244],[-97.84852,30.35205],[-97.84829,30.35193],[-97.84799,30.35179],[-97.84773,30.35165],[-97.84702,30.3513],[-97.84647,30.35102],[-97.84592,30.35075],[-97.84537,30.35048],[-97.84482,30.3502],[-97.84427,30.34993],[-97.84372,30.34966],[-97.84317,30.34939],[-97.84224,30.34893],[-97.84157,30.3486],[-97.84117,30.34841],[-97.84081,30.34898],[-97.8403,30.34979],[-97.84002,30.35025],[-97.83979,30.35062],[-97.83974,30.35071],[-97.83955,30.35108],[-97.83948,30.35107],[-97.83943,30.35116],[-97.83915,30.35164],[-97.83887,30.3521],[-97.8388,30.35221],[-97.83876,30.35225],[-97.83853,30.35253],[-97.83842,30.35267],[-97.83838,30.35275],[-97.83819,30.35311],[-97.83813,30.35321],[-97.83798,30.35349],[-97.83751,30.35425],[-97.83732,30.35453],[-97.83706,30.35493],[-97.83645,30.35498],[-97.8357,30.35471],[-97.83508,30.35449],[-97.83498,30.35444],[-97.83422,30.35405],[-97.83354,30.3537],[-97.83349,30.35384],[-97.83312,30.35491],[-97.83297,30.35536],[-97.8329,30.35556],[-97.83257,30.35542],[-97.83257,30.35541],[-97.83258,30.35538],[-97.83258,30.35535],[-97.83259,30.35533],[-97.83259,30.3553],[-97.83259,30.35527],[-97.8326,30.35524],[-97.8326,30.35521],[-97.8326,30.35519],[-97.8326,30.35516],[-97.83261,30.35513],[-97.83261,30.3551],[-97.83261,30.35508],[-97.83261,30.35505],[-97.83261,30.35502],[-97.83261,30.35499],[-97.83261,30.35498],[-97.83261,30.35463],[-97.83261,30.35449],[-97.83261,30.35446],[-97.83261,30.35443],[-97.83262,30.3544],[-97.83262,30.35437],[-97.83262,30.35434],[-97.83263,30.35431],[-97.83263,30.35428],[-97.83264,30.35425],[-97.83264,30.35422],[-97.83265,30.3542],[-97.83266,30.35417],[-97.83267,30.35415],[-97.83269,30.35412],[-97.8327,30.35409],[-97.83271,30.35407],[-97.83272,30.35404],[-97.83273,30.35402],[-97.83275,30.35399],[-97.83276,30.35397],[-97.83277,30.35394],[-97.83279,30.35392],[-97.8328,30.35389],[-97.83282,30.35387],[-97.83283,30.35384],[-97.83285,30.35382],[-97.83286,30.35379],[-97.83288,30.35377]]]]},"properties":{"name":"Emma Long Metro Park","address":"1600 City Park Rd., Austin, Texas 78730","park_type":"Metropolitan","asset_status":"Open","feature_kind":"park","source":"City of Austin PARD park boundaries","retrieved_at":"2026-09-29T00:26:17.696044+00:00","access_claim":"none"}},{"type":"Feature","id":"coa-park/None","geometry":{"type":"Polygon","coordinates":[[[-97.81017,30.24395],[-97.81081,30.24363],[-97.811,30.2445],[-97.81133,30.24502],[-97.81053,30.2453],[-97.81053,30.2453],[-97.81028,30.24539],[-97.80982,30.24555],[-97.80948,30.24567],[-97.80902,30.24583],[-97.80855,30.24599],[-97.80799,30.24619],[-97.80802,30.2461],[-97.80807,30.24593],[-97.80821,30.24577],[-97.80842,30.24552],[-97.80871,30.24518],[-97.80905,30.24479],[-97.80933,30.24458],[-97.81017,30.24395]]]},"properties":{"name":"Gaines Park at Barton Creek Greenbelt","address":"3918 S Mopac Expy Svrd., Austin, Texas 78746","park_type":"Greenbelt","asset_status":"Open","feature_kind":"park","source":"City of Austin PARD park boundaries","retrieved_at":"2026-09-29T00:26:17.696044+00:00","access_claim":"none"}},{"type":"Feature","id":"coa-park/None","geometry":{"type":"Polygon","coordinates":[[[-97.74867,30.31461],[-97.74869,30.31442],[-97.74872,30.31423],[-97.74874,30.31403],[-97.74877,30.31382],[-97.74929,30.31384],[-97.74932,30.31452],[-97.74934,30.31492],[-97.74867,30.31461]]]},"properties":{"name":"Gregg Hill Park at Shoal Creek Greenbelt","address":"4105 Jefferson St., Austin, Texas 78731","park_type":"Greenbelt","asset_status":"Open","feature_kind":"park","source":"City of Austin PARD park boundaries","retrieved_at":"2026-09-29T00:26:17.696044+00:00","access_claim":"none"}},{"type":"Feature","id":"coa-park/None","geometry":{"type":"MultiPolygon","coordinates":[[[[-97.74448,30.24756],[-97.74466,30.2476],[-97.74482,30.24769],[-97.74481,30.24775],[-97.74471,30.24782],[-97.7446,30.24783],[-97.74448,30.24791],[-97.74448,30.24756]]],[[[-97.74271,30.24814],[-97.74334,30.24723],[-97.74336,30.24725],[-97.74339,30.24727],[-97.74341,30.24729],[-97.74344,30.24731],[-97.74346,30.24732],[-97.74349,30.24734],[-97.74352,30.24736],[-97.74354,30.24738],[-97.74357,30.24739],[-97.7436,30.24741],[-97.74363,30.24742],[-97.74365,30.24744],[-97.74368,30.24745],[-97.74371,30.24746],[-97.74374,30.24747],[-97.74377,30.24749],[-97.7438,30.2475],[-97.74384,30.2475],[-97.74387,30.24751],[-97.7439,30.24753],[-97.74393,30.24754],[-97.74396,30.24755],[-97.74399,30.24757],[-97.74402,30.24759],[-97.74405,30.24761],[-97.74408,30.24762],[-97.7442,30.24772],[-97.74432,30.24781],[-97.74434,30.24783],[-97.74435,30.24785],[-97.74436,30.24787],[-97.74435,30.24789],[-97.74435,30.24792],[-97.74433,30.24794],[-97.74422,30.24805],[-97.74406,30.24821],[-97.74396,30.2483],[-97.74393,30.24832],[-97.7439,30.24833],[-97.74387,30.24834],[-97.74383,30.24834],[-97.7438,30.24834],[-97.74377,30.24833],[-97.74374,30.24831],[-97.74371,30.2483],[-97.74368,30.24829],[-97.74365,30.24829],[-97.74362,30.24828],[-97.74359,30.24827],[-97.74355,30.24826],[-97.74352,30.24825],[-97.74349,30.24825],[-97.74346,30.24824],[-97.74343,30.24823],[-97.7434,30.24822],[-97.74337,30.24822],[-97.74334,30.24821],[-97.74331,30.2482],[-97.74328,30.2482],[-97.74324,30.24819],[-97.74321,30.24819],[-97.74318,30.24818],[-97.74315,30.24818],[-97.74312,30.24817],[-97.74309,30.24817],[-97.74306,30.24816],[-97.74302,30.24816],[-97.74299,30.24816],[-97.74296,30.24815],[-97.74293,30.24815],[-97.7429,30.24815],[-97.74287,30.24814],[-97.74283,30.24814],[-97.7428,30.24814],[-97.74277,30.24814],[-97.74274,30.24814],[-97.74271,30.24814]]],[[[-97.74336,30.24709],[-97.74334,30.24707],[-97.74332,30.24705],[-97.7433,30.24702],[-97.74328,30.247],[-97.74326,30.24698],[-97.74324,30.24696],[-97.74323,30.24693],[-97.74321,30.24691],[-97.74319,30.24688],[-97.74318,30.24686],[-97.74316,30.24684],[-97.74315,30.24681],[-97.74313,30.24679],[-97.74312,30.24676],[-97.74311,30.24673],[-97.7431,30.24671],[-97.74308,30.24668],[-97.74308,30.24666],[-97.74307,30.24663],[-97.74307,30.2466],[-97.74307,30.24657],[-97.74307,30.24654],[-97.74308,30.24651],[-97.74309,30.24649],[-97.7431,30.24646],[-97.74311,30.24644],[-97.74313,30.24641],[-97.74315,30.24639],[-97.74317,30.24637],[-97.7432,30.24635],[-97.74323,30.24633],[-97.74326,30.24632],[-97.74329,30.24631],[-97.74333,30.24631],[-97.74336,30.24631],[-97.74339,30.24631],[-97.74343,30.24632],[-97.74346,30.24633],[-97.74349,30.24633],[-97.74352,30.24634],[-97.74355,30.24634],[-97.74359,30.24635],[-97.74362,30.24635],[-97.74365,30.24635],[-97.74368,30.24635],[-97.74372,30.24635],[-97.74375,30.24635],[-97.74378,30.24634],[-97.74381,30.24634],[-97.74385,30.24634],[-97.74388,30.24634],[-97.74391,30.24633],[-97.74395,30.24634],[-97.74398,30.24634],[-97.74402,30.24634],[-97.74405,30.24634],[-97.74408,30.24635],[-97.74412,30.24636],[-97.74415,30.24636],[-97.74418,30.24637],[-97.74421,30.24638],[-97.74424,30.24639],[-97.74427,30.2464],[-97.74431,30.2464],[-97.74434,30.2464],[-97.74437,30.2464],[-97.7444,30.24639],[-97.74443,30.24638],[-97.74446,30.24637],[-97.74448,30.24635],[-97.74451,30.24633],[-97.74453,30.24631],[-97.74455,30.24629],[-97.74456,30.24626],[-97.74464,30.24612],[-97.74494,30.24627],[-97.74495,30.24628],[-97.74496,30.2463],[-97.74497,30.24632],[-97.74497,30.24633],[-97.74497,30.24635],[-97.74496,30.24637],[-97.74495,30.2464],[-97.74495,30.24642],[-97.74494,30.24645],[-97.74493,30.24648],[-97.74492,30.24651],[-97.7449,30.24653],[-97.74489,30.24656],[-97.74488,30.24659],[-97.74487,30.24661],[-97.74485,30.24664],[-97.74484,30.24667],[-97.74483,30.24669],[-97.74481,30.24672],[-97.7448,30.24674],[-97.74477,30.24677],[-97.74475,30.24679],[-97.74472,30.24681],[-97.7447,30.24683],[-97.74467,30.24685],[-97.74465,30.24687],[-97.74462,30.24689],[-97.74459,30.24691],[-97.74457,30.24693],[-97.74454,30.24694],[-97.74452,30.24696],[-97.7445,30.24699],[-97.74448,30.24701],[-97.74446,30.24703],[-97.74444,30.24705],[-97.74442,30.24708],[-97.7444,30.2471],[-97.74439,30.24712],[-97.74437,30.24715],[-97.74436,30.24718],[-97.74434,30.2472],[-97.74433,30.24723],[-97.74432,30.24725],[-97.74431,30.24728],[-97.7443,30.24731],[-97.7443,30.24734],[-97.74429,30.24736],[-97.74429,30.24739],[-97.74428,30.24742],[-97.74428,30.24745],[-97.74428,30.24748],[-97.74428,30.2475],[-97.74428,30.24764],[-97.74416,30.24754],[-97.74413,30.24752],[-97.7441,30.2475],[-97.74407,30.24749],[-97.74404,30.24747],[-97.74401,30.24746],[-97.74398,30.24744],[-97.74395,30.24743],[-97.74392,30.24741],[-97.74389,30.2474],[-97.74386,30.24739],[-97.74383,30.24738],[-97.7438,30.24737],[-97.74377,30.24736],[-97.74374,30.24735],[-97.74371,30.24733],[-97.74368,30.24732],[-97.74366,30.2473],[-97.74363,30.24729],[-97.7436,30.24727],[-97.74358,30.24726],[-97.74355,30.24724],[-97.74352,30.24722],[-97.7435,30.24721],[-97.74348,30.24719],[-97.74345,30.24717],[-97.74343,30.24715],[-97.74341,30.24713],[-97.74338,30.24711],[-97.74336,30.24709]]]]},"properties":{"name":"Little Stacy Neighborhood Park","address":"1500 Alameda Dr., Austin, Texas 78704","park_type":"Neighborhood","asset_status":"Open","feature_kind":"park","source":"City of Austin PARD park boundaries","retrieved_at":"2026-09-29T00:26:17.696044+00:00","access_claim":"none"}},{"type":"Feature","id":"coa-park/None","geometry":{"type":"MultiPolygon","coordinates":[[[[-97.6648,30.30371],[-97.66491,30.30355],[-97.6653,30.30372],[-97.66527,30.30382],[-97.66526,30.30391],[-97.6648,30.30371]]],[[[-97.66998,30.30577],[-97.66894,30.30537],[-97.66839,30.30564],[-97.66789,30.30567],[-97.66789,30.30562],[-97.66793,30.30516],[-97.66755,30.30485],[-97.66719,30.30456],[-97.66703,30.30419],[-97.66671,30.30346],[-97.66665,30.30331],[-97.66652,30.30301],[-97.66636,30.30264],[-97.66608,30.30198],[-97.66602,30.30184],[-97.66575,30.30158],[-97.66565,30.30122],[-97.66565,30.30079],[-97.66565,30.30078],[-97.66563,30.30074],[-97.66464,30.30075],[-97.66464,30.30075],[-97.66464,30.30074],[-97.66464,30.30074],[-97.66464,30.30074],[-97.66465,30.30073],[-97.66465,30.30073],[-97.66465,30.30073],[-97.66465,30.30072],[-97.66466,30.30072],[-97.66466,30.30072],[-97.66466,30.30072],[-97.66467,30.30072],[-97.66467,30.30071],[-97.66469,30.30071],[-97.66478,30.30069],[-97.66478,30.30069],[-97.66478,30.30069],[-97.66478,30.30069],[-97.66478,30.30069],[-97.66478,30.30069],[-97.66478,30.30069],[-97.66478,30.30069],[-97.66478,30.30069],[-97.66479,30.30068],[-97.66479,30.30068],[-97.66479,30.30068],[-97.66479,30.30068],[-97.66479,30.30068],[-97.66479,30.30068],[-97.66479,30.30068],[-97.66479,30.30068],[-97.66478,30.30046],[-97.66478,30.30045],[-97.66478,30.30045],[-97.66478,30.30044],[-97.66477,30.30044],[-97.66477,30.30043],[-97.66477,30.30043],[-97.66477,30.30042],[-97.66476,30.30042],[-97.66476,30.30041],[-97.6646,30.30026],[-97.6646,30.30026],[-97.6646,30.30026],[-97.66459,30.30026],[-97.66459,30.30026],[-97.66459,30.30025],[-97.66447,30.29995],[-97.6644,30.29991],[-97.66437,30.2999],[-97.66435,30.29989],[-97.66434,30.29988],[-97.66433,30.29987],[-97.66432,30.29986],[-97.66431,30.29985],[-97.6643,30.29984],[-97.6643,30.29983],[-97.66429,30.29981],[-97.66429,30.2998],[-97.66428,30.29979],[-97.66428,30.29978],[-97.66426,30.29948],[-97.66426,30.29948],[-97.66426,30.29948],[-97.66426,30.29948],[-97.66426,30.29947],[-97.66426,30.29947],[-97.66426,30.29947],[-97.66426,30.29946],[-97.66425,30.29946],[-97.66415,30.29943],[-97.66401,30.29945],[-97.66396,30.29947],[-97.66389,30.29937],[-97.66403,30.29932],[-97.66409,30.29926],[-97.66372,30.29874],[-97.66371,30.29874],[-97.6637,30.29873],[-97.6637,30.29873],[-97.66369,30.29873],[-97.66369,30.29872],[-97.66368,30.29872],[-97.66368,30.29872],[-97.66368,30.29871],[-97.66299,30.29852],[-97.66293,30.29858],[-97.66293,30.29867],[-97.6629,30.29867],[-97.66281,30.29873],[-97.66251,30.29867],[-97.66292,30.29713],[-97.66299,30.29688],[-97.66287,30.29677],[-97.66328,30.29514],[-97.66332,30.29494],[-97.66331,30.2951],[-97.66331,30.29512],[-97.66332,30.29513],[-97.66333,30.29514],[-97.66362,30.29525],[-97.66408,30.29547],[-97.6641,30.29548],[-97.66422,30.29553],[-97.66434,30.29559],[-97.66472,30.29499],[-97.66473,30.29497],[-97.66475,30.29494],[-97.66476,30.29492],[-97.66478,30.29489],[-97.66479,30.29487],[-97.6648,30.29484],[-97.66481,30.29481],[-97.66482,30.29479],[-97.66483,30.29476],[-97.66484,30.29474],[-97.66485,30.29471],[-97.66487,30.29465],[-97.66488,30.29463],[-97.66489,30.2946],[-97.66489,30.29457],[-97.6649,30.29455],[-97.66491,30.29452],[-97.66491,30.29449],[-97.66492,30.29446],[-97.66492,30.29443],[-97.66492,30.29441],[-97.66493,30.29438],[-97.66493,30.29435],[-97.66493,30.29432],[-97.66493,30.29429],[-97.66493,30.29427],[-97.66493,30.29424],[-97.66493,30.29421],[-97.66493,30.29418],[-97.66493,30.29415],[-97.66493,30.29413],[-97.66492,30.2941],[-97.66492,30.29407],[-97.66491,30.29405],[-97.66491,30.29402],[-97.6649,30.29399],[-97.6649,30.29397],[-97.6649,30.29394],[-97.66489,30.29392],[-97.66489,30.29389],[-97.66489,30.29386],[-97.66489,30.29383],[-97.66489,30.29381],[-97.66489,30.29378],[-97.66489,30.29375],[-97.66489,30.29372],[-97.6649,30.2937],[-97.6649,30.29367],[-97.66491,30.29364],[-97.66491,30.29361],[-97.66492,30.29359],[-97.66493,30.29356],[-97.66494,30.29353],[-97.66495,30.29351],[-97.66496,30.29348],[-97.66497,30.29345],[-97.66499,30.29342],[-97.665,30.2934],[-97.66501,30.29337],[-97.66503,30.29334],[-97.66525,30.29301],[-97.66526,30.293],[-97.66527,30.293],[-97.66528,30.293],[-97.66529,30.293],[-97.6653,30.293],[-97.66531,30.293],[-97.66565,30.29312],[-97.66568,30.29313],[-97.66572,30.29314],[-97.66575,30.29315],[-97.66578,30.29316],[-97.66581,30.29317],[-97.66584,30.29317],[-97.66587,30.29318],[-97.6659,30.29319],[-97.66594,30.29319],[-97.66597,30.2932],[-97.666,30.2932],[-97.66603,30.29321],[-97.66606,30.29321],[-97.6661,30.29322],[-97.66613,30.29322],[-97.66616,30.29322],[-97.66619,30.29322],[-97.66623,30.29323],[-97.66626,30.29323],[-97.66629,30.29323],[-97.66632,30.29323],[-97.66636,30.29323],[-97.66639,30.29323],[-97.66642,30.29323],[-97.66646,30.29322],[-97.66649,30.29322],[-97.66652,30.29322],[-97.66655,30.29322],[-97.66659,30.29321],[-97.66662,30.29321],[-97.66665,30.2932],[-97.66668,30.29319],[-97.66671,30.29319],[-97.66675,30.29318],[-97.66678,30.29317],[-97.66681,30.29316],[-97.66684,30.29315],[-97.66687,30.29314],[-97.6669,30.29313],[-97.66693,30.29312],[-97.66695,30.29312],[-97.66697,30.29311],[-97.667,30.2931],[-97.66703,30.29309],[-97.66706,30.29308],[-97.66739,30.29294],[-97.66742,30.29293],[-97.66745,30.29291],[-97.66748,30.2929],[-97.66751,30.29289],[-97.66754,30.29288],[-97.66757,30.29287],[-97.6676,30.29286],[-97.66763,30.29285],[-97.66767,30.29284],[-97.6677,30.29284],[-97.66773,30.29283],[-97.66776,30.29282],[-97.66779,30.29282],[-97.66782,30.29281],[-97.66786,30.2928],[-97.66789,30.2928],[-97.66792,30.2928],[-97.66795,30.29279],[-97.66799,30.29279],[-97.66802,30.29279],[-97.66805,30.29278],[-97.66808,30.29278],[-97.66812,30.29278],[-97.66815,30.29278],[-97.66818,30.29278],[-97.66822,30.29278],[-97.66825,30.29278],[-97.66828,30.29278],[-97.66831,30.29278],[-97.66835,30.29278],[-97.66838,30.29278],[-97.66841,30.29279],[-97.66845,30.29279],[-97.66848,30.29279],[-97.66851,30.2928],[-97.66854,30.2928],[-97.66857,30.29281],[-97.66861,30.29282],[-97.66864,30.29282],[-97.66867,30.29283],[-97.6687,30.29284],[-97.66873,30.29285],[-97.66877,30.29286],[-97.6688,30.29287],[-97.66883,30.29288],[-97.66886,30.29289],[-97.6689,30.2929],[-97.66893,30.29291],[-97.66896,30.29292],[-97.66899,30.29294],[-97.66902,30.29295],[-97.66905,30.29297],[-97.66908,30.29298],[-97.66915,30.29302],[-97.66938,30.29313],[-97.66967,30.29327],[-97.67039,30.29362],[-97.67088,30.29385],[-97.6709,30.29387],[-97.67092,30.29388],[-97.67094,30.29389],[-97.67097,30.2939],[-97.67099,30.29391],[-97.67101,30.29391],[-97.67108,30.29393],[-97.67111,30.29394],[-97.67114,30.29395],[-97.67117,30.29396],[-97.6712,30.29397],[-97.67123,30.29398],[-97.67126,30.29399],[-97.67129,30.29399],[-97.67132,30.294],[-97.67135,30.29401],[-97.67139,30.29401],[-97.67142,30.29402],[-97.67145,30.29402],[-97.67148,30.29403],[-97.67151,30.29403],[-97.67155,30.29403],[-97.67158,30.29404],[-97.67161,30.29404],[-97.67164,30.29404],[-97.67167,30.29404],[-97.67171,30.29405],[-97.67174,30.29405],[-97.67177,30.29405],[-97.6718,30.29405],[-97.67184,30.29405],[-97.67187,30.29405],[-97.6719,30.29405],[-97.67193,30.29405],[-97.67197,30.29404],[-97.672,30.29404],[-97.67203,30.29404],[-97.67206,30.29404],[-97.67209,30.29403],[-97.67213,30.29403],[-97.67216,30.29403],[-97.67219,30.29402],[-97.67222,30.29402],[-97.67225,30.29401],[-97.67229,30.29401],[-97.67232,30.294],[-97.67235,30.29399],[-97.67238,30.29398],[-97.67241,30.29397],[-97.67244,30.29397],[-97.67247,30.29396],[-97.6725,30.29394],[-97.67254,30.29393],[-97.67257,30.29392],[-97.6726,30.29391],[-97.67286,30.2938],[-97.67305,30.29373],[-97.67306,30.29372],[-97.67307,30.29372],[-97.67308,30.29372],[-97.6731,30.29373],[-97.6731,30.29374],[-97.67316,30.29385],[-97.67322,30.29396],[-97.67324,30.29398],[-97.67325,30.29401],[-97.67326,30.29403],[-97.67328,30.29406],[-97.67329,30.29409],[-97.6733,30.29411],[-97.67331,30.29414],[-97.67332,30.29416],[-97.67333,30.29419],[-97.67334,30.29422],[-97.67335,30.29425],[-97.67335,30.29427],[-97.67336,30.2943],[-97.67336,30.29433],[-97.67337,30.29436],[-97.67337,30.29438],[-97.67338,30.29441],[-97.67338,30.29444],[-97.67338,30.29447],[-97.67338,30.29449],[-97.67338,30.29452],[-97.67338,30.29455],[-97.67338,30.29462],[-97.67338,30.2947],[-97.67341,30.29525],[-97.67341,30.29528],[-97.67341,30.29532],[-97.67341,30.29535],[-97.67342,30.29538],[-97.67342,30.29541],[-97.67342,30.29544],[-97.67343,30.29547],[-97.67343,30.2955],[-97.67344,30.29553],[-97.67344,30.29557],[-97.67345,30.2956],[-97.67346,30.29563],[-97.67347,30.29566],[-97.67348,30.29569],[-97.67349,30.29572],[-97.6735,30.29575],[-97.67352,30.29581],[-97.67352,30.29581],[-97.67353,30.29584],[-97.67354,30.29587],[-97.67355,30.2959],[-97.67357,30.29593],[-97.67358,30.29596],[-97.6736,30.29599],[-97.67361,30.29601],[-97.67363,30.29604],[-97.67364,30.29607],[-97.67366,30.2961],[-97.67368,30.29613],[-97.67369,30.29615],[-97.67371,30.29618],[-97.67373,30.29621],[-97.67375,30.29623],[-97.67377,30.29626],[-97.67379,30.29629],[-97.67381,30.29631],[-97.67383,30.29634],[-97.67386,30.29636],[-97.67388,30.29639],[-97.6739,30.29641],[-97.67392,30.29644],[-97.67395,30.29646],[-97.67397,30.29648],[-97.674,30.29651],[-97.67402,30.29653],[-97.67402,30.29653],[-97.67403,30.29654],[-97.67403,30.29654],[-97.67403,30.29654],[-97.67405,30.29655],[-97.67407,30.29657],[-97.6741,30.2966],[-97.67413,30.29662],[-97.67415,30.29664],[-97.67418,30.29666],[-97.67421,30.29668],[-97.67424,30.2967],[-97.67427,30.29672],[-97.67428,30.29673],[-97.67416,30.29692],[-97.67398,30.2972],[-97.67387,30.29737],[-97.67382,30.29746],[-97.67382,30.29746],[-97.67304,30.29709],[-97.67266,30.29691],[-97.67255,30.29709],[-97.67206,30.29787],[-97.6704,30.29709],[-97.66946,30.29664],[-97.66921,30.29653],[-97.66841,30.2978],[-97.67057,30.2988],[-97.67037,30.29912],[-97.66966,30.30024],[-97.67239,30.30151],[-97.67249,30.30156],[-97.67233,30.3018],[-97.67209,30.30217],[-97.67178,30.30262],[-97.67152,30.30302],[-97.67116,30.30357],[-97.67093,30.30391],[-97.67055,30.30448],[-97.67012,30.30513],[-97.67006,30.30527],[-97.66998,30.30577]]]]},"properties":{"name":"Little Walnut Creek Greenbelt","address":"6201 Springdale Rd., Austin, Texas 78723","park_type":"Greenbelt","asset_status":"Open","feature_kind":"park","source":"City of Austin PARD park boundaries","retrieved_at":"2026-09-29T00:26:17.696044+00:00","access_claim":"none"}},{"type":"Feature","id":"coa-park/None","geometry":{"type":"Polygon","coordinates":[[[-97.77422,30.25168],[-97.77465,30.25103],[-97.77485,30.25113],[-97.77504,30.25122],[-97.77524,30.25132],[-97.77543,30.25142],[-97.77562,30.25151],[-97.77582,30.25161],[-97.776,30.2517],[-97.77602,30.25171],[-97.77621,30.2518],[-97.77638,30.25188],[-97.77594,30.25254],[-97.77422,30.25168]]]},"properties":{"name":"Little Zilker Neighborhood Park","address":"2016 Bluebonnet Ln., Austin, Texas 78704","park_type":"Neighborhood","asset_status":"Open","feature_kind":"park","source":"City of Austin PARD park boundaries","retrieved_at":"2026-09-29T00:26:17.696044+00:00","access_claim":"none"}},{"type":"Feature","id":"coa-park/None","geometry":{"type":"MultiPolygon","coordinates":[[[[-97.76643,30.38325],[-97.76695,30.38315],[-97.76713,30.38312],[-97.76723,30.3831],[-97.76734,30.38309],[-97.76745,30.38308],[-97.7675,30.38308],[-97.76756,30.38308],[-97.76762,30.38309],[-97.76768,30.38309],[-97.7678,30.38311],[-97.76813,30.38314],[-97.76826,30.38316],[-97.76861,30.3832],[-97.76872,30.38312],[-97.76872,30.38312],[-97.76872,30.38312],[-97.76889,30.383],[-97.76892,30.38298],[-97.769,30.38292],[-97.76908,30.38288],[-97.76917,30.38283],[-97.76926,30.3828],[-97.76936,30.38277],[-97.76946,30.38275],[-97.76956,30.38274],[-97.76961,30.38273],[-97.76962,30.38273],[-97.76965,30.38273],[-97.76979,30.38271],[-97.76993,30.3827],[-97.76992,30.38274],[-97.76921,30.38308],[-97.76914,30.38312],[-97.76798,30.38368],[-97.76761,30.38386],[-97.76711,30.38399],[-97.76682,30.38415],[-97.76673,30.38396],[-97.76671,30.38393],[-97.7667,30.3839],[-97.76668,30.38386],[-97.76659,30.38366],[-97.76651,30.38346],[-97.76643,30.38325]]],[[[-97.76672,30.38037],[-97.76663,30.38032],[-97.76644,30.3806],[-97.7663,30.3808],[-97.76597,30.38123],[-97.76569,30.38154],[-97.76564,30.38126],[-97.76577,30.38111],[-97.7661,30.38069],[-97.76621,30.38053],[-97.76646,30.38015],[-97.76663,30.37989],[-97.76687,30.37956],[-97.76703,30.3793],[-97.76717,30.37912],[-97.7675,30.37864],[-97.76758,30.37927],[-97.76732,30.37981],[-97.76705,30.38037],[-97.76705,30.38063],[-97.76706,30.3807],[-97.76711,30.381],[-97.76744,30.38163],[-97.76746,30.38172],[-97.76758,30.38239],[-97.76712,30.38182],[-97.76685,30.38136],[-97.76672,30.38086],[-97.76672,30.38037]]],[[[-97.7846,30.37333],[-97.78472,30.37323],[-97.78472,30.37325],[-97.78472,30.37327],[-97.78463,30.37397],[-97.78451,30.375],[-97.78443,30.37546],[-97.78434,30.37595],[-97.78426,30.37628],[-97.78411,30.37693],[-97.78409,30.37702],[-97.78404,30.37725],[-97.78373,30.37766],[-97.78325,30.37725],[-97.78337,30.37692],[-97.78345,30.37673],[-97.7835,30.37659],[-97.78352,30.37652],[-97.78354,30.37647],[-97.78364,30.37618],[-97.78366,30.37602],[-97.78369,30.3758],[-97.78372,30.37556],[-97.78374,30.37536],[-97.78386,30.37504],[-97.78397,30.37462],[-97.78395,30.37428],[-97.78375,30.37385],[-97.78389,30.37376],[-97.78428,30.37353],[-97.7846,30.37333]]],[[[-97.77906,30.37834],[-97.77946,30.37806],[-97.77999,30.37769],[-97.78086,30.3776],[-97.78126,30.37756],[-97.78152,30.37754],[-97.78162,30.37765],[-97.78175,30.37781],[-97.7822,30.37834],[-97.78269,30.37813],[-97.78306,30.37798],[-97.78339,30.37784],[-97.78368,30.37772],[-97.78384,30.37798],[-97.78328,30.37836],[-97.78213,30.37876],[-97.78132,30.37903],[-97.78074,30.37906],[-97.77997,30.37901],[-97.77947,30.37894],[-97.77907,30.37884],[-97.77868,30.37862],[-97.77874,30.3786],[-97.7788,30.37855],[-97.77889,30.37848],[-97.77895,30.37843],[-97.779,30.37839],[-97.77906,30.37834]]],[[[-97.7758,30.371],[-97.77587,30.3707],[-97.77706,30.37203],[-97.77739,30.37239],[-97.77754,30.3725],[-97.77755,30.3725],[-97.77756,30.37251],[-97.77757,30.37252],[-97.77758,30.37252],[-97.77759,30.37253],[-97.7776,30.37254],[-97.77761,30.37255],[-97.77762,30.37255],[-97.77763,30.37256],[-97.77764,30.37257],[-97.77765,30.37257],[-97.77766,30.37258],[-97.77767,30.37258],[-97.77768,30.37259],[-97.77769,30.3726],[-97.7777,30.3726],[-97.77771,30.37261],[-97.77772,30.37262],[-97.77814,30.37288],[-97.77853,30.37312],[-97.77876,30.37326],[-97.77777,30.37484],[-97.7772,30.37573],[-97.77693,30.37616],[-97.77584,30.37564],[-97.77593,30.37557],[-97.77647,30.37517],[-97.77675,30.37497],[-97.77673,30.37458],[-97.77671,30.37435],[-97.77648,30.37415],[-97.77617,30.37388],[-97.77595,30.37369],[-97.77589,30.37351],[-97.77587,30.37345],[-97.77586,30.37327],[-97.77583,30.37301],[-97.77579,30.37258],[-97.77554,30.37226],[-97.7756,30.37192],[-97.77566,30.37166],[-97.77571,30.37143],[-97.77577,30.37117],[-97.7758,30.371]]],[[[-97.76779,30.38244],[-97.76786,30.38227],[-97.76781,30.38204],[-97.76775,30.38184],[-97.7677,30.38163],[-97.76767,30.38151],[-97.76798,30.38149],[-97.76819,30.38147],[-97.76843,30.38145],[-97.76874,30.38152],[-97.769,30.38142],[-97.76907,30.38133],[-97.76932,30.38103],[-97.76942,30.38091],[-97.76954,30.38085],[-97.76988,30.38067],[-97.77029,30.38034],[-97.77038,30.38022],[-97.77049,30.38006],[-97.77057,30.37995],[-97.77065,30.37983],[-97.77074,30.37969],[-97.7708,30.37961],[-97.77092,30.37947],[-97.77099,30.37939],[-97.77105,30.37933],[-97.77111,30.37927],[-97.77117,30.37922],[-97.77122,30.37917],[-97.77127,30.37913],[-97.77147,30.37906],[-97.77164,30.37893],[-97.77174,30.37874],[-97.77176,30.3787],[-97.77183,30.37858],[-97.77186,30.37854],[-97.77193,30.37843],[-97.77208,30.37829],[-97.77232,30.37808],[-97.77255,30.37788],[-97.77275,30.3777],[-97.77335,30.37717],[-97.77327,30.37712],[-97.77353,30.37681],[-97.77364,30.37669],[-97.77374,30.37674],[-97.77431,30.37664],[-97.77456,30.37668],[-97.77486,30.37677],[-97.77499,30.3768],[-97.77523,30.37683],[-97.77543,30.37678],[-97.77559,30.37654],[-97.77596,30.37677],[-97.77641,30.37688],[-97.77704,30.37697],[-97.77734,30.37706],[-97.77764,30.37715],[-97.77794,30.37724],[-97.77844,30.37739],[-97.77797,30.37778],[-97.77766,30.37805],[-97.77705,30.37857],[-97.77684,30.37875],[-97.77662,30.37894],[-97.77631,30.37919],[-97.77602,30.37944],[-97.77568,30.37972],[-97.77551,30.37986],[-97.77525,30.38007],[-97.77502,30.38026],[-97.7748,30.38045],[-97.77471,30.38052],[-97.77464,30.38057],[-97.77458,30.38061],[-97.77451,30.38067],[-97.77444,30.38072],[-97.77439,30.38075],[-97.77435,30.38078],[-97.77431,30.38081],[-97.77426,30.38084],[-97.77419,30.38089],[-97.77411,30.38094],[-97.77394,30.38104],[-97.77385,30.3811],[-97.77374,30.38117],[-97.77364,30.38122],[-97.7736,30.38124],[-97.77358,30.38125],[-97.77337,30.38136],[-97.77323,30.38143],[-97.77277,30.38166],[-97.77219,30.38195],[-97.77175,30.38217],[-97.77141,30.38234],[-97.77124,30.38242],[-97.77116,30.38246],[-97.77112,30.38248],[-97.77106,30.38251],[-97.77101,30.38254],[-97.77096,30.38256],[-97.7709,30.38259],[-97.77082,30.38262],[-97.77078,30.38264],[-97.77074,30.38266],[-97.77065,30.3827],[-97.77056,30.38273],[-97.77054,30.38271],[-97.77053,30.38268],[-97.77051,30.38266],[-97.77049,30.38264],[-97.77047,30.38261],[-97.77044,30.38259],[-97.77042,30.38258],[-97.77039,30.38256],[-97.77037,30.38254],[-97.77034,30.38253],[-97.77031,30.38251],[-97.77028,30.3825],[-97.77025,30.38249],[-97.77022,30.38248],[-97.77018,30.38248],[-97.77015,30.38247],[-97.77012,30.38247],[-97.77009,30.38246],[-97.77006,30.38246],[-97.77002,30.38246],[-97.76999,30.38246],[-97.76996,30.38247],[-97.76993,30.38247],[-97.7699,30.38247],[-97.76987,30.38248],[-97.76983,30.38249],[-97.7698,30.3825],[-97.76977,30.38251],[-97.76974,30.38252],[-97.76969,30.38254],[-97.76965,30.38256],[-97.76954,30.38261],[-97.76932,30.38272],[-97.76911,30.38282],[-97.76903,30.38285],[-97.76896,30.38288],[-97.76891,30.38291],[-97.76885,30.38293],[-97.76882,30.38295],[-97.76879,30.38296],[-97.76876,30.38297],[-97.76873,30.38298],[-97.7687,30.38298],[-97.76867,30.38299],[-97.76864,30.383],[-97.76861,30.38301],[-97.76857,30.38301],[-97.76854,30.38302],[-97.76848,30.38302],[-97.76841,30.38303],[-97.76838,30.38303],[-97.76835,30.38302],[-97.76832,30.38302],[-97.76818,30.38301],[-97.76813,30.383],[-97.76807,30.38299],[-97.76798,30.38298],[-97.76793,30.38298],[-97.76786,30.38297],[-97.7678,30.38296],[-97.76774,30.38295],[-97.76769,30.38295],[-97.7676,30.38294],[-97.76768,30.38273],[-97.76779,30.38244]]]]},"properties":{"name":"Lower Bull Creek Greenbelt","address":"7806 N Capital of Texas Hwy., Austin, Texas 78731","park_type":"Greenbelt","asset_status":"Open","feature_kind":"park","source":"City of Austin PARD park boundaries","retrieved_at":"2026-09-29T00:26:17.696044+00:00","access_claim":"none"}},{"type":"Feature","id":"coa-park/None","geometry":{"type":"Polygon","coordinates":[[[-97.78767,30.40468],[-97.78776,30.4047],[-97.78785,30.40474],[-97.78793,30.40478],[-97.78801,30.40483],[-97.78809,30.40488],[-97.78816,30.40493],[-97.78818,30.40495],[-97.78721,30.405],[-97.78677,30.40495],[-97.78641,30.40478],[-97.78596,30.40452],[-97.78573,30.40429],[-97.78555,30.40415],[-97.7851,30.4038],[-97.78487,30.40354],[-97.78485,30.40352],[-97.78469,30.40334],[-97.78454,30.40311],[-97.78444,30.40294],[-97.78421,30.40266],[-97.78407,30.4024],[-97.78379,30.40189],[-97.78358,30.40133],[-97.78358,30.40132],[-97.78335,30.40061],[-97.78306,30.39972],[-97.78313,30.39954],[-97.78326,30.39967],[-97.78336,30.39977],[-97.78345,30.39988],[-97.78354,30.39999],[-97.7836,30.40008],[-97.78365,30.40018],[-97.7837,30.40028],[-97.78424,30.40159],[-97.78436,30.40185],[-97.78449,30.40211],[-97.78465,30.40235],[-97.78541,30.40346],[-97.78549,30.40356],[-97.78558,30.40366],[-97.78567,30.40375],[-97.78578,30.40384],[-97.78613,30.4041],[-97.78627,30.40419],[-97.78641,30.40427],[-97.78656,30.40434],[-97.78671,30.40441],[-97.78687,30.40446],[-97.78767,30.40468]]]},"properties":{"name":"Maggie Boatright Area of the Bull Creek Greenbelt","address":"6958 Spicewood Springs Rd., Austin, Texas 78759","park_type":"Greenbelt","asset_status":"Open","feature_kind":"park","source":"City of Austin PARD park boundaries","retrieved_at":"2026-09-29T00:26:17.696044+00:00","access_claim":"none"}},{"type":"Feature","id":"coa-park/None","geometry":{"type":"MultiPolygon","coordinates":[[[[-97.67327,30.38782],[-97.67339,30.38783],[-97.6735,30.38737],[-97.67376,30.38741],[-97.67366,30.38785],[-97.67393,30.38787],[-97.67431,30.38784],[-97.67514,30.38778],[-97.67511,30.38797],[-97.675,30.38803],[-97.675,30.38803],[-97.67478,30.38811],[-97.67417,30.38816],[-97.67386,30.38817],[-97.67357,30.38814],[-97.67318,30.38809],[-97.67324,30.38782],[-97.67327,30.38782]]],[[[-97.65307,30.39084],[-97.65336,30.39039],[-97.65346,30.39044],[-97.65367,30.39011],[-97.65402,30.38955],[-97.65429,30.38912],[-97.65454,30.38871],[-97.65476,30.38882],[-97.65463,30.38902],[-97.65449,30.38923],[-97.65442,30.38934],[-97.65436,30.38944],[-97.65429,30.38954],[-97.65422,30.38964],[-97.65415,30.38975],[-97.65409,30.38985],[-97.65402,30.38995],[-97.65395,30.39007],[-97.65387,30.39019],[-97.6538,30.3903],[-97.65373,30.39041],[-97.65365,30.39052],[-97.65358,30.39063],[-97.65348,30.39078],[-97.65336,30.39097],[-97.65325,30.39115],[-97.65315,30.3913],[-97.65311,30.39126],[-97.65302,30.39092],[-97.65307,30.39084]]],[[[-97.6719,30.35681],[-97.66951,30.35568],[-97.66847,30.35584],[-97.66804,30.35591],[-97.66728,30.35613],[-97.66725,30.3561],[-97.66723,30.35608],[-97.66721,30.35605],[-97.6672,30.35602],[-97.66716,30.35592],[-97.6681,30.35532],[-97.66821,30.35515],[-97.66817,30.35506],[-97.66726,30.35463],[-97.66731,30.35456],[-97.66731,30.35456],[-97.67194,30.35675],[-97.6719,30.35681]]],[[[-97.65013,30.35984],[-97.65008,30.35971],[-97.64994,30.35972],[-97.64993,30.35972],[-97.64993,30.35972],[-97.64992,30.35972],[-97.64991,30.35972],[-97.64991,30.35972],[-97.6499,30.35972],[-97.64989,30.35972],[-97.64989,30.35971],[-97.64988,30.35971],[-97.64988,30.35971],[-97.64987,30.3597],[-97.64987,30.3597],[-97.64986,30.3597],[-97.64986,30.35969],[-97.64986,30.35969],[-97.64986,30.35968],[-97.64985,30.35968],[-97.64985,30.35967],[-97.64977,30.35931],[-97.64976,30.3593],[-97.64976,30.35929],[-97.64976,30.35928],[-97.64972,30.35909],[-97.65054,30.35897],[-97.6506,30.35887],[-97.65057,30.3586],[-97.65088,30.35847],[-97.65105,30.35822],[-97.65105,30.35803],[-97.65068,30.35808],[-97.65068,30.35807],[-97.65068,30.35806],[-97.65067,30.35804],[-97.65105,30.35799],[-97.65099,30.35786],[-97.65075,30.35761],[-97.65073,30.35747],[-97.65072,30.35744],[-97.65093,30.35759],[-97.65127,30.35762],[-97.65142,30.35754],[-97.65157,30.35753],[-97.65158,30.35752],[-97.65155,30.3572],[-97.65178,30.3572],[-97.65201,30.3572],[-97.65224,30.35723],[-97.65273,30.35729],[-97.65274,30.35729],[-97.65276,30.35729],[-97.65277,30.35729],[-97.65279,30.35758],[-97.65284,30.35761],[-97.65312,30.3575],[-97.65329,30.35723],[-97.65322,30.35692],[-97.65289,30.35709],[-97.65289,30.35708],[-97.65288,30.35707],[-97.65287,30.35706],[-97.65286,30.35705],[-97.65316,30.35685],[-97.65284,30.3567],[-97.65289,30.35659],[-97.65255,30.35646],[-97.65255,30.35645],[-97.65255,30.35645],[-97.65255,30.35645],[-97.65257,30.35642],[-97.65257,30.35642],[-97.65291,30.35656],[-97.65299,30.35639],[-97.65303,30.35622],[-97.65304,30.35604],[-97.65303,30.35587],[-97.65299,30.3557],[-97.65294,30.35556],[-97.65258,30.35564],[-97.65256,30.3556],[-97.65293,30.35552],[-97.65286,30.3553],[-97.6528,30.35515],[-97.65278,30.35508],[-97.65243,30.35522],[-97.65241,30.35518],[-97.65238,30.35514],[-97.65236,30.35511],[-97.65268,30.35493],[-97.65256,30.35479],[-97.65242,30.35467],[-97.65226,30.35456],[-97.65262,30.35473],[-97.65259,30.35481],[-97.65286,30.35492],[-97.65323,30.35502],[-97.65372,30.35626],[-97.65332,30.35695],[-97.65342,30.35724],[-97.65316,30.35785],[-97.65168,30.35766],[-97.65064,30.35911],[-97.64994,30.35921],[-97.65,30.35948],[-97.65008,30.35961],[-97.65027,30.36013],[-97.64993,30.36027],[-97.64993,30.36026],[-97.6502,30.36014],[-97.6501,30.35985],[-97.65013,30.35984]]],[[[-97.71025,30.40827],[-97.71025,30.40824],[-97.71025,30.4082],[-97.71024,30.40817],[-97.71024,30.40814],[-97.71024,30.40809],[-97.71023,30.40806],[-97.71023,30.40803],[-97.71023,30.40799],[-97.71023,30.40796],[-97.71023,30.40793],[-97.71022,30.4079],[-97.71022,30.40786],[-97.71022,30.40783],[-97.71022,30.4078],[-97.71022,30.4076],[-97.71022,30.40738],[-97.71021,30.40695],[-97.71021,30.40687],[-97.71034,30.40687],[-97.7111,30.40761],[-97.71157,30.40808],[-97.71179,30.40829],[-97.71229,30.40771],[-97.71251,30.40761],[-97.71279,30.40779],[-97.71266,30.40811],[-97.71247,30.40865],[-97.71208,30.40887],[-97.71125,30.40932],[-97.71097,30.40948],[-97.71058,30.40927],[-97.71052,30.40924],[-97.71047,30.40923],[-97.7104,30.40894],[-97.71032,30.40864],[-97.71032,30.40863],[-97.71031,30.40861],[-97.71031,30.40858],[-97.71031,30.40856],[-97.7103,30.40853],[-97.71029,30.4085],[-97.71029,30.40846],[-97.71028,30.40843],[-97.71027,30.4084],[-97.71027,30.40837],[-97.71026,30.40833],[-97.71026,30.4083],[-97.71025,30.40827]]],[[[-97.73455,30.44121],[-97.73448,30.44015],[-97.73463,30.44019],[-97.73474,30.44032],[-97.73504,30.44028],[-97.73536,30.44017],[-97.73583,30.44025],[-97.73602,30.44023],[-97.73618,30.44024],[-97.73677,30.43975],[-97.737,30.43968],[-97.73718,30.43968],[-97.7373,30.43972],[-97.73741,30.43963],[-97.73753,30.43963],[-97.7377,30.43957],[-97.73772,30.43943],[-97.73761,30.43925],[-97.73765,30.43907],[-97.73755,30.43899],[-97.73758,30.43897],[-97.73762,30.43895],[-97.73765,30.43893],[-97.73768,30.4389],[-97.73771,30.43888],[-97.73829,30.43928],[-97.73846,30.4394],[-97.73862,30.43953],[-97.73879,30.43965],[-97.73759,30.4405],[-97.7373,30.44047],[-97.73623,30.44085],[-97.73553,30.44118],[-97.73455,30.44121]]],[[[-97.64882,30.33475],[-97.64882,30.33472],[-97.64881,30.33469],[-97.64881,30.33468],[-97.64906,30.33473],[-97.64907,30.3345],[-97.64909,30.33431],[-97.6491,30.33415],[-97.6491,30.33411],[-97.64909,30.33401],[-97.64907,30.3339],[-97.64906,30.33379],[-97.64904,30.33368],[-97.64903,30.33357],[-97.64902,30.33346],[-97.649,30.33335],[-97.64899,30.33324],[-97.64897,30.33313],[-97.64895,30.33298],[-97.64895,30.33295],[-97.64889,30.33285],[-97.6486,30.33295],[-97.64858,30.33296],[-97.64858,30.33294],[-97.64856,30.33291],[-97.64855,30.33289],[-97.64885,30.33277],[-97.64881,30.3327],[-97.64877,30.33264],[-97.6487,30.33255],[-97.64863,30.33246],[-97.64861,30.33244],[-97.64855,30.33237],[-97.64847,30.33226],[-97.64843,30.33223],[-97.64829,30.33213],[-97.64815,30.33203],[-97.6481,30.332],[-97.64901,30.33219],[-97.65031,30.33219],[-97.65034,30.33212],[-97.65059,30.33215],[-97.65084,30.33219],[-97.65076,30.33237],[-97.65065,30.33245],[-97.65047,30.33258],[-97.65018,30.33279],[-97.65004,30.33289],[-97.64981,30.3329],[-97.6496,30.33305],[-97.64957,30.33355],[-97.64956,30.33372],[-97.64966,30.33398],[-97.64989,30.33417],[-97.64998,30.33432],[-97.65021,30.3347],[-97.65033,30.33516],[-97.65028,30.33525],[-97.65016,30.33544],[-97.65003,30.33565],[-97.64998,30.33574],[-97.64955,30.33553],[-97.64877,30.33515],[-97.64896,30.33505],[-97.64904,30.33486],[-97.64879,30.33482],[-97.64881,30.3348],[-97.64882,30.33477],[-97.64882,30.33475]]],[[[-97.72659,30.41186],[-97.72759,30.41181],[-97.72759,30.41182],[-97.72762,30.41189],[-97.7278,30.41213],[-97.72787,30.41222],[-97.72794,30.41242],[-97.72797,30.41249],[-97.728,30.41252],[-97.72804,30.41255],[-97.72814,30.41267],[-97.72814,30.41267],[-97.72827,30.41282],[-97.72839,30.41286],[-97.7284,30.41286],[-97.7284,30.41286],[-97.7284,30.41286],[-97.72842,30.41295],[-97.72846,30.41299],[-97.72852,30.41305],[-97.72853,30.41311],[-97.72853,30.41316],[-97.72856,30.41321],[-97.72862,30.41323],[-97.72867,30.41328],[-97.72865,30.41332],[-97.72874,30.41344],[-97.72874,30.41344],[-97.72874,30.41353],[-97.72874,30.41361],[-97.72875,30.41364],[-97.72878,30.41387],[-97.72889,30.41447],[-97.72884,30.41485],[-97.7289,30.41495],[-97.72881,30.41491],[-97.72851,30.41478],[-97.72835,30.4147],[-97.72831,30.41468],[-97.72831,30.41468],[-97.72832,30.41467],[-97.72833,30.41466],[-97.72833,30.41465],[-97.72836,30.41461],[-97.72846,30.41445],[-97.72846,30.41445],[-97.72832,30.41438],[-97.72828,30.41436],[-97.72828,30.41436],[-97.72831,30.41432],[-97.72822,30.41427],[-97.72818,30.41425],[-97.72811,30.41422],[-97.72804,30.41418],[-97.7279,30.41411],[-97.72792,30.41409],[-97.72778,30.41402],[-97.72778,30.41402],[-97.72779,30.414],[-97.72766,30.41393],[-97.72765,30.41393],[-97.72762,30.41391],[-97.72752,30.41386],[-97.72752,30.41386],[-97.72753,30.41385],[-97.72756,30.41379],[-97.72761,30.41373],[-97.72762,30.41371],[-97.72748,30.41364],[-97.72748,30.41364],[-97.72736,30.41358],[-97.72734,30.41357],[-97.72721,30.4135],[-97.72714,30.41347],[-97.72711,30.41346],[-97.72709,30.41345],[-97.72708,30.41344],[-97.72707,30.41344],[-97.72705,30.41343],[-97.72693,30.41337],[-97.72688,30.41335],[-97.72679,30.4133],[-97.72666,30.41324],[-97.72666,30.41324],[-97.72666,30.41324],[-97.72652,30.41317],[-97.72652,30.41317],[-97.72638,30.4131],[-97.72638,30.4131],[-97.72624,30.41303],[-97.72624,30.41303],[-97.7261,30.41296],[-97.7261,30.41296],[-97.72597,30.4129],[-97.72597,30.4129],[-97.72583,30.41284],[-97.72583,30.41284],[-97.72576,30.41281],[-97.72568,30.41277],[-97.72554,30.41271],[-97.72552,30.41269],[-97.7254,30.41264],[-97.7254,30.41264],[-97.72532,30.41261],[-97.72526,30.41258],[-97.72511,30.41251],[-97.72497,30.41245],[-97.72492,30.41243],[-97.72483,30.41239],[-97.72483,30.41239],[-97.72478,30.41236],[-97.72469,30.41232],[-97.72469,30.41232],[-97.72455,30.41226],[-97.72455,30.41226],[-97.72448,30.41223],[-97.72448,30.41223],[-97.72449,30.4122],[-97.72453,30.41198],[-97.72453,30.41198],[-97.72484,30.41196],[-97.72653,30.41187],[-97.72656,30.41186],[-97.72656,30.41186],[-97.72657,30.41186],[-97.72659,30.41186]]],[[[-97.72398,30.41001],[-97.72296,30.40996],[-97.72261,30.41002],[-97.72221,30.41009],[-97.72215,30.4101],[-97.72173,30.41018],[-97.72171,30.41019],[-97.72162,30.41023],[-97.72066,30.4109],[-97.71996,30.4105],[-97.71989,30.41046],[-97.71986,30.41044],[-97.71983,30.41043],[-97.71981,30.41041],[-97.71978,30.4104],[-97.71976,30.41039],[-97.71975,30.41038],[-97.71973,30.41037],[-97.7197,30.41036],[-97.7197,30.41036],[-97.71967,30.41034],[-97.71964,30.41033],[-97.71961,30.41032],[-97.71958,30.41031],[-97.71955,30.4103],[-97.71952,30.41029],[-97.71949,30.41028],[-97.71947,30.41027],[-97.71946,30.41027],[-97.71944,30.41026],[-97.71943,30.41026],[-97.71943,30.41026],[-97.7194,30.41026],[-97.71937,30.41025],[-97.71934,30.41024],[-97.71931,30.41024],[-97.71928,30.41023],[-97.71925,30.41023],[-97.71925,30.41023],[-97.71922,30.41022],[-97.71919,30.41022],[-97.71915,30.41021],[-97.71922,30.41014],[-97.71937,30.40996],[-97.71938,30.40994],[-97.71942,30.40992],[-97.71964,30.40981],[-97.71991,30.40978],[-97.72023,30.40971],[-97.72026,30.4097],[-97.72062,30.40968],[-97.72134,30.40929],[-97.72134,30.40929],[-97.72253,30.4088],[-97.72287,30.4085],[-97.72287,30.4085],[-97.72279,30.40816],[-97.72382,30.40867],[-97.72471,30.40954],[-97.72494,30.40973],[-97.72497,30.40975],[-97.72503,30.4098],[-97.72531,30.41001],[-97.72532,30.41001],[-97.7258,30.41013],[-97.72595,30.41016],[-97.72608,30.41018],[-97.72608,30.41018],[-97.7258,30.41035],[-97.72576,30.41038],[-97.72556,30.41052],[-97.72533,30.41068],[-97.72525,30.41069],[-97.72514,30.41071],[-97.72507,30.41072],[-97.72507,30.41072],[-97.7251,30.4109],[-97.72558,30.41127],[-97.72575,30.41138],[-97.72599,30.41154],[-97.7261,30.41163],[-97.7261,30.41163],[-97.72614,30.41167],[-97.72614,30.41167],[-97.72613,30.41167],[-97.72543,30.41171],[-97.72524,30.4113],[-97.725,30.41105],[-97.72484,30.41065],[-97.72459,30.41025],[-97.72454,30.41017],[-97.72419,30.41007],[-97.72398,30.41001]]],[[[-97.66511,30.3555],[-97.66507,30.35547],[-97.66502,30.3555],[-97.66496,30.35548],[-97.66487,30.35542],[-97.66482,30.35529],[-97.6648,30.35522],[-97.66473,30.3551],[-97.66455,30.35518],[-97.66447,30.35514],[-97.66431,30.35508],[-97.66419,30.35501],[-97.66394,30.35494],[-97.66378,30.35493],[-97.66379,30.35487],[-97.66379,30.35477],[-97.66368,30.35464],[-97.66337,30.3547],[-97.66334,30.35476],[-97.66323,30.35475],[-97.66314,30.35481],[-97.66313,30.35486],[-97.66302,30.35493],[-97.66294,30.35486],[-97.66296,30.35481],[-97.66286,30.35478],[-97.6628,30.3547],[-97.66275,30.3546],[-97.66271,30.35454],[-97.66263,30.35447],[-97.66257,30.35446],[-97.66252,30.3545],[-97.66239,30.35449],[-97.6624,30.35444],[-97.66235,30.3544],[-97.66226,30.35439],[-97.66223,30.35441],[-97.66217,30.35443],[-97.66208,30.35443],[-97.66196,30.35439],[-97.66225,30.35379],[-97.66268,30.35289],[-97.66254,30.35255],[-97.66217,30.35238],[-97.66189,30.35224],[-97.66153,30.35233],[-97.66125,30.35261],[-97.66119,30.35284],[-97.66043,30.35312],[-97.65994,30.35384],[-97.65988,30.35392],[-97.65986,30.35396],[-97.6599,30.35378],[-97.65997,30.35348],[-97.66006,30.35311],[-97.66015,30.35273],[-97.66016,30.35271],[-97.66016,30.35268],[-97.66016,30.35265],[-97.66015,30.35262],[-97.66015,30.3526],[-97.66014,30.35257],[-97.66014,30.35254],[-97.66013,30.35252],[-97.66011,30.35249],[-97.6601,30.35247],[-97.66009,30.35244],[-97.66007,30.35242],[-97.66005,30.3524],[-97.66003,30.35237],[-97.66001,30.35235],[-97.65999,30.35233],[-97.65997,30.35231],[-97.65994,30.3523],[-97.65992,30.35228],[-97.66011,30.35237],[-97.66023,30.35244],[-97.66046,30.35255],[-97.66069,30.35266],[-97.66082,30.3527],[-97.66086,30.35266],[-97.66093,30.35269],[-97.66104,30.35239],[-97.66093,30.35231],[-97.66115,30.35196],[-97.66129,30.35176],[-97.66143,30.35182],[-97.66227,30.35222],[-97.66302,30.35257],[-97.66383,30.35292],[-97.66441,30.35318],[-97.66467,30.35329],[-97.66489,30.35339],[-97.66488,30.35341],[-97.66538,30.35364],[-97.66602,30.35395],[-97.6663,30.35408],[-97.66644,30.35415],[-97.66643,30.35417],[-97.66638,30.35425],[-97.66588,30.35505],[-97.66537,30.35587],[-97.66524,30.35588],[-97.66522,30.3558],[-97.66511,30.3555]]],[[[-97.65477,30.38761],[-97.65491,30.38634],[-97.65491,30.38634],[-97.65492,30.38625],[-97.65442,30.38581],[-97.65441,30.38581],[-97.65442,30.38579],[-97.65453,30.38545],[-97.6546,30.38525],[-97.65467,30.38502],[-97.65479,30.38467],[-97.655,30.38403],[-97.65511,30.38371],[-97.65511,30.38367],[-97.65538,30.38287],[-97.65557,30.38229],[-97.65606,30.3808],[-97.65626,30.38015],[-97.65636,30.37982],[-97.65641,30.37967],[-97.65644,30.37959],[-97.65682,30.37958],[-97.65701,30.37958],[-97.65754,30.37949],[-97.65809,30.37912],[-97.6584,30.37892],[-97.65845,30.37888],[-97.65851,30.37824],[-97.65883,30.37805],[-97.65908,30.37828],[-97.65949,30.37812],[-97.6596,30.37814],[-97.65962,30.37816],[-97.65963,30.37819],[-97.65965,30.37821],[-97.65967,30.37823],[-97.65968,30.37826],[-97.6597,30.37828],[-97.65971,30.3783],[-97.65973,30.37833],[-97.65978,30.37842],[-97.65979,30.37845],[-97.65958,30.37854],[-97.65942,30.37861],[-97.65919,30.3787],[-97.65912,30.37874],[-97.65904,30.37888],[-97.65893,30.37908],[-97.65885,30.37922],[-97.65878,30.37935],[-97.65872,30.37946],[-97.65857,30.37951],[-97.65842,30.37955],[-97.65827,30.37959],[-97.65809,30.37964],[-97.65784,30.37971],[-97.65758,30.37979],[-97.65734,30.37992],[-97.65714,30.38006],[-97.65713,30.38031],[-97.65711,30.38063],[-97.65711,30.38081],[-97.65712,30.38099],[-97.65712,30.38116],[-97.65706,30.38131],[-97.65701,30.38145],[-97.65698,30.38159],[-97.65694,30.38173],[-97.65691,30.38187],[-97.65688,30.38201],[-97.65687,30.38206],[-97.65682,30.38213],[-97.65674,30.38226],[-97.65666,30.38238],[-97.65659,30.38249],[-97.65648,30.38266],[-97.65642,30.38285],[-97.65637,30.38298],[-97.65632,30.38313],[-97.65627,30.38327],[-97.6562,30.38349],[-97.65629,30.38363],[-97.65632,30.38368],[-97.65631,30.38388],[-97.6563,30.38402],[-97.65622,30.38411],[-97.65602,30.38435],[-97.65596,30.38447],[-97.65583,30.38471],[-97.65574,30.38488],[-97.65567,30.38507],[-97.65561,30.38523],[-97.65552,30.38549],[-97.65544,30.38581],[-97.6554,30.38595],[-97.6556,30.38599],[-97.65549,30.38644],[-97.65516,30.38638],[-97.65504,30.38748],[-97.65442,30.38843],[-97.65429,30.38836],[-97.65477,30.38761]]],[[[-97.67897,30.39439],[-97.67867,30.39422],[-97.67832,30.39397],[-97.67814,30.39378],[-97.67792,30.39351],[-97.67783,30.39341],[-97.67762,30.39317],[-97.67755,30.39295],[-97.67751,30.39283],[-97.67747,30.39271],[-97.6774,30.39249],[-97.67733,30.39227],[-97.67725,30.39202],[-97.67716,30.39174],[-97.67715,30.39172],[-97.67697,30.39142],[-97.67692,30.39113],[-97.67667,30.38971],[-97.67679,30.38918],[-97.67706,30.389],[-97.67731,30.38876],[-97.67755,30.38854],[-97.6776,30.38838],[-97.67785,30.38877],[-97.67784,30.38877],[-97.67781,30.38879],[-97.67779,30.38881],[-97.67778,30.38884],[-97.67777,30.38886],[-97.67777,30.38887],[-97.67777,30.3889],[-97.67777,30.38892],[-97.67778,30.38895],[-97.67779,30.38896],[-97.6778,30.38897],[-97.67781,30.38898],[-97.67782,30.38899],[-97.67783,30.389],[-97.67784,30.389],[-97.67785,30.38901],[-97.67793,30.38905],[-97.678,30.38908],[-97.67809,30.38913],[-97.67811,30.38915],[-97.67814,30.38917],[-97.67815,30.38917],[-97.67818,30.38919],[-97.6782,30.38921],[-97.67823,30.38923],[-97.67825,30.38925],[-97.67827,30.38927],[-97.67829,30.38929],[-97.67832,30.38931],[-97.67834,30.38934],[-97.67835,30.38935],[-97.67836,30.38936],[-97.67837,30.38938],[-97.67837,30.38939],[-97.67837,30.3894],[-97.67836,30.38942],[-97.67836,30.38943],[-97.67834,30.38944],[-97.67832,30.38945],[-97.6783,30.38947],[-97.67827,30.38948],[-97.67825,30.3895],[-97.67823,30.38952],[-97.67821,30.38954],[-97.67839,30.38962],[-97.67875,30.38979],[-97.67898,30.3899],[-97.67943,30.39011],[-97.67987,30.39031],[-97.68008,30.39041],[-97.68008,30.39043],[-97.67988,30.39067],[-97.67992,30.39071],[-97.67998,30.39075],[-97.68002,30.3908],[-97.68006,30.39085],[-97.68009,30.39091],[-97.68012,30.39097],[-97.68013,30.39103],[-97.68014,30.39109],[-97.68014,30.39115],[-97.68013,30.39119],[-97.68011,30.39129],[-97.68007,30.39156],[-97.68006,30.3916],[-97.67992,30.39156],[-97.67974,30.39151],[-97.67955,30.39148],[-97.67937,30.39145],[-97.67918,30.39143],[-97.67899,30.39141],[-97.67881,30.3914],[-97.67862,30.3914],[-97.67843,30.39141],[-97.67833,30.39142],[-97.67823,30.39143],[-97.6781,30.39145],[-97.67798,30.39147],[-97.67786,30.39151],[-97.67776,30.39154],[-97.67786,30.39181],[-97.67807,30.39204],[-97.67821,30.39219],[-97.67838,30.39266],[-97.67855,30.39288],[-97.67871,30.39308],[-97.67899,30.39333],[-97.67936,30.39367],[-97.67957,30.39389],[-97.67981,30.39415],[-97.68003,30.39416],[-97.68011,30.39421],[-97.68064,30.39343],[-97.68098,30.39374],[-97.68075,30.39431],[-97.68071,30.3943],[-97.68058,30.39436],[-97.68051,30.3945],[-97.68033,30.39462],[-97.68038,30.39477],[-97.68025,30.39505],[-97.6802,30.39503],[-97.6798,30.39488],[-97.67968,30.39484],[-97.67964,30.39482],[-97.67952,30.39474],[-97.67934,30.39462],[-97.6791,30.39447],[-97.67897,30.39439]]],[[[-97.65837,30.37145],[-97.65841,30.37115],[-97.65845,30.37089],[-97.65849,30.37059],[-97.65875,30.37044],[-97.6587,30.37003],[-97.6587,30.37003],[-97.65874,30.37003],[-97.6602,30.36996],[-97.66034,30.36995],[-97.66048,30.36995],[-97.66063,30.36997],[-97.66077,30.36999],[-97.66082,30.37],[-97.66206,30.36868],[-97.66209,30.36866],[-97.66212,30.36864],[-97.66214,30.36862],[-97.66217,30.3686],[-97.66219,30.36857],[-97.66221,30.36854],[-97.66222,30.36851],[-97.66223,30.36848],[-97.66224,30.36845],[-97.66225,30.36842],[-97.66225,30.36839],[-97.66225,30.36836],[-97.66225,30.36832],[-97.66224,30.36829],[-97.66223,30.36826],[-97.66222,30.36823],[-97.66221,30.3682],[-97.66219,30.36817],[-97.66217,30.36815],[-97.66215,30.36812],[-97.66212,30.3681],[-97.66132,30.36736],[-97.66032,30.36641],[-97.66031,30.36641],[-97.66054,30.3654],[-97.66055,30.36537],[-97.66089,30.36564],[-97.66125,30.36546],[-97.66151,30.36555],[-97.66167,30.36574],[-97.66195,30.36568],[-97.66182,30.36527],[-97.6621,30.36524],[-97.66261,30.36539],[-97.66278,30.36535],[-97.66318,30.36544],[-97.66323,30.36545],[-97.66365,30.36557],[-97.66383,30.36555],[-97.66377,30.36529],[-97.66377,30.36499],[-97.66376,30.36475],[-97.66392,30.36454],[-97.66394,30.36455],[-97.66384,30.36493],[-97.66384,30.36499],[-97.66391,30.36544],[-97.66391,30.36556],[-97.66369,30.36564],[-97.66338,30.36557],[-97.6631,30.36553],[-97.66276,30.36545],[-97.66235,30.36536],[-97.66198,30.36569],[-97.66166,30.36589],[-97.66186,30.36618],[-97.66204,30.36644],[-97.66226,30.36669],[-97.66251,30.36686],[-97.66277,30.36706],[-97.66294,30.3667],[-97.66295,30.3667],[-97.66298,30.3667],[-97.663,30.36669],[-97.66336,30.36675],[-97.6636,30.36679],[-97.66386,30.36684],[-97.66388,30.36684],[-97.66411,30.36694],[-97.66436,30.36705],[-97.66479,30.36724],[-97.66479,30.36726],[-97.66479,30.36729],[-97.66479,30.36732],[-97.66479,30.36735],[-97.66479,30.36738],[-97.66479,30.3674],[-97.6648,30.3674],[-97.6648,30.36743],[-97.66481,30.36746],[-97.66481,30.36749],[-97.66482,30.3675],[-97.66459,30.36761],[-97.66438,30.3674],[-97.66432,30.36734],[-97.66427,30.36729],[-97.66396,30.36727],[-97.6638,30.36736],[-97.66382,30.3674],[-97.66396,30.36768],[-97.66393,30.36768],[-97.6639,30.36769],[-97.66388,30.36771],[-97.6635,30.36749],[-97.66333,30.36793],[-97.66336,30.36798],[-97.66342,30.36821],[-97.6634,30.36844],[-97.66333,30.36865],[-97.66324,30.36887],[-97.66316,30.36914],[-97.66302,30.36931],[-97.66298,30.36958],[-97.66278,30.36975],[-97.66265,30.36993],[-97.66258,30.37015],[-97.66245,30.37033],[-97.66233,30.37046],[-97.6623,30.37049],[-97.66229,30.37049],[-97.66218,30.37044],[-97.66141,30.37153],[-97.66141,30.37153],[-97.66134,30.3715],[-97.66111,30.37144],[-97.66087,30.3714],[-97.66064,30.3714],[-97.66044,30.37139],[-97.66024,30.37139],[-97.66003,30.37139],[-97.65974,30.37138],[-97.65968,30.37138],[-97.65964,30.37141],[-97.65955,30.37149],[-97.65944,30.37158],[-97.65942,30.3716],[-97.6594,30.37182],[-97.65939,30.372],[-97.65938,30.37217],[-97.65937,30.37235],[-97.65936,30.37253],[-97.65935,30.37271],[-97.65934,30.37289],[-97.65933,30.37308],[-97.65932,30.37326],[-97.6593,30.37344],[-97.65929,30.37371],[-97.65928,30.37389],[-97.65926,30.3741],[-97.65948,30.37424],[-97.65974,30.37441],[-97.65997,30.37443],[-97.66041,30.37462],[-97.66058,30.37479],[-97.66056,30.37491],[-97.66054,30.37492],[-97.66052,30.37494],[-97.6605,30.37495],[-97.66048,30.37497],[-97.66046,30.37498],[-97.66044,30.37499],[-97.66043,30.37501],[-97.66041,30.37502],[-97.66039,30.37504],[-97.66037,30.37505],[-97.66035,30.37507],[-97.66033,30.37508],[-97.66032,30.3751],[-97.6603,30.37512],[-97.66028,30.37513],[-97.66026,30.37515],[-97.66024,30.37516],[-97.66023,30.37518],[-97.66021,30.37519],[-97.66019,30.37521],[-97.66017,30.37523],[-97.66016,30.37524],[-97.66014,30.37526],[-97.66006,30.37533],[-97.66002,30.37537],[-97.65999,30.37541],[-97.65996,30.37544],[-97.65992,30.37549],[-97.6599,30.37551],[-97.65987,30.37554],[-97.65985,30.37556],[-97.65983,30.37559],[-97.6598,30.37562],[-97.65979,30.37564],[-97.65978,30.37565],[-97.65976,30.37567],[-97.65975,30.37569],[-97.65973,30.37571],[-97.65972,30.37573],[-97.6597,30.37574],[-97.65969,30.37576],[-97.65968,30.37578],[-97.65963,30.37576],[-97.6592,30.37555],[-97.65903,30.37547],[-97.65886,30.37515],[-97.6588,30.37505],[-97.65877,30.37498],[-97.65862,30.37477],[-97.65846,30.37453],[-97.65838,30.37407],[-97.65833,30.37376],[-97.65825,30.37333],[-97.65817,30.37285],[-97.65825,30.37224],[-97.65837,30.37145]]],[[[-97.6624,30.39292],[-97.66459,30.38959],[-97.66438,30.38949],[-97.66451,30.38934],[-97.66451,30.38934],[-97.66464,30.38918],[-97.66477,30.38903],[-97.66477,30.38903],[-97.66492,30.38886],[-97.66492,30.38886],[-97.6651,30.38864],[-97.66522,30.3885],[-97.66544,30.38825],[-97.66544,30.38825],[-97.66553,30.38815],[-97.66576,30.38788],[-97.6659,30.38772],[-97.66622,30.38736],[-97.66594,30.38736],[-97.66585,30.38736],[-97.66604,30.38704],[-97.66605,30.38701],[-97.66596,30.38671],[-97.66568,30.3865],[-97.66549,30.38647],[-97.6655,30.38644],[-97.66554,30.38626],[-97.6655,30.38604],[-97.66541,30.38584],[-97.66534,30.38568],[-97.66527,30.38553],[-97.66521,30.38539],[-97.66515,30.38526],[-97.66504,30.38507],[-97.66486,30.38489],[-97.66466,30.38476],[-97.66443,30.38467],[-97.66421,30.38463],[-97.66417,30.38491],[-97.66414,30.38491],[-97.66412,30.38491],[-97.66414,30.38462],[-97.66391,30.38462],[-97.66368,30.38465],[-97.66347,30.38474],[-97.66327,30.38485],[-97.66311,30.385],[-97.66302,30.38511],[-97.66293,30.38522],[-97.66283,30.38533],[-97.66274,30.38544],[-97.66265,30.38555],[-97.66254,30.38568],[-97.66244,30.38576],[-97.66233,30.38586],[-97.6623,30.38588],[-97.66218,30.38596],[-97.662,30.38606],[-97.66197,30.38609],[-97.66197,30.38599],[-97.66197,30.38586],[-97.66153,30.38568],[-97.66154,30.38565],[-97.66155,30.38563],[-97.66156,30.3856],[-97.66157,30.38558],[-97.66157,30.38557],[-97.66197,30.38569],[-97.66197,30.38547],[-97.66198,30.38546],[-97.66208,30.38533],[-97.66217,30.38521],[-97.66226,30.38508],[-97.66236,30.38496],[-97.66245,30.38483],[-97.66254,30.38471],[-97.66264,30.38457],[-97.66275,30.38443],[-97.66284,30.38431],[-97.66285,30.38429],[-97.66295,30.38412],[-97.66305,30.38395],[-97.66325,30.38403],[-97.66326,30.38403],[-97.66346,30.38404],[-97.6637,30.38405],[-97.6638,30.38405],[-97.66396,30.38405],[-97.66443,30.38406],[-97.66442,30.38405],[-97.66434,30.3839],[-97.66412,30.38353],[-97.66411,30.38351],[-97.66409,30.38339],[-97.66406,30.38324],[-97.66416,30.38309],[-97.66419,30.38304],[-97.66416,30.38294],[-97.66412,30.38281],[-97.66408,30.38267],[-97.66404,30.38254],[-97.664,30.38241],[-97.66397,30.38227],[-97.66393,30.38214],[-97.66389,30.38201],[-97.66385,30.38187],[-97.66381,30.38175],[-97.66341,30.38181],[-97.6634,30.38176],[-97.66381,30.3817],[-97.66381,30.38156],[-97.6638,30.38142],[-97.6638,30.38128],[-97.66379,30.38114],[-97.66379,30.381],[-97.66378,30.38079],[-97.66377,30.38051],[-97.66376,30.38019],[-97.66362,30.37936],[-97.6636,30.37924],[-97.66361,30.37923],[-97.66354,30.37891],[-97.66331,30.37854],[-97.66312,30.37834],[-97.66309,30.37824],[-97.66296,30.37783],[-97.6629,30.37765],[-97.66246,30.37734],[-97.66216,30.37703],[-97.66189,30.37685],[-97.66179,30.37679],[-97.66146,30.37661],[-97.66112,30.37642],[-97.66101,30.37636],[-97.66068,30.37659],[-97.66063,30.37693],[-97.66066,30.37722],[-97.66061,30.37736],[-97.66056,30.37751],[-97.66051,30.37766],[-97.66044,30.3778],[-97.66036,30.37793],[-97.66028,30.37807],[-97.6602,30.3782],[-97.66015,30.3783],[-97.65998,30.37837],[-97.65978,30.37802],[-97.65976,30.378],[-97.65975,30.37797],[-97.65973,30.37794],[-97.65971,30.37792],[-97.65969,30.3779],[-97.65967,30.37787],[-97.65965,30.37785],[-97.65963,30.37783],[-97.65961,30.3778],[-97.65958,30.37778],[-97.65956,30.37776],[-97.65953,30.37774],[-97.65951,30.37772],[-97.6594,30.37766],[-97.65981,30.37745],[-97.66001,30.37695],[-97.66028,30.37629],[-97.66069,30.37547],[-97.6608,30.37559],[-97.66084,30.37561],[-97.66109,30.37574],[-97.66133,30.37587],[-97.66167,30.37605],[-97.66175,30.37607],[-97.66226,30.37621],[-97.66261,30.37631],[-97.66257,30.37634],[-97.66265,30.37638],[-97.66298,30.37672],[-97.66306,30.37692],[-97.66315,30.37712],[-97.66324,30.37733],[-97.66333,30.37753],[-97.66342,30.37774],[-97.66351,30.37795],[-97.6636,30.37815],[-97.66365,30.37827],[-97.66369,30.37834],[-97.66375,30.37845],[-97.66377,30.37855],[-97.66382,30.37877],[-97.66387,30.37898],[-97.6639,30.37912],[-97.6639,30.37912],[-97.66389,30.37907],[-97.66387,30.37898],[-97.66387,30.37897],[-97.66382,30.37877],[-97.66377,30.37855],[-97.66377,30.37854],[-97.66375,30.37845],[-97.66369,30.37834],[-97.66365,30.37827],[-97.6636,30.37815],[-97.66403,30.37802],[-97.66403,30.37802],[-97.66404,30.37803],[-97.66404,30.37804],[-97.66405,30.37806],[-97.66406,30.37808],[-97.66406,30.37811],[-97.66406,30.37811],[-97.66407,30.37813],[-97.66407,30.37815],[-97.66411,30.37825],[-97.66417,30.37847],[-97.6642,30.37858],[-97.66423,30.37869],[-97.66423,30.37869],[-97.66427,30.37881],[-97.66429,30.37889],[-97.66436,30.37912],[-97.66438,30.3792],[-97.66438,30.3792],[-97.66432,30.37922],[-97.66408,30.37917],[-97.66406,30.37916],[-97.66403,30.37912],[-97.66401,30.3791],[-97.66401,30.3791],[-97.664,30.37921],[-97.66399,30.37935],[-97.66402,30.37955],[-97.66403,30.37961],[-97.66401,30.3797],[-97.66392,30.38005],[-97.6639,30.38014],[-97.66392,30.38036],[-97.66394,30.3806],[-97.66396,30.38085],[-97.66399,30.38108],[-97.66401,30.38127],[-97.66404,30.38147],[-97.66409,30.38179],[-97.66422,30.382],[-97.66435,30.38219],[-97.66447,30.38238],[-97.66455,30.38255],[-97.66456,30.38259],[-97.66462,30.38275],[-97.66471,30.38295],[-97.66478,30.38314],[-97.66478,30.38317],[-97.66478,30.38346],[-97.66478,30.38364],[-97.6648,30.38372],[-97.66486,30.38396],[-97.66488,30.38404],[-97.66465,30.38447],[-97.66515,30.3847],[-97.66526,30.38476],[-97.66562,30.38493],[-97.66587,30.38506],[-97.66609,30.38516],[-97.66631,30.38528],[-97.66653,30.38538],[-97.66675,30.38549],[-97.66695,30.38559],[-97.66697,30.3856],[-97.66719,30.38571],[-97.66726,30.38574],[-97.66749,30.38586],[-97.66727,30.38613],[-97.66702,30.38642],[-97.66695,30.3865],[-97.6668,30.38668],[-97.66667,30.38683],[-97.66649,30.38704],[-97.66668,30.38729],[-97.66726,30.38764],[-97.66751,30.38776],[-97.66751,30.38776],[-97.66777,30.38788],[-97.66805,30.38794],[-97.66839,30.38801],[-97.66932,30.3882],[-97.66964,30.38827],[-97.6698,30.38828],[-97.67005,30.3889],[-97.6701,30.38918],[-97.66799,30.38878],[-97.6678,30.38937],[-97.66754,30.38974],[-97.66685,30.3894],[-97.66701,30.38916],[-97.66699,30.38909],[-97.66663,30.38892],[-97.66629,30.38892],[-97.66601,30.38936],[-97.66591,30.38931],[-97.6656,30.38958],[-97.66548,30.38961],[-97.66537,30.38961],[-97.66527,30.38956],[-97.66518,30.38958],[-97.66512,30.38965],[-97.66499,30.3897],[-97.66497,30.38973],[-97.66496,30.38975],[-97.66494,30.38977],[-97.66492,30.38979],[-97.6649,30.3898],[-97.66488,30.38981],[-97.66485,30.38981],[-97.66482,30.38982],[-97.6648,30.38981],[-97.66477,30.38981],[-97.66475,30.38979],[-97.66472,30.38978],[-97.6647,30.38976],[-97.66469,30.38974],[-97.66468,30.38972],[-97.66467,30.3897],[-97.66467,30.38968],[-97.66248,30.39299],[-97.6624,30.39292]]],[[[-97.66391,30.37912],[-97.664,30.3791],[-97.6639,30.37912],[-97.66391,30.37912]]],[[[-97.70847,30.40853],[-97.70855,30.40811],[-97.70864,30.40812],[-97.70864,30.40812],[-97.70867,30.40805],[-97.70875,30.40782],[-97.70874,30.40763],[-97.70872,30.40736],[-97.70862,30.40723],[-97.70835,30.40688],[-97.70834,30.40668],[-97.70819,30.40646],[-97.70784,30.40633],[-97.70768,30.40627],[-97.70729,30.4063],[-97.70691,30.40645],[-97.7064,30.40668],[-97.70604,30.40689],[-97.70594,30.40695],[-97.70582,30.40708],[-97.70558,30.40709],[-97.70531,30.40734],[-97.70506,30.40744],[-97.70432,30.40857],[-97.70427,30.40856],[-97.70495,30.40754],[-97.705,30.40746],[-97.70463,30.40729],[-97.70361,30.40655],[-97.70257,30.40669],[-97.70242,30.40671],[-97.7014,30.40663],[-97.70132,30.40682],[-97.70111,30.40678],[-97.70095,30.4069],[-97.70045,30.40684],[-97.69962,30.40644],[-97.69863,30.40646],[-97.69815,30.4063],[-97.69812,30.40681],[-97.69793,30.40672],[-97.69777,30.40638],[-97.69789,30.40593],[-97.69796,30.40569],[-97.69795,30.40568],[-97.69798,30.40556],[-97.69823,30.40543],[-97.69854,30.40545],[-97.6987,30.40523],[-97.69889,30.40553],[-97.6991,30.40559],[-97.69956,30.40572],[-97.69981,30.40549],[-97.69993,30.40569],[-97.70044,30.40561],[-97.70086,30.40554],[-97.70095,30.40524],[-97.70116,30.40518],[-97.70123,30.40548],[-97.70175,30.4054],[-97.70207,30.40551],[-97.70215,30.40525],[-97.70215,30.40515],[-97.70215,30.40466],[-97.70215,30.40423],[-97.70215,30.40309],[-97.70232,30.403],[-97.70248,30.40323],[-97.70287,30.4038],[-97.70313,30.40448],[-97.70321,30.4047],[-97.70317,30.40499],[-97.70341,30.40505],[-97.70353,30.40535],[-97.70435,30.40576],[-97.70483,30.40572],[-97.70529,30.40569],[-97.70598,30.40564],[-97.70623,30.40544],[-97.70629,30.40534],[-97.70707,30.40491],[-97.70746,30.40443],[-97.70801,30.40449],[-97.70782,30.4048],[-97.70853,30.40516],[-97.70887,30.4053],[-97.70923,30.40545],[-97.7094,30.40552],[-97.70965,30.40562],[-97.70974,30.40549],[-97.70979,30.40527],[-97.70981,30.40487],[-97.70983,30.4046],[-97.70989,30.4044],[-97.7099,30.40426],[-97.70995,30.4041],[-97.71002,30.4039],[-97.71014,30.40357],[-97.71016,30.40358],[-97.71023,30.40361],[-97.7102,30.40367],[-97.71018,30.40371],[-97.71017,30.40375],[-97.71014,30.40383],[-97.71012,30.40388],[-97.71009,30.40395],[-97.71007,30.40401],[-97.71005,30.40409],[-97.71002,30.40417],[-97.71,30.40426],[-97.70998,30.40435],[-97.70996,30.40444],[-97.70995,30.40449],[-97.70994,30.40454],[-97.70993,30.40465],[-97.70992,30.40475],[-97.70991,30.40483],[-97.7099,30.40488],[-97.7099,30.40492],[-97.7099,30.40499],[-97.7099,30.40505],[-97.7099,30.4051],[-97.7099,30.40517],[-97.7099,30.40521],[-97.7099,30.40525],[-97.7099,30.40559],[-97.7099,30.40581],[-97.7099,30.40611],[-97.70989,30.40631],[-97.70989,30.40644],[-97.70989,30.40659],[-97.70989,30.40685],[-97.70989,30.40757],[-97.70989,30.40781],[-97.7099,30.40811],[-97.70993,30.40827],[-97.70997,30.4085],[-97.71001,30.4087],[-97.71014,30.40933],[-97.71019,30.40951],[-97.71026,30.4098],[-97.70987,30.41019],[-97.70969,30.41038],[-97.7096,30.41046],[-97.70952,30.41054],[-97.70951,30.41055],[-97.7095,30.41055],[-97.70948,30.41056],[-97.70947,30.41055],[-97.70946,30.41055],[-97.70944,30.41055],[-97.7094,30.41052],[-97.70901,30.41022],[-97.70895,30.41018],[-97.70892,30.41016],[-97.7089,30.41014],[-97.70889,30.41014],[-97.70887,30.41013],[-97.70885,30.41011],[-97.70882,30.41009],[-97.7088,30.41008],[-97.7088,30.41007],[-97.70877,30.41006],[-97.70876,30.41005],[-97.70874,30.41004],[-97.70873,30.41004],[-97.70871,30.41003],[-97.70869,30.41001],[-97.70866,30.41],[-97.70862,30.40998],[-97.70861,30.40998],[-97.7086,30.40997],[-97.70857,30.40996],[-97.70854,30.40995],[-97.70851,30.40994],[-97.70848,30.40993],[-97.70845,30.40992],[-97.70844,30.40992],[-97.70843,30.40992],[-97.70842,30.40991],[-97.7084,30.40991],[-97.70838,30.4099],[-97.70836,30.4099],[-97.70833,30.40989],[-97.70831,30.40989],[-97.70821,30.40987],[-97.7085,30.40907],[-97.70847,30.40853]]],[[[-97.65588,30.35839],[-97.6556,30.35809],[-97.65557,30.35797],[-97.65554,30.35789],[-97.65644,30.35753],[-97.65647,30.3576],[-97.65666,30.35839],[-97.65667,30.35839],[-97.65676,30.35825],[-97.65676,30.35819],[-97.65688,30.35808],[-97.65694,30.358],[-97.6571,30.35775],[-97.65733,30.3574],[-97.65752,30.35712],[-97.65748,30.3571],[-97.65742,30.35712],[-97.65636,30.3566],[-97.65597,30.35642],[-97.65518,30.35605],[-97.65468,30.35582],[-97.65442,30.3557],[-97.65412,30.35548],[-97.65367,30.35528],[-97.65332,30.35506],[-97.65345,30.35495],[-97.65363,30.35485],[-97.65377,30.35456],[-97.65386,30.35437],[-97.65387,30.35415],[-97.65388,30.35394],[-97.6537,30.35351],[-97.65368,30.35345],[-97.65355,30.35331],[-97.65339,30.35315],[-97.65331,30.35308],[-97.65335,30.35306],[-97.65346,30.353],[-97.65359,30.35291],[-97.65373,30.35282],[-97.65386,30.35272],[-97.6539,30.35268],[-97.654,30.3526],[-97.6541,30.35251],[-97.65421,30.35239],[-97.65432,30.35228],[-97.65442,30.35215],[-97.65451,30.35203],[-97.65455,30.35197],[-97.65458,30.35193],[-97.6546,30.3519],[-97.65467,30.35176],[-97.65474,30.35163],[-97.65477,30.35157],[-97.65478,30.35155],[-97.65479,30.35152],[-97.65522,30.3517],[-97.65594,30.35202],[-97.65651,30.35227],[-97.65709,30.35251],[-97.65746,30.35187],[-97.65775,30.35138],[-97.65796,30.35148],[-97.65887,30.35192],[-97.65914,30.35205],[-97.65926,30.35211],[-97.65957,30.35226],[-97.65978,30.35236],[-97.65981,30.35237],[-97.65983,30.35239],[-97.65986,30.35241],[-97.65988,30.35243],[-97.65991,30.35245],[-97.65993,30.35247],[-97.65994,30.35249],[-97.65996,30.35252],[-97.65997,30.35254],[-97.65998,30.35257],[-97.65999,30.3526],[-97.66,30.35263],[-97.66,30.35266],[-97.66,30.35268],[-97.65999,30.35271],[-97.65996,30.35286],[-97.65987,30.35318],[-97.6598,30.35345],[-97.65977,30.35354],[-97.65963,30.35398],[-97.65959,30.35415],[-97.65958,30.35421],[-97.65931,30.35459],[-97.65888,30.3552],[-97.65889,30.3554],[-97.65889,30.35583],[-97.6589,30.3562],[-97.65891,30.35657],[-97.65896,30.35678],[-97.65903,30.35707],[-97.65864,30.35688],[-97.65797,30.35658],[-97.65759,30.35716],[-97.6579,30.35731],[-97.65945,30.35807],[-97.65946,30.3582],[-97.65948,30.35826],[-97.65955,30.35854],[-97.65966,30.3589],[-97.65933,30.35942],[-97.65918,30.35966],[-97.65905,30.35988],[-97.65866,30.36051],[-97.65806,30.36149],[-97.65778,30.36194],[-97.65745,30.36249],[-97.65725,30.36281],[-97.65711,30.36304],[-97.65698,30.36324],[-97.65677,30.3636],[-97.65672,30.36367],[-97.65666,30.36378],[-97.65653,30.36398],[-97.65619,30.3644],[-97.65605,30.3643],[-97.65597,30.36414],[-97.65587,30.364],[-97.65578,30.36382],[-97.65577,30.36379],[-97.65569,30.36362],[-97.65566,30.36354],[-97.65562,30.36336],[-97.6555,30.3631],[-97.65546,30.36297],[-97.65548,30.36283],[-97.65553,30.36268],[-97.65553,30.36254],[-97.65559,30.36234],[-97.65569,30.36187],[-97.65579,30.36161],[-97.65576,30.36144],[-97.65575,30.36122],[-97.65575,30.36082],[-97.6556,30.36004],[-97.65568,30.35991],[-97.65573,30.35982],[-97.65576,30.35978],[-97.65587,30.35961],[-97.65614,30.3592],[-97.65627,30.35899],[-97.65625,30.35893],[-97.65622,30.35872],[-97.65606,30.35849],[-97.65599,30.35843],[-97.65588,30.35839]]]]},"properties":{"name":"Northern Walnut Creek Greenbelt","address":"2611 Park Bend Dr., Austin, Texas 78758","park_type":"Greenbelt","asset_status":"Open","feature_kind":"park","source":"City of Austin PARD park boundaries","retrieved_at":"2026-09-29T00:26:17.696044+00:00","access_claim":"none"}},{"type":"Feature","id":"coa-park/None","geometry":{"type":"Polygon","coordinates":[[[-97.7483,30.30715],[-97.7479,30.30706],[-97.74727,30.30691],[-97.74725,30.30667],[-97.74721,30.30641],[-97.74719,30.30627],[-97.74716,30.30614],[-97.74714,30.30602],[-97.74714,30.30589],[-97.74716,30.30573],[-97.74725,30.30565],[-97.74735,30.30554],[-97.74752,30.30544],[-97.74767,30.30532],[-97.74776,30.30523],[-97.74784,30.30517],[-97.74798,30.30523],[-97.74808,30.30515],[-97.74814,30.3051],[-97.7482,30.30507],[-97.74825,30.30503],[-97.74833,30.30496],[-97.74843,30.30489],[-97.74857,30.30476],[-97.74869,30.30482],[-97.74879,30.30486],[-97.74883,30.30488],[-97.74877,30.30496],[-97.74871,30.30504],[-97.74866,30.30509],[-97.74851,30.30524],[-97.74847,30.30532],[-97.7484,30.30539],[-97.74806,30.30571],[-97.7479,30.30584],[-97.74786,30.3059],[-97.74781,30.30638],[-97.7481,30.3068],[-97.74831,30.30713],[-97.7483,30.30715]]]},"properties":{"name":"Seiders Springs at Shoal Creek Greenbelt","address":"1380 W 34th St., Austin, Texas 78731","park_type":"Greenbelt","asset_status":"Open","feature_kind":"park","source":"City of Austin PARD park boundaries","retrieved_at":"2026-09-29T00:26:17.696044+00:00","access_claim":"none"}},{"type":"Feature","id":"coa-park/None","geometry":{"type":"MultiPolygon","coordinates":[[[[-97.75111,30.27782],[-97.75118,30.27765],[-97.75124,30.27778],[-97.7513,30.27793],[-97.75103,30.27801],[-97.75104,30.27797],[-97.75106,30.27795],[-97.75107,30.27792],[-97.75108,30.27789],[-97.75111,30.27782]]],[[[-97.74514,30.32126],[-97.74514,30.32116],[-97.74538,30.32119],[-97.74533,30.32148],[-97.74536,30.32167],[-97.7454,30.32188],[-97.7453,30.32194],[-97.74523,30.3218],[-97.7452,30.32161],[-97.74517,30.32143],[-97.74514,30.32126]]],[[[-97.74935,30.31872],[-97.74887,30.31853],[-97.74861,30.31854],[-97.7485,30.3185],[-97.74865,30.31819],[-97.74921,30.31845],[-97.74945,30.31857],[-97.74945,30.31883],[-97.74935,30.31872]]],[[[-97.75152,30.27375],[-97.75149,30.27371],[-97.75162,30.27374],[-97.75172,30.27376],[-97.75176,30.27379],[-97.75184,30.27382],[-97.75196,30.27384],[-97.7521,30.27391],[-97.75216,30.27401],[-97.75218,30.2741],[-97.7521,30.2743],[-97.75209,30.27431],[-97.75208,30.27433],[-97.75207,30.27435],[-97.75196,30.27447],[-97.75194,30.2745],[-97.75183,30.27475],[-97.75173,30.27472],[-97.75159,30.27468],[-97.75172,30.27458],[-97.75177,30.27453],[-97.7519,30.2744],[-97.75183,30.27438],[-97.75198,30.27419],[-97.75192,30.27398],[-97.75164,30.2739],[-97.7516,30.27385],[-97.75152,30.27375]]],[[[-97.7473,30.29179],[-97.74739,30.29179],[-97.74736,30.29211],[-97.74735,30.29222],[-97.74729,30.29226],[-97.74652,30.29221],[-97.7467,30.29204],[-97.74689,30.29197],[-97.74692,30.29191],[-97.74704,30.29191],[-97.7473,30.29179]]],[[[-97.75149,30.27044],[-97.75146,30.27043],[-97.75146,30.27043],[-97.75122,30.27034],[-97.7513,30.27019],[-97.75134,30.2702],[-97.75136,30.27015],[-97.75139,30.27007],[-97.75143,30.26997],[-97.75144,30.26994],[-97.75161,30.26993],[-97.75181,30.2698],[-97.75187,30.26976],[-97.75194,30.26973],[-97.75205,30.26968],[-97.75208,30.26966],[-97.7521,30.26964],[-97.75228,30.26968],[-97.75237,30.26969],[-97.75224,30.26976],[-97.75198,30.2699],[-97.75195,30.26991],[-97.75188,30.26995],[-97.75179,30.27],[-97.75184,30.27002],[-97.7517,30.27014],[-97.75167,30.27018],[-97.75156,30.27031],[-97.75149,30.27044]]],[[[-97.75027,30.27722],[-97.75007,30.27657],[-97.7503,30.27664],[-97.75057,30.2774],[-97.75051,30.27754],[-97.75062,30.27768],[-97.75071,30.2778],[-97.7508,30.27792],[-97.75079,30.27796],[-97.75078,30.27799],[-97.75077,30.27802],[-97.75076,30.27805],[-97.75075,30.27807],[-97.75074,30.2781],[-97.75073,30.27813],[-97.75072,30.27816],[-97.75071,30.27819],[-97.75067,30.27814],[-97.75064,30.27809],[-97.75063,30.27806],[-97.75061,30.27804],[-97.7506,30.27801],[-97.75058,30.27799],[-97.75057,30.27796],[-97.75055,30.27794],[-97.75054,30.27791],[-97.75052,30.27789],[-97.75051,30.27786],[-97.7505,30.27784],[-97.75049,30.27782],[-97.75047,30.27779],[-97.75046,30.27776],[-97.75045,30.27774],[-97.75044,30.27771],[-97.75043,30.27768],[-97.75042,30.27766],[-97.75041,30.27763],[-97.7504,30.2776],[-97.75039,30.27758],[-97.75038,30.27755],[-97.75037,30.27752],[-97.75036,30.2775],[-97.75035,30.27747],[-97.75034,30.27744],[-97.75033,30.27742],[-97.75027,30.27722]]],[[[-97.7514,30.28993],[-97.75144,30.28979],[-97.75194,30.28983],[-97.75195,30.28984],[-97.75196,30.28985],[-97.75195,30.28986],[-97.75194,30.28988],[-97.75192,30.2899],[-97.7519,30.28993],[-97.75188,30.28995],[-97.75187,30.28997],[-97.75185,30.29],[-97.75183,30.29002],[-97.75181,30.29004],[-97.7518,30.29007],[-97.75178,30.29009],[-97.75176,30.29012],[-97.75174,30.29014],[-97.75173,30.29016],[-97.75171,30.29019],[-97.75169,30.29021],[-97.75167,30.29023],[-97.75165,30.29026],[-97.75164,30.29028],[-97.75162,30.2903],[-97.7516,30.29033],[-97.75158,30.29035],[-97.75156,30.29037],[-97.75154,30.2904],[-97.75153,30.29042],[-97.75151,30.29044],[-97.75149,30.29046],[-97.75147,30.29049],[-97.75145,30.29051],[-97.75143,30.29053],[-97.75141,30.29056],[-97.7514,30.29058],[-97.75138,30.2906],[-97.75136,30.29063],[-97.75134,30.29065],[-97.75132,30.29067],[-97.7513,30.29069],[-97.75128,30.29072],[-97.75126,30.29074],[-97.75125,30.29076],[-97.75123,30.29078],[-97.75121,30.29081],[-97.75119,30.29083],[-97.75117,30.29085],[-97.75115,30.29087],[-97.75109,30.29086],[-97.75099,30.29082],[-97.75104,30.29073],[-97.75112,30.2906],[-97.7512,30.29046],[-97.75124,30.29038],[-97.75126,30.29033],[-97.75131,30.2902],[-97.75135,30.29006],[-97.7514,30.28993]]],[[[-97.75163,30.26869],[-97.75136,30.26867],[-97.75132,30.26867],[-97.75139,30.26847],[-97.75155,30.26849],[-97.75174,30.2685],[-97.75192,30.26851],[-97.75193,30.26851],[-97.75194,30.26851],[-97.75195,30.26851],[-97.75197,30.26851],[-97.75198,30.26851],[-97.75199,30.26851],[-97.75204,30.26853],[-97.7524,30.26863],[-97.75259,30.26868],[-97.7526,30.26868],[-97.75261,30.26868],[-97.75262,30.26868],[-97.75263,30.26869],[-97.75264,30.2687],[-97.75265,30.2687],[-97.75261,30.26876],[-97.75264,30.26884],[-97.75263,30.26898],[-97.75264,30.26903],[-97.75265,30.26908],[-97.75266,30.26914],[-97.75266,30.2692],[-97.75269,30.26939],[-97.75266,30.26951],[-97.75236,30.26946],[-97.75241,30.26937],[-97.7525,30.26921],[-97.75251,30.26918],[-97.75253,30.26899],[-97.75239,30.26896],[-97.7524,30.26892],[-97.75237,30.26891],[-97.75238,30.26887],[-97.75229,30.26875],[-97.75217,30.26871],[-97.75202,30.2687],[-97.75163,30.26869]]],[[[-97.75098,30.27816],[-97.75099,30.27813],[-97.75102,30.27818],[-97.75112,30.2783],[-97.75111,30.27851],[-97.7511,30.2787],[-97.75108,30.27901],[-97.75107,30.27909],[-97.75106,30.27923],[-97.75105,30.27936],[-97.75105,30.2795],[-97.75104,30.27963],[-97.75103,30.27977],[-97.75101,30.27989],[-97.75094,30.27989],[-97.75076,30.27987],[-97.75077,30.27984],[-97.75077,30.27982],[-97.75078,30.27979],[-97.75078,30.27976],[-97.75079,30.27973],[-97.75079,30.27971],[-97.7508,30.27968],[-97.7508,30.27965],[-97.7508,30.27962],[-97.75081,30.27959],[-97.75081,30.27957],[-97.75081,30.27954],[-97.75082,30.27951],[-97.75082,30.27948],[-97.75082,30.27945],[-97.75082,30.27943],[-97.75082,30.2794],[-97.75083,30.27937],[-97.75083,30.27934],[-97.75083,30.27931],[-97.75083,30.27928],[-97.75083,30.27926],[-97.75083,30.27923],[-97.75083,30.2792],[-97.75083,30.27918],[-97.75083,30.27917],[-97.75083,30.27914],[-97.75083,30.27912],[-97.75083,30.27909],[-97.75083,30.27906],[-97.75083,30.27903],[-97.75083,30.279],[-97.75083,30.27897],[-97.75084,30.27894],[-97.75084,30.27891],[-97.75084,30.27888],[-97.75084,30.27885],[-97.75084,30.27882],[-97.75085,30.27879],[-97.75085,30.27876],[-97.75085,30.27874],[-97.75086,30.27871],[-97.75086,30.27868],[-97.75086,30.27865],[-97.75087,30.27862],[-97.75087,30.2786],[-97.75088,30.27857],[-97.75088,30.27854],[-97.75089,30.27851],[-97.75089,30.27849],[-97.7509,30.27846],[-97.7509,30.27843],[-97.75091,30.2784],[-97.75092,30.27838],[-97.75092,30.27835],[-97.75093,30.27832],[-97.75094,30.2783],[-97.75095,30.27827],[-97.75095,30.27824],[-97.75096,30.27821],[-97.75097,30.27819],[-97.75098,30.27816]]],[[[-97.7457,30.34505],[-97.74603,30.34523],[-97.74601,30.34531],[-97.74597,30.34552],[-97.74597,30.34553],[-97.74596,30.34558],[-97.74589,30.34571],[-97.7458,30.34588],[-97.74576,30.34589],[-97.74573,30.3459],[-97.74553,30.34596],[-97.74522,30.34605],[-97.74519,30.34594],[-97.7452,30.34583],[-97.74524,30.34573],[-97.74535,30.34561],[-97.74539,30.34555],[-97.74543,30.34549],[-97.74547,30.34542],[-97.74548,30.3454],[-97.74549,30.34538],[-97.7455,30.34537],[-97.74553,30.34528],[-97.74556,30.34519],[-97.74558,30.3451],[-97.74558,30.3451],[-97.74558,30.34509],[-97.74558,30.34508],[-97.74558,30.34508],[-97.74559,30.34507],[-97.74559,30.34507],[-97.74559,30.34506],[-97.7456,30.34506],[-97.7456,30.34506],[-97.74561,30.34505],[-97.74562,30.34505],[-97.74562,30.34505],[-97.74563,30.34504],[-97.74564,30.34504],[-97.74564,30.34504],[-97.74565,30.34504],[-97.74566,30.34504],[-97.74566,30.34504],[-97.74567,30.34504],[-97.74568,30.34504],[-97.74568,30.34504],[-97.74569,30.34504],[-97.7457,30.34505]]],[[[-97.74537,30.32207],[-97.74546,30.322],[-97.74558,30.32222],[-97.74568,30.32238],[-97.74577,30.32254],[-97.74587,30.3227],[-97.74592,30.32287],[-97.74598,30.32304],[-97.74603,30.32322],[-97.74609,30.32338],[-97.74611,30.32345],[-97.74607,30.32352],[-97.74596,30.3237],[-97.74592,30.32376],[-97.74592,30.32388],[-97.74592,30.32406],[-97.74592,30.32424],[-97.74592,30.32436],[-97.74593,30.32443],[-97.74595,30.32461],[-97.74598,30.32478],[-97.74599,30.32484],[-97.746,30.32496],[-97.74602,30.32514],[-97.74603,30.32531],[-97.74605,30.32549],[-97.74603,30.32567],[-97.74599,30.32599],[-97.74587,30.32577],[-97.74585,30.32543],[-97.74585,30.3253],[-97.74582,30.32503],[-97.74579,30.32476],[-97.74578,30.32463],[-97.74579,30.32448],[-97.7458,30.3242],[-97.74582,30.32393],[-97.74582,30.3238],[-97.74585,30.32365],[-97.7459,30.32337],[-97.74593,30.32321],[-97.74588,30.3231],[-97.74574,30.32283],[-97.74561,30.32256],[-97.74537,30.32207]]],[[[-97.74893,30.2914],[-97.74913,30.29131],[-97.74909,30.29169],[-97.74908,30.29176],[-97.74829,30.29192],[-97.74791,30.292],[-97.74778,30.29204],[-97.74754,30.29212],[-97.74758,30.29162],[-97.74768,30.29161],[-97.74791,30.2916],[-97.74794,30.2916],[-97.74803,30.2916],[-97.74811,30.29159],[-97.74815,30.29159],[-97.7482,30.29157],[-97.74828,30.29156],[-97.74836,30.29154],[-97.74844,30.29152],[-97.74853,30.2915],[-97.74861,30.29148],[-97.74869,30.29146],[-97.74877,30.29144],[-97.74879,30.29143],[-97.74893,30.2914]]],[[[-97.75073,30.27552],[-97.75069,30.2755],[-97.75072,30.27546],[-97.75082,30.27551],[-97.7509,30.27542],[-97.75091,30.2754],[-97.75092,30.27538],[-97.75094,30.27536],[-97.75095,30.27534],[-97.75096,30.27532],[-97.75098,30.27529],[-97.75099,30.27528],[-97.75099,30.27527],[-97.751,30.27524],[-97.75102,30.27522],[-97.75104,30.27519],[-97.75105,30.27517],[-97.75106,30.27514],[-97.75108,30.27511],[-97.75108,30.2751],[-97.75109,30.27509],[-97.75111,30.27505],[-97.75113,30.27501],[-97.75114,30.27498],[-97.75115,30.27496],[-97.75116,30.27493],[-97.75118,30.2749],[-97.75119,30.27488],[-97.7512,30.27485],[-97.75121,30.27482],[-97.75122,30.2748],[-97.75123,30.27477],[-97.75124,30.27474],[-97.75157,30.27487],[-97.75143,30.27507],[-97.75139,30.27522],[-97.75138,30.27526],[-97.75133,30.27544],[-97.75122,30.27565],[-97.75112,30.27579],[-97.75103,30.27588],[-97.75078,30.27605],[-97.75071,30.2761],[-97.75053,30.2762],[-97.75047,30.27624],[-97.75034,30.27635],[-97.75028,30.27643],[-97.75004,30.27636],[-97.75005,30.27634],[-97.75006,30.27631],[-97.75008,30.27629],[-97.75009,30.27626],[-97.75011,30.27624],[-97.75013,30.27621],[-97.75015,30.27619],[-97.75018,30.27617],[-97.7502,30.27615],[-97.75023,30.27614],[-97.75029,30.2761],[-97.75042,30.27601],[-97.75061,30.27588],[-97.75069,30.27582],[-97.75074,30.27578],[-97.75077,30.27574],[-97.75078,30.27571],[-97.75078,30.27567],[-97.75077,30.27561],[-97.75076,30.27557],[-97.75073,30.27552]]],[[[-97.75114,30.27075],[-97.7512,30.2706],[-97.75137,30.27067],[-97.7513,30.2708],[-97.75124,30.27092],[-97.75118,30.27105],[-97.75111,30.27118],[-97.75105,30.2713],[-97.75098,30.27143],[-97.75092,30.27155],[-97.75101,30.27174],[-97.75129,30.27185],[-97.7512,30.27203],[-97.75129,30.27216],[-97.7513,30.27217],[-97.75132,30.27221],[-97.7514,30.27239],[-97.75154,30.2726],[-97.75154,30.27274],[-97.75156,30.27291],[-97.7516,30.27328],[-97.75161,30.27345],[-97.75138,30.27347],[-97.75134,30.27331],[-97.75132,30.27321],[-97.75131,30.27309],[-97.75129,30.27289],[-97.75127,30.2727],[-97.75127,30.2725],[-97.75116,30.27229],[-97.75109,30.27215],[-97.75102,30.27201],[-97.75088,30.27183],[-97.75073,30.27164],[-97.7507,30.27146],[-97.75086,30.27125],[-97.75093,30.27112],[-97.75101,30.271],[-97.75109,30.27087],[-97.75114,30.27075]]],[[[-97.74831,30.32102],[-97.7483,30.32075],[-97.74798,30.32066],[-97.74769,30.32058],[-97.74739,30.32047],[-97.74709,30.32039],[-97.74675,30.32024],[-97.74617,30.32003],[-97.74607,30.32],[-97.74608,30.31988],[-97.7461,30.31988],[-97.74635,30.31994],[-97.74662,30.31996],[-97.74685,30.32005],[-97.74689,30.32006],[-97.74714,30.32012],[-97.74738,30.3202],[-97.74763,30.32027],[-97.74785,30.32038],[-97.74808,30.3205],[-97.74838,30.32057],[-97.74871,30.32059],[-97.74893,30.32061],[-97.74881,30.32095],[-97.74843,30.32082],[-97.74831,30.32102]]],[[[-97.74641,30.30021],[-97.74666,30.29982],[-97.74691,30.29943],[-97.74694,30.29938],[-97.74707,30.29918],[-97.74708,30.29916],[-97.7471,30.29913],[-97.74711,30.29911],[-97.74713,30.29909],[-97.74715,30.29906],[-97.74717,30.29904],[-97.74719,30.29902],[-97.74721,30.299],[-97.74724,30.29898],[-97.74726,30.29896],[-97.74728,30.29894],[-97.74731,30.29892],[-97.74733,30.29891],[-97.74736,30.29889],[-97.74739,30.29888],[-97.74741,30.29886],[-97.74744,30.29885],[-97.74747,30.29883],[-97.7475,30.29882],[-97.74753,30.29881],[-97.74756,30.2988],[-97.74759,30.29879],[-97.74762,30.29878],[-97.74765,30.29878],[-97.74768,30.29877],[-97.74771,30.29876],[-97.74775,30.29875],[-97.74778,30.29874],[-97.74781,30.29873],[-97.74784,30.29872],[-97.74787,30.29871],[-97.7479,30.2987],[-97.74793,30.29869],[-97.74796,30.29867],[-97.74799,30.29866],[-97.74802,30.29865],[-97.74805,30.29863],[-97.74808,30.29862],[-97.74811,30.2986],[-97.74813,30.29859],[-97.74816,30.29857],[-97.74819,30.29856],[-97.74822,30.29854],[-97.74824,30.29852],[-97.74827,30.29851],[-97.7483,30.2985],[-97.74833,30.29849],[-97.74836,30.29848],[-97.7484,30.29848],[-97.74843,30.29848],[-97.74846,30.29848],[-97.74849,30.29849],[-97.74852,30.29849],[-97.74855,30.2985],[-97.74858,30.29852],[-97.74861,30.29853],[-97.74863,30.29855],[-97.74866,30.29857],[-97.74868,30.29859],[-97.7487,30.29862],[-97.74876,30.2987],[-97.74891,30.2989],[-97.74896,30.29896],[-97.74882,30.29902],[-97.74847,30.29907],[-97.7482,30.29911],[-97.74779,30.29903],[-97.74762,30.29904],[-97.74742,30.29905],[-97.74733,30.29906],[-97.74721,30.29925],[-97.74692,30.2996],[-97.74696,30.29998],[-97.7469,30.29995],[-97.74684,30.29992],[-97.74685,30.29991],[-97.7467,30.29984],[-97.74646,30.30023],[-97.74641,30.30021]]],[[[-97.74777,30.30745],[-97.74776,30.30743],[-97.7482,30.30762],[-97.74827,30.30784],[-97.74839,30.30822],[-97.74844,30.30838],[-97.74858,30.30843],[-97.74886,30.30899],[-97.74887,30.30944],[-97.74878,30.30956],[-97.74892,30.30962],[-97.74889,30.30996],[-97.74886,30.31031],[-97.74901,30.31037],[-97.749,30.31043],[-97.74918,30.31051],[-97.74915,30.31063],[-97.74864,30.31055],[-97.74865,30.31052],[-97.74865,30.31049],[-97.74865,30.31046],[-97.74865,30.31043],[-97.74865,30.31041],[-97.74865,30.31038],[-97.74865,30.31035],[-97.74865,30.31032],[-97.74865,30.31029],[-97.74865,30.31027],[-97.74863,30.3102],[-97.74862,30.30984],[-97.74862,30.30971],[-97.74862,30.30949],[-97.74862,30.30943],[-97.74862,30.3094],[-97.74862,30.30938],[-97.74862,30.30935],[-97.74862,30.30932],[-97.74862,30.30929],[-97.74862,30.30926],[-97.74862,30.30924],[-97.74861,30.30921],[-97.74861,30.30918],[-97.74861,30.30915],[-97.74861,30.30913],[-97.7486,30.3091],[-97.7486,30.30907],[-97.74859,30.30904],[-97.74859,30.30902],[-97.74858,30.30899],[-97.74858,30.30896],[-97.74857,30.30893],[-97.74856,30.30891],[-97.74855,30.30888],[-97.74855,30.30885],[-97.74854,30.30883],[-97.74853,30.3088],[-97.74852,30.30877],[-97.74851,30.30875],[-97.7485,30.30872],[-97.74849,30.30869],[-97.74848,30.30867],[-97.74847,30.30864],[-97.74846,30.30861],[-97.74845,30.30859],[-97.74844,30.30856],[-97.74843,30.30854],[-97.74842,30.30851],[-97.7484,30.30849],[-97.74839,30.30846],[-97.74838,30.30844],[-97.74836,30.30841],[-97.74835,30.30839],[-97.74833,30.30836],[-97.74832,30.30834],[-97.74831,30.30833],[-97.7483,30.30831],[-97.74828,30.30829],[-97.74827,30.30827],[-97.74825,30.30824],[-97.74823,30.30822],[-97.74821,30.3082],[-97.74819,30.30818],[-97.74817,30.30816],[-97.74815,30.30814],[-97.74813,30.30812],[-97.74811,30.3081],[-97.74809,30.30808],[-97.74807,30.30805],[-97.74805,30.30803],[-97.74803,30.30801],[-97.74801,30.30799],[-97.74799,30.30797],[-97.74797,30.30794],[-97.74796,30.30792],[-97.74794,30.3079],[-97.74792,30.30787],[-97.74791,30.30785],[-97.74789,30.30782],[-97.74788,30.3078],[-97.74787,30.30777],[-97.74786,30.30775],[-97.74784,30.30772],[-97.74783,30.3077],[-97.74782,30.30767],[-97.74781,30.30764],[-97.7478,30.30762],[-97.7478,30.30759],[-97.74779,30.30756],[-97.74778,30.30754],[-97.74778,30.30751],[-97.74777,30.30748],[-97.74777,30.30745]]],[[[-97.74729,30.29446],[-97.74733,30.29406],[-97.74749,30.2943],[-97.74761,30.29449],[-97.74776,30.29473],[-97.74796,30.29503],[-97.74806,30.29518],[-97.74825,30.29548],[-97.74834,30.2956],[-97.74785,30.29557],[-97.7476,30.29556],[-97.74719,30.29554],[-97.7472,30.2954],[-97.74722,30.29527],[-97.74723,30.29513],[-97.74724,30.29499],[-97.74725,30.29485],[-97.74729,30.29446]]],[[[-97.74746,30.29242],[-97.74748,30.2924],[-97.74751,30.29238],[-97.74753,30.29237],[-97.74756,30.29235],[-97.74758,30.29233],[-97.74761,30.29232],[-97.74764,30.2923],[-97.74767,30.29229],[-97.7477,30.29228],[-97.74773,30.29227],[-97.74776,30.29226],[-97.74779,30.29225],[-97.74782,30.29224],[-97.74785,30.29223],[-97.74788,30.29222],[-97.74792,30.29222],[-97.74795,30.29221],[-97.74797,30.29221],[-97.74904,30.292],[-97.74975,30.29187],[-97.74975,30.29193],[-97.7496,30.29225],[-97.74956,30.29234],[-97.74955,30.29236],[-97.74953,30.29238],[-97.74952,30.2924],[-97.7495,30.29242],[-97.74948,30.29244],[-97.74946,30.29246],[-97.74944,30.29248],[-97.74942,30.29249],[-97.7494,30.2925],[-97.74937,30.29251],[-97.74935,30.29252],[-97.74932,30.29253],[-97.74885,30.29248],[-97.74842,30.29245],[-97.74827,30.29243],[-97.74824,30.29243],[-97.7482,30.29243],[-97.74817,30.29243],[-97.74814,30.29243],[-97.7481,30.29243],[-97.74807,30.29243],[-97.74804,30.29244],[-97.748,30.29245],[-97.74797,30.29246],[-97.74794,30.29247],[-97.74791,30.29248],[-97.74788,30.2925],[-97.74785,30.29251],[-97.74743,30.29268],[-97.74722,30.29276],[-97.74723,30.29273],[-97.74724,30.2927],[-97.74726,30.29268],[-97.74727,30.29265],[-97.74728,30.29263],[-97.7473,30.2926],[-97.74732,30.29258],[-97.74733,30.29255],[-97.74735,30.29253],[-97.74737,30.29251],[-97.74739,30.29249],[-97.74741,30.29246],[-97.74743,30.29244],[-97.74746,30.29242]]],[[[-97.7491,30.3108],[-97.74911,30.31074],[-97.74948,30.31091],[-97.74938,30.31106],[-97.74937,30.31109],[-97.74935,30.31111],[-97.74934,30.31114],[-97.74933,30.31116],[-97.74932,30.31119],[-97.74932,30.3112],[-97.74931,30.31122],[-97.74931,30.31124],[-97.7493,30.31127],[-97.7493,30.3113],[-97.74929,30.31132],[-97.74929,30.31135],[-97.74928,30.31152],[-97.74927,30.31169],[-97.74926,30.31185],[-97.74925,30.31201],[-97.74924,30.31218],[-97.74924,30.31234],[-97.74923,30.31249],[-97.74923,30.31251],[-97.74924,30.31268],[-97.74924,30.31284],[-97.74925,30.31301],[-97.74926,30.31317],[-97.74928,30.31359],[-97.74902,30.31353],[-97.74894,30.31342],[-97.74866,30.31302],[-97.74873,30.31234],[-97.74878,30.31226],[-97.74883,30.31218],[-97.74885,30.31216],[-97.74886,30.3121],[-97.74886,30.31203],[-97.74887,30.312],[-97.74887,30.31196],[-97.74888,30.31188],[-97.74889,30.31183],[-97.74889,30.31182],[-97.7489,30.31174],[-97.74891,30.31168],[-97.74891,30.31167],[-97.74891,30.31161],[-97.74892,30.31154],[-97.74893,30.3115],[-97.74893,30.31147],[-97.74894,30.31139],[-97.74895,30.31131],[-97.74895,30.31128],[-97.74897,30.31124],[-97.74899,30.31116],[-97.749,30.31112],[-97.74901,30.31109],[-97.74903,30.31102],[-97.74905,30.31095],[-97.74906,30.31091],[-97.74907,30.31087],[-97.7491,30.3108]]],[[[-97.74642,30.29273],[-97.74644,30.29247],[-97.74648,30.29247],[-97.7465,30.29227],[-97.74678,30.29229],[-97.74722,30.29232],[-97.7472,30.29234],[-97.74718,30.29236],[-97.74716,30.29238],[-97.74715,30.29241],[-97.74713,30.29243],[-97.74711,30.29245],[-97.74709,30.29248],[-97.74708,30.2925],[-97.74707,30.29251],[-97.74706,30.29252],[-97.74705,30.29255],[-97.74703,30.29257],[-97.74702,30.2926],[-97.74701,30.29262],[-97.747,30.29265],[-97.74699,30.29268],[-97.74698,30.2927],[-97.74697,30.29273],[-97.74696,30.29275],[-97.74695,30.29278],[-97.74694,30.29281],[-97.74693,30.29284],[-97.74693,30.29286],[-97.74692,30.29289],[-97.74692,30.29292],[-97.74692,30.29294],[-97.74691,30.29297],[-97.74691,30.293],[-97.74691,30.29301],[-97.74691,30.29303],[-97.74691,30.29306],[-97.74691,30.29308],[-97.74691,30.29311],[-97.74691,30.29314],[-97.74691,30.29317],[-97.74692,30.29319],[-97.74692,30.29322],[-97.74693,30.29325],[-97.74693,30.29328],[-97.74693,30.29329],[-97.74694,30.2933],[-97.74694,30.29333],[-97.74695,30.29336],[-97.74696,30.29338],[-97.74697,30.29341],[-97.74698,30.29344],[-97.74699,30.29346],[-97.747,30.29349],[-97.74702,30.29351],[-97.74702,30.29353],[-97.74704,30.29356],[-97.74706,30.29359],[-97.74707,30.29361],[-97.74709,30.29364],[-97.74712,30.29369],[-97.74717,30.29378],[-97.74716,30.29396],[-97.74714,30.29423],[-97.74712,30.2945],[-97.74688,30.29448],[-97.7464,30.29445],[-97.74642,30.29427],[-97.74643,30.29409],[-97.74645,30.29392],[-97.74647,30.29368],[-97.74648,30.29354],[-97.74648,30.2935],[-97.74649,30.2934],[-97.7465,30.29326],[-97.74637,30.29326],[-97.7464,30.29298],[-97.74642,30.29273]]],[[[-97.75018,30.2671],[-97.75076,30.26563],[-97.75098,30.26532],[-97.75112,30.26537],[-97.75094,30.2655],[-97.75083,30.26571],[-97.7508,30.26576],[-97.75078,30.26585],[-97.75077,30.26587],[-97.75074,30.26592],[-97.75076,30.26597],[-97.75079,30.266],[-97.75082,30.266],[-97.75088,30.26599],[-97.75094,30.26596],[-97.75099,30.26593],[-97.751,30.26587],[-97.75101,30.26582],[-97.75099,30.26578],[-97.75099,30.26574],[-97.75102,30.26568],[-97.75111,30.26554],[-97.75113,30.26546],[-97.75116,30.26538],[-97.75134,30.26543],[-97.75162,30.26553],[-97.75146,30.26593],[-97.75094,30.26639],[-97.75081,30.2666],[-97.75079,30.26682],[-97.75066,30.26729],[-97.75052,30.26764],[-97.75051,30.26769],[-97.7505,30.26787],[-97.7505,30.26792],[-97.75053,30.26797],[-97.7508,30.26813],[-97.75121,30.26826],[-97.75114,30.26846],[-97.75073,30.26834],[-97.75031,30.26822],[-97.75014,30.26795],[-97.75027,30.26761],[-97.75029,30.26756],[-97.75042,30.26722],[-97.75021,30.26716],[-97.75018,30.2671]]],[[[-97.74837,30.33281],[-97.74779,30.33253],[-97.74776,30.33252],[-97.74773,30.3325],[-97.74771,30.33249],[-97.74768,30.33247],[-97.74765,30.33246],[-97.74763,30.33244],[-97.7476,30.33243],[-97.74757,30.33241],[-97.74755,30.3324],[-97.74752,30.33238],[-97.7475,30.33236],[-97.74747,30.33234],[-97.74745,30.33233],[-97.74742,30.33231],[-97.7474,30.33229],[-97.74737,30.33227],[-97.74735,30.33225],[-97.74734,30.33224],[-97.74733,30.33223],[-97.7473,30.33221],[-97.74728,30.33219],[-97.74726,30.33217],[-97.74723,30.33215],[-97.74661,30.33158],[-97.74682,30.33128],[-97.74669,30.33113],[-97.74652,30.33139],[-97.74651,30.3314],[-97.74649,30.33141],[-97.74647,30.33142],[-97.74645,30.33142],[-97.74643,30.33141],[-97.74641,30.3314],[-97.74641,30.33139],[-97.74638,30.33137],[-97.74636,30.33135],[-97.74634,30.33132],[-97.74632,30.3313],[-97.7463,30.33128],[-97.74629,30.33126],[-97.74627,30.33123],[-97.74625,30.33121],[-97.74624,30.33118],[-97.74622,30.33116],[-97.74621,30.33113],[-97.74619,30.33111],[-97.74618,30.33108],[-97.74617,30.33106],[-97.74616,30.33103],[-97.74615,30.331],[-97.74614,30.33098],[-97.74613,30.33095],[-97.74612,30.33092],[-97.74611,30.3309],[-97.7461,30.33087],[-97.7461,30.33084],[-97.74609,30.33081],[-97.74609,30.33078],[-97.74608,30.33068],[-97.7464,30.33066],[-97.74636,30.33046],[-97.74682,30.32991],[-97.74693,30.3296],[-97.747,30.32939],[-97.74718,30.32948],[-97.74754,30.32965],[-97.74772,30.32974],[-97.74732,30.33039],[-97.74696,30.33099],[-97.74698,30.33101],[-97.74748,30.33157],[-97.74809,30.33224],[-97.74893,30.3327],[-97.74861,30.33265],[-97.74861,30.33265],[-97.74871,30.33273],[-97.74884,30.33282],[-97.74901,30.33301],[-97.74927,30.33344],[-97.74941,30.33374],[-97.74964,30.33423],[-97.74965,30.33436],[-97.74966,30.33442],[-97.74966,30.33442],[-97.74923,30.33443],[-97.74922,30.33424],[-97.74922,30.33421],[-97.74921,30.33419],[-97.74921,30.33416],[-97.7492,30.33413],[-97.7492,30.3341],[-97.7492,30.33407],[-97.74919,30.33405],[-97.74918,30.33402],[-97.74918,30.33399],[-97.74917,30.33396],[-97.74916,30.33394],[-97.74916,30.33391],[-97.74915,30.33388],[-97.74914,30.33385],[-97.74913,30.33383],[-97.74912,30.3338],[-97.74912,30.33377],[-97.7491,30.33373],[-97.74894,30.33339],[-97.74893,30.33336],[-97.74892,30.33333],[-97.7489,30.33331],[-97.74889,30.33328],[-97.74887,30.33326],[-97.74886,30.33324],[-97.74884,30.33321],[-97.74882,30.33319],[-97.74881,30.33317],[-97.74879,30.33314],[-97.74877,30.33312],[-97.74875,30.3331],[-97.74873,30.33308],[-97.74871,30.33306],[-97.74869,30.33304],[-97.74867,30.33302],[-97.74864,30.333],[-97.74862,30.33298],[-97.7486,30.33296],[-97.74857,30.33294],[-97.74855,30.33292],[-97.74852,30.3329],[-97.7485,30.33289],[-97.74847,30.33287],[-97.74845,30.33286],[-97.74842,30.33284],[-97.74839,30.33283],[-97.74837,30.33281]]],[[[-97.74879,30.30422],[-97.74887,30.30396],[-97.74893,30.30378],[-97.749,30.30353],[-97.74904,30.30342],[-97.74905,30.30339],[-97.74906,30.30336],[-97.74907,30.30334],[-97.74908,30.30331],[-97.74909,30.30329],[-97.7491,30.30326],[-97.74911,30.30323],[-97.74912,30.30321],[-97.74913,30.30318],[-97.74915,30.30315],[-97.74916,30.30313],[-97.74917,30.3031],[-97.74918,30.30308],[-97.7492,30.30305],[-97.74921,30.30303],[-97.74923,30.303],[-97.74924,30.30298],[-97.74925,30.30295],[-97.74928,30.3029],[-97.74929,30.30287],[-97.74929,30.30284],[-97.7493,30.30281],[-97.7493,30.30278],[-97.74931,30.30275],[-97.74931,30.30272],[-97.74931,30.30269],[-97.74931,30.30266],[-97.7493,30.30264],[-97.7493,30.30261],[-97.7493,30.30258],[-97.74929,30.30255],[-97.74929,30.30253],[-97.74928,30.3025],[-97.74927,30.30247],[-97.74927,30.30244],[-97.74926,30.30242],[-97.74925,30.30239],[-97.74924,30.30236],[-97.74923,30.30234],[-97.74922,30.30231],[-97.74921,30.30228],[-97.7492,30.30226],[-97.74919,30.30223],[-97.74917,30.30221],[-97.74916,30.30218],[-97.74914,30.30216],[-97.74913,30.30213],[-97.74912,30.30211],[-97.7491,30.30208],[-97.74908,30.30206],[-97.74907,30.30204],[-97.74905,30.30201],[-97.74903,30.30199],[-97.74901,30.30197],[-97.74899,30.30194],[-97.74898,30.30192],[-97.74896,30.3019],[-97.74889,30.30185],[-97.7493,30.30205],[-97.74935,30.30207],[-97.74973,30.30225],[-97.74987,30.30232],[-97.75011,30.30244],[-97.75019,30.30232],[-97.75057,30.30251],[-97.75072,30.30256],[-97.75041,30.30304],[-97.75054,30.3031],[-97.75078,30.30321],[-97.75089,30.30327],[-97.75083,30.30342],[-97.75076,30.30357],[-97.75069,30.30372],[-97.75063,30.30387],[-97.75056,30.30402],[-97.7505,30.30415],[-97.75001,30.30402],[-97.74997,30.30418],[-97.74985,30.30442],[-97.74974,30.30466],[-97.74956,30.30504],[-97.74955,30.30503],[-97.74953,30.30503],[-97.74952,30.30503],[-97.74951,30.30502],[-97.7495,30.30501],[-97.74949,30.305],[-97.74911,30.3048],[-97.74879,30.30463],[-97.74872,30.3046],[-97.74871,30.30459],[-97.7487,30.30457],[-97.74869,30.30455],[-97.74869,30.30454],[-97.74873,30.30443],[-97.74879,30.30422]]],[[[-97.74862,30.29268],[-97.74846,30.29261],[-97.74811,30.29264],[-97.74819,30.29256],[-97.74907,30.29262],[-97.74935,30.29264],[-97.74938,30.29263],[-97.74941,30.29262],[-97.74944,30.29261],[-97.74947,30.2926],[-97.74949,30.29258],[-97.74952,30.29257],[-97.74954,30.29255],[-97.74957,30.29253],[-97.74959,30.29251],[-97.74961,30.29249],[-97.74963,30.29246],[-97.74965,30.29244],[-97.74967,30.29242],[-97.74969,30.29239],[-97.74972,30.29233],[-97.74979,30.29216],[-97.74995,30.29183],[-97.7501,30.29181],[-97.75022,30.29179],[-97.75025,30.29178],[-97.75028,30.29178],[-97.75031,30.29177],[-97.75035,30.29177],[-97.75038,30.29176],[-97.75041,30.29175],[-97.75044,30.29174],[-97.75047,30.29173],[-97.7505,30.29172],[-97.75053,30.29171],[-97.75056,30.2917],[-97.75059,30.29169],[-97.75062,30.29167],[-97.75065,30.29166],[-97.75068,30.29164],[-97.7507,30.29163],[-97.75073,30.29161],[-97.75076,30.2916],[-97.75078,30.29158],[-97.75081,30.29156],[-97.75083,30.29154],[-97.75086,30.29152],[-97.75088,30.2915],[-97.7509,30.29148],[-97.75093,30.29146],[-97.75095,30.29144],[-97.75097,30.29142],[-97.75099,30.2914],[-97.751,30.29138],[-97.7511,30.29127],[-97.75119,30.29117],[-97.75121,30.29115],[-97.75123,30.29112],[-97.75125,30.2911],[-97.75127,30.29108],[-97.75129,30.29106],[-97.75131,30.29103],[-97.75133,30.29101],[-97.75135,30.29099],[-97.75136,30.29097],[-97.75138,30.29095],[-97.7514,30.29092],[-97.75142,30.2909],[-97.75144,30.29088],[-97.75146,30.29086],[-97.75148,30.29083],[-97.7515,30.29081],[-97.75152,30.29079],[-97.75154,30.29076],[-97.75155,30.29074],[-97.75157,30.29072],[-97.75159,30.2907],[-97.75161,30.29067],[-97.75163,30.29065],[-97.75165,30.29063],[-97.75167,30.29061],[-97.75169,30.29058],[-97.7517,30.29056],[-97.75172,30.29054],[-97.75174,30.29051],[-97.75176,30.29049],[-97.75178,30.29047],[-97.7518,30.29045],[-97.75182,30.29042],[-97.75183,30.2904],[-97.75185,30.29038],[-97.75187,30.29035],[-97.75189,30.29033],[-97.75191,30.29031],[-97.75193,30.29029],[-97.75194,30.29026],[-97.75196,30.29024],[-97.75198,30.29022],[-97.752,30.29019],[-97.75202,30.29017],[-97.75203,30.29015],[-97.75205,30.29012],[-97.75207,30.2901],[-97.75209,30.29008],[-97.7521,30.29005],[-97.75212,30.29003],[-97.75214,30.29001],[-97.75215,30.28998],[-97.75217,30.28996],[-97.75219,30.28994],[-97.7522,30.28991],[-97.75222,30.28989],[-97.75224,30.28987],[-97.75225,30.28984],[-97.75227,30.28982],[-97.75229,30.28979],[-97.7523,30.28977],[-97.75232,30.28974],[-97.75233,30.28972],[-97.75235,30.2897],[-97.75236,30.28967],[-97.75238,30.28965],[-97.75239,30.28962],[-97.75241,30.2896],[-97.75242,30.28957],[-97.75244,30.28955],[-97.75245,30.28952],[-97.75247,30.2895],[-97.75248,30.28947],[-97.7525,30.28945],[-97.75251,30.28942],[-97.75253,30.2894],[-97.75254,30.28937],[-97.75255,30.28935],[-97.75257,30.28932],[-97.75258,30.2893],[-97.75259,30.28927],[-97.75261,30.28925],[-97.75262,30.28922],[-97.75263,30.2892],[-97.75265,30.28917],[-97.75266,30.28915],[-97.75267,30.28912],[-97.75268,30.2891],[-97.7527,30.28907],[-97.75271,30.28905],[-97.75272,30.28902],[-97.75273,30.28899],[-97.75275,30.28897],[-97.75276,30.28894],[-97.75277,30.28892],[-97.75278,30.28889],[-97.75279,30.28886],[-97.7528,30.28884],[-97.75281,30.28881],[-97.75282,30.28879],[-97.75283,30.28876],[-97.75286,30.28871],[-97.75287,30.28868],[-97.75288,30.28867],[-97.75289,30.28866],[-97.7529,30.28865],[-97.75292,30.28864],[-97.75294,30.28864],[-97.75296,30.28864],[-97.75364,30.28885],[-97.75343,30.28919],[-97.75322,30.2895],[-97.75299,30.28987],[-97.75276,30.29022],[-97.75252,30.29058],[-97.75236,30.29084],[-97.75192,30.29152],[-97.75169,30.29189],[-97.75166,30.29193],[-97.75104,30.29232],[-97.75077,30.29273],[-97.75053,30.29275],[-97.75029,30.29281],[-97.75,30.2929],[-97.74965,30.29297],[-97.74952,30.293],[-97.74947,30.29301],[-97.74939,30.29298],[-97.74927,30.29294],[-97.74912,30.29289],[-97.74907,30.29287],[-97.74892,30.29281],[-97.74862,30.29268]]],[[[-97.74879,30.29585],[-97.74877,30.29583],[-97.74876,30.2958],[-97.74872,30.29575],[-97.74869,30.2957],[-97.74864,30.29562],[-97.74735,30.29364],[-97.74734,30.29362],[-97.74732,30.29359],[-97.74731,30.29356],[-97.7473,30.29354],[-97.74728,30.29351],[-97.74727,30.29349],[-97.74726,30.29346],[-97.74725,30.29343],[-97.74724,30.29341],[-97.74723,30.29338],[-97.74722,30.29335],[-97.74721,30.29333],[-97.74721,30.2933],[-97.7472,30.29327],[-97.74719,30.29324],[-97.74719,30.29322],[-97.74718,30.29319],[-97.74718,30.29316],[-97.74717,30.29313],[-97.74717,30.29311],[-97.74717,30.29308],[-97.74716,30.29305],[-97.74716,30.29302],[-97.74716,30.29299],[-97.74716,30.29297],[-97.74716,30.29294],[-97.74783,30.29268],[-97.74785,30.29268],[-97.74788,30.29268],[-97.74791,30.29269],[-97.74793,30.2927],[-97.74794,30.29272],[-97.74795,30.29275],[-97.74783,30.29284],[-97.74782,30.29307],[-97.74799,30.29341],[-97.748,30.29343],[-97.74803,30.29364],[-97.74805,30.29366],[-97.74815,30.29387],[-97.74822,30.29401],[-97.74828,30.29415],[-97.74841,30.29431],[-97.74855,30.29449],[-97.74863,30.29459],[-97.74889,30.29443],[-97.74896,30.29448],[-97.74904,30.29453],[-97.74911,30.29466],[-97.74923,30.29482],[-97.74936,30.29499],[-97.74939,30.29502],[-97.74947,30.29518],[-97.74953,30.29529],[-97.74954,30.29539],[-97.74957,30.29562],[-97.7496,30.29586],[-97.7498,30.29574],[-97.74993,30.29589],[-97.75006,30.29606],[-97.75007,30.29608],[-97.75012,30.29612],[-97.75005,30.29622],[-97.75002,30.29639],[-97.74999,30.29657],[-97.75003,30.29678],[-97.75019,30.29692],[-97.7502,30.29692],[-97.75029,30.29709],[-97.75031,30.29711],[-97.75037,30.29728],[-97.75043,30.2974],[-97.75046,30.29753],[-97.75047,30.29769],[-97.75044,30.29786],[-97.75042,30.29791],[-97.75033,30.29804],[-97.75032,30.29815],[-97.75021,30.29823],[-97.75015,30.29839],[-97.75002,30.29851],[-97.74989,30.29869],[-97.74981,30.29874],[-97.74977,30.29877],[-97.74965,30.29889],[-97.74944,30.29911],[-97.74941,30.29909],[-97.74939,30.29907],[-97.74936,30.29905],[-97.74934,30.29902],[-97.74932,30.299],[-97.7493,30.29898],[-97.74928,30.29895],[-97.74926,30.29893],[-97.74917,30.29882],[-97.749,30.29861],[-97.74888,30.29845],[-97.74886,30.29843],[-97.74884,30.29841],[-97.74883,30.29838],[-97.74881,30.29836],[-97.7488,30.29833],[-97.74878,30.2983],[-97.74877,30.29828],[-97.74876,30.29825],[-97.74876,30.29822],[-97.74875,30.29819],[-97.74875,30.29817],[-97.74874,30.29814],[-97.74874,30.29811],[-97.74874,30.29808],[-97.74875,30.29805],[-97.74875,30.29802],[-97.74876,30.298],[-97.74876,30.29797],[-97.74877,30.29794],[-97.74878,30.29792],[-97.74879,30.29789],[-97.74881,30.29786],[-97.74882,30.29784],[-97.74884,30.29781],[-97.74885,30.29779],[-97.74886,30.29776],[-97.74887,30.29773],[-97.74889,30.29771],[-97.7489,30.29768],[-97.74891,30.29765],[-97.74892,30.29763],[-97.74893,30.2976],[-97.74894,30.29757],[-97.74895,30.29755],[-97.74896,30.29752],[-97.74897,30.29749],[-97.74898,30.29747],[-97.74898,30.29744],[-97.74899,30.29741],[-97.749,30.29738],[-97.74901,30.29736],[-97.74901,30.29733],[-97.74902,30.2973],[-97.74903,30.29727],[-97.74903,30.29724],[-97.74904,30.29722],[-97.74904,30.29719],[-97.74905,30.29716],[-97.74905,30.29713],[-97.74906,30.29711],[-97.74906,30.29708],[-97.74906,30.29705],[-97.74907,30.29702],[-97.74907,30.297],[-97.74907,30.29697],[-97.74908,30.29694],[-97.74908,30.29691],[-97.74908,30.29689],[-97.74908,30.29686],[-97.74908,30.29683],[-97.74908,30.2968],[-97.74908,30.29678],[-97.74908,30.29675],[-97.74908,30.29672],[-97.74907,30.29669],[-97.74907,30.29666],[-97.74907,30.29664],[-97.74907,30.29661],[-97.74906,30.29658],[-97.74906,30.29655],[-97.74905,30.29653],[-97.74905,30.2965],[-97.74904,30.29647],[-97.74904,30.29645],[-97.74903,30.29642],[-97.74902,30.29639],[-97.74902,30.29636],[-97.74901,30.29634],[-97.749,30.29631],[-97.74899,30.29628],[-97.74898,30.29626],[-97.74898,30.29623],[-97.74897,30.2962],[-97.74896,30.29618],[-97.74895,30.29615],[-97.74893,30.29613],[-97.74892,30.2961],[-97.74891,30.29607],[-97.7489,30.29605],[-97.74889,30.29602],[-97.74887,30.296],[-97.74886,30.29597],[-97.74885,30.29595],[-97.74883,30.29592],[-97.74882,30.2959],[-97.74881,30.29588],[-97.7488,30.29587],[-97.74879,30.29585]]]]},"properties":{"name":"Shoal Creek Greenbelt","address":"2600 N Lamar Blvd., Austin, Texas 78705","park_type":"Greenbelt","asset_status":"Open","feature_kind":"park","source":"City of Austin PARD park boundaries","retrieved_at":"2026-09-29T00:26:17.696044+00:00","access_claim":"none"}},{"type":"Feature","id":"coa-park/None","geometry":{"type":"MultiPolygon","coordinates":[[[[-97.6662,30.26257],[-97.66601,30.26227],[-97.66646,30.2623],[-97.66682,30.26233],[-97.66769,30.26239],[-97.66848,30.26245],[-97.66843,30.2626],[-97.66842,30.26263],[-97.66841,30.26266],[-97.6684,30.26267],[-97.66839,30.26268],[-97.66838,30.26271],[-97.66836,30.26273],[-97.66834,30.26275],[-97.66832,30.26277],[-97.6683,30.2628],[-97.66828,30.26282],[-97.66825,30.26284],[-97.66823,30.26285],[-97.6682,30.26287],[-97.66818,30.26289],[-97.66815,30.2629],[-97.66812,30.26292],[-97.66809,30.26293],[-97.66806,30.26294],[-97.66803,30.26295],[-97.668,30.26296],[-97.66797,30.26297],[-97.66794,30.26298],[-97.66744,30.26304],[-97.66702,30.2631],[-97.66656,30.26317],[-97.6662,30.26257]]],[[[-97.66663,30.26329],[-97.66729,30.2632],[-97.66761,30.26316],[-97.66786,30.26312],[-97.66789,30.26312],[-97.66792,30.26312],[-97.66796,30.26311],[-97.66799,30.2631],[-97.66802,30.2631],[-97.66805,30.26309],[-97.66808,30.26308],[-97.66811,30.26307],[-97.66814,30.26306],[-97.66817,30.26305],[-97.66819,30.26303],[-97.66822,30.26302],[-97.66825,30.263],[-97.66828,30.26299],[-97.6683,30.26297],[-97.66833,30.26295],[-97.66835,30.26293],[-97.66837,30.26291],[-97.66839,30.26289],[-97.66842,30.26287],[-97.66844,30.26285],[-97.66846,30.26283],[-97.66847,30.26281],[-97.66849,30.26278],[-97.66851,30.26276],[-97.66852,30.26273],[-97.66854,30.26271],[-97.66855,30.26268],[-97.66863,30.26246],[-97.66991,30.26255],[-97.67098,30.26263],[-97.6714,30.26266],[-97.67138,30.26279],[-97.67124,30.2634],[-97.67112,30.26339],[-97.67089,30.26337],[-97.67059,30.26335],[-97.67035,30.26333],[-97.67019,30.26332],[-97.66985,30.2633],[-97.66959,30.26329],[-97.66919,30.26328],[-97.66886,30.26327],[-97.66839,30.26327],[-97.66812,30.26327],[-97.66797,30.26327],[-97.6673,30.26329],[-97.66694,30.26331],[-97.66666,30.26333],[-97.66663,30.26329]]],[[[-97.65621,30.28902],[-97.65622,30.28899],[-97.65622,30.28896],[-97.65622,30.28893],[-97.65623,30.28891],[-97.65623,30.28888],[-97.65623,30.28885],[-97.65624,30.28882],[-97.65624,30.2888],[-97.65624,30.28877],[-97.65624,30.28874],[-97.65625,30.28871],[-97.65625,30.28868],[-97.65625,30.28866],[-97.65625,30.28863],[-97.65626,30.2886],[-97.65626,30.28857],[-97.65626,30.28855],[-97.65626,30.28852],[-97.65626,30.28849],[-97.65626,30.28846],[-97.65627,30.28844],[-97.65627,30.28841],[-97.65627,30.28838],[-97.65627,30.28835],[-97.65627,30.28832],[-97.65627,30.2883],[-97.65627,30.28827],[-97.65627,30.28824],[-97.65628,30.28821],[-97.65628,30.28819],[-97.65628,30.28816],[-97.65628,30.28813],[-97.65628,30.2881],[-97.65628,30.28807],[-97.65628,30.28805],[-97.65628,30.28802],[-97.65628,30.28799],[-97.65628,30.28796],[-97.65628,30.28793],[-97.65628,30.28791],[-97.65628,30.28779],[-97.65628,30.28777],[-97.65627,30.28774],[-97.65627,30.28771],[-97.65627,30.28768],[-97.65627,30.28766],[-97.65627,30.28763],[-97.65627,30.2876],[-97.65627,30.28757],[-97.65627,30.28755],[-97.65626,30.28752],[-97.65626,30.28749],[-97.65626,30.28746],[-97.65626,30.28743],[-97.65626,30.28741],[-97.65625,30.28738],[-97.65625,30.28735],[-97.65625,30.28732],[-97.65625,30.2873],[-97.65624,30.28727],[-97.65624,30.28724],[-97.65624,30.28721],[-97.65624,30.28719],[-97.65623,30.28716],[-97.65623,30.28713],[-97.65623,30.2871],[-97.65622,30.28708],[-97.65622,30.28705],[-97.65622,30.28702],[-97.65621,30.28699],[-97.65621,30.28696],[-97.6562,30.28694],[-97.6562,30.28691],[-97.6562,30.28688],[-97.65619,30.28685],[-97.65619,30.28683],[-97.65618,30.2868],[-97.65618,30.28677],[-97.65595,30.28537],[-97.65584,30.28467],[-97.65582,30.28452],[-97.65579,30.28429],[-97.65577,30.28415],[-97.65575,30.28398],[-97.65598,30.28405],[-97.65616,30.28428],[-97.65625,30.28444],[-97.65632,30.28456],[-97.65645,30.28477],[-97.6568,30.28535],[-97.6568,30.28546],[-97.65682,30.2861],[-97.65683,30.28642],[-97.65693,30.28662],[-97.65713,30.287],[-97.65738,30.28725],[-97.65757,30.28744],[-97.65758,30.28757],[-97.65759,30.28776],[-97.65758,30.28787],[-97.65782,30.28748],[-97.65788,30.28767],[-97.65798,30.28797],[-97.65764,30.28807],[-97.65764,30.28859],[-97.65844,30.28897],[-97.65847,30.28898],[-97.65843,30.28905],[-97.65839,30.2891],[-97.65838,30.28913],[-97.65835,30.28917],[-97.65834,30.28922],[-97.65831,30.28921],[-97.6577,30.28905],[-97.65768,30.28928],[-97.65767,30.28952],[-97.65766,30.28966],[-97.65762,30.28975],[-97.65759,30.28983],[-97.65772,30.28995],[-97.65801,30.2901],[-97.65827,30.29023],[-97.65817,30.29039],[-97.65801,30.29064],[-97.65798,30.29069],[-97.65728,30.29036],[-97.65608,30.2898],[-97.6561,30.28971],[-97.65611,30.28967],[-97.65614,30.28946],[-97.65615,30.28943],[-97.65615,30.2894],[-97.65616,30.28938],[-97.65616,30.28935],[-97.65617,30.28932],[-97.65617,30.28929],[-97.65618,30.28927],[-97.65618,30.28924],[-97.65619,30.28921],[-97.65619,30.28918],[-97.65619,30.28916],[-97.6562,30.28913],[-97.6562,30.2891],[-97.65621,30.28907],[-97.65621,30.28904],[-97.65621,30.28902]]],[[[-97.6442,30.3274],[-97.64456,30.32436],[-97.64581,30.32391],[-97.64738,30.32337],[-97.64728,30.32406],[-97.6467,30.3247],[-97.64607,30.325],[-97.64596,30.32539],[-97.64603,30.3254],[-97.64609,30.32542],[-97.64615,30.32544],[-97.6462,30.32547],[-97.64625,30.32551],[-97.6463,30.32555],[-97.64634,30.32559],[-97.64637,30.32564],[-97.6464,30.32569],[-97.64642,30.32575],[-97.64646,30.32592],[-97.64634,30.32598],[-97.64591,30.32655],[-97.64591,30.32661],[-97.64584,30.32662],[-97.64577,30.32662],[-97.64571,30.32661],[-97.64564,30.3266],[-97.64558,30.32658],[-97.64552,30.32656],[-97.64546,30.32653],[-97.6454,30.32649],[-97.64536,30.32645],[-97.64531,30.32641],[-97.64528,30.32636],[-97.64503,30.32828],[-97.64509,30.32874],[-97.64487,30.32876],[-97.64419,30.32881],[-97.64419,30.32861],[-97.64419,30.32841],[-97.6442,30.32821],[-97.64422,30.32801],[-97.64424,30.32781],[-97.64428,30.32741],[-97.6442,30.3274]]],[[[-97.64713,30.3282],[-97.64731,30.32699],[-97.64813,30.32649],[-97.64861,30.32556],[-97.64838,30.32455],[-97.6482,30.324],[-97.64785,30.32356],[-97.64776,30.32324],[-97.64787,30.32321],[-97.64827,30.32309],[-97.64914,30.32287],[-97.65018,30.3228],[-97.65012,30.3229],[-97.65003,30.32326],[-97.65013,30.32332],[-97.64988,30.32386],[-97.64986,30.32431],[-97.65007,30.32465],[-97.64983,30.32539],[-97.6499,30.3258],[-97.64973,30.32602],[-97.64941,30.32614],[-97.64935,30.32621],[-97.64953,30.32689],[-97.6494,30.32715],[-97.64939,30.32734],[-97.64946,30.32745],[-97.64993,30.32782],[-97.64991,30.32792],[-97.64977,30.32799],[-97.64947,30.328],[-97.64925,30.32809],[-97.64909,30.32814],[-97.64889,30.32823],[-97.64877,30.32822],[-97.64872,30.32813],[-97.64886,30.3276],[-97.64866,30.32738],[-97.64835,30.32733],[-97.64808,30.32735],[-97.64795,30.32749],[-97.64806,30.32824],[-97.64813,30.32838],[-97.64803,30.32854],[-97.64772,30.32856],[-97.64722,30.32859],[-97.64713,30.3282]]],[[[-97.65454,30.28942],[-97.65453,30.28935],[-97.65451,30.28925],[-97.65442,30.28891],[-97.65428,30.28836],[-97.65409,30.28761],[-97.65403,30.2874],[-97.65394,30.28689],[-97.65384,30.28628],[-97.65378,30.28597],[-97.65377,30.28593],[-97.65375,30.28587],[-97.65372,30.28578],[-97.65368,30.28568],[-97.65363,30.28559],[-97.65358,30.28549],[-97.65352,30.28541],[-97.65346,30.28532],[-97.65339,30.28524],[-97.65334,30.28519],[-97.65332,30.28517],[-97.65324,30.28509],[-97.65289,30.28478],[-97.65289,30.28478],[-97.65285,30.28473],[-97.65281,30.28469],[-97.65278,30.28464],[-97.65277,30.28461],[-97.65276,30.28458],[-97.65266,30.28424],[-97.65264,30.28417],[-97.65263,30.2841],[-97.65263,30.28402],[-97.65263,30.28395],[-97.65264,30.2839],[-97.65265,30.28388],[-97.65267,30.28381],[-97.6527,30.28374],[-97.65274,30.28368],[-97.65307,30.28316],[-97.6532,30.28294],[-97.65382,30.28318],[-97.65403,30.28326],[-97.6544,30.28339],[-97.65487,30.28357],[-97.65543,30.28379],[-97.65543,30.28386],[-97.65543,30.28387],[-97.65545,30.28403],[-97.65547,30.2842],[-97.65549,30.28437],[-97.65551,30.28451],[-97.65552,30.28456],[-97.65561,30.28518],[-97.65562,30.28524],[-97.65564,30.28532],[-97.65575,30.28607],[-97.6558,30.28642],[-97.65586,30.2868],[-97.6559,30.28703],[-97.65591,30.28716],[-97.65593,30.28728],[-97.65594,30.28741],[-97.65595,30.28745],[-97.65596,30.28769],[-97.65597,30.28794],[-97.65597,30.28818],[-97.65596,30.28839],[-97.65595,30.28861],[-97.65593,30.28882],[-97.65592,30.28887],[-97.6559,30.289],[-97.65588,30.28913],[-97.65586,30.28926],[-97.65582,30.2895],[-97.65579,30.28964],[-97.65523,30.28938],[-97.65519,30.28944],[-97.65473,30.29018],[-97.65432,30.29085],[-97.65433,30.2908],[-97.65435,30.29074],[-97.65436,30.29068],[-97.65449,30.29009],[-97.6545,30.29004],[-97.65451,30.29],[-97.65453,30.28993],[-97.65454,30.28983],[-97.65455,30.28974],[-97.65456,30.28964],[-97.65455,30.28954],[-97.65455,30.28944],[-97.65454,30.28942]]],[[[-97.65305,30.30178],[-97.65326,30.30156],[-97.65341,30.30162],[-97.65354,30.30147],[-97.65367,30.30131],[-97.6538,30.30116],[-97.65387,30.30106],[-97.65394,30.30097],[-97.654,30.30087],[-97.65403,30.30082],[-97.6542,30.30055],[-97.65434,30.30027],[-97.65447,30.29999],[-97.6545,30.29993],[-97.65451,30.2999],[-97.65452,30.29987],[-97.65453,30.29985],[-97.65454,30.29982],[-97.65457,30.29974],[-97.6546,30.29966],[-97.65463,30.29958],[-97.65463,30.29956],[-97.65463,30.29955],[-97.65464,30.29954],[-97.65464,30.29954],[-97.65468,30.2994],[-97.65472,30.29926],[-97.65475,30.29912],[-97.65476,30.29905],[-97.65478,30.29896],[-97.6548,30.29887],[-97.65481,30.29878],[-97.65482,30.29873],[-97.65483,30.29868],[-97.65483,30.29863],[-97.65468,30.29861],[-97.65483,30.29783],[-97.65493,30.29728],[-97.65505,30.29662],[-97.65518,30.29587],[-97.65529,30.29528],[-97.65533,30.29507],[-97.65598,30.29538],[-97.65633,30.29556],[-97.65618,30.29638],[-97.65608,30.29696],[-97.65597,30.29757],[-97.65593,30.29775],[-97.65961,30.29952],[-97.65973,30.29987],[-97.65944,30.29999],[-97.65927,30.30027],[-97.65942,30.30078],[-97.65932,30.30089],[-97.65913,30.30098],[-97.65906,30.30101],[-97.65854,30.3018],[-97.65826,30.30222],[-97.65828,30.30266],[-97.6569,30.30287],[-97.65683,30.30288],[-97.65592,30.30302],[-97.65572,30.30305],[-97.65551,30.30306],[-97.65531,30.30306],[-97.65508,30.30304],[-97.65485,30.30301],[-97.65463,30.30296],[-97.65441,30.3029],[-97.6542,30.30282],[-97.65415,30.3028],[-97.65399,30.30273],[-97.65384,30.30266],[-97.65364,30.30256],[-97.65344,30.30246],[-97.65326,30.30238],[-97.65322,30.30236],[-97.6527,30.30214],[-97.65272,30.30212],[-97.65305,30.30178]]],[[[-97.63924,30.32365],[-97.63852,30.32282],[-97.63632,30.32468],[-97.63632,30.32468],[-97.63629,30.32465],[-97.63613,30.32451],[-97.63581,30.3242],[-97.63632,30.32339],[-97.63654,30.32304],[-97.63644,30.323],[-97.63655,30.32261],[-97.6365,30.32259],[-97.63693,30.32193],[-97.63715,30.3216],[-97.63729,30.32139],[-97.63744,30.32115],[-97.63762,30.32089],[-97.63774,30.32069],[-97.63789,30.32068],[-97.638,30.32073],[-97.63812,30.32075],[-97.63822,30.32076],[-97.63828,30.32076],[-97.63838,30.32073],[-97.63844,30.32069],[-97.6385,30.32064],[-97.63854,30.32059],[-97.63866,30.32039],[-97.63876,30.32023],[-97.63886,30.32008],[-97.63895,30.31994],[-97.63903,30.3198],[-97.63908,30.3197],[-97.63914,30.31953],[-97.63917,30.31948],[-97.63931,30.31936],[-97.63945,30.31916],[-97.63968,30.3188],[-97.63992,30.31852],[-97.64019,30.31815],[-97.64036,30.31795],[-97.64043,30.31789],[-97.64053,30.31782],[-97.6406,30.31776],[-97.64066,30.3177],[-97.64071,30.31761],[-97.64075,30.31753],[-97.64079,30.31743],[-97.64079,30.31739],[-97.64078,30.31735],[-97.64076,30.31732],[-97.64069,30.31725],[-97.64058,30.31703],[-97.64051,30.31692],[-97.64048,30.3166],[-97.64044,30.31643],[-97.64058,30.31601],[-97.64062,30.31552],[-97.64075,30.31513],[-97.64082,30.31474],[-97.64078,30.3144],[-97.64062,30.31431],[-97.64046,30.31413],[-97.64031,30.31389],[-97.64018,30.31352],[-97.64016,30.31339],[-97.6402,30.31283],[-97.64015,30.31258],[-97.6401,30.3125],[-97.64013,30.31249],[-97.64016,30.31249],[-97.64019,30.31248],[-97.64022,30.31247],[-97.64026,30.31247],[-97.64029,30.31246],[-97.64032,30.31245],[-97.64043,30.3124],[-97.64055,30.31234],[-97.64078,30.31223],[-97.64097,30.31214],[-97.64103,30.31212],[-97.64106,30.3121],[-97.64108,30.31209],[-97.64111,30.31208],[-97.64114,30.31206],[-97.64117,30.31205],[-97.64119,30.31203],[-97.64122,30.31202],[-97.64125,30.312],[-97.64128,30.31199],[-97.6413,30.31197],[-97.64131,30.31196],[-97.64145,30.31202],[-97.64185,30.31221],[-97.64214,30.31235],[-97.64238,30.31247],[-97.64257,30.31255],[-97.64276,30.31264],[-97.64309,30.3128],[-97.64336,30.31293],[-97.64379,30.31314],[-97.64399,30.31323],[-97.64438,30.31266],[-97.645,30.31173],[-97.64473,30.3116],[-97.64423,30.31039],[-97.64401,30.31003],[-97.644,30.30949],[-97.64428,30.3091],[-97.64509,30.30901],[-97.64544,30.30849],[-97.64535,30.30845],[-97.64553,30.30838],[-97.64569,30.30837],[-97.64584,30.30841],[-97.64599,30.30851],[-97.64609,30.30856],[-97.64643,30.30871],[-97.64681,30.3085],[-97.64688,30.30833],[-97.64693,30.3082],[-97.64699,30.30803],[-97.64674,30.30769],[-97.64659,30.30765],[-97.64628,30.30759],[-97.64646,30.30731],[-97.64607,30.30671],[-97.64596,30.30666],[-97.64603,30.30656],[-97.64616,30.30662],[-97.64649,30.30641],[-97.64663,30.30632],[-97.64682,30.30623],[-97.64718,30.30634],[-97.64754,30.30609],[-97.64767,30.3059],[-97.64779,30.30572],[-97.64769,30.3053],[-97.64923,30.30608],[-97.64883,30.30688],[-97.6485,30.30755],[-97.64825,30.30803],[-97.64787,30.30881],[-97.6475,30.30954],[-97.64757,30.30957],[-97.64718,30.31033],[-97.64675,30.3112],[-97.64637,30.31195],[-97.64619,30.31232],[-97.64614,30.31242],[-97.64608,30.31253],[-97.64604,30.31262],[-97.64599,30.31272],[-97.64593,30.31283],[-97.64588,30.31295],[-97.64583,30.31306],[-97.64578,30.31318],[-97.64574,30.31327],[-97.64571,30.31334],[-97.64567,30.31344],[-97.64564,30.31354],[-97.6456,30.31365],[-97.64557,30.31374],[-97.64555,30.31381],[-97.64551,30.31393],[-97.64549,30.314],[-97.64547,30.31407],[-97.64546,30.31412],[-97.64546,30.31423],[-97.64545,30.31449],[-97.64545,30.31458],[-97.64544,30.31465],[-97.64531,30.31572],[-97.64523,30.31637],[-97.64519,30.31671],[-97.64509,30.31753],[-97.64504,30.31793],[-97.64502,30.3181],[-97.64495,30.3187],[-97.64488,30.31925],[-97.64481,30.31985],[-97.64477,30.32018],[-97.64474,30.32041],[-97.64473,30.32053],[-97.64472,30.32059],[-97.6447,30.32077],[-97.64464,30.32121],[-97.64462,30.3214],[-97.64458,30.32179],[-97.64455,30.32203],[-97.64446,30.3228],[-97.64438,30.32344],[-97.64432,30.32394],[-97.6443,30.3241],[-97.6437,30.32431],[-97.64341,30.32441],[-97.64261,30.32468],[-97.64213,30.32484],[-97.64168,30.32499],[-97.6414,30.32508],[-97.64123,30.32514],[-97.64046,30.3254],[-97.64012,30.32551],[-97.63996,30.32557],[-97.63978,30.32563],[-97.63974,30.32557],[-97.63962,30.32545],[-97.63945,30.32528],[-97.63959,30.32509],[-97.63871,30.32429],[-97.63924,30.32365]]],[[[-97.64478,30.32275],[-97.64487,30.32202],[-97.64494,30.32138],[-97.64499,30.32096],[-97.64505,30.32046],[-97.64517,30.31952],[-97.64519,30.31935],[-97.6452,30.31928],[-97.64522,30.31912],[-97.64527,30.31869],[-97.64532,30.31823],[-97.6454,30.31749],[-97.64543,30.31725],[-97.64548,30.31683],[-97.64552,30.31648],[-97.64557,30.31599],[-97.6456,30.31579],[-97.64569,30.315],[-97.6457,30.31492],[-97.64577,30.31457],[-97.64577,30.31455],[-97.64577,30.31452],[-97.64578,30.31449],[-97.64578,30.31446],[-97.64579,30.31444],[-97.6458,30.31441],[-97.6458,30.31438],[-97.64581,30.31436],[-97.64581,30.31433],[-97.64582,30.3143],[-97.64582,30.31427],[-97.64583,30.31425],[-97.64584,30.31422],[-97.64584,30.31419],[-97.64585,30.31417],[-97.64586,30.31414],[-97.64586,30.31411],[-97.64587,30.31409],[-97.64588,30.31406],[-97.64588,30.31403],[-97.64589,30.314],[-97.6459,30.31398],[-97.64591,30.31395],[-97.64591,30.31392],[-97.64592,30.3139],[-97.64593,30.31387],[-97.64594,30.31384],[-97.64595,30.31382],[-97.64596,30.31379],[-97.64596,30.31376],[-97.64597,30.31374],[-97.64598,30.31371],[-97.64599,30.31368],[-97.646,30.31366],[-97.64601,30.31363],[-97.64602,30.3136],[-97.64603,30.31358],[-97.64604,30.31355],[-97.64605,30.31353],[-97.64606,30.3135],[-97.64607,30.31347],[-97.64608,30.31345],[-97.64609,30.31342],[-97.6461,30.3134],[-97.64611,30.31337],[-97.64612,30.31335],[-97.64613,30.31332],[-97.64614,30.31329],[-97.64615,30.31327],[-97.64616,30.31324],[-97.64618,30.31321],[-97.64619,30.31319],[-97.64622,30.31312],[-97.64631,30.31293],[-97.64673,30.31207],[-97.64687,30.31178],[-97.64704,30.31143],[-97.6473,30.31088],[-97.6479,30.30965],[-97.64797,30.3095],[-97.64873,30.30793],[-97.64949,30.30636],[-97.6498,30.30576],[-97.64998,30.30542],[-97.65041,30.3046],[-97.65051,30.3044],[-97.6506,30.30428],[-97.65079,30.30404],[-97.65106,30.30371],[-97.65121,30.30352],[-97.65123,30.3035],[-97.65125,30.30347],[-97.65127,30.30345],[-97.65129,30.30343],[-97.6513,30.3034],[-97.65132,30.30338],[-97.65134,30.30336],[-97.65136,30.30334],[-97.65138,30.30331],[-97.6514,30.30329],[-97.65142,30.30327],[-97.65143,30.30324],[-97.65145,30.30322],[-97.65147,30.3032],[-97.65149,30.30318],[-97.65151,30.30315],[-97.65153,30.30313],[-97.65155,30.30311],[-97.65157,30.30309],[-97.65159,30.30307],[-97.65161,30.30304],[-97.65163,30.30302],[-97.65165,30.303],[-97.65167,30.30298],[-97.65169,30.30295],[-97.65171,30.30293],[-97.65173,30.30291],[-97.65175,30.30289],[-97.65177,30.30287],[-97.65179,30.30284],[-97.65181,30.30282],[-97.65183,30.3028],[-97.65185,30.30278],[-97.65187,30.30276],[-97.65189,30.30274],[-97.65191,30.30271],[-97.65193,30.30269],[-97.65195,30.30267],[-97.65197,30.30265],[-97.65199,30.30263],[-97.65201,30.30261],[-97.65203,30.30258],[-97.65205,30.30256],[-97.65207,30.30254],[-97.65209,30.30252],[-97.65211,30.3025],[-97.65213,30.30248],[-97.65216,30.30246],[-97.65218,30.30244],[-97.6522,30.30242],[-97.65225,30.30236],[-97.65266,30.30253],[-97.65285,30.30261],[-97.65283,30.30262],[-97.65273,30.30264],[-97.65271,30.30264],[-97.65269,30.30266],[-97.65258,30.30273],[-97.65255,30.30276],[-97.65251,30.30277],[-97.65245,30.3028],[-97.65239,30.30282],[-97.65235,30.30282],[-97.65231,30.30283],[-97.65218,30.30283],[-97.65214,30.30284],[-97.65209,30.30285],[-97.65207,30.30286],[-97.65204,30.30287],[-97.65202,30.30289],[-97.65198,30.30291],[-97.65195,30.30294],[-97.65192,30.30298],[-97.6519,30.303],[-97.65189,30.30302],[-97.65187,30.30308],[-97.65185,30.30316],[-97.65184,30.30326],[-97.65181,30.30335],[-97.65178,30.3034],[-97.65162,30.3036],[-97.65153,30.30374],[-97.6515,30.30382],[-97.65149,30.30388],[-97.65215,30.3041],[-97.65257,30.30424],[-97.65257,30.30425],[-97.65252,30.30448],[-97.65248,30.30468],[-97.65243,30.30487],[-97.65239,30.30506],[-97.65235,30.30525],[-97.65231,30.30543],[-97.65229,30.30552],[-97.65228,30.30555],[-97.65227,30.30563],[-97.65226,30.30582],[-97.65234,30.30586],[-97.65241,30.30616],[-97.65239,30.3063],[-97.65258,30.30631],[-97.65259,30.30631],[-97.6526,30.30631],[-97.65261,30.30632],[-97.65261,30.30633],[-97.65262,30.30634],[-97.65262,30.30635],[-97.65262,30.30642],[-97.6526,30.30667],[-97.65252,30.30778],[-97.65252,30.30781],[-97.65251,30.30783],[-97.65251,30.30786],[-97.65251,30.30789],[-97.65251,30.30792],[-97.6525,30.30795],[-97.6525,30.30797],[-97.65249,30.308],[-97.65249,30.30803],[-97.65249,30.30806],[-97.65248,30.30809],[-97.65248,30.30811],[-97.65247,30.30814],[-97.65246,30.30817],[-97.65246,30.3082],[-97.65245,30.30823],[-97.65244,30.30825],[-97.65244,30.30828],[-97.65243,30.30831],[-97.65242,30.30834],[-97.65241,30.30836],[-97.65241,30.30839],[-97.65219,30.30829],[-97.65204,30.30821],[-97.6519,30.30841],[-97.65182,30.30853],[-97.65175,30.3086],[-97.65157,30.30877],[-97.65143,30.30891],[-97.65142,30.30896],[-97.65137,30.30919],[-97.65131,30.30945],[-97.65128,30.30961],[-97.65123,30.30966],[-97.65116,30.30972],[-97.65106,30.30982],[-97.6513,30.30994],[-97.65111,30.31024],[-97.65103,30.31036],[-97.65084,30.31066],[-97.65106,30.31077],[-97.65089,30.31103],[-97.65089,30.31104],[-97.65088,30.31105],[-97.65087,30.31105],[-97.65086,30.31105],[-97.65084,30.31105],[-97.65083,30.31105],[-97.65073,30.311],[-97.65065,30.31096],[-97.65057,30.31099],[-97.65048,30.31103],[-97.65076,30.31116],[-97.65076,30.31117],[-97.65077,30.31118],[-97.65078,30.31119],[-97.65078,30.3112],[-97.65078,30.31121],[-97.65077,30.31122],[-97.65074,30.31126],[-97.65067,30.31138],[-97.65056,30.31156],[-97.65045,30.31173],[-97.65033,30.31191],[-97.65022,30.31209],[-97.65034,30.31229],[-97.65066,30.31244],[-97.65098,30.3126],[-97.65112,30.31267],[-97.65144,30.31283],[-97.65176,30.31298],[-97.6519,30.31304],[-97.65221,30.31319],[-97.65215,30.31329],[-97.65213,30.31332],[-97.65209,30.31339],[-97.65204,30.31345],[-97.65202,30.31349],[-97.65196,30.31359],[-97.65195,30.31359],[-97.65189,30.31369],[-97.65186,30.31374],[-97.65183,30.31378],[-97.65178,30.31387],[-97.65178,30.31387],[-97.65176,30.31389],[-97.65166,30.31398],[-97.65154,30.3141],[-97.65137,30.31423],[-97.65139,30.31425],[-97.65141,30.31427],[-97.65143,30.3143],[-97.65145,30.31432],[-97.65145,30.31432],[-97.65147,30.31434],[-97.65147,30.31435],[-97.65149,30.31437],[-97.65149,30.31437],[-97.65136,30.31444],[-97.65123,30.3145],[-97.65113,30.31455],[-97.6512,30.31469],[-97.65123,30.31474],[-97.65127,30.31483],[-97.6513,30.31495],[-97.6513,30.31496],[-97.65132,30.31507],[-97.65133,30.31512],[-97.65133,30.31513],[-97.65134,30.31518],[-97.65135,30.31522],[-97.65136,30.31527],[-97.65136,30.3153],[-97.65139,30.31542],[-97.65141,30.31553],[-97.65158,30.31555],[-97.65159,30.31584],[-97.65159,30.31598],[-97.65172,30.31632],[-97.65187,30.31645],[-97.65188,30.31645],[-97.65207,30.31656],[-97.65224,30.31665],[-97.65239,30.31673],[-97.65242,30.31684],[-97.65245,30.31696],[-97.6525,30.31712],[-97.65255,30.31729],[-97.65297,30.3172],[-97.65298,30.31727],[-97.65257,30.31735],[-97.65261,30.31752],[-97.65266,30.31769],[-97.6527,30.31786],[-97.65275,30.31802],[-97.6524,30.31809],[-97.65203,30.31817],[-97.65207,30.31857],[-97.65211,30.319],[-97.65219,30.31968],[-97.65221,30.31985],[-97.65218,30.31987],[-97.65218,30.32006],[-97.65218,30.32035],[-97.65218,30.32046],[-97.65218,30.32053],[-97.65218,30.32077],[-97.65217,30.32097],[-97.65217,30.32113],[-97.65217,30.32135],[-97.65216,30.32156],[-97.65216,30.32223],[-97.65073,30.32235],[-97.65036,30.32238],[-97.64967,30.32244],[-97.64964,30.32245],[-97.64961,30.32245],[-97.64958,30.32245],[-97.64954,30.32246],[-97.64951,30.32246],[-97.64948,30.32246],[-97.64945,30.32247],[-97.64942,30.32247],[-97.64939,30.32247],[-97.64935,30.32248],[-97.64932,30.32248],[-97.64929,30.32249],[-97.64926,30.32249],[-97.64923,30.3225],[-97.6492,30.32251],[-97.64917,30.32251],[-97.64914,30.32252],[-97.64911,30.32252],[-97.64907,30.32253],[-97.64904,30.32254],[-97.64901,30.32254],[-97.64898,30.32255],[-97.64895,30.32256],[-97.64892,30.32257],[-97.64889,30.32257],[-97.64886,30.32258],[-97.64883,30.32259],[-97.64879,30.3226],[-97.64876,30.32261],[-97.64873,30.32262],[-97.6487,30.32263],[-97.64867,30.32264],[-97.64864,30.32265],[-97.6486,30.32266],[-97.64858,30.32267],[-97.64857,30.32268],[-97.64854,30.32269],[-97.64851,30.3227],[-97.64848,30.32271],[-97.6482,30.3228],[-97.64765,30.32299],[-97.64755,30.32302],[-97.64721,30.32313],[-97.64643,30.32339],[-97.64584,30.32359],[-97.64483,30.32393],[-97.64464,30.32399],[-97.64478,30.32275]]],[[[-97.65089,30.31937],[-97.65032,30.31893],[-97.64945,30.32026],[-97.64958,30.32033],[-97.64856,30.32188],[-97.64932,30.32226],[-97.64954,30.32203],[-97.64989,30.32166],[-97.65005,30.32164],[-97.65051,30.32137],[-97.6509,30.32072],[-97.65089,30.31937]]]]},"properties":{"name":"Southern Walnut Creek Greenbelt","address":"6013 Loyola Ln, Austin, Texas 78724","park_type":"Greenbelt","asset_status":"Open","feature_kind":"park","source":"City of Austin PARD park boundaries","retrieved_at":"2026-09-29T00:26:17.696044+00:00","access_claim":"none"}},{"type":"Feature","id":"coa-park/None","geometry":{"type":"Polygon","coordinates":[[[-97.79244,30.40872],[-97.79242,30.40869],[-97.7924,30.40867],[-97.79239,30.40864],[-97.79237,30.40862],[-97.79236,30.40859],[-97.79234,30.40857],[-97.79232,30.40854],[-97.7923,30.40852],[-97.79228,30.4085],[-97.79226,30.40848],[-97.79224,30.40845],[-97.79222,30.40843],[-97.7922,30.40841],[-97.79218,30.40839],[-97.79215,30.40837],[-97.79196,30.40821],[-97.79137,30.40772],[-97.79095,30.40742],[-97.79061,30.40714],[-97.79036,30.40693],[-97.78995,30.4066],[-97.7897,30.40616],[-97.78951,30.40584],[-97.78939,30.40574],[-97.78936,30.40572],[-97.78928,30.40565],[-97.78911,30.4055],[-97.78892,30.40534],[-97.78871,30.40516],[-97.78852,30.405],[-97.78836,30.40486],[-97.78834,30.40484],[-97.78832,30.40483],[-97.78829,30.40481],[-97.78827,30.40479],[-97.78824,30.40477],[-97.78822,30.40475],[-97.78819,30.40474],[-97.78817,30.40472],[-97.78814,30.4047],[-97.78812,30.40469],[-97.78809,30.40467],[-97.78806,30.40466],[-97.78804,30.40464],[-97.78801,30.40463],[-97.78798,30.40462],[-97.78795,30.4046],[-97.78792,30.40459],[-97.7879,30.40458],[-97.78787,30.40457],[-97.78784,30.40455],[-97.78781,30.40454],[-97.78778,30.40453],[-97.78775,30.40452],[-97.78772,30.40451],[-97.78769,30.4045],[-97.78758,30.40447],[-97.78728,30.40438],[-97.78721,30.40436],[-97.78754,30.40391],[-97.79073,30.40337],[-97.79095,30.40334],[-97.79259,30.40316],[-97.79276,30.40314],[-97.79317,30.40286],[-97.79339,30.40272],[-97.79357,30.40247],[-97.79441,30.40127],[-97.79567,30.40128],[-97.79721,30.4013],[-97.79549,30.404],[-97.79486,30.405],[-97.79356,30.40709],[-97.79351,30.40718],[-97.79304,30.40786],[-97.79254,30.40857],[-97.79244,30.40872]]]},"properties":{"name":"St. Edwards Greenbelt","address":"7301 Spicewood Springs Rd., Austin, Texas 78750","park_type":"Greenbelt","asset_status":"Open","feature_kind":"park","source":"City of Austin PARD park boundaries","retrieved_at":"2026-09-29T00:26:17.696044+00:00","access_claim":"none"}},{"type":"Feature","id":"coa-park/None","geometry":{"type":"MultiPolygon","coordinates":[[[[-97.78144,30.42813],[-97.78152,30.42795],[-97.78249,30.42812],[-97.7825,30.42813],[-97.78252,30.42813],[-97.78253,30.42813],[-97.78254,30.42813],[-97.78255,30.42814],[-97.78256,30.42814],[-97.78258,30.42814],[-97.78259,30.42815],[-97.7826,30.42815],[-97.78261,30.42815],[-97.78263,30.42816],[-97.78264,30.42816],[-97.78265,30.42816],[-97.78266,30.42817],[-97.78267,30.42817],[-97.78268,30.42818],[-97.7827,30.42818],[-97.78271,30.42819],[-97.78272,30.42819],[-97.78273,30.42819],[-97.78274,30.4282],[-97.78275,30.4282],[-97.78277,30.42821],[-97.78278,30.42821],[-97.78278,30.42822],[-97.78288,30.42827],[-97.78272,30.42842],[-97.78255,30.42858],[-97.78239,30.42874],[-97.78228,30.42885],[-97.78228,30.42885],[-97.78228,30.42884],[-97.78228,30.42884],[-97.78186,30.42864],[-97.78168,30.42855],[-97.78161,30.42843],[-97.78144,30.42813]]],[[[-97.77925,30.39157],[-97.77885,30.39142],[-97.77868,30.39163],[-97.77855,30.39142],[-97.77859,30.39131],[-97.77876,30.39106],[-97.77877,30.39105],[-97.77889,30.39094],[-97.77904,30.39083],[-97.77917,30.39078],[-97.77926,30.39069],[-97.77941,30.3906],[-97.77973,30.39075],[-97.78004,30.39089],[-97.78023,30.39099],[-97.781,30.39135],[-97.78135,30.39152],[-97.78108,30.39193],[-97.78091,30.3922],[-97.78056,30.39207],[-97.77971,30.39175],[-97.7796,30.3917],[-97.77925,30.39157]]],[[[-97.77836,30.39163],[-97.77843,30.39154],[-97.77846,30.3916],[-97.77847,30.39163],[-97.77849,30.39165],[-97.7785,30.39168],[-97.77851,30.39171],[-97.77851,30.39173],[-97.77852,30.39176],[-97.77852,30.39179],[-97.77852,30.39182],[-97.77852,30.39185],[-97.77851,30.39188],[-97.77851,30.3919],[-97.7785,30.39193],[-97.77848,30.39196],[-97.77847,30.39198],[-97.77842,30.39205],[-97.7783,30.39223],[-97.77818,30.39241],[-97.77809,30.39254],[-97.77807,30.39258],[-97.77801,30.39267],[-97.778,30.39271],[-97.77799,30.39272],[-97.77797,30.39275],[-97.77791,30.39287],[-97.77789,30.39289],[-97.77753,30.39367],[-97.77747,30.39381],[-97.77741,30.39397],[-97.77731,30.3942],[-97.77727,30.39438],[-97.77725,30.39445],[-97.77717,30.39472],[-97.77716,30.39478],[-97.77713,30.39491],[-97.7771,30.39502],[-97.77707,30.39513],[-97.77702,30.39531],[-97.77701,30.39534],[-97.77701,30.39537],[-97.777,30.3954],[-97.777,30.39543],[-97.777,30.39545],[-97.777,30.39548],[-97.77699,30.39551],[-97.77699,30.39554],[-97.77699,30.39557],[-97.777,30.3956],[-97.777,30.39562],[-97.777,30.39565],[-97.77701,30.39568],[-97.77701,30.39571],[-97.77702,30.39573],[-97.77702,30.39576],[-97.77703,30.39579],[-97.77704,30.39582],[-97.77705,30.39584],[-97.77706,30.39587],[-97.77707,30.39589],[-97.77708,30.39592],[-97.77709,30.39595],[-97.77711,30.39597],[-97.77712,30.396],[-97.77714,30.39602],[-97.77715,30.39605],[-97.77717,30.39607],[-97.77719,30.39609],[-97.7772,30.39612],[-97.77722,30.39614],[-97.77724,30.39616],[-97.77726,30.39618],[-97.77728,30.3962],[-97.77731,30.39622],[-97.77733,30.39625],[-97.77735,30.39626],[-97.77737,30.39628],[-97.7774,30.3963],[-97.77741,30.39631],[-97.77742,30.39632],[-97.77745,30.39634],[-97.77746,30.39634],[-97.77766,30.39648],[-97.7777,30.39651],[-97.7778,30.39657],[-97.77796,30.39669],[-97.77806,30.39676],[-97.77811,30.39679],[-97.77816,30.39683],[-97.77822,30.39686],[-97.77827,30.3969],[-97.77832,30.39693],[-97.77835,30.39695],[-97.77837,30.39697],[-97.7784,30.39698],[-97.77845,30.39702],[-97.77851,30.39705],[-97.77866,30.39711],[-97.77842,30.39716],[-97.77816,30.3971],[-97.77759,30.39697],[-97.7772,30.39689],[-97.77693,30.3967],[-97.77667,30.396],[-97.77658,30.39577],[-97.77662,30.39558],[-97.77665,30.39534],[-97.77665,30.39533],[-97.77666,30.39511],[-97.77666,30.39491],[-97.77666,30.39483],[-97.77667,30.39464],[-97.7767,30.39454],[-97.77674,30.39442],[-97.77674,30.3944],[-97.77678,30.39428],[-97.77679,30.39426],[-97.77681,30.39419],[-97.77682,30.39417],[-97.77683,30.39413],[-97.77687,30.394],[-97.77708,30.39361],[-97.77726,30.39327],[-97.77729,30.39322],[-97.77746,30.3929],[-97.77765,30.39259],[-97.77786,30.3923],[-97.77807,30.392],[-97.77836,30.39163]]],[[[-97.79291,30.40804],[-97.79351,30.40718],[-97.79353,30.40762],[-97.79356,30.40842],[-97.79358,30.40872],[-97.79359,30.409],[-97.79353,30.40961],[-97.79351,30.40978],[-97.79326,30.4102],[-97.79292,30.41078],[-97.79285,30.41145],[-97.7928,30.41198],[-97.79277,30.41227],[-97.79302,30.41278],[-97.79345,30.41343],[-97.7939,30.41384],[-97.79427,30.41418],[-97.7943,30.4142],[-97.79434,30.41424],[-97.79438,30.41427],[-97.7948,30.41461],[-97.795,30.41476],[-97.79522,30.41494],[-97.79553,30.41519],[-97.79564,30.41562],[-97.7955,30.41632],[-97.79532,30.41723],[-97.79515,30.41738],[-97.79516,30.41734],[-97.79518,30.4173],[-97.79519,30.41727],[-97.7952,30.41723],[-97.79521,30.41719],[-97.79522,30.41716],[-97.79525,30.41663],[-97.79525,30.4165],[-97.79525,30.41646],[-97.79527,30.41631],[-97.7953,30.41598],[-97.7953,30.41592],[-97.79531,30.41589],[-97.79531,30.41587],[-97.79531,30.41584],[-97.79531,30.4158],[-97.79531,30.41576],[-97.7953,30.41573],[-97.7953,30.41571],[-97.79529,30.41568],[-97.79529,30.41566],[-97.79528,30.41563],[-97.79528,30.4156],[-97.79526,30.41556],[-97.79525,30.41552],[-97.79524,30.4155],[-97.79521,30.41544],[-97.79516,30.41533],[-97.79514,30.41529],[-97.79513,30.41526],[-97.79511,30.41522],[-97.79508,30.41518],[-97.79506,30.41515],[-97.79503,30.41511],[-97.79501,30.41508],[-97.79499,30.41506],[-97.79497,30.41504],[-97.79493,30.415],[-97.7949,30.41498],[-97.7948,30.41489],[-97.79462,30.41474],[-97.79434,30.4145],[-97.79418,30.41436],[-97.79402,30.41422],[-97.79385,30.41408],[-97.79367,30.41392],[-97.79353,30.4138],[-97.79332,30.41362],[-97.79307,30.41341],[-97.79303,30.41337],[-97.79299,30.41333],[-97.79294,30.41329],[-97.79291,30.41325],[-97.79287,30.41321],[-97.79283,30.41316],[-97.7928,30.41312],[-97.79277,30.41308],[-97.79275,30.41305],[-97.79271,30.413],[-97.79267,30.41293],[-97.79265,30.41289],[-97.79262,30.41282],[-97.79259,30.41277],[-97.79257,30.41273],[-97.79256,30.4127],[-97.79254,30.41264],[-97.79253,30.41262],[-97.79252,30.41259],[-97.79251,30.41257],[-97.7925,30.41254],[-97.79249,30.41248],[-97.79248,30.41243],[-97.79246,30.41238],[-97.79246,30.41234],[-97.79245,30.41228],[-97.79243,30.41212],[-97.79239,30.41185],[-97.79236,30.41163],[-97.79234,30.41145],[-97.7923,30.41113],[-97.79224,30.41068],[-97.79223,30.41063],[-97.79223,30.41058],[-97.79223,30.41053],[-97.79223,30.41048],[-97.79224,30.41042],[-97.79225,30.41037],[-97.79226,30.41032],[-97.79227,30.41026],[-97.79229,30.41021],[-97.79231,30.41016],[-97.79234,30.41008],[-97.79235,30.41003],[-97.79237,30.40997],[-97.79238,30.40993],[-97.7924,30.40989],[-97.79241,30.40984],[-97.79243,30.40978],[-97.79245,30.4097],[-97.79247,30.4096],[-97.79248,30.40953],[-97.7925,30.40944],[-97.79251,30.4094],[-97.79251,30.40938],[-97.79251,30.40935],[-97.79252,30.40932],[-97.79252,30.40929],[-97.79252,30.40927],[-97.79253,30.40924],[-97.79253,30.40921],[-97.79253,30.40918],[-97.79253,30.40915],[-97.79253,30.40913],[-97.79253,30.4091],[-97.79253,30.40907],[-97.79253,30.40904],[-97.79253,30.40901],[-97.79253,30.40899],[-97.79252,30.40896],[-97.79252,30.40893],[-97.79251,30.4089],[-97.7925,30.40888],[-97.79249,30.40885],[-97.79248,30.40882],[-97.79247,30.4088],[-97.79246,30.40877],[-97.79245,30.40874],[-97.79244,30.40872],[-97.79291,30.40804]]],[[[-97.79245,30.4207],[-97.79281,30.4205],[-97.79293,30.42044],[-97.79292,30.42029],[-97.79292,30.42012],[-97.79291,30.41993],[-97.7929,30.41969],[-97.79288,30.41942],[-97.79287,30.41923],[-97.79286,30.41892],[-97.79285,30.41862],[-97.79283,30.4183],[-97.79283,30.41819],[-97.7928,30.41802],[-97.79273,30.41759],[-97.7927,30.4174],[-97.79261,30.41687],[-97.79258,30.4167],[-97.79374,30.41657],[-97.79497,30.41644],[-97.79492,30.41704],[-97.79494,30.41709],[-97.79496,30.41712],[-97.79499,30.41716],[-97.79498,30.41719],[-97.79498,30.41722],[-97.79498,30.41724],[-97.79497,30.41727],[-97.79497,30.4173],[-97.79496,30.41733],[-97.79495,30.41735],[-97.79495,30.41737],[-97.79494,30.41739],[-97.79492,30.41743],[-97.79491,30.41746],[-97.79489,30.41748],[-97.79488,30.4175],[-97.79487,30.41752],[-97.79485,30.41756],[-97.79482,30.41759],[-97.79478,30.41765],[-97.79473,30.41772],[-97.79465,30.41782],[-97.7946,30.41788],[-97.79457,30.41793],[-97.79451,30.41801],[-97.79449,30.41804],[-97.79447,30.41807],[-97.79443,30.41812],[-97.79438,30.41819],[-97.79434,30.41825],[-97.7943,30.41829],[-97.79429,30.41831],[-97.79426,30.41834],[-97.79424,30.41836],[-97.79422,30.41839],[-97.7942,30.41842],[-97.79418,30.41846],[-97.79416,30.41848],[-97.79415,30.4185],[-97.79413,30.41853],[-97.79412,30.41854],[-97.79411,30.41856],[-97.79409,30.41861],[-97.79407,30.41864],[-97.79404,30.4187],[-97.79402,30.41876],[-97.79401,30.41879],[-97.79399,30.41885],[-97.79398,30.41887],[-97.79397,30.41892],[-97.79396,30.41899],[-97.79393,30.41907],[-97.79391,30.41915],[-97.79386,30.41928],[-97.79359,30.41923],[-97.79337,30.41919],[-97.79332,30.41925],[-97.79326,30.41932],[-97.79307,30.41928],[-97.79294,30.41924],[-97.79295,30.41935],[-97.79297,30.41946],[-97.79326,30.41975],[-97.79344,30.4199],[-97.79354,30.41998],[-97.79368,30.42004],[-97.79363,30.42031],[-97.79359,30.42051],[-97.79358,30.42054],[-97.79358,30.42055],[-97.79357,30.42055],[-97.79353,30.4208],[-97.7935,30.42099],[-97.79348,30.42119],[-97.79347,30.42139],[-97.79348,30.42165],[-97.79349,30.4217],[-97.79349,30.42175],[-97.7935,30.4218],[-97.79356,30.42226],[-97.79356,30.42227],[-97.79356,30.42228],[-97.79356,30.42229],[-97.79356,30.42229],[-97.79355,30.4223],[-97.79355,30.42231],[-97.79355,30.42231],[-97.79354,30.42232],[-97.79352,30.42233],[-97.79345,30.42237],[-97.79337,30.42242],[-97.79332,30.42245],[-97.79326,30.42248],[-97.79316,30.42253],[-97.79314,30.42254],[-97.79311,30.42255],[-97.79305,30.42257],[-97.79298,30.42259],[-97.79294,30.4226],[-97.79289,30.42261],[-97.79285,30.42255],[-97.79283,30.42188],[-97.79269,30.4216],[-97.79221,30.42127],[-97.79185,30.42103],[-97.79193,30.42098],[-97.79204,30.42092],[-97.79229,30.42079],[-97.79245,30.4207]]],[[[-97.79796,30.4264],[-97.7979,30.42602],[-97.79789,30.42592],[-97.79781,30.42542],[-97.79776,30.4251],[-97.7977,30.42468],[-97.79763,30.42422],[-97.79759,30.42396],[-97.79755,30.42369],[-97.7975,30.42339],[-97.7975,30.42334],[-97.79745,30.42304],[-97.7974,30.42268],[-97.79739,30.42262],[-97.79715,30.42253],[-97.79709,30.42247],[-97.79686,30.42224],[-97.79672,30.42218],[-97.79651,30.42209],[-97.79601,30.42193],[-97.79573,30.42191],[-97.79565,30.42216],[-97.79554,30.42247],[-97.79539,30.42254],[-97.79508,30.4227],[-97.7954,30.42282],[-97.7953,30.42294],[-97.79511,30.42314],[-97.79508,30.42312],[-97.79504,30.42309],[-97.795,30.42306],[-97.79497,30.42305],[-97.79494,30.42303],[-97.7949,30.423],[-97.79486,30.42299],[-97.79483,30.42297],[-97.79481,30.42296],[-97.79477,30.42295],[-97.79473,30.42293],[-97.79467,30.42291],[-97.7946,30.42289],[-97.79455,30.42287],[-97.7945,30.42285],[-97.79443,30.42283],[-97.79436,30.4228],[-97.79429,30.42278],[-97.79422,30.42275],[-97.79413,30.42272],[-97.79406,30.42269],[-97.79403,30.42268],[-97.79402,30.42268],[-97.79402,30.42267],[-97.79401,30.42267],[-97.794,30.42266],[-97.79399,30.42265],[-97.79399,30.42265],[-97.79399,30.42264],[-97.79398,30.42263],[-97.79398,30.42262],[-97.79398,30.42261],[-97.79399,30.42259],[-97.794,30.42256],[-97.79404,30.42249],[-97.79411,30.42235],[-97.79422,30.42226],[-97.79443,30.4221],[-97.79462,30.42196],[-97.7948,30.42183],[-97.79488,30.42177],[-97.79492,30.42174],[-97.79495,30.42173],[-97.79498,30.42171],[-97.79502,30.42169],[-97.79505,30.42167],[-97.79508,30.42165],[-97.7951,30.42164],[-97.79513,30.42163],[-97.79515,30.42162],[-97.79517,30.42161],[-97.7952,30.4216],[-97.79523,30.42158],[-97.79527,30.42157],[-97.79531,30.42155],[-97.79536,30.42154],[-97.7954,30.42152],[-97.79545,30.42151],[-97.79549,30.4215],[-97.79553,30.42149],[-97.79557,30.42148],[-97.7956,30.42147],[-97.79564,30.42147],[-97.79562,30.42138],[-97.79566,30.42137],[-97.79571,30.42137],[-97.79574,30.42136],[-97.79579,30.42136],[-97.79587,30.42136],[-97.79595,30.42135],[-97.79609,30.42135],[-97.79634,30.42134],[-97.79645,30.42133],[-97.79662,30.42132],[-97.79669,30.42132],[-97.79677,30.42132],[-97.79682,30.42131],[-97.79687,30.42131],[-97.79691,30.42131],[-97.79698,30.4213],[-97.79701,30.4213],[-97.79713,30.42128],[-97.79726,30.42126],[-97.79762,30.42119],[-97.79793,30.42114],[-97.79806,30.42111],[-97.7981,30.42111],[-97.79813,30.4211],[-97.79817,30.42109],[-97.7982,30.42108],[-97.79824,30.42107],[-97.79828,30.42106],[-97.79833,30.42104],[-97.79839,30.42101],[-97.79841,30.421],[-97.79843,30.42099],[-97.79846,30.42097],[-97.7985,30.42096],[-97.79853,30.42094],[-97.79854,30.42093],[-97.79858,30.4209],[-97.7986,30.42088],[-97.79863,30.42085],[-97.79865,30.42083],[-97.79866,30.42082],[-97.79869,30.42079],[-97.79871,30.42076],[-97.79877,30.4207],[-97.79884,30.42061],[-97.79888,30.42058],[-97.7989,30.42055],[-97.79893,30.42052],[-97.79896,30.42049],[-97.79901,30.42045],[-97.79905,30.42042],[-97.79909,30.4204],[-97.79912,30.42038],[-97.79917,30.42035],[-97.79922,30.42032],[-97.79927,30.4203],[-97.79932,30.42027],[-97.79938,30.42025],[-97.79966,30.42014],[-97.79995,30.42003],[-97.79988,30.42015],[-97.79976,30.42036],[-97.79964,30.42056],[-97.79952,30.42076],[-97.7994,30.42096],[-97.7992,30.42131],[-97.79949,30.42143],[-97.79997,30.42164],[-97.80049,30.42185],[-97.80062,30.42191],[-97.80072,30.42195],[-97.80059,30.42215],[-97.80047,30.42236],[-97.80036,30.42253],[-97.80033,30.42259],[-97.80019,30.4228],[-97.80009,30.42297],[-97.80006,30.42302],[-97.79999,30.42315],[-97.79993,30.42326],[-97.79979,30.4235],[-97.79966,30.42372],[-97.79964,30.42376],[-97.79952,30.42394],[-97.7994,30.42412],[-97.79923,30.42435],[-97.79922,30.42437],[-97.79919,30.42443],[-97.79978,30.42472],[-97.79983,30.42475],[-97.80015,30.42489],[-97.80038,30.42501],[-97.80062,30.42512],[-97.8008,30.42521],[-97.80004,30.42646],[-97.79968,30.42629],[-97.79945,30.42618],[-97.79924,30.42636],[-97.79924,30.42681],[-97.79925,30.42732],[-97.79925,30.42745],[-97.79789,30.42709],[-97.79777,30.42702],[-97.79762,30.42694],[-97.79796,30.4264]]],[[[-97.79189,30.43448],[-97.79153,30.43359],[-97.79018,30.434],[-97.78965,30.43369],[-97.7893,30.43349],[-97.78894,30.4337],[-97.7889,30.43372],[-97.78889,30.43373],[-97.78888,30.43373],[-97.78887,30.43374],[-97.78886,30.43374],[-97.78885,30.43374],[-97.78885,30.43374],[-97.78873,30.43372],[-97.78855,30.43368],[-97.78853,30.43367],[-97.78852,30.43366],[-97.78852,30.43366],[-97.78851,30.43364],[-97.78851,30.43363],[-97.78851,30.4336],[-97.78851,30.43358],[-97.7885,30.43355],[-97.78849,30.43351],[-97.78847,30.43348],[-97.78847,30.43345],[-97.78845,30.43343],[-97.78845,30.43341],[-97.78843,30.43339],[-97.78854,30.43334],[-97.78879,30.43323],[-97.7886,30.433],[-97.7884,30.43282],[-97.78823,30.43268],[-97.78806,30.43243],[-97.78795,30.43206],[-97.78798,30.43185],[-97.78791,30.43143],[-97.78769,30.43072],[-97.78753,30.43039],[-97.78743,30.43018],[-97.78742,30.42999],[-97.78741,30.42993],[-97.78739,30.42978],[-97.78738,30.42971],[-97.78737,30.42947],[-97.78698,30.42968],[-97.78698,30.42967],[-97.78697,30.42966],[-97.78696,30.42965],[-97.78696,30.42964],[-97.78695,30.42963],[-97.7873,30.42944],[-97.78732,30.42937],[-97.78731,30.42934],[-97.78728,30.42928],[-97.78728,30.42903],[-97.78702,30.42896],[-97.78681,30.42898],[-97.78662,30.42909],[-97.78618,30.42927],[-97.78587,30.42946],[-97.78562,30.42971],[-97.78536,30.42996],[-97.78505,30.43022],[-97.78497,30.43018],[-97.78461,30.43],[-97.78454,30.42997],[-97.78442,30.42991],[-97.78432,30.42986],[-97.78428,30.42984],[-97.78467,30.42955],[-97.78483,30.42943],[-97.78701,30.42781],[-97.78706,30.42779],[-97.78783,30.42756],[-97.7879,30.42754],[-97.78791,30.42754],[-97.78836,30.42635],[-97.78852,30.42595],[-97.78819,30.42586],[-97.78673,30.42545],[-97.78629,30.42488],[-97.78615,30.42476],[-97.78604,30.42467],[-97.78603,30.42454],[-97.78614,30.42443],[-97.78636,30.42431],[-97.78673,30.42429],[-97.78675,30.4243],[-97.78715,30.4245],[-97.78753,30.42455],[-97.78781,30.42432],[-97.78779,30.42423],[-97.78841,30.42401],[-97.78866,30.42378],[-97.78892,30.42355],[-97.78931,30.4234],[-97.7895,30.42334],[-97.78963,30.42329],[-97.7899,30.42321],[-97.78993,30.42321],[-97.78998,30.42323],[-97.79002,30.42325],[-97.79006,30.42326],[-97.7901,30.42327],[-97.79015,30.42328],[-97.79021,30.4233],[-97.79028,30.42331],[-97.79029,30.42332],[-97.79079,30.42356],[-97.79207,30.42323],[-97.79233,30.42317],[-97.79248,30.42313],[-97.79256,30.42311],[-97.79264,30.4231],[-97.79273,30.42309],[-97.79281,30.42307],[-97.79291,30.42306],[-97.79302,30.42305],[-97.79316,30.42304],[-97.79325,30.42304],[-97.79338,30.42304],[-97.79388,30.42303],[-97.79413,30.42302],[-97.79422,30.42302],[-97.79427,30.42302],[-97.79431,30.42302],[-97.79433,30.42303],[-97.79436,30.42303],[-97.79439,30.42303],[-97.79441,30.42304],[-97.79443,30.42304],[-97.79444,30.42304],[-97.79447,30.42305],[-97.79449,30.42305],[-97.79452,30.42306],[-97.79455,30.42306],[-97.79458,30.42307],[-97.7946,30.42308],[-97.79462,30.42308],[-97.79464,30.42309],[-97.79465,30.4231],[-97.79468,30.4231],[-97.7947,30.42311],[-97.79473,30.42312],[-97.79475,30.42314],[-97.79478,30.42315],[-97.79479,30.42316],[-97.79482,30.42317],[-97.79484,30.42318],[-97.79486,30.42319],[-97.79489,30.42321],[-97.79492,30.42323],[-97.79497,30.42326],[-97.795,30.42329],[-97.79501,30.4233],[-97.79504,30.42332],[-97.79506,30.42334],[-97.79477,30.42353],[-97.79442,30.42377],[-97.79445,30.42391],[-97.79447,30.42409],[-97.79448,30.42414],[-97.79456,30.42463],[-97.79463,30.42508],[-97.79469,30.42552],[-97.79472,30.42566],[-97.79435,30.42571],[-97.79381,30.42577],[-97.79391,30.42639],[-97.79394,30.42663],[-97.79384,30.42667],[-97.79342,30.42629],[-97.79314,30.42604],[-97.79309,30.42576],[-97.79305,30.42553],[-97.79285,30.42522],[-97.79254,30.42494],[-97.79197,30.42519],[-97.7918,30.4255],[-97.7918,30.42576],[-97.79175,30.42597],[-97.7917,30.42621],[-97.79176,30.42632],[-97.79123,30.42604],[-97.79114,30.42599],[-97.79096,30.42589],[-97.79097,30.42561],[-97.79039,30.42524],[-97.79004,30.42524],[-97.78989,30.4253],[-97.78955,30.42544],[-97.78954,30.42563],[-97.78953,30.42582],[-97.78952,30.42605],[-97.78952,30.42607],[-97.78914,30.42686],[-97.7886,30.42795],[-97.78849,30.42819],[-97.78867,30.42881],[-97.78873,30.42902],[-97.78879,30.42923],[-97.78899,30.42987],[-97.78906,30.43011],[-97.78914,30.43038],[-97.78978,30.43023],[-97.78984,30.43045],[-97.7892,30.43059],[-97.78928,30.43085],[-97.78951,30.43096],[-97.7895,30.43099],[-97.7895,30.43104],[-97.78949,30.43112],[-97.78955,30.43135],[-97.78958,30.43151],[-97.78962,30.4317],[-97.78987,30.43208],[-97.78991,30.43229],[-97.79004,30.43241],[-97.79033,30.43269],[-97.79053,30.43288],[-97.79083,30.43305],[-97.79088,30.43308],[-97.79124,30.4332],[-97.79148,30.43337],[-97.79153,30.43342],[-97.79164,30.43354],[-97.792,30.43337],[-97.79203,30.4334],[-97.79205,30.43343],[-97.79207,30.43347],[-97.79209,30.4335],[-97.7921,30.43352],[-97.79211,30.43354],[-97.79212,30.43357],[-97.79213,30.43359],[-97.79221,30.43383],[-97.79179,30.43394],[-97.79183,30.43416],[-97.79189,30.43448]]]]},"properties":{"name":"Upper Bull Creek Greenbelt","address":"7800 Spicewood Springs Rd., Austin, Texas 78759","park_type":"Greenbelt","asset_status":"Open","feature_kind":"park","source":"City of Austin PARD park boundaries","retrieved_at":"2026-09-29T00:26:17.696044+00:00","access_claim":"none"}},{"type":"Feature","id":"coa-park/None","geometry":{"type":"MultiPolygon","coordinates":[[[[-97.69706,30.35334],[-97.69718,30.35293],[-97.69733,30.35317],[-97.69715,30.35354],[-97.69709,30.35352],[-97.69706,30.35334]]],[[[-97.69469,30.35139],[-97.69377,30.35007],[-97.69443,30.34901],[-97.69449,30.34903],[-97.69462,30.3491],[-97.69494,30.34925],[-97.69494,30.34925],[-97.69494,30.34928],[-97.69494,30.34929],[-97.69491,30.34929],[-97.69491,30.3493],[-97.69491,30.34931],[-97.69492,30.34931],[-97.69492,30.34933],[-97.69492,30.34934],[-97.69493,30.34934],[-97.69494,30.34934],[-97.69494,30.34934],[-97.69494,30.34934],[-97.69494,30.34934],[-97.69494,30.34935],[-97.69496,30.34935],[-97.69496,30.34936],[-97.69497,30.34936],[-97.69497,30.34936],[-97.69497,30.34937],[-97.69498,30.34937],[-97.69499,30.34937],[-97.69499,30.34937],[-97.69499,30.34937],[-97.69499,30.34938],[-97.69499,30.34938],[-97.695,30.34938],[-97.695,30.34938],[-97.695,30.34938],[-97.695,30.34939],[-97.695,30.34939],[-97.69501,30.34939],[-97.69501,30.34939],[-97.69501,30.3494],[-97.69501,30.3494],[-97.69501,30.3494],[-97.69501,30.3494],[-97.69502,30.3494],[-97.69502,30.3494],[-97.69502,30.34942],[-97.69502,30.34942],[-97.69502,30.34942],[-97.69501,30.34942],[-97.69501,30.34949],[-97.69501,30.34957],[-97.69502,30.34957],[-97.69502,30.34957],[-97.69502,30.34959],[-97.69502,30.3496],[-97.69503,30.3496],[-97.69503,30.3496],[-97.69503,30.34963],[-97.69503,30.34964],[-97.69504,30.34964],[-97.69504,30.34964],[-97.69504,30.34966],[-97.69504,30.3497],[-97.69505,30.3497],[-97.69505,30.3497],[-97.69505,30.3497],[-97.69505,30.3497],[-97.69505,30.34975],[-97.69506,30.34975],[-97.69506,30.34975],[-97.69506,30.34981],[-97.69506,30.34987],[-97.69507,30.34987],[-97.69507,30.34987],[-97.69507,30.34988],[-97.69507,30.34989],[-97.69509,30.34989],[-97.69509,30.3499],[-97.69509,30.34992],[-97.69509,30.34992],[-97.6951,30.34992],[-97.6951,30.34992],[-97.6951,30.34995],[-97.69511,30.34995],[-97.69511,30.34998],[-97.69511,30.34998],[-97.69511,30.34998],[-97.69512,30.34998],[-97.69512,30.34998],[-97.69512,30.34998],[-97.69512,30.35002],[-97.69512,30.35006],[-97.69513,30.35006],[-97.69513,30.35006],[-97.69513,30.35011],[-97.69514,30.35011],[-97.69514,30.35011],[-97.69514,30.35014],[-97.69515,30.35014],[-97.69516,30.35014],[-97.69515,30.35017],[-97.69515,30.35018],[-97.69516,30.35018],[-97.69517,30.35018],[-97.69517,30.3502],[-97.69517,30.35021],[-97.69518,30.35021],[-97.69518,30.35021],[-97.69518,30.35021],[-97.69518,30.35022],[-97.69518,30.35024],[-97.69519,30.35024],[-97.69519,30.35024],[-97.69519,30.35027],[-97.6952,30.35027],[-97.6952,30.35027],[-97.6952,30.3503],[-97.69521,30.3503],[-97.69521,30.3503],[-97.69521,30.35031],[-97.69521,30.35032],[-97.69522,30.35032],[-97.69523,30.35032],[-97.69523,30.35033],[-97.69523,30.35034],[-97.69523,30.35034],[-97.69524,30.35034],[-97.69524,30.35034],[-97.69524,30.35034],[-97.69524,30.35039],[-97.69524,30.35039],[-97.69525,30.35039],[-97.69525,30.35045],[-97.69525,30.35045],[-97.69526,30.35045],[-97.69526,30.3505],[-97.69527,30.3505],[-97.69527,30.3505],[-97.69527,30.3505],[-97.69527,30.3505],[-97.69527,30.35051],[-97.69474,30.35132],[-97.69469,30.35139]]]]},"properties":{"name":"Upper Little Walnut Creek Greenbelt","address":"8512 N IH 35 SVRD SB, Austin, Texas 78753","park_type":"Greenbelt","asset_status":"Open","feature_kind":"park","source":"City of Austin PARD park boundaries","retrieved_at":"2026-09-29T00:26:17.696044+00:00","access_claim":"none"}},{"type":"Feature","id":"coa-park/None","geometry":{"type":"Polygon","coordinates":[[[-97.686,30.40622],[-97.68593,30.40619],[-97.68598,30.4061],[-97.68559,30.40592],[-97.68528,30.40577],[-97.68519,30.40573],[-97.68494,30.4056],[-97.68469,30.40548],[-97.68434,30.4053],[-97.68362,30.40494],[-97.68329,30.40478],[-97.68295,30.40461],[-97.68264,30.40445],[-97.68231,30.40429],[-97.68174,30.40402],[-97.68169,30.40399],[-97.68114,30.40372],[-97.68111,30.40371],[-97.68108,30.40369],[-97.68106,30.40368],[-97.68103,30.40366],[-97.681,30.40364],[-97.68098,30.40363],[-97.68095,30.40361],[-97.68093,30.40359],[-97.68091,30.40357],[-97.68088,30.40355],[-97.68086,30.40352],[-97.68084,30.4035],[-97.68066,30.40361],[-97.68056,30.40356],[-97.68051,30.40353],[-97.68055,30.40231],[-97.68056,30.40183],[-97.68058,30.40132],[-97.68059,30.40112],[-97.6806,30.40088],[-97.6806,30.40067],[-97.68062,30.40016],[-97.68021,30.39999],[-97.67992,30.39987],[-97.67955,30.39972],[-97.67949,30.3997],[-97.67955,30.39904],[-97.67957,30.39879],[-97.67957,30.39873],[-97.67958,30.3987],[-97.67958,30.39867],[-97.67958,30.39864],[-97.67959,30.39861],[-97.67959,30.39858],[-97.67959,30.39856],[-97.6796,30.39853],[-97.6796,30.3985],[-97.6796,30.39847],[-97.67961,30.39844],[-97.67961,30.39841],[-97.67961,30.39838],[-97.67962,30.39835],[-97.67962,30.39832],[-97.67963,30.3983],[-97.67963,30.39827],[-97.67964,30.39824],[-97.67964,30.39821],[-97.67965,30.39819],[-97.67965,30.39816],[-97.67966,30.39813],[-97.67966,30.39811],[-97.67967,30.39808],[-97.67967,30.39805],[-97.67968,30.39802],[-97.67968,30.398],[-97.67969,30.39797],[-97.67969,30.39794],[-97.6797,30.39791],[-97.67971,30.39789],[-97.67971,30.39786],[-97.67972,30.39783],[-97.67972,30.39781],[-97.67973,30.39778],[-97.67974,30.39775],[-97.67974,30.39773],[-97.67981,30.39749],[-97.68003,30.39676],[-97.6801,30.39659],[-97.68034,30.39603],[-97.68044,30.39579],[-97.68068,30.3952],[-97.68141,30.39531],[-97.68479,30.39428],[-97.68649,30.39512],[-97.68694,30.39534],[-97.68815,30.39594],[-97.68958,30.39664],[-97.68926,30.39712],[-97.6895,30.3974],[-97.68963,30.39755],[-97.68972,30.39766],[-97.68981,30.39777],[-97.68991,30.39788],[-97.69,30.398],[-97.6901,30.39811],[-97.69019,30.39822],[-97.69028,30.39833],[-97.69038,30.39844],[-97.69047,30.39855],[-97.69049,30.39857],[-97.69067,30.39879],[-97.6907,30.39882],[-97.69129,30.39952],[-97.69158,30.39987],[-97.69171,30.40002],[-97.6919,30.40024],[-97.69203,30.4004],[-97.69216,30.40055],[-97.69229,30.4007],[-97.69242,30.40086],[-97.69256,30.40103],[-97.69272,30.40122],[-97.69296,30.40134],[-97.69316,30.40144],[-97.69335,30.40153],[-97.69354,30.40163],[-97.69373,30.40172],[-97.69393,30.40182],[-97.69412,30.40191],[-97.69428,30.40199],[-97.69433,30.40201],[-97.69458,30.40214],[-97.69487,30.40228],[-97.69499,30.40234],[-97.6952,30.40244],[-97.69509,30.4028],[-97.69501,30.40313],[-97.69487,30.40297],[-97.69464,30.40288],[-97.69446,30.40296],[-97.69393,30.40318],[-97.69349,30.40337],[-97.69324,30.40348],[-97.69293,30.40361],[-97.69277,30.40362],[-97.69206,30.40476],[-97.69169,30.40534],[-97.69157,30.40554],[-97.69133,30.40591],[-97.6913,30.40596],[-97.69016,30.40545],[-97.68949,30.40515],[-97.68936,30.40509],[-97.68963,30.40459],[-97.68855,30.4041],[-97.68779,30.40376],[-97.68764,30.40368],[-97.68677,30.40503],[-97.68615,30.40599],[-97.686,30.40622]]]},"properties":{"name":"Walnut Creek Metro Park","address":"12138 N Lamar Blvd, Austin, Texas 78758","park_type":"Metropolitan","asset_status":"Open","feature_kind":"park","source":"City of Austin PARD park boundaries","retrieved_at":"2026-09-29T00:26:17.696044+00:00","access_claim":"none"}},{"type":"Feature","id":"coa-park/None","geometry":{"type":"Polygon","coordinates":[[[-97.64079,30.31739],[-97.64079,30.31743],[-97.64075,30.31753],[-97.64071,30.31761],[-97.64066,30.3177],[-97.6406,30.31776],[-97.64054,30.31782],[-97.64043,30.31789],[-97.64036,30.31795],[-97.64019,30.31815],[-97.64001,30.31839],[-97.63992,30.31852],[-97.63968,30.3188],[-97.63945,30.31916],[-97.63931,30.31936],[-97.63917,30.31948],[-97.63914,30.31953],[-97.63908,30.3197],[-97.63895,30.31994],[-97.63886,30.32008],[-97.63876,30.32023],[-97.63866,30.32039],[-97.63854,30.32059],[-97.6385,30.32064],[-97.63844,30.32069],[-97.63838,30.32073],[-97.63828,30.32076],[-97.63822,30.32077],[-97.63812,30.32075],[-97.638,30.32073],[-97.63789,30.32068],[-97.63774,30.32069],[-97.63729,30.32139],[-97.63693,30.32193],[-97.6365,30.32259],[-97.63655,30.32261],[-97.63651,30.32276],[-97.63644,30.323],[-97.63654,30.32304],[-97.63632,30.32339],[-97.63581,30.3242],[-97.63632,30.32468],[-97.63852,30.32282],[-97.63924,30.32365],[-97.63871,30.32429],[-97.63959,30.32509],[-97.63945,30.32528],[-97.63974,30.32557],[-97.63978,30.32563],[-97.638,30.32622],[-97.63741,30.32642],[-97.63688,30.32593],[-97.6366,30.32617],[-97.63668,30.32625],[-97.637,30.32656],[-97.63683,30.32661],[-97.63603,30.32688],[-97.63557,30.32703],[-97.63522,30.32715],[-97.63519,30.32711],[-97.63485,30.32681],[-97.63465,30.32663],[-97.63444,30.32644],[-97.63413,30.3267],[-97.63387,30.32646],[-97.63338,30.32601],[-97.63319,30.32585],[-97.63284,30.32553],[-97.63246,30.32518],[-97.63204,30.3248],[-97.63119,30.32404],[-97.63087,30.32374],[-97.63059,30.32348],[-97.63032,30.32324],[-97.63012,30.32307],[-97.63062,30.32228],[-97.63173,30.32053],[-97.6318,30.32041],[-97.63186,30.32032],[-97.63306,30.31847],[-97.6338,30.31734],[-97.63444,30.31636],[-97.63507,30.31539],[-97.63526,30.3151],[-97.6354,30.31489],[-97.63563,30.31449],[-97.63567,30.31443],[-97.63571,30.31437],[-97.63602,30.31389],[-97.63618,30.31361],[-97.63662,30.31285],[-97.63667,30.31277],[-97.63668,30.31275],[-97.63669,30.31273],[-97.63671,30.31271],[-97.63672,30.31269],[-97.63673,30.31267],[-97.63675,30.31266],[-97.63676,30.31264],[-97.63677,30.31262],[-97.63679,30.3126],[-97.6368,30.31258],[-97.63682,30.31256],[-97.63683,30.31255],[-97.63685,30.31253],[-97.63686,30.31251],[-97.63688,30.31249],[-97.63689,30.31248],[-97.63691,30.31246],[-97.63692,30.31244],[-97.63694,30.31242],[-97.63695,30.31241],[-97.63697,30.31239],[-97.63699,30.31237],[-97.637,30.31236],[-97.63702,30.31234],[-97.63704,30.31232],[-97.63705,30.31231],[-97.63707,30.31229],[-97.63709,30.31227],[-97.63711,30.31226],[-97.63712,30.31224],[-97.63714,30.31223],[-97.63716,30.31221],[-97.63718,30.3122],[-97.6372,30.31218],[-97.63721,30.31217],[-97.63723,30.31215],[-97.63725,30.31214],[-97.63727,30.31212],[-97.63729,30.31211],[-97.63731,30.31209],[-97.63733,30.31208],[-97.63736,30.31206],[-97.63738,30.31205],[-97.6374,30.31203],[-97.63742,30.31202],[-97.63744,30.312],[-97.63746,30.31199],[-97.63748,30.31198],[-97.6375,30.31197],[-97.63753,30.31195],[-97.63755,30.31194],[-97.63757,30.31192],[-97.63759,30.31191],[-97.63762,30.3119],[-97.63764,30.31189],[-97.63766,30.31188],[-97.63768,30.31186],[-97.6377,30.31185],[-97.63773,30.31184],[-97.63775,30.31183],[-97.63777,30.31182],[-97.63779,30.31181],[-97.63781,30.3118],[-97.63784,30.31179],[-97.63786,30.31178],[-97.63788,30.31177],[-97.6379,30.31176],[-97.63793,30.31175],[-97.63795,30.31174],[-97.63797,30.31173],[-97.63799,30.31173],[-97.63802,30.31174],[-97.63805,30.31174],[-97.63809,30.31175],[-97.63812,30.31176],[-97.63815,30.31177],[-97.63818,30.31178],[-97.63821,30.31179],[-97.63824,30.3118],[-97.63827,30.31181],[-97.63833,30.31184],[-97.63874,30.31204],[-97.63909,30.31221],[-97.6395,30.31241],[-97.63953,30.31242],[-97.63956,30.31243],[-97.6396,30.31245],[-97.63963,30.31246],[-97.63966,30.31247],[-97.63969,30.31247],[-97.63972,30.31248],[-97.63975,30.31249],[-97.63979,30.31249],[-97.63982,30.3125],[-97.63985,30.3125],[-97.63988,30.3125],[-97.63991,30.3125],[-97.63994,30.31251],[-97.63997,30.31251],[-97.64001,30.3125],[-97.64004,30.3125],[-97.64007,30.3125],[-97.6401,30.3125],[-97.64015,30.31258],[-97.6402,30.31283],[-97.64016,30.31339],[-97.64018,30.31352],[-97.64031,30.31389],[-97.64046,30.31413],[-97.64062,30.31431],[-97.64078,30.3144],[-97.64082,30.31474],[-97.64075,30.31513],[-97.64062,30.31552],[-97.64058,30.31601],[-97.64045,30.31643],[-97.64048,30.3166],[-97.64051,30.31692],[-97.64058,30.31703],[-97.64069,30.31725],[-97.64076,30.31732],[-97.64078,30.31735],[-97.64079,30.31739]]]},"properties":{"name":"Walnut Creek Sports Park","address":"7800 Johnny Morris Rd., Austin, Texas 78724","park_type":"Special","asset_status":"Open","feature_kind":"park","source":"City of Austin PARD park boundaries","retrieved_at":"2026-09-29T00:26:17.696044+00:00","access_claim":"none"}},{"type":"Feature","id":"coa-park/None","geometry":{"type":"Polygon","coordinates":[[[-97.76569,30.26894],[-97.76564,30.26892],[-97.76557,30.2689],[-97.7654,30.26884],[-97.7653,30.2688],[-97.7652,30.26876],[-97.76511,30.26871],[-97.76508,30.2687],[-97.76493,30.26869],[-97.76485,30.26866],[-97.7648,30.26864],[-97.76473,30.26861],[-97.76463,30.26858],[-97.76459,30.26857],[-97.76449,30.26853],[-97.76442,30.26851],[-97.76429,30.26848],[-97.76424,30.26846],[-97.76412,30.26841],[-97.76405,30.26838],[-97.76397,30.26837],[-97.76385,30.26837],[-97.76379,30.26835],[-97.76374,30.26834],[-97.7637,30.26831],[-97.76363,30.26826],[-97.76354,30.26821],[-97.76346,30.26818],[-97.76338,30.26813],[-97.76333,30.2681],[-97.76322,30.26807],[-97.76316,30.26805],[-97.76303,30.26799],[-97.76293,30.26794],[-97.76283,30.26791],[-97.76274,30.26788],[-97.76266,30.26784],[-97.76257,30.26779],[-97.76252,30.26776],[-97.76244,30.26773],[-97.76222,30.26763],[-97.76211,30.26756],[-97.76204,30.26752],[-97.76199,30.26749],[-97.76187,30.26743],[-97.76178,30.26738],[-97.76176,30.26737],[-97.7617,30.26735],[-97.76166,30.26732],[-97.76162,30.26727],[-97.7616,30.26722],[-97.76161,30.2672],[-97.76163,30.26719],[-97.7617,30.26715],[-97.76174,30.26711],[-97.76182,30.26707],[-97.76187,30.26703],[-97.76196,30.267],[-97.762,30.26699],[-97.76205,30.26695],[-97.76213,30.26691],[-97.76217,30.26688],[-97.76221,30.26685],[-97.76226,30.26682],[-97.76233,30.26678],[-97.76238,30.26676],[-97.76243,30.26673],[-97.76246,30.26671],[-97.7625,30.2667],[-97.76257,30.26665],[-97.76269,30.26657],[-97.76273,30.26655],[-97.7628,30.26651],[-97.76286,30.26648],[-97.76296,30.26642],[-97.76305,30.26638],[-97.76309,30.26635],[-97.76317,30.2663],[-97.76322,30.26628],[-97.7634,30.2662],[-97.7635,30.26617],[-97.76356,30.26615],[-97.76363,30.2661],[-97.76371,30.26604],[-97.76376,30.26601],[-97.76381,30.26598],[-97.76389,30.26594],[-97.76395,30.26591],[-97.76399,30.26588],[-97.76407,30.26581],[-97.76413,30.26577],[-97.76418,30.26573],[-97.76426,30.26569],[-97.76429,30.26567],[-97.76438,30.26563],[-97.76446,30.26559],[-97.76451,30.26556],[-97.76457,30.26553],[-97.76462,30.26551],[-97.76469,30.26548],[-97.76484,30.2654],[-97.76488,30.26537],[-97.76496,30.26535],[-97.76501,30.26533],[-97.76504,30.26532],[-97.76507,30.2653],[-97.76508,30.2653],[-97.76514,30.26528],[-97.7652,30.26527],[-97.76527,30.26525],[-97.76531,30.26524],[-97.76542,30.2652],[-97.76558,30.2651],[-97.76528,30.26488],[-97.76517,30.2648],[-97.76516,30.26479],[-97.76516,30.26478],[-97.76516,30.26476],[-97.76516,30.26475],[-97.76517,30.26474],[-97.76518,30.26473],[-97.7652,30.26471],[-97.7655,30.26452],[-97.76574,30.26435],[-97.76588,30.26425],[-97.76591,30.26424],[-97.76593,30.26422],[-97.76596,30.2642],[-97.76598,30.26419],[-97.766,30.26417],[-97.76603,30.26415],[-97.76605,30.26413],[-97.76607,30.26411],[-97.76609,30.26409],[-97.76611,30.26407],[-97.76613,30.26404],[-97.76615,30.26402],[-97.76617,30.264],[-97.76619,30.26398],[-97.76621,30.26395],[-97.76623,30.26393],[-97.76624,30.26391],[-97.76626,30.26388],[-97.76627,30.26386],[-97.76628,30.26385],[-97.7663,30.26381],[-97.76646,30.26357],[-97.76679,30.26307],[-97.76689,30.26292],[-97.7669,30.2629],[-97.76692,30.26287],[-97.76693,30.26285],[-97.76695,30.26282],[-97.76697,30.2628],[-97.76699,30.26278],[-97.767,30.26276],[-97.76702,30.26274],[-97.76705,30.26272],[-97.76707,30.2627],[-97.76709,30.26268],[-97.76711,30.26266],[-97.76714,30.26264],[-97.76716,30.26262],[-97.76718,30.2626],[-97.7673,30.26252],[-97.76733,30.2625],[-97.76754,30.26237],[-97.7679,30.26213],[-97.76815,30.26195],[-97.76818,30.26194],[-97.7685,30.26186],[-97.76912,30.2617],[-97.76961,30.26157],[-97.77007,30.26145],[-97.77043,30.26123],[-97.77083,30.261],[-97.77101,30.26118],[-97.77152,30.26173],[-97.77154,30.26175],[-97.77157,30.26177],[-97.77159,30.26178],[-97.77162,30.2618],[-97.77164,30.26182],[-97.77167,30.26183],[-97.7717,30.26184],[-97.77173,30.26186],[-97.77176,30.26187],[-97.77179,30.26188],[-97.77182,30.26188],[-97.77185,30.26189],[-97.77188,30.2619],[-97.77191,30.2619],[-97.77194,30.2619],[-97.77197,30.26191],[-97.772,30.26191],[-97.77201,30.26191],[-97.77207,30.2619],[-97.77258,30.26212],[-97.77325,30.2624],[-97.77351,30.26251],[-97.77356,30.26259],[-97.7735,30.26262],[-97.77321,30.26294],[-97.77318,30.26299],[-97.77311,30.26314],[-97.77324,30.26329],[-97.77343,30.26337],[-97.77353,30.26339],[-97.77371,30.2634],[-97.77401,30.26335],[-97.77402,30.26335],[-97.77422,30.26327],[-97.77432,30.26308],[-97.77452,30.26298],[-97.77475,30.26291],[-97.77503,30.26287],[-97.77547,30.26273],[-97.77575,30.26259],[-97.77584,30.26256],[-97.77631,30.26235],[-97.77651,30.26231],[-97.77661,30.26229],[-97.77701,30.26218],[-97.77712,30.26215],[-97.77723,30.26212],[-97.77733,30.26213],[-97.77752,30.2621],[-97.77761,30.2621],[-97.77771,30.26211],[-97.77867,30.26429],[-97.77872,30.26442],[-97.77887,30.26471],[-97.77914,30.26527],[-97.77947,30.26597],[-97.7789,30.26612],[-97.77912,30.26676],[-97.78021,30.26776],[-97.77863,30.26857],[-97.77829,30.26892],[-97.77787,30.26922],[-97.77746,30.26936],[-97.77629,30.26968],[-97.77587,30.26998],[-97.77521,30.27046],[-97.77459,30.27122],[-97.774,30.27132],[-97.77381,30.27152],[-97.77359,30.27188],[-97.77338,30.27207],[-97.77331,30.27217],[-97.77322,30.27229],[-97.77293,30.27268],[-97.77277,30.27291],[-97.77232,30.27355],[-97.77188,30.27312],[-97.77186,30.27311],[-97.77184,30.27308],[-97.77177,30.27302],[-97.77173,30.27297],[-97.7717,30.27295],[-97.77168,30.27291],[-97.7716,30.27283],[-97.77155,30.27278],[-97.77148,30.27273],[-97.7714,30.27267],[-97.77134,30.27264],[-97.77132,30.27261],[-97.77129,30.27256],[-97.77125,30.2725],[-97.77119,30.27242],[-97.77112,30.27237],[-97.77105,30.27231],[-97.77089,30.27219],[-97.77067,30.27201],[-97.77061,30.27197],[-97.77053,30.27186],[-97.77041,30.2717],[-97.77026,30.27142],[-97.77008,30.27123],[-97.76998,30.27116],[-97.76989,30.27109],[-97.76987,30.27106],[-97.76985,30.27105],[-97.76982,30.27102],[-97.76976,30.27096],[-97.76972,30.27094],[-97.76966,30.27086],[-97.76959,30.27076],[-97.76957,30.27072],[-97.76948,30.27064],[-97.76936,30.27057],[-97.76932,30.27056],[-97.76929,30.27055],[-97.7692,30.27049],[-97.76917,30.27046],[-97.76912,30.27043],[-97.76904,30.27036],[-97.76894,30.27031],[-97.76886,30.27025],[-97.76873,30.27017],[-97.76871,30.27015],[-97.76855,30.27006],[-97.7684,30.26999],[-97.76823,30.26991],[-97.76816,30.26988],[-97.76808,30.26985],[-97.768,30.26983],[-97.76795,30.26983],[-97.7679,30.2698],[-97.76786,30.26978],[-97.76773,30.26973],[-97.76753,30.26967],[-97.76744,30.26965],[-97.76734,30.26963],[-97.76726,30.26962],[-97.76716,30.26957],[-97.76705,30.26953],[-97.76698,30.26953],[-97.76692,30.2695],[-97.76686,30.26948],[-97.76672,30.26941],[-97.76648,30.2693],[-97.76617,30.26915],[-97.76607,30.26911],[-97.76596,30.26906],[-97.76591,30.26904],[-97.76585,30.26901],[-97.76569,30.26894]]]},"properties":{"name":"Zilker Metro Park","address":"2100 Barton Springs Rd., Austin, Texas 78746","park_type":"Metropolitan","asset_status":"Open","feature_kind":"park","source":"City of Austin PARD park boundaries","retrieved_at":"2026-09-29T00:26:17.696044+00:00","access_claim":"none"}},{"type":"Feature","id":"coa-park/None","geometry":{"type":"Polygon","coordinates":[[[-97.77232,30.27354],[-97.77293,30.27267],[-97.77322,30.27228],[-97.77331,30.27216],[-97.77338,30.27206],[-97.77359,30.27187],[-97.77381,30.27151],[-97.77389,30.27143],[-97.774,30.27131],[-97.77459,30.27121],[-97.77521,30.27045],[-97.77629,30.26967],[-97.77747,30.26936],[-97.77787,30.26921],[-97.77829,30.26891],[-97.77863,30.26856],[-97.77992,30.2679],[-97.78021,30.26775],[-97.7803,30.26785],[-97.78088,30.26765],[-97.781,30.26782],[-97.78116,30.26804],[-97.7813,30.26822],[-97.78141,30.26838],[-97.78123,30.26851],[-97.78104,30.26865],[-97.78107,30.26879],[-97.78054,30.26946],[-97.78037,30.26969],[-97.78005,30.27012],[-97.77985,30.27036],[-97.77964,30.27061],[-97.77942,30.2709],[-97.77916,30.27125],[-97.77894,30.27153],[-97.7789,30.27151],[-97.77879,30.27165],[-97.77883,30.27168],[-97.77858,30.27196],[-97.77836,30.27224],[-97.7781,30.27255],[-97.77792,30.27278],[-97.77748,30.27332],[-97.77734,30.27349],[-97.77715,30.27373],[-97.77692,30.27402],[-97.77654,30.27449],[-97.77644,30.27462],[-97.77641,30.27466],[-97.77617,30.27496],[-97.77615,30.27499],[-97.77598,30.2752],[-97.7761,30.27534],[-97.7763,30.27558],[-97.77661,30.27596],[-97.77663,30.27642],[-97.77634,30.27631],[-97.77609,30.27612],[-97.7759,30.27607],[-97.77569,30.27589],[-97.7756,30.27582],[-97.77542,30.27566],[-97.7753,30.27552],[-97.77522,30.27543],[-97.77512,30.27533],[-97.77497,30.27519],[-97.77487,30.27509],[-97.7746,30.27487],[-97.77451,30.27483],[-97.77432,30.27474],[-97.77418,30.27467],[-97.77394,30.27457],[-97.7736,30.2744],[-97.77319,30.27417],[-97.77302,30.27406],[-97.77284,30.27395],[-97.77279,30.27392],[-97.77269,30.27386],[-97.77248,30.2737],[-97.77242,30.27366],[-97.7724,30.27364],[-97.77238,30.27362],[-97.77236,30.2736],[-97.77235,30.27359],[-97.77234,30.27356],[-97.77234,30.27355],[-97.77232,30.27354]]]},"properties":{"name":"Zilker Nature Preserve","address":"301 Nature Center Dr., Austin, Texas 78746","park_type":"Nature Preserve","asset_status":"Open","feature_kind":"park","source":"City of Austin PARD park boundaries","retrieved_at":"2026-09-29T00:26:17.696044+00:00","access_claim":"none"}}]}
