{"type":"FeatureCollection","features":[{"type":"Feature","id":"way/31511193","properties":{"name":"Bull Creek","feature_kind":"waterway","osm_id":31511193,"source":"OpenStreetMap","retrieved_at":"2026-09-28T16:35:48.031322+00:00","access_claim":"none"},"geometry":{"type":"LineString","coordinates":[[-97.8081385,30.419095],[-97.8078908,30.4191209],[-97.8076997,30.4190965],[-97.8071564,30.4189653],[-97.8066096,30.4188615],[-97.8061477,30.418773],[-97.8057991,30.4187547],[-97.8054169,30.4186631],[-97.8048318,30.4183243],[-97.8043134,30.4180729],[-97.8039714,30.4179985],[-97.8036002,30.4178378],[-97.803309,30.4177926],[-97.8029146,30.4177939],[-97.802377,30.4177169],[-97.8020322,30.4177431],[-97.8015393,30.417904],[-97.800589,30.4183167],[-97.8003674,30.4184008],[-97.7998745,30.4185112],[-97.7996479,30.4185334],[-97.7993643,30.4185191],[-97.7991803,30.4184928],[-97.798912,30.4185244],[-97.7986469,30.4185744],[-97.797881,30.4188599],[-97.797501,30.4190284],[-97.7971584,30.4192502],[-97.7969798,30.4193943],[-97.7969419,30.4194249],[-97.7966078,30.419601],[-97.7959383,30.4197417],[-97.7953507,30.4199573],[-97.7947023,30.4200451],[-97.7943667,30.4200903],[-97.79403,30.4201053],[-97.7937516,30.4200724],[-97.7935106,30.4199903],[-97.7932632,30.4197908],[-97.7930585,30.4196258],[-97.7929351,30.4190959],[-97.7930716,30.4187572],[-97.793784,30.4182539],[-97.7944534,30.4175878],[-97.7949684,30.4170327],[-97.7952431,30.4167366],[-97.7955177,30.416137],[-97.7956636,30.4156559],[-97.7956428,30.4152854],[-97.7955236,30.4150998],[-97.7949255,30.4146937],[-97.7942045,30.4142348],[-97.793741,30.4138055],[-97.7933376,30.4134576],[-97.7931574,30.4133169],[-97.7930623,30.4131957],[-97.7929906,30.4131044],[-97.7928251,30.4128025],[-97.7927041,30.412348],[-97.7926424,30.4119253],[-97.7926161,30.4115034],[-97.7926767,30.4110149],[-97.7928141,30.4105041],[-97.7930029,30.4102524],[-97.7931831,30.409949],[-97.7933206,30.4097261],[-97.7934342,30.4093303],[-97.7934236,30.4091858],[-97.7934836,30.4083123],[-97.7934808,30.4072802],[-97.7935361,30.4065483],[-97.7935513,30.4059608],[-97.7935555,30.4057212],[-97.7935591,30.4055128],[-97.7935911,30.4047318],[-97.7935313,30.4045516],[-97.7933482,30.4044298],[-97.7929601,30.4043001],[-97.7922048,30.4042853],[-97.7905654,30.404463],[-97.7897157,30.4046554],[-97.7890973,30.4047411],[-97.7887707,30.4047792],[-97.7884454,30.4048701],[-97.788182,30.4049419],[-97.7874241,30.4049736],[-97.7870574,30.4049747],[-97.7867709,30.4049405],[-97.7865106,30.4048217],[-97.7860346,30.4045387],[-97.7859973,30.4045165],[-97.7853982,30.4040071],[-97.7851746,30.4038245],[-97.7849097,30.4034715],[-97.7846841,30.4032925],[-97.7845143,30.4030417],[-97.7842574,30.4027316],[-97.7841196,30.4024892],[-97.7838105,30.4018942],[-97.7830073,30.3997581],[-97.7830178,30.3995493],[-97.7831754,30.3993698],[-97.7831668,30.3987183],[-97.7829762,30.3982015],[-97.7826604,30.39783],[-97.7817939,30.3976186],[-97.7815668,30.3975846],[-97.7810492,30.3975072],[-97.7802503,30.397313],[-97.7790247,30.3970196],[-97.7786159,30.3971175],[-97.7783209,30.3971268],[-97.7775313,30.3969417],[-97.7769648,30.3967936],[-97.7766829,30.3963204],[-97.7765446,30.3958047],[-97.7765821,30.3952187],[-97.776692,30.3945184],[-97.7771383,30.3934627],[-97.7772481,30.393203],[-97.7778007,30.3922878],[-97.7778918,30.3921369],[-97.7782179,30.3916482],[-97.7787587,30.3910929],[-97.7792222,30.3906709],[-97.7792222,30.3903526],[-97.7790333,30.3899824],[-97.7785708,30.3896669],[-97.7778489,30.3895382],[-97.7768456,30.3897252],[-97.7760699,30.3899656],[-97.7754898,30.3901549],[-97.7751109,30.3902785],[-97.7747675,30.3905155],[-97.7743126,30.3907894],[-97.7738623,30.3909005],[-97.7733943,30.3908042],[-97.7729823,30.3905969],[-97.7722613,30.3900786],[-97.7717581,30.3896979],[-97.7713257,30.3891309],[-97.7709652,30.3886127],[-97.7707764,30.3881758],[-97.7705704,30.387428],[-97.7703301,30.3865025],[-97.7701787,30.3854604],[-97.7700992,30.3848684],[-97.7701763,30.3843949],[-97.7703988,30.383763],[-97.7704417,30.3834891],[-97.7704067,30.3827547],[-97.7703771,30.3826786],[-97.7703538,30.3825793],[-97.7704328,30.3823314],[-97.7705389,30.3822753],[-97.7713644,30.3818815],[-97.7727162,30.3808975],[-97.7737488,30.3799859],[-97.7738234,30.3799201],[-97.7739122,30.3798101],[-97.7739659,30.3797436],[-97.7742955,30.3793352],[-97.7743985,30.3785725],[-97.7743756,30.3779834],[-97.7743926,30.3779535],[-97.7746478,30.3775042],[-97.775038,30.3771438],[-97.775667,30.3770719],[-97.7765046,30.3772045],[-97.7772738,30.3774544],[-97.7776142,30.3777068],[-97.7778231,30.3778617],[-97.7784325,30.3780912],[-97.778959,30.3783007],[-97.7790762,30.3783504],[-97.7796685,30.3785947],[-97.7800976,30.3787946],[-97.7801405,30.3788256],[-97.7802264,30.3788835],[-97.7809989,30.3788909],[-97.7814795,30.3788613],[-97.7822377,30.378525],[-97.7829352,30.378162],[-97.7832562,30.3778839],[-97.7837111,30.3776173],[-97.7839402,30.3773267],[-97.7840029,30.3772471],[-97.784166,30.3766917],[-97.7841746,30.3762696],[-97.7843249,30.3757852],[-97.7843377,30.3757439],[-97.7844922,30.3750034],[-97.7846123,30.3738334],[-97.7846123,30.37293],[-97.784784,30.3721006],[-97.7849385,30.3714342],[-97.7850168,30.3710823],[-97.7850429,30.3709098],[-97.785065,30.3707912],[-97.7850844,30.3706996],[-97.7851943,30.3701822],[-97.7854449,30.3695829],[-97.7855211,30.3692705],[-97.7855822,30.3690201],[-97.785565,30.368635],[-97.7854363,30.3683091],[-97.7850758,30.3677463],[-97.7849213,30.3674131],[-97.784913,30.3670273],[-97.7849127,30.3670132],[-97.7851809,30.366557],[-97.7852131,30.3665022],[-97.785391,30.3663323],[-97.7854535,30.3662726],[-97.7856852,30.3662208],[-97.7864234,30.3663097],[-97.7872798,30.3663911],[-97.7877115,30.3663633],[-97.7880657,30.3663008],[-97.7881142,30.3662948],[-97.7883631,30.3661245],[-97.7884983,30.3659875],[-97.7886111,30.3657372],[-97.7888309,30.3654978],[-97.7891699,30.3650285],[-97.7892987,30.36471],[-97.7892987,30.3642361],[-97.7891519,30.3636549],[-97.7889269,30.362745],[-97.788806,30.3625802],[-97.7888449,30.3622623],[-97.7885863,30.3613922],[-97.7883143,30.3606896],[-97.7882086,30.3602073],[-97.788251,30.3594274],[-97.7880627,30.3591112],[-97.7880181,30.358849],[-97.7879981,30.3582573],[-97.7879122,30.357887],[-97.7877084,30.3574889],[-97.7874529,30.3572685],[-97.7873973,30.3572205],[-97.7865604,30.3569798],[-97.7852408,30.3566742],[-97.7844453,30.3563204],[-97.7842001,30.3562114],[-97.7836636,30.3557947],[-97.7832345,30.3551559],[-97.783095,30.3546282],[-97.7831057,30.3540542],[-97.7835134,30.3532488],[-97.7840928,30.3526377],[-97.7848438,30.3522489],[-97.7860669,30.3519526],[-97.787011,30.3518786],[-97.7878157,30.3519434],[-97.7889422,30.3521285],[-97.7895538,30.352073],[-97.7906481,30.3517119],[-97.7908949,30.3515082],[-97.7911631,30.3510268],[-97.7912167,30.3505268],[-97.7912275,30.3500732],[-97.7913347,30.3498417],[-97.7914635,30.3497584],[-97.791603,30.3496936],[-97.7917639,30.3495269],[-97.7918068,30.3492399],[-97.7916137,30.3479529],[-97.7916967,30.3477434],[-97.7917022,30.3477364],[-97.7922136,30.3468983]]}},{"type":"Feature","id":"way/37342831","properties":{"name":"Blunn Creek","feature_kind":"waterway","osm_id":37342831,"source":"OpenStreetMap","retrieved_at":"2026-09-28T16:35:48.031322+00:00","access_claim":"none"},"geometry":{"type":"LineString","coordinates":[[-97.7473893,30.2299681],[-97.747299,30.2302199],[-97.7472591,30.2306145],[-97.7472857,30.2308839],[-97.7472987,30.2310524],[-97.7474063,30.2314307],[-97.7473792,30.2316411],[-97.7474791,30.2319197],[-97.7477405,30.2325145],[-97.7477359,30.2328682],[-97.7477403,30.2330301],[-97.7477658,30.2331709],[-97.7479536,30.2334183],[-97.7482172,30.23376],[-97.7484117,30.2345421],[-97.7484125,30.2346625],[-97.7482292,30.2349818],[-97.7481592,30.2350645],[-97.7481051,30.2352371],[-97.7480748,30.2354231],[-97.7480707,30.2357],[-97.7481083,30.2364549],[-97.7480897,30.2364904],[-97.7478201,30.2366607],[-97.7475539,30.2368181],[-97.7475039,30.2369085],[-97.7475006,30.2372889],[-97.7474812,30.2380846],[-97.7474563,30.2381538],[-97.7472088,30.238349],[-97.7470846,30.2385439],[-97.7471479,30.238696],[-97.7472929,30.2388746],[-97.7473983,30.2391787],[-97.7473502,30.2393576],[-97.7473422,30.2394582]]}},{"type":"Feature","id":"way/148902248","properties":{"name":"Shoal Creek","feature_kind":"waterway","osm_id":148902248,"source":"OpenStreetMap","retrieved_at":"2026-09-28T16:35:48.031322+00:00","access_claim":"none"},"geometry":{"type":"LineString","coordinates":[[-97.7350265,30.3752028],[-97.7349837,30.3749114]]}},{"type":"Feature","id":"way/148902249","properties":{"name":"Shoal Creek","feature_kind":"waterway","osm_id":148902249,"source":"OpenStreetMap","retrieved_at":"2026-09-28T16:35:48.031322+00:00","access_claim":"none"},"geometry":{"type":"LineString","coordinates":[[-97.7349837,30.3749114],[-97.736029,30.3724017],[-97.7366142,30.3709966],[-97.7371064,30.3698387],[-97.7371375,30.3696933],[-97.7372179,30.3693178],[-97.7373179,30.3676025],[-97.7371218,30.3668825],[-97.736663,30.3655866],[-97.7392598,30.360658],[-97.7395213,30.3601703],[-97.7394867,30.3582823],[-97.7394906,30.3578277],[-97.7391329,30.3562316],[-97.7387945,30.355641],[-97.7385138,30.35513],[-97.7384896,30.3547954],[-97.7384869,30.3547583],[-97.7386523,30.354317],[-97.7389407,30.3539686],[-97.739406,30.3536733],[-97.7397867,30.3532983],[-97.7401904,30.3529067],[-97.7407749,30.3524754],[-97.7410364,30.3521502],[-97.7411595,30.3517486],[-97.7412325,30.3512077],[-97.7413863,30.3507187],[-97.7416209,30.3503836],[-97.7422516,30.3497813],[-97.7425246,30.3495374],[-97.7429668,30.3492437],[-97.7439502,30.3487921],[-97.7446723,30.3484605],[-97.7449203,30.3482996],[-97.7449953,30.3480773],[-97.7449761,30.3478781],[-97.7450722,30.347752],[-97.7452875,30.3476508],[-97.7453837,30.3475297],[-97.7453548,30.3472924],[-97.7451145,30.3468312],[-97.7449832,30.3464492],[-97.7450487,30.3462674],[-97.745176,30.3461027],[-97.7454106,30.3459368],[-97.7456625,30.3458273],[-97.7458259,30.3456962],[-97.7459432,30.3455004],[-97.7460585,30.3450839],[-97.7461585,30.3446077],[-97.7462893,30.3437084],[-97.7464123,30.3431741],[-97.7464815,30.3427377],[-97.7466469,30.3424473],[-97.7468392,30.3422382],[-97.7471603,30.3420739],[-97.7473621,30.3419511],[-97.747516,30.3417586],[-97.7476217,30.3413919],[-97.7477063,30.3410401],[-97.7476736,30.3406021],[-97.7476525,30.3398388],[-97.7476621,30.3393791],[-97.7480562,30.3385046],[-97.7482912,30.3379003],[-97.7483945,30.3374896],[-97.748487,30.3371235],[-97.7486637,30.3368419],[-97.7489492,30.3366401],[-97.7492429,30.3360182],[-97.7494822,30.3356192],[-97.7496915,30.3350935],[-97.7497595,30.3347603],[-97.7497459,30.3345397],[-97.7496399,30.3340703],[-97.7494359,30.3336596],[-97.7490281,30.3330236],[-97.7487317,30.3327044],[-97.7484054,30.3325566],[-97.7481755,30.3324236],[-97.747963,30.3322932],[-97.7468999,30.3313139],[-97.7463849,30.3306768],[-97.7464278,30.330336],[-97.7468352,30.3298488],[-97.7469827,30.3295439],[-97.7470557,30.329134],[-97.7470673,30.3286062],[-97.7470315,30.32791],[-97.7469975,30.3273818],[-97.7467879,30.3269024],[-97.7463317,30.3264196],[-97.7460399,30.3259183],[-97.7459294,30.3253925],[-97.7458784,30.3244998],[-97.7459067,30.323683],[-97.7459897,30.3232676],[-97.7460017,30.3230531],[-97.7458234,30.3225966],[-97.745609,30.322396],[-97.7454247,30.3221884],[-97.7452789,30.3217813],[-97.7451803,30.3213739],[-97.7452043,30.3210003],[-97.7453546,30.3206389],[-97.7455979,30.3203054],[-97.7457867,30.3201424],[-97.7460099,30.3200683]]}},{"type":"Feature","id":"way/194836554","properties":{"name":"Onion Creek","feature_kind":"waterway","osm_id":194836554,"source":"OpenStreetMap","retrieved_at":"2026-09-28T16:35:48.031322+00:00","access_claim":"none"},"geometry":{"type":"LineString","coordinates":[[-97.8551577,30.0735807],[-97.8544843,30.073806],[-97.853852,30.0743114],[-97.8525828,30.0763103],[-97.8523733,30.0767639],[-97.8521746,30.0771149],[-97.8520492,30.0776696],[-97.8521638,30.0782243],[-97.8515946,30.0793645],[-97.8508479,30.0805318],[-97.8502297,30.0818654],[-97.8496114,30.0831989],[-97.8487424,30.085232],[-97.8478715,30.0865488],[-97.8465859,30.0874415],[-97.8461152,30.0880317],[-97.8452694,30.0886924],[-97.8449454,30.0887392],[-97.8443917,30.0888067],[-97.8443361,30.0888491],[-97.8433318,30.0896147],[-97.8428672,30.0901986],[-97.8427782,30.0904845],[-97.8429568,30.0913035],[-97.8428109,30.0933714],[-97.8424139,30.0940862],[-97.8402896,30.0946246],[-97.8388826,30.0947471],[-97.8383283,30.0946739],[-97.8354386,30.0935496],[-97.8330246,30.0927328],[-97.8324846,30.092524],[-97.8313632,30.0920904],[-97.8293983,30.0914703],[-97.8279193,30.091487],[-97.8264049,30.0922686],[-97.8242806,30.0934661],[-97.8234346,30.0941697],[-97.8228,30.0950256],[-97.822564,30.0958332],[-97.8227571,30.0972719],[-97.8234754,30.0987571],[-97.8254286,30.1002701],[-97.8273292,30.101512],[-97.8284005,30.1019687],[-97.8289067,30.1023409],[-97.8292068,30.1028579],[-97.8293119,30.1035317],[-97.8290603,30.1043753],[-97.8286794,30.1048108],[-97.8279944,30.1052433],[-97.8272585,30.105299],[-97.8267177,30.1052433],[-97.8248723,30.1047885],[-97.8236905,30.1043355],[-97.8221027,30.1041592],[-97.8192208,30.1039605],[-97.8188509,30.104011],[-97.818112,30.1047323],[-97.8178183,30.1052058],[-97.8177661,30.1055141],[-97.8177204,30.1057836],[-97.8180992,30.106501],[-97.8187265,30.1071598],[-97.820428,30.1083981],[-97.8205602,30.1082325],[-97.8206906,30.1082951],[-97.8210865,30.1085212],[-97.8212876,30.1088599],[-97.8222851,30.109522],[-97.8242542,30.1109156],[-97.8255568,30.1125931],[-97.8261037,30.1138708],[-97.8261689,30.1140232],[-97.8264778,30.1148863],[-97.8263576,30.1155784],[-97.8256432,30.1167722],[-97.8248493,30.1184156],[-97.8242943,30.1208038],[-97.824227,30.1215608],[-97.823712,30.1238251],[-97.8225764,30.1250295],[-97.8222714,30.1254009],[-97.8219559,30.1259165],[-97.8207079,30.1276112],[-97.8205767,30.1278494]]}},{"type":"Feature","id":"way/195841340","properties":{"name":"Onion Creek","feature_kind":"waterway","osm_id":195841340,"source":"OpenStreetMap","retrieved_at":"2026-09-28T16:35:48.031322+00:00","access_claim":"none"},"geometry":{"type":"LineString","coordinates":[[-97.8205767,30.1278494],[-97.8197998,30.1285433],[-97.819512,30.1287211],[-97.8192505,30.1288369],[-97.818683,30.1300961],[-97.8181096,30.1308288],[-97.8176129,30.131099],[-97.817396,30.1313],[-97.8169256,30.1317361],[-97.8166383,30.1320568],[-97.8165121,30.1324561],[-97.8164632,30.1328963],[-97.8160151,30.1331869],[-97.8152255,30.1335462],[-97.8148611,30.1336159],[-97.813995,30.1333796],[-97.8135947,30.1334154],[-97.8122266,30.1332486],[-97.8105,30.1332615],[-97.8104369,30.1332563],[-97.8100003,30.1331245],[-97.8091048,30.1326732],[-97.8081114,30.1325578],[-97.8071587,30.1328176],[-97.8062158,30.1333257],[-97.8053218,30.1339486],[-97.8044518,30.1344681],[-97.8032701,30.1348545],[-97.8009376,30.1351529],[-97.8008463,30.1351818],[-97.8006589,30.1354136],[-97.7993937,30.1356406],[-97.7985317,30.1356511],[-97.7973739,30.1353039],[-97.7948677,30.1347699],[-97.7934258,30.1343023],[-97.7921297,30.1339979],[-97.7917099,30.1337362],[-97.7910107,30.1332967],[-97.7909762,30.1331908],[-97.7908755,30.1329263],[-97.7905708,30.1324403],[-97.7902619,30.1322054],[-97.7887909,30.1315186],[-97.7874605,30.1305238],[-97.7858297,30.1297221],[-97.7844564,30.1291728],[-97.784083,30.1291379],[-97.7839726,30.1291342],[-97.7838773,30.1293064],[-97.7832978,30.1294357],[-97.7826461,30.1296656],[-97.7821363,30.1298201],[-97.7816343,30.1303316],[-97.7814392,30.1307469],[-97.7812951,30.131159],[-97.7811611,30.1319379],[-97.7812142,30.1340667],[-97.781521,30.1353489],[-97.782016,30.1361745],[-97.7824337,30.1365286],[-97.7825419,30.1367327],[-97.7827015,30.1368985],[-97.7833836,30.1375238],[-97.7837053,30.1376999],[-97.7840359,30.1377613],[-97.7850573,30.1377391],[-97.7853077,30.1377893],[-97.7855125,30.1379552],[-97.7860243,30.1383423],[-97.7865128,30.138884],[-97.7866446,30.1389667],[-97.78676,30.1389667],[-97.7870182,30.1391589],[-97.7871773,30.1393424],[-97.7871344,30.139669],[-97.7866365,30.1399807],[-97.7864674,30.1402977],[-97.7871515,30.1412426],[-97.7871687,30.1417325],[-97.7864185,30.1427727],[-97.7862521,30.1429895],[-97.7861204,30.1430528],[-97.7860016,30.1430578],[-97.7858557,30.143022],[-97.7857631,30.142958],[-97.7854178,30.1428647],[-97.7850994,30.1428484],[-97.7846548,30.1430731],[-97.7840772,30.143419],[-97.7834015,30.1438836],[-97.782844,30.144113],[-97.7799651,30.1446537],[-97.7785436,30.1448509],[-97.7779736,30.1448083],[-97.777316,30.1447118],[-97.776771,30.144412],[-97.7759865,30.144476],[-97.7751585,30.1444701],[-97.7747402,30.1446439],[-97.7743605,30.1453012],[-97.7742201,30.1455679],[-97.7741311,30.1458906],[-97.7743044,30.1464207],[-97.7747546,30.1474938],[-97.775469,30.148845],[-97.7765098,30.1503937],[-97.7768639,30.1508413],[-97.7771905,30.151006],[-97.7775848,30.1511235],[-97.7778702,30.1511474],[-97.778188,30.151149],[-97.7787296,30.151106],[-97.7791966,30.1511362],[-97.7793716,30.1512224],[-97.7799297,30.1516393],[-97.7802407,30.1521217],[-97.7803053,30.1526413],[-97.7804151,30.1532498],[-97.7804835,30.1533923]]}},{"type":"Feature","id":"way/259093283","properties":{"name":"Barton Creek","feature_kind":"waterway","osm_id":259093283,"source":"OpenStreetMap","retrieved_at":"2026-09-28T16:35:48.031322+00:00","access_claim":"none"},"geometry":{"type":"LineString","coordinates":[[-98.1210628,30.244054],[-98.1208323,30.24296],[-98.1206391,30.242401],[-98.1204768,30.2421425],[-98.1201952,30.2421004],[-98.1198699,30.2421858],[-98.1189171,30.2426634],[-98.1181879,30.2431238],[-98.1174196,30.2436464],[-98.1172759,30.2438946],[-98.1172015,30.2446345],[-98.1171176,30.2456041],[-98.1170009,30.2460351],[-98.1167431,30.2463386],[-98.1163981,30.2465407],[-98.1162367,30.2465902],[-98.1159868,30.2465247],[-98.1155334,30.2461005],[-98.1147685,30.244994],[-98.1142276,30.2442902],[-98.113784,30.2438384],[-98.1134466,30.2437224],[-98.1129949,30.2436876],[-98.1126664,30.2437396],[-98.1125022,30.2439212],[-98.1123511,30.2449064],[-98.1123346,30.2469412],[-98.1123674,30.2473977],[-98.1123378,30.2478166],[-98.1122381,30.2481862],[-98.1119004,30.2483727],[-98.1115314,30.2484041],[-98.1111923,30.2483171],[-98.1107144,30.2479945],[-98.1098405,30.2470196],[-98.1077472,30.2447871],[-98.1072456,30.2441055],[-98.1048301,30.2424331],[-98.1038688,30.2417921],[-98.1036071,30.2417152],[-98.1031898,30.2415737],[-98.1027561,30.2415758],[-98.1022417,30.2418416],[-98.1012547,30.2425871],[-98.1006775,30.2429451],[-98.0987814,30.2435847],[-98.0986161,30.2437],[-98.0986885,30.2438857],[-98.0986422,30.2440678],[-98.098398,30.2442152],[-98.0982227,30.2442569],[-98.0977622,30.2441285],[-98.0973468,30.2440535],[-98.0972203,30.2440564],[-98.0967136,30.2440681],[-98.0962682,30.243924],[-98.0960019,30.2437567],[-98.0954102,30.2429943],[-98.0949388,30.2425834],[-98.0927554,30.2415134],[-98.0920789,30.2411667],[-98.0913761,30.2408066],[-98.0905719,30.2405968],[-98.0899492,30.2405316],[-98.0893334,30.2405063],[-98.088817,30.2405082],[-98.087843,30.2406377],[-98.0876549,30.2406739],[-98.0869951,30.2408009],[-98.0868346,30.2407933],[-98.0864391,30.2406652],[-98.0863008,30.2407083],[-98.0860126,30.2409626],[-98.0858714,30.2410338],[-98.0851826,30.2412311],[-98.0844351,30.2416295],[-98.0842037,30.2418494],[-98.0838419,30.2423783],[-98.0836184,30.2425542],[-98.0833126,30.2427326],[-98.0830098,30.2429092],[-98.0824742,30.2430877],[-98.0816828,30.2435648],[-98.079787,30.2440497],[-98.0784872,30.244029],[-98.077811,30.2440038],[-98.0771068,30.2438285],[-98.0766917,30.2436715],[-98.0762428,30.2435002],[-98.0760912,30.2434096],[-98.0760329,30.2432434],[-98.0760771,30.2429362],[-98.0759572,30.2426441],[-98.0758056,30.2423167],[-98.0757006,30.2421304],[-98.0748903,30.2414001],[-98.0741033,30.2408864],[-98.0737279,30.2406058],[-98.0732755,30.2404533],[-98.0728441,30.240141],[-98.0725701,30.2398489],[-98.0723951,30.2396534],[-98.0720436,30.239404],[-98.0718091,30.2393145],[-98.0713867,30.239315],[-98.0709786,30.2392596],[-98.0705515,30.2394193],[-98.07004,30.2392294],[-98.0698768,30.239169],[-98.0697728,30.239111],[-98.0696611,30.2390884],[-98.0693696,30.2388819],[-98.0685418,30.2385696],[-98.0681628,30.2384336],[-98.0679588,30.2385394],[-98.0678247,30.2386401],[-98.067679,30.238615],[-98.0669153,30.2381969],[-98.0656969,30.2374868],[-98.0652792,30.237214],[-98.0651955,30.2371594],[-98.0649157,30.2369328],[-98.0647627,30.2367613],[-98.0647,30.236691],[-98.0645309,30.2365097],[-98.0643152,30.2364442],[-98.0640587,30.2363183],[-98.0636915,30.2363133],[-98.0633767,30.2363384],[-98.0632193,30.2362881],[-98.0630327,30.236278],[-98.0628811,30.2362679],[-98.0627197,30.2362412],[-98.0626071,30.2362226],[-98.0619192,30.2362528],[-98.0613946,30.236414],[-98.0611964,30.2365449],[-98.0609107,30.2366054],[-98.0596725,30.2368054],[-98.0592784,30.2366154],[-98.0590918,30.2364543],[-98.0589169,30.2361571],[-98.0587945,30.2356031],[-98.0588287,30.2347263],[-98.0591912,30.2337702],[-98.059664,30.2326657],[-98.060146,30.2322846],[-98.0606944,30.2317572],[-98.061062,30.2305449],[-98.0610679,30.2303267],[-98.0607239,30.2293713],[-98.0602862,30.2288779],[-98.0599541,30.2286923],[-98.0582241,30.2281078],[-98.0575736,30.2279561],[-98.0568706,30.2278467],[-98.0567831,30.22773],[-98.0557547,30.227691],[-98.0549296,30.2277851],[-98.0545687,30.2277964],[-98.0539171,30.2280823],[-98.053685,30.2281204],[-98.0532674,30.2281634],[-98.0519831,30.2279082],[-98.0499753,30.2266911],[-98.0492333,30.2260869],[-98.0488589,30.2258311],[-98.0470283,30.225014],[-98.046476,30.2248475],[-98.0458933,30.2247518],[-98.0453023,30.2247426],[-98.0441414,30.2247396],[-98.0437769,30.2247671],[-98.0435292,30.2248894],[-98.0433557,30.2251769],[-98.0430868,30.2252411],[-98.0425877,30.2253237],[-98.0421383,30.2254888],[-98.0417206,30.2255255],[-98.0413419,30.2255867],[-98.0409491,30.225553],[-98.0405669,30.2255805],[-98.0401634,30.2256845],[-98.0397741,30.2258374],[-98.039395,30.2260526],[-98.0391795,30.2263664],[-98.0390698,30.2267151],[-98.0390238,30.22703],[-98.0390556,30.2273267],[-98.0391866,30.2278098],[-98.0393918,30.2280697],[-98.039629,30.228296],[-98.0399086,30.2288067],[-98.0398838,30.2293296],[-98.039721,30.2299626],[-98.039137,30.2306139],[-98.0386026,30.2312378],[-98.0384044,30.2315558],[-98.038139,30.2317056],[-98.0378346,30.2317729],[-98.0373887,30.2319227],[-98.0365605,30.2319655],[-98.0363375,30.2319288],[-98.0360792,30.2319258],[-98.035842,30.2319655],[-98.0356291,30.2320753],[-98.035343,30.2322254],[-98.0350988,30.2324517],[-98.0349325,30.2326811],[-98.0348459,30.2329308],[-98.0346591,30.2335577],[-98.0347695,30.2340421],[-98.0349077,30.2345769],[-98.0351342,30.2348918],[-98.0351738,30.2349489],[-98.0355801,30.235534],[-98.0356686,30.2359131],[-98.0356399,30.2364161],[-98.0354323,30.2367221],[-98.0352751,30.2369538],[-98.0348015,30.2372707],[-98.0342742,30.2374542],[-98.0332584,30.2376377],[-98.0324128,30.237747],[-98.0313189,30.2378884],[-98.0294064,30.2383599],[-98.0290653,30.2382993],[-98.0287383,30.238312],[-98.0285939,30.2382519],[-98.0282443,30.2381613],[-98.0279655,30.2380094],[-98.0274744,30.2378109],[-98.0272522,30.2376002],[-98.027069,30.2372947],[-98.0268145,30.2371542],[-98.0267793,30.237035],[-98.0266167,30.2369525],[-98.0262887,30.2368936],[-98.0257342,30.236639],[-98.0250071,30.2365968],[-98.0247188,30.2366035],[-98.0243467,30.2363661],[-98.0239912,30.2361664],[-98.0238764,30.236028],[-98.023675,30.2358856],[-98.0230316,30.2354663],[-98.0226738,30.235385],[-98.0224348,30.2354392],[-98.0222728,30.2354051],[-98.0221108,30.2354811],[-98.0216404,30.2357441],[-98.0211559,30.2358971],[-98.020158,30.2361432],[-98.0195671,30.2362357],[-98.019146,30.2362549],[-98.0182159,30.2361035],[-98.0174959,30.2359162],[-98.0173991,30.235891],[-98.0169093,30.2358644],[-98.0164194,30.2357644],[-98.0155109,30.2356809],[-98.0154398,30.2356744],[-98.0152359,30.2355986],[-98.0148721,30.2354842],[-98.0145932,30.2353576],[-98.0143468,30.2353612],[-98.0142268,30.2354681],[-98.0140785,30.2358808],[-98.0139093,30.2360456],[-98.0136559,30.236779],[-98.0134867,30.2370418],[-98.0134449,30.2373045],[-98.0131349,30.2378422],[-98.0127644,30.2380346],[-98.012309,30.2382025],[-98.0119086,30.2385178],[-98.0115719,30.2388821],[-98.0112147,30.2393079],[-98.0110558,30.2396603],[-98.0109497,30.2399399],[-98.0109427,30.2402562],[-98.0110631,30.2405236],[-98.0110844,30.2408398],[-98.0112686,30.2413257],[-98.0113466,30.2414891],[-98.0113396,30.2419827],[-98.0110065,30.2432751],[-98.0106095,30.2437729],[-98.0101589,30.2437358],[-98.0095581,30.2436431],[-98.0091718,30.2434948],[-98.0086488,30.2430813],[-98.0083681,30.2429292],[-98.0080378,30.2428138],[-98.0078904,30.24278],[-98.0077359,30.2428318],[-98.0074127,30.2431311],[-98.0069811,30.2434688],[-98.0067619,30.243562],[-98.0061825,30.2439028],[-98.006088,30.2440142],[-98.0061255,30.2441301],[-98.0062429,30.2442947],[-98.0062623,30.2444803],[-98.0062462,30.2446875],[-98.0062937,30.2448336],[-98.0064741,30.2451615],[-98.0065477,30.2452805],[-98.006678,30.2453689],[-98.0073281,30.2456478],[-98.0076583,30.2457607],[-98.0079685,30.2458691],[-98.0083643,30.2459447],[-98.0086011,30.245955],[-98.0088273,30.2459133],[-98.0090606,30.2459682],[-98.0092727,30.2460719],[-98.0096367,30.2463773],[-98.0100715,30.24674],[-98.0104779,30.2471241],[-98.0108278,30.2475694],[-98.0111352,30.2480391],[-98.0113841,30.2483878],[-98.0114094,30.2485744],[-98.0113427,30.2487457],[-98.0111802,30.2488583],[-98.0104231,30.2490717],[-98.0101898,30.249143],[-98.0099459,30.249303],[-98.0096357,30.2495144],[-98.0093112,30.2495974],[-98.0088464,30.2497207],[-98.0081043,30.2499153],[-98.0078801,30.2500782],[-98.0076795,30.2501288],[-98.0070729,30.2501566],[-98.0064645,30.2501791],[-98.0054527,30.2500519],[-98.0051223,30.2501048],[-98.0048131,30.250225],[-98.004276,30.2505663],[-98.0036222,30.2507623],[-98.0033024,30.2509489],[-98.0031425,30.251082],[-98.00311,30.2512273],[-98.0030604,30.251666],[-98.0030692,30.2518885],[-98.0031134,30.2521048],[-98.0033334,30.2523157],[-98.0034966,30.2524334],[-98.003596,30.2525939],[-98.0036274,30.2530969],[-98.0036077,30.2534463],[-98.0035562,30.2536519],[-98.0035241,30.2540292],[-98.0035204,30.2542376],[-98.0034105,30.2544339],[-98.0032354,30.2547259],[-98.0029337,30.2549582],[-98.002436,30.2551312],[-98.001187,30.2553058],[-97.9999592,30.2552787],[-97.9995034,30.2553187],[-97.9992791,30.2552928],[-97.9990476,30.2553097],[-97.9988864,30.2553956],[-97.9987008,30.2556274],[-97.998579,30.2559081],[-97.9984751,30.2561924],[-97.9983147,30.2563239],[-97.9981565,30.2563974],[-97.9975855,30.2567645],[-97.9969741,30.2572238],[-97.9967598,30.2576096],[-97.9967872,30.2578086],[-97.9968924,30.2580382],[-97.9970507,30.2584108],[-97.9971878,30.258545],[-97.9974124,30.2587339],[-97.9974936,30.25891],[-97.9975572,30.2592189],[-97.9975996,30.2595247],[-97.997734,30.2598428],[-97.9977693,30.2600264],[-97.9976882,30.260509],[-97.9976477,30.2608558],[-97.9975541,30.2612025],[-97.9975131,30.2614073],[-97.9974396,30.2615433],[-97.9973448,30.2615815],[-97.9968029,30.2618616],[-97.9966431,30.2618789],[-97.9964724,30.2618583],[-97.9963151,30.261819],[-97.9961409,30.2617779],[-97.9958677,30.2617368],[-97.9956432,30.2617647],[-97.995577,30.2618153],[-97.9954766,30.2618712],[-97.9953698,30.2618747],[-97.9951922,30.2618476],[-97.9950055,30.2616501],[-97.9947268,30.2614832],[-97.9945657,30.2614306],[-97.9941905,30.2613796],[-97.9938224,30.2614263],[-97.9930358,30.2616038],[-97.9927738,30.2616965],[-97.9926877,30.2617568],[-97.9926635,30.2617737],[-97.9924799,30.2619023],[-97.9923872,30.2619684],[-97.9923017,30.2620468],[-97.9922091,30.2621222],[-97.9921589,30.2622219],[-97.9921344,30.2624981],[-97.9921666,30.2627743],[-97.9923239,30.2631203],[-97.9925601,30.2632622],[-97.9927821,30.2634347],[-97.9931613,30.2635672],[-97.9933917,30.2636381],[-97.993622,30.2636357],[-97.9947517,30.2638174],[-97.9952998,30.2640631],[-97.9957062,30.2644834],[-97.9960692,30.2651126],[-97.9961935,30.2655895],[-97.9962233,30.2659218],[-97.9958788,30.2663327],[-97.9951908,30.2668404],[-97.9943027,30.2677385],[-97.9941047,30.2678158],[-97.9938349,30.267854],[-97.9936216,30.2677424],[-97.9931322,30.2676451],[-97.9927277,30.2674317],[-97.9922507,30.2672395],[-97.9918565,30.267229],[-97.9916028,30.2672176],[-97.9912565,30.2671753],[-97.9910409,30.2671205],[-97.990581,30.2670779],[-97.9904517,30.2670635],[-97.9901004,30.2671633],[-97.989762,30.2672254],[-97.9893987,30.2672233],[-97.9887154,30.2673076],[-97.9882432,30.2674784],[-97.9877992,30.2678019],[-97.9873902,30.2683921],[-97.9870351,30.2689991],[-97.9869069,30.269457],[-97.9868544,30.2701291],[-97.9867459,30.2702688],[-97.9868465,30.2704192],[-97.9869262,30.270599],[-97.9869268,30.2707649],[-97.9867786,30.2710644],[-97.9864597,30.2716435],[-97.986135,30.2722732],[-97.9859497,30.272494],[-97.9855429,30.2729403],[-97.9852716,30.2731844],[-97.9850913,30.2733429],[-97.9849076,30.2733921],[-97.9847416,30.2733937],[-97.9840787,30.2732526],[-97.9837196,30.2730886],[-97.9833537,30.2728488],[-97.9826287,30.2720564],[-97.9822961,30.271114],[-97.9823819,30.2697797],[-97.9825566,30.2684604],[-97.982646,30.268314],[-97.9828035,30.2682276],[-97.9828675,30.268089],[-97.9829345,30.2677245],[-97.9829023,30.2673399],[-97.9826986,30.2669252],[-97.9824845,30.2666791],[-97.9822634,30.2662931],[-97.9815519,30.2655975],[-97.9802317,30.2650086],[-97.9798211,30.2649426],[-97.9794854,30.2650642],[-97.9788454,30.2658184],[-97.9784319,30.2660197],[-97.9780442,30.2663177],[-97.9775885,30.2668271],[-97.9772422,30.2674586],[-97.9771165,30.2683509],[-97.9775325,30.269965],[-97.9774441,30.2709954],[-97.9769905,30.2718986],[-97.9765873,30.2722795],[-97.9760774,30.2723918],[-97.9759447,30.272421],[-97.9753398,30.2723992],[-97.9750747,30.2723068],[-97.9746259,30.2720896],[-97.9741436,30.2713781],[-97.9738036,30.2706947],[-97.9737713,30.2703808],[-97.9736118,30.2700799],[-97.9725819,30.268952],[-97.9722157,30.2679601],[-97.9713274,30.2665646],[-97.9703549,30.2653847],[-97.9696126,30.2649031],[-97.969017,30.2649244],[-97.968875,30.2649294],[-97.9667551,30.2653015],[-97.9665848,30.2653925],[-97.9664632,30.2655671],[-97.9663198,30.2657801],[-97.9661365,30.2661514],[-97.9660312,30.2664624],[-97.9659216,30.2669625],[-97.9659138,30.2672349],[-97.9659451,30.2674996],[-97.9659955,30.2676985],[-97.9660582,30.267923],[-97.9662068,30.2681724],[-97.9662682,30.2683946],[-97.9662623,30.2686177],[-97.9662013,30.2687723],[-97.9661207,30.2688935],[-97.9660026,30.2690337],[-97.9659241,30.269199],[-97.9657886,30.2697742],[-97.9656192,30.2702667],[-97.9654571,30.2706686],[-97.9652806,30.2708959],[-97.9650614,30.2710663],[-97.9647835,30.2711573],[-97.9645368,30.2712082],[-97.9642171,30.2712099],[-97.9627323,30.2709366],[-97.9623016,30.2707604],[-97.9612599,30.2702481],[-97.9599803,30.2697109],[-97.9592506,30.2694276],[-97.9585947,30.2692911],[-97.9575995,30.269182],[-97.9570729,30.2691786],[-97.9563917,30.2694433],[-97.956252,30.2696288],[-97.9562993,30.2700091],[-97.9563492,30.2702414],[-97.9564853,30.2704284],[-97.9565866,30.271114],[-97.9568271,30.2715793],[-97.9571133,30.2718466],[-97.957718,30.2722254],[-97.9592116,30.2728874],[-97.9597636,30.2729463],[-97.9600493,30.2730975],[-97.9603422,30.2734691],[-97.9604621,30.2739],[-97.9605333,30.274585],[-97.9605106,30.2748443],[-97.9604286,30.2751076],[-97.9602725,30.2753726],[-97.9599238,30.2757585],[-97.9597366,30.2759214],[-97.9593927,30.2761152],[-97.9589411,30.2762549],[-97.9586373,30.2763595],[-97.9583171,30.2764928],[-97.9578249,30.2768294],[-97.9576307,30.2769156],[-97.9574241,30.2769503],[-97.957247,30.2769398],[-97.957013,30.2768912],[-97.95674,30.2768031],[-97.9559461,30.2765993],[-97.9540149,30.2760434],[-97.9525655,30.2759724],[-97.9523624,30.2759481],[-97.952226,30.2758956],[-97.9522204,30.2758908],[-97.9520191,30.2757155],[-97.9519284,30.2756488],[-97.9518492,30.2756262],[-97.9517103,30.2756345],[-97.9514823,30.2757108],[-97.9509894,30.2758951],[-97.9499136,30.2762984],[-97.9490816,30.2765425],[-97.9482414,30.2767347],[-97.9475971,30.2767917],[-97.9469359,30.2767467],[-97.9463154,30.2766502],[-97.9454537,30.2763203],[-97.9449209,30.2760062],[-97.9448252,30.2759397],[-97.9446777,30.2758625],[-97.944261,30.2756237],[-97.9438804,30.2751934],[-97.9437053,30.275195],[-97.9435225,30.2752585],[-97.942887,30.275686],[-97.9424281,30.2759454],[-97.9420925,30.2761742],[-97.9419035,30.2765556],[-97.9419782,30.2774147],[-97.9424587,30.2784296],[-97.9425011,30.2784731],[-97.9428041,30.278901],[-97.9430005,30.2793357],[-97.9431821,30.2797284],[-97.9431193,30.2799068],[-97.9428372,30.2801681],[-97.9423951,30.2807535],[-97.942084,30.2808933],[-97.9418143,30.2809598],[-97.9415241,30.28101],[-97.9400309,30.2810655],[-97.9395598,30.2809731],[-97.938773,30.2803676],[-97.9378296,30.2797001],[-97.9366445,30.2787461],[-97.9357238,30.2782333],[-97.9340658,30.277616],[-97.9338112,30.2774876],[-97.9331748,30.2772827],[-97.932839,30.2774084],[-97.9325835,30.2774864],[-97.9324011,30.2777768],[-97.9322793,30.2783783],[-97.9322306,30.2787319],[-97.9323405,30.2793988],[-97.9324925,30.2798845],[-97.9330546,30.2803913],[-97.9334614,30.281001],[-97.9344513,30.2823052],[-97.9344905,30.2825948],[-97.9345186,30.2830655],[-97.9344224,30.2833797],[-97.9342584,30.2835539],[-97.9341064,30.2837094],[-97.9337938,30.2838133],[-97.9335153,30.2840357],[-97.9333442,30.2843009],[-97.9328909,30.2844978],[-97.9324188,30.2845997],[-97.9318756,30.2846049],[-97.9307394,30.2842714],[-97.9297957,30.2837914],[-97.929109,30.283349],[-97.928177,30.2829114],[-97.9271377,30.2825386],[-97.9267943,30.2823913],[-97.9265233,30.282188],[-97.9264252,30.2821604],[-97.9261167,30.2820933],[-97.9258675,30.282176],[-97.9256757,30.2823395],[-97.9252681,30.2826726],[-97.9250347,30.2829459],[-97.9248175,30.2832749],[-97.9246994,30.2836836],[-97.9246672,30.2840924],[-97.9246805,30.2842568],[-97.9247477,30.2850861],[-97.9248972,30.2856159],[-97.9250578,30.2858245],[-97.9252176,30.2859977],[-97.9255599,30.2861432],[-97.9258688,30.2863994],[-97.9259578,30.2866642],[-97.9260781,30.2871057],[-97.9259668,30.2873848],[-97.9257696,30.2876176],[-97.9254531,30.2878573],[-97.9252278,30.2881896],[-97.9249638,30.2884439],[-97.9246619,30.288588],[-97.9240048,30.2888136],[-97.9232887,30.2889883],[-97.9227115,30.2889033],[-97.9220584,30.2887369],[-97.9205417,30.2877774],[-97.9198939,30.2875351],[-97.9194122,30.2875275],[-97.918877,30.2876808],[-97.9187451,30.2878613],[-97.918525,30.2883286],[-97.918478,30.288606],[-97.9186376,30.2890938],[-97.9192857,30.2898267],[-97.9194012,30.2898842],[-97.9198338,30.2902168],[-97.9200176,30.2903499],[-97.9204239,30.290489],[-97.9206434,30.2905919],[-97.9209586,30.2907854],[-97.9213556,30.2909709],[-97.9218109,30.2910838],[-97.9226025,30.291233],[-97.922969,30.2912673],[-97.9232072,30.2913076],[-97.9236074,30.2912707]]}},{"type":"Feature","id":"way/334419919","properties":{"name":"Shoal Creek","feature_kind":"waterway","osm_id":334419919,"source":"OpenStreetMap","retrieved_at":"2026-09-28T16:35:48.031322+00:00","access_claim":"none"},"geometry":{"type":"LineString","coordinates":[[-97.7352542,30.3771004],[-97.7353567,30.3769252],[-97.7350265,30.3752028]]}},{"type":"Feature","id":"way/334419920","properties":{"name":"Shoal Creek","feature_kind":"waterway","osm_id":334419920,"source":"OpenStreetMap","retrieved_at":"2026-09-28T16:35:48.031322+00:00","access_claim":"none"},"geometry":{"type":"LineString","coordinates":[[-97.7345218,30.3783638],[-97.7352542,30.3771004]]}},{"type":"Feature","id":"way/379554844","properties":{"name":"Williamson Creek","feature_kind":"waterway","osm_id":379554844,"source":"OpenStreetMap","retrieved_at":"2026-09-28T16:35:48.031322+00:00","access_claim":"none"},"geometry":{"type":"LineString","coordinates":[[-97.824859,30.22285],[-97.8246306,30.2227052],[-97.8245691,30.2226664],[-97.8241444,30.2223983],[-97.8235877,30.2221953],[-97.822561,30.2219204],[-97.8217441,30.2225826],[-97.8212524,30.2230011],[-97.820639,30.2232411],[-97.8205258,30.2232854],[-97.8200377,30.2233981],[-97.8195974,30.2234205],[-97.8192748,30.2233817],[-97.8188216,30.2229554],[-97.8186064,30.2226867],[-97.8183939,30.2219812],[-97.8178802,30.2213413],[-97.8178165,30.221262],[-97.8175567,30.2209891],[-97.8175011,30.2207778],[-97.817215,30.2204482],[-97.8163949,30.2199373],[-97.8158673,30.2197055],[-97.8156193,30.2196314]]}},{"type":"Feature","id":"way/384228921","properties":{"name":"Blunn Creek","feature_kind":"waterway","osm_id":384228921,"source":"OpenStreetMap","retrieved_at":"2026-09-28T16:35:48.031322+00:00","access_claim":"none"},"geometry":{"type":"LineString","coordinates":[[-97.7473422,30.2394582],[-97.7474692,30.2397486]]}},{"type":"Feature","id":"way/384228922","properties":{"name":"Blunn Creek","feature_kind":"waterway","osm_id":384228922,"source":"OpenStreetMap","retrieved_at":"2026-09-28T16:35:48.031322+00:00","access_claim":"none"},"geometry":{"type":"LineString","coordinates":[[-97.7474692,30.2397486],[-97.7475927,30.2399364],[-97.7475892,30.2400293],[-97.74744,30.2402702],[-97.7473833,30.2404173],[-97.7473358,30.2405403],[-97.7469128,30.2411071],[-97.7466541,30.241325],[-97.7464471,30.2415978],[-97.7460729,30.2418379],[-97.7457604,30.2421346],[-97.7457201,30.2424534],[-97.7456237,30.2425501],[-97.7452673,30.2426898],[-97.7451104,30.2428257],[-97.7448743,30.2431541],[-97.7448681,30.2432242],[-97.7450061,30.2434162],[-97.7451847,30.243558],[-97.7452227,30.2436244],[-97.7451778,30.2436996],[-97.7450215,30.2438717],[-97.7448222,30.2441021],[-97.7447466,30.2442613],[-97.7447674,30.2444135],[-97.7447626,30.2445124],[-97.7446466,30.2447254],[-97.7445945,30.2448356],[-97.7445872,30.2449353],[-97.7447097,30.2451991],[-97.7447471,30.2453405],[-97.7447951,30.2453956],[-97.7450472,30.2454449],[-97.7451175,30.2455737],[-97.7451204,30.2456871],[-97.7450867,30.2457214],[-97.7450464,30.2457372],[-97.7448744,30.2457379],[-97.7448256,30.2457534],[-97.7447635,30.2458239],[-97.7447805,30.2458972],[-97.7446955,30.2462341],[-97.7446756,30.2463768],[-97.744548,30.2464889],[-97.7442821,30.2464671],[-97.7441503,30.2464804],[-97.7434367,30.2464112],[-97.7432384,30.2464151],[-97.7431791,30.246493],[-97.7431823,30.2465701],[-97.7432037,30.2467501],[-97.7432664,30.2468735],[-97.7434239,30.2470954],[-97.744281,30.2474608],[-97.744607,30.2475083],[-97.7448781,30.2475797],[-97.7449351,30.2476716],[-97.7448995,30.2477796],[-97.744778,30.2479228],[-97.7447195,30.2479587],[-97.7446397,30.2479784],[-97.7443546,30.2481529],[-97.7442271,30.2483383],[-97.7439634,30.2485357],[-97.7438807,30.2485703],[-97.7437547,30.2485404],[-97.7436458,30.2484367],[-97.7431985,30.2483581],[-97.742712,30.2483443],[-97.7423794,30.2483069],[-97.7421809,30.2483229],[-97.7421048,30.2483692],[-97.7420912,30.2484257],[-97.7420954,30.2485351],[-97.7421275,30.2486484],[-97.7421486,30.2487511],[-97.7422,30.249022],[-97.7421479,30.2491922],[-97.7419238,30.2494836],[-97.7417109,30.2498562],[-97.7414646,30.2501625],[-97.7413255,30.2502758],[-97.741122,30.2502954],[-97.7410239,30.250414],[-97.7409924,30.2504989],[-97.7407515,30.2507432],[-97.7407261,30.2507711]]}},{"type":"Feature","id":"way/403870048","properties":{"name":"Blunn Creek","feature_kind":"waterway","osm_id":403870048,"source":"OpenStreetMap","retrieved_at":"2026-09-28T16:35:48.031322+00:00","access_claim":"none"},"geometry":{"type":"LineString","coordinates":[[-97.7475016,30.2297268],[-97.7473893,30.2299681]]}},{"type":"Feature","id":"way/403870049","properties":{"name":"Blunn Creek","feature_kind":"waterway","osm_id":403870049,"source":"OpenStreetMap","retrieved_at":"2026-09-28T16:35:48.031322+00:00","access_claim":"none"},"geometry":{"type":"LineString","coordinates":[[-97.751331,30.2253411],[-97.7511171,30.225458]]}},{"type":"Feature","id":"way/403870050","properties":{"name":"Blunn Creek","feature_kind":"waterway","osm_id":403870050,"source":"OpenStreetMap","retrieved_at":"2026-09-28T16:35:48.031322+00:00","access_claim":"none"},"geometry":{"type":"LineString","coordinates":[[-97.7599074,30.2223157],[-97.7598845,30.2223604],[-97.7596526,30.2223231],[-97.7594559,30.2225637],[-97.7592694,30.2226836],[-97.7590631,30.2225582],[-97.7588729,30.2225106],[-97.7583238,30.2221864],[-97.7581956,30.2221969],[-97.7578967,30.2224646],[-97.7576413,30.2227982],[-97.757612,30.2229648],[-97.7571948,30.2236046],[-97.7571013,30.2236136],[-97.7567599,30.2234902],[-97.7566514,30.2234981],[-97.7563983,30.2238933],[-97.7562747,30.2239516],[-97.7562532,30.2240024],[-97.7562057,30.2242116],[-97.7559546,30.2243752],[-97.7558132,30.2243734],[-97.7554015,30.224182],[-97.7542413,30.2248597],[-97.7539805,30.2249375],[-97.7531148,30.2249828],[-97.7527277,30.2250725],[-97.752515,30.2251218],[-97.7522108,30.2249722],[-97.7519012,30.224943],[-97.7517534,30.2251281],[-97.7514841,30.225332],[-97.751331,30.2253411]]}},{"type":"Feature","id":"way/403870051","properties":{"name":"Blunn Creek","feature_kind":"waterway","osm_id":403870051,"source":"OpenStreetMap","retrieved_at":"2026-09-28T16:35:48.031322+00:00","access_claim":"none"},"geometry":{"type":"LineString","coordinates":[[-97.7511171,30.225458],[-97.7507944,30.2254964],[-97.7505091,30.2255681],[-97.7502968,30.2256719],[-97.7502053,30.2257982],[-97.7500559,30.2258831],[-97.7499903,30.2259699],[-97.7498615,30.2259789],[-97.7497703,30.2258924],[-97.7496355,30.2259673],[-97.7494252,30.2261863],[-97.7490968,30.2265643],[-97.7490522,30.2267926],[-97.7489381,30.2269955],[-97.74895,30.2271463],[-97.7489476,30.2271842],[-97.7488672,30.2272281],[-97.7488349,30.2273236],[-97.7487224,30.2273468],[-97.7484611,30.2272458],[-97.7484071,30.2272478],[-97.7482846,30.2273761],[-97.7482991,30.2274168],[-97.748409,30.2275331],[-97.7486185,30.227577],[-97.7486031,30.2276836],[-97.7484699,30.2278152],[-97.7483831,30.2278707],[-97.7482349,30.2279068],[-97.7480581,30.2280006],[-97.7479071,30.228077],[-97.7477595,30.2282724],[-97.7477446,30.2283495],[-97.7478025,30.2284492],[-97.7477367,30.2285414],[-97.7476204,30.2285482],[-97.7474938,30.2285371],[-97.747234,30.2286776],[-97.7472119,30.2289093],[-97.7475629,30.2294701],[-97.7475016,30.2297268]]}},{"type":"Feature","id":"way/414929800","properties":{"name":"Williamson Creek","feature_kind":"waterway","osm_id":414929800,"source":"OpenStreetMap","retrieved_at":"2026-09-28T16:35:48.031322+00:00","access_claim":"none"},"geometry":{"type":"LineString","coordinates":[[-97.9223271,30.2464401],[-97.9221973,30.2463291],[-97.9220337,30.2462136],[-97.9215413,30.2459466],[-97.9213183,30.2456878],[-97.9212442,30.2455503],[-97.9211417,30.2455372],[-97.9210231,30.2455398],[-97.9209228,30.2455739],[-97.9206482,30.2457195],[-97.9203798,30.2459854],[-97.9198543,30.2464133]]}},{"type":"Feature","id":"way/417039996","properties":{"name":"Onion Creek","feature_kind":"waterway","osm_id":417039996,"source":"OpenStreetMap","retrieved_at":"2026-09-28T16:35:48.031322+00:00","access_claim":"none"},"geometry":{"type":"LineString","coordinates":[[-97.7804835,30.1533923],[-97.780688,30.1542127],[-97.7806274,30.1545079],[-97.7802402,30.1554929],[-97.7802,30.156006],[-97.7799703,30.156536],[-97.7791103,30.157197],[-97.7778186,30.1575096],[-97.7761487,30.1577474],[-97.7750151,30.1573927],[-97.7733671,30.1571033],[-97.7718222,30.1573037],[-97.7712042,30.1577564],[-97.7710154,30.1584985],[-97.7707016,30.1588829],[-97.7705714,30.1589692],[-97.7704412,30.1590371],[-97.7702639,30.1590995],[-97.7700725,30.1591528],[-97.7699377,30.159201],[-97.7697537,30.1593085],[-97.7696388,30.1593347],[-97.7694882,30.1593513],[-97.7689256,30.1593619],[-97.7686253,30.1593901],[-97.7683782,30.1594398],[-97.7682509,30.1594864],[-97.7681413,30.1595482],[-97.7680166,30.1596007],[-97.7678879,30.1596309],[-97.7677605,30.1596496],[-97.7676366,30.1596775],[-97.7673371,30.1598473],[-97.7670776,30.1599831],[-97.7668655,30.1601244],[-97.7666259,30.1603153],[-97.7663837,30.1605199],[-97.7662458,30.1606634],[-97.7660843,30.1608463],[-97.7659172,30.1610572],[-97.7657783,30.1611639],[-97.7654839,30.1614054],[-97.7652451,30.1616138],[-97.7648907,30.1619924],[-97.7647291,30.1622586],[-97.7646493,30.1624613],[-97.764617,30.1625135],[-97.7645706,30.1625626],[-97.7644731,30.1626589],[-97.7644138,30.162745],[-97.7643665,30.1628556],[-97.7642935,30.1631276],[-97.7641842,30.1633669],[-97.7637229,30.1640315],[-97.7636699,30.1642541],[-97.7636442,30.1645013],[-97.7636632,30.1646807],[-97.763676,30.1648179],[-97.7637112,30.1650661],[-97.7637904,30.1653564],[-97.7638858,30.1655862],[-97.7639765,30.1658428],[-97.7641049,30.1660238],[-97.7642246,30.1661072],[-97.7643782,30.1662573],[-97.7644718,30.1663727],[-97.7645314,30.1665042],[-97.7645358,30.1665831],[-97.7645326,30.1666541],[-97.7644786,30.1670501],[-97.7644148,30.1671538],[-97.7643455,30.1672543],[-97.7642487,30.1674669],[-97.7641682,30.1676912],[-97.7640971,30.1680595],[-97.7640729,30.1681474],[-97.7640419,30.1682531],[-97.763874,30.1685909],[-97.7638019,30.1687722],[-97.7637628,30.168916],[-97.7637522,30.1689674],[-97.7637478,30.1690161],[-97.7637334,30.1690662],[-97.7637066,30.1691162],[-97.7636414,30.1692001],[-97.7635521,30.1692678],[-97.7634899,30.1693116],[-97.7634291,30.1693341],[-97.7633681,30.1693222],[-97.7633142,30.1692946],[-97.7632211,30.1692757],[-97.7631433,30.1692808],[-97.7629922,30.1693283],[-97.7628477,30.1693919],[-97.7626766,30.1694699],[-97.7625183,30.1695419],[-97.7624151,30.1696149],[-97.7623116,30.1696177],[-97.7621079,30.1696232],[-97.7619709,30.1696412],[-97.7618555,30.1696752],[-97.7618261,30.1696981],[-97.761809,30.1697209],[-97.7617625,30.1697826],[-97.7617167,30.1698073],[-97.7616678,30.1698212],[-97.7615386,30.1698464],[-97.7613049,30.1698554],[-97.7612417,30.1698564],[-97.7611755,30.1698468],[-97.7609899,30.1697916],[-97.7609304,30.1697851],[-97.7608739,30.1697867],[-97.7607703,30.1698031],[-97.7606096,30.1698449],[-97.7604727,30.1699035],[-97.7603711,30.1699799],[-97.7602779,30.1700898],[-97.7602163,30.1701358],[-97.7601548,30.1701685],[-97.760084,30.1701926],[-97.7600132,30.1702033],[-97.7598275,30.1702227],[-97.7596907,30.1702332],[-97.7596176,30.1702252],[-97.7595538,30.1702118],[-97.7593928,30.1701656],[-97.759198,30.1700323],[-97.7591111,30.1699605],[-97.7588555,30.1697749],[-97.7585098,30.1696075],[-97.7575642,30.1692578],[-97.7574834,30.1692163],[-97.757415,30.1691669],[-97.7571656,30.1688833],[-97.7567994,30.1684621],[-97.7566119,30.1682913],[-97.7565014,30.1681976],[-97.7561777,30.1678835],[-97.7558577,30.1676262],[-97.7555303,30.1673651],[-97.755235,30.167076],[-97.7550139,30.1668881],[-97.7545958,30.1666219],[-97.7544242,30.1665247],[-97.7542784,30.1664315],[-97.7536608,30.1658478],[-97.7534575,30.1657021],[-97.7531986,30.165558],[-97.7528368,30.1654012],[-97.7521577,30.1651091],[-97.7518594,30.1649977],[-97.7515443,30.1648983],[-97.7513732,30.1648377],[-97.7512822,30.1648185],[-97.7512429,30.1648133],[-97.7510097,30.1647825],[-97.7508642,30.1647491],[-97.7506885,30.1646674],[-97.7505981,30.1646473],[-97.7505232,30.1646512],[-97.7503475,30.1646922],[-97.750158,30.1647599],[-97.7499908,30.1648504],[-97.7495368,30.1652472],[-97.7492806,30.1653996],[-97.7490774,30.1654831],[-97.7489097,30.1655666],[-97.7486093,30.1657378],[-97.7483974,30.1658984],[-97.7480054,30.166189],[-97.7476538,30.1664203],[-97.7474183,30.1665786],[-97.7470861,30.1667563],[-97.7468178,30.16689],[-97.7464324,30.1670338],[-97.7463639,30.1670643],[-97.7461106,30.1671772],[-97.7459167,30.1672664],[-97.7457339,30.1674032],[-97.7448171,30.1681165],[-97.7445811,30.1682622],[-97.7443511,30.1684059],[-97.7442019,30.168539],[-97.7438854,30.1688191],[-97.7437564,30.1689694],[-97.7436866,30.1690953],[-97.7436364,30.1691763],[-97.7435617,30.1692326],[-97.7434021,30.1693622],[-97.743189,30.1695778],[-97.7430252,30.1697534],[-97.7428252,30.1700221],[-97.7427308,30.1702544],[-97.7426424,30.1704198],[-97.7425497,30.1705454],[-97.7424308,30.1707087],[-97.7423022,30.1708588],[-97.7421858,30.1709879],[-97.7421484,30.1710467],[-97.7419598,30.1713437],[-97.74182,30.1716021],[-97.7415372,30.1723899],[-97.7415063,30.1725166],[-97.7414954,30.1725917],[-97.7414927,30.1726668],[-97.7414969,30.1727221],[-97.7415134,30.172788],[-97.7415579,30.1728624],[-97.7416268,30.1729403],[-97.7419099,30.1731319],[-97.7421619,30.1732669],[-97.7423774,30.1733567],[-97.7426092,30.1734706],[-97.7427556,30.1735888],[-97.7429125,30.1737615],[-97.7429707,30.1738659],[-97.7430208,30.1739984],[-97.7430759,30.1742048],[-97.7431681,30.1743932],[-97.7433516,30.1746474],[-97.7435277,30.1748424],[-97.7437374,30.1750296],[-97.7440395,30.1752131],[-97.7442081,30.1753437],[-97.7443489,30.1754683],[-97.7445697,30.1757249],[-97.7449238,30.1760768],[-97.7454062,30.176632],[-97.7455145,30.1768971],[-97.7455378,30.1770682],[-97.7454628,30.1773047],[-97.7453469,30.1775675],[-97.7453187,30.1776158],[-97.7451852,30.1778438],[-97.744807,30.1781603],[-97.7441862,30.1786384],[-97.7435384,30.1791023],[-97.7427658,30.1796318],[-97.7419783,30.1800757],[-97.7414803,30.1803326],[-97.7411251,30.1804328],[-97.7406791,30.1804291],[-97.7402913,30.180326],[-97.7400017,30.1801825],[-97.739689,30.1797653],[-97.7395269,30.1795317],[-97.7394342,30.1793515],[-97.7392914,30.1792881],[-97.7389594,30.1793181],[-97.7387664,30.1792581],[-97.7385811,30.1790445],[-97.7385514,30.1787931],[-97.7384614,30.1786273],[-97.7384884,30.178367],[-97.7384421,30.1782402],[-97.7382529,30.1781034],[-97.7380213,30.1779832],[-97.7377897,30.1779532],[-97.7375773,30.1779565],[-97.7373611,30.1776261],[-97.7371539,30.1774615],[-97.7370407,30.1771789],[-97.7369326,30.176655],[-97.7369983,30.1755236],[-97.7370785,30.1750462],[-97.7373187,30.1743756],[-97.7374758,30.1737548],[-97.7375583,30.1732716],[-97.7374609,30.1724476],[-97.7376372,30.1718909],[-97.7376451,30.1717425],[-97.7375944,30.1715892],[-97.7372919,30.1712255],[-97.7371506,30.1710374],[-97.7370018,30.1706992],[-97.7368144,30.1705922],[-97.7365089,30.170571],[-97.7361677,30.1706483],[-97.7360054,30.1706126],[-97.7355874,30.1704422],[-97.7352406,30.1704446],[-97.7349632,30.1706606],[-97.7339825,30.1710159],[-97.7336487,30.1712865],[-97.7335171,30.1715935],[-97.7333759,30.1718441],[-97.7329937,30.1726668],[-97.7323595,30.1737137],[-97.732292,30.173865],[-97.7323117,30.1743085],[-97.7322194,30.174591],[-97.7320795,30.174866],[-97.7313026,30.1761817],[-97.7311232,30.1768551],[-97.7310341,30.1786022],[-97.7308971,30.1792883],[-97.7301545,30.1815843],[-97.7297751,30.1823031],[-97.7293241,30.1829688],[-97.7287742,30.1836],[-97.7281703,30.1840918],[-97.727576,30.1845249],[-97.7269569,30.1848175],[-97.7259993,30.1849937],[-97.7257365,30.1849172],[-97.7256694,30.1846804],[-97.7256613,30.1846454],[-97.7256503,30.1845861],[-97.7256148,30.1845459],[-97.7250843,30.1843141],[-97.7250536,30.1842156],[-97.7244374,30.184238],[-97.7240587,30.1842605],[-97.7232634,30.1846442],[-97.7230612,30.1847931],[-97.7228734,30.1849674],[-97.7228588,30.1852918],[-97.7225605,30.1862751],[-97.7223765,30.1872046],[-97.7222566,30.1879682],[-97.7222368,30.1881615],[-97.7221955,30.1883553],[-97.722091,30.1884817],[-97.7219867,30.1885812],[-97.7214637,30.1886082],[-97.721325,30.1885837],[-97.7210682,30.1885251],[-97.7209846,30.1885047],[-97.7209531,30.188497],[-97.7208366,30.188448],[-97.7207219,30.1884306],[-97.7205918,30.1884248],[-97.7204926,30.1884318],[-97.7204651,30.1884683],[-97.7204356,30.1885071],[-97.7203893,30.18855],[-97.7203095,30.188561],[-97.7197873,30.1885131],[-97.7195535,30.188463],[-97.7193233,30.1883694],[-97.7191593,30.188306],[-97.7190143,30.1882499],[-97.7187225,30.1880402],[-97.7186476,30.1878052],[-97.7187431,30.1873471],[-97.7187863,30.1868624],[-97.7187896,30.1861205],[-97.7186179,30.1855687],[-97.7185643,30.1852232],[-97.7183041,30.1850493],[-97.7181863,30.1849655],[-97.7179698,30.1848117],[-97.7171266,30.1837765],[-97.7157721,30.182131],[-97.7153521,30.1817416],[-97.7152433,30.1816796],[-97.7151032,30.1816489],[-97.714936,30.181568],[-97.7148366,30.1815507],[-97.714757,30.181574],[-97.714546,30.1817259],[-97.7138591,30.1818006],[-97.7133252,30.1819601],[-97.7128647,30.1820133],[-97.7123417,30.1819853],[-97.711862,30.1819077],[-97.7102102,30.1815003],[-97.7094996,30.1813744],[-97.7078204,30.1813849],[-97.7073721,30.1814385],[-97.7068882,30.1813796],[-97.7066841,30.1813973],[-97.7066256,30.1814746],[-97.7061947,30.1815987],[-97.7058409,30.1817287],[-97.7057284,30.1817448],[-97.7056717,30.1817412],[-97.7055899,30.1816569],[-97.705442,30.1816245],[-97.705305,30.1816432],[-97.7051794,30.1817183],[-97.7050021,30.181743],[-97.7037875,30.1816304],[-97.7009834,30.1809759],[-97.6996851,30.1808387],[-97.6983224,30.1805507],[-97.697981,30.1804297],[-97.6969736,30.1802983],[-97.6960465,30.1799806],[-97.6958622,30.1799717],[-97.6954399,30.1798405],[-97.6953202,30.1798294],[-97.6948877,30.179705],[-97.6946805,30.1796828],[-97.6943301,30.1795626],[-97.6941821,30.1795363],[-97.693909,30.1795947],[-97.6933462,30.1794723],[-97.6932333,30.1793537],[-97.692704,30.1792577],[-97.6923022,30.1792493],[-97.6920811,30.1791998],[-97.6918889,30.179195],[-97.691463,30.1790984],[-97.6909673,30.1788662],[-97.6906168,30.1787278],[-97.6903103,30.1786919],[-97.6901731,30.1786019],[-97.6899564,30.1784951],[-97.6899045,30.178365],[-97.6897778,30.1782234],[-97.6896603,30.1781816],[-97.6895355,30.1779494],[-97.6893795,30.1778605],[-97.6885163,30.1778814],[-97.6883902,30.1781453],[-97.6880855,30.1783539],[-97.6877702,30.1783062],[-97.6875087,30.1782393],[-97.6871418,30.1782187],[-97.6865346,30.1780994],[-97.686384,30.1780217],[-97.686033,30.177697],[-97.6858904,30.1776778],[-97.6856563,30.1775442],[-97.6850402,30.1772735],[-97.6848534,30.1770127],[-97.6841668,30.1764742],[-97.6841078,30.1762827],[-97.6843213,30.1761069],[-97.684588,30.1758592],[-97.6846921,30.1757658],[-97.6846729,30.1755715],[-97.6846059,30.1754708],[-97.6844676,30.1753847],[-97.6837946,30.1753817],[-97.6834974,30.1753661],[-97.6830892,30.1752296],[-97.6826944,30.175166],[-97.6824522,30.1751449],[-97.6813078,30.175065],[-97.6808818,30.1750216],[-97.6796329,30.1748945],[-97.6778372,30.1745374],[-97.6771196,30.174337],[-97.674982,30.1736886],[-97.6746541,30.1734895],[-97.6741729,30.1732517],[-97.6738015,30.173023],[-97.673047,30.1725865],[-97.6730022,30.1724154],[-97.6728565,30.1723109],[-97.6725684,30.1720457],[-97.6721372,30.1714482],[-97.6721165,30.1712563],[-97.6721692,30.1710149],[-97.6723823,30.1705934],[-97.6723867,30.1702431],[-97.6722274,30.169739],[-97.6718854,30.1694434],[-97.6716625,30.169028],[-97.6713431,30.1689892],[-97.6709796,30.1690252],[-97.6702016,30.1690558],[-97.6697796,30.169079],[-97.6690524,30.1689652],[-97.6687569,30.1689591],[-97.6682405,30.1690105],[-97.6676875,30.1690318],[-97.6671206,30.1690358],[-97.6665367,30.1691477],[-97.6662115,30.1690973],[-97.6658063,30.1691152],[-97.6654973,30.1692092],[-97.6650166,30.1693507],[-97.6649394,30.1693727],[-97.6648509,30.1693832],[-97.6647574,30.1693797],[-97.6646692,30.1693579],[-97.6646454,30.1693529],[-97.6644932,30.1693208],[-97.6643062,30.1691987],[-97.6638142,30.1688446],[-97.6635856,30.1687092],[-97.6632796,30.1685449],[-97.663053,30.168472],[-97.662803,30.1684377],[-97.6624909,30.1684667],[-97.6622531,30.168624],[-97.66181,30.1687216],[-97.6613991,30.1687211],[-97.6607854,30.1690055],[-97.6606459,30.1691168],[-97.6602387,30.1694959],[-97.6600928,30.1697608],[-97.6599395,30.1698719],[-97.6597202,30.1699146],[-97.6595096,30.1697874],[-97.6593965,30.1694638],[-97.6592189,30.1693596],[-97.6590144,30.1694183],[-97.6588207,30.1696038],[-97.6583913,30.1700185],[-97.6582035,30.1704002],[-97.658083,30.1708682],[-97.6579498,30.1710523],[-97.6577899,30.1712566],[-97.6576464,30.1715031],[-97.6575691,30.1718301],[-97.6575663,30.1720753],[-97.6574965,30.1722556],[-97.6573956,30.1724188],[-97.6571223,30.1725687],[-97.6567734,30.1727991],[-97.6564622,30.1732072],[-97.656312,30.1735875],[-97.6563136,30.1738541],[-97.6563375,30.1747458],[-97.6563024,30.1752156],[-97.6560394,30.175598],[-97.6556463,30.1760277],[-97.6554839,30.1760936],[-97.6551855,30.1761752],[-97.6547423,30.1764452],[-97.6543726,30.1768233],[-97.6541575,30.177082],[-97.6539171,30.1774077],[-97.6535845,30.177686],[-97.653209,30.1778066],[-97.6526618,30.1778066],[-97.65234,30.1777416],[-97.6520181,30.1777416],[-97.6517499,30.1778715],[-97.6512456,30.1782147],[-97.6509023,30.1783352],[-97.6505805,30.1783352],[-97.6500333,30.178159],[-97.649529,30.1781683],[-97.6488853,30.1784372],[-97.6483059,30.1786227],[-97.6480404,30.1787758],[-97.6480138,30.1787983],[-97.6479259,30.1789546],[-97.6478255,30.1792173],[-97.6477522,30.17961],[-97.6475895,30.17995],[-97.6474822,30.1804787],[-97.6474822,30.1807662],[-97.6475813,30.1812144],[-97.6476016,30.1815492],[-97.6474393,30.1822501],[-97.6473749,30.1827231],[-97.6474008,30.1833398],[-97.6475251,30.183836],[-97.6477163,30.184066],[-97.6478899,30.1841328],[-97.6482719,30.1843645],[-97.6485551,30.1845408],[-97.6486625,30.1847819],[-97.6486624,30.1850416],[-97.6485551,30.1853515],[-97.6483727,30.1854033],[-97.6481581,30.1854126],[-97.6477289,30.1853662],[-97.6472876,30.1853107],[-97.6469672,30.1854868],[-97.646699,30.1856537],[-97.6464951,30.1859783],[-97.646066,30.1863864],[-97.6458943,30.1865533],[-97.6457441,30.1867851],[-97.6453613,30.1870588],[-97.6452399,30.1870263],[-97.6451326,30.1868686],[-97.6450575,30.1866089],[-97.6449931,30.1863956],[-97.6448643,30.1862658],[-97.644682,30.1861731],[-97.6443494,30.185969],[-97.6442206,30.1858299],[-97.6441455,30.185561],[-97.6438773,30.185292],[-97.6434481,30.1850138],[-97.6430552,30.1848243],[-97.642742,30.1846705],[-97.6426377,30.1845852],[-97.6425055,30.184398],[-97.6421714,30.1840586],[-97.6419231,30.1839304],[-97.6414418,30.1837062],[-97.6411093,30.1835114],[-97.6404548,30.1832053],[-97.6402509,30.1830291],[-97.6401437,30.1829549],[-97.6398616,30.1828659],[-97.6396211,30.1828298],[-97.6392639,30.1827231],[-97.6386309,30.1825654],[-97.6383627,30.1823985],[-97.6380515,30.1823428],[-97.637624,30.1822941],[-97.6371519,30.1823312],[-97.6368193,30.1824425],[-97.6362936,30.1827208],[-97.6360238,30.1829086],[-97.6356805,30.1832424],[-97.6356375,30.183465],[-97.635489,30.1835555],[-97.6351456,30.1836296],[-97.6347256,30.1838082],[-97.6344912,30.1839913],[-97.634223,30.1840377],[-97.6336956,30.184411],[-97.6334934,30.1846683],[-97.633193,30.1849558],[-97.6327638,30.1853454],[-97.6326764,30.1856352],[-97.6324849,30.1859853],[-97.6324098,30.1863562],[-97.6323476,30.1867866],[-97.632425,30.1871726],[-97.6324725,30.187221],[-97.6325906,30.1874065],[-97.6325906,30.1877682],[-97.6327316,30.1882574],[-97.6328588,30.1885008],[-97.6328711,30.1887767],[-97.6327964,30.1890943],[-97.6326458,30.1892404],[-97.6323545,30.1894003],[-97.6318825,30.1894003],[-97.6315391,30.1893169],[-97.6312816,30.1891778],[-97.6310456,30.1891036],[-97.6308005,30.1890271],[-97.6305092,30.1890109],[-97.6302426,30.1890085],[-97.6300371,30.1891314],[-97.6299513,30.189252],[-97.6298803,30.1894298],[-97.6295758,30.1895951],[-97.6292324,30.1896044],[-97.6288371,30.1895742],[-97.6284385,30.1893633],[-97.628247,30.1892404],[-97.628063,30.1889923],[-97.6280523,30.1886677],[-97.6280844,30.1884637],[-97.6279772,30.1883988],[-97.6277105,30.1883965],[-97.6271296,30.1884359],[-97.6261978,30.1886098],[-97.6257859,30.1886581],[-97.6253073,30.1886654],[-97.6248765,30.1886677],[-97.6245547,30.1886492],[-97.6242559,30.1885727],[-97.6239431,30.1883895],[-97.6235824,30.1882521],[-97.6233655,30.1881793],[-97.6230312,30.1880928],[-97.6225269,30.1880742],[-97.6221407,30.1880742],[-97.6217222,30.188102],[-97.6215142,30.1881299],[-97.6213882,30.1881481],[-97.6212191,30.188239],[-97.6211082,30.1884671],[-97.6211051,30.1885564],[-97.6211438,30.1886609],[-97.6212787,30.1888768],[-97.6213682,30.1890109],[-97.6213591,30.1893146],[-97.6211643,30.1895024],[-97.6209621,30.1897041],[-97.6206081,30.1897133],[-97.6204165,30.1897097],[-97.6203004,30.1895676],[-97.6202489,30.1894126],[-97.6198785,30.1892218],[-97.6195443,30.1892056],[-97.6194651,30.1892051],[-97.6191489,30.1892033],[-97.6188576,30.1892241],[-97.6183212,30.189456],[-97.6177889,30.1897011],[-97.6173127,30.1897249],[-97.6167763,30.1899382],[-97.6164089,30.1901484],[-97.6160712,30.1904072],[-97.6158445,30.1906778],[-97.6156497,30.1909212],[-97.6154797,30.1912064],[-97.6154046,30.1914382],[-97.6154137,30.1916631],[-97.6157176,30.1919836],[-97.6160038,30.192136],[-97.6162291,30.1924606],[-97.6163686,30.1926461],[-97.6165633,30.1930703],[-97.6165617,30.1932859],[-97.6163916,30.1933393],[-97.616154,30.1933138],[-97.6160054,30.1933207],[-97.615739,30.1933609],[-97.615544,30.1935062],[-97.6153938,30.1937009],[-97.614954,30.1938586],[-97.6146643,30.1939606],[-97.6143871,30.194058],[-97.6139975,30.1943895],[-97.6136402,30.1946941],[-97.6134396,30.1948995],[-97.6133124,30.195333],[-97.6133001,30.1956599],[-97.6133661,30.1959172],[-97.6135683,30.1961977],[-97.6136665,30.196455],[-97.6138258,30.1967448],[-97.614136,30.1971506],[-97.6143321,30.1972169],[-97.6150335,30.1971011],[-97.6153718,30.1971085],[-97.6155926,30.1972845],[-97.6156299,30.1974194],[-97.6155961,30.197635],[-97.6155103,30.1978483],[-97.6153402,30.1979943],[-97.6151884,30.1980427],[-97.6150066,30.1981432],[-97.6148205,30.1983915],[-97.61477,30.1985345],[-97.6148773,30.1986365],[-97.6151455,30.1987107],[-97.6152528,30.1988683],[-97.6154673,30.1991187],[-97.6155961,30.1993412],[-97.6159287,30.1995452],[-97.6161647,30.1995916],[-97.6163471,30.1997492],[-97.6167119,30.1999718],[-97.6168514,30.2001665],[-97.6170337,30.2003705],[-97.6173771,30.200491],[-97.6175809,30.2006487],[-97.6179028,30.2007321],[-97.6182676,30.2007599],[-97.6185251,30.2007599],[-97.6188898,30.2007599],[-97.6193941,30.2007785],[-97.6195765,30.2008527],[-97.6197068,30.20111],[-97.6198034,30.2014809],[-97.6197589,30.2017985],[-97.6195434,30.2019894],[-97.6191801,30.2023302],[-97.619106,30.2026956],[-97.6190564,30.2030015],[-97.6189757,30.2032357],[-97.6189394,30.2033603],[-97.6189746,30.2036228],[-97.6190888,30.2038306],[-97.6193298,30.2040099],[-97.6195148,30.2041606],[-97.6196639,30.2043739],[-97.6196623,30.2047007],[-97.6196623,30.2050345],[-97.6196508,30.2051295],[-97.6196409,30.2052107],[-97.6194263,30.2055352],[-97.6192367,30.2058016],[-97.6189971,30.2059895],[-97.6186852,30.2061743],[-97.6184623,30.2062746],[-97.6181404,30.206423],[-97.6179291,30.2065024],[-97.6177633,30.2066015],[-97.6174736,30.2067684],[-97.6172483,30.206926],[-97.6166153,30.2071485],[-97.6163149,30.2072783],[-97.6161258,30.2073201],[-97.615615,30.2074024],[-97.6153108,30.2074305],[-97.6151517,30.2073481],[-97.6150241,30.2071923],[-97.6149418,30.2068349],[-97.6149524,30.2065644],[-97.6149082,30.2063718],[-97.6148937,30.2062369],[-97.615022,30.2060564],[-97.6151428,30.2059426],[-97.6153922,30.2057948],[-97.6154566,30.2056372],[-97.6155961,30.2052292],[-97.6155961,30.204951],[-97.6154566,30.2047471],[-97.6152992,30.2045237],[-97.6151587,30.2043993],[-97.615006,30.2043484],[-97.6145999,30.2043553],[-97.614271,30.2043086],[-97.6140833,30.2042742],[-97.6138366,30.2042742],[-97.613622,30.2043947],[-97.6133531,30.2046287],[-97.6129709,30.2047211],[-97.612694,30.2046925],[-97.612417,30.2046492],[-97.6119161,30.2044596],[-97.6116264,30.2043762],[-97.6114118,30.2042649],[-97.6111329,30.2040702],[-97.6110256,30.2038662],[-97.6110511,30.203646],[-97.6111135,30.2033535],[-97.6111637,30.2030477],[-97.6111694,30.2028349],[-97.61109,30.2025681],[-97.6110256,30.2023826],[-97.6109076,30.2020303],[-97.6108222,30.2018342],[-97.6105725,30.2011802],[-97.6104883,30.2009634],[-97.6104041,30.2007566],[-97.6102853,30.2005096],[-97.6101601,30.2003066],[-97.6099424,30.2000748],[-97.6097489,30.1999161],[-97.6094055,30.1996658],[-97.6092017,30.1995267],[-97.6089013,30.1993876],[-97.6085472,30.1992856],[-97.6083541,30.1992021],[-97.607937,30.1991023],[-97.6075709,30.1989981],[-97.6070559,30.1989981],[-97.6065946,30.1990352],[-97.6063387,30.1991442],[-97.6059847,30.1992276],[-97.6057808,30.1994502],[-97.6054679,30.1997116],[-97.6052469,30.1998532],[-97.6049795,30.1999327],[-97.6047616,30.1999787],[-97.6044826,30.1999787],[-97.6041822,30.2000251],[-97.6036547,30.2001135],[-97.6033495,30.2002036],[-97.6031184,30.2002778],[-97.6025085,30.2005072],[-97.602133,30.2006463],[-97.6016609,30.2008318],[-97.6014018,30.2009732],[-97.6009298,30.2012236],[-97.6006186,30.2014739],[-97.6002324,30.2017521],[-97.6001114,30.2018491],[-97.5998944,30.2025727],[-97.5998569,30.203282],[-97.6001519,30.2051179],[-97.6001463,30.2051802],[-97.600109,30.2055954],[-97.6000504,30.2056897],[-97.5997979,30.2060961],[-97.5993955,30.2065226],[-97.5987464,30.2067359],[-97.5981724,30.2068101],[-97.5977862,30.2067405],[-97.5971049,30.2063465],[-97.5960566,30.2058353],[-97.5957263,30.2056742],[-97.5943315,30.2049696],[-97.5934517,30.2047748],[-97.592572,30.2047099],[-97.5913382,30.2047748],[-97.589938,30.2051133],[-97.5889989,30.2055075],[-97.5885245,30.2057067],[-97.5877762,30.206518]]}},{"type":"Feature","id":"way/582731947","properties":{"name":"Walnut Creek","feature_kind":"waterway","osm_id":582731947,"source":"OpenStreetMap","retrieved_at":"2026-09-28T16:35:48.031322+00:00","access_claim":"none"},"geometry":{"type":"LineString","coordinates":[[-97.659157,30.2953176],[-97.6588051,30.2953028],[-97.6585219,30.2952139],[-97.6582215,30.2950805],[-97.6576035,30.2949767],[-97.6573889,30.2948433],[-97.657243,30.2946877],[-97.6571829,30.2941689],[-97.6572001,30.2939021],[-97.6572945,30.2936872],[-97.6574748,30.2934575],[-97.6576464,30.2932055],[-97.6577494,30.2929683],[-97.6577838,30.2927534],[-97.657758,30.292494],[-97.6575949,30.2922717],[-97.6572374,30.2920679],[-97.6568601,30.2918322],[-97.6566766,30.2916655],[-97.6566083,30.2914709],[-97.6567022,30.2910847],[-97.6567547,30.2908752],[-97.6567366,30.2906747],[-97.6566508,30.2905523],[-97.6565306,30.2904263],[-97.6563246,30.290241],[-97.6560509,30.2900274],[-97.655432,30.2895443],[-97.6552088,30.289448],[-97.6550028,30.2893739],[-97.6548312,30.2892775],[-97.6546595,30.2891515],[-97.6545308,30.2889736],[-97.6544964,30.2888106],[-97.6545308,30.2886253],[-97.6545823,30.2884623],[-97.6546595,30.2883066],[-97.6546834,30.2879708],[-97.6546058,30.2877441],[-97.6545113,30.2875441],[-97.6543605,30.2874083],[-97.6542082,30.2872343],[-97.654196,30.2871282],[-97.6541531,30.2869058],[-97.6541188,30.2866613],[-97.6540673,30.2864019],[-97.6540587,30.2862314],[-97.6541789,30.286009],[-97.6543076,30.285846],[-97.6543934,30.2857126],[-97.6544621,30.2855643],[-97.6545737,30.2852605],[-97.6545651,30.2851715],[-97.6545308,30.2850381],[-97.6544648,30.2848496],[-97.6543535,30.2847097],[-97.654268,30.2846691],[-97.6541869,30.2846636],[-97.6540777,30.2846093],[-97.654022,30.2845146],[-97.653942,30.2844354],[-97.6538149,30.2843391],[-97.6536293,30.2842964],[-97.6534447,30.2843175],[-97.6532976,30.2843302],[-97.6530274,30.2843856],[-97.6529397,30.2843667],[-97.6528542,30.2843139],[-97.6528056,30.2842006],[-97.652797,30.2840746],[-97.6528313,30.2839634],[-97.6529172,30.2838374],[-97.6530373,30.2837114],[-97.6532948,30.2836225],[-97.6544535,30.2834298],[-97.6545737,30.283363],[-97.6547196,30.2832148],[-97.6549342,30.2831852],[-97.6550715,30.2831333],[-97.6551917,30.2830295],[-97.6552947,30.2829183],[-97.6553547,30.2827627],[-97.6553462,30.2826515],[-97.6552517,30.2825181],[-97.6551144,30.2824291],[-97.6548824,30.2823031],[-97.6547789,30.2822456],[-97.654759,30.2821939],[-97.6547925,30.2819663],[-97.6548479,30.2818831],[-97.6549344,30.2817894],[-97.6552517,30.2815694],[-97.655329,30.2814952],[-97.655416,30.2813207],[-97.6554835,30.2811617],[-97.6554775,30.28073],[-97.6554707,30.2801084],[-97.6555137,30.2800133],[-97.6555779,30.2798794],[-97.6556208,30.2797312],[-97.6556438,30.2793063],[-97.6557753,30.2790567],[-97.6559212,30.2789233],[-97.6560328,30.278775],[-97.6560694,30.2786635],[-97.656092,30.2784352],[-97.6561597,30.2781772],[-97.6563761,30.2779819],[-97.6564705,30.2779152],[-97.6566165,30.2778781],[-97.6567195,30.2778707],[-97.6568224,30.2777966],[-97.6568482,30.2776706],[-97.6567967,30.2775446],[-97.6567366,30.2773],[-97.6566937,30.2771888],[-97.6567023,30.2771295],[-97.6567795,30.277048],[-97.6567729,30.2769926],[-97.6567573,30.2768996],[-97.6567156,30.2767829],[-97.6566765,30.2767292],[-97.6565564,30.276744],[-97.6564362,30.2768256],[-97.656316,30.2768775],[-97.6562131,30.2768701],[-97.6561015,30.2768256],[-97.6560564,30.2767435],[-97.6560242,30.2760843],[-97.6559892,30.2758682],[-97.6560242,30.2754988],[-97.6559298,30.2751059],[-97.6558526,30.2749799],[-97.6557496,30.2748909],[-97.6556168,30.2748534],[-97.6555426,30.2748197],[-97.6554786,30.2747745],[-97.6554238,30.2747127],[-97.655396,30.2746407],[-97.6553893,30.274555],[-97.655431,30.2744574],[-97.6554997,30.2743864],[-97.6556085,30.2743495],[-97.6556981,30.274335],[-97.6558955,30.2743795],[-97.6560757,30.2743795],[-97.6562474,30.2743424],[-97.6564475,30.2742946],[-97.6566102,30.2741516],[-97.6567258,30.2739539],[-97.656821,30.2736529],[-97.6568053,30.2734752],[-97.6567795,30.2733491],[-97.6567023,30.2732231],[-97.6566079,30.2731268],[-97.6565135,30.27306],[-97.6563675,30.2730378],[-97.6562452,30.2730679],[-97.6561115,30.2731747],[-97.6559759,30.2732332],[-97.6558213,30.2732396],[-97.6556208,30.2731638],[-97.6555426,30.2730907],[-97.6554799,30.2729532],[-97.6554337,30.27273],[-97.6554239,30.2724963],[-97.6554489,30.2723904],[-97.6555217,30.2722402],[-97.6556037,30.2720816],[-97.6556981,30.2719704],[-97.6558268,30.2718518],[-97.6560071,30.2717258],[-97.6562459,30.2717019],[-97.6564968,30.2716758],[-97.6566675,30.2716946],[-97.656927,30.2717049],[-97.6571001,30.2717099],[-97.657282,30.2717616],[-97.6575288,30.2718197],[-97.6579387,30.2718996],[-97.6580808,30.271887],[-97.6581439,30.2718559],[-97.6582107,30.2717727],[-97.6582638,30.271722],[-97.6582663,30.2716227],[-97.6582108,30.2714591],[-97.6582017,30.2712709],[-97.6581507,30.2709942],[-97.6580834,30.2706801],[-97.6580125,30.2704697],[-97.6580083,30.2703866],[-97.6579982,30.2702711],[-97.658008,30.2701128],[-97.6580155,30.2699689],[-97.6579016,30.2698677],[-97.6576464,30.2698874],[-97.6574919,30.2698207],[-97.6573289,30.2697243],[-97.6572001,30.2696057],[-97.6571057,30.2694871],[-97.6568482,30.269198],[-97.6567452,30.2690942],[-97.6566851,30.2689978],[-97.6566765,30.2689311],[-97.6567366,30.2688644],[-97.6568139,30.2688199],[-97.6569083,30.2688125],[-97.6570542,30.2688273],[-97.6571658,30.2688792],[-97.6572688,30.2689163],[-97.6573718,30.2689237],[-97.6575091,30.2688941],[-97.6576035,30.268857],[-97.6576722,30.268768],[-97.6576636,30.2686494],[-97.6576378,30.2685308],[-97.6575672,30.2684734],[-97.6574318,30.2683752],[-97.6573546,30.2682788],[-97.6573117,30.2681676],[-97.6573546,30.2680342],[-97.6574833,30.2677228],[-97.6574833,30.2675894],[-97.6574576,30.2674559],[-97.657449,30.2672854],[-97.6574147,30.2671891],[-97.6572774,30.2669444],[-97.657037,30.266596],[-97.657037,30.26647],[-97.6569512,30.2662921],[-97.656831,30.2661957],[-97.6566079,30.2661216],[-97.6564791,30.2661068],[-97.656316,30.2660697],[-97.6561787,30.2660178],[-97.6560586,30.2659956],[-97.6558611,30.2659807],[-97.6555865,30.2658473],[-97.6553977,30.2657806],[-97.6552088,30.2657658],[-97.6550114,30.2658028],[-97.6547368,30.2660549],[-97.6542561,30.2664329],[-97.6539807,30.2666402],[-97.6537923,30.2667672],[-97.6536406,30.2668586],[-97.6535609,30.2668851],[-97.6533806,30.2668926],[-97.6530631,30.2667888],[-97.6529172,30.2666776],[-97.6527712,30.2665071],[-97.6526682,30.266344],[-97.6525652,30.2662402],[-97.6524451,30.2661512],[-97.6523421,30.266003],[-97.6522477,30.265662],[-97.6522048,30.2654544],[-97.6521618,30.265321],[-97.6521149,30.2651109],[-97.6520625,30.2649728],[-97.6518271,30.2646686],[-97.6516554,30.2644462],[-97.6515181,30.2643572],[-97.6513293,30.2642979],[-97.6511662,30.2642905],[-97.6509516,30.2643128],[-97.6507027,30.2643572],[-97.650471,30.2644166],[-97.6499732,30.2644981],[-97.6497243,30.26455],[-97.6490548,30.2647427],[-97.6488745,30.2648169],[-97.6487372,30.2648984],[-97.648617,30.2650319],[-97.6484313,30.2652557],[-97.6482398,30.2655054],[-97.6481019,30.2656768],[-97.6477675,30.2661512],[-97.6474673,30.2662518],[-97.6471327,30.2662568],[-97.6469193,30.2662059],[-97.6466614,30.2660417],[-97.6465722,30.2658663],[-97.6464554,30.2654969],[-97.6463859,30.2653106],[-97.6463414,30.2651163],[-97.6461601,30.2648339],[-97.6461355,30.2645443],[-97.6460634,30.2644382],[-97.6458276,30.2643065],[-97.6456108,30.2642698],[-97.645328,30.2643037],[-97.6452294,30.2643469],[-97.6450732,30.264504],[-97.6449716,30.2646039],[-97.6446939,30.2646296],[-97.6444038,30.2645001],[-97.6443566,30.2644025],[-97.6442732,30.2643473],[-97.6440735,30.2642997],[-97.6438453,30.2640907],[-97.6436672,30.2638531],[-97.6434897,30.2635999],[-97.6433304,30.263541],[-97.6431497,30.2634066],[-97.6430768,30.2630982],[-97.6428922,30.2627843]]}},{"type":"Feature","id":"way/582988035","properties":{"name":"Walnut Creek","feature_kind":"waterway","osm_id":582988035,"source":"OpenStreetMap","retrieved_at":"2026-09-28T16:35:48.031322+00:00","access_claim":"none"},"geometry":{"type":"LineString","coordinates":[[-97.7500993,30.4407935],[-97.7494708,30.43952],[-97.7489704,30.4390428],[-97.7469495,30.4379576],[-97.7458138,30.4376007],[-97.7450053,30.4377418],[-97.7444997,30.4378705],[-97.7444331,30.4378875]]}},{"type":"Feature","id":"way/585249961","properties":{"name":"Williamson Creek","feature_kind":"waterway","osm_id":585249961,"source":"OpenStreetMap","retrieved_at":"2026-09-28T16:35:48.031322+00:00","access_claim":"none"},"geometry":{"type":"LineString","coordinates":[[-97.806506,30.2218258],[-97.8060879,30.2218],[-97.8046296,30.2216602],[-97.8042071,30.2217444],[-97.8035671,30.2219304],[-97.8026543,30.2220773],[-97.8021039,30.222362],[-97.8010576,30.2227674],[-97.8008097,30.2228257],[-97.8002881,30.2226781],[-97.8000191,30.2226441],[-97.7998414,30.2226985],[-97.7996282,30.2228453],[-97.7994978,30.2231412],[-97.7992541,30.2235192],[-97.7989392,30.2237875],[-97.7987691,30.2239861],[-97.7987018,30.224158],[-97.7986776,30.2244214],[-97.7987569,30.2246232],[-97.7987408,30.2248363],[-97.7985931,30.2249954],[-97.7976183,30.2255788],[-97.7971631,30.2259975],[-97.7970496,30.2261019],[-97.7962739,30.2262959],[-97.7961025,30.226321],[-97.7958842,30.2263529],[-97.7954571,30.2263636],[-97.7953169,30.2261758],[-97.7952886,30.2260702],[-97.7952442,30.2259985],[-97.7950475,30.2257388],[-97.7947707,30.2245813],[-97.7946095,30.2237082],[-97.794825,30.2231592],[-97.7950151,30.2229357],[-97.7951225,30.2229006],[-97.7952363,30.2228627],[-97.7953001,30.2228086],[-97.7953965,30.2226028],[-97.7953783,30.2224724],[-97.7953048,30.2223093],[-97.7950349,30.2220509],[-97.7946222,30.2217854],[-97.7944716,30.221718],[-97.7942408,30.2217276],[-97.7939767,30.2216055],[-97.7931968,30.2211242],[-97.7929668,30.2209254],[-97.7928603,30.2205759],[-97.7926328,30.2204014],[-97.7918136,30.219978],[-97.7915336,30.2196661],[-97.7907201,30.2190316],[-97.7903802,30.218646],[-97.7896603,30.217479],[-97.7895743,30.2171361],[-97.7895727,30.2167667],[-97.7891906,30.2159899],[-97.7883231,30.2154335],[-97.7877588,30.2152343],[-97.7864817,30.2148875],[-97.7859319,30.2146435],[-97.7858066,30.2145879],[-97.7855429,30.2145872],[-97.7853232,30.2146685],[-97.7851192,30.2146233],[-97.7848176,30.2144905],[-97.7847087,30.2143841],[-97.7845841,30.2140373],[-97.7842809,30.2137543],[-97.7840616,30.2135795],[-97.7835625,30.2132478],[-97.7833448,30.2131345],[-97.783072,30.2130898],[-97.7827854,30.2131603],[-97.7818656,30.2127249],[-97.7814128,30.2125333],[-97.7811863,30.21222],[-97.7809637,30.2120556],[-97.7809391,30.2120375],[-97.7803637,30.2119648],[-97.7796525,30.2119836],[-97.7787823,30.2119076],[-97.7780977,30.2119447],[-97.7775806,30.2120767],[-97.77711,30.2123438],[-97.7769135,30.2126282],[-97.7767422,30.213058],[-97.7766658,30.2136687],[-97.7767425,30.2139608],[-97.7769139,30.2141425],[-97.7774738,30.2143533],[-97.7781022,30.2146554],[-97.7784442,30.2148569],[-97.778579,30.2149363],[-97.7787338,30.2151268],[-97.7788865,30.2153076],[-97.7788893,30.215383],[-97.7785216,30.215569],[-97.7782343,30.215584],[-97.7780479,30.2155938],[-97.777633,30.2154544],[-97.7768273,30.2154384],[-97.7759086,30.2152706],[-97.7752338,30.2154215],[-97.7745631,30.2154255],[-97.7741221,30.2153684],[-97.7735364,30.2154287],[-97.7730159,30.2154457],[-97.7729175,30.2154738],[-97.7726431,30.2154938],[-97.7720631,30.2153909],[-97.771945,30.2153223],[-97.7715897,30.2147322],[-97.7714924,30.2145129],[-97.7715023,30.2141425],[-97.7715741,30.2135843],[-97.7718335,30.2129841],[-97.7720967,30.2126195],[-97.7721196,30.2125919],[-97.7723733,30.212365],[-97.7726839,30.2120873],[-97.7730382,30.2117236],[-97.7731831,30.211619],[-97.7734046,30.2115521],[-97.7738109,30.2113194],[-97.7739137,30.2112474],[-97.7739466,30.2110919],[-97.7739297,30.2109299],[-97.7738414,30.2106548],[-97.7735689,30.2103747],[-97.7730779,30.2101802],[-97.7725146,30.2101866],[-97.7716715,30.2103488],[-97.7713593,30.2104353],[-97.7711093,30.2105058],[-97.77105,30.2105225],[-97.7701695,30.2103715],[-97.770113,30.2103618],[-97.769895,30.2102667],[-97.7698496,30.2101903],[-97.7697318,30.2099917],[-97.7693724,30.2092892],[-97.7691933,30.2089008],[-97.7691598,30.2082566],[-97.7693489,30.2077253],[-97.7696788,30.2072154],[-97.7700306,30.2067139],[-97.7704374,30.206223],[-97.7707867,30.2058175],[-97.7707898,30.2055773],[-97.7707903,30.2055371],[-97.7707146,30.2051386],[-97.7706092,30.2048989],[-97.7704049,30.2046654],[-97.7700827,30.2045298],[-97.7694472,30.2043598],[-97.7688822,30.2042294],[-97.7682973,30.2040983],[-97.7678282,30.2041244],[-97.7676004,30.204035],[-97.767487,30.2039548],[-97.7674372,30.2037505],[-97.7674085,30.2036477],[-97.7672553,30.2034485],[-97.7666387,30.2031448],[-97.7662362,30.2029832],[-97.7659951,30.2029513],[-97.7650177,30.202622],[-97.7647003,30.2025935],[-97.7640119,30.2026126],[-97.7629674,30.2022451],[-97.7628744,30.2022124],[-97.7621742,30.2019436],[-97.7604061,30.2009998],[-97.7602255,30.2008295],[-97.7600709,30.200745],[-97.7593347,30.2003167],[-97.7590169,30.2000946],[-97.7587354,30.1997637],[-97.7585781,30.1993332],[-97.7584224,30.1988045],[-97.7583225,30.1981011],[-97.7583649,30.1976344],[-97.7584555,30.1975009],[-97.758505,30.1974169],[-97.758878,30.1970075],[-97.7590637,30.1968468],[-97.759394,30.196704],[-97.759558,30.196602],[-97.7600197,30.1960635],[-97.7605625,30.195454],[-97.7607943,30.1950268],[-97.761021,30.1947939],[-97.7611753,30.1947058],[-97.7612845,30.1946288],[-97.7613677,30.194349],[-97.7613221,30.1936035],[-97.7612133,30.193249],[-97.7609682,30.1928947],[-97.760507,30.1925281],[-97.7601596,30.1921327],[-97.7593236,30.1912235],[-97.7588957,30.1906311],[-97.758347,30.1901215],[-97.7579424,30.1896505],[-97.7576493,30.1893428],[-97.757414,30.1892083],[-97.7568564,30.1888711],[-97.7559338,30.1880765],[-97.7552543,30.1876678],[-97.7549987,30.1874976],[-97.7548792,30.1872676],[-97.7548186,30.18693],[-97.7547585,30.1868174],[-97.7543597,30.186491],[-97.7538745,30.1861808],[-97.7536594,30.1860716],[-97.7534025,30.1858936],[-97.7530724,30.1855662],[-97.7527202,30.1851052],[-97.7525643,30.184964],[-97.7520769,30.1845225],[-97.7520528,30.1844236],[-97.7521415,30.1841877],[-97.7523876,30.1836695],[-97.7523887,30.1833963],[-97.752353,30.1832763],[-97.7522617,30.1832188],[-97.7519111,30.1830644],[-97.7512584,30.1827434],[-97.7510533,30.1827491],[-97.7506903,30.1828482],[-97.750579,30.1828433],[-97.749353,30.1825709],[-97.7485997,30.1823064],[-97.7482386,30.1821575],[-97.7480147,30.1821632],[-97.7474812,30.1822685],[-97.7469586,30.1821741],[-97.7465555,30.1820861],[-97.7464988,30.1820184],[-97.7463955,30.1818263],[-97.7462375,30.1813302],[-97.7460647,30.1809722],[-97.7458657,30.1806506],[-97.7456197,30.1804379],[-97.7450828,30.1803122],[-97.7445364,30.1802337],[-97.7442914,30.1802526],[-97.7439133,30.1803796],[-97.7432914,30.1807299],[-97.7428012,30.1813564],[-97.7422554,30.1821802],[-97.7416805,30.1830984],[-97.741523,30.1834528],[-97.741353,30.1842455],[-97.7412785,30.184556],[-97.7414549,30.1849394],[-97.7414613,30.1850469],[-97.7414591,30.18533],[-97.7413806,30.1856577],[-97.7413168,30.1858557],[-97.7411267,30.1862996],[-97.741067,30.1863479],[-97.7410349,30.1863563],[-97.7409677,30.1863738],[-97.7407203,30.1863624],[-97.7403307,30.1860438],[-97.7402031,30.1859447],[-97.7395913,30.1855523],[-97.7392931,30.1854051],[-97.7390006,30.1848984],[-97.7388602,30.1846153],[-97.7386518,30.1842762],[-97.7383647,30.1837054],[-97.738103,30.1833367],[-97.7379279,30.183164],[-97.7377575,30.1830895],[-97.7374747,30.183029],[-97.7373034,30.183119],[-97.7370953,30.1831864],[-97.7368329,30.1831505],[-97.7366911,30.1831546],[-97.7363716,30.1832879],[-97.7362336,30.1834344],[-97.7360302,30.1839449],[-97.7357434,30.1846314],[-97.7357197,30.1848602],[-97.7360167,30.185255],[-97.7359913,30.1854179],[-97.7358814,30.1855598],[-97.7358447,30.1856519],[-97.7357601,30.1859375],[-97.7356436,30.1860927],[-97.7355344,30.186182],[-97.7351783,30.1862669],[-97.7350619,30.1863768],[-97.7347328,30.186844],[-97.7346362,30.1869778],[-97.7343977,30.1871771],[-97.7339233,30.1875109],[-97.7336169,30.1877621],[-97.7335372,30.1878495],[-97.7333718,30.1882069],[-97.7333666,30.1884635],[-97.7333939,30.1886741],[-97.7333718,30.189084],[-97.7332164,30.1891421],[-97.7327709,30.1894583],[-97.7326217,30.1895512],[-97.7318651,30.1899427],[-97.7310968,30.1902809],[-97.7305118,30.1905857],[-97.7302294,30.1906842],[-97.7299174,30.1908111],[-97.7296801,30.1908556],[-97.7292795,30.1908098],[-97.7290699,30.1906477],[-97.7289495,30.1905176],[-97.7288328,30.1905073],[-97.7286206,30.190496],[-97.7281468,30.1903923],[-97.7279082,30.1903672],[-97.7278249,30.1903483],[-97.7274118,30.1901482],[-97.7273134,30.1901182],[-97.7271037,30.1901514],[-97.7270504,30.1901806],[-97.7269955,30.1902838],[-97.7267375,30.1904784],[-97.7265286,30.1905475],[-97.7264006,30.1905619],[-97.725816,30.1909814],[-97.7255411,30.1913563],[-97.7254155,30.1915345],[-97.7252219,30.1915993],[-97.7249886,30.1917732],[-97.7243145,30.192193],[-97.7241704,30.1923062],[-97.7239932,30.1924955],[-97.72393,30.1926178],[-97.7239056,30.1928235],[-97.7238604,30.1930409],[-97.7238796,30.1932882],[-97.723868,30.1935393],[-97.7237456,30.1939417],[-97.7236522,30.194145],[-97.7235601,30.1943551],[-97.7234428,30.1945777],[-97.7233987,30.1947626],[-97.7233023,30.1949992],[-97.7232431,30.1951161],[-97.7231445,30.1952125],[-97.7229882,30.1952591],[-97.7228553,30.195238],[-97.7223692,30.1950895],[-97.7219727,30.1949914],[-97.7217576,30.1949059],[-97.7216473,30.1948136],[-97.7214687,30.1946071],[-97.7214161,30.1944232],[-97.7214291,30.1940724],[-97.721522,30.1939638],[-97.7216569,30.1939157],[-97.7218194,30.1938472],[-97.7220188,30.1933684],[-97.722051,30.1930387],[-97.7221063,30.192879],[-97.7221145,30.1928552],[-97.7223714,30.1923299],[-97.7223906,30.1921595],[-97.7223451,30.1919277],[-97.7223142,30.1917451],[-97.7222026,30.1914292],[-97.7221787,30.1913115],[-97.7222674,30.1909594],[-97.7222816,30.1906608],[-97.7223362,30.1902483],[-97.7223797,30.1900827],[-97.722408,30.1898247],[-97.7223788,30.1894709],[-97.7223388,30.1892039],[-97.7222186,30.1888328],[-97.7219867,30.1885812]]}},{"type":"Feature","id":"way/585552853","properties":{"name":"Shoal Creek","feature_kind":"waterway","osm_id":585552853,"source":"OpenStreetMap","retrieved_at":"2026-09-28T16:35:48.031322+00:00","access_claim":"none"},"geometry":{"type":"LineString","coordinates":[[-97.7345675,30.3857261],[-97.7345529,30.3856512],[-97.73452,30.3855313],[-97.7344942,30.3854374],[-97.7343657,30.3849616],[-97.7347661,30.3839319],[-97.7349783,30.3833964],[-97.735017,30.3832989],[-97.7351665,30.3829217],[-97.7354687,30.3815465],[-97.735418,30.3809739],[-97.7351335,30.3808876],[-97.7350155,30.3808518],[-97.7350397,30.3806813],[-97.7345651,30.3788533],[-97.7345218,30.3783638]]}},{"type":"Feature","id":"way/585552854","properties":{"name":"Shoal Creek","feature_kind":"waterway","osm_id":585552854,"source":"OpenStreetMap","retrieved_at":"2026-09-28T16:35:48.031322+00:00","access_claim":"none"},"geometry":{"type":"LineString","coordinates":[[-97.734569,30.3929468],[-97.7338696,30.3927639],[-97.7326732,30.3922097],[-97.7327397,30.3920077],[-97.7336517,30.3894854],[-97.7336711,30.3894095],[-97.7345564,30.3858424],[-97.7345675,30.3857261]]}},{"type":"Feature","id":"way/585552855","properties":{"name":"Shoal Creek","feature_kind":"waterway","osm_id":585552855,"source":"OpenStreetMap","retrieved_at":"2026-09-28T16:35:48.031322+00:00","access_claim":"none"},"geometry":{"type":"LineString","coordinates":[[-97.7396544,30.3947394],[-97.7393441,30.3947194],[-97.7391793,30.3946616],[-97.7391009,30.3946082],[-97.7387712,30.3945198],[-97.7385284,30.3943245],[-97.7381459,30.3938144],[-97.7377481,30.3934725],[-97.7376675,30.3933454],[-97.7374396,30.3931952],[-97.7370757,30.3929086],[-97.7369649,30.3927502],[-97.7368636,30.3927611],[-97.736756,30.3928922],[-97.7364743,30.3929604],[-97.7361008,30.3929877],[-97.7356103,30.3929768],[-97.735202,30.3929877],[-97.7349235,30.392985],[-97.734569,30.3929468]]}},{"type":"Feature","id":"way/629217961","properties":{"name":"Williamson Creek","feature_kind":"waterway","osm_id":629217961,"source":"OpenStreetMap","retrieved_at":"2026-09-28T16:35:48.031322+00:00","access_claim":"none"},"geometry":{"type":"LineString","coordinates":[[-97.860167,30.2352357],[-97.8599463,30.2351331],[-97.8589837,30.2346129],[-97.8577099,30.2340614],[-97.8574515,30.2339495],[-97.856561,30.2335601],[-97.8549963,30.2323889],[-97.8547512,30.2319186],[-97.8544195,30.231224],[-97.8543726,30.2308595],[-97.8544483,30.2304764],[-97.8541347,30.229978],[-97.8540215,30.2294451],[-97.853547,30.2290965],[-97.8531288,30.2289033],[-97.851885,30.2275514],[-97.8508179,30.2267789],[-97.8496137,30.2263272],[-97.8478834,30.2257681],[-97.8476231,30.2257795],[-97.8472875,30.2258825],[-97.8458607,30.2258568],[-97.845065,30.2257344],[-97.8447659,30.2255828],[-97.8433683,30.2254733],[-97.8426107,30.2255681],[-97.8423585,30.2256381],[-97.8414817,30.2263506],[-97.8413679,30.2266385],[-97.8413938,30.2268786],[-97.8413133,30.2271386],[-97.8413081,30.2274873],[-97.8411906,30.2277023],[-97.8410894,30.2278891],[-97.8408346,30.2280365],[-97.8404015,30.2282176],[-97.8399163,30.2283676],[-97.8394808,30.2284138],[-97.8386139,30.2281716],[-97.8384339,30.228109],[-97.8383677,30.2280806],[-97.8376783,30.2273136],[-97.8373201,30.2270339],[-97.8369017,30.2268069],[-97.8364926,30.2264798],[-97.8364092,30.2262106],[-97.8362519,30.2260906],[-97.835993,30.2258326],[-97.8356943,30.225676],[-97.8354638,30.2255125],[-97.8353274,30.2253143],[-97.834695,30.224597],[-97.8344206,30.2244091],[-97.833739,30.2241824],[-97.8329609,30.2234335],[-97.8327307,30.2233638]]}},{"type":"Feature","id":"way/629217967","properties":{"name":"Williamson Creek","feature_kind":"waterway","osm_id":629217967,"source":"OpenStreetMap","retrieved_at":"2026-09-28T16:35:48.031322+00:00","access_claim":"none"},"geometry":{"type":"LineString","coordinates":[[-97.8604379,30.2354088],[-97.860167,30.2352357]]}},{"type":"Feature","id":"way/656376127","properties":{"name":"Walnut Creek","feature_kind":"waterway","osm_id":656376127,"source":"OpenStreetMap","retrieved_at":"2026-09-28T16:35:48.031322+00:00","access_claim":"none"},"geometry":{"type":"LineString","coordinates":[[-97.6844421,30.3978212],[-97.6844259,30.3978165],[-97.6841737,30.3976091],[-97.6840331,30.3974812],[-97.6838254,30.3973229],[-97.6836844,30.3971897],[-97.6836173,30.3970972],[-97.683526,30.3969061],[-97.68353,30.3967337],[-97.6835878,30.3966183],[-97.6836978,30.3964587],[-97.6838051,30.3963222],[-97.6839633,30.3961741],[-97.6843174,30.395871],[-97.6844032,30.3957808],[-97.6844564,30.3957054],[-97.6845239,30.3956096],[-97.68454,30.3955309],[-97.6845722,30.39545],[-97.684591,30.3953273],[-97.6845908,30.3951536],[-97.6845278,30.3949917],[-97.6843361,30.3948785],[-97.6841484,30.3947929],[-97.6839177,30.3948253],[-97.6837435,30.3948951],[-97.6835824,30.3949271],[-97.6833947,30.3949502],[-97.6829575,30.3950312],[-97.682818,30.3950728],[-97.6825632,30.3951191],[-97.6820616,30.3953088],[-97.6819234,30.3953479],[-97.681701,30.3953624],[-97.6812732,30.3952965],[-97.6810962,30.3952919],[-97.6808451,30.3952438],[-97.6806642,30.39517],[-97.6802914,30.3950867],[-97.6802019,30.3950434],[-97.6800367,30.3949634],[-97.6795593,30.3947621],[-97.6791956,30.3945332],[-97.6789786,30.3943825],[-97.6784834,30.3940814],[-97.6782527,30.3938871],[-97.6780384,30.393684],[-97.677899,30.3935127],[-97.6777032,30.3932166],[-97.677502,30.3928534],[-97.6773572,30.3924323],[-97.6772606,30.392113],[-97.6770621,30.3916942],[-97.6769307,30.3912361],[-97.6769307,30.3910672],[-97.6768395,30.390542],[-97.6767215,30.3899335],[-97.6767161,30.3896883],[-97.6767668,30.3894634],[-97.6767939,30.3892718],[-97.6769575,30.3891052],[-97.6771852,30.3888387],[-97.6773783,30.3886444],[-97.6775768,30.3883528],[-97.6777055,30.3880891],[-97.6777108,30.3880524],[-97.6777485,30.3877929],[-97.6776787,30.3875662],[-97.6774373,30.3874088],[-97.6772281,30.387344],[-97.6768311,30.387344],[-97.6764878,30.3873949],[-97.6760855,30.3875662],[-97.6758441,30.3877235],[-97.675533,30.3879132],[-97.6752486,30.3881307],[-97.6748731,30.3883852],[-97.674691,30.3884925],[-97.6745352,30.3885842],[-97.6742401,30.3886073],[-97.673752,30.3886073],[-97.6733389,30.3885611],[-97.6730331,30.3884824],[-97.671805,30.3883047],[-97.6710859,30.3882186],[-97.6709196,30.3882325],[-97.6705712,30.3882978],[-97.6698252,30.3883112],[-97.6697682,30.3883041],[-97.66938,30.3882557],[-97.6689186,30.3881585],[-97.6685699,30.3880474],[-97.6682374,30.3879826],[-97.6680338,30.3879831],[-97.6678005,30.3879368],[-97.6673069,30.3876823],[-97.6671111,30.3875921],[-97.6669979,30.3875258],[-97.666789,30.3874273],[-97.6664456,30.3869646],[-97.6663598,30.3866222],[-97.6662689,30.3863889],[-97.6661348,30.386146],[-97.665936,30.385928],[-97.6656034,30.3856874],[-97.6653567,30.3853172],[-97.6652547,30.3849424],[-97.6650831,30.384586],[-97.6650158,30.3843599],[-97.6648238,30.3839457],[-97.6647551,30.3837186],[-97.664764,30.3835652],[-97.6647683,30.3835478],[-97.6648161,30.3833563],[-97.6648125,30.3831612],[-97.6647509,30.383005],[-97.664681,30.382828],[-97.6645389,30.3826458],[-97.6643642,30.3821611],[-97.6642623,30.3819436],[-97.6640853,30.3817539],[-97.6640455,30.3815604],[-97.6640189,30.3814062],[-97.6639871,30.3811529],[-97.6639697,30.3809255],[-97.6639244,30.3805969],[-97.6638922,30.3802313],[-97.6639814,30.3797663],[-97.6640205,30.3796044],[-97.6639991,30.379364],[-97.6638844,30.3790102],[-97.6637742,30.378519],[-97.6635971,30.3781349],[-97.663488,30.3778143],[-97.6633549,30.3776307],[-97.6632477,30.3774004],[-97.6629909,30.3767188],[-97.6628247,30.3764781],[-97.6623766,30.3762226],[-97.6620729,30.376088],[-97.661902,30.3760384],[-97.6614423,30.3758763],[-97.6610049,30.3756307],[-97.660644,30.375374],[-97.6600888,30.3748583],[-97.6597616,30.3746778],[-97.6594498,30.3745049],[-97.6591539,30.3742637],[-97.6589155,30.3741326],[-97.6586868,30.3740335],[-97.6586124,30.3739468],[-97.6585101,30.3732945],[-97.6584943,30.3731939],[-97.6585098,30.3728925],[-97.6585396,30.3725823],[-97.6586012,30.3722471],[-97.6586819,30.3718024],[-97.6587521,30.3714757],[-97.6588746,30.3710425],[-97.6590414,30.3707626],[-97.6593073,30.3705404],[-97.6595025,30.3704785],[-97.6596683,30.3704685],[-97.6599693,30.3704917],[-97.6604216,30.3706196],[-97.6606926,30.3707772],[-97.6609278,30.3708167],[-97.6613992,30.3708287],[-97.6616133,30.3708005],[-97.6618468,30.3707555],[-97.6619906,30.3706877],[-97.662115,30.3706074],[-97.6624753,30.3699658],[-97.6626151,30.3697083],[-97.662848,30.3693655],[-97.6632686,30.3686513],[-97.6633134,30.3684573],[-97.663293,30.368043],[-97.6631151,30.3675887],[-97.6629495,30.3672103],[-97.662693,30.3670902],[-97.6625075,30.367097],[-97.6623269,30.3671018],[-97.6622424,30.3670698],[-97.6616711,30.366619],[-97.6613461,30.3662812],[-97.6612648,30.3661695],[-97.6610878,30.3658219],[-97.6609447,30.3656819],[-97.660787,30.365616],[-97.6602619,30.3652281],[-97.6599451,30.3648404],[-97.6594974,30.3646579],[-97.6591145,30.3644291],[-97.6586365,30.3642869],[-97.6579856,30.3642682],[-97.6574372,30.3644053],[-97.6570886,30.3644516],[-97.656756,30.3644377],[-97.6564932,30.3643748],[-97.6564256,30.3643156],[-97.6563012,30.3640342],[-97.6561391,30.3637712],[-97.6559958,30.3636159],[-97.6559482,30.3635476],[-97.6559566,30.3631834],[-97.6558547,30.3626742],[-97.6558505,30.3620931],[-97.6559655,30.3616987],[-97.6560602,30.361349],[-97.6560747,30.3610172],[-97.6559889,30.3607533],[-97.655928,30.3603828],[-97.6559851,30.3600366],[-97.6561176,30.3594804],[-97.6560271,30.3590789],[-97.6557776,30.3586753],[-97.6553482,30.3580961],[-97.6552832,30.3577102],[-97.6551048,30.3574421],[-97.6549686,30.3573252],[-97.6548967,30.3572069],[-97.6548659,30.3569326],[-97.6545559,30.3562111],[-97.6544803,30.3560416],[-97.654312,30.355885],[-97.6542788,30.3557091],[-97.6541661,30.3552712],[-97.6541195,30.3551728],[-97.6541284,30.3547688],[-97.6538768,30.3542562],[-97.6538914,30.3540377],[-97.6538182,30.3538118],[-97.6537025,30.353513],[-97.6534924,30.3532295],[-97.6533379,30.353111],[-97.6532006,30.3529407],[-97.6531319,30.3528296],[-97.6531196,30.3526962],[-97.6531616,30.3524779],[-97.6530546,30.3522296],[-97.6529517,30.3520222],[-97.6529291,30.3518585],[-97.6529546,30.3516258],[-97.6530279,30.3513671],[-97.6531233,30.3512371],[-97.6533293,30.3510742],[-97.6536122,30.3508824],[-97.6537408,30.3507952],[-97.6538613,30.3505884],[-97.6539169,30.3503967],[-97.6539465,30.3502182],[-97.6539559,30.3499187],[-97.6541018,30.3497188],[-97.6541712,30.349594],[-97.6542048,30.3495336],[-97.6542134,30.3493632],[-97.6541533,30.3489558],[-97.6541876,30.3487633],[-97.6541876,30.348504],[-97.654076,30.3483411],[-97.6539559,30.3482966],[-97.6537499,30.348267],[-97.6535981,30.3482523],[-97.6534889,30.3481969],[-97.6533743,30.3480513],[-97.6532427,30.3478619],[-97.6530946,30.3477657],[-97.6530057,30.3476609],[-97.6527515,30.3473487],[-97.6526404,30.3472299],[-97.6525915,30.3471337],[-97.6525747,30.3470269],[-97.6525797,30.3466906],[-97.6525311,30.3465041],[-97.6524968,30.3463264],[-97.652574,30.3461412],[-97.6527162,30.3459636],[-97.6528184,30.3457565],[-97.6529058,30.345535],[-97.6529374,30.3453762],[-97.6528767,30.3450593],[-97.652872,30.3449318],[-97.6528252,30.3447722],[-97.6527628,30.3444894],[-97.6527447,30.3443499],[-97.652677,30.3442746],[-97.6525053,30.3441783],[-97.6522897,30.3441171],[-97.6520241,30.3441136],[-97.6518874,30.3440598],[-97.6517414,30.3439042],[-97.6516524,30.343858],[-97.6513351,30.3438435],[-97.6510033,30.3438376],[-97.6506943,30.3438153],[-97.6505263,30.3437936],[-97.650391,30.3437533],[-97.6502338,30.3436247],[-97.6500678,30.343476],[-97.6499052,30.3432892],[-97.6497676,30.3431156],[-97.6497098,30.3429804],[-97.6497374,30.3427208],[-97.6496884,30.3426524],[-97.6495414,30.3424953],[-97.6494632,30.3423437],[-97.649437,30.3421632],[-97.6494039,30.341969],[-97.6493754,30.3418009],[-97.6492867,30.3417413],[-97.6491665,30.3416005],[-97.6490623,30.3413707],[-97.649038,30.3410685],[-97.6490635,30.3409635],[-97.6491087,30.3409293],[-97.6492352,30.3409116],[-97.6493811,30.3409413],[-97.649527,30.3410079],[-97.6497096,30.3410186],[-97.6498683,30.3409583],[-97.6500562,30.3409296],[-97.6501965,30.3409042],[-97.6503025,30.3408793],[-97.6503937,30.3407621],[-97.6503469,30.3404945],[-97.6503677,30.3403555],[-97.650454,30.3402175],[-97.650763,30.3398524],[-97.6511217,30.3394021],[-97.6512522,30.3391264],[-97.6512851,30.3390002],[-97.6512796,30.3388571],[-97.6511654,30.3387606],[-97.6510203,30.3387272],[-97.6509008,30.3387056],[-97.6508839,30.3385946],[-97.6508416,30.3384464],[-97.6508377,30.3383007],[-97.6507507,30.3382115],[-97.6506671,30.3381728],[-97.6505055,30.3381634],[-97.6504196,30.3380745],[-97.6503681,30.337923],[-97.6503215,30.337715],[-97.650248,30.3375041],[-97.6501707,30.3373486],[-97.6500849,30.3372671],[-97.6499647,30.3371189],[-97.6498983,30.3369303],[-97.6497673,30.3362893],[-97.6498102,30.3361559],[-97.649939,30.3360818],[-97.6500361,30.336008],[-97.6500891,30.3359184],[-97.6501198,30.3356951],[-97.6503681,30.3354374],[-97.6503681,30.3352596],[-97.6502137,30.3347262],[-97.6501021,30.3344669],[-97.6499991,30.3343113],[-97.6496472,30.3339187],[-97.6495699,30.3337632],[-97.6495528,30.3334224],[-97.6496175,30.3330716],[-97.6497244,30.332926],[-97.649932,30.332876],[-97.6501637,30.3328312],[-97.6503729,30.3326699],[-97.6505898,30.3325197],[-97.6507372,30.332363],[-97.6507973,30.3322519],[-97.6507458,30.3321037],[-97.6506171,30.3320667],[-97.6505168,30.3320617],[-97.650416,30.3320349],[-97.6503559,30.3320084],[-97.6503252,30.3319778],[-97.6503596,30.3318296],[-97.6504368,30.3317111],[-97.6504583,30.3316391],[-97.6504892,30.331452],[-97.6504667,30.3313574],[-97.6503939,30.331237],[-97.6502491,30.3311748],[-97.650152,30.3311034],[-97.6500248,30.3308443],[-97.6499683,30.3306147],[-97.6499047,30.330148],[-97.6498703,30.3300294],[-97.649733,30.3299776],[-97.6496043,30.3299998],[-97.6495356,30.3301257],[-97.6494326,30.3302369],[-97.6492352,30.3302739],[-97.649012,30.3302591],[-97.6488661,30.3302146],[-97.648765,30.3300761],[-97.6486971,30.3299744],[-97.6485915,30.329859],[-97.6484541,30.3296887],[-97.648394,30.3295701],[-97.6481562,30.3291269],[-97.6480445,30.3288771],[-97.6480304,30.3287471],[-97.6480656,30.3285566],[-97.6481081,30.3284691],[-97.6481693,30.3284159],[-97.6481966,30.3283329],[-97.6481205,30.3281839],[-97.6480507,30.327918],[-97.6480332,30.3275754],[-97.6479896,30.3273736],[-97.6480116,30.3273015],[-97.6481071,30.3272529],[-97.6483359,30.3272208],[-97.6485648,30.3272311],[-97.6487108,30.3272671],[-97.6488712,30.3273919],[-97.6489525,30.3274857],[-97.6489469,30.3275413],[-97.6489126,30.327747],[-97.6488506,30.327891],[-97.6487741,30.3280549],[-97.6487472,30.3281452],[-97.6487889,30.3281625],[-97.6489262,30.3281477],[-97.6492953,30.3280366],[-97.6494902,30.3279376],[-97.6496472,30.3279106],[-97.6498414,30.3279262],[-97.6499328,30.3278911],[-97.6499617,30.3278062],[-97.6499132,30.3277032],[-97.6497757,30.3275869],[-97.6496111,30.3274785],[-97.6494854,30.3273634],[-97.6494067,30.3272387],[-97.6493679,30.3271329],[-97.649354,30.3270123],[-97.6493549,30.3266444],[-97.649456,30.3264348],[-97.6494238,30.3263275],[-97.6493809,30.3261867],[-97.6493879,30.3260978],[-97.6494668,30.3260608],[-97.6496813,30.3260163],[-97.6498272,30.3259126],[-97.6499249,30.3257932],[-97.650107,30.3255571],[-97.6501406,30.3254305],[-97.6500341,30.3252121],[-97.6499591,30.3250745],[-97.6500676,30.3248235],[-97.6501277,30.3246754],[-97.6501537,30.3245815],[-97.650133,30.3245312],[-97.6499177,30.3243176],[-97.6499045,30.3239926],[-97.6499045,30.3239567],[-97.6499302,30.3237641],[-97.650009,30.3235707],[-97.6501792,30.3232603],[-97.6503851,30.3229195],[-97.6504452,30.3228042],[-97.6505107,30.3226453],[-97.6505481,30.3224177],[-97.6505826,30.3223045],[-97.6507597,30.3221193],[-97.6508876,30.3219448],[-97.6510359,30.3217669],[-97.6515046,30.3214169],[-97.6516726,30.3211784],[-97.6517327,30.3209931],[-97.651774,30.3208415],[-97.6517864,30.3207607],[-97.6517925,30.3206106],[-97.6517402,30.3204707],[-97.651508,30.3203759],[-97.6514033,30.3203282],[-97.6512989,30.3202342],[-97.6512778,30.3201782],[-97.6512733,30.3201046],[-97.6514315,30.3199073],[-97.6515407,30.3197625],[-97.651586,30.3195571],[-97.6516726,30.3191853],[-97.6517239,30.3189407],[-97.6517052,30.3187166],[-97.65168,30.3185995],[-97.6516812,30.3185111],[-97.6517327,30.3184074],[-97.6517841,30.3181737],[-97.6516804,30.3175799],[-97.6516297,30.3173923],[-97.6514884,30.3172105],[-97.6512903,30.3171398],[-97.6511161,30.3171587],[-97.6506991,30.3173361],[-97.6505933,30.3173549],[-97.6505396,30.3173182],[-97.6504881,30.3172589],[-97.6502911,30.3168098],[-97.6501359,30.3164553],[-97.649872,30.3160231],[-97.6498187,30.315903],[-97.64975,30.3155029],[-97.6496298,30.3153399],[-97.6495011,30.3151991],[-97.6493452,30.3151186],[-97.6492074,30.3150751],[-97.6490115,30.3151103],[-97.6488391,30.3151853],[-97.6485991,30.3154226],[-97.6482808,30.3156304],[-97.6481578,30.3156706],[-97.6480388,30.3156746],[-97.6479399,30.3155924],[-97.647876,30.3154622],[-97.6477691,30.3153319],[-97.6477158,30.3152214],[-97.6476386,30.3150584],[-97.6475735,30.314913],[-97.6475563,30.3146088],[-97.6475442,30.3145249],[-97.6474497,30.3143915],[-97.6473982,30.3142359],[-97.6474304,30.3141535],[-97.6474841,30.3141174],[-97.6476471,30.3140655],[-97.6478875,30.3140433],[-97.6480506,30.313984],[-97.6480849,30.3138432],[-97.648042,30.3136876],[-97.6479561,30.3135839],[-97.6478274,30.3134727],[-97.6477355,30.3133875],[-97.6476297,30.3132437],[-97.6476357,30.3130671],[-97.6477096,30.3129218],[-97.6477235,30.3128264],[-97.6477326,30.3127463],[-97.6477587,30.3126725],[-97.6478768,30.3126317],[-97.6480953,30.3126191],[-97.6481793,30.3126206],[-97.6483245,30.3126447],[-97.648474,30.3126213],[-97.648514,30.3125688],[-97.6484883,30.3124724],[-97.6484025,30.312302],[-97.6483753,30.3121498],[-97.6484625,30.3119982],[-97.6487286,30.3118426],[-97.6487801,30.3117092],[-97.6487286,30.3115166],[-97.648617,30.3111906],[-97.6484454,30.3107386],[-97.6484886,30.3105786],[-97.6488059,30.3103607],[-97.648959,30.3102813],[-97.6491149,30.3101161],[-97.6491492,30.3099161],[-97.6491578,30.3097382],[-97.6491749,30.3096419],[-97.6492436,30.3095975],[-97.6494238,30.3096197],[-97.6497613,30.3095449],[-97.6499045,30.3095826],[-97.6501534,30.3096049],[-97.6503336,30.3095678],[-97.6505225,30.3094937],[-97.6506099,30.309472],[-97.6506896,30.3094827],[-97.6509024,30.3095656],[-97.6509855,30.3096042],[-97.6510801,30.3095614],[-97.6511336,30.3094689],[-97.6511319,30.3092418],[-97.6511187,30.3089019],[-97.6511329,30.308799],[-97.6511806,30.308688],[-97.6512858,30.3086465],[-97.6515095,30.3085452],[-97.6516469,30.3084489],[-97.6517186,30.3083777],[-97.6519127,30.3080081],[-97.651973,30.3078042],[-97.651958,30.3075741],[-97.6520245,30.3073078],[-97.6520588,30.3070929],[-97.6520503,30.3069373],[-97.6520073,30.3068187],[-97.6519301,30.3067446],[-97.6518208,30.3067049],[-97.6516811,30.3066804],[-97.6515562,30.306711],[-97.651442,30.3067647],[-97.6513584,30.3068367],[-97.6512711,30.3069932],[-97.6512091,30.3070484],[-97.6511147,30.3070929],[-97.6510483,30.3070764],[-97.6509087,30.3068409],[-97.6508473,30.3067196],[-97.6507831,30.3066166],[-97.6507545,30.3065422],[-97.6507844,30.3064465],[-97.6508516,30.3063649],[-97.6509199,30.3062931],[-97.6510913,30.306207],[-97.6512695,30.306052],[-97.6513121,30.3059666],[-97.6512778,30.3058184],[-97.6511552,30.3055455],[-97.6511405,30.3053515],[-97.6511405,30.3052033],[-97.6511878,30.305074],[-97.6513876,30.3048137],[-97.6514582,30.3046574],[-97.6514838,30.3044697],[-97.6515034,30.3041422],[-97.651452,30.3038103]]}},{"type":"Feature","id":"way/682792094","properties":{"name":"Walnut Creek","feature_kind":"waterway","osm_id":682792094,"source":"OpenStreetMap","retrieved_at":"2026-09-28T16:35:48.031322+00:00","access_claim":"none"},"geometry":{"type":"LineString","coordinates":[[-97.7392183,30.4392756],[-97.7388314,30.4396237]]}},{"type":"Feature","id":"way/682792095","properties":{"name":"Walnut Creek","feature_kind":"waterway","osm_id":682792095,"source":"OpenStreetMap","retrieved_at":"2026-09-28T16:35:48.031322+00:00","access_claim":"none"},"geometry":{"type":"LineString","coordinates":[[-97.7298581,30.4395233],[-97.7295364,30.4395357],[-97.7285758,30.4391608],[-97.7278564,30.4386486],[-97.7277206,30.4386187],[-97.7275859,30.4385841],[-97.7269492,30.4382729],[-97.7264487,30.4380323],[-97.7256304,30.4380331],[-97.72542,30.4380333],[-97.7250276,30.4382171],[-97.7241965,30.4383891],[-97.7238404,30.4383476],[-97.7234554,30.4379825],[-97.7231859,30.4374514],[-97.7225892,30.4371858],[-97.7216652,30.4370199],[-97.7210492,30.4369618],[-97.7205199,30.4365635],[-97.7193553,30.4355178],[-97.7188644,30.4354017],[-97.71872,30.4355344],[-97.7184698,30.4358],[-97.7184473,30.4358039],[-97.718181,30.4358498],[-97.7179982,30.4357253],[-97.7176036,30.4353768],[-97.7171704,30.4353021],[-97.7167277,30.4349453],[-97.7163427,30.4345054],[-97.7160828,30.4341403],[-97.7156497,30.4335345],[-97.7150337,30.4332357],[-97.7144274,30.4328955],[-97.7141868,30.4324889],[-97.7136874,30.4319179],[-97.7131061,30.4317486],[-97.7125648,30.4317374]]}},{"type":"Feature","id":"way/778923062","properties":{"name":"Walnut Creek","feature_kind":"waterway","osm_id":778923062,"source":"OpenStreetMap","retrieved_at":"2026-09-28T16:35:48.031322+00:00","access_claim":"none"},"geometry":{"type":"LineString","coordinates":[[-97.7111661,30.4095164],[-97.7110226,30.4095106],[-97.7109461,30.4094956],[-97.7108844,30.4094724],[-97.710615,30.4093231],[-97.7104352,30.409255],[-97.7103453,30.4092099],[-97.7101965,30.4092446],[-97.7101563,30.4092676],[-97.7101039,30.4093209],[-97.7099551,30.4094341],[-97.7099015,30.4095429],[-97.709909,30.4096506],[-97.709923,30.4098528],[-97.7098827,30.4098991],[-97.709821,30.4099454],[-97.7097803,30.4099641],[-97.7096573,30.4100207],[-97.709534,30.4100265],[-97.7094785,30.4100244],[-97.7094079,30.4100218],[-97.7093127,30.4099813],[-97.7092363,30.4099384],[-97.7091933,30.4099258],[-97.7091665,30.4098206],[-97.7091263,30.4097477],[-97.7090834,30.4096354],[-97.7090432,30.4095753],[-97.7090217,30.4094758],[-97.7089144,30.4092954],[-97.7088742,30.4091496],[-97.7088742,30.4090733],[-97.7088286,30.4089923],[-97.7088125,30.4089206],[-97.7087669,30.4088073],[-97.7087963,30.408332],[-97.7088313,30.4081804],[-97.7088688,30.4081017],[-97.7088996,30.4080116],[-97.7089654,30.4079236],[-97.7090592,30.4076033],[-97.7091076,30.4075442],[-97.7091202,30.407537],[-97.7091638,30.407512],[-97.7092081,30.4074518],[-97.7091934,30.407336],[-97.7092738,30.4071326],[-97.7093234,30.4070574],[-97.7093597,30.4069994],[-97.7096708,30.4065472],[-97.7096816,30.4064454],[-97.7096762,30.4063691],[-97.7096333,30.4061077],[-97.7095287,30.4059666],[-97.7095098,30.4059315],[-97.7094777,30.4058717],[-97.7093409,30.4057052],[-97.7092964,30.4056782],[-97.7092149,30.4056288],[-97.7091478,30.4055664],[-97.7090405,30.405527],[-97.7089359,30.4054669],[-97.7088179,30.4054368],[-97.7086287,30.4054543],[-97.7085014,30.4054368],[-97.708378,30.4054322],[-97.7082895,30.4053906],[-97.7082278,30.4053165],[-97.7081566,30.4052692],[-97.7080145,30.4052288],[-97.7079408,30.4051962],[-97.7078094,30.4051708],[-97.7075948,30.4051106],[-97.7073749,30.4051014],[-97.7071737,30.4051176],[-97.7070851,30.4051501],[-97.7069966,30.4051466],[-97.7068343,30.4052079],[-97.7065849,30.4053502],[-97.7064615,30.405445],[-97.7063864,30.4054878],[-97.7063247,30.4055411],[-97.7062268,30.4056081],[-97.7059894,30.4058094],[-97.7057024,30.4060292],[-97.7055402,30.406265],[-97.7054946,30.4063136],[-97.7053391,30.4064223],[-97.7052318,30.4065426],[-97.705154,30.4066143],[-97.7050816,30.4066536],[-97.7049421,30.4067693],[-97.704875,30.4068433],[-97.7047007,30.4069405],[-97.7045719,30.4069775],[-97.7044808,30.4069844],[-97.7044083,30.4069567],[-97.7043064,30.4069011],[-97.704175,30.4067947],[-97.7040409,30.4066305],[-97.704006,30.4065495],[-97.7039899,30.4064801],[-97.703955,30.4064269],[-97.7038853,30.4063737],[-97.7037887,30.4063274],[-97.7032684,30.406147],[-97.7031745,30.4061239],[-97.7029304,30.4060892],[-97.7028446,30.4060614],[-97.702732,30.4060568],[-97.7024798,30.4060221],[-97.7021311,30.4059596],[-97.7018629,30.4059018],[-97.701769,30.4058625],[-97.7016349,30.4057792],[-97.7014499,30.4057214],[-97.7013591,30.4057125],[-97.7011697,30.4056938],[-97.7010195,30.4056637],[-97.7008464,30.4056427],[-97.7006988,30.4056427],[-97.700554,30.4056543],[-97.7002375,30.4057306],[-97.7000363,30.4057884],[-97.6998191,30.4058578],[-97.6996542,30.4059413],[-97.6994692,30.4059899],[-97.6992144,30.4060084],[-97.6990802,30.4059899],[-97.6988523,30.405976],[-97.698694,30.4059853],[-97.6985518,30.4060177],[-97.6982058,30.4060408],[-97.6979028,30.4060246],[-97.6974311,30.4059708],[-97.6973958,30.4059668],[-97.6969264,30.4058997],[-97.6967734,30.4058596],[-97.6966877,30.4058372],[-97.6965245,30.4057488],[-97.6962961,30.405629],[-97.6960976,30.4055527],[-97.6959555,30.4054856],[-97.6955853,30.4052728],[-97.6953976,30.4051201],[-97.6952179,30.4049466],[-97.6950087,30.4047268],[-97.6949014,30.4045742],[-97.6949148,30.40444],[-97.695006,30.4043081],[-97.6951106,30.4041832],[-97.6953198,30.4040722],[-97.6954283,30.4039505],[-97.695486,30.4038603],[-97.6954941,30.4037321],[-97.6954324,30.4036396],[-97.6953411,30.4034462],[-97.6952674,30.4033479],[-97.6952097,30.4032091],[-97.6950162,30.4029911],[-97.6949929,30.4029371],[-97.6949187,30.4028875],[-97.6947242,30.4028586],[-97.6945593,30.4028609],[-97.6944198,30.4029234],[-97.6943219,30.403009],[-97.6941503,30.4030867],[-97.6938793,30.403201],[-97.6935575,30.4033247],[-97.6932289,30.4034751],[-97.6928896,30.4035792],[-97.6926281,30.4036289],[-97.6923881,30.4035979],[-97.6922526,30.4036289],[-97.6918785,30.403827],[-97.6917203,30.4038385],[-97.6915325,30.4038154],[-97.6913877,30.4037761],[-97.691326,30.4036697],[-97.6912831,30.4035216],[-97.691098,30.4029895],[-97.6911341,30.4028632],[-97.6911329,30.4027027],[-97.6911731,30.4025315],[-97.691149,30.4024066],[-97.6911582,30.4023045],[-97.6910912,30.4022085],[-97.6908592,30.402116],[-97.6907197,30.4021183],[-97.6906379,30.4020778],[-97.6906018,30.4019878],[-97.690465,30.4018537],[-97.6902102,30.4016362],[-97.690025,30.4015076],[-97.6898427,30.4014326],[-97.6897167,30.4013424],[-97.6896764,30.4012707],[-97.6896523,30.4011226],[-97.6895556,30.4009142],[-97.6894903,30.4008559],[-97.6894055,30.4007802],[-97.6891883,30.400653],[-97.6890139,30.4005674],[-97.6887886,30.4004772],[-97.6885994,30.4003058],[-97.6885687,30.4001949],[-97.6884748,30.4000955],[-97.687835,30.3995562],[-97.6876633,30.3994012],[-97.6875024,30.3992208],[-97.6874731,30.399191],[-97.6872127,30.3989709],[-97.6869995,30.3988263],[-97.6861063,30.3983428],[-97.6859601,30.3982792],[-97.6857926,30.3983025],[-97.6856731,30.3982618],[-97.6855564,30.3982792],[-97.6852856,30.3981591],[-97.685195,30.398124],[-97.6849848,30.3980453],[-97.6846392,30.397893],[-97.6844796,30.3978338],[-97.6844421,30.3978212]]}},{"type":"Feature","id":"way/778923063","properties":{"name":"Walnut Creek","feature_kind":"waterway","osm_id":778923063,"source":"OpenStreetMap","retrieved_at":"2026-09-28T16:35:48.031322+00:00","access_claim":"none"},"geometry":{"type":"LineString","coordinates":[[-97.7073734,30.418877],[-97.7072681,30.4188242]]}},{"type":"Feature","id":"way/881483405","properties":{"name":"Blunn Creek","feature_kind":"waterway","osm_id":881483405,"source":"OpenStreetMap","retrieved_at":"2026-09-28T16:35:48.031322+00:00","access_claim":"none"},"geometry":{"type":"LineString","coordinates":[[-97.7407261,30.2507711],[-97.7406591,30.250995]]}},{"type":"Feature","id":"way/881860383","properties":{"name":"Williamson Creek","feature_kind":"waterway","osm_id":881860383,"source":"OpenStreetMap","retrieved_at":"2026-09-28T16:35:48.031322+00:00","access_claim":"none"},"geometry":{"type":"LineString","coordinates":[[-97.8807319,30.2426434],[-97.8804105,30.2424231],[-97.8800675,30.2416177],[-97.8799278,30.2412802],[-97.8793312,30.2401033],[-97.8792437,30.2392099],[-97.8791347,30.2388625],[-97.8790008,30.2386853],[-97.8783607,30.2384305],[-97.8775294,30.2381869],[-97.8773317,30.2381935],[-97.8768805,30.2382739],[-97.876367,30.2383334],[-97.8760832,30.2383277],[-97.8757612,30.2382135],[-97.8752608,30.2380378],[-97.8748447,30.2376268],[-97.8743845,30.2370612],[-97.8733244,30.2356952],[-97.8731512,30.2354616],[-97.8728078,30.2353782],[-97.8726038,30.2353915],[-97.8721242,30.2353276],[-97.8716676,30.2351327],[-97.8714877,30.2350559],[-97.8708153,30.2349217],[-97.8698396,30.2348514],[-97.8691445,30.2347396],[-97.8682455,30.2344648],[-97.8671971,30.2343301],[-97.8665681,30.2342956],[-97.8656253,30.2342719],[-97.8653656,30.23431],[-97.8652603,30.2344205]]}},{"type":"Feature","id":"way/881860384","properties":{"name":"Williamson Creek","feature_kind":"waterway","osm_id":881860384,"source":"OpenStreetMap","retrieved_at":"2026-09-28T16:35:48.031322+00:00","access_claim":"none"},"geometry":{"type":"LineString","coordinates":[[-97.891237,30.2469467],[-97.8910402,30.246766],[-97.8904057,30.2465444],[-97.8898049,30.246334],[-97.8893447,30.245967],[-97.8893314,30.245909],[-97.8893467,30.2458451],[-97.8894028,30.2457428],[-97.8893975,30.2456994],[-97.8892914,30.2456213],[-97.8890601,30.2455361],[-97.888913,30.2455061],[-97.8887287,30.2453319],[-97.8885837,30.2452193],[-97.8884325,30.2451837],[-97.8883505,30.2451897],[-97.8881737,30.2452558],[-97.887907,30.2452432],[-97.887808,30.2452087],[-97.8875485,30.2450525],[-97.8866805,30.2447864],[-97.8853207,30.2446366],[-97.8848681,30.2445727],[-97.8847688,30.2445634],[-97.8846381,30.2446443],[-97.8841292,30.2449017],[-97.883845,30.2448234],[-97.8831286,30.2443091],[-97.8826585,30.2439682],[-97.881964,30.2434413],[-97.8809042,30.2427025]]}},{"type":"Feature","id":"way/886609459","properties":{"name":"Williamson Creek","feature_kind":"waterway","osm_id":886609459,"source":"OpenStreetMap","retrieved_at":"2026-09-28T16:35:48.031322+00:00","access_claim":"none"},"geometry":{"type":"LineString","coordinates":[[-97.8971281,30.248002],[-97.8970047,30.2479637],[-97.8963042,30.2476734],[-97.896191,30.2476618],[-97.8955302,30.2477619],[-97.8953171,30.2477566],[-97.8948694,30.2478619],[-97.8946611,30.247863],[-97.8937453,30.2477761],[-97.8930916,30.2474128],[-97.8925508,30.2473392],[-97.8916064,30.2471277],[-97.8913123,30.2469903]]}},{"type":"Feature","id":"way/886609460","properties":{"name":"Williamson Creek","feature_kind":"waterway","osm_id":886609460,"source":"OpenStreetMap","retrieved_at":"2026-09-28T16:35:48.031322+00:00","access_claim":"none"},"geometry":{"type":"LineString","coordinates":[[-97.899866,30.2462225],[-97.8993833,30.2462628]]}},{"type":"Feature","id":"way/951860873","properties":{"name":"Williamson Creek","feature_kind":"waterway","osm_id":951860873,"source":"OpenStreetMap","retrieved_at":"2026-09-28T16:35:48.031322+00:00","access_claim":"none"},"geometry":{"type":"LineString","coordinates":[[-97.8913123,30.2469903],[-97.891237,30.2469467]]}},{"type":"Feature","id":"way/971155652","properties":{"name":"Shoal Creek","feature_kind":"waterway","osm_id":971155652,"source":"OpenStreetMap","retrieved_at":"2026-09-28T16:35:48.031322+00:00","access_claim":"none"},"geometry":{"type":"LineString","coordinates":[[-97.7475886,30.2932973],[-97.7474574,30.2929177],[-97.7474487,30.2927656],[-97.747459,30.2926095],[-97.747664,30.2923877],[-97.7480052,30.2922789],[-97.748884,30.2921593],[-97.7495651,30.2920516],[-97.7502245,30.292156],[-97.7504576,30.2921158],[-97.7505904,30.2920929],[-97.7508603,30.2920199],[-97.751129,30.2919138],[-97.7514882,30.2915331],[-97.7517035,30.2913626],[-97.7517919,30.2912023],[-97.7518885,30.290894],[-97.7518942,30.2908646],[-97.7518962,30.2908605],[-97.7520056,30.2904338],[-97.7523936,30.2898848],[-97.7525907,30.2896426],[-97.7529123,30.2892475],[-97.7532873,30.2887686],[-97.7535659,30.2882518],[-97.7537021,30.2876743],[-97.7538937,30.2870393],[-97.7539376,30.2864295],[-97.7538977,30.2858163],[-97.7538814,30.2856883],[-97.7540071,30.2854074],[-97.7543218,30.2850536],[-97.7543528,30.2850086],[-97.7543573,30.285002],[-97.7545093,30.2848],[-97.754524,30.2846992],[-97.7544715,30.2843926],[-97.7543324,30.2842636],[-97.7540814,30.2841422],[-97.7536917,30.2839104],[-97.7527297,30.2832369],[-97.7517753,30.2827399],[-97.7513085,30.2823575],[-97.7510462,30.2819292],[-97.7509424,30.2814924],[-97.7508205,30.2808944],[-97.7508096,30.2805425],[-97.750853,30.2802016],[-97.7510044,30.2795679],[-97.7510645,30.2788419],[-97.7511154,30.2786333],[-97.751049,30.2784056],[-97.7509404,30.2782607],[-97.7508308,30.2781474],[-97.7507612,30.2780948],[-97.7507101,30.2779981],[-97.7506279,30.2777279],[-97.7505078,30.277593],[-97.7504232,30.2774333],[-97.7502758,30.2769855],[-97.7501841,30.2766687],[-97.7502073,30.2764407],[-97.7502208,30.2763677],[-97.7505399,30.2760953],[-97.7508921,30.275902],[-97.7511562,30.2756042],[-97.7513323,30.2752779],[-97.7514015,30.2750135],[-97.7514513,30.2749265],[-97.7514982,30.2748527],[-97.7517761,30.2745493],[-97.7520549,30.2742071],[-97.7520948,30.2740917],[-97.7520879,30.2739632],[-97.7516909,30.2737032],[-97.7514659,30.2735341],[-97.7514442,30.2734851],[-97.7513341,30.2730917],[-97.7513192,30.2730011],[-97.7513186,30.2728534],[-97.7513211,30.2726185],[-97.751257,30.2722897],[-97.7511066,30.2719489],[-97.7508702,30.2716235],[-97.7508294,30.271445],[-97.7509212,30.271128],[-97.7512163,30.270653],[-97.7514828,30.2701415],[-97.7518799,30.2698356],[-97.752201,30.2696703],[-97.7523349,30.2694547],[-97.7525137,30.2692931],[-97.7525334,30.2692197],[-97.7525529,30.2689235],[-97.7524068,30.2686675],[-97.7521709,30.2685611],[-97.7518951,30.2685704],[-97.7516132,30.2685704],[-97.751028,30.2684202],[-97.750661,30.268187],[-97.7504975,30.2680614],[-97.7503749,30.2679671],[-97.7503196,30.2677591],[-97.7503612,30.2673149],[-97.7504663,30.2669844],[-97.7504889,30.2668474],[-97.7505527,30.266505],[-97.7505924,30.2662662],[-97.7508514,30.2658995],[-97.7511374,30.2653782],[-97.7512416,30.2651081],[-97.7513811,30.2648679],[-97.7512719,30.2647096],[-97.7506265,30.2644808],[-97.7497862,30.2642332],[-97.7496959,30.2634366]]}},{"type":"Feature","id":"way/981861025","properties":{"name":"Walnut Creek","feature_kind":"waterway","osm_id":981861025,"source":"OpenStreetMap","retrieved_at":"2026-09-28T16:35:48.031322+00:00","access_claim":"none"},"geometry":{"type":"LineString","coordinates":[[-97.651452,30.3038103],[-97.651767,30.3033507],[-97.6518271,30.303284],[-97.6518529,30.3030469],[-97.6519301,30.3029209],[-97.6520846,30.3028468],[-97.6522992,30.3028172],[-97.6525137,30.3027653],[-97.6526511,30.3026616],[-97.6528657,30.3025801],[-97.6530914,30.3024129],[-97.6532776,30.3023503],[-97.653415,30.3022021],[-97.6536124,30.3021206],[-97.6538613,30.3020687],[-97.654093,30.3020021],[-97.6543076,30.3019057],[-97.6544449,30.3018242],[-97.6546767,30.3017056],[-97.6548569,30.3016315],[-97.6550543,30.3015945],[-97.6556466,30.3015352],[-97.6558096,30.301513],[-97.6558869,30.3014537],[-97.6559298,30.3013425],[-97.6560328,30.3012091],[-97.6561616,30.3011202],[-97.6565135,30.3009794],[-97.6566594,30.3008682],[-97.6571143,30.3006015],[-97.6573031,30.3005644],[-97.657449,30.3005792],[-97.6575263,30.3006608],[-97.6575434,30.3007793],[-97.6575863,30.3008831],[-97.657655,30.3009942],[-97.657758,30.3010609],[-97.65817,30.301098],[-97.6583846,30.3011573],[-97.6585991,30.3011943],[-97.6587794,30.3011647],[-97.6591227,30.3009498],[-97.6593459,30.3008608],[-97.6594832,30.3007497],[-97.6594746,30.3006237],[-97.6593459,30.3004533],[-97.6592429,30.300268],[-97.6592257,30.3001272],[-97.6593373,30.3000383],[-97.6594746,30.2999493],[-97.6596034,30.2998752],[-97.6597454,30.2997898],[-97.6597493,30.2996826],[-97.6596634,30.2995714],[-97.6596181,30.2994252],[-97.6596291,30.2992453],[-97.6597149,30.2991342],[-97.6598125,30.2990156],[-97.6598265,30.2989044],[-97.6597579,30.2986747],[-97.659775,30.2984894],[-97.6598454,30.2983642],[-97.6599981,30.2982677],[-97.6601597,30.2982251],[-97.6603703,30.2981958],[-97.6604102,30.2981337],[-97.660393,30.2980152],[-97.6603329,30.297904],[-97.6602213,30.2977928],[-97.6601183,30.2976743],[-97.6601012,30.297526],[-97.6601098,30.2973482],[-97.6600497,30.2972222],[-97.6599467,30.2971629],[-97.6596978,30.2971481],[-97.6595948,30.2970814],[-97.659569,30.296948],[-97.6596119,30.2967701],[-97.6595519,30.2964589],[-97.659569,30.2963403],[-97.6596377,30.2961402],[-97.6596119,30.295955],[-97.6593888,30.2955918],[-97.6593201,30.2953917],[-97.659157,30.2953176]]}},{"type":"Feature","id":"way/991525826","properties":{"name":"Williamson Creek","feature_kind":"waterway","osm_id":991525826,"source":"OpenStreetMap","retrieved_at":"2026-09-28T16:35:48.031322+00:00","access_claim":"none"},"geometry":{"type":"LineString","coordinates":[[-97.8327307,30.2233638],[-97.8326152,30.2233976],[-97.8322028,30.2239419],[-97.831632,30.2243688],[-97.8309579,30.2246906],[-97.8307827,30.2247352],[-97.830304,30.2247097],[-97.8289331,30.2245492],[-97.8288546,30.2245411],[-97.8284988,30.2244826]]}},{"type":"Feature","id":"way/991525827","properties":{"name":"Williamson Creek","feature_kind":"waterway","osm_id":991525827,"source":"OpenStreetMap","retrieved_at":"2026-09-28T16:35:48.031322+00:00","access_claim":"none"},"geometry":{"type":"LineString","coordinates":[[-97.8284988,30.2244826],[-97.8282126,30.2244063]]}},{"type":"Feature","id":"way/991525831","properties":{"name":"Williamson Creek","feature_kind":"waterway","osm_id":991525831,"source":"OpenStreetMap","retrieved_at":"2026-09-28T16:35:48.031322+00:00","access_claim":"none"},"geometry":{"type":"LineString","coordinates":[[-97.8282126,30.2244063],[-97.8277087,30.2243005],[-97.8266459,30.2238289],[-97.8263892,30.2237633],[-97.8257675,30.223401],[-97.8251638,30.2230418],[-97.824859,30.22285]]}},{"type":"Feature","id":"way/991530000","properties":{"name":"Williamson Creek","feature_kind":"waterway","osm_id":991530000,"source":"OpenStreetMap","retrieved_at":"2026-09-28T16:35:48.031322+00:00","access_claim":"none"},"geometry":{"type":"LineString","coordinates":[[-97.8110485,30.2195564],[-97.8106341,30.2200147],[-97.8102466,30.2201195],[-97.8098512,30.2204224],[-97.8094126,30.2206912],[-97.8091287,30.2208652],[-97.8087752,30.2215862],[-97.8084535,30.221855],[-97.8083794,30.2218915],[-97.8081805,30.2218845],[-97.8077405,30.2218691],[-97.8073881,30.2219326],[-97.8069927,30.2219535],[-97.806506,30.2218258]]}},{"type":"Feature","id":"way/991530002","properties":{"name":"Williamson Creek","feature_kind":"waterway","osm_id":991530002,"source":"OpenStreetMap","retrieved_at":"2026-09-28T16:35:48.031322+00:00","access_claim":"none"},"geometry":{"type":"LineString","coordinates":[[-97.8156193,30.2196314],[-97.8150287,30.2196492],[-97.8146308,30.2198759],[-97.8143023,30.220063],[-97.8127019,30.2197771],[-97.8122448,30.2196075],[-97.8118793,30.2194719],[-97.8115278,30.2194003],[-97.8110485,30.2195564]]}},{"type":"Feature","id":"way/1014390725","properties":{"name":"Shoal Creek","feature_kind":"waterway","osm_id":1014390725,"source":"OpenStreetMap","retrieved_at":"2026-09-28T16:35:48.031322+00:00","access_claim":"none"},"geometry":{"type":"LineString","coordinates":[[-97.7403895,30.3946409],[-97.7403337,30.3946989],[-97.7400395,30.3947365]]}},{"type":"Feature","id":"way/1014390726","properties":{"name":"Shoal Creek","feature_kind":"waterway","osm_id":1014390726,"source":"OpenStreetMap","retrieved_at":"2026-09-28T16:35:48.031322+00:00","access_claim":"none"},"geometry":{"type":"LineString","coordinates":[[-97.7400395,30.3947365],[-97.7396544,30.3947394]]}},{"type":"Feature","id":"way/1021479778","properties":{"name":"Williamson Creek","feature_kind":"waterway","osm_id":1021479778,"source":"OpenStreetMap","retrieved_at":"2026-09-28T16:35:48.031322+00:00","access_claim":"none"},"geometry":{"type":"LineString","coordinates":[[-97.9066204,30.2422308],[-97.9064255,30.2421822],[-97.9059124,30.242315],[-97.9057112,30.2424266],[-97.9055968,30.242429],[-97.9050028,30.2423008],[-97.9045833,30.2422628],[-97.9042718,30.2422039],[-97.9039904,30.2424416],[-97.9037711,30.2427484],[-97.9034016,30.2430021],[-97.9031849,30.2432326],[-97.9027612,30.2434805],[-97.902504,30.2436852],[-97.9022133,30.2441333],[-97.9021128,30.2441871],[-97.9017706,30.2441732],[-97.901684,30.2442346],[-97.9014392,30.2446278],[-97.9007823,30.2451838],[-97.9004112,30.2454644],[-97.9002472,30.2456886],[-97.9001853,30.2459315],[-97.899866,30.2462225]]}},{"type":"Feature","id":"way/1021479779","properties":{"name":"Williamson Creek","feature_kind":"waterway","osm_id":1021479779,"source":"OpenStreetMap","retrieved_at":"2026-09-28T16:35:48.031322+00:00","access_claim":"none"},"geometry":{"type":"LineString","coordinates":[[-97.9067215,30.2422713],[-97.9066204,30.2422308]]}},{"type":"Feature","id":"way/1021479780","properties":{"name":"Williamson Creek","feature_kind":"waterway","osm_id":1021479780,"source":"OpenStreetMap","retrieved_at":"2026-09-28T16:35:48.031322+00:00","access_claim":"none"},"geometry":{"type":"LineString","coordinates":[[-97.91359,30.2454881],[-97.9132314,30.2452204],[-97.9131224,30.2451316],[-97.9127821,30.2448606],[-97.9123485,30.244529],[-97.9119672,30.2442997],[-97.9118121,30.2442575],[-97.911629,30.2442118],[-97.9114533,30.2441887],[-97.9113604,30.2442046],[-97.9112285,30.2441719],[-97.9109738,30.2440704],[-97.9106677,30.2437908],[-97.910089,30.2433161],[-97.9099514,30.2432032],[-97.9096866,30.2430689],[-97.9093322,30.2429826],[-97.9091834,30.2429311],[-97.9090189,30.2428593],[-97.908866,30.2428542],[-97.9084859,30.2426585],[-97.9082923,30.2426068],[-97.9080908,30.2426188],[-97.9077642,30.2426458],[-97.9071486,30.2425104],[-97.9070803,30.2423878],[-97.9069384,30.2423632],[-97.9067215,30.2422713]]}},{"type":"Feature","id":"way/1021479781","properties":{"name":"Williamson Creek","feature_kind":"waterway","osm_id":1021479781,"source":"OpenStreetMap","retrieved_at":"2026-09-28T16:35:48.031322+00:00","access_claim":"none"},"geometry":{"type":"LineString","coordinates":[[-97.9136543,30.2455292],[-97.91359,30.2454881]]}},{"type":"Feature","id":"way/1021479782","properties":{"name":"Williamson Creek","feature_kind":"waterway","osm_id":1021479782,"source":"OpenStreetMap","retrieved_at":"2026-09-28T16:35:48.031322+00:00","access_claim":"none"},"geometry":{"type":"LineString","coordinates":[[-97.9150678,30.2464225],[-97.9145569,30.2462508],[-97.9144448,30.2464009],[-97.9143306,30.2464008],[-97.9142075,30.2464156],[-97.9141748,30.2463747],[-97.9141218,30.2462374],[-97.9140745,30.2461553],[-97.913917,30.246083],[-97.9139064,30.2459062],[-97.9137384,30.2456512],[-97.9136543,30.2455292]]}},{"type":"Feature","id":"way/1021479783","properties":{"name":"Williamson Creek","feature_kind":"waterway","osm_id":1021479783,"source":"OpenStreetMap","retrieved_at":"2026-09-28T16:35:48.031322+00:00","access_claim":"none"},"geometry":{"type":"LineString","coordinates":[[-97.9151799,30.246473],[-97.9150678,30.2464225]]}},{"type":"Feature","id":"way/1021479785","properties":{"name":"Williamson Creek","feature_kind":"waterway","osm_id":1021479785,"source":"OpenStreetMap","retrieved_at":"2026-09-28T16:35:48.031322+00:00","access_claim":"none"},"geometry":{"type":"LineString","coordinates":[[-97.9172662,30.2471524],[-97.916587,30.2472465],[-97.9164429,30.2472387],[-97.9162964,30.2471886],[-97.9161148,30.2470571],[-97.9158231,30.2468848],[-97.9157224,30.246817],[-97.9154347,30.2465991],[-97.9151799,30.246473]]}},{"type":"Feature","id":"way/1021479786","properties":{"name":"Williamson Creek","feature_kind":"waterway","osm_id":1021479786,"source":"OpenStreetMap","retrieved_at":"2026-09-28T16:35:48.031322+00:00","access_claim":"none"},"geometry":{"type":"LineString","coordinates":[[-97.9173421,30.2471494],[-97.9172662,30.2471524]]}},{"type":"Feature","id":"way/1021479787","properties":{"name":"Williamson Creek","feature_kind":"waterway","osm_id":1021479787,"source":"OpenStreetMap","retrieved_at":"2026-09-28T16:35:48.031322+00:00","access_claim":"none"},"geometry":{"type":"LineString","coordinates":[[-97.918226,30.2473439],[-97.9181818,30.2473493],[-97.9181236,30.2473396],[-97.9180538,30.2472984],[-97.9179596,30.247245],[-97.9178066,30.2471717],[-97.9176198,30.2471256],[-97.9174686,30.24713],[-97.9173421,30.2471494]]}},{"type":"Feature","id":"way/1021479788","properties":{"name":"Williamson Creek","feature_kind":"waterway","osm_id":1021479788,"source":"OpenStreetMap","retrieved_at":"2026-09-28T16:35:48.031322+00:00","access_claim":"none"},"geometry":{"type":"LineString","coordinates":[[-97.9183289,30.247316],[-97.918226,30.2473439]]}},{"type":"Feature","id":"way/1021479789","properties":{"name":"Williamson Creek","feature_kind":"waterway","osm_id":1021479789,"source":"OpenStreetMap","retrieved_at":"2026-09-28T16:35:48.031322+00:00","access_claim":"none"},"geometry":{"type":"LineString","coordinates":[[-97.9197688,30.2464682],[-97.9195293,30.2466491],[-97.9194277,30.2467101],[-97.9183289,30.247316]]}},{"type":"Feature","id":"way/1021479790","properties":{"name":"Williamson Creek","feature_kind":"waterway","osm_id":1021479790,"source":"OpenStreetMap","retrieved_at":"2026-09-28T16:35:48.031322+00:00","access_claim":"none"},"geometry":{"type":"LineString","coordinates":[[-97.9198543,30.2464133],[-97.9197688,30.2464682]]}},{"type":"Feature","id":"way/1021479796","properties":{"name":"Williamson Creek","feature_kind":"waterway","osm_id":1021479796,"source":"OpenStreetMap","retrieved_at":"2026-09-28T16:35:48.031322+00:00","access_claim":"none"},"geometry":{"type":"LineString","coordinates":[[-97.8809042,30.2427025],[-97.8807319,30.2426434]]}},{"type":"Feature","id":"way/1025946512","properties":{"name":"Blunn Creek","feature_kind":"waterway","osm_id":1025946512,"source":"OpenStreetMap","retrieved_at":"2026-09-28T16:35:48.031322+00:00","access_claim":"none"},"geometry":{"type":"LineString","coordinates":[[-97.7409703,30.2517011],[-97.7409376,30.2517263],[-97.7409143,30.2517694],[-97.7408799,30.2518826],[-97.7408141,30.2520139],[-97.7407368,30.2521646],[-97.7406898,30.2522916],[-97.740652,30.2524188],[-97.7406323,30.2524977],[-97.7405626,30.2526256],[-97.7404979,30.252713],[-97.7404027,30.2527881],[-97.7403541,30.2528645],[-97.7403051,30.2529563],[-97.7401721,30.2530801],[-97.7397352,30.2532328]]}},{"type":"Feature","id":"way/1025946513","properties":{"name":"Blunn Creek","feature_kind":"waterway","osm_id":1025946513,"source":"OpenStreetMap","retrieved_at":"2026-09-28T16:35:48.031322+00:00","access_claim":"none"},"geometry":{"type":"LineString","coordinates":[[-97.7406591,30.250995],[-97.7406904,30.2510449],[-97.7407395,30.2511281],[-97.7408066,30.2512618],[-97.7408525,30.2513456],[-97.7409249,30.2514521],[-97.740984,30.2515337],[-97.7410393,30.251603]]}},{"type":"Feature","id":"way/1025946514","properties":{"name":"Blunn Creek","feature_kind":"waterway","osm_id":1025946514,"source":"OpenStreetMap","retrieved_at":"2026-09-28T16:35:48.031322+00:00","access_claim":"none"},"geometry":{"type":"LineString","coordinates":[[-97.7410393,30.251603],[-97.7409703,30.2517011]]}},{"type":"Feature","id":"way/1089014939","properties":{"name":"Barton Creek","feature_kind":"waterway","osm_id":1089014939,"source":"OpenStreetMap","retrieved_at":"2026-09-28T16:35:48.031322+00:00","access_claim":"none"},"geometry":{"type":"LineString","coordinates":[[-97.7693772,30.2640052],[-97.7687735,30.2640655],[-97.7682598,30.2640969],[-97.7676608,30.2641068],[-97.7673236,30.2642],[-97.7664375,30.2644622],[-97.7659486,30.264652],[-97.7655048,30.264875],[-97.7627633,30.2662697],[-97.7625811,30.2663635],[-97.7621309,30.2666464],[-97.7613144,30.2670658],[-97.7606371,30.2674419]]}},{"type":"Feature","id":"way/1089014940","properties":{"name":"Barton Creek","feature_kind":"waterway","osm_id":1089014940,"source":"OpenStreetMap","retrieved_at":"2026-09-28T16:35:48.031322+00:00","access_claim":"none"},"geometry":{"type":"LineString","coordinates":[[-97.7723242,30.2635989],[-97.7715186,30.2635884],[-97.7708427,30.263746],[-97.7705466,30.2638],[-97.7693772,30.2640052]]}},{"type":"Feature","id":"way/1166223501","properties":{"name":"Walnut Creek","feature_kind":"waterway","osm_id":1166223501,"source":"OpenStreetMap","retrieved_at":"2026-09-28T16:35:48.031322+00:00","access_claim":"none"},"geometry":{"type":"LineString","coordinates":[[-97.7072681,30.4188242],[-97.7071195,30.4187477],[-97.7070332,30.4186246],[-97.7070459,30.4185487],[-97.7070224,30.4184534],[-97.7070145,30.4183612],[-97.7072407,30.4180994],[-97.7072729,30.4180578],[-97.7073078,30.4179676],[-97.7073386,30.4179167],[-97.7073855,30.4178508],[-97.7073963,30.4177976],[-97.7074432,30.4177409],[-97.7074928,30.4176831],[-97.7075652,30.4176171],[-97.7076176,30.4175859],[-97.7076913,30.4175061],[-97.7077436,30.4174807],[-97.7077838,30.4174263],[-97.707804,30.4173778],[-97.7078549,30.4173107],[-97.7079099,30.4171811],[-97.7079676,30.4170886],[-97.7080105,30.4170331],[-97.7080682,30.4169637],[-97.7081312,30.4168885],[-97.7082371,30.4167717],[-97.7083471,30.4166862],[-97.7083726,30.416626],[-97.7084464,30.4165451],[-97.7085094,30.4164872],[-97.7085697,30.4164421],[-97.7086234,30.4163878],[-97.7087132,30.4163091],[-97.7088232,30.4162259],[-97.7088634,30.4161877],[-97.7088916,30.4161472],[-97.7089238,30.4161102],[-97.7089841,30.416079],[-97.7090901,30.4159957],[-97.7091625,30.4159471],[-97.7092604,30.4159101],[-97.7093234,30.4158847],[-97.7094079,30.4158523],[-97.7094522,30.4158407],[-97.7095246,30.4158188],[-97.7096708,30.4157713],[-97.7098036,30.4157956],[-97.7099497,30.4158835],[-97.7099631,30.4158881],[-97.710049,30.4159159],[-97.7101576,30.4159309],[-97.7101952,30.4159275],[-97.7102582,30.4159205],[-97.7103413,30.4158777],[-97.7104902,30.4157956],[-97.7105559,30.4157632],[-97.7106806,30.4157424],[-97.7107611,30.4157066],[-97.7108282,30.4156696],[-97.7109529,30.4156164],[-97.7111098,30.4156395],[-97.7112533,30.4156765],[-97.7113673,30.4157019],[-97.7115041,30.415717],[-97.7115805,30.4157019],[-97.7116663,30.4156707],[-97.7117455,30.4156245],[-97.7117857,30.4155886],[-97.7118326,30.4155412],[-97.7118769,30.4154753],[-97.711901,30.4154267],[-97.7119507,30.415311],[-97.7119963,30.4152474],[-97.7121006,30.4151086],[-97.7121518,30.4149159],[-97.7121639,30.4147941],[-97.7121666,30.4147501],[-97.7121626,30.4146807],[-97.7121626,30.4146206],[-97.7121344,30.4145142],[-97.712117,30.4144274],[-97.7121156,30.4143419],[-97.7120888,30.4142019],[-97.712074,30.4141487],[-97.7120244,30.4140712],[-97.7119922,30.4140007],[-97.7119332,30.4138977],[-97.7118326,30.4137855],[-97.7117642,30.4137162],[-97.7116865,30.4136664],[-97.7115886,30.4135878],[-97.711492,30.4135369],[-97.711378,30.4134895],[-97.711319,30.4134501],[-97.7112721,30.4134062],[-97.7112211,30.4133542],[-97.7111862,30.4132952],[-97.7111675,30.4132535],[-97.7111326,30.4131691],[-97.7111084,30.413102],[-97.7110521,30.4129956],[-97.7110092,30.4129378],[-97.7109717,30.4128696],[-97.7109234,30.4127886],[-97.7109033,30.4127227],[-97.7108925,30.4126729],[-97.7108992,30.4125915],[-97.710874,30.4124406],[-97.7108113,30.4123327],[-97.7108053,30.4122406],[-97.7108201,30.4121363],[-97.7108255,30.4120738],[-97.7108711,30.4119987],[-97.7108966,30.4119385],[-97.7109596,30.4118622],[-97.711032,30.4117708],[-97.7111044,30.4117141],[-97.711146,30.411676],[-97.7112063,30.4116551],[-97.7112533,30.41161],[-97.7113056,30.4115834],[-97.711374,30.4115511],[-97.7114987,30.4115372],[-97.7118206,30.4115083],[-97.7119185,30.4114678],[-97.7119828,30.4114296],[-97.7120606,30.4113984],[-97.7121116,30.4113741],[-97.7121974,30.4113463],[-97.7122578,30.4113209],[-97.7123181,30.4112966],[-97.7123605,30.4112272]]}},{"type":"Feature","id":"way/1166223502","properties":{"name":"Walnut Creek","feature_kind":"waterway","osm_id":1166223502,"source":"OpenStreetMap","retrieved_at":"2026-09-28T16:35:48.031322+00:00","access_claim":"none"},"geometry":{"type":"LineString","coordinates":[[-97.7121546,30.4103826],[-97.7111661,30.4095164]]}},{"type":"Feature","id":"way/1225242275","properties":{"name":"Walnut Creek","feature_kind":"waterway","osm_id":1225242275,"source":"OpenStreetMap","retrieved_at":"2026-09-28T16:35:48.031322+00:00","access_claim":"none"},"geometry":{"type":"LineString","coordinates":[[-97.744036,30.4379992],[-97.7425318,30.4384057],[-97.7419158,30.4386048],[-97.7410419,30.438952],[-97.7394683,30.4391127],[-97.7392183,30.4392756]]}},{"type":"Feature","id":"way/1225242276","properties":{"name":"Walnut Creek","feature_kind":"waterway","osm_id":1225242276,"source":"OpenStreetMap","retrieved_at":"2026-09-28T16:35:48.031322+00:00","access_claim":"none"},"geometry":{"type":"LineString","coordinates":[[-97.7444331,30.4378875],[-97.744036,30.4379992]]}},{"type":"Feature","id":"way/1225242277","properties":{"name":"Walnut Creek","feature_kind":"waterway","osm_id":1225242277,"source":"OpenStreetMap","retrieved_at":"2026-09-28T16:35:48.031322+00:00","access_claim":"none"},"geometry":{"type":"LineString","coordinates":[[-97.7526711,30.4423869],[-97.7525556,30.4422376],[-97.7523872,30.4421172],[-97.7522091,30.442167],[-97.75193,30.4421878],[-97.7516605,30.442084],[-97.751723,30.4418517],[-97.7517327,30.441665],[-97.7516556,30.4415308]]}},{"type":"Feature","id":"way/1225242278","properties":{"name":"Walnut Creek","feature_kind":"waterway","osm_id":1225242278,"source":"OpenStreetMap","retrieved_at":"2026-09-28T16:35:48.031322+00:00","access_claim":"none"},"geometry":{"type":"LineString","coordinates":[[-97.7503743,30.4410572],[-97.7500993,30.4407935]]}},{"type":"Feature","id":"way/1225303592","properties":{"name":"Walnut Creek","feature_kind":"waterway","osm_id":1225303592,"source":"OpenStreetMap","retrieved_at":"2026-09-28T16:35:48.031322+00:00","access_claim":"none"},"geometry":{"type":"LineString","coordinates":[[-97.7388314,30.4396237],[-97.7382391,30.4401566],[-97.7374691,30.4404968],[-97.7373063,30.440514],[-97.7365259,30.4405964],[-97.7359676,30.4408453],[-97.7354672,30.441169],[-97.7347453,30.4413847],[-97.7339657,30.4412519],[-97.7330225,30.4405964],[-97.7324931,30.439974],[-97.731752,30.4396753],[-97.7303449,30.4395046],[-97.7299718,30.4395189]]}},{"type":"Feature","id":"way/1225303593","properties":{"name":"Walnut Creek","feature_kind":"waterway","osm_id":1225303593,"source":"OpenStreetMap","retrieved_at":"2026-09-28T16:35:48.031322+00:00","access_claim":"none"},"geometry":{"type":"LineString","coordinates":[[-97.7299718,30.4395189],[-97.7298581,30.4395233]]}},{"type":"Feature","id":"way/1314919872","properties":{"name":"Walnut Creek","feature_kind":"waterway","osm_id":1314919872,"source":"OpenStreetMap","retrieved_at":"2026-09-28T16:35:48.031322+00:00","access_claim":"none"},"geometry":{"type":"LineString","coordinates":[[-97.7516556,30.4415308],[-97.7513669,30.4413953],[-97.750518,30.4411145]]}},{"type":"Feature","id":"way/1314919873","properties":{"name":"Walnut Creek","feature_kind":"waterway","osm_id":1314919873,"source":"OpenStreetMap","retrieved_at":"2026-09-28T16:35:48.031322+00:00","access_claim":"none"},"geometry":{"type":"LineString","coordinates":[[-97.750518,30.4411145],[-97.7503743,30.4410572]]}},{"type":"Feature","id":"way/1384176561","properties":{"name":"Barton Creek","feature_kind":"waterway","osm_id":1384176561,"source":"OpenStreetMap","retrieved_at":"2026-09-28T16:35:48.031322+00:00","access_claim":"none"},"geometry":{"type":"LineString","coordinates":[[-97.9236774,30.2912704],[-97.9238177,30.2912349],[-97.9248646,30.2914757],[-97.9267146,30.2922814],[-97.9269131,30.2927048],[-97.927014,30.2945163],[-97.927008,30.2950202],[-97.9269993,30.2953002],[-97.92704,30.2953895],[-97.9270306,30.295477],[-97.9269702,30.2955347],[-97.9269248,30.295582],[-97.9267886,30.2957941],[-97.9264904,30.295973],[-97.9261253,30.2962346],[-97.9259536,30.2963299],[-97.9252002,30.2963522],[-97.9246891,30.2963292],[-97.924589,30.2963176],[-97.9243468,30.296099],[-97.924018,30.2959685],[-97.9237312,30.296016],[-97.9233276,30.2960175],[-97.9229337,30.2961314],[-97.9224284,30.2965182],[-97.9222323,30.2966338],[-97.9218353,30.2968024],[-97.9214966,30.2969946],[-97.9207467,30.2973891],[-97.9200731,30.29788],[-97.9195881,30.2984483],[-97.9191875,30.2990714],[-97.9191727,30.2992059],[-97.9191241,30.2995738],[-97.919188,30.300663],[-97.9190355,30.3010911],[-97.9187479,30.3015575],[-97.9185075,30.3018535],[-97.9179877,30.3023031],[-97.9175452,30.3027075],[-97.9167948,30.3030808],[-97.9161739,30.3031895],[-97.9156534,30.3034109],[-97.9153748,30.3035918],[-97.9139159,30.3044511],[-97.9137961,30.3045253],[-97.9132054,30.3048909],[-97.9130163,30.304971],[-97.912901,30.3050199],[-97.9126668,30.3051465],[-97.9125966,30.3052583],[-97.9124975,30.3054347],[-97.9120814,30.3059522],[-97.9118476,30.3063933],[-97.9117146,30.3065365],[-97.9113157,30.3067716],[-97.9108233,30.3069553],[-97.9099745,30.3071352],[-97.9096251,30.3071043],[-97.9086618,30.3066211],[-97.9084973,30.3062963],[-97.9080688,30.3057705],[-97.9076588,30.3052675],[-97.9075156,30.3051108],[-97.9071594,30.3047209],[-97.9064157,30.3043243],[-97.9056617,30.3040367],[-97.9043541,30.3036327],[-97.9038431,30.3034616],[-97.9030486,30.3029551],[-97.9026685,30.3026721],[-97.9026273,30.3026414],[-97.9022266,30.3022502],[-97.9019241,30.3019147],[-97.901523,30.30147],[-97.9011274,30.3010713],[-97.9006023,30.300635],[-97.8989143,30.2993613],[-97.89807,30.2987405],[-97.8976771,30.2983744],[-97.8973752,30.298016],[-97.8971354,30.2977342],[-97.8970111,30.2974716],[-97.8969866,30.2971304],[-97.8970333,30.2968352],[-97.8971887,30.2964979],[-97.8974107,30.2961893],[-97.8976993,30.2958576],[-97.8980878,30.2955931],[-97.8983187,30.2952845],[-97.8986339,30.2950142],[-97.8989492,30.2948379],[-97.8993199,30.2947267],[-97.8995248,30.2946723],[-97.8997239,30.2946194],[-97.9000059,30.2944564],[-97.9008406,30.2935977],[-97.9014378,30.2930724],[-97.9018396,30.2926315],[-97.9021297,30.2922448],[-97.9021956,30.2918311],[-97.9020194,30.2914143],[-97.9016176,30.290774],[-97.9012602,30.2902622],[-97.9010703,30.2900196],[-97.9008393,30.2896678],[-97.9006178,30.2894621],[-97.9000814,30.2893402],[-97.8994731,30.2893632],[-97.8986699,30.2894214],[-97.8977951,30.2896561],[-97.8973472,30.2899096],[-97.8973896,30.2904485],[-97.8973041,30.2905574],[-97.8954015,30.2921351],[-97.8950241,30.2923325],[-97.8947311,30.2923574],[-97.8944425,30.2924744],[-97.8942072,30.2927389],[-97.8940162,30.2930379],[-97.8936078,30.2934021],[-97.8931815,30.2938277],[-97.8928911,30.2942026],[-97.8924561,30.294683],[-97.8920693,30.295135],[-97.8915609,30.2954187],[-97.8911591,30.2955778],[-97.890771,30.2956805],[-97.8903063,30.2956615],[-97.8898228,30.2955287],[-97.8894398,30.2953199],[-97.8890097,30.2950217],[-97.8886047,30.2946856],[-97.8882562,30.2943088],[-97.8878983,30.293688],[-97.8873017,30.2926849],[-97.8869281,30.2917117],[-97.8864823,30.2906978],[-97.8862029,30.2896161],[-97.8858481,30.2887188],[-97.8850004,30.2877401],[-97.8841025,30.2869241],[-97.8836441,30.2866069],[-97.8831418,30.2864957],[-97.8826394,30.286512],[-97.8820649,30.2867479],[-97.8816819,30.2871383],[-97.8814613,30.2873469],[-97.8813522,30.28745],[-97.8809598,30.287507],[-97.880674,30.2878702],[-97.880404,30.2883338],[-97.8803896,30.2885034],[-97.8803789,30.2886293],[-97.8804427,30.2887744],[-97.8806125,30.2890157],[-97.8806438,30.289123],[-97.8805406,30.2900492],[-97.8805265,30.2904403],[-97.8801565,30.2907458],[-97.8801261,30.2908826],[-97.8805579,30.2917036],[-97.8810539,30.2926009],[-97.8814434,30.2934966],[-97.8815437,30.2939591],[-97.88155,30.2944687],[-97.8813899,30.2951573],[-97.8812706,30.295629],[-97.8812176,30.2957367],[-97.880946,30.295855],[-97.8802628,30.2961576],[-97.8798515,30.2965181],[-97.8795815,30.2968759],[-97.8794519,30.2973177],[-97.8792944,30.2976388],[-97.8788562,30.2980036],[-97.878543,30.2982018],[-97.8783162,30.2983452],[-97.877861,30.2985864],[-97.8774393,30.2987342],[-97.8765894,30.2989551],[-97.8762982,30.2990024],[-97.876062,30.2989795],[-97.875365,30.2987436],[-97.8748156,30.298394],[-97.8738575,30.2976572],[-97.8736676,30.2975095],[-97.8733619,30.2973557],[-97.8727372,30.2972609],[-97.872602,30.297244],[-97.8720213,30.2971714],[-97.8712145,30.2971443],[-97.8705269,30.2973747],[-97.8700183,30.2979087],[-97.8692846,30.2987501],[-97.8688341,30.2997923],[-97.8682278,30.3006954],[-97.8679917,30.3011955],[-97.8679919,30.3014827],[-97.8681366,30.301617],[-97.8682814,30.3016865],[-97.8684263,30.3017421],[-97.8685283,30.3022561],[-97.8683888,30.3025803],[-97.8684528,30.3033376],[-97.8685192,30.3037291],[-97.8689681,30.3043218],[-97.8693076,30.3048551],[-97.8694135,30.3054102],[-97.869365,30.3056093],[-97.8692383,30.3059486],[-97.8691987,30.3061095],[-97.8690662,30.306314],[-97.8687,30.3065448],[-97.8685471,30.3066219],[-97.8682107,30.3067628],[-97.8680187,30.3067995],[-97.8678485,30.3068002],[-97.8676125,30.3067235],[-97.8672514,30.306605],[-97.8667321,30.3064215],[-97.8663316,30.306089],[-97.8661061,30.3056055],[-97.8659802,30.3054473],[-97.8656884,30.3053204],[-97.865485,30.305068],[-97.8651857,30.304549],[-97.8648805,30.3041424],[-97.8643387,30.3030204],[-97.864191,30.302321],[-97.8640965,30.3016599],[-97.8643132,30.3014282],[-97.864399,30.3012367],[-97.8643657,30.3009433],[-97.8644673,30.3007741],[-97.8645124,30.3005229],[-97.864557,30.3002746],[-97.8645083,30.2999379],[-97.8643968,30.2996661],[-97.863577,30.2983935],[-97.863042,30.2976993],[-97.8625136,30.2970571],[-97.8612543,30.2968096],[-97.8602954,30.2969791],[-97.8594029,30.2974966],[-97.8588213,30.298018],[-97.8584838,30.298547],[-97.8582307,30.2995284],[-97.8579951,30.2999115],[-97.8578042,30.3010041],[-97.8577347,30.302251],[-97.8577243,30.3024378],[-97.8576976,30.3031125],[-97.8575023,30.3037143],[-97.8571515,30.3043851],[-97.856561,30.30478],[-97.8560683,30.3049078],[-97.8557928,30.3049793],[-97.8551535,30.3049371],[-97.8541101,30.3046381],[-97.8538396,30.3044307],[-97.8534574,30.3041398],[-97.85308,30.3033578],[-97.8529246,30.3027789],[-97.8531333,30.3022116],[-97.8530933,30.3015752],[-97.8529867,30.3007626],[-97.8527558,30.3004252],[-97.852667,30.2997505],[-97.8525205,30.2983858],[-97.8522319,30.297182],[-97.8518767,30.2959169],[-97.8516942,30.2950067],[-97.8515821,30.2938821],[-97.8512495,30.2932429],[-97.8510511,30.2930252],[-97.8510189,30.2923999],[-97.8507238,30.2919413],[-97.8502301,30.2916588],[-97.8495115,30.2913994],[-97.8479451,30.2911909],[-97.8470063,30.2910937],[-97.8457939,30.2918301],[-97.8447801,30.2926824],[-97.8445763,30.2927612],[-97.8438145,30.2928028],[-97.8432918,30.2926958],[-97.8430298,30.2924351],[-97.8429777,30.2920479],[-97.843052,30.2917681],[-97.8431171,30.2909964],[-97.8433478,30.2904266],[-97.8446137,30.2892547],[-97.8450429,30.2890555],[-97.8457832,30.288861],[-97.846899,30.2881569],[-97.8479581,30.2870997],[-97.8480684,30.2869896],[-97.8489373,30.2866005],[-97.8491304,30.2863874],[-97.8494147,30.2863642],[-97.8502786,30.2859056],[-97.8511821,30.2851812],[-97.8519591,30.2843607],[-97.8522795,30.2838489],[-97.8524151,30.2836486],[-97.8524673,30.2831077],[-97.8525102,30.2825265],[-97.8523707,30.2818338],[-97.8518128,30.2816438],[-97.8514802,30.2811111],[-97.8508901,30.2804255],[-97.8508441,30.2803906],[-97.850182,30.2798881],[-97.8498537,30.279588],[-97.8491854,30.2794432],[-97.8485635,30.2792128],[-97.848092,30.2789167],[-97.8472638,30.2781462],[-97.8466336,30.2776032],[-97.8460284,30.2762316],[-97.8454777,30.2755116],[-97.8445906,30.2742735],[-97.8445005,30.2738158],[-97.8442977,30.2735082],[-97.8438174,30.2731765],[-97.8433846,30.2730136],[-97.8427668,30.2732575],[-97.8421394,30.273671],[-97.8418312,30.2739766],[-97.8409644,30.2748364],[-97.8398743,30.2757778],[-97.8388014,30.2757481],[-97.8379948,30.2755749],[-97.8379074,30.2754984],[-97.8372717,30.2753108],[-97.8366996,30.2751125],[-97.8358648,30.2748233],[-97.8353405,30.2745927],[-97.8349757,30.2744132],[-97.834631,30.2742058],[-97.8341697,30.273936],[-97.8337271,30.2735329],[-97.8333905,30.2731959],[-97.8325959,30.2721605],[-97.8317651,30.2714678],[-97.8316917,30.2713887],[-97.8316547,30.2713488],[-97.8314352,30.2711296],[-97.8313239,30.2708377],[-97.8312756,30.2706663],[-97.8311474,30.2703637],[-97.8309048,30.2700634],[-97.8307485,30.2700177],[-97.8303436,30.2699411],[-97.82985,30.2698694],[-97.8293793,30.2698754],[-97.8288964,30.2698815],[-97.8284833,30.2698867],[-97.8283151,30.2698983],[-97.8277783,30.2699354],[-97.8273623,30.26991],[-97.8268985,30.2699469],[-97.8264855,30.2699933],[-97.8259796,30.269976],[-97.8256135,30.2699296],[-97.8252822,30.2698393],[-97.8249325,30.2696567],[-97.8246394,30.2692398],[-97.8243048,30.2687956],[-97.823873,30.2679617],[-97.8234009,30.2664258],[-97.8233178,30.2659601],[-97.8234036,30.2656173],[-97.8233204,30.2653593],[-97.8230123,30.2646079],[-97.8230147,30.2644173],[-97.8229825,30.2640674],[-97.8229825,30.2636667],[-97.8231116,30.2629016],[-97.8233848,30.2623693],[-97.8235243,30.2619662],[-97.8235187,30.2618957],[-97.8235075,30.2617535],[-97.8235447,30.2612273],[-97.8235407,30.2601957],[-97.8232061,30.2593267],[-97.822902,30.2587089],[-97.8226714,30.2582478],[-97.8226526,30.2578076],[-97.8222851,30.2573281],[-97.8215409,30.2562812],[-97.8196784,30.2548726],[-97.8189726,30.2544227],[-97.8188896,30.2543824],[-97.818581,30.2542327],[-97.8184227,30.2542021],[-97.818125,30.2541447],[-97.8177281,30.2540011],[-97.817417,30.2538677],[-97.8165318,30.2534881],[-97.816226,30.253357],[-97.8158773,30.2532133],[-97.814271,30.2519811],[-97.8137608,30.2514975],[-97.8136913,30.2514316],[-97.8135922,30.2511791],[-97.8134471,30.2508096],[-97.8133641,30.2503519],[-97.8133426,30.2502917],[-97.8131037,30.2496233],[-97.8130022,30.2489408],[-97.8126574,30.2481553],[-97.8125702,30.2476248],[-97.8123207,30.2469436],[-97.8120713,30.2464222],[-97.8110095,30.2447297],[-97.8108294,30.2440449],[-97.8107544,30.243542],[-97.8107361,30.2433663],[-97.8106444,30.2424854],[-97.8108807,30.2414078],[-97.8108378,30.240607],[-97.8108229,30.2405791],[-97.8107894,30.2405163],[-97.8105853,30.2399436],[-97.8104154,30.2397764],[-97.8102507,30.2397012],[-97.8097512,30.2395658],[-97.8092499,30.2395986],[-97.8084775,30.240088],[-97.8084591,30.2401024],[-97.8077736,30.2406367],[-97.8075813,30.2410372],[-97.8067788,30.2418705],[-97.8063746,30.2422902],[-97.8059183,30.2429141],[-97.8050734,30.2433428],[-97.8042718,30.2438251],[-97.8036599,30.2441538],[-97.8030698,30.244411],[-97.8015423,30.2449966],[-97.8011922,30.2451524],[-97.8001948,30.2453081],[-97.7986857,30.2452013],[-97.7979307,30.2450644],[-97.7970206,30.2448083],[-97.7956215,30.2439779],[-97.7942397,30.2433402],[-97.79374,30.2431361],[-97.7931324,30.2428879],[-97.792832,30.2423985],[-97.7924965,30.2419386],[-97.792257,30.2418201],[-97.7920218,30.2418111],[-97.7910811,30.2419833],[-97.7900664,30.2420127],[-97.7898063,30.2421379],[-97.7893288,30.2426546],[-97.7890365,30.2430485],[-97.7888729,30.2434679],[-97.7887894,30.2437851],[-97.7887735,30.2440771],[-97.7887458,30.2445885],[-97.7888042,30.2449521],[-97.7889085,30.2454474],[-97.789004,30.2457648],[-97.7895775,30.2464573],[-97.789994,30.2467188],[-97.7905404,30.2469586],[-97.7912377,30.247275],[-97.7913901,30.2473441],[-97.7922141,30.2478187],[-97.793218,30.248065],[-97.7934414,30.248093],[-97.793725,30.2480557],[-97.7944653,30.2478935],[-97.794873,30.2478194],[-97.7958985,30.2476882],[-97.7959219,30.2476852],[-97.7965828,30.247967],[-97.7967717,30.2483599],[-97.7967717,30.2488789],[-97.7966,30.2500059],[-97.7963728,30.2513681],[-97.7963082,30.2517557],[-97.7959992,30.2529642],[-97.7957807,30.2532592],[-97.795613,30.2534758],[-97.7947804,30.2539355],[-97.7936732,30.2542246],[-97.7929084,30.2545082],[-97.7928578,30.2545286],[-97.7911457,30.2551015],[-97.7889575,30.2559915],[-97.7883181,30.2562854],[-97.7881124,30.25638],[-97.7870571,30.2567298],[-97.7855546,30.2573306],[-97.7853835,30.2574315],[-97.7850714,30.2576157],[-97.784705,30.2579209],[-97.7844639,30.2582897],[-97.7842827,30.2587615],[-97.7841754,30.2592841],[-97.7843839,30.2595959],[-97.7847594,30.2598554],[-97.7851633,30.2598593],[-97.7853594,30.2599194],[-97.7856142,30.2602425],[-97.7856225,30.260419],[-97.7849433,30.2610527],[-97.7842475,30.2612855],[-97.7836453,30.2616072],[-97.782445,30.2617451],[-97.7821991,30.2618533],[-97.7813927,30.2623694],[-97.7804689,30.2626091],[-97.7801962,30.262657],[-97.7786564,30.2627874],[-97.7775308,30.2629784],[-97.7769226,30.2632065],[-97.7760077,30.2634502],[-97.7749781,30.2636183],[-97.7741915,30.2635987],[-97.7732297,30.2637025],[-97.7724715,30.2635984],[-97.7723407,30.2635988],[-97.7723242,30.2635989]]}},{"type":"Feature","id":"way/1384176562","properties":{"name":"Barton Creek","feature_kind":"waterway","osm_id":1384176562,"source":"OpenStreetMap","retrieved_at":"2026-09-28T16:35:48.031322+00:00","access_claim":"none"},"geometry":{"type":"LineString","coordinates":[[-97.9236074,30.2912707],[-97.9236774,30.2912704]]}},{"type":"Feature","id":"way/1384431639","properties":{"name":"Williamson Creek","feature_kind":"waterway","osm_id":1384431639,"source":"OpenStreetMap","retrieved_at":"2026-09-28T16:35:48.031322+00:00","access_claim":"none"},"geometry":{"type":"LineString","coordinates":[[-97.8993833,30.2462628],[-97.8989296,30.2463903],[-97.8988119,30.246463],[-97.8986947,30.2465814],[-97.8985927,30.2467648],[-97.8985318,30.2469957],[-97.8984822,30.2475278],[-97.8984161,30.2476578],[-97.8983125,30.2477776],[-97.8981184,30.2478913],[-97.8979244,30.2479609],[-97.8977152,30.2480235],[-97.8974786,30.2480569],[-97.8972828,30.2480391],[-97.8971281,30.248002]]}},{"type":"Feature","id":"way/1384786527","properties":{"name":"Bull Creek","feature_kind":"waterway","osm_id":1384786527,"source":"OpenStreetMap","retrieved_at":"2026-09-28T16:35:48.031322+00:00","access_claim":"none"},"geometry":{"type":"LineString","coordinates":[[-97.8389874,30.3952764],[-97.8386093,30.3952694],[-97.8383166,30.3953465],[-97.8381296,30.3954447],[-97.8379385,30.3955639],[-97.8377881,30.3956551],[-97.8373815,30.3956481],[-97.8371904,30.3956446],[-97.8370888,30.3957182],[-97.8369506,30.395855],[-97.8366823,30.3959637],[-97.8362692,30.3960863],[-97.8356257,30.3963627],[-97.8350436,30.3966843],[-97.8348532,30.3968092],[-97.8342309,30.3970429],[-97.8339976,30.3972048],[-97.8337669,30.3974477],[-97.8336837,30.3976513],[-97.8335684,30.3978642],[-97.8334504,30.3980215],[-97.8332841,30.3981441],[-97.8330695,30.3982413],[-97.8328871,30.3983616],[-97.8327879,30.3984958],[-97.832745,30.3986415],[-97.8327074,30.398889],[-97.832643,30.3991713],[-97.8325358,30.3993587],[-97.8324258,30.3995067],[-97.8323078,30.3996964],[-97.8321066,30.4001591],[-97.8319242,30.4004391],[-97.8318865,30.4006492],[-97.831933,30.4008508],[-97.8319651,30.4010128],[-97.8319276,30.4012765],[-97.8318418,30.401494],[-97.8316057,30.4018317],[-97.8313643,30.4020538],[-97.8311284,30.402046],[-97.8308764,30.402081],[-97.8305837,30.40206],[-97.8302909,30.4021091],[-97.8299901,30.4022914],[-97.8298275,30.4023966],[-97.8296242,30.4025439],[-97.8295429,30.4027192],[-97.8294535,30.4027963],[-97.8290957,30.4029366],[-97.8287298,30.4030418],[-97.8285103,30.403168],[-97.8282989,30.4032802],[-97.8277622,30.4034555],[-97.827612,30.4035358],[-97.8273572,30.4036762],[-97.8272794,30.4037861],[-97.8271661,30.4040181],[-97.8271236,30.4040975],[-97.82689,30.4041951],[-97.8266706,30.4042684],[-97.8264158,30.4042928],[-97.8262955,30.4044637],[-97.8263238,30.4047385],[-97.8262813,30.405001],[-97.8261397,30.4051597],[-97.825984,30.4053245],[-97.8256796,30.4055321],[-97.8254885,30.4055993],[-97.8252408,30.4056725],[-97.8249223,30.4057702],[-97.8246604,30.4059228],[-97.8244197,30.4060876],[-97.824271,30.4062586],[-97.8241932,30.4064112],[-97.8240233,30.4065577],[-97.8239454,30.4066798],[-97.823818,30.4068446],[-97.8234429,30.4075589],[-97.8233225,30.4077787],[-97.8233155,30.4079801],[-97.823273,30.4081633],[-97.8233367,30.408322],[-97.823365,30.4085295],[-97.8232093,30.408731],[-97.823181,30.4092743],[-97.8231668,30.4095307],[-97.8233579,30.4099031],[-97.8234492,30.4101608],[-97.8233911,30.4104185],[-97.8232477,30.4105038],[-97.8231857,30.4106557],[-97.8230637,30.4107784],[-97.8229418,30.4109291],[-97.8228401,30.4110869],[-97.8227629,30.4112412],[-97.8226125,30.4115743],[-97.8225271,30.4117671],[-97.8225068,30.4119284],[-97.8224742,30.4121002],[-97.8224254,30.412286],[-97.8224336,30.4124718],[-97.8225313,30.4126],[-97.8226002,30.4126973],[-97.8226171,30.4127725],[-97.8224578,30.4131403],[-97.8223463,30.4134699],[-97.8222702,30.4137278],[-97.8221782,30.4139491],[-97.822003,30.4141063],[-97.821826,30.4143504],[-97.8217199,30.4145626],[-97.8215748,30.4148189],[-97.8214438,30.4150311],[-97.8212527,30.415231],[-97.8210463,30.415401],[-97.8208891,30.4155365],[-97.8206796,30.4156083],[-97.8204732,30.4157704],[-97.8202575,30.4158952],[-97.820125,30.4159563],[-97.8198108,30.4159989],[-97.8195797,30.4160547],[-97.8193763,30.4161158],[-97.8191083,30.416222],[-97.8188187,30.4163071],[-97.8184212,30.4162433],[-97.8180515,30.4163363],[-97.8177033,30.4164452],[-97.8175339,30.4164506],[-97.817195,30.4166737],[-97.8169084,30.4168969],[-97.8166011,30.417112],[-97.8162962,30.4173889],[-97.816036,30.4176273],[-97.8157596,30.4177886],[-97.8152808,30.4180877],[-97.8150928,30.4182391],[-97.8147816,30.4184916],[-97.8145968,30.4186111],[-97.8142024,30.4186722],[-97.8137864,30.4188024],[-97.8133428,30.4189087],[-97.8129238,30.4190017],[-97.8125664,30.4190522],[-97.8123371,30.4190752],[-97.8120115,30.4191699],[-97.8117832,30.4192111],[-97.811378,30.419266],[-97.8111656,30.4193423],[-97.810994,30.4193789],[-97.8107038,30.4193209],[-97.8104773,30.4193331],[-97.8102649,30.4193347],[-97.8098986,30.4192507],[-97.8094491,30.4191363],[-97.8088386,30.4190264],[-97.8085944,30.4189944],[-97.8085048,30.4189958],[-97.8081385,30.419095]]}},{"type":"Feature","id":"way/1389408084","properties":{"name":"Shoal Creek","feature_kind":"waterway","osm_id":1389408084,"source":"OpenStreetMap","retrieved_at":"2026-09-28T16:35:48.031322+00:00","access_claim":"none"},"geometry":{"type":"LineString","coordinates":[[-97.7460099,30.3200683],[-97.7463446,30.3201054],[-97.7475263,30.320549],[-97.7482415,30.3208092],[-97.7487822,30.3209352],[-97.7490741,30.3209352],[-97.7492629,30.3208166],[-97.7493144,30.3205499],[-97.7493316,30.320135],[-97.7493487,30.3198164],[-97.7491556,30.318333],[-97.7491629,30.31813],[-97.7492124,30.3180102],[-97.7493204,30.3178642],[-97.749411,30.3176509],[-97.7494429,30.3175139],[-97.7493753,30.3173023],[-97.7490666,30.3169211],[-97.7489566,30.3167106],[-97.7490656,30.31639],[-97.7492136,30.3161756],[-97.7492478,30.3156935],[-97.7492576,30.3155092],[-97.7492511,30.3154574],[-97.7491299,30.3150527],[-97.7491384,30.314765],[-97.7491256,30.314335],[-97.7490469,30.3137279],[-97.7489508,30.3132033],[-97.7488626,30.312986],[-97.7487654,30.3128781],[-97.7486725,30.3128224],[-97.748667,30.3124814],[-97.7487719,30.3123114],[-97.7488361,30.311931],[-97.7489488,30.3111769],[-97.7490269,30.3107704],[-97.7489602,30.3100992],[-97.748698,30.3087833],[-97.7483574,30.3078664],[-97.74825,30.3075981],[-97.7482241,30.3074485],[-97.748185,30.3073898],[-97.7480207,30.3072418],[-97.7476585,30.3066401],[-97.7474762,30.3062593],[-97.7474521,30.3059872],[-97.7474844,30.3058478],[-97.7476034,30.3056117],[-97.7477023,30.3055297],[-97.7483617,30.3049823],[-97.7487136,30.3048045],[-97.7489888,30.3045316],[-97.7492192,30.304267],[-97.7493274,30.3039556],[-97.7496118,30.3036078],[-97.7497634,30.303372],[-97.7497979,30.3033151],[-97.7499442,30.3031453],[-97.7500372,30.3029185],[-97.7500647,30.3027134],[-97.7499781,30.3026396],[-97.7497215,30.302544],[-97.7496002,30.3024405],[-97.7494116,30.3021083],[-97.749119,30.3015377],[-97.7488646,30.3013063],[-97.7486635,30.3010834],[-97.7480451,30.3006322],[-97.7474619,30.3001283],[-97.7471874,30.2997332],[-97.7471076,30.2994748],[-97.7471631,30.2992743],[-97.7472906,30.2990948],[-97.7475193,30.2990021],[-97.7477416,30.2990533],[-97.7483377,30.2989985],[-97.7485866,30.2989614],[-97.7487732,30.2989414],[-97.7492974,30.2987545],[-97.7496107,30.298362],[-97.7497406,30.2981659],[-97.7500239,30.2978352],[-97.7501067,30.2976742],[-97.7501002,30.2974913],[-97.7499617,30.2973386],[-97.749597,30.2971118],[-97.7494585,30.2970136],[-97.7493609,30.2968995],[-97.7491901,30.2962369],[-97.7489028,30.2955996],[-97.748052,30.2942545],[-97.7480291,30.2942183],[-97.7476581,30.2934984],[-97.7475886,30.2932973]]}},{"type":"Feature","id":"way/1409833527","properties":{"name":"Walnut Creek","feature_kind":"waterway","osm_id":1409833527,"source":"OpenStreetMap","retrieved_at":"2026-09-28T16:35:48.031322+00:00","access_claim":"none"},"geometry":{"type":"LineString","coordinates":[[-97.7125648,30.4317374],[-97.7123494,30.4317883],[-97.7118576,30.431659],[-97.7115605,30.4315046],[-97.7114918,30.4309287],[-97.7116169,30.430522],[-97.7117547,30.4301458],[-97.7120983,30.4295461],[-97.7123212,30.4291151],[-97.7122167,30.428952],[-97.7110696,30.4280577],[-97.7107409,30.4278844],[-97.7102717,30.4276099],[-97.7100644,30.4272934],[-97.7101112,30.4266267],[-97.7100538,30.4262444],[-97.7096935,30.425623],[-97.7088054,30.4253557],[-97.7082775,30.4253485],[-97.7078167,30.4253774],[-97.7075516,30.4253111],[-97.7074917,30.4251137],[-97.7075375,30.4245693],[-97.7077077,30.4239757],[-97.7080764,30.4229497],[-97.7084063,30.4218617],[-97.7083278,30.421259],[-97.7082629,30.4206477],[-97.7084555,30.4204035],[-97.7090595,30.4198069],[-97.7091333,30.4196118],[-97.7091011,30.4194957],[-97.709093,30.419489]]}},{"type":"Feature","id":"way/1409833528","properties":{"name":"Walnut Creek","feature_kind":"waterway","osm_id":1409833528,"source":"OpenStreetMap","retrieved_at":"2026-09-28T16:35:48.031322+00:00","access_claim":"none"},"geometry":{"type":"LineString","coordinates":[[-97.70901,30.4194204],[-97.7087521,30.4191175],[-97.7085626,30.4189787],[-97.7081728,30.4188833],[-97.7078127,30.418849],[-97.7076413,30.4188752],[-97.7073734,30.418877]]}},{"type":"Feature","id":"way/1409833529","properties":{"name":"Walnut Creek","feature_kind":"waterway","osm_id":1409833529,"source":"OpenStreetMap","retrieved_at":"2026-09-28T16:35:48.031322+00:00","access_claim":"none"},"geometry":{"type":"LineString","coordinates":[[-97.709093,30.419489],[-97.70901,30.4194204]]}},{"type":"Feature","id":"way/1409833538","properties":{"name":"Walnut Creek","feature_kind":"waterway","osm_id":1409833538,"source":"OpenStreetMap","retrieved_at":"2026-09-28T16:35:48.031322+00:00","access_claim":"none"},"geometry":{"type":"LineString","coordinates":[[-97.7123605,30.4112272],[-97.7123498,30.4112102],[-97.7123061,30.4111335],[-97.7122591,30.4110237],[-97.7122551,30.4106822],[-97.7122189,30.4105028],[-97.7121546,30.4103826]]}},{"type":"Feature","id":"way/1414611478","properties":{"name":"Williamson Creek","feature_kind":"waterway","osm_id":1414611478,"source":"OpenStreetMap","retrieved_at":"2026-09-28T16:35:48.031322+00:00","access_claim":"none"},"geometry":{"type":"LineString","coordinates":[[-97.8650052,30.2345593],[-97.8649672,30.234576],[-97.8648935,30.2346121],[-97.8646378,30.2347374],[-97.8644534,30.2348131],[-97.8643365,30.2348667],[-97.8630059,30.2354736],[-97.8618122,30.2357856],[-97.8614552,30.2357657],[-97.860941,30.2357172],[-97.8604466,30.2354141],[-97.8604379,30.2354088]]}},{"type":"Feature","id":"way/1414611479","properties":{"name":"Williamson Creek","feature_kind":"waterway","osm_id":1414611479,"source":"OpenStreetMap","retrieved_at":"2026-09-28T16:35:48.031322+00:00","access_claim":"none"},"geometry":{"type":"LineString","coordinates":[[-97.8652168,30.2344661],[-97.8650052,30.2345593]]}},{"type":"Feature","id":"way/1414611480","properties":{"name":"Williamson Creek","feature_kind":"waterway","osm_id":1414611480,"source":"OpenStreetMap","retrieved_at":"2026-09-28T16:35:48.031322+00:00","access_claim":"none"},"geometry":{"type":"LineString","coordinates":[[-97.8652603,30.2344205],[-97.8652168,30.2344661]]}}]}
