{"type":"FeatureCollection","features":[{"type":"Feature","id":"coa-creek/2328647","geometry":{"type":"LineString","coordinates":[[-97.67725,30.17434],[-97.67614,30.17404]]},"properties":{"name":"Onion Creek","creek_type":"NATURAL_ALLUVIAL","reach_id":"ONI-2","watershed":"ONI","feature_kind":"waterway","source":"City of Austin Watershed Protection creek centerlines","retrieved_at":"2026-09-29T00:26:18.548370+00:00","access_claim":"none"}},{"type":"Feature","id":"coa-creek/2365076","geometry":{"type":"LineString","coordinates":[[-97.9016,30.3016],[-97.90159,30.30158],[-97.90157,30.30154],[-97.90154,30.30145],[-97.90153,30.30143],[-97.90151,30.3014],[-97.90145,30.30133],[-97.90132,30.30118],[-97.9013,30.30116],[-97.90128,30.30114],[-97.90125,30.30112],[-97.90122,30.30111],[-97.90118,30.30108],[-97.90116,30.30106],[-97.9011,30.30102],[-97.90102,30.30095],[-97.90098,30.30092],[-97.90089,30.30086],[-97.90062,30.30068],[-97.90053,30.3006],[-97.90036,30.30048],[-97.90025,30.3004],[-97.90019,30.30036],[-97.90016,30.30034],[-97.90014,30.30032],[-97.89998,30.30017],[-97.89994,30.30014],[-97.8999,30.30009],[-97.89975,30.29999],[-97.89972,30.29996],[-97.8995,30.29981],[-97.89928,30.29964],[-97.89883,30.2993],[-97.89875,30.29925]]},"properties":{"name":"Barton Creek","creek_type":"NATURAL_ALLUVIAL","reach_id":"BAR-9","watershed":"BAR","feature_kind":"waterway","source":"City of Austin Watershed Protection creek centerlines","retrieved_at":"2026-09-29T00:26:18.548370+00:00","access_claim":"none"}},{"type":"Feature","id":"coa-creek/2380474","geometry":{"type":"LineString","coordinates":[[-97.71605,30.18242],[-97.71599,30.18233],[-97.71577,30.1821]]},"properties":{"name":"Onion Creek","creek_type":"NATURAL_ROCKBED","reach_id":"ONI-3","watershed":"ONI","feature_kind":"waterway","source":"City of Austin Watershed Protection creek centerlines","retrieved_at":"2026-09-29T00:26:18.548370+00:00","access_claim":"none"}},{"type":"Feature","id":"coa-creek/2331959","geometry":{"type":"LineString","coordinates":[[-97.70784,30.42386],[-97.70786,30.42383],[-97.70788,30.42379],[-97.70789,30.42377],[-97.70791,30.42372],[-97.70794,30.42365],[-97.70796,30.42357],[-97.70798,30.42349],[-97.70799,30.42346],[-97.70803,30.4233],[-97.70804,30.42327],[-97.70804,30.42325],[-97.70805,30.42323],[-97.70806,30.4232],[-97.70807,30.42317],[-97.70808,30.42315],[-97.7081,30.42313],[-97.70811,30.4231],[-97.70811,30.42307],[-97.70812,30.42305],[-97.70812,30.42303],[-97.70812,30.42301],[-97.70811,30.42298],[-97.70811,30.42296],[-97.70812,30.42289],[-97.70813,30.42285],[-97.70814,30.42281],[-97.70815,30.42277],[-97.70816,30.42274],[-97.70816,30.42272],[-97.70817,30.42269]]},"properties":{"name":"Walnut Creek","creek_type":"NATURAL_ROCKBED","reach_id":"WLN-14","watershed":"WLN","feature_kind":"waterway","source":"City of Austin Watershed Protection creek centerlines","retrieved_at":"2026-09-29T00:26:18.548370+00:00","access_claim":"none"}},{"type":"Feature","id":"coa-creek/2368281","geometry":{"type":"LineString","coordinates":[[-97.72826,30.43885],[-97.72825,30.43884],[-97.72824,30.43884]]},"properties":{"name":"Walnut Creek","creek_type":"NATURAL_UNCLASSIFIED","reach_id":"WLN-17","watershed":"WLN","feature_kind":"waterway","source":"City of Austin Watershed Protection creek centerlines","retrieved_at":"2026-09-29T00:26:18.548370+00:00","access_claim":"none"}},{"type":"Feature","id":"coa-creek/2381328","geometry":{"type":"LineString","coordinates":[[-97.72367,30.18448],[-97.72354,30.18454],[-97.72338,30.18461],[-97.72326,30.18466],[-97.72321,30.1847],[-97.72315,30.18473],[-97.72311,30.18477],[-97.72306,30.18485],[-97.723,30.18498],[-97.72297,30.18508],[-97.72291,30.18525],[-97.7229,30.18528],[-97.72286,30.18537],[-97.72281,30.18548],[-97.72276,30.18558],[-97.72272,30.18569],[-97.72267,30.18586],[-97.72264,30.186],[-97.72261,30.18614],[-97.7226,30.18624],[-97.72252,30.18661],[-97.72251,30.18675],[-97.72245,30.18708],[-97.72245,30.18719],[-97.72242,30.18732],[-97.72242,30.18742],[-97.72241,30.18749],[-97.72239,30.18756],[-97.72235,30.18764],[-97.72233,30.18773],[-97.72233,30.18779],[-97.72231,30.18786],[-97.72227,30.18792],[-97.72222,30.18804],[-97.72222,30.18811],[-97.72226,30.18818],[-97.72225,30.18826],[-97.72221,30.18837],[-97.72217,30.1884],[-97.72211,30.18843],[-97.722,30.18847],[-97.7219,30.18853]]},"properties":{"name":"Onion Creek","creek_type":"NATURAL_ROCKBED","reach_id":"ONI-4","watershed":"ONI","feature_kind":"waterway","source":"City of Austin Watershed Protection creek centerlines","retrieved_at":"2026-09-29T00:26:18.548370+00:00","access_claim":"none"}},{"type":"Feature","id":"coa-creek/2352973","geometry":{"type":"LineString","coordinates":[[-97.88888,30.24554],[-97.88884,30.2455],[-97.8888,30.24545],[-97.88875,30.24535],[-97.88872,30.2453],[-97.88869,30.24528],[-97.8886,30.24523],[-97.88853,30.2452],[-97.88845,30.24519],[-97.88841,30.24518],[-97.88838,30.24519],[-97.88834,30.24521],[-97.8883,30.24522],[-97.88823,30.24524],[-97.88817,30.24525],[-97.88811,30.24526],[-97.88803,30.24524],[-97.88792,30.24525],[-97.88782,30.24525],[-97.88778,30.24522],[-97.88773,30.2452],[-97.8877,30.24516],[-97.88767,30.24514],[-97.88765,30.24513],[-97.88765,30.2451],[-97.8876,30.24506],[-97.8875,30.24501],[-97.88735,30.24491],[-97.88722,30.24489],[-97.88708,30.24488],[-97.88702,30.24488],[-97.88694,30.24486],[-97.88683,30.24481],[-97.88661,30.24478],[-97.88652,30.24478],[-97.88645,30.24475],[-97.88634,30.24471],[-97.88623,30.24469],[-97.8861,30.24468],[-97.88543,30.24464],[-97.8852,30.2446],[-97.88507,30.2446],[-97.88502,30.24458]]},"properties":{"name":"Williamson Creek","creek_type":"NATURAL_ROCKBED","reach_id":"WMS-13","watershed":"WMS","feature_kind":"waterway","source":"City of Austin Watershed Protection creek centerlines","retrieved_at":"2026-09-29T00:26:18.548370+00:00","access_claim":"none"}},{"type":"Feature","id":"coa-creek/2331099","geometry":{"type":"LineString","coordinates":[[-97.74147,30.18494],[-97.7415,30.18512],[-97.74147,30.18529],[-97.74143,30.18553],[-97.74132,30.18588],[-97.74122,30.18608],[-97.74117,30.18621],[-97.74112,30.1863],[-97.74103,30.18633],[-97.74092,30.18636],[-97.74073,30.18637]]},"properties":{"name":"Williamson Creek","creek_type":"NATURAL_ALLUVIAL","reach_id":"WMS-3","watershed":"WMS","feature_kind":"waterway","source":"City of Austin Watershed Protection creek centerlines","retrieved_at":"2026-09-29T00:26:18.548370+00:00","access_claim":"none"}},{"type":"Feature","id":"coa-creek/2361227","geometry":{"type":"LineString","coordinates":[[-97.91859,30.289],[-97.91859,30.28901],[-97.9186,30.28903]]},"properties":{"name":"Barton Creek","creek_type":"NATURAL_ALLUVIAL","reach_id":null,"watershed":"BAR","feature_kind":"waterway","source":"City of Austin Watershed Protection creek centerlines","retrieved_at":"2026-09-29T00:26:18.548370+00:00","access_claim":"none"}},{"type":"Feature","id":"coa-creek/2363120","geometry":{"type":"LineString","coordinates":[[-97.75114,30.22545],[-97.75106,30.22547],[-97.75096,30.22549],[-97.75082,30.22551],[-97.75067,30.22552],[-97.75059,30.2255],[-97.75055,30.2255],[-97.75045,30.22556],[-97.75026,30.22571],[-97.75014,30.22578],[-97.75008,30.22581],[-97.75,30.22584],[-97.74982,30.22586]]},"properties":{"name":"Blunn Creek","creek_type":"NATURAL_ALLUVIAL","reach_id":"BLU-5","watershed":"BLU","feature_kind":"waterway","source":"City of Austin Watershed Protection creek centerlines","retrieved_at":"2026-09-29T00:26:18.548370+00:00","access_claim":"none"}},{"type":"Feature","id":"coa-creek/2345602","geometry":{"type":"LineString","coordinates":[[-97.84153,30.2263],[-97.8415,30.22634],[-97.84145,30.22641],[-97.84141,30.22647],[-97.84138,30.22649],[-97.84137,30.22651],[-97.84137,30.22654],[-97.84137,30.22655],[-97.84137,30.22657],[-97.84137,30.22659],[-97.84137,30.2266],[-97.84136,30.22662],[-97.84136,30.22666],[-97.84137,30.2267],[-97.84137,30.22673],[-97.84137,30.22679],[-97.84139,30.22683],[-97.84139,30.22687],[-97.8414,30.22691],[-97.84141,30.22692],[-97.84141,30.22694],[-97.84142,30.22695],[-97.84146,30.22699],[-97.84147,30.227],[-97.84148,30.22702],[-97.84148,30.22704],[-97.84148,30.22707],[-97.84147,30.22708],[-97.84147,30.2271],[-97.84146,30.22711],[-97.84146,30.22713],[-97.84142,30.22718],[-97.84138,30.22723],[-97.84136,30.22726],[-97.84137,30.22731],[-97.84134,30.22738],[-97.84132,30.22743],[-97.84129,30.22754],[-97.84127,30.22758],[-97.84126,30.22762],[-97.84124,30.22766],[-97.84118,30.22776],[-97.84112,30.22784],[-97.8411,30.22788],[-97.84108,30.22791],[-97.84105,30.22794],[-97.84102,30.22795],[-97.84097,30.22797],[-97.84093,30.228],[-97.8409,30.22803],[-97.84086,30.22805],[-97.84077,30.22811],[-97.84065,30.22817],[-97.8406,30.22819],[-97.84056,30.22821],[-97.8405,30.22823],[-97.84043,30.22825],[-97.84036,30.2283],[-97.84029,30.22833],[-97.84017,30.22835],[-97.84008,30.22837],[-97.83997,30.22838],[-97.83984,30.22841],[-97.83975,30.22843],[-97.83968,30.22848],[-97.83964,30.2285],[-97.83958,30.22851],[-97.83953,30.2285],[-97.83949,30.22849],[-97.83946,30.22847],[-97.83943,30.22845],[-97.83939,30.22843],[-97.83937,30.22841],[-97.83936,30.2284],[-97.83928,30.22833],[-97.83926,30.22832],[-97.83925,30.22831],[-97.83921,30.22829],[-97.83918,30.22828],[-97.83913,30.22827],[-97.83908,30.22825],[-97.83902,30.22823],[-97.83898,30.22821],[-97.83895,30.2282],[-97.83892,30.2282],[-97.83888,30.22819],[-97.83883,30.2282],[-97.83882,30.22821],[-97.8388,30.22822],[-97.83877,30.22823],[-97.83875,30.22823],[-97.83871,30.22822],[-97.83865,30.2282],[-97.83857,30.22818],[-97.8385,30.22815],[-97.83847,30.22814],[-97.83844,30.22812],[-97.83841,30.22811],[-97.83839,30.2281],[-97.83836,30.22808],[-97.83832,30.22805],[-97.83828,30.22799],[-97.83822,30.22794],[-97.83818,30.22791],[-97.83796,30.22766],[-97.83789,30.22753],[-97.83785,30.22746],[-97.83781,30.22739],[-97.83772,30.22733],[-97.83766,30.22728],[-97.83748,30.22714],[-97.83724,30.22699],[-97.837,30.22684],[-97.83697,30.22683],[-97.83695,30.22682],[-97.83684,30.22675],[-97.83679,30.22672],[-97.83676,30.2267],[-97.83674,30.22669],[-97.83669,30.22667],[-97.83666,30.22666],[-97.83664,30.22665],[-97.8366,30.22665],[-97.83657,30.22664],[-97.83654,30.22662],[-97.83652,30.2266],[-97.83648,30.22657],[-97.83646,30.22655],[-97.83645,30.22654],[-97.83643,30.22652],[-97.83642,30.2265],[-97.83642,30.22649],[-97.83641,30.22646],[-97.83641,30.22643],[-97.83641,30.22638],[-97.83641,30.22638],[-97.8364,30.22633],[-97.8364,30.22632],[-97.83639,30.22631],[-97.83639,30.2263],[-97.83637,30.22628],[-97.83628,30.22612],[-97.83621,30.22602],[-97.83609,30.22589],[-97.83604,30.22584],[-97.83603,30.22582],[-97.83601,30.22581],[-97.836,30.2258],[-97.83598,30.22579],[-97.83596,30.22579],[-97.83595,30.22578],[-97.83591,30.22578],[-97.83588,30.22578],[-97.83586,30.22579],[-97.83584,30.2258],[-97.83582,30.2258],[-97.83581,30.2258],[-97.8358,30.22579],[-97.83578,30.22578],[-97.83576,30.22577],[-97.83573,30.22575],[-97.83571,30.22573],[-97.83568,30.22571],[-97.83562,30.22564],[-97.83561,30.22562],[-97.83558,30.22559],[-97.83551,30.22554],[-97.83548,30.22551],[-97.83546,30.22548],[-97.83543,30.22546],[-97.83535,30.22538],[-97.83529,30.22528],[-97.83522,30.22518],[-97.83519,30.22514],[-97.83515,30.22509],[-97.83513,30.22505],[-97.83508,30.22501],[-97.83506,30.22499],[-97.83501,30.22495],[-97.83494,30.22487],[-97.83484,30.22476],[-97.8348,30.22472],[-97.83475,30.22466],[-97.83466,30.22457],[-97.83446,30.22441],[-97.83436,30.22436],[-97.8342,30.2243],[-97.83413,30.22426],[-97.83407,30.22425],[-97.83399,30.22425],[-97.83391,30.22423],[-97.83385,30.22421],[-97.83382,30.22421],[-97.83378,30.2242],[-97.83375,30.22419],[-97.83373,30.22418],[-97.83371,30.22417],[-97.8337,30.22415],[-97.83366,30.22413],[-97.83364,30.2241],[-97.83363,30.22406],[-97.83344,30.22389],[-97.83339,30.22385],[-97.83334,30.2238],[-97.83333,30.22379]]},"properties":{"name":"Williamson Creek","creek_type":"NATURAL_ROCKBED","reach_id":"WMS-11","watershed":"WMS","feature_kind":"waterway","source":"City of Austin Watershed Protection creek centerlines","retrieved_at":"2026-09-29T00:26:18.548370+00:00","access_claim":"none"}},{"type":"Feature","id":"coa-creek/2380498","geometry":{"type":"LineString","coordinates":[[-97.78843,30.21545],[-97.78826,30.21537],[-97.78795,30.21524],[-97.78777,30.2152],[-97.78753,30.21512],[-97.78702,30.21498],[-97.78668,30.21489],[-97.78665,30.21489],[-97.78633,30.21476],[-97.78627,30.21475],[-97.78611,30.21468],[-97.78604,30.21466],[-97.78583,30.2146],[-97.78574,30.21461],[-97.78565,30.21463],[-97.7856,30.21466],[-97.78556,30.21468],[-97.78553,30.21469],[-97.7855,30.21469],[-97.78546,30.21467],[-97.78541,30.21466],[-97.78537,30.21466],[-97.78516,30.21461],[-97.785,30.21454],[-97.78488,30.21449],[-97.78472,30.21439],[-97.78468,30.21432],[-97.78466,30.21427],[-97.78468,30.21421],[-97.78466,30.21416],[-97.78458,30.21406],[-97.78448,30.21395],[-97.78443,30.21393],[-97.78436,30.21389],[-97.78425,30.2138]]},"properties":{"name":"Williamson Creek","creek_type":"NATURAL_ROCKBED","reach_id":"WMS-8","watershed":"WMS","feature_kind":"waterway","source":"City of Austin Watershed Protection creek centerlines","retrieved_at":"2026-09-29T00:26:18.548370+00:00","access_claim":"none"}},{"type":"Feature","id":"coa-creek/2371084","geometry":{"type":"LineString","coordinates":[[-97.77842,30.3897],[-97.77824,30.38961],[-97.77802,30.38954],[-97.778,30.38954]]},"properties":{"name":"Bull Creek","creek_type":"NATURAL_ALLUVIAL","reach_id":"BUL-7","watershed":"BUL","feature_kind":"waterway","source":"City of Austin Watershed Protection creek centerlines","retrieved_at":"2026-09-29T00:26:18.548370+00:00","access_claim":"none"}},{"type":"Feature","id":"coa-creek/2329732","geometry":{"type":"LineString","coordinates":[[-97.79967,30.41851],[-97.79956,30.41852],[-97.79949,30.4185],[-97.79938,30.4185],[-97.79929,30.4185],[-97.79918,30.41849],[-97.79911,30.41848],[-97.79905,30.41849],[-97.79894,30.41855],[-97.79879,30.41859],[-97.79873,30.41861],[-97.79862,30.41863],[-97.7985,30.41869],[-97.79834,30.41874],[-97.79804,30.41885],[-97.79793,30.4189],[-97.79785,30.41894],[-97.79779,30.41897],[-97.79771,30.41897],[-97.79765,30.41898],[-97.7976,30.41899],[-97.79754,30.41901],[-97.79744,30.41907],[-97.79726,30.41916],[-97.79718,30.41922],[-97.79706,30.41931],[-97.79701,30.41935]]},"properties":{"name":"Bull Creek","creek_type":"NATURAL_ROCKBED","reach_id":"BUL-10","watershed":"BUL","feature_kind":"waterway","source":"City of Austin Watershed Protection creek centerlines","retrieved_at":"2026-09-29T00:26:18.548370+00:00","access_claim":"none"}},{"type":"Feature","id":"coa-creek/2355132","geometry":{"type":"LineString","coordinates":[[-97.79391,30.42009],[-97.79384,30.42008],[-97.79378,30.42008],[-97.79372,30.42007],[-97.79372,30.42007]]},"properties":{"name":"Bull Creek","creek_type":"NATURAL_ROCKBED","reach_id":"BUL-10","watershed":"BUL","feature_kind":"waterway","source":"City of Austin Watershed Protection creek centerlines","retrieved_at":"2026-09-29T00:26:18.548370+00:00","access_claim":"none"}},{"type":"Feature","id":"coa-creek/2362436","geometry":{"type":"LineString","coordinates":[[-97.73714,30.44053],[-97.73713,30.44053],[-97.73708,30.44058],[-97.73703,30.4406],[-97.73697,30.44059]]},"properties":{"name":"Walnut Creek","creek_type":"NATURAL_UNCLASSIFIED","reach_id":"WLN-17","watershed":"WLN","feature_kind":"waterway","source":"City of Austin Watershed Protection creek centerlines","retrieved_at":"2026-09-29T00:26:18.548370+00:00","access_claim":"none"}},{"type":"Feature","id":"coa-creek/2355426","geometry":{"type":"LineString","coordinates":[[-97.71234,30.41124],[-97.71232,30.41117],[-97.71229,30.4111],[-97.71227,30.41103],[-97.71226,30.41096],[-97.71225,30.4109],[-97.71225,30.4108],[-97.71225,30.41071],[-97.71225,30.41066],[-97.71225,30.41061],[-97.71224,30.41056],[-97.71222,30.41051],[-97.71222,30.4105],[-97.7122,30.41046],[-97.71217,30.41041],[-97.71212,30.41035],[-97.7121,30.41032],[-97.71206,30.41027],[-97.71205,30.41024],[-97.712,30.41013],[-97.71197,30.41008],[-97.71192,30.41002],[-97.71189,30.40998],[-97.7118,30.4099],[-97.71177,30.40987],[-97.71169,30.40981],[-97.71167,30.4098],[-97.7115,30.40973],[-97.71145,30.4097],[-97.71141,30.40968],[-97.71134,30.40965],[-97.71132,30.40964],[-97.71126,30.40962],[-97.71116,30.40957],[-97.71112,30.40956],[-97.71108,30.40956],[-97.71099,30.40952],[-97.71093,30.40949],[-97.71085,30.40944],[-97.71071,30.40936],[-97.71055,30.40929],[-97.71047,30.40926],[-97.71039,30.40924],[-97.71031,30.40924],[-97.71028,30.40923],[-97.71025,30.40923],[-97.7102,30.40924],[-97.71016,30.40926],[-97.71005,30.40934],[-97.70999,30.40941],[-97.70996,30.40946],[-97.70996,30.40949],[-97.70995,30.40956],[-97.70995,30.4097],[-97.70995,30.40974],[-97.70996,30.40978],[-97.70998,30.40981],[-97.71001,30.40983],[-97.71001,30.40986],[-97.71007,30.40991],[-97.71004,30.40994],[-97.71001,30.40995],[-97.70996,30.40995],[-97.7099,30.40996],[-97.70978,30.40999],[-97.70969,30.41],[-97.70958,30.41001],[-97.70951,30.41002],[-97.7094,30.41002],[-97.70936,30.41],[-97.70933,30.40998],[-97.7093,30.40995],[-97.70925,30.40992],[-97.70918,30.40986],[-97.70915,30.40978],[-97.70907,30.40962],[-97.70901,30.40954],[-97.70894,30.40938],[-97.70893,30.40931],[-97.70889,30.4092],[-97.70888,30.40913],[-97.70882,30.4089],[-97.70881,30.40878],[-97.70879,30.40871],[-97.70878,30.40866],[-97.7088,30.40854],[-97.7088,30.40847],[-97.7088,30.40841],[-97.7088,30.40835],[-97.7088,30.40833],[-97.70881,30.40826],[-97.70884,30.40814],[-97.70886,30.40806],[-97.70889,30.40802],[-97.70894,30.40789],[-97.70901,30.40772],[-97.70907,30.4076],[-97.7091,30.40756],[-97.70914,30.40752],[-97.70917,30.40746],[-97.70919,30.40732],[-97.70923,30.40722],[-97.70929,30.4071],[-97.70936,30.40699]]},"properties":{"name":"Walnut Creek","creek_type":"NATURAL_ALLUVIAL","reach_id":"WLN-13","watershed":"WLN","feature_kind":"waterway","source":"City of Austin Watershed Protection creek centerlines","retrieved_at":"2026-09-29T00:26:18.548370+00:00","access_claim":"none"}},{"type":"Feature","id":"coa-creek/2363394","geometry":{"type":"LineString","coordinates":[[-97.7116,30.41152],[-97.71167,30.41152]]},"properties":{"name":"Walnut Creek","creek_type":"NATURAL_ALLUVIAL","reach_id":"WLN-13","watershed":"WLN","feature_kind":"waterway","source":"City of Austin Watershed Protection creek centerlines","retrieved_at":"2026-09-29T00:26:18.548370+00:00","access_claim":"none"}},{"type":"Feature","id":"coa-creek/2365008","geometry":{"type":"LineString","coordinates":[[-97.74745,30.23976],[-97.74751,30.23983],[-97.74752,30.23986],[-97.74753,30.23989],[-97.74754,30.23991],[-97.74755,30.23993],[-97.74756,30.23995],[-97.74756,30.23996]]},"properties":{"name":"Blunn Creek","creek_type":"NATURAL_ALLUVIAL","reach_id":"BLU-3","watershed":"BLU","feature_kind":"waterway","source":"City of Austin Watershed Protection creek centerlines","retrieved_at":"2026-09-29T00:26:18.548370+00:00","access_claim":"none"}},{"type":"Feature","id":"coa-creek/2356870","geometry":{"type":"LineString","coordinates":[[-97.73245,30.17354],[-97.73234,30.17379],[-97.73233,30.17396],[-97.73236,30.17427],[-97.73232,30.17439],[-97.73224,30.17459],[-97.73216,30.17473],[-97.73189,30.17519],[-97.73188,30.1752]]},"properties":{"name":"Onion Creek","creek_type":"NATURAL_ROCKBED","reach_id":"ONI-4","watershed":"ONI","feature_kind":"waterway","source":"City of Austin Watershed Protection creek centerlines","retrieved_at":"2026-09-29T00:26:18.548370+00:00","access_claim":"none"}},{"type":"Feature","id":"coa-creek/2354976","geometry":{"type":"LineString","coordinates":[[-97.93377,30.27747],[-97.93376,30.27747],[-97.93372,30.27744],[-97.9337,30.27743],[-97.9337,30.27743]]},"properties":{"name":"Barton Creek","creek_type":"NATURAL_UNCLASSIFIED","reach_id":null,"watershed":"BAR","feature_kind":"waterway","source":"City of Austin Watershed Protection creek centerlines","retrieved_at":"2026-09-29T00:26:18.548370+00:00","access_claim":"none"}},{"type":"Feature","id":"coa-creek/2356810","geometry":{"type":"LineString","coordinates":[[-97.73652,30.37124],[-97.73658,30.37108]]},"properties":{"name":"Shoal Creek","creek_type":"UNDERGROUND_CULVERT","reach_id":"SHL-15","watershed":"SHL","feature_kind":"waterway","source":"City of Austin Watershed Protection creek centerlines","retrieved_at":"2026-09-29T00:26:18.548370+00:00","access_claim":"none"}},{"type":"Feature","id":"coa-creek/2343139","geometry":{"type":"LineString","coordinates":[[-97.65008,30.31638],[-97.65003,30.31628],[-97.65,30.31621],[-97.64996,30.31615],[-97.64991,30.3161],[-97.64987,30.31605],[-97.64985,30.31602],[-97.64983,30.31598],[-97.64982,30.31591],[-97.64979,30.31573],[-97.64978,30.31568],[-97.64976,30.31561],[-97.64975,30.31554],[-97.64973,30.31548],[-97.6497,30.31544],[-97.64966,30.3154],[-97.64961,30.31533],[-97.64956,30.31527],[-97.64952,30.31521],[-97.64947,30.31518],[-97.64941,30.31515],[-97.64935,30.31513],[-97.64924,30.3151],[-97.64905,30.31511],[-97.64879,30.3152],[-97.64868,30.31531],[-97.64857,30.31546],[-97.64842,30.31558],[-97.64814,30.31565],[-97.64808,30.31565],[-97.64805,30.31564],[-97.648,30.31562],[-97.64797,30.3156],[-97.64795,30.31557],[-97.64793,30.31553],[-97.64791,30.31548],[-97.64788,30.31543],[-97.64784,30.31537],[-97.64779,30.31532],[-97.64774,30.31526],[-97.6477,30.3152],[-97.64767,30.31513],[-97.64765,30.31506],[-97.64762,30.31501],[-97.64758,30.31496],[-97.64756,30.31491],[-97.64754,30.31485],[-97.64754,30.31479],[-97.64755,30.31472],[-97.64756,30.31465],[-97.64757,30.3146],[-97.64756,30.31454],[-97.64754,30.31448],[-97.64752,30.31444],[-97.64748,30.31439],[-97.64744,30.31434],[-97.6474,30.3143],[-97.64739,30.31426],[-97.6474,30.31422],[-97.64743,30.31417],[-97.64746,30.31414],[-97.64752,30.3141],[-97.64761,30.31407],[-97.64774,30.31405],[-97.64786,30.31403],[-97.64792,30.31403],[-97.64796,30.31403],[-97.64801,30.31401],[-97.64806,30.31399],[-97.64808,30.31396],[-97.64809,30.31392],[-97.64809,30.31388],[-97.64809,30.31382],[-97.64807,30.31377],[-97.64805,30.31372],[-97.64801,30.31367],[-97.64796,30.31361],[-97.64786,30.31352],[-97.64777,30.31344],[-97.64772,30.3134],[-97.64769,30.31337],[-97.64767,30.31334],[-97.64765,30.31331],[-97.64764,30.31327],[-97.64764,30.31323],[-97.64764,30.31318],[-97.64765,30.31311],[-97.64769,30.31302],[-97.64771,30.31295],[-97.64772,30.31291],[-97.64772,30.31286],[-97.64772,30.3128],[-97.64773,30.31274],[-97.64775,30.31269],[-97.64777,30.31266],[-97.64781,30.31265],[-97.64789,30.31262],[-97.64798,30.3126],[-97.64803,30.31259],[-97.64806,30.31258]]},"properties":{"name":"Walnut Creek","creek_type":"NATURAL_ALLUVIAL","reach_id":"WLN-4","watershed":"WLN","feature_kind":"waterway","source":"City of Austin Watershed Protection creek centerlines","retrieved_at":"2026-09-29T00:26:18.548370+00:00","access_claim":"none"}},{"type":"Feature","id":"coa-creek/2360860","geometry":{"type":"LineString","coordinates":[[-97.91459,30.24626],[-97.91456,30.24626],[-97.91454,30.24626],[-97.91449,30.24636],[-97.91447,30.24639],[-97.91444,30.24639],[-97.91442,30.24639],[-97.91436,30.24639],[-97.91427,30.24639],[-97.91423,30.24639],[-97.91418,30.24637],[-97.91416,30.24632],[-97.91416,30.24627],[-97.91413,30.24622],[-97.91411,30.24618],[-97.91408,30.24615],[-97.91404,30.24612],[-97.91399,30.24609],[-97.91394,30.24608],[-97.91389,30.24606],[-97.91387,30.24599],[-97.91388,30.24594],[-97.91388,30.24589],[-97.91386,30.24584],[-97.91383,30.24579],[-97.91375,30.24569],[-97.9137,30.24564],[-97.91366,30.2456]]},"properties":{"name":"Williamson Creek","creek_type":"NATURAL_UNCLASSIFIED","reach_id":null,"watershed":"WMS","feature_kind":"waterway","source":"City of Austin Watershed Protection creek centerlines","retrieved_at":"2026-09-29T00:26:18.548370+00:00","access_claim":"none"}},{"type":"Feature","id":"coa-creek/2354491","geometry":{"type":"LineString","coordinates":[[-97.84444,30.27377],[-97.84441,30.27371],[-97.84438,30.27367],[-97.84435,30.27361],[-97.84432,30.27357],[-97.8443,30.27354],[-97.84428,30.27351],[-97.84424,30.27348],[-97.84404,30.27331],[-97.84403,30.27331],[-97.84386,30.27319],[-97.84372,30.2731],[-97.84364,30.27306],[-97.8436,30.27304],[-97.84355,30.27303],[-97.8435,30.27302],[-97.84348,30.27302],[-97.84345,30.27302],[-97.84338,30.27303],[-97.84334,30.27304],[-97.84329,30.27305],[-97.84311,30.27314]]},"properties":{"name":"Barton Creek","creek_type":"NATURAL_ROCKBED","reach_id":"BAR-6","watershed":"BAR","feature_kind":"waterway","source":"City of Austin Watershed Protection creek centerlines","retrieved_at":"2026-09-29T00:26:18.548370+00:00","access_claim":"none"}},{"type":"Feature","id":"coa-creek/2354490","geometry":{"type":"LineString","coordinates":[[-97.84311,30.27314],[-97.84299,30.2732],[-97.84292,30.27324],[-97.84253,30.27346],[-97.84227,30.27362],[-97.84207,30.27374],[-97.84194,30.27381],[-97.84191,30.27383],[-97.84185,30.27388],[-97.84173,30.27398],[-97.84165,30.27406],[-97.84162,30.27409],[-97.8416,30.27412],[-97.84158,30.27417],[-97.84154,30.27424],[-97.84151,30.27433],[-97.84148,30.27439],[-97.84147,30.27441],[-97.84145,30.27444],[-97.84143,30.27446],[-97.84139,30.27451],[-97.84138,30.27452],[-97.84135,30.27454],[-97.84132,30.27457],[-97.84124,30.27462],[-97.84124,30.27462],[-97.841,30.27479],[-97.84087,30.2749],[-97.84054,30.2752],[-97.84052,30.27522],[-97.84042,30.2753],[-97.84034,30.27536],[-97.8403,30.27539]]},"properties":{"name":"Barton Creek","creek_type":"NATURAL_ROCKBED","reach_id":"BAR-6","watershed":"BAR","feature_kind":"waterway","source":"City of Austin Watershed Protection creek centerlines","retrieved_at":"2026-09-29T00:26:18.548370+00:00","access_claim":"none"}},{"type":"Feature","id":"coa-creek/2351638","geometry":{"type":"LineString","coordinates":[[-97.73606,30.37235],[-97.73611,30.3722],[-97.73616,30.37205],[-97.73619,30.37199],[-97.73629,30.37184],[-97.73636,30.37166],[-97.73642,30.37152],[-97.73649,30.37136],[-97.73652,30.37124]]},"properties":{"name":"Shoal Creek","creek_type":"NATURAL_ROCKBED","reach_id":"SHL-15","watershed":"SHL","feature_kind":"waterway","source":"City of Austin Watershed Protection creek centerlines","retrieved_at":"2026-09-29T00:26:18.548370+00:00","access_claim":"none"}},{"type":"Feature","id":"coa-creek/2359748","geometry":{"type":"LineString","coordinates":[[-97.82059,30.1278],[-97.82054,30.12785],[-97.82052,30.12785],[-97.82049,30.12785],[-97.82046,30.12784],[-97.82043,30.12786],[-97.82041,30.12788],[-97.82039,30.12791],[-97.82025,30.12806],[-97.82018,30.1281],[-97.82016,30.12812],[-97.82016,30.12815],[-97.82016,30.12818],[-97.82016,30.12822],[-97.82013,30.12827],[-97.82002,30.12836],[-97.81991,30.12846],[-97.81972,30.12861]]},"properties":{"name":"Onion Creek","creek_type":"NATURAL_ROCKBED","reach_id":"ONI-9","watershed":"ONI","feature_kind":"waterway","source":"City of Austin Watershed Protection creek centerlines","retrieved_at":"2026-09-29T00:26:18.548370+00:00","access_claim":"none"}},{"type":"Feature","id":"coa-creek/2376526","geometry":{"type":"LineString","coordinates":[[-97.86696,30.2343],[-97.86687,30.2343],[-97.86636,30.23427]]},"properties":{"name":"Williamson Creek","creek_type":"NATURAL_ROCKBED","reach_id":"WMS-12","watershed":"WMS","feature_kind":"waterway","source":"City of Austin Watershed Protection creek centerlines","retrieved_at":"2026-09-29T00:26:18.548370+00:00","access_claim":"none"}},{"type":"Feature","id":"coa-creek/2364378","geometry":{"type":"LineString","coordinates":[[-97.71167,30.41152],[-97.71172,30.41153],[-97.71175,30.41153],[-97.71179,30.41152],[-97.71184,30.4115],[-97.71188,30.41148],[-97.71197,30.41144],[-97.71207,30.4114],[-97.71211,30.41138],[-97.71224,30.41133],[-97.7123,30.4113],[-97.71233,30.41128],[-97.71234,30.41124]]},"properties":{"name":"Walnut Creek","creek_type":"NATURAL_ALLUVIAL","reach_id":"WLN-13","watershed":"WLN","feature_kind":"waterway","source":"City of Austin Watershed Protection creek centerlines","retrieved_at":"2026-09-29T00:26:18.548370+00:00","access_claim":"none"}},{"type":"Feature","id":"coa-creek/2360658","geometry":{"type":"LineString","coordinates":[[-97.71701,30.43515],[-97.71699,30.43513],[-97.71696,30.43507],[-97.7169,30.43501],[-97.71683,30.43495],[-97.71677,30.4349],[-97.71673,30.43486],[-97.71663,30.43477]]},"properties":{"name":"Walnut Creek","creek_type":"NATURAL_ALLUVIAL","reach_id":"WLN-16","watershed":"WLN","feature_kind":"waterway","source":"City of Austin Watershed Protection creek centerlines","retrieved_at":"2026-09-29T00:26:18.548370+00:00","access_claim":"none"}},{"type":"Feature","id":"coa-creek/2374968","geometry":{"type":"LineString","coordinates":[[-97.66026,30.37497],[-97.66024,30.37495],[-97.66002,30.37483],[-97.65982,30.37474],[-97.65977,30.37472],[-97.65969,30.37468],[-97.65954,30.37459],[-97.65945,30.37453],[-97.65942,30.37449],[-97.65933,30.37441],[-97.65928,30.37437],[-97.65919,30.3743],[-97.65911,30.37423],[-97.65902,30.37417],[-97.65894,30.37413],[-97.6589,30.37412],[-97.65884,30.3741],[-97.65877,30.37408],[-97.65873,30.37406],[-97.6587,30.37404],[-97.65866,30.37401],[-97.65863,30.37397],[-97.65862,30.37393],[-97.65859,30.37382],[-97.65858,30.37377],[-97.65854,30.37355],[-97.65852,30.37343],[-97.65851,30.37338],[-97.6585,30.3733],[-97.6585,30.37325],[-97.6585,30.37318],[-97.6585,30.37311],[-97.6585,30.37303],[-97.6585,30.37296],[-97.65852,30.37287],[-97.65853,30.37278],[-97.65854,30.37269],[-97.65855,30.37262],[-97.65859,30.37246],[-97.6586,30.37238],[-97.65861,30.37229],[-97.65864,30.37201],[-97.65867,30.37189],[-97.65872,30.37175],[-97.65872,30.37163],[-97.65872,30.37161],[-97.65875,30.37153],[-97.65876,30.37149],[-97.65875,30.37146],[-97.65876,30.37145],[-97.65876,30.37142],[-97.65878,30.37133],[-97.65878,30.3713],[-97.65879,30.37125],[-97.6588,30.37122],[-97.65884,30.37112],[-97.65885,30.37109],[-97.65887,30.37103],[-97.65888,30.371],[-97.65893,30.37091],[-97.65896,30.37088],[-97.65898,30.37085],[-97.65899,30.37083],[-97.65902,30.37077],[-97.65904,30.37074],[-97.65907,30.37072],[-97.65909,30.37071],[-97.65916,30.37065],[-97.65919,30.37062],[-97.65928,30.37056],[-97.65931,30.37054],[-97.65938,30.3705],[-97.6594,30.37049],[-97.65945,30.37048],[-97.65949,30.37048],[-97.65967,30.37048],[-97.65987,30.3705],[-97.66005,30.37051],[-97.66012,30.37052],[-97.66034,30.37059],[-97.66036,30.37059],[-97.66039,30.37061],[-97.66043,30.37062],[-97.66047,30.37064],[-97.66048,30.37065],[-97.6605,30.37066],[-97.66052,30.37067],[-97.66054,30.37068],[-97.66056,30.37069],[-97.66058,30.3707],[-97.6606,30.37071],[-97.66062,30.37072],[-97.66064,30.37073],[-97.66066,30.37074],[-97.66068,30.37074],[-97.66071,30.37076],[-97.66073,30.37077],[-97.66077,30.37078],[-97.66081,30.37079],[-97.66083,30.37079]]},"properties":{"name":"Walnut Creek","creek_type":"NATURAL_ROCKBED","reach_id":"WLN-8","watershed":"WLN","feature_kind":"waterway","source":"City of Austin Watershed Protection creek centerlines","retrieved_at":"2026-09-29T00:26:18.548370+00:00","access_claim":"none"}},{"type":"Feature","id":"coa-creek/2355490","geometry":{"type":"LineString","coordinates":[[-97.72095,30.43686],[-97.72075,30.43671],[-97.72042,30.43644],[-97.72019,30.43623],[-97.71994,30.43604],[-97.71976,30.43584],[-97.71962,30.43566],[-97.71944,30.43552],[-97.7192,30.43542],[-97.71898,30.43539],[-97.71878,30.4354],[-97.71868,30.43553],[-97.71859,30.43571],[-97.71854,30.43577]]},"properties":{"name":"Walnut Creek","creek_type":"NATURAL_ALLUVIAL","reach_id":"WLN-16","watershed":"WLN","feature_kind":"waterway","source":"City of Austin Watershed Protection creek centerlines","retrieved_at":"2026-09-29T00:26:18.548370+00:00","access_claim":"none"}},{"type":"Feature","id":"coa-creek/2367011","geometry":{"type":"LineString","coordinates":[[-97.8434,30.29275],[-97.84339,30.29275],[-97.84337,30.29274],[-97.84336,30.29274],[-97.84333,30.29274],[-97.8433,30.29272],[-97.84328,30.29272],[-97.84326,30.29271],[-97.84325,30.2927],[-97.84323,30.29269],[-97.8432,30.29267],[-97.84319,30.29265],[-97.84313,30.29261],[-97.84309,30.29256],[-97.84306,30.29253],[-97.84304,30.2925],[-97.84302,30.29248],[-97.843,30.29245],[-97.84298,30.2924],[-97.84298,30.29237],[-97.84297,30.29235],[-97.84298,30.29227],[-97.84299,30.29213],[-97.843,30.29204],[-97.843,30.29197],[-97.84299,30.2919],[-97.84299,30.29186],[-97.84298,30.29178],[-97.84298,30.29174],[-97.84297,30.29171],[-97.84297,30.29168],[-97.84297,30.29164],[-97.84298,30.29161],[-97.843,30.29156],[-97.84301,30.29153],[-97.84304,30.29148],[-97.84306,30.2914],[-97.84307,30.29137],[-97.84308,30.29132],[-97.84312,30.2912],[-97.84317,30.29106],[-97.84319,30.29099],[-97.8432,30.29091],[-97.84321,30.29086],[-97.84322,30.29076],[-97.84322,30.29066],[-97.84323,30.2906],[-97.84325,30.29055],[-97.84354,30.29023],[-97.84387,30.28991],[-97.84414,30.28969],[-97.84431,30.28953],[-97.84443,30.28941],[-97.84449,30.28934],[-97.84458,30.28926],[-97.84464,30.28921],[-97.84471,30.28918],[-97.84476,30.28915],[-97.84483,30.28913],[-97.84487,30.28911],[-97.84492,30.28908],[-97.84496,30.28907],[-97.8451,30.28898],[-97.84512,30.28897],[-97.84515,30.28896],[-97.84516,30.28895],[-97.84517,30.28895],[-97.84521,30.28895],[-97.84526,30.28895],[-97.8453,30.28895],[-97.84533,30.28895],[-97.84536,30.28895],[-97.84539,30.28894],[-97.84542,30.28894],[-97.84544,30.28893],[-97.84548,30.28892]]},"properties":{"name":"Barton Creek","creek_type":"NATURAL_ROCKBED","reach_id":"BAR-7","watershed":"BAR","feature_kind":"waterway","source":"City of Austin Watershed Protection creek centerlines","retrieved_at":"2026-09-29T00:26:18.548370+00:00","access_claim":"none"}},{"type":"Feature","id":"coa-creek/2363700","geometry":{"type":"LineString","coordinates":[[-97.83333,30.22379],[-97.8333,30.22376],[-97.83325,30.22371],[-97.8332,30.22367],[-97.83318,30.22365],[-97.83311,30.22358],[-97.83298,30.22347],[-97.83297,30.22346],[-97.83291,30.22342],[-97.83289,30.2234],[-97.83286,30.22339],[-97.83285,30.22338],[-97.83284,30.22338],[-97.83271,30.22334]]},"properties":{"name":"Williamson Creek","creek_type":"NATURAL_ROCKBED","reach_id":"WMS-11","watershed":"WMS","feature_kind":"waterway","source":"City of Austin Watershed Protection creek centerlines","retrieved_at":"2026-09-29T00:26:18.548370+00:00","access_claim":"none"}},{"type":"Feature","id":"coa-creek/2374257","geometry":{"type":"LineString","coordinates":[[-97.75327,30.28363],[-97.75326,30.28363],[-97.75319,30.28358],[-97.75298,30.28344],[-97.75268,30.2832],[-97.75265,30.28318],[-97.75257,30.28315],[-97.75239,30.28308],[-97.75228,30.28303],[-97.75222,30.28299],[-97.75206,30.28292],[-97.75204,30.28292],[-97.75198,30.28287],[-97.75182,30.28276],[-97.75176,30.28272],[-97.75171,30.28269],[-97.75164,30.28266],[-97.7516,30.28263],[-97.75156,30.2826],[-97.75146,30.28253],[-97.75135,30.28243],[-97.75126,30.28234],[-97.75123,30.2823],[-97.75121,30.28227],[-97.75119,30.28224],[-97.7511,30.28208],[-97.75107,30.28198],[-97.75106,30.28195],[-97.75105,30.28192],[-97.75105,30.28189],[-97.75104,30.28185],[-97.75103,30.28182],[-97.751,30.28174],[-97.75099,30.28169],[-97.75095,30.28156],[-97.75093,30.28149],[-97.75091,30.28141],[-97.75089,30.28132],[-97.75086,30.28111],[-97.75085,30.28108],[-97.75084,30.28098]]},"properties":{"name":"Shoal Creek","creek_type":"NATURAL_ALLUVIAL","reach_id":"SHL-3","watershed":"SHL","feature_kind":"waterway","source":"City of Austin Watershed Protection creek centerlines","retrieved_at":"2026-09-29T00:26:18.548370+00:00","access_claim":"none"}},{"type":"Feature","id":"coa-creek/2352983","geometry":{"type":"LineString","coordinates":[[-97.82312,30.25909],[-97.8231,30.25907],[-97.82307,30.25899],[-97.823,30.25886],[-97.82291,30.25871],[-97.82282,30.25857],[-97.8228,30.25852],[-97.82278,30.25848],[-97.82274,30.25838],[-97.82271,30.25833],[-97.8227,30.2583],[-97.82269,30.25826],[-97.82267,30.25819],[-97.82265,30.25805],[-97.82263,30.25793],[-97.82258,30.25774],[-97.82256,30.2577],[-97.82244,30.25752]]},"properties":{"name":"Barton Creek","creek_type":"NATURAL_ROCKBED","reach_id":"BAR-6","watershed":"BAR","feature_kind":"waterway","source":"City of Austin Watershed Protection creek centerlines","retrieved_at":"2026-09-29T00:26:18.548370+00:00","access_claim":"none"}},{"type":"Feature","id":"coa-creek/2359583","geometry":{"type":"LineString","coordinates":[[-97.78316,30.39938],[-97.78318,30.39927],[-97.78319,30.39914],[-97.78318,30.39908],[-97.78318,30.399],[-97.78318,30.39898],[-97.78318,30.39891],[-97.78319,30.39882],[-97.78318,30.39878],[-97.78316,30.39867],[-97.78313,30.39856],[-97.7831,30.39849],[-97.78306,30.39841],[-97.78298,30.39827],[-97.78292,30.39814],[-97.78286,30.39807],[-97.78278,30.39798],[-97.78267,30.39791],[-97.78258,30.39787],[-97.78251,30.39784],[-97.78239,30.39779],[-97.7823,30.39774],[-97.78214,30.39771],[-97.78199,30.39769],[-97.7819,30.39768],[-97.78181,30.39766],[-97.78161,30.39762],[-97.78144,30.39758],[-97.78138,30.39758],[-97.78127,30.39756],[-97.78105,30.39751],[-97.78092,30.39749],[-97.78078,30.39747],[-97.7806,30.39741],[-97.78045,30.39737],[-97.78028,30.39733],[-97.78009,30.39727],[-97.77986,30.39721],[-97.77972,30.39717],[-97.77956,30.39713],[-97.77945,30.39709],[-97.77933,30.39707],[-97.77924,30.39705],[-97.77914,30.39703],[-97.77906,30.39702],[-97.77901,30.39702],[-97.77897,30.39702],[-97.77892,30.39702],[-97.77887,30.39703],[-97.77882,30.39705]]},"properties":{"name":"Bull Creek","creek_type":"NATURAL_ALLUVIAL","reach_id":"BUL-7","watershed":"BUL","feature_kind":"waterway","source":"City of Austin Watershed Protection creek centerlines","retrieved_at":"2026-09-29T00:26:18.548370+00:00","access_claim":"none"}},{"type":"Feature","id":"coa-creek/2338597","geometry":{"type":"LineString","coordinates":[[-97.82321,30.40878],[-97.82322,30.40882],[-97.82322,30.40891],[-97.82322,30.40901],[-97.82319,30.40918],[-97.82319,30.4093],[-97.82318,30.4094],[-97.8232,30.40945],[-97.82321,30.40953],[-97.82333,30.40985],[-97.82336,30.40993],[-97.8234,30.41002],[-97.82343,30.41011],[-97.82344,30.41019],[-97.82344,30.41025],[-97.82339,30.41039]]},"properties":{"name":"Bull Creek","creek_type":"NATURAL_ROCKBED","reach_id":"BUL-12","watershed":"BUL","feature_kind":"waterway","source":"City of Austin Watershed Protection creek centerlines","retrieved_at":"2026-09-29T00:26:18.548370+00:00","access_claim":"none"}},{"type":"Feature","id":"coa-creek/2320146","geometry":{"type":"LineString","coordinates":[[-97.90753,30.30506],[-97.90749,30.30502],[-97.90745,30.30498],[-97.90732,30.30486],[-97.9072,30.30476],[-97.90714,30.30472]]},"properties":{"name":"Barton Creek","creek_type":"NATURAL_ROCKBED","reach_id":"BAR-10","watershed":"BAR","feature_kind":"waterway","source":"City of Austin Watershed Protection creek centerlines","retrieved_at":"2026-09-29T00:26:18.548370+00:00","access_claim":"none"}},{"type":"Feature","id":"coa-creek/2319683","geometry":{"type":"LineString","coordinates":[[-97.6983,30.40605],[-97.69828,30.40605],[-97.6982,30.40604]]},"properties":{"name":"Walnut Creek","creek_type":"NATURAL_ROCKBED","reach_id":"WLN-12","watershed":"WLN","feature_kind":"waterway","source":"City of Austin Watershed Protection creek centerlines","retrieved_at":"2026-09-29T00:26:18.548370+00:00","access_claim":"none"}},{"type":"Feature","id":"coa-creek/2379468","geometry":{"type":"LineString","coordinates":[[-97.66472,30.16934],[-97.66461,30.16934],[-97.66454,30.16933],[-97.66447,30.16931],[-97.66438,30.16928],[-97.66431,30.16925],[-97.66424,30.16922],[-97.66418,30.16918],[-97.66411,30.16912],[-97.66406,30.16906],[-97.664,30.16898],[-97.66388,30.16889],[-97.66378,30.16883],[-97.66374,30.1688],[-97.66367,30.16876],[-97.66351,30.16865],[-97.66344,30.16862],[-97.66333,30.16855],[-97.66318,30.16851],[-97.66312,30.16849],[-97.66303,30.16847],[-97.66296,30.16846],[-97.66286,30.16846],[-97.66273,30.16849]]},"properties":{"name":"Onion Creek","creek_type":"NATURAL_ALLUVIAL","reach_id":"ONI-1","watershed":"ONI","feature_kind":"waterway","source":"City of Austin Watershed Protection creek centerlines","retrieved_at":"2026-09-29T00:26:18.548370+00:00","access_claim":"none"}},{"type":"Feature","id":"coa-creek/2366327","geometry":{"type":"LineString","coordinates":[[-97.95638,30.26945],[-97.95637,30.26945],[-97.95634,30.26947],[-97.95631,30.26949],[-97.95629,30.26951],[-97.95628,30.26952],[-97.95627,30.26954],[-97.95626,30.26955],[-97.95625,30.26957],[-97.95624,30.26959],[-97.95623,30.26963],[-97.95622,30.26967],[-97.95622,30.26974],[-97.95622,30.2698],[-97.95622,30.26984],[-97.95623,30.26988],[-97.95623,30.2699],[-97.95625,30.27002],[-97.95627,30.27014],[-97.95627,30.27018],[-97.95628,30.27022],[-97.9563,30.27026],[-97.95632,30.2703],[-97.95641,30.27042],[-97.95647,30.27051],[-97.95649,30.27056],[-97.9565,30.27059],[-97.95651,30.27061],[-97.95651,30.27063],[-97.95652,30.27068],[-97.95652,30.27077],[-97.95652,30.27088],[-97.95652,30.2709],[-97.95653,30.27092],[-97.95654,30.27098],[-97.95655,30.27102],[-97.95658,30.27107],[-97.95658,30.27109],[-97.9566,30.27112],[-97.95664,30.27121],[-97.95669,30.27132],[-97.95673,30.27139],[-97.95676,30.27144],[-97.9568,30.27151],[-97.95681,30.27152],[-97.95684,30.27156],[-97.95688,30.27161],[-97.95692,30.27165],[-97.95696,30.27169],[-97.95699,30.27171],[-97.95703,30.27175],[-97.95713,30.27184],[-97.95723,30.27191],[-97.95731,30.27197],[-97.9574,30.27203],[-97.95753,30.27211],[-97.95766,30.27218],[-97.95779,30.27224],[-97.95789,30.27229],[-97.95806,30.27237],[-97.95813,30.27241],[-97.95828,30.27247],[-97.95853,30.27258],[-97.95888,30.27273],[-97.95908,30.27282],[-97.95913,30.27284],[-97.95917,30.27285],[-97.95918,30.27285],[-97.95921,30.27286],[-97.95923,30.27287],[-97.95926,30.27287],[-97.95928,30.27288],[-97.95931,30.27288],[-97.95935,30.27289],[-97.95938,30.27289],[-97.95941,30.27289],[-97.95945,30.27289],[-97.95953,30.27289],[-97.95959,30.27289],[-97.95965,30.27289],[-97.95969,30.27289],[-97.95975,30.2729],[-97.95978,30.2729],[-97.95981,30.27291],[-97.95983,30.27292],[-97.95986,30.27293],[-97.95987,30.27294],[-97.95988,30.27295],[-97.95993,30.27299],[-97.96,30.27305],[-97.96006,30.2731],[-97.96008,30.27313],[-97.96017,30.27324],[-97.96029,30.27341],[-97.96031,30.27344]]},"properties":{"name":"Barton Creek","creek_type":"NATURAL_UNCLASSIFIED","reach_id":null,"watershed":"BAR","feature_kind":"waterway","source":"City of Austin Watershed Protection creek centerlines","retrieved_at":"2026-09-29T00:26:18.548370+00:00","access_claim":"none"}},{"type":"Feature","id":"coa-creek/2364776","geometry":{"type":"LineString","coordinates":[[-97.9003,30.29413],[-97.90037,30.29406],[-97.90066,30.29376],[-97.90087,30.29356],[-97.90115,30.29329],[-97.90138,30.2931]]},"properties":{"name":"Barton Creek","creek_type":"NATURAL_ALLUVIAL","reach_id":"BAR-9","watershed":"BAR","feature_kind":"waterway","source":"City of Austin Watershed Protection creek centerlines","retrieved_at":"2026-09-29T00:26:18.548370+00:00","access_claim":"none"}},{"type":"Feature","id":"coa-creek/2359733","geometry":{"type":"LineString","coordinates":[[-97.78652,30.14031],[-97.78668,30.14053],[-97.78669,30.14055],[-97.78678,30.14066],[-97.78703,30.141],[-97.78717,30.14126],[-97.78723,30.14147],[-97.78723,30.1416],[-97.78722,30.14164],[-97.78721,30.14167],[-97.7872,30.1417],[-97.78719,30.14175],[-97.78709,30.14193],[-97.78684,30.14221],[-97.78672,30.14236],[-97.78663,30.14247],[-97.78644,30.14276],[-97.78626,30.14295],[-97.78616,30.14301],[-97.78608,30.14304],[-97.78598,30.14305],[-97.78586,30.14304],[-97.7857,30.143],[-97.78553,30.14292],[-97.78539,30.14287],[-97.78519,30.14284],[-97.78499,30.14287],[-97.78484,30.14293],[-97.78469,30.14304],[-97.78466,30.14308],[-97.78431,30.14327],[-97.78407,30.14342],[-97.78384,30.14356],[-97.78369,30.14369]]},"properties":{"name":"Onion Creek","creek_type":"NATURAL_ROCKBED","reach_id":"ONI-9","watershed":"ONI","feature_kind":"waterway","source":"City of Austin Watershed Protection creek centerlines","retrieved_at":"2026-09-29T00:26:18.548370+00:00","access_claim":"none"}},{"type":"Feature","id":"coa-creek/2364180","geometry":{"type":"LineString","coordinates":[[-97.6699,30.16906],[-97.66989,30.16906],[-97.66984,30.16907],[-97.66977,30.16906],[-97.6697,30.16905],[-97.66962,30.16903],[-97.66937,30.16898],[-97.66914,30.16895],[-97.66906,30.16896],[-97.66884,30.16895]]},"properties":{"name":"Onion Creek","creek_type":"NATURAL_ALLUVIAL","reach_id":"ONI-2","watershed":"ONI","feature_kind":"waterway","source":"City of Austin Watershed Protection creek centerlines","retrieved_at":"2026-09-29T00:26:18.548370+00:00","access_claim":"none"}},{"type":"Feature","id":"coa-creek/2354542","geometry":{"type":"LineString","coordinates":[[-97.66128,30.37081],[-97.66153,30.3708],[-97.66168,30.37077],[-97.66181,30.37076]]},"properties":{"name":"Walnut Creek","creek_type":"NATURAL_ROCKBED","reach_id":"WLN-8","watershed":"WLN","feature_kind":"waterway","source":"City of Austin Watershed Protection creek centerlines","retrieved_at":"2026-09-29T00:26:18.548370+00:00","access_claim":"none"}},{"type":"Feature","id":"coa-creek/2361774","geometry":{"type":"LineString","coordinates":[[-97.73536,30.38171],[-97.73538,30.38151],[-97.73539,30.3813]]},"properties":{"name":"Shoal Creek","creek_type":"UNDERGROUND_CULVERT","reach_id":null,"watershed":"SHL","feature_kind":"waterway","source":"City of Austin Watershed Protection creek centerlines","retrieved_at":"2026-09-29T00:26:18.548370+00:00","access_claim":"none"}},{"type":"Feature","id":"coa-creek/2330425","geometry":{"type":"LineString","coordinates":[[-97.9449,30.27602],[-97.94489,30.27602],[-97.94483,30.27598],[-97.9448,30.27596],[-97.94478,30.27595],[-97.94477,30.27594],[-97.94476,30.27593]]},"properties":{"name":"Barton Creek","creek_type":"NATURAL_UNCLASSIFIED","reach_id":null,"watershed":"BAR","feature_kind":"waterway","source":"City of Austin Watershed Protection creek centerlines","retrieved_at":"2026-09-29T00:26:18.548370+00:00","access_claim":"none"}},{"type":"Feature","id":"coa-creek/2365988","geometry":{"type":"LineString","coordinates":[[-97.95258,30.27599],[-97.95238,30.27596],[-97.95235,30.27595],[-97.95229,30.27593],[-97.95227,30.27593],[-97.95227,30.27593],[-97.95226,30.27592],[-97.95224,30.27591],[-97.95221,30.2759],[-97.95217,30.27587]]},"properties":{"name":"Barton Creek","creek_type":"ALTERED_EARTHEN","reach_id":null,"watershed":"BAR","feature_kind":"waterway","source":"City of Austin Watershed Protection creek centerlines","retrieved_at":"2026-09-29T00:26:18.548370+00:00","access_claim":"none"}},{"type":"Feature","id":"coa-creek/2372928","geometry":{"type":"LineString","coordinates":[[-97.87624,30.2383],[-97.87618,30.2383],[-97.87609,30.23831],[-97.87604,30.23831],[-97.87595,30.23829],[-97.87586,30.23827],[-97.87581,30.23826],[-97.87577,30.23825],[-97.87573,30.23823],[-97.8757,30.23821],[-97.87565,30.23819],[-97.8756,30.23818],[-97.87554,30.23816],[-97.87547,30.23814],[-97.87542,30.23812],[-97.87536,30.2381],[-97.8753,30.23807],[-97.87527,30.23803],[-97.87521,30.23798],[-97.87517,30.23794],[-97.87507,30.23785],[-97.87502,30.23781],[-97.87497,30.23775],[-97.87493,30.23771],[-97.87489,30.23764],[-97.87486,30.23759]]},"properties":{"name":"Williamson Creek","creek_type":"NATURAL_ROCKBED","reach_id":"WMS-13","watershed":"WMS","feature_kind":"waterway","source":"City of Austin Watershed Protection creek centerlines","retrieved_at":"2026-09-29T00:26:18.548370+00:00","access_claim":"none"}},{"type":"Feature","id":"coa-creek/2375923","geometry":{"type":"LineString","coordinates":[[-97.73518,30.3809],[-97.73515,30.38089],[-97.73511,30.38088],[-97.73506,30.38086],[-97.73502,30.38083]]},"properties":{"name":"Shoal Creek","creek_type":"NATURAL_ROCKBED","reach_id":null,"watershed":"SHL","feature_kind":"waterway","source":"City of Austin Watershed Protection creek centerlines","retrieved_at":"2026-09-29T00:26:18.548370+00:00","access_claim":"none"}},{"type":"Feature","id":"coa-creek/2335967","geometry":{"type":"LineString","coordinates":[[-97.80276,30.22206],[-97.80263,30.22208],[-97.80254,30.22209],[-97.80244,30.22214],[-97.80237,30.22218],[-97.80228,30.22223],[-97.80219,30.22227],[-97.80212,30.22234],[-97.80201,30.2224],[-97.80192,30.22244],[-97.80182,30.22248],[-97.80172,30.22252],[-97.80149,30.22258],[-97.8014,30.2226],[-97.80129,30.22265],[-97.8012,30.22269],[-97.8011,30.22273],[-97.80105,30.22276],[-97.80099,30.22279],[-97.80088,30.22281],[-97.80079,30.22282],[-97.80072,30.22282],[-97.80065,30.22282],[-97.80056,30.22279],[-97.80048,30.22275],[-97.8004,30.2227],[-97.80032,30.22267]]},"properties":{"name":"Williamson Creek","creek_type":"NATURAL_ALLUVIAL","reach_id":"WMS-10","watershed":"WMS","feature_kind":"waterway","source":"City of Austin Watershed Protection creek centerlines","retrieved_at":"2026-09-29T00:26:18.548370+00:00","access_claim":"none"}},{"type":"Feature","id":"coa-creek/2354729","geometry":{"type":"LineString","coordinates":[[-97.73512,30.38046],[-97.73519,30.38031],[-97.73524,30.38014],[-97.73527,30.38],[-97.7353,30.3799],[-97.73531,30.3798],[-97.73532,30.37968],[-97.73533,30.37961],[-97.73535,30.37953],[-97.73535,30.37945],[-97.73534,30.37937],[-97.73533,30.37932],[-97.73532,30.37928],[-97.73529,30.37923],[-97.73528,30.37921],[-97.73527,30.37919],[-97.73525,30.37916],[-97.73518,30.37908],[-97.73512,30.37902],[-97.73508,30.37899],[-97.73506,30.37898],[-97.73503,30.37896],[-97.73495,30.37894],[-97.73489,30.37894],[-97.73482,30.37894],[-97.73478,30.37895],[-97.73472,30.37896],[-97.73469,30.37897]]},"properties":{"name":"Shoal Creek","creek_type":"POND","reach_id":null,"watershed":"SHL","feature_kind":"waterway","source":"City of Austin Watershed Protection creek centerlines","retrieved_at":"2026-09-29T00:26:18.548370+00:00","access_claim":"none"}},{"type":"Feature","id":"coa-creek/2320758","geometry":{"type":"MultiLineString","coordinates":[[[-97.74486,30.24761],[-97.74488,30.24763],[-97.7449,30.24767],[-97.7449,30.2477],[-97.74488,30.24776],[-97.74483,30.24782],[-97.74478,30.24788],[-97.74468,30.24793],[-97.7446,30.24799],[-97.74452,30.24804],[-97.74435,30.24817],[-97.74434,30.24818],[-97.74432,30.24821],[-97.7443,30.24825],[-97.74426,30.24831],[-97.74421,30.24836],[-97.74411,30.24842],[-97.74401,30.24849],[-97.74394,30.24853]],[[-97.74394,30.24853],[-97.74393,30.24854],[-97.74392,30.24855],[-97.74391,30.24855],[-97.7439,30.24856],[-97.74389,30.24856],[-97.74388,30.24856],[-97.74386,30.24856],[-97.74385,30.24856],[-97.74384,30.24856],[-97.74383,30.24856],[-97.74382,30.24856],[-97.7438,30.24856]],[[-97.7438,30.24856],[-97.7437,30.24852],[-97.74363,30.24846],[-97.74349,30.24843],[-97.74342,30.24841],[-97.74334,30.24838],[-97.7433,30.24837],[-97.74321,30.24836],[-97.7431,30.24835],[-97.74305,30.24835],[-97.74294,30.24833],[-97.74284,30.24833],[-97.74276,30.24834],[-97.74264,30.24833],[-97.74254,30.24832],[-97.74244,30.24831],[-97.74234,30.2483],[-97.74226,30.24829],[-97.74221,30.2483],[-97.74218,30.2483],[-97.74214,30.24832],[-97.7421,30.24834],[-97.74208,30.24836],[-97.74207,30.24839],[-97.74207,30.24844],[-97.74207,30.24848],[-97.74208,30.24851],[-97.74211,30.24856],[-97.74212,30.24859],[-97.74214,30.24867],[-97.74216,30.24877],[-97.74217,30.24885],[-97.74218,30.24889],[-97.74218,30.24899],[-97.74219,30.24908],[-97.74217,30.24916],[-97.74212,30.24923],[-97.74208,30.24928],[-97.74202,30.24932],[-97.74197,30.24939],[-97.74194,30.24946],[-97.74189,30.24952],[-97.74182,30.24961],[-97.74179,30.24967],[-97.74174,30.24975],[-97.74171,30.24983],[-97.74162,30.24997],[-97.74157,30.25004],[-97.74153,30.25009],[-97.74151,30.25012],[-97.74139,30.25022],[-97.74132,30.25027],[-97.7413,30.25028],[-97.74127,30.25028],[-97.74121,30.25026],[-97.74118,30.25025],[-97.74115,30.25025],[-97.74111,30.25026],[-97.74106,30.25029],[-97.74103,30.25035],[-97.74102,30.25036],[-97.741,30.25042],[-97.74097,30.25047],[-97.74094,30.25051],[-97.74087,30.25058],[-97.74081,30.25065],[-97.74077,30.2507],[-97.74073,30.25077]]]},"properties":{"name":"Blunn Creek","creek_type":"NATURAL_ALLUVIAL","reach_id":"BLU-1","watershed":"BLU","feature_kind":"waterway","source":"City of Austin Watershed Protection creek centerlines","retrieved_at":"2026-09-29T00:26:18.548370+00:00","access_claim":"none"}},{"type":"Feature","id":"coa-creek/2354168","geometry":{"type":"LineString","coordinates":[[-97.79862,30.22498],[-97.79852,30.22509],[-97.7983,30.22525],[-97.79799,30.22544],[-97.79743,30.22584],[-97.79732,30.22594],[-97.79719,30.22602],[-97.79712,30.22606],[-97.79704,30.2261],[-97.79696,30.22614],[-97.79685,30.22617],[-97.79675,30.22619],[-97.79668,30.22622],[-97.79659,30.22624],[-97.79646,30.22628],[-97.79642,30.2263],[-97.79635,30.22631],[-97.79627,30.22632],[-97.79621,30.22633],[-97.79615,30.22634]]},"properties":{"name":"Williamson Creek","creek_type":"NATURAL_ALLUVIAL","reach_id":"WMS-9","watershed":"WMS","feature_kind":"waterway","source":"City of Austin Watershed Protection creek centerlines","retrieved_at":"2026-09-29T00:26:18.548370+00:00","access_claim":"none"}},{"type":"Feature","id":"coa-creek/2364037","geometry":{"type":"LineString","coordinates":[[-97.92545,30.29633],[-97.92542,30.29633],[-97.9254,30.29633],[-97.92533,30.29632],[-97.9253,30.29632],[-97.92526,30.29631],[-97.92525,30.29631],[-97.92523,30.29631],[-97.92521,30.29631],[-97.92519,30.29631],[-97.92514,30.29632],[-97.92508,30.29632],[-97.92506,30.29633],[-97.92502,30.29633],[-97.925,30.29633],[-97.92495,30.29633],[-97.92492,30.29633],[-97.92488,30.29633],[-97.92469,30.2963],[-97.92467,30.2963],[-97.92465,30.29629],[-97.92464,30.29629],[-97.92462,30.29628],[-97.92461,30.29627],[-97.92458,30.29626]]},"properties":{"name":"Barton Creek","creek_type":"NATURAL_ROCKBED","reach_id":"BAR-10","watershed":"BAR","feature_kind":"waterway","source":"City of Austin Watershed Protection creek centerlines","retrieved_at":"2026-09-29T00:26:18.548370+00:00","access_claim":"none"}},{"type":"Feature","id":"coa-creek/2332133","geometry":{"type":"LineString","coordinates":[[-97.82422,30.4062],[-97.82399,30.40646],[-97.82396,30.4065],[-97.82392,30.40656],[-97.82389,30.40659],[-97.82386,30.40662],[-97.82382,30.40669],[-97.82376,30.40675],[-97.82367,30.4069],[-97.82364,30.407],[-97.82363,30.40704],[-97.82359,30.4071],[-97.82355,30.40715],[-97.82352,30.40723],[-97.82348,30.40732],[-97.82343,30.40742],[-97.82338,30.4075],[-97.82334,30.4076],[-97.82329,30.40768],[-97.82327,30.40772],[-97.82326,30.40789],[-97.82328,30.40795],[-97.82327,30.40801],[-97.8233,30.40808],[-97.82332,30.40816],[-97.82335,30.40826],[-97.82336,30.40829],[-97.82337,30.40833],[-97.82337,30.40838],[-97.82338,30.40841],[-97.82337,30.40846],[-97.82335,30.4085],[-97.82332,30.40855],[-97.82328,30.40858],[-97.82324,30.40864],[-97.82323,30.40867],[-97.82322,30.4087]]},"properties":{"name":"Bull Creek","creek_type":"NATURAL_ROCKBED","reach_id":"BUL-12","watershed":"BUL","feature_kind":"waterway","source":"City of Austin Watershed Protection creek centerlines","retrieved_at":"2026-09-29T00:26:18.548370+00:00","access_claim":"none"}},{"type":"Feature","id":"coa-creek/2346875","geometry":{"type":"LineString","coordinates":[[-97.98506,30.27333],[-97.98506,30.27333],[-97.98498,30.27338],[-97.98497,30.27339],[-97.98495,30.2734],[-97.98493,30.27341],[-97.98491,30.27341],[-97.98489,30.27342],[-97.98484,30.27343],[-97.98479,30.27343],[-97.98477,30.27343],[-97.98474,30.27343],[-97.9847,30.27343],[-97.98465,30.27342],[-97.98461,30.2734],[-97.98458,30.2734],[-97.98452,30.27339],[-97.98449,30.27339],[-97.98445,30.27338],[-97.98441,30.27337],[-97.98438,30.27336],[-97.98436,30.27335],[-97.98426,30.2733],[-97.98421,30.27328],[-97.98416,30.27325],[-97.98404,30.27321],[-97.98393,30.27317],[-97.98391,30.27315],[-97.98388,30.27314],[-97.98385,30.27312],[-97.98383,30.27311],[-97.98381,30.2731],[-97.98374,30.27306],[-97.98367,30.27301],[-97.98356,30.27292],[-97.98352,30.27289],[-97.98348,30.27285],[-97.98342,30.27281],[-97.98331,30.27272],[-97.98326,30.27267],[-97.98318,30.2726],[-97.98307,30.27252],[-97.983,30.27246],[-97.98294,30.27241],[-97.9829,30.27237],[-97.98285,30.27233],[-97.98282,30.2723],[-97.98279,30.27226],[-97.98275,30.27221],[-97.98266,30.2721],[-97.98258,30.27199],[-97.98255,30.27193],[-97.98248,30.27182],[-97.98244,30.27173],[-97.98242,30.27169],[-97.98239,30.27164],[-97.98237,30.27158],[-97.98236,30.27154],[-97.98234,30.27148],[-97.98232,30.27141],[-97.98231,30.27135],[-97.98229,30.27122],[-97.98228,30.27112],[-97.98228,30.27105],[-97.98227,30.27098],[-97.98225,30.27075],[-97.98225,30.27071],[-97.98224,30.27062],[-97.98223,30.27031],[-97.98224,30.27022],[-97.98225,30.27013],[-97.98231,30.26979],[-97.98237,30.26954],[-97.98239,30.26947],[-97.98241,30.26933],[-97.98244,30.26916],[-97.98246,30.26906],[-97.98249,30.26889],[-97.9825,30.26871],[-97.98252,30.2686],[-97.98254,30.26849],[-97.98256,30.2684],[-97.9826,30.26832],[-97.98261,30.2683],[-97.98263,30.26829],[-97.98265,30.26827],[-97.98269,30.26826],[-97.98273,30.26825],[-97.98273,30.26825],[-97.98276,30.26824],[-97.98278,30.26823],[-97.98281,30.26821],[-97.98284,30.26818],[-97.98285,30.26817],[-97.98286,30.26814],[-97.98287,30.2681],[-97.98289,30.26801],[-97.98291,30.2679],[-97.98293,30.26774],[-97.98295,30.26751],[-97.98295,30.26743],[-97.98295,30.26739],[-97.98295,30.26737],[-97.98294,30.26735],[-97.98293,30.26733],[-97.98292,30.26731],[-97.98288,30.26726],[-97.98287,30.26725],[-97.98285,30.26723],[-97.98284,30.2672],[-97.98279,30.26711],[-97.98273,30.26701],[-97.98253,30.26672],[-97.9825,30.26667]]},"properties":{"name":"Barton Creek","creek_type":"NATURAL_UNCLASSIFIED","reach_id":null,"watershed":"BAR","feature_kind":"waterway","source":"City of Austin Watershed Protection creek centerlines","retrieved_at":"2026-09-29T00:26:18.548370+00:00","access_claim":"none"}},{"type":"Feature","id":"coa-creek/2329510","geometry":{"type":"LineString","coordinates":[[-97.74587,30.43757],[-97.74543,30.43763],[-97.74533,30.43764],[-97.7453,30.43764],[-97.74527,30.43765],[-97.74502,30.43773],[-97.74474,30.43781],[-97.74454,30.43785],[-97.74443,30.43787]]},"properties":{"name":"Walnut Creek","creek_type":"POND","reach_id":"WLN-17","watershed":"WLN","feature_kind":"waterway","source":"City of Austin Watershed Protection creek centerlines","retrieved_at":"2026-09-29T00:26:18.548370+00:00","access_claim":"none"}},{"type":"Feature","id":"coa-creek/2360464","geometry":{"type":"LineString","coordinates":[[-97.7774,30.39693],[-97.77731,30.39693],[-97.77727,30.39692],[-97.77723,30.39691],[-97.77718,30.3969],[-97.77714,30.39688],[-97.77709,30.39686],[-97.77701,30.39678],[-97.77694,30.39672],[-97.77688,30.39666],[-97.77683,30.39661],[-97.7768,30.39657],[-97.77676,30.3965],[-97.77666,30.3963],[-97.77664,30.39626],[-97.77663,30.39621],[-97.77661,30.3961],[-97.77658,30.39596],[-97.77656,30.39587],[-97.77655,30.39582]]},"properties":{"name":"Bull Creek","creek_type":"NATURAL_ALLUVIAL","reach_id":"BUL-7","watershed":"BUL","feature_kind":"waterway","source":"City of Austin Watershed Protection creek centerlines","retrieved_at":"2026-09-29T00:26:18.548370+00:00","access_claim":"none"}},{"type":"Feature","id":"coa-creek/2365013","geometry":{"type":"LineString","coordinates":[[-97.88153,30.29436],[-97.88152,30.29443],[-97.88151,30.29464],[-97.8815,30.29472],[-97.88148,30.29484],[-97.88146,30.29492],[-97.88142,30.29502],[-97.88136,30.29519],[-97.88132,30.29539],[-97.88131,30.29545],[-97.8813,30.29553],[-97.88129,30.29556],[-97.88128,30.29559],[-97.88126,30.29562],[-97.88125,30.29565],[-97.88124,30.29566],[-97.88123,30.29568],[-97.88122,30.29569],[-97.88121,30.29571],[-97.8812,30.29572],[-97.88118,30.29575]]},"properties":{"name":"Barton Creek","creek_type":"NATURAL_ALLUVIAL","reach_id":"BAR-8","watershed":"BAR","feature_kind":"waterway","source":"City of Austin Watershed Protection creek centerlines","retrieved_at":"2026-09-29T00:26:18.548370+00:00","access_claim":"none"}},{"type":"Feature","id":"coa-creek/2371704","geometry":{"type":"LineString","coordinates":[[-97.74972,30.33455],[-97.7497,30.33451],[-97.74969,30.33443],[-97.74969,30.33441],[-97.7497,30.33425],[-97.74969,30.33421],[-97.74962,30.33407],[-97.74955,30.33385],[-97.74952,30.33379],[-97.74934,30.33352],[-97.74925,30.33336],[-97.74924,30.33334],[-97.74912,30.33315],[-97.74906,30.33305],[-97.74899,30.33295],[-97.74891,30.33288],[-97.74874,30.33273],[-97.74854,30.33257],[-97.74843,30.33252],[-97.74814,30.33237],[-97.74784,30.33219],[-97.74777,30.33214],[-97.74761,30.33203],[-97.74747,30.33192],[-97.7474,30.33187],[-97.74738,30.33184],[-97.74734,30.33177],[-97.7473,30.33172],[-97.74726,30.33167],[-97.74683,30.33128],[-97.74668,30.33113],[-97.74662,30.33106],[-97.74653,30.33093]]},"properties":{"name":"Shoal Creek","creek_type":"NATURAL_ROCKBED","reach_id":"SHL-10","watershed":"SHL","feature_kind":"waterway","source":"City of Austin Watershed Protection creek centerlines","retrieved_at":"2026-09-29T00:26:18.548370+00:00","access_claim":"none"}},{"type":"Feature","id":"coa-creek/2379648","geometry":{"type":"LineString","coordinates":[[-97.72565,30.1846],[-97.72552,30.18452]]},"properties":{"name":"Onion Creek","creek_type":"NATURAL_ROCKBED","reach_id":"ONI-4","watershed":"ONI","feature_kind":"waterway","source":"City of Austin Watershed Protection creek centerlines","retrieved_at":"2026-09-29T00:26:18.548370+00:00","access_claim":"none"}},{"type":"Feature","id":"coa-creek/2345264","geometry":{"type":"LineString","coordinates":[[-97.91157,30.24413],[-97.91149,30.24418],[-97.91146,30.24419],[-97.91143,30.2442],[-97.9114,30.2442],[-97.91137,30.24421],[-97.91133,30.24422],[-97.91126,30.2442],[-97.91119,30.24417],[-97.91113,30.24415],[-97.91106,30.2441],[-97.91099,30.24405],[-97.91097,30.24404],[-97.91096,30.24402],[-97.91089,30.24394],[-97.91088,30.24393],[-97.91086,30.24392],[-97.91081,30.24389],[-97.91069,30.24382],[-97.91063,30.24379],[-97.91057,30.24373],[-97.91051,30.24369],[-97.91047,30.24367],[-97.91044,30.24363],[-97.9104,30.2436],[-97.91034,30.24356],[-97.9102,30.24341],[-97.91011,30.24335],[-97.91009,30.24333]]},"properties":{"name":"Williamson Creek","creek_type":"NATURAL_UNCLASSIFIED","reach_id":null,"watershed":"WMS","feature_kind":"waterway","source":"City of Austin Watershed Protection creek centerlines","retrieved_at":"2026-09-29T00:26:18.548370+00:00","access_claim":"none"}},{"type":"Feature","id":"coa-creek/2332932","geometry":{"type":"LineString","coordinates":[[-97.78403,30.12914],[-97.78399,30.12918]]},"properties":{"name":"Onion Creek","creek_type":"NATURAL_ROCKBED","reach_id":"ONI-9","watershed":"ONI","feature_kind":"waterway","source":"City of Austin Watershed Protection creek centerlines","retrieved_at":"2026-09-29T00:26:18.548370+00:00","access_claim":"none"}},{"type":"Feature","id":"coa-creek/2354725","geometry":{"type":"LineString","coordinates":[[-97.66181,30.37076],[-97.66189,30.37073],[-97.66192,30.3707],[-97.66198,30.37067],[-97.66203,30.37064],[-97.6621,30.37056],[-97.66218,30.37045],[-97.66227,30.37028],[-97.66239,30.3701],[-97.66249,30.36996],[-97.66259,30.36977],[-97.66268,30.36958],[-97.66277,30.36946],[-97.66292,30.36926],[-97.66301,30.36913],[-97.66311,30.36894],[-97.6632,30.36879],[-97.66326,30.36867],[-97.66329,30.36857],[-97.6633,30.36849],[-97.66331,30.36826],[-97.66329,30.36813],[-97.66325,30.36798],[-97.66316,30.36773],[-97.66309,30.36758],[-97.66305,30.36747],[-97.66301,30.36737],[-97.66294,30.36728],[-97.6629,30.36723]]},"properties":{"name":"Walnut Creek","creek_type":"NATURAL_ROCKBED","reach_id":"WLN-8","watershed":"WLN","feature_kind":"waterway","source":"City of Austin Watershed Protection creek centerlines","retrieved_at":"2026-09-29T00:26:18.548370+00:00","access_claim":"none"}},{"type":"Feature","id":"coa-creek/2330190","geometry":{"type":"LineString","coordinates":[[-97.88316,30.2443],[-97.88295,30.24418],[-97.88288,30.24415],[-97.88271,30.24403],[-97.88256,30.24392],[-97.88218,30.24355],[-97.88193,30.24335],[-97.88176,30.24323],[-97.88172,30.2432],[-97.88159,30.2431],[-97.88153,30.24305],[-97.88148,30.24301],[-97.88146,30.24298],[-97.88142,30.24295],[-97.88139,30.24293],[-97.88135,30.2429],[-97.88129,30.24286],[-97.88122,30.24283],[-97.88106,30.24278],[-97.88097,30.24274],[-97.88093,30.24272],[-97.88087,30.24269]]},"properties":{"name":"Williamson Creek","creek_type":"NATURAL_ROCKBED","reach_id":"WMS-13","watershed":"WMS","feature_kind":"waterway","source":"City of Austin Watershed Protection creek centerlines","retrieved_at":"2026-09-29T00:26:18.548370+00:00","access_claim":"none"}},{"type":"Feature","id":"coa-creek/2364752","geometry":{"type":"LineString","coordinates":[[-97.78692,30.13036],[-97.78681,30.13032]]},"properties":{"name":"Onion Creek","creek_type":"NATURAL_ROCKBED","reach_id":"ONI-9","watershed":"ONI","feature_kind":"waterway","source":"City of Austin Watershed Protection creek centerlines","retrieved_at":"2026-09-29T00:26:18.548370+00:00","access_claim":"none"}},{"type":"Feature","id":"coa-creek/2361815","geometry":{"type":"LineString","coordinates":[[-97.93405,30.28371],[-97.93403,30.28371],[-97.93397,30.28371],[-97.93394,30.28372],[-97.93393,30.28372],[-97.93391,30.28372],[-97.93389,30.28373],[-97.93388,30.28374],[-97.93385,30.28376],[-97.9338,30.28382],[-97.93379,30.28383],[-97.93376,30.28385],[-97.93374,30.28387],[-97.93369,30.2839],[-97.93365,30.28393],[-97.9336,30.28395],[-97.93359,30.28397],[-97.93357,30.28398],[-97.93356,30.284],[-97.93355,30.28403],[-97.93352,30.28408],[-97.93349,30.28412],[-97.93343,30.28419],[-97.93339,30.28424],[-97.93334,30.28427],[-97.93331,30.28429],[-97.93325,30.28433],[-97.9332,30.28437],[-97.93317,30.28439],[-97.93316,30.28439],[-97.93313,30.28441],[-97.93311,30.28442],[-97.93308,30.28444],[-97.93299,30.28448],[-97.93298,30.28448],[-97.93289,30.28451]]},"properties":{"name":"Barton Creek","creek_type":"NATURAL_UNCLASSIFIED","reach_id":null,"watershed":"BAR","feature_kind":"waterway","source":"City of Austin Watershed Protection creek centerlines","retrieved_at":"2026-09-29T00:26:18.548370+00:00","access_claim":"none"}},{"type":"Feature","id":"coa-creek/2358779","geometry":{"type":"LineString","coordinates":[[-97.85049,30.28573],[-97.85049,30.28572],[-97.85051,30.28571],[-97.85053,30.2857],[-97.85054,30.2857]]},"properties":{"name":"Barton Creek","creek_type":"NATURAL_ROCKBED","reach_id":"BAR-7","watershed":"BAR","feature_kind":"waterway","source":"City of Austin Watershed Protection creek centerlines","retrieved_at":"2026-09-29T00:26:18.548370+00:00","access_claim":"none"}},{"type":"Feature","id":"coa-creek/2381933","geometry":{"type":"LineString","coordinates":[[-97.84862,30.27917],[-97.8486,30.27917],[-97.84857,30.27916],[-97.84847,30.27914],[-97.84844,30.27914],[-97.84841,30.27913],[-97.84839,30.27912],[-97.84836,30.27911],[-97.84833,30.2791],[-97.84829,30.27907],[-97.84815,30.27899],[-97.84811,30.27896],[-97.84803,30.27889],[-97.84799,30.27886],[-97.8479,30.27876],[-97.84785,30.27871],[-97.84782,30.27867],[-97.8478,30.27864],[-97.84778,30.27863],[-97.84775,30.2786],[-97.84769,30.27856],[-97.84766,30.27853],[-97.84761,30.27849],[-97.84755,30.27843],[-97.84753,30.27841],[-97.84733,30.27817],[-97.84724,30.27805],[-97.8471,30.27788],[-97.84706,30.27783],[-97.84694,30.27774],[-97.84693,30.27774],[-97.84685,30.27768],[-97.84676,30.2776],[-97.84669,30.27755],[-97.84663,30.27749],[-97.84658,30.27743],[-97.84656,30.27741],[-97.84653,30.27738],[-97.84649,30.27732],[-97.84648,30.2773],[-97.84645,30.27725],[-97.84641,30.27718],[-97.84639,30.27713],[-97.84637,30.27708],[-97.84637,30.27706],[-97.84634,30.27691],[-97.84632,30.27685],[-97.8463,30.2768],[-97.84628,30.27677],[-97.84621,30.27664],[-97.8462,30.27662],[-97.8462,30.27661],[-97.84611,30.27642],[-97.84604,30.27624],[-97.84593,30.27602],[-97.84588,30.27594],[-97.84582,30.27586],[-97.84576,30.27578],[-97.84568,30.2757],[-97.84565,30.27567],[-97.84562,30.27564],[-97.84557,30.27559],[-97.84555,30.27556],[-97.84553,30.27553]]},"properties":{"name":"Barton Creek","creek_type":"NATURAL_ROCKBED","reach_id":"BAR-7","watershed":"BAR","feature_kind":"waterway","source":"City of Austin Watershed Protection creek centerlines","retrieved_at":"2026-09-29T00:26:18.548370+00:00","access_claim":"none"}},{"type":"Feature","id":"coa-creek/2329618","geometry":{"type":"LineString","coordinates":[[-97.8079,30.22186],[-97.80775,30.22183],[-97.80764,30.22184],[-97.80752,30.22187],[-97.80737,30.22191],[-97.80727,30.22194],[-97.80715,30.22196],[-97.80701,30.22197],[-97.80688,30.22195],[-97.80671,30.2219],[-97.80659,30.22187],[-97.80649,30.22185]]},"properties":{"name":"Williamson Creek","creek_type":"NATURAL_ALLUVIAL","reach_id":"WMS-10","watershed":"WMS","feature_kind":"waterway","source":"City of Austin Watershed Protection creek centerlines","retrieved_at":"2026-09-29T00:26:18.548370+00:00","access_claim":"none"}},{"type":"Feature","id":"coa-creek/2358077","geometry":{"type":"LineString","coordinates":[[-97.78545,30.12957],[-97.78516,30.12942],[-97.78497,30.12933],[-97.7847,30.12925],[-97.78449,30.1292],[-97.78403,30.12914]]},"properties":{"name":"Onion Creek","creek_type":"NATURAL_ROCKBED","reach_id":"ONI-9","watershed":"ONI","feature_kind":"waterway","source":"City of Austin Watershed Protection creek centerlines","retrieved_at":"2026-09-29T00:26:18.548370+00:00","access_claim":"none"}},{"type":"Feature","id":"coa-creek/2319639","geometry":{"type":"MultiLineString","coordinates":[[[-97.74982,30.22586],[-97.74966,30.2259],[-97.74954,30.226],[-97.74945,30.22615],[-97.74941,30.22619],[-97.74935,30.22625],[-97.74928,30.2263],[-97.74926,30.22634],[-97.74923,30.2264],[-97.74918,30.22647],[-97.74911,30.22659],[-97.7491,30.2266],[-97.74908,30.22666],[-97.74908,30.22671],[-97.74907,30.22674],[-97.74905,30.22678],[-97.74901,30.22686],[-97.74891,30.22698],[-97.7488,30.22708],[-97.74874,30.22716],[-97.74869,30.22723],[-97.74862,30.22728],[-97.74857,30.22728],[-97.74848,30.22725],[-97.74841,30.22724]],[[-97.74841,30.22724],[-97.7484,30.22725],[-97.74839,30.22725],[-97.74838,30.22726],[-97.74838,30.22727],[-97.74837,30.22727],[-97.74836,30.22728],[-97.74835,30.22729]],[[-97.74835,30.22729],[-97.74834,30.2273],[-97.74832,30.22731],[-97.74831,30.22732],[-97.7483,30.22734],[-97.74829,30.22735]],[[-97.74829,30.22735],[-97.74829,30.22736],[-97.74828,30.22736],[-97.74828,30.22737],[-97.74828,30.22737],[-97.74828,30.22738],[-97.74828,30.22739],[-97.74828,30.22739],[-97.74828,30.2274],[-97.74829,30.2274]],[[-97.74829,30.2274],[-97.74831,30.22743],[-97.74834,30.22745],[-97.74837,30.22748],[-97.7484,30.2275],[-97.74843,30.22751]],[[-97.74843,30.22751],[-97.74848,30.22752],[-97.74852,30.22753],[-97.74856,30.22754]],[[-97.74856,30.22754],[-97.74857,30.22754],[-97.74858,30.22754],[-97.74858,30.22755],[-97.74859,30.22755],[-97.7486,30.22755],[-97.7486,30.22756]],[[-97.7486,30.22756],[-97.7486,30.22756],[-97.74861,30.22757],[-97.74861,30.22757],[-97.74861,30.22758]],[[-97.74861,30.22758],[-97.74861,30.22759],[-97.74861,30.2276],[-97.74861,30.22761]],[[-97.74861,30.22761],[-97.74861,30.22761],[-97.74861,30.22762],[-97.7486,30.22762],[-97.7486,30.22763],[-97.74859,30.22763]],[[-97.74859,30.22763],[-97.74858,30.22765],[-97.74858,30.22766],[-97.74857,30.22767]],[[-97.74857,30.22767],[-97.74855,30.22772],[-97.74853,30.22774],[-97.74846,30.22779],[-97.74844,30.22782],[-97.7484,30.22785],[-97.74832,30.22787],[-97.74826,30.22788],[-97.74821,30.22792],[-97.74816,30.22794],[-97.74813,30.22796],[-97.74809,30.22798],[-97.74802,30.22801],[-97.74797,30.22801],[-97.74793,30.22804],[-97.7479,30.22807],[-97.74788,30.22809],[-97.74785,30.22813],[-97.74782,30.22817],[-97.7478,30.22819],[-97.74779,30.22821],[-97.74778,30.22823],[-97.74776,30.22826],[-97.74775,30.22829],[-97.74775,30.22832],[-97.74775,30.22835],[-97.74776,30.22836],[-97.74776,30.22838],[-97.74776,30.2284],[-97.74775,30.22844],[-97.74773,30.22847],[-97.74772,30.22849],[-97.74769,30.22851],[-97.74767,30.22852],[-97.74763,30.22852],[-97.74758,30.22851]]]},"properties":{"name":"Blunn Creek","creek_type":"NATURAL_ALLUVIAL","reach_id":"BLU-5","watershed":"BLU","feature_kind":"waterway","source":"City of Austin Watershed Protection creek centerlines","retrieved_at":"2026-09-29T00:26:18.548370+00:00","access_claim":"none"}},{"type":"Feature","id":"coa-creek/2363407","geometry":{"type":"LineString","coordinates":[[-97.88803,30.29394],[-97.888,30.29387],[-97.88795,30.29377],[-97.8879,30.29369],[-97.88784,30.29359],[-97.8878,30.29353],[-97.88778,30.29349],[-97.88773,30.29338],[-97.88769,30.29331],[-97.88763,30.29322],[-97.8876,30.29316],[-97.88754,30.29306],[-97.8875,30.29298],[-97.88746,30.29292],[-97.88741,30.29282],[-97.88737,30.29275],[-97.88733,30.29265],[-97.8873,30.29258],[-97.88729,30.29256]]},"properties":{"name":"Barton Creek","creek_type":"NATURAL_ALLUVIAL","reach_id":"BAR-9","watershed":"BAR","feature_kind":"waterway","source":"City of Austin Watershed Protection creek centerlines","retrieved_at":"2026-09-29T00:26:18.548370+00:00","access_claim":"none"}},{"type":"Feature","id":"coa-creek/2375900","geometry":{"type":"LineString","coordinates":[[-97.64957,30.32793],[-97.64958,30.32792],[-97.64959,30.32792]]},"properties":{"name":"Walnut Creek","creek_type":"NATURAL_ALLUVIAL","reach_id":"WLN-4","watershed":"WLN","feature_kind":"waterway","source":"City of Austin Watershed Protection creek centerlines","retrieved_at":"2026-09-29T00:26:18.548370+00:00","access_claim":"none"}},{"type":"Feature","id":"coa-creek/2320604","geometry":{"type":"LineString","coordinates":[[-97.85769,30.23403],[-97.85744,30.2339],[-97.85712,30.23378],[-97.85652,30.23355],[-97.85621,30.23336],[-97.85607,30.23321],[-97.85577,30.233],[-97.85564,30.2329],[-97.85543,30.2327],[-97.85503,30.23242],[-97.85496,30.23235],[-97.85487,30.2323],[-97.85483,30.23224],[-97.85479,30.23212],[-97.85476,30.23199],[-97.85473,30.23192]]},"properties":{"name":"Williamson Creek","creek_type":"NATURAL_ROCKBED","reach_id":"WMS-11","watershed":"WMS","feature_kind":"waterway","source":"City of Austin Watershed Protection creek centerlines","retrieved_at":"2026-09-29T00:26:18.548370+00:00","access_claim":"none"}},{"type":"Feature","id":"coa-creek/2358772","geometry":{"type":"LineString","coordinates":[[-97.85386,30.30442],[-97.85378,30.30433],[-97.85373,30.30428],[-97.85364,30.30421],[-97.8536,30.30418],[-97.85357,30.30415],[-97.85354,30.30412],[-97.85345,30.30399],[-97.85333,30.30384],[-97.85323,30.30366],[-97.8532,30.3036],[-97.85318,30.30356],[-97.85316,30.30352],[-97.85313,30.30346],[-97.85312,30.30343],[-97.8531,30.30338],[-97.85308,30.30333],[-97.85307,30.30331],[-97.85306,30.30325],[-97.85305,30.30323],[-97.85304,30.30318],[-97.85304,30.30316],[-97.85303,30.30314],[-97.85303,30.30313],[-97.85302,30.30311],[-97.85299,30.30306],[-97.85295,30.30298],[-97.85293,30.30296],[-97.85292,30.30292],[-97.85291,30.30291],[-97.85291,30.3029],[-97.8529,30.30288],[-97.8529,30.30287],[-97.85289,30.30284],[-97.85289,30.3028],[-97.85289,30.30278],[-97.85289,30.30276],[-97.8529,30.30272],[-97.8529,30.3027],[-97.85291,30.30269],[-97.85292,30.30266],[-97.85294,30.30263],[-97.85302,30.30253],[-97.85303,30.30251],[-97.85307,30.30243],[-97.85309,30.30238],[-97.85311,30.30231],[-97.85313,30.30225],[-97.85314,30.30221],[-97.85315,30.30219],[-97.85315,30.30216],[-97.85315,30.30215],[-97.85316,30.30211],[-97.85316,30.30209],[-97.85316,30.30206],[-97.85316,30.30202],[-97.85316,30.30198],[-97.85314,30.30189],[-97.85311,30.30172],[-97.85309,30.30158],[-97.85308,30.30153],[-97.85307,30.30147],[-97.85305,30.30133],[-97.85305,30.30127],[-97.85304,30.30121],[-97.85304,30.30113],[-97.85303,30.30103],[-97.85301,30.3009],[-97.85299,30.30079],[-97.85297,30.3007],[-97.85296,30.30068],[-97.85295,30.30064],[-97.85293,30.30062],[-97.85292,30.30059],[-97.85289,30.30057],[-97.85284,30.30053],[-97.85279,30.30049],[-97.85278,30.30047],[-97.85276,30.30046],[-97.85275,30.30045],[-97.85274,30.30042],[-97.85273,30.3004],[-97.85272,30.30037],[-97.85271,30.30035],[-97.85269,30.30027],[-97.85268,30.30023],[-97.85267,30.30016],[-97.85267,30.30012],[-97.85266,30.30003],[-97.85266,30.29997],[-97.85266,30.29979],[-97.85266,30.29976],[-97.85266,30.29968],[-97.85265,30.29961],[-97.85264,30.2995],[-97.85263,30.29941],[-97.85262,30.29936],[-97.8526,30.2992],[-97.85259,30.29911],[-97.85257,30.29899],[-97.85255,30.29886],[-97.85253,30.29875],[-97.85252,30.29863],[-97.85251,30.29842],[-97.85251,30.2984],[-97.85251,30.29834],[-97.8525,30.29828],[-97.8525,30.29823],[-97.85249,30.29819],[-97.85248,30.29817],[-97.85247,30.29811],[-97.85246,30.29809],[-97.85245,30.29805],[-97.85245,30.298],[-97.85245,30.29798],[-97.85246,30.29793],[-97.85247,30.29791],[-97.85248,30.29786],[-97.85248,30.29783],[-97.85247,30.29781],[-97.85246,30.29778],[-97.85243,30.29773],[-97.85238,30.29763],[-97.85235,30.29759],[-97.85231,30.29752],[-97.8523,30.29751],[-97.85226,30.29741],[-97.85221,30.29728],[-97.85217,30.29718],[-97.85216,30.29714],[-97.85214,30.29708],[-97.85213,30.29703],[-97.85209,30.29688],[-97.85204,30.29668],[-97.85202,30.29657],[-97.852,30.2965],[-97.85197,30.29644],[-97.85195,30.29639],[-97.85192,30.29629],[-97.85187,30.29612],[-97.85184,30.29603],[-97.85184,30.29601],[-97.85183,30.29597],[-97.85183,30.29595],[-97.85183,30.29593],[-97.85183,30.29589],[-97.85183,30.29586],[-97.85184,30.29583]]},"properties":{"name":"Barton Creek","creek_type":"NATURAL_ROCKBED","reach_id":"BAR-7","watershed":"BAR","feature_kind":"waterway","source":"City of Austin Watershed Protection creek centerlines","retrieved_at":"2026-09-29T00:26:18.548370+00:00","access_claim":"none"}},{"type":"Feature","id":"coa-creek/2337151","geometry":{"type":"LineString","coordinates":[[-97.68163,30.17505],[-97.68139,30.17503],[-97.68114,30.17501],[-97.68089,30.17498],[-97.68074,30.17498],[-97.68073,30.17498]]},"properties":{"name":"Onion Creek","creek_type":"NATURAL_UNCLASSIFIED","reach_id":"ONI-2","watershed":"ONI","feature_kind":"waterway","source":"City of Austin Watershed Protection creek centerlines","retrieved_at":"2026-09-29T00:26:18.548370+00:00","access_claim":"none"}},{"type":"Feature","id":"coa-creek/2320875","geometry":{"type":"LineString","coordinates":[[-97.66604,30.16914],[-97.66599,30.16915],[-97.66574,30.16918],[-97.66566,30.1692],[-97.66549,30.16925],[-97.66536,30.16929],[-97.66522,30.16932],[-97.66512,30.16934],[-97.66501,30.16935],[-97.66488,30.16935],[-97.66476,30.16935],[-97.66472,30.16934]]},"properties":{"name":"Onion Creek","creek_type":"NATURAL_ALLUVIAL","reach_id":"ONI-1","watershed":"ONI","feature_kind":"waterway","source":"City of Austin Watershed Protection creek centerlines","retrieved_at":"2026-09-29T00:26:18.548370+00:00","access_claim":"none"}},{"type":"Feature","id":"coa-creek/2363520","geometry":{"type":"LineString","coordinates":[[-97.73943,30.35765],[-97.73941,30.35756],[-97.73941,30.3575],[-97.7394,30.35745],[-97.73936,30.35741],[-97.73934,30.35735],[-97.73928,30.35716],[-97.73925,30.35702],[-97.73923,30.35686],[-97.7392,30.35673],[-97.73915,30.35653],[-97.73914,30.35648],[-97.73914,30.35646],[-97.73914,30.35644],[-97.73916,30.3564],[-97.73917,30.35633],[-97.73915,30.35622],[-97.73911,30.3561],[-97.73911,30.35608],[-97.73904,30.35595],[-97.73896,30.35582],[-97.73885,30.35566],[-97.73876,30.35553],[-97.73868,30.35538],[-97.73864,30.35532],[-97.73862,30.35527],[-97.73862,30.35526],[-97.73862,30.35524],[-97.73859,30.35516],[-97.73856,30.35491],[-97.73855,30.3548]]},"properties":{"name":"Shoal Creek","creek_type":"NATURAL_ROCKBED","reach_id":"SHL-13","watershed":"SHL","feature_kind":"waterway","source":"City of Austin Watershed Protection creek centerlines","retrieved_at":"2026-09-29T00:26:18.548370+00:00","access_claim":"none"}},{"type":"Feature","id":"coa-creek/2330090","geometry":{"type":"LineString","coordinates":[[-97.89595,30.24772],[-97.89584,30.24772],[-97.8958,30.24772],[-97.89569,30.24772],[-97.89562,30.24772],[-97.89555,30.24771],[-97.89548,30.24772],[-97.8954,30.24772],[-97.89534,30.24771],[-97.89529,30.2477],[-97.89523,30.2477],[-97.89517,30.24776],[-97.89511,30.2478],[-97.89499,30.24784],[-97.89486,30.24787],[-97.89472,30.24787],[-97.89461,30.24788],[-97.89448,30.24787],[-97.89436,30.24784],[-97.89423,30.24782],[-97.89412,30.2478],[-97.89402,30.2478],[-97.89382,30.24779],[-97.89373,30.24776],[-97.89368,30.24774]]},"properties":{"name":"Williamson Creek","creek_type":"NATURAL_UNCLASSIFIED","reach_id":null,"watershed":"WMS","feature_kind":"waterway","source":"City of Austin Watershed Protection creek centerlines","retrieved_at":"2026-09-29T00:26:18.548370+00:00","access_claim":"none"}},{"type":"Feature","id":"coa-creek/2339745","geometry":{"type":"LineString","coordinates":[[-97.80811,30.41909],[-97.80779,30.41911],[-97.80755,30.41906],[-97.80698,30.4189],[-97.80664,30.41883],[-97.80643,30.41881]]},"properties":{"name":"Bull Creek","creek_type":"NATURAL_ROCKBED","reach_id":"BUL-10","watershed":"BUL","feature_kind":"waterway","source":"City of Austin Watershed Protection creek centerlines","retrieved_at":"2026-09-29T00:26:18.548370+00:00","access_claim":"none"}},{"type":"Feature","id":"coa-creek/2387015","geometry":{"type":"LineString","coordinates":[[-97.79701,30.41935],[-97.7969,30.41941],[-97.79678,30.4195]]},"properties":{"name":"Bull Creek","creek_type":"NATURAL_ROCKBED","reach_id":"BUL-10","watershed":"BUL","feature_kind":"waterway","source":"City of Austin Watershed Protection creek centerlines","retrieved_at":"2026-09-29T00:26:18.548370+00:00","access_claim":"none"}},{"type":"Feature","id":"coa-creek/2363976","geometry":{"type":"LineString","coordinates":[[-97.82841,30.26989],[-97.82824,30.26989],[-97.82798,30.26988],[-97.82772,30.26988],[-97.82754,30.26988],[-97.82709,30.26991],[-97.82687,30.26994],[-97.82676,30.26995],[-97.8266,30.26998],[-97.82654,30.26999],[-97.82642,30.27],[-97.82632,30.26999],[-97.82604,30.26996],[-97.82582,30.26994],[-97.8256,30.26991],[-97.82553,30.26989],[-97.82526,30.26982],[-97.8252,30.26981],[-97.82517,30.2698],[-97.82513,30.26978],[-97.82511,30.26977],[-97.82506,30.26975],[-97.82504,30.26974],[-97.82501,30.26971],[-97.82496,30.26968],[-97.82493,30.26965],[-97.8249,30.26962],[-97.82487,30.26958],[-97.82471,30.26939],[-97.82442,30.26898],[-97.82439,30.26894],[-97.82424,30.26868],[-97.82409,30.26838],[-97.82397,30.26817],[-97.8239,30.26801],[-97.82385,30.26787],[-97.82382,30.26777],[-97.82375,30.26747]]},"properties":{"name":"Barton Creek","creek_type":"NATURAL_ROCKBED","reach_id":"BAR-6","watershed":"BAR","feature_kind":"waterway","source":"City of Austin Watershed Protection creek centerlines","retrieved_at":"2026-09-29T00:26:18.548370+00:00","access_claim":"none"}},{"type":"Feature","id":"coa-creek/2386885","geometry":{"type":"LineString","coordinates":[[-97.94633,30.27666],[-97.94619,30.27662],[-97.94612,30.2766],[-97.94601,30.27657],[-97.94598,30.27655],[-97.94592,30.27653],[-97.94585,30.27651],[-97.94578,30.27648],[-97.94567,30.27643],[-97.9456,30.2764],[-97.94549,30.27634],[-97.9454,30.2763],[-97.94528,30.27624],[-97.9452,30.2762],[-97.94504,30.2761],[-97.94496,30.27606],[-97.9449,30.27602]]},"properties":{"name":"Barton Creek","creek_type":"NATURAL_UNCLASSIFIED","reach_id":null,"watershed":"BAR","feature_kind":"waterway","source":"City of Austin Watershed Protection creek centerlines","retrieved_at":"2026-09-29T00:26:18.548370+00:00","access_claim":"none"}},{"type":"Feature","id":"coa-creek/2328954","geometry":{"type":"LineString","coordinates":[[-97.77036,30.38264],[-97.77037,30.38258]]},"properties":{"name":"Bull Creek","creek_type":"NATURAL_ROCKBED","reach_id":"BUL-6","watershed":"BUL","feature_kind":"waterway","source":"City of Austin Watershed Protection creek centerlines","retrieved_at":"2026-09-29T00:26:18.548370+00:00","access_claim":"none"}},{"type":"Feature","id":"coa-creek/2329837","geometry":{"type":"LineString","coordinates":[[-97.83239,30.39957],[-97.83236,30.39963],[-97.83234,30.3997],[-97.83232,30.39975],[-97.8323,30.39979],[-97.83224,30.39987],[-97.8322,30.39997],[-97.83216,30.40002],[-97.83211,30.40007],[-97.83208,30.40011],[-97.83203,30.40014],[-97.83196,30.40019],[-97.83194,30.40026],[-97.83192,30.40034],[-97.83189,30.40043],[-97.83188,30.4005],[-97.83188,30.40057],[-97.8319,30.40065],[-97.83191,30.4007],[-97.83192,30.40073]]},"properties":{"name":"Bull Creek","creek_type":"NATURAL_UNCLASSIFIED","reach_id":null,"watershed":"BUL","feature_kind":"waterway","source":"City of Austin Watershed Protection creek centerlines","retrieved_at":"2026-09-29T00:26:18.548370+00:00","access_claim":"none"}},{"type":"Feature","id":"coa-creek/2324148","geometry":{"type":"LineString","coordinates":[[-97.91565,30.24681],[-97.91566,30.24675],[-97.91565,30.24671],[-97.9156,30.24667],[-97.91557,30.24664],[-97.91554,30.24661],[-97.91547,30.24659],[-97.9154,30.24658],[-97.91536,30.24656],[-97.91531,30.24654],[-97.91527,30.24652],[-97.91522,30.2465],[-97.9152,30.24649],[-97.91518,30.24648]]},"properties":{"name":"Williamson Creek","creek_type":"NATURAL_UNCLASSIFIED","reach_id":null,"watershed":"WMS","feature_kind":"waterway","source":"City of Austin Watershed Protection creek centerlines","retrieved_at":"2026-09-29T00:26:18.548370+00:00","access_claim":"none"}},{"type":"Feature","id":"coa-creek/2345897","geometry":{"type":"LineString","coordinates":[[-97.7481,30.33837],[-97.74814,30.33826],[-97.74819,30.33813],[-97.74826,30.33796],[-97.74828,30.33792],[-97.74832,30.33785],[-97.74832,30.33784],[-97.74833,30.33779],[-97.74833,30.33772],[-97.74835,30.33756],[-97.74836,30.33748],[-97.7484,30.33736],[-97.74844,30.33724],[-97.74849,30.33714],[-97.74852,30.33706],[-97.74852,30.33704],[-97.74852,30.33704]]},"properties":{"name":"Shoal Creek","creek_type":"NATURAL_ROCKBED","reach_id":"SHL-10","watershed":"SHL","feature_kind":"waterway","source":"City of Austin Watershed Protection creek centerlines","retrieved_at":"2026-09-29T00:26:18.548370+00:00","access_claim":"none"}},{"type":"Feature","id":"coa-creek/2329682","geometry":{"type":"LineString","coordinates":[[-97.81102,30.41934],[-97.81084,30.41936],[-97.81042,30.41934],[-97.81022,30.41934],[-97.80953,30.41916]]},"properties":{"name":"Bull Creek","creek_type":"NATURAL_ALLUVIAL","reach_id":"BUL-11","watershed":"BUL","feature_kind":"waterway","source":"City of Austin Watershed Protection creek centerlines","retrieved_at":"2026-09-29T00:26:18.548370+00:00","access_claim":"none"}},{"type":"Feature","id":"coa-creek/2374985","geometry":{"type":"LineString","coordinates":[[-97.70729,30.41882],[-97.70722,30.41878],[-97.70719,30.41878],[-97.70717,30.41877],[-97.70712,30.41875],[-97.70708,30.41871],[-97.70703,30.41863],[-97.70704,30.41853],[-97.70702,30.41849],[-97.70703,30.41846],[-97.707,30.41838]]},"properties":{"name":"Walnut Creek","creek_type":"NATURAL_ROCKBED","reach_id":"WLN-14","watershed":"WLN","feature_kind":"waterway","source":"City of Austin Watershed Protection creek centerlines","retrieved_at":"2026-09-29T00:26:18.548370+00:00","access_claim":"none"}},{"type":"Feature","id":"coa-creek/2320352","geometry":{"type":"LineString","coordinates":[[-97.67188,30.38833],[-97.67181,30.38833]]},"properties":{"name":"Walnut Creek","creek_type":"NATURAL_ROCKBED","reach_id":"WLN-8","watershed":"WLN","feature_kind":"waterway","source":"City of Austin Watershed Protection creek centerlines","retrieved_at":"2026-09-29T00:26:18.548370+00:00","access_claim":"none"}},{"type":"Feature","id":"coa-creek/2368285","geometry":{"type":"LineString","coordinates":[[-97.72824,30.43884],[-97.72799,30.4388],[-97.7279,30.43878],[-97.72791,30.43868],[-97.72789,30.43865],[-97.72787,30.43864]]},"properties":{"name":"Walnut Creek","creek_type":"ALTERED_STRUCTURAL","reach_id":"WLN-17","watershed":"WLN","feature_kind":"waterway","source":"City of Austin Watershed Protection creek centerlines","retrieved_at":"2026-09-29T00:26:18.548370+00:00","access_claim":"none"}},{"type":"Feature","id":"coa-creek/2363187","geometry":{"type":"LineString","coordinates":[[-97.92521,30.28819],[-97.9252,30.2882],[-97.92514,30.28827],[-97.92512,30.28829],[-97.9251,30.28832],[-97.92507,30.28834],[-97.92501,30.2884],[-97.92496,30.28843],[-97.92489,30.28849],[-97.92483,30.28854],[-97.92474,30.28859],[-97.92466,30.28862],[-97.92465,30.28863],[-97.92451,30.28868],[-97.92443,30.2887],[-97.92416,30.28876],[-97.92392,30.28882],[-97.92384,30.28884],[-97.92369,30.28889],[-97.9236,30.28892],[-97.92352,30.28894],[-97.92351,30.28894],[-97.92346,30.28895],[-97.92344,30.28895],[-97.92338,30.28896],[-97.92329,30.28897],[-97.92324,30.28897],[-97.92321,30.28897],[-97.92314,30.28896],[-97.9231,30.28895],[-97.92302,30.28894],[-97.92297,30.28893],[-97.92295,30.28892],[-97.92289,30.28892],[-97.92287,30.28891],[-97.92283,30.28891],[-97.92278,30.2889],[-97.92274,30.28889],[-97.92267,30.28888],[-97.92248,30.28883],[-97.92247,30.28883],[-97.9223,30.28878],[-97.92223,30.28875],[-97.92213,30.28871],[-97.92201,30.28866],[-97.92195,30.28863],[-97.9219,30.28861],[-97.92187,30.2886],[-97.92183,30.28859],[-97.9218,30.28857],[-97.92177,30.28855],[-97.92171,30.28852],[-97.92169,30.28851],[-97.92166,30.28849],[-97.92149,30.28841],[-97.92143,30.28837],[-97.9214,30.28834]]},"properties":{"name":"Barton Creek","creek_type":"NATURAL_ALLUVIAL","reach_id":null,"watershed":"BAR","feature_kind":"waterway","source":"City of Austin Watershed Protection creek centerlines","retrieved_at":"2026-09-29T00:26:18.548370+00:00","access_claim":"none"}},{"type":"Feature","id":"coa-creek/2379444","geometry":{"type":"LineString","coordinates":[[-97.67502,30.17373],[-97.67489,30.17371],[-97.67476,30.17369],[-97.67469,30.17367],[-97.67461,30.17365],[-97.67453,30.17362],[-97.67444,30.17356],[-97.6743,30.17346],[-97.67386,30.17318],[-97.67367,30.17306],[-97.67355,30.17297],[-97.6734,30.17286],[-97.67318,30.17268],[-97.67302,30.17253],[-97.67291,30.17238],[-97.67281,30.17229],[-97.67273,30.17221],[-97.67264,30.17211],[-97.67259,30.17203],[-97.67239,30.17174],[-97.67217,30.17146],[-97.67215,30.1714],[-97.67214,30.17135],[-97.67214,30.17127],[-97.67215,30.17113],[-97.67217,30.17105],[-97.67221,30.17096],[-97.67226,30.17085]]},"properties":{"name":"Onion Creek","creek_type":"NATURAL_ALLUVIAL","reach_id":"ONI-2","watershed":"ONI","feature_kind":"waterway","source":"City of Austin Watershed Protection creek centerlines","retrieved_at":"2026-09-29T00:26:18.548370+00:00","access_claim":"none"}},{"type":"Feature","id":"coa-creek/2340344","geometry":{"type":"LineString","coordinates":[[-97.80032,30.22267],[-97.80025,30.22266],[-97.80016,30.22265],[-97.80006,30.22264],[-97.80003,30.22264],[-97.79998,30.22263],[-97.79993,30.22264],[-97.7999,30.22265]]},"properties":{"name":"Williamson Creek","creek_type":"NATURAL_ALLUVIAL","reach_id":"WMS-10","watershed":"WMS","feature_kind":"waterway","source":"City of Austin Watershed Protection creek centerlines","retrieved_at":"2026-09-29T00:26:18.548370+00:00","access_claim":"none"}},{"type":"Feature","id":"coa-creek/2363413","geometry":{"type":"LineString","coordinates":[[-97.88891,30.29496],[-97.88882,30.29488],[-97.88872,30.2948],[-97.88865,30.29474],[-97.88864,30.29472],[-97.88851,30.29459],[-97.88844,30.29452],[-97.88836,30.29442],[-97.88821,30.29423],[-97.88815,30.29416],[-97.88812,30.29411],[-97.88809,30.29405],[-97.88806,30.294],[-97.88803,30.29394]]},"properties":{"name":"Barton Creek","creek_type":"NATURAL_ALLUVIAL","reach_id":"BAR-9","watershed":"BAR","feature_kind":"waterway","source":"City of Austin Watershed Protection creek centerlines","retrieved_at":"2026-09-29T00:26:18.548370+00:00","access_claim":"none"}},{"type":"Feature","id":"coa-creek/2319786","geometry":{"type":"LineString","coordinates":[[-97.77905,30.39083],[-97.77909,30.39081],[-97.77922,30.39071],[-97.77926,30.39067],[-97.77927,30.39064],[-97.77928,30.39058],[-97.77928,30.39053],[-97.77928,30.3905],[-97.77926,30.3904],[-97.77925,30.39033],[-97.7791,30.39014],[-97.77908,30.39012],[-97.77905,30.3901],[-97.77896,30.39004],[-97.77879,30.38988],[-97.77855,30.38976],[-97.77845,30.38972],[-97.77842,30.3897]]},"properties":{"name":"Bull Creek","creek_type":"NATURAL_ALLUVIAL","reach_id":"BUL-7","watershed":"BUL","feature_kind":"waterway","source":"City of Austin Watershed Protection creek centerlines","retrieved_at":"2026-09-29T00:26:18.548370+00:00","access_claim":"none"}},{"type":"Feature","id":"coa-creek/2319576","geometry":{"type":"LineString","coordinates":[[-97.74465,30.24516],[-97.74467,30.24519],[-97.74468,30.24525],[-97.74471,30.24533],[-97.74475,30.24536],[-97.74478,30.24538],[-97.74482,30.24541],[-97.74485,30.24542],[-97.74491,30.24541],[-97.74495,30.24541],[-97.74498,30.24542],[-97.74501,30.24544]]},"properties":{"name":"Blunn Creek","creek_type":"NATURAL_ROCKBED","reach_id":"BLU-2","watershed":"BLU","feature_kind":"waterway","source":"City of Austin Watershed Protection creek centerlines","retrieved_at":"2026-09-29T00:26:18.548370+00:00","access_claim":"none"}},{"type":"Feature","id":"coa-creek/2371347","geometry":{"type":"LineString","coordinates":[[-97.78819,30.40493],[-97.78817,30.40493],[-97.78798,30.40496],[-97.78764,30.40498],[-97.78736,30.40498],[-97.78716,30.40499],[-97.78702,30.40499],[-97.78681,30.40496],[-97.78674,30.40495],[-97.78669,30.40493],[-97.78659,30.40488],[-97.78647,30.40481],[-97.78638,30.40475]]},"properties":{"name":"Bull Creek","creek_type":"NATURAL_ALLUVIAL","reach_id":"BUL-8","watershed":"BUL","feature_kind":"waterway","source":"City of Austin Watershed Protection creek centerlines","retrieved_at":"2026-09-29T00:26:18.548370+00:00","access_claim":"none"}},{"type":"Feature","id":"coa-creek/2375287","geometry":{"type":"LineString","coordinates":[[-97.70831,30.42228],[-97.70832,30.42226],[-97.70833,30.42224],[-97.70834,30.4222],[-97.70834,30.42215],[-97.70835,30.42212],[-97.70835,30.42207],[-97.70836,30.42204],[-97.70837,30.422],[-97.70838,30.42198],[-97.70838,30.42195],[-97.70839,30.42191],[-97.70839,30.42188],[-97.70839,30.42185],[-97.70839,30.42182],[-97.70839,30.42178],[-97.70839,30.42175],[-97.7084,30.42172],[-97.7084,30.42168],[-97.7084,30.42166],[-97.7084,30.42163],[-97.7084,30.42159],[-97.7084,30.42157],[-97.7084,30.42154],[-97.7084,30.42152],[-97.70842,30.4215],[-97.70842,30.42147],[-97.70842,30.42144],[-97.70842,30.42141],[-97.7084,30.42138],[-97.70841,30.42133],[-97.7084,30.4213],[-97.70839,30.42127],[-97.70839,30.42124],[-97.70839,30.42121],[-97.70839,30.42118],[-97.7084,30.42114],[-97.70839,30.42112],[-97.70838,30.42109],[-97.70837,30.42106],[-97.70836,30.42105],[-97.70835,30.42103],[-97.70834,30.421],[-97.70834,30.42099],[-97.70834,30.42096],[-97.70834,30.42094],[-97.70834,30.42092],[-97.70833,30.42089],[-97.70832,30.42087],[-97.7083,30.42085],[-97.70829,30.42082],[-97.70827,30.4208],[-97.70827,30.42078],[-97.70825,30.42075],[-97.70823,30.42072],[-97.70823,30.4207],[-97.70823,30.42068],[-97.70824,30.42066],[-97.70824,30.42064],[-97.70825,30.42062],[-97.70827,30.42059],[-97.70828,30.42057],[-97.7083,30.42054],[-97.70833,30.42051],[-97.70836,30.42048],[-97.70838,30.42047],[-97.7084,30.42044],[-97.70842,30.42043],[-97.70844,30.42041],[-97.70846,30.42038],[-97.70848,30.42036],[-97.70849,30.42034],[-97.70851,30.42031],[-97.70852,30.42029],[-97.70854,30.42027],[-97.70855,30.42025],[-97.70857,30.42024],[-97.70859,30.42022],[-97.70861,30.42021],[-97.70863,30.4202],[-97.70865,30.42019],[-97.70867,30.42017],[-97.7087,30.42015],[-97.70872,30.42013],[-97.70875,30.4201],[-97.70877,30.42008],[-97.70879,30.42005],[-97.70882,30.42003],[-97.70884,30.42001],[-97.70887,30.41999],[-97.70888,30.41998],[-97.70892,30.41996],[-97.70896,30.41992],[-97.70899,30.41989],[-97.70901,30.41987],[-97.70904,30.41982],[-97.70908,30.41978],[-97.70912,30.41969],[-97.70912,30.41964],[-97.70914,30.41961],[-97.70914,30.41959],[-97.70914,30.41957],[-97.70914,30.41956],[-97.70913,30.41954],[-97.70913,30.41951],[-97.70912,30.41948],[-97.70909,30.41947]]},"properties":{"name":"Walnut Creek","creek_type":"NATURAL_ROCKBED","reach_id":"WLN-14","watershed":"WLN","feature_kind":"waterway","source":"City of Austin Watershed Protection creek centerlines","retrieved_at":"2026-09-29T00:26:18.548370+00:00","access_claim":"none"}},{"type":"Feature","id":"coa-creek/2330472","geometry":{"type":"LineString","coordinates":[[-97.76747,30.20382],[-97.76746,30.20379],[-97.76735,30.20356],[-97.76728,30.20347],[-97.7672,30.20342],[-97.76665,30.20315],[-97.76601,30.20291],[-97.76555,30.20272],[-97.76486,30.20258],[-97.76474,30.20257],[-97.76456,30.20258],[-97.76419,30.20262],[-97.76403,30.20261],[-97.76362,30.20244],[-97.76338,30.20237],[-97.76298,30.20226]]},"properties":{"name":"Williamson Creek","creek_type":"NATURAL_ALLUVIAL","reach_id":"WMS-5","watershed":"WMS","feature_kind":"waterway","source":"City of Austin Watershed Protection creek centerlines","retrieved_at":"2026-09-29T00:26:18.548370+00:00","access_claim":"none"}},{"type":"Feature","id":"coa-creek/2330604","geometry":{"type":"LineString","coordinates":[[-97.90661,30.24219],[-97.90658,30.24218],[-97.90654,30.24217],[-97.90646,30.24215],[-97.90642,30.24215],[-97.90639,30.24215],[-97.90633,30.24217],[-97.90631,30.24218],[-97.90628,30.24218],[-97.90619,30.24218],[-97.90613,30.24219],[-97.90606,30.24222],[-97.90602,30.24223],[-97.90598,30.24226],[-97.90595,30.24227],[-97.90593,30.24228],[-97.90591,30.24231],[-97.90587,30.24234]]},"properties":{"name":"Williamson Creek","creek_type":"NATURAL_UNCLASSIFIED","reach_id":null,"watershed":"WMS","feature_kind":"waterway","source":"City of Austin Watershed Protection creek centerlines","retrieved_at":"2026-09-29T00:26:18.548370+00:00","access_claim":"none"}},{"type":"Feature","id":"coa-creek/2381127","geometry":{"type":"LineString","coordinates":[[-97.74443,30.43787],[-97.7443,30.43792],[-97.74416,30.43796],[-97.74414,30.43797],[-97.74405,30.438]]},"properties":{"name":"Walnut Creek","creek_type":"UNDERGROUND_CULVERT","reach_id":"WLN-17","watershed":"WLN","feature_kind":"waterway","source":"City of Austin Watershed Protection creek centerlines","retrieved_at":"2026-09-29T00:26:18.548370+00:00","access_claim":"none"}},{"type":"Feature","id":"coa-creek/2364419","geometry":{"type":"LineString","coordinates":[[-97.6485,30.31259],[-97.64851,30.31252],[-97.64848,30.31243],[-97.64843,30.31234],[-97.64838,30.31226],[-97.64837,30.3122],[-97.6484,30.31211],[-97.64844,30.31205],[-97.64847,30.31199],[-97.6485,30.31196],[-97.64857,30.31193],[-97.64862,30.3119],[-97.6487,30.31184],[-97.64876,30.31174],[-97.64877,30.3117],[-97.64876,30.31162],[-97.64873,30.31152],[-97.64871,30.31137]]},"properties":{"name":"Walnut Creek","creek_type":"NATURAL_ALLUVIAL","reach_id":"WLN-3","watershed":"WLN","feature_kind":"waterway","source":"City of Austin Watershed Protection creek centerlines","retrieved_at":"2026-09-29T00:26:18.548370+00:00","access_claim":"none"}},{"type":"Feature","id":"coa-creek/2352700","geometry":{"type":"LineString","coordinates":[[-97.80696,30.2416],[-97.80679,30.2419],[-97.80667,30.24208],[-97.80656,30.24227],[-97.80653,30.2423],[-97.8065,30.24233],[-97.80645,30.24237],[-97.80626,30.24253],[-97.80613,30.24267],[-97.80591,30.24285],[-97.80578,30.24294],[-97.80571,30.243],[-97.80567,30.24303],[-97.80563,30.24305],[-97.80551,30.24311],[-97.80548,30.24312],[-97.80522,30.24328],[-97.80475,30.24352],[-97.80474,30.24352],[-97.80469,30.24356],[-97.80445,30.24371],[-97.80432,30.2438],[-97.80416,30.24389],[-97.80415,30.24389],[-97.80382,30.2441],[-97.80358,30.24422],[-97.80355,30.24423]]},"properties":{"name":"Barton Creek","creek_type":"NATURAL_ALLUVIAL","reach_id":"BAR-5","watershed":"BAR","feature_kind":"waterway","source":"City of Austin Watershed Protection creek centerlines","retrieved_at":"2026-09-29T00:26:18.548370+00:00","access_claim":"none"}},{"type":"Feature","id":"coa-creek/2376481","geometry":{"type":"LineString","coordinates":[[-97.78284,30.14411],[-97.78273,30.14414],[-97.78246,30.14418],[-97.78227,30.14422],[-97.78189,30.14429],[-97.78186,30.1443],[-97.78167,30.14433],[-97.78145,30.14437],[-97.78091,30.14445],[-97.78012,30.14461],[-97.77976,30.14466],[-97.77927,30.14475],[-97.77885,30.14482],[-97.77838,30.14485],[-97.77809,30.14485],[-97.77789,30.14482]]},"properties":{"name":"Onion Creek","creek_type":"NATURAL_ROCKBED","reach_id":"ONI-9","watershed":"ONI","feature_kind":"waterway","source":"City of Austin Watershed Protection creek centerlines","retrieved_at":"2026-09-29T00:26:18.548370+00:00","access_claim":"none"}},{"type":"Feature","id":"coa-creek/2320147","geometry":{"type":"LineString","coordinates":[[-97.90714,30.30472],[-97.9071,30.30469],[-97.90699,30.3046],[-97.90685,30.30452],[-97.90677,30.30448],[-97.90667,30.30443],[-97.90656,30.30437],[-97.90646,30.30433],[-97.90634,30.30428],[-97.90612,30.30421],[-97.9059,30.30412],[-97.90564,30.30404],[-97.90534,30.30394],[-97.90504,30.30385],[-97.90468,30.30373],[-97.90438,30.30363],[-97.90422,30.30358],[-97.90409,30.30354],[-97.90399,30.30352],[-97.90391,30.30349],[-97.90386,30.30347],[-97.9038,30.30345],[-97.90375,30.30343],[-97.90371,30.30341],[-97.90368,30.30339],[-97.90364,30.30337],[-97.90361,30.30334],[-97.90358,30.30332],[-97.90354,30.30329],[-97.90351,30.30326],[-97.90345,30.30322],[-97.90335,30.30315],[-97.90322,30.30307],[-97.90316,30.30302],[-97.903,30.3029],[-97.90287,30.30279],[-97.90279,30.30274],[-97.90273,30.3027],[-97.90271,30.30268]]},"properties":{"name":"Barton Creek","creek_type":"NATURAL_ROCKBED","reach_id":"BAR-10","watershed":"BAR","feature_kind":"waterway","source":"City of Austin Watershed Protection creek centerlines","retrieved_at":"2026-09-29T00:26:18.548370+00:00","access_claim":"none"}},{"type":"Feature","id":"coa-creek/2346117","geometry":{"type":"LineString","coordinates":[[-97.73499,30.37518],[-97.73499,30.37515],[-97.73499,30.37498],[-97.73499,30.37495]]},"properties":{"name":"Shoal Creek","creek_type":"UNDERGROUND_CULVERT","reach_id":"SHL-15","watershed":"SHL","feature_kind":"waterway","source":"City of Austin Watershed Protection creek centerlines","retrieved_at":"2026-09-29T00:26:18.548370+00:00","access_claim":"none"}},{"type":"Feature","id":"coa-creek/2371789","geometry":{"type":"LineString","coordinates":[[-97.73968,30.39471],[-97.7396,30.39472],[-97.73947,30.39474],[-97.73943,30.39474],[-97.7394,30.39474],[-97.73934,30.39472],[-97.73928,30.39471],[-97.73926,30.39469]]},"properties":{"name":"Shoal Creek","creek_type":"NATURAL_UNCLASSIFIED","reach_id":null,"watershed":"SHL","feature_kind":"waterway","source":"City of Austin Watershed Protection creek centerlines","retrieved_at":"2026-09-29T00:26:18.548370+00:00","access_claim":"none"}},{"type":"Feature","id":"coa-creek/2365037","geometry":{"type":"LineString","coordinates":[[-97.65598,30.36075],[-97.65597,30.36071],[-97.65594,30.36063],[-97.65592,30.3605],[-97.65592,30.36048],[-97.65591,30.36045],[-97.65591,30.36041],[-97.65592,30.36032],[-97.65592,30.3603],[-97.65592,30.36027],[-97.65591,30.36024],[-97.65591,30.36019],[-97.65592,30.36014],[-97.65593,30.36011],[-97.65596,30.36001],[-97.65596,30.35998],[-97.656,30.3599],[-97.65601,30.35985],[-97.65604,30.35977],[-97.65606,30.35972],[-97.65611,30.3596],[-97.65612,30.35955],[-97.65612,30.3595],[-97.65611,30.35939],[-97.6561,30.35936],[-97.65606,30.35927],[-97.65605,30.35924],[-97.65602,30.35919],[-97.65598,30.35911],[-97.65594,30.35905],[-97.65591,30.35895],[-97.65583,30.35878],[-97.65581,30.35874],[-97.65579,30.35872],[-97.65574,30.35865],[-97.65571,30.35863],[-97.65568,30.35859],[-97.65566,30.35856],[-97.65564,30.35854],[-97.65557,30.3584],[-97.65554,30.35837],[-97.65552,30.35834],[-97.65546,30.35827],[-97.65543,30.35822],[-97.65536,30.35812],[-97.65532,30.35802],[-97.6553,30.35795],[-97.65529,30.3579],[-97.65528,30.35781],[-97.65527,30.35776],[-97.65525,30.35771],[-97.65523,30.35765],[-97.65518,30.35751]]},"properties":{"name":"Walnut Creek","creek_type":"NATURAL_ROCKBED","reach_id":"WLN-7","watershed":"WLN","feature_kind":"waterway","source":"City of Austin Watershed Protection creek centerlines","retrieved_at":"2026-09-29T00:26:18.548370+00:00","access_claim":"none"}},{"type":"Feature","id":"coa-creek/2380616","geometry":{"type":"LineString","coordinates":[[-97.74257,30.18174],[-97.74248,30.18188],[-97.74233,30.18207],[-97.74215,30.18235],[-97.74204,30.18252]]},"properties":{"name":"Williamson Creek","creek_type":"NATURAL_ALLUVIAL","reach_id":"WMS-3","watershed":"WMS","feature_kind":"waterway","source":"City of Austin Watershed Protection creek centerlines","retrieved_at":"2026-09-29T00:26:18.548370+00:00","access_claim":"none"}},{"type":"Feature","id":"coa-creek/2360808","geometry":{"type":"LineString","coordinates":[[-97.8947,30.29227],[-97.8947,30.29229]]},"properties":{"name":"Barton Creek","creek_type":"NATURAL_ALLUVIAL","reach_id":"BAR-9","watershed":"BAR","feature_kind":"waterway","source":"City of Austin Watershed Protection creek centerlines","retrieved_at":"2026-09-29T00:26:18.548370+00:00","access_claim":"none"}},{"type":"Feature","id":"coa-creek/2319976","geometry":{"type":"LineString","coordinates":[[-97.7844,30.37565],[-97.78445,30.37554],[-97.78445,30.37524],[-97.7845,30.37491]]},"properties":{"name":"Bull Creek","creek_type":"NATURAL_ROCKBED","reach_id":"BUL-4","watershed":"BUL","feature_kind":"waterway","source":"City of Austin Watershed Protection creek centerlines","retrieved_at":"2026-09-29T00:26:18.548370+00:00","access_claim":"none"}},{"type":"Feature","id":"coa-creek/2371026","geometry":{"type":"LineString","coordinates":[[-97.79311,30.41944],[-97.79305,30.41939],[-97.79299,30.41933],[-97.79297,30.41926],[-97.79295,30.4192],[-97.79294,30.41913],[-97.79293,30.41909],[-97.79293,30.41906],[-97.79293,30.41901],[-97.79296,30.41897],[-97.79299,30.41894],[-97.79302,30.41891],[-97.79306,30.41884],[-97.79316,30.41873],[-97.79321,30.41868],[-97.79328,30.41864],[-97.79335,30.4186],[-97.79343,30.41853],[-97.79356,30.41846],[-97.79365,30.4184],[-97.79368,30.41836],[-97.79393,30.41818],[-97.79398,30.41815],[-97.79411,30.41801],[-97.7943,30.41782],[-97.79439,30.41773],[-97.79445,30.41767],[-97.79449,30.41761],[-97.7945,30.41759],[-97.79452,30.41756],[-97.79454,30.41752],[-97.79456,30.41749],[-97.79458,30.41746],[-97.79464,30.41741],[-97.79471,30.41736],[-97.79475,30.41734],[-97.79479,30.4173],[-97.7949,30.41714],[-97.79494,30.41709]]},"properties":{"name":"Bull Creek","creek_type":"NATURAL_ROCKBED","reach_id":"BUL-9","watershed":"BUL","feature_kind":"waterway","source":"City of Austin Watershed Protection creek centerlines","retrieved_at":"2026-09-29T00:26:18.548370+00:00","access_claim":"none"}},{"type":"Feature","id":"coa-creek/2333286","geometry":{"type":"LineString","coordinates":[[-97.68106,30.39528],[-97.68091,30.39523],[-97.68081,30.3952],[-97.68076,30.3952],[-97.68065,30.39516],[-97.68063,30.39516],[-97.68055,30.39514],[-97.68051,30.39512],[-97.68044,30.3951],[-97.6804,30.39509],[-97.68031,30.39506],[-97.68022,30.39503],[-97.68017,30.39501]]},"properties":{"name":"Walnut Creek","creek_type":"NATURAL_ROCKBED","reach_id":"WLN-9","watershed":"WLN","feature_kind":"waterway","source":"City of Austin Watershed Protection creek centerlines","retrieved_at":"2026-09-29T00:26:18.548370+00:00","access_claim":"none"}},{"type":"Feature","id":"coa-creek/2351596","geometry":{"type":"LineString","coordinates":[[-97.75261,30.28962],[-97.7529,30.28925],[-97.75296,30.28917],[-97.75309,30.289],[-97.75313,30.28895],[-97.75319,30.2889],[-97.75327,30.28882],[-97.75332,30.28875],[-97.75337,30.28867],[-97.75339,30.28862],[-97.7534,30.2886],[-97.75341,30.28857],[-97.75345,30.28847],[-97.75348,30.28839],[-97.75357,30.28806]]},"properties":{"name":"Shoal Creek","creek_type":"NATURAL_ROCKBED","reach_id":"SHL-4","watershed":"SHL","feature_kind":"waterway","source":"City of Austin Watershed Protection creek centerlines","retrieved_at":"2026-09-29T00:26:18.548370+00:00","access_claim":"none"}},{"type":"Feature","id":"coa-creek/2364331","geometry":{"type":"LineString","coordinates":[[-97.69513,30.17979],[-97.69511,30.17978],[-97.69499,30.17975]]},"properties":{"name":"Onion Creek","creek_type":"NATURAL_ROCKBED","reach_id":"ONI-3","watershed":"ONI","feature_kind":"waterway","source":"City of Austin Watershed Protection creek centerlines","retrieved_at":"2026-09-29T00:26:18.548370+00:00","access_claim":"none"}},{"type":"Feature","id":"coa-creek/2375893","geometry":{"type":"LineString","coordinates":[[-97.64804,30.32775],[-97.64802,30.32749]]},"properties":{"name":"Walnut Creek","creek_type":"NATURAL_ALLUVIAL","reach_id":"WLN-4","watershed":"WLN","feature_kind":"waterway","source":"City of Austin Watershed Protection creek centerlines","retrieved_at":"2026-09-29T00:26:18.548370+00:00","access_claim":"none"}},{"type":"Feature","id":"coa-creek/2362575","geometry":{"type":"LineString","coordinates":[[-97.75639,30.2239],[-97.75631,30.22398]]},"properties":{"name":"Blunn Creek","creek_type":"NATURAL_ALLUVIAL","reach_id":"BLU-5","watershed":"BLU","feature_kind":"waterway","source":"City of Austin Watershed Protection creek centerlines","retrieved_at":"2026-09-29T00:26:18.548370+00:00","access_claim":"none"}},{"type":"Feature","id":"coa-creek/2360984","geometry":{"type":"LineString","coordinates":[[-97.76372,30.16397],[-97.76366,30.1641],[-97.76365,30.16417],[-97.76366,30.16423],[-97.7637,30.16428],[-97.76371,30.16432],[-97.76374,30.16435],[-97.76376,30.16441],[-97.76375,30.16446],[-97.76366,30.16452],[-97.76365,30.16458],[-97.76365,30.16466],[-97.76367,30.16481],[-97.7637,30.16493]]},"properties":{"name":"Onion Creek","creek_type":"NATURAL_ROCKBED","reach_id":"ONI-8","watershed":"ONI","feature_kind":"waterway","source":"City of Austin Watershed Protection creek centerlines","retrieved_at":"2026-09-29T00:26:18.548370+00:00","access_claim":"none"}},{"type":"Feature","id":"coa-creek/2358065","geometry":{"type":"LineString","coordinates":[[-97.79043,30.21862],[-97.79028,30.21846],[-97.79013,30.21823],[-97.7901,30.2182],[-97.79003,30.21807],[-97.78973,30.21765],[-97.78965,30.21742],[-97.78959,30.21717],[-97.7896,30.21708],[-97.78962,30.21701],[-97.78962,30.21694],[-97.78961,30.2169],[-97.78959,30.21686],[-97.78958,30.21682],[-97.78959,30.21677],[-97.78959,30.21668],[-97.78954,30.21659]]},"properties":{"name":"Williamson Creek","creek_type":"NATURAL_ROCKBED","reach_id":"WMS-8","watershed":"WMS","feature_kind":"waterway","source":"City of Austin Watershed Protection creek centerlines","retrieved_at":"2026-09-29T00:26:18.548370+00:00","access_claim":"none"}},{"type":"Feature","id":"coa-creek/2363181","geometry":{"type":"LineString","coordinates":[[-97.92604,30.29627],[-97.926,30.29629],[-97.92591,30.29631],[-97.92584,30.29632],[-97.92576,30.29633],[-97.92575,30.29633],[-97.92569,30.29634],[-97.92566,30.29634],[-97.92561,30.29634]]},"properties":{"name":"Barton Creek","creek_type":"NATURAL_ALLUVIAL","reach_id":null,"watershed":"BAR","feature_kind":"waterway","source":"City of Austin Watershed Protection creek centerlines","retrieved_at":"2026-09-29T00:26:18.548370+00:00","access_claim":"none"}},{"type":"Feature","id":"coa-creek/2332265","geometry":{"type":"LineString","coordinates":[[-97.78491,30.13778],[-97.78497,30.13777],[-97.78512,30.13774],[-97.78521,30.13775],[-97.78534,30.13781],[-97.78554,30.13794],[-97.78575,30.13811],[-97.78595,30.13829],[-97.78605,30.13843]]},"properties":{"name":"Onion Creek","creek_type":"NATURAL_ROCKBED","reach_id":"ONI-9","watershed":"ONI","feature_kind":"waterway","source":"City of Austin Watershed Protection creek centerlines","retrieved_at":"2026-09-29T00:26:18.548370+00:00","access_claim":"none"}},{"type":"Feature","id":"coa-creek/2382356","geometry":{"type":"LineString","coordinates":[[-97.94476,30.27593],[-97.94476,30.27593],[-97.94474,30.27592],[-97.94474,30.27592],[-97.94472,30.27591],[-97.94466,30.27587],[-97.94461,30.27584],[-97.94457,30.2758],[-97.94454,30.27578],[-97.94452,30.27577],[-97.9445,30.27575],[-97.9444,30.27569],[-97.94436,30.27567],[-97.94432,30.27565],[-97.94426,30.27559],[-97.94418,30.27553],[-97.94413,30.27548],[-97.94406,30.27541],[-97.94404,30.27538],[-97.94399,30.27533],[-97.94397,30.27529],[-97.94394,30.27526],[-97.94393,30.27524],[-97.9439,30.27522],[-97.94386,30.27519],[-97.94383,30.27518],[-97.9438,30.27517],[-97.94378,30.27517],[-97.94373,30.27517],[-97.94367,30.27517],[-97.94363,30.27518],[-97.9436,30.27519],[-97.94356,30.27521],[-97.94351,30.27524],[-97.94338,30.27531],[-97.94329,30.27538],[-97.94324,30.27544],[-97.9432,30.27548],[-97.94313,30.27553],[-97.9431,30.27556],[-97.94307,30.27558],[-97.94301,30.27562],[-97.9429,30.27568],[-97.94288,30.27569],[-97.94288,30.27569],[-97.94265,30.27582],[-97.94261,30.27584],[-97.94239,30.27595],[-97.94228,30.27601],[-97.94221,30.27605],[-97.94219,30.27606],[-97.94216,30.27608],[-97.94213,30.2761],[-97.9421,30.27614],[-97.94207,30.27617],[-97.94203,30.27621],[-97.942,30.27626],[-97.942,30.27627],[-97.94199,30.27629],[-97.94195,30.27636],[-97.94194,30.27641],[-97.94192,30.27647],[-97.94191,30.27652],[-97.9419,30.27659],[-97.9419,30.27665],[-97.9419,30.27676],[-97.9419,30.27677],[-97.94192,30.27684],[-97.94198,30.27699],[-97.94202,30.27711],[-97.94207,30.27726],[-97.9421,30.27735],[-97.94213,30.27744],[-97.94219,30.27768],[-97.94222,30.27779],[-97.94224,30.27785],[-97.94224,30.27789],[-97.94224,30.27795],[-97.94225,30.27799],[-97.94226,30.27805],[-97.94228,30.27812],[-97.94231,30.27819],[-97.94234,30.27825],[-97.94234,30.27825],[-97.94237,30.27831],[-97.94239,30.27834],[-97.94241,30.27836],[-97.94242,30.27837],[-97.94245,30.2784],[-97.94247,30.27842]]},"properties":{"name":"Barton Creek","creek_type":"NATURAL_UNCLASSIFIED","reach_id":null,"watershed":"BAR","feature_kind":"waterway","source":"City of Austin Watershed Protection creek centerlines","retrieved_at":"2026-09-29T00:26:18.548370+00:00","access_claim":"none"}},{"type":"Feature","id":"coa-creek/2362543","geometry":{"type":"LineString","coordinates":[[-97.79286,30.22062],[-97.79282,30.22057],[-97.79275,30.22051],[-97.7927,30.22046],[-97.79258,30.22041],[-97.79239,30.22029],[-97.79215,30.22016],[-97.79192,30.22001]]},"properties":{"name":"Williamson Creek","creek_type":"NATURAL_ROCKBED","reach_id":"WMS-8","watershed":"WMS","feature_kind":"waterway","source":"City of Austin Watershed Protection creek centerlines","retrieved_at":"2026-09-29T00:26:18.548370+00:00","access_claim":"none"}},{"type":"Feature","id":"coa-creek/2320080","geometry":{"type":"LineString","coordinates":[[-97.77841,30.3915],[-97.77843,30.39148]]},"properties":{"name":"Bull Creek","creek_type":"NATURAL_ALLUVIAL","reach_id":"BUL-7","watershed":"BUL","feature_kind":"waterway","source":"City of Austin Watershed Protection creek centerlines","retrieved_at":"2026-09-29T00:26:18.548370+00:00","access_claim":"none"}},{"type":"Feature","id":"coa-creek/2330027","geometry":{"type":"LineString","coordinates":[[-97.82322,30.4087],[-97.82322,30.40874]]},"properties":{"name":"Bull Creek","creek_type":"NATURAL_ROCKBED","reach_id":"BUL-12","watershed":"BUL","feature_kind":"waterway","source":"City of Austin Watershed Protection creek centerlines","retrieved_at":"2026-09-29T00:26:18.548370+00:00","access_claim":"none"}},{"type":"Feature","id":"coa-creek/2363511","geometry":{"type":"LineString","coordinates":[[-97.65386,30.35412],[-97.65386,30.35412],[-97.65387,30.35399],[-97.65386,30.35394],[-97.65385,30.35389],[-97.65383,30.35384],[-97.65376,30.35366],[-97.65371,30.35355],[-97.65368,30.3535],[-97.65355,30.35334],[-97.65353,30.35329],[-97.65352,30.35326],[-97.6535,30.35324],[-97.65348,30.35322],[-97.65342,30.35318],[-97.65338,30.35315],[-97.65335,30.35311],[-97.65333,30.3531]]},"properties":{"name":"Walnut Creek","creek_type":"NATURAL_ROCKBED","reach_id":"WLN-6","watershed":"WLN","feature_kind":"waterway","source":"City of Austin Watershed Protection creek centerlines","retrieved_at":"2026-09-29T00:26:18.548370+00:00","access_claim":"none"}},{"type":"Feature","id":"coa-creek/2368276","geometry":{"type":"LineString","coordinates":[[-97.73462,30.44125],[-97.73451,30.44124],[-97.73444,30.44122],[-97.73441,30.44122],[-97.73441,30.44122]]},"properties":{"name":"Walnut Creek","creek_type":"NATURAL_UNCLASSIFIED","reach_id":"WLN-17","watershed":"WLN","feature_kind":"waterway","source":"City of Austin Watershed Protection creek centerlines","retrieved_at":"2026-09-29T00:26:18.548370+00:00","access_claim":"none"}},{"type":"Feature","id":"coa-creek/2361869","geometry":{"type":"LineString","coordinates":[[-97.93363,30.28124],[-97.93367,30.28129],[-97.93367,30.2813],[-97.93369,30.28132],[-97.93374,30.28138],[-97.93378,30.28144],[-97.93381,30.28148],[-97.93382,30.28149],[-97.93387,30.28158],[-97.9339,30.28162],[-97.93393,30.28166],[-97.93397,30.2817]]},"properties":{"name":"Barton Creek","creek_type":"NATURAL_UNCLASSIFIED","reach_id":null,"watershed":"BAR","feature_kind":"waterway","source":"City of Austin Watershed Protection creek centerlines","retrieved_at":"2026-09-29T00:26:18.548370+00:00","access_claim":"none"}},{"type":"Feature","id":"coa-creek/2354205","geometry":{"type":"LineString","coordinates":[[-97.83626,30.27494],[-97.83596,30.27482],[-97.83584,30.27478],[-97.83562,30.2747],[-97.83548,30.27465],[-97.83533,30.27458],[-97.83515,30.2745],[-97.83494,30.2744],[-97.83468,30.27427]]},"properties":{"name":"Barton Creek","creek_type":"NATURAL_ROCKBED","reach_id":"BAR-6","watershed":"BAR","feature_kind":"waterway","source":"City of Austin Watershed Protection creek centerlines","retrieved_at":"2026-09-29T00:26:18.548370+00:00","access_claim":"none"}},{"type":"Feature","id":"coa-creek/2361014","geometry":{"type":"LineString","coordinates":[[-97.8446,30.27421],[-97.84459,30.27416],[-97.84457,30.2741]]},"properties":{"name":"Barton Creek","creek_type":"UNDERGROUND_CULVERT","reach_id":"BAR-6","watershed":"BAR","feature_kind":"waterway","source":"City of Austin Watershed Protection creek centerlines","retrieved_at":"2026-09-29T00:26:18.548370+00:00","access_claim":"none"}},{"type":"Feature","id":"coa-creek/2361743","geometry":{"type":"LineString","coordinates":[[-97.88015,30.29077],[-97.88015,30.29082],[-97.88015,30.29085],[-97.88015,30.29088],[-97.88015,30.29089],[-97.88016,30.29092],[-97.88017,30.29093],[-97.88024,30.29111],[-97.88027,30.29118],[-97.8803,30.29123],[-97.88032,30.29127],[-97.88036,30.29134],[-97.8804,30.2914],[-97.88046,30.29153],[-97.88048,30.29158],[-97.88051,30.29165],[-97.88053,30.29172],[-97.88056,30.29177],[-97.88064,30.29186],[-97.88066,30.29189],[-97.88072,30.292],[-97.88074,30.29203]]},"properties":{"name":"Barton Creek","creek_type":"NATURAL_ALLUVIAL","reach_id":"BAR-9","watershed":"BAR","feature_kind":"waterway","source":"City of Austin Watershed Protection creek centerlines","retrieved_at":"2026-09-29T00:26:18.548370+00:00","access_claim":"none"}},{"type":"Feature","id":"coa-creek/2356148","geometry":{"type":"LineString","coordinates":[[-97.79356,30.40583],[-97.79356,30.40563]]},"properties":{"name":"Bull Creek","creek_type":"NATURAL_ALLUVIAL","reach_id":"BUL-8","watershed":"BUL","feature_kind":"waterway","source":"City of Austin Watershed Protection creek centerlines","retrieved_at":"2026-09-29T00:26:18.548370+00:00","access_claim":"none"}},{"type":"Feature","id":"coa-creek/2364932","geometry":{"type":"LineString","coordinates":[[-97.71725,30.18386],[-97.71722,30.18384],[-97.71713,30.18373]]},"properties":{"name":"Onion Creek","creek_type":"NATURAL_ROCKBED","reach_id":"ONI-3","watershed":"ONI","feature_kind":"waterway","source":"City of Austin Watershed Protection creek centerlines","retrieved_at":"2026-09-29T00:26:18.548370+00:00","access_claim":"none"}},{"type":"Feature","id":"coa-creek/2361165","geometry":{"type":"LineString","coordinates":[[-97.90213,30.29218],[-97.90213,30.29217],[-97.90214,30.29216],[-97.9022,30.29202],[-97.90222,30.29195],[-97.90224,30.29191],[-97.90225,30.29187],[-97.90225,30.29181],[-97.90225,30.29179],[-97.90224,30.29175],[-97.90223,30.29171],[-97.90221,30.29168],[-97.90208,30.2915],[-97.90198,30.29134],[-97.90183,30.29112],[-97.9017,30.29095],[-97.90165,30.29088]]},"properties":{"name":"Barton Creek","creek_type":"NATURAL_ALLUVIAL","reach_id":"BAR-9","watershed":"BAR","feature_kind":"waterway","source":"City of Austin Watershed Protection creek centerlines","retrieved_at":"2026-09-29T00:26:18.548370+00:00","access_claim":"none"}},{"type":"Feature","id":"coa-creek/2331856","geometry":{"type":"LineString","coordinates":[[-97.73949,30.35797],[-97.73947,30.35785],[-97.73945,30.3577],[-97.73943,30.35765]]},"properties":{"name":"Shoal Creek","creek_type":"ALTERED_STRUCTURAL","reach_id":"SHL-13","watershed":"SHL","feature_kind":"waterway","source":"City of Austin Watershed Protection creek centerlines","retrieved_at":"2026-09-29T00:26:18.548370+00:00","access_claim":"none"}},{"type":"Feature","id":"coa-creek/2343069","geometry":{"type":"LineString","coordinates":[[-97.68976,30.40137],[-97.68972,30.40131],[-97.68969,30.4012],[-97.68967,30.40113],[-97.68964,30.40107],[-97.68957,30.40094],[-97.68951,30.40085],[-97.68947,30.40081],[-97.68944,30.40077]]},"properties":{"name":"Walnut Creek","creek_type":"NATURAL_ROCKBED","reach_id":"WLN-10","watershed":"WLN","feature_kind":"waterway","source":"City of Austin Watershed Protection creek centerlines","retrieved_at":"2026-09-29T00:26:18.548370+00:00","access_claim":"none"}},{"type":"Feature","id":"coa-creek/2365137","geometry":{"type":"LineString","coordinates":[[-97.74645,30.16698],[-97.74631,30.16706]]},"properties":{"name":"Onion Creek","creek_type":"NATURAL_ROCKBED","reach_id":"ONI-6","watershed":"ONI","feature_kind":"waterway","source":"City of Austin Watershed Protection creek centerlines","retrieved_at":"2026-09-29T00:26:18.548370+00:00","access_claim":"none"}},{"type":"Feature","id":"coa-creek/2364310","geometry":{"type":"LineString","coordinates":[[-97.75051,30.26658],[-97.75051,30.26655],[-97.75052,30.26651],[-97.75054,30.26646],[-97.75054,30.26645],[-97.75055,30.26642],[-97.75059,30.26633],[-97.75061,30.26629],[-97.75069,30.26616],[-97.75078,30.26604],[-97.75083,30.26596],[-97.75089,30.26586],[-97.75093,30.26578],[-97.75096,30.26569],[-97.75102,30.2656],[-97.75107,30.26554],[-97.75116,30.26538],[-97.75119,30.26528],[-97.75121,30.2652],[-97.75122,30.26518],[-97.75125,30.26513],[-97.75131,30.26504],[-97.75131,30.26504]]},"properties":{"name":"Shoal Creek","creek_type":"NATURAL_ALLUVIAL","reach_id":"SHL-1","watershed":"SHL","feature_kind":"waterway","source":"City of Austin Watershed Protection creek centerlines","retrieved_at":"2026-09-29T00:26:18.548370+00:00","access_claim":"none"}},{"type":"Feature","id":"coa-creek/2365010","geometry":{"type":"LineString","coordinates":[[-97.74758,30.22851],[-97.74754,30.22852],[-97.74746,30.22855],[-97.74741,30.22857],[-97.7474,30.22858],[-97.74738,30.22858],[-97.74732,30.2286],[-97.74729,30.22862],[-97.74725,30.22863],[-97.74724,30.22864],[-97.74721,30.22868],[-97.7472,30.22871],[-97.74718,30.22874],[-97.74718,30.22878],[-97.74718,30.2288],[-97.74719,30.22887],[-97.7472,30.22892],[-97.74723,30.22898],[-97.74727,30.22904],[-97.74732,30.22914],[-97.74736,30.22922],[-97.74741,30.22927],[-97.74746,30.22932],[-97.7475,30.22936],[-97.74754,30.22942],[-97.74755,30.22947],[-97.74754,30.22954],[-97.74752,30.2296],[-97.74751,30.22964],[-97.7475,30.22969],[-97.7475,30.22979]]},"properties":{"name":"Blunn Creek","creek_type":"NATURAL_ROCKBED","reach_id":"BLU-4","watershed":"BLU","feature_kind":"waterway","source":"City of Austin Watershed Protection creek centerlines","retrieved_at":"2026-09-29T00:26:18.548370+00:00","access_claim":"none"}},{"type":"Feature","id":"coa-creek/2355133","geometry":{"type":"LineString","coordinates":[[-97.79678,30.4195],[-97.7967,30.41955],[-97.79663,30.41961],[-97.7964,30.41964],[-97.79626,30.41965],[-97.796,30.41972],[-97.79585,30.41977],[-97.79575,30.41979],[-97.79563,30.41986],[-97.79543,30.41991],[-97.79528,30.41996],[-97.79517,30.41999],[-97.79509,30.42],[-97.79481,30.42002],[-97.79469,30.42004],[-97.79457,30.42005],[-97.79432,30.42009],[-97.7942,30.4201],[-97.79409,30.4201],[-97.79395,30.4201],[-97.79391,30.42009]]},"properties":{"name":"Bull Creek","creek_type":"NATURAL_ROCKBED","reach_id":"BUL-10","watershed":"BUL","feature_kind":"waterway","source":"City of Austin Watershed Protection creek centerlines","retrieved_at":"2026-09-29T00:26:18.548370+00:00","access_claim":"none"}},{"type":"Feature","id":"coa-creek/2380226","geometry":{"type":"LineString","coordinates":[[-97.91676,30.24724],[-97.91672,30.24724],[-97.91662,30.24727],[-97.91653,30.24727]]},"properties":{"name":"Williamson Creek","creek_type":"NATURAL_UNCLASSIFIED","reach_id":null,"watershed":"WMS","feature_kind":"waterway","source":"City of Austin Watershed Protection creek centerlines","retrieved_at":"2026-09-29T00:26:18.548370+00:00","access_claim":"none"}},{"type":"Feature","id":"coa-creek/2351896","geometry":{"type":"LineString","coordinates":[[-97.65018,30.3374],[-97.65011,30.33729],[-97.65002,30.3372],[-97.64996,30.33709],[-97.64994,30.33704],[-97.64992,30.33698],[-97.6499,30.33691],[-97.64989,30.33686],[-97.64988,30.33682],[-97.64988,30.33679],[-97.64986,30.33668],[-97.64986,30.33664],[-97.64985,30.33655],[-97.64985,30.3365],[-97.64984,30.33648],[-97.64983,30.33646],[-97.64981,30.33642],[-97.64979,30.33637],[-97.64978,30.33632],[-97.64976,30.33625],[-97.64977,30.33621],[-97.64978,30.33618],[-97.6498,30.33615],[-97.64982,30.33613],[-97.64984,30.33612],[-97.64994,30.33607],[-97.65001,30.33603],[-97.65003,30.336],[-97.65005,30.33598],[-97.65005,30.33595],[-97.65008,30.33585],[-97.65009,30.33581],[-97.65014,30.33567],[-97.65016,30.33563],[-97.65018,30.33561],[-97.65022,30.33558],[-97.65024,30.33556],[-97.65037,30.33544],[-97.65039,30.33542],[-97.6504,30.33539],[-97.65041,30.33537],[-97.65041,30.33535],[-97.6504,30.33532],[-97.65039,30.3353],[-97.65038,30.33527],[-97.65035,30.33517],[-97.65028,30.33495],[-97.65021,30.33465],[-97.65019,30.33461],[-97.65017,30.33458],[-97.6501,30.33445],[-97.65005,30.33439],[-97.64993,30.33424],[-97.6499,30.3342],[-97.6498,30.33411],[-97.64971,30.33401],[-97.64967,30.33397],[-97.64962,30.33389],[-97.6496,30.33385],[-97.64959,30.33382],[-97.64958,30.33378],[-97.64956,30.33367],[-97.64956,30.33361],[-97.64956,30.33357],[-97.64957,30.33348],[-97.64959,30.33338],[-97.64959,30.33331],[-97.64959,30.33321],[-97.6496,30.33312],[-97.6496,30.33307],[-97.64962,30.33304],[-97.64964,30.33301],[-97.64969,30.33296],[-97.64976,30.33292],[-97.64982,30.3329],[-97.64992,30.33289],[-97.64997,30.33289],[-97.65002,30.33288],[-97.6501,30.33286],[-97.65012,30.33285],[-97.65014,30.33284],[-97.65027,30.33276],[-97.65039,30.33267],[-97.65044,30.33263],[-97.65062,30.3325],[-97.65069,30.33245],[-97.65074,30.33241],[-97.65078,30.33237],[-97.6508,30.33234],[-97.65083,30.33226],[-97.65083,30.33222],[-97.65082,30.33219],[-97.6508,30.33215],[-97.65076,30.33211],[-97.65073,30.33209],[-97.6507,30.33206],[-97.65066,30.33204],[-97.6506,30.33204],[-97.65053,30.33205],[-97.65049,30.33209],[-97.65047,30.3321],[-97.65043,30.3321],[-97.65038,30.33208],[-97.65035,30.33204],[-97.65035,30.332],[-97.6504,30.33177],[-97.65044,30.33163],[-97.65048,30.33154],[-97.6505,30.33143],[-97.6505,30.33135],[-97.65042,30.33127],[-97.65035,30.33123],[-97.65022,30.33118],[-97.65018,30.33116],[-97.65016,30.33115],[-97.65014,30.33113],[-97.65012,30.33112],[-97.65011,30.3311],[-97.6501,30.33107],[-97.65009,30.33105],[-97.65007,30.33101],[-97.64998,30.33067],[-97.64995,30.33052],[-97.64994,30.33047],[-97.64993,30.33042],[-97.64992,30.33037],[-97.64992,30.33034],[-97.64989,30.33019],[-97.64988,30.33011],[-97.64987,30.33007],[-97.64986,30.33004],[-97.64985,30.33002]]},"properties":{"name":"Walnut Creek","creek_type":"NATURAL_ALLUVIAL","reach_id":"WLN-4","watershed":"WLN","feature_kind":"waterway","source":"City of Austin Watershed Protection creek centerlines","retrieved_at":"2026-09-29T00:26:18.548370+00:00","access_claim":"none"}},{"type":"Feature","id":"coa-creek/2363269","geometry":{"type":"LineString","coordinates":[[-97.73539,30.3813],[-97.7354,30.3812],[-97.73542,30.38098]]},"properties":{"name":"Shoal Creek","creek_type":"UNDERGROUND_CULVERT","reach_id":null,"watershed":"SHL","feature_kind":"waterway","source":"City of Austin Watershed Protection creek centerlines","retrieved_at":"2026-09-29T00:26:18.548370+00:00","access_claim":"none"}},{"type":"Feature","id":"coa-creek/2352047","geometry":{"type":"LineString","coordinates":[[-97.7095,30.40587],[-97.70948,30.40585],[-97.70935,30.40571],[-97.70925,30.40561],[-97.70919,30.40557],[-97.70908,30.40552],[-97.70897,30.40548],[-97.70888,30.40546],[-97.70881,30.40546],[-97.70866,30.40545],[-97.7085,30.40543],[-97.70841,30.40542],[-97.70836,30.40541],[-97.70832,30.40538],[-97.70825,30.40534],[-97.70819,30.40529],[-97.70809,30.40523],[-97.70793,30.40517],[-97.70779,30.40513],[-97.70765,30.40511],[-97.70759,30.4051],[-97.7075,30.4051],[-97.70737,30.40509],[-97.70725,30.4051],[-97.70715,30.40511]]},"properties":{"name":"Walnut Creek","creek_type":"NATURAL_ALLUVIAL","reach_id":"WLN-13","watershed":"WLN","feature_kind":"waterway","source":"City of Austin Watershed Protection creek centerlines","retrieved_at":"2026-09-29T00:26:18.548370+00:00","access_claim":"none"}},{"type":"Feature","id":"coa-creek/2335316","geometry":{"type":"LineString","coordinates":[[-97.67486,30.38838],[-97.67482,30.3884]]},"properties":{"name":"Walnut Creek","creek_type":"NATURAL_ROCKBED","reach_id":"WLN-8","watershed":"WLN","feature_kind":"waterway","source":"City of Austin Watershed Protection creek centerlines","retrieved_at":"2026-09-29T00:26:18.548370+00:00","access_claim":"none"}},{"type":"Feature","id":"coa-creek/2320098","geometry":{"type":"LineString","coordinates":[[-97.7705,30.3823],[-97.77067,30.38224],[-97.77093,30.38208],[-97.77101,30.38203],[-97.77113,30.38197],[-97.77119,30.38193],[-97.77128,30.38189],[-97.77139,30.38184],[-97.77163,30.38167],[-97.77167,30.38164],[-97.77182,30.38156],[-97.77216,30.38134],[-97.77236,30.38119],[-97.77271,30.38093],[-97.77285,30.38083],[-97.77291,30.38078],[-97.77332,30.38044],[-97.77349,30.38023],[-97.77364,30.38009],[-97.77376,30.38],[-97.77379,30.37998],[-97.77391,30.37985],[-97.77411,30.37963],[-97.77418,30.37953],[-97.77428,30.37935],[-97.7743,30.3793],[-97.77431,30.37919],[-97.77431,30.37908],[-97.77432,30.37901],[-97.77436,30.37886],[-97.77441,30.3787],[-97.77442,30.37861],[-97.77442,30.37848],[-97.77441,30.37829],[-97.77438,30.37815],[-97.77437,30.37808],[-97.77438,30.378],[-97.77439,30.37793]]},"properties":{"name":"Bull Creek","creek_type":"NATURAL_ROCKBED","reach_id":"BUL-5","watershed":"BUL","feature_kind":"waterway","source":"City of Austin Watershed Protection creek centerlines","retrieved_at":"2026-09-29T00:26:18.548370+00:00","access_claim":"none"}},{"type":"Feature","id":"coa-creek/2347072","geometry":{"type":"LineString","coordinates":[[-97.75017,30.44098],[-97.75008,30.44083]]},"properties":{"name":"Walnut Creek","creek_type":"UNDERGROUND_CULVERT","reach_id":"WLN-17","watershed":"WLN","feature_kind":"waterway","source":"City of Austin Watershed Protection creek centerlines","retrieved_at":"2026-09-29T00:26:18.548370+00:00","access_claim":"none"}},{"type":"Feature","id":"coa-creek/2381449","geometry":{"type":"LineString","coordinates":[[-97.91162,30.24416],[-97.91158,30.24413],[-97.91157,30.24413]]},"properties":{"name":"Williamson Creek","creek_type":"NATURAL_UNCLASSIFIED","reach_id":null,"watershed":"WMS","feature_kind":"waterway","source":"City of Austin Watershed Protection creek centerlines","retrieved_at":"2026-09-29T00:26:18.548370+00:00","access_claim":"none"}},{"type":"Feature","id":"coa-creek/2338364","geometry":{"type":"LineString","coordinates":[[-97.83766,30.39553],[-97.83763,30.39554],[-97.83755,30.39554],[-97.83752,30.39552],[-97.83748,30.39551],[-97.83742,30.39551],[-97.83738,30.3955],[-97.83734,30.39549],[-97.83722,30.39552],[-97.83714,30.39555],[-97.83709,30.39559],[-97.83703,30.39567],[-97.83699,30.39572],[-97.83693,30.39575],[-97.83681,30.39581],[-97.83678,30.39582],[-97.83668,30.39584],[-97.83659,30.39584]]},"properties":{"name":"Bull Creek","creek_type":"NATURAL_UNCLASSIFIED","reach_id":null,"watershed":"BUL","feature_kind":"waterway","source":"City of Austin Watershed Protection creek centerlines","retrieved_at":"2026-09-29T00:26:18.548370+00:00","access_claim":"none"}},{"type":"Feature","id":"coa-creek/2365318","geometry":{"type":"LineString","coordinates":[[-97.65637,30.17485],[-97.65637,30.17488]]},"properties":{"name":"Onion Creek","creek_type":"NATURAL_ALLUVIAL","reach_id":"ONI-1","watershed":"ONI","feature_kind":"waterway","source":"City of Austin Watershed Protection creek centerlines","retrieved_at":"2026-09-29T00:26:18.548370+00:00","access_claim":"none"}},{"type":"Feature","id":"coa-creek/2360333","geometry":{"type":"LineString","coordinates":[[-97.91405,30.30439],[-97.91394,30.30445],[-97.91363,30.30465],[-97.91341,30.30478],[-97.91323,30.30488],[-97.91312,30.30495],[-97.91307,30.30497],[-97.91304,30.30498]]},"properties":{"name":"Barton Creek","creek_type":"NATURAL_ROCKBED","reach_id":"BAR-10","watershed":"BAR","feature_kind":"waterway","source":"City of Austin Watershed Protection creek centerlines","retrieved_at":"2026-09-29T00:26:18.548370+00:00","access_claim":"none"}},{"type":"Feature","id":"coa-creek/2359587","geometry":{"type":"LineString","coordinates":[[-97.77717,30.39336],[-97.77745,30.39286],[-97.77779,30.39234]]},"properties":{"name":"Bull Creek","creek_type":"NATURAL_ALLUVIAL","reach_id":"BUL-7","watershed":"BUL","feature_kind":"waterway","source":"City of Austin Watershed Protection creek centerlines","retrieved_at":"2026-09-29T00:26:18.548370+00:00","access_claim":"none"}},{"type":"Feature","id":"coa-creek/2360548","geometry":{"type":"LineString","coordinates":[[-97.77849,30.21482],[-97.77856,30.21493],[-97.7786,30.21502],[-97.77864,30.21509],[-97.77868,30.21512],[-97.77875,30.21517],[-97.77881,30.21521],[-97.77886,30.21525],[-97.77888,30.21529],[-97.77889,30.21531],[-97.7789,30.21535],[-97.77889,30.21539],[-97.77883,30.21542],[-97.77876,30.21547],[-97.7787,30.2155],[-97.77862,30.21552],[-97.77857,30.21555],[-97.77853,30.21556],[-97.77847,30.21557],[-97.77841,30.21557],[-97.77832,30.21557],[-97.77827,30.21556],[-97.77809,30.21555],[-97.77796,30.21554],[-97.77789,30.21553],[-97.77751,30.21545],[-97.77732,30.21545],[-97.7771,30.21545],[-97.77687,30.21543],[-97.77655,30.2154],[-97.7765,30.2154],[-97.77634,30.21538],[-97.77624,30.21537],[-97.77612,30.21533],[-97.77603,30.21529],[-97.77595,30.21527],[-97.77587,30.21528],[-97.77573,30.2153],[-97.77552,30.21534],[-97.77541,30.21535],[-97.77526,30.21536],[-97.77497,30.2154],[-97.77482,30.21541],[-97.7747,30.21541],[-97.77449,30.21542],[-97.77433,30.21541],[-97.77422,30.21539],[-97.7741,30.21538],[-97.77403,30.21535],[-97.77398,30.21535],[-97.77394,30.21534],[-97.77385,30.21536],[-97.77371,30.21538],[-97.77367,30.21539],[-97.77354,30.2154],[-97.7734,30.21541],[-97.7733,30.21541],[-97.7732,30.21541],[-97.77313,30.21541],[-97.77308,30.21542],[-97.77303,30.21545],[-97.77295,30.21548],[-97.77291,30.21549],[-97.77286,30.21551],[-97.77282,30.21552],[-97.77279,30.21552],[-97.77276,30.21552],[-97.77269,30.2155],[-97.77258,30.2155],[-97.77244,30.21546],[-97.77223,30.21541],[-97.77218,30.2154],[-97.77215,30.2154],[-97.77213,30.2154],[-97.77211,30.21541],[-97.77208,30.21541],[-97.77199,30.21545]]},"properties":{"name":"Williamson Creek","creek_type":"NATURAL_ROCKBED","reach_id":"WMS-8","watershed":"WMS","feature_kind":"waterway","source":"City of Austin Watershed Protection creek centerlines","retrieved_at":"2026-09-29T00:26:18.548370+00:00","access_claim":"none"}},{"type":"Feature","id":"coa-creek/2358481","geometry":{"type":"LineString","coordinates":[[-97.86379,30.29878],[-97.86355,30.2984],[-97.86338,30.29814],[-97.86332,30.29805],[-97.86323,30.29793],[-97.86299,30.29758],[-97.86282,30.29736],[-97.86274,30.29727],[-97.8626,30.29713],[-97.86254,30.29708],[-97.86246,30.29703],[-97.8624,30.297],[-97.86233,30.29696],[-97.86227,30.29694],[-97.86219,30.29691],[-97.86204,30.29687],[-97.86192,30.29685],[-97.86179,30.29682],[-97.86172,30.29681],[-97.86163,30.2968],[-97.86155,30.29679],[-97.86144,30.29679],[-97.86135,30.29679],[-97.86124,30.29679],[-97.86118,30.2968],[-97.86112,30.2968],[-97.86104,30.29682],[-97.86101,30.29682],[-97.86091,30.29684],[-97.86083,30.29686],[-97.86069,30.2969],[-97.86042,30.29697],[-97.86031,30.29701],[-97.86022,30.29704],[-97.85968,30.29731],[-97.85952,30.2974],[-97.8594,30.29748],[-97.85929,30.29757],[-97.85903,30.2978],[-97.8589,30.29794],[-97.85879,30.29806],[-97.85868,30.29819],[-97.85864,30.29824],[-97.8586,30.2983],[-97.85857,30.29836],[-97.85852,30.2985],[-97.85843,30.29871],[-97.85835,30.29898],[-97.85822,30.2993],[-97.85808,30.29968],[-97.85806,30.29974],[-97.85802,30.29985],[-97.85799,30.29995],[-97.85787,30.30044],[-97.85785,30.30052],[-97.85785,30.30056],[-97.85782,30.3008],[-97.85778,30.30114],[-97.85775,30.30145],[-97.85772,30.30164],[-97.8577,30.30178],[-97.85767,30.30203],[-97.85766,30.30218],[-97.85766,30.30224],[-97.85767,30.30232],[-97.85769,30.30241],[-97.8577,30.30254],[-97.85772,30.30266],[-97.85772,30.30277],[-97.85771,30.30282],[-97.85771,30.30288],[-97.8577,30.30296],[-97.85768,30.30301],[-97.85767,30.30307],[-97.85763,30.30317],[-97.8576,30.30329],[-97.85758,30.30335],[-97.85758,30.30336],[-97.85757,30.30343],[-97.85756,30.30347]]},"properties":{"name":"Barton Creek","creek_type":"NATURAL_ROCKBED","reach_id":"BAR-7","watershed":"BAR","feature_kind":"waterway","source":"City of Austin Watershed Protection creek centerlines","retrieved_at":"2026-09-29T00:26:18.548370+00:00","access_claim":"none"}},{"type":"Feature","id":"coa-creek/2328650","geometry":{"type":"LineString","coordinates":[[-97.76938,30.15937],[-97.7693,30.15938],[-97.76911,30.15937]]},"properties":{"name":"Onion Creek","creek_type":"NATURAL_ROCKBED","reach_id":"ONI-8","watershed":"ONI","feature_kind":"waterway","source":"City of Austin Watershed Protection creek centerlines","retrieved_at":"2026-09-29T00:26:18.548370+00:00","access_claim":"none"}},{"type":"Feature","id":"coa-creek/2380416","geometry":{"type":"LineString","coordinates":[[-97.78019,30.15593],[-97.78015,30.15616],[-97.78006,30.15641],[-97.77992,30.15663],[-97.77983,30.15672],[-97.77971,30.1568],[-97.77951,30.15692],[-97.77931,30.15706],[-97.77909,30.15717],[-97.77884,30.15727],[-97.77859,30.15737],[-97.77845,30.15742],[-97.77831,30.15744],[-97.77824,30.15744],[-97.77819,30.15744],[-97.77807,30.15741],[-97.77791,30.1574],[-97.77774,30.15743],[-97.77744,30.1575],[-97.77719,30.15757],[-97.7767,30.1577],[-97.77641,30.15773],[-97.77608,30.15774],[-97.77588,30.1577],[-97.77578,30.15767]]},"properties":{"name":"Onion Creek","creek_type":"NATURAL_ROCKBED","reach_id":"ONI-8","watershed":"ONI","feature_kind":"waterway","source":"City of Austin Watershed Protection creek centerlines","retrieved_at":"2026-09-29T00:26:18.548370+00:00","access_claim":"none"}},{"type":"Feature","id":"coa-creek/2363515","geometry":{"type":"LineString","coordinates":[[-97.65391,30.35437],[-97.65387,30.35429],[-97.65385,30.35421],[-97.65385,30.35417],[-97.65386,30.35412]]},"properties":{"name":"Walnut Creek","creek_type":"NATURAL_ROCKBED","reach_id":"WLN-6","watershed":"WLN","feature_kind":"waterway","source":"City of Austin Watershed Protection creek centerlines","retrieved_at":"2026-09-29T00:26:18.548370+00:00","access_claim":"none"}},{"type":"Feature","id":"coa-creek/2374260","geometry":{"type":"LineString","coordinates":[[-97.64599,30.26498],[-97.64588,30.26489],[-97.64584,30.26484],[-97.6458,30.26481],[-97.64573,30.26478],[-97.64567,30.26476],[-97.64531,30.26462]]},"properties":{"name":"Walnut Creek","creek_type":"NATURAL_ALLUVIAL","reach_id":"WLN-1","watershed":"WLN","feature_kind":"waterway","source":"City of Austin Watershed Protection creek centerlines","retrieved_at":"2026-09-29T00:26:18.548370+00:00","access_claim":"none"}},{"type":"Feature","id":"coa-creek/2342610","geometry":{"type":"LineString","coordinates":[[-97.75366,30.28777],[-97.75367,30.28772],[-97.75369,30.28766],[-97.75371,30.2876],[-97.75375,30.28748],[-97.75377,30.28743],[-97.75381,30.28726],[-97.75384,30.28716],[-97.75385,30.28712],[-97.75385,30.28708],[-97.75386,30.2869],[-97.75388,30.28675],[-97.75391,30.28658],[-97.75392,30.28648],[-97.75391,30.2864],[-97.7539,30.28616],[-97.7539,30.28607],[-97.7539,30.28596],[-97.7539,30.28584],[-97.7539,30.28577],[-97.7539,30.28575],[-97.75392,30.28569],[-97.75395,30.28558],[-97.75398,30.28551],[-97.754,30.28546],[-97.75403,30.28542],[-97.75407,30.28533],[-97.75411,30.28528],[-97.75416,30.28524],[-97.75424,30.28515],[-97.75435,30.285],[-97.75439,30.28495],[-97.75441,30.2849],[-97.75444,30.28485],[-97.75446,30.28471],[-97.75447,30.28466],[-97.75447,30.28461],[-97.75446,30.28454],[-97.75444,30.28445],[-97.75439,30.28437],[-97.75437,30.28434],[-97.75432,30.2843],[-97.75426,30.28425],[-97.7542,30.2842],[-97.75416,30.28418],[-97.75396,30.28405],[-97.75385,30.28399],[-97.75359,30.28385],[-97.75346,30.28377],[-97.75338,30.28371],[-97.75327,30.28363]]},"properties":{"name":"Shoal Creek","creek_type":"NATURAL_ROCKBED","reach_id":"SHL-4","watershed":"SHL","feature_kind":"waterway","source":"City of Austin Watershed Protection creek centerlines","retrieved_at":"2026-09-29T00:26:18.548370+00:00","access_claim":"none"}},{"type":"Feature","id":"coa-creek/2362762","geometry":{"type":"LineString","coordinates":[[-97.88118,30.29575],[-97.88117,30.29575],[-97.88116,30.29576],[-97.88108,30.2958],[-97.88102,30.29583],[-97.88095,30.29587],[-97.88087,30.29592],[-97.88083,30.29594],[-97.88079,30.29596],[-97.88076,30.29597],[-97.88073,30.29598],[-97.8807,30.29599],[-97.88068,30.29599],[-97.88067,30.29599],[-97.88058,30.296],[-97.88056,30.296],[-97.88054,30.296],[-97.88051,30.29601],[-97.88048,30.29602],[-97.88044,30.29605],[-97.88039,30.29607],[-97.88032,30.2961],[-97.8803,30.29612],[-97.88026,30.29614],[-97.88023,30.29616],[-97.88018,30.2962],[-97.88014,30.29624],[-97.88005,30.29632],[-97.87994,30.29643],[-97.87978,30.29661],[-97.87973,30.29668],[-97.87968,30.29674],[-97.87962,30.29682],[-97.87958,30.29688],[-97.87958,30.29689],[-97.87956,30.29692],[-97.87955,30.29694],[-97.87955,30.29698],[-97.87954,30.29701],[-97.87954,30.29703],[-97.87954,30.2971],[-97.87955,30.29712],[-97.87954,30.29717],[-97.87953,30.29719],[-97.87953,30.2972],[-97.87947,30.29727],[-97.87946,30.29729],[-97.87943,30.29735],[-97.87941,30.29737],[-97.87934,30.29751],[-97.87931,30.29755],[-97.87927,30.29762],[-97.87923,30.29766],[-97.8792,30.2977],[-97.87911,30.29777],[-97.87902,30.29784],[-97.87897,30.29789],[-97.87892,30.29793],[-97.87887,30.29798],[-97.87886,30.29799],[-97.87869,30.29811],[-97.87864,30.29813],[-97.87854,30.29819],[-97.87839,30.29828],[-97.87831,30.29833],[-97.87821,30.29839],[-97.87817,30.29841],[-97.87816,30.29843],[-97.87812,30.29847],[-97.87811,30.29848],[-97.87808,30.29851],[-97.87806,30.29852],[-97.87804,30.29854],[-97.87799,30.29856],[-97.87795,30.29858],[-97.87786,30.29861],[-97.87779,30.29863],[-97.87764,30.29867],[-97.87759,30.29869],[-97.87754,30.2987],[-97.87745,30.29872],[-97.87734,30.29873],[-97.87731,30.29873],[-97.87729,30.29874],[-97.87723,30.29875],[-97.87709,30.29876],[-97.87703,30.29878],[-97.877,30.29879],[-97.87694,30.29881],[-97.87672,30.29888],[-97.87663,30.29891],[-97.87657,30.29893],[-97.87654,30.29893],[-97.8765,30.29894],[-97.87639,30.29896],[-97.8763,30.29897],[-97.87629,30.29898]]},"properties":{"name":"Barton Creek","creek_type":"NATURAL_ALLUVIAL","reach_id":"BAR-8","watershed":"BAR","feature_kind":"waterway","source":"City of Austin Watershed Protection creek centerlines","retrieved_at":"2026-09-29T00:26:18.548370+00:00","access_claim":"none"}},{"type":"Feature","id":"coa-creek/2371954","geometry":{"type":"LineString","coordinates":[[-97.70899,30.4194],[-97.70894,30.41936],[-97.70891,30.41934],[-97.70887,30.41928],[-97.70883,30.41923],[-97.7088,30.41919],[-97.70878,30.41916],[-97.70875,30.41913],[-97.70872,30.4191],[-97.70869,30.41907],[-97.70865,30.41904],[-97.70861,30.41903],[-97.70858,30.41902],[-97.70855,30.41901],[-97.70851,30.41901],[-97.70847,30.41901],[-97.70844,30.419],[-97.70841,30.41898],[-97.70838,30.41897],[-97.70836,30.41896],[-97.70833,30.41895],[-97.70831,30.41894],[-97.70829,30.41893],[-97.70826,30.41892],[-97.70823,30.41891],[-97.7082,30.4189],[-97.70818,30.41889],[-97.70816,30.41888],[-97.70815,30.41887],[-97.70813,30.41886],[-97.7081,30.41885],[-97.70806,30.41884],[-97.70803,30.41883],[-97.708,30.41882],[-97.70797,30.41882],[-97.70793,30.41881],[-97.7079,30.4188],[-97.70787,30.4188],[-97.70785,30.41879],[-97.70783,30.4188],[-97.7078,30.4188],[-97.70778,30.41881],[-97.70776,30.41881],[-97.70773,30.41882],[-97.7077,30.41883],[-97.70768,30.41884],[-97.70765,30.41887],[-97.70762,30.41889],[-97.70757,30.4189],[-97.70754,30.4189],[-97.7075,30.41888],[-97.70746,30.41888],[-97.70743,30.41888],[-97.70741,30.41887],[-97.70738,30.41887],[-97.70735,30.41886]]},"properties":{"name":"Walnut Creek","creek_type":"NATURAL_ROCKBED","reach_id":"WLN-14","watershed":"WLN","feature_kind":"waterway","source":"City of Austin Watershed Protection creek centerlines","retrieved_at":"2026-09-29T00:26:18.548370+00:00","access_claim":"none"}},{"type":"Feature","id":"coa-creek/2379652","geometry":{"type":"LineString","coordinates":[[-97.86493,30.23449],[-97.86485,30.23451],[-97.86447,30.23479],[-97.86399,30.23504],[-97.86368,30.23516],[-97.86353,30.23521],[-97.86337,30.23526],[-97.86309,30.23539],[-97.86242,30.23562],[-97.86166,30.23578],[-97.86133,30.2357],[-97.86099,30.23566]]},"properties":{"name":"Williamson Creek","creek_type":"NATURAL_ROCKBED","reach_id":"WMS-12","watershed":"WMS","feature_kind":"waterway","source":"City of Austin Watershed Protection creek centerlines","retrieved_at":"2026-09-29T00:26:18.548370+00:00","access_claim":"none"}},{"type":"Feature","id":"coa-creek/2363753","geometry":{"type":"LineString","coordinates":[[-97.82713,30.2239],[-97.82712,30.2239],[-97.82704,30.22388],[-97.82699,30.22387],[-97.82683,30.22382],[-97.82659,30.22377],[-97.82647,30.22375],[-97.82625,30.22372],[-97.82612,30.22364],[-97.826,30.22358],[-97.82583,30.22345],[-97.82581,30.22344],[-97.82579,30.22342],[-97.82576,30.22341],[-97.82568,30.22337],[-97.82566,30.22336],[-97.82564,30.22334],[-97.82549,30.22323],[-97.82532,30.2231],[-97.82529,30.22307],[-97.82523,30.22301],[-97.82521,30.223],[-97.82519,30.22298],[-97.82506,30.22291],[-97.82495,30.22284]]},"properties":{"name":"Williamson Creek","creek_type":"NATURAL_ROCKBED","reach_id":"WMS-11","watershed":"WMS","feature_kind":"waterway","source":"City of Austin Watershed Protection creek centerlines","retrieved_at":"2026-09-29T00:26:18.548370+00:00","access_claim":"none"}},{"type":"Feature","id":"coa-creek/2326871","geometry":{"type":"LineString","coordinates":[[-97.80689,30.13292],[-97.80681,30.13296],[-97.80645,30.13323],[-97.8062,30.13336],[-97.80618,30.13338]]},"properties":{"name":"Onion Creek","creek_type":"NATURAL_ROCKBED","reach_id":"ONI-9","watershed":"ONI","feature_kind":"waterway","source":"City of Austin Watershed Protection creek centerlines","retrieved_at":"2026-09-29T00:26:18.548370+00:00","access_claim":"none"}},{"type":"Feature","id":"coa-creek/2361847","geometry":{"type":"LineString","coordinates":[[-97.90841,30.30619],[-97.90833,30.3061],[-97.90832,30.30609]]},"properties":{"name":"Barton Creek","creek_type":"NATURAL_ROCKBED","reach_id":"BAR-10","watershed":"BAR","feature_kind":"waterway","source":"City of Austin Watershed Protection creek centerlines","retrieved_at":"2026-09-29T00:26:18.548370+00:00","access_claim":"none"}},{"type":"Feature","id":"coa-creek/2366731","geometry":{"type":"LineString","coordinates":[[-97.85184,30.29583],[-97.85185,30.29579],[-97.85185,30.29575],[-97.85185,30.29571],[-97.85185,30.29566],[-97.85183,30.29559],[-97.85182,30.29555],[-97.85181,30.29552],[-97.85179,30.29544],[-97.85176,30.29537],[-97.85175,30.29534],[-97.85174,30.2953],[-97.85174,30.29528],[-97.85173,30.29523],[-97.85172,30.29516],[-97.85171,30.29504]]},"properties":{"name":"Barton Creek","creek_type":"NATURAL_ROCKBED","reach_id":"BAR-7","watershed":"BAR","feature_kind":"waterway","source":"City of Austin Watershed Protection creek centerlines","retrieved_at":"2026-09-29T00:26:18.548370+00:00","access_claim":"none"}},{"type":"Feature","id":"coa-creek/2371863","geometry":{"type":"LineString","coordinates":[[-97.78375,30.4017],[-97.78374,30.40169],[-97.78369,30.40154],[-97.78359,30.40132],[-97.78356,30.40126]]},"properties":{"name":"Bull Creek","creek_type":"NATURAL_ALLUVIAL","reach_id":"BUL-7","watershed":"BUL","feature_kind":"waterway","source":"City of Austin Watershed Protection creek centerlines","retrieved_at":"2026-09-29T00:26:18.548370+00:00","access_claim":"none"}},{"type":"Feature","id":"coa-creek/2341207","geometry":{"type":"LineString","coordinates":[[-97.9667,30.26531],[-97.96667,30.26532],[-97.96664,30.26533],[-97.96663,30.26534],[-97.96661,30.26535],[-97.96659,30.26536],[-97.96655,30.26539]]},"properties":{"name":"Barton Creek","creek_type":"ALTERED_EARTHEN","reach_id":null,"watershed":"BAR","feature_kind":"waterway","source":"City of Austin Watershed Protection creek centerlines","retrieved_at":"2026-09-29T00:26:18.548370+00:00","access_claim":"none"}},{"type":"Feature","id":"coa-creek/2365184","geometry":{"type":"LineString","coordinates":[[-97.73296,30.44058],[-97.7329,30.44051],[-97.73284,30.44044]]},"properties":{"name":"Walnut Creek","creek_type":"NATURAL_UNCLASSIFIED","reach_id":"WLN-17","watershed":"WLN","feature_kind":"waterway","source":"City of Austin Watershed Protection creek centerlines","retrieved_at":"2026-09-29T00:26:18.548370+00:00","access_claim":"none"}},{"type":"Feature","id":"coa-creek/2330268","geometry":{"type":"LineString","coordinates":[[-97.81298,30.2198],[-97.81292,30.21978],[-97.81279,30.21974],[-97.81274,30.21973],[-97.81263,30.21969],[-97.81246,30.21964],[-97.81237,30.21961],[-97.81234,30.2196],[-97.81229,30.21958]]},"properties":{"name":"Williamson Creek","creek_type":"NATURAL_ALLUVIAL","reach_id":"WMS-10","watershed":"WMS","feature_kind":"waterway","source":"City of Austin Watershed Protection creek centerlines","retrieved_at":"2026-09-29T00:26:18.548370+00:00","access_claim":"none"}},{"type":"Feature","id":"coa-creek/2320078","geometry":{"type":"LineString","coordinates":[[-97.77037,30.38258],[-97.77042,30.38251],[-97.77044,30.38248],[-97.7705,30.3823]]},"properties":{"name":"Bull Creek","creek_type":"NATURAL_ROCKBED","reach_id":"BUL-6","watershed":"BUL","feature_kind":"waterway","source":"City of Austin Watershed Protection creek centerlines","retrieved_at":"2026-09-29T00:26:18.548370+00:00","access_claim":"none"}},{"type":"Feature","id":"coa-creek/2357232","geometry":{"type":"LineString","coordinates":[[-97.78601,30.12991],[-97.78597,30.12989]]},"properties":{"name":"Onion Creek","creek_type":"NATURAL_ROCKBED","reach_id":"ONI-9","watershed":"ONI","feature_kind":"waterway","source":"City of Austin Watershed Protection creek centerlines","retrieved_at":"2026-09-29T00:26:18.548370+00:00","access_claim":"none"}},{"type":"Feature","id":"coa-creek/2360939","geometry":{"type":"LineString","coordinates":[[-97.88625,30.28987],[-97.88624,30.28983],[-97.88622,30.28973],[-97.88621,30.28966],[-97.88621,30.28962],[-97.8862,30.28958],[-97.8862,30.28954],[-97.88621,30.28943],[-97.88622,30.28935],[-97.88622,30.28932],[-97.88622,30.2893],[-97.88622,30.28928],[-97.88622,30.28925],[-97.8862,30.28922],[-97.88618,30.2892],[-97.88618,30.28919],[-97.88615,30.28917],[-97.88609,30.28911],[-97.88606,30.28908],[-97.88605,30.28907],[-97.88602,30.28901],[-97.88601,30.28899],[-97.88588,30.28874],[-97.88586,30.2887],[-97.88583,30.28866],[-97.88553,30.28834],[-97.88545,30.28826],[-97.88534,30.28815],[-97.88524,30.28802],[-97.88506,30.28783],[-97.88477,30.28755],[-97.88477,30.28755]]},"properties":{"name":"Barton Creek","creek_type":"NATURAL_ALLUVIAL","reach_id":"BAR-9","watershed":"BAR","feature_kind":"waterway","source":"City of Austin Watershed Protection creek centerlines","retrieved_at":"2026-09-29T00:26:18.548370+00:00","access_claim":"none"}},{"type":"Feature","id":"coa-creek/2319960","geometry":{"type":"LineString","coordinates":[[-97.66644,30.16911],[-97.66639,30.16912],[-97.66613,30.16913],[-97.66604,30.16914]]},"properties":{"name":"Onion Creek","creek_type":"NATURAL_ALLUVIAL","reach_id":"ONI-2","watershed":"ONI","feature_kind":"waterway","source":"City of Austin Watershed Protection creek centerlines","retrieved_at":"2026-09-29T00:26:18.548370+00:00","access_claim":"none"}},{"type":"Feature","id":"coa-creek/2336623","geometry":{"type":"LineString","coordinates":[[-97.91855,30.24736],[-97.9185,30.24735],[-97.91843,30.24735]]},"properties":{"name":"Williamson Creek","creek_type":"NATURAL_UNCLASSIFIED","reach_id":null,"watershed":"WMS","feature_kind":"waterway","source":"City of Austin Watershed Protection creek centerlines","retrieved_at":"2026-09-29T00:26:18.548370+00:00","access_claim":"none"}},{"type":"Feature","id":"coa-creek/2354977","geometry":{"type":"LineString","coordinates":[[-97.95399,30.27607],[-97.95399,30.27607],[-97.95387,30.27606],[-97.95372,30.27605],[-97.95366,30.27605],[-97.95362,30.27605],[-97.95361,30.27605],[-97.95351,30.27604],[-97.95341,30.27604],[-97.95331,30.27604],[-97.9532,30.27604],[-97.95311,30.27604],[-97.9531,30.27604],[-97.95297,30.27603],[-97.95287,30.27602],[-97.95266,30.276],[-97.95258,30.27599]]},"properties":{"name":"Barton Creek","creek_type":"NATURAL_UNCLASSIFIED","reach_id":null,"watershed":"BAR","feature_kind":"waterway","source":"City of Austin Watershed Protection creek centerlines","retrieved_at":"2026-09-29T00:26:18.548370+00:00","access_claim":"none"}},{"type":"Feature","id":"coa-creek/2363411","geometry":{"type":"LineString","coordinates":[[-97.89139,30.29549],[-97.89132,30.29552],[-97.89132,30.29552],[-97.89124,30.29555],[-97.89118,30.29558],[-97.89101,30.29564],[-97.8909,30.29568],[-97.89082,30.2957],[-97.89075,30.29571],[-97.89069,30.29572],[-97.89064,30.29572],[-97.89058,30.29571],[-97.89054,30.29571],[-97.89048,30.29569],[-97.89017,30.29562],[-97.89002,30.29559],[-97.88993,30.29556],[-97.8899,30.29555],[-97.88976,30.2955],[-97.88966,30.29546],[-97.88959,30.29543],[-97.88952,30.29539],[-97.88946,30.29536],[-97.88943,30.29534],[-97.88942,30.29533],[-97.88939,30.29531]]},"properties":{"name":"Barton Creek","creek_type":"NATURAL_ALLUVIAL","reach_id":"BAR-9","watershed":"BAR","feature_kind":"waterway","source":"City of Austin Watershed Protection creek centerlines","retrieved_at":"2026-09-29T00:26:18.548370+00:00","access_claim":"none"}},{"type":"Feature","id":"coa-creek/2354289","geometry":{"type":"LineString","coordinates":[[-97.68944,30.40077],[-97.68936,30.40074],[-97.68923,30.40069],[-97.68916,30.40067],[-97.68912,30.40064],[-97.68906,30.4006],[-97.689,30.40057],[-97.68893,30.40054],[-97.68889,30.40051],[-97.68884,30.40048],[-97.68877,30.40043],[-97.6887,30.40037],[-97.68863,30.40031],[-97.68861,30.40028],[-97.6886,30.40025],[-97.68858,30.40021],[-97.68857,30.40017],[-97.68855,30.40015],[-97.68853,30.40013],[-97.6885,30.4001],[-97.68847,30.40008],[-97.68796,30.39967],[-97.68789,30.3996],[-97.68782,30.39954],[-97.68776,30.39948],[-97.6877,30.39943],[-97.68765,30.39939],[-97.68761,30.39935],[-97.68756,30.39929],[-97.68747,30.39921],[-97.68745,30.39918],[-97.68742,30.39915]]},"properties":{"name":"Walnut Creek","creek_type":"NATURAL_ROCKBED","reach_id":"WLN-10","watershed":"WLN","feature_kind":"waterway","source":"City of Austin Watershed Protection creek centerlines","retrieved_at":"2026-09-29T00:26:18.548370+00:00","access_claim":"none"}},{"type":"Feature","id":"coa-creek/2347176","geometry":{"type":"LineString","coordinates":[[-97.82375,30.26747],[-97.82366,30.26713],[-97.82366,30.26712],[-97.82363,30.26704],[-97.82359,30.26695],[-97.82348,30.26665],[-97.82341,30.2664],[-97.82337,30.26615],[-97.82335,30.266]]},"properties":{"name":"Barton Creek","creek_type":"NATURAL_ROCKBED","reach_id":"BAR-6","watershed":"BAR","feature_kind":"waterway","source":"City of Austin Watershed Protection creek centerlines","retrieved_at":"2026-09-29T00:26:18.548370+00:00","access_claim":"none"}},{"type":"Feature","id":"coa-creek/2362013","geometry":{"type":"LineString","coordinates":[[-97.91831,30.24732],[-97.91828,30.24733],[-97.91822,30.24734]]},"properties":{"name":"Williamson Creek","creek_type":"UNDERGROUND_CULVERT","reach_id":null,"watershed":"WMS","feature_kind":"waterway","source":"City of Austin Watershed Protection creek centerlines","retrieved_at":"2026-09-29T00:26:18.548370+00:00","access_claim":"none"}},{"type":"Feature","id":"coa-creek/2358776","geometry":{"type":"LineString","coordinates":[[-97.84943,30.28633],[-97.84944,30.28633],[-97.84947,30.2863],[-97.84954,30.28623],[-97.84959,30.28619],[-97.84975,30.28606],[-97.8498,30.28603],[-97.84987,30.28598],[-97.85011,30.28586],[-97.85017,30.28583],[-97.85024,30.2858],[-97.85044,30.28575],[-97.85049,30.28573]]},"properties":{"name":"Barton Creek","creek_type":"NATURAL_ROCKBED","reach_id":"BAR-7","watershed":"BAR","feature_kind":"waterway","source":"City of Austin Watershed Protection creek centerlines","retrieved_at":"2026-09-29T00:26:18.548370+00:00","access_claim":"none"}},{"type":"Feature","id":"coa-creek/2375897","geometry":{"type":"LineString","coordinates":[[-97.64814,30.32848],[-97.64818,30.32842]]},"properties":{"name":"Walnut Creek","creek_type":"NATURAL_ALLUVIAL","reach_id":"WLN-4","watershed":"WLN","feature_kind":"waterway","source":"City of Austin Watershed Protection creek centerlines","retrieved_at":"2026-09-29T00:26:18.548370+00:00","access_claim":"none"}},{"type":"Feature","id":"coa-creek/2361221","geometry":{"type":"LineString","coordinates":[[-97.90165,30.29088],[-97.90164,30.29086],[-97.90163,30.29085],[-97.9016,30.29081],[-97.90158,30.29079],[-97.90156,30.29074],[-97.9015,30.29063],[-97.90138,30.29041],[-97.90137,30.29039],[-97.90134,30.29034],[-97.90132,30.29031],[-97.9013,30.29029],[-97.90128,30.29026],[-97.90124,30.29022],[-97.90123,30.29022],[-97.90119,30.29018]]},"properties":{"name":"Barton Creek","creek_type":"NATURAL_ALLUVIAL","reach_id":"BAR-9","watershed":"BAR","feature_kind":"waterway","source":"City of Austin Watershed Protection creek centerlines","retrieved_at":"2026-09-29T00:26:18.548370+00:00","access_claim":"none"}},{"type":"Feature","id":"coa-creek/2320685","geometry":{"type":"LineString","coordinates":[[-97.69405,30.17957],[-97.69399,30.17959],[-97.69394,30.17961],[-97.69379,30.1796],[-97.69347,30.17951],[-97.69338,30.17948],[-97.69332,30.17945],[-97.6933,30.17941],[-97.69329,30.17939]]},"properties":{"name":"Onion Creek","creek_type":"NATURAL_UNCLASSIFIED","reach_id":"ONI-2","watershed":"ONI","feature_kind":"waterway","source":"City of Austin Watershed Protection creek centerlines","retrieved_at":"2026-09-29T00:26:18.548370+00:00","access_claim":"none"}},{"type":"Feature","id":"coa-creek/2358483","geometry":{"type":"LineString","coordinates":[[-97.85756,30.30347],[-97.85749,30.30361],[-97.85735,30.30395],[-97.85728,30.30415],[-97.85726,30.30418],[-97.85724,30.30424],[-97.8572,30.30432],[-97.85717,30.30435],[-97.85714,30.30438],[-97.85708,30.30441],[-97.857,30.30444],[-97.85689,30.30447],[-97.85652,30.30463],[-97.85628,30.30473],[-97.85624,30.30475],[-97.85619,30.30478],[-97.85616,30.30481],[-97.85613,30.30482],[-97.85611,30.30483],[-97.85609,30.30485],[-97.85606,30.30486],[-97.85603,30.30487],[-97.85601,30.30488],[-97.85599,30.30488],[-97.85596,30.30489],[-97.85591,30.3049],[-97.85586,30.30491],[-97.85576,30.30493],[-97.85572,30.30494],[-97.85569,30.30495],[-97.85565,30.30496],[-97.85558,30.30496],[-97.85554,30.30497],[-97.85552,30.30497],[-97.85549,30.30497],[-97.85547,30.30497]]},"properties":{"name":"Barton Creek","creek_type":"NATURAL_ROCKBED","reach_id":"BAR-7","watershed":"BAR","feature_kind":"waterway","source":"City of Austin Watershed Protection creek centerlines","retrieved_at":"2026-09-29T00:26:18.548370+00:00","access_claim":"none"}},{"type":"Feature","id":"coa-creek/2344081","geometry":{"type":"LineString","coordinates":[[-97.95673,30.27681],[-97.95667,30.27679],[-97.95665,30.27678],[-97.95663,30.27677],[-97.9566,30.27677],[-97.95655,30.27676],[-97.95651,30.27675],[-97.95649,30.27675],[-97.95645,30.27674],[-97.95643,30.27673],[-97.95639,30.27672],[-97.95636,30.27671],[-97.9563,30.2767],[-97.95617,30.27667],[-97.95612,30.27666],[-97.95608,30.27665],[-97.95605,30.27664],[-97.956,30.27663],[-97.95594,30.27661],[-97.95589,30.2766],[-97.95586,30.27659],[-97.95574,30.27657],[-97.95563,30.27655],[-97.95559,30.27654],[-97.95553,30.27653],[-97.95548,30.27651],[-97.95544,30.2765],[-97.95542,30.2765],[-97.95538,30.27649],[-97.95533,30.27649],[-97.9553,30.27649],[-97.95528,30.27649],[-97.95522,30.27648],[-97.9552,30.27648],[-97.95517,30.27647],[-97.95515,30.27647],[-97.95512,30.27646],[-97.95508,30.27644],[-97.95504,30.27643],[-97.95502,30.27642],[-97.95489,30.27637],[-97.95487,30.27636],[-97.95481,30.27633],[-97.95478,30.27632],[-97.95476,30.27631],[-97.95472,30.27628],[-97.95466,30.27624],[-97.9546,30.27621],[-97.95453,30.27616],[-97.95448,30.27613],[-97.95445,30.27611],[-97.95444,30.27611],[-97.95442,30.2761],[-97.95439,30.27609],[-97.95432,30.27608],[-97.95415,30.27607],[-97.95407,30.27607],[-97.95399,30.27607]]},"properties":{"name":"Barton Creek","creek_type":"NATURAL_UNCLASSIFIED","reach_id":null,"watershed":"BAR","feature_kind":"waterway","source":"City of Austin Watershed Protection creek centerlines","retrieved_at":"2026-09-29T00:26:18.548370+00:00","access_claim":"none"}},{"type":"Feature","id":"coa-creek/2375861","geometry":{"type":"LineString","coordinates":[[-97.79272,30.41075],[-97.7928,30.41054],[-97.79287,30.41048],[-97.79296,30.41038],[-97.793,30.41033],[-97.79302,30.41028],[-97.79304,30.41019],[-97.79308,30.41008],[-97.79314,30.40997],[-97.79321,30.40987]]},"properties":{"name":"Bull Creek","creek_type":"NATURAL_ROCKBED","reach_id":"BUL-9","watershed":"BUL","feature_kind":"waterway","source":"City of Austin Watershed Protection creek centerlines","retrieved_at":"2026-09-29T00:26:18.548370+00:00","access_claim":"none"}},{"type":"Feature","id":"coa-creek/2374767","geometry":{"type":"LineString","coordinates":[[-97.72748,30.43853],[-97.72738,30.43849],[-97.72726,30.43845],[-97.72715,30.43841],[-97.72708,30.43836],[-97.72703,30.43833],[-97.72699,30.43832],[-97.72693,30.4383],[-97.72688,30.43825],[-97.72684,30.43822],[-97.72681,30.43816],[-97.7268,30.43813],[-97.72677,30.43807],[-97.72674,30.43804],[-97.72668,30.43804],[-97.72658,30.43805],[-97.72648,30.43807],[-97.72627,30.43808],[-97.72618,30.43809],[-97.72613,30.4381],[-97.72611,30.4381],[-97.72608,30.43809],[-97.72602,30.43809],[-97.72591,30.43807],[-97.72581,30.43805],[-97.72572,30.43804],[-97.72564,30.43803],[-97.72561,30.43802],[-97.72555,30.43801],[-97.7255,30.43801],[-97.72546,30.43802],[-97.72538,30.43803],[-97.72529,30.43807],[-97.72518,30.43813],[-97.72509,30.43818],[-97.72505,30.43821],[-97.72501,30.43822],[-97.72497,30.43824],[-97.72493,30.43825],[-97.72488,30.43826],[-97.72469,30.4383],[-97.72462,30.43832],[-97.72426,30.43842]]},"properties":{"name":"Walnut Creek","creek_type":"NATURAL_ALLUVIAL","reach_id":"WLN-16","watershed":"WLN","feature_kind":"waterway","source":"City of Austin Watershed Protection creek centerlines","retrieved_at":"2026-09-29T00:26:18.548370+00:00","access_claim":"none"}},{"type":"Feature","id":"coa-creek/2368352","geometry":{"type":"LineString","coordinates":[[-97.74744,30.30606],[-97.74744,30.30603]]},"properties":{"name":"Shoal Creek","creek_type":"UNDERGROUND_CULVERT","reach_id":"SHL-7A","watershed":"SHL","feature_kind":"waterway","source":"City of Austin Watershed Protection creek centerlines","retrieved_at":"2026-09-29T00:26:18.548370+00:00","access_claim":"none"}},{"type":"Feature","id":"coa-creek/2320693","geometry":{"type":"LineString","coordinates":[[-97.77732,30.15104],[-97.77769,30.15115]]},"properties":{"name":"Onion Creek","creek_type":"NATURAL_ROCKBED","reach_id":"ONI-9","watershed":"ONI","feature_kind":"waterway","source":"City of Austin Watershed Protection creek centerlines","retrieved_at":"2026-09-29T00:26:18.548370+00:00","access_claim":"none"}},{"type":"Feature","id":"coa-creek/2381008","geometry":{"type":"LineString","coordinates":[[-97.72746,30.19016],[-97.72736,30.19013],[-97.72728,30.19011],[-97.7271,30.19015],[-97.72705,30.1902],[-97.727,30.19028],[-97.72692,30.19033],[-97.72687,30.19037],[-97.72683,30.19041],[-97.7268,30.19043],[-97.72677,30.19045],[-97.72672,30.19047],[-97.72668,30.19048],[-97.72659,30.19051],[-97.72634,30.19055],[-97.72631,30.19057],[-97.72628,30.19057],[-97.72625,30.19058],[-97.72623,30.1906],[-97.7262,30.19061],[-97.72617,30.19063],[-97.72613,30.19067],[-97.72611,30.19069],[-97.72609,30.19073],[-97.72607,30.19075],[-97.72602,30.19083],[-97.726,30.19085],[-97.72599,30.19089],[-97.7259,30.19099],[-97.72588,30.19103],[-97.72577,30.19115],[-97.72569,30.19121],[-97.72552,30.1914],[-97.72551,30.19142],[-97.72541,30.19156]]},"properties":{"name":"Williamson Creek","creek_type":"NATURAL_ALLUVIAL","reach_id":"WMS-3","watershed":"WMS","feature_kind":"waterway","source":"City of Austin Watershed Protection creek centerlines","retrieved_at":"2026-09-29T00:26:18.548370+00:00","access_claim":"none"}},{"type":"Feature","id":"coa-creek/2360288","geometry":{"type":"LineString","coordinates":[[-97.76135,30.1944],[-97.76136,30.19436],[-97.76136,30.19432],[-97.76137,30.19428],[-97.76138,30.19422],[-97.76137,30.19416],[-97.76137,30.1941],[-97.76137,30.19405],[-97.76137,30.194],[-97.76133,30.19395],[-97.76131,30.1939],[-97.76131,30.19382],[-97.76133,30.19372],[-97.76133,30.19367],[-97.76133,30.19362],[-97.76131,30.19356],[-97.76131,30.1935],[-97.76129,30.19344],[-97.76127,30.19339],[-97.76126,30.19334],[-97.76124,30.19329],[-97.76118,30.19321],[-97.76114,30.19315],[-97.76113,30.19312],[-97.7611,30.19308],[-97.76107,30.19303],[-97.76102,30.19296],[-97.76096,30.19288],[-97.76091,30.19282],[-97.76084,30.19277],[-97.7608,30.19274],[-97.76072,30.1927],[-97.76069,30.19268],[-97.76061,30.19262],[-97.76056,30.19258],[-97.76051,30.19252]]},"properties":{"name":"Williamson Creek","creek_type":"NATURAL_ALLUVIAL","reach_id":"WMS-5","watershed":"WMS","feature_kind":"waterway","source":"City of Austin Watershed Protection creek centerlines","retrieved_at":"2026-09-29T00:26:18.548370+00:00","access_claim":"none"}},{"type":"Feature","id":"coa-creek/2381314","geometry":{"type":"LineString","coordinates":[[-97.7372,30.17106],[-97.73717,30.171],[-97.73709,30.17086],[-97.73702,30.17075],[-97.73696,30.17066],[-97.7369,30.17061],[-97.73679,30.17058],[-97.73667,30.17056],[-97.73645,30.17059],[-97.73619,30.17066],[-97.73614,30.17066],[-97.73607,30.17065],[-97.7359,30.1706],[-97.73576,30.17052],[-97.73571,30.17049],[-97.73563,30.17047],[-97.7355,30.17045],[-97.7353,30.17046],[-97.73519,30.17051],[-97.73494,30.17065],[-97.7348,30.17072],[-97.73461,30.17077]]},"properties":{"name":"Onion Creek","creek_type":"NATURAL_ROCKBED","reach_id":"ONI-5","watershed":"ONI","feature_kind":"waterway","source":"City of Austin Watershed Protection creek centerlines","retrieved_at":"2026-09-29T00:26:18.548370+00:00","access_claim":"none"}},{"type":"Feature","id":"coa-creek/2320707","geometry":{"type":"LineString","coordinates":[[-97.90409,30.24231],[-97.90409,30.24231],[-97.90407,30.24233]]},"properties":{"name":"Williamson Creek","creek_type":"NATURAL_UNCLASSIFIED","reach_id":null,"watershed":"WMS","feature_kind":"waterway","source":"City of Austin Watershed Protection creek centerlines","retrieved_at":"2026-09-29T00:26:18.548370+00:00","access_claim":"none"}},{"type":"Feature","id":"coa-creek/2327665","geometry":{"type":"LineString","coordinates":[[-97.92358,30.29125],[-97.92373,30.29124]]},"properties":{"name":"Barton Creek","creek_type":"UNDERGROUND_CULVERT","reach_id":null,"watershed":"BAR","feature_kind":"waterway","source":"City of Austin Watershed Protection creek centerlines","retrieved_at":"2026-09-29T00:26:18.548370+00:00","access_claim":"none"}},{"type":"Feature","id":"coa-creek/2334511","geometry":{"type":"LineString","coordinates":[[-97.89051,30.24658],[-97.89041,30.24654],[-97.89034,30.24651],[-97.89022,30.24649],[-97.89014,30.24647],[-97.89006,30.24644],[-97.88995,30.2464],[-97.88988,30.24638],[-97.88981,30.24635],[-97.8897,30.24627],[-97.88942,30.24605],[-97.88933,30.24596],[-97.88935,30.24587],[-97.88937,30.24583],[-97.88939,30.24578],[-97.88941,30.24576],[-97.88942,30.24574],[-97.88941,30.2457]]},"properties":{"name":"Williamson Creek","creek_type":"NATURAL_ROCKBED","reach_id":"WMS-13","watershed":"WMS","feature_kind":"waterway","source":"City of Austin Watershed Protection creek centerlines","retrieved_at":"2026-09-29T00:26:18.548370+00:00","access_claim":"none"}},{"type":"Feature","id":"coa-creek/2351972","geometry":{"type":"LineString","coordinates":[[-97.88502,30.24458],[-97.88493,30.24455],[-97.88481,30.24455],[-97.88477,30.24455],[-97.88465,30.24464],[-97.88463,30.24465],[-97.8845,30.24471],[-97.88426,30.24482],[-97.88408,30.2449]]},"properties":{"name":"Williamson Creek","creek_type":"NATURAL_ROCKBED","reach_id":"WMS-13","watershed":"WMS","feature_kind":"waterway","source":"City of Austin Watershed Protection creek centerlines","retrieved_at":"2026-09-29T00:26:18.548370+00:00","access_claim":"none"}},{"type":"Feature","id":"coa-creek/2365163","geometry":{"type":"LineString","coordinates":[[-97.84453,30.27398],[-97.84453,30.27397],[-97.84451,30.27392],[-97.8445,30.2739],[-97.84444,30.27377]]},"properties":{"name":"Barton Creek","creek_type":"NATURAL_ROCKBED","reach_id":"BAR-6","watershed":"BAR","feature_kind":"waterway","source":"City of Austin Watershed Protection creek centerlines","retrieved_at":"2026-09-29T00:26:18.548370+00:00","access_claim":"none"}},{"type":"Feature","id":"coa-creek/2329764","geometry":{"type":"LineString","coordinates":[[-97.77009,30.21035],[-97.76995,30.21028],[-97.76981,30.21018]]},"properties":{"name":"Williamson Creek","creek_type":"NATURAL_ROCKBED","reach_id":"WMS-7","watershed":"WMS","feature_kind":"waterway","source":"City of Austin Watershed Protection creek centerlines","retrieved_at":"2026-09-29T00:26:18.548370+00:00","access_claim":"none"}},{"type":"Feature","id":"coa-creek/2375185","geometry":{"type":"LineString","coordinates":[[-97.77075,30.20582],[-97.77079,30.20558]]},"properties":{"name":"Williamson Creek","creek_type":"NATURAL_ALLUVIAL","reach_id":"WMS-5","watershed":"WMS","feature_kind":"waterway","source":"City of Austin Watershed Protection creek centerlines","retrieved_at":"2026-09-29T00:26:18.548370+00:00","access_claim":"none"}},{"type":"Feature","id":"coa-creek/2328257","geometry":{"type":"LineString","coordinates":[[-97.73441,30.39301],[-97.73436,30.393],[-97.73367,30.39287],[-97.73321,30.39269],[-97.73314,30.39266],[-97.73295,30.39259],[-97.73286,30.39255],[-97.73272,30.39249]]},"properties":{"name":"Shoal Creek","creek_type":"UNDERGROUND_CULVERT","reach_id":null,"watershed":"SHL","feature_kind":"waterway","source":"City of Austin Watershed Protection creek centerlines","retrieved_at":"2026-09-29T00:26:18.548370+00:00","access_claim":"none"}},{"type":"Feature","id":"coa-creek/2332619","geometry":{"type":"LineString","coordinates":[[-97.73475,30.44121],[-97.73473,30.44123],[-97.73469,30.44126]]},"properties":{"name":"Walnut Creek","creek_type":"NATURAL_UNCLASSIFIED","reach_id":"WLN-17","watershed":"WLN","feature_kind":"waterway","source":"City of Austin Watershed Protection creek centerlines","retrieved_at":"2026-09-29T00:26:18.548370+00:00","access_claim":"none"}},{"type":"Feature","id":"coa-creek/2361046","geometry":{"type":"LineString","coordinates":[[-97.76911,30.15937],[-97.76888,30.15937],[-97.76868,30.15939],[-97.7685,30.15944],[-97.76837,30.15945],[-97.76805,30.15951],[-97.76785,30.15956],[-97.76768,30.15963],[-97.76739,30.15978],[-97.76713,30.15994],[-97.76687,30.16012],[-97.76666,30.16031],[-97.76639,30.16053],[-97.76609,30.16084],[-97.76593,30.16102],[-97.76568,30.16125],[-97.76552,30.16139],[-97.7653,30.16153],[-97.76514,30.16169],[-97.76486,30.16198],[-97.76472,30.16215],[-97.7646,30.1623],[-97.76455,30.16237],[-97.76451,30.16243],[-97.76443,30.16254],[-97.76439,30.16261],[-97.76437,30.16267],[-97.76434,30.1629],[-97.7643,30.16304],[-97.76424,30.16316],[-97.76416,30.16329],[-97.76408,30.1634],[-97.76401,30.1635],[-97.76379,30.16382],[-97.76374,30.16392],[-97.76372,30.16397]]},"properties":{"name":"Onion Creek","creek_type":"NATURAL_ROCKBED","reach_id":"ONI-8","watershed":"ONI","feature_kind":"waterway","source":"City of Austin Watershed Protection creek centerlines","retrieved_at":"2026-09-29T00:26:18.548370+00:00","access_claim":"none"}},{"type":"Feature","id":"coa-creek/2336827","geometry":{"type":"LineString","coordinates":[[-97.88408,30.2449],[-97.88401,30.24487],[-97.8838,30.2448],[-97.88371,30.24472],[-97.88345,30.24451],[-97.88316,30.2443]]},"properties":{"name":"Williamson Creek","creek_type":"NATURAL_ROCKBED","reach_id":"WMS-13","watershed":"WMS","feature_kind":"waterway","source":"City of Austin Watershed Protection creek centerlines","retrieved_at":"2026-09-29T00:26:18.548370+00:00","access_claim":"none"}},{"type":"Feature","id":"coa-creek/2333981","geometry":{"type":"LineString","coordinates":[[-97.68017,30.39501],[-97.68015,30.395],[-97.68006,30.39498],[-97.68001,30.39495],[-97.67985,30.3949],[-97.67955,30.39475],[-97.67952,30.39473],[-97.67932,30.39459],[-97.67921,30.39454],[-97.6791,30.39446],[-97.67898,30.39436],[-97.67879,30.39426],[-97.67876,30.39424],[-97.67867,30.39419],[-97.67861,30.39416],[-97.67858,30.39415],[-97.67854,30.39413],[-97.67849,30.3941],[-97.67843,30.39406],[-97.67837,30.39402],[-97.67833,30.39398],[-97.67826,30.39393],[-97.67823,30.39389],[-97.6782,30.39386],[-97.67816,30.39379],[-97.67812,30.39373],[-97.67806,30.39367],[-97.67803,30.39364],[-97.67801,30.39361],[-97.67795,30.3935],[-97.67789,30.39341],[-97.67775,30.39322],[-97.67771,30.39316],[-97.67766,30.39308],[-97.67758,30.39297],[-97.67753,30.39288],[-97.67749,30.3928],[-97.67745,30.39272],[-97.67741,30.39261],[-97.67739,30.39254],[-97.67738,30.3925],[-97.67736,30.39244],[-97.67734,30.39235],[-97.67731,30.39223],[-97.67729,30.39216],[-97.67726,30.39208],[-97.67724,30.392],[-97.67721,30.39193],[-97.67716,30.3918],[-97.67713,30.39175],[-97.67709,30.39167],[-97.67707,30.3916],[-97.67706,30.39156],[-97.67705,30.39152],[-97.67705,30.39148],[-97.67705,30.39144],[-97.67703,30.39139],[-97.677,30.39131],[-97.67697,30.39122],[-97.67695,30.39117],[-97.67694,30.39112],[-97.67693,30.39107],[-97.67692,30.39097],[-97.67691,30.3909],[-97.6769,30.39086],[-97.67689,30.39082],[-97.67687,30.39075]]},"properties":{"name":"Walnut Creek","creek_type":"NATURAL_ROCKBED","reach_id":"WLN-9","watershed":"WLN","feature_kind":"waterway","source":"City of Austin Watershed Protection creek centerlines","retrieved_at":"2026-09-29T00:26:18.548370+00:00","access_claim":"none"}},{"type":"Feature","id":"coa-creek/2324212","geometry":{"type":"LineString","coordinates":[[-97.75542,30.22417],[-97.75534,30.22421],[-97.75527,30.22424],[-97.75519,30.22429],[-97.75508,30.22436],[-97.75497,30.22442],[-97.7549,30.22447],[-97.75482,30.22452],[-97.75465,30.22462],[-97.75443,30.22474],[-97.75434,30.22479],[-97.75418,30.22485],[-97.75412,30.22489],[-97.75405,30.22493],[-97.75399,30.22494],[-97.75387,30.22494],[-97.75375,30.22495],[-97.7537,30.22496],[-97.75363,30.22495],[-97.75359,30.22495],[-97.75355,30.22496],[-97.7535,30.22496],[-97.75345,30.22499],[-97.75342,30.22499],[-97.75338,30.22498],[-97.75337,30.22497],[-97.75334,30.22496],[-97.7533,30.22496],[-97.75326,30.22496],[-97.75319,30.22498],[-97.75307,30.22499],[-97.75303,30.22499],[-97.75299,30.225],[-97.75295,30.225],[-97.75292,30.22502],[-97.75287,30.22502],[-97.75282,30.22503]]},"properties":{"name":"Blunn Creek","creek_type":"NATURAL_ALLUVIAL","reach_id":"BLU-5","watershed":"BLU","feature_kind":"waterway","source":"City of Austin Watershed Protection creek centerlines","retrieved_at":"2026-09-29T00:26:18.548370+00:00","access_claim":"none"}},{"type":"Feature","id":"coa-creek/2362802","geometry":{"type":"LineString","coordinates":[[-97.86636,30.23427],[-97.86627,30.23427],[-97.86609,30.23426]]},"properties":{"name":"Williamson Creek","creek_type":"NATURAL_ROCKBED","reach_id":"WMS-12","watershed":"WMS","feature_kind":"waterway","source":"City of Austin Watershed Protection creek centerlines","retrieved_at":"2026-09-29T00:26:18.548370+00:00","access_claim":"none"}},{"type":"Feature","id":"coa-creek/2331552","geometry":{"type":"LineString","coordinates":[[-97.81924,30.12891],[-97.81909,30.12919],[-97.81893,30.12946],[-97.81881,30.12973],[-97.81875,30.12985],[-97.81872,30.13],[-97.81869,30.13007],[-97.81848,30.13031],[-97.81827,30.13056]]},"properties":{"name":"Onion Creek","creek_type":"NATURAL_ROCKBED","reach_id":"ONI-9","watershed":"ONI","feature_kind":"waterway","source":"City of Austin Watershed Protection creek centerlines","retrieved_at":"2026-09-29T00:26:18.548370+00:00","access_claim":"none"}},{"type":"Feature","id":"coa-creek/2371788","geometry":{"type":"LineString","coordinates":[[-97.78439,30.26123],[-97.78433,30.26124],[-97.7842,30.26126],[-97.78414,30.26128],[-97.78407,30.26132],[-97.78401,30.26137],[-97.78393,30.26144],[-97.78384,30.26151],[-97.78374,30.26155],[-97.78356,30.26162],[-97.78348,30.26164],[-97.7834,30.26166],[-97.78324,30.26167],[-97.7829,30.26168],[-97.78267,30.26168],[-97.78254,30.26169],[-97.78233,30.26175],[-97.78214,30.26183],[-97.78204,30.26192],[-97.78183,30.26205],[-97.78179,30.26208],[-97.78177,30.26212],[-97.78175,30.26215],[-97.78175,30.26216],[-97.78173,30.26222],[-97.78171,30.26225],[-97.78166,30.26229],[-97.78162,30.26232],[-97.78157,30.26234],[-97.78148,30.26237],[-97.7814,30.2624],[-97.78131,30.26243],[-97.78126,30.26245],[-97.78116,30.26248],[-97.78095,30.26254],[-97.78091,30.26255],[-97.78075,30.26259],[-97.78071,30.26259],[-97.78066,30.26258],[-97.7806,30.26256],[-97.78053,30.26251],[-97.7805,30.2625],[-97.78043,30.26249]]},"properties":{"name":"Barton Creek","creek_type":"NATURAL_ALLUVIAL","reach_id":"BAR-3","watershed":"BAR","feature_kind":"waterway","source":"City of Austin Watershed Protection creek centerlines","retrieved_at":"2026-09-29T00:26:18.548370+00:00","access_claim":"none"}},{"type":"Feature","id":"coa-creek/2348952","geometry":{"type":"LineString","coordinates":[[-97.91843,30.24735],[-97.91838,30.24733],[-97.91834,30.24732],[-97.91831,30.24732]]},"properties":{"name":"Williamson Creek","creek_type":"NATURAL_UNCLASSIFIED","reach_id":null,"watershed":"WMS","feature_kind":"waterway","source":"City of Austin Watershed Protection creek centerlines","retrieved_at":"2026-09-29T00:26:18.548370+00:00","access_claim":"none"}},{"type":"Feature","id":"coa-creek/2319752","geometry":{"type":"LineString","coordinates":[[-97.77485,30.39046],[-97.77473,30.39052],[-97.77456,30.39062],[-97.77444,30.39069],[-97.77432,30.39073],[-97.77423,30.39076],[-97.77408,30.39078],[-97.77398,30.3908],[-97.77391,30.3908]]},"properties":{"name":"Bull Creek","creek_type":"NATURAL_ALLUVIAL","reach_id":"BUL-7","watershed":"BUL","feature_kind":"waterway","source":"City of Austin Watershed Protection creek centerlines","retrieved_at":"2026-09-29T00:26:18.548370+00:00","access_claim":"none"}},{"type":"Feature","id":"coa-creek/2363184","geometry":{"type":"LineString","coordinates":[[-97.92701,30.29472],[-97.92701,30.29473],[-97.92699,30.29494],[-97.92696,30.29511],[-97.92695,30.29516],[-97.92695,30.29517],[-97.92695,30.2952],[-97.92695,30.29524],[-97.92696,30.29528],[-97.92696,30.29531],[-97.92695,30.29535],[-97.92695,30.29537],[-97.92694,30.29538],[-97.92694,30.29539]]},"properties":{"name":"Barton Creek","creek_type":"NATURAL_ALLUVIAL","reach_id":null,"watershed":"BAR","feature_kind":"waterway","source":"City of Austin Watershed Protection creek centerlines","retrieved_at":"2026-09-29T00:26:18.548370+00:00","access_claim":"none"}},{"type":"Feature","id":"coa-creek/2348622","geometry":{"type":"LineString","coordinates":[[-97.9656,30.27035],[-97.9656,30.27039],[-97.96559,30.27043],[-97.96558,30.27048],[-97.96555,30.27053],[-97.96553,30.27057],[-97.96551,30.27061],[-97.96548,30.27065],[-97.96543,30.27072],[-97.96539,30.27078],[-97.96534,30.27084],[-97.96529,30.27089],[-97.96527,30.27092],[-97.96526,30.27092],[-97.96521,30.27097],[-97.96519,30.27099],[-97.96516,30.27101],[-97.96512,30.27104],[-97.96508,30.27106],[-97.96504,30.27108],[-97.96497,30.27113],[-97.96495,30.27114],[-97.96493,30.27115],[-97.96491,30.27116],[-97.96489,30.27117],[-97.96487,30.27117],[-97.96485,30.27118],[-97.96485,30.27118],[-97.96483,30.27118],[-97.96474,30.27119],[-97.96463,30.27121],[-97.96458,30.27122],[-97.96453,30.27123],[-97.9645,30.27124],[-97.96448,30.27124],[-97.96446,30.27125],[-97.96445,30.27125],[-97.96443,30.27124],[-97.96437,30.27124],[-97.9643,30.27123],[-97.96424,30.27122],[-97.9642,30.27122],[-97.96416,30.27121],[-97.96409,30.2712],[-97.96403,30.27118],[-97.96395,30.27115],[-97.96389,30.27114],[-97.96364,30.2711],[-97.96348,30.27106],[-97.96337,30.27104],[-97.96322,30.27102],[-97.96309,30.27099],[-97.96304,30.27098],[-97.96299,30.27097],[-97.96291,30.27095],[-97.9628,30.27092],[-97.96272,30.2709],[-97.96264,30.27088],[-97.96256,30.27085],[-97.9625,30.27083],[-97.96246,30.27081],[-97.96241,30.27079],[-97.96238,30.27077],[-97.96228,30.27073],[-97.96222,30.2707],[-97.9622,30.27069],[-97.96215,30.27066],[-97.96208,30.27062],[-97.96197,30.27056],[-97.96189,30.27053],[-97.9618,30.27049],[-97.96168,30.27043],[-97.96161,30.2704],[-97.96153,30.27036],[-97.96145,30.27031],[-97.96137,30.27027],[-97.96129,30.27024],[-97.96118,30.2702],[-97.96109,30.27017],[-97.96089,30.27008],[-97.96087,30.27007]]},"properties":{"name":"Barton Creek","creek_type":"NATURAL_UNCLASSIFIED","reach_id":null,"watershed":"BAR","feature_kind":"waterway","source":"City of Austin Watershed Protection creek centerlines","retrieved_at":"2026-09-29T00:26:18.548370+00:00","access_claim":"none"}},{"type":"Feature","id":"coa-creek/2358632","geometry":{"type":"LineString","coordinates":[[-97.79928,30.13568],[-97.79905,30.13575],[-97.79898,30.13576],[-97.79888,30.13576],[-97.79876,30.13574],[-97.79864,30.1357],[-97.79848,30.13566],[-97.79834,30.13561],[-97.79824,30.13556],[-97.79816,30.13553],[-97.79807,30.13551],[-97.79776,30.13542],[-97.79766,30.1354]]},"properties":{"name":"Onion Creek","creek_type":"NATURAL_ROCKBED","reach_id":"ONI-9","watershed":"ONI","feature_kind":"waterway","source":"City of Austin Watershed Protection creek centerlines","retrieved_at":"2026-09-29T00:26:18.548370+00:00","access_claim":"none"}},{"type":"Feature","id":"coa-creek/2346094","geometry":{"type":"LineString","coordinates":[[-97.78816,30.35979],[-97.78816,30.35977],[-97.78818,30.35974],[-97.7882,30.35971],[-97.78822,30.35967],[-97.78823,30.35964],[-97.78824,30.35957],[-97.78824,30.35946],[-97.78824,30.35942]]},"properties":{"name":"Bull Creek","creek_type":"NATURAL_ROCKBED","reach_id":"BUL-1","watershed":"BUL","feature_kind":"waterway","source":"City of Austin Watershed Protection creek centerlines","retrieved_at":"2026-09-29T00:26:18.548370+00:00","access_claim":"none"}},{"type":"Feature","id":"coa-creek/2356520","geometry":{"type":"LineString","coordinates":[[-97.65093,30.33865],[-97.65086,30.33859],[-97.65086,30.33858],[-97.65086,30.33857],[-97.65085,30.33855],[-97.65085,30.33852],[-97.65084,30.33849],[-97.65083,30.33845],[-97.65083,30.33841],[-97.65083,30.33837],[-97.65083,30.33834],[-97.65082,30.33833],[-97.65082,30.3383],[-97.65079,30.33827],[-97.65077,30.33823],[-97.65075,30.33821],[-97.65072,30.33818],[-97.65067,30.33815],[-97.65062,30.33814],[-97.65057,30.33813],[-97.65054,30.33812],[-97.65051,30.33809],[-97.65049,30.33807],[-97.65048,30.33804],[-97.65046,30.338],[-97.65044,30.33797],[-97.65042,30.33794],[-97.6504,30.3379],[-97.65035,30.33783],[-97.65032,30.33773],[-97.65027,30.33759],[-97.65025,30.33751],[-97.65023,30.33748]]},"properties":{"name":"Walnut Creek","creek_type":"NATURAL_ALLUVIAL","reach_id":"WLN-4","watershed":"WLN","feature_kind":"waterway","source":"City of Austin Watershed Protection creek centerlines","retrieved_at":"2026-09-29T00:26:18.548370+00:00","access_claim":"none"}},{"type":"Feature","id":"coa-creek/2331109","geometry":{"type":"LineString","coordinates":[[-97.81254,30.24748],[-97.81241,30.24712],[-97.81226,30.24679],[-97.81225,30.24677],[-97.81212,30.24652],[-97.81198,30.24625],[-97.81197,30.24623],[-97.81196,30.24622],[-97.81192,30.24617],[-97.81182,30.24603],[-97.81175,30.24594],[-97.81169,30.24584],[-97.81162,30.24574],[-97.81158,30.24566],[-97.81153,30.24559],[-97.81148,30.24545],[-97.81146,30.24542],[-97.81144,30.24538],[-97.81142,30.24534],[-97.81139,30.24527],[-97.81132,30.24516],[-97.8113,30.24512]]},"properties":{"name":"Barton Creek","creek_type":"NATURAL_ALLUVIAL","reach_id":"BAR-5","watershed":"BAR","feature_kind":"waterway","source":"City of Austin Watershed Protection creek centerlines","retrieved_at":"2026-09-29T00:26:18.548370+00:00","access_claim":"none"}},{"type":"Feature","id":"coa-creek/2361370","geometry":{"type":"LineString","coordinates":[[-97.74967,30.16521],[-97.74958,30.16527],[-97.74941,30.16534],[-97.74928,30.16538],[-97.74912,30.16545],[-97.74897,30.16551],[-97.74875,30.1656],[-97.74868,30.16563],[-97.74865,30.16566],[-97.7486,30.1657],[-97.74855,30.16576],[-97.74844,30.16585],[-97.74836,30.16592],[-97.74826,30.166],[-97.74769,30.1664],[-97.74732,30.16664],[-97.74697,30.16678],[-97.74645,30.16698]]},"properties":{"name":"Onion Creek","creek_type":"NATURAL_ROCKBED","reach_id":"ONI-6","watershed":"ONI","feature_kind":"waterway","source":"City of Austin Watershed Protection creek centerlines","retrieved_at":"2026-09-29T00:26:18.548370+00:00","access_claim":"none"}},{"type":"Feature","id":"coa-creek/2324747","geometry":{"type":"LineString","coordinates":[[-97.7352,30.38091],[-97.73518,30.3809]]},"properties":{"name":"Shoal Creek","creek_type":"ALTERED_STRUCTURAL","reach_id":null,"watershed":"SHL","feature_kind":"waterway","source":"City of Austin Watershed Protection creek centerlines","retrieved_at":"2026-09-29T00:26:18.548370+00:00","access_claim":"none"}},{"type":"Feature","id":"coa-creek/2368884","geometry":{"type":"LineString","coordinates":[[-97.75238,30.18352],[-97.75238,30.18345],[-97.75239,30.18339],[-97.75238,30.18332],[-97.75235,30.18328],[-97.75231,30.18324],[-97.75226,30.18323],[-97.7522,30.18321],[-97.75213,30.18317],[-97.75204,30.18314],[-97.75194,30.18309]]},"properties":{"name":"Williamson Creek","creek_type":"NATURAL_ALLUVIAL","reach_id":"WMS-4","watershed":"WMS","feature_kind":"waterway","source":"City of Austin Watershed Protection creek centerlines","retrieved_at":"2026-09-29T00:26:18.548370+00:00","access_claim":"none"}},{"type":"Feature","id":"coa-creek/2356234","geometry":{"type":"LineString","coordinates":[[-97.70894,30.18141],[-97.70883,30.18142],[-97.70868,30.18142],[-97.70849,30.18143],[-97.70833,30.18142],[-97.70812,30.1814],[-97.70794,30.1814],[-97.70778,30.18141],[-97.70761,30.18143],[-97.70741,30.18146],[-97.70729,30.18148],[-97.70718,30.18147],[-97.70708,30.18148],[-97.70697,30.18147],[-97.70691,30.18144],[-97.70691,30.18144]]},"properties":{"name":"Onion Creek","creek_type":"NATURAL_ROCKBED","reach_id":"ONI-3","watershed":"ONI","feature_kind":"waterway","source":"City of Austin Watershed Protection creek centerlines","retrieved_at":"2026-09-29T00:26:18.548370+00:00","access_claim":"none"}},{"type":"Feature","id":"coa-creek/2352842","geometry":{"type":"LineString","coordinates":[[-97.76974,30.15934],[-97.76969,30.15935],[-97.76966,30.15936],[-97.76954,30.15936],[-97.76938,30.15937]]},"properties":{"name":"Onion Creek","creek_type":"NATURAL_ROCKBED","reach_id":"ONI-8","watershed":"ONI","feature_kind":"waterway","source":"City of Austin Watershed Protection creek centerlines","retrieved_at":"2026-09-29T00:26:18.548370+00:00","access_claim":"none"}},{"type":"Feature","id":"coa-creek/2364564","geometry":{"type":"LineString","coordinates":[[-97.88243,30.2866],[-97.88242,30.2866]]},"properties":{"name":"Barton Creek","creek_type":"NATURAL_ALLUVIAL","reach_id":"BAR-9","watershed":"BAR","feature_kind":"waterway","source":"City of Austin Watershed Protection creek centerlines","retrieved_at":"2026-09-29T00:26:18.548370+00:00","access_claim":"none"}},{"type":"Feature","id":"coa-creek/2332238","geometry":{"type":"LineString","coordinates":[[-97.84063,30.39521],[-97.84057,30.39518],[-97.8405,30.39515],[-97.84041,30.39515],[-97.84035,30.39519],[-97.84025,30.39521],[-97.84014,30.39524],[-97.84006,30.39522],[-97.83997,30.39522],[-97.83989,30.39523],[-97.83983,30.39522],[-97.83973,30.39521],[-97.8397,30.39521],[-97.83964,30.39519]]},"properties":{"name":"Bull Creek","creek_type":"NATURAL_UNCLASSIFIED","reach_id":null,"watershed":"BUL","feature_kind":"waterway","source":"City of Austin Watershed Protection creek centerlines","retrieved_at":"2026-09-29T00:26:18.548370+00:00","access_claim":"none"}},{"type":"Feature","id":"coa-creek/2355812","geometry":{"type":"LineString","coordinates":[[-97.72787,30.43864],[-97.72773,30.43861]]},"properties":{"name":"Walnut Creek","creek_type":"UNDERGROUND_CULVERT","reach_id":"WLN-16","watershed":"WLN","feature_kind":"waterway","source":"City of Austin Watershed Protection creek centerlines","retrieved_at":"2026-09-29T00:26:18.548370+00:00","access_claim":"none"}},{"type":"Feature","id":"coa-creek/2366588","geometry":{"type":"LineString","coordinates":[[-97.91577,30.2469],[-97.91565,30.24681]]},"properties":{"name":"Williamson Creek","creek_type":"UNDERGROUND_CULVERT","reach_id":null,"watershed":"WMS","feature_kind":"waterway","source":"City of Austin Watershed Protection creek centerlines","retrieved_at":"2026-09-29T00:26:18.548370+00:00","access_claim":"none"}},{"type":"Feature","id":"coa-creek/2363686","geometry":{"type":"LineString","coordinates":[[-97.89875,30.29925],[-97.89875,30.29925],[-97.89855,30.29911],[-97.89842,30.29902],[-97.89823,30.29888],[-97.89784,30.29858],[-97.89782,30.29855],[-97.89775,30.29849]]},"properties":{"name":"Barton Creek","creek_type":"NATURAL_ALLUVIAL","reach_id":"BAR-9","watershed":"BAR","feature_kind":"waterway","source":"City of Austin Watershed Protection creek centerlines","retrieved_at":"2026-09-29T00:26:18.548370+00:00","access_claim":"none"}},{"type":"Feature","id":"coa-creek/2343532","geometry":{"type":"LineString","coordinates":[[-97.84973,30.29146],[-97.84964,30.29144],[-97.84961,30.29143]]},"properties":{"name":"Barton Creek","creek_type":"ALTERED_STRUCTURAL","reach_id":"BAR-7","watershed":"BAR","feature_kind":"waterway","source":"City of Austin Watershed Protection creek centerlines","retrieved_at":"2026-09-29T00:26:18.548370+00:00","access_claim":"none"}},{"type":"Feature","id":"coa-creek/2358624","geometry":{"type":"LineString","coordinates":[[-97.73558,30.44091],[-97.73559,30.44094],[-97.7356,30.44096],[-97.7356,30.44096]]},"properties":{"name":"Walnut Creek","creek_type":"NATURAL_UNCLASSIFIED","reach_id":"WLN-17","watershed":"WLN","feature_kind":"waterway","source":"City of Austin Watershed Protection creek centerlines","retrieved_at":"2026-09-29T00:26:18.548370+00:00","access_claim":"none"}},{"type":"Feature","id":"coa-creek/2371452","geometry":{"type":"LineString","coordinates":[[-97.73915,30.43931],[-97.73914,30.43932],[-97.73903,30.43942],[-97.73896,30.43949],[-97.73886,30.43959],[-97.73882,30.43963]]},"properties":{"name":"Walnut Creek","creek_type":"UNDERGROUND_CULVERT","reach_id":"WLN-17","watershed":"WLN","feature_kind":"waterway","source":"City of Austin Watershed Protection creek centerlines","retrieved_at":"2026-09-29T00:26:18.548370+00:00","access_claim":"none"}},{"type":"Feature","id":"coa-creek/2375894","geometry":{"type":"LineString","coordinates":[[-97.65001,30.32778],[-97.65001,30.32778],[-97.65,30.32777]]},"properties":{"name":"Walnut Creek","creek_type":"NATURAL_ALLUVIAL","reach_id":"WLN-4","watershed":"WLN","feature_kind":"waterway","source":"City of Austin Watershed Protection creek centerlines","retrieved_at":"2026-09-29T00:26:18.548370+00:00","access_claim":"none"}},{"type":"Feature","id":"coa-creek/2381373","geometry":{"type":"LineString","coordinates":[[-97.74981,30.29207],[-97.74983,30.29208],[-97.74986,30.29208],[-97.74996,30.29213],[-97.75001,30.29214],[-97.75004,30.29215],[-97.75009,30.29216],[-97.75018,30.29216],[-97.75026,30.29217],[-97.75028,30.29217],[-97.75031,30.29217],[-97.75034,30.29217],[-97.75042,30.29215],[-97.75056,30.29213],[-97.75062,30.29212],[-97.75077,30.29208],[-97.75099,30.29201],[-97.75111,30.29195],[-97.75115,30.29193],[-97.75118,30.29192],[-97.75121,30.2919],[-97.75123,30.29189],[-97.7513,30.29182],[-97.75143,30.2917],[-97.75154,30.29159],[-97.75162,30.2915],[-97.75166,30.29145],[-97.75168,30.29142],[-97.75173,30.29133],[-97.7518,30.29114],[-97.75185,30.29099],[-97.75186,30.29096],[-97.75186,30.29094],[-97.75186,30.29091],[-97.75189,30.29085],[-97.75188,30.29083],[-97.75189,30.29082],[-97.75189,30.2908],[-97.7519,30.29076],[-97.75199,30.29043],[-97.75203,30.29032],[-97.75204,30.29028],[-97.75205,30.29026],[-97.75207,30.29023],[-97.75209,30.2902],[-97.75213,30.29015],[-97.75219,30.29008],[-97.75234,30.28992],[-97.75255,30.2897],[-97.75261,30.28962]]},"properties":{"name":"Shoal Creek","creek_type":"NATURAL_ALLUVIAL","reach_id":"SHL-5","watershed":"SHL","feature_kind":"waterway","source":"City of Austin Watershed Protection creek centerlines","retrieved_at":"2026-09-29T00:26:18.548370+00:00","access_claim":"none"}},{"type":"Feature","id":"coa-creek/2363182","geometry":{"type":"LineString","coordinates":[[-97.92661,30.2959],[-97.9266,30.2959],[-97.92657,30.29591],[-97.92653,30.29593],[-97.92649,30.29596],[-97.92646,30.29598],[-97.92644,30.296],[-97.92642,30.29601],[-97.92638,30.29605]]},"properties":{"name":"Barton Creek","creek_type":"NATURAL_ALLUVIAL","reach_id":null,"watershed":"BAR","feature_kind":"waterway","source":"City of Austin Watershed Protection creek centerlines","retrieved_at":"2026-09-29T00:26:18.548370+00:00","access_claim":"none"}},{"type":"Feature","id":"coa-creek/2365074","geometry":{"type":"LineString","coordinates":[[-97.89417,30.29282],[-97.89412,30.29288],[-97.89406,30.29296],[-97.89403,30.293],[-97.894,30.29303],[-97.89395,30.29309],[-97.89386,30.29316],[-97.89354,30.29347],[-97.89333,30.29369],[-97.89286,30.29422]]},"properties":{"name":"Barton Creek","creek_type":"NATURAL_ALLUVIAL","reach_id":"BAR-9","watershed":"BAR","feature_kind":"waterway","source":"City of Austin Watershed Protection creek centerlines","retrieved_at":"2026-09-29T00:26:18.548370+00:00","access_claim":"none"}},{"type":"Feature","id":"coa-creek/2386707","geometry":{"type":"LineString","coordinates":[[-97.82267,30.12494],[-97.82248,30.12514],[-97.82242,30.12519],[-97.82236,30.12524]]},"properties":{"name":"Onion Creek","creek_type":"NATURAL_ROCKBED","reach_id":"ONI-10","watershed":"ONI","feature_kind":"waterway","source":"City of Austin Watershed Protection creek centerlines","retrieved_at":"2026-09-29T00:26:18.548370+00:00","access_claim":"none"}},{"type":"Feature","id":"coa-creek/2364332","geometry":{"type":"LineString","coordinates":[[-97.69487,30.17971],[-97.69482,30.17969],[-97.69463,30.17964],[-97.6945,30.17961],[-97.6945,30.17961]]},"properties":{"name":"Onion Creek","creek_type":"NATURAL_ROCKBED","reach_id":"ONI-3","watershed":"ONI","feature_kind":"waterway","source":"City of Austin Watershed Protection creek centerlines","retrieved_at":"2026-09-29T00:26:18.548370+00:00","access_claim":"none"}},{"type":"Feature","id":"coa-creek/2368277","geometry":{"type":"LineString","coordinates":[[-97.73388,30.44123],[-97.73381,30.44119],[-97.73371,30.44114],[-97.73368,30.44109]]},"properties":{"name":"Walnut Creek","creek_type":"NATURAL_UNCLASSIFIED","reach_id":"WLN-17","watershed":"WLN","feature_kind":"waterway","source":"City of Austin Watershed Protection creek centerlines","retrieved_at":"2026-09-29T00:26:18.548370+00:00","access_claim":"none"}},{"type":"Feature","id":"coa-creek/2368357","geometry":{"type":"LineString","coordinates":[[-97.66284,30.3765],[-97.66276,30.37642],[-97.66259,30.37636],[-97.66237,30.37625],[-97.66232,30.37619],[-97.66221,30.37614],[-97.66208,30.37609],[-97.66191,30.37604],[-97.66179,30.37602],[-97.66165,30.37598],[-97.66145,30.37589],[-97.66123,30.37577],[-97.66093,30.37561],[-97.66071,30.37547],[-97.66069,30.37544]]},"properties":{"name":"Walnut Creek","creek_type":"NATURAL_ROCKBED","reach_id":"WLN-8","watershed":"WLN","feature_kind":"waterway","source":"City of Austin Watershed Protection creek centerlines","retrieved_at":"2026-09-29T00:26:18.548370+00:00","access_claim":"none"}},{"type":"Feature","id":"coa-creek/2357143","geometry":{"type":"LineString","coordinates":[[-97.7959,30.24767],[-97.79594,30.24767],[-97.79606,30.24769],[-97.79613,30.24771],[-97.79624,30.24777],[-97.7964,30.24789],[-97.79657,30.24803],[-97.79666,30.24814],[-97.79674,30.24827],[-97.79676,30.24833],[-97.79678,30.24844],[-97.7968,30.24851],[-97.7968,30.24862],[-97.79678,30.24873],[-97.79677,30.24879],[-97.79676,30.24884],[-97.79669,30.24909],[-97.79665,30.24927],[-97.79664,30.24945],[-97.79662,30.2496],[-97.79658,30.24992],[-97.79654,30.25007],[-97.79649,30.25026],[-97.79647,30.25045],[-97.79646,30.25063],[-97.79645,30.25073],[-97.79641,30.25087],[-97.79641,30.25093],[-97.79636,30.2512],[-97.79634,30.25129]]},"properties":{"name":"Barton Creek","creek_type":"NATURAL_ALLUVIAL","reach_id":"BAR-5","watershed":"BAR","feature_kind":"waterway","source":"City of Austin Watershed Protection creek centerlines","retrieved_at":"2026-09-29T00:26:18.548370+00:00","access_claim":"none"}},{"type":"Feature","id":"coa-creek/2379110","geometry":{"type":"LineString","coordinates":[[-97.78605,30.13843],[-97.78622,30.13855],[-97.78636,30.13871],[-97.78645,30.13879],[-97.78651,30.13883],[-97.7866,30.13891],[-97.78681,30.13901],[-97.78693,30.13909],[-97.78703,30.13917],[-97.78707,30.13921],[-97.78713,30.1393],[-97.7872,30.13944],[-97.78722,30.13953],[-97.78723,30.13961],[-97.78721,30.13966],[-97.78717,30.1397],[-97.78706,30.13975],[-97.78691,30.13981],[-97.78665,30.13993],[-97.78658,30.13999],[-97.78654,30.14006],[-97.78652,30.14014],[-97.78651,30.14022],[-97.78652,30.14031]]},"properties":{"name":"Onion Creek","creek_type":"NATURAL_ROCKBED","reach_id":"ONI-9","watershed":"ONI","feature_kind":"waterway","source":"City of Austin Watershed Protection creek centerlines","retrieved_at":"2026-09-29T00:26:18.548370+00:00","access_claim":"none"}},{"type":"Feature","id":"coa-creek/2371913","geometry":{"type":"LineString","coordinates":[[-97.66142,30.16875],[-97.6613,30.16879],[-97.66123,30.16882],[-97.66113,30.16887],[-97.66104,30.16892],[-97.66098,30.16895],[-97.66087,30.16901],[-97.66085,30.16902],[-97.66071,30.16909],[-97.66053,30.16917],[-97.66047,30.1692],[-97.6604,30.16926],[-97.66035,30.16936],[-97.6603,30.16943],[-97.6603,30.16952],[-97.66031,30.16961],[-97.66029,30.16973],[-97.66026,30.16975],[-97.66021,30.16977],[-97.66012,30.16979],[-97.66002,30.16982],[-97.65989,30.16982],[-97.65977,30.16981],[-97.65965,30.16976],[-97.65955,30.16968],[-97.65948,30.16963],[-97.65941,30.16957],[-97.65933,30.16948],[-97.65927,30.1694],[-97.65924,30.16936],[-97.6592,30.16934],[-97.65914,30.16934],[-97.65909,30.16936],[-97.65902,30.1694],[-97.65895,30.16943],[-97.6589,30.16947],[-97.65858,30.16983],[-97.65845,30.16997],[-97.65841,30.17002],[-97.65838,30.17009],[-97.65836,30.17015],[-97.65834,30.17022],[-97.65832,30.17027],[-97.65827,30.17037],[-97.65824,30.17042],[-97.65818,30.17053],[-97.65814,30.17063],[-97.65812,30.17071],[-97.65809,30.17082],[-97.65807,30.17088],[-97.658,30.17099],[-97.65782,30.17125],[-97.65771,30.17141],[-97.65762,30.17161],[-97.65756,30.17178],[-97.65755,30.17184],[-97.65755,30.17189],[-97.65755,30.17196],[-97.65756,30.17203],[-97.65756,30.17209],[-97.65756,30.17215],[-97.65751,30.17224],[-97.65742,30.17236],[-97.6573,30.17245],[-97.65721,30.17251],[-97.65715,30.17255],[-97.65708,30.17257],[-97.65695,30.17263],[-97.65685,30.1727],[-97.65674,30.17281],[-97.65669,30.17286],[-97.65662,30.17291],[-97.65654,30.17304],[-97.65646,30.17323],[-97.65639,30.17339],[-97.65635,30.17355],[-97.65636,30.17363],[-97.65636,30.17371],[-97.65633,30.17384],[-97.65631,30.17396],[-97.65632,30.17408],[-97.65631,30.17422],[-97.65631,30.17441],[-97.65632,30.1746],[-97.65635,30.1747],[-97.65636,30.17475]]},"properties":{"name":"Onion Creek","creek_type":"NATURAL_ALLUVIAL","reach_id":"ONI-1","watershed":"ONI","feature_kind":"waterway","source":"City of Austin Watershed Protection creek centerlines","retrieved_at":"2026-09-29T00:26:18.548370+00:00","access_claim":"none"}},{"type":"Feature","id":"coa-creek/2363270","geometry":{"type":"LineString","coordinates":[[-97.73542,30.38098],[-97.73543,30.38085],[-97.73514,30.38072]]},"properties":{"name":"Shoal Creek","creek_type":"UNDERGROUND_CULVERT","reach_id":null,"watershed":"SHL","feature_kind":"waterway","source":"City of Austin Watershed Protection creek centerlines","retrieved_at":"2026-09-29T00:26:18.548370+00:00","access_claim":"none"}},{"type":"Feature","id":"coa-creek/2320081","geometry":{"type":"LineString","coordinates":[[-97.78243,30.37844],[-97.78258,30.37836],[-97.78291,30.37815],[-97.78303,30.37809],[-97.78321,30.37793],[-97.78365,30.37763],[-97.78373,30.37759]]},"properties":{"name":"Bull Creek","creek_type":"NATURAL_ROCKBED","reach_id":"BUL-4","watershed":"BUL","feature_kind":"waterway","source":"City of Austin Watershed Protection creek centerlines","retrieved_at":"2026-09-29T00:26:18.548370+00:00","access_claim":"none"}},{"type":"Feature","id":"coa-creek/2320509","geometry":{"type":"LineString","coordinates":[[-97.65644,30.36434],[-97.6564,30.36429],[-97.65638,30.36426],[-97.65636,30.36422],[-97.65629,30.36406],[-97.65628,30.36402],[-97.65628,30.36397],[-97.65627,30.36393],[-97.65625,30.36391],[-97.65624,30.36389],[-97.65622,30.36386],[-97.6562,30.36384],[-97.65617,30.36383],[-97.65613,30.36381],[-97.65609,30.36378],[-97.65605,30.36374],[-97.65601,30.36367],[-97.65596,30.36356],[-97.65594,30.36346],[-97.65593,30.36341],[-97.65593,30.36338],[-97.65593,30.36335],[-97.65594,30.36334],[-97.65595,30.36332],[-97.65596,30.36329],[-97.65597,30.36325],[-97.65597,30.36321],[-97.65597,30.36315],[-97.65596,30.36309],[-97.65595,30.36306],[-97.65593,30.36301],[-97.65591,30.36296],[-97.65586,30.36285],[-97.65586,30.36282],[-97.65585,30.36275],[-97.65585,30.36271],[-97.65585,30.36266],[-97.65586,30.36263],[-97.65586,30.36261],[-97.65586,30.36258],[-97.65586,30.36256],[-97.65585,30.36247],[-97.65585,30.36245],[-97.65585,30.36241],[-97.65586,30.36236],[-97.65587,30.36233],[-97.65587,30.36229],[-97.65586,30.36225],[-97.65587,30.36222],[-97.65587,30.36221],[-97.65587,30.36218],[-97.65587,30.36216],[-97.65587,30.36214],[-97.65588,30.36212],[-97.6559,30.36205],[-97.6559,30.36201],[-97.65591,30.36198],[-97.65591,30.36195],[-97.65593,30.36186],[-97.65593,30.36183],[-97.65594,30.36179],[-97.65597,30.36167],[-97.65597,30.36165],[-97.65597,30.36163],[-97.65597,30.36161],[-97.65597,30.36157],[-97.65598,30.36155],[-97.65601,30.36145],[-97.65603,30.36142],[-97.65605,30.36136],[-97.65607,30.36131],[-97.65608,30.36125],[-97.65609,30.3612],[-97.65609,30.36115],[-97.65609,30.36104],[-97.65608,30.36099],[-97.65607,30.36096],[-97.65605,30.36092],[-97.65604,30.3609],[-97.65602,30.36086],[-97.65598,30.36075]]},"properties":{"name":"Walnut Creek","creek_type":"NATURAL_ROCKBED","reach_id":"WLN-7","watershed":"WLN","feature_kind":"waterway","source":"City of Austin Watershed Protection creek centerlines","retrieved_at":"2026-09-29T00:26:18.548370+00:00","access_claim":"none"}},{"type":"Feature","id":"coa-creek/2358864","geometry":{"type":"LineString","coordinates":[[-97.85791,30.30281],[-97.85787,30.30297],[-97.85785,30.30305],[-97.85784,30.30308],[-97.85782,30.30312],[-97.85779,30.30319],[-97.85777,30.30322],[-97.85772,30.30329],[-97.8577,30.30332],[-97.85769,30.30334],[-97.85767,30.30335],[-97.85766,30.30337],[-97.85759,30.30344],[-97.85756,30.30347]]},"properties":{"name":"Barton Creek","creek_type":"NATURAL_UNCLASSIFIED","reach_id":null,"watershed":"BAR","feature_kind":"waterway","source":"City of Austin Watershed Protection creek centerlines","retrieved_at":"2026-09-29T00:26:18.548370+00:00","access_claim":"none"}},{"type":"Feature","id":"coa-creek/2360546","geometry":{"type":"LineString","coordinates":[[-97.8891,30.24556],[-97.88897,30.24556],[-97.88893,30.24556],[-97.8889,30.24556],[-97.88888,30.24554]]},"properties":{"name":"Williamson Creek","creek_type":"NATURAL_ROCKBED","reach_id":"WMS-13","watershed":"WMS","feature_kind":"waterway","source":"City of Austin Watershed Protection creek centerlines","retrieved_at":"2026-09-29T00:26:18.548370+00:00","access_claim":"none"}},{"type":"Feature","id":"coa-creek/2376017","geometry":{"type":"LineString","coordinates":[[-97.74781,30.23669],[-97.74775,30.23671],[-97.7477,30.23673],[-97.74766,30.23675],[-97.74761,30.23678],[-97.74757,30.2368],[-97.74755,30.23682],[-97.74753,30.23684],[-97.74751,30.23686],[-97.74751,30.23689],[-97.7475,30.23694],[-97.74749,30.23698],[-97.74748,30.23701],[-97.74747,30.23705],[-97.74747,30.23709],[-97.74747,30.23713],[-97.74748,30.23718],[-97.74748,30.23721],[-97.74749,30.23724],[-97.74749,30.23727],[-97.74749,30.23729],[-97.74749,30.23732],[-97.74749,30.23735],[-97.74749,30.23738],[-97.74748,30.23742],[-97.74747,30.23757],[-97.74747,30.23766],[-97.74747,30.23771],[-97.74747,30.23776],[-97.74748,30.2378],[-97.74747,30.23782],[-97.74747,30.23786],[-97.74748,30.23791],[-97.74747,30.23794],[-97.74747,30.23796],[-97.74747,30.23798],[-97.74748,30.23801],[-97.74749,30.23803],[-97.74749,30.23805],[-97.74748,30.23807],[-97.74746,30.23812],[-97.74744,30.23815],[-97.74742,30.23817],[-97.74739,30.23821],[-97.74737,30.23823],[-97.74735,30.23824],[-97.74733,30.23825],[-97.7473,30.23827],[-97.74727,30.23829],[-97.74725,30.23831],[-97.74722,30.23833],[-97.74719,30.23836],[-97.74717,30.2384],[-97.74714,30.23846],[-97.74713,30.23848],[-97.74711,30.2385],[-97.7471,30.23853],[-97.74709,30.23858],[-97.74708,30.23862],[-97.74708,30.23864],[-97.74709,30.23866],[-97.74711,30.23868],[-97.74713,30.2387],[-97.74715,30.23872],[-97.74716,30.23874],[-97.74718,30.23876],[-97.7472,30.23879],[-97.74724,30.23882],[-97.74726,30.23886],[-97.74728,30.23889],[-97.7473,30.23892],[-97.74733,30.23896],[-97.74735,30.23899],[-97.74737,30.23902],[-97.74738,30.23906],[-97.74739,30.23908],[-97.74739,30.23914],[-97.74738,30.23919],[-97.74735,30.23928],[-97.74734,30.23931],[-97.74733,30.23934],[-97.74733,30.2394],[-97.74734,30.23945]]},"properties":{"name":"Blunn Creek","creek_type":"NATURAL_ALLUVIAL","reach_id":"BLU-3","watershed":"BLU","feature_kind":"waterway","source":"City of Austin Watershed Protection creek centerlines","retrieved_at":"2026-09-29T00:26:18.548370+00:00","access_claim":"none"}},{"type":"Feature","id":"coa-creek/2362434","geometry":{"type":"LineString","coordinates":[[-97.73811,30.44013],[-97.73811,30.44013],[-97.73799,30.44016],[-97.73795,30.44018],[-97.73798,30.44019],[-97.73794,30.44023],[-97.73792,30.44027],[-97.73792,30.44027]]},"properties":{"name":"Walnut Creek","creek_type":"NATURAL_UNCLASSIFIED","reach_id":"WLN-17","watershed":"WLN","feature_kind":"waterway","source":"City of Austin Watershed Protection creek centerlines","retrieved_at":"2026-09-29T00:26:18.548370+00:00","access_claim":"none"}},{"type":"Feature","id":"coa-creek/2380473","geometry":{"type":"LineString","coordinates":[[-97.71699,30.18355],[-97.71698,30.18353],[-97.71694,30.18349]]},"properties":{"name":"Onion Creek","creek_type":"NATURAL_ROCKBED","reach_id":"ONI-3","watershed":"ONI","feature_kind":"waterway","source":"City of Austin Watershed Protection creek centerlines","retrieved_at":"2026-09-29T00:26:18.548370+00:00","access_claim":"none"}},{"type":"Feature","id":"coa-creek/2364622","geometry":{"type":"LineString","coordinates":[[-97.76233,30.16962],[-97.76228,30.16962],[-97.76207,30.16964],[-97.76191,30.16967],[-97.76173,30.16973],[-97.76162,30.1698],[-97.76155,30.16982],[-97.76147,30.16983],[-97.76137,30.16983],[-97.76121,30.16978],[-97.76099,30.16977],[-97.76083,30.1698],[-97.76074,30.16985],[-97.76057,30.1699],[-97.76047,30.16993],[-97.76041,30.16994],[-97.76037,30.16996],[-97.76027,30.17007],[-97.76021,30.17012],[-97.76015,30.17015],[-97.75998,30.1702],[-97.75984,30.17022],[-97.75963,30.17021]]},"properties":{"name":"Onion Creek","creek_type":"NATURAL_ROCKBED","reach_id":"ONI-8","watershed":"ONI","feature_kind":"waterway","source":"City of Austin Watershed Protection creek centerlines","retrieved_at":"2026-09-29T00:26:18.548370+00:00","access_claim":"none"}},{"type":"Feature","id":"coa-creek/2342704","geometry":{"type":"LineString","coordinates":[[-97.91978,30.24646],[-97.9197,30.24652],[-97.91962,30.24657],[-97.91935,30.24669],[-97.91925,30.24677],[-97.91916,30.24681],[-97.91904,30.24688],[-97.91894,30.24697],[-97.9189,30.24701],[-97.91876,30.24708],[-97.91858,30.24732],[-97.91855,30.24736]]},"properties":{"name":"Williamson Creek","creek_type":"NATURAL_UNCLASSIFIED","reach_id":null,"watershed":"WMS","feature_kind":"waterway","source":"City of Austin Watershed Protection creek centerlines","retrieved_at":"2026-09-29T00:26:18.548370+00:00","access_claim":"none"}},{"type":"Feature","id":"coa-creek/2364606","geometry":{"type":"LineString","coordinates":[[-97.88319,30.28652],[-97.88315,30.28652],[-97.88293,30.28652],[-97.88283,30.28652],[-97.88274,30.28653],[-97.88265,30.28654],[-97.88259,30.28655]]},"properties":{"name":"Barton Creek","creek_type":"NATURAL_ALLUVIAL","reach_id":"BAR-9","watershed":"BAR","feature_kind":"waterway","source":"City of Austin Watershed Protection creek centerlines","retrieved_at":"2026-09-29T00:26:18.548370+00:00","access_claim":"none"}},{"type":"Feature","id":"coa-creek/2335974","geometry":{"type":"LineString","coordinates":[[-97.79872,30.22483],[-97.79862,30.22498]]},"properties":{"name":"Williamson Creek","creek_type":"NATURAL_ALLUVIAL","reach_id":"WMS-9","watershed":"WMS","feature_kind":"waterway","source":"City of Austin Watershed Protection creek centerlines","retrieved_at":"2026-09-29T00:26:18.548370+00:00","access_claim":"none"}},{"type":"Feature","id":"coa-creek/2379620","geometry":{"type":"LineString","coordinates":[[-97.7886,30.25613],[-97.78847,30.2562],[-97.78842,30.25623],[-97.78835,30.25626],[-97.78778,30.25647],[-97.7874,30.25661],[-97.78717,30.25669],[-97.78699,30.25677],[-97.78684,30.25683],[-97.78665,30.25688],[-97.78651,30.25694],[-97.7863,30.25705],[-97.78617,30.25709],[-97.78569,30.25724],[-97.78551,30.25732],[-97.78535,30.25739]]},"properties":{"name":"Barton Creek","creek_type":"NATURAL_ROCKBED","reach_id":"BAR-4","watershed":"BAR","feature_kind":"waterway","source":"City of Austin Watershed Protection creek centerlines","retrieved_at":"2026-09-29T00:26:18.548370+00:00","access_claim":"none"}},{"type":"Feature","id":"coa-creek/2339630","geometry":{"type":"LineString","coordinates":[[-97.97471,30.27213],[-97.97463,30.27207],[-97.97455,30.272],[-97.97442,30.27184],[-97.97429,30.27167],[-97.97415,30.27149],[-97.97406,30.27138],[-97.97401,30.27129],[-97.97395,30.27118],[-97.97389,30.27103],[-97.97386,30.27092],[-97.97385,30.27089],[-97.97383,30.27073],[-97.97381,30.27061],[-97.97379,30.27049],[-97.97377,30.27042],[-97.97376,30.27035],[-97.97374,30.27029],[-97.97371,30.27024],[-97.97368,30.27017],[-97.97366,30.27011],[-97.97365,30.2701],[-97.97364,30.27008],[-97.97352,30.2699],[-97.97341,30.26976],[-97.9733,30.26962],[-97.97324,30.26954],[-97.9732,30.2695],[-97.97315,30.26947],[-97.97308,30.26942],[-97.973,30.26938],[-97.97291,30.26932],[-97.97286,30.26929],[-97.97281,30.26925],[-97.97277,30.26922],[-97.97274,30.26918],[-97.97271,30.26914],[-97.97269,30.26912],[-97.97264,30.26902],[-97.97255,30.26885],[-97.97251,30.26875],[-97.97246,30.26864],[-97.97242,30.26852],[-97.97238,30.26839],[-97.97228,30.26809],[-97.97224,30.26799],[-97.97219,30.26789],[-97.97212,30.26774],[-97.97209,30.2677],[-97.97203,30.26758],[-97.97195,30.26745],[-97.97181,30.26726],[-97.97173,30.26715],[-97.97166,30.26705],[-97.97162,30.26698],[-97.97151,30.26684],[-97.97139,30.2667],[-97.97134,30.26663],[-97.97128,30.26656],[-97.97125,30.26652]]},"properties":{"name":"Barton Creek","creek_type":"NATURAL_UNCLASSIFIED","reach_id":null,"watershed":"BAR","feature_kind":"waterway","source":"City of Austin Watershed Protection creek centerlines","retrieved_at":"2026-09-29T00:26:18.548370+00:00","access_claim":"none"}},{"type":"Feature","id":"coa-creek/2351897","geometry":{"type":"LineString","coordinates":[[-97.64961,30.33004],[-97.64958,30.33007],[-97.64955,30.33014],[-97.64951,30.33021],[-97.64945,30.33024],[-97.64938,30.33026],[-97.64934,30.33027],[-97.64921,30.33028]]},"properties":{"name":"Walnut Creek","creek_type":"NATURAL_ALLUVIAL","reach_id":"WLN-4","watershed":"WLN","feature_kind":"waterway","source":"City of Austin Watershed Protection creek centerlines","retrieved_at":"2026-09-29T00:26:18.548370+00:00","access_claim":"none"}},{"type":"Feature","id":"coa-creek/2319632","geometry":{"type":"LineString","coordinates":[[-97.65014,30.32333],[-97.65025,30.32315],[-97.6504,30.32296],[-97.65047,30.32278],[-97.65052,30.32262],[-97.65052,30.32253],[-97.65052,30.3225],[-97.65053,30.32244],[-97.65054,30.32238],[-97.65054,30.32237]]},"properties":{"name":"Walnut Creek","creek_type":"NATURAL_ALLUVIAL","reach_id":"WLN-4","watershed":"WLN","feature_kind":"waterway","source":"City of Austin Watershed Protection creek centerlines","retrieved_at":"2026-09-29T00:26:18.548370+00:00","access_claim":"none"}},{"type":"Feature","id":"coa-creek/2359803","geometry":{"type":"LineString","coordinates":[[-97.77726,30.14473],[-97.77724,30.14472],[-97.77723,30.14468],[-97.77722,30.14465],[-97.77721,30.14463],[-97.77719,30.14461],[-97.77698,30.14448],[-97.77686,30.14441],[-97.77681,30.1444],[-97.77676,30.14439],[-97.77664,30.14441],[-97.77652,30.14444],[-97.77628,30.14448],[-97.77606,30.14449],[-97.77595,30.14449],[-97.77591,30.14449]]},"properties":{"name":"Onion Creek","creek_type":"NATURAL_ROCKBED","reach_id":"ONI-9","watershed":"ONI","feature_kind":"waterway","source":"City of Austin Watershed Protection creek centerlines","retrieved_at":"2026-09-29T00:26:18.548370+00:00","access_claim":"none"}},{"type":"Feature","id":"coa-creek/2344393","geometry":{"type":"LineString","coordinates":[[-97.90434,30.2422],[-97.9043,30.2422],[-97.90428,30.2422],[-97.90426,30.24221],[-97.90424,30.24221],[-97.90414,30.24228],[-97.90409,30.24231]]},"properties":{"name":"Williamson Creek","creek_type":"ALTERED_EARTHEN","reach_id":null,"watershed":"WMS","feature_kind":"waterway","source":"City of Austin Watershed Protection creek centerlines","retrieved_at":"2026-09-29T00:26:18.548370+00:00","access_claim":"none"}},{"type":"Feature","id":"coa-creek/2361002","geometry":{"type":"LineString","coordinates":[[-97.77111,30.21052],[-97.77104,30.21053],[-97.77092,30.21052],[-97.77081,30.21051],[-97.77073,30.21047],[-97.77061,30.21041],[-97.7703,30.21039],[-97.77009,30.21035]]},"properties":{"name":"Williamson Creek","creek_type":"NATURAL_ROCKBED","reach_id":"WMS-7","watershed":"WMS","feature_kind":"waterway","source":"City of Austin Watershed Protection creek centerlines","retrieved_at":"2026-09-29T00:26:18.548370+00:00","access_claim":"none"}},{"type":"Feature","id":"coa-creek/2369429","geometry":{"type":"LineString","coordinates":[[-97.76981,30.21018],[-97.76976,30.21006],[-97.76965,30.20986],[-97.7695,30.20959],[-97.76939,30.20937],[-97.76932,30.20918],[-97.7692,30.20887],[-97.76917,30.20873],[-97.76916,30.20854],[-97.76916,30.20849],[-97.76915,30.20838],[-97.76915,30.20825],[-97.76917,30.20816],[-97.76928,30.20782],[-97.76932,30.20773],[-97.76939,30.20763],[-97.76943,30.20751],[-97.76948,30.20744],[-97.76969,30.20718],[-97.76993,30.20685],[-97.77026,30.20644],[-97.77037,30.20631],[-97.77067,30.20599],[-97.77074,30.20588],[-97.77075,30.20582]]},"properties":{"name":"Williamson Creek","creek_type":"NATURAL_ROCKBED","reach_id":"WMS-6","watershed":"WMS","feature_kind":"waterway","source":"City of Austin Watershed Protection creek centerlines","retrieved_at":"2026-09-29T00:26:18.548370+00:00","access_claim":"none"}},{"type":"Feature","id":"coa-creek/2366733","geometry":{"type":"LineString","coordinates":[[-97.85171,30.29504],[-97.85168,30.2949],[-97.85164,30.29472],[-97.85163,30.29467],[-97.85161,30.2946],[-97.85161,30.29455],[-97.8516,30.29449],[-97.85159,30.29442],[-97.85158,30.29436],[-97.85157,30.29431],[-97.85155,30.29425],[-97.85154,30.29419],[-97.85153,30.29414]]},"properties":{"name":"Barton Creek","creek_type":"NATURAL_ROCKBED","reach_id":"BAR-7","watershed":"BAR","feature_kind":"waterway","source":"City of Austin Watershed Protection creek centerlines","retrieved_at":"2026-09-29T00:26:18.548370+00:00","access_claim":"none"}},{"type":"Feature","id":"coa-creek/2363271","geometry":{"type":"LineString","coordinates":[[-97.73514,30.38072],[-97.73507,30.38066]]},"properties":{"name":"Shoal Creek","creek_type":"ARTIFICIAL_FLOW_PATH","reach_id":null,"watershed":"SHL","feature_kind":"waterway","source":"City of Austin Watershed Protection creek centerlines","retrieved_at":"2026-09-29T00:26:18.548370+00:00","access_claim":"none"}},{"type":"Feature","id":"coa-creek/2348723","geometry":{"type":"LineString","coordinates":[[-97.64806,30.31258],[-97.64815,30.31259],[-97.64821,30.31261],[-97.6483,30.31264],[-97.64836,30.31266],[-97.6484,30.31266],[-97.64845,30.31264],[-97.64849,30.31261],[-97.6485,30.31259]]},"properties":{"name":"Walnut Creek","creek_type":"NATURAL_ALLUVIAL","reach_id":"WLN-3","watershed":"WLN","feature_kind":"waterway","source":"City of Austin Watershed Protection creek centerlines","retrieved_at":"2026-09-29T00:26:18.548370+00:00","access_claim":"none"}},{"type":"Feature","id":"coa-creek/2333532","geometry":{"type":"LineString","coordinates":[[-97.78721,30.36637],[-97.78737,30.36639],[-97.78748,30.36637],[-97.78769,30.36634],[-97.78818,30.36623],[-97.78827,30.3662],[-97.78831,30.36618],[-97.78841,30.36609],[-97.78851,30.36599],[-97.78855,30.36592],[-97.78859,30.36581],[-97.78862,30.36571],[-97.78867,30.36564],[-97.78876,30.36552],[-97.78888,30.36538],[-97.78893,30.3653],[-97.78895,30.36523],[-97.78905,30.36511],[-97.78915,30.36498],[-97.78923,30.36492],[-97.78926,30.36488],[-97.78929,30.36477],[-97.78931,30.36466],[-97.78933,30.36457],[-97.78934,30.36447],[-97.78934,30.3643],[-97.78932,30.36419],[-97.78926,30.36395],[-97.78916,30.36368],[-97.78916,30.36367]]},"properties":{"name":"Bull Creek","creek_type":"NATURAL_ROCKBED","reach_id":"BUL-2","watershed":"BUL","feature_kind":"waterway","source":"City of Austin Watershed Protection creek centerlines","retrieved_at":"2026-09-29T00:26:18.548370+00:00","access_claim":"none"}},{"type":"Feature","id":"coa-creek/2364086","geometry":{"type":"LineString","coordinates":[[-97.64024,30.18304],[-97.64003,30.18295],[-97.63933,30.18273],[-97.63835,30.18244],[-97.63803,30.18235],[-97.63774,30.18231],[-97.63749,30.18234],[-97.6374,30.18236],[-97.63726,30.18236],[-97.63717,30.18236],[-97.63713,30.18238],[-97.63711,30.18242],[-97.63708,30.18246],[-97.63695,30.1825],[-97.63684,30.18254],[-97.63673,30.18258],[-97.63669,30.18259]]},"properties":{"name":"Onion Creek","creek_type":"NATURAL_ALLUVIAL","reach_id":"ONI-1","watershed":"ONI","feature_kind":"waterway","source":"City of Austin Watershed Protection creek centerlines","retrieved_at":"2026-09-29T00:26:18.548370+00:00","access_claim":"none"}},{"type":"Feature","id":"coa-creek/2320696","geometry":{"type":"LineString","coordinates":[[-97.77599,30.14964],[-97.77623,30.15004],[-97.7765,30.15039],[-97.77656,30.15048],[-97.77666,30.15061],[-97.77681,30.15079],[-97.77698,30.15088],[-97.77727,30.15102],[-97.77732,30.15104]]},"properties":{"name":"Onion Creek","creek_type":"NATURAL_ROCKBED","reach_id":"ONI-9","watershed":"ONI","feature_kind":"waterway","source":"City of Austin Watershed Protection creek centerlines","retrieved_at":"2026-09-29T00:26:18.548370+00:00","access_claim":"none"}},{"type":"Feature","id":"coa-creek/2364229","geometry":{"type":"LineString","coordinates":[[-97.74196,30.17311],[-97.74218,30.17321],[-97.74242,30.17334],[-97.74254,30.17344],[-97.74271,30.1736],[-97.7428,30.17372],[-97.74291,30.17387],[-97.74298,30.17398],[-97.74304,30.17417],[-97.74315,30.17436],[-97.74372,30.17501],[-97.74401,30.1752],[-97.74419,30.17529],[-97.74428,30.17543],[-97.74464,30.17582],[-97.74504,30.17621],[-97.74531,30.17652],[-97.74544,30.17668],[-97.74546,30.17674],[-97.74546,30.17675]]},"properties":{"name":"Onion Creek","creek_type":"NATURAL_ROCKBED","reach_id":"ONI-5","watershed":"ONI","feature_kind":"waterway","source":"City of Austin Watershed Protection creek centerlines","retrieved_at":"2026-09-29T00:26:18.548370+00:00","access_claim":"none"}},{"type":"Feature","id":"coa-creek/2380471","geometry":{"type":"LineString","coordinates":[[-97.71713,30.18373],[-97.71704,30.18362],[-97.71699,30.18355]]},"properties":{"name":"Onion Creek","creek_type":"NATURAL_ROCKBED","reach_id":"ONI-3","watershed":"ONI","feature_kind":"waterway","source":"City of Austin Watershed Protection creek centerlines","retrieved_at":"2026-09-29T00:26:18.548370+00:00","access_claim":"none"}},{"type":"Feature","id":"coa-creek/2381271","geometry":{"type":"LineString","coordinates":[[-97.65637,30.17488],[-97.65637,30.17493],[-97.65633,30.17509],[-97.6563,30.17516],[-97.65624,30.17528],[-97.65619,30.17538],[-97.65616,30.17543],[-97.65607,30.17553],[-97.65599,30.17568],[-97.6559,30.1758],[-97.65579,30.17591],[-97.65571,30.17599],[-97.65564,30.17603],[-97.65559,30.17606],[-97.6555,30.17609],[-97.65537,30.17613],[-97.65522,30.17619],[-97.6551,30.17624],[-97.65491,30.17634],[-97.65473,30.17649],[-97.65464,30.17657],[-97.6545,30.17669],[-97.65433,30.17688],[-97.65424,30.17698],[-97.65412,30.17713],[-97.65407,30.17721],[-97.654,30.17731],[-97.65391,30.1774],[-97.65381,30.17747],[-97.65368,30.17753],[-97.65354,30.17762],[-97.65342,30.17767],[-97.65325,30.17771],[-97.65303,30.17772],[-97.65285,30.17772],[-97.65269,30.17774],[-97.65257,30.17774],[-97.65243,30.17772],[-97.65234,30.17771],[-97.65216,30.1777],[-97.65205,30.1777],[-97.65195,30.17773],[-97.65184,30.17778],[-97.65176,30.17783],[-97.6515,30.17804],[-97.65127,30.17816],[-97.65112,30.17821],[-97.65096,30.17825],[-97.65081,30.17827],[-97.65071,30.17826],[-97.65063,30.17825],[-97.65056,30.17824],[-97.65051,30.17822],[-97.65047,30.1782],[-97.65043,30.17818],[-97.65038,30.17816],[-97.65028,30.17812],[-97.65018,30.17811],[-97.6501,30.17809],[-97.65002,30.17809],[-97.6499,30.1781],[-97.6498,30.17811],[-97.64964,30.17814],[-97.64953,30.17817],[-97.6495,30.17818],[-97.64939,30.17823],[-97.64931,30.17826],[-97.64917,30.17832],[-97.64905,30.17836],[-97.64885,30.17843],[-97.6487,30.17847],[-97.64858,30.1785],[-97.64853,30.17852]]},"properties":{"name":"Onion Creek","creek_type":"NATURAL_ALLUVIAL","reach_id":"ONI-1","watershed":"ONI","feature_kind":"waterway","source":"City of Austin Watershed Protection creek centerlines","retrieved_at":"2026-09-29T00:26:18.548370+00:00","access_claim":"none"}},{"type":"Feature","id":"coa-creek/2360070","geometry":{"type":"LineString","coordinates":[[-97.77548,30.39012],[-97.77532,30.39017],[-97.77522,30.39021],[-97.77506,30.39031],[-97.77499,30.39036]]},"properties":{"name":"Bull Creek","creek_type":"NATURAL_ALLUVIAL","reach_id":"BUL-7","watershed":"BUL","feature_kind":"waterway","source":"City of Austin Watershed Protection creek centerlines","retrieved_at":"2026-09-29T00:26:18.548370+00:00","access_claim":"none"}},{"type":"Feature","id":"coa-creek/2363516","geometry":{"type":"LineString","coordinates":[[-97.65333,30.3531],[-97.65329,30.35305],[-97.65327,30.35304],[-97.65323,30.35299],[-97.65312,30.35285],[-97.6531,30.3528],[-97.6531,30.35278],[-97.6531,30.35276],[-97.65311,30.35266],[-97.65312,30.35259],[-97.65313,30.35254],[-97.65314,30.35251],[-97.65314,30.35247],[-97.65312,30.35238],[-97.65308,30.35228],[-97.65301,30.35214],[-97.65295,30.35203],[-97.65292,30.3519],[-97.65292,30.35187],[-97.65292,30.35182],[-97.65293,30.35176],[-97.65293,30.35168],[-97.65293,30.35163],[-97.65297,30.35153],[-97.65301,30.35145],[-97.65309,30.3513],[-97.65314,30.35122],[-97.65323,30.35112],[-97.6533,30.35106],[-97.65334,30.35103],[-97.65339,30.351],[-97.65346,30.35097],[-97.65353,30.35091],[-97.65372,30.35075],[-97.65384,30.35062],[-97.65389,30.35051],[-97.65392,30.35035],[-97.65394,30.35018],[-97.65395,30.35003],[-97.654,30.34989],[-97.65402,30.34985]]},"properties":{"name":"Walnut Creek","creek_type":"NATURAL_ROCKBED","reach_id":"WLN-6","watershed":"WLN","feature_kind":"waterway","source":"City of Austin Watershed Protection creek centerlines","retrieved_at":"2026-09-29T00:26:18.548370+00:00","access_claim":"none"}},{"type":"Feature","id":"coa-creek/2360847","geometry":{"type":"LineString","coordinates":[[-97.81565,30.21958],[-97.81562,30.2196],[-97.81557,30.21961],[-97.81554,30.21961],[-97.8155,30.21961],[-97.81547,30.21961],[-97.81543,30.2196],[-97.81519,30.21961],[-97.81515,30.21961],[-97.81511,30.21962],[-97.81506,30.21963],[-97.81499,30.21966],[-97.81493,30.21968],[-97.81488,30.2197],[-97.81479,30.21976],[-97.81475,30.21981],[-97.81471,30.21986],[-97.81465,30.21989],[-97.81458,30.21994],[-97.81452,30.21999],[-97.81447,30.22002],[-97.81442,30.22004],[-97.81439,30.22004],[-97.81435,30.22003],[-97.81433,30.22003],[-97.81416,30.22],[-97.81404,30.22],[-97.81399,30.21999],[-97.81394,30.21998],[-97.81389,30.21998],[-97.81382,30.21996],[-97.81376,30.21994],[-97.81368,30.21991],[-97.81362,30.21989],[-97.81355,30.21988],[-97.81348,30.21987],[-97.81337,30.21986],[-97.81328,30.21986],[-97.81317,30.21985],[-97.81311,30.21984],[-97.81307,30.21982]]},"properties":{"name":"Williamson Creek","creek_type":"NATURAL_ALLUVIAL","reach_id":"WMS-10","watershed":"WMS","feature_kind":"waterway","source":"City of Austin Watershed Protection creek centerlines","retrieved_at":"2026-09-29T00:26:18.548370+00:00","access_claim":"none"}},{"type":"Feature","id":"coa-creek/2376517","geometry":{"type":"LineString","coordinates":[[-97.79321,30.40987],[-97.79327,30.40981],[-97.7933,30.40977],[-97.79332,30.40971],[-97.79336,30.40965],[-97.79339,30.40956],[-97.79341,30.40951],[-97.7934,30.40945],[-97.79344,30.40933],[-97.79345,30.40925],[-97.79349,30.40871]]},"properties":{"name":"Bull Creek","creek_type":"NATURAL_ROCKBED","reach_id":"BUL-9","watershed":"BUL","feature_kind":"waterway","source":"City of Austin Watershed Protection creek centerlines","retrieved_at":"2026-09-29T00:26:18.548370+00:00","access_claim":"none"}},{"type":"Feature","id":"coa-creek/2386706","geometry":{"type":"LineString","coordinates":[[-97.82314,30.12459],[-97.82313,30.12462],[-97.82307,30.1247],[-97.82299,30.12476],[-97.82292,30.12479],[-97.82285,30.12481],[-97.82274,30.12487],[-97.82267,30.12494]]},"properties":{"name":"Onion Creek","creek_type":"NATURAL_ROCKBED","reach_id":"ONI-10","watershed":"ONI","feature_kind":"waterway","source":"City of Austin Watershed Protection creek centerlines","retrieved_at":"2026-09-29T00:26:18.548370+00:00","access_claim":"none"}},{"type":"Feature","id":"coa-creek/2371027","geometry":{"type":"LineString","coordinates":[[-97.79494,30.41709],[-97.79514,30.41682]]},"properties":{"name":"Bull Creek","creek_type":"NATURAL_ROCKBED","reach_id":"BUL-9","watershed":"BUL","feature_kind":"waterway","source":"City of Austin Watershed Protection creek centerlines","retrieved_at":"2026-09-29T00:26:18.548370+00:00","access_claim":"none"}},{"type":"Feature","id":"coa-creek/2354079","geometry":{"type":"LineString","coordinates":[[-97.66974,30.38829],[-97.66969,30.38829],[-97.66949,30.38826],[-97.66924,30.38822],[-97.66893,30.38813],[-97.66877,30.38809],[-97.66858,30.38805],[-97.6685,30.38805],[-97.6684,30.38803],[-97.6683,30.38799],[-97.66825,30.38798],[-97.66817,30.38797],[-97.66802,30.38795],[-97.66792,30.38794],[-97.66781,30.38791],[-97.66748,30.38775],[-97.6672,30.3876],[-97.66696,30.38749]]},"properties":{"name":"Walnut Creek","creek_type":"NATURAL_ROCKBED","reach_id":"WLN-8","watershed":"WLN","feature_kind":"waterway","source":"City of Austin Watershed Protection creek centerlines","retrieved_at":"2026-09-29T00:26:18.548370+00:00","access_claim":"none"}},{"type":"Feature","id":"coa-creek/2364178","geometry":{"type":"LineString","coordinates":[[-97.67065,30.169],[-97.67063,30.169],[-97.67056,30.16899],[-97.67051,30.16898],[-97.67044,30.16899],[-97.67039,30.16899],[-97.67033,30.16898],[-97.67028,30.16898],[-97.6702,30.16899],[-97.67013,30.169],[-97.67007,30.16902],[-97.67001,30.16903],[-97.66993,30.16906],[-97.6699,30.16906]]},"properties":{"name":"Onion Creek","creek_type":"NATURAL_ALLUVIAL","reach_id":"ONI-2","watershed":"ONI","feature_kind":"waterway","source":"City of Austin Watershed Protection creek centerlines","retrieved_at":"2026-09-29T00:26:18.548370+00:00","access_claim":"none"}},{"type":"Feature","id":"coa-creek/2374664","geometry":{"type":"LineString","coordinates":[[-97.79182,30.21996],[-97.79175,30.2199],[-97.79158,30.21973],[-97.79115,30.21931],[-97.791,30.21921],[-97.79088,30.21911],[-97.79075,30.21901],[-97.79071,30.21896],[-97.79058,30.21884],[-97.7905,30.21872],[-97.79043,30.21862]]},"properties":{"name":"Williamson Creek","creek_type":"NATURAL_ROCKBED","reach_id":"WMS-8","watershed":"WMS","feature_kind":"waterway","source":"City of Austin Watershed Protection creek centerlines","retrieved_at":"2026-09-29T00:26:18.548370+00:00","access_claim":"none"}},{"type":"Feature","id":"coa-creek/2361848","geometry":{"type":"LineString","coordinates":[[-97.91126,30.30679],[-97.91124,30.3068],[-97.9112,30.30681],[-97.91109,30.30684],[-97.91107,30.30685],[-97.91098,30.30688],[-97.91092,30.30691],[-97.91085,30.30693],[-97.9108,30.30694],[-97.91075,30.30695],[-97.91061,30.30699],[-97.91053,30.307],[-97.91041,30.30702],[-97.91028,30.30704],[-97.91027,30.30705],[-97.91022,30.30705],[-97.91005,30.30709],[-97.91,30.30709],[-97.90995,30.3071],[-97.90991,30.3071],[-97.90987,30.30711],[-97.90982,30.30711],[-97.9098,30.30711],[-97.90977,30.3071],[-97.90973,30.3071],[-97.90969,30.3071],[-97.90968,30.30709],[-97.90964,30.30709],[-97.90961,30.30708],[-97.90959,30.30707],[-97.90955,30.30706],[-97.9095,30.30704],[-97.90943,30.30701],[-97.90934,30.30696],[-97.90923,30.3069],[-97.90908,30.30681],[-97.90879,30.30668],[-97.90876,30.30665],[-97.90872,30.30663],[-97.90868,30.3066],[-97.90866,30.30658],[-97.90862,30.30654],[-97.9086,30.30651],[-97.90858,30.30647],[-97.90855,30.30642],[-97.90855,30.3064],[-97.90853,30.30636],[-97.90849,30.3063],[-97.90843,30.30622],[-97.90841,30.30619]]},"properties":{"name":"Barton Creek","creek_type":"NATURAL_ROCKBED","reach_id":"BAR-10","watershed":"BAR","feature_kind":"waterway","source":"City of Austin Watershed Protection creek centerlines","retrieved_at":"2026-09-29T00:26:18.548370+00:00","access_claim":"none"}},{"type":"Feature","id":"coa-creek/2375070","geometry":{"type":"LineString","coordinates":[[-97.82055,30.10846],[-97.82055,30.10844],[-97.82057,30.10839],[-97.82058,30.10836],[-97.8206,30.10832],[-97.82063,30.10829],[-97.82067,30.10828],[-97.8207,30.10828],[-97.82074,30.1083],[-97.82079,30.10832],[-97.82084,30.10836],[-97.82087,30.10838],[-97.82093,30.10844],[-97.821,30.1085],[-97.82105,30.10855],[-97.82107,30.10858],[-97.82114,30.10866],[-97.82118,30.10871],[-97.8212,30.10873],[-97.82125,30.10877],[-97.82139,30.10886],[-97.82176,30.10911],[-97.82189,30.10918],[-97.82195,30.10923],[-97.82201,30.1093],[-97.82207,30.10937],[-97.82214,30.10947],[-97.82238,30.10966],[-97.82246,30.10971],[-97.82262,30.10982],[-97.82265,30.10984],[-97.82274,30.10988],[-97.82277,30.1099],[-97.82279,30.10991],[-97.8228,30.10993],[-97.82282,30.10995],[-97.82287,30.11],[-97.82289,30.11002],[-97.82291,30.11003],[-97.82307,30.11014],[-97.82326,30.11026],[-97.82332,30.11031],[-97.82342,30.11038],[-97.82359,30.1105],[-97.82366,30.11055],[-97.82375,30.11061],[-97.82379,30.11063],[-97.82388,30.11068],[-97.82392,30.1107],[-97.82394,30.11071]]},"properties":{"name":"Onion Creek","creek_type":"NATURAL_ROCKBED","reach_id":"ONI-10","watershed":"ONI","feature_kind":"waterway","source":"City of Austin Watershed Protection creek centerlines","retrieved_at":"2026-09-29T00:26:18.548370+00:00","access_claim":"none"}},{"type":"Feature","id":"coa-creek/2365185","geometry":{"type":"LineString","coordinates":[[-97.73242,30.43997],[-97.73242,30.43996],[-97.73242,30.43991],[-97.73236,30.43989],[-97.73233,30.43987],[-97.73225,30.43982],[-97.73215,30.43976],[-97.73207,30.43973],[-97.73189,30.43969]]},"properties":{"name":"Walnut Creek","creek_type":"NATURAL_UNCLASSIFIED","reach_id":"WLN-17","watershed":"WLN","feature_kind":"waterway","source":"City of Austin Watershed Protection creek centerlines","retrieved_at":"2026-09-29T00:26:18.548370+00:00","access_claim":"none"}},{"type":"Feature","id":"coa-creek/2375903","geometry":{"type":"LineString","coordinates":[[-97.64997,30.32787],[-97.65,30.32784],[-97.65001,30.32778]]},"properties":{"name":"Walnut Creek","creek_type":"NATURAL_ALLUVIAL","reach_id":"WLN-4","watershed":"WLN","feature_kind":"waterway","source":"City of Austin Watershed Protection creek centerlines","retrieved_at":"2026-09-29T00:26:18.548370+00:00","access_claim":"none"}},{"type":"Feature","id":"coa-creek/2371601","geometry":{"type":"LineString","coordinates":[[-97.81311,30.24944],[-97.81311,30.24942],[-97.8131,30.24936],[-97.81309,30.24926],[-97.81309,30.2492],[-97.8131,30.24917],[-97.81313,30.2491],[-97.81314,30.24908],[-97.81314,30.24906],[-97.81314,30.24903],[-97.81314,30.24899],[-97.81312,30.24895],[-97.81311,30.24891],[-97.81309,30.24888],[-97.81308,30.24887],[-97.81307,30.24885],[-97.81305,30.24884],[-97.81301,30.24883],[-97.81296,30.24883],[-97.81294,30.24882],[-97.81293,30.24882],[-97.81288,30.24878],[-97.81284,30.24874],[-97.81284,30.24872],[-97.81279,30.24858],[-97.81277,30.24846],[-97.81269,30.24816],[-97.81267,30.24811],[-97.81264,30.248],[-97.81263,30.24793],[-97.81262,30.24776],[-97.81259,30.24763],[-97.81258,30.24759],[-97.81254,30.2475],[-97.81254,30.24748]]},"properties":{"name":"Barton Creek","creek_type":"NATURAL_ALLUVIAL","reach_id":"BAR-5","watershed":"BAR","feature_kind":"waterway","source":"City of Austin Watershed Protection creek centerlines","retrieved_at":"2026-09-29T00:26:18.548370+00:00","access_claim":"none"}},{"type":"Feature","id":"coa-creek/2320873","geometry":{"type":"LineString","coordinates":[[-97.69407,30.17957],[-97.69405,30.17957],[-97.69405,30.17957]]},"properties":{"name":"Onion Creek","creek_type":"NATURAL_UNCLASSIFIED","reach_id":"ONI-2","watershed":"ONI","feature_kind":"waterway","source":"City of Austin Watershed Protection creek centerlines","retrieved_at":"2026-09-29T00:26:18.548370+00:00","access_claim":"none"}},{"type":"Feature","id":"coa-creek/2320735","geometry":{"type":"LineString","coordinates":[[-97.73543,30.3771],[-97.73543,30.37707],[-97.73543,30.37705]]},"properties":{"name":"Shoal Creek","creek_type":"NATURAL_ROCKBED","reach_id":"SHL-15","watershed":"SHL","feature_kind":"waterway","source":"City of Austin Watershed Protection creek centerlines","retrieved_at":"2026-09-29T00:26:18.548370+00:00","access_claim":"none"}},{"type":"Feature","id":"coa-creek/2331928","geometry":{"type":"LineString","coordinates":[[-97.75282,30.22503],[-97.75281,30.22503],[-97.75267,30.22508],[-97.75264,30.22508]]},"properties":{"name":"Blunn Creek","creek_type":"UNDERGROUND_CULVERT","reach_id":"BLU-5","watershed":"BLU","feature_kind":"waterway","source":"City of Austin Watershed Protection creek centerlines","retrieved_at":"2026-09-29T00:26:18.548370+00:00","access_claim":"none"}},{"type":"Feature","id":"coa-creek/2367643","geometry":{"type":"LineString","coordinates":[[-97.78043,30.26249],[-97.78039,30.26252],[-97.78032,30.26259],[-97.78028,30.26265],[-97.78025,30.26267],[-97.78022,30.26269],[-97.78017,30.26271],[-97.7801,30.26272],[-97.77979,30.26277],[-97.77962,30.26279],[-97.77931,30.2628],[-97.77917,30.2628],[-97.77912,30.26279],[-97.77907,30.2628],[-97.779,30.26282],[-97.77895,30.26283],[-97.7788,30.26285],[-97.77865,30.26286],[-97.77855,30.26286],[-97.77844,30.26285],[-97.77829,30.26283],[-97.77818,30.26283],[-97.7781,30.26283],[-97.778,30.26285],[-97.7778,30.26291],[-97.77767,30.26294],[-97.7776,30.26297],[-97.77754,30.26299],[-97.77749,30.26301],[-97.77747,30.26302],[-97.77724,30.26308],[-97.77708,30.26313],[-97.77703,30.26315],[-97.777,30.26316],[-97.77692,30.2632],[-97.7769,30.26321],[-97.7769,30.26321],[-97.77685,30.26323],[-97.77673,30.26325],[-97.77659,30.26329],[-97.77614,30.26341],[-97.77573,30.26349],[-97.77549,30.26354],[-97.77534,30.26357],[-97.77525,30.26358],[-97.77497,30.26362],[-97.77491,30.26363],[-97.77478,30.26363],[-97.77464,30.26362],[-97.77457,30.26362],[-97.77433,30.26362],[-97.77411,30.26363],[-97.77402,30.26364],[-97.77395,30.26364],[-97.77373,30.26364],[-97.77365,30.26364],[-97.77362,30.26364]]},"properties":{"name":"Barton Creek","creek_type":"NATURAL_ALLUVIAL","reach_id":"BAR-3","watershed":"BAR","feature_kind":"waterway","source":"City of Austin Watershed Protection creek centerlines","retrieved_at":"2026-09-29T00:26:18.548370+00:00","access_claim":"none"}},{"type":"Feature","id":"coa-creek/2358777","geometry":{"type":"LineString","coordinates":[[-97.85054,30.2857],[-97.85064,30.28561],[-97.85089,30.2854]]},"properties":{"name":"Barton Creek","creek_type":"NATURAL_ROCKBED","reach_id":"BAR-7","watershed":"BAR","feature_kind":"waterway","source":"City of Austin Watershed Protection creek centerlines","retrieved_at":"2026-09-29T00:26:18.548370+00:00","access_claim":"none"}},{"type":"Feature","id":"coa-creek/2363518","geometry":{"type":"LineString","coordinates":[[-97.74121,30.35131],[-97.74121,30.35128],[-97.74121,30.35123],[-97.74124,30.35117],[-97.74126,30.35112],[-97.74129,30.35105],[-97.74132,30.35096],[-97.74133,30.35091],[-97.74134,30.35083],[-97.74135,30.35077],[-97.74136,30.35071],[-97.74138,30.35067],[-97.7414,30.35062],[-97.74142,30.35055],[-97.74145,30.35051],[-97.74146,30.35049],[-97.74168,30.3503],[-97.74185,30.35015],[-97.74197,30.35004],[-97.74202,30.34999],[-97.74208,30.34994],[-97.74215,30.34991],[-97.74231,30.34978],[-97.74233,30.34977],[-97.74251,30.34963]]},"properties":{"name":"Shoal Creek","creek_type":"NATURAL_ROCKBED","reach_id":"SHL-12","watershed":"SHL","feature_kind":"waterway","source":"City of Austin Watershed Protection creek centerlines","retrieved_at":"2026-09-29T00:26:18.548370+00:00","access_claim":"none"}},{"type":"Feature","id":"coa-creek/2375898","geometry":{"type":"LineString","coordinates":[[-97.64812,30.32817],[-97.64812,30.32816],[-97.64809,30.32801],[-97.64804,30.32777],[-97.64804,30.32775]]},"properties":{"name":"Walnut Creek","creek_type":"NATURAL_ALLUVIAL","reach_id":"WLN-4","watershed":"WLN","feature_kind":"waterway","source":"City of Austin Watershed Protection creek centerlines","retrieved_at":"2026-09-29T00:26:18.548370+00:00","access_claim":"none"}},{"type":"Feature","id":"coa-creek/2361231","geometry":{"type":"LineString","coordinates":[[-97.91857,30.28891],[-97.91857,30.28893],[-97.91858,30.28898],[-97.91859,30.289]]},"properties":{"name":"Barton Creek","creek_type":"NATURAL_ALLUVIAL","reach_id":null,"watershed":"BAR","feature_kind":"waterway","source":"City of Austin Watershed Protection creek centerlines","retrieved_at":"2026-09-29T00:26:18.548370+00:00","access_claim":"none"}},{"type":"Feature","id":"coa-creek/2358581","geometry":{"type":"LineString","coordinates":[[-97.77425,30.14548],[-97.77423,30.14551]]},"properties":{"name":"Onion Creek","creek_type":"NATURAL_ROCKBED","reach_id":"ONI-9","watershed":"ONI","feature_kind":"waterway","source":"City of Austin Watershed Protection creek centerlines","retrieved_at":"2026-09-29T00:26:18.548370+00:00","access_claim":"none"}},{"type":"Feature","id":"coa-creek/2363689","geometry":{"type":"LineString","coordinates":[[-97.8995,30.29468],[-97.89951,30.29468],[-97.89954,30.29467],[-97.89964,30.29464],[-97.89968,30.29463],[-97.89972,30.29461],[-97.89979,30.29459],[-97.89981,30.29457],[-97.89983,30.29456],[-97.89986,30.29455],[-97.89991,30.29451],[-97.89996,30.29447],[-97.90002,30.29441],[-97.90012,30.29431],[-97.9003,30.29413]]},"properties":{"name":"Barton Creek","creek_type":"NATURAL_ALLUVIAL","reach_id":"BAR-9","watershed":"BAR","feature_kind":"waterway","source":"City of Austin Watershed Protection creek centerlines","retrieved_at":"2026-09-29T00:26:18.548370+00:00","access_claim":"none"}},{"type":"Feature","id":"coa-creek/2362367","geometry":{"type":"LineString","coordinates":[[-97.7999,30.22265],[-97.79975,30.22274],[-97.79964,30.22285],[-97.79955,30.22295],[-97.79954,30.22303],[-97.79952,30.22322],[-97.79954,30.22326],[-97.79954,30.2233],[-97.79951,30.22333],[-97.79945,30.22337],[-97.79937,30.22341],[-97.79931,30.22346],[-97.79898,30.22375],[-97.79877,30.22398],[-97.7987,30.22415],[-97.79869,30.22425],[-97.79867,30.22438],[-97.79869,30.22445],[-97.79873,30.22463],[-97.79873,30.22475],[-97.79872,30.22483]]},"properties":{"name":"Williamson Creek","creek_type":"NATURAL_ALLUVIAL","reach_id":"WMS-10","watershed":"WMS","feature_kind":"waterway","source":"City of Austin Watershed Protection creek centerlines","retrieved_at":"2026-09-29T00:26:18.548370+00:00","access_claim":"none"}},{"type":"Feature","id":"coa-creek/2329210","geometry":{"type":"LineString","coordinates":[[-97.9825,30.26667],[-97.98225,30.26631],[-97.98217,30.26621],[-97.98208,30.26611],[-97.98199,30.26602],[-97.98188,30.26592],[-97.98178,30.26584],[-97.9816,30.2657],[-97.98132,30.2655],[-97.98128,30.26547],[-97.98123,30.26545],[-97.98119,30.26542],[-97.98108,30.26536],[-97.98101,30.26533],[-97.98088,30.26526],[-97.98081,30.26524],[-97.98069,30.26518],[-97.98049,30.2651],[-97.98041,30.26506],[-97.98038,30.26505],[-97.98033,30.26502],[-97.98029,30.265],[-97.98026,30.26498],[-97.98022,30.26497],[-97.98021,30.26496],[-97.9802,30.26496]]},"properties":{"name":"Barton Creek","creek_type":"NATURAL_UNCLASSIFIED","reach_id":null,"watershed":"BAR","feature_kind":"waterway","source":"City of Austin Watershed Protection creek centerlines","retrieved_at":"2026-09-29T00:26:18.548370+00:00","access_claim":"none"}},{"type":"Feature","id":"coa-creek/2365513","geometry":{"type":"LineString","coordinates":[[-97.77212,30.15724],[-97.77191,30.15729],[-97.77169,30.15736],[-97.77157,30.15746],[-97.77141,30.15763],[-97.77137,30.15768],[-97.77125,30.15783],[-97.77119,30.15794],[-97.77116,30.15804],[-97.77113,30.15824],[-97.77104,30.15848],[-97.77097,30.15858],[-97.77083,30.15874],[-97.7707,30.15887],[-97.77053,30.15898],[-97.77034,30.15909],[-97.77022,30.15914],[-97.76999,30.15919],[-97.76991,30.15922],[-97.76983,30.15931],[-97.76977,30.15934],[-97.76974,30.15934]]},"properties":{"name":"Onion Creek","creek_type":"NATURAL_ROCKBED","reach_id":"ONI-8","watershed":"ONI","feature_kind":"waterway","source":"City of Austin Watershed Protection creek centerlines","retrieved_at":"2026-09-29T00:26:18.548370+00:00","access_claim":"none"}},{"type":"Feature","id":"coa-creek/2336624","geometry":{"type":"LineString","coordinates":[[-97.91735,30.24715],[-97.91733,30.24715],[-97.91729,30.24715],[-97.91725,30.24715]]},"properties":{"name":"Williamson Creek","creek_type":"UNDERGROUND_CULVERT","reach_id":null,"watershed":"WMS","feature_kind":"waterway","source":"City of Austin Watershed Protection creek centerlines","retrieved_at":"2026-09-29T00:26:18.548370+00:00","access_claim":"none"}},{"type":"Feature","id":"coa-creek/2361764","geometry":{"type":"LineString","coordinates":[[-97.92465,30.28433],[-97.92465,30.28434],[-97.92467,30.28451],[-97.92467,30.28457],[-97.92468,30.28468],[-97.92471,30.28483],[-97.92474,30.28501],[-97.92476,30.28509],[-97.92478,30.28522],[-97.9248,30.28536],[-97.92482,30.28545],[-97.92483,30.28549],[-97.92484,30.28553],[-97.92486,30.28558],[-97.92488,30.28562]]},"properties":{"name":"Barton Creek","creek_type":"NATURAL_ALLUVIAL","reach_id":null,"watershed":"BAR","feature_kind":"waterway","source":"City of Austin Watershed Protection creek centerlines","retrieved_at":"2026-09-29T00:26:18.548370+00:00","access_claim":"none"}},{"type":"Feature","id":"coa-creek/2355130","geometry":{"type":"LineString","coordinates":[[-97.79372,30.42007],[-97.79368,30.42006],[-97.79359,30.42003],[-97.79354,30.42],[-97.79351,30.41998],[-97.79343,30.41992],[-97.79334,30.41983],[-97.79328,30.41975],[-97.79326,30.41969],[-97.79324,30.41961],[-97.79323,30.41956],[-97.7932,30.41952],[-97.79311,30.41944]]},"properties":{"name":"Bull Creek","creek_type":"NATURAL_ROCKBED","reach_id":"BUL-10","watershed":"BUL","feature_kind":"waterway","source":"City of Austin Watershed Protection creek centerlines","retrieved_at":"2026-09-29T00:26:18.548370+00:00","access_claim":"none"}},{"type":"Feature","id":"coa-creek/2349382","geometry":{"type":"LineString","coordinates":[[-97.81777,30.10521],[-97.81777,30.10522],[-97.81778,30.10523],[-97.81778,30.10527],[-97.81778,30.10528],[-97.81778,30.10528],[-97.81778,30.10528],[-97.81778,30.1053],[-97.81776,30.10534],[-97.81776,30.10535],[-97.81774,30.1054],[-97.81773,30.10545],[-97.81773,30.10547],[-97.81772,30.10549],[-97.81772,30.10552],[-97.81772,30.10554],[-97.81773,30.10557],[-97.81774,30.10559],[-97.81775,30.10562],[-97.81775,30.10563],[-97.81776,30.10563],[-97.81778,30.10565],[-97.81782,30.10568],[-97.81784,30.1057],[-97.81788,30.10574],[-97.8179,30.10577],[-97.81791,30.10579],[-97.81792,30.10581],[-97.81793,30.10583],[-97.81794,30.10585],[-97.81795,30.10588],[-97.81795,30.10589],[-97.81795,30.1059],[-97.81795,30.10591],[-97.81795,30.10592],[-97.81795,30.10592],[-97.81794,30.10593],[-97.81794,30.10593],[-97.81788,30.10597],[-97.81783,30.106],[-97.81783,30.106],[-97.81782,30.10601],[-97.81782,30.10601],[-97.81782,30.10601],[-97.81782,30.10602],[-97.81782,30.10602],[-97.81782,30.10604],[-97.81782,30.10605],[-97.81782,30.10606],[-97.81784,30.10611],[-97.81785,30.10615],[-97.81786,30.10618],[-97.81787,30.1062],[-97.81789,30.10623],[-97.81793,30.1063],[-97.81799,30.10641],[-97.818,30.10642],[-97.81802,30.10643],[-97.81803,30.10644],[-97.81807,30.10647],[-97.81807,30.10648]]},"properties":{"name":"Onion Creek","creek_type":"NATURAL_ROCKBED","reach_id":"ONI-10","watershed":"ONI","feature_kind":"waterway","source":"City of Austin Watershed Protection creek centerlines","retrieved_at":"2026-09-29T00:26:18.548370+00:00","access_claim":"none"}},{"type":"Feature","id":"coa-creek/2354850","geometry":{"type":"LineString","coordinates":[[-97.72773,30.43861],[-97.72756,30.43856],[-97.72751,30.43854]]},"properties":{"name":"Walnut Creek","creek_type":"NATURAL_ALLUVIAL","reach_id":"WLN-16","watershed":"WLN","feature_kind":"waterway","source":"City of Austin Watershed Protection creek centerlines","retrieved_at":"2026-09-29T00:26:18.548370+00:00","access_claim":"none"}},{"type":"Feature","id":"coa-creek/2338199","geometry":{"type":"LineString","coordinates":[[-97.79634,30.25129],[-97.79633,30.25154],[-97.79626,30.25202],[-97.79624,30.25234],[-97.79624,30.25235],[-97.79623,30.25237],[-97.79622,30.25251],[-97.79618,30.25269],[-97.79612,30.2529],[-97.79607,30.25306],[-97.79604,30.25313],[-97.79599,30.2532],[-97.79596,30.25325],[-97.79589,30.25331],[-97.79581,30.25337],[-97.79567,30.25347],[-97.79557,30.25355],[-97.79543,30.25365],[-97.79522,30.25375],[-97.79512,30.25382],[-97.79506,30.25386],[-97.79494,30.25392],[-97.79477,30.25399],[-97.79465,30.25405],[-97.79452,30.25409],[-97.79443,30.25411],[-97.79433,30.25413],[-97.79433,30.25413],[-97.79415,30.25415],[-97.79394,30.25418],[-97.79386,30.2542],[-97.79369,30.25426],[-97.79359,30.25429],[-97.79337,30.25435],[-97.79287,30.25452],[-97.79264,30.25462],[-97.79245,30.25469],[-97.79222,30.25479],[-97.79215,30.25482],[-97.79208,30.25484],[-97.79203,30.25485],[-97.79173,30.25494],[-97.79137,30.25502],[-97.79131,30.25503],[-97.79124,30.25505],[-97.79116,30.25508],[-97.79113,30.25509],[-97.79107,30.25512],[-97.791,30.25515]]},"properties":{"name":"Barton Creek","creek_type":"NATURAL_ALLUVIAL","reach_id":"BAR-5","watershed":"BAR","feature_kind":"waterway","source":"City of Austin Watershed Protection creek centerlines","retrieved_at":"2026-09-29T00:26:18.548370+00:00","access_claim":"none"}},{"type":"Feature","id":"coa-creek/2339416","geometry":{"type":"LineString","coordinates":[[-97.89202,30.24721],[-97.89162,30.24711],[-97.89155,30.24708],[-97.89139,30.24702],[-97.89131,30.24699]]},"properties":{"name":"Williamson Creek","creek_type":"NATURAL_UNCLASSIFIED","reach_id":null,"watershed":"WMS","feature_kind":"waterway","source":"City of Austin Watershed Protection creek centerlines","retrieved_at":"2026-09-29T00:26:18.548370+00:00","access_claim":"none"}},{"type":"Feature","id":"coa-creek/2356235","geometry":{"type":"LineString","coordinates":[[-97.69687,30.18029],[-97.69677,30.18026],[-97.69663,30.18022],[-97.69649,30.18018],[-97.69554,30.17992],[-97.69529,30.17984],[-97.69513,30.17979]]},"properties":{"name":"Onion Creek","creek_type":"NATURAL_ROCKBED","reach_id":"ONI-3","watershed":"ONI","feature_kind":"waterway","source":"City of Austin Watershed Protection creek centerlines","retrieved_at":"2026-09-29T00:26:18.548370+00:00","access_claim":"none"}},{"type":"Feature","id":"coa-creek/2364562","geometry":{"type":"LineString","coordinates":[[-97.90271,30.30268],[-97.90271,30.30268],[-97.90258,30.30258],[-97.90248,30.3025],[-97.90242,30.30244],[-97.9024,30.30242],[-97.90227,30.30229],[-97.90223,30.30224],[-97.90221,30.30222]]},"properties":{"name":"Barton Creek","creek_type":"NATURAL_ALLUVIAL","reach_id":"BAR-9","watershed":"BAR","feature_kind":"waterway","source":"City of Austin Watershed Protection creek centerlines","retrieved_at":"2026-09-29T00:26:18.548370+00:00","access_claim":"none"}},{"type":"Feature","id":"coa-creek/2331238","geometry":{"type":"LineString","coordinates":[[-97.85807,30.30219],[-97.85807,30.30221],[-97.85806,30.30224],[-97.85806,30.30227],[-97.85804,30.30237],[-97.85804,30.30239],[-97.85803,30.30243],[-97.85801,30.30248],[-97.858,30.30252],[-97.85797,30.30259],[-97.85796,30.30262],[-97.85794,30.30267],[-97.85793,30.30271],[-97.85792,30.30276],[-97.85791,30.3028],[-97.85791,30.3028],[-97.85791,30.30281]]},"properties":{"name":"Barton Creek","creek_type":"NATURAL_UNCLASSIFIED","reach_id":null,"watershed":"BAR","feature_kind":"waterway","source":"City of Austin Watershed Protection creek centerlines","retrieved_at":"2026-09-29T00:26:18.548370+00:00","access_claim":"none"}},{"type":"Feature","id":"coa-creek/2332620","geometry":{"type":"LineString","coordinates":[[-97.73555,30.44118],[-97.73553,30.44119],[-97.7355,30.44119],[-97.73549,30.44118]]},"properties":{"name":"Walnut Creek","creek_type":"NATURAL_UNCLASSIFIED","reach_id":"WLN-17","watershed":"WLN","feature_kind":"waterway","source":"City of Austin Watershed Protection creek centerlines","retrieved_at":"2026-09-29T00:26:18.548370+00:00","access_claim":"none"}},{"type":"Feature","id":"coa-creek/2376179","geometry":{"type":"LineString","coordinates":[[-97.65588,30.28988],[-97.65579,30.2898],[-97.6557,30.28975],[-97.65558,30.28967],[-97.65546,30.28959],[-97.65537,30.28953],[-97.65531,30.28947],[-97.65522,30.28942],[-97.65518,30.28939],[-97.65514,30.28938],[-97.65509,30.28937],[-97.65497,30.28936],[-97.6549,30.28934],[-97.65485,30.28931],[-97.65481,30.28928],[-97.65477,30.28924],[-97.65468,30.28915],[-97.65461,30.28906],[-97.65457,30.289],[-97.65455,30.28895],[-97.65453,30.28891],[-97.65453,30.28886],[-97.65453,30.28882],[-97.65454,30.28868],[-97.65455,30.2886],[-97.65457,30.28854],[-97.6546,30.2885],[-97.65465,30.28841],[-97.65467,30.28837],[-97.65468,30.28834],[-97.65468,30.28831],[-97.65468,30.28826],[-97.65467,30.28814],[-97.65467,30.28802],[-97.65465,30.28793],[-97.65465,30.28785],[-97.65464,30.28779],[-97.65461,30.28774],[-97.65459,30.28771],[-97.65452,30.28765],[-97.65446,30.28762],[-97.6544,30.28757],[-97.65436,30.28754],[-97.65432,30.28746],[-97.65423,30.28726],[-97.6542,30.28715],[-97.65418,30.28703],[-97.65417,30.28697],[-97.65412,30.28679],[-97.6541,30.28669],[-97.6541,30.28663],[-97.65409,30.28655],[-97.65407,30.28637],[-97.65406,30.28628],[-97.65407,30.28624],[-97.6541,30.28619],[-97.65414,30.28612],[-97.65425,30.28595],[-97.65435,30.28578],[-97.65443,30.28564],[-97.65446,30.28559],[-97.65449,30.28553],[-97.6545,30.28548],[-97.65452,30.28539],[-97.65457,30.28527],[-97.65458,30.28523],[-97.65458,30.2852],[-97.65457,30.28516],[-97.65457,30.28505],[-97.65457,30.285],[-97.65456,30.28495],[-97.65454,30.28488],[-97.6545,30.28482],[-97.65445,30.28476],[-97.65438,30.28469],[-97.65433,30.28465],[-97.65427,30.28461],[-97.65422,30.28459],[-97.65416,30.28458],[-97.65408,30.28455],[-97.65397,30.2845],[-97.65385,30.2844],[-97.65382,30.28437],[-97.65378,30.28434],[-97.65373,30.28432],[-97.65367,30.28427],[-97.65361,30.28427],[-97.65354,30.28427],[-97.65347,30.28427],[-97.65339,30.28429],[-97.65335,30.2843],[-97.65329,30.28432],[-97.65324,30.28435],[-97.65319,30.28437]]},"properties":{"name":"Walnut Creek","creek_type":"NATURAL_ALLUVIAL","reach_id":"WLN-2","watershed":"WLN","feature_kind":"waterway","source":"City of Austin Watershed Protection creek centerlines","retrieved_at":"2026-09-29T00:26:18.548370+00:00","access_claim":"none"}},{"type":"Feature","id":"coa-creek/2382347","geometry":{"type":"LineString","coordinates":[[-97.66696,30.38749],[-97.66675,30.38737],[-97.6666,30.3872],[-97.66647,30.38699],[-97.66639,30.38683],[-97.66635,30.38666],[-97.66631,30.38648],[-97.66623,30.38635],[-97.66613,30.38622],[-97.66601,30.38605],[-97.66585,30.3859],[-97.66564,30.38578],[-97.66551,30.38565],[-97.66542,30.38547],[-97.66533,30.38527],[-97.66532,30.38514],[-97.66525,30.38502],[-97.66519,30.38477],[-97.66509,30.38454],[-97.66502,30.38434],[-97.66492,30.38408],[-97.66486,30.38392],[-97.66482,30.3838],[-97.66477,30.38369],[-97.66476,30.38357],[-97.66478,30.38349],[-97.66482,30.38341],[-97.66483,30.38333],[-97.66483,30.38327],[-97.6648,30.38316],[-97.66477,30.38303]]},"properties":{"name":"Walnut Creek","creek_type":"NATURAL_ROCKBED","reach_id":"WLN-8","watershed":"WLN","feature_kind":"waterway","source":"City of Austin Watershed Protection creek centerlines","retrieved_at":"2026-09-29T00:26:18.548370+00:00","access_claim":"none"}},{"type":"Feature","id":"coa-creek/2336728","geometry":{"type":"LineString","coordinates":[[-97.69013,30.17858],[-97.69006,30.17854],[-97.68999,30.17851],[-97.68994,30.17847],[-97.6899,30.1784],[-97.68986,30.17834],[-97.68986,30.17834],[-97.68984,30.17833],[-97.68981,30.1783],[-97.68975,30.17827],[-97.68967,30.1782],[-97.68963,30.17813],[-97.68958,30.17804],[-97.68953,30.17797],[-97.68948,30.17791],[-97.6894,30.17787]]},"properties":{"name":"Onion Creek","creek_type":"NATURAL_UNCLASSIFIED","reach_id":"ONI-2","watershed":"ONI","feature_kind":"waterway","source":"City of Austin Watershed Protection creek centerlines","retrieved_at":"2026-09-29T00:26:18.548370+00:00","access_claim":"none"}},{"type":"Feature","id":"coa-creek/2379484","geometry":{"type":"LineString","coordinates":[[-97.86609,30.23426],[-97.86595,30.23425],[-97.86565,30.23426],[-97.86548,30.23425],[-97.86532,30.23429],[-97.86518,30.23441]]},"properties":{"name":"Williamson Creek","creek_type":"NATURAL_ROCKBED","reach_id":"WMS-12","watershed":"WMS","feature_kind":"waterway","source":"City of Austin Watershed Protection creek centerlines","retrieved_at":"2026-09-29T00:26:18.548370+00:00","access_claim":"none"}},{"type":"Feature","id":"coa-creek/2379762","geometry":{"type":"LineString","coordinates":[[-97.77391,30.3908],[-97.77387,30.39081],[-97.77381,30.39081],[-97.77355,30.39078],[-97.77337,30.39076],[-97.77323,30.39072],[-97.77306,30.39065],[-97.77298,30.39057],[-97.7729,30.39052],[-97.77281,30.39049],[-97.77274,30.39044],[-97.77267,30.39036],[-97.77256,30.39026],[-97.77246,30.39019],[-97.77235,30.39014],[-97.77222,30.39007],[-97.77212,30.39002],[-97.772,30.38994],[-97.77176,30.38971],[-97.7717,30.38964],[-97.77158,30.38949],[-97.77153,30.38944],[-97.77138,30.3892],[-97.77133,30.38912],[-97.77115,30.38885],[-97.77102,30.38863],[-97.77094,30.38852],[-97.77092,30.38846],[-97.77087,30.38837],[-97.77085,30.38831],[-97.7708,30.38818],[-97.7707,30.38785],[-97.77055,30.38735],[-97.77049,30.38716],[-97.77043,30.38695],[-97.77037,30.38664],[-97.77032,30.38637],[-97.77031,30.38623],[-97.77032,30.38618],[-97.77032,30.38615],[-97.77031,30.38602],[-97.77027,30.38584],[-97.77023,30.38576],[-97.77021,30.3857],[-97.77019,30.38564],[-97.77017,30.38542],[-97.77011,30.38496],[-97.77009,30.38478],[-97.77009,30.38464],[-97.77009,30.3846],[-97.77009,30.38454],[-97.7701,30.38448],[-97.77011,30.38445],[-97.77014,30.38439],[-97.77016,30.38436],[-97.7702,30.38429],[-97.7703,30.38412],[-97.77032,30.38407],[-97.77034,30.38402],[-97.77038,30.3839],[-97.77043,30.38381],[-97.77044,30.38379],[-97.77045,30.38374],[-97.77045,30.38368],[-97.77045,30.38357],[-97.77044,30.38347],[-97.77042,30.38341],[-97.77041,30.38333],[-97.77041,30.38329],[-97.77041,30.38319],[-97.77042,30.38304],[-97.77042,30.38302],[-97.77042,30.38291],[-97.7704,30.38277],[-97.77036,30.38269],[-97.77036,30.38267],[-97.77036,30.38264]]},"properties":{"name":"Bull Creek","creek_type":"NATURAL_ROCKBED","reach_id":"BUL-6","watershed":"BUL","feature_kind":"waterway","source":"City of Austin Watershed Protection creek centerlines","retrieved_at":"2026-09-29T00:26:18.548370+00:00","access_claim":"none"}},{"type":"Feature","id":"coa-creek/2339743","geometry":{"type":"LineString","coordinates":[[-97.80643,30.41881],[-97.80623,30.4188],[-97.80609,30.4188],[-97.80592,30.41879],[-97.80586,30.41878],[-97.80576,30.41877]]},"properties":{"name":"Bull Creek","creek_type":"NATURAL_ROCKBED","reach_id":"BUL-10","watershed":"BUL","feature_kind":"waterway","source":"City of Austin Watershed Protection creek centerlines","retrieved_at":"2026-09-29T00:26:18.548370+00:00","access_claim":"none"}},{"type":"Feature","id":"coa-creek/2355985","geometry":{"type":"LineString","coordinates":[[-97.75357,30.28806],[-97.75358,30.28802],[-97.75366,30.28777]]},"properties":{"name":"Shoal Creek","creek_type":"NATURAL_ROCKBED","reach_id":"SHL-4","watershed":"SHL","feature_kind":"waterway","source":"City of Austin Watershed Protection creek centerlines","retrieved_at":"2026-09-29T00:26:18.548370+00:00","access_claim":"none"}},{"type":"Feature","id":"coa-creek/2341730","geometry":{"type":"LineString","coordinates":[[-97.76054,30.19547],[-97.76056,30.19543],[-97.76058,30.19539],[-97.76062,30.19532],[-97.76069,30.1952],[-97.76076,30.19511],[-97.76076,30.19504],[-97.7608,30.19498],[-97.76086,30.19496],[-97.7609,30.19492],[-97.76092,30.19489],[-97.76094,30.19486],[-97.76096,30.19482],[-97.76099,30.19479],[-97.76102,30.19477],[-97.76104,30.19476],[-97.76106,30.19475],[-97.76111,30.19474],[-97.76115,30.19471],[-97.76118,30.19469],[-97.7612,30.19467],[-97.76121,30.19465],[-97.76123,30.19463],[-97.76125,30.19461],[-97.76127,30.19453],[-97.76134,30.19442],[-97.76135,30.1944]]},"properties":{"name":"Williamson Creek","creek_type":"NATURAL_ALLUVIAL","reach_id":"WMS-5","watershed":"WMS","feature_kind":"waterway","source":"City of Austin Watershed Protection creek centerlines","retrieved_at":"2026-09-29T00:26:18.548370+00:00","access_claim":"none"}},{"type":"Feature","id":"coa-creek/2361972","geometry":{"type":"LineString","coordinates":[[-97.92059,30.2975],[-97.92058,30.2975],[-97.92056,30.29751],[-97.92054,30.29752],[-97.92052,30.29753],[-97.92049,30.29755],[-97.92043,30.2976],[-97.92038,30.29764],[-97.92022,30.29776],[-97.92012,30.29785],[-97.92008,30.29788],[-97.91987,30.29807],[-97.91984,30.29811],[-97.91981,30.29814],[-97.91972,30.29827],[-97.91971,30.29827],[-97.91952,30.29853],[-97.91945,30.29863],[-97.91935,30.29875],[-97.91926,30.29886],[-97.91923,30.2989],[-97.91921,30.29892],[-97.9192,30.29895]]},"properties":{"name":"Barton Creek","creek_type":"NATURAL_ROCKBED","reach_id":"BAR-10","watershed":"BAR","feature_kind":"waterway","source":"City of Austin Watershed Protection creek centerlines","retrieved_at":"2026-09-29T00:26:18.548370+00:00","access_claim":"none"}},{"type":"Feature","id":"coa-creek/2346095","geometry":{"type":"LineString","coordinates":[[-97.78503,30.37104],[-97.78512,30.37039],[-97.78533,30.36986],[-97.78549,30.36945],[-97.78554,30.36929],[-97.78557,30.36921],[-97.78559,30.36908],[-97.7856,30.3689],[-97.78558,30.36871],[-97.78554,30.36856],[-97.78551,30.36844],[-97.78547,30.36833],[-97.78544,30.36828]]},"properties":{"name":"Bull Creek","creek_type":"NATURAL_ROCKBED","reach_id":"BUL-3","watershed":"BUL","feature_kind":"waterway","source":"City of Austin Watershed Protection creek centerlines","retrieved_at":"2026-09-29T00:26:18.548370+00:00","access_claim":"none"}},{"type":"Feature","id":"coa-creek/2354727","geometry":{"type":"LineString","coordinates":[[-97.81741,30.25386],[-97.81724,30.2538],[-97.817,30.25368],[-97.81688,30.25363],[-97.81683,30.25361],[-97.81657,30.25353],[-97.81644,30.25349]]},"properties":{"name":"Barton Creek","creek_type":"NATURAL_ROCKBED","reach_id":"BAR-6","watershed":"BAR","feature_kind":"waterway","source":"City of Austin Watershed Protection creek centerlines","retrieved_at":"2026-09-29T00:26:18.548370+00:00","access_claim":"none"}},{"type":"Feature","id":"coa-creek/2337288","geometry":{"type":"LineString","coordinates":[[-97.85779,30.23405],[-97.85769,30.23403]]},"properties":{"name":"Williamson Creek","creek_type":"UNDERGROUND_CULVERT","reach_id":"WMS-11","watershed":"WMS","feature_kind":"waterway","source":"City of Austin Watershed Protection creek centerlines","retrieved_at":"2026-09-29T00:26:18.548370+00:00","access_claim":"none"}},{"type":"Feature","id":"coa-creek/2320441","geometry":{"type":"LineString","coordinates":[[-97.66083,30.37079],[-97.6609,30.3708],[-97.66098,30.37081],[-97.66128,30.37081]]},"properties":{"name":"Walnut Creek","creek_type":"NATURAL_ROCKBED","reach_id":"WLN-8","watershed":"WLN","feature_kind":"waterway","source":"City of Austin Watershed Protection creek centerlines","retrieved_at":"2026-09-29T00:26:18.548370+00:00","access_claim":"none"}},{"type":"Feature","id":"coa-creek/2348811","geometry":{"type":"LineString","coordinates":[[-97.90584,30.24238],[-97.90584,30.2424],[-97.90582,30.24245],[-97.9058,30.24248],[-97.90578,30.24251],[-97.90574,30.24254],[-97.90567,30.24253],[-97.90561,30.24249],[-97.9055,30.24245],[-97.90539,30.24241],[-97.90525,30.24236],[-97.90518,30.24235],[-97.9051,30.24232]]},"properties":{"name":"Williamson Creek","creek_type":"NATURAL_UNCLASSIFIED","reach_id":null,"watershed":"WMS","feature_kind":"waterway","source":"City of Austin Watershed Protection creek centerlines","retrieved_at":"2026-09-29T00:26:18.548370+00:00","access_claim":"none"}},{"type":"Feature","id":"coa-creek/2360935","geometry":{"type":"LineString","coordinates":[[-97.89869,30.28946],[-97.89861,30.28947],[-97.89855,30.28947],[-97.89849,30.28948],[-97.89834,30.2895],[-97.89819,30.28952],[-97.89813,30.28954],[-97.89807,30.28955],[-97.898,30.28957],[-97.8979,30.2896],[-97.89782,30.28963],[-97.89767,30.28971],[-97.89741,30.28984],[-97.89721,30.28996],[-97.89717,30.28999],[-97.89706,30.29007],[-97.897,30.29011],[-97.89698,30.29012],[-97.89695,30.29014],[-97.89693,30.29014],[-97.89685,30.29017],[-97.89682,30.29019]]},"properties":{"name":"Barton Creek","creek_type":"NATURAL_ALLUVIAL","reach_id":"BAR-9","watershed":"BAR","feature_kind":"waterway","source":"City of Austin Watershed Protection creek centerlines","retrieved_at":"2026-09-29T00:26:18.548370+00:00","access_claim":"none"}},{"type":"Feature","id":"coa-creek/2365027","geometry":{"type":"LineString","coordinates":[[-97.65466,30.28325],[-97.65468,30.28324],[-97.65471,30.28322],[-97.65476,30.2832],[-97.65482,30.28319],[-97.65493,30.28318],[-97.65498,30.28317],[-97.65503,30.28315],[-97.65509,30.28311],[-97.65513,30.28308],[-97.65518,30.28303],[-97.65525,30.28296],[-97.65532,30.2829],[-97.65535,30.28286],[-97.65537,30.28283],[-97.65538,30.28278],[-97.65538,30.28273],[-97.65538,30.28267],[-97.65536,30.28262],[-97.65533,30.28258],[-97.65528,30.28252],[-97.65523,30.28249],[-97.65514,30.28244],[-97.65496,30.28238],[-97.65486,30.28233],[-97.6548,30.28228],[-97.65475,30.28223],[-97.65474,30.28219],[-97.65473,30.28215],[-97.65473,30.2821],[-97.65476,30.28196],[-97.65479,30.28189],[-97.65483,30.28184],[-97.65489,30.28179],[-97.65498,30.28173],[-97.65511,30.28166],[-97.65522,30.28158],[-97.6553,30.28152],[-97.65535,30.28147],[-97.65539,30.28137],[-97.65544,30.28127],[-97.6555,30.28116],[-97.65552,30.28112],[-97.65552,30.28109],[-97.65552,30.28105],[-97.65551,30.28094],[-97.65549,30.28082],[-97.65548,30.28069]]},"properties":{"name":"Walnut Creek","creek_type":"NATURAL_ALLUVIAL","reach_id":"WLN-2","watershed":"WLN","feature_kind":"waterway","source":"City of Austin Watershed Protection creek centerlines","retrieved_at":"2026-09-29T00:26:18.548370+00:00","access_claim":"none"}},{"type":"Feature","id":"coa-creek/2332056","geometry":{"type":"LineString","coordinates":[[-97.67226,30.17085],[-97.67234,30.17071],[-97.67238,30.17059],[-97.67241,30.17045],[-97.67242,30.17031],[-97.67233,30.16986],[-97.6723,30.16977],[-97.6723,30.16975]]},"properties":{"name":"Onion Creek","creek_type":"NATURAL_ALLUVIAL","reach_id":"ONI-2","watershed":"ONI","feature_kind":"waterway","source":"City of Austin Watershed Protection creek centerlines","retrieved_at":"2026-09-29T00:26:18.548370+00:00","access_claim":"none"}},{"type":"Feature","id":"coa-creek/2381388","geometry":{"type":"LineString","coordinates":[[-97.64828,30.18543],[-97.64822,30.18543],[-97.64813,30.18543],[-97.64788,30.18538],[-97.64774,30.18538],[-97.64769,30.1854],[-97.64763,30.1854]]},"properties":{"name":"Onion Creek","creek_type":"NATURAL_ALLUVIAL","reach_id":"ONI-1","watershed":"ONI","feature_kind":"waterway","source":"City of Austin Watershed Protection creek centerlines","retrieved_at":"2026-09-29T00:26:18.548370+00:00","access_claim":"none"}},{"type":"Feature","id":"coa-creek/2363896","geometry":{"type":"LineString","coordinates":[[-97.65548,30.28069],[-97.65548,30.28054],[-97.65549,30.28041],[-97.65548,30.28033],[-97.65547,30.28022],[-97.65547,30.28016],[-97.65547,30.28012],[-97.65549,30.28007],[-97.65552,30.28002],[-97.65555,30.27998],[-97.65559,30.27994],[-97.6556,30.27989],[-97.65561,30.27986],[-97.65562,30.27977],[-97.65563,30.27965],[-97.65564,30.27948],[-97.65564,30.27941],[-97.65564,30.27934],[-97.65565,30.27929],[-97.65568,30.27922],[-97.65571,30.27915],[-97.65575,30.27908],[-97.65582,30.279],[-97.65585,30.27897],[-97.6559,30.27894],[-97.65599,30.27888],[-97.65603,30.27884],[-97.65604,30.27881],[-97.65606,30.27878],[-97.65606,30.27875],[-97.65605,30.27871],[-97.65602,30.27859],[-97.65602,30.27852],[-97.65603,30.27847],[-97.65604,30.27841],[-97.65607,30.27835],[-97.6561,30.27831],[-97.65622,30.27815],[-97.65636,30.27797],[-97.65643,30.27794],[-97.65645,30.27794],[-97.65647,30.27793],[-97.6565,30.27793],[-97.65652,30.27792],[-97.65655,30.27792],[-97.65657,30.27791],[-97.65659,30.27791],[-97.65661,30.27791],[-97.65664,30.2779],[-97.65666,30.2779],[-97.65668,30.2779],[-97.65671,30.27789],[-97.65673,30.27788],[-97.65675,30.27787],[-97.65678,30.27786],[-97.6568,30.27784],[-97.65681,30.27783],[-97.65683,30.27782],[-97.65684,30.2778],[-97.65685,30.27778],[-97.65686,30.27776],[-97.65686,30.27774],[-97.65686,30.27772],[-97.65686,30.2777],[-97.65686,30.27768],[-97.65686,30.27765],[-97.65685,30.27763],[-97.65684,30.27761],[-97.65683,30.27758],[-97.65682,30.27756],[-97.65681,30.27754],[-97.65681,30.27752],[-97.65681,30.27749],[-97.6568,30.27747],[-97.6568,30.27745],[-97.65679,30.27743],[-97.65679,30.27741],[-97.65679,30.27739],[-97.65678,30.27737],[-97.65678,30.27735],[-97.65677,30.27733],[-97.65677,30.27731],[-97.65676,30.27729],[-97.65675,30.27727],[-97.65674,30.27725],[-97.65674,30.27724],[-97.65673,30.27721],[-97.65672,30.2772],[-97.65671,30.27718],[-97.65669,30.27713],[-97.65669,30.2771],[-97.65669,30.27707],[-97.6567,30.27703],[-97.65671,30.27701],[-97.65671,30.27699],[-97.65673,30.27696],[-97.65674,30.27694],[-97.65676,30.2769],[-97.65677,30.27689],[-97.65678,30.27687],[-97.65679,30.27685],[-97.65679,30.27683],[-97.65678,30.27681],[-97.65677,30.27679],[-97.65675,30.27677],[-97.65673,30.27676],[-97.65671,30.27675],[-97.65669,30.27675],[-97.65667,30.27674],[-97.65664,30.27674],[-97.65661,30.27675],[-97.65659,30.27675],[-97.65656,30.27675],[-97.65654,30.27676],[-97.65652,30.27676],[-97.6565,30.27677],[-97.65648,30.27679],[-97.65647,30.2768],[-97.65646,30.27682],[-97.65645,30.27684],[-97.65642,30.27686],[-97.6564,30.27687],[-97.65638,30.27687],[-97.65636,30.27688],[-97.65634,30.27689],[-97.65631,30.2769],[-97.65629,30.2769],[-97.65627,30.2769],[-97.65624,30.2769],[-97.65622,30.27689],[-97.6562,30.27689],[-97.65618,30.27688],[-97.65615,30.27686],[-97.65612,30.27683],[-97.65608,30.27678],[-97.65606,30.27674],[-97.65606,30.27672],[-97.65605,30.27666],[-97.65605,30.27659],[-97.65606,30.27656],[-97.65606,30.27654],[-97.65606,30.27652],[-97.65606,30.2765],[-97.65606,30.27648],[-97.65607,30.27646],[-97.65607,30.27644],[-97.65607,30.27642],[-97.65606,30.2764],[-97.65606,30.27637],[-97.65606,30.27634],[-97.65606,30.27632],[-97.65606,30.27629],[-97.65605,30.27627],[-97.65605,30.27625],[-97.65605,30.27624],[-97.65605,30.27621],[-97.65605,30.27619],[-97.65605,30.27617],[-97.65604,30.27615],[-97.65604,30.27612],[-97.65604,30.2761],[-97.65603,30.27608],[-97.65603,30.27606],[-97.65603,30.27604],[-97.65603,30.27602],[-97.65602,30.276],[-97.65602,30.27598],[-97.65602,30.27596],[-97.65601,30.27594],[-97.65601,30.27592],[-97.65601,30.2759],[-97.65601,30.27588],[-97.65601,30.27586],[-97.656,30.27584],[-97.656,30.27581],[-97.656,30.27579],[-97.656,30.27577],[-97.656,30.27575],[-97.65601,30.27573],[-97.65601,30.27571],[-97.65601,30.27569],[-97.65602,30.27567],[-97.65602,30.27565],[-97.65603,30.27563],[-97.65603,30.27561],[-97.65604,30.27559],[-97.65604,30.27556],[-97.65604,30.27554],[-97.65603,30.27552],[-97.65603,30.2755],[-97.65603,30.27547],[-97.65602,30.27545],[-97.65601,30.27543],[-97.65601,30.27541],[-97.656,30.27539],[-97.656,30.27536],[-97.65599,30.27534],[-97.65599,30.27531],[-97.65598,30.27529],[-97.65598,30.27528],[-97.65597,30.27526],[-97.65597,30.27524],[-97.65596,30.27522],[-97.65595,30.2752],[-97.65595,30.27518],[-97.65594,30.27516],[-97.65593,30.27514],[-97.65592,30.27512],[-97.6559,30.2751],[-97.6559,30.27508],[-97.65589,30.27506],[-97.65588,30.27504],[-97.65587,30.27502],[-97.65586,30.275],[-97.65586,30.27498],[-97.65584,30.27495],[-97.65583,30.27493],[-97.65581,30.27491],[-97.6558,30.2749],[-97.65578,30.27489],[-97.65576,30.27487],[-97.65574,30.27486],[-97.65571,30.27485],[-97.65569,30.27484],[-97.65567,30.27483],[-97.65564,30.27483],[-97.65562,30.27483],[-97.65559,30.27482],[-97.65557,30.27482],[-97.65554,30.27481],[-97.65552,30.27481],[-97.6555,30.2748],[-97.65547,30.27479],[-97.65545,30.27478],[-97.65543,30.27477],[-97.65541,30.27476],[-97.65539,30.27475],[-97.65538,30.27474],[-97.65536,30.27473],[-97.65533,30.27469],[-97.6553,30.27464],[-97.65529,30.2746]]},"properties":{"name":"Walnut Creek","creek_type":"NATURAL_ALLUVIAL","reach_id":"WLN-2","watershed":"WLN","feature_kind":"waterway","source":"City of Austin Watershed Protection creek centerlines","retrieved_at":"2026-09-29T00:26:18.548370+00:00","access_claim":"none"}},{"type":"Feature","id":"coa-creek/2347138","geometry":{"type":"LineString","coordinates":[[-97.75134,30.22534],[-97.75114,30.22545]]},"properties":{"name":"Blunn Creek","creek_type":"UNDERGROUND_CULVERT","reach_id":"BLU-5","watershed":"BLU","feature_kind":"waterway","source":"City of Austin Watershed Protection creek centerlines","retrieved_at":"2026-09-29T00:26:18.548370+00:00","access_claim":"none"}},{"type":"Feature","id":"coa-creek/2356898","geometry":{"type":"LineString","coordinates":[[-97.75194,30.18309],[-97.7517,30.18294],[-97.75163,30.1829],[-97.75149,30.18281],[-97.7514,30.18277],[-97.75133,30.18274],[-97.75126,30.18273],[-97.75118,30.18273],[-97.75111,30.18273],[-97.751,30.18275],[-97.75093,30.18279],[-97.75073,30.18284],[-97.7506,30.18284],[-97.7497,30.18265],[-97.74949,30.18259],[-97.74935,30.18255],[-97.74925,30.18252],[-97.7492,30.1825],[-97.74911,30.18248],[-97.74901,30.18245],[-97.74892,30.18242],[-97.74887,30.1824],[-97.74882,30.18238],[-97.74877,30.18238],[-97.74871,30.18238],[-97.74862,30.18235],[-97.74856,30.18232],[-97.74852,30.18228],[-97.74846,30.18223],[-97.7484,30.1822],[-97.74833,30.18217],[-97.74823,30.18215],[-97.74813,30.18214],[-97.74804,30.18214],[-97.74791,30.18216],[-97.74784,30.18218],[-97.74778,30.1822],[-97.74764,30.18223],[-97.74756,30.18224],[-97.7475,30.18223],[-97.74742,30.18222],[-97.74727,30.18219],[-97.74713,30.18218],[-97.74703,30.18217],[-97.74689,30.18215],[-97.74675,30.18214],[-97.74664,30.18211],[-97.74656,30.18207],[-97.7465,30.18202],[-97.74647,30.18198],[-97.74643,30.18191],[-97.7464,30.18183],[-97.74637,30.18169],[-97.74628,30.18143],[-97.74624,30.1813],[-97.74617,30.18115],[-97.74614,30.18108],[-97.74606,30.18093],[-97.74601,30.18084],[-97.74593,30.18074],[-97.74582,30.1806],[-97.74576,30.18052],[-97.7457,30.18047],[-97.74563,30.18043],[-97.74555,30.18041],[-97.74541,30.18038],[-97.74527,30.18034],[-97.74523,30.18033]]},"properties":{"name":"Williamson Creek","creek_type":"NATURAL_ROCKBED","reach_id":"WMS-4","watershed":"WMS","feature_kind":"waterway","source":"City of Austin Watershed Protection creek centerlines","retrieved_at":"2026-09-29T00:26:18.548370+00:00","access_claim":"none"}},{"type":"Feature","id":"coa-creek/2356871","geometry":{"type":"LineString","coordinates":[[-97.73185,30.17525],[-97.73158,30.17577],[-97.73137,30.17612],[-97.73122,30.17649],[-97.73114,30.17678],[-97.73109,30.17703],[-97.73107,30.17743],[-97.73109,30.17798],[-97.73107,30.1782],[-97.73096,30.17895],[-97.73084,30.17945],[-97.73062,30.18008],[-97.73052,30.18046],[-97.73037,30.18087],[-97.73028,30.18121],[-97.73016,30.1816],[-97.73,30.18193],[-97.72986,30.18213],[-97.72953,30.18266],[-97.72933,30.183],[-97.72911,30.18321],[-97.72809,30.18415],[-97.72751,30.18459],[-97.72704,30.18479],[-97.72677,30.18489],[-97.72666,30.18492],[-97.72646,30.18496],[-97.7263,30.18499],[-97.72622,30.185],[-97.72616,30.185],[-97.72608,30.18499],[-97.72601,30.18498],[-97.72593,30.18497],[-97.72586,30.18495],[-97.72577,30.18491],[-97.72573,30.18488],[-97.72569,30.18482],[-97.72565,30.1846]]},"properties":{"name":"Onion Creek","creek_type":"NATURAL_ROCKBED","reach_id":"ONI-4","watershed":"ONI","feature_kind":"waterway","source":"City of Austin Watershed Protection creek centerlines","retrieved_at":"2026-09-29T00:26:18.548370+00:00","access_claim":"none"}},{"type":"Feature","id":"coa-creek/2327988","geometry":{"type":"LineString","coordinates":[[-97.75956,30.22243],[-97.75955,30.22244],[-97.75951,30.22248],[-97.7595,30.22252],[-97.7594,30.2226],[-97.75931,30.22267],[-97.75928,30.22268],[-97.75923,30.22267],[-97.75917,30.22263],[-97.75912,30.22259],[-97.75906,30.22256],[-97.75898,30.22254],[-97.75889,30.2225],[-97.75879,30.22245],[-97.75875,30.22242],[-97.75868,30.22237],[-97.75863,30.22234],[-97.75855,30.2223],[-97.75847,30.22226],[-97.75841,30.22222],[-97.75836,30.22221],[-97.7583,30.22219],[-97.75826,30.22219],[-97.75819,30.2222],[-97.75813,30.22223],[-97.7581,30.22224],[-97.75808,30.22228],[-97.75806,30.22232],[-97.75803,30.22235],[-97.75794,30.22244],[-97.75789,30.22249],[-97.75786,30.22254],[-97.75781,30.2226],[-97.75778,30.22265],[-97.75775,30.22269],[-97.75769,30.22279],[-97.75764,30.22287],[-97.75761,30.22295],[-97.75758,30.22299],[-97.75752,30.22305],[-97.75751,30.22308],[-97.75749,30.22312],[-97.75747,30.22317],[-97.75736,30.22334],[-97.75733,30.2234],[-97.75728,30.22348],[-97.75723,30.22355],[-97.75721,30.22359],[-97.75718,30.22361],[-97.75713,30.22362]]},"properties":{"name":"Blunn Creek","creek_type":"ALTERED_EARTHEN","reach_id":null,"watershed":"BLU","feature_kind":"waterway","source":"City of Austin Watershed Protection creek centerlines","retrieved_at":"2026-09-29T00:26:18.548370+00:00","access_claim":"none"}},{"type":"Feature","id":"coa-creek/2319556","geometry":{"type":"LineString","coordinates":[[-97.74158,30.17244],[-97.74158,30.17245],[-97.74153,30.17251],[-97.74149,30.17259],[-97.74146,30.17266],[-97.74144,30.17272],[-97.74144,30.17276],[-97.74146,30.17282],[-97.74149,30.17286],[-97.74154,30.17289],[-97.74167,30.17297],[-97.74189,30.17308],[-97.74196,30.17311]]},"properties":{"name":"Onion Creek","creek_type":"NATURAL_ROCKBED","reach_id":"ONI-5","watershed":"ONI","feature_kind":"waterway","source":"City of Austin Watershed Protection creek centerlines","retrieved_at":"2026-09-29T00:26:18.548370+00:00","access_claim":"none"}},{"type":"Feature","id":"coa-creek/2359972","geometry":{"type":"LineString","coordinates":[[-97.73673,30.3654],[-97.73688,30.36521],[-97.7371,30.36482],[-97.73714,30.3647],[-97.73722,30.36455],[-97.73728,30.36445],[-97.73756,30.36397],[-97.73769,30.36366],[-97.73777,30.36353],[-97.73791,30.36327],[-97.73808,30.36294],[-97.7382,30.36273],[-97.73831,30.36251],[-97.73846,30.36226],[-97.73851,30.36217],[-97.73861,30.36198],[-97.73873,30.36174],[-97.73888,30.36147],[-97.73905,30.36115],[-97.73909,30.36107],[-97.73911,30.361],[-97.73913,30.36091],[-97.73915,30.36086],[-97.73924,30.36069],[-97.73928,30.36059],[-97.73932,30.36052],[-97.73934,30.36048],[-97.73939,30.36043]]},"properties":{"name":"Shoal Creek","creek_type":"NATURAL_ROCKBED","reach_id":"SHL-14","watershed":"SHL","feature_kind":"waterway","source":"City of Austin Watershed Protection creek centerlines","retrieved_at":"2026-09-29T00:26:18.548370+00:00","access_claim":"none"}},{"type":"Feature","id":"coa-creek/2362437","geometry":{"type":"LineString","coordinates":[[-97.73792,30.44027],[-97.73794,30.44031],[-97.7379,30.44034],[-97.73781,30.44039],[-97.73771,30.44045],[-97.73764,30.44051],[-97.73759,30.44052],[-97.73743,30.44053],[-97.73735,30.44052],[-97.73727,30.44048]]},"properties":{"name":"Walnut Creek","creek_type":"NATURAL_UNCLASSIFIED","reach_id":"WLN-17","watershed":"WLN","feature_kind":"waterway","source":"City of Austin Watershed Protection creek centerlines","retrieved_at":"2026-09-29T00:26:18.548370+00:00","access_claim":"none"}},{"type":"Feature","id":"coa-creek/2363179","geometry":{"type":"LineString","coordinates":[[-97.92638,30.29605],[-97.92638,30.29605],[-97.92629,30.29612],[-97.92625,30.29615],[-97.92619,30.29619],[-97.92617,30.29621],[-97.92614,30.29623],[-97.92611,30.29624],[-97.92609,30.29626],[-97.92606,30.29626],[-97.92604,30.29627]]},"properties":{"name":"Barton Creek","creek_type":"NATURAL_ALLUVIAL","reach_id":null,"watershed":"BAR","feature_kind":"waterway","source":"City of Austin Watershed Protection creek centerlines","retrieved_at":"2026-09-29T00:26:18.548370+00:00","access_claim":"none"}},{"type":"Feature","id":"coa-creek/2339669","geometry":{"type":"LineString","coordinates":[[-97.82236,30.12524],[-97.82234,30.1253],[-97.82225,30.1254],[-97.82221,30.12546],[-97.82218,30.12553],[-97.82218,30.12554],[-97.82201,30.12572],[-97.82195,30.12581],[-97.8218,30.12609],[-97.82162,30.12635],[-97.82157,30.12641],[-97.82153,30.12645],[-97.82147,30.12653],[-97.82141,30.12659],[-97.82138,30.12662],[-97.82118,30.12685],[-97.82094,30.12733],[-97.82085,30.12755],[-97.82078,30.12765],[-97.82065,30.12774],[-97.82059,30.1278]]},"properties":{"name":"Onion Creek","creek_type":"NATURAL_ROCKBED","reach_id":"ONI-10","watershed":"ONI","feature_kind":"waterway","source":"City of Austin Watershed Protection creek centerlines","retrieved_at":"2026-09-29T00:26:18.548370+00:00","access_claim":"none"}},{"type":"Feature","id":"coa-creek/2365181","geometry":{"type":"LineString","coordinates":[[-97.7339,30.44124],[-97.73388,30.44123]]},"properties":{"name":"Walnut Creek","creek_type":"NATURAL_UNCLASSIFIED","reach_id":"WLN-17","watershed":"WLN","feature_kind":"waterway","source":"City of Austin Watershed Protection creek centerlines","retrieved_at":"2026-09-29T00:26:18.548370+00:00","access_claim":"none"}},{"type":"Feature","id":"coa-creek/2368508","geometry":{"type":"LineString","coordinates":[[-97.74923,30.31566],[-97.74924,30.31552]]},"properties":{"name":"Shoal Creek","creek_type":"NATURAL_ALLUVIAL","reach_id":"SHL-7B","watershed":"SHL","feature_kind":"waterway","source":"City of Austin Watershed Protection creek centerlines","retrieved_at":"2026-09-29T00:26:18.548370+00:00","access_claim":"none"}},{"type":"Feature","id":"coa-creek/2364340","geometry":{"type":"LineString","coordinates":[[-97.744,30.34882],[-97.74406,30.34879],[-97.74414,30.34874],[-97.74424,30.34867],[-97.74438,30.34859],[-97.74448,30.34854],[-97.74459,30.3485],[-97.74474,30.34845],[-97.74483,30.34841],[-97.74488,30.34839],[-97.74492,30.34835],[-97.74494,30.34833],[-97.74496,30.34831],[-97.74497,30.34826],[-97.74498,30.34818],[-97.74498,30.3481],[-97.74498,30.34798],[-97.74499,30.34788],[-97.74499,30.34786],[-97.74501,30.34783],[-97.74502,30.34781],[-97.7451,30.34775],[-97.74514,30.34772],[-97.74525,30.34766],[-97.74528,30.34765]]},"properties":{"name":"Shoal Creek","creek_type":"NATURAL_ROCKBED","reach_id":"SHL-12","watershed":"SHL","feature_kind":"waterway","source":"City of Austin Watershed Protection creek centerlines","retrieved_at":"2026-09-29T00:26:18.548370+00:00","access_claim":"none"}},{"type":"Feature","id":"coa-creek/2355463","geometry":{"type":"LineString","coordinates":[[-97.71854,30.43577],[-97.7185,30.43579],[-97.71848,30.4358],[-97.71844,30.43581]]},"properties":{"name":"Walnut Creek","creek_type":"UNDERGROUND_CULVERT","reach_id":"WLN-16","watershed":"WLN","feature_kind":"waterway","source":"City of Austin Watershed Protection creek centerlines","retrieved_at":"2026-09-29T00:26:18.548370+00:00","access_claim":"none"}},{"type":"Feature","id":"coa-creek/2363121","geometry":{"type":"LineString","coordinates":[[-97.74742,30.22993],[-97.7474,30.22996],[-97.74729,30.23021],[-97.74728,30.23024],[-97.74727,30.23027],[-97.74726,30.23034],[-97.74726,30.23039],[-97.74725,30.23042],[-97.74726,30.23045],[-97.74726,30.23048],[-97.74725,30.23057],[-97.74724,30.23066],[-97.74723,30.23079],[-97.74724,30.23086],[-97.74725,30.23091],[-97.74726,30.23095],[-97.74728,30.231],[-97.74729,30.23108],[-97.74732,30.23114],[-97.74733,30.2312],[-97.74735,30.23126],[-97.74736,30.23132],[-97.74737,30.2314],[-97.74738,30.23151],[-97.74738,30.23156],[-97.74737,30.2316],[-97.74736,30.23169],[-97.74738,30.23178],[-97.74744,30.23182],[-97.74749,30.23186],[-97.74752,30.23191],[-97.74753,30.23193],[-97.74754,30.23195],[-97.74762,30.23215],[-97.74763,30.23221],[-97.74764,30.23226],[-97.74768,30.23233],[-97.74771,30.2324],[-97.74774,30.23245],[-97.74774,30.23251],[-97.74774,30.23254],[-97.74774,30.23258],[-97.74774,30.23263],[-97.74772,30.23275],[-97.7477,30.23286],[-97.74769,30.23298],[-97.7477,30.23304],[-97.74773,30.2331],[-97.74776,30.23316],[-97.74778,30.23323],[-97.7478,30.23329],[-97.74783,30.23334],[-97.74786,30.23338],[-97.74787,30.23341],[-97.74789,30.23343],[-97.74793,30.23347],[-97.74795,30.23351],[-97.74796,30.23355],[-97.74802,30.23364],[-97.74806,30.23369],[-97.74811,30.23375],[-97.74821,30.23383],[-97.74825,30.2339],[-97.74826,30.23397],[-97.74829,30.23404],[-97.74829,30.23408],[-97.7483,30.23412],[-97.74829,30.23418],[-97.7483,30.23423],[-97.74834,30.23434],[-97.74834,30.23437],[-97.74835,30.2344],[-97.74839,30.23449],[-97.7484,30.23453],[-97.74841,30.23455],[-97.74841,30.23459],[-97.7484,30.23461],[-97.7484,30.23462],[-97.7484,30.23464],[-97.74839,30.23466],[-97.74839,30.23468],[-97.74838,30.23471],[-97.74837,30.23473],[-97.74836,30.23475],[-97.74835,30.23478],[-97.74834,30.2348],[-97.7483,30.23486],[-97.74828,30.2349],[-97.74822,30.23497],[-97.7482,30.23501],[-97.74819,30.23504],[-97.74816,30.23508],[-97.74812,30.23517],[-97.74811,30.23519],[-97.74808,30.23526],[-97.74807,30.23528],[-97.74807,30.2353],[-97.74806,30.23537],[-97.74805,30.23547],[-97.74805,30.23553],[-97.74804,30.23561],[-97.74804,30.23564],[-97.74805,30.23569],[-97.74806,30.23577],[-97.74807,30.23601],[-97.74808,30.23614],[-97.74809,30.23618],[-97.7481,30.23623],[-97.74809,30.23629],[-97.74809,30.23632],[-97.74808,30.2364],[-97.74805,30.2365],[-97.74803,30.23653]]},"properties":{"name":"Blunn Creek","creek_type":"NATURAL_ROCKBED","reach_id":"BLU-4","watershed":"BLU","feature_kind":"waterway","source":"City of Austin Watershed Protection creek centerlines","retrieved_at":"2026-09-29T00:26:18.548370+00:00","access_claim":"none"}},{"type":"Feature","id":"coa-creek/2351305","geometry":{"type":"LineString","coordinates":[[-97.81077,30.24046],[-97.81074,30.2404],[-97.81069,30.24032],[-97.81061,30.24021],[-97.81051,30.24001],[-97.81046,30.23992],[-97.81043,30.23986],[-97.8104,30.23981],[-97.81038,30.23978],[-97.81035,30.23976],[-97.81033,30.23974]]},"properties":{"name":"Barton Creek","creek_type":"NATURAL_ALLUVIAL","reach_id":"BAR-5","watershed":"BAR","feature_kind":"waterway","source":"City of Austin Watershed Protection creek centerlines","retrieved_at":"2026-09-29T00:26:18.548370+00:00","access_claim":"none"}},{"type":"Feature","id":"coa-creek/2320216","geometry":{"type":"LineString","coordinates":[[-97.78433,30.25863],[-97.78432,30.25865],[-97.78425,30.25884],[-97.7842,30.25893],[-97.78416,30.25901],[-97.78415,30.25907],[-97.78413,30.25915],[-97.78412,30.25918],[-97.78413,30.25923],[-97.78413,30.25925],[-97.78415,30.25931],[-97.78421,30.25939],[-97.78425,30.25945],[-97.78428,30.25949],[-97.7844,30.25959],[-97.78443,30.25961],[-97.78445,30.25962],[-97.78457,30.25972],[-97.78457,30.25972],[-97.78467,30.25979],[-97.7847,30.25981],[-97.78476,30.25984],[-97.78478,30.25985],[-97.78484,30.25987],[-97.78491,30.25988],[-97.785,30.25989],[-97.78501,30.25989],[-97.78506,30.25989],[-97.7851,30.2599],[-97.78512,30.25991],[-97.78515,30.25991],[-97.78529,30.25997],[-97.78543,30.26005],[-97.78547,30.26009],[-97.78554,30.26016],[-97.78558,30.26021],[-97.7856,30.26027],[-97.7856,30.26033],[-97.78559,30.26039],[-97.78552,30.26047],[-97.78544,30.26058],[-97.78537,30.26065],[-97.78521,30.26083],[-97.78511,30.26092],[-97.78504,30.26097],[-97.78498,30.26103],[-97.78496,30.26105],[-97.78493,30.26106],[-97.78488,30.26109],[-97.78483,30.26111],[-97.78479,30.26113],[-97.78474,30.26115],[-97.78457,30.26119],[-97.7845,30.26121],[-97.78439,30.26123]]},"properties":{"name":"Barton Creek","creek_type":"NATURAL_ALLUVIAL","reach_id":"BAR-3","watershed":"BAR","feature_kind":"waterway","source":"City of Austin Watershed Protection creek centerlines","retrieved_at":"2026-09-29T00:26:18.548370+00:00","access_claim":"none"}},{"type":"Feature","id":"coa-creek/2320148","geometry":{"type":"LineString","coordinates":[[-97.91918,30.30066],[-97.91918,30.30067],[-97.91917,30.3007],[-97.91914,30.30082],[-97.9191,30.30093],[-97.91907,30.30101],[-97.91905,30.30105],[-97.91905,30.30106],[-97.91902,30.30111],[-97.91898,30.30119],[-97.91891,30.3013],[-97.91886,30.30137],[-97.91882,30.30142]]},"properties":{"name":"Barton Creek","creek_type":"NATURAL_ROCKBED","reach_id":"BAR-10","watershed":"BAR","feature_kind":"waterway","source":"City of Austin Watershed Protection creek centerlines","retrieved_at":"2026-09-29T00:26:18.548370+00:00","access_claim":"none"}},{"type":"Feature","id":"coa-creek/2379760","geometry":{"type":"LineString","coordinates":[[-97.7854,30.404],[-97.7853,30.40394],[-97.78519,30.40384],[-97.78509,30.40373],[-97.78501,30.40361],[-97.78498,30.40356],[-97.78495,30.40353],[-97.78491,30.40349],[-97.78484,30.40345],[-97.78476,30.40339],[-97.78465,30.40326],[-97.7846,30.4032]]},"properties":{"name":"Bull Creek","creek_type":"NATURAL_ALLUVIAL","reach_id":"BUL-7","watershed":"BUL","feature_kind":"waterway","source":"City of Austin Watershed Protection creek centerlines","retrieved_at":"2026-09-29T00:26:18.548370+00:00","access_claim":"none"}},{"type":"Feature","id":"coa-creek/2344580","geometry":{"type":"LineString","coordinates":[[-97.7328,30.18941],[-97.73271,30.18949]]},"properties":{"name":"Williamson Creek","creek_type":"UNDERGROUND_CULVERT","reach_id":"WMS-3","watershed":"WMS","feature_kind":"waterway","source":"City of Austin Watershed Protection creek centerlines","retrieved_at":"2026-09-29T00:26:18.548370+00:00","access_claim":"none"}},{"type":"Feature","id":"coa-creek/2332819","geometry":{"type":"LineString","coordinates":[[-97.79573,30.24398],[-97.79545,30.24385],[-97.7952,30.24373],[-97.79499,30.24363],[-97.79428,30.2433],[-97.79392,30.24317],[-97.79388,30.24316],[-97.79386,30.24316],[-97.79373,30.24318],[-97.79372,30.24318],[-97.79367,30.24318],[-97.79362,30.24317],[-97.79356,30.24316],[-97.79349,30.24313],[-97.79348,30.24312],[-97.79328,30.243],[-97.79317,30.24291],[-97.79308,30.24282],[-97.79292,30.2426],[-97.79274,30.24227],[-97.79256,30.24201],[-97.79251,30.24195],[-97.79245,30.2419],[-97.79239,30.24186],[-97.79232,30.24184]]},"properties":{"name":"Barton Creek","creek_type":"NATURAL_ALLUVIAL","reach_id":"BAR-5","watershed":"BAR","feature_kind":"waterway","source":"City of Austin Watershed Protection creek centerlines","retrieved_at":"2026-09-29T00:26:18.548370+00:00","access_claim":"none"}},{"type":"Feature","id":"coa-creek/2361814","geometry":{"type":"LineString","coordinates":[[-97.93989,30.28103],[-97.93988,30.28103],[-97.93983,30.28102],[-97.93969,30.28099],[-97.93961,30.28097],[-97.93959,30.28096],[-97.93959,30.28096],[-97.93958,30.28095],[-97.93957,30.28095],[-97.93955,30.28094],[-97.93952,30.28091],[-97.93949,30.28089],[-97.93945,30.28087],[-97.93943,30.28085],[-97.93941,30.28084],[-97.93939,30.28082],[-97.93937,30.28081],[-97.93931,30.28076],[-97.93925,30.28071],[-97.93917,30.28065],[-97.93911,30.28061],[-97.9391,30.2806],[-97.93901,30.28055],[-97.93886,30.28046],[-97.9388,30.28043],[-97.93876,30.28041],[-97.93872,30.28038],[-97.93867,30.28034],[-97.93863,30.28031],[-97.93856,30.28026],[-97.93849,30.2802],[-97.93839,30.28012],[-97.93832,30.28008],[-97.93827,30.28004],[-97.93818,30.27997],[-97.93811,30.27992],[-97.93802,30.27984],[-97.93795,30.27979],[-97.93791,30.27976],[-97.93784,30.27969],[-97.9377,30.27958],[-97.93762,30.27952],[-97.93755,30.27946],[-97.93737,30.27931],[-97.93726,30.27922],[-97.93713,30.27911],[-97.93706,30.27906],[-97.937,30.27902],[-97.93696,30.279],[-97.93691,30.27895],[-97.93688,30.27892],[-97.93682,30.27889],[-97.93681,30.27888],[-97.93678,30.27886],[-97.93675,30.27884]]},"properties":{"name":"Barton Creek","creek_type":"NATURAL_UNCLASSIFIED","reach_id":null,"watershed":"BAR","feature_kind":"waterway","source":"City of Austin Watershed Protection creek centerlines","retrieved_at":"2026-09-29T00:26:18.548370+00:00","access_claim":"none"}},{"type":"Feature","id":"coa-creek/2352848","geometry":{"type":"LineString","coordinates":[[-97.65676,30.29173],[-97.65667,30.29166],[-97.65664,30.29163],[-97.65663,30.29159],[-97.65662,30.29154],[-97.65661,30.29146],[-97.65661,30.29142],[-97.65661,30.29134],[-97.65662,30.2913],[-97.65666,30.29122],[-97.65672,30.29111],[-97.65674,30.29107],[-97.65674,30.29102],[-97.65675,30.29099],[-97.65674,30.29093],[-97.65672,30.29088],[-97.65668,30.29074],[-97.65665,30.29067],[-97.65664,30.29061],[-97.65662,30.29054],[-97.65661,30.29051],[-97.65658,30.29048],[-97.65652,30.2904],[-97.65647,30.29037],[-97.65642,30.29033],[-97.65638,30.29029],[-97.65634,30.29024],[-97.65631,30.29022],[-97.65624,30.29016],[-97.65609,30.29005],[-97.656,30.28997]]},"properties":{"name":"Walnut Creek","creek_type":"NATURAL_ALLUVIAL","reach_id":"WLN-2","watershed":"WLN","feature_kind":"waterway","source":"City of Austin Watershed Protection creek centerlines","retrieved_at":"2026-09-29T00:26:18.548370+00:00","access_claim":"none"}},{"type":"Feature","id":"coa-creek/2380159","geometry":{"type":"LineString","coordinates":[[-97.656,30.28997],[-97.65591,30.2899],[-97.65588,30.28988]]},"properties":{"name":"Walnut Creek","creek_type":"NATURAL_ALLUVIAL","reach_id":"WLN-2","watershed":"WLN","feature_kind":"waterway","source":"City of Austin Watershed Protection creek centerlines","retrieved_at":"2026-09-29T00:26:18.548370+00:00","access_claim":"none"}},{"type":"Feature","id":"coa-creek/2381016","geometry":{"type":"LineString","coordinates":[[-97.76298,30.20226],[-97.76254,30.20209],[-97.76238,30.20203],[-97.76225,30.20198],[-97.7622,30.20196],[-97.76212,30.20192],[-97.76181,30.20175],[-97.76105,30.20139],[-97.76099,30.20135],[-97.76098,30.20134]]},"properties":{"name":"Williamson Creek","creek_type":"NATURAL_ALLUVIAL","reach_id":"WMS-5","watershed":"WMS","feature_kind":"waterway","source":"City of Austin Watershed Protection creek centerlines","retrieved_at":"2026-09-29T00:26:18.548370+00:00","access_claim":"none"}},{"type":"Feature","id":"coa-creek/2381648","geometry":{"type":"LineString","coordinates":[[-97.84553,30.27553],[-97.8455,30.2755],[-97.84548,30.27548],[-97.84546,30.27544],[-97.84544,30.27539],[-97.84539,30.27529],[-97.84535,30.27522],[-97.8453,30.27514],[-97.84529,30.27513],[-97.84511,30.27489]]},"properties":{"name":"Barton Creek","creek_type":"NATURAL_ROCKBED","reach_id":"BAR-7","watershed":"BAR","feature_kind":"waterway","source":"City of Austin Watershed Protection creek centerlines","retrieved_at":"2026-09-29T00:26:18.548370+00:00","access_claim":"none"}},{"type":"Feature","id":"coa-creek/2361816","geometry":{"type":"LineString","coordinates":[[-97.93364,30.27737],[-97.93363,30.27737],[-97.93361,30.27735],[-97.93356,30.27732],[-97.9335,30.27727],[-97.93348,30.27726],[-97.93346,30.27725],[-97.93344,30.27724],[-97.93343,30.27723],[-97.93341,30.27723],[-97.93339,30.27722],[-97.93335,30.27722],[-97.93332,30.27722],[-97.93311,30.27721]]},"properties":{"name":"Barton Creek","creek_type":"NATURAL_UNCLASSIFIED","reach_id":null,"watershed":"BAR","feature_kind":"waterway","source":"City of Austin Watershed Protection creek centerlines","retrieved_at":"2026-09-29T00:26:18.548370+00:00","access_claim":"none"}},{"type":"Feature","id":"coa-creek/2381006","geometry":{"type":"LineString","coordinates":[[-97.79192,30.22001],[-97.79183,30.21996],[-97.79182,30.21996]]},"properties":{"name":"Williamson Creek","creek_type":"NATURAL_ROCKBED","reach_id":"WMS-8","watershed":"WMS","feature_kind":"waterway","source":"City of Austin Watershed Protection creek centerlines","retrieved_at":"2026-09-29T00:26:18.548370+00:00","access_claim":"none"}},{"type":"Feature","id":"coa-creek/2382255","geometry":{"type":"LineString","coordinates":[[-97.73855,30.35471],[-97.73858,30.35459],[-97.73864,30.35443],[-97.73866,30.35439],[-97.73867,30.35433],[-97.73868,30.3543],[-97.73869,30.35421],[-97.73871,30.35418],[-97.73874,30.35414],[-97.7388,30.35408],[-97.73885,30.35402],[-97.73887,30.35401],[-97.73899,30.35396],[-97.73912,30.35386],[-97.73916,30.35385],[-97.73918,30.35385],[-97.7392,30.35384],[-97.73933,30.35374],[-97.73937,30.3537],[-97.73943,30.35364],[-97.73956,30.35353],[-97.73979,30.35329],[-97.73986,30.35323],[-97.74015,30.35298],[-97.7402,30.35293],[-97.74025,30.35289],[-97.74028,30.35285],[-97.74035,30.35279],[-97.74041,30.35274],[-97.74043,30.35272],[-97.74044,30.3527],[-97.74045,30.35268],[-97.74047,30.35267],[-97.74076,30.35246],[-97.7408,30.35244],[-97.74084,30.3524],[-97.7409,30.35232],[-97.74098,30.35221],[-97.74101,30.35216],[-97.74114,30.35168],[-97.74116,30.35164],[-97.74118,30.35159],[-97.74119,30.35152],[-97.74121,30.35141],[-97.74121,30.35136],[-97.74121,30.35131]]},"properties":{"name":"Shoal Creek","creek_type":"NATURAL_ROCKBED","reach_id":"SHL-13","watershed":"SHL","feature_kind":"waterway","source":"City of Austin Watershed Protection creek centerlines","retrieved_at":"2026-09-29T00:26:18.548370+00:00","access_claim":"none"}},{"type":"Feature","id":"coa-creek/2364672","geometry":{"type":"LineString","coordinates":[[-97.78722,30.13046],[-97.78714,30.13044],[-97.78692,30.13036]]},"properties":{"name":"Onion Creek","creek_type":"NATURAL_ROCKBED","reach_id":"ONI-9","watershed":"ONI","feature_kind":"waterway","source":"City of Austin Watershed Protection creek centerlines","retrieved_at":"2026-09-29T00:26:18.548370+00:00","access_claim":"none"}},{"type":"Feature","id":"coa-creek/2363629","geometry":{"type":"LineString","coordinates":[[-97.88693,30.29176],[-97.88692,30.29175],[-97.88687,30.29164],[-97.88678,30.29149],[-97.88675,30.29142],[-97.88665,30.29118],[-97.88659,30.29104],[-97.88657,30.29096],[-97.88649,30.29076],[-97.88643,30.29057],[-97.88639,30.29047],[-97.88637,30.29041],[-97.88633,30.29029],[-97.88632,30.29023],[-97.88631,30.29018],[-97.88629,30.29011]]},"properties":{"name":"Barton Creek","creek_type":"NATURAL_ALLUVIAL","reach_id":"BAR-9","watershed":"BAR","feature_kind":"waterway","source":"City of Austin Watershed Protection creek centerlines","retrieved_at":"2026-09-29T00:26:18.548370+00:00","access_claim":"none"}},{"type":"Feature","id":"coa-creek/2375145","geometry":{"type":"LineString","coordinates":[[-97.82046,30.1085],[-97.82048,30.1085],[-97.82052,30.10849],[-97.82055,30.10847],[-97.82055,30.10846]]},"properties":{"name":"Onion Creek","creek_type":"NATURAL_ROCKBED","reach_id":"ONI-10","watershed":"ONI","feature_kind":"waterway","source":"City of Austin Watershed Protection creek centerlines","retrieved_at":"2026-09-29T00:26:18.548370+00:00","access_claim":"none"}},{"type":"Feature","id":"coa-creek/2361228","geometry":{"type":"LineString","coordinates":[[-97.91851,30.2886],[-97.91853,30.28871],[-97.91855,30.28885],[-97.91857,30.28891]]},"properties":{"name":"Barton Creek","creek_type":"NATURAL_ALLUVIAL","reach_id":null,"watershed":"BAR","feature_kind":"waterway","source":"City of Austin Watershed Protection creek centerlines","retrieved_at":"2026-09-29T00:26:18.548370+00:00","access_claim":"none"}},{"type":"Feature","id":"coa-creek/2324970","geometry":{"type":"LineString","coordinates":[[-97.64763,30.1854],[-97.64753,30.18541]]},"properties":{"name":"Onion Creek","creek_type":"NATURAL_ALLUVIAL","reach_id":"ONI-1","watershed":"ONI","feature_kind":"waterway","source":"City of Austin Watershed Protection creek centerlines","retrieved_at":"2026-09-29T00:26:18.548370+00:00","access_claim":"none"}},{"type":"Feature","id":"coa-creek/2361769","geometry":{"type":"LineString","coordinates":[[-97.9264,30.28213],[-97.92636,30.28211],[-97.92634,30.2821],[-97.92627,30.28208],[-97.92623,30.28208],[-97.92613,30.28207],[-97.92608,30.28207],[-97.92601,30.28207],[-97.92598,30.28208],[-97.92591,30.2821],[-97.92587,30.28212],[-97.92581,30.28217],[-97.92578,30.28221],[-97.92576,30.28223],[-97.92574,30.28225],[-97.92564,30.28232],[-97.92545,30.28248],[-97.92533,30.28259],[-97.92506,30.28289],[-97.92496,30.283],[-97.92487,30.28312],[-97.92484,30.28317],[-97.92477,30.28332],[-97.9247,30.28352],[-97.92469,30.28362],[-97.92467,30.28375],[-97.92466,30.28394],[-97.92465,30.28411],[-97.92465,30.28415],[-97.92465,30.28419],[-97.92465,30.28424],[-97.92465,30.28428],[-97.92465,30.28431],[-97.92465,30.28433]]},"properties":{"name":"Barton Creek","creek_type":"NATURAL_ALLUVIAL","reach_id":null,"watershed":"BAR","feature_kind":"waterway","source":"City of Austin Watershed Protection creek centerlines","retrieved_at":"2026-09-29T00:26:18.548370+00:00","access_claim":"none"}},{"type":"Feature","id":"coa-creek/2374888","geometry":{"type":"LineString","coordinates":[[-97.86099,30.23566],[-97.86078,30.23559],[-97.86061,30.23551],[-97.8604,30.23539]]},"properties":{"name":"Williamson Creek","creek_type":"NATURAL_ROCKBED","reach_id":"WMS-11","watershed":"WMS","feature_kind":"waterway","source":"City of Austin Watershed Protection creek centerlines","retrieved_at":"2026-09-29T00:26:18.548370+00:00","access_claim":"none"}},{"type":"Feature","id":"coa-creek/2361870","geometry":{"type":"LineString","coordinates":[[-97.86561,30.30525],[-97.86561,30.30525],[-97.86559,30.30524],[-97.86559,30.30523],[-97.86557,30.30521],[-97.86556,30.3052],[-97.86554,30.30517],[-97.86553,30.30515],[-97.86549,30.30509],[-97.86548,30.30507],[-97.86547,30.30505],[-97.86545,30.30502],[-97.86542,30.30496],[-97.86541,30.30494],[-97.8654,30.30493],[-97.86535,30.30486],[-97.86532,30.30482],[-97.86525,30.3047],[-97.86518,30.30457],[-97.86512,30.30447],[-97.86508,30.30441],[-97.86502,30.30434],[-97.86499,30.30431],[-97.86495,30.30423],[-97.86487,30.30412],[-97.86483,30.30407],[-97.86482,30.30404],[-97.86467,30.30376],[-97.8646,30.30363],[-97.86456,30.30356],[-97.86455,30.30354],[-97.86454,30.30352],[-97.86451,30.30344],[-97.86445,30.30328],[-97.86438,30.30309],[-97.86432,30.30289],[-97.8643,30.30279],[-97.86428,30.30268],[-97.86428,30.30257],[-97.86427,30.30247],[-97.86418,30.30214],[-97.86416,30.30208],[-97.86414,30.30199],[-97.86413,30.30188],[-97.86412,30.30181],[-97.86412,30.30176],[-97.86413,30.30173],[-97.86413,30.30171],[-97.86413,30.3017],[-97.86415,30.30166],[-97.86416,30.30164],[-97.86416,30.30163],[-97.86418,30.30161],[-97.86425,30.30153],[-97.86426,30.30151],[-97.86428,30.30148],[-97.86432,30.30142],[-97.86436,30.30135],[-97.86437,30.30131],[-97.86437,30.30129],[-97.86438,30.30129],[-97.86438,30.30127],[-97.86438,30.30125],[-97.86439,30.30118],[-97.86439,30.30114],[-97.86438,30.30108],[-97.86437,30.30101],[-97.86438,30.30098],[-97.86439,30.30094],[-97.8644,30.30089],[-97.86443,30.30081],[-97.86445,30.30077],[-97.86448,30.30069],[-97.8645,30.3006],[-97.86451,30.30059],[-97.86452,30.30052],[-97.86454,30.30047]]},"properties":{"name":"Barton Creek","creek_type":"NATURAL_ALLUVIAL","reach_id":"BAR-8","watershed":"BAR","feature_kind":"waterway","source":"City of Austin Watershed Protection creek centerlines","retrieved_at":"2026-09-29T00:26:18.548370+00:00","access_claim":"none"}},{"type":"Feature","id":"coa-creek/2375891","geometry":{"type":"LineString","coordinates":[[-97.64959,30.32792],[-97.64964,30.32792]]},"properties":{"name":"Walnut Creek","creek_type":"NATURAL_ALLUVIAL","reach_id":"WLN-4","watershed":"WLN","feature_kind":"waterway","source":"City of Austin Watershed Protection creek centerlines","retrieved_at":"2026-09-29T00:26:18.548370+00:00","access_claim":"none"}},{"type":"Feature","id":"coa-creek/2357542","geometry":{"type":"LineString","coordinates":[[-97.81057,30.24301],[-97.81057,30.24297],[-97.81058,30.24292],[-97.8106,30.24287],[-97.81062,30.24281],[-97.81064,30.24275],[-97.81066,30.24268],[-97.81066,30.24263],[-97.81065,30.24252],[-97.81064,30.24242],[-97.81064,30.24239],[-97.81064,30.24235],[-97.81065,30.24233],[-97.81066,30.2423],[-97.8107,30.24224],[-97.81072,30.24219],[-97.81073,30.24217],[-97.81074,30.24214],[-97.81074,30.24211],[-97.81074,30.24207],[-97.81074,30.24204],[-97.81075,30.24195],[-97.81075,30.24192],[-97.81075,30.2419],[-97.81079,30.24169],[-97.81079,30.24169],[-97.81082,30.24127],[-97.81086,30.24093],[-97.81086,30.2408],[-97.81083,30.24063],[-97.81077,30.24046]]},"properties":{"name":"Barton Creek","creek_type":"NATURAL_ALLUVIAL","reach_id":"BAR-5","watershed":"BAR","feature_kind":"waterway","source":"City of Austin Watershed Protection creek centerlines","retrieved_at":"2026-09-29T00:26:18.548370+00:00","access_claim":"none"}},{"type":"Feature","id":"coa-creek/2380613","geometry":{"type":"LineString","coordinates":[[-97.75963,30.17021],[-97.7595,30.1702],[-97.75939,30.17016],[-97.75926,30.17007],[-97.75909,30.16995],[-97.75872,30.16967],[-97.75855,30.1696],[-97.75803,30.16949],[-97.75792,30.16946],[-97.75751,30.16921],[-97.75735,30.16907],[-97.75692,30.16857],[-97.7562,30.1679],[-97.75581,30.16759],[-97.75579,30.16756],[-97.75576,30.16749],[-97.75573,30.16741],[-97.75567,30.16734],[-97.75559,30.16728],[-97.75549,30.16725],[-97.75545,30.16723],[-97.75542,30.16722],[-97.75534,30.16718],[-97.75527,30.16715],[-97.75522,30.16713],[-97.75518,30.1671],[-97.75505,30.16695],[-97.75494,30.16682],[-97.75481,30.16673],[-97.75431,30.16645],[-97.75419,30.16636],[-97.75399,30.16611],[-97.75373,30.16589],[-97.75317,30.16554],[-97.75218,30.16513],[-97.75151,30.16483]]},"properties":{"name":"Onion Creek","creek_type":"NATURAL_ALLUVIAL","reach_id":"ONI-7","watershed":"ONI","feature_kind":"waterway","source":"City of Austin Watershed Protection creek centerlines","retrieved_at":"2026-09-29T00:26:18.548370+00:00","access_claim":"none"}},{"type":"Feature","id":"coa-creek/2368014","geometry":{"type":"LineString","coordinates":[[-97.73507,30.38066],[-97.73509,30.38059],[-97.73511,30.38051],[-97.73512,30.38046]]},"properties":{"name":"Shoal Creek","creek_type":"ALTERED_STRUCTURAL","reach_id":null,"watershed":"SHL","feature_kind":"waterway","source":"City of Austin Watershed Protection creek centerlines","retrieved_at":"2026-09-29T00:26:18.548370+00:00","access_claim":"none"}},{"type":"Feature","id":"coa-creek/2331794","geometry":{"type":"LineString","coordinates":[[-97.74852,30.33704],[-97.74854,30.33698],[-97.74856,30.33695],[-97.7486,30.33691],[-97.74869,30.33685],[-97.74881,30.33677],[-97.74886,30.33673],[-97.74888,30.3367],[-97.7489,30.33668],[-97.74893,30.33662],[-97.74899,30.33649],[-97.74908,30.33632],[-97.74914,30.33623],[-97.7492,30.3361],[-97.74924,30.33601],[-97.74935,30.33581],[-97.7495,30.33558],[-97.74958,30.33545],[-97.74963,30.33533],[-97.74967,30.3352],[-97.7497,30.33508],[-97.74973,30.33495],[-97.74973,30.3349],[-97.74974,30.33481],[-97.74975,30.33472],[-97.74974,30.33463],[-97.74974,30.33461],[-97.74972,30.33455]]},"properties":{"name":"Shoal Creek","creek_type":"NATURAL_ROCKBED","reach_id":"SHL-10","watershed":"SHL","feature_kind":"waterway","source":"City of Austin Watershed Protection creek centerlines","retrieved_at":"2026-09-29T00:26:18.548370+00:00","access_claim":"none"}},{"type":"Feature","id":"coa-creek/2357281","geometry":{"type":"LineString","coordinates":[[-97.79003,30.24204],[-97.78993,30.24209],[-97.78967,30.24229],[-97.7894,30.24255],[-97.78913,30.24289],[-97.78897,30.24315],[-97.78891,30.2433],[-97.78888,30.24342],[-97.78885,30.24363],[-97.7888,30.24382],[-97.78878,30.24426],[-97.78876,30.24443],[-97.78874,30.24456],[-97.78875,30.24495],[-97.78877,30.24511],[-97.78886,30.24546],[-97.78888,30.24553],[-97.78891,30.24563],[-97.78907,30.24588],[-97.78911,30.24594],[-97.78913,30.24596],[-97.78937,30.24628],[-97.78964,30.2465],[-97.79005,30.24675],[-97.79016,30.24681],[-97.79056,30.24699],[-97.79125,30.2473]]},"properties":{"name":"Barton Creek","creek_type":"NATURAL_ALLUVIAL","reach_id":"BAR-5","watershed":"BAR","feature_kind":"waterway","source":"City of Austin Watershed Protection creek centerlines","retrieved_at":"2026-09-29T00:26:18.548370+00:00","access_claim":"none"}},{"type":"Feature","id":"coa-creek/2354551","geometry":{"type":"LineString","coordinates":[[-97.73663,30.36558],[-97.73665,30.36552]]},"properties":{"name":"Shoal Creek","creek_type":"NATURAL_ROCKBED","reach_id":"SHL-14","watershed":"SHL","feature_kind":"waterway","source":"City of Austin Watershed Protection creek centerlines","retrieved_at":"2026-09-29T00:26:18.548370+00:00","access_claim":"none"}},{"type":"Feature","id":"coa-creek/2353172","geometry":{"type":"LineString","coordinates":[[-97.74803,30.23653],[-97.74799,30.23658],[-97.74796,30.2366],[-97.74792,30.23664],[-97.7479,30.23666]]},"properties":{"name":"Blunn Creek","creek_type":"UNDERGROUND_CULVERT","reach_id":"BLU-4","watershed":"BLU","feature_kind":"waterway","source":"City of Austin Watershed Protection creek centerlines","retrieved_at":"2026-09-29T00:26:18.548370+00:00","access_claim":"none"}},{"type":"Feature","id":"coa-creek/2363124","geometry":{"type":"LineString","coordinates":[[-97.75554,30.22421],[-97.75548,30.22418],[-97.75542,30.22417]]},"properties":{"name":"Blunn Creek","creek_type":"NATURAL_ALLUVIAL","reach_id":"BLU-5","watershed":"BLU","feature_kind":"waterway","source":"City of Austin Watershed Protection creek centerlines","retrieved_at":"2026-09-29T00:26:18.548370+00:00","access_claim":"none"}},{"type":"Feature","id":"coa-creek/2331599","geometry":{"type":"LineString","coordinates":[[-97.72751,30.43854],[-97.72748,30.43853]]},"properties":{"name":"Walnut Creek","creek_type":"NATURAL_UNCLASSIFIED","reach_id":"WLN-16","watershed":"WLN","feature_kind":"waterway","source":"City of Austin Watershed Protection creek centerlines","retrieved_at":"2026-09-29T00:26:18.548370+00:00","access_claim":"none"}},{"type":"Feature","id":"coa-creek/2329953","geometry":{"type":"LineString","coordinates":[[-97.89616,30.24772],[-97.89612,30.24772],[-97.896,30.24772],[-97.89595,30.24772]]},"properties":{"name":"Williamson Creek","creek_type":"UNDERGROUND_CULVERT","reach_id":null,"watershed":"WMS","feature_kind":"waterway","source":"City of Austin Watershed Protection creek centerlines","retrieved_at":"2026-09-29T00:26:18.548370+00:00","access_claim":"none"}},{"type":"Feature","id":"coa-creek/2363127","geometry":{"type":"LineString","coordinates":[[-97.92503,30.29156],[-97.92504,30.29156],[-97.92535,30.29167],[-97.92536,30.29167],[-97.92538,30.29168],[-97.92542,30.2917],[-97.92546,30.29173],[-97.92554,30.29177],[-97.9256,30.29181],[-97.92566,30.29183],[-97.92582,30.2919],[-97.92591,30.29193],[-97.92596,30.29195],[-97.92606,30.29198],[-97.92609,30.29199],[-97.92617,30.29203],[-97.92622,30.29205],[-97.92625,30.29206],[-97.92628,30.29206],[-97.92635,30.29208],[-97.92639,30.29209],[-97.9265,30.29213],[-97.92655,30.29215],[-97.92658,30.29217],[-97.92662,30.29219],[-97.92663,30.2922],[-97.92667,30.29223],[-97.92671,30.29226],[-97.92674,30.29229],[-97.92676,30.29232],[-97.92677,30.29234],[-97.92679,30.29237],[-97.92679,30.29238],[-97.9268,30.29241],[-97.92682,30.29249],[-97.92682,30.29254],[-97.92684,30.2926],[-97.92684,30.29261],[-97.92686,30.29264],[-97.92687,30.29267],[-97.92689,30.2927],[-97.92691,30.29273],[-97.92693,30.29276],[-97.92694,30.29279],[-97.92695,30.29282],[-97.92695,30.29284],[-97.92696,30.29289],[-97.92696,30.29295],[-97.92697,30.29304],[-97.92696,30.29314],[-97.92694,30.2932],[-97.92694,30.29322],[-97.92691,30.29336],[-97.9269,30.29341],[-97.9269,30.29347],[-97.9269,30.29357],[-97.92691,30.29373],[-97.92691,30.29384],[-97.92693,30.29397],[-97.92694,30.29398],[-97.92695,30.29407],[-97.92697,30.29413],[-97.92699,30.29424],[-97.92699,30.29427],[-97.927,30.29436],[-97.92701,30.29444],[-97.92701,30.29447],[-97.92701,30.29453],[-97.92701,30.29472]]},"properties":{"name":"Barton Creek","creek_type":"NATURAL_ALLUVIAL","reach_id":null,"watershed":"BAR","feature_kind":"waterway","source":"City of Austin Watershed Protection creek centerlines","retrieved_at":"2026-09-29T00:26:18.548370+00:00","access_claim":"none"}},{"type":"Feature","id":"coa-creek/2360953","geometry":{"type":"LineString","coordinates":[[-97.90407,30.24233],[-97.90401,30.2424],[-97.90394,30.24249],[-97.90391,30.24253],[-97.90387,30.24257],[-97.90386,30.24259],[-97.90382,30.24268],[-97.90377,30.24273],[-97.90371,30.24278],[-97.90364,30.24282],[-97.90345,30.24292],[-97.90338,30.24299],[-97.90333,30.24304],[-97.90329,30.2431],[-97.90324,30.24319],[-97.9032,30.24322],[-97.90314,30.24326],[-97.90308,30.24329],[-97.90301,30.24334],[-97.90293,30.24339],[-97.90276,30.24349],[-97.90263,30.24356],[-97.90252,30.24363],[-97.90248,30.24369],[-97.90246,30.2437],[-97.90244,30.24373],[-97.90242,30.24376],[-97.90241,30.2438],[-97.90233,30.24392],[-97.90231,30.24396],[-97.90228,30.24401],[-97.90227,30.24405],[-97.90226,30.24408],[-97.90225,30.2441],[-97.90223,30.24412],[-97.90219,30.24415],[-97.90216,30.24416],[-97.90212,30.24417],[-97.90206,30.24418],[-97.90202,30.24418],[-97.90199,30.24418],[-97.90196,30.24416],[-97.90192,30.24414],[-97.90188,30.24413],[-97.90185,30.24414],[-97.9018,30.24414],[-97.90175,30.24416],[-97.90172,30.24416],[-97.90169,30.24418],[-97.90167,30.2442],[-97.90165,30.24422],[-97.90163,30.24424],[-97.90161,30.24426],[-97.9016,30.24429],[-97.90158,30.24432],[-97.90157,30.24434],[-97.90156,30.24437],[-97.90155,30.24441],[-97.90154,30.24444],[-97.90153,30.24447],[-97.90152,30.24449],[-97.90144,30.24461],[-97.90142,30.24464],[-97.90139,30.24468],[-97.90125,30.24475],[-97.90122,30.24479],[-97.90115,30.24486],[-97.90113,30.24489],[-97.90108,30.24493],[-97.90103,30.24496],[-97.90096,30.245],[-97.90089,30.24507],[-97.90085,30.2451],[-97.90078,30.24516],[-97.90074,30.24519],[-97.9007,30.24522],[-97.90065,30.24526],[-97.90054,30.24533],[-97.90049,30.24537],[-97.90034,30.24554],[-97.90031,30.2456],[-97.90026,30.2457],[-97.90022,30.24578],[-97.9002,30.24587],[-97.90016,30.24597],[-97.90005,30.24609],[-97.89991,30.24619],[-97.89985,30.24623]]},"properties":{"name":"Williamson Creek","creek_type":"POND","reach_id":null,"watershed":"WMS","feature_kind":"waterway","source":"City of Austin Watershed Protection creek centerlines","retrieved_at":"2026-09-29T00:26:18.548370+00:00","access_claim":"none"}},{"type":"Feature","id":"coa-creek/2365162","geometry":{"type":"LineString","coordinates":[[-97.84457,30.2741],[-97.84456,30.27407],[-97.84456,30.27405],[-97.84455,30.27405],[-97.84453,30.27398]]},"properties":{"name":"Barton Creek","creek_type":"NATURAL_ROCKBED","reach_id":"BAR-6","watershed":"BAR","feature_kind":"waterway","source":"City of Austin Watershed Protection creek centerlines","retrieved_at":"2026-09-29T00:26:18.548370+00:00","access_claim":"none"}},{"type":"Feature","id":"coa-creek/2371036","geometry":{"type":"LineString","coordinates":[[-97.78638,30.40475],[-97.78628,30.40469],[-97.78603,30.40455],[-97.78599,30.40452]]},"properties":{"name":"Bull Creek","creek_type":"NATURAL_ALLUVIAL","reach_id":"BUL-7","watershed":"BUL","feature_kind":"waterway","source":"City of Austin Watershed Protection creek centerlines","retrieved_at":"2026-09-29T00:26:18.548370+00:00","access_claim":"none"}},{"type":"Feature","id":"coa-creek/2319996","geometry":{"type":"LineString","coordinates":[[-97.93289,30.28451],[-97.93285,30.28453],[-97.93283,30.28454],[-97.93282,30.28454],[-97.9328,30.28454],[-97.93279,30.28455],[-97.93276,30.28455],[-97.93266,30.28456],[-97.93262,30.28456],[-97.93257,30.28457],[-97.93254,30.28457],[-97.93249,30.28459],[-97.93245,30.28461],[-97.93241,30.28461],[-97.93237,30.28462],[-97.93226,30.28462],[-97.93223,30.28462],[-97.93215,30.28462],[-97.93207,30.28461],[-97.93196,30.2846],[-97.93191,30.28459],[-97.93182,30.28457],[-97.93177,30.28457],[-97.93169,30.28455],[-97.93161,30.28453],[-97.93156,30.28452],[-97.93151,30.2845],[-97.9313,30.28443],[-97.9311,30.28437],[-97.93105,30.28435],[-97.93093,30.28431],[-97.93087,30.28428],[-97.93076,30.28424],[-97.93064,30.28419],[-97.93061,30.28417],[-97.93035,30.28404],[-97.93024,30.28399],[-97.93003,30.2839],[-97.92996,30.28387],[-97.92965,30.28372],[-97.92958,30.28369],[-97.9295,30.28365]]},"properties":{"name":"Barton Creek","creek_type":"NATURAL_ALLUVIAL","reach_id":null,"watershed":"BAR","feature_kind":"waterway","source":"City of Austin Watershed Protection creek centerlines","retrieved_at":"2026-09-29T00:26:18.548370+00:00","access_claim":"none"}},{"type":"Feature","id":"coa-creek/2324891","geometry":{"type":"LineString","coordinates":[[-97.86017,30.23525],[-97.85964,30.23491],[-97.85907,30.23464],[-97.8586,30.23443],[-97.85828,30.23431],[-97.8579,30.23411],[-97.85779,30.23405]]},"properties":{"name":"Williamson Creek","creek_type":"NATURAL_ROCKBED","reach_id":"WMS-11","watershed":"WMS","feature_kind":"waterway","source":"City of Austin Watershed Protection creek centerlines","retrieved_at":"2026-09-29T00:26:18.548370+00:00","access_claim":"none"}},{"type":"Feature","id":"coa-creek/2345025","geometry":{"type":"LineString","coordinates":[[-97.91304,30.30498],[-97.91303,30.30498],[-97.91302,30.30499],[-97.91302,30.30499],[-97.91299,30.30499],[-97.91298,30.30499],[-97.91297,30.30499],[-97.91296,30.305]]},"properties":{"name":"Barton Creek","creek_type":"NATURAL_UNCLASSIFIED","reach_id":"BAR-10","watershed":"BAR","feature_kind":"waterway","source":"City of Austin Watershed Protection creek centerlines","retrieved_at":"2026-09-29T00:26:18.548370+00:00","access_claim":"none"}},{"type":"Feature","id":"coa-creek/2375563","geometry":{"type":"LineString","coordinates":[[-97.6629,30.36723],[-97.66288,30.3672],[-97.66283,30.36718],[-97.66273,30.36713],[-97.66264,30.3671],[-97.66255,30.36709],[-97.66245,30.36709],[-97.66234,30.36709],[-97.66227,30.36709],[-97.66223,30.36706],[-97.66219,30.36702],[-97.66191,30.36678],[-97.66172,30.36662],[-97.66158,30.36649],[-97.66144,30.36637],[-97.66134,30.36626],[-97.66126,30.36613],[-97.66121,30.36604],[-97.66116,30.36593],[-97.66111,30.36583],[-97.66107,30.36576],[-97.66102,30.3657],[-97.66091,30.36565]]},"properties":{"name":"Walnut Creek","creek_type":"NATURAL_ROCKBED","reach_id":"WLN-8","watershed":"WLN","feature_kind":"waterway","source":"City of Austin Watershed Protection creek centerlines","retrieved_at":"2026-09-29T00:26:18.548370+00:00","access_claim":"none"}},{"type":"Feature","id":"coa-creek/2380344","geometry":{"type":"LineString","coordinates":[[-97.73456,30.38571],[-97.73457,30.3857],[-97.7345,30.38554],[-97.7345,30.38553]]},"properties":{"name":"Shoal Creek","creek_type":"POND","reach_id":null,"watershed":"SHL","feature_kind":"waterway","source":"City of Austin Watershed Protection creek centerlines","retrieved_at":"2026-09-29T00:26:18.548370+00:00","access_claim":"none"}},{"type":"Feature","id":"coa-creek/2331047","geometry":{"type":"LineString","coordinates":[[-97.83656,30.39585],[-97.8365,30.39588],[-97.83639,30.39592],[-97.83633,30.39595],[-97.83625,30.39599],[-97.83618,30.39601],[-97.83612,30.39603],[-97.83604,30.39606],[-97.83596,30.39609],[-97.83588,30.39613],[-97.8358,30.39614],[-97.83567,30.39624],[-97.83557,30.39626],[-97.83544,30.39632],[-97.83531,30.39641],[-97.83524,30.39648],[-97.8351,30.39661],[-97.83505,30.39666],[-97.83498,30.39669],[-97.83488,30.39671],[-97.8348,30.39673],[-97.83472,30.39675],[-97.83461,30.39678],[-97.83458,30.39679],[-97.83451,30.39681],[-97.83444,30.39684],[-97.83433,30.39689],[-97.83426,30.39694],[-97.83418,30.39699],[-97.83405,30.39707],[-97.83396,30.39713],[-97.83388,30.39719],[-97.83382,30.39729],[-97.83381,30.39734],[-97.83373,30.39748],[-97.83366,30.39755],[-97.83361,30.39766],[-97.83358,30.3977],[-97.83356,30.39774],[-97.83353,30.3978],[-97.83348,30.39788],[-97.83344,30.39793],[-97.83335,30.39798],[-97.83324,30.39804],[-97.83316,30.39809],[-97.83309,30.39813],[-97.83303,30.39816],[-97.83289,30.3982],[-97.83282,30.39826],[-97.8328,30.39833],[-97.83278,30.3984],[-97.83275,30.39846],[-97.83273,30.3985],[-97.83273,30.39861],[-97.83272,30.39876],[-97.8327,30.39881],[-97.83269,30.39888],[-97.8327,30.39893],[-97.83269,30.39905],[-97.83266,30.39911],[-97.8326,30.39918],[-97.83256,30.39924],[-97.83252,30.39932],[-97.83248,30.3994],[-97.83244,30.39947],[-97.8324,30.39954],[-97.83239,30.39957]]},"properties":{"name":"Bull Creek","creek_type":"NATURAL_UNCLASSIFIED","reach_id":null,"watershed":"BUL","feature_kind":"waterway","source":"City of Austin Watershed Protection creek centerlines","retrieved_at":"2026-09-29T00:26:18.548370+00:00","access_claim":"none"}},{"type":"Feature","id":"coa-creek/2360466","geometry":{"type":"LineString","coordinates":[[-97.77872,30.39709],[-97.77867,30.39711],[-97.7786,30.39715],[-97.77856,30.39716],[-97.77854,30.39717],[-97.77852,30.39717],[-97.77847,30.39717],[-97.77841,30.39715],[-97.77835,30.39713],[-97.77826,30.3971],[-97.77798,30.39703],[-97.77779,30.39698],[-97.77772,30.39697],[-97.77765,30.39695],[-97.77758,30.39694],[-97.7775,30.39694],[-97.77742,30.39693],[-97.7774,30.39693]]},"properties":{"name":"Bull Creek","creek_type":"NATURAL_ALLUVIAL","reach_id":"BUL-7","watershed":"BUL","feature_kind":"waterway","source":"City of Austin Watershed Protection creek centerlines","retrieved_at":"2026-09-29T00:26:18.548370+00:00","access_claim":"none"}},{"type":"Feature","id":"coa-creek/2375888","geometry":{"type":"LineString","coordinates":[[-97.64818,30.32842],[-97.6482,30.32839],[-97.64821,30.32835],[-97.64819,30.3283],[-97.64812,30.32817]]},"properties":{"name":"Walnut Creek","creek_type":"NATURAL_ALLUVIAL","reach_id":"WLN-4","watershed":"WLN","feature_kind":"waterway","source":"City of Austin Watershed Protection creek centerlines","retrieved_at":"2026-09-29T00:26:18.548370+00:00","access_claim":"none"}},{"type":"Feature","id":"coa-creek/2364413","geometry":{"type":"LineString","coordinates":[[-97.75139,30.16481],[-97.75137,30.16481],[-97.75125,30.16483],[-97.75114,30.16482],[-97.75102,30.16478],[-97.75088,30.16475],[-97.75076,30.16469],[-97.75063,30.16464],[-97.75057,30.16462],[-97.75052,30.16462],[-97.75047,30.16462],[-97.75041,30.16464],[-97.7502,30.16473],[-97.75003,30.16483],[-97.74998,30.16487],[-97.7499,30.16495],[-97.74983,30.16503],[-97.74977,30.1651],[-97.74968,30.1652],[-97.74967,30.16521]]},"properties":{"name":"Onion Creek","creek_type":"NATURAL_ALLUVIAL","reach_id":"ONI-7","watershed":"ONI","feature_kind":"waterway","source":"City of Austin Watershed Protection creek centerlines","retrieved_at":"2026-09-29T00:26:18.548370+00:00","access_claim":"none"}},{"type":"Feature","id":"coa-creek/2379563","geometry":{"type":"LineString","coordinates":[[-97.92056,30.28781],[-97.92049,30.28778],[-97.92048,30.28777]]},"properties":{"name":"Barton Creek","creek_type":"UNDERGROUND_CULVERT","reach_id":null,"watershed":"BAR","feature_kind":"waterway","source":"City of Austin Watershed Protection creek centerlines","retrieved_at":"2026-09-29T00:26:18.548370+00:00","access_claim":"none"}},{"type":"Feature","id":"coa-creek/2371361","geometry":{"type":"LineString","coordinates":[[-97.73948,30.43911],[-97.73943,30.43913],[-97.73938,30.43915],[-97.73932,30.43919],[-97.73918,30.43928]]},"properties":{"name":"Walnut Creek","creek_type":"ALTERED_EARTHEN","reach_id":"WLN-17","watershed":"WLN","feature_kind":"waterway","source":"City of Austin Watershed Protection creek centerlines","retrieved_at":"2026-09-29T00:26:18.548370+00:00","access_claim":"none"}},{"type":"Feature","id":"coa-creek/2328088","geometry":{"type":"LineString","coordinates":[[-97.91987,30.2464],[-97.91986,30.24641]]},"properties":{"name":"Williamson Creek","creek_type":"NATURAL_UNCLASSIFIED","reach_id":null,"watershed":"WMS","feature_kind":"waterway","source":"City of Austin Watershed Protection creek centerlines","retrieved_at":"2026-09-29T00:26:18.548370+00:00","access_claim":"none"}},{"type":"Feature","id":"coa-creek/2337732","geometry":{"type":"LineString","coordinates":[[-97.83659,30.39584],[-97.83656,30.39585]]},"properties":{"name":"Bull Creek","creek_type":"NATURAL_UNCLASSIFIED","reach_id":null,"watershed":"BUL","feature_kind":"waterway","source":"City of Austin Watershed Protection creek centerlines","retrieved_at":"2026-09-29T00:26:18.548370+00:00","access_claim":"none"}},{"type":"Feature","id":"coa-creek/2379600","geometry":{"type":"LineString","coordinates":[[-97.73499,30.37495],[-97.73499,30.37481],[-97.7351,30.37463],[-97.73521,30.37441],[-97.73524,30.37434],[-97.73529,30.37422],[-97.73537,30.374],[-97.73546,30.37382],[-97.73551,30.37367],[-97.73558,30.37349],[-97.73567,30.37332],[-97.73575,30.37315],[-97.73581,30.37299],[-97.73592,30.3727],[-97.73606,30.37235]]},"properties":{"name":"Shoal Creek","creek_type":"NATURAL_ROCKBED","reach_id":"SHL-15","watershed":"SHL","feature_kind":"waterway","source":"City of Austin Watershed Protection creek centerlines","retrieved_at":"2026-09-29T00:26:18.548370+00:00","access_claim":"none"}},{"type":"Feature","id":"coa-creek/2365182","geometry":{"type":"LineString","coordinates":[[-97.73441,30.44122],[-97.73438,30.44122],[-97.73436,30.44122],[-97.73434,30.44122]]},"properties":{"name":"Walnut Creek","creek_type":"NATURAL_UNCLASSIFIED","reach_id":"WLN-17","watershed":"WLN","feature_kind":"waterway","source":"City of Austin Watershed Protection creek centerlines","retrieved_at":"2026-09-29T00:26:18.548370+00:00","access_claim":"none"}},{"type":"Feature","id":"coa-creek/2362025","geometry":{"type":"LineString","coordinates":[[-97.80058,30.13545],[-97.80055,30.13548],[-97.80042,30.13551],[-97.80004,30.13556],[-97.79983,30.13558]]},"properties":{"name":"Onion Creek","creek_type":"NATURAL_ROCKBED","reach_id":"ONI-9","watershed":"ONI","feature_kind":"waterway","source":"City of Austin Watershed Protection creek centerlines","retrieved_at":"2026-09-29T00:26:18.548370+00:00","access_claim":"none"}},{"type":"Feature","id":"coa-creek/2361767","geometry":{"type":"LineString","coordinates":[[-97.92513,30.28597],[-97.92516,30.28599],[-97.92517,30.28599],[-97.92518,30.286],[-97.92519,30.28601],[-97.9252,30.28601],[-97.92522,30.28602],[-97.92523,30.28602],[-97.92529,30.28604],[-97.92533,30.28605],[-97.92536,30.28607],[-97.92546,30.28611],[-97.92551,30.28614],[-97.92554,30.28615]]},"properties":{"name":"Barton Creek","creek_type":"NATURAL_ALLUVIAL","reach_id":null,"watershed":"BAR","feature_kind":"waterway","source":"City of Austin Watershed Protection creek centerlines","retrieved_at":"2026-09-29T00:26:18.548370+00:00","access_claim":"none"}},{"type":"Feature","id":"coa-creek/2345100","geometry":{"type":"LineString","coordinates":[[-97.89368,30.24774],[-97.89295,30.24738],[-97.8929,30.24737],[-97.89281,30.24736],[-97.89278,30.24735],[-97.89254,30.24731],[-97.89235,30.24728],[-97.89207,30.24722],[-97.89204,30.24721],[-97.89202,30.24721]]},"properties":{"name":"Williamson Creek","creek_type":"NATURAL_UNCLASSIFIED","reach_id":null,"watershed":"WMS","feature_kind":"waterway","source":"City of Austin Watershed Protection creek centerlines","retrieved_at":"2026-09-29T00:26:18.548370+00:00","access_claim":"none"}},{"type":"Feature","id":"coa-creek/2381972","geometry":{"type":"LineString","coordinates":[[-97.85121,30.2807],[-97.85117,30.28066],[-97.85098,30.28048],[-97.85059,30.28018],[-97.85047,30.2801],[-97.85043,30.28007],[-97.85033,30.28001],[-97.85019,30.27994],[-97.8501,30.27989],[-97.85004,30.27985],[-97.85002,30.27983],[-97.85,30.2798],[-97.84999,30.27979],[-97.84998,30.27978],[-97.84998,30.27977],[-97.84997,30.27976],[-97.84997,30.27974],[-97.84996,30.2797],[-97.84995,30.27967],[-97.84995,30.27966],[-97.84994,30.27964],[-97.84993,30.27962],[-97.84992,30.2796],[-97.84989,30.27958],[-97.84987,30.27956],[-97.84986,30.27955],[-97.84975,30.27948],[-97.84965,30.2794],[-97.84959,30.27936],[-97.84956,30.27935],[-97.84952,30.27933],[-97.84949,30.27932],[-97.84944,30.27931],[-97.84941,30.27931],[-97.84938,30.2793],[-97.84935,30.27931],[-97.84934,30.27931],[-97.84932,30.27932],[-97.84929,30.27933],[-97.84922,30.27936],[-97.84916,30.27939],[-97.84914,30.27939],[-97.84912,30.2794],[-97.84909,30.27941],[-97.84907,30.27941],[-97.84904,30.27942],[-97.84901,30.27941],[-97.84898,30.27941],[-97.84895,30.27941],[-97.84894,30.2794],[-97.84893,30.2794],[-97.84892,30.27939],[-97.84891,30.27939],[-97.84889,30.27938],[-97.84885,30.27934],[-97.84876,30.27926],[-97.8487,30.27921],[-97.84868,30.2792],[-97.84866,30.27919],[-97.84864,30.27918],[-97.84862,30.27917]]},"properties":{"name":"Barton Creek","creek_type":"NATURAL_ROCKBED","reach_id":"BAR-7","watershed":"BAR","feature_kind":"waterway","source":"City of Austin Watershed Protection creek centerlines","retrieved_at":"2026-09-29T00:26:18.548370+00:00","access_claim":"none"}},{"type":"Feature","id":"coa-creek/2339794","geometry":{"type":"LineString","coordinates":[[-97.82495,30.22284],[-97.82491,30.22282],[-97.82489,30.2228],[-97.82487,30.22279],[-97.8248,30.22273],[-97.82477,30.22271],[-97.82473,30.22268],[-97.82472,30.22268],[-97.82469,30.22266],[-97.82466,30.22264]]},"properties":{"name":"Williamson Creek","creek_type":"NATURAL_ROCKBED","reach_id":"WMS-11","watershed":"WMS","feature_kind":"waterway","source":"City of Austin Watershed Protection creek centerlines","retrieved_at":"2026-09-29T00:26:18.548370+00:00","access_claim":"none"}},{"type":"Feature","id":"coa-creek/2326720","geometry":{"type":"LineString","coordinates":[[-97.73525,30.38093],[-97.73523,30.38092],[-97.7352,30.38091]]},"properties":{"name":"Shoal Creek","creek_type":"UNDERGROUND_CULVERT","reach_id":null,"watershed":"SHL","feature_kind":"waterway","source":"City of Austin Watershed Protection creek centerlines","retrieved_at":"2026-09-29T00:26:18.548370+00:00","access_claim":"none"}},{"type":"Feature","id":"coa-creek/2355350","geometry":{"type":"LineString","coordinates":[[-97.75008,30.44083],[-97.75005,30.44074],[-97.74989,30.44043],[-97.74949,30.43966],[-97.74943,30.43957],[-97.74941,30.43953],[-97.74939,30.4395],[-97.74937,30.43947],[-97.74935,30.43945],[-97.74929,30.43939],[-97.74923,30.43933],[-97.74912,30.43922],[-97.749,30.43909],[-97.74897,30.43906],[-97.74894,30.43904],[-97.74891,30.43902],[-97.74888,30.439],[-97.74885,30.43897],[-97.74878,30.43893],[-97.74874,30.43892],[-97.74866,30.43889],[-97.74861,30.43886],[-97.74858,30.43885],[-97.74852,30.43881],[-97.7485,30.43879],[-97.74832,30.4387],[-97.74822,30.43864],[-97.74799,30.43853],[-97.74795,30.43851],[-97.74786,30.43846],[-97.74782,30.43844],[-97.74764,30.43834],[-97.74752,30.43827],[-97.74746,30.43823],[-97.74741,30.43821],[-97.74707,30.43802],[-97.747,30.43797],[-97.74694,30.43795],[-97.7468,30.4379],[-97.74678,30.43791],[-97.74658,30.43784],[-97.74647,30.43779],[-97.74628,30.43773],[-97.74606,30.43766],[-97.74601,30.43764],[-97.74597,30.43762],[-97.7459,30.43759],[-97.74587,30.43757]]},"properties":{"name":"Walnut Creek","creek_type":"ALTERED_EARTHEN","reach_id":"WLN-17","watershed":"WLN","feature_kind":"waterway","source":"City of Austin Watershed Protection creek centerlines","retrieved_at":"2026-09-29T00:26:18.548370+00:00","access_claim":"none"}},{"type":"Feature","id":"coa-creek/2375545","geometry":{"type":"LineString","coordinates":[[-97.74972,30.29206],[-97.74979,30.29207],[-97.74981,30.29207]]},"properties":{"name":"Shoal Creek","creek_type":"NATURAL_ALLUVIAL","reach_id":"SHL-5","watershed":"SHL","feature_kind":"waterway","source":"City of Austin Watershed Protection creek centerlines","retrieved_at":"2026-09-29T00:26:18.548370+00:00","access_claim":"none"}},{"type":"Feature","id":"coa-creek/2374473","geometry":{"type":"LineString","coordinates":[[-97.74501,30.24544],[-97.74503,30.24544],[-97.74506,30.24548]]},"properties":{"name":"Blunn Creek","creek_type":"NATURAL_ROCKBED","reach_id":"BLU-2","watershed":"BLU","feature_kind":"waterway","source":"City of Austin Watershed Protection creek centerlines","retrieved_at":"2026-09-29T00:26:18.548370+00:00","access_claim":"none"}},{"type":"Feature","id":"coa-creek/2364714","geometry":{"type":"LineString","coordinates":[[-97.70626,30.1816],[-97.70616,30.18162],[-97.70605,30.18164],[-97.70595,30.18169],[-97.70586,30.18172],[-97.7058,30.18174],[-97.70575,30.18177],[-97.7057,30.18177],[-97.70567,30.18175],[-97.70564,30.18172],[-97.70558,30.18168],[-97.70549,30.18164],[-97.7054,30.18162],[-97.70528,30.18163],[-97.70525,30.18165],[-97.70522,30.18168],[-97.70519,30.1817],[-97.70513,30.18172],[-97.70507,30.18174],[-97.70491,30.18174],[-97.70438,30.18169],[-97.70427,30.18167],[-97.70412,30.18166],[-97.70397,30.18164],[-97.70381,30.18161],[-97.70361,30.18158],[-97.70344,30.18154],[-97.70313,30.18146],[-97.70296,30.18142],[-97.70239,30.18127],[-97.70211,30.18122],[-97.70189,30.18115],[-97.70134,30.18105],[-97.70112,30.18098],[-97.70095,30.18096],[-97.7005,30.18088],[-97.70038,30.18086],[-97.7,30.18079],[-97.69985,30.18077],[-97.69973,30.18078],[-97.69951,30.18075],[-97.69933,30.18073],[-97.69909,30.18068],[-97.69889,30.18066],[-97.69864,30.18061],[-97.69854,30.18058],[-97.69834,30.18056],[-97.69804,30.18046],[-97.69793,30.18045],[-97.6978,30.18043],[-97.69766,30.18046],[-97.69757,30.18046],[-97.69746,30.18043],[-97.69735,30.18038],[-97.69724,30.18035],[-97.69709,30.18034],[-97.69698,30.18033],[-97.69689,30.1803],[-97.69687,30.18029]]},"properties":{"name":"Onion Creek","creek_type":"NATURAL_ROCKBED","reach_id":"ONI-3","watershed":"ONI","feature_kind":"waterway","source":"City of Austin Watershed Protection creek centerlines","retrieved_at":"2026-09-29T00:26:18.548370+00:00","access_claim":"none"}},{"type":"Feature","id":"coa-creek/2379467","geometry":{"type":"LineString","coordinates":[[-97.66273,30.16849],[-97.66269,30.1685],[-97.66257,30.16853],[-97.66243,30.16857],[-97.66229,30.16862],[-97.66206,30.16867],[-97.66181,30.16868],[-97.66167,30.1687],[-97.66153,30.16872],[-97.66142,30.16875]]},"properties":{"name":"Onion Creek","creek_type":"NATURAL_ALLUVIAL","reach_id":"ONI-1","watershed":"ONI","feature_kind":"waterway","source":"City of Austin Watershed Protection creek centerlines","retrieved_at":"2026-09-29T00:26:18.548370+00:00","access_claim":"none"}},{"type":"Feature","id":"coa-creek/2349857","geometry":{"type":"LineString","coordinates":[[-97.64812,30.18425],[-97.64818,30.18428],[-97.64833,30.18439],[-97.64842,30.18447],[-97.64851,30.18456],[-97.64861,30.18469],[-97.64865,30.18481],[-97.64867,30.1849],[-97.64868,30.18501],[-97.64868,30.18507],[-97.64865,30.18516],[-97.64862,30.18523],[-97.64859,30.18528],[-97.64854,30.18533],[-97.64847,30.18537],[-97.64842,30.18539],[-97.64835,30.18542],[-97.64828,30.18543]]},"properties":{"name":"Onion Creek","creek_type":"NATURAL_ALLUVIAL","reach_id":"ONI-1","watershed":"ONI","feature_kind":"waterway","source":"City of Austin Watershed Protection creek centerlines","retrieved_at":"2026-09-29T00:26:18.548370+00:00","access_claim":"none"}},{"type":"Feature","id":"coa-creek/2345332","geometry":{"type":"LineString","coordinates":[[-97.64753,30.18541],[-97.64745,30.18541],[-97.64738,30.18541],[-97.64732,30.18541],[-97.64718,30.18544],[-97.64699,30.18553],[-97.64672,30.18568],[-97.64665,30.18576],[-97.64658,30.18586],[-97.64656,30.1859],[-97.64646,30.18602],[-97.64639,30.1861]]},"properties":{"name":"Onion Creek","creek_type":"NATURAL_ALLUVIAL","reach_id":"ONI-1","watershed":"ONI","feature_kind":"waterway","source":"City of Austin Watershed Protection creek centerlines","retrieved_at":"2026-09-29T00:26:18.548370+00:00","access_claim":"none"}},{"type":"Feature","id":"coa-creek/2364753","geometry":{"type":"LineString","coordinates":[[-97.78669,30.13027],[-97.7865,30.13017],[-97.78627,30.13004],[-97.78607,30.12993],[-97.78601,30.12991]]},"properties":{"name":"Onion Creek","creek_type":"NATURAL_ROCKBED","reach_id":"ONI-9","watershed":"ONI","feature_kind":"waterway","source":"City of Austin Watershed Protection creek centerlines","retrieved_at":"2026-09-29T00:26:18.548370+00:00","access_claim":"none"}},{"type":"Feature","id":"coa-creek/2380786","geometry":{"type":"LineString","coordinates":[[-97.81972,30.12861],[-97.8197,30.12863],[-97.81953,30.12875],[-97.8194,30.12881],[-97.81924,30.12891]]},"properties":{"name":"Onion Creek","creek_type":"NATURAL_ROCKBED","reach_id":"ONI-9","watershed":"ONI","feature_kind":"waterway","source":"City of Austin Watershed Protection creek centerlines","retrieved_at":"2026-09-29T00:26:18.548370+00:00","access_claim":"none"}},{"type":"Feature","id":"coa-creek/2346590","geometry":{"type":"LineString","coordinates":[[-97.8403,30.27539],[-97.84015,30.2755],[-97.8401,30.27554],[-97.84002,30.27557],[-97.83994,30.27561],[-97.83989,30.27563],[-97.83985,30.27565],[-97.83983,30.27565],[-97.8398,30.27566],[-97.83977,30.27566],[-97.83975,30.27566],[-97.83972,30.27566],[-97.83971,30.27566],[-97.83969,30.27566],[-97.83952,30.27565],[-97.83927,30.27565],[-97.83873,30.27559],[-97.83841,30.27557],[-97.83832,30.27556],[-97.83806,30.27552],[-97.83802,30.27551],[-97.83796,30.2755],[-97.83796,30.2755],[-97.83791,30.27549],[-97.83766,30.27541],[-97.83738,30.27531],[-97.83705,30.27522],[-97.83673,30.27512],[-97.83647,30.27501],[-97.83626,30.27494]]},"properties":{"name":"Barton Creek","creek_type":"NATURAL_ROCKBED","reach_id":"BAR-6","watershed":"BAR","feature_kind":"waterway","source":"City of Austin Watershed Protection creek centerlines","retrieved_at":"2026-09-29T00:26:18.548370+00:00","access_claim":"none"}},{"type":"Feature","id":"coa-creek/2367469","geometry":{"type":"LineString","coordinates":[[-97.81307,30.21982],[-97.81304,30.21981],[-97.81301,30.2198],[-97.81298,30.2198]]},"properties":{"name":"Williamson Creek","creek_type":"UNDERGROUND_CULVERT","reach_id":"WMS-10","watershed":"WMS","feature_kind":"waterway","source":"City of Austin Watershed Protection creek centerlines","retrieved_at":"2026-09-29T00:26:18.548370+00:00","access_claim":"none"}},{"type":"Feature","id":"coa-creek/2338936","geometry":{"type":"LineString","coordinates":[[-97.7395,30.35801],[-97.73949,30.35797]]},"properties":{"name":"Shoal Creek","creek_type":"ALTERED_STRUCTURAL","reach_id":null,"watershed":"SHL","feature_kind":"waterway","source":"City of Austin Watershed Protection creek centerlines","retrieved_at":"2026-09-29T00:26:18.548370+00:00","access_claim":"none"}},{"type":"Feature","id":"coa-creek/2358524","geometry":{"type":"LineString","coordinates":[[-97.73926,30.39469],[-97.73924,30.39468],[-97.73923,30.39467],[-97.73922,30.39465],[-97.73921,30.39464],[-97.7392,30.39462],[-97.73919,30.39461],[-97.73917,30.39458],[-97.73915,30.39456],[-97.73914,30.39455],[-97.73912,30.39454],[-97.7391,30.39454],[-97.73907,30.39454],[-97.73902,30.39455],[-97.739,30.39455],[-97.73895,30.39454],[-97.7389,30.39453],[-97.73887,30.39452],[-97.73879,30.3945],[-97.73876,30.39449],[-97.73872,30.39447],[-97.73866,30.39444],[-97.73862,30.39441],[-97.73856,30.39437],[-97.73846,30.39429],[-97.7384,30.39427],[-97.73832,30.39422],[-97.73826,30.3942],[-97.73822,30.39417],[-97.73818,30.39415],[-97.73815,30.3941],[-97.73812,30.39406],[-97.73811,30.39403],[-97.73809,30.39396],[-97.73808,30.39387],[-97.73805,30.39382],[-97.73804,30.39376],[-97.73802,30.39369],[-97.738,30.39363],[-97.73798,30.39361],[-97.73796,30.3936],[-97.7379,30.39357],[-97.73786,30.39354],[-97.7378,30.3935],[-97.73772,30.39345],[-97.73767,30.39342],[-97.73761,30.3934],[-97.73751,30.39336],[-97.73747,30.39332],[-97.73743,30.39329],[-97.73738,30.39326],[-97.73734,30.39323],[-97.73727,30.39318],[-97.73714,30.39309],[-97.73711,30.39305],[-97.73707,30.393],[-97.73705,30.39297],[-97.73704,30.39295],[-97.73703,30.39293],[-97.73702,30.39292],[-97.73701,30.39291],[-97.73698,30.39291],[-97.73694,30.3929],[-97.73689,30.39291],[-97.73685,30.39292],[-97.73681,30.39294],[-97.73678,30.39295],[-97.73676,30.39296],[-97.73668,30.39295],[-97.73665,30.39292],[-97.73663,30.39292],[-97.73658,30.39294],[-97.73656,30.39296],[-97.73655,30.39297],[-97.73649,30.39296],[-97.73645,30.39295],[-97.73634,30.39292],[-97.73629,30.39292],[-97.73626,30.39293],[-97.73623,30.39296],[-97.7362,30.39298],[-97.73614,30.39298],[-97.7361,30.39299],[-97.73602,30.39299],[-97.73594,30.39298],[-97.73587,30.39299],[-97.73583,30.393],[-97.73577,30.39301],[-97.73571,30.39301],[-97.7357,30.39301]]},"properties":{"name":"Shoal Creek","creek_type":"NATURAL_UNCLASSIFIED","reach_id":null,"watershed":"SHL","feature_kind":"waterway","source":"City of Austin Watershed Protection creek centerlines","retrieved_at":"2026-09-29T00:26:18.548370+00:00","access_claim":"none"}},{"type":"Feature","id":"coa-creek/2375901","geometry":{"type":"LineString","coordinates":[[-97.64964,30.32792],[-97.64977,30.32793]]},"properties":{"name":"Walnut Creek","creek_type":"NATURAL_ALLUVIAL","reach_id":"WLN-4","watershed":"WLN","feature_kind":"waterway","source":"City of Austin Watershed Protection creek centerlines","retrieved_at":"2026-09-29T00:26:18.548370+00:00","access_claim":"none"}},{"type":"Feature","id":"coa-creek/2324772","geometry":{"type":"LineString","coordinates":[[-97.67614,30.17404],[-97.67589,30.17397]]},"properties":{"name":"Onion Creek","creek_type":"NATURAL_ALLUVIAL","reach_id":"ONI-2","watershed":"ONI","feature_kind":"waterway","source":"City of Austin Watershed Protection creek centerlines","retrieved_at":"2026-09-29T00:26:18.548370+00:00","access_claim":"none"}},{"type":"Feature","id":"coa-creek/2364315","geometry":{"type":"LineString","coordinates":[[-97.73719,30.3696],[-97.7372,30.36951],[-97.73723,30.36935],[-97.73724,30.36916],[-97.73729,30.36861],[-97.73725,30.36838],[-97.73726,30.36834],[-97.73728,30.3683],[-97.7373,30.36827],[-97.73731,30.36822],[-97.7373,30.36817],[-97.73728,30.3681],[-97.73728,30.36803],[-97.73729,30.3679],[-97.7373,30.36767],[-97.73732,30.36764],[-97.73734,30.36761],[-97.73734,30.36757],[-97.73733,30.36754],[-97.73731,30.3675],[-97.7373,30.36747],[-97.7373,30.3674],[-97.7373,30.36733],[-97.73729,30.36726],[-97.73718,30.36698],[-97.73712,30.36681],[-97.73688,30.36615],[-97.73672,30.36576],[-97.73663,30.36558]]},"properties":{"name":"Shoal Creek","creek_type":"NATURAL_ROCKBED","reach_id":"SHL-15","watershed":"SHL","feature_kind":"waterway","source":"City of Austin Watershed Protection creek centerlines","retrieved_at":"2026-09-29T00:26:18.548370+00:00","access_claim":"none"}},{"type":"Feature","id":"coa-creek/2360332","geometry":{"type":"LineString","coordinates":[[-97.92458,30.29626],[-97.92452,30.29624],[-97.9245,30.29623],[-97.92449,30.29623],[-97.92446,30.29621],[-97.92444,30.2962],[-97.92443,30.2962],[-97.92442,30.29618],[-97.92434,30.29612],[-97.9243,30.29609],[-97.92429,30.29608],[-97.92425,30.29606],[-97.92421,30.29604],[-97.92417,30.29602],[-97.92414,30.29601],[-97.92412,30.296],[-97.9241,30.29599],[-97.92409,30.29599],[-97.92407,30.29598],[-97.92404,30.29598],[-97.92401,30.29597],[-97.924,30.29597],[-97.92398,30.29597],[-97.92397,30.29598],[-97.92395,30.29598],[-97.9239,30.29599],[-97.92386,30.296],[-97.92379,30.29601],[-97.92378,30.29601],[-97.92374,30.29601],[-97.9237,30.29601],[-97.92368,30.29601],[-97.92362,30.29601],[-97.92358,30.29601],[-97.92352,30.296],[-97.92349,30.29599],[-97.92344,30.29599],[-97.92341,30.29599],[-97.92338,30.29599],[-97.92335,30.296],[-97.92334,30.296],[-97.92331,30.29601],[-97.92329,30.29602],[-97.92326,30.29603],[-97.92324,30.29604],[-97.92322,30.29605],[-97.92321,30.29605],[-97.9232,30.29605],[-97.92319,30.29605],[-97.92318,30.29605],[-97.92315,30.29606],[-97.92312,30.29606],[-97.92309,30.29607],[-97.92301,30.29609],[-97.92298,30.2961],[-97.92296,30.29611],[-97.92295,30.29611],[-97.92293,30.29612],[-97.92291,30.29613],[-97.92288,30.29615],[-97.92282,30.29619],[-97.92273,30.29626],[-97.9226,30.29634],[-97.92251,30.29641],[-97.92248,30.29644],[-97.92244,30.29649],[-97.92238,30.29655],[-97.92231,30.2966],[-97.92228,30.29663],[-97.92225,30.29664],[-97.92222,30.29665],[-97.9222,30.29667],[-97.92218,30.29667],[-97.92216,30.29668],[-97.9221,30.29669],[-97.92204,30.2967],[-97.92196,30.29671],[-97.92193,30.29671],[-97.92191,30.29672],[-97.92189,30.29673],[-97.92185,30.29675],[-97.92175,30.29682],[-97.92169,30.29686],[-97.92167,30.29687],[-97.92165,30.29689],[-97.92162,30.2969],[-97.92161,30.29691],[-97.92159,30.29692],[-97.92157,30.29693],[-97.92152,30.29695],[-97.92148,30.29697],[-97.92147,30.29697],[-97.92144,30.29699],[-97.92131,30.29706],[-97.92119,30.29713],[-97.92098,30.29725],[-97.92095,30.29727],[-97.92084,30.29736],[-97.92082,30.29737],[-97.9208,30.29738],[-97.92077,30.2974],[-97.92069,30.29745],[-97.92065,30.29747],[-97.92059,30.2975]]},"properties":{"name":"Barton Creek","creek_type":"NATURAL_ROCKBED","reach_id":"BAR-10","watershed":"BAR","feature_kind":"waterway","source":"City of Austin Watershed Protection creek centerlines","retrieved_at":"2026-09-29T00:26:18.548370+00:00","access_claim":"none"}},{"type":"Feature","id":"coa-creek/2360515","geometry":{"type":"LineString","coordinates":[[-97.79301,30.40435],[-97.7929,30.40433],[-97.79269,30.40431],[-97.79257,30.40434],[-97.79241,30.40436],[-97.792,30.40443],[-97.79188,30.40444],[-97.79157,30.40447],[-97.79147,30.40446],[-97.79121,30.40439],[-97.79107,30.40439],[-97.79073,30.40444],[-97.79011,30.40459],[-97.78978,30.40466],[-97.78957,30.4047],[-97.78939,30.40468],[-97.78928,30.40468],[-97.78895,30.40477],[-97.78865,30.40485],[-97.78853,30.40487],[-97.78833,30.40489]]},"properties":{"name":"Bull Creek","creek_type":"NATURAL_ALLUVIAL","reach_id":"BUL-8","watershed":"BUL","feature_kind":"waterway","source":"City of Austin Watershed Protection creek centerlines","retrieved_at":"2026-09-29T00:26:18.548370+00:00","access_claim":"none"}},{"type":"Feature","id":"coa-creek/2360937","geometry":{"type":"LineString","coordinates":[[-97.89909,30.28938],[-97.89901,30.2894],[-97.89898,30.28941],[-97.89888,30.28944],[-97.89884,30.28944],[-97.89878,30.28945],[-97.89871,30.28946],[-97.89869,30.28946]]},"properties":{"name":"Barton Creek","creek_type":"NATURAL_ALLUVIAL","reach_id":"BAR-9","watershed":"BAR","feature_kind":"waterway","source":"City of Austin Watershed Protection creek centerlines","retrieved_at":"2026-09-29T00:26:18.548370+00:00","access_claim":"none"}},{"type":"Feature","id":"coa-creek/2379112","geometry":{"type":"LineString","coordinates":[[-97.7806,30.15391],[-97.78062,30.15396],[-97.78066,30.15411],[-97.78066,30.15426],[-97.78065,30.15441],[-97.7806,30.15457],[-97.78051,30.15481]]},"properties":{"name":"Onion Creek","creek_type":"NATURAL_ROCKBED","reach_id":"ONI-9","watershed":"ONI","feature_kind":"waterway","source":"City of Austin Watershed Protection creek centerlines","retrieved_at":"2026-09-29T00:26:18.548370+00:00","access_claim":"none"}},{"type":"Feature","id":"coa-creek/2358876","geometry":{"type":"LineString","coordinates":[[-97.77362,30.26364],[-97.77359,30.26364],[-97.77356,30.26365],[-97.77353,30.26365],[-97.77342,30.26367],[-97.77339,30.26368],[-97.77334,30.26369],[-97.77329,30.26369],[-97.77325,30.26369],[-97.77314,30.26369],[-97.77311,30.26368],[-97.77298,30.26367]]},"properties":{"name":"Barton Creek","creek_type":"NATURAL_ROCKBED","reach_id":"BAR-2","watershed":"BAR","feature_kind":"waterway","source":"City of Austin Watershed Protection creek centerlines","retrieved_at":"2026-09-29T00:26:18.548370+00:00","access_claim":"none"}},{"type":"Feature","id":"coa-creek/2326384","geometry":{"type":"LineString","coordinates":[[-97.80758,30.13264],[-97.80752,30.13264],[-97.80739,30.13269],[-97.80689,30.13292]]},"properties":{"name":"Onion Creek","creek_type":"NATURAL_ROCKBED","reach_id":"ONI-9","watershed":"ONI","feature_kind":"waterway","source":"City of Austin Watershed Protection creek centerlines","retrieved_at":"2026-09-29T00:26:18.548370+00:00","access_claim":"none"}},{"type":"Feature","id":"coa-creek/2320690","geometry":{"type":"LineString","coordinates":[[-97.78039,30.15324],[-97.78043,30.15335]]},"properties":{"name":"Onion Creek","creek_type":"NATURAL_ROCKBED","reach_id":"ONI-9","watershed":"ONI","feature_kind":"waterway","source":"City of Austin Watershed Protection creek centerlines","retrieved_at":"2026-09-29T00:26:18.548370+00:00","access_claim":"none"}},{"type":"Feature","id":"coa-creek/2356232","geometry":{"type":"LineString","coordinates":[[-97.70664,30.18147],[-97.70662,30.18148],[-97.70649,30.18151],[-97.70647,30.18152],[-97.7064,30.18156],[-97.70629,30.1816],[-97.70626,30.1816]]},"properties":{"name":"Onion Creek","creek_type":"NATURAL_ROCKBED","reach_id":"ONI-3","watershed":"ONI","feature_kind":"waterway","source":"City of Austin Watershed Protection creek centerlines","retrieved_at":"2026-09-29T00:26:18.548370+00:00","access_claim":"none"}},{"type":"Feature","id":"coa-creek/2327341","geometry":{"type":"LineString","coordinates":[[-97.91795,30.24728],[-97.91793,30.24728],[-97.91791,30.24726],[-97.91786,30.24722],[-97.91779,30.24719],[-97.91777,30.24718],[-97.91773,30.24718],[-97.91755,30.24716],[-97.91749,30.24715],[-97.91744,30.24715],[-97.91735,30.24715]]},"properties":{"name":"Williamson Creek","creek_type":"NATURAL_UNCLASSIFIED","reach_id":null,"watershed":"WMS","feature_kind":"waterway","source":"City of Austin Watershed Protection creek centerlines","retrieved_at":"2026-09-29T00:26:18.548370+00:00","access_claim":"none"}},{"type":"Feature","id":"coa-creek/2366729","geometry":{"type":"LineString","coordinates":[[-97.84788,30.28723],[-97.84789,30.28722],[-97.84793,30.28719],[-97.84796,30.28717],[-97.84799,30.28714],[-97.84801,30.28712],[-97.84804,30.28707],[-97.84806,30.28704],[-97.84807,30.28702],[-97.84811,30.28697],[-97.84814,30.28694],[-97.8482,30.2869],[-97.84823,30.28688],[-97.84826,30.28686],[-97.84829,30.28684],[-97.84833,30.28682],[-97.84838,30.2868],[-97.84873,30.28663],[-97.84878,30.28661],[-97.84884,30.28657],[-97.84892,30.28653],[-97.84905,30.28646],[-97.84908,30.28645],[-97.84914,30.28643],[-97.84919,30.28641],[-97.84927,30.2864],[-97.84934,30.28639]]},"properties":{"name":"Barton Creek","creek_type":"NATURAL_ROCKBED","reach_id":"BAR-7","watershed":"BAR","feature_kind":"waterway","source":"City of Austin Watershed Protection creek centerlines","retrieved_at":"2026-09-29T00:26:18.548370+00:00","access_claim":"none"}},{"type":"Feature","id":"coa-creek/2324633","geometry":{"type":"LineString","coordinates":[[-97.88626,30.28994],[-97.88625,30.2899],[-97.88625,30.28987]]},"properties":{"name":"Barton Creek","creek_type":"ALTERED_STRUCTURAL","reach_id":"BAR-9","watershed":"BAR","feature_kind":"waterway","source":"City of Austin Watershed Protection creek centerlines","retrieved_at":"2026-09-29T00:26:18.548370+00:00","access_claim":"none"}},{"type":"Feature","id":"coa-creek/2332617","geometry":{"type":"LineString","coordinates":[[-97.73549,30.44118],[-97.73547,30.44118],[-97.73545,30.44117],[-97.73542,30.44116],[-97.7354,30.44115],[-97.73537,30.44117],[-97.73534,30.44117],[-97.7353,30.44117],[-97.73516,30.44117],[-97.73511,30.44117],[-97.73507,30.44116],[-97.73503,30.44116],[-97.73485,30.44115],[-97.73482,30.44115],[-97.7348,30.44116],[-97.73477,30.44118],[-97.73475,30.44121]]},"properties":{"name":"Walnut Creek","creek_type":"NATURAL_UNCLASSIFIED","reach_id":"WLN-17","watershed":"WLN","feature_kind":"waterway","source":"City of Austin Watershed Protection creek centerlines","retrieved_at":"2026-09-29T00:26:18.548370+00:00","access_claim":"none"}},{"type":"Feature","id":"coa-creek/2319918","geometry":{"type":"LineString","coordinates":[[-97.8113,30.24512],[-97.81128,30.24508],[-97.81122,30.24493],[-97.8112,30.24487],[-97.81119,30.24484],[-97.81118,30.24482],[-97.81114,30.24475],[-97.81112,30.24472],[-97.81104,30.2446],[-97.811,30.24454],[-97.81099,30.2445],[-97.81098,30.24447],[-97.81097,30.24445],[-97.81096,30.2444],[-97.81094,30.2443],[-97.81093,30.24427],[-97.81092,30.24418],[-97.81091,30.24412],[-97.81089,30.24404],[-97.81081,30.24373],[-97.81078,30.24363],[-97.8107,30.24334],[-97.81063,30.24315],[-97.81059,30.24308],[-97.81058,30.24302],[-97.81057,30.24301]]},"properties":{"name":"Barton Creek","creek_type":"NATURAL_ALLUVIAL","reach_id":"BAR-5","watershed":"BAR","feature_kind":"waterway","source":"City of Austin Watershed Protection creek centerlines","retrieved_at":"2026-09-29T00:26:18.548370+00:00","access_claim":"none"}},{"type":"Feature","id":"coa-creek/2326768","geometry":{"type":"LineString","coordinates":[[-97.78535,30.25739],[-97.78505,30.25759],[-97.78491,30.25771],[-97.78466,30.25801],[-97.78462,30.25807],[-97.78449,30.25826],[-97.78442,30.25841],[-97.78433,30.25863]]},"properties":{"name":"Barton Creek","creek_type":"NATURAL_ROCKBED","reach_id":"BAR-4","watershed":"BAR","feature_kind":"waterway","source":"City of Austin Watershed Protection creek centerlines","retrieved_at":"2026-09-29T00:26:18.548370+00:00","access_claim":"none"}},{"type":"Feature","id":"coa-creek/2380224","geometry":{"type":"LineString","coordinates":[[-97.95699,30.26919],[-97.95699,30.2692],[-97.95687,30.26924],[-97.95666,30.26931],[-97.95663,30.26932],[-97.95658,30.26934],[-97.95653,30.26936],[-97.95649,30.26938],[-97.95647,30.2694],[-97.95644,30.26941],[-97.95641,30.26943],[-97.95638,30.26945]]},"properties":{"name":"Barton Creek","creek_type":"NATURAL_UNCLASSIFIED","reach_id":null,"watershed":"BAR","feature_kind":"waterway","source":"City of Austin Watershed Protection creek centerlines","retrieved_at":"2026-09-29T00:26:18.548370+00:00","access_claim":"none"}},{"type":"Feature","id":"coa-creek/2329683","geometry":{"type":"LineString","coordinates":[[-97.80953,30.41916],[-97.80923,30.41908],[-97.80911,30.41902],[-97.80876,30.41891],[-97.80862,30.41894],[-97.80847,30.419],[-97.80843,30.41902],[-97.80829,30.41905],[-97.80811,30.41909]]},"properties":{"name":"Bull Creek","creek_type":"NATURAL_ALLUVIAL","reach_id":"BUL-11","watershed":"BUL","feature_kind":"waterway","source":"City of Austin Watershed Protection creek centerlines","retrieved_at":"2026-09-29T00:26:18.548370+00:00","access_claim":"none"}},{"type":"Feature","id":"coa-creek/2360775","geometry":{"type":"LineString","coordinates":[[-97.75084,30.28098],[-97.75084,30.28095],[-97.75083,30.28087],[-97.75082,30.28069],[-97.75082,30.28065],[-97.75081,30.28063],[-97.7508,30.28059],[-97.7508,30.28057],[-97.7508,30.28053],[-97.75079,30.2805],[-97.7508,30.28045],[-97.75081,30.28039],[-97.75083,30.2803],[-97.75084,30.28027],[-97.75085,30.28022],[-97.75087,30.28014],[-97.75088,30.2801],[-97.75088,30.28007],[-97.75091,30.27998],[-97.75091,30.27994],[-97.75092,30.27991],[-97.75093,30.27986],[-97.75094,30.27982],[-97.75094,30.27979],[-97.75095,30.27976],[-97.75096,30.27966],[-97.75098,30.2796],[-97.75099,30.27955],[-97.751,30.27952],[-97.75101,30.27948],[-97.75101,30.27944],[-97.75102,30.27941],[-97.75104,30.27938],[-97.75104,30.27935],[-97.75104,30.27933],[-97.75105,30.27931],[-97.75105,30.27927],[-97.75105,30.27921],[-97.75105,30.27918],[-97.75104,30.27914],[-97.75105,30.27909],[-97.75105,30.27905],[-97.75106,30.27902],[-97.75107,30.279],[-97.75107,30.27897],[-97.75107,30.27894],[-97.75107,30.27891],[-97.75107,30.27889],[-97.75107,30.27887],[-97.75107,30.27883],[-97.75106,30.27881],[-97.75106,30.27879],[-97.75106,30.27878],[-97.75107,30.27875],[-97.75108,30.27873],[-97.75109,30.27871],[-97.75108,30.27861],[-97.75104,30.27847],[-97.75103,30.27841],[-97.751,30.2783],[-97.75098,30.27825],[-97.75097,30.27823],[-97.75097,30.27819],[-97.75096,30.27815],[-97.75093,30.27811],[-97.75086,30.27801],[-97.75076,30.27789],[-97.75065,30.27779],[-97.75064,30.27777],[-97.75062,30.27774],[-97.75061,30.27772],[-97.75058,30.27764],[-97.75053,30.27755],[-97.75051,30.27751],[-97.7505,30.27749],[-97.75049,30.27745],[-97.75048,30.2774],[-97.75046,30.27733],[-97.75042,30.27725],[-97.75032,30.27707],[-97.75029,30.27701],[-97.75026,30.27693],[-97.75023,30.27687],[-97.75021,30.27681],[-97.7502,30.27678],[-97.75019,30.27675],[-97.75019,30.27663],[-97.7502,30.27657],[-97.75022,30.27648],[-97.75022,30.27646],[-97.75023,30.27644],[-97.75024,30.27641],[-97.75024,30.27638],[-97.75024,30.27636],[-97.75025,30.27634],[-97.75027,30.2763],[-97.75029,30.27627],[-97.75032,30.27625],[-97.75036,30.27623],[-97.75041,30.2762],[-97.75045,30.27618],[-97.75051,30.27614],[-97.7506,30.27608],[-97.75068,30.27601],[-97.75083,30.27591],[-97.75086,30.27587],[-97.75087,30.27586],[-97.75094,30.27582],[-97.751,30.27578],[-97.75104,30.27573],[-97.75111,30.27566],[-97.75114,30.27562],[-97.7512,30.27552],[-97.75125,30.27545],[-97.75128,30.2754],[-97.75131,30.27536],[-97.75132,30.27533],[-97.75133,30.2753],[-97.75134,30.27527],[-97.75135,30.27523],[-97.75135,30.2752],[-97.75135,30.27517],[-97.75138,30.27512],[-97.7514,30.27508],[-97.75143,30.27501],[-97.75145,30.27498],[-97.75147,30.27493],[-97.7515,30.27487],[-97.75151,30.27486],[-97.75153,30.27483],[-97.75165,30.2747],[-97.75167,30.27469],[-97.75168,30.27468],[-97.75169,30.27466],[-97.7517,30.27464],[-97.75173,30.2746],[-97.75175,30.27457],[-97.75176,30.27454],[-97.75178,30.27451],[-97.75179,30.27448],[-97.75179,30.27447],[-97.75183,30.27444],[-97.75183,30.27441],[-97.75185,30.27439],[-97.75188,30.27436],[-97.7519,30.27433],[-97.75192,30.2743],[-97.75195,30.27428],[-97.75197,30.27425],[-97.75205,30.27413],[-97.75206,30.27409],[-97.75206,30.27406],[-97.75207,30.27403],[-97.75206,30.274],[-97.75205,30.27398],[-97.75203,30.27394],[-97.75201,30.27392],[-97.75199,30.2739],[-97.75196,30.27389],[-97.75193,30.27388],[-97.7519,30.27388],[-97.75188,30.27388],[-97.75184,30.27386],[-97.75179,30.27384],[-97.75175,30.2738],[-97.75168,30.27375],[-97.75163,30.27369],[-97.75162,30.27368],[-97.75158,30.27365],[-97.75155,30.27363],[-97.75152,30.27361],[-97.75151,30.2736],[-97.75148,30.27355],[-97.75145,30.27351],[-97.75137,30.27309],[-97.75136,30.27267],[-97.75136,30.27265],[-97.75132,30.27252],[-97.75129,30.2724],[-97.75125,30.27231],[-97.75123,30.27222],[-97.7512,30.27214],[-97.75118,30.27208],[-97.75114,30.27201],[-97.75109,30.27192],[-97.75106,30.27188],[-97.75102,30.27181],[-97.75097,30.27174],[-97.75094,30.27171],[-97.7509,30.27166],[-97.75088,30.27162],[-97.75084,30.27149],[-97.75083,30.27146],[-97.75083,30.27143],[-97.75083,30.27138],[-97.75084,30.27133],[-97.75084,30.2713],[-97.75085,30.27126],[-97.75087,30.27122],[-97.75089,30.27117],[-97.7509,30.27114],[-97.75092,30.2711],[-97.75095,30.27104],[-97.75096,30.27098],[-97.75098,30.27096],[-97.751,30.27093],[-97.75105,30.27088],[-97.75108,30.27084],[-97.75111,30.2708],[-97.75112,30.27077],[-97.75114,30.27074],[-97.75117,30.27071],[-97.75119,30.27067],[-97.75122,30.27062],[-97.75123,30.2706],[-97.75127,30.27055],[-97.75131,30.27049],[-97.75136,30.27041],[-97.75138,30.27038],[-97.75139,30.27035],[-97.7514,30.27032],[-97.75141,30.27028],[-97.75143,30.27024],[-97.75144,30.27023],[-97.75146,30.27019],[-97.75147,30.27018],[-97.7515,30.27015],[-97.75152,30.27014],[-97.75154,30.2701],[-97.75156,30.27008],[-97.75158,30.27007],[-97.7516,30.27004],[-97.75164,30.27002],[-97.75171,30.26995],[-97.75173,30.26995],[-97.7518,30.26991],[-97.75183,30.26989],[-97.75186,30.26986],[-97.75192,30.26982],[-97.752,30.26978],[-97.75205,30.26975],[-97.75208,30.26974],[-97.75213,30.26972],[-97.75217,30.2697],[-97.7522,30.26968],[-97.75224,30.26967],[-97.75226,30.26966],[-97.75233,30.26964],[-97.75236,30.26962],[-97.7524,30.26959],[-97.75242,30.26958],[-97.75243,30.26955]]},"properties":{"name":"Shoal Creek","creek_type":"NATURAL_ALLUVIAL","reach_id":"SHL-3","watershed":"SHL","feature_kind":"waterway","source":"City of Austin Watershed Protection creek centerlines","retrieved_at":"2026-09-29T00:26:18.548370+00:00","access_claim":"none"}},{"type":"Feature","id":"coa-creek/2376516","geometry":{"type":"MultiLineString","coordinates":[[[-97.75713,30.22362],[-97.75695,30.22355],[-97.7568,30.2235]],[[-97.7568,30.2235],[-97.75678,30.2235],[-97.75676,30.22349],[-97.75675,30.22349],[-97.75673,30.22349],[-97.75671,30.22349],[-97.7567,30.22349],[-97.75668,30.22349],[-97.75666,30.2235],[-97.75665,30.2235]],[[-97.75665,30.2235],[-97.75649,30.22376],[-97.75643,30.22383]]]},"properties":{"name":"Blunn Creek","creek_type":"ALTERED_EARTHEN","reach_id":null,"watershed":"BLU","feature_kind":"waterway","source":"City of Austin Watershed Protection creek centerlines","retrieved_at":"2026-09-29T00:26:18.548370+00:00","access_claim":"none"}},{"type":"Feature","id":"coa-creek/2328986","geometry":{"type":"LineString","coordinates":[[-97.78255,30.1297],[-97.78249,30.12971],[-97.78242,30.12972],[-97.78236,30.12973],[-97.78225,30.12975],[-97.78214,30.1298],[-97.78204,30.12986],[-97.7819,30.13002],[-97.78181,30.13013],[-97.78164,30.13037],[-97.78148,30.13065],[-97.78138,30.13086],[-97.78132,30.13104],[-97.78127,30.13126],[-97.78123,30.13151],[-97.78118,30.13185],[-97.78117,30.13217],[-97.78117,30.13308],[-97.78116,30.13324],[-97.78116,30.13344],[-97.78117,30.13357],[-97.78118,30.13372],[-97.78119,30.13382],[-97.7812,30.13392],[-97.78121,30.13398],[-97.78133,30.13453],[-97.78135,30.13467],[-97.78135,30.13478],[-97.78143,30.13505],[-97.78154,30.13539],[-97.78173,30.13576],[-97.78178,30.13585],[-97.78199,30.13611],[-97.78208,30.13622],[-97.78229,30.13638],[-97.78256,30.13681],[-97.78263,30.13686],[-97.78272,30.13694],[-97.78285,30.13699],[-97.78303,30.13711],[-97.78315,30.13724],[-97.78332,30.13749],[-97.78347,30.13759],[-97.78366,30.13769],[-97.78371,30.13772],[-97.78397,30.13776],[-97.78433,30.13775],[-97.78465,30.13776],[-97.78483,30.13779],[-97.78491,30.13778]]},"properties":{"name":"Onion Creek","creek_type":"NATURAL_ROCKBED","reach_id":"ONI-9","watershed":"ONI","feature_kind":"waterway","source":"City of Austin Watershed Protection creek centerlines","retrieved_at":"2026-09-29T00:26:18.548370+00:00","access_claim":"none"}},{"type":"Feature","id":"coa-creek/2371923","geometry":{"type":"LineString","coordinates":[[-97.88073,30.24264],[-97.88068,30.24262],[-97.88065,30.24259],[-97.88061,30.24255],[-97.88058,30.24252],[-97.88053,30.24247],[-97.88051,30.24244],[-97.88048,30.24241],[-97.88046,30.2424],[-97.88042,30.24237],[-97.88039,30.24235],[-97.88036,30.24233],[-97.88034,30.24231],[-97.88031,30.24226],[-97.88031,30.24225],[-97.88028,30.24222],[-97.88026,30.24219],[-97.88021,30.24214],[-97.8802,30.24212],[-97.88019,30.24211],[-97.88018,30.24209],[-97.88017,30.24207],[-97.88016,30.24204],[-97.88015,30.24201],[-97.88014,30.24197],[-97.88012,30.24186],[-97.8801,30.24167],[-97.88007,30.2416],[-97.88004,30.24155],[-97.88002,30.24148],[-97.88,30.24142],[-97.87999,30.24139],[-97.87997,30.24135],[-97.87996,30.2413],[-97.87993,30.24126],[-97.8799,30.2412],[-97.8798,30.24102],[-97.87969,30.2408],[-97.87959,30.24063],[-97.87953,30.24058],[-97.8795,30.24049],[-97.8794,30.24033],[-97.87939,30.24026],[-97.87937,30.24022],[-97.87937,30.24014],[-97.87935,30.24012],[-97.87931,30.24007],[-97.8793,30.23997],[-97.87931,30.23989],[-97.8793,30.23983],[-97.87926,30.23977],[-97.87927,30.23974],[-97.8793,30.23972],[-97.87931,30.23968],[-97.8793,30.23949],[-97.87931,30.23942],[-97.8793,30.23938],[-97.87929,30.23934],[-97.87928,30.23931],[-97.87926,30.23927],[-97.87925,30.23924],[-97.87924,30.23918],[-97.87923,30.23912],[-97.87921,30.23906],[-97.87917,30.23896],[-97.87915,30.23889],[-97.87912,30.23884]]},"properties":{"name":"Williamson Creek","creek_type":"NATURAL_ROCKBED","reach_id":"WMS-13","watershed":"WMS","feature_kind":"waterway","source":"City of Austin Watershed Protection creek centerlines","retrieved_at":"2026-09-29T00:26:18.548370+00:00","access_claim":"none"}},{"type":"Feature","id":"coa-creek/2376933","geometry":{"type":"LineString","coordinates":[[-97.77882,30.39705],[-97.77872,30.39709]]},"properties":{"name":"Bull Creek","creek_type":"UNDERGROUND_CULVERT","reach_id":"BUL-7","watershed":"BUL","feature_kind":"waterway","source":"City of Austin Watershed Protection creek centerlines","retrieved_at":"2026-09-29T00:26:18.548370+00:00","access_claim":"none"}},{"type":"Feature","id":"coa-creek/2365714","geometry":{"type":"LineString","coordinates":[[-97.78044,30.15338],[-97.78046,30.15342]]},"properties":{"name":"Onion Creek","creek_type":"NATURAL_ROCKBED","reach_id":"ONI-9","watershed":"ONI","feature_kind":"waterway","source":"City of Austin Watershed Protection creek centerlines","retrieved_at":"2026-09-29T00:26:18.548370+00:00","access_claim":"none"}},{"type":"Feature","id":"coa-creek/2366061","geometry":{"type":"LineString","coordinates":[[-97.65636,30.17475],[-97.65637,30.17483],[-97.65637,30.17485]]},"properties":{"name":"Onion Creek","creek_type":"NATURAL_ALLUVIAL","reach_id":"ONI-1","watershed":"ONI","feature_kind":"waterway","source":"City of Austin Watershed Protection creek centerlines","retrieved_at":"2026-09-29T00:26:18.548370+00:00","access_claim":"none"}},{"type":"Feature","id":"coa-creek/2329350","geometry":{"type":"LineString","coordinates":[[-97.81082,30.21986],[-97.81082,30.21987],[-97.8108,30.21989],[-97.81078,30.21991],[-97.81076,30.21993],[-97.81073,30.21995],[-97.81069,30.21998],[-97.81063,30.22003],[-97.81059,30.22004],[-97.81054,30.22006],[-97.81051,30.22007],[-97.81048,30.22007],[-97.81046,30.22006],[-97.81042,30.22006],[-97.81036,30.22005],[-97.81033,30.22005]]},"properties":{"name":"Williamson Creek","creek_type":"NATURAL_ALLUVIAL","reach_id":"WMS-10","watershed":"WMS","feature_kind":"waterway","source":"City of Austin Watershed Protection creek centerlines","retrieved_at":"2026-09-29T00:26:18.548370+00:00","access_claim":"none"}},{"type":"Feature","id":"coa-creek/2356518","geometry":{"type":"LineString","coordinates":[[-97.67772,30.388],[-97.67776,30.38789],[-97.67772,30.38774],[-97.67769,30.38768],[-97.67765,30.38761],[-97.6776,30.38755],[-97.67755,30.3875],[-97.67748,30.38746],[-97.67738,30.38742],[-97.67731,30.3874],[-97.67723,30.38738],[-97.67711,30.38737],[-97.67702,30.38736],[-97.67688,30.38737],[-97.67653,30.38745],[-97.67635,30.38751],[-97.67618,30.38759],[-97.67584,30.38774],[-97.67554,30.3879],[-97.67539,30.38801],[-97.67511,30.38823],[-97.67495,30.38833],[-97.67486,30.38838]]},"properties":{"name":"Walnut Creek","creek_type":"NATURAL_ROCKBED","reach_id":"WLN-8","watershed":"WLN","feature_kind":"waterway","source":"City of Austin Watershed Protection creek centerlines","retrieved_at":"2026-09-29T00:26:18.548370+00:00","access_claim":"none"}},{"type":"Feature","id":"coa-creek/2319577","geometry":{"type":"LineString","coordinates":[[-97.74445,30.24747],[-97.74446,30.24747],[-97.74452,30.24748],[-97.74461,30.2475],[-97.74476,30.24754],[-97.74481,30.24756],[-97.74484,30.24758],[-97.74486,30.24761],[-97.74486,30.24761]]},"properties":{"name":"Blunn Creek","creek_type":"NATURAL_ROCKBED","reach_id":"BLU-2","watershed":"BLU","feature_kind":"waterway","source":"City of Austin Watershed Protection creek centerlines","retrieved_at":"2026-09-29T00:26:18.548370+00:00","access_claim":"none"}},{"type":"Feature","id":"coa-creek/2362024","geometry":{"type":"LineString","coordinates":[[-97.79931,30.13567],[-97.79928,30.13568]]},"properties":{"name":"Onion Creek","creek_type":"NATURAL_ROCKBED","reach_id":"ONI-9","watershed":"ONI","feature_kind":"waterway","source":"City of Austin Watershed Protection creek centerlines","retrieved_at":"2026-09-29T00:26:18.548370+00:00","access_claim":"none"}},{"type":"Feature","id":"coa-creek/2363628","geometry":{"type":"LineString","coordinates":[[-97.88629,30.29011],[-97.88626,30.28995],[-97.88626,30.28994]]},"properties":{"name":"Barton Creek","creek_type":"NATURAL_ALLUVIAL","reach_id":"BAR-9","watershed":"BAR","feature_kind":"waterway","source":"City of Austin Watershed Protection creek centerlines","retrieved_at":"2026-09-29T00:26:18.548370+00:00","access_claim":"none"}},{"type":"Feature","id":"coa-creek/2362835","geometry":{"type":"LineString","coordinates":[[-97.78833,30.40489],[-97.78824,30.40491]]},"properties":{"name":"Bull Creek","creek_type":"UNDERGROUND_CULVERT","reach_id":"BUL-8","watershed":"BUL","feature_kind":"waterway","source":"City of Austin Watershed Protection creek centerlines","retrieved_at":"2026-09-29T00:26:18.548370+00:00","access_claim":"none"}},{"type":"Feature","id":"coa-creek/2351673","geometry":{"type":"LineString","coordinates":[[-97.87138,30.23503],[-97.87137,30.23502],[-97.8713,30.23501],[-97.87123,30.235],[-97.87108,30.23496],[-97.87097,30.23494],[-97.87078,30.23491],[-97.87069,30.2349],[-97.8706,30.23488],[-97.87046,30.23488],[-97.87039,30.23485],[-97.87026,30.23485],[-97.87013,30.23485],[-97.87005,30.23485],[-97.86997,30.23485],[-97.86987,30.23484],[-97.86976,30.23484],[-97.86968,30.23483],[-97.86961,30.23483],[-97.8695,30.2348],[-97.86947,30.23479],[-97.86937,30.23477],[-97.86927,30.23474],[-97.8692,30.23472],[-97.86915,30.23469],[-97.86907,30.23466],[-97.8689,30.23464],[-97.86869,30.23458],[-97.86863,30.23456],[-97.86851,30.23452],[-97.86838,30.23449],[-97.86831,30.23446],[-97.86823,30.23444],[-97.86805,30.2344],[-97.86734,30.23431],[-97.86696,30.2343]]},"properties":{"name":"Williamson Creek","creek_type":"NATURAL_ROCKBED","reach_id":"WMS-12","watershed":"WMS","feature_kind":"waterway","source":"City of Austin Watershed Protection creek centerlines","retrieved_at":"2026-09-29T00:26:18.548370+00:00","access_claim":"none"}},{"type":"Feature","id":"coa-creek/2362800","geometry":{"type":"LineString","coordinates":[[-97.85473,30.23192],[-97.85467,30.23177],[-97.85455,30.23147],[-97.85446,30.23127],[-97.85435,30.23099],[-97.85436,30.23092],[-97.85439,30.23075],[-97.85442,30.23065],[-97.85444,30.23057]]},"properties":{"name":"Williamson Creek","creek_type":"NATURAL_ROCKBED","reach_id":"WMS-11","watershed":"WMS","feature_kind":"waterway","source":"City of Austin Watershed Protection creek centerlines","retrieved_at":"2026-09-29T00:26:18.548370+00:00","access_claim":"none"}},{"type":"Feature","id":"coa-creek/2358628","geometry":{"type":"LineString","coordinates":[[-97.77199,30.21545],[-97.77197,30.21543],[-97.77194,30.21541],[-97.77192,30.21538],[-97.77187,30.21527],[-97.77183,30.21518],[-97.7718,30.21511],[-97.77178,30.21501],[-97.77175,30.21496],[-97.77162,30.21484],[-97.77156,30.21475],[-97.77155,30.21466],[-97.77153,30.21458],[-97.77151,30.21452],[-97.7715,30.21445],[-97.7715,30.21437],[-97.77151,30.21413],[-97.77153,30.21391],[-97.77154,30.21378],[-97.77155,30.21371],[-97.77158,30.21361],[-97.77166,30.21335],[-97.77171,30.21323],[-97.77177,30.21307],[-97.77186,30.2129],[-97.77197,30.21272],[-97.77205,30.21262],[-97.7721,30.21256],[-97.77213,30.21253],[-97.77234,30.21236],[-97.7727,30.21204],[-97.77284,30.21188],[-97.7731,30.21168],[-97.77322,30.2116],[-97.77327,30.21158],[-97.77333,30.21157],[-97.7734,30.21154],[-97.77357,30.21146],[-97.77371,30.21137],[-97.7738,30.21131],[-97.77385,30.21125],[-97.77389,30.21122],[-97.7739,30.21119],[-97.77391,30.21115],[-97.77391,30.21109],[-97.77392,30.21095],[-97.77389,30.21086],[-97.77384,30.21068],[-97.77372,30.21048],[-97.77361,30.21039],[-97.77333,30.21024],[-97.77295,30.21017],[-97.77246,30.21019],[-97.77223,30.21024],[-97.77209,30.21026],[-97.77199,30.21028],[-97.77187,30.2103]]},"properties":{"name":"Williamson Creek","creek_type":"NATURAL_ROCKBED","reach_id":"WMS-7","watershed":"WMS","feature_kind":"waterway","source":"City of Austin Watershed Protection creek centerlines","retrieved_at":"2026-09-29T00:26:18.548370+00:00","access_claim":"none"}},{"type":"Feature","id":"coa-creek/2361338","geometry":{"type":"LineString","coordinates":[[-97.92587,30.28748],[-97.92586,30.28749],[-97.92582,30.28754],[-97.92581,30.28756],[-97.92579,30.28762],[-97.92577,30.28764],[-97.92576,30.28766],[-97.92574,30.28768],[-97.92571,30.2877],[-97.9257,30.2877],[-97.92567,30.28771],[-97.92563,30.28772],[-97.9256,30.28772],[-97.92556,30.28774],[-97.9255,30.28776],[-97.92547,30.28779],[-97.92546,30.2878],[-97.9254,30.28789],[-97.9253,30.28806],[-97.92529,30.28807],[-97.92526,30.28811],[-97.92521,30.28819]]},"properties":{"name":"Barton Creek","creek_type":"NATURAL_ALLUVIAL","reach_id":null,"watershed":"BAR","feature_kind":"waterway","source":"City of Austin Watershed Protection creek centerlines","retrieved_at":"2026-09-29T00:26:18.548370+00:00","access_claim":"none"}},{"type":"Feature","id":"coa-creek/2357211","geometry":{"type":"LineString","coordinates":[[-97.76405,30.16824],[-97.76403,30.16828]]},"properties":{"name":"Onion Creek","creek_type":"NATURAL_ROCKBED","reach_id":"ONI-8","watershed":"ONI","feature_kind":"waterway","source":"City of Austin Watershed Protection creek centerlines","retrieved_at":"2026-09-29T00:26:18.548370+00:00","access_claim":"none"}},{"type":"Feature","id":"coa-creek/2355946","geometry":{"type":"LineString","coordinates":[[-97.70834,30.41669],[-97.70837,30.41666],[-97.70841,30.4166],[-97.70845,30.41656],[-97.70853,30.41649],[-97.70858,30.41644],[-97.7087,30.41632],[-97.70876,30.41627],[-97.70883,30.41623],[-97.70887,30.41619],[-97.70892,30.41612],[-97.70897,30.41608],[-97.70907,30.41601],[-97.70911,30.41598],[-97.70919,30.41594],[-97.70928,30.4159],[-97.70933,30.41587],[-97.70939,30.41586],[-97.70948,30.41583],[-97.70958,30.4158],[-97.70968,30.41578],[-97.70975,30.41577],[-97.70983,30.41579],[-97.70984,30.4158],[-97.70985,30.41583]]},"properties":{"name":"Walnut Creek","creek_type":"NATURAL_ROCKBED","reach_id":"WLN-14","watershed":"WLN","feature_kind":"waterway","source":"City of Austin Watershed Protection creek centerlines","retrieved_at":"2026-09-29T00:26:18.548370+00:00","access_claim":"none"}},{"type":"Feature","id":"coa-creek/2351309","geometry":{"type":"LineString","coordinates":[[-97.81033,30.23974],[-97.8103,30.23973],[-97.8102,30.23968],[-97.81012,30.23963],[-97.81001,30.23958],[-97.8099,30.23953],[-97.80986,30.23951],[-97.80985,30.23951],[-97.80981,30.2395],[-97.80976,30.23951],[-97.80975,30.23951],[-97.80968,30.23952],[-97.80967,30.23952],[-97.80958,30.23953],[-97.80945,30.23954],[-97.80925,30.23957],[-97.80918,30.23959],[-97.80898,30.23966],[-97.80889,30.2397],[-97.80884,30.23973],[-97.80876,30.23979],[-97.80869,30.23984],[-97.80867,30.23988],[-97.80849,30.24008],[-97.80844,30.24015],[-97.8084,30.24019],[-97.80829,30.24025],[-97.80828,30.24026],[-97.80823,30.2403],[-97.80817,30.24033],[-97.80817,30.24034],[-97.80812,30.24038],[-97.80807,30.24043]]},"properties":{"name":"Barton Creek","creek_type":"NATURAL_ALLUVIAL","reach_id":"BAR-5","watershed":"BAR","feature_kind":"waterway","source":"City of Austin Watershed Protection creek centerlines","retrieved_at":"2026-09-29T00:26:18.548370+00:00","access_claim":"none"}},{"type":"Feature","id":"coa-creek/2346679","geometry":{"type":"LineString","coordinates":[[-97.70817,30.42269],[-97.70819,30.42263],[-97.70824,30.42248],[-97.70826,30.42244],[-97.70831,30.42228]]},"properties":{"name":"Walnut Creek","creek_type":"UNDERGROUND_CULVERT","reach_id":"WLN-14","watershed":"WLN","feature_kind":"waterway","source":"City of Austin Watershed Protection creek centerlines","retrieved_at":"2026-09-29T00:26:18.548370+00:00","access_claim":"none"}},{"type":"Feature","id":"coa-creek/2370933","geometry":{"type":"LineString","coordinates":[[-97.85231,30.28368],[-97.85238,30.2835],[-97.85241,30.28339],[-97.85244,30.28327],[-97.85245,30.28316],[-97.85248,30.28304],[-97.85251,30.28292],[-97.85253,30.28283],[-97.85252,30.28272],[-97.85251,30.28258],[-97.85251,30.2825],[-97.8525,30.28237],[-97.85247,30.28224],[-97.85243,30.28204],[-97.85241,30.28199],[-97.85239,30.28192],[-97.85237,30.28188],[-97.85236,30.28187],[-97.85235,30.28185],[-97.85234,30.28184],[-97.85233,30.28183],[-97.85232,30.28182],[-97.85231,30.28182],[-97.85229,30.28181],[-97.85226,30.28181],[-97.85224,30.28181],[-97.85221,30.2818],[-97.85217,30.2818],[-97.85211,30.28179],[-97.85206,30.28177],[-97.85201,30.28176],[-97.85198,30.28174],[-97.85194,30.28172],[-97.8519,30.28169],[-97.85186,30.28167],[-97.85182,30.28163],[-97.85179,30.28161],[-97.85177,30.28158],[-97.85174,30.28154],[-97.85174,30.28153],[-97.85173,30.28152],[-97.85171,30.28151],[-97.8517,30.28149],[-97.85169,30.28147],[-97.85168,30.28145],[-97.85168,30.28144],[-97.85167,30.28141],[-97.85162,30.28129],[-97.85162,30.28128],[-97.85159,30.28123],[-97.85152,30.28112],[-97.85149,30.28108],[-97.85146,30.28104],[-97.85144,30.28101],[-97.85139,30.28095],[-97.85135,30.2809],[-97.85129,30.28081],[-97.85121,30.28071],[-97.85121,30.2807]]},"properties":{"name":"Barton Creek","creek_type":"NATURAL_ROCKBED","reach_id":"BAR-7","watershed":"BAR","feature_kind":"waterway","source":"City of Austin Watershed Protection creek centerlines","retrieved_at":"2026-09-29T00:26:18.548370+00:00","access_claim":"none"}},{"type":"Feature","id":"coa-creek/2375896","geometry":{"type":"LineString","coordinates":[[-97.64882,30.33022],[-97.64877,30.3301]]},"properties":{"name":"Walnut Creek","creek_type":"NATURAL_ALLUVIAL","reach_id":"WLN-4","watershed":"WLN","feature_kind":"waterway","source":"City of Austin Watershed Protection creek centerlines","retrieved_at":"2026-09-29T00:26:18.548370+00:00","access_claim":"none"}},{"type":"Feature","id":"coa-creek/2381964","geometry":{"type":"LineString","coordinates":[[-97.87146,30.23505],[-97.87145,30.23505],[-97.87139,30.23503],[-97.87138,30.23503]]},"properties":{"name":"Williamson Creek","creek_type":"UNDERGROUND_CULVERT","reach_id":"WMS-12","watershed":"WMS","feature_kind":"waterway","source":"City of Austin Watershed Protection creek centerlines","retrieved_at":"2026-09-29T00:26:18.548370+00:00","access_claim":"none"}},{"type":"Feature","id":"coa-creek/2354049","geometry":{"type":"LineString","coordinates":[[-97.74883,30.31193],[-97.74887,30.31177],[-97.74895,30.3114],[-97.74899,30.311],[-97.74901,30.31077],[-97.74903,30.31054],[-97.74891,30.30977],[-97.74884,30.30927],[-97.74878,30.30902],[-97.74873,30.30877],[-97.74868,30.30862],[-97.74864,30.30848],[-97.74843,30.30805],[-97.74838,30.3079],[-97.74833,30.30773],[-97.74829,30.30763],[-97.74828,30.30757],[-97.74826,30.3075],[-97.74818,30.30737],[-97.74809,30.30725],[-97.74805,30.30723]]},"properties":{"name":"Shoal Creek","creek_type":"NATURAL_ALLUVIAL","reach_id":"SHL-7B","watershed":"SHL","feature_kind":"waterway","source":"City of Austin Watershed Protection creek centerlines","retrieved_at":"2026-09-29T00:26:18.548370+00:00","access_claim":"none"}},{"type":"Feature","id":"coa-creek/2363688","geometry":{"type":"LineString","coordinates":[[-97.89775,30.29849],[-97.89775,30.29849],[-97.89767,30.2984],[-97.89746,30.29817],[-97.8974,30.29809],[-97.89725,30.29788],[-97.89718,30.2978],[-97.89709,30.29767],[-97.89707,30.29764],[-97.89705,30.2976],[-97.89702,30.29752],[-97.89699,30.29733],[-97.89698,30.29724],[-97.89696,30.29711],[-97.89696,30.29705],[-97.89696,30.29697],[-97.897,30.29679],[-97.89703,30.29672],[-97.89706,30.29666],[-97.8972,30.2964],[-97.89728,30.29628],[-97.89733,30.29621],[-97.89742,30.29614],[-97.89747,30.2961],[-97.89755,30.29601],[-97.89765,30.29589],[-97.89772,30.29579],[-97.89779,30.29572],[-97.8979,30.2957],[-97.89798,30.29562],[-97.89804,30.29558],[-97.89807,30.29553],[-97.89814,30.2954],[-97.89822,30.29531],[-97.89837,30.2952],[-97.89882,30.29486],[-97.89892,30.29481],[-97.89916,30.29475],[-97.89927,30.29473]]},"properties":{"name":"Barton Creek","creek_type":"NATURAL_ALLUVIAL","reach_id":"BAR-9","watershed":"BAR","feature_kind":"waterway","source":"City of Austin Watershed Protection creek centerlines","retrieved_at":"2026-09-29T00:26:18.548370+00:00","access_claim":"none"}},{"type":"Feature","id":"coa-creek/2370918","geometry":{"type":"LineString","coordinates":[[-97.69497,30.40294],[-97.69484,30.40289],[-97.69473,30.40286],[-97.69462,30.40287],[-97.6945,30.4029],[-97.69442,30.40294],[-97.69436,30.40299],[-97.69424,30.40304],[-97.69414,30.40309],[-97.69405,30.40314],[-97.69389,30.4032],[-97.69371,30.40328],[-97.69349,30.40337],[-97.69318,30.40349],[-97.69301,30.40356],[-97.69293,30.40359],[-97.69282,30.40361],[-97.69273,30.40361],[-97.69261,30.4036],[-97.69244,30.40359],[-97.69236,30.40359],[-97.6923,30.4036],[-97.69223,30.40363],[-97.69216,30.40368],[-97.69209,30.40372],[-97.69197,30.40377],[-97.69191,30.40379],[-97.69176,30.40382],[-97.69165,30.40381],[-97.69157,30.4038],[-97.69149,30.40378],[-97.69143,30.40376],[-97.69139,30.40372],[-97.69135,30.40367],[-97.69133,30.40362],[-97.69129,30.4035],[-97.69119,30.40324],[-97.69117,30.40315],[-97.69115,30.40311],[-97.69114,30.40302],[-97.69114,30.40292],[-97.69118,30.40266],[-97.69119,30.4026],[-97.69121,30.40247],[-97.6912,30.40243],[-97.69115,30.4023],[-97.6911,30.40222],[-97.69107,30.4022],[-97.69104,30.40219],[-97.691,30.40217],[-97.69094,30.40216],[-97.69083,30.40212],[-97.69076,30.40209],[-97.69072,30.40207],[-97.69067,30.40204],[-97.69061,30.40197],[-97.69053,30.40188],[-97.69047,30.40184],[-97.69044,30.40181],[-97.69038,30.40176],[-97.69032,30.4017],[-97.69023,30.40163],[-97.69016,30.40159],[-97.69012,30.40157],[-97.69008,30.40155],[-97.68996,30.40148],[-97.68983,30.4014],[-97.68976,30.40137]]},"properties":{"name":"Walnut Creek","creek_type":"NATURAL_ALLUVIAL","reach_id":"WLN-11","watershed":"WLN","feature_kind":"waterway","source":"City of Austin Watershed Protection creek centerlines","retrieved_at":"2026-09-29T00:26:18.548370+00:00","access_claim":"none"}},{"type":"Feature","id":"coa-creek/2361868","geometry":{"type":"LineString","coordinates":[[-97.93226,30.27906],[-97.93227,30.27912],[-97.93227,30.27914],[-97.93231,30.27932],[-97.93233,30.27938],[-97.93235,30.27948],[-97.93238,30.27957],[-97.93241,30.27966],[-97.93245,30.27977],[-97.93246,30.27979],[-97.93247,30.27981],[-97.93249,30.27984],[-97.93251,30.27988],[-97.93254,30.27991],[-97.93261,30.27997],[-97.93269,30.28003],[-97.9327,30.28004],[-97.93271,30.28005],[-97.93273,30.28007],[-97.93274,30.28008],[-97.93276,30.2801],[-97.93281,30.28016],[-97.93283,30.28019],[-97.93291,30.28025],[-97.93297,30.28031],[-97.93318,30.28055],[-97.93322,30.2806],[-97.93328,30.28069],[-97.93333,30.28075],[-97.93335,30.28079],[-97.93343,30.28093],[-97.93351,30.28107],[-97.93355,30.28114],[-97.93358,30.28117],[-97.93362,30.28124],[-97.93363,30.28124]]},"properties":{"name":"Barton Creek","creek_type":"NATURAL_UNCLASSIFIED","reach_id":null,"watershed":"BAR","feature_kind":"waterway","source":"City of Austin Watershed Protection creek centerlines","retrieved_at":"2026-09-29T00:26:18.548370+00:00","access_claim":"none"}},{"type":"Feature","id":"coa-creek/2344318","geometry":{"type":"LineString","coordinates":[[-97.77498,30.39037],[-97.77491,30.39041]]},"properties":{"name":"Bull Creek","creek_type":"UNDERGROUND_CULVERT","reach_id":"BUL-7","watershed":"BUL","feature_kind":"waterway","source":"City of Austin Watershed Protection creek centerlines","retrieved_at":"2026-09-29T00:26:18.548370+00:00","access_claim":"none"}},{"type":"Feature","id":"coa-creek/2365183","geometry":{"type":"LineString","coordinates":[[-97.73368,30.44109],[-97.73366,30.44107],[-97.7336,30.44102],[-97.73355,30.44097],[-97.73348,30.44093],[-97.73341,30.44087],[-97.73335,30.44082],[-97.73328,30.44079],[-97.7332,30.44074],[-97.73314,30.44072],[-97.73309,30.4407],[-97.73307,30.44069]]},"properties":{"name":"Walnut Creek","creek_type":"NATURAL_UNCLASSIFIED","reach_id":"WLN-17","watershed":"WLN","feature_kind":"waterway","source":"City of Austin Watershed Protection creek centerlines","retrieved_at":"2026-09-29T00:26:18.548370+00:00","access_claim":"none"}},{"type":"Feature","id":"coa-creek/2325936","geometry":{"type":"LineString","coordinates":[[-97.84748,30.28753],[-97.84757,30.28747]]},"properties":{"name":"Barton Creek","creek_type":"ALTERED_STRUCTURAL","reach_id":"BAR-7","watershed":"BAR","feature_kind":"waterway","source":"City of Austin Watershed Protection creek centerlines","retrieved_at":"2026-09-29T00:26:18.548370+00:00","access_claim":"none"}},{"type":"Feature","id":"coa-creek/2358076","geometry":{"type":"LineString","coordinates":[[-97.78597,30.12989],[-97.78594,30.12987],[-97.78581,30.12977],[-97.78552,30.1296],[-97.78552,30.1296]]},"properties":{"name":"Onion Creek","creek_type":"NATURAL_ROCKBED","reach_id":"ONI-9","watershed":"ONI","feature_kind":"waterway","source":"City of Austin Watershed Protection creek centerlines","retrieved_at":"2026-09-29T00:26:18.548370+00:00","access_claim":"none"}},{"type":"Feature","id":"coa-creek/2379951","geometry":{"type":"LineString","coordinates":[[-97.78051,30.15481],[-97.7805,30.15483],[-97.78039,30.15513],[-97.78035,30.15522],[-97.7803,30.15535],[-97.78026,30.15555],[-97.78023,30.1557],[-97.78019,30.15593]]},"properties":{"name":"Onion Creek","creek_type":"NATURAL_ROCKBED","reach_id":"ONI-9","watershed":"ONI","feature_kind":"waterway","source":"City of Austin Watershed Protection creek centerlines","retrieved_at":"2026-09-29T00:26:18.548370+00:00","access_claim":"none"}},{"type":"Feature","id":"coa-creek/2360938","geometry":{"type":"LineString","coordinates":[[-97.90016,30.28934],[-97.90003,30.28933],[-97.90001,30.28933],[-97.89989,30.28931],[-97.89987,30.28931]]},"properties":{"name":"Barton Creek","creek_type":"NATURAL_ALLUVIAL","reach_id":"BAR-9","watershed":"BAR","feature_kind":"waterway","source":"City of Austin Watershed Protection creek centerlines","retrieved_at":"2026-09-29T00:26:18.548370+00:00","access_claim":"none"}},{"type":"Feature","id":"coa-creek/2375191","geometry":{"type":"LineString","coordinates":[[-97.71162,30.43153],[-97.71158,30.43143],[-97.71154,30.43131],[-97.71152,30.43124],[-97.71149,30.43115],[-97.71147,30.43099],[-97.71148,30.43079],[-97.71154,30.4306],[-97.71162,30.43045],[-97.71165,30.43039],[-97.71173,30.43025],[-97.71182,30.43007],[-97.71191,30.42994],[-97.71196,30.42988],[-97.71199,30.42984],[-97.71204,30.42978],[-97.71205,30.42975],[-97.71211,30.42963],[-97.71213,30.4296],[-97.7122,30.42947],[-97.71224,30.42938],[-97.71227,30.42928],[-97.71229,30.42914],[-97.71227,30.42907],[-97.71221,30.42899],[-97.71206,30.42888],[-97.71184,30.42871],[-97.71172,30.42855],[-97.71157,30.42842],[-97.71138,30.42826],[-97.71116,30.4281],[-97.71102,30.428],[-97.71091,30.42795],[-97.71079,30.42791],[-97.71064,30.42785],[-97.71051,30.42779],[-97.7104,30.42771],[-97.71028,30.42762],[-97.71016,30.4275],[-97.71013,30.42746],[-97.71008,30.42736],[-97.71003,30.42726],[-97.71004,30.42721],[-97.71006,30.4271],[-97.71006,30.42697],[-97.71004,30.42689],[-97.71003,30.42677],[-97.71005,30.42666],[-97.71008,30.42657],[-97.7101,30.42649],[-97.71011,30.42634],[-97.71009,30.42624],[-97.71005,30.42615],[-97.70999,30.42602],[-97.70995,30.42591],[-97.7099,30.42583],[-97.70986,30.42578],[-97.70975,30.42566],[-97.70963,30.42557],[-97.70953,30.4255],[-97.70939,30.42545],[-97.70927,30.42542],[-97.7092,30.42541],[-97.70905,30.42538],[-97.70892,30.42536],[-97.70877,30.42534],[-97.7087,30.42535],[-97.70859,30.42535],[-97.70843,30.42536],[-97.70834,30.42536],[-97.70823,30.42535],[-97.7081,30.42535],[-97.70795,30.42536],[-97.70785,30.42536],[-97.70777,30.42533],[-97.70764,30.42531],[-97.70757,30.42528],[-97.70753,30.42525],[-97.70747,30.42515],[-97.70744,30.42507],[-97.70744,30.42501],[-97.70745,30.42481],[-97.70747,30.4247],[-97.70749,30.42457],[-97.70754,30.42443],[-97.70759,30.4243],[-97.70761,30.42422]]},"properties":{"name":"Walnut Creek","creek_type":"NATURAL_ROCKBED","reach_id":"WLN-15","watershed":"WLN","feature_kind":"waterway","source":"City of Austin Watershed Protection creek centerlines","retrieved_at":"2026-09-29T00:26:18.548370+00:00","access_claim":"none"}},{"type":"Feature","id":"coa-creek/2364621","geometry":{"type":"LineString","coordinates":[[-97.82411,30.10436],[-97.82402,30.10432],[-97.82386,30.10425],[-97.82379,30.10425],[-97.82369,30.10427],[-97.82361,30.10431],[-97.82352,30.10435],[-97.82344,30.10435],[-97.82321,30.10434],[-97.82282,30.10432],[-97.8228,30.10432],[-97.82275,30.10432],[-97.8227,30.10432],[-97.82264,30.10431],[-97.82261,30.1043],[-97.82245,30.10427],[-97.82229,30.10421],[-97.82216,30.10416],[-97.8221,30.10414],[-97.82204,30.10413],[-97.82199,30.10414],[-97.82188,30.10413],[-97.82177,30.10412],[-97.82158,30.10409],[-97.82122,30.10403],[-97.82108,30.10404],[-97.82091,30.10409]]},"properties":{"name":"Onion Creek","creek_type":"NATURAL_ROCKBED","reach_id":null,"watershed":"ONI","feature_kind":"waterway","source":"City of Austin Watershed Protection creek centerlines","retrieved_at":"2026-09-29T00:26:18.548370+00:00","access_claim":"none"}},{"type":"Feature","id":"coa-creek/2361742","geometry":{"type":"LineString","coordinates":[[-97.87629,30.29898],[-97.87624,30.29899],[-97.87622,30.29899],[-97.8762,30.29899],[-97.87618,30.29899],[-97.87616,30.29899],[-97.87614,30.29899],[-97.87612,30.29899],[-97.87601,30.29897],[-97.87598,30.29897],[-97.87594,30.29895],[-97.87594,30.29895],[-97.87592,30.29895],[-97.8759,30.29894],[-97.87587,30.29894],[-97.87585,30.29893],[-97.87583,30.29893],[-97.87581,30.29892],[-97.87579,30.29892],[-97.87577,30.29891],[-97.87576,30.29891],[-97.87573,30.29889],[-97.8757,30.29888],[-97.87564,30.29884],[-97.87562,30.29882],[-97.87558,30.2988],[-97.87557,30.29879],[-97.87555,30.29879],[-97.87551,30.29877],[-97.87547,30.29876],[-97.87544,30.29874],[-97.87541,30.29873],[-97.87539,30.29872],[-97.87526,30.29866],[-97.87522,30.29864],[-97.87515,30.29861],[-97.87512,30.29859],[-97.87505,30.29855],[-97.87502,30.29854],[-97.87499,30.29852],[-97.87496,30.29851],[-97.8749,30.29847],[-97.87487,30.29844],[-97.87483,30.29841],[-97.8748,30.29839],[-97.87477,30.29837],[-97.87474,30.29835],[-97.87471,30.29831],[-97.8747,30.2983],[-97.87469,30.29829],[-97.87462,30.29817],[-97.87459,30.29813],[-97.87456,30.2981],[-97.87452,30.29806],[-97.87448,30.29803],[-97.87446,30.29802],[-97.87443,30.29801],[-97.87439,30.29799],[-97.87437,30.29798],[-97.87433,30.29796],[-97.87426,30.29792],[-97.87414,30.29786],[-97.87402,30.29779],[-97.87396,30.29775],[-97.87392,30.29772],[-97.87389,30.2977],[-97.87386,30.29768],[-97.87382,30.29765],[-97.87379,30.29762],[-97.87377,30.2976],[-97.87369,30.29754],[-97.87362,30.2975],[-97.87356,30.29746],[-97.8735,30.29743],[-97.87342,30.2974],[-97.87341,30.29739],[-97.87332,30.29735],[-97.87327,30.29733],[-97.87321,30.29731],[-97.87313,30.29729],[-97.87308,30.29728],[-97.87294,30.29729],[-97.87279,30.29729],[-97.8727,30.29728],[-97.87266,30.29728],[-97.8726,30.29727],[-97.8725,30.29725],[-97.87242,30.29723],[-97.87229,30.29721],[-97.87215,30.29718],[-97.87208,30.29717],[-97.87173,30.29714],[-97.8715,30.29713],[-97.87132,30.29713],[-97.87122,30.29713],[-97.87091,30.29716],[-97.87076,30.29718],[-97.87069,30.29719],[-97.8706,30.29721],[-97.87057,30.29722],[-97.87051,30.29726],[-97.87046,30.29729],[-97.87041,30.29734],[-97.87039,30.29736],[-97.87031,30.29748],[-97.87024,30.29762],[-97.87021,30.29768],[-97.87017,30.29775],[-97.87017,30.29776],[-97.87015,30.29778],[-97.87015,30.29779],[-97.87013,30.2978],[-97.87003,30.29789],[-97.87,30.29792],[-97.86997,30.29795],[-97.86996,30.29796],[-97.86995,30.29797],[-97.86993,30.29802],[-97.86992,30.29802],[-97.86992,30.29805],[-97.86991,30.29805],[-97.86991,30.29807],[-97.8699,30.29813],[-97.86989,30.29814],[-97.86989,30.29815],[-97.86984,30.29821],[-97.86982,30.29824],[-97.86979,30.29827],[-97.86977,30.29829],[-97.86975,30.29831],[-97.86972,30.29836],[-97.86971,30.29837],[-97.8697,30.29838],[-97.86969,30.29839],[-97.86968,30.2984],[-97.86965,30.29841],[-97.8696,30.29842],[-97.86958,30.29843],[-97.86954,30.29845],[-97.86947,30.29849],[-97.86943,30.29852],[-97.8694,30.29854],[-97.86938,30.29855],[-97.86937,30.29857],[-97.86937,30.29857],[-97.86935,30.29859],[-97.86935,30.2986],[-97.86932,30.29869],[-97.8693,30.29874],[-97.86925,30.29883],[-97.86922,30.2989],[-97.86909,30.29925],[-97.86895,30.29962],[-97.86885,30.29981],[-97.86877,30.29995],[-97.86873,30.30001],[-97.86861,30.30018],[-97.86842,30.3004],[-97.86837,30.30046],[-97.86832,30.30052],[-97.86829,30.30057],[-97.8682,30.3007],[-97.86816,30.30077],[-97.86812,30.30085],[-97.86808,30.30096],[-97.86804,30.30107],[-97.86803,30.3011],[-97.86802,30.30113],[-97.86801,30.30116],[-97.86801,30.30119],[-97.86802,30.30126],[-97.86802,30.30135],[-97.86803,30.3014],[-97.86804,30.30146],[-97.86806,30.30152],[-97.86807,30.30154],[-97.86809,30.30157],[-97.86813,30.30162],[-97.86815,30.30164],[-97.86816,30.30164],[-97.86817,30.30165],[-97.86819,30.30166],[-97.8682,30.30167],[-97.86821,30.30167],[-97.86824,30.30167],[-97.86829,30.30168],[-97.86833,30.30168],[-97.86838,30.30168],[-97.86844,30.3017],[-97.86846,30.30171],[-97.86849,30.30172],[-97.86853,30.30174],[-97.86856,30.30176],[-97.86857,30.30178],[-97.86858,30.30179],[-97.86858,30.3018],[-97.86859,30.30182],[-97.86859,30.30187],[-97.86858,30.3019],[-97.86857,30.30194],[-97.86855,30.30198],[-97.86854,30.30201],[-97.86854,30.30205],[-97.86854,30.3021],[-97.86854,30.30212],[-97.86854,30.30215],[-97.86856,30.3022],[-97.86856,30.30223],[-97.86856,30.30228],[-97.86856,30.3023],[-97.86855,30.30233],[-97.86854,30.30235],[-97.86853,30.30238],[-97.86851,30.30242],[-97.86849,30.30245],[-97.86848,30.30247],[-97.86847,30.30249],[-97.86845,30.30254],[-97.86842,30.30263],[-97.86842,30.30267],[-97.86842,30.30287],[-97.86843,30.30291],[-97.86845,30.30311],[-97.86845,30.30315],[-97.86845,30.30319],[-97.86845,30.30319]]},"properties":{"name":"Barton Creek","creek_type":"NATURAL_ALLUVIAL","reach_id":"BAR-8","watershed":"BAR","feature_kind":"waterway","source":"City of Austin Watershed Protection creek centerlines","retrieved_at":"2026-09-29T00:26:18.548370+00:00","access_claim":"none"}},{"type":"Feature","id":"coa-creek/2364565","geometry":{"type":"LineString","coordinates":[[-97.88242,30.2866],[-97.88236,30.28663],[-97.88225,30.28669],[-97.88215,30.28674],[-97.88206,30.2868],[-97.88194,30.28687],[-97.88188,30.28691],[-97.88183,30.28694],[-97.88175,30.28702],[-97.8817,30.28707],[-97.88164,30.28714],[-97.88159,30.28721],[-97.88156,30.28724],[-97.88148,30.28732],[-97.88141,30.28741],[-97.88138,30.28743],[-97.88137,30.28744],[-97.88135,30.28745],[-97.88134,30.28746],[-97.88132,30.28747],[-97.8813,30.28747],[-97.88127,30.28748],[-97.88125,30.28749],[-97.88121,30.2875],[-97.88119,30.2875],[-97.88117,30.2875],[-97.88113,30.2875],[-97.8811,30.2875],[-97.88108,30.2875],[-97.88107,30.2875],[-97.88104,30.2875],[-97.88102,30.2875]]},"properties":{"name":"Barton Creek","creek_type":"NATURAL_ALLUVIAL","reach_id":"BAR-9","watershed":"BAR","feature_kind":"waterway","source":"City of Austin Watershed Protection creek centerlines","retrieved_at":"2026-09-29T00:26:18.548370+00:00","access_claim":"none"}},{"type":"Feature","id":"coa-creek/2332030","geometry":{"type":"LineString","coordinates":[[-97.73271,30.18949],[-97.73258,30.18955],[-97.73223,30.18972],[-97.73164,30.19002],[-97.73123,30.19022],[-97.73068,30.19047],[-97.73026,30.19067],[-97.73004,30.19075],[-97.72989,30.1908],[-97.72966,30.19085],[-97.72958,30.19085],[-97.7295,30.19085],[-97.72943,30.19083],[-97.72921,30.19074],[-97.72912,30.19068],[-97.72908,30.19064],[-97.72901,30.19057],[-97.72895,30.19053],[-97.72884,30.1905],[-97.72867,30.19048],[-97.72849,30.19046],[-97.72831,30.19043],[-97.72825,30.19041],[-97.72794,30.19035],[-97.72779,30.19031],[-97.72757,30.1902],[-97.72746,30.19016]]},"properties":{"name":"Williamson Creek","creek_type":"NATURAL_ALLUVIAL","reach_id":"WMS-3","watershed":"WMS","feature_kind":"waterway","source":"City of Austin Watershed Protection creek centerlines","retrieved_at":"2026-09-29T00:26:18.548370+00:00","access_claim":"none"}},{"type":"Feature","id":"coa-creek/2379819","geometry":{"type":"LineString","coordinates":[[-97.79349,30.40871],[-97.7935,30.40859],[-97.79352,30.40847],[-97.79351,30.40836],[-97.7935,30.40828],[-97.79348,30.40809],[-97.79346,30.40802],[-97.79345,30.40795],[-97.79347,30.40781],[-97.79345,30.40761],[-97.79346,30.40754],[-97.79347,30.40747],[-97.79349,30.4074],[-97.79349,30.40736],[-97.79348,30.40727],[-97.79345,30.40721],[-97.79345,30.40713],[-97.79346,30.40703],[-97.79347,30.40688],[-97.7935,30.40674],[-97.79351,30.40663],[-97.79353,30.40653],[-97.79354,30.40645],[-97.79353,30.40631],[-97.79354,30.40615],[-97.79355,30.4061],[-97.79357,30.406],[-97.79356,30.40583]]},"properties":{"name":"Bull Creek","creek_type":"NATURAL_ROCKBED","reach_id":"BUL-8","watershed":"BUL","feature_kind":"waterway","source":"City of Austin Watershed Protection creek centerlines","retrieved_at":"2026-09-29T00:26:18.548370+00:00","access_claim":"none"}},{"type":"Feature","id":"coa-creek/2363359","geometry":{"type":"LineString","coordinates":[[-97.85571,30.30506],[-97.85565,30.30505],[-97.85564,30.30505],[-97.85562,30.30504],[-97.85561,30.30504],[-97.8556,30.30503],[-97.85558,30.30502],[-97.85547,30.30497]]},"properties":{"name":"Barton Creek","creek_type":"NATURAL_UNCLASSIFIED","reach_id":null,"watershed":"BAR","feature_kind":"waterway","source":"City of Austin Watershed Protection creek centerlines","retrieved_at":"2026-09-29T00:26:18.548370+00:00","access_claim":"none"}},{"type":"Feature","id":"coa-creek/2375577","geometry":{"type":"LineString","coordinates":[[-97.72117,30.43694],[-97.72111,30.43692],[-97.72104,30.4369],[-97.72095,30.43686]]},"properties":{"name":"Walnut Creek","creek_type":"NATURAL_ALLUVIAL","reach_id":"WLN-16","watershed":"WLN","feature_kind":"waterway","source":"City of Austin Watershed Protection creek centerlines","retrieved_at":"2026-09-29T00:26:18.548370+00:00","access_claim":"none"}},{"type":"Feature","id":"coa-creek/2364015","geometry":{"type":"LineString","coordinates":[[-97.75631,30.22398],[-97.75627,30.22402],[-97.75625,30.22406],[-97.75624,30.22409],[-97.75623,30.22415]]},"properties":{"name":"Blunn Creek","creek_type":"NATURAL_ALLUVIAL","reach_id":"BLU-5","watershed":"BLU","feature_kind":"waterway","source":"City of Austin Watershed Protection creek centerlines","retrieved_at":"2026-09-29T00:26:18.548370+00:00","access_claim":"none"}},{"type":"Feature","id":"coa-creek/2349801","geometry":{"type":"LineString","coordinates":[[-97.64839,30.17857],[-97.64834,30.17859],[-97.64828,30.17863],[-97.64818,30.1787],[-97.64806,30.1788],[-97.64799,30.17891],[-97.64788,30.17911],[-97.64782,30.17927],[-97.64782,30.17946],[-97.6478,30.17959],[-97.64776,30.17972],[-97.64751,30.18016],[-97.64748,30.1803],[-97.64746,30.18042],[-97.64747,30.18059],[-97.64757,30.18109],[-97.6476,30.18134],[-97.64759,30.18153],[-97.64757,30.18174],[-97.64755,30.18191],[-97.64748,30.1821],[-97.64744,30.18236],[-97.64736,30.18291],[-97.64737,30.18307],[-97.64741,30.1834],[-97.64747,30.18361],[-97.64757,30.18381],[-97.64768,30.18398],[-97.64781,30.1841],[-97.64791,30.18416],[-97.64807,30.18422],[-97.64812,30.18425]]},"properties":{"name":"Onion Creek","creek_type":"NATURAL_ALLUVIAL","reach_id":"ONI-1","watershed":"ONI","feature_kind":"waterway","source":"City of Austin Watershed Protection creek centerlines","retrieved_at":"2026-09-29T00:26:18.548370+00:00","access_claim":"none"}},{"type":"Feature","id":"coa-creek/2374401","geometry":{"type":"LineString","coordinates":[[-97.71653,30.43461],[-97.71647,30.43447],[-97.71635,30.43423],[-97.71624,30.4341],[-97.71613,30.43397],[-97.71604,30.4339],[-97.71596,30.4338],[-97.7159,30.43369],[-97.71585,30.43362],[-97.71572,30.43353],[-97.7156,30.43348],[-97.71548,30.43341],[-97.71535,30.43334],[-97.71525,30.43331],[-97.71518,30.43329],[-97.71512,30.43325],[-97.71501,30.43317],[-97.71492,30.43313],[-97.7148,30.43308],[-97.71466,30.43301],[-97.71457,30.43295],[-97.71448,30.43287],[-97.71439,30.43277],[-97.71429,30.43268],[-97.7142,30.43257],[-97.71411,30.43246],[-97.71404,30.43236],[-97.71399,30.43227],[-97.71395,30.4322],[-97.71387,30.4321],[-97.71379,30.43204],[-97.71362,30.43191],[-97.71354,30.43185],[-97.71342,30.43182],[-97.71331,30.43179],[-97.71323,30.43175],[-97.7131,30.43173],[-97.71289,30.43172],[-97.71272,30.43172],[-97.71261,30.43173],[-97.71254,30.43176]]},"properties":{"name":"Walnut Creek","creek_type":"NATURAL_ALLUVIAL","reach_id":"WLN-16","watershed":"WLN","feature_kind":"waterway","source":"City of Austin Watershed Protection creek centerlines","retrieved_at":"2026-09-29T00:26:18.548370+00:00","access_claim":"none"}},{"type":"Feature","id":"coa-creek/2380969","geometry":{"type":"LineString","coordinates":[[-97.91356,30.24549],[-97.91339,30.24535],[-97.91319,30.2452],[-97.91315,30.24517],[-97.9131,30.24511],[-97.91299,30.24504],[-97.91292,30.24499],[-97.91284,30.24492],[-97.91276,30.24486],[-97.91269,30.2448],[-97.91262,30.24475],[-97.91256,30.2447],[-97.91244,30.24463],[-97.91236,30.24458],[-97.9123,30.24454],[-97.91224,30.24449],[-97.91222,30.24447],[-97.9122,30.24444],[-97.91218,30.24442],[-97.91214,30.24438],[-97.91211,30.24436],[-97.91207,30.24434],[-97.91202,30.2443],[-97.91198,30.24427],[-97.91194,30.24425],[-97.9119,30.24422],[-97.91188,30.24421],[-97.91184,30.2442],[-97.91173,30.2442],[-97.91162,30.24416]]},"properties":{"name":"Williamson Creek","creek_type":"NATURAL_UNCLASSIFIED","reach_id":null,"watershed":"WMS","feature_kind":"waterway","source":"City of Austin Watershed Protection creek centerlines","retrieved_at":"2026-09-29T00:26:18.548370+00:00","access_claim":"none"}},{"type":"Feature","id":"coa-creek/2362193","geometry":{"type":"LineString","coordinates":[[-97.7479,30.23666],[-97.74782,30.23669],[-97.74781,30.23669]]},"properties":{"name":"Blunn Creek","creek_type":"NATURAL_ALLUVIAL","reach_id":"BLU-3","watershed":"BLU","feature_kind":"waterway","source":"City of Austin Watershed Protection creek centerlines","retrieved_at":"2026-09-29T00:26:18.548370+00:00","access_claim":"none"}},{"type":"Feature","id":"coa-creek/2352989","geometry":{"type":"LineString","coordinates":[[-97.73949,30.36027],[-97.73954,30.36023],[-97.73955,30.36019],[-97.73956,30.36014],[-97.73956,30.36005],[-97.73955,30.35975],[-97.73954,30.35952],[-97.73954,30.35943],[-97.73952,30.35895],[-97.73951,30.35882],[-97.7395,30.35874],[-97.7395,30.35868],[-97.7395,30.35864],[-97.7395,30.35858],[-97.7395,30.35855],[-97.7395,30.3585],[-97.7395,30.35841],[-97.7395,30.35834],[-97.73949,30.3582]]},"properties":{"name":"Shoal Creek","creek_type":"NATURAL_ROCKBED","reach_id":"SHL-14","watershed":"SHL","feature_kind":"waterway","source":"City of Austin Watershed Protection creek centerlines","retrieved_at":"2026-09-29T00:26:18.548370+00:00","access_claim":"none"}},{"type":"Feature","id":"coa-creek/2375899","geometry":{"type":"LineString","coordinates":[[-97.64879,30.32791],[-97.64876,30.32806],[-97.64877,30.32814],[-97.64884,30.32818]]},"properties":{"name":"Walnut Creek","creek_type":"NATURAL_ALLUVIAL","reach_id":"WLN-4","watershed":"WLN","feature_kind":"waterway","source":"City of Austin Watershed Protection creek centerlines","retrieved_at":"2026-09-29T00:26:18.548370+00:00","access_claim":"none"}},{"type":"Feature","id":"coa-creek/2361226","geometry":{"type":"LineString","coordinates":[[-97.91873,30.28923],[-97.91882,30.28933],[-97.91892,30.28944],[-97.91906,30.28959],[-97.9191,30.28964],[-97.91916,30.28969],[-97.91921,30.28973],[-97.91934,30.28983],[-97.91946,30.28992],[-97.9195,30.28996],[-97.91953,30.28998],[-97.91954,30.28998],[-97.91959,30.29001],[-97.91961,30.29003]]},"properties":{"name":"Barton Creek","creek_type":"NATURAL_ALLUVIAL","reach_id":null,"watershed":"BAR","feature_kind":"waterway","source":"City of Austin Watershed Protection creek centerlines","retrieved_at":"2026-09-29T00:26:18.548370+00:00","access_claim":"none"}},{"type":"Feature","id":"coa-creek/2334161","geometry":{"type":"LineString","coordinates":[[-97.68498,30.39801],[-97.68493,30.39799],[-97.68482,30.39795],[-97.68471,30.39791],[-97.68462,30.39788],[-97.68452,30.39784],[-97.68447,30.39781],[-97.68442,30.39779],[-97.68436,30.39775],[-97.68432,30.39772],[-97.68423,30.39763],[-97.68415,30.39755],[-97.68413,30.39753],[-97.68409,30.39748],[-97.68398,30.39739],[-97.68388,30.39731],[-97.68383,30.39727],[-97.68375,30.39721],[-97.6837,30.39716],[-97.68367,30.39713],[-97.68364,30.39709],[-97.6836,30.39704],[-97.68357,30.39699],[-97.68357,30.39696],[-97.68356,30.39688],[-97.68355,30.39681],[-97.68356,30.39676],[-97.6836,30.39668],[-97.68368,30.39654],[-97.68374,30.39642],[-97.68376,30.39639],[-97.68378,30.39637],[-97.68385,30.39629],[-97.68393,30.39622],[-97.684,30.39616],[-97.6841,30.39608],[-97.68424,30.39598],[-97.68428,30.39592],[-97.68432,30.39587],[-97.68436,30.39582],[-97.6844,30.39578],[-97.68445,30.39573],[-97.68449,30.39569],[-97.68452,30.39564],[-97.68454,30.3956],[-97.68456,30.39554],[-97.68458,30.39546],[-97.68459,30.39536],[-97.6846,30.3953],[-97.68459,30.39521],[-97.68458,30.3951],[-97.68456,30.39506],[-97.68454,30.39502],[-97.68453,30.395],[-97.68446,30.39494],[-97.68442,30.39491],[-97.68438,30.39488],[-97.68435,30.39485],[-97.68432,30.39482],[-97.68428,30.39479],[-97.68425,30.39478],[-97.68421,30.39478],[-97.68416,30.39478],[-97.68406,30.3948],[-97.68403,30.39481],[-97.68396,30.39483],[-97.68391,30.39485],[-97.68379,30.39489],[-97.68362,30.39493],[-97.68353,30.39495],[-97.68347,30.39497],[-97.68343,30.39498],[-97.68335,30.39499],[-97.6833,30.39499],[-97.68302,30.39504],[-97.68282,30.39508],[-97.68267,30.39511],[-97.68263,30.39512],[-97.68259,30.39513],[-97.68257,30.39513],[-97.68252,30.39514],[-97.68248,30.39516],[-97.68241,30.39517],[-97.68237,30.39518],[-97.68234,30.39519]]},"properties":{"name":"Walnut Creek","creek_type":"NATURAL_ROCKBED","reach_id":"WLN-10","watershed":"WLN","feature_kind":"waterway","source":"City of Austin Watershed Protection creek centerlines","retrieved_at":"2026-09-29T00:26:18.548370+00:00","access_claim":"none"}},{"type":"Feature","id":"coa-creek/2361230","geometry":{"type":"LineString","coordinates":[[-97.9186,30.28903],[-97.9186,30.28904],[-97.91862,30.28908],[-97.91862,30.28909],[-97.91864,30.28913],[-97.91867,30.28917],[-97.91868,30.28919],[-97.91872,30.28922],[-97.91873,30.28923]]},"properties":{"name":"Barton Creek","creek_type":"NATURAL_ALLUVIAL","reach_id":null,"watershed":"BAR","feature_kind":"waterway","source":"City of Austin Watershed Protection creek centerlines","retrieved_at":"2026-09-29T00:26:18.548370+00:00","access_claim":"none"}},{"type":"Feature","id":"coa-creek/2364908","geometry":{"type":"LineString","coordinates":[[-97.74805,30.30723],[-97.74805,30.30722],[-97.74794,30.30716],[-97.7479,30.30713],[-97.74789,30.30712],[-97.74787,30.30708],[-97.74785,30.30704],[-97.74783,30.30699],[-97.74778,30.30688],[-97.74772,30.30673],[-97.74764,30.30657],[-97.74758,30.30644],[-97.74751,30.3063],[-97.74749,30.30625],[-97.74747,30.30618],[-97.74745,30.3061],[-97.74744,30.30606]]},"properties":{"name":"Shoal Creek","creek_type":"NATURAL_ALLUVIAL","reach_id":"SHL-7A","watershed":"SHL","feature_kind":"waterway","source":"City of Austin Watershed Protection creek centerlines","retrieved_at":"2026-09-29T00:26:18.548370+00:00","access_claim":"none"}},{"type":"Feature","id":"coa-creek/2351492","geometry":{"type":"LineString","coordinates":[[-97.82666,30.10113],[-97.82697,30.10135],[-97.82706,30.10142],[-97.82743,30.10159],[-97.82751,30.1016],[-97.82761,30.10162],[-97.8277,30.10163],[-97.82776,30.10164],[-97.82782,30.10166],[-97.82787,30.10167],[-97.82794,30.1017],[-97.82801,30.10173],[-97.82808,30.10174],[-97.82814,30.10175],[-97.82821,30.10177],[-97.82837,30.10187],[-97.82852,30.10199],[-97.82858,30.10206],[-97.82862,30.10208],[-97.82869,30.10212],[-97.82882,30.10223],[-97.82891,30.10229],[-97.82896,30.10233],[-97.82898,30.10237],[-97.82901,30.10243],[-97.82904,30.10248],[-97.82908,30.10255],[-97.82912,30.10259],[-97.82915,30.10264],[-97.82917,30.10272],[-97.82918,30.10279],[-97.82918,30.10285],[-97.82919,30.10292],[-97.82923,30.1032],[-97.82929,30.10338],[-97.82932,30.1036],[-97.82928,30.10372],[-97.82924,30.10383],[-97.82922,30.10392],[-97.82918,30.10406],[-97.82906,30.10436],[-97.82898,30.10448],[-97.82877,30.10468],[-97.82849,30.10489],[-97.82818,30.10514],[-97.82789,30.10524],[-97.82739,30.10531],[-97.82706,30.10533],[-97.82656,30.10525],[-97.82586,30.10515],[-97.82541,30.10506],[-97.82497,30.10493],[-97.82445,30.10459],[-97.82425,30.10442],[-97.82411,30.10436]]},"properties":{"name":"Onion Creek","creek_type":"NATURAL_ROCKBED","reach_id":null,"watershed":"ONI","feature_kind":"waterway","source":"City of Austin Watershed Protection creek centerlines","retrieved_at":"2026-09-29T00:26:18.548370+00:00","access_claim":"none"}},{"type":"Feature","id":"coa-creek/2364605","geometry":{"type":"LineString","coordinates":[[-97.88477,30.28755],[-97.88458,30.28738],[-97.88439,30.28719],[-97.88425,30.28704],[-97.88423,30.28701],[-97.88421,30.28697]]},"properties":{"name":"Barton Creek","creek_type":"NATURAL_ALLUVIAL","reach_id":"BAR-9","watershed":"BAR","feature_kind":"waterway","source":"City of Austin Watershed Protection creek centerlines","retrieved_at":"2026-09-29T00:26:18.548370+00:00","access_claim":"none"}},{"type":"Feature","id":"coa-creek/2359735","geometry":{"type":"LineString","coordinates":[[-97.77789,30.14482],[-97.77766,30.14481],[-97.77748,30.14479],[-97.77733,30.14477],[-97.77727,30.14474],[-97.77726,30.14473]]},"properties":{"name":"Onion Creek","creek_type":"NATURAL_ROCKBED","reach_id":"ONI-9","watershed":"ONI","feature_kind":"waterway","source":"City of Austin Watershed Protection creek centerlines","retrieved_at":"2026-09-29T00:26:18.548370+00:00","access_claim":"none"}},{"type":"Feature","id":"coa-creek/2363263","geometry":{"type":"LineString","coordinates":[[-97.77079,30.20558],[-97.77076,30.20543],[-97.77068,30.20511],[-97.7706,30.20492],[-97.77049,30.20483],[-97.7704,30.20466],[-97.77022,30.20456],[-97.76924,30.20428],[-97.76867,30.20417],[-97.7684,30.20414],[-97.76828,30.20409],[-97.76809,30.20411],[-97.76788,30.20413],[-97.76752,30.20399],[-97.76747,30.20394],[-97.76747,30.20386],[-97.76747,30.20382]]},"properties":{"name":"Williamson Creek","creek_type":"NATURAL_ALLUVIAL","reach_id":"WMS-5","watershed":"WMS","feature_kind":"waterway","source":"City of Austin Watershed Protection creek centerlines","retrieved_at":"2026-09-29T00:26:18.548370+00:00","access_claim":"none"}},{"type":"Feature","id":"coa-creek/2381542","geometry":{"type":"LineString","coordinates":[[-97.77769,30.15115],[-97.7777,30.15115],[-97.77794,30.15115],[-97.77827,30.15115],[-97.7784,30.15113],[-97.77863,30.15107]]},"properties":{"name":"Onion Creek","creek_type":"NATURAL_ROCKBED","reach_id":"ONI-9","watershed":"ONI","feature_kind":"waterway","source":"City of Austin Watershed Protection creek centerlines","retrieved_at":"2026-09-29T00:26:18.548370+00:00","access_claim":"none"}},{"type":"Feature","id":"coa-creek/2367330","geometry":{"type":"LineString","coordinates":[[-97.78916,30.36367],[-97.78906,30.36319],[-97.78903,30.36302],[-97.78901,30.3629],[-97.78898,30.36279],[-97.78897,30.36277],[-97.78894,30.36275],[-97.78888,30.36271],[-97.78885,30.36268],[-97.78883,30.36265],[-97.78883,30.36263],[-97.78882,30.3626],[-97.78882,30.36255],[-97.78883,30.36251],[-97.78884,30.36246],[-97.78885,30.36244],[-97.78886,30.36241],[-97.78887,30.36235],[-97.78887,30.3623],[-97.78887,30.36227],[-97.78885,30.3622],[-97.78871,30.36174],[-97.78866,30.36157],[-97.78861,30.36143],[-97.78853,30.36125],[-97.78846,30.36106],[-97.78839,30.36081],[-97.78835,30.36072],[-97.78833,30.36068],[-97.78829,30.36063],[-97.78827,30.36061],[-97.78826,30.36058],[-97.78825,30.36055],[-97.78824,30.36042],[-97.78822,30.36035],[-97.78818,30.3601],[-97.78816,30.35995],[-97.78816,30.35981],[-97.78816,30.35979]]},"properties":{"name":"Bull Creek","creek_type":"NATURAL_ROCKBED","reach_id":"BUL-2","watershed":"BUL","feature_kind":"waterway","source":"City of Austin Watershed Protection creek centerlines","retrieved_at":"2026-09-29T00:26:18.548370+00:00","access_claim":"none"}},{"type":"Feature","id":"coa-creek/2363346","geometry":{"type":"LineString","coordinates":[[-97.74748,30.29308],[-97.74747,30.29305],[-97.74746,30.293],[-97.74743,30.29286],[-97.74743,30.29282],[-97.74743,30.2928],[-97.74743,30.29277],[-97.74744,30.29275],[-97.74746,30.2927],[-97.74747,30.29268],[-97.74747,30.29266],[-97.74747,30.29265],[-97.74747,30.29263],[-97.74747,30.29257],[-97.74747,30.29255],[-97.74747,30.29253],[-97.74749,30.29251],[-97.74751,30.29249],[-97.7476,30.29242],[-97.74767,30.29238],[-97.74778,30.29233],[-97.74782,30.29231],[-97.74786,30.2923],[-97.74789,30.29229],[-97.74799,30.29227],[-97.74811,30.29224],[-97.74837,30.2922],[-97.74868,30.29217],[-97.74883,30.29215],[-97.74912,30.29211],[-97.7493,30.29208],[-97.74936,30.29207],[-97.74953,30.29206],[-97.74962,30.29205],[-97.74972,30.29206]]},"properties":{"name":"Shoal Creek","creek_type":"NATURAL_ALLUVIAL","reach_id":"SHL-5","watershed":"SHL","feature_kind":"waterway","source":"City of Austin Watershed Protection creek centerlines","retrieved_at":"2026-09-29T00:26:18.548370+00:00","access_claim":"none"}},{"type":"Feature","id":"coa-creek/2325360","geometry":{"type":"LineString","coordinates":[[-97.82244,30.25752],[-97.82237,30.25744],[-97.82219,30.25719],[-97.82201,30.25691],[-97.82192,30.2568],[-97.82171,30.25655],[-97.82146,30.2563],[-97.82145,30.25629],[-97.82102,30.25596],[-97.82058,30.25558],[-97.82046,30.25547],[-97.8203,30.25534],[-97.82022,30.25526],[-97.82017,30.25523],[-97.82016,30.25523],[-97.82002,30.25514],[-97.81996,30.2551],[-97.81987,30.25504],[-97.81972,30.25493],[-97.81954,30.25479],[-97.81941,30.25468],[-97.8193,30.25461],[-97.81925,30.25457]]},"properties":{"name":"Barton Creek","creek_type":"NATURAL_ROCKBED","reach_id":"BAR-6","watershed":"BAR","feature_kind":"waterway","source":"City of Austin Watershed Protection creek centerlines","retrieved_at":"2026-09-29T00:26:18.548370+00:00","access_claim":"none"}},{"type":"Feature","id":"coa-creek/2367109","geometry":{"type":"LineString","coordinates":[[-97.75131,30.26504],[-97.75136,30.26497],[-97.75141,30.26491],[-97.75143,30.26487],[-97.75137,30.26479],[-97.75129,30.26473],[-97.7512,30.26468],[-97.7511,30.26464],[-97.75098,30.26459],[-97.75085,30.26455]]},"properties":{"name":"Shoal Creek","creek_type":"NATURAL_ALLUVIAL","reach_id":null,"watershed":"LBL","feature_kind":"waterway","source":"City of Austin Watershed Protection creek centerlines","retrieved_at":"2026-09-29T00:26:18.548370+00:00","access_claim":"none"}},{"type":"Feature","id":"coa-creek/2379661","geometry":{"type":"LineString","coordinates":[[-97.86518,30.23441],[-97.86515,30.23443],[-97.86493,30.23449]]},"properties":{"name":"Williamson Creek","creek_type":"UNDERGROUND_CULVERT","reach_id":"WMS-12","watershed":"WMS","feature_kind":"waterway","source":"City of Austin Watershed Protection creek centerlines","retrieved_at":"2026-09-29T00:26:18.548370+00:00","access_claim":"none"}},{"type":"Feature","id":"coa-creek/2360936","geometry":{"type":"LineString","coordinates":[[-97.89987,30.28931],[-97.89976,30.28931],[-97.89971,30.28931],[-97.89967,30.28931],[-97.89952,30.28932],[-97.89945,30.28933],[-97.89932,30.28935],[-97.8992,30.28936],[-97.89912,30.28938],[-97.89909,30.28938]]},"properties":{"name":"Barton Creek","creek_type":"NATURAL_ALLUVIAL","reach_id":"BAR-9","watershed":"BAR","feature_kind":"waterway","source":"City of Austin Watershed Protection creek centerlines","retrieved_at":"2026-09-29T00:26:18.548370+00:00","access_claim":"none"}},{"type":"Feature","id":"coa-creek/2374740","geometry":{"type":"LineString","coordinates":[[-97.70936,30.40699],[-97.70938,30.40698],[-97.70939,30.40696],[-97.7094,30.40694],[-97.70942,30.40691],[-97.70942,30.40688],[-97.70943,30.40685],[-97.70946,30.40681],[-97.70951,30.40674],[-97.70955,30.40668],[-97.70958,30.40664],[-97.7096,30.40662],[-97.70961,30.40661],[-97.70963,30.40655],[-97.70964,30.40651],[-97.70965,30.40648],[-97.70964,30.40643],[-97.70964,30.40638],[-97.70964,30.40635],[-97.70965,30.40631],[-97.70966,30.40627],[-97.70967,30.40625],[-97.70967,30.40622],[-97.70965,30.40616],[-97.70961,30.40608],[-97.70958,30.40602],[-97.70955,30.40596],[-97.7095,30.40587]]},"properties":{"name":"Walnut Creek","creek_type":"NATURAL_ALLUVIAL","reach_id":"WLN-13","watershed":"WLN","feature_kind":"waterway","source":"City of Austin Watershed Protection creek centerlines","retrieved_at":"2026-09-29T00:26:18.548370+00:00","access_claim":"none"}},{"type":"Feature","id":"coa-creek/2360659","geometry":{"type":"LineString","coordinates":[[-97.71844,30.43581],[-97.71839,30.43584],[-97.71833,30.43585],[-97.71828,30.43586],[-97.71818,30.43584],[-97.71808,30.43578],[-97.71798,30.4357],[-97.71793,30.43566],[-97.71789,30.43563],[-97.71784,30.43554],[-97.71772,30.43539],[-97.71766,30.43533],[-97.71761,30.4353],[-97.71749,30.43527],[-97.71735,30.43526],[-97.71725,30.43529],[-97.71719,30.43532],[-97.71715,30.43531],[-97.7171,30.43526],[-97.71701,30.43516],[-97.71701,30.43515]]},"properties":{"name":"Walnut Creek","creek_type":"NATURAL_ALLUVIAL","reach_id":"WLN-16","watershed":"WLN","feature_kind":"waterway","source":"City of Austin Watershed Protection creek centerlines","retrieved_at":"2026-09-29T00:26:18.548370+00:00","access_claim":"none"}},{"type":"Feature","id":"coa-creek/2359651","geometry":{"type":"LineString","coordinates":[[-97.75151,30.16483],[-97.75146,30.16481],[-97.75139,30.16481]]},"properties":{"name":"Onion Creek","creek_type":"NATURAL_ALLUVIAL","reach_id":"ONI-7","watershed":"ONI","feature_kind":"waterway","source":"City of Austin Watershed Protection creek centerlines","retrieved_at":"2026-09-29T00:26:18.548370+00:00","access_claim":"none"}},{"type":"Feature","id":"coa-creek/2333561","geometry":{"type":"LineString","coordinates":[[-97.7345,30.38553],[-97.73412,30.38525],[-97.7342,30.38496],[-97.7345,30.38405],[-97.73483,30.3833]]},"properties":{"name":"Shoal Creek","creek_type":"POND","reach_id":null,"watershed":"SHL","feature_kind":"waterway","source":"City of Austin Watershed Protection creek centerlines","retrieved_at":"2026-09-29T00:26:18.548370+00:00","access_claim":"none"}},{"type":"Feature","id":"coa-creek/2370875","geometry":{"type":"LineString","coordinates":[[-97.79557,30.41597],[-97.79559,30.41591],[-97.79563,30.41582],[-97.79565,30.41575],[-97.79567,30.41566],[-97.79568,30.41559],[-97.79567,30.4155],[-97.79566,30.4154],[-97.79564,30.41531],[-97.79561,30.41525],[-97.79557,30.41516],[-97.7955,30.41508],[-97.79542,30.41501],[-97.79532,30.41494],[-97.79514,30.41481],[-97.79505,30.41475],[-97.79491,30.41469]]},"properties":{"name":"Bull Creek","creek_type":"NATURAL_ROCKBED","reach_id":"BUL-9","watershed":"BUL","feature_kind":"waterway","source":"City of Austin Watershed Protection creek centerlines","retrieved_at":"2026-09-29T00:26:18.548370+00:00","access_claim":"none"}},{"type":"Feature","id":"coa-creek/2348810","geometry":{"type":"LineString","coordinates":[[-97.9051,30.24232],[-97.90508,30.24231],[-97.90502,30.24229],[-97.90498,30.24227],[-97.90494,30.24227],[-97.90491,30.24227],[-97.90489,30.24227],[-97.90481,30.24226],[-97.90468,30.24224],[-97.90453,30.24223],[-97.90436,30.2422]]},"properties":{"name":"Williamson Creek","creek_type":"NATURAL_UNCLASSIFIED","reach_id":null,"watershed":"WMS","feature_kind":"waterway","source":"City of Austin Watershed Protection creek centerlines","retrieved_at":"2026-09-29T00:26:18.548370+00:00","access_claim":"none"}},{"type":"Feature","id":"coa-creek/2363415","geometry":{"type":"LineString","coordinates":[[-97.89452,30.29245],[-97.89451,30.29246],[-97.89449,30.29247],[-97.89446,30.29249],[-97.89442,30.29251],[-97.89438,30.29255],[-97.89426,30.2927],[-97.8942,30.29277],[-97.89417,30.29282]]},"properties":{"name":"Barton Creek","creek_type":"NATURAL_ALLUVIAL","reach_id":"BAR-9","watershed":"BAR","feature_kind":"waterway","source":"City of Austin Watershed Protection creek centerlines","retrieved_at":"2026-09-29T00:26:18.548370+00:00","access_claim":"none"}},{"type":"Feature","id":"coa-creek/2376145","geometry":{"type":"LineString","coordinates":[[-97.72408,30.43845],[-97.72397,30.43843],[-97.72381,30.4384],[-97.72368,30.43834],[-97.72357,30.43822],[-97.72338,30.43796],[-97.72322,30.43779],[-97.72317,30.4377],[-97.72307,30.43757],[-97.72301,30.43746],[-97.72297,30.43739],[-97.72286,30.43732],[-97.7227,30.43722],[-97.72258,30.43717],[-97.72243,30.43713],[-97.72229,30.43709],[-97.72219,30.43708],[-97.72212,30.4371],[-97.72199,30.4371],[-97.72186,30.43708],[-97.72144,30.43698],[-97.72125,30.43695],[-97.72117,30.43694]]},"properties":{"name":"Walnut Creek","creek_type":"NATURAL_ALLUVIAL","reach_id":"WLN-16","watershed":"WLN","feature_kind":"waterway","source":"City of Austin Watershed Protection creek centerlines","retrieved_at":"2026-09-29T00:26:18.548370+00:00","access_claim":"none"}},{"type":"Feature","id":"coa-creek/2357703","geometry":{"type":"LineString","coordinates":[[-97.68234,30.39519],[-97.68233,30.3952],[-97.6823,30.39521],[-97.68227,30.39522],[-97.68225,30.39523],[-97.6822,30.39524],[-97.68218,30.39524],[-97.68216,30.39525],[-97.68211,30.39527],[-97.68206,30.39529],[-97.682,30.39531],[-97.68191,30.39532],[-97.68173,30.39533],[-97.68159,30.39533],[-97.68153,30.39532],[-97.68132,30.39531],[-97.68126,30.3953],[-97.68117,30.3953],[-97.68113,30.39529],[-97.68106,30.39528]]},"properties":{"name":"Walnut Creek","creek_type":"NATURAL_ROCKBED","reach_id":"WLN-9","watershed":"WLN","feature_kind":"waterway","source":"City of Austin Watershed Protection creek centerlines","retrieved_at":"2026-09-29T00:26:18.548370+00:00","access_claim":"none"}},{"type":"Feature","id":"coa-creek/2363406","geometry":{"type":"LineString","coordinates":[[-97.88939,30.29531],[-97.88918,30.29517],[-97.88914,30.29514],[-97.88891,30.29496]]},"properties":{"name":"Barton Creek","creek_type":"NATURAL_ALLUVIAL","reach_id":"BAR-9","watershed":"BAR","feature_kind":"waterway","source":"City of Austin Watershed Protection creek centerlines","retrieved_at":"2026-09-29T00:26:18.548370+00:00","access_claim":"none"}},{"type":"Feature","id":"coa-creek/2381758","geometry":{"type":"LineString","coordinates":[[-97.77124,30.21047],[-97.7712,30.21049],[-97.77114,30.21051],[-97.77111,30.21052]]},"properties":{"name":"Williamson Creek","creek_type":"UNDERGROUND_CULVERT","reach_id":"WMS-7","watershed":"WMS","feature_kind":"waterway","source":"City of Austin Watershed Protection creek centerlines","retrieved_at":"2026-09-29T00:26:18.548370+00:00","access_claim":"none"}},{"type":"Feature","id":"coa-creek/2363186","geometry":{"type":"LineString","coordinates":[[-97.9214,30.28834],[-97.92137,30.28832],[-97.92136,30.28832],[-97.92131,30.28828],[-97.92125,30.28826],[-97.92121,30.28824],[-97.92116,30.28822],[-97.92113,30.2882],[-97.92107,30.28817],[-97.92104,30.28815],[-97.921,30.28812],[-97.92096,30.28808],[-97.9209,30.28802],[-97.92089,30.28801],[-97.92086,30.28799],[-97.92077,30.28792],[-97.92073,30.2879],[-97.92062,30.28784],[-97.92056,30.28781]]},"properties":{"name":"Barton Creek","creek_type":"NATURAL_ALLUVIAL","reach_id":null,"watershed":"BAR","feature_kind":"waterway","source":"City of Austin Watershed Protection creek centerlines","retrieved_at":"2026-09-29T00:26:18.548370+00:00","access_claim":"none"}},{"type":"Feature","id":"coa-creek/2374709","geometry":{"type":"LineString","coordinates":[[-97.73855,30.3548],[-97.73855,30.35479],[-97.73856,30.35478],[-97.73856,30.35476],[-97.73855,30.35474],[-97.73855,30.35471]]},"properties":{"name":"Shoal Creek","creek_type":"NATURAL_ROCKBED","reach_id":"SHL-13","watershed":"SHL","feature_kind":"waterway","source":"City of Austin Watershed Protection creek centerlines","retrieved_at":"2026-09-29T00:26:18.548370+00:00","access_claim":"none"}},{"type":"Feature","id":"coa-creek/2331539","geometry":{"type":"LineString","coordinates":[[-97.73507,30.38068],[-97.73507,30.38066]]},"properties":{"name":"Shoal Creek","creek_type":"ALTERED_STRUCTURAL","reach_id":null,"watershed":"SHL","feature_kind":"waterway","source":"City of Austin Watershed Protection creek centerlines","retrieved_at":"2026-09-29T00:26:18.548370+00:00","access_claim":"none"}},{"type":"Feature","id":"coa-creek/2319787","geometry":{"type":"LineString","coordinates":[[-97.778,30.38954],[-97.77783,30.38955],[-97.77771,30.38957],[-97.77739,30.38962],[-97.7772,30.38965],[-97.77678,30.38972],[-97.77658,30.38979],[-97.77615,30.3899],[-97.77583,30.38999],[-97.77548,30.39012]]},"properties":{"name":"Bull Creek","creek_type":"NATURAL_ALLUVIAL","reach_id":"BUL-7","watershed":"BUL","feature_kind":"waterway","source":"City of Austin Watershed Protection creek centerlines","retrieved_at":"2026-09-29T00:26:18.548370+00:00","access_claim":"none"}},{"type":"Feature","id":"coa-creek/2364673","geometry":{"type":"LineString","coordinates":[[-97.78681,30.13032],[-97.78676,30.1303],[-97.78669,30.13027]]},"properties":{"name":"Onion Creek","creek_type":"NATURAL_ROCKBED","reach_id":"ONI-9","watershed":"ONI","feature_kind":"waterway","source":"City of Austin Watershed Protection creek centerlines","retrieved_at":"2026-09-29T00:26:18.548370+00:00","access_claim":"none"}},{"type":"Feature","id":"coa-creek/2380419","geometry":{"type":"LineString","coordinates":[[-97.67426,30.38857],[-97.67417,30.38859],[-97.67397,30.3886],[-97.67375,30.38858],[-97.67355,30.38855],[-97.67331,30.38851],[-97.67309,30.38847],[-97.67254,30.38841],[-97.67234,30.38837],[-97.67212,30.38834],[-97.67199,30.38833],[-97.67188,30.38833]]},"properties":{"name":"Walnut Creek","creek_type":"NATURAL_ROCKBED","reach_id":"WLN-8","watershed":"WLN","feature_kind":"waterway","source":"City of Austin Watershed Protection creek centerlines","retrieved_at":"2026-09-29T00:26:18.548370+00:00","access_claim":"none"}},{"type":"Feature","id":"coa-creek/2364561","geometry":{"type":"LineString","coordinates":[[-97.90221,30.30222],[-97.90219,30.30219],[-97.90216,30.30215],[-97.90212,30.30209],[-97.90204,30.30197],[-97.90199,30.30191],[-97.90191,30.30183],[-97.9019,30.30181],[-97.90188,30.30179],[-97.90185,30.30177],[-97.90182,30.30175],[-97.90177,30.30172],[-97.90172,30.3017],[-97.90169,30.30168],[-97.90166,30.30165],[-97.90164,30.30163],[-97.9016,30.3016]]},"properties":{"name":"Barton Creek","creek_type":"NATURAL_ALLUVIAL","reach_id":"BAR-9","watershed":"BAR","feature_kind":"waterway","source":"City of Austin Watershed Protection creek centerlines","retrieved_at":"2026-09-29T00:26:18.548370+00:00","access_claim":"none"}},{"type":"Feature","id":"coa-creek/2375765","geometry":{"type":"LineString","coordinates":[[-97.73949,30.3582],[-97.73949,30.35816],[-97.7395,30.35801]]},"properties":{"name":"Shoal Creek","creek_type":"UNDERGROUND_CULVERT","reach_id":"SHL-14","watershed":"SHL","feature_kind":"waterway","source":"City of Austin Watershed Protection creek centerlines","retrieved_at":"2026-09-29T00:26:18.548370+00:00","access_claim":"none"}},{"type":"Feature","id":"coa-creek/2363183","geometry":{"type":"LineString","coordinates":[[-97.92688,30.29556],[-97.92686,30.29558],[-97.92684,30.2956],[-97.92684,30.29561],[-97.92683,30.29562],[-97.92683,30.29563],[-97.92682,30.29565],[-97.92682,30.29567],[-97.92682,30.29569],[-97.92681,30.29571],[-97.9268,30.29573],[-97.92679,30.29575],[-97.92678,30.29577],[-97.92677,30.2958]]},"properties":{"name":"Barton Creek","creek_type":"NATURAL_ALLUVIAL","reach_id":null,"watershed":"BAR","feature_kind":"waterway","source":"City of Austin Watershed Protection creek centerlines","retrieved_at":"2026-09-29T00:26:18.548370+00:00","access_claim":"none"}},{"type":"Feature","id":"coa-creek/2320695","geometry":{"type":"LineString","coordinates":[[-97.7796,30.1514],[-97.77969,30.15151],[-97.7799,30.15168],[-97.78,30.15178],[-97.78012,30.15198],[-97.78023,30.15221],[-97.78024,30.15225]]},"properties":{"name":"Onion Creek","creek_type":"NATURAL_ROCKBED","reach_id":"ONI-9","watershed":"ONI","feature_kind":"waterway","source":"City of Austin Watershed Protection creek centerlines","retrieved_at":"2026-09-29T00:26:18.548370+00:00","access_claim":"none"}},{"type":"Feature","id":"coa-creek/2371432","geometry":{"type":"LineString","coordinates":[[-97.75038,30.26771],[-97.75038,30.26769],[-97.75039,30.26765],[-97.75039,30.26762],[-97.75038,30.26758],[-97.75037,30.26755],[-97.75036,30.2675],[-97.75034,30.26743],[-97.75034,30.26737],[-97.75034,30.26732],[-97.75035,30.26726],[-97.75035,30.26721],[-97.75036,30.26717],[-97.75037,30.26714],[-97.75037,30.26713],[-97.75039,30.26709],[-97.75042,30.26707],[-97.75044,30.26703],[-97.75046,30.26696],[-97.75048,30.26693],[-97.75049,30.2669],[-97.7505,30.26689],[-97.7505,30.26687],[-97.75051,30.26686],[-97.75051,30.26684],[-97.75051,30.26682],[-97.75051,30.26679],[-97.7505,30.26676],[-97.75049,30.26674],[-97.75048,30.2667],[-97.75048,30.26667],[-97.7505,30.26662],[-97.75051,30.26658]]},"properties":{"name":"Shoal Creek","creek_type":"NATURAL_ROCKBED","reach_id":"SHL-2","watershed":"SHL","feature_kind":"waterway","source":"City of Austin Watershed Protection creek centerlines","retrieved_at":"2026-09-29T00:26:18.548370+00:00","access_claim":"none"}},{"type":"Feature","id":"coa-creek/2355491","geometry":{"type":"LineString","coordinates":[[-97.71027,30.41593],[-97.71033,30.41589],[-97.71037,30.41585],[-97.71042,30.41581],[-97.71051,30.41579],[-97.71058,30.41577],[-97.71068,30.41573],[-97.71077,30.41569],[-97.71087,30.41565],[-97.71097,30.41563],[-97.71108,30.41562],[-97.71115,30.41564],[-97.7112,30.41567],[-97.71123,30.41568],[-97.71125,30.41567],[-97.71136,30.41569],[-97.71141,30.41571],[-97.71148,30.41573],[-97.71153,30.41574],[-97.71159,30.41573],[-97.71162,30.41571]]},"properties":{"name":"Walnut Creek","creek_type":"NATURAL_ROCKBED","reach_id":"WLN-14","watershed":"WLN","feature_kind":"waterway","source":"City of Austin Watershed Protection creek centerlines","retrieved_at":"2026-09-29T00:26:18.548370+00:00","access_claim":"none"}},{"type":"Feature","id":"coa-creek/2363754","geometry":{"type":"LineString","coordinates":[[-97.82861,30.22447],[-97.82856,30.22446],[-97.82847,30.22444],[-97.82842,30.22443],[-97.82839,30.22442],[-97.82835,30.22442],[-97.8283,30.22442]]},"properties":{"name":"Williamson Creek","creek_type":"NATURAL_ROCKBED","reach_id":"WMS-11","watershed":"WMS","feature_kind":"waterway","source":"City of Austin Watershed Protection creek centerlines","retrieved_at":"2026-09-29T00:26:18.548370+00:00","access_claim":"none"}},{"type":"Feature","id":"coa-creek/2340759","geometry":{"type":"LineString","coordinates":[[-97.76051,30.19252],[-97.76046,30.19245],[-97.76036,30.19234],[-97.76024,30.19221],[-97.76015,30.19213],[-97.75998,30.19194],[-97.75982,30.19177],[-97.75953,30.19149],[-97.75944,30.1914],[-97.75941,30.19137],[-97.7594,30.19135],[-97.75919,30.19109],[-97.75913,30.191],[-97.75906,30.19085],[-97.75897,30.19073],[-97.75896,30.19071],[-97.75892,30.19066],[-97.75879,30.19055],[-97.75864,30.19039],[-97.75859,30.19035],[-97.75855,30.1903],[-97.75828,30.19002],[-97.75779,30.18951],[-97.75769,30.18938],[-97.75763,30.18933],[-97.75759,30.1893],[-97.75756,30.18929],[-97.75739,30.18921],[-97.75733,30.18918],[-97.75731,30.18917]]},"properties":{"name":"Williamson Creek","creek_type":"NATURAL_ALLUVIAL","reach_id":"WMS-5","watershed":"WMS","feature_kind":"waterway","source":"City of Austin Watershed Protection creek centerlines","retrieved_at":"2026-09-29T00:26:18.548370+00:00","access_claim":"none"}},{"type":"Feature","id":"coa-creek/2356441","geometry":{"type":"LineString","coordinates":[[-97.64956,30.32743],[-97.64945,30.32732],[-97.64943,30.32724],[-97.64944,30.32713],[-97.64947,30.32705],[-97.64962,30.32688],[-97.64963,30.32683],[-97.64946,30.32643],[-97.64941,30.32621],[-97.64941,30.32613],[-97.64945,30.32605],[-97.6495,30.32604],[-97.64964,30.32602],[-97.64979,30.32596],[-97.64987,30.32588],[-97.64995,30.32575],[-97.64996,30.3257],[-97.64995,30.32565],[-97.64989,30.32545],[-97.64987,30.32535],[-97.64988,30.32517],[-97.64992,30.32511],[-97.65,30.32497],[-97.65014,30.32457],[-97.65013,30.32453],[-97.65004,30.32444],[-97.6499,30.32429],[-97.64991,30.32415],[-97.64991,30.32406]]},"properties":{"name":"Walnut Creek","creek_type":"NATURAL_ALLUVIAL","reach_id":"WLN-4","watershed":"WLN","feature_kind":"waterway","source":"City of Austin Watershed Protection creek centerlines","retrieved_at":"2026-09-29T00:26:18.548370+00:00","access_claim":"none"}},{"type":"Feature","id":"coa-creek/2359838","geometry":{"type":"LineString","coordinates":[[-97.67687,30.39075],[-97.67685,30.39069],[-97.67684,30.39059],[-97.67682,30.39049],[-97.6768,30.39041],[-97.67679,30.39032],[-97.67676,30.39013],[-97.67674,30.39002],[-97.67672,30.38993],[-97.67671,30.38987],[-97.6767,30.38979],[-97.67669,30.38974],[-97.67669,30.3897],[-97.67671,30.38966],[-97.67673,30.38958],[-97.67674,30.38955],[-97.67675,30.38951],[-97.67676,30.38947],[-97.67676,30.38943],[-97.67677,30.38938],[-97.67679,30.38933],[-97.6768,30.38929],[-97.67682,30.38924],[-97.67688,30.38916],[-97.67697,30.38905],[-97.67708,30.38896],[-97.67718,30.38885],[-97.67727,30.38875],[-97.6774,30.38864],[-97.67751,30.38854],[-97.67759,30.38842],[-97.67765,30.38823],[-97.67772,30.388]]},"properties":{"name":"Walnut Creek","creek_type":"NATURAL_ROCKBED","reach_id":"WLN-8","watershed":"WLN","feature_kind":"waterway","source":"City of Austin Watershed Protection creek centerlines","retrieved_at":"2026-09-29T00:26:18.548370+00:00","access_claim":"none"}},{"type":"Feature","id":"coa-creek/2331730","geometry":{"type":"LineString","coordinates":[[-97.71915,30.18832],[-97.7191,30.18828],[-97.719,30.18823],[-97.71889,30.18817],[-97.71881,30.18811],[-97.71875,30.18805],[-97.71872,30.188],[-97.7187,30.18793],[-97.71869,30.18787],[-97.71869,30.18778],[-97.7187,30.18762],[-97.71871,30.18753],[-97.71873,30.18743],[-97.71874,30.18728],[-97.71876,30.1871],[-97.71877,30.18692],[-97.71878,30.18675],[-97.71877,30.18659],[-97.71879,30.18647],[-97.71879,30.18635],[-97.71877,30.18622],[-97.71874,30.18601],[-97.71869,30.18584],[-97.71866,30.18565],[-97.71866,30.18553],[-97.71867,30.18542],[-97.71866,30.18536],[-97.71864,30.18531],[-97.71859,30.18524],[-97.71844,30.18512],[-97.71837,30.18505],[-97.71828,30.18502],[-97.71818,30.18497],[-97.71817,30.18496]]},"properties":{"name":"Onion Creek","creek_type":"NATURAL_ROCKBED","reach_id":"ONI-3","watershed":"ONI","feature_kind":"waterway","source":"City of Austin Watershed Protection creek centerlines","retrieved_at":"2026-09-29T00:26:18.548370+00:00","access_claim":"none"}},{"type":"Feature","id":"coa-creek/2382120","geometry":{"type":"LineString","coordinates":[[-97.83114,30.27033],[-97.83113,30.27033]]},"properties":{"name":"Barton Creek","creek_type":"NATURAL_ROCKBED","reach_id":"BAR-6","watershed":"BAR","feature_kind":"waterway","source":"City of Austin Watershed Protection creek centerlines","retrieved_at":"2026-09-29T00:26:18.548370+00:00","access_claim":"none"}},{"type":"Feature","id":"coa-creek/2371605","geometry":{"type":"LineString","coordinates":[[-97.79553,30.41609],[-97.79557,30.41597]]},"properties":{"name":"Bull Creek","creek_type":"NATURAL_ROCKBED","reach_id":"BUL-9","watershed":"BUL","feature_kind":"waterway","source":"City of Austin Watershed Protection creek centerlines","retrieved_at":"2026-09-29T00:26:18.548370+00:00","access_claim":"none"}},{"type":"Feature","id":"coa-creek/2348461","geometry":{"type":"LineString","coordinates":[[-97.81644,30.25349],[-97.81626,30.25343],[-97.81608,30.25333],[-97.81566,30.25307],[-97.8155,30.25297],[-97.8153,30.25283],[-97.81518,30.25274],[-97.8151,30.25268],[-97.81506,30.25263],[-97.81484,30.2524],[-97.8148,30.25236],[-97.81448,30.25211],[-97.81416,30.25184],[-97.814,30.25168],[-97.8139,30.25156],[-97.81383,30.25149],[-97.81382,30.25147],[-97.81372,30.25135],[-97.81352,30.25113],[-97.81351,30.25112]]},"properties":{"name":"Barton Creek","creek_type":"NATURAL_ROCKBED","reach_id":"BAR-6","watershed":"BAR","feature_kind":"waterway","source":"City of Austin Watershed Protection creek centerlines","retrieved_at":"2026-09-29T00:26:18.548370+00:00","access_claim":"none"}},{"type":"Feature","id":"coa-creek/2382495","geometry":{"type":"LineString","coordinates":[[-97.78954,30.21659],[-97.78952,30.21654],[-97.78948,30.21646],[-97.78946,30.21642],[-97.78943,30.21636],[-97.78924,30.21613],[-97.78914,30.21601],[-97.78904,30.21587],[-97.78892,30.21581],[-97.78886,30.21577],[-97.78879,30.21572],[-97.78863,30.21562],[-97.78843,30.21545]]},"properties":{"name":"Williamson Creek","creek_type":"NATURAL_ROCKBED","reach_id":"WMS-8","watershed":"WMS","feature_kind":"waterway","source":"City of Austin Watershed Protection creek centerlines","retrieved_at":"2026-09-29T00:26:18.548370+00:00","access_claim":"none"}},{"type":"Feature","id":"coa-creek/2319974","geometry":{"type":"LineString","coordinates":[[-97.78373,30.37759],[-97.78387,30.37747],[-97.78399,30.37732],[-97.78405,30.37721],[-97.78409,30.37709],[-97.78414,30.37697],[-97.78413,30.37684],[-97.78416,30.37667],[-97.78417,30.37651],[-97.78419,30.37644],[-97.78417,30.37632],[-97.78417,30.37616],[-97.78428,30.37572],[-97.78435,30.37568],[-97.7844,30.37565]]},"properties":{"name":"Bull Creek","creek_type":"NATURAL_ROCKBED","reach_id":"BUL-4","watershed":"BUL","feature_kind":"waterway","source":"City of Austin Watershed Protection creek centerlines","retrieved_at":"2026-09-29T00:26:18.548370+00:00","access_claim":"none"}},{"type":"Feature","id":"coa-creek/2364931","geometry":{"type":"LineString","coordinates":[[-97.71817,30.18496],[-97.71809,30.18489],[-97.718,30.18479],[-97.71794,30.18469],[-97.71789,30.18462],[-97.71778,30.18451],[-97.71769,30.18443],[-97.7176,30.18434],[-97.71756,30.18428],[-97.71749,30.1842],[-97.71741,30.18406],[-97.71741,30.18406]]},"properties":{"name":"Onion Creek","creek_type":"NATURAL_ROCKBED","reach_id":"ONI-3","watershed":"ONI","feature_kind":"waterway","source":"City of Austin Watershed Protection creek centerlines","retrieved_at":"2026-09-29T00:26:18.548370+00:00","access_claim":"none"}},{"type":"Feature","id":"coa-creek/2361462","geometry":{"type":"LineString","coordinates":[[-97.95217,30.27587],[-97.95217,30.27587],[-97.9521,30.27579],[-97.95204,30.27572],[-97.95204,30.27571],[-97.95201,30.27567],[-97.95198,30.27561],[-97.95197,30.2756],[-97.95196,30.27559],[-97.95194,30.27558],[-97.95193,30.27557],[-97.95191,30.27556],[-97.95189,30.27556],[-97.95188,30.27556],[-97.95186,30.27555],[-97.95185,30.27555],[-97.95183,30.27555],[-97.9518,30.27556],[-97.95178,30.27556],[-97.95161,30.27561],[-97.95141,30.27567],[-97.95125,30.27573],[-97.95103,30.27582],[-97.95094,30.27586],[-97.95087,30.27589],[-97.95072,30.27596],[-97.95063,30.27601],[-97.95059,30.27603],[-97.95053,30.27605],[-97.95044,30.27608],[-97.95035,30.27612],[-97.95029,30.27614],[-97.95021,30.27618],[-97.95016,30.2762],[-97.95013,30.27622],[-97.95008,30.27623],[-97.94978,30.27633],[-97.94959,30.27638],[-97.94951,30.2764],[-97.94938,30.27643],[-97.94925,30.27646],[-97.94915,30.2765],[-97.94908,30.27652],[-97.94894,30.27656],[-97.94889,30.27657],[-97.9487,30.27662],[-97.94859,30.27665],[-97.94847,30.27668],[-97.94838,30.2767],[-97.94831,30.27671],[-97.94822,30.27673],[-97.94813,30.27675],[-97.94806,30.27676],[-97.948,30.27679],[-97.94797,30.2768],[-97.94794,30.27681],[-97.94792,30.27681],[-97.94789,30.27682],[-97.94786,30.27682],[-97.94785,30.27683],[-97.94783,30.27683],[-97.94779,30.27683],[-97.94774,30.27683],[-97.9477,30.27683],[-97.94748,30.27682],[-97.94719,30.27681],[-97.9471,30.2768],[-97.94699,30.27679],[-97.94687,30.27677],[-97.94666,30.27674],[-97.9465,30.2767],[-97.94639,30.27668],[-97.94633,30.27666]]},"properties":{"name":"Barton Creek","creek_type":"NATURAL_UNCLASSIFIED","reach_id":null,"watershed":"BAR","feature_kind":"waterway","source":"City of Austin Watershed Protection creek centerlines","retrieved_at":"2026-09-29T00:26:18.548370+00:00","access_claim":"none"}},{"type":"Feature","id":"coa-creek/2348951","geometry":{"type":"LineString","coordinates":[[-97.82394,30.11071],[-97.82412,30.11087],[-97.82458,30.1114],[-97.82488,30.11187],[-97.82539,30.11244],[-97.82586,30.11317],[-97.82602,30.11343],[-97.82629,30.11389]]},"properties":{"name":"Onion Creek","creek_type":"NATURAL_ROCKBED","reach_id":"ONI-10","watershed":"ONI","feature_kind":"waterway","source":"City of Austin Watershed Protection creek centerlines","retrieved_at":"2026-09-29T00:26:18.548370+00:00","access_claim":"none"}},{"type":"Feature","id":"coa-creek/2363510","geometry":{"type":"LineString","coordinates":[[-97.65432,30.35587],[-97.6543,30.35583],[-97.65428,30.3558],[-97.65426,30.35574],[-97.65424,30.35559],[-97.65419,30.35538],[-97.65418,30.35533],[-97.65412,30.35521],[-97.65411,30.35518],[-97.6541,30.35506],[-97.6541,30.35494],[-97.6541,30.35487],[-97.65408,30.35477],[-97.65406,30.35469],[-97.65401,30.35458],[-97.65393,30.35443],[-97.65391,30.35437]]},"properties":{"name":"Walnut Creek","creek_type":"NATURAL_ROCKBED","reach_id":"WLN-6","watershed":"WLN","feature_kind":"waterway","source":"City of Austin Watershed Protection creek centerlines","retrieved_at":"2026-09-29T00:26:18.548370+00:00","access_claim":"none"}},{"type":"Feature","id":"coa-creek/2362040","geometry":{"type":"LineString","coordinates":[[-97.70909,30.41947],[-97.70906,30.41945],[-97.70902,30.41943],[-97.70899,30.4194]]},"properties":{"name":"Walnut Creek","creek_type":"UNDERGROUND_CULVERT","reach_id":"WLN-14","watershed":"WLN","feature_kind":"waterway","source":"City of Austin Watershed Protection creek centerlines","retrieved_at":"2026-09-29T00:26:18.548370+00:00","access_claim":"none"}},{"type":"Feature","id":"coa-creek/2381167","geometry":{"type":"LineString","coordinates":[[-97.66091,30.36565],[-97.66084,30.36563],[-97.66074,30.36558],[-97.66062,30.36552],[-97.66051,30.36544]]},"properties":{"name":"Walnut Creek","creek_type":"NATURAL_ROCKBED","reach_id":"WLN-7","watershed":"WLN","feature_kind":"waterway","source":"City of Austin Watershed Protection creek centerlines","retrieved_at":"2026-09-29T00:26:18.548370+00:00","access_claim":"none"}},{"type":"Feature","id":"coa-creek/2337587","geometry":{"type":"LineString","coordinates":[[-97.78824,30.35942],[-97.78823,30.35939],[-97.7882,30.35935],[-97.78815,30.35927],[-97.78811,30.3592],[-97.78807,30.35907],[-97.78807,30.35904],[-97.78803,30.35892],[-97.78803,30.35888],[-97.78803,30.35887]]},"properties":{"name":"Bull Creek","creek_type":"NATURAL_ROCKBED","reach_id":"BUL-1","watershed":"BUL","feature_kind":"waterway","source":"City of Austin Watershed Protection creek centerlines","retrieved_at":"2026-09-29T00:26:18.548370+00:00","access_claim":"none"}},{"type":"Feature","id":"coa-creek/2376376","geometry":{"type":"LineString","coordinates":[[-97.74618,30.32628],[-97.74613,30.32606]]},"properties":{"name":"Shoal Creek","creek_type":"UNDERGROUND_CULVERT","reach_id":"SHL-9","watershed":"SHL","feature_kind":"waterway","source":"City of Austin Watershed Protection creek centerlines","retrieved_at":"2026-09-29T00:26:18.548370+00:00","access_claim":"none"}},{"type":"Feature","id":"coa-creek/2338375","geometry":{"type":"LineString","coordinates":[[-97.82322,30.40874],[-97.82321,30.40878]]},"properties":{"name":"Bull Creek","creek_type":"NATURAL_ROCKBED","reach_id":"BUL-12","watershed":"BUL","feature_kind":"waterway","source":"City of Austin Watershed Protection creek centerlines","retrieved_at":"2026-09-29T00:26:18.548370+00:00","access_claim":"none"}},{"type":"Feature","id":"coa-creek/2375890","geometry":{"type":"LineString","coordinates":[[-97.64879,30.32789],[-97.64879,30.32791]]},"properties":{"name":"Walnut Creek","creek_type":"NATURAL_ALLUVIAL","reach_id":"WLN-4","watershed":"WLN","feature_kind":"waterway","source":"City of Austin Watershed Protection creek centerlines","retrieved_at":"2026-09-29T00:26:18.548370+00:00","access_claim":"none"}},{"type":"Feature","id":"coa-creek/2351304","geometry":{"type":"LineString","coordinates":[[-97.80807,30.24043],[-97.808,30.2405],[-97.80794,30.24057],[-97.80785,30.24067],[-97.8078,30.24076],[-97.8077,30.24095],[-97.80767,30.24099],[-97.80762,30.24104],[-97.80757,30.24108],[-97.80749,30.24112],[-97.80748,30.24113],[-97.80735,30.24122],[-97.80711,30.24143],[-97.807,30.24155],[-97.80696,30.2416]]},"properties":{"name":"Barton Creek","creek_type":"NATURAL_ALLUVIAL","reach_id":"BAR-5","watershed":"BAR","feature_kind":"waterway","source":"City of Austin Watershed Protection creek centerlines","retrieved_at":"2026-09-29T00:26:18.548370+00:00","access_claim":"none"}},{"type":"Feature","id":"coa-creek/2380203","geometry":{"type":"LineString","coordinates":[[-97.72172,30.1949],[-97.72171,30.19487],[-97.72169,30.19485],[-97.72167,30.19483],[-97.7216,30.19476],[-97.72154,30.1947],[-97.72151,30.19464],[-97.72149,30.1946],[-97.72147,30.19457],[-97.72145,30.19454],[-97.72143,30.19451],[-97.72142,30.19449],[-97.72141,30.19445],[-97.72141,30.19442],[-97.72141,30.19433],[-97.72142,30.19424],[-97.72142,30.1942],[-97.72143,30.19418],[-97.72144,30.19415],[-97.72146,30.1941],[-97.72147,30.19408],[-97.72149,30.19406],[-97.72151,30.19404],[-97.72153,30.19402],[-97.72156,30.19402],[-97.72162,30.19401],[-97.72165,30.194],[-97.72172,30.19397],[-97.7218,30.1939],[-97.72183,30.19384],[-97.72185,30.19378],[-97.72187,30.19367],[-97.72198,30.19345],[-97.72202,30.19329],[-97.72204,30.1932],[-97.72204,30.19314],[-97.72205,30.19307],[-97.72205,30.19301],[-97.72206,30.19297],[-97.72208,30.19291],[-97.7221,30.19287],[-97.72211,30.19282],[-97.72212,30.19281],[-97.72214,30.19278],[-97.7222,30.19272],[-97.72222,30.1927],[-97.72223,30.19267],[-97.72225,30.1926],[-97.72227,30.19253],[-97.72233,30.1924],[-97.72234,30.19233],[-97.72235,30.1923],[-97.72235,30.19221],[-97.72236,30.19207],[-97.72236,30.19199],[-97.72231,30.19179],[-97.72228,30.1917],[-97.72226,30.19167],[-97.7222,30.19153],[-97.72218,30.1915],[-97.72217,30.19146],[-97.72218,30.19142],[-97.72218,30.19138],[-97.72218,30.19128],[-97.72219,30.19122],[-97.72221,30.19114],[-97.72223,30.19107],[-97.72223,30.19101],[-97.72223,30.19098],[-97.72224,30.19093],[-97.72224,30.19089],[-97.72225,30.19084],[-97.72226,30.19081],[-97.72226,30.19078],[-97.72227,30.19076],[-97.72226,30.19074],[-97.72226,30.19071],[-97.72226,30.19068],[-97.72227,30.19062],[-97.72228,30.19057],[-97.72231,30.19043],[-97.72232,30.19037],[-97.72233,30.19031],[-97.72233,30.19029],[-97.72233,30.19027],[-97.72236,30.1902],[-97.72239,30.19007],[-97.72239,30.19002],[-97.72239,30.18998],[-97.7224,30.18987],[-97.72242,30.18973],[-97.72242,30.18966],[-97.72241,30.18959],[-97.72239,30.18947],[-97.72237,30.18935],[-97.72235,30.18922],[-97.72231,30.18907],[-97.72228,30.18905],[-97.72225,30.18901],[-97.72222,30.18898],[-97.72217,30.1889],[-97.72213,30.18885],[-97.72207,30.18878],[-97.72202,30.18872]]},"properties":{"name":"Williamson Creek","creek_type":"NATURAL_ROCKBED","reach_id":"WMS-1","watershed":"WMS","feature_kind":"waterway","source":"City of Austin Watershed Protection creek centerlines","retrieved_at":"2026-09-29T00:26:18.548370+00:00","access_claim":"none"}},{"type":"Feature","id":"coa-creek/2376336","geometry":{"type":"LineString","coordinates":[[-97.65905,30.30101],[-97.65914,30.30097],[-97.65937,30.30086],[-97.65945,30.30082],[-97.65948,30.30079],[-97.6595,30.30076],[-97.6595,30.30074],[-97.65948,30.30067],[-97.65945,30.30061],[-97.65941,30.30052],[-97.65937,30.30045],[-97.65932,30.30038],[-97.65928,30.30034],[-97.65926,30.3003],[-97.65924,30.30026],[-97.65923,30.3002],[-97.65924,30.30014],[-97.65926,30.3001],[-97.65929,30.30007],[-97.65944,30.29997],[-97.65958,30.2999],[-97.6597,30.29984],[-97.65973,30.29981],[-97.65975,30.29978],[-97.65974,30.29973],[-97.65971,30.29965],[-97.65966,30.29955],[-97.65963,30.29947],[-97.65962,30.29939],[-97.65961,30.29932],[-97.65962,30.29926],[-97.65965,30.29918],[-97.6597,30.29911],[-97.65976,30.29905],[-97.65981,30.29899],[-97.65983,30.29896],[-97.65984,30.29892],[-97.65983,30.29886],[-97.65981,30.2988],[-97.65978,30.29873],[-97.65977,30.29867],[-97.65976,30.29861],[-97.65977,30.29855],[-97.65979,30.29847],[-97.65983,30.29839],[-97.6599,30.29832],[-97.65998,30.29828],[-97.66006,30.29828],[-97.66014,30.2983],[-97.66023,30.29831],[-97.66032,30.29829],[-97.66037,30.29825],[-97.66041,30.29817],[-97.66041,30.29808],[-97.66039,30.29804],[-97.66036,30.29799],[-97.66028,30.2979],[-97.66021,30.29781],[-97.66013,30.29767],[-97.6601,30.29761],[-97.66008,30.29757],[-97.66008,30.29752],[-97.6601,30.29741],[-97.6601,30.29735],[-97.66009,30.29729],[-97.66006,30.29725],[-97.66002,30.29721],[-97.65996,30.29717],[-97.65992,30.29717],[-97.65982,30.29717],[-97.65973,30.29717],[-97.65968,30.29715],[-97.65965,30.29713],[-97.65962,30.29709],[-97.65959,30.29704],[-97.65959,30.29701],[-97.65958,30.29698],[-97.65959,30.2969],[-97.6596,30.2968],[-97.65961,30.29676],[-97.65961,30.29671],[-97.65959,30.29665],[-97.65956,30.29652],[-97.65956,30.29647],[-97.65956,30.2964],[-97.65958,30.29636],[-97.65963,30.29629],[-97.65964,30.29624],[-97.65965,30.29618],[-97.65965,30.29611],[-97.65964,30.29603],[-97.65962,30.29597],[-97.65957,30.29589],[-97.65953,30.29583],[-97.65944,30.29573],[-97.65942,30.29567],[-97.65939,30.29559],[-97.65937,30.29553],[-97.65931,30.29542],[-97.65925,30.29535],[-97.65921,30.29531]]},"properties":{"name":"Walnut Creek","creek_type":"NATURAL_ALLUVIAL","reach_id":"WLN-3","watershed":"WLN","feature_kind":"waterway","source":"City of Austin Watershed Protection creek centerlines","retrieved_at":"2026-09-29T00:26:18.548370+00:00","access_claim":"none"}},{"type":"Feature","id":"coa-creek/2363123","geometry":{"type":"LineString","coordinates":[[-97.74465,30.24471],[-97.74462,30.24474],[-97.74458,30.24481],[-97.74457,30.24486],[-97.74456,30.2449],[-97.74456,30.24496],[-97.74457,30.24501],[-97.74458,30.24502],[-97.74462,30.24509],[-97.74465,30.24516]]},"properties":{"name":"Blunn Creek","creek_type":"NATURAL_ALLUVIAL","reach_id":"BLU-3","watershed":"BLU","feature_kind":"waterway","source":"City of Austin Watershed Protection creek centerlines","retrieved_at":"2026-09-29T00:26:18.548370+00:00","access_claim":"none"}},{"type":"Feature","id":"coa-creek/2351971","geometry":{"type":"LineString","coordinates":[[-97.89717,30.2481],[-97.89705,30.24795],[-97.89703,30.24794],[-97.89701,30.24792],[-97.89692,30.24783],[-97.89682,30.24777],[-97.89674,30.24773],[-97.89669,30.2477],[-97.89656,30.24766],[-97.8965,30.24765],[-97.89641,30.24765],[-97.89633,30.24768],[-97.89624,30.2477],[-97.89616,30.24772]]},"properties":{"name":"Williamson Creek","creek_type":"NATURAL_UNCLASSIFIED","reach_id":null,"watershed":"WMS","feature_kind":"waterway","source":"City of Austin Watershed Protection creek centerlines","retrieved_at":"2026-09-29T00:26:18.548370+00:00","access_claim":"none"}},{"type":"Feature","id":"coa-creek/2336427","geometry":{"type":"LineString","coordinates":[[-97.96031,30.27344],[-97.96038,30.27362],[-97.9604,30.27367],[-97.96045,30.27387],[-97.96047,30.27399],[-97.9605,30.27417],[-97.96051,30.27428],[-97.96052,30.27449],[-97.96052,30.2746],[-97.96054,30.27473],[-97.96055,30.2748],[-97.96055,30.27488],[-97.96054,30.27492],[-97.96053,30.27498],[-97.9605,30.27505],[-97.96048,30.27511],[-97.96044,30.27518],[-97.96038,30.27527],[-97.96033,30.27533],[-97.96027,30.2754],[-97.96018,30.27547],[-97.96017,30.27548],[-97.96011,30.27552],[-97.95996,30.27562],[-97.9599,30.27566],[-97.95987,30.27569],[-97.95983,30.27573],[-97.95982,30.27574],[-97.95975,30.27582],[-97.9597,30.27588],[-97.95964,30.27594],[-97.95961,30.27597],[-97.95959,30.27598],[-97.95956,30.276],[-97.95953,30.27602],[-97.9595,30.27604],[-97.95945,30.27606],[-97.95941,30.27607],[-97.95937,30.27609],[-97.95933,30.27611],[-97.95927,30.27614],[-97.95923,30.27616],[-97.95919,30.27617],[-97.95911,30.2762],[-97.959,30.27623],[-97.95892,30.27625],[-97.95882,30.27629],[-97.95873,30.27632],[-97.95859,30.27637],[-97.95845,30.27643],[-97.95832,30.27649],[-97.95824,30.27653],[-97.9581,30.27662],[-97.95807,30.27664],[-97.95793,30.27674],[-97.95787,30.27677],[-97.95783,30.2768],[-97.95778,30.27684],[-97.95775,30.27686],[-97.95772,30.27688],[-97.9577,30.27689],[-97.95767,30.2769],[-97.95763,30.2769],[-97.9576,30.27691],[-97.95756,30.27691],[-97.95755,30.27692],[-97.95752,30.27692],[-97.95749,30.27693],[-97.95747,30.27694],[-97.95743,30.27696],[-97.95742,30.27697],[-97.95741,30.27697],[-97.9574,30.27697],[-97.95738,30.27698],[-97.95737,30.27698],[-97.95735,30.27698]]},"properties":{"name":"Barton Creek","creek_type":"NATURAL_UNCLASSIFIED","reach_id":null,"watershed":"BAR","feature_kind":"waterway","source":"City of Austin Watershed Protection creek centerlines","retrieved_at":"2026-09-29T00:26:18.548370+00:00","access_claim":"none"}},{"type":"Feature","id":"coa-creek/2362574","geometry":{"type":"LineString","coordinates":[[-97.75614,30.22427],[-97.75603,30.22433],[-97.75593,30.22438],[-97.75588,30.22438],[-97.75576,30.22434],[-97.75554,30.22421]]},"properties":{"name":"Blunn Creek","creek_type":"NATURAL_ALLUVIAL","reach_id":"BLU-5","watershed":"BLU","feature_kind":"waterway","source":"City of Austin Watershed Protection creek centerlines","retrieved_at":"2026-09-29T00:26:18.548370+00:00","access_claim":"none"}},{"type":"Feature","id":"coa-creek/2328168","geometry":{"type":"LineString","coordinates":[[-97.73272,30.39249],[-97.73272,30.39246],[-97.73284,30.3921],[-97.73311,30.39131],[-97.73328,30.39083],[-97.73339,30.39051],[-97.73363,30.38969],[-97.73368,30.38958],[-97.73386,30.38891],[-97.73409,30.38811],[-97.73417,30.38782],[-97.7343,30.38733],[-97.73431,30.3873],[-97.73434,30.38687],[-97.73444,30.38647],[-97.73457,30.38602],[-97.73456,30.38588],[-97.73455,30.38576],[-97.73456,30.38571]]},"properties":{"name":"Shoal Creek","creek_type":"UNDERGROUND_STORMDRAIN","reach_id":null,"watershed":"SHL","feature_kind":"waterway","source":"City of Austin Watershed Protection creek centerlines","retrieved_at":"2026-09-29T00:26:18.548370+00:00","access_claim":"none"}},{"type":"Feature","id":"coa-creek/2381617","geometry":{"type":"LineString","coordinates":[[-97.76014,30.20081],[-97.76014,30.20081],[-97.75998,30.20074],[-97.7598,30.20058],[-97.75968,30.20051],[-97.75956,30.20043],[-97.75947,30.20036],[-97.7593,30.20025],[-97.75911,30.2001],[-97.75892,30.19994],[-97.75885,30.19987],[-97.75873,30.19972],[-97.75866,30.1996],[-97.75859,30.19937],[-97.75849,30.199],[-97.75842,30.19874],[-97.75834,30.19829],[-97.75832,30.19819],[-97.75832,30.19813],[-97.75831,30.19803],[-97.75831,30.19789],[-97.75838,30.1976],[-97.75843,30.19753],[-97.75845,30.1975],[-97.75848,30.19743],[-97.75851,30.19737],[-97.75853,30.19734],[-97.75856,30.19732],[-97.75858,30.1973],[-97.75861,30.19727],[-97.75863,30.19724],[-97.75865,30.19722],[-97.75867,30.19719],[-97.7587,30.19716],[-97.75872,30.19714],[-97.75875,30.19712],[-97.75877,30.1971],[-97.75881,30.19706],[-97.75885,30.19701],[-97.7589,30.19695],[-97.75895,30.19689],[-97.75899,30.19687],[-97.75905,30.19683],[-97.75916,30.19681],[-97.75923,30.19679],[-97.75927,30.19678],[-97.75932,30.19676],[-97.75935,30.19674],[-97.75939,30.19671],[-97.75948,30.19662],[-97.75954,30.19658],[-97.75962,30.19651],[-97.75966,30.19647],[-97.75969,30.19645],[-97.7597,30.19643],[-97.75972,30.19641],[-97.75978,30.19633],[-97.75984,30.19625],[-97.75986,30.19623],[-97.75991,30.19617],[-97.75998,30.19611],[-97.76011,30.19596],[-97.76017,30.19588],[-97.76026,30.19577],[-97.76032,30.19569],[-97.76036,30.19564],[-97.76038,30.19561],[-97.7604,30.19558],[-97.76046,30.19556],[-97.76049,30.19554],[-97.76052,30.19551],[-97.76054,30.19547]]},"properties":{"name":"Williamson Creek","creek_type":"NATURAL_ALLUVIAL","reach_id":"WMS-5","watershed":"WMS","feature_kind":"waterway","source":"City of Austin Watershed Protection creek centerlines","retrieved_at":"2026-09-29T00:26:18.548370+00:00","access_claim":"none"}},{"type":"Feature","id":"coa-creek/2330275","geometry":{"type":"LineString","coordinates":[[-97.72391,30.19336],[-97.7239,30.19341],[-97.72388,30.19351],[-97.72376,30.19392],[-97.72373,30.19401],[-97.72366,30.19416],[-97.72365,30.1942],[-97.72361,30.19427],[-97.7236,30.1943],[-97.72357,30.19436],[-97.72355,30.1944],[-97.72351,30.19446],[-97.72347,30.19451],[-97.72346,30.19454],[-97.72345,30.19457],[-97.72344,30.1946],[-97.72343,30.19464],[-97.72342,30.19471],[-97.7234,30.19476],[-97.72339,30.19484],[-97.72336,30.19491],[-97.72332,30.19498],[-97.72328,30.19503],[-97.72324,30.19507],[-97.72321,30.1951],[-97.72317,30.19513],[-97.72313,30.19516],[-97.7231,30.19517],[-97.72307,30.19518],[-97.72302,30.19519],[-97.72297,30.19519],[-97.72285,30.19518],[-97.7227,30.19513],[-97.72261,30.1951],[-97.72253,30.1951],[-97.72248,30.19509],[-97.72243,30.19508],[-97.72239,30.19508],[-97.72235,30.19507],[-97.72227,30.19505],[-97.72219,30.19504],[-97.72196,30.19497],[-97.72172,30.1949]]},"properties":{"name":"Williamson Creek","creek_type":"NATURAL_ROCKBED","reach_id":"WMS-2","watershed":"WMS","feature_kind":"waterway","source":"City of Austin Watershed Protection creek centerlines","retrieved_at":"2026-09-29T00:26:18.548370+00:00","access_claim":"none"}},{"type":"Feature","id":"coa-creek/2382414","geometry":{"type":"LineString","coordinates":[[-97.85547,30.30497],[-97.85547,30.30497],[-97.85536,30.30495],[-97.85529,30.30494],[-97.85521,30.30492],[-97.85515,30.3049],[-97.85511,30.30489],[-97.85505,30.30488],[-97.85496,30.30485],[-97.85491,30.30484],[-97.8548,30.30484],[-97.85474,30.30483],[-97.85469,30.30482],[-97.85462,30.3048],[-97.85457,30.30479],[-97.85455,30.30478],[-97.85452,30.30477],[-97.8545,30.30476],[-97.85447,30.30473],[-97.85446,30.30473],[-97.85443,30.30471],[-97.85438,30.30469],[-97.85434,30.30467],[-97.85431,30.30466],[-97.85428,30.30464],[-97.85427,30.30464],[-97.85418,30.30458],[-97.85411,30.30454],[-97.85399,30.30449],[-97.85393,30.30446],[-97.85389,30.30443],[-97.85387,30.30442],[-97.85386,30.30442]]},"properties":{"name":"Barton Creek","creek_type":"NATURAL_ROCKBED","reach_id":"BAR-7","watershed":"BAR","feature_kind":"waterway","source":"City of Austin Watershed Protection creek centerlines","retrieved_at":"2026-09-29T00:26:18.548370+00:00","access_claim":"none"}},{"type":"Feature","id":"coa-creek/2349511","geometry":{"type":"LineString","coordinates":[[-97.66477,30.38303],[-97.66475,30.38299],[-97.66472,30.38288],[-97.66469,30.38283],[-97.66466,30.3828],[-97.66462,30.38271],[-97.6646,30.38263],[-97.66448,30.38236],[-97.66444,30.38227],[-97.66434,30.38206],[-97.66432,30.38204],[-97.66428,30.38197],[-97.66419,30.38186],[-97.66413,30.38181],[-97.6641,30.38177],[-97.66407,30.38174],[-97.66407,30.38169],[-97.66407,30.38161],[-97.66405,30.38147],[-97.66401,30.38129],[-97.66398,30.38117],[-97.66397,30.38095],[-97.66395,30.38079],[-97.66393,30.38065],[-97.66389,30.38032],[-97.66387,30.38016],[-97.66388,30.38004],[-97.6639,30.37997],[-97.66394,30.37989],[-97.66399,30.37973],[-97.66402,30.37957],[-97.66403,30.3795],[-97.66402,30.37943],[-97.66397,30.37925]]},"properties":{"name":"Walnut Creek","creek_type":"NATURAL_ROCKBED","reach_id":"WLN-8","watershed":"WLN","feature_kind":"waterway","source":"City of Austin Watershed Protection creek centerlines","retrieved_at":"2026-09-29T00:26:18.548370+00:00","access_claim":"none"}},{"type":"Feature","id":"coa-creek/2374833","geometry":{"type":"LineString","coordinates":[[-97.6982,30.40604],[-97.69814,30.40602],[-97.69804,30.406],[-97.69797,30.40599],[-97.69792,30.40598],[-97.69783,30.40597],[-97.6978,30.40596],[-97.69777,30.40595],[-97.6977,30.40594],[-97.69759,30.40594],[-97.69747,30.40596],[-97.6974,30.40596],[-97.69736,30.40597],[-97.69725,30.40595],[-97.69711,30.40592],[-97.69684,30.40587],[-97.6967,30.40583],[-97.69664,30.40581],[-97.69658,30.40577],[-97.69648,30.40572],[-97.69622,30.40557],[-97.69579,30.40534],[-97.69574,30.40531],[-97.69563,30.40525],[-97.69558,30.4052],[-97.69548,30.40511],[-97.69536,30.40498],[-97.6952,30.40481]]},"properties":{"name":"Walnut Creek","creek_type":"NATURAL_ROCKBED","reach_id":"WLN-12","watershed":"WLN","feature_kind":"waterway","source":"City of Austin Watershed Protection creek centerlines","retrieved_at":"2026-09-29T00:26:18.548370+00:00","access_claim":"none"}},{"type":"Feature","id":"coa-creek/2363755","geometry":{"type":"LineString","coordinates":[[-97.82813,30.22441],[-97.82812,30.2244],[-97.82808,30.22435],[-97.82801,30.22432],[-97.82799,30.22429],[-97.82793,30.22415],[-97.82791,30.22412],[-97.82789,30.22406],[-97.82786,30.22402],[-97.82785,30.22401],[-97.82784,30.22401],[-97.82782,30.22399],[-97.82779,30.22398],[-97.82775,30.22396],[-97.8277,30.22394],[-97.82766,30.22393],[-97.82762,30.22392],[-97.82758,30.22392],[-97.82754,30.22392],[-97.82741,30.22393],[-97.8273,30.22392],[-97.82723,30.22392],[-97.8272,30.22391],[-97.82716,30.2239],[-97.82713,30.2239]]},"properties":{"name":"Williamson Creek","creek_type":"NATURAL_ROCKBED","reach_id":"WMS-11","watershed":"WMS","feature_kind":"waterway","source":"City of Austin Watershed Protection creek centerlines","retrieved_at":"2026-09-29T00:26:18.548370+00:00","access_claim":"none"}},{"type":"Feature","id":"coa-creek/2358848","geometry":{"type":"LineString","coordinates":[[-97.91202,30.30607],[-97.91201,30.30608],[-97.91196,30.30614],[-97.91194,30.30618],[-97.91191,30.30624],[-97.91189,30.3063],[-97.91188,30.30632],[-97.91185,30.30636],[-97.91182,30.30639],[-97.91178,30.30643],[-97.91175,30.30646],[-97.91166,30.30652],[-97.91165,30.30653],[-97.91164,30.30654],[-97.91163,30.30655],[-97.91162,30.30656],[-97.91161,30.30659],[-97.91161,30.3066],[-97.91159,30.30661],[-97.91157,30.30662],[-97.91152,30.30664],[-97.9115,30.30665],[-97.91147,30.30666],[-97.91144,30.30668],[-97.91142,30.3067],[-97.91141,30.3067],[-97.91137,30.30673],[-97.91136,30.30674],[-97.91133,30.30676],[-97.91132,30.30677],[-97.9113,30.30677],[-97.91129,30.30678],[-97.91126,30.30679]]},"properties":{"name":"Barton Creek","creek_type":"NATURAL_ROCKBED","reach_id":"BAR-10","watershed":"BAR","feature_kind":"waterway","source":"City of Austin Watershed Protection creek centerlines","retrieved_at":"2026-09-29T00:26:18.548370+00:00","access_claim":"none"}},{"type":"Feature","id":"coa-creek/2375762","geometry":{"type":"LineString","coordinates":[[-97.73939,30.36043],[-97.73941,30.36039],[-97.73943,30.36037],[-97.73948,30.36029],[-97.73949,30.36027],[-97.73949,30.36027]]},"properties":{"name":"Shoal Creek","creek_type":"UNDERGROUND_CULVERT","reach_id":"SHL-14","watershed":"SHL","feature_kind":"waterway","source":"City of Austin Watershed Protection creek centerlines","retrieved_at":"2026-09-29T00:26:18.548370+00:00","access_claim":"none"}},{"type":"Feature","id":"coa-creek/2327929","geometry":{"type":"LineString","coordinates":[[-97.74756,30.23996],[-97.74756,30.23997],[-97.74758,30.24001],[-97.74757,30.24004],[-97.74756,30.24007],[-97.74754,30.24009],[-97.74753,30.24011],[-97.74751,30.24013],[-97.7475,30.24016]]},"properties":{"name":"Blunn Creek","creek_type":"NATURAL_ALLUVIAL","reach_id":"BLU-3","watershed":"BLU","feature_kind":"waterway","source":"City of Austin Watershed Protection creek centerlines","retrieved_at":"2026-09-29T00:26:18.548370+00:00","access_claim":"none"}},{"type":"Feature","id":"coa-creek/2344319","geometry":{"type":"LineString","coordinates":[[-97.77499,30.39036],[-97.77498,30.39037]]},"properties":{"name":"Bull Creek","creek_type":"UNDERGROUND_CULVERT","reach_id":"BUL-7","watershed":"BUL","feature_kind":"waterway","source":"City of Austin Watershed Protection creek centerlines","retrieved_at":"2026-09-29T00:26:18.548370+00:00","access_claim":"none"}},{"type":"Feature","id":"coa-creek/2364696","geometry":{"type":"LineString","coordinates":[[-97.78752,30.13052],[-97.78735,30.1305],[-97.78728,30.13048],[-97.78722,30.13046]]},"properties":{"name":"Onion Creek","creek_type":"NATURAL_ROCKBED","reach_id":"ONI-9","watershed":"ONI","feature_kind":"waterway","source":"City of Austin Watershed Protection creek centerlines","retrieved_at":"2026-09-29T00:26:18.548370+00:00","access_claim":"none"}},{"type":"Feature","id":"coa-creek/2334130","geometry":{"type":"LineString","coordinates":[[-97.81229,30.21958],[-97.81227,30.21956],[-97.81224,30.21956],[-97.81221,30.21956]]},"properties":{"name":"Williamson Creek","creek_type":"UNDERGROUND_CULVERT","reach_id":"WMS-10","watershed":"WMS","feature_kind":"waterway","source":"City of Austin Watershed Protection creek centerlines","retrieved_at":"2026-09-29T00:26:18.548370+00:00","access_claim":"none"}},{"type":"Feature","id":"coa-creek/2340584","geometry":{"type":"LineString","coordinates":[[-97.81504,30.41827],[-97.81469,30.41855],[-97.81443,30.41865],[-97.81422,30.41867],[-97.81363,30.41882],[-97.81337,30.41888],[-97.81305,30.41895],[-97.81276,30.41898],[-97.81257,30.41903],[-97.81236,30.41908],[-97.81211,30.41915],[-97.81189,30.41915],[-97.81175,30.41916],[-97.81114,30.41932],[-97.81102,30.41934]]},"properties":{"name":"Bull Creek","creek_type":"NATURAL_ALLUVIAL","reach_id":"BUL-11","watershed":"BUL","feature_kind":"waterway","source":"City of Austin Watershed Protection creek centerlines","retrieved_at":"2026-09-29T00:26:18.548370+00:00","access_claim":"none"}},{"type":"Feature","id":"coa-creek/2380472","geometry":{"type":"LineString","coordinates":[[-97.71694,30.18349],[-97.71688,30.18342],[-97.71679,30.18334],[-97.7167,30.18326],[-97.71659,30.18313],[-97.71644,30.18295],[-97.71628,30.18275],[-97.71617,30.18258],[-97.71605,30.18242]]},"properties":{"name":"Onion Creek","creek_type":"NATURAL_ROCKBED","reach_id":"ONI-3","watershed":"ONI","feature_kind":"waterway","source":"City of Austin Watershed Protection creek centerlines","retrieved_at":"2026-09-29T00:26:18.548370+00:00","access_claim":"none"}},{"type":"Feature","id":"coa-creek/2361302","geometry":{"type":"LineString","coordinates":[[-97.87151,30.23507],[-97.87146,30.23505]]},"properties":{"name":"Williamson Creek","creek_type":"NATURAL_ROCKBED","reach_id":"WMS-12","watershed":"WMS","feature_kind":"waterway","source":"City of Austin Watershed Protection creek centerlines","retrieved_at":"2026-09-29T00:26:18.548370+00:00","access_claim":"none"}},{"type":"Feature","id":"coa-creek/2326383","geometry":{"type":"LineString","coordinates":[[-97.80618,30.13338],[-97.80598,30.13349],[-97.80589,30.13358]]},"properties":{"name":"Onion Creek","creek_type":"NATURAL_ROCKBED","reach_id":"ONI-9","watershed":"ONI","feature_kind":"waterway","source":"City of Austin Watershed Protection creek centerlines","retrieved_at":"2026-09-29T00:26:18.548370+00:00","access_claim":"none"}},{"type":"Feature","id":"coa-creek/2332772","geometry":{"type":"LineString","coordinates":[[-97.82261,30.41269],[-97.82262,30.4129],[-97.8226,30.41297],[-97.82256,30.41303],[-97.82254,30.4131],[-97.8225,30.41314],[-97.82246,30.41318],[-97.82243,30.41321],[-97.82237,30.41332],[-97.82233,30.41344],[-97.82233,30.41352],[-97.82226,30.4137],[-97.82221,30.41383],[-97.82218,30.41388],[-97.82213,30.41395],[-97.82209,30.41401],[-97.82203,30.41408],[-97.82191,30.41421]]},"properties":{"name":"Bull Creek","creek_type":"NATURAL_ALLUVIAL","reach_id":"BUL-11","watershed":"BUL","feature_kind":"waterway","source":"City of Austin Watershed Protection creek centerlines","retrieved_at":"2026-09-29T00:26:18.548370+00:00","access_claim":"none"}},{"type":"Feature","id":"coa-creek/2329675","geometry":{"type":"LineString","coordinates":[[-97.81098,30.21964],[-97.81097,30.21964],[-97.81091,30.2197],[-97.81088,30.21975],[-97.81087,30.21977],[-97.81084,30.2198],[-97.81082,30.21985],[-97.81082,30.21986]]},"properties":{"name":"Williamson Creek","creek_type":"NATURAL_ALLUVIAL","reach_id":"WMS-10","watershed":"WMS","feature_kind":"waterway","source":"City of Austin Watershed Protection creek centerlines","retrieved_at":"2026-09-29T00:26:18.548370+00:00","access_claim":"none"}},{"type":"Feature","id":"coa-creek/2340106","geometry":{"type":"LineString","coordinates":[[-97.75731,30.18917],[-97.7572,30.18911],[-97.75709,30.18904],[-97.75698,30.18897],[-97.75682,30.18886],[-97.75663,30.18871],[-97.75658,30.18867],[-97.75624,30.18834],[-97.75614,30.18825],[-97.75606,30.18817],[-97.75591,30.18804],[-97.75579,30.18795],[-97.75564,30.18786],[-97.75545,30.18778],[-97.75536,30.18774],[-97.75525,30.18768],[-97.75508,30.18756],[-97.75498,30.1875],[-97.7549,30.18741],[-97.75481,30.18715],[-97.75479,30.18708],[-97.75479,30.18696],[-97.75479,30.18693],[-97.75476,30.18686],[-97.75472,30.1868],[-97.75469,30.18676],[-97.75463,30.18671],[-97.75442,30.18658],[-97.75429,30.18646],[-97.75396,30.18625],[-97.75385,30.18618],[-97.75367,30.18606],[-97.75349,30.18593],[-97.7534,30.18586],[-97.75321,30.18569],[-97.75294,30.18537],[-97.75279,30.18521],[-97.75272,30.18512],[-97.75267,30.18504],[-97.75262,30.18498],[-97.75255,30.18493]]},"properties":{"name":"Williamson Creek","creek_type":"NATURAL_ALLUVIAL","reach_id":"WMS-5","watershed":"WMS","feature_kind":"waterway","source":"City of Austin Watershed Protection creek centerlines","retrieved_at":"2026-09-29T00:26:18.548370+00:00","access_claim":"none"}},{"type":"Feature","id":"coa-creek/2363405","geometry":{"type":"LineString","coordinates":[[-97.89176,30.29531],[-97.89157,30.29541],[-97.89139,30.29549]]},"properties":{"name":"Barton Creek","creek_type":"NATURAL_ALLUVIAL","reach_id":"BAR-9","watershed":"BAR","feature_kind":"waterway","source":"City of Austin Watershed Protection creek centerlines","retrieved_at":"2026-09-29T00:26:18.548370+00:00","access_claim":"none"}},{"type":"Feature","id":"coa-creek/2380862","geometry":{"type":"LineString","coordinates":[[-97.85444,30.23057],[-97.85444,30.23055],[-97.85445,30.23052],[-97.85445,30.23049],[-97.85444,30.23046],[-97.85444,30.23042],[-97.85442,30.23038],[-97.85441,30.23036],[-97.8544,30.23034],[-97.85435,30.23024],[-97.85431,30.23018],[-97.85429,30.23015],[-97.85426,30.23013],[-97.85423,30.23009],[-97.8542,30.23007],[-97.85417,30.23005],[-97.85413,30.23002],[-97.8541,30.22998],[-97.85408,30.2299],[-97.85406,30.22985],[-97.85405,30.22981],[-97.85405,30.22978],[-97.85405,30.22972],[-97.85402,30.22963],[-97.85398,30.22948],[-97.85396,30.22938],[-97.8539,30.22931],[-97.85383,30.22927],[-97.85372,30.22922],[-97.85363,30.22917],[-97.85355,30.22913],[-97.85345,30.22907],[-97.85338,30.22902],[-97.8533,30.22897],[-97.85319,30.2289],[-97.85306,30.22878],[-97.85299,30.22872],[-97.85297,30.2287],[-97.85295,30.22868],[-97.85292,30.22864],[-97.85286,30.22859],[-97.85278,30.2285],[-97.85271,30.22843],[-97.8526,30.22832],[-97.85253,30.22826],[-97.85247,30.2282],[-97.85242,30.22813],[-97.85235,30.22807],[-97.85229,30.228],[-97.85221,30.22792],[-97.85215,30.22782],[-97.85208,30.22773],[-97.852,30.22767],[-97.85194,30.22761],[-97.85192,30.22758],[-97.85187,30.22753],[-97.85184,30.22749],[-97.85177,30.22743],[-97.8517,30.22737],[-97.85164,30.22733],[-97.85159,30.22731],[-97.85154,30.22726],[-97.85144,30.22721],[-97.85137,30.22717],[-97.85131,30.22712],[-97.85124,30.22706],[-97.85116,30.22701],[-97.85104,30.22693],[-97.851,30.22689],[-97.85092,30.22684],[-97.85085,30.22674],[-97.85082,30.2267],[-97.85078,30.22666],[-97.8507,30.22661],[-97.85061,30.22656],[-97.85053,30.22652],[-97.8504,30.22648],[-97.85024,30.22643],[-97.85017,30.22642],[-97.85011,30.22641],[-97.85006,30.2264],[-97.85004,30.2264],[-97.85,30.2264],[-97.84989,30.22638],[-97.84985,30.22638],[-97.84983,30.22638],[-97.84979,30.22637],[-97.84973,30.22636],[-97.84965,30.22633],[-97.84956,30.22631],[-97.84948,30.22629],[-97.84941,30.22625],[-97.84932,30.22623],[-97.84922,30.22622],[-97.84913,30.22621],[-97.84906,30.22616],[-97.84898,30.22613],[-97.84887,30.22609],[-97.84882,30.22608],[-97.84879,30.22607],[-97.84872,30.22604],[-97.84864,30.22603],[-97.84859,30.22602],[-97.8485,30.22599],[-97.84836,30.22595],[-97.84822,30.22588],[-97.8481,30.22585],[-97.84785,30.2258],[-97.84758,30.22579],[-97.84748,30.22579],[-97.84741,30.22581],[-97.84735,30.22582],[-97.84728,30.22582],[-97.84706,30.22587],[-97.84701,30.22588],[-97.84692,30.22589],[-97.84686,30.22591],[-97.84679,30.2259],[-97.84662,30.22588],[-97.84656,30.22589],[-97.84636,30.22589],[-97.84623,30.22589],[-97.84614,30.22588],[-97.84608,30.22587],[-97.84606,30.22587],[-97.84595,30.22586],[-97.84591,30.22586],[-97.84584,30.22586],[-97.84573,30.22585],[-97.84566,30.22584],[-97.84552,30.22585],[-97.84546,30.22583],[-97.84539,30.22582],[-97.84532,30.2258],[-97.84522,30.22578],[-97.84515,30.22576],[-97.84512,30.22575],[-97.84511,30.22572],[-97.84509,30.22571],[-97.84503,30.22567],[-97.84501,30.22565],[-97.84494,30.22561],[-97.84489,30.22559],[-97.84487,30.22558],[-97.84485,30.22557],[-97.84483,30.22557],[-97.84481,30.22556],[-97.84463,30.22553],[-97.8444,30.22549],[-97.84437,30.22548],[-97.84432,30.22548],[-97.84428,30.22548],[-97.8442,30.22548],[-97.844,30.22549],[-97.84372,30.22548],[-97.84353,30.22545],[-97.84346,30.22544],[-97.84342,30.22544],[-97.84338,30.22544],[-97.84334,30.22544],[-97.84326,30.22544],[-97.84312,30.22546],[-97.84301,30.22548],[-97.84281,30.22553],[-97.84253,30.22563],[-97.8425,30.22564],[-97.84248,30.22565],[-97.84246,30.22566],[-97.84243,30.22567],[-97.84239,30.22571],[-97.84233,30.22576],[-97.84228,30.22579],[-97.84215,30.22586],[-97.8421,30.22589],[-97.84206,30.22591],[-97.84197,30.22596],[-97.84194,30.22598],[-97.84192,30.22599],[-97.84181,30.22602],[-97.84174,30.22609],[-97.84166,30.22616]]},"properties":{"name":"Williamson Creek","creek_type":"NATURAL_ROCKBED","reach_id":"WMS-11","watershed":"WMS","feature_kind":"waterway","source":"City of Austin Watershed Protection creek centerlines","retrieved_at":"2026-09-29T00:26:18.548370+00:00","access_claim":"none"}},{"type":"Feature","id":"coa-creek/2379443","geometry":{"type":"LineString","coordinates":[[-97.67589,30.17397],[-97.67576,30.17393],[-97.67532,30.1738],[-97.67506,30.17373],[-97.67502,30.17373]]},"properties":{"name":"Onion Creek","creek_type":"NATURAL_ALLUVIAL","reach_id":"ONI-2","watershed":"ONI","feature_kind":"waterway","source":"City of Austin Watershed Protection creek centerlines","retrieved_at":"2026-09-29T00:26:18.548370+00:00","access_claim":"none"}},{"type":"Feature","id":"coa-creek/2371924","geometry":{"type":"LineString","coordinates":[[-97.74546,30.17675],[-97.74551,30.17689],[-97.74549,30.17709],[-97.74545,30.17734],[-97.74532,30.17764],[-97.74531,30.17767]]},"properties":{"name":"Onion Creek","creek_type":"NATURAL_ROCKBED","reach_id":"ONI-5","watershed":"ONI","feature_kind":"waterway","source":"City of Austin Watershed Protection creek centerlines","retrieved_at":"2026-09-29T00:26:18.548370+00:00","access_claim":"none"}},{"type":"Feature","id":"coa-creek/2319631","geometry":{"type":"LineString","coordinates":[[-97.65054,30.32237],[-97.65057,30.32229],[-97.65076,30.32213],[-97.65086,30.32198],[-97.6509,30.32192],[-97.65101,30.32182],[-97.65134,30.32156],[-97.65155,30.32135],[-97.65166,30.32119],[-97.65177,30.32093],[-97.65178,30.32081],[-97.65174,30.32072],[-97.65167,30.32064],[-97.65139,30.32044],[-97.65134,30.32036],[-97.65131,30.32023],[-97.65131,30.32015],[-97.65135,30.32002],[-97.65149,30.31986],[-97.65155,30.31978],[-97.65157,30.31964],[-97.65169,30.31913],[-97.65169,30.31901],[-97.6517,30.3189],[-97.65169,30.31881],[-97.65169,30.31874],[-97.65169,30.31865],[-97.65169,30.31857],[-97.65169,30.3185],[-97.6517,30.31845],[-97.65173,30.31837],[-97.65176,30.31828],[-97.65177,30.31819],[-97.65177,30.3181],[-97.65175,30.318],[-97.6517,30.3178],[-97.6517,30.31772],[-97.65169,30.31766],[-97.65166,30.31756],[-97.65163,30.31744],[-97.65161,30.31739],[-97.6516,30.31737],[-97.65157,30.31732],[-97.65153,30.31728],[-97.65147,30.31725],[-97.65142,30.3172],[-97.65134,30.31717],[-97.65125,30.31716],[-97.6511,30.31717]]},"properties":{"name":"Walnut Creek","creek_type":"NATURAL_ALLUVIAL","reach_id":"WLN-4","watershed":"WLN","feature_kind":"waterway","source":"City of Austin Watershed Protection creek centerlines","retrieved_at":"2026-09-29T00:26:18.548370+00:00","access_claim":"none"}},{"type":"Feature","id":"coa-creek/2363180","geometry":{"type":"LineString","coordinates":[[-97.92677,30.2958],[-97.92676,30.29581],[-97.92675,30.29582],[-97.92674,30.29583],[-97.92674,30.29584],[-97.92672,30.29585],[-97.92671,30.29586],[-97.9267,30.29587],[-97.92668,30.29587],[-97.92666,30.29588],[-97.92665,30.29588],[-97.92662,30.29589],[-97.92661,30.2959]]},"properties":{"name":"Barton Creek","creek_type":"NATURAL_ALLUVIAL","reach_id":null,"watershed":"BAR","feature_kind":"waterway","source":"City of Austin Watershed Protection creek centerlines","retrieved_at":"2026-09-29T00:26:18.548370+00:00","access_claim":"none"}},{"type":"Feature","id":"coa-creek/2330489","geometry":{"type":"LineString","coordinates":[[-97.74586,30.32006],[-97.74589,30.32006],[-97.74602,30.32004],[-97.74616,30.32005],[-97.74635,30.32012],[-97.74647,30.32016],[-97.7467,30.32021],[-97.7469,30.32028],[-97.74702,30.32036],[-97.74759,30.3206],[-97.748,30.32074],[-97.74829,30.32081],[-97.74868,30.32092],[-97.74881,30.32094],[-97.74887,30.32096],[-97.74897,30.32097],[-97.74911,30.32094],[-97.74922,30.3209],[-97.74926,30.32086],[-97.74929,30.32078],[-97.74929,30.32069],[-97.7493,30.32056],[-97.74933,30.32039],[-97.74936,30.32019],[-97.74937,30.32008],[-97.74935,30.31979],[-97.74933,30.3197],[-97.74927,30.31938],[-97.74916,30.31907],[-97.74916,30.31904]]},"properties":{"name":"Shoal Creek","creek_type":"NATURAL_ROCKBED","reach_id":"SHL-8","watershed":"SHL","feature_kind":"waterway","source":"City of Austin Watershed Protection creek centerlines","retrieved_at":"2026-09-29T00:26:18.548370+00:00","access_claim":"none"}},{"type":"Feature","id":"coa-creek/2352597","geometry":{"type":"LineString","coordinates":[[-97.65319,30.28437],[-97.65316,30.28438],[-97.65313,30.28439],[-97.6531,30.28438],[-97.65306,30.28438],[-97.65303,30.28438],[-97.65301,30.28437],[-97.65296,30.28436],[-97.65292,30.28434],[-97.65289,30.28432],[-97.65286,30.2843],[-97.65285,30.28428],[-97.65282,30.28423],[-97.65281,30.28416],[-97.65281,30.28412],[-97.65282,30.28408],[-97.65285,30.28396],[-97.65291,30.28388],[-97.65296,30.28381],[-97.65301,30.28375],[-97.65306,30.28371],[-97.65313,30.28368],[-97.65326,30.28364],[-97.65335,30.28361],[-97.6535,30.28359],[-97.65367,30.28356],[-97.65378,30.28353],[-97.65393,30.28351],[-97.65418,30.28348],[-97.65428,30.28345],[-97.65444,30.28339],[-97.65454,30.28335],[-97.6546,30.28331],[-97.65466,30.28325]]},"properties":{"name":"Walnut Creek","creek_type":"NATURAL_ALLUVIAL","reach_id":"WLN-2","watershed":"WLN","feature_kind":"waterway","source":"City of Austin Watershed Protection creek centerlines","retrieved_at":"2026-09-29T00:26:18.548370+00:00","access_claim":"none"}},{"type":"Feature","id":"coa-creek/2351996","geometry":{"type":"LineString","coordinates":[[-97.72426,30.43842],[-97.72416,30.43844],[-97.72413,30.43845],[-97.72408,30.43845],[-97.72408,30.43845]]},"properties":{"name":"Walnut Creek","creek_type":"NATURAL_ALLUVIAL","reach_id":"WLN-16","watershed":"WLN","feature_kind":"waterway","source":"City of Austin Watershed Protection creek centerlines","retrieved_at":"2026-09-29T00:26:18.548370+00:00","access_claim":"none"}},{"type":"Feature","id":"coa-creek/2329351","geometry":{"type":"LineString","coordinates":[[-97.81221,30.21956],[-97.81215,30.21954],[-97.81202,30.21949],[-97.81196,30.21947],[-97.81191,30.21945],[-97.81186,30.21943],[-97.8118,30.21943],[-97.81174,30.21944],[-97.81157,30.21941],[-97.81149,30.21941],[-97.8114,30.21943],[-97.81127,30.21945],[-97.81122,30.21947],[-97.81119,30.21949],[-97.81114,30.21949],[-97.8111,30.2195],[-97.81109,30.21952],[-97.81104,30.21957],[-97.81098,30.21964]]},"properties":{"name":"Williamson Creek","creek_type":"NATURAL_ALLUVIAL","reach_id":"WMS-10","watershed":"WMS","feature_kind":"waterway","source":"City of Austin Watershed Protection creek centerlines","retrieved_at":"2026-09-29T00:26:18.548370+00:00","access_claim":"none"}},{"type":"Feature","id":"coa-creek/2380227","geometry":{"type":"LineString","coordinates":[[-97.91653,30.24727],[-97.91645,30.24728],[-97.91626,30.2473],[-97.91616,30.24726],[-97.91605,30.24716],[-97.91577,30.2469]]},"properties":{"name":"Williamson Creek","creek_type":"POND","reach_id":null,"watershed":"WMS","feature_kind":"waterway","source":"City of Austin Watershed Protection creek centerlines","retrieved_at":"2026-09-29T00:26:18.548370+00:00","access_claim":"none"}},{"type":"Feature","id":"coa-creek/2386844","geometry":{"type":"LineString","coordinates":[[-97.82439,30.09946],[-97.82448,30.0995],[-97.82452,30.09951],[-97.82456,30.09957],[-97.82461,30.09962],[-97.82468,30.09968],[-97.82471,30.09971],[-97.82478,30.0998],[-97.82482,30.09985],[-97.82486,30.09988],[-97.82492,30.09994],[-97.82497,30.09999],[-97.82503,30.10003],[-97.82512,30.10011],[-97.82517,30.10013],[-97.82525,30.10018],[-97.82541,30.10027],[-97.82558,30.10036],[-97.82584,30.10056],[-97.82636,30.10092],[-97.82666,30.10113]]},"properties":{"name":"Onion Creek","creek_type":"NATURAL_ROCKBED","reach_id":null,"watershed":"ONI","feature_kind":"waterway","source":"City of Austin Watershed Protection creek centerlines","retrieved_at":"2026-09-29T00:26:18.548370+00:00","access_claim":"none"}},{"type":"Feature","id":"coa-creek/2376253","geometry":{"type":"LineString","coordinates":[[-97.64877,30.3301],[-97.64874,30.33001],[-97.64853,30.32977],[-97.64837,30.3295],[-97.6483,30.32938],[-97.64824,30.32927],[-97.64818,30.32917],[-97.64804,30.32894],[-97.64801,30.32887],[-97.64801,30.32878],[-97.64808,30.32859],[-97.64814,30.32848]]},"properties":{"name":"Walnut Creek","creek_type":"NATURAL_ALLUVIAL","reach_id":"WLN-4","watershed":"WLN","feature_kind":"waterway","source":"City of Austin Watershed Protection creek centerlines","retrieved_at":"2026-09-29T00:26:18.548370+00:00","access_claim":"none"}},{"type":"Feature","id":"coa-creek/2362433","geometry":{"type":"LineString","coordinates":[[-97.73727,30.44048],[-97.73726,30.44048],[-97.7372,30.4405],[-97.73714,30.44053]]},"properties":{"name":"Walnut Creek","creek_type":"NATURAL_UNCLASSIFIED","reach_id":"WLN-17","watershed":"WLN","feature_kind":"waterway","source":"City of Austin Watershed Protection creek centerlines","retrieved_at":"2026-09-29T00:26:18.548370+00:00","access_claim":"none"}},{"type":"Feature","id":"coa-creek/2354855","geometry":{"type":"LineString","coordinates":[[-97.66397,30.37925],[-97.66384,30.37884],[-97.6638,30.37867],[-97.66377,30.3785],[-97.66372,30.37836],[-97.66365,30.3782],[-97.66357,30.37802],[-97.66346,30.37784],[-97.66335,30.37769],[-97.6633,30.37758],[-97.66324,30.37746],[-97.6632,30.37735],[-97.66317,30.3772],[-97.66313,30.37709],[-97.66306,30.3769],[-97.66299,30.37679],[-97.66289,30.37659],[-97.66284,30.3765]]},"properties":{"name":"Walnut Creek","creek_type":"NATURAL_ROCKBED","reach_id":"WLN-8","watershed":"WLN","feature_kind":"waterway","source":"City of Austin Watershed Protection creek centerlines","retrieved_at":"2026-09-29T00:26:18.548370+00:00","access_claim":"none"}},{"type":"Feature","id":"coa-creek/2319575","geometry":{"type":"LineString","coordinates":[[-97.75623,30.22415],[-97.75622,30.22418],[-97.75619,30.22422],[-97.75614,30.22427]]},"properties":{"name":"Blunn Creek","creek_type":"NATURAL_ALLUVIAL","reach_id":"BLU-5","watershed":"BLU","feature_kind":"waterway","source":"City of Austin Watershed Protection creek centerlines","retrieved_at":"2026-09-29T00:26:18.548370+00:00","access_claim":"none"}},{"type":"Feature","id":"coa-creek/2332935","geometry":{"type":"LineString","coordinates":[[-97.78399,30.12918],[-97.78394,30.12924],[-97.78386,30.12929],[-97.78375,30.12932],[-97.78357,30.12937],[-97.7834,30.12942],[-97.78297,30.12955],[-97.78278,30.12963],[-97.78255,30.1297]]},"properties":{"name":"Onion Creek","creek_type":"NATURAL_ROCKBED","reach_id":"ONI-9","watershed":"ONI","feature_kind":"waterway","source":"City of Austin Watershed Protection creek centerlines","retrieved_at":"2026-09-29T00:26:18.548370+00:00","access_claim":"none"}},{"type":"Feature","id":"coa-creek/2366060","geometry":{"type":"LineString","coordinates":[[-97.64853,30.17852],[-97.64841,30.17855],[-97.64839,30.17857]]},"properties":{"name":"Onion Creek","creek_type":"NATURAL_ALLUVIAL","reach_id":"ONI-1","watershed":"ONI","feature_kind":"waterway","source":"City of Austin Watershed Protection creek centerlines","retrieved_at":"2026-09-29T00:26:18.548370+00:00","access_claim":"none"}},{"type":"Feature","id":"coa-creek/2361339","geometry":{"type":"LineString","coordinates":[[-97.93675,30.27884],[-97.9367,30.27881],[-97.93662,30.27875],[-97.93653,30.27869],[-97.93651,30.27867],[-97.93647,30.27865],[-97.93643,30.27862],[-97.93639,30.2786],[-97.93618,30.27848],[-97.93607,30.27842],[-97.93602,30.27839],[-97.93593,30.27833],[-97.93587,30.2783],[-97.93584,30.27828],[-97.93581,30.27827],[-97.93566,30.2782],[-97.9355,30.27813],[-97.93542,30.27809],[-97.9354,30.27808],[-97.93534,30.27806],[-97.93512,30.27798],[-97.935,30.27793],[-97.93484,30.27787],[-97.93453,30.27775],[-97.93431,30.27768],[-97.93425,30.27766],[-97.93418,30.27763],[-97.93406,30.27759],[-97.93403,30.27757],[-97.93396,30.27755],[-97.93393,30.27755],[-97.93389,30.27753],[-97.93386,30.27752],[-97.93384,30.27751],[-97.93381,30.2775],[-97.93377,30.27747]]},"properties":{"name":"Barton Creek","creek_type":"NATURAL_UNCLASSIFIED","reach_id":null,"watershed":"BAR","feature_kind":"waterway","source":"City of Austin Watershed Protection creek centerlines","retrieved_at":"2026-09-29T00:26:18.548370+00:00","access_claim":"none"}},{"type":"Feature","id":"coa-creek/2341009","geometry":{"type":"LineString","coordinates":[[-97.82883,30.40288],[-97.82871,30.40294],[-97.82864,30.40297],[-97.82858,30.403],[-97.82854,30.40303],[-97.82848,30.40306],[-97.82839,30.40313],[-97.8283,30.40315],[-97.82824,30.40318],[-97.82818,30.40319],[-97.82813,30.4032],[-97.82804,30.40324],[-97.82796,30.40327],[-97.8279,30.40329],[-97.82784,30.40332],[-97.82778,30.40335],[-97.8277,30.40339],[-97.82762,30.40342],[-97.82753,30.40346],[-97.82744,30.4035],[-97.82733,30.40357],[-97.82727,30.40363],[-97.8272,30.40374],[-97.82719,30.4038],[-97.82718,30.40386],[-97.82716,30.4039],[-97.82713,30.40393],[-97.82708,30.40395],[-97.82702,30.40397],[-97.82697,30.40399],[-97.82691,30.40402],[-97.82676,30.40409],[-97.82668,30.40411],[-97.82664,30.40412],[-97.82658,30.40412],[-97.82653,30.40414],[-97.82639,30.40416],[-97.82632,30.40416],[-97.82625,30.40425],[-97.82624,30.40429],[-97.82624,30.40433],[-97.82628,30.4044],[-97.8263,30.40447],[-97.82631,30.40453],[-97.82634,30.40458],[-97.82637,30.40462],[-97.82637,30.40469],[-97.82635,30.40478],[-97.82634,30.40482],[-97.82632,30.4049],[-97.82629,30.40494],[-97.82626,30.40499],[-97.82617,30.40508],[-97.8261,30.40513],[-97.82607,30.40515],[-97.826,30.40519],[-97.82591,30.40526],[-97.82584,30.40532],[-97.82578,30.40536],[-97.82575,30.40539],[-97.82566,30.40542],[-97.82562,30.40543],[-97.82553,30.40548],[-97.82546,30.4055],[-97.82542,30.40551],[-97.82535,30.40552],[-97.82531,30.40553],[-97.82526,30.40554],[-97.82521,30.40555],[-97.82516,30.40556],[-97.8251,30.40557],[-97.82506,30.40559],[-97.82501,30.40561],[-97.82498,30.40564],[-97.82493,30.40567],[-97.82488,30.40569],[-97.82484,30.40571],[-97.82479,30.40572],[-97.82472,30.40577],[-97.82465,30.40582],[-97.82458,30.40586],[-97.82449,30.40595],[-97.82441,30.40602],[-97.82434,30.40608],[-97.82428,30.40614],[-97.82422,30.4062]]},"properties":{"name":"Bull Creek","creek_type":"NATURAL_ROCKBED","reach_id":"BUL-12","watershed":"BUL","feature_kind":"waterway","source":"City of Austin Watershed Protection creek centerlines","retrieved_at":"2026-09-29T00:26:18.548370+00:00","access_claim":"none"}},{"type":"Feature","id":"coa-creek/2382086","geometry":{"type":"LineString","coordinates":[[-97.74343,30.34909],[-97.74365,30.34898],[-97.74391,30.34885],[-97.744,30.34882]]},"properties":{"name":"Shoal Creek","creek_type":"NATURAL_ROCKBED","reach_id":"SHL-12","watershed":"SHL","feature_kind":"waterway","source":"City of Austin Watershed Protection creek centerlines","retrieved_at":"2026-09-29T00:26:18.548370+00:00","access_claim":"none"}},{"type":"Feature","id":"coa-creek/2325361","geometry":{"type":"LineString","coordinates":[[-97.82329,30.26534],[-97.82329,30.26528],[-97.82328,30.26521],[-97.82324,30.26511],[-97.82313,30.26485],[-97.82311,30.26478],[-97.82311,30.26476],[-97.82308,30.26452],[-97.82302,30.26419],[-97.82299,30.26405],[-97.82298,30.26398],[-97.82298,30.26392],[-97.823,30.26384],[-97.823,30.26382],[-97.82304,30.26343],[-97.82312,30.26297],[-97.82315,30.26285],[-97.82316,30.26281],[-97.8232,30.26272],[-97.82326,30.26262],[-97.8234,30.26235],[-97.82345,30.26225],[-97.82349,30.26216],[-97.8235,30.26211],[-97.82353,30.26198],[-97.82354,30.2617],[-97.82358,30.26112],[-97.8236,30.26102],[-97.82361,30.26094],[-97.82362,30.26083],[-97.82362,30.26065],[-97.82362,30.26043],[-97.8236,30.26023],[-97.82357,30.26011],[-97.82351,30.25992],[-97.82349,30.25987],[-97.82335,30.25957],[-97.82314,30.25914],[-97.82312,30.25909]]},"properties":{"name":"Barton Creek","creek_type":"NATURAL_ROCKBED","reach_id":"BAR-6","watershed":"BAR","feature_kind":"waterway","source":"City of Austin Watershed Protection creek centerlines","retrieved_at":"2026-09-29T00:26:18.548370+00:00","access_claim":"none"}},{"type":"Feature","id":"coa-creek/2320079","geometry":{"type":"LineString","coordinates":[[-97.77779,30.39234],[-97.77789,30.39218],[-97.77824,30.39168],[-97.77841,30.3915]]},"properties":{"name":"Bull Creek","creek_type":"NATURAL_ALLUVIAL","reach_id":"BUL-7","watershed":"BUL","feature_kind":"waterway","source":"City of Austin Watershed Protection creek centerlines","retrieved_at":"2026-09-29T00:26:18.548370+00:00","access_claim":"none"}},{"type":"Feature","id":"coa-creek/2380415","geometry":{"type":"LineString","coordinates":[[-97.77578,30.15767],[-97.77573,30.15766],[-97.77556,30.15756],[-97.77551,30.15754],[-97.77544,30.15752],[-97.77522,30.1574],[-97.77512,30.15736],[-97.77506,30.15733],[-97.77502,30.15733],[-97.77497,30.15733],[-97.7749,30.15732],[-97.77475,30.15729],[-97.7745,30.15727],[-97.77441,30.15726],[-97.77422,30.15727],[-97.77405,30.15724],[-97.77389,30.15719],[-97.77381,30.15718],[-97.7736,30.15716],[-97.77336,30.15716],[-97.77313,30.15715],[-97.77284,30.15716],[-97.77257,30.15718],[-97.77236,30.1572],[-97.77214,30.15723],[-97.77212,30.15724]]},"properties":{"name":"Onion Creek","creek_type":"NATURAL_ROCKBED","reach_id":"ONI-8","watershed":"ONI","feature_kind":"waterway","source":"City of Austin Watershed Protection creek centerlines","retrieved_at":"2026-09-29T00:26:18.548370+00:00","access_claim":"none"}},{"type":"Feature","id":"coa-creek/2326870","geometry":{"type":"LineString","coordinates":[[-97.80589,30.13358],[-97.80569,30.13377],[-97.80526,30.13413],[-97.80497,30.1343],[-97.80449,30.1345],[-97.80386,30.13472],[-97.80356,30.13479]]},"properties":{"name":"Onion Creek","creek_type":"NATURAL_ROCKBED","reach_id":"ONI-9","watershed":"ONI","feature_kind":"waterway","source":"City of Austin Watershed Protection creek centerlines","retrieved_at":"2026-09-29T00:26:18.548370+00:00","access_claim":"none"}},{"type":"Feature","id":"coa-creek/2365007","geometry":{"type":"MultiLineString","coordinates":[[[-97.7475,30.24016],[-97.74746,30.24019],[-97.74743,30.24022],[-97.74741,30.24026],[-97.74739,30.24029],[-97.74737,30.24033],[-97.74737,30.24035],[-97.74736,30.24038],[-97.74735,30.24041],[-97.74734,30.24045],[-97.74732,30.24049],[-97.74728,30.24052],[-97.74726,30.24054],[-97.74723,30.24059],[-97.74721,30.24064],[-97.7472,30.24069],[-97.74717,30.24074],[-97.74713,30.24081],[-97.74711,30.24086],[-97.74706,30.2409],[-97.74699,30.24095],[-97.7469,30.24105],[-97.74685,30.24111],[-97.74677,30.24115],[-97.74675,30.24118],[-97.7467,30.24125],[-97.74667,30.24129],[-97.74664,30.24134],[-97.74662,30.24138],[-97.74659,30.24142],[-97.74657,30.24145],[-97.74653,30.2415],[-97.74648,30.24154],[-97.74643,30.24157],[-97.7464,30.2416],[-97.74636,30.24162],[-97.74631,30.24166],[-97.74615,30.24176],[-97.74611,30.2418],[-97.74607,30.24183],[-97.74599,30.24188],[-97.7459,30.24196],[-97.74585,30.242],[-97.74579,30.24206],[-97.74575,30.24212],[-97.74574,30.24216],[-97.74571,30.24224],[-97.74571,30.24227],[-97.74574,30.24232],[-97.74574,30.24238],[-97.74573,30.24242],[-97.74571,30.24245],[-97.74567,30.24249],[-97.74559,30.24253],[-97.74554,30.24258],[-97.74546,30.24262],[-97.74534,30.24265],[-97.74528,30.24267],[-97.74523,30.2427],[-97.74519,30.24273],[-97.74514,30.24276],[-97.7451,30.24283],[-97.74506,30.24291],[-97.74503,30.24295],[-97.74494,30.24305],[-97.7449,30.2431],[-97.74487,30.24316],[-97.74487,30.2432],[-97.74488,30.24323],[-97.74492,30.24327],[-97.74498,30.24335],[-97.74501,30.24341],[-97.74511,30.24351]],[[-97.74511,30.24351],[-97.74514,30.24354],[-97.74517,30.24357],[-97.74519,30.24359]],[[-97.74519,30.24359],[-97.74519,30.2436],[-97.74519,30.24361],[-97.7452,30.24362],[-97.7452,30.24363],[-97.7452,30.24363],[-97.7452,30.24364],[-97.7452,30.24365],[-97.74519,30.24366],[-97.74519,30.24367]],[[-97.74519,30.24367],[-97.74518,30.24369],[-97.74516,30.24371],[-97.74515,30.24373],[-97.74513,30.24374],[-97.7451,30.24376],[-97.74508,30.24377]],[[-97.74508,30.24377],[-97.74488,30.24398],[-97.74487,30.24402],[-97.74484,30.24406],[-97.74482,30.2441],[-97.74478,30.24416],[-97.74474,30.24421],[-97.74474,30.24426],[-97.74476,30.24429],[-97.74478,30.24432],[-97.74479,30.24434],[-97.74479,30.24437],[-97.74479,30.2444],[-97.74478,30.24443],[-97.74475,30.2445],[-97.74474,30.24453]]]},"properties":{"name":"Blunn Creek","creek_type":"NATURAL_ALLUVIAL","reach_id":"BLU-3","watershed":"BLU","feature_kind":"waterway","source":"City of Austin Watershed Protection creek centerlines","retrieved_at":"2026-09-29T00:26:18.548370+00:00","access_claim":"none"}},{"type":"Feature","id":"coa-creek/2343071","geometry":{"type":"LineString","coordinates":[[-97.71162,30.41571],[-97.71166,30.41569],[-97.71171,30.41564],[-97.71179,30.41558],[-97.71185,30.41552],[-97.71189,30.41548],[-97.71193,30.41543],[-97.71196,30.41538],[-97.712,30.41531],[-97.71204,30.41523],[-97.71207,30.41518],[-97.7121,30.4151],[-97.71214,30.415],[-97.71217,30.4149],[-97.71218,30.41485],[-97.71218,30.41477],[-97.71218,30.41466],[-97.71217,30.41454],[-97.71215,30.41439],[-97.71213,30.41428],[-97.71212,30.41423],[-97.71209,30.41416],[-97.71203,30.414],[-97.71199,30.41391],[-97.71195,30.41386],[-97.71191,30.41382],[-97.71179,30.41373],[-97.71169,30.41366]]},"properties":{"name":"Walnut Creek","creek_type":"NATURAL_ROCKBED","reach_id":"WLN-14","watershed":"WLN","feature_kind":"waterway","source":"City of Austin Watershed Protection creek centerlines","retrieved_at":"2026-09-29T00:26:18.548370+00:00","access_claim":"none"}},{"type":"Feature","id":"coa-creek/2382474","geometry":{"type":"LineString","coordinates":[[-97.74913,30.3185],[-97.74915,30.3183],[-97.7492,30.31804],[-97.74934,30.31782],[-97.74936,30.31776],[-97.74934,30.31762],[-97.74928,30.31747],[-97.74919,30.3173],[-97.74906,30.31715],[-97.749,30.3171],[-97.74894,30.31703],[-97.74893,30.31696],[-97.74898,30.31672],[-97.74913,30.31631],[-97.74919,30.31616],[-97.74922,30.31602],[-97.74923,30.31594],[-97.74923,30.31588],[-97.74924,30.31579],[-97.74923,30.31566]]},"properties":{"name":"Shoal Creek","creek_type":"NATURAL_ALLUVIAL","reach_id":"SHL-7B","watershed":"SHL","feature_kind":"waterway","source":"City of Austin Watershed Protection creek centerlines","retrieved_at":"2026-09-29T00:26:18.548370+00:00","access_claim":"none"}},{"type":"Feature","id":"coa-creek/2346145","geometry":{"type":"LineString","coordinates":[[-97.84166,30.22616],[-97.84165,30.22617],[-97.84153,30.2263]]},"properties":{"name":"Williamson Creek","creek_type":"UNDERGROUND_CULVERT","reach_id":"WMS-11","watershed":"WMS","feature_kind":"waterway","source":"City of Austin Watershed Protection creek centerlines","retrieved_at":"2026-09-29T00:26:18.548370+00:00","access_claim":"none"}},{"type":"Feature","id":"coa-creek/2360985","geometry":{"type":"LineString","coordinates":[[-97.7637,30.16493],[-97.76371,30.16495],[-97.76376,30.16518],[-97.76381,30.16541],[-97.76386,30.16556],[-97.76392,30.16569],[-97.76399,30.16583],[-97.76403,30.1659],[-97.76413,30.16602],[-97.76428,30.16617],[-97.76442,30.16633],[-97.76447,30.16641],[-97.76451,30.16649],[-97.76452,30.16657],[-97.76453,30.16667],[-97.76452,30.16675],[-97.7645,30.16683],[-97.76446,30.16693],[-97.76428,30.1673],[-97.76416,30.16756],[-97.76414,30.16764],[-97.76411,30.16788],[-97.76408,30.16809],[-97.76405,30.16824]]},"properties":{"name":"Onion Creek","creek_type":"NATURAL_ROCKBED","reach_id":"ONI-8","watershed":"ONI","feature_kind":"waterway","source":"City of Austin Watershed Protection creek centerlines","retrieved_at":"2026-09-29T00:26:18.548370+00:00","access_claim":"none"}},{"type":"Feature","id":"coa-creek/2358422","geometry":{"type":"LineString","coordinates":[[-97.85153,30.29414],[-97.85153,30.29412],[-97.85153,30.29411],[-97.85154,30.29409],[-97.85156,30.29404],[-97.85157,30.29402],[-97.85158,30.29398],[-97.85159,30.29397],[-97.85159,30.29391],[-97.85159,30.29386],[-97.85158,30.29382],[-97.85156,30.29377],[-97.85151,30.29369],[-97.85143,30.29353],[-97.85138,30.29343],[-97.85136,30.2934],[-97.85132,30.29335],[-97.85123,30.29324],[-97.85114,30.29314],[-97.85111,30.29311],[-97.8511,30.29309],[-97.85109,30.29307],[-97.85108,30.29306],[-97.85107,30.29304],[-97.85106,30.29301],[-97.85104,30.29295],[-97.85103,30.29291],[-97.85102,30.29281],[-97.85101,30.29277],[-97.851,30.29271],[-97.85099,30.29267],[-97.851,30.29263],[-97.851,30.29259],[-97.85103,30.29255],[-97.85104,30.29252],[-97.85104,30.29249],[-97.85105,30.29246],[-97.85104,30.29244],[-97.85104,30.29242],[-97.85104,30.29241],[-97.85101,30.29234],[-97.85099,30.2923],[-97.85097,30.29226],[-97.85097,30.29225],[-97.85094,30.29219],[-97.85091,30.29213],[-97.8509,30.29213],[-97.85088,30.2921],[-97.85087,30.29208],[-97.85083,30.29204],[-97.85078,30.29197],[-97.85076,30.29195],[-97.85076,30.29195]]},"properties":{"name":"Barton Creek","creek_type":"NATURAL_ROCKBED","reach_id":"BAR-7","watershed":"BAR","feature_kind":"waterway","source":"City of Austin Watershed Protection creek centerlines","retrieved_at":"2026-09-29T00:26:18.548370+00:00","access_claim":"none"}},{"type":"Feature","id":"coa-creek/2326402","geometry":{"type":"LineString","coordinates":[[-97.97727,30.27131],[-97.97727,30.27132],[-97.97724,30.27139],[-97.97715,30.27161],[-97.97712,30.27169],[-97.97711,30.27171],[-97.97706,30.27181],[-97.97702,30.27187],[-97.977,30.27191],[-97.97698,30.27193],[-97.97688,30.27203],[-97.97681,30.2721],[-97.97681,30.27211],[-97.97674,30.27217],[-97.97668,30.27221],[-97.97659,30.27226],[-97.97647,30.27232],[-97.97636,30.27236],[-97.97623,30.2724],[-97.97613,30.27242],[-97.97604,30.27244],[-97.97597,30.27245],[-97.97588,30.27245],[-97.9757,30.27245],[-97.97559,30.27244],[-97.97552,30.27244],[-97.97543,30.27242],[-97.9754,30.27242],[-97.97536,30.2724],[-97.9753,30.27239],[-97.9752,30.27235],[-97.97509,30.27231],[-97.97498,30.27227],[-97.97492,30.27224],[-97.97482,30.27219],[-97.97473,30.27214],[-97.97471,30.27213]]},"properties":{"name":"Barton Creek","creek_type":"NATURAL_UNCLASSIFIED","reach_id":null,"watershed":"BAR","feature_kind":"waterway","source":"City of Austin Watershed Protection creek centerlines","retrieved_at":"2026-09-29T00:26:18.548370+00:00","access_claim":"none"}},{"type":"Feature","id":"coa-creek/2359750","geometry":{"type":"LineString","coordinates":[[-97.65402,30.34985],[-97.65403,30.34984],[-97.65405,30.34981],[-97.65408,30.34977],[-97.65412,30.34973],[-97.65415,30.34969],[-97.65421,30.34959],[-97.65423,30.34951],[-97.65423,30.34947],[-97.65422,30.34931],[-97.65421,30.34923],[-97.6542,30.34917],[-97.65418,30.34903],[-97.65418,30.34894],[-97.65419,30.34889],[-97.6542,30.34873],[-97.6542,30.34861],[-97.65419,30.34857],[-97.65419,30.34852],[-97.65414,30.34841],[-97.65411,30.34838],[-97.6541,30.34836],[-97.65405,30.34832],[-97.65402,30.3483],[-97.65397,30.34828],[-97.65389,30.34826],[-97.65383,30.34825],[-97.65379,30.34826],[-97.65374,30.34825],[-97.65362,30.34825],[-97.65358,30.34825],[-97.65352,30.34823],[-97.65348,30.3482],[-97.65347,30.34817],[-97.65338,30.34808],[-97.65335,30.34805],[-97.65329,30.34799],[-97.65328,30.34796],[-97.65326,30.34795],[-97.6532,30.34793],[-97.65319,30.34791],[-97.65318,30.34788],[-97.65317,30.34786],[-97.65316,30.34785],[-97.65308,30.34777],[-97.65305,30.34775],[-97.65302,30.3477],[-97.65301,30.34767],[-97.653,30.34765],[-97.65287,30.34747],[-97.65277,30.34735],[-97.65269,30.34726],[-97.65263,30.3472],[-97.65259,30.34714],[-97.65258,30.3471],[-97.65257,30.34704],[-97.65256,30.347],[-97.65256,30.34696],[-97.65256,30.34673],[-97.65256,30.34666],[-97.65255,30.34661],[-97.65254,30.34659],[-97.65253,30.34654],[-97.65251,30.34642],[-97.65251,30.34639],[-97.65251,30.34637],[-97.65252,30.34633],[-97.65253,30.34629],[-97.65254,30.34626],[-97.65255,30.34622],[-97.65257,30.34618],[-97.6526,30.34609],[-97.65262,30.34605],[-97.65264,30.34603],[-97.65266,30.34599],[-97.65269,30.34596],[-97.65273,30.34593],[-97.65276,30.3459],[-97.65282,30.34578],[-97.65285,30.34573],[-97.65287,30.34569],[-97.65287,30.34566],[-97.65287,30.34563],[-97.65288,30.3456],[-97.65289,30.34557],[-97.65291,30.34553],[-97.65292,30.34549],[-97.65293,30.34536],[-97.65293,30.34531],[-97.65292,30.34528],[-97.65291,30.34526],[-97.65288,30.34507],[-97.65287,30.34503],[-97.65287,30.34499],[-97.65286,30.34494],[-97.65285,30.3449],[-97.65284,30.34486],[-97.65279,30.34468],[-97.65277,30.34459],[-97.65276,30.34454],[-97.65275,30.34448],[-97.65275,30.34443],[-97.65274,30.3444],[-97.65274,30.34438],[-97.6527,30.3443],[-97.65268,30.34427],[-97.65265,30.34426],[-97.65263,30.34424],[-97.65247,30.34418],[-97.6524,30.34416],[-97.65233,30.34414],[-97.65225,30.34413],[-97.6521,30.34411],[-97.65197,30.34409],[-97.65194,30.34408],[-97.6519,30.34406],[-97.65185,30.34402],[-97.65183,30.34399],[-97.6518,30.34395],[-97.65177,30.34393],[-97.65169,30.34388],[-97.65165,30.34387],[-97.65162,30.34387],[-97.65148,30.34386],[-97.65131,30.34386],[-97.65114,30.34385],[-97.65083,30.34382],[-97.65061,30.3438],[-97.65047,30.34377],[-97.65037,30.34373],[-97.65033,30.34371],[-97.6503,30.34369],[-97.65026,30.34365],[-97.6501,30.34351],[-97.64999,30.3434],[-97.64982,30.34319],[-97.64976,30.3431],[-97.64971,30.34305],[-97.64969,30.34302],[-97.64969,30.34299],[-97.64971,30.34297],[-97.64972,30.34294],[-97.64973,30.34291],[-97.64973,30.34287],[-97.64973,30.34283],[-97.64969,30.34271],[-97.64967,30.34268],[-97.64964,30.34264],[-97.64961,30.34262],[-97.6496,30.34261],[-97.64957,30.34258],[-97.6495,30.34246],[-97.64943,30.3423],[-97.64942,30.34224],[-97.64941,30.3422],[-97.64942,30.34217],[-97.64942,30.34213],[-97.64942,30.34209],[-97.64941,30.34206],[-97.64937,30.34186],[-97.64935,30.3418],[-97.64934,30.34178],[-97.64932,30.34175],[-97.64929,30.34172],[-97.64918,30.3416],[-97.64909,30.34147],[-97.64907,30.34138],[-97.64905,30.34132],[-97.64904,30.34113],[-97.64904,30.34099],[-97.64906,30.34095],[-97.64908,30.34091],[-97.64912,30.34089],[-97.64915,30.34088],[-97.64921,30.34087],[-97.64927,30.34088],[-97.64933,30.34089],[-97.64942,30.34093],[-97.64951,30.34097],[-97.64957,30.341],[-97.6496,30.34101],[-97.64966,30.34101],[-97.64972,30.34099],[-97.64984,30.34096],[-97.64999,30.34093],[-97.65015,30.34091],[-97.65027,30.34088],[-97.65032,30.34085],[-97.65035,30.34082],[-97.65037,30.34078],[-97.65038,30.34068],[-97.65037,30.34065],[-97.65036,30.34062],[-97.65034,30.34058],[-97.65034,30.34053],[-97.65034,30.34045],[-97.65034,30.34042],[-97.65036,30.34038],[-97.65039,30.34031],[-97.65043,30.34025],[-97.65048,30.34018],[-97.65073,30.33988],[-97.65087,30.3397],[-97.65095,30.33963],[-97.65098,30.3396],[-97.651,30.33957],[-97.65105,30.33954],[-97.65112,30.33949],[-97.65117,30.33943],[-97.65124,30.33936],[-97.65127,30.33929],[-97.65129,30.33923],[-97.65131,30.33918],[-97.65131,30.33914],[-97.65131,30.33908],[-97.65132,30.33902],[-97.65133,30.33898],[-97.65133,30.33895],[-97.65132,30.33888],[-97.65131,30.33883],[-97.65131,30.33878],[-97.65129,30.33875],[-97.65126,30.33873],[-97.65122,30.33871],[-97.65116,30.3387],[-97.65111,30.33869],[-97.65107,30.33868],[-97.65103,30.33867],[-97.65098,30.33866],[-97.65093,30.33865]]},"properties":{"name":"Walnut Creek","creek_type":"NATURAL_ALLUVIAL","reach_id":"WLN-5","watershed":"WLN","feature_kind":"waterway","source":"City of Austin Watershed Protection creek centerlines","retrieved_at":"2026-09-29T00:26:18.548370+00:00","access_claim":"none"}},{"type":"Feature","id":"coa-creek/2379787","geometry":{"type":"LineString","coordinates":[[-97.7816,30.3788],[-97.78191,30.37865],[-97.78206,30.37858],[-97.78227,30.37852],[-97.78233,30.37849],[-97.78243,30.37844]]},"properties":{"name":"Bull Creek","creek_type":"NATURAL_ROCKBED","reach_id":"BUL-5","watershed":"BUL","feature_kind":"waterway","source":"City of Austin Watershed Protection creek centerlines","retrieved_at":"2026-09-29T00:26:18.548370+00:00","access_claim":"none"}},{"type":"Feature","id":"coa-creek/2361766","geometry":{"type":"LineString","coordinates":[[-97.91882,30.30142],[-97.91879,30.30146],[-97.91873,30.30156],[-97.91862,30.30172],[-97.91854,30.30182],[-97.91846,30.3019],[-97.91839,30.30196],[-97.91825,30.30207],[-97.91817,30.30214],[-97.91807,30.30224],[-97.91794,30.30236],[-97.91783,30.30246],[-97.91772,30.30256]]},"properties":{"name":"Barton Creek","creek_type":"NATURAL_ROCKBED","reach_id":"BAR-10","watershed":"BAR","feature_kind":"waterway","source":"City of Austin Watershed Protection creek centerlines","retrieved_at":"2026-09-29T00:26:18.548370+00:00","access_claim":"none"}},{"type":"Feature","id":"coa-creek/2363894","geometry":{"type":"LineString","coordinates":[[-97.64921,30.33028],[-97.64892,30.33025],[-97.64886,30.33024],[-97.64882,30.33022]]},"properties":{"name":"Walnut Creek","creek_type":"NATURAL_ALLUVIAL","reach_id":"WLN-4","watershed":"WLN","feature_kind":"waterway","source":"City of Austin Watershed Protection creek centerlines","retrieved_at":"2026-09-29T00:26:18.548370+00:00","access_claim":"none"}},{"type":"Feature","id":"coa-creek/2320083","geometry":{"type":"LineString","coordinates":[[-97.7847,30.37271],[-97.78471,30.37266],[-97.78473,30.37256],[-97.78476,30.37235],[-97.78478,30.37226],[-97.78481,30.37214],[-97.78491,30.37174],[-97.78495,30.37159],[-97.78497,30.37134],[-97.78502,30.37108],[-97.78503,30.37104]]},"properties":{"name":"Bull Creek","creek_type":"NATURAL_ROCKBED","reach_id":"BUL-3","watershed":"BUL","feature_kind":"waterway","source":"City of Austin Watershed Protection creek centerlines","retrieved_at":"2026-09-29T00:26:18.548370+00:00","access_claim":"none"}},{"type":"Feature","id":"coa-creek/2320689","geometry":{"type":"LineString","coordinates":[[-97.77423,30.14551],[-97.77413,30.14568],[-97.77411,30.1457],[-97.77411,30.14579],[-97.77412,30.14581],[-97.7742,30.14602],[-97.77427,30.14631]]},"properties":{"name":"Onion Creek","creek_type":"NATURAL_ROCKBED","reach_id":"ONI-9","watershed":"ONI","feature_kind":"waterway","source":"City of Austin Watershed Protection creek centerlines","retrieved_at":"2026-09-29T00:26:18.548370+00:00","access_claim":"none"}},{"type":"Feature","id":"coa-creek/2357580","geometry":{"type":"LineString","coordinates":[[-97.95735,30.27698],[-97.95733,30.27698],[-97.9573,30.27697],[-97.95725,30.27695],[-97.9572,30.27693],[-97.95717,30.27692],[-97.95714,30.27691],[-97.95707,30.2769],[-97.95702,30.27689],[-97.95695,30.27688],[-97.95692,30.27687],[-97.95689,30.27687],[-97.95686,30.27686],[-97.95679,30.27683],[-97.95675,30.27682],[-97.95673,30.27681]]},"properties":{"name":"Barton Creek","creek_type":"NATURAL_UNCLASSIFIED","reach_id":null,"watershed":"BAR","feature_kind":"waterway","source":"City of Austin Watershed Protection creek centerlines","retrieved_at":"2026-09-29T00:26:18.548370+00:00","access_claim":"none"}},{"type":"Feature","id":"coa-creek/2324251","geometry":{"type":"LineString","coordinates":[[-97.91518,30.24648],[-97.91513,30.24646],[-97.91508,30.24643]]},"properties":{"name":"Williamson Creek","creek_type":"UNDERGROUND_CULVERT","reach_id":null,"watershed":"WMS","feature_kind":"waterway","source":"City of Austin Watershed Protection creek centerlines","retrieved_at":"2026-09-29T00:26:18.548370+00:00","access_claim":"none"}},{"type":"Feature","id":"coa-creek/2358670","geometry":{"type":"LineString","coordinates":[[-97.76939,30.264],[-97.76902,30.26404],[-97.76897,30.26404],[-97.76886,30.26405],[-97.76869,30.26406],[-97.76859,30.26407],[-97.76837,30.26408],[-97.76816,30.26408],[-97.768,30.26408],[-97.76787,30.26408],[-97.76786,30.26408]]},"properties":{"name":"Barton Creek","creek_type":"NATURAL_ALLUVIAL","reach_id":"BAR-1","watershed":"BAR","feature_kind":"waterway","source":"City of Austin Watershed Protection creek centerlines","retrieved_at":"2026-09-29T00:26:18.548370+00:00","access_claim":"none"}},{"type":"Feature","id":"coa-creek/2358674","geometry":{"type":"LineString","coordinates":[[-97.79125,30.2473],[-97.79163,30.24753],[-97.79177,30.24762],[-97.79183,30.24767],[-97.79185,30.2477],[-97.79187,30.24772],[-97.79191,30.24774],[-97.79195,30.24776],[-97.79197,30.24777],[-97.79203,30.24779],[-97.7921,30.24781],[-97.79224,30.24783],[-97.79229,30.24783],[-97.79235,30.24783],[-97.79244,30.24784],[-97.79252,30.24785],[-97.79256,30.24785],[-97.79259,30.24787],[-97.79275,30.24792],[-97.79283,30.24795],[-97.79294,30.24798],[-97.79297,30.24798],[-97.79302,30.24799],[-97.79332,30.24804],[-97.79342,30.24805],[-97.79372,30.24804],[-97.79397,30.24801],[-97.79428,30.24795],[-97.79462,30.24787],[-97.79487,30.2478],[-97.79494,30.24778],[-97.79497,30.24778],[-97.79541,30.2477],[-97.79564,30.24767],[-97.79571,30.24767],[-97.7959,30.24767]]},"properties":{"name":"Barton Creek","creek_type":"NATURAL_ALLUVIAL","reach_id":"BAR-5","watershed":"BAR","feature_kind":"waterway","source":"City of Austin Watershed Protection creek centerlines","retrieved_at":"2026-09-29T00:26:18.548370+00:00","access_claim":"none"}},{"type":"Feature","id":"coa-creek/2332277","geometry":{"type":"LineString","coordinates":[[-97.68073,30.17498],[-97.68061,30.17498],[-97.6805,30.17498],[-97.68039,30.17498],[-97.68023,30.17496],[-97.6801,30.17496],[-97.67992,30.17494],[-97.67984,30.17493],[-97.67943,30.17487],[-97.67874,30.17467],[-97.67856,30.17461],[-97.67844,30.17459],[-97.67834,30.17459],[-97.67825,30.17458],[-97.67812,30.17456],[-97.67795,30.17453],[-97.67768,30.17447],[-97.67725,30.17434]]},"properties":{"name":"Onion Creek","creek_type":"NATURAL_ALLUVIAL","reach_id":"ONI-2","watershed":"ONI","feature_kind":"waterway","source":"City of Austin Watershed Protection creek centerlines","retrieved_at":"2026-09-29T00:26:18.548370+00:00","access_claim":"none"}},{"type":"Feature","id":"coa-creek/2365132","geometry":{"type":"LineString","coordinates":[[-97.73188,30.1752],[-97.73185,30.17525]]},"properties":{"name":"Onion Creek","creek_type":"NATURAL_ROCKBED","reach_id":"ONI-4","watershed":"ONI","feature_kind":"waterway","source":"City of Austin Watershed Protection creek centerlines","retrieved_at":"2026-09-29T00:26:18.548370+00:00","access_claim":"none"}},{"type":"Feature","id":"coa-creek/2368280","geometry":{"type":"LineString","coordinates":[[-97.73189,30.43969],[-97.7318,30.43967],[-97.73164,30.43966],[-97.73151,30.43966],[-97.73145,30.43967],[-97.73137,30.4397],[-97.73119,30.43968],[-97.73102,30.43962],[-97.73078,30.43956],[-97.73051,30.43955],[-97.72997,30.43955],[-97.72982,30.43954],[-97.72963,30.43954],[-97.72951,30.43955],[-97.72944,30.43956],[-97.7291,30.43947],[-97.72902,30.43944],[-97.72896,30.43942],[-97.72891,30.43941],[-97.72879,30.43939],[-97.72857,30.43931],[-97.72851,30.43926],[-97.72833,30.43921],[-97.72826,30.43918],[-97.72823,30.43913],[-97.72823,30.43907]]},"properties":{"name":"Walnut Creek","creek_type":"NATURAL_UNCLASSIFIED","reach_id":"WLN-17","watershed":"WLN","feature_kind":"waterway","source":"City of Austin Watershed Protection creek centerlines","retrieved_at":"2026-09-29T00:26:18.548370+00:00","access_claim":"none"}},{"type":"Feature","id":"coa-creek/2361285","geometry":{"type":"LineString","coordinates":[[-97.7475,30.22979],[-97.7475,30.2298],[-97.74746,30.22985],[-97.74742,30.22993]]},"properties":{"name":"Blunn Creek","creek_type":"UNDERGROUND_CULVERT","reach_id":"BLU-4","watershed":"BLU","feature_kind":"waterway","source":"City of Austin Watershed Protection creek centerlines","retrieved_at":"2026-09-29T00:26:18.548370+00:00","access_claim":"none"}},{"type":"Feature","id":"coa-creek/2356239","geometry":{"type":"LineString","coordinates":[[-97.79078,30.13287],[-97.7907,30.13275],[-97.79065,30.13264],[-97.79059,30.13252],[-97.79053,30.13244],[-97.79046,30.13236]]},"properties":{"name":"Onion Creek","creek_type":"NATURAL_ROCKBED","reach_id":"ONI-9","watershed":"ONI","feature_kind":"waterway","source":"City of Austin Watershed Protection creek centerlines","retrieved_at":"2026-09-29T00:26:18.548370+00:00","access_claim":"none"}},{"type":"Feature","id":"coa-creek/2356843","geometry":{"type":"LineString","coordinates":[[-97.91986,30.24641],[-97.91983,30.24642],[-97.91978,30.24646]]},"properties":{"name":"Williamson Creek","creek_type":"UNDERGROUND_CULVERT","reach_id":null,"watershed":"WMS","feature_kind":"waterway","source":"City of Austin Watershed Protection creek centerlines","retrieved_at":"2026-09-29T00:26:18.548370+00:00","access_claim":"none"}},{"type":"Feature","id":"coa-creek/2381313","geometry":{"type":"LineString","coordinates":[[-97.74531,30.17767],[-97.74513,30.17791],[-97.74502,30.17801],[-97.74481,30.17819],[-97.74438,30.17854],[-97.74326,30.17934],[-97.74301,30.1795],[-97.74259,30.17975],[-97.74236,30.17986],[-97.74199,30.18004],[-97.74157,30.18027],[-97.7414,30.18037],[-97.74123,30.18043],[-97.74114,30.18045],[-97.74104,30.18044],[-97.74094,30.18042],[-97.74074,30.1804],[-97.74061,30.1804],[-97.74048,30.1804],[-97.7404,30.1804],[-97.74034,30.18038],[-97.74019,30.18031],[-97.74009,30.18026],[-97.73999,30.18014],[-97.73997,30.18013],[-97.73997,30.18012],[-97.73994,30.1801],[-97.73991,30.18009],[-97.73983,30.18004],[-97.7398,30.17999],[-97.73978,30.17993],[-97.73974,30.17987],[-97.7397,30.17982],[-97.73966,30.17978],[-97.73961,30.17972],[-97.73956,30.17965],[-97.73952,30.17955],[-97.7395,30.17952],[-97.73949,30.17948],[-97.73946,30.17937],[-97.73945,30.17929],[-97.73943,30.17924],[-97.73939,30.17922],[-97.73935,30.17922],[-97.73931,30.17925],[-97.73923,30.17931],[-97.73911,30.17936],[-97.73898,30.17935],[-97.73887,30.17928],[-97.73874,30.17916],[-97.73867,30.17907],[-97.73861,30.17899],[-97.73858,30.17877],[-97.73856,30.17873],[-97.73851,30.17869],[-97.73849,30.17862],[-97.73849,30.17857],[-97.7385,30.17849],[-97.73851,30.17843],[-97.73851,30.17839],[-97.7385,30.17834],[-97.73847,30.17828],[-97.73842,30.17823],[-97.73836,30.17818],[-97.73835,30.17817],[-97.73815,30.17806],[-97.73791,30.17798],[-97.7377,30.17795],[-97.73765,30.17794],[-97.73761,30.17791],[-97.73743,30.17768],[-97.73719,30.17731],[-97.7371,30.17711],[-97.73702,30.17688],[-97.73698,30.17658],[-97.73697,30.17631],[-97.73699,30.17564],[-97.73702,30.17535],[-97.73709,30.17503],[-97.73731,30.17445],[-97.73742,30.17416],[-97.73748,30.17379],[-97.73755,30.17348],[-97.73754,30.17321],[-97.7375,30.17274],[-97.73745,30.17236],[-97.73746,30.17229],[-97.73756,30.17205],[-97.73762,30.1719],[-97.73765,30.1718],[-97.73765,30.17173],[-97.73763,30.17165],[-97.73755,30.17154],[-97.73748,30.17146],[-97.73734,30.17129],[-97.73725,30.17114],[-97.73724,30.17114],[-97.73724,30.17113],[-97.73723,30.17112],[-97.7372,30.17106]]},"properties":{"name":"Onion Creek","creek_type":"NATURAL_ROCKBED","reach_id":"ONI-5","watershed":"ONI","feature_kind":"waterway","source":"City of Austin Watershed Protection creek centerlines","retrieved_at":"2026-09-29T00:26:18.548370+00:00","access_claim":"none"}},{"type":"Feature","id":"coa-creek/2361771","geometry":{"type":"LineString","coordinates":[[-97.92028,30.28769],[-97.92016,30.28765],[-97.92001,30.2876],[-97.91982,30.28754],[-97.9197,30.28751]]},"properties":{"name":"Barton Creek","creek_type":"NATURAL_ALLUVIAL","reach_id":null,"watershed":"BAR","feature_kind":"waterway","source":"City of Austin Watershed Protection creek centerlines","retrieved_at":"2026-09-29T00:26:18.548370+00:00","access_claim":"none"}},{"type":"Feature","id":"coa-creek/2361363","geometry":{"type":"LineString","coordinates":[[-97.74586,30.34566],[-97.74591,30.34557],[-97.74595,30.34549],[-97.74599,30.34537],[-97.74602,30.34526],[-97.74604,30.34508],[-97.74608,30.34492],[-97.74612,30.34474],[-97.74619,30.34443],[-97.74624,30.34418],[-97.74627,30.344],[-97.74631,30.34378],[-97.74632,30.34366],[-97.74632,30.34359],[-97.74634,30.34347],[-97.74639,30.34326],[-97.74644,30.34299],[-97.74648,30.34277],[-97.74652,30.34263],[-97.74655,30.34255],[-97.74658,30.34249],[-97.74661,30.34245],[-97.74665,30.3424],[-97.7467,30.34235],[-97.74676,30.3423],[-97.74689,30.34218],[-97.74695,30.34213],[-97.747,30.34209],[-97.74704,30.34206],[-97.74708,30.34204],[-97.74711,30.34203],[-97.74718,30.342],[-97.74722,30.34198],[-97.74728,30.34194],[-97.74737,30.34187],[-97.74741,30.34185],[-97.74746,30.34183],[-97.74748,30.34181],[-97.74752,30.3417],[-97.7476,30.34149],[-97.74766,30.34134],[-97.7477,30.3412],[-97.74772,30.34109],[-97.74773,30.34101],[-97.74773,30.34096],[-97.74773,30.34092],[-97.74772,30.34085],[-97.74772,30.34067],[-97.7477,30.34055],[-97.74769,30.34044],[-97.74768,30.34039],[-97.74768,30.34028],[-97.74768,30.34015],[-97.74768,30.34009],[-97.74766,30.34002],[-97.74765,30.33993],[-97.74764,30.33982],[-97.74764,30.3396],[-97.74764,30.33959]]},"properties":{"name":"Shoal Creek","creek_type":"NATURAL_ROCKBED","reach_id":"SHL-11","watershed":"SHL","feature_kind":"waterway","source":"City of Austin Watershed Protection creek centerlines","retrieved_at":"2026-09-29T00:26:18.548370+00:00","access_claim":"none"}},{"type":"Feature","id":"coa-creek/2327340","geometry":{"type":"LineString","coordinates":[[-97.91822,30.24734],[-97.91816,30.24734]]},"properties":{"name":"Williamson Creek","creek_type":"NATURAL_UNCLASSIFIED","reach_id":null,"watershed":"WMS","feature_kind":"waterway","source":"City of Austin Watershed Protection creek centerlines","retrieved_at":"2026-09-29T00:26:18.548370+00:00","access_claim":"none"}},{"type":"Feature","id":"coa-creek/2344830","geometry":{"type":"LineString","coordinates":[[-97.94253,30.27847],[-97.94254,30.27847],[-97.94254,30.27849],[-97.94264,30.27865],[-97.94266,30.27867],[-97.94267,30.27868],[-97.94268,30.27869],[-97.94269,30.2787],[-97.94272,30.27872],[-97.94279,30.27875],[-97.94281,30.27877],[-97.94283,30.27878],[-97.94284,30.27879],[-97.94284,30.2788],[-97.94285,30.27882],[-97.94286,30.27882],[-97.94288,30.27889],[-97.9429,30.27894],[-97.94292,30.27901],[-97.94295,30.27909],[-97.94296,30.27912],[-97.94297,30.27914],[-97.94301,30.2792],[-97.94309,30.2793],[-97.94312,30.27935],[-97.94316,30.2794],[-97.94318,30.27943]]},"properties":{"name":"Barton Creek","creek_type":"NATURAL_UNCLASSIFIED","reach_id":null,"watershed":"BAR","feature_kind":"waterway","source":"City of Austin Watershed Protection creek centerlines","retrieved_at":"2026-09-29T00:26:18.548370+00:00","access_claim":"none"}},{"type":"Feature","id":"coa-creek/2320351","geometry":{"type":"LineString","coordinates":[[-97.64871,30.31137],[-97.64867,30.31125],[-97.64865,30.31118],[-97.64859,30.31102],[-97.64854,30.31091],[-97.64849,30.3108],[-97.64846,30.31072],[-97.64846,30.31067],[-97.64846,30.31061],[-97.64847,30.31055],[-97.64856,30.31048],[-97.64868,30.31041]]},"properties":{"name":"Walnut Creek","creek_type":"NATURAL_ALLUVIAL","reach_id":"WLN-3","watershed":"WLN","feature_kind":"waterway","source":"City of Austin Watershed Protection creek centerlines","retrieved_at":"2026-09-29T00:26:18.548370+00:00","access_claim":"none"}},{"type":"Feature","id":"coa-creek/2357579","geometry":{"type":"LineString","coordinates":[[-97.96655,30.26539],[-97.96655,30.2654],[-97.9665,30.26548],[-97.96647,30.26553],[-97.96644,30.26558],[-97.96637,30.2657],[-97.96629,30.26582],[-97.96623,30.26592],[-97.96614,30.2661],[-97.9661,30.26621],[-97.96606,30.26631],[-97.96599,30.26655],[-97.96595,30.26671],[-97.96593,30.26678],[-97.96592,30.26686],[-97.96591,30.26692],[-97.96591,30.26696],[-97.96591,30.267],[-97.96591,30.26706],[-97.96591,30.26708],[-97.96595,30.26736],[-97.96598,30.26759],[-97.96599,30.2677],[-97.96599,30.26777],[-97.966,30.26781],[-97.96601,30.26783],[-97.96602,30.26785],[-97.96602,30.26786],[-97.96603,30.26788],[-97.96604,30.26789],[-97.96606,30.26792],[-97.96612,30.268],[-97.96617,30.26807],[-97.96619,30.2681],[-97.96619,30.26811],[-97.96621,30.26814],[-97.96623,30.26819],[-97.96624,30.26822],[-97.96624,30.26827],[-97.96625,30.26831],[-97.96626,30.26835],[-97.96626,30.2684],[-97.96626,30.26841],[-97.96626,30.26846],[-97.96625,30.26847],[-97.96624,30.26854],[-97.96621,30.26866],[-97.96618,30.26874],[-97.96618,30.26876],[-97.96617,30.26878],[-97.96616,30.26879],[-97.96615,30.26882],[-97.96613,30.26883],[-97.96608,30.26888],[-97.96605,30.26891],[-97.96601,30.26896],[-97.96599,30.269],[-97.96598,30.26902],[-97.96597,30.26905],[-97.96596,30.26908],[-97.96593,30.26919],[-97.9659,30.26932],[-97.96588,30.2694],[-97.96584,30.26953],[-97.96581,30.26969],[-97.96578,30.26978],[-97.96577,30.26983],[-97.96576,30.26984],[-97.96575,30.26989],[-97.96573,30.26993],[-97.96571,30.26999],[-97.96566,30.27016],[-97.96561,30.27034],[-97.9656,30.27035]]},"properties":{"name":"Barton Creek","creek_type":"NATURAL_UNCLASSIFIED","reach_id":null,"watershed":"BAR","feature_kind":"waterway","source":"City of Austin Watershed Protection creek centerlines","retrieved_at":"2026-09-29T00:26:18.548370+00:00","access_claim":"none"}},{"type":"Feature","id":"coa-creek/2352426","geometry":{"type":"LineString","coordinates":[[-97.707,30.41838],[-97.70703,30.41833],[-97.70707,30.41829],[-97.70712,30.41823],[-97.70727,30.41806]]},"properties":{"name":"Walnut Creek","creek_type":"NATURAL_ROCKBED","reach_id":"WLN-14","watershed":"WLN","feature_kind":"waterway","source":"City of Austin Watershed Protection creek centerlines","retrieved_at":"2026-09-29T00:26:18.548370+00:00","access_claim":"none"}},{"type":"Feature","id":"coa-creek/2360022","geometry":{"type":"LineString","coordinates":[[-97.79232,30.24184],[-97.79222,30.24183],[-97.79203,30.24185],[-97.7917,30.2419],[-97.79128,30.24195],[-97.79068,30.24199],[-97.7903,30.24199],[-97.79014,30.24202],[-97.79003,30.24204]]},"properties":{"name":"Barton Creek","creek_type":"NATURAL_ALLUVIAL","reach_id":"BAR-5","watershed":"BAR","feature_kind":"waterway","source":"City of Austin Watershed Protection creek centerlines","retrieved_at":"2026-09-29T00:26:18.548370+00:00","access_claim":"none"}},{"type":"Feature","id":"coa-creek/2360941","geometry":{"type":"LineString","coordinates":[[-97.88259,30.28655],[-97.88258,30.28655],[-97.88254,30.28656],[-97.88251,30.28657],[-97.8825,30.28657],[-97.88246,30.28659],[-97.88243,30.2866]]},"properties":{"name":"Barton Creek","creek_type":"NATURAL_ALLUVIAL","reach_id":"BAR-9","watershed":"BAR","feature_kind":"waterway","source":"City of Austin Watershed Protection creek centerlines","retrieved_at":"2026-09-29T00:26:18.548370+00:00","access_claim":"none"}},{"type":"Feature","id":"coa-creek/2375902","geometry":{"type":"LineString","coordinates":[[-97.64875,30.32743],[-97.64881,30.32746],[-97.64886,30.32753],[-97.64886,30.32758],[-97.64882,30.3277],[-97.64879,30.32789]]},"properties":{"name":"Walnut Creek","creek_type":"NATURAL_ALLUVIAL","reach_id":"WLN-4","watershed":"WLN","feature_kind":"waterway","source":"City of Austin Watershed Protection creek centerlines","retrieved_at":"2026-09-29T00:26:18.548370+00:00","access_claim":"none"}},{"type":"Feature","id":"coa-creek/2352138","geometry":{"type":"LineString","coordinates":[[-97.70831,30.41673],[-97.70834,30.41669]]},"properties":{"name":"Walnut Creek","creek_type":"UNDERGROUND_CULVERT","reach_id":"WLN-14","watershed":"WLN","feature_kind":"waterway","source":"City of Austin Watershed Protection creek centerlines","retrieved_at":"2026-09-29T00:26:18.548370+00:00","access_claim":"none"}},{"type":"Feature","id":"coa-creek/2361846","geometry":{"type":"LineString","coordinates":[[-97.90832,30.30609],[-97.90826,30.30603],[-97.9082,30.30595],[-97.90808,30.30582],[-97.90801,30.30573],[-97.90777,30.30541],[-97.90769,30.30529],[-97.90763,30.3052],[-97.90753,30.30506]]},"properties":{"name":"Barton Creek","creek_type":"NATURAL_ROCKBED","reach_id":"BAR-10","watershed":"BAR","feature_kind":"waterway","source":"City of Austin Watershed Protection creek centerlines","retrieved_at":"2026-09-29T00:26:18.548370+00:00","access_claim":"none"}},{"type":"Feature","id":"coa-creek/2358563","geometry":{"type":"LineString","coordinates":[[-97.934,30.28174],[-97.93406,30.28181],[-97.93418,30.28195],[-97.93431,30.28212],[-97.93433,30.28215],[-97.93442,30.2823],[-97.93442,30.2823],[-97.93444,30.28234],[-97.93445,30.28236],[-97.93446,30.28238],[-97.93446,30.2824],[-97.93447,30.28242],[-97.93447,30.28245],[-97.93447,30.28249],[-97.93447,30.28255],[-97.93447,30.2826],[-97.93447,30.28264],[-97.93447,30.28269],[-97.93448,30.28277],[-97.9345,30.28289],[-97.93451,30.28301],[-97.93452,30.28312],[-97.93453,30.28316],[-97.93452,30.2832],[-97.93452,30.28322],[-97.93451,30.28323],[-97.93451,30.28326],[-97.9345,30.28327],[-97.93449,30.28328],[-97.93448,30.28329],[-97.93445,30.28333],[-97.93443,30.28335],[-97.93435,30.28345],[-97.93432,30.28349],[-97.93418,30.28363],[-97.93415,30.28365],[-97.93415,30.28366],[-97.93413,30.28367],[-97.93411,30.28368],[-97.9341,30.28369],[-97.93409,30.28369],[-97.93408,30.2837],[-97.93406,30.2837],[-97.93405,30.28371]]},"properties":{"name":"Barton Creek","creek_type":"NATURAL_UNCLASSIFIED","reach_id":null,"watershed":"BAR","feature_kind":"waterway","source":"City of Austin Watershed Protection creek centerlines","retrieved_at":"2026-09-29T00:26:18.548370+00:00","access_claim":"none"}},{"type":"Feature","id":"coa-creek/2371025","geometry":{"type":"LineString","coordinates":[[-97.79523,30.41674],[-97.79528,30.41668],[-97.79531,30.4166],[-97.79534,30.41652],[-97.79538,30.41643],[-97.79544,30.41635],[-97.79545,30.41631],[-97.79546,30.41626],[-97.79553,30.41609]]},"properties":{"name":"Bull Creek","creek_type":"NATURAL_ROCKBED","reach_id":"BUL-9","watershed":"BUL","feature_kind":"waterway","source":"City of Austin Watershed Protection creek centerlines","retrieved_at":"2026-09-29T00:26:18.548370+00:00","access_claim":"none"}},{"type":"Feature","id":"coa-creek/2362948","geometry":{"type":"LineString","coordinates":[[-97.6511,30.31717],[-97.65095,30.31722],[-97.65083,30.31728],[-97.65078,30.31729],[-97.65071,30.31733],[-97.65065,30.31735],[-97.65059,30.31736],[-97.65055,30.31736],[-97.65052,30.31734],[-97.6505,30.3173],[-97.65047,30.31725],[-97.65044,30.31715],[-97.6504,30.31703],[-97.65036,30.31696],[-97.65031,30.31686],[-97.65022,30.31668],[-97.65019,30.31661],[-97.65016,30.31656],[-97.65012,30.31645],[-97.65008,30.3164],[-97.65008,30.31638]]},"properties":{"name":"Walnut Creek","creek_type":"NATURAL_ALLUVIAL","reach_id":"WLN-4","watershed":"WLN","feature_kind":"waterway","source":"City of Austin Watershed Protection creek centerlines","retrieved_at":"2026-09-29T00:26:18.548370+00:00","access_claim":"none"}},{"type":"Feature","id":"coa-creek/2361768","geometry":{"type":"LineString","coordinates":[[-97.92488,30.28562],[-97.92488,30.28563],[-97.92492,30.28571],[-97.92494,30.28573],[-97.92497,30.28578],[-97.92501,30.28583],[-97.92505,30.28589],[-97.92509,30.28592],[-97.92513,30.28597],[-97.92513,30.28597]]},"properties":{"name":"Barton Creek","creek_type":"NATURAL_ALLUVIAL","reach_id":null,"watershed":"BAR","feature_kind":"waterway","source":"City of Austin Watershed Protection creek centerlines","retrieved_at":"2026-09-29T00:26:18.548370+00:00","access_claim":"none"}},{"type":"Feature","id":"coa-creek/2364777","geometry":{"type":"LineString","coordinates":[[-97.90173,30.29277],[-97.90174,30.29276],[-97.90176,30.29273],[-97.90178,30.2927],[-97.90182,30.29264],[-97.9019,30.29252]]},"properties":{"name":"Barton Creek","creek_type":"NATURAL_ALLUVIAL","reach_id":"BAR-9","watershed":"BAR","feature_kind":"waterway","source":"City of Austin Watershed Protection creek centerlines","retrieved_at":"2026-09-29T00:26:18.548370+00:00","access_claim":"none"}},{"type":"Feature","id":"coa-creek/2366870","geometry":{"type":"LineString","coordinates":[[-97.90587,30.24234],[-97.90586,30.24236],[-97.90584,30.24238]]},"properties":{"name":"Williamson Creek","creek_type":"UNDERGROUND_CULVERT","reach_id":null,"watershed":"WMS","feature_kind":"waterway","source":"City of Austin Watershed Protection creek centerlines","retrieved_at":"2026-09-29T00:26:18.548370+00:00","access_claim":"none"}},{"type":"Feature","id":"coa-creek/2366732","geometry":{"type":"LineString","coordinates":[[-97.84548,30.28892],[-97.84551,30.28891],[-97.84557,30.2889],[-97.84561,30.28889],[-97.84566,30.28887],[-97.84574,30.28884],[-97.8458,30.28882],[-97.84586,30.28879],[-97.84593,30.28874],[-97.846,30.28868],[-97.84606,30.28863],[-97.84608,30.2886],[-97.84611,30.28857],[-97.84612,30.28856],[-97.84615,30.28854],[-97.84617,30.28853],[-97.8462,30.28851],[-97.84624,30.2885],[-97.84635,30.28846],[-97.84638,30.28845],[-97.84642,30.28843],[-97.84643,30.28842],[-97.84648,30.2884],[-97.84658,30.28832],[-97.84662,30.2883],[-97.84663,30.28829],[-97.84665,30.28828],[-97.84669,30.28827],[-97.84675,30.28824],[-97.84677,30.28823],[-97.8468,30.28821],[-97.84683,30.28819],[-97.84685,30.28818],[-97.84686,30.28817],[-97.84688,30.28815],[-97.84689,30.28814],[-97.8469,30.28812],[-97.84691,30.2881],[-97.84692,30.28808],[-97.84695,30.28804],[-97.84698,30.28799],[-97.84706,30.28791],[-97.84713,30.28782],[-97.84722,30.28773],[-97.84722,30.28773],[-97.84728,30.28767],[-97.84731,30.28764],[-97.84738,30.28759],[-97.84747,30.28753],[-97.84748,30.28753]]},"properties":{"name":"Barton Creek","creek_type":"NATURAL_ROCKBED","reach_id":"BAR-7","watershed":"BAR","feature_kind":"waterway","source":"City of Austin Watershed Protection creek centerlines","retrieved_at":"2026-09-29T00:26:18.548370+00:00","access_claim":"none"}},{"type":"Feature","id":"coa-creek/2320692","geometry":{"type":"LineString","coordinates":[[-97.77945,30.15125],[-97.77952,30.1513],[-97.7796,30.1514]]},"properties":{"name":"Onion Creek","creek_type":"NATURAL_ROCKBED","reach_id":"ONI-9","watershed":"ONI","feature_kind":"waterway","source":"City of Austin Watershed Protection creek centerlines","retrieved_at":"2026-09-29T00:26:18.548370+00:00","access_claim":"none"}},{"type":"Feature","id":"coa-creek/2360165","geometry":{"type":"LineString","coordinates":[[-97.7499,30.29722],[-97.74975,30.29721],[-97.7497,30.29719],[-97.74963,30.29715],[-97.74953,30.29709],[-97.7495,30.29705],[-97.74946,30.297],[-97.74941,30.29691],[-97.74925,30.29653],[-97.74905,30.29603],[-97.74898,30.29584],[-97.74897,30.29581],[-97.74896,30.29573],[-97.74894,30.29566],[-97.74886,30.29555],[-97.74881,30.29545],[-97.74874,30.29537],[-97.74872,30.29532],[-97.74869,30.29528],[-97.74861,30.29517],[-97.7485,30.29501],[-97.74836,30.29479],[-97.74833,30.29475],[-97.74828,30.29469],[-97.74824,30.29462],[-97.74819,30.29452],[-97.74803,30.29427],[-97.74798,30.29421],[-97.74795,30.29414],[-97.74793,30.2941],[-97.7479,30.29404],[-97.74781,30.29386],[-97.74777,30.29373],[-97.74772,30.2936],[-97.74767,30.29349],[-97.74758,30.29328],[-97.74751,30.29313],[-97.74748,30.29308]]},"properties":{"name":"Shoal Creek","creek_type":"NATURAL_ALLUVIAL","reach_id":"SHL-5","watershed":"SHL","feature_kind":"waterway","source":"City of Austin Watershed Protection creek centerlines","retrieved_at":"2026-09-29T00:26:18.548370+00:00","access_claim":"none"}},{"type":"Feature","id":"coa-creek/2358775","geometry":{"type":"LineString","coordinates":[[-97.84934,30.28639],[-97.84935,30.28638]]},"properties":{"name":"Barton Creek","creek_type":"NATURAL_ROCKBED","reach_id":"BAR-7","watershed":"BAR","feature_kind":"waterway","source":"City of Austin Watershed Protection creek centerlines","retrieved_at":"2026-09-29T00:26:18.548370+00:00","access_claim":"none"}},{"type":"Feature","id":"coa-creek/2379758","geometry":{"type":"LineString","coordinates":[[-97.78457,30.37438],[-97.7846,30.37386],[-97.78462,30.37331],[-97.78464,30.37302],[-97.78466,30.3729],[-97.78469,30.37276],[-97.7847,30.37271]]},"properties":{"name":"Bull Creek","creek_type":"NATURAL_ROCKBED","reach_id":"BUL-3","watershed":"BUL","feature_kind":"waterway","source":"City of Austin Watershed Protection creek centerlines","retrieved_at":"2026-09-29T00:26:18.548370+00:00","access_claim":"none"}},{"type":"Feature","id":"coa-creek/2361136","geometry":{"type":"LineString","coordinates":[[-97.74073,30.25077],[-97.7407,30.25088],[-97.74067,30.25098],[-97.74066,30.251],[-97.74068,30.25104],[-97.74074,30.25118],[-97.74075,30.25122],[-97.74083,30.25137],[-97.74093,30.25156],[-97.74095,30.25159],[-97.74097,30.25167],[-97.74098,30.25169],[-97.74098,30.25171]]},"properties":{"name":"Blunn Creek","creek_type":"NATURAL_ALLUVIAL","reach_id":"BLU-1","watershed":"BLU","feature_kind":"waterway","source":"City of Austin Watershed Protection creek centerlines","retrieved_at":"2026-09-29T00:26:18.548370+00:00","access_claim":"none"}},{"type":"Feature","id":"coa-creek/2371862","geometry":{"type":"LineString","coordinates":[[-97.78356,30.40126],[-97.78354,30.40123],[-97.78351,30.40115],[-97.78347,30.40106],[-97.78342,30.40091],[-97.78333,30.40066],[-97.7832,30.40026],[-97.78315,30.40012],[-97.78308,30.39994],[-97.78301,30.39977],[-97.78298,30.3997],[-97.78297,30.39962],[-97.78297,30.3996],[-97.78297,30.39956],[-97.78299,30.39952],[-97.783,30.39951],[-97.78306,30.3995],[-97.7831,30.39948]]},"properties":{"name":"Bull Creek","creek_type":"NATURAL_ALLUVIAL","reach_id":"BUL-7","watershed":"BUL","feature_kind":"waterway","source":"City of Austin Watershed Protection creek centerlines","retrieved_at":"2026-09-29T00:26:18.548370+00:00","access_claim":"none"}},{"type":"Feature","id":"coa-creek/2376201","geometry":{"type":"LineString","coordinates":[[-97.74631,30.16706],[-97.74608,30.16718],[-97.74577,30.16739],[-97.74526,30.16784],[-97.74511,30.16797],[-97.74451,30.16832],[-97.7443,30.16845],[-97.74401,30.1687],[-97.74354,30.16925]]},"properties":{"name":"Onion Creek","creek_type":"NATURAL_ROCKBED","reach_id":"ONI-6","watershed":"ONI","feature_kind":"waterway","source":"City of Austin Watershed Protection creek centerlines","retrieved_at":"2026-09-29T00:26:18.548370+00:00","access_claim":"none"}},{"type":"Feature","id":"coa-creek/2328197","geometry":{"type":"LineString","coordinates":[[-97.77298,30.26367],[-97.77294,30.26367]]},"properties":{"name":"Barton Creek","creek_type":"NATURAL_ROCKBED","reach_id":"BAR-2","watershed":"BAR","feature_kind":"waterway","source":"City of Austin Watershed Protection creek centerlines","retrieved_at":"2026-09-29T00:26:18.548370+00:00","access_claim":"none"}},{"type":"Feature","id":"coa-creek/2349967","geometry":{"type":"LineString","coordinates":[[-97.74503,30.3463],[-97.74502,30.34625],[-97.74502,30.34621],[-97.74502,30.34619],[-97.74504,30.34616],[-97.7451,30.34612],[-97.74518,30.34607],[-97.74525,30.34603],[-97.74531,30.34598],[-97.74539,30.34595],[-97.74545,30.34592],[-97.7455,30.34592],[-97.74554,30.34592],[-97.74558,30.34591],[-97.74561,30.34591],[-97.74568,30.34585],[-97.74579,30.34575],[-97.74586,30.34566]]},"properties":{"name":"Shoal Creek","creek_type":"NATURAL_ROCKBED","reach_id":"SHL-12","watershed":"SHL","feature_kind":"waterway","source":"City of Austin Watershed Protection creek centerlines","retrieved_at":"2026-09-29T00:26:18.548370+00:00","access_claim":"none"}},{"type":"Feature","id":"coa-creek/2358778","geometry":{"type":"LineString","coordinates":[[-97.84935,30.28638],[-97.84935,30.28638],[-97.84936,30.28638],[-97.84939,30.28637],[-97.84941,30.28635],[-97.84943,30.28633]]},"properties":{"name":"Barton Creek","creek_type":"NATURAL_ROCKBED","reach_id":"BAR-7","watershed":"BAR","feature_kind":"waterway","source":"City of Austin Watershed Protection creek centerlines","retrieved_at":"2026-09-29T00:26:18.548370+00:00","access_claim":"none"}},{"type":"Feature","id":"coa-creek/2382073","geometry":{"type":"LineString","coordinates":[[-97.80649,30.22185],[-97.80649,30.22185],[-97.80649,30.22185],[-97.80643,30.22184],[-97.80639,30.22184],[-97.80623,30.2218],[-97.80607,30.22178],[-97.80594,30.22177],[-97.80569,30.22175],[-97.80487,30.22163],[-97.80476,30.22164],[-97.80465,30.22164],[-97.80455,30.22165],[-97.80448,30.22165],[-97.80438,30.22166],[-97.80426,30.22169],[-97.80414,30.22171],[-97.80407,30.22173],[-97.80398,30.22176],[-97.80382,30.22182],[-97.80372,30.22187],[-97.80365,30.22189],[-97.80355,30.22191],[-97.80341,30.22193],[-97.80335,30.22193],[-97.80328,30.22194],[-97.80318,30.22195],[-97.80309,30.22197],[-97.80298,30.222],[-97.80288,30.22202],[-97.80279,30.22205],[-97.80276,30.22206]]},"properties":{"name":"Williamson Creek","creek_type":"NATURAL_ALLUVIAL","reach_id":"WMS-10","watershed":"WMS","feature_kind":"waterway","source":"City of Austin Watershed Protection creek centerlines","retrieved_at":"2026-09-29T00:26:18.548370+00:00","access_claim":"none"}},{"type":"Feature","id":"coa-creek/2356236","geometry":{"type":"LineString","coordinates":[[-97.69499,30.17975],[-97.69495,30.17974],[-97.69487,30.17971]]},"properties":{"name":"Onion Creek","creek_type":"NATURAL_ROCKBED","reach_id":"ONI-3","watershed":"ONI","feature_kind":"waterway","source":"City of Austin Watershed Protection creek centerlines","retrieved_at":"2026-09-29T00:26:18.548370+00:00","access_claim":"none"}},{"type":"Feature","id":"coa-creek/2371161","geometry":{"type":"LineString","coordinates":[[-97.83113,30.27033],[-97.83109,30.27028],[-97.831,30.27016],[-97.83097,30.27014],[-97.83095,30.27012],[-97.83092,30.2701],[-97.83089,30.27008],[-97.83077,30.27003],[-97.8307,30.27],[-97.8306,30.26996],[-97.83045,30.26993],[-97.83032,30.26992],[-97.82979,30.26988],[-97.82938,30.26986],[-97.82891,30.26984],[-97.82885,30.26984],[-97.82867,30.26985],[-97.82854,30.26987],[-97.82841,30.26989]]},"properties":{"name":"Barton Creek","creek_type":"NATURAL_ROCKBED","reach_id":"BAR-6","watershed":"BAR","feature_kind":"waterway","source":"City of Austin Watershed Protection creek centerlines","retrieved_at":"2026-09-29T00:26:18.548370+00:00","access_claim":"none"}},{"type":"Feature","id":"coa-creek/2374590","geometry":{"type":"LineString","coordinates":[[-97.83153,30.27127],[-97.83151,30.27124],[-97.83149,30.27123],[-97.83148,30.27121],[-97.83147,30.27119],[-97.83141,30.27107],[-97.83139,30.27104],[-97.83138,30.271],[-97.83137,30.27098],[-97.83135,30.27092],[-97.83133,30.27084],[-97.83132,30.27078],[-97.83131,30.27076],[-97.83127,30.2706],[-97.83126,30.27058],[-97.83122,30.27046],[-97.83121,30.27045],[-97.8312,30.27042],[-97.83118,30.27039],[-97.83114,30.27033]]},"properties":{"name":"Barton Creek","creek_type":"NATURAL_ROCKBED","reach_id":"BAR-6","watershed":"BAR","feature_kind":"waterway","source":"City of Austin Watershed Protection creek centerlines","retrieved_at":"2026-09-29T00:26:18.548370+00:00","access_claim":"none"}},{"type":"Feature","id":"coa-creek/2365191","geometry":{"type":"LineString","coordinates":[[-97.83169,30.27138],[-97.83167,30.27136],[-97.83164,30.27133],[-97.83164,30.27133]]},"properties":{"name":"Barton Creek","creek_type":"NATURAL_ROCKBED","reach_id":"BAR-6","watershed":"BAR","feature_kind":"waterway","source":"City of Austin Watershed Protection creek centerlines","retrieved_at":"2026-09-29T00:26:18.548370+00:00","access_claim":"none"}},{"type":"Feature","id":"coa-creek/2362138","geometry":{"type":"LineString","coordinates":[[-97.77187,30.2103],[-97.77179,30.21032],[-97.77162,30.21034],[-97.77147,30.21039],[-97.77124,30.21047]]},"properties":{"name":"Williamson Creek","creek_type":"NATURAL_ROCKBED","reach_id":"WMS-7","watershed":"WMS","feature_kind":"waterway","source":"City of Austin Watershed Protection creek centerlines","retrieved_at":"2026-09-29T00:26:18.548370+00:00","access_claim":"none"}},{"type":"Feature","id":"coa-creek/2363691","geometry":{"type":"LineString","coordinates":[[-97.9019,30.29252],[-97.90193,30.29247],[-97.90212,30.29219],[-97.90213,30.29218]]},"properties":{"name":"Barton Creek","creek_type":"NATURAL_ALLUVIAL","reach_id":"BAR-9","watershed":"BAR","feature_kind":"waterway","source":"City of Austin Watershed Protection creek centerlines","retrieved_at":"2026-09-29T00:26:18.548370+00:00","access_claim":"none"}},{"type":"Feature","id":"coa-creek/2339744","geometry":{"type":"LineString","coordinates":[[-97.80576,30.41877],[-97.80569,30.41876],[-97.80519,30.41851],[-97.80502,30.41841],[-97.80488,30.41833],[-97.80484,30.41831],[-97.80461,30.4182],[-97.80438,30.41811],[-97.80412,30.41802],[-97.80396,30.41799],[-97.80385,30.41796],[-97.80365,30.41787],[-97.80353,30.41784],[-97.80342,30.41781],[-97.80313,30.4178],[-97.80303,30.4178],[-97.80294,30.41779],[-97.80276,30.41776],[-97.80239,30.41772],[-97.80222,30.41773],[-97.80203,30.41776],[-97.80186,30.41781],[-97.8017,30.41785],[-97.80155,30.4179],[-97.80097,30.41813],[-97.80078,30.41821],[-97.80063,30.41828],[-97.80024,30.41842],[-97.80008,30.41845],[-97.80006,30.41845],[-97.79989,30.41849],[-97.79967,30.41851]]},"properties":{"name":"Bull Creek","creek_type":"NATURAL_ROCKBED","reach_id":"BUL-10","watershed":"BUL","feature_kind":"waterway","source":"City of Austin Watershed Protection creek centerlines","retrieved_at":"2026-09-29T00:26:18.548370+00:00","access_claim":"none"}},{"type":"Feature","id":"coa-creek/2357541","geometry":{"type":"LineString","coordinates":[[-97.7831,30.39948],[-97.78315,30.39943]]},"properties":{"name":"Bull Creek","creek_type":"UNDERGROUND_CULVERT","reach_id":"BUL-7","watershed":"BUL","feature_kind":"waterway","source":"City of Austin Watershed Protection creek centerlines","retrieved_at":"2026-09-29T00:26:18.548370+00:00","access_claim":"none"}},{"type":"Feature","id":"coa-creek/2364659","geometry":{"type":"LineString","coordinates":[[-97.70137,30.40569],[-97.70123,30.40567],[-97.70113,30.40564],[-97.70104,30.40563],[-97.70097,30.40562],[-97.70093,30.40562],[-97.70086,30.40561],[-97.70076,30.40561],[-97.70059,30.40564],[-97.7004,30.40569],[-97.70021,30.40574],[-97.7001,30.40577],[-97.6999,30.40582],[-97.69983,30.40585],[-97.69965,30.40589],[-97.69948,30.40594],[-97.6993,30.40598],[-97.69923,30.40599],[-97.69907,30.40601],[-97.69892,30.40601],[-97.69877,30.40599],[-97.69869,30.40599],[-97.69861,30.406],[-97.69853,30.40602],[-97.69842,30.40604],[-97.69836,30.40605],[-97.6983,30.40605]]},"properties":{"name":"Walnut Creek","creek_type":"NATURAL_ROCKBED","reach_id":"WLN-12","watershed":"WLN","feature_kind":"waterway","source":"City of Austin Watershed Protection creek centerlines","retrieved_at":"2026-09-29T00:26:18.548370+00:00","access_claim":"none"}},{"type":"Feature","id":"coa-creek/2331416","geometry":{"type":"LineString","coordinates":[[-97.81925,30.25457],[-97.81906,30.25444],[-97.81895,30.25437],[-97.81887,30.25433],[-97.81874,30.25427],[-97.8187,30.25426],[-97.81856,30.25422],[-97.81838,30.25418],[-97.81825,30.25415],[-97.8182,30.25414],[-97.81809,30.25411]]},"properties":{"name":"Barton Creek","creek_type":"NATURAL_ROCKBED","reach_id":"BAR-6","watershed":"BAR","feature_kind":"waterway","source":"City of Austin Watershed Protection creek centerlines","retrieved_at":"2026-09-29T00:26:18.548370+00:00","access_claim":"none"}},{"type":"Feature","id":"coa-creek/2362780","geometry":{"type":"LineString","coordinates":[[-97.74924,30.31552],[-97.74918,30.31531],[-97.74915,30.31518],[-97.74914,30.31504],[-97.74914,30.31498],[-97.74914,30.31492],[-97.74914,30.31485],[-97.74914,30.31478],[-97.74911,30.3142],[-97.74907,30.31386],[-97.74903,30.31371],[-97.74902,30.31357],[-97.749,30.31343],[-97.74897,30.31332],[-97.74894,30.31322],[-97.7489,30.31315],[-97.74882,30.31302],[-97.74875,30.31295],[-97.74873,30.31291],[-97.74871,30.31283],[-97.74871,30.31275],[-97.74869,30.31267],[-97.74869,30.31263],[-97.74869,30.31258],[-97.7487,30.31253],[-97.74871,30.31249],[-97.74871,30.31244],[-97.74871,30.3124],[-97.74883,30.31193]]},"properties":{"name":"Shoal Creek","creek_type":"NATURAL_ALLUVIAL","reach_id":"SHL-7B","watershed":"SHL","feature_kind":"waterway","source":"City of Austin Watershed Protection creek centerlines","retrieved_at":"2026-09-29T00:26:18.548370+00:00","access_claim":"none"}},{"type":"Feature","id":"coa-creek/2375905","geometry":{"type":"LineString","coordinates":[[-97.64802,30.32749],[-97.64802,30.32748],[-97.64807,30.32739],[-97.64823,30.32731],[-97.6483,30.32731]]},"properties":{"name":"Walnut Creek","creek_type":"NATURAL_ALLUVIAL","reach_id":"WLN-4","watershed":"WLN","feature_kind":"waterway","source":"City of Austin Watershed Protection creek centerlines","retrieved_at":"2026-09-29T00:26:18.548370+00:00","access_claim":"none"}},{"type":"Feature","id":"coa-creek/2377760","geometry":{"type":"LineString","coordinates":[[-97.73469,30.44126],[-97.73465,30.44125]]},"properties":{"name":"Walnut Creek","creek_type":"NATURAL_UNCLASSIFIED","reach_id":"WLN-17","watershed":"WLN","feature_kind":"waterway","source":"City of Austin Watershed Protection creek centerlines","retrieved_at":"2026-09-29T00:26:18.548370+00:00","access_claim":"none"}},{"type":"Feature","id":"coa-creek/2328044","geometry":{"type":"LineString","coordinates":[[-97.88087,30.24269],[-97.88084,30.24268],[-97.88076,30.24265],[-97.88073,30.24264]]},"properties":{"name":"Williamson Creek","creek_type":"UNDERGROUND_CULVERT","reach_id":"WMS-13","watershed":"WMS","feature_kind":"waterway","source":"City of Austin Watershed Protection creek centerlines","retrieved_at":"2026-09-29T00:26:18.548370+00:00","access_claim":"none"}},{"type":"Feature","id":"coa-creek/2348768","geometry":{"type":"LineString","coordinates":[[-97.73465,30.44125],[-97.73463,30.44125],[-97.73462,30.44125]]},"properties":{"name":"Walnut Creek","creek_type":"NATURAL_UNCLASSIFIED","reach_id":"WLN-17","watershed":"WLN","feature_kind":"waterway","source":"City of Austin Watershed Protection creek centerlines","retrieved_at":"2026-09-29T00:26:18.548370+00:00","access_claim":"none"}},{"type":"Feature","id":"coa-creek/2360073","geometry":{"type":"LineString","coordinates":[[-97.77439,30.37793],[-97.7744,30.37791],[-97.77442,30.37786],[-97.77451,30.37767],[-97.77461,30.37754],[-97.77474,30.3774],[-97.77481,30.3773],[-97.77487,30.37724],[-97.77493,30.37721],[-97.77501,30.37718],[-97.77513,30.37715],[-97.7752,30.37714],[-97.77572,30.37708],[-97.77587,30.37707],[-97.77605,30.37708],[-97.77621,30.37711],[-97.77635,30.37713],[-97.77651,30.37717],[-97.7768,30.37726],[-97.77707,30.37737],[-97.77731,30.37749],[-97.77753,30.37762],[-97.77768,30.37774],[-97.77771,30.37776],[-97.77783,30.37787],[-97.77787,30.37789],[-97.77797,30.37793],[-97.7781,30.37798],[-97.77825,30.37803],[-97.77838,30.37808],[-97.7787,30.37819],[-97.77888,30.37827],[-97.77902,30.37832],[-97.77919,30.37837],[-97.7796,30.3785],[-97.77988,30.3786],[-97.77999,30.37867],[-97.78009,30.37875],[-97.78013,30.37881],[-97.78015,30.37884],[-97.78022,30.37886],[-97.78033,30.3789],[-97.78059,30.37891],[-97.78074,30.3789],[-97.78088,30.37888],[-97.78105,30.37888],[-97.78124,30.37886],[-97.78139,30.37885],[-97.7815,30.37883],[-97.7816,30.3788]]},"properties":{"name":"Bull Creek","creek_type":"NATURAL_ROCKBED","reach_id":"BUL-5","watershed":"BUL","feature_kind":"waterway","source":"City of Austin Watershed Protection creek centerlines","retrieved_at":"2026-09-29T00:26:18.548370+00:00","access_claim":"none"}},{"type":"Feature","id":"coa-creek/2364179","geometry":{"type":"LineString","coordinates":[[-97.6718,30.16917],[-97.6718,30.16917],[-97.67179,30.16913],[-97.67176,30.16909],[-97.67173,30.16907],[-97.67166,30.16905],[-97.67157,30.16902],[-97.67126,30.16899],[-97.67116,30.16899],[-97.67108,30.169],[-97.67101,30.16901],[-97.67092,30.16902],[-97.67085,30.16903],[-97.67078,30.16903],[-97.6707,30.16901],[-97.67065,30.169]]},"properties":{"name":"Onion Creek","creek_type":"NATURAL_ALLUVIAL","reach_id":"ONI-2","watershed":"ONI","feature_kind":"waterway","source":"City of Austin Watershed Protection creek centerlines","retrieved_at":"2026-09-29T00:26:18.548370+00:00","access_claim":"none"}},{"type":"Feature","id":"coa-creek/2353226","geometry":{"type":"LineString","coordinates":[[-97.78985,30.25557],[-97.78977,30.25561],[-97.78958,30.2557],[-97.78948,30.25576],[-97.78946,30.25577],[-97.78936,30.25582],[-97.78934,30.25583],[-97.78933,30.25583],[-97.78926,30.25585],[-97.78912,30.2559],[-97.7889,30.25599],[-97.7886,30.25613]]},"properties":{"name":"Barton Creek","creek_type":"NATURAL_ROCKBED","reach_id":"BAR-4","watershed":"BAR","feature_kind":"waterway","source":"City of Austin Watershed Protection creek centerlines","retrieved_at":"2026-09-29T00:26:18.548370+00:00","access_claim":"none"}},{"type":"Feature","id":"coa-creek/2348967","geometry":{"type":"LineString","coordinates":[[-97.79766,30.1354],[-97.79756,30.13538],[-97.79747,30.13535],[-97.79736,30.13531],[-97.79729,30.13529],[-97.79721,30.13526],[-97.79714,30.13525],[-97.7971,30.13526],[-97.79704,30.13527],[-97.79701,30.13527],[-97.79694,30.13524],[-97.79678,30.13521],[-97.79653,30.13517],[-97.79629,30.13511],[-97.79601,30.13503],[-97.79589,30.13497],[-97.79576,30.13493],[-97.79564,30.13491],[-97.79549,30.13489],[-97.79533,30.13488],[-97.79516,30.13486],[-97.79503,30.13481],[-97.79487,30.13474],[-97.79473,30.13468],[-97.79442,30.13456],[-97.79401,30.13442],[-97.79339,30.13429],[-97.79303,30.1342],[-97.7926,30.13411],[-97.7921,30.13401],[-97.79194,30.13395],[-97.79172,30.13387],[-97.79162,30.13382]]},"properties":{"name":"Onion Creek","creek_type":"NATURAL_ROCKBED","reach_id":"ONI-9","watershed":"ONI","feature_kind":"waterway","source":"City of Austin Watershed Protection creek centerlines","retrieved_at":"2026-09-29T00:26:18.548370+00:00","access_claim":"none"}},{"type":"Feature","id":"coa-creek/2350379","geometry":{"type":"LineString","coordinates":[[-97.72202,30.18872],[-97.722,30.1887],[-97.72195,30.18862],[-97.7219,30.18853]]},"properties":{"name":"Williamson Creek","creek_type":"NATURAL_ROCKBED","reach_id":"WMS-1","watershed":"ONI","feature_kind":"waterway","source":"City of Austin Watershed Protection creek centerlines","retrieved_at":"2026-09-29T00:26:18.548370+00:00","access_claim":"none"}},{"type":"Feature","id":"coa-creek/2352726","geometry":{"type":"LineString","coordinates":[[-97.91725,30.24715],[-97.91722,30.24714],[-97.91718,30.24715],[-97.91697,30.24719],[-97.9168,30.24723],[-97.91676,30.24724]]},"properties":{"name":"Williamson Creek","creek_type":"NATURAL_UNCLASSIFIED","reach_id":null,"watershed":"WMS","feature_kind":"waterway","source":"City of Austin Watershed Protection creek centerlines","retrieved_at":"2026-09-29T00:26:18.548370+00:00","access_claim":"none"}},{"type":"Feature","id":"coa-creek/2365186","geometry":{"type":"LineString","coordinates":[[-97.72823,30.43907],[-97.72823,30.43904],[-97.72824,30.439],[-97.72827,30.43894],[-97.72828,30.43891],[-97.72828,30.43888],[-97.72827,30.43885],[-97.72826,30.43885]]},"properties":{"name":"Walnut Creek","creek_type":"NATURAL_UNCLASSIFIED","reach_id":"WLN-17","watershed":"WLN","feature_kind":"waterway","source":"City of Austin Watershed Protection creek centerlines","retrieved_at":"2026-09-29T00:26:18.548370+00:00","access_claim":"none"}},{"type":"Feature","id":"coa-creek/2362534","geometry":{"type":"LineString","coordinates":[[-97.9192,30.29895],[-97.91919,30.29895],[-97.91918,30.29898],[-97.91917,30.299],[-97.91915,30.29905],[-97.91915,30.29909],[-97.91914,30.29915],[-97.91913,30.29929],[-97.91911,30.2994],[-97.9191,30.29954],[-97.91909,30.29963],[-97.9191,30.29969],[-97.91911,30.29974],[-97.91912,30.29979],[-97.91913,30.29984],[-97.91915,30.2999],[-97.91916,30.29998],[-97.91916,30.30008],[-97.91916,30.30016],[-97.91916,30.30022],[-97.91917,30.30032],[-97.91918,30.30042],[-97.91919,30.30052],[-97.91919,30.30058],[-97.91918,30.30066]]},"properties":{"name":"Barton Creek","creek_type":"NATURAL_ROCKBED","reach_id":"BAR-10","watershed":"BAR","feature_kind":"waterway","source":"City of Austin Watershed Protection creek centerlines","retrieved_at":"2026-09-29T00:26:18.548370+00:00","access_claim":"none"}},{"type":"Feature","id":"coa-creek/2363702","geometry":{"type":"LineString","coordinates":[[-97.8283,30.22442],[-97.82827,30.22442],[-97.82823,30.22443],[-97.82817,30.22444],[-97.82813,30.22441]]},"properties":{"name":"Williamson Creek","creek_type":"NATURAL_ROCKBED","reach_id":"WMS-11","watershed":"WMS","feature_kind":"waterway","source":"City of Austin Watershed Protection creek centerlines","retrieved_at":"2026-09-29T00:26:18.548370+00:00","access_claim":"none"}},{"type":"Feature","id":"coa-creek/2379759","geometry":{"type":"LineString","coordinates":[[-97.7846,30.4032],[-97.78459,30.40319],[-97.78444,30.40297],[-97.78428,30.40279],[-97.78423,30.40274],[-97.7842,30.40268],[-97.78415,30.40256],[-97.78412,30.40251],[-97.78408,30.40244],[-97.78398,30.40229],[-97.78395,30.40225],[-97.7839,30.40216],[-97.78387,30.4021],[-97.78384,30.40202],[-97.78381,30.40193],[-97.7838,30.4019]]},"properties":{"name":"Bull Creek","creek_type":"NATURAL_ALLUVIAL","reach_id":"BUL-7","watershed":"BUL","feature_kind":"waterway","source":"City of Austin Watershed Protection creek centerlines","retrieved_at":"2026-09-29T00:26:18.548370+00:00","access_claim":"none"}},{"type":"Feature","id":"coa-creek/2367853","geometry":{"type":"LineString","coordinates":[[-97.76098,30.20134],[-97.76089,30.20128]]},"properties":{"name":"Williamson Creek","creek_type":"NATURAL_ALLUVIAL","reach_id":"WMS-5","watershed":"WMS","feature_kind":"waterway","source":"City of Austin Watershed Protection creek centerlines","retrieved_at":"2026-09-29T00:26:18.548370+00:00","access_claim":"none"}},{"type":"Feature","id":"coa-creek/2357283","geometry":{"type":"LineString","coordinates":[[-97.77294,30.26367],[-97.77274,30.26365],[-97.77259,30.26363],[-97.7725,30.26364],[-97.7724,30.26366],[-97.77239,30.26366]]},"properties":{"name":"Barton Creek","creek_type":"NATURAL_ROCKBED","reach_id":"BAR-2","watershed":"BAR","feature_kind":"waterway","source":"City of Austin Watershed Protection creek centerlines","retrieved_at":"2026-09-29T00:26:18.548370+00:00","access_claim":"none"}},{"type":"Feature","id":"coa-creek/2332618","geometry":{"type":"LineString","coordinates":[[-97.7356,30.44096],[-97.73561,30.44104],[-97.73562,30.44108],[-97.73561,30.44111],[-97.73558,30.44114],[-97.73556,30.44117],[-97.73555,30.44118]]},"properties":{"name":"Walnut Creek","creek_type":"NATURAL_UNCLASSIFIED","reach_id":"WLN-17","watershed":"WLN","feature_kind":"waterway","source":"City of Austin Watershed Protection creek centerlines","retrieved_at":"2026-09-29T00:26:18.548370+00:00","access_claim":"none"}},{"type":"Feature","id":"coa-creek/2379952","geometry":{"type":"LineString","coordinates":[[-97.78046,30.15342],[-97.78046,30.15344],[-97.78055,30.15377],[-97.7806,30.15391]]},"properties":{"name":"Onion Creek","creek_type":"NATURAL_ROCKBED","reach_id":"ONI-9","watershed":"ONI","feature_kind":"waterway","source":"City of Austin Watershed Protection creek centerlines","retrieved_at":"2026-09-29T00:26:18.548370+00:00","access_claim":"none"}},{"type":"Feature","id":"coa-creek/2354284","geometry":{"type":"LineString","coordinates":[[-97.73532,30.38095],[-97.73525,30.38093]]},"properties":{"name":"Shoal Creek","creek_type":"ALTERED_STRUCTURAL","reach_id":null,"watershed":"SHL","feature_kind":"waterway","source":"City of Austin Watershed Protection creek centerlines","retrieved_at":"2026-09-29T00:26:18.548370+00:00","access_claim":"none"}},{"type":"Feature","id":"coa-creek/2362026","geometry":{"type":"LineString","coordinates":[[-97.79983,30.13558],[-97.79963,30.1356],[-97.79943,30.13564],[-97.79931,30.13567]]},"properties":{"name":"Onion Creek","creek_type":"NATURAL_ROCKBED","reach_id":"ONI-9","watershed":"ONI","feature_kind":"waterway","source":"City of Austin Watershed Protection creek centerlines","retrieved_at":"2026-09-29T00:26:18.548370+00:00","access_claim":"none"}},{"type":"Feature","id":"coa-creek/2338122","geometry":{"type":"LineString","coordinates":[[-97.79615,30.22634],[-97.79603,30.22633],[-97.79592,30.22633],[-97.79587,30.22633],[-97.79581,30.22634],[-97.79574,30.22634],[-97.79569,30.22635],[-97.79562,30.22635],[-97.79556,30.22635],[-97.79549,30.22632],[-97.79544,30.22629],[-97.79539,30.22625],[-97.79534,30.22618],[-97.79532,30.22612],[-97.79528,30.22603],[-97.79524,30.22595],[-97.79518,30.22589],[-97.79512,30.22579],[-97.79501,30.22566],[-97.795,30.22562],[-97.79498,30.22556],[-97.79494,30.22538],[-97.79492,30.22529],[-97.79483,30.22495],[-97.79469,30.22437],[-97.79468,30.2241],[-97.79465,30.22392],[-97.79462,30.22389],[-97.79459,30.22385],[-97.79458,30.2238],[-97.79459,30.22375],[-97.79462,30.22369],[-97.79465,30.22356],[-97.79466,30.22352],[-97.7947,30.22344],[-97.79475,30.22329],[-97.79478,30.22324],[-97.7948,30.22319],[-97.79484,30.22313],[-97.79488,30.2231],[-97.79489,30.22308],[-97.79493,30.22303],[-97.79496,30.22299],[-97.795,30.22296],[-97.79507,30.22292],[-97.79523,30.22285],[-97.79532,30.22278],[-97.79539,30.22268],[-97.7954,30.22266],[-97.79539,30.22264],[-97.7954,30.22257],[-97.79539,30.22254],[-97.7953,30.22238],[-97.79529,30.22232],[-97.79528,30.22225],[-97.79525,30.22222],[-97.79524,30.22221],[-97.79517,30.22217],[-97.79513,30.22215],[-97.79506,30.22205],[-97.79484,30.22187],[-97.79458,30.22173],[-97.79452,30.22172],[-97.79445,30.2217],[-97.79431,30.22173],[-97.79418,30.2217],[-97.79395,30.22158],[-97.79384,30.22148],[-97.7938,30.22145],[-97.79365,30.22134],[-97.79329,30.22111],[-97.79317,30.22102],[-97.79309,30.22096],[-97.79299,30.22088],[-97.79297,30.22086],[-97.79294,30.22077],[-97.79293,30.22074],[-97.7929,30.22069],[-97.79286,30.22062]]},"properties":{"name":"Williamson Creek","creek_type":"NATURAL_ALLUVIAL","reach_id":"WMS-9","watershed":"WMS","feature_kind":"waterway","source":"City of Austin Watershed Protection creek centerlines","retrieved_at":"2026-09-29T00:26:18.548370+00:00","access_claim":"none"}},{"type":"Feature","id":"coa-creek/2381524","geometry":{"type":"LineString","coordinates":[[-97.77863,30.15107],[-97.77863,30.15107],[-97.77864,30.15107],[-97.77867,30.15108],[-97.77869,30.15109],[-97.77869,30.15112],[-97.7787,30.15113],[-97.77875,30.15115],[-97.77881,30.15116],[-97.77892,30.15115],[-97.77897,30.15113],[-97.77909,30.15112],[-97.77939,30.1512],[-97.77945,30.15125]]},"properties":{"name":"Onion Creek","creek_type":"NATURAL_ROCKBED","reach_id":"ONI-9","watershed":"ONI","feature_kind":"waterway","source":"City of Austin Watershed Protection creek centerlines","retrieved_at":"2026-09-29T00:26:18.548370+00:00","access_claim":"none"}},{"type":"Feature","id":"coa-creek/2354418","geometry":{"type":"LineString","coordinates":[[-97.91009,30.24333],[-97.91002,30.24326],[-97.90994,30.24321],[-97.90987,30.24316],[-97.90982,30.24314],[-97.90969,30.24308],[-97.90957,30.24304],[-97.90953,30.24303],[-97.90947,30.24302],[-97.90942,30.24303],[-97.90936,30.24303],[-97.90931,30.24302],[-97.90927,30.24301],[-97.90923,30.24299],[-97.90919,30.24298],[-97.90915,30.24296],[-97.9091,30.24294],[-97.90904,30.24291],[-97.90899,30.24287],[-97.90891,30.24283],[-97.90882,30.24278],[-97.90873,30.24269],[-97.90862,30.24263],[-97.90858,30.24262],[-97.90855,30.2426],[-97.90852,30.24259],[-97.90849,30.24258],[-97.90847,30.24258],[-97.90843,30.24257],[-97.90841,30.24257],[-97.90839,30.24257],[-97.90832,30.24257],[-97.90824,30.24256],[-97.90814,30.24257],[-97.90805,30.24258],[-97.90801,30.24259],[-97.90787,30.24263],[-97.9078,30.24265],[-97.90775,30.24265],[-97.90768,30.24264],[-97.90752,30.24259],[-97.90747,30.24258],[-97.90741,30.24257],[-97.90738,30.24255],[-97.90736,30.24253],[-97.90725,30.24253],[-97.9072,30.24252],[-97.90715,30.24251],[-97.9071,30.24248],[-97.90709,30.24243],[-97.90705,30.24237],[-97.90701,30.24234],[-97.90695,30.24233],[-97.90688,30.24232],[-97.90684,30.2423],[-97.90679,30.2423],[-97.90672,30.24227]]},"properties":{"name":"Williamson Creek","creek_type":"NATURAL_UNCLASSIFIED","reach_id":null,"watershed":"WMS","feature_kind":"waterway","source":"City of Austin Watershed Protection creek centerlines","retrieved_at":"2026-09-29T00:26:18.548370+00:00","access_claim":"none"}},{"type":"Feature","id":"coa-creek/2358562","geometry":{"type":"LineString","coordinates":[[-97.93311,30.27721],[-97.93301,30.27723],[-97.93295,30.27725],[-97.9329,30.27726],[-97.93286,30.27728],[-97.93281,30.27731],[-97.93272,30.27736],[-97.93266,30.27739],[-97.9326,30.27744],[-97.93251,30.2775],[-97.93248,30.27753],[-97.93246,30.27756],[-97.93244,30.27759],[-97.93243,30.2776],[-97.93241,30.27763],[-97.93239,30.27769],[-97.93238,30.27777],[-97.93236,30.27785],[-97.93234,30.27797],[-97.93232,30.27808],[-97.93232,30.27812],[-97.93233,30.27814],[-97.93233,30.27816],[-97.93233,30.2782],[-97.93234,30.27824],[-97.93234,30.27826],[-97.93233,30.27828],[-97.93231,30.27832],[-97.93229,30.27837],[-97.93228,30.27839],[-97.93227,30.27842],[-97.93227,30.27844],[-97.93226,30.27848],[-97.93225,30.27854],[-97.93224,30.27861],[-97.93223,30.27865],[-97.93222,30.27871],[-97.93223,30.27875],[-97.93223,30.27876],[-97.93223,30.27877],[-97.93223,30.27879],[-97.93224,30.27881],[-97.93225,30.27883],[-97.93225,30.27885],[-97.93226,30.27887],[-97.93226,30.27889],[-97.93226,30.27894],[-97.93226,30.27898],[-97.93226,30.27899],[-97.93226,30.27902]]},"properties":{"name":"Barton Creek","creek_type":"NATURAL_UNCLASSIFIED","reach_id":null,"watershed":"BAR","feature_kind":"waterway","source":"City of Austin Watershed Protection creek centerlines","retrieved_at":"2026-09-29T00:26:18.548370+00:00","access_claim":"none"}},{"type":"Feature","id":"coa-creek/2320684","geometry":{"type":"LineString","coordinates":[[-97.74354,30.16925],[-97.74342,30.16936],[-97.74328,30.16951],[-97.74318,30.16959],[-97.74309,30.16966],[-97.74303,30.16971],[-97.743,30.16974],[-97.74291,30.16987],[-97.74282,30.17004],[-97.74274,30.17021],[-97.74263,30.17045],[-97.74253,30.17064],[-97.74238,30.17081],[-97.74221,30.171],[-97.74209,30.17116],[-97.74192,30.17145],[-97.74188,30.17153],[-97.74187,30.17155],[-97.74186,30.17157],[-97.74188,30.17164],[-97.7419,30.17171],[-97.7419,30.17177],[-97.74191,30.1718],[-97.74191,30.17181],[-97.74192,30.17184],[-97.74191,30.17187],[-97.74191,30.17191],[-97.7419,30.17195],[-97.74191,30.17198],[-97.7419,30.17199],[-97.74188,30.172],[-97.74186,30.17202],[-97.74185,30.17204],[-97.74184,30.17205],[-97.74183,30.17206],[-97.74182,30.17207],[-97.74183,30.17209],[-97.74183,30.17211],[-97.74182,30.17213],[-97.74179,30.17216],[-97.74172,30.17226],[-97.74165,30.17236],[-97.74162,30.17239],[-97.74158,30.17244]]},"properties":{"name":"Onion Creek","creek_type":"NATURAL_ROCKBED","reach_id":"ONI-6","watershed":"ONI","feature_kind":"waterway","source":"City of Austin Watershed Protection creek centerlines","retrieved_at":"2026-09-29T00:26:18.548370+00:00","access_claim":"none"}},{"type":"Feature","id":"coa-creek/2375937","geometry":{"type":"LineString","coordinates":[[-97.74506,30.24548],[-97.74508,30.24553],[-97.74509,30.24559],[-97.74511,30.24567],[-97.74511,30.24569],[-97.74511,30.24571],[-97.74509,30.24572],[-97.74506,30.24573],[-97.745,30.24573],[-97.74488,30.24573],[-97.74483,30.24574],[-97.7448,30.24575],[-97.74477,30.24577],[-97.74476,30.24579],[-97.74475,30.24582],[-97.74474,30.24586],[-97.74475,30.24589],[-97.74476,30.24592],[-97.74476,30.24595],[-97.74477,30.24598],[-97.74477,30.24601],[-97.74477,30.24601]]},"properties":{"name":"Blunn Creek","creek_type":"NATURAL_ROCKBED","reach_id":"BLU-2","watershed":"BLU","feature_kind":"waterway","source":"City of Austin Watershed Protection creek centerlines","retrieved_at":"2026-09-29T00:26:18.548370+00:00","access_claim":"none"}},{"type":"Feature","id":"coa-creek/2379761","geometry":{"type":"LineString","coordinates":[[-97.7838,30.4019],[-97.78378,30.40181],[-97.78375,30.4017]]},"properties":{"name":"Bull Creek","creek_type":"NATURAL_ALLUVIAL","reach_id":"BUL-7","watershed":"BUL","feature_kind":"waterway","source":"City of Austin Watershed Protection creek centerlines","retrieved_at":"2026-09-29T00:26:18.548370+00:00","access_claim":"none"}},{"type":"Feature","id":"coa-creek/2335075","geometry":{"type":"LineString","coordinates":[[-97.75243,30.26955],[-97.75244,30.2695],[-97.75244,30.26949],[-97.75246,30.26946],[-97.75248,30.26942],[-97.75249,30.2694],[-97.7525,30.26936],[-97.75251,30.26934],[-97.75251,30.2693],[-97.7525,30.26927],[-97.7525,30.26925],[-97.75251,30.26921],[-97.75252,30.26917],[-97.75252,30.26914],[-97.75252,30.26908],[-97.75252,30.26906],[-97.75251,30.26903],[-97.75251,30.269],[-97.75251,30.26896],[-97.75252,30.26893],[-97.75249,30.26889],[-97.75248,30.26885],[-97.75244,30.2688],[-97.7524,30.26871],[-97.75237,30.26869],[-97.75237,30.26869],[-97.75235,30.26867],[-97.75231,30.26864],[-97.75227,30.26863],[-97.75221,30.2686],[-97.75216,30.26859],[-97.75212,30.26858],[-97.75209,30.26858],[-97.75202,30.26858],[-97.75198,30.26858],[-97.75191,30.26859],[-97.75187,30.26859],[-97.75182,30.26859],[-97.75176,30.2686],[-97.75173,30.2686],[-97.7517,30.2686],[-97.75167,30.2686],[-97.75159,30.26857],[-97.75153,30.26856],[-97.75146,30.26855],[-97.75136,30.26853],[-97.75131,30.26852],[-97.75124,30.26852],[-97.7512,30.26851]]},"properties":{"name":"Shoal Creek","creek_type":"NATURAL_ALLUVIAL","reach_id":"SHL-3","watershed":"SHL","feature_kind":"waterway","source":"City of Austin Watershed Protection creek centerlines","retrieved_at":"2026-09-29T00:26:18.548370+00:00","access_claim":"none"}},{"type":"Feature","id":"coa-creek/2356671","geometry":{"type":"LineString","coordinates":[[-97.87267,30.2354],[-97.87258,30.2354],[-97.87253,30.23539],[-97.87245,30.23539],[-97.87236,30.23538],[-97.8723,30.23537],[-97.87225,30.23535],[-97.87215,30.23532],[-97.87206,30.23529],[-97.87197,30.23526],[-97.87191,30.23523],[-97.87182,30.23519],[-97.87163,30.23513],[-97.87151,30.23507]]},"properties":{"name":"Williamson Creek","creek_type":"NATURAL_ROCKBED","reach_id":"WMS-12","watershed":"WMS","feature_kind":"waterway","source":"City of Austin Watershed Protection creek centerlines","retrieved_at":"2026-09-29T00:26:18.548370+00:00","access_claim":"none"}},{"type":"Feature","id":"coa-creek/2364907","geometry":{"type":"LineString","coordinates":[[-97.73543,30.37705],[-97.73543,30.37702],[-97.73541,30.37699],[-97.7354,30.37697],[-97.73539,30.37694],[-97.73538,30.37691],[-97.73535,30.37687],[-97.73533,30.37677],[-97.7353,30.37668],[-97.73529,30.37664],[-97.7353,30.37657],[-97.73528,30.37645],[-97.73527,30.37634],[-97.73523,30.3762],[-97.73522,30.37612],[-97.73522,30.37607],[-97.7352,30.37599],[-97.73514,30.37581],[-97.73512,30.37571],[-97.73506,30.37551],[-97.73501,30.37543],[-97.73499,30.3754],[-97.73498,30.37535],[-97.73498,30.37533],[-97.73498,30.37524],[-97.73499,30.37518]]},"properties":{"name":"Shoal Creek","creek_type":"NATURAL_ROCKBED","reach_id":"SHL-15","watershed":"SHL","feature_kind":"waterway","source":"City of Austin Watershed Protection creek centerlines","retrieved_at":"2026-09-29T00:26:18.548370+00:00","access_claim":"none"}},{"type":"Feature","id":"coa-creek/2329833","geometry":{"type":"LineString","coordinates":[[-97.8164,30.41735],[-97.81618,30.4175],[-97.81594,30.41765],[-97.8153,30.41806],[-97.81504,30.41827]]},"properties":{"name":"Bull Creek","creek_type":"NATURAL_ALLUVIAL","reach_id":"BUL-11","watershed":"BUL","feature_kind":"waterway","source":"City of Austin Watershed Protection creek centerlines","retrieved_at":"2026-09-29T00:26:18.548370+00:00","access_claim":"none"}},{"type":"Feature","id":"coa-creek/2320874","geometry":{"type":"LineString","coordinates":[[-97.69329,30.17939],[-97.69328,30.17938],[-97.69324,30.17936],[-97.69295,30.1793],[-97.69282,30.17926],[-97.69272,30.17925]]},"properties":{"name":"Onion Creek","creek_type":"NATURAL_UNCLASSIFIED","reach_id":"ONI-2","watershed":"ONI","feature_kind":"waterway","source":"City of Austin Watershed Protection creek centerlines","retrieved_at":"2026-09-29T00:26:18.548370+00:00","access_claim":"none"}},{"type":"Feature","id":"coa-creek/2349519","geometry":{"type":"LineString","coordinates":[[-97.9802,30.26496],[-97.98008,30.26493],[-97.98001,30.26492],[-97.9799,30.26491],[-97.97987,30.26491],[-97.97984,30.26491],[-97.97976,30.26493],[-97.97969,30.26494],[-97.97962,30.26496],[-97.97957,30.26498],[-97.9795,30.26502],[-97.97946,30.26504],[-97.97942,30.26508],[-97.9794,30.26511],[-97.97936,30.26516],[-97.97934,30.26521],[-97.97931,30.26527],[-97.97928,30.26534],[-97.97926,30.26538],[-97.97923,30.26541],[-97.97919,30.26546],[-97.97908,30.26556],[-97.97904,30.2656],[-97.97892,30.2657],[-97.97883,30.26579],[-97.97877,30.26584],[-97.9787,30.2659],[-97.97865,30.26593],[-97.97858,30.26596],[-97.97853,30.26598],[-97.97843,30.26601],[-97.97837,30.26603],[-97.97824,30.26612],[-97.97812,30.26621],[-97.97808,30.26626],[-97.97802,30.26632],[-97.97798,30.26635],[-97.97793,30.26637],[-97.97786,30.2664],[-97.97777,30.26643],[-97.97771,30.26647],[-97.97769,30.2665],[-97.97762,30.26661],[-97.97755,30.26675],[-97.9775,30.26686],[-97.97741,30.26707],[-97.97735,30.26718],[-97.97729,30.2673],[-97.97725,30.26737],[-97.97722,30.26747],[-97.97718,30.26761],[-97.97716,30.26774],[-97.97715,30.26777],[-97.97715,30.2678],[-97.97715,30.26783],[-97.97715,30.26797],[-97.97715,30.2681],[-97.97716,30.26818],[-97.97715,30.26844],[-97.97715,30.26853],[-97.97718,30.26863],[-97.97724,30.26879],[-97.97729,30.26898],[-97.97734,30.26916],[-97.97736,30.26925],[-97.97739,30.26936],[-97.9774,30.26942],[-97.97743,30.26963],[-97.97748,30.26994],[-97.97753,30.27039],[-97.97754,30.2705],[-97.97753,30.27057],[-97.97751,30.27072],[-97.97751,30.27077],[-97.9775,30.2708],[-97.97749,30.27083],[-97.97747,30.27087],[-97.97743,30.27093],[-97.9774,30.27098],[-97.97739,30.27101],[-97.97735,30.27109],[-97.97733,30.27113],[-97.97731,30.27118],[-97.97729,30.27125],[-97.97728,30.27128],[-97.97727,30.27131]]},"properties":{"name":"Barton Creek","creek_type":"NATURAL_UNCLASSIFIED","reach_id":null,"watershed":"BAR","feature_kind":"waterway","source":"City of Austin Watershed Protection creek centerlines","retrieved_at":"2026-09-29T00:26:18.548370+00:00","access_claim":"none"}},{"type":"Feature","id":"coa-creek/2354806","geometry":{"type":"LineString","coordinates":[[-97.64868,30.31041],[-97.64889,30.31032],[-97.64899,30.31025],[-97.64905,30.31018],[-97.64912,30.31012],[-97.64914,30.31008],[-97.64915,30.31004],[-97.64916,30.30997],[-97.64915,30.30979],[-97.64916,30.30971],[-97.64917,30.30965],[-97.64918,30.30962],[-97.6492,30.30959],[-97.64923,30.30958],[-97.64926,30.30957],[-97.64932,30.30958],[-97.64945,30.30962],[-97.64949,30.30963],[-97.64952,30.30963],[-97.64957,30.30962],[-97.64967,30.3096],[-97.64973,30.30958],[-97.64978,30.30956],[-97.64982,30.30956],[-97.6499,30.30958],[-97.65002,30.3096],[-97.65009,30.3096],[-97.65019,30.3096],[-97.65025,30.30959],[-97.65031,30.30958],[-97.65042,30.30953],[-97.65049,30.30949],[-97.65055,30.30947],[-97.65059,30.30946],[-97.65064,30.30945],[-97.65068,30.30946],[-97.65073,30.30947],[-97.65075,30.30949],[-97.65079,30.30955],[-97.65083,30.30958],[-97.65087,30.3096],[-97.65092,30.30961],[-97.65099,30.30961],[-97.65107,30.3096],[-97.65111,30.30958],[-97.65113,30.30955],[-97.65113,30.30952],[-97.65114,30.30945],[-97.65115,30.3093],[-97.65113,30.30912],[-97.65112,30.30901],[-97.65112,30.30894],[-97.65113,30.30881],[-97.65114,30.30875],[-97.65116,30.30871],[-97.65118,30.30867],[-97.65122,30.30865],[-97.65131,30.30863],[-97.6515,30.30858],[-97.65153,30.30856],[-97.65159,30.30852],[-97.6517,30.3084],[-97.65179,30.30826],[-97.65182,30.30821],[-97.65183,30.30815],[-97.65187,30.30809],[-97.65195,30.30794],[-97.65198,30.30788],[-97.65199,30.30785],[-97.65199,30.30781],[-97.65199,30.30776],[-97.65198,30.30766],[-97.65197,30.30758],[-97.65198,30.30748],[-97.65201,30.30726],[-97.65202,30.30718],[-97.65204,30.30706],[-97.65205,30.30698],[-97.65205,30.30691],[-97.65204,30.30687],[-97.65203,30.30684],[-97.652,30.3068],[-97.65196,30.30678],[-97.6519,30.30675],[-97.65183,30.30673],[-97.65175,30.30672],[-97.65166,30.30671],[-97.65161,30.30671],[-97.65157,30.30672],[-97.65148,30.30676],[-97.65143,30.3068],[-97.65138,30.30683],[-97.65134,30.30688],[-97.65131,30.30694],[-97.65128,30.307],[-97.65125,30.30705],[-97.65121,30.30708],[-97.65117,30.3071],[-97.65112,30.3071],[-97.65108,30.3071],[-97.65104,30.30708],[-97.65101,30.30705],[-97.65098,30.30699],[-97.65097,30.30695],[-97.65096,30.3069],[-97.65094,30.30686],[-97.65091,30.3068],[-97.65086,30.30673],[-97.65081,30.30668],[-97.65079,30.30665],[-97.65078,30.30662],[-97.65077,30.30659],[-97.65078,30.30656],[-97.65085,30.30643],[-97.65094,30.30633],[-97.65101,30.30625],[-97.65107,30.3062],[-97.65114,30.30616],[-97.65121,30.30611],[-97.65126,30.30605],[-97.65129,30.30601],[-97.65131,30.30596],[-97.65132,30.30591],[-97.65131,30.30587],[-97.65129,30.30582],[-97.65124,30.30575],[-97.65119,30.30565],[-97.65117,30.30562],[-97.65115,30.30554],[-97.65113,30.30544],[-97.65113,30.30537],[-97.65113,30.30534],[-97.65113,30.30529],[-97.65115,30.30523],[-97.65117,30.30514],[-97.65121,30.30506],[-97.65124,30.30499],[-97.65128,30.30493],[-97.65132,30.30488],[-97.65137,30.3048],[-97.65144,30.30465],[-97.65147,30.30459],[-97.65149,30.30454],[-97.6515,30.30449],[-97.6515,30.30446],[-97.65148,30.30437],[-97.65147,30.30427],[-97.65146,30.30414],[-97.65147,30.30403],[-97.65147,30.30398],[-97.65148,30.3039],[-97.6515,30.30383]]},"properties":{"name":"Walnut Creek","creek_type":"NATURAL_ALLUVIAL","reach_id":"WLN-3","watershed":"WLN","feature_kind":"waterway","source":"City of Austin Watershed Protection creek centerlines","retrieved_at":"2026-09-29T00:26:18.548370+00:00","access_claim":"none"}},{"type":"Feature","id":"coa-creek/2320596","geometry":{"type":"LineString","coordinates":[[-97.81051,30.13325],[-97.81046,30.13324],[-97.81039,30.13324],[-97.81026,30.13321],[-97.81005,30.13317],[-97.80994,30.13313],[-97.80986,30.13308],[-97.80977,30.133],[-97.80969,30.13296],[-97.80952,30.13292],[-97.80924,30.13288],[-97.80908,30.1329],[-97.80894,30.13292],[-97.8087,30.13297],[-97.80855,30.13306],[-97.80842,30.13309],[-97.80831,30.13307],[-97.80823,30.13303],[-97.80809,30.13291],[-97.80789,30.13273],[-97.80772,30.13265],[-97.80758,30.13264]]},"properties":{"name":"Onion Creek","creek_type":"NATURAL_ROCKBED","reach_id":"ONI-9","watershed":"ONI","feature_kind":"waterway","source":"City of Austin Watershed Protection creek centerlines","retrieved_at":"2026-09-29T00:26:18.548370+00:00","access_claim":"none"}},{"type":"Feature","id":"coa-creek/2386888","geometry":{"type":"LineString","coordinates":[[-97.9295,30.28365],[-97.92949,30.28365],[-97.92946,30.28363],[-97.92928,30.28353],[-97.92925,30.28351]]},"properties":{"name":"Barton Creek","creek_type":"NATURAL_ALLUVIAL","reach_id":null,"watershed":"BAR","feature_kind":"waterway","source":"City of Austin Watershed Protection creek centerlines","retrieved_at":"2026-09-29T00:26:18.548370+00:00","access_claim":"none"}},{"type":"Feature","id":"coa-creek/2371170","geometry":{"type":"LineString","coordinates":[[-97.6515,30.30383],[-97.65153,30.30375],[-97.65157,30.30368],[-97.65159,30.30365],[-97.65165,30.30359],[-97.65168,30.30354],[-97.65171,30.30348],[-97.65175,30.30342],[-97.6518,30.30334]]},"properties":{"name":"Walnut Creek","creek_type":"NATURAL_ALLUVIAL","reach_id":"WLN-3","watershed":"WLN","feature_kind":"waterway","source":"City of Austin Watershed Protection creek centerlines","retrieved_at":"2026-09-29T00:26:18.548370+00:00","access_claim":"none"}},{"type":"Feature","id":"coa-creek/2344791","geometry":{"type":"LineString","coordinates":[[-97.87912,30.23884],[-97.87906,30.23877]]},"properties":{"name":"Williamson Creek","creek_type":"UNDERGROUND_CULVERT","reach_id":"WMS-13","watershed":"WMS","feature_kind":"waterway","source":"City of Austin Watershed Protection creek centerlines","retrieved_at":"2026-09-29T00:26:18.548370+00:00","access_claim":"none"}},{"type":"Feature","id":"coa-creek/2381303","geometry":{"type":"LineString","coordinates":[[-97.64531,30.26462],[-97.64514,30.26462],[-97.64478,30.2645],[-97.64443,30.26433],[-97.64408,30.26419],[-97.64377,30.26403],[-97.64355,30.26382],[-97.64342,30.26358],[-97.64326,30.26327],[-97.64314,30.26296],[-97.64309,30.26279]]},"properties":{"name":"Walnut Creek","creek_type":"NATURAL_ALLUVIAL","reach_id":"WLN-1","watershed":"WLN","feature_kind":"waterway","source":"City of Austin Watershed Protection creek centerlines","retrieved_at":"2026-09-29T00:26:18.548370+00:00","access_claim":"none"}},{"type":"Feature","id":"coa-creek/2348305","geometry":{"type":"LineString","coordinates":[[-97.96008,30.26972],[-97.96007,30.26971],[-97.96,30.26965],[-97.95998,30.26963],[-97.95994,30.2696],[-97.9599,30.26959],[-97.95986,30.26957],[-97.95982,30.26955],[-97.95971,30.26951],[-97.95959,30.26947],[-97.95951,30.26944],[-97.95949,30.26943],[-97.95939,30.26941],[-97.95916,30.26937],[-97.95915,30.26936],[-97.95908,30.26935],[-97.95894,30.26933],[-97.95881,30.26931],[-97.95875,30.2693],[-97.9587,30.2693],[-97.95859,30.26927],[-97.95858,30.26927]]},"properties":{"name":"Barton Creek","creek_type":"NATURAL_UNCLASSIFIED","reach_id":null,"watershed":"BAR","feature_kind":"waterway","source":"City of Austin Watershed Protection creek centerlines","retrieved_at":"2026-09-29T00:26:18.548370+00:00","access_claim":"none"}},{"type":"Feature","id":"coa-creek/2357210","geometry":{"type":"LineString","coordinates":[[-97.76403,30.16828],[-97.764,30.16835],[-97.76392,30.16844],[-97.76384,30.16851],[-97.7638,30.16855],[-97.76378,30.1686],[-97.76377,30.16868],[-97.76376,30.16876],[-97.76375,30.16887],[-97.76374,30.16893],[-97.76375,30.16897],[-97.76377,30.16903],[-97.76377,30.16905],[-97.76376,30.1691],[-97.76373,30.16914],[-97.76369,30.16918],[-97.76361,30.16924],[-97.76349,30.16928],[-97.76343,30.16929],[-97.76334,30.1693],[-97.76322,30.16928],[-97.76315,30.16929],[-97.76314,30.16929],[-97.76299,30.16932],[-97.76288,30.16936],[-97.76281,30.16938],[-97.76263,30.1694],[-97.76259,30.16941],[-97.76255,30.16946],[-97.76252,30.16952],[-97.76248,30.16955],[-97.76241,30.1696],[-97.76233,30.16962]]},"properties":{"name":"Onion Creek","creek_type":"NATURAL_ROCKBED","reach_id":"ONI-8","watershed":"ONI","feature_kind":"waterway","source":"City of Austin Watershed Protection creek centerlines","retrieved_at":"2026-09-29T00:26:18.548370+00:00","access_claim":"none"}},{"type":"Feature","id":"coa-creek/2364906","geometry":{"type":"LineString","coordinates":[[-97.7512,30.26851],[-97.75119,30.2685],[-97.75117,30.2685],[-97.75115,30.26849],[-97.75106,30.26844],[-97.751,30.26841],[-97.75096,30.26838],[-97.75088,30.26833],[-97.75081,30.26829],[-97.75076,30.26826],[-97.7507,30.26823],[-97.75065,30.26819],[-97.7506,30.26815],[-97.75056,30.26813],[-97.75049,30.2681],[-97.75046,30.26807],[-97.75043,30.26804],[-97.7504,30.26801],[-97.75038,30.26799],[-97.75036,30.26795],[-97.75036,30.26792],[-97.75036,30.26789],[-97.75036,30.26786],[-97.75037,30.26781],[-97.75038,30.26778],[-97.75038,30.26777],[-97.75038,30.26773],[-97.75038,30.26771]]},"properties":{"name":"Shoal Creek","creek_type":"NATURAL_ROCKBED","reach_id":"SHL-2","watershed":"SHL","feature_kind":"waterway","source":"City of Austin Watershed Protection creek centerlines","retrieved_at":"2026-09-29T00:26:18.548370+00:00","access_claim":"none"}},{"type":"Feature","id":"coa-creek/2375177","geometry":{"type":"LineString","coordinates":[[-97.75264,30.22508],[-97.75252,30.22513],[-97.75249,30.22512],[-97.75244,30.22511],[-97.7524,30.22508],[-97.75238,30.22506],[-97.75234,30.22505],[-97.7523,30.22503],[-97.75224,30.225],[-97.75216,30.22497],[-97.75211,30.22496],[-97.75207,30.22494],[-97.75202,30.22492],[-97.75198,30.22492],[-97.75193,30.22493],[-97.7519,30.22494],[-97.75186,30.22495],[-97.75183,30.22499],[-97.75182,30.22505],[-97.75181,30.22506],[-97.75176,30.22511],[-97.75165,30.22523],[-97.75161,30.22525],[-97.75155,30.22529],[-97.7515,30.22533],[-97.75146,30.22534],[-97.75143,30.22534],[-97.75139,30.22533],[-97.75134,30.22534]]},"properties":{"name":"Blunn Creek","creek_type":"NATURAL_ALLUVIAL","reach_id":"BLU-5","watershed":"BLU","feature_kind":"waterway","source":"City of Austin Watershed Protection creek centerlines","retrieved_at":"2026-09-29T00:26:18.548370+00:00","access_claim":"none"}},{"type":"Feature","id":"coa-creek/2362335","geometry":{"type":"LineString","coordinates":[[-97.92561,30.29634],[-97.92552,30.29634],[-97.92546,30.29633],[-97.92545,30.29633]]},"properties":{"name":"Barton Creek","creek_type":"NATURAL_ROCKBED","reach_id":"BAR-10","watershed":"BAR","feature_kind":"waterway","source":"City of Austin Watershed Protection creek centerlines","retrieved_at":"2026-09-29T00:26:18.548370+00:00","access_claim":"none"}},{"type":"Feature","id":"coa-creek/2320672","geometry":{"type":"LineString","coordinates":[[-97.6723,30.16975],[-97.67227,30.16974],[-97.6722,30.16972],[-97.67216,30.16969],[-97.6721,30.16962],[-97.67196,30.16947],[-97.6719,30.16936],[-97.67182,30.16924],[-97.6718,30.16917]]},"properties":{"name":"Onion Creek","creek_type":"NATURAL_ALLUVIAL","reach_id":"ONI-2","watershed":"ONI","feature_kind":"waterway","source":"City of Austin Watershed Protection creek centerlines","retrieved_at":"2026-09-29T00:26:18.548370+00:00","access_claim":"none"}},{"type":"Feature","id":"coa-creek/2363627","geometry":{"type":"LineString","coordinates":[[-97.88729,30.29256],[-97.88728,30.29255],[-97.88727,30.29252],[-97.88713,30.29219],[-97.8871,30.29208],[-97.88706,30.292],[-97.88693,30.29176]]},"properties":{"name":"Barton Creek","creek_type":"NATURAL_ALLUVIAL","reach_id":"BAR-9","watershed":"BAR","feature_kind":"waterway","source":"City of Austin Watershed Protection creek centerlines","retrieved_at":"2026-09-29T00:26:18.548370+00:00","access_claim":"none"}},{"type":"Feature","id":"coa-creek/2361744","geometry":{"type":"LineString","coordinates":[[-97.88074,30.29203],[-97.88076,30.29207],[-97.88078,30.29212],[-97.88087,30.29227],[-97.88091,30.29235],[-97.88097,30.29247],[-97.88097,30.29248],[-97.88098,30.29249],[-97.88102,30.29256],[-97.88104,30.29261],[-97.88108,30.29269],[-97.88115,30.29282],[-97.88124,30.29299],[-97.88131,30.29315],[-97.88134,30.29324],[-97.88141,30.29343],[-97.88144,30.29353],[-97.88146,30.29359],[-97.88149,30.29369],[-97.88151,30.29378],[-97.88152,30.29386],[-97.88153,30.29399],[-97.88154,30.29406],[-97.88154,30.2942],[-97.88153,30.2943],[-97.88153,30.29436]]},"properties":{"name":"Barton Creek","creek_type":"NATURAL_ALLUVIAL","reach_id":"BAR-9","watershed":"BAR","feature_kind":"waterway","source":"City of Austin Watershed Protection creek centerlines","retrieved_at":"2026-09-29T00:26:18.548370+00:00","access_claim":"none"}},{"type":"Feature","id":"coa-creek/2355945","geometry":{"type":"LineString","coordinates":[[-97.70715,30.40511],[-97.7071,30.40512],[-97.70704,30.40513],[-97.70699,30.40514],[-97.70691,30.40517],[-97.70683,30.40521],[-97.70677,30.40524],[-97.70672,30.40527],[-97.70666,30.4053],[-97.70656,30.40536],[-97.70646,30.40544],[-97.70634,30.40553],[-97.70625,30.4056],[-97.70619,30.40563],[-97.70613,30.40568],[-97.70597,30.40581],[-97.70587,30.4059],[-97.70578,30.40596],[-97.70575,30.40597],[-97.70565,30.40608],[-97.70558,30.4062],[-97.70551,30.4063],[-97.70538,30.4064],[-97.7053,30.40646],[-97.7052,30.40655],[-97.70504,30.40665],[-97.70493,30.40677],[-97.70487,30.40682],[-97.70475,30.40689],[-97.70464,30.40694],[-97.70454,30.40696],[-97.70445,30.40697],[-97.70437,30.40695],[-97.7043,30.4069],[-97.70423,30.40684],[-97.70415,30.40676],[-97.70408,30.40667],[-97.704,30.4066],[-97.70399,30.40654],[-97.70397,30.40648],[-97.7039,30.40642],[-97.70381,30.40635],[-97.7037,30.40628],[-97.70351,30.40621],[-97.70334,30.40615],[-97.70305,30.4061],[-97.70276,30.40605]]},"properties":{"name":"Walnut Creek","creek_type":"NATURAL_ALLUVIAL","reach_id":"WLN-13","watershed":"WLN","feature_kind":"waterway","source":"City of Austin Watershed Protection creek centerlines","retrieved_at":"2026-09-29T00:26:18.548370+00:00","access_claim":"none"}},{"type":"Feature","id":"coa-creek/2320630","geometry":{"type":"LineString","coordinates":[[-97.78599,30.40452],[-97.78594,30.40449],[-97.78588,30.40443],[-97.78585,30.4044],[-97.78582,30.40438],[-97.78569,30.40426],[-97.78563,30.40421],[-97.7856,30.40417],[-97.78557,30.40413],[-97.78552,30.40407],[-97.78546,30.40404],[-97.7854,30.404]]},"properties":{"name":"Bull Creek","creek_type":"NATURAL_ALLUVIAL","reach_id":"BUL-7","watershed":"BUL","feature_kind":"waterway","source":"City of Austin Watershed Protection creek centerlines","retrieved_at":"2026-09-29T00:26:18.548370+00:00","access_claim":"none"}},{"type":"Feature","id":"coa-creek/2330917","geometry":{"type":"LineString","coordinates":[[-97.83192,30.40073],[-97.83193,30.40076],[-97.83194,30.40081],[-97.83195,30.40087],[-97.83195,30.40095],[-97.83194,30.40101],[-97.83193,30.40108],[-97.83189,30.40115],[-97.83184,30.40121],[-97.83181,30.40127],[-97.83176,30.40135],[-97.8317,30.40148],[-97.83165,30.40156],[-97.83162,30.40162],[-97.83159,30.40167],[-97.83157,30.40173],[-97.83154,30.40176],[-97.8314,30.40194],[-97.83135,30.40197],[-97.83127,30.40199],[-97.83113,30.40197],[-97.83102,30.40196],[-97.83096,30.40196]]},"properties":{"name":"Bull Creek","creek_type":"NATURAL_UNCLASSIFIED","reach_id":null,"watershed":"BUL","feature_kind":"waterway","source":"City of Austin Watershed Protection creek centerlines","retrieved_at":"2026-09-29T00:26:18.548370+00:00","access_claim":"none"}},{"type":"Feature","id":"coa-creek/2386882","geometry":{"type":"LineString","coordinates":[[-97.96087,30.27007],[-97.96079,30.27004],[-97.96068,30.26999],[-97.96059,30.26996],[-97.96049,30.26992],[-97.96039,30.26988],[-97.96035,30.26987],[-97.9603,30.26985],[-97.96024,30.26982],[-97.96021,30.26981],[-97.96019,30.2698],[-97.96015,30.26977],[-97.9601,30.26973],[-97.96008,30.26972]]},"properties":{"name":"Barton Creek","creek_type":"NATURAL_UNCLASSIFIED","reach_id":null,"watershed":"BAR","feature_kind":"waterway","source":"City of Austin Watershed Protection creek centerlines","retrieved_at":"2026-09-29T00:26:18.548370+00:00","access_claim":"none"}},{"type":"Feature","id":"coa-creek/2376555","geometry":{"type":"LineString","coordinates":[[-97.67181,30.38833],[-97.67171,30.38832],[-97.67166,30.38831],[-97.67161,30.38831],[-97.67146,30.38828],[-97.67131,30.38825],[-97.67121,30.38824],[-97.67108,30.38825],[-97.67098,30.38826],[-97.67088,30.38827],[-97.67077,30.38829],[-97.67062,30.3883],[-97.67041,30.38829],[-97.67032,30.38829],[-97.67023,30.38829],[-97.67013,30.38829],[-97.67001,30.38831],[-97.6699,30.38831],[-97.66974,30.38829]]},"properties":{"name":"Walnut Creek","creek_type":"NATURAL_ROCKBED","reach_id":"WLN-8","watershed":"WLN","feature_kind":"waterway","source":"City of Austin Watershed Protection creek centerlines","retrieved_at":"2026-09-29T00:26:18.548370+00:00","access_claim":"none"}},{"type":"Feature","id":"coa-creek/2374950","geometry":{"type":"LineString","coordinates":[[-97.79514,30.41682],[-97.79516,30.41681],[-97.79523,30.41674]]},"properties":{"name":"Bull Creek","creek_type":"UNDERGROUND_CULVERT","reach_id":"BUL-9","watershed":"BUL","feature_kind":"waterway","source":"City of Austin Watershed Protection creek centerlines","retrieved_at":"2026-09-29T00:26:18.548370+00:00","access_claim":"none"}},{"type":"Feature","id":"coa-creek/2361813","geometry":{"type":"LineString","coordinates":[[-97.94318,30.27943],[-97.94319,30.27949],[-97.9432,30.27952],[-97.9432,30.27955],[-97.9432,30.27956],[-97.94321,30.27959],[-97.94321,30.27962],[-97.9432,30.27966],[-97.9432,30.27968],[-97.9432,30.2797],[-97.94319,30.27973],[-97.94317,30.27977],[-97.94314,30.27985],[-97.94312,30.27988],[-97.9431,30.27991],[-97.94307,30.27994],[-97.94304,30.27997],[-97.94301,30.27999],[-97.94297,30.28001],[-97.94295,30.28003],[-97.94293,30.28005],[-97.94278,30.2802],[-97.94269,30.28031],[-97.94263,30.28038],[-97.94253,30.28049],[-97.94251,30.28052],[-97.94248,30.28056],[-97.94244,30.28062],[-97.94242,30.28066],[-97.9424,30.28069],[-97.94237,30.28072],[-97.94235,30.28074],[-97.94233,30.28076],[-97.94228,30.28079],[-97.94224,30.28081],[-97.94221,30.28082],[-97.94198,30.28092],[-97.9419,30.28094],[-97.94186,30.28095],[-97.94179,30.28097],[-97.94171,30.28098],[-97.94165,30.28099],[-97.94159,30.281],[-97.94153,30.281],[-97.94147,30.281],[-97.94141,30.281],[-97.94135,30.281],[-97.9413,30.28099],[-97.94125,30.28099],[-97.94121,30.28099],[-97.94115,30.281],[-97.94109,30.28101],[-97.94102,30.28102],[-97.94093,30.28103],[-97.94085,30.28103],[-97.94081,30.28104],[-97.94071,30.28104],[-97.94061,30.28105],[-97.94058,30.28105],[-97.94046,30.28106],[-97.94038,30.28106],[-97.94029,30.28105],[-97.94024,30.28105],[-97.9402,30.28105],[-97.94015,30.28105],[-97.9401,30.28105],[-97.94008,30.28106],[-97.94005,30.28106],[-97.94003,30.28106],[-97.94001,30.28106],[-97.93999,30.28105],[-97.93996,30.28105],[-97.93993,30.28104],[-97.93989,30.28103]]},"properties":{"name":"Barton Creek","creek_type":"NATURAL_UNCLASSIFIED","reach_id":null,"watershed":"BAR","feature_kind":"waterway","source":"City of Austin Watershed Protection creek centerlines","retrieved_at":"2026-09-29T00:26:18.548370+00:00","access_claim":"none"}},{"type":"Feature","id":"coa-creek/2358075","geometry":{"type":"LineString","coordinates":[[-97.78552,30.1296],[-97.78545,30.12957]]},"properties":{"name":"Onion Creek","creek_type":"NATURAL_ROCKBED","reach_id":"ONI-9","watershed":"ONI","feature_kind":"waterway","source":"City of Austin Watershed Protection creek centerlines","retrieved_at":"2026-09-29T00:26:18.548370+00:00","access_claim":"none"}},{"type":"Feature","id":"coa-creek/2361232","geometry":{"type":"LineString","coordinates":[[-97.9197,30.28751],[-97.9197,30.28751],[-97.91965,30.28751],[-97.91947,30.28751],[-97.9194,30.28752],[-97.91938,30.28752],[-97.9193,30.28754],[-97.91929,30.28754],[-97.91905,30.28761],[-97.91897,30.28763],[-97.91892,30.28764],[-97.9189,30.28765],[-97.91887,30.28766],[-97.91884,30.28768],[-97.9188,30.28772],[-97.91875,30.28783],[-97.9187,30.28791],[-97.91855,30.28823],[-97.91851,30.28833],[-97.9185,30.28838],[-97.9185,30.28851],[-97.9185,30.28852],[-97.91851,30.2886]]},"properties":{"name":"Barton Creek","creek_type":"NATURAL_ALLUVIAL","reach_id":null,"watershed":"BAR","feature_kind":"waterway","source":"City of Austin Watershed Protection creek centerlines","retrieved_at":"2026-09-29T00:26:18.548370+00:00","access_claim":"none"}},{"type":"Feature","id":"coa-creek/2338094","geometry":{"type":"LineString","coordinates":[[-97.87486,30.23759],[-97.87483,30.23753],[-97.87476,30.23743],[-97.87466,30.23729],[-97.87461,30.23724],[-97.87451,30.23716],[-97.8744,30.23708],[-97.87432,30.23704],[-97.8743,30.23703],[-97.87425,30.237],[-97.87422,30.23696],[-97.87417,30.23692],[-97.87413,30.23684],[-97.87407,30.2368],[-97.87402,30.23672],[-97.87399,30.23668],[-97.87396,30.23661],[-97.87394,30.23658],[-97.87393,30.23655],[-97.87389,30.23648],[-97.87381,30.23636],[-97.87369,30.23619],[-97.87361,30.23604],[-97.8735,30.23589],[-97.87338,30.23578],[-97.87337,30.23576],[-97.87333,30.23574],[-97.87326,30.23562],[-97.87324,30.2356],[-97.87321,30.23556],[-97.87319,30.23553],[-97.87316,30.2355],[-97.87314,30.23548],[-97.87311,30.23545],[-97.87308,30.23543],[-97.87302,30.23541],[-97.87295,30.2354],[-97.87291,30.23539],[-97.87284,30.23539],[-97.87267,30.2354]]},"properties":{"name":"Williamson Creek","creek_type":"NATURAL_ROCKBED","reach_id":"WMS-12","watershed":"WMS","feature_kind":"waterway","source":"City of Austin Watershed Protection creek centerlines","retrieved_at":"2026-09-29T00:26:18.548370+00:00","access_claim":"none"}},{"type":"Feature","id":"coa-creek/2363178","geometry":{"type":"LineString","coordinates":[[-97.92373,30.29124],[-97.92374,30.29124],[-97.9238,30.29123],[-97.92381,30.29123],[-97.92386,30.29124],[-97.92389,30.29125],[-97.92397,30.29127],[-97.9243,30.29135],[-97.92455,30.29142],[-97.92465,30.29145],[-97.92484,30.2915],[-97.92503,30.29156]]},"properties":{"name":"Barton Creek","creek_type":"NATURAL_ALLUVIAL","reach_id":null,"watershed":"BAR","feature_kind":"waterway","source":"City of Austin Watershed Protection creek centerlines","retrieved_at":"2026-09-29T00:26:18.548370+00:00","access_claim":"none"}},{"type":"Feature","id":"coa-creek/2319753","geometry":{"type":"LineString","coordinates":[[-97.77491,30.39041],[-97.77489,30.39043],[-97.77485,30.39046],[-97.77485,30.39046]]},"properties":{"name":"Bull Creek","creek_type":"NATURAL_ALLUVIAL","reach_id":"BUL-7","watershed":"BUL","feature_kind":"waterway","source":"City of Austin Watershed Protection creek centerlines","retrieved_at":"2026-09-29T00:26:18.548370+00:00","access_claim":"none"}},{"type":"Feature","id":"coa-creek/2346678","geometry":{"type":"LineString","coordinates":[[-97.70735,30.41886],[-97.70729,30.41882]]},"properties":{"name":"Walnut Creek","creek_type":"UNDERGROUND_CULVERT","reach_id":"WLN-14","watershed":"WLN","feature_kind":"waterway","source":"City of Austin Watershed Protection creek centerlines","retrieved_at":"2026-09-29T00:26:18.548370+00:00","access_claim":"none"}},{"type":"Feature","id":"coa-creek/2357446","geometry":{"type":"LineString","coordinates":[[-97.97125,30.26652],[-97.97106,30.26627],[-97.97084,30.26596],[-97.97068,30.26576],[-97.97056,30.26561],[-97.97046,30.26551],[-97.97041,30.26546],[-97.97036,30.26541],[-97.97031,30.26536],[-97.97024,30.26531],[-97.97009,30.2652],[-97.97004,30.26515],[-97.97001,30.26513],[-97.96998,30.26511],[-97.96995,30.26509],[-97.96991,30.26506],[-97.96984,30.26502],[-97.96973,30.26495],[-97.96965,30.26491],[-97.9695,30.26483],[-97.96944,30.2648],[-97.96939,30.26477],[-97.96937,30.26477],[-97.96931,30.26475],[-97.96927,30.26473],[-97.96922,30.26472],[-97.96918,30.26471]]},"properties":{"name":"Barton Creek","creek_type":"NATURAL_UNCLASSIFIED","reach_id":null,"watershed":"BAR","feature_kind":"waterway","source":"City of Austin Watershed Protection creek centerlines","retrieved_at":"2026-09-29T00:26:18.548370+00:00","access_claim":"none"}},{"type":"Feature","id":"coa-creek/2365075","geometry":{"type":"LineString","coordinates":[[-97.89468,30.29235],[-97.89463,30.29239],[-97.89461,30.29241],[-97.8946,30.29242],[-97.89458,30.29243],[-97.89456,30.29244],[-97.89453,30.29245],[-97.89452,30.29245]]},"properties":{"name":"Barton Creek","creek_type":"NATURAL_ALLUVIAL","reach_id":"BAR-9","watershed":"BAR","feature_kind":"waterway","source":"City of Austin Watershed Protection creek centerlines","retrieved_at":"2026-09-29T00:26:18.548370+00:00","access_claim":"none"}},{"type":"Feature","id":"coa-creek/2382337","geometry":{"type":"LineString","coordinates":[[-97.70985,30.41583],[-97.70987,30.41584],[-97.70993,30.41588]]},"properties":{"name":"Walnut Creek","creek_type":"UNDERGROUND_CULVERT","reach_id":"WLN-14","watershed":"WLN","feature_kind":"waterway","source":"City of Austin Watershed Protection creek centerlines","retrieved_at":"2026-09-29T00:26:18.548370+00:00","access_claim":"none"}},{"type":"Feature","id":"coa-creek/2363412","geometry":{"type":"LineString","coordinates":[[-97.89286,30.29422],[-97.89284,30.29423],[-97.89276,30.29434],[-97.89266,30.29445],[-97.89247,30.29465],[-97.89235,30.2948],[-97.89228,30.29488],[-97.89224,30.29494],[-97.89215,30.29503],[-97.89196,30.29518],[-97.89177,30.2953],[-97.89176,30.29531]]},"properties":{"name":"Barton Creek","creek_type":"NATURAL_ALLUVIAL","reach_id":"BAR-9","watershed":"BAR","feature_kind":"waterway","source":"City of Austin Watershed Protection creek centerlines","retrieved_at":"2026-09-29T00:26:18.548370+00:00","access_claim":"none"}},{"type":"Feature","id":"coa-creek/2366728","geometry":{"type":"LineString","coordinates":[[-97.84961,30.29143],[-97.84961,30.29143],[-97.84944,30.29139],[-97.8494,30.29138],[-97.84933,30.29136],[-97.84925,30.29135],[-97.84923,30.29135],[-97.84896,30.29131],[-97.84885,30.2913],[-97.84877,30.29129],[-97.84867,30.29127],[-97.84861,30.29127],[-97.84851,30.29126],[-97.84842,30.29125],[-97.84828,30.29125],[-97.84823,30.29124],[-97.8482,30.29124],[-97.84814,30.29123],[-97.8479,30.2912],[-97.84777,30.29118],[-97.84758,30.29115],[-97.84751,30.29114],[-97.84736,30.2911],[-97.84734,30.29109],[-97.8473,30.29108],[-97.84729,30.29108],[-97.84726,30.29108],[-97.84722,30.29108],[-97.8472,30.29108],[-97.84716,30.29108],[-97.84714,30.29109],[-97.84711,30.2911],[-97.84705,30.29111],[-97.84702,30.29113],[-97.84698,30.29114],[-97.84693,30.29117],[-97.84677,30.29129],[-97.84652,30.29146],[-97.84642,30.29152],[-97.84636,30.29155],[-97.84625,30.2916],[-97.84616,30.29163],[-97.84589,30.29177],[-97.84581,30.2918],[-97.84578,30.29182],[-97.84575,30.29184],[-97.84571,30.29187],[-97.84566,30.2919],[-97.84548,30.29205],[-97.84538,30.29214],[-97.84533,30.29219],[-97.84518,30.29234],[-97.84513,30.29239],[-97.84513,30.29239],[-97.84507,30.29244],[-97.84501,30.29249],[-97.84496,30.29253],[-97.84484,30.29261],[-97.84478,30.29265],[-97.84476,30.29266],[-97.84473,30.29268],[-97.84469,30.2927],[-97.84466,30.29271],[-97.84459,30.29273],[-97.84456,30.29274],[-97.84451,30.29275],[-97.84447,30.29275],[-97.84444,30.29275],[-97.84442,30.29274],[-97.84439,30.29273],[-97.84436,30.29272],[-97.84433,30.29271],[-97.84431,30.29271],[-97.84431,30.29271],[-97.84428,30.29271],[-97.84423,30.29273],[-97.8442,30.29273],[-97.84413,30.29275],[-97.84405,30.29277],[-97.844,30.29278],[-97.84396,30.29278],[-97.84394,30.29279],[-97.84393,30.29279],[-97.84391,30.29279],[-97.84389,30.29279],[-97.84388,30.29279],[-97.84386,30.29278],[-97.84383,30.29278],[-97.84379,30.29277],[-97.84376,30.29276],[-97.84374,30.29276],[-97.84367,30.29275],[-97.84363,30.29275],[-97.8436,30.29275],[-97.84359,30.29275],[-97.84357,30.29275],[-97.84355,30.29274],[-97.84353,30.29274],[-97.84351,30.29274],[-97.84349,30.29274],[-97.84348,30.29274],[-97.84347,30.29274],[-97.84345,30.29274],[-97.84344,30.29274],[-97.84342,30.29274],[-97.84342,30.29275],[-97.8434,30.29275]]},"properties":{"name":"Barton Creek","creek_type":"NATURAL_ROCKBED","reach_id":"BAR-7","watershed":"BAR","feature_kind":"waterway","source":"City of Austin Watershed Protection creek centerlines","retrieved_at":"2026-09-29T00:26:18.548370+00:00","access_claim":"none"}},{"type":"Feature","id":"coa-creek/2375895","geometry":{"type":"LineString","coordinates":[[-97.6483,30.32731],[-97.64839,30.32731],[-97.64848,30.32733],[-97.64875,30.32743]]},"properties":{"name":"Walnut Creek","creek_type":"NATURAL_ALLUVIAL","reach_id":"WLN-4","watershed":"WLN","feature_kind":"waterway","source":"City of Austin Watershed Protection creek centerlines","retrieved_at":"2026-09-29T00:26:18.548370+00:00","access_claim":"none"}},{"type":"Feature","id":"coa-creek/2354316","geometry":{"type":"LineString","coordinates":[[-97.78425,30.2138],[-97.78417,30.21373],[-97.78403,30.21357],[-97.78387,30.21336],[-97.78339,30.2131],[-97.78327,30.21306],[-97.78319,30.21306],[-97.78307,30.21308],[-97.78298,30.21309],[-97.7828,30.21313],[-97.78273,30.21312],[-97.78247,30.213],[-97.78235,30.21293],[-97.78217,30.21283],[-97.78197,30.21274],[-97.78168,30.21264],[-97.78159,30.2126]]},"properties":{"name":"Williamson Creek","creek_type":"NATURAL_ROCKBED","reach_id":"WMS-8","watershed":"WMS","feature_kind":"waterway","source":"City of Austin Watershed Protection creek centerlines","retrieved_at":"2026-09-29T00:26:18.548370+00:00","access_claim":"none"}},{"type":"Feature","id":"coa-creek/2360807","geometry":{"type":"LineString","coordinates":[[-97.89682,30.29019],[-97.89677,30.29023],[-97.89669,30.29031],[-97.89662,30.29038],[-97.89652,30.29046],[-97.89649,30.29048],[-97.89646,30.2905],[-97.89641,30.29052],[-97.89634,30.29055],[-97.89626,30.29061],[-97.8962,30.29066],[-97.89612,30.29072],[-97.89604,30.29077],[-97.89594,30.29085],[-97.89591,30.29089],[-97.89587,30.29093],[-97.89569,30.29111],[-97.89554,30.29127],[-97.89552,30.29129],[-97.89549,30.29131],[-97.89538,30.29137],[-97.89534,30.29139],[-97.8953,30.29141],[-97.89524,30.29145],[-97.89519,30.29151],[-97.8951,30.29163],[-97.89501,30.29174],[-97.89496,30.2918],[-97.89489,30.29189],[-97.89484,30.29196],[-97.89471,30.29215],[-97.89471,30.29216],[-97.8947,30.29217],[-97.8947,30.29219],[-97.8947,30.2922],[-97.89469,30.29221],[-97.89469,30.29223],[-97.89469,30.29224],[-97.8947,30.29227]]},"properties":{"name":"Barton Creek","creek_type":"NATURAL_ALLUVIAL","reach_id":"BAR-9","watershed":"BAR","feature_kind":"waterway","source":"City of Austin Watershed Protection creek centerlines","retrieved_at":"2026-09-29T00:26:18.548370+00:00","access_claim":"none"}},{"type":"Feature","id":"coa-creek/2375867","geometry":{"type":"LineString","coordinates":[[-97.74474,30.24453],[-97.74472,30.24456],[-97.74465,30.24471]]},"properties":{"name":"Blunn Creek","creek_type":"UNDERGROUND_CULVERT","reach_id":"BLU-3","watershed":"BLU","feature_kind":"waterway","source":"City of Austin Watershed Protection creek centerlines","retrieved_at":"2026-09-29T00:26:18.548370+00:00","access_claim":"none"}},{"type":"Feature","id":"coa-creek/2375892","geometry":{"type":"LineString","coordinates":[[-97.64977,30.32793],[-97.64977,30.32793],[-97.64988,30.32792],[-97.64996,30.32788],[-97.64997,30.32787]]},"properties":{"name":"Walnut Creek","creek_type":"NATURAL_ALLUVIAL","reach_id":"WLN-4","watershed":"WLN","feature_kind":"waterway","source":"City of Austin Watershed Protection creek centerlines","retrieved_at":"2026-09-29T00:26:18.548370+00:00","access_claim":"none"}},{"type":"Feature","id":"coa-creek/2375071","geometry":{"type":"LineString","coordinates":[[-97.81778,30.13102],[-97.81771,30.13105],[-97.81766,30.13106],[-97.81748,30.13123],[-97.81735,30.13136],[-97.8173,30.13143],[-97.81719,30.13152],[-97.81706,30.13161],[-97.81691,30.13172],[-97.8168,30.13185],[-97.81667,30.132],[-97.81659,30.13218],[-97.81656,30.1323],[-97.81654,30.1324],[-97.81653,30.13253],[-97.81653,30.13266],[-97.81652,30.13278],[-97.8165,30.13287],[-97.81647,30.13293],[-97.81641,30.13298],[-97.81635,30.13302],[-97.81624,30.13308],[-97.81613,30.13313],[-97.81599,30.13317],[-97.81588,30.13324],[-97.81581,30.13331],[-97.81575,30.13336],[-97.81568,30.13339],[-97.81555,30.13341],[-97.81522,30.13354],[-97.81509,30.13358],[-97.81498,30.13361],[-97.81488,30.13362],[-97.81478,30.13361],[-97.81453,30.13355],[-97.81434,30.1335],[-97.81421,30.13345],[-97.81407,30.1334],[-97.81386,30.13339],[-97.81357,30.1334],[-97.81332,30.13339],[-97.81318,30.13337],[-97.81294,30.13333],[-97.81254,30.13325],[-97.81215,30.13322],[-97.81183,30.1332],[-97.81142,30.13322],[-97.81117,30.13326],[-97.8109,30.1333],[-97.81074,30.13329],[-97.8106,30.13326],[-97.81051,30.13325]]},"properties":{"name":"Onion Creek","creek_type":"NATURAL_ROCKBED","reach_id":"ONI-9","watershed":"ONI","feature_kind":"waterway","source":"City of Austin Watershed Protection creek centerlines","retrieved_at":"2026-09-29T00:26:18.548370+00:00","access_claim":"none"}},{"type":"Feature","id":"coa-creek/2374986","geometry":{"type":"LineString","coordinates":[[-97.70779,30.42391],[-97.70782,30.42389],[-97.70784,30.42386]]},"properties":{"name":"Walnut Creek","creek_type":"NATURAL_ROCKBED","reach_id":"WLN-14","watershed":"WLN","feature_kind":"waterway","source":"City of Austin Watershed Protection creek centerlines","retrieved_at":"2026-09-29T00:26:18.548370+00:00","access_claim":"none"}},{"type":"Feature","id":"coa-creek/2361222","geometry":{"type":"LineString","coordinates":[[-97.86845,30.30319],[-97.86845,30.30347],[-97.86845,30.30351],[-97.86845,30.30356],[-97.86845,30.30359],[-97.86845,30.30361],[-97.86846,30.30366],[-97.86847,30.30368],[-97.86848,30.3037],[-97.86848,30.30372],[-97.86849,30.30373],[-97.8685,30.30375],[-97.86853,30.30379],[-97.86857,30.30383],[-97.8686,30.30388],[-97.86862,30.30391],[-97.86869,30.30402],[-97.86873,30.30408],[-97.8688,30.30419],[-97.86901,30.30449],[-97.86914,30.30466],[-97.86929,30.30484],[-97.8693,30.30485],[-97.86931,30.30487],[-97.86932,30.30488]]},"properties":{"name":"Barton Creek","creek_type":"NATURAL_ALLUVIAL","reach_id":"BAR-8","watershed":"BAR","feature_kind":"waterway","source":"City of Austin Watershed Protection creek centerlines","retrieved_at":"2026-09-29T00:26:18.548370+00:00","access_claim":"none"}},{"type":"Feature","id":"coa-creek/2364771","geometry":{"type":"LineString","coordinates":[[-97.74435,30.24745],[-97.74435,30.24745],[-97.74443,30.24747],[-97.74445,30.24747]]},"properties":{"name":"Blunn Creek","creek_type":"UNDERGROUND_CULVERT","reach_id":"BLU-2","watershed":"BLU","feature_kind":"waterway","source":"City of Austin Watershed Protection creek centerlines","retrieved_at":"2026-09-29T00:26:18.548370+00:00","access_claim":"none"}},{"type":"Feature","id":"coa-creek/2364933","geometry":{"type":"LineString","coordinates":[[-97.71741,30.18406],[-97.71734,30.18396],[-97.71729,30.18389],[-97.71727,30.18388],[-97.71725,30.18386]]},"properties":{"name":"Onion Creek","creek_type":"NATURAL_ROCKBED","reach_id":"ONI-3","watershed":"ONI","feature_kind":"waterway","source":"City of Austin Watershed Protection creek centerlines","retrieved_at":"2026-09-29T00:26:18.548370+00:00","access_claim":"none"}},{"type":"Feature","id":"coa-creek/2355887","geometry":{"type":"LineString","coordinates":[[-97.87906,30.23877],[-97.87903,30.23874],[-97.87899,30.23872],[-97.87894,30.23869],[-97.87879,30.23861],[-97.87869,30.23856],[-97.87857,30.23852],[-97.8785,30.23849],[-97.87842,30.23846],[-97.87833,30.23841],[-97.87817,30.23835],[-97.87805,30.23831],[-97.878,30.23829],[-97.87787,30.23826],[-97.8778,30.23824],[-97.87772,30.23822],[-97.87761,30.23819],[-97.87755,30.23817],[-97.87752,30.23817],[-97.8775,30.23817],[-97.87746,30.23817],[-97.87741,30.23818],[-97.87729,30.23819],[-97.87695,30.23825],[-97.87679,30.2383],[-97.87669,30.23833],[-97.87662,30.23834],[-97.87653,30.23835],[-97.87647,30.23835],[-97.87644,30.23835],[-97.87641,30.23835],[-97.87639,30.23833],[-97.87637,30.23832],[-97.87635,30.23831],[-97.87633,30.2383],[-97.8763,30.2383],[-97.87624,30.2383]]},"properties":{"name":"Williamson Creek","creek_type":"NATURAL_ROCKBED","reach_id":"WMS-13","watershed":"WMS","feature_kind":"waterway","source":"City of Austin Watershed Protection creek centerlines","retrieved_at":"2026-09-29T00:26:18.548370+00:00","access_claim":"none"}},{"type":"Feature","id":"coa-creek/2374997","geometry":{"type":"LineString","coordinates":[[-97.74528,30.34765],[-97.74532,30.34763],[-97.74535,30.3476],[-97.74537,30.34758],[-97.74538,30.34754],[-97.74538,30.34749],[-97.74536,30.34742],[-97.74534,30.34734],[-97.74531,30.34723],[-97.74524,30.34708],[-97.7452,30.34701],[-97.74516,30.34695],[-97.74513,30.34687],[-97.74503,30.34665],[-97.74501,30.34653],[-97.74502,30.34647],[-97.74504,30.34641],[-97.74504,30.34638],[-97.74503,30.3463]]},"properties":{"name":"Shoal Creek","creek_type":"NATURAL_ROCKBED","reach_id":"SHL-12","watershed":"SHL","feature_kind":"waterway","source":"City of Austin Watershed Protection creek centerlines","retrieved_at":"2026-09-29T00:26:18.548370+00:00","access_claim":"none"}},{"type":"Feature","id":"coa-creek/2356233","geometry":{"type":"LineString","coordinates":[[-97.71469,30.18169],[-97.71468,30.18171],[-97.71464,30.18174],[-97.71457,30.18175]]},"properties":{"name":"Onion Creek","creek_type":"NATURAL_ROCKBED","reach_id":"ONI-3","watershed":"ONI","feature_kind":"waterway","source":"City of Austin Watershed Protection creek centerlines","retrieved_at":"2026-09-29T00:26:18.548370+00:00","access_claim":"none"}},{"type":"Feature","id":"coa-creek/2358851","geometry":{"type":"LineString","coordinates":[[-97.86454,30.3001],[-97.86453,30.30008],[-97.86452,30.3],[-97.86449,30.29991],[-97.86447,30.29985],[-97.86444,30.29981],[-97.86435,30.29965],[-97.86431,30.29958],[-97.86415,30.29934],[-97.86406,30.29921]]},"properties":{"name":"Barton Creek","creek_type":"NATURAL_ALLUVIAL","reach_id":"BAR-8","watershed":"BAR","feature_kind":"waterway","source":"City of Austin Watershed Protection creek centerlines","retrieved_at":"2026-09-29T00:26:18.548370+00:00","access_claim":"none"}},{"type":"Feature","id":"coa-creek/2382336","geometry":{"type":"LineString","coordinates":[[-97.71663,30.43477],[-97.71659,30.43471],[-97.71656,30.43465],[-97.71653,30.43461]]},"properties":{"name":"Walnut Creek","creek_type":"UNDERGROUND_CULVERT","reach_id":"WLN-16","watershed":"WLN","feature_kind":"waterway","source":"City of Austin Watershed Protection creek centerlines","retrieved_at":"2026-09-29T00:26:18.548370+00:00","access_claim":"none"}},{"type":"Feature","id":"coa-creek/2363687","geometry":{"type":"LineString","coordinates":[[-97.89927,30.29473],[-97.8995,30.29468]]},"properties":{"name":"Barton Creek","creek_type":"NATURAL_ALLUVIAL","reach_id":"BAR-9","watershed":"BAR","feature_kind":"waterway","source":"City of Austin Watershed Protection creek centerlines","retrieved_at":"2026-09-29T00:26:18.548370+00:00","access_claim":"none"}},{"type":"Feature","id":"coa-creek/2362969","geometry":{"type":"LineString","coordinates":[[-97.64639,30.1861],[-97.64638,30.18611],[-97.64625,30.18623],[-97.64622,30.18627],[-97.64595,30.18652],[-97.64584,30.18663],[-97.64558,30.18689],[-97.64546,30.18699],[-97.64542,30.18701]]},"properties":{"name":"Onion Creek","creek_type":"NATURAL_ALLUVIAL","reach_id":"ONI-1","watershed":"ONI","feature_kind":"waterway","source":"City of Austin Watershed Protection creek centerlines","retrieved_at":"2026-09-29T00:26:18.548370+00:00","access_claim":"none"}},{"type":"Feature","id":"coa-creek/2381760","geometry":{"type":"LineString","coordinates":[[-97.82475,30.11854],[-97.82459,30.11918],[-97.82444,30.11997],[-97.82421,30.12073],[-97.82425,30.12079],[-97.82435,30.12084],[-97.82444,30.12092]]},"properties":{"name":"Onion Creek","creek_type":"NATURAL_ROCKBED","reach_id":"ONI-10","watershed":"ONI","feature_kind":"waterway","source":"City of Austin Watershed Protection creek centerlines","retrieved_at":"2026-09-29T00:26:18.548370+00:00","access_claim":"none"}},{"type":"Feature","id":"coa-creek/2368832","geometry":{"type":"LineString","coordinates":[[-97.74523,30.18033],[-97.74512,30.1803],[-97.74496,30.18026],[-97.7447,30.18022],[-97.74453,30.1802],[-97.74446,30.1802],[-97.74431,30.18024],[-97.74418,30.18027],[-97.74387,30.18039],[-97.74355,30.18055],[-97.7434,30.18063],[-97.74297,30.1811],[-97.74286,30.18125],[-97.74276,30.18139],[-97.74272,30.18148],[-97.74257,30.18174]]},"properties":{"name":"Williamson Creek","creek_type":"NATURAL_ALLUVIAL","reach_id":"WMS-3","watershed":"WMS","feature_kind":"waterway","source":"City of Austin Watershed Protection creek centerlines","retrieved_at":"2026-09-29T00:26:18.548370+00:00","access_claim":"none"}},{"type":"Feature","id":"coa-creek/2320589","geometry":{"type":"LineString","coordinates":[[-97.74204,30.18252],[-97.74189,30.1827],[-97.74171,30.18303],[-97.74168,30.18309],[-97.74163,30.18317],[-97.74158,30.18325],[-97.74156,30.18339],[-97.74153,30.18345],[-97.74146,30.18361],[-97.74141,30.18376],[-97.74136,30.18411],[-97.74135,30.18426],[-97.74128,30.18449],[-97.74127,30.18452],[-97.74127,30.18456],[-97.74131,30.18461],[-97.74138,30.18469],[-97.74147,30.18494]]},"properties":{"name":"Williamson Creek","creek_type":"NATURAL_ALLUVIAL","reach_id":"WMS-3","watershed":"WMS","feature_kind":"waterway","source":"City of Austin Watershed Protection creek centerlines","retrieved_at":"2026-09-29T00:26:18.548370+00:00","access_claim":"none"}},{"type":"Feature","id":"coa-creek/2351515","geometry":{"type":"LineString","coordinates":[[-97.65758,30.26848],[-97.65756,30.26846],[-97.65754,30.26845],[-97.65752,30.26844],[-97.65749,30.26842],[-97.65748,30.26841],[-97.65746,30.2684],[-97.65744,30.26839],[-97.65742,30.26837],[-97.65741,30.26836],[-97.65739,30.26834],[-97.65738,30.26833],[-97.65737,30.26831],[-97.65736,30.26829],[-97.65735,30.26827],[-97.65734,30.26825],[-97.65733,30.26823],[-97.65731,30.26821],[-97.65731,30.26819],[-97.6573,30.26817],[-97.6573,30.26814],[-97.6573,30.26812],[-97.6573,30.2681],[-97.65731,30.26808],[-97.65732,30.26806],[-97.65734,30.26805],[-97.65735,30.26803],[-97.65736,30.26801],[-97.65737,30.268],[-97.65739,30.26797],[-97.6574,30.26796],[-97.65741,30.26794],[-97.65742,30.26791],[-97.65743,30.26789],[-97.65743,30.26787],[-97.65744,30.26785],[-97.65744,30.26783],[-97.65744,30.26781],[-97.65745,30.26778],[-97.65745,30.26776],[-97.65745,30.26774],[-97.65745,30.26772],[-97.65745,30.2677],[-97.65744,30.26768],[-97.65744,30.26766],[-97.65743,30.26764],[-97.65743,30.26762],[-97.65742,30.26761],[-97.65742,30.26758],[-97.65741,30.26756],[-97.6574,30.26754],[-97.6574,30.26752],[-97.65739,30.2675],[-97.65739,30.26748],[-97.65738,30.26746],[-97.65738,30.26744],[-97.65737,30.26742],[-97.65737,30.2674],[-97.65737,30.26737],[-97.65738,30.26735],[-97.65738,30.26732],[-97.65738,30.2673],[-97.65738,30.26729],[-97.65738,30.26726],[-97.65738,30.26724],[-97.65738,30.26721],[-97.65738,30.26719],[-97.65738,30.26717],[-97.65738,30.26715],[-97.65738,30.26713],[-97.65737,30.26711],[-97.65737,30.26709],[-97.65736,30.26707],[-97.65736,30.26705],[-97.65735,30.26703],[-97.65734,30.26701],[-97.65733,30.26699],[-97.65731,30.26696],[-97.6573,30.26694],[-97.65728,30.26692],[-97.65727,30.26691],[-97.65725,30.26689],[-97.65724,30.26687],[-97.65722,30.26686],[-97.65721,30.26683],[-97.65719,30.26682],[-97.65718,30.2668],[-97.65717,30.26679],[-97.65716,30.26676],[-97.65714,30.26675],[-97.65713,30.26672],[-97.65712,30.26671],[-97.65711,30.26669],[-97.65711,30.26667],[-97.6571,30.26666],[-97.65709,30.26663],[-97.65708,30.26661],[-97.65708,30.26659],[-97.65708,30.26656],[-97.65707,30.26654],[-97.65707,30.26652],[-97.65707,30.2665],[-97.65704,30.26641],[-97.65701,30.26634],[-97.65699,30.26631],[-97.65696,30.26628],[-97.65694,30.26626],[-97.65692,30.26624],[-97.65688,30.26621],[-97.65682,30.26619],[-97.65672,30.26616],[-97.65669,30.26615],[-97.65666,30.26615],[-97.65664,30.26615],[-97.65661,30.26614],[-97.65659,30.26614],[-97.65657,30.26613],[-97.65654,30.26613],[-97.65652,30.26612],[-97.6565,30.26611],[-97.65648,30.26611],[-97.65646,30.2661],[-97.65643,30.26609],[-97.65626,30.26605],[-97.65613,30.26603],[-97.65597,30.26603],[-97.65589,30.26602],[-97.65587,30.26601],[-97.65584,30.266],[-97.65582,30.26598],[-97.6558,30.26597],[-97.65578,30.26595],[-97.65577,30.26593],[-97.65576,30.26592],[-97.65574,30.2659],[-97.65572,30.26589],[-97.65571,30.26587],[-97.65569,30.26586],[-97.65567,30.26585],[-97.65565,30.26584],[-97.65563,30.26582],[-97.65561,30.26582],[-97.65559,30.2658],[-97.65557,30.2658],[-97.65555,30.26579],[-97.65552,30.26578],[-97.6555,30.26578],[-97.65548,30.26577],[-97.65546,30.26577],[-97.65544,30.26576],[-97.65541,30.26576],[-97.65539,30.26575],[-97.65537,30.26575],[-97.65535,30.26574],[-97.65533,30.26574],[-97.65531,30.26573],[-97.65529,30.26572],[-97.65526,30.26572],[-97.65524,30.26572],[-97.65522,30.26573],[-97.65519,30.26573],[-97.65517,30.26574],[-97.65514,30.26575],[-97.65512,30.26576],[-97.6551,30.26577],[-97.65508,30.26578],[-97.65506,30.26579],[-97.65504,30.2658],[-97.65502,30.26582],[-97.65501,30.26583],[-97.65499,30.26585],[-97.65498,30.26586],[-97.65497,30.26588],[-97.65495,30.26589],[-97.65494,30.26591],[-97.65491,30.26592],[-97.6549,30.26594],[-97.65471,30.26609],[-97.65462,30.26617],[-97.65445,30.26628],[-97.65423,30.26646],[-97.65419,30.2665],[-97.65414,30.26658],[-97.65405,30.2667],[-97.65397,30.26678],[-97.65392,30.26681],[-97.65383,30.26684],[-97.65372,30.26685],[-97.6536,30.26688],[-97.65355,30.2669],[-97.6535,30.26689],[-97.65343,30.26688],[-97.65336,30.26687],[-97.65328,30.26684],[-97.65319,30.2668],[-97.65309,30.26677],[-97.65304,30.26675]]},"properties":{"name":"Walnut Creek","creek_type":"NATURAL_ALLUVIAL","reach_id":"WLN-2","watershed":"WLN","feature_kind":"waterway","source":"City of Austin Watershed Protection creek centerlines","retrieved_at":"2026-09-29T00:26:18.548370+00:00","access_claim":"none"}},{"type":"Feature","id":"coa-creek/2364713","geometry":{"type":"LineString","coordinates":[[-97.71457,30.18175],[-97.71451,30.18176],[-97.7142,30.18175],[-97.71401,30.18176],[-97.71386,30.18179],[-97.71373,30.18183],[-97.71354,30.1819],[-97.7134,30.18195],[-97.71332,30.18196],[-97.71317,30.18197],[-97.71294,30.182],[-97.71267,30.18202],[-97.71243,30.18201],[-97.7122,30.18198],[-97.7121,30.18195],[-97.71163,30.18184],[-97.71129,30.18175],[-97.71096,30.18167],[-97.71087,30.18166],[-97.71073,30.18164],[-97.71048,30.18159],[-97.71029,30.18154],[-97.71017,30.18152],[-97.71006,30.18151],[-97.70984,30.18148],[-97.70974,30.18146],[-97.70965,30.18143],[-97.70944,30.1814],[-97.70926,30.18138],[-97.70914,30.18138],[-97.70906,30.18139],[-97.70896,30.18141],[-97.70894,30.18141]]},"properties":{"name":"Onion Creek","creek_type":"NATURAL_ROCKBED","reach_id":"ONI-3","watershed":"ONI","feature_kind":"waterway","source":"City of Austin Watershed Protection creek centerlines","retrieved_at":"2026-09-29T00:26:18.548370+00:00","access_claim":"none"}},{"type":"Feature","id":"coa-creek/2319768","geometry":{"type":"LineString","coordinates":[[-97.64991,30.32406],[-97.64992,30.324],[-97.64994,30.32377],[-97.65006,30.32346],[-97.65014,30.32333]]},"properties":{"name":"Walnut Creek","creek_type":"NATURAL_ALLUVIAL","reach_id":"WLN-4","watershed":"WLN","feature_kind":"waterway","source":"City of Austin Watershed Protection creek centerlines","retrieved_at":"2026-09-29T00:26:18.548370+00:00","access_claim":"none"}},{"type":"Feature","id":"coa-creek/2341206","geometry":{"type":"LineString","coordinates":[[-97.96918,30.26471],[-97.96915,30.26471],[-97.9691,30.26472],[-97.96906,30.26473],[-97.96878,30.26485],[-97.96866,30.2649],[-97.96852,30.26496],[-97.96841,30.265],[-97.96825,30.26505],[-97.96813,30.26509],[-97.96808,30.26511],[-97.96802,30.26513],[-97.96794,30.26514],[-97.96788,30.26515],[-97.96782,30.26516],[-97.96776,30.26516],[-97.96769,30.26516],[-97.96764,30.26515],[-97.96754,30.26515],[-97.9675,30.26515],[-97.96742,30.26515],[-97.96741,30.26515],[-97.96735,30.26516],[-97.96731,30.26516],[-97.96716,30.26519],[-97.96708,30.2652],[-97.967,30.26522],[-97.96684,30.26527],[-97.9668,30.26528],[-97.96674,30.26529],[-97.9667,30.26531]]},"properties":{"name":"Barton Creek","creek_type":"NATURAL_UNCLASSIFIED","reach_id":null,"watershed":"BAR","feature_kind":"waterway","source":"City of Austin Watershed Protection creek centerlines","retrieved_at":"2026-09-29T00:26:18.548370+00:00","access_claim":"none"}},{"type":"Feature","id":"coa-creek/2330258","geometry":{"type":"LineString","coordinates":[[-97.74972,30.30251],[-97.74968,30.30249],[-97.74964,30.30246],[-97.74961,30.30242],[-97.74947,30.30223],[-97.74928,30.30187],[-97.74921,30.3017],[-97.74908,30.30151],[-97.749,30.30137],[-97.74888,30.30124],[-97.74867,30.30108],[-97.74823,30.30076],[-97.74784,30.30047],[-97.74761,30.30028],[-97.7475,30.30015],[-97.74736,30.29999],[-97.74728,30.29988],[-97.74716,30.2997],[-97.74709,30.29956],[-97.74708,30.29952],[-97.74707,30.29948],[-97.74707,30.29945],[-97.74711,30.29935],[-97.74714,30.29931],[-97.74719,30.29921],[-97.74727,30.2991],[-97.74735,30.29906],[-97.74741,30.29903],[-97.74748,30.299],[-97.74754,30.29899],[-97.74761,30.29899],[-97.74782,30.29903],[-97.74799,30.29904],[-97.74818,30.29905],[-97.74826,30.29905],[-97.74854,30.29902],[-97.7486,30.29901],[-97.74901,30.29888],[-97.74904,30.29887],[-97.74913,30.29884],[-97.74916,30.29883],[-97.74922,30.2988],[-97.74929,30.29875],[-97.74934,30.29869],[-97.74938,30.29862],[-97.74954,30.29847],[-97.74967,30.29832],[-97.74973,30.29822],[-97.74984,30.29804],[-97.74994,30.29794],[-97.75003,30.29782],[-97.75012,30.29771],[-97.75013,30.29768],[-97.75011,30.29763],[-97.75009,30.29758],[-97.75007,30.29752],[-97.75002,30.29745],[-97.74999,30.29736],[-97.74995,30.29728],[-97.74992,30.29725],[-97.7499,30.29722]]},"properties":{"name":"Shoal Creek","creek_type":"NATURAL_ROCKBED","reach_id":"SHL-6","watershed":"SHL","feature_kind":"waterway","source":"City of Austin Watershed Protection creek centerlines","retrieved_at":"2026-09-29T00:26:18.548370+00:00","access_claim":"none"}},{"type":"Feature","id":"coa-creek/2362438","geometry":{"type":"LineString","coordinates":[[-97.73879,30.43966],[-97.73873,30.43972],[-97.73866,30.43979],[-97.73851,30.43992],[-97.73846,30.43996],[-97.73841,30.43999],[-97.73837,30.43999],[-97.73833,30.44002],[-97.73826,30.44007],[-97.73817,30.44012],[-97.73811,30.44013]]},"properties":{"name":"Walnut Creek","creek_type":"NATURAL_UNCLASSIFIED","reach_id":"WLN-17","watershed":"WLN","feature_kind":"waterway","source":"City of Austin Watershed Protection creek centerlines","retrieved_at":"2026-09-29T00:26:18.548370+00:00","access_claim":"none"}},{"type":"Feature","id":"coa-creek/2368886","geometry":{"type":"LineString","coordinates":[[-97.72541,30.19156],[-97.72508,30.19173],[-97.72507,30.19174],[-97.72492,30.19182],[-97.72488,30.19184],[-97.72482,30.19188],[-97.72478,30.19191],[-97.72468,30.19197],[-97.72461,30.19202],[-97.72452,30.19208],[-97.72442,30.19213],[-97.72437,30.19216],[-97.7243,30.1922],[-97.72427,30.19223],[-97.72423,30.19224],[-97.72418,30.19227],[-97.72413,30.19232],[-97.7241,30.19237],[-97.72407,30.19239],[-97.72404,30.19241],[-97.72402,30.19243],[-97.724,30.19245],[-97.72398,30.1925],[-97.72396,30.19254],[-97.72394,30.19258],[-97.72393,30.19261],[-97.72392,30.19264],[-97.72392,30.19267],[-97.72391,30.19272],[-97.7239,30.19276],[-97.72389,30.19281],[-97.72389,30.19286],[-97.72387,30.19293],[-97.72386,30.19317],[-97.72388,30.19322],[-97.7239,30.19325],[-97.72391,30.19328],[-97.72391,30.1933],[-97.72391,30.19333],[-97.72391,30.19336]]},"properties":{"name":"Williamson Creek","creek_type":"NATURAL_ALLUVIAL","reach_id":"WMS-3","watershed":"WMS","feature_kind":"waterway","source":"City of Austin Watershed Protection creek centerlines","retrieved_at":"2026-09-29T00:26:18.548370+00:00","access_claim":"none"}},{"type":"Feature","id":"coa-creek/2375084","geometry":{"type":"LineString","coordinates":[[-97.84511,30.27489],[-97.84499,30.27472],[-97.8448,30.27448],[-97.84473,30.2744],[-97.84469,30.27436],[-97.84466,30.27432],[-97.84464,30.27429],[-97.84463,30.27428],[-97.84462,30.27425],[-97.8446,30.27421]]},"properties":{"name":"Barton Creek","creek_type":"NATURAL_ROCKBED","reach_id":"BAR-6","watershed":"BAR","feature_kind":"waterway","source":"City of Austin Watershed Protection creek centerlines","retrieved_at":"2026-09-29T00:26:18.548370+00:00","access_claim":"none"}},{"type":"Feature","id":"coa-creek/2362027","geometry":{"type":"LineString","coordinates":[[-97.80126,30.13515],[-97.80096,30.13516],[-97.80085,30.13517],[-97.80079,30.13521],[-97.80075,30.13528],[-97.80064,30.13541],[-97.80058,30.13545]]},"properties":{"name":"Onion Creek","creek_type":"NATURAL_ROCKBED","reach_id":"ONI-9","watershed":"ONI","feature_kind":"waterway","source":"City of Austin Watershed Protection creek centerlines","retrieved_at":"2026-09-29T00:26:18.548370+00:00","access_claim":"none"}},{"type":"Feature","id":"coa-creek/2361515","geometry":{"type":"LineString","coordinates":[[-97.65921,30.29531],[-97.65912,30.29531],[-97.65905,30.29531],[-97.65894,30.29531],[-97.65887,30.29531],[-97.6588,30.2953],[-97.6587,30.29528],[-97.65861,30.29525],[-97.65854,30.29522],[-97.65845,30.29518],[-97.65834,30.29511],[-97.65827,30.29508],[-97.65821,30.29506],[-97.65811,30.29505],[-97.65796,30.29505],[-97.65787,30.29504],[-97.65776,30.29502],[-97.65755,30.29492],[-97.65739,30.29481],[-97.65732,30.29473],[-97.65727,30.29458],[-97.65724,30.29437],[-97.65724,30.29429],[-97.65721,30.29409],[-97.6572,30.29394],[-97.6572,30.29387],[-97.65723,30.2938],[-97.65727,30.29371],[-97.65732,30.29365],[-97.65743,30.29357],[-97.65747,30.29352],[-97.65753,30.29341],[-97.65756,30.29337],[-97.65762,30.29332],[-97.65767,30.29328],[-97.6577,30.29323],[-97.65773,30.29316],[-97.65776,30.29301],[-97.65779,30.29281],[-97.6578,30.29276],[-97.65779,30.29269],[-97.65778,30.29262],[-97.65775,30.29253],[-97.6577,30.29243],[-97.65762,30.29233],[-97.65755,30.29226],[-97.6575,30.29221],[-97.65743,30.29215],[-97.65732,30.29209],[-97.65711,30.29199],[-97.65705,30.29196],[-97.65691,30.29187],[-97.65683,30.29181],[-97.65676,30.29173]]},"properties":{"name":"Walnut Creek","creek_type":"NATURAL_ALLUVIAL","reach_id":"WLN-2","watershed":"WLN","feature_kind":"waterway","source":"City of Austin Watershed Protection creek centerlines","retrieved_at":"2026-09-29T00:26:18.548370+00:00","access_claim":"none"}},{"type":"Feature","id":"coa-creek/2320145","geometry":{"type":"LineString","coordinates":[[-97.91296,30.305],[-97.91292,30.30501],[-97.91281,30.30505],[-97.91279,30.30506],[-97.91274,30.30509],[-97.9127,30.30512],[-97.91268,30.30514],[-97.91266,30.30515],[-97.91265,30.30516],[-97.91263,30.30518],[-97.91261,30.30523],[-97.91257,30.3053],[-97.91255,30.30534],[-97.91252,30.30539],[-97.91245,30.3055],[-97.91239,30.30557],[-97.91235,30.30563],[-97.91228,30.3057],[-97.91224,30.30574],[-97.91221,30.30577],[-97.91219,30.3058],[-97.91215,30.30584],[-97.91213,30.30587],[-97.91211,30.30589],[-97.91208,30.30596],[-97.91204,30.30602],[-97.91203,30.30604],[-97.91202,30.30607]]},"properties":{"name":"Barton Creek","creek_type":"NATURAL_ROCKBED","reach_id":"BAR-10","watershed":"BAR","feature_kind":"waterway","source":"City of Austin Watershed Protection creek centerlines","retrieved_at":"2026-09-29T00:26:18.548370+00:00","access_claim":"none"}},{"type":"Feature","id":"coa-creek/2359347","geometry":{"type":"LineString","coordinates":[[-97.74916,30.31904],[-97.74914,30.31894],[-97.74913,30.31879],[-97.74912,30.31876],[-97.74911,30.31867]]},"properties":{"name":"Shoal Creek","creek_type":"ALTERED_STRUCTURAL","reach_id":"SHL-7B","watershed":"SHL","feature_kind":"waterway","source":"City of Austin Watershed Protection creek centerlines","retrieved_at":"2026-09-29T00:26:18.548370+00:00","access_claim":"none"}},{"type":"Feature","id":"coa-creek/2362600","geometry":{"type":"LineString","coordinates":[[-97.65529,30.2746],[-97.65527,30.27455],[-97.65527,30.2745],[-97.65527,30.27447],[-97.65528,30.27441],[-97.6553,30.27437],[-97.65531,30.27436],[-97.65535,30.27434],[-97.65541,30.27433],[-97.65546,30.27433],[-97.6555,30.27433],[-97.65557,30.27433],[-97.65569,30.27434],[-97.65571,30.27434],[-97.65575,30.27435],[-97.65577,30.27435],[-97.6558,30.27436],[-97.65582,30.27436],[-97.65584,30.27437],[-97.65586,30.27437],[-97.65588,30.27438],[-97.6559,30.27438],[-97.65593,30.27438],[-97.65595,30.27439],[-97.65597,30.27439],[-97.65608,30.27438],[-97.65615,30.27438],[-97.65622,30.27437],[-97.65635,30.27434],[-97.65643,30.27431],[-97.65645,30.2743],[-97.6565,30.27426],[-97.65652,30.27424],[-97.65654,30.2742],[-97.65655,30.27418],[-97.65656,30.27416],[-97.65656,30.27414],[-97.65657,30.27412],[-97.65657,30.2741],[-97.65659,30.27408],[-97.6566,30.27406],[-97.65662,30.27404],[-97.65663,30.27402],[-97.65664,30.274],[-97.65664,30.27399],[-97.65665,30.27397],[-97.65666,30.27395],[-97.65668,30.27392],[-97.65669,30.27391],[-97.6567,30.27389],[-97.65671,30.27386],[-97.65672,30.27385],[-97.65673,30.27383],[-97.65674,30.2738],[-97.65675,30.27378],[-97.65676,30.27377],[-97.65677,30.27374],[-97.65678,30.27372],[-97.65679,30.2737],[-97.6568,30.27368],[-97.6568,30.27367],[-97.65681,30.27365],[-97.65681,30.27362],[-97.65681,30.2736],[-97.65681,30.27358],[-97.65683,30.27355],[-97.65683,30.27353],[-97.65678,30.27337],[-97.6567,30.27323],[-97.65656,30.27307],[-97.65639,30.273],[-97.65627,30.27302],[-97.65614,30.27312],[-97.65595,30.27321],[-97.65575,30.27323],[-97.65561,30.27323],[-97.65548,30.27313],[-97.65541,30.27302],[-97.65539,30.27287],[-97.65541,30.27266],[-97.65546,30.27238],[-97.65556,30.27215],[-97.6557,30.27191],[-97.65581,30.27182],[-97.65599,30.27173],[-97.65628,30.27169],[-97.65663,30.2717],[-97.65712,30.27177],[-97.6574,30.27181],[-97.65766,30.27188],[-97.65786,30.27192],[-97.65804,30.27187],[-97.65814,30.27178],[-97.65824,30.27168],[-97.6582,30.27151],[-97.65818,30.27135],[-97.65818,30.27112],[-97.65809,30.27082],[-97.65804,30.27066],[-97.65801,30.27051],[-97.65803,30.2703],[-97.65803,30.27028],[-97.65804,30.27026],[-97.65804,30.27023],[-97.65804,30.27021],[-97.65804,30.27019],[-97.65805,30.27012],[-97.65805,30.27008],[-97.65804,30.27006],[-97.65801,30.27001],[-97.65793,30.26994],[-97.65787,30.2699],[-97.65778,30.2699],[-97.65771,30.26992],[-97.65762,30.26991],[-97.65751,30.26986],[-97.65739,30.26976],[-97.65728,30.26963],[-97.65717,30.26951],[-97.65707,30.26942],[-97.65688,30.26921],[-97.65678,30.26912],[-97.65672,30.26899],[-97.65671,30.26897],[-97.65671,30.26895],[-97.65671,30.26893],[-97.65672,30.26891],[-97.65674,30.26889],[-97.65675,30.26888],[-97.65677,30.26886],[-97.65678,30.26885],[-97.6568,30.26883],[-97.65682,30.26882],[-97.65684,30.26881],[-97.65687,30.26881],[-97.65689,30.26881],[-97.65692,30.26881],[-97.65694,30.26881],[-97.65697,30.26881],[-97.657,30.26882],[-97.65702,30.26882],[-97.65705,30.26883],[-97.65707,30.26883],[-97.65709,30.26884],[-97.65712,30.26885],[-97.65714,30.26885],[-97.65717,30.26886],[-97.65719,30.26887],[-97.65721,30.26888],[-97.65723,30.2689],[-97.65725,30.26891],[-97.65727,30.26892],[-97.65729,30.26893],[-97.65731,30.26892],[-97.65733,30.26892],[-97.65736,30.26893],[-97.65738,30.26893],[-97.65741,30.26892],[-97.65743,30.26892],[-97.65745,30.26892],[-97.65748,30.26891],[-97.6575,30.2689],[-97.65752,30.2689],[-97.65754,30.26889],[-97.65757,30.26888],[-97.65759,30.26888],[-97.65761,30.26887],[-97.65763,30.26886],[-97.65764,30.26884],[-97.65766,30.26883],[-97.65768,30.26881],[-97.65769,30.2688],[-97.65769,30.26877],[-97.6577,30.26876],[-97.6577,30.26873],[-97.6577,30.26871],[-97.65769,30.26868],[-97.65768,30.26865],[-97.65768,30.26863],[-97.65767,30.26861],[-97.65767,30.2686],[-97.65766,30.26858],[-97.65765,30.26856],[-97.65764,30.26854],[-97.65763,30.26852],[-97.65762,30.26851],[-97.6576,30.26849],[-97.65758,30.26848]]},"properties":{"name":"Walnut Creek","creek_type":"NATURAL_ALLUVIAL","reach_id":"WLN-2","watershed":"WLN","feature_kind":"waterway","source":"City of Austin Watershed Protection creek centerlines","retrieved_at":"2026-09-29T00:26:18.548370+00:00","access_claim":"none"}},{"type":"Feature","id":"coa-creek/2363355","geometry":{"type":"LineString","coordinates":[[-97.81351,30.25112],[-97.81351,30.2511],[-97.81343,30.25078],[-97.81337,30.25048],[-97.81326,30.24998],[-97.81318,30.24972],[-97.81315,30.2496],[-97.81311,30.24944]]},"properties":{"name":"Barton Creek","creek_type":"NATURAL_ROCKBED","reach_id":"BAR-6","watershed":"BAR","feature_kind":"waterway","source":"City of Austin Watershed Protection creek centerlines","retrieved_at":"2026-09-29T00:26:18.548370+00:00","access_claim":"none"}},{"type":"Feature","id":"coa-creek/2360463","geometry":{"type":"LineString","coordinates":[[-97.78315,30.39943],[-97.78316,30.39938]]},"properties":{"name":"Bull Creek","creek_type":"NATURAL_ALLUVIAL","reach_id":"BUL-7","watershed":"BUL","feature_kind":"waterway","source":"City of Austin Watershed Protection creek centerlines","retrieved_at":"2026-09-29T00:26:18.548370+00:00","access_claim":"none"}},{"type":"Feature","id":"coa-creek/2366950","geometry":{"type":"LineString","coordinates":[[-97.85076,30.29195],[-97.85075,30.29194],[-97.85073,30.29193],[-97.85071,30.29191],[-97.85068,30.29189],[-97.85063,30.29187],[-97.85052,30.29182],[-97.85048,30.2918],[-97.85044,30.29179],[-97.85041,30.29177],[-97.85036,30.29174],[-97.85028,30.29169],[-97.85027,30.29169],[-97.85021,30.29166],[-97.85014,30.29162],[-97.85011,30.29161],[-97.85006,30.29158],[-97.84999,30.29156],[-97.84993,30.29153],[-97.84981,30.29149],[-97.84973,30.29146]]},"properties":{"name":"Barton Creek","creek_type":"NATURAL_ROCKBED","reach_id":"BAR-7","watershed":"BAR","feature_kind":"waterway","source":"City of Austin Watershed Protection creek centerlines","retrieved_at":"2026-09-29T00:26:18.548370+00:00","access_claim":"none"}},{"type":"Feature","id":"coa-creek/2329681","geometry":{"type":"LineString","coordinates":[[-97.82339,30.41039],[-97.82338,30.4104],[-97.82334,30.41045],[-97.82327,30.41047],[-97.82323,30.41051],[-97.82319,30.41055],[-97.82315,30.41059],[-97.82307,30.41069],[-97.82302,30.41075],[-97.82299,30.41078],[-97.82294,30.41086],[-97.82288,30.41094],[-97.82279,30.41109],[-97.82272,30.41119],[-97.82268,30.41127],[-97.82261,30.4114],[-97.82257,30.41151],[-97.82256,30.41156],[-97.82253,30.41167],[-97.8225,30.41175],[-97.82248,30.41184],[-97.82245,30.41196],[-97.82242,30.41208],[-97.82239,30.41215],[-97.82239,30.41222],[-97.82239,30.41228],[-97.82239,30.41234],[-97.82242,30.41242],[-97.82243,30.41246],[-97.82252,30.41256],[-97.82256,30.4126],[-97.8226,30.41264],[-97.82261,30.41269]]},"properties":{"name":"Bull Creek","creek_type":"NATURAL_ROCKBED","reach_id":"BUL-12","watershed":"BUL","feature_kind":"waterway","source":"City of Austin Watershed Protection creek centerlines","retrieved_at":"2026-09-29T00:26:18.548370+00:00","access_claim":"none"}},{"type":"Feature","id":"coa-creek/2354716","geometry":{"type":"LineString","coordinates":[[-97.81807,30.10648],[-97.81808,30.10648]]},"properties":{"name":"Onion Creek","creek_type":"NATURAL_ROCKBED","reach_id":"ONI-9","watershed":"ONI","feature_kind":"waterway","source":"City of Austin Watershed Protection creek centerlines","retrieved_at":"2026-09-29T00:26:18.548370+00:00","access_claim":"none"}},{"type":"Feature","id":"coa-creek/2348949","geometry":{"type":"LineString","coordinates":[[-97.8225,30.09704],[-97.8225,30.09707],[-97.82253,30.09734],[-97.82256,30.09753],[-97.82257,30.09762],[-97.82258,30.09764],[-97.82263,30.09771],[-97.82269,30.09781],[-97.82271,30.09784],[-97.82277,30.09791],[-97.82279,30.09794],[-97.8228,30.09796],[-97.82281,30.09799],[-97.82283,30.09802],[-97.82284,30.09806],[-97.82284,30.0981],[-97.82284,30.09813],[-97.82284,30.09818],[-97.82284,30.09821],[-97.82285,30.09823],[-97.82285,30.09826],[-97.82286,30.09828],[-97.82286,30.0983],[-97.82288,30.09832],[-97.82289,30.09834],[-97.82291,30.09837],[-97.82294,30.09839],[-97.82296,30.0984],[-97.82299,30.09842],[-97.82302,30.09843],[-97.82304,30.09844],[-97.82309,30.09846],[-97.82312,30.09846],[-97.82316,30.09846],[-97.82317,30.09846],[-97.8232,30.09846],[-97.82325,30.09848],[-97.82328,30.09851],[-97.8233,30.09852],[-97.82332,30.09853],[-97.82336,30.09853],[-97.8234,30.09854],[-97.82343,30.09855],[-97.82348,30.09857],[-97.8236,30.09867],[-97.82371,30.09876],[-97.82376,30.0988],[-97.82379,30.09882],[-97.82384,30.09885],[-97.82386,30.09887],[-97.82387,30.09893],[-97.82391,30.09898],[-97.82396,30.09904],[-97.82403,30.09911],[-97.82413,30.09923],[-97.82427,30.09936],[-97.82432,30.09942],[-97.82439,30.09946]]},"properties":{"name":"Onion Creek","creek_type":"NATURAL_ROCKBED","reach_id":null,"watershed":"ONI","feature_kind":"waterway","source":"City of Austin Watershed Protection creek centerlines","retrieved_at":"2026-09-29T00:26:18.548370+00:00","access_claim":"none"}},{"type":"Feature","id":"coa-creek/2328089","geometry":{"type":"LineString","coordinates":[[-97.92046,30.24592],[-97.92027,30.24611],[-97.92019,30.24615],[-97.92005,30.24627],[-97.91987,30.2464]]},"properties":{"name":"Williamson Creek","creek_type":"NATURAL_UNCLASSIFIED","reach_id":null,"watershed":"WMS","feature_kind":"waterway","source":"City of Austin Watershed Protection creek centerlines","retrieved_at":"2026-09-29T00:26:18.548370+00:00","access_claim":"none"}},{"type":"Feature","id":"coa-creek/2374638","geometry":{"type":"LineString","coordinates":[[-97.89125,30.24696],[-97.89118,30.24691],[-97.89114,30.24686],[-97.89109,30.24681],[-97.89105,30.24677],[-97.89099,30.24674],[-97.89094,30.24673],[-97.89086,30.24671],[-97.89069,30.24666],[-97.89063,30.24662],[-97.89056,30.2466],[-97.89054,30.24659],[-97.89051,30.24658]]},"properties":{"name":"Williamson Creek","creek_type":"NATURAL_UNCLASSIFIED","reach_id":null,"watershed":"WMS","feature_kind":"waterway","source":"City of Austin Watershed Protection creek centerlines","retrieved_at":"2026-09-29T00:26:18.548370+00:00","access_claim":"none"}},{"type":"Feature","id":"coa-creek/2339707","geometry":{"type":"LineString","coordinates":[[-97.88245,30.2865],[-97.88243,30.2866]]},"properties":{"name":"Barton Creek","creek_type":"ALTERED_EARTHEN","reach_id":null,"watershed":"BAR","feature_kind":"waterway","source":"City of Austin Watershed Protection creek centerlines","retrieved_at":"2026-09-29T00:26:18.548370+00:00","access_claim":"none"}},{"type":"Feature","id":"coa-creek/2359734","geometry":{"type":"LineString","coordinates":[[-97.77591,30.14449],[-97.77584,30.14448],[-97.77576,30.14446],[-97.77562,30.14443],[-97.77545,30.14442],[-97.77529,30.14443],[-97.77516,30.14443],[-97.77506,30.14446],[-97.77498,30.14449],[-97.77488,30.14455],[-97.77476,30.14467],[-97.77448,30.14513],[-97.77425,30.14548]]},"properties":{"name":"Onion Creek","creek_type":"NATURAL_ROCKBED","reach_id":"ONI-9","watershed":"ONI","feature_kind":"waterway","source":"City of Austin Watershed Protection creek centerlines","retrieved_at":"2026-09-29T00:26:18.548370+00:00","access_claim":"none"}},{"type":"Feature","id":"coa-creek/2340803","geometry":{"type":"LineString","coordinates":[[-97.83096,30.40196],[-97.83088,30.40196],[-97.83078,30.40197],[-97.83071,30.40198],[-97.83067,30.40198],[-97.83061,30.40198],[-97.83056,30.40198],[-97.83048,30.40198],[-97.83041,30.402],[-97.83036,30.40199],[-97.83028,30.40202],[-97.83021,30.40206],[-97.83014,30.40211],[-97.83006,30.40214],[-97.83001,30.40216],[-97.82985,30.40226],[-97.82978,30.40233],[-97.82972,30.40238],[-97.82967,30.40244],[-97.82961,30.4025],[-97.82954,30.40258],[-97.82947,30.40264],[-97.82942,30.4027],[-97.82935,30.40275],[-97.82929,30.4028],[-97.82921,30.40285],[-97.8291,30.40287],[-97.82901,30.40287],[-97.82896,30.40286],[-97.82891,30.40287],[-97.82883,30.40288]]},"properties":{"name":"Bull Creek","creek_type":"NATURAL_UNCLASSIFIED","reach_id":null,"watershed":"BUL","feature_kind":"waterway","source":"City of Austin Watershed Protection creek centerlines","retrieved_at":"2026-09-29T00:26:18.548370+00:00","access_claim":"none"}},{"type":"Feature","id":"coa-creek/2360246","geometry":{"type":"LineString","coordinates":[[-97.79356,30.40563],[-97.79358,30.40547],[-97.79358,30.40524],[-97.7936,30.40502],[-97.79358,30.4049],[-97.79356,30.40477],[-97.79349,30.40458],[-97.79335,30.4045],[-97.79321,30.40443],[-97.79315,30.40441],[-97.79305,30.40436],[-97.79301,30.40435]]},"properties":{"name":"Bull Creek","creek_type":"NATURAL_ALLUVIAL","reach_id":"BUL-8","watershed":"BUL","feature_kind":"waterway","source":"City of Austin Watershed Protection creek centerlines","retrieved_at":"2026-09-29T00:26:18.548370+00:00","access_claim":"none"}},{"type":"Feature","id":"coa-creek/2326382","geometry":{"type":"LineString","coordinates":[[-97.80356,30.13479],[-97.80307,30.1349],[-97.80242,30.13503]]},"properties":{"name":"Onion Creek","creek_type":"NATURAL_ROCKBED","reach_id":"ONI-9","watershed":"ONI","feature_kind":"waterway","source":"City of Austin Watershed Protection creek centerlines","retrieved_at":"2026-09-29T00:26:18.548370+00:00","access_claim":"none"}},{"type":"Feature","id":"coa-creek/2364563","geometry":{"type":"LineString","coordinates":[[-97.86932,30.30488],[-97.86932,30.30491],[-97.86933,30.30496],[-97.86934,30.30501],[-97.86935,30.30506],[-97.86936,30.30513],[-97.86937,30.30527],[-97.86936,30.30547],[-97.86936,30.30554],[-97.86935,30.30569],[-97.86932,30.30575],[-97.86926,30.30586],[-97.86923,30.30593],[-97.8692,30.30605],[-97.86919,30.30612],[-97.86918,30.30615],[-97.86916,30.30618],[-97.86912,30.30622],[-97.86909,30.30625],[-97.86901,30.30633],[-97.86896,30.30637],[-97.8689,30.3064],[-97.86887,30.30644],[-97.86883,30.30647],[-97.86879,30.3065],[-97.86876,30.30652],[-97.86875,30.30653],[-97.86872,30.30654],[-97.86867,30.30656],[-97.86859,30.30659],[-97.86856,30.3066],[-97.86854,30.30661],[-97.86852,30.30662],[-97.86848,30.30664],[-97.86846,30.30666],[-97.86842,30.30668],[-97.86837,30.30671],[-97.86833,30.30673],[-97.86828,30.30675],[-97.86824,30.30676],[-97.86818,30.30678],[-97.86812,30.30679],[-97.86807,30.3068],[-97.86804,30.30681],[-97.86801,30.30681],[-97.86797,30.30681],[-97.86794,30.30681],[-97.86792,30.30681],[-97.8679,30.30681],[-97.86786,30.3068]]},"properties":{"name":"Barton Creek","creek_type":"NATURAL_ALLUVIAL","reach_id":"BAR-8","watershed":"BAR","feature_kind":"waterway","source":"City of Austin Watershed Protection creek centerlines","retrieved_at":"2026-09-29T00:26:18.548370+00:00","access_claim":"none"}},{"type":"Feature","id":"coa-creek/2364715","geometry":{"type":"LineString","coordinates":[[-97.70691,30.18144],[-97.70685,30.1814],[-97.70679,30.18139],[-97.70672,30.1814],[-97.70666,30.18146],[-97.70664,30.18147]]},"properties":{"name":"Onion Creek","creek_type":"NATURAL_ROCKBED","reach_id":"ONI-3","watershed":"ONI","feature_kind":"waterway","source":"City of Austin Watershed Protection creek centerlines","retrieved_at":"2026-09-29T00:26:18.548370+00:00","access_claim":"none"}},{"type":"Feature","id":"coa-creek/2319947","geometry":{"type":"LineString","coordinates":[[-97.78369,30.14369],[-97.7835,30.14383],[-97.78339,30.14389],[-97.78316,30.14399],[-97.78292,30.14409],[-97.78284,30.14411]]},"properties":{"name":"Onion Creek","creek_type":"NATURAL_ROCKBED","reach_id":"ONI-9","watershed":"ONI","feature_kind":"waterway","source":"City of Austin Watershed Protection creek centerlines","retrieved_at":"2026-09-29T00:26:18.548370+00:00","access_claim":"none"}},{"type":"Feature","id":"coa-creek/2359023","geometry":{"type":"LineString","coordinates":[[-97.73502,30.38083],[-97.73505,30.38076],[-97.73507,30.38069],[-97.73507,30.38068]]},"properties":{"name":"Shoal Creek","creek_type":"NATURAL_ROCKBED","reach_id":null,"watershed":"SHL","feature_kind":"waterway","source":"City of Austin Watershed Protection creek centerlines","retrieved_at":"2026-09-29T00:26:18.548370+00:00","access_claim":"none"}},{"type":"Feature","id":"coa-creek/2364383","geometry":{"type":"LineString","coordinates":[[-97.70727,30.41806],[-97.70735,30.41794],[-97.70743,30.4178],[-97.70748,30.4177],[-97.70751,30.41765],[-97.70757,30.41761],[-97.70764,30.41756],[-97.7077,30.41752],[-97.70775,30.41746],[-97.70782,30.41736],[-97.70789,30.41723],[-97.70793,30.41715],[-97.708,30.41702],[-97.70809,30.41692],[-97.70818,30.41683],[-97.70827,30.41675],[-97.70831,30.41673]]},"properties":{"name":"Walnut Creek","creek_type":"NATURAL_ROCKBED","reach_id":"WLN-14","watershed":"WLN","feature_kind":"waterway","source":"City of Austin Watershed Protection creek centerlines","retrieved_at":"2026-09-29T00:26:18.548370+00:00","access_claim":"none"}},{"type":"Feature","id":"coa-creek/2363122","geometry":{"type":"LineString","coordinates":[[-97.75643,30.22383],[-97.75639,30.2239]]},"properties":{"name":"Blunn Creek","creek_type":"ALTERED_EARTHEN","reach_id":null,"watershed":"BLU","feature_kind":"waterway","source":"City of Austin Watershed Protection creek centerlines","retrieved_at":"2026-09-29T00:26:18.548370+00:00","access_claim":"none"}},{"type":"Feature","id":"coa-creek/2358950","geometry":{"type":"MultiLineString","coordinates":[[[-97.78159,30.2126],[-97.7815,30.21257],[-97.78136,30.21251]],[[-97.78136,30.21251],[-97.78135,30.21251],[-97.78134,30.21251],[-97.78133,30.2125],[-97.78131,30.2125],[-97.7813,30.21249],[-97.7813,30.21248],[-97.78129,30.21248],[-97.78128,30.21247],[-97.78127,30.21246],[-97.78127,30.21245],[-97.78126,30.21244]],[[-97.78126,30.21244],[-97.78126,30.21241],[-97.78125,30.21239],[-97.78124,30.21236]],[[-97.78124,30.21236],[-97.78124,30.21234],[-97.78124,30.21231],[-97.78123,30.21228]],[[-97.78123,30.21228],[-97.78106,30.21212],[-97.78094,30.21204],[-97.78076,30.21199],[-97.78064,30.21197],[-97.78027,30.21196],[-97.78,30.21198],[-97.77982,30.21198],[-97.77956,30.21198],[-97.77948,30.21198],[-97.77924,30.21193],[-97.77909,30.2119],[-97.7789,30.21187],[-97.77887,30.21187],[-97.77875,30.21187],[-97.77859,30.21187],[-97.77832,30.2119],[-97.77814,30.21193],[-97.77794,30.21197],[-97.7776,30.21205],[-97.77733,30.21217],[-97.77727,30.21221],[-97.77707,30.21236],[-97.77701,30.21244],[-97.77696,30.21253],[-97.77688,30.21266],[-97.77687,30.2127],[-97.77683,30.21279],[-97.77675,30.21308],[-97.77668,30.21338],[-97.77668,30.21346],[-97.77667,30.21348],[-97.77667,30.21355],[-97.77668,30.21365],[-97.77675,30.21386],[-97.77687,30.21405],[-97.77698,30.21413],[-97.77713,30.21418],[-97.77716,30.21419],[-97.77722,30.21422],[-97.77733,30.21428],[-97.77743,30.21434],[-97.77757,30.2144],[-97.77784,30.21451],[-97.77805,30.21461],[-97.77819,30.21466],[-97.77827,30.21469],[-97.77833,30.21471],[-97.77838,30.21474],[-97.77845,30.21478],[-97.77849,30.21482]]]},"properties":{"name":"Williamson Creek","creek_type":"NATURAL_ROCKBED","reach_id":"WMS-8","watershed":"WMS","feature_kind":"waterway","source":"City of Austin Watershed Protection creek centerlines","retrieved_at":"2026-09-29T00:26:18.548370+00:00","access_claim":"none"}},{"type":"Feature","id":"coa-creek/2359302","geometry":{"type":"LineString","coordinates":[[-97.7845,30.37491],[-97.78456,30.37447],[-97.78457,30.37438]]},"properties":{"name":"Bull Creek","creek_type":"NATURAL_ROCKBED","reach_id":"BUL-4","watershed":"BUL","feature_kind":"waterway","source":"City of Austin Watershed Protection creek centerlines","retrieved_at":"2026-09-29T00:26:18.548370+00:00","access_claim":"none"}},{"type":"Feature","id":"coa-creek/2361169","geometry":{"type":"LineString","coordinates":[[-97.65023,30.33748],[-97.65022,30.33745],[-97.65018,30.3374]]},"properties":{"name":"Walnut Creek","creek_type":"NATURAL_ALLUVIAL","reach_id":"WLN-4","watershed":"WLN","feature_kind":"waterway","source":"City of Austin Watershed Protection creek centerlines","retrieved_at":"2026-09-29T00:26:18.548370+00:00","access_claim":"none"}},{"type":"Feature","id":"coa-creek/2381797","geometry":{"type":"LineString","coordinates":[[-97.89937,30.24627],[-97.8992,30.24631],[-97.89913,30.24634]]},"properties":{"name":"Williamson Creek","creek_type":"UNDERGROUND_CULVERT","reach_id":null,"watershed":"WMS","feature_kind":"waterway","source":"City of Austin Watershed Protection creek centerlines","retrieved_at":"2026-09-29T00:26:18.548370+00:00","access_claim":"none"}},{"type":"Feature","id":"coa-creek/2354974","geometry":{"type":"LineString","coordinates":[[-97.9337,30.27743],[-97.93369,30.27742],[-97.93367,30.2774],[-97.93365,30.27738],[-97.93364,30.27737]]},"properties":{"name":"Barton Creek","creek_type":"NATURAL_UNCLASSIFIED","reach_id":null,"watershed":"BAR","feature_kind":"waterway","source":"City of Austin Watershed Protection creek centerlines","retrieved_at":"2026-09-29T00:26:18.548370+00:00","access_claim":"none"}},{"type":"Feature","id":"coa-creek/2367956","geometry":{"type":"LineString","coordinates":[[-97.80355,30.24423],[-97.80352,30.24424],[-97.80349,30.24425],[-97.80348,30.24426],[-97.80345,30.24427],[-97.80341,30.24429],[-97.8033,30.24434],[-97.80305,30.24446],[-97.80303,30.24447],[-97.80275,30.24456],[-97.80199,30.24486],[-97.80181,30.24494],[-97.80168,30.245],[-97.80134,30.24512],[-97.80105,30.2452],[-97.80089,30.24525],[-97.80085,30.24526],[-97.80064,30.24529],[-97.80036,30.24532],[-97.80028,30.24532],[-97.8002,30.24532],[-97.80015,30.24531],[-97.79984,30.24526],[-97.79976,30.24526],[-97.7995,30.24523],[-97.79895,30.24517],[-97.79837,30.24512],[-97.7981,30.24509],[-97.79773,30.24503],[-97.79756,30.245],[-97.79738,30.24496],[-97.79731,30.24494],[-97.79722,30.24491],[-97.79713,30.24488],[-97.7971,30.24486],[-97.79704,30.24483],[-97.79696,30.2448],[-97.79624,30.2444],[-97.79615,30.24435],[-97.79613,30.24433],[-97.79606,30.24428],[-97.79593,30.24416],[-97.79581,30.24404],[-97.79573,30.24398]]},"properties":{"name":"Barton Creek","creek_type":"NATURAL_ALLUVIAL","reach_id":"BAR-5","watershed":"BAR","feature_kind":"waterway","source":"City of Austin Watershed Protection creek centerlines","retrieved_at":"2026-09-29T00:26:18.548370+00:00","access_claim":"none"}},{"type":"Feature","id":"coa-creek/2341504","geometry":{"type":"LineString","coordinates":[[-97.66069,30.37544],[-97.66057,30.37533],[-97.66053,30.37529],[-97.66047,30.37523],[-97.66044,30.3752],[-97.66036,30.37512],[-97.66035,30.37509],[-97.66031,30.37503],[-97.66026,30.37497]]},"properties":{"name":"Walnut Creek","creek_type":"UNDERGROUND_CULVERT","reach_id":"WLN-8","watershed":"WLN","feature_kind":"waterway","source":"City of Austin Watershed Protection creek centerlines","retrieved_at":"2026-09-29T00:26:18.548370+00:00","access_claim":"none"}},{"type":"Feature","id":"coa-creek/2368170","geometry":{"type":"LineString","coordinates":[[-97.94247,30.27842],[-97.94253,30.27847]]},"properties":{"name":"Barton Creek","creek_type":"UNDERGROUND_CULVERT","reach_id":null,"watershed":"BAR","feature_kind":"waterway","source":"City of Austin Watershed Protection creek centerlines","retrieved_at":"2026-09-29T00:26:18.548370+00:00","access_claim":"none"}},{"type":"Feature","id":"coa-creek/2329349","geometry":{"type":"LineString","coordinates":[[-97.80792,30.22186],[-97.80791,30.22186],[-97.8079,30.22186]]},"properties":{"name":"Williamson Creek","creek_type":"NATURAL_ALLUVIAL","reach_id":"WMS-10","watershed":"WMS","feature_kind":"waterway","source":"City of Austin Watershed Protection creek centerlines","retrieved_at":"2026-09-29T00:26:18.548370+00:00","access_claim":"none"}},{"type":"Feature","id":"coa-creek/2364671","geometry":{"type":"LineString","coordinates":[[-97.79046,30.13236],[-97.79035,30.13228],[-97.79021,30.13217],[-97.78977,30.13191],[-97.78966,30.13186],[-97.78947,30.13179],[-97.78897,30.13159],[-97.7885,30.13132],[-97.78833,30.13119],[-97.78822,30.13109],[-97.78816,30.13103],[-97.78805,30.13093],[-97.78802,30.13088],[-97.78798,30.13081],[-97.78794,30.13076],[-97.78776,30.13061],[-97.78768,30.13057],[-97.78755,30.13053],[-97.78752,30.13052]]},"properties":{"name":"Onion Creek","creek_type":"NATURAL_ROCKBED","reach_id":"ONI-9","watershed":"ONI","feature_kind":"waterway","source":"City of Austin Watershed Protection creek centerlines","retrieved_at":"2026-09-29T00:26:18.548370+00:00","access_claim":"none"}},{"type":"Feature","id":"coa-creek/2328256","geometry":{"type":"LineString","coordinates":[[-97.73458,30.39304],[-97.73441,30.39301]]},"properties":{"name":"Shoal Creek","creek_type":"POND","reach_id":null,"watershed":"SHL","feature_kind":"waterway","source":"City of Austin Watershed Protection creek centerlines","retrieved_at":"2026-09-29T00:26:18.548370+00:00","access_claim":"none"}},{"type":"Feature","id":"coa-creek/2330691","geometry":{"type":"LineString","coordinates":[[-97.74073,30.18637],[-97.74057,30.18625],[-97.74041,30.1861],[-97.74022,30.18596],[-97.74003,30.18583],[-97.73967,30.1856],[-97.73956,30.18553],[-97.73947,30.18548],[-97.73935,30.18543],[-97.73922,30.18524],[-97.73903,30.18497],[-97.73889,30.18461],[-97.73871,30.18428],[-97.73841,30.18375],[-97.73817,30.1834],[-97.73811,30.18332],[-97.73809,30.1833],[-97.73799,30.18321],[-97.73787,30.18312],[-97.73774,30.18306],[-97.73764,30.18303],[-97.73757,30.18302],[-97.73746,30.18303],[-97.73738,30.18305],[-97.73735,30.18306],[-97.73732,30.18308],[-97.7373,30.18312],[-97.73723,30.18315],[-97.73714,30.18316],[-97.73704,30.18316],[-97.73684,30.18314],[-97.73675,30.18315],[-97.73666,30.18317],[-97.73646,30.18322],[-97.73638,30.18328],[-97.73631,30.18336],[-97.73626,30.18345],[-97.73619,30.18356],[-97.73615,30.18371],[-97.7361,30.18383],[-97.73595,30.18417],[-97.73583,30.18445],[-97.73574,30.18463],[-97.73572,30.18475],[-97.73578,30.18489],[-97.73586,30.18502],[-97.7359,30.18509],[-97.73597,30.18517],[-97.736,30.18525],[-97.73598,30.18541],[-97.73586,30.18568],[-97.73579,30.18583],[-97.73575,30.18591],[-97.73564,30.18605],[-97.73552,30.18617],[-97.73539,30.1862],[-97.73524,30.18624],[-97.73516,30.18628],[-97.73509,30.18635],[-97.73499,30.18647],[-97.73484,30.18667],[-97.73477,30.18679],[-97.73458,30.18702],[-97.73425,30.18729],[-97.73379,30.18761],[-97.73351,30.18796],[-97.73345,30.1881],[-97.73343,30.18819],[-97.73342,30.18824],[-97.73342,30.18832],[-97.7334,30.18865]]},"properties":{"name":"Williamson Creek","creek_type":"NATURAL_ALLUVIAL","reach_id":"WMS-3","watershed":"WMS","feature_kind":"waterway","source":"City of Austin Watershed Protection creek centerlines","retrieved_at":"2026-09-29T00:26:18.548370+00:00","access_claim":"none"}},{"type":"Feature","id":"coa-creek/2327023","geometry":{"type":"LineString","coordinates":[[-97.791,30.25515],[-97.79085,30.2552],[-97.79067,30.25526],[-97.79051,30.25532],[-97.79011,30.25547],[-97.78999,30.25551],[-97.78992,30.25554],[-97.78985,30.25557]]},"properties":{"name":"Barton Creek","creek_type":"NATURAL_ALLUVIAL","reach_id":"BAR-5","watershed":"BAR","feature_kind":"waterway","source":"City of Austin Watershed Protection creek centerlines","retrieved_at":"2026-09-29T00:26:18.548370+00:00","access_claim":"none"}},{"type":"Feature","id":"coa-creek/2351675","geometry":{"type":"LineString","coordinates":[[-97.64985,30.33002],[-97.64984,30.33001],[-97.64982,30.33],[-97.64974,30.33],[-97.64967,30.33001],[-97.64964,30.33002],[-97.64962,30.33003],[-97.64961,30.33004]]},"properties":{"name":"Walnut Creek","creek_type":"NATURAL_ALLUVIAL","reach_id":"WLN-4","watershed":"WLN","feature_kind":"waterway","source":"City of Austin Watershed Protection creek centerlines","retrieved_at":"2026-09-29T00:26:18.548370+00:00","access_claim":"none"}},{"type":"Feature","id":"coa-creek/2379544","geometry":{"type":"LineString","coordinates":[[-97.73665,30.36552],[-97.73673,30.3654]]},"properties":{"name":"Shoal Creek","creek_type":"UNDERGROUND_CULVERT","reach_id":"SHL-14","watershed":"SHL","feature_kind":"waterway","source":"City of Austin Watershed Protection creek centerlines","retrieved_at":"2026-09-29T00:26:18.548370+00:00","access_claim":"none"}},{"type":"Feature","id":"coa-creek/2355427","geometry":{"type":"LineString","coordinates":[[-97.70276,30.40605],[-97.70233,30.40598]]},"properties":{"name":"Walnut Creek","creek_type":"NATURAL_ALLUVIAL","reach_id":"WLN-13","watershed":"WLN","feature_kind":"waterway","source":"City of Austin Watershed Protection creek centerlines","retrieved_at":"2026-09-29T00:26:18.548370+00:00","access_claim":"none"}},{"type":"Feature","id":"coa-creek/2348950","geometry":{"type":"LineString","coordinates":[[-97.82332,30.09426],[-97.82303,30.09456],[-97.82276,30.09495],[-97.82247,30.09543],[-97.82245,30.09548],[-97.82244,30.09554],[-97.82243,30.09638],[-97.8225,30.09704]]},"properties":{"name":"Onion Creek","creek_type":"NATURAL_ROCKBED","reach_id":null,"watershed":"ONI","feature_kind":"waterway","source":"City of Austin Watershed Protection creek centerlines","retrieved_at":"2026-09-29T00:26:18.548370+00:00","access_claim":"none"}},{"type":"Feature","id":"coa-creek/2381527","geometry":{"type":"LineString","coordinates":[[-97.77427,30.14631],[-97.77428,30.14639],[-97.77445,30.14678],[-97.77476,30.1474],[-97.77477,30.14742],[-97.77534,30.14852],[-97.77548,30.14879],[-97.77595,30.14958],[-97.77596,30.14958]]},"properties":{"name":"Onion Creek","creek_type":"NATURAL_ROCKBED","reach_id":"ONI-9","watershed":"ONI","feature_kind":"waterway","source":"City of Austin Watershed Protection creek centerlines","retrieved_at":"2026-09-29T00:26:18.548370+00:00","access_claim":"none"}},{"type":"Feature","id":"coa-creek/2356820","geometry":{"type":"LineString","coordinates":[[-97.64992,30.32768],[-97.64987,30.32763],[-97.64958,30.32745],[-97.64956,30.32743]]},"properties":{"name":"Walnut Creek","creek_type":"NATURAL_ALLUVIAL","reach_id":"WLN-4","watershed":"WLN","feature_kind":"waterway","source":"City of Austin Watershed Protection creek centerlines","retrieved_at":"2026-09-29T00:26:18.548370+00:00","access_claim":"none"}},{"type":"Feature","id":"coa-creek/2327989","geometry":{"type":"LineString","coordinates":[[-97.74472,30.24612],[-97.74471,30.24615],[-97.74471,30.24617],[-97.7447,30.24619],[-97.74469,30.24625],[-97.74468,30.24631],[-97.74466,30.24638],[-97.74464,30.24643],[-97.7446,30.24645],[-97.74458,30.24646],[-97.74454,30.24647],[-97.74446,30.24648],[-97.74443,30.24648],[-97.74439,30.24648],[-97.74434,30.24646],[-97.74431,30.24645],[-97.74428,30.24646],[-97.74425,30.24646],[-97.74421,30.24646],[-97.74415,30.24647],[-97.74412,30.24647],[-97.744,30.24646],[-97.74395,30.24646],[-97.7439,30.24645],[-97.74377,30.24644],[-97.74369,30.24643],[-97.74359,30.24642],[-97.74344,30.24641],[-97.74335,30.2464],[-97.74329,30.24641],[-97.74324,30.24641],[-97.74321,30.24643],[-97.74318,30.24645],[-97.74316,30.24648],[-97.74316,30.24653],[-97.74316,30.2466],[-97.74317,30.24667],[-97.74321,30.24672],[-97.74326,30.24682],[-97.74333,30.24694],[-97.74338,30.24702],[-97.74339,30.24704],[-97.74343,30.24708],[-97.74345,30.2471],[-97.74352,30.24714],[-97.7436,30.24717],[-97.74377,30.24724],[-97.74393,30.24732],[-97.744,30.24735],[-97.74435,30.24745]]},"properties":{"name":"Blunn Creek","creek_type":"NATURAL_ROCKBED","reach_id":"BLU-2","watershed":"BLU","feature_kind":"waterway","source":"City of Austin Watershed Protection creek centerlines","retrieved_at":"2026-09-29T00:26:18.548370+00:00","access_claim":"none"}},{"type":"Feature","id":"coa-creek/2320872","geometry":{"type":"LineString","coordinates":[[-97.69272,30.17925],[-97.6927,30.17925],[-97.69261,30.17923],[-97.69253,30.17923],[-97.69245,30.17923],[-97.69238,30.17923],[-97.69229,30.17924],[-97.69221,30.17925],[-97.69214,30.17924],[-97.69208,30.17923],[-97.69202,30.17922],[-97.69181,30.1792],[-97.6917,30.17917],[-97.69152,30.17911],[-97.69142,30.17907],[-97.69131,30.17902],[-97.69123,30.17899],[-97.69116,30.17893],[-97.69112,30.17891],[-97.69101,30.17888],[-97.69098,30.17885],[-97.69093,30.17884],[-97.69083,30.1788],[-97.69052,30.17873],[-97.69044,30.17871],[-97.69034,30.1787],[-97.6903,30.17868],[-97.69026,30.17866],[-97.69023,30.17865],[-97.69019,30.17861],[-97.69016,30.17859],[-97.69013,30.17858]]},"properties":{"name":"Onion Creek","creek_type":"NATURAL_UNCLASSIFIED","reach_id":"ONI-2","watershed":"ONI","feature_kind":"waterway","source":"City of Austin Watershed Protection creek centerlines","retrieved_at":"2026-09-29T00:26:18.548370+00:00","access_claim":"none"}},{"type":"Feature","id":"coa-creek/2360934","geometry":{"type":"LineString","coordinates":[[-97.90119,30.29018],[-97.90109,30.2901],[-97.90101,30.29003],[-97.90096,30.28999],[-97.90092,30.28994],[-97.90066,30.28966],[-97.90051,30.28952],[-97.90048,30.28949],[-97.90046,30.28947],[-97.90044,30.28946],[-97.90041,30.28944],[-97.90027,30.28939],[-97.90016,30.28934]]},"properties":{"name":"Barton Creek","creek_type":"NATURAL_ALLUVIAL","reach_id":"BAR-9","watershed":"BAR","feature_kind":"waterway","source":"City of Austin Watershed Protection creek centerlines","retrieved_at":"2026-09-29T00:26:18.548370+00:00","access_claim":"none"}},{"type":"Feature","id":"coa-creek/2371346","geometry":{"type":"LineString","coordinates":[[-97.78824,30.40491],[-97.78824,30.40491],[-97.78819,30.40493]]},"properties":{"name":"Bull Creek","creek_type":"NATURAL_ALLUVIAL","reach_id":"BUL-8","watershed":"BUL","feature_kind":"waterway","source":"City of Austin Watershed Protection creek centerlines","retrieved_at":"2026-09-29T00:26:18.548370+00:00","access_claim":"none"}},{"type":"Feature","id":"coa-creek/2363395","geometry":{"type":"LineString","coordinates":[[-97.71169,30.41366],[-97.71165,30.41363],[-97.71161,30.4136],[-97.71157,30.41357],[-97.71151,30.41354],[-97.71145,30.41351],[-97.71138,30.41349],[-97.71133,30.41346],[-97.71131,30.41344],[-97.71128,30.41342],[-97.71126,30.41339],[-97.71119,30.41325],[-97.71116,30.4132],[-97.71112,30.41312],[-97.71108,30.41302],[-97.71105,30.41296],[-97.711,30.4129],[-97.71098,30.41286],[-97.71096,30.41279],[-97.71093,30.41272],[-97.71089,30.41263],[-97.71087,30.41254],[-97.71084,30.41241],[-97.71081,30.41234],[-97.7108,30.41225],[-97.71082,30.41218],[-97.71085,30.41206],[-97.71089,30.41196],[-97.71101,30.4118],[-97.71105,30.41174],[-97.71112,30.41167],[-97.71117,30.41163],[-97.71123,30.41159],[-97.71134,30.41155],[-97.71148,30.41153],[-97.71155,30.41153],[-97.7116,30.41152]]},"properties":{"name":"Walnut Creek","creek_type":"NATURAL_ALLUVIAL","reach_id":"WLN-13","watershed":"WLN","feature_kind":"waterway","source":"City of Austin Watershed Protection creek centerlines","retrieved_at":"2026-09-29T00:26:18.548370+00:00","access_claim":"none"}},{"type":"Feature","id":"coa-creek/2361000","geometry":{"type":"LineString","coordinates":[[-97.93397,30.2817],[-97.934,30.28174]]},"properties":{"name":"Barton Creek","creek_type":"ALTERED_EARTHEN","reach_id":null,"watershed":"BAR","feature_kind":"waterway","source":"City of Austin Watershed Protection creek centerlines","retrieved_at":"2026-09-29T00:26:18.548370+00:00","access_claim":"none"}},{"type":"Feature","id":"coa-creek/2349842","geometry":{"type":"LineString","coordinates":[[-97.81827,30.13056],[-97.81821,30.13069],[-97.81818,30.13075],[-97.81812,30.13081],[-97.81804,30.13086],[-97.81795,30.13091],[-97.81784,30.13098],[-97.81778,30.13102]]},"properties":{"name":"Onion Creek","creek_type":"NATURAL_ROCKBED","reach_id":"ONI-9","watershed":"ONI","feature_kind":"waterway","source":"City of Austin Watershed Protection creek centerlines","retrieved_at":"2026-09-29T00:26:18.548370+00:00","access_claim":"none"}},{"type":"Feature","id":"coa-creek/2355494","geometry":{"type":"LineString","coordinates":[[-97.65304,30.26675],[-97.65299,30.26673],[-97.65297,30.26671],[-97.65295,30.26669],[-97.65293,30.26667],[-97.65292,30.26666],[-97.65279,30.26654],[-97.65278,30.26652],[-97.65276,30.2665],[-97.65275,30.26649],[-97.65274,30.26647],[-97.65273,30.26645],[-97.65272,30.26644],[-97.65271,30.26642],[-97.6527,30.26641],[-97.65269,30.26639],[-97.65267,30.26637],[-97.65265,30.26635],[-97.65264,30.26633],[-97.65262,30.26632],[-97.65261,30.2663],[-97.65259,30.26628],[-97.65258,30.26626],[-97.65256,30.26624],[-97.65254,30.26622],[-97.65253,30.26621],[-97.65251,30.26619],[-97.65249,30.26617],[-97.65247,30.26615],[-97.65245,30.26614],[-97.65244,30.26612],[-97.65243,30.2661],[-97.65241,30.26608],[-97.6524,30.26606],[-97.65239,30.26604],[-97.65238,30.26602],[-97.65237,30.266],[-97.65236,30.26598],[-97.65235,30.26597],[-97.65235,30.26595],[-97.65234,30.26592],[-97.65233,30.2659],[-97.65233,30.26587],[-97.65232,30.26586],[-97.65231,30.26584],[-97.6523,30.26581],[-97.65229,30.26579],[-97.65228,30.26576],[-97.65228,30.26574],[-97.65219,30.26533],[-97.65212,30.26513],[-97.65201,30.2649],[-97.65186,30.26471],[-97.6517,30.26454],[-97.65156,30.26441],[-97.65149,30.26437],[-97.65127,30.26423],[-97.65106,30.26419],[-97.65094,30.26419],[-97.65067,30.26422],[-97.65043,30.26427],[-97.65021,30.26435],[-97.65016,30.26444],[-97.65011,30.2645],[-97.65007,30.26454],[-97.65005,30.26458],[-97.64998,30.26463],[-97.64991,30.26464],[-97.64981,30.26464],[-97.64966,30.26461],[-97.64951,30.26459],[-97.64942,30.2646],[-97.64934,30.26464],[-97.64919,30.26469],[-97.64907,30.26475],[-97.64896,30.2648],[-97.64882,30.26486],[-97.64873,30.2649],[-97.64861,30.26495],[-97.64847,30.26505],[-97.64839,30.2651],[-97.64827,30.26517],[-97.64818,30.26528],[-97.64811,30.26539],[-97.64807,30.26548],[-97.64801,30.26565],[-97.64796,30.26576],[-97.64793,30.26583],[-97.64787,30.26597],[-97.6478,30.26608],[-97.64763,30.26618],[-97.64739,30.26623],[-97.64719,30.26615],[-97.6471,30.26604],[-97.64703,30.26597],[-97.6469,30.26592],[-97.6468,30.26587],[-97.64671,30.26581],[-97.64663,30.26571],[-97.64653,30.26559],[-97.64647,30.26555],[-97.64636,30.26546],[-97.64636,30.26537],[-97.64636,30.26527],[-97.64638,30.26515],[-97.64637,30.26489],[-97.64632,30.26476],[-97.64622,30.26462],[-97.6461,30.26452],[-97.64598,30.26446],[-97.64584,30.26446],[-97.64558,30.26456],[-97.64531,30.26462]]},"properties":{"name":"Walnut Creek","creek_type":"NATURAL_ALLUVIAL","reach_id":"WLN-2","watershed":"WLN","feature_kind":"waterway","source":"City of Austin Watershed Protection creek centerlines","retrieved_at":"2026-09-29T00:26:18.548370+00:00","access_claim":"none"}},{"type":"Feature","id":"coa-creek/2361765","geometry":{"type":"LineString","coordinates":[[-97.91772,30.30256],[-97.9177,30.30258],[-97.91763,30.30263],[-97.91755,30.30269],[-97.91746,30.30274],[-97.91737,30.3028],[-97.91721,30.30287],[-97.91698,30.30299],[-97.91691,30.30303],[-97.9169,30.30303],[-97.91681,30.30307],[-97.9168,30.30308],[-97.91671,30.30312],[-97.91664,30.30315],[-97.91661,30.30316],[-97.91657,30.30317],[-97.91654,30.30317],[-97.91652,30.30317],[-97.91649,30.30318],[-97.91644,30.30318],[-97.91638,30.30317],[-97.91631,30.30316],[-97.91627,30.30316],[-97.91625,30.30316],[-97.91623,30.30317],[-97.91621,30.30317],[-97.91618,30.30317],[-97.91615,30.30318],[-97.91613,30.30319],[-97.91611,30.3032],[-97.91595,30.30327],[-97.9159,30.3033],[-97.91574,30.30336],[-97.91567,30.3034],[-97.91559,30.30344],[-97.91539,30.30356],[-97.91534,30.3036],[-97.91524,30.30366],[-97.91513,30.30373],[-97.91504,30.30379],[-97.91495,30.30384],[-97.91479,30.30392],[-97.91472,30.30396],[-97.91462,30.30401],[-97.91452,30.30407],[-97.9144,30.30416],[-97.91432,30.30421],[-97.91415,30.30432],[-97.91405,30.30439]]},"properties":{"name":"Barton Creek","creek_type":"NATURAL_ROCKBED","reach_id":"BAR-10","watershed":"BAR","feature_kind":"waterway","source":"City of Austin Watershed Protection creek centerlines","retrieved_at":"2026-09-29T00:26:18.548370+00:00","access_claim":"none"}},{"type":"Feature","id":"coa-creek/2359472","geometry":{"type":"LineString","coordinates":[[-97.73658,30.37108],[-97.73661,30.37101],[-97.73668,30.37088],[-97.73675,30.37068],[-97.73698,30.37015],[-97.73712,30.3698],[-97.73716,30.36974],[-97.73718,30.36971],[-97.73718,30.36968],[-97.73718,30.36965],[-97.73718,30.36964],[-97.73719,30.3696]]},"properties":{"name":"Shoal Creek","creek_type":"NATURAL_ROCKBED","reach_id":"SHL-15","watershed":"SHL","feature_kind":"waterway","source":"City of Austin Watershed Protection creek centerlines","retrieved_at":"2026-09-29T00:26:18.548370+00:00","access_claim":"none"}},{"type":"Feature","id":"coa-creek/2375889","geometry":{"type":"LineString","coordinates":[[-97.64884,30.32818],[-97.64885,30.32818],[-97.64892,30.32818],[-97.64897,30.32816],[-97.64915,30.32807],[-97.64931,30.32803],[-97.64957,30.32793]]},"properties":{"name":"Walnut Creek","creek_type":"NATURAL_ALLUVIAL","reach_id":"WLN-4","watershed":"WLN","feature_kind":"waterway","source":"City of Austin Watershed Protection creek centerlines","retrieved_at":"2026-09-29T00:26:18.548370+00:00","access_claim":"none"}},{"type":"Feature","id":"coa-creek/2342535","geometry":{"type":"LineString","coordinates":[[-97.89985,30.24623],[-97.89961,30.24625],[-97.89937,30.24627]]},"properties":{"name":"Williamson Creek","creek_type":"UNDERGROUND_CULVERT","reach_id":null,"watershed":"WMS","feature_kind":"waterway","source":"City of Austin Watershed Protection creek centerlines","retrieved_at":"2026-09-29T00:26:18.548370+00:00","access_claim":"none"}},{"type":"Feature","id":"coa-creek/2375072","geometry":{"type":"LineString","coordinates":[[-97.72552,30.18452],[-97.72539,30.18444],[-97.72527,30.18436],[-97.72515,30.1843],[-97.72508,30.18427],[-97.72501,30.18425],[-97.72487,30.18423],[-97.72463,30.18424],[-97.72419,30.18429],[-97.7241,30.1843],[-97.72401,30.18433],[-97.72392,30.18436],[-97.72389,30.18437],[-97.72382,30.18441],[-97.72379,30.18443],[-97.72367,30.18448]]},"properties":{"name":"Onion Creek","creek_type":"NATURAL_ROCKBED","reach_id":"ONI-4","watershed":"ONI","feature_kind":"waterway","source":"City of Austin Watershed Protection creek centerlines","retrieved_at":"2026-09-29T00:26:18.548370+00:00","access_claim":"none"}},{"type":"Feature","id":"coa-creek/2320691","geometry":{"type":"LineString","coordinates":[[-97.78024,30.15225],[-97.78027,30.15235],[-97.78032,30.15254],[-97.78032,30.15254]]},"properties":{"name":"Onion Creek","creek_type":"NATURAL_ROCKBED","reach_id":"ONI-9","watershed":"ONI","feature_kind":"waterway","source":"City of Austin Watershed Protection creek centerlines","retrieved_at":"2026-09-29T00:26:18.548370+00:00","access_claim":"none"}},{"type":"Feature","id":"coa-creek/2365011","geometry":{"type":"LineString","coordinates":[[-97.86786,30.3068],[-97.86784,30.3068],[-97.8678,30.30679],[-97.86776,30.30677],[-97.86764,30.30673],[-97.86757,30.3067],[-97.86747,30.30667],[-97.86742,30.30666],[-97.86736,30.30663],[-97.86704,30.3065],[-97.86691,30.30645],[-97.86674,30.30638],[-97.8667,30.30636],[-97.86659,30.3063],[-97.86652,30.30627],[-97.86645,30.30622],[-97.86644,30.30622],[-97.86641,30.3062],[-97.86641,30.30619],[-97.86638,30.30617],[-97.86636,30.30615],[-97.86633,30.3061],[-97.86629,30.30607],[-97.86626,30.30603],[-97.86624,30.30601],[-97.86624,30.30599],[-97.86621,30.30591],[-97.86617,30.30583],[-97.8661,30.30567],[-97.86609,30.30563],[-97.86606,30.30558],[-97.86603,30.30554],[-97.86602,30.30552],[-97.866,30.3055],[-97.86598,30.30548],[-97.86596,30.30547],[-97.86594,30.30546],[-97.86584,30.30539],[-97.86576,30.30535],[-97.86573,30.30533],[-97.86567,30.30529],[-97.86564,30.30527],[-97.86561,30.30525]]},"properties":{"name":"Barton Creek","creek_type":"NATURAL_ALLUVIAL","reach_id":"BAR-8","watershed":"BAR","feature_kind":"waterway","source":"City of Austin Watershed Protection creek centerlines","retrieved_at":"2026-09-29T00:26:18.548370+00:00","access_claim":"none"}},{"type":"Feature","id":"coa-creek/2351592","geometry":{"type":"LineString","coordinates":[[-97.74405,30.438],[-97.7439,30.43803],[-97.74345,30.43815],[-97.74322,30.4382],[-97.743,30.43826],[-97.74269,30.43833],[-97.74255,30.43836],[-97.74246,30.43837],[-97.74222,30.43847],[-97.74195,30.43859],[-97.74186,30.43862],[-97.74178,30.43866],[-97.7417,30.43869],[-97.74153,30.43877],[-97.74122,30.4389],[-97.74111,30.43893],[-97.74107,30.43894],[-97.74103,30.43895],[-97.74099,30.43896],[-97.74095,30.43896],[-97.7408,30.43897],[-97.74049,30.439],[-97.74018,30.43903],[-97.7399,30.43905],[-97.7397,30.43907],[-97.73967,30.43907],[-97.73964,30.43908],[-97.73962,30.43908],[-97.73959,30.43909],[-97.73956,30.43909],[-97.73953,30.4391],[-97.73951,30.43911],[-97.73948,30.43911]]},"properties":{"name":"Walnut Creek","creek_type":"ALTERED_EARTHEN","reach_id":"WLN-17","watershed":"WLN","feature_kind":"waterway","source":"City of Austin Watershed Protection creek centerlines","retrieved_at":"2026-09-29T00:26:18.548370+00:00","access_claim":"none"}},{"type":"Feature","id":"coa-creek/2368826","geometry":{"type":"LineString","coordinates":[[-97.77596,30.14958],[-97.77599,30.14964]]},"properties":{"name":"Onion Creek","creek_type":"NATURAL_ROCKBED","reach_id":"ONI-9","watershed":"ONI","feature_kind":"waterway","source":"City of Austin Watershed Protection creek centerlines","retrieved_at":"2026-09-29T00:26:18.548370+00:00","access_claim":"none"}},{"type":"Feature","id":"coa-creek/2362435","geometry":{"type":"LineString","coordinates":[[-97.73882,30.43963],[-97.73879,30.43966]]},"properties":{"name":"Walnut Creek","creek_type":"NATURAL_UNCLASSIFIED","reach_id":"WLN-17","watershed":"WLN","feature_kind":"waterway","source":"City of Austin Watershed Protection creek centerlines","retrieved_at":"2026-09-29T00:26:18.548370+00:00","access_claim":"none"}},{"type":"Feature","id":"coa-creek/2319785","geometry":{"type":"LineString","coordinates":[[-97.77852,30.39137],[-97.77865,30.39122]]},"properties":{"name":"Bull Creek","creek_type":"NATURAL_ALLUVIAL","reach_id":"BUL-7","watershed":"BUL","feature_kind":"waterway","source":"City of Austin Watershed Protection creek centerlines","retrieved_at":"2026-09-29T00:26:18.548370+00:00","access_claim":"none"}},{"type":"Feature","id":"coa-creek/2363601","geometry":{"type":"LineString","coordinates":[[-97.73461,30.17077],[-97.73442,30.17085],[-97.73414,30.17092],[-97.73399,30.17099],[-97.73382,30.1711],[-97.73372,30.17121],[-97.73363,30.17132],[-97.73357,30.17147],[-97.73352,30.17162],[-97.73308,30.17248],[-97.73296,30.17276],[-97.73276,30.17308],[-97.73258,30.17335],[-97.73245,30.17354]]},"properties":{"name":"Onion Creek","creek_type":"NATURAL_ROCKBED","reach_id":"ONI-5","watershed":"ONI","feature_kind":"waterway","source":"City of Austin Watershed Protection creek centerlines","retrieved_at":"2026-09-29T00:26:18.548370+00:00","access_claim":"none"}},{"type":"Feature","id":"coa-creek/2339311","geometry":{"type":"LineString","coordinates":[[-97.74251,30.34963],[-97.74254,30.3496],[-97.7426,30.34958],[-97.74279,30.34946],[-97.7429,30.34939],[-97.74314,30.34925],[-97.74333,30.34914],[-97.74343,30.34909]]},"properties":{"name":"Shoal Creek","creek_type":"NATURAL_ROCKBED","reach_id":"SHL-12","watershed":"SHL","feature_kind":"waterway","source":"City of Austin Watershed Protection creek centerlines","retrieved_at":"2026-09-29T00:26:18.548370+00:00","access_claim":"none"}},{"type":"Feature","id":"coa-creek/2360806","geometry":{"type":"LineString","coordinates":[[-97.91508,30.24643],[-97.91502,30.2464],[-97.91494,30.24637],[-97.91487,30.24635],[-97.91481,30.24633],[-97.91471,30.2463],[-97.91463,30.24628],[-97.9146,30.24626],[-97.91459,30.24626]]},"properties":{"name":"Williamson Creek","creek_type":"NATURAL_UNCLASSIFIED","reach_id":null,"watershed":"WMS","feature_kind":"waterway","source":"City of Austin Watershed Protection creek centerlines","retrieved_at":"2026-09-29T00:26:18.548370+00:00","access_claim":"none"}},{"type":"Feature","id":"coa-creek/2361517","geometry":{"type":"LineString","coordinates":[[-97.66051,30.36544],[-97.6605,30.36542],[-97.66047,30.36539],[-97.66044,30.36537],[-97.66035,30.36529],[-97.66025,30.3652],[-97.66023,30.36517],[-97.66021,30.36515],[-97.66019,30.36513],[-97.66016,30.36508],[-97.66015,30.36506],[-97.66013,30.36504],[-97.66011,30.36503],[-97.66004,30.36495],[-97.66,30.36492],[-97.65998,30.36488],[-97.65993,30.36484],[-97.65987,30.36478],[-97.65982,30.36476],[-97.65976,30.36474],[-97.65964,30.3647],[-97.65958,30.36468],[-97.65953,30.36465],[-97.65946,30.36462],[-97.65941,30.3646],[-97.65929,30.36453],[-97.65925,30.36451],[-97.65913,30.36445],[-97.6591,30.36444],[-97.65906,30.36442],[-97.65898,30.36439],[-97.65892,30.36437],[-97.65887,30.36436],[-97.65884,30.36435],[-97.65875,30.36434],[-97.65871,30.36433],[-97.65856,30.3643],[-97.65843,30.36428],[-97.65836,30.36428],[-97.65832,30.36427],[-97.65829,30.36427],[-97.65824,30.36427],[-97.65816,30.36427],[-97.65809,30.36426],[-97.65801,30.36426],[-97.65784,30.36427],[-97.65764,30.36432],[-97.65738,30.36438],[-97.65726,30.36442],[-97.65702,30.36445],[-97.65699,30.36446],[-97.65684,30.36444],[-97.65674,30.36444],[-97.65669,30.36443],[-97.65662,30.36441],[-97.65655,30.36439],[-97.65651,30.36438],[-97.65647,30.36436],[-97.65644,30.36434]]},"properties":{"name":"Walnut Creek","creek_type":"NATURAL_ROCKBED","reach_id":"WLN-7","watershed":"WLN","feature_kind":"waterway","source":"City of Austin Watershed Protection creek centerlines","retrieved_at":"2026-09-29T00:26:18.548370+00:00","access_claim":"none"}},{"type":"Feature","id":"coa-creek/2343782","geometry":{"type":"LineString","coordinates":[[-97.7334,30.18865],[-97.73339,30.18902],[-97.73337,30.18905],[-97.73333,30.18907],[-97.73326,30.18911],[-97.73312,30.18918],[-97.73307,30.1892],[-97.7328,30.18941]]},"properties":{"name":"Williamson Creek","creek_type":"NATURAL_ALLUVIAL","reach_id":"WMS-3","watershed":"WMS","feature_kind":"waterway","source":"City of Austin Watershed Protection creek centerlines","retrieved_at":"2026-09-29T00:26:18.548370+00:00","access_claim":"none"}},{"type":"Feature","id":"coa-creek/2353063","geometry":{"type":"LineString","coordinates":[[-97.70233,30.40598],[-97.70205,30.40594],[-97.70188,30.4059],[-97.70177,30.40586],[-97.70168,30.4058],[-97.70162,30.40576],[-97.70152,30.40572],[-97.70145,30.4057],[-97.70137,30.40569]]},"properties":{"name":"Walnut Creek","creek_type":"NATURAL_ALLUVIAL","reach_id":"WLN-13","watershed":"WLN","feature_kind":"waterway","source":"City of Austin Watershed Protection creek centerlines","retrieved_at":"2026-09-29T00:26:18.548370+00:00","access_claim":"none"}},{"type":"Feature","id":"coa-creek/2368279","geometry":{"type":"LineString","coordinates":[[-97.73284,30.44044],[-97.73281,30.44041],[-97.73269,30.44028],[-97.7326,30.4402],[-97.73257,30.44018],[-97.73254,30.44016],[-97.73249,30.44011],[-97.73245,30.44006],[-97.73242,30.44001],[-97.73242,30.43997]]},"properties":{"name":"Walnut Creek","creek_type":"NATURAL_UNCLASSIFIED","reach_id":"WLN-17","watershed":"WLN","feature_kind":"waterway","source":"City of Austin Watershed Protection creek centerlines","retrieved_at":"2026-09-29T00:26:18.548370+00:00","access_claim":"none"}},{"type":"Feature","id":"coa-creek/2371083","geometry":{"type":"LineString","coordinates":[[-97.77865,30.39122],[-97.77867,30.3912],[-97.77882,30.39103],[-97.77888,30.39097],[-97.77897,30.39089],[-97.77905,30.39083]]},"properties":{"name":"Bull Creek","creek_type":"NATURAL_ALLUVIAL","reach_id":"BUL-7","watershed":"BUL","feature_kind":"waterway","source":"City of Austin Watershed Protection creek centerlines","retrieved_at":"2026-09-29T00:26:18.548370+00:00","access_claim":"none"}},{"type":"Feature","id":"coa-creek/2339131","geometry":{"type":"LineString","coordinates":[[-97.82629,30.11389],[-97.8263,30.11416],[-97.82635,30.11443],[-97.82636,30.11458],[-97.8264,30.11488],[-97.82639,30.11549],[-97.82635,30.11558],[-97.82627,30.11569],[-97.82606,30.11593],[-97.82568,30.11633],[-97.82548,30.11669]]},"properties":{"name":"Onion Creek","creek_type":"NATURAL_ROCKBED","reach_id":"ONI-10","watershed":"ONI","feature_kind":"waterway","source":"City of Austin Watershed Protection creek centerlines","retrieved_at":"2026-09-29T00:26:18.548370+00:00","access_claim":"none"}},{"type":"Feature","id":"coa-creek/2343129","geometry":{"type":"LineString","coordinates":[[-97.70761,30.42422],[-97.70763,30.42415],[-97.70767,30.42405],[-97.70771,30.42396],[-97.70779,30.42391]]},"properties":{"name":"Walnut Creek","creek_type":"NATURAL_ROCKBED","reach_id":"WLN-14","watershed":"WLN","feature_kind":"waterway","source":"City of Austin Watershed Protection creek centerlines","retrieved_at":"2026-09-29T00:26:18.548370+00:00","access_claim":"none"}},{"type":"Feature","id":"coa-creek/2368253","geometry":{"type":"LineString","coordinates":[[-97.74734,30.23945],[-97.74737,30.23953],[-97.74738,30.23955],[-97.74743,30.23971],[-97.74744,30.23972],[-97.74745,30.23976]]},"properties":{"name":"Blunn Creek","creek_type":"UNDERGROUND_CULVERT","reach_id":"BLU-3","watershed":"BLU","feature_kind":"waterway","source":"City of Austin Watershed Protection creek centerlines","retrieved_at":"2026-09-29T00:26:18.548370+00:00","access_claim":"none"}},{"type":"Feature","id":"coa-creek/2354851","geometry":{"type":"LineString","coordinates":[[-97.65518,30.35751],[-97.65517,30.35747],[-97.65513,30.35744],[-97.655,30.35737],[-97.65494,30.35732],[-97.65491,30.35728],[-97.6549,30.35725],[-97.65489,30.35721],[-97.65488,30.35717],[-97.65485,30.35692],[-97.65484,30.35686],[-97.65483,30.35682],[-97.65482,30.3568],[-97.65476,30.35663],[-97.65473,30.35656],[-97.65462,30.35636],[-97.6546,30.35632],[-97.65453,30.35618],[-97.65445,30.35601],[-97.65443,30.35598],[-97.65436,30.35592],[-97.65432,30.35587]]},"properties":{"name":"Walnut Creek","creek_type":"NATURAL_ROCKBED","reach_id":"WLN-6","watershed":"WLN","feature_kind":"waterway","source":"City of Austin Watershed Protection creek centerlines","retrieved_at":"2026-09-29T00:26:18.548370+00:00","access_claim":"none"}},{"type":"Feature","id":"coa-creek/2329619","geometry":{"type":"LineString","coordinates":[[-97.81033,30.22005],[-97.8103,30.22005],[-97.81027,30.22006],[-97.8102,30.22011],[-97.8101,30.22019],[-97.80993,30.22031],[-97.80977,30.22044],[-97.80912,30.22085],[-97.8091,30.22087],[-97.80908,30.22088],[-97.80905,30.22091],[-97.80902,30.22094],[-97.809,30.22098],[-97.80898,30.22102],[-97.80896,30.22107],[-97.80894,30.22118],[-97.80892,30.22123],[-97.80887,30.22135],[-97.80884,30.22143],[-97.80881,30.22149],[-97.80879,30.22154],[-97.80874,30.22162],[-97.80873,30.22164],[-97.80871,30.22165],[-97.8087,30.22167],[-97.80867,30.2217],[-97.80857,30.22178],[-97.80848,30.22183],[-97.80844,30.22185],[-97.8084,30.22187],[-97.80837,30.22188],[-97.80832,30.22188],[-97.80826,30.22187],[-97.80818,30.22186],[-97.80805,30.22185],[-97.80792,30.22186]]},"properties":{"name":"Williamson Creek","creek_type":"NATURAL_ALLUVIAL","reach_id":"WMS-10","watershed":"WMS","feature_kind":"waterway","source":"City of Austin Watershed Protection creek centerlines","retrieved_at":"2026-09-29T00:26:18.548370+00:00","access_claim":"none"}},{"type":"Feature","id":"coa-creek/2355258","geometry":{"type":"LineString","coordinates":[[-97.81809,30.25411],[-97.81783,30.25403],[-97.8178,30.25402],[-97.81776,30.25401],[-97.81754,30.25392],[-97.81741,30.25386]]},"properties":{"name":"Barton Creek","creek_type":"NATURAL_ROCKBED","reach_id":"BAR-6","watershed":"BAR","feature_kind":"waterway","source":"City of Austin Watershed Protection creek centerlines","retrieved_at":"2026-09-29T00:26:18.548370+00:00","access_claim":"none"}},{"type":"Feature","id":"coa-creek/2337154","geometry":{"type":"LineString","coordinates":[[-97.8947,30.29229],[-97.8947,30.29229],[-97.89469,30.29234],[-97.89468,30.29235]]},"properties":{"name":"Barton Creek","creek_type":"NATURAL_ALLUVIAL","reach_id":"BAR-9","watershed":"BAR","feature_kind":"waterway","source":"City of Austin Watershed Protection creek centerlines","retrieved_at":"2026-09-29T00:26:18.548370+00:00","access_claim":"none"}},{"type":"Feature","id":"coa-creek/2361871","geometry":{"type":"LineString","coordinates":[[-97.88102,30.2875],[-97.88098,30.28753],[-97.88095,30.28755],[-97.88092,30.28758],[-97.88089,30.28762],[-97.88087,30.28765],[-97.88068,30.2879],[-97.88065,30.28794],[-97.88049,30.28817],[-97.88043,30.28829],[-97.88039,30.28836],[-97.88038,30.28841],[-97.88036,30.28853],[-97.88035,30.28862],[-97.88035,30.28862],[-97.88035,30.28865],[-97.88036,30.28866],[-97.88037,30.28868],[-97.88041,30.28874],[-97.88049,30.28884],[-97.88054,30.28892],[-97.88056,30.28895],[-97.88059,30.28899],[-97.88061,30.28903],[-97.88062,30.28904],[-97.88062,30.28905],[-97.88063,30.28907],[-97.88063,30.28908],[-97.88064,30.2891],[-97.88064,30.28911],[-97.88064,30.28913],[-97.88064,30.28914],[-97.88063,30.28919],[-97.88062,30.28925],[-97.88061,30.2893],[-97.8806,30.28941],[-97.88059,30.2895],[-97.88058,30.28959],[-97.88057,30.28963],[-97.88056,30.28969],[-97.88055,30.28975],[-97.88055,30.28982],[-97.88056,30.28994],[-97.88056,30.2901],[-97.88055,30.29028],[-97.88055,30.29033],[-97.88055,30.29035],[-97.88054,30.29036],[-97.88054,30.29038],[-97.88053,30.29041],[-97.88052,30.29042],[-97.88052,30.29043],[-97.88051,30.29044],[-97.88041,30.29051],[-97.88029,30.29062],[-97.88024,30.29067],[-97.88018,30.29075],[-97.88015,30.29077]]},"properties":{"name":"Barton Creek","creek_type":"NATURAL_ALLUVIAL","reach_id":"BAR-9","watershed":"BAR","feature_kind":"waterway","source":"City of Austin Watershed Protection creek centerlines","retrieved_at":"2026-09-29T00:26:18.548370+00:00","access_claim":"none"}},{"type":"Feature","id":"coa-creek/2324311","geometry":{"type":"LineString","coordinates":[[-97.75255,30.18493],[-97.75229,30.1847],[-97.75212,30.18455],[-97.75208,30.18453],[-97.75206,30.1845],[-97.75205,30.18447],[-97.75205,30.18443],[-97.75206,30.18439],[-97.75207,30.18435],[-97.75213,30.18423],[-97.75219,30.18412],[-97.75227,30.18401],[-97.75232,30.18386],[-97.75236,30.18377],[-97.75238,30.18368],[-97.75238,30.18352]]},"properties":{"name":"Williamson Creek","creek_type":"NATURAL_ALLUVIAL","reach_id":"WMS-5","watershed":"WMS","feature_kind":"waterway","source":"City of Austin Watershed Protection creek centerlines","retrieved_at":"2026-09-29T00:26:18.548370+00:00","access_claim":"none"}},{"type":"Feature","id":"coa-creek/2376475","geometry":{"type":"LineString","coordinates":[[-97.83468,30.27427],[-97.83446,30.27422],[-97.83429,30.27416],[-97.83423,30.27413],[-97.83414,30.27406],[-97.83408,30.27402],[-97.8339,30.27385],[-97.83378,30.27372],[-97.83351,30.27343],[-97.83339,30.27329],[-97.8332,30.27303],[-97.8328,30.27247],[-97.83264,30.27227],[-97.8325,30.27213],[-97.83229,30.27193],[-97.83223,30.27188],[-97.83182,30.2715],[-97.83172,30.27141],[-97.83169,30.27138]]},"properties":{"name":"Barton Creek","creek_type":"NATURAL_ROCKBED","reach_id":"BAR-6","watershed":"BAR","feature_kind":"waterway","source":"City of Austin Watershed Protection creek centerlines","retrieved_at":"2026-09-29T00:26:18.548370+00:00","access_claim":"none"}},{"type":"Feature","id":"coa-creek/2371082","geometry":{"type":"LineString","coordinates":[[-97.77849,30.3914],[-97.77852,30.39137]]},"properties":{"name":"Bull Creek","creek_type":"NATURAL_ALLUVIAL","reach_id":"BUL-7","watershed":"BUL","feature_kind":"waterway","source":"City of Austin Watershed Protection creek centerlines","retrieved_at":"2026-09-29T00:26:18.548370+00:00","access_claim":"none"}},{"type":"Feature","id":"coa-creek/2324569","geometry":{"type":"LineString","coordinates":[[-97.89131,30.24699],[-97.89128,30.24698],[-97.89125,30.24696]]},"properties":{"name":"Williamson Creek","creek_type":"NATURAL_UNCLASSIFIED","reach_id":null,"watershed":"WMS","feature_kind":"waterway","source":"City of Austin Watershed Protection creek centerlines","retrieved_at":"2026-09-29T00:26:18.548370+00:00","access_claim":"none"}},{"type":"Feature","id":"coa-creek/2325363","geometry":{"type":"LineString","coordinates":[[-97.82335,30.266],[-97.82337,30.26594],[-97.82342,30.26582],[-97.82344,30.26573],[-97.82344,30.26564],[-97.8234,30.26554],[-97.8233,30.26538],[-97.8233,30.26536],[-97.82329,30.26534]]},"properties":{"name":"Barton Creek","creek_type":"NATURAL_ROCKBED","reach_id":"BAR-6","watershed":"BAR","feature_kind":"waterway","source":"City of Austin Watershed Protection creek centerlines","retrieved_at":"2026-09-29T00:26:18.548370+00:00","access_claim":"none"}},{"type":"Feature","id":"coa-creek/2371606","geometry":{"type":"LineString","coordinates":[[-97.79491,30.41469],[-97.79485,30.41467],[-97.79472,30.4146],[-97.79458,30.41451],[-97.7942,30.41419],[-97.79405,30.41406],[-97.79384,30.41386],[-97.79359,30.41364],[-97.79346,30.41353],[-97.7934,30.41348],[-97.79332,30.41345],[-97.79324,30.41342],[-97.79317,30.41336],[-97.79311,30.41326],[-97.79309,30.4132],[-97.79304,30.41312],[-97.79295,30.41303],[-97.79289,30.41292],[-97.79285,30.41282],[-97.79282,30.41275],[-97.79279,30.41265],[-97.79276,30.41257],[-97.79277,30.41244],[-97.79274,30.4123],[-97.79272,30.41225],[-97.79271,30.4122],[-97.79271,30.41214],[-97.79269,30.4121],[-97.7927,30.41205],[-97.79269,30.412],[-97.79265,30.41184],[-97.79262,30.41181],[-97.79259,30.41179],[-97.79256,30.41175],[-97.79255,30.4117],[-97.79257,30.41153],[-97.79261,30.41134],[-97.79262,30.41129],[-97.7927,30.41092],[-97.79271,30.41083],[-97.79272,30.41075]]},"properties":{"name":"Bull Creek","creek_type":"NATURAL_ROCKBED","reach_id":"BUL-9","watershed":"BUL","feature_kind":"waterway","source":"City of Austin Watershed Protection creek centerlines","retrieved_at":"2026-09-29T00:26:18.548370+00:00","access_claim":"none"}},{"type":"Feature","id":"coa-creek/2351466","geometry":{"type":"LineString","coordinates":[[-97.7219,30.18853],[-97.72176,30.18855],[-97.72165,30.18857],[-97.72148,30.18857],[-97.72138,30.18856],[-97.72126,30.18855],[-97.72118,30.18853],[-97.7211,30.18851],[-97.72102,30.18848],[-97.72095,30.18845],[-97.72089,30.1884],[-97.72082,30.18838],[-97.72074,30.18838],[-97.72059,30.18842],[-97.72049,30.18848],[-97.72043,30.18851],[-97.7203,30.18853],[-97.72017,30.18853],[-97.72006,30.18852],[-97.71995,30.18852],[-97.7198,30.18852],[-97.71969,30.1885],[-97.71937,30.18841],[-97.71918,30.18834],[-97.71915,30.18832]]},"properties":{"name":"Onion Creek","creek_type":"NATURAL_ROCKBED","reach_id":"ONI-3","watershed":"ONI","feature_kind":"waterway","source":"City of Austin Watershed Protection creek centerlines","retrieved_at":"2026-09-29T00:26:18.548370+00:00","access_claim":"none"}},{"type":"Feature","id":"coa-creek/2356892","geometry":{"type":"LineString","coordinates":[[-97.74911,30.31867],[-97.74911,30.31864],[-97.74913,30.3185]]},"properties":{"name":"Shoal Creek","creek_type":"NATURAL_ALLUVIAL","reach_id":"SHL-7B","watershed":"SHL","feature_kind":"waterway","source":"City of Austin Watershed Protection creek centerlines","retrieved_at":"2026-09-29T00:26:18.548370+00:00","access_claim":"none"}},{"type":"Feature","id":"coa-creek/2342629","geometry":{"type":"LineString","coordinates":[[-97.77843,30.39148],[-97.77849,30.3914]]},"properties":{"name":"Bull Creek","creek_type":"UNDERGROUND_CULVERT","reach_id":"BUL-7","watershed":"BUL","feature_kind":"waterway","source":"City of Austin Watershed Protection creek centerlines","retrieved_at":"2026-09-29T00:26:18.548370+00:00","access_claim":"none"}},{"type":"Feature","id":"coa-creek/2358482","geometry":{"type":"LineString","coordinates":[[-97.86406,30.29921],[-97.86385,30.29887],[-97.86379,30.29878]]},"properties":{"name":"Barton Creek","creek_type":"NATURAL_ROCKBED","reach_id":"BAR-7","watershed":"BAR","feature_kind":"waterway","source":"City of Austin Watershed Protection creek centerlines","retrieved_at":"2026-09-29T00:26:18.548370+00:00","access_claim":"none"}},{"type":"Feature","id":"coa-creek/2319995","geometry":{"type":"LineString","coordinates":[[-97.92925,30.28351],[-97.92889,30.28329],[-97.92862,30.28313],[-97.92841,30.28301],[-97.92831,30.28296],[-97.92826,30.28294],[-97.92816,30.2829],[-97.92798,30.28283],[-97.92786,30.28279],[-97.9276,30.28271],[-97.92709,30.28255],[-97.927,30.28252],[-97.92688,30.28249],[-97.92684,30.28248],[-97.92681,30.28247],[-97.9268,30.28246],[-97.92678,30.28245],[-97.9267,30.2824],[-97.92661,30.28233],[-97.92656,30.2823],[-97.92651,30.28226],[-97.92645,30.2822],[-97.92643,30.28218],[-97.9264,30.28213]]},"properties":{"name":"Barton Creek","creek_type":"NATURAL_ALLUVIAL","reach_id":null,"watershed":"BAR","feature_kind":"waterway","source":"City of Austin Watershed Protection creek centerlines","retrieved_at":"2026-09-29T00:26:18.548370+00:00","access_claim":"none"}},{"type":"Feature","id":"coa-creek/2340064","geometry":{"type":"LineString","coordinates":[[-97.74766,30.33944],[-97.74769,30.33938],[-97.74774,30.33926],[-97.74783,30.33908],[-97.74788,30.33894],[-97.748,30.33864],[-97.74808,30.33843],[-97.7481,30.33837]]},"properties":{"name":"Shoal Creek","creek_type":"NATURAL_ROCKBED","reach_id":"SHL-11","watershed":"SHL","feature_kind":"waterway","source":"City of Austin Watershed Protection creek centerlines","retrieved_at":"2026-09-29T00:26:18.548370+00:00","access_claim":"none"}},{"type":"Feature","id":"coa-creek/2364712","geometry":{"type":"LineString","coordinates":[[-97.71577,30.1821],[-97.71544,30.18187],[-97.71537,30.18181],[-97.71532,30.18176],[-97.71525,30.1817],[-97.71515,30.18166],[-97.71507,30.18161],[-97.71501,30.18157],[-97.71494,30.18155],[-97.71487,30.18154],[-97.71481,30.18156],[-97.71476,30.18158],[-97.71472,30.18163],[-97.71469,30.18169]]},"properties":{"name":"Onion Creek","creek_type":"NATURAL_ROCKBED","reach_id":"ONI-3","watershed":"ONI","feature_kind":"waterway","source":"City of Austin Watershed Protection creek centerlines","retrieved_at":"2026-09-29T00:26:18.548370+00:00","access_claim":"none"}},{"type":"Feature","id":"coa-creek/2374889","geometry":{"type":"LineString","coordinates":[[-97.8604,30.23539],[-97.86034,30.23536],[-97.86018,30.23526],[-97.86017,30.23525]]},"properties":{"name":"Williamson Creek","creek_type":"NATURAL_ROCKBED","reach_id":"WMS-11","watershed":"WMS","feature_kind":"waterway","source":"City of Austin Watershed Protection creek centerlines","retrieved_at":"2026-09-29T00:26:18.548370+00:00","access_claim":"none"}},{"type":"Feature","id":"coa-creek/2319959","geometry":{"type":"LineString","coordinates":[[-97.66789,30.16901],[-97.66784,30.16901],[-97.66767,30.16901],[-97.66743,30.16902],[-97.66731,30.16903],[-97.6672,30.16904],[-97.66708,30.16905],[-97.66696,30.16908],[-97.6669,30.16909],[-97.66683,30.16909],[-97.6666,30.16911],[-97.66644,30.16911]]},"properties":{"name":"Onion Creek","creek_type":"NATURAL_ALLUVIAL","reach_id":"ONI-2","watershed":"ONI","feature_kind":"waterway","source":"City of Austin Watershed Protection creek centerlines","retrieved_at":"2026-09-29T00:26:18.548370+00:00","access_claim":"none"}},{"type":"Feature","id":"coa-creek/2342947","geometry":{"type":"LineString","coordinates":[[-97.71254,30.43176],[-97.71245,30.43177],[-97.71233,30.43177],[-97.71226,30.43176],[-97.71216,30.43174],[-97.71207,30.43172],[-97.71196,30.4317],[-97.71187,30.43168],[-97.71179,30.43165],[-97.71175,30.43163],[-97.71171,30.4316],[-97.71162,30.43153]]},"properties":{"name":"Walnut Creek","creek_type":"NATURAL_ALLUVIAL","reach_id":"WLN-16","watershed":"WLN","feature_kind":"waterway","source":"City of Austin Watershed Protection creek centerlines","retrieved_at":"2026-09-29T00:26:18.548370+00:00","access_claim":"none"}},{"type":"Feature","id":"coa-creek/2343070","geometry":{"type":"LineString","coordinates":[[-97.6952,30.40481],[-97.69516,30.40476],[-97.69506,30.40464],[-97.69501,30.40459],[-97.69499,30.40454],[-97.69498,30.40449],[-97.69497,30.40444],[-97.69497,30.40438],[-97.695,30.40433],[-97.69505,30.40427],[-97.69509,30.40422],[-97.69513,30.40417],[-97.69517,30.40415],[-97.69529,30.40409],[-97.69535,30.40405],[-97.69547,30.4039],[-97.69548,30.40384],[-97.69548,30.40376],[-97.69547,30.40369],[-97.69546,30.40365],[-97.69541,30.40357],[-97.69522,30.40323],[-97.69511,30.4031],[-97.695,30.40298],[-97.69497,30.40294]]},"properties":{"name":"Walnut Creek","creek_type":"NATURAL_ALLUVIAL","reach_id":"WLN-11","watershed":"WLN","feature_kind":"waterway","source":"City of Austin Watershed Protection creek centerlines","retrieved_at":"2026-09-29T00:26:18.548370+00:00","access_claim":"none"}},{"type":"Feature","id":"coa-creek/2356872","geometry":{"type":"LineString","coordinates":[[-97.82091,30.10409],[-97.82088,30.1041],[-97.82071,30.10411],[-97.82046,30.10408],[-97.82041,30.10408],[-97.82035,30.10407],[-97.82032,30.10406],[-97.82025,30.10406],[-97.82013,30.10406],[-97.81995,30.10405],[-97.81978,30.10405],[-97.81974,30.10405],[-97.8197,30.10404],[-97.8197,30.10404],[-97.81969,30.10404],[-97.81968,30.10404],[-97.81967,30.10403],[-97.81956,30.10394],[-97.81953,30.10392],[-97.8195,30.1039],[-97.81944,30.10387],[-97.81942,30.10386],[-97.81939,30.10385],[-97.81937,30.10384],[-97.81934,30.10383],[-97.81931,30.10383],[-97.81928,30.10382],[-97.81925,30.10382],[-97.81921,30.10382],[-97.81914,30.10382],[-97.81909,30.10383],[-97.81897,30.10384],[-97.81887,30.10384],[-97.81875,30.10386],[-97.81869,30.10388],[-97.81863,30.10391],[-97.81859,30.10395],[-97.81856,30.10406],[-97.81852,30.10416],[-97.8185,30.10418],[-97.81847,30.1042],[-97.81841,30.10421],[-97.81838,30.10422],[-97.81836,30.10424],[-97.81827,30.10428],[-97.81821,30.10435],[-97.81819,30.1044],[-97.8182,30.10447],[-97.81821,30.10451],[-97.81825,30.10459],[-97.81826,30.10463],[-97.81824,30.10467],[-97.8181,30.10478],[-97.81803,30.10485],[-97.81797,30.10492],[-97.81794,30.10503],[-97.81791,30.10513],[-97.81777,30.10521]]},"properties":{"name":"Onion Creek","creek_type":"NATURAL_ROCKBED","reach_id":"ONI-10","watershed":"ONI","feature_kind":"waterway","source":"City of Austin Watershed Protection creek centerlines","retrieved_at":"2026-09-29T00:26:18.548370+00:00","access_claim":"none"}},{"type":"Feature","id":"coa-creek/2379618","geometry":{"type":"LineString","coordinates":[[-97.7357,30.39301],[-97.73563,30.393],[-97.73554,30.39299],[-97.73546,30.39297],[-97.73539,30.39298],[-97.73534,30.39299],[-97.73523,30.39302],[-97.73522,30.39303],[-97.73517,30.39303],[-97.73513,30.39303],[-97.73508,30.39304],[-97.735,30.39306],[-97.73492,30.39306],[-97.73487,30.39306],[-97.73483,30.39306],[-97.73479,30.39308],[-97.73471,30.39308],[-97.73466,30.39307],[-97.73458,30.39304]]},"properties":{"name":"Shoal Creek","creek_type":"POND","reach_id":null,"watershed":"SHL","feature_kind":"waterway","source":"City of Austin Watershed Protection creek centerlines","retrieved_at":"2026-09-29T00:26:18.548370+00:00","access_claim":"none"}},{"type":"Feature","id":"coa-creek/2364073","geometry":{"type":"LineString","coordinates":[[-97.79162,30.13382],[-97.79141,30.13371],[-97.79121,30.13358],[-97.79111,30.1335],[-97.79102,30.13342],[-97.79099,30.13333],[-97.79096,30.13321],[-97.79093,30.13304],[-97.79086,30.13295],[-97.79078,30.13287]]},"properties":{"name":"Onion Creek","creek_type":"NATURAL_ROCKBED","reach_id":"ONI-9","watershed":"ONI","feature_kind":"waterway","source":"City of Austin Watershed Protection creek centerlines","retrieved_at":"2026-09-29T00:26:18.548370+00:00","access_claim":"none"}},{"type":"Feature","id":"coa-creek/2361337","geometry":{"type":"LineString","coordinates":[[-97.92554,30.28615],[-97.92556,30.28615],[-97.92558,30.28616],[-97.92562,30.28617],[-97.92564,30.28618],[-97.92567,30.2862],[-97.9257,30.28621],[-97.92573,30.28624],[-97.92575,30.28625],[-97.92578,30.28628],[-97.92579,30.28629],[-97.92581,30.28632],[-97.92582,30.28634],[-97.92585,30.28641],[-97.92591,30.28656],[-97.92601,30.28685],[-97.92605,30.28701],[-97.92607,30.28713],[-97.92607,30.28716],[-97.92607,30.28721],[-97.92606,30.28722],[-97.92605,30.28725],[-97.92604,30.28727],[-97.92596,30.28737],[-97.92592,30.28742],[-97.92587,30.28748]]},"properties":{"name":"Barton Creek","creek_type":"NATURAL_ALLUVIAL","reach_id":null,"watershed":"BAR","feature_kind":"waterway","source":"City of Austin Watershed Protection creek centerlines","retrieved_at":"2026-09-29T00:26:18.548370+00:00","access_claim":"none"}},{"type":"Feature","id":"coa-creek/2339776","geometry":{"type":"LineString","coordinates":[[-97.82466,30.22264],[-97.82466,30.22264],[-97.82462,30.22262],[-97.82457,30.2226],[-97.82452,30.22257],[-97.82447,30.22254],[-97.82442,30.22251],[-97.82438,30.22249],[-97.82431,30.22244],[-97.82422,30.2224],[-97.82381,30.22221],[-97.82368,30.22215],[-97.82357,30.22211],[-97.82326,30.22206],[-97.82316,30.22203],[-97.8231,30.22201],[-97.82306,30.22199],[-97.82304,30.22197],[-97.82296,30.22193],[-97.82294,30.22192],[-97.82292,30.22191],[-97.82291,30.2219],[-97.82289,30.2219],[-97.82285,30.22189],[-97.82281,30.22189],[-97.82276,30.22188],[-97.8227,30.22187],[-97.82268,30.22186],[-97.82265,30.22186],[-97.82263,30.22187],[-97.82261,30.22187],[-97.82259,30.22188],[-97.82257,30.2219],[-97.82253,30.22191],[-97.82249,30.22194],[-97.82245,30.22197],[-97.82241,30.22201],[-97.82224,30.22215],[-97.82217,30.22223],[-97.82205,30.22229],[-97.82201,30.22231],[-97.82195,30.22233],[-97.82187,30.22241],[-97.82182,30.22247],[-97.8218,30.22253],[-97.82169,30.22265],[-97.82156,30.22271],[-97.82141,30.22282],[-97.82126,30.22291],[-97.82118,30.22296],[-97.82113,30.22297],[-97.82111,30.22305],[-97.82106,30.22307],[-97.82102,30.22309],[-97.82085,30.22317],[-97.82061,30.22327],[-97.82043,30.22333],[-97.82031,30.22336],[-97.82005,30.22342],[-97.81994,30.22344],[-97.81979,30.22345],[-97.81962,30.22344],[-97.8195,30.22343],[-97.81926,30.22341],[-97.81913,30.22336],[-97.81908,30.22332],[-97.81906,30.22328],[-97.81905,30.22325],[-97.81904,30.22321],[-97.81894,30.22313],[-97.81888,30.22309],[-97.81887,30.22307],[-97.81887,30.22301],[-97.81882,30.22296],[-97.81876,30.2229],[-97.81865,30.22277],[-97.81863,30.22275],[-97.81861,30.22272],[-97.81859,30.22269],[-97.81857,30.22266],[-97.81855,30.2226],[-97.81852,30.22252],[-97.81844,30.2224],[-97.81842,30.22235],[-97.8184,30.22231],[-97.8184,30.22228],[-97.81841,30.22222],[-97.81838,30.22212],[-97.81836,30.22202],[-97.81827,30.22185],[-97.81821,30.22172],[-97.81813,30.2216],[-97.81807,30.22153],[-97.81802,30.22146],[-97.81796,30.22133],[-97.81789,30.22128],[-97.8178,30.22124],[-97.81756,30.221],[-97.81739,30.22076],[-97.81734,30.22059],[-97.81733,30.22054],[-97.8173,30.2205],[-97.81727,30.22046],[-97.81723,30.22042],[-97.81719,30.22038],[-97.81711,30.22032],[-97.81707,30.22028],[-97.81702,30.22025],[-97.81696,30.22021],[-97.81691,30.22018],[-97.81686,30.22016],[-97.81663,30.22002],[-97.81645,30.21993],[-97.81635,30.21988],[-97.81621,30.21983],[-97.81616,30.21981],[-97.81607,30.21977],[-97.81604,30.21976],[-97.81598,30.21974],[-97.81573,30.21965],[-97.81568,30.21961],[-97.81565,30.21958]]},"properties":{"name":"Williamson Creek","creek_type":"NATURAL_ROCKBED","reach_id":"WMS-11","watershed":"WMS","feature_kind":"waterway","source":"City of Austin Watershed Protection creek centerlines","retrieved_at":"2026-09-29T00:26:18.548370+00:00","access_claim":"none"}},{"type":"Feature","id":"coa-creek/2362432","geometry":{"type":"LineString","coordinates":[[-97.73697,30.44059],[-97.73691,30.44058],[-97.73682,30.44055],[-97.7368,30.44055],[-97.73673,30.44057],[-97.73668,30.44057],[-97.73666,30.44056],[-97.73642,30.44064],[-97.73636,30.44067],[-97.73628,30.44069],[-97.73624,30.44073],[-97.73623,30.44075],[-97.73617,30.44077],[-97.73609,30.44079],[-97.73603,30.44079],[-97.73598,30.4408],[-97.73584,30.44082],[-97.73579,30.44084],[-97.73571,30.44085],[-97.73565,30.44086],[-97.73559,30.44089],[-97.73558,30.44091]]},"properties":{"name":"Walnut Creek","creek_type":"NATURAL_UNCLASSIFIED","reach_id":"WLN-17","watershed":"WLN","feature_kind":"waterway","source":"City of Austin Watershed Protection creek centerlines","retrieved_at":"2026-09-29T00:26:18.548370+00:00","access_claim":"none"}},{"type":"Feature","id":"coa-creek/2375904","geometry":{"type":"LineString","coordinates":[[-97.65,30.32777],[-97.64998,30.32773],[-97.64992,30.32768]]},"properties":{"name":"Walnut Creek","creek_type":"NATURAL_ALLUVIAL","reach_id":"WLN-4","watershed":"WLN","feature_kind":"waterway","source":"City of Austin Watershed Protection creek centerlines","retrieved_at":"2026-09-29T00:26:18.548370+00:00","access_claim":"none"}},{"type":"Feature","id":"coa-creek/2368275","geometry":{"type":"LineString","coordinates":[[-97.73434,30.44122],[-97.73433,30.44123],[-97.73431,30.44125],[-97.73428,30.44126],[-97.73425,30.44126],[-97.73414,30.44124],[-97.73408,30.44125],[-97.73401,30.44126],[-97.73394,30.44125],[-97.7339,30.44124],[-97.7339,30.44124]]},"properties":{"name":"Walnut Creek","creek_type":"NATURAL_UNCLASSIFIED","reach_id":"WLN-17","watershed":"WLN","feature_kind":"waterway","source":"City of Austin Watershed Protection creek centerlines","retrieved_at":"2026-09-29T00:26:18.548370+00:00","access_claim":"none"}},{"type":"Feature","id":"coa-creek/2330042","geometry":{"type":"LineString","coordinates":[[-97.74764,30.33959],[-97.74765,30.33952],[-97.74766,30.33944]]},"properties":{"name":"Shoal Creek","creek_type":"NATURAL_ROCKBED","reach_id":"SHL-11","watershed":"SHL","feature_kind":"waterway","source":"City of Austin Watershed Protection creek centerlines","retrieved_at":"2026-09-29T00:26:18.548370+00:00","access_claim":"none"}},{"type":"Feature","id":"coa-creek/2362232","geometry":{"type":"LineString","coordinates":[[-97.82493,30.1181],[-97.82483,30.11832],[-97.82475,30.11854]]},"properties":{"name":"Onion Creek","creek_type":"NATURAL_ROCKBED","reach_id":"ONI-10","watershed":"ONI","feature_kind":"waterway","source":"City of Austin Watershed Protection creek centerlines","retrieved_at":"2026-09-29T00:26:18.548370+00:00","access_claim":"none"}},{"type":"Feature","id":"coa-creek/2319731","geometry":{"type":"LineString","coordinates":[[-97.67482,30.3884],[-97.67481,30.38841],[-97.67475,30.38846],[-97.67471,30.38849],[-97.67467,30.38851],[-97.67461,30.38854],[-97.67456,30.38855],[-97.67449,30.38856],[-97.67437,30.38857],[-97.67426,30.38857]]},"properties":{"name":"Walnut Creek","creek_type":"NATURAL_ROCKBED","reach_id":"WLN-8","watershed":"WLN","feature_kind":"waterway","source":"City of Austin Watershed Protection creek centerlines","retrieved_at":"2026-09-29T00:26:18.548370+00:00","access_claim":"none"}},{"type":"Feature","id":"coa-creek/2358850","geometry":{"type":"LineString","coordinates":[[-97.86454,30.30047],[-97.86454,30.30043],[-97.86454,30.30038],[-97.86455,30.3003],[-97.86454,30.30015],[-97.86454,30.3001]]},"properties":{"name":"Barton Creek","creek_type":"NATURAL_ALLUVIAL","reach_id":"BAR-8","watershed":"BAR","feature_kind":"waterway","source":"City of Austin Watershed Protection creek centerlines","retrieved_at":"2026-09-29T00:26:18.548370+00:00","access_claim":"none"}},{"type":"Feature","id":"coa-creek/2382277","geometry":{"type":"LineString","coordinates":[[-97.6945,30.17961],[-97.69436,30.17958],[-97.69424,30.17956],[-97.69414,30.17956],[-97.69407,30.17957],[-97.69407,30.17957]]},"properties":{"name":"Onion Creek","creek_type":"NATURAL_ROCKBED","reach_id":"ONI-3","watershed":"ONI","feature_kind":"waterway","source":"City of Austin Watershed Protection creek centerlines","retrieved_at":"2026-09-29T00:26:18.548370+00:00","access_claim":"none"}},{"type":"Feature","id":"coa-creek/2355476","geometry":{"type":"LineString","coordinates":[[-97.6518,30.30334],[-97.65183,30.30329],[-97.65184,30.30326],[-97.65185,30.30321],[-97.65187,30.3031],[-97.65188,30.30301],[-97.6519,30.30298],[-97.65192,30.30297],[-97.65202,30.3029],[-97.65208,30.30287],[-97.65218,30.30282],[-97.6522,30.30282],[-97.65225,30.30281],[-97.65232,30.30282],[-97.65238,30.30281],[-97.65245,30.3028],[-97.65252,30.30277],[-97.65261,30.30271],[-97.65268,30.30267],[-97.65273,30.30264],[-97.65283,30.3026],[-97.65292,30.30256],[-97.65297,30.30253],[-97.65309,30.30246],[-97.65319,30.3024],[-97.65329,30.30233],[-97.65338,30.30226],[-97.65342,30.30221],[-97.65346,30.30218],[-97.65349,30.30216],[-97.65357,30.30213],[-97.65377,30.30209],[-97.65403,30.30204],[-97.65409,30.30203],[-97.65418,30.30199],[-97.65429,30.30194],[-97.65445,30.30185],[-97.65456,30.30179],[-97.65471,30.30171],[-97.65485,30.30165],[-97.65491,30.30163],[-97.65497,30.30161],[-97.6551,30.3016],[-97.65529,30.30159],[-97.65546,30.30158],[-97.65559,30.30156],[-97.65574,30.30154],[-97.65583,30.30151],[-97.65586,30.30149],[-97.65588,30.30146],[-97.65591,30.30143],[-97.65597,30.30133],[-97.65602,30.30126],[-97.65608,30.3012],[-97.65615,30.30115],[-97.65622,30.30111],[-97.65633,30.30103],[-97.65639,30.30101],[-97.65654,30.30095],[-97.65674,30.30085],[-97.65682,30.30081],[-97.65688,30.30076],[-97.65712,30.30061],[-97.65722,30.30056],[-97.65728,30.30054],[-97.65734,30.30054],[-97.65737,30.30056],[-97.65741,30.30061],[-97.65744,30.30065],[-97.6575,30.30068],[-97.65754,30.30072],[-97.65756,30.30075],[-97.65758,30.3008],[-97.65761,30.30089],[-97.65765,30.30097],[-97.65768,30.30101],[-97.65774,30.30106],[-97.6578,30.30108],[-97.65786,30.30109],[-97.65791,30.30109],[-97.65802,30.30108],[-97.65809,30.30109],[-97.65816,30.30109],[-97.65824,30.30111],[-97.6583,30.30112],[-97.65839,30.30115],[-97.65847,30.30119],[-97.65852,30.30121],[-97.65858,30.30121],[-97.65865,30.3012],[-97.65874,30.30118],[-97.65884,30.30114],[-97.6589,30.3011],[-97.65905,30.30101]]},"properties":{"name":"Walnut Creek","creek_type":"NATURAL_ALLUVIAL","reach_id":"WLN-3","watershed":"WLN","feature_kind":"waterway","source":"City of Austin Watershed Protection creek centerlines","retrieved_at":"2026-09-29T00:26:18.548370+00:00","access_claim":"none"}},{"type":"Feature","id":"coa-creek/2365190","geometry":{"type":"LineString","coordinates":[[-97.83164,30.27133],[-97.8316,30.27131],[-97.83153,30.27127]]},"properties":{"name":"Barton Creek","creek_type":"NATURAL_ROCKBED","reach_id":"BAR-6","watershed":"BAR","feature_kind":"waterway","source":"City of Austin Watershed Protection creek centerlines","retrieved_at":"2026-09-29T00:26:18.548370+00:00","access_claim":"none"}},{"type":"Feature","id":"coa-creek/2363690","geometry":{"type":"LineString","coordinates":[[-97.90138,30.2931],[-97.90148,30.29301],[-97.90154,30.29297],[-97.9016,30.2929],[-97.90169,30.29282],[-97.90171,30.29279],[-97.90173,30.29277]]},"properties":{"name":"Barton Creek","creek_type":"NATURAL_ALLUVIAL","reach_id":"BAR-9","watershed":"BAR","feature_kind":"waterway","source":"City of Austin Watershed Protection creek centerlines","retrieved_at":"2026-09-29T00:26:18.548370+00:00","access_claim":"none"}},{"type":"Feature","id":"coa-creek/2360648","geometry":{"type":"LineString","coordinates":[[-97.80242,30.13503],[-97.80126,30.13515]]},"properties":{"name":"Onion Creek","creek_type":"NATURAL_ROCKBED","reach_id":"ONI-9","watershed":"ONI","feature_kind":"waterway","source":"City of Austin Watershed Protection creek centerlines","retrieved_at":"2026-09-29T00:26:18.548370+00:00","access_claim":"none"}},{"type":"Feature","id":"coa-creek/2376546","geometry":{"type":"LineString","coordinates":[[-97.68742,30.39915],[-97.6874,30.39913],[-97.68734,30.39909],[-97.6873,30.39905],[-97.68726,30.39902],[-97.68723,30.39898],[-97.68718,30.39894],[-97.68714,30.39891],[-97.68711,30.39889],[-97.68705,30.39885],[-97.68697,30.39882],[-97.6869,30.39879],[-97.68682,30.39875],[-97.68674,30.39871],[-97.68666,30.39866],[-97.68649,30.39856],[-97.68638,30.39849],[-97.68626,30.39842],[-97.6862,30.39838],[-97.68611,30.39834],[-97.68604,30.39832],[-97.686,30.3983],[-97.68594,30.39829],[-97.68584,30.3983],[-97.68571,30.3983],[-97.68567,30.39831],[-97.68562,30.39831],[-97.68558,30.3983],[-97.68556,30.39829],[-97.68547,30.39826],[-97.68541,30.39823],[-97.68533,30.39821],[-97.68529,30.3982],[-97.68524,30.39817],[-97.68516,30.39813],[-97.6851,30.39809],[-97.68505,30.39806],[-97.68501,30.39802],[-97.68498,30.39801]]},"properties":{"name":"Walnut Creek","creek_type":"NATURAL_ROCKBED","reach_id":"WLN-10","watershed":"WLN","feature_kind":"waterway","source":"City of Austin Watershed Protection creek centerlines","retrieved_at":"2026-09-29T00:26:18.548370+00:00","access_claim":"none"}},{"type":"Feature","id":"coa-creek/2360465","geometry":{"type":"LineString","coordinates":[[-97.77655,30.39582],[-97.77655,30.39578],[-97.77655,30.39565],[-97.77654,30.39555],[-97.77655,30.39544],[-97.7766,30.39529],[-97.77662,30.39516],[-97.77663,30.39509],[-97.77662,30.39497],[-97.77661,30.39491],[-97.77661,30.3948],[-97.77666,30.39455],[-97.77675,30.39428],[-97.77691,30.39391],[-97.77714,30.39341],[-97.77717,30.39336]]},"properties":{"name":"Bull Creek","creek_type":"NATURAL_ALLUVIAL","reach_id":"BUL-7","watershed":"BUL","feature_kind":"waterway","source":"City of Austin Watershed Protection creek centerlines","retrieved_at":"2026-09-29T00:26:18.548370+00:00","access_claim":"none"}},{"type":"Feature","id":"coa-creek/2359710","geometry":{"type":"LineString","coordinates":[[-97.64542,30.18701],[-97.64539,30.18703],[-97.64534,30.18704],[-97.64532,30.18704],[-97.64524,30.18702],[-97.64518,30.18699],[-97.64512,30.18692],[-97.64507,30.18679],[-97.645,30.1865],[-97.64497,30.18639],[-97.64491,30.18634],[-97.64475,30.18624],[-97.64456,30.18611],[-97.64445,30.18602],[-97.64434,30.1859],[-97.64427,30.18579],[-97.64416,30.18561],[-97.64405,30.18544],[-97.64399,30.18537],[-97.64385,30.18527],[-97.64362,30.18512],[-97.64339,30.18499],[-97.6432,30.18489],[-97.643,30.1848],[-97.64278,30.18471],[-97.64266,30.18466],[-97.6426,30.18458],[-97.64243,30.18429],[-97.64233,30.18416],[-97.64217,30.18402],[-97.64206,30.18395],[-97.64181,30.18387],[-97.64122,30.18355],[-97.64067,30.1833],[-97.64033,30.18311],[-97.64026,30.18305],[-97.64024,30.18304]]},"properties":{"name":"Onion Creek","creek_type":"NATURAL_ALLUVIAL","reach_id":"ONI-1","watershed":"ONI","feature_kind":"waterway","source":"City of Austin Watershed Protection creek centerlines","retrieved_at":"2026-09-29T00:26:18.548370+00:00","access_claim":"none"}},{"type":"Feature","id":"coa-creek/2346105","geometry":{"type":"LineString","coordinates":[[-97.73918,30.43928],[-97.73915,30.43931]]},"properties":{"name":"Walnut Creek","creek_type":"UNDERGROUND_CULVERT","reach_id":"WLN-17","watershed":"WLN","feature_kind":"waterway","source":"City of Austin Watershed Protection creek centerlines","retrieved_at":"2026-09-29T00:26:18.548370+00:00","access_claim":"none"}},{"type":"Feature","id":"coa-creek/2380795","geometry":{"type":"LineString","coordinates":[[-97.82444,30.12092],[-97.82441,30.1211],[-97.82415,30.12185],[-97.82383,30.12296],[-97.82375,30.12322],[-97.82367,30.12343],[-97.82359,30.12362],[-97.82355,30.12371],[-97.82349,30.12383],[-97.82338,30.12405],[-97.82331,30.12422],[-97.82323,30.12437],[-97.82317,30.12452],[-97.82314,30.12459]]},"properties":{"name":"Onion Creek","creek_type":"NATURAL_ROCKBED","reach_id":"ONI-10","watershed":"ONI","feature_kind":"waterway","source":"City of Austin Watershed Protection creek centerlines","retrieved_at":"2026-09-29T00:26:18.548370+00:00","access_claim":"none"}},{"type":"Feature","id":"coa-creek/2365713","geometry":{"type":"LineString","coordinates":[[-97.78043,30.15335],[-97.78044,30.15338]]},"properties":{"name":"Onion Creek","creek_type":"NATURAL_ROCKBED","reach_id":"ONI-9","watershed":"ONI","feature_kind":"waterway","source":"City of Austin Watershed Protection creek centerlines","retrieved_at":"2026-09-29T00:26:18.548370+00:00","access_claim":"none"}},{"type":"Feature","id":"coa-creek/2371484","geometry":{"type":"LineString","coordinates":[[-97.74613,30.32606],[-97.74609,30.32598],[-97.74604,30.32586],[-97.74592,30.32565],[-97.74586,30.32543],[-97.74585,30.32525],[-97.74582,30.32502],[-97.74576,30.32474],[-97.74575,30.32459],[-97.7458,30.32418],[-97.7458,30.324],[-97.7458,30.32378],[-97.74587,30.32355],[-97.74594,30.32325],[-97.7459,30.32315],[-97.74588,30.32306],[-97.74586,30.32295],[-97.74578,30.32275],[-97.74572,30.32265],[-97.74557,30.32242],[-97.74541,30.32213],[-97.74529,30.32178],[-97.74524,30.32163],[-97.74525,30.32155],[-97.74525,30.32151],[-97.74523,30.32145],[-97.74518,30.32131],[-97.74516,30.32119],[-97.74517,30.32113],[-97.74518,30.32105],[-97.74524,30.32089],[-97.7453,30.32083],[-97.74538,30.32061],[-97.74544,30.32048],[-97.74549,30.32042],[-97.74571,30.3202],[-97.74577,30.32014],[-97.74585,30.32009],[-97.74586,30.32006]]},"properties":{"name":"Shoal Creek","creek_type":"NATURAL_ROCKBED","reach_id":"SHL-9","watershed":"SHL","feature_kind":"waterway","source":"City of Austin Watershed Protection creek centerlines","retrieved_at":"2026-09-29T00:26:18.548370+00:00","access_claim":"none"}},{"type":"Feature","id":"coa-creek/2327652","geometry":{"type":"LineString","coordinates":[[-97.88941,30.2457],[-97.88938,30.24567],[-97.88933,30.24561],[-97.88932,30.2456]]},"properties":{"name":"Williamson Creek","creek_type":"UNDERGROUND_CULVERT","reach_id":"WMS-13","watershed":"WMS","feature_kind":"waterway","source":"City of Austin Watershed Protection creek centerlines","retrieved_at":"2026-09-29T00:26:18.548370+00:00","access_claim":"none"}},{"type":"Feature","id":"coa-creek/2363701","geometry":{"type":"LineString","coordinates":[[-97.83271,30.22334],[-97.83267,30.22336],[-97.83264,30.22337],[-97.83262,30.22338],[-97.8326,30.2234],[-97.83257,30.22342],[-97.83254,30.22344],[-97.83251,30.22347],[-97.83245,30.22354],[-97.8324,30.22361],[-97.83238,30.22369],[-97.83236,30.22377],[-97.83235,30.2238],[-97.83232,30.22385],[-97.83229,30.22388],[-97.83227,30.2239],[-97.83225,30.22393],[-97.83222,30.22396],[-97.83218,30.22399],[-97.83208,30.22405],[-97.83204,30.22408],[-97.83201,30.22411],[-97.83192,30.22419],[-97.8319,30.22421],[-97.83189,30.22422],[-97.83181,30.22425],[-97.83177,30.22428],[-97.83172,30.22431],[-97.83168,30.22433],[-97.8316,30.22436],[-97.83154,30.22439],[-97.83136,30.22448],[-97.83121,30.22455],[-97.83115,30.22459],[-97.83111,30.22461],[-97.83108,30.22463],[-97.83105,30.22464],[-97.83103,30.22465],[-97.83102,30.22466],[-97.83101,30.22466],[-97.83093,30.22469],[-97.8309,30.2247],[-97.83087,30.22471],[-97.83083,30.22471],[-97.83078,30.22471],[-97.83072,30.22472],[-97.8307,30.22472],[-97.83067,30.22472],[-97.83064,30.22472],[-97.83062,30.22472],[-97.83058,30.22473],[-97.83048,30.22473],[-97.8303,30.22471],[-97.83009,30.22469],[-97.83004,30.22468],[-97.82992,30.22467],[-97.82985,30.22466],[-97.82979,30.22464],[-97.82974,30.22464],[-97.82972,30.22464],[-97.82969,30.22463],[-97.82966,30.22462],[-97.82956,30.22459],[-97.82949,30.22459],[-97.82941,30.22459],[-97.82934,30.22458],[-97.82931,30.22457],[-97.82928,30.22457],[-97.82922,30.22457],[-97.82913,30.22455],[-97.82891,30.22451],[-97.82885,30.2245],[-97.82867,30.22447],[-97.82861,30.22447]]},"properties":{"name":"Williamson Creek","creek_type":"NATURAL_ROCKBED","reach_id":"WMS-11","watershed":"WMS","feature_kind":"waterway","source":"City of Austin Watershed Protection creek centerlines","retrieved_at":"2026-09-29T00:26:18.548370+00:00","access_claim":"none"}},{"type":"Feature","id":"coa-creek/2366730","geometry":{"type":"LineString","coordinates":[[-97.84757,30.28747],[-97.84757,30.28746],[-97.84773,30.28733],[-97.8478,30.28728],[-97.84788,30.28723]]},"properties":{"name":"Barton Creek","creek_type":"NATURAL_ROCKBED","reach_id":"BAR-7","watershed":"BAR","feature_kind":"waterway","source":"City of Austin Watershed Protection creek centerlines","retrieved_at":"2026-09-29T00:26:18.548370+00:00","access_claim":"none"}},{"type":"Feature","id":"coa-creek/2363185","geometry":{"type":"LineString","coordinates":[[-97.92694,30.29539],[-97.92694,30.29539],[-97.92693,30.2954],[-97.92691,30.29543],[-97.92691,30.29544],[-97.9269,30.29544],[-97.9269,30.29545],[-97.9269,30.29546],[-97.92689,30.29547],[-97.92689,30.29548],[-97.92689,30.29549],[-97.92688,30.29555],[-97.92688,30.29556]]},"properties":{"name":"Barton Creek","creek_type":"NATURAL_ALLUVIAL","reach_id":null,"watershed":"BAR","feature_kind":"waterway","source":"City of Austin Watershed Protection creek centerlines","retrieved_at":"2026-09-29T00:26:18.548370+00:00","access_claim":"none"}},{"type":"Feature","id":"coa-creek/2362014","geometry":{"type":"LineString","coordinates":[[-97.91366,30.2456],[-97.91362,30.24557],[-97.91358,30.24552],[-97.91356,30.24549]]},"properties":{"name":"Williamson Creek","creek_type":"UNDERGROUND_CULVERT","reach_id":null,"watershed":"WMS","feature_kind":"waterway","source":"City of Austin Watershed Protection creek centerlines","retrieved_at":"2026-09-29T00:26:18.548370+00:00","access_claim":"none"}},{"type":"Feature","id":"coa-creek/2340564","geometry":{"type":"LineString","coordinates":[[-97.83964,30.39519],[-97.8396,30.39518],[-97.83946,30.39517],[-97.83935,30.39516],[-97.83928,30.39515],[-97.83916,30.39513],[-97.83906,30.39512],[-97.83896,30.39509],[-97.83888,30.39508],[-97.83881,30.39508],[-97.83875,30.39509],[-97.83865,30.39513],[-97.83858,30.39515],[-97.83846,30.39519],[-97.83837,30.39522],[-97.83821,30.39528],[-97.83817,30.39531],[-97.83814,30.39536],[-97.83808,30.3954],[-97.83805,30.39542],[-97.83799,30.39543],[-97.83795,30.39546],[-97.83783,30.39548],[-97.83775,30.3955],[-97.8377,30.39551],[-97.83766,30.39553]]},"properties":{"name":"Bull Creek","creek_type":"NATURAL_UNCLASSIFIED","reach_id":null,"watershed":"BUL","feature_kind":"waterway","source":"City of Austin Watershed Protection creek centerlines","retrieved_at":"2026-09-29T00:26:18.548370+00:00","access_claim":"none"}},{"type":"Feature","id":"coa-creek/2348517","geometry":{"type":"LineString","coordinates":[[-97.95858,30.26927],[-97.95843,30.26923],[-97.95842,30.26923],[-97.95826,30.26921],[-97.95817,30.26919],[-97.958,30.26918],[-97.9578,30.26917],[-97.95757,30.26916],[-97.95742,30.26916],[-97.95734,30.26916],[-97.95725,30.26916],[-97.9572,30.26916],[-97.95714,30.26917],[-97.95709,30.26918],[-97.95701,30.26919],[-97.957,30.26919],[-97.95699,30.26919]]},"properties":{"name":"Barton Creek","creek_type":"NATURAL_UNCLASSIFIED","reach_id":null,"watershed":"BAR","feature_kind":"waterway","source":"City of Austin Watershed Protection creek centerlines","retrieved_at":"2026-09-29T00:26:18.548370+00:00","access_claim":"none"}},{"type":"Feature","id":"coa-creek/2374939","geometry":{"type":"LineString","coordinates":[[-97.77239,30.26366],[-97.77235,30.26368],[-97.77187,30.26359],[-97.77113,30.26368],[-97.77085,30.26374],[-97.76939,30.264]]},"properties":{"name":"Barton Creek","creek_type":"NATURAL_ROCKBED","reach_id":"BAR-2","watershed":"BAR","feature_kind":"waterway","source":"City of Austin Watershed Protection creek centerlines","retrieved_at":"2026-09-29T00:26:18.548370+00:00","access_claim":"none"}},{"type":"Feature","id":"coa-creek/2358780","geometry":{"type":"LineString","coordinates":[[-97.85089,30.2854],[-97.85097,30.28533],[-97.8512,30.28513],[-97.85168,30.28462],[-97.85187,30.28443],[-97.85191,30.2844],[-97.85195,30.28435],[-97.85197,30.28433],[-97.85202,30.28424],[-97.85206,30.28418],[-97.85214,30.28404],[-97.85222,30.28387],[-97.8523,30.28371],[-97.85231,30.28368]]},"properties":{"name":"Barton Creek","creek_type":"NATURAL_ROCKBED","reach_id":"BAR-7","watershed":"BAR","feature_kind":"waterway","source":"City of Austin Watershed Protection creek centerlines","retrieved_at":"2026-09-29T00:26:18.548370+00:00","access_claim":"none"}},{"type":"Feature","id":"coa-creek/2320694","geometry":{"type":"LineString","coordinates":[[-97.78032,30.15254],[-97.78032,30.15269],[-97.78028,30.15284],[-97.78028,30.15292],[-97.78039,30.15324]]},"properties":{"name":"Onion Creek","creek_type":"NATURAL_ROCKBED","reach_id":"ONI-9","watershed":"ONI","feature_kind":"waterway","source":"City of Austin Watershed Protection creek centerlines","retrieved_at":"2026-09-29T00:26:18.548370+00:00","access_claim":"none"}},{"type":"Feature","id":"coa-creek/2332209","geometry":{"type":"LineString","coordinates":[[-97.81808,30.10648],[-97.81809,30.10649],[-97.81813,30.10655],[-97.81817,30.10661],[-97.81819,30.10663],[-97.81821,30.10668],[-97.81823,30.1067],[-97.81824,30.10672],[-97.81826,30.10675],[-97.81828,30.10677],[-97.81831,30.10679],[-97.81836,30.10683],[-97.8184,30.10687],[-97.81843,30.10689],[-97.81849,30.10693],[-97.81852,30.10695],[-97.81856,30.10698],[-97.81866,30.10705],[-97.8188,30.10717],[-97.81883,30.10719],[-97.8189,30.10726],[-97.81893,30.10729],[-97.81896,30.10731],[-97.81899,30.10734],[-97.81902,30.10736],[-97.81906,30.10739],[-97.8191,30.10741],[-97.81918,30.10745],[-97.81921,30.10747],[-97.81925,30.1075],[-97.81928,30.10752],[-97.81931,30.10755],[-97.81934,30.10758],[-97.81941,30.10763],[-97.81946,30.10767],[-97.8195,30.10771],[-97.81953,30.10774],[-97.81968,30.10785],[-97.81987,30.10799],[-97.81994,30.10803],[-97.82001,30.10807],[-97.82009,30.10812],[-97.82014,30.10817],[-97.82018,30.10823],[-97.82024,30.10835],[-97.82029,30.10842],[-97.82034,30.10847],[-97.8204,30.10848],[-97.82046,30.1085]]},"properties":{"name":"Onion Creek","creek_type":"NATURAL_ROCKBED","reach_id":"ONI-10","watershed":"ONI","feature_kind":"waterway","source":"City of Austin Watershed Protection creek centerlines","retrieved_at":"2026-09-29T00:26:18.548370+00:00","access_claim":"none"}},{"type":"Feature","id":"coa-creek/2361770","geometry":{"type":"LineString","coordinates":[[-97.92048,30.28777],[-97.9203,30.2877],[-97.92028,30.28769]]},"properties":{"name":"Barton Creek","creek_type":"NATURAL_ALLUVIAL","reach_id":null,"watershed":"BAR","feature_kind":"waterway","source":"City of Austin Watershed Protection creek centerlines","retrieved_at":"2026-09-29T00:26:18.548370+00:00","access_claim":"none"}},{"type":"Feature","id":"coa-creek/2326850","geometry":{"type":"LineString","coordinates":[[-97.90672,30.24227],[-97.9067,30.24225],[-97.90665,30.24222],[-97.90661,30.24219]]},"properties":{"name":"Williamson Creek","creek_type":"UNDERGROUND_CULVERT","reach_id":null,"watershed":"WMS","feature_kind":"waterway","source":"City of Austin Watershed Protection creek centerlines","retrieved_at":"2026-09-29T00:26:18.548370+00:00","access_claim":"none"}},{"type":"Feature","id":"coa-creek/2382522","geometry":{"type":"LineString","coordinates":[[-97.74653,30.33093],[-97.74652,30.33091],[-97.74645,30.3308],[-97.74639,30.33071],[-97.74637,30.33066],[-97.74634,30.33056],[-97.74635,30.33047],[-97.74636,30.3304],[-97.74638,30.33036],[-97.74644,30.3303],[-97.74651,30.33022],[-97.74686,30.32989],[-97.7469,30.32983],[-97.74694,30.32978],[-97.74695,30.3297],[-97.74702,30.32921],[-97.74707,30.32837],[-97.74705,30.32821],[-97.74701,30.32793],[-97.74699,30.32769],[-97.747,30.32758],[-97.74697,30.32745],[-97.74693,30.32732],[-97.74692,30.3272],[-97.7469,30.3271],[-97.74684,30.32701],[-97.74681,30.32696],[-97.74668,30.3268],[-97.74646,30.32656],[-97.74633,30.32644],[-97.74629,30.3264],[-97.74618,30.32628]]},"properties":{"name":"Shoal Creek","creek_type":"NATURAL_ROCKBED","reach_id":"SHL-9","watershed":"SHL","feature_kind":"waterway","source":"City of Austin Watershed Protection creek centerlines","retrieved_at":"2026-09-29T00:26:18.548370+00:00","access_claim":"none"}},{"type":"Feature","id":"coa-creek/2327339","geometry":{"type":"LineString","coordinates":[[-97.91816,30.24734],[-97.91816,30.24734],[-97.91811,30.24733],[-97.91803,30.24731],[-97.91799,30.2473],[-97.91795,30.24728]]},"properties":{"name":"Williamson Creek","creek_type":"NATURAL_UNCLASSIFIED","reach_id":null,"watershed":"WMS","feature_kind":"waterway","source":"City of Austin Watershed Protection creek centerlines","retrieved_at":"2026-09-29T00:26:18.548370+00:00","access_claim":"none"}},{"type":"Feature","id":"coa-creek/2364620","geometry":{"type":"LineString","coordinates":[[-97.74744,30.30603],[-97.74745,30.30599],[-97.74748,30.30591],[-97.7475,30.30585],[-97.74753,30.30577],[-97.74756,30.30571],[-97.74758,30.30566],[-97.74761,30.30563],[-97.74773,30.3055],[-97.74781,30.30543],[-97.74788,30.30538],[-97.74808,30.30516],[-97.74832,30.305],[-97.74849,30.30492],[-97.74855,30.30489],[-97.74858,30.30488],[-97.74862,30.30486],[-97.74864,30.30485],[-97.7487,30.30482],[-97.74875,30.30477],[-97.74881,30.3047],[-97.74885,30.30465],[-97.74895,30.30455],[-97.74914,30.30435],[-97.7492,30.30428],[-97.74925,30.30421],[-97.74927,30.30416],[-97.74936,30.30398],[-97.74944,30.30381],[-97.74954,30.30364],[-97.74965,30.30347],[-97.74981,30.30328],[-97.74988,30.30317],[-97.7499,30.30313],[-97.74993,30.3031],[-97.74998,30.30302],[-97.74999,30.30301],[-97.75001,30.30298],[-97.75002,30.30294],[-97.75005,30.30286],[-97.75007,30.30281],[-97.75009,30.30277],[-97.75011,30.30274],[-97.75008,30.3027],[-97.75005,30.30268],[-97.75002,30.30265],[-97.74998,30.30263],[-97.74993,30.3026],[-97.74989,30.30258],[-97.74987,30.30257],[-97.74984,30.30256],[-97.74981,30.30255],[-97.74976,30.30252],[-97.74972,30.30251]]},"properties":{"name":"Shoal Creek","creek_type":"NATURAL_ALLUVIAL","reach_id":"SHL-7A","watershed":"SHL","feature_kind":"waterway","source":"City of Austin Watershed Protection creek centerlines","retrieved_at":"2026-09-29T00:26:18.548370+00:00","access_claim":"none"}},{"type":"Feature","id":"coa-creek/2327887","geometry":{"type":"LineString","coordinates":[[-97.89913,30.24634],[-97.89913,30.24634],[-97.89894,30.2464],[-97.89886,30.24646],[-97.89885,30.24647],[-97.89882,30.24649],[-97.89879,30.2465],[-97.89876,30.24653],[-97.89873,30.24656],[-97.89872,30.24659],[-97.8987,30.24662],[-97.89868,30.24666],[-97.89866,30.24671],[-97.89864,30.24677],[-97.89864,30.24682],[-97.89863,30.24686],[-97.89854,30.24713],[-97.89852,30.24733],[-97.8985,30.24751],[-97.89848,30.24756],[-97.89847,30.2476],[-97.89845,30.24763],[-97.89844,30.24767],[-97.89843,30.24771],[-97.8984,30.24774],[-97.89837,30.24778],[-97.89834,30.24781],[-97.89831,30.24782],[-97.89827,30.24784],[-97.89823,30.24785],[-97.89819,30.24786],[-97.89814,30.24789],[-97.89809,30.24791],[-97.89802,30.24794],[-97.89795,30.24796],[-97.8979,30.24798],[-97.89784,30.248],[-97.8978,30.248],[-97.89775,30.24802],[-97.8977,30.24805],[-97.89766,30.24805],[-97.89731,30.24811],[-97.89725,30.24812],[-97.89717,30.2481]]},"properties":{"name":"Williamson Creek","creek_type":"NATURAL_UNCLASSIFIED","reach_id":null,"watershed":"WMS","feature_kind":"waterway","source":"City of Austin Watershed Protection creek centerlines","retrieved_at":"2026-09-29T00:26:18.548370+00:00","access_claim":"none"}},{"type":"Feature","id":"coa-creek/2365058","geometry":{"type":"LineString","coordinates":[[-97.93226,30.27902],[-97.93226,30.27904],[-97.93226,30.27906]]},"properties":{"name":"Barton Creek","creek_type":"NATURAL_UNCLASSIFIED","reach_id":null,"watershed":"BAR","feature_kind":"waterway","source":"City of Austin Watershed Protection creek centerlines","retrieved_at":"2026-09-29T00:26:18.548370+00:00","access_claim":"none"}},{"type":"Feature","id":"coa-creek/2349592","geometry":{"type":"LineString","coordinates":[[-97.90436,30.2422],[-97.90434,30.2422]]},"properties":{"name":"Williamson Creek","creek_type":"NATURAL_UNCLASSIFIED","reach_id":null,"watershed":"WMS","feature_kind":"waterway","source":"City of Austin Watershed Protection creek centerlines","retrieved_at":"2026-09-29T00:26:18.548370+00:00","access_claim":"none"}},{"type":"Feature","id":"coa-creek/2360940","geometry":{"type":"LineString","coordinates":[[-97.88421,30.28697],[-97.8842,30.28696],[-97.88418,30.28691],[-97.88414,30.28685],[-97.88412,30.28681],[-97.88409,30.28677],[-97.88407,30.28676],[-97.88406,30.28675],[-97.88402,30.28672],[-97.884,30.28671],[-97.88382,30.28664],[-97.88377,30.28662],[-97.88359,30.28657],[-97.88348,30.28655],[-97.88331,30.28653],[-97.88319,30.28652]]},"properties":{"name":"Barton Creek","creek_type":"NATURAL_ALLUVIAL","reach_id":"BAR-9","watershed":"BAR","feature_kind":"waterway","source":"City of Austin Watershed Protection creek centerlines","retrieved_at":"2026-09-29T00:26:18.548370+00:00","access_claim":"none"}},{"type":"Feature","id":"coa-creek/2361229","geometry":{"type":"LineString","coordinates":[[-97.91961,30.29003],[-97.9197,30.29008],[-97.91975,30.29011],[-97.91979,30.29014],[-97.91982,30.29016],[-97.91988,30.29021],[-97.91994,30.29027],[-97.91998,30.29029],[-97.92,30.29031],[-97.92002,30.29032],[-97.92002,30.29032],[-97.92021,30.29041],[-97.92022,30.29041],[-97.92048,30.29051],[-97.92049,30.29052],[-97.92058,30.29056],[-97.92068,30.29061],[-97.92074,30.29065],[-97.92096,30.29079],[-97.92104,30.29083],[-97.92115,30.29088],[-97.92124,30.29092],[-97.92128,30.29094],[-97.92135,30.29096],[-97.92143,30.29098],[-97.92153,30.29101],[-97.92162,30.29103],[-97.92187,30.29108],[-97.92204,30.29111],[-97.92222,30.29115],[-97.92232,30.29116],[-97.92246,30.29118],[-97.92259,30.2912],[-97.92283,30.29123],[-97.92302,30.29125],[-97.92311,30.29126],[-97.92315,30.29127],[-97.92321,30.29128],[-97.92328,30.2913],[-97.92331,30.29131],[-97.92333,30.29131],[-97.92335,30.29131],[-97.92338,30.29131],[-97.92341,30.2913],[-97.92343,30.2913],[-97.92347,30.29128],[-97.92351,30.29127],[-97.92354,30.29126],[-97.92355,30.29126],[-97.92357,30.29125],[-97.92358,30.29125]]},"properties":{"name":"Barton Creek","creek_type":"NATURAL_ALLUVIAL","reach_id":null,"watershed":"BAR","feature_kind":"waterway","source":"City of Austin Watershed Protection creek centerlines","retrieved_at":"2026-09-29T00:26:18.548370+00:00","access_claim":"none"}},{"type":"Feature","id":"coa-creek/2356855","geometry":{"type":"LineString","coordinates":[[-97.88932,30.2456],[-97.88928,30.24559],[-97.88913,30.24557],[-97.8891,30.24556]]},"properties":{"name":"Williamson Creek","creek_type":"NATURAL_ROCKBED","reach_id":"WMS-13","watershed":"WMS","feature_kind":"waterway","source":"City of Austin Watershed Protection creek centerlines","retrieved_at":"2026-09-29T00:26:18.548370+00:00","access_claim":"none"}},{"type":"Feature","id":"coa-creek/2339423","geometry":{"type":"LineString","coordinates":[[-97.82548,30.11669],[-97.82533,30.11691],[-97.8253,30.11697],[-97.82527,30.11702],[-97.82524,30.11711],[-97.82523,30.11725],[-97.82518,30.11748],[-97.82513,30.11767],[-97.82493,30.1181]]},"properties":{"name":"Onion Creek","creek_type":"NATURAL_ROCKBED","reach_id":"ONI-10","watershed":"ONI","feature_kind":"waterway","source":"City of Austin Watershed Protection creek centerlines","retrieved_at":"2026-09-29T00:26:18.548370+00:00","access_claim":"none"}},{"type":"Feature","id":"coa-creek/2319961","geometry":{"type":"LineString","coordinates":[[-97.66884,30.16895],[-97.6688,30.16895],[-97.66853,30.16895],[-97.66836,30.16898],[-97.66822,30.169],[-97.66809,30.16901],[-97.66789,30.16901]]},"properties":{"name":"Onion Creek","creek_type":"NATURAL_ALLUVIAL","reach_id":"ONI-2","watershed":"ONI","feature_kind":"waterway","source":"City of Austin Watershed Protection creek centerlines","retrieved_at":"2026-09-29T00:26:18.548370+00:00","access_claim":"none"}},{"type":"Feature","id":"coa-creek/2344096","geometry":{"type":"LineString","coordinates":[[-97.74477,30.24601],[-97.74477,30.24603],[-97.74472,30.24612]]},"properties":{"name":"Blunn Creek","creek_type":"UNDERGROUND_CULVERT","reach_id":"BLU-2","watershed":"BLU","feature_kind":"waterway","source":"City of Austin Watershed Protection creek centerlines","retrieved_at":"2026-09-29T00:26:18.548370+00:00","access_claim":"none"}},{"type":"Feature","id":"coa-creek/2367333","geometry":{"type":"LineString","coordinates":[[-97.78544,30.36828],[-97.78528,30.36801],[-97.78512,30.3678],[-97.78499,30.36754],[-97.78494,30.36735],[-97.78492,30.36712],[-97.78494,30.36694],[-97.78502,30.3667],[-97.7852,30.36642],[-97.78541,30.36626],[-97.78557,30.36613],[-97.78561,30.36613],[-97.78565,30.36615],[-97.7857,30.36618],[-97.78579,30.36621],[-97.78598,30.36625],[-97.78627,30.3663],[-97.78649,30.36632],[-97.78678,30.36633],[-97.78706,30.36634],[-97.78721,30.36637]]},"properties":{"name":"Bull Creek","creek_type":"NATURAL_ROCKBED","reach_id":"BUL-2","watershed":"BUL","feature_kind":"waterway","source":"City of Austin Watershed Protection creek centerlines","retrieved_at":"2026-09-29T00:26:18.548370+00:00","access_claim":"none"}},{"type":"Feature","id":"coa-creek/2330914","geometry":{"type":"LineString","coordinates":[[-97.82191,30.41421],[-97.82185,30.41427],[-97.82183,30.41437],[-97.8218,30.41443],[-97.82176,30.4145],[-97.82173,30.41456],[-97.82167,30.41463],[-97.82163,30.41472],[-97.82158,30.41478],[-97.82153,30.41486],[-97.82148,30.41494],[-97.82142,30.41501],[-97.82135,30.4151],[-97.82132,30.41514],[-97.82125,30.41522],[-97.82119,30.41528],[-97.82112,30.41535],[-97.82105,30.4154],[-97.82096,30.41547],[-97.82089,30.4155],[-97.82082,30.41554],[-97.82078,30.41557],[-97.8207,30.41561],[-97.8206,30.41567],[-97.82054,30.41572],[-97.82048,30.41575],[-97.82041,30.41579],[-97.82033,30.41582],[-97.82029,30.41585],[-97.82022,30.41587],[-97.82015,30.4159],[-97.82007,30.41594],[-97.81995,30.41598],[-97.81988,30.41599],[-97.81977,30.41601],[-97.81968,30.41603],[-97.81958,30.41605],[-97.8195,30.41606],[-97.81939,30.41609],[-97.81933,30.41612],[-97.81925,30.41615],[-97.81915,30.41618],[-97.819,30.41622],[-97.81874,30.41626],[-97.81863,30.41626],[-97.81845,30.41625],[-97.81833,30.41626],[-97.81793,30.41637],[-97.81768,30.41642],[-97.81749,30.41651],[-97.8173,30.41659],[-97.81713,30.41673],[-97.81681,30.417],[-97.81666,30.41715],[-97.8164,30.41735]]},"properties":{"name":"Bull Creek","creek_type":"NATURAL_ALLUVIAL","reach_id":"BUL-11","watershed":"BUL","feature_kind":"waterway","source":"City of Austin Watershed Protection creek centerlines","retrieved_at":"2026-09-29T00:26:18.548370+00:00","access_claim":"none"}},{"type":"Feature","id":"coa-creek/2335188","geometry":{"type":"LineString","coordinates":[[-97.6894,30.17787],[-97.68939,30.17786],[-97.6893,30.17784],[-97.68916,30.17783],[-97.68905,30.17784],[-97.68884,30.17783],[-97.68871,30.17782],[-97.68865,30.17782],[-97.68858,30.17783],[-97.68854,30.17786],[-97.68851,30.1779],[-97.68848,30.17797],[-97.68844,30.17804],[-97.68841,30.1781],[-97.68836,30.17815],[-97.68828,30.1782],[-97.6882,30.17829],[-97.68815,30.17833],[-97.68809,30.17835],[-97.68803,30.17834],[-97.68797,30.17831],[-97.68791,30.1783],[-97.68776,30.17828],[-97.68769,30.17826],[-97.68759,30.17824],[-97.6875,30.17823],[-97.68739,30.17821],[-97.6873,30.17821],[-97.68712,30.17819],[-97.68702,30.17818],[-97.68692,30.17817],[-97.68683,30.17815],[-97.68675,30.17814],[-97.68663,30.17813],[-97.68651,30.1781],[-97.6864,30.17805],[-97.68633,30.178],[-97.68628,30.17793],[-97.68622,30.17786],[-97.68618,30.1778],[-97.68615,30.17776],[-97.68612,30.17774],[-97.68608,30.17773],[-97.68586,30.17765],[-97.68569,30.17758],[-97.68553,30.17752],[-97.68533,30.17744],[-97.68521,30.17739],[-97.68515,30.17735],[-97.68508,30.17729],[-97.68502,30.17723],[-97.68496,30.17717],[-97.68491,30.17711],[-97.68481,30.17701],[-97.68468,30.1769],[-97.68448,30.17673],[-97.68427,30.17656],[-97.68417,30.17649],[-97.68414,30.17645],[-97.68411,30.17642],[-97.68411,30.17641],[-97.6841,30.17638],[-97.6841,30.17633],[-97.68412,30.17628],[-97.68416,30.17625],[-97.68419,30.17622],[-97.68421,30.17619],[-97.68422,30.17614],[-97.68425,30.17609],[-97.68432,30.17604],[-97.68443,30.17594],[-97.6845,30.1759],[-97.68458,30.17584],[-97.68463,30.17576],[-97.68464,30.17567],[-97.6846,30.17556],[-97.68453,30.17548],[-97.68445,30.17543],[-97.68439,30.17541],[-97.68434,30.1754],[-97.6843,30.17539],[-97.68423,30.17537],[-97.68415,30.17535],[-97.684,30.17533],[-97.68381,30.17534],[-97.6837,30.17537],[-97.68359,30.17538],[-97.68352,30.17536],[-97.68342,30.17531],[-97.68318,30.17522],[-97.68307,30.17519],[-97.68295,30.17516],[-97.6828,30.17514],[-97.68257,30.17511],[-97.68233,30.17509],[-97.68219,30.17508],[-97.68188,30.17507],[-97.68165,30.17505],[-97.68163,30.17505]]},"properties":{"name":"Onion Creek","creek_type":"NATURAL_UNCLASSIFIED","reach_id":"ONI-2","watershed":"ONI","feature_kind":"waterway","source":"City of Austin Watershed Protection creek centerlines","retrieved_at":"2026-09-29T00:26:18.548370+00:00","access_claim":"none"}},{"type":"Feature","id":"coa-creek/2354549","geometry":{"type":"LineString","coordinates":[[-97.73483,30.3833],[-97.73489,30.38317],[-97.73509,30.38265],[-97.73532,30.38202],[-97.73536,30.38188],[-97.73536,30.38171]]},"properties":{"name":"Shoal Creek","creek_type":"POND","reach_id":null,"watershed":"SHL","feature_kind":"waterway","source":"City of Austin Watershed Protection creek centerlines","retrieved_at":"2026-09-29T00:26:18.548370+00:00","access_claim":"none"}},{"type":"Feature","id":"coa-creek/2338582","geometry":{"type":"LineString","coordinates":[[-97.76089,30.20128],[-97.76086,30.20126],[-97.76071,30.20124],[-97.7606,30.20118],[-97.76043,30.20104],[-97.76036,30.20098],[-97.7603,30.20091],[-97.76026,30.20087],[-97.76014,30.20081]]},"properties":{"name":"Williamson Creek","creek_type":"NATURAL_ALLUVIAL","reach_id":"WMS-5","watershed":"WMS","feature_kind":"waterway","source":"City of Austin Watershed Protection creek centerlines","retrieved_at":"2026-09-29T00:26:18.548370+00:00","access_claim":"none"}},{"type":"Feature","id":"coa-creek/2368278","geometry":{"type":"LineString","coordinates":[[-97.73307,30.44069],[-97.73304,30.44068],[-97.73302,30.44066],[-97.73296,30.44058],[-97.73296,30.44058]]},"properties":{"name":"Walnut Creek","creek_type":"NATURAL_UNCLASSIFIED","reach_id":"WLN-17","watershed":"WLN","feature_kind":"waterway","source":"City of Austin Watershed Protection creek centerlines","retrieved_at":"2026-09-29T00:26:18.548370+00:00","access_claim":"none"}},{"type":"Feature","id":"coa-creek/2375025","geometry":{"type":"LineString","coordinates":[[-97.70993,30.41588],[-97.70996,30.41589],[-97.71,30.4159],[-97.71006,30.41592],[-97.71011,30.41593],[-97.71014,30.41593],[-97.71018,30.41594],[-97.71023,30.41594],[-97.71027,30.41593]]},"properties":{"name":"Walnut Creek","creek_type":"NATURAL_ROCKBED","reach_id":"WLN-14","watershed":"WLN","feature_kind":"waterway","source":"City of Austin Watershed Protection creek centerlines","retrieved_at":"2026-09-29T00:26:18.548370+00:00","access_claim":"none"}}]}
