{"type":"FeatureCollection","features":[{"type":"Feature","id":616,"geometry":{"type":"Polygon","coordinates":[[[-98.4530213217813,31.30892991065157],[-98.45301345433604,31.31029121677231],[-98.45361434012453,31.313329477159925],[-98.45541309790336,31.314861860958885],[-98.45753140798833,31.3159871005416],[-98.4578735556188,31.31715925679255],[-98.45938492077867,31.319071449438688],[-98.45826540613561,31.320727570587856],[-98.45483182503246,31.322183252084418],[-98.45412936224324,31.32299703473909],[-98.45411883488642,31.324821147418444],[-98.45519344274841,31.325479160532986],[-98.45742913658985,31.328292955305578],[-98.457425230715,31.32897360823061],[-98.45645701033212,31.331882719414597],[-98.45742267500802,31.334434304911074],[-98.45878871790775,31.335020677457166],[-98.4587811217537,31.336347787121948],[-98.4599765449366,31.33821083590102],[-98.46497513679176,31.340195972692122],[-98.4660029343426,31.34164685635953],[-98.46747037637667,31.341931622499015],[-98.46941281609193,31.342974866890025],[-98.47381388814595,31.344041456025167],[-98.4787936584993,31.344223916327604],[-98.47937152765358,31.34570975369719],[-98.47889900932255,31.347273903672875],[-98.47975742862828,31.348657623880943],[-98.48231216992268,31.35089755021617],[-98.48406800350229,31.352205212734493],[-98.48489473922794,31.353748055675325],[-98.48525732802268,31.35531549563765],[-98.48621280759991,31.355929842156332],[-98.48731980691441,31.357128753240563],[-98.4884416562789,31.358447093780587],[-98.48874628127994,31.359324218267314],[-98.49031946131116,31.360126741890802],[-98.4914772908977,31.36339612733707],[-98.4911620487083,31.36448316755092],[-98.49197845919808,31.365110025226198],[-98.49197432065958,31.365879892749167],[-98.4926353872839,31.366612490873358],[-98.49315081094952,31.368578643636887],[-98.49515780719436,31.369276714549223],[-98.49620602884151,31.36994436170389],[-98.49755241211128,31.372710106701412],[-98.49754633860162,31.37385146655384],[-98.49917509739946,31.37590159437606],[-98.5002993021466,31.376848253831405],[-98.50114371222546,31.380992235133572],[-98.50268375340585,31.38229888619978],[-98.5034818247891,31.386455939888062],[-98.50446700985614,31.387388753140588],[-98.50573281334658,31.387924507355418],[-98.5081244466365,31.389141373968684],[-98.50970635559733,31.388672595751576],[-98.51005968994804,31.387977069208688],[-98.51139458017202,31.387264281593108],[-98.5117765420342,31.386955817852538],[-98.51212101360632,31.38654933443647],[-98.51248463366701,31.38609378024691],[-98.51284893824398,31.385524220138027],[-98.5135844662222,31.38488263955704],[-98.51484403630289,31.384006377850667],[-98.516083759904,31.383309480820596],[-98.51716970540318,31.382922076598362],[-98.51758025435267,31.38258916900281],[-98.51827529795597,31.38182979697539],[-98.51894138436609,31.38158135357631],[-98.51939687243596,31.380921551807738],[-98.51978556986614,31.380318289552488],[-98.52049086324685,31.380195416864872],[-98.52186150372421,31.379983782901185],[-98.52308658837944,31.378637093389965],[-98.52409710324254,31.378102497190945],[-98.52410179334665,31.37717250456693],[-98.52346026957133,31.376191298724752],[-98.52308399404491,31.37539052517793],[-98.5237074212588,31.37430790997499],[-98.52422852676862,31.37277629096477],[-98.52395571650166,31.372196099466024],[-98.5244818912046,31.371871413548508],[-98.52502143553393,31.370367576974534],[-98.52588158229995,31.369242142397887],[-98.52551031308458,31.367446103408035],[-98.52572460978887,31.36641909088026],[-98.52634598435236,31.365728034011337],[-98.52684164418342,31.365485134383565],[-98.52711061684748,31.364915098024813],[-98.52770165171057,31.364590971441768],[-98.5286172649538,31.364007176426348],[-98.53016071793563,31.363311170413517],[-98.53094226750416,31.36290615256412],[-98.53146084515475,31.36184764520073],[-98.5311246461681,31.360622775734946],[-98.53057846239052,31.359592973931754],[-98.5305881067034,31.357651570213793],[-98.53083692476575,31.357326175107403],[-98.5313169152833,31.35638169782302],[-98.53131797170207,31.356169658121864],[-98.53091971260402,31.355262970744896],[-98.5312776364475,31.35470929353323],[-98.53215578006191,31.3539783118192],[-98.53282514711947,31.35319767131338],[-98.53349148775283,31.35298796498099],[-98.53349607814393,31.35205804910717],[-98.53397526287266,31.350254700609806],[-98.53363343594076,31.349477772984454],[-98.5328260364516,31.34840333894485],[-98.53242276834752,31.347009282477977],[-98.53303575713784,31.346692100171108],[-98.53407586609966,31.346011432703712],[-98.53423969275633,31.34514510137417],[-98.53349874164874,31.3444579604939],[-98.53261859299462,31.34304099690047],[-98.53218490434175,31.341350263176732],[-98.53197885417175,31.340026229373485],[-98.53161424147265,31.33858349662644],[-98.53020269531055,31.33765655267845],[-98.53019132802892,31.33612285953954],[-98.52979737545434,31.335077310969545],[-98.52943994927752,31.33432551653895],[-98.52944360003085,31.3335913440471],[-98.52999888284394,31.33277770131733],[-98.53045129148902,31.33162914033933],[-98.53008331100591,31.329180589574307],[-98.53008712076104,31.32841381863738],[-98.53114480975296,31.327822205386823],[-98.53171862750531,31.32709011310381],[-98.53221655198921,31.326325143778917],[-98.53292271044754,31.32572400055583],[-98.5338762882913,31.325058640825013],[-98.53388247768359,31.32380242136779],[-98.5347627709665,31.322571299508468],[-98.53492610085483,31.321796202977758],[-98.53410927264844,31.320197667050316],[-98.5341162408801,31.318941368921145],[-98.5344918920774,31.31821266022411],[-98.53543730693019,31.317816770138723],[-98.53545544750904,31.31697225605546],[-98.53610871496006,31.31638190471691],[-98.53706882535256,31.31567806755098],[-98.53736866412979,31.314336119331365],[-98.53812221410925,31.31374334701124],[-98.53791590791941,31.313187951933557],[-98.53776718912917,31.312502208601266],[-98.53777388247636,31.3111317323159],[-98.53734927668934,31.3105347163446],[-98.53710561765166,31.309816033604477],[-98.53729186895278,31.308666482559637],[-98.53761885391957,31.307851978176117],[-98.53806738363924,31.307453859431437],[-98.53837624689181,31.306459668881672],[-98.5378863623297,31.305609628846703],[-98.53891706054061,31.30465071089363],[-98.53967425049362,31.303291239830052],[-98.54011242802795,31.30306437733835],[-98.54091043383418,31.30306723261861],[-98.54125178376069,31.30252866843426],[-98.54179141702322,31.30163467929456],[-98.54246123503503,31.300625551866723],[-98.54327830488823,31.3006284578804],[-98.54469772747876,31.29980958098145],[-98.54609712662163,31.299202669773354],[-98.54716409341383,31.298586501420672],[-98.5485722340627,31.298150977324863],[-98.54916362645528,31.29764729669506],[-98.54980188485453,31.297266097930173],[-98.55005256781944,31.296500187066616],[-98.5500388370703,31.295374447588813],[-98.54947414350629,31.2942793710689],[-98.54958366790235,31.29379701506984],[-98.55022689668009,31.293784315498417],[-98.55118731788968,31.29358385947588],[-98.55166314920747,31.293405984317047],[-98.55206211348303,31.293407378327906],[-98.55253832838144,31.293148008281417],[-98.55283399807745,31.29289615954048],[-98.55315894656349,31.29247310394088],[-98.55391819725172,31.292606299986748],[-98.55498406181107,31.29221841237294],[-98.556009930679,31.29222196192542],[-98.55663216852349,31.292156057982428],[-98.55740409174544,31.29183930342846],[-98.55869369070946,31.29115441109492],[-98.55900621459678,31.291375766011484],[-98.55940327444395,31.291785012849196],[-98.56027281309625,31.29273423832887],[-98.56250456423192,31.293887881743252],[-98.56333032708214,31.294029479716603],[-98.56410227096534,31.293493661879644],[-98.56490024712717,31.292464517178367],[-98.56545260143243,31.2921482280815],[-98.56594734049033,31.291978596957083],[-98.56642231571365,31.29198020132212],[-98.56655406532816,31.29121788767728],[-98.56583310083734,31.29101155293274],[-98.56546770121405,31.289900920618155],[-98.5650770849824,31.289128692693794],[-98.56507974399565,31.28854951452871],[-98.56564749991648,31.287984516301215],[-98.5662864850528,31.287415633318403],[-98.56801815305295,31.286793383877928],[-98.56856108672584,31.286452601231296],[-98.56900897594672,31.286144094727458],[-98.5694989772898,31.285954020022757],[-98.56940591631795,31.285529524555873],[-98.56956898299988,31.285187464504453],[-98.57012118998145,31.284911984767735],[-98.57072369633072,31.285064887482907],[-98.57121751731039,31.28506653649186],[-98.57148276286432,31.28523057588957],[-98.57191814034992,31.285566485044754],[-98.57231666624763,31.285657622969357],[-98.57292150821664,31.285663163389547],[-98.57340019527872,31.285550747378608],[-98.57369522717084,31.28540109125451],[-98.57439813911773,31.285395272914286],[-98.5751337461477,31.285515997834732],[-98.57555231435771,31.28537052481235],[-98.57611392310703,31.285111350679074],[-98.57657859645069,31.285243440132085],[-98.57724984368211,31.284923374309354],[-98.57808820001429,31.284355090855705],[-98.57894848152758,31.284223323360727],[-98.57923559207555,31.28371850196558],[-98.5795766401681,31.283931754333167],[-98.58036019208141,31.2839383458419],[-98.58091630942941,31.28385455319175],[-98.58266817245547,31.28289763027297],[-98.5829358398674,31.28251514351606],[-98.58329707579935,31.282366184267424],[-98.58402007138105,31.282192353012476],[-98.58442297566744,31.282377311557312],[-98.58481986663132,31.282372796613902],[-98.58534491305029,31.282233347632758],[-98.58563824263494,31.282063578904527],[-98.58581730022728,31.281741375698076],[-98.5859887005801,31.28160322323548],[-98.58613330688297,31.28155285981014],[-98.5865688029462,31.28146638414683],[-98.586939999398,31.281296274703184],[-98.58716810051327,31.281256258526266],[-98.5873391307602,31.281248661876596],[-98.58746321774535,31.28110220572164],[-98.58795302864559,31.28078418873266],[-98.58938915271389,31.280423748067484],[-98.58973465465364,31.280379230300678],[-98.59005315413425,31.280448636427302],[-98.59051885425228,31.28065922909236],[-98.59075626730377,31.280659985307302],[-98.59143749571632,31.280184955982314],[-98.59223654087334,31.27990201534958],[-98.59261289095994,31.279621766329985],[-98.5929778315441,31.279218985598998],[-98.59354197893242,31.278919077206606],[-98.5937068099056,31.27857531027287],[-98.5940858172088,31.278357906086306],[-98.59478863932418,31.278360122579535],[-98.59498899866682,31.2781487025189],[-98.59516040530788,31.278051284802224],[-98.59534095859514,31.27798665924292],[-98.5953417257564,31.277807207632772],[-98.59604525843915,31.276954078449112],[-98.5967695386117,31.27531363361264],[-98.5966671306693,31.27471421024557],[-98.59640041008166,31.27339906498319],[-98.59702388670291,31.273144863954123],[-98.59757089423562,31.27290747309155],[-98.59815972642964,31.27290931810057],[-98.59885278295953,31.272968525748748],[-98.59995708912483,31.27348184883427],[-98.6006203458418,31.273859115961617],[-98.60111324694664,31.274089082257845],[-98.60171260559913,31.273846210241285],[-98.60204507388242,31.27384723984285],[-98.60244501821995,31.27359559445351],[-98.60267487194834,31.273131374613964],[-98.6030042715866,31.27272038991223],[-98.60300905331887,31.27157840537399],[-98.60301165124669,31.270958390950867],[-98.60330268383916,31.270620798930537],[-98.60311048389423,31.27003681419405],[-98.60310598153801,31.268845905795423],[-98.60290952178201,31.268135633134147],[-98.60308568769744,31.267245129405573],[-98.60377555790303,31.266559768200132],[-98.60377909996019,31.26571149301824],[-98.60315820240211,31.26543627889524],[-98.60264216608547,31.26508796241347],[-98.60243428784389,31.264818138383955],[-98.6020449310503,31.264816933611865],[-98.6008591036713,31.263406110343045],[-98.60046428961235,31.262425951275393],[-98.600651425754,31.26199831294138],[-98.60100462266247,31.261526245830968],[-98.60187947844294,31.261243479601024],[-98.60129298276699,31.260703215972445],[-98.60114776740637,31.260233714839647],[-98.60059832543926,31.25993023218304],[-98.60045273368453,31.25955045437566],[-98.60017819326234,31.259345616873485],[-98.59956177380595,31.25915609481157],[-98.59869533793464,31.258562016350815],[-98.59671767797201,31.25468917100664],[-98.59618802409399,31.254181744884807],[-98.59597166665445,31.253707814030964],[-98.59593131523019,31.25314899264994],[-98.59580585472098,31.25285905548294],[-98.5955889843434,31.252357849225984],[-98.5950713526188,31.25135242059372],[-98.59432730951,31.24928123201977],[-98.59390472942394,31.24867121473412],[-98.5928332405126,31.248675470941237],[-98.59249818687793,31.24833961398018],[-98.59138495864524,31.247727483222434],[-98.59039681542598,31.246887475331768],[-98.59004651378767,31.2459885011633],[-98.58903803810026,31.245741808144995],[-98.58829418992588,31.245739428066376],[-98.58765958497489,31.24613847709193],[-98.58744041221523,31.246573640026924],[-98.58697868354909,31.246861247164958],[-98.58579165512253,31.246858857898477],[-98.58456112308343,31.246876308528044],[-98.58336093523627,31.245929034663988],[-98.58141786849694,31.244766268876198],[-98.58096130514369,31.243882214238955],[-98.58096600602757,31.24281709940532],[-98.57987239340741,31.241692195405736],[-98.58050210882833,31.239855856285256],[-98.58119836336064,31.239709252934144],[-98.58149783203196,31.239538755609715],[-98.58217161610577,31.238986034107135],[-98.582922057016,31.237898976120743],[-98.58322450809408,31.2370247801082],[-98.58428007346868,31.234420481323326],[-98.58444265775533,31.23348550909595],[-98.58444505535881,31.232937744951236],[-98.58434097385505,31.232435339158997],[-98.58457482418814,31.231614350891704],[-98.58457635312074,31.23126443942059],[-98.58418960593305,31.230608886543973],[-98.58269013626418,31.229310630564466],[-98.5832534086934,31.228057116605424],[-98.5838252654235,31.22687209745174],[-98.58383073436694,31.225624339373013],[-98.58337610239153,31.224314175584023],[-98.58288860016157,31.222945847797774],[-98.58465047491147,31.22354931257993],[-98.58653339944253,31.225008073001362],[-98.5882493586033,31.224715830157376],[-98.58944471441252,31.22433385966308],[-98.58996821662751,31.22390923988993],[-98.59012172074326,31.22286299351139],[-98.59126625346697,31.222674999935126],[-98.59208895755363,31.222120429036497],[-98.59182179229992,31.220615049996695],[-98.59230004188247,31.219269903019512],[-98.59421868702248,31.218186469391128],[-98.59345206475902,31.217159997357452],[-98.59238632416718,31.216430234816507],[-98.59164370129484,31.215787353649983],[-98.59125243288632,31.21429956088983],[-98.5922511501748,31.213213146999653],[-98.59312232555757,31.212961089541082],[-98.59377166467586,31.212236752505362],[-98.59397403983802,31.211405057778197],[-98.59458377313372,31.209947816904425],[-98.59455801753623,31.208950399892757],[-98.59384160930051,31.207558624030252],[-98.5935725809409,31.20649087390201],[-98.5938319227668,31.205661966125366],[-98.59380551229745,31.203562019775383],[-98.5951028080268,31.203204596697518],[-98.59619719589303,31.202867439395263],[-98.59705162847553,31.202020225714413],[-98.59785184952725,31.20118577333837],[-98.5983433124293,31.200068907495968],[-98.59941751874436,31.199523305597175],[-98.60102747221005,31.199521837971005],[-98.60290119619597,31.20018194011625],[-98.60567138493651,31.200213310209772],[-98.60753522026778,31.198971308272903],[-98.60944586052032,31.199266215564045],[-98.61246952957953,31.200097021975516],[-98.61337660343767,31.19904981824569],[-98.6144193741077,31.195096690173145],[-98.61547558896426,31.194346659029126],[-98.61728347811795,31.193758567203183],[-98.61779442098693,31.19215481461103],[-98.62000536354736,31.190400408954076],[-98.62128413421893,31.18925107380786],[-98.62196092315736,31.18818800767692],[-98.62196026828549,31.186090992637418],[-98.62165377568698,31.185311186597726],[-98.62130563988681,31.183849312315072],[-98.62163694844509,31.18288411496416],[-98.62162830036384,31.18058636103626],[-98.62163888611113,31.177923533905542],[-98.6225190410535,31.1768837421255],[-98.62252230014131,31.176062088639103],[-98.62304354668662,31.17405506528349],[-98.62356232286488,31.172641430352208],[-98.62330968157269,31.171644021308285],[-98.62368347235905,31.171112457366487],[-98.62428696146524,31.17065776603948],[-98.62447465456238,31.170163800207092],[-98.62476763380408,31.16992882310918],[-98.62526310498893,31.16993026890395],[-98.62593642373542,31.169703955255393],[-98.62689740279882,31.168352501705904],[-98.6277649768356,31.168217986655318],[-98.6281269395046,31.16762781703263],[-98.62869108689291,31.16710384483704],[-98.62909852317992,31.166726110675796],[-98.62961556920295,31.163287594580083],[-98.62896318659249,31.16274440574843],[-98.63015084114478,31.16138526046043],[-98.63083862276734,31.159224011259145],[-98.6320253700212,31.157398055265965],[-98.63361723950189,31.15612362797945],[-98.6336844128239,31.155016160459795],[-98.63263858428866,31.152793577312412],[-98.63183366774294,31.15219804550568],[-98.63189834285014,31.151767316170783],[-98.63274558801203,31.150556212836236],[-98.63334649805505,31.149127812271495],[-98.6345950943162,31.146871093157674],[-98.63573969171863,31.14589303479886],[-98.6355978378538,31.144058743770547],[-98.63610008682745,31.14235254619352],[-98.63570781230582,31.14120100874131],[-98.63834212906303,31.139652044326315],[-98.6401809391271,31.138504498428805],[-98.642463013885,31.13838222551565],[-98.64469282735459,31.13873126487988],[-98.64612791925866,31.139459346763545],[-98.64709552788884,31.13647314034482],[-98.64976683547282,31.134793057844828],[-98.65113063258434,31.133326062618995],[-98.65374148983788,31.132164699273243],[-98.65617898751297,31.13014552481521],[-98.65757541233394,31.127760417706362],[-98.65990549126397,31.12787488617443],[-98.66124872683694,31.126597182960673],[-98.66293712029491,31.125940740462454],[-98.66551680600813,31.125520998391387],[-98.66775092240793,31.124545558219616],[-98.66978589847892,31.123955284319514],[-98.6710284517732,31.123103515035837],[-98.67326313141669,31.12213024709887],[-98.67455325140354,31.12174779418763],[-98.67683361756578,31.12179638249984],[-98.67812681787574,31.120669435171173],[-98.67862807510933,31.118965328555678],[-98.67937679754245,31.117602520964773],[-98.67973039330289,31.115512324299456],[-98.67958654068656,31.11406151088961],[-98.68127351839964,31.11372509222636],[-98.6812786468816,31.112188954606157],[-98.68059074847805,31.11031041074925],[-98.68124052777084,31.10869244044057],[-98.68312844423994,31.107418033925978],[-98.68639935212322,31.107680937912775],[-98.68561411586876,31.105333040173605],[-98.68527301657222,31.103626843003205],[-98.68652302498502,31.10017413004414],[-98.68820924452001,31.099986411323385],[-98.68885789552878,31.09862330052481],[-98.68868990607908,31.097084470923914],[-98.68832232175302,31.09564664982593],[-98.68823533429078,31.09199886584152],[-98.68942626140567,31.091532590788947],[-98.69079669347387,31.089232740355236],[-98.69191226541115,31.089172233763296],[-98.69361701808876,31.090689935742954],[-98.69644183428007,31.090761983535423],[-98.69708467049401,31.091359004134482],[-98.69888732606286,31.093262586649505],[-98.70109093298066,31.09398051255525],[-98.70145910300829,31.095070974057577],[-98.70277096671661,31.095734880048006],[-98.70520539215342,31.093884040526667],[-98.70652104046404,31.09309745494665],[-98.70880165186632,31.09284780486777],[-98.71296827800424,31.091715699087548],[-98.71430810177579,31.09136673065975],[-98.7161670017629,31.09167539498354],[-98.71832216613069,31.091504191777936],[-98.72020374947704,31.092106067139774],[-98.72161706891355,31.091958066452303],[-98.72234117211798,31.089913570521855],[-98.72355832375095,31.08895512038089],[-98.72576611322474,31.088213263026002],[-98.72715804826589,31.08674550556348],[-98.72847488235267,31.085512062950443],[-98.72917001129595,31.08504437590819],[-98.72986460484331,31.084831506668408],[-98.7295688399259,31.0842353767106],[-98.72919869180802,31.08374284943467],[-98.72940067530472,31.082292810866594],[-98.72857586107546,31.08110232257002],[-98.73153703074709,31.080569386384187],[-98.73310670645039,31.07858077338763],[-98.73464508574747,31.07669583983671],[-98.73610872431463,31.07601536430546],[-98.73735134767747,31.074696066410702],[-98.73851535677485,31.074804460564813],[-98.7407974288378,31.073827749228602],[-98.74158896318073,31.07454440779299],[-98.74275173170471,31.075079145067257],[-98.74510565731228,31.075180771922973],[-98.74718575126843,31.075590921346876],[-98.74778142054005,31.075206366737877],[-98.751120215906,31.075848943904834],[-98.75218880056403,31.07636753975304],[-98.75295445624025,31.07724429617238],[-98.75369784088394,31.077223202022765],[-98.75428056183907,31.078146902424578],[-98.75503443611035,31.0781483365391],[-98.75696866881718,31.077229408628806],[-98.7582074581704,31.077317433600545],[-98.76182516246575,31.077186547108603],[-98.76207591010932,31.07609756226226],[-98.76368984041676,31.07471542534899],[-98.76443614548344,31.073500895738494],[-98.76471030142669,31.072840434516944],[-98.76496097451009,31.07160475324347],[-98.7661750305486,31.071564110526197],[-98.76902181054858,31.072676836173738],[-98.77078027978524,31.07294613936661],[-98.77270998677966,31.074273663413024],[-98.77280681528583,31.075135595126653],[-98.77414174413738,31.07559356345071],[-98.77675019390598,31.073565650997],[-98.77677932177907,31.071752110070253],[-98.77690686727806,31.070175499820994],[-98.77723143218347,31.069077537543958],[-98.7774816309564,31.068139584120555],[-98.77731077947419,31.066943726237664],[-98.77810618196273,31.065794651240502],[-98.77887564469914,31.065218435303002],[-98.77932418879185,31.0640485132489],[-98.78011858965885,31.063440743651142],[-98.7803682611207,31.062545630477448],[-98.78171079241451,31.0604680636727],[-98.7824782905354,31.06072662283293],[-98.78480541580477,31.061497434336477],[-98.78579875937122,31.060368972817095],[-98.7872875265118,31.05930441640002],[-98.79017085087588,31.059500866484576],[-98.79137698197694,31.059437456015004],[-98.7914840081582,31.054844744836284],[-98.79331660277884,31.055102687469795],[-98.79475535980924,31.05420944207895],[-98.7950578396334,31.051863909523505],[-98.79659539427708,31.05101364866998],[-98.79825672958036,31.050129707086278],[-98.80043932670031,31.048876622305418],[-98.80051484177804,31.048321887779455],[-98.80257014043572,31.048665653081716],[-98.80311703657733,31.047750615491907],[-98.80388647865246,31.04689682839771],[-98.80485511136209,31.045641816209187],[-98.80505525870234,31.04468121117737],[-98.80570102971231,31.043872341928235],[-98.8076081997729,31.043789503478866],[-98.80919634034683,31.042406745473023],[-98.8104364026128,31.041650653192015],[-98.81150392636047,31.04035070178407],[-98.8131395500837,31.039926690800346],[-98.81410597922593,31.039756608211444],[-98.81524421655614,31.04030418921271],[-98.81586331748365,31.040368171219914],[-98.81732358467353,31.04085981557034],[-98.81786848206362,31.040894444842213],[-98.81915581278153,31.041257029310465],[-98.81967345169265,31.04245340479251],[-98.81961082294768,31.04358351957536],[-98.82004167292423,31.04439388208643],[-98.82080886651622,31.044801088768228],[-98.82217254684676,31.04412613125501],[-98.82311521824467,31.043310859904356],[-98.82390850250577,31.04290589117567],[-98.82506387609833,31.04272481083238],[-98.82730305450477,31.04108334779111],[-98.83000728444557,31.03977853500277],[-98.83098450325268,31.04033248652452],[-98.83234060809043,31.04050800278951],[-98.83327936193538,31.03839777305707],[-98.83436947921075,31.037993119787558],[-98.83496512422788,31.037398368800666],[-98.83605548853997,31.037122330106573],[-98.83843224483047,31.03748618201798],[-98.83989422241267,31.037233095434505],[-98.84138082461342,31.036894325047026],[-98.84313917617077,31.03695965556481],[-98.84388292912374,31.036511650659975],[-98.84705296338714,31.03663273466834],[-98.84896250500006,31.035121322947553],[-98.85116765612187,31.03452836673118],[-98.85163896801546,31.03399430672162],[-98.8526551979604,31.033526313227767],[-98.85349735236959,31.033570122720988],[-98.8540412687994,31.034168526128777],[-98.85486082788424,31.03264452771967],[-98.85659624904565,31.031493743800603],[-98.85679584212536,31.03046979178681],[-98.85759104069632,31.028808210356363],[-98.8581378991087,31.027486878370617],[-98.86074086376416,31.025558731271207],[-98.86294586756226,31.0250716028809],[-98.86393765345,31.024123000301245],[-98.86502761082525,31.02390082470922],[-98.86619317310976,31.022771913583842],[-98.86735744990511,31.022624152960724],[-98.87020793455734,31.02066456111508],[-98.87172058700303,31.019179462805134],[-98.87083047423576,31.017892761928056],[-98.86959447594815,31.016526816848483],[-98.86912549877597,31.015416464124637],[-98.86848360579306,31.01385929659789],[-98.8691306434276,31.011651541432293],[-98.87155925766282,31.010140312317365],[-98.8705948964424,31.00907240398829],[-98.87015015491826,31.008453837634423],[-98.86940828573245,31.007771870891563],[-98.86854314792672,31.00651223464036],[-98.86819865299842,31.005147093529416],[-98.86812577627268,31.00416577049698],[-98.86733390685815,31.003632621328116],[-98.86676935792289,31.000261821986285],[-98.86679553662691,30.99924900829565],[-98.86719556271113,30.99647698981288],[-98.86907810096663,30.995709726998122],[-98.86937647728656,30.994900176242897],[-98.86962652154926,30.99298078232168],[-98.87007353401442,30.991871350492442],[-98.87212947227258,30.99094626068053],[-98.87353961436793,30.991748510819214],[-98.87547047210424,30.9919623645027],[-98.87938048370147,30.99308721500211],[-98.88215394590293,30.992491987327462],[-98.88247781730894,30.990678661499068],[-98.88369223267355,30.989614995556952],[-98.8836932289052,30.988793890905406],[-98.88612050554897,30.98764331983028],[-98.88839928887967,30.986749755202684],[-98.89018150328421,30.986665584844477],[-98.89290402921243,30.987179878774633],[-98.89483525795295,30.987010068600355],[-98.89642055895227,30.985946585859196],[-98.89790662396051,30.98517857911155],[-98.89994078076795,30.981085870034878],[-98.90048766612978,30.978911643548866],[-98.9017768491738,30.976864343981834],[-98.90271878934307,30.975543108373245],[-98.90376069852873,30.973197923424514],[-98.90288623890528,30.975035762927888],[-98.90196434104833,30.97574057150642],[-98.8999855581916,30.97573905343767],[-98.89834830133118,30.9753262525954],[-98.89775249910888,30.974149859411536],[-98.89683189931752,30.973619979185656],[-98.89522789180072,30.974059701064313],[-98.8948172584096,30.975147071012795],[-98.89362262843912,30.975616427906065],[-98.89223945197197,30.97682052767798],[-98.89049881519203,30.977377620946296],[-98.88875921866116,30.976935204044757],[-98.88608221396169,30.97587449265052],[-98.8831836137462,30.974666656203745],[-98.88045671481919,30.97266519731679],[-98.87844596810802,30.970928757605808],[-98.87890907299318,30.96895954341942],[-98.8789102964986,30.96798955073608],[-98.87911632600733,30.96690212544789],[-98.87911728630638,30.96613772209858],[-98.87836662890213,30.966137019603398],[-98.877855377911,30.9658719628758],[-98.87696807597229,30.966135695492444],[-98.87659377943442,30.965369170031707],[-98.87597623079571,30.964451601719254],[-98.87596638436187,30.9624894216699],[-98.8745020379223,30.960577170735277],[-98.87322606370621,30.95810653277489],[-98.87323083915027,30.95449070802801],[-98.87454738038626,30.951993190757086],[-98.8745862621667,30.948347985654237],[-98.8740091143596,30.946230740445497],[-98.87401563253529,30.941262628647014],[-98.8759831954341,30.936266913590647],[-98.87704045682797,30.93626792528429],[-98.87833778399836,30.935122627315717],[-98.87803378242812,30.93288819245509],[-98.87761700905205,30.93204995904565],[-98.87762745915374,30.93058005619787],[-98.87664872039718,30.929285652926065],[-98.87665075777625,30.92769819657743],[-98.8762480969333,30.926372158914],[-98.87625012712584,30.92479394702529],[-98.87725237928497,30.923891779829606],[-98.87809839285661,30.922216900359746],[-98.87969322677775,30.92170394811961],[-98.88032458701393,30.9212782182202],[-98.88115437162166,30.91997853569804],[-98.88253594279938,30.918414015518177],[-98.8816512064491,30.91695807890444],[-98.88165414034682,30.91457680532665],[-98.88131548806112,30.912695054553094],[-98.88101624486694,30.911660839365997],[-98.87994329619328,30.91257624327689],[-98.87798176188832,30.913368055166448],[-98.87731715769841,30.913147044415414],[-98.87638926897682,30.912234802810946],[-98.87586137040685,30.911808068145735],[-98.87463488437977,30.911086585769173],[-98.87160226989695,30.909643184646274],[-98.87022358141297,30.908098374582828],[-98.86929510968476,30.90762710056885],[-98.86880002657212,30.90818515995326],[-98.86833020767853,30.90893430143503],[-98.86832931924471,30.909581081098683],[-98.86793522922787,30.910100756688472],[-98.86764567705897,30.91105374754564],[-98.86658932296353,30.911931669609594],[-98.86604186806984,30.913334227369383],[-98.86487862972696,30.91382654734107],[-98.86380339573923,30.915336588544346],[-98.86260438648173,30.915875060712384],[-98.86260290965139,30.91690824157067],[-98.86178834519953,30.917431654432335],[-98.8615012651943,30.91803275700292],[-98.86102681907867,30.918402268278275],[-98.86023903250712,30.9189257847116],[-98.86002376741895,30.919388162876583],[-98.85934324867547,30.91998874683532],[-98.8586718056113,30.920373580301128],[-98.85720531489312,30.92037196733334],[-98.85537957172316,30.921233405409758],[-98.85427011821128,30.92157142988573],[-98.85208836999928,30.921322273469393],[-98.85019497290864,30.919716335667378],[-98.85080447084576,30.91876098655078],[-98.85164885846675,30.916387238076425],[-98.85200859241552,30.915092329045955],[-98.8506498501241,30.91472074415004],[-98.85008159114673,30.91424520919053],[-98.84896862073052,30.914749626684063],[-98.84803779182302,30.915241979448744],[-98.84567699140857,30.91523918569722],[-98.84365509121486,30.915791871399104],[-98.84093653943346,30.91578855822149],[-98.83521797482753,30.913067411857913],[-98.82999811444316,30.911641991433115],[-98.82006676197182,30.914604600453224],[-98.8170003474781,30.918856372075336],[-98.8155107215481,30.921475737271294],[-98.81035077070835,30.92590926429818],[-98.8049869499098,30.924760226530594],[-98.80416203596756,30.925776700260204],[-98.80333038286402,30.93012392289846],[-98.80241363145535,30.932401369846197],[-98.80169598983274,30.93334422626662],[-98.80169321763178,30.934685750514543],[-98.80147687187032,30.935471920972063],[-98.80047306472746,30.93648809514253],[-98.79872698864845,30.937364309782534],[-98.7977952641206,30.938056766241456],[-98.7974256792464,30.93942855259537],[-98.796779813015,30.940306456929754],[-98.79559743516668,30.941091094132393],[-98.79474514686278,30.942261639086478],[-98.79474217882908,30.94364945463408],[-98.79391768619669,30.944342049698815],[-98.79210832470426,30.945495673589456],[-98.7906574458074,30.946295206248568],[-98.78992181631953,30.947250060704803],[-98.78900895102277,30.94744904077158],[-98.78813288161835,30.947139177738574],[-98.78722055710737,30.947137677705467],[-98.78540371983513,30.947520234688117],[-98.78323996487826,30.947023187437104],[-98.78154697294435,30.947723403781467],[-98.77997016641434,30.949099306404314],[-98.77998443794927,30.95065678377845],[-98.77878016186926,30.95304488816619],[-98.77755209031571,30.954106708305353],[-98.77622810204599,30.954104423367657],[-98.7746061111555,30.9552581181337],[-98.77266888436385,30.95596165986681],[-98.77101465383612,30.956948056928915],[-98.77028784490605,30.958175450856963],[-98.76959005066135,30.96022165677565],[-98.76847585943464,30.95982712964321],[-98.76632869276783,30.959807806666078],[-98.76411601915385,30.960975762066646],[-98.7612747673861,30.960206564517776],[-98.75898009914626,30.961151292738943],[-98.75738604586111,30.96150026478587],[-98.75611770463,30.960929994178155],[-98.755459425478,30.959433056148335],[-98.75459302104773,30.95889168014396],[-98.75242990658964,30.958147436522285],[-98.74996488543258,30.956508112186476],[-98.74881325601812,30.955565290143088],[-98.74570386971448,30.954109725100956],[-98.7442578021943,30.952873229197735],[-98.74427738367086,30.952256488679183],[-98.74387667307039,30.951577162521506],[-98.7435389918635,30.95069757438476],[-98.7435227575097,30.950096136327332],[-98.74373811692095,30.94983442643249],[-98.74119755643166,30.94984482544338],[-98.74010617253172,30.949827173780406],[-98.7382194831613,30.94949956118914],[-98.73697918733336,30.948685340310202],[-98.73806442675675,30.947340390746422],[-98.73861927568356,30.94612937894956],[-98.7394041050012,30.944829685190882],[-98.74005181996546,30.943474005060292],[-98.7390348767582,30.942454240026187],[-98.7383569559425,30.94172812556883],[-98.73800220674522,30.94063255929697],[-98.73680749682467,30.939196018409824],[-98.73679755966101,30.936312479859996],[-98.73717018802738,30.934139003105457],[-98.73780151233096,30.93170281892414],[-98.7363298616898,30.930713950508288],[-98.73559903279883,30.929771864922717],[-98.73435135731081,30.928165642862062],[-98.73320721625258,30.92793198550532],[-98.7319819770871,30.92791399150716],[-98.73038805495598,30.928619964616825],[-98.72893453321558,30.930266888215915],[-98.72745514358824,30.931497421993615],[-98.72552334711246,30.931508795445218],[-98.72472809284595,30.931214048465115],[-98.72283037306215,30.93178056428583],[-98.72091845989686,30.931051707996335],[-98.71977688173213,30.929939017472833],[-98.71786810638213,30.92816156723286],[-98.71686884830784,30.927326672207023],[-98.71531269943611,30.927323255398868],[-98.71373449153427,30.926839605515543],[-98.71275802910863,30.926253593492373],[-98.71147265042983,30.92540264699488],[-98.70929045485681,30.925397759797495],[-98.70805713804032,30.925132845120093],[-98.70773302408918,30.925825938837292],[-98.70772885051636,30.927198376140893],[-98.70848455196092,30.928680404448855],[-98.70808716243205,30.929943989971626],[-98.70617078913138,30.932634040765493],[-98.70578358200628,30.934503162433412],[-98.7057738514551,30.937679631205558],[-98.70281703771428,30.939322822877546],[-98.70160873448685,30.939582178422842],[-98.69998074285027,30.939578409936917],[-98.69927439215247,30.94236786327801],[-98.69527819618689,30.941649139353167],[-98.69482294257732,30.941355174854273],[-98.69426806670104,30.941461744457317],[-98.6938227718147,30.940828454256298],[-98.69293889605046,30.940302079786715],[-98.69183157873232,30.939728876503267],[-98.6908347802453,30.93946587152191],[-98.6896682423904,30.939067434693797],[-98.68917350512913,30.93950709144776],[-98.68857365419984,30.939808618617555],[-98.68770575587125,30.939806522878996],[-98.68611898702474,30.938789922454472],[-98.6858850046393,30.93925195802023],[-98.68588243276265,30.940038366761037],[-98.68557680703837,30.940469395761372],[-98.68462781329751,30.940760810369735],[-98.682740331613,30.940755436240597],[-98.68225842229398,30.94043044610548],[-98.68152380969906,30.940767903449153],[-98.68152217386692,30.941261341174293],[-98.68193049589279,30.942202932928733],[-98.68105149708222,30.94292550810591],[-98.6792446284147,30.942936497275845],[-98.67817074189988,30.94363042270088],[-98.6775411109206,30.944073313649504],[-98.67707459603064,30.944503917653208],[-98.67706412257272,30.94495112447062],[-98.67691972827227,30.945336238077],[-98.67671275822745,30.945690362080352],[-98.67592561574793,30.945688391282797],[-98.67533263333732,30.946442479558474],[-98.6743494003094,30.946254998526864],[-98.67372393302146,30.946006659921792],[-98.67268522004157,30.946312464869344],[-98.67161361884084,30.945770012160533],[-98.67032458312053,30.946044327601257],[-98.66942370224795,30.945270991163095],[-98.66856682804452,30.944744522511115],[-98.6674886511759,30.946114195864485],[-98.66687754255946,30.946508681786252],[-98.66674118638417,30.947515460333655],[-98.66597819780604,30.948299816468143],[-98.66619080657591,30.948917311344104],[-98.66447090021776,30.949591304353277],[-98.66284171921176,30.949880039391925],[-98.66206341705295,30.94987800704794],[-98.66046965841521,30.95029022377198],[-98.65930788702121,30.94994789870197],[-98.659092242844,30.950224844648854],[-98.65846644767099,30.950099855092308],[-98.65697956339923,30.95063564849491],[-98.65589710605829,30.950632771803246],[-98.65446773911754,30.950104600042124],[-98.65388777149876,30.95216947597279],[-98.65387487438623,30.95574684883953],[-98.65386864546804,30.957473825111496],[-98.65355970406205,30.958768302691578],[-98.65187888250361,30.958486190180594],[-98.65156215629737,30.95947221298146],[-98.65057935535908,30.95911492082393],[-98.64845003013211,30.959109144841158],[-98.64689882738433,30.96006095630678],[-98.64539110489294,30.961321300674477],[-98.6431973354258,30.959387721989007],[-98.64240766688371,30.95762771234989],[-98.6420689795637,30.957287511238434],[-98.64162250339278,30.957070346683196],[-98.64123774777008,30.957084739185884],[-98.64025455067475,30.95685078891251],[-98.63836218574836,30.95570437329204],[-98.63619220726322,30.95466511277857],[-98.63451205494967,30.953752646309546],[-98.63343262133796,30.953408307539814],[-98.63228979361665,30.952819117985563],[-98.63104938729592,30.952029089564103],[-98.62950553905537,30.952904761893784],[-98.62797121026189,30.952045389550204],[-98.62740006230256,30.951864447838766],[-98.6262012955902,30.95186098568398],[-98.62450316169961,30.951470591872543],[-98.62312860187266,30.95068009930194],[-98.62279073830778,30.950154921610636],[-98.62139803251212,30.949426110662277],[-98.61887215049454,30.95023593236211],[-98.61794666835961,30.949934936546693],[-98.61746581545935,30.949535349993567],[-98.6168744401348,30.94859293756596],[-98.61688126104274,30.946883021515585],[-98.61617237260425,30.945324315400434],[-98.61373619365602,30.94607263285986],[-98.6119252466371,30.94705416889248],[-98.60992004792114,30.947059142812293],[-98.60969420157726,30.945736688138123],[-98.60969852247375,30.94467278104595],[-98.60939784287343,30.9438237089027],[-98.60940160771278,30.942898514020808],[-98.61033929076592,30.94108184758021],[-98.61035049096088,30.938321635096884],[-98.60935721476808,30.936221544552986],[-98.6093609122338,30.935311723637515],[-98.60894755604906,30.93418437852518],[-98.60865635726825,30.932644621956673],[-98.60727522536669,30.93134243546366],[-98.6060524718396,30.93069110247052],[-98.60570123864835,30.92911720928583],[-98.60695789818752,30.928026194444843],[-98.60888454911336,30.925335303519518],[-98.61063563509668,30.923133762248256],[-98.60846908009107,30.921508019369252],[-98.60706278278515,30.919869262588783],[-98.6067998584779,30.91855777593998],[-98.60680534538766,30.91721627282412],[-98.60698757133798,30.916384120672344],[-98.60699387032476,30.91484214845839],[-98.60665836304086,30.913792579438354],[-98.60517407040871,30.913788058501826],[-98.6039187529526,30.914570631285375],[-98.60172572908712,30.915103548768922],[-98.60058451204512,30.914282783027623],[-98.59947670065358,30.914032677393163],[-98.59790472166993,30.91358057148463],[-98.59628887345934,30.912927922160947],[-98.5962860608342,30.909350411967626],[-98.5961285214862,30.90853267368828],[-98.59613622364144,30.906697730181378],[-98.5966776328733,30.9055274489783],[-98.59499885767707,30.904997928912938],[-98.59401666849149,30.90465558426598],[-98.59259093793104,30.90351004725864],[-98.59318452939941,30.90267920572981],[-98.59384952435646,30.901894882341814],[-98.5941892770784,30.901895948354856],[-98.59464870875236,30.901080140455708],[-98.5950109912216,30.899986429447214],[-98.59547481835226,30.89812207843753],[-98.59603582702697,30.89652008647435],[-98.5963291539167,30.894809374185485],[-98.59682551802693,30.893700700771905],[-98.59858269279127,30.89253418596536],[-98.59906809925168,30.89191891099306],[-98.59831880189678,30.890612446777325],[-98.59902021994534,30.88881922795193],[-98.59690354569251,30.887887521825988],[-98.59739503015413,30.88579194492395],[-98.59740773682383,30.88275411751185],[-98.59661628961749,30.88176485192839],[-98.59590515718743,30.88079112577319],[-98.59508345472231,30.880634382567994],[-98.5942074266404,30.88063163869038],[-98.59336787105732,30.880459367887553],[-98.59239352596083,30.88044084609988],[-98.59146307704066,30.880638381582585],[-98.59078372790368,30.880636233663846],[-98.58915892348973,30.880122270637468],[-98.58769028849298,30.87865264947956],[-98.58769524180346,30.877496147027284],[-98.58802105536712,30.876067013499796],[-98.58639386862102,30.87662844723035],[-98.58565971057361,30.876919071736527],[-98.58500541724653,30.87730253945647],[-98.5846816805878,30.87776419272266],[-98.58416257472784,30.877901241042174],[-98.58327045422593,30.87748197615741],[-98.58273412406868,30.877480246046716],[-98.58232242347901,30.87760225886609],[-98.58163420168198,30.877584659405077],[-98.58000630347019,30.877826064794224],[-98.57823645078226,30.87780493731737],[-98.57654868794161,30.877413947471858],[-98.57535323691097,30.876870295268947],[-98.57452113824307,30.877052571592223],[-98.57394963634752,30.876942812322323],[-98.57360933206002,30.87706511340812],[-98.57311538801115,30.877587680156545],[-98.57218325385153,30.87813971202151],[-98.5719292111875,30.878971581396314],[-98.57192475554368,30.879973827415622],[-98.57059968480407,30.880447502656885],[-98.56944420880355,30.880983402546427],[-98.56878275590367,30.88096573971622],[-98.56858442226196,30.881335095724236],[-98.56797546331401,30.88157982684185],[-98.56695642972709,30.881576421506672],[-98.56632064618643,30.881805596363723],[-98.56610238970838,30.882637572681343],[-98.56547472693788,30.883051864740622],[-98.56514959878878,30.88377551660025],[-98.56450598014223,30.88377335410391],[-98.56375706187637,30.883339058323],[-98.56194806779487,30.884042151637196],[-98.56076716498026,30.884238699059065],[-98.55997481496706,30.883526724354684],[-98.55938661249205,30.88312378579777],[-98.5581423964162,30.8834896464983],[-98.55696327046923,30.883300522532725],[-98.55584903342846,30.884545721445466],[-98.55407881692284,30.885166749454257],[-98.55291396161246,30.885152480268633],[-98.55161839244506,30.88500920161518],[-98.55101389902241,30.884282360447756],[-98.55155522021936,30.883220225259805],[-98.55154906136977,30.882618798442245],[-98.55171170943679,30.88224926081206],[-98.55081868792465,30.882045781485992],[-98.55010286179724,30.882197467993837],[-98.54915532063217,30.882194171385436],[-98.54854920125884,30.881821956889112],[-98.54822973968255,30.881311942158835],[-98.5474813801688,30.880986526500134],[-98.54679115243374,30.88118365764345],[-98.54571845528834,30.88117989533765],[-98.54480777199939,30.88094530757223],[-98.54411261790331,30.880495716037395],[-98.54356149159503,30.879830701379646],[-98.54325757266979,30.879829626640287],[-98.54275463558662,30.88032129166756],[-98.54212993276498,30.88066851488821],[-98.5410396088771,30.8806646546492],[-98.54014598998528,30.88096067369829],[-98.53962418648452,30.881258091131823],[-98.53912549933095,30.882158844626343],[-98.5378093021497,30.882469972840617],[-98.53681674191418,30.88273360634119],[-98.53620602586153,30.88324325809621],[-98.53554876989064,30.88312117536554],[-98.53441458216572,30.883117100901657],[-98.53392153283889,30.882941743829058],[-98.53313392682871,30.881857671564745],[-98.53313778149959,30.87997852881508],[-98.532695651378,30.87899005258321],[-98.53156858998825,30.87831172948528],[-98.53028039509104,30.877500986556207],[-98.52963983610634,30.876881880299035],[-98.5281222968255,30.874655834916478],[-98.52792773431139,30.874207978735612],[-98.52718742549922,30.87421165881592],[-98.52550978128194,30.87512434830082],[-98.52477817624656,30.87484406460622],[-98.52434209717673,30.874585118000017],[-98.52256802061032,30.875313998815543],[-98.52165538348564,30.87369151009449],[-98.52103249795582,30.873118636360623],[-98.52020822091912,30.873516518970824],[-98.51954675274786,30.87351406556617],[-98.51883263701275,30.87332632209552],[-98.51810237495872,30.87278395283033],[-98.51790259502941,30.872531071007646],[-98.51882205485869,30.87187679562241],[-98.51925801535093,30.870475221996237],[-98.51926982370532,30.86990469617621],[-98.51850314574632,30.869500991731726],[-98.5179257859368,30.868774015956017],[-98.51748332074361,30.867893449742418],[-98.5163458649477,30.866578515259267],[-98.51555816910597,30.866043063006497],[-98.51484178242983,30.865912418572083],[-98.51450061486133,30.865600103867013],[-98.51389286235081,30.86559782375488],[-98.51284005480413,30.86523922397646],[-98.51139436816963,30.864802002704227],[-98.50924404392455,30.864783033738924],[-98.51054525361363,30.863040873265458],[-98.51018662638927,30.862450549547006],[-98.50984472310054,30.861617471851833],[-98.50983623132616,30.860108296950294],[-98.51064464680991,30.85930956400428],[-98.51127278119591,30.858818496781442],[-98.51127942693238,30.857507830326345],[-98.51054371390121,30.85542458098836],[-98.5111950571609,30.853731546182747],[-98.51120414002673,30.851940050263234],[-98.5119363559165,30.849538111612567],[-98.51115846518613,30.847869672388214],[-98.5097647748369,30.844287052850103],[-98.51016517731522,30.84286991116655],[-98.51070890240388,30.84137617932103],[-98.51144683607042,30.84033040757364],[-98.51145792756923,30.838140748561088],[-98.51216892525198,30.835367781153547],[-98.51323900021507,30.834014901849088],[-98.51419547692227,30.83216797281048],[-98.51505514847948,30.831770339027884],[-98.5155319688424,30.831124505845715],[-98.5155354534074,30.830430605659338],[-98.51630807551864,30.829585319725226],[-98.51677514377083,30.82730485277871],[-98.51626255608657,30.82617733761573],[-98.5156138529755,30.82548099949457],[-98.51443637543706,30.825121864804483],[-98.51306374698798,30.8244846345174],[-98.51263055869673,30.82358854095432],[-98.51221653596205,30.822832324699753],[-98.5132336660189,30.820907659202426],[-98.51325094152013,30.819257670884404],[-98.51177785626948,30.817309271753665],[-98.51176485854562,30.81633770626214],[-98.51037760911697,30.81509890145376],[-98.50993918993582,30.81346265344117],[-98.51029274617039,30.812446265584974],[-98.51029469641287,30.812060791839922],[-98.5085366844187,30.811714950450945],[-98.5073575926077,30.811710474075895],[-98.50453156997897,30.81234732235354],[-98.50249949636465,30.811445150113332],[-98.50156615666592,30.810562556285692],[-98.50079930533207,30.810297464470796],[-98.5000132875433,30.81029443311319],[-98.49941004547381,30.80949031139975],[-98.49735551667233,30.80948235758731],[-98.49604605505908,30.80879873308943],[-98.4945274827157,30.80879281995953],[-98.49203835526797,30.808227973951645],[-98.49206027056765,30.80574537629815],[-98.49269041538325,30.804822626578215],[-98.49232242142543,30.80346418971786],[-98.4928826225147,30.802232813759545],[-98.49265605841688,30.801152530679026],[-98.49265343982783,30.799965159756063],[-98.49401099903803,30.798258741978216],[-98.49457205442515,30.796873183271227],[-98.49517064681473,30.79511758159251],[-98.49517523990076,30.794238585770497],[-98.49534650101474,30.79394627704659],[-98.4951704096595,30.793467605634365],[-98.49435017144827,30.793186809449036],[-98.4943650134134,30.792061175681017],[-98.49437413400848,30.790318732264147],[-98.49392932690735,30.78999318698004],[-98.49353208560049,30.78909724861425],[-98.49403609706874,30.788374466089948],[-98.49293453076508,30.787244553135658],[-98.49293857587881,30.78647352077493],[-98.49221186666172,30.78540665700467],[-98.49091774737522,30.784723882274804],[-98.49065478084717,30.784321151533334],[-98.49038834412714,30.78404250418632],[-98.49051800695526,30.783148625750876],[-98.49036092215478,30.782469551774685],[-98.48972075124229,30.781942751746936],[-98.48957211958863,30.780771019677367],[-98.48771210299563,30.78014605822183],[-98.48679271952315,30.780015552330422],[-98.48588693654408,30.780786456642296],[-98.48415096651203,30.779770487290545],[-98.4835806297314,30.777893741316962],[-98.48446170904016,30.77677155601275],[-98.48378614989535,30.77619829128826],[-98.48204436596679,30.774633875057887],[-98.48081973945234,30.774875826546797],[-98.48012911735687,30.774358608788255],[-98.47823637064648,30.773739682272165],[-98.47710231048235,30.77373511382484],[-98.4760149276787,30.773376163933698],[-98.47495075374874,30.772759524220778],[-98.47448400260184,30.772309726052903],[-98.47397234647052,30.771332268020224],[-98.47315075809144,30.771344393733514],[-98.47269157255586,30.770401844590445],[-98.47199939906987,30.769612522287904],[-98.47175407365737,30.768763515825018],[-98.47062885740719,30.768167263347177],[-98.47010681854782,30.767924077743523],[-98.4680316976651,30.76697498504842],[-98.46686917527951,30.767294104385265],[-98.46585306570881,30.76698140556104],[-98.46488427399738,30.76633088303453],[-98.46367979489813,30.765302130511994],[-98.46369230843005,30.76376512665267],[-98.46467993421972,30.76309889866269],[-98.46534879642407,30.762717772866264],[-98.4664404983276,30.76180519407103],[-98.46644684941667,30.760653562584064],[-98.46645438268864,30.75831768117023],[-98.46584944190495,30.757929707736047],[-98.46538366453183,30.75660154032538],[-98.46476186326856,30.756028481989528],[-98.46331070140239,30.75529773280823],[-98.46329964314126,30.754064110463727],[-98.4635355191753,30.75338654504448],[-98.46354133486844,30.752338002177947],[-98.46428166973175,30.75027946908831],[-98.46283194067847,30.749867828678948],[-98.46149513614459,30.74946134439083],[-98.4614805951151,30.748875331411952],[-98.46115411589982,30.748195433459614],[-98.4611570363228,30.747671160283847],[-98.46130189505227,30.747301655918182],[-98.46098221428706,30.74699189230962],[-98.45966120393251,30.746971024011398],[-98.45966748764792,30.745845350575728],[-98.45866858620481,30.744083327516407],[-98.45734986565593,30.74366133189025],[-98.45639180791383,30.744181687818525],[-98.45514214894568,30.74417644858835],[-98.45437890794095,30.74338681551605],[-98.45292420761089,30.741746169363267],[-98.45158528754452,30.741740517707694],[-98.45092330733354,30.741404750093224],[-98.45110057548182,30.740643606152688],[-98.45097803359897,30.740211312679673],[-98.45043702501575,30.739592229921126],[-98.45052894063562,30.73913000726023],[-98.45053550642204,30.73797350355966],[-98.44956256808726,30.73753877983326],[-98.44825456982961,30.737254448581872],[-98.44790909663597,30.736790366241483],[-98.4476894001585,30.736188098539856],[-98.44713605770642,30.736170198280554],[-98.44653203410265,30.73565880214971],[-98.44541162383925,30.734929263558975],[-98.44492958875611,30.734927205809292],[-98.44418962938859,30.73478531981071],[-98.44333451767973,30.73447321728794],[-98.44333797529526,30.733871820756534],[-98.4432244246501,30.733439553268013],[-98.44322841406827,30.73274565219519],[-98.4427487047234,30.732358112398252],[-98.44203950456952,30.731506968251946],[-98.44165318048833,30.73041044210901],[-98.44165904738543,30.729392738008055],[-98.44131914105161,30.728428743716723],[-98.44154946998877,30.728138101478688],[-98.44193883756215,30.72727000193528],[-98.44285085125604,30.7264871585464],[-98.44401465463923,30.7260246629845],[-98.44482881574753,30.725612330512263],[-98.4457175190581,30.72561613057405],[-98.44596936983285,30.725266504956533],[-98.44643959296833,30.724552830992472],[-98.44713332503133,30.724107876518456],[-98.44767935429867,30.723878306762693],[-98.44801920853023,30.72359727587332],[-98.44829419721174,30.7228194136964],[-98.44865822420928,30.72223651528736],[-98.44922410354947,30.721763953981164],[-98.44967688769032,30.721510452142958],[-98.45020257820133,30.72105729237369],[-98.45085988357954,30.72064846090199],[-98.45186887669657,30.720250603776087],[-98.45255097737326,30.720253482747495],[-98.45298242383117,30.72003920070118],[-98.45327571029672,30.719405331580266],[-98.45340633162722,30.718833366375573],[-98.45385581805269,30.718367267746856],[-98.45419048181853,30.717705586450982],[-98.45439685268705,30.71666771515306],[-98.455427764697,30.71538804820187],[-98.4557375756722,30.714767096120386],[-98.45573999034367,30.71433692240076],[-98.45559504088439,30.713481406185924],[-98.4549321964941,30.713088943448223],[-98.45414800857358,30.712228558267142],[-98.45438527340305,30.711124269508055],[-98.45438981887838,30.710315929975025],[-98.45481898271717,30.709531052058736],[-98.45527900368594,30.708704294877457],[-98.45486105980507,30.70770303529211],[-98.45455222979018,30.707064441648875],[-98.45409912944234,30.70680065112746],[-98.45301474341848,30.7063173385122],[-98.4536264925337,30.705189840127026],[-98.45409358773536,30.704883200606965],[-98.45461280768137,30.703987457306894],[-98.45441173866965,30.70317279386311],[-98.45442781581828,30.701283580004787],[-98.4546800888012,30.70068599685498],[-98.45507230493234,30.70023871928796],[-98.45514444593788,30.69989294409293],[-98.45514722263042,30.699433870269168],[-98.45567049218174,30.698744659510094],[-98.45567117400303,30.698623085369242],[-98.45589424365438,30.698427580185385],[-98.45610536032255,30.69786704081204],[-98.45627838662607,30.697475223648794],[-98.4570938547831,30.69642980724657],[-98.45868266190699,30.695467431569643],[-98.45964755493009,30.694991945125157],[-98.46033225622953,30.694704922285364],[-98.46018986068059,30.69396419517658],[-98.46020406574017,30.693438286795175],[-98.46006675285909,30.692571127861033],[-98.46031107575176,30.69148718697103],[-98.46055343043562,30.690721255000245],[-98.46106551057177,30.690106083113438],[-98.46195540864169,30.689660767334214],[-98.46196432801413,30.68805206192537],[-98.46235437920544,30.68601475167546],[-98.46177864085503,30.684459584548087],[-98.46159964973803,30.68414754628001],[-98.4621708174603,30.68351009541735],[-98.46306031757653,30.68330053007813],[-98.46346275743393,30.681915854976303],[-98.4636926003825,30.680819745421772],[-98.46416568465216,30.67941863589961],[-98.46506340345493,30.677551700845083],[-98.465894100751,30.676039890747504],[-98.46668120550125,30.674584020318207],[-98.46722480392744,30.67411858795792],[-98.4674514767214,30.673712690601555],[-98.46767305157611,30.673278624462572],[-98.46753343092308,30.673090938772663],[-98.46600309064947,30.671971634775176],[-98.46616331416354,30.67136431947817],[-98.46573707523932,30.67016535619068],[-98.46730784598894,30.669241777690313],[-98.4679350901445,30.668902299204685],[-98.46794072886954,30.667873485741385],[-98.46850955378555,30.66774482900763],[-98.46875173689119,30.666969547791208],[-98.4693921027381,30.666626083537324],[-98.46939864427,30.665428895828047],[-98.47017150084154,30.664617804502196],[-98.47016666790532,30.664221287272724],[-98.47007656778064,30.663739904193708],[-98.46975084584514,30.66287265552023],[-98.46894687163217,30.662159900920397],[-98.46844804164647,30.661936213339214],[-98.4684506476591,30.66145957578371],[-98.46697073161901,30.661242872047435],[-98.46629881514268,30.661018384113305],[-98.46533950784404,30.660582152925368],[-98.46431154230821,30.660965844621142],[-98.46276679754902,30.659751248813222],[-98.462118373814,30.659903752878755],[-98.46064611860665,30.659487461146583],[-98.46071206842325,30.65914408930238],[-98.46055297678642,30.658932873832644],[-98.45964454018397,30.658585454673386],[-98.45932259835921,30.658839032941263],[-98.45819123853082,30.65815635892604],[-98.45768497678277,30.65702534226577],[-98.45749493998106,30.656614442085687],[-98.45584286990159,30.657427832308812],[-98.45541383631853,30.65731521189258],[-98.45493841642913,30.657501510214523],[-98.45436310567678,30.657199897500963],[-98.45395503428088,30.656799170729],[-98.4535383713976,30.656786328162866],[-98.45263022764595,30.656394413860255],[-98.45248109742732,30.6555403013471],[-98.45211130773724,30.65519509945533],[-98.4514188782314,30.65519217449492],[-98.45070473195358,30.655643797379458],[-98.44981138884455,30.654908279812407],[-98.44941855646911,30.65408632215177],[-98.44801074011205,30.65362596565361],[-98.44752356666547,30.653623896123587],[-98.44602628619093,30.65424927779131],[-98.44447505469707,30.653768946267842],[-98.44299229369247,30.654535592444397],[-98.44232546437559,30.654543825664756],[-98.4421224756641,30.654166035737575],[-98.44133525053961,30.65395209845433],[-98.44042861955089,30.653294181097447],[-98.43896695098917,30.6532989693168],[-98.43822813966857,30.65468144877685],[-98.43836716473858,30.655025612343387],[-98.43828131454352,30.6554686164779],[-98.43805415935425,30.6559442874758],[-98.43739828768722,30.65627400350935],[-98.43739520826242,30.656806093148884],[-98.43582564395024,30.657708310189076],[-98.43380286250921,30.658343953076887],[-98.43230070238606,30.657515591417205],[-98.43076485903302,30.657032223713063],[-98.43039937227313,30.656512804822786],[-98.42929965380401,30.65494998669352],[-98.43006750406447,30.652930304324858],[-98.43049648015534,30.651751271700988],[-98.43077069718402,30.651457979631157],[-98.43078322688561,30.650961556687278],[-98.43111825536747,30.65027304096595],[-98.43153141661776,30.649517572320853],[-98.43187335044921,30.649291873189785],[-98.43187679189506,30.64870290297391],[-98.43176249834313,30.64827314277639],[-98.43153213526999,30.647733731463184],[-98.43192338750883,30.647398851560087],[-98.43204186361672,30.647113278566806],[-98.43235532175197,30.646752854786254],[-98.43262883180653,30.646577352500625],[-98.43283466099093,30.646325770022173],[-98.43299254080043,30.64596466319796],[-98.43298541805854,30.645620313579318],[-98.43336518174323,30.645469811087153],[-98.4338345469876,30.64508485377379],[-98.43413989333582,30.64446350513716],[-98.43426022266813,30.64385815318474],[-98.43474754254008,30.643725672018558],[-98.43601261749684,30.643731164794943],[-98.43667698722646,30.64327966093471],[-98.43656282303196,30.64280797749896],[-98.43565675528694,30.64133989872607],[-98.4359003038318,30.640663663782412],[-98.43672803309417,30.639518599815673],[-98.4373045826233,30.639108807008398],[-98.43809557079052,30.63861583199679],[-98.4391118788889,30.63787134120584],[-98.439117315493,30.6369289024434],[-98.43918853392874,30.636390717100646],[-98.43994874132274,30.636175203908582],[-98.44072031420174,30.635690446453832],[-98.44117360139917,30.634707921078967],[-98.44160484124457,30.634179684320944],[-98.44178069993617,30.63404583878936],[-98.44178273012871,30.63369237000148],[-98.44211554606001,30.63336569582846],[-98.44288006267244,30.63239290236169],[-98.44364283206166,30.631722988787345],[-98.44427245226115,30.63051401309671],[-98.4441586500877,30.630008559390827],[-98.44456931312318,30.629657004441526],[-98.44517448567224,30.6293230019009],[-98.4451802447715,30.628313343247914],[-98.44553509996999,30.627506991325372],[-98.44530461292935,30.62698423603769],[-98.44546274696208,30.626547498045337],[-98.44577594907744,30.626228965038024],[-98.44661254291503,30.626232528606245],[-98.44725664844847,30.62593245483185],[-98.44834622673469,30.625937082846647],[-98.44969260820778,30.625303299401356],[-98.45109575512203,30.625006079820754],[-98.45228162292521,30.625145935695084],[-98.45228825608528,30.623967900934915],[-98.45271876649866,30.623532215339353],[-98.45339989699485,30.623535078641833],[-98.453810610336,30.622558209071588],[-98.45360385139527,30.621852906302806],[-98.4528291766336,30.621210247029374],[-98.4521701509816,30.620753084460663],[-98.45194001518223,30.620146323292108],[-98.45147587364123,30.619639480362366],[-98.45052617202792,30.61897909776828],[-98.45053092681073,30.618137727509815],[-98.45043643751757,30.617632444183332],[-98.45041812895376,30.61693457041072],[-98.45041580321548,30.61671072719791],[-98.45139789358636,30.616222844052636],[-98.45177283691123,30.615298843838954],[-98.45243580077742,30.615032436278227],[-98.45288333875702,30.615034317998052],[-98.45389876740472,30.614382209436258],[-98.4547594100408,30.613578038366487],[-98.45476525537835,30.612534683049116],[-98.45493991302241,30.61187677237448],[-98.45498387387747,30.611710931955773],[-98.45569234998922,30.610283516073064],[-98.45653473167216,30.60924357270775],[-98.45819795703082,30.607550757721082],[-98.4582045147324,30.606372800341216],[-98.4594385717607,30.60488016781025],[-98.46132957933268,30.60418122096136],[-98.46170512812205,30.603122507768095],[-98.46272149011935,30.602268511013605],[-98.46272492437866,30.60164584208584],[-98.46369896674294,30.600322399845027],[-98.46440361513326,30.600170369390614],[-98.4650788113587,30.600498729078843],[-98.46561590777885,30.601460633122272],[-98.46661437443738,30.60193105054757],[-98.46735261712438,30.602119172805654],[-98.46851006762189,30.601475426099494],[-98.46928168362001,30.600833709433882],[-98.46979080740056,30.599984816617255],[-98.47071294151444,30.599524431569787],[-98.47260249830724,30.59907771959427],[-98.4740615473816,30.599083623167544],[-98.47491971156578,30.598683196932082],[-98.47535120204114,30.59804418587251],[-98.47669528023386,30.59805943016637],[-98.47827544466641,30.598280705286967],[-98.47954051962314,30.598285769952778],[-98.48084056779052,30.599218898792508],[-98.48234322558037,30.600193910733033],[-98.48442069106598,30.6009761657357],[-98.48524041274588,30.600474696819642],[-98.4860777836262,30.6003265118031],[-98.48701078286344,30.600481687446536],[-98.48825291035624,30.600922482528745],[-98.48852054003893,30.601951709737808],[-98.48941540219911,30.601955224714672],[-98.48986341179423,30.601855989585033],[-98.49062009330078,30.602279734005325],[-98.49132180240349,30.601996384574004],[-98.4926030614084,30.602539884367598],[-98.49359516080818,30.602543749581596],[-98.4937305620743,30.602712572451082],[-98.49372250777948,30.6042608102057],[-98.49393334327497,30.60486742814289],[-98.49424063267917,30.606072737686894],[-98.49715496688685,30.60608403446209],[-98.49810725115661,30.60724200607957],[-98.4992027771883,30.607674821578474],[-98.50070763585059,30.607922838255497],[-98.50197491706966,30.607939294847174],[-98.50278232194871,30.609310675392933],[-98.50344091371443,30.609885464828075],[-98.50507159131371,30.61061535768834],[-98.50624306900436,30.611620004771567],[-98.50727535813165,30.613450973126092],[-98.50838737453702,30.614276073945177],[-98.50951380171617,30.614925277144284],[-98.51000242324699,30.6154889733701],[-98.51099517482366,30.615776028958358],[-98.51220208386576,30.61615185133603],[-98.51263329496508,30.614643849527226],[-98.51291391069354,30.614263190170202],[-98.51291795670558,30.613455420829816],[-98.51305743183153,30.61279956439401],[-98.51306475669435,30.61133550982979],[-98.51342595849033,30.610883228568408],[-98.51285784504002,30.61040402696862],[-98.51247097029155,30.609465231273997],[-98.51247332926748,30.608994043273782],[-98.51296290121586,30.608356387524793],[-98.51296568060336,30.60780101068133],[-98.51274379493154,30.607242610690598],[-98.51308757659751,30.60677488879389],[-98.51350824956023,30.60573089731067],[-98.51423112656431,30.60573359413445],[-98.51486719397259,30.6049303687482],[-98.51534361728015,30.604643443377913],[-98.51534527107859,30.60431122409008],[-98.51586483867263,30.60431316091426],[-98.51699449888848,30.60431735929944],[-98.51723581781482,30.603487697635423],[-98.51798450162039,30.60284552342384],[-98.51882234860778,30.60247733190077],[-98.52004607680695,30.601700195259948],[-98.52005904129315,30.60088371607341],[-98.52109880260694,30.599803747387174],[-98.52156685990427,30.59956987301425],[-98.52170518428836,30.599132879136032],[-98.52191825209734,30.5988431127693],[-98.52038843104994,30.59788265652249],[-98.520000999346,30.597544637193508],[-98.51958674574429,30.59665910862972],[-98.5218832977513,30.595319183612855],[-98.52191128206903,30.595238623546056],[-98.52285191249462,30.595384158668416],[-98.52380640661998,30.595118447934336],[-98.5246803245593,30.595441347011942],[-98.52532222113544,30.595443689198593],[-98.52740632337438,30.596190924264064],[-98.5283501293445,30.59686837307704],[-98.52891505287722,30.59670212497835],[-98.52950055052489,30.59631715307069],[-98.5301457996137,30.595646298567335],[-98.53072942157907,30.595648404133808],[-98.5317189607803,30.59619055078518],[-98.5326137780247,30.596193767497326],[-98.53380263092957,30.595743640178057],[-98.53438432600866,30.596149619660565],[-98.53559347904233,30.595514447333848],[-98.53648478117903,30.596274915211396],[-98.53722208512657,30.596681436058674],[-98.53778171937891,30.597625815478906],[-98.53842181123964,30.598032067759068],[-98.53921942268546,30.59803489392715],[-98.54019546829282,30.597747714616176],[-98.54136075659117,30.597739475789513],[-98.5423129573176,30.597978427768343],[-98.54427774352388,30.597985322694345],[-98.54513537860035,30.597634927299367],[-98.5472108821654,30.598938037929468],[-98.54828868353822,30.59957640595958],[-98.5491340637976,30.598914891400625],[-98.54975841986952,30.599165673907105],[-98.55042202692947,30.59867988287586],[-98.55100902117042,30.597975115234433],[-98.55101166042073,30.597402932846457],[-98.55181244112286,30.596715702369426],[-98.55221589517821,30.59684657226961],[-98.55326954534462,30.59714141551901],[-98.55424876020828,30.59655350504057],[-98.55481604810684,30.597112684216302],[-98.5562420194158,30.59804356573936],[-98.5564931973524,30.598790203154206],[-98.55825967147653,30.599245225518054],[-98.55926982072533,30.59956844100869],[-98.5625788540076,30.60084683159802],[-98.56365887421919,30.60129980690129],[-98.56426308736748,30.60104942966826],[-98.56524231750251,30.60084508723404],[-98.56599431609148,30.60110562959983],[-98.56706528218331,30.60089048707896],[-98.56768788923537,30.600892560056593],[-98.56873634264787,30.601350431865775],[-98.56970911209937,30.601353651499426],[-98.57007824871424,30.601455782800517],[-98.57062097757124,30.601928855426195],[-98.57130276114265,30.601729114637187],[-98.57161396809978,30.601730139132385],[-98.57202356483504,30.601512693845553],[-98.57301952429562,30.60065767617696],[-98.57360404098299,30.600440799115052],[-98.57414928242783,30.60034175805749],[-98.57461609106691,30.600343285157056],[-98.57461984422815,30.599484927674546],[-98.5750006400771,30.598851969310363],[-98.57524897574415,30.597989199688534],[-98.57564019744026,30.597502389817127],[-98.57607304616833,30.596376221399467],[-98.57607546443309,30.595820924333555],[-98.57674149784262,30.594762812617972],[-98.57868406242372,30.595425500714413],[-98.57969562472243,30.595428771579723],[-98.58016286904441,30.59534609056591],[-98.58051257150643,30.595448213508085],[-98.58097727629112,30.59595451882882],[-98.58144336627797,30.596141202077597],[-98.58210140198652,30.596934305140884],[-98.58248738740285,30.5976591442932],[-98.58247778800573,30.59989738497054],[-98.58335833281689,30.59870541100331],[-98.58425147829655,30.59912896739254],[-98.58543820219423,30.599132751553984],[-98.58650910540398,30.598917368817908],[-98.58861019658157,30.598924025523402],[-98.5895997178165,30.599533035978386],[-98.59014215112775,30.600073247954757],[-98.59043523098079,30.599788073457805],[-98.59055552078722,30.598946970238075],[-98.59079054701502,30.59856069817264],[-98.59203563715162,30.5985646091659],[-98.59296600612171,30.59820211014539],[-98.59359216780736,30.598535788590635],[-98.59468275041004,30.598253092415106],[-98.59522912732541,30.597850897451888],[-98.59599406075615,30.596904155650126],[-98.59708134205016,30.59689727688531],[-98.59807564142409,30.596803472474868],[-98.59953126162902,30.59719102120615],[-98.60145710047782,30.597196934173308],[-98.6020189347043,30.59780454046387],[-98.60302818833273,30.598379814176102],[-98.60370679905455,30.598937273982013],[-98.60434882139486,30.598939230244255],[-98.60481640258507,30.598772351652173],[-98.60532133572481,30.598975789917798],[-98.60604115935523,30.598977970414822],[-98.60633187753737,30.59926494658758],[-98.60632847651571,30.60010642283021],[-98.60656390698536,30.600735455134448],[-98.60729197265853,30.601466378816365],[-98.60808300124994,30.60192954666907],[-98.60872649323406,30.602102971927813],[-98.60940624122303,30.602512185338338],[-98.60958452985747,30.603179104691066],[-98.60991412173522,30.603466189036897],[-98.61053665063385,30.603468054744486],[-98.61169612413737,30.603012001444206],[-98.6129307767487,30.6031891012944],[-98.61343731248289,30.60302231275456],[-98.61380700245998,30.603023409143066],[-98.61392566182418,30.602518871178326],[-98.61431650802452,30.602082523853774],[-98.6154277967945,30.601496815293125],[-98.6158185648414,30.601077187106497],[-98.61640355224598,30.600742233109315],[-98.61667769740947,30.600288732505327],[-98.61763308895178,30.599150265090522],[-98.61876249674108,30.598585671153074],[-98.61992756225723,30.59843901578946],[-98.62092183557999,30.59762748489682],[-98.62165538995954,30.59726781629311],[-98.62246040711658,30.596989017422718],[-98.62332278529774,30.597447254090746],[-98.62381671227863,30.598621804137792],[-98.62438644898464,30.599082721587173],[-98.6243824856176,30.6001092984237],[-98.62533378353717,30.600616930190895],[-98.62757109883773,30.600623353269334],[-98.62795750646224,30.601331342930944],[-98.62795583290087,30.601768843392772],[-98.62814846044387,30.6022741986698],[-98.62841837813559,30.602914550383538],[-98.62878585646045,30.603470903949756],[-98.62878123373001,30.604682581001637],[-98.6288574045779,30.60513719142084],[-98.62916657235932,30.605676658508166],[-98.62939656442826,30.606602905347426],[-98.63009359959656,30.60747998363546],[-98.63045921212057,30.608558105507868],[-98.6306124045209,30.609198036065518],[-98.63060799648783,30.610359298798162],[-98.63148352600474,30.610361781334674],[-98.63305808045834,30.61075323812649],[-98.63467463115147,30.61033709049192],[-98.63587409136322,30.61214113830121],[-98.63738802121324,30.613171952562105],[-98.63861321815789,30.613326854046285],[-98.63923793445423,30.612756395931665],[-98.64116322982231,30.613047816889214],[-98.64231426634868,30.612209503030254],[-98.642624485159,30.611405840415635],[-98.64357038240709,30.610208089704454],[-98.64426923037563,30.609673685640335],[-98.64497087390133,30.60935581458664],[-98.64582913240864,30.609164062552804],[-98.64679547890583,30.609166686605437],[-98.64868882119926,30.608877905861796],[-98.65158775738466,30.608885700728113],[-98.65269420243862,30.60874380267391],[-98.65288794748584,30.609848375805985],[-98.65341166260154,30.610304166523587],[-98.65301927848544,30.611211910673077],[-98.65332887925484,30.611700823355807],[-98.65332264404846,30.613450911277255],[-98.65384488952034,30.614327479919634],[-98.6540555462511,30.615270521477882],[-98.65485090921378,30.615510920735222],[-98.6558162576827,30.61581352158318],[-98.65581413316707,30.616413690739893],[-98.65581034317488,30.61748530433435],[-98.6567984477666,30.618366620216083],[-98.65735346827162,30.618089720442534],[-98.65838427697531,30.618435074091135],[-98.65937719384202,30.618061340144276],[-98.65963016930749,30.61806200344136],[-98.66054314330042,30.61851878136076],[-98.66133946925706,30.618941559985366],[-98.661329485381,30.619492973609407],[-98.661723667026,30.620179874728017],[-98.66211292141163,30.620357248540376],[-98.66304693215189,30.620359671295336],[-98.6632201354235,30.620898622219933],[-98.66370469207766,30.621472069660033],[-98.66414863140622,30.622499717162345],[-98.66483331384104,30.62313753332648],[-98.66582877114337,30.623134130435176],[-98.66651048823944,30.62345129995292],[-98.6679508945767,30.623454984216142],[-98.66837233470068,30.62331859912922],[-98.66896766440914,30.624242260743483],[-98.66983504081655,30.62499663585854],[-98.67057111407215,30.62582368753123],[-98.6708697149709,30.626042819048568],[-98.67086858938185,30.626374367790632],[-98.67112932449476,30.626731030309685],[-98.6710344480277,30.627119056815772],[-98.67103395575093,30.627264666941134],[-98.67099583753848,30.627474878660152],[-98.67099433465701,30.627919774519828],[-98.67092760330613,30.628229899535846],[-98.6710253310259,30.62863740399658],[-98.67141272410227,30.628632668665453],[-98.67204038687277,30.62839966318749],[-98.67273294124442,30.628255797094113],[-98.67335075488614,30.628119890298176],[-98.67408054981621,30.628081221305663],[-98.67460433589882,30.628082534621626],[-98.67509994272926,30.62808377373021],[-98.67554068136047,30.627785584075813],[-98.67577537880489,30.627535446927055],[-98.67605834362779,30.626824315649774],[-98.676423979508,30.626582570083293],[-98.67663927244394,30.62652647305944],[-98.67672252381288,30.62679361890105],[-98.67707971103785,30.627720432870028],[-98.67740939005218,30.627978276294453],[-98.67764368145805,30.628259994441237],[-98.67764078528957,30.62913365397453],[-98.67753700651807,30.62940033578614],[-98.67753459184658,30.630128299037302],[-98.67791572995364,30.63084108106452],[-98.67818582730844,30.631197670694586],[-98.67843970558077,30.63081809752833],[-98.67892796509051,30.63025307679435],[-98.67928455673243,30.629898038144105],[-98.67995975026292,30.629390106128973],[-98.68012991094068,30.628848578195047],[-98.6803742491047,30.628501327678737],[-98.68104872038968,30.62817941384823],[-98.68161127865827,30.62779252403254],[-98.68194914222315,30.627453649031107],[-98.68238931850898,30.627260546850877],[-98.682605819679,30.626864742953906],[-98.68273856283021,30.62629077167016],[-98.68312340648781,30.625903357932792],[-98.68374147435274,30.625678507351918],[-98.6839762867815,30.625355421516705],[-98.68428443407679,30.624887409878937],[-98.68472537033735,30.62511458366842],[-98.68519143247643,30.625625310149353],[-98.68562936297405,30.626152182092813],[-98.68589075924702,30.62629027462614],[-98.68651742398922,30.626291785083392],[-98.6872479591311,30.626018538034966],[-98.68774456039657,30.62573657682154],[-98.68814723381594,30.625600080543688],[-98.6890259379791,30.62574779709348],[-98.68973683145728,30.6257494961742],[-98.69011131843799,30.625645192817892],[-98.69055216756196,30.625233693950936],[-98.69115084349487,30.62523511320878],[-98.69158999031139,30.62538983615087],[-98.69226254908315,30.62571499818256],[-98.69256471270033,30.62476129947412],[-98.69277158213386,30.624446284797884],[-98.69379205122861,30.624125122000876],[-98.69432613020774,30.623843219432658],[-98.6947759696711,30.623561206273155],[-98.69525560625243,30.623381176012852],[-98.69594611336358,30.62324852688617],[-98.69704978711488,30.623251099537008],[-98.69777894244449,30.623374039389923],[-98.6986581900884,30.623376080965045],[-98.69905148779114,30.623215245529146],[-98.69963297266443,30.622706996281163],[-98.7000240964442,30.62324984567898],[-98.70054568524763,30.623987168615088],[-98.70054436652077,30.624415850895645],[-98.70040255308014,30.624908986383357],[-98.7010472416202,30.625112629480892],[-98.70200054637613,30.625365622998853],[-98.70291613177159,30.625723721627196],[-98.70318793592541,30.625546301218655],[-98.70347920746977,30.625102064653973],[-98.70404980655844,30.625103364096034],[-98.70459318669404,30.624821443505496],[-98.70508163215506,30.624134993530998],[-98.70530892927812,30.62318907837974],[-98.70570471172095,30.62223547846855],[-98.70703462348165,30.62163183732504],[-98.70786714974761,30.62162556019929],[-98.708213448493,30.621545505937963],[-98.70905479441844,30.621676787563317],[-98.70920539697582,30.621345486338658],[-98.70954232359786,30.621281543709657],[-98.70999090452149,30.621403873037963],[-98.7102516450243,30.62180078771258],[-98.71025027419518,30.62226190252501],[-98.71116444204911,30.62309710369248],[-98.7120403740113,30.623103243895894],[-98.71228578835704,30.62343114163474],[-98.71241500651907,30.624022023587518],[-98.71310482462238,30.62480823414664],[-98.7136559356593,30.625092521754905],[-98.71393526410193,30.625521818323886],[-98.71422422787434,30.625846024470135],[-98.71460872568055,30.626195227857757],[-98.71499833310412,30.626624174775195],[-98.71524961524528,30.627045426878095],[-98.71547312686776,30.627361420987608],[-98.7158278033015,30.627645351701517],[-98.71624836577143,30.627759452173922],[-98.71674406961993,30.62776052973044],[-98.71716571455978,30.627502657897924],[-98.71764103293955,30.62813461736353],[-98.71803302628852,30.628418539625013],[-98.71819106779476,30.62876673889469],[-98.71866767795191,30.628921443822893],[-98.71917187537143,30.629213756068527],[-98.71947122905839,30.62921440305653],[-98.71989077733036,30.629346552389055],[-98.7202323707003,30.629084799757834],[-98.72090102180057,30.629257560315114],[-98.72170126710681,30.62894326523771],[-98.72195581013246,30.62874551573295],[-98.72265194968041,30.62909183315253],[-98.7228650830664,30.629310072203513],[-98.72332407995576,30.629546229255208],[-98.7240705754653,30.63019495747242],[-98.72427489637835,30.63071305217052],[-98.72487213770174,30.631199715196544],[-98.72526122230582,30.632559434703232],[-98.7259275773122,30.63311018407344],[-98.72682709723713,30.63274229005013],[-98.72776926827342,30.632615712966647],[-98.72853861961872,30.63223148982305],[-98.72928427969504,30.6322928682665],[-98.73022384112541,30.632299358810315],[-98.73104510161942,30.632077978228736],[-98.73132635874498,30.631245559180254],[-98.73164589937302,30.630728470651466],[-98.73127431934059,30.629789426031454],[-98.73125829609086,30.62880246330299],[-98.7314867205996,30.62739547005291],[-98.73178935673062,30.626166592523987],[-98.73208821993744,30.625777006899078],[-98.73182890236606,30.62539005182208],[-98.73181797885222,30.624983444302966],[-98.73235700395529,30.62385428299955],[-98.73297907830637,30.62212444200296],[-98.73296402344054,30.62081399243841],[-98.73309670640464,30.62015098946331],[-98.73382891870115,30.619165725819723],[-98.73399114815325,30.61870813227335],[-98.73540154986172,30.618683536327087],[-98.73654086876351,30.619316861399263],[-98.7373823296733,30.61944787238295],[-98.7384101119528,30.61983821247774],[-98.73928970993967,30.619662018178133],[-98.74005709666945,30.61948559395835],[-98.74073054746826,30.6194869390865],[-98.74144191615524,30.61929426088501],[-98.74271395395375,30.61928056683392],[-98.74327479644012,30.619394936916564],[-98.74404140702549,30.61950971194856],[-98.74454649737042,30.61951070456011],[-98.74509692029784,30.619635887175143],[-98.74611541130233,30.62043592620118],[-98.74626418129654,30.62075978914077],[-98.7466747059915,30.621148774975214],[-98.74764531140147,30.621991981322438],[-98.74896064081017,30.62050076922366],[-98.74970535855373,30.62003066927507],[-98.75089325205789,30.620633041000723],[-98.75189688043604,30.619929421068267],[-98.75262766710617,30.619429192872943],[-98.75315335043068,30.6187022206194],[-98.75386606659058,30.6179270308941],[-98.75386692627829,30.617587245455404],[-98.75467209704723,30.617281411720057],[-98.75497263381541,30.616796660120123],[-98.7554973352813,30.616409378462283],[-98.75615363813968,30.615763466989208],[-98.75615566563727,30.61495458144126],[-98.75630616309176,30.614598941636345],[-98.7572237867646,30.614179956226707],[-98.7582338075543,30.61418183950934],[-98.7584206328789,30.61429536365508],[-98.75913078884022,30.61452329133713],[-98.75961624201302,30.61491245839598],[-98.76001472389326,30.61491697483836],[-98.76098095810109,30.615189981095295],[-98.76208454561416,30.615192004288748],[-98.76262653875092,30.61538708647561],[-98.76294343563707,30.615824584521608],[-98.76348480713968,30.61627853653832],[-98.76397089362476,30.616376465835614],[-98.76453202177541,30.616377482445035],[-98.7649794366858,30.617041569612137],[-98.765745160634,30.617528349315116],[-98.76622981610284,30.61822484815048],[-98.76636318448149,30.617222021395488],[-98.76663984492774,30.61646144042744],[-98.76866688168826,30.615996633538895],[-98.77006476986482,30.614260006528486],[-98.77048528652065,30.614560792951142],[-98.77135235750089,30.61466944921127],[-98.77239373398558,30.61443550636304],[-98.77442836151026,30.615276425610467],[-98.77443994169256,30.614095584973914],[-98.77479112098491,30.61350895947701],[-98.77479347007939,30.61249446777941],[-98.77532953523361,30.611979411344883],[-98.77650335932378,30.611500904797776],[-98.77730475986347,30.6119828061239],[-98.77790082080057,30.612286309404816],[-98.77897067028651,30.61228813087464],[-98.77967207216541,30.611506312040266],[-98.78018865645438,30.61052840029009],[-98.78017075392908,30.609336002021077],[-98.78043922802816,30.608873739373344],[-98.78115975054789,30.608732616769082],[-98.78258206122207,30.6075248198315],[-98.78283053882292,30.60683120369779],[-98.78344835066798,30.606565292408465],[-98.78540357610468,30.60624815030107],[-98.78485170239809,30.60459215442548],[-98.78380555765587,30.60318454564544],[-98.78313795488954,30.602398068254075],[-98.78366480692223,30.601742811943623],[-98.78366690448841,30.60079965566623],[-98.78527235829283,30.600428579237075],[-98.78622028034357,30.59971829270058],[-98.7867516967162,30.598428236186944],[-98.78712959190506,30.59786892310154],[-98.78778811180557,30.597745476098826],[-98.78840523464281,30.597764210051864],[-98.78877670867405,30.59724874356515],[-98.78982639547344,30.59701912745172],[-98.79071156032012,30.596735798203802],[-98.79176184449916,30.596221328375247],[-98.79242150795501,30.595599519875055],[-98.79320368185267,30.59536944827262],[-98.79429316491746,30.595780451590862],[-98.79499295521875,30.59560359878364],[-98.7954880446196,30.595034950095968],[-98.79536490984866,30.594838984062932],[-98.79684515107888,30.593943512089314],[-98.79752921726941,30.592724563390085],[-98.79923878312032,30.59174842230186],[-98.8004666911805,30.591762999469285],[-98.80090597903254,30.591288354605304],[-98.80240202881514,30.59035141902035],[-98.80333747865647,30.5892632202182],[-98.80572358551078,30.589248993754588],[-98.80692050169364,30.588616732556897],[-98.8075929257181,30.58681736140685],[-98.80907307172691,30.585801430177415],[-98.80932609300648,30.585290182015825],[-98.80959441259533,30.58480105484244],[-98.80983131630204,30.584632429674645],[-98.81013507442886,30.58444600575308],[-98.81051567534335,30.584446560239165],[-98.81062910830926,30.58429548083634],[-98.81107107314082,30.584402915910218],[-98.81156734202963,30.58309556055511],[-98.81178463731035,30.582366215934993],[-98.8116416946874,30.581858845083758],[-98.8116428642939,30.581253793017595],[-98.812364479165,30.580365026745866],[-98.81329048591607,30.580143866168775],[-98.81404234526616,30.579575430716115],[-98.81418689048358,30.579246430923686],[-98.81476396013726,30.578668837164287],[-98.81534986472175,30.57880318073827],[-98.81586473502516,30.578501342079832],[-98.81663521645109,30.57891171082588],[-98.81856956054901,30.578398432532023],[-98.81931205586059,30.57730497191485],[-98.81931377164277,30.576379541711578],[-98.81947863226034,30.576237350883268],[-98.81970489542253,30.576237663339803],[-98.82009572275824,30.5762026620127],[-98.8201785806651,30.57587357188888],[-98.82042590482912,30.57566923051045],[-98.82066278877294,30.575384802477632],[-98.82079701414436,30.575109137964567],[-98.82089021255847,30.574753341064348],[-98.82089096265173,30.574343980278535],[-98.82101512240041,30.57394377976482],[-98.82052348073361,30.572884236599656],[-98.82142078361642,30.57142614778013],[-98.82182490781496,30.569736063770726],[-98.82166144587428,30.56917523388219],[-98.8213028285314,30.568445080703256],[-98.82118109243736,30.567581738778156],[-98.82148072011047,30.566799133048118],[-98.82148251224946,30.565820345481296],[-98.82167878695252,30.565322268228257],[-98.82250264267938,30.56463826399772],[-98.82288432786045,30.563944748564694],[-98.82337796468549,30.5639454215143],[-98.82407733008363,30.563848479591368],[-98.82462141898996,30.564356380925574],[-98.82593879835413,30.563664112692376],[-98.82671110605503,30.563060086492786],[-98.82710181660977,30.563060606293092],[-98.82817236678162,30.562412437115043],[-98.82904594066619,30.56262709263602],[-98.82984710944054,30.56316210962755],[-98.83154444023727,30.56271050700007],[-98.8315453646037,30.562176618403665],[-98.83207079370496,30.561581066183727],[-98.83259744541331,30.56027374661351],[-98.83369816909726,30.5599992203465],[-98.83497308509791,30.56000084632076],[-98.83569292489803,30.560001754452912],[-98.83587919416546,30.55928131677237],[-98.83629126755595,30.55881021122801],[-98.83629226917749,30.558214062050947],[-98.83652928697026,30.5579117926561],[-98.8371995173088,30.55673806135473],[-98.83778794076936,30.555359544910694],[-98.83850763324575,30.555369346089797],[-98.8392688233967,30.55512115780708],[-98.8398137746857,30.55512182617646],[-98.84038265260232,30.555216212417005],[-98.8407498156185,30.554873844579593],[-98.84122324124796,30.554616303999033],[-98.84139864898528,30.55421614200683],[-98.8412246012973,30.553779930021097],[-98.84132838276376,30.553246170990214],[-98.84196497478818,30.553665128191565],[-98.84246884881419,30.553665738551917],[-98.84334313596108,30.553408759485897],[-98.84410294180817,30.554068163226002],[-98.84452350158317,30.554691538462087],[-98.84585943385288,30.55511131328269],[-98.84674273918692,30.555726315650666],[-98.84751381350094,30.555727222275703],[-98.84785335871203,30.555585281980935],[-98.84838837912557,30.555354504303974],[-98.84866562347678,30.55556841579002],[-98.84905631786182,30.555559963740908],[-98.84919006443121,30.55552448926215],[-98.84937553958792,30.555248940818515],[-98.8496576025023,30.554980725100698],[-98.85028134861815,30.554627031227916],[-98.85056985424974,30.5542091766664],[-98.85084742199444,30.55420949306181],[-98.85156766962967,30.553854392320357],[-98.85230823176676,30.553668364880657],[-98.85248297564907,30.553739729824485],[-98.85294584607395,30.553571196085947],[-98.8532861934806,30.552886450692288],[-98.85402787941008,30.55194403366262],[-98.85451154942704,30.551686535592324],[-98.85515952580106,30.551464847785446],[-98.85542749594525,30.55099351785873],[-98.85611719996251,30.550451485961972],[-98.85655008462321,30.549731208699043],[-98.85729133576808,30.549046806009287],[-98.85783680538503,30.54860249721548],[-98.85817610445773,30.548602864688586],[-98.85878291014396,30.5484344682471],[-98.85918572998871,30.547135809642306],[-98.85936865572664,30.54671135228594],[-98.85956708189481,30.546513352164993],[-98.85933161010264,30.54581006752921],[-98.85962162310729,30.54429769637049],[-98.85963335869815,30.54329219371962],[-98.85975811043662,30.542340250102075],[-98.85962551460909,30.541592630265935],[-98.85962702108382,30.54054266649212],[-98.86034751934902,30.539920654950745],[-98.86089829711096,30.53951860026116],[-98.86137632121638,30.539352154812942],[-98.8617876903277,30.539299151615957],[-98.86232234243197,30.539175110126404],[-98.8626929513856,30.538837474179523],[-98.86285803927693,30.538374925673054],[-98.86364121659277,30.537049847723246],[-98.8632005103009,30.536088402668028],[-98.86320184250246,30.535136324989434],[-98.86429193103176,30.53484380168935],[-98.86523800255301,30.53459565068841],[-98.86523951351931,30.53350115249771],[-98.86524048369982,30.532798209247286],[-98.86566237298142,30.53241599823966],[-98.86639250567805,30.532194252507246],[-98.86728741455063,30.531785885211335],[-98.86756577910099,30.53115439079131],[-98.86741294692506,30.530193167489074],[-98.86777328813497,30.529730895066542],[-98.86803097077252,30.529241632484734],[-98.86822733800207,30.52844107757569],[-98.86877321994571,30.527640794636284],[-98.86861980476318,30.52703557781422],[-98.86862109743888,30.526074513404012],[-98.86862185202372,30.525513904035787],[-98.86872498310991,30.525255968318625],[-98.86857136131486,30.524882073251113],[-98.86819162727458,30.52441014613956],[-98.86848028921304,30.523894275125244],[-98.8691078217278,30.523414455585336],[-98.86986834173555,30.523424125342796],[-98.86996100116048,30.52329960857017],[-98.87020862715843,30.522614721681713],[-98.87092863763843,30.52220606958924],[-98.87224493543098,30.521655664229662],[-98.87308884335162,30.520820025520106],[-98.8736551224421,30.520090993649234],[-98.87389244925534,30.51938819095205],[-98.87389383894909,30.518311502292885],[-98.8743367874359,30.51747555236603],[-98.8742139383292,30.51716395629474],[-98.87421460128589,30.516647878110547],[-98.87394748723617,30.51652301369546],[-98.8738655878317,30.51629161230348],[-98.87364030383318,30.515641802136464],[-98.87380519948505,30.515330568559904],[-98.87432964403276,30.515108576433366],[-98.87473112448943,30.514583979870366],[-98.87538881075332,30.51458460904988],[-98.87572864522194,30.514068773333538],[-98.8760884016286,30.51406911385071],[-98.87636607088294,30.513900320889277],[-98.87714733658385,30.51371418905768],[-98.87695277406972,30.513162302328688],[-98.87717969839196,30.512521829424177],[-98.87718038739978,30.51197020757211],[-98.87749942227632,30.511623405168713],[-98.87750042749111,30.510822567366876],[-98.87769601228803,30.510555807000312],[-98.87838462844549,30.510556451684533],[-98.87838573876317,30.50966663093405],[-98.87879753816752,30.509079769223302],[-98.8795686690754,30.508813536549027],[-98.87935380553417,30.507959059367757],[-98.87955004789787,30.50722957502283],[-98.87929364805453,30.50677551731968],[-98.87961269999906,30.506393166813627],[-98.8794899766565,30.505894786274894],[-98.8794907348346,30.505280819727627],[-98.88008720989507,30.5048987234006],[-98.87999536793703,30.504382559211226],[-98.87999665612115,30.503332506801343],[-98.88022354720573,30.502683203674323],[-98.88002910955741,30.501953356221573],[-98.88041058453273,30.50097481829319],[-98.88149032536826,30.500379647746634],[-98.88187172758,30.499365567262505],[-98.88187286574546,30.498422474650795],[-98.88172958176271,30.497995163483953],[-98.88173033455091,30.497372205410134],[-98.88248062454419,30.497168282433595],[-98.88341601060516,30.496991160119308],[-98.88325172850261,30.496839682198196],[-98.88291285163808,30.496634778168957],[-98.88291341847504,30.496163148943396],[-98.88291398351535,30.49569151975358],[-98.88323317649538,30.49514900592553],[-98.88413700294376,30.495630346647644],[-98.88467132267138,30.495479494362744],[-98.88532300729088,30.49412054922997],[-98.88650133194064,30.494680177775813],[-98.8879407743856,30.49396964893424],[-98.88844247987853,30.4932230998222],[-98.88900030761882,30.49285832010091],[-98.8897401295441,30.492858945550616],[-98.89076785073814,30.49266403570923],[-98.89145658187996,30.492362036072844],[-98.89224782067717,30.492362692488776],[-98.89323454006671,30.492034296634152],[-98.89373859016251,30.491491823565365],[-98.8944273949662,30.49119871607213],[-98.8946131459057,30.490433652672625],[-98.89402802465212,30.48996163265857],[-98.89355744488547,30.489444413068842],[-98.89379343410725,30.488341947171133],[-98.8940510511678,30.487692559469206],[-98.89416436825098,30.487336724819468],[-98.8941768000362,30.485352404540098],[-98.89393067152982,30.484987366944026],[-98.89393089521033,30.48478268258145],[-98.89462742552544,30.48402273768476],[-98.89480565217612,30.483386394954692],[-98.89480623608107,30.48284359343534],[-98.89490928901382,30.48255000933675],[-98.89490966540792,30.482203071068547],[-98.89524805628389,30.48220141360003],[-98.89554536360863,30.481880086362278],[-98.89618462901933,30.481296372752176],[-98.89618516800851,30.480789116322136],[-98.89645311659312,30.480059654289807],[-98.89667916146469,30.479962030991263],[-98.89733688635617,30.479802312560683],[-98.89781047817397,30.47889504608379],[-98.89781157501692,30.477845070844147],[-98.8982236052883,30.476795501573726],[-98.89799826200094,30.476136737865684],[-98.89715704812785,30.474979306919245],[-98.8978563075248,30.47430354068729],[-98.89818556433096,30.473823341753757],[-98.89833003588652,30.473236119039075],[-98.898907728971,30.470869583309824],[-98.89931973678449,30.46980211163073],[-98.89997813092083,30.4689127938208],[-98.90073867877635,30.468575257629436],[-98.90006214585777,30.467097580259402],[-98.89946751863188,30.46597605930586],[-98.89854424186096,30.464800673264204],[-98.89810131762866,30.463246029846182],[-98.89778612933819,30.462824651090784],[-98.89820172412459,30.461831464528842],[-98.89848659247761,30.46090312382432],[-98.90035687591597,30.460192703070767],[-98.89994698812657,30.459142327945674],[-98.90031806959404,30.457914666768552],[-98.90085288429337,30.457238756577443],[-98.90124339003222,30.457025542423683],[-98.90149036924316,30.45659863029035],[-98.90122411937274,30.455744144523774],[-98.90122522969044,30.454640724754857],[-98.90079435366272,30.454124314150366],[-98.90079541996296,30.45307433668967],[-98.9010422922744,30.45264733909898],[-98.90133136743788,30.45124164710881],[-98.90209271659063,30.44996083527457],[-98.90308783702471,30.449596907943295],[-98.90406537293711,30.449250434640454],[-98.90505296998069,30.447524858457097],[-98.90741562990777,30.44709945667131],[-98.90885306371975,30.447527566645416],[-98.91047661139062,30.446585506771388],[-98.9118325814811,30.446266041496425],[-98.91259144948702,30.447565750775535],[-98.91466498035167,30.4488128014267],[-98.91569201702951,30.448813465880477],[-98.91659605098872,30.448511557132463],[-98.91766479105527,30.447818184935667],[-98.91793226892271,30.447355628679443],[-98.91902123994778,30.446911395727007],[-98.92033637082878,30.446342681784632],[-98.9205428818345,30.44497251824961],[-98.92054471619431,30.44271231922884],[-98.92085675319478,30.44131416061528],[-98.92134731149334,30.440755098188465],[-98.92367679034876,30.44129441289091],[-98.92513659041471,30.440866642648775],[-98.92615330095833,30.441078295169675],[-98.92717994417404,30.441505973094596],[-98.927919599911,30.44120380782047],[-98.92833082888514,30.440598967948283],[-98.92924342828059,30.439958012092166],[-98.93102193084638,30.439941910402098],[-98.93157729271124,30.438838862403955],[-98.9315780023803,30.437824424379677],[-98.93122431229675,30.437183461128033],[-98.93172298867053,30.43599139696011],[-98.93270941431096,30.435208875681344],[-98.9328536244568,30.43447927602238],[-98.93472348389035,30.433270001713066],[-98.93550551315928,30.430778863939334],[-98.93747919987338,30.427469635714417],[-98.93998629542341,30.424819047054488],[-98.94150670931313,30.423502883695942],[-98.94388885010547,30.42350393253507],[-98.94524441325912,30.42314849007884],[-98.94791380653322,30.423736839604267],[-98.94926917115916,30.423737370219513],[-98.95144017821532,30.423078764464215],[-98.95225576405166,30.424107788542806],[-98.95269797232667,30.425144660957912],[-98.95269735338744,30.426425968436167],[-98.95309516871777,30.427258808033276],[-98.95349062686876,30.427762598827567],[-98.95499691295402,30.427779425994448],[-98.95600325963422,30.427388123901107],[-98.95694821544788,30.426783371074837],[-98.95795447049991,30.42678370027839],[-98.95891962852602,30.426979789217842],[-98.95891935992972,30.42762048258292],[-98.95965862310291,30.427780949610455],[-98.96056220610787,30.427781227687788],[-98.96089119252112,30.426820241867492],[-98.96163138275564,30.42459588256566],[-98.96339789550737,30.423475146777818],[-98.96598539117363,30.42347584858615],[-98.96738140276956,30.42486439129452],[-98.9681618177659,30.42486458494748],[-98.96892158768037,30.424864767755864],[-98.96993552692135,30.424410006013193],[-98.9703517999358,30.424297084827707],[-98.97206400773196,30.423530729827995],[-98.9731106941583,30.422336524260373],[-98.9733775836292,30.422088365955794],[-98.97405640276017,30.421982716678446],[-98.97623315094931,30.421983130333427],[-98.9771986853695,30.420524026717132],[-98.97719884616795,30.419829976773688],[-98.97824650996131,30.417712282646786],[-98.97999202279662,30.41771256385147],[-98.98091601732145,30.41797964986826],[-98.98161438828458,30.41678734171571],[-98.98212778355429,30.41655609058797],[-98.98249760288877,30.4157374758005],[-98.98317524253179,30.415381633204046],[-98.98465371947078,30.415381812931503],[-98.98481801594635,30.414936916836137],[-98.9854340509238,30.414812376708635],[-98.98570108143021,30.414563270411975],[-98.98715909923862,30.413744758213255],[-98.98908709134918,30.41374535008419],[-98.98935634249096,30.412605983423155],[-98.98867883490033,30.411324533207406],[-98.98906915738284,30.410256765776232],[-98.98987001264516,30.40931355643529],[-98.98974687517928,30.40854832180514],[-98.98974695602764,30.407800826765527],[-98.99038354805205,30.4070533810101],[-98.99036986311701,30.406240678517893],[-98.98935606491156,30.40532976217925],[-98.98818700279068,30.403529404187385],[-98.98818749866072,30.39940045050212],[-98.99017899627196,30.39940061631229],[-98.99104136187674,30.398866861007996],[-98.99206786226031,30.39908052231717],[-98.99412092950283,30.398689068737117],[-98.99539387819304,30.39803069067104],[-98.99600985837324,30.396197599846282],[-98.99691317457855,30.395414500640744],[-98.99882249700255,30.394934155631713],[-98.99882251317223,30.393296737128047],[-98.99960249248565,30.39262050075725],[-99.00005426781846,30.392068617462886],[-99.00122445732501,30.392068612813627],[-99.0029487276988,30.390573760679466],[-99.00364674203074,30.389630462725968],[-99.00405737811678,30.388900769500466],[-99.00405734487912,30.388064375141575],[-99.00543258742567,30.38658714221519],[-99.00728011114802,30.38555479109094],[-99.00725944899818,30.38404206769253],[-99.00756726301849,30.382778549966474],[-99.00734141936952,30.38242254231283],[-99.0073413816403,30.38194207995399],[-99.00695135290687,30.38135475955674],[-99.00695130439784,30.380696244517186],[-99.00598647785007,30.3800555911408],[-99.00343181650575,30.380073241796723],[-99.00186773820501,30.380971010896914],[-99.00087879638345,30.37883843681064],[-98.99919784277266,30.378195383536568],[-98.99687407899908,30.37821677459156],[-98.99534139502087,30.378495360067333],[-98.99445136579695,30.379909992481835],[-98.99341312173765,30.37997422340462],[-98.99232533109884,30.379052564285573],[-98.99138605982428,30.378934616065365],[-98.98965535481813,30.380113296746394],[-98.98814742751085,30.38043465331058],[-98.98602118081035,30.38206337620997],[-98.98364819924065,30.380241243705058],[-98.98107731342398,30.37993016646122],[-98.9798909829884,30.378536833101037],[-98.97895144221927,30.379308214371132],[-98.97702329919176,30.378686348220803],[-98.976603241575,30.378021878053726],[-98.97462576576703,30.377207042252795],[-98.97331675420975,30.378023263724216],[-98.96923682268324,30.37686288951839],[-98.96856927022257,30.377270003969066],[-98.96745675615054,30.377462655316037],[-98.9661465902581,30.37751584892516],[-98.9640209355474,30.37670081360741],[-98.96419475955486,30.37466473513911],[-98.96476370754006,30.373593135141274],[-98.9618227733185,30.371791958958063],[-98.95994381035784,30.372863069508025],[-98.95822892468382,30.373354088100143],[-98.9580990552432,30.373391268153156],[-98.95675474438681,30.373183536932803],[-98.95553102786577,30.37268922129937],[-98.95484834777571,30.372413547332233],[-98.95450619655197,30.37110371102953],[-98.95391314856434,30.370664047047768],[-98.9535911627221,30.372035743708146],[-98.95292318445999,30.373257247686468],[-98.95171172455265,30.373685425092212],[-98.9467919670502,30.374819551817676],[-98.9437249120577,30.378001013944953],[-98.93984166127277,30.38145015827907],[-98.93865487808631,30.381685386694613],[-98.93769124899282,30.38091331509725],[-98.93653020972576,30.37956245566515],[-98.93509609968032,30.38011901367737],[-98.93329027844842,30.381714938804212],[-98.93099091381625,30.382313858031498],[-98.92787590765221,30.382205041887737],[-98.92706079971958,30.381218628172906],[-98.92377296308477,30.381195239157304],[-98.92211683172192,30.3808836201524],[-98.9206588139135,30.380196749026116],[-98.91643304269726,30.37839377024111],[-98.91445552017689,30.378306698809414],[-98.9134183163667,30.377041504251384],[-98.91233126773633,30.376387056007665],[-98.9105274551374,30.37554985471611],[-98.90978639623196,30.37490637680296],[-98.90944110449801,30.37407024475108],[-98.90865058075977,30.37349100545677],[-98.90721755947244,30.372825514142168],[-98.9063767588244,30.373167911715285],[-98.90575717280664,30.37483925409233],[-98.90494139293419,30.37483866353565],[-98.90405112386007,30.375202351221876],[-98.90261726713955,30.375287079478074],[-98.90041648991487,30.376014097536196],[-98.89843773400762,30.377180705764523],[-98.89660929499348,30.37636480585596],[-98.89398888685182,30.376405561372064],[-98.89089746775218,30.37768903756197],[-98.88928971965052,30.37844854197807],[-98.88634761672078,30.378724733661333],[-98.8843196052882,30.379558846623684],[-98.88305748219548,30.38071509857373],[-98.88201579399536,30.383414762906387],[-98.88171720118146,30.385097030134986],[-98.88228374258,30.38683368827865],[-98.88146652091154,30.387947473845568],[-98.87978538584105,30.38796736720007],[-98.8782036152208,30.38758005203529],[-98.87563004074647,30.38943166334228],[-98.87374959736222,30.39058723436128],[-98.87206985198549,30.389428224366856],[-98.87046313155652,30.389297999624546],[-98.86954776085842,30.389682934487798],[-98.8678405809329,30.390667182198133],[-98.86487436632262,30.390128311404382],[-98.86215640293774,30.388968012736655],[-98.86238001517152,30.38819663874778],[-98.86248037854834,30.38712507552476],[-98.8621905595798,30.382237981922046],[-98.86196925332133,30.38144470878594],[-98.86095725444139,30.380286259140647],[-98.86076064556502,30.37951443765588],[-98.85987032169369,30.379770690234714],[-98.85922642367107,30.380584463113074],[-98.85776680236988,30.38131156033861],[-98.85621179525688,30.379659497524607],[-98.85507636426362,30.378404406848926],[-98.85460742392239,30.377932245742883],[-98.85376677868287,30.378017182428387],[-98.85213533212571,30.377972410842695],[-98.85164140694147,30.377628938916335],[-98.84877059071941,30.379768986076442],[-98.84716413170017,30.379531340562036],[-98.8455091681472,30.378650648840825],[-98.84444833505177,30.377320513895864],[-98.84316201943014,30.37781196036541],[-98.84177888967538,30.377092287868056],[-98.84046980176129,30.37638336469931],[-98.83785092614549,30.375544251443362],[-98.83607101591964,30.37558488252615],[-98.83453694673928,30.37644018587753],[-98.83307841060297,30.376459840550808],[-98.83233657555311,30.37656610638234],[-98.83110153846285,30.376007252740823],[-98.83073225811754,30.375138703843206],[-98.83026471016497,30.37393778299722],[-98.82808909834468,30.374063580398065],[-98.82608739856674,30.373825156845786],[-98.82378540187081,30.375472431873224],[-98.82133647582867,30.376390788390697],[-98.8196815428184,30.375649000040728],[-98.81877964056136,30.375577507598763],[-98.81774143512962,30.37433004178585],[-98.8175455386173,30.372997868638464],[-98.81526635553631,30.372908706810676],[-98.81380524931994,30.372519945441816],[-98.81269259421241,30.371336779516188],[-98.8112301216585,30.371678426645214],[-98.8095935358396,30.372449428021422],[-98.80740121355838,30.3728986981494],[-98.80532424484112,30.373174252170177],[-98.80445850336751,30.373451673211903],[-98.80403876465269,30.373225936820905],[-98.8024815899049,30.37311645954061],[-98.80193955814056,30.373033378652213],[-98.80149314844496,30.372964895264158],[-98.8000556221065,30.37482740575773],[-98.7995093323277,30.376069736280478],[-98.7987909442051,30.376775964746802],[-98.79836823386331,30.377996966205068],[-98.79796999632482,30.3792824558043],[-98.79865763062368,30.381533987595713],[-98.79897656848215,30.382724032513526],[-98.7993175330314,30.385232227754464],[-98.79768241505967,30.386922913345522],[-98.79626843446309,30.389214118851275],[-98.79396396560351,30.391675321797504],[-98.7931169674783,30.39469614020222],[-98.79204827502245,30.397330750922517],[-98.79070757539351,30.399943407629348],[-98.7904581949858,30.40092896364402],[-98.78800758550084,30.402189597617912],[-98.78428978013673,30.40617010950558],[-98.78394106312659,30.407326901062174],[-98.78284966036205,30.40887906298923],[-98.78082596174113,30.408673932868822],[-98.77899091292312,30.408300290360927],[-98.77693041032502,30.40757744439176],[-98.77544937947566,30.406376028167895],[-98.77383984013333,30.406438619347252],[-98.76984233532237,30.405941181527737],[-98.7682592953826,30.405415239077364],[-98.76622507928634,30.404256343824194],[-98.76441307674695,30.404798081579518],[-98.76131659294575,30.40618753541169],[-98.75885093039155,30.406662539683413],[-98.75756455188787,30.408185978462182],[-98.75230861156841,30.40813250482411],[-98.74971584368973,30.40910847448675],[-98.74812525341,30.411546778243572],[-98.74281308304536,30.413683525894957],[-98.73878680519583,30.414547383768177],[-98.73727501603116,30.415590714069126],[-98.73689395248427,30.41698493812038],[-98.73746632484732,30.419274857364538],[-98.73874425649241,30.421021283321743],[-98.73929388261416,30.42248282423695],[-98.7392891305263,30.424270200988186],[-98.74054335652936,30.425558790406726],[-98.7403145915591,30.42645202905721],[-98.7383459902078,30.42893305985737],[-98.73841686189385,30.430644292489156],[-98.73821193731291,30.432038950517605],[-98.73876386132517,30.432585045046434],[-98.73797795223254,30.43487223040357],[-98.73649183512204,30.43558849364632],[-98.73505741515783,30.435825396293545],[-98.73382191363856,30.436869162824248],[-98.73354276216402,30.437751448570207],[-98.73243308946323,30.438795457040868],[-98.7323800205895,30.439798020501236],[-98.7330581471194,30.440191803839834],[-98.73303184265123,30.44062767275244],[-98.73282937316597,30.441085026202074],[-98.73199739756727,30.44173720225563],[-98.73244867972498,30.442283116236002],[-98.73232111895463,30.442936737177803],[-98.73196812686204,30.443219430877754],[-98.7315149914799,30.44334924060218],[-98.73058280252306,30.443826848938393],[-98.7294750126911,30.44415158233066],[-98.72922107063837,30.444979375248835],[-98.727959908743,30.446153772914283],[-98.72732863744004,30.44700262201168],[-98.72712668179112,30.44813124370974],[-98.72621616558881,30.448951267920346],[-98.72445385874926,30.449383395955703],[-98.72269332248914,30.449183466805508],[-98.72136007708042,30.449093494023742],[-98.72100967752576,30.44848238767182],[-98.7205336494769,30.44778379561064],[-98.71983448619972,30.44592954436556],[-98.72061876574841,30.44442709639423],[-98.72029897628704,30.441832561345517],[-98.71977387417256,30.44074154778624],[-98.71892128852627,30.439758803251983],[-98.71892353970439,30.438974100234255],[-98.71865088484599,30.43757844467441],[-98.71837595006339,30.43694564552769],[-98.71729651914661,30.436158689247076],[-98.71613889257934,30.436330611332615],[-98.71530947178928,30.436078073847316],[-98.71455514836038,30.435945685346493],[-98.71372723045182,30.43518092367416],[-98.71179395894235,30.433934190481764],[-98.70973187441103,30.433733422576122],[-98.70912059691132,30.433862723663992],[-98.70953669655093,30.431863011763056],[-98.7095984611166,30.430848546096897],[-98.70940488405435,30.429258359493446],[-98.70950958539564,30.42743255912585],[-98.70827650483606,30.425195666665733],[-98.7069415050176,30.422951722611685],[-98.70647682538575,30.421904817053342],[-98.70528930378411,30.421361945656898],[-98.70283885330095,30.42204220628496],[-98.7017287844431,30.42109665909468],[-98.70212666355381,30.42036881690633],[-98.70158843525637,30.4184386185638],[-98.70077700861981,30.416893555933513],[-98.69682246933056,30.41618786305718],[-98.69325089981326,30.419523137473345],[-98.68865520865124,30.418161891547463],[-98.68749610884686,30.41717325664245],[-98.68705871464346,30.41472875335558],[-98.68676476522124,30.413849314012314],[-98.68639569867496,30.413269748891718],[-98.68600390295536,30.412068503434657],[-98.68467315306651,30.41058645219425],[-98.68235714175384,30.408019664745552],[-98.68137102513384,30.40707408086513],[-98.6805059690748,30.406943409373532],[-98.67845100099716,30.40775282186068],[-98.67847087173124,30.40923171568712],[-98.67629041799155,30.410533760794493],[-98.67433286412164,30.411750619397633],[-98.6744009115044,30.413594050255732],[-98.6732888816243,30.41337692524536],[-98.67178165140969,30.41303024113691],[-98.67069236327931,30.413348976279092],[-98.66930315911661,30.414631468993658],[-98.66714821573437,30.415686896647923],[-98.6665821675109,30.414849570423147],[-98.66683253696374,30.41395004811164],[-98.6673800125187,30.412944066697953],[-98.66703636739665,30.412193012975912],[-98.6667439909245,30.41090626210943],[-98.66659870190203,30.409984302917252],[-98.66704382610845,30.409996110576234],[-98.66739146064867,30.409568385139423],[-98.66801081669773,30.40922705410074],[-98.66818511501567,30.408884505528853],[-98.66806235933379,30.408605650326347],[-98.66853483813894,30.407835159686726],[-98.66853911052641,30.406570593881124],[-98.66725568837832,30.40583857895798],[-98.66678920133613,30.404872946911425],[-98.66548506942745,30.403004925486705],[-98.66638032325308,30.40150685718514],[-98.6668281495919,30.400682789418664],[-98.66680525063698,30.400146984006696],[-98.66661039527209,30.399267668217625],[-98.66527767178454,30.39855701769093],[-98.66473552503585,30.398019798957723],[-98.66479125471943,30.396176677631104],[-98.66457493321252,30.394354282189123],[-98.66425799410554,30.393046033954533],[-98.6640152360781,30.391759400375246],[-98.66293173848806,30.39048135804485],[-98.66110281438365,30.39030512972826],[-98.65890530433168,30.38948495039787],[-98.65462724308108,30.38973091495517],[-98.65119077748756,30.389721783643033],[-98.64753108683414,30.389904883180616],[-98.64521169605935,30.388623269099778],[-98.64360933964602,30.387354408717],[-98.64246990036997,30.38795140571258],[-98.63877687323635,30.39049175234792],[-98.6379847855312,30.39073608866655],[-98.62120351760869,30.390629353940493],[-98.59845296797941,30.390481246461462],[-98.59689428316362,30.390755074065794],[-98.5910830321833,30.391058493579738],[-98.59001836777321,30.391419487874856],[-98.58721393615232,30.393961239031146],[-98.58392201308126,30.394808102275018],[-98.58441171169211,30.395924253177718],[-98.58396326641406,30.396737277081353],[-98.58380746800108,30.398505003966186],[-98.58218846041565,30.40127543039403],[-98.5808729037332,30.40247142774274],[-98.58025108719858,30.403326735933753],[-98.57933190135547,30.40433115301293],[-98.57964765378796,30.405682446292218],[-98.57912072450017,30.407438298581898],[-98.57938621259923,30.408960925725683],[-98.57923044922055,30.410696462336926],[-98.57949906794838,30.41149035244666],[-98.58058531528151,30.411901115605467],[-98.57954749792196,30.413378627267978],[-98.57733500397106,30.412859608933985],[-98.57619985415047,30.413581062386964],[-98.57496443886947,30.414728854840273],[-98.57380648890869,30.41504504655167],[-98.57262688865121,30.41610023810373],[-98.57152036364718,30.416488842332093],[-98.57050394056445,30.417421284132786],[-98.56967587892544,30.41771112993983],[-98.56918651718284,30.417724137400366],[-98.56836295790004,30.416990236118586],[-98.56743858428617,30.416168271379103],[-98.56695225974751,30.415493959677104],[-98.56609105027452,30.415651923499706],[-98.56504603561294,30.41541452021731],[-98.56450929043405,30.414681550565785],[-98.56357289825998,30.414503063527544],[-98.5624592011067,30.414692175475647],[-98.5593352468241,30.41374933359223],[-98.5590166655968,30.41308387632965],[-98.55817500615935,30.41329537531903],[-98.55613084391626,30.41144519489676],[-98.55596236039314,30.410437250076814],[-98.55554435273186,30.40990000373638],[-98.55421006527743,30.409659682766165],[-98.55274622548765,30.410747752173226],[-98.5526244822071,30.41029721663167],[-98.551888267916,30.40909448428616],[-98.55161929076037,30.408429095231646],[-98.55117473339087,30.408298925263118],[-98.55038577272124,30.407803320677115],[-98.54978133499411,30.40749043383256],[-98.54921299337173,30.407402851429982],[-98.54804724513593,30.408191764252113],[-98.54738407555554,30.40720352110082],[-98.54585090289383,30.40721962587043],[-98.5441167851879,30.407942328061882],[-98.54350040795234,30.40751156513043],[-98.5424651067739,30.406822049488802],[-98.54197193168292,30.406520269522275],[-98.54118003082738,30.40666747565594],[-98.54067128793251,30.40706219847637],[-98.5395560250157,30.40759409374819],[-98.53868985504572,30.40774110690011],[-98.53887944448641,30.409499317642513],[-98.53855587581266,30.409948209790013],[-98.5378622174115,30.410202957040404],[-98.53716915639002,30.41035057132547],[-98.5365750744415,30.410477018323782],[-98.53600581653752,30.410582215221954],[-98.53508936157287,30.410900433095875],[-98.53461582095906,30.41169176885614],[-98.53377626357936,30.41143157612121],[-98.53320862533785,30.411193775988092],[-98.53199940582884,30.410675049728674],[-98.52815418072989,30.410671966325154],[-98.52605043772557,30.411050103986653],[-98.5256566917635,30.41064149485523],[-98.525238845799,30.410125574827934],[-98.52370479278831,30.41031282893909],[-98.52286402807285,30.410309757145],[-98.52165550116494,30.409662297488516],[-98.52070413317676,30.40951958002913],[-98.52000759387849,30.410374322130657],[-98.51899105581141,30.410927833484983],[-98.51706337541626,30.410684946059003],[-98.51629601653428,30.410853599547092],[-98.51512775032074,30.412070981742993],[-98.51485520236186,30.412177102704906],[-98.51385565053847,30.41177687219411],[-98.51214702163043,30.412263471498996],[-98.51081270453157,30.41204413172138],[-98.5096256383758,30.41206110569572],[-98.50893209495901,30.41229427248974],[-98.50855894017987,30.412742987546434],[-98.50709887241598,30.41295174713787],[-98.5062777358895,30.413956012515314],[-98.50598066482166,30.41401925035571],[-98.50496152523353,30.415065527798948],[-98.50354156545043,30.415002407614683],[-98.50282842798066,30.416321988091088],[-98.50053015031001,30.416840385315638],[-98.4999316738031,30.416975389482968],[-98.49988102948234,30.41721096538917],[-98.49777671604782,30.417652925192957],[-98.49498548427172,30.417042057172722],[-98.49310519988929,30.417184841100674],[-98.49194256611258,30.417244600119535],[-98.49048284330178,30.417367469275867],[-98.48914090669268,30.4186267870951],[-98.4882734503352,30.41898771743621],[-98.48721013160139,30.418962039052168],[-98.48632075006276,30.418787217787365],[-98.4849809891733,30.419617809475405],[-98.48516897691786,30.421483213873397],[-98.48420010884965,30.42231526061139],[-98.48414649110528,30.42310815299729],[-98.4810789662939,30.423267405089423],[-98.4785278461084,30.42398598212975],[-98.47690537372094,30.42446170306171],[-98.47646243331896,30.42405274727955],[-98.47445940762766,30.424001847871615],[-98.47389943201551,30.426957318212224],[-98.47303253890173,30.427189594264107],[-98.47147375437294,30.4273117653833],[-98.47016357320916,30.427199409136637],[-98.46863347548066,30.426571579859463],[-98.46742313756914,30.426288023017605],[-98.46552268690688,30.425573026895854],[-98.4637049890486,30.42329365246407],[-98.46257781806437,30.423642672778854],[-98.46136388150181,30.42402350930695],[-98.45987422682573,30.425067485019525],[-98.45896236764207,30.424485035239325],[-98.4571834913771,30.424156178134826],[-98.45644376646987,30.423745835275465],[-98.45503815008693,30.42410480626389],[-98.4532267736733,30.424096812206866],[-98.45288174873897,30.423881022769432],[-98.45276150474662,30.423258992666508],[-98.4522946655648,30.42272121656711],[-98.45146039656721,30.421538860029404],[-98.45045297370531,30.420377278381235],[-98.449974479781,30.420141593921134],[-98.44969322445206,30.42000327940472],[-98.44946494906365,30.41989090467092],[-98.44865261243369,30.419490964526776],[-98.44764019763375,30.419207978169474],[-98.4471078685728,30.41932361189237],[-98.4464873276459,30.419728247117465],[-98.44581855257812,30.41991833042355],[-98.44463272250415,30.419698946651472],[-98.44307304954158,30.419992351410055],[-98.44318972273066,30.42121455485468],[-98.4428886990756,30.421963350033213],[-98.4428617810581,30.422349074071573],[-98.44144890898261,30.422921708132602],[-98.44080313617602,30.423390486655347],[-98.44084720752383,30.424333672275967],[-98.44039511957732,30.425553440200474],[-98.44013027736695,30.426463207298514],[-98.43796847085594,30.428211439504125],[-98.43840902982409,30.429027777723896],[-98.43783268061927,30.430332790216447],[-98.43711054921688,30.43118688528785],[-98.43625541505016,30.431493916400907],[-98.43612094264199,30.433379495222635],[-98.43575938870644,30.43371142559676],[-98.43429117951115,30.433285790814097],[-98.43350822587581,30.431803579265896],[-98.43244451547652,30.431841812929516],[-98.4312418725337,30.43236163962326],[-98.43118868777731,30.433004440036786],[-98.43077777590847,30.43348485874386],[-98.4298144414624,30.433266313329142],[-98.4288235161607,30.433540687042676],[-98.42731152757001,30.434091221338267],[-98.42609770599181,30.434407448670235],[-98.42525812974748,30.4341679850541],[-98.4248466501434,30.434755511399732],[-98.42449350264225,30.435911380129173],[-98.42431339941095,30.437089350656144],[-98.42462952554258,30.438012395196786],[-98.42469826642476,30.438955695793375],[-98.42501490639273,30.439792956089615],[-98.42525149119753,30.441615795029424],[-98.42492911907974,30.442332519115592],[-98.42293628028376,30.44301296961557],[-98.42107893707706,30.443177074543442],[-98.41971534747637,30.44293734978225],[-98.41905369155721,30.44220197538483],[-98.41662474225036,30.44141425916477],[-98.41628615284675,30.440886759888933],[-98.41551124003152,30.440384362036287],[-98.4137603435927,30.44062454847308],[-98.41290677159625,30.44061314647913],[-98.41154405695465,30.441238863197693],[-98.41108389944193,30.44146818699694],[-98.41045139115882,30.441364336917722],[-98.40886193455297,30.440767217339484],[-98.40836564051132,30.440621459820044],[-98.40750360818154,30.44064620157003],[-98.40620865346182,30.44101363123053],[-98.4052986654689,30.4420045748835],[-98.40526748314875,30.443163449354582],[-98.40328903266868,30.4438781949325],[-98.40253560216516,30.444567264400852],[-98.40108681544461,30.443833655678237],[-98.39983551435611,30.442477990620255],[-98.39867870884899,30.441926932110245],[-98.39702042422441,30.442612475264013],[-98.39488333575673,30.444400510847863],[-98.39544273914206,30.445272323711304],[-98.39542572415223,30.448029462255487],[-98.39542011776655,30.448764977780012],[-98.39428985478114,30.44875973494267],[-98.39305405052961,30.449024881212924],[-98.39230470825895,30.449021395548534],[-98.39215940845669,30.44832223737338],[-98.39136621941701,30.447307402386794],[-98.3905202381847,30.44678402325499],[-98.38466633339809,30.448228216644875],[-98.38280951840076,30.449561125297578],[-98.38042345286894,30.448375512415907],[-98.37856484663094,30.448452210676226],[-98.37656340646613,30.448953185385662],[-98.37530699396366,30.45016055451365],[-98.37411101741857,30.450556957634277],[-98.37261948706018,30.4505210568566],[-98.37171498058713,30.451981477336396],[-98.37075187790639,30.452264027097776],[-98.3684484142616,30.45345627329386],[-98.36866893000258,30.453595639993672],[-98.36865846552784,30.455218574315136],[-98.3690500887709,30.456543997643372],[-98.36964829847817,30.456846346122628],[-98.370046220708,30.457210659113112],[-98.36984026396281,30.45810778155607],[-98.36982785194053,30.458619840144866],[-98.37022578674677,30.4589683553703],[-98.36982389755666,30.459234196323415],[-98.36932919802463,30.45979921115306],[-98.36879846167668,30.461711102885307],[-98.36752946018383,30.462484940436497],[-98.36721466535545,30.463318430616663],[-98.36649864519194,30.464354904651163],[-98.3651845653398,30.465041869603557],[-98.36407507230206,30.465036467363444],[-98.36311655102928,30.465575418515307],[-98.36258746129324,30.465824903221655],[-98.36198429558057,30.466263156885624],[-98.36169064350071,30.466671413760068],[-98.36130672870111,30.466968906287118],[-98.36052261174748,30.467264435892663],[-98.36011788388105,30.467955720879555],[-98.35968810289968,30.468308190178533],[-98.35890817209527,30.46880689873665],[-98.35891477740755,30.46973823636013],[-98.35805764898089,30.471459424070588],[-98.35710726824121,30.472132216069195],[-98.35797559596453,30.472877064939357],[-98.35856942548648,30.473856917470886],[-98.35946611122665,30.475830979266526],[-98.3594618765684,30.477855647839412],[-98.35898504542571,30.47983077124123],[-98.35964209388577,30.482276365829872],[-98.3592855058371,30.48396052298878],[-98.35928178591351,30.48452782128995],[-98.35903321309124,30.484975616362135],[-98.35929342538465,30.485520518591866],[-98.35986930836384,30.486484481195532],[-98.36018558990402,30.488203532025494],[-98.3609794724431,30.4892158594068],[-98.36190322172786,30.48985063905364],[-98.36180923279632,30.490322885640882],[-98.36181449602556,30.490913842433105],[-98.36111522944209,30.492107902137413],[-98.36110740331935,30.493305349990987],[-98.36098552079991,30.493590763892605],[-98.36081181087847,30.493997254325805],[-98.3590180171899,30.49562713047228],[-98.35735311018503,30.49702126557139],[-98.35677516467393,30.49810591326675],[-98.35331891817786,30.4992662194622],[-98.35285312463505,30.500623047781172],[-98.35324553390399,30.501822478303723],[-98.35393008518477,30.502865899201282],[-98.3539384377203,30.504346997930323],[-98.35332925419353,30.505667576946042],[-98.35128742218028,30.506224662372396],[-98.34896686359562,30.50781757400112],[-98.34723429638186,30.509584209628635],[-98.3465368102593,30.510478909222194],[-98.345825175671,30.510774708389988],[-98.34554065227107,30.51145536950164],[-98.3475153172505,30.5124769802666],[-98.35021669773523,30.514400797906852],[-98.35184221900481,30.51723345825555],[-98.3524220348083,30.52037195203429],[-98.35241204015244,30.52325536255559],[-98.35053394586268,30.52445534187929],[-98.34961721152197,30.52476988525961],[-98.34873789111454,30.526313508068597],[-98.34936341409801,30.528018410311624],[-98.34954104157241,30.52938616167324],[-98.3495273701121,30.53075295751841],[-98.34911532187442,30.531121186138694],[-98.34818104433452,30.531348917072265],[-98.34642174415623,30.5317655894427],[-98.34610530451258,30.532811750706824],[-98.34582905729134,30.533290968288313],[-98.34538047816433,30.53367479453109],[-98.3451400952825,30.534232917974922],[-98.34491504574426,30.535224416989273],[-98.34571737065039,30.536370808859957],[-98.3449546910927,30.5367806130254],[-98.34403221382239,30.537554262886857],[-98.34373826260354,30.53833829905094],[-98.3437292039922,30.539685455484356],[-98.34340581138824,30.54066007338318],[-98.34237179390234,30.541888460068296],[-98.34183472802492,30.542575144499864],[-98.34204686517927,30.54350582928247],[-98.34204831775507,30.54396677816927],[-98.34144859438655,30.54516121991917],[-98.34183023465185,30.54594698566474],[-98.34182406861575,30.546860855524663],[-98.34088576842001,30.545619231903235],[-98.34055179276369,30.54520785119153],[-98.34032243939693,30.54480095208447],[-98.33982366510678,30.54451485219596],[-98.33892265757174,30.544510281411476],[-98.3379654541275,30.544718163690426],[-98.33660933132344,30.54470336514828],[-98.33562024756807,30.544930725374805],[-98.33502859915563,30.544927708112954],[-98.334662338048,30.545240917186224],[-98.33455989237638,30.54558706502065],[-98.33400366363729,30.545741764279605],[-98.33387603100172,30.546406894788127],[-98.33355575285684,30.546680931877265],[-98.33341258835001,30.546975700988863],[-98.33324623383413,30.547368743646146],[-98.33324252019874,30.547912339248136],[-98.3330384948314,30.548447015734254],[-98.33314787819197,30.549089667867904],[-98.33314383667151,30.549680485607446],[-98.3343603900265,30.550924763373807],[-98.33518854239534,30.552184438380028],[-98.33517709157043,30.5528244533445],[-98.33535462023013,30.553185811564536],[-98.3371544910216,30.554020245097107],[-98.33774041806397,30.554573650352975],[-98.3377760299768,30.55466222058393],[-98.33844648309753,30.556324288707344],[-98.33845432359333,30.55634214415776],[-98.3387399959385,30.556994087088018],[-98.34005337151144,30.563121026872718],[-98.3416696302521,30.564536226171626],[-98.34301082395446,30.565568899679445],[-98.3437186371095,30.567084935982233],[-98.34392292837818,30.567936006531625],[-98.34413879623588,30.568077746220656],[-98.34508980669457,30.56769561685735],[-98.34526312315393,30.568130288958066],[-98.34525984520145,30.570627635314874],[-98.34434142292633,30.572194125243886],[-98.3439406206977,30.572362163347762],[-98.34334613810054,30.573115356205594],[-98.3433542633623,30.573912673355807],[-98.34363294142467,30.57479344361181],[-98.34311942308577,30.576584702948903],[-98.34353356529637,30.57746615504887],[-98.34352606256714,30.57857998568018],[-98.34484044964307,30.579600741915637],[-98.34578299617515,30.580496608573675],[-98.3461446444338,30.58113152434511],[-98.34614665576173,30.582843295702265],[-98.34638162719229,30.584181080134684],[-98.34668429027276,30.585519206479674],[-98.34706034571194,30.586036984971482],[-98.34705272171011,30.58717425313905],[-98.34678545135353,30.587624355302868],[-98.3473667233261,30.58885246455652],[-98.34691651824843,30.589295768552645],[-98.34690787286212,30.59058536204104],[-98.34553328069585,30.59144614141784],[-98.34552918527645,30.592055693772803],[-98.34576260711314,30.592613840288024],[-98.34575772117631,30.593340764793183],[-98.34628465854894,30.59373915002873],[-98.34551915917957,30.594558960317787],[-98.3445197196456,30.59504049203121],[-98.3438213325128,30.59709649100693],[-98.34379650846824,30.599785284455383],[-98.34255903694354,30.601402907086957],[-98.3392923277859,30.60143324229366],[-98.33904197360441,30.602369975626047],[-98.33791151568457,30.60296094513259],[-98.33839939700358,30.60417811276028],[-98.33805437296758,30.60507915985193],[-98.33843249363359,30.606282831511848],[-98.33841818347112,30.60740250080094],[-98.33896276914582,30.60822623519502],[-98.33776814097197,30.61030101367712],[-98.33666046073448,30.611725737283777],[-98.3383718088429,30.613223462719727],[-98.33793200356126,30.614100585418182],[-98.33770920250618,30.6149788095671],[-98.33819243684023,30.615673009012195],[-98.33858848967596,30.61724612448801],[-98.33824437293839,30.618006439538785],[-98.3380281493478,30.61890234076763],[-98.33821398203399,30.61948949714911],[-98.33741879424281,30.621789290233455],[-98.3395285074505,30.622550406029518],[-98.33988802310868,30.623501998371157],[-98.33948691545285,30.624684064693525],[-98.34088573069077,30.625330134637558],[-98.34171364949765,30.62718681189271],[-98.34215850061624,30.627564214038443],[-98.34262528949237,30.627701425659875],[-98.34320624885125,30.628009189105786],[-98.34353655758459,30.62828635965148],[-98.34353347097327,30.62874366751812],[-98.3437888117029,30.62907322275338],[-98.3445115494681,30.630460347810704],[-98.34511711637754,30.631143460071577],[-98.34576032539233,30.63125802561105],[-98.3462017431499,30.63215136549237],[-98.34683482994807,30.63277596079258],[-98.34789246234614,30.633771954311236],[-98.34929658033919,30.63467002534119],[-98.34993266481547,30.63483738390041],[-98.35059756814437,30.635417756951096],[-98.35136876642588,30.635403706539453],[-98.35195768485815,30.636160644246765],[-98.35149227130272,30.636814858385957],[-98.35079214053995,30.637098629963894],[-98.3506543057377,30.63742621053295],[-98.350645300127,30.63877452097664],[-98.35093338804195,30.63928596681384],[-98.3509269713759,30.64024737654134],[-98.35133603271524,30.640935275772726],[-98.35103334538024,30.641590302385186],[-98.35171077571579,30.642689977060698],[-98.35254271358525,30.64399551250196],[-98.35343366178574,30.64511086506752],[-98.3537710788879,30.645106744964377],[-98.35405025102371,30.645166693954852],[-98.35425226146987,30.645066537818472],[-98.35461616449987,30.644688826788855],[-98.35494839023804,30.644690475301008],[-98.35506942474784,30.644843487708243],[-98.35555011056144,30.644951399713218],[-98.35588284384772,30.644876843549266],[-98.35605957929504,30.64480731169006],[-98.35635789542785,30.64480878630667],[-98.35638745539059,30.644952609237084],[-98.35600223803381,30.645277792084986],[-98.35567589087087,30.645415143203063],[-98.35534999286558,30.64548385462671],[-98.35419573228566,30.64674439445905],[-98.35418015010875,30.649089152732564],[-98.35242867425657,30.65043459264582],[-98.35262519060645,30.651467422556014],[-98.35142194399575,30.653964551912484],[-98.35141074919069,30.655641116628985],[-98.35140675617924,30.65623907128842],[-98.35265232062633,30.65757599018666],[-98.35295754300704,30.658574074387268],[-98.35368321826323,30.659586008178522],[-98.35352384545374,30.660095133916474],[-98.35330463945644,30.660422475858283],[-98.35265646275812,30.66102301894953],[-98.3521163668632,30.66268518606691],[-98.35228680422208,30.66356538781469],[-98.35265301592237,30.66356721450094],[-98.35298929755403,30.663991002458637],[-98.35332331812613,30.664754728658163],[-98.35332686467487,30.6652296268482],[-98.35357679395322,30.666391525311877],[-98.3535854034069,30.667141949375043],[-98.35375396957501,30.667751092323158],[-98.35262601256493,30.66863793692554],[-98.35140150732305,30.669206357968964],[-98.35032161377391,30.669441262468155],[-98.34969849917371,30.66943713644797],[-98.34906555790263,30.669651914107835],[-98.34882071219047,30.66976789590093],[-98.34849198089876,30.670246924798516],[-98.34774355580802,30.670606642086327],[-98.34772551494216,30.673291490333863],[-98.34693695312451,30.67457135009239],[-98.34537233313964,30.67526697463121],[-98.34644904126277,30.676526898153607],[-98.34644799203052,30.67769342226764],[-98.34532873071238,30.678719632599805],[-98.34503531938103,30.679229418516268],[-98.3448298306581,30.68042271834867],[-98.34575138176537,30.68281604600418],[-98.3438586772758,30.685387080305205],[-98.34271472666038,30.686682257316285],[-98.3402469359973,30.6866910865043],[-98.3364521944207,30.685882645030738],[-98.3352889255351,30.686377873480907],[-98.33277757915712,30.68555463149627],[-98.33145039468164,30.68477995133696],[-98.32779710811788,30.68493182644845],[-98.32725250986678,30.685184846553433],[-98.32769252715083,30.685784334950085],[-98.32822517062212,30.68725860715725],[-98.3278750450536,30.687939205280536],[-98.32435781103457,30.68979786842988],[-98.3243446408342,30.6908235932339],[-98.32388338827515,30.692335979895727],[-98.32275859782642,30.692647375261696],[-98.32207821113529,30.692651219881068],[-98.32107782477702,30.69302248486803],[-98.31974043723655,30.693937348091016],[-98.31720254654024,30.696627858595527],[-98.31488152352658,30.696786278526073],[-98.31399008933755,30.697208052972254],[-98.3118785157189,30.69566134686196],[-98.31031109029541,30.69765302572998],[-98.30912696252892,30.698663783896418],[-98.30841775788346,30.699785278824674],[-98.30776632928384,30.69982516273124],[-98.30705812715823,30.70081675855413],[-98.30710123910535,30.70179085618756],[-98.30766655610014,30.703286892467855],[-98.30758218093878,30.704563363195923],[-98.30792979930933,30.7049980008257],[-98.3074084036437,30.706471858303622],[-98.30575074424655,30.706782442644585],[-98.30373313620323,30.708740965989318],[-98.30184774220348,30.70811346944134],[-98.30167948595412,30.70806375148997],[-98.30128087741143,30.70844641114534],[-98.30112618841781,30.70905152371615],[-98.30016715780026,30.711188926584953],[-98.29927182851614,30.712122421286864],[-98.30026814191292,30.71341815702423],[-98.30147692484071,30.714395088432774],[-98.30289968467254,30.71563974584112],[-98.30437086908806,30.717012522793055],[-98.30564927145036,30.7177445346727],[-98.30617945084286,30.719538821791733],[-98.3045828705968,30.72187625520754],[-98.30546203829064,30.723203248061832],[-98.30713088350971,30.724577223160416],[-98.30726466062183,30.726582627912897],[-98.30845272211096,30.727170040584998],[-98.30885342282994,30.7278917939552],[-98.30884618151045,30.72890670005504],[-98.3081601758572,30.72925365770027],[-98.30710520606564,30.730410596544022],[-98.3071106282967,30.732643424837786],[-98.30749564622747,30.73396860935611],[-98.30632877240262,30.734879358677563],[-98.30482300284866,30.734828702478634],[-98.30298348042056,30.736567602094393],[-98.30192009521139,30.736807134452306],[-98.3010143095374,30.73573598065825],[-98.2920044569693,30.73886480502874],[-98.28901323415984,30.739360290401088],[-98.2870544684626,30.740479929265874],[-98.28644903809708,30.742225447079772],[-98.28572186265437,30.743724954964392],[-98.28082537600935,30.74474293001707],[-98.2798099159206,30.745163856238797],[-98.27896449972862,30.745948262631913],[-98.27834085781735,30.74679783471822],[-98.2777801114507,30.749151342996434],[-98.27745448832988,30.749768073739553],[-98.2768811808206,30.75048995584385],[-98.27623421954289,30.751147487948067],[-98.26933344687022,30.752644407389813],[-98.26747768918999,30.75313511195574],[-98.26515616761134,30.756027834307073],[-98.2622087754012,30.758088451523733],[-98.26272813278946,30.760623288158662],[-98.26369746079509,30.76166750679187],[-98.26301882941205,30.765234250794247],[-98.2644423671849,30.765869860859496],[-98.26541160086744,30.76693574565706],[-98.26705102895589,30.76884928724253],[-98.26854691434679,30.769874770076463],[-98.27020131555442,30.76981922634761],[-98.27142298032336,30.770648379174826],[-98.27245209031287,30.77137629183919],[-98.27298971763736,30.77214714728935],[-98.27510667935108,30.773097311218525],[-98.27574229490676,30.7739753201607],[-98.27625260087022,30.77508712241514],[-98.27839191985474,30.77637872203573],[-98.28090639596314,30.777032488435314],[-98.28006151606539,30.77772086465945],[-98.27985610908914,30.77876482368848],[-98.27992475924148,30.779490278566286],[-98.28053574568702,30.78036804548235],[-98.28082483971512,30.781350726870635],[-98.280913071344,30.78278010726463],[-98.28102513348075,30.784316240934764],[-98.28025575069442,30.78480255181509],[-98.28039617174639,30.785848344788935],[-98.2798953744502,30.786751948082763],[-98.28086783667788,30.787904778241515],[-98.28111585973119,30.78872079199003],[-98.28088057748357,30.79046831586919],[-98.28084522877714,30.791897012083336],[-98.28104040034901,30.79221795016975],[-98.28007620082532,30.79234055835264],[-98.27628402393886,30.79398299287929],[-98.27566236011783,30.794523369141743],[-98.27528786415398,30.795054451622942],[-98.27590146200207,30.795590971318422],[-98.27653994677678,30.7961064567539],[-98.27668273938109,30.796832242257974],[-98.27695058915103,30.797351032136273],[-98.27668491869396,30.798191910241293],[-98.27725890982117,30.799069569727774],[-98.27755926512967,30.80020153355634],[-98.27776524972263,30.80238335798395],[-98.27732095106794,30.803980409143964],[-98.27709210614763,30.804853505128158],[-98.27647840319666,30.805959111168026],[-98.27629563556222,30.807280361460535],[-98.2762562085044,30.809242114953765],[-98.27565712653299,30.810054498038465],[-98.27569681410225,30.811355645467305],[-98.27509102530894,30.813058399774892],[-98.2748336328272,30.814421906312305],[-98.27507028859891,30.815820106684228],[-98.27466527327161,30.81709742525689],[-98.27381172912293,30.818884148239274],[-98.27360695995054,30.819821389743613],[-98.27212246609575,30.82006897409307],[-98.26969541672575,30.820780386249368],[-98.2670648297736,30.820600355897156],[-98.26552825788686,30.822505817254388],[-98.26481270305067,30.823977945128366],[-98.26387582129476,30.82477591384559],[-98.26386886563951,30.825687626648744],[-98.26295020710748,30.827397449748386],[-98.26091262053227,30.827385839454973],[-98.25993402550615,30.82707636225007],[-98.25852524435847,30.82706830729779],[-98.25741610974852,30.82736584407488],[-98.2561575835102,30.829095342272044],[-98.25517410344555,30.82939366497523],[-98.25418467294048,30.83047338750559],[-98.25263759884976,30.83046447275839],[-98.25007488051564,30.833271876802883],[-98.24772588126909,30.834473981317483],[-98.24770827428951,30.8367316658914],[-98.24628163193904,30.83739634703112],[-98.24569519824684,30.838391559104224],[-98.24387882181033,30.83901050666177],[-98.24302837056119,30.839982405013888],[-98.24289525191418,30.840586629169252],[-98.24286643845144,30.84077151124686],[-98.24286732868188,30.84075690225526],[-98.24275278090674,30.841322280407294],[-98.2426442338777,30.841639571050116],[-98.24258578679037,30.84202365730442],[-98.24256908710925,30.842265800112003],[-98.24247724065965,30.842416094941505],[-98.24218499893479,30.842658236758762],[-98.2419929543984,30.842850281510053],[-98.24182596118035,30.84291707986259],[-98.24156711881774,30.84291707986259],[-98.24124983026614,30.84287533089769],[-98.2408824408745,30.842883680692164],[-98.24073051330207,30.843020315341562],[-98.23954649063846,30.844434132987583],[-98.23756853602845,30.844791590438312],[-98.23580741406677,30.844781209318896],[-98.23407492410813,30.84591032763872],[-98.23228494466625,30.8470636102356],[-98.23107976667771,30.849181829450742],[-98.23258219180386,30.850102571946348],[-98.2329532247623,30.850907969232463],[-98.23294527736698,30.851906543952385],[-98.23418828161552,30.853802592355215],[-98.23417931283569,30.854931385477258],[-98.23485888385657,30.8564984482404],[-98.23423331505902,30.8576453548789],[-98.23476100342322,30.859320068476155],[-98.23417155228998,30.86066252850637],[-98.23318328779816,30.861525072151228],[-98.2331627271579,30.86410828823807],[-98.23156642449129,30.865466524828772],[-98.23222411794173,30.868205748493992],[-98.23221546357229,30.869291188087402],[-98.23177514625092,30.870851616468244],[-98.23199528200456,30.871656201063978],[-98.23349658333831,30.872750508546314],[-98.23480194234565,30.873170666937103],[-98.23573280898242,30.8748044020294],[-98.23816802852993,30.875578520163163],[-98.23814879200643,30.878009922912497],[-98.23849364356592,30.87896704956351],[-98.2393400757525,30.88014422023117],[-98.2393031846387,30.881620339296695],[-98.2401193786345,30.883448706187913],[-98.24114448213781,30.884323030573178],[-98.2400729995147,30.88614031395426],[-98.24005174447676,30.888832066566756],[-98.240490010046,30.891007803782973],[-98.2405544210485,30.890956175273754],[-98.24242275154946,30.89147643300707],[-98.2447780623592,30.892400600532156],[-98.2444716946265,30.893005662248555],[-98.24469092487831,30.893895661982476],[-98.24632582905102,30.89534657894312],[-98.2459403152502,30.89642814053521],[-98.2469581235351,30.8980596960829],[-98.24952971722422,30.900285439648396],[-98.25162214235426,30.901110416866064],[-98.25407777521832,30.900485150279653],[-98.25590522518732,30.90144942660294],[-98.25701121928702,30.9014557810874],[-98.25781130020157,30.902002276735114],[-98.25863261728941,30.903069036463123],[-98.26239043720953,30.903079593176447],[-98.26389217153124,30.903933517669678],[-98.2651675968767,30.90478622365862],[-98.2653893657675,30.90537265930701],[-98.26611718709891,30.905528521887753],[-98.26837945220815,30.905541338222285],[-98.2701867799148,30.905876687316788],[-98.27188224491069,30.907706956546832],[-98.27187650467603,30.908465507940026],[-98.27237205221766,30.909422048139948],[-98.27236302953895,30.910614104097032],[-98.27308549780957,30.911485129164937],[-98.27308156498526,30.912005334686715],[-98.27393520076208,30.913820005626732],[-98.272408434885,30.91458093085915],[-98.27261993513379,30.91653289125045],[-98.27168416100064,30.917264531657583],[-98.27207409990254,30.918892351145875],[-98.27276935550827,30.92004501596225],[-98.27320468897642,30.922323457388263],[-98.27392252643176,30.92326536050275],[-98.27458810080218,30.92390274498643],[-98.27381608056217,30.92626085872168],[-98.27265376928065,30.927012990371523],[-98.271645919719,30.92894724730696],[-98.27616496392605,30.929861259825778],[-98.28042541190888,30.931727423590743],[-98.281603851543,30.93296313283132],[-98.28436340872216,30.934707988105973],[-98.28495914536744,30.935751651938574],[-98.28911064567262,30.937107630378478],[-98.29141644044559,30.938138982303105],[-98.29306832457377,30.939188397423212],[-98.29369028933041,30.940102194152793],[-98.29293651477214,30.945137517104328],[-98.29292518252481,30.946676375965705],[-98.28964867364573,30.948374434281323],[-98.28964918388881,30.95099346388491],[-98.29076976213716,30.952495183479673],[-98.29121895122026,30.954676007383426],[-98.2923935074374,30.95570113468194],[-98.29237960690669,30.95758679143225],[-98.29457241966806,30.96037323477064],[-98.29317092924721,30.962814969198508],[-98.29248983288699,30.96651759406595],[-98.2924805649682,30.967774668937945],[-98.29274833838137,30.96844321948123],[-98.29887309331099,30.972458772371667],[-98.29979012589237,30.97432780282198],[-98.30010750158057,30.975651758666054],[-98.30011177486638,30.976789688351044],[-98.30107406996166,30.979374259859803],[-98.30389035754764,30.981286032655024],[-98.3046567785885,30.983132536089705],[-98.30434837976493,30.98404118535034],[-98.30456856941748,30.984887735908757],[-98.30426054159813,30.9857313578847],[-98.30472959333048,30.986969329700628],[-98.30494722098784,30.988184357212372],[-98.3062864177353,30.989134379428563],[-98.30687682647263,30.990979925473827],[-98.30820013920926,30.99239587366309],[-98.30859019668878,30.994132039052626],[-98.30960584093215,30.995999256633013],[-98.31131039148882,30.997249668227113],[-98.31237347576236,30.997565135371385],[-98.31336095243168,30.997886362788485],[-98.31403909962283,30.998219487486757],[-98.31565713343447,30.998790558660744],[-98.31712050250702,30.999076094120312],[-98.3182616045647,30.99915133600352],[-98.31997673368213,30.999264428565745],[-98.3224890259861,30.999819531218712],[-98.32334582562936,30.999628940971846],[-98.32485031777898,31.000395390701325],[-98.32577503634595,31.003055447787798],[-98.32770940829164,31.00352073126258],[-98.32821961184715,31.004314474466867],[-98.328947078344,31.004643395776778],[-98.32893559787466,31.00807881308177],[-98.32962655504177,31.010033156462242],[-98.33196382947723,31.011260251907512],[-98.33074414998505,31.01212738844326],[-98.33030288943264,31.014068228042206],[-98.32989502105599,31.0148246848117],[-98.32968534798049,31.01601577455053],[-98.32997627726672,31.017599544920262],[-98.3291189817534,31.019621709171375],[-98.32821310175629,31.01959532185779],[-98.32654436433504,31.020692015899726],[-98.32482797757619,31.023186534483774],[-98.324839997933,31.02505064265639],[-98.32335844336583,31.02812069444652],[-98.32380961323412,31.0301713475404],[-98.32223472191231,31.032200536753855],[-98.3230134121433,31.035976059263042],[-98.32385169481361,31.0366848363591],[-98.32472182006579,31.04001655443087],[-98.32552145002607,31.04084433583844],[-98.32506427132684,31.043215283138796],[-98.32610941085426,31.044933138119422],[-98.32842793385647,31.044576736368068],[-98.3300838630984,31.045365677504424],[-98.33128171173254,31.046409445890472],[-98.33148035708963,31.04682622428073],[-98.33183013770507,31.047482955682863],[-98.33210139658152,31.048261039609276],[-98.33239407039603,31.04885352549115],[-98.3325225609227,31.049253274828093],[-98.33270816004692,31.049717269879903],[-98.33304366283923,31.050024220843337],[-98.33333474933063,31.05031351773575],[-98.33625982738911,31.05506452030619],[-98.33696547290941,31.05676970012928],[-98.3371823028628,31.058179661117272],[-98.33845437300066,31.059920172364336],[-98.33843952205238,31.062065920055133],[-98.33913223991742,31.063846802316093],[-98.34032479388128,31.06434052841804],[-98.34030893592157,31.06663799945011],[-98.33923863817631,31.068474880011628],[-98.33858740630772,31.06980451935443],[-98.33857960533778,31.070931619368757],[-98.33958286001676,31.071500249519428],[-98.33992881111416,31.072455754908802],[-98.33952081068514,31.073190727425875],[-98.33920753670454,31.074792959546294],[-98.33919839544821,31.076115052833448],[-98.33844757724555,31.077270773682056],[-98.33840888500961,31.079221309699385],[-98.33891636846644,31.08049194306587],[-98.33984237342088,31.0813202840208],[-98.33982724219824,31.08350937458902],[-98.34030832506717,31.08678470242109],[-98.34280930937832,31.089333454324038],[-98.34382008475288,31.090671576267052],[-98.34380846594298,31.09236214094753],[-98.34503010286417,31.09235751461981],[-98.34636090036373,31.09294951426682],[-98.34764514177536,31.09295627294016],[-98.3474635006283,31.09746340017784],[-98.34591122529206,31.09977474935766],[-98.34589488493704,31.102158909080206],[-98.34618933921244,31.103287455285315],[-98.34617968861137,31.104696244163364],[-98.34672867782757,31.10545767775166],[-98.34555812989322,31.107185794812384],[-98.34541623560419,31.10767269277882],[-98.34630949876316,31.10964954391215],[-98.3463222135177,31.111470366465312],[-98.34689480237473,31.11247026371426],[-98.34689005208352,31.113163860362903],[-98.34762752042276,31.114002025306945],[-98.34858237028097,31.114353669266293],[-98.34810596314308,31.11587922561229],[-98.34847295278443,31.117463404157007],[-98.34999557652976,31.119551872122422],[-98.35095165528328,31.121583367223558],[-98.35303756044098,31.122352419368255],[-98.35416163672905,31.123788564931168],[-98.35537881261654,31.12635230560478],[-98.35342766193794,31.127989789742017],[-98.35288677283067,31.12972104150245],[-98.35287720667118,31.131129824876993],[-98.3511993800959,31.135163717641724],[-98.3520876549101,31.137942498136212],[-98.35037992521565,31.14079507385127],[-98.349930133363,31.142082333394516],[-98.35044101334991,31.144772599745426],[-98.35021830751624,31.146017652937925],[-98.35114565724867,31.148590880295917],[-98.3511218563852,31.150248857013647],[-98.35406440487934,31.150760842476352],[-98.3557188680707,31.14873288905523],[-98.35773739419221,31.148374655456422],[-98.35990284696497,31.14866721866029],[-98.36170122565477,31.147310582316656],[-98.3636455455439,31.146735046107953],[-98.3655177046646,31.14563882909435],[-98.3661557887907,31.146324752622405],[-98.36827258790935,31.14633515325127],[-98.37063825629431,31.14682359634061],[-98.37105179573537,31.149079710770632],[-98.371056740961,31.150239379362986],[-98.37190785067526,31.154925207840552],[-98.37072775544607,31.156165708189018],[-98.36993596777823,31.157744154187316],[-98.36954656876382,31.15945453098962],[-98.36955019885589,31.160809188600112],[-98.37258262918407,31.16344665839344],[-98.37410750051424,31.16538303693472],[-98.37414114152332,31.16791915399547],[-98.37357898749661,31.169086814941103],[-98.3732738711171,31.170434590895233],[-98.3741625286136,31.17329999753619],[-98.37452844746312,31.175144111624203],[-98.37594028827266,31.175129288623438],[-98.37593147579973,31.176473041935935],[-98.37627886509989,31.177319989372133],[-98.37903624566111,31.179717541407765],[-98.38054240418562,31.180700199304447],[-98.38108954916055,31.181507593842916],[-98.38144138062978,31.182026643825946],[-98.38089559480588,31.184538293819436],[-98.38127558306937,31.186198210585527],[-98.38251763151042,31.187103625486753],[-98.3825122874328,31.18792726881976],[-98.38067833006787,31.1908011255838],[-98.37894163958698,31.19227744386226],[-98.37752160254877,31.193506083670076],[-98.3766418096275,31.19502986008732],[-98.3756252769503,31.19623867280397],[-98.3740180489732,31.197173745250193],[-98.37519649040394,31.19817645855644],[-98.37825149898848,31.201420731255713],[-98.3786467343573,31.202679814831622],[-98.37591153409875,31.204487226448293],[-98.37441841282396,31.20722174885754],[-98.37440814418196,31.20878224191286],[-98.37527352543113,31.211409085944315],[-98.37665703068167,31.211936009003438],[-98.3777825451725,31.213350274794703],[-98.38311489169844,31.21550006062932],[-98.38377663205922,31.216532732044794],[-98.38533511924564,31.21732050176898],[-98.38687508406922,31.217089422285394],[-98.38745742324036,31.216723714040363],[-98.38818880010363,31.216727194985268],[-98.3885361597594,31.217617539807005],[-98.38819810934494,31.219198151056425],[-98.38819708616384,31.223272869358226],[-98.39008961997348,31.22705320451303],[-98.3923657254263,31.228071881384928],[-98.39372555198426,31.22842518994084],[-98.39431177097912,31.22943568968749],[-98.39228290255375,31.231160063949083],[-98.39066520111874,31.23169429397746],[-98.3888918153568,31.232899612436746],[-98.38693017774558,31.23784283799202],[-98.38692093947121,31.23927336403721],[-98.38652882305306,31.24139559171324],[-98.38472388845832,31.24355432930795],[-98.38435528903601,31.245915089073666],[-98.3866186321236,31.24703134957281],[-98.38849543643262,31.24744120122074],[-98.3902767821663,31.24896692928552],[-98.39152542424155,31.248603361150533],[-98.39547070369684,31.246064870811722],[-98.39888556121453,31.247251603803303],[-98.39986265335916,31.24810024764058],[-98.39986058813234,31.2484269632625],[-98.40096013232831,31.24995675721728],[-98.40098373735903,31.251236466358822],[-98.4029656984552,31.25355998886957],[-98.40291516552554,31.256554642514157],[-98.40409873543824,31.256501411329683],[-98.40720121729059,31.25568638330164],[-98.40893022178594,31.255798017054392],[-98.41153729443718,31.25701951217197],[-98.41197307257141,31.258092667364824],[-98.41226640395271,31.25884390905547],[-98.41308605197078,31.259555547874193],[-98.4150159296451,31.260108916112248],[-98.41694917959501,31.260117700098956],[-98.41786152207229,31.261238115128762],[-98.41877772011878,31.261732306448625],[-98.42150347099884,31.261744605661185],[-98.42403575980104,31.262273330531023],[-98.4255924395771,31.261681286622423],[-98.42643027668304,31.262025365448334],[-98.42860567919587,31.263940885910895],[-98.42964936794411,31.2643266899078],[-98.4312960508268,31.26457905032766],[-98.43325792559324,31.265132203289696],[-98.43458392249593,31.26600934179603],[-98.43236944416654,31.26794624159601],[-98.43006761815049,31.271203229080253],[-98.43188106158759,31.272749533123054],[-98.43317089770683,31.274388857058533],[-98.43388450948707,31.276951283798738],[-98.43798940250036,31.280152211320484],[-98.43807052576042,31.28206099706386],[-98.43732698570817,31.28448091924102],[-98.43556114579461,31.28554862010653],[-98.43453946936408,31.286742061319814],[-98.43452533167816,31.289110736311137],[-98.43676565004668,31.290917523082367],[-98.43674298465375,31.294729072508183],[-98.43711310312723,31.29647319971401],[-98.4379162598733,31.29736153458974],[-98.43866334467765,31.299706315225215],[-98.43970119078327,31.301153843106132],[-98.44213754849626,31.302035657216567],[-98.44426004652708,31.302371584779085],[-98.4466459835998,31.30375683629547],[-98.44784329324476,31.3050688909606],[-98.44871749505172,31.307414071564338],[-98.45057254485951,31.307408411155535],[-98.45171285729802,31.307631129371867],[-98.45333173552604,31.307365747396535],[-98.4530213217813,31.30892991065157]]]},"properties":{"objectid":616,"tnmid":"{2C62AA4C-66DC-4063-978D-ECAA9614C1A9}","metasourceid":"{511D2AC8-11BA-45FC-AB98-F69D693D4C44}","sourcedatadesc":"Watershed Boundary Dataset (WBD)","sourceoriginator":"Natural Resources and Conservation Service and U.S. Geological Survey","sourcefeatureid":null,"loaddate":1723803860000,"referencegnis_ids":"1377210,1374767","areaacres":812826.89,"areasqkm":3289.4,"states":"TX","huc8":"12090201","name":"Buchanan-Lyndon B. Johnson Lakes","globalid":"{43DB135E-0F96-4867-8ABA-F3439BE14A0C}","shape_Length":611360.452517469,"shape_Area":4474652950.638204}},{"type":"Feature","id":617,"geometry":{"type":"Polygon","coordinates":[[[-99.8789282907125,30.7351699466126],[-99.87949758095581,30.735353278732585],[-99.88080772169542,30.735055714314512],[-99.88248940383988,30.735260801587263],[-99.88327667837176,30.734283200588624],[-99.88451390465636,30.733406374721632],[-99.88537316209025,30.73234929588294],[-99.88562239607256,30.730387313151255],[-99.88561734754066,30.729027113268934],[-99.8853625979025,30.72768213890087],[-99.88621059854756,30.7261875752271],[-99.88704850212882,30.72640743747563],[-99.88788452373957,30.72627309035688],[-99.88925858679815,30.725422340359234],[-99.88972174109065,30.724674774781445],[-99.89042200570239,30.72416234001579],[-99.8911269343671,30.724157503570744],[-99.89202927140876,30.72432051626895],[-99.89285083643162,30.72421337557761],[-99.89406597044847,30.724306501180102],[-99.89485105668427,30.724504161699294],[-99.89579534325307,30.723775693153154],[-99.89693686482394,30.72255653889441],[-99.8975219555348,30.721972776301158],[-99.898315151761,30.721683062142592],[-99.89951251710153,30.720535585233065],[-99.90094030121072,30.720597851281468],[-99.90272313814778,30.72025385034149],[-99.90416580644293,30.719567142179372],[-99.90537956783402,30.7197368805325],[-99.9065881863701,30.718941123136364],[-99.90836308669162,30.718813695944444],[-99.90911849528538,30.717933203148213],[-99.90998191191903,30.717496317007342],[-99.91096153551615,30.71755708062115],[-99.91232964993092,30.717276769606414],[-99.91285817193172,30.71663696507687],[-99.91556332623895,30.71286429259323],[-99.91655753308639,30.71294978169653],[-99.91718890679732,30.713452869308604],[-99.91885317869328,30.71550514121739],[-99.91929484348753,30.716652454028242],[-99.92040102084357,30.71765970471058],[-99.9215020733109,30.718125581255617],[-99.92240147016663,30.717949982362434],[-99.92369892040621,30.71848216312466],[-99.92679297785784,30.719917377699353],[-99.92712513442572,30.72024880132986],[-99.92904473896647,30.72050804819564],[-99.9305808634922,30.72141064158654],[-99.9316815844812,30.721842570722387],[-99.93234408212176,30.72218068692474],[-99.93263020362458,30.723182459556906],[-99.93331783702513,30.723321856744843],[-99.9346425520319,30.724045452113902],[-99.93522356169642,30.72449243782078],[-99.93644380083902,30.724244527883197],[-99.93727727033603,30.72395655419999],[-99.93857498288367,30.72472995612352],[-99.93991987045847,30.72472022460138],[-99.94192481045962,30.72400188466345],[-99.94356167834952,30.723177894888664],[-99.94481460808363,30.72313492321014],[-99.94607877304699,30.724242374149565],[-99.94670933468089,30.724878403028107],[-99.94836343315627,30.72557912069944],[-99.94989052332518,30.725534094457675],[-99.95113351499731,30.7244761346619],[-99.9526429541692,30.72263787789765],[-99.95372729707394,30.721820084532368],[-99.95465548134126,30.72129218886307],[-99.95493450525503,30.720692364253317],[-99.95577505976469,30.720668113969268],[-99.95618960442054,30.72097188922708],[-99.9571529209003,30.721226416482807],[-99.95830917574015,30.721549495358467],[-99.95971491070071,30.72089394826788],[-99.96072133014444,30.721012867147426],[-99.96169736766696,30.721323554480676],[-99.96274049586644,30.721886626434074],[-99.96348962703301,30.722388610228027],[-99.96410417260373,30.72320286812339],[-99.96528310720956,30.723074470460425],[-99.96599142162457,30.72252343150883],[-99.96889049525218,30.721434819092554],[-99.96970207280575,30.720244553147843],[-99.97071928730425,30.720401538061182],[-99.97349499259896,30.72071236250853],[-99.97463867371977,30.721143687012532],[-99.97647417439035,30.720773497865736],[-99.97760152952921,30.72095446648164],[-99.97872247608682,30.720519721589895],[-99.9810867817275,30.720880786018547],[-99.98237666455914,30.72082364713206],[-99.98337700240839,30.72152894743766],[-99.98486202986244,30.72230038109056],[-99.98667220792348,30.72211969455226],[-99.987535746728,30.722241755710456],[-99.9892489615356,30.723108439469286],[-99.98937970683362,30.723093916074607],[-99.99039130955654,30.722820039979574],[-99.99181190624515,30.721403859713128],[-99.9932075845661,30.72096680627402],[-99.99440708610037,30.72009142386102],[-99.99502673589852,30.719409844685543],[-99.99537366346462,30.718865952975527],[-99.99587052344489,30.717677854763902],[-99.99586461342864,30.717102729948472],[-99.99632776772116,30.717196128855967],[-99.99770517161429,30.717088511472667],[-99.99836989168685,30.716981912609892],[-99.99913742124875,30.715453386673488],[-99.99944397762768,30.714808140778477],[-100.00035881652313,30.714365722371937],[-100.00244795920912,30.713702268201576],[-100.00308557621126,30.712614544762815],[-100.00407868441911,30.710448165367026],[-100.00482230621805,30.710679253066214],[-100.00594851241165,30.711374333989955],[-100.00691892827712,30.71168262573282],[-100.0083464168406,30.712005340383012],[-100.00982443204555,30.71245400763588],[-100.01140657816161,30.712443961313276],[-100.01265252978257,30.712066595563964],[-100.01379446188355,30.7116651619204],[-100.01472195175316,30.71111206593078],[-100.01718057870202,30.710612341978607],[-100.01913885391912,30.710912798541614],[-100.02078997717427,30.71021627542873],[-100.0221009425673,30.709353288856853],[-100.0240056692103,30.708018730971652],[-100.02544761436165,30.707364464383826],[-100.02666324874009,30.707524063842744],[-100.02788714133096,30.708461739218496],[-100.02995581680153,30.70981908427048],[-100.03096469223924,30.71060275268568],[-100.03214980276266,30.710749102832136],[-100.03445580594476,30.70968853789791],[-100.03559514281287,30.708445606355745],[-100.03591533292284,30.707590378495368],[-100.03777944763017,30.707361167953447],[-100.03929063761858,30.707516100829345],[-100.04069652169947,30.708095805715512],[-100.04217726957953,30.709234350192567],[-100.04361364787106,30.710077752117364],[-100.04564433807984,30.710036544799845],[-100.04737930828698,30.708030725632273],[-100.04820280828096,30.70765643127327],[-100.04893797962802,30.706838401955142],[-100.04996490042316,30.706018091842374],[-100.05035703840088,30.705480333728275],[-100.05175360335902,30.705162204477862],[-100.0541887204986,30.706324465922627],[-100.0552072986397,30.706564288918457],[-100.05743070352806,30.70639732489516],[-100.05899094602255,30.705843298887345],[-100.060091013038,30.706172649959136],[-100.06079866988624,30.706031521815508],[-100.0608151674464,30.705699781312813],[-100.06085922981111,30.704812891661728],[-100.06223889476381,30.703382767137715],[-100.0628497841913,30.702141652141737],[-100.06376877330335,30.700830295844124],[-100.06352548796487,30.698673603015056],[-100.06304856968559,30.69773006781545],[-100.0624370469458,30.69704707308864],[-100.06342371063981,30.69691944317288],[-100.06383280791177,30.696679254783355],[-100.06427201132217,30.696675654417056],[-100.0653731814688,30.696998232336387],[-100.06610318211308,30.697242608877026],[-100.06631798187394,30.69553105091914],[-100.0665639037678,30.694227469251782],[-100.06542397760484,30.692860824404363],[-100.06518536350582,30.691130387896887],[-100.06610112766603,30.689582203159127],[-100.06608514394217,30.688596582374544],[-100.06537112792006,30.687756575618117],[-100.06559380410933,30.68663809900353],[-100.06633015674097,30.685955397377086],[-100.06783087147484,30.685927277250556],[-100.06952721592138,30.685462239470812],[-100.06891325605226,30.684519771021495],[-100.06875109217717,30.682267646376147],[-100.0681930021288,30.681417298598685],[-100.06860516714745,30.67897325923856],[-100.0692253217988,30.677993664558432],[-100.06940754235923,30.675846999156953],[-100.06819527127321,30.672915509030346],[-100.06791031219035,30.671945622209872],[-100.06860018059932,30.669805961004347],[-100.06879231317059,30.668559269880436],[-100.06951318962655,30.66702392068511],[-100.07066809609516,30.66697836641851],[-100.07264084586642,30.66677255445304],[-100.07582131585849,30.66657932446595],[-100.07698072378498,30.66597648546804],[-100.07842172929855,30.666551047251403],[-100.0801223398444,30.666897853627233],[-100.08217526425477,30.666824396145515],[-100.08277181387538,30.66617872389706],[-100.08369895609697,30.66470257368421],[-100.0851549419162,30.6634069234242],[-100.08558415156907,30.66410486456108],[-100.08665412412421,30.665280115604666],[-100.08818811694776,30.665944023955905],[-100.08964694862983,30.666741620032965],[-100.09110274400622,30.66724147685996],[-100.09263864934304,30.667517246147394],[-100.09376970104927,30.667995017472425],[-100.09441348857911,30.66954597523802],[-100.0952924828981,30.6711288911625],[-100.09776248431511,30.671480231995204],[-100.0989758531424,30.671469974338038],[-100.10090495018076,30.671638644513493],[-100.10243192446701,30.67189857828967],[-100.10345092212134,30.67258246175637],[-100.10592514112861,30.673290000699065],[-100.10693064069748,30.67238592413019],[-100.1069716308239,30.672349533580796],[-100.10851837433462,30.67067839453787],[-100.11109225423614,30.66984432047612],[-100.11233816902617,30.6692584100656],[-100.1152960400841,30.66777816999302],[-100.11646513274768,30.66732822720943],[-100.11723585941368,30.666272676655737],[-100.12284149051703,30.66358519932244],[-100.12486452618128,30.662518779007453],[-100.12610506365603,30.661492966074068],[-100.1273378199238,30.659790473109044],[-100.12768655939182,30.65780243037038],[-100.12799406349336,30.656164411776476],[-100.12833704565872,30.654837277611858],[-100.12878281575387,30.653901763746934],[-100.12992320993905,30.65232422175689],[-100.13100503127278,30.65148693128497],[-100.1326621885117,30.650964966327937],[-100.13369881201021,30.650362698421866],[-100.13480261961053,30.649931227625043],[-100.13613496850058,30.649524801299712],[-100.13791822135761,30.648606967830702],[-100.139082213387,30.64775091316241],[-100.14031708788222,30.647372354765753],[-100.14161032142985,30.649025751640885],[-100.1430411463363,30.649394352693434],[-100.14441210122399,30.648944655866696],[-100.14608409054657,30.649690258520774],[-100.14763988548209,30.65028773529187],[-100.14818881271454,30.650402438130975],[-100.14994570900113,30.650813198560297],[-100.15254245102663,30.651433079022706],[-100.15516829846734,30.648515718262164],[-100.15659300405007,30.647566872057812],[-100.15771888774849,30.646259832949212],[-100.15921980370497,30.644365203917534],[-100.16064434579434,30.64423293907515],[-100.16149222157355,30.64401331470411],[-100.16434855874986,30.644339696330334],[-100.16616345835604,30.644729469985133],[-100.16633941676062,30.64175705462422],[-100.16676345301576,30.639046471394128],[-100.16880570633887,30.635306200738512],[-100.16935289353464,30.63470797132009],[-100.17032511321717,30.634221008259505],[-100.1717245105634,30.6339829936328],[-100.17490275093695,30.633633882502735],[-100.17660357079023,30.63369067260616],[-100.17725808779782,30.63337574033003],[-100.17790800992273,30.63268186030973],[-100.17821832305616,30.63169557405451],[-100.17846026900658,30.630143653454333],[-100.17808419380447,30.6287080621283],[-100.17752505721879,30.6271249996488],[-100.17866160661458,30.62585826819629],[-100.18129411326649,30.62585697958651],[-100.18371530023096,30.626500355504646],[-100.18602459034868,30.62916583797687],[-100.18853809358164,30.63033395944],[-100.1902968511775,30.630175718855313],[-100.19151887976416,30.62878400358085],[-100.19226023062204,30.628617075155],[-100.19353134854569,30.629455808120266],[-100.1946309708951,30.629966764455244],[-100.19642747120761,30.630232282960442],[-100.19783139965615,30.630388476614616],[-100.199592977962,30.630428607926454],[-100.20155641759365,30.631001520434257],[-100.20305963503391,30.631799615038634],[-100.20431948808391,30.632949697958026],[-100.20612606929056,30.633598341521186],[-100.20855847621293,30.635116400758097],[-100.21139993099992,30.635958406398718],[-100.21410203912004,30.636499372816353],[-100.22027145559063,30.63421297813914],[-100.2230228192361,30.633819481329205],[-100.22572249471843,30.630861641330288],[-100.22705088383472,30.628638542609448],[-100.22891014943613,30.627132260448256],[-100.23077829578246,30.626347629469922],[-100.23323039467417,30.626369514078696],[-100.23395436582626,30.625866376311098],[-100.23779567157563,30.62506517394216],[-100.24337920322468,30.624513455022274],[-100.24325757762341,30.62316115643886],[-100.24364402657042,30.62275142576689],[-100.24460451245872,30.622403915277765],[-100.24509824989508,30.622263841309262],[-100.24537997683954,30.6218551056108],[-100.24581808610192,30.621444956603497],[-100.24682656717924,30.620758564626378],[-100.24763527012385,30.620773322187805],[-100.2482367820381,30.62090289719114],[-100.2505418554639,30.62099273957198],[-100.24972297730204,30.62492630973416],[-100.249905569765,30.631014852623004],[-100.24990130905562,30.634998470549395],[-100.26383550053409,30.642483408513748],[-100.269676749855,30.645620488244198],[-100.27188210399603,30.646189619658877],[-100.27907255550005,30.64167907057213],[-100.28445792688225,30.641028975599546],[-100.28747611621824,30.640849913808943],[-100.29107555956051,30.6389486299587],[-100.30095865183986,30.645085585670007],[-100.30211640327298,30.649720630375327],[-100.30384183786337,30.650950663920018],[-100.3099062251076,30.65316565564922],[-100.310298328051,30.656364665407292],[-100.31122741961677,30.65633504754293],[-100.3126091021856,30.656293963337685],[-100.31528423030448,30.654956412349087],[-100.31997469911886,30.653278018150548],[-100.32160590492752,30.651689322909707],[-100.32335821261967,30.650092487750907],[-100.3245176106647,30.6471032934548],[-100.32680697345447,30.643389718629376],[-100.32773080807918,30.642764476944812],[-100.33003848751763,30.6430250989494],[-100.33334364187449,30.644035588705954],[-100.33653789831122,30.642983216119113],[-100.3402681929527,30.64299218996396],[-100.34364461964422,30.641202411202144],[-100.34655321900713,30.641314462219498],[-100.34923815223732,30.641097177713647],[-100.35203189390633,30.640831238429904],[-100.35451379171262,30.637864071937205],[-100.36342220023062,30.635542373300183],[-100.36840032576866,30.635081856637765],[-100.38078682242055,30.63393586476272],[-100.38462314252007,30.635965688177418],[-100.38662853976372,30.63756833320154],[-100.39110202591111,30.6418400453535],[-100.40096425751292,30.636783116721578],[-100.40339373413084,30.63522304749734],[-100.40525009547896,30.63371432328754],[-100.4088446304265,30.6333596235229],[-100.41644554284508,30.632284531894033],[-100.41805728485649,30.631906137122066],[-100.4194813427539,30.632973239061037],[-100.42187536376586,30.636150062848646],[-100.42375667851594,30.63692118712744],[-100.42905213931799,30.638146509481082],[-100.43518179635412,30.639883432122588],[-100.43906127960474,30.64114874875328],[-100.44242715109166,30.64275913173286],[-100.44650827108927,30.642713778571558],[-100.44839929213599,30.641090148283222],[-100.4481269615694,30.637432365285612],[-100.44950962959008,30.63507794943822],[-100.45064010278129,30.634030084605563],[-100.4555950625648,30.632826537609713],[-100.45806652464245,30.631930435982472],[-100.46002976574646,30.62389209330195],[-100.46269781873414,30.623968132842844],[-100.471523764604,30.625991052888125],[-100.47400975872799,30.627196659147486],[-100.47604038066481,30.627268388163202],[-100.47814200454337,30.62688587454076],[-100.48064234386416,30.627419031059148],[-100.48391302716863,30.627440463994414],[-100.48595276970052,30.628127552979468],[-100.4872600591874,30.627544196489502],[-100.48953688868235,30.625810725672824],[-100.49023306326461,30.624711050067344],[-100.4929907115238,30.625723732449377],[-100.49690523356207,30.627054630236817],[-100.49841943200838,30.62921831590379],[-100.50539796015705,30.627240776599184],[-100.50542012698502,30.62010722670543],[-100.5012639392707,30.614529681796256],[-100.50299850074437,30.60548133717771],[-100.5052352105804,30.60465242696354],[-100.5075397504069,30.602241976345645],[-100.51114819127507,30.598514200023246],[-100.51219408269237,30.596598899937298],[-100.51287935801528,30.594414674321182],[-100.51313073537789,30.592462315061212],[-100.51280823659762,30.588936919661325],[-100.51181198877785,30.584592439464092],[-100.50969307143174,30.580345577925012],[-100.50788845214569,30.577448343702727],[-100.50685104980782,30.57620819497038],[-100.49235017948855,30.571922504496158],[-100.49109278872075,30.569098806364835],[-100.49194589,30.567355065088176],[-100.48986894284229,30.56577174010775],[-100.48733807876815,30.56326315725803],[-100.48647904501478,30.56141214305544],[-100.486697458698,30.559717936439693],[-100.49009104770303,30.55473093993123],[-100.4920657836494,30.55284750025318],[-100.4925581251038,30.548312448317642],[-100.4931829626727,30.546171003918793],[-100.491519722941,30.54490949545424],[-100.4921285444467,30.544176838699197],[-100.49279698354458,30.543154167811863],[-100.49403803575399,30.541236766165927],[-100.49460352971691,30.53987687376071],[-100.4953462082848,30.537330817421303],[-100.49554768243672,30.534537178425055],[-100.49552046887351,30.53276125941437],[-100.49514549590424,30.53060859672401],[-100.4950739244306,30.52912923905792],[-100.49561019350239,30.525866502231985],[-100.49611965954105,30.524042164470337],[-100.49674550412142,30.523442783886154],[-100.49707444651719,30.522593188183112],[-100.49706277829996,30.521832020400208],[-100.49141413675913,30.512895991833414],[-100.49150049450235,30.511377265887333],[-100.49733830597066,30.50983996341721],[-100.495725896511,30.505902837860848],[-100.49720181774302,30.50268054887734],[-100.49724764619556,30.502037003816323],[-100.49693332477933,30.500644945286716],[-100.49495077348999,30.498792746884316],[-100.494810520423,30.498274665530996],[-100.49509622780249,30.49755780193009],[-100.49908672485591,30.494572431307652],[-100.49907375408154,30.493726759389922],[-100.49862076242982,30.492843807033825],[-100.49697537312116,30.491512742364232],[-100.49813592999288,30.48988892115978],[-100.50000055763824,30.487287676081728],[-100.50017308537676,30.48580542350204],[-100.49865786913927,30.48252407751469],[-100.49864361377402,30.48159381982494],[-100.49978372858318,30.476336494800815],[-100.50058186374682,30.47425493055813],[-100.50058755457415,30.47171680875631],[-100.49258837137941,30.473195717515363],[-100.49089762074213,30.47318187509458],[-100.48947096312028,30.47247921190595],[-100.48812718586319,30.470802901320205],[-100.48696955839758,30.468532260384514],[-100.48595090210304,30.46575259413144],[-100.485369620249,30.462841078082427],[-100.48398239507486,30.459609241973045],[-100.48397586432276,30.458749877922582],[-100.48426373394712,30.457524740061125],[-100.48593298700135,30.454925913613273],[-100.48780246195597,30.452663094860764],[-100.4903455044904,30.449758186792014],[-100.49125158481185,30.4483521503302],[-100.49123677788101,30.44737963765556],[-100.49023358698243,30.44561484598588],[-100.48995869711558,30.443587844476845],[-100.48991624902347,30.44079704509777],[-100.48913851639657,30.43780326479291],[-100.48822611642711,30.435572074453248],[-100.48737012257266,30.433847832348842],[-100.48779328207208,30.43278563794437],[-100.48865820518046,30.431887689123464],[-100.49000261035994,30.430434400376022],[-100.4919274763333,30.428636068560625],[-100.49230107218523,30.427532168440486],[-100.48998001413727,30.4257401674144],[-100.48231412387926,30.42661842368117],[-100.48017484352229,30.426020930307605],[-100.47894853895491,30.425611915219854],[-100.47825646967351,30.425027638285236],[-100.47824180826976,30.424055113738472],[-100.47737331974801,30.422280700393813],[-100.47555887379106,30.421049357132173],[-100.47184328367244,30.420447942474535],[-100.46636039297964,30.420016577053637],[-100.47270175238552,30.415870601337204],[-100.47560444622374,30.41370677155921],[-100.47813180596994,30.413035321657492],[-100.48093358217083,30.41131417211032],[-100.48002278659247,30.407906467378396],[-100.47754566243358,30.4043803845186],[-100.47981393727208,30.400640602117758],[-100.48232307379443,30.399235939537334],[-100.47993393153277,30.3954355229742],[-100.48358604759173,30.392406964018072],[-100.48416356101315,30.391692856447936],[-100.48398452048885,30.39077206878839],[-100.4834473917293,30.39020936615522],[-100.48278355470066,30.389998924474828],[-100.47922711371105,30.390823225737122],[-100.47794824332647,30.390976689448795],[-100.47587515712787,30.3910572746933],[-100.47543627172108,30.38949290389544],[-100.47522046135553,30.388942590696477],[-100.47479615021592,30.38851011976523],[-100.47465935566277,30.388370694944363],[-100.47394718478024,30.38809014224234],[-100.4729652498179,30.38806856039741],[-100.47126550614632,30.388103613167136],[-100.47035395328817,30.38816567517508],[-100.46941518147692,30.38816567517508],[-100.4685843143993,30.387582989710474],[-100.46751420440192,30.386240734177232],[-100.46462516854926,30.385334015827613],[-100.4641195176556,30.385381445908994],[-100.46599271522878,30.380996989107327],[-100.46693223713329,30.37478109044264],[-100.46691743289742,30.37378982304856],[-100.46458670718037,30.36971000849313],[-100.46460034809796,30.366965657941428],[-100.46943740759369,30.362037935098822],[-100.46985265203713,30.360613868192182],[-100.47208284279915,30.36016290533163],[-100.47620397735278,30.358460446856355],[-100.47944281448211,30.356152705741554],[-100.47961040597815,30.354389059148833],[-100.48118470441189,30.352699292281606],[-100.4780090170504,30.350298614181753],[-100.47491332017339,30.350256371022216],[-100.4737410771181,30.348612772914954],[-100.47215684421563,30.34702345434761],[-100.47145210150218,30.345551079154703],[-100.46997549665224,30.34463733183111],[-100.46844957788645,30.34368169357395],[-100.46951457197828,30.343162287183866],[-100.47535131355309,30.34331909885275],[-100.47713403281082,30.340750183200875],[-100.47588782157673,30.335933250821856],[-100.47575430228112,30.334322044277087],[-100.47714882986018,30.33199535197104],[-100.47671435428313,30.329039717221377],[-100.47653641509335,30.326927032436448],[-100.47627610488357,30.325830323240393],[-100.47508277567361,30.324278957862173],[-100.47389074902084,30.32281208417657],[-100.47178021834625,30.321863144286446],[-100.4717663097307,30.32093285374181],[-100.47157064588203,30.320184900424852],[-100.47083834734725,30.317559821392965],[-100.46798111095734,30.315561816514148],[-100.46773307802258,30.313447962414347],[-100.46799508065834,30.31268613098087],[-100.47049739178117,30.311050428965725],[-100.47061394369771,30.310765628793046],[-100.47051055479503,30.31016827860402],[-100.47052204334919,30.309295230428855],[-100.47084369232319,30.30824987065928],[-100.47163632889898,30.306503775011826],[-100.4718616128975,30.30576141732286],[-100.47208986223478,30.30472936577238],[-100.47184310311108,30.30428668990055],[-100.47150996648122,30.303827192219916],[-100.46982130622361,30.303114968691396],[-100.4690631335137,30.302747367876766],[-100.46797182237731,30.301908783490866],[-100.4668690244834,30.301276971775984],[-100.46614868791494,30.300660280892238],[-100.46596176647061,30.300543897960285],[-100.46529710838178,30.29972585675663],[-100.46550161883937,30.298498798442147],[-100.4657828211677,30.297220610427548],[-100.46642191230522,30.29591685948332],[-100.466779805606,30.295226637674293],[-100.46654064892454,30.294396758418483],[-100.46442223104174,30.292994805956326],[-100.4637354429559,30.29091566682211],[-100.46395251545441,30.288968487298597],[-100.46732543332642,30.28699789250174],[-100.46653147173559,30.2850621212902],[-100.46554433732439,30.282853781885013],[-100.46407063762607,30.282066765599588],[-100.46292673192642,30.280514628410796],[-100.46028680608859,30.276907894018102],[-100.45871765769637,30.27599392231565],[-100.45391527856052,30.27477125683554],[-100.45102513508513,30.27442685415747],[-100.44497174052502,30.27370475054773],[-100.442717163198,30.276480670379414],[-100.4395128465284,30.27784404287123],[-100.43925352446543,30.280669108362513],[-100.43872160144298,30.281670948795732],[-100.43666863211685,30.283306154210088],[-100.43098813990929,30.287305217511268],[-100.42777162501646,30.287862076752923],[-100.42367145085336,30.28887811875156],[-100.42158490340022,30.29018655993928],[-100.41898182465872,30.29082383326947],[-100.41762419358328,30.291312220446937],[-100.41586983952895,30.291331213503987],[-100.41275483246658,30.290704940990086],[-100.41075820457675,30.29154469781834],[-100.40912941882945,30.2942183775762],[-100.406715115655,30.294610487368907],[-100.40490719775522,30.295188695725436],[-100.40041058717578,30.295456339068842],[-100.39537855733079,30.29530711175696],[-100.39286627131504,30.29411582766162],[-100.38970508994876,30.293912599153245],[-100.38889657295539,30.29295030341144],[-100.38888844769363,30.292373454003677],[-100.38221329049786,30.290472875064058],[-100.3810790704336,30.288609711241726],[-100.37867291138554,30.286904276589734],[-100.3761426770304,30.28423854568993],[-100.37367952526743,30.282569574702915],[-100.36947057230995,30.280312657928903],[-100.36648835151794,30.279562982792285],[-100.36396955181807,30.280772361203837],[-100.36201233122311,30.28479743766361],[-100.35912778065868,30.287669676455643],[-100.35673183545538,30.28921715260223],[-100.35472050843256,30.29038841778954],[-100.34927970650574,30.293158419768186],[-100.34580611982972,30.292389649819537],[-100.34413823401138,30.293982679066698],[-100.34088819039887,30.295681973268124],[-100.33462455323138,30.296290261253482],[-100.3328280852582,30.29619052982369],[-100.33149261651917,30.295950395552534],[-100.3271785238425,30.296176701087738],[-100.32347641923295,30.29666376941414],[-100.32064172247183,30.296763399531162],[-100.31544880795272,30.294863499028537],[-100.31129960104649,30.295555850188897],[-100.30849178547193,30.294601971572508],[-100.30514287687251,30.294990383126393],[-100.298949880524,30.29476802520246],[-100.29715722230596,30.294277000194576],[-100.29659233560416,30.29539892947729],[-100.2962653641121,30.29623679002976],[-100.29624698008982,30.297879162901797],[-100.29553905823857,30.300304340537338],[-100.2938269070363,30.303450823884067],[-100.29294386221369,30.305244397862413],[-100.28629693727065,30.307569713787156],[-100.28394740352651,30.30340724358892],[-100.28370418466334,30.30219701498683],[-100.2831663085055,30.300820801251973],[-100.28159823449838,30.300187642289355],[-100.277194092901,30.301358547661263],[-100.27529060862803,30.30242043877781],[-100.2722762020977,30.30387345114983],[-100.26902018828183,30.307331116592724],[-100.2646028423481,30.30739758296806],[-100.26075786608249,30.30743469036198],[-100.25786451112995,30.306172876753013],[-100.2558310891444,30.307115339235573],[-100.25360991117964,30.306166407868673],[-100.25233494756823,30.306699187040277],[-100.2502625656488,30.308872372939376],[-100.24901039858437,30.309573020244663],[-100.24754236006896,30.310242281889458],[-100.24585403488297,30.31053159554726],[-100.2389462212151,30.31118363736273],[-100.23505571114438,30.314151794514874],[-100.23306696866612,30.31507390839754],[-100.23010064446137,30.31486104606992],[-100.22907315682927,30.315580649002655],[-100.22633390516879,30.319013860138075],[-100.22307150433123,30.31837083392027],[-100.21964468754217,30.318484834425043],[-100.20782044462999,30.319588477704094],[-100.20423438349052,30.316308635711422],[-100.20065174852553,30.317761469346948],[-100.19925833845066,30.319809166406014],[-100.19845507121181,30.321047054429368],[-100.19833817703717,30.32488161264312],[-100.19749300698356,30.32716111414081],[-100.19860431731313,30.330925434606947],[-100.19821579774937,30.332704292914254],[-100.19762162147774,30.333941268225306],[-100.19623254757076,30.33508620710527],[-100.19421135884274,30.335691211278466],[-100.19302283292461,30.33633362061385],[-100.19152824470098,30.33747518995496],[-100.19102508483562,30.338878331980673],[-100.19131190253279,30.341086398589965],[-100.19175213900577,30.34306756047201],[-100.19141054922908,30.344920239607045],[-100.19066779160946,30.34617937263787],[-100.18967311494313,30.34750775975552],[-100.18890489278014,30.348507251149645],[-100.18784960588327,30.349224782025797],[-100.18323252044443,30.351576046216493],[-100.18075976209784,30.3502129510849],[-100.17897802829194,30.35005023952204],[-100.17775662762767,30.349135624881566],[-100.17676474112864,30.34860155010358],[-100.17631865213157,30.346351363217302],[-100.17322795168417,30.34425331271119],[-100.17087677222642,30.34384841603792],[-100.16916855834,30.342443881549926],[-100.16771226978852,30.34193111342673],[-100.16592697955244,30.34057973101354],[-100.16441815842144,30.337564234447736],[-100.16559200137624,30.33532930955989],[-100.16287959317307,30.332040527623878],[-100.16268237523897,30.329202718806627],[-100.1648922011935,30.32691136183698],[-100.16417973566357,30.324338342565152],[-100.16444026326565,30.32176783090504],[-100.1633564665366,30.320818738219234],[-100.15997539555508,30.319406337576964],[-100.1598757220844,30.315573621619475],[-100.15815637717333,30.313175251455807],[-100.15481264376827,30.31567781403941],[-100.15282068352464,30.316369636676455],[-100.15063002043175,30.315631662268082],[-100.14661473616468,30.315044927074215],[-100.1427754507264,30.315700513810523],[-100.14027683078108,30.31276401219385],[-100.13774471086215,30.30968012648723],[-100.1340264257977,30.30915074172279],[-100.13242455357633,30.30741349167818],[-100.131797446863,30.30505251639193],[-100.13058993325473,30.304400381826852],[-100.12987765726932,30.303877550816868],[-100.1272955254436,30.3025519006604],[-100.12567112527151,30.302594032550637],[-100.12440398149467,30.303022924747342],[-100.12100618388256,30.304166424900014],[-100.11946149571722,30.304357854398166],[-100.11855297916473,30.304719851928255],[-100.11754918998815,30.305680786626617],[-100.11561799358698,30.307332704130108],[-100.11352170929446,30.308760490863023],[-100.11155848975007,30.31046908256443],[-100.1109527853984,30.311517497440892],[-100.10870791796124,30.313248684031656],[-100.10571473592614,30.31388929253505],[-100.10102543581993,30.31407083803571],[-100.09889032454421,30.313378822355855],[-100.09471879540146,30.315969503215936],[-100.09431865792614,30.319238522760635],[-100.09057315929846,30.32092641452287],[-100.08508198344379,30.322628443397],[-100.08342732262305,30.325955221010453],[-100.08096159179688,30.327466379445532],[-100.08009963492559,30.328467452534298],[-100.07567824297982,30.328267209115683],[-100.07063321900425,30.3300521829289],[-100.06881212281925,30.330676556427427],[-100.06347352042567,30.32978687175709],[-100.05762693690862,30.331514424782544],[-100.05442209202963,30.327754032553887],[-100.05282648286241,30.327778649371776],[-100.04747966896883,30.327774280096385],[-100.04520614078254,30.32689320068682],[-100.0443420593956,30.32772837361643],[-100.04092848916373,30.32608728404657],[-100.0387417283524,30.325655075604054],[-100.0382731006249,30.325209123582304],[-100.03759196563712,30.325285523905016],[-100.03594207666717,30.32713410665055],[-100.03307231057569,30.32870529810062],[-100.03225924271709,30.331811726858415],[-100.0291444332841,30.33265269850314],[-100.02816629190718,30.335642104890308],[-100.02661854587663,30.336340537188487],[-100.0226922729761,30.33775637787668],[-100.02007754128874,30.33961012044344],[-100.01855065503737,30.339649753153257],[-100.0152096066967,30.3403806659833],[-100.00983008514363,30.34199686323787],[-100.00923551720652,30.342545738199423],[-100.00763777543882,30.345054640011508],[-100.00743927021891,30.34697292644645],[-100.00372113157985,30.34891836282159],[-100.00347632000366,30.350256079545648],[-100.00281342171448,30.3522069103013],[-100.00171605683138,30.353004862449655],[-100.00127896715685,30.3542733888632],[-100.00093626257092,30.358133299072485],[-100.00116937448882,30.359598675425893],[-100.0013302214337,30.361987562997452],[-100.00131712579349,30.36338382801375],[-100.00103361030331,30.36501884889241],[-100.00123480777411,30.366402883343508],[-100.00071855316685,30.36680164809316],[-99.99928601517317,30.36664339444251],[-99.99766131137052,30.366768643951488],[-99.9961061856799,30.367344451541832],[-99.9948983486781,30.368449525869966],[-99.99437855111537,30.370149262890425],[-99.99383453766752,30.371027544103757],[-99.99231757510512,30.372167045494233],[-99.99165831139956,30.373005949806696],[-99.99148061116162,30.37433246447579],[-99.98929064336477,30.375150784642027],[-99.98791210579776,30.37713509758087],[-99.9871365147545,30.377620377638525],[-99.9856859332,30.377937751230746],[-99.98464570027066,30.377855272728148],[-99.98360534067888,30.377991745914535],[-99.98163942618861,30.37852535410483],[-99.98112079913068,30.37909848698937],[-99.98095315463404,30.380486749503262],[-99.98097755826704,30.38297826879649],[-99.98145311559868,30.384134343903114],[-99.98024753336826,30.38641504958069],[-99.97867777322334,30.38775198531198],[-99.97820492880386,30.388656726153098],[-99.97636863312425,30.390242227552434],[-99.97506132567106,30.39053597965352],[-99.97327883817866,30.390470043177462],[-99.97158951406604,30.390679983268548],[-99.97153666438123,30.391921098744955],[-99.97279735915266,30.39346357183178],[-99.9728303929006,30.39444938462341],[-99.97286282387901,30.395257415293067],[-99.97169496909387,30.396536242809304],[-99.97153649909124,30.397672111151568],[-99.96989964916764,30.399949123400056],[-99.96904768246061,30.40008895551569],[-99.96826726926089,30.400122973477195],[-99.96804562882916,30.400745022414423],[-99.9680350924892,30.401887858343898],[-99.96725952749706,30.403526451496163],[-99.96743730588844,30.404127221213443],[-99.96814430516986,30.404655762215185],[-99.96845228627681,30.40543444553069],[-99.96885148231772,30.406576088458174],[-99.96781939441307,30.407486118476232],[-99.96658568143953,30.407748996156485],[-99.96436832939953,30.407229763498844],[-99.96300148879584,30.4071833008449],[-99.96193216392602,30.407614226372427],[-99.96010602459901,30.409101375571957],[-99.9585014933644,30.409444121714845],[-99.95710826924079,30.40958826634302],[-99.956673714612,30.409828134271223],[-99.95615319839703,30.409642649494558],[-99.95511529749417,30.40960285844038],[-99.95303675223357,30.409540494737115],[-99.95217469025937,30.410428911696282],[-99.95217928334543,30.41090216382637],[-99.95229095471502,30.411161728124615],[-99.9508802385962,30.412094885522734],[-99.95003831146079,30.412353998091604],[-99.94947130024335,30.414275632435857],[-99.9490655024834,30.415006952721733],[-99.94781989851046,30.41608087338979],[-99.94632259108647,30.416541408892737],[-99.94444601045794,30.417312184062144],[-99.9441491145616,30.417669320288773],[-99.94410478988884,30.41873451299759],[-99.94283902682258,30.42056580570853],[-99.94319581878882,30.42145527032709],[-99.94381800992092,30.42184558609143],[-99.94356711764858,30.42283438203505],[-99.94238528687427,30.42449735936128],[-99.9418149878229,30.42624077314635],[-99.94258838518022,30.427158154287255],[-99.9424102690223,30.428508296541757],[-99.94302107849975,30.42954506254409],[-99.94248578050679,30.43068479763375],[-99.94159144206442,30.43140122020692],[-99.940311039154,30.43171804802288],[-99.93890218614108,30.432887832656167],[-99.93745078981462,30.43247220225911],[-99.93597916971619,30.432790446344264],[-99.93505255211072,30.43298629781535],[-99.93323240275002,30.433993285530484],[-99.93167904135062,30.434335670835527],[-99.93040688138123,30.435528002317138],[-99.93129401264008,30.43691783575476],[-99.93121950547209,30.43769933490816],[-99.9314667640591,30.439045257378936],[-99.92986483524385,30.438969212365784],[-99.92885351728687,30.43914705905645],[-99.92786384333836,30.438641995696276],[-99.92650257228942,30.438522108064113],[-99.92529772847418,30.438446045603865],[-99.9236070254476,30.438599009251554],[-99.92331012326304,30.438178151269],[-99.92265472500817,30.43770336778133],[-99.92121949027198,30.43734692837515],[-99.91970346195748,30.438226807281467],[-99.91862778959187,30.438605920139768],[-99.91771181073432,30.438104798539445],[-99.91672836839892,30.43738770956049],[-99.91287309474522,30.439828464278005],[-99.91260691314675,30.440587601577764],[-99.91168202749314,30.44097266103864],[-99.91031572677693,30.44088759245991],[-99.90951057217767,30.441574190017636],[-99.90850939081037,30.441953206217242],[-99.90733331644039,30.441772090928392],[-99.90630143155498,30.442418232343638],[-99.90528867988682,30.442534072443834],[-99.90377334776666,30.443713631928777],[-99.90131907944352,30.44264615390042],[-99.89969875313128,30.442662210224583],[-99.8990506959089,30.442692976061124],[-99.89820025813448,30.443231606258443],[-99.89706252116588,30.443085587555597],[-99.8960009209092,30.443471476669778],[-99.89546445330973,30.444540036869068],[-99.89543525267311,30.44515417358055],[-99.89623028415744,30.446155782593316],[-99.89650785369875,30.446858387065028],[-99.8958119557976,30.448193798036264],[-99.89590385345117,30.449281733520557],[-99.89568917406457,30.44970919192002],[-99.89512109475027,30.450304761341492],[-99.89471918489889,30.450502528367064],[-99.89358365419262,30.450905122239636],[-99.89180596190721,30.452270767424967],[-99.89083511215547,30.452869575177242],[-99.88940530144698,30.45313323970502],[-99.88714488686723,30.454772576007144],[-99.88670769658138,30.454751854523106],[-99.88605813108765,30.455418849617537],[-99.88568559434943,30.45650994979281],[-99.88477581476565,30.457618386326846],[-99.88359443135235,30.45844575822815],[-99.88287808150713,30.458422378423535],[-99.88169384055291,30.459140021962426],[-99.88027516356405,30.459338984445033],[-99.87935072347486,30.45981850756315],[-99.87717337700774,30.460708740035052],[-99.87631271730369,30.462119513569668],[-99.87445153918902,30.463341897517207],[-99.87358290244526,30.4639629982798],[-99.87310602908174,30.464945535158094],[-99.87241800940564,30.465059363970788],[-99.87111378766544,30.465848966493084],[-99.86952729460172,30.46562294897368],[-99.86799739450258,30.465609444614728],[-99.86687717288542,30.465593200821907],[-99.86614325109491,30.466024060333954],[-99.86493647500347,30.467014099297554],[-99.86368468433315,30.46756667986807],[-99.86346282830576,30.467189551856304],[-99.8624493894264,30.466888655502903],[-99.86141121902895,30.466895516379946],[-99.8598114003563,30.46825493609951],[-99.8589456292383,30.469207215756548],[-99.8580703018423,30.46904947417912],[-99.85689924546152,30.469170011803076],[-99.8560490196895,30.469131569019105],[-99.8549804709641,30.468783590328133],[-99.85466472122657,30.470158217877362],[-99.85461404187149,30.470608143194372],[-99.85367475981715,30.470981128917344],[-99.85239138078819,30.47106052001463],[-99.85127880563071,30.47191975300626],[-99.85040398039294,30.471854381747363],[-99.84906987709314,30.47238366214811],[-99.8483363343917,30.47286172278879],[-99.84749265015158,30.47324588824158],[-99.84654610431987,30.472818738275656],[-99.8458228221756,30.472005660094037],[-99.8442541858231,30.471539343584563],[-99.84393480329855,30.471487387352557],[-99.8435243953846,30.47244334165894],[-99.84309855261742,30.473207655333926],[-99.8428894032597,30.474861188938785],[-99.84274260955912,30.475252497894846],[-99.84198180658207,30.47553350374673],[-99.8409517865992,30.475574011141273],[-99.8399647887319,30.47518009438273],[-99.83893308979779,30.475092886321324],[-99.83779429281715,30.47418883387441],[-99.83591593172774,30.4733022837273],[-99.83554747513755,30.472853453232386],[-99.83509429124638,30.471638142108723],[-99.83515610252445,30.469856335004494],[-99.83442110634887,30.469817096557673],[-99.8331703469445,30.468965980179362],[-99.83191743697333,30.468635543400218],[-99.83027070378496,30.467924127581192],[-99.82981719380535,30.467781237539654],[-99.82910229833259,30.468337632440058],[-99.82904481693419,30.469246768798367],[-99.8289120585116,30.469697208560838],[-99.82818273340041,30.470672113126895],[-99.82556970491882,30.471824554978113],[-99.82391949345369,30.47141589309783],[-99.82275130629192,30.471298075846477],[-99.8220135693564,30.4708414533874],[-99.82133074014602,30.47018778733116],[-99.82080802934681,30.46994666180421],[-99.82005690122536,30.47044769633494],[-99.81874822923125,30.471216726880822],[-99.81875337388287,30.471831981475997],[-99.81832774042316,30.472110660553685],[-99.81717518574396,30.472599160739087],[-99.81648586710395,30.473199688529967],[-99.81642350336199,30.474189423055794],[-99.81582283766073,30.474895765357168],[-99.81629840397551,30.475704935204938],[-99.81669072700618,30.476743500145947],[-99.81636517305564,30.477464083023023],[-99.81595466902193,30.478211075863975],[-99.8152294554998,30.47868932311598],[-99.81500026203317,30.479322422549032],[-99.81412336348374,30.48036563882706],[-99.81313265108275,30.48091879857707],[-99.81292049326716,30.48170109216878],[-99.81224750060912,30.482912164621794],[-99.81137789548148,30.483485471761753],[-99.81025008040521,30.484427806513846],[-99.80850873575282,30.484889722266953],[-99.80623489854608,30.486049507942177],[-99.80504210203709,30.48719284065919],[-99.8032023038262,30.487760237784677],[-99.80250159814166,30.4889477330922],[-99.8021435530256,30.490395851491353],[-99.8015540758412,30.49124917786466],[-99.80059827287049,30.49222507184642],[-99.79875502962047,30.49300340420788],[-99.7975583443046,30.493191124592613],[-99.79615169935067,30.493199722174598],[-99.79485108254971,30.493433251470098],[-99.79373559685071,30.494003995635047],[-99.79282492254492,30.494144895780895],[-99.79216917394707,30.493584934404076],[-99.79078369060628,30.492984275380444],[-99.79024007690872,30.493416163167858],[-99.78857594155667,30.49378719368752],[-99.78733139220586,30.494516538897873],[-99.78690240174194,30.494473842608105],[-99.78536559359827,30.493016941922683],[-99.78470432664965,30.49297252808634],[-99.78380407280113,30.493167243792495],[-99.782742793243,30.493717905639105],[-99.78303861834755,30.493124455570424],[-99.7833319703901,30.49222349892291],[-99.78354789304504,30.491890907089505],[-99.78285400737012,30.49054620153317],[-99.78228621821164,30.490711853526236],[-99.78123046778408,30.490616686260058],[-99.78021112068511,30.49018294138338],[-99.77930465857968,30.489206997504503],[-99.7782431346798,30.488566708994163],[-99.77564661184323,30.488437835033018],[-99.77413652139275,30.4878842032311],[-99.77225868312281,30.48759084644412],[-99.77003184397513,30.487637793312363],[-99.76936395554453,30.48781885507771],[-99.76862829371734,30.488018286911615],[-99.76687322550235,30.488434696804664],[-99.76515839821882,30.48898620288636],[-99.76270400053829,30.489914229421387],[-99.76126329596035,30.490565496495176],[-99.75906223846131,30.49142761418823],[-99.75832962461787,30.4916472684639],[-99.75794335623223,30.492200038208967],[-99.75688673533716,30.493712081576653],[-99.7570987548122,30.495654712946077],[-99.75798419903494,30.4985325017806],[-99.75865977524772,30.500842011004853],[-99.7587050817791,30.50667886196073],[-99.76019477148947,30.507951415824394],[-99.76135694443042,30.509403910457685],[-99.76287102609571,30.51379061219493],[-99.76363848019912,30.51730970218218],[-99.76459983565663,30.519332833612214],[-99.76569886960952,30.5205542599012],[-99.76626564007846,30.52206363765824],[-99.76626834131251,30.525017705403876],[-99.7665627991812,30.525870130621083],[-99.7662635443089,30.527028602785975],[-99.76542249752245,30.529880926627705],[-99.76466189486973,30.532501376049662],[-99.76630139302677,30.531851084662268],[-99.76795066754906,30.532446404546874],[-99.76920674048834,30.532705929810408],[-99.77042124568447,30.53291233318292],[-99.77155185991118,30.532905642543767],[-99.77213791990424,30.534219024660825],[-99.77261575895669,30.534856846898254],[-99.77554691411805,30.536352136551084],[-99.77454664004918,30.537230053054422],[-99.77410454047032,30.53853172233851],[-99.77427442806021,30.539206992089454],[-99.77427880195734,30.53975864425548],[-99.77382930385379,30.540373742338797],[-99.774268814488,30.54109336949326],[-99.77427559227684,30.541947564645092],[-99.77413531226037,30.54241101681095],[-99.77413968885244,30.542962669344213],[-99.77387810932318,30.5436760431057],[-99.77331061121883,30.544176731933703],[-99.77380548861728,30.544886621507523],[-99.77346257562219,30.545725079733476],[-99.7732055200087,30.54693759376752],[-99.7723857579046,30.546942455326672],[-99.77103024775157,30.54745226086689],[-99.77073654446774,30.548232700191456],[-99.77074064707365,30.548751835854087],[-99.77040607493598,30.549213323806217],[-99.76952545107305,30.54957847228151],[-99.77019169019678,30.55013083295147],[-99.77061399629669,30.550439798991505],[-99.7711976101772,30.55090358350136],[-99.77246500458402,30.55189969393861],[-99.77293143593067,30.552727551368708],[-99.77329742664541,30.553486772068442],[-99.77356786985159,30.55481755750762],[-99.7725115876214,30.555256449907297],[-99.7715789144726,30.556153181156493],[-99.77121497910323,30.558171321801233],[-99.77163121977834,30.56023659528714],[-99.77204049312009,30.561419608349865],[-99.77255053048727,30.562697135242487],[-99.77371842839152,30.563711129564513],[-99.77374687264668,30.56477524607362],[-99.7740772218042,30.566088280628463],[-99.7757210013319,30.56659774195687],[-99.77624477573642,30.567079081509775],[-99.77687591229211,30.56849432903709],[-99.77742784798245,30.56999650954658],[-99.77821657239515,30.57109069375755],[-99.77884806109044,30.572531642073383],[-99.77963347610967,30.573219180915153],[-99.78022997093304,30.574371387270915],[-99.78115029314499,30.57533856545137],[-99.78257502837212,30.575935624116493],[-99.78412279596226,30.57690404966187],[-99.78379305226923,30.578186581426664],[-99.78420568441184,30.579758711709733],[-99.78480916812813,30.580187692611613],[-99.78603228906616,30.580578316978418],[-99.78568188501993,30.581765784013612],[-99.78556855805526,30.582597089441975],[-99.78676032689154,30.584043432549038],[-99.7882419218829,30.58424216345995],[-99.7883641897796,30.584518269106496],[-99.78801491761061,30.585844198466393],[-99.78877993817792,30.58646248674084],[-99.79066672276976,30.587281655636367],[-99.79069817188955,30.58869173649781],[-99.79315159130473,30.59032073545462],[-99.79448374975195,30.591783455907535],[-99.7948325727633,30.59286282577377],[-99.79484472337582,30.594350991511007],[-99.79561367047924,30.595436449220358],[-99.79630015762947,30.596210939789525],[-99.79717391566868,30.5978753958492],[-99.79878444136119,30.599128749343166],[-99.7996730871796,30.6001615191558],[-99.799675504546,30.600455743797987],[-99.80005882016933,30.600851301530437],[-99.8013990293181,30.60084305368918],[-99.80288293208145,30.601275177151393],[-99.80450315598577,30.60126516720609],[-99.80564109956687,30.60098128051924],[-99.80793455148783,30.601419754482432],[-99.80914120540838,30.600907636115597],[-99.8104065786058,30.60174541377437],[-99.81042783633868,30.60477745636886],[-99.81076782262258,30.606074275520513],[-99.81113856542518,30.607203116128094],[-99.81203875908655,30.60798828885258],[-99.81276398788003,30.608606680153503],[-99.81349175621084,30.60952751945257],[-99.81325059538798,30.610205213637656],[-99.8128621629608,30.610510193763435],[-99.81288029275989,30.612681136936104],[-99.81361083149501,30.61392921104622],[-99.8140438805474,30.614044128624496],[-99.81405787270626,30.61571677686689],[-99.81373582128701,30.61736346559796],[-99.81539406548742,30.61802187395937],[-99.81642427860807,30.618193361686668],[-99.81737386074545,30.618561114658107],[-99.81833029792678,30.6184033604129],[-99.81904058594047,30.617971403047033],[-99.81967399523381,30.61818115719071],[-99.82158125871918,30.619665333835602],[-99.82334318377474,30.620200399378962],[-99.82432693962215,30.620812798073757],[-99.82433070895308,30.621257658075272],[-99.82555392690918,30.62233542169201],[-99.82639041025396,30.62277288833817],[-99.82850659941654,30.623544495690666],[-99.83038768509623,30.623516115445508],[-99.82993519290783,30.62456755959031],[-99.83031447779045,30.62561503680435],[-99.83129405467517,30.62706801785253],[-99.83165271603552,30.628097896320202],[-99.83165636678882,30.628524854404176],[-99.8324856725945,30.629249251508515],[-99.83318876959434,30.629654005275466],[-99.83437968143787,30.629343902601928],[-99.83554986824946,30.630297565427032],[-99.83598085476996,30.631291087771316],[-99.83728263758414,30.631748508204236],[-99.83695680066428,30.63231697688171],[-99.83695955939052,30.632637238278768],[-99.83651237085557,30.633262947358325],[-99.83567295540969,30.633766661162863],[-99.83565633567862,30.634229455769155],[-99.83480501935185,30.635747513605693],[-99.83386212966333,30.636198441238676],[-99.83386594570665,30.636643294670424],[-99.83411699069258,30.63710437586195],[-99.83412508271667,30.638047433564832],[-99.83390480682584,30.638760653458835],[-99.8339167121983,30.64014864826184],[-99.8325200259676,30.640477878679633],[-99.83061777148826,30.641842578092945],[-99.82940715779392,30.6422773728128],[-99.82942462733126,30.642616699038417],[-99.82909035882415,30.64367553293335],[-99.82780064846906,30.644547628878207],[-99.82603456960364,30.646093632559857],[-99.82563084874865,30.64706997315956],[-99.82564194923059,30.648376056918078],[-99.82648124879381,30.649129410758082],[-99.82648972439851,30.65012590051551],[-99.82553220205234,30.65128866757735],[-99.82519219690381,30.652447512611914],[-99.82548894008657,30.653459983487725],[-99.82491893747924,30.654211030365122],[-99.82416168733913,30.654714063991413],[-99.82369171213867,30.655126381022644],[-99.82349373602648,30.656053017819747],[-99.82322951994185,30.65644613206792],[-99.8229676188157,30.657124054860603],[-99.82297244276877,30.65769341761972],[-99.8229771167032,30.658245054721757],[-99.82318626156933,30.658635256835893],[-99.82269590898498,30.659065427664995],[-99.82218313894269,30.659282332560565],[-99.8211232418918,30.65973298586441],[-99.82043989345516,30.66004069298669],[-99.81920925092327,30.660564497502392],[-99.8184933331677,30.66110286358808],[-99.8184960308085,30.66142312161906],[-99.818956763243,30.662363412278847],[-99.8193142594884,30.66347305743435],[-99.82033167071793,30.66521212449551],[-99.82169239828615,30.666972955321874],[-99.82142980366059,30.66756181963164],[-99.82143823434954,30.668558308678936],[-99.82074498019027,30.669345656199567],[-99.82037994977458,30.670006412758276],[-99.82038401195629,30.670486887655308],[-99.82020312359742,30.67100407265537],[-99.81979576815878,30.671522682737116],[-99.8195545597252,30.67221828209901],[-99.81851546406303,30.67350602840833],[-99.81852056649385,30.674111095035286],[-99.81829830083466,30.67461072212411],[-99.81766364647633,30.675024056793962],[-99.81716391817535,30.67564607972925],[-99.81677124210678,30.676631226984277],[-99.8162500323924,30.67830722385806],[-99.81578165259991,30.678915265773366],[-99.8156418397074,30.679432182371357],[-99.8151132754858,30.68023628034547],[-99.81514509111823,30.68157071022482],[-99.81466637620836,30.682525218422743],[-99.81501538067938,30.683279867398074],[-99.815023562535,30.684149744171393],[-99.81516809966759,30.685003805427673],[-99.81470839221085,30.685885434641676],[-99.81471417646294,30.686574095255132],[-99.81505209123179,30.687545746385716],[-99.81556046941066,30.68918116496137],[-99.81557065361103,30.690554713155397],[-99.81584075276244,30.69147116637067],[-99.81682069076992,30.69362620639427],[-99.81785209236169,30.695353343802843],[-99.81830723817345,30.697179213118805],[-99.81676643971328,30.69860193006892],[-99.81811266847278,30.701429398197227],[-99.8168936357676,30.703394525250637],[-99.81590973079986,30.703934561174073],[-99.81505602225947,30.70527463239731],[-99.8139509875605,30.705948247919103],[-99.81408050575985,30.706828865580132],[-99.81408956706612,30.707884664084133],[-99.81351711565131,30.71091751902898],[-99.81001891154325,30.71183174379359],[-99.80943556536069,30.712890479489445],[-99.80988026196904,30.714346929910967],[-99.80988947958218,30.715450197868563],[-99.81013670493151,30.71617524166054],[-99.81147051807548,30.717326609462642],[-99.81273044029574,30.71774579116631],[-99.81474886041606,30.717733137417444],[-99.81607954203297,30.719219622986174],[-99.81751993309886,30.72115229527333],[-99.82145027536762,30.719744718203103],[-99.8232066551229,30.719022973340834],[-99.82441745297187,30.718643089480135],[-99.825513173938,30.71853463348193],[-99.82704284676335,30.71879560325273],[-99.8284969470188,30.719395289843195],[-99.83006853523533,30.719960601795936],[-99.83221896368497,30.719540777159043],[-99.83497613673538,30.71932907597863],[-99.83667534501105,30.71856466396984],[-99.83757608484812,30.718558856500838],[-99.83977540680203,30.71925526839439],[-99.84174374494694,30.72042674523606],[-99.8418710128665,30.721542600746908],[-99.84232419585935,30.722996857083828],[-99.84306386776598,30.723598829599037],[-99.845305389877,30.724633209984972],[-99.84614198820616,30.726251982819672],[-99.84697773133915,30.726490096019226],[-99.84898684581142,30.726650720976195],[-99.8513172148973,30.72630384122097],[-99.85252993514098,30.726841656974102],[-99.85319515108361,30.72754798892473],[-99.85599997706488,30.72807538161723],[-99.85711636646906,30.728602615441826],[-99.8575810505925,30.72836043183494],[-99.85802982824718,30.728474753921294],[-99.85890027419794,30.728541250303678],[-99.86176799841877,30.729923063380348],[-99.86322106291671,30.729676476255634],[-99.86448325068814,30.729620774206328],[-99.86637736822763,30.72899456562403],[-99.86742850400958,30.728971750606412],[-99.86784172814195,30.72911106065999],[-99.86872732238334,30.728978857810077],[-99.86971230802438,30.729615159676428],[-99.87018718353471,30.730153383967775],[-99.87108924389524,30.730282683369595],[-99.87203974321253,30.731460521676468],[-99.8730017670166,30.731993191537967],[-99.87448690047187,30.732314806606247],[-99.87654528753748,30.732206149783583],[-99.87801329640848,30.733619642564886],[-99.87837434099927,30.734564658975017],[-99.8789282907125,30.7351699466126]]]},"properties":{"objectid":617,"tnmid":"{A6A4CD29-7F17-49B5-94B9-3115A3ABDCFF}","metasourceid":"{511D2AC8-11BA-45FC-AB98-F69D693D4C44}","sourcedatadesc":"Watershed Boundary Dataset (WBD)","sourceoriginator":"Natural Resources and Conservation Service and U.S. Geological Survey","sourcefeatureid":null,"loaddate":1723803860000,"referencegnis_ids":"1375178","areaacres":588131.79,"areasqkm":2380.09,"states":"TX","huc8":"12090202","name":"North Llano","globalid":"{022517C0-5BC1-4567-91A7-188E945B3AC8}","shape_Length":315593.7686356288,"shape_Area":3216812443.840132}},{"type":"Feature","id":618,"geometry":{"type":"Polygon","coordinates":[[[-98.90476835764754,30.973584398892616],[-98.90506251907216,30.97380272897386],[-98.90536274232832,30.974304957510277],[-98.905607478446,30.974714393098182],[-98.90657344585418,30.97547731291149],[-98.90741432196072,30.9761414940878],[-98.9079743128442,30.976359588031112],[-98.90828408788678,30.97648020316572],[-98.90829177746562,30.976496510531536],[-98.90865855959612,30.97727419296567],[-98.91075643121174,30.977804808457687],[-98.91087477436896,30.97753031620539],[-98.91168859771071,30.97564197400622],[-98.91197872390309,30.97496875942946],[-98.91198064000957,30.9749006259873],[-98.91199636951019,30.974336785824164],[-98.9123722740324,30.97369026707389],[-98.912417054151,30.97366391557242],[-98.91319051978031,30.97320628419294],[-98.91346466404546,30.973044229956134],[-98.91388921054369,30.973044512628388],[-98.9155969662893,30.973045638695975],[-98.91660385285697,30.972575956449138],[-98.91673585669471,30.972487571992218],[-98.91673985958761,30.972484970160124],[-98.917832763437,30.971753616062493],[-98.91877109956535,30.970568874078676],[-98.92084528530187,30.969800549472467],[-98.92210822406487,30.96889005157536],[-98.92262393249642,30.969239794095333],[-98.92282419482102,30.969375521361567],[-98.92285103019351,30.969468210562354],[-98.92296839149213,30.969873838754914],[-98.92299435549879,30.96996358512106],[-98.9229941210385,30.970255381157212],[-98.92299362067688,30.970874850723916],[-98.92399099767896,30.971507511192883],[-98.9253042205383,30.9718758583588],[-98.9269589083085,30.971876807286474],[-98.9288886081164,30.970778246206475],[-98.9291774425314,30.97061381395683],[-98.92917018414389,30.96803275719273],[-98.93067447237596,30.966666506157726],[-98.9289602541502,30.964484364602544],[-98.92899178501666,30.964430106679664],[-98.92936158189328,30.963793785841215],[-98.92914072209753,30.96316957378958],[-98.92898709311595,30.962735196214037],[-98.92923483499656,30.962073937540243],[-98.9292879919052,30.96204464254862],[-98.93027573806911,30.961501241548078],[-98.93027625010882,30.960794310370083],[-98.93027680526767,30.960031166916707],[-98.93027791558535,30.95850269936811],[-98.92969335038894,30.956902915719475],[-98.93076537739113,30.956347708990805],[-98.93080217777506,30.95641914587246],[-98.93184835934821,30.95778820275634],[-98.93370084446587,30.958305710549105],[-98.93585416818566,30.95729848951244],[-98.9358644143698,30.957286059126425],[-98.93617536800203,30.956910479827847],[-98.93781763656341,30.954926421174047],[-98.93868943268203,30.953177734101473],[-98.93871822907676,30.953119943704085],[-98.93875789957804,30.951292467964414],[-98.93876001241557,30.951193410712587],[-98.93881881343913,30.95116377957072],[-98.93896011573838,30.951092345692658],[-98.94080424293064,30.950161183492366],[-98.9422208034887,30.950795746957066],[-98.94340826849647,30.95080627143911],[-98.9457213962171,30.95082658697581],[-98.94678407714707,30.95048507275392],[-98.94692091931093,30.949823646837213],[-98.94692182481272,30.948189060299217],[-98.94692194788192,30.947971619279354],[-98.94703551110351,30.947971665504962],[-98.94751883077751,30.947971863504492],[-98.94862749556856,30.94761951223877],[-98.9495658613413,30.946501421177334],[-98.95212451390044,30.945783530370953],[-98.95212550384387,30.94379933694652],[-98.95212556852259,30.943666923298117],[-98.95214730775245,30.943666931002692],[-98.95318291435807,30.943667310839963],[-98.95475207712333,30.94313871842631],[-98.9552351829983,30.94271005216396],[-98.95531504951526,30.942639170556212],[-98.9558993685733,30.942757921373644],[-98.95647453110361,30.942874735088576],[-98.9568676778894,30.943043240781925],[-98.9578130343517,30.943448438797635],[-98.95835867195358,30.943551456548477],[-98.95836861271052,30.94355145885991],[-98.9592624885205,30.94355174316036],[-98.96154782685781,30.94315570333158],[-98.96275041590171,30.944147484045622],[-98.96368728418287,30.94492004910888],[-98.96517898342456,30.94634626251124],[-98.9655879576273,30.947316454980974],[-98.96647443850588,30.948213337144104],[-98.96758270893652,30.948830990514864],[-98.96824308655303,30.949342998301844],[-98.96834142512716,30.949419144573426],[-98.96907468396098,30.949772032343184],[-98.96985858891222,30.94966492501436],[-98.97015474369844,30.9496649935811],[-98.9705530665769,30.949665086800994],[-98.97080038445272,30.949665143041152],[-98.97087536143958,30.949630123157434],[-98.97141978721416,30.94937575095951],[-98.97160769590697,30.948853697852794],[-98.97179531264733,30.948332235119672],[-98.97179559382,30.947376772821087],[-98.97196460106092,30.946800439314206],[-98.97193488658796,30.94673741919042],[-98.97181895540729,30.946492141249276],[-98.97166015931619,30.94615577734163],[-98.9710509326703,30.94541560415745],[-98.97082952220727,30.944890270406272],[-98.97084260347444,30.9448265856639],[-98.97091279423748,30.94448447523795],[-98.97238081478658,30.944532519222385],[-98.97296244608526,30.944628089374262],[-98.97333973131808,30.944834265525706],[-98.97359667823542,30.944872295008924],[-98.97379630724775,30.94490182486142],[-98.97393657289116,30.944922523026676],[-98.97502785617976,30.944922737212035],[-98.9757274380719,30.94389397557596],[-98.9755926036427,30.94359341512599],[-98.97537807786803,30.9431148848508],[-98.97638297287071,30.943123980965584],[-98.97648054787687,30.943124753742346],[-98.97771462736304,30.94306842500189],[-98.977909197962,30.943059554628363],[-98.97908430215146,30.94300580999366],[-98.98060767509175,30.943029910948127],[-98.98332222038698,30.942552807843647],[-98.98531654948799,30.942242682383217],[-98.98798058700638,30.94149981072459],[-98.98812091373524,30.941036962379176],[-98.98838157069471,30.940177051825074],[-98.98829132683959,30.94003463219471],[-98.98807380338678,30.93969189746687],[-98.98762415167133,30.938983239248913],[-98.9875887751171,30.93892744741709],[-98.9881463261763,30.938105542355572],[-98.98961813941253,30.93741368801938],[-98.98985422385572,30.93641581119838],[-98.99024086234726,30.934782676632704],[-98.99038347798346,30.934582219278848],[-98.99079514713208,30.934003691947073],[-98.9920856587844,30.93363291792638],[-98.99217630598311,30.933606876689154],[-98.99219394709866,30.93362427090493],[-98.99325052756953,30.934665243536312],[-98.99408016126029,30.935051855660944],[-98.99451242518512,30.935253353014513],[-98.99553375845919,30.93642739133466],[-98.9955609495645,30.936458646677092],[-98.9955707933034,30.936462678803537],[-98.99594351599289,30.936614851577797],[-98.99653291771878,30.936855500181753],[-98.99838301331779,30.937237655278217],[-99.00057426390887,30.935341602410997],[-99.00196395585677,30.933842267763936],[-99.0036521292275,30.934400792967804],[-99.0050404036339,30.93485545572271],[-99.00535728255372,30.93495929102233],[-99.00589624477473,30.93585860534578],[-99.00615885916322,30.936296839837848],[-99.00649232277983,30.93655719833245],[-99.00749038789141,30.937336678454358],[-99.00903400706157,30.936853214061006],[-99.0093561393292,30.936752365800405],[-99.0103964297507,30.93748720248529],[-99.01141040043271,30.938033409883175],[-99.01315916427104,30.939530041395436],[-99.01356284380351,30.93979499554557],[-99.01373904026165,30.940220785549208],[-99.01448912813402,30.940358833155294],[-99.01622881269977,30.940646810965664],[-99.0163983265905,30.940666535388655],[-99.01730613167729,30.94077228134129],[-99.01749075433278,30.940793679230048],[-99.01923010292863,30.94079343267513],[-99.02008614439379,30.940377240874575],[-99.02083291748275,30.94001407551156],[-99.02089715241544,30.940014064724732],[-99.02218868814718,30.940013848216857],[-99.02411958181611,30.93969868705141],[-99.02535207038594,30.94052780249423],[-99.02563896174496,30.940974724347033],[-99.02615385001467,30.941777003053257],[-99.0269213634069,30.942070830651346],[-99.02701707620548,30.942032496486483],[-99.02707886861893,30.942007781212414],[-99.02739875060676,30.94187966972802],[-99.02770563846401,30.941659055395178],[-99.02801246523582,30.941217970052218],[-99.02832614076337,30.940896025669545],[-99.02837048340241,30.940850478535722],[-99.02838782807393,30.940840980782554],[-99.02869443655513,30.94067405224196],[-99.02879433280799,30.940614460591586],[-99.02913777221583,30.940409375592477],[-99.02940927723067,30.940532067906343],[-99.02965796863056,30.940644426313444],[-99.03001826312808,30.941037469356452],[-99.03124389126407,30.94064405570997],[-99.03194292428556,30.940467525019415],[-99.0320102817622,30.940475491852595],[-99.03278855427658,30.940567888577235],[-99.03258162914751,30.939464349024007],[-99.03241607503054,30.93846758849455],[-99.03239517392882,30.937755616488236],[-99.03258090241046,30.937310603552994],[-99.03297296133643,30.936545091947874],[-99.03319992069297,30.93583305630921],[-99.03336480466672,30.934889563317164],[-99.03336449115469,30.933981821738996],[-99.03315773311226,30.933341060100346],[-99.03286849445539,30.932908605037063],[-99.03226951219699,30.93248151875947],[-99.03307488868013,30.93249912585206],[-99.03408657494637,30.93244542767707],[-99.03505700069329,30.932035824760757],[-99.03596530703999,30.931554904914556],[-99.03654328399212,30.93105642538101],[-99.03677022448403,30.93039773382754],[-99.0366459030386,30.929489941897046],[-99.03641847745644,30.928600075885917],[-99.03600525242575,30.927870316111928],[-99.0357572751865,30.927265194300947],[-99.03576075436159,30.92718025254491],[-99.03576548758484,30.927065815430986],[-99.0357777513851,30.92676678795897],[-99.03612859560583,30.925161588112584],[-99.03734641558536,30.92532457510382],[-99.03827371321549,30.925499147130207],[-99.03866787330092,30.925573385880426],[-99.03924608650995,30.925768977254602],[-99.0396304208228,30.926128297482844],[-99.0402169721943,30.92667650628719],[-99.04093994621643,30.92738825795647],[-99.04172473241493,30.927886410618346],[-99.04291078796604,30.92797037618337],[-99.04462534395833,30.927132042637897],[-99.04546790081278,30.926720137533053],[-99.04527820177759,30.92600965546912],[-99.04517744134543,30.9256325291662],[-99.04532208897079,30.924838664152773],[-99.04545131970926,30.924836265235218],[-99.04612338889918,30.924823761271522],[-99.04648120584315,30.924309100682876],[-99.04648871935217,30.92392101099755],[-99.04649784893041,30.92345663185581],[-99.0470772515089,30.922897863940253],[-99.04767387389303,30.922677096375054],[-99.04904606935416,30.9221034036464],[-99.04948900526456,30.92133882915045],[-99.04984649432345,30.92025097617463],[-99.05005088171184,30.91992759019837],[-99.0513472261253,30.92104420418268],[-99.05236219753054,30.922072694615544],[-99.05217517367826,30.922954637658403],[-99.05418762629014,30.92392398250881],[-99.0543969301581,30.924026900312555],[-99.05514269533728,30.9243939162961],[-99.05642975656062,30.924099378571256],[-99.05711246809172,30.925275011071527],[-99.05893705063832,30.92565631084615],[-99.06040348116939,30.92589089078214],[-99.06057351698131,30.92506767226571],[-99.06133168430132,30.92420007064179],[-99.06185114589414,30.92330316969084],[-99.06204042811103,30.922878276105735],[-99.06244691218383,30.921965296543856],[-99.0630431941065,30.921141866991235],[-99.06409120734449,30.92037694957733],[-99.06537047747936,30.921214232610414],[-99.06711088069736,30.92169779611617],[-99.06803656225829,30.921343170941483],[-99.06900979793541,30.92018344103329],[-99.0694522864848,30.919168924674562],[-99.06996379080084,30.91738987858273],[-99.06893093304,30.91512106966073],[-99.06903916026879,30.914252506159862],[-99.06973308906282,30.913311536257243],[-99.06842513122936,30.912186541440494],[-99.06726715611573,30.911880311344806],[-99.06751160297591,30.910565028791442],[-99.0670207176906,30.909649387522673],[-99.06696535182468,30.908641098054485],[-99.0659290130921,30.90631589007176],[-99.06535699107201,30.90624627713832],[-99.0632319301477,30.90493343680832],[-99.0628503967819,30.904697695566988],[-99.06287706596606,30.904498725191146],[-99.0629566728699,30.90390559226468],[-99.06298605496623,30.903687043894287],[-99.06445570685588,30.90223127013973],[-99.06498689236146,30.9024655884053],[-99.06534626339088,30.902502709787374],[-99.06564346561274,30.902533312563822],[-99.06771014502675,30.90274624604582],[-99.0678928183381,30.90244208307091],[-99.06847178343702,30.90147798940607],[-99.06994198240069,30.90093586431452],[-99.0699703835367,30.900865695571376],[-99.0701053814593,30.900532986668864],[-99.07013232193466,30.900466510576692],[-99.06912387499334,30.89924667202565],[-99.06767967417231,30.898072086378466],[-99.06758171199226,30.897735217613068],[-99.06728842013683,30.89672587608978],[-99.06716116120043,30.89628803303842],[-99.06728730532757,30.89513412466055],[-99.06736388221397,30.894433613431275],[-99.06657731375792,30.893827318107125],[-99.06529332477287,30.89283754710686],[-99.06540133820263,30.891499732124846],[-99.0674691315276,30.888773662958553],[-99.06874801808183,30.887575120699253],[-99.06876074361615,30.88656671128498],[-99.06791581251441,30.88517982292203],[-99.06827431936452,30.884637791349984],[-99.06867709968343,30.88402893924465],[-99.0697661299973,30.883489203975426],[-99.07020063971034,30.88205651552448],[-99.06984523833617,30.880272465276864],[-99.07004529764151,30.879832679701963],[-99.07020431561648,30.87948298478077],[-99.07089201010245,30.87797084220162],[-99.07160886030928,30.8770495909158],[-99.07200717959448,30.876537775164657],[-99.07229752317913,30.875970310092345],[-99.07248271895979,30.875608082200316],[-99.07118952673467,30.875362873993712],[-99.07054781790639,30.873529827649243],[-99.07048681062051,30.873355601860403],[-99.07052690512657,30.873172166588013],[-99.0708126089128,30.87186424079092],[-99.07007663986178,30.870831532223185],[-99.07125754626966,30.870397177010137],[-99.07168312133888,30.869897107452317],[-99.0720064178231,30.869264929636735],[-99.07279001555051,30.868867582999666],[-99.07346214852082,30.86766193764607],[-99.07368271456747,30.866456462959167],[-99.07369233911741,30.86541158228535],[-99.07369844676303,30.864736649205305],[-99.07502646038353,30.86322192900748],[-99.0757928535766,30.86282457274394],[-99.07628694674581,30.86282428203474],[-99.07712402477532,30.86265221595291],[-99.07714730281927,30.86264741500101],[-99.07714706476573,30.862352587820155],[-99.07714663177775,30.86180956732507],[-99.07733868978887,30.86083171182683],[-99.07794318410987,30.860190697190795],[-99.07854972389477,30.858604367535182],[-99.07854838181173,30.858510180497547],[-99.07853163901146,30.857325592408024],[-99.07820755380641,30.856884853262017],[-99.07836868282229,30.85670167565665],[-99.07839874853653,30.8566674615407],[-99.07853097964804,30.85651715202247],[-99.07945375875231,30.85699853062405],[-99.0797411837106,30.85714849545146],[-99.08050824704688,30.85751544008098],[-99.08091709189223,30.857515184828774],[-99.08177738059206,30.857323584317285],[-99.08309454166562,30.856699901214622],[-99.08302125620642,30.857440336526533],[-99.08359270240642,30.85817497710321],[-99.0838258008496,30.858555353488054],[-99.08391689630761,30.858703925506184],[-99.08390047600254,30.85942415460553],[-99.0847531901079,30.86090680424266],[-99.08477074498518,30.860937549087225],[-99.08495916931096,30.86211336813055],[-99.08524106963029,30.862921620221762],[-99.08524156370368,30.863480186870916],[-99.08542937717507,30.86406803363891],[-99.08542981824787,30.86456778275679],[-99.08526008965978,30.865155868063678],[-99.0860783012717,30.865552153644895],[-99.08655608732356,30.866360275733374],[-99.08710220103254,30.867212458052144],[-99.088210214545,30.867623320756792],[-99.08889181216517,30.86781383198072],[-99.0898459586425,30.86760749370331],[-99.0915928584766,30.867929660010507],[-99.09194424527978,30.86778506714115],[-99.09248714122343,30.867561521518706],[-99.0939355066341,30.867575181862545],[-99.09609955084849,30.867558891385666],[-99.09736712671499,30.867557945278012],[-99.09759913640006,30.867557770244197],[-99.09734429693034,30.86829288384334],[-99.09698736033538,30.86920451473983],[-99.09677099391267,30.870233415647437],[-99.09669053271098,30.87061585224048],[-99.09697249231911,30.871365264516356],[-99.09687822401149,30.87148161873169],[-99.0968533209152,30.871512304669924],[-99.09719448129718,30.871850145421078],[-99.09813045126305,30.872041594307348],[-99.09826830852317,30.872069803493467],[-99.09851820546218,30.872214968947603],[-99.09897589620113,30.872480878229705],[-99.0993005653111,30.873347880022067],[-99.09931776086228,30.873399121713536],[-99.09967664051322,30.8744646364364],[-99.1002687901856,30.875032488221734],[-99.10042714340723,30.875184359310623],[-99.10099040505669,30.875507648954684],[-99.10162930934463,30.875874231873972],[-99.10189943454719,30.876250595118822],[-99.10198772187164,30.876373696618263],[-99.10223823505491,30.87653347528828],[-99.10290858037781,30.876960940806093],[-99.10294918422863,30.877036776164726],[-99.10301096855727,30.87715200323597],[-99.10362455921882,30.877151513653036],[-99.10434861571085,30.876974491870474],[-99.10476629369043,30.877135891716094],[-99.10587393440206,30.877120288280615],[-99.10723714760863,30.876898610973598],[-99.10731652364544,30.876799402656825],[-99.10739025916061,30.87670734141039],[-99.10803742705086,30.876427603589644],[-99.10873636664756,30.87661808035119],[-99.10902976630082,30.87661783208891],[-99.10946918530688,30.876617463550396],[-99.1096393864088,30.87647036646552],[-99.11005067018019,30.875888349782137],[-99.11129136306349,30.875542891813033],[-99.1125351021339,30.8753066472205],[-99.1137383020322,30.875475816261506],[-99.11523660658617,30.87568656010483],[-99.11815167292079,30.876477581503906],[-99.11858539211639,30.877070953713396],[-99.11880961879781,30.877377837932343],[-99.11881742515764,30.877388335027344],[-99.11909113823144,30.876904718054554],[-99.11960812945725,30.875991200503847],[-99.1196899345386,30.875898278037322],[-99.12088831138212,30.874536969494958],[-99.12107147068203,30.874328850757756],[-99.12107584996905,30.874326239314865],[-99.12295311331718,30.87319524655959],[-99.12295186376062,30.872217676827532],[-99.12295067259456,30.87128438666861],[-99.12304104221383,30.871037533552656],[-99.12355354276151,30.869637526007615],[-99.12557074656293,30.866785461820594],[-99.12631821854117,30.86628355983024],[-99.12637066308577,30.86609412431389],[-99.12646741074354,30.86574459362196],[-99.12652169413954,30.865548352170904],[-99.12720212754307,30.864665814703304],[-99.12709241629743,30.864411760211244],[-99.12616646973349,30.86226772340712],[-99.12614243890133,30.862212125894505],[-99.12608334592531,30.862156140477534],[-99.12546002291596,30.861566001778794],[-99.12465897721081,30.861361009544872],[-99.12463042695443,30.86127517263742],[-99.12435108593537,30.86043523785604],[-99.12435027116341,30.85980475352031],[-99.12434996663454,30.85956798432018],[-99.12436336860026,30.85953781122115],[-99.12474073198649,30.858685735733395],[-99.12576244075635,30.858287838603133],[-99.12618918812701,30.857898326095793],[-99.12637508100035,30.8577286756791],[-99.1267507708252,30.857621352719097],[-99.12720113220975,30.85749269332878],[-99.12720181313273,30.8580071478628],[-99.12721997077958,30.85811518293342],[-99.12735062624606,30.858892404755032],[-99.12738213645129,30.859079991422032],[-99.1274009866992,30.85911904282084],[-99.12783010562224,30.86000628977147],[-99.12809975202275,30.860563917203333],[-99.1299069925928,30.861429286359627],[-99.13108240310778,30.861251742018418],[-99.13225738332973,30.86069198333023],[-99.13302107169548,30.86021388361991],[-99.13315107678173,30.860132504380264],[-99.13352925673655,30.860132112644358],[-99.13403716329987,30.860131587502362],[-99.13488016661701,30.859969060154725],[-99.13581075567433,30.859964640009174],[-99.13657169878859,30.859282607250886],[-99.13742615742221,30.858966882546405],[-99.1381902015208,30.858966065905975],[-99.13858473979695,30.858965647175303],[-99.13977695419764,30.85865567340173],[-99.13994732418287,30.858611377251282],[-99.1405105328317,30.859272173719834],[-99.14059818414891,30.859469862335903],[-99.14078403839468,30.85988925690847],[-99.14104587394381,30.8600518044408],[-99.14130420336836,30.860212083024372],[-99.14137854614465,30.860434317125385],[-99.14159659690851,30.861086411213325],[-99.14091766099655,30.862285022632168],[-99.14051649135698,30.863358479166806],[-99.13966711000133,30.864511225789283],[-99.13953014656491,30.86469714206291],[-99.13906214226819,30.8658422473032],[-99.13904467542581,30.865885033408308],[-99.13899527347508,30.866005989180067],[-99.13899669460983,30.866990786357178],[-99.1390244570437,30.867128382126754],[-99.13908253582176,30.86741692500974],[-99.13884022425702,30.867567163466056],[-99.13806102557957,30.868050101211892],[-99.13774197722833,30.868554643335397],[-99.13756802116852,30.868829655156024],[-99.13741380828199,30.869222953882716],[-99.13711819158661,30.8699766702808],[-99.13712258075509,30.86997977377488],[-99.13809880961874,30.870695592584536],[-99.137639748949,30.871313711006866],[-99.13781097323204,30.8719162026549],[-99.13828924617077,30.872738834348066],[-99.1402333064468,30.873692217895076],[-99.14104346825548,30.874176296730788],[-99.14164060986587,30.874660693093222],[-99.14190813983556,30.87442942941934],[-99.14199802975448,30.87435169683194],[-99.1428358605722,30.874498565092583],[-99.14349801775128,30.874614620975276],[-99.14380080030767,30.874445153571894],[-99.14407701339293,30.87429058351346],[-99.14493724909215,30.874113268854913],[-99.14502156855798,30.874154930974818],[-99.14520356364129,30.87424496534847],[-99.14561941714251,30.87445051369238],[-99.14665466442202,30.87553664277951],[-99.14666910663684,30.875551753026755],[-99.14670828755627,30.87550263893186],[-99.14712838829213,30.874977964425128],[-99.14827456223789,30.874512444958878],[-99.14865265595445,30.874358928992194],[-99.1488723578218,30.874010415346667],[-99.1489586445981,30.87387345013011],[-99.14917460138903,30.873752042442838],[-99.14963960800766,30.873490538476197],[-99.1497947515488,30.87322208605991],[-99.14997951973139,30.872902176615323],[-99.15053132875926,30.87259251005321],[-99.15060947769742,30.87254864672377],[-99.15125703186322,30.872547890339664],[-99.15160434211163,30.872275346479235],[-99.1529004808109,30.871943370204807],[-99.15424533155476,30.871074522931213],[-99.15462350432307,30.8705596211401],[-99.1555042871878,30.869808853217233],[-99.15563224860675,30.869913222502305],[-99.15616975106543,30.87035191475974],[-99.15688790832102,30.87118914264894],[-99.15693806934816,30.87124764256317],[-99.15745489169068,30.87064871204315],[-99.15791901167212,30.87135416534775],[-99.15944102546136,30.870039323831676],[-99.15961955753924,30.86938736080629],[-99.15968655568976,30.86914236106193],[-99.15983253461837,30.869067487138718],[-99.1599164246895,30.86902444877458],[-99.1605132608727,30.869288290444025],[-99.16185864431752,30.868801568386438],[-99.16211350804173,30.86837501488665],[-99.16279482808244,30.868197720126428],[-99.16341877901418,30.868196932865228],[-99.1638683867122,30.86819636304541],[-99.16409868780157,30.868278831128134],[-99.16468686512376,30.86848931167144],[-99.16561619474305,30.86781815229619],[-99.16566532091099,30.86778255036188],[-99.16573248524985,30.867758600088408],[-99.1662443075695,30.867576041609755],[-99.16682932641511,30.868101337254032],[-99.16787213750933,30.867838520155992],[-99.17027472934741,30.867835383436468],[-99.17100075494658,30.86646061755302],[-99.17127673087657,30.865937900685495],[-99.17192424192325,30.865937042465738],[-99.1730860205038,30.86555757440773],[-99.17394266024695,30.865566845222293],[-99.17448558403835,30.865203146862218],[-99.17473413530105,30.865036622277373],[-99.17520035464531,30.865022043969553],[-99.17522821140226,30.86502125205567],[-99.17590902299654,30.86459409492878],[-99.17590809324021,30.864511170270234],[-99.17590034167762,30.8638394409563],[-99.17617210271233,30.863532147111044],[-99.17732078385602,30.863151650898395],[-99.17795892637261,30.862783186384004],[-99.17809537597267,30.86262411812003],[-99.178809398283,30.861791590199537],[-99.17871434394954,30.861268278784664],[-99.17871348156687,30.860803311949244],[-99.1787125194712,30.860282893827257],[-99.17871232813005,30.86018056064487],[-99.17886384427406,30.860008278527694],[-99.17898144182959,30.85987468938501],[-99.17898435686268,30.859871495340872],[-99.1803850926987,30.860144883387573],[-99.18145932057334,30.85972151857801],[-99.1818923983718,30.85831097074083],[-99.18241428451759,30.858088171863727],[-99.18256052126267,30.857805493279336],[-99.18263494488734,30.85766154447687],[-99.18294112397383,30.857396535667807],[-99.18307757087898,30.857498762317324],[-99.18360657347843,30.85789534559486],[-99.18422380411351,30.857621570184484],[-99.18430456804745,30.85758566448466],[-99.18437985674973,30.857638152303725],[-99.18493582497739,30.85802578503162],[-99.18526906850676,30.858569166259798],[-99.18526955988523,30.858825008322786],[-99.18527021745201,30.859166127955252],[-99.18527099090147,30.859568665235223],[-99.18553224164734,30.85989227281968],[-99.18562761847599,30.860010435391246],[-99.18585167088428,30.860288051160783],[-99.18668662529645,30.86028684973653],[-99.18745381799013,30.860550319093104],[-99.18765089129549,30.86112330187207],[-99.18777469710793,30.861182525075705],[-99.18779751072289,30.86119349818646],[-99.18817107423547,30.861372423717928],[-99.18864406148708,30.861242848637712],[-99.1888182061931,30.861195122175925],[-99.1888903975043,30.861257193098265],[-99.18997878103117,30.862192925081636],[-99.19036397593004,30.861945423946562],[-99.1908041279614,30.861662555470666],[-99.19173334529128,30.861940463337557],[-99.19292674546813,30.86229149152679],[-99.19461270628832,30.86187735338832],[-99.19531268882906,30.86255249166517],[-99.19602901172483,30.862874802193986],[-99.19729836984884,30.86287287364389],[-99.19741003313362,30.862562671142765],[-99.19755258768436,30.862166885997272],[-99.19791845263497,30.86171640208652],[-99.19924596769047,30.86120890140905],[-99.2016532702939,30.859441263872217],[-99.20291191331322,30.858395688282126],[-99.20294930119535,30.8583443761073],[-99.20327714854481,30.857895365644808],[-99.2039983816319,30.85750664583267],[-99.20404293627337,30.857482632842018],[-99.20404258413379,30.85731635626974],[-99.20404128966146,30.856703685302723],[-99.20445197695147,30.855554571108836],[-99.20520358567158,30.854438103371276],[-99.20520056823055,30.853020018862747],[-99.20520027717642,30.852884159621446],[-99.20520008044538,30.85279173608173],[-99.20497724794924,30.852145389624244],[-99.20675288039772,30.84992309479104],[-99.2071330851552,30.84911656787849],[-99.20886237890804,30.848523297961986],[-99.20923713987492,30.848179640918868],[-99.20987400319054,30.847595594570876],[-99.21055118559107,30.847594497875562],[-99.21091324797307,30.84759390710997],[-99.21183203496419,30.847107360284024],[-99.21235202207146,30.846078441813205],[-99.21304009564648,30.846385159938563],[-99.21322987822498,30.84638014222395],[-99.21363631648371,30.846369474373443],[-99.21387190415852,30.846600897512996],[-99.21393446103829,30.8466623793975],[-99.21417414682746,30.846897745180968],[-99.21485682062931,30.847440475292174],[-99.21565955426888,30.848365122263345],[-99.21568168336759,30.848419614151034],[-99.21615640167275,30.84958434925452],[-99.21648098993435,30.849980633636488],[-99.21689115350657,30.85010438044381],[-99.21754659847385,30.85030223988699],[-99.21831938677342,30.851613501471217],[-99.22048835465388,30.85162015463178],[-99.22125473527052,30.851434763642374],[-99.22180058846808,30.85177965605561],[-99.22329253654311,30.85224743524146],[-99.22365003368684,30.851991817787386],[-99.22397271752004,30.851761129497078],[-99.2246373369813,30.851622689572974],[-99.22496896533981,30.85155363765817],[-99.22525439783482,30.85155314023251],[-99.22660443545114,30.851550787293284],[-99.22665575081342,30.851630682310766],[-99.22666063854687,30.851638152944187],[-99.22718434198447,30.852452563408075],[-99.22723712609225,30.8525345560953],[-99.22886572498997,30.852295594941868],[-99.22916167136705,30.85225213568726],[-99.22936610816278,30.852222116839442],[-99.23146827462377,30.851454047585715],[-99.23260491744435,30.84942351922472],[-99.2333215098347,30.84984854905021],[-99.23384072528916,30.849957086889265],[-99.23450609484367,30.85009628269369],[-99.23552076890654,30.850710810525644],[-99.23583695522531,30.850902303939765],[-99.23667259415373,30.85125349438563],[-99.23704949131434,30.851380514854323],[-99.23816596156689,30.851757143930495],[-99.23871021127167,30.851940649485222],[-99.23912368423737,30.85177302372853],[-99.24063600520472,30.852216370648634],[-99.24214298838262,30.85184605565001],[-99.2433960402876,30.851460493303634],[-99.24473153867108,30.8521392100156],[-99.24688822568328,30.854645962991345],[-99.24790108335264,30.854995483246146],[-99.2480326533041,30.85488340061493],[-99.24812613738246,30.854803906233943],[-99.24887010233782,30.85417048214567],[-99.24917702253443,30.85362577731643],[-99.24924323376077,30.85350827626788],[-99.24938649708227,30.853510604481095],[-99.2499899304929,30.85352036462177],[-99.25005255294968,30.853521418834084],[-99.25134773853644,30.85365116012754],[-99.2522345535883,30.853803190794427],[-99.25253003014647,30.852987456095846],[-99.25334787344914,30.852985858187925],[-99.25431847706248,30.852748782183333],[-99.25433658709862,30.852674223985883],[-99.25438620464502,30.852471386743186],[-99.25452330462537,30.85191003363131],[-99.2545627092253,30.851748636040906],[-99.25520995077738,30.85102134673857],[-99.25547997087708,30.850718092284446],[-99.25607961968542,30.849896116118806],[-99.25637119036877,30.849496280694744],[-99.25708514800039,30.84889218976933],[-99.2574045529828,30.848816862748116],[-99.25790234541434,30.848699421362667],[-99.25840171798247,30.84811801655788],[-99.25847132304396,30.84803688156032],[-99.25861662374453,30.847967360469212],[-99.25896479907054,30.847800724201885],[-99.25939064363435,30.8477998727609],[-99.261592765637,30.84631089758028],[-99.26336255993445,30.845572306790707],[-99.26280945643424,30.843930923178537],[-99.26356857507012,30.843029026078266],[-99.26350615383599,30.842778353373397],[-99.26332735495848,30.84205933821735],[-99.26347461308805,30.841640954730558],[-99.26359771192637,30.841291098897788],[-99.26374158340734,30.84088263700095],[-99.26433948139919,30.840358059960458],[-99.26444682019418,30.840263823382568],[-99.26446631004258,30.840198500210793],[-99.26459473139897,30.839766795247694],[-99.26480129810024,30.83907245002146],[-99.26472921099364,30.83881264167112],[-99.26464640429074,30.83851420400633],[-99.2665839526793,30.837864370665308],[-99.2665865811498,30.837863522992716],[-99.2667426328877,30.837428904291603],[-99.26675557850928,30.837392746526024],[-99.26685157966706,30.837424982148857],[-99.26753994429622,30.83765571108202],[-99.26835808943281,30.837845161121713],[-99.26959157243763,30.837284037124387],[-99.26993250374922,30.83681079884344],[-99.27027032778823,30.83634184988075],[-99.27037237101462,30.83634163699504],[-99.27086339733543,30.836340611132915],[-99.27132638813455,30.836339643891492],[-99.27140611361602,30.836367285858334],[-99.27208514564771,30.83660263061607],[-99.27315834674796,30.836600371411606],[-99.27428365282965,30.836980200867124],[-99.2757972970154,30.83641220548373],[-99.27734587398761,30.835470479422426],[-99.2782069244588,30.835884111430808],[-99.278325284684,30.836039463821347],[-99.27849769833648,30.83626560978408],[-99.27912897323272,30.83664645562475],[-99.2796523344122,30.836444436808005],[-99.27974151735698,30.836409965557866],[-99.28002241785138,30.836405997865317],[-99.28099353979263,30.83639254982391],[-99.28125707405596,30.83627813148149],[-99.28147033590105,30.836185582415496],[-99.28170810019382,30.836082309501908],[-99.28196025010755,30.83527071736621],[-99.28203713152283,30.8350232802021],[-99.28209843974435,30.83501264502781],[-99.2831950266864,30.834823895941685],[-99.28412666048439,30.835988805343394],[-99.28474062574342,30.83623741551874],[-99.28493584762099,30.83623698743296],[-99.28537079211861,30.836236030217716],[-99.28594465119347,30.836652344671478],[-99.28619884387614,30.836836794675733],[-99.28726242581635,30.836481725691506],[-99.2874321984219,30.83633700210368],[-99.28776367316847,30.836054295673293],[-99.2880481830937,30.836118527153346],[-99.28821538202594,30.836156215710595],[-99.28904915425522,30.835768034895214],[-99.28938908125029,30.83560973943849],[-99.28979915948256,30.83549984556586],[-99.28983165334301,30.8354911225757],[-99.2902744823539,30.835490129871786],[-99.29105658708129,30.834988623321003],[-99.29174580960155,30.834781223250246],[-99.29178826398189,30.834781801753348],[-99.29235077374143,30.83478893662429],[-99.29273383424321,30.8347937837082],[-99.29348238150484,30.83446869841033],[-99.29427968662516,30.833213311297996],[-99.29492711592515,30.833451212323585],[-99.29507236272681,30.833601783215794],[-99.29537994498178,30.833920526371376],[-99.2960456253534,30.83435994018764],[-99.29725628126855,30.834768697500845],[-99.29726277069815,30.834758099322503],[-99.29759904334666,30.83421069179363],[-99.29766308065,30.834106360786645],[-99.29837770752653,30.833840138372064],[-99.29860386648413,30.833390613653215],[-99.29873314662993,30.83313380127486],[-99.29961149775517,30.832637152745868],[-99.30015716679812,30.83324116551508],[-99.30066237482231,30.83348390436548],[-99.30085193551695,30.833574877088996],[-99.30100635860921,30.833761127157434],[-99.3015065630173,30.834363645708873],[-99.30186212339328,30.834450450819496],[-99.30228424174528,30.834553399212453],[-99.30253576014337,30.834993158775212],[-99.3029819129208,30.83577308016138],[-99.30370755853258,30.83588371573922],[-99.30406478079186,30.83593816457921],[-99.30443867847771,30.83643308445969],[-99.30455249143095,30.836583634476376],[-99.3051646591611,30.837108997297275],[-99.30558677841142,30.838928122934178],[-99.30611662632556,30.838790591600272],[-99.30689008746327,30.838589802903368],[-99.3074566261669,30.839272296720903],[-99.30754479401539,30.83937845395091],[-99.30832434573075,30.840166892581742],[-99.30877721610987,30.840345952979515],[-99.30893184761132,30.84040708562034],[-99.30904708888585,30.84045260187731],[-99.3091777111147,30.8404065819665],[-99.31007272509014,30.84009087997049],[-99.31131912407211,30.840401452101826],[-99.31140594893928,30.840423007404326],[-99.31263988110176,30.840398187992864],[-99.3131558653161,30.840849807876005],[-99.31348337040745,30.84155066529661],[-99.31399434651411,30.842643866378218],[-99.31475940481066,30.843293921101225],[-99.31708709871361,30.842085583293528],[-99.31852634083427,30.840860659135537],[-99.31913401608968,30.83999703571963],[-99.32080562003499,30.840498201412213],[-99.3219513807557,30.84025548338699],[-99.32356394562392,30.840943954409006],[-99.32619647024214,30.839716038468517],[-99.3268918821547,30.84016925659824],[-99.32883283336155,30.839661485332694],[-99.32950164975182,30.8404500743539],[-99.33065116812534,30.8397765845534],[-99.33206820658714,30.84025178734873],[-99.33340144480933,30.840535878222727],[-99.3336205537886,30.83969713318686],[-99.33428350238344,30.838809349741183],[-99.33473353049301,30.837624435052028],[-99.33634598756339,30.837319217672302],[-99.33734508843249,30.837316619876468],[-99.33823888429241,30.83696703443786],[-99.33861740560705,30.83609198965501],[-99.3402626799314,30.836351080325304],[-99.34107079268288,30.83531921031983],[-99.34248468434623,30.834884374921295],[-99.34343658413704,30.835276998334717],[-99.34464959004498,30.83495046918962],[-99.34510143814131,30.835212753950096],[-99.34657230365492,30.8352207580823],[-99.3477740581639,30.835205689302022],[-99.34845521920282,30.835416007948506],[-99.34900963244672,30.835765046764664],[-99.35029125706595,30.837150514290137],[-99.35030100109184,30.83983272958043],[-99.35089304116971,30.84045371253759],[-99.35121684969367,30.841722115961655],[-99.35280053731876,30.84217277939929],[-99.35479484396188,30.841610534580436],[-99.3548591435733,30.841592461886115],[-99.35489397485013,30.84158505525814],[-99.35598934547328,30.841350494003482],[-99.3565022942803,30.84124069925872],[-99.35729197180554,30.841471088137194],[-99.35816928807158,30.841727024397944],[-99.35898241791394,30.84100942901693],[-99.35902686835081,30.840970323196245],[-99.3594815703948,30.841118869234535],[-99.36091647185602,30.84158765525226],[-99.36261093612868,30.84196613373991],[-99.36319114180101,30.841462241513124],[-99.36341320444093,30.841269383362885],[-99.3645510060882,30.841266185614025],[-99.3645793569186,30.841270558030367],[-99.36562020968547,30.84143079087091],[-99.36616538375668,30.840399421289266],[-99.36625403579711,30.84023164038994],[-99.36628597360041,30.840231546292134],[-99.36830779653903,30.84022581326642],[-99.36919096712577,30.83948863261973],[-99.36937295681918,30.839336711930752],[-99.37024822133311,30.83933421214473],[-99.37053858198574,30.83933338299636],[-99.37298083085038,30.839326373413936],[-99.37640174031813,30.841184396170515],[-99.37752682451594,30.840222546066318],[-99.3781444351384,30.839694529285023],[-99.38127308401667,30.838411793607122],[-99.38273523407538,30.839082323469952],[-99.38326371385536,30.838970779127035],[-99.38503690737782,30.83859659040321],[-99.38514012470227,30.838670895754905],[-99.3865872396581,30.839712372490073],[-99.38712443399463,30.840098937686495],[-99.38801862690993,30.841605081612702],[-99.39056877871151,30.843895937870588],[-99.3931626461281,30.844315915747355],[-99.39417743607365,30.842893910847557],[-99.39537956518012,30.843115500188865],[-99.39632203625372,30.842801330369326],[-99.39873156757737,30.84390517607248],[-99.39886639571837,30.843966934254336],[-99.40075610791972,30.844535875219307],[-99.40107562339492,30.844400371852917],[-99.40247235274477,30.843807820897975],[-99.40289752087715,30.84362745195114],[-99.4029171598459,30.843619159295155],[-99.40301321400429,30.843700024229506],[-99.4044490272555,30.84490752494582],[-99.40473858122103,30.844781431440897],[-99.40479719270004,30.844755874292346],[-99.4062220294368,30.844135637222124],[-99.40722276523974,30.8418068388997],[-99.40819568291326,30.841543065844668],[-99.40931326258519,30.840791849372014],[-99.41009385634626,30.838605720361002],[-99.4120753080977,30.836908878444778],[-99.41340469524225,30.836456652266495],[-99.4145425418053,30.835210117530572],[-99.41633996109437,30.834763840388238],[-99.41720359781526,30.833861550906818],[-99.41815082456996,30.832638115396517],[-99.4208153058561,30.833240725074283],[-99.42181037778116,30.83232747726054],[-99.42205356610161,30.83172040029161],[-99.42219476060302,30.831368323017216],[-99.42242328123152,30.83128187611842],[-99.42366299495116,30.830812698043925],[-99.42366120730375,30.830406216403876],[-99.4236584710354,30.829782971553676],[-99.42437483255871,30.82855923567491],[-99.42478546055993,30.827312637722077],[-99.42477896663873,30.825838035379544],[-99.42453797020758,30.824633904203978],[-99.4249391605084,30.823082851240553],[-99.42583539080275,30.82270316428306],[-99.42751785627817,30.82168930733694],[-99.4300386996453,30.819519817996653],[-99.43180969139702,30.816989647965936],[-99.43349779110589,30.817265977952275],[-99.43453604414835,30.818200997982768],[-99.43575818232944,30.81775024822799],[-99.43694942924458,30.81645586538283],[-99.43800814950245,30.815910868555225],[-99.43917196905532,30.81456925671804],[-99.44063150501655,30.812292330873507],[-99.44129742703498,30.81229006569633],[-99.44212363544956,30.81193965927195],[-99.44232202748175,30.81185546778462],[-99.44246318784718,30.811879771483806],[-99.44382162111815,30.812113742783342],[-99.4450700350213,30.812109457763697],[-99.4476105290353,30.812532654604173],[-99.44817429733455,30.810886193352072],[-99.44919162232584,30.81023748538941],[-99.45074026577336,30.80978546226143],[-99.45144358106381,30.808937105935435],[-99.45197806158988,30.80691625466963],[-99.45278782544486,30.80550576472611],[-99.45309792208431,30.804402514509608],[-99.45370649655332,30.80370419680352],[-99.45438968149656,30.802873790384023],[-99.45470199158488,30.80249435687418],[-99.45550418443865,30.80157933981853],[-99.45607976019403,30.801608735616384],[-99.45649637816155,30.802275059560458],[-99.45649797446781,30.802612644130694],[-99.45650000106708,30.803041388883983],[-99.45816858218147,30.80389762577007],[-99.45853532568441,30.804181241667564],[-99.45903180837226,30.804565132108515],[-99.45933025386249,30.805017527776304],[-99.45964663960723,30.805496996574707],[-99.4605440520845,30.805959026295433],[-99.46093992435885,30.806162879227834],[-99.4628722364676,30.80656197622642],[-99.46412233201698,30.806275534163532],[-99.46455917106155,30.806555938736945],[-99.46494143475766,30.807489620973758],[-99.46494466779437,30.80816100872488],[-99.46494489416982,30.80820805868189],[-99.4653778021867,30.8087407004561],[-99.46539141256157,30.808757287935563],[-99.46539621854835,30.808764833659946],[-99.46590860770493,30.80956966200348],[-99.4653315883569,30.810745149959907],[-99.46700070756215,30.811649158055335],[-99.46837595639691,30.8120273256127],[-99.46923767790963,30.81203428858256],[-99.4695656034125,30.811328598861223],[-99.47103755498928,30.811634547718082],[-99.47139457602592,30.811468404642707],[-99.47275525239016,30.81083498307484],[-99.47366948492278,30.81083467060528],[-99.47381995363119,30.811701871596597],[-99.47389788787197,30.812151092036828],[-99.47415107803482,30.812526991675263],[-99.4743356243335,30.81280080779124],[-99.47442897905447,30.812939265140283],[-99.4752745865876,30.812816354568994],[-99.47616244817678,30.81281309337969],[-99.47629238768599,30.812928313513957],[-99.47694277064664,30.81350481329655],[-99.47710351787852,30.814023125876197],[-99.47736566334642,30.81486831735501],[-99.47817399079526,30.81560773228882],[-99.47830148149703,30.815640279965606],[-99.47956313746579,30.815961780646496],[-99.47995332340439,30.816591486890427],[-99.480066570419,30.816774144710525],[-99.48134383461584,30.817273103324286],[-99.48113124201565,30.81813559345065],[-99.48258875856413,30.818991873259133],[-99.48397895536522,30.81956146525856],[-99.48531892735878,30.817844728320487],[-99.4864284365662,30.81757817845355],[-99.48668794547874,30.81751578688316],[-99.48828638613573,30.815354426615908],[-99.48941286002727,30.81535017800104],[-99.49125521035191,30.815343207556637],[-99.49380046543689,30.816357727854673],[-99.49494007718948,30.81574205811854],[-99.49808304970496,30.81574690230665],[-99.49833264930159,30.815747284965834],[-99.50016580536929,30.814942209805903],[-99.50047806425361,30.814805061489785],[-99.50142979516116,30.81500647315504],[-99.50214471399013,30.815157793549425],[-99.50282193771315,30.81515517200907],[-99.5041203195057,30.8151501241164],[-99.50417015803765,30.815149930471126],[-99.50419070699978,30.815132878883787],[-99.50525920002964,30.814243662413617],[-99.50541330871158,30.814115435538035],[-99.50555528205236,30.813825936914885],[-99.50566045770411,30.81361144649448],[-99.50581928164299,30.81347320459364],[-99.50635088576351,30.813010115458876],[-99.50667564919661,30.812328630021863],[-99.50689979862291,30.81185842116934],[-99.50749265347277,30.811161681414937],[-99.50876233678693,30.81117014583926],[-99.50975399870715,30.811176750882662],[-99.50981326415972,30.81113761902218],[-99.51072043773087,30.810537511582375],[-99.51191273297991,30.810162366436344],[-99.51291255160291,30.81035005993753],[-99.51427325222166,30.809959356792],[-99.51612602120696,30.80942729039944],[-99.52002837197145,30.80868005455771],[-99.52123178656709,30.809780574566577],[-99.52323175888472,30.809997435213546],[-99.52403568099542,30.80985051525718],[-99.52422467215816,30.809626932626607],[-99.52442159185159,30.809393989907793],[-99.52472274576238,30.808674322734067],[-99.52499638427602,30.808605580172458],[-99.52588650602644,30.808382178273632],[-99.528206289365,30.807508357454065],[-99.52858600543897,30.80736540258425],[-99.52930531972464,30.807238207360815],[-99.52969468460306,30.807169314089247],[-99.53036042875507,30.80714264745506],[-99.53165055413183,30.807161306847103],[-99.53187827795466,30.80692301971864],[-99.53234020784345,30.80644002581067],[-99.53241230213656,30.806363441000126],[-99.53277906450413,30.80597435659789],[-99.53297463852127,30.80576686608221],[-99.53354011451789,30.80538771250273],[-99.53375355961929,30.805244507574088],[-99.53441193129775,30.80480304701071],[-99.53457398378175,30.804853629352227],[-99.53524569364556,30.805063088587417],[-99.53649409766727,30.80505792597122],[-99.53743082850619,30.80388055289599],[-99.53741407672277,30.803353822336746],[-99.53810169485195,30.802297287768603],[-99.53887501854744,30.801671410664987],[-99.53903677638401,30.800832563013547],[-99.53903303490085,30.800162022992584],[-99.53923546665688,30.799112874815474],[-99.53935663321904,30.79848441130866],[-99.53957399317844,30.79766919650496],[-99.53957037925603,30.797022597720467],[-99.53984468072636,30.796470710987126],[-99.53985391720411,30.795632498544133],[-99.54147283405972,30.795230940106723],[-99.5427027238034,30.794135819488446],[-99.54520718279807,30.79289341949882],[-99.54538998277187,30.793501873915954],[-99.54617185573392,30.794408594565695],[-99.54728686263087,30.795361875996115],[-99.54851052525302,30.795907364403483],[-99.54901482508048,30.796053187558666],[-99.54981655979346,30.7962851270662],[-99.55209133124806,30.79627545833351],[-99.55318731721721,30.796085945574614],[-99.5532274719104,30.796078967559495],[-99.55478458197949,30.79671892498589],[-99.55550065783856,30.797131500083214],[-99.55593969775556,30.797384531253904],[-99.55710230997269,30.79791230305309],[-99.55824171960434,30.79730280011499],[-99.55840065852757,30.797269854233843],[-99.55918379092763,30.797107177992697],[-99.55977395622152,30.79711840921263],[-99.56021032365058,30.797126690452025],[-99.56051805143261,30.797474713292964],[-99.56115976654908,30.798200211450617],[-99.56308114885579,30.79923774586267],[-99.56428463531664,30.80271996764934],[-99.56606247312914,30.804354448059122],[-99.56713136321434,30.80568979155905],[-99.56868557711496,30.806292033338433],[-99.57036471972214,30.807162149389868],[-99.57152618119738,30.806443377489398],[-99.57284555122823,30.806437549858238],[-99.57326455691776,30.806562568016048],[-99.57360973815895,30.80666556019664],[-99.57451665211697,30.8073562094742],[-99.57456241319585,30.807390956570792],[-99.5749238970628,30.80730415708867],[-99.57546820785304,30.80717336246051],[-99.57562112626722,30.807205622117216],[-99.57670683730612,30.807434784110857],[-99.57759124936459,30.807092756092967],[-99.57784973779096,30.80654926007731],[-99.57799854731103,30.80623671973546],[-99.57867540452142,30.8056643065615],[-99.57960908557996,30.805361447364003],[-99.58017739126974,30.80517708889652],[-99.58034109395892,30.804850361720028],[-99.58068667225545,30.804160449040346],[-99.5815831145522,30.8035607362851],[-99.58191863710745,30.803336329620972],[-99.58191789599734,30.803213161399054],[-99.58191493065858,30.802720824891306],[-99.58191306126447,30.802411054478316],[-99.58284641892952,30.801867798957964],[-99.5843166071134,30.801012170533337],[-99.58456859353375,30.801011033953714],[-99.58621316088396,30.80100360567664],[-99.5871252437481,30.80098544817787],[-99.58736756609264,30.800980650313676],[-99.5877412167418,30.80107616927898],[-99.58846181831326,30.80126034502684],[-99.58905396888393,30.80159339304341],[-99.58937207310582,30.80177225068688],[-99.59059332015818,30.802603101033007],[-99.59074105439485,30.80285481843545],[-99.59111412922393,30.80349048315235],[-99.59235425616859,30.80402875818148],[-99.5933053151363,30.804441477050577],[-99.59682876100553,30.80622413625281],[-99.59872504258655,30.804900248845318],[-99.59950722816231,30.803818252735716],[-99.60053626179501,30.80308496378253],[-99.60363041716299,30.80192012743517],[-99.60693607547475,30.799838419251646],[-99.60857178992782,30.799619275603053],[-99.60895286066125,30.799299474133434],[-99.60903961186654,30.79922672631509],[-99.60910496250685,30.799171890910117],[-99.60980038879246,30.799172907909792],[-99.61199100517294,30.79917611091867],[-99.61243353145157,30.79898682533486],[-99.61242773641969,30.796522503794677],[-99.61394359225767,30.795020562006666],[-99.61419865001797,30.79362246023471],[-99.6142424743291,30.793381957255413],[-99.6148001376777,30.791653317733736],[-99.61614419431085,30.790988401801997],[-99.61747862729237,30.790145647973915],[-99.61799704504284,30.789641668263783],[-99.61856234227473,30.788770219832422],[-99.61890906771987,30.7876883392623],[-99.6191169711143,30.78611275083343],[-99.62457880080527,30.78521788684009],[-99.6246349374257,30.785079743780013],[-99.62508591595284,30.783969782638568],[-99.62567838093386,30.783130520445948],[-99.62582017461156,30.782756121887623],[-99.62635041688611,30.782753558116816],[-99.62658279128718,30.782752437528167],[-99.62745781056103,30.78258512470671],[-99.6294998608649,30.781261426501473],[-99.6305894741854,30.780846711873178],[-99.63245909915867,30.781098230786718],[-99.63263178500068,30.781121502691462],[-99.63338619915945,30.779704878321745],[-99.633629399158,30.779248141877797],[-99.63433625830226,30.778374334832158],[-99.63446763062434,30.778211871280227],[-99.63451359202753,30.777950096170613],[-99.63468617546161,30.776965141045416],[-99.63521793499068,30.77633970953111],[-99.63616088127306,30.776332482333057],[-99.63742884072018,30.774776531282882],[-99.63845371155983,30.77350373121562],[-99.63917944251156,30.7719056481847],[-99.63922739547975,30.771799969028724],[-99.63922353811391,30.770657586600905],[-99.64016217877115,30.769802264744804],[-99.6408393459003,30.768474869381027],[-99.64085384920057,30.76844640050395],[-99.64125097911632,30.766738269448943],[-99.64238588549344,30.766392377705948],[-99.64331539926738,30.766398691737145],[-99.64429191918519,30.76604189043495],[-99.64598157387783,30.766597420639208],[-99.64690017312105,30.766601244556565],[-99.64692021004346,30.766571150307236],[-99.6476347443935,30.765494245005915],[-99.6477502246199,30.765464178198613],[-99.64909531341732,30.7651133108618],[-99.64939180237685,30.764495047380056],[-99.64990820700277,30.763418616731332],[-99.65046067808902,30.76138436065762],[-99.65147729071626,30.760794821496123],[-99.65200019465325,30.759851771484954],[-99.6525141325054,30.76023475046772],[-99.65256595451751,30.760273307112204],[-99.65417836757045,30.760262665980086],[-99.65494423884233,30.761542607032343],[-99.6550450001728,30.76152378285847],[-99.65651185291203,30.761250195854743],[-99.65733450309978,30.76153051636454],[-99.65734454087475,30.76153264842262],[-99.65753920579684,30.761573585936294],[-99.65799489149606,30.761669495269032],[-99.65900940925208,30.76166434576157],[-99.65923122395697,30.761663218751902],[-99.66067361646932,30.761655877750574],[-99.66121320751105,30.76180024527088],[-99.66363261670956,30.76244785586714],[-99.66393546035141,30.76252897979481],[-99.66414474715134,30.762885158062044],[-99.66460270918151,30.76366452080189],[-99.66505471627967,30.763662204304897],[-99.66534454243472,30.763660715293682],[-99.66569735666087,30.763792414352476],[-99.66670811047585,30.764169758194228],[-99.66720536032494,30.76367300407437],[-99.66728111435455,30.763597335419178],[-99.66799718751867,30.763469803635225],[-99.66851600052786,30.76337748393698],[-99.6698288416032,30.763106390076977],[-99.67001819209204,30.76306718384444],[-99.670728748702,30.76353418167248],[-99.67128097275155,30.76389705714057],[-99.67196896457989,30.765050178179063],[-99.6728731916769,30.76617873241426],[-99.67418617648268,30.766818184851072],[-99.67423697711033,30.766805484286337],[-99.67524094505164,30.76654997286691],[-99.67628818663681,30.76680724186429],[-99.67823035236593,30.76617343108605],[-99.67953632851587,30.76664087928919],[-99.6796049975328,30.766665387390287],[-99.68057354220753,30.766660312250973],[-99.68177181933805,30.76709889592645],[-99.68270855466858,30.76709396746737],[-99.68282287516995,30.767093364628394],[-99.68312134581299,30.76722588567349],[-99.6837737194403,30.767515422750844],[-99.6849490140726,30.76780967202661],[-99.68558770545982,30.76759482189395],[-99.68610065606346,30.76774578004327],[-99.68653775382285,30.767874534985808],[-99.68688786052672,30.767509218399535],[-99.68770377424815,30.76665824051343],[-99.68799629445074,30.766582920781563],[-99.68869107574601,30.7664038873045],[-99.69014004302792,30.76441873174516],[-99.68961945045616,30.763658442795315],[-99.68947044779829,30.762983053766103],[-99.68961462380814,30.762790222553864],[-99.69089915357898,30.761071257440744],[-99.69089809536358,30.760922722719183],[-99.69089381668788,30.76032394221117],[-99.69128196075584,30.759841458380308],[-99.6916755297498,30.759628727964554],[-99.69197984034052,30.759464025008473],[-99.69275804368462,30.758783604330393],[-99.69299201888353,30.758321262251908],[-99.6931644019933,30.757980655165102],[-99.6933862059184,30.757843359972675],[-99.69400541464374,30.757460116730353],[-99.6940646091294,30.75730352798914],[-99.69418147006638,30.75699446815923],[-99.69457166947971,30.755962229993106],[-99.69520039316055,30.755023318306474],[-99.69576148897185,30.75470691966164],[-99.695819331493,30.754674348268388],[-99.69597677921286,30.754328102066374],[-99.69614389460179,30.753960717640517],[-99.69698867029496,30.753956179905725],[-99.697628432474,30.754095154304895],[-99.69809524560468,30.754250009756447],[-99.69857853743089,30.75441031978787],[-99.69975113981229,30.754846862583005],[-99.69975621529365,30.754848850429067],[-99.6997588626288,30.754851859603303],[-99.70004709517252,30.755185455090356],[-99.70061088053978,30.75540313055776],[-99.70072892455802,30.75544870020752],[-99.70110156729743,30.755535158194835],[-99.70215313606732,30.75577908994467],[-99.70270743612352,30.755359524790762],[-99.70413340204259,30.754834070889196],[-99.70420655994101,30.754807124180807],[-99.70589748305483,30.75479793762581],[-99.7059167420362,30.75479783109262],[-99.70639978413077,30.754588432982835],[-99.70680111097552,30.754579358344238],[-99.70680159516748,30.754605820312275],[-99.7068339704503,30.75633415444069],[-99.70776713048599,30.757065401390637],[-99.70988934285253,30.75705380653163],[-99.71064939753296,30.757511239642263],[-99.71159877485445,30.75720147104774],[-99.7122793618699,30.756999368572878],[-99.71232042296324,30.756987126801885],[-99.71249978688105,30.756745262343905],[-99.7133405399184,30.75561126703598],[-99.7139049963272,30.755125227021207],[-99.71463040568206,30.754500840104082],[-99.71505889937762,30.75392908781828],[-99.71556468861182,30.752746931587037],[-99.715585534018,30.752698254917682],[-99.71563832890557,30.752668138565927],[-99.7168782007287,30.75196150439386],[-99.71728512407768,30.751265262437702],[-99.7177339798858,30.750675578707998],[-99.71927533440312,30.75013318899123],[-99.71999180192765,30.749506304639077],[-99.7210791964094,30.748895248932655],[-99.72157841716223,30.74953311155081],[-99.72175146861856,30.749532150383853],[-99.72238199970975,30.749528643089352],[-99.72333240560225,30.749879332533023],[-99.72426286081061,30.750318933749487],[-99.7243256728119,30.750379663546443],[-99.72473369480048,30.75077378250787],[-99.7248854759475,30.75092047156949],[-99.72493758542052,30.751032599086436],[-99.72515767985165,30.75150623587007],[-99.72570100608831,30.752001346646626],[-99.72571971440242,30.75201837777841],[-99.72575938310703,30.75205453601687],[-99.72636073422284,30.752567295695016],[-99.72676867626137,30.75235269640911],[-99.72687381148897,30.75229741199696],[-99.72767959490892,30.752595441941715],[-99.72776891709258,30.7526236777318],[-99.72939388859315,30.753137397826382],[-99.72951489166194,30.753096638915814],[-99.73081573573666,30.75265746648538],[-99.73208528879508,30.75210796930997],[-99.73232993058969,30.75195123908018],[-99.73292599512004,30.751569369714982],[-99.73401425198446,30.75127201364542],[-99.73405687255311,30.751260346292092],[-99.73504384796252,30.750987832553232],[-99.735409934797,30.750709168965948],[-99.73549330923515,30.7506457666687],[-99.73551497210823,30.75062934364036],[-99.73587832447096,30.749786514202096],[-99.73628108772186,30.74912561140918],[-99.73915030763766,30.749113919091005],[-99.74023881692868,30.749428072542877],[-99.7408435708628,30.749602486935988],[-99.74177068793155,30.749597190099074],[-99.74246074229178,30.74837523036874],[-99.74476938023261,30.748369897950937],[-99.74588267314401,30.74845256390486],[-99.74870537470113,30.74845403153449],[-99.74898547120334,30.7479053727372],[-99.74915182032935,30.747579515637632],[-99.74973436790964,30.74731073664684],[-99.75043545897144,30.74698724693262],[-99.75075318769754,30.746840645297468],[-99.75163651279452,30.746585494705272],[-99.7516130263414,30.746141678818297],[-99.752230779796,30.745986612683428],[-99.7528468821471,30.745831978647693],[-99.75422710405526,30.745806148123027],[-99.75448093741183,30.74571208440664],[-99.75500771039275,30.745516872332477],[-99.75529079199667,30.745119750946717],[-99.75541520327361,30.74494510994327],[-99.75600995087377,30.744585744638314],[-99.75633695111192,30.74424566569848],[-99.7568641561825,30.74408245431051],[-99.75690656834202,30.744082208021627],[-99.75730400548159,30.74407988642114],[-99.75763452352238,30.744202558265226],[-99.75829014366114,30.74371822716177],[-99.76007461912528,30.743707787254085],[-99.76103007804123,30.743702185898016],[-99.76224192512245,30.743446634780494],[-99.76368284260113,30.743438159762864],[-99.765303669275,30.742217827419655],[-99.7661015969278,30.741519213438753],[-99.76677664582952,30.740892317803986],[-99.76699651568184,30.740603088252517],[-99.76717171950158,30.740372598844367],[-99.76718433184817,30.740356057477918],[-99.76718341376996,30.740240537295037],[-99.76717601344863,30.739306219227274],[-99.7672990260487,30.738934130189737],[-99.76783429080402,30.737315717834043],[-99.76786003472341,30.73723784799899],[-99.76807356426646,30.736873964047636],[-99.76818325305422,30.736686878434735],[-99.76820561212166,30.73664860034925],[-99.76844229663945,30.736506302253616],[-99.76892321332006,30.736217288857684],[-99.769637371276,30.735340949275287],[-99.76963411667971,30.73493179849029],[-99.76939968962822,30.734586445720527],[-99.76932135473884,30.73447096572076],[-99.7695204169142,30.734381147761756],[-99.77008077970024,30.73412837403478],[-99.77064265345257,30.733442308301424],[-99.77065209294958,30.73343090981339],[-99.77153791176977,30.73342564606189],[-99.77230918281484,30.73422864011469],[-99.7728288644949,30.7351441155456],[-99.77378099964433,30.735499802876856],[-99.77398498907905,30.735576049547642],[-99.77404791067481,30.735599536302114],[-99.77476634910306,30.73498536250778],[-99.77490729027957,30.734864795360895],[-99.77492586833796,30.734864684945013],[-99.77707022417626,30.734851864344567],[-99.77766237654356,30.73566513827168],[-99.77990201219248,30.735343772202256],[-99.77997875975878,30.73533272448864],[-99.78049909541238,30.735329597339934],[-99.78112826286097,30.735325813103838],[-99.78125606437982,30.735325040968302],[-99.78301152965014,30.736582711046463],[-99.78422822583725,30.73611578480743],[-99.7842493631959,30.736107763929105],[-99.78520848095002,30.73615531240909],[-99.78609743758551,30.736149930670702],[-99.78649522955962,30.736147522400586],[-99.78657704542077,30.736125685819587],[-99.78737909184915,30.73591086227395],[-99.78793595300219,30.735997547047383],[-99.78836923022665,30.736064987958784],[-99.78901044767646,30.736214676747306],[-99.78911218727228,30.736238421236994],[-99.78921792796437,30.7363956480318],[-99.78944595811272,30.7367347007331],[-99.78987720963622,30.73697043692225],[-99.7906047884225,30.737368199559537],[-99.79090332733749,30.73761036747967],[-99.79147574102308,30.738074856634977],[-99.79255201346328,30.73616410850085],[-99.79349669439249,30.735802436512618],[-99.79506227287976,30.735792853585572],[-99.79622999112094,30.73498475174637],[-99.79643888176385,30.7346027873207],[-99.7964936969625,30.734502804234115],[-99.79680934339376,30.734293427633695],[-99.79725180229876,30.733999924520283],[-99.79748503998081,30.732984563203438],[-99.79883935627282,30.73238970683518],[-99.79968778990585,30.732134192890133],[-99.80044850305137,30.73195155576963],[-99.80066497098369,30.731570878104133],[-99.80089523973373,30.731165837782832],[-99.80198587533702,30.73003469180113],[-99.80212068191847,30.729894894293196],[-99.80289511593163,30.72889348793534],[-99.80354616813717,30.727910649412895],[-99.8037206299485,30.727603743136953],[-99.8039115704554,30.72726783591405],[-99.80427587862562,30.726938665761786],[-99.80522013375337,30.726085238209997],[-99.80763006033575,30.72607026660995],[-99.80918736983082,30.724228475655323],[-99.8107915165865,30.722331342498872],[-99.81334555988992,30.722315361770747],[-99.81524871358287,30.723282147038592],[-99.81636119890882,30.724509463004683],[-99.81772686361782,30.72224507171047],[-99.81766131355154,30.72189907962697],[-99.81751993309886,30.72115229527333],[-99.81607954203297,30.719219622986174],[-99.81474886041606,30.717733137417444],[-99.81273044029574,30.71774579116631],[-99.81147051807548,30.717326609462642],[-99.81013670493151,30.71617524166054],[-99.80988947958218,30.715450197868563],[-99.80988026196904,30.714346929910967],[-99.80943556536069,30.712890479489445],[-99.81001891154325,30.71183174379359],[-99.81351711565131,30.71091751902898],[-99.81408956706612,30.707884664084133],[-99.81408050575985,30.706828865580132],[-99.8139509875605,30.705948247919103],[-99.81505602225947,30.70527463239731],[-99.81590973079986,30.703934561174073],[-99.8168936357676,30.703394525250637],[-99.81811266847278,30.701429398197227],[-99.81676643971328,30.69860193006892],[-99.81830723817345,30.697179213118805],[-99.81785209236169,30.695353343802843],[-99.81682069076992,30.69362620639427],[-99.81584075276244,30.69147116637067],[-99.81557065361103,30.690554713155397],[-99.81556046941066,30.68918116496137],[-99.81505209123179,30.687545746385716],[-99.81471417646294,30.686574095255132],[-99.81470839221085,30.685885434641676],[-99.81516809966759,30.685003805427673],[-99.815023562535,30.684149744171393],[-99.81501538067938,30.683279867398074],[-99.81466637620836,30.682525218422743],[-99.81514509111823,30.68157071022482],[-99.8151132754858,30.68023628034547],[-99.8156418397074,30.679432182371357],[-99.81578165259991,30.678915265773366],[-99.8162500323924,30.67830722385806],[-99.81677124210678,30.676631226984277],[-99.81716391817535,30.67564607972925],[-99.81766364647633,30.675024056793962],[-99.81829830083466,30.67461072212411],[-99.81852056649385,30.674111095035286],[-99.81851546406303,30.67350602840833],[-99.8195545597252,30.67221828209901],[-99.81979576815878,30.671522682737116],[-99.82020312359742,30.67100407265537],[-99.82038401195629,30.670486887655308],[-99.82037994977458,30.670006412758276],[-99.82074498019027,30.669345656199567],[-99.82143823434954,30.668558308678936],[-99.82142980366059,30.66756181963164],[-99.82169239828615,30.666972955321874],[-99.82033167071793,30.66521212449551],[-99.8193142594884,30.66347305743435],[-99.818956763243,30.662363412278847],[-99.8184960308085,30.66142312161906],[-99.8184933331677,30.66110286358808],[-99.81920925092327,30.660564497502392],[-99.82043989345516,30.66004069298669],[-99.8211232418918,30.65973298586441],[-99.82218313894269,30.659282332560565],[-99.82269590898498,30.659065427664995],[-99.82318626156933,30.658635256835893],[-99.8229771167032,30.658245054721757],[-99.82297244276877,30.65769341761972],[-99.8229676188157,30.657124054860603],[-99.82322951994185,30.65644613206792],[-99.82349373602648,30.656053017819747],[-99.82369171213867,30.655126381022644],[-99.82416168733913,30.654714063991413],[-99.82491893747924,30.654211030365122],[-99.82548894008657,30.653459983487725],[-99.82519219690381,30.652447512611914],[-99.82553220205234,30.65128866757735],[-99.82648972439851,30.65012590051551],[-99.82648124879381,30.649129410758082],[-99.82564194923059,30.648376056918078],[-99.82563084874865,30.64706997315956],[-99.82603456960364,30.646093632559857],[-99.82780064846906,30.644547628878207],[-99.82909035882415,30.64367553293335],[-99.82942462733126,30.642616699038417],[-99.82940715779392,30.6422773728128],[-99.83061777148826,30.641842578092945],[-99.8325200259676,30.640477878679633],[-99.8339167121983,30.64014864826184],[-99.83390480682584,30.638760653458835],[-99.83412508271667,30.638047433564832],[-99.83411699069258,30.63710437586195],[-99.83386594570665,30.636643294670424],[-99.83386212966333,30.636198441238676],[-99.83480501935185,30.635747513605693],[-99.83565633567862,30.634229455769155],[-99.83567295540969,30.633766661162863],[-99.83651237085557,30.633262947358325],[-99.83695955939052,30.632637238278768],[-99.83695680066428,30.63231697688171],[-99.83728263758414,30.631748508204236],[-99.83598085476996,30.631291087771316],[-99.83554986824946,30.630297565427032],[-99.83437968143787,30.629343902601928],[-99.83318876959434,30.629654005275466],[-99.8324856725945,30.629249251508515],[-99.83165636678882,30.628524854404176],[-99.83165271603552,30.628097896320202],[-99.83129405467517,30.62706801785253],[-99.83031447779045,30.62561503680435],[-99.82993519290783,30.62456755959031],[-99.83038768509623,30.623516115445508],[-99.82850659941654,30.623544495690666],[-99.82639041025396,30.62277288833817],[-99.82555392690918,30.62233542169201],[-99.82433070895308,30.621257658075272],[-99.82432693962215,30.620812798073757],[-99.82334318377474,30.620200399378962],[-99.82158125871918,30.619665333835602],[-99.81967399523381,30.61818115719071],[-99.81904058594047,30.617971403047033],[-99.81833029792678,30.6184033604129],[-99.81737386074545,30.618561114658107],[-99.81642427860807,30.618193361686668],[-99.81539406548742,30.61802187395937],[-99.81373582128701,30.61736346559796],[-99.81405787270626,30.61571677686689],[-99.8140438805474,30.614044128624496],[-99.81361083149501,30.61392921104622],[-99.81288029275989,30.612681136936104],[-99.8128621629608,30.610510193763435],[-99.81325059538798,30.610205213637656],[-99.81349175621084,30.60952751945257],[-99.81276398788003,30.608606680153503],[-99.81203875908655,30.60798828885258],[-99.81113856542518,30.607203116128094],[-99.81076782262258,30.606074275520513],[-99.81042783633868,30.60477745636886],[-99.8104065786058,30.60174541377437],[-99.80914120540838,30.600907636115597],[-99.80793455148783,30.601419754482432],[-99.80564109956687,30.60098128051924],[-99.80450315598577,30.60126516720609],[-99.80288293208145,30.601275177151393],[-99.8013990293181,30.60084305368918],[-99.80005882016933,30.600851301530437],[-99.799675504546,30.600455743797987],[-99.7996730871796,30.6001615191558],[-99.79878444136119,30.599128749343166],[-99.79717391566868,30.5978753958492],[-99.79630015762947,30.596210939789525],[-99.79561367047924,30.595436449220358],[-99.79484472337582,30.594350991511007],[-99.7948325727633,30.59286282577377],[-99.79448374975195,30.591783455907535],[-99.79315159130473,30.59032073545462],[-99.79069817188955,30.58869173649781],[-99.79066672276976,30.587281655636367],[-99.78877993817792,30.58646248674084],[-99.78801491761061,30.585844198466393],[-99.7883641897796,30.584518269106496],[-99.7882419218829,30.58424216345995],[-99.78676032689154,30.584043432549038],[-99.78556855805526,30.582597089441975],[-99.78568188501993,30.581765784013612],[-99.78603228906616,30.580578316978418],[-99.78480916812813,30.580187692611613],[-99.78420568441184,30.579758711709733],[-99.78379305226923,30.578186581426664],[-99.78412279596226,30.57690404966187],[-99.78257502837212,30.575935624116493],[-99.78115029314499,30.57533856545137],[-99.78022997093304,30.574371387270915],[-99.77963347610967,30.573219180915153],[-99.77884806109044,30.572531642073383],[-99.77821657239515,30.57109069375755],[-99.77742784798245,30.56999650954658],[-99.77687591229211,30.56849432903709],[-99.77624477573642,30.567079081509775],[-99.7757210013319,30.56659774195687],[-99.7740772218042,30.566088280628463],[-99.77374687264668,30.56477524607362],[-99.77371842839152,30.563711129564513],[-99.77255053048727,30.562697135242487],[-99.77204049312009,30.561419608349865],[-99.77163121977834,30.56023659528714],[-99.77121497910323,30.558171321801233],[-99.7715789144726,30.556153181156493],[-99.7725115876214,30.555256449907297],[-99.77356786985159,30.55481755750762],[-99.77329742664541,30.553486772068442],[-99.77293143593067,30.552727551368708],[-99.77246500458402,30.55189969393861],[-99.7711976101772,30.55090358350136],[-99.77061399629669,30.550439798991505],[-99.77019169019678,30.55013083295147],[-99.76952545107305,30.54957847228151],[-99.77040607493598,30.549213323806217],[-99.77074064707365,30.548751835854087],[-99.77073654446774,30.548232700191456],[-99.77103024775157,30.54745226086689],[-99.7723857579046,30.546942455326672],[-99.7732055200087,30.54693759376752],[-99.77346257562219,30.545725079733476],[-99.77380548861728,30.544886621507523],[-99.77331061121883,30.544176731933703],[-99.77387810932318,30.5436760431057],[-99.77413968885244,30.542962669344213],[-99.77413531226037,30.54241101681095],[-99.77427559227684,30.541947564645092],[-99.774268814488,30.54109336949326],[-99.77382930385379,30.540373742338797],[-99.77427880195734,30.53975864425548],[-99.77427442806021,30.539206992089454],[-99.77410454047032,30.53853172233851],[-99.77454664004918,30.537230053054422],[-99.77554691411805,30.536352136551084],[-99.77261575895669,30.534856846898254],[-99.77213791990424,30.534219024660825],[-99.77155185991118,30.532905642543767],[-99.77042124568447,30.53291233318292],[-99.76920674048834,30.532705929810408],[-99.76795066754906,30.532446404546874],[-99.76630139302677,30.531851084662268],[-99.76466189486973,30.532501376049662],[-99.76542249752245,30.529880926627705],[-99.7662635443089,30.527028602785975],[-99.7665627991812,30.525870130621083],[-99.76626834131251,30.525017705403876],[-99.76626564007846,30.52206363765824],[-99.76569886960952,30.5205542599012],[-99.76459983565663,30.519332833612214],[-99.76363848019912,30.51730970218218],[-99.76287102609571,30.51379061219493],[-99.76135694443042,30.509403910457685],[-99.76019477148947,30.507951415824394],[-99.7587050817791,30.50667886196073],[-99.75865977524772,30.500842011004853],[-99.75798419903494,30.4985325017806],[-99.7570987548122,30.495654712946077],[-99.75688673533716,30.493712081576653],[-99.75794335623223,30.492200038208967],[-99.75832962461787,30.4916472684639],[-99.75657391680242,30.490851187042153],[-99.75493016152922,30.489648342171456],[-99.75419608972008,30.489656539858395],[-99.75367279411762,30.488413779666388],[-99.75345991944641,30.487454058192938],[-99.7541901662291,30.48622194969278],[-99.7548230607878,30.485702145539435],[-99.75494265260325,30.485221020456407],[-99.75493811880601,30.48463373411245],[-99.75472592775274,30.483762989555903],[-99.75556701676001,30.482606689740404],[-99.75503820370507,30.481625695901815],[-99.75484630918733,30.48071920510357],[-99.75454368293778,30.480133815415932],[-99.75366721198644,30.4796938226678],[-99.75251362963455,30.479308942540992],[-99.75250322714358,30.477956595299567],[-99.75124353489198,30.47712742344363],[-99.75123820249249,30.476433267790036],[-99.75137727157993,30.475809700187593],[-99.75161582100026,30.474776204138106],[-99.75161349975356,30.47447365581833],[-99.7510568083821,30.474209924397993],[-99.74955918834439,30.474503292867084],[-99.74887744789211,30.47400887556974],[-99.748112234187,30.473354873856717],[-99.74770080488857,30.473285981602096],[-99.74665303150074,30.473291984959094],[-99.74599449273563,30.473153422987018],[-99.74562473538491,30.47315553508149],[-99.74492276936401,30.472714652947108],[-99.74443243205101,30.472371200846098],[-99.74368799727675,30.47182922131501],[-99.73801449036884,30.46485521068882],[-99.73703655290952,30.4642314164085],[-99.73587911588675,30.46401033517547],[-99.73417377660925,30.463984238135204],[-99.73246830887268,30.463940554381082],[-99.73037955425889,30.46482424278883],[-99.72990410023351,30.464435446335997],[-99.7296122789202,30.463867578766614],[-99.7289149203584,30.464013725838953],[-99.7284045766657,30.464461555644167],[-99.72766009967062,30.463789503540465],[-99.72751256036837,30.4632919934704],[-99.72724476000575,30.463186777537164],[-99.7266079299278,30.463190330059586],[-99.72482456837461,30.46268477493135],[-99.72481294686979,30.462150290299153],[-99.72440630918507,30.461737230732982],[-99.72369755010399,30.461337774255984],[-99.72371317719667,30.460696095272386],[-99.72327554224476,30.45982754946314],[-99.72326844285908,30.458866630920443],[-99.72283439398177,30.458495305461557],[-99.72268623304535,30.45790881268743],[-99.72288652142109,30.457213679871625],[-99.72287968883505,30.456288302788415],[-99.72304134695862,30.45593140321841],[-99.72284918025137,30.455072082617523],[-99.72282398699922,30.4543132524862],[-99.72085889985732,30.452455474200846],[-99.71983347116388,30.45267480132979],[-99.71913081972842,30.45209136258587],[-99.71795322361235,30.451172425580765],[-99.71759762011723,30.45030240171478],[-99.71679142437057,30.449612809013935],[-99.71514836708836,30.449621824756445],[-99.71448522894899,30.44882464310753],[-99.7133097887896,30.448190403724542],[-99.71381911379277,30.44761811472613],[-99.71521582248134,30.4476104687671],[-99.71615673138467,30.447071347764734],[-99.71588251794925,30.44609424612613],[-99.7158792651496,30.445649281768503],[-99.71587640491374,30.44525775398639],[-99.71542058895879,30.444708564458093],[-99.71541370247382,30.443765450404165],[-99.71499410479451,30.4425575776522],[-99.71555704215213,30.4408994219372],[-99.71626775686556,30.4397744162669],[-99.71675425567737,30.43889967696945],[-99.71779375198817,30.43782620729926],[-99.71718556648968,30.4361033124446],[-99.71488050114871,30.435439745678725],[-99.71489742181542,30.434941318668855],[-99.71448306490745,30.434445331222946],[-99.71474415754984,30.433643083893383],[-99.71547879799257,30.432998389273646],[-99.71604865956441,30.43228342762079],[-99.71643378080145,30.431605019887513],[-99.71643091876895,30.431213574355496],[-99.71695428444,30.429751398956945],[-99.71729365897119,30.428414836869244],[-99.71757735142948,30.427897130101883],[-99.7177782668293,30.427290983066055],[-99.71784241462542,30.426504597996576],[-99.71680827856193,30.421014284427546],[-99.7156923850278,30.42005935865947],[-99.71473772291746,30.418676534287407],[-99.7136700698124,30.418682372907156],[-99.71304747982833,30.41777816354501],[-99.71331087395448,30.417296199482415],[-99.7127908338466,30.41637361737963],[-99.7122961055685,30.416091644562133],[-99.71221105397571,30.415700565184235],[-99.7122060153253,30.4150065653767],[-99.71253160790339,30.414613245111443],[-99.71252811705017,30.4141327365688],[-99.7128300183593,30.413294729216116],[-99.7128342090001,30.412070410004436],[-99.71296110322051,30.411549953810916],[-99.71254775961219,30.41117847448457],[-99.71203121484909,30.410718582263605],[-99.71202579082141,30.409971145676977],[-99.71272114614011,30.409611515306732],[-99.71329232104891,30.409092246845535],[-99.71383934654791,30.408092665894966],[-99.71428821044087,30.407698662333324],[-99.7150484007669,30.407765756272592],[-99.71549625225855,30.407247148928743],[-99.7154652873307,30.40580582430202],[-99.71572019866561,30.40416716093205],[-99.71494862758325,30.402534203500537],[-99.71481856051325,30.401591677303113],[-99.71480858292539,30.40022140274153],[-99.71562335039651,30.39932713990134],[-99.71561725442899,30.398490728661695],[-99.71534578085519,30.39786935573569],[-99.71568780182321,30.39690651021786],[-99.71623798310381,30.396351799734294],[-99.71604637065707,30.395409694273415],[-99.7160393602046,30.394448678732097],[-99.71615959072221,30.39405655880791],[-99.71615699369273,30.393700568225334],[-99.7158045801152,30.393222057412125],[-99.71485458834606,30.392444164718256],[-99.71384591772421,30.392058217903454],[-99.71289582444543,30.391262499161552],[-99.71166406800256,30.391251487362222],[-99.71092042913564,30.390614863617046],[-99.70939192861174,30.389306277817948],[-99.70914081445552,30.388649153837875],[-99.70831474168655,30.387959604204873],[-99.70673236560178,30.387718961896578],[-99.7054518890295,30.38664030373613],[-99.70569044204309,30.38555343884888],[-99.70533072426397,30.384060527436258],[-99.70631038469202,30.38327222407288],[-99.70716983706032,30.382911653018194],[-99.70792572715108,30.382409217070148],[-99.70792020969861,30.381644049839043],[-99.7073006102061,30.381113521313488],[-99.70522755724518,30.38112472799511],[-99.70457326751135,30.38148418118154],[-99.7039974519058,30.381327051736708],[-99.70358042071325,30.380403950766386],[-99.70308468272877,30.379979444364185],[-99.70242784627112,30.379982976668266],[-99.70228044620771,30.379467699101983],[-99.70250241721949,30.378932622826312],[-99.70249694737771,30.378167367927833],[-99.70286700476575,30.377078624002618],[-99.70264653304221,30.376102200983397],[-99.70184109098204,30.375430308860842],[-99.70212239751496,30.374574533991964],[-99.70236506301592,30.374074972341578],[-99.70291618123933,30.373644918772875],[-99.70329894439877,30.37262844685702],[-99.70355472889612,30.3717428923868],[-99.70392412871736,30.371094597352844],[-99.7043530904352,30.370807529666667],[-99.7045350962983,30.370432814586053],[-99.704528972483,30.36957866620494],[-99.70451582833377,30.36774560197732],[-99.7046753439754,30.36708633334841],[-99.70571091015684,30.365550261550656],[-99.7063826882926,30.36478143415193],[-99.70638012989068,30.364425521397816],[-99.70545547510412,30.364252472034416],[-99.70436758026075,30.364258340260903],[-99.7025360600252,30.363538623799876],[-99.70159608267481,30.361230084753906],[-99.70039452220193,30.35965260505009],[-99.69894742700906,30.359647663601727],[-99.69752731630899,30.36046884905051],[-99.69752112871332,30.35959688565176],[-99.69699852211868,30.35824714554022],[-99.69771433656798,30.357905132127154],[-99.6985300903893,30.357188929949466],[-99.69851378057702,30.354893327409062],[-99.69889579094821,30.353787888286703],[-99.69847630016841,30.352508770417796],[-99.69801839922368,30.351603595025903],[-99.69768613216303,30.351035853721882],[-99.69657374744838,30.350436732821695],[-99.69448067642965,30.350429972283465],[-99.69331367414573,30.350792173215115],[-99.69226268389086,30.35015714491366],[-99.69146350308824,30.350321525310974],[-99.68981963462734,30.349992015391557],[-99.68876668245188,30.34907221325716],[-99.68825172680852,30.348790169444847],[-99.68748243924362,30.347187263239324],[-99.68829714832424,30.34647642164349],[-99.68858076891733,30.34595876816733],[-99.68838852944651,30.34487419541943],[-99.68920449527023,30.344193671072887],[-99.6891915280891,30.342342781454366],[-99.69053669953152,30.339511646425063],[-99.69199530214318,30.33841288562554],[-99.69198641960166,30.337149384621178],[-99.69227014260267,30.33681851077699],[-99.69325205600546,30.336235054913885],[-99.69355552756967,30.33562830730653],[-99.69461584503213,30.334697327983765],[-99.69440202443494,30.3334704532293],[-99.69439624826767,30.332651838647738],[-99.69588939559358,30.33170485337823],[-99.69637125999682,30.330523600532047],[-99.69809866728758,30.33050565560179],[-99.69919395706236,30.32931616084593],[-99.6997564542455,30.32765804877089],[-99.70016179655958,30.326961845040252],[-99.7003606018168,30.326070967408608],[-99.70070481557242,30.32542844112124],[-99.70085018454495,30.324719507989585],[-99.70073726631374,30.32421807037902],[-99.70073308375778,30.32363085156891],[-99.70093368564558,30.323006905384343],[-99.70187311412529,30.32241453980326],[-99.70278476040824,30.320807984462682],[-99.70225181240804,30.319712486242313],[-99.7050775430843,30.31861665318336],[-99.7063737365808,30.316139607401453],[-99.707954150745,30.315109758155444],[-99.71210624303993,30.313875933141578],[-99.71402496543506,30.316109922262953],[-99.71666553716159,30.317829315171657],[-99.71844267338984,30.31881860991878],[-99.72059367496462,30.31966020802297],[-99.72257579596095,30.320184086211082],[-99.72443223905574,30.32044656047113],[-99.7294008262821,30.32040710376841],[-99.73254068433849,30.321113927910513],[-99.73304321448482,30.32092667972192],[-99.73492878006283,30.317961910271226],[-99.73851653272999,30.314833925069898],[-99.73920081541452,30.31320395182673],[-99.73966276596454,30.311902249833853],[-99.74102469278364,30.310257259513563],[-99.74285986646746,30.308823155388758],[-99.74425603077698,30.306288040039902],[-99.74542312019747,30.30603226741728],[-99.74662798108072,30.305331360583374],[-99.74745807560723,30.30390292438609],[-99.74801512360986,30.30163950032639],[-99.74886505473445,30.300139775352083],[-99.74917909228306,30.298269374088214],[-99.74916610264404,30.296560990143714],[-99.74870381971738,30.29510431231929],[-99.74869773632626,30.294303432678806],[-99.74918027805923,30.293037201797997],[-99.74844822386622,30.291154970266163],[-99.74747167340568,30.28946990901236],[-99.75130515842218,30.286618287705874],[-99.75522370131966,30.28371439006477],[-99.75471072107162,30.281455512156835],[-99.75469383543921,30.27924888669852],[-99.75619691004734,30.274702077868213],[-99.75436335602598,30.270886366207314],[-99.75434906652475,30.269017839440114],[-99.75467030407034,30.268126172987195],[-99.75543773481758,30.266609063675723],[-99.75601911728293,30.26487943183526],[-99.75600561560421,30.263117605662426],[-99.75506880391691,30.26169619817862],[-99.75471373851265,30.260402169926476],[-99.75506785439765,30.258460345641087],[-99.75549059618046,30.257443485143277],[-99.75403975591118,30.255369639793912],[-99.75355233273295,30.253290238938973],[-99.75353630409334,30.251190311885622],[-99.75397180374982,30.249159037211594],[-99.75396487324741,30.24825144674409],[-99.75430765329185,30.247501992395584],[-99.75429827488028,30.246274114202574],[-99.75477997668845,30.244936614089696],[-99.75737215437398,30.243497943401053],[-99.75647876365426,30.24193697333517],[-99.75360431464519,30.2412950413082],[-99.75211386765501,30.2366765428642],[-99.75209665952744,30.23441646638404],[-99.74968298517369,30.232348084087924],[-99.75033494198271,30.23069847695457],[-99.75260883937658,30.229003350499113],[-99.75541527154559,30.22478244206853],[-99.75540803831092,30.222544824367763],[-99.75704073622127,30.218976034680626],[-99.75861888752927,30.214794158609152],[-99.76181400814528,30.213467029114135],[-99.76391614226692,30.21236919681385],[-99.76882175759188,30.21231346123969],[-99.76969691610459,30.210039658579703],[-99.76967614346196,30.207370232165783],[-99.77096492406073,30.204479604131887],[-99.77092359796441,30.199176454165972],[-99.77181528547837,30.19792545747108],[-99.77024608588218,30.1963685467835],[-99.76916867707313,30.194808812438225],[-99.76914737801773,30.19206821242632],[-99.76818679331475,30.18972467689382],[-99.76816414139655,30.18680611579749],[-99.76692101587545,30.184998114538477],[-99.76625728574632,30.182917585089292],[-99.76468091579756,30.181416263998422],[-99.76368063993203,30.179215339522894],[-99.760562830126,30.17866393258209],[-99.75816109887396,30.17533203382107],[-99.75593802456561,30.17334002001133],[-99.75518429312646,30.173035734672734],[-99.7546523925619,30.171828495839843],[-99.75395080293511,30.171156293533706],[-99.75394727884427,30.170693583835224],[-99.7500000383667,30.168758502449773],[-99.7478148181661,30.16688451883241],[-99.74461956549774,30.166876728232847],[-99.74455130701087,30.16323696438445],[-99.74335578321667,30.162211572315186],[-99.74481107733317,30.159640540920122],[-99.74356115066705,30.156835713390322],[-99.74354379611407,30.1545222490657],[-99.74328957738025,30.15338463666395],[-99.74241951860338,30.152072626659045],[-99.73875840681518,30.149922060818454],[-99.73876828469005,30.14604438351271],[-99.74244093803303,30.144100902453918],[-99.74524701896077,30.143159203868574],[-99.74575492193082,30.13810099208223],[-99.74617619317152,30.134061824689176],[-99.74322686329532,30.134093174587985],[-99.74244028495782,30.132958655716294],[-99.74368432406555,30.129570158883503],[-99.74330625550182,30.128290903351143],[-99.7435816484252,30.12679444096171],[-99.7426691703023,30.125233444017926],[-99.74127330782673,30.1247429693493],[-99.73976398004591,30.123915003054456],[-99.73802429368352,30.12131359482418],[-99.73540546028858,30.11751484347169],[-99.73324776087505,30.116046785338757],[-99.73136031332652,30.11558256062862],[-99.73077869370593,30.114470095856525],[-99.72706027119922,30.11289851924334],[-99.72556534520905,30.11098577389918],[-99.72407584683982,30.10786065070137],[-99.7240597535215,30.10565386809876],[-99.72534212374241,30.101873836406874],[-99.723658213776,30.098438876554145],[-99.71948917835651,30.096353378256794],[-99.71809743465649,30.096360991003113],[-99.71732999402779,30.09351231168318],[-99.71668281805272,30.092635074996508],[-99.71401263246452,30.0918627855526],[-99.71127007590212,30.0918420308381],[-99.70824583012448,30.090570573003337],[-99.7061764719343,30.08930676962584],[-99.70449606629582,30.088995395321668],[-99.70257242203125,30.089005691753997],[-99.70161345070254,30.08877831344653],[-99.70010429719487,30.087274802658335],[-99.69980954737375,30.086101763094277],[-99.69934702908847,30.084360079307753],[-99.6998675740495,30.082719958362777],[-99.69915882754486,30.080872865998412],[-99.69787734665609,30.07906435601059],[-99.69623037990576,30.077649338537825],[-99.69833192832583,30.073865124246794],[-99.69807945412028,30.072869819529334],[-99.6980737075974,30.07205125737045],[-99.69307617395765,30.071365740412126],[-99.6891143169921,30.0724899275513],[-99.68600417969691,30.072506193762226],[-99.68180428535074,30.07473501951799],[-99.67801237256897,30.076819097982245],[-99.67684038822848,30.07899639985787],[-99.67274777788008,30.079017412237015],[-99.67218160029923,30.080016953000158],[-99.67116446664909,30.080912001401355],[-99.66826586104374,30.08199458750063],[-99.66829027365989,30.085625112619347],[-99.66789366746194,30.087513622830517],[-99.66791136696799,30.090147530457024],[-99.667219310263,30.090720500306134],[-99.66636508968291,30.091507967396815],[-99.66406391135222,30.090167030258712],[-99.66139981813828,30.089646556475277],[-99.66055951875015,30.092533926144675],[-99.66144128527012,30.09587536811531],[-99.66093843442519,30.09740542393292],[-99.6594107351985,30.098305973691843],[-99.6579082489869,30.100128829781724],[-99.65594574629807,30.100494578271434],[-99.65427467415542,30.10160635562181],[-99.65190465163629,30.10225875955121],[-99.64960513608715,30.10116678949071],[-99.64836678331515,30.099606722734467],[-99.6475880535583,30.099468220285186],[-99.64594630332482,30.098799968168347],[-99.64488360981844,30.099054329874445],[-99.64373744755079,30.09905995048474],[-99.64261200941677,30.1022689970923],[-99.64168198270481,30.104053238278613],[-99.64083088736359,30.105374436637668],[-99.64043175869634,30.106978105371606],[-99.6389759489469,30.109761537358754],[-99.63673467746585,30.10973998598724],[-99.63401874876507,30.109097844191144],[-99.63345320180154,30.108993208205696],[-99.63319978975484,30.108953947923528],[-99.63229588694966,30.10869049852314],[-99.63175824345547,30.107838781851495],[-99.62885908987778,30.10902730847689],[-99.6271397153223,30.109035527945256],[-99.6252524986408,30.1084038174172],[-99.62342594698708,30.110904074261242],[-99.62114758945785,30.113192929305686],[-99.61753681207163,30.1119285417243],[-99.61412193479103,30.110414662991246],[-99.61249578110751,30.11106229337603],[-99.61102400829547,30.11138946244757],[-99.6093001268922,30.11068558810827],[-99.60602123747759,30.11009567354814],[-99.60332769299708,30.11149629116979],[-99.60144593537757,30.1114940795764],[-99.60091588893576,30.11211242782355],[-99.59948761973631,30.11286646246814],[-99.59908671689637,30.114292050691333],[-99.5981091190002,30.11511518586732],[-99.59651237705741,30.115122445937363],[-99.5920554064365,30.114124197225234],[-99.59034160952062,30.115200152664855],[-99.58915246286664,30.11675739422073],[-99.58916471678543,30.118821811551953],[-99.5869128900998,30.118831894301895],[-99.58549450686002,30.119755886626187],[-99.58479618979581,30.12094143066923],[-99.58180272928297,30.120171674834975],[-99.58053346188879,30.120177290358992],[-99.5795984082045,30.12132041231932],[-99.57686483569324,30.122969809626763],[-99.57495114027043,30.12393292045685],[-99.57432860418527,30.12340803556636],[-99.57189660419972,30.124610916148132],[-99.5703182974832,30.12381708120736],[-99.56834209728292,30.1220837566785],[-99.56515721476619,30.12319212794959],[-99.5636860276557,30.12398805724084],[-99.56328365157869,30.125235660742586],[-99.56329557222253,30.12733562797512],[-99.56239912453587,30.128122520483142],[-99.558713957661,30.12813825076391],[-99.55313926453603,30.127094027703986],[-99.5498729039247,30.127078845794685],[-99.54933590991247,30.127964304610945],[-99.54934596116219,30.12977959459139],[-99.55005239719993,30.131627512556264],[-99.5494037012754,30.13280484729655],[-99.54719734191954,30.133703912897595],[-99.54720638885277,30.13534398640555],[-99.54709269537547,30.135963403495737],[-99.54673577584846,30.13691518872682],[-99.54611711599377,30.13758143735549],[-99.54540327693974,30.137819384701395],[-99.54492738543483,30.13836666103137],[-99.54480841255862,30.139056704759458],[-99.54487979538604,30.140127461663454],[-99.5448560008108,30.141293398005203],[-99.54495118001009,30.141935851720266],[-99.54554604528954,30.143220761361565],[-99.5458913370235,30.145421518466385],[-99.5409877033821,30.14779189587017],[-99.53987607235398,30.150356869659323],[-99.54103363064931,30.152345402690337],[-99.54182353454999,30.15447778013616],[-99.54097310575872,30.156261071797378],[-99.5409870925277,30.15882376083595],[-99.54148996044059,30.16088606730869],[-99.54150182538888,30.163057364496993],[-99.53999744912191,30.16512811409594],[-99.53682398868399,30.16573142650897],[-99.53557394883016,30.165217415128488],[-99.53230168988067,30.16612057814307],[-99.53020743667902,30.165168036280875],[-99.52698832206175,30.16558139483098],[-99.52348700798618,30.164696654916526],[-99.5198934584905,30.16522241452382],[-99.51983459907645,30.16520987293016],[-99.51985798581656,30.16787899456838],[-99.51962048293353,30.169446038625818],[-99.51671629340036,30.17027618108781],[-99.51385314968915,30.171141732709675],[-99.51274713043661,30.1711460600293],[-99.5095074066701,30.170482343122185],[-99.50697530381917,30.171987169468387],[-99.50286419176919,30.17607343899054],[-99.50073924852417,30.178275687798834],[-99.49837798996894,30.18123908121234],[-99.49838569212419,30.18276960475699],[-99.49663435101928,30.18484071282053],[-99.49614976651739,30.18626630255138],[-99.49427423512111,30.18808878993532],[-99.49177846822514,30.1888099673243],[-99.49093320833998,30.191874242426277],[-99.48950689387459,30.19344575608599],[-99.48874573785963,30.196972443555325],[-99.48879624743311,30.198894290629553],[-99.48793949719719,30.199644985806735],[-99.48700463126079,30.20121464255715],[-99.48524644499345,30.202004210247363],[-99.48365010819084,30.202366042469713],[-99.48287825324086,30.203757100581885],[-99.48169381825052,30.20458013285757],[-99.4817035254455,30.206573388192336],[-99.48199600791884,30.20771129878581],[-99.48118784306507,30.210063494462705],[-99.4800856075165,30.21095738015717],[-99.47943514370749,30.212027574207102],[-99.47899258329286,30.21373771389893],[-99.47691790348293,30.216948806161554],[-99.47484538501958,30.218764252466542],[-99.47231190684798,30.222233385324024],[-99.47231525846229,30.222934693076454],[-99.47196705169523,30.22335134171477],[-99.4714792620044,30.22391051501697],[-99.47130080269004,30.224231742067058],[-99.47128890630071,30.22472548092752],[-99.47151495476557,30.225320346575053],[-99.47159823667725,30.225712956645488],[-99.47145546832745,30.226081773513787],[-99.47120562438906,30.226581460279753],[-99.47105096054827,30.227592731145297],[-99.47112234337568,30.228163802289007],[-99.47118182981383,30.22877056514103],[-99.47099147411016,30.229567684937305],[-99.47083571252811,30.230710195252176],[-99.47085759189517,30.235301841893623],[-99.4655758717237,30.23663758331964],[-99.46673728199497,30.239516577486057],[-99.46617685902181,30.242366150825585],[-99.46491119477025,30.243474005421863],[-99.46176227361096,30.2448104032918],[-99.4574518074331,30.243891823440077],[-99.45352034945678,30.24479533341604],[-99.45261927005653,30.244065318208015],[-99.44924820091738,30.242923570757185],[-99.44872165431191,30.2443135773168],[-99.44601883652271,30.244963430031675],[-99.44438597062741,30.24653515272736],[-99.4439803327676,30.247497540389613],[-99.4418075012331,30.247504886936607],[-99.43794857053786,30.246343317078523],[-99.43564694664276,30.24503395541975],[-99.43367148575597,30.243296364729286],[-99.43251737699133,30.241876427418905],[-99.4304267341188,30.241883313406074],[-99.42755180810433,30.24068257092697],[-99.42595907803758,30.242075883377],[-99.42390927078125,30.242082530323973],[-99.4202969042753,30.240955183839482],[-99.41898859430225,30.241778048471076],[-99.41680776955835,30.239862887574766],[-99.4138922783206,30.23869751536758],[-99.41291374707487,30.2399820152749],[-99.40964032121383,30.24145167057955],[-99.40821057698066,30.242701916713408],[-99.40674993249837,30.242308423814173],[-99.405217074247,30.2424975270866],[-99.40402837046246,30.242501200159065],[-99.40099585838757,30.241195829835487],[-99.40054031911373,30.241693318808437],[-99.4005449364543,30.242832375230662],[-99.40096446586166,30.245215778901123],[-99.40006820412627,30.24660681230966],[-99.39941923421559,30.24831731293681],[-99.3963915416022,30.24985697596219],[-99.39458583265969,30.249399774862038],[-99.39266199076576,30.250188601928198],[-99.38996087438571,30.251406911411912],[-99.38873709408426,30.252976726897515],[-99.38660850906908,30.253837244732928],[-99.38152163887263,30.253104653743573],[-99.38098945893202,30.253319799536367],[-99.37873286398884,30.2528992335349],[-99.37656156498022,30.253368233269818],[-99.37471926406293,30.254049763832846],[-99.37410417680812,30.254051524496635],[-99.37246741761436,30.254910491088534],[-99.37132515762832,30.256444286283315],[-99.3698917428789,30.25687553347231],[-99.36882914369562,30.257803919247085],[-99.36817932667361,30.259478641928993],[-99.36703377526037,30.260158189527665],[-99.36608859576619,30.259591381744166],[-99.36509971772502,30.25827710576697],[-99.36292283209364,30.257250882440065],[-99.36013462314848,30.257222948619116],[-99.3576362412567,30.257977301767877],[-99.35579480990862,30.259014588409304],[-99.35337565044175,30.25902113721966],[-99.35239304892946,30.259415265395077],[-99.35112195346369,30.259418682556678],[-99.34895100659465,30.260065188144978],[-99.34612664045932,30.261425265234912],[-99.34395347834479,30.261430991423808],[-99.34265498336453,30.26330769305831],[-99.34039436486721,30.26378951817389],[-99.33719353006764,30.263085922066335],[-99.33585165364568,30.262727966938577],[-99.33588846391108,30.265153734968525],[-99.33659613782729,30.26846417915882],[-99.335770528589,30.27254009477776],[-99.33671818833169,30.274414485519355],[-99.33921246851588,30.277816851896944],[-99.3417197275593,30.278850836726466],[-99.3423787073972,30.2802645446857],[-99.34152176582012,30.28151256608359],[-99.34153137689536,30.28428886857845],[-99.34198773812767,30.285782599210737],[-99.34113037254579,30.28692390114831],[-99.34113640473291,30.28866802926302],[-99.341386347486,30.28977073148949],[-99.34004021843948,30.291909942273524],[-99.34204317855375,30.296179999073498],[-99.34207053315247,30.29781323610867],[-99.34047471377947,30.29895637896896],[-99.33862888966965,30.29896116603176],[-99.33572428601313,30.301211151972275],[-99.33572719655464,30.302065357956515],[-99.33605976634757,30.303381537169905],[-99.33610692520503,30.30519664197244],[-99.3366882088557,30.30722405121375],[-99.33669210125582,30.308363103525352],[-99.33706418614146,30.309216360762647],[-99.33706954459213,30.310782514106865],[-99.33612975498966,30.311888283722773],[-99.33523270453347,30.313492378881605],[-99.33359667028014,30.314955766722115],[-99.33360269977233,30.316735596691892],[-99.33291192496324,30.31873062936298],[-99.33336952407402,30.320580316737434],[-99.33201559854916,30.320583757358325],[-99.32972112524372,30.3215149406375],[-99.32668820174044,30.322483646346107],[-99.32422989189686,30.323486396407112],[-99.32119361947419,30.323493888472075],[-99.31953132117692,30.32456055664838],[-99.31873731646695,30.325172859577943],[-99.3187434259092,30.327059319024553],[-99.31700377188618,30.32834486316394],[-99.31585489580807,30.328347644441596],[-99.31517663363259,30.327975616257906],[-99.314623349571,30.32815491652323],[-99.3143584660381,30.328742812250624],[-99.31403406372776,30.329953821804963],[-99.31370874154256,30.33087998396334],[-99.31145025025583,30.330333750384987],[-99.31024281480099,30.33127981383686],[-99.30858261945977,30.33179991673168],[-99.30735165712763,30.331802814213674],[-99.30704574753571,30.332390708201622],[-99.30678163924892,30.33324562398651],[-99.30592135234573,30.333710372294888],[-99.30489850900368,30.33467385263572],[-99.30336129392317,30.33517570035687],[-99.30122756695131,30.33518063528779],[-99.3009834470779,30.335875250888687],[-99.30098562818742,30.33658720296329],[-99.30043423418118,30.337442682193974],[-99.29973850965489,30.338049351106154],[-99.29945296397214,30.338601638570633],[-99.29904353791679,30.33890523699433],[-99.2984101142504,30.339778708204324],[-99.2974252085594,30.339780954984803],[-99.29678887075823,30.339693415014885],[-99.29539370268036,30.339696574310434],[-99.29455378687285,30.340143471328854],[-99.29375425033737,30.340358779000216],[-99.29283132121448,30.34052100196808],[-99.2919080183924,30.34052306731578],[-99.29092193321345,30.340098159088203],[-99.28965219869534,30.340919645837268],[-99.28924576223325,30.342255302695712],[-99.28813951570693,30.342845006955528],[-99.28779368318718,30.343878027648206],[-99.28697465231171,30.344467087202286],[-99.28632049822349,30.34532281697175],[-99.28525977472253,30.347496455418757],[-99.28419426499774,30.347996967593176],[-99.28152892851546,30.348803669816565],[-99.28104054144494,30.350228460588532],[-99.28014183898694,30.351689754578793],[-99.27820371657492,30.351270234376415],[-99.27638357350243,30.350629864944505],[-99.27330546563867,30.350636335543903],[-99.27133409927295,30.35015998061119],[-99.27045260943412,30.35042867537017],[-99.26996015119872,30.350429692435466],[-99.26912168167883,30.351481496640535],[-99.26807721498956,30.352248953395492],[-99.26830393090265,30.352604420538942],[-99.2674849539261,30.35331796795704],[-99.2662749771373,30.35358739046239],[-99.26609093659012,30.35381908909966],[-99.26537323837364,30.35401632916896],[-99.2643488265731,30.354623477505967],[-99.26365342274535,30.355514803048536],[-99.26237932241496,30.354823226720846],[-99.26104688818494,30.355071335785695],[-99.25954540089994,30.35408147242716],[-99.25968818721603,30.353778607883967],[-99.25894768975765,30.35308602240058],[-99.25820780854357,30.3526602943058],[-99.25748757707801,30.352669699619288],[-99.25629771985662,30.35204116563713],[-99.2550881410215,30.35247072196897],[-99.25424678431631,30.35247236071225],[-99.25334582529028,30.353257149693885],[-99.25227830693251,30.35306343284373],[-99.252273421894,30.351159155768173],[-99.25200413841286,30.350198666401102],[-99.2521249519371,30.34929086570449],[-99.25212271423374,30.348418677866174],[-99.25170917389437,30.34722714250443],[-99.25201168156629,30.345126489671834],[-99.25057345723685,30.3443462125608],[-99.24997562302538,30.343279464527566],[-99.2490833632846,30.34266147584119],[-99.2488028275062,30.34201811258368],[-99.24879805565541,30.340131645926093],[-99.24793523370649,30.339723993114454],[-99.24549150351996,30.338874304329792],[-99.24122377379344,30.338882247989073],[-99.24093387667146,30.337832787793406],[-99.24028757475715,30.336932457248285],[-99.23910702228548,30.337498018027244],[-99.23806061523521,30.337499929153154],[-99.2362747132464,30.337147229266556],[-99.23551599885238,30.337344379663897],[-99.23430850410872,30.338610138914447],[-99.23371448504226,30.33902049438256],[-99.233243786698,30.33955523934766],[-99.23205337162283,30.339379389063243],[-99.23049329441837,30.33907957088377],[-99.22926136010908,30.338708150988488],[-99.22798844375822,30.33837208714255],[-99.2268398075303,30.338534321930897],[-99.22594010434906,30.339906184615987],[-99.22524385969822,30.340494730802984],[-99.22450519120977,30.340495999937797],[-99.22384922162635,30.3407818913266],[-99.22243075933484,30.339574078077252],[-99.22132033294753,30.338472526909655],[-99.22055902960886,30.337530615705134],[-99.2195531787987,30.337300898951536],[-99.2178297420615,30.337303779989337],[-99.21682144244387,30.337411245894153],[-99.21596340402385,30.33769843949709],[-99.21467123048825,30.337878536802087],[-99.21285231900602,30.33709938891105],[-99.21235168430492,30.33588643716873],[-99.21113643350708,30.335250308887726],[-99.20957722497349,30.335252817831112],[-99.20869390167316,30.334720327275587],[-99.20698784015016,30.33324584728392],[-99.20428139406553,30.33410439966091],[-99.20371763654606,30.333831774115527],[-99.201018577308,30.333824690666916],[-99.19949769090445,30.332510070177385],[-99.19791452609887,30.33083950644081],[-99.19627324298934,30.330841976729324],[-99.19588208417528,30.33020186210374],[-99.19490305256794,30.329653790225308],[-99.19081354769546,30.329657720559307],[-99.18886495541882,30.329874059264352],[-99.18734880493342,30.33097967699442],[-99.18708403458827,30.332030138737483],[-99.1881116129502,30.33290069164824],[-99.18955109132776,30.334624858159795],[-99.19037334895172,30.335843646616954],[-99.19006744834299,30.33640387797956],[-99.18974135181,30.337543329920805],[-99.1890441872843,30.337757935459532],[-99.18875767860759,30.338132100419347],[-99.18808115197722,30.338453383276313],[-99.18725035856143,30.338956214078582],[-99.18666866348237,30.340146191023972],[-99.18667072242098,30.341231724783977],[-99.18585123879463,30.341891410315792],[-99.18451841110252,30.34235602842814],[-99.18411100625656,30.34394050690714],[-99.18437881290737,30.344527472137727],[-99.1830664515324,30.344974323843537],[-99.18253379638298,30.345437716394336],[-99.18113843786226,30.345439659150163],[-99.17916650915117,30.34430331096969],[-99.17693920377783,30.34432214025779],[-99.17555040565365,30.343864302548617],[-99.17329831306668,30.344435831465656],[-99.16969816903851,30.34520721039206],[-99.16959677978564,30.34523120882931],[-99.16878286391741,30.343747678661963],[-99.16849391451808,30.342751411045352],[-99.16773386702415,30.34227184146437],[-99.16734403861503,30.34227233918566],[-99.1667683173326,30.34159682981619],[-99.16451647717224,30.34023441671437],[-99.1629898101098,30.33969729842864],[-99.16249597924867,30.3388970553218],[-99.16155079705955,30.338079554474042],[-99.16033856819433,30.337030964873353],[-99.15935377209783,30.337032169702503],[-99.15881915592615,30.33632094500684],[-99.158510105824,30.335520461088375],[-99.15744269526408,30.335219171933836],[-99.15656040592462,30.335220228698688],[-99.15547343724431,30.335470749864452],[-99.15451656887166,30.335726820895673],[-99.1535258169448,30.336434064798183],[-99.15217086015399,30.33591955639629],[-99.15171815236992,30.335083596590223],[-99.15099904829005,30.334425910501114],[-99.14956216694196,30.333964826709526],[-99.14878101802204,30.33300470359329],[-99.14689404388567,30.333398399628678],[-99.14457674888043,30.33411285697664],[-99.14333736304587,30.335214214520516],[-99.14217822641058,30.335485878695867],[-99.1396022561294,30.334736781255927],[-99.13780695955934,30.334725242846318],[-99.13682334923901,30.335633930698254],[-99.13360287547071,30.336188981055525],[-99.13189964813245,30.336012742493583],[-99.130095164492,30.33676205035952],[-99.13009343523507,30.337799866139775],[-99.12987177504041,30.338595313706506],[-99.12987290422271,30.339449614006963],[-99.12927928400825,30.34042902649981],[-99.1288908596659,30.34156839282877],[-99.12823572282078,30.342636848810084],[-99.12788099608139,30.34408379847751],[-99.12672059282154,30.345218953005837],[-99.12473113887756,30.34580812775251],[-99.12129276885564,30.34511124914463],[-99.1211794904,30.344458890489616],[-99.11937376079625,30.34446055107402],[-99.118367798595,30.34399872998646],[-99.11783317613514,30.343073830003704],[-99.11530871794729,30.342559901508466],[-99.11477635654698,30.34353928210662],[-99.11475781352287,30.345247726938755],[-99.11455481582823,30.347134470980823],[-99.11389866388684,30.3474909815518],[-99.11231886057703,30.34770585754107],[-99.1112727625472,30.34808050387357],[-99.11088375070668,30.34882833560715],[-99.11057600585666,30.349910773803224],[-99.10989532631473,30.350545999829425],[-99.10916438154109,30.35146594702542],[-99.10770063068452,30.351467160203985],[-99.10691863195835,30.3517961798861],[-99.10624994672209,30.35235600677126],[-99.10551275057239,30.353815976770544],[-99.10409924159136,30.3560951549784],[-99.10167608911307,30.35458424542084],[-99.1000334639205,30.35366012918692],[-99.09921334608354,30.354372628626383],[-99.09921472679413,30.355743012001447],[-99.09788126578975,30.356171126567506],[-99.09689700508915,30.357008342625846],[-99.09515268611484,30.357027354730082],[-99.09447685298389,30.35852284316656],[-99.09406682326065,30.35895024794616],[-99.09384188960507,30.35971572224458],[-99.0927752524946,30.36030374313325],[-99.09195481216247,30.360784868374925],[-99.09027193615695,30.36078604113177],[-99.08994435650544,30.36165829544872],[-99.08912388922387,30.362032606990986],[-99.08863210202999,30.362958409818475],[-99.0884687272259,30.363919530408044],[-99.08846991300209,30.36523647669175],[-99.0892716270538,30.366588502930654],[-99.08890309500512,30.36753203568593],[-99.08808242829753,30.367959697170452],[-99.08703655843979,30.36893922113133],[-99.08638073438347,30.370060906063365],[-99.08576610616775,30.371324897430473],[-99.08576699280493,30.372339346124352],[-99.08576764498184,30.37308676067706],[-99.08478248416932,30.373087403170864],[-99.0839199164436,30.372748409227107],[-99.08278351976142,30.372212876104207],[-99.08142043411561,30.372213735611997],[-99.0802052021824,30.37289459517151],[-99.07905664770115,30.373963101988533],[-99.07831731535771,30.37442628127747],[-99.07776480025402,30.375601213384765],[-99.07776542098986,30.376384254395365],[-99.07805309927308,30.376811187415715],[-99.07795065180481,30.377042656663427],[-99.07727369038987,30.3774879764944],[-99.07606316473043,30.37811157538088],[-99.07491386824077,30.379112910822816],[-99.07394905067618,30.378272942944484],[-99.07349610663518,30.3764935210923],[-99.07349581288608,30.37610195918379],[-99.07333134123903,30.37569275821306],[-99.07213272813858,30.37433144455896],[-99.0707443540192,30.37464419349311],[-99.06969754362535,30.374644756150577],[-99.06838305324315,30.373506389591665],[-99.06653643861588,30.3744505383761],[-99.06557248523058,30.375607898557995],[-99.06475226408735,30.37681845297599],[-99.06380805836694,30.37681892029681],[-99.06243236127287,30.37598310297845],[-99.06017405773402,30.375343543241335],[-99.05890534999027,30.37458965057756],[-99.0579777622043,30.375451248693697],[-99.05756778817661,30.37619893085408],[-99.05701365700372,30.37619917575347],[-99.05611066329361,30.376573399860675],[-99.05514601191732,30.37657380750808],[-99.05440662298001,30.375773177036745],[-99.05409821337668,30.374812212482986],[-99.05366685046208,30.374242945033973],[-99.05374877591767,30.373958144212985],[-99.05286603113237,30.373762727672702],[-99.05153189998478,30.373763260109577],[-99.05085176033035,30.37275444899933],[-99.04995037819786,30.371699426184232],[-99.04756942138508,30.371147001563294],[-99.04696343136914,30.370862709450233],[-99.04666559942827,30.369956508000406],[-99.04689111698876,30.36938697976175],[-99.04553538585017,30.36698480762301],[-99.04553481631828,30.365756928526178],[-99.04516862348261,30.365106857611398],[-99.04413343010202,30.364428696171725],[-99.04193787029251,30.365042396795666],[-99.04149164295491,30.36572256376474],[-99.04023952619613,30.36531366271383],[-99.03909045698023,30.365954798691643],[-99.03831096365538,30.367129548928958],[-99.03744906247961,30.367485733191245],[-99.03685392051905,30.367557074987023],[-99.03576606969314,30.36721925392493],[-99.03435007776866,30.36786033555575],[-99.03340721233467,30.367550859728677],[-99.0322464784948,30.3671233708468],[-99.03191742291126,30.365997245894004],[-99.02984746284986,30.365450554900935],[-99.02864359640162,30.36517429316233],[-99.02772720252241,30.365472869543208],[-99.0273099036319,30.366331453897114],[-99.0267969269771,30.366740938972693],[-99.0251755756871,30.366741258302724],[-99.02402634387614,30.36720412612386],[-99.02330814889133,30.3677737879867],[-99.02250793053454,30.369037517499557],[-99.02098916415505,30.369037770942462],[-99.02098932675011,30.369802998103374],[-99.02008649383842,30.370853132277013],[-99.01957346328473,30.371760866957597],[-99.01883473910073,30.372223706366952],[-99.01807534647867,30.372561934853547],[-99.01782912544581,30.373202670671247],[-99.01782920629418,30.373647589485646],[-99.01737784508472,30.374395150589205],[-99.01688523683069,30.374840132952308],[-99.01655695559495,30.375694470967456],[-99.01577694753544,30.375214022034754],[-99.01454534919607,30.37473361801632],[-99.01261584072931,30.374324522919515],[-99.01206178501491,30.374894108421923],[-99.01144607882084,30.37533908386382],[-99.01048134300294,30.37533916368928],[-99.00980392075225,30.37508999390475],[-99.00904461077518,30.375855360470915],[-99.00810043739412,30.376140189089558],[-99.00676627031393,30.376140264264397],[-99.00590418049195,30.376531784169718],[-99.00454947702606,30.376798872774156],[-99.00321532701388,30.377564057013124],[-99.00321537192963,30.378934526168095],[-99.00343181650575,30.380073241796723],[-99.00598647785007,30.3800555911408],[-99.00695130439784,30.380696244517186],[-99.00695135290687,30.38135475955674],[-99.0073413816403,30.38194207995399],[-99.00734141936952,30.38242254231283],[-99.00756726301849,30.382778549966474],[-99.00725944899818,30.38404206769253],[-99.00728011114802,30.38555479109094],[-99.00543258742567,30.38658714221519],[-99.00405734487912,30.388064375141575],[-99.00405737811678,30.388900769500466],[-99.00364674203074,30.389630462725968],[-99.0029487276988,30.390573760679466],[-99.00122445732501,30.392068612813627],[-99.00005426781846,30.392068617462886],[-98.99960249248565,30.39262050075725],[-98.99882251317223,30.393296737128047],[-98.99882249700255,30.394934155631713],[-98.99691317457855,30.395414500640744],[-98.99600985837324,30.396197599846282],[-98.99539387819304,30.39803069067104],[-98.99412092950283,30.398689068737117],[-98.99206786226031,30.39908052231717],[-98.99104136187674,30.398866861007996],[-98.99017899627196,30.39940061631229],[-98.98818749866072,30.39940045050212],[-98.98818700279068,30.403529404187385],[-98.98935606491156,30.40532976217925],[-98.99036986311701,30.406240678517893],[-98.99038354805205,30.4070533810101],[-98.98974695602764,30.407800826765527],[-98.98974687517928,30.40854832180514],[-98.98987001264516,30.40931355643529],[-98.98906915738284,30.410256765776232],[-98.98867883490033,30.411324533207406],[-98.98935634249096,30.412605983423155],[-98.98908709134918,30.41374535008419],[-98.98715909923862,30.413744758213255],[-98.98570108143021,30.414563270411975],[-98.9854340509238,30.414812376708635],[-98.98481801594635,30.414936916836137],[-98.98465371947078,30.415381812931503],[-98.98317524253179,30.415381633204046],[-98.98249760288877,30.4157374758005],[-98.98212778355429,30.41655609058797],[-98.98161438828458,30.41678734171571],[-98.98091601732145,30.41797964986826],[-98.97999202279662,30.41771256385147],[-98.97824650996131,30.417712282646786],[-98.97719884616795,30.419829976773688],[-98.9771986853695,30.420524026717132],[-98.97623315094931,30.421983130333427],[-98.97405640276017,30.421982716678446],[-98.9733775836292,30.422088365955794],[-98.9731106941583,30.422336524260373],[-98.97206400773196,30.423530729827995],[-98.9703517999358,30.424297084827707],[-98.96993552692135,30.424410006013193],[-98.96892158768037,30.424864767755864],[-98.9681618177659,30.42486458494748],[-98.96738140276956,30.42486439129452],[-98.96598539117363,30.42347584858615],[-98.96339789550737,30.423475146777818],[-98.96163138275564,30.42459588256566],[-98.96089119252112,30.426820241867492],[-98.96056220610787,30.427781227687788],[-98.95965862310291,30.427780949610455],[-98.95891935992972,30.42762048258292],[-98.95891962852602,30.426979789217842],[-98.95795447049991,30.42678370027839],[-98.95694821544788,30.426783371074837],[-98.95600325963422,30.427388123901107],[-98.95499691295402,30.427779425994448],[-98.95349062686876,30.427762598827567],[-98.95309516871777,30.427258808033276],[-98.95269735338744,30.426425968436167],[-98.95269797232667,30.425144660957912],[-98.95225576405166,30.424107788542806],[-98.95144017821532,30.423078764464215],[-98.94926917115916,30.423737370219513],[-98.94791380653322,30.423736839604267],[-98.94524441325912,30.42314849007884],[-98.94388885010547,30.42350393253507],[-98.94150670931313,30.423502883695942],[-98.93998629542341,30.424819047054488],[-98.93747919987338,30.427469635714417],[-98.93550551315928,30.430778863939334],[-98.93472348389035,30.433270001713066],[-98.9328536244568,30.43447927602238],[-98.93270941431096,30.435208875681344],[-98.93172298867053,30.43599139696011],[-98.93122431229675,30.437183461128033],[-98.9315780023803,30.437824424379677],[-98.93157729271124,30.438838862403955],[-98.93102193084638,30.439941910402098],[-98.92924342828059,30.439958012092166],[-98.92833082888514,30.440598967948283],[-98.927919599911,30.44120380782047],[-98.92717994417404,30.441505973094596],[-98.92615330095833,30.441078295169675],[-98.92513659041471,30.440866642648775],[-98.92367679034876,30.44129441289091],[-98.92134731149334,30.440755098188465],[-98.92085675319478,30.44131416061528],[-98.92054471619431,30.44271231922884],[-98.9205428818345,30.44497251824961],[-98.92033637082878,30.446342681784632],[-98.91902123994778,30.446911395727007],[-98.91793226892271,30.447355628679443],[-98.91766479105527,30.447818184935667],[-98.91659605098872,30.448511557132463],[-98.91569201702951,30.448813465880477],[-98.91466498035167,30.4488128014267],[-98.91259144948702,30.447565750775535],[-98.9118325814811,30.446266041496425],[-98.91047661139062,30.446585506771388],[-98.90885306371975,30.447527566645416],[-98.90741562990777,30.44709945667131],[-98.90505296998069,30.447524858457097],[-98.90406537293711,30.449250434640454],[-98.90308783702471,30.449596907943295],[-98.90209271659063,30.44996083527457],[-98.90133136743788,30.45124164710881],[-98.9010422922744,30.45264733909898],[-98.90079541996296,30.45307433668967],[-98.90079435366272,30.454124314150366],[-98.90122522969044,30.454640724754857],[-98.90122411937274,30.455744144523774],[-98.90149036924316,30.45659863029035],[-98.90124339003222,30.457025542423683],[-98.90085288429337,30.457238756577443],[-98.90031806959404,30.457914666768552],[-98.89994698812657,30.459142327945674],[-98.90035687591597,30.460192703070767],[-98.89848659247761,30.46090312382432],[-98.89820172412459,30.461831464528842],[-98.89778612933819,30.462824651090784],[-98.89810131762866,30.463246029846182],[-98.89854424186096,30.464800673264204],[-98.89946751863188,30.46597605930586],[-98.90006214585777,30.467097580259402],[-98.90073867877635,30.468575257629436],[-98.89997813092083,30.4689127938208],[-98.89931973678449,30.46980211163073],[-98.898907728971,30.470869583309824],[-98.89833003588652,30.473236119039075],[-98.89818556433096,30.473823341753757],[-98.8978563075248,30.47430354068729],[-98.89715704812785,30.474979306919245],[-98.89799826200094,30.476136737865684],[-98.8982236052883,30.476795501573726],[-98.89781157501692,30.477845070844147],[-98.89781047817397,30.47889504608379],[-98.89733688635617,30.479802312560683],[-98.89667916146469,30.479962030991263],[-98.89645311659312,30.480059654289807],[-98.89618516800851,30.480789116322136],[-98.89618462901933,30.481296372752176],[-98.89554536360863,30.481880086362278],[-98.89524805628389,30.48220141360003],[-98.89490966540792,30.482203071068547],[-98.89490928901382,30.48255000933675],[-98.89480623608107,30.48284359343534],[-98.89480565217612,30.483386394954692],[-98.89462742552544,30.48402273768476],[-98.89393089521033,30.48478268258145],[-98.89393067152982,30.484987366944026],[-98.8941768000362,30.485352404540098],[-98.89416436825098,30.487336724819468],[-98.8940510511678,30.487692559469206],[-98.89379343410725,30.488341947171133],[-98.89355744488547,30.489444413068842],[-98.89402802465212,30.48996163265857],[-98.8946131459057,30.490433652672625],[-98.8944273949662,30.49119871607213],[-98.89373859016251,30.491491823565365],[-98.89323454006671,30.492034296634152],[-98.89224782067717,30.492362692488776],[-98.89145658187996,30.492362036072844],[-98.89076785073814,30.49266403570923],[-98.8897401295441,30.492858945550616],[-98.88900030761882,30.49285832010091],[-98.88844247987853,30.4932230998222],[-98.8879407743856,30.49396964893424],[-98.88650133194064,30.494680177775813],[-98.88532300729088,30.49412054922997],[-98.88467132267138,30.495479494362744],[-98.88413700294376,30.495630346647644],[-98.88323317649538,30.49514900592553],[-98.88291398351535,30.49569151975358],[-98.88291341847504,30.496163148943396],[-98.88291285163808,30.496634778168957],[-98.88325172850261,30.496839682198196],[-98.88341601060516,30.496991160119308],[-98.88248062454419,30.497168282433595],[-98.88173033455091,30.497372205410134],[-98.88172958176271,30.497995163483953],[-98.88187286574546,30.498422474650795],[-98.88187172758,30.499365567262505],[-98.88149032536826,30.500379647746634],[-98.88041058453273,30.50097481829319],[-98.88002910955741,30.501953356221573],[-98.88022354720573,30.502683203674323],[-98.87999665612115,30.503332506801343],[-98.87999536793703,30.504382559211226],[-98.88008720989507,30.5048987234006],[-98.8794907348346,30.505280819727627],[-98.8794899766565,30.505894786274894],[-98.87961269999906,30.506393166813627],[-98.87929364805453,30.50677551731968],[-98.87955004789787,30.50722957502283],[-98.87935380553417,30.507959059367757],[-98.8795686690754,30.508813536549027],[-98.87879753816752,30.509079769223302],[-98.87838573876317,30.50966663093405],[-98.87838462844549,30.510556451684533],[-98.87769601228803,30.510555807000312],[-98.87750042749111,30.510822567366876],[-98.87749942227632,30.511623405168713],[-98.87718038739978,30.51197020757211],[-98.87717969839196,30.512521829424177],[-98.87695277406972,30.513162302328688],[-98.87714733658385,30.51371418905768],[-98.87636607088294,30.513900320889277],[-98.8760884016286,30.51406911385071],[-98.87572864522194,30.514068773333538],[-98.87538881075332,30.51458460904988],[-98.87473112448943,30.514583979870366],[-98.87432964403276,30.515108576433366],[-98.87380519948505,30.515330568559904],[-98.87364030383318,30.515641802136464],[-98.8738655878317,30.51629161230348],[-98.87394748723617,30.51652301369546],[-98.87421460128589,30.516647878110547],[-98.8742139383292,30.51716395629474],[-98.8743367874359,30.51747555236603],[-98.87389383894909,30.518311502292885],[-98.87389244925534,30.51938819095205],[-98.8736551224421,30.520090993649234],[-98.87308884335162,30.520820025520106],[-98.87224493543098,30.521655664229662],[-98.87092863763843,30.52220606958924],[-98.87020862715843,30.522614721681713],[-98.86996100116048,30.52329960857017],[-98.86986834173555,30.523424125342796],[-98.8691078217278,30.523414455585336],[-98.86848028921304,30.523894275125244],[-98.86819162727458,30.52441014613956],[-98.86857136131486,30.524882073251113],[-98.86872498310991,30.525255968318625],[-98.86862185202372,30.525513904035787],[-98.86862109743888,30.526074513404012],[-98.86861980476318,30.52703557781422],[-98.86877321994571,30.527640794636284],[-98.86822733800207,30.52844107757569],[-98.86803097077252,30.529241632484734],[-98.86777328813497,30.529730895066542],[-98.86741294692506,30.530193167489074],[-98.86756577910099,30.53115439079131],[-98.86728741455063,30.531785885211335],[-98.86639250567805,30.532194252507246],[-98.86566237298142,30.53241599823966],[-98.86524048369982,30.532798209247286],[-98.86523951351931,30.53350115249771],[-98.86523800255301,30.53459565068841],[-98.86429193103176,30.53484380168935],[-98.86320184250246,30.535136324989434],[-98.8632005103009,30.536088402668028],[-98.86364121659277,30.537049847723246],[-98.86285803927693,30.538374925673054],[-98.8626929513856,30.538837474179523],[-98.86232234243197,30.539175110126404],[-98.8617876903277,30.539299151615957],[-98.86137632121638,30.539352154812942],[-98.86089829711096,30.53951860026116],[-98.86034751934902,30.539920654950745],[-98.85962702108382,30.54054266649212],[-98.85962551460909,30.541592630265935],[-98.85975811043662,30.542340250102075],[-98.85963335869815,30.54329219371962],[-98.85962162310729,30.54429769637049],[-98.85933161010264,30.54581006752921],[-98.85956708189481,30.546513352164993],[-98.85936865572664,30.54671135228594],[-98.85918572998871,30.547135809642306],[-98.85878291014396,30.5484344682471],[-98.85817610445773,30.548602864688586],[-98.85783680538503,30.54860249721548],[-98.85729133576808,30.549046806009287],[-98.85655008462321,30.549731208699043],[-98.85611719996251,30.550451485961972],[-98.85542749594525,30.55099351785873],[-98.85515952580106,30.551464847785446],[-98.85451154942704,30.551686535592324],[-98.85402787941008,30.55194403366262],[-98.8532861934806,30.552886450692288],[-98.85294584607395,30.553571196085947],[-98.85248297564907,30.553739729824485],[-98.85230823176676,30.553668364880657],[-98.85156766962967,30.553854392320357],[-98.85084742199444,30.55420949306181],[-98.85056985424974,30.5542091766664],[-98.85028134861815,30.554627031227916],[-98.8496576025023,30.554980725100698],[-98.84937553958792,30.555248940818515],[-98.84919006443121,30.55552448926215],[-98.84905631786182,30.555559963740908],[-98.84866562347678,30.55556841579002],[-98.84838837912557,30.555354504303974],[-98.84785335871203,30.555585281980935],[-98.84751381350094,30.555727222275703],[-98.84674273918692,30.555726315650666],[-98.84585943385288,30.55511131328269],[-98.84452350158317,30.554691538462087],[-98.84410294180817,30.554068163226002],[-98.84334313596108,30.553408759485897],[-98.84246884881419,30.553665738551917],[-98.84196497478818,30.553665128191565],[-98.84132838276376,30.553246170990214],[-98.8412246012973,30.553779930021097],[-98.84139864898528,30.55421614200683],[-98.84122324124796,30.554616303999033],[-98.8407498156185,30.554873844579593],[-98.84038265260232,30.555216212417005],[-98.8398137746857,30.55512182617646],[-98.8392688233967,30.55512115780708],[-98.83850763324575,30.555369346089797],[-98.83778794076936,30.555359544910694],[-98.8371995173088,30.55673806135473],[-98.83652928697026,30.5579117926561],[-98.83629226917749,30.558214062050947],[-98.83629126755595,30.55881021122801],[-98.83587919416546,30.55928131677237],[-98.83569292489803,30.560001754452912],[-98.83497308509791,30.56000084632076],[-98.83369816909726,30.5599992203465],[-98.83259744541331,30.56027374661351],[-98.83207079370496,30.561581066183727],[-98.8315453646037,30.562176618403665],[-98.83154444023727,30.56271050700007],[-98.82984710944054,30.56316210962755],[-98.82904594066619,30.56262709263602],[-98.82817236678162,30.562412437115043],[-98.82710181660977,30.563060606293092],[-98.82671110605503,30.563060086492786],[-98.82593879835413,30.563664112692376],[-98.82462141898996,30.564356380925574],[-98.82407733008363,30.563848479591368],[-98.82337796468549,30.5639454215143],[-98.82288432786045,30.563944748564694],[-98.82250264267938,30.56463826399772],[-98.82167878695252,30.565322268228257],[-98.82148251224946,30.565820345481296],[-98.82148072011047,30.566799133048118],[-98.82118109243736,30.567581738778156],[-98.8213028285314,30.568445080703256],[-98.82166144587428,30.56917523388219],[-98.82182490781496,30.569736063770726],[-98.82142078361642,30.57142614778013],[-98.82052348073361,30.572884236599656],[-98.82101512240041,30.57394377976482],[-98.82089096265173,30.574343980278535],[-98.82089021255847,30.574753341064348],[-98.82079701414436,30.575109137964567],[-98.82066278877294,30.575384802477632],[-98.82042590482912,30.57566923051045],[-98.8201785806651,30.57587357188888],[-98.82009572275824,30.5762026620127],[-98.81970489542253,30.576237663339803],[-98.81947863226034,30.576237350883268],[-98.81931377164277,30.576379541711578],[-98.81931205586059,30.57730497191485],[-98.81856956054901,30.578398432532023],[-98.81663521645109,30.57891171082588],[-98.81586473502516,30.578501342079832],[-98.81534986472175,30.57880318073827],[-98.81476396013726,30.578668837164287],[-98.81418689048358,30.579246430923686],[-98.81404234526616,30.579575430716115],[-98.81329048591607,30.580143866168775],[-98.812364479165,30.580365026745866],[-98.8116428642939,30.581253793017595],[-98.8116416946874,30.581858845083758],[-98.81178463731035,30.582366215934993],[-98.81156734202963,30.58309556055511],[-98.81107107314082,30.584402915910218],[-98.81062910830926,30.58429548083634],[-98.81051567534335,30.584446560239165],[-98.81013507442886,30.58444600575308],[-98.80983131630204,30.584632429674645],[-98.80959441259533,30.58480105484244],[-98.80932609300648,30.585290182015825],[-98.80907307172691,30.585801430177415],[-98.8075929257181,30.58681736140685],[-98.80692050169364,30.588616732556897],[-98.80572358551078,30.589248993754588],[-98.80333747865647,30.5892632202182],[-98.80240202881514,30.59035141902035],[-98.80090597903254,30.591288354605304],[-98.8004666911805,30.591762999469285],[-98.79923878312032,30.59174842230186],[-98.79752921726941,30.592724563390085],[-98.79684515107888,30.593943512089314],[-98.79536490984866,30.594838984062932],[-98.7954880446196,30.595034950095968],[-98.79499295521875,30.59560359878364],[-98.79429316491746,30.595780451590862],[-98.79320368185267,30.59536944827262],[-98.79242150795501,30.595599519875055],[-98.79176184449916,30.596221328375247],[-98.79071156032012,30.596735798203802],[-98.78982639547344,30.59701912745172],[-98.78877670867405,30.59724874356515],[-98.78840523464281,30.597764210051864],[-98.78778811180557,30.597745476098826],[-98.78712959190506,30.59786892310154],[-98.7867516967162,30.598428236186944],[-98.78622028034357,30.59971829270058],[-98.78527235829283,30.600428579237075],[-98.78366690448841,30.60079965566623],[-98.78366480692223,30.601742811943623],[-98.78313795488954,30.602398068254075],[-98.78380555765587,30.60318454564544],[-98.78485170239809,30.60459215442548],[-98.78540357610468,30.60624815030107],[-98.78344835066798,30.606565292408465],[-98.78283053882292,30.60683120369779],[-98.78258206122207,30.6075248198315],[-98.78115975054789,30.608732616769082],[-98.78043922802816,30.608873739373344],[-98.78017075392908,30.609336002021077],[-98.78018865645438,30.61052840029009],[-98.77967207216541,30.611506312040266],[-98.77897067028651,30.61228813087464],[-98.77790082080057,30.612286309404816],[-98.77730475986347,30.6119828061239],[-98.77650335932378,30.611500904797776],[-98.77532953523361,30.611979411344883],[-98.77479347007939,30.61249446777941],[-98.77479112098491,30.61350895947701],[-98.77443994169256,30.614095584973914],[-98.77442836151026,30.615276425610467],[-98.77239373398558,30.61443550636304],[-98.77135235750089,30.61466944921127],[-98.77048528652065,30.614560792951142],[-98.77006476986482,30.614260006528486],[-98.76866688168826,30.615996633538895],[-98.76663984492774,30.61646144042744],[-98.76636318448149,30.617222021395488],[-98.76622981610284,30.61822484815048],[-98.765745160634,30.617528349315116],[-98.7649794366858,30.617041569612137],[-98.76453202177541,30.616377482445035],[-98.76397089362476,30.616376465835614],[-98.76348480713968,30.61627853653832],[-98.76294343563707,30.615824584521608],[-98.76262653875092,30.61538708647561],[-98.76208454561416,30.615192004288748],[-98.76098095810109,30.615189981095295],[-98.76001472389326,30.61491697483836],[-98.75961624201302,30.61491245839598],[-98.75913078884022,30.61452329133713],[-98.7584206328789,30.61429536365508],[-98.7582338075543,30.61418183950934],[-98.7572237867646,30.614179956226707],[-98.75630616309176,30.614598941636345],[-98.75615566563727,30.61495458144126],[-98.75615363813968,30.615763466989208],[-98.7554973352813,30.616409378462283],[-98.75497263381541,30.616796660120123],[-98.75467209704723,30.617281411720057],[-98.75386692627829,30.617587245455404],[-98.75386606659058,30.6179270308941],[-98.75315335043068,30.6187022206194],[-98.75262766710617,30.619429192872943],[-98.75189688043604,30.619929421068267],[-98.75089325205789,30.620633041000723],[-98.74970535855373,30.62003066927507],[-98.74896064081017,30.62050076922366],[-98.74764531140147,30.621991981322438],[-98.7466747059915,30.621148774975214],[-98.74626418129654,30.62075978914077],[-98.74611541130233,30.62043592620118],[-98.74509692029784,30.619635887175143],[-98.74454649737042,30.61951070456011],[-98.74404140702549,30.61950971194856],[-98.74327479644012,30.619394936916564],[-98.74271395395375,30.61928056683392],[-98.74144191615524,30.61929426088501],[-98.74073054746826,30.6194869390865],[-98.74005709666945,30.61948559395835],[-98.73928970993967,30.619662018178133],[-98.7384101119528,30.61983821247774],[-98.7373823296733,30.61944787238295],[-98.73654086876351,30.619316861399263],[-98.73540154986172,30.618683536327087],[-98.73399114815325,30.61870813227335],[-98.73382891870115,30.619165725819723],[-98.73309670640464,30.62015098946331],[-98.73296402344054,30.62081399243841],[-98.73297907830637,30.62212444200296],[-98.73235700395529,30.62385428299955],[-98.73181797885222,30.624983444302966],[-98.73182890236606,30.62539005182208],[-98.73208821993744,30.625777006899078],[-98.73178935673062,30.626166592523987],[-98.7314867205996,30.62739547005291],[-98.73125829609086,30.62880246330299],[-98.73127431934059,30.629789426031454],[-98.73164589937302,30.630728470651466],[-98.73132635874498,30.631245559180254],[-98.73104510161942,30.632077978228736],[-98.73022384112541,30.632299358810315],[-98.72928427969504,30.6322928682665],[-98.72853861961872,30.63223148982305],[-98.72776926827342,30.632615712966647],[-98.72682709723713,30.63274229005013],[-98.7259275773122,30.63311018407344],[-98.72526122230582,30.632559434703232],[-98.72487213770174,30.631199715196544],[-98.72427489637835,30.63071305217052],[-98.7240705754653,30.63019495747242],[-98.72332407995576,30.629546229255208],[-98.7228650830664,30.629310072203513],[-98.72265194968041,30.62909183315253],[-98.72195581013246,30.62874551573295],[-98.72170126710681,30.62894326523771],[-98.72090102180057,30.629257560315114],[-98.7202323707003,30.629084799757834],[-98.71989077733036,30.629346552389055],[-98.71947122905839,30.62921440305653],[-98.71917187537143,30.629213756068527],[-98.71866767795191,30.628921443822893],[-98.71819106779476,30.62876673889469],[-98.71803302628852,30.628418539625013],[-98.71764103293955,30.62813461736353],[-98.71716571455978,30.627502657897924],[-98.71674406961993,30.62776052973044],[-98.71624836577143,30.627759452173922],[-98.7158278033015,30.627645351701517],[-98.71547312686776,30.627361420987608],[-98.71524961524528,30.627045426878095],[-98.71499833310412,30.626624174775195],[-98.71460872568055,30.626195227857757],[-98.71422422787434,30.625846024470135],[-98.71393526410193,30.625521818323886],[-98.7136559356593,30.625092521754905],[-98.71310482462238,30.62480823414664],[-98.71241500651907,30.624022023587518],[-98.71228578835704,30.62343114163474],[-98.7120403740113,30.623103243895894],[-98.71116444204911,30.62309710369248],[-98.71025027419518,30.62226190252501],[-98.7102516450243,30.62180078771258],[-98.70999090452149,30.621403873037963],[-98.70954232359786,30.621281543709657],[-98.70920539697582,30.621345486338658],[-98.70905479441844,30.621676787563317],[-98.708213448493,30.621545505937963],[-98.70786714974761,30.62162556019929],[-98.70703462348165,30.62163183732504],[-98.70570471172095,30.62223547846855],[-98.70530892927812,30.62318907837974],[-98.70508163215506,30.624134993530998],[-98.70459318669404,30.624821443505496],[-98.70404980655844,30.625103364096034],[-98.70347920746977,30.625102064653973],[-98.70318793592541,30.625546301218655],[-98.70291613177159,30.625723721627196],[-98.70200054637613,30.625365622998853],[-98.7010472416202,30.625112629480892],[-98.70040255308014,30.624908986383357],[-98.70054436652077,30.624415850895645],[-98.70054568524763,30.623987168615088],[-98.7000240964442,30.62324984567898],[-98.69963297266443,30.622706996281163],[-98.69905148779114,30.623215245529146],[-98.6986581900884,30.623376080965045],[-98.69777894244449,30.623374039389923],[-98.69704978711488,30.623251099537008],[-98.69594611336358,30.62324852688617],[-98.69525560625243,30.623381176012852],[-98.6947759696711,30.623561206273155],[-98.69432613020774,30.623843219432658],[-98.69379205122861,30.624125122000876],[-98.69277158213386,30.624446284797884],[-98.69256471270033,30.62476129947412],[-98.69226254908315,30.62571499818256],[-98.69158999031139,30.62538983615087],[-98.69115084349487,30.62523511320878],[-98.69055216756196,30.625233693950936],[-98.69011131843799,30.625645192817892],[-98.68973683145728,30.6257494961742],[-98.6890259379791,30.62574779709348],[-98.68814723381594,30.625600080543688],[-98.68774456039657,30.62573657682154],[-98.6872479591311,30.626018538034966],[-98.68651742398922,30.626291785083392],[-98.68589075924702,30.62629027462614],[-98.68562936297405,30.626152182092813],[-98.68519143247643,30.625625310149353],[-98.68472537033735,30.62511458366842],[-98.68428443407679,30.624887409878937],[-98.6839762867815,30.625355421516705],[-98.68374147435274,30.625678507351918],[-98.68312340648781,30.625903357932792],[-98.68273856283021,30.62629077167016],[-98.682605819679,30.626864742953906],[-98.68238931850898,30.627260546850877],[-98.68194914222315,30.627453649031107],[-98.68161127865827,30.62779252403254],[-98.68104872038968,30.62817941384823],[-98.6803742491047,30.628501327678737],[-98.68012991094068,30.628848578195047],[-98.67995975026292,30.629390106128973],[-98.67928455673243,30.629898038144105],[-98.67892796509051,30.63025307679435],[-98.67843970558077,30.63081809752833],[-98.67818582730844,30.631197670694586],[-98.67791572995364,30.63084108106452],[-98.67753459184658,30.630128299037302],[-98.67753700651807,30.62940033578614],[-98.67764078528957,30.62913365397453],[-98.67764368145805,30.628259994441237],[-98.67740939005218,30.627978276294453],[-98.67707971103785,30.627720432870028],[-98.67672252381288,30.62679361890105],[-98.67663927244394,30.62652647305944],[-98.676423979508,30.626582570083293],[-98.67605834362779,30.626824315649774],[-98.67577537880489,30.627535446927055],[-98.67554068136047,30.627785584075813],[-98.67509994272926,30.62808377373021],[-98.67460433589882,30.628082534621626],[-98.67408054981621,30.628081221305663],[-98.67335075488614,30.628119890298176],[-98.67273294124442,30.628255797094113],[-98.67204038687277,30.62839966318749],[-98.67141272410227,30.628632668665453],[-98.6710253310259,30.62863740399658],[-98.67092760330613,30.628229899535846],[-98.67099433465701,30.627919774519828],[-98.67099583753848,30.627474878660152],[-98.67103395575093,30.627264666941134],[-98.6710344480277,30.627119056815772],[-98.67112932449476,30.626731030309685],[-98.67086858938185,30.626374367790632],[-98.6708697149709,30.626042819048568],[-98.67057111407215,30.62582368753123],[-98.66983504081655,30.62499663585854],[-98.66896766440914,30.624242260743483],[-98.66837233470068,30.62331859912922],[-98.6679508945767,30.623454984216142],[-98.66651048823944,30.62345129995292],[-98.66582877114337,30.623134130435176],[-98.66483331384104,30.62313753332648],[-98.66414863140622,30.622499717162345],[-98.66370469207766,30.621472069660033],[-98.6632201354235,30.620898622219933],[-98.66304693215189,30.620359671295336],[-98.66211292141163,30.620357248540376],[-98.661723667026,30.620179874728017],[-98.661329485381,30.619492973609407],[-98.66133946925706,30.618941559985366],[-98.66054314330042,30.61851878136076],[-98.65963016930749,30.61806200344136],[-98.65937719384202,30.618061340144276],[-98.65838427697531,30.618435074091135],[-98.65735346827162,30.618089720442534],[-98.6567984477666,30.618366620216083],[-98.65581034317488,30.61748530433435],[-98.65581413316707,30.616413690739893],[-98.6558162576827,30.61581352158318],[-98.65485090921378,30.615510920735222],[-98.6540555462511,30.615270521477882],[-98.65384488952034,30.614327479919634],[-98.65332264404846,30.613450911277255],[-98.65332887925484,30.611700823355807],[-98.65301927848544,30.611211910673077],[-98.65341166260154,30.610304166523587],[-98.65288794748584,30.609848375805985],[-98.65269420243862,30.60874380267391],[-98.65158775738466,30.608885700728113],[-98.64868882119926,30.608877905861796],[-98.64679547890583,30.609166686605437],[-98.64582913240864,30.609164062552804],[-98.64497087390133,30.60935581458664],[-98.64426923037563,30.609673685640335],[-98.64357038240709,30.610208089704454],[-98.642624485159,30.611405840415635],[-98.64231426634868,30.612209503030254],[-98.64116322982231,30.613047816889214],[-98.63923793445423,30.612756395931665],[-98.63861321815789,30.613326854046285],[-98.63738802121324,30.613171952562105],[-98.63587409136322,30.61214113830121],[-98.63467463115147,30.61033709049192],[-98.63305808045834,30.61075323812649],[-98.63148352600474,30.610361781334674],[-98.63060799648783,30.610359298798162],[-98.6306124045209,30.609198036065518],[-98.63045921212057,30.608558105507868],[-98.63009359959656,30.60747998363546],[-98.62939656442826,30.606602905347426],[-98.62916657235932,30.605676658508166],[-98.6288574045779,30.60513719142084],[-98.62878123373001,30.604682581001637],[-98.62878585646045,30.603470903949756],[-98.62841837813559,30.602914550383538],[-98.62814846044387,30.6022741986698],[-98.62795583290087,30.601768843392772],[-98.62795750646224,30.601331342930944],[-98.62757109883773,30.600623353269334],[-98.62533378353717,30.600616930190895],[-98.6243824856176,30.6001092984237],[-98.62438644898464,30.599082721587173],[-98.62381671227863,30.598621804137792],[-98.62332278529774,30.597447254090746],[-98.62246040711658,30.596989017422718],[-98.62165538995954,30.59726781629311],[-98.62092183557999,30.59762748489682],[-98.61992756225723,30.59843901578946],[-98.61876249674108,30.598585671153074],[-98.61763308895178,30.599150265090522],[-98.61667769740947,30.600288732505327],[-98.61640355224598,30.600742233109315],[-98.6158185648414,30.601077187106497],[-98.6154277967945,30.601496815293125],[-98.61431650802452,30.602082523853774],[-98.61392566182418,30.602518871178326],[-98.61380700245998,30.603023409143066],[-98.61343731248289,30.60302231275456],[-98.6129307767487,30.6031891012944],[-98.61169612413737,30.603012001444206],[-98.61053665063385,30.603468054744486],[-98.60991412173522,30.603466189036897],[-98.60958452985747,30.603179104691066],[-98.60940624122303,30.602512185338338],[-98.60872649323406,30.602102971927813],[-98.60808300124994,30.60192954666907],[-98.60729197265853,30.601466378816365],[-98.60656390698536,30.600735455134448],[-98.60632847651571,30.60010642283021],[-98.60633187753737,30.59926494658758],[-98.60604115935523,30.598977970414822],[-98.60532133572481,30.598975789917798],[-98.60481640258507,30.598772351652173],[-98.60434882139486,30.598939230244255],[-98.60370679905455,30.598937273982013],[-98.60302818833273,30.598379814176102],[-98.6020189347043,30.59780454046387],[-98.60145710047782,30.597196934173308],[-98.59953126162902,30.59719102120615],[-98.59807564142409,30.596803472474868],[-98.59708134205016,30.59689727688531],[-98.59599406075615,30.596904155650126],[-98.59522912732541,30.597850897451888],[-98.59468275041004,30.598253092415106],[-98.59359216780736,30.598535788590635],[-98.59296600612171,30.59820211014539],[-98.59203563715162,30.5985646091659],[-98.59079054701502,30.59856069817264],[-98.59055552078722,30.598946970238075],[-98.59043523098079,30.599788073457805],[-98.59014215112775,30.600073247954757],[-98.5895997178165,30.599533035978386],[-98.58861019658157,30.598924025523402],[-98.58650910540398,30.598917368817908],[-98.58543820219423,30.599132751553984],[-98.58425147829655,30.59912896739254],[-98.58335833281689,30.59870541100331],[-98.58247778800573,30.59989738497054],[-98.58248738740285,30.5976591442932],[-98.58210140198652,30.596934305140884],[-98.58144336627797,30.596141202077597],[-98.58097727629112,30.59595451882882],[-98.58051257150643,30.595448213508085],[-98.58016286904441,30.59534609056591],[-98.57969562472243,30.595428771579723],[-98.57868406242372,30.595425500714413],[-98.57674149784262,30.594762812617972],[-98.57607546443309,30.595820924333555],[-98.57607304616833,30.596376221399467],[-98.57564019744026,30.597502389817127],[-98.57524897574415,30.597989199688534],[-98.5750006400771,30.598851969310363],[-98.57461984422815,30.599484927674546],[-98.57461609106691,30.600343285157056],[-98.57414928242783,30.60034175805749],[-98.57360404098299,30.600440799115052],[-98.57301952429562,30.60065767617696],[-98.57202356483504,30.601512693845553],[-98.57161396809978,30.601730139132385],[-98.57130276114265,30.601729114637187],[-98.57062097757124,30.601928855426195],[-98.57007824871424,30.601455782800517],[-98.56970911209937,30.601353651499426],[-98.56873634264787,30.601350431865775],[-98.56768788923537,30.600892560056593],[-98.56706528218331,30.60089048707896],[-98.56599431609148,30.60110562959983],[-98.56524231750251,30.60084508723404],[-98.56426308736748,30.60104942966826],[-98.56365887421919,30.60129980690129],[-98.5625788540076,30.60084683159802],[-98.55926982072533,30.59956844100869],[-98.55825967147653,30.599245225518054],[-98.5564931973524,30.598790203154206],[-98.5562420194158,30.59804356573936],[-98.55481604810684,30.597112684216302],[-98.55424876020828,30.59655350504057],[-98.55326954534462,30.59714141551901],[-98.55221589517821,30.59684657226961],[-98.55181244112286,30.596715702369426],[-98.55101166042073,30.597402932846457],[-98.55100902117042,30.597975115234433],[-98.55042202692947,30.59867988287586],[-98.54975841986952,30.599165673907105],[-98.5491340637976,30.598914891400625],[-98.54828868353822,30.59957640595958],[-98.5472108821654,30.598938037929468],[-98.54513537860035,30.597634927299367],[-98.54427774352388,30.597985322694345],[-98.5423129573176,30.597978427768343],[-98.54136075659117,30.597739475789513],[-98.54019546829282,30.597747714616176],[-98.53921942268546,30.59803489392715],[-98.53842181123964,30.598032067759068],[-98.53778171937891,30.597625815478906],[-98.53722208512657,30.596681436058674],[-98.53648478117903,30.596274915211396],[-98.53559347904233,30.595514447333848],[-98.53438432600866,30.596149619660565],[-98.53380263092957,30.595743640178057],[-98.5326137780247,30.596193767497326],[-98.5317189607803,30.59619055078518],[-98.53072942157907,30.595648404133808],[-98.5301457996137,30.595646298567335],[-98.52950055052489,30.59631715307069],[-98.52891505287722,30.59670212497835],[-98.5283501293445,30.59686837307704],[-98.52740632337438,30.596190924264064],[-98.52532222113544,30.595443689198593],[-98.5246803245593,30.595441347011942],[-98.52380640661998,30.595118447934336],[-98.52285191249462,30.595384158668416],[-98.52191128206903,30.595238623546056],[-98.5218832977513,30.595319183612855],[-98.51958674574429,30.59665910862972],[-98.520000999346,30.597544637193508],[-98.52038843104994,30.59788265652249],[-98.52191825209734,30.5988431127693],[-98.52170518428836,30.599132879136032],[-98.52156685990427,30.59956987301425],[-98.52109880260694,30.599803747387174],[-98.52005904129315,30.60088371607341],[-98.52004607680695,30.601700195259948],[-98.51882234860778,30.60247733190077],[-98.51798450162039,30.60284552342384],[-98.51723581781482,30.603487697635423],[-98.51699449888848,30.60431735929944],[-98.51586483867263,30.60431316091426],[-98.51534527107859,30.60431122409008],[-98.51534361728015,30.604643443377913],[-98.51486719397259,30.6049303687482],[-98.51423112656431,30.60573359413445],[-98.51350824956023,30.60573089731067],[-98.51308757659751,30.60677488879389],[-98.51274379493154,30.607242610690598],[-98.51296568060336,30.60780101068133],[-98.51296290121586,30.608356387524793],[-98.51247332926748,30.608994043273782],[-98.51247097029155,30.609465231273997],[-98.51285784504002,30.61040402696862],[-98.51342595849033,30.610883228568408],[-98.51306475669435,30.61133550982979],[-98.51305743183153,30.61279956439401],[-98.51291795670558,30.613455420829816],[-98.51291391069354,30.614263190170202],[-98.51263329496508,30.614643849527226],[-98.51220208386576,30.61615185133603],[-98.51099517482366,30.615776028958358],[-98.51000242324699,30.6154889733701],[-98.50951380171617,30.614925277144284],[-98.50838737453702,30.614276073945177],[-98.50727535813165,30.613450973126092],[-98.50624306900436,30.611620004771567],[-98.50507159131371,30.61061535768834],[-98.50344091371443,30.609885464828075],[-98.50278232194871,30.609310675392933],[-98.50197491706966,30.607939294847174],[-98.50070763585059,30.607922838255497],[-98.4992027771883,30.607674821578474],[-98.49810725115661,30.60724200607957],[-98.49715496688685,30.60608403446209],[-98.49424063267917,30.606072737686894],[-98.49393334327497,30.60486742814289],[-98.49372250777948,30.6042608102057],[-98.4937305620743,30.602712572451082],[-98.49359516080818,30.602543749581596],[-98.4926030614084,30.602539884367598],[-98.49132180240349,30.601996384574004],[-98.49062009330078,30.602279734005325],[-98.48986341179423,30.601855989585033],[-98.48941540219911,30.601955224714672],[-98.48852054003893,30.601951709737808],[-98.48825291035624,30.600922482528745],[-98.48701078286344,30.600481687446536],[-98.4860777836262,30.6003265118031],[-98.48524041274588,30.600474696819642],[-98.48442069106598,30.6009761657357],[-98.48234322558037,30.600193910733033],[-98.48084056779052,30.599218898792508],[-98.47954051962314,30.598285769952778],[-98.47827544466641,30.598280705286967],[-98.47669528023386,30.59805943016637],[-98.47535120204114,30.59804418587251],[-98.47491971156578,30.598683196932082],[-98.4740615473816,30.599083623167544],[-98.47260249830724,30.59907771959427],[-98.47071294151444,30.599524431569787],[-98.46979080740056,30.599984816617255],[-98.46928168362001,30.600833709433882],[-98.46851006762189,30.601475426099494],[-98.46735261712438,30.602119172805654],[-98.46661437443738,30.60193105054757],[-98.46561590777885,30.601460633122272],[-98.4650788113587,30.600498729078843],[-98.46440361513326,30.600170369390614],[-98.46369896674294,30.600322399845027],[-98.46272492437866,30.60164584208584],[-98.46272149011935,30.602268511013605],[-98.46170512812205,30.603122507768095],[-98.46132957933268,30.60418122096136],[-98.4594385717607,30.60488016781025],[-98.4582045147324,30.606372800341216],[-98.45819795703082,30.607550757721082],[-98.45653473167216,30.60924357270775],[-98.45569234998922,30.610283516073064],[-98.45498387387747,30.611710931955773],[-98.45493991302241,30.61187677237448],[-98.45476525537835,30.612534683049116],[-98.4547594100408,30.613578038366487],[-98.45389876740472,30.614382209436258],[-98.45288333875702,30.615034317998052],[-98.45243580077742,30.615032436278227],[-98.45177283691123,30.615298843838954],[-98.45139789358636,30.616222844052636],[-98.45041580321548,30.61671072719791],[-98.45041812895376,30.61693457041072],[-98.45043643751757,30.617632444183332],[-98.45053092681073,30.618137727509815],[-98.45052617202792,30.61897909776828],[-98.45147587364123,30.619639480362366],[-98.45194001518223,30.620146323292108],[-98.4521701509816,30.620753084460663],[-98.4528291766336,30.621210247029374],[-98.45360385139527,30.621852906302806],[-98.453810610336,30.622558209071588],[-98.45339989699485,30.623535078641833],[-98.45271876649866,30.623532215339353],[-98.45228825608528,30.623967900934915],[-98.45228162292521,30.625145935695084],[-98.45109575512203,30.625006079820754],[-98.44969260820778,30.625303299401356],[-98.44834622673469,30.625937082846647],[-98.44725664844847,30.62593245483185],[-98.44661254291503,30.626232528606245],[-98.44577594907744,30.626228965038024],[-98.44546274696208,30.626547498045337],[-98.44530461292935,30.62698423603769],[-98.44553509996999,30.627506991325372],[-98.4451802447715,30.628313343247914],[-98.44517448567224,30.6293230019009],[-98.44456931312318,30.629657004441526],[-98.4441586500877,30.630008559390827],[-98.44427245226115,30.63051401309671],[-98.44364283206166,30.631722988787345],[-98.44288006267244,30.63239290236169],[-98.44211554606001,30.63336569582846],[-98.44178273012871,30.63369237000148],[-98.44178069993617,30.63404583878936],[-98.44160484124457,30.634179684320944],[-98.44117360139917,30.634707921078967],[-98.44072031420174,30.635690446453832],[-98.43994874132274,30.636175203908582],[-98.43918853392874,30.636390717100646],[-98.439117315493,30.6369289024434],[-98.4391118788889,30.63787134120584],[-98.43809557079052,30.63861583199679],[-98.4373045826233,30.639108807008398],[-98.43672803309417,30.639518599815673],[-98.4359003038318,30.640663663782412],[-98.43565675528694,30.64133989872607],[-98.43656282303196,30.64280797749896],[-98.43667698722646,30.64327966093471],[-98.43601261749684,30.643731164794943],[-98.43474754254008,30.643725672018558],[-98.43426022266813,30.64385815318474],[-98.43413989333582,30.64446350513716],[-98.4338345469876,30.64508485377379],[-98.43336518174323,30.645469811087153],[-98.43298541805854,30.645620313579318],[-98.43299254080043,30.64596466319796],[-98.43283466099093,30.646325770022173],[-98.43262883180653,30.646577352500625],[-98.43235532175197,30.646752854786254],[-98.43204186361672,30.647113278566806],[-98.43192338750883,30.647398851560087],[-98.43153213526999,30.647733731463184],[-98.43176249834313,30.64827314277639],[-98.43187679189506,30.64870290297391],[-98.43187335044921,30.649291873189785],[-98.43153141661776,30.649517572320853],[-98.43111825536747,30.65027304096595],[-98.43078322688561,30.650961556687278],[-98.43077069718402,30.651457979631157],[-98.43049648015534,30.651751271700988],[-98.43006750406447,30.652930304324858],[-98.42929965380401,30.65494998669352],[-98.43039937227313,30.656512804822786],[-98.43076485903302,30.657032223713063],[-98.43230070238606,30.657515591417205],[-98.43380286250921,30.658343953076887],[-98.43582564395024,30.657708310189076],[-98.43739520826242,30.656806093148884],[-98.43739828768722,30.65627400350935],[-98.43805415935425,30.6559442874758],[-98.43828131454352,30.6554686164779],[-98.43836716473858,30.655025612343387],[-98.43822813966857,30.65468144877685],[-98.43896695098917,30.6532989693168],[-98.44042861955089,30.653294181097447],[-98.44133525053961,30.65395209845433],[-98.4421224756641,30.654166035737575],[-98.44232546437559,30.654543825664756],[-98.44299229369247,30.654535592444397],[-98.44447505469707,30.653768946267842],[-98.44602628619093,30.65424927779131],[-98.44752356666547,30.653623896123587],[-98.44801074011205,30.65362596565361],[-98.44941855646911,30.65408632215177],[-98.44981138884455,30.654908279812407],[-98.45070473195358,30.655643797379458],[-98.4514188782314,30.65519217449492],[-98.45211130773724,30.65519509945533],[-98.45248109742732,30.6555403013471],[-98.45263022764595,30.656394413860255],[-98.4535383713976,30.656786328162866],[-98.45395503428088,30.656799170729],[-98.45436310567678,30.657199897500963],[-98.45493841642913,30.657501510214523],[-98.45541383631853,30.65731521189258],[-98.45584286990159,30.657427832308812],[-98.45749493998106,30.656614442085687],[-98.45768497678277,30.65702534226577],[-98.45819123853082,30.65815635892604],[-98.45932259835921,30.658839032941263],[-98.45964454018397,30.658585454673386],[-98.46055297678642,30.658932873832644],[-98.46071206842325,30.65914408930238],[-98.46064611860665,30.659487461146583],[-98.462118373814,30.659903752878755],[-98.46276679754902,30.659751248813222],[-98.46431154230821,30.660965844621142],[-98.46533950784404,30.660582152925368],[-98.46629881514268,30.661018384113305],[-98.46697073161901,30.661242872047435],[-98.4684506476591,30.66145957578371],[-98.46844804164647,30.661936213339214],[-98.46894687163217,30.662159900920397],[-98.46975084584514,30.66287265552023],[-98.47007656778064,30.663739904193708],[-98.47016666790532,30.664221287272724],[-98.47017150084154,30.664617804502196],[-98.46939864427,30.665428895828047],[-98.4693921027381,30.666626083537324],[-98.46875173689119,30.666969547791208],[-98.46850955378555,30.66774482900763],[-98.46794072886954,30.667873485741385],[-98.4679350901445,30.668902299204685],[-98.46730784598894,30.669241777690313],[-98.46573707523932,30.67016535619068],[-98.46616331416354,30.67136431947817],[-98.46600309064947,30.671971634775176],[-98.46753343092308,30.673090938772663],[-98.46767305157611,30.673278624462572],[-98.4674514767214,30.673712690601555],[-98.46722480392744,30.67411858795792],[-98.46668120550125,30.674584020318207],[-98.465894100751,30.676039890747504],[-98.46506340345493,30.677551700845083],[-98.46416568465216,30.67941863589961],[-98.4636926003825,30.680819745421772],[-98.46346275743393,30.681915854976303],[-98.46306031757653,30.68330053007813],[-98.4621708174603,30.68351009541735],[-98.46159964973803,30.68414754628001],[-98.46177864085503,30.684459584548087],[-98.46235437920544,30.68601475167546],[-98.46196432801413,30.68805206192537],[-98.46195540864169,30.689660767334214],[-98.46106551057177,30.690106083113438],[-98.46055343043562,30.690721255000245],[-98.46031107575176,30.69148718697103],[-98.46006675285909,30.692571127861033],[-98.46020406574017,30.693438286795175],[-98.46018986068059,30.69396419517658],[-98.46033225622953,30.694704922285364],[-98.45964755493009,30.694991945125157],[-98.45868266190699,30.695467431569643],[-98.4570938547831,30.69642980724657],[-98.45627838662607,30.697475223648794],[-98.45610536032255,30.69786704081204],[-98.45589424365438,30.698427580185385],[-98.45567117400303,30.698623085369242],[-98.45567049218174,30.698744659510094],[-98.45514722263042,30.699433870269168],[-98.45514444593788,30.69989294409293],[-98.45507230493234,30.70023871928796],[-98.4546800888012,30.70068599685498],[-98.45442781581828,30.701283580004787],[-98.45441173866965,30.70317279386311],[-98.45461280768137,30.703987457306894],[-98.45409358773536,30.704883200606965],[-98.4536264925337,30.705189840127026],[-98.45301474341848,30.7063173385122],[-98.45409912944234,30.70680065112746],[-98.45455222979018,30.707064441648875],[-98.45486105980507,30.70770303529211],[-98.45527900368594,30.708704294877457],[-98.45481898271717,30.709531052058736],[-98.45438981887838,30.710315929975025],[-98.45438527340305,30.711124269508055],[-98.45414800857358,30.712228558267142],[-98.4549321964941,30.713088943448223],[-98.45559504088439,30.713481406185924],[-98.45573999034367,30.71433692240076],[-98.4557375756722,30.714767096120386],[-98.455427764697,30.71538804820187],[-98.45439685268705,30.71666771515306],[-98.45419048181853,30.717705586450982],[-98.45385581805269,30.718367267746856],[-98.45340633162722,30.718833366375573],[-98.45327571029672,30.719405331580266],[-98.45298242383117,30.72003920070118],[-98.45255097737326,30.720253482747495],[-98.45186887669657,30.720250603776087],[-98.45085988357954,30.72064846090199],[-98.45020257820133,30.72105729237369],[-98.44967688769032,30.721510452142958],[-98.44922410354947,30.721763953981164],[-98.44865822420928,30.72223651528736],[-98.44829419721174,30.7228194136964],[-98.44801920853023,30.72359727587332],[-98.44767935429867,30.723878306762693],[-98.44713332503133,30.724107876518456],[-98.44643959296833,30.724552830992472],[-98.44596936983285,30.725266504956533],[-98.4457175190581,30.72561613057405],[-98.44482881574753,30.725612330512263],[-98.44401465463923,30.7260246629845],[-98.44285085125604,30.7264871585464],[-98.44193883756215,30.72727000193528],[-98.44154946998877,30.728138101478688],[-98.44131914105161,30.728428743716723],[-98.44165904738543,30.729392738008055],[-98.44165318048833,30.73041044210901],[-98.44203950456952,30.731506968251946],[-98.4427487047234,30.732358112398252],[-98.44322841406827,30.73274565219519],[-98.4432244246501,30.733439553268013],[-98.44333797529526,30.733871820756534],[-98.44333451767973,30.73447321728794],[-98.44418962938859,30.73478531981071],[-98.44492958875611,30.734927205809292],[-98.44541162383925,30.734929263558975],[-98.44653203410265,30.73565880214971],[-98.44713605770642,30.736170198280554],[-98.4476894001585,30.736188098539856],[-98.44790909663597,30.736790366241483],[-98.44825456982961,30.737254448581872],[-98.44956256808726,30.73753877983326],[-98.45053550642204,30.73797350355966],[-98.45052894063562,30.73913000726023],[-98.45043702501575,30.739592229921126],[-98.45097803359897,30.740211312679673],[-98.45110057548182,30.740643606152688],[-98.45092330733354,30.741404750093224],[-98.45158528754452,30.741740517707694],[-98.45292420761089,30.741746169363267],[-98.45437890794095,30.74338681551605],[-98.45514214894568,30.74417644858835],[-98.45639180791383,30.744181687818525],[-98.45734986565593,30.74366133189025],[-98.45866858620481,30.744083327516407],[-98.45966748764792,30.745845350575728],[-98.45966120393251,30.746971024011398],[-98.46098221428706,30.74699189230962],[-98.46130189505227,30.747301655918182],[-98.4611570363228,30.747671160283847],[-98.46115411589982,30.748195433459614],[-98.4614805951151,30.748875331411952],[-98.46149513614459,30.74946134439083],[-98.46283194067847,30.749867828678948],[-98.46428166973175,30.75027946908831],[-98.46354133486844,30.752338002177947],[-98.4635355191753,30.75338654504448],[-98.46329964314126,30.754064110463727],[-98.46331070140239,30.75529773280823],[-98.46476186326856,30.756028481989528],[-98.46538366453183,30.75660154032538],[-98.46584944190495,30.757929707736047],[-98.46645438268864,30.75831768117023],[-98.46644684941667,30.760653562584064],[-98.4664404983276,30.76180519407103],[-98.46534879642407,30.762717772866264],[-98.46467993421972,30.76309889866269],[-98.46369230843005,30.76376512665267],[-98.46367979489813,30.765302130511994],[-98.46488427399738,30.76633088303453],[-98.46585306570881,30.76698140556104],[-98.46686917527951,30.767294104385265],[-98.4680316976651,30.76697498504842],[-98.47010681854782,30.767924077743523],[-98.47062885740719,30.768167263347177],[-98.47175407365737,30.768763515825018],[-98.47199939906987,30.769612522287904],[-98.47269157255586,30.770401844590445],[-98.47315075809144,30.771344393733514],[-98.47397234647052,30.771332268020224],[-98.47448400260184,30.772309726052903],[-98.47495075374874,30.772759524220778],[-98.4760149276787,30.773376163933698],[-98.47710231048235,30.77373511382484],[-98.47823637064648,30.773739682272165],[-98.48012911735687,30.774358608788255],[-98.48081973945234,30.774875826546797],[-98.48204436596679,30.774633875057887],[-98.48378614989535,30.77619829128826],[-98.48446170904016,30.77677155601275],[-98.4835806297314,30.777893741316962],[-98.48415096651203,30.779770487290545],[-98.48588693654408,30.780786456642296],[-98.48679271952315,30.780015552330422],[-98.48771210299563,30.78014605822183],[-98.48957211958863,30.780771019677367],[-98.48972075124229,30.781942751746936],[-98.49036092215478,30.782469551774685],[-98.49051800695526,30.783148625750876],[-98.49038834412714,30.78404250418632],[-98.49065478084717,30.784321151533334],[-98.49091774737522,30.784723882274804],[-98.49221186666172,30.78540665700467],[-98.49293857587881,30.78647352077493],[-98.49293453076508,30.787244553135658],[-98.49403609706874,30.788374466089948],[-98.49353208560049,30.78909724861425],[-98.49392932690735,30.78999318698004],[-98.49437413400848,30.790318732264147],[-98.4943650134134,30.792061175681017],[-98.49435017144827,30.793186809449036],[-98.4951704096595,30.793467605634365],[-98.49534650101474,30.79394627704659],[-98.49517523990076,30.794238585770497],[-98.49517064681473,30.79511758159251],[-98.49457205442515,30.796873183271227],[-98.49401099903803,30.798258741978216],[-98.49265343982783,30.799965159756063],[-98.49265605841688,30.801152530679026],[-98.4928826225147,30.802232813759545],[-98.49232242142543,30.80346418971786],[-98.49269041538325,30.804822626578215],[-98.49206027056765,30.80574537629815],[-98.49203835526797,30.808227973951645],[-98.4945274827157,30.80879281995953],[-98.49604605505908,30.80879873308943],[-98.49735551667233,30.80948235758731],[-98.49941004547381,30.80949031139975],[-98.5000132875433,30.81029443311319],[-98.50079930533207,30.810297464470796],[-98.50156615666592,30.810562556285692],[-98.50249949636465,30.811445150113332],[-98.50453156997897,30.81234732235354],[-98.5073575926077,30.811710474075895],[-98.5085366844187,30.811714950450945],[-98.51029469641287,30.812060791839922],[-98.51029274617039,30.812446265584974],[-98.50993918993582,30.81346265344117],[-98.51037760911697,30.81509890145376],[-98.51176485854562,30.81633770626214],[-98.51177785626948,30.817309271753665],[-98.51325094152013,30.819257670884404],[-98.5132336660189,30.820907659202426],[-98.51221653596205,30.822832324699753],[-98.51263055869673,30.82358854095432],[-98.51306374698798,30.8244846345174],[-98.51443637543706,30.825121864804483],[-98.5156138529755,30.82548099949457],[-98.51626255608657,30.82617733761573],[-98.51677514377083,30.82730485277871],[-98.51630807551864,30.829585319725226],[-98.5155354534074,30.830430605659338],[-98.5155319688424,30.831124505845715],[-98.51505514847948,30.831770339027884],[-98.51419547692227,30.83216797281048],[-98.51323900021507,30.834014901849088],[-98.51216892525198,30.835367781153547],[-98.51145792756923,30.838140748561088],[-98.51144683607042,30.84033040757364],[-98.51070890240388,30.84137617932103],[-98.51016517731522,30.84286991116655],[-98.5097647748369,30.844287052850103],[-98.51115846518613,30.847869672388214],[-98.5119363559165,30.849538111612567],[-98.51120414002673,30.851940050263234],[-98.5111950571609,30.853731546182747],[-98.51054371390121,30.85542458098836],[-98.51127942693238,30.857507830326345],[-98.51127278119591,30.858818496781442],[-98.51064464680991,30.85930956400428],[-98.50983623132616,30.860108296950294],[-98.50984472310054,30.861617471851833],[-98.51018662638927,30.862450549547006],[-98.51054525361363,30.863040873265458],[-98.50924404392455,30.864783033738924],[-98.51139436816963,30.864802002704227],[-98.51284005480413,30.86523922397646],[-98.51389286235081,30.86559782375488],[-98.51450061486133,30.865600103867013],[-98.51484178242983,30.865912418572083],[-98.51555816910597,30.866043063006497],[-98.5163458649477,30.866578515259267],[-98.51748332074361,30.867893449742418],[-98.5179257859368,30.868774015956017],[-98.51850314574632,30.869500991731726],[-98.51926982370532,30.86990469617621],[-98.51925801535093,30.870475221996237],[-98.51882205485869,30.87187679562241],[-98.51790259502941,30.872531071007646],[-98.51810237495872,30.87278395283033],[-98.51883263701275,30.87332632209552],[-98.51954675274786,30.87351406556617],[-98.52020822091912,30.873516518970824],[-98.52103249795582,30.873118636360623],[-98.52165538348564,30.87369151009449],[-98.52256802061032,30.875313998815543],[-98.52434209717673,30.874585118000017],[-98.52477817624656,30.87484406460622],[-98.52550978128194,30.87512434830082],[-98.52718742549922,30.87421165881592],[-98.52792773431139,30.874207978735612],[-98.5281222968255,30.874655834916478],[-98.52963983610634,30.876881880299035],[-98.53028039509104,30.877500986556207],[-98.53156858998825,30.87831172948528],[-98.532695651378,30.87899005258321],[-98.53313778149959,30.87997852881508],[-98.53313392682871,30.881857671564745],[-98.53392153283889,30.882941743829058],[-98.53441458216572,30.883117100901657],[-98.53554876989064,30.88312117536554],[-98.53620602586153,30.88324325809621],[-98.53681674191418,30.88273360634119],[-98.5378093021497,30.882469972840617],[-98.53912549933095,30.882158844626343],[-98.53962418648452,30.881258091131823],[-98.54014598998528,30.88096067369829],[-98.5410396088771,30.8806646546492],[-98.54212993276498,30.88066851488821],[-98.54275463558662,30.88032129166756],[-98.54325757266979,30.879829626640287],[-98.54356149159503,30.879830701379646],[-98.54411261790331,30.880495716037395],[-98.54480777199939,30.88094530757223],[-98.54571845528834,30.88117989533765],[-98.54679115243374,30.88118365764345],[-98.5474813801688,30.880986526500134],[-98.54822973968255,30.881311942158835],[-98.54854920125884,30.881821956889112],[-98.54915532063217,30.882194171385436],[-98.55010286179724,30.882197467993837],[-98.55081868792465,30.882045781485992],[-98.55171170943679,30.88224926081206],[-98.55154906136977,30.882618798442245],[-98.55155522021936,30.883220225259805],[-98.55101389902241,30.884282360447756],[-98.55161839244506,30.88500920161518],[-98.55291396161246,30.885152480268633],[-98.55407881692284,30.885166749454257],[-98.55584903342846,30.884545721445466],[-98.55696327046923,30.883300522532725],[-98.5581423964162,30.8834896464983],[-98.55938661249205,30.88312378579777],[-98.55997481496706,30.883526724354684],[-98.56076716498026,30.884238699059065],[-98.56194806779487,30.884042151637196],[-98.56375706187637,30.883339058323],[-98.56450598014223,30.88377335410391],[-98.56514959878878,30.88377551660025],[-98.56547472693788,30.883051864740622],[-98.56610238970838,30.882637572681343],[-98.56632064618643,30.881805596363723],[-98.56695642972709,30.881576421506672],[-98.56797546331401,30.88157982684185],[-98.56858442226196,30.881335095724236],[-98.56878275590367,30.88096573971622],[-98.56944420880355,30.880983402546427],[-98.57059968480407,30.880447502656885],[-98.57192475554368,30.879973827415622],[-98.5719292111875,30.878971581396314],[-98.57218325385153,30.87813971202151],[-98.57311538801115,30.877587680156545],[-98.57360933206002,30.87706511340812],[-98.57394963634752,30.876942812322323],[-98.57452113824307,30.877052571592223],[-98.57535323691097,30.876870295268947],[-98.57654868794161,30.877413947471858],[-98.57823645078226,30.87780493731737],[-98.58000630347019,30.877826064794224],[-98.58163420168198,30.877584659405077],[-98.58232242347901,30.87760225886609],[-98.58273412406868,30.877480246046716],[-98.58327045422593,30.87748197615741],[-98.58416257472784,30.877901241042174],[-98.5846816805878,30.87776419272266],[-98.58500541724653,30.87730253945647],[-98.58565971057361,30.876919071736527],[-98.58639386862102,30.87662844723035],[-98.58802105536712,30.876067013499796],[-98.58769524180346,30.877496147027284],[-98.58769028849298,30.87865264947956],[-98.58915892348973,30.880122270637468],[-98.59078372790368,30.880636233663846],[-98.59146307704066,30.880638381582585],[-98.59239352596083,30.88044084609988],[-98.59336787105732,30.880459367887553],[-98.5942074266404,30.88063163869038],[-98.59508345472231,30.880634382567994],[-98.59590515718743,30.88079112577319],[-98.59661628961749,30.88176485192839],[-98.59740773682383,30.88275411751185],[-98.59739503015413,30.88579194492395],[-98.59690354569251,30.887887521825988],[-98.59902021994534,30.88881922795193],[-98.59831880189678,30.890612446777325],[-98.59906809925168,30.89191891099306],[-98.59858269279127,30.89253418596536],[-98.59682551802693,30.893700700771905],[-98.5963291539167,30.894809374185485],[-98.59603582702697,30.89652008647435],[-98.59547481835226,30.89812207843753],[-98.5950109912216,30.899986429447214],[-98.59464870875236,30.901080140455708],[-98.5941892770784,30.901895948354856],[-98.59384952435646,30.901894882341814],[-98.59318452939941,30.90267920572981],[-98.59259093793104,30.90351004725864],[-98.59401666849149,30.90465558426598],[-98.59499885767707,30.904997928912938],[-98.5966776328733,30.9055274489783],[-98.59613622364144,30.906697730181378],[-98.5961285214862,30.90853267368828],[-98.5962860608342,30.909350411967626],[-98.59628887345934,30.912927922160947],[-98.59790472166993,30.91358057148463],[-98.59947670065358,30.914032677393163],[-98.60058451204512,30.914282783027623],[-98.60172572908712,30.915103548768922],[-98.6039187529526,30.914570631285375],[-98.60517407040871,30.913788058501826],[-98.60665836304086,30.913792579438354],[-98.60699387032476,30.91484214845839],[-98.60698757133798,30.916384120672344],[-98.60680534538766,30.91721627282412],[-98.6067998584779,30.91855777593998],[-98.60706278278515,30.919869262588783],[-98.60846908009107,30.921508019369252],[-98.61063563509668,30.923133762248256],[-98.60888454911336,30.925335303519518],[-98.60695789818752,30.928026194444843],[-98.60570123864835,30.92911720928583],[-98.6060524718396,30.93069110247052],[-98.60727522536669,30.93134243546366],[-98.60865635726825,30.932644621956673],[-98.60894755604906,30.93418437852518],[-98.6093609122338,30.935311723637515],[-98.60935721476808,30.936221544552986],[-98.61035049096088,30.938321635096884],[-98.61033929076592,30.94108184758021],[-98.60940160771278,30.942898514020808],[-98.60939784287343,30.9438237089027],[-98.60969852247375,30.94467278104595],[-98.60969420157726,30.945736688138123],[-98.60992004792114,30.947059142812293],[-98.6119252466371,30.94705416889248],[-98.61373619365602,30.94607263285986],[-98.61617237260425,30.945324315400434],[-98.61688126104274,30.946883021515585],[-98.6168744401348,30.94859293756596],[-98.61746581545935,30.949535349993567],[-98.61794666835961,30.949934936546693],[-98.61887215049454,30.95023593236211],[-98.62139803251212,30.949426110662277],[-98.62279073830778,30.950154921610636],[-98.62312860187266,30.95068009930194],[-98.62450316169961,30.951470591872543],[-98.6262012955902,30.95186098568398],[-98.62740006230256,30.951864447838766],[-98.62797121026189,30.952045389550204],[-98.62950553905537,30.952904761893784],[-98.63104938729592,30.952029089564103],[-98.63228979361665,30.952819117985563],[-98.63343262133796,30.953408307539814],[-98.63451205494967,30.953752646309546],[-98.63619220726322,30.95466511277857],[-98.63836218574836,30.95570437329204],[-98.64025455067475,30.95685078891251],[-98.64123774777008,30.957084739185884],[-98.64162250339278,30.957070346683196],[-98.6420689795637,30.957287511238434],[-98.64240766688371,30.95762771234989],[-98.6431973354258,30.959387721989007],[-98.64539110489294,30.961321300674477],[-98.64689882738433,30.96006095630678],[-98.64845003013211,30.959109144841158],[-98.65057935535908,30.95911492082393],[-98.65156215629737,30.95947221298146],[-98.65187888250361,30.958486190180594],[-98.65355970406205,30.958768302691578],[-98.65386864546804,30.957473825111496],[-98.65387487438623,30.95574684883953],[-98.65388777149876,30.95216947597279],[-98.65446773911754,30.950104600042124],[-98.65589710605829,30.950632771803246],[-98.65697956339923,30.95063564849491],[-98.65846644767099,30.950099855092308],[-98.659092242844,30.950224844648854],[-98.65930788702121,30.94994789870197],[-98.66046965841521,30.95029022377198],[-98.66206341705295,30.94987800704794],[-98.66284171921176,30.949880039391925],[-98.66447090021776,30.949591304353277],[-98.66619080657591,30.948917311344104],[-98.66597819780604,30.948299816468143],[-98.66674118638417,30.947515460333655],[-98.66687754255946,30.946508681786252],[-98.6674886511759,30.946114195864485],[-98.66856682804452,30.944744522511115],[-98.66942370224795,30.945270991163095],[-98.67032458312053,30.946044327601257],[-98.67161361884084,30.945770012160533],[-98.67268522004157,30.946312464869344],[-98.67372393302146,30.946006659921792],[-98.6743494003094,30.946254998526864],[-98.67533263333732,30.946442479558474],[-98.67592561574793,30.945688391282797],[-98.67671275822745,30.945690362080352],[-98.67691972827227,30.945336238077],[-98.67706412257272,30.94495112447062],[-98.67707459603064,30.944503917653208],[-98.6775411109206,30.944073313649504],[-98.67817074189988,30.94363042270088],[-98.6792446284147,30.942936497275845],[-98.68105149708222,30.94292550810591],[-98.68193049589279,30.942202932928733],[-98.68152217386692,30.941261341174293],[-98.68152380969906,30.940767903449153],[-98.68225842229398,30.94043044610548],[-98.682740331613,30.940755436240597],[-98.68462781329751,30.940760810369735],[-98.68557680703837,30.940469395761372],[-98.68588243276265,30.940038366761037],[-98.6858850046393,30.93925195802023],[-98.68611898702474,30.938789922454472],[-98.68770575587125,30.939806522878996],[-98.68857365419984,30.939808618617555],[-98.68917350512913,30.93950709144776],[-98.6896682423904,30.939067434693797],[-98.6908347802453,30.93946587152191],[-98.69183157873232,30.939728876503267],[-98.69293889605046,30.940302079786715],[-98.6938227718147,30.940828454256298],[-98.69426806670104,30.941461744457317],[-98.69482294257732,30.941355174854273],[-98.69527819618689,30.941649139353167],[-98.69927439215247,30.94236786327801],[-98.69998074285027,30.939578409936917],[-98.70160873448685,30.939582178422842],[-98.70281703771428,30.939322822877546],[-98.7057738514551,30.937679631205558],[-98.70578358200628,30.934503162433412],[-98.70617078913138,30.932634040765493],[-98.70808716243205,30.929943989971626],[-98.70848455196092,30.928680404448855],[-98.70772885051636,30.927198376140893],[-98.70773302408918,30.925825938837292],[-98.70805713804032,30.925132845120093],[-98.70929045485681,30.925397759797495],[-98.71147265042983,30.92540264699488],[-98.71275802910863,30.926253593492373],[-98.71373449153427,30.926839605515543],[-98.71531269943611,30.927323255398868],[-98.71686884830784,30.927326672207023],[-98.71786810638213,30.92816156723286],[-98.71977688173213,30.929939017472833],[-98.72091845989686,30.931051707996335],[-98.72283037306215,30.93178056428583],[-98.72472809284595,30.931214048465115],[-98.72552334711246,30.931508795445218],[-98.72745514358824,30.931497421993615],[-98.72893453321558,30.930266888215915],[-98.73038805495598,30.928619964616825],[-98.7319819770871,30.92791399150716],[-98.73320721625258,30.92793198550532],[-98.73435135731081,30.928165642862062],[-98.73559903279883,30.929771864922717],[-98.7363298616898,30.930713950508288],[-98.73780151233096,30.93170281892414],[-98.73717018802738,30.934139003105457],[-98.73679755966101,30.936312479859996],[-98.73680749682467,30.939196018409824],[-98.73800220674522,30.94063255929697],[-98.7383569559425,30.94172812556883],[-98.7390348767582,30.942454240026187],[-98.74005181996546,30.943474005060292],[-98.7394041050012,30.944829685190882],[-98.73861927568356,30.94612937894956],[-98.73806442675675,30.947340390746422],[-98.73697918733336,30.948685340310202],[-98.7382194831613,30.94949956118914],[-98.74010617253172,30.949827173780406],[-98.74119755643166,30.94984482544338],[-98.74373811692095,30.94983442643249],[-98.7435227575097,30.950096136327332],[-98.7435389918635,30.95069757438476],[-98.74387667307039,30.951577162521506],[-98.74427738367086,30.952256488679183],[-98.7442578021943,30.952873229197735],[-98.74570386971448,30.954109725100956],[-98.74881325601812,30.955565290143088],[-98.74996488543258,30.956508112186476],[-98.75242990658964,30.958147436522285],[-98.75459302104773,30.95889168014396],[-98.755459425478,30.959433056148335],[-98.75611770463,30.960929994178155],[-98.75738604586111,30.96150026478587],[-98.75898009914626,30.961151292738943],[-98.7612747673861,30.960206564517776],[-98.76411601915385,30.960975762066646],[-98.76632869276783,30.959807806666078],[-98.76847585943464,30.95982712964321],[-98.76959005066135,30.96022165677565],[-98.77028784490605,30.958175450856963],[-98.77101465383612,30.956948056928915],[-98.77266888436385,30.95596165986681],[-98.7746061111555,30.9552581181337],[-98.77622810204599,30.954104423367657],[-98.77755209031571,30.954106708305353],[-98.77878016186926,30.95304488816619],[-98.77998443794927,30.95065678377845],[-98.77997016641434,30.949099306404314],[-98.78154697294435,30.947723403781467],[-98.78323996487826,30.947023187437104],[-98.78540371983513,30.947520234688117],[-98.78722055710737,30.947137677705467],[-98.78813288161835,30.947139177738574],[-98.78900895102277,30.94744904077158],[-98.78992181631953,30.947250060704803],[-98.7906574458074,30.946295206248568],[-98.79210832470426,30.945495673589456],[-98.79391768619669,30.944342049698815],[-98.79474217882908,30.94364945463408],[-98.79474514686278,30.942261639086478],[-98.79559743516668,30.941091094132393],[-98.796779813015,30.940306456929754],[-98.7974256792464,30.93942855259537],[-98.7977952641206,30.938056766241456],[-98.79872698864845,30.937364309782534],[-98.80047306472746,30.93648809514253],[-98.80147687187032,30.935471920972063],[-98.80169321763178,30.934685750514543],[-98.80169598983274,30.93334422626662],[-98.80241363145535,30.932401369846197],[-98.80333038286402,30.93012392289846],[-98.80416203596756,30.925776700260204],[-98.8049869499098,30.924760226530594],[-98.81035077070835,30.92590926429818],[-98.8155107215481,30.921475737271294],[-98.8170003474781,30.918856372075336],[-98.82006676197182,30.914604600453224],[-98.82999811444316,30.911641991433115],[-98.83521797482753,30.913067411857913],[-98.84093653943346,30.91578855822149],[-98.84365509121486,30.915791871399104],[-98.84567699140857,30.91523918569722],[-98.84803779182302,30.915241979448744],[-98.84896862073052,30.914749626684063],[-98.85008159114673,30.91424520919053],[-98.8506498501241,30.91472074415004],[-98.85200859241552,30.915092329045955],[-98.85164885846675,30.916387238076425],[-98.85080447084576,30.91876098655078],[-98.85019497290864,30.919716335667378],[-98.85208836999928,30.921322273469393],[-98.85427011821128,30.92157142988573],[-98.85537957172316,30.921233405409758],[-98.85720531489312,30.92037196733334],[-98.8586718056113,30.920373580301128],[-98.85934324867547,30.91998874683532],[-98.86002376741895,30.919388162876583],[-98.86023903250712,30.9189257847116],[-98.86102681907867,30.918402268278275],[-98.8615012651943,30.91803275700292],[-98.86178834519953,30.917431654432335],[-98.86260290965139,30.91690824157067],[-98.86260438648173,30.915875060712384],[-98.86380339573923,30.915336588544346],[-98.86487862972696,30.91382654734107],[-98.86604186806984,30.913334227369383],[-98.86658932296353,30.911931669609594],[-98.86764567705897,30.91105374754564],[-98.86793522922787,30.910100756688472],[-98.86832931924471,30.909581081098683],[-98.86833020767853,30.90893430143503],[-98.86880002657212,30.90818515995326],[-98.86929510968476,30.90762710056885],[-98.87022358141297,30.908098374582828],[-98.87160226989695,30.909643184646274],[-98.87463488437977,30.911086585769173],[-98.87586137040685,30.911808068145735],[-98.87638926897682,30.912234802810946],[-98.87731715769841,30.913147044415414],[-98.87798176188832,30.913368055166448],[-98.87994329619328,30.91257624327689],[-98.88101624486694,30.911660839365997],[-98.88131548806112,30.912695054553094],[-98.88165414034682,30.91457680532665],[-98.8816512064491,30.91695807890444],[-98.88253594279938,30.918414015518177],[-98.88115437162166,30.91997853569804],[-98.88032458701393,30.9212782182202],[-98.87969322677775,30.92170394811961],[-98.87809839285661,30.922216900359746],[-98.87725237928497,30.923891779829606],[-98.87625012712584,30.92479394702529],[-98.8762480969333,30.926372158914],[-98.87665075777625,30.92769819657743],[-98.87664872039718,30.929285652926065],[-98.87762745915374,30.93058005619787],[-98.87761700905205,30.93204995904565],[-98.87803378242812,30.93288819245509],[-98.87833778399836,30.935122627315717],[-98.87704045682797,30.93626792528429],[-98.8759831954341,30.936266913590647],[-98.87401563253529,30.941262628647014],[-98.8740091143596,30.946230740445497],[-98.8745862621667,30.948347985654237],[-98.87454738038626,30.951993190757086],[-98.87323083915027,30.95449070802801],[-98.87322606370621,30.95810653277489],[-98.8745020379223,30.960577170735277],[-98.87596638436187,30.9624894216699],[-98.87597623079571,30.964451601719254],[-98.87659377943442,30.965369170031707],[-98.87696807597229,30.966135695492444],[-98.877855377911,30.9658719628758],[-98.87836662890213,30.966137019603398],[-98.87911728630638,30.96613772209858],[-98.87911632600733,30.96690212544789],[-98.8789102964986,30.96798955073608],[-98.87890907299318,30.96895954341942],[-98.87844596810802,30.970928757605808],[-98.88045671481919,30.97266519731679],[-98.8831836137462,30.974666656203745],[-98.88608221396169,30.97587449265052],[-98.88875921866116,30.976935204044757],[-98.89049881519203,30.977377620946296],[-98.89223945197197,30.97682052767798],[-98.89362262843912,30.975616427906065],[-98.8948172584096,30.975147071012795],[-98.89522789180072,30.974059701064313],[-98.89683189931752,30.973619979185656],[-98.89775249910888,30.974149859411536],[-98.89834830133118,30.9753262525954],[-98.8999855581916,30.97573905343767],[-98.90196434104833,30.97574057150642],[-98.90288623890528,30.975035762927888],[-98.90376069852873,30.973197923424514],[-98.90421024244634,30.973170025949482],[-98.90476835764754,30.973584398892616]]]},"properties":{"objectid":618,"tnmid":"{BD67B944-2866-42FD-B41A-ADDEDF580AB8}","metasourceid":"{511D2AC8-11BA-45FC-AB98-F69D693D4C44}","sourcedatadesc":"Watershed Boundary Dataset (WBD)","sourceoriginator":"Natural Resources and Conservation Service and U.S. Geological Survey","sourcefeatureid":null,"loaddate":1723803860000,"referencegnis_ids":"1361576","areaacres":1672919.51,"areasqkm":6770.07,"states":"TX","huc8":"12090204","name":"Llano","globalid":"{1398FB20-9BAA-460C-8857-E0EF0FCA2EDD}","shape_Length":637086.7097490975,"shape_Area":9167295380.223255}},{"type":"Feature","id":619,"geometry":{"type":"Polygon","coordinates":[[[-98.25733245952757,30.81533847058583],[-98.25843178273797,30.816299960549678],[-98.25904794168295,30.817953415761103],[-98.26469446769129,30.81967886592665],[-98.26699144729636,30.820571794448767],[-98.2670648297736,30.820600355897156],[-98.26969541672575,30.820780386249368],[-98.27212246609575,30.82006897409307],[-98.27360695995054,30.819821389743613],[-98.27381172912293,30.818884148239274],[-98.27466527327161,30.81709742525689],[-98.27507028859891,30.815820106684228],[-98.2748336328272,30.814421906312305],[-98.27509102530894,30.813058399774892],[-98.27569681410225,30.811355645467305],[-98.27565712653299,30.810054498038465],[-98.2762562085044,30.809242114953765],[-98.27629563556222,30.807280361460535],[-98.27647840319666,30.805959111168026],[-98.27709210614763,30.804853505128158],[-98.27732095106794,30.803980409143964],[-98.27776524972263,30.80238335798395],[-98.27755926512967,30.80020153355634],[-98.27725890982117,30.799069569727774],[-98.27668491869396,30.798191910241293],[-98.27695058915103,30.797351032136273],[-98.27668273938109,30.796832242257974],[-98.27653994677678,30.7961064567539],[-98.27590146200207,30.795590971318422],[-98.27528786415398,30.795054451622942],[-98.27566236011783,30.794523369141743],[-98.27628402393886,30.79398299287929],[-98.28007620082532,30.79234055835264],[-98.28104040034901,30.79221795016975],[-98.28084522877714,30.791897012083336],[-98.28088057748357,30.79046831586919],[-98.28111585973119,30.78872079199003],[-98.28086783667788,30.787904778241515],[-98.2798953744502,30.786751948082763],[-98.28039617174639,30.785848344788935],[-98.28025575069442,30.78480255181509],[-98.28102513348075,30.784316240934764],[-98.280913071344,30.78278010726463],[-98.28082483971512,30.781350726870635],[-98.28053574568702,30.78036804548235],[-98.27992475924148,30.779490278566286],[-98.27985610908914,30.77876482368848],[-98.28006151606539,30.77772086465945],[-98.28090639596314,30.777032488435314],[-98.27839191985474,30.77637872203573],[-98.27625260087022,30.77508712241514],[-98.27574229490676,30.7739753201607],[-98.27510667935108,30.773097311218525],[-98.27298971763736,30.77214714728935],[-98.27245209031287,30.77137629183919],[-98.27142298032336,30.770648379174826],[-98.27020131555442,30.76981922634761],[-98.26854691434679,30.769874770076463],[-98.26705102895589,30.76884928724253],[-98.26541160086744,30.76693574565706],[-98.2644423671849,30.765869860859496],[-98.26301882941205,30.765234250794247],[-98.26369746079509,30.76166750679187],[-98.26272813278946,30.760623288158662],[-98.2622087754012,30.758088451523733],[-98.26515616761134,30.756027834307073],[-98.26747768918999,30.75313511195574],[-98.26933344687022,30.752644407389813],[-98.27623421954289,30.751147487948067],[-98.2768811808206,30.75048995584385],[-98.27745448832988,30.749768073739553],[-98.2777801114507,30.749151342996434],[-98.27834085781735,30.74679783471822],[-98.27896449972862,30.745948262631913],[-98.2798099159206,30.745163856238797],[-98.28082537600935,30.74474293001707],[-98.28572186265437,30.743724954964392],[-98.28644903809708,30.742225447079772],[-98.2870544684626,30.740479929265874],[-98.28901323415984,30.739360290401088],[-98.2920044569693,30.73886480502874],[-98.3010143095374,30.73573598065825],[-98.30192009521139,30.736807134452306],[-98.30298348042056,30.736567602094393],[-98.30482300284866,30.734828702478634],[-98.30632877240262,30.734879358677563],[-98.30749564622747,30.73396860935611],[-98.3071106282967,30.732643424837786],[-98.30710520606564,30.730410596544022],[-98.3081601758572,30.72925365770027],[-98.30884618151045,30.72890670005504],[-98.30885342282994,30.7278917939552],[-98.30845272211096,30.727170040584998],[-98.30726466062183,30.726582627912897],[-98.30713088350971,30.724577223160416],[-98.30546203829064,30.723203248061832],[-98.3045828705968,30.72187625520754],[-98.30617945084286,30.719538821791733],[-98.30564927145036,30.7177445346727],[-98.30437086908806,30.717012522793055],[-98.30289968467254,30.71563974584112],[-98.30147692484071,30.714395088432774],[-98.30026814191292,30.71341815702423],[-98.29927182851614,30.712122421286864],[-98.30016715780026,30.711188926584953],[-98.30112618841781,30.70905152371615],[-98.30128087741143,30.70844641114534],[-98.30167948595412,30.70806375148997],[-98.30184774220348,30.70811346944134],[-98.30373313620323,30.708740965989318],[-98.30575074424655,30.706782442644585],[-98.3074084036437,30.706471858303622],[-98.30792979930933,30.7049980008257],[-98.30758218093878,30.704563363195923],[-98.30766655610014,30.703286892467855],[-98.30710123910535,30.70179085618756],[-98.30705812715823,30.70081675855413],[-98.30776632928384,30.69982516273124],[-98.30841775788346,30.699785278824674],[-98.30912696252892,30.698663783896418],[-98.31031109029541,30.69765302572998],[-98.3118785157189,30.69566134686196],[-98.31399008933755,30.697208052972254],[-98.31488152352658,30.696786278526073],[-98.31720254654024,30.696627858595527],[-98.31974043723655,30.693937348091016],[-98.32107782477702,30.69302248486803],[-98.32207821113529,30.692651219881068],[-98.32275859782642,30.692647375261696],[-98.32388338827515,30.692335979895727],[-98.3243446408342,30.6908235932339],[-98.32435781103457,30.68979786842988],[-98.3278750450536,30.687939205280536],[-98.32822517062212,30.68725860715725],[-98.32769252715083,30.685784334950085],[-98.32725250986678,30.685184846553433],[-98.32779710811788,30.68493182644845],[-98.33145039468164,30.68477995133696],[-98.33277757915712,30.68555463149627],[-98.3352889255351,30.686377873480907],[-98.3364521944207,30.685882645030738],[-98.3402469359973,30.6866910865043],[-98.34271472666038,30.686682257316285],[-98.3438586772758,30.685387080305205],[-98.34575138176537,30.68281604600418],[-98.3448298306581,30.68042271834867],[-98.34503531938103,30.679229418516268],[-98.34532873071238,30.678719632599805],[-98.34644799203052,30.67769342226764],[-98.34644904126277,30.676526898153607],[-98.34537233313964,30.67526697463121],[-98.34693695312451,30.67457135009239],[-98.34772551494216,30.673291490333863],[-98.34774355580802,30.670606642086327],[-98.34849198089876,30.670246924798516],[-98.34882071219047,30.66976789590093],[-98.34906555790263,30.669651914107835],[-98.34969849917371,30.66943713644797],[-98.35032161377391,30.669441262468155],[-98.35140150732305,30.669206357968964],[-98.35262601256493,30.66863793692554],[-98.35375396957501,30.667751092323158],[-98.3535854034069,30.667141949375043],[-98.35357679395322,30.666391525311877],[-98.35332686467487,30.6652296268482],[-98.35332331812613,30.664754728658163],[-98.35298929755403,30.663991002458637],[-98.35265301592237,30.66356721450094],[-98.35228680422208,30.66356538781469],[-98.3521163668632,30.66268518606691],[-98.35265646275812,30.66102301894953],[-98.35330463945644,30.660422475858283],[-98.35352384545374,30.660095133916474],[-98.35368321826323,30.659586008178522],[-98.35295754300704,30.658574074387268],[-98.35265232062633,30.65757599018666],[-98.35140675617924,30.65623907128842],[-98.35141074919069,30.655641116628985],[-98.35142194399575,30.653964551912484],[-98.35262519060645,30.651467422556014],[-98.35242867425657,30.65043459264582],[-98.35418015010875,30.649089152732564],[-98.35419573228566,30.64674439445905],[-98.35534999286558,30.64548385462671],[-98.35567589087087,30.645415143203063],[-98.35600223803381,30.645277792084986],[-98.35638745539059,30.644952609237084],[-98.35635789542785,30.64480878630667],[-98.35605957929504,30.64480731169006],[-98.35588284384772,30.644876843549266],[-98.35555011056144,30.644951399713218],[-98.35506942474784,30.644843487708243],[-98.35494839023804,30.644690475301008],[-98.35461616449987,30.644688826788855],[-98.35425226146987,30.645066537818472],[-98.35405025102371,30.645166693954852],[-98.3537710788879,30.645106744964377],[-98.35343366178574,30.64511086506752],[-98.35254271358525,30.64399551250196],[-98.35171077571579,30.642689977060698],[-98.35103334538024,30.641590302385186],[-98.35133603271524,30.640935275772726],[-98.3509269713759,30.64024737654134],[-98.35093338804195,30.63928596681384],[-98.350645300127,30.63877452097664],[-98.3506543057377,30.63742621053295],[-98.35079214053995,30.637098629963894],[-98.35149227130272,30.636814858385957],[-98.35195768485815,30.636160644246765],[-98.35136876642588,30.635403706539453],[-98.35059756814437,30.635417756951096],[-98.34993266481547,30.63483738390041],[-98.34929658033919,30.63467002534119],[-98.34789246234614,30.633771954311236],[-98.34683482994807,30.63277596079258],[-98.3462017431499,30.63215136549237],[-98.34576032539233,30.63125802561105],[-98.34511711637754,30.631143460071577],[-98.3445115494681,30.630460347810704],[-98.3437888117029,30.62907322275338],[-98.34353347097327,30.62874366751812],[-98.34353655758459,30.62828635965148],[-98.34320624885125,30.628009189105786],[-98.34262528949237,30.627701425659875],[-98.34215850061624,30.627564214038443],[-98.34171364949765,30.62718681189271],[-98.34088573069077,30.625330134637558],[-98.33948691545285,30.624684064693525],[-98.33988802310868,30.623501998371157],[-98.3395285074505,30.622550406029518],[-98.33741879424281,30.621789290233455],[-98.33821398203399,30.61948949714911],[-98.3380281493478,30.61890234076763],[-98.33824437293839,30.618006439538785],[-98.33858848967596,30.61724612448801],[-98.33819243684023,30.615673009012195],[-98.33770920250618,30.6149788095671],[-98.33793200356126,30.614100585418182],[-98.3383718088429,30.613223462719727],[-98.33666046073448,30.611725737283777],[-98.33776814097197,30.61030101367712],[-98.33896276914582,30.60822623519502],[-98.33841818347112,30.60740250080094],[-98.33843249363359,30.606282831511848],[-98.33805437296758,30.60507915985193],[-98.33839939700358,30.60417811276028],[-98.33791151568457,30.60296094513259],[-98.33904197360441,30.602369975626047],[-98.3392923277859,30.60143324229366],[-98.34255903694354,30.601402907086957],[-98.34379650846824,30.599785284455383],[-98.3438213325128,30.59709649100693],[-98.3445197196456,30.59504049203121],[-98.34551915917957,30.594558960317787],[-98.34628465854894,30.59373915002873],[-98.34575772117631,30.593340764793183],[-98.34576260711314,30.592613840288024],[-98.34552918527645,30.592055693772803],[-98.34553328069585,30.59144614141784],[-98.34690787286212,30.59058536204104],[-98.34691651824843,30.589295768552645],[-98.3473667233261,30.58885246455652],[-98.34678545135353,30.587624355302868],[-98.34705272171011,30.58717425313905],[-98.34706034571194,30.586036984971482],[-98.34668429027276,30.585519206479674],[-98.34638162719229,30.584181080134684],[-98.34614665576173,30.582843295702265],[-98.3461446444338,30.58113152434511],[-98.34578299617515,30.580496608573675],[-98.34484044964307,30.579600741915637],[-98.34352606256714,30.57857998568018],[-98.34353356529637,30.57746615504887],[-98.34311942308577,30.576584702948903],[-98.34363294142467,30.57479344361181],[-98.3433542633623,30.573912673355807],[-98.34334613810054,30.573115356205594],[-98.3439406206977,30.572362163347762],[-98.34434142292633,30.572194125243886],[-98.34525984520145,30.570627635314874],[-98.34526312315393,30.568130288958066],[-98.34508980669457,30.56769561685735],[-98.34413879623588,30.568077746220656],[-98.34392292837818,30.567936006531625],[-98.3437186371095,30.567084935982233],[-98.34301082395446,30.565568899679445],[-98.3416696302521,30.564536226171626],[-98.34005337151144,30.563121026872718],[-98.3387399959385,30.556994087088018],[-98.33845432359333,30.55634214415776],[-98.33844648309753,30.556324288707344],[-98.3377760299768,30.55466222058393],[-98.33774041806397,30.554573650352975],[-98.3371544910216,30.554020245097107],[-98.33535462023013,30.553185811564536],[-98.33517709157043,30.5528244533445],[-98.33518854239534,30.552184438380028],[-98.3343603900265,30.550924763373807],[-98.33314383667151,30.549680485607446],[-98.33314787819197,30.549089667867904],[-98.3330384948314,30.548447015734254],[-98.33324252019874,30.547912339248136],[-98.33324623383413,30.547368743646146],[-98.33341258835001,30.546975700988863],[-98.33355575285684,30.546680931877265],[-98.33387603100172,30.546406894788127],[-98.33400366363729,30.545741764279605],[-98.33455989237638,30.54558706502065],[-98.334662338048,30.545240917186224],[-98.33502859915563,30.544927708112954],[-98.33562024756807,30.544930725374805],[-98.33660933132344,30.54470336514828],[-98.3379654541275,30.544718163690426],[-98.33892265757174,30.544510281411476],[-98.33982366510678,30.54451485219596],[-98.34032243939693,30.54480095208447],[-98.34055179276369,30.54520785119153],[-98.34088576842001,30.545619231903235],[-98.34182406861575,30.546860855524663],[-98.34183023465185,30.54594698566474],[-98.34144859438655,30.54516121991917],[-98.34204831775507,30.54396677816927],[-98.34204686517927,30.54350582928247],[-98.34183472802492,30.542575144499864],[-98.34237179390234,30.541888460068296],[-98.34340581138824,30.54066007338318],[-98.3437292039922,30.539685455484356],[-98.34373826260354,30.53833829905094],[-98.34403221382239,30.537554262886857],[-98.3449546910927,30.5367806130254],[-98.34571737065039,30.536370808859957],[-98.34491504574426,30.535224416989273],[-98.3451400952825,30.534232917974922],[-98.34538047816433,30.53367479453109],[-98.34582905729134,30.533290968288313],[-98.34610530451258,30.532811750706824],[-98.34642174415623,30.5317655894427],[-98.34818104433452,30.531348917072265],[-98.34911532187442,30.531121186138694],[-98.3495273701121,30.53075295751841],[-98.34954104157241,30.52938616167324],[-98.34936341409801,30.528018410311624],[-98.34873789111454,30.526313508068597],[-98.34961721152197,30.52476988525961],[-98.35053394586268,30.52445534187929],[-98.35241204015244,30.52325536255559],[-98.3524220348083,30.52037195203429],[-98.35184221900481,30.51723345825555],[-98.35021669773523,30.514400797906852],[-98.3475153172505,30.5124769802666],[-98.34554065227107,30.51145536950164],[-98.345825175671,30.510774708389988],[-98.3465368102593,30.510478909222194],[-98.34723429638186,30.509584209628635],[-98.34896686359562,30.50781757400112],[-98.35128742218028,30.506224662372396],[-98.35332925419353,30.505667576946042],[-98.3539384377203,30.504346997930323],[-98.35393008518477,30.502865899201282],[-98.35324553390399,30.501822478303723],[-98.35285312463505,30.500623047781172],[-98.35331891817786,30.4992662194622],[-98.35677516467393,30.49810591326675],[-98.35735311018503,30.49702126557139],[-98.3590180171899,30.49562713047228],[-98.36081181087847,30.493997254325805],[-98.36098552079991,30.493590763892605],[-98.36110740331935,30.493305349990987],[-98.36111522944209,30.492107902137413],[-98.36181449602556,30.490913842433105],[-98.36180923279632,30.490322885640882],[-98.36190322172786,30.48985063905364],[-98.3609794724431,30.4892158594068],[-98.36018558990402,30.488203532025494],[-98.35986930836384,30.486484481195532],[-98.35929342538465,30.485520518591866],[-98.35903321309124,30.484975616362135],[-98.35928178591351,30.48452782128995],[-98.3592855058371,30.48396052298878],[-98.35964209388577,30.482276365829872],[-98.35898504542571,30.47983077124123],[-98.3594618765684,30.477855647839412],[-98.35946611122665,30.475830979266526],[-98.35856942548648,30.473856917470886],[-98.35797559596453,30.472877064939357],[-98.35710726824121,30.472132216069195],[-98.35805764898089,30.471459424070588],[-98.35891477740755,30.46973823636013],[-98.35890817209527,30.46880689873665],[-98.35968810289968,30.468308190178533],[-98.36011788388105,30.467955720879555],[-98.36052261174748,30.467264435892663],[-98.36130672870111,30.466968906287118],[-98.36169064350071,30.466671413760068],[-98.36198429558057,30.466263156885624],[-98.36258746129324,30.465824903221655],[-98.36311655102928,30.465575418515307],[-98.36407507230206,30.465036467363444],[-98.3651845653398,30.465041869603557],[-98.36649864519194,30.464354904651163],[-98.36721466535545,30.463318430616663],[-98.36752946018383,30.462484940436497],[-98.36879846167668,30.461711102885307],[-98.36932919802463,30.45979921115306],[-98.36982389755666,30.459234196323415],[-98.37022578674677,30.4589683553703],[-98.36982785194053,30.458619840144866],[-98.36984026396281,30.45810778155607],[-98.370046220708,30.457210659113112],[-98.36964829847817,30.456846346122628],[-98.3690500887709,30.456543997643372],[-98.36865846552784,30.455218574315136],[-98.36866893000258,30.453595639993672],[-98.3684484142616,30.45345627329386],[-98.36650530709807,30.453791093456925],[-98.36491024500486,30.45430864958354],[-98.36235120257689,30.455456186593928],[-98.36158360653965,30.455717104413512],[-98.3609441443979,30.45555861773063],[-98.36027474589932,30.456212056728063],[-98.35969032982328,30.45671257107156],[-98.35928261865178,30.45725772439398],[-98.357809704081,30.456897169536116],[-98.3531429031794,30.457347833668095],[-98.35307000130084,30.456873751416364],[-98.35246333754844,30.45562771069558],[-98.35146748139414,30.45473498012771],[-98.35016641184227,30.454284531578185],[-98.34944825279007,30.454414130649347],[-98.34925723951963,30.45278700277267],[-98.3474416652787,30.45228547471812],[-98.34547370173127,30.451892644727074],[-98.345427660378,30.451235775589975],[-98.34460135764031,30.45013723622282],[-98.34367622764496,30.44870999612325],[-98.34287174768048,30.448136944267205],[-98.34292579661619,30.447611905337],[-98.34176281788642,30.44775938557929],[-98.33994376267374,30.447793891851834],[-98.33817951996477,30.447193938502714],[-98.33717171262393,30.446794925014938],[-98.33636655083814,30.446331229346296],[-98.33556760808905,30.44493734572364],[-98.33172616938903,30.445202231333877],[-98.33064604227792,30.444310257169953],[-98.32670441986417,30.444465083478132],[-98.32627711733464,30.444145525289066],[-98.32524405116465,30.44377906079416],[-98.32410925348367,30.44349952388282],[-98.32311846023431,30.444315204403832],[-98.32023774996773,30.44445348909369],[-98.31979196280462,30.443181753095004],[-98.31924231422498,30.442303371814653],[-98.31831518727475,30.441226151626637],[-98.31643036729842,30.439848321502808],[-98.31476378313893,30.439773960864763],[-98.31300045311828,30.43908620901828],[-98.31195231950602,30.43861637979875],[-98.3091955165615,30.437774782215968],[-98.30914036539296,30.437620225656097],[-98.30889827211881,30.436941553759944],[-98.30860143730793,30.436064469353067],[-98.30730561930721,30.433562545417423],[-98.30676172443697,30.431907270674223],[-98.30518289400264,30.430169776728686],[-98.30382646756802,30.42911201235852],[-98.30340165876173,30.42847504059234],[-98.30244320665922,30.428272973314872],[-98.30185933226728,30.428707525265708],[-98.30116995613508,30.429754456971356],[-98.29869815000268,30.429281596025447],[-98.29653479030452,30.428066163600725],[-98.29612905183342,30.42830470107785],[-98.2941427401963,30.43057023001188],[-98.29283064562095,30.430398948408723],[-98.29199610084054,30.430547598723454],[-98.291003740031,30.43154905415834],[-98.29036427249937,30.432661731718234],[-98.29025762989875,30.433449115107813],[-98.28636762468119,30.43349352588431],[-98.28469167199161,30.434720994316073],[-98.28428194589893,30.435484691521715],[-98.28372194154069,30.436072636696977],[-98.28321572740337,30.4362121072526],[-98.28255717875679,30.43647114183675],[-98.28168996135118,30.437615377994316],[-98.28049730767432,30.438374838453612],[-98.27869783573485,30.43919656111183],[-98.27808986673033,30.437969245827883],[-98.2766649850778,30.43667396742251],[-98.27521092165328,30.43595994665352],[-98.27394603354611,30.436204646284274],[-98.26915731958236,30.43482096021815],[-98.26423733750107,30.438747403874398],[-98.26311410293444,30.438921881893652],[-98.25962329735107,30.438246586607384],[-98.25889738853289,30.437632043912163],[-98.25803696778073,30.43755943507695],[-98.2571991315731,30.437961503847625],[-98.2567213356398,30.437314502619333],[-98.25555307661278,30.436561896140038],[-98.25351083047619,30.43752228177465],[-98.25313936902137,30.438334077043713],[-98.25356307918807,30.440936058146228],[-98.25355825523499,30.441569054446195],[-98.24989542676627,30.442904419383126],[-98.24911755310389,30.442266924316524],[-98.24846535015645,30.442263169668184],[-98.24676650569847,30.443246263026314],[-98.24614509789731,30.444130197975035],[-98.24403282898265,30.445737669340534],[-98.24332491970783,30.445585770140987],[-98.24201308833887,30.445304413807307],[-98.24048598200027,30.44409738492213],[-98.23961891640994,30.443626349228975],[-98.2383912167589,30.443441651278565],[-98.23783703707697,30.4455462717721],[-98.23700924223759,30.446606577715038],[-98.23460557152286,30.447801659381916],[-98.23426718334186,30.448277505768697],[-98.23196722402498,30.447874885553702],[-98.23044915114488,30.44877564234526],[-98.22704724014707,30.45150682070075],[-98.22551135636982,30.45140898989367],[-98.22474146513704,30.449995459252815],[-98.22330775843518,30.449942569978848],[-98.22256239120962,30.450270938213123],[-98.22084926803021,30.44992791266895],[-98.21979738305332,30.450165709767166],[-98.21731515287034,30.44992885822699],[-98.21480324594366,30.45020229680356],[-98.21387287248199,30.44965307550356],[-98.2127225752691,30.449379959866864],[-98.21185105403495,30.449485607345963],[-98.2103436037331,30.449055044091654],[-98.20898314206622,30.44944607183649],[-98.20852983959743,30.448489261461525],[-98.2074827884551,30.448127831583996],[-98.20562634446199,30.448105449863853],[-98.20539988456875,30.447593809201532],[-98.20443866835012,30.44669665269495],[-98.20344120241482,30.446490850101227],[-98.20266880398408,30.446489914577594],[-98.20193307118997,30.445642260633665],[-98.20116849798367,30.445193863397584],[-98.20042627037006,30.44514495839093],[-98.19847864647728,30.445310463806848],[-98.19748014478448,30.44528214141074],[-98.19555743836105,30.447100794120978],[-98.19476189663365,30.447295607762097],[-98.19341382453116,30.44617786040518],[-98.19199418724328,30.445980535331127],[-98.19193412318843,30.44550308856385],[-98.18961945665372,30.44360279548714],[-98.18790546839668,30.443392423215588],[-98.18657391900723,30.443384127149173],[-98.18609407042348,30.442582428111294],[-98.1844386954421,30.441484860001086],[-98.18200946675921,30.44107030250376],[-98.18017840646107,30.439550042930012],[-98.17940777681312,30.438313785013232],[-98.17907974081746,30.437734829143327],[-98.1774663207531,30.43776903535648],[-98.17514279323643,30.440017485314787],[-98.17174803103164,30.441748832589084],[-98.17148350233329,30.442745575744635],[-98.16922465082214,30.44187705969225],[-98.16742857092117,30.442287145047224],[-98.16665418272207,30.44301436443195],[-98.16616638225143,30.44316660298228],[-98.16526479081148,30.442284412704705],[-98.16503808477985,30.441839163762648],[-98.16476851204119,30.440439665154635],[-98.16416578380804,30.439037946105746],[-98.16396412100991,30.43865948318562],[-98.16282215836621,30.4374540232911],[-98.1612833478778,30.437732589261355],[-98.15831744138966,30.437225329799002],[-98.15809478047176,30.43631419846069],[-98.15715434408229,30.435623944501817],[-98.15615948415962,30.43512927025848],[-98.15407054449288,30.43679843704661],[-98.15278079191697,30.43787738683619],[-98.15127033495384,30.437845394207176],[-98.14978778954492,30.437547299262498],[-98.1483959048094,30.43712769842475],[-98.14750086029123,30.436988766692437],[-98.14700977827486,30.437518082374034],[-98.14669633181774,30.438226011089586],[-98.14179068595006,30.438449016601236],[-98.14052963814073,30.43771956510577],[-98.13958831421576,30.438478877597884],[-98.13891263559503,30.439606014910552],[-98.13859551502838,30.440735430122917],[-98.13804056549024,30.441231019245432],[-98.13611444097718,30.44040840525788],[-98.13416938087623,30.440284608626154],[-98.13154222369184,30.439113379211346],[-98.13057108468257,30.438907197368117],[-98.12891195204837,30.43975037211451],[-98.12762890090447,30.440052508589947],[-98.12686808265605,30.439226371537202],[-98.12648666966452,30.439257031577313],[-98.1222811419832,30.439595037220712],[-98.11952197557119,30.438888658926068],[-98.11925961810088,30.439596863479625],[-98.11838340855927,30.440212195388714],[-98.11701953329431,30.4409573123147],[-98.116304482413,30.44216169807245],[-98.11537282795373,30.44324260987071],[-98.11326953500539,30.443627683628453],[-98.11049864198564,30.444207894754555],[-98.11128576200726,30.444945492963036],[-98.11171269263426,30.445880271866635],[-98.11184959498524,30.447722765874246],[-98.1123613831689,30.447770610167417],[-98.11281846215513,30.44819533372418],[-98.11301351604773,30.449283802765247],[-98.11285865188263,30.45082477458688],[-98.1105884824972,30.452650878841006],[-98.11001538160046,30.453712011201784],[-98.10943541128673,30.455527430826688],[-98.10804443205302,30.456405520255284],[-98.10644215109818,30.456183413041675],[-98.10538815597869,30.457019586074125],[-98.10463910116893,30.45723642964155],[-98.10390172086458,30.457120291077352],[-98.10285284704052,30.457002175442327],[-98.1016920098944,30.457903876984386],[-98.09938139476162,30.458509189461314],[-98.09873766202904,30.4588819125539],[-98.09792124614937,30.458543466593444],[-98.09708179566918,30.457916410603215],[-98.09588177670533,30.457508752005253],[-98.09363959163763,30.456250705945045],[-98.09164029844635,30.45643643275439],[-98.08995201727778,30.454838284741736],[-98.08821206770902,30.45467078290367],[-98.08592846401852,30.455353260527385],[-98.08371025318914,30.454205782706417],[-98.0824678544051,30.454109085202965],[-98.07918156287258,30.454973516638038],[-98.07866964263656,30.454947723054268],[-98.07671196659575,30.453425136826542],[-98.07611366885361,30.451690257361722],[-98.07477887025776,30.449306730953694],[-98.0733950344272,30.446701027497788],[-98.07082275262857,30.44385378237421],[-98.07155169326082,30.44259430075337],[-98.07139563703134,30.440152490712215],[-98.06829758566997,30.437423619047582],[-98.06774312391704,30.436487792459793],[-98.06809327912995,30.4346709238043],[-98.06799191323329,30.433216903532415],[-98.06723060180978,30.43250149501622],[-98.065575926616,30.432060485465026],[-98.06558057270264,30.431003125007337],[-98.06529590018236,30.429824129791307],[-98.06477898441506,30.427683546580727],[-98.06461996464347,30.42702460882753],[-98.06290219088582,30.424593855400776],[-98.06237005047106,30.424013235540702],[-98.06190761932238,30.42284505795737],[-98.06052584153211,30.422768575816278],[-98.05915731658726,30.423978947815773],[-98.05903649407986,30.42322374336704],[-98.05787298893733,30.421750962729007],[-98.0567815978509,30.420766852475143],[-98.05559460086539,30.419071986303294],[-98.05509463720581,30.417825879216522],[-98.05754273410292,30.416157371618183],[-98.05759967202057,30.41555863511247],[-98.05755680261858,30.414693083415415],[-98.05697633733313,30.41382357075085],[-98.05662735711661,30.412844816674234],[-98.05594668655785,30.411752674719065],[-98.05671864930568,30.410488791060498],[-98.0580323060513,30.409160669274925],[-98.05694510560564,30.407755062430986],[-98.0568068306289,30.40615658528965],[-98.05668997957338,30.405001972464575],[-98.0551392825771,30.40388135953875],[-98.05388340008066,30.402729591945914],[-98.05512792697358,30.401074575144705],[-98.05495650775613,30.40027455374366],[-98.05544809821896,30.399723407926444],[-98.05576837636384,30.398350141130415],[-98.05667112034232,30.39764660614549],[-98.05652454223738,30.396913392291037],[-98.05579185383378,30.395909683831036],[-98.05551723795313,30.395197641265288],[-98.05525574286548,30.39445250650711],[-98.05584591804084,30.392959108855095],[-98.05697461526273,30.3927009157247],[-98.05771486209115,30.392906058478705],[-98.0588408419093,30.390251648623487],[-98.05882546724321,30.389186493073865],[-98.05995911148737,30.38839595672872],[-98.06150871523394,30.388262834800596],[-98.06222983603162,30.386459719659285],[-98.06347443209485,30.384760256945192],[-98.06312632863403,30.38369271284],[-98.06300857836492,30.382626909227717],[-98.06232285478268,30.3820672842902],[-98.06156185507456,30.381373942842906],[-98.06061719031504,30.379802939041898],[-98.06065369155999,30.378671609683177],[-98.06040277323652,30.37813736680559],[-98.06017678675545,30.37769194376005],[-98.05950140457875,30.376067416708427],[-98.05944532185724,30.37523495571386],[-98.0606125379402,30.373601499142048],[-98.06132544454293,30.371299076307082],[-98.06162620050006,30.369282132998677],[-98.0630486674811,30.36769484915834],[-98.0632850115374,30.367053110732954],[-98.0633448375387,30.366143844972783],[-98.06304826323922,30.365054488143038],[-98.06552853150161,30.365227598869122],[-98.0669145619164,30.364771522319842],[-98.06759156824714,30.36353385151933],[-98.06854433042062,30.36289729603351],[-98.06930021601983,30.362780597943537],[-98.06903200872038,30.36138083319558],[-98.0690175683022,30.360204767503276],[-98.06902428949715,30.359494839015152],[-98.06890460515521,30.358628653333426],[-98.06845265554925,30.357715736609116],[-98.06419249143406,30.352371309735563],[-98.06730348033216,30.350751685320706],[-98.06718645680009,30.34959707288544],[-98.06722571048306,30.34815512737619],[-98.06821678580343,30.34750766982942],[-98.07082752897092,30.347370980448982],[-98.07225709803262,30.34769175544419],[-98.07412622264427,30.347527472183838],[-98.0752443493902,30.348311996163982],[-98.07530936316228,30.346848046182505],[-98.07583031146689,30.345853219507912],[-98.07510050036713,30.344561188484494],[-98.07503347526716,30.343540106979813],[-98.0746063694687,30.342716114863833],[-98.07645430731438,30.342063561933415],[-98.07776823445292,30.341074408942585],[-98.07737749605042,30.340461488302836],[-98.07746752520819,30.339042076199625],[-98.07678981639492,30.33766161414607],[-98.0758777191577,30.336723287929967],[-98.0768798527392,30.336242285497892],[-98.07717037868186,30.335268006395992],[-98.07709720730873,30.334890317491613],[-98.0798884390848,30.33319040205065],[-98.07923422211452,30.332032098041694],[-98.0784209952541,30.331471659457527],[-98.07845009797437,30.331094691722104],[-98.079866962163,30.330017426474406],[-98.08015930809243,30.328843518543948],[-98.08172477249366,30.328277628640986],[-98.08247369345446,30.327506356688936],[-98.08245805288705,30.326441188409337],[-98.08190518025386,30.325394515030492],[-98.0825032668919,30.324333652892463],[-98.08293410968197,30.323393700084324],[-98.08455452402913,30.322406621947906],[-98.08461813283608,30.321075742413925],[-98.08549480950164,30.32030534428252],[-98.08575922321563,30.319375305699364],[-98.08612610416081,30.318423719233976],[-98.0871560307189,30.31767656409794],[-98.08800532583628,30.317441680388384],[-98.0889653778383,30.316990368946954],[-98.08910459245283,30.315770918584292],[-98.09029134150332,30.31464756831988],[-98.09013463489359,30.312227989481375],[-98.09106609801168,30.311058497412958],[-98.09048612320638,30.310166944707948],[-98.09046898155412,30.30787025195724],[-98.09101828877394,30.306542906928744],[-98.09046001277432,30.306072960711322],[-98.09049888826655,30.304631159155313],[-98.08995842406237,30.303617879305104],[-98.08940365418732,30.302770856304793],[-98.08928209416307,30.302104304729234],[-98.08924728803908,30.301113525852195],[-98.08924163314437,30.30095031543645],[-98.08694308957237,30.300645937790687],[-98.08728226827083,30.299915966318913],[-98.08589000714122,30.298397462186053],[-98.08551576450226,30.29739641617322],[-98.08416231598282,30.295656433912256],[-98.08563900078285,30.29513405811426],[-98.08657871133356,30.294441724142967],[-98.0883019684077,30.293344313196993],[-98.09078254030067,30.29329502114458],[-98.09213860651084,30.29319352670697],[-98.09375788898078,30.292332392789554],[-98.0949392283766,30.291704135531074],[-98.09785019210534,30.292123590544612],[-98.09823855266728,30.291593651007904],[-98.09873735929678,30.291563897158113],[-98.09994976333347,30.290396264542228],[-98.10036710713975,30.28948933991219],[-98.10030156875156,30.288268633664472],[-98.10053726063096,30.287648993216987],[-98.10065152903005,30.28634071133326],[-98.10134724547152,30.28574640982537],[-98.10505247082838,30.285949331781584],[-98.10542234406178,30.2874606509673],[-98.10557065950844,30.288016296913458],[-98.10681214829908,30.289267296080457],[-98.10822087105629,30.288988454298565],[-98.11015859910788,30.28957853971627],[-98.11123285483029,30.289541475208228],[-98.111798442218,30.289190320044195],[-98.1109426621626,30.287697899481692],[-98.11182742725896,30.28597312753662],[-98.11324227562808,30.28500654639834],[-98.11467677374571,30.284705623206335],[-98.11671857970784,30.28509659348547],[-98.11695912787967,30.28392232277621],[-98.11707566003327,30.282325502779344],[-98.11775777777795,30.28180874142321],[-98.11919043165433,30.2817073933533],[-98.12088439197211,30.280964342933633],[-98.1209737168507,30.27954496026385],[-98.12040057373312,30.27787695596465],[-98.11834504959832,30.276176878546178],[-98.11850017517315,30.274547043134188],[-98.12207233488363,30.272440983132725],[-98.12252352990473,30.273442535174414],[-98.12339346830736,30.273359549695797],[-98.12398920046105,30.272476004386807],[-98.12448339783484,30.271525145865617],[-98.12564090133294,30.27071197850098],[-98.1270574735691,30.270954424460538],[-98.1284556887324,30.27075536462405],[-98.12949937927726,30.27129501060956],[-98.13039465017087,30.271256511669982],[-98.13115882722015,30.271594566802303],[-98.13174983693041,30.272228240829136],[-98.13285287197957,30.27179174045942],[-98.13367141417152,30.27085652073634],[-98.13567162633935,30.27020385933144],[-98.13759234119776,30.269883624324915],[-98.13727345993316,30.267616264495995],[-98.13840652386564,30.266669640901345],[-98.14058471474912,30.266040507074703],[-98.14163769117908,30.26547051181369],[-98.14126733914362,30.263959196908147],[-98.14117410749186,30.262938040579364],[-98.14319436107367,30.262818098866127],[-98.1439128021969,30.262512161291458],[-98.14422462270338,30.261915116212126],[-98.14373300079951,30.26112426818752],[-98.14365396791912,30.25993667368325],[-98.14413060951729,30.259484886547146],[-98.14553737215054,30.259383160830374],[-98.14634471504586,30.257657717467207],[-98.14743845163349,30.255312863207056],[-98.14827773502704,30.254308783594883],[-98.14801827013197,30.253275290639277],[-98.14835854926663,30.252345599544746],[-98.14987989560763,30.252018549058228],[-98.15162430531176,30.253010328080023],[-98.15332133786784,30.251823135197856],[-98.1571035111153,30.251869709640665],[-98.1571794115703,30.24894139288271],[-98.1579558982339,30.246294858929126],[-98.1572341315475,30.24402696147414],[-98.15714065106239,30.243005722867014],[-98.15791539140109,30.242056621585306],[-98.15916036834999,30.24141007120424],[-98.15901922415424,30.236971461125147],[-98.15913453459903,30.23544120447262],[-98.1601779421746,30.232940631110594],[-98.15961092287232,30.231993997778318],[-98.15972904594229,30.230130856563267],[-98.16198641253828,30.229102493556617],[-98.1638981460405,30.229979309365856],[-98.1651564710562,30.229299261202662],[-98.16765319196303,30.22978206496847],[-98.16864521770096,30.228800997760946],[-98.16891437182468,30.227182893575442],[-98.1706388964217,30.22568499988779],[-98.17185168763228,30.22427266643199],[-98.17304646851973,30.223470303909437],[-98.17422735246973,30.222812112313186],[-98.17573285971562,30.2230434951937],[-98.17769703237258,30.223433019618643],[-98.18093936215173,30.223741776183925],[-98.18181268001644,30.2231925047882],[-98.18288811792175,30.22291075785198],[-98.18411177335739,30.223251200089187],[-98.18594105499126,30.224505124791484],[-98.18744844241105,30.22451447642372],[-98.18851532206666,30.225275542463127],[-98.18846303742218,30.22386621789948],[-98.18956955074812,30.222896787614157],[-98.19001387635227,30.2217013484583],[-98.19172637879582,30.221623193158248],[-98.19312974939055,30.221853662121234],[-98.19335390241015,30.21941431055913],[-98.19200428161211,30.218873450423168],[-98.19055769127245,30.217688608662428],[-98.19010603900884,30.216687274550157],[-98.18955450756037,30.215396951038283],[-98.1890503424802,30.214572830062107],[-98.1877255259638,30.21412089725904],[-98.1868864393013,30.213627515822175],[-98.18691982339223,30.212673627678345],[-98.18792635243041,30.211437315476406],[-98.1879993153944,30.21033940308305],[-98.18682925344865,30.20971087356484],[-98.18680955069951,30.209000747252997],[-98.18745349184125,30.208361282406475],[-98.18807159024892,30.20814698378093],[-98.18814673611905,30.208125518336924],[-98.18975843141808,30.207665457238928],[-98.19163097681435,30.208287203088187],[-98.1926946396029,30.20942539507664],[-98.19370995685954,30.210230378863447],[-98.19423977872252,30.21105472330093],[-98.19460916506905,30.209614713748966],[-98.195172650399,30.20944063184765],[-98.19657549997086,30.20971551204485],[-98.19738079111406,30.20964280471864],[-98.19806926982928,30.2098022962191],[-98.19973246105195,30.20947963632485],[-98.20146329990709,30.210266830519465],[-98.20263989350329,30.210074263460577],[-98.20330579755542,30.209878587666285],[-98.20331991817338,30.208125840512647],[-98.20383185907065,30.206877575361702],[-98.20481838981398,30.206049282385234],[-98.20591675542029,30.20502579774035],[-98.20582502215842,30.203715637427493],[-98.20684053255282,30.20235596592918],[-98.20617483870647,30.2009651116147],[-98.20549165466156,30.200139970715956],[-98.20504117739434,30.198983413543445],[-98.20487312416422,30.19765110879609],[-98.20437524459611,30.196028346169115],[-98.20650503065882,30.19482087974677],[-98.20762851585543,30.194894219166965],[-98.20969228382961,30.195550132361827],[-98.2130253281811,30.193972615475392],[-98.21685304960674,30.19283061180231],[-98.22890269060349,30.192047734231412],[-98.23112389551771,30.19217160418524],[-98.23167632707809,30.190111360111306],[-98.23130132536274,30.18906624405022],[-98.2321061386022,30.18738466133321],[-98.23349338982747,30.186349940059394],[-98.23538648688081,30.18596161840844],[-98.23634751175828,30.18718759632819],[-98.23772685780905,30.187173438543184],[-98.2396276192884,30.187461839046893],[-98.24017344912976,30.186222356549266],[-98.24056539217307,30.185070877339204],[-98.24138755906718,30.18443217178551],[-98.24180211989271,30.18365792370342],[-98.24416006366455,30.18258424833582],[-98.24416480497261,30.181962908586208],[-98.24432164992291,30.181497976706165],[-98.24563081599042,30.18061795429381],[-98.24735815860247,30.181021703582456],[-98.24820813823611,30.18007247094861],[-98.24891490395557,30.179488513379567],[-98.24978178628957,30.17884445997556],[-98.25003016956732,30.178917975922896],[-98.25011769422208,30.179173659470347],[-98.25089666921902,30.1791670183678],[-98.2516858966883,30.179493255011973],[-98.25199372148839,30.17932855809017],[-98.25305971450683,30.17935126763979],[-98.25418170580511,30.17957956417453],[-98.25556085512484,30.179036362815808],[-98.25496524065044,30.17831220875176],[-98.25490097248006,30.17648068130619],[-98.25461975577868,30.175823517401582],[-98.25513871790821,30.174277877498163],[-98.25471323356882,30.17203736111894],[-98.25552288243946,30.17163502184945],[-98.25695438377733,30.171575244231306],[-98.25773672476161,30.17133104189349],[-98.2582616427215,30.170723647656185],[-98.25892632865808,30.169710696634976],[-98.25939101996804,30.16930579895729],[-98.2607130364357,30.16996882171557],[-98.26211321711286,30.168851852684462],[-98.26446708343163,30.168354532829493],[-98.2640101472775,30.167432814417925],[-98.26353168838753,30.167039746652897],[-98.26326495971504,30.16618522094737],[-98.26327302928124,30.165100074890887],[-98.26449976863321,30.164564490525485],[-98.26499866868753,30.163934235866606],[-98.26496558643055,30.163154124326518],[-98.26574650268681,30.163090604170417],[-98.26776222786127,30.161406398718846],[-98.2683844917569,30.161703706419512],[-98.26913988328269,30.16157229917642],[-98.27002399350721,30.161622426227744],[-98.27145742981621,30.161291348306356],[-98.27333492313305,30.160691314361777],[-98.27427776610918,30.15983745130675],[-98.27496989917096,30.159468283718635],[-98.27603731152755,30.159361081268884],[-98.27867085303866,30.158539190395427],[-98.27842030571938,30.157226590297505],[-98.27879348026146,30.155985227605743],[-98.27960980541127,30.15463328071028],[-98.28042265947084,30.15375605631573],[-98.2836258568396,30.154276894506992],[-98.28396305924443,30.153413689763273],[-98.28423179026167,30.15221702868309],[-98.28530514946543,30.151273300178197],[-98.28752947063538,30.15125144793383],[-98.28682098284553,30.150387763847622],[-98.28673680261856,30.14934823962711],[-98.28833682970034,30.14750314468293],[-98.2895889042383,30.147012490921743],[-98.29096672584804,30.14713303992561],[-98.29201024481469,30.146709131849814],[-98.29270996055578,30.145254714583725],[-98.29269614626335,30.1435590779108],[-98.2942640738451,30.142527609854998],[-98.29582516255257,30.142468183591166],[-98.29575661929977,30.141133982804536],[-98.29664691083177,30.140302275889475],[-98.29661643638407,30.139092640496163],[-98.29767880110707,30.136455957319107],[-98.29648900856438,30.137226574396898],[-98.29494656528895,30.13721830289271],[-98.2941974817331,30.13589565349629],[-98.29215873992442,30.134587982227856],[-98.29183484246725,30.133904868387138],[-98.2917110079087,30.133552635273745],[-98.29036375686641,30.13322564062091],[-98.2908618933527,30.132075573251058],[-98.29011101855616,30.13101656714601],[-98.29011626831068,30.13026935120877],[-98.28830744041753,30.12865524696489],[-98.28660135194508,30.128206868509857],[-98.28418389119241,30.128984482721155],[-98.2835967289665,30.129750456061185],[-98.28319157080706,30.129836138263848],[-98.28255234941382,30.13082163169444],[-98.28171796094027,30.130817072632208],[-98.28100573885378,30.131428580998595],[-98.28100032470756,30.132175795930547],[-98.28059339776532,30.132503201945777],[-98.27960397714173,30.132959330082397],[-98.27760987082289,30.1324868189681],[-98.27619413042669,30.132479023320666],[-98.27564049512384,30.132124319932934],[-98.2747770093199,30.132646987766382],[-98.27366460394401,30.132640839206147],[-98.27286316387845,30.13158153771633],[-98.27195630831093,30.131136974089028],[-98.27048994066195,30.131128834930184],[-98.2700118905054,30.13081838953926],[-98.26917750382847,30.13081375045248],[-98.26872371537112,30.130635523425028],[-98.2674285666153,30.131397393409166],[-98.26717043661672,30.13212126505978],[-98.26648568860489,30.132403131098805],[-98.26594912398737,30.1331693039962],[-98.26523936418306,30.133407163310917],[-98.26408004608808,30.132895252852386],[-98.26319518666861,30.13289020675712],[-98.26229741935681,30.131214896633782],[-98.26094100370199,30.130020484380626],[-98.25958232339431,30.1291337534924],[-98.25841618708634,30.129544612891372],[-98.25801659488839,30.128883169846446],[-98.25824800899042,30.128378893601486],[-98.25810249269416,30.127543022682204],[-98.2570267340903,30.126020437970173],[-98.25633656294907,30.127027615768498],[-98.255268015122,30.12792257103881],[-98.25441271925851,30.1273463407503],[-98.25409134786393,30.126377461569952],[-98.25358738670134,30.126154867600704],[-98.25333784100363,30.12571391112457],[-98.25129305802467,30.125306672826238],[-98.24985227259833,30.12527651824016],[-98.24827930636617,30.12599267046711],[-98.24742507231137,30.12528456308989],[-98.24643918116851,30.125278907453357],[-98.2453450708817,30.12619565090548],[-98.24480811100545,30.12698374902746],[-98.24298399737941,30.127478747695847],[-98.24172386136011,30.126965979802318],[-98.24160247201576,30.12630601049038],[-98.24044319703991,30.12581574005538],[-98.24019390107384,30.125374758755413],[-98.2396173749009,30.1247119847718],[-98.23883378974993,30.124707615011655],[-98.23795110605008,30.124416724056776],[-98.23734430665206,30.124413201976015],[-98.23671498109998,30.124057980105402],[-98.23661675391693,30.123683744730446],[-98.23603714562427,30.123438634386886],[-98.2348237498475,30.123431568399713],[-98.23262812805424,30.122935188140687],[-98.23143816662828,30.12314812508404],[-98.23053216446029,30.122615389867704],[-98.22975378953795,30.121929463558686],[-98.22892306978402,30.12146303414835],[-98.22941395686595,30.120396433078493],[-98.22943755111692,30.120345232997167],[-98.23037717812431,30.11977936593822],[-98.2306329096211,30.119407202217854],[-98.23044067464184,30.11810938993291],[-98.2309324250048,30.116639885226128],[-98.23083576268697,30.116067859001326],[-98.23098978333401,30.115761142743793],[-98.23102232929675,30.114816210076953],[-98.23117678742334,30.11446546610346],[-98.23097842234061,30.113958889928956],[-98.23034996635772,30.11351558119282],[-98.22989981338233,30.112875610224684],[-98.2290684118071,30.11251916647093],[-98.22844192582964,30.11181219028289],[-98.22791116432886,30.111809074945622],[-98.22733242560537,30.11147603713741],[-98.22595495883017,30.10979757545638],[-98.22524530053549,30.110057151171656],[-98.22461775005443,30.10950400076487],[-98.2239888143712,30.10910469439085],[-98.22353349338796,30.107465093507276],[-98.22281595866487,30.107163735998903],[-98.22229166683078,30.106325499458652],[-98.22138510141909,30.105902603601802],[-98.22010787854475,30.104378608932414],[-98.2191263433327,30.103845348940343],[-98.2185209830358,30.103687815372464],[-98.2181980359962,30.102960748699324],[-98.2176694780628,30.102671829853534],[-98.21683369989552,30.10288666632708],[-98.2163098311679,30.102004378113687],[-98.21638011715237,30.101805462270757],[-98.21647313141182,30.101560998642704],[-98.21516580150076,30.100312143300357],[-98.21473976918904,30.100149249347346],[-98.21413831566531,30.09993205751043],[-98.21370392991976,30.099739927725572],[-98.21307015950367,30.099369706859992],[-98.21347846535987,30.098866736382302],[-98.21330571304252,30.09833826990274],[-98.21245060133367,30.098167609314636],[-98.21193270280946,30.097695269048113],[-98.21147500937556,30.097079752084543],[-98.21100942603852,30.096622058495335],[-98.21055173350295,30.095864498816432],[-98.21030710518309,30.095832933930488],[-98.21005458426517,30.09613280110564],[-98.2098573043473,30.096779883895913],[-98.20951033635703,30.097277493762164],[-98.20921844228018,30.097434568896546],[-98.20765132677545,30.097425129038086],[-98.20702307830341,30.096981881357024],[-98.20634684093055,30.096208541662726],[-98.20448798675754,30.094790708789606],[-98.20395827898056,30.094655664442612],[-98.20246557182914,30.094844408438682],[-98.20089859466499,30.094834889056457],[-98.19993709368042,30.094982888609515],[-98.19903656045587,30.093812635912006],[-98.19792088251738,30.0942673843946],[-98.19673325221959,30.09423811414134],[-98.19574580339804,30.094451885497914],[-98.19500756520259,30.095106630994618],[-98.19354193237552,30.095075629349395],[-98.19211951031025,30.095945966844305],[-98.19035038256276,30.0959350789001],[-98.18972015420383,30.09573348267315],[-98.18892809793971,30.09678345359408],[-98.18907504165895,30.09735573524755],[-98.18819033674968,30.09737228648743],[-98.18737742879121,30.097872758891356],[-98.18628291156756,30.098811022115175],[-98.18570159378092,30.098807420625494],[-98.1848891188104,30.099263851274657],[-98.18447652170207,30.100272288137813],[-98.184069139314,30.100621321419947],[-98.18406047326646,30.10167620806453],[-98.1838551534268,30.102048594791757],[-98.1829388538707,30.102833999224995],[-98.18293441978645,30.103361485769824],[-98.18087518740616,30.10479911072268],[-98.18011699134004,30.10479438181953],[-98.17814817978298,30.104452446163126],[-98.17633620059979,30.103496145190594],[-98.17593754175144,30.102812282362503],[-98.17566609243215,30.102019396010053],[-98.17565866246643,30.101979231447867],[-98.17548612394812,30.101716609008108],[-98.17530723434075,30.101421682905958],[-98.17518636332433,30.101281472451753],[-98.17495428806225,30.101179940753333],[-98.17466903253536,30.10110258360591],[-98.1743134434133,30.101112553143093],[-98.1741517026447,30.10111708715277],[-98.17353284066905,30.10112192270413],[-98.17303968534102,30.101097748053558],[-98.17226208566478,30.10103102875405],[-98.17083435904775,30.099483689332928],[-98.17032879349404,30.09948049433438],[-98.16920047266626,30.0983964108278],[-98.1686789871691,30.097294229211595],[-98.16752262992131,30.09653983558047],[-98.16658748550716,30.096533739176802],[-98.16627532184425,30.097586699249533],[-98.16556273594007,30.098175562331832],[-98.16414391611909,30.09858406427898],[-98.16350725402609,30.099151472658896],[-98.16405031705636,30.100715279363257],[-98.16323540315985,30.10141338508754],[-98.1628180368957,30.1029491442133],[-98.16215852615346,30.103230627999856],[-98.16197158225125,30.10441620949855],[-98.16128693485071,30.104697525129573],[-98.16039130373267,30.10458046963011],[-98.15969617748435,30.104489563317987],[-98.15970184226052,30.10380832402424],[-98.15907554133602,30.103144968567193],[-98.15801822783988,30.102654714507267],[-98.15708582149072,30.102319105305945],[-98.1563093276406,30.101478992002782],[-98.15562421491275,30.10180422347051],[-98.15395607397285,30.10179349238171],[-98.15303532685778,30.103062221058874],[-98.15184461174532,30.103384255552818],[-98.15115956728943,30.103687446226335],[-98.15049747389074,30.10425462325091],[-98.14902872390961,30.10457474830521],[-98.14804503992741,30.104326629621347],[-98.14731622685595,30.103838336729112],[-98.14607777976084,30.103830377173228],[-98.14481846749666,30.103316689923332],[-98.143814980154,30.102431084745835],[-98.14284327700277,30.103743351254813],[-98.14191353865,30.10602284999089],[-98.14159276912666,30.105119751587385],[-98.14159961069588,30.104328612894655],[-98.1410560257444,30.102874706672],[-98.14086717921043,30.10133497117402],[-98.1386384041933,30.098946834086714],[-98.13846833963528,30.098154541588123],[-98.13571504910354,30.095059624108938],[-98.13541892216507,30.094244567432415],[-98.13540507822823,30.092925868333854],[-98.13511134889326,30.09182505274314],[-98.1367017460352,30.0920333070174],[-98.13789827953576,30.09103034188319],[-98.13815580586648,30.090482505549634],[-98.13816285404819,30.089669353512598],[-98.13931328780501,30.08813847686994],[-98.13932157117023,30.08719349848693],[-98.13942567153863,30.0868426199424],[-98.13801816240539,30.085954237607808],[-98.13674985620855,30.086495352195993],[-98.13553684580904,30.08648737880704],[-98.1329113891355,30.086108077781855],[-98.13241668690853,30.08595120151626],[-98.13213688235876,30.085593050106805],[-98.13168919615715,30.08505582405851],[-98.13120793003189,30.08433952356237],[-98.13095050880409,30.083779913615125],[-98.13084977891464,30.08261592563381],[-98.13079743318471,30.081518584175605],[-98.12956724070878,30.08143275668374],[-98.12795559661373,30.08158533918545],[-98.12698304006295,30.081986711691222],[-98.12531360105747,30.082288044904647],[-98.12430662735323,30.08184180508125],[-98.12315381575586,30.083614278842028],[-98.12094888831457,30.084324769594833],[-98.12029425272937,30.084056631144175],[-98.11996323971684,30.084340187378153],[-98.1188261001279,30.08433256748789],[-98.11845488391317,30.08345100681044],[-98.1170730225796,30.08254064416342],[-98.11613801920096,30.082534359563457],[-98.11477739583734,30.082085666853438],[-98.1102933517904,30.080516975336433],[-98.10687039236716,30.07897744043971],[-98.10605269638823,30.079982705909842],[-98.10524042443696,30.08039469629],[-98.10434903875694,30.081157876410476],[-98.10323328805492,30.08158988497319],[-98.1025285875623,30.081277374796066],[-98.10253881039024,30.080134706869824],[-98.10125273012721,30.0798400638568],[-98.09906456524912,30.078704276719847],[-98.09906993986948,30.07811101291922],[-98.09819258138262,30.077335744713835],[-98.09731972884524,30.07605509536113],[-98.09575309304086,30.076044245649943],[-98.09483606495107,30.076851127580284],[-98.0931365404684,30.077564630189592],[-98.09287729566057,30.078288227754417],[-98.08913776004974,30.078240353902213],[-98.0886652821429,30.077401871333084],[-98.08866739048888,30.07707729963996],[-98.08864747483902,30.076846762699883],[-98.08821943479268,30.076230829110802],[-98.08492483564038,30.07473859467624],[-98.08321506856686,30.073803754412545],[-98.08268290838917,30.07397581747034],[-98.0821106761633,30.07300486563986],[-98.08072315364682,30.07200670388005],[-98.08062977736627,30.071939587135237],[-98.08063516815632,30.071346243122964],[-98.0792208030808,30.06854520771884],[-98.07770154442453,30.06890821288654],[-98.07532071247756,30.066803641642394],[-98.07428617486713,30.06438863044872],[-98.07484762012308,30.063327987748647],[-98.0740288704203,30.061717852291668],[-98.07279466067841,30.061313566748435],[-98.0717228735264,30.059745662389744],[-98.07143117258735,30.05851289118508],[-98.06982755224442,30.057094980603225],[-98.06731235748379,30.058593642018177],[-98.06488355460235,30.05894996684924],[-98.06306741532107,30.058651350689484],[-98.06186947595708,30.05708247114937],[-98.05982800147333,30.056562398671176],[-98.05953479316122,30.055505373155537],[-98.05890801253634,30.054995479623315],[-98.0586881408874,30.05420272621296],[-98.05779349611954,30.05263589501044],[-98.05552290093266,30.052311993989715],[-98.05072733192499,30.051859859625775],[-98.0496664018115,30.051852196801295],[-98.04767540186693,30.051354315659733],[-98.04737770557166,30.050780709608535],[-98.045109521463,30.05021482150465],[-98.04386797428187,30.0506013872982],[-98.04283480211066,30.05033020270364],[-98.04175757296467,30.049399347924975],[-98.04042381371961,30.048862031127214],[-98.03991734625738,30.048990254851347],[-98.03770060237684,30.048336726653336],[-98.03448764032096,30.048818754095745],[-98.03267510867387,30.04816802407569],[-98.03143439962089,30.04846659175897],[-98.02953975027873,30.0484746374165],[-98.02749069131903,30.04876703018032],[-98.0269301695312,30.049246444423343],[-98.0255961605545,30.048753006501023],[-98.02294388916971,30.04873349698209],[-98.02213986734601,30.048287906766312],[-98.0212507499121,30.048786780742816],[-98.02004991078638,30.050162392284427],[-98.01752848980252,30.049682035389907],[-98.01572105609466,30.048525702871665],[-98.014028666032,30.04851311302176],[-98.01356897923648,30.04901506818843],[-98.01106103567682,30.049721449057635],[-98.00901890811784,30.049310489574495],[-98.00615946007571,30.04979431780283],[-98.00305635030097,30.05190268901089],[-98.00118001760747,30.052591732442053],[-97.99900368803324,30.05297068531347],[-97.9973065503743,30.04840861044063],[-97.99680835909078,30.047701531263794],[-97.99347591211895,30.047500290082606],[-97.98814708968388,30.047371507673574],[-97.9849684477634,30.046951344150767],[-97.98320900744793,30.046755840889507],[-97.98093133263832,30.04650260986066],[-97.97709699871386,30.0459673543268],[-97.97437977464246,30.04491337360317],[-97.97130342208678,30.04438386306044],[-97.96979421647684,30.043756657258424],[-97.96940336668325,30.042478955370807],[-97.96738641800336,30.042111494662652],[-97.96656664242454,30.04320383589344],[-97.96556054637432,30.042800427355143],[-97.96443412458504,30.041802520941477],[-97.96284952516994,30.041152799310694],[-97.96232948326545,30.0401597381619],[-97.96185138549819,30.039980019463236],[-97.96122004143167,30.0399750362803],[-97.9609311378464,30.03861030816552],[-97.960102416844,30.038142215793545],[-97.95873579093762,30.038395157905853],[-97.95807317471944,30.03896135460764],[-97.95699929449283,30.040205470902073],[-97.95530167982847,30.040697482432204],[-97.95208077037725,30.039529054389455],[-97.95137200321135,30.039677254094777],[-97.9508601575355,30.040310492274084],[-97.94960121447889,30.03992678851149],[-97.94866665846126,30.039919323064765],[-97.94724785031838,30.0403255739716],[-97.94603849246882,30.040030206664877],[-97.94553173395242,30.04017999280155],[-97.94351516256496,30.03979016063801],[-97.94317460674917,30.03855673352919],[-97.94233873246215,30.038769817973762],[-97.94053086037643,30.03776631297275],[-97.94160398242494,30.036610135323944],[-97.94039876131727,30.035941184122446],[-97.93914319323119,30.03524971824654],[-97.93847135760323,30.03429937038272],[-97.93848119595222,30.033376368302065],[-97.93589475580639,30.029597522748155],[-97.93552361055856,30.028698745443783],[-97.93307677848935,30.027043997490306],[-97.93308132396469,30.026619381449603],[-97.93155437213632,30.02565147295168],[-97.92875353826817,30.0266605907948],[-97.92759182795959,30.02665112862979],[-97.92356335193259,30.025497355266083],[-97.92243503200312,30.024740983989098],[-97.91903779134647,30.023614262874172],[-97.91844405255438,30.024641394400863],[-97.91753731466615,30.026033283698382],[-97.91699479691326,30.02636164940861],[-97.91650224884634,30.02649014024553],[-97.91586177430327,30.026923859657987],[-97.9134890819911,30.027568315900275],[-97.90977382245251,30.025493800885034],[-97.90926766221409,30.025599507501713],[-97.90866663718674,30.02586793884932],[-97.90840962559069,30.026235506456896],[-97.90820644463973,30.026581004672433],[-97.90741979084373,30.028287117006077],[-97.90363856082732,30.029926038419525],[-97.90299533833779,30.03099751785804],[-97.901323758647,30.031423089624447],[-97.90003570478528,30.031412327570404],[-97.8992979930026,30.031889624088098],[-97.89520673282207,30.031855330016842],[-97.89420899020568,30.032327892034097],[-97.89268086697417,30.03414160941602],[-97.89218909505168,30.03521439101347],[-97.89217833952277,30.03618123558543],[-97.8904702145696,30.03759530993533],[-97.88853949427552,30.0385898883408],[-97.88761513952626,30.039944669031733],[-97.88613478959988,30.0413165835998],[-97.88412790384783,30.042332461314658],[-97.8836020067243,30.043085883338133],[-97.88296499698329,30.04465203279812],[-97.88230192082767,30.04521791924715],[-97.88022919844674,30.04650364562258],[-97.87891138789125,30.04711225419603],[-97.87762177096094,30.04774587408079],[-97.87618763396605,30.04855191908482],[-97.87561066851693,30.04916682123161],[-97.87502062719055,30.050254317382805],[-97.8689314168001,30.050356014103414],[-97.86791647863252,30.05074277606998],[-97.86725478139086,30.051176594611345],[-97.86620770779065,30.052178527628616],[-97.86405978653899,30.054445476575935],[-97.86293457208545,30.055644494653873],[-97.86209211763895,30.0564063448277],[-97.86122721159857,30.056926264177108],[-97.86005822224124,30.05753151438058],[-97.85924758432549,30.05772226910351],[-97.8524019403635,30.057662700083334],[-97.85160787007653,30.058600758513094],[-97.85037940955246,30.059974539569104],[-97.84882293998217,30.061301488553024],[-97.84669328058189,30.061942141679825],[-97.84667723217935,30.06332642814997],[-97.84631046981177,30.06510800172977],[-97.84538374710344,30.06593025199555],[-97.84434063956517,30.066558391785982],[-97.84284166127476,30.067270398972727],[-97.84282887824826,30.068369118251116],[-97.84236697351233,30.068980342953207],[-97.84084657938554,30.069362519247253],[-97.83864857166687,30.069343117963438],[-97.8372037213639,30.0697480182984],[-97.83412152347066,30.06972071542692],[-97.83182919534211,30.06912885386896],[-97.83138710205147,30.068048100879057],[-97.82803959841715,30.06696349709631],[-97.82793908771664,30.0668224556798],[-97.82750150756196,30.066208411076712],[-97.82737593027176,30.06606594119437],[-97.8260325249172,30.065283523240428],[-97.82602043179683,30.06528577318529],[-97.82585555321295,30.065316449086666],[-97.82556221644178,30.065371023044317],[-97.82521221933236,30.06562258250863],[-97.82520821823607,30.065637542956928],[-97.82496065961175,30.066563200261943],[-97.82447012107613,30.066718184663323],[-97.8239181278936,30.066928649192242],[-97.82133276482782,30.067914396846607],[-97.82132488750109,30.068595651766493],[-97.82073573101525,30.069271613984483],[-97.81954434755622,30.06959061931774],[-97.8202695161626,30.070234347879385],[-97.82025387829012,30.071552755602458],[-97.81983842543752,30.07249401431652],[-97.8203038937902,30.073728934999284],[-97.82027745996464,30.07594820268294],[-97.81986887473239,30.076318094576866],[-97.81986163880279,30.07691138389922],[-97.81912382191722,30.07734435782784],[-97.81951425489251,30.07851256898424],[-97.81914527817776,30.079783857696306],[-97.81788893484558,30.079201216533466],[-97.81685300574478,30.079191896199656],[-97.81455868066135,30.076644029922235],[-97.81382966546894,30.076329769819445],[-97.81042464630026,30.075815453050385],[-97.80983247955992,30.076733147476563],[-97.8063271077942,30.07826162763143],[-97.80608952136787,30.07911648697114],[-97.80508032882484,30.079645152577296],[-97.8045637283662,30.079915768698992],[-97.80391101068413,30.081667886242556],[-97.80184296762752,30.083429117013875],[-97.80153391123717,30.084445807096824],[-97.80150976631897,30.08452532184981],[-97.80134472693665,30.08506381932714],[-97.79826154179493,30.082979837605343],[-97.79680306764234,30.082262314899022],[-97.79626684977453,30.08271884524833],[-97.79563170763097,30.082998866214457],[-97.79537403487488,30.083413918289654],[-97.79471314162541,30.083737472684703],[-97.79352844432702,30.083484873373315],[-97.7928688814825,30.083698616675573],[-97.79306226271203,30.08442557705852],[-97.79305399012658,30.08510673850262],[-97.79284539502939,30.08563222095212],[-97.79075934793786,30.08677782023769],[-97.78998158297162,30.0883968767205],[-97.78916998655343,30.088675239243347],[-97.78859754591842,30.08887161419722],[-97.78848422075038,30.08891047905572],[-97.78786644214297,30.087762018453823],[-97.7874040999275,30.086307388980604],[-97.78693550903088,30.0853580822287],[-97.78590946229652,30.084535456291817],[-97.78482296702836,30.08452549907427],[-97.78380881219172,30.08480178700327],[-97.78230295011129,30.083952761500516],[-97.78157786145496,30.08333067077903],[-97.7796930792079,30.082478102853695],[-97.77969901347868,30.081994704098673],[-97.78029462615645,30.080813527786646],[-97.78035731329193,30.080406541287342],[-97.78039437957717,30.08014030989964],[-97.78045269551048,30.079838134505817],[-97.78050570779034,30.079408731711652],[-97.77986425138867,30.079705603861004],[-97.77957798166382,30.07979042308992],[-97.77949316093805,30.07979042308992],[-97.77940834021229,30.079758615984726],[-97.77926486578669,30.07965203357963],[-97.77922279588532,30.07962078300466],[-97.77910616581534,30.07952535916283],[-97.7790391721564,30.07952122449299],[-97.77873474747965,30.07950243619019],[-97.77818837505586,30.079497357828757],[-97.77612168306545,30.079060630981346],[-97.77245813055461,30.07902646284905],[-97.77113860960681,30.07947565527352],[-97.77027032500266,30.08021464484907],[-97.76969363623465,30.07985762157086],[-97.76810770641461,30.080582397899015],[-97.76810304146335,30.080584452385793],[-97.76809774679306,30.08149518361049],[-97.76801769073157,30.08222515986046],[-97.76792368383371,30.082482556877025],[-97.76759766365753,30.08337515698514],[-97.76684552672802,30.084380376984736],[-97.76655757625527,30.084765177027634],[-97.76655476452844,30.08477372031512],[-97.76628762981744,30.085575201926275],[-97.76628766485175,30.08640515679129],[-97.76716771648783,30.08894528268593],[-97.76691761383465,30.0897751571909],[-97.7662375864696,30.090205172537466],[-97.76583937498225,30.09061321775046],[-97.76583761248767,30.090615134455227],[-97.76576108411031,30.090856645174384],[-97.76544763855148,30.091845137477865],[-97.76449760635812,30.093085167051402],[-97.76408762514392,30.09472516738495],[-97.76405763219323,30.096895125315505],[-97.76379963694194,30.097115122527804],[-97.76353226777067,30.09744715252335],[-97.76303354288787,30.097814918433183],[-97.76220097440107,30.098523262364626],[-97.76160903403618,30.09897893423719],[-97.76150232226526,30.09906104476281],[-97.76110100620029,30.09928825098003],[-97.76060643961893,30.09956822657906],[-97.76038804659696,30.10001844716691],[-97.76030205626468,30.100195674038623],[-97.76032569453308,30.100293280452863],[-97.7606154362465,30.101487831501164],[-97.76073757209085,30.10226255831398],[-97.76103052258645,30.102551828854835],[-97.76106347009613,30.102552139718306],[-97.7618516097056,30.102760126590155],[-97.76270288920145,30.103197826683342],[-97.76312656972374,30.10357427528377],[-97.76319377808002,30.1037021172582],[-97.76338398915492,30.10406376395531],[-97.76337756889558,30.104579417378872],[-97.76320711985863,30.10503614388528],[-97.76260701111286,30.105603507452884],[-97.76259284378251,30.1056180157792],[-97.76180589354247,30.106426747658816],[-97.76163975372393,30.106562479223822],[-97.76146750266652,30.106998845251233],[-97.76103423083197,30.107536853522852],[-97.76093388991303,30.107616467826755],[-97.76003574620714,30.108329568937638],[-97.7599529790301,30.108396513335105],[-97.75993639523166,30.108438782040807],[-97.75984765605463,30.108665132082113],[-97.7585097196435,30.11031877618836],[-97.75823900514612,30.11065347311],[-97.75823762982542,30.110655137647363],[-97.75796827447904,30.110641840774807],[-97.75742762162866,30.11061521360918],[-97.75727534640824,30.11057419928973],[-97.75664757314496,30.11040517774673],[-97.75642763412237,30.10989519336887],[-97.75621573951315,30.109753884458136],[-97.75585759558243,30.10951515376089],[-97.7548997058253,30.108152181801618],[-97.754817581842,30.10803520344333],[-97.75354102911089,30.107526538038353],[-97.75353765863194,30.107525163313856],[-97.75332759389097,30.10798519449038],[-97.75284308754247,30.108414049659054],[-97.75271760637202,30.108525195345663],[-97.75166759258586,30.109045212260803],[-97.75092571531522,30.109036482233503],[-97.74996760816578,30.10902518308719],[-97.7497894821264,30.109502904271135],[-97.74974757571839,30.109615174755348],[-97.7491187891555,30.109911491505276],[-97.74887973847525,30.11002415473778],[-97.74887759958654,30.110025140877525],[-97.74644759745419,30.11000516474537],[-97.745487670318,30.11134527170762],[-97.74548737207732,30.111345941558785],[-97.74495763196101,30.113185193523886],[-97.744749957637,30.113482571149657],[-97.74434928296914,30.114056211552054],[-97.74427630383546,30.114224895041083],[-97.7440928597696,30.11442334839565],[-97.74405918282793,30.114459764000475],[-97.74390876891675,30.11462248749877],[-97.74381806512419,30.114651025160594],[-97.74377409438766,30.11466488874988],[-97.74364407223345,30.114705824441796],[-97.74298804785282,30.11447042766326],[-97.74245477645913,30.11431022083192],[-97.741973336959,30.11429250372098],[-97.74183694035953,30.11428750019071],[-97.74164919695674,30.114376525537256],[-97.74100817893292,30.114680581544146],[-97.7402785286316,30.11504604383321],[-97.73984616409547,30.11535705400247],[-97.73951165304322,30.115754952725183],[-97.73927589918006,30.11615379862522],[-97.73907091171705,30.116724759020602],[-97.73882678286051,30.11778248866143],[-97.73868914928087,30.118239493699164],[-97.73845265879918,30.11869563178592],[-97.73838278783639,30.118817716600024],[-97.7380231131764,30.119446095474686],[-97.73736143390106,30.120214212790472],[-97.73731758353878,30.120265211691727],[-97.73669761933029,30.120255131419146],[-97.73531759954304,30.119905183781384],[-97.73432223476722,30.12012429446979],[-97.73372763179579,30.120255176486282],[-97.73344762063354,30.12110518934846],[-97.73343132429596,30.122352718938796],[-97.73342961839525,30.122371689463375],[-97.73338825456968,30.123030254619234],[-97.73342035586636,30.123194065778367],[-97.73345014130624,30.123345924150687],[-97.7337104569059,30.123619583780755],[-97.73380778577366,30.123721830562165],[-97.73396963074683,30.123952596962113],[-97.73397758263371,30.12398149167457],[-97.73406410566693,30.124297315116703],[-97.7341256285858,30.124641714281058],[-97.73412051447688,30.12504268974118],[-97.73411539767304,30.12544374826371],[-97.7337430253265,30.126213724065494],[-97.73366222545997,30.126728654284342],[-97.73291866474648,30.126721060194015],[-97.73184024263777,30.126709975183022],[-97.73132307893546,30.126956270826884],[-97.73116102375651,30.127105529902355],[-97.73085783246665,30.127618311833416],[-97.73073831880463,30.127727722713143],[-97.73042428125603,30.128015226475526],[-97.72988073133885,30.128654316951756],[-97.72955433387025,30.129038145917253],[-97.7286872071945,30.129831885272093],[-97.72795189121868,30.130626977886372],[-97.72771762047405,30.13091121163019],[-97.72722501222002,30.13090642803774],[-97.72705849331243,30.130904822888724],[-97.7266810481795,30.131048048537],[-97.72639605855392,30.131156253699412],[-97.72579521318963,30.131751999185067],[-97.72531882311972,30.13231373897881],[-97.72519279307862,30.13246241347735],[-97.72508839716451,30.132891157707206],[-97.72503383888403,30.133129249990695],[-97.72498363653439,30.13334846496402],[-97.72483187425198,30.133477475731635],[-97.72475035932645,30.133546752474782],[-97.7244878464476,30.13355334848149],[-97.72392606342513,30.13356739354595],[-97.72384664516748,30.133571745044904],[-97.72303557965364,30.133616036161538],[-97.72244382613833,30.13349567574964],[-97.72205697833932,30.1335339248331],[-97.72198245859494,30.133541259686734],[-97.72191577485476,30.133547837047885],[-97.7213844968227,30.133857818584275],[-97.72081757274184,30.134368004752616],[-97.720546680378,30.134761431143986],[-97.72051208266315,30.134790836227243],[-97.71886982667817,30.135873955555912],[-97.71887174637794,30.135882376336866],[-97.7195107333109,30.138579654808957],[-97.71950759639391,30.13882445254764],[-97.71910691004796,30.139221648416736],[-97.7186393090948,30.139777322658524],[-97.71860475180415,30.139818407197257],[-97.71833552491685,30.14024544999664],[-97.71803111281653,30.140844137737737],[-97.71776160924814,30.141299912701378],[-97.71775790549422,30.141586296332694],[-97.71775418646894,30.141872435979003],[-97.71775308962597,30.141958704278686],[-97.71774975687629,30.14221652446047],[-97.71771616976613,30.14228710560868],[-97.71768198437799,30.14235911454836],[-97.71754458615696,30.14278752990822],[-97.71744088733551,30.143158970039956],[-97.71755238712689,30.143566046129617],[-97.71759828115644,30.143733433162666],[-97.71798629946025,30.144310232753043],[-97.71833961045478,30.14502985834607],[-97.7185910785472,30.145977776917544],[-97.7185513128245,30.146488980198964],[-97.71843294181953,30.14801032710654],[-97.7184266275614,30.148049922974327],[-97.71834457634166,30.14856418153464],[-97.71764970521488,30.150519627983332],[-97.71714703852462,30.15089641120291],[-97.71690619840031,30.15107696459515],[-97.71641898812281,30.151237802318633],[-97.71614880812302,30.151235159728174],[-97.71579626788302,30.151231709290997],[-97.71558029402411,30.15138619818528],[-97.71545424242342,30.15147638553388],[-97.71531833899904,30.15181777386552],[-97.71528385986181,30.151904390006464],[-97.7149164372325,30.152273247239577],[-97.71404399432689,30.153151590929564],[-97.71401453587377,30.153181223560722],[-97.71334271911043,30.15414866515956],[-97.7133399019937,30.154365067427545],[-97.7133367677717,30.154607011061987],[-97.71333044632702,30.15509392197285],[-97.71358449078771,30.15584132199797],[-97.71354083805478,30.156075893879674],[-97.71340406146794,30.15681173568706],[-97.71337182632227,30.156985166508328],[-97.7130628678483,30.157927596048342],[-97.7127553897979,30.158755357781406],[-97.71229201362152,30.15889406213516],[-97.71116756093936,30.159169524591174],[-97.71024490041272,30.159131808173377],[-97.7096190279846,30.159097005970853],[-97.70956887414398,30.159064777009288],[-97.70816017204804,30.15880555772267],[-97.70775960607632,30.159309756154812],[-97.70703277468834,30.160224866969592],[-97.70703279265467,30.160490366049896],[-97.70675979643646,30.1609310397564],[-97.70672567572703,30.16122066658146],[-97.70668563871311,30.161560616142285],[-97.70664855895313,30.161875318944958],[-97.70663074715767,30.161878755806],[-97.70621887498982,30.161957033875296],[-97.70611484469,30.161956027283566],[-97.70542777992304,30.161949230459218],[-97.70509721427155,30.16149616059573],[-97.70320492929521,30.16078168970635],[-97.70270741623972,30.16053513440533],[-97.70258513127504,30.160474440536884],[-97.70153726625907,30.159786550523265],[-97.70147629580408,30.159694789394592],[-97.70140277768124,30.159646254394115],[-97.70051233343564,30.15966608766476],[-97.6999520164637,30.159660536524168],[-97.6993515780362,30.15969988848865],[-97.69919305772791,30.159710315805153],[-97.6989588992727,30.15990915306313],[-97.69849288115108,30.160304944422048],[-97.69822464061397,30.16064608471661],[-97.69816426753867,30.160642721599274],[-97.69764447536583,30.16061376849403],[-97.69759876279596,30.160611224019192],[-97.69745292580116,30.16042947642467],[-97.69711218583075,30.16000473927192],[-97.69641666971359,30.159195441949834],[-97.69626789522782,30.159022329585113],[-97.69524757255843,30.158178392551783],[-97.69486558015353,30.157862464707726],[-97.6935565254771,30.157133180897578],[-97.69285503286837,30.15695370892669],[-97.69227516406426,30.156805263182015],[-97.69122216158317,30.156441286033623],[-97.69099522558282,30.156362833480472],[-97.68980860858468,30.156350990598373],[-97.68865410276469,30.156396758160756],[-97.68790626876539,30.156564377414462],[-97.68743072760343,30.156670945207093],[-97.68643657824816,30.15706210005986],[-97.68628538549764,30.157074429089295],[-97.68580949309441,30.157113120312513],[-97.6851696734232,30.156883240023724],[-97.6851092590254,30.156811539950723],[-97.68430610766922,30.15585828442931],[-97.68336759187781,30.155023561262023],[-97.6833643417731,30.15502075798661],[-97.68337434181886,30.154268053519676],[-97.68293840378452,30.153482900467417],[-97.68273974944428,30.15312500474499],[-97.68246040842521,30.152960381830788],[-97.68172550926768,30.152527619591986],[-97.67988614494307,30.152749923383304],[-97.67889870600297,30.15273998624553],[-97.67755844565022,30.153008787295644],[-97.67703992100023,30.15311278396833],[-97.67675513978381,30.153298534484065],[-97.67663146782033,30.153379197023007],[-97.67566532793562,30.1539170877429],[-97.67493068659458,30.154088652456455],[-97.6746071520568,30.154164255360268],[-97.6742275868998,30.154332147941158],[-97.67391070708163,30.154472370072032],[-97.67291221347367,30.155178445017256],[-97.67257017274272,30.155336138009623],[-97.67218250568018,30.155514864921926],[-97.67029060069122,30.15646972538911],[-97.66980029392093,30.15653021977171],[-97.66966606046466,30.15657597870689],[-97.66966489175648,30.156576555819875],[-97.66789262529537,30.157589811123632],[-97.66742909281214,30.157268945287306],[-97.66742836068518,30.157265829831022],[-97.66740899031271,30.15718211870373],[-97.66711795502528,30.15592578536966],[-97.66649333574698,30.15519730670251],[-97.66590670083215,30.1545132348852],[-97.66494817955936,30.153963421135035],[-97.66479784559826,30.153877116727433],[-97.66443186027341,30.154038992287994],[-97.66416570292947,30.15421103915258],[-97.66372476577055,30.15449589705234],[-97.66328733653285,30.155080753034124],[-97.66301908791091,30.15542182285338],[-97.66275305992434,30.15559101045133],[-97.66229195558734,30.155557661059344],[-97.66180175661489,30.155237510982904],[-97.66119758658571,30.15490939355398],[-97.66104911123894,30.154828733820008],[-97.66051766432358,30.154750280760865],[-97.66042396824281,30.154736403382085],[-97.65973121534348,30.155082625766983],[-97.65969373762982,30.155101396591427],[-97.65925940129164,30.155526711011447],[-97.65869330006758,30.155950675956007],[-97.65850833245901,30.156129990521205],[-97.65799175355991,30.15663101958152],[-97.65715843497986,30.157310094000703],[-97.6560553999307,30.15846595595373],[-97.65602133761175,30.15850166946957],[-97.6559568349811,30.15881523094266],[-97.65584485728598,30.159359362406157],[-97.65573936003734,30.15958579221474],[-97.65553923425665,30.160015095875913],[-97.65504329504955,30.160389199697544],[-97.65372652204822,30.160923223055295],[-97.65275121395771,30.16175095032056],[-97.65260458554715,30.161875386517128],[-97.65224435662664,30.161951754705562],[-97.6509450989767,30.16222716900816],[-97.64985653399015,30.161699516936704],[-97.64957625153664,30.161563801365322],[-97.64957433363354,30.161562775352248],[-97.64933800844183,30.161302072152527],[-97.64775521464045,30.159555345962485],[-97.645320439759,30.158266105272602],[-97.64531985495576,30.158266350716172],[-97.6448532717938,30.158428308394825],[-97.64383626300952,30.15878126049134],[-97.64330664955567,30.159662587813187],[-97.64288773549428,30.160359884573936],[-97.64203142633114,30.160823202779625],[-97.64138892249386,30.161170850781524],[-97.64094554551066,30.161775134199626],[-97.64040649166148,30.162509824369078],[-97.64003042634083,30.162745880942868],[-97.6399361149141,30.16280514353701],[-97.63993465245683,30.162806052257793],[-97.63929360838186,30.162799406168848],[-97.63883915157795,30.162871651003424],[-97.63858159470452,30.162912500685636],[-97.63857778764435,30.16291523305851],[-97.63814415109377,30.1632241173025],[-97.63721458611586,30.16347769094239],[-97.63721371475003,30.16347793404296],[-97.63683737095164,30.163789425381047],[-97.63634119908087,30.164200136595177],[-97.6359901410611,30.164740851286908],[-97.63588295677636,30.16534138250453],[-97.6357106284638,30.16588394016456],[-97.63523380091436,30.166996239426418],[-97.63508890715062,30.167940093946438],[-97.63511516490637,30.168427412767866],[-97.63595999449848,30.169324344956973],[-97.63648806285003,30.16987737760904],[-97.63651256080614,30.1699030016938],[-97.63654671295663,30.169922266739],[-97.63713422462716,30.170253260534427],[-97.63769064560573,30.170545537769875],[-97.63788888851758,30.170670191969016],[-97.63808283478743,30.17079216744297],[-97.63824638027143,30.170895107017735],[-97.63886490717545,30.17147443873147],[-97.63951867319146,30.17188231746002],[-97.63981185275748,30.17214320702427],[-97.64003633995036,30.172603931121778],[-97.64000129846775,30.172923588355467],[-97.63999864933598,30.172947339254748],[-97.6398210631841,30.17316226044158],[-97.63976393212866,30.17323131982477],[-97.63913210207356,30.173625865617716],[-97.63861793784596,30.173853099053858],[-97.63843541455329,30.173933783607108],[-97.63823334392,30.173966722176544],[-97.6381049333434,30.173987653003124],[-97.63735422204026,30.173435509324626],[-97.6366182925151,30.17315239603183],[-97.6364358159348,30.1730821662519],[-97.63537695464142,30.17335765429859],[-97.634491229246,30.17334844924298],[-97.63415709458786,30.173344958419793],[-97.63346483845689,30.1733377476755],[-97.63299728331779,30.173360877970527],[-97.63250794223646,30.17338507608666],[-97.63212644480329,30.173513095585555],[-97.63152565693116,30.17371466891792],[-97.6311868663049,30.17416113981186],[-97.63079860635426,30.17467270022698],[-97.63071667820374,30.17482836931026],[-97.63023929190219,30.175735893300942],[-97.62950982934873,30.176354619531928],[-97.62930043475097,30.176532142700058],[-97.62929895522569,30.17653405929035],[-97.62913716684639,30.17673737062995],[-97.62802774477557,30.178131121257202],[-97.6273486318955,30.178477553471208],[-97.62729278004102,30.178544608709807],[-97.62646175575821,30.17902295478961],[-97.62592933866235,30.17920153703096],[-97.62579915481138,30.179245210488126],[-97.62540797533606,30.17892596281622],[-97.62513225542591,30.17820313431056],[-97.6251408532015,30.177583935884897],[-97.62503405968388,30.17731480423121],[-97.6249556673023,30.177117549789035],[-97.62496132399366,30.176710211480486],[-97.62496616681133,30.176361509328917],[-97.62479033147595,30.17591143652516],[-97.62468068401068,30.175785902098568],[-97.62410871049963,30.175130744145026],[-97.62323079146401,30.17440713605632],[-97.62322858430336,30.174405349892304],[-97.62250525005682,30.174254506674135],[-97.62134623738903,30.17461469430316],[-97.62008581660378,30.175145785087235],[-97.61915538115836,30.175594875903347],[-97.61869160253673,30.175818703370503],[-97.61851320340952,30.17618481601636],[-97.6182911928719,30.176640533274956],[-97.61808055590406,30.177072770326774],[-97.61807288608816,30.177295918820807],[-97.61796994634314,30.17760494282341],[-97.61796044037078,30.17853541112776],[-97.61794343616077,30.18022455394838],[-97.618103004803,30.181803481475022],[-97.61767837296485,30.182565236584793],[-97.61762709173853,30.182657116197763],[-97.61602686882401,30.183357321436358],[-97.61602375436493,30.183358716070742],[-97.61574369828688,30.18410510509315],[-97.6154998955188,30.184755171577912],[-97.61479482402194,30.18625246222236],[-97.61434609667292,30.187205172229614],[-97.61445884871578,30.1875031964555],[-97.61459892211974,30.187873759987287],[-97.6143525672379,30.189623573938054],[-97.61387875623119,30.19104684580939],[-97.61346771141167,30.191585750021687],[-97.61326342912618,30.19167693172668],[-97.61295511474427,30.191814498051926],[-97.61289443983503,30.19185778157169],[-97.61202664211774,30.192593488240806],[-97.61092649245725,30.193441241070115],[-97.61065642205195,30.19358171192913],[-97.61006269134468,30.193890480639563],[-97.60941228143456,30.193883578869134],[-97.6094032731289,30.193883491131434],[-97.60885033941028,30.193333282048922],[-97.60851175000664,30.193119145593855],[-97.60783706402431,30.192692321693272],[-97.60776432024922,30.192678868938845],[-97.60734364548988,30.192601133940418],[-97.60708819606411,30.19264267864445],[-97.60684780689407,30.192681814009823],[-97.60630886892758,30.192883038320282],[-97.60625102550812,30.192904670142095],[-97.60536078877334,30.192895202920777],[-97.60529719433943,30.192892351806268],[-97.60482761619434,30.192871654048027],[-97.60450383551817,30.19285743574083],[-97.60384442718387,30.192850417430844],[-97.60288491147607,30.19306930787229],[-97.60219508618624,30.193514365666953],[-97.6021859557097,30.19352025265309],[-97.60191617725683,30.19394711877493],[-97.60191556550411,30.193985435255534],[-97.60191051068401,30.194348151805837],[-97.60190989354142,30.194389749346907],[-97.60190322444876,30.194863682110228],[-97.60186539190056,30.195207072437178],[-97.60164263486293,30.195502975319414],[-97.60163010695797,30.195519707313984],[-97.60149326569241,30.195539173879638],[-97.60106829698601,30.195599663692356],[-97.60082834439721,30.195585514880992],[-97.6004751322174,30.195564684919965],[-97.59999156191343,30.195227563174416],[-97.5997240777578,30.19504097393365],[-97.5991947257137,30.194761599913985],[-97.59900388132654,30.19466083677219],[-97.59852042780356,30.194289035516558],[-97.59740813561538,30.193842011395386],[-97.59629731486766,30.193830208732916],[-97.59592288448081,30.193826199973525],[-97.59591543924375,30.193826120000196],[-97.59395710024626,30.194269575691607],[-97.59326828735776,30.194425597367704],[-97.59288893240652,30.194883195391522],[-97.59178706965882,30.19621201108964],[-97.59175114872556,30.1962553959404],[-97.59169377692162,30.196324596748696],[-97.59042113994681,30.197859083137256],[-97.59041754488906,30.198111428661004],[-97.59041539881383,30.198262045905672],[-97.5898454851397,30.19862390741088],[-97.58960661681746,30.199103253805216],[-97.58928802660698,30.200221522704634],[-97.58928748941446,30.200225215213074],[-97.58894799271239,30.202855962641866],[-97.58825753950018,30.203725233260837],[-97.58825320512894,30.203730648384806],[-97.58707920856223,30.205208525899906],[-97.58707832192503,30.205209608132098],[-97.58842502050344,30.20791665505252],[-97.58885325099263,30.20877730417048],[-97.59075445713803,30.209866774505404],[-97.59136349064616,30.210701548566743],[-97.59218070512813,30.211821606256994],[-97.59217752149874,30.212670216654324],[-97.59217403783208,30.213614683074375],[-97.59074138754897,30.217671783404846],[-97.59063896523354,30.21796171226977],[-97.59062232304457,30.21913573849053],[-97.59015501763716,30.220291891950286],[-97.59001572756415,30.220636285716605],[-97.59000195639085,30.22160164604612],[-97.58998048126567,30.22310680747461],[-97.59013324247466,30.223710339918743],[-97.59033389556642,30.22450375635456],[-97.59031309058443,30.225962212933496],[-97.59030840048034,30.226290999522437],[-97.59030759828481,30.22629300751],[-97.589483275434,30.228253544466334],[-97.59033334310251,30.231588449662656],[-97.59053463399813,30.232412876677923],[-97.59064048787795,30.232846526692153],[-97.59064104124016,30.232848381647827],[-97.60442547817088,30.239085900577386],[-97.60901825789308,30.240075302640278],[-97.61221258888997,30.240763329536957],[-97.61942774136935,30.240839565926816],[-97.61962197510009,30.240879661522477],[-97.61995918109817,30.24094926243991],[-97.62117417138457,30.241363148006688],[-97.62225570346078,30.241890217242172],[-97.62320318713365,30.242559031824698],[-97.62378866142514,30.24316682411982],[-97.62388151219122,30.243467338391753],[-97.62407282100739,30.244086506521654],[-97.62400873878828,30.245017861210766],[-97.62399006910174,30.245288913133898],[-97.62354958110048,30.24611503649089],[-97.62288092730526,30.246738296200686],[-97.62265622272008,30.246877331379302],[-97.62237692931173,30.247391849226855],[-97.62216537516402,30.24836370590338],[-97.62181464233437,30.249849699430897],[-97.62165626755315,30.251738811499916],[-97.62149828713235,30.253599276523197],[-97.62144045359435,30.253957917510295],[-97.62156102996336,30.254969058041667],[-97.62152471017811,30.257569470209685],[-97.62154086997175,30.257639037578663],[-97.62153326752951,30.25818329485779],[-97.62143067273753,30.25844005895423],[-97.62132848128913,30.258668179771362],[-97.62132527879514,30.25889733979993],[-97.62142713068037,30.259149879449367],[-97.62145286920989,30.259213826458527],[-97.62149962113052,30.259252564449206],[-97.62194223454576,30.25961998373509],[-97.6225348064263,30.25984402746163],[-97.62256599323801,30.2598557422841],[-97.62260486783192,30.259857761224755],[-97.62325845238824,30.2598916727485],[-97.62386423489336,30.260104824311536],[-97.62401380887975,30.26015745706256],[-97.62489986755013,30.260510556582116],[-97.62509731185968,30.260670158001844],[-97.62563924121606,30.261452072020752],[-97.62635731223338,30.26178348736674],[-97.62688286530215,30.262025923562884],[-97.62737294300202,30.26306521269717],[-97.62758879469007,30.263522924350365],[-97.62774663766865,30.263663289698894],[-97.62796767173757,30.26385985004095],[-97.62888349877983,30.265507921367387],[-97.62976560396464,30.265955297124666],[-97.63027133211341,30.266742440281696],[-97.63040501220748,30.266950433780295],[-97.63086896510227,30.26791650613241],[-97.63093350456386,30.268050854659048],[-97.63128697276353,30.268742135058144],[-97.63182775317468,30.269138279431193],[-97.63184242715485,30.26914903342414],[-97.63246458684588,30.269499326197145],[-97.6328740030198,30.269689024179254],[-97.63379230761562,30.270901968955652],[-97.63502461562405,30.27252927133266],[-97.63645186972725,30.273312302729472],[-97.63660345953312,30.27346056813324],[-97.63669913280583,30.27355415265055],[-97.63669042274083,30.274184348503585],[-97.63671972758205,30.274523983948338],[-97.63674732203093,30.27484379496967],[-97.6369970941041,30.275877773109],[-97.6370873954514,30.27650891757029],[-97.63724590497992,30.276925433717448],[-97.63743777164989,30.27742934594775],[-97.63766009390291,30.278061860534503],[-97.6377539435956,30.27828734002564],[-97.63794763654052,30.27875243895582],[-97.63829871881481,30.279615574081408],[-97.63850495224112,30.279865144355426],[-97.63944428190615,30.281838447032648],[-97.6399733833203,30.282641001645246],[-97.64029593510115,30.283188608803098],[-97.64078154547913,30.28388123707973],[-97.6408676831351,30.284163332813087],[-97.64093946750945,30.284398566211223],[-97.64093512415505,30.284713664344142],[-97.64051276954612,30.285197329891318],[-97.64036492930823,30.28536659462193],[-97.63996600725349,30.285604830256073],[-97.6395473923311,30.286411741470097],[-97.63948628802714,30.286707597168114],[-97.63933096572126,30.287460948836333],[-97.6394970875735,30.287924174414222],[-97.63954798072761,30.28806618580168],[-97.63989078951813,30.288627527322532],[-97.63992873345741,30.288803014925488],[-97.63998388462598,30.289058236763392],[-97.63967921291253,30.289149100808654],[-97.63951989310362,30.289196661284517],[-97.63912538177694,30.289077961730502],[-97.6385033756978,30.288699049142974],[-97.63794422204413,30.288549986080458],[-97.6374810255308,30.288631113343662],[-97.63683578991674,30.28887594837266],[-97.63645223983313,30.28902149009089],[-97.63633482014403,30.28910436303695],[-97.63530356677428,30.289574521673874],[-97.63489356130556,30.29063766590423],[-97.63454952721301,30.291529347341623],[-97.6330286336229,30.291986644692887],[-97.63226505844489,30.292426385922244],[-97.62996492575316,30.293750859020662],[-97.62880015757935,30.294737519941954],[-97.62847892991522,30.295321253973444],[-97.62847821305961,30.295324017573094],[-97.62845560336224,30.295404184423337],[-97.62820304651169,30.296298653577985],[-97.62820283900085,30.296299575027245],[-97.62778078263261,30.29662129835298],[-97.62697815229929,30.297233164667187],[-97.62690594571673,30.29734986100204],[-97.62648231370349,30.298034005644833],[-97.62599127750119,30.29856612785783],[-97.62538512309355,30.29922289437877],[-97.62537100157729,30.300234879416443],[-97.62536804342506,30.300446902512498],[-97.62536800839078,30.300449423205563],[-97.6256957425525,30.30157447031558],[-97.62563032543687,30.30189127773047],[-97.62550083239036,30.30251868793963],[-97.62588975260273,30.30304089565212],[-97.62668045690233,30.30410248701532],[-97.62676595585613,30.3042468094356],[-97.62690468897367,30.304671870869058],[-97.6270192780713,30.305022995416465],[-97.62744445608517,30.305313866291968],[-97.6279701771389,30.305491273788906],[-97.62849154585507,30.305521935468796],[-97.6285640165423,30.305526150625006],[-97.62902620245093,30.305530994758293],[-97.6291908690324,30.305561369469505],[-97.62927703543444,30.305693239736232],[-97.62941717800867,30.305907531158823],[-97.62957586899687,30.306367582138485],[-97.62983509853335,30.306714087650914],[-97.63016005779917,30.30708984706386],[-97.6304065402418,30.307308934497247],[-97.63058405902001,30.30746672491947],[-97.63078393057746,30.30760500479829],[-97.63087839651443,30.307670349556034],[-97.6310935205671,30.30761681551535],[-97.63120973112383,30.30758786998833],[-97.63147735182339,30.307437066624495],[-97.63209704653728,30.307847852057286],[-97.63239937454617,30.308048112394925],[-97.63240177214966,30.308049817026845],[-97.63274734236136,30.308643721249908],[-97.63291464370157,30.308931375337405],[-97.63291598308965,30.308932479693176],[-97.63356817705392,30.309453048674595],[-97.6338935109172,30.309712692320755],[-97.63389620496474,30.309714064999213],[-97.63401040149861,30.30977440466961],[-97.63492611714977,30.31025789466466],[-97.63638279916336,30.31153482931898],[-97.63728412470199,30.312087547810602],[-97.63783827653614,30.312089454779347],[-97.63856662428032,30.31209207986636],[-97.63911899026368,30.312573691794654],[-97.63962438244252,30.313014314720547],[-97.63990599170769,30.313517976406356],[-97.6399102829598,30.313522809287743],[-97.64056071892105,30.314245718650277],[-97.64092192071699,30.31439271707755],[-97.64127694300211,30.31457367847996],[-97.64128002242693,30.31457522092183],[-97.64138089245354,30.314626680614992],[-97.64141153758115,30.314798892571503],[-97.64140451365394,30.314824941862227],[-97.6413420448091,30.31505601492067],[-97.64131346580663,30.31507841239778],[-97.64087467292633,30.31542351606687],[-97.64037467602907,30.315762109944735],[-97.64007198599913,30.316160052763905],[-97.6399984337403,30.316703624875117],[-97.63999957999062,30.316724478016653],[-97.64002472383542,30.317190851772928],[-97.64001958187873,30.31756323808059],[-97.6399106126415,30.317670922614965],[-97.63961783102916,30.31796015075409],[-97.63914776240391,30.31852824517067],[-97.63881045848946,30.319040337907975],[-97.63873729160788,30.319555263001803],[-97.63873016347611,30.32007087398235],[-97.63834897326674,30.32052756208619],[-97.63832720888405,30.32055363389248],[-97.63772494957148,30.321120345405003],[-97.63695774250478,30.32151361620103],[-97.63679378289743,30.32159768221075],[-97.63619772555359,30.321848470853336],[-97.63585735119749,30.322447309218365],[-97.63567789385486,30.323055555183263],[-97.63560107981324,30.323315876946825],[-97.63554548757187,30.32350407743139],[-97.63546991949354,30.324190785255947],[-97.63559212360985,30.324618018947657],[-97.63565890436807,30.324851687451723],[-97.63568543251671,30.32488842302087],[-97.63595052625539,30.325255819051034],[-97.63643907951422,30.32574786593624],[-97.63653121791629,30.325954916279855],[-97.63663124891643,30.326179606406566],[-97.63649321468819,30.326607906115413],[-97.6360758933398,30.32698488104141],[-97.63548989443221,30.327514130686065],[-97.63485544488974,30.328023195891245],[-97.63422447182744,30.32827445036797],[-97.63343117498994,30.328323460427242],[-97.63183232919273,30.329309380240133],[-97.63126548685857,30.329704535639628],[-97.63010455538935,30.330064819028525],[-97.62900736298279,30.33059756905939],[-97.62804693728162,30.330788042082613],[-97.62734878460911,30.331124504905613],[-97.6270189834239,30.331971441780105],[-97.62693885190392,30.33217729811357],[-97.62693773439972,30.332180204888537],[-97.626927765795,30.33219218709637],[-97.62576195827042,30.333600225094465],[-97.62552187991746,30.33396716046066],[-97.62463761069112,30.33486526285186],[-97.62463505588246,30.3348679245442],[-97.62443017981055,30.335389265952227],[-97.62390169464071,30.3367352533003],[-97.62358430368114,30.3377658823106],[-97.62332070204417,30.33818300347748],[-97.62302427057683,30.338512928398927],[-97.62288386389793,30.33866922884331],[-97.62272955938325,30.33867785477909],[-97.62245414669692,30.338693351380144],[-97.62218914997632,30.33874785694115],[-97.62184686849689,30.339603638261046],[-97.62181391380068,30.33981988211495],[-97.62173776271572,30.340318713194637],[-97.6218300134072,30.3408066351161],[-97.62214940940648,30.341204620388677],[-97.62215464658456,30.341211143554705],[-97.6226464140155,30.34147416617614],[-97.62337256717542,30.341510463682724],[-97.62442447011863,30.34186532480798],[-97.62449687612713,30.341889196920338],[-97.62541073226566,30.342190835350618],[-97.6261703171272,30.34219882060523],[-97.62682882984117,30.342348985134823],[-97.62750000071583,30.342660680420583],[-97.62764917585022,30.342729951762387],[-97.62908913123321,30.34369047954595],[-97.62930023442667,30.343868453259546],[-97.63035572793603,30.344758323175338],[-97.63036229282413,30.3447637545566],[-97.6303800992297,30.344772333440506],[-97.63078884436207,30.344968766108966],[-97.6307882936948,30.345007089585827],[-97.63078778255343,30.34504451298836],[-97.6307820638783,30.345455730685277],[-97.6303801585185,30.34585252256859],[-97.63035912985602,30.345985382071316],[-97.63030772196726,30.346310148640942],[-97.63029814862128,30.34699762680854],[-97.63033540894263,30.347194779073426],[-97.62984034649124,30.3484161250728],[-97.6298255683065,30.349476657302407],[-97.62966574005115,30.34971249055518],[-97.62959475966898,30.34973017304554],[-97.6290028785929,30.34987743527465],[-97.62804906000062,30.349580937688092],[-97.62699865814227,30.34911160879668],[-97.62607668303019,30.348901379427897],[-97.62495383473912,30.34888957213794],[-97.6242856669325,30.34942679114691],[-97.62407868251461,30.350054889977994],[-97.62405611413973,30.35024847479821],[-97.62392853001319,30.351342429861514],[-97.62398053707824,30.35187101528305],[-97.62382415476033,30.352349087452335],[-97.62339763196847,30.35363522896063],[-97.62312685189407,30.354341965958753],[-97.62302094142039,30.35482788392646],[-97.62297908621636,30.3554577201082],[-97.6230056961117,30.355916299665836],[-97.62368960509708,30.356611079726445],[-97.62451576500261,30.356591126505048],[-97.62567172878832,30.356603287885857],[-97.62587221209849,30.356669248757967],[-97.6260121786029,30.356715300573264],[-97.62683319565345,30.35698522842276],[-97.62738161174454,30.357165587120132],[-97.62757602783326,30.35741598390406],[-97.62837247506246,30.35844199158025],[-97.6286147920171,30.358754142546967],[-97.62876711215331,30.35937786634476],[-97.62882074516902,30.359505042055808],[-97.62910761317185,30.360185292491835],[-97.62954759272667,30.362315228839687],[-97.62986077058754,30.362589544612792],[-97.63051756392605,30.363165205512257],[-97.6323482424402,30.363766767527906],[-97.63334759214263,30.36409521723008],[-97.6344376025185,30.364105267097415],[-97.63444139251067,30.36410446642543],[-97.63555756182761,30.3638352643342],[-97.63807631301846,30.364210185294052],[-97.63838339311518,30.364213399604722],[-97.63864172703131,30.364294324704776],[-97.63913988238224,30.364450471583762],[-97.63984139744886,30.365180137305863],[-97.64047521996726,30.365839440488088],[-97.64282298852186,30.368069653013055],[-97.64320956413134,30.368499110283278],[-97.64347379009745,30.368792636319096],[-97.64402786916806,30.369342718858256],[-97.64421856802812,30.369888947089386],[-97.64421026669659,30.37049049099543],[-97.64403440441173,30.37102426026353],[-97.64400335683888,30.3711186235417],[-97.64362098264998,30.372489724028643],[-97.64342901716536,30.372773048829405],[-97.64319123849953,30.37312403615949],[-97.64267658738505,30.373883636495915],[-97.64214874271401,30.374330495943298],[-97.64194117079794,30.374506272561753],[-97.64189310554033,30.37462634112906],[-97.64169337861163,30.37512589608686],[-97.64166737418078,30.375190919109485],[-97.64166143092687,30.375620593100855],[-97.64188160081649,30.376425054853083],[-97.64200503831968,30.377056532106497],[-97.64199117461992,30.378059102830314],[-97.64224161863292,30.37906433771049],[-97.64233043686168,30.379810134632542],[-97.64261976894335,30.380386036682133],[-97.64301108406426,30.380762539421468],[-97.6434256871106,30.380973689159074],[-97.6434704618393,30.380996500882556],[-97.64393300527742,30.381001302534266],[-97.64429178252041,30.380989464246035],[-97.64459407818994,30.380979515309114],[-97.64536305853103,30.380328562952116],[-97.64616388055569,30.37976396814766],[-97.64633162117204,30.379814350465697],[-97.6464599464087,30.37985298345335],[-97.64665067760814,30.380399205657763],[-97.64663962473689,30.381201265233333],[-97.64696704269166,30.381855198447056],[-97.64799252708063,30.382597988200928],[-97.6483476284175,30.3828552192001],[-97.64813986965186,30.383693892296478],[-97.64815696549003,30.383795218559268],[-97.64807589882383,30.38488304299166],[-97.64779067114473,30.38639840358777],[-97.64778610590646,30.386428937641657],[-97.64777761143712,30.38698065906614],[-97.64777754855506,30.386985278319315],[-97.64778969826926,30.38711638411882],[-97.64793765528813,30.38871520080357],[-97.64856768332277,30.390375215052963],[-97.64856105375597,30.39099760890329],[-97.64855760781855,30.391325231757087],[-97.64888066714754,30.39199043980742],[-97.64957759900958,30.393425224724965],[-97.64957096944278,30.39399863905254],[-97.64956766903242,30.39428081050516],[-97.64956760704868,30.394285263594337],[-97.65051115699893,30.3948065231299],[-97.65061376975721,30.394964580088686],[-97.65234846418156,30.39618566499458],[-97.65365804347411,30.39708720515636],[-97.65464260331369,30.39758438434738],[-97.65529839053909,30.397963576095552],[-97.65553616291672,30.398159591995245],[-97.6557559141914,30.3983407231649],[-97.6559165509305,30.39858401786276],[-97.65607942177971,30.39883091950946],[-97.6560721445276,30.399375256647826],[-97.6560595905715,30.40029189624793],[-97.65582711735576,30.400544741754185],[-97.65579760590204,30.400745230836502],[-97.65579602576547,30.400747398736097],[-97.65508718942928,30.401720050165487],[-97.65501669054409,30.40207504457726],[-97.65497475269505,30.402285988648256],[-97.65548857466452,30.403379941030057],[-97.65594288863632,30.40398616298403],[-97.65652081168952,30.404470654998338],[-97.65653105967027,30.404479248013487],[-97.6573513526787,30.404917419505512],[-97.65791338453452,30.405416279588422],[-97.65797170495941,30.405468043256455],[-97.65815980140012,30.406214850350526],[-97.658155826355,30.406506678725716],[-97.6581507903995,30.406873685351805],[-97.65807411649506,30.407646334281445],[-97.65786328728777,30.408560936918267],[-97.65772702363896,30.40873638467126],[-97.6575019785923,30.409026029271363],[-97.65715682519888,30.409470354213802],[-97.65672647558392,30.409892037180708],[-97.65591764058695,30.410795199353853],[-97.65561306499323,30.411708831209406],[-97.6555175363493,30.41199526122344],[-97.65550575045276,30.413053050022747],[-97.65549765124216,30.41378523551249],[-97.65604765196139,30.414995246378584],[-97.65603768515331,30.41646523090754],[-97.65603764562744,30.416475228133663],[-97.65752943559895,30.418024176140648],[-97.6576076204697,30.418105297599112],[-97.65760799596549,30.418106224873735],[-97.65767877781998,30.418281954490148],[-97.65791756349724,30.41887519977024],[-97.66104758589958,30.42165520365647],[-97.6634521953538,30.42074829276825],[-97.66358558529201,30.420697974944115],[-97.6641972724235,30.420912609456447],[-97.66420615406669,30.420915719649013],[-97.66426011676414,30.42099667215559],[-97.66478959816564,30.42179072946474],[-97.66536759488069,30.424805207056814],[-97.66594648452114,30.425843242486675],[-97.66594762088997,30.425845271174776],[-97.66860766180363,30.425865204834185],[-97.66865351271406,30.425922636275775],[-97.66916762124612,30.426565213435698],[-97.66899931289448,30.427387006165112],[-97.66899764921457,30.427395223034992],[-97.66898771564418,30.428155285152652],[-97.66914250524908,30.428936351820486],[-97.66921763674618,30.4293152660983],[-97.6691676140596,30.435055215059595],[-97.66888084127818,30.436609495741166],[-97.66873766509326,30.437385254356137],[-97.66751762986823,30.43942527321567],[-97.66627751460165,30.441305278864174],[-97.66569096772172,30.442296530116657],[-97.66518732905432,30.443528661532596],[-97.66503362012268,30.445102692729527],[-97.66461746299089,30.446530793390302],[-97.66443458037209,30.447818118334762],[-97.66442481658328,30.448534156372446],[-97.66452104321819,30.44897824175902],[-97.66454925031812,30.44910840546861],[-97.66509871564142,30.45003070971806],[-97.66545042673641,30.450322558051514],[-97.6656355713131,30.45047620313011],[-97.66611233418384,30.45087189173967],[-97.66729391702313,30.451514158142835],[-97.66854173713989,30.45215717302535],[-97.66869832696865,30.452238901873667],[-97.66936759431319,30.452825279317892],[-97.66973198782337,30.45406971883506],[-97.66977758540888,30.45422527227019],[-97.66977727998167,30.454226361820925],[-97.6696076412251,30.45473527206692],[-97.66958747943687,30.45560528423574],[-97.6695968264074,30.45560974846532],[-97.67200761357583,30.45673523500466],[-97.67527170144947,30.457521697630416],[-97.67528066753432,30.457525565520825],[-97.67573660476185,30.458045874753378],[-97.67586761146961,30.45824010201712],[-97.67612563995857,30.45862271683176],[-97.67670488892512,30.45902973348665],[-97.67691175925695,30.4591750205569],[-97.67786446932816,30.45964306263455],[-97.67925042967438,30.459857645502904],[-97.67978374239057,30.45987791833627],[-97.68027508581669,30.45989666340527],[-97.68120160460747,30.45984873833984],[-97.6812268382838,30.459846457926304],[-97.68206247272065,30.459771492302384],[-97.68272054166688,30.459681243566394],[-97.68452092359972,30.460017264236352],[-97.68477766659952,30.46006522174082],[-97.68582763906316,30.460075300448686],[-97.6858303385006,30.46007658816305],[-97.68701764809981,30.46063530901785],[-97.6876014766777,30.460866846664295],[-97.68774281131628,30.460922942685436],[-97.68783374328092,30.46094689798795],[-97.68842691882934,30.461096108022165],[-97.68851893506051,30.461119221592078],[-97.68895996744082,30.461230175943214],[-97.68902019498907,30.461245315504893],[-97.6889675123909,30.46158017084861],[-97.6920821448558,30.463035990341275],[-97.69277486272082,30.463176685213714],[-97.69648337501333,30.461943414615185],[-97.69727493271245,30.460458048209745],[-97.69810758204761,30.459753161478343],[-97.69929354507224,30.459564448956264],[-97.70075979504189,30.45957905990524],[-97.70210131034112,30.459302648627208],[-97.70328844297224,30.459024687109665],[-97.70360948288848,30.458091871804996],[-97.70487378349745,30.457814663373235],[-97.70754957547132,30.45779658771666],[-97.70917663735158,30.45732238762347],[-97.71023133854686,30.457332820494827],[-97.71333884826988,30.45578108644877],[-97.71454053810018,30.4543888758842],[-97.71639643052771,30.454117466312706],[-97.71823719622417,30.454993525652217],[-97.71987529480602,30.455633673325192],[-97.72029418820617,30.455080595287676],[-97.72129257850787,30.4554581194186],[-97.72457221262583,30.455490224745912],[-97.72551445732398,30.455243101731295],[-97.72587633016147,30.45412116784666],[-97.7262838868227,30.453445383120428],[-97.72865918335087,30.45278878464421],[-97.72997278170601,30.451676027008467],[-97.73088620665321,30.45067085282013],[-97.73414353739932,30.44993350315477],[-97.73565474804896,30.449948156591745],[-97.73757828810896,30.449398500960466],[-97.73966891750676,30.44886152260413],[-97.74002051810896,30.449020939415178],[-97.74054749410914,30.450051265707444],[-97.74365981071723,30.45008127106303],[-97.74545631372469,30.449407614299364],[-97.74620572336899,30.44964880150719],[-97.74846844661904,30.44922482385352],[-97.74970019318043,30.44745356887796],[-97.75069027855734,30.446972738843705],[-97.75225867865292,30.44349975157518],[-97.75487135229997,30.44184195807583],[-97.75637511591593,30.441410509904927],[-97.75640844970118,30.438792056205894],[-97.76045201113675,30.43735949019648],[-97.75952900835199,30.435317872090163],[-97.75860085193244,30.43326502526055],[-97.75920796663912,30.430808541389123],[-97.76063980664183,30.429923848202144],[-97.77088584524543,30.434995077360472],[-97.77702954654272,30.438080819033928],[-97.7775061890392,30.43837815798016],[-97.77908715476897,30.439364362940392],[-97.77961101451343,30.43905503930404],[-97.78037867972095,30.43860170684477],[-97.78221024756722,30.437520065123145],[-97.78451829082334,30.438098525034835],[-97.7876771491463,30.441627104743144],[-97.78785657055631,30.44219143014384],[-97.78844472811555,30.44404129780214],[-97.79256893939902,30.44648667586899],[-97.79552768631434,30.447494658706503],[-97.797487974656,30.44751274014614],[-97.80049191671158,30.447540392010698],[-97.80223289485133,30.44822498573831],[-97.8058023811755,30.447678243090767],[-97.81015696810853,30.447093949661934],[-97.81280629212087,30.447118084935497],[-97.81437065249261,30.4485810895453],[-97.81701661950075,30.452081967617975],[-97.82005110247935,30.452884413251777],[-97.8225351248013,30.453886405907742],[-97.82499605143732,30.45603354269456],[-97.82507196177376,30.456099841418396],[-97.82587385369193,30.4560862281027],[-97.82867386290665,30.459319322452348],[-97.82985947199504,30.46129133117839],[-97.83042005756327,30.463904067742117],[-97.83276122080561,30.46499473839685],[-97.83301079704604,30.465643480768012],[-97.83488066366613,30.466351064288638],[-97.83647568533516,30.466365304112873],[-97.83770135928522,30.467156326910107],[-97.84037695093477,30.467180142084406],[-97.84225903015115,30.466862559233746],[-97.84265480181419,30.46820336602325],[-97.84564914626928,30.469567194687812],[-97.84676284432088,30.471137155511993],[-97.84713115358737,30.472633727121508],[-97.84679930514162,30.473500027297717],[-97.84676568838707,30.47471853824381],[-97.84675442710666,30.475126701606523],[-97.84698740248066,30.47529248436218],[-97.84897447499081,30.476706420621184],[-97.85027709593317,30.479726804890046],[-97.8512680050652,30.481897455387397],[-97.85200248650611,30.485091180591212],[-97.8545276166338,30.487030146772902],[-97.85890965428528,30.48862867845074],[-97.85969538371484,30.489683158726184],[-97.86268207811696,30.491898133118283],[-97.86237122599435,30.49304972998293],[-97.86233725350695,30.495969179221827],[-97.86191619965855,30.49785999752302],[-97.85958929178146,30.49986782115214],[-97.85877339422971,30.501955718466814],[-97.85892043047542,30.5025922547761],[-97.85904477976862,30.502961084670908],[-97.85795884145595,30.503386191376816],[-97.8568354838201,30.503699552948966],[-97.85586672085479,30.504678520884273],[-97.85564385961257,30.50490372637911],[-97.85545838176093,30.50534788675387],[-97.8559052073765,30.5067559755834],[-97.85563384070221,30.507399932120688],[-97.85563084032918,30.50765624193565],[-97.85601127685199,30.508138728900835],[-97.8561482636446,30.508530017820405],[-97.85606751498203,30.508830172484636],[-97.85714345145234,30.509274228243946],[-97.85799610716721,30.512301758710365],[-97.85815562999535,30.512250830332324],[-97.85969503606682,30.51175935223594],[-97.85990703038904,30.512351845040726],[-97.86083642828031,30.512660918873333],[-97.8616583948501,30.512813032300595],[-97.86249495724665,30.512820338035933],[-97.86314683500393,30.51320485420659],[-97.86386905174629,30.514191792050077],[-97.86424444961865,30.51622330919181],[-97.86464835732323,30.518567021856903],[-97.86691639859976,30.51945599966498],[-97.86817867889765,30.519946197584186],[-97.86835450165664,30.520324876254588],[-97.868874118658,30.521443700863827],[-97.86893206538372,30.521568627829677],[-97.86940436003424,30.524135820254504],[-97.87041737131553,30.52559330016276],[-97.87133986834877,30.52708342801114],[-97.87164511318737,30.527955308360287],[-97.87030625869802,30.527966051689198],[-97.86939929443436,30.528470770920656],[-97.8683030659201,30.52975392733854],[-97.8665896975006,30.530964915279394],[-97.86577943418231,30.53200537791353],[-97.86740364391154,30.534047662275153],[-97.86848678936201,30.537222053581385],[-97.86701964736525,30.539393472001937],[-97.86701059144886,30.54017348248459],[-97.86724384889386,30.540598951009315],[-97.86698274098012,30.540908718750817],[-97.86682153830239,30.540909503271408],[-97.86615871637,30.540912720269827],[-97.86533378356312,30.540994678646193],[-97.86480418627895,30.541146081578272],[-97.86424418012409,30.541141197292],[-97.86367989080195,30.541504014842136],[-97.86324910909734,30.542012923616184],[-97.86281741650104,30.5425997032826],[-97.86282045550165,30.543446697028376],[-97.86186319636185,30.543828422091583],[-97.86281638343846,30.544895352228888],[-97.86354115768442,30.545681766898184],[-97.86523248773506,30.54527307180506],[-97.86615949431103,30.54528114720664],[-97.86654854028754,30.545039459692536],[-97.86749790413431,30.54533732066579],[-97.86808402251785,30.545083228497464],[-97.86845544893838,30.54492220431763],[-97.8695028935428,30.5456445140536],[-97.86983252045485,30.54608198960279],[-97.87101694107213,30.546092261322705],[-97.8719727000254,30.546947512616725],[-97.87195997988097,30.54749342220298],[-97.87277578849951,30.548759886983966],[-97.8727675482534,30.549473031708803],[-97.8734774715511,30.550437461133107],[-97.87383539449627,30.550663370561843],[-97.8741839291484,30.55170280755719],[-97.87531059977101,30.551701368655806],[-97.87717781097113,30.552252413732642],[-97.87738029213448,30.552566194844037],[-97.87971057318545,30.55314345821692],[-97.88077506422071,30.553520267679218],[-97.88183358325598,30.553284285791847],[-97.88231463917546,30.553433178602948],[-97.88363111752939,30.553177130324947],[-97.88440358153717,30.553183749944232],[-97.88534555853734,30.553570732706724],[-97.88691362715458,30.55551206800859],[-97.88740585542126,30.556385504839113],[-97.88724009738671,30.557375901990405],[-97.88721810213698,30.559303549928323],[-97.88811719626045,30.56006905754229],[-97.88946915088158,30.560080597154922],[-97.8898792030627,30.561387943306702],[-97.88888784028146,30.5636305331763],[-97.88893828427791,30.563888329843508],[-97.88922858564176,30.56537190334746],[-97.89089016618513,30.56590982822046],[-97.89171844611475,30.56668588275859],[-97.89237241784497,30.566691446425047],[-97.8927356633082,30.566694535717808],[-97.89338262728089,30.565295875824294],[-97.8962442672123,30.565052660213112],[-97.89785919824297,30.56573502790901],[-97.8984022990025,30.565538993365642],[-97.89868280962806,30.56578652770291],[-97.89913278833028,30.566425581244083],[-97.8991282581263,30.566826718526425],[-97.89931216841781,30.567641806157578],[-97.89977293319164,30.568470322101717],[-97.90115385129415,30.56935121835314],[-97.90380582713321,30.570588283614086],[-97.90527508556079,30.56934140853133],[-97.90647508925328,30.569139691675392],[-97.9074953310743,30.56888083461848],[-97.90821226841771,30.56811793042241],[-97.90878662156598,30.56800016691079],[-97.90903366006573,30.568369976017852],[-97.91029886976979,30.569238633127494],[-97.91105109024261,30.568765782260982],[-97.91150956521079,30.568078665105816],[-97.91217914786402,30.568084261951693],[-97.9132594088241,30.567647574740242],[-97.91418604888743,30.56654082742778],[-97.91833566722208,30.5651266737436],[-97.92191848993497,30.56429833344745],[-97.9232535176012,30.56468829627202],[-97.9270166851922,30.566769794849918],[-97.92272642122677,30.570434201728172],[-97.9191781701776,30.572187787680043],[-97.91850257779514,30.573876119696767],[-97.91846745366753,30.57704072593781],[-97.91787432033993,30.57778554603609],[-97.91776217915144,30.577926361820253],[-97.91633681869688,30.578694597165345],[-97.91591572981417,30.579493444595666],[-97.91589986017637,30.58091974417434],[-97.9151557487956,30.582986309745156],[-97.91968665435766,30.584405902557663],[-97.92078375154279,30.585373381236085],[-97.92114263568531,30.586691295770887],[-97.92072278468109,30.587378764373554],[-97.92045331614699,30.588446308348114],[-97.92138845157797,30.591240045792976],[-97.92102038934819,30.591905682533366],[-97.92157363029065,30.593136065861223],[-97.92031333526954,30.595265257562282],[-97.9203029543381,30.59620127960229],[-97.91997425897902,30.5968003593976],[-97.91821329691744,30.597610349197836],[-97.91598759144364,30.598505668980973],[-97.91389311186653,30.5991790661524],[-97.91325196897691,30.601487430894238],[-97.91547016992483,30.604481962143645],[-97.91806968954117,30.60543710852396],[-97.91927813110917,30.605099830741597],[-97.9213523123541,30.605898561054914],[-97.92349613099987,30.607218822876817],[-97.92483041935263,30.60911854288243],[-97.9261809726019,30.608413292196136],[-97.92747529490768,30.60815532862081],[-97.92816809901097,30.608017245783394],[-97.92932800011258,30.607527488771648],[-97.93020113022938,30.608012306104143],[-97.93114572851358,30.608844941193762],[-97.93204918036452,30.60885236108638],[-97.93268412937024,30.609313530611413],[-97.93346091337621,30.609428448255322],[-97.93390669514943,30.609974764638984],[-97.93488020211777,30.610460373006998],[-97.93601575618023,30.609905329081545],[-97.93681143804481,30.610584723062185],[-97.93737182598367,30.612130662513756],[-97.93888855408579,30.613445548983762],[-97.93990013704577,30.615060274749936],[-97.93944095061188,30.615729418470604],[-97.93943242110825,30.617452854374278],[-97.93943052656134,30.617835198864455],[-97.93994025490804,30.617692861674755],[-97.94079017974444,30.61745551994857],[-97.94180976759192,30.618332212361768],[-97.94266309075503,30.61833914913088],[-97.94328904942142,30.619275445286128],[-97.94330516519761,30.619299550959656],[-97.94334066931259,30.619299838539355],[-97.94403319314154,30.61930546335026],[-97.94486466298875,30.619008240813624],[-97.94640057371542,30.61973710012818],[-97.94674063994938,30.620906467139857],[-97.94681191947056,30.62115157031994],[-97.94833478126944,30.621923653649418],[-97.95039865434649,30.62374222490168],[-97.9504001769909,30.62476253012202],[-97.95068819753223,30.62598065203522],[-97.9525778702077,30.627667392935155],[-97.95329362536822,30.62897314116608],[-97.95602025300401,30.627342794795656],[-97.95695982521418,30.627350336950567],[-97.9574221988707,30.62595303237375],[-97.9574291167967,30.625932122437284],[-97.9589164268699,30.625330297743808],[-97.96222963552161,30.625356780477595],[-97.96391908270343,30.624653846538855],[-97.96469551546811,30.623639730589126],[-97.96592817741276,30.623389005270937],[-97.9672036773184,30.62383333936949],[-97.96933487104114,30.624067346860215],[-97.97139410342145,30.622802817191644],[-97.97122296896994,30.622367266271826],[-97.97258339650082,30.62190038506166],[-97.97371292376602,30.621909304429952],[-97.97461330158205,30.622220379446244],[-97.97525019723702,30.621335326177384],[-97.97556193959007,30.62033916136624],[-97.97690035570153,30.619568173195947],[-97.9779694011953,30.618165435212447],[-97.98013499141028,30.617509544969142],[-97.98058437003792,30.61653612130906],[-97.98174526198127,30.615937352205027],[-97.9820560107976,30.615027949218984],[-97.98206895641917,30.613790654795476],[-97.9818001759946,30.613093898312208],[-97.98181449064865,30.611726299345012],[-97.98370455948115,30.608593219628116],[-97.98624803410524,30.608982154608096],[-97.9885067023601,30.608999735947073],[-97.99128360331245,30.60986793854282],[-97.992523205641,30.61135380897655],[-97.99399877473341,30.61186454079607],[-97.99624229020607,30.6133580529492],[-97.99703999687331,30.615101006929077],[-97.99904928831371,30.616201817597148],[-98.00001771351248,30.6172297359628],[-98.00216946787548,30.617897477793644],[-98.00739378839522,30.618805855023247],[-98.00925666702072,30.618277310363688],[-98.01219640558463,30.61675829119885],[-98.01379338378435,30.61768216693421],[-98.01570093203567,30.617696617280235],[-98.01589632099984,30.618240930370693],[-98.01875226291743,30.617546092994857],[-98.02013057051575,30.61777358551348],[-98.02317658247271,30.61688465787052],[-98.02559817367906,30.615708853444094],[-98.03011157287285,30.614917621148813],[-98.03181366384229,30.612867924792614],[-98.03228387619795,30.612754723681952],[-98.03365038173006,30.612425705095514],[-98.03507662343192,30.612870411130462],[-98.03619663304671,30.612556506611927],[-98.03618763282587,30.613464837312875],[-98.03674662657941,30.615314257044552],[-98.03762792777204,30.617578584669797],[-98.04154856913404,30.61962647593053],[-98.04389751268505,30.620707506074925],[-98.04472582136077,30.620713595408485],[-98.04691704859563,30.621944062747247],[-98.0487828692037,30.622957698628877],[-98.04967236931994,30.624418711852925],[-98.0516723784685,30.625258282821797],[-98.05199791085948,30.625550550475165],[-98.05286690153945,30.626330733073665],[-98.05386540952047,30.626902431491825],[-98.05590551587007,30.62750344944804],[-98.05591887651327,30.628719281282734],[-98.05573449280963,30.629608025266002],[-98.056074289549,30.630804466172414],[-98.05821709759007,30.63377246291104],[-98.06105922611354,30.635833721021722],[-98.06196645538022,30.63807630885054],[-98.06174325187989,30.63909509025517],[-98.06095210560918,30.64043533701289],[-98.06059754685474,30.640736668907593],[-98.06034217648072,30.641190699619273],[-98.06033755734352,30.64166839084836],[-98.06063445054491,30.642126331057344],[-98.06396044401974,30.64349628282484],[-98.06691772937612,30.64406029491151],[-98.06690689030388,30.645189160905264],[-98.06761105180733,30.646388182866826],[-98.0675983478326,30.647712377215896],[-98.06854198761437,30.648920593128214],[-98.07106425930282,30.648931161536858],[-98.07492272826399,30.649805409531382],[-98.07701187993314,30.64927750948128],[-98.07913060324313,30.648272141958703],[-98.08085849652247,30.648762010443484],[-98.08211402148942,30.648749204678264],[-98.08357806789171,30.647934566726462],[-98.08428917157566,30.647761125421386],[-98.08768495696155,30.647768033804518],[-98.0898967996339,30.6475230822842],[-98.09095043273231,30.650309255898627],[-98.09177352578949,30.65090111746304],[-98.09285012252153,30.65258025076264],[-98.09350046685462,30.654212967736395],[-98.09310669663803,30.656033822211324],[-98.09305021057298,30.65939841798384],[-98.09418717139717,30.661338499469586],[-98.09581134968536,30.662218131624297],[-98.0952879840143,30.663126332265165],[-98.09625264976363,30.664717783526147],[-98.09752609073061,30.665508165805317],[-98.09840261827583,30.665774787500332],[-98.10014259569235,30.66500531739597],[-98.10063037011184,30.666571758326068],[-98.10198220525704,30.667036987514084],[-98.10389067338322,30.667050164062186],[-98.10652531892381,30.665939441898708],[-98.10855943171383,30.665953413695323],[-98.10991965712378,30.665506859179143],[-98.11174180882925,30.66397793676312],[-98.11308370411584,30.664160769795895],[-98.11403251280375,30.66477510785676],[-98.11400914043668,30.667336650964625],[-98.1142250020062,30.66844530717088],[-98.11371723468173,30.670417353354456],[-98.11801303406595,30.67307348420211],[-98.11893166834348,30.674230253915763],[-98.12059159508841,30.673981044290755],[-98.12147062534,30.673986992742993],[-98.12295785276818,30.673389170303327],[-98.12422007108233,30.674070665074975],[-98.12842290561441,30.67731193632619],[-98.12990051298424,30.67779939933093],[-98.13199076778454,30.6771621576591],[-98.13520038361601,30.677769756359726],[-98.1371845069571,30.677782950758843],[-98.13824848235939,30.678180692516435],[-98.14026423448331,30.677455954264353],[-98.14318599596176,30.677952811296073],[-98.14509470124315,30.677965388366992],[-98.14637101412411,30.67849485923765],[-98.14709180344347,30.679367916576233],[-98.14876597836711,30.68035585813116],[-98.14938572069174,30.681293442099896],[-98.15061327751063,30.681670480108277],[-98.15155779584477,30.682477594055847],[-98.15032988688628,30.683904766661296],[-98.14951296615341,30.685397372793556],[-98.14949507979779,30.687437882711773],[-98.14996666927082,30.688092278226385],[-98.14993701139171,30.69004591634486],[-98.15303215221157,30.692302184671952],[-98.1536939374881,30.694195221165007],[-98.15368995974804,30.694651157452462],[-98.15219973554005,30.69557487609865],[-98.15105466203055,30.69723901393888],[-98.14934242997988,30.697683774133647],[-98.14866800001738,30.69867798654988],[-98.14888413018318,30.699808266045807],[-98.14844493306099,30.701194786238727],[-98.1471442560729,30.70340062250706],[-98.14713483633882,30.70589714167311],[-98.14848096718197,30.70709995020761],[-98.14888621247799,30.708166353242287],[-98.14844611254895,30.70963973829976],[-98.14798874071194,30.71022284646871],[-98.15225797421824,30.713333564217624],[-98.15342703993237,30.71468715529275],[-98.15340046327468,30.716293479795638],[-98.15428792331691,30.718253091217758],[-98.155058678729,30.719191628392206],[-98.15681689643738,30.720722686752914],[-98.15888133545306,30.72171303450378],[-98.16133801485441,30.722401993904153],[-98.16059816957292,30.723678057221598],[-98.15925311131824,30.725210655182064],[-98.16057722984367,30.727542053812005],[-98.16274717778609,30.72944478158785],[-98.16270547439733,30.731354987307576],[-98.1620110650046,30.73319577805434],[-98.16389315500076,30.733511808781035],[-98.16670754983646,30.733551668703104],[-98.16859885205588,30.734258456462726],[-98.17048368281196,30.734270518896732],[-98.17228757895423,30.734933337362655],[-98.1738984190571,30.734639630036604],[-98.17794017667558,30.73516460960312],[-98.17897978617411,30.737038229240223],[-98.18129819149702,30.74076518986253],[-98.18322254992226,30.742079922971648],[-98.18366875480197,30.74456838947053],[-98.18367850870932,30.7446227263682],[-98.18366561069848,30.747640215508536],[-98.1848702703591,30.750839107028696],[-98.18458229653017,30.75220493413276],[-98.18329106173401,30.75330399217653],[-98.18255635930754,30.755254865002307],[-98.18546772009164,30.756009592663965],[-98.18669352789067,30.756712023891268],[-98.18771280851432,30.758064283986027],[-98.1887899720833,30.758526983167332],[-98.18956819069878,30.760138347209928],[-98.1908482872837,30.760385201420675],[-98.19154496132926,30.761236186909542],[-98.19332026409602,30.760878151451035],[-98.1947000691859,30.761234052529062],[-98.19610020135404,30.763652523801564],[-98.1990111435232,30.764278396716186],[-98.20119601607577,30.766072031163098],[-98.20272949146973,30.766081469821902],[-98.20477621840297,30.76787419304538],[-98.20504425681912,30.76891781972493],[-98.207725656077,30.769976294121093],[-98.20712500744374,30.77116668048466],[-98.208460166264,30.77391019040276],[-98.20752093002375,30.775011632534426],[-98.20657747529492,30.776612359889768],[-98.20699138214691,30.778264737451167],[-98.2075736539444,30.779310362259643],[-98.20758542995947,30.780960365048873],[-98.20800184221278,30.782287191477742],[-98.20909506676072,30.78390035716317],[-98.20911253090817,30.7848338928937],[-98.2101208844247,30.787597151757325],[-98.21131717717677,30.790448331325347],[-98.21110858657116,30.791358816505987],[-98.21267676478287,30.79178087312345],[-98.21357580770237,30.792546183387675],[-98.21635858273838,30.793605015906348],[-98.21861766242162,30.79411796627133],[-98.22046102065599,30.79473692679359],[-98.22253658620478,30.796182222532085],[-98.22495070971618,30.796196678574383],[-98.22738346787982,30.795451350011678],[-98.23050168192775,30.795469898240714],[-98.23166764845415,30.79747407283421],[-98.2331592174401,30.798069094235565],[-98.23366044233434,30.799873892844076],[-98.23366558698596,30.80080743861315],[-98.23631312784248,30.803124213889774],[-98.23954442630995,30.80477146707966],[-98.23925960736427,30.80581177687602],[-98.23925054426138,30.80696234078501],[-98.23973467152081,30.807768468865152],[-98.24144190175197,30.80814747417137],[-98.24212957467839,30.81025730765437],[-98.24372151422767,30.81252440092376],[-98.24680958979782,30.813258802880863],[-98.24823354798224,30.814504475399723],[-98.2501909392571,30.8150802428318],[-98.25402295013821,30.81395174550939],[-98.25733245952757,30.81533847058583]]]},"properties":{"objectid":619,"tnmid":"{C2B5301A-EB77-4087-9C5E-53C21671BED8}","metasourceid":"{511D2AC8-11BA-45FC-AB98-F69D693D4C44}","sourcedatadesc":"Watershed Boundary Dataset (WBD)","sourceoriginator":"Natural Resources and Conservation Service and U.S. Geological Survey","sourcefeatureid":null,"loaddate":1723803860000,"referencegnis_ids":"1384879,1856382","areaacres":794174.31,"areasqkm":3213.91,"states":"TX","huc8":"12090205","name":"Austin-Travis Lakes","globalid":"{B976EF75-F2FB-4B21-8349-EE3CF52787ED}","shape_Length":468935.31609690905,"shape_Area":4331576006.11746}},{"type":"Feature","id":620,"geometry":{"type":"Polygon","coordinates":[[[-98.09588177670533,30.457508752005253],[-98.09708179566918,30.457916410603215],[-98.09792124614937,30.458543466593444],[-98.09873766202904,30.4588819125539],[-98.09938139476162,30.458509189461314],[-98.1016920098944,30.457903876984386],[-98.10285284704052,30.457002175442327],[-98.10390172086458,30.457120291077352],[-98.10463910116893,30.45723642964155],[-98.10538815597869,30.457019586074125],[-98.10644215109818,30.456183413041675],[-98.10804443205302,30.456405520255284],[-98.10943541128673,30.455527430826688],[-98.11001538160046,30.453712011201784],[-98.1105884824972,30.452650878841006],[-98.11285865188263,30.45082477458688],[-98.11301351604773,30.449283802765247],[-98.11281846215513,30.44819533372418],[-98.1123613831689,30.447770610167417],[-98.11184959498524,30.447722765874246],[-98.11171269263426,30.445880271866635],[-98.11128576200726,30.444945492963036],[-98.11049864198564,30.444207894754555],[-98.11326953500539,30.443627683628453],[-98.11537282795373,30.44324260987071],[-98.116304482413,30.44216169807245],[-98.11701953329431,30.4409573123147],[-98.11838340855927,30.440212195388714],[-98.11925961810088,30.439596863479625],[-98.11952197557119,30.438888658926068],[-98.1222811419832,30.439595037220712],[-98.12648666966452,30.439257031577313],[-98.12686808265605,30.439226371537202],[-98.12762890090447,30.440052508589947],[-98.12891195204837,30.43975037211451],[-98.13057108468257,30.438907197368117],[-98.13154222369184,30.439113379211346],[-98.13416938087623,30.440284608626154],[-98.13611444097718,30.44040840525788],[-98.13804056549024,30.441231019245432],[-98.13859551502838,30.440735430122917],[-98.13891263559503,30.439606014910552],[-98.13958831421576,30.438478877597884],[-98.14052963814073,30.43771956510577],[-98.14179068595006,30.438449016601236],[-98.14669633181774,30.438226011089586],[-98.14700977827486,30.437518082374034],[-98.14750086029123,30.436988766692437],[-98.1483959048094,30.43712769842475],[-98.14978778954492,30.437547299262498],[-98.15127033495384,30.437845394207176],[-98.15278079191697,30.43787738683619],[-98.15407054449288,30.43679843704661],[-98.15615948415962,30.43512927025848],[-98.15715434408229,30.435623944501817],[-98.15809478047176,30.43631419846069],[-98.15831744138966,30.437225329799002],[-98.1612833478778,30.437732589261355],[-98.16282215836621,30.4374540232911],[-98.16396412100991,30.43865948318562],[-98.16416578380804,30.439037946105746],[-98.16476851204119,30.440439665154635],[-98.16503808477985,30.441839163762648],[-98.16526479081148,30.442284412704705],[-98.16616638225143,30.44316660298228],[-98.16665418272207,30.44301436443195],[-98.16742857092117,30.442287145047224],[-98.16922465082214,30.44187705969225],[-98.17148350233329,30.442745575744635],[-98.17174803103164,30.441748832589084],[-98.17514279323643,30.440017485314787],[-98.1774663207531,30.43776903535648],[-98.17907974081746,30.437734829143327],[-98.17940777681312,30.438313785013232],[-98.18017840646107,30.439550042930012],[-98.18200946675921,30.44107030250376],[-98.1844386954421,30.441484860001086],[-98.18609407042348,30.442582428111294],[-98.18657391900723,30.443384127149173],[-98.18790546839668,30.443392423215588],[-98.18961945665372,30.44360279548714],[-98.19193412318843,30.44550308856385],[-98.19199418724328,30.445980535331127],[-98.19341382453116,30.44617786040518],[-98.19476189663365,30.447295607762097],[-98.19555743836105,30.447100794120978],[-98.19748014478448,30.44528214141074],[-98.19847864647728,30.445310463806848],[-98.20042627037006,30.44514495839093],[-98.20116849798367,30.445193863397584],[-98.20193307118997,30.445642260633665],[-98.20266880398408,30.446489914577594],[-98.20344120241482,30.446490850101227],[-98.20443866835012,30.44669665269495],[-98.20539988456875,30.447593809201532],[-98.20562634446199,30.448105449863853],[-98.2074827884551,30.448127831583996],[-98.20852983959743,30.448489261461525],[-98.20898314206622,30.44944607183649],[-98.2103436037331,30.449055044091654],[-98.21185105403495,30.449485607345963],[-98.2127225752691,30.449379959866864],[-98.21387287248199,30.44965307550356],[-98.21480324594366,30.45020229680356],[-98.21731515287034,30.44992885822699],[-98.21979738305332,30.450165709767166],[-98.22084926803021,30.44992791266895],[-98.22256239120962,30.450270938213123],[-98.22330775843518,30.449942569978848],[-98.22474146513704,30.449995459252815],[-98.22551135636982,30.45140898989367],[-98.22704724014707,30.45150682070075],[-98.23044915114488,30.44877564234526],[-98.23196722402498,30.447874885553702],[-98.23426718334186,30.448277505768697],[-98.23460557152286,30.447801659381916],[-98.23700924223759,30.446606577715038],[-98.23783703707697,30.4455462717721],[-98.2383912167589,30.443441651278565],[-98.23961891640994,30.443626349228975],[-98.24048598200027,30.44409738492213],[-98.24201308833887,30.445304413807307],[-98.24332491970783,30.445585770140987],[-98.24403282898265,30.445737669340534],[-98.24614509789731,30.444130197975035],[-98.24676650569847,30.443246263026314],[-98.24846535015645,30.442263169668184],[-98.24911755310389,30.442266924316524],[-98.24989542676627,30.442904419383126],[-98.25355825523499,30.441569054446195],[-98.25356307918807,30.440936058146228],[-98.25313936902137,30.438334077043713],[-98.25351083047619,30.43752228177465],[-98.25555307661278,30.436561896140038],[-98.2567213356398,30.437314502619333],[-98.2571991315731,30.437961503847625],[-98.25803696778073,30.43755943507695],[-98.25889738853289,30.437632043912163],[-98.25962329735107,30.438246586607384],[-98.26311410293444,30.438921881893652],[-98.26423733750107,30.438747403874398],[-98.26915731958236,30.43482096021815],[-98.27394603354611,30.436204646284274],[-98.27521092165328,30.43595994665352],[-98.2766649850778,30.43667396742251],[-98.27808986673033,30.437969245827883],[-98.27869783573485,30.43919656111183],[-98.28049730767432,30.438374838453612],[-98.28168996135118,30.437615377994316],[-98.28255717875679,30.43647114183675],[-98.28321572740337,30.4362121072526],[-98.28372194154069,30.436072636696977],[-98.28428194589893,30.435484691521715],[-98.28469167199161,30.434720994316073],[-98.28636762468119,30.43349352588431],[-98.29025762989875,30.433449115107813],[-98.29036427249937,30.432661731718234],[-98.291003740031,30.43154905415834],[-98.29199610084054,30.430547598723454],[-98.29283064562095,30.430398948408723],[-98.2941427401963,30.43057023001188],[-98.29612905183342,30.42830470107785],[-98.29653479030452,30.428066163600725],[-98.29869815000268,30.429281596025447],[-98.30116995613508,30.429754456971356],[-98.30185933226728,30.428707525265708],[-98.30244320665922,30.428272973314872],[-98.30340165876173,30.42847504059234],[-98.30382646756802,30.42911201235852],[-98.30518289400264,30.430169776728686],[-98.30676172443697,30.431907270674223],[-98.30730561930721,30.433562545417423],[-98.30860143730793,30.436064469353067],[-98.30889827211881,30.436941553759944],[-98.30914036539296,30.437620225656097],[-98.3091955165615,30.437774782215968],[-98.31195231950602,30.43861637979875],[-98.31300045311828,30.43908620901828],[-98.31476378313893,30.439773960864763],[-98.31643036729842,30.439848321502808],[-98.31831518727475,30.441226151626637],[-98.31924231422498,30.442303371814653],[-98.31979196280462,30.443181753095004],[-98.32023774996773,30.44445348909369],[-98.32311846023431,30.444315204403832],[-98.32410925348367,30.44349952388282],[-98.32524405116465,30.44377906079416],[-98.32627711733464,30.444145525289066],[-98.32670441986417,30.444465083478132],[-98.33064604227792,30.444310257169953],[-98.33172616938903,30.445202231333877],[-98.33556760808905,30.44493734572364],[-98.33636655083814,30.446331229346296],[-98.33717171262393,30.446794925014938],[-98.33817951996477,30.447193938502714],[-98.33994376267374,30.447793891851834],[-98.34176281788642,30.44775938557929],[-98.34292579661619,30.447611905337],[-98.34287174768048,30.448136944267205],[-98.34367622764496,30.44870999612325],[-98.34460135764031,30.45013723622282],[-98.345427660378,30.451235775589975],[-98.34547370173127,30.451892644727074],[-98.3474416652787,30.45228547471812],[-98.34925723951963,30.45278700277267],[-98.34944825279007,30.454414130649347],[-98.35016641184227,30.454284531578185],[-98.35146748139414,30.45473498012771],[-98.35246333754844,30.45562771069558],[-98.35307000130084,30.456873751416364],[-98.3531429031794,30.457347833668095],[-98.357809704081,30.456897169536116],[-98.35928261865178,30.45725772439398],[-98.35969032982328,30.45671257107156],[-98.36027474589932,30.456212056728063],[-98.3609441443979,30.45555861773063],[-98.36158360653965,30.455717104413512],[-98.36235120257689,30.455456186593928],[-98.36491024500486,30.45430864958354],[-98.36650530709807,30.453791093456925],[-98.3684484142616,30.45345627329386],[-98.37075187790639,30.452264027097776],[-98.37171498058713,30.451981477336396],[-98.37261948706018,30.4505210568566],[-98.37411101741857,30.450556957634277],[-98.37530699396366,30.45016055451365],[-98.37656340646613,30.448953185385662],[-98.37856484663094,30.448452210676226],[-98.38042345286894,30.448375512415907],[-98.38280951840076,30.449561125297578],[-98.38466633339809,30.448228216644875],[-98.3905202381847,30.44678402325499],[-98.39136621941701,30.447307402386794],[-98.39215940845669,30.44832223737338],[-98.39230470825895,30.449021395548534],[-98.39305405052961,30.449024881212924],[-98.39428985478114,30.44875973494267],[-98.39542011776655,30.448764977780012],[-98.39542572415223,30.448029462255487],[-98.39544273914206,30.445272323711304],[-98.39488333575673,30.444400510847863],[-98.39702042422441,30.442612475264013],[-98.39867870884899,30.441926932110245],[-98.39983551435611,30.442477990620255],[-98.40108681544461,30.443833655678237],[-98.40253560216516,30.444567264400852],[-98.40328903266868,30.4438781949325],[-98.40526748314875,30.443163449354582],[-98.4052986654689,30.4420045748835],[-98.40620865346182,30.44101363123053],[-98.40750360818154,30.44064620157003],[-98.40836564051132,30.440621459820044],[-98.40886193455297,30.440767217339484],[-98.41045139115882,30.441364336917722],[-98.41108389944193,30.44146818699694],[-98.41154405695465,30.441238863197693],[-98.41290677159625,30.44061314647913],[-98.4137603435927,30.44062454847308],[-98.41551124003152,30.440384362036287],[-98.41628615284675,30.440886759888933],[-98.41662474225036,30.44141425916477],[-98.41905369155721,30.44220197538483],[-98.41971534747637,30.44293734978225],[-98.42107893707706,30.443177074543442],[-98.42293628028376,30.44301296961557],[-98.42492911907974,30.442332519115592],[-98.42525149119753,30.441615795029424],[-98.42501490639273,30.439792956089615],[-98.42469826642476,30.438955695793375],[-98.42462952554258,30.438012395196786],[-98.42431339941095,30.437089350656144],[-98.42449350264225,30.435911380129173],[-98.4248466501434,30.434755511399732],[-98.42525812974748,30.4341679850541],[-98.42609770599181,30.434407448670235],[-98.42731152757001,30.434091221338267],[-98.4288235161607,30.433540687042676],[-98.4298144414624,30.433266313329142],[-98.43077777590847,30.43348485874386],[-98.43118868777731,30.433004440036786],[-98.4312418725337,30.43236163962326],[-98.43244451547652,30.431841812929516],[-98.43350822587581,30.431803579265896],[-98.43429117951115,30.433285790814097],[-98.43575938870644,30.43371142559676],[-98.43612094264199,30.433379495222635],[-98.43625541505016,30.431493916400907],[-98.43711054921688,30.43118688528785],[-98.43783268061927,30.430332790216447],[-98.43840902982409,30.429027777723896],[-98.43796847085594,30.428211439504125],[-98.44013027736695,30.426463207298514],[-98.44039511957732,30.425553440200474],[-98.44084720752383,30.424333672275967],[-98.44080313617602,30.423390486655347],[-98.44144890898261,30.422921708132602],[-98.4428617810581,30.422349074071573],[-98.4428886990756,30.421963350033213],[-98.44318972273066,30.42121455485468],[-98.44307304954158,30.419992351410055],[-98.44463272250415,30.419698946651472],[-98.44581855257812,30.41991833042355],[-98.4464873276459,30.419728247117465],[-98.4471078685728,30.41932361189237],[-98.44764019763375,30.419207978169474],[-98.44865261243369,30.419490964526776],[-98.44946494906365,30.41989090467092],[-98.44969322445206,30.42000327940472],[-98.449974479781,30.420141593921134],[-98.45045297370531,30.420377278381235],[-98.45146039656721,30.421538860029404],[-98.4522946655648,30.42272121656711],[-98.45276150474662,30.423258992666508],[-98.45288174873897,30.423881022769432],[-98.4532267736733,30.424096812206866],[-98.45503815008693,30.42410480626389],[-98.45644376646987,30.423745835275465],[-98.4571834913771,30.424156178134826],[-98.45896236764207,30.424485035239325],[-98.45987422682573,30.425067485019525],[-98.46136388150181,30.42402350930695],[-98.46257781806437,30.423642672778854],[-98.4637049890486,30.42329365246407],[-98.46552268690688,30.425573026895854],[-98.46742313756914,30.426288023017605],[-98.46863347548066,30.426571579859463],[-98.47016357320916,30.427199409136637],[-98.47147375437294,30.4273117653833],[-98.47303253890173,30.427189594264107],[-98.47389943201551,30.426957318212224],[-98.47445940762766,30.424001847871615],[-98.47646243331896,30.42405274727955],[-98.47690537372094,30.42446170306171],[-98.4785278461084,30.42398598212975],[-98.4810789662939,30.423267405089423],[-98.48414649110528,30.42310815299729],[-98.48420010884965,30.42231526061139],[-98.48516897691786,30.421483213873397],[-98.4849809891733,30.419617809475405],[-98.48632075006276,30.418787217787365],[-98.48721013160139,30.418962039052168],[-98.4882734503352,30.41898771743621],[-98.48914090669268,30.4186267870951],[-98.49048284330178,30.417367469275867],[-98.49194256611258,30.417244600119535],[-98.49310519988929,30.417184841100674],[-98.49498548427172,30.417042057172722],[-98.49777671604782,30.417652925192957],[-98.49988102948234,30.41721096538917],[-98.4999316738031,30.416975389482968],[-98.50053015031001,30.416840385315638],[-98.50282842798066,30.416321988091088],[-98.50354156545043,30.415002407614683],[-98.50496152523353,30.415065527798948],[-98.50598066482166,30.41401925035571],[-98.5062777358895,30.413956012515314],[-98.50709887241598,30.41295174713787],[-98.50855894017987,30.412742987546434],[-98.50893209495901,30.41229427248974],[-98.5096256383758,30.41206110569572],[-98.51081270453157,30.41204413172138],[-98.51214702163043,30.412263471498996],[-98.51385565053847,30.41177687219411],[-98.51485520236186,30.412177102704906],[-98.51512775032074,30.412070981742993],[-98.51629601653428,30.410853599547092],[-98.51706337541626,30.410684946059003],[-98.51899105581141,30.410927833484983],[-98.52000759387849,30.410374322130657],[-98.52070413317676,30.40951958002913],[-98.52165550116494,30.409662297488516],[-98.52286402807285,30.410309757145],[-98.52370479278831,30.41031282893909],[-98.525238845799,30.410125574827934],[-98.5256566917635,30.41064149485523],[-98.52605043772557,30.411050103986653],[-98.52815418072989,30.410671966325154],[-98.53199940582884,30.410675049728674],[-98.53320862533785,30.411193775988092],[-98.53377626357936,30.41143157612121],[-98.53461582095906,30.41169176885614],[-98.53508936157287,30.410900433095875],[-98.53600581653752,30.410582215221954],[-98.5365750744415,30.410477018323782],[-98.53716915639002,30.41035057132547],[-98.5378622174115,30.410202957040404],[-98.53855587581266,30.409948209790013],[-98.53887944448641,30.409499317642513],[-98.53868985504572,30.40774110690011],[-98.5395560250157,30.40759409374819],[-98.54067128793251,30.40706219847637],[-98.54118003082738,30.40666747565594],[-98.54197193168292,30.406520269522275],[-98.5424651067739,30.406822049488802],[-98.54350040795234,30.40751156513043],[-98.5441167851879,30.407942328061882],[-98.54585090289383,30.40721962587043],[-98.54738407555554,30.40720352110082],[-98.54804724513593,30.408191764252113],[-98.54921299337173,30.407402851429982],[-98.54978133499411,30.40749043383256],[-98.55038577272124,30.407803320677115],[-98.55117473339087,30.408298925263118],[-98.55161929076037,30.408429095231646],[-98.551888267916,30.40909448428616],[-98.5526244822071,30.41029721663167],[-98.55274622548765,30.410747752173226],[-98.55421006527743,30.409659682766165],[-98.55554435273186,30.40990000373638],[-98.55596236039314,30.410437250076814],[-98.55613084391626,30.41144519489676],[-98.55817500615935,30.41329537531903],[-98.5590166655968,30.41308387632965],[-98.5593352468241,30.41374933359223],[-98.5624592011067,30.414692175475647],[-98.56357289825998,30.414503063527544],[-98.56450929043405,30.414681550565785],[-98.56504603561294,30.41541452021731],[-98.56609105027452,30.415651923499706],[-98.56695225974751,30.415493959677104],[-98.56743858428617,30.416168271379103],[-98.56836295790004,30.416990236118586],[-98.56918651718284,30.417724137400366],[-98.56967587892544,30.41771112993983],[-98.57050394056445,30.417421284132786],[-98.57152036364718,30.416488842332093],[-98.57262688865121,30.41610023810373],[-98.57380648890869,30.41504504655167],[-98.57496443886947,30.414728854840273],[-98.57619985415047,30.413581062386964],[-98.57733500397106,30.412859608933985],[-98.57954749792196,30.413378627267978],[-98.58058531528151,30.411901115605467],[-98.57949906794838,30.41149035244666],[-98.57923044922055,30.410696462336926],[-98.57938621259923,30.408960925725683],[-98.57912072450017,30.407438298581898],[-98.57964765378796,30.405682446292218],[-98.57933190135547,30.40433115301293],[-98.58025108719858,30.403326735933753],[-98.5808729037332,30.40247142774274],[-98.58218846041565,30.40127543039403],[-98.58380746800108,30.398505003966186],[-98.58396326641406,30.396737277081353],[-98.58441171169211,30.395924253177718],[-98.58392201308126,30.394808102275018],[-98.58721393615232,30.393961239031146],[-98.59001836777321,30.391419487874856],[-98.5910830321833,30.391058493579738],[-98.59689428316362,30.390755074065794],[-98.59845296797941,30.390481246461462],[-98.62120351760869,30.390629353940493],[-98.6379847855312,30.39073608866655],[-98.63877687323635,30.39049175234792],[-98.64246990036997,30.38795140571258],[-98.64360933964602,30.387354408717],[-98.64521169605935,30.388623269099778],[-98.64753108683414,30.389904883180616],[-98.65119077748756,30.389721783643033],[-98.65462724308108,30.38973091495517],[-98.65890530433168,30.38948495039787],[-98.66110281438365,30.39030512972826],[-98.66293173848806,30.39048135804485],[-98.6640152360781,30.391759400375246],[-98.66425799410554,30.393046033954533],[-98.66457493321252,30.394354282189123],[-98.66479125471943,30.396176677631104],[-98.66473552503585,30.398019798957723],[-98.66527767178454,30.39855701769093],[-98.66661039527209,30.399267668217625],[-98.66680525063698,30.400146984006696],[-98.6668281495919,30.400682789418664],[-98.66638032325308,30.40150685718514],[-98.66548506942745,30.403004925486705],[-98.66678920133613,30.404872946911425],[-98.66725568837832,30.40583857895798],[-98.66853911052641,30.406570593881124],[-98.66853483813894,30.407835159686726],[-98.66806235933379,30.408605650326347],[-98.66818511501567,30.408884505528853],[-98.66801081669773,30.40922705410074],[-98.66739146064867,30.409568385139423],[-98.66704382610845,30.409996110576234],[-98.66659870190203,30.409984302917252],[-98.6667439909245,30.41090626210943],[-98.66703636739665,30.412193012975912],[-98.6673800125187,30.412944066697953],[-98.66683253696374,30.41395004811164],[-98.6665821675109,30.414849570423147],[-98.66714821573437,30.415686896647923],[-98.66930315911661,30.414631468993658],[-98.67069236327931,30.413348976279092],[-98.67178165140969,30.41303024113691],[-98.6732888816243,30.41337692524536],[-98.6744009115044,30.413594050255732],[-98.67433286412164,30.411750619397633],[-98.67629041799155,30.410533760794493],[-98.67847087173124,30.40923171568712],[-98.67845100099716,30.40775282186068],[-98.6805059690748,30.406943409373532],[-98.68137102513384,30.40707408086513],[-98.68235714175384,30.408019664745552],[-98.68467315306651,30.41058645219425],[-98.68600390295536,30.412068503434657],[-98.68639569867496,30.413269748891718],[-98.68676476522124,30.413849314012314],[-98.68705871464346,30.41472875335558],[-98.68749610884686,30.41717325664245],[-98.68865520865124,30.418161891547463],[-98.69325089981326,30.419523137473345],[-98.69682246933056,30.41618786305718],[-98.70077700861981,30.416893555933513],[-98.70158843525637,30.4184386185638],[-98.70212666355381,30.42036881690633],[-98.7017287844431,30.42109665909468],[-98.70283885330095,30.42204220628496],[-98.70528930378411,30.421361945656898],[-98.70647682538575,30.421904817053342],[-98.7069415050176,30.422951722611685],[-98.70827650483606,30.425195666665733],[-98.70950958539564,30.42743255912585],[-98.70940488405435,30.429258359493446],[-98.7095984611166,30.430848546096897],[-98.70953669655093,30.431863011763056],[-98.70912059691132,30.433862723663992],[-98.70973187441103,30.433733422576122],[-98.71179395894235,30.433934190481764],[-98.71372723045182,30.43518092367416],[-98.71455514836038,30.435945685346493],[-98.71530947178928,30.436078073847316],[-98.71613889257934,30.436330611332615],[-98.71729651914661,30.436158689247076],[-98.71837595006339,30.43694564552769],[-98.71865088484599,30.43757844467441],[-98.71892353970439,30.438974100234255],[-98.71892128852627,30.439758803251983],[-98.71977387417256,30.44074154778624],[-98.72029897628704,30.441832561345517],[-98.72061876574841,30.44442709639423],[-98.71983448619972,30.44592954436556],[-98.7205336494769,30.44778379561064],[-98.72100967752576,30.44848238767182],[-98.72136007708042,30.449093494023742],[-98.72269332248914,30.449183466805508],[-98.72445385874926,30.449383395955703],[-98.72621616558881,30.448951267920346],[-98.72712668179112,30.44813124370974],[-98.72732863744004,30.44700262201168],[-98.727959908743,30.446153772914283],[-98.72922107063837,30.444979375248835],[-98.7294750126911,30.44415158233066],[-98.73058280252306,30.443826848938393],[-98.7315149914799,30.44334924060218],[-98.73196812686204,30.443219430877754],[-98.73232111895463,30.442936737177803],[-98.73244867972498,30.442283116236002],[-98.73199739756727,30.44173720225563],[-98.73282937316597,30.441085026202074],[-98.73303184265123,30.44062767275244],[-98.7330581471194,30.440191803839834],[-98.7323800205895,30.439798020501236],[-98.73243308946323,30.438795457040868],[-98.73354276216402,30.437751448570207],[-98.73382191363856,30.436869162824248],[-98.73505741515783,30.435825396293545],[-98.73649183512204,30.43558849364632],[-98.73797795223254,30.43487223040357],[-98.73876386132517,30.432585045046434],[-98.73821193731291,30.432038950517605],[-98.73841686189385,30.430644292489156],[-98.7383459902078,30.42893305985737],[-98.7403145915591,30.42645202905721],[-98.74054335652936,30.425558790406726],[-98.7392891305263,30.424270200988186],[-98.73929388261416,30.42248282423695],[-98.73874425649241,30.421021283321743],[-98.73746632484732,30.419274857364538],[-98.73689395248427,30.41698493812038],[-98.73727501603116,30.415590714069126],[-98.73878680519583,30.414547383768177],[-98.74281308304536,30.413683525894957],[-98.74812525341,30.411546778243572],[-98.74971584368973,30.40910847448675],[-98.75230861156841,30.40813250482411],[-98.75756455188787,30.408185978462182],[-98.75885093039155,30.406662539683413],[-98.76131659294575,30.40618753541169],[-98.76441307674695,30.404798081579518],[-98.76622507928634,30.404256343824194],[-98.7682592953826,30.405415239077364],[-98.76984233532237,30.405941181527737],[-98.77383984013333,30.406438619347252],[-98.77544937947566,30.406376028167895],[-98.77693041032502,30.40757744439176],[-98.77899091292312,30.408300290360927],[-98.78082596174113,30.408673932868822],[-98.78284966036205,30.40887906298923],[-98.78394106312659,30.407326901062174],[-98.78428978013673,30.40617010950558],[-98.78800758550084,30.402189597617912],[-98.7904581949858,30.40092896364402],[-98.79070757539351,30.399943407629348],[-98.79204827502245,30.397330750922517],[-98.7931169674783,30.39469614020222],[-98.79396396560351,30.391675321797504],[-98.79626843446309,30.389214118851275],[-98.79768241505967,30.386922913345522],[-98.7993175330314,30.385232227754464],[-98.79897656848215,30.382724032513526],[-98.79865763062368,30.381533987595713],[-98.79796999632482,30.3792824558043],[-98.79836823386331,30.377996966205068],[-98.7987909442051,30.376775964746802],[-98.7995093323277,30.376069736280478],[-98.8000556221065,30.37482740575773],[-98.80149314844496,30.372964895264158],[-98.80193955814056,30.373033378652213],[-98.8024815899049,30.37311645954061],[-98.80403876465269,30.373225936820905],[-98.80445850336751,30.373451673211903],[-98.80532424484112,30.373174252170177],[-98.80740121355838,30.3728986981494],[-98.8095935358396,30.372449428021422],[-98.8112301216585,30.371678426645214],[-98.81269259421241,30.371336779516188],[-98.81380524931994,30.372519945441816],[-98.81526635553631,30.372908706810676],[-98.8175455386173,30.372997868638464],[-98.81774143512962,30.37433004178585],[-98.81877964056136,30.375577507598763],[-98.8196815428184,30.375649000040728],[-98.82133647582867,30.376390788390697],[-98.82378540187081,30.375472431873224],[-98.82608739856674,30.373825156845786],[-98.82808909834468,30.374063580398065],[-98.83026471016497,30.37393778299722],[-98.83073225811754,30.375138703843206],[-98.83110153846285,30.376007252740823],[-98.83233657555311,30.37656610638234],[-98.83307841060297,30.376459840550808],[-98.83453694673928,30.37644018587753],[-98.83607101591964,30.37558488252615],[-98.83785092614549,30.375544251443362],[-98.84046980176129,30.37638336469931],[-98.84177888967538,30.377092287868056],[-98.84316201943014,30.37781196036541],[-98.84444833505177,30.377320513895864],[-98.8455091681472,30.378650648840825],[-98.84716413170017,30.379531340562036],[-98.84877059071941,30.379768986076442],[-98.85164140694147,30.377628938916335],[-98.85213533212571,30.377972410842695],[-98.85376677868287,30.378017182428387],[-98.85460742392239,30.377932245742883],[-98.85507636426362,30.378404406848926],[-98.85621179525688,30.379659497524607],[-98.85776680236988,30.38131156033861],[-98.85922642367107,30.380584463113074],[-98.85987032169369,30.379770690234714],[-98.86076064556502,30.37951443765588],[-98.86095725444139,30.380286259140647],[-98.86196925332133,30.38144470878594],[-98.8621905595798,30.382237981922046],[-98.86248037854834,30.38712507552476],[-98.86238001517152,30.38819663874778],[-98.86215640293774,30.388968012736655],[-98.86487436632262,30.390128311404382],[-98.8678405809329,30.390667182198133],[-98.86954776085842,30.389682934487798],[-98.87046313155652,30.389297999624546],[-98.87206985198549,30.389428224366856],[-98.87374959736222,30.39058723436128],[-98.87563004074647,30.38943166334228],[-98.8782036152208,30.38758005203529],[-98.87978538584105,30.38796736720007],[-98.88146652091154,30.387947473845568],[-98.88228374258,30.38683368827865],[-98.88171720118146,30.385097030134986],[-98.88201579399536,30.383414762906387],[-98.88305748219548,30.38071509857373],[-98.8843196052882,30.379558846623684],[-98.88634761672078,30.378724733661333],[-98.88928971965052,30.37844854197807],[-98.89089746775218,30.37768903756197],[-98.89398888685182,30.376405561372064],[-98.89660929499348,30.37636480585596],[-98.89843773400762,30.377180705764523],[-98.90041648991487,30.376014097536196],[-98.90261726713955,30.375287079478074],[-98.90405112386007,30.375202351221876],[-98.90494139293419,30.37483866353565],[-98.90575717280664,30.37483925409233],[-98.9063767588244,30.373167911715285],[-98.90721755947244,30.372825514142168],[-98.90865058075977,30.37349100545677],[-98.90944110449801,30.37407024475108],[-98.90978639623196,30.37490637680296],[-98.9105274551374,30.37554985471611],[-98.91233126773633,30.376387056007665],[-98.9134183163667,30.377041504251384],[-98.91445552017689,30.378306698809414],[-98.91643304269726,30.37839377024111],[-98.9206588139135,30.380196749026116],[-98.92211683172192,30.3808836201524],[-98.92377296308477,30.381195239157304],[-98.92706079971958,30.381218628172906],[-98.92787590765221,30.382205041887737],[-98.93099091381625,30.382313858031498],[-98.93329027844842,30.381714938804212],[-98.93509609968032,30.38011901367737],[-98.93653020972576,30.37956245566515],[-98.93769124899282,30.38091331509725],[-98.93865487808631,30.381685386694613],[-98.93984166127277,30.38145015827907],[-98.9437249120577,30.378001013944953],[-98.9467919670502,30.374819551817676],[-98.95171172455265,30.373685425092212],[-98.95292318445999,30.373257247686468],[-98.9535911627221,30.372035743708146],[-98.95391314856434,30.370664047047768],[-98.95450619655197,30.37110371102953],[-98.95484834777571,30.372413547332233],[-98.95553102786577,30.37268922129937],[-98.95675474438681,30.373183536932803],[-98.9580990552432,30.373391268153156],[-98.95822892468382,30.373354088100143],[-98.95994381035784,30.372863069508025],[-98.9618227733185,30.371791958958063],[-98.96476370754006,30.373593135141274],[-98.96419475955486,30.37466473513911],[-98.9640209355474,30.37670081360741],[-98.9661465902581,30.37751584892516],[-98.96745675615054,30.377462655316037],[-98.96856927022257,30.377270003969066],[-98.96923682268324,30.37686288951839],[-98.97331675420975,30.378023263724216],[-98.97462576576703,30.377207042252795],[-98.976603241575,30.378021878053726],[-98.97702329919176,30.378686348220803],[-98.97895144221927,30.379308214371132],[-98.9798909829884,30.378536833101037],[-98.98107731342398,30.37993016646122],[-98.98364819924065,30.380241243705058],[-98.98602118081035,30.38206337620997],[-98.98814742751085,30.38043465331058],[-98.98965535481813,30.380113296746394],[-98.99138605982428,30.378934616065365],[-98.99232533109884,30.379052564285573],[-98.99341312173765,30.37997422340462],[-98.99445136579695,30.379909992481835],[-98.99534139502087,30.378495360067333],[-98.99687407899908,30.37821677459156],[-98.99919784277266,30.378195383536568],[-99.00087879638345,30.37883843681064],[-99.00186773820501,30.380971010896914],[-99.00343181650575,30.380073241796723],[-99.00321537192963,30.378934526168095],[-99.00321532701388,30.377564057013124],[-99.00454947702606,30.376798872774156],[-99.00590418049195,30.376531784169718],[-99.00676627031393,30.376140264264397],[-99.00810043739412,30.376140189089558],[-99.00904461077518,30.375855360470915],[-99.00980392075225,30.37508999390475],[-99.01048134300294,30.37533916368928],[-99.01144607882084,30.37533908386382],[-99.01206178501491,30.374894108421923],[-99.01261584072931,30.374324522919515],[-99.01454534919607,30.37473361801632],[-99.01577694753544,30.375214022034754],[-99.01655695559495,30.375694470967456],[-99.01688523683069,30.374840132952308],[-99.01737784508472,30.374395150589205],[-99.01782920629418,30.373647589485646],[-99.01782912544581,30.373202670671247],[-99.01807534647867,30.372561934853547],[-99.01883473910073,30.372223706366952],[-99.01957346328473,30.371760866957597],[-99.02008649383842,30.370853132277013],[-99.02098932675011,30.369802998103374],[-99.02098916415505,30.369037770942462],[-99.02250793053454,30.369037517499557],[-99.02330814889133,30.3677737879867],[-99.02402634387614,30.36720412612386],[-99.0251755756871,30.366741258302724],[-99.0267969269771,30.366740938972693],[-99.0273099036319,30.366331453897114],[-99.02772720252241,30.365472869543208],[-99.02864359640162,30.36517429316233],[-99.02984746284986,30.365450554900935],[-99.03191742291126,30.365997245894004],[-99.0322464784948,30.3671233708468],[-99.03340721233467,30.367550859728677],[-99.03435007776866,30.36786033555575],[-99.03576606969314,30.36721925392493],[-99.03685392051905,30.367557074987023],[-99.03744906247961,30.367485733191245],[-99.03831096365538,30.367129548928958],[-99.03909045698023,30.365954798691643],[-99.04023952619613,30.36531366271383],[-99.04149164295491,30.36572256376474],[-99.04193787029251,30.365042396795666],[-99.04413343010202,30.364428696171725],[-99.04516862348261,30.365106857611398],[-99.04553481631828,30.365756928526178],[-99.04553538585017,30.36698480762301],[-99.04689111698876,30.36938697976175],[-99.04666559942827,30.369956508000406],[-99.04696343136914,30.370862709450233],[-99.04756942138508,30.371147001563294],[-99.04995037819786,30.371699426184232],[-99.05085176033035,30.37275444899933],[-99.05153189998478,30.373763260109577],[-99.05286603113237,30.373762727672702],[-99.05374877591767,30.373958144212985],[-99.05366685046208,30.374242945033973],[-99.05409821337668,30.374812212482986],[-99.05440662298001,30.375773177036745],[-99.05514601191732,30.37657380750808],[-99.05611066329361,30.376573399860675],[-99.05701365700372,30.37619917575347],[-99.05756778817661,30.37619893085408],[-99.0579777622043,30.375451248693697],[-99.05890534999027,30.37458965057756],[-99.06017405773402,30.375343543241335],[-99.06243236127287,30.37598310297845],[-99.06380805836694,30.37681892029681],[-99.06475226408735,30.37681845297599],[-99.06557248523058,30.375607898557995],[-99.06653643861588,30.3744505383761],[-99.06838305324315,30.373506389591665],[-99.06969754362535,30.374644756150577],[-99.0707443540192,30.37464419349311],[-99.07213272813858,30.37433144455896],[-99.07333134123903,30.37569275821306],[-99.07349581288608,30.37610195918379],[-99.07349610663518,30.3764935210923],[-99.07394905067618,30.378272942944484],[-99.07491386824077,30.379112910822816],[-99.07606316473043,30.37811157538088],[-99.07727369038987,30.3774879764944],[-99.07795065180481,30.377042656663427],[-99.07805309927308,30.376811187415715],[-99.07776542098986,30.376384254395365],[-99.07776480025402,30.375601213384765],[-99.07831731535771,30.37442628127747],[-99.07905664770115,30.373963101988533],[-99.0802052021824,30.37289459517151],[-99.08142043411561,30.372213735611997],[-99.08278351976142,30.372212876104207],[-99.0839199164436,30.372748409227107],[-99.08478248416932,30.373087403170864],[-99.08576764498184,30.37308676067706],[-99.08576699280493,30.372339346124352],[-99.08576610616775,30.371324897430473],[-99.08638073438347,30.370060906063365],[-99.08703655843979,30.36893922113133],[-99.08808242829753,30.367959697170452],[-99.08890309500512,30.36753203568593],[-99.0892716270538,30.366588502930654],[-99.08846991300209,30.36523647669175],[-99.0884687272259,30.363919530408044],[-99.08863210202999,30.362958409818475],[-99.08912388922387,30.362032606990986],[-99.08994435650544,30.36165829544872],[-99.09027193615695,30.36078604113177],[-99.09195481216247,30.360784868374925],[-99.0927752524946,30.36030374313325],[-99.09384188960507,30.35971572224458],[-99.09406682326065,30.35895024794616],[-99.09447685298389,30.35852284316656],[-99.09515268611484,30.357027354730082],[-99.09689700508915,30.357008342625846],[-99.09788126578975,30.356171126567506],[-99.09921472679413,30.355743012001447],[-99.09921334608354,30.354372628626383],[-99.1000334639205,30.35366012918692],[-99.10167608911307,30.35458424542084],[-99.10409924159136,30.3560951549784],[-99.10551275057239,30.353815976770544],[-99.10624994672209,30.35235600677126],[-99.10691863195835,30.3517961798861],[-99.10770063068452,30.351467160203985],[-99.10916438154109,30.35146594702542],[-99.10989532631473,30.350545999829425],[-99.11057600585666,30.349910773803224],[-99.11088375070668,30.34882833560715],[-99.1112727625472,30.34808050387357],[-99.11231886057703,30.34770585754107],[-99.11389866388684,30.3474909815518],[-99.11455481582823,30.347134470980823],[-99.11475781352287,30.345247726938755],[-99.11477635654698,30.34353928210662],[-99.11530871794729,30.342559901508466],[-99.11783317613514,30.343073830003704],[-99.118367798595,30.34399872998646],[-99.11937376079625,30.34446055107402],[-99.1211794904,30.344458890489616],[-99.12129276885564,30.34511124914463],[-99.12473113887756,30.34580812775251],[-99.12672059282154,30.345218953005837],[-99.12788099608139,30.34408379847751],[-99.12823572282078,30.342636848810084],[-99.1288908596659,30.34156839282877],[-99.12927928400825,30.34042902649981],[-99.12987290422271,30.339449614006963],[-99.12987177504041,30.338595313706506],[-99.13009343523507,30.337799866139775],[-99.130095164492,30.33676205035952],[-99.13189964813245,30.336012742493583],[-99.13360287547071,30.336188981055525],[-99.13682334923901,30.335633930698254],[-99.13780695955934,30.334725242846318],[-99.1396022561294,30.334736781255927],[-99.14217822641058,30.335485878695867],[-99.14333736304587,30.335214214520516],[-99.14457674888043,30.33411285697664],[-99.14689404388567,30.333398399628678],[-99.14878101802204,30.33300470359329],[-99.14956216694196,30.333964826709526],[-99.15099904829005,30.334425910501114],[-99.15171815236992,30.335083596590223],[-99.15217086015399,30.33591955639629],[-99.1535258169448,30.336434064798183],[-99.15451656887166,30.335726820895673],[-99.15547343724431,30.335470749864452],[-99.15656040592462,30.335220228698688],[-99.15744269526408,30.335219171933836],[-99.158510105824,30.335520461088375],[-99.15881915592615,30.33632094500684],[-99.15935377209783,30.337032169702503],[-99.16033856819433,30.337030964873353],[-99.16155079705955,30.338079554474042],[-99.16249597924867,30.3388970553218],[-99.1629898101098,30.33969729842864],[-99.16451647717224,30.34023441671437],[-99.1667683173326,30.34159682981619],[-99.16734403861503,30.34227233918566],[-99.16773386702415,30.34227184146437],[-99.16849391451808,30.342751411045352],[-99.16878286391741,30.343747678661963],[-99.16959677978564,30.34523120882931],[-99.16969816903851,30.34520721039206],[-99.17329831306668,30.344435831465656],[-99.17555040565365,30.343864302548617],[-99.17693920377783,30.34432214025779],[-99.17916650915117,30.34430331096969],[-99.18113843786226,30.345439659150163],[-99.18253379638298,30.345437716394336],[-99.1830664515324,30.344974323843537],[-99.18437881290737,30.344527472137727],[-99.18411100625656,30.34394050690714],[-99.18451841110252,30.34235602842814],[-99.18585123879463,30.341891410315792],[-99.18667072242098,30.341231724783977],[-99.18666866348237,30.340146191023972],[-99.18725035856143,30.338956214078582],[-99.18808115197722,30.338453383276313],[-99.18875767860759,30.338132100419347],[-99.1890441872843,30.337757935459532],[-99.18974135181,30.337543329920805],[-99.19006744834299,30.33640387797956],[-99.19037334895172,30.335843646616954],[-99.18955109132776,30.334624858159795],[-99.1881116129502,30.33290069164824],[-99.18708403458827,30.332030138737483],[-99.18734880493342,30.33097967699442],[-99.18886495541882,30.329874059264352],[-99.19081354769546,30.329657720559307],[-99.19490305256794,30.329653790225308],[-99.19588208417528,30.33020186210374],[-99.19627324298934,30.330841976729324],[-99.19791452609887,30.33083950644081],[-99.19949769090445,30.332510070177385],[-99.201018577308,30.333824690666916],[-99.20371763654606,30.333831774115527],[-99.20428139406553,30.33410439966091],[-99.20698784015016,30.33324584728392],[-99.20869390167316,30.334720327275587],[-99.20957722497349,30.335252817831112],[-99.21113643350708,30.335250308887726],[-99.21235168430492,30.33588643716873],[-99.21285231900602,30.33709938891105],[-99.21467123048825,30.337878536802087],[-99.21596340402385,30.33769843949709],[-99.21682144244387,30.337411245894153],[-99.2178297420615,30.337303779989337],[-99.2195531787987,30.337300898951536],[-99.22055902960886,30.337530615705134],[-99.22132033294753,30.338472526909655],[-99.22243075933484,30.339574078077252],[-99.22384922162635,30.3407818913266],[-99.22450519120977,30.340495999937797],[-99.22524385969822,30.340494730802984],[-99.22594010434906,30.339906184615987],[-99.2268398075303,30.338534321930897],[-99.22798844375822,30.33837208714255],[-99.22926136010908,30.338708150988488],[-99.23049329441837,30.33907957088377],[-99.23205337162283,30.339379389063243],[-99.233243786698,30.33955523934766],[-99.23371448504226,30.33902049438256],[-99.23430850410872,30.338610138914447],[-99.23551599885238,30.337344379663897],[-99.2362747132464,30.337147229266556],[-99.23806061523521,30.337499929153154],[-99.23910702228548,30.337498018027244],[-99.24028757475715,30.336932457248285],[-99.24093387667146,30.337832787793406],[-99.24122377379344,30.338882247989073],[-99.24549150351996,30.338874304329792],[-99.24793523370649,30.339723993114454],[-99.24879805565541,30.340131645926093],[-99.2488028275062,30.34201811258368],[-99.2490833632846,30.34266147584119],[-99.24997562302538,30.343279464527566],[-99.25057345723685,30.3443462125608],[-99.25201168156629,30.345126489671834],[-99.25170917389437,30.34722714250443],[-99.25212271423374,30.348418677866174],[-99.2521249519371,30.34929086570449],[-99.25200413841286,30.350198666401102],[-99.252273421894,30.351159155768173],[-99.25227830693251,30.35306343284373],[-99.25334582529028,30.353257149693885],[-99.25424678431631,30.35247236071225],[-99.2550881410215,30.35247072196897],[-99.25629771985662,30.35204116563713],[-99.25748757707801,30.352669699619288],[-99.25820780854357,30.3526602943058],[-99.25894768975765,30.35308602240058],[-99.25968818721603,30.353778607883967],[-99.25954540089994,30.35408147242716],[-99.26104688818494,30.355071335785695],[-99.26237932241496,30.354823226720846],[-99.26365342274535,30.355514803048536],[-99.2643488265731,30.354623477505967],[-99.26537323837364,30.35401632916896],[-99.26609093659012,30.35381908909966],[-99.2662749771373,30.35358739046239],[-99.2674849539261,30.35331796795704],[-99.26830393090265,30.352604420538942],[-99.26807721498956,30.352248953395492],[-99.26912168167883,30.351481496640535],[-99.26996015119872,30.350429692435466],[-99.27045260943412,30.35042867537017],[-99.27133409927295,30.35015998061119],[-99.27330546563867,30.350636335543903],[-99.27638357350243,30.350629864944505],[-99.27820371657492,30.351270234376415],[-99.28014183898694,30.351689754578793],[-99.28104054144494,30.350228460588532],[-99.28152892851546,30.348803669816565],[-99.28419426499774,30.347996967593176],[-99.28525977472253,30.347496455418757],[-99.28632049822349,30.34532281697175],[-99.28697465231171,30.344467087202286],[-99.28779368318718,30.343878027648206],[-99.28813951570693,30.342845006955528],[-99.28924576223325,30.342255302695712],[-99.28965219869534,30.340919645837268],[-99.29092193321345,30.340098159088203],[-99.2919080183924,30.34052306731578],[-99.29283132121448,30.34052100196808],[-99.29375425033737,30.340358779000216],[-99.29455378687285,30.340143471328854],[-99.29539370268036,30.339696574310434],[-99.29678887075823,30.339693415014885],[-99.2974252085594,30.339780954984803],[-99.2984101142504,30.339778708204324],[-99.29904353791679,30.33890523699433],[-99.29945296397214,30.338601638570633],[-99.29973850965489,30.338049351106154],[-99.30043423418118,30.337442682193974],[-99.30098562818742,30.33658720296329],[-99.3009834470779,30.335875250888687],[-99.30122756695131,30.33518063528779],[-99.30336129392317,30.33517570035687],[-99.30489850900368,30.33467385263572],[-99.30592135234573,30.333710372294888],[-99.30678163924892,30.33324562398651],[-99.30704574753571,30.332390708201622],[-99.30735165712763,30.331802814213674],[-99.30858261945977,30.33179991673168],[-99.31024281480099,30.33127981383686],[-99.31145025025583,30.330333750384987],[-99.31370874154256,30.33087998396334],[-99.31403406372776,30.329953821804963],[-99.3143584660381,30.328742812250624],[-99.314623349571,30.32815491652323],[-99.31517663363259,30.327975616257906],[-99.31585489580807,30.328347644441596],[-99.31700377188618,30.32834486316394],[-99.3187434259092,30.327059319024553],[-99.31873731646695,30.325172859577943],[-99.31953132117692,30.32456055664838],[-99.32119361947419,30.323493888472075],[-99.32422989189686,30.323486396407112],[-99.32668820174044,30.322483646346107],[-99.32972112524372,30.3215149406375],[-99.33201559854916,30.320583757358325],[-99.33336952407402,30.320580316737434],[-99.33291192496324,30.31873062936298],[-99.33360269977233,30.316735596691892],[-99.33359667028014,30.314955766722115],[-99.33523270453347,30.313492378881605],[-99.33612975498966,30.311888283722773],[-99.33706954459213,30.310782514106865],[-99.33706418614146,30.309216360762647],[-99.33669210125582,30.308363103525352],[-99.3366882088557,30.30722405121375],[-99.33610692520503,30.30519664197244],[-99.33605976634757,30.303381537169905],[-99.33572719655464,30.302065357956515],[-99.33572428601313,30.301211151972275],[-99.33862888966965,30.29896116603176],[-99.34047471377947,30.29895637896896],[-99.34207053315247,30.29781323610867],[-99.34204317855375,30.296179999073498],[-99.34004021843948,30.291909942273524],[-99.341386347486,30.28977073148949],[-99.34113640473291,30.28866802926302],[-99.34113037254579,30.28692390114831],[-99.34198773812767,30.285782599210737],[-99.34153137689536,30.28428886857845],[-99.34152176582012,30.28151256608359],[-99.3423787073972,30.2802645446857],[-99.3417197275593,30.278850836726466],[-99.33921246851588,30.277816851896944],[-99.33671818833169,30.274414485519355],[-99.335770528589,30.27254009477776],[-99.33659613782729,30.26846417915882],[-99.33588846391108,30.265153734968525],[-99.33585165364568,30.262727966938577],[-99.33489477449325,30.26177813828756],[-99.3291351784384,30.26230782606762],[-99.32896990010423,30.262323031367153],[-99.32879624857328,30.260493526052883],[-99.32642898747531,30.259287775077517],[-99.32643239748015,30.258649915196635],[-99.32646897867512,30.25185672746313],[-99.32778891015302,30.249829385357696],[-99.33078125405997,30.246515389722106],[-99.33182193255368,30.2429374799456],[-99.33208622140185,30.24062958859876],[-99.32653937245743,30.238840805553988],[-99.3237906139263,30.23814103769964],[-99.32190365506129,30.236577988745132],[-99.32001697018245,30.235081122953797],[-99.32072413116063,30.233577905836107],[-99.32163349033284,30.230431701747356],[-99.32178115450095,30.228677770002516],[-99.32059990224168,30.226993643638476],[-99.31911609919135,30.226261940747733],[-99.31909710431466,30.223136326697187],[-99.31529201234936,30.221790250453804],[-99.31249372879829,30.220216894793722],[-99.30953699680416,30.217883318794595],[-99.30805639085791,30.21596576419951],[-99.3068335007869,30.215173728968374],[-99.3035273088759,30.214828170296972],[-99.30148968636806,30.21364052012698],[-99.298178237516,30.21152832275867],[-99.29720813606089,30.2102056580266],[-99.29527655068921,30.21038665005687],[-99.29151793037016,30.211764128358872],[-99.28892015707872,30.210180070820524],[-99.28667419908685,30.20718200924173],[-99.28417705776847,30.205200098618345],[-99.28296115659039,30.206704142295496],[-99.27971198703864,30.208433521003013],[-99.27760396535864,30.203729236958974],[-99.27716732753667,30.20295332233909],[-99.27680411890438,30.201000688612773],[-99.27616291492932,30.200158565258565],[-99.2752927654226,30.19967202372632],[-99.27434655645911,30.19945208818337],[-99.27296386598054,30.198456048353723],[-99.272936369448,30.197745815992963],[-99.27169504325244,30.195974725634365],[-99.27184200942953,30.193942957061836],[-99.27056650503236,30.192311579926166],[-99.26797555534381,30.19293517985433],[-99.26548330086058,30.19249868136109],[-99.26477014901776,30.191970154802057],[-99.26405521851069,30.190735038418808],[-99.26264147866263,30.189398467144724],[-99.25881087903483,30.187610061583193],[-99.25737964808985,30.18459877971477],[-99.25549527098299,30.183233472234168],[-99.25470596895354,30.182682941186254],[-99.25076629139237,30.182613309137096],[-99.24913666122872,30.181424052672096],[-99.24674685241712,30.181119429652764],[-99.24474084072583,30.181873979932213],[-99.24324120397031,30.18183257123842],[-99.24191517203333,30.1800463913444],[-99.23969686328755,30.175732068631778],[-99.23919256705337,30.175237474366362],[-99.23934770700124,30.174722265354376],[-99.23934609991521,30.174056846159004],[-99.23880752396977,30.173261152220814],[-99.23784082084138,30.172866963759315],[-99.23679181227003,30.173839983099587],[-99.23567705600304,30.17527727985172],[-99.23255023429807,30.17490741989812],[-99.23008181840753,30.17356488081807],[-99.22764371347131,30.174231528801318],[-99.22566174878186,30.17437847510986],[-99.22477088771797,30.173761803775076],[-99.22370099331627,30.17265958200414],[-99.22092925767679,30.171913482155144],[-99.2203171456422,30.17085465749673],[-99.21899550736526,30.17084578149469],[-99.21737023133579,30.171378450483203],[-99.21589773717658,30.172043281229765],[-99.2147783860269,30.17153724676503],[-99.21381341305376,30.17184796320467],[-99.2124440005734,30.173197167956403],[-99.2119125689294,30.174279980514772],[-99.21003289989295,30.174746672815626],[-99.20932390994484,30.175940257778024],[-99.2085371007403,30.176471395001744],[-99.20805655326727,30.177587299977393],[-99.20676301249581,30.178803811035685],[-99.20658625099735,30.17937817212816],[-99.20542503206723,30.180432957247657],[-99.2043780330272,30.180794823697166],[-99.20371852767481,30.18141405008918],[-99.20297341107926,30.180991699590766],[-99.20176062525856,30.18097550327103],[-99.1989355934716,30.17905875948055],[-99.19813396835309,30.17855764560525],[-99.19721613447447,30.17710172248062],[-99.19568949076825,30.176220781713887],[-99.19395976043415,30.17542844068078],[-99.19167156006436,30.174945950358115],[-99.18465415642342,30.17332207741012],[-99.18251807676383,30.1725742678273],[-99.18104240616177,30.171693086219946],[-99.17676053156278,30.164721341354824],[-99.17674687627213,30.163896700683594],[-99.17465500270768,30.16207632734622],[-99.17382456322811,30.16065490571461],[-99.17271288369098,30.159806167064172],[-99.17165917243909,30.159807551157932],[-99.17064276103449,30.15962897027997],[-99.17004142519002,30.160038550076912],[-99.16932684772087,30.16033374538397],[-99.16363907466794,30.15924018137821],[-99.16290170155011,30.15890985663854],[-99.16157997613661,30.158690662725697],[-99.15962352360123,30.158759355540365],[-99.15845645304535,30.159886840591216],[-99.15705716349696,30.15880656589997],[-99.15545513676534,30.15803565988778],[-99.15436315009586,30.15841230565367],[-99.1534756532227,30.159649916578537],[-99.15093658303844,30.16093354694142],[-99.14953869486189,30.16073641971414],[-99.14798879197632,30.160793383706594],[-99.14689671817025,30.161214165628007],[-99.14522173566118,30.162629226683865],[-99.14242762029302,30.163405104812913],[-99.14218801894549,30.163425627018874],[-99.14025214411834,30.163591659997493],[-99.1370682434602,30.163777452909148],[-99.13622778596857,30.16382015458946],[-99.13609659330952,30.160817261024082],[-99.13464533083206,30.158676942798287],[-99.13416111913098,30.157639596887087],[-99.13220546250295,30.158304068241655],[-99.13070572513611,30.157886011850866],[-99.12846950308526,30.157788815769567],[-99.12839130384145,30.1562432612395],[-99.12724684208466,30.155427361027957],[-99.12732195651378,30.15458817256623],[-99.1266869706771,30.154809616514306],[-99.12584843378356,30.1547221088876],[-99.12396706603289,30.153862683069306],[-99.12391474276085,30.152692377608723],[-99.12335489111622,30.15198638972942],[-99.12165164311669,30.151237261682848],[-99.12083865700478,30.15130422748084],[-99.12027894729397,30.150686455588705],[-99.11814329163921,30.149562235837653],[-99.11565261639424,30.148990365411418],[-99.11229598946991,30.146752052990433],[-99.11137075526999,30.14523729044981],[-99.11202899309947,30.143626143694934],[-99.11286503986305,30.142213484659734],[-99.11390444274905,30.141021219890447],[-99.11210074064289,30.13978720594462],[-99.10648626203233,30.135401515884713],[-99.10483631467187,30.135303520748028],[-99.10379329067695,30.133076059054183],[-99.10186332586602,30.132128879711733],[-99.10163339667918,30.13067299279459],[-99.09955121773325,30.129792029587072],[-99.09932183831535,30.128843593481072],[-99.09990483864652,30.12807083803205],[-99.09934513252898,30.126714523557332],[-99.09868308763932,30.124597060947867],[-99.09771668005665,30.12256796638586],[-99.09644547140316,30.12027448075514],[-99.09588686033192,30.120357068545605],[-99.09329896581367,30.120740005893715],[-99.09345032654915,30.119702890510847],[-99.09395603493498,30.11775010245253],[-99.09311698959499,30.116140103865174],[-99.09174543373436,30.114971796460125],[-99.09146571811782,30.114243961151953],[-99.0899176747449,30.114200910869197],[-99.08910505873888,30.113605779836284],[-99.08793779863848,30.11362858222681],[-99.08469044548026,30.11475587428547],[-99.08372553538918,30.113940224730683],[-99.08453667276822,30.113057228607314],[-99.08461213933693,30.1121305012296],[-99.08458571629116,30.110950235905456],[-99.08435669260611,30.110200250860753],[-99.08405140464838,30.109317884180683],[-99.08349245670892,30.10847987340366],[-99.08351738944963,30.107906272894404],[-99.08227368810843,30.10762026560652],[-99.0814867486482,30.107223631913314],[-99.08054732376173,30.10648508199329],[-99.07953233798345,30.106596034013716],[-99.07861857616803,30.106265589011425],[-99.07831424581438,30.10639820062718],[-99.07734971211742,30.10626634360418],[-99.07625891302074,30.106575874563408],[-99.07625755656466,30.104810913939573],[-99.07582544176017,30.103774235940666],[-99.07536805105853,30.102914032319134],[-99.07437772313648,30.101965899989732],[-99.07250001602058,30.101757382197164],[-99.07100287747988,30.10180231475433],[-99.07047043882446,30.102287871220152],[-99.06894785550331,30.102167427550302],[-99.06661346735486,30.1021686305966],[-99.06526713439078,30.099941002843522],[-99.06328774696786,30.099467622631533],[-99.0624210847211,30.098697568132277],[-99.06148600588398,30.09915958414278],[-99.06024368076181,30.10070454582473],[-99.05862008548023,30.101300966171507],[-99.0583417523709,30.10260279646217],[-99.05768300519665,30.10421360085123],[-99.0560592760661,30.10469974620079],[-99.0555214672819,30.104899460558432],[-99.05562398302212,30.105720723384373],[-99.05547138081492,30.106764102322845],[-99.05557488021037,30.109161427081627],[-99.05370175540074,30.10903599265564],[-99.05101215721928,30.109478305040557],[-99.04928639833706,30.10910393981984],[-99.04832191853902,30.108662971714644],[-99.04862555988483,30.106831686577685],[-99.04829549189998,30.106390566117177],[-99.04773709013621,30.106026755076005],[-99.04695043184864,30.106313830865965],[-99.04550414424122,30.106137877802663],[-99.04573225164468,30.105564127699385],[-99.04560510320105,30.105012598120755],[-99.04575718618203,30.104725752470145],[-99.04502078593967,30.103512616909995],[-99.04547691540664,30.102188651834084],[-99.04261012723033,30.103314858951624],[-99.04106224824909,30.10320502001678],[-99.04085910592569,30.102741742938615],[-99.03984404468895,30.102675923143263],[-99.03545434081481,30.102655079771466],[-99.03380536902478,30.10361521945666],[-99.03114089043359,30.103240851451506],[-99.03035456362437,30.104057304311002],[-99.0278676855581,30.103572496385937],[-99.02703051949369,30.10413525443973],[-99.02616764544247,30.103992069029417],[-99.02390935358176,30.103518154111644],[-99.02264071141501,30.10391550288826],[-99.02124535289431,30.105195343041693],[-99.0175915821386,30.106210711998436],[-99.01596757093704,30.106387462265975],[-99.01568849402268,30.106608075593865],[-99.01315110728126,30.10707169590911],[-99.01261827157047,30.107667433599126],[-99.01195843743473,30.107468933257334],[-99.01117191119951,30.10821913642169],[-99.01063916082867,30.109774572466478],[-99.00911675088238,30.110955052325462],[-99.0073911519003,30.11092205075177],[-99.00579248576615,30.111429586661835],[-99.00404151656382,30.110503056163164],[-99.00213795234079,30.112907862043294],[-98.99942298663399,30.111992294528815],[-98.99660620227966,30.111198002254316],[-98.99515979160303,30.109896253334533],[-98.9920893140293,30.11016087915602],[-98.98980561332075,30.10883700082177],[-98.98716658849314,30.108395446359335],[-98.9850351432421,30.107545848680367],[-98.98493380339659,30.106619240573696],[-98.98437584989215,30.104876228726056],[-98.98447750684296,30.103728982540215],[-98.98397017250647,30.1028464391677],[-98.98153421813704,30.10275780444489],[-98.98125535053013,30.101500260732916],[-98.98057062767111,30.100110221813562],[-98.979555915879,30.098676015124955],[-98.97859167054125,30.099050883053685],[-98.97646013186541,30.09974553119891],[-98.97534362747689,30.099855573713743],[-98.97397366792251,30.0991052596489],[-98.9735426445711,30.098068158851728],[-98.97323853430468,30.096612030991984],[-98.96915392884377,30.09526531219778],[-98.96834237644308,30.094382635738185],[-98.96684563046612,30.093720362655876],[-98.96456245706864,30.093212309870605],[-98.96263446495809,30.092086616434717],[-98.96337113918662,30.08960474297996],[-98.96200237888314,30.086317015672034],[-98.96096241005851,30.086007900859695],[-98.95847646534183,30.085190786686955],[-98.95750969214485,30.08346584408037],[-98.95495072966696,30.084053372685407],[-98.95469745236754,30.082839890934117],[-98.95398741318719,30.082111606003945],[-98.95307437810882,30.081603826268502],[-98.95028348679422,30.082308821834683],[-98.94863492553426,30.081535949592716],[-98.9473918952346,30.081513445286348],[-98.94581871340677,30.082020177658286],[-98.9415826906165,30.0810366405529],[-98.9404655933399,30.082580527461506],[-98.9384863478508,30.083241436353134],[-98.93840941702818,30.084675458083993],[-98.93691019798926,30.08845853364109],[-98.93627515106714,30.089671621557144],[-98.93624940984269,30.090179067622376],[-98.93591934185784,30.09059813127748],[-98.93378840325661,30.09022196436921],[-98.93117489507465,30.090705978134338],[-98.92927166412657,30.091234524276455],[-98.92729150235591,30.092943286154345],[-98.92716349152961,30.094487599636366],[-98.92579213778991,30.096185581364942],[-98.92373818480854,30.09461791715458],[-98.92180704589956,30.098168896346497],[-98.91949368910852,30.103694224526194],[-98.91695621972211,30.103692644580846],[-98.91609324595791,30.103978888609486],[-98.91467102062367,30.10545614162503],[-98.91388442881141,30.10545562716109],[-98.91314907780132,30.10488155602332],[-98.91152482585126,30.105145165566825],[-98.91058452870065,30.106688913065614],[-98.90913751435615,30.1074601549093],[-98.90723421603445,30.107591169496544],[-98.90596507709937,30.1079652917718],[-98.90484964260433,30.1067842057817],[-98.90294698567973,30.106363591206446],[-98.90210963635901,30.106274737379195],[-98.9017033229661,30.106583327988503],[-98.90116939310732,30.107708086211066],[-98.90048364257561,30.108325354652433],[-98.89850343768582,30.10916220574258],[-98.89802024287764,30.11024287315158],[-98.89888093492102,30.112306379123638],[-98.89855014558901,30.113111382245737],[-98.898625282476,30.1141153433159],[-98.89821808064929,30.115151951671],[-98.89489367539588,30.115215466169314],[-98.89418274239183,30.115523705598157],[-98.89375033473655,30.1164942321573],[-98.89314106676814,30.116714318613777],[-98.89227860324701,30.116360603724242],[-98.8916706108863,30.11532317815466],[-98.890960369585,30.115168145591316],[-98.89014776885034,30.115542572531943],[-98.8893342221897,30.11684350808012],[-98.88917942539827,30.119137890043095],[-98.88851914300318,30.11949034242165],[-98.88763058611801,30.11980948179778],[-98.88669164542345,30.119720445807456],[-98.88458309643238,30.121660111641447],[-98.88338901353592,30.122673882475066],[-98.88326035412598,30.12415201521589],[-98.88396919405542,30.12571903450734],[-98.88328321175838,30.126336210603405],[-98.8826986429687,30.1270196068012],[-98.88153918293992,30.126974282467327],[-98.87860186713235,30.125728130570078],[-98.87727632837044,30.125003491003646],[-98.8761332042051,30.124052883054127],[-98.8754842881933,30.1229896331766],[-98.87532963782725,30.12190432973409],[-98.87494059724064,30.12104484341242],[-98.87361564867189,30.120003623895705],[-98.87309778338532,30.118239767992566],[-98.87299617674017,30.116363121366458],[-98.87164512762085,30.11538966945097],[-98.87138576154044,30.114824146990124],[-98.86982612540878,30.11432524229748],[-98.86948860679696,30.113963158368676],[-98.86836984763706,30.1143237891839],[-98.8663809353772,30.11401658650549],[-98.86575852864944,30.112772479555478],[-98.86542105046183,30.112319974171605],[-98.86399138977198,30.111889023839172],[-98.86347090320143,30.112182337337657],[-98.86287363852185,30.111593926831063],[-98.86287488628176,30.110689604133665],[-98.86192737116785,30.109546898450766],[-98.85953732520102,30.10791654404356],[-98.8577476484914,30.107886213959485],[-98.85682013885886,30.10781176381754],[-98.856144682122,30.10740415562057],[-98.85476642932092,30.107447930809723],[-98.85308907166622,30.107547742520318],[-98.85166080965328,30.106325356466918],[-98.85058877187132,30.106224565115156],[-98.849295704512,30.105553961218973],[-98.8478915487897,30.10555234011515],[-98.84653593263548,30.107788978735314],[-98.84554706357746,30.108330398117495],[-98.84366718253857,30.10801457490875],[-98.84216108240457,30.10785740546104],[-98.84104984483855,30.107488517456755],[-98.84038686839595,30.107028281915742],[-98.83927096048876,30.106236346402188],[-98.83861101316528,30.105804383352304],[-98.83801100503082,30.105337010514717],[-98.83792648793563,30.10526333092667],[-98.83755306456024,30.104679507095145],[-98.83743733819544,30.104132061145794],[-98.83702620803598,30.10358652317705],[-98.83595105130335,30.10350438765642],[-98.83518630741713,30.103596156734714],[-98.83435786938404,30.103663586949015],[-98.83304761904995,30.103828859401975],[-98.83209516679523,30.10381483419952],[-98.83198138348642,30.10380867762696],[-98.83138761235496,30.103776551067703],[-98.83082365990107,30.10342858119188],[-98.83059440714561,30.103232078945087],[-98.82985641958014,30.102990423599085],[-98.82959631957614,30.10303554755287],[-98.82877722222536,30.103192712235362],[-98.8284286570305,30.10316697989789],[-98.82783529103924,30.102871075021245],[-98.82679542372422,30.102756772380317],[-98.82573075392422,30.101963973401915],[-98.82371727094471,30.101068305736604],[-98.82233889417614,30.101224676949148],[-98.8195517919554,30.101746062012246],[-98.8186458724324,30.10169439840005],[-98.81690410197857,30.101488546494842],[-98.8152926267668,30.101169750506763],[-98.81380800445294,30.10252414568167],[-98.81297553388251,30.102726483456106],[-98.81193534317399,30.102792809924072],[-98.81097413234525,30.10233926717897],[-98.81005022316036,30.102801355539707],[-98.80911432146644,30.102709585723378],[-98.80690355677245,30.103045498243397],[-98.80568045290241,30.103586274488894],[-98.80515904376205,30.104286479208294],[-98.8032856593393,30.104893991822575],[-98.8021012602816,30.105536551837552],[-98.80116642668455,30.104902144800683],[-98.80077841197398,30.103884127088907],[-98.80023342295574,30.103363323735035],[-98.79966052148497,30.103746804906255],[-98.79875085329228,30.10358718608644],[-98.79791972660152,30.10311114215578],[-98.79706293773805,30.102521951762114],[-98.79628266467552,30.102656453786548],[-98.79503309374228,30.103400525231336],[-98.79323713511387,30.104256826457778],[-98.79281756079074,30.10427658382003],[-98.79229621363412,30.104301056116658],[-98.79114372363364,30.104355275948784],[-98.78854386625072,30.104192803655337],[-98.78661858345907,30.104709750346505],[-98.78448608268756,30.10486449779105],[-98.78357514966697,30.10524743302651],[-98.7828977885017,30.105856623002623],[-98.78099963662827,30.105830869599103],[-98.78012710119617,30.106496354230597],[-98.77900684634133,30.107466695151675],[-98.77861269793401,30.109297200739388],[-98.77762259548909,30.110177248741664],[-98.77681623894398,30.110266298773805],[-98.77538730499121,30.109698680668128],[-98.7740623231848,30.109199038261576],[-98.77317395135258,30.111051364357124],[-98.7725235207812,30.111208551259743],[-98.7714844655432,30.11073198065157],[-98.76995261160833,30.109711878198564],[-98.76905811146922,30.10863641317858],[-98.76799338597365,30.107956337062493],[-98.76658892751912,30.108112076461325],[-98.76541942163051,30.107816141319258],[-98.76450918121098,30.107904927705643],[-98.76349539109037,30.10776739973444],[-98.76214320919546,30.10776495803066],[-98.7601288359855,30.10738829070393],[-98.76018245552649,30.10675539229925],[-98.75945646406333,30.105872346727136],[-98.7592255018139,30.104628454296083],[-98.75865313843398,30.104763028836285],[-98.75698966963189,30.104420903448318],[-98.75544322885344,30.104203337865783],[-98.75495030439241,30.103750173071223],[-98.75362523994099,30.10331813775869],[-98.7529466426939,30.104356809254885],[-98.75237263629535,30.105146951430594],[-98.75203226193925,30.10607332155276],[-98.7493799815713,30.106090892482772],[-98.7487820575283,30.1060445405025],[-98.74880691031895,30.106496752119973],[-98.74825977702211,30.106925264819917],[-98.74701205751666,30.10674195035647],[-98.74584150958232,30.106920606736853],[-98.74431026650184,30.10578718850382],[-98.7430363395463,30.105694287621738],[-98.74259077247041,30.107049898379955],[-98.74170475152927,30.107816863261213],[-98.74118428651828,30.10797406308092],[-98.7399128802354,30.106909003492888],[-98.73911983492619,30.10689608690723],[-98.73838942465012,30.10779895925476],[-98.73781639472027,30.108204768357897],[-98.73537459231835,30.10722774055693],[-98.73386625358266,30.107292502766906],[-98.73259250000197,30.107131689019745],[-98.73181393643343,30.106587441321476],[-98.73101057576977,30.105568452455536],[-98.73038936829293,30.104527233784797],[-98.72833416306005,30.104907351639874],[-98.72694211213621,30.105254867123346],[-98.72598071176296,30.105004224444137],[-98.72538380461286,30.104596021032005],[-98.72447321385037,30.1047749455201],[-98.72347255350594,30.104603273326454],[-98.72075523960301,30.104631471939726],[-98.7192451132199,30.105374265667635],[-98.71780324622199,30.104907754198454],[-98.716942666468,30.10581022817015],[-98.71621396927921,30.10601209293772],[-98.71470530984496,30.106189736482936],[-98.71425619442373,30.106022467642266],[-98.71488779001852,30.107127566383927],[-98.71542557634483,30.108089353617515],[-98.71490605097162,30.108946835827876],[-98.71462041455904,30.110172625781285],[-98.71461782920764,30.111072066081366],[-98.71301832494535,30.111354616985786],[-98.71242819019419,30.112150596602874],[-98.71068731356405,30.112514735559056],[-98.70882431725926,30.11345400051319],[-98.70877333876518,30.113486338398058],[-98.70845242191815,30.11368990481005],[-98.70817668044842,30.114022698149114],[-98.70788192164413,30.114612215492606],[-98.70753961950345,30.115334851899785],[-98.70684550835139,30.115325343038876],[-98.70579008131736,30.115334851899785],[-98.70476772486218,30.115511505807955],[-98.7043066124403,30.11558708542671],[-98.7027060266064,30.116196635144792],[-98.70195201129964,30.11674683104397],[-98.70140846048416,30.117665544240246],[-98.70089251489735,30.117214560964236],[-98.6983310047973,30.11677948644006],[-98.69703530088263,30.117614523793556],[-98.69656326225196,30.118206259117223],[-98.6947964701242,30.119305968874432],[-98.69479357844732,30.120246248532656],[-98.69446304064357,30.120674615345923],[-98.69302872129066,30.12067135576321],[-98.69192267329205,30.120975303813108],[-98.69096136544523,30.12011460580119],[-98.69068103717768,30.119500700170352],[-98.68964660556847,30.119498259533614],[-98.68919922120078,30.119701561800163],[-98.68739152518486,30.11877748893346],[-98.68567603404634,30.118507611692568],[-98.68494715000796,30.118505950395576],[-98.68416985665722,30.118953721750735],[-98.68317885679537,30.120034718733557],[-98.682704531054,30.121280480159417],[-98.68016058391605,30.122256610623026],[-98.6793611129576,30.122703120218794],[-98.67881784870468,30.123458138497945],[-98.67881467405846,30.12443925200614],[-98.675895285929,30.125556301320184],[-98.67586819274004,30.12666003784197],[-98.67534880121579,30.127312834964894],[-98.67501695097344,30.128109196437645],[-98.67405119466936,30.12859736237082],[-98.6740488464732,30.129312863513405],[-98.67444534307667,30.130294967714917],[-98.67350268245855,30.130926203377967],[-98.67368898316701,30.13147856720511],[-98.67368669515798,30.13217356537704],[-98.67349554983521,30.133092950815595],[-98.67314077638342,30.133705225881556],[-98.67255130189398,30.134194317410785],[-98.67309069710295,30.134645383181272],[-98.6728530693541,30.135380632027328],[-98.67238005605137,30.136197052303963],[-98.67263619268832,30.136974452080725],[-98.67352647972875,30.137998712803274],[-98.67352439743392,30.138632366555242],[-98.67126408346549,30.13942390480284],[-98.67027633730156,30.139421425815186],[-98.66861148239899,30.137965977414073],[-98.66769556013529,30.13759570248147],[-98.66666016193881,30.13779751860066],[-98.66531649337786,30.138734380263493],[-98.66353035692877,30.138402691798223],[-98.66263471772588,30.138809191647535],[-98.66141457739798,30.138151971644977],[-98.6614164602668,30.137600160235806],[-98.65913538982541,30.137573754758403],[-98.65757124504933,30.13623959423187],[-98.65648444165903,30.135706785929578],[-98.65549683114072,30.135704199636642],[-98.65349642583512,30.13612823811947],[-98.65215932395888,30.13516400398982],[-98.65102921189045,30.13554938552641],[-98.65001801520603,30.135546610442848],[-98.64868743240383,30.134992501147472],[-98.64771942492166,30.13554172297052],[-98.6468474329703,30.13437297541221],[-98.64522640956538,30.133918971669903],[-98.6449939408412,30.133182506159624],[-98.64238004009546,30.134176945707523],[-98.64197846082412,30.134686834225246],[-98.6419755808253,30.13548408791473],[-98.63952726563758,30.136192723450662],[-98.6384438129633,30.135828505545412],[-98.636706976057,30.13527181075149],[-98.63599183534414,30.134574073267363],[-98.63353744574846,30.13435700683711],[-98.63172402117598,30.13504685019056],[-98.63040540393337,30.13551336847889],[-98.63004730671504,30.136943114750423],[-98.63011664048528,30.137249928360294],[-98.62966845931194,30.137637128979918],[-98.62745378874308,30.13694930810218],[-98.62675675267647,30.13646374488358],[-98.62612172461897,30.136482356103542],[-98.62631193299893,30.13593099994298],[-98.62490267484581,30.132695494874312],[-98.62327051143303,30.131772894687224],[-98.62119794176573,30.13262536680404],[-98.61992809316156,30.132621698954768],[-98.61908045902913,30.132905441380274],[-98.61764345371353,30.133555341267886],[-98.61747677490584,30.13408633855195],[-98.61575841364998,30.134490120688465],[-98.61519414409078,30.13448846665259],[-98.6144895100735,30.134261622632163],[-98.61413566188645,30.134567118397918],[-98.61380259891845,30.135567760741505],[-98.61342386290644,30.136179884499473],[-98.61257490286069,30.136790539247805],[-98.61135286349426,30.13656206593944],[-98.6094456952303,30.137169646514693],[-98.60866443851255,30.13847547501044],[-98.60819411296913,30.138474070418503],[-98.60748746492898,30.13877857894605],[-98.60650052724881,30.138550764369143],[-98.60471329485507,30.138545477731583],[-98.60362774191965,30.13948240221205],[-98.60282682736855,30.139807019125712],[-98.6024482000527,30.140419114259682],[-98.60211506342284,30.14137879984295],[-98.60129071901248,30.141682917196647],[-98.60048820995172,30.14239589428997],[-98.59858854531535,30.14108186202779],[-98.59562804848184,30.140418700969768],[-98.5950144820748,30.140927869722354],[-98.59383666946475,30.14139436720262],[-98.59338657128659,30.1422104875855],[-98.59246694526898,30.142800454229235],[-98.59178605102971,30.142512222901978],[-98.59110407881211,30.142510099009733],[-98.58989457004557,30.141491854444844],[-98.58841323466733,30.1391903048081],[-98.58699849858762,30.140064884549513],[-98.58405620252009,30.140689166996342],[-98.58346390013413,30.141207758376048],[-98.58317963455069,30.142411320103413],[-98.58248195798528,30.14294755458806],[-98.58006370941011,30.143741973682367],[-98.5796085420388,30.143740684913787],[-98.57787296187558,30.14452624100207],[-98.5755756768433,30.143628719681388],[-98.5741572980951,30.144162581321876],[-98.57344533652005,30.145061388091214],[-98.57278728823509,30.145202096486493],[-98.57205491064857,30.14495787776755],[-98.57160277419302,30.144253170681406],[-98.5705580694502,30.143172854485382],[-98.56948338523141,30.143169247621582],[-98.56884015914862,30.142793634333206],[-98.56811951535634,30.142791264964938],[-98.56716654297708,30.143853938009453],[-98.56616393957667,30.144718891926995],[-98.56519036613301,30.14471558575171],[-98.56441422442246,30.145833865253902],[-98.56355443249099,30.14583100578646],[-98.56303404204017,30.146279833966627],[-98.56195709137191,30.14678175745704],[-98.56148365496267,30.14804387558105],[-98.56083517014221,30.148854845191014],[-98.56098375328682,30.14958075681001],[-98.56127273592385,30.14999925777237],[-98.56111870000545,30.15052618712361],[-98.55916748015659,30.151409756196017],[-98.55774973921226,30.151756558078727],[-98.55746842728946,30.152459010987872],[-98.55728510988607,30.15386493488165],[-98.55655049279954,30.15411521119493],[-98.55485699241918,30.15391158987473],[-98.55450029387774,30.154514880817896],[-98.55358857572958,30.154797475951337],[-98.55195652011464,30.15496770157654],[-98.55167497193493,30.155582410371593],[-98.55010512285679,30.156126246648665],[-98.54848815444706,30.155758029101072],[-98.54748923863092,30.1557545873663],[-98.54401729856681,30.154555762701925],[-98.54332469029625,30.153948942437786],[-98.54206905124325,30.154746780734772],[-98.5409777967007,30.153805889843124],[-98.53996748934843,30.15255260735479],[-98.53914364889293,30.152978258229503],[-98.53860901116171,30.15373464892576],[-98.53715346641526,30.154037232164566],[-98.53607032455808,30.15311036358169],[-98.5343875374858,30.153335143920888],[-98.53337304039104,30.15393586733349],[-98.53229824298452,30.15393212726144],[-98.53160082872716,30.154358181530363],[-98.53102791917156,30.15515834985773],[-98.5308351353217,30.155827949653357],[-98.53083154565383,30.15658611740886],[-98.52965136238974,30.157450068781987],[-98.53012223500717,30.15949573034186],[-98.5292940763501,30.160789393797117],[-98.5285588609856,30.161160425172913],[-98.52789650977043,30.16216898022809],[-98.52772976808065,30.162662885911878],[-98.52601905148788,30.163392966084817],[-98.52580177776673,30.163875759947295],[-98.5241095485025,30.163386137515708],[-98.52358272072433,30.16248303022527],[-98.52250356828532,30.16193922900634],[-98.52122240001027,30.161540387915235],[-98.51990504040903,30.162008149458252],[-98.51851016877521,30.1627832324898],[-98.51817824307436,30.163430371754153],[-98.51745419017557,30.164097997769847],[-98.51715903521423,30.164976011681365],[-98.51644651937865,30.165852481538668],[-98.515361076936,30.165408928212994],[-98.51389170891397,30.165897994606322],[-98.51256478764488,30.16569535679417],[-98.51127804622179,30.165053138601436],[-98.50973395184286,30.16530013151634],[-98.50757920429334,30.16628106746493],[-98.5065824992311,30.16579383045518],[-98.50433018835352,30.166049103028364],[-98.50320210378267,30.16656127017688],[-98.50215362521733,30.1663156333579],[-98.50138091686782,30.166576376889246],[-98.5003186572477,30.16657233750792],[-98.49994036500348,30.166340070860635],[-98.49787899553111,30.166332198669092],[-98.4969945214889,30.166185961102286],[-98.49356387248685,30.16685414628607],[-98.49121176956096,30.166834041079657],[-98.48995858829859,30.167059828517846],[-98.48922794176562,30.166507615738578],[-98.48854504338495,30.16650495647088],[-98.48795414326916,30.165821357643484],[-98.48568364420203,30.164691552974208],[-98.48479417552682,30.165512285817883],[-98.48433301818919,30.166642324173772],[-98.48353317083664,30.167221572153043],[-98.48207555547346,30.167721334838518],[-98.48121712718458,30.16755308216814],[-98.47999363703897,30.166943914852805],[-98.47898940499296,30.16552239098117],[-98.47776516655074,30.165044953310368],[-98.47573613822523,30.163718222743253],[-98.474739598453,30.163252759745536],[-98.4741874022512,30.162459262047463],[-98.47368578479319,30.16166613543606],[-98.47254767771871,30.16166139682942],[-98.47198098270825,30.161197722951677],[-98.47097105624165,30.160874941086885],[-98.46913528877143,30.16128514250222],[-98.46827838402527,30.1607212111358],[-98.46772585993841,30.159982724300363],[-98.46627516789114,30.159328478018498],[-98.46577150047764,30.158930829498175],[-98.4657731551744,30.15862312794886],[-98.46510505653802,30.158235896289277],[-98.4644369309522,30.157853955702755],[-98.46405336290229,30.15745687290701],[-98.4632765600317,30.156129514381444],[-98.46327839708648,30.155772321115194],[-98.46262936609033,30.154209278255465],[-98.45916473022781,30.15419512816053],[-98.45769905428159,30.15259449673951],[-98.45721030878327,30.15204411301928],[-98.45555378395832,30.152037337261294],[-98.4551827339319,30.151678597379632],[-98.4546348622199,30.151280719158557],[-98.45385342044919,30.15082699982845],[-98.45306810154972,30.15107648610062],[-98.4524944329177,30.150782854703305],[-98.45206038044715,30.150385442045515],[-98.45182476672117,30.150697628013337],[-98.44979090276449,30.15149132677436],[-98.44978827698891,30.151963885156327],[-98.44863508270923,30.15241506156148],[-98.44806333018371,30.152907074971512],[-98.4478450287899,30.153510562364858],[-98.44742530804137,30.153959352497047],[-98.44618188427961,30.1547013673806],[-98.44506749722021,30.154982349454833],[-98.44466018130746,30.15547512913014],[-98.44334667907206,30.155172863330947],[-98.44170812863761,30.154231856107646],[-98.44106319036592,30.15425112654549],[-98.44023215081174,30.153632169914612],[-98.43980429312339,30.153256759582046],[-98.43942865809575,30.15260680069424],[-98.43867229818609,30.152207970792926],[-98.43752721299848,30.151203062579494],[-98.43676793356413,30.151320717636565],[-98.43469742912366,30.150751356304333],[-98.4328893899513,30.150732631258695],[-98.4332533738297,30.1489978676803],[-98.43177614195568,30.148606888249223],[-98.43113136268576,30.148604096443357],[-98.43075378280554,30.148305760385025],[-98.4303170156262,30.14730385672233],[-98.42945773663274,30.147212233126286],[-98.42860029559237,30.146801980166387],[-98.4279714290794,30.146238777753165],[-98.42701033413336,30.146234583729353],[-98.4262910494921,30.14601163214902],[-98.42499275124288,30.145302725320068],[-98.42427392653904,30.145002876122376],[-98.42347671843679,30.145098275580853],[-98.42274417645858,30.14496313376539],[-98.42226521990192,30.144697348184664],[-98.42185298661128,30.14384938187977],[-98.42049097894382,30.143249975929482],[-98.42010149458945,30.142830640750642],[-98.41995189545023,30.142456394973582],[-98.41965547206773,30.14126828542431],[-98.41908750144955,30.141100995977357],[-98.41828245824139,30.140394123423487],[-98.41793385711392,30.139469454927237],[-98.41767226500824,30.138809019958494],[-98.41758725922953,30.138204233807276],[-98.41760492280297,30.137369164703177],[-98.41734182242593,30.13695038176145],[-98.41688772764306,30.136772580673085],[-98.4164598412086,30.13643003476251],[-98.41512063727463,30.13628114560243],[-98.41412301054089,30.13607897833359],[-98.41260596892674,30.136072201479067],[-98.4122790513336,30.13577403884437],[-98.41004134167264,30.135764001330696],[-98.40925597606078,30.136024232865314],[-98.40883884515523,30.13602235355545],[-98.40837210927968,30.135844383762482],[-98.40823453858214,30.135602015763002],[-98.40688555918122,30.134958585421312],[-98.40611581527214,30.134724365763315],[-98.40483891938457,30.134718500126155],[-98.40465179671763,30.134311128051365],[-98.40427441536508,30.13400170964545],[-98.4029378794275,30.13340223921762],[-98.40196537138576,30.133243874869727],[-98.39986988569552,30.132728974748275],[-98.39935156136985,30.132726605138377],[-98.39841791893886,30.133669063655123],[-98.39692390384039,30.134858250585452],[-98.3956550882988,30.135621600599325],[-98.39223402701577,30.136858569089807],[-98.39159506254069,30.137954431422152],[-98.39028411421566,30.137332933899508],[-98.38935774813847,30.137889174245778],[-98.38617885468972,30.136742421043472],[-98.385474723729,30.136112875029244],[-98.38346645277477,30.135817768830044],[-98.38232865741568,30.135812337543285],[-98.37897195772783,30.136840452818998],[-98.37780882538614,30.13683494312275],[-98.37619259988315,30.136519569210254],[-98.37550396755601,30.135450414750302],[-98.3755066642985,30.13502188907008],[-98.37528353805328,30.134317436550752],[-98.3747583838365,30.133402992826134],[-98.37249949639272,30.1327328570238],[-98.3699010305002,30.13383023896762],[-98.36732048779423,30.136048491419075],[-98.36711061529272,30.137245284137542],[-98.36671173905205,30.13832033429751],[-98.36499108170233,30.138509821470944],[-98.36459926801645,30.138507925117146],[-98.36087192613728,30.138127256803486],[-98.35911090748186,30.138711983760423],[-98.35848524076793,30.137709010796616],[-98.35793049424906,30.137475477439054],[-98.3571835154459,30.137636683049255],[-98.35645972575351,30.138127632812807],[-98.35608810439857,30.138873062274325],[-98.35507432326108,30.139252675052454],[-98.35297897141984,30.138736860045277],[-98.35133098059009,30.139399008492575],[-98.3498943876012,30.1406227253644],[-98.34847841903293,30.14061562331794],[-98.34414211730751,30.142484126771677],[-98.343985565208,30.14321958134359],[-98.34411789872745,30.14423116695357],[-98.3442164780501,30.144616332081057],[-98.3434817280129,30.144832391707272],[-98.34302460500922,30.145126886000867],[-98.34290902147657,30.14541191306994],[-98.34219665476131,30.146056692945386],[-98.34205396097168,30.146594419294356],[-98.34205040903305,30.14714385076022],[-98.34142913687751,30.147404494287507],[-98.34117245316654,30.14785367186139],[-98.34085986190554,30.14743457686191],[-98.33976001048573,30.147418124120016],[-98.33962337762934,30.14704377145455],[-98.3391949324428,30.14683289333472],[-98.33863096022596,30.14608272017376],[-98.33802298672987,30.146233510947912],[-98.33755779236336,30.146112055854335],[-98.33743908718507,30.14604079617427],[-98.33702897481683,30.14579460252862],[-98.33669499377062,30.145548705790745],[-98.33655553032277,30.14544227280027],[-98.33630596126885,30.14559641730835],[-98.33604538336112,30.14581662455139],[-98.33566002047726,30.145967098790866],[-98.33492599717715,30.14612858416518],[-98.33442686086595,30.14612491526415],[-98.33364145662652,30.14592672760021],[-98.33282669095202,30.14560742795408],[-98.3321556260786,30.145217253857208],[-98.33205660029324,30.145159678053076],[-98.33158381785753,30.144882249940427],[-98.32981687840606,30.144411769056067],[-98.3296168595249,30.144081026434748],[-98.32909395019801,30.143662508911074],[-98.3285435982375,30.14329938983406],[-98.32801056489738,30.142292630537497],[-98.32755810145507,30.14189471446056],[-98.32615540908837,30.139931639158227],[-98.32561006882884,30.138324439316833],[-98.32508219900497,30.137860169402302],[-98.32439757046906,30.138142338350043],[-98.32346763897851,30.137324425454263],[-98.32304240077752,30.136640865195314],[-98.32262041268122,30.135495926309904],[-98.3217898869634,30.134920257645703],[-98.321258989817,30.134917513620685],[-98.32080553643125,30.13467333936951],[-98.32025419093405,30.133945255373067],[-98.31982637366987,30.13365735012401],[-98.31911426477113,30.134268985400457],[-98.31788269697448,30.133185708614306],[-98.3155130616292,30.132162456116674],[-98.31440733073588,30.131189622217043],[-98.31413864912598,30.129825650295718],[-98.31368893991832,30.129032105128374],[-98.31323735682501,30.1285242416689],[-98.31282760198624,30.129291277560394],[-98.31282166771548,30.13014840090232],[-98.311677090076,30.131131392596426],[-98.31031181882909,30.131124233150814],[-98.31008626084441,30.13083735532967],[-98.30915443121368,30.130305022877444],[-98.30785769423642,30.131353144805264],[-98.3070695923562,30.13198624454239],[-98.30643541500328,30.132268586445054],[-98.30537346170868,30.13226297005481],[-98.30497148268704,30.13190927822763],[-98.30423556933154,30.13227896149955],[-98.30314205911935,30.13317426383938],[-98.30243418308218,30.133170501226537],[-98.30175039447109,30.13334256739152],[-98.30106300092073,30.133998348727264],[-98.30048068690242,30.134105152993847],[-98.29961793322545,30.13454001211585],[-98.29877739219052,30.13541469366561],[-98.29807049711366,30.135693239938018],[-98.2978352543919,30.13635470027997],[-98.29767880110707,30.136455957319107],[-98.29661643638407,30.139092640496163],[-98.29664691083177,30.140302275889475],[-98.29575661929977,30.141133982804536],[-98.29582516255257,30.142468183591166],[-98.2942640738451,30.142527609854998],[-98.29269614626335,30.1435590779108],[-98.29270996055578,30.145254714583725],[-98.29201024481469,30.146709131849814],[-98.29096672584804,30.14713303992561],[-98.2895889042383,30.147012490921743],[-98.28833682970034,30.14750314468293],[-98.28673680261856,30.14934823962711],[-98.28682098284553,30.150387763847622],[-98.28752947063538,30.15125144793383],[-98.28530514946543,30.151273300178197],[-98.28423179026167,30.15221702868309],[-98.28396305924443,30.153413689763273],[-98.2836258568396,30.154276894506992],[-98.28042265947084,30.15375605631573],[-98.27960980541127,30.15463328071028],[-98.27879348026146,30.155985227605743],[-98.27842030571938,30.157226590297505],[-98.27867085303866,30.158539190395427],[-98.27603731152755,30.159361081268884],[-98.27496989917096,30.159468283718635],[-98.27427776610918,30.15983745130675],[-98.27333492313305,30.160691314361777],[-98.27145742981621,30.161291348306356],[-98.27002399350721,30.161622426227744],[-98.26913988328269,30.16157229917642],[-98.2683844917569,30.161703706419512],[-98.26776222786127,30.161406398718846],[-98.26574650268681,30.163090604170417],[-98.26496558643055,30.163154124326518],[-98.26499866868753,30.163934235866606],[-98.26449976863321,30.164564490525485],[-98.26327302928124,30.165100074890887],[-98.26326495971504,30.16618522094737],[-98.26353168838753,30.167039746652897],[-98.2640101472775,30.167432814417925],[-98.26446708343163,30.168354532829493],[-98.26211321711286,30.168851852684462],[-98.2607130364357,30.16996882171557],[-98.25939101996804,30.16930579895729],[-98.25892632865808,30.169710696634976],[-98.2582616427215,30.170723647656185],[-98.25773672476161,30.17133104189349],[-98.25695438377733,30.171575244231306],[-98.25552288243946,30.17163502184945],[-98.25471323356882,30.17203736111894],[-98.25513871790821,30.174277877498163],[-98.25461975577868,30.175823517401582],[-98.25490097248006,30.17648068130619],[-98.25496524065044,30.17831220875176],[-98.25556085512484,30.179036362815808],[-98.25418170580511,30.17957956417453],[-98.25305971450683,30.17935126763979],[-98.25199372148839,30.17932855809017],[-98.2516858966883,30.179493255011973],[-98.25089666921902,30.1791670183678],[-98.25011769422208,30.179173659470347],[-98.25003016956732,30.178917975922896],[-98.24978178628957,30.17884445997556],[-98.24891490395557,30.179488513379567],[-98.24820813823611,30.18007247094861],[-98.24735815860247,30.181021703582456],[-98.24563081599042,30.18061795429381],[-98.24432164992291,30.181497976706165],[-98.24416480497261,30.181962908586208],[-98.24416006366455,30.18258424833582],[-98.24180211989271,30.18365792370342],[-98.24138755906718,30.18443217178551],[-98.24056539217307,30.185070877339204],[-98.24017344912976,30.186222356549266],[-98.2396276192884,30.187461839046893],[-98.23772685780905,30.187173438543184],[-98.23634751175828,30.18718759632819],[-98.23538648688081,30.18596161840844],[-98.23349338982747,30.186349940059394],[-98.2321061386022,30.18738466133321],[-98.23130132536274,30.18906624405022],[-98.23167632707809,30.190111360111306],[-98.23112389551771,30.19217160418524],[-98.22890269060349,30.192047734231412],[-98.21685304960674,30.19283061180231],[-98.2130253281811,30.193972615475392],[-98.20969228382961,30.195550132361827],[-98.20762851585543,30.194894219166965],[-98.20650503065882,30.19482087974677],[-98.20437524459611,30.196028346169115],[-98.20487312416422,30.19765110879609],[-98.20504117739434,30.198983413543445],[-98.20549165466156,30.200139970715956],[-98.20617483870647,30.2009651116147],[-98.20684053255282,30.20235596592918],[-98.20582502215842,30.203715637427493],[-98.20591675542029,30.20502579774035],[-98.20481838981398,30.206049282385234],[-98.20383185907065,30.206877575361702],[-98.20331991817338,30.208125840512647],[-98.20330579755542,30.209878587666285],[-98.20263989350329,30.210074263460577],[-98.20146329990709,30.210266830519465],[-98.19973246105195,30.20947963632485],[-98.19806926982928,30.2098022962191],[-98.19738079111406,30.20964280471864],[-98.19657549997086,30.20971551204485],[-98.195172650399,30.20944063184765],[-98.19460916506905,30.209614713748966],[-98.19423977872252,30.21105472330093],[-98.19370995685954,30.210230378863447],[-98.1926946396029,30.20942539507664],[-98.19163097681435,30.208287203088187],[-98.18975843141808,30.207665457238928],[-98.18814673611905,30.208125518336924],[-98.18807159024892,30.20814698378093],[-98.18745349184125,30.208361282406475],[-98.18680955069951,30.209000747252997],[-98.18682925344865,30.20971087356484],[-98.1879993153944,30.21033940308305],[-98.18792635243041,30.211437315476406],[-98.18691982339223,30.212673627678345],[-98.1868864393013,30.213627515822175],[-98.1877255259638,30.21412089725904],[-98.1890503424802,30.214572830062107],[-98.18955450756037,30.215396951038283],[-98.19010603900884,30.216687274550157],[-98.19055769127245,30.217688608662428],[-98.19200428161211,30.218873450423168],[-98.19335390241015,30.21941431055913],[-98.19312974939055,30.221853662121234],[-98.19172637879582,30.221623193158248],[-98.19001387635227,30.2217013484583],[-98.18956955074812,30.222896787614157],[-98.18846303742218,30.22386621789948],[-98.18851532206666,30.225275542463127],[-98.18744844241105,30.22451447642372],[-98.18594105499126,30.224505124791484],[-98.18411177335739,30.223251200089187],[-98.18288811792175,30.22291075785198],[-98.18181268001644,30.2231925047882],[-98.18093936215173,30.223741776183925],[-98.17769703237258,30.223433019618643],[-98.17573285971562,30.2230434951937],[-98.17422735246973,30.222812112313186],[-98.17304646851973,30.223470303909437],[-98.17185168763228,30.22427266643199],[-98.1706388964217,30.22568499988779],[-98.16891437182468,30.227182893575442],[-98.16864521770096,30.228800997760946],[-98.16765319196303,30.22978206496847],[-98.1651564710562,30.229299261202662],[-98.1638981460405,30.229979309365856],[-98.16198641253828,30.229102493556617],[-98.15972904594229,30.230130856563267],[-98.15961092287232,30.231993997778318],[-98.1601779421746,30.232940631110594],[-98.15913453459903,30.23544120447262],[-98.15901922415424,30.236971461125147],[-98.15916036834999,30.24141007120424],[-98.15791539140109,30.242056621585306],[-98.15714065106239,30.243005722867014],[-98.1572341315475,30.24402696147414],[-98.1579558982339,30.246294858929126],[-98.1571794115703,30.24894139288271],[-98.1571035111153,30.251869709640665],[-98.15332133786784,30.251823135197856],[-98.15162430531176,30.253010328080023],[-98.14987989560763,30.252018549058228],[-98.14835854926663,30.252345599544746],[-98.14801827013197,30.253275290639277],[-98.14827773502704,30.254308783594883],[-98.14743845163349,30.255312863207056],[-98.14634471504586,30.257657717467207],[-98.14553737215054,30.259383160830374],[-98.14413060951729,30.259484886547146],[-98.14365396791912,30.25993667368325],[-98.14373300079951,30.26112426818752],[-98.14422462270338,30.261915116212126],[-98.1439128021969,30.262512161291458],[-98.14319436107367,30.262818098866127],[-98.14117410749186,30.262938040579364],[-98.14126733914362,30.263959196908147],[-98.14163769117908,30.26547051181369],[-98.14058471474912,30.266040507074703],[-98.13840652386564,30.266669640901345],[-98.13727345993316,30.267616264495995],[-98.13759234119776,30.269883624324915],[-98.13567162633935,30.27020385933144],[-98.13367141417152,30.27085652073634],[-98.13285287197957,30.27179174045942],[-98.13174983693041,30.272228240829136],[-98.13115882722015,30.271594566802303],[-98.13039465017087,30.271256511669982],[-98.12949937927726,30.27129501060956],[-98.1284556887324,30.27075536462405],[-98.1270574735691,30.270954424460538],[-98.12564090133294,30.27071197850098],[-98.12448339783484,30.271525145865617],[-98.12398920046105,30.272476004386807],[-98.12339346830736,30.273359549695797],[-98.12252352990473,30.273442535174414],[-98.12207233488363,30.272440983132725],[-98.11850017517315,30.274547043134188],[-98.11834504959832,30.276176878546178],[-98.12040057373312,30.27787695596465],[-98.1209737168507,30.27954496026385],[-98.12088439197211,30.280964342933633],[-98.11919043165433,30.2817073933533],[-98.11775777777795,30.28180874142321],[-98.11707566003327,30.282325502779344],[-98.11695912787967,30.28392232277621],[-98.11671857970784,30.28509659348547],[-98.11467677374571,30.284705623206335],[-98.11324227562808,30.28500654639834],[-98.11182742725896,30.28597312753662],[-98.1109426621626,30.287697899481692],[-98.111798442218,30.289190320044195],[-98.11123285483029,30.289541475208228],[-98.11015859910788,30.28957853971627],[-98.10822087105629,30.288988454298565],[-98.10681214829908,30.289267296080457],[-98.10557065950844,30.288016296913458],[-98.10542234406178,30.2874606509673],[-98.10505247082838,30.285949331781584],[-98.10134724547152,30.28574640982537],[-98.10065152903005,30.28634071133326],[-98.10053726063096,30.287648993216987],[-98.10030156875156,30.288268633664472],[-98.10036710713975,30.28948933991219],[-98.09994976333347,30.290396264542228],[-98.09873735929678,30.291563897158113],[-98.09823855266728,30.291593651007904],[-98.09785019210534,30.292123590544612],[-98.0949392283766,30.291704135531074],[-98.09375788898078,30.292332392789554],[-98.09213860651084,30.29319352670697],[-98.09078254030067,30.29329502114458],[-98.0883019684077,30.293344313196993],[-98.08657871133356,30.294441724142967],[-98.08563900078285,30.29513405811426],[-98.08416231598282,30.295656433912256],[-98.08551576450226,30.29739641617322],[-98.08589000714122,30.298397462186053],[-98.08728226827083,30.299915966318913],[-98.08694308957237,30.300645937790687],[-98.08924163314437,30.30095031543645],[-98.08924728803908,30.301113525852195],[-98.08928209416307,30.302104304729234],[-98.08940365418732,30.302770856304793],[-98.08995842406237,30.303617879305104],[-98.09049888826655,30.304631159155313],[-98.09046001277432,30.306072960711322],[-98.09101828877394,30.306542906928744],[-98.09046898155412,30.30787025195724],[-98.09048612320638,30.310166944707948],[-98.09106609801168,30.311058497412958],[-98.09013463489359,30.312227989481375],[-98.09029134150332,30.31464756831988],[-98.08910459245283,30.315770918584292],[-98.0889653778383,30.316990368946954],[-98.08800532583628,30.317441680388384],[-98.0871560307189,30.31767656409794],[-98.08612610416081,30.318423719233976],[-98.08575922321563,30.319375305699364],[-98.08549480950164,30.32030534428252],[-98.08461813283608,30.321075742413925],[-98.08455452402913,30.322406621947906],[-98.08293410968197,30.323393700084324],[-98.0825032668919,30.324333652892463],[-98.08190518025386,30.325394515030492],[-98.08245805288705,30.326441188409337],[-98.08247369345446,30.327506356688936],[-98.08172477249366,30.328277628640986],[-98.08015930809243,30.328843518543948],[-98.079866962163,30.330017426474406],[-98.07845009797437,30.331094691722104],[-98.0784209952541,30.331471659457527],[-98.07923422211452,30.332032098041694],[-98.0798884390848,30.33319040205065],[-98.07709720730873,30.334890317491613],[-98.07717037868186,30.335268006395992],[-98.0768798527392,30.336242285497892],[-98.0758777191577,30.336723287929967],[-98.07678981639492,30.33766161414607],[-98.07746752520819,30.339042076199625],[-98.07737749605042,30.340461488302836],[-98.07776823445292,30.341074408942585],[-98.07645430731438,30.342063561933415],[-98.0746063694687,30.342716114863833],[-98.07503347526716,30.343540106979813],[-98.07510050036713,30.344561188484494],[-98.07583031146689,30.345853219507912],[-98.07530936316228,30.346848046182505],[-98.0752443493902,30.348311996163982],[-98.07412622264427,30.347527472183838],[-98.07225709803262,30.34769175544419],[-98.07082752897092,30.347370980448982],[-98.06821678580343,30.34750766982942],[-98.06722571048306,30.34815512737619],[-98.06718645680009,30.34959707288544],[-98.06730348033216,30.350751685320706],[-98.06419249143406,30.352371309735563],[-98.06845265554925,30.357715736609116],[-98.06890460515521,30.358628653333426],[-98.06902428949715,30.359494839015152],[-98.0690175683022,30.360204767503276],[-98.06903200872038,30.36138083319558],[-98.06930021601983,30.362780597943537],[-98.06854433042062,30.36289729603351],[-98.06759156824714,30.36353385151933],[-98.0669145619164,30.364771522319842],[-98.06552853150161,30.365227598869122],[-98.06304826323922,30.365054488143038],[-98.0633448375387,30.366143844972783],[-98.0632850115374,30.367053110732954],[-98.0630486674811,30.36769484915834],[-98.06162620050006,30.369282132998677],[-98.06132544454293,30.371299076307082],[-98.0606125379402,30.373601499142048],[-98.05944532185724,30.37523495571386],[-98.05950140457875,30.376067416708427],[-98.06017678675545,30.37769194376005],[-98.06040277323652,30.37813736680559],[-98.06065369155999,30.378671609683177],[-98.06061719031504,30.379802939041898],[-98.06156185507456,30.381373942842906],[-98.06232285478268,30.3820672842902],[-98.06300857836492,30.382626909227717],[-98.06312632863403,30.38369271284],[-98.06347443209485,30.384760256945192],[-98.06222983603162,30.386459719659285],[-98.06150871523394,30.388262834800596],[-98.05995911148737,30.38839595672872],[-98.05882546724321,30.389186493073865],[-98.0588408419093,30.390251648623487],[-98.05771486209115,30.392906058478705],[-98.05697461526273,30.3927009157247],[-98.05584591804084,30.392959108855095],[-98.05525574286548,30.39445250650711],[-98.05551723795313,30.395197641265288],[-98.05579185383378,30.395909683831036],[-98.05652454223738,30.396913392291037],[-98.05667112034232,30.39764660614549],[-98.05576837636384,30.398350141130415],[-98.05544809821896,30.399723407926444],[-98.05495650775613,30.40027455374366],[-98.05512792697358,30.401074575144705],[-98.05388340008066,30.402729591945914],[-98.0551392825771,30.40388135953875],[-98.05668997957338,30.405001972464575],[-98.0568068306289,30.40615658528965],[-98.05694510560564,30.407755062430986],[-98.0580323060513,30.409160669274925],[-98.05671864930568,30.410488791060498],[-98.05594668655785,30.411752674719065],[-98.05662735711661,30.412844816674234],[-98.05697633733313,30.41382357075085],[-98.05755680261858,30.414693083415415],[-98.05759967202057,30.41555863511247],[-98.05754273410292,30.416157371618183],[-98.05509463720581,30.417825879216522],[-98.05559460086539,30.419071986303294],[-98.0567815978509,30.420766852475143],[-98.05787298893733,30.421750962729007],[-98.05903649407986,30.42322374336704],[-98.05915731658726,30.423978947815773],[-98.06052584153211,30.422768575816278],[-98.06190761932238,30.42284505795737],[-98.06237005047106,30.424013235540702],[-98.06290219088582,30.424593855400776],[-98.06461996464347,30.42702460882753],[-98.06477898441506,30.427683546580727],[-98.06529590018236,30.429824129791307],[-98.06558057270264,30.431003125007337],[-98.065575926616,30.432060485465026],[-98.06723060180978,30.43250149501622],[-98.06799191323329,30.433216903532415],[-98.06809327912995,30.4346709238043],[-98.06774312391704,30.436487792459793],[-98.06829758566997,30.437423619047582],[-98.07139563703134,30.440152490712215],[-98.07155169326082,30.44259430075337],[-98.07082275262857,30.44385378237421],[-98.0733950344272,30.446701027497788],[-98.07477887025776,30.449306730953694],[-98.07611366885361,30.451690257361722],[-98.07671196659575,30.453425136826542],[-98.07866964263656,30.454947723054268],[-98.07918156287258,30.454973516638038],[-98.0824678544051,30.454109085202965],[-98.08371025318914,30.454205782706417],[-98.08592846401852,30.455353260527385],[-98.08821206770902,30.45467078290367],[-98.08995201727778,30.454838284741736],[-98.09164029844635,30.45643643275439],[-98.09363959163763,30.456250705945045],[-98.09588177670533,30.457508752005253]]]},"properties":{"objectid":620,"tnmid":"{C4B6AB0B-9B00-4CB7-A3F3-E39E653888AF}","metasourceid":"{511D2AC8-11BA-45FC-AB98-F69D693D4C44}","sourcedatadesc":"Watershed Boundary Dataset (WBD)","sourceoriginator":"Natural Resources and Conservation Service and U.S. Geological Survey","sourcefeatureid":null,"loaddate":1723803860000,"referencegnis_ids":"1377778","areaacres":819555.91,"areasqkm":3316.63,"states":"TX","huc8":"12090206","name":"Pedernales","globalid":"{33384E7F-3969-41DC-A76E-0A508A02CDE2}","shape_Length":447572.04173130356,"shape_Area":4461570757.250734}},{"type":"Feature","id":1777,"geometry":{"type":"Polygon","coordinates":[[[-99.78536559359827,30.493016941922683],[-99.78690240174194,30.494473842608105],[-99.78733139220586,30.494516538897873],[-99.78857594155667,30.49378719368752],[-99.79024007690872,30.493416163167858],[-99.79078369060628,30.492984275380444],[-99.79216917394707,30.493584934404076],[-99.79282492254492,30.494144895780895],[-99.79373559685071,30.494003995635047],[-99.79485108254971,30.493433251470098],[-99.79615169935067,30.493199722174598],[-99.7975583443046,30.493191124592613],[-99.79875502962047,30.49300340420788],[-99.80059827287049,30.49222507184642],[-99.8015540758412,30.49124917786466],[-99.8021435530256,30.490395851491353],[-99.80250159814166,30.4889477330922],[-99.8032023038262,30.487760237784677],[-99.80504210203709,30.48719284065919],[-99.80623489854608,30.486049507942177],[-99.80850873575282,30.484889722266953],[-99.81025008040521,30.484427806513846],[-99.81137789548148,30.483485471761753],[-99.81224750060912,30.482912164621794],[-99.81292049326716,30.48170109216878],[-99.81313265108275,30.48091879857707],[-99.81412336348374,30.48036563882706],[-99.81500026203317,30.479322422549032],[-99.8152294554998,30.47868932311598],[-99.81595466902193,30.478211075863975],[-99.81636517305564,30.477464083023023],[-99.81669072700618,30.476743500145947],[-99.81629840397551,30.475704935204938],[-99.81582283766073,30.474895765357168],[-99.81642350336199,30.474189423055794],[-99.81648586710395,30.473199688529967],[-99.81717518574396,30.472599160739087],[-99.81832774042316,30.472110660553685],[-99.81875337388287,30.471831981475997],[-99.81874822923125,30.471216726880822],[-99.82005690122536,30.47044769633494],[-99.82080802934681,30.46994666180421],[-99.82133074014602,30.47018778733116],[-99.8220135693564,30.4708414533874],[-99.82275130629192,30.471298075846477],[-99.82391949345369,30.47141589309783],[-99.82556970491882,30.471824554978113],[-99.82818273340041,30.470672113126895],[-99.8289120585116,30.469697208560838],[-99.82904481693419,30.469246768798367],[-99.82910229833259,30.468337632440058],[-99.82981719380535,30.467781237539654],[-99.83027070378496,30.467924127581192],[-99.83191743697333,30.468635543400218],[-99.8331703469445,30.468965980179362],[-99.83442110634887,30.469817096557673],[-99.83515610252445,30.469856335004494],[-99.83509429124638,30.471638142108723],[-99.83554747513755,30.472853453232386],[-99.83591593172774,30.4733022837273],[-99.83779429281715,30.47418883387441],[-99.83893308979779,30.475092886321324],[-99.8399647887319,30.47518009438273],[-99.8409517865992,30.475574011141273],[-99.84198180658207,30.47553350374673],[-99.84274260955912,30.475252497894846],[-99.8428894032597,30.474861188938785],[-99.84309855261742,30.473207655333926],[-99.8435243953846,30.47244334165894],[-99.84393480329855,30.471487387352557],[-99.8442541858231,30.471539343584563],[-99.8458228221756,30.472005660094037],[-99.84654610431987,30.472818738275656],[-99.84749265015158,30.47324588824158],[-99.8483363343917,30.47286172278879],[-99.84906987709314,30.47238366214811],[-99.85040398039294,30.471854381747363],[-99.85127880563071,30.47191975300626],[-99.85239138078819,30.47106052001463],[-99.85367475981715,30.470981128917344],[-99.85461404187149,30.470608143194372],[-99.85466472122657,30.470158217877362],[-99.8549804709641,30.468783590328133],[-99.8560490196895,30.469131569019105],[-99.85689924546152,30.469170011803076],[-99.8580703018423,30.46904947417912],[-99.8589456292383,30.469207215756548],[-99.8598114003563,30.46825493609951],[-99.86141121902895,30.466895516379946],[-99.8624493894264,30.466888655502903],[-99.86346282830576,30.467189551856304],[-99.86368468433315,30.46756667986807],[-99.86493647500347,30.467014099297554],[-99.86614325109491,30.466024060333954],[-99.86687717288542,30.465593200821907],[-99.86799739450258,30.465609444614728],[-99.86952729460172,30.46562294897368],[-99.87111378766544,30.465848966493084],[-99.87241800940564,30.465059363970788],[-99.87310602908174,30.464945535158094],[-99.87358290244526,30.4639629982798],[-99.87445153918902,30.463341897517207],[-99.87631271730369,30.462119513569668],[-99.87717337700774,30.460708740035052],[-99.87935072347486,30.45981850756315],[-99.88027516356405,30.459338984445033],[-99.88169384055291,30.459140021962426],[-99.88287808150713,30.458422378423535],[-99.88359443135235,30.45844575822815],[-99.88477581476565,30.457618386326846],[-99.88568559434943,30.45650994979281],[-99.88605813108765,30.455418849617537],[-99.88670769658138,30.454751854523106],[-99.88714488686723,30.454772576007144],[-99.88940530144698,30.45313323970502],[-99.89083511215547,30.452869575177242],[-99.89180596190721,30.452270767424967],[-99.89358365419262,30.450905122239636],[-99.89471918489889,30.450502528367064],[-99.89512109475027,30.450304761341492],[-99.89568917406457,30.44970919192002],[-99.89590385345117,30.449281733520557],[-99.8958119557976,30.448193798036264],[-99.89650785369875,30.446858387065028],[-99.89623028415744,30.446155782593316],[-99.89543525267311,30.44515417358055],[-99.89546445330973,30.444540036869068],[-99.8960009209092,30.443471476669778],[-99.89706252116588,30.443085587555597],[-99.89820025813448,30.443231606258443],[-99.8990506959089,30.442692976061124],[-99.89969875313128,30.442662210224583],[-99.90131907944352,30.44264615390042],[-99.90377334776666,30.443713631928777],[-99.90528867988682,30.442534072443834],[-99.90630143155498,30.442418232343638],[-99.90733331644039,30.441772090928392],[-99.90850939081037,30.441953206217242],[-99.90951057217767,30.441574190017636],[-99.91031572677693,30.44088759245991],[-99.91168202749314,30.44097266103864],[-99.91260691314675,30.440587601577764],[-99.91287309474522,30.439828464278005],[-99.91672836839892,30.43738770956049],[-99.91771181073432,30.438104798539445],[-99.91862778959187,30.438605920139768],[-99.91970346195748,30.438226807281467],[-99.92121949027198,30.43734692837515],[-99.92265472500817,30.43770336778133],[-99.92331012326304,30.438178151269],[-99.9236070254476,30.438599009251554],[-99.92529772847418,30.438446045603865],[-99.92650257228942,30.438522108064113],[-99.92786384333836,30.438641995696276],[-99.92885351728687,30.43914705905645],[-99.92986483524385,30.438969212365784],[-99.9314667640591,30.439045257378936],[-99.93121950547209,30.43769933490816],[-99.93129401264008,30.43691783575476],[-99.93040688138123,30.435528002317138],[-99.93167904135062,30.434335670835527],[-99.93323240275002,30.433993285530484],[-99.93505255211072,30.43298629781535],[-99.93597916971619,30.432790446344264],[-99.93745078981462,30.43247220225911],[-99.93890218614108,30.432887832656167],[-99.940311039154,30.43171804802288],[-99.94159144206442,30.43140122020692],[-99.94248578050679,30.43068479763375],[-99.94302107849975,30.42954506254409],[-99.9424102690223,30.428508296541757],[-99.94258838518022,30.427158154287255],[-99.9418149878229,30.42624077314635],[-99.94238528687427,30.42449735936128],[-99.94356711764858,30.42283438203505],[-99.94381800992092,30.42184558609143],[-99.94319581878882,30.42145527032709],[-99.94283902682258,30.42056580570853],[-99.94410478988884,30.41873451299759],[-99.9441491145616,30.417669320288773],[-99.94444601045794,30.417312184062144],[-99.94632259108647,30.416541408892737],[-99.94781989851046,30.41608087338979],[-99.9490655024834,30.415006952721733],[-99.94947130024335,30.414275632435857],[-99.95003831146079,30.412353998091604],[-99.9508802385962,30.412094885522734],[-99.95229095471502,30.411161728124615],[-99.95217928334543,30.41090216382637],[-99.95217469025937,30.410428911696282],[-99.95303675223357,30.409540494737115],[-99.95511529749417,30.40960285844038],[-99.95615319839703,30.409642649494558],[-99.956673714612,30.409828134271223],[-99.95710826924079,30.40958826634302],[-99.9585014933644,30.409444121714845],[-99.96010602459901,30.409101375571957],[-99.96193216392602,30.407614226372427],[-99.96300148879584,30.4071833008449],[-99.96436832939953,30.407229763498844],[-99.96658568143953,30.407748996156485],[-99.96781939441307,30.407486118476232],[-99.96885148231772,30.406576088458174],[-99.96845228627681,30.40543444553069],[-99.96814430516986,30.404655762215185],[-99.96743730588844,30.404127221213443],[-99.96725952749706,30.403526451496163],[-99.9680350924892,30.401887858343898],[-99.96804562882916,30.400745022414423],[-99.96826726926089,30.400122973477195],[-99.96904768246061,30.40008895551569],[-99.96989964916764,30.399949123400056],[-99.97153649909124,30.397672111151568],[-99.97169496909387,30.396536242809304],[-99.97286282387901,30.395257415293067],[-99.9728303929006,30.39444938462341],[-99.97279735915266,30.39346357183178],[-99.97153666438123,30.391921098744955],[-99.97158951406604,30.390679983268548],[-99.97327883817866,30.390470043177462],[-99.97506132567106,30.39053597965352],[-99.97636863312425,30.390242227552434],[-99.97820492880386,30.388656726153098],[-99.97867777322334,30.38775198531198],[-99.98024753336826,30.38641504958069],[-99.98145311559868,30.384134343903114],[-99.98097755826704,30.38297826879649],[-99.98095315463404,30.380486749503262],[-99.98112079913068,30.37909848698937],[-99.98163942618861,30.37852535410483],[-99.98360534067888,30.377991745914535],[-99.98464570027066,30.377855272728148],[-99.9856859332,30.377937751230746],[-99.9871365147545,30.377620377638525],[-99.98791210579776,30.37713509758087],[-99.98929064336477,30.375150784642027],[-99.99148061116162,30.37433246447579],[-99.99165831139956,30.373005949806696],[-99.99231757510512,30.372167045494233],[-99.99383453766752,30.371027544103757],[-99.99437855111537,30.370149262890425],[-99.9948983486781,30.368449525869966],[-99.9961061856799,30.367344451541832],[-99.99766131137052,30.366768643951488],[-99.99928601517317,30.36664339444251],[-100.00071855316685,30.36680164809316],[-100.00123480777411,30.366402883343508],[-100.00103361030331,30.36501884889241],[-100.00131712579349,30.36338382801375],[-100.0013302214337,30.361987562997452],[-100.00116937448882,30.359598675425893],[-100.00093626257092,30.358133299072485],[-100.00127896715685,30.3542733888632],[-100.00171605683138,30.353004862449655],[-100.00281342171448,30.3522069103013],[-100.00347632000366,30.350256079545648],[-100.00372113157985,30.34891836282159],[-100.00743927021891,30.34697292644645],[-100.00763777543882,30.345054640011508],[-100.00923551720652,30.342545738199423],[-100.00983008514363,30.34199686323787],[-100.0152096066967,30.3403806659833],[-100.01855065503737,30.339649753153257],[-100.02007754128874,30.33961012044344],[-100.0226922729761,30.33775637787668],[-100.02661854587663,30.336340537188487],[-100.02816629190718,30.335642104890308],[-100.0291444332841,30.33265269850314],[-100.03225924271709,30.331811726858415],[-100.03307231057569,30.32870529810062],[-100.03594207666717,30.32713410665055],[-100.03759196563712,30.325285523905016],[-100.0382731006249,30.325209123582304],[-100.0387417283524,30.325655075604054],[-100.04092848916373,30.32608728404657],[-100.0443420593956,30.32772837361643],[-100.04520614078254,30.32689320068682],[-100.04747966896883,30.327774280096385],[-100.05282648286241,30.327778649371776],[-100.05442209202963,30.327754032553887],[-100.05762693690862,30.331514424782544],[-100.06347352042567,30.32978687175709],[-100.06881212281925,30.330676556427427],[-100.07063321900425,30.3300521829289],[-100.07567824297982,30.328267209115683],[-100.08009963492559,30.328467452534298],[-100.08096159179688,30.327466379445532],[-100.08342732262305,30.325955221010453],[-100.08508198344379,30.322628443397],[-100.09057315929846,30.32092641452287],[-100.09431865792614,30.319238522760635],[-100.09471879540146,30.315969503215936],[-100.09889032454421,30.313378822355855],[-100.10102543581993,30.31407083803571],[-100.10571473592614,30.31388929253505],[-100.10870791796124,30.313248684031656],[-100.1109527853984,30.311517497440892],[-100.11155848975007,30.31046908256443],[-100.11352170929446,30.308760490863023],[-100.11561799358698,30.307332704130108],[-100.11754918998815,30.305680786626617],[-100.11855297916473,30.304719851928255],[-100.11946149571722,30.304357854398166],[-100.12100618388256,30.304166424900014],[-100.12440398149467,30.303022924747342],[-100.12567112527151,30.302594032550637],[-100.1272955254436,30.3025519006604],[-100.12987765726932,30.303877550816868],[-100.13058993325473,30.304400381826852],[-100.131797446863,30.30505251639193],[-100.13242455357633,30.30741349167818],[-100.1340264257977,30.30915074172279],[-100.13774471086215,30.30968012648723],[-100.14027683078108,30.31276401219385],[-100.1427754507264,30.315700513810523],[-100.14661473616468,30.315044927074215],[-100.15063002043175,30.315631662268082],[-100.15282068352464,30.316369636676455],[-100.15481264376827,30.31567781403941],[-100.15815637717333,30.313175251455807],[-100.1598757220844,30.315573621619475],[-100.15997539555508,30.319406337576964],[-100.1633564665366,30.320818738219234],[-100.16444026326565,30.32176783090504],[-100.16417973566357,30.324338342565152],[-100.1648922011935,30.32691136183698],[-100.16268237523897,30.329202718806627],[-100.16287959317307,30.332040527623878],[-100.16559200137624,30.33532930955989],[-100.16441815842144,30.337564234447736],[-100.16592697955244,30.34057973101354],[-100.16771226978852,30.34193111342673],[-100.16916855834,30.342443881549926],[-100.17087677222642,30.34384841603792],[-100.17322795168417,30.34425331271119],[-100.17631865213157,30.346351363217302],[-100.17676474112864,30.34860155010358],[-100.17775662762767,30.349135624881566],[-100.17897802829194,30.35005023952204],[-100.18075976209784,30.3502129510849],[-100.18323252044443,30.351576046216493],[-100.18784960588327,30.349224782025797],[-100.18890489278014,30.348507251149645],[-100.18967311494313,30.34750775975552],[-100.19066779160946,30.34617937263787],[-100.19141054922908,30.344920239607045],[-100.19175213900577,30.34306756047201],[-100.19131190253279,30.341086398589965],[-100.19102508483562,30.338878331980673],[-100.19152824470098,30.33747518995496],[-100.19302283292461,30.33633362061385],[-100.19421135884274,30.335691211278466],[-100.19623254757076,30.33508620710527],[-100.19762162147774,30.333941268225306],[-100.19821579774937,30.332704292914254],[-100.19860431731313,30.330925434606947],[-100.19749300698356,30.32716111414081],[-100.19833817703717,30.32488161264312],[-100.19845507121181,30.321047054429368],[-100.19925833845066,30.319809166406014],[-100.20065174852553,30.317761469346948],[-100.20423438349052,30.316308635711422],[-100.20782044462999,30.319588477704094],[-100.21964468754217,30.318484834425043],[-100.22307150433123,30.31837083392027],[-100.22633390516879,30.319013860138075],[-100.22907315682927,30.315580649002655],[-100.23010064446137,30.31486104606992],[-100.23306696866612,30.31507390839754],[-100.23505571114438,30.314151794514874],[-100.2389462212151,30.31118363736273],[-100.24585403488297,30.31053159554726],[-100.24754236006896,30.310242281889458],[-100.24901039858437,30.309573020244663],[-100.2502625656488,30.308872372939376],[-100.25233494756823,30.306699187040277],[-100.25360991117964,30.306166407868673],[-100.2558310891444,30.307115339235573],[-100.25786451112995,30.306172876753013],[-100.26075786608249,30.30743469036198],[-100.2646028423481,30.30739758296806],[-100.26902018828183,30.307331116592724],[-100.2722762020977,30.30387345114983],[-100.27529060862803,30.30242043877781],[-100.277194092901,30.301358547661263],[-100.28159823449838,30.300187642289355],[-100.2831663085055,30.300820801251973],[-100.28370418466334,30.30219701498683],[-100.28394740352651,30.30340724358892],[-100.28629693727065,30.307569713787156],[-100.29294386221369,30.305244397862413],[-100.2938269070363,30.303450823884067],[-100.29553905823857,30.300304340537338],[-100.29624698008982,30.297879162901797],[-100.2962653641121,30.29623679002976],[-100.29659233560416,30.29539892947729],[-100.29715722230596,30.294277000194576],[-100.298949880524,30.29476802520246],[-100.30514287687251,30.294990383126393],[-100.30849178547193,30.294601971572508],[-100.31129960104649,30.295555850188897],[-100.31544880795272,30.294863499028537],[-100.32064172247183,30.296763399531162],[-100.32347641923295,30.29666376941414],[-100.3271785238425,30.296176701087738],[-100.33149261651917,30.295950395552534],[-100.3328280852582,30.29619052982369],[-100.33462455323138,30.296290261253482],[-100.34088819039887,30.295681973268124],[-100.34413823401138,30.293982679066698],[-100.34580611982972,30.292389649819537],[-100.34927970650574,30.293158419768186],[-100.35472050843256,30.29038841778954],[-100.35673183545538,30.28921715260223],[-100.35912778065868,30.287669676455643],[-100.36201233122311,30.28479743766361],[-100.36396955181807,30.280772361203837],[-100.36648835151794,30.279562982792285],[-100.36947057230995,30.280312657928903],[-100.37367952526743,30.282569574702915],[-100.3761426770304,30.28423854568993],[-100.37867291138554,30.286904276589734],[-100.3810790704336,30.288609711241726],[-100.38221329049786,30.290472875064058],[-100.38888844769363,30.292373454003677],[-100.38889657295539,30.29295030341144],[-100.38970508994876,30.293912599153245],[-100.39286627131504,30.29411582766162],[-100.39537855733079,30.29530711175696],[-100.40041058717578,30.295456339068842],[-100.40490719775522,30.295188695725436],[-100.406715115655,30.294610487368907],[-100.40912941882945,30.2942183775762],[-100.41075820457675,30.29154469781834],[-100.41275483246658,30.290704940990086],[-100.41586983952895,30.291331213503987],[-100.41762419358328,30.291312220446937],[-100.41898182465872,30.29082383326947],[-100.42158490340022,30.29018655993928],[-100.42367145085336,30.28887811875156],[-100.42777162501646,30.287862076752923],[-100.43098813990929,30.287305217511268],[-100.43666863211685,30.283306154210088],[-100.43872160144298,30.281670948795732],[-100.43925352446543,30.280669108362513],[-100.4395128465284,30.27784404287123],[-100.442717163198,30.276480670379414],[-100.44497174052502,30.27370475054773],[-100.45102513508513,30.27442685415747],[-100.45207267131771,30.27212072749463],[-100.45634653384268,30.26934018601442],[-100.45612989523045,30.265745272612016],[-100.45847145462982,30.263192481636867],[-100.45953235959047,30.261900953662586],[-100.4633418775552,30.259236104005737],[-100.4642903682395,30.25749152965061],[-100.46494086708283,30.25517411543041],[-100.46373158199681,30.252252091810043],[-100.46661111457206,30.245943926197818],[-100.46822857975013,30.242990259256125],[-100.46852745553336,30.235648167607874],[-100.47048337716441,30.233905363072527],[-100.47615468050493,30.232146093704245],[-100.47996656822538,30.23369742843979],[-100.48423633802591,30.23273807847179],[-100.48499745002341,30.22908533727814],[-100.48946195301798,30.225593027703056],[-100.4890211568946,30.221245173739366],[-100.48999074451335,30.219842373893798],[-100.48990314979,30.217894745196705],[-100.49066881444938,30.215532547425756],[-100.49376520841905,30.213520269832475],[-100.490054500644,30.211351923876812],[-100.4883630430326,30.207116906575624],[-100.4878990299507,30.20538063947968],[-100.48604624659235,30.201795753992727],[-100.48403474260141,30.201469965436022],[-100.4830442448978,30.20001469697834],[-100.47781049206755,30.1988838985152],[-100.4745920898143,30.19834312429056],[-100.47124534884966,30.198476920405206],[-100.47035197160466,30.197958071244358],[-100.46872549542596,30.19465880406963],[-100.46804233922882,30.19341715347646],[-100.46754038130929,30.192836347422062],[-100.44911793538013,30.1824653011692],[-100.44879639689891,30.182154478432352],[-100.4455835507257,30.178899441823805],[-100.44492729996962,30.178304237339965],[-100.44363005724085,30.177068042556243],[-100.44294328173143,30.17636600571324],[-100.44196653633648,30.17525190567193],[-100.44173761056778,30.17500771788069],[-100.4405624632592,30.17340524363812],[-100.43964676198107,30.172138524837234],[-100.43865475420944,30.170658143447202],[-100.43787791720287,30.169618185198274],[-100.43770852997459,30.16939142428662],[-100.4381726194133,30.169160430972656],[-100.43909639295256,30.168885674434836],[-100.43973982205459,30.168451598892403],[-100.44023614574066,30.1681167624324],[-100.44062071181882,30.16777707701536],[-100.4409968427165,30.166391331735845],[-100.44105623123826,30.16510457023569],[-100.44095725036867,30.164431494141887],[-100.44040295300745,30.163679232760966],[-100.43959602872707,30.163295906691037],[-100.43874556939309,30.162376860941343],[-100.43840791064409,30.161234256446637],[-100.438877231871,30.160288261592456],[-100.4389137879132,30.158145117823278],[-100.438499658279,30.157143230218416],[-100.43870731194177,30.156203337771046],[-100.43872274410002,30.15536174800885],[-100.43819214968589,30.154927321641477],[-100.43661391213963,30.155283027397115],[-100.43562765807741,30.155293821026905],[-100.43493282198493,30.155707386419877],[-100.43252814875032,30.1555016929324],[-100.43097018887498,30.154893694726464],[-100.42846456925696,30.15666382645106],[-100.42663665485895,30.1539787278499],[-100.42640149208724,30.153633204554506],[-100.424654133214,30.15139248850403],[-100.42355554662214,30.151408020882393],[-100.4226585464716,30.150986914370975],[-100.42146213783684,30.149513376590143],[-100.42100094636325,30.14934059212503],[-100.41849129061465,30.14987259740941],[-100.41836694850797,30.149702128400723],[-100.4169340943073,30.147737338671917],[-100.41588133616794,30.14725636509008],[-100.41532510563223,30.14607235433857],[-100.4137499430192,30.14468130126689],[-100.41204065564604,30.144641307088214],[-100.41099172612644,30.14284959102646],[-100.40914355831202,30.141258765854293],[-100.40976042872268,30.139739085316986],[-100.41053412611734,30.139392439290052],[-100.41151381349484,30.138930740409595],[-100.41152692710135,30.137699246165347],[-100.41234285160256,30.136728816927324],[-100.41265013022696,30.1359682691941],[-100.41214924399758,30.133810061768365],[-100.41185625217945,30.130712071963814],[-100.41197446957253,30.12936149190955],[-100.41172162166782,30.12805707810615],[-100.41362429655872,30.125728748266315],[-100.41411824060758,30.12502777324423],[-100.41413433572254,30.122345863441698],[-100.41144146318186,30.121075269691264],[-100.40903770533053,30.12027998749057],[-100.40802157420026,30.12025929624325],[-100.4064476737202,30.12045436210817],[-100.40385746065019,30.120466287000628],[-100.39879511895258,30.120263385696227],[-100.39748809357037,30.12027730522017],[-100.39703055554503,30.12072208635799],[-100.39679263225045,30.121787601539477],[-100.39651520194799,30.121989924727966],[-100.39574909980908,30.12199807163326],[-100.39387929786768,30.121525338669656],[-100.39288154896308,30.12101779324761],[-100.39149057062771,30.119815212341745],[-100.39078189508994,30.118644044637904],[-100.38990893475471,30.11652722953837],[-100.38946272268848,30.114772463795493],[-100.38862836745258,30.1123986396906],[-100.38639881090116,30.109746323255035],[-100.38460072596047,30.107785922332134],[-100.38407643412634,30.10647178533662],[-100.38365077102225,30.10466182711428],[-100.38350633360265,30.103380487142015],[-100.38334728777991,30.10103605316209],[-100.38326831508665,30.098397640344466],[-100.38327378403012,30.095758336364643],[-100.38460821701163,30.094717919028895],[-100.38534856355302,30.09339053369623],[-100.38498168170952,30.091268332212028],[-100.38460534779261,30.089971030961095],[-100.38404363663534,30.088987223154408],[-100.38279737329896,30.08727747494276],[-100.38170401041046,30.085951079481887],[-100.38078450027552,30.0836875555979],[-100.37956488456373,30.082719120417657],[-100.37839360090918,30.082426932873748],[-100.37681870509577,30.081793816350604],[-100.37610867130532,30.080386811802587],[-100.37632058927073,30.078828157632266],[-100.37590586046025,30.076971501811386],[-100.37497409999979,30.074804850521197],[-100.37453090806953,30.074142045199885],[-100.37346220393559,30.073665997093627],[-100.37299251529771,30.073230983523533],[-100.37254667423566,30.071962011992582],[-100.37080397043225,30.070934338669538],[-100.37078459826314,30.06952908435198],[-100.3703357990489,30.067866928458663],[-100.3689132116936,30.066432687957462],[-100.36841927662789,30.065544126997985],[-100.36799895400813,30.063707661443622],[-100.36795790459291,30.060722916000696],[-100.36652440360524,30.059348748805437],[-100.36503118710905,30.05949751286445],[-100.36361534699986,30.059506408984976],[-100.36244590668825,30.05826758268933],[-100.36190916061105,30.057821459237147],[-100.36034619532293,30.057544331672666],[-100.35775068309106,30.05533719051624],[-100.35623684217427,30.05418915583092],[-100.35573760076016,30.052891093107704],[-100.35152797137128,30.05363976722915],[-100.34976136339816,30.05409287549888],[-100.34880678662779,30.05495067508775],[-100.34732310305338,30.05579355507354],[-100.34595357469034,30.05585975751174],[-100.34513590116929,30.0562814141823],[-100.34296928777317,30.056421773181505],[-100.34047348674122,30.055714097316233],[-100.33948614481919,30.055049319060362],[-100.33792458808944,30.054625377409586],[-100.3361260998052,30.053933033472735],[-100.33280118610533,30.055455677417303],[-100.33083809861326,30.056479006498556],[-100.32965338784015,30.057866380655206],[-100.32587109960832,30.056127994145484],[-100.32423262553068,30.05548789587131],[-100.32349518863249,30.054854591434594],[-100.32265065817937,30.05433065922116],[-100.32076623615673,30.05356687565448],[-100.31981601711382,30.052500384124254],[-100.31960670965262,30.05179243685832],[-100.31783633684013,30.051437901872877],[-100.31802752079048,30.04971367487467],[-100.31775633557587,30.049437112466563],[-100.31681186305582,30.050842976253993],[-100.31304025130115,30.05249033348706],[-100.31022786509843,30.050117360844176],[-100.30854259238777,30.050134143150668],[-100.30689797922348,30.050040515059706],[-100.30307180469677,30.051654777201158],[-100.30078109802731,30.05242221135151],[-100.29788953162053,30.053175955511943],[-100.29727032918339,30.053418917551518],[-100.29429075752314,30.0516211042425],[-100.29262195093163,30.05115356632186],[-100.29018935446473,30.0526184770912],[-100.28815649123128,30.052639585266974],[-100.28349543505593,30.05217314695144],[-100.28100501493252,30.05137966569897],[-100.28009246314777,30.05093971773108],[-100.27805988108699,30.04878446199586],[-100.27747691219685,30.048526974997763],[-100.275595569599,30.05044022710146],[-100.27272907876504,30.050613440361595],[-100.27072373452201,30.051743918812093],[-100.26889012570342,30.051530398071133],[-100.26717657312928,30.051377708578514],[-100.26712742719839,30.0513559990792],[-100.26504469039868,30.05075774498737],[-100.26395816189287,30.049464957459772],[-100.2643043681118,30.04722736296377],[-100.26027079414554,30.04464573490551],[-100.25811928592096,30.042672194840723],[-100.25779088251431,30.042033419448625],[-100.257580967792,30.040766971175938],[-100.25658248137054,30.039447480806057],[-100.25595207694181,30.038215037842473],[-100.25523753001536,30.036687476019274],[-100.25492324992163,30.035150881130804],[-100.25490246649922,30.033501504375902],[-100.25522880737394,30.032655243759802],[-100.25475114528963,30.03152342211839],[-100.25367352357983,30.029590886363042],[-100.25349687976068,30.028130276650245],[-100.25537314418223,30.02420239947243],[-100.25575785219424,30.022895395997327],[-100.25494596562021,30.021287845906752],[-100.25388753102662,30.01981967490182],[-100.25206697922066,30.018636686546866],[-100.24910191265731,30.018271485677605],[-100.24404791361374,30.018353142026463],[-100.2419842651155,30.014525564017756],[-100.24074913280381,30.013437548194684],[-100.23802558010124,30.01211356897258],[-100.2369638235377,30.010155105276365],[-100.23066538922934,30.010180459631933],[-100.2316395133403,30.007775480629796],[-100.23039765534206,30.004077048964326],[-100.22898004285682,30.002785695399997],[-100.22708108339793,30.003277124823462],[-100.22592190184687,30.004777627060566],[-100.21790886483384,30.00502795568126],[-100.21310321762697,30.004135076443134],[-100.21134296972606,30.005326245691165],[-100.20987586635687,30.006970684700836],[-100.2091917283011,30.008262753917258],[-100.20791941651642,30.00915422847436],[-100.20649443874416,30.010284029392185],[-100.206081950332,30.011539816674212],[-100.20614101007037,30.01303771723259],[-100.20656969690371,30.0136541193203],[-100.20729651122369,30.014803591317733],[-100.20730163341744,30.015226507032533],[-100.2072092030629,30.01562208915791],[-100.20685620558044,30.015907387735762],[-100.20553638549366,30.016624426028415],[-100.20414962924009,30.017172845355486],[-100.20355664054128,30.017166086797342],[-100.20250376741757,30.017101268708924],[-100.20199412890237,30.017112731585456],[-100.20150754115737,30.01725026577676],[-100.20111505732827,30.01756968679615],[-100.20049733711136,30.01929289340415],[-100.20029051528854,30.019541110974306],[-100.20003625253726,30.020345937138956],[-100.19992033033974,30.021247503127782],[-100.19952210986922,30.021652538656625],[-100.19930534100129,30.022029845837665],[-100.19914444375075,30.02266750182115],[-100.1990187469846,30.02281111214245],[-100.1987583640113,30.023108605892386],[-100.19824177433244,30.023382094113277],[-100.19742130794916,30.023442871417924],[-100.19673758671169,30.023351707780304],[-100.19605386637254,30.023306126707848],[-100.19565882863309,30.023503645574216],[-100.1950054938084,30.024029255927115],[-100.19481563666973,30.024272663555866],[-100.19467217931214,30.024456581930874],[-100.1945012505748,30.024815536310598],[-100.19381752933734,30.025789837615314],[-100.19363805223178,30.026994897231535],[-100.19442433053199,30.028627282112303],[-100.19502258784995,30.028943504202605],[-100.19579177390523,30.028840944767364],[-100.19631311118037,30.028507631508763],[-100.19640151259085,30.028512682931737],[-100.19661223849188,30.0285247231277],[-100.19651205118488,30.02877565911298],[-100.19600576608065,30.029795412500555],[-100.19496894225782,30.032511841348803],[-100.19428777493069,30.034202238583344],[-100.19244833784254,30.033237639375155],[-100.19077216865895,30.03291438263827],[-100.18906073431225,30.032896003117646],[-100.18875811974081,30.033609393234833],[-100.18950392534421,30.034598642457215],[-100.18912981296096,30.036271365553493],[-100.18756546606397,30.03795139536211],[-100.18762253962721,30.03947360299264],[-100.1871632741416,30.0401398396813],[-100.1865750905312,30.04019934069889],[-100.18548170608314,30.041091258334323],[-100.18404474209005,30.043213145618893],[-100.1744497449122,30.04862867193684],[-100.1739355860745,30.04899984940458],[-100.17349941537651,30.049467462808966],[-100.17323840717575,30.050165172098303],[-100.17277467526654,30.051156598038148],[-100.1723109433573,30.05178023698004],[-100.17192716599995,30.05210005291047],[-100.17133550770603,30.0520680712861],[-100.17094164406465,30.05201043186813],[-100.1700242665302,30.051876182100866],[-100.16770560788238,30.05179622822872],[-100.16524303193953,30.051988117568936],[-100.16319621607306,30.052515812309146],[-100.16164511213998,30.052595767155406],[-100.15993410179809,30.05277166385778],[-100.15916654618503,30.053459266673162],[-100.15865484244301,30.054402721379116],[-100.15779134226604,30.055314193517944],[-100.1569598230115,30.056193686305086],[-100.15644811837115,30.057281056307943],[-100.15620825741051,30.057616862663934],[-100.15574452460297,30.05788870529246],[-100.15516885811776,30.059471790149722],[-100.15468913529817,30.060303308273802],[-100.15424139429929,30.060511189629107],[-100.15301010767534,30.06196634689381],[-100.1524504312022,30.06334155143586],[-100.15136305917832,30.064780719150736],[-100.15072342905164,30.065884080992273],[-100.15064347539807,30.066699609280363],[-100.1504598184315,30.067177759659284],[-100.14701275271763,30.071260248215367],[-100.1461468576321,30.07208558650096],[-100.14359550927455,30.07350836646449],[-100.13996038754414,30.075438500741555],[-100.13873165393221,30.07602083679348],[-100.13765634628261,30.076512771428916],[-100.13626361713075,30.077337898769795],[-100.1346727384918,30.078723634191537],[-100.13372817793685,30.080434069745923],[-100.13251349128103,30.081511620129405],[-100.1310264264479,30.081765822654507],[-100.13030072783552,30.082178562716518],[-100.12851887275707,30.082193875896394],[-100.12419720548594,30.08534031562161],[-100.12398074563845,30.08555902958466],[-100.12338090728558,30.087700416285525],[-100.12166381175597,30.09026086522795],[-100.11917670012774,30.091188333991866],[-100.11798213303933,30.092018893852224],[-100.11601612242933,30.091371412261932],[-100.11365086367614,30.09195409132163],[-100.11278848998653,30.091961398950655],[-100.11215175962158,30.091263608879515],[-100.11098259149952,30.09115628960527],[-100.10909593985832,30.091164412626597],[-100.10836290829829,30.09310823144124],[-100.107583453601,30.094114751509416],[-100.10544551442875,30.094148467524835],[-100.10413107345387,30.09390947140241],[-100.10307534099263,30.09430895731052],[-100.10108705575684,30.093958037950873],[-100.09997068701392,30.093053731853274],[-100.09867192433569,30.092595836973796],[-100.09741626012988,30.09279378426089],[-100.09418224156371,30.092836382969548],[-100.0932300947362,30.091219318202114],[-100.09225578018243,30.089903228426518],[-100.09115743344073,30.08900978483236],[-100.08905970375892,30.087792730137032],[-100.08836532221397,30.086736019520444],[-100.08789111954178,30.08609154486568],[-100.08666017607426,30.0852578913329],[-100.08539570837867,30.084643465997797],[-100.08409711638033,30.084185339401248],[-100.08269266870558,30.08391561020619],[-100.08126582064091,30.083939624269657],[-100.08076031257939,30.08385807950085],[-100.08027372752933,30.08372218384032],[-100.07981148143358,30.083522983250536],[-100.07890874104837,30.083054409055617],[-100.0784404879183,30.082861976744095],[-100.07644314227457,30.082368502723675],[-100.07595396109335,30.082214629526604],[-100.07550491484237,30.081992704830878],[-100.07463737134832,30.081496756914646],[-100.0741582180606,30.081322460466353],[-100.07316128213134,30.08107341281543],[-100.07270722238276,30.080851516652462],[-100.07196404614821,30.08022144574635],[-100.0715473230778,30.079940593718113],[-100.07117463093104,30.079630059767098],[-100.07081698376867,30.079487362791717],[-100.07035920768978,30.079260112627562],[-100.07000741664473,30.078306040714438],[-100.06988838986958,30.0778120324669],[-100.0697297878146,30.07718642911207],[-100.0694818366265,30.07692999312392],[-100.06898914752408,30.076913750961065],[-100.067857623304,30.077098894668456],[-100.06681554433675,30.077220115140747],[-100.06631003178366,30.077188170394106],[-100.06580881587256,30.077043347705832],[-100.06536360542786,30.07680555946299],[-100.0649856527468,30.076506306875004],[-100.06394232781626,30.075490604072666],[-100.06319383714849,30.074869511145685],[-100.06299282023905,30.074447073095662],[-100.06248571856621,30.073912417955682],[-100.06179959972525,30.073620939806684],[-100.06027616839447,30.073072301169645],[-100.05890217091292,30.072403041964847],[-100.05732113601286,30.071530837518804],[-100.05619661416041,30.070452534728343],[-100.05553208992056,30.07073540152538],[-100.05432255330625,30.071585759435425],[-100.05231435511556,30.07183283072028],[-100.04407868413406,30.07067789736085],[-100.04261353370231,30.070118839835114],[-100.04164718630678,30.069977611671387],[-100.04054270137674,30.070870620801163],[-100.04017190198029,30.071698495886995],[-100.03960066418942,30.074099527060426],[-100.03902869067836,30.074842362053072],[-100.03782789287514,30.075604611740275],[-100.03273514410347,30.076223394386187],[-100.0252553254835,30.07491480651837],[-100.0176365842015,30.075616873981673],[-100.01234993946564,30.07609764608691],[-100.0117363910249,30.076982181179112],[-100.00912436236821,30.078668281700416],[-100.00800410841168,30.079769605986694],[-100.00668151971719,30.08030766295603],[-100.00557796184853,30.08051365068788],[-100.00497687304077,30.080584713569152],[-100.00410156540772,30.080327399452585],[-100.00324367161645,30.0799381995219],[-100.00242208323736,30.079239342053306],[-100.00220365787604,30.078378502077232],[-100.00150780129738,30.077096899965877],[-100.0007873802873,30.077135408757044],[-99.99991457536062,30.077142052062253],[-99.9990412979201,30.077082650201277],[-99.9975632916983,30.076701063425002],[-99.9944758835764,30.07599135125032],[-99.99350141091914,30.07582949621745],[-99.99138879705139,30.075309712694455],[-99.98908201772487,30.074847648990406],[-99.98784698512617,30.07454680618237],[-99.9863561258093,30.074614381366672],[-99.98288507058575,30.075647915154114],[-99.97800305579995,30.077173235012793],[-99.97622112616133,30.07765088314109],[-99.97462816253264,30.078135411625773],[-99.97310685571752,30.07856927570132],[-99.97213059810777,30.078632258683378],[-99.97143777064824,30.078600766808677],[-99.97085516467747,30.078522037078123],[-99.969784430351,30.07827009918719],[-99.96865071244498,30.077986670139182],[-99.96750124886866,30.077734732439563],[-99.96660452180598,30.077562535995003],[-99.96478578819017,30.077137823232395],[-99.96293483559839,30.076790175486458],[-99.95602946894138,30.076896965420683],[-99.95582832357285,30.075700913904928],[-99.95434244810916,30.07484315031285],[-99.95148664722707,30.072253719696093],[-99.95099877219627,30.072151210543375],[-99.9478703469985,30.072259596038517],[-99.94730139991162,30.07263155559692],[-99.94684926704934,30.072964777136836],[-99.94455475781128,30.075060050550153],[-99.9420208870759,30.075936292630264],[-99.94085701452244,30.077251965039405],[-99.93105104530517,30.077414640188014],[-99.92907007145749,30.07749192647311],[-99.92828791822107,30.0772865520028],[-99.92816386986348,30.077265917051708],[-99.92754571396365,30.077044675435328],[-99.92692624832013,30.076682445606227],[-99.92625326823851,30.076061541287693],[-99.92132139964939,30.07017968409128],[-99.91433904108433,30.0618814805092],[-99.91312664153921,30.060479967218583],[-99.9102854023479,30.058306864651456],[-99.90789877626733,30.056263489959623],[-99.90789153404951,30.05267474300096],[-99.90537044184903,30.049260532571743],[-99.90486006851195,30.047972744050778],[-99.90337759766318,30.047971087789307],[-99.90068946732889,30.0474348751995],[-99.89868974833617,30.04789808862315],[-99.89568005616445,30.047172056620337],[-99.89390397635496,30.045814694360455],[-99.89147852418954,30.046622927689114],[-99.88992181656569,30.04545644278714],[-99.8886109014783,30.04475075157062],[-99.88860189586758,30.043741751047833],[-99.88762611526325,30.042697432013053],[-99.88264031182449,30.041679990324617],[-99.87949979889623,30.041701029288973],[-99.87766491087669,30.04171327628932],[-99.87614199607721,30.041552047974182],[-99.87468576501789,30.041609155353214],[-99.87357217745908,30.0417614407587],[-99.87262991030306,30.041704333467464],[-99.87161665557834,30.041670030350584],[-99.87078979319024,30.041521314163763],[-99.8705815897585,30.04121852706549],[-99.87014139011647,30.04070694247857],[-99.86954612867997,30.039172587359403],[-99.86941287798062,30.038268391029348],[-99.86880373667466,30.037792499371257],[-99.86780463400893,30.036694371673],[-99.86707815565887,30.03570893691256],[-99.86639037762957,30.034399724073392],[-99.86637227837323,30.03231894214346],[-99.86431395059644,30.031743962085258],[-99.86408043623327,30.031096899631287],[-99.86176618112695,30.03043642730553],[-99.86040755202326,30.029762187861817],[-99.8589104988225,30.028408562124508],[-99.85671215603224,30.027022265548144],[-99.85488358945733,30.02503736207406],[-99.85263163161765,30.024400350550263],[-99.85098742269525,30.024200847035356],[-99.84936915262668,30.024211302651658],[-99.84766995962235,30.023234194375494],[-99.84733397263813,30.023488690428135],[-99.84709695484534,30.02401571641175],[-99.84656801243301,30.024313379990634],[-99.84425252843138,30.02470662755631],[-99.843023702293,30.0239210470855],[-99.84134273341084,30.02339050814228],[-99.83851074596863,30.022693942656044],[-99.83668176886364,30.02349383466263],[-99.834353893501,30.023309979057522],[-99.83479223452872,30.022843708327475],[-99.83478254889333,30.021687735387236],[-99.83438900505219,30.020849379812084],[-99.83438566242103,30.020450022857094],[-99.83391963441792,30.01959120196577],[-99.83391347826328,30.01885559143453],[-99.83363704688743,30.017575182137296],[-99.83324370606555,30.01675791150125],[-99.8326101332788,30.01608928835954],[-99.83194699334281,30.014769225996826],[-99.83114474299687,30.014143758740552],[-99.82952671098184,30.014164469851224],[-99.82709426902517,30.01499954342583],[-99.82784644368392,30.01250401404218],[-99.82783597022603,30.01124284050963],[-99.82815625735405,30.009096887698618],[-99.8273898830256,30.00695768350341],[-99.82737872055988,30.00561257117548],[-99.82683918341709,30.00462797646801],[-99.82381726068277,30.004247628277792],[-99.82177987263523,30.001709395890032],[-99.82058231325861,30.000080275689935],[-99.81979637362329,30.000171131639778],[-99.81743084896877,30.000129459290992],[-99.81612132627008,29.99938772729666],[-99.81093295632799,29.997254079420955],[-99.80824488618083,29.99659377224549],[-99.80489619587202,29.996653446437286],[-99.80424358598778,29.995380137677262],[-99.80298695070314,29.992914471564177],[-99.80184385887713,29.990888403576974],[-99.80063037776041,29.989263055131495],[-99.79926121860497,29.988876277374317],[-99.79657171025504,29.98880795824475],[-99.79386282254946,29.99002767109131],[-99.79210530822195,29.991569485540232],[-99.78870675871993,29.991494516881225],[-99.78595917788014,29.990556815281455],[-99.78468290362675,29.98856079973826],[-99.78303668607136,29.98828431648019],[-99.78194777703004,29.989197189455066],[-99.7788750878041,29.988738379401727],[-99.77616232296974,29.988136040741864],[-99.77330288211414,29.989639474046523],[-99.77125827340835,29.99168190691233],[-99.76668449125778,29.99346832024265],[-99.76320915556192,29.99694018827458],[-99.75678682291465,29.99926718253606],[-99.75488365484865,29.998218691806386],[-99.75218901711843,29.99750089030853],[-99.74976556280619,29.99836070144222],[-99.7478350006156,30.00014836456416],[-99.74643816526456,30.000662053557182],[-99.74102898583239,29.999261453567755],[-99.74096529527874,29.998069121567784],[-99.74128106567751,29.9963021778442],[-99.73946201675305,29.994917042947012],[-99.73771725311269,29.992422214359628],[-99.73711328610277,29.99228249917939],[-99.73508957670207,29.992842429276013],[-99.73371815109715,29.992659253643456],[-99.72975299821282,29.990057437418493],[-99.72764279991488,29.990021387623763],[-99.7257012342604,29.990568787727558],[-99.72131844202407,29.987904647922626],[-99.71680867561729,29.988601919858034],[-99.71545584963033,29.989640214745435],[-99.71396801673764,29.989986672158604],[-99.71086965006758,29.98961211797837],[-99.70988022405409,29.989191014861753],[-99.70820939265992,29.986577327000123],[-99.70631454928167,29.9848540034552],[-99.69974343047052,29.985580806161437],[-99.69798589278682,29.985041510282738],[-99.69469574029517,29.984748847097244],[-99.69095961019761,29.983361112452176],[-99.68959286571364,29.98861701953524],[-99.6880330085964,29.991142327512875],[-99.68449529119225,29.996606969298448],[-99.68310116605844,30.000321280625517],[-99.6837409111695,30.00159938974483],[-99.68348280542541,30.002310094739936],[-99.68622892560458,30.004034851595655],[-99.6872072574243,30.008652215325515],[-99.69058971181137,30.01110585805897],[-99.68861725219595,30.01484619325369],[-99.68761941705307,30.01503450683047],[-99.68536858839572,30.016556480693193],[-99.68385014271479,30.01752548993025],[-99.68328807133308,30.01993110367604],[-99.68235626775348,30.022086969133007],[-99.68083886591491,30.02323895284353],[-99.68093934427607,30.030240638694995],[-99.68137448101317,30.032343618112883],[-99.6810009067208,30.035389035398417],[-99.68314612134851,30.037574651157048],[-99.68375890532295,30.038715670288116],[-99.68374807433555,30.040497350720916],[-99.68296524017616,30.04045920716783],[-99.68245127627289,30.0403735454815],[-99.68187068701992,30.04031643894553],[-99.68102359996149,30.04033547497964],[-99.68031927855792,30.04043065276217],[-99.67966254720318,30.0406590807781],[-99.67945985224078,30.040820235892607],[-99.67871006350741,30.042711957342643],[-99.6789092137177,30.044907662823945],[-99.67968346357624,30.046596989345606],[-99.68069018215897,30.047644479495396],[-99.68285197699188,30.04836549028309],[-99.68539844839577,30.05147579704473],[-99.68653799187639,30.052705563546667],[-99.68673623748319,30.05474110102777],[-99.6908658350651,30.058495154745096],[-99.69399706300655,30.058615966491377],[-99.6925445743287,30.061575503452666],[-99.6917301194713,30.063238911766827],[-99.6917444125658,30.065294310380487],[-99.69175976477399,30.067501961892393],[-99.69307617395765,30.071365740412126],[-99.6980737075974,30.07205125737045],[-99.69807945412028,30.072869819529334],[-99.69833192832583,30.073865124246794],[-99.69623037990576,30.077649338537825],[-99.69787734665609,30.07906435601059],[-99.69915882754486,30.080872865998412],[-99.6998675740495,30.082719958362777],[-99.69934702908847,30.084360079307753],[-99.69980954737375,30.086101763094277],[-99.70010429719487,30.087274802658335],[-99.70161345070254,30.08877831344653],[-99.70257242203125,30.089005691753997],[-99.70449606629582,30.088995395321668],[-99.7061764719343,30.08930676962584],[-99.70824583012448,30.090570573003337],[-99.71127007590212,30.0918420308381],[-99.71401263246452,30.0918627855526],[-99.71668281805272,30.092635074996508],[-99.71732999402779,30.09351231168318],[-99.71809743465649,30.096360991003113],[-99.71948917835651,30.096353378256794],[-99.723658213776,30.098438876554145],[-99.72534212374241,30.101873836406874],[-99.7240597535215,30.10565386809876],[-99.72407584683982,30.10786065070137],[-99.72556534520905,30.11098577389918],[-99.72706027119922,30.11289851924334],[-99.73077869370593,30.114470095856525],[-99.73136031332652,30.11558256062862],[-99.73324776087505,30.116046785338757],[-99.73540546028858,30.11751484347169],[-99.73802429368352,30.12131359482418],[-99.73976398004591,30.123915003054456],[-99.74127330782673,30.1247429693493],[-99.7426691703023,30.125233444017926],[-99.7435816484252,30.12679444096171],[-99.74330625550182,30.128290903351143],[-99.74368432406555,30.129570158883503],[-99.74244028495782,30.132958655716294],[-99.74322686329532,30.134093174587985],[-99.74617619317152,30.134061824689176],[-99.74575492193082,30.13810099208223],[-99.74524701896077,30.143159203868574],[-99.74244093803303,30.144100902453918],[-99.73876828469005,30.14604438351271],[-99.73875840681518,30.149922060818454],[-99.74241951860338,30.152072626659045],[-99.74328957738025,30.15338463666395],[-99.74354379611407,30.1545222490657],[-99.74356115066705,30.156835713390322],[-99.74481107733317,30.159640540920122],[-99.74335578321667,30.162211572315186],[-99.74455130701087,30.16323696438445],[-99.74461956549774,30.166876728232847],[-99.7478148181661,30.16688451883241],[-99.7500000383667,30.168758502449773],[-99.75394727884427,30.170693583835224],[-99.75395080293511,30.171156293533706],[-99.7546523925619,30.171828495839843],[-99.75518429312646,30.173035734672734],[-99.75593802456561,30.17334002001133],[-99.75816109887396,30.17533203382107],[-99.760562830126,30.17866393258209],[-99.76368063993203,30.179215339522894],[-99.76468091579756,30.181416263998422],[-99.76625728574632,30.182917585089292],[-99.76692101587545,30.184998114538477],[-99.76816414139655,30.18680611579749],[-99.76818679331475,30.18972467689382],[-99.76914737801773,30.19206821242632],[-99.76916867707313,30.194808812438225],[-99.77024608588218,30.1963685467835],[-99.77181528547837,30.19792545747108],[-99.77092359796441,30.199176454165972],[-99.77096492406073,30.204479604131887],[-99.76967614346196,30.207370232165783],[-99.76969691610459,30.210039658579703],[-99.76882175759188,30.21231346123969],[-99.76391614226692,30.21236919681385],[-99.76181400814528,30.213467029114135],[-99.75861888752927,30.214794158609152],[-99.75704073622127,30.218976034680626],[-99.75540803831092,30.222544824367763],[-99.75541527154559,30.22478244206853],[-99.75260883937658,30.229003350499113],[-99.75033494198271,30.23069847695457],[-99.74968298517369,30.232348084087924],[-99.75209665952744,30.23441646638404],[-99.75211386765501,30.2366765428642],[-99.75360431464519,30.2412950413082],[-99.75647876365426,30.24193697333517],[-99.75737215437398,30.243497943401053],[-99.75477997668845,30.244936614089696],[-99.75429827488028,30.246274114202574],[-99.75430765329185,30.247501992395584],[-99.75396487324741,30.24825144674409],[-99.75397180374982,30.249159037211594],[-99.75353630409334,30.251190311885622],[-99.75355233273295,30.253290238938973],[-99.75403975591118,30.255369639793912],[-99.75549059618046,30.257443485143277],[-99.75506785439765,30.258460345641087],[-99.75471373851265,30.260402169926476],[-99.75506880391691,30.26169619817862],[-99.75600561560421,30.263117605662426],[-99.75601911728293,30.26487943183526],[-99.75543773481758,30.266609063675723],[-99.75467030407034,30.268126172987195],[-99.75434906652475,30.269017839440114],[-99.75436335602598,30.270886366207314],[-99.75619691004734,30.274702077868213],[-99.75469383543921,30.27924888669852],[-99.75471072107162,30.281455512156835],[-99.75522370131966,30.28371439006477],[-99.75130515842218,30.286618287705874],[-99.74747167340568,30.28946990901236],[-99.74844822386622,30.291154970266163],[-99.74918027805923,30.293037201797997],[-99.74869773632626,30.294303432678806],[-99.74870381971738,30.29510431231929],[-99.74916610264404,30.296560990143714],[-99.74917909228306,30.298269374088214],[-99.74886505473445,30.300139775352083],[-99.74801512360986,30.30163950032639],[-99.74745807560723,30.30390292438609],[-99.74662798108072,30.305331360583374],[-99.74542312019747,30.30603226741728],[-99.74425603077698,30.306288040039902],[-99.74285986646746,30.308823155388758],[-99.74102469278364,30.310257259513563],[-99.73966276596454,30.311902249833853],[-99.73920081541452,30.31320395182673],[-99.73851653272999,30.314833925069898],[-99.73492878006283,30.317961910271226],[-99.73304321448482,30.32092667972192],[-99.73254068433849,30.321113927910513],[-99.7294008262821,30.32040710376841],[-99.72443223905574,30.32044656047113],[-99.72257579596095,30.320184086211082],[-99.72059367496462,30.31966020802297],[-99.71844267338984,30.31881860991878],[-99.71666553716159,30.317829315171657],[-99.71402496543506,30.316109922262953],[-99.71210624303993,30.313875933141578],[-99.707954150745,30.315109758155444],[-99.7063737365808,30.316139607401453],[-99.7050775430843,30.31861665318336],[-99.70225181240804,30.319712486242313],[-99.70278476040824,30.320807984462682],[-99.70187311412529,30.32241453980326],[-99.70093368564558,30.323006905384343],[-99.70073308375778,30.32363085156891],[-99.70073726631374,30.32421807037902],[-99.70085018454495,30.324719507989585],[-99.70070481557242,30.32542844112124],[-99.7003606018168,30.326070967408608],[-99.70016179655958,30.326961845040252],[-99.6997564542455,30.32765804877089],[-99.69919395706236,30.32931616084593],[-99.69809866728758,30.33050565560179],[-99.69637125999682,30.330523600532047],[-99.69588939559358,30.33170485337823],[-99.69439624826767,30.332651838647738],[-99.69440202443494,30.3334704532293],[-99.69461584503213,30.334697327983765],[-99.69355552756967,30.33562830730653],[-99.69325205600546,30.336235054913885],[-99.69227014260267,30.33681851077699],[-99.69198641960166,30.337149384621178],[-99.69199530214318,30.33841288562554],[-99.69053669953152,30.339511646425063],[-99.6891915280891,30.342342781454366],[-99.68920449527023,30.344193671072887],[-99.68838852944651,30.34487419541943],[-99.68858076891733,30.34595876816733],[-99.68829714832424,30.34647642164349],[-99.68748243924362,30.347187263239324],[-99.68825172680852,30.348790169444847],[-99.68876668245188,30.34907221325716],[-99.68981963462734,30.349992015391557],[-99.69146350308824,30.350321525310974],[-99.69226268389086,30.35015714491366],[-99.69331367414573,30.350792173215115],[-99.69448067642965,30.350429972283465],[-99.69657374744838,30.350436732821695],[-99.69768613216303,30.351035853721882],[-99.69801839922368,30.351603595025903],[-99.69847630016841,30.352508770417796],[-99.69889579094821,30.353787888286703],[-99.69851378057702,30.354893327409062],[-99.6985300903893,30.357188929949466],[-99.69771433656798,30.357905132127154],[-99.69699852211868,30.35824714554022],[-99.69752112871332,30.35959688565176],[-99.69752731630899,30.36046884905051],[-99.69894742700906,30.359647663601727],[-99.70039452220193,30.35965260505009],[-99.70159608267481,30.361230084753906],[-99.7025360600252,30.363538623799876],[-99.70436758026075,30.364258340260903],[-99.70545547510412,30.364252472034416],[-99.70638012989068,30.364425521397816],[-99.7063826882926,30.36478143415193],[-99.70571091015684,30.365550261550656],[-99.7046753439754,30.36708633334841],[-99.70451582833377,30.36774560197732],[-99.704528972483,30.36957866620494],[-99.7045350962983,30.370432814586053],[-99.7043530904352,30.370807529666667],[-99.70392412871736,30.371094597352844],[-99.70355472889612,30.3717428923868],[-99.70329894439877,30.37262844685702],[-99.70291618123933,30.373644918772875],[-99.70236506301592,30.374074972341578],[-99.70212239751496,30.374574533991964],[-99.70184109098204,30.375430308860842],[-99.70264653304221,30.376102200983397],[-99.70286700476575,30.377078624002618],[-99.70249694737771,30.378167367927833],[-99.70250241721949,30.378932622826312],[-99.70228044620771,30.379467699101983],[-99.70242784627112,30.379982976668266],[-99.70308468272877,30.379979444364185],[-99.70358042071325,30.380403950766386],[-99.7039974519058,30.381327051736708],[-99.70457326751135,30.38148418118154],[-99.70522755724518,30.38112472799511],[-99.7073006102061,30.381113521313488],[-99.70792020969861,30.381644049839043],[-99.70792572715108,30.382409217070148],[-99.70716983706032,30.382911653018194],[-99.70631038469202,30.38327222407288],[-99.70533072426397,30.384060527436258],[-99.70569044204309,30.38555343884888],[-99.7054518890295,30.38664030373613],[-99.70673236560178,30.387718961896578],[-99.70831474168655,30.387959604204873],[-99.70914081445552,30.388649153837875],[-99.70939192861174,30.389306277817948],[-99.71092042913564,30.390614863617046],[-99.71166406800256,30.391251487362222],[-99.71289582444543,30.391262499161552],[-99.71384591772421,30.392058217903454],[-99.71485458834606,30.392444164718256],[-99.7158045801152,30.393222057412125],[-99.71615699369273,30.393700568225334],[-99.71615959072221,30.39405655880791],[-99.7160393602046,30.394448678732097],[-99.71604637065707,30.395409694273415],[-99.71623798310381,30.396351799734294],[-99.71568780182321,30.39690651021786],[-99.71534578085519,30.39786935573569],[-99.71561725442899,30.398490728661695],[-99.71562335039651,30.39932713990134],[-99.71480858292539,30.40022140274153],[-99.71481856051325,30.401591677303113],[-99.71494862758325,30.402534203500537],[-99.71572019866561,30.40416716093205],[-99.7154652873307,30.40580582430202],[-99.71549625225855,30.407247148928743],[-99.7150484007669,30.407765756272592],[-99.71428821044087,30.407698662333324],[-99.71383934654791,30.408092665894966],[-99.71329232104891,30.409092246845535],[-99.71272114614011,30.409611515306732],[-99.71202579082141,30.409971145676977],[-99.71203121484909,30.410718582263605],[-99.71254775961219,30.41117847448457],[-99.71296110322051,30.411549953810916],[-99.7128342090001,30.412070410004436],[-99.7128300183593,30.413294729216116],[-99.71252811705017,30.4141327365688],[-99.71253160790339,30.414613245111443],[-99.7122060153253,30.4150065653767],[-99.71221105397571,30.415700565184235],[-99.7122961055685,30.416091644562133],[-99.7127908338466,30.41637361737963],[-99.71331087395448,30.417296199482415],[-99.71304747982833,30.41777816354501],[-99.7136700698124,30.418682372907156],[-99.71473772291746,30.418676534287407],[-99.7156923850278,30.42005935865947],[-99.71680827856193,30.421014284427546],[-99.71784241462542,30.426504597996576],[-99.7177782668293,30.427290983066055],[-99.71757735142948,30.427897130101883],[-99.71729365897119,30.428414836869244],[-99.71695428444,30.429751398956945],[-99.71643091876895,30.431213574355496],[-99.71643378080145,30.431605019887513],[-99.71604865956441,30.43228342762079],[-99.71547879799257,30.432998389273646],[-99.71474415754984,30.433643083893383],[-99.71448306490745,30.434445331222946],[-99.71489742181542,30.434941318668855],[-99.71488050114871,30.435439745678725],[-99.71718556648968,30.4361033124446],[-99.71779375198817,30.43782620729926],[-99.71675425567737,30.43889967696945],[-99.71626775686556,30.4397744162669],[-99.71555704215213,30.4408994219372],[-99.71499410479451,30.4425575776522],[-99.71541370247382,30.443765450404165],[-99.71542058895879,30.444708564458093],[-99.71587640491374,30.44525775398639],[-99.7158792651496,30.445649281768503],[-99.71588251794925,30.44609424612613],[-99.71615673138467,30.447071347764734],[-99.71521582248134,30.4476104687671],[-99.71381911379277,30.44761811472613],[-99.7133097887896,30.448190403724542],[-99.71448522894899,30.44882464310753],[-99.71514836708836,30.449621824756445],[-99.71679142437057,30.449612809013935],[-99.71759762011723,30.45030240171478],[-99.71795322361235,30.451172425580765],[-99.71913081972842,30.45209136258587],[-99.71983347116388,30.45267480132979],[-99.72085889985732,30.452455474200846],[-99.72282398699922,30.4543132524862],[-99.72284918025137,30.455072082617523],[-99.72304134695862,30.45593140321841],[-99.72287968883505,30.456288302788415],[-99.72288652142109,30.457213679871625],[-99.72268623304535,30.45790881268743],[-99.72283439398177,30.458495305461557],[-99.72326844285908,30.458866630920443],[-99.72327554224476,30.45982754946314],[-99.72371317719667,30.460696095272386],[-99.72369755010399,30.461337774255984],[-99.72440630918507,30.461737230732982],[-99.72481294686979,30.462150290299153],[-99.72482456837461,30.46268477493135],[-99.7266079299278,30.463190330059586],[-99.72724476000575,30.463186777537164],[-99.72751256036837,30.4632919934704],[-99.72766009967062,30.463789503540465],[-99.7284045766657,30.464461555644167],[-99.7289149203584,30.464013725838953],[-99.7296122789202,30.463867578766614],[-99.72990410023351,30.464435446335997],[-99.73037955425889,30.46482424278883],[-99.73246830887268,30.463940554381082],[-99.73417377660925,30.463984238135204],[-99.73587911588675,30.46401033517547],[-99.73703655290952,30.4642314164085],[-99.73801449036884,30.46485521068882],[-99.74368799727675,30.47182922131501],[-99.74443243205101,30.472371200846098],[-99.74492276936401,30.472714652947108],[-99.74562473538491,30.47315553508149],[-99.74599449273563,30.473153422987018],[-99.74665303150074,30.473291984959094],[-99.74770080488857,30.473285981602096],[-99.748112234187,30.473354873856717],[-99.74887744789211,30.47400887556974],[-99.74955918834439,30.474503292867084],[-99.7510568083821,30.474209924397993],[-99.75161349975356,30.47447365581833],[-99.75161582100026,30.474776204138106],[-99.75137727157993,30.475809700187593],[-99.75123820249249,30.476433267790036],[-99.75124353489198,30.47712742344363],[-99.75250322714358,30.477956595299567],[-99.75251362963455,30.479308942540992],[-99.75366721198644,30.4796938226678],[-99.75454368293778,30.480133815415932],[-99.75484630918733,30.48071920510357],[-99.75503820370507,30.481625695901815],[-99.75556701676001,30.482606689740404],[-99.75472592775274,30.483762989555903],[-99.75493811880601,30.48463373411245],[-99.75494265260325,30.485221020456407],[-99.7548230607878,30.485702145539435],[-99.7541901662291,30.48622194969278],[-99.75345991944641,30.487454058192938],[-99.75367279411762,30.488413779666388],[-99.75419608972008,30.489656539858395],[-99.75493016152922,30.489648342171456],[-99.75657391680242,30.490851187042153],[-99.75832962461787,30.4916472684639],[-99.75906223846131,30.49142761418823],[-99.76126329596035,30.490565496495176],[-99.76270400053829,30.489914229421387],[-99.76515839821882,30.48898620288636],[-99.76687322550235,30.488434696804664],[-99.76862829371734,30.488018286911615],[-99.76936395554453,30.48781885507771],[-99.77003184397513,30.487637793312363],[-99.77225868312281,30.48759084644412],[-99.77413652139275,30.4878842032311],[-99.77564661184323,30.488437835033018],[-99.7782431346798,30.488566708994163],[-99.77930465857968,30.489206997504503],[-99.78021112068511,30.49018294138338],[-99.78123046778408,30.490616686260058],[-99.78228621821164,30.490711853526236],[-99.78285400737012,30.49054620153317],[-99.78354789304504,30.491890907089505],[-99.7833319703901,30.49222349892291],[-99.78303861834755,30.493124455570424],[-99.782742793243,30.493717905639105],[-99.78380407280113,30.493167243792495],[-99.78470432664965,30.49297252808634],[-99.78536559359827,30.493016941922683]]]},"properties":{"objectid":1777,"tnmid":"{DAE3E565-56C0-422F-8AED-0C988288804C}","metasourceid":"{511D2AC8-11BA-45FC-AB98-F69D693D4C44}","sourcedatadesc":"Watershed Boundary Dataset (WBD)","sourceoriginator":"Natural Resources and Conservation Service and U.S. Geological Survey","sourcefeatureid":null,"loaddate":1723803860000,"referencegnis_ids":"1383191","areaacres":597365.22,"areasqkm":2417.45,"states":"TX","huc8":"12090203","name":"South Llano","globalid":"{3CF2283F-C12A-4C10-9AB1-04839CC78B67}","shape_Length":345561.9542450008,"shape_Area":3248102290.3056684}}]}
