{"type":"FeatureCollection","features":[{"type":"Feature","geometry":{"type":"MultiPolygon","coordinates":[[[[-97.55177,30.07196],[-97.56275,30.06408],[-97.5676,30.05676],[-97.58121,30.04771],[-97.58605,30.0495],[-97.5843,30.04312],[-97.58726,30.04514],[-97.5936,30.0413],[-97.59408,30.037],[-97.59908,30.03622],[-97.60427,30.02924],[-97.60661,30.03237],[-97.60598,30.02837],[-97.615,30.02205],[-97.61402,30.01839],[-97.61799,30.01858],[-97.61814,30.01486],[-97.62548,30.01227],[-97.63123,30.00231],[-97.63586,30.00141],[-97.63685,29.99779],[-97.63236,29.99768],[-97.64225,29.98776],[-97.63969,29.98757],[-97.64254,29.98221],[-97.64126,29.98057],[-97.65331,29.96662],[-97.65461,29.95848],[-97.6529,29.95176],[-97.65546,29.95],[-97.64749,29.95],[-97.64317,29.95578],[-97.63392,29.95734],[-97.6004,29.99903],[-97.58916,30.01655],[-97.55921,30.03055],[-97.55193,30.0211],[-97.55956,30.02018],[-97.5595,30.01537],[-97.56239,30.01328],[-97.56951,29.99516],[-97.58132,29.95],[-97.55,29.95],[-97.55,30.073],[-97.55177,30.07196]]]]},"properties":{"layer":"aquifer","aquifer":"Carrizo-Wilcox","rank":"major","code":"1","extent":"outcrop","source":"twdb-major-aquifers-bbox"}},{"type":"Feature","geometry":{"type":"MultiPolygon","coordinates":[[[[-98.32652,31.05],[-98.32608,31.04782],[-98.32083,31.05],[-98.30933,31.04974],[-98.30896,31.04675],[-98.31657,31.0445],[-98.31113,31.042],[-98.31088,31.03971],[-98.31747,31.039],[-98.31045,31.0346],[-98.31782,31.02914],[-98.31223,31.01976],[-98.31851,31.01693],[-98.31807,31.01366],[-98.32194,31.01328],[-98.31871,31.00867],[-98.31224,31.01099],[-98.31323,31.00245],[-98.30626,31.00734],[-98.3071,31.00408],[-98.30043,31.00467],[-98.3026,31.00052],[-98.30773,30.99853],[-98.30331,30.9921],[-98.30405,30.98993],[-98.29867,30.98939],[-98.29997,30.98338],[-98.29737,30.9816],[-98.29801,30.97541],[-98.28959,30.96983],[-98.2878,30.9563],[-98.28208,30.95628],[-98.28263,30.95348],[-98.27863,30.95426],[-98.27801,30.95718],[-98.27509,30.95591],[-98.27412,30.96392],[-98.27082,30.95904],[-98.2676,30.96275],[-98.26447,30.96273],[-98.26324,30.9574],[-98.2658,30.951],[-98.27787,30.94653],[-98.2747,30.94446],[-98.27857,30.94018],[-98.26942,30.93762],[-98.26644,30.94551],[-98.26192,30.94468],[-98.26275,30.93891],[-98.25912,30.94587],[-98.25195,30.94201],[-98.24314,30.94569],[-98.2429,30.94311],[-98.24725,30.93929],[-98.25677,30.93882],[-98.25958,30.93126],[-98.25161,30.93302],[-98.23693,30.92854],[-98.24635,30.924],[-98.25126,30.92585],[-98.25904,30.92388],[-98.26183,30.92613],[-98.2644,30.92304],[-98.26058,30.92229],[-98.2606,30.91988],[-98.26397,30.9128],[-98.25509,30.91906],[-98.25471,30.91476],[-98.25127,30.91125],[-98.25455,30.90749],[-98.24744,30.90677],[-98.24728,30.9133],[-98.24513,30.91575],[-98.24194,30.91488],[-98.24421,30.91294],[-98.2403,30.91114],[-98.24311,30.90927],[-98.23891,30.90914],[-98.24079,30.90657],[-98.23841,30.90363],[-98.24268,30.90136],[-98.23876,30.90123],[-98.23785,30.89837],[-98.23646,30.90769],[-98.23212,30.91071],[-98.23275,30.91581],[-98.2311,30.91385],[-98.22405,30.91405],[-98.22369,30.92006],[-98.2205,30.91776],[-98.21845,30.92691],[-98.21598,30.92661],[-98.21716,30.92158],[-98.21334,30.92471],[-98.21088,30.92298],[-98.21053,30.93747],[-98.20879,30.93763],[-98.2075,30.93293],[-98.20437,30.93331],[-98.2039,30.92495],[-98.1988,30.93088],[-98.19888,30.93844],[-98.19209,30.92879],[-98.19001,30.93153],[-98.19082,30.93863],[-98.18778,30.93655],[-98.18702,30.94068],[-98.18415,30.94072],[-98.18453,30.94352],[-98.18076,30.94064],[-98.1794,30.94402],[-98.17776,30.9432],[-98.17721,30.94595],[-98.17393,30.94714],[-98.17815,30.95151],[-98.17223,30.95171],[-98.17725,30.95792],[-98.17464,30.95859],[-98.17222,30.95498],[-98.16882,30.95639],[-98.1663,30.95328],[-98.16619,30.95958],[-98.16229,30.95762],[-98.16212,30.96105],[-98.15707,30.96143],[-98.15888,30.95517],[-98.15458,30.9542],[-98.1527,30.95619],[-98.15,30.95257],[-98.1489,30.9568],[-98.14585,30.95684],[-98.14855,30.95978],[-98.14588,30.96177],[-98.1482,30.9639],[-98.14513,30.96451],[-98.14677,30.96756],[-98.1419,30.96977],[-98.14018,30.96809],[-98.1403,30.96077],[-98.13811,30.95886],[-98.13628,30.96309],[-98.13189,30.96393],[-98.13226,30.96823],[-98.12865,30.96832],[-98.1293,30.97262],[-98.12562,30.97449],[-98.12507,30.97804],[-98.12188,30.97682],[-98.12144,30.9814],[-98.11752,30.98109],[-98.11535,30.98657],[-98.11028,30.98695],[-98.11099,30.99062],[-98.10841,30.98894],[-98.10053,30.99021],[-98.09917,30.9941],[-98.10121,31.00397],[-98.09086,31.00691],[-98.07721,31.00648],[-98.07432,30.99803],[-98.07021,30.99405],[-98.06966,30.98895],[-98.06402,30.98634],[-98.05668,30.98824],[-98.05282,30.98095],[-98.04658,30.97885],[-98.04989,30.97234],[-98.05523,30.97146],[-98.05291,30.9778],[-98.0564,30.982],[-98.0769,30.99077],[-98.07652,30.99815],[-98.08274,31.00294],[-98.09554,31.00201],[-98.09316,30.98897],[-98.09136,30.98976],[-98.09078,30.98707],[-98.08662,30.99122],[-98.08559,30.98572],[-98.08041,30.98575],[-98.08257,30.98049],[-98.0911,30.98025],[-98.09246,30.97619],[-98.09145,30.98587],[-98.09538,30.98612],[-98.10073,30.98191],[-98.10996,30.98563],[-98.11379,30.98066],[-98.11244,30.97608],[-98.1166,30.97948],[-98.11776,30.97536],[-98.12243,30.97459],[-98.12299,30.96983],[-98.12638,30.97088],[-98.13003,30.9634],[-98.12603,30.96321],[-98.12486,30.96091],[-98.12887,30.9591],[-98.12728,30.95657],[-98.1302,30.95853],[-98.13453,30.95696],[-98.13216,30.95408],[-98.13558,30.95095],[-98.12301,30.94985],[-98.12893,30.94908],[-98.13148,30.94686],[-98.1303,30.94502],[-98.12742,30.94655],[-98.12176,30.93953],[-98.11927,30.94233],[-98.11723,30.94003],[-98.11474,30.94339],[-98.11442,30.94075],[-98.11176,30.94148],[-98.11231,30.93805],[-98.10853,30.9366],[-98.10594,30.93756],[-98.10616,30.94277],[-98.09948,30.94634],[-98.10226,30.93994],[-98.09867,30.93918],[-98.09751,30.93316],[-98.09341,30.93079],[-98.08885,30.9362],[-98.08295,30.93193],[-98.08721,30.93184],[-98.08898,30.92773],[-98.09277,30.92861],[-98.09493,30.92375],[-98.09647,30.92932],[-98.10433,30.92885],[-98.10749,30.93282],[-98.11553,30.93475],[-98.1173,30.93768],[-98.11919,30.93488],[-98.12197,30.93627],[-98.12286,30.93353],[-98.1265,30.93635],[-98.12904,30.93465],[-98.12926,30.94078],[-98.13465,30.94155],[-98.13515,30.94436],[-98.13935,30.9449],[-98.14475,30.951],[-98.14451,30.94882],[-98.14758,30.94883],[-98.14686,30.94614],[-98.15017,30.94828],[-98.15307,30.94721],[-98.14843,30.93974],[-98.15328,30.94085],[-98.1529,30.93878],[-98.15655,30.93955],[-98.15817,30.93652],[-98.16047,30.94066],[-98.16221,30.93872],[-98.16497,30.94417],[-98.16792,30.94081],[-98.16723,30.93565],[-98.17465,30.93952],[-98.17477,30.93162],[-98.17945,30.92861],[-98.17219,30.93],[-98.16596,30.92562],[-98.16885,30.92226],[-98.17423,30.92383],[-98.17451,30.92149],[-98.18304,30.91866],[-98.17506,30.91851],[-98.17574,30.91634],[-98.17193,30.91821],[-98.17149,30.91563],[-98.16769,30.91761],[-98.16637,30.91383],[-98.17042,30.90795],[-98.15687,30.9132],[-98.15911,30.90738],[-98.1549,30.90902],[-98.15594,30.90438],[-98.15049,30.91226],[-98.14893,30.90629],[-98.14268,30.90786],[-98.14616,30.90485],[-98.14437,30.90329],[-98.1471,30.90245],[-98.14426,30.89934],[-98.14892,30.89937],[-98.14622,30.89523],[-98.1441,30.89544],[-98.14591,30.89293],[-98.14085,30.89314],[-98.14167,30.89119],[-98.13888,30.88901],[-98.1386,30.89215],[-98.13513,30.89345],[-98.13604,30.89678],[-98.13418,30.89522],[-98.13071,30.89663],[-98.13389,30.89069],[-98.13192,30.88742],[-98.12977,30.88964],[-98.12806,30.88774],[-98.12377,30.89207],[-98.12125,30.88942],[-98.12667,30.88602],[-98.12623,30.8835],[-98.12409,30.88383],[-98.1291,30.88179],[-98.12731,30.87972],[-98.12013,30.88094],[-98.11817,30.88426],[-98.11762,30.87772],[-98.11219,30.88302],[-98.11228,30.88015],[-98.10565,30.87983],[-98.1056,30.87645],[-98.10265,30.8777],[-98.10168,30.88474],[-98.09765,30.88139],[-98.1,30.87843],[-98.09867,30.87727],[-98.0922,30.88056],[-98.09364,30.87581],[-98.08558,30.87674],[-98.08628,30.87131],[-98.083,30.87398],[-98.08112,30.86836],[-98.07961,30.87396],[-98.07696,30.8744],[-98.07958,30.87797],[-98.07688,30.88448],[-98.07424,30.88183],[-98.07331,30.87347],[-98.07185,30.87254],[-98.06982,30.87797],[-98.06731,30.87435],[-98.06754,30.8795],[-98.06501,30.88035],[-98.06797,30.88369],[-98.06786,30.88947],[-98.0657,30.89341],[-98.0635,30.88624],[-98.05909,30.88816],[-98.0581,30.87968],[-98.04966,30.89549],[-98.04542,30.89272],[-98.05068,30.8829],[-98.04887,30.87813],[-98.04177,30.88399],[-98.03941,30.88008],[-98.03181,30.88233],[-98.0388,30.8736],[-98.03225,30.87648],[-98.03149,30.87213],[-98.03439,30.86814],[-98.03214,30.86664],[-98.02779,30.87629],[-98.0232,30.86944],[-98.02483,30.86487],[-98.01911,30.86673],[-98.02033,30.8708],[-98.01839,30.87153],[-98.02174,30.87797],[-98.0182,30.87898],[-98.02068,30.88501],[-98.01701,30.88659],[-98.01455,30.89361],[-98.01176,30.89325],[-98.00971,30.89931],[-98.00797,30.89351],[-98.00286,30.89142],[-98.0106,30.89015],[-98.00922,30.88654],[-98.01263,30.88558],[-98.00866,30.88327],[-98.01273,30.88106],[-98.01049,30.87807],[-98.01217,30.87676],[-98.0115,30.86926],[-98.00735,30.87267],[-98.00843,30.87817],[-98.00477,30.87918],[-98.00294,30.88266],[-98.00109,30.88225],[-98.00178,30.87195],[-97.99645,30.87728],[-97.99293,30.87292],[-97.99633,30.88593],[-97.99392,30.88527],[-97.99204,30.8794],[-97.9887,30.88253],[-97.98618,30.87918],[-97.98504,30.88647],[-97.97962,30.88498],[-97.98002,30.87983],[-97.97684,30.8817],[-97.9799,30.87273],[-97.97399,30.87766],[-97.97478,30.87313],[-97.9716,30.87328],[-97.9707,30.86636],[-97.96917,30.86661],[-97.96949,30.86947],[-97.96737,30.8703],[-97.9707,30.87438],[-97.97135,30.87901],[-97.96877,30.87904],[-97.97163,30.88319],[-97.96034,30.88355],[-97.97225,30.88988],[-97.96723,30.89131],[-97.97242,30.8964],[-97.9676,30.89766],[-97.97584,30.90169],[-97.97201,30.90351],[-97.97247,30.90763],[-97.96842,30.90413],[-97.96505,30.90514],[-97.96253,30.90122],[-97.96383,30.9079],[-97.96066,30.90857],[-97.95879,30.90447],[-97.9573,30.90666],[-97.95425,30.90303],[-97.95223,30.90626],[-97.95721,30.91851],[-97.95342,30.91873],[-97.95373,30.91237],[-97.95089,30.91361],[-97.9479,30.90929],[-97.94634,30.91251],[-97.94141,30.91131],[-97.93964,30.91339],[-97.94395,30.91621],[-97.94407,30.91981],[-97.93705,30.91743],[-97.93884,30.92102],[-97.93531,30.92111],[-97.93647,30.92734],[-97.94006,30.92764],[-97.93877,30.93058],[-97.93363,30.93385],[-97.93107,30.93118],[-97.92484,30.93274],[-97.92933,30.93905],[-97.92851,30.94221],[-97.91673,30.93284],[-97.91225,30.93546],[-97.91306,30.94135],[-97.90801,30.94112],[-97.89976,30.94522],[-97.9036,30.94003],[-97.90243,30.93706],[-97.90888,30.93224],[-97.90635,30.9274],[-97.90089,30.9274],[-97.8993,30.92352],[-97.89408,30.92118],[-97.90443,30.9241],[-97.90499,30.92151],[-97.9108,30.92294],[-97.91149,30.92035],[-97.9164,30.92442],[-97.91882,30.92102],[-97.9105,30.9163],[-97.91766,30.91439],[-97.92802,30.91828],[-97.92884,30.91592],[-97.92225,30.91078],[-97.92771,30.90637],[-97.93243,30.9066],[-97.93404,30.90326],[-97.92834,30.90447],[-97.92928,30.90034],[-97.92715,30.90025],[-97.9262,30.90341],[-97.91456,30.90704],[-97.91337,30.90292],[-97.91518,30.89987],[-97.91126,30.89568],[-97.90784,30.907],[-97.90437,30.90635],[-97.90467,30.90016],[-97.89806,30.90693],[-97.89625,30.90558],[-97.89759,30.90185],[-97.90191,30.8967],[-97.8968,30.8979],[-97.89973,30.88882],[-97.89135,30.90289],[-97.88749,30.90241],[-97.88596,30.90678],[-97.88018,30.90272],[-97.88439,30.89993],[-97.88252,30.89823],[-97.89239,30.89114],[-97.89521,30.88515],[-97.89393,30.88339],[-97.88824,30.88946],[-97.8861,30.88474],[-97.88335,30.88769],[-97.88331,30.89324],[-97.87678,30.89692],[-97.87623,30.8908],[-97.88018,30.88389],[-97.87864,30.87909],[-97.87734,30.88586],[-97.87454,30.88452],[-97.87191,30.89085],[-97.86796,30.8799],[-97.86639,30.88581],[-97.86916,30.89019],[-97.86608,30.89257],[-97.86993,30.89636],[-97.87125,30.90597],[-97.86541,30.90666],[-97.86323,30.91608],[-97.8569,30.9055],[-97.86042,30.90099],[-97.85745,30.89782],[-97.85967,30.89504],[-97.85679,30.89416],[-97.85696,30.89169],[-97.85416,30.89602],[-97.85204,30.89203],[-97.85229,30.87663],[-97.84866,30.88279],[-97.84873,30.88789],[-97.84098,30.88099],[-97.84475,30.8881],[-97.83996,30.88827],[-97.84434,30.89003],[-97.83939,30.89238],[-97.84832,30.89236],[-97.84959,30.89641],[-97.84565,30.89611],[-97.85261,30.9032],[-97.85079,30.90637],[-97.84856,30.90421],[-97.84483,30.90798],[-97.85281,30.91321],[-97.84391,30.91411],[-97.84403,30.91783],[-97.85123,30.91896],[-97.84574,30.92136],[-97.85224,30.92462],[-97.84855,30.92689],[-97.85149,30.92846],[-97.85116,30.93258],[-97.84722,30.93142],[-97.84406,30.93335],[-97.85142,30.94077],[-97.84766,30.94436],[-97.8525,30.94769],[-97.84914,30.95025],[-97.85174,30.95451],[-97.84637,30.96075],[-97.84919,30.96273],[-97.84357,30.96496],[-97.83666,30.96086],[-97.84232,30.95707],[-97.83959,30.9559],[-97.84103,30.95371],[-97.83787,30.95243],[-97.83958,30.95075],[-97.8381,30.94893],[-97.83311,30.94939],[-97.83645,30.94528],[-97.8317,30.9443],[-97.83251,30.93977],[-97.82833,30.94079],[-97.82949,30.94782],[-97.82722,30.95145],[-97.82333,30.94846],[-97.82452,30.95761],[-97.81413,30.96224],[-97.81786,30.95745],[-97.81519,30.95736],[-97.81641,30.95408],[-97.81066,30.95609],[-97.80529,30.95249],[-97.81008,30.94803],[-97.80978,30.94579],[-97.80666,30.94623],[-97.81094,30.94272],[-97.80741,30.94278],[-97.79893,30.95032],[-97.79786,30.94471],[-97.78822,30.94453],[-97.79015,30.94027],[-97.79592,30.93873],[-97.79409,30.93605],[-97.78362,30.93914],[-97.78455,30.93461],[-97.77912,30.93649],[-97.77441,30.93179],[-97.78031,30.93115],[-97.78379,30.92711],[-97.7888,30.92826],[-97.79049,30.92607],[-97.79461,30.93095],[-97.7971,30.92817],[-97.81068,30.93359],[-97.81438,30.93292],[-97.81002,30.92965],[-97.81402,30.92502],[-97.80759,30.92715],[-97.79951,30.9238],[-97.80762,30.91936],[-97.80079,30.92109],[-97.7944,30.91979],[-97.79342,30.91682],[-97.79971,30.91475],[-97.79867,30.91161],[-97.80415,30.90863],[-97.80372,30.90623],[-97.80235,30.90842],[-97.79729,30.9079],[-97.79429,30.91171],[-97.79592,30.90488],[-97.79293,30.90486],[-97.79168,30.91037],[-97.78495,30.91021],[-97.78696,30.90618],[-97.78461,30.90511],[-97.78838,30.90336],[-97.78329,30.90015],[-97.79203,30.89702],[-97.78812,30.89391],[-97.79023,30.89263],[-97.78779,30.88344],[-97.78599,30.89296],[-97.78214,30.89838],[-97.77964,30.89056],[-97.77514,30.89411],[-97.78051,30.90556],[-97.77946,30.91164],[-97.77381,30.907],[-97.77755,30.91349],[-97.77457,30.91461],[-97.77834,30.91737],[-97.77175,30.92191],[-97.76537,30.92278],[-97.76521,30.92467],[-97.75965,30.92203],[-97.75886,30.91752],[-97.75456,30.92437],[-97.75805,30.93127],[-97.75143,30.9287],[-97.75231,30.9355],[-97.75028,30.93776],[-97.74429,30.93719],[-97.74535,30.93237],[-97.74074,30.93556],[-97.74332,30.92993],[-97.73771,30.93261],[-97.73457,30.9307],[-97.73184,30.93628],[-97.73058,30.9316],[-97.72561,30.93205],[-97.72779,30.92624],[-97.72588,30.9234],[-97.7223,30.93414],[-97.71745,30.93419],[-97.72176,30.93878],[-97.72198,30.94445],[-97.7186,30.94689],[-97.71539,30.94475],[-97.71522,30.94732],[-97.71178,30.94896],[-97.71015,30.94646],[-97.70849,30.95134],[-97.70309,30.95053],[-97.70379,30.95265],[-97.70127,30.95353],[-97.69811,30.95104],[-97.69561,30.95312],[-97.69808,30.95877],[-97.69355,30.96362],[-97.68929,30.96435],[-97.68626,30.95997],[-97.68366,30.96005],[-97.68618,30.96547],[-97.6804,30.96518],[-97.68253,30.97112],[-97.67866,30.97516],[-97.67565,30.98441],[-97.67126,30.98462],[-97.66935,30.98143],[-97.66517,30.9817],[-97.66354,30.98418],[-97.65942,30.97986],[-97.65725,30.9816],[-97.66149,30.98586],[-97.66048,30.99039],[-97.65684,30.99106],[-97.65627,30.98871],[-97.65484,30.99084],[-97.65054,30.98773],[-97.65005,30.99094],[-97.6424,30.99153],[-97.64155,31.0107],[-97.63908,31.00973],[-97.63966,31.00698],[-97.63627,31.00676],[-97.63357,30.99949],[-97.63345,31.00322],[-97.62786,31.00513],[-97.62112,31.01606],[-97.61382,31.00881],[-97.61868,31.00626],[-97.61501,31.00588],[-97.61298,31.00243],[-97.60667,31.00245],[-97.60381,31.005],[-97.60052,31.01402],[-97.60168,31.01998],[-97.60526,31.01727],[-97.60555,31.02192],[-97.61543,31.02532],[-97.61846,31.03138],[-97.62331,31.02787],[-97.62879,31.03266],[-97.63117,31.02938],[-97.62916,31.02606],[-97.63494,31.02254],[-97.6339,31.01566],[-97.63697,31.01611],[-97.64068,31.0228],[-97.64172,31.01815],[-97.64518,31.01734],[-97.64986,31.02219],[-97.6505,31.01812],[-97.65345,31.01862],[-97.65345,31.00795],[-97.65777,31.01596],[-97.65742,31.02669],[-97.66326,31.03395],[-97.66624,31.03061],[-97.66316,31.02689],[-97.66593,31.02413],[-97.66572,31.02069],[-97.66264,31.01881],[-97.66434,31.01398],[-97.66053,31.01102],[-97.66587,31.01208],[-97.66923,31.01568],[-97.67461,31.01583],[-97.66613,31.01008],[-97.66578,31.00698],[-97.66151,31.007],[-97.66196,31.0043],[-97.65456,31.00296],[-97.65382,31.00095],[-97.66529,31.00174],[-97.66553,30.99935],[-97.66927,30.99945],[-97.67837,31.00211],[-97.67837,31.00549],[-97.6815,31.00639],[-97.68319,31.00042],[-97.68775,31.00504],[-97.68653,31.0121],[-97.69224,31.0099],[-97.69387,31.01419],[-97.69671,31.01068],[-97.70225,31.01117],[-97.69422,31.00524],[-97.6954,31.00071],[-97.69807,31.00425],[-97.70319,31.00314],[-97.70574,31.00639],[-97.7078,31.00547],[-97.71084,31.01061],[-97.7114,31.00516],[-97.71757,31.01058],[-97.71667,31.00491],[-97.72468,31.00866],[-97.72654,31.00641],[-97.73397,31.01383],[-97.73475,31.00998],[-97.7304,31.00794],[-97.73037,31.00243],[-97.70773,31.00082],[-97.70487,30.99587],[-97.6963,30.992],[-97.69871,30.98779],[-97.69172,30.98786],[-97.69105,30.98214],[-97.70254,30.98507],[-97.69895,30.98092],[-97.70402,30.98133],[-97.70863,30.9881],[-97.71287,30.98651],[-97.70652,30.97953],[-97.71201,30.9769],[-97.71725,30.98006],[-97.71619,30.9764],[-97.71291,30.97517],[-97.71722,30.97296],[-97.71381,30.9719],[-97.71731,30.96935],[-97.71195,30.96722],[-97.71503,30.96422],[-97.7192,30.96641],[-97.7201,30.96399],[-97.72198,30.97085],[-97.7239,30.97066],[-97.72463,30.97506],[-97.72988,30.97953],[-97.72825,30.9721],[-97.73049,30.97535],[-97.73711,30.97322],[-97.73466,30.96878],[-97.738,30.96491],[-97.74174,30.97123],[-97.7405,30.97788],[-97.74599,30.97611],[-97.74868,30.97219],[-97.74818,30.97964],[-97.75416,30.98422],[-97.75413,30.98691],[-97.75764,30.98607],[-97.75806,30.98337],[-97.76264,30.98688],[-97.76487,30.9848],[-97.76197,30.98167],[-97.76388,30.97976],[-97.77139,30.98353],[-97.76891,30.9879],[-97.7747,30.98796],[-97.7758,30.99505],[-97.7707,30.99687],[-97.76698,30.99308],[-97.76453,30.9943],[-97.76472,30.99745],[-97.76995,31.00083],[-97.76388,31.00182],[-97.7671,31.00609],[-97.7727,31.00629],[-97.77245,31.00928],[-97.77566,31.01035],[-97.77114,31.01209],[-97.77229,31.01467],[-97.76997,31.01623],[-97.77177,31.01737],[-97.76806,31.02065],[-97.77763,31.01532],[-97.78005,31.02019],[-97.77436,31.02596],[-97.77491,31.02888],[-97.76421,31.03295],[-97.7728,31.03342],[-97.77302,31.04443],[-97.77097,31.04768],[-97.77462,31.04632],[-97.77662,31.03478],[-97.77967,31.03442],[-97.78211,31.04931],[-97.78233,31.04128],[-97.78628,31.03524],[-97.78268,31.03394],[-97.7817,31.02873],[-97.78495,31.02613],[-97.79267,31.03435],[-97.79343,31.02941],[-97.79557,31.02986],[-97.79809,31.03747],[-97.79726,31.04373],[-97.8021,31.03969],[-97.80122,31.03619],[-97.81025,31.04222],[-97.80763,31.0486],[-97.81222,31.0464],[-97.81257,31.03946],[-97.81855,31.04699],[-97.8234,31.04923],[-97.81925,31.04338],[-97.82131,31.04228],[-97.81702,31.03932],[-97.82134,31.0366],[-97.81234,31.03602],[-97.80839,31.03173],[-97.81089,31.02754],[-97.80767,31.02601],[-97.80538,31.03072],[-97.80231,31.03028],[-97.80343,31.02752],[-97.79754,31.0248],[-97.80227,31.02449],[-97.80178,31.02185],[-97.79893,31.02198],[-97.80163,31.01938],[-97.79345,31.02023],[-97.7907,31.01922],[-97.78954,31.0144],[-97.78728,31.01482],[-97.78878,31.01108],[-97.79582,31.01666],[-97.79545,31.01105],[-97.80108,31.00671],[-97.80695,31.00754],[-97.80979,31.01274],[-97.81756,31.00955],[-97.81846,31.01488],[-97.82101,31.01589],[-97.81847,31.0174],[-97.82278,31.0219],[-97.81933,31.02456],[-97.82652,31.02355],[-97.82783,31.01947],[-97.83279,31.02449],[-97.82888,31.02858],[-97.83482,31.02935],[-97.83253,31.0343],[-97.8326,31.03734],[-97.83488,31.03818],[-97.8337,31.04094],[-97.84162,31.03981],[-97.84724,31.04213],[-97.84995,31.03982],[-97.83973,31.03517],[-97.84025,31.03265],[-97.84597,31.03158],[-97.84127,31.02794],[-97.84486,31.02665],[-97.84586,31.01707],[-97.84968,31.02852],[-97.85174,31.02891],[-97.85026,31.02593],[-97.85323,31.02288],[-97.85624,31.02521],[-97.86036,31.02358],[-97.86227,31.02741],[-97.85981,31.02989],[-97.86523,31.03141],[-97.86607,31.03857],[-97.87011,31.03373],[-97.87306,31.03601],[-97.87504,31.03422],[-97.87719,31.03748],[-97.87109,31.04027],[-97.87252,31.04548],[-97.86806,31.04665],[-97.86876,31.05],[-97.90053,31.05],[-97.89846,31.04709],[-97.9096,31.04812],[-97.91239,31.04638],[-97.90864,31.04531],[-97.90702,31.04205],[-97.90864,31.03694],[-97.91364,31.03748],[-97.91148,31.03354],[-97.91836,31.03401],[-97.92019,31.03027],[-97.92315,31.03211],[-97.92545,31.03941],[-97.92617,31.03608],[-97.93119,31.03994],[-97.93156,31.03536],[-97.93447,31.03593],[-97.93608,31.05],[-97.93964,31.04925],[-97.94314,31.04455],[-97.94739,31.0474],[-97.94555,31.03935],[-97.95153,31.03872],[-97.94653,31.03543],[-97.95148,31.03695],[-97.95277,31.03469],[-97.95397,31.04092],[-97.95785,31.03816],[-97.96496,31.04026],[-97.95559,31.04433],[-97.95342,31.04282],[-97.95272,31.04713],[-97.95596,31.04833],[-97.95436,31.05],[-98.32652,31.05]],[[-97.89849,30.94948],[-97.8997,30.95885],[-97.89382,30.96207],[-97.89523,30.9577],[-97.89359,30.95588],[-97.89674,30.95196],[-97.89457,30.94923],[-97.89849,30.94948]]]]},"properties":{"layer":"aquifer","aquifer":"Trinity","rank":"major","code":"1","extent":"outcrop","source":"twdb-major-aquifers-bbox"}},{"type":"Feature","geometry":{"type":"MultiPolygon","coordinates":[[[[-98.22256,30.87774],[-98.22196,30.87567],[-98.22109,30.87779],[-98.20898,30.88002],[-98.20666,30.8768],[-98.2116,30.87436],[-98.20501,30.87491],[-98.20054,30.87821],[-98.19698,30.87235],[-98.1957,30.87503],[-98.19225,30.87335],[-98.19025,30.87506],[-98.18084,30.87061],[-98.17437,30.87418],[-98.17066,30.87061],[-98.174,30.8692],[-98.1753,30.86451],[-98.16871,30.86573],[-98.16274,30.86221],[-98.15284,30.86153],[-98.15254,30.85889],[-98.16289,30.86026],[-98.17222,30.85855],[-98.16261,30.85356],[-98.16375,30.85082],[-98.17201,30.85069],[-98.1741,30.85563],[-98.18,30.85663],[-98.18304,30.86088],[-98.18966,30.85536],[-98.19296,30.85887],[-98.1963,30.85648],[-98.19827,30.86033],[-98.20159,30.85851],[-98.20744,30.86117],[-98.19733,30.85001],[-98.1984,30.84865],[-98.21694,30.84953],[-98.21946,30.8527],[-98.21868,30.84817],[-98.21337,30.84683],[-98.21273,30.84402],[-98.20501,30.84421],[-98.20225,30.83944],[-98.19972,30.84161],[-98.19074,30.84059],[-98.18807,30.84241],[-98.18684,30.83902],[-98.19004,30.83692],[-98.17995,30.83441],[-98.18345,30.82882],[-98.17792,30.83033],[-98.1737,30.82671],[-98.17178,30.83408],[-98.16888,30.83063],[-98.16586,30.83508],[-98.16267,30.83541],[-98.1607,30.83202],[-98.15723,30.83241],[-98.15566,30.83022],[-98.16055,30.82555],[-98.15356,30.82649],[-98.15212,30.82242],[-98.15061,30.8302],[-98.14889,30.8283],[-98.14793,30.83241],[-98.14408,30.83234],[-98.1437,30.83961],[-98.13909,30.83237],[-98.13569,30.83447],[-98.135,30.83859],[-98.13372,30.83651],[-98.13015,30.83828],[-98.13149,30.82695],[-98.12614,30.83178],[-98.12389,30.82862],[-98.12188,30.83342],[-98.11768,30.83305],[-98.11777,30.83959],[-98.11222,30.8348],[-98.10575,30.8374],[-98.10404,30.83504],[-98.10651,30.83466],[-98.10653,30.83179],[-98.11372,30.83166],[-98.11301,30.82616],[-98.10378,30.82645],[-98.10352,30.82467],[-98.10079,30.82689],[-98.09988,30.82351],[-98.0904,30.82935],[-98.08891,30.8258],[-98.08254,30.82347],[-98.08436,30.81993],[-98.09203,30.82341],[-98.09232,30.82043],[-98.09551,30.82068],[-98.09855,30.81486],[-98.10188,30.81545],[-98.10416,30.81987],[-98.10742,30.8196],[-98.10806,30.81497],[-98.1164,30.81741],[-98.11437,30.81368],[-98.11605,30.81243],[-98.11182,30.8076],[-98.11291,30.8052],[-98.11894,30.80907],[-98.122,30.80737],[-98.12548,30.8134],[-98.12701,30.80447],[-98.13845,30.81135],[-98.139,30.80872],[-98.1357,30.80532],[-98.13718,30.80235],[-98.15011,30.80648],[-98.14768,30.80229],[-98.15234,30.80277],[-98.15408,30.79935],[-98.15905,30.80121],[-98.15824,30.80401],[-98.16132,30.80906],[-98.16793,30.80394],[-98.16943,30.80887],[-98.17403,30.80603],[-98.17706,30.81126],[-98.18086,30.8091],[-98.18589,30.8121],[-98.19128,30.81122],[-98.19651,30.8145],[-98.19549,30.81748],[-98.2008,30.81785],[-98.20316,30.82135],[-98.22726,30.82622],[-98.20997,30.81938],[-98.19888,30.80862],[-98.21369,30.80806],[-98.21284,30.80594],[-98.21897,30.80402],[-98.20727,30.80442],[-98.20437,30.80091],[-98.19871,30.80283],[-98.19779,30.801],[-98.20261,30.79552],[-98.19016,30.79873],[-98.18952,30.79637],[-98.19305,30.7949],[-98.19387,30.79181],[-98.18394,30.79652],[-98.18162,30.79559],[-98.18429,30.79251],[-98.17622,30.78795],[-98.17956,30.78544],[-98.1878,30.78526],[-98.18735,30.78073],[-98.19175,30.77984],[-98.19144,30.77663],[-98.19788,30.77534],[-98.19764,30.77334],[-98.19227,30.77222],[-98.18406,30.77693],[-98.18175,30.77412],[-98.18307,30.76794],[-98.17739,30.77249],[-98.17582,30.76842],[-98.173,30.77321],[-98.16969,30.77205],[-98.16567,30.77541],[-98.16456,30.78205],[-98.16084,30.77493],[-98.16346,30.7687],[-98.15743,30.77514],[-98.15473,30.77209],[-98.15554,30.7619],[-98.15144,30.77036],[-98.14916,30.77069],[-98.15046,30.77671],[-98.14825,30.77853],[-98.14588,30.77559],[-98.1394,30.78095],[-98.1385,30.77596],[-98.13041,30.77511],[-98.13024,30.77122],[-98.13689,30.76868],[-98.13632,30.76667],[-98.13033,30.76715],[-98.13038,30.7612],[-98.1253,30.76575],[-98.12363,30.77387],[-98.11959,30.77271],[-98.11771,30.77619],[-98.11417,30.76993],[-98.1132,30.77554],[-98.10987,30.77689],[-98.10761,30.76737],[-98.10441,30.76885],[-98.10519,30.78007],[-98.10142,30.77891],[-98.09965,30.78388],[-98.09673,30.78289],[-98.09524,30.78666],[-98.09278,30.78705],[-98.09095,30.79231],[-98.08938,30.7892],[-98.08718,30.78977],[-98.0859,30.79337],[-98.08205,30.79231],[-98.08102,30.79666],[-98.07777,30.79601],[-98.07548,30.79961],[-98.07375,30.79914],[-98.07505,30.79496],[-98.07838,30.79424],[-98.0897,30.78182],[-98.08747,30.77849],[-98.0832,30.78144],[-98.07842,30.78078],[-98.07778,30.78616],[-98.07532,30.78626],[-98.0727,30.78143],[-98.07099,30.78767],[-98.06644,30.78317],[-98.06495,30.78729],[-98.06139,30.78246],[-98.06017,30.78571],[-98.05821,30.78376],[-98.05846,30.79155],[-98.05549,30.7905],[-98.05375,30.79289],[-98.05299,30.78739],[-98.05064,30.79076],[-98.04873,30.78863],[-98.04556,30.79565],[-98.04305,30.79168],[-98.04061,30.79728],[-98.03745,30.79532],[-98.03741,30.79984],[-98.0328,30.80227],[-98.03167,30.79471],[-98.02825,30.79927],[-98.02702,30.79497],[-98.02328,30.79746],[-98.02198,30.79339],[-98.0201,30.79601],[-98.02462,30.80446],[-98.02052,30.80231],[-98.02007,30.80637],[-98.01713,30.8087],[-98.01435,30.80033],[-98.00996,30.80179],[-98.0088,30.8047],[-98.0111,30.80735],[-98.00771,30.80721],[-98.00954,30.81015],[-98.00674,30.81282],[-98.00344,30.80874],[-98.00167,30.81359],[-97.99609,30.81109],[-97.99834,30.80711],[-97.99509,30.80744],[-97.99293,30.80472],[-97.99133,30.80909],[-97.98589,30.80515],[-97.9867,30.81035],[-97.98403,30.809],[-97.97627,30.81396],[-97.9732,30.80908],[-97.97735,30.80668],[-97.97376,30.80666],[-97.97286,30.80387],[-97.97097,30.80687],[-97.97018,30.80201],[-97.96746,30.80708],[-97.96075,30.81088],[-97.95895,30.81045],[-97.95988,30.80648],[-97.95394,30.80924],[-97.94793,30.80685],[-97.94831,30.8018],[-97.94538,30.80528],[-97.94122,30.80223],[-97.94163,30.79885],[-97.9444,30.79773],[-97.93996,30.79389],[-97.94859,30.78909],[-97.94445,30.7837],[-97.94842,30.78193],[-97.94982,30.77842],[-97.94587,30.77618],[-97.94616,30.77331],[-97.94038,30.77298],[-97.94276,30.76774],[-97.94703,30.76517],[-97.94807,30.76745],[-97.95144,30.76707],[-97.95211,30.77153],[-97.95533,30.77372],[-97.95466,30.77785],[-97.96583,30.79135],[-97.97062,30.79199],[-97.9706,30.787],[-97.99165,30.79133],[-97.98928,30.78821],[-97.97721,30.78509],[-97.97237,30.78091],[-97.98083,30.77806],[-97.9815,30.77514],[-97.99131,30.77765],[-97.98953,30.77418],[-97.97047,30.76965],[-97.96688,30.76506],[-97.96877,30.7632],[-97.9652,30.76004],[-97.96853,30.75582],[-97.97666,30.76271],[-97.97933,30.76302],[-97.97988,30.76038],[-97.9867,30.76339],[-97.98757,30.75966],[-97.99372,30.75781],[-97.99908,30.76525],[-97.99941,30.7566],[-97.99389,30.7522],[-97.97752,30.74924],[-97.98075,30.74388],[-97.98759,30.74741],[-97.98875,30.74516],[-97.99299,30.74494],[-98.00008,30.74856],[-98.00133,30.75363],[-98.00605,30.75349],[-98.0108,30.7573],[-98.01263,30.7679],[-98.02017,30.76371],[-98.02059,30.76956],[-98.02544,30.76815],[-98.0281,30.77602],[-98.0332,30.77886],[-98.03745,30.77773],[-98.03501,30.77566],[-98.03704,30.77223],[-98.03446,30.77027],[-98.0361,30.76593],[-98.04423,30.76987],[-98.04731,30.76703],[-98.04887,30.7707],[-98.05332,30.77044],[-98.05523,30.77406],[-98.05785,30.76984],[-98.06194,30.77273],[-98.06335,30.77056],[-98.06707,30.77161],[-98.06776,30.76778],[-98.07421,30.76742],[-98.06507,30.76272],[-98.08141,30.75469],[-98.07751,30.7534],[-98.07111,30.75577],[-98.06979,30.7541],[-98.0612,30.75755],[-98.06091,30.75308],[-98.05839,30.75209],[-98.05483,30.75722],[-98.05189,30.75085],[-98.04739,30.75618],[-98.04643,30.75305],[-98.04002,30.75645],[-98.03355,30.7528],[-98.03661,30.75041],[-98.03252,30.7469],[-98.03475,30.74284],[-98.02732,30.74223],[-98.03007,30.73932],[-98.02964,30.7356],[-98.02073,30.7376],[-98.02508,30.7323],[-98.02206,30.72896],[-98.01939,30.73061],[-98.01902,30.72751],[-98.01551,30.72589],[-98.01164,30.72867],[-98.01125,30.72683],[-98.00761,30.72693],[-98.00724,30.73116],[-98.00442,30.72691],[-98.00083,30.73456],[-97.99709,30.73573],[-97.99343,30.72701],[-97.98937,30.73422],[-97.98621,30.73213],[-97.98609,30.72864],[-97.98277,30.72839],[-97.98411,30.72488],[-97.98188,30.72268],[-97.9784,30.72455],[-97.97742,30.72153],[-97.97236,30.72909],[-97.96893,30.72535],[-97.96413,30.72867],[-97.96462,30.72643],[-97.96203,30.72566],[-97.95567,30.72659],[-97.95333,30.72954],[-97.94946,30.72793],[-97.94901,30.72552],[-97.95327,30.72571],[-97.95356,30.72278],[-97.95983,30.72128],[-97.94942,30.71281],[-97.945,30.71452],[-97.94326,30.71293],[-97.94418,30.70812],[-97.95002,30.70455],[-97.94631,30.70448],[-97.94454,30.70135],[-97.94146,30.70397],[-97.93844,30.702],[-97.93235,30.70705],[-97.92501,30.70392],[-97.92634,30.70018],[-97.93259,30.70097],[-97.93095,30.6979],[-97.93246,30.69685],[-97.92884,30.6938],[-97.93392,30.6922],[-97.92187,30.69383],[-97.92207,30.68878],[-97.91724,30.68998],[-97.91433,30.68675],[-97.91261,30.69083],[-97.90725,30.69158],[-97.90595,30.68971],[-97.90832,30.68367],[-97.90389,30.68933],[-97.90076,30.68811],[-97.89938,30.69333],[-97.89671,30.6925],[-97.89268,30.68911],[-97.8935,30.68183],[-97.8982,30.67605],[-97.89632,30.67052],[-97.89449,30.67272],[-97.89043,30.67167],[-97.88914,30.66853],[-97.88577,30.67001],[-97.8845,30.67351],[-97.88276,30.67307],[-97.88377,30.67856],[-97.88079,30.67842],[-97.88169,30.68162],[-97.87959,30.68244],[-97.87479,30.68198],[-97.87337,30.67982],[-97.87543,30.67539],[-97.87045,30.67407],[-97.86703,30.68567],[-97.86439,30.68244],[-97.86254,30.68704],[-97.85357,30.69086],[-97.8595,30.68409],[-97.85775,30.6773],[-97.85194,30.67862],[-97.85201,30.6745],[-97.85883,30.67334],[-97.85978,30.67057],[-97.86474,30.66892],[-97.86245,30.66671],[-97.85377,30.66721],[-97.85325,30.66303],[-97.83885,30.68099],[-97.81718,30.72171],[-97.82153,30.71926],[-97.82221,30.73053],[-97.82562,30.72735],[-97.82523,30.72391],[-97.82871,30.72548],[-97.82552,30.71607],[-97.82958,30.71648],[-97.83363,30.72514],[-97.83791,30.71914],[-97.83704,30.71383],[-97.84069,30.71327],[-97.8437,30.72406],[-97.84805,30.72745],[-97.84669,30.73377],[-97.85267,30.73988],[-97.85119,30.73349],[-97.85584,30.73435],[-97.85433,30.73076],[-97.85816,30.72877],[-97.85398,30.72429],[-97.86027,30.71352],[-97.87035,30.72818],[-97.87528,30.7291],[-97.87367,30.72236],[-97.88216,30.7237],[-97.88244,30.72816],[-97.88901,30.73336],[-97.88569,30.73735],[-97.88809,30.73818],[-97.88613,30.74066],[-97.88873,30.74505],[-97.89268,30.74345],[-97.89281,30.73939],[-97.89739,30.73876],[-97.89803,30.74677],[-97.9002,30.74514],[-97.90684,30.74908],[-97.90861,30.75261],[-97.90627,30.7565],[-97.91033,30.75706],[-97.90934,30.76125],[-97.91441,30.76297],[-97.90974,30.76577],[-97.91209,30.7682],[-97.90676,30.77164],[-97.91198,30.77393],[-97.9154,30.77195],[-97.91785,30.7761],[-97.91135,30.78087],[-97.91576,30.78299],[-97.9176,30.78114],[-97.91908,30.78731],[-97.9157,30.78815],[-97.91833,30.79447],[-97.91138,30.80119],[-97.91927,30.80494],[-97.91357,30.81411],[-97.92077,30.81609],[-97.92432,30.82252],[-97.92318,30.8258],[-97.93562,30.82697],[-97.93873,30.83936],[-97.94401,30.833],[-97.94184,30.83057],[-97.94495,30.8291],[-97.93902,30.82407],[-97.94395,30.82035],[-97.95556,30.82812],[-97.95608,30.83132],[-97.95882,30.82905],[-97.96188,30.83251],[-97.96372,30.82791],[-97.96905,30.82876],[-97.97088,30.83035],[-97.97112,30.84254],[-97.97308,30.8353],[-97.97797,30.8341],[-97.98734,30.83439],[-97.98826,30.8381],[-97.99398,30.84233],[-97.99273,30.83513],[-97.99581,30.83652],[-97.9985,30.83368],[-98.00007,30.84486],[-98.00417,30.84029],[-98.00689,30.84214],[-98.01214,30.84086],[-98.01502,30.84353],[-98.01252,30.83639],[-98.01498,30.83578],[-98.01754,30.83883],[-98.02082,30.83645],[-98.02538,30.83882],[-98.02515,30.84208],[-98.03106,30.84487],[-98.03359,30.85204],[-98.03594,30.841],[-98.04005,30.84246],[-98.04202,30.84625],[-98.0508,30.84436],[-98.05015,30.85037],[-98.05521,30.84891],[-98.05853,30.85855],[-98.06177,30.86115],[-98.06254,30.85565],[-98.06641,30.85453],[-98.06532,30.84971],[-98.07177,30.8486],[-98.07371,30.85526],[-98.07678,30.85522],[-98.08251,30.86069],[-98.08244,30.85325],[-98.08645,30.85104],[-98.08968,30.85392],[-98.09246,30.86361],[-98.10274,30.8584],[-98.1061,30.86168],[-98.1052,30.86609],[-98.1094,30.8664],[-98.1142,30.87135],[-98.11707,30.86249],[-98.11916,30.86805],[-98.12302,30.86739],[-98.12452,30.87106],[-98.12653,30.86929],[-98.13337,30.87082],[-98.13386,30.87535],[-98.13847,30.87308],[-98.13703,30.87903],[-98.13888,30.8811],[-98.14489,30.87695],[-98.14977,30.88265],[-98.15435,30.88313],[-98.15585,30.88783],[-98.15905,30.88722],[-98.1603,30.88974],[-98.16523,30.88754],[-98.16698,30.89367],[-98.17065,30.89197],[-98.17297,30.89479],[-98.1753,30.89251],[-98.18377,30.89966],[-98.19267,30.90233],[-98.20284,30.9013],[-98.18937,30.89854],[-98.18819,30.89447],[-98.18304,30.8906],[-98.18571,30.88827],[-98.17921,30.88532],[-98.20036,30.88662],[-98.216,30.88309],[-98.22529,30.88531],[-98.21914,30.88138],[-98.22466,30.87958],[-98.22256,30.87774]]]]},"properties":{"layer":"aquifer","aquifer":"Trinity","rank":"major","code":"1","extent":"outcrop","source":"twdb-major-aquifers-bbox"}},{"type":"Feature","geometry":{"type":"MultiPolygon","coordinates":[[[[-98.07955,30.7375],[-98.07401,30.73328],[-98.07212,30.72789],[-98.07386,30.72652],[-98.07696,30.72946],[-98.07931,30.72707],[-98.08118,30.73155],[-98.08768,30.73376],[-98.08903,30.73062],[-98.09545,30.73323],[-98.09402,30.72961],[-98.09597,30.72602],[-98.10102,30.72656],[-98.10549,30.73243],[-98.10474,30.73489],[-98.10925,30.73526],[-98.11154,30.74059],[-98.11495,30.73517],[-98.11161,30.72983],[-98.11864,30.73135],[-98.12238,30.73779],[-98.12553,30.73374],[-98.13201,30.73601],[-98.13581,30.73454],[-98.13012,30.73159],[-98.13154,30.72908],[-98.13863,30.72951],[-98.1516,30.73525],[-98.15614,30.73373],[-98.15118,30.73141],[-98.14841,30.72641],[-98.14185,30.72558],[-98.14314,30.72226],[-98.12945,30.72334],[-98.13126,30.72048],[-98.12916,30.71795],[-98.12209,30.7229],[-98.12476,30.71913],[-98.11178,30.7162],[-98.10851,30.71756],[-98.1065,30.71296],[-98.10316,30.71598],[-98.09838,30.71463],[-98.09742,30.70994],[-98.09103,30.71379],[-98.08811,30.7116],[-98.0818,30.71328],[-98.07844,30.7108],[-98.07331,30.71157],[-98.0667,30.70833],[-98.07183,30.70544],[-98.07693,30.70827],[-98.08399,30.70425],[-98.09519,30.70586],[-98.09245,30.70178],[-98.09776,30.70101],[-98.11108,30.70377],[-98.11416,30.70086],[-98.10528,30.69778],[-98.11983,30.69431],[-98.13795,30.69693],[-98.12827,30.69401],[-98.12504,30.69119],[-98.126,30.68701],[-98.12121,30.68802],[-98.12043,30.68595],[-98.1119,30.69112],[-98.07769,30.69568],[-98.0759,30.69492],[-98.07824,30.69219],[-98.09136,30.68682],[-98.08659,30.68542],[-98.08668,30.6833],[-98.06455,30.69526],[-98.05964,30.69477],[-98.05793,30.69264],[-98.06374,30.68884],[-98.05956,30.68727],[-98.05926,30.68435],[-98.06785,30.68176],[-98.06812,30.67885],[-98.07357,30.6783],[-98.07418,30.67664],[-98.07021,30.67473],[-98.07453,30.66634],[-98.06403,30.6759],[-98.05674,30.67603],[-98.05202,30.66769],[-98.05114,30.67869],[-98.04816,30.67827],[-98.04481,30.68197],[-98.04772,30.68359],[-98.04531,30.6857],[-98.04742,30.68754],[-98.03913,30.69482],[-98.03231,30.69346],[-98.0358,30.68873],[-98.03117,30.6871],[-98.02763,30.68903],[-98.02512,30.68712],[-98.01821,30.68948],[-98.0147,30.68752],[-98.00858,30.68885],[-98.01441,30.68247],[-98.01994,30.68091],[-98.01969,30.67821],[-98.02969,30.67426],[-98.02859,30.67088],[-98.02207,30.67084],[-98.02003,30.66997],[-98.02065,30.66745],[-98.01608,30.66748],[-98.01617,30.66433],[-98.01344,30.66517],[-98.01241,30.66878],[-98.00584,30.66948],[-98.00459,30.67525],[-98.0017,30.67243],[-97.99807,30.67553],[-97.99809,30.68114],[-97.99294,30.67869],[-97.99252,30.6851],[-97.99027,30.68582],[-97.98766,30.68464],[-97.98791,30.67909],[-97.98223,30.68104],[-97.98022,30.67958],[-97.98238,30.67325],[-97.98545,30.67402],[-97.98286,30.66964],[-97.97587,30.67213],[-97.97433,30.67518],[-97.96857,30.67262],[-97.96861,30.66998],[-97.97543,30.6699],[-97.97564,30.66635],[-97.99323,30.66293],[-97.98307,30.65784],[-97.97302,30.65888],[-97.97161,30.65426],[-97.97936,30.65399],[-97.98177,30.65127],[-97.98963,30.65313],[-98.00384,30.64736],[-98.00767,30.64939],[-98.01061,30.64568],[-98.01324,30.64879],[-98.0191,30.64614],[-98.02436,30.65196],[-98.03275,30.64974],[-98.02863,30.64872],[-98.0272,30.64504],[-98.03484,30.64297],[-98.03408,30.63982],[-98.02828,30.64264],[-98.01753,30.63662],[-98.02747,30.62763],[-98.02209,30.62932],[-98.02,30.62599],[-98.01694,30.62637],[-98.01484,30.63277],[-98.01032,30.63291],[-98.00951,30.6352],[-98.00774,30.63278],[-97.98331,30.63545],[-97.97973,30.63051],[-97.98608,30.6246],[-97.98042,30.62369],[-97.97524,30.62707],[-97.97309,30.63414],[-97.96912,30.63487],[-97.96775,30.6318],[-97.96589,30.636],[-97.96249,30.63381],[-97.9586,30.63603],[-97.96003,30.64282],[-97.95615,30.64075],[-97.95394,30.64324],[-97.95213,30.6377],[-97.94849,30.64307],[-97.95049,30.64769],[-97.94877,30.65212],[-97.94384,30.65526],[-97.94564,30.65101],[-97.94155,30.64876],[-97.94445,30.64232],[-97.94277,30.63718],[-97.93711,30.64395],[-97.93354,30.6449],[-97.92934,30.64381],[-97.93153,30.63908],[-97.9249,30.63962],[-97.92127,30.63554],[-97.91718,30.64182],[-97.91489,30.63939],[-97.91148,30.64092],[-97.91164,30.64412],[-97.9076,30.64382],[-97.90633,30.63846],[-97.91282,30.63311],[-97.9318,30.63009],[-97.93539,30.62656],[-97.91979,30.62502],[-97.92066,30.62117],[-97.92555,30.61963],[-97.92645,30.61355],[-97.91847,30.61575],[-97.91332,30.62263],[-97.90992,30.62112],[-97.90653,30.62562],[-97.90255,30.6251],[-97.90109,30.61939],[-97.89492,30.62467],[-97.89248,30.62097],[-97.8885,30.62525],[-97.88551,30.62408],[-97.88282,30.626],[-97.8776,30.62285],[-97.88042,30.62087],[-97.87055,30.61732],[-97.86022,30.65007],[-97.8686,30.65616],[-97.87299,30.65732],[-97.87379,30.65336],[-97.88093,30.65168],[-97.89162,30.66181],[-97.90249,30.66558],[-97.90598,30.66474],[-97.90752,30.66999],[-97.90894,30.66723],[-97.91319,30.66752],[-97.91625,30.67276],[-97.91955,30.67169],[-97.92367,30.67685],[-97.92942,30.67507],[-97.93429,30.68137],[-97.93752,30.68065],[-97.93964,30.68429],[-97.94845,30.68751],[-97.95071,30.69281],[-97.95762,30.69376],[-97.96175,30.69967],[-97.96506,30.69888],[-97.96975,30.70175],[-97.97225,30.70023],[-97.97483,30.70879],[-97.97881,30.70456],[-97.99239,30.71551],[-97.99645,30.71254],[-98.00217,30.71756],[-98.00594,30.71163],[-98.00915,30.71594],[-98.01302,30.71419],[-98.01333,30.71774],[-98.01835,30.72041],[-98.02845,30.71818],[-98.033,30.72983],[-98.03451,30.72509],[-98.03933,30.7273],[-98.04552,30.72453],[-98.0469,30.72774],[-98.0512,30.72926],[-98.05653,30.72797],[-98.06031,30.73589],[-98.06327,30.73127],[-98.07005,30.73893],[-98.07204,30.73751],[-98.0729,30.73946],[-98.07484,30.73775],[-98.08112,30.73979],[-98.07955,30.7375]]]]},"properties":{"layer":"aquifer","aquifer":"Trinity","rank":"major","code":"1","extent":"outcrop","source":"twdb-major-aquifers-bbox"}},{"type":"Feature","geometry":{"type":"MultiPolygon","coordinates":[[[[-98.84258,30.1277],[-98.84965,30.1289],[-98.85288,30.12638],[-98.84681,30.12661],[-98.8448,30.12352],[-98.84121,30.12587],[-98.84258,30.1277]]]]},"properties":{"layer":"aquifer","aquifer":"Trinity","rank":"major","code":"1","extent":"outcrop","source":"twdb-major-aquifers-bbox"}},{"type":"Feature","geometry":{"type":"MultiPolygon","coordinates":[[[[-98.05512,29.9989],[-98.05122,29.99501],[-98.04965,29.99719],[-98.04488,29.99428],[-98.03602,29.99629],[-98.03622,29.99171],[-98.03205,29.98862],[-98.031,29.99389],[-98.02721,29.98668],[-98.0216,29.98697],[-98.02499,29.99092],[-98.02293,29.99167],[-98.01632,29.98686],[-98.01196,29.98801],[-98.01646,29.98921],[-98.01394,29.99035],[-98.01739,29.99453],[-98.02802,29.99532],[-98.02586,29.99785],[-98.02731,30.00065],[-98.03907,30.00028],[-98.04363,29.99794],[-98.05639,30.00085],[-98.05512,29.9989]]]]},"properties":{"layer":"aquifer","aquifer":"Trinity","rank":"major","code":"2","extent":"subsurface","source":"twdb-major-aquifers-bbox"}},{"type":"Feature","geometry":{"type":"MultiPolygon","coordinates":[[[[-98.07284,29.99957],[-98.07443,29.9967],[-98.06754,29.99344],[-98.06742,29.99619],[-98.07119,29.9982],[-98.06937,30.0005],[-98.07291,30.00134],[-98.07284,29.99957]]]]},"properties":{"layer":"aquifer","aquifer":"Trinity","rank":"major","code":"2","extent":"subsurface","source":"twdb-major-aquifers-bbox"}},{"type":"Feature","geometry":{"type":"MultiPolygon","coordinates":[[[[-98.06709,29.99906],[-98.05881,29.99529],[-98.0628,29.99872],[-98.06081,30.00107],[-98.0675,30.00077],[-98.06709,29.99906]]]]},"properties":{"layer":"aquifer","aquifer":"Trinity","rank":"major","code":"2","extent":"subsurface","source":"twdb-major-aquifers-bbox"}},{"type":"Feature","geometry":{"type":"MultiPolygon","coordinates":[[[[-98.34064,31.05],[-98.34388,31.04746],[-98.33822,31.046],[-98.33575,31.0379],[-98.32941,31.03901],[-98.32702,31.02982],[-98.33129,31.02772],[-98.33111,31.0256],[-98.33424,31.0259],[-98.3306,31.01361],[-98.33527,31.01352],[-98.34037,31.0089],[-98.34042,31.00322],[-98.33422,31.00261],[-98.33845,30.9958],[-98.34203,30.99587],[-98.34327,30.99129],[-98.33724,30.98445],[-98.33987,30.97902],[-98.32182,30.96761],[-98.32096,30.96583],[-98.3243,30.96424],[-98.32049,30.95461],[-98.32403,30.95302],[-98.32526,30.95812],[-98.33004,30.96198],[-98.33166,30.9562],[-98.33511,30.95919],[-98.33845,30.95633],[-98.33569,30.95105],[-98.33981,30.93807],[-98.33598,30.93405],[-98.33814,30.92621],[-98.33663,30.92276],[-98.33958,30.91905],[-98.33736,30.90936],[-98.34136,30.90938],[-98.34257,30.90698],[-98.35107,30.9089],[-98.34843,30.899],[-98.34299,30.90085],[-98.34237,30.8942],[-98.33454,30.89016],[-98.33459,30.89435],[-98.33144,30.8964],[-98.33448,30.90088],[-98.32929,30.90194],[-98.32781,30.91597],[-98.32464,30.9139],[-98.32282,30.91761],[-98.31498,30.91672],[-98.31275,30.92227],[-98.30523,30.92224],[-98.30273,30.92853],[-98.29321,30.93164],[-98.28816,30.9295],[-98.28977,30.92653],[-98.287,30.92388],[-98.27952,30.92849],[-98.28527,30.92119],[-98.27764,30.91915],[-98.28124,30.91687],[-98.28768,30.92068],[-98.29284,30.91354],[-98.29055,30.90706],[-98.28088,30.91263],[-98.27717,30.90844],[-98.28138,30.90542],[-98.27943,30.89813],[-98.26994,30.8942],[-98.26206,30.89743],[-98.26188,30.8948],[-98.26722,30.8935],[-98.26676,30.89161],[-98.26443,30.89217],[-98.26339,30.88793],[-98.25272,30.89103],[-98.25343,30.88674],[-98.26366,30.8857],[-98.26232,30.87819],[-98.26499,30.87642],[-98.26428,30.87281],[-98.26926,30.86172],[-98.26449,30.85861],[-98.25854,30.86408],[-98.25501,30.86065],[-98.25851,30.85893],[-98.25573,30.85634],[-98.25814,30.854],[-98.2571,30.84941],[-98.24891,30.84147],[-98.24874,30.83735],[-98.25748,30.82988],[-98.25899,30.83281],[-98.2569,30.83818],[-98.26302,30.83792],[-98.26153,30.84324],[-98.26305,30.84422],[-98.27059,30.8395],[-98.26841,30.82517],[-98.273,30.82416],[-98.27438,30.82766],[-98.27941,30.83164],[-98.28307,30.83108],[-98.28393,30.83337],[-98.29554,30.82581],[-98.28852,30.82262],[-98.2922,30.81904],[-98.29223,30.81233],[-98.28452,30.81219],[-98.27821,30.80783],[-98.27998,30.80142],[-98.27816,30.79471],[-98.284,30.79376],[-98.28344,30.77681],[-98.2784,30.77433],[-98.27811,30.76814],[-98.27409,30.76251],[-98.27236,30.76313],[-98.27374,30.76692],[-98.26099,30.76366],[-98.2635,30.76762],[-98.25852,30.76771],[-98.25803,30.77006],[-98.26014,30.77374],[-98.26295,30.7722],[-98.26672,30.77491],[-98.26164,30.77872],[-98.2552,30.77932],[-98.26189,30.7817],[-98.27445,30.77884],[-98.27032,30.78225],[-98.27084,30.78437],[-98.26658,30.78613],[-98.27439,30.78636],[-98.27653,30.78984],[-98.26655,30.79226],[-98.27282,30.79801],[-98.26551,30.79815],[-98.26681,30.8024],[-98.27165,30.80585],[-98.26731,30.80944],[-98.26955,30.81203],[-98.26557,30.81161],[-98.26002,30.80683],[-98.25999,30.81125],[-98.25603,30.80625],[-98.2552,30.80017],[-98.25132,30.80439],[-98.24873,30.80392],[-98.24732,30.79527],[-98.24442,30.79193],[-98.23856,30.79311],[-98.23669,30.79591],[-98.2286,30.78201],[-98.22337,30.78989],[-98.21455,30.78745],[-98.21517,30.7851],[-98.20785,30.77676],[-98.21024,30.76652],[-98.20426,30.76564],[-98.20675,30.76193],[-98.20506,30.75647],[-98.20287,30.75572],[-98.20013,30.7596],[-98.19715,30.75546],[-98.19012,30.75526],[-98.19248,30.74857],[-98.18914,30.74369],[-98.19651,30.74298],[-98.19228,30.74044],[-98.19238,30.73637],[-98.18404,30.73954],[-98.17913,30.73127],[-98.16326,30.73153],[-98.16303,30.72495],[-98.16883,30.72251],[-98.16978,30.71897],[-98.16781,30.71563],[-98.16328,30.71911],[-98.16236,30.71669],[-98.15784,30.71713],[-98.14939,30.70225],[-98.15318,30.70141],[-98.15386,30.69787],[-98.1607,30.69842],[-98.15633,30.69639],[-98.15708,30.69313],[-98.15327,30.68773],[-98.16016,30.68919],[-98.16259,30.6923],[-98.16474,30.68905],[-98.16813,30.68969],[-98.16608,30.68665],[-98.16151,30.68576],[-98.16262,30.67941],[-98.15771,30.67881],[-98.16204,30.67569],[-98.16219,30.67334],[-98.16007,30.67362],[-98.16128,30.67139],[-98.16599,30.67227],[-98.17013,30.67825],[-98.17451,30.67884],[-98.17913,30.67165],[-98.17175,30.67454],[-98.17045,30.66932],[-98.16621,30.6689],[-98.17014,30.66519],[-98.16291,30.6663],[-98.16506,30.6623],[-98.16023,30.66165],[-98.16482,30.65772],[-98.16779,30.66083],[-98.17172,30.65982],[-98.1712,30.65701],[-98.17703,30.65979],[-98.17759,30.65469],[-98.18017,30.6547],[-98.18168,30.65775],[-98.18308,30.65563],[-98.1733,30.64935],[-98.17393,30.65519],[-98.1695,30.65265],[-98.16612,30.65452],[-98.16601,30.65022],[-98.16328,30.6517],[-98.16131,30.64819],[-98.15844,30.65076],[-98.16012,30.65627],[-98.1538,30.65068],[-98.15147,30.6521],[-98.14938,30.64762],[-98.15443,30.64684],[-98.1526,30.64231],[-98.15717,30.64296],[-98.15255,30.63813],[-98.15655,30.63712],[-98.15379,30.63378],[-98.16174,30.634],[-98.16254,30.63217],[-98.15214,30.6316],[-98.14967,30.62477],[-98.1502,30.63279],[-98.14584,30.63111],[-98.14448,30.62618],[-98.14352,30.63247],[-98.14112,30.63257],[-98.13886,30.62311],[-98.13537,30.62905],[-98.13261,30.62674],[-98.13244,30.62291],[-98.12749,30.62683],[-98.12856,30.61647],[-98.12183,30.61271],[-98.12513,30.607],[-98.11846,30.61092],[-98.11536,30.60878],[-98.11903,30.606],[-98.11867,30.6009],[-98.1146,30.60466],[-98.10233,30.59502],[-98.10052,30.59966],[-98.10342,30.60059],[-98.1038,30.60345],[-98.10758,30.60318],[-98.10432,30.60483],[-98.10455,30.60704],[-98.09763,30.60279],[-98.09742,30.60553],[-98.09411,30.60523],[-98.09475,30.60724],[-98.09765,30.60983],[-98.10203,30.60883],[-98.10387,30.61187],[-98.10938,30.61133],[-98.10656,30.61492],[-98.10761,30.61751],[-98.11242,30.61289],[-98.11332,30.61542],[-98.11706,30.61349],[-98.12248,30.61621],[-98.11976,30.6175],[-98.122,30.61937],[-98.11953,30.62056],[-98.11681,30.61836],[-98.11428,30.61966],[-98.11652,30.62242],[-98.11146,30.62508],[-98.11689,30.6258],[-98.11549,30.6282],[-98.1182,30.62941],[-98.12266,30.62612],[-98.12171,30.63012],[-98.12727,30.63124],[-98.11439,30.63306],[-98.12006,30.63612],[-98.11521,30.63839],[-98.12322,30.64015],[-98.1255,30.63811],[-98.12824,30.64379],[-98.13302,30.64307],[-98.13456,30.64039],[-98.13468,30.64245],[-98.13947,30.6412],[-98.13686,30.64332],[-98.14062,30.64631],[-98.13459,30.64525],[-98.12655,30.64864],[-98.12424,30.64497],[-98.1206,30.64478],[-98.12328,30.65012],[-98.12983,30.65347],[-98.12478,30.65522],[-98.12785,30.66091],[-98.13798,30.66372],[-98.12644,30.66267],[-98.12898,30.6703],[-98.12444,30.66318],[-98.12138,30.6662],[-98.1215,30.65807],[-98.11674,30.6569],[-98.11835,30.65318],[-98.11482,30.64795],[-98.11373,30.64983],[-98.1081,30.64855],[-98.10999,30.65377],[-98.10456,30.65208],[-98.10432,30.65798],[-98.09948,30.65651],[-98.09817,30.64609],[-98.09985,30.64455],[-98.09501,30.64303],[-98.10075,30.6386],[-98.0965,30.63846],[-98.09487,30.63439],[-98.09925,30.63481],[-98.1003,30.62783],[-98.0966,30.62644],[-98.0924,30.62853],[-98.09249,30.62481],[-98.09017,30.62474],[-98.08584,30.62912],[-98.08607,30.62386],[-98.0902,30.62027],[-98.08466,30.61692],[-98.08288,30.61731],[-98.08418,30.62012],[-98.07546,30.62271],[-98.0828,30.62567],[-98.08007,30.62829],[-98.07523,30.62815],[-98.07494,30.63038],[-98.08083,30.63167],[-98.07789,30.63583],[-98.08541,30.63983],[-98.07732,30.6399],[-98.07452,30.64223],[-98.07153,30.63505],[-98.06707,30.6372],[-98.06824,30.63005],[-98.06196,30.62881],[-98.06358,30.62573],[-98.06728,30.62529],[-98.06744,30.62301],[-98.06486,30.62236],[-98.06683,30.61681],[-98.07021,30.61695],[-98.07096,30.61295],[-98.0668,30.61235],[-98.06348,30.61932],[-98.06141,30.61404],[-98.05863,30.61373],[-98.05964,30.61981],[-98.05369,30.61788],[-98.05505,30.62207],[-98.04694,30.61572],[-98.04836,30.61144],[-98.04208,30.61614],[-98.04307,30.61026],[-98.04029,30.61002],[-98.0411,30.60796],[-98.0384,30.60588],[-98.04514,30.60764],[-98.04598,30.60346],[-98.05021,30.60561],[-98.05044,30.60235],[-98.05387,30.60391],[-98.05013,30.59851],[-98.05408,30.59343],[-98.05308,30.58516],[-98.04783,30.58744],[-98.05035,30.58889],[-98.05064,30.5929],[-98.04673,30.59253],[-98.04743,30.59586],[-98.04427,30.60082],[-98.04098,30.58986],[-98.03552,30.59475],[-98.03835,30.59615],[-98.03718,30.60072],[-98.02953,30.59512],[-98.03332,30.58758],[-98.0292,30.58848],[-98.02818,30.58383],[-98.03384,30.58112],[-98.02793,30.58119],[-98.02868,30.57856],[-98.036,30.57546],[-98.03744,30.57678],[-98.03907,30.57301],[-98.03758,30.5694],[-98.03509,30.57328],[-98.03037,30.57451],[-98.02874,30.57118],[-98.02946,30.56477],[-98.03197,30.56438],[-98.03097,30.55865],[-98.03309,30.55786],[-98.031,30.55401],[-98.03739,30.5509],[-98.03263,30.54852],[-98.0348,30.54373],[-98.02845,30.54271],[-98.031,30.54582],[-98.02357,30.54704],[-98.0238,30.55156],[-98.02911,30.55085],[-98.02644,30.55404],[-98.02718,30.5592],[-98.02222,30.55705],[-98.01698,30.55914],[-98.02186,30.56117],[-98.02125,30.56437],[-98.02522,30.56463],[-98.02526,30.56743],[-98.0218,30.56913],[-98.02451,30.57212],[-98.0203,30.57319],[-98.022,30.57709],[-98.01711,30.57528],[-98.01914,30.56986],[-98.01634,30.56514],[-98.01194,30.56723],[-98.01382,30.57275],[-98.00919,30.56957],[-98.00593,30.57161],[-98.00578,30.56777],[-98.00288,30.56529],[-98.00817,30.56601],[-98.00596,30.56101],[-98.00954,30.56023],[-98.00932,30.55663],[-98.00768,30.55358],[-98.00289,30.55487],[-98.00008,30.56069],[-97.99671,30.55461],[-97.99854,30.54897],[-97.9957,30.54546],[-98.00071,30.54316],[-97.99743,30.5373],[-98.00065,30.53526],[-97.99866,30.52687],[-98.00074,30.52409],[-97.99552,30.52072],[-97.99815,30.51938],[-97.99615,30.51419],[-97.99717,30.51137],[-98.00046,30.51081],[-98.00068,30.50726],[-97.99444,30.5106],[-97.98458,30.498],[-97.98255,30.49997],[-97.98545,30.50378],[-97.98051,30.50441],[-97.97855,30.50237],[-97.97601,30.50435],[-97.97363,30.50076],[-97.97436,30.49646],[-97.97181,30.49489],[-97.9761,30.49364],[-97.97236,30.4875],[-97.97401,30.48232],[-97.96908,30.48037],[-97.97047,30.472],[-97.96783,30.47169],[-97.9674,30.47472],[-97.96383,30.47425],[-97.96194,30.47668],[-97.95782,30.47553],[-97.95235,30.46837],[-97.94871,30.46847],[-97.94974,30.47127],[-97.94738,30.4721],[-97.93765,30.47238],[-97.93392,30.47036],[-97.93125,30.47348],[-97.92596,30.4693],[-97.92371,30.47454],[-97.93192,30.47845],[-97.93516,30.47813],[-97.93775,30.47461],[-97.94143,30.47669],[-97.95135,30.47239],[-97.9544,30.47711],[-97.96433,30.48186],[-97.94849,30.47999],[-97.94892,30.48261],[-97.94085,30.48225],[-97.94175,30.4855],[-97.95004,30.48615],[-97.95734,30.48372],[-97.95678,30.48584],[-97.96073,30.48832],[-97.96842,30.48468],[-97.96641,30.48745],[-97.96912,30.49188],[-97.9499,30.48993],[-97.94901,30.49321],[-97.9414,30.49307],[-97.94164,30.49598],[-97.95979,30.49635],[-97.94428,30.49979],[-97.94151,30.5044],[-97.93613,30.49942],[-97.9358,30.50327],[-97.92985,30.50385],[-97.92899,30.49527],[-97.92522,30.50046],[-97.92582,30.50498],[-97.91737,30.50565],[-97.9168,30.50852],[-97.92945,30.50832],[-97.92394,30.51228],[-97.92513,30.51593],[-97.93653,30.50858],[-97.94007,30.51054],[-97.94263,30.5092],[-97.94468,30.50454],[-97.95206,30.5017],[-97.95593,30.50389],[-97.95267,30.50256],[-97.94698,30.50778],[-97.94848,30.50988],[-97.95751,30.50796],[-97.95585,30.51134],[-97.95058,30.51329],[-97.95571,30.51575],[-97.95962,30.51564],[-97.96214,30.51155],[-97.96668,30.50972],[-97.96389,30.51336],[-97.96716,30.5151],[-97.97636,30.51024],[-97.98501,30.50905],[-97.98652,30.51281],[-97.97733,30.51315],[-97.97413,30.51588],[-97.97851,30.5172],[-97.98002,30.5205],[-97.95995,30.51982],[-97.96384,30.52373],[-97.98516,30.52274],[-97.98841,30.52814],[-97.98229,30.52592],[-97.98042,30.52892],[-97.97839,30.52568],[-97.97256,30.52586],[-97.96415,30.53042],[-97.96737,30.53302],[-97.9739,30.53128],[-97.97416,30.53569],[-97.97697,30.53669],[-97.98501,30.53482],[-97.98237,30.53937],[-97.9876,30.54355],[-97.96674,30.54459],[-97.9706,30.55022],[-97.98379,30.54952],[-97.97778,30.55088],[-97.97739,30.55621],[-97.97417,30.55413],[-97.96886,30.55717],[-97.988,30.56536],[-97.97599,30.56831],[-97.97723,30.57127],[-97.98556,30.57404],[-97.97907,30.5752],[-97.98116,30.58153],[-97.98737,30.58037],[-97.99119,30.58308],[-97.99462,30.57828],[-98.00065,30.57747],[-97.99676,30.58284],[-97.99825,30.58534],[-98.01183,30.5878],[-98.01714,30.58605],[-98.01507,30.58907],[-98.01736,30.59213],[-98.01374,30.58958],[-98.00782,30.59155],[-98.00094,30.59036],[-97.99851,30.5941],[-98.00774,30.60003],[-98.01821,30.60085],[-98.01165,30.60228],[-98.01647,30.6113],[-98.00825,30.60461],[-98.00115,30.60336],[-97.99908,30.60005],[-97.99535,30.60393],[-97.99407,30.5977],[-97.98841,30.59153],[-97.97994,30.59248],[-97.98538,30.60107],[-97.98075,30.5982],[-97.97674,30.59957],[-97.97297,30.59572],[-97.96304,30.59222],[-97.96954,30.60532],[-97.96479,30.60303],[-97.95977,30.60807],[-97.96281,30.61141],[-97.96722,30.61027],[-97.96687,30.61314],[-97.97222,30.61193],[-97.97102,30.61561],[-97.97424,30.61775],[-97.95992,30.62261],[-97.95634,30.61807],[-97.95411,30.62382],[-97.95213,30.61978],[-97.94799,30.61817],[-97.94852,30.61381],[-97.94404,30.61501],[-97.94312,30.60734],[-97.93935,30.6079],[-97.9421,30.60151],[-97.94015,30.59936],[-97.93729,30.59888],[-97.93807,30.60265],[-97.9358,30.60491],[-97.93134,30.59986],[-97.92596,30.60353],[-97.92162,30.6014],[-97.92709,30.59],[-97.92408,30.58786],[-97.92416,30.58408],[-97.92725,30.58313],[-97.92492,30.58201],[-97.92507,30.5788],[-97.92699,30.57953],[-97.92655,30.57633],[-97.93488,30.57909],[-97.93514,30.57016],[-97.94312,30.56348],[-97.94187,30.55496],[-97.936,30.55703],[-97.93385,30.55406],[-97.93121,30.53768],[-97.92422,30.53518],[-97.9284,30.54435],[-97.92435,30.54463],[-97.92406,30.54738],[-97.9192,30.54463],[-97.9172,30.53949],[-97.91351,30.54074],[-97.91195,30.53434],[-97.90136,30.53486],[-97.90992,30.54404],[-97.91634,30.54408],[-97.91927,30.5543],[-97.92283,30.55753],[-97.91573,30.55245],[-97.91305,30.54572],[-97.91129,30.54826],[-97.90432,30.54685],[-97.90148,30.55129],[-97.90302,30.55792],[-97.89848,30.55471],[-97.90047,30.54592],[-97.89446,30.53797],[-97.89298,30.53198],[-97.88561,30.53584],[-97.88511,30.54145],[-97.88319,30.53701],[-97.8756,30.53961],[-97.88197,30.53456],[-97.87847,30.53122],[-97.88251,30.53227],[-97.88488,30.53029],[-97.88522,30.52617],[-97.87811,30.52435],[-97.8843,30.52216],[-97.88346,30.5145],[-97.8905,30.52066],[-97.88825,30.51628],[-97.88903,30.51118],[-97.89068,30.51053],[-97.89147,30.5147],[-97.89446,30.51587],[-97.89671,30.51464],[-97.89713,30.50788],[-97.90372,30.51067],[-97.90461,30.50768],[-97.8988,30.50414],[-97.89915,30.50099],[-97.90325,30.50117],[-97.90388,30.49836],[-97.89584,30.49633],[-97.89628,30.49936],[-97.89251,30.50375],[-97.8901,30.50246],[-97.89095,30.49741],[-97.88804,30.49659],[-97.88082,30.49974],[-97.88358,30.50511],[-97.87861,30.50396],[-97.87733,30.50689],[-97.87067,30.50519],[-97.8679,30.50935],[-97.86135,30.50587],[-97.87232,30.49968],[-97.86622,30.49431],[-97.86871,30.49244],[-97.86954,30.49518],[-97.87547,30.49781],[-97.8792,30.49548],[-97.87875,30.49107],[-97.88328,30.49257],[-97.88429,30.4893],[-97.88749,30.49092],[-97.89515,30.48707],[-97.87855,30.48157],[-97.87731,30.47889],[-97.87861,30.47688],[-97.8874,30.48016],[-97.89558,30.47864],[-97.89359,30.47419],[-97.88978,30.47561],[-97.88534,30.47084],[-97.89364,30.46778],[-97.89175,30.46539],[-97.89312,30.46394],[-97.9013,30.4662],[-97.89672,30.46104],[-97.89727,30.45766],[-97.90841,30.45925],[-97.90878,30.46217],[-97.91474,30.45792],[-97.91116,30.45756],[-97.91131,30.45395],[-97.90682,30.4552],[-97.90531,30.45173],[-97.90369,30.45432],[-97.89959,30.45397],[-97.89919,30.44968],[-97.90356,30.44413],[-97.89912,30.44435],[-97.89701,30.43985],[-97.89697,30.44592],[-97.89248,30.44689],[-97.89542,30.44909],[-97.89272,30.44992],[-97.89301,30.45404],[-97.8881,30.45123],[-97.88712,30.44752],[-97.88561,30.4484],[-97.88699,30.45571],[-97.89059,30.45853],[-97.88676,30.45915],[-97.8886,30.46233],[-97.87704,30.45903],[-97.87734,30.46183],[-97.88281,30.46446],[-97.87779,30.46503],[-97.88042,30.4697],[-97.87579,30.46895],[-97.87569,30.47144],[-97.87067,30.46701],[-97.87261,30.45982],[-97.86936,30.46386],[-97.86924,30.46037],[-97.87206,30.45364],[-97.87763,30.45043],[-97.87663,30.43956],[-97.87138,30.44271],[-97.87446,30.44514],[-97.87383,30.44784],[-97.86822,30.44389],[-97.86404,30.44777],[-97.86825,30.45053],[-97.86109,30.45049],[-97.86408,30.45516],[-97.86077,30.46],[-97.859,30.452],[-97.85319,30.45287],[-97.85053,30.45945],[-97.85123,30.45501],[-97.84908,30.45257],[-97.84388,30.45435],[-97.84338,30.45126],[-97.84652,30.44899],[-97.84393,30.44764],[-97.84985,30.44563],[-97.85545,30.44907],[-97.8651,30.43923],[-97.87057,30.43694],[-97.86274,30.43582],[-97.85461,30.44026],[-97.85361,30.43563],[-97.84481,30.43555],[-97.84621,30.4315],[-97.84939,30.43178],[-97.84592,30.42512],[-97.84896,30.41976],[-97.8491,30.42491],[-97.85714,30.42316],[-97.85589,30.42833],[-97.86576,30.4245],[-97.86279,30.42041],[-97.86488,30.41884],[-97.86358,30.41496],[-97.85941,30.4161],[-97.85647,30.41304],[-97.86291,30.40993],[-97.85688,30.40513],[-97.86063,30.40354],[-97.85873,30.39927],[-97.86314,30.39813],[-97.8641,30.40585],[-97.86925,30.40122],[-97.86839,30.40901],[-97.87113,30.40664],[-97.87365,30.40775],[-97.87527,30.40041],[-97.87054,30.39742],[-97.87089,30.38974],[-97.86234,30.3935],[-97.85921,30.38747],[-97.85946,30.3909],[-97.85484,30.39078],[-97.85148,30.39654],[-97.84782,30.38999],[-97.8522,30.3868],[-97.85181,30.38285],[-97.85571,30.38298],[-97.85429,30.3799],[-97.85883,30.37951],[-97.85874,30.37734],[-97.84267,30.36783],[-97.83794,30.37128],[-97.82865,30.37193],[-97.82989,30.37518],[-97.84054,30.37604],[-97.84177,30.37883],[-97.84653,30.37901],[-97.84458,30.38093],[-97.83556,30.38005],[-97.83616,30.38439],[-97.82374,30.37502],[-97.81077,30.37458],[-97.81327,30.37879],[-97.82311,30.37794],[-97.82374,30.38086],[-97.82159,30.38231],[-97.83015,30.38503],[-97.8312,30.38874],[-97.82575,30.38765],[-97.82319,30.38837],[-97.82423,30.39133],[-97.82005,30.3904],[-97.81565,30.38363],[-97.8057,30.38185],[-97.80749,30.38653],[-97.811,30.38666],[-97.80869,30.388],[-97.80845,30.39356],[-97.81867,30.39678],[-97.81759,30.39925],[-97.81187,30.39679],[-97.81123,30.39857],[-97.80402,30.39412],[-97.80177,30.37416],[-97.79275,30.36681],[-97.79494,30.37337],[-97.79188,30.37661],[-97.79385,30.38003],[-97.79615,30.37943],[-97.79722,30.38503],[-97.792,30.38571],[-97.80029,30.39147],[-97.79188,30.39156],[-97.78124,30.38227],[-97.7763,30.38273],[-97.77442,30.38589],[-97.77525,30.38812],[-97.78155,30.39034],[-97.78403,30.38831],[-97.78672,30.39075],[-97.784,30.39565],[-97.78896,30.39554],[-97.78219,30.39813],[-97.79109,30.40049],[-97.79513,30.39708],[-97.79629,30.39884],[-97.79316,30.40276],[-97.79607,30.4028],[-97.79551,30.40492],[-97.79794,30.40415],[-97.79876,30.40637],[-97.80441,30.40299],[-97.80662,30.4048],[-97.79688,30.40931],[-97.79658,30.41115],[-97.80016,30.41151],[-97.79701,30.41372],[-97.79743,30.41589],[-97.80819,30.41355],[-97.80882,30.41114],[-97.81333,30.41281],[-97.80196,30.41831],[-97.81348,30.41928],[-97.82125,30.4157],[-97.82337,30.41173],[-97.8224,30.40744],[-97.82621,30.40643],[-97.8252,30.4101],[-97.82804,30.40979],[-97.82903,30.4139],[-97.8372,30.40695],[-97.84428,30.40658],[-97.83639,30.41027],[-97.83262,30.4153],[-97.82606,30.41485],[-97.81867,30.42071],[-97.82944,30.42003],[-97.83535,30.41618],[-97.83158,30.42115],[-97.8166,30.42348],[-97.82273,30.42788],[-97.83187,30.42762],[-97.83375,30.42989],[-97.81982,30.43141],[-97.81939,30.42929],[-97.81435,30.42889],[-97.81324,30.43926],[-97.8112,30.43476],[-97.81187,30.42622],[-97.80526,30.42154],[-97.79955,30.42515],[-97.8018,30.42999],[-97.7978,30.4227],[-97.79032,30.42799],[-97.79014,30.43225],[-97.78823,30.43013],[-97.78858,30.426],[-97.79179,30.42317],[-97.79003,30.42153],[-97.79389,30.41753],[-97.78741,30.41245],[-97.79081,30.41],[-97.78548,30.40731],[-97.78431,30.40411],[-97.78077,30.4061],[-97.78028,30.40931],[-97.77831,30.40509],[-97.77952,30.40125],[-97.77609,30.39653],[-97.77239,30.398],[-97.77477,30.40725],[-97.77218,30.4118],[-97.77345,30.40703],[-97.76902,30.39763],[-97.7719,30.39084],[-97.76911,30.38961],[-97.76644,30.39233],[-97.76148,30.4032],[-97.76272,30.40594],[-97.75941,30.4058],[-97.75996,30.40791],[-97.7564,30.40892],[-97.75658,30.41259],[-97.75423,30.41021],[-97.75399,30.40706],[-97.75948,30.40179],[-97.76485,30.38811],[-97.75236,30.38738],[-97.76322,30.38417],[-97.76182,30.37795],[-97.76607,30.38048],[-97.76307,30.3722],[-97.7725,30.37085],[-97.7693,30.37375],[-97.77161,30.37441],[-97.769,30.3769],[-97.77042,30.37929],[-97.77692,30.37521],[-97.77691,30.3688],[-97.78115,30.3699],[-97.78225,30.36783],[-97.7795,30.36511],[-97.7752,30.36533],[-97.77431,30.3678],[-97.77018,30.36509],[-97.77309,30.36088],[-97.77639,30.36022],[-97.7692,30.35628],[-97.7754,30.34992],[-97.76841,30.34695],[-97.76868,30.35216],[-97.76014,30.34641],[-97.75819,30.3478],[-97.76334,30.35296],[-97.75744,30.35182],[-97.75352,30.34493],[-97.75808,30.34007],[-97.75086,30.34358],[-97.7522,30.3411],[-97.78323,30.30259],[-97.80596,30.28369],[-97.82382,30.26518],[-97.83758,30.2581],[-97.84673,30.24701],[-97.8693,30.22724],[-97.88177,30.21175],[-97.88314,30.21609],[-97.89033,30.20582],[-97.89773,30.20167],[-97.90368,30.18947],[-97.90539,30.19334],[-97.90392,30.19714],[-97.9181,30.18725],[-97.92751,30.17666],[-97.92693,30.17248],[-97.91836,30.17293],[-97.92036,30.16969],[-97.91775,30.16783],[-97.92286,30.1605],[-97.92559,30.16236],[-97.92379,30.1653],[-97.92748,30.16543],[-97.93279,30.16257],[-97.93684,30.1553],[-97.94523,30.15149],[-97.94457,30.15619],[-97.94738,30.15868],[-97.98797,30.12505],[-97.99114,30.11327],[-97.98728,30.11108],[-97.98923,30.10906],[-97.98631,30.10709],[-97.98862,30.10339],[-97.99348,30.10196],[-97.99374,30.09732],[-97.98563,30.09747],[-97.97608,30.10274],[-97.98107,30.09718],[-97.98155,30.09317],[-97.97549,30.08923],[-97.97114,30.09375],[-97.9703,30.09067],[-97.97947,30.083],[-97.98217,30.0864],[-97.98579,30.08189],[-97.99078,30.08104],[-97.98724,30.07804],[-97.9922,30.07147],[-97.99366,30.07551],[-97.99751,30.07202],[-97.99424,30.07859],[-98.00279,30.07877],[-98.00108,30.06568],[-98.00777,30.06062],[-98.00958,30.06642],[-98.01217,30.06449],[-98.018,30.06836],[-98.0225,30.06627],[-98.02479,30.06846],[-98.02593,30.06543],[-98.03893,30.06574],[-98.04345,30.06033],[-98.04774,30.06058],[-98.04389,30.06233],[-98.04505,30.06618],[-98.03902,30.06918],[-98.04389,30.07138],[-98.04099,30.07194],[-98.04208,30.07504],[-98.03289,30.06966],[-98.0313,30.07073],[-98.03652,30.07695],[-98.0429,30.0802],[-98.05633,30.07541],[-98.07092,30.06495],[-98.07418,30.06818],[-98.07703,30.06596],[-98.07609,30.0616],[-98.08039,30.05888],[-98.07822,30.05675],[-98.0759,30.05857],[-98.07333,30.04292],[-98.07102,30.04308],[-98.07264,30.04681],[-98.06954,30.04679],[-98.06793,30.04123],[-98.06417,30.04161],[-98.06532,30.04751],[-98.07134,30.05241],[-98.06994,30.05396],[-98.06489,30.05169],[-98.06669,30.05708],[-98.06158,30.05333],[-98.05767,30.0383],[-98.05062,30.03717],[-98.04725,30.0391],[-98.04624,30.03371],[-98.04288,30.03261],[-98.04536,30.0191],[-98.04258,30.02144],[-98.04353,30.01732],[-98.0366,30.01899],[-98.04296,30.01422],[-98.04618,30.00766],[-98.04569,30.00284],[-98.04232,30.0038],[-98.04342,30.00649],[-98.03762,30.00652],[-98.04134,30.01021],[-98.0387,30.01053],[-98.03901,30.01374],[-98.03345,30.00861],[-98.03458,30.0164],[-98.0308,30.01071],[-98.02985,30.01305],[-98.02439,30.01308],[-98.02773,30.0072],[-98.02518,30.00455],[-98.02174,30.00642],[-98.02245,30.00058],[-98.00816,29.99958],[-98.00668,30.00266],[-97.99873,29.99705],[-97.99445,30.00004],[-97.99473,30.0031],[-97.98812,30.00564],[-97.98719,30.00943],[-97.98214,30.00726],[-97.965,30.01061],[-97.9906,30.00071],[-97.99606,29.99257],[-98.00073,29.99215],[-98.0053,29.99518],[-98.00475,29.99122],[-98.01136,29.98515],[-98.0373,29.96828],[-98.04047,29.96919],[-98.0371,29.96977],[-98.03863,29.97269],[-98.03381,29.97109],[-98.03216,29.97487],[-98.02924,29.97464],[-98.02219,29.98187],[-98.03539,29.97659],[-98.04049,29.97956],[-98.0426,29.97303],[-98.04722,29.97525],[-98.0523,29.97273],[-98.04934,29.97789],[-98.05283,29.97771],[-98.06181,29.96573],[-98.06332,29.96647],[-98.06115,29.96969],[-98.06591,29.97031],[-98.06174,29.97363],[-98.06579,29.97661],[-98.06742,29.97065],[-98.07,29.97042],[-98.06754,29.96464],[-98.06866,29.96154],[-98.07092,29.96217],[-98.07217,29.96675],[-98.07473,29.96079],[-98.07856,29.95952],[-98.07917,29.96175],[-98.08294,29.96221],[-98.0785,29.95775],[-98.08134,29.95768],[-98.08013,29.95356],[-98.08331,29.95178],[-98.08675,29.95773],[-98.08991,29.95103],[-98.09316,29.95652],[-98.09652,29.95377],[-98.0963,29.95],[-98.10557,29.95038],[-98.10049,29.95749],[-98.10485,29.95731],[-98.10255,29.96298],[-98.10593,29.96561],[-98.10854,29.95272],[-98.10987,29.95443],[-98.11065,29.9522],[-98.11257,29.95311],[-98.11192,29.95833],[-98.11509,29.95557],[-98.11773,29.95786],[-98.11574,29.95],[-97.84488,29.95],[-97.82114,29.99275],[-97.79809,30.04496],[-97.77441,30.07225],[-97.76061,30.08048],[-97.69036,30.1079],[-97.63702,30.14027],[-97.59414,30.16296],[-97.55,30.17918],[-97.55,31.05],[-98.34064,31.05]],[[-97.95436,31.05],[-97.95596,31.04833],[-97.95272,31.04713],[-97.95342,31.04282],[-97.95559,31.04433],[-97.96496,31.04026],[-97.95785,31.03816],[-97.95397,31.04092],[-97.95277,31.03469],[-97.95148,31.03695],[-97.94677,31.03486],[-97.95153,31.03872],[-97.94555,31.03935],[-97.9483,31.04623],[-97.94314,31.04455],[-97.93964,31.04925],[-97.93608,31.05],[-97.93447,31.03593],[-97.93156,31.03536],[-97.93119,31.03994],[-97.92617,31.03608],[-97.92545,31.03941],[-97.92315,31.03211],[-97.92019,31.03027],[-97.91836,31.03401],[-97.91148,31.03354],[-97.91364,31.03748],[-97.90864,31.03694],[-97.90702,31.04205],[-97.90864,31.04531],[-97.91239,31.04638],[-97.9096,31.04812],[-97.89846,31.04709],[-97.90053,31.05],[-97.86876,31.05],[-97.86806,31.04665],[-97.87252,31.04548],[-97.87109,31.04027],[-97.87692,31.03673],[-97.87504,31.03422],[-97.87306,31.03601],[-97.87011,31.03373],[-97.86607,31.03857],[-97.86523,31.03141],[-97.85981,31.02989],[-97.86227,31.02741],[-97.85983,31.02341],[-97.85624,31.02521],[-97.85323,31.02288],[-97.85026,31.02593],[-97.85174,31.02891],[-97.84968,31.02852],[-97.84586,31.01707],[-97.84486,31.02665],[-97.84127,31.02794],[-97.84597,31.03158],[-97.84025,31.03265],[-97.83973,31.03517],[-97.84995,31.03982],[-97.84724,31.04213],[-97.84162,31.03981],[-97.8337,31.04094],[-97.83488,31.03818],[-97.8326,31.03734],[-97.83253,31.0343],[-97.83482,31.02935],[-97.82888,31.02858],[-97.83279,31.02449],[-97.82783,31.01947],[-97.82652,31.02355],[-97.81933,31.02456],[-97.82278,31.0219],[-97.81847,31.0174],[-97.82101,31.01589],[-97.81846,31.01488],[-97.81756,31.00955],[-97.80979,31.01274],[-97.80695,31.00754],[-97.80108,31.00671],[-97.79545,31.01105],[-97.79582,31.01666],[-97.78878,31.01108],[-97.78728,31.01482],[-97.78954,31.0144],[-97.7907,31.01922],[-97.79345,31.02023],[-97.80163,31.01938],[-97.79893,31.02198],[-97.80178,31.02185],[-97.80227,31.02449],[-97.79754,31.0248],[-97.80343,31.02752],[-97.80231,31.03028],[-97.80538,31.03072],[-97.80767,31.02601],[-97.81089,31.02754],[-97.80839,31.03173],[-97.81234,31.03602],[-97.82134,31.0366],[-97.81702,31.03932],[-97.82131,31.04228],[-97.81925,31.04338],[-97.8234,31.04923],[-97.81855,31.04699],[-97.81257,31.03946],[-97.81222,31.0464],[-97.80763,31.0486],[-97.81025,31.04222],[-97.80122,31.03619],[-97.8021,31.03969],[-97.79726,31.04373],[-97.79809,31.03747],[-97.79557,31.02986],[-97.79343,31.02941],[-97.79267,31.03435],[-97.78495,31.02613],[-97.7817,31.02873],[-97.78268,31.03394],[-97.78628,31.03524],[-97.78233,31.04128],[-97.78211,31.04931],[-97.77854,31.03368],[-97.77662,31.03478],[-97.77462,31.04632],[-97.77097,31.04768],[-97.77302,31.04443],[-97.7728,31.03342],[-97.76427,31.03214],[-97.76926,31.03229],[-97.77491,31.02888],[-97.77436,31.02596],[-97.78005,31.02019],[-97.77763,31.01532],[-97.76806,31.02065],[-97.77177,31.01737],[-97.76997,31.01623],[-97.77229,31.01467],[-97.77114,31.01209],[-97.77566,31.01035],[-97.77245,31.00928],[-97.7727,31.00629],[-97.76763,31.00632],[-97.76402,31.00261],[-97.76995,31.00083],[-97.76417,30.99671],[-97.76698,30.99308],[-97.7707,30.99687],[-97.7758,30.99505],[-97.7747,30.98796],[-97.76891,30.9879],[-97.77139,30.98353],[-97.76388,30.97976],[-97.76197,30.98167],[-97.76487,30.9848],[-97.76264,30.98688],[-97.75806,30.98337],[-97.75764,30.98607],[-97.75413,30.98691],[-97.75416,30.98422],[-97.74818,30.97964],[-97.74868,30.97219],[-97.74599,30.97611],[-97.7405,30.97788],[-97.74174,30.97123],[-97.738,30.96491],[-97.73466,30.96878],[-97.73711,30.97322],[-97.73049,30.97535],[-97.72825,30.9721],[-97.72988,30.97953],[-97.72463,30.97506],[-97.7239,30.97066],[-97.72198,30.97085],[-97.72097,30.96433],[-97.7192,30.96641],[-97.71751,30.96448],[-97.71301,30.96573],[-97.71211,30.96814],[-97.71731,30.96935],[-97.71381,30.9719],[-97.71722,30.97296],[-97.71291,30.97517],[-97.71619,30.9764],[-97.71725,30.98006],[-97.71201,30.9769],[-97.70652,30.97953],[-97.71175,30.98337],[-97.7118,30.98692],[-97.70863,30.9881],[-97.70321,30.98077],[-97.69776,30.98145],[-97.70254,30.98507],[-97.69086,30.98266],[-97.69172,30.98786],[-97.69871,30.98779],[-97.6963,30.992],[-97.70487,30.99587],[-97.70773,31.00082],[-97.73037,31.00243],[-97.7304,31.00794],[-97.73475,31.00998],[-97.73397,31.01383],[-97.72654,31.00641],[-97.72468,31.00866],[-97.71667,31.00491],[-97.71757,31.01058],[-97.7114,31.00516],[-97.71084,31.01061],[-97.7078,31.00547],[-97.70574,31.00639],[-97.70319,31.00314],[-97.69807,31.00425],[-97.6954,31.00071],[-97.69422,31.00524],[-97.70225,31.01117],[-97.69671,31.01068],[-97.69387,31.01419],[-97.69224,31.0099],[-97.68653,31.0121],[-97.68775,31.00504],[-97.68319,31.00042],[-97.6815,31.00639],[-97.67837,31.00549],[-97.67837,31.00211],[-97.66927,30.99945],[-97.66553,30.99935],[-97.66529,31.00174],[-97.65382,31.00095],[-97.65456,31.00296],[-97.66196,31.0043],[-97.66151,31.007],[-97.66578,31.00698],[-97.66613,31.01008],[-97.67461,31.01583],[-97.66923,31.01568],[-97.66587,31.01208],[-97.66053,31.01102],[-97.66434,31.01398],[-97.66264,31.01881],[-97.66572,31.02069],[-97.66593,31.02413],[-97.66316,31.02689],[-97.66624,31.03061],[-97.66326,31.03395],[-97.65742,31.02669],[-97.65777,31.01596],[-97.65345,31.00795],[-97.65345,31.01862],[-97.6505,31.01812],[-97.64986,31.02219],[-97.64518,31.01734],[-97.64172,31.01815],[-97.64068,31.0228],[-97.63697,31.01611],[-97.6339,31.01566],[-97.63494,31.02254],[-97.62916,31.02606],[-97.63117,31.02938],[-97.62879,31.03266],[-97.62331,31.02787],[-97.61846,31.03138],[-97.61543,31.02532],[-97.60555,31.02192],[-97.60526,31.01727],[-97.60168,31.01998],[-97.60143,31.00971],[-97.60667,31.00245],[-97.61298,31.00243],[-97.61501,31.00588],[-97.61868,31.00626],[-97.61382,31.00881],[-97.62112,31.01606],[-97.62786,31.00513],[-97.63345,31.00322],[-97.63357,30.99949],[-97.63627,31.00676],[-97.63966,31.00698],[-97.63908,31.00973],[-97.64155,31.0107],[-97.6424,30.99153],[-97.65005,30.99094],[-97.65054,30.98773],[-97.65484,30.99084],[-97.65627,30.98871],[-97.65684,30.99106],[-97.66048,30.99039],[-97.66149,30.98586],[-97.65725,30.9816],[-97.65942,30.97986],[-97.66354,30.98418],[-97.66517,30.9817],[-97.66935,30.98143],[-97.67126,30.98462],[-97.67565,30.98441],[-97.67866,30.97516],[-97.68253,30.97112],[-97.6804,30.96518],[-97.68618,30.96547],[-97.68366,30.96005],[-97.68626,30.95997],[-97.68929,30.96435],[-97.69355,30.96362],[-97.69808,30.95877],[-97.69561,30.95312],[-97.69811,30.95104],[-97.70127,30.95353],[-97.70379,30.95265],[-97.70309,30.95053],[-97.70849,30.95134],[-97.71015,30.94646],[-97.71178,30.94896],[-97.71522,30.94732],[-97.71539,30.94475],[-97.7186,30.94689],[-97.72198,30.94445],[-97.72176,30.93878],[-97.71745,30.93419],[-97.7223,30.93414],[-97.72588,30.9234],[-97.72779,30.92624],[-97.72561,30.93205],[-97.73058,30.9316],[-97.73184,30.93628],[-97.73457,30.9307],[-97.73771,30.93261],[-97.74332,30.92993],[-97.74074,30.93556],[-97.74535,30.93237],[-97.74429,30.93719],[-97.75028,30.93776],[-97.75231,30.9355],[-97.75143,30.9287],[-97.75805,30.93127],[-97.75456,30.92437],[-97.75886,30.91752],[-97.75965,30.92203],[-97.76521,30.92467],[-97.76537,30.92278],[-97.77175,30.92191],[-97.77834,30.91737],[-97.77457,30.91461],[-97.77755,30.91349],[-97.77381,30.907],[-97.77946,30.91164],[-97.78051,30.90556],[-97.77514,30.89411],[-97.77964,30.89056],[-97.78214,30.89838],[-97.78599,30.89296],[-97.78779,30.88344],[-97.79023,30.89263],[-97.78812,30.89391],[-97.79203,30.89702],[-97.78329,30.90015],[-97.78838,30.90336],[-97.78461,30.90511],[-97.78696,30.90618],[-97.78495,30.91021],[-97.79168,30.91037],[-97.79293,30.90486],[-97.79592,30.90488],[-97.79429,30.91171],[-97.79729,30.9079],[-97.80235,30.90842],[-97.80372,30.90623],[-97.80415,30.90863],[-97.79867,30.91161],[-97.79971,30.91475],[-97.79342,30.91682],[-97.7944,30.91979],[-97.80079,30.92109],[-97.80762,30.91936],[-97.79951,30.9238],[-97.80759,30.92715],[-97.81402,30.92502],[-97.81002,30.92965],[-97.81438,30.93292],[-97.81068,30.93359],[-97.7971,30.92817],[-97.79461,30.93095],[-97.79049,30.92607],[-97.7888,30.92826],[-97.78379,30.92711],[-97.78031,30.93115],[-97.77441,30.93179],[-97.77912,30.93649],[-97.78455,30.93461],[-97.78362,30.93914],[-97.79409,30.93605],[-97.79592,30.93873],[-97.79015,30.94027],[-97.78822,30.94453],[-97.79786,30.94471],[-97.79893,30.95032],[-97.80741,30.94278],[-97.81094,30.94272],[-97.80666,30.94623],[-97.80978,30.94579],[-97.81008,30.94803],[-97.80529,30.95249],[-97.81066,30.95609],[-97.81641,30.95408],[-97.81519,30.95736],[-97.81786,30.95745],[-97.81413,30.96224],[-97.82452,30.95761],[-97.82333,30.94846],[-97.82722,30.95145],[-97.82949,30.94782],[-97.82833,30.94079],[-97.83251,30.93977],[-97.8317,30.9443],[-97.83645,30.94528],[-97.83311,30.94939],[-97.8381,30.94893],[-97.83958,30.95075],[-97.83787,30.95243],[-97.84103,30.95371],[-97.83959,30.9559],[-97.84232,30.95707],[-97.83666,30.96086],[-97.84357,30.96496],[-97.84919,30.96273],[-97.84637,30.96075],[-97.85174,30.95451],[-97.84914,30.95025],[-97.8525,30.94769],[-97.84766,30.94436],[-97.85142,30.94077],[-97.84406,30.93335],[-97.84722,30.93142],[-97.85116,30.93258],[-97.85149,30.92846],[-97.84855,30.92689],[-97.85224,30.92462],[-97.84574,30.92136],[-97.85123,30.91896],[-97.84403,30.91783],[-97.84391,30.91411],[-97.85281,30.91321],[-97.84483,30.90798],[-97.84856,30.90421],[-97.85079,30.90637],[-97.85261,30.9032],[-97.84565,30.89611],[-97.84959,30.89641],[-97.84832,30.89236],[-97.83939,30.89238],[-97.84434,30.89003],[-97.83996,30.88827],[-97.84475,30.8881],[-97.84098,30.88099],[-97.84873,30.88789],[-97.84866,30.88279],[-97.85229,30.87663],[-97.85204,30.89203],[-97.85416,30.89602],[-97.85696,30.89169],[-97.85679,30.89416],[-97.85967,30.89504],[-97.85745,30.89782],[-97.86042,30.90099],[-97.8569,30.9055],[-97.86323,30.91608],[-97.86541,30.90666],[-97.87125,30.90597],[-97.86993,30.89636],[-97.86608,30.89257],[-97.86916,30.89019],[-97.86639,30.88581],[-97.86796,30.8799],[-97.87191,30.89085],[-97.87454,30.88452],[-97.87734,30.88586],[-97.87864,30.87909],[-97.88018,30.88389],[-97.87623,30.8908],[-97.87678,30.89692],[-97.88331,30.89324],[-97.88335,30.88769],[-97.8861,30.88474],[-97.88824,30.88946],[-97.89393,30.88339],[-97.89521,30.88515],[-97.89239,30.89114],[-97.88252,30.89823],[-97.88439,30.89993],[-97.88018,30.90272],[-97.88596,30.90678],[-97.88749,30.90241],[-97.89135,30.90289],[-97.89973,30.88882],[-97.8968,30.8979],[-97.90191,30.8967],[-97.89759,30.90185],[-97.89625,30.90558],[-97.89806,30.90693],[-97.90467,30.90016],[-97.90437,30.90635],[-97.90784,30.907],[-97.91126,30.89568],[-97.91518,30.89987],[-97.91337,30.90292],[-97.91456,30.90704],[-97.9262,30.90341],[-97.92715,30.90025],[-97.92928,30.90034],[-97.92834,30.90447],[-97.93404,30.90326],[-97.93243,30.9066],[-97.92771,30.90637],[-97.92225,30.91078],[-97.92884,30.91592],[-97.92802,30.91828],[-97.91766,30.91439],[-97.9105,30.9163],[-97.91882,30.92102],[-97.9164,30.92442],[-97.91149,30.92035],[-97.9108,30.92294],[-97.90499,30.92151],[-97.90443,30.9241],[-97.89408,30.92118],[-97.8993,30.92352],[-97.90089,30.9274],[-97.90635,30.9274],[-97.90888,30.93224],[-97.90243,30.93706],[-97.9036,30.94003],[-97.89976,30.94522],[-97.90801,30.94112],[-97.91306,30.94135],[-97.91225,30.93546],[-97.91673,30.93284],[-97.92851,30.94221],[-97.92933,30.93905],[-97.92484,30.93274],[-97.93107,30.93118],[-97.93363,30.93385],[-97.93877,30.93058],[-97.94006,30.92764],[-97.93647,30.92734],[-97.93531,30.92111],[-97.93884,30.92102],[-97.93705,30.91743],[-97.94407,30.91981],[-97.94395,30.91621],[-97.93964,30.91339],[-97.94141,30.91131],[-97.94634,30.91251],[-97.9479,30.90929],[-97.95089,30.91361],[-97.95373,30.91237],[-97.95342,30.91873],[-97.95721,30.91851],[-97.95223,30.90626],[-97.95425,30.90303],[-97.9573,30.90666],[-97.95879,30.90447],[-97.96066,30.90857],[-97.96383,30.9079],[-97.96253,30.90122],[-97.96505,30.90514],[-97.96842,30.90413],[-97.97247,30.90763],[-97.97201,30.90351],[-97.97584,30.90169],[-97.9676,30.89766],[-97.97242,30.8964],[-97.96723,30.89131],[-97.97225,30.88988],[-97.96034,30.88355],[-97.97163,30.88319],[-97.96877,30.87904],[-97.97135,30.87901],[-97.9707,30.87438],[-97.96737,30.8703],[-97.96949,30.86947],[-97.96917,30.86661],[-97.9707,30.86636],[-97.9716,30.87328],[-97.97478,30.87313],[-97.97399,30.87766],[-97.9799,30.87273],[-97.97684,30.8817],[-97.98002,30.87983],[-97.97962,30.88498],[-97.98504,30.88647],[-97.98618,30.87918],[-97.9887,30.88253],[-97.99204,30.8794],[-97.99392,30.88527],[-97.99633,30.88593],[-97.99293,30.87292],[-97.99645,30.87728],[-98.00178,30.87195],[-98.00109,30.88225],[-98.00294,30.88266],[-98.00477,30.87918],[-98.00843,30.87817],[-98.00735,30.87267],[-98.0115,30.86926],[-98.01217,30.87676],[-98.01049,30.87807],[-98.01273,30.88106],[-98.00866,30.88327],[-98.01263,30.88558],[-98.00922,30.88654],[-98.0106,30.89015],[-98.00286,30.89142],[-98.00797,30.89351],[-98.00971,30.89931],[-98.01176,30.89325],[-98.01455,30.89361],[-98.01701,30.88659],[-98.02068,30.88501],[-98.0182,30.87898],[-98.02174,30.87797],[-98.01839,30.87153],[-98.02033,30.8708],[-98.02058,30.86479],[-98.02163,30.86686],[-98.02517,30.86539],[-98.0232,30.86944],[-98.02779,30.87629],[-98.03214,30.86664],[-98.03439,30.86814],[-98.03149,30.87213],[-98.03225,30.87648],[-98.0388,30.8736],[-98.03181,30.88233],[-98.03941,30.88008],[-98.04177,30.88399],[-98.04887,30.87813],[-98.05068,30.8829],[-98.04542,30.89272],[-98.04966,30.89549],[-98.0581,30.87968],[-98.05909,30.88816],[-98.0635,30.88624],[-98.0657,30.89341],[-98.06786,30.88947],[-98.06797,30.88369],[-98.06501,30.88035],[-98.06754,30.8795],[-98.06731,30.87435],[-98.06982,30.87797],[-98.07185,30.87254],[-98.07331,30.87347],[-98.07424,30.88183],[-98.07688,30.88448],[-98.07958,30.87797],[-98.07696,30.8744],[-98.07961,30.87396],[-98.08112,30.86836],[-98.083,30.87398],[-98.08628,30.87131],[-98.08558,30.87674],[-98.09364,30.87581],[-98.0922,30.88056],[-98.09867,30.87727],[-98.1,30.87843],[-98.09765,30.88139],[-98.10168,30.88474],[-98.10265,30.8777],[-98.1056,30.87645],[-98.10565,30.87983],[-98.11228,30.88015],[-98.11219,30.88302],[-98.11762,30.87772],[-98.11817,30.88426],[-98.12013,30.88094],[-98.12731,30.87972],[-98.1291,30.88179],[-98.12409,30.88383],[-98.12623,30.8835],[-98.12667,30.88602],[-98.12125,30.88942],[-98.12377,30.89207],[-98.12806,30.88774],[-98.12977,30.88964],[-98.13192,30.88742],[-98.13389,30.89069],[-98.13071,30.89663],[-98.13418,30.89522],[-98.13604,30.89678],[-98.13513,30.89345],[-98.1386,30.89215],[-98.13888,30.88901],[-98.14167,30.89119],[-98.14085,30.89314],[-98.14591,30.89293],[-98.1441,30.89544],[-98.14622,30.89523],[-98.14892,30.89937],[-98.14426,30.89934],[-98.1471,30.90245],[-98.14437,30.90329],[-98.14616,30.90485],[-98.14268,30.90786],[-98.14893,30.90629],[-98.15049,30.91226],[-98.15594,30.90438],[-98.1549,30.90902],[-98.15911,30.90738],[-98.15687,30.9132],[-98.17042,30.90795],[-98.16637,30.91383],[-98.16769,30.91761],[-98.17149,30.91563],[-98.17193,30.91821],[-98.17574,30.91634],[-98.17506,30.91851],[-98.18304,30.91866],[-98.17451,30.92149],[-98.17423,30.92383],[-98.16885,30.92226],[-98.16596,30.92562],[-98.17219,30.93],[-98.17945,30.92861],[-98.17477,30.93162],[-98.17465,30.93952],[-98.16723,30.93565],[-98.16792,30.94081],[-98.16497,30.94417],[-98.16221,30.93872],[-98.16047,30.94066],[-98.15817,30.93652],[-98.15655,30.93955],[-98.1529,30.93878],[-98.15328,30.94085],[-98.14843,30.93974],[-98.15307,30.94721],[-98.15017,30.94828],[-98.14686,30.94614],[-98.14758,30.94883],[-98.14451,30.94882],[-98.14475,30.951],[-98.13935,30.9449],[-98.13515,30.94436],[-98.13465,30.94155],[-98.12926,30.94078],[-98.12904,30.93465],[-98.1265,30.93635],[-98.12286,30.93353],[-98.12197,30.93627],[-98.11919,30.93488],[-98.1173,30.93768],[-98.11553,30.93475],[-98.10749,30.93282],[-98.10433,30.92885],[-98.09647,30.92932],[-98.09493,30.92375],[-98.09277,30.92861],[-98.08898,30.92773],[-98.08721,30.93184],[-98.08295,30.93193],[-98.08885,30.9362],[-98.09341,30.93079],[-98.09751,30.93316],[-98.09867,30.93918],[-98.10226,30.93994],[-98.09948,30.94634],[-98.10616,30.94277],[-98.10594,30.93756],[-98.10853,30.9366],[-98.11231,30.93805],[-98.11176,30.94148],[-98.11442,30.94075],[-98.11474,30.94339],[-98.11723,30.94003],[-98.11927,30.94233],[-98.12176,30.93953],[-98.12742,30.94655],[-98.1303,30.94502],[-98.13148,30.94686],[-98.12893,30.94908],[-98.12301,30.94985],[-98.13558,30.95095],[-98.13216,30.95408],[-98.13453,30.95696],[-98.1302,30.95853],[-98.12728,30.95657],[-98.12887,30.9591],[-98.12486,30.96091],[-98.12603,30.96321],[-98.13003,30.9634],[-98.12638,30.97088],[-98.12299,30.96983],[-98.12243,30.97459],[-98.11776,30.97536],[-98.1166,30.97948],[-98.11244,30.97608],[-98.11379,30.98066],[-98.10996,30.98563],[-98.10073,30.98191],[-98.09538,30.98612],[-98.09145,30.98587],[-98.09246,30.97619],[-98.0911,30.98025],[-98.08257,30.98049],[-98.08041,30.98575],[-98.08559,30.98572],[-98.08662,30.99122],[-98.09078,30.98707],[-98.09136,30.98976],[-98.09316,30.98897],[-98.09554,31.00201],[-98.08274,31.00294],[-98.07652,30.99815],[-98.0769,30.99077],[-98.0564,30.982],[-98.05291,30.9778],[-98.05523,30.97146],[-98.04989,30.97234],[-98.04658,30.97885],[-98.05282,30.98095],[-98.05668,30.98824],[-98.06402,30.98634],[-98.06966,30.98895],[-98.07021,30.99405],[-98.07432,30.99803],[-98.07721,31.00648],[-98.09086,31.00691],[-98.10121,31.00397],[-98.09917,30.9941],[-98.10053,30.99021],[-98.10841,30.98894],[-98.11099,30.99062],[-98.11028,30.98695],[-98.11535,30.98657],[-98.11752,30.98109],[-98.12144,30.9814],[-98.12188,30.97682],[-98.12507,30.97804],[-98.12562,30.97449],[-98.1293,30.97262],[-98.12865,30.96832],[-98.13226,30.96823],[-98.13189,30.96393],[-98.13628,30.96309],[-98.13811,30.95886],[-98.1403,30.96077],[-98.14018,30.96809],[-98.1419,30.96977],[-98.14677,30.96756],[-98.14513,30.96451],[-98.1482,30.9639],[-98.14588,30.96177],[-98.14855,30.95978],[-98.14585,30.95684],[-98.1489,30.9568],[-98.15,30.95257],[-98.1527,30.95619],[-98.15458,30.9542],[-98.15888,30.95517],[-98.15707,30.96143],[-98.16212,30.96105],[-98.16229,30.95762],[-98.16619,30.95958],[-98.1663,30.95328],[-98.16882,30.95639],[-98.17222,30.95498],[-98.17464,30.95859],[-98.17725,30.95792],[-98.17223,30.95171],[-98.17815,30.95151],[-98.17393,30.94714],[-98.17721,30.94595],[-98.17776,30.9432],[-98.1794,30.94402],[-98.18076,30.94064],[-98.18453,30.94352],[-98.18415,30.94072],[-98.18702,30.94068],[-98.18778,30.93655],[-98.19082,30.93863],[-98.19001,30.93153],[-98.19209,30.92879],[-98.19888,30.93844],[-98.1988,30.93088],[-98.2039,30.92495],[-98.20437,30.93331],[-98.2075,30.93293],[-98.20879,30.93763],[-98.21053,30.93747],[-98.21088,30.92298],[-98.21334,30.92471],[-98.21716,30.92158],[-98.21598,30.92661],[-98.21845,30.92691],[-98.2205,30.91776],[-98.22369,30.92006],[-98.22405,30.91405],[-98.2311,30.91385],[-98.23275,30.91581],[-98.23212,30.91071],[-98.23646,30.90769],[-98.23785,30.89837],[-98.23876,30.90123],[-98.24268,30.90136],[-98.23841,30.90363],[-98.24079,30.90657],[-98.23891,30.90914],[-98.24311,30.90927],[-98.2403,30.91114],[-98.24421,30.91294],[-98.24194,30.91488],[-98.24513,30.91575],[-98.24728,30.9133],[-98.24744,30.90677],[-98.25455,30.90749],[-98.25127,30.91125],[-98.25471,30.91476],[-98.25509,30.91906],[-98.26397,30.9128],[-98.2606,30.91988],[-98.26058,30.92229],[-98.2644,30.92304],[-98.26183,30.92613],[-98.25904,30.92388],[-98.25126,30.92585],[-98.24635,30.924],[-98.23693,30.92854],[-98.25161,30.93302],[-98.25958,30.93126],[-98.25677,30.93882],[-98.24725,30.93929],[-98.2429,30.94311],[-98.24314,30.94569],[-98.25195,30.94201],[-98.25912,30.94587],[-98.26275,30.93891],[-98.26192,30.94468],[-98.26644,30.94551],[-98.26942,30.93762],[-98.27857,30.94018],[-98.2747,30.94446],[-98.27787,30.94653],[-98.2658,30.951],[-98.26324,30.9574],[-98.26447,30.96273],[-98.2676,30.96275],[-98.27082,30.95904],[-98.27412,30.96392],[-98.27509,30.95591],[-98.27801,30.95718],[-98.27863,30.95426],[-98.28263,30.95348],[-98.28208,30.95628],[-98.2878,30.9563],[-98.28959,30.96983],[-98.29801,30.97541],[-98.29737,30.9816],[-98.29997,30.98338],[-98.29867,30.98939],[-98.30405,30.98993],[-98.30331,30.9921],[-98.30773,30.99853],[-98.3026,31.00052],[-98.30043,31.00467],[-98.3071,31.00408],[-98.30626,31.00734],[-98.31323,31.00245],[-98.31224,31.01099],[-98.31871,31.00867],[-98.32194,31.01328],[-98.31807,31.01366],[-98.31851,31.01693],[-98.31223,31.01976],[-98.31782,31.02914],[-98.31045,31.0346],[-98.31747,31.039],[-98.31088,31.03971],[-98.31113,31.042],[-98.31657,31.0445],[-98.30896,31.04675],[-98.30933,31.04974],[-98.32654,31.04897],[-97.95436,31.05]],[[-98.22187,30.87985],[-98.21946,30.88202],[-98.22529,30.88531],[-98.216,30.88309],[-98.20036,30.88662],[-98.17921,30.88532],[-98.18571,30.88827],[-98.18304,30.8906],[-98.18819,30.89447],[-98.18937,30.89854],[-98.20284,30.9013],[-98.19267,30.90233],[-98.18377,30.89966],[-98.1753,30.89251],[-98.17297,30.89479],[-98.17065,30.89197],[-98.16698,30.89367],[-98.16523,30.88754],[-98.1603,30.88974],[-98.15905,30.88722],[-98.15585,30.88783],[-98.15435,30.88313],[-98.14977,30.88265],[-98.14489,30.87695],[-98.13888,30.8811],[-98.13703,30.87903],[-98.13847,30.87308],[-98.13386,30.87535],[-98.13337,30.87082],[-98.12653,30.86929],[-98.12452,30.87106],[-98.12302,30.86739],[-98.11916,30.86805],[-98.11707,30.86249],[-98.1142,30.87135],[-98.1094,30.8664],[-98.1052,30.86609],[-98.1061,30.86168],[-98.10274,30.8584],[-98.09246,30.86361],[-98.08968,30.85392],[-98.08645,30.85104],[-98.08244,30.85325],[-98.08251,30.86069],[-98.07678,30.85522],[-98.07371,30.85526],[-98.07177,30.8486],[-98.06532,30.84971],[-98.06641,30.85453],[-98.06254,30.85565],[-98.06177,30.86115],[-98.05853,30.85855],[-98.05521,30.84891],[-98.05015,30.85037],[-98.0508,30.84436],[-98.04202,30.84625],[-98.04005,30.84246],[-98.03594,30.841],[-98.03359,30.85204],[-98.03106,30.84487],[-98.02515,30.84208],[-98.02538,30.83882],[-98.02082,30.83645],[-98.01754,30.83883],[-98.01498,30.83578],[-98.01252,30.83639],[-98.01502,30.84353],[-98.01214,30.84086],[-98.00689,30.84214],[-98.00417,30.84029],[-98.00007,30.84486],[-97.9985,30.83368],[-97.99581,30.83652],[-97.99273,30.83513],[-97.99398,30.84233],[-97.98826,30.8381],[-97.98734,30.83439],[-97.97797,30.8341],[-97.97308,30.8353],[-97.97112,30.84254],[-97.97088,30.83035],[-97.96905,30.82876],[-97.96372,30.82791],[-97.96188,30.83251],[-97.95882,30.82905],[-97.95608,30.83132],[-97.95556,30.82812],[-97.94395,30.82035],[-97.93902,30.82407],[-97.94495,30.8291],[-97.94184,30.83057],[-97.94401,30.833],[-97.93873,30.83936],[-97.93562,30.82697],[-97.92318,30.8258],[-97.92432,30.82252],[-97.92077,30.81609],[-97.91357,30.81411],[-97.91927,30.80494],[-97.91138,30.80119],[-97.91833,30.79447],[-97.9157,30.78815],[-97.91908,30.78731],[-97.9176,30.78114],[-97.91576,30.78299],[-97.91135,30.78087],[-97.91785,30.7761],[-97.9154,30.77195],[-97.91198,30.77393],[-97.90676,30.77164],[-97.91209,30.7682],[-97.90974,30.76577],[-97.91441,30.76297],[-97.90934,30.76125],[-97.91033,30.75706],[-97.90627,30.7565],[-97.90861,30.75261],[-97.90684,30.74908],[-97.9002,30.74514],[-97.89803,30.74677],[-97.89739,30.73876],[-97.89281,30.73939],[-97.89268,30.74345],[-97.88873,30.74505],[-97.88613,30.74066],[-97.88809,30.73818],[-97.88569,30.73735],[-97.88901,30.73336],[-97.88244,30.72816],[-97.88216,30.7237],[-97.87367,30.72236],[-97.87528,30.7291],[-97.87035,30.72818],[-97.86027,30.71352],[-97.85398,30.72429],[-97.85816,30.72877],[-97.85433,30.73076],[-97.85584,30.73435],[-97.85119,30.73349],[-97.85267,30.73988],[-97.84669,30.73377],[-97.84805,30.72745],[-97.8437,30.72406],[-97.84069,30.71327],[-97.83704,30.71383],[-97.83791,30.71914],[-97.83363,30.72514],[-97.82958,30.71648],[-97.82552,30.71607],[-97.82871,30.72548],[-97.82523,30.72391],[-97.82562,30.72735],[-97.82221,30.73053],[-97.82153,30.71926],[-97.81718,30.72171],[-97.83885,30.68099],[-97.85325,30.66303],[-97.85377,30.66721],[-97.86245,30.66671],[-97.86474,30.66892],[-97.85978,30.67057],[-97.85883,30.67334],[-97.85201,30.6745],[-97.85194,30.67862],[-97.85775,30.6773],[-97.8595,30.68409],[-97.85357,30.69086],[-97.86254,30.68704],[-97.86439,30.68244],[-97.86703,30.68567],[-97.87045,30.67407],[-97.87543,30.67539],[-97.87337,30.67982],[-97.87479,30.68198],[-97.87959,30.68244],[-97.88169,30.68162],[-97.88079,30.67842],[-97.88377,30.67856],[-97.88276,30.67307],[-97.8845,30.67351],[-97.88577,30.67001],[-97.88914,30.66853],[-97.89043,30.67167],[-97.89449,30.67272],[-97.89632,30.67052],[-97.8982,30.67605],[-97.8935,30.68183],[-97.89268,30.68911],[-97.89671,30.6925],[-97.89938,30.69333],[-97.90076,30.68811],[-97.90389,30.68933],[-97.90832,30.68367],[-97.90595,30.68971],[-97.90725,30.69158],[-97.91261,30.69083],[-97.91433,30.68675],[-97.91724,30.68998],[-97.92207,30.68878],[-97.92187,30.69383],[-97.93392,30.6922],[-97.92884,30.6938],[-97.93246,30.69685],[-97.93095,30.6979],[-97.93259,30.70097],[-97.92634,30.70018],[-97.92501,30.70392],[-97.93235,30.70705],[-97.93844,30.702],[-97.94146,30.70397],[-97.94454,30.70135],[-97.94631,30.70448],[-97.95002,30.70455],[-97.94418,30.70812],[-97.94326,30.71293],[-97.945,30.71452],[-97.94942,30.71281],[-97.95983,30.72128],[-97.95356,30.72278],[-97.95327,30.72571],[-97.94901,30.72552],[-97.94946,30.72793],[-97.95333,30.72954],[-97.95567,30.72659],[-97.96203,30.72566],[-97.96462,30.72643],[-97.96413,30.72867],[-97.96893,30.72535],[-97.97236,30.72909],[-97.97742,30.72153],[-97.9784,30.72455],[-97.98188,30.72268],[-97.98411,30.72488],[-97.98277,30.72839],[-97.98609,30.72864],[-97.98621,30.73213],[-97.98937,30.73422],[-97.99343,30.72701],[-97.99709,30.73573],[-98.00083,30.73456],[-98.00442,30.72691],[-98.00724,30.73116],[-98.00761,30.72693],[-98.01125,30.72683],[-98.01164,30.72867],[-98.01551,30.72589],[-98.01902,30.72751],[-98.01939,30.73061],[-98.02206,30.72896],[-98.02508,30.7323],[-98.02073,30.7376],[-98.02964,30.7356],[-98.03007,30.73932],[-98.02732,30.74223],[-98.03475,30.74284],[-98.03252,30.7469],[-98.03661,30.75041],[-98.03355,30.7528],[-98.04002,30.75645],[-98.04643,30.75305],[-98.04739,30.75618],[-98.05189,30.75085],[-98.05483,30.75722],[-98.05839,30.75209],[-98.06091,30.75308],[-98.0612,30.75755],[-98.06979,30.7541],[-98.07111,30.75577],[-98.07751,30.7534],[-98.08141,30.75469],[-98.06507,30.76272],[-98.07421,30.76742],[-98.06776,30.76778],[-98.06707,30.77161],[-98.06335,30.77056],[-98.06194,30.77273],[-98.05785,30.76984],[-98.05523,30.77406],[-98.05332,30.77044],[-98.04887,30.7707],[-98.04731,30.76703],[-98.04423,30.76987],[-98.0361,30.76593],[-98.03446,30.77027],[-98.03704,30.77223],[-98.03501,30.77566],[-98.03745,30.77773],[-98.0332,30.77886],[-98.0281,30.77602],[-98.02544,30.76815],[-98.02059,30.76956],[-98.02017,30.76371],[-98.01263,30.7679],[-98.0108,30.7573],[-98.00605,30.75349],[-98.00133,30.75363],[-98.00008,30.74856],[-97.99299,30.74494],[-97.98875,30.74516],[-97.98759,30.74741],[-97.98075,30.74388],[-97.97752,30.74924],[-97.99389,30.7522],[-97.99941,30.7566],[-97.99908,30.76525],[-97.99372,30.75781],[-97.98757,30.75966],[-97.9867,30.76339],[-97.97988,30.76038],[-97.97933,30.76302],[-97.97666,30.76271],[-97.96853,30.75582],[-97.9652,30.76004],[-97.96877,30.7632],[-97.96688,30.76506],[-97.97047,30.76965],[-97.98953,30.77418],[-97.99131,30.77765],[-97.9815,30.77514],[-97.98083,30.77806],[-97.97237,30.78091],[-97.97721,30.78509],[-97.98928,30.78821],[-97.99165,30.79133],[-97.9706,30.787],[-97.97062,30.79199],[-97.96583,30.79135],[-97.95466,30.77785],[-97.95533,30.77372],[-97.95211,30.77153],[-97.95144,30.76707],[-97.94807,30.76745],[-97.94703,30.76517],[-97.94276,30.76774],[-97.94038,30.77298],[-97.94616,30.77331],[-97.94587,30.77618],[-97.94982,30.77842],[-97.94842,30.78193],[-97.94445,30.7837],[-97.94859,30.78909],[-97.93996,30.79389],[-97.9444,30.79773],[-97.94163,30.79885],[-97.94122,30.80223],[-97.94538,30.80528],[-97.94831,30.8018],[-97.94793,30.80685],[-97.95394,30.80924],[-97.95988,30.80648],[-97.95895,30.81045],[-97.96075,30.81088],[-97.96746,30.80708],[-97.97018,30.80201],[-97.97097,30.80687],[-97.97286,30.80387],[-97.97376,30.80666],[-97.97735,30.80668],[-97.9732,30.80908],[-97.97627,30.81396],[-97.98403,30.809],[-97.9867,30.81035],[-97.98589,30.80515],[-97.99133,30.80909],[-97.99293,30.80472],[-97.99509,30.80744],[-97.99834,30.80711],[-97.99609,30.81109],[-98.00167,30.81359],[-98.00344,30.80874],[-98.00674,30.81282],[-98.00954,30.81015],[-98.00771,30.80721],[-98.0111,30.80735],[-98.0088,30.8047],[-98.00996,30.80179],[-98.01435,30.80033],[-98.01713,30.8087],[-98.02007,30.80637],[-98.02052,30.80231],[-98.02462,30.80446],[-98.0201,30.79601],[-98.02198,30.79339],[-98.02328,30.79746],[-98.02702,30.79497],[-98.02825,30.79927],[-98.03167,30.79471],[-98.0328,30.80227],[-98.03741,30.79984],[-98.03745,30.79532],[-98.04061,30.79728],[-98.04305,30.79168],[-98.04556,30.79565],[-98.04873,30.78863],[-98.05064,30.79076],[-98.05299,30.78739],[-98.05375,30.79289],[-98.05549,30.7905],[-98.05846,30.79155],[-98.05821,30.78376],[-98.06017,30.78571],[-98.06139,30.78246],[-98.06495,30.78729],[-98.06644,30.78317],[-98.07099,30.78767],[-98.0727,30.78143],[-98.07532,30.78626],[-98.07778,30.78616],[-98.07842,30.78078],[-98.0832,30.78144],[-98.08747,30.77849],[-98.0897,30.78182],[-98.07838,30.79424],[-98.07505,30.79496],[-98.07375,30.79914],[-98.07548,30.79961],[-98.07777,30.79601],[-98.08102,30.79666],[-98.08205,30.79231],[-98.0859,30.79337],[-98.08718,30.78977],[-98.08938,30.7892],[-98.09095,30.79231],[-98.09278,30.78705],[-98.09524,30.78666],[-98.09673,30.78289],[-98.09965,30.78388],[-98.10142,30.77891],[-98.10519,30.78007],[-98.10441,30.76885],[-98.10761,30.76737],[-98.10987,30.77689],[-98.1132,30.77554],[-98.11417,30.76993],[-98.11771,30.77619],[-98.11959,30.77271],[-98.12363,30.77387],[-98.1253,30.76575],[-98.13038,30.7612],[-98.13033,30.76715],[-98.13632,30.76667],[-98.13689,30.76868],[-98.13024,30.77122],[-98.13041,30.77511],[-98.1385,30.77596],[-98.1394,30.78095],[-98.14588,30.77559],[-98.14825,30.77853],[-98.15046,30.77671],[-98.14916,30.77069],[-98.15144,30.77036],[-98.15554,30.7619],[-98.15473,30.77209],[-98.15743,30.77514],[-98.16346,30.7687],[-98.16084,30.77493],[-98.16456,30.78205],[-98.16567,30.77541],[-98.16969,30.77205],[-98.173,30.77321],[-98.17582,30.76842],[-98.17739,30.77249],[-98.18307,30.76794],[-98.18175,30.77412],[-98.18406,30.77693],[-98.19227,30.77222],[-98.19764,30.77334],[-98.19788,30.77534],[-98.19144,30.77663],[-98.19175,30.77984],[-98.18735,30.78073],[-98.1878,30.78526],[-98.17956,30.78544],[-98.17622,30.78795],[-98.18429,30.79251],[-98.18162,30.79559],[-98.18394,30.79652],[-98.19387,30.79181],[-98.19305,30.7949],[-98.18952,30.79637],[-98.19016,30.79873],[-98.20261,30.79552],[-98.19779,30.801],[-98.19871,30.80283],[-98.20437,30.80091],[-98.20727,30.80442],[-98.21897,30.80402],[-98.21284,30.80594],[-98.21369,30.80806],[-98.19888,30.80862],[-98.20997,30.81938],[-98.22726,30.82622],[-98.20316,30.82135],[-98.2008,30.81785],[-98.19549,30.81748],[-98.19651,30.8145],[-98.19128,30.81122],[-98.18589,30.8121],[-98.18086,30.8091],[-98.17706,30.81126],[-98.17403,30.80603],[-98.16943,30.80887],[-98.16793,30.80394],[-98.16132,30.80906],[-98.15824,30.80401],[-98.15905,30.80121],[-98.15408,30.79935],[-98.15234,30.80277],[-98.14768,30.80229],[-98.15011,30.80648],[-98.13718,30.80235],[-98.1357,30.80532],[-98.139,30.80872],[-98.13845,30.81135],[-98.12701,30.80447],[-98.12548,30.8134],[-98.122,30.80737],[-98.11894,30.80907],[-98.11291,30.8052],[-98.11182,30.8076],[-98.11605,30.81243],[-98.11437,30.81368],[-98.1164,30.81741],[-98.10806,30.81497],[-98.10742,30.8196],[-98.10416,30.81987],[-98.10188,30.81545],[-98.09855,30.81486],[-98.09551,30.82068],[-98.09232,30.82043],[-98.09203,30.82341],[-98.08436,30.81993],[-98.08254,30.82347],[-98.08891,30.8258],[-98.0904,30.82935],[-98.09988,30.82351],[-98.10079,30.82689],[-98.10352,30.82467],[-98.10378,30.82645],[-98.11301,30.82616],[-98.11372,30.83166],[-98.10653,30.83179],[-98.10651,30.83466],[-98.10404,30.83504],[-98.10575,30.8374],[-98.11222,30.8348],[-98.11777,30.83959],[-98.11768,30.83305],[-98.12188,30.83342],[-98.12389,30.82862],[-98.12614,30.83178],[-98.13149,30.82695],[-98.13015,30.83828],[-98.13372,30.83651],[-98.135,30.83859],[-98.13569,30.83447],[-98.13909,30.83237],[-98.1437,30.83961],[-98.14408,30.83234],[-98.14793,30.83241],[-98.14889,30.8283],[-98.15061,30.8302],[-98.15212,30.82242],[-98.15356,30.82649],[-98.16055,30.82555],[-98.15566,30.83022],[-98.15723,30.83241],[-98.1607,30.83202],[-98.16267,30.83541],[-98.16586,30.83508],[-98.16888,30.83063],[-98.17178,30.83408],[-98.1737,30.82671],[-98.17792,30.83033],[-98.18345,30.82882],[-98.17995,30.83441],[-98.19004,30.83692],[-98.18684,30.83902],[-98.18807,30.84241],[-98.19074,30.84059],[-98.19972,30.84161],[-98.20225,30.83944],[-98.20501,30.84421],[-98.21273,30.84402],[-98.21337,30.84683],[-98.21868,30.84817],[-98.21946,30.8527],[-98.21694,30.84953],[-98.1984,30.84865],[-98.19733,30.85001],[-98.20744,30.86117],[-98.20159,30.85851],[-98.19827,30.86033],[-98.1963,30.85648],[-98.19296,30.85887],[-98.18966,30.85536],[-98.18304,30.86088],[-98.18,30.85663],[-98.1741,30.85563],[-98.17201,30.85069],[-98.16375,30.85082],[-98.16261,30.85356],[-98.17222,30.85855],[-98.16289,30.86026],[-98.15254,30.85889],[-98.15284,30.86153],[-98.16274,30.86221],[-98.16871,30.86573],[-98.1753,30.86451],[-98.174,30.8692],[-98.17066,30.87061],[-98.17437,30.87418],[-98.18084,30.87061],[-98.19025,30.87506],[-98.19225,30.87335],[-98.1957,30.87503],[-98.19698,30.87235],[-98.2,30.87809],[-98.20615,30.87451],[-98.2116,30.87436],[-98.20666,30.8768],[-98.20844,30.8799],[-98.22109,30.87779],[-98.22196,30.87567],[-98.22466,30.87958],[-98.22187,30.87985]],[[-98.07914,30.73932],[-98.06721,30.73777],[-98.06327,30.73127],[-98.06031,30.73589],[-98.05653,30.72797],[-98.0512,30.72926],[-98.0469,30.72774],[-98.04552,30.72453],[-98.03933,30.7273],[-98.03451,30.72509],[-98.033,30.72983],[-98.02766,30.71777],[-98.01835,30.72041],[-98.01333,30.71774],[-98.01302,30.71419],[-98.00915,30.71594],[-98.00594,30.71163],[-98.00217,30.71756],[-97.99645,30.71254],[-97.99239,30.71551],[-97.97881,30.70456],[-97.97483,30.70879],[-97.97225,30.70023],[-97.96975,30.70175],[-97.96506,30.69888],[-97.96175,30.69967],[-97.95762,30.69376],[-97.95071,30.69281],[-97.94845,30.68751],[-97.93964,30.68429],[-97.93752,30.68065],[-97.93429,30.68137],[-97.92942,30.67507],[-97.92367,30.67685],[-97.91955,30.67169],[-97.91625,30.67276],[-97.91319,30.66752],[-97.90894,30.66723],[-97.90752,30.66999],[-97.90598,30.66474],[-97.90249,30.66558],[-97.89162,30.66181],[-97.88093,30.65168],[-97.87379,30.65336],[-97.87299,30.65732],[-97.8686,30.65616],[-97.86022,30.65007],[-97.87055,30.61732],[-97.88042,30.62087],[-97.8776,30.62285],[-97.88282,30.626],[-97.88551,30.62408],[-97.8885,30.62525],[-97.89248,30.62097],[-97.89492,30.62467],[-97.90109,30.61939],[-97.90255,30.6251],[-97.90653,30.62562],[-97.90992,30.62112],[-97.91332,30.62263],[-97.91847,30.61575],[-97.92645,30.61355],[-97.92555,30.61963],[-97.92066,30.62117],[-97.91979,30.62502],[-97.93539,30.62656],[-97.9318,30.63009],[-97.91282,30.63311],[-97.90633,30.63846],[-97.9076,30.64382],[-97.91164,30.64412],[-97.91148,30.64092],[-97.91489,30.63939],[-97.91718,30.64182],[-97.92127,30.63554],[-97.9249,30.63962],[-97.93153,30.63908],[-97.92934,30.64381],[-97.93354,30.6449],[-97.93711,30.64395],[-97.94277,30.63718],[-97.94445,30.64232],[-97.94155,30.64876],[-97.94564,30.65101],[-97.94384,30.65526],[-97.94877,30.65212],[-97.95049,30.64769],[-97.94849,30.64307],[-97.95213,30.6377],[-97.95394,30.64324],[-97.95615,30.64075],[-97.96003,30.64282],[-97.9586,30.63603],[-97.96249,30.63381],[-97.96589,30.636],[-97.96775,30.6318],[-97.96912,30.63487],[-97.97309,30.63414],[-97.97524,30.62707],[-97.98042,30.62369],[-97.98608,30.6246],[-97.97973,30.63051],[-97.98331,30.63545],[-98.00774,30.63278],[-98.00951,30.6352],[-98.01032,30.63291],[-98.01484,30.63277],[-98.01694,30.62637],[-98.02,30.62599],[-98.02209,30.62932],[-98.02747,30.62763],[-98.01753,30.63662],[-98.02828,30.64264],[-98.03408,30.63982],[-98.03484,30.64297],[-98.0272,30.64504],[-98.02863,30.64872],[-98.03275,30.64974],[-98.02436,30.65196],[-98.0191,30.64614],[-98.01324,30.64879],[-98.01061,30.64568],[-98.00767,30.64939],[-98.00384,30.64736],[-97.98963,30.65313],[-97.98177,30.65127],[-97.97936,30.65399],[-97.97161,30.65426],[-97.97302,30.65888],[-97.98307,30.65784],[-97.99323,30.66293],[-97.97564,30.66635],[-97.97543,30.6699],[-97.96861,30.66998],[-97.96857,30.67262],[-97.97433,30.67518],[-97.97587,30.67213],[-97.98286,30.66964],[-97.98545,30.67402],[-97.98238,30.67325],[-97.98022,30.67958],[-97.98223,30.68104],[-97.98791,30.67909],[-97.98766,30.68464],[-97.99027,30.68582],[-97.99252,30.6851],[-97.99294,30.67869],[-97.99809,30.68114],[-97.99807,30.67553],[-98.0017,30.67243],[-98.00459,30.67525],[-98.00584,30.66948],[-98.01241,30.66878],[-98.01344,30.66517],[-98.01617,30.66433],[-98.01608,30.66748],[-98.02065,30.66745],[-98.02003,30.66997],[-98.02207,30.67084],[-98.02859,30.67088],[-98.02969,30.67426],[-98.01969,30.67821],[-98.01994,30.68091],[-98.01441,30.68247],[-98.00858,30.68885],[-98.0147,30.68752],[-98.01821,30.68948],[-98.02512,30.68712],[-98.02763,30.68903],[-98.03117,30.6871],[-98.0358,30.68873],[-98.03231,30.69346],[-98.03913,30.69482],[-98.04742,30.68754],[-98.04531,30.6857],[-98.04772,30.68359],[-98.04481,30.68197],[-98.04816,30.67827],[-98.05114,30.67869],[-98.05202,30.66769],[-98.05674,30.67603],[-98.06403,30.6759],[-98.07453,30.66634],[-98.07021,30.67473],[-98.07418,30.67664],[-98.07357,30.6783],[-98.06812,30.67885],[-98.06785,30.68176],[-98.05926,30.68435],[-98.05956,30.68727],[-98.06374,30.68884],[-98.05793,30.69264],[-98.05964,30.69477],[-98.06455,30.69526],[-98.08668,30.6833],[-98.08659,30.68542],[-98.09136,30.68682],[-98.07824,30.69219],[-98.0759,30.69492],[-98.07769,30.69568],[-98.1119,30.69112],[-98.12043,30.68595],[-98.12121,30.68802],[-98.126,30.68701],[-98.12504,30.69119],[-98.12827,30.69401],[-98.13795,30.69693],[-98.11983,30.69431],[-98.10528,30.69778],[-98.11416,30.70086],[-98.11108,30.70377],[-98.09776,30.70101],[-98.09245,30.70178],[-98.09519,30.70586],[-98.08399,30.70425],[-98.07693,30.70827],[-98.07183,30.70544],[-98.0667,30.70833],[-98.07331,30.71157],[-98.07844,30.7108],[-98.0818,30.71328],[-98.08811,30.7116],[-98.09103,30.71379],[-98.09742,30.70994],[-98.09838,30.71463],[-98.10316,30.71598],[-98.1065,30.71296],[-98.10851,30.71756],[-98.11178,30.7162],[-98.12476,30.71913],[-98.12209,30.7229],[-98.12916,30.71795],[-98.13126,30.72048],[-98.12945,30.72334],[-98.14314,30.72226],[-98.14185,30.72558],[-98.14841,30.72641],[-98.15118,30.73141],[-98.15614,30.73373],[-98.1516,30.73525],[-98.13863,30.72951],[-98.13154,30.72908],[-98.13012,30.73159],[-98.13581,30.73454],[-98.13201,30.73601],[-98.12553,30.73374],[-98.12238,30.73779],[-98.11864,30.73135],[-98.11161,30.72983],[-98.11495,30.73517],[-98.11154,30.74059],[-98.10925,30.73526],[-98.10474,30.73489],[-98.10549,30.73243],[-98.10102,30.72656],[-98.09597,30.72602],[-98.09402,30.72961],[-98.09545,30.73323],[-98.08903,30.73062],[-98.08768,30.73376],[-98.08118,30.73155],[-98.07931,30.72707],[-98.07696,30.72946],[-98.07386,30.72652],[-98.07212,30.72789],[-98.07401,30.73328],[-98.08213,30.73894],[-98.07914,30.73932]],[[-98.0765,29.95007],[-98.06713,29.95897],[-98.06046,29.95749],[-98.07265,29.95],[-98.0765,29.95007]]]]},"properties":{"layer":"aquifer","aquifer":"Trinity","rank":"major","code":"2","extent":"subsurface","source":"twdb-major-aquifers-bbox"}},{"type":"Feature","geometry":{"type":"MultiPolygon","coordinates":[[[[-98.35818,31.05],[-98.3567,31.04833],[-98.36007,31.04192],[-98.35424,31.03713],[-98.34798,31.03578],[-98.34696,31.03142],[-98.35795,31.03234],[-98.35827,31.02552],[-98.34367,31.01782],[-98.33797,31.0218],[-98.33678,31.01962],[-98.34271,31.00302],[-98.3417,31.00052],[-98.33505,30.99901],[-98.33415,31.00319],[-98.34042,31.00322],[-98.34084,31.00741],[-98.3362,31.01306],[-98.3306,31.01361],[-98.33431,31.02544],[-98.33111,31.0256],[-98.33129,31.02772],[-98.32702,31.02982],[-98.32908,31.03838],[-98.33614,31.03819],[-98.33822,31.046],[-98.34388,31.04746],[-98.34064,31.05],[-98.35818,31.05]]]]},"properties":{"layer":"aquifer","aquifer":"Trinity","rank":"major","code":"1","extent":"outcrop","source":"twdb-major-aquifers-bbox"}},{"type":"Feature","geometry":{"type":"MultiPolygon","coordinates":[[[[-98.24262,30.7925],[-98.24667,30.79383],[-98.24873,30.80392],[-98.25132,30.80439],[-98.2548,30.79988],[-98.25939,30.8109],[-98.26002,30.80683],[-98.26557,30.81161],[-98.26955,30.81203],[-98.26731,30.80944],[-98.27165,30.80585],[-98.26681,30.8024],[-98.26551,30.79815],[-98.27282,30.79801],[-98.26655,30.79226],[-98.27653,30.78984],[-98.27439,30.78636],[-98.26658,30.78613],[-98.27499,30.77952],[-98.26189,30.7817],[-98.255,30.77892],[-98.26164,30.77872],[-98.26672,30.77491],[-98.26295,30.7722],[-98.26014,30.77374],[-98.25803,30.77006],[-98.25852,30.76771],[-98.2635,30.76762],[-98.26099,30.76366],[-98.27374,30.76692],[-98.27236,30.76313],[-98.27409,30.76251],[-98.27811,30.76814],[-98.2784,30.77433],[-98.28344,30.77681],[-98.284,30.79376],[-98.27808,30.79523],[-98.27998,30.80142],[-98.27821,30.80783],[-98.28173,30.80993],[-98.28036,30.80314],[-98.28905,30.79314],[-98.29029,30.77529],[-98.29469,30.77313],[-98.27993,30.76385],[-98.2736,30.75443],[-98.27509,30.74992],[-98.26994,30.74526],[-98.26443,30.74392],[-98.25956,30.74905],[-98.25637,30.75986],[-98.25521,30.75487],[-98.24551,30.75414],[-98.2454,30.75053],[-98.24296,30.74966],[-98.23779,30.7584],[-98.24284,30.75825],[-98.24381,30.76158],[-98.2373,30.76178],[-98.23303,30.76502],[-98.23019,30.76255],[-98.22566,30.75348],[-98.22753,30.75177],[-98.22662,30.74844],[-98.2338,30.74739],[-98.23481,30.73393],[-98.23257,30.73272],[-98.2402,30.72348],[-98.22863,30.71478],[-98.22213,30.71372],[-98.2185,30.70082],[-98.23121,30.69526],[-98.23611,30.69706],[-98.23463,30.69001],[-98.24168,30.68603],[-98.24058,30.68219],[-98.23255,30.68181],[-98.23164,30.67986],[-98.22239,30.68303],[-98.22012,30.67385],[-98.21891,30.67539],[-98.21641,30.67366],[-98.21638,30.67744],[-98.21122,30.67593],[-98.215,30.66449],[-98.22013,30.66125],[-98.21905,30.65437],[-98.21148,30.65531],[-98.21755,30.6499],[-98.21578,30.64611],[-98.22097,30.64356],[-98.21703,30.63667],[-98.2094,30.63715],[-98.20882,30.63445],[-98.21236,30.63086],[-98.21708,30.63037],[-98.21566,30.62389],[-98.22347,30.62536],[-98.2172,30.62155],[-98.21662,30.61891],[-98.21264,30.61947],[-98.21525,30.61639],[-98.2134,30.61443],[-98.21752,30.61279],[-98.21404,30.60728],[-98.22031,30.60181],[-98.21261,30.60343],[-98.20927,30.60714],[-98.20803,30.6045],[-98.21145,30.5989],[-98.20593,30.60031],[-98.20478,30.59297],[-98.20144,30.59782],[-98.20301,30.60138],[-98.19822,30.60222],[-98.19959,30.60658],[-98.19688,30.60548],[-98.19653,30.60862],[-98.19157,30.60631],[-98.19166,30.60299],[-98.18804,30.60835],[-98.18528,30.60576],[-98.18194,30.60792],[-98.18288,30.60529],[-98.18675,30.60451],[-98.19344,30.59401],[-98.19192,30.59268],[-98.19474,30.58886],[-98.19315,30.58759],[-98.19872,30.57771],[-98.19868,30.57307],[-98.20161,30.57291],[-98.19804,30.57118],[-98.20023,30.56924],[-98.195,30.56944],[-98.19535,30.57632],[-98.19212,30.57298],[-98.18931,30.57795],[-98.19108,30.56943],[-98.18684,30.57113],[-98.18499,30.5694],[-98.18421,30.57489],[-98.17823,30.57732],[-98.18165,30.57362],[-98.1796,30.5716],[-98.18581,30.56528],[-98.18391,30.56212],[-98.18519,30.5576],[-98.18122,30.55809],[-98.18342,30.55473],[-98.17858,30.55482],[-98.18168,30.54905],[-98.17857,30.54715],[-98.173,30.54849],[-98.17236,30.55456],[-98.16975,30.54968],[-98.16555,30.55246],[-98.16943,30.54647],[-98.16404,30.54049],[-98.16659,30.53607],[-98.16563,30.53093],[-98.16187,30.52834],[-98.16305,30.52514],[-98.15287,30.52657],[-98.14024,30.52353],[-98.14344,30.51931],[-98.15365,30.51844],[-98.15322,30.51489],[-98.15792,30.51514],[-98.15757,30.51835],[-98.16096,30.51579],[-98.16927,30.51521],[-98.16944,30.50661],[-98.18063,30.49842],[-98.18316,30.48434],[-98.18543,30.4918],[-98.18862,30.49056],[-98.19146,30.48215],[-98.18856,30.48047],[-98.19135,30.47671],[-98.18932,30.47412],[-98.19926,30.46483],[-98.19491,30.46121],[-98.21253,30.45802],[-98.20586,30.46567],[-98.21903,30.46699],[-98.20936,30.46849],[-98.20736,30.47077],[-98.2198,30.47278],[-98.22514,30.47669],[-98.23179,30.47077],[-98.22759,30.48684],[-98.24654,30.47203],[-98.25098,30.47337],[-98.25332,30.47001],[-98.26159,30.47101],[-98.26153,30.4689],[-98.25208,30.46456],[-98.25864,30.46378],[-98.25755,30.45966],[-98.26185,30.45968],[-98.2696,30.44917],[-98.27622,30.44759],[-98.27932,30.44915],[-98.27328,30.45405],[-98.27265,30.45749],[-98.28719,30.45194],[-98.29086,30.44788],[-98.29047,30.44364],[-98.28678,30.44157],[-98.28878,30.43837],[-98.2915,30.43901],[-98.2924,30.44434],[-98.2965,30.44253],[-98.2969,30.44679],[-98.29427,30.45025],[-98.29722,30.45679],[-98.29331,30.4582],[-98.2891,30.46466],[-98.29308,30.46376],[-98.29545,30.46715],[-98.29002,30.46729],[-98.28437,30.47139],[-98.28304,30.4695],[-98.28669,30.46871],[-98.28712,30.46517],[-98.27973,30.47],[-98.27264,30.47141],[-98.27964,30.47407],[-98.271,30.48096],[-98.27874,30.48168],[-98.27805,30.4862],[-98.28149,30.48834],[-98.27505,30.48997],[-98.27842,30.49308],[-98.27038,30.49677],[-98.26824,30.49985],[-98.26942,30.50277],[-98.26548,30.50723],[-98.27038,30.50879],[-98.26745,30.5109],[-98.27242,30.50977],[-98.27526,30.51276],[-98.27628,30.50761],[-98.27987,30.50637],[-98.27935,30.50391],[-98.28495,30.50759],[-98.27726,30.49725],[-98.2823,30.49727],[-98.27932,30.49589],[-98.28445,30.49133],[-98.28901,30.48161],[-98.29812,30.47563],[-98.30437,30.46787],[-98.30975,30.46674],[-98.30824,30.46428],[-98.3148,30.4631],[-98.313,30.46647],[-98.31439,30.46831],[-98.32482,30.45953],[-98.33294,30.46305],[-98.33785,30.4617],[-98.34234,30.46504],[-98.33338,30.4697],[-98.33672,30.47469],[-98.33833,30.47281],[-98.34513,30.4769],[-98.35717,30.47855],[-98.37463,30.46904],[-98.37611,30.46618],[-98.37789,30.46705],[-98.37667,30.47037],[-98.38349,30.47234],[-98.3892,30.47035],[-98.39169,30.47466],[-98.39654,30.47295],[-98.39622,30.47003],[-98.39947,30.46747],[-98.39716,30.46557],[-98.40229,30.45814],[-98.41837,30.46082],[-98.4202,30.45046],[-98.43539,30.44312],[-98.43791,30.44479],[-98.43359,30.44575],[-98.42902,30.45181],[-98.43266,30.45291],[-98.43296,30.45847],[-98.44,30.45768],[-98.44172,30.45052],[-98.44015,30.44709],[-98.44366,30.44434],[-98.44511,30.44859],[-98.44328,30.45758],[-98.44665,30.45942],[-98.4497,30.45668],[-98.44869,30.46125],[-98.45068,30.46292],[-98.46188,30.45849],[-98.46737,30.46182],[-98.47002,30.45982],[-98.46897,30.45627],[-98.47768,30.46529],[-98.47996,30.45951],[-98.47846,30.45177],[-98.48092,30.4492],[-98.48228,30.45516],[-98.49532,30.4584],[-98.496,30.45222],[-98.49319,30.44436],[-98.49967,30.44409],[-98.50239,30.44118],[-98.49613,30.4375],[-98.4996,30.42714],[-98.49677,30.42146],[-98.50808,30.42167],[-98.50863,30.41479],[-98.51379,30.41761],[-98.51252,30.41978],[-98.51896,30.41699],[-98.51954,30.41906],[-98.52331,30.41906],[-98.52039,30.42387],[-98.52633,30.42783],[-98.53303,30.42458],[-98.52999,30.41977],[-98.53245,30.41972],[-98.53252,30.41731],[-98.53066,30.41679],[-98.53718,30.4125],[-98.54824,30.41225],[-98.55164,30.41678],[-98.54847,30.41562],[-98.54371,30.41779],[-98.55143,30.42233],[-98.55946,30.41771],[-98.56182,30.42167],[-98.56454,30.42167],[-98.57337,30.41677],[-98.58251,30.41581],[-98.58714,30.41192],[-98.58695,30.4074],[-98.59296,30.40907],[-98.59324,30.40689],[-98.59495,30.40752],[-98.59246,30.40179],[-98.5957,30.40472],[-98.59728,30.40243],[-98.59905,30.40667],[-98.6021,30.40714],[-98.59971,30.40999],[-98.60163,30.41321],[-98.61044,30.41161],[-98.61214,30.41488],[-98.61228,30.41053],[-98.61559,30.41185],[-98.61825,30.40997],[-98.61482,30.40183],[-98.61892,30.40189],[-98.61747,30.39737],[-98.62277,30.39732],[-98.62888,30.38667],[-98.62611,30.38249],[-98.62618,30.37624],[-98.62167,30.37851],[-98.61926,30.37314],[-98.615,30.38253],[-98.61103,30.38212],[-98.61335,30.37823],[-98.60607,30.37667],[-98.60648,30.37404],[-98.59266,30.37367],[-98.58523,30.38133],[-98.58205,30.38121],[-98.58158,30.3839],[-98.57583,30.38515],[-98.57317,30.38268],[-98.56385,30.38467],[-98.5487,30.38183],[-98.54757,30.3863],[-98.55251,30.39209],[-98.5519,30.39776],[-98.54502,30.39655],[-98.54055,30.39218],[-98.53451,30.39829],[-98.52769,30.40097],[-98.51859,30.39242],[-98.51963,30.38927],[-98.51341,30.39287],[-98.49764,30.3957],[-98.4963,30.38532],[-98.49036,30.38398],[-98.48373,30.38592],[-98.48728,30.39],[-98.48344,30.39119],[-98.49165,30.39498],[-98.49569,30.4068],[-98.48429,30.4129],[-98.4783,30.40903],[-98.47271,30.41081],[-98.47752,30.40228],[-98.47443,30.39375],[-98.46853,30.39791],[-98.46185,30.39571],[-98.46795,30.39115],[-98.46798,30.38628],[-98.46006,30.38333],[-98.45298,30.38457],[-98.45167,30.38245],[-98.45626,30.37502],[-98.45017,30.37591],[-98.44628,30.37166],[-98.44369,30.37555],[-98.44062,30.36392],[-98.43697,30.36145],[-98.4316,30.36567],[-98.42492,30.36703],[-98.42579,30.36262],[-98.42112,30.35637],[-98.42628,30.35701],[-98.42835,30.35227],[-98.43032,30.3407],[-98.42683,30.33743],[-98.43043,30.33051],[-98.42402,30.32653],[-98.41904,30.31575],[-98.41599,30.31884],[-98.41904,30.33217],[-98.41668,30.32755],[-98.40975,30.32454],[-98.40688,30.31612],[-98.40867,30.31572],[-98.40977,30.31916],[-98.41071,30.31544],[-98.41456,30.31852],[-98.41363,30.31356],[-98.40684,30.31119],[-98.40502,30.30202],[-98.40016,30.29662],[-98.39738,30.29833],[-98.39227,30.28589],[-98.38308,30.28637],[-98.3884,30.29172],[-98.38561,30.29509],[-98.37957,30.28819],[-98.37574,30.28738],[-98.38573,30.28272],[-98.38053,30.28029],[-98.382,30.27755],[-98.37749,30.27822],[-98.38001,30.2776],[-98.38102,30.27411],[-98.38664,30.27459],[-98.38818,30.27121],[-98.39677,30.26975],[-98.39927,30.27268],[-98.39713,30.27731],[-98.40365,30.28277],[-98.40179,30.28666],[-98.40401,30.28902],[-98.4203,30.28449],[-98.42349,30.28192],[-98.42104,30.27893],[-98.42761,30.27431],[-98.43322,30.27633],[-98.43305,30.28418],[-98.43629,30.28757],[-98.44906,30.28056],[-98.44766,30.28629],[-98.45405,30.29232],[-98.4483,30.29115],[-98.44431,30.2971],[-98.43365,30.29677],[-98.43533,30.29352],[-98.43025,30.29145],[-98.43264,30.28928],[-98.4279,30.28571],[-98.42359,30.2857],[-98.42199,30.29153],[-98.4282,30.29167],[-98.43221,30.29546],[-98.42951,30.29557],[-98.43128,30.29706],[-98.42968,30.30078],[-98.4394,30.30001],[-98.43679,30.30721],[-98.4444,30.3046],[-98.44622,30.2971],[-98.45086,30.29529],[-98.44833,30.30204],[-98.46206,30.30465],[-98.45927,30.30951],[-98.46125,30.31083],[-98.46423,30.30804],[-98.468,30.30891],[-98.46821,30.30513],[-98.47192,30.30456],[-98.47372,30.29982],[-98.46943,30.29763],[-98.47288,30.29385],[-98.4759,30.29856],[-98.48885,30.29905],[-98.48818,30.30392],[-98.49241,30.30244],[-98.49368,30.30015],[-98.48998,30.29837],[-98.49073,30.29144],[-98.49517,30.28859],[-98.48891,30.28233],[-98.50063,30.27686],[-98.49993,30.26804],[-98.50674,30.26823],[-98.50866,30.26416],[-98.51138,30.26388],[-98.51237,30.2656],[-98.52287,30.26586],[-98.52659,30.26123],[-98.52898,30.2515],[-98.5317,30.25351],[-98.5297,30.25573],[-98.53609,30.26222],[-98.54252,30.26],[-98.54965,30.26334],[-98.56141,30.26061],[-98.56768,30.26257],[-98.56756,30.25965],[-98.57166,30.25697],[-98.57089,30.25255],[-98.58245,30.24622],[-98.57714,30.25652],[-98.57899,30.25767],[-98.58085,30.25337],[-98.58447,30.2606],[-98.59431,30.26239],[-98.58683,30.26541],[-98.59844,30.27276],[-98.59422,30.27556],[-98.59473,30.27889],[-98.6043,30.28778],[-98.59373,30.28793],[-98.592,30.28524],[-98.5899,30.28581],[-98.59035,30.28323],[-98.58639,30.28351],[-98.58482,30.28104],[-98.58144,30.28264],[-98.57438,30.28091],[-98.56808,30.28502],[-98.564,30.27931],[-98.55288,30.28711],[-98.55636,30.29159],[-98.56086,30.29171],[-98.55881,30.2889],[-98.56068,30.28787],[-98.56879,30.29321],[-98.55523,30.29353],[-98.5472,30.28372],[-98.54316,30.28612],[-98.54212,30.28234],[-98.53794,30.28405],[-98.53579,30.27797],[-98.53089,30.27658],[-98.53445,30.28066],[-98.53306,30.28415],[-98.52856,30.28523],[-98.52959,30.29096],[-98.5261,30.28854],[-98.52778,30.28196],[-98.5252,30.28213],[-98.52244,30.27594],[-98.52302,30.28052],[-98.51753,30.28372],[-98.51923,30.28807],[-98.51534,30.28583],[-98.51301,30.29052],[-98.51795,30.29408],[-98.5284,30.29342],[-98.52718,30.30132],[-98.53179,30.30643],[-98.5308,30.31106],[-98.52662,30.31294],[-98.52615,30.31587],[-98.5366,30.32276],[-98.53953,30.32895],[-98.54276,30.33114],[-98.54588,30.33023],[-98.54719,30.33435],[-98.5407,30.33548],[-98.54598,30.34105],[-98.56558,30.33124],[-98.57008,30.3313],[-98.57101,30.32632],[-98.56753,30.32219],[-98.56323,30.3235],[-98.56277,30.32167],[-98.5752,30.32003],[-98.57825,30.31637],[-98.58036,30.31804],[-98.58308,30.31621],[-98.58544,30.31999],[-98.59312,30.32098],[-98.59753,30.32523],[-98.59908,30.314],[-98.60297,30.31813],[-98.60845,30.31917],[-98.61541,30.31552],[-98.61811,30.31799],[-98.61401,30.32147],[-98.61552,30.32508],[-98.61127,30.32822],[-98.61213,30.33063],[-98.61768,30.3307],[-98.61735,30.33539],[-98.62277,30.3346],[-98.61927,30.33242],[-98.63093,30.32648],[-98.62701,30.33134],[-98.62925,30.3357],[-98.62324,30.33592],[-98.61971,30.34376],[-98.62434,30.34159],[-98.6289,30.34377],[-98.62667,30.33679],[-98.62957,30.33828],[-98.63137,30.33593],[-98.63249,30.34103],[-98.63824,30.33502],[-98.64042,30.33904],[-98.63505,30.34642],[-98.63715,30.34814],[-98.63549,30.35535],[-98.64428,30.35851],[-98.647,30.35772],[-98.64594,30.35296],[-98.65289,30.35297],[-98.64999,30.35463],[-98.65209,30.35669],[-98.65116,30.36087],[-98.64236,30.36624],[-98.64823,30.36786],[-98.65472,30.36477],[-98.65644,30.36804],[-98.66259,30.36707],[-98.66166,30.37079],[-98.67039,30.37092],[-98.66773,30.37395],[-98.67065,30.37957],[-98.66157,30.38643],[-98.66422,30.38179],[-98.66309,30.37922],[-98.65641,30.37972],[-98.65687,30.38345],[-98.65139,30.37926],[-98.65086,30.3851],[-98.64562,30.3863],[-98.64266,30.37352],[-98.63877,30.37134],[-98.63903,30.37615],[-98.63532,30.37563],[-98.63721,30.3872],[-98.64065,30.39081],[-98.63859,30.3931],[-98.63958,30.39597],[-98.64216,30.3962],[-98.64085,30.39403],[-98.64323,30.39036],[-98.65745,30.39318],[-98.6515,30.39655],[-98.65606,30.39828],[-98.65373,30.40183],[-98.6589,30.40189],[-98.6571,30.40441],[-98.6479,30.40807],[-98.64466,30.40623],[-98.63438,30.41601],[-98.63595,30.42283],[-98.63985,30.42432],[-98.6413,30.42873],[-98.65057,30.43195],[-98.65395,30.426],[-98.67037,30.41943],[-98.67236,30.42418],[-98.67965,30.41595],[-98.68243,30.41526],[-98.68613,30.41922],[-98.68328,30.42156],[-98.68632,30.42225],[-98.6834,30.42362],[-98.68459,30.42603],[-98.68778,30.42254],[-98.68745,30.41916],[-98.69241,30.42157],[-98.69665,30.41785],[-98.70083,30.41831],[-98.704,30.41328],[-98.70693,30.39713],[-98.71104,30.39644],[-98.71355,30.39983],[-98.71726,30.39622],[-98.727,30.39376],[-98.73202,30.37638],[-98.72984,30.37225],[-98.72732,30.37781],[-98.71627,30.38009],[-98.72244,30.3762],[-98.72236,30.37362],[-98.71575,30.37259],[-98.71377,30.36571],[-98.70948,30.36496],[-98.7057,30.36817],[-98.70022,30.36501],[-98.69347,30.36501],[-98.69413,30.36002],[-98.6909,30.3579],[-98.69633,30.35476],[-98.6981,30.3606],[-98.70419,30.35906],[-98.70605,30.36164],[-98.71087,30.35832],[-98.71597,30.36239],[-98.71563,30.35781],[-98.70705,30.34635],[-98.7245,30.3573],[-98.7208,30.34923],[-98.71729,30.3486],[-98.71487,30.34063],[-98.72372,30.34282],[-98.7232,30.33543],[-98.7384,30.34741],[-98.72935,30.33246],[-98.732,30.32633],[-98.73815,30.32759],[-98.73583,30.32473],[-98.73835,30.32335],[-98.72863,30.32289],[-98.72407,30.32776],[-98.72176,30.32054],[-98.72891,30.31865],[-98.72765,30.3155],[-98.73129,30.31396],[-98.7338,30.31762],[-98.73988,30.31471],[-98.7371,30.3123],[-98.742,30.31374],[-98.73698,30.30835],[-98.74015,30.30956],[-98.74168,30.3028],[-98.74432,30.3016],[-98.74438,30.30727],[-98.74769,30.30693],[-98.74531,30.31363],[-98.74847,30.31832],[-98.75144,30.31638],[-98.75317,30.31941],[-98.75112,30.32073],[-98.75501,30.32325],[-98.7568,30.31907],[-98.75753,30.32239],[-98.75515,30.32531],[-98.75838,30.33104],[-98.76076,30.33133],[-98.75892,30.32686],[-98.76388,30.32698],[-98.76003,30.32543],[-98.76473,30.32492],[-98.76136,30.32125],[-98.76751,30.32143],[-98.76652,30.31822],[-98.76995,30.32251],[-98.77116,30.32074],[-98.77425,30.32338],[-98.76604,30.33231],[-98.77088,30.33311],[-98.77081,30.33025],[-98.7757,30.32773],[-98.78133,30.33019],[-98.77981,30.33271],[-98.78166,30.3342],[-98.78596,30.33329],[-98.78536,30.3365],[-98.78919,30.3373],[-98.78687,30.34068],[-98.7814,30.33603],[-98.78191,30.3409],[-98.77451,30.33981],[-98.77682,30.34227],[-98.7761,30.34525],[-98.7837,30.34543],[-98.7786,30.34651],[-98.78072,30.34863],[-98.77319,30.35281],[-98.77906,30.35212],[-98.77549,30.3559],[-98.77778,30.35754],[-98.78404,30.35362],[-98.78561,30.35728],[-98.79025,30.35889],[-98.78721,30.35156],[-98.79197,30.35356],[-98.7917,30.34944],[-98.79435,30.35007],[-98.79586,30.35368],[-98.79304,30.35977],[-98.79614,30.36101],[-98.79487,30.3633],[-98.79719,30.3653],[-98.79983,30.36032],[-98.80241,30.36817],[-98.80605,30.36462],[-98.80407,30.36027],[-98.80718,30.36004],[-98.80917,30.36427],[-98.81056,30.36164],[-98.81306,30.36353],[-98.81452,30.36033],[-98.81042,30.35832],[-98.81464,30.35803],[-98.812,30.3558],[-98.81452,30.35311],[-98.80956,30.35305],[-98.81115,30.34961],[-98.80758,30.3487],[-98.81345,30.34893],[-98.81809,30.34486],[-98.81617,30.35431],[-98.81821,30.3582],[-98.82192,30.35723],[-98.8218,30.36044],[-98.81637,30.36118],[-98.81504,30.36674],[-98.81776,30.36582],[-98.82014,30.368],[-98.81908,30.36456],[-98.82107,30.36353],[-98.8251,30.3684],[-98.82609,30.36359],[-98.82827,30.36508],[-98.82807,30.37012],[-98.83283,30.37063],[-98.83144,30.3664],[-98.83485,30.36642],[-98.83033,30.36364],[-98.83582,30.36279],[-98.83045,30.36124],[-98.839,30.35975],[-98.83529,30.357],[-98.82874,30.35758],[-98.83311,30.35506],[-98.83019,30.35385],[-98.83204,30.35002],[-98.83263,30.35334],[-98.83952,30.35551],[-98.84277,30.35185],[-98.83926,30.35053],[-98.83859,30.34584],[-98.8417,30.34847],[-98.84753,30.34463],[-98.84388,30.34961],[-98.84507,30.35242],[-98.84824,30.35214],[-98.84322,30.35757],[-98.84475,30.36004],[-98.84824,30.35758],[-98.84925,30.36393],[-98.84428,30.368],[-98.84885,30.36697],[-98.84965,30.36966],[-98.85348,30.36485],[-98.85268,30.36164],[-98.85526,30.36223],[-98.85381,30.35775],[-98.85758,30.36084],[-98.86095,30.35832],[-98.85719,30.36616],[-98.8597,30.36811],[-98.86427,30.3641],[-98.86988,30.37544],[-98.86855,30.36765],[-98.87205,30.36735],[-98.86903,30.35986],[-98.87418,30.35957],[-98.86453,30.34961],[-98.8706,30.35362],[-98.87199,30.35144],[-98.8747,30.35241],[-98.87768,30.35734],[-98.87974,30.35545],[-98.8796,30.36049],[-98.88549,30.36295],[-98.88357,30.35653],[-98.89295,30.36196],[-98.89051,30.35825],[-98.89462,30.35762],[-98.88992,30.35424],[-98.90051,30.35252],[-98.89289,30.3508],[-98.89442,30.34616],[-98.88747,30.35098],[-98.88615,30.35006],[-98.88879,30.34737],[-98.88264,30.34897],[-98.88337,30.34508],[-98.87853,30.34628],[-98.87762,30.34371],[-98.88607,30.34279],[-98.88515,30.34084],[-98.88925,30.33884],[-98.89103,30.34071],[-98.89407,30.3374],[-98.88998,30.3366],[-98.89063,30.33276],[-98.88233,30.33756],[-98.88105,30.33558],[-98.88415,30.33248],[-98.87992,30.33288],[-98.87945,30.33025],[-98.8821,30.32498],[-98.87806,30.32555],[-98.87629,30.33546],[-98.87199,30.3373],[-98.87014,30.3365],[-98.87496,30.33249],[-98.87264,30.32871],[-98.87568,30.32584],[-98.8663,30.32934],[-98.86028,30.3286],[-98.85955,30.32688],[-98.87139,30.32562],[-98.87264,30.32355],[-98.87046,30.32269],[-98.8733,30.32103],[-98.8684,30.32046],[-98.87211,30.31817],[-98.86378,30.31857],[-98.86868,30.3149],[-98.87344,30.31611],[-98.86927,30.31233],[-98.85035,30.31583],[-98.85307,30.3121],[-98.85082,30.31015],[-98.85241,30.30752],[-98.85868,30.31268],[-98.86463,30.30826],[-98.85803,30.30626],[-98.86192,30.30391],[-98.85525,30.30076],[-98.8559,30.29905],[-98.85828,30.29853],[-98.86073,30.30156],[-98.86497,30.30065],[-98.86688,30.30523],[-98.87124,30.30666],[-98.87183,30.31089],[-98.87415,30.30906],[-98.87667,30.31656],[-98.878,30.31513],[-98.88149,30.31799],[-98.88612,30.30511],[-98.88368,30.31381],[-98.88725,30.31467],[-98.88407,30.31731],[-98.88606,30.31839],[-98.8854,30.32108],[-98.88262,30.322],[-98.88574,30.32372],[-98.89135,30.3181],[-98.89591,30.31759],[-98.89399,30.31175],[-98.89809,30.31249],[-98.90026,30.30773],[-98.90167,30.31117],[-98.8977,30.31581],[-98.90331,30.31619],[-98.90041,30.3181],[-98.90272,30.32068],[-98.90643,30.31976],[-98.90331,30.32188],[-98.89809,30.32039],[-98.89677,30.32234],[-98.90041,30.32354],[-98.89321,30.32744],[-98.89738,30.32875],[-98.90755,30.32514],[-98.90089,30.33385],[-98.90373,30.33637],[-98.90478,30.3323],[-98.90934,30.33046],[-98.91154,30.33802],[-98.91351,30.3292],[-98.91602,30.32794],[-98.92358,30.34059],[-98.92614,30.33847],[-98.92953,30.34168],[-98.92919,30.34517],[-98.92384,30.34964],[-98.92999,30.34551],[-98.93191,30.34723],[-98.9378,30.34562],[-98.93342,30.34362],[-98.93044,30.33709],[-98.93673,30.3352],[-98.92614,30.33332],[-98.92336,30.32919],[-98.93122,30.32615],[-98.92158,30.32593],[-98.91753,30.32164],[-98.92156,30.32307],[-98.92825,30.32123],[-98.92646,30.31894],[-98.93102,30.31762],[-98.92884,30.31579],[-98.92295,30.31809],[-98.91904,30.3158],[-98.92837,30.31086],[-98.91752,30.31099],[-98.91805,30.30853],[-98.92671,30.30697],[-98.92486,30.30388],[-98.9156,30.3024],[-98.9195,30.30097],[-98.91718,30.29902],[-98.92127,30.29673],[-98.91102,30.2882],[-98.9228,30.29667],[-98.92881,30.29804],[-98.92367,30.2997],[-98.92776,30.3013],[-98.93087,30.30834],[-98.93345,30.30714],[-98.93345,30.30285],[-98.93716,30.3041],[-98.93603,30.30679],[-98.93827,30.30662],[-98.9363,30.31075],[-98.94204,30.30742],[-98.94152,30.30393],[-98.94608,30.30507],[-98.94509,30.3089],[-98.93993,30.31131],[-98.95217,30.31216],[-98.94364,30.31589],[-98.94854,30.3179],[-98.94636,30.31944],[-98.94743,30.32145],[-98.94392,30.32277],[-98.94947,30.32557],[-98.95594,30.31909],[-98.96018,30.32166],[-98.95741,30.3243],[-98.95933,30.32625],[-98.9557,30.32728],[-98.95847,30.32899],[-98.95544,30.33043],[-98.95774,30.33237],[-98.95538,30.33501],[-98.95947,30.33415],[-98.96349,30.32733],[-98.96694,30.32978],[-98.96973,30.34204],[-98.96729,30.34473],[-98.96842,30.35046],[-98.97132,30.34433],[-98.97364,30.3445],[-98.97517,30.34988],[-98.97569,30.34638],[-98.97883,30.34486],[-98.97463,30.34278],[-98.9746,30.33104],[-98.98771,30.33549],[-98.99538,30.33451],[-98.9985,30.33943],[-99.00193,30.33805],[-98.99213,30.32913],[-98.98968,30.33108],[-98.9844,30.32965],[-98.98525,30.32816],[-98.98115,30.32685],[-98.98325,30.32364],[-98.97752,30.32576],[-98.97472,30.32405],[-98.98145,30.31568],[-98.97776,30.3166],[-98.9763,30.31472],[-98.97399,30.31804],[-98.96989,30.31816],[-98.97326,30.31535],[-98.97405,30.31088],[-98.96651,30.30957],[-98.96757,30.30716],[-98.96505,30.30379],[-98.96916,30.30705],[-98.97392,30.30705],[-98.97595,30.30154],[-98.97959,30.30698],[-98.98197,30.30234],[-98.97971,30.29747],[-98.98434,30.29661],[-98.98693,30.30119],[-98.99227,30.30044],[-98.99322,30.3049],[-98.99572,30.30049],[-98.99799,30.30595],[-99.00272,30.30329],[-99.01106,30.30654],[-99.01286,30.31003],[-99.01232,30.30579],[-99.00834,30.3034],[-99.01012,30.30018],[-99.00629,30.30128],[-99.00443,30.29962],[-99.0059,30.29824],[-99.00114,30.29905],[-98.99703,30.29574],[-98.99854,30.29459],[-98.99644,30.29368],[-98.99841,30.2927],[-98.99676,30.29087],[-99.00051,30.28737],[-98.9945,30.28783],[-98.99561,30.28314],[-98.99099,30.28584],[-98.99081,30.29082],[-98.98763,30.28698],[-98.98162,30.28716],[-98.98512,30.28452],[-98.98194,30.28321],[-98.97349,30.28677],[-98.97413,30.28024],[-98.97639,30.27881],[-98.97407,30.27669],[-98.96345,30.28947],[-98.96566,30.27046],[-98.95773,30.2715],[-98.95562,30.27442],[-98.9502,30.27328],[-98.9537,30.27093],[-98.95019,30.26772],[-98.95158,30.26474],[-98.95892,30.26926],[-98.96784,30.26691],[-98.97241,30.27057],[-98.97848,30.26598],[-98.98284,30.2662],[-98.97793,30.25779],[-98.97926,30.25469],[-98.98316,30.26185],[-98.98693,30.26093],[-98.98826,30.26975],[-98.99136,30.26178],[-98.99461,30.26664],[-98.99612,30.26395],[-99.00114,30.26475],[-98.9987,30.26275],[-99.00318,30.25925],[-98.99769,30.25857],[-98.99854,30.25507],[-98.99253,30.25456],[-98.99682,30.25158],[-98.99688,30.24832],[-98.99186,30.24844],[-98.99622,30.24729],[-98.9968,30.24087],[-98.99859,30.24185],[-98.99754,30.24688],[-99.01003,30.25151],[-99.01237,30.25889],[-99.01856,30.25699],[-99.02076,30.25928],[-99.016,30.26215],[-99.02064,30.26443],[-99.02084,30.26741],[-99.01449,30.26891],[-99.01516,30.27498],[-99.01833,30.27234],[-99.02363,30.2752],[-99.02845,30.27255],[-99.02673,30.27078],[-99.03214,30.26934],[-99.0346,30.27403],[-99.03097,30.27576],[-99.02906,30.28011],[-99.02325,30.27984],[-99.02543,30.28121],[-99.02219,30.28493],[-99.03217,30.28463],[-99.03283,30.28199],[-99.0366,30.28153],[-99.04051,30.288],[-99.03754,30.29298],[-99.03371,30.29213],[-99.03094,30.29466],[-99.03635,30.29602],[-99.03677,30.30135],[-99.04131,30.29424],[-99.04806,30.29406],[-99.04972,30.29732],[-99.04813,30.30024],[-99.05218,30.3027],[-99.05842,30.31563],[-99.0602,30.31574],[-99.0592,30.31001],[-99.06184,30.30783],[-99.05819,30.30246],[-99.065,30.29958],[-99.06722,30.29517],[-99.07298,30.29195],[-99.05778,30.29662],[-99.05287,30.28975],[-99.05908,30.28676],[-99.04935,30.28415],[-99.05265,30.28128],[-99.04842,30.27991],[-99.04827,30.27579],[-99.06057,30.27531],[-99.05435,30.26959],[-99.05177,30.27131],[-99.04873,30.27006],[-99.04984,30.26479],[-99.05512,30.2602],[-99.05253,30.25894],[-99.0454,30.26262],[-99.04316,30.25873],[-99.04664,30.25139],[-99.05648,30.25235],[-99.05496,30.24863],[-99.05672,30.24525],[-99.06156,30.24627],[-99.05946,30.24891],[-99.06191,30.25623],[-99.06753,30.25439],[-99.06426,30.2589],[-99.06596,30.26081],[-99.07249,30.25959],[-99.07346,30.25135],[-99.07539,30.25157],[-99.07652,30.25695],[-99.08306,30.2562],[-99.08175,30.25969],[-99.08373,30.26221],[-99.08044,30.26519],[-99.08572,30.2657],[-99.08363,30.27057],[-99.08936,30.26844],[-99.08839,30.27428],[-99.09267,30.27227],[-99.09141,30.2642],[-99.09384,30.26007],[-99.09832,30.25857],[-99.09873,30.26401],[-99.10059,30.26378],[-99.10322,30.2581],[-99.10786,30.26462],[-99.10684,30.27544],[-99.11051,30.27097],[-99.11272,30.25539],[-99.11657,30.25916],[-99.11981,30.25892],[-99.12022,30.26333],[-99.12284,30.26104],[-99.12682,30.26297],[-99.12362,30.25336],[-99.12647,30.25645],[-99.13076,30.25529],[-99.13348,30.25712],[-99.13668,30.26616],[-99.1349,30.26937],[-99.13789,30.27309],[-99.13512,30.27744],[-99.14033,30.27451],[-99.14253,30.27989],[-99.14079,30.27171],[-99.14292,30.25681],[-99.15072,30.25742],[-99.15339,30.26326],[-99.15994,30.26593],[-99.16427,30.27886],[-99.16642,30.26953],[-99.16264,30.26318],[-99.16369,30.26146],[-99.17527,30.26721],[-99.18874,30.2658],[-99.20493,30.26747],[-99.18688,30.26317],[-99.18607,30.25762],[-99.17848,30.26038],[-99.17899,30.25689],[-99.17358,30.25696],[-99.17153,30.25479],[-99.17396,30.25284],[-99.17339,30.24093],[-99.17596,30.23594],[-99.18461,30.23849],[-99.19062,30.23676],[-99.18388,30.23689],[-99.18174,30.23037],[-99.19448,30.22713],[-99.18603,30.22749],[-99.1851,30.22406],[-99.17831,30.22918],[-99.17361,30.22655],[-99.17211,30.23166],[-99.16934,30.23172],[-99.16499,30.2366],[-99.16494,30.2429],[-99.15815,30.24692],[-99.15312,30.24436],[-99.15647,30.23857],[-99.15467,30.23411],[-99.15676,30.22797],[-99.15183,30.23382],[-99.14758,30.22605],[-99.14593,30.22685],[-99.14875,30.23956],[-99.14657,30.24059],[-99.14207,30.23677],[-99.14056,30.24147],[-99.13586,30.23707],[-99.13828,30.23254],[-99.13064,30.23731],[-99.11953,30.23487],[-99.12698,30.22896],[-99.12051,30.23046],[-99.12247,30.22387],[-99.11713,30.22709],[-99.11514,30.224],[-99.11033,30.22756],[-99.10577,30.22597],[-99.10273,30.22804],[-99.10009,30.22558],[-99.09428,30.22977],[-99.09638,30.22227],[-99.10331,30.22036],[-99.1031,30.21406],[-99.10619,30.21652],[-99.11121,30.21599],[-99.10731,30.21233],[-99.10896,30.20964],[-99.10491,30.20638],[-99.11164,30.20328],[-99.12295,30.20572],[-99.11706,30.20006],[-99.11756,30.19576],[-99.12959,30.19602],[-99.13499,30.19206],[-99.141,30.19193],[-99.13854,30.1897],[-99.13886,30.18426],[-99.13374,30.19183],[-99.11926,30.18814],[-99.11733,30.18511],[-99.12009,30.18075],[-99.11489,30.18214],[-99.11553,30.18008],[-99.1119,30.17642],[-99.11367,30.1708],[-99.11193,30.1664],[-99.10793,30.17523],[-99.09849,30.17547],[-99.09969,30.17805],[-99.10616,30.17884],[-99.104,30.18296],[-99.11001,30.1837],[-99.10697,30.18725],[-99.10712,30.19321],[-99.10284,30.19442],[-99.10157,30.19082],[-99.09847,30.18996],[-99.0973,30.19873],[-99.09525,30.19913],[-99.0928,30.19375],[-99.09109,30.19811],[-99.0868,30.20035],[-99.08649,30.20459],[-99.08231,30.19836],[-99.08329,30.1916],[-99.07841,30.19321],[-99.07331,30.18887],[-99.07583,30.19264],[-99.07134,30.19397],[-99.0771,30.19631],[-99.07591,30.19837],[-99.07188,30.1982],[-99.07513,30.20209],[-99.07401,30.20702],[-99.076,30.20736],[-99.0733,30.21298],[-99.06431,30.20812],[-99.06484,30.21105],[-99.05865,30.21758],[-99.05705,30.20671],[-99.05888,30.20121],[-99.05141,30.20271],[-99.04952,30.21142],[-99.04093,30.21097],[-99.04681,30.20667],[-99.04058,30.20324],[-99.04475,30.20215],[-99.04453,30.19877],[-99.04929,30.1959],[-99.0339,30.19512],[-99.02355,30.20287],[-99.01766,30.19566],[-99.01917,30.19142],[-99.02274,30.1933],[-99.02373,30.1976],[-99.03449,30.19094],[-99.04307,30.18898],[-99.0286,30.18602],[-99.03004,30.18207],[-99.03902,30.18005],[-99.03808,30.17507],[-99.0301,30.17789],[-99.02139,30.17721],[-99.0297,30.17371],[-99.02738,30.17194],[-99.02776,30.16615],[-99.03661,30.16946],[-99.03054,30.16374],[-99.03079,30.16025],[-99.04136,30.16344],[-99.04261,30.16149],[-99.05094,30.16869],[-99.04815,30.1624],[-99.03884,30.1588],[-99.03976,30.15668],[-99.05282,30.15231],[-99.05561,30.15814],[-99.06123,30.15951],[-99.05579,30.15116],[-99.07104,30.15348],[-99.07124,30.15004],[-99.07533,30.15009],[-99.07465,30.14523],[-99.06852,30.14936],[-99.06007,30.14788],[-99.06664,30.13854],[-99.06492,30.1343],[-99.06374,30.13894],[-99.0582,30.14342],[-99.05161,30.14423],[-99.04943,30.14069],[-99.04528,30.14505],[-99.04217,30.13955],[-99.04296,30.14396],[-99.03974,30.14523],[-99.04086,30.14706],[-99.03044,30.14988],[-99.02859,30.14845],[-99.03063,30.1461],[-99.03022,30.14009],[-99.03489,30.13258],[-99.03272,30.13533],[-99.02718,30.13597],[-99.02647,30.14147],[-99.02311,30.14479],[-99.01879,30.13593],[-99.02049,30.12665],[-99.0149,30.13433],[-99.01034,30.13353],[-99.01728,30.13788],[-99.01354,30.14767],[-99.01969,30.15322],[-99.01858,30.15815],[-99.01429,30.15873],[-99.01084,30.15587],[-99.00793,30.14877],[-99.00622,30.15163],[-99.00372,30.15084],[-99.00059,30.1442],[-98.99902,30.14958],[-99.00768,30.15753],[-99.00439,30.16149],[-99.00881,30.16211],[-99.00727,30.16459],[-99.00961,30.16475],[-99.00968,30.16738],[-99.00248,30.16699],[-99.00051,30.17346],[-98.99859,30.16808],[-98.99502,30.16797],[-98.99456,30.16316],[-98.99152,30.16483],[-98.98537,30.1622],[-98.98902,30.16941],[-98.9914,30.16958],[-98.98982,30.17388],[-98.98156,30.17183],[-98.98422,30.17411],[-98.98283,30.1768],[-98.98699,30.17858],[-98.98455,30.18104],[-98.98574,30.1843],[-98.98106,30.18173],[-98.97973,30.1846],[-98.97399,30.18609],[-98.96923,30.18043],[-98.97718,30.17953],[-98.97431,30.17802],[-98.97662,30.17481],[-98.96493,30.17505],[-98.9718,30.16829],[-98.97172,30.16445],[-98.96374,30.16869],[-98.96227,30.16354],[-98.95687,30.17048],[-98.95666,30.16217],[-98.95112,30.16292],[-98.95705,30.1553],[-98.9595,30.15822],[-98.96214,30.153],[-98.96986,30.15271],[-98.96166,30.14802],[-98.96641,30.1443],[-98.97064,30.14532],[-98.96369,30.14126],[-98.96395,30.13932],[-98.96685,30.13576],[-98.97933,30.13277],[-98.98162,30.12744],[-98.96594,30.13267],[-98.96217,30.1301],[-98.96354,30.12511],[-98.95911,30.11824],[-98.95536,30.12512],[-98.95695,30.13308],[-98.95187,30.13234],[-98.95373,30.13606],[-98.95017,30.14145],[-98.94389,30.1375],[-98.94654,30.14861],[-98.93789,30.14547],[-98.93902,30.14948],[-98.93479,30.14965],[-98.93725,30.15555],[-98.93566,30.15732],[-98.93441,30.15274],[-98.92992,30.15418],[-98.9288,30.15218],[-98.92872,30.14845],[-98.9311,30.14799],[-98.92985,30.14284],[-98.93235,30.14186],[-98.92971,30.13975],[-98.93156,30.13511],[-98.92602,30.1405],[-98.9241,30.13408],[-98.92132,30.13884],[-98.9231,30.14313],[-98.91863,30.14835],[-98.91526,30.14285],[-98.91117,30.14234],[-98.91229,30.13862],[-98.90891,30.14051],[-98.90575,30.13896],[-98.90548,30.12762],[-98.89941,30.13868],[-98.90199,30.13994],[-98.90272,30.14515],[-98.90865,30.14795],[-98.90728,30.15511],[-98.91335,30.15385],[-98.91428,30.1574],[-98.91705,30.15814],[-98.90986,30.16456],[-98.91172,30.16748],[-98.91395,30.16438],[-98.91818,30.16553],[-98.9199,30.16289],[-98.92393,30.1626],[-98.92248,30.16971],[-98.91694,30.17034],[-98.91303,30.174],[-98.91793,30.17532],[-98.91866,30.17858],[-98.92553,30.17915],[-98.9244,30.18293],[-98.92698,30.18688],[-98.92329,30.18728],[-98.92077,30.1815],[-98.91226,30.18036],[-98.91648,30.185],[-98.91438,30.18792],[-98.91049,30.18815],[-98.90876,30.18575],[-98.90725,30.1905],[-98.90209,30.19199],[-98.90565,30.18329],[-98.90162,30.18398],[-98.90057,30.18661],[-98.89634,30.18444],[-98.89548,30.18776],[-98.88981,30.19189],[-98.88558,30.19132],[-98.88644,30.18868],[-98.89159,30.18696],[-98.88638,30.18107],[-98.89668,30.17843],[-98.88683,30.17614],[-98.88485,30.17144],[-98.89237,30.17064],[-98.89733,30.1731],[-98.89527,30.16886],[-98.89838,30.16817],[-98.89251,30.16629],[-98.89837,30.16457],[-98.89884,30.16044],[-98.89658,30.15838],[-98.89553,30.16061],[-98.88306,30.16468],[-98.8857,30.16068],[-98.88207,30.16074],[-98.88187,30.1585],[-98.88616,30.15747],[-98.88438,30.15478],[-98.8894,30.15048],[-98.88635,30.14687],[-98.88549,30.15111],[-98.87916,30.15587],[-98.87942,30.14768],[-98.87685,30.15009],[-98.87394,30.14688],[-98.87223,30.14791],[-98.87487,30.15604],[-98.87441,30.16005],[-98.87064,30.16251],[-98.86868,30.16137],[-98.87112,30.15862],[-98.87078,30.15249],[-98.86424,30.15181],[-98.86431,30.15513],[-98.86173,30.15662],[-98.85745,30.15484],[-98.86094,30.1478],[-98.85796,30.14826],[-98.85307,30.16161],[-98.85818,30.1588],[-98.86056,30.16452],[-98.85224,30.16853],[-98.85395,30.17088],[-98.8496,30.17186],[-98.84861,30.16905],[-98.84444,30.16916],[-98.84617,30.17272],[-98.84353,30.17311],[-98.84155,30.17758],[-98.84194,30.17077],[-98.83863,30.17478],[-98.83454,30.1734],[-98.83025,30.18016],[-98.82478,30.18371],[-98.82589,30.18726],[-98.82061,30.18554],[-98.82385,30.18228],[-98.82372,30.17495],[-98.82807,30.17157],[-98.81803,30.17363],[-98.81942,30.17672],[-98.81652,30.17804],[-98.81599,30.18176],[-98.81348,30.18302],[-98.80866,30.18073],[-98.80926,30.18474],[-98.80424,30.17741],[-98.81686,30.17249],[-98.81606,30.16893],[-98.81876,30.1659],[-98.82214,30.16642],[-98.82668,30.16321],[-98.82813,30.1659],[-98.83176,30.16533],[-98.83778,30.16052],[-98.843,30.16264],[-98.84042,30.15725],[-98.848,30.15513],[-98.85072,30.15078],[-98.84927,30.14837],[-98.8449,30.15204],[-98.83633,30.14941],[-98.85143,30.14042],[-98.84615,30.13961],[-98.84536,30.13709],[-98.83843,30.14173],[-98.83389,30.14042],[-98.83216,30.14288],[-98.83242,30.14013],[-98.82722,30.1407],[-98.82734,30.1387],[-98.83032,30.13652],[-98.83619,30.13813],[-98.83653,30.13526],[-98.84054,30.13383],[-98.83654,30.13047],[-98.83389,30.13297],[-98.82378,30.12914],[-98.82418,30.12621],[-98.82833,30.12364],[-98.83889,30.12386],[-98.84741,30.1155],[-98.84522,30.11424],[-98.8381,30.1186],[-98.83262,30.11751],[-98.83369,30.11522],[-98.83183,30.11453],[-98.82926,30.11905],[-98.82206,30.1198],[-98.82365,30.11631],[-98.8218,30.1159],[-98.8222,30.11213],[-98.82543,30.10915],[-98.82081,30.11006],[-98.81956,30.10457],[-98.81831,30.11654],[-98.81533,30.11711],[-98.80848,30.11189],[-98.81541,30.12106],[-98.81098,30.12524],[-98.80471,30.12197],[-98.80993,30.12679],[-98.80959,30.13177],[-98.81243,30.13263],[-98.80676,30.13589],[-98.80821,30.14093],[-98.80386,30.13692],[-98.80386,30.13039],[-98.79165,30.12466],[-98.78867,30.12753],[-98.79765,30.13222],[-98.79969,30.13967],[-98.79739,30.14035],[-98.79415,30.13417],[-98.79145,30.1344],[-98.79369,30.13743],[-98.79177,30.13789],[-98.79203,30.14081],[-98.78802,30.1364],[-98.78893,30.13411],[-98.78703,30.13491],[-98.7828,30.13062],[-98.78155,30.13273],[-98.77831,30.13125],[-98.7832,30.13783],[-98.78095,30.13926],[-98.7857,30.14098],[-98.78359,30.14373],[-98.7795,30.14344],[-98.78101,30.14728],[-98.77811,30.14676],[-98.77639,30.14304],[-98.77329,30.14418],[-98.77197,30.14842],[-98.76807,30.1475],[-98.77468,30.13943],[-98.77125,30.14018],[-98.76782,30.13777],[-98.76722,30.14212],[-98.76347,30.1412],[-98.7624,30.14739],[-98.76135,30.1451],[-98.75686,30.14509],[-98.75726,30.14945],[-98.75132,30.14412],[-98.76228,30.13874],[-98.75614,30.13725],[-98.75858,30.13433],[-98.76194,30.13433],[-98.75964,30.13175],[-98.76366,30.13084],[-98.76315,30.12837],[-98.76551,30.127],[-98.76255,30.11795],[-98.75938,30.12711],[-98.75543,30.12677],[-98.75185,30.13077],[-98.75304,30.12791],[-98.7508,30.12705],[-98.74949,30.11749],[-98.74671,30.12155],[-98.74947,30.12711],[-98.74737,30.12716],[-98.74928,30.12922],[-98.74731,30.13083],[-98.74842,30.13455],[-98.74354,30.13443],[-98.74203,30.1287],[-98.73653,30.13368],[-98.73872,30.13535],[-98.73634,30.13815],[-98.73727,30.14096],[-98.73429,30.14021],[-98.73125,30.13632],[-98.7333,30.13397],[-98.7306,30.13271],[-98.73695,30.12613],[-98.73556,30.1224],[-98.73893,30.12263],[-98.73722,30.11931],[-98.73998,30.11393],[-98.74316,30.11296],[-98.74111,30.11078],[-98.7322,30.12165],[-98.72204,30.11168],[-98.72672,30.12354],[-98.7248,30.12548],[-98.72224,30.12445],[-98.7227,30.12795],[-98.71972,30.12863],[-98.71662,30.12256],[-98.7114,30.1233],[-98.71233,30.11763],[-98.70799,30.12112],[-98.71049,30.12456],[-98.70864,30.1265],[-98.71253,30.12679],[-98.7112,30.13034],[-98.71629,30.13332],[-98.71528,30.14117],[-98.7075,30.13939],[-98.7118,30.13492],[-98.70664,30.13532],[-98.70428,30.13211],[-98.70618,30.13097],[-98.70243,30.13022],[-98.69973,30.12552],[-98.70063,30.13738],[-98.6937,30.13571],[-98.69299,30.13256],[-98.68995,30.13336],[-98.68745,30.12849],[-98.68475,30.12928],[-98.68922,30.13948],[-98.69759,30.14212],[-98.69,30.14418],[-98.69442,30.14476],[-98.69601,30.14768],[-98.69158,30.15065],[-98.69381,30.15506],[-98.69256,30.15718],[-98.69474,30.15936],[-98.69869,30.15679],[-98.7049,30.16121],[-98.70205,30.16429],[-98.69961,30.16297],[-98.69367,30.16909],[-98.6901,30.16354],[-98.68575,30.16622],[-98.6845,30.16261],[-98.67776,30.16318],[-98.67413,30.16621],[-98.67307,30.16375],[-98.67625,30.16272],[-98.67962,30.15465],[-98.67289,30.15951],[-98.67454,30.15516],[-98.67257,30.15355],[-98.67634,30.14777],[-98.67223,30.1508],[-98.66822,30.14645],[-98.66985,30.15172],[-98.6661,30.15412],[-98.66846,30.15584],[-98.66654,30.16242],[-98.66338,30.15795],[-98.661,30.16201],[-98.66015,30.15674],[-98.6573,30.16247],[-98.65196,30.16166],[-98.64919,30.15518],[-98.64761,30.15919],[-98.64957,30.16406],[-98.65637,30.16922],[-98.65083,30.16893],[-98.65128,30.17214],[-98.64883,30.17265],[-98.64693,30.16806],[-98.64416,30.16737],[-98.64588,30.16211],[-98.64034,30.16021],[-98.64114,30.15746],[-98.64715,30.15426],[-98.64365,30.15283],[-98.64452,30.14916],[-98.65092,30.14848],[-98.65389,30.14545],[-98.65264,30.14299],[-98.6477,30.14619],[-98.6475,30.14327],[-98.64486,30.14602],[-98.64315,30.1432],[-98.63792,30.14692],[-98.63541,30.14486],[-98.63508,30.14967],[-98.63258,30.14537],[-98.63892,30.14056],[-98.63418,30.13827],[-98.62882,30.14336],[-98.6258,30.13986],[-98.62362,30.14088],[-98.62032,30.13361],[-98.62168,30.14781],[-98.61806,30.1438],[-98.61318,30.14304],[-98.61298,30.14093],[-98.61689,30.13898],[-98.6157,30.13641],[-98.60824,30.14018],[-98.60508,30.13862],[-98.60236,30.14297],[-98.59589,30.14135],[-98.59568,30.14766],[-98.58808,30.15228],[-98.58669,30.15027],[-98.59113,30.14713],[-98.58738,30.14122],[-98.58395,30.14448],[-98.57351,30.14618],[-98.5691,30.1436],[-98.56406,30.14782],[-98.56419,30.15046],[-98.56782,30.15167],[-98.56445,30.15326],[-98.5647,30.15601],[-98.56089,30.15286],[-98.55982,30.1556],[-98.55613,30.15565],[-98.55705,30.15915],[-98.55209,30.1616],[-98.55618,30.16298],[-98.55531,30.16556],[-98.56487,30.16495],[-98.56335,30.16907],[-98.56843,30.17166],[-98.56861,30.17664],[-98.57185,30.17659],[-98.57455,30.18083],[-98.57499,30.18501],[-98.57241,30.18644],[-98.56971,30.18351],[-98.5704,30.17842],[-98.56617,30.1744],[-98.56168,30.17262],[-98.56365,30.18064],[-98.56094,30.18161],[-98.55839,30.17232],[-98.55245,30.17185],[-98.55082,30.16561],[-98.54626,30.168],[-98.53999,30.16518],[-98.54536,30.16039],[-98.54365,30.15866],[-98.54649,30.15804],[-98.54226,30.15516],[-98.53968,30.15699],[-98.53904,30.15367],[-98.53678,30.15613],[-98.53422,30.15452],[-98.53355,30.15858],[-98.53111,30.15731],[-98.53214,30.1615],[-98.52613,30.16366],[-98.5248,30.16864],[-98.52343,30.16463],[-98.52,30.16336],[-98.51722,30.1653],[-98.51972,30.1676],[-98.51655,30.17069],[-98.51403,30.17068],[-98.5126,30.16689],[-98.51075,30.16695],[-98.50986,30.17107],[-98.50603,30.17175],[-98.50295,30.16893],[-98.50558,30.17449],[-98.50179,30.17821],[-98.50517,30.17919],[-98.5037,30.18136],[-98.49888,30.17952],[-98.49714,30.16961],[-98.49395,30.17355],[-98.49345,30.16856],[-98.48698,30.16832],[-98.49018,30.17537],[-98.48569,30.17651],[-98.48679,30.18218],[-98.48487,30.18607],[-98.48164,30.18572],[-98.48232,30.18307],[-98.479,30.18531],[-98.48174,30.19259],[-98.48008,30.19528],[-98.48252,30.19591],[-98.48231,30.20049],[-98.4792,30.20146],[-98.48132,30.20289],[-98.48025,30.20518],[-98.48823,30.20938],[-98.4853,30.2143],[-98.47486,30.2153],[-98.473,30.2173],[-98.47248,30.21581],[-98.4685,30.2217],[-98.45931,30.22082],[-98.44959,30.22428],[-98.44683,30.22141],[-98.45278,30.2212],[-98.45042,30.21644],[-98.45622,30.21955],[-98.45742,30.21749],[-98.46191,30.21784],[-98.46185,30.21573],[-98.46587,30.2178],[-98.4649,30.21385],[-98.47044,30.21335],[-98.46735,30.21087],[-98.46795,30.20841],[-98.47482,30.2078],[-98.46908,30.20658],[-98.45988,30.21217],[-98.45763,30.2117],[-98.46134,30.20971],[-98.45936,30.20804],[-98.45361,30.21095],[-98.45144,30.20888],[-98.45779,30.20695],[-98.45191,30.20487],[-98.45562,30.20237],[-98.46102,30.20541],[-98.45939,30.20106],[-98.46507,30.20365],[-98.4686,30.2027],[-98.46606,30.20194],[-98.46911,30.19977],[-98.46488,30.19987],[-98.46667,30.19782],[-98.45696,30.19635],[-98.46662,30.19283],[-98.47103,30.19469],[-98.46906,30.19169],[-98.47263,30.1901],[-98.47422,30.19182],[-98.47489,30.18816],[-98.47198,30.18833],[-98.4708,30.18597],[-98.47007,30.18952],[-98.46491,30.19042],[-98.46513,30.18464],[-98.46088,30.19093],[-98.45779,30.19069],[-98.45818,30.18852],[-98.45562,30.1873],[-98.45481,30.18999],[-98.45231,30.18873],[-98.45069,30.19571],[-98.44706,30.19472],[-98.44755,30.19054],[-98.44375,30.19769],[-98.44465,30.18997],[-98.43623,30.19664],[-98.43525,30.19526],[-98.43896,30.19178],[-98.43408,30.19108],[-98.43937,30.18909],[-98.43852,30.18725],[-98.44314,30.18692],[-98.44228,30.18435],[-98.43879,30.18388],[-98.43934,30.1797],[-98.44769,30.18648],[-98.44921,30.18465],[-98.44686,30.18052],[-98.4522,30.18317],[-98.45609,30.18123],[-98.45905,30.18382],[-98.45893,30.18165],[-98.4643,30.17834],[-98.46859,30.17932],[-98.46648,30.17725],[-98.46847,30.17583],[-98.4577,30.17866],[-98.45361,30.17762],[-98.46728,30.17325],[-98.46644,30.16941],[-98.47219,30.16713],[-98.46864,30.16461],[-98.44991,30.17486],[-98.44437,30.1741],[-98.44082,30.17146],[-98.45185,30.17011],[-98.44685,30.16741],[-98.44758,30.16552],[-98.4576,30.16612],[-98.45927,30.16309],[-98.45306,30.16301],[-98.45995,30.15742],[-98.44422,30.16305],[-98.44614,30.1583],[-98.45181,30.15387],[-98.44959,30.15367],[-98.44318,30.15646],[-98.43615,30.16646],[-98.43809,30.162],[-98.43585,30.15993],[-98.43856,30.15994],[-98.44108,30.15605],[-98.43804,30.15724],[-98.43713,30.15283],[-98.43508,30.15277],[-98.43447,30.15666],[-98.43137,30.15522],[-98.43176,30.15889],[-98.42945,30.15722],[-98.42944,30.1614],[-98.4264,30.16225],[-98.42483,30.16024],[-98.42648,30.15853],[-98.4212,30.15839],[-98.42576,30.15652],[-98.42782,30.15234],[-98.42109,30.1537],[-98.41599,30.15804],[-98.41656,30.1621],[-98.41981,30.16137],[-98.4213,30.16544],[-98.41924,30.16841],[-98.4192,30.16543],[-98.41648,30.16445],[-98.41555,30.16754],[-98.41239,30.16679],[-98.41138,30.16993],[-98.41454,30.17149],[-98.41209,30.17641],[-98.40933,30.17233],[-98.40607,30.17553],[-98.40357,30.17334],[-98.39736,30.17653],[-98.40598,30.16688],[-98.40229,30.16601],[-98.41233,30.16358],[-98.41314,30.16123],[-98.40806,30.16105],[-98.41196,30.15745],[-98.40496,30.15937],[-98.40279,30.15656],[-98.40708,30.15623],[-98.40749,30.15286],[-98.41024,30.15444],[-98.41245,30.15155],[-98.41534,30.15569],[-98.41686,30.15283],[-98.41503,30.15053],[-98.41938,30.15215],[-98.41795,30.14854],[-98.4269,30.14737],[-98.41967,30.14533],[-98.41842,30.14293],[-98.4163,30.1463],[-98.41479,30.14326],[-98.41142,30.14668],[-98.40806,30.14587],[-98.40951,30.1441],[-98.40575,30.14151],[-98.41566,30.1408],[-98.41152,30.13523],[-98.4176,30.13433],[-98.42023,30.13612],[-98.4208,30.14305],[-98.43134,30.14732],[-98.4342,30.14486],[-98.43595,30.15019],[-98.43938,30.14975],[-98.44411,30.154],[-98.44704,30.15063],[-98.44323,30.14575],[-98.44889,30.14863],[-98.44917,30.14548],[-98.45522,30.15031],[-98.45734,30.14819],[-98.45852,30.15009],[-98.46572,30.15057],[-98.46543,30.15572],[-98.46999,30.15539],[-98.46992,30.15906],[-98.47764,30.15759],[-98.47637,30.16039],[-98.47822,30.16245],[-98.48074,30.16052],[-98.48183,30.16418],[-98.48556,30.15835],[-98.48713,30.16225],[-98.49168,30.16404],[-98.48873,30.15802],[-98.49407,30.15923],[-98.49532,30.15689],[-98.48563,30.15486],[-98.48347,30.15228],[-98.48698,30.14988],[-98.48901,30.15355],[-98.49145,30.15333],[-98.49192,30.15018],[-98.49444,30.15133],[-98.49535,30.14784],[-98.49972,30.14573],[-98.50182,30.14728],[-98.49746,30.15054],[-98.50101,30.15284],[-98.49897,30.15495],[-98.50074,30.15673],[-98.49868,30.16331],[-98.50112,30.1632],[-98.50562,30.15611],[-98.51057,30.1599],[-98.50726,30.16224],[-98.5122,30.16369],[-98.51458,30.16318],[-98.51267,30.16111],[-98.51499,30.15991],[-98.51171,30.15355],[-98.51717,30.15992],[-98.51844,30.15585],[-98.52479,30.16078],[-98.52648,30.1592],[-98.52313,30.15581],[-98.52735,30.15553],[-98.52406,30.15341],[-98.52677,30.15083],[-98.52221,30.15157],[-98.52195,30.14996],[-98.51923,30.15248],[-98.51891,30.14933],[-98.51383,30.14811],[-98.51617,30.14411],[-98.5205,30.14796],[-98.52538,30.14814],[-98.5279,30.14746],[-98.5223,30.14378],[-98.52982,30.14494],[-98.5332,30.1426],[-98.53437,30.14862],[-98.53159,30.14959],[-98.53693,30.15155],[-98.53898,30.14903],[-98.54505,30.153],[-98.54084,30.14497],[-98.54757,30.14945],[-98.55212,30.14792],[-98.55343,30.15072],[-98.5535,30.1486],[-98.55747,30.14741],[-98.55344,30.14603],[-98.55299,30.14305],[-98.55154,30.14453],[-98.54711,30.1428],[-98.55209,30.13846],[-98.54199,30.13799],[-98.54549,30.13175],[-98.53674,30.12772],[-98.54005,30.12412],[-98.5415,30.12665],[-98.54533,30.12368],[-98.54823,30.12505],[-98.54644,30.1286],[-98.54839,30.1333],[-98.55097,30.13142],[-98.55546,30.13246],[-98.55499,30.13595],[-98.56173,30.13373],[-98.55792,30.13997],[-98.56171,30.1386],[-98.56277,30.14261],[-98.5676,30.13512],[-98.57049,30.14056],[-98.5736,30.13771],[-98.57735,30.14046],[-98.57479,30.13358],[-98.56709,30.12733],[-98.56974,30.12544],[-98.57922,30.13451],[-98.57645,30.127],[-98.57806,30.12386],[-98.57304,30.12316],[-98.57351,30.1195],[-98.58215,30.12335],[-98.5826,30.12621],[-98.58028,30.12781],[-98.58299,30.1316],[-98.58729,30.12416],[-98.58987,30.12342],[-98.59196,30.12869],[-98.59271,30.12325],[-98.59501,30.12246],[-98.60165,30.13701],[-98.60502,30.13461],[-98.60331,30.13117],[-98.60879,30.1321],[-98.60194,30.12791],[-98.60213,30.12533],[-98.60636,30.12574],[-98.60418,30.12339],[-98.61236,30.12833],[-98.61724,30.12799],[-98.60966,30.12156],[-98.61659,30.12427],[-98.6168,30.1214],[-98.60876,30.1163],[-98.61785,30.11871],[-98.61483,30.11596],[-98.61634,30.11384],[-98.62327,30.1154],[-98.62061,30.12038],[-98.622,30.1241],[-98.62736,30.12033],[-98.62893,30.12469],[-98.6247,30.12777],[-98.63018,30.12664],[-98.63195,30.1291],[-98.63043,30.13168],[-98.63453,30.13134],[-98.63282,30.12618],[-98.63486,30.12424],[-98.63468,30.11851],[-98.63863,30.1164],[-98.63758,30.12018],[-98.63949,30.12247],[-98.64318,30.1199],[-98.64635,30.12196],[-98.64384,30.12608],[-98.64799,30.12552],[-98.64581,30.12878],[-98.64825,30.13182],[-98.65154,30.13113],[-98.65136,30.12289],[-98.64597,30.11486],[-98.65408,30.11607],[-98.65829,30.12765],[-98.65789,30.12255],[-98.66331,30.12388],[-98.66067,30.11883],[-98.66846,30.11987],[-98.65975,30.11585],[-98.65943,30.11345],[-98.66262,30.11357],[-98.66215,30.1099],[-98.66576,30.11546],[-98.6717,30.11678],[-98.67309,30.11495],[-98.67545,30.11919],[-98.67519,30.1137],[-98.68543,30.1101],[-98.68873,30.11171],[-98.68873,30.10942],[-98.68404,30.10786],[-98.68426,30.10265],[-98.67342,30.10877],[-98.66697,30.10699],[-98.66757,30.10441],[-98.67052,30.10448],[-98.6702,30.10167],[-98.67608,30.10282],[-98.67225,30.09823],[-98.67852,30.09629],[-98.67628,30.09417],[-98.67794,30.08873],[-98.67649,30.08609],[-98.67616,30.08867],[-98.6697,30.08924],[-98.67062,30.09245],[-98.66744,30.09702],[-98.66573,30.09485],[-98.66401,30.10057],[-98.6598,30.09255],[-98.66,30.08648],[-98.65624,30.09008],[-98.65986,30.09615],[-98.66064,30.10446],[-98.64684,30.1065],[-98.64817,30.09877],[-98.65081,30.09626],[-98.64692,30.09671],[-98.64521,30.09413],[-98.64487,30.09917],[-98.64263,30.09825],[-98.64079,30.10088],[-98.64323,30.10151],[-98.64216,30.1034],[-98.6396,30.10225],[-98.63827,30.10471],[-98.63636,30.10191],[-98.63412,30.10408],[-98.62692,30.1043],[-98.62925,30.09256],[-98.63381,30.08759],[-98.64014,30.08691],[-98.6428,30.08382],[-98.64187,30.08141],[-98.64907,30.07306],[-98.64347,30.07242],[-98.63764,30.08335],[-98.63647,30.08152],[-98.63349,30.08243],[-98.62788,30.0878],[-98.62583,30.08471],[-98.62225,30.09828],[-98.61466,30.09953],[-98.61401,30.09706],[-98.61929,30.09587],[-98.61692,30.09294],[-98.61962,30.09071],[-98.61785,30.08939],[-98.61337,30.09173],[-98.61231,30.08967],[-98.61739,30.08664],[-98.61713,30.08418],[-98.6199,30.08533],[-98.62261,30.08299],[-98.61965,30.07829],[-98.62612,30.07686],[-98.62421,30.07474],[-98.6289,30.07355],[-98.6293,30.07143],[-98.63503,30.07287],[-98.63253,30.07103],[-98.6359,30.06542],[-98.63624,30.0609],[-98.63387,30.05981],[-98.62858,30.06696],[-98.62415,30.06655],[-98.62324,30.0693],[-98.61868,30.06975],[-98.61942,30.06299],[-98.62476,30.0598],[-98.61982,30.05899],[-98.62444,30.05499],[-98.61916,30.05572],[-98.62247,30.0508],[-98.62222,30.04685],[-98.61753,30.05412],[-98.61245,30.05182],[-98.61626,30.05692],[-98.61488,30.05972],[-98.61065,30.05983],[-98.6142,30.06218],[-98.60847,30.06681],[-98.61347,30.07043],[-98.61366,30.07352],[-98.60911,30.07357],[-98.60903,30.07638],[-98.61201,30.07661],[-98.60578,30.08445],[-98.60362,30.08376],[-98.60343,30.07917],[-98.60183,30.08398],[-98.60328,30.08799],[-98.60029,30.094],[-98.59534,30.09153],[-98.59919,30.08833],[-98.59727,30.08655],[-98.60113,30.07482],[-98.59861,30.07653],[-98.59724,30.07453],[-98.59623,30.08151],[-98.59248,30.08036],[-98.59379,30.08397],[-98.58468,30.08785],[-98.58283,30.08738],[-98.59011,30.07772],[-98.5882,30.07577],[-98.58569,30.07811],[-98.58292,30.07639],[-98.58556,30.07238],[-98.58385,30.07004],[-98.59165,30.06736],[-98.58558,30.06803],[-98.58518,30.06626],[-98.59475,30.0629],[-98.60072,30.05535],[-98.60737,30.0545],[-98.60157,30.05288],[-98.60496,30.04447],[-98.60006,30.0475],[-98.59847,30.05299],[-98.59406,30.05018],[-98.59589,30.05488],[-98.59405,30.05791],[-98.59049,30.0563],[-98.59022,30.06014],[-98.58428,30.06007],[-98.5815,30.06333],[-98.58059,30.06121],[-98.57847,30.06401],[-98.57703,30.05925],[-98.58567,30.05744],[-98.57565,30.05753],[-98.57433,30.05467],[-98.57618,30.05249],[-98.58396,30.05182],[-98.58457,30.04919],[-98.57731,30.05095],[-98.57507,30.04952],[-98.57223,30.05163],[-98.57066,30.04888],[-98.57377,30.04482],[-98.56962,30.04372],[-98.56875,30.04882],[-98.57241,30.06211],[-98.57049,30.06525],[-98.57304,30.06973],[-98.57726,30.06905],[-98.57453,30.07849],[-98.57064,30.08043],[-98.57316,30.07425],[-98.56649,30.07762],[-98.56777,30.06737],[-98.56387,30.07343],[-98.56065,30.07096],[-98.55984,30.07342],[-98.56733,30.08449],[-98.56062,30.08144],[-98.56016,30.07674],[-98.55601,30.07863],[-98.55682,30.07388],[-98.5541,30.07736],[-98.55245,30.07507],[-98.54769,30.07781],[-98.55035,30.07312],[-98.54818,30.06887],[-98.55491,30.07003],[-98.55405,30.06688],[-98.5629,30.06467],[-98.56014,30.0602],[-98.56594,30.06301],[-98.56832,30.05964],[-98.56358,30.05791],[-98.56768,30.05494],[-98.56676,30.05196],[-98.5651,30.05494],[-98.56274,30.05367],[-98.56113,30.05687],[-98.55692,30.05801],[-98.55819,30.05252],[-98.56254,30.05144],[-98.55944,30.04943],[-98.56387,30.04652],[-98.56263,30.0444],[-98.55781,30.04656],[-98.5555,30.04484],[-98.55595,30.04976],[-98.55212,30.05216],[-98.55224,30.05823],[-98.54855,30.0565],[-98.54916,30.05336],[-98.54478,30.05902],[-98.53838,30.05843],[-98.54328,30.05415],[-98.54282,30.05117],[-98.55233,30.04821],[-98.55215,30.04346],[-98.54989,30.04614],[-98.54588,30.04367],[-98.54205,30.04475],[-98.54273,30.03977],[-98.54754,30.04122],[-98.55032,30.03795],[-98.55427,30.04083],[-98.55375,30.0375],[-98.56251,30.03581],[-98.55355,30.03372],[-98.55964,30.02806],[-98.55972,30.02435],[-98.55489,30.02651],[-98.55343,30.03051],[-98.54968,30.02828],[-98.551,30.0253],[-98.54659,30.02472],[-98.54626,30.02678],[-98.54369,30.02523],[-98.54974,30.03143],[-98.54723,30.03377],[-98.54209,30.03043],[-98.53941,30.02447],[-98.53684,30.02458],[-98.53544,30.02784],[-98.53794,30.03243],[-98.53345,30.03305],[-98.53759,30.03518],[-98.53028,30.03533],[-98.53533,30.04084],[-98.53112,30.04186],[-98.53077,30.04747],[-98.52616,30.04546],[-98.5286,30.04329],[-98.52637,30.04197],[-98.52744,30.03773],[-98.52375,30.03801],[-98.52049,30.04797],[-98.51554,30.04853],[-98.51644,30.05454],[-98.51255,30.05322],[-98.51057,30.05533],[-98.51267,30.057],[-98.50753,30.05859],[-98.50982,30.06238],[-98.50857,30.06512],[-98.51312,30.0645],[-98.50907,30.06902],[-98.50979,30.07177],[-98.51283,30.07109],[-98.51202,30.07572],[-98.50701,30.07525],[-98.50489,30.07937],[-98.50034,30.07781],[-98.50213,30.0757],[-98.50056,30.07392],[-98.50544,30.07382],[-98.50248,30.06997],[-98.49297,30.07361],[-98.49166,30.06955],[-98.49747,30.06864],[-98.49767,30.06555],[-98.50585,30.06872],[-98.50295,30.06568],[-98.50449,30.05875],[-98.5004,30.05743],[-98.50404,30.05509],[-98.49409,30.05672],[-98.49726,30.05095],[-98.50347,30.04959],[-98.5088,30.05206],[-98.51078,30.05012],[-98.50665,30.04513],[-98.51244,30.04703],[-98.51746,30.04544],[-98.51292,30.0448],[-98.5149,30.04062],[-98.51029,30.03912],[-98.51807,30.0388],[-98.51241,30.03569],[-98.51598,30.0337],[-98.50529,30.03516],[-98.50504,30.03161],[-98.51144,30.02979],[-98.50922,30.02429],[-98.51769,30.03215],[-98.52685,30.03418],[-98.52647,30.0304],[-98.52154,30.02775],[-98.52424,30.02782],[-98.52503,30.02541],[-98.52793,30.02674],[-98.52979,30.02348],[-98.51798,30.02506],[-98.51693,30.02356],[-98.52062,30.02168],[-98.51812,30.02122],[-98.51899,30.01847],[-98.51418,30.01743],[-98.51775,30.01543],[-98.52183,30.01894],[-98.52834,30.01912],[-98.52566,30.01706],[-98.52659,30.0146],[-98.52375,30.01487],[-98.52329,30.01052],[-98.52923,30.01048],[-98.53468,30.02046],[-98.53442,30.01662],[-98.5366,30.01513],[-98.5333,30.01352],[-98.5326,30.00922],[-98.54255,30.01016],[-98.53689,30.00683],[-98.53716,30.00471],[-98.54966,30.00943],[-98.54766,30.01725],[-98.54945,30.01808],[-98.55479,30.01683],[-98.55572,30.01385],[-98.56184,30.01633],[-98.56284,30.0133],[-98.5602,30.01026],[-98.56213,30.00923],[-98.56771,30.01399],[-98.56495,30.01542],[-98.56657,30.02178],[-98.56353,30.02175],[-98.56268,30.02424],[-98.5651,30.03008],[-98.56913,30.03003],[-98.57003,30.03347],[-98.57267,30.03239],[-98.57523,30.03812],[-98.58025,30.03183],[-98.57938,30.0391],[-98.58446,30.03642],[-98.58749,30.03969],[-98.5826,30.04117],[-98.5884,30.04416],[-98.58913,30.03975],[-98.59283,30.04016],[-98.59315,30.04514],[-98.59711,30.04389],[-98.5987,30.04211],[-98.59719,30.03914],[-98.602,30.03657],[-98.5989,30.03679],[-98.60056,30.03393],[-98.59626,30.03678],[-98.59145,30.03609],[-98.59747,30.03209],[-98.58968,30.03202],[-98.58814,30.02823],[-98.5926,30.02601],[-98.59193,30.03025],[-98.60056,30.02883],[-98.60293,30.0327],[-98.60538,30.0277],[-98.60835,30.02753],[-98.60262,30.02569],[-98.61048,30.01653],[-98.61378,30.01728],[-98.61535,30.02055],[-98.60889,30.02277],[-98.61138,30.0265],[-98.6162,30.02731],[-98.61059,30.02976],[-98.60833,30.03463],[-98.61315,30.03132],[-98.61585,30.03309],[-98.61895,30.03184],[-98.61837,30.02949],[-98.62173,30.02915],[-98.61988,30.0276],[-98.62371,30.0248],[-98.6253,30.02893],[-98.62086,30.03528],[-98.62461,30.03666],[-98.62997,30.02985],[-98.63015,30.03512],[-98.63227,30.03489],[-98.63465,30.02797],[-98.63888,30.02649],[-98.63558,30.02379],[-98.64092,30.02351],[-98.63927,30.02076],[-98.6414,30.01881],[-98.63659,30.01841],[-98.63653,30.01577],[-98.64372,30.01452],[-98.64958,30.01848],[-98.64956,30.02072],[-98.65299,30.019],[-98.65281,30.01557],[-98.64945,30.01407],[-98.65624,30.01322],[-98.66486,30.01948],[-98.66459,30.02308],[-98.65537,30.01654],[-98.65635,30.02376],[-98.64928,30.02931],[-98.65141,30.02387],[-98.64883,30.02478],[-98.64364,30.02031],[-98.64593,30.02667],[-98.64217,30.02529],[-98.64269,30.03038],[-98.63834,30.02906],[-98.63728,30.03347],[-98.645,30.03434],[-98.6376,30.03897],[-98.63845,30.04355],[-98.63351,30.04372],[-98.6314,30.03856],[-98.63107,30.04388],[-98.62704,30.0448],[-98.62736,30.04709],[-98.63357,30.04572],[-98.6327,30.04801],[-98.63567,30.05002],[-98.63877,30.04733],[-98.63929,30.0538],[-98.64358,30.04963],[-98.64147,30.04567],[-98.64439,30.04305],[-98.64655,30.04769],[-98.65487,30.04426],[-98.6538,30.04982],[-98.64779,30.05141],[-98.65267,30.05336],[-98.64423,30.05455],[-98.65069,30.05972],[-98.65353,30.05669],[-98.65431,30.06316],[-98.65827,30.05807],[-98.65511,30.05606],[-98.65762,30.05234],[-98.66131,30.05561],[-98.6621,30.05143],[-98.6683,30.05047],[-98.66486,30.05882],[-98.66044,30.05882],[-98.65925,30.0611],[-98.66209,30.06197],[-98.65865,30.06752],[-98.66544,30.06902],[-98.66308,30.06443],[-98.66677,30.06203],[-98.66953,30.06387],[-98.66723,30.06644],[-98.67059,30.06759],[-98.67085,30.07297],[-98.67407,30.07395],[-98.67448,30.06834],[-98.6796,30.07464],[-98.68266,30.06949],[-98.68224,30.07356],[-98.68595,30.07225],[-98.68726,30.0754],[-98.68905,30.07208],[-98.68542,30.06904],[-98.68754,30.06858],[-98.68913,30.06337],[-98.69294,30.07082],[-98.68719,30.0786],[-98.69141,30.07809],[-98.69102,30.0817],[-98.69418,30.07649],[-98.69622,30.07667],[-98.69817,30.08202],[-98.70084,30.07673],[-98.70527,30.07668],[-98.69993,30.07364],[-98.69947,30.06831],[-98.70553,30.07095],[-98.70567,30.07295],[-98.71008,30.0725],[-98.70185,30.05978],[-98.70661,30.05841],[-98.70864,30.06024],[-98.70713,30.06265],[-98.71339,30.06059],[-98.71358,30.06363],[-98.70969,30.06557],[-98.71674,30.06683],[-98.71378,30.0717],[-98.71905,30.07342],[-98.71615,30.07359],[-98.7149,30.07749],[-98.72215,30.07801],[-98.71713,30.08064],[-98.71121,30.07697],[-98.70797,30.0812],[-98.71317,30.08109],[-98.71389,30.08482],[-98.70657,30.08452],[-98.70895,30.08641],[-98.70782,30.08773],[-98.70287,30.08859],[-98.70571,30.08996],[-98.70518,30.09197],[-98.70875,30.08997],[-98.70992,30.09208],[-98.71798,30.08722],[-98.71633,30.09266],[-98.71302,30.0945],[-98.71659,30.09404],[-98.72173,30.10143],[-98.71935,30.09278],[-98.72022,30.08608],[-98.72306,30.08551],[-98.72279,30.09238],[-98.72543,30.09009],[-98.72946,30.09095],[-98.72701,30.098],[-98.73176,30.0956],[-98.73182,30.10132],[-98.72932,30.10235],[-98.73373,30.1055],[-98.73393,30.10219],[-98.7375,30.10213],[-98.73914,30.10482],[-98.73994,30.10345],[-98.7365,30.09737],[-98.73737,30.09371],[-98.73908,30.09663],[-98.74264,30.096],[-98.74383,30.10242],[-98.74587,30.10317],[-98.74575,30.0963],[-98.73922,30.08759],[-98.74891,30.094],[-98.74983,30.10002],[-98.75188,30.09401],[-98.75372,30.09979],[-98.75848,30.09745],[-98.75405,30.09172],[-98.75651,30.08989],[-98.75024,30.0853],[-98.75188,30.08233],[-98.75565,30.08387],[-98.75472,30.08605],[-98.76205,30.09298],[-98.76251,30.09063],[-98.76495,30.09081],[-98.76356,30.10346],[-98.7654,30.09825],[-98.76963,30.09734],[-98.77074,30.10375],[-98.77515,30.10518],[-98.77213,30.09104],[-98.77767,30.09608],[-98.77886,30.10244],[-98.78083,30.09826],[-98.78565,30.09975],[-98.78216,30.09574],[-98.78275,30.09156],[-98.77787,30.09139],[-98.78321,30.08761],[-98.77866,30.08583],[-98.77313,30.08783],[-98.77406,30.08325],[-98.77821,30.08428],[-98.77636,30.07919],[-98.77253,30.07747],[-98.77009,30.07924],[-98.76772,30.07248],[-98.76147,30.07047],[-98.75869,30.06566],[-98.76147,30.06412],[-98.76496,30.07036],[-98.76476,30.06595],[-98.76701,30.06567],[-98.77122,30.06882],[-98.77003,30.07019],[-98.77247,30.0706],[-98.7736,30.0746],[-98.78071,30.07861],[-98.77406,30.07145],[-98.77735,30.06825],[-98.77636,30.06619],[-98.77076,30.06481],[-98.77189,30.06235],[-98.76792,30.06091],[-98.77419,30.0612],[-98.76925,30.05736],[-98.77328,30.05668],[-98.77229,30.05479],[-98.77578,30.0529],[-98.77763,30.05353],[-98.77703,30.05845],[-98.77979,30.0635],[-98.78172,30.06035],[-98.78047,30.05468],[-98.78771,30.0592],[-98.78416,30.05233],[-98.79003,30.04826],[-98.77967,30.04849],[-98.78146,30.04477],[-98.78989,30.04523],[-98.78284,30.0411],[-98.79168,30.03933],[-98.78132,30.0387],[-98.78384,30.03606],[-98.78191,30.03406],[-98.77677,30.03807],[-98.77605,30.03555],[-98.78211,30.03125],[-98.78094,30.02575],[-98.78475,30.02535],[-98.78324,30.02238],[-98.77758,30.02146],[-98.78358,30.01527],[-98.78285,30.019],[-98.78687,30.02181],[-98.78747,30.0178],[-98.79208,30.01992],[-98.79373,30.01579],[-98.79716,30.02335],[-98.79438,30.02599],[-98.79313,30.02318],[-98.78957,30.02421],[-98.78819,30.02776],[-98.79037,30.03],[-98.78581,30.03022],[-98.78535,30.03377],[-98.79279,30.03601],[-98.79174,30.0332],[-98.79966,30.02971],[-98.79569,30.03487],[-98.79972,30.03922],[-98.79827,30.04242],[-98.80091,30.04283],[-98.80341,30.03853],[-98.80572,30.03962],[-98.80618,30.04437],[-98.80282,30.04792],[-98.79859,30.04666],[-98.80183,30.05073],[-98.80149,30.05417],[-98.80578,30.05411],[-98.80453,30.05674],[-98.79958,30.05732],[-98.79444,30.05079],[-98.79293,30.05388],[-98.79734,30.06018],[-98.79404,30.06081],[-98.79345,30.0643],[-98.78771,30.06315],[-98.78902,30.06602],[-98.78664,30.06733],[-98.7882,30.06876],[-98.79316,30.06566],[-98.79598,30.06784],[-98.79711,30.06463],[-98.80067,30.0636],[-98.81228,30.06796],[-98.80918,30.07254],[-98.801,30.07071],[-98.801,30.07454],[-98.79362,30.0766],[-98.79308,30.07924],[-98.79652,30.07867],[-98.79565,30.08428],[-98.80325,30.07506],[-98.80251,30.08382],[-98.80575,30.07884],[-98.80984,30.07981],[-98.80772,30.08359],[-98.81016,30.0864],[-98.80476,30.08629],[-98.80654,30.08978],[-98.79934,30.09155],[-98.80047,30.09453],[-98.7967,30.09345],[-98.79803,30.09619],[-98.79611,30.09883],[-98.8068,30.09488],[-98.81049,30.09889],[-98.81089,30.09305],[-98.8126,30.09264],[-98.81458,30.09717],[-98.8157,30.0915],[-98.81782,30.0994],[-98.81999,30.09711],[-98.82421,30.09883],[-98.81933,30.09259],[-98.82401,30.0923],[-98.82038,30.08462],[-98.8225,30.08336],[-98.82639,30.08984],[-98.82705,30.08566],[-98.83015,30.08686],[-98.8308,30.0785],[-98.83509,30.08508],[-98.82824,30.09419],[-98.83213,30.0939],[-98.83213,30.10066],[-98.83285,30.097],[-98.83537,30.0982],[-98.83529,30.09316],[-98.83938,30.09195],[-98.84136,30.09871],[-98.83965,30.10037],[-98.84255,30.10404],[-98.84486,30.09951],[-98.84426,30.09052],[-98.84664,30.09161],[-98.84803,30.09717],[-98.85107,30.08857],[-98.85397,30.09682],[-98.85146,30.10197],[-98.85568,30.10323],[-98.85655,30.09905],[-98.86169,30.10157],[-98.86359,30.10655],[-98.86504,30.10054],[-98.85653,30.09258],[-98.86102,30.09218],[-98.85772,30.08851],[-98.86274,30.08685],[-98.86643,30.09515],[-98.87032,30.09487],[-98.86967,30.08937],[-98.87713,30.09767],[-98.87844,30.10661],[-98.8764,30.10907],[-98.87924,30.10912],[-98.88082,30.11474],[-98.88293,30.11038],[-98.88009,30.10322],[-98.88795,30.10122],[-98.88293,30.09996],[-98.87975,30.09246],[-98.88325,30.09395],[-98.88642,30.09182],[-98.88761,30.09566],[-98.89468,30.09932],[-98.8946,30.09663],[-98.88952,30.09211],[-98.89823,30.0917],[-98.90034,30.09576],[-98.90363,30.09571],[-98.90185,30.09073],[-98.90951,30.08791],[-98.89823,30.08998],[-98.89842,30.08099],[-98.89591,30.08655],[-98.88166,30.08679],[-98.88035,30.08507],[-98.8845,30.08449],[-98.88252,30.08203],[-98.88839,30.07515],[-98.87586,30.08484],[-98.87171,30.08123],[-98.87771,30.07551],[-98.87157,30.07888],[-98.86919,30.07728],[-98.86683,30.08175],[-98.86431,30.07883],[-98.86504,30.07419],[-98.86076,30.07637],[-98.85377,30.07156],[-98.85423,30.06755],[-98.86175,30.07282],[-98.86266,30.06864],[-98.86913,30.07144],[-98.87599,30.07075],[-98.87638,30.06892],[-98.87124,30.06955],[-98.86576,30.0668],[-98.87928,30.06491],[-98.87644,30.06141],[-98.87051,30.06319],[-98.87275,30.06038],[-98.86417,30.06365],[-98.85851,30.06297],[-98.86497,30.0581],[-98.86036,30.05655],[-98.86662,30.05517],[-98.8711,30.05678],[-98.86715,30.05111],[-98.86312,30.05294],[-98.86398,30.05025],[-98.85812,30.05329],[-98.85336,30.04693],[-98.86306,30.04836],[-98.85975,30.04384],[-98.86628,30.04189],[-98.86318,30.03903],[-98.85798,30.0404],[-98.8581,30.03519],[-98.86205,30.03765],[-98.86477,30.0345],[-98.85935,30.02917],[-98.86489,30.02826],[-98.86225,30.02367],[-98.8664,30.02338],[-98.86825,30.02608],[-98.86463,30.03095],[-98.87063,30.03301],[-98.86543,30.03793],[-98.87293,30.0385],[-98.86886,30.04223],[-98.87505,30.0428],[-98.87057,30.04864],[-98.87374,30.04956],[-98.87565,30.05586],[-98.87775,30.05574],[-98.87551,30.05019],[-98.8771,30.0499],[-98.88297,30.05563],[-98.88152,30.05849],[-98.88732,30.05957],[-98.88706,30.06513],[-98.88956,30.06135],[-98.89439,30.06433],[-98.8932,30.06061],[-98.88891,30.06049],[-98.88851,30.05597],[-98.88613,30.05448],[-98.89022,30.05133],[-98.88547,30.05076],[-98.88085,30.04595],[-98.88804,30.04692],[-98.8819,30.04223],[-98.89048,30.04265],[-98.88969,30.03901],[-98.8852,30.03861],[-98.88915,30.03701],[-98.8829,30.03569],[-98.8823,30.03838],[-98.87762,30.03375],[-98.89008,30.03185],[-98.88183,30.02893],[-98.8883,30.02715],[-98.88902,30.02509],[-98.885,30.02567],[-98.88302,30.02218],[-98.88993,30.01902],[-98.89166,30.02761],[-98.89489,30.03082],[-98.89384,30.03803],[-98.90023,30.03798],[-98.89965,30.04136],[-98.89423,30.03987],[-98.89338,30.04222],[-98.8984,30.04989],[-98.89272,30.04943],[-98.89629,30.05081],[-98.89854,30.05631],[-98.90408,30.05143],[-98.90348,30.04903],[-98.90724,30.04862],[-98.90763,30.04644],[-98.91039,30.04839],[-98.90559,30.05303],[-98.90644,30.05521],[-98.90197,30.0571],[-98.90295,30.05991],[-98.90842,30.06008],[-98.90579,30.06306],[-98.90936,30.07136],[-98.91213,30.06752],[-98.91087,30.06197],[-98.91463,30.06454],[-98.91285,30.05698],[-98.91456,30.05521],[-98.91793,30.06356],[-98.91483,30.06987],[-98.91827,30.07101],[-98.91821,30.07874],[-98.92136,30.07467],[-98.92388,30.07753],[-98.92573,30.07576],[-98.92948,30.07696],[-98.92275,30.07158],[-98.92274,30.06551],[-98.92722,30.06631],[-98.92881,30.06968],[-98.92941,30.06665],[-98.93151,30.06676],[-98.93337,30.07317],[-98.93818,30.07162],[-98.93435,30.06756],[-98.93693,30.06578],[-98.92426,30.06161],[-98.92492,30.05955],[-98.92101,30.05675],[-98.92683,30.05731],[-98.9329,30.0612],[-98.93118,30.05691],[-98.93916,30.05467],[-98.93803,30.05158],[-98.93533,30.05341],[-98.93282,30.05176],[-98.92953,30.05479],[-98.92873,30.04975],[-98.92121,30.05005],[-98.92312,30.04747],[-98.93235,30.049],[-98.93136,30.04465],[-98.92886,30.04488],[-98.93003,30.04105],[-98.92668,30.04099],[-98.92898,30.03875],[-98.9237,30.03481],[-98.92304,30.04048],[-98.9181,30.03997],[-98.91731,30.03779],[-98.921,30.03848],[-98.92173,30.0355],[-98.91407,30.03144],[-98.9231,30.02897],[-98.93168,30.03703],[-98.93511,30.03526],[-98.93591,30.04104],[-98.9338,30.0427],[-98.93644,30.04648],[-98.94329,30.04264],[-98.94578,30.03061],[-98.94836,30.03393],[-98.94758,30.03668],[-98.95107,30.03621],[-98.95225,30.03862],[-98.94724,30.03925],[-98.94811,30.04366],[-98.94428,30.04401],[-98.94553,30.04796],[-98.95062,30.04796],[-98.94706,30.05117],[-98.94277,30.04997],[-98.94541,30.05581],[-98.94891,30.05317],[-98.94753,30.05781],[-98.95162,30.05901],[-98.95615,30.05127],[-98.96058,30.0531],[-98.95663,30.05339],[-98.95973,30.05637],[-98.95518,30.06089],[-98.95071,30.0613],[-98.94511,30.06892],[-98.9488,30.06726],[-98.95184,30.07579],[-98.95374,30.07287],[-98.95164,30.06817],[-98.9542,30.06594],[-98.95982,30.06879],[-98.95902,30.07378],[-98.96416,30.07177],[-98.96238,30.06891],[-98.96496,30.0669],[-98.96423,30.06226],[-98.96897,30.06186],[-98.96996,30.06466],[-98.97181,30.06328],[-98.96771,30.05372],[-98.97477,30.0587],[-98.97746,30.05188],[-98.98049,30.05548],[-98.97985,30.05869],[-98.9838,30.05708],[-98.98783,30.05868],[-98.97932,30.06184],[-98.98698,30.06378],[-98.98388,30.06516],[-98.98725,30.06813],[-98.98164,30.06717],[-98.98098,30.07009],[-98.9763,30.06511],[-98.97399,30.06712],[-98.97875,30.0737],[-98.97361,30.07858],[-98.97532,30.07977],[-98.98119,30.07387],[-98.98811,30.07346],[-98.98733,30.0789],[-98.97744,30.08498],[-98.98403,30.08441],[-98.98663,30.09786],[-98.99039,30.09906],[-98.99336,30.09596],[-98.98728,30.09511],[-98.98675,30.08703],[-98.99012,30.0876],[-98.98693,30.08125],[-98.99281,30.08056],[-98.99207,30.07277],[-98.99537,30.07219],[-98.99615,30.06623],[-98.99944,30.06737],[-98.99841,30.07242],[-99.00202,30.07121],[-99.00361,30.07435],[-98.99796,30.08433],[-99.0012,30.09229],[-99.00364,30.09102],[-99.00007,30.08793],[-99.00237,30.07917],[-99.00601,30.08122],[-99.00684,30.07647],[-99.01293,30.08144],[-99.00546,30.06925],[-99.00544,30.06742],[-99.00901,30.06701],[-98.99897,30.06147],[-99.00022,30.05838],[-99.00379,30.06038],[-99.00431,30.05654],[-99.00987,30.06409],[-99.01791,30.0658],[-99.01931,30.07725],[-99.02415,30.08646],[-99.02546,30.08469],[-99.0209,30.07685],[-99.02227,30.07318],[-99.02485,30.07266],[-99.02241,30.07135],[-99.0218,30.06585],[-99.02549,30.06613],[-99.02041,30.06173],[-99.02277,30.05972],[-99.02892,30.06555],[-99.03059,30.07523],[-99.03718,30.07482],[-99.04058,30.08752],[-99.03703,30.09171],[-99.04032,30.0909],[-99.0417,30.08437],[-99.04737,30.09032],[-99.04572,30.08855],[-99.04783,30.08774],[-99.03924,30.07997],[-99.04095,30.07487],[-99.03454,30.07264],[-99.03361,30.06881],[-99.03512,30.06474],[-99.0404,30.0633],[-99.04792,30.06901],[-99.04389,30.06438],[-99.04415,30.06117],[-99.03149,30.06039],[-99.02792,30.05788],[-99.03274,30.05827],[-99.0322,30.05552],[-99.01293,30.05086],[-99.01859,30.04724],[-99.02329,30.0517],[-99.02216,30.04649],[-99.02586,30.04637],[-99.02816,30.05026],[-99.03179,30.04951],[-99.0308,30.04522],[-99.03648,30.05076],[-99.03628,30.05311],[-99.03799,30.04698],[-99.04894,30.04994],[-99.05192,30.05669],[-99.05369,30.05171],[-99.0523,30.04913],[-99.04549,30.04559],[-99.05056,30.03974],[-99.04305,30.0429],[-99.04212,30.03867],[-99.03785,30.04285],[-99.02934,30.04081],[-99.03341,30.03765],[-99.03057,30.03639],[-99.02374,30.0407],[-99.01812,30.03813],[-99.02386,30.03749],[-99.02299,30.03555],[-99.01006,30.0331],[-99.00843,30.03672],[-99.00256,30.03581],[-99.00156,30.03289],[-98.99708,30.03289],[-98.99674,30.0298],[-99.00585,30.03259],[-99.00683,30.02824],[-99.0136,30.02376],[-99.01098,30.02995],[-99.01794,30.02646],[-99.01765,30.03091],[-99.02134,30.03206],[-99.02299,30.02993],[-99.03063,30.03365],[-99.03013,30.03063],[-99.02703,30.02948],[-99.02831,30.02758],[-99.0247,30.02804],[-99.02206,30.02518],[-99.02798,30.02443],[-99.02316,30.01882],[-99.02758,30.02191],[-99.03298,30.02012],[-99.03822,30.03111],[-99.03925,30.02504],[-99.03668,30.01806],[-99.04168,30.01891],[-99.04592,30.02887],[-99.04968,30.02777],[-99.04472,30.02108],[-99.04517,30.01787],[-99.05024,30.01689],[-99.05685,30.01945],[-99.05427,30.01482],[-99.04754,30.01391],[-99.04786,30.01042],[-99.04319,30.01404],[-99.04067,30.01089],[-99.02782,30.01074],[-99.03565,30.0015],[-99.02161,30.00559],[-99.02042,30.00279],[-99.01179,30.00286],[-99.00974,29.99925],[-99.02694,29.9946],[-99.03493,29.99644],[-99.04437,30.00251],[-99.0482,30.00211],[-99.05,29.99671],[-99.05237,29.99664],[-99.05868,30.00351],[-99.06504,29.99629],[-99.07,30.00103],[-99.06487,30.00253],[-99.06191,30.00637],[-99.06982,30.00613],[-99.06825,30.01254],[-99.07095,30.00882],[-99.07497,30.01162],[-99.0741,30.00772],[-99.07694,30.00772],[-99.07679,30.00314],[-99.07996,30.00399],[-99.08259,30.00187],[-99.0834,30.00724],[-99.07879,30.00995],[-99.07932,30.01252],[-99.08244,30.01464],[-99.08479,30.01056],[-99.08651,30.01274],[-99.08854,30.00775],[-99.09086,30.0129],[-99.08798,30.01651],[-99.09213,30.01674],[-99.08324,30.02277],[-99.07789,30.01722],[-99.07822,30.02163],[-99.07064,30.02142],[-99.07006,30.02411],[-99.07342,30.02513],[-99.07185,30.02749],[-99.06315,30.0271],[-99.07206,30.03075],[-99.06634,30.04067],[-99.07319,30.03693],[-99.07647,30.02937],[-99.07943,30.02987],[-99.07964,30.03228],[-99.0865,30.03038],[-99.08564,30.03319],[-99.07714,30.03641],[-99.07861,30.03801],[-99.0765,30.04225],[-99.08065,30.03927],[-99.08079,30.04368],[-99.08343,30.04442],[-99.08367,30.0376],[-99.09351,30.04233],[-99.09126,30.03959],[-99.09185,30.03655],[-99.09489,30.03689],[-99.09374,30.03093],[-99.09896,30.03459],[-99.09562,30.04107],[-99.1009,30.04266],[-99.09563,30.04794],[-99.09187,30.046],[-99.09248,30.04926],[-99.08654,30.04762],[-99.08997,30.05276],[-99.09301,30.0531],[-99.09144,30.05505],[-99.08424,30.05266],[-99.08517,30.05443],[-99.07613,30.05474],[-99.06876,30.05893],[-99.0687,30.06077],[-99.07655,30.05811],[-99.07774,30.0604],[-99.08314,30.05816],[-99.08274,30.06131],[-99.08485,30.05919],[-99.08894,30.05986],[-99.09066,30.06295],[-99.08647,30.06829],[-99.08112,30.06904],[-99.08244,30.07076],[-99.08053,30.07231],[-99.07533,30.07089],[-99.07235,30.07198],[-99.07262,30.07404],[-99.07797,30.07317],[-99.07903,30.07655],[-99.08672,30.07092],[-99.08805,30.07396],[-99.09107,30.06983],[-99.09313,30.072],[-99.0955,30.06993],[-99.09292,30.06633],[-99.09622,30.0665],[-99.09483,30.06398],[-99.09766,30.06374],[-99.09481,30.06077],[-99.09844,30.06117],[-99.09777,30.05784],[-99.10185,30.05285],[-99.10378,30.05972],[-99.10627,30.05645],[-99.10859,30.05856],[-99.10838,30.05261],[-99.1134,30.05363],[-99.1126,30.0573],[-99.11466,30.0597],[-99.10815,30.06263],[-99.11025,30.06486],[-99.10261,30.06282],[-99.10308,30.06969],[-99.10038,30.07021],[-99.09533,30.07881],[-99.09083,30.07681],[-99.09071,30.08056],[-99.07687,30.0844],[-99.07635,30.08904],[-99.06937,30.0918],[-99.07491,30.09168],[-99.0761,30.09517],[-99.07636,30.09122],[-99.079,30.0915],[-99.08097,30.0864],[-99.08308,30.08783],[-99.08981,30.08604],[-99.08698,30.09051],[-99.08923,30.09308],[-99.0935,30.08574],[-99.09896,30.08378],[-99.10116,30.08704],[-99.09608,30.08946],[-99.09194,30.09663],[-99.08627,30.09795],[-99.08608,30.10065],[-99.09168,30.09778],[-99.09289,30.10212],[-99.09353,30.09777],[-99.10136,30.09128],[-99.10087,30.10497],[-99.10317,30.09998],[-99.10661,30.10198],[-99.10449,30.09689],[-99.10888,30.09247],[-99.10525,30.09099],[-99.10787,30.08451],[-99.11269,30.08754],[-99.11202,30.08381],[-99.11546,30.08381],[-99.1105,30.08193],[-99.10917,30.07529],[-99.11366,30.07848],[-99.11424,30.07344],[-99.12067,30.08494],[-99.1208,30.08128],[-99.12357,30.08316],[-99.12415,30.08075],[-99.11938,30.07315],[-99.12553,30.07737],[-99.12597,30.07095],[-99.13288,30.06871],[-99.13274,30.06304],[-99.14053,30.06256],[-99.14001,30.06669],[-99.13552,30.06566],[-99.13732,30.07162],[-99.1294,30.0729],[-99.12737,30.07891],[-99.13601,30.07706],[-99.13483,30.08015],[-99.1266,30.08287],[-99.13194,30.08274],[-99.12985,30.08538],[-99.13314,30.08629],[-99.13395,30.09001],[-99.13191,30.09179],[-99.12722,30.08945],[-99.12412,30.09112],[-99.13232,30.09746],[-99.13647,30.0951],[-99.14016,30.09589],[-99.13897,30.09361],[-99.14246,30.09331],[-99.14094,30.09097],[-99.14304,30.08861],[-99.14477,30.09233],[-99.14214,30.09612],[-99.13068,30.10238],[-99.12434,30.09862],[-99.11999,30.10035],[-99.12745,30.10205],[-99.12898,30.10554],[-99.12601,30.10847],[-99.12061,30.10848],[-99.12563,30.11116],[-99.12194,30.11466],[-99.12539,30.11546],[-99.12486,30.11849],[-99.11826,30.11873],[-99.11536,30.12126],[-99.12618,30.12153],[-99.12693,30.12748],[-99.12664,30.12015],[-99.13116,30.10737],[-99.1338,30.10696],[-99.13685,30.114],[-99.13755,30.10575],[-99.14059,30.10357],[-99.14265,30.10814],[-99.14805,30.10555],[-99.14864,30.10824],[-99.15096,30.10829],[-99.1513,30.11282],[-99.1484,30.11408],[-99.15032,30.11763],[-99.14742,30.11913],[-99.14948,30.12101],[-99.14877,30.126],[-99.13657,30.12866],[-99.13915,30.13175],[-99.13308,30.13193],[-99.1358,30.13467],[-99.13013,30.13686],[-99.13166,30.13869],[-99.12843,30.14185],[-99.1366,30.13759],[-99.13938,30.14262],[-99.13863,30.13512],[-99.14074,30.1338],[-99.14413,30.13855],[-99.14422,30.14576],[-99.147,30.14828],[-99.14605,30.14392],[-99.14877,30.14421],[-99.14332,30.13225],[-99.14745,30.13173],[-99.15049,30.12817],[-99.15354,30.13606],[-99.15513,30.13714],[-99.15717,30.13479],[-99.16485,30.13987],[-99.16219,30.13421],[-99.15585,30.13004],[-99.15412,30.12552],[-99.15534,30.11905],[-99.16137,30.12568],[-99.16573,30.12521],[-99.16879,30.13058],[-99.17243,30.12721],[-99.16387,30.12304],[-99.16367,30.12098],[-99.16637,30.12045],[-99.16023,30.11898],[-99.15936,30.11641],[-99.16154,30.11474],[-99.15817,30.1128],[-99.15875,30.11091],[-99.16456,30.11238],[-99.16508,30.11003],[-99.17141,30.10807],[-99.1675,30.10505],[-99.15972,30.10644],[-99.15806,30.10197],[-99.16393,30.10368],[-99.16834,30.0996],[-99.16287,30.09927],[-99.16259,30.09687],[-99.15626,30.09477],[-99.16898,30.09382],[-99.16686,30.09079],[-99.16297,30.09102],[-99.16349,30.08839],[-99.15585,30.0895],[-99.1596,30.08771],[-99.16077,30.08427],[-99.1574,30.08239],[-99.15852,30.07924],[-99.15447,30.07352],[-99.15751,30.07541],[-99.15988,30.07288],[-99.16076,30.08152],[-99.16486,30.08444],[-99.1667,30.08025],[-99.17007,30.0823],[-99.16705,30.08752],[-99.17147,30.08837],[-99.17555,30.08521],[-99.17866,30.08669],[-99.17248,30.0914],[-99.17452,30.09432],[-99.18006,30.09178],[-99.17507,30.0985],[-99.18113,30.09647],[-99.18049,30.10329],[-99.18542,30.09686],[-99.18819,30.09657],[-99.186,30.09377],[-99.18877,30.09296],[-99.18842,30.08849],[-99.19204,30.08556],[-99.19343,30.08705],[-99.19241,30.09324],[-99.19459,30.09747],[-99.19195,30.09811],[-99.19434,30.10114],[-99.18939,30.10058],[-99.19086,30.10504],[-99.18584,30.10534],[-99.18922,30.10842],[-99.18284,30.1148],[-99.1874,30.11467],[-99.19648,30.10708],[-99.19991,30.10902],[-99.19405,30.11391],[-99.19605,30.11699],[-99.19376,30.12296],[-99.18896,30.12452],[-99.19148,30.12709],[-99.18633,30.13094],[-99.18589,30.13735],[-99.19346,30.12805],[-99.19582,30.12856],[-99.19303,30.13802],[-99.19599,30.1383],[-99.19589,30.14472],[-99.19187,30.14684],[-99.19129,30.14988],[-99.1965,30.14883],[-99.19915,30.15169],[-99.19761,30.14723],[-99.20054,30.13296],[-99.20384,30.13398],[-99.2057,30.1381],[-99.20866,30.13534],[-99.21229,30.1371],[-99.2116,30.14433],[-99.21357,30.14363],[-99.21722,30.14751],[-99.21873,30.14597],[-99.216,30.1375],[-99.21876,30.1344],[-99.21453,30.13441],[-99.21478,30.13011],[-99.20606,30.12882],[-99.20242,30.12448],[-99.20899,30.11839],[-99.20684,30.1086],[-99.21198,30.10922],[-99.21517,30.11453],[-99.21728,30.11041],[-99.22671,30.11078],[-99.21105,30.10515],[-99.21447,30.10136],[-99.21281,30.09891],[-99.20655,30.10179],[-99.20562,30.09973],[-99.20892,30.09794],[-99.20501,30.09693],[-99.20467,30.09441],[-99.20757,30.09296],[-99.21021,30.09542],[-99.21172,30.09255],[-99.21119,30.08918],[-99.20496,30.08581],[-99.21214,30.07995],[-99.21276,30.08579],[-99.21838,30.09139],[-99.21748,30.09483],[-99.22057,30.09333],[-99.22752,30.09955],[-99.223,30.08977],[-99.22775,30.09027],[-99.227,30.08661],[-99.22106,30.08348],[-99.22746,30.0834],[-99.23048,30.08007],[-99.232,30.08264],[-99.23655,30.08137],[-99.23953,30.08319],[-99.23341,30.08659],[-99.23783,30.08829],[-99.2337,30.09226],[-99.23679,30.09483],[-99.24462,30.08799],[-99.23873,30.09992],[-99.24459,30.09698],[-99.25024,30.08968],[-99.25211,30.09575],[-99.25047,30.09736],[-99.25306,30.10188],[-99.2524,30.10434],[-99.24911,30.10389],[-99.2492,30.10973],[-99.24154,30.10787],[-99.2427,30.11525],[-99.23939,30.11572],[-99.24039,30.11938],[-99.23527,30.12455],[-99.23754,30.12993],[-99.23553,30.13755],[-99.23852,30.14212],[-99.23965,30.12929],[-99.24255,30.12934],[-99.24003,30.12414],[-99.2495,30.11826],[-99.25008,30.11454],[-99.2553,30.11607],[-99.25706,30.10971],[-99.26241,30.1129],[-99.26231,30.11914],[-99.26714,30.1225],[-99.26547,30.11821],[-99.26676,30.11277],[-99.2604,30.1042],[-99.26427,30.10235],[-99.26661,30.10601],[-99.2691,30.10474],[-99.27399,30.10713],[-99.27328,30.1096],[-99.27659,30.11262],[-99.27744,30.10975],[-99.28008,30.10952],[-99.27996,30.11393],[-99.28365,30.11414],[-99.28191,30.12314],[-99.27731,30.12568],[-99.28088,30.12566],[-99.27958,30.13185],[-99.27682,30.13284],[-99.27955,30.13695],[-99.27454,30.14121],[-99.28304,30.13912],[-99.28076,30.14216],[-99.28237,30.14862],[-99.2808,30.15378],[-99.28507,30.1481],[-99.28327,30.14358],[-99.28637,30.14386],[-99.28689,30.1407],[-99.28407,30.13189],[-99.28664,30.13257],[-99.28799,30.12375],[-99.29279,30.12018],[-99.29697,30.12544],[-99.30021,30.12525],[-99.29754,30.13133],[-99.30064,30.13092],[-99.30091,30.13475],[-99.30537,30.12787],[-99.31234,30.13575],[-99.31321,30.13941],[-99.30804,30.14624],[-99.31213,30.146],[-99.30966,30.15362],[-99.31098,30.15614],[-99.31579,30.15429],[-99.31321,30.15235],[-99.31617,30.14993],[-99.3166,30.14306],[-99.32412,30.14366],[-99.32348,30.1471],[-99.32552,30.14738],[-99.32854,30.14428],[-99.3318,30.14701],[-99.33076,30.1504],[-99.3328,30.15107],[-99.33457,30.14751],[-99.34327,30.15917],[-99.34524,30.15566],[-99.35072,30.15558],[-99.35426,30.16336],[-99.35995,30.16689],[-99.35484,30.16106],[-99.35546,30.15482],[-99.34429,30.15234],[-99.34501,30.14959],[-99.33891,30.14458],[-99.34707,30.1391],[-99.33639,30.14109],[-99.32105,30.13686],[-99.32089,30.13107],[-99.32789,30.13196],[-99.33103,30.12777],[-99.32702,30.12847],[-99.32687,30.12418],[-99.32397,30.12705],[-99.31837,30.12731],[-99.31194,30.12326],[-99.31181,30.12132],[-99.31773,30.11791],[-99.31211,30.11839],[-99.31231,30.11604],[-99.31861,30.11087],[-99.31123,30.11164],[-99.30612,30.11744],[-99.3028,30.11723],[-99.30152,30.11145],[-99.29546,30.11152],[-99.29505,30.10809],[-99.29121,30.10627],[-99.30375,30.10622],[-99.29945,30.10464],[-99.29971,30.1016],[-99.29627,30.10201],[-99.29698,30.09852],[-99.29244,30.10128],[-99.29333,30.09204],[-99.28808,30.10033],[-99.28266,30.09863],[-99.28431,30.0965],[-99.27949,30.09697],[-99.27941,30.0944],[-99.28494,30.09106],[-99.27743,30.09257],[-99.27369,30.09728],[-99.27195,30.09253],[-99.27412,30.08909],[-99.26415,30.0901],[-99.26151,30.08724],[-99.26519,30.08654],[-99.26663,30.08305],[-99.26103,30.08146],[-99.25648,30.08314],[-99.25297,30.07908],[-99.26536,30.07807],[-99.26754,30.08087],[-99.27169,30.0777],[-99.27468,30.08331],[-99.28097,30.08655],[-99.28126,30.07876],[-99.28573,30.07766],[-99.29051,30.08348],[-99.29315,30.08129],[-99.29061,30.07569],[-99.30107,30.07399],[-99.30397,30.07564],[-99.30388,30.08355],[-99.30631,30.0789],[-99.31198,30.08043],[-99.31348,30.07756],[-99.31821,30.08699],[-99.31903,30.07971],[-99.30872,30.07345],[-99.31887,30.07209],[-99.3235,30.07603],[-99.32758,30.07424],[-99.32971,30.0791],[-99.33194,30.0756],[-99.33719,30.08222],[-99.3357,30.08715],[-99.33924,30.08273],[-99.34972,30.08349],[-99.351,30.08652],[-99.34757,30.08722],[-99.34688,30.09375],[-99.35518,30.09183],[-99.35704,30.09428],[-99.35781,30.08918],[-99.36489,30.09517],[-99.36765,30.09315],[-99.3566,30.0877],[-99.3591,30.085],[-99.35756,30.08225],[-99.36309,30.07816],[-99.35835,30.08036],[-99.35709,30.0779],[-99.35974,30.06982],[-99.36388,30.06579],[-99.36775,30.06406],[-99.37822,30.07117],[-99.37705,30.07427],[-99.3832,30.07499],[-99.38061,30.07025],[-99.38786,30.06901],[-99.3904,30.06568],[-99.39451,30.06864],[-99.39317,30.06372],[-99.40897,30.06199],[-99.41073,30.06714],[-99.41261,30.06278],[-99.42358,30.06691],[-99.42257,30.06394],[-99.41584,30.06179],[-99.41654,30.05869],[-99.42451,30.05574],[-99.43269,30.05616],[-99.42489,30.05447],[-99.41041,30.05958],[-99.4017,30.05756],[-99.40174,30.05366],[-99.39979,30.05648],[-99.37879,30.06596],[-99.36437,30.05571],[-99.35618,30.06559],[-99.35253,30.07552],[-99.35049,30.07501],[-99.35099,30.0714],[-99.34878,30.07673],[-99.34509,30.07641],[-99.33892,30.0707],[-99.34469,30.06363],[-99.34315,30.05917],[-99.34432,30.05533],[-99.34669,30.05561],[-99.34733,30.05057],[-99.36079,30.04129],[-99.36555,30.04276],[-99.36857,30.04052],[-99.37234,30.04262],[-99.36518,30.03687],[-99.36202,30.03768],[-99.35922,30.02927],[-99.35685,30.03083],[-99.35716,30.03815],[-99.35479,30.04195],[-99.33949,30.0506],[-99.33343,30.06585],[-99.32775,30.06404],[-99.33164,30.05378],[-99.32998,30.04949],[-99.33207,30.04473],[-99.32472,30.05077],[-99.32803,30.05448],[-99.32256,30.05736],[-99.32273,30.06418],[-99.31641,30.06535],[-99.31429,30.0641],[-99.31605,30.05893],[-99.31262,30.05889],[-99.31309,30.04686],[-99.31095,30.04131],[-99.30964,30.05546],[-99.30622,30.05874],[-99.30808,30.06308],[-99.3059,30.0612],[-99.30387,30.06476],[-99.30097,30.06483],[-99.30036,30.06214],[-99.29801,30.06593],[-99.29498,30.06514],[-99.29884,30.05957],[-99.29646,30.05637],[-99.30047,30.05521],[-99.29769,30.05264],[-99.30135,30.04817],[-99.29607,30.04549],[-99.29478,30.0495],[-99.28864,30.04941],[-99.29096,30.0529],[-99.28965,30.05456],[-99.28463,30.05172],[-99.28153,30.05276],[-99.29125,30.05914],[-99.28996,30.06218],[-99.28698,30.0627],[-99.28745,30.06539],[-99.27284,30.06859],[-99.27879,30.05843],[-99.27221,30.06332],[-99.26853,30.05223],[-99.26782,30.06718],[-99.26333,30.06725],[-99.26528,30.06203],[-99.25866,30.05604],[-99.25938,30.06664],[-99.25384,30.06751],[-99.25169,30.06036],[-99.24882,30.06592],[-99.24632,30.06576],[-99.24851,30.0571],[-99.25181,30.05589],[-99.24691,30.05052],[-99.25428,30.04998],[-99.25863,30.04654],[-99.25431,30.04128],[-99.25306,30.04565],[-99.2492,30.04634],[-99.24851,30.03935],[-99.24572,30.03741],[-99.24722,30.0314],[-99.24224,30.04012],[-99.24661,30.04234],[-99.24603,30.04514],[-99.24181,30.04716],[-99.23904,30.04413],[-99.2404,30.05513],[-99.2371,30.05623],[-99.234,30.05389],[-99.23336,30.0603],[-99.2319,30.05664],[-99.22628,30.05586],[-99.22735,30.05912],[-99.22453,30.06027],[-99.22724,30.06387],[-99.21742,30.06482],[-99.21806,30.05737],[-99.22396,30.05134],[-99.23214,30.05046],[-99.22917,30.04903],[-99.22874,30.04262],[-99.23222,30.03854],[-99.22668,30.03976],[-99.22424,30.03765],[-99.23066,30.02916],[-99.22671,30.0286],[-99.22523,30.0231],[-99.22633,30.0322],[-99.22231,30.03319],[-99.21893,30.02673],[-99.21774,30.02771],[-99.21981,30.03469],[-99.21745,30.03595],[-99.22327,30.04601],[-99.21867,30.04712],[-99.21713,30.04059],[-99.21288,30.03591],[-99.21562,30.0418],[-99.21334,30.05154],[-99.21031,30.04777],[-99.20988,30.04205],[-99.20673,30.04606],[-99.20315,30.03828],[-99.20077,30.03892],[-99.20152,30.04551],[-99.2076,30.05007],[-99.20756,30.05505],[-99.20115,30.05141],[-99.19938,30.05496],[-99.20156,30.05759],[-99.1965,30.06087],[-99.19727,30.0568],[-99.19358,30.05773],[-99.19213,30.05447],[-99.19883,30.05061],[-99.19357,30.0504],[-99.19485,30.04277],[-99.19045,30.04737],[-99.1874,30.04257],[-99.18702,30.04721],[-99.18452,30.04807],[-99.1871,30.04915],[-99.18763,30.05265],[-99.18255,30.05077],[-99.18403,30.05798],[-99.1804,30.05731],[-99.17899,30.05061],[-99.18208,30.04768],[-99.17924,30.04648],[-99.1818,30.0423],[-99.17803,30.04185],[-99.17535,30.04586],[-99.17468,30.04283],[-99.17243,30.04295],[-99.17284,30.04919],[-99.16923,30.05058],[-99.16605,30.04635],[-99.17013,30.0445],[-99.16908,30.04244],[-99.17136,30.04067],[-99.16088,30.03737],[-99.15693,30.03938],[-99.15685,30.03537],[-99.14927,30.03505],[-99.16073,30.03119],[-99.16015,30.03468],[-99.1666,30.03426],[-99.16811,30.03214],[-99.16918,30.03666],[-99.17188,30.0374],[-99.17292,30.03264],[-99.17678,30.03956],[-99.17703,30.03526],[-99.18018,30.03486],[-99.17642,30.0304],[-99.18023,30.03022],[-99.18381,30.03599],[-99.18333,30.03044],[-99.18868,30.03243],[-99.18714,30.02808],[-99.19822,30.02719],[-99.19413,30.02445],[-99.20248,30.01796],[-99.19964,30.01791],[-99.19863,30.01447],[-99.19267,30.02274],[-99.1912,30.02028],[-99.18707,30.02504],[-99.18351,30.02511],[-99.18534,30.0203],[-99.18224,30.01973],[-99.18054,30.02323],[-99.17442,30.02462],[-99.17158,30.02291],[-99.17724,30.01986],[-99.1744,30.01987],[-99.17558,30.01551],[-99.17327,30.01809],[-99.1699,30.01553],[-99.16544,30.02166],[-99.16569,30.01783],[-99.15997,30.01967],[-99.16766,30.01484],[-99.16573,30.0117],[-99.17075,30.01254],[-99.17068,30.01037],[-99.1815,30.01406],[-99.18227,30.01212],[-99.18763,30.01502],[-99.18511,30.01148],[-99.18801,30.01009],[-99.18049,30.00885],[-99.18258,30.00576],[-99.17765,30.008],[-99.17718,30.00445],[-99.17243,30.00544],[-99.17256,30.00263],[-99.17736,30.00182],[-99.17407,29.99948],[-99.17571,29.99733],[-99.16923,29.99665],[-99.16999,30.00218],[-99.16662,29.9999],[-99.16308,30.00426],[-99.15931,29.99715],[-99.15629,30.00279],[-99.15224,30.00339],[-99.15392,30.01072],[-99.15181,30.01284],[-99.14916,30.00821],[-99.14639,30.00782],[-99.14841,30.00209],[-99.15531,29.99873],[-99.15652,29.99586],[-99.14991,29.99592],[-99.1491,29.99415],[-99.1537,29.99245],[-99.1515,29.99024],[-99.15452,29.98975],[-99.16555,29.99331],[-99.16247,29.98589],[-99.16573,29.98718],[-99.16871,29.98337],[-99.16726,29.98831],[-99.16918,29.99333],[-99.17109,29.99314],[-99.17095,29.98758],[-99.17457,29.98577],[-99.17454,29.99408],[-99.17921,29.9918],[-99.17841,29.99714],[-99.18072,29.99625],[-99.18255,29.99973],[-99.18505,29.99873],[-99.18549,30.00188],[-99.18975,29.99915],[-99.18662,29.99746],[-99.18438,29.99364],[-99.18668,29.99265],[-99.18388,29.99032],[-99.18832,29.99108],[-99.19108,29.99478],[-99.19469,29.99371],[-99.19477,29.99933],[-99.20013,30.00618],[-99.20329,30.00609],[-99.20506,30.00169],[-99.2001,29.99744],[-99.20246,29.99541],[-99.19932,29.99361],[-99.20814,29.99535],[-99.20399,29.99127],[-99.21145,29.99085],[-99.20513,29.98857],[-99.19802,29.99053],[-99.19412,29.98535],[-99.19555,29.98333],[-99.20351,29.98555],[-99.20481,29.98467],[-99.20226,29.98201],[-99.19373,29.98123],[-99.18716,29.98342],[-99.18227,29.97928],[-99.18436,29.97697],[-99.18937,29.9807],[-99.18966,29.97795],[-99.19329,29.97831],[-99.1919,29.97294],[-99.19482,29.97343],[-99.19787,29.97901],[-99.20347,29.97798],[-99.20409,29.97483],[-99.2006,29.97097],[-99.20739,29.96953],[-99.2071,29.97783],[-99.21,29.97752],[-99.21206,29.97251],[-99.21491,29.97856],[-99.21528,29.97615],[-99.2217,29.97711],[-99.21786,29.98174],[-99.21935,29.98396],[-99.21326,29.98367],[-99.21792,29.98592],[-99.21777,29.98901],[-99.22169,29.98536],[-99.22665,29.98623],[-99.22431,29.98969],[-99.22857,29.9916],[-99.22952,29.98826],[-99.23187,29.99999],[-99.23538,29.99514],[-99.24052,29.99898],[-99.23853,29.99494],[-99.23402,29.99286],[-99.23187,29.98537],[-99.23383,29.98478],[-99.24227,29.99306],[-99.24334,29.98875],[-99.24665,29.98901],[-99.24423,29.98588],[-99.24554,29.98071],[-99.24857,29.98532],[-99.25396,29.9871],[-99.24967,29.98365],[-99.24909,29.9797],[-99.24249,29.97965],[-99.23916,29.988],[-99.23808,29.98084],[-99.22706,29.98279],[-99.22546,29.9812],[-99.23515,29.97939],[-99.22851,29.97785],[-99.23452,29.97246],[-99.23422,29.9696],[-99.24018,29.97384],[-99.2374,29.96595],[-99.24877,29.97099],[-99.24397,29.96749],[-99.2469,29.96483],[-99.24268,29.96516],[-99.24778,29.96201],[-99.24792,29.95765],[-99.25268,29.96173],[-99.25445,29.9612],[-99.25123,29.95733],[-99.26124,29.96032],[-99.25802,29.95681],[-99.26511,29.95416],[-99.26185,29.95161],[-99.2543,29.95512],[-99.25193,29.95166],[-99.24552,29.95562],[-99.2459,29.95],[-99.24311,29.95],[-99.24355,29.95283],[-99.24087,29.9536],[-99.243,29.95553],[-99.24058,29.96191],[-99.23615,29.96121],[-99.23637,29.95783],[-99.2344,29.95963],[-99.23292,29.95678],[-99.23101,29.95743],[-99.23296,29.96039],[-99.23167,29.96664],[-99.22741,29.96932],[-99.22639,29.96314],[-99.22506,29.967],[-99.22038,29.96808],[-99.22199,29.96491],[-99.21652,29.96536],[-99.21699,29.96181],[-99.22422,29.95959],[-99.21767,29.95888],[-99.2205,29.95753],[-99.22079,29.95443],[-99.22646,29.95432],[-99.22436,29.95005],[-99.23114,29.95],[-99.21545,29.95],[-99.21124,29.95608],[-99.2087,29.95473],[-99.20235,29.95926],[-99.20374,29.95466],[-99.20782,29.95273],[-99.20556,29.95172],[-99.2069,29.95],[-99.19687,29.95],[-99.19437,29.9551],[-99.19425,29.95184],[-99.19116,29.95238],[-99.19369,29.95],[-98.11574,29.95],[-98.11761,29.95838],[-98.11509,29.95557],[-98.11192,29.95833],[-98.11257,29.95311],[-98.11065,29.9522],[-98.10987,29.95443],[-98.10854,29.95272],[-98.10593,29.96561],[-98.10255,29.96298],[-98.10485,29.95731],[-98.10049,29.95749],[-98.10636,29.95089],[-98.0963,29.95],[-98.09652,29.95377],[-98.09316,29.95652],[-98.09051,29.95114],[-98.08735,29.95768],[-98.0841,29.95602],[-98.08396,29.95161],[-98.08013,29.95356],[-98.08134,29.95768],[-98.07864,29.95844],[-98.08294,29.96221],[-98.07917,29.96175],[-98.07856,29.95952],[-98.07473,29.96079],[-98.07284,29.96663],[-98.06905,29.96114],[-98.06754,29.96464],[-98.07,29.97042],[-98.06742,29.97065],[-98.06579,29.97661],[-98.06174,29.97363],[-98.06591,29.97031],[-98.06115,29.96969],[-98.06332,29.96647],[-98.06181,29.96573],[-98.05283,29.97771],[-98.04934,29.97789],[-98.0523,29.97273],[-98.04722,29.97525],[-98.0426,29.97303],[-98.04049,29.97956],[-98.03539,29.97659],[-98.02219,29.98187],[-98.02924,29.97464],[-98.03216,29.97487],[-98.03381,29.97109],[-98.03863,29.97269],[-98.0371,29.96977],[-98.03994,29.96994],[-98.03974,29.96748],[-98.01136,29.98515],[-98.00475,29.99122],[-98.0053,29.99518],[-98.00073,29.99215],[-97.99606,29.99257],[-97.9906,30.00071],[-97.96728,30.00841],[-97.96574,30.01112],[-97.98214,30.00726],[-97.98719,30.00943],[-97.98812,30.00564],[-97.99473,30.0031],[-97.99445,30.00004],[-97.99873,29.99705],[-98.00668,30.00266],[-98.00816,29.99958],[-98.02245,30.00058],[-98.02174,30.00642],[-98.02518,30.00455],[-98.02773,30.0072],[-98.02439,30.01308],[-98.02985,30.01305],[-98.0308,30.01071],[-98.03458,30.0164],[-98.03345,30.00861],[-98.03901,30.01374],[-98.0387,30.01053],[-98.04134,30.01021],[-98.03762,30.00652],[-98.04342,30.00649],[-98.04232,30.0038],[-98.04569,30.00284],[-98.04618,30.00766],[-98.04296,30.01422],[-98.0366,30.01899],[-98.04353,30.01732],[-98.04258,30.02144],[-98.04536,30.0191],[-98.04288,30.03261],[-98.04624,30.03371],[-98.04725,30.0391],[-98.05062,30.03717],[-98.05767,30.0383],[-98.06158,30.05333],[-98.06669,30.05708],[-98.06489,30.05169],[-98.06994,30.05396],[-98.07134,30.05241],[-98.06532,30.04751],[-98.06417,30.04161],[-98.06793,30.04123],[-98.06954,30.04679],[-98.07264,30.04681],[-98.07102,30.04308],[-98.07333,30.04292],[-98.0759,30.05857],[-98.07822,30.05675],[-98.08039,30.05888],[-98.07609,30.0616],[-98.07703,30.06596],[-98.07418,30.06818],[-98.07092,30.06495],[-98.05633,30.07541],[-98.0429,30.0802],[-98.03652,30.07695],[-98.0313,30.07073],[-98.03289,30.06966],[-98.04208,30.07504],[-98.04099,30.07194],[-98.04389,30.07138],[-98.03902,30.06918],[-98.04505,30.06618],[-98.04389,30.06233],[-98.04774,30.06058],[-98.04345,30.06033],[-98.03893,30.06574],[-98.02593,30.06543],[-98.02479,30.06846],[-98.0225,30.06627],[-98.018,30.06836],[-98.01217,30.06449],[-98.00958,30.06642],[-98.00777,30.06062],[-98.00108,30.06568],[-98.00279,30.07877],[-97.99424,30.07859],[-97.99751,30.07202],[-97.99366,30.07551],[-97.9922,30.07147],[-97.98724,30.07804],[-97.99078,30.08104],[-97.98579,30.08189],[-97.98217,30.0864],[-97.97947,30.083],[-97.9703,30.09067],[-97.97114,30.09375],[-97.97549,30.08923],[-97.98155,30.09317],[-97.98107,30.09718],[-97.97608,30.10274],[-97.98563,30.09747],[-97.99374,30.09732],[-97.99348,30.10196],[-97.98862,30.10339],[-97.98631,30.10709],[-97.98923,30.10906],[-97.98728,30.11108],[-97.99114,30.11327],[-97.98797,30.12505],[-97.94738,30.15868],[-97.94457,30.15619],[-97.94523,30.15149],[-97.93684,30.1553],[-97.93279,30.16257],[-97.92748,30.16543],[-97.92379,30.1653],[-97.92559,30.16236],[-97.92286,30.1605],[-97.91775,30.16783],[-97.92036,30.16969],[-97.91836,30.17293],[-97.92693,30.17248],[-97.92751,30.17666],[-97.9181,30.18725],[-97.90392,30.19714],[-97.90539,30.19334],[-97.90368,30.18947],[-97.89773,30.20167],[-97.89033,30.20582],[-97.88314,30.21609],[-97.88177,30.21175],[-97.8693,30.22724],[-97.84673,30.24701],[-97.83758,30.2581],[-97.82382,30.26518],[-97.80596,30.28369],[-97.78323,30.30259],[-97.7522,30.3411],[-97.75086,30.34358],[-97.75808,30.34007],[-97.75352,30.34493],[-97.75744,30.35182],[-97.76334,30.35296],[-97.75819,30.3478],[-97.76014,30.34641],[-97.76868,30.35216],[-97.76841,30.34695],[-97.7754,30.34992],[-97.7692,30.35628],[-97.77639,30.36022],[-97.77309,30.36088],[-97.77018,30.36509],[-97.77431,30.3678],[-97.7752,30.36533],[-97.7795,30.36511],[-97.78225,30.36783],[-97.78115,30.3699],[-97.77691,30.3688],[-97.77692,30.37521],[-97.77042,30.37929],[-97.769,30.3769],[-97.77161,30.37441],[-97.7693,30.37375],[-97.7725,30.37085],[-97.76307,30.3722],[-97.76607,30.38048],[-97.76182,30.37795],[-97.76322,30.38417],[-97.75236,30.38738],[-97.76485,30.38811],[-97.75404,30.40975],[-97.75658,30.41259],[-97.7564,30.40892],[-97.75996,30.40791],[-97.75941,30.4058],[-97.76272,30.40594],[-97.76148,30.4032],[-97.76644,30.39233],[-97.76911,30.38961],[-97.7719,30.39084],[-97.76902,30.39763],[-97.77345,30.40703],[-97.77218,30.4118],[-97.77477,30.40725],[-97.77239,30.398],[-97.77609,30.39653],[-97.77952,30.40125],[-97.77831,30.40509],[-97.78028,30.40931],[-97.78077,30.4061],[-97.78431,30.40411],[-97.78548,30.40731],[-97.79081,30.41],[-97.78741,30.41245],[-97.79389,30.41753],[-97.79003,30.42153],[-97.79179,30.42317],[-97.78858,30.426],[-97.78823,30.43013],[-97.79014,30.43225],[-97.79032,30.42799],[-97.7978,30.4227],[-97.8018,30.42999],[-97.79955,30.42515],[-97.80526,30.42154],[-97.81187,30.42622],[-97.8112,30.43476],[-97.81324,30.43926],[-97.81435,30.42889],[-97.81939,30.42929],[-97.81982,30.43141],[-97.83375,30.42989],[-97.83187,30.42762],[-97.82273,30.42788],[-97.8166,30.42348],[-97.83158,30.42115],[-97.83535,30.41618],[-97.82944,30.42003],[-97.81867,30.42071],[-97.82606,30.41485],[-97.83262,30.4153],[-97.83639,30.41027],[-97.844,30.40607],[-97.8372,30.40695],[-97.82903,30.4139],[-97.82804,30.40979],[-97.8252,30.4101],[-97.82542,30.40644],[-97.8224,30.40744],[-97.82281,30.41334],[-97.81712,30.41832],[-97.80238,30.41859],[-97.81339,30.41218],[-97.80882,30.41114],[-97.80819,30.41355],[-97.79743,30.41589],[-97.79701,30.41372],[-97.80016,30.41151],[-97.79658,30.41115],[-97.79688,30.40931],[-97.80662,30.4048],[-97.80441,30.40299],[-97.79876,30.40637],[-97.79794,30.40415],[-97.79551,30.40492],[-97.79607,30.4028],[-97.79316,30.40276],[-97.79629,30.39884],[-97.79513,30.39708],[-97.79109,30.40049],[-97.78219,30.39813],[-97.78896,30.39554],[-97.784,30.39565],[-97.78672,30.39075],[-97.78403,30.38831],[-97.78155,30.39034],[-97.77525,30.38812],[-97.77461,30.38481],[-97.78124,30.38227],[-97.79188,30.39156],[-97.80029,30.39147],[-97.792,30.38571],[-97.79722,30.38503],[-97.79615,30.37943],[-97.79385,30.38003],[-97.79188,30.37661],[-97.79494,30.37337],[-97.79252,30.37013],[-97.79347,30.36663],[-97.79652,30.37169],[-97.8021,30.37484],[-97.80402,30.39412],[-97.81123,30.39857],[-97.81187,30.39679],[-97.81759,30.39925],[-97.81828,30.39638],[-97.80845,30.39356],[-97.80869,30.388],[-97.811,30.38666],[-97.80749,30.38653],[-97.8057,30.38185],[-97.81565,30.38363],[-97.82005,30.3904],[-97.82423,30.39133],[-97.82319,30.38837],[-97.8312,30.38874],[-97.82925,30.38687],[-97.83068,30.38565],[-97.82159,30.38231],[-97.82374,30.38086],[-97.82311,30.37794],[-97.81327,30.37879],[-97.81077,30.37458],[-97.82374,30.37502],[-97.83616,30.38439],[-97.83556,30.38005],[-97.84458,30.38093],[-97.84653,30.37901],[-97.84177,30.37883],[-97.84054,30.37604],[-97.82989,30.37518],[-97.82903,30.37164],[-97.83794,30.37128],[-97.84486,30.36775],[-97.85142,30.37426],[-97.85432,30.37326],[-97.85397,30.37595],[-97.85847,30.37682],[-97.85903,30.37905],[-97.85455,30.37961],[-97.85571,30.38298],[-97.85181,30.38285],[-97.8522,30.3868],[-97.84782,30.38999],[-97.85148,30.39654],[-97.85484,30.39078],[-97.85946,30.3909],[-97.85921,30.38747],[-97.86234,30.3935],[-97.87089,30.38974],[-97.87054,30.39742],[-97.87527,30.40041],[-97.87365,30.40775],[-97.87113,30.40664],[-97.86839,30.40901],[-97.86925,30.40122],[-97.8641,30.40585],[-97.86353,30.39853],[-97.85873,30.39927],[-97.86063,30.40354],[-97.8569,30.40559],[-97.86291,30.40993],[-97.85647,30.41304],[-97.85941,30.4161],[-97.86358,30.41496],[-97.86488,30.41884],[-97.86279,30.42041],[-97.86576,30.4245],[-97.85589,30.42833],[-97.85714,30.42316],[-97.8491,30.42491],[-97.84896,30.41976],[-97.84592,30.42512],[-97.84939,30.43178],[-97.84621,30.4315],[-97.84489,30.43618],[-97.85361,30.43563],[-97.85461,30.44026],[-97.86274,30.43582],[-97.87057,30.43694],[-97.8651,30.43923],[-97.85545,30.44907],[-97.84985,30.44563],[-97.84393,30.44764],[-97.84652,30.44899],[-97.84338,30.45126],[-97.84388,30.45435],[-97.84908,30.45257],[-97.85123,30.45501],[-97.85053,30.45945],[-97.85319,30.45287],[-97.859,30.452],[-97.86077,30.46],[-97.86408,30.45516],[-97.86109,30.45049],[-97.86825,30.45053],[-97.86404,30.44777],[-97.86822,30.44389],[-97.87383,30.44784],[-97.87446,30.44514],[-97.87138,30.44271],[-97.87663,30.43956],[-97.87763,30.45043],[-97.87206,30.45364],[-97.86924,30.46037],[-97.86936,30.46386],[-97.87261,30.45982],[-97.87067,30.46701],[-97.87569,30.47144],[-97.87579,30.46895],[-97.88042,30.4697],[-97.87779,30.46503],[-97.88281,30.46446],[-97.87734,30.46183],[-97.87704,30.45903],[-97.8886,30.46233],[-97.88676,30.45915],[-97.89059,30.45853],[-97.88699,30.45571],[-97.88561,30.4484],[-97.88712,30.44752],[-97.8881,30.45123],[-97.89301,30.45404],[-97.89272,30.44992],[-97.89542,30.44909],[-97.89248,30.44689],[-97.89697,30.44592],[-97.89701,30.43985],[-97.89912,30.44435],[-97.90356,30.44413],[-97.89919,30.44968],[-97.89959,30.45397],[-97.90369,30.45432],[-97.90531,30.45173],[-97.90682,30.4552],[-97.91077,30.45379],[-97.91116,30.45756],[-97.91473,30.45752],[-97.90878,30.46217],[-97.90841,30.45925],[-97.89727,30.45766],[-97.89672,30.46104],[-97.9013,30.4662],[-97.89312,30.46394],[-97.89175,30.46539],[-97.89364,30.46778],[-97.88534,30.47084],[-97.88978,30.47561],[-97.89359,30.47419],[-97.89558,30.47864],[-97.8874,30.48016],[-97.87861,30.47688],[-97.87731,30.47889],[-97.87855,30.48157],[-97.89515,30.48707],[-97.88749,30.49092],[-97.88429,30.4893],[-97.88328,30.49257],[-97.87875,30.49107],[-97.8792,30.49548],[-97.87547,30.49781],[-97.86954,30.49518],[-97.86871,30.49244],[-97.86622,30.49431],[-97.87232,30.49968],[-97.86135,30.50587],[-97.8679,30.50935],[-97.87067,30.50519],[-97.87733,30.50689],[-97.87861,30.50396],[-97.88358,30.50511],[-97.88082,30.49974],[-97.88804,30.49659],[-97.89095,30.49741],[-97.8901,30.50246],[-97.89251,30.50375],[-97.89628,30.49936],[-97.89584,30.49633],[-97.90388,30.49836],[-97.90325,30.50117],[-97.89915,30.50099],[-97.8988,30.50414],[-97.90461,30.50768],[-97.90372,30.51067],[-97.89713,30.50788],[-97.89671,30.51464],[-97.89446,30.51587],[-97.89147,30.5147],[-97.89068,30.51053],[-97.88903,30.51118],[-97.88825,30.51628],[-97.8905,30.52066],[-97.88346,30.5145],[-97.8843,30.52216],[-97.87811,30.52435],[-97.88522,30.52617],[-97.88488,30.53029],[-97.88251,30.53227],[-97.87847,30.53122],[-97.88197,30.53456],[-97.8756,30.53961],[-97.88319,30.53701],[-97.88511,30.54145],[-97.88601,30.53537],[-97.89391,30.53237],[-97.89446,30.53797],[-97.90047,30.54592],[-97.89848,30.55471],[-97.90302,30.55792],[-97.9025,30.54911],[-97.90537,30.54633],[-97.91129,30.54826],[-97.91232,30.54574],[-97.91627,30.55307],[-97.92283,30.55753],[-97.91927,30.5543],[-97.91634,30.54408],[-97.90992,30.54404],[-97.90186,30.53692],[-97.90188,30.53411],[-97.91195,30.53434],[-97.91351,30.54074],[-97.9172,30.53949],[-97.9192,30.54463],[-97.92406,30.54738],[-97.92435,30.54463],[-97.9284,30.54435],[-97.92422,30.53518],[-97.93209,30.53893],[-97.93385,30.55406],[-97.936,30.55703],[-97.94187,30.55496],[-97.94312,30.56348],[-97.93514,30.57016],[-97.93488,30.57909],[-97.92655,30.57633],[-97.92699,30.57953],[-97.92507,30.5788],[-97.92492,30.58201],[-97.92725,30.58313],[-97.92416,30.58408],[-97.92408,30.58786],[-97.92709,30.59],[-97.92184,30.60186],[-97.92596,30.60353],[-97.93134,30.59986],[-97.9358,30.60491],[-97.93807,30.60265],[-97.93729,30.59888],[-97.94015,30.59936],[-97.9421,30.60151],[-97.93935,30.6079],[-97.94312,30.60734],[-97.94404,30.61501],[-97.94852,30.61381],[-97.94799,30.61817],[-97.95213,30.61978],[-97.95411,30.62382],[-97.95634,30.61807],[-97.95992,30.62261],[-97.97424,30.61775],[-97.97102,30.61561],[-97.97222,30.61193],[-97.96687,30.61314],[-97.96722,30.61027],[-97.96281,30.61141],[-97.95977,30.60807],[-97.96479,30.60303],[-97.96954,30.60532],[-97.96304,30.59222],[-97.97297,30.59572],[-97.97674,30.59957],[-97.98075,30.5982],[-97.98538,30.60107],[-97.97994,30.59248],[-97.98841,30.59153],[-97.99407,30.5977],[-97.99535,30.60393],[-97.99908,30.60005],[-98.00115,30.60336],[-98.00825,30.60461],[-98.01701,30.61136],[-98.01165,30.60228],[-98.01821,30.60085],[-98.00286,30.59827],[-97.99851,30.59347],[-98.00227,30.59025],[-98.00782,30.59155],[-98.01374,30.58958],[-98.01736,30.59213],[-98.01507,30.58907],[-98.01714,30.58605],[-98.01183,30.5878],[-97.99825,30.58534],[-97.99676,30.58284],[-98.00065,30.57747],[-97.99462,30.57828],[-97.99119,30.58308],[-97.98737,30.58037],[-97.98116,30.58153],[-97.97907,30.5752],[-97.98556,30.57404],[-97.97723,30.57127],[-97.97599,30.56831],[-97.988,30.56536],[-97.96886,30.55717],[-97.97417,30.55413],[-97.97739,30.55621],[-97.97778,30.55088],[-97.98379,30.54952],[-97.9706,30.55022],[-97.96674,30.54459],[-97.9876,30.54355],[-97.98237,30.53937],[-97.98501,30.53482],[-97.97697,30.53669],[-97.97416,30.53569],[-97.9739,30.53128],[-97.96737,30.53302],[-97.96415,30.53042],[-97.97256,30.52586],[-97.97839,30.52568],[-97.98042,30.52892],[-97.98229,30.52592],[-97.98841,30.52814],[-97.98516,30.52274],[-97.96384,30.52373],[-97.95995,30.51982],[-97.98002,30.5205],[-97.97851,30.5172],[-97.97413,30.51588],[-97.97733,30.51315],[-97.98652,30.51281],[-97.98501,30.50905],[-97.97636,30.51024],[-97.96716,30.5151],[-97.96389,30.51336],[-97.96668,30.50972],[-97.96214,30.51155],[-97.95962,30.51564],[-97.95571,30.51575],[-97.95058,30.51329],[-97.95585,30.51134],[-97.95751,30.50796],[-97.94848,30.50988],[-97.94698,30.50778],[-97.95267,30.50256],[-97.95593,30.50389],[-97.95206,30.5017],[-97.94468,30.50454],[-97.94263,30.5092],[-97.94007,30.51054],[-97.93653,30.50858],[-97.92513,30.51593],[-97.92394,30.51228],[-97.92945,30.50832],[-97.9168,30.50852],[-97.91737,30.50565],[-97.92582,30.50498],[-97.92522,30.50046],[-97.92899,30.49527],[-97.92985,30.50385],[-97.9358,30.50327],[-97.93613,30.49942],[-97.94151,30.5044],[-97.94428,30.49979],[-97.95979,30.49635],[-97.94164,30.49598],[-97.9414,30.49307],[-97.94901,30.49321],[-97.9499,30.48993],[-97.96912,30.49188],[-97.96641,30.48745],[-97.96842,30.48468],[-97.96073,30.48832],[-97.95678,30.48584],[-97.95734,30.48372],[-97.95004,30.48615],[-97.94175,30.4855],[-97.94085,30.48225],[-97.94892,30.48261],[-97.94849,30.47999],[-97.96433,30.48186],[-97.9544,30.47711],[-97.95135,30.47239],[-97.94143,30.47669],[-97.93775,30.47461],[-97.93516,30.47813],[-97.93192,30.47845],[-97.92371,30.47454],[-97.92596,30.4693],[-97.93125,30.47348],[-97.93392,30.47036],[-97.93765,30.47238],[-97.94738,30.4721],[-97.94974,30.47127],[-97.94871,30.46847],[-97.95235,30.46837],[-97.95782,30.47553],[-97.96307,30.47684],[-97.9631,30.47455],[-97.96648,30.47542],[-97.96783,30.47169],[-97.97047,30.472],[-97.96908,30.48037],[-97.97401,30.48232],[-97.97236,30.4875],[-97.9761,30.49364],[-97.97181,30.49489],[-97.97436,30.49646],[-97.97363,30.50076],[-97.97601,30.50435],[-97.97855,30.50237],[-97.98051,30.50441],[-97.98545,30.50378],[-97.98255,30.49997],[-97.98458,30.498],[-97.99444,30.5106],[-98.00068,30.50726],[-98.00046,30.51081],[-97.99717,30.51137],[-97.99615,30.51419],[-97.99815,30.51938],[-97.99552,30.52072],[-98.00074,30.52409],[-97.99866,30.52687],[-98.00065,30.53526],[-97.99743,30.5373],[-98.00071,30.54316],[-97.9957,30.54546],[-97.99854,30.54897],[-97.99671,30.55461],[-98.00008,30.56069],[-98.00289,30.55487],[-98.00768,30.55358],[-98.00932,30.55663],[-98.00954,30.56023],[-98.00596,30.56101],[-98.00817,30.56601],[-98.00288,30.56529],[-98.00578,30.56777],[-98.00593,30.57161],[-98.00919,30.56957],[-98.01382,30.57275],[-98.01194,30.56723],[-98.01634,30.56514],[-98.01914,30.56986],[-98.01711,30.57528],[-98.022,30.57709],[-98.0203,30.57319],[-98.02451,30.57212],[-98.0218,30.56913],[-98.02526,30.56743],[-98.02522,30.56463],[-98.02125,30.56437],[-98.02186,30.56117],[-98.01698,30.55914],[-98.02222,30.55705],[-98.02718,30.5592],[-98.02644,30.55404],[-98.02911,30.55085],[-98.0238,30.55156],[-98.02357,30.54704],[-98.031,30.54582],[-98.02845,30.54271],[-98.0348,30.54373],[-98.03263,30.54852],[-98.03739,30.5509],[-98.031,30.55401],[-98.03309,30.55786],[-98.03097,30.55865],[-98.03197,30.56438],[-98.02946,30.56477],[-98.02874,30.57118],[-98.03037,30.57451],[-98.03509,30.57328],[-98.03758,30.5694],[-98.03907,30.57301],[-98.03744,30.57678],[-98.036,30.57546],[-98.02868,30.57856],[-98.02793,30.58119],[-98.03384,30.58112],[-98.02818,30.58383],[-98.0292,30.58848],[-98.03332,30.58758],[-98.02953,30.59512],[-98.03718,30.60072],[-98.03835,30.59615],[-98.03552,30.59475],[-98.04098,30.58986],[-98.04427,30.60082],[-98.04743,30.59586],[-98.04673,30.59253],[-98.05064,30.5929],[-98.05035,30.58889],[-98.04783,30.58744],[-98.05308,30.58516],[-98.05379,30.58742],[-98.05387,30.59429],[-98.05013,30.59851],[-98.05387,30.60391],[-98.05044,30.60235],[-98.05021,30.60561],[-98.04598,30.60346],[-98.04514,30.60764],[-98.0384,30.60588],[-98.0411,30.60796],[-98.04029,30.61002],[-98.04307,30.61026],[-98.04208,30.61614],[-98.04836,30.61144],[-98.04694,30.61572],[-98.05505,30.62207],[-98.05369,30.61788],[-98.05964,30.61981],[-98.05863,30.61373],[-98.06141,30.61404],[-98.06348,30.61932],[-98.0668,30.61235],[-98.07096,30.61295],[-98.07021,30.61695],[-98.06683,30.61681],[-98.06486,30.62236],[-98.06744,30.62301],[-98.06728,30.62529],[-98.06358,30.62573],[-98.06196,30.62881],[-98.06824,30.63005],[-98.06707,30.6372],[-98.07153,30.63505],[-98.07452,30.64223],[-98.07732,30.6399],[-98.08541,30.63983],[-98.07789,30.63583],[-98.08083,30.63167],[-98.07494,30.63038],[-98.07523,30.62815],[-98.08007,30.62829],[-98.0828,30.62567],[-98.07546,30.62271],[-98.08418,30.62012],[-98.08314,30.61697],[-98.08923,30.619],[-98.08584,30.62912],[-98.09017,30.62474],[-98.09249,30.62481],[-98.0924,30.62853],[-98.0966,30.62644],[-98.1003,30.62783],[-98.09925,30.63481],[-98.09487,30.63439],[-98.0965,30.63846],[-98.10075,30.6386],[-98.09501,30.64303],[-98.09985,30.64455],[-98.09817,30.64609],[-98.09948,30.65651],[-98.10432,30.65798],[-98.10456,30.65208],[-98.10999,30.65377],[-98.1081,30.64855],[-98.11373,30.64983],[-98.11553,30.64818],[-98.11835,30.65318],[-98.11674,30.6569],[-98.12052,30.6568],[-98.12202,30.65984],[-98.12026,30.66448],[-98.12138,30.6662],[-98.12444,30.66318],[-98.12898,30.6703],[-98.12644,30.66267],[-98.13798,30.66372],[-98.12785,30.66091],[-98.12478,30.65522],[-98.12983,30.65347],[-98.12328,30.65012],[-98.1206,30.64478],[-98.12424,30.64497],[-98.12655,30.64864],[-98.13459,30.64525],[-98.14062,30.64631],[-98.13686,30.64332],[-98.13947,30.6412],[-98.13468,30.64245],[-98.13456,30.64039],[-98.13302,30.64307],[-98.12824,30.64379],[-98.1255,30.63811],[-98.12322,30.64015],[-98.11561,30.63931],[-98.11588,30.63719],[-98.12006,30.63612],[-98.11439,30.63306],[-98.12727,30.63124],[-98.12171,30.63012],[-98.12266,30.62612],[-98.1182,30.62941],[-98.11549,30.6282],[-98.11689,30.6258],[-98.11146,30.62508],[-98.11652,30.62242],[-98.11428,30.61966],[-98.11681,30.61836],[-98.11953,30.62056],[-98.122,30.61937],[-98.11976,30.6175],[-98.12248,30.61621],[-98.11706,30.61349],[-98.11332,30.61542],[-98.11242,30.61289],[-98.10761,30.61751],[-98.10656,30.61492],[-98.10938,30.61133],[-98.10387,30.61187],[-98.10203,30.60883],[-98.09765,30.60983],[-98.09475,30.60724],[-98.09411,30.60523],[-98.09742,30.60553],[-98.09763,30.60279],[-98.10455,30.60704],[-98.10432,30.60483],[-98.10758,30.60318],[-98.1038,30.60345],[-98.10342,30.60059],[-98.10052,30.59966],[-98.10233,30.59502],[-98.1146,30.60466],[-98.11867,30.6009],[-98.11903,30.606],[-98.11536,30.60878],[-98.11846,30.61092],[-98.12513,30.607],[-98.12183,30.61271],[-98.12856,30.61647],[-98.12749,30.62683],[-98.13244,30.62291],[-98.13261,30.62674],[-98.13537,30.62905],[-98.13886,30.62311],[-98.14112,30.63257],[-98.14352,30.63247],[-98.14448,30.62618],[-98.14584,30.63111],[-98.1502,30.63279],[-98.14967,30.62477],[-98.15214,30.6316],[-98.16254,30.63217],[-98.16174,30.634],[-98.15379,30.63378],[-98.15655,30.63712],[-98.15255,30.63813],[-98.15717,30.64296],[-98.1526,30.64231],[-98.15443,30.64684],[-98.14938,30.64762],[-98.15147,30.6521],[-98.1538,30.65068],[-98.16012,30.65627],[-98.15844,30.65076],[-98.16131,30.64819],[-98.16328,30.6517],[-98.16601,30.65022],[-98.16612,30.65452],[-98.1695,30.65265],[-98.17446,30.65502],[-98.1733,30.64935],[-98.17707,30.6528],[-98.18125,30.65287],[-98.18247,30.65764],[-98.17805,30.65452],[-98.17703,30.65979],[-98.1712,30.65701],[-98.17172,30.65982],[-98.16779,30.66083],[-98.16482,30.65772],[-98.16023,30.66165],[-98.16506,30.6623],[-98.16291,30.6663],[-98.17014,30.66519],[-98.16621,30.6689],[-98.17045,30.66932],[-98.17175,30.67454],[-98.17913,30.67165],[-98.17451,30.67884],[-98.17013,30.67825],[-98.16599,30.67227],[-98.16128,30.67139],[-98.16007,30.67362],[-98.16219,30.67334],[-98.16204,30.67569],[-98.15771,30.67881],[-98.16262,30.67941],[-98.16151,30.68576],[-98.16608,30.68665],[-98.16813,30.68969],[-98.16474,30.68905],[-98.16259,30.6923],[-98.16016,30.68919],[-98.15327,30.68773],[-98.15708,30.69313],[-98.15633,30.69639],[-98.1607,30.69842],[-98.15386,30.69787],[-98.15318,30.70141],[-98.14986,30.70111],[-98.14925,30.70317],[-98.15784,30.71713],[-98.16236,30.71669],[-98.16328,30.71911],[-98.16781,30.71563],[-98.16978,30.71897],[-98.16883,30.72251],[-98.16303,30.72495],[-98.16326,30.73153],[-98.17913,30.73127],[-98.18404,30.73954],[-98.1927,30.73666],[-98.19228,30.74044],[-98.19651,30.74298],[-98.18914,30.74369],[-98.19248,30.74857],[-98.19012,30.75526],[-98.19715,30.75546],[-98.20013,30.7596],[-98.20287,30.75572],[-98.20506,30.75647],[-98.20675,30.76193],[-98.20426,30.76564],[-98.21024,30.76652],[-98.20785,30.77676],[-98.21517,30.7851],[-98.21455,30.78745],[-98.22337,30.78989],[-98.2286,30.78201],[-98.23669,30.79591],[-98.24262,30.7925]],[[-98.04693,29.99891],[-98.02731,30.00065],[-98.02586,29.99785],[-98.02802,29.99532],[-98.01739,29.99453],[-98.01394,29.99035],[-98.01646,29.98921],[-98.01196,29.98801],[-98.01632,29.98686],[-98.02293,29.99167],[-98.02499,29.99092],[-98.0216,29.98697],[-98.02721,29.98668],[-98.031,29.99389],[-98.03205,29.98862],[-98.03622,29.99171],[-98.03741,29.99686],[-98.04421,29.99427],[-98.04965,29.99719],[-98.0507,29.99507],[-98.05347,29.99575],[-98.05639,30.00085],[-98.04693,29.99891]],[[-97.77287,30.32824],[-97.76734,30.33116],[-97.76673,30.33386],[-97.764,30.33223],[-97.76319,30.33716],[-97.75924,30.33783],[-97.76403,30.32965],[-97.77287,30.32824]],[[-98.07119,29.9982],[-98.06742,29.99619],[-98.06754,29.99344],[-98.07443,29.9967],[-98.07291,30.00134],[-98.06937,30.0005],[-98.07119,29.9982]],[[-98.06286,29.99929],[-98.05941,29.99472],[-98.06709,29.99906],[-98.0675,30.00077],[-98.06081,30.00107],[-98.06286,29.99929]]]]},"properties":{"layer":"aquifer","aquifer":"Trinity","rank":"major","code":"1","extent":"outcrop","source":"twdb-major-aquifers-bbox"}},{"type":"Feature","geometry":{"type":"MultiPolygon","coordinates":[[[[-97.60142,30.99832],[-97.6056,30.99759],[-97.61086,30.99216],[-97.61347,30.99368],[-97.61057,30.99634],[-97.61134,30.99851],[-97.61953,30.99878],[-97.62165,30.99264],[-97.62876,30.9916],[-97.62885,30.98805],[-97.63259,30.98962],[-97.63926,30.97965],[-97.64513,30.9812],[-97.64793,30.9755],[-97.6518,30.97678],[-97.65409,30.97373],[-97.65965,30.9762],[-97.66245,30.97233],[-97.66888,30.96958],[-97.66659,30.97785],[-97.67345,30.97916],[-97.6796,30.97114],[-97.67489,30.96661],[-97.68053,30.9602],[-97.68066,30.95441],[-97.68871,30.95416],[-97.69393,30.94713],[-97.69805,30.94589],[-97.70017,30.94587],[-97.7,30.94856],[-97.70313,30.94796],[-97.70271,30.94578],[-97.70811,30.94207],[-97.70158,30.93016],[-97.69697,30.92872],[-97.70368,30.92848],[-97.70242,30.92317],[-97.69727,30.92196],[-97.69691,30.91893],[-97.69923,30.9181],[-97.69682,30.91126],[-97.69943,30.91329],[-97.71433,30.90839],[-97.71142,30.9102],[-97.71459,30.91395],[-97.70913,30.91268],[-97.70225,30.91493],[-97.70512,30.92125],[-97.70773,30.91773],[-97.71731,30.91747],[-97.7138,30.91859],[-97.71441,30.92059],[-97.72123,30.91846],[-97.72508,30.9119],[-97.73974,30.9046],[-97.73502,30.90979],[-97.75117,30.90952],[-97.75214,30.9173],[-97.75848,30.91397],[-97.75753,30.90774],[-97.76731,30.91337],[-97.76841,30.9106],[-97.76229,30.90551],[-97.76264,30.89251],[-97.76853,30.89022],[-97.76853,30.88518],[-97.77169,30.88297],[-97.7702,30.87984],[-97.7737,30.87888],[-97.77509,30.8736],[-97.78146,30.87205],[-97.7844,30.87448],[-97.79243,30.86844],[-97.79453,30.87134],[-97.79967,30.86802],[-97.81245,30.88329],[-97.8122,30.88553],[-97.80257,30.88655],[-97.80289,30.88975],[-97.81243,30.89251],[-97.81657,30.89785],[-97.82095,30.89775],[-97.82415,30.88861],[-97.82705,30.8915],[-97.83439,30.88856],[-97.83079,30.88316],[-97.83318,30.88348],[-97.83506,30.87504],[-97.83247,30.86585],[-97.83486,30.86582],[-97.83936,30.85988],[-97.8453,30.86165],[-97.84647,30.86512],[-97.85091,30.85947],[-97.84681,30.85521],[-97.84679,30.85012],[-97.84306,30.84861],[-97.844,30.84517],[-97.83682,30.84381],[-97.83486,30.8377],[-97.829,30.83239],[-97.82491,30.83386],[-97.82266,30.82942],[-97.81722,30.83085],[-97.81553,30.82818],[-97.80975,30.82784],[-97.80454,30.81191],[-97.7951,30.80571],[-97.7953,30.80102],[-97.79256,30.79961],[-97.78698,30.7999],[-97.78722,30.80299],[-97.78365,30.80446],[-97.78167,30.81003],[-97.78785,30.81043],[-97.79392,30.80716],[-97.79351,30.81106],[-97.80209,30.81652],[-97.80041,30.81963],[-97.79337,30.82033],[-97.79389,30.82394],[-97.80062,30.82536],[-97.79517,30.83119],[-97.79714,30.83398],[-97.80173,30.83439],[-97.80177,30.83697],[-97.80854,30.83707],[-97.8068,30.84058],[-97.80831,30.84388],[-97.8148,30.84697],[-97.80851,30.84846],[-97.80964,30.85343],[-97.81353,30.85603],[-97.81196,30.85753],[-97.81393,30.86106],[-97.80672,30.8589],[-97.80218,30.84784],[-97.78906,30.83555],[-97.78686,30.83495],[-97.78703,30.83787],[-97.79009,30.84293],[-97.78727,30.8453],[-97.77494,30.83799],[-97.77611,30.83168],[-97.77096,30.82801],[-97.7674,30.82993],[-97.76492,30.82314],[-97.75924,30.82143],[-97.7561,30.82409],[-97.74812,30.82428],[-97.74377,30.82084],[-97.73673,30.82137],[-97.73489,30.82282],[-97.73673,30.8264],[-97.73241,30.82736],[-97.72712,30.82369],[-97.72596,30.82651],[-97.72787,30.82964],[-97.7221,30.8305],[-97.72187,30.83336],[-97.71742,30.83255],[-97.71447,30.83716],[-97.7048,30.83857],[-97.71255,30.84233],[-97.71911,30.84066],[-97.7206,30.84317],[-97.73136,30.83814],[-97.7369,30.83957],[-97.74244,30.83677],[-97.74393,30.83967],[-97.75249,30.83856],[-97.75155,30.84246],[-97.75794,30.84331],[-97.75158,30.84509],[-97.73435,30.8428],[-97.73165,30.84535],[-97.7436,30.84861],[-97.74689,30.85219],[-97.7615,30.85089],[-97.76475,30.8555],[-97.77126,30.85606],[-97.76824,30.85901],[-97.75677,30.85552],[-97.74145,30.85762],[-97.74538,30.86319],[-97.75634,30.86807],[-97.75677,30.87058],[-97.7526,30.87188],[-97.74648,30.86656],[-97.74332,30.86894],[-97.73701,30.86334],[-97.73519,30.85608],[-97.73006,30.85058],[-97.72431,30.85247],[-97.72315,30.85591],[-97.70974,30.84625],[-97.70385,30.84734],[-97.69915,30.84372],[-97.697,30.84752],[-97.69506,30.83637],[-97.68885,30.82819],[-97.69062,30.82634],[-97.69756,30.82885],[-97.70545,30.82786],[-97.71565,30.81916],[-97.71505,30.81442],[-97.72398,30.81084],[-97.72508,30.81358],[-97.72811,30.81234],[-97.73415,30.80272],[-97.73727,30.80693],[-97.74102,30.80397],[-97.74352,30.80801],[-97.74555,30.8053],[-97.74941,30.80629],[-97.75455,30.80304],[-97.76057,30.79576],[-97.76044,30.79215],[-97.75541,30.79289],[-97.7571,30.78961],[-97.75544,30.78505],[-97.75137,30.78308],[-97.75082,30.77685],[-97.74717,30.77643],[-97.74964,30.76793],[-97.74285,30.76112],[-97.74435,30.75853],[-97.74847,30.75414],[-97.75449,30.75877],[-97.76092,30.75762],[-97.75886,30.76199],[-97.75567,30.76191],[-97.76261,30.7651],[-97.77991,30.75777],[-97.7925,30.7467],[-97.8218,30.71015],[-97.82214,30.70619],[-97.81434,30.70193],[-97.8063,30.70115],[-97.80305,30.70566],[-97.80032,30.70523],[-97.80073,30.69721],[-97.7953,30.69257],[-97.79302,30.70078],[-97.78869,30.68502],[-97.80074,30.6881],[-97.80907,30.68572],[-97.81492,30.68686],[-97.81525,30.6821],[-97.82432,30.68533],[-97.82842,30.68454],[-97.8289,30.68018],[-97.83878,30.6759],[-97.8588,30.6522],[-97.85661,30.64724],[-97.85282,30.64614],[-97.85175,30.6414],[-97.84708,30.63893],[-97.84306,30.64023],[-97.83701,30.63027],[-97.83036,30.62845],[-97.82971,30.62457],[-97.82372,30.62824],[-97.82088,30.61951],[-97.80112,30.61937],[-97.80543,30.62288],[-97.81292,30.6236],[-97.8119,30.6267],[-97.80508,30.62723],[-97.80471,30.62443],[-97.80071,30.62287],[-97.7978,30.62336],[-97.79759,30.62617],[-97.79137,30.62348],[-97.79064,30.62847],[-97.78696,30.62519],[-97.78092,30.62485],[-97.78271,30.62919],[-97.78077,30.62789],[-97.77688,30.63005],[-97.77611,30.6269],[-97.76589,30.62581],[-97.76492,30.62272],[-97.77494,30.62348],[-97.78333,30.61675],[-97.80666,30.60695],[-97.81738,30.60545],[-97.83134,30.6088],[-97.83387,30.60516],[-97.83724,30.60461],[-97.83562,30.59793],[-97.84184,30.60113],[-97.84638,30.59942],[-97.84559,30.60344],[-97.84968,30.59795],[-97.85293,30.60742],[-97.85859,30.60455],[-97.84985,30.59594],[-97.84092,30.59249],[-97.8328,30.59424],[-97.82912,30.59233],[-97.82966,30.59765],[-97.82371,30.59336],[-97.81527,30.59678],[-97.8083,30.59541],[-97.80598,30.5908],[-97.79888,30.59488],[-97.79916,30.59105],[-97.79524,30.59034],[-97.79359,30.58561],[-97.79093,30.58621],[-97.79133,30.58128],[-97.78893,30.58016],[-97.78605,30.58259],[-97.78446,30.57728],[-97.77891,30.57894],[-97.77964,30.57344],[-97.77605,30.57342],[-97.77547,30.56993],[-97.77303,30.5703],[-97.77345,30.56588],[-97.77847,30.56091],[-97.78339,30.57202],[-97.79321,30.57805],[-97.7936,30.57266],[-97.78909,30.56721],[-97.78956,30.55758],[-97.79433,30.56297],[-97.80105,30.55953],[-97.81541,30.56361],[-97.82938,30.563],[-97.84112,30.55881],[-97.83875,30.5514],[-97.84217,30.54889],[-97.84008,30.54657],[-97.84144,30.53991],[-97.85755,30.53653],[-97.85116,30.53356],[-97.85236,30.53006],[-97.84611,30.53287],[-97.84535,30.53053],[-97.84126,30.53161],[-97.83131,30.53928],[-97.82978,30.53448],[-97.83555,30.52594],[-97.84376,30.52087],[-97.83965,30.52057],[-97.84119,30.51701],[-97.85029,30.51885],[-97.85722,30.51758],[-97.85931,30.51549],[-97.8574,30.51191],[-97.85938,30.51108],[-97.86416,30.51172],[-97.8738,30.51928],[-97.87421,30.52999],[-97.87234,30.53299],[-97.86823,30.53263],[-97.86684,30.54227],[-97.87426,30.5462],[-97.87653,30.54405],[-97.88164,30.54869],[-97.89065,30.54848],[-97.89126,30.56284],[-97.89307,30.56099],[-97.89826,30.56197],[-97.90058,30.56646],[-97.90522,30.56687],[-97.91926,30.56207],[-97.92071,30.56561],[-97.93227,30.57269],[-97.93597,30.56675],[-97.94181,30.56376],[-97.94117,30.55609],[-97.93468,30.55691],[-97.93072,30.53966],[-97.92629,30.53559],[-97.92956,30.54569],[-97.92677,30.54572],[-97.92542,30.5486],[-97.9193,30.54695],[-97.91889,30.55028],[-97.9208,30.55438],[-97.93119,30.56194],[-97.91633,30.55609],[-97.91254,30.5468],[-97.91212,30.54915],[-97.9052,30.54786],[-97.90261,30.55126],[-97.90327,30.55572],[-97.90864,30.56019],[-97.90513,30.56034],[-97.90618,30.56428],[-97.90343,30.56236],[-97.90223,30.56576],[-97.90313,30.55928],[-97.89957,30.55616],[-97.89881,30.55869],[-97.89555,30.5573],[-97.89832,30.5528],[-97.89403,30.55359],[-97.89446,30.55101],[-97.89841,30.54959],[-97.89828,30.54496],[-97.89233,30.53695],[-97.89262,30.53345],[-97.88662,30.5361],[-97.88705,30.54199],[-97.88422,30.54443],[-97.88175,30.53781],[-97.87839,30.53951],[-97.88044,30.54349],[-97.87662,30.54113],[-97.87402,30.54402],[-97.87206,30.54175],[-97.87473,30.53817],[-97.87206,30.53677],[-97.8763,30.5369],[-97.87687,30.53426],[-97.87925,30.53412],[-97.87627,30.53014],[-97.88251,30.53227],[-97.88488,30.53029],[-97.88522,30.52617],[-97.87811,30.52435],[-97.8843,30.52216],[-97.88346,30.5145],[-97.8905,30.52066],[-97.88877,30.51152],[-97.89068,30.51053],[-97.89147,30.5147],[-97.89446,30.51587],[-97.89671,30.51464],[-97.89713,30.50788],[-97.90372,30.51067],[-97.90461,30.50768],[-97.8988,30.50414],[-97.89915,30.50099],[-97.90325,30.50117],[-97.90429,30.49892],[-97.89645,30.49693],[-97.89697,30.50001],[-97.89407,30.50108],[-97.89262,30.50619],[-97.88879,30.5028],[-97.88952,30.49792],[-97.88754,30.49789],[-97.88241,30.50046],[-97.88549,30.50793],[-97.87962,30.50484],[-97.87785,30.50578],[-97.8794,30.5084],[-97.87025,30.50678],[-97.87118,30.5121],[-97.86942,30.51384],[-97.86509,30.50741],[-97.86066,30.50797],[-97.85943,30.50547],[-97.8653,30.49956],[-97.86935,30.49946],[-97.86369,30.49276],[-97.87092,30.48931],[-97.8706,30.49406],[-97.87573,30.49624],[-97.87824,30.48722],[-97.88041,30.49103],[-97.88302,30.4878],[-97.88952,30.48859],[-97.88528,30.48399],[-97.8775,30.4819],[-97.8767,30.47653],[-97.87893,30.4749],[-97.88691,30.47848],[-97.88821,30.47571],[-97.8829,30.47062],[-97.89051,30.46595],[-97.89185,30.46267],[-97.89828,30.46375],[-97.89533,30.46126],[-97.8962,30.45667],[-97.90687,30.4577],[-97.90876,30.46088],[-97.91125,30.45873],[-97.90488,30.45331],[-97.90359,30.45556],[-97.89782,30.45482],[-97.90118,30.44476],[-97.89867,30.44553],[-97.89719,30.44291],[-97.89532,30.44671],[-97.89683,30.44973],[-97.89388,30.45263],[-97.89492,30.45577],[-97.88873,30.45309],[-97.89274,30.45997],[-97.88955,30.45934],[-97.88868,30.46339],[-97.88377,30.46213],[-97.88427,30.46499],[-97.87966,30.46619],[-97.8809,30.47001],[-97.87496,30.47142],[-97.87031,30.46526],[-97.86774,30.46649],[-97.86823,30.45824],[-97.87067,30.45311],[-97.87618,30.45047],[-97.87818,30.44673],[-97.87521,30.44608],[-97.87345,30.44913],[-97.86819,30.44604],[-97.86689,30.44812],[-97.87043,30.45008],[-97.86578,30.453],[-97.86436,30.46114],[-97.85566,30.46834],[-97.86234,30.47274],[-97.85729,30.4717],[-97.85703,30.47634],[-97.85204,30.46935],[-97.85938,30.45988],[-97.85836,30.45336],[-97.85433,30.45375],[-97.85241,30.45648],[-97.854,30.45834],[-97.84733,30.46368],[-97.85009,30.45746],[-97.84891,30.45421],[-97.83964,30.45838],[-97.83829,30.45719],[-97.84287,30.45284],[-97.83772,30.44883],[-97.84455,30.44945],[-97.83775,30.44586],[-97.83859,30.44459],[-97.84595,30.44594],[-97.84722,30.44266],[-97.85505,30.44808],[-97.86323,30.43756],[-97.85802,30.43842],[-97.8547,30.44212],[-97.85168,30.43929],[-97.8523,30.43688],[-97.84193,30.43693],[-97.84318,30.43251],[-97.84939,30.43178],[-97.84592,30.42512],[-97.84896,30.41976],[-97.8491,30.42491],[-97.85714,30.42316],[-97.85589,30.42833],[-97.86576,30.4245],[-97.86279,30.42041],[-97.86488,30.41884],[-97.86358,30.41496],[-97.85941,30.4161],[-97.85647,30.41304],[-97.86291,30.40993],[-97.85688,30.40513],[-97.86063,30.40354],[-97.85873,30.39927],[-97.86314,30.39813],[-97.8641,30.40585],[-97.86925,30.40122],[-97.86839,30.40901],[-97.87113,30.40664],[-97.87365,30.40775],[-97.87527,30.40041],[-97.87054,30.39742],[-97.87122,30.39014],[-97.86234,30.3935],[-97.85921,30.38747],[-97.85946,30.3909],[-97.85484,30.39078],[-97.85148,30.39654],[-97.84782,30.38999],[-97.8522,30.3868],[-97.85181,30.38285],[-97.85571,30.38298],[-97.85429,30.3799],[-97.85883,30.37951],[-97.85874,30.37734],[-97.84267,30.36783],[-97.83794,30.37128],[-97.82865,30.37193],[-97.82989,30.37518],[-97.84054,30.37604],[-97.84177,30.37883],[-97.84653,30.37901],[-97.84458,30.38093],[-97.83556,30.38005],[-97.83616,30.38439],[-97.82374,30.37502],[-97.81077,30.37458],[-97.81327,30.37879],[-97.82311,30.37794],[-97.82374,30.38086],[-97.82159,30.38231],[-97.83015,30.38503],[-97.8312,30.38874],[-97.82575,30.38765],[-97.82319,30.38837],[-97.82423,30.39133],[-97.82005,30.3904],[-97.81565,30.38363],[-97.8057,30.38185],[-97.80749,30.38653],[-97.811,30.38666],[-97.80869,30.388],[-97.80845,30.39356],[-97.81867,30.39678],[-97.81759,30.39925],[-97.81187,30.39679],[-97.81123,30.39857],[-97.80402,30.39412],[-97.80177,30.37416],[-97.79275,30.36681],[-97.79494,30.37337],[-97.79188,30.37661],[-97.79385,30.38003],[-97.79615,30.37943],[-97.79722,30.38503],[-97.792,30.38571],[-97.80029,30.39147],[-97.79188,30.39156],[-97.78124,30.38227],[-97.7763,30.38273],[-97.77442,30.38589],[-97.77525,30.38812],[-97.78155,30.39034],[-97.78403,30.38831],[-97.78672,30.39075],[-97.784,30.39565],[-97.78896,30.39554],[-97.78219,30.39813],[-97.79109,30.40049],[-97.79513,30.39708],[-97.79629,30.39884],[-97.79316,30.40276],[-97.79607,30.4028],[-97.79551,30.40492],[-97.79794,30.40415],[-97.79876,30.40637],[-97.80441,30.40299],[-97.80662,30.4048],[-97.79688,30.40931],[-97.79658,30.41115],[-97.80016,30.41151],[-97.79701,30.41372],[-97.79743,30.41589],[-97.80819,30.41355],[-97.80882,30.41114],[-97.81333,30.41281],[-97.80196,30.41831],[-97.81348,30.41928],[-97.82125,30.4157],[-97.82337,30.41173],[-97.8224,30.40744],[-97.82621,30.40643],[-97.8252,30.4101],[-97.82804,30.40979],[-97.82903,30.4139],[-97.8372,30.40695],[-97.84428,30.40658],[-97.83639,30.41027],[-97.83262,30.4153],[-97.82606,30.41485],[-97.81867,30.42071],[-97.82944,30.42003],[-97.83535,30.41618],[-97.83158,30.42115],[-97.8166,30.42388],[-97.82273,30.42788],[-97.83639,30.42955],[-97.82877,30.43353],[-97.81722,30.43027],[-97.81411,30.43551],[-97.81652,30.44276],[-97.81133,30.43995],[-97.8097,30.42737],[-97.80547,30.42358],[-97.80108,30.4258],[-97.80222,30.43203],[-97.79723,30.42572],[-97.79172,30.4287],[-97.79223,30.43706],[-97.78718,30.43036],[-97.7846,30.43072],[-97.78974,30.42351],[-97.78666,30.42056],[-97.79272,30.4193],[-97.79108,30.41611],[-97.78701,30.41713],[-97.78893,30.41356],[-97.78495,30.41199],[-97.79009,30.41039],[-97.78396,30.40742],[-97.78196,30.41134],[-97.77918,30.41079],[-97.77538,30.39835],[-97.77483,30.41754],[-97.77038,30.41082],[-97.77204,30.4068],[-97.76682,30.39643],[-97.76456,30.40075],[-97.76609,30.40663],[-97.75854,30.41015],[-97.76235,30.41354],[-97.75782,30.41594],[-97.75193,30.41055],[-97.75141,30.40621],[-97.75796,30.40179],[-97.7564,30.3986],[-97.76029,30.39787],[-97.75854,30.39508],[-97.76104,30.39483],[-97.76374,30.38879],[-97.75066,30.38995],[-97.75036,30.38698],[-97.75562,30.38532],[-97.7548,30.38258],[-97.75805,30.3787],[-97.75916,30.38287],[-97.76194,30.38308],[-97.76046,30.37593],[-97.76607,30.38048],[-97.76307,30.3722],[-97.7725,30.37085],[-97.7693,30.37375],[-97.77161,30.37441],[-97.769,30.3769],[-97.77042,30.37929],[-97.77692,30.37521],[-97.77729,30.36845],[-97.78226,30.36898],[-97.7795,30.36511],[-97.7752,30.36533],[-97.77431,30.3678],[-97.77018,30.36509],[-97.77309,30.36088],[-97.77639,30.36022],[-97.7692,30.35628],[-97.77575,30.35112],[-97.775,30.34964],[-97.76841,30.34695],[-97.76868,30.35216],[-97.76014,30.34641],[-97.75819,30.3478],[-97.76334,30.35296],[-97.7571,30.35159],[-97.75352,30.34493],[-97.75849,30.34161],[-97.75742,30.33985],[-97.75086,30.34358],[-97.7522,30.3411],[-97.74755,30.33857],[-97.74397,30.34709],[-97.74017,30.34976],[-97.73786,30.3606],[-97.74288,30.36113],[-97.73736,30.38414],[-97.72202,30.41001],[-97.70803,30.42337],[-97.70167,30.43288],[-97.70068,30.43774],[-97.70289,30.43986],[-97.72147,30.44844],[-97.71561,30.45737],[-97.71995,30.45486],[-97.72091,30.45732],[-97.71461,30.47244],[-97.7015,30.48271],[-97.70017,30.49331],[-97.6955,30.50115],[-97.68539,30.50141],[-97.68198,30.50488],[-97.68813,30.50935],[-97.68859,30.51501],[-97.68693,30.51955],[-97.68116,30.5239],[-97.68771,30.52304],[-97.69437,30.5271],[-97.69755,30.53233],[-97.69807,30.54126],[-97.6867,30.55987],[-97.69598,30.56545],[-97.69431,30.5693],[-97.69749,30.56899],[-97.69596,30.58452],[-97.69791,30.58771],[-97.69543,30.59592],[-97.69331,30.59548],[-97.69204,30.59996],[-97.68443,30.60622],[-97.67893,30.64372],[-97.67278,30.66164],[-97.6737,30.66559],[-97.6695,30.67044],[-97.67078,30.67741],[-97.68079,30.68694],[-97.67541,30.69168],[-97.67664,30.69494],[-97.67083,30.69722],[-97.66772,30.70315],[-97.6647,30.69991],[-97.66364,30.70554],[-97.66906,30.70949],[-97.66856,30.73349],[-97.67095,30.73874],[-97.65945,30.75373],[-97.64526,30.79298],[-97.652,30.79137],[-97.65328,30.79857],[-97.65133,30.80111],[-97.64469,30.8022],[-97.64082,30.80029],[-97.61868,30.83668],[-97.5983,30.85656],[-97.59542,30.86517],[-97.57877,30.87935],[-97.58093,30.88162],[-97.57854,30.88342],[-97.57842,30.89],[-97.56911,30.90142],[-97.56362,30.9037],[-97.55911,30.91044],[-97.55819,30.91697],[-97.55,30.92888],[-97.55,31.00861],[-97.55987,31.006],[-97.56483,31.00725],[-97.56657,31.00407],[-97.57434,31.00308],[-97.58158,30.99826],[-97.5812,30.99379],[-97.59727,30.99028],[-97.60041,30.99162],[-97.5984,30.99588],[-97.59396,30.99746],[-97.59418,30.99992],[-97.60142,30.99832]]]]},"properties":{"layer":"aquifer","aquifer":"Edwards (Balcones Fault Zone)","rank":"major","code":"1","extent":"outcrop","source":"twdb-major-aquifers-bbox"}},{"type":"Feature","geometry":{"type":"MultiPolygon","coordinates":[[[[-97.58306,30.87662],[-97.59542,30.86517],[-97.60099,30.8535],[-97.61868,30.83668],[-97.64082,30.80029],[-97.64469,30.8022],[-97.65133,30.80111],[-97.65328,30.79857],[-97.652,30.79137],[-97.64526,30.79298],[-97.65945,30.75373],[-97.67095,30.73874],[-97.66856,30.73349],[-97.66906,30.70949],[-97.66364,30.70554],[-97.6647,30.69991],[-97.66772,30.70315],[-97.67083,30.69722],[-97.67664,30.69494],[-97.67541,30.69168],[-97.68079,30.68694],[-97.67078,30.67741],[-97.6695,30.67044],[-97.6737,30.66559],[-97.67278,30.66164],[-97.67893,30.64372],[-97.68443,30.60622],[-97.69204,30.59996],[-97.69331,30.59548],[-97.69543,30.59592],[-97.69791,30.58771],[-97.69596,30.58452],[-97.69749,30.56899],[-97.69431,30.5693],[-97.69598,30.56545],[-97.6867,30.55987],[-97.69807,30.54126],[-97.69755,30.53233],[-97.69437,30.5271],[-97.68771,30.52304],[-97.68116,30.5239],[-97.68693,30.51955],[-97.68859,30.51501],[-97.68813,30.50935],[-97.68198,30.50488],[-97.68539,30.50141],[-97.6955,30.50115],[-97.70017,30.49331],[-97.7015,30.48271],[-97.71461,30.47244],[-97.72091,30.45732],[-97.71995,30.45486],[-97.71561,30.45737],[-97.72147,30.44844],[-97.70289,30.43986],[-97.70068,30.43774],[-97.70167,30.43288],[-97.70803,30.42337],[-97.72202,30.41001],[-97.73736,30.38414],[-97.74288,30.36113],[-97.73786,30.3606],[-97.74017,30.34976],[-97.74397,30.34709],[-97.74709,30.33886],[-97.7522,30.3411],[-97.77256,30.31496],[-97.77167,30.31291],[-97.76324,30.31437],[-97.77126,30.30776],[-97.76724,30.30734],[-97.7667,30.30236],[-97.7776,30.30168],[-97.77642,30.29734],[-97.77311,30.29726],[-97.77264,30.29079],[-97.76663,30.28553],[-97.76667,30.27476],[-97.76988,30.27192],[-97.76867,30.26563],[-97.77302,30.26439],[-97.77831,30.25631],[-97.79905,30.2411],[-97.81472,30.22376],[-97.84606,30.1988],[-97.85389,30.17724],[-97.83965,30.18873],[-97.84504,30.17728],[-97.85827,30.16018],[-97.86401,30.14666],[-97.86338,30.12468],[-97.87635,30.11881],[-97.88322,30.1098],[-97.90484,30.09147],[-97.90373,30.08782],[-97.89274,30.08897],[-97.89378,30.08741],[-97.88604,30.08646],[-97.87321,30.09216],[-97.87276,30.08885],[-97.86892,30.08797],[-97.8812,30.07512],[-97.88087,30.07014],[-97.90411,30.0412],[-97.92893,30.01727],[-97.92908,30.01405],[-97.92469,30.01485],[-97.92332,30.01109],[-97.93453,29.99667],[-97.96735,29.98018],[-97.99033,29.96002],[-97.99151,29.9533],[-97.98919,29.9526],[-97.97779,29.96097],[-97.9746,29.95999],[-97.96963,29.96379],[-97.96914,29.95968],[-97.96494,29.96049],[-97.9468,29.97972],[-97.93574,29.98521],[-97.92825,29.99214],[-97.92873,29.98733],[-97.9434,29.97417],[-97.95708,29.95027],[-97.94853,29.95298],[-97.95054,29.95],[-97.88512,29.95],[-97.88438,29.96745],[-97.8748,29.98525],[-97.86902,30.00234],[-97.84428,30.0241],[-97.82648,30.05776],[-97.82465,30.06821],[-97.82656,30.0911],[-97.82252,30.09831],[-97.80968,30.10956],[-97.80683,30.11738],[-97.80929,30.14199],[-97.8068,30.15227],[-97.80409,30.15619],[-97.78161,30.16801],[-97.7747,30.17399],[-97.76922,30.18332],[-97.76722,30.19182],[-97.76983,30.21288],[-97.76702,30.2337],[-97.74957,30.27633],[-97.73862,30.29214],[-97.70226,30.32568],[-97.68621,30.37688],[-97.66471,30.41284],[-97.66186,30.43321],[-97.65537,30.44341],[-97.6451,30.45307],[-97.63676,30.45722],[-97.62887,30.45575],[-97.62255,30.44848],[-97.61424,30.45016],[-97.6108,30.46738],[-97.59966,30.48673],[-97.59444,30.50488],[-97.60059,30.53095],[-97.6139,30.56295],[-97.61913,30.58307],[-97.6161,30.6107],[-97.60816,30.62837],[-97.55,30.67064],[-97.55,30.71117],[-97.55706,30.72054],[-97.55511,30.7287],[-97.55,30.73249],[-97.55,30.92888],[-97.55819,30.91697],[-97.55911,30.91044],[-97.56362,30.9037],[-97.56911,30.90142],[-97.57842,30.89],[-97.57854,30.88342],[-97.58093,30.88162],[-97.57877,30.87935],[-97.58306,30.87662]]]]},"properties":{"layer":"aquifer","aquifer":"Edwards (Balcones Fault Zone)","rank":"major","code":"2","extent":"subsurface","source":"twdb-major-aquifers-bbox"}},{"type":"Feature","geometry":{"type":"MultiPolygon","coordinates":[[[[-97.83276,30.20948],[-97.81408,30.22434],[-97.79905,30.2411],[-97.77831,30.25631],[-97.77302,30.26439],[-97.76867,30.26563],[-97.76988,30.27192],[-97.76667,30.27476],[-97.76663,30.28553],[-97.77264,30.29079],[-97.77311,30.29726],[-97.77642,30.29734],[-97.7776,30.30168],[-97.7667,30.30236],[-97.76724,30.30734],[-97.77126,30.30776],[-97.76324,30.31437],[-97.77167,30.31291],[-97.77256,30.31496],[-97.82185,30.26686],[-97.83758,30.2581],[-97.84673,30.24701],[-97.8693,30.22724],[-97.88177,30.21175],[-97.88314,30.21609],[-97.89033,30.20582],[-97.89773,30.20167],[-97.90368,30.18947],[-97.90539,30.19334],[-97.90392,30.19714],[-97.9181,30.18725],[-97.92751,30.17666],[-97.92693,30.17248],[-97.91836,30.17293],[-97.92036,30.16969],[-97.91775,30.16783],[-97.92286,30.1605],[-97.92559,30.16236],[-97.92379,30.1653],[-97.92748,30.16543],[-97.93279,30.16257],[-97.93684,30.1553],[-97.94523,30.15149],[-97.94457,30.15619],[-97.94738,30.15868],[-97.98797,30.12505],[-97.99114,30.11327],[-97.98728,30.11108],[-97.98923,30.10906],[-97.98631,30.10709],[-97.98862,30.10339],[-97.99348,30.10196],[-97.99374,30.09732],[-97.98563,30.09747],[-97.97608,30.10274],[-97.98107,30.09718],[-97.98133,30.09277],[-97.97646,30.08922],[-97.97114,30.09375],[-97.96932,30.09182],[-97.97947,30.083],[-97.98217,30.0864],[-97.98579,30.08189],[-97.99078,30.08104],[-97.98724,30.07804],[-97.9922,30.07147],[-97.99366,30.07551],[-97.99751,30.07202],[-97.99424,30.07859],[-98.00279,30.07877],[-98.00108,30.06568],[-98.00777,30.06062],[-98.00958,30.06642],[-98.01217,30.06449],[-98.018,30.06836],[-98.0225,30.06627],[-98.02479,30.06846],[-98.02593,30.06543],[-98.03893,30.06574],[-98.04577,30.06],[-98.04806,30.06087],[-98.04389,30.06233],[-98.04505,30.06618],[-98.03902,30.06918],[-98.04389,30.07138],[-98.04099,30.07194],[-98.04208,30.07504],[-98.03289,30.06966],[-98.0313,30.07073],[-98.03652,30.07695],[-98.0458,30.08033],[-98.07092,30.06495],[-98.07418,30.06818],[-98.07703,30.06596],[-98.07609,30.0616],[-98.08039,30.05888],[-98.07822,30.05675],[-98.0759,30.05857],[-98.07333,30.04292],[-98.07102,30.04308],[-98.07264,30.04681],[-98.06954,30.04679],[-98.06793,30.04123],[-98.06417,30.04161],[-98.06532,30.04751],[-98.07134,30.05241],[-98.06994,30.05396],[-98.06489,30.05169],[-98.06669,30.05708],[-98.06158,30.05333],[-98.05767,30.0383],[-98.05062,30.03717],[-98.04725,30.0391],[-98.04624,30.03371],[-98.04288,30.03261],[-98.04536,30.0191],[-98.04258,30.02144],[-98.04353,30.01732],[-98.0366,30.01899],[-98.04296,30.01422],[-98.04618,30.00766],[-98.04569,30.00284],[-98.04232,30.0038],[-98.04342,30.00649],[-98.03762,30.00652],[-98.04134,30.01021],[-98.0387,30.01053],[-98.03901,30.01374],[-98.03345,30.00861],[-98.03458,30.0164],[-98.0308,30.01071],[-98.02985,30.01305],[-98.02439,30.01308],[-98.02773,30.0072],[-98.02518,30.00455],[-98.02174,30.00642],[-98.02245,30.00058],[-98.00816,29.99958],[-98.00668,30.00266],[-97.99873,29.99705],[-97.99445,30.00004],[-97.99473,30.0031],[-97.98812,30.00564],[-97.98719,30.00943],[-97.98214,30.00726],[-97.96481,30.01101],[-97.96851,30.00771],[-97.9906,30.00071],[-97.99606,29.99257],[-98.00073,29.99215],[-98.0053,29.99518],[-98.00475,29.99122],[-98.01136,29.98515],[-98.0373,29.96828],[-98.04047,29.96919],[-98.0371,29.96977],[-98.03863,29.97269],[-98.03381,29.97109],[-98.03216,29.97487],[-98.02924,29.97464],[-98.02219,29.98187],[-98.03539,29.97659],[-98.04049,29.97956],[-98.0426,29.97303],[-98.04722,29.97525],[-98.0523,29.97273],[-98.04934,29.97789],[-98.05283,29.97771],[-98.06181,29.96573],[-98.06332,29.96647],[-98.06115,29.96969],[-98.06591,29.97031],[-98.06174,29.97363],[-98.06579,29.97661],[-98.06742,29.97065],[-98.07,29.97042],[-98.06754,29.96464],[-98.06866,29.96154],[-98.07092,29.96217],[-98.07217,29.96675],[-98.07473,29.96079],[-98.07856,29.95952],[-98.07917,29.96175],[-98.08294,29.96221],[-98.0785,29.95775],[-98.08134,29.95768],[-98.08013,29.95356],[-98.08331,29.95178],[-98.08675,29.95773],[-98.08991,29.95103],[-98.09316,29.95652],[-98.09652,29.95377],[-98.0963,29.95],[-98.10557,29.95038],[-98.10049,29.95749],[-98.10485,29.95731],[-98.10255,29.96298],[-98.10593,29.96561],[-98.10854,29.95272],[-98.10987,29.95443],[-98.11065,29.9522],[-98.11257,29.95311],[-98.11192,29.95833],[-98.11509,29.95557],[-98.11761,29.95838],[-98.11613,29.95024],[-97.94965,29.95079],[-97.94853,29.95298],[-97.95708,29.95027],[-97.95647,29.95217],[-97.95055,29.95873],[-97.95051,29.96273],[-97.9434,29.97417],[-97.92873,29.98733],[-97.92825,29.99214],[-97.93574,29.98521],[-97.9468,29.97972],[-97.96494,29.96049],[-97.96914,29.95968],[-97.96963,29.96379],[-97.9746,29.95999],[-97.97779,29.96097],[-97.98919,29.9526],[-97.99203,29.95358],[-97.99091,29.95932],[-97.96735,29.98018],[-97.93453,29.99667],[-97.92332,30.01109],[-97.92469,30.01485],[-97.92908,30.01405],[-97.92893,30.01727],[-97.90411,30.0412],[-97.88087,30.07014],[-97.8812,30.07512],[-97.8695,30.08705],[-97.86868,30.08923],[-97.87235,30.08845],[-97.87321,30.09216],[-97.88604,30.08646],[-97.89378,30.08741],[-97.89274,30.08897],[-97.90373,30.08782],[-97.90484,30.09147],[-97.88322,30.1098],[-97.87635,30.11881],[-97.86338,30.12468],[-97.86401,30.14666],[-97.85827,30.16018],[-97.84504,30.17728],[-97.83965,30.18873],[-97.85389,30.17724],[-97.84748,30.19105],[-97.85056,30.18993],[-97.84606,30.1988],[-97.83276,30.20948]],[[-98.0765,29.95007],[-98.06713,29.95897],[-98.06046,29.95749],[-98.07265,29.95],[-98.0765,29.95007]]]]},"properties":{"layer":"aquifer","aquifer":"Edwards (Balcones Fault Zone)","rank":"major","code":"1","extent":"outcrop","source":"twdb-major-aquifers-bbox"}},{"type":"Feature","geometry":{"type":"MultiPolygon","coordinates":[[[[-99.1937,29.95001],[-99.19116,29.95238],[-99.19425,29.95184],[-99.19437,29.9551],[-99.19687,29.95],[-99.2069,29.95],[-99.20556,29.95172],[-99.20782,29.95273],[-99.20374,29.95466],[-99.20235,29.95926],[-99.2087,29.95473],[-99.21124,29.95608],[-99.21545,29.95],[-99.23114,29.95],[-99.22436,29.95005],[-99.22646,29.95432],[-99.22079,29.95443],[-99.2205,29.95753],[-99.21767,29.95888],[-99.22422,29.95959],[-99.21699,29.96181],[-99.21652,29.96536],[-99.22199,29.96491],[-99.22038,29.96808],[-99.22506,29.967],[-99.22639,29.96314],[-99.22741,29.96932],[-99.23167,29.96664],[-99.23211,29.95655],[-99.2344,29.95963],[-99.23637,29.95783],[-99.23615,29.96121],[-99.24091,29.96168],[-99.243,29.95553],[-99.24087,29.9536],[-99.24355,29.95283],[-99.24311,29.95],[-99.2463,29.95062],[-99.24552,29.95562],[-99.25193,29.95166],[-99.2543,29.95512],[-99.26185,29.95161],[-99.26511,29.95416],[-99.25802,29.95681],[-99.26124,29.96032],[-99.25123,29.95733],[-99.25445,29.9612],[-99.25268,29.96173],[-99.24792,29.95765],[-99.24778,29.96201],[-99.24268,29.96516],[-99.2469,29.96483],[-99.24397,29.96749],[-99.24877,29.97099],[-99.2374,29.96595],[-99.24018,29.97384],[-99.23422,29.9696],[-99.23452,29.97246],[-99.22851,29.97785],[-99.23515,29.97939],[-99.22546,29.9812],[-99.22706,29.98279],[-99.23808,29.98084],[-99.23916,29.988],[-99.24249,29.97965],[-99.24909,29.9797],[-99.24967,29.98365],[-99.25396,29.9871],[-99.24857,29.98532],[-99.24554,29.98071],[-99.24423,29.98588],[-99.24665,29.98901],[-99.24334,29.98875],[-99.24227,29.99306],[-99.23383,29.98478],[-99.23187,29.98537],[-99.23402,29.99286],[-99.23853,29.99494],[-99.23998,29.99916],[-99.23538,29.99514],[-99.23187,29.99999],[-99.22952,29.98826],[-99.22857,29.9916],[-99.22431,29.98969],[-99.22665,29.98623],[-99.22169,29.98536],[-99.21777,29.98901],[-99.21792,29.98592],[-99.21326,29.98367],[-99.21935,29.98396],[-99.21786,29.98174],[-99.2217,29.97711],[-99.21528,29.97615],[-99.21491,29.97856],[-99.21206,29.97251],[-99.21,29.97752],[-99.2071,29.97783],[-99.20739,29.96953],[-99.2006,29.97097],[-99.20409,29.97483],[-99.20347,29.97798],[-99.19787,29.97901],[-99.19482,29.97343],[-99.1919,29.97294],[-99.19329,29.97831],[-99.18966,29.97795],[-99.18937,29.9807],[-99.18436,29.97697],[-99.18227,29.97928],[-99.18716,29.98342],[-99.19373,29.98123],[-99.20226,29.98201],[-99.20481,29.98467],[-99.20351,29.98555],[-99.19555,29.98333],[-99.19412,29.98535],[-99.19802,29.99053],[-99.20513,29.98857],[-99.21145,29.99085],[-99.20399,29.99127],[-99.20814,29.99535],[-99.19932,29.99361],[-99.20246,29.99541],[-99.2001,29.99744],[-99.20506,30.00169],[-99.20329,30.00609],[-99.20013,30.00618],[-99.19477,29.99933],[-99.19469,29.99371],[-99.19108,29.99478],[-99.18832,29.99108],[-99.18388,29.99032],[-99.18668,29.99265],[-99.18438,29.99364],[-99.18662,29.99746],[-99.18975,29.99915],[-99.18549,30.00188],[-99.18505,29.99873],[-99.18255,29.99973],[-99.18072,29.99625],[-99.17841,29.99714],[-99.17921,29.9918],[-99.17454,29.99408],[-99.17457,29.98577],[-99.17095,29.98758],[-99.17109,29.99314],[-99.16918,29.99333],[-99.16726,29.98831],[-99.16871,29.98337],[-99.16573,29.98718],[-99.16247,29.98589],[-99.16555,29.99331],[-99.16128,29.99077],[-99.1515,29.99024],[-99.1537,29.99245],[-99.14962,29.99335],[-99.14906,29.99553],[-99.15652,29.99586],[-99.15531,29.99873],[-99.14841,30.00209],[-99.14626,30.00868],[-99.14916,30.00821],[-99.15181,30.01284],[-99.15392,30.01072],[-99.15224,30.00339],[-99.15629,30.00279],[-99.15931,29.99715],[-99.16308,30.00426],[-99.16662,29.9999],[-99.16999,30.00218],[-99.16923,29.99665],[-99.17571,29.99733],[-99.17407,29.99948],[-99.17736,30.00182],[-99.17256,30.00263],[-99.17243,30.00544],[-99.17718,30.00445],[-99.17765,30.008],[-99.18258,30.00576],[-99.18049,30.00885],[-99.18801,30.01009],[-99.18511,30.01148],[-99.18763,30.01502],[-99.18227,30.01212],[-99.1815,30.01406],[-99.17068,30.01037],[-99.17075,30.01254],[-99.16573,30.0117],[-99.16766,30.01484],[-99.15997,30.01967],[-99.16569,30.01783],[-99.16544,30.02166],[-99.1699,30.01553],[-99.17327,30.01809],[-99.17558,30.01551],[-99.1744,30.01987],[-99.17724,30.01986],[-99.17158,30.02291],[-99.17442,30.02462],[-99.18054,30.02323],[-99.18224,30.01973],[-99.18534,30.0203],[-99.18351,30.02511],[-99.18707,30.02504],[-99.1912,30.02028],[-99.19267,30.02274],[-99.19863,30.01447],[-99.19964,30.01791],[-99.20248,30.01796],[-99.19413,30.02445],[-99.19822,30.02719],[-99.18714,30.02808],[-99.18868,30.03243],[-99.18333,30.03044],[-99.18381,30.03599],[-99.18023,30.03022],[-99.17642,30.0304],[-99.18018,30.03486],[-99.17703,30.03526],[-99.17678,30.03956],[-99.17292,30.03264],[-99.17188,30.0374],[-99.16918,30.03666],[-99.16811,30.03214],[-99.1666,30.03426],[-99.16015,30.03468],[-99.16073,30.03119],[-99.14927,30.03505],[-99.15685,30.03537],[-99.15693,30.03938],[-99.16088,30.03737],[-99.17136,30.04067],[-99.16908,30.04244],[-99.17013,30.0445],[-99.16605,30.04635],[-99.16923,30.05058],[-99.17284,30.04919],[-99.17243,30.04295],[-99.17468,30.04283],[-99.17535,30.04586],[-99.17803,30.04185],[-99.1818,30.0423],[-99.17924,30.04648],[-99.18208,30.04768],[-99.17899,30.05061],[-99.1804,30.05731],[-99.18403,30.05798],[-99.18255,30.05077],[-99.18763,30.05265],[-99.1871,30.04915],[-99.18452,30.04807],[-99.18702,30.04721],[-99.1874,30.04257],[-99.19045,30.04737],[-99.19485,30.04277],[-99.19357,30.0504],[-99.19883,30.05061],[-99.19213,30.05447],[-99.19358,30.05773],[-99.19727,30.0568],[-99.1965,30.06087],[-99.20156,30.05759],[-99.19938,30.05496],[-99.20115,30.05141],[-99.20756,30.05505],[-99.2076,30.05007],[-99.20152,30.04551],[-99.20077,30.03892],[-99.20315,30.03828],[-99.20673,30.04606],[-99.20988,30.04205],[-99.21031,30.04777],[-99.21334,30.05154],[-99.21562,30.0418],[-99.21288,30.03591],[-99.21713,30.04059],[-99.21867,30.04712],[-99.22327,30.04601],[-99.21745,30.03595],[-99.21981,30.03469],[-99.21774,30.02771],[-99.21893,30.02673],[-99.22231,30.03319],[-99.22633,30.0322],[-99.22523,30.0231],[-99.22671,30.0286],[-99.23066,30.02916],[-99.22424,30.03765],[-99.22668,30.03976],[-99.23222,30.03854],[-99.22874,30.04262],[-99.22917,30.04903],[-99.23214,30.05046],[-99.22396,30.05134],[-99.21806,30.05737],[-99.21742,30.06482],[-99.22724,30.06387],[-99.22453,30.06027],[-99.22735,30.05912],[-99.22628,30.05586],[-99.2319,30.05664],[-99.23336,30.0603],[-99.234,30.05389],[-99.2371,30.05623],[-99.2404,30.05513],[-99.23904,30.04413],[-99.24181,30.04716],[-99.24603,30.04514],[-99.24661,30.04234],[-99.24224,30.04012],[-99.24722,30.0314],[-99.24572,30.03741],[-99.24851,30.03935],[-99.2492,30.04634],[-99.25306,30.04565],[-99.25431,30.04128],[-99.25863,30.04654],[-99.25428,30.04998],[-99.24691,30.05052],[-99.25181,30.05589],[-99.24851,30.0571],[-99.24632,30.06576],[-99.24882,30.06592],[-99.25169,30.06036],[-99.25384,30.06751],[-99.25938,30.06664],[-99.25866,30.05604],[-99.26528,30.06203],[-99.26333,30.06725],[-99.26782,30.06718],[-99.26853,30.05223],[-99.27221,30.06332],[-99.27879,30.05843],[-99.27284,30.06859],[-99.28745,30.06539],[-99.28698,30.0627],[-99.28996,30.06218],[-99.29125,30.05914],[-99.28153,30.05276],[-99.28463,30.05172],[-99.28965,30.05456],[-99.29096,30.0529],[-99.28864,30.04941],[-99.29478,30.0495],[-99.29607,30.04549],[-99.30135,30.04817],[-99.29769,30.05264],[-99.30047,30.05521],[-99.29646,30.05637],[-99.29884,30.05957],[-99.29498,30.06514],[-99.29801,30.06593],[-99.30036,30.06214],[-99.30097,30.06483],[-99.30387,30.06476],[-99.3059,30.0612],[-99.30808,30.06308],[-99.30622,30.05874],[-99.30964,30.05546],[-99.31095,30.04131],[-99.31309,30.04686],[-99.31262,30.05889],[-99.31605,30.05893],[-99.31429,30.0641],[-99.31641,30.06535],[-99.32273,30.06418],[-99.32256,30.05736],[-99.32803,30.05448],[-99.32472,30.05077],[-99.33207,30.04473],[-99.32998,30.04949],[-99.33164,30.05378],[-99.32775,30.06404],[-99.33343,30.06585],[-99.33949,30.0506],[-99.35479,30.04195],[-99.35716,30.03815],[-99.35685,30.03083],[-99.35922,30.02927],[-99.36202,30.03768],[-99.36518,30.03687],[-99.37234,30.04262],[-99.36857,30.04052],[-99.36555,30.04276],[-99.36079,30.04129],[-99.34733,30.05057],[-99.34669,30.05561],[-99.34432,30.05533],[-99.34315,30.05917],[-99.34469,30.06363],[-99.33892,30.0707],[-99.34509,30.07641],[-99.34878,30.07673],[-99.35099,30.0714],[-99.35049,30.07501],[-99.35253,30.07552],[-99.35618,30.06559],[-99.36437,30.05571],[-99.37879,30.06596],[-99.39979,30.05648],[-99.40174,30.05366],[-99.4017,30.05756],[-99.41041,30.05958],[-99.42489,30.05447],[-99.43269,30.05616],[-99.42451,30.05574],[-99.41654,30.05869],[-99.41584,30.06179],[-99.42257,30.06394],[-99.42358,30.06691],[-99.41261,30.06278],[-99.41073,30.06714],[-99.40897,30.06199],[-99.39317,30.06372],[-99.39451,30.06864],[-99.3904,30.06568],[-99.38786,30.06901],[-99.38061,30.07025],[-99.3832,30.07499],[-99.37705,30.07427],[-99.37822,30.07117],[-99.36775,30.06406],[-99.36388,30.06579],[-99.35974,30.06982],[-99.35709,30.0779],[-99.35835,30.08036],[-99.36309,30.07816],[-99.35756,30.08225],[-99.3591,30.085],[-99.3566,30.0877],[-99.36765,30.09315],[-99.36489,30.09517],[-99.35781,30.08918],[-99.35704,30.09428],[-99.35518,30.09183],[-99.34688,30.09375],[-99.34757,30.08722],[-99.351,30.08652],[-99.34972,30.08349],[-99.33924,30.08273],[-99.3357,30.08715],[-99.33719,30.08222],[-99.33194,30.0756],[-99.32971,30.0791],[-99.32758,30.07424],[-99.3235,30.07603],[-99.31887,30.07209],[-99.30872,30.07345],[-99.31903,30.07971],[-99.31821,30.08699],[-99.31348,30.07756],[-99.31198,30.08043],[-99.30631,30.0789],[-99.30388,30.08355],[-99.30397,30.07564],[-99.30107,30.07399],[-99.29061,30.07569],[-99.29315,30.08129],[-99.29051,30.08348],[-99.28573,30.07766],[-99.28126,30.07876],[-99.28097,30.08655],[-99.27468,30.08331],[-99.27169,30.0777],[-99.26754,30.08087],[-99.26536,30.07807],[-99.25297,30.07908],[-99.25648,30.08314],[-99.26103,30.08146],[-99.26663,30.08305],[-99.26519,30.08654],[-99.26151,30.08724],[-99.26415,30.0901],[-99.27412,30.08909],[-99.27195,30.09253],[-99.27369,30.09728],[-99.27743,30.09257],[-99.28494,30.09106],[-99.27941,30.0944],[-99.27949,30.09697],[-99.28431,30.0965],[-99.28266,30.09863],[-99.28808,30.10033],[-99.29333,30.09204],[-99.29244,30.10128],[-99.29698,30.09852],[-99.29627,30.10201],[-99.29971,30.1016],[-99.29945,30.10464],[-99.30375,30.10622],[-99.29121,30.10627],[-99.29505,30.10809],[-99.29546,30.11152],[-99.30152,30.11145],[-99.3028,30.11723],[-99.30612,30.11744],[-99.31123,30.11164],[-99.31861,30.11087],[-99.31231,30.11604],[-99.31211,30.11839],[-99.31773,30.11791],[-99.31181,30.12132],[-99.31194,30.12326],[-99.31837,30.12731],[-99.32397,30.12705],[-99.32687,30.12418],[-99.32702,30.12847],[-99.33103,30.12777],[-99.32789,30.13196],[-99.32089,30.13107],[-99.32105,30.13686],[-99.33639,30.14109],[-99.34707,30.1391],[-99.33891,30.14458],[-99.34501,30.14959],[-99.34429,30.15234],[-99.35546,30.15482],[-99.35484,30.16106],[-99.36082,30.16683],[-99.35426,30.16336],[-99.35072,30.15558],[-99.34524,30.15566],[-99.34327,30.15917],[-99.33457,30.14751],[-99.3328,30.15107],[-99.33076,30.1504],[-99.3318,30.14701],[-99.32854,30.14428],[-99.32552,30.14738],[-99.32348,30.1471],[-99.32412,30.14366],[-99.3166,30.14306],[-99.31617,30.14993],[-99.31321,30.15235],[-99.31579,30.15429],[-99.31098,30.15614],[-99.30966,30.15362],[-99.31213,30.146],[-99.30804,30.14624],[-99.31321,30.13941],[-99.31234,30.13575],[-99.30537,30.12787],[-99.30091,30.13475],[-99.30064,30.13092],[-99.29754,30.13133],[-99.30021,30.12525],[-99.29697,30.12544],[-99.29279,30.12018],[-99.28799,30.12375],[-99.28664,30.13257],[-99.28407,30.13189],[-99.28689,30.1407],[-99.28637,30.14386],[-99.28327,30.14358],[-99.28507,30.1481],[-99.2808,30.15378],[-99.28237,30.14862],[-99.28076,30.14216],[-99.28304,30.13912],[-99.27454,30.14121],[-99.27955,30.13695],[-99.27682,30.13284],[-99.27958,30.13185],[-99.28088,30.12566],[-99.27731,30.12568],[-99.28191,30.12314],[-99.28365,30.11414],[-99.27996,30.11393],[-99.28008,30.10952],[-99.27744,30.10975],[-99.27659,30.11262],[-99.27328,30.1096],[-99.27399,30.10713],[-99.2691,30.10474],[-99.26661,30.10601],[-99.26427,30.10235],[-99.2604,30.1042],[-99.26676,30.11277],[-99.26547,30.11821],[-99.26714,30.1225],[-99.26231,30.11914],[-99.26241,30.1129],[-99.25706,30.10971],[-99.2553,30.11607],[-99.25008,30.11454],[-99.2495,30.11826],[-99.24003,30.12414],[-99.24255,30.12934],[-99.23965,30.12929],[-99.23852,30.14212],[-99.23553,30.13755],[-99.23754,30.12993],[-99.23527,30.12455],[-99.24039,30.11938],[-99.23939,30.11572],[-99.2427,30.11525],[-99.24154,30.10787],[-99.2492,30.10973],[-99.24911,30.10389],[-99.2524,30.10434],[-99.25306,30.10188],[-99.25047,30.09736],[-99.25211,30.09575],[-99.25024,30.08968],[-99.24459,30.09698],[-99.23873,30.09992],[-99.24462,30.08799],[-99.23679,30.09483],[-99.2337,30.09226],[-99.23783,30.08829],[-99.23341,30.08659],[-99.23953,30.08319],[-99.23655,30.08137],[-99.232,30.08264],[-99.23048,30.08007],[-99.22746,30.0834],[-99.22106,30.08348],[-99.227,30.08661],[-99.22775,30.09027],[-99.223,30.08977],[-99.22752,30.09955],[-99.22057,30.09333],[-99.21748,30.09483],[-99.21838,30.09139],[-99.21276,30.08579],[-99.21214,30.07995],[-99.20496,30.08581],[-99.21119,30.08918],[-99.21172,30.09255],[-99.21021,30.09542],[-99.20757,30.09296],[-99.20467,30.09441],[-99.20501,30.09693],[-99.20892,30.09794],[-99.20562,30.09973],[-99.20655,30.10179],[-99.21281,30.09891],[-99.21447,30.10136],[-99.21105,30.10515],[-99.22671,30.11078],[-99.21728,30.11041],[-99.21517,30.11453],[-99.21198,30.10922],[-99.20684,30.1086],[-99.20899,30.11839],[-99.20242,30.12448],[-99.20606,30.12882],[-99.21478,30.13011],[-99.21453,30.13441],[-99.21876,30.1344],[-99.216,30.1375],[-99.21873,30.14597],[-99.21722,30.14751],[-99.21357,30.14363],[-99.2116,30.14433],[-99.21229,30.1371],[-99.20866,30.13534],[-99.2057,30.1381],[-99.20384,30.13398],[-99.20054,30.13296],[-99.19761,30.14723],[-99.19915,30.15169],[-99.1965,30.14883],[-99.19129,30.14988],[-99.19187,30.14684],[-99.19589,30.14471],[-99.19599,30.1383],[-99.19303,30.13802],[-99.19582,30.12856],[-99.19346,30.12805],[-99.18589,30.13735],[-99.18633,30.13094],[-99.19148,30.12709],[-99.18896,30.12452],[-99.19376,30.12296],[-99.19605,30.11699],[-99.19405,30.11391],[-99.19991,30.10902],[-99.19648,30.10708],[-99.1874,30.11467],[-99.18284,30.1148],[-99.18922,30.10842],[-99.18584,30.10534],[-99.19086,30.10504],[-99.18939,30.10058],[-99.19434,30.10114],[-99.19195,30.09811],[-99.19459,30.09747],[-99.19241,30.09324],[-99.19343,30.08705],[-99.19204,30.08556],[-99.18842,30.08849],[-99.18877,30.09296],[-99.186,30.09377],[-99.18819,30.09657],[-99.18542,30.09686],[-99.18049,30.10329],[-99.18113,30.09647],[-99.17507,30.0985],[-99.18006,30.09178],[-99.17452,30.09432],[-99.17248,30.0914],[-99.17866,30.08669],[-99.17555,30.08521],[-99.17147,30.08837],[-99.16705,30.08752],[-99.17007,30.0823],[-99.1667,30.08025],[-99.16486,30.08444],[-99.16076,30.08152],[-99.15988,30.07288],[-99.15751,30.07541],[-99.15447,30.07352],[-99.15852,30.07924],[-99.1574,30.08239],[-99.16077,30.08427],[-99.1596,30.08771],[-99.15585,30.0895],[-99.16349,30.08839],[-99.16297,30.09102],[-99.16686,30.09079],[-99.16898,30.09382],[-99.15626,30.09477],[-99.16259,30.09687],[-99.16287,30.09927],[-99.16834,30.0996],[-99.16393,30.10368],[-99.15806,30.10197],[-99.15972,30.10644],[-99.1675,30.10505],[-99.17141,30.10807],[-99.16508,30.11003],[-99.16456,30.11238],[-99.15875,30.11091],[-99.15817,30.1128],[-99.16154,30.11474],[-99.15936,30.11641],[-99.16023,30.11898],[-99.16637,30.12045],[-99.16367,30.12098],[-99.16387,30.12304],[-99.17243,30.12721],[-99.16879,30.13058],[-99.16573,30.12521],[-99.16137,30.12568],[-99.15534,30.11905],[-99.15412,30.12552],[-99.15585,30.13004],[-99.16219,30.13421],[-99.16485,30.13987],[-99.15717,30.13479],[-99.15513,30.13714],[-99.15354,30.13606],[-99.15049,30.12817],[-99.14745,30.13173],[-99.14332,30.13225],[-99.14877,30.14421],[-99.14605,30.14392],[-99.147,30.14828],[-99.14422,30.14576],[-99.14413,30.13855],[-99.14074,30.1338],[-99.13863,30.13512],[-99.13938,30.14262],[-99.1366,30.13759],[-99.12843,30.14185],[-99.13166,30.13869],[-99.13013,30.13686],[-99.1358,30.13467],[-99.13308,30.13193],[-99.13915,30.13175],[-99.13657,30.12866],[-99.14877,30.126],[-99.14948,30.12101],[-99.14742,30.11913],[-99.15032,30.11763],[-99.1484,30.11408],[-99.1513,30.11282],[-99.15096,30.10829],[-99.14864,30.10824],[-99.14805,30.10555],[-99.14265,30.10814],[-99.14059,30.10357],[-99.13755,30.10575],[-99.13685,30.114],[-99.1338,30.10696],[-99.13116,30.10737],[-99.12664,30.12015],[-99.12693,30.12748],[-99.12618,30.12153],[-99.11536,30.12126],[-99.11826,30.11873],[-99.12486,30.11849],[-99.12539,30.11546],[-99.12194,30.11466],[-99.12563,30.11116],[-99.12061,30.10848],[-99.12601,30.10847],[-99.12898,30.10554],[-99.12745,30.10205],[-99.11999,30.10035],[-99.12434,30.09862],[-99.13068,30.10238],[-99.14214,30.09612],[-99.14477,30.09233],[-99.14304,30.08861],[-99.14094,30.09097],[-99.14246,30.09331],[-99.13897,30.09361],[-99.14016,30.09589],[-99.13647,30.0951],[-99.13232,30.09746],[-99.12412,30.09112],[-99.12722,30.08945],[-99.13191,30.09179],[-99.13395,30.09001],[-99.13314,30.08629],[-99.12985,30.08538],[-99.13194,30.08274],[-99.1266,30.08287],[-99.13483,30.08015],[-99.13601,30.07706],[-99.12737,30.07891],[-99.1294,30.0729],[-99.13732,30.07162],[-99.13552,30.06566],[-99.14001,30.06669],[-99.14053,30.06256],[-99.13274,30.06304],[-99.13288,30.06871],[-99.12597,30.07095],[-99.12553,30.07737],[-99.11938,30.07315],[-99.12415,30.08075],[-99.12357,30.08316],[-99.1208,30.08128],[-99.12067,30.08494],[-99.11424,30.07344],[-99.11366,30.07848],[-99.10917,30.07529],[-99.1105,30.08193],[-99.11546,30.08381],[-99.11202,30.08381],[-99.11269,30.08754],[-99.10787,30.08451],[-99.10525,30.09099],[-99.10888,30.09247],[-99.10449,30.09689],[-99.10661,30.10198],[-99.10317,30.09998],[-99.10087,30.10497],[-99.10136,30.09128],[-99.09353,30.09777],[-99.09289,30.10212],[-99.09168,30.09778],[-99.08608,30.10065],[-99.08627,30.09795],[-99.09194,30.09663],[-99.09608,30.08946],[-99.10116,30.08704],[-99.09896,30.08378],[-99.0935,30.08574],[-99.08923,30.09308],[-99.08698,30.09051],[-99.08981,30.08604],[-99.08308,30.08783],[-99.08097,30.0864],[-99.079,30.0915],[-99.07636,30.09122],[-99.0761,30.09517],[-99.07491,30.09168],[-99.06937,30.0918],[-99.07635,30.08904],[-99.07687,30.0844],[-99.09071,30.08056],[-99.09083,30.07681],[-99.09533,30.07881],[-99.10038,30.07021],[-99.10308,30.06969],[-99.10261,30.06282],[-99.11025,30.06486],[-99.10815,30.06263],[-99.11433,30.06033],[-99.1134,30.05363],[-99.10838,30.05261],[-99.10859,30.05856],[-99.10627,30.05645],[-99.10378,30.05972],[-99.10323,30.05302],[-99.10145,30.05314],[-99.09777,30.05784],[-99.09844,30.06117],[-99.09481,30.06077],[-99.09766,30.06374],[-99.09483,30.06398],[-99.09622,30.0665],[-99.09292,30.06633],[-99.0955,30.06993],[-99.09313,30.072],[-99.09107,30.06983],[-99.08805,30.07396],[-99.08672,30.07092],[-99.07903,30.07655],[-99.07797,30.07317],[-99.07262,30.07404],[-99.07235,30.07198],[-99.07533,30.07089],[-99.08053,30.07231],[-99.08244,30.07076],[-99.08112,30.06904],[-99.08647,30.06829],[-99.09066,30.06295],[-99.08894,30.05986],[-99.08485,30.05919],[-99.08274,30.06131],[-99.08314,30.05816],[-99.07774,30.0604],[-99.07655,30.05811],[-99.0687,30.06077],[-99.06876,30.05893],[-99.07613,30.05474],[-99.08517,30.05443],[-99.08424,30.05266],[-99.09144,30.05505],[-99.09301,30.0531],[-99.08997,30.05276],[-99.08654,30.04762],[-99.09248,30.04926],[-99.09187,30.046],[-99.09563,30.04794],[-99.1009,30.04266],[-99.09562,30.04107],[-99.09896,30.03459],[-99.09374,30.03093],[-99.09489,30.03689],[-99.09185,30.03655],[-99.09126,30.03959],[-99.09351,30.04233],[-99.08367,30.0376],[-99.08343,30.04442],[-99.08079,30.04368],[-99.08065,30.03927],[-99.0765,30.04225],[-99.07861,30.03801],[-99.07714,30.03641],[-99.08564,30.03319],[-99.0865,30.03038],[-99.07964,30.03228],[-99.07943,30.02987],[-99.07647,30.02937],[-99.07319,30.03693],[-99.06634,30.04067],[-99.07206,30.03075],[-99.06281,30.02762],[-99.07185,30.02749],[-99.07342,30.02513],[-99.07006,30.02411],[-99.07064,30.02142],[-99.07822,30.02163],[-99.07789,30.01722],[-99.08073,30.01819],[-99.08265,30.02271],[-99.08936,30.02],[-99.09213,30.01674],[-99.08798,30.01651],[-99.09086,30.0129],[-99.08933,30.00832],[-99.08651,30.01274],[-99.08401,30.01102],[-99.08244,30.01464],[-99.07879,30.00995],[-99.0834,30.00724],[-99.08326,30.00301],[-99.07772,30.00267],[-99.07694,30.00772],[-99.0741,30.00772],[-99.07497,30.01162],[-99.07095,30.00882],[-99.06892,30.01289],[-99.06982,30.00613],[-99.06191,30.00637],[-99.06487,30.00253],[-99.07,30.00103],[-99.06504,29.99629],[-99.05868,30.00351],[-99.05237,29.99664],[-99.05,29.99671],[-99.0482,30.00211],[-99.04437,30.00251],[-99.03493,29.99644],[-99.02694,29.9946],[-99.00974,29.99925],[-99.01179,30.00286],[-99.02042,30.00279],[-99.02161,30.00559],[-99.03565,30.0015],[-99.02782,30.01074],[-99.04067,30.01089],[-99.04319,30.01404],[-99.04786,30.01042],[-99.04754,30.01391],[-99.05427,30.01482],[-99.05698,30.01997],[-99.05024,30.01689],[-99.04517,30.01787],[-99.04472,30.02108],[-99.04968,30.02777],[-99.04592,30.02887],[-99.04168,30.01891],[-99.03668,30.01806],[-99.03925,30.02504],[-99.03822,30.03111],[-99.03298,30.02012],[-99.02758,30.02191],[-99.02316,30.01882],[-99.02798,30.02443],[-99.02206,30.02518],[-99.0247,30.02804],[-99.02831,30.02758],[-99.02703,30.02948],[-99.03013,30.03063],[-99.03063,30.03365],[-99.02299,30.02993],[-99.02134,30.03206],[-99.01765,30.03091],[-99.01794,30.02646],[-99.01098,30.02995],[-99.0136,30.02376],[-99.00683,30.02824],[-99.00585,30.03259],[-98.99859,30.02894],[-98.99674,30.03215],[-99.00764,30.03683],[-99.01006,30.0331],[-99.02299,30.03555],[-99.02386,30.03749],[-99.01812,30.03813],[-99.02374,30.0407],[-99.03117,30.03639],[-99.03329,30.03805],[-99.02934,30.04081],[-99.03785,30.04285],[-99.04212,30.03867],[-99.04305,30.0429],[-99.05056,30.03974],[-99.04549,30.04559],[-99.0523,30.04913],[-99.05369,30.05171],[-99.05192,30.05669],[-99.04894,30.04994],[-99.03799,30.04698],[-99.03628,30.05311],[-99.03648,30.05076],[-99.0308,30.04522],[-99.03179,30.04951],[-99.02816,30.05026],[-99.02586,30.04637],[-99.02216,30.04649],[-99.02329,30.0517],[-99.01859,30.04724],[-99.01293,30.05086],[-99.0322,30.05552],[-99.03274,30.05827],[-99.02792,30.05788],[-99.03149,30.06039],[-99.04415,30.06117],[-99.04389,30.06438],[-99.04792,30.06901],[-99.0404,30.0633],[-99.03512,30.06474],[-99.03361,30.06881],[-99.03454,30.07264],[-99.04095,30.07487],[-99.03924,30.07997],[-99.04783,30.08774],[-99.04572,30.08855],[-99.04737,30.09032],[-99.0417,30.08437],[-99.04032,30.0909],[-99.03703,30.09171],[-99.04058,30.08752],[-99.03718,30.07482],[-99.03059,30.07523],[-99.02892,30.06555],[-99.02277,30.05972],[-99.02041,30.06173],[-99.02549,30.06613],[-99.0218,30.06585],[-99.02241,30.07135],[-99.02485,30.07266],[-99.02227,30.07318],[-99.0209,30.07685],[-99.02546,30.08469],[-99.02415,30.08646],[-99.01931,30.07725],[-99.01791,30.0658],[-99.00987,30.06409],[-99.00431,30.05654],[-99.00379,30.06038],[-99.00022,30.05838],[-98.99897,30.06147],[-99.00901,30.06701],[-99.00544,30.06742],[-99.00546,30.06925],[-99.01293,30.08144],[-99.00684,30.07647],[-99.00601,30.08122],[-99.00237,30.07917],[-99.00007,30.08793],[-99.00364,30.09102],[-99.0012,30.09229],[-98.99796,30.08433],[-99.00361,30.07435],[-99.00202,30.07121],[-98.99841,30.07242],[-98.99944,30.06737],[-98.99615,30.06623],[-98.99537,30.07219],[-98.99207,30.07277],[-98.99281,30.08056],[-98.98693,30.08125],[-98.99012,30.0876],[-98.98675,30.08703],[-98.98728,30.09511],[-98.9933,30.09654],[-98.99039,30.09906],[-98.98663,30.09786],[-98.98403,30.08441],[-98.97744,30.08498],[-98.98733,30.0789],[-98.98811,30.07346],[-98.98119,30.07387],[-98.9748,30.08006],[-98.9744,30.07588],[-98.97875,30.0737],[-98.97399,30.06712],[-98.9763,30.06511],[-98.98098,30.07009],[-98.98164,30.06717],[-98.98725,30.06813],[-98.98388,30.06516],[-98.98698,30.06378],[-98.97932,30.06184],[-98.98809,30.05897],[-98.98452,30.05708],[-98.97985,30.05869],[-98.98049,30.05548],[-98.97746,30.05188],[-98.97477,30.0587],[-98.96725,30.05384],[-98.97181,30.06328],[-98.96996,30.06466],[-98.96897,30.06186],[-98.96423,30.06226],[-98.96496,30.0669],[-98.96238,30.06891],[-98.9645,30.07154],[-98.95902,30.07378],[-98.95982,30.06879],[-98.9542,30.06594],[-98.95164,30.06817],[-98.95374,30.07287],[-98.95184,30.07579],[-98.9488,30.06726],[-98.94503,30.06829],[-98.95071,30.0613],[-98.95518,30.06089],[-98.95973,30.05637],[-98.95683,30.05551],[-98.95702,30.05299],[-98.96058,30.0527],[-98.95615,30.05127],[-98.95162,30.05901],[-98.94753,30.05781],[-98.94891,30.05317],[-98.94541,30.05581],[-98.94277,30.04997],[-98.94706,30.05117],[-98.95062,30.04796],[-98.94553,30.04796],[-98.94428,30.04401],[-98.94811,30.04366],[-98.94724,30.03925],[-98.95225,30.03822],[-98.95107,30.03621],[-98.94758,30.03668],[-98.94836,30.03393],[-98.9452,30.03055],[-98.94329,30.04264],[-98.93644,30.04648],[-98.9338,30.0427],[-98.93591,30.04104],[-98.93511,30.03526],[-98.93168,30.03703],[-98.9231,30.02897],[-98.91407,30.03144],[-98.92173,30.0355],[-98.921,30.03848],[-98.91731,30.03779],[-98.9181,30.03997],[-98.92304,30.04048],[-98.9237,30.03481],[-98.92898,30.03875],[-98.92668,30.04099],[-98.93003,30.04105],[-98.92886,30.04488],[-98.93136,30.04465],[-98.93235,30.049],[-98.92312,30.04747],[-98.92121,30.05005],[-98.92873,30.04975],[-98.92953,30.05479],[-98.93282,30.05176],[-98.93533,30.05341],[-98.93803,30.05158],[-98.93916,30.05467],[-98.93118,30.05691],[-98.9329,30.0612],[-98.92683,30.05731],[-98.92101,30.05675],[-98.92492,30.05955],[-98.92426,30.06161],[-98.93693,30.06578],[-98.93435,30.06756],[-98.93818,30.07162],[-98.93337,30.07317],[-98.93151,30.06676],[-98.92941,30.06665],[-98.92881,30.06968],[-98.92722,30.06631],[-98.92274,30.06551],[-98.92275,30.07158],[-98.92948,30.07696],[-98.92573,30.07576],[-98.92388,30.07753],[-98.92136,30.07467],[-98.91821,30.07874],[-98.91827,30.07101],[-98.91483,30.06987],[-98.91793,30.06356],[-98.91456,30.05521],[-98.91285,30.05698],[-98.91463,30.06454],[-98.91087,30.06197],[-98.91213,30.06752],[-98.90936,30.07136],[-98.90579,30.06306],[-98.90842,30.06008],[-98.90295,30.05991],[-98.90197,30.0571],[-98.90644,30.05521],[-98.90559,30.05303],[-98.91039,30.04839],[-98.90763,30.04644],[-98.90724,30.04862],[-98.90348,30.04903],[-98.90408,30.05143],[-98.89854,30.05631],[-98.89629,30.05081],[-98.89272,30.04943],[-98.8984,30.04989],[-98.89338,30.04222],[-98.89423,30.03987],[-98.89965,30.04136],[-98.90023,30.03798],[-98.89384,30.03803],[-98.89489,30.03082],[-98.89166,30.02761],[-98.89033,30.01948],[-98.88777,30.01845],[-98.88302,30.02218],[-98.885,30.02567],[-98.88902,30.02509],[-98.8883,30.02715],[-98.88183,30.02893],[-98.89008,30.03185],[-98.87762,30.03375],[-98.8823,30.03838],[-98.8829,30.03569],[-98.88915,30.03701],[-98.8852,30.03861],[-98.88969,30.03901],[-98.89048,30.04265],[-98.8819,30.04223],[-98.88804,30.04692],[-98.88085,30.04595],[-98.88547,30.05076],[-98.89022,30.05133],[-98.88613,30.05448],[-98.88851,30.05597],[-98.88891,30.06049],[-98.8932,30.06061],[-98.89439,30.06433],[-98.88956,30.06135],[-98.88706,30.06513],[-98.88732,30.05957],[-98.88152,30.05849],[-98.88297,30.05563],[-98.8771,30.0499],[-98.87551,30.05019],[-98.87775,30.05574],[-98.87315,30.05265],[-98.8742,30.05036],[-98.87063,30.04813],[-98.87531,30.04337],[-98.86886,30.04223],[-98.87293,30.0385],[-98.86543,30.03793],[-98.87063,30.03301],[-98.86463,30.03095],[-98.86845,30.02659],[-98.8664,30.02338],[-98.86199,30.02402],[-98.86443,30.02871],[-98.85935,30.02917],[-98.86193,30.03352],[-98.86477,30.03358],[-98.86437,30.03587],[-98.8614,30.03771],[-98.85784,30.03582],[-98.85798,30.0404],[-98.86318,30.03903],[-98.86634,30.04126],[-98.85975,30.04384],[-98.86068,30.04722],[-98.86398,30.04785],[-98.85336,30.04693],[-98.8587,30.05357],[-98.86398,30.05025],[-98.86312,30.05294],[-98.86715,30.05111],[-98.86727,30.05328],[-98.87005,30.05282],[-98.8711,30.05678],[-98.86662,30.05517],[-98.86036,30.05655],[-98.86497,30.0581],[-98.85851,30.06297],[-98.86417,30.06365],[-98.87275,30.06038],[-98.87051,30.06319],[-98.87644,30.06141],[-98.87928,30.06445],[-98.86596,30.06646],[-98.86814,30.06892],[-98.87717,30.06955],[-98.87209,30.07138],[-98.86266,30.06864],[-98.86175,30.07282],[-98.85824,30.06887],[-98.85297,30.0683],[-98.85377,30.07156],[-98.8601,30.07608],[-98.86504,30.07419],[-98.86431,30.07883],[-98.86683,30.08175],[-98.86919,30.07728],[-98.87157,30.07888],[-98.87771,30.07551],[-98.87171,30.08123],[-98.87652,30.08473],[-98.88839,30.07515],[-98.88252,30.08203],[-98.8845,30.08449],[-98.88068,30.08467],[-98.88068,30.0865],[-98.89591,30.08655],[-98.89842,30.08099],[-98.89823,30.08998],[-98.90951,30.08791],[-98.90185,30.09073],[-98.90363,30.09571],[-98.90034,30.09576],[-98.89823,30.0917],[-98.88952,30.09211],[-98.8946,30.09663],[-98.89468,30.09932],[-98.88761,30.09566],[-98.88642,30.09182],[-98.88325,30.09395],[-98.87975,30.09246],[-98.88293,30.09996],[-98.88795,30.10122],[-98.88009,30.10322],[-98.88293,30.11038],[-98.88082,30.11474],[-98.87924,30.10912],[-98.8764,30.10907],[-98.87844,30.10661],[-98.87713,30.09767],[-98.86967,30.08937],[-98.87032,30.09487],[-98.86643,30.09515],[-98.86274,30.08685],[-98.85772,30.08851],[-98.86102,30.09218],[-98.85653,30.09258],[-98.86504,30.10054],[-98.86359,30.10655],[-98.86169,30.10157],[-98.85655,30.09905],[-98.85568,30.10323],[-98.85146,30.10197],[-98.85397,30.09682],[-98.85107,30.08857],[-98.84803,30.09717],[-98.84664,30.09161],[-98.84426,30.09052],[-98.84486,30.09951],[-98.84255,30.10404],[-98.83965,30.10037],[-98.84136,30.09871],[-98.83938,30.09195],[-98.83529,30.09316],[-98.83537,30.0982],[-98.83285,30.097],[-98.83213,30.10066],[-98.83213,30.0939],[-98.82824,30.09419],[-98.83509,30.08508],[-98.8308,30.0785],[-98.83015,30.08686],[-98.82705,30.08566],[-98.82639,30.08984],[-98.8225,30.08336],[-98.82038,30.08462],[-98.82401,30.0923],[-98.81933,30.09259],[-98.82421,30.09883],[-98.81999,30.09711],[-98.81782,30.0994],[-98.8157,30.0915],[-98.81458,30.09717],[-98.8126,30.09264],[-98.81089,30.09305],[-98.81049,30.09889],[-98.8068,30.09488],[-98.79611,30.09883],[-98.79803,30.09619],[-98.7967,30.09345],[-98.80047,30.09453],[-98.79934,30.09155],[-98.80654,30.08978],[-98.80476,30.08629],[-98.81016,30.0864],[-98.80772,30.08359],[-98.80984,30.07981],[-98.80575,30.07884],[-98.80251,30.08382],[-98.80325,30.07506],[-98.79565,30.08428],[-98.79652,30.07867],[-98.79308,30.07924],[-98.79362,30.0766],[-98.801,30.07454],[-98.801,30.07071],[-98.80918,30.07254],[-98.81228,30.06796],[-98.80067,30.0636],[-98.79711,30.06463],[-98.79598,30.06784],[-98.79316,30.06566],[-98.7882,30.06876],[-98.78664,30.06733],[-98.78902,30.06602],[-98.78771,30.06315],[-98.79345,30.0643],[-98.79404,30.06081],[-98.79734,30.06018],[-98.79293,30.05388],[-98.79444,30.05079],[-98.79958,30.05732],[-98.80453,30.05674],[-98.80578,30.05411],[-98.80149,30.05417],[-98.80183,30.05073],[-98.79859,30.04666],[-98.80282,30.04792],[-98.80618,30.04437],[-98.80572,30.03962],[-98.80341,30.03853],[-98.80091,30.04283],[-98.79827,30.04242],[-98.79972,30.03922],[-98.79569,30.03487],[-98.79966,30.02971],[-98.79174,30.0332],[-98.79279,30.03601],[-98.78535,30.03377],[-98.78581,30.03022],[-98.79037,30.03],[-98.78819,30.02776],[-98.78957,30.02421],[-98.79313,30.02318],[-98.79438,30.02599],[-98.79716,30.02335],[-98.79373,30.01579],[-98.79208,30.01992],[-98.78747,30.0178],[-98.78687,30.02181],[-98.78285,30.019],[-98.78358,30.01527],[-98.77758,30.02146],[-98.78324,30.02238],[-98.78475,30.02535],[-98.78094,30.02575],[-98.78211,30.03125],[-98.77605,30.03555],[-98.77677,30.03807],[-98.78191,30.03406],[-98.78384,30.03606],[-98.78132,30.0387],[-98.79168,30.03933],[-98.78284,30.0411],[-98.78989,30.04523],[-98.78146,30.04477],[-98.77967,30.04849],[-98.79003,30.04826],[-98.78416,30.05233],[-98.78771,30.0592],[-98.78047,30.05468],[-98.78172,30.06035],[-98.77979,30.0635],[-98.77703,30.05845],[-98.77763,30.05353],[-98.77578,30.0529],[-98.77229,30.05479],[-98.77328,30.05668],[-98.76925,30.05736],[-98.77419,30.0612],[-98.76792,30.06091],[-98.77189,30.06235],[-98.77076,30.06481],[-98.77636,30.06619],[-98.77735,30.06825],[-98.77406,30.07145],[-98.78071,30.07861],[-98.7736,30.0746],[-98.77247,30.0706],[-98.77003,30.07019],[-98.77122,30.06882],[-98.76701,30.06567],[-98.76476,30.06595],[-98.76496,30.07036],[-98.76147,30.06412],[-98.75869,30.06566],[-98.76147,30.07047],[-98.76772,30.07248],[-98.77009,30.07924],[-98.77253,30.07747],[-98.77636,30.07919],[-98.77821,30.08428],[-98.77406,30.08325],[-98.77313,30.08783],[-98.77866,30.08583],[-98.78321,30.08761],[-98.77787,30.09139],[-98.78275,30.09156],[-98.78216,30.09574],[-98.78565,30.09975],[-98.78083,30.09826],[-98.77886,30.10244],[-98.77767,30.09608],[-98.77213,30.09104],[-98.77515,30.10518],[-98.77074,30.10375],[-98.76963,30.09734],[-98.7654,30.09825],[-98.76356,30.10346],[-98.76495,30.09081],[-98.76251,30.09063],[-98.76205,30.09298],[-98.75472,30.08605],[-98.75565,30.08387],[-98.75188,30.08233],[-98.75024,30.0853],[-98.75651,30.08989],[-98.75405,30.09172],[-98.75848,30.09745],[-98.75372,30.09979],[-98.75188,30.09401],[-98.74983,30.10002],[-98.74891,30.094],[-98.73922,30.08759],[-98.74575,30.0963],[-98.74587,30.10317],[-98.74383,30.10242],[-98.74264,30.096],[-98.73908,30.09663],[-98.73737,30.09371],[-98.7365,30.09737],[-98.73994,30.10345],[-98.73914,30.10482],[-98.7375,30.10213],[-98.73393,30.10219],[-98.73373,30.1055],[-98.72932,30.10235],[-98.73182,30.10132],[-98.73176,30.0956],[-98.72701,30.098],[-98.72946,30.09095],[-98.72543,30.09009],[-98.72279,30.09238],[-98.72306,30.08551],[-98.72022,30.08608],[-98.71935,30.09278],[-98.72173,30.10143],[-98.71659,30.09404],[-98.71302,30.0945],[-98.71633,30.09266],[-98.71798,30.08722],[-98.70992,30.09208],[-98.70875,30.08997],[-98.70518,30.09197],[-98.70571,30.08996],[-98.70287,30.08859],[-98.70782,30.08773],[-98.70895,30.08641],[-98.70657,30.08452],[-98.71389,30.08482],[-98.71317,30.08109],[-98.70797,30.0812],[-98.71121,30.07697],[-98.71713,30.08064],[-98.72215,30.07801],[-98.7149,30.07749],[-98.71615,30.07359],[-98.71905,30.07342],[-98.71378,30.0717],[-98.71674,30.06683],[-98.70969,30.06557],[-98.71358,30.06363],[-98.71339,30.06059],[-98.70713,30.06265],[-98.70864,30.06024],[-98.70661,30.05841],[-98.70185,30.05978],[-98.71008,30.0725],[-98.70567,30.07295],[-98.70553,30.07095],[-98.69947,30.06831],[-98.69993,30.07364],[-98.70527,30.07668],[-98.70084,30.07673],[-98.69817,30.08202],[-98.69622,30.07667],[-98.69418,30.07649],[-98.69102,30.0817],[-98.69141,30.07809],[-98.68719,30.0786],[-98.69294,30.07082],[-98.68913,30.06337],[-98.68754,30.06858],[-98.68542,30.06904],[-98.68905,30.07208],[-98.68726,30.0754],[-98.68595,30.07225],[-98.68224,30.07356],[-98.68266,30.06949],[-98.6796,30.07464],[-98.67448,30.06834],[-98.67407,30.07395],[-98.67085,30.07297],[-98.67059,30.06759],[-98.66723,30.06644],[-98.66953,30.06387],[-98.66677,30.06203],[-98.66308,30.06443],[-98.66544,30.06902],[-98.65865,30.06752],[-98.66209,30.06197],[-98.65925,30.0611],[-98.66044,30.05882],[-98.66486,30.05882],[-98.6683,30.05047],[-98.6621,30.05143],[-98.66131,30.05561],[-98.65762,30.05234],[-98.65511,30.05606],[-98.65827,30.05807],[-98.65431,30.06316],[-98.65353,30.05669],[-98.65069,30.05972],[-98.64423,30.05455],[-98.65267,30.05336],[-98.64779,30.05141],[-98.6538,30.04982],[-98.65487,30.04426],[-98.64655,30.04769],[-98.64439,30.04305],[-98.64147,30.04567],[-98.64358,30.04963],[-98.63929,30.0538],[-98.63877,30.04733],[-98.63567,30.05002],[-98.6327,30.04801],[-98.63357,30.04572],[-98.62736,30.04709],[-98.62704,30.0448],[-98.63107,30.04388],[-98.6314,30.03856],[-98.63351,30.04372],[-98.63845,30.04355],[-98.6376,30.03897],[-98.645,30.03434],[-98.63728,30.03347],[-98.63834,30.02906],[-98.64269,30.03038],[-98.64217,30.02529],[-98.64593,30.02667],[-98.64364,30.02031],[-98.64883,30.02478],[-98.65141,30.02387],[-98.64928,30.02931],[-98.65635,30.02376],[-98.65537,30.01654],[-98.66459,30.02308],[-98.66486,30.01948],[-98.65624,30.01322],[-98.64945,30.01407],[-98.65281,30.01557],[-98.65299,30.019],[-98.64956,30.02072],[-98.64958,30.01848],[-98.64372,30.01452],[-98.63653,30.01577],[-98.63659,30.01841],[-98.6414,30.01881],[-98.63927,30.02076],[-98.64092,30.02351],[-98.63558,30.02379],[-98.63888,30.02649],[-98.63465,30.02797],[-98.63227,30.03489],[-98.63015,30.03512],[-98.62997,30.02985],[-98.62461,30.03666],[-98.62086,30.03528],[-98.6253,30.02893],[-98.62371,30.0248],[-98.61988,30.0276],[-98.62173,30.02915],[-98.61837,30.02949],[-98.61895,30.03184],[-98.61585,30.03309],[-98.61315,30.03132],[-98.60833,30.03463],[-98.61059,30.02976],[-98.6162,30.02731],[-98.61138,30.0265],[-98.60889,30.02277],[-98.61535,30.02055],[-98.61378,30.01728],[-98.61048,30.01653],[-98.60262,30.02569],[-98.60835,30.02753],[-98.60538,30.0277],[-98.60293,30.0327],[-98.60056,30.02883],[-98.59193,30.03025],[-98.5926,30.02601],[-98.58814,30.02823],[-98.58968,30.03202],[-98.59747,30.03209],[-98.59145,30.03609],[-98.59626,30.03678],[-98.60056,30.03393],[-98.5989,30.03679],[-98.602,30.03657],[-98.59719,30.03914],[-98.5987,30.04211],[-98.59711,30.04389],[-98.59315,30.04514],[-98.59283,30.04016],[-98.58913,30.03975],[-98.5884,30.04416],[-98.5826,30.04117],[-98.58749,30.03969],[-98.58446,30.03642],[-98.57938,30.0391],[-98.58025,30.03183],[-98.57523,30.03812],[-98.57267,30.03239],[-98.57003,30.03347],[-98.56913,30.03003],[-98.5651,30.03008],[-98.56268,30.02424],[-98.56353,30.02175],[-98.56657,30.02178],[-98.56495,30.01542],[-98.56771,30.01399],[-98.56443,30.01055],[-98.56028,30.00963],[-98.56284,30.0133],[-98.56184,30.01633],[-98.55572,30.01385],[-98.55479,30.01683],[-98.54945,30.01808],[-98.54766,30.01725],[-98.54966,30.00943],[-98.53716,30.00471],[-98.53689,30.00683],[-98.54255,30.01016],[-98.5326,30.00922],[-98.5333,30.01352],[-98.5366,30.01513],[-98.53442,30.01662],[-98.53468,30.02046],[-98.52778,30.0099],[-98.52244,30.01195],[-98.52375,30.01487],[-98.52659,30.0146],[-98.52763,30.01952],[-98.52183,30.01894],[-98.51775,30.01543],[-98.51412,30.01691],[-98.51899,30.01847],[-98.51812,30.02122],[-98.52082,30.02208],[-98.51739,30.02482],[-98.52979,30.02348],[-98.52793,30.02674],[-98.52503,30.02541],[-98.52424,30.02782],[-98.52154,30.02775],[-98.52647,30.0304],[-98.52665,30.03458],[-98.51769,30.03215],[-98.50922,30.02429],[-98.51144,30.02979],[-98.50504,30.03161],[-98.50529,30.03516],[-98.51598,30.0337],[-98.51241,30.03569],[-98.51807,30.0388],[-98.51029,30.03912],[-98.5149,30.04062],[-98.51292,30.0448],[-98.51746,30.04544],[-98.51244,30.04703],[-98.50665,30.04513],[-98.51078,30.05012],[-98.5088,30.05206],[-98.50347,30.04959],[-98.49726,30.05095],[-98.49409,30.05672],[-98.50404,30.05509],[-98.5004,30.05743],[-98.50449,30.05875],[-98.50295,30.06568],[-98.50585,30.06872],[-98.49767,30.06555],[-98.49747,30.06864],[-98.49166,30.06955],[-98.49297,30.07361],[-98.50248,30.06997],[-98.50544,30.07382],[-98.50056,30.07392],[-98.50213,30.0757],[-98.50034,30.07781],[-98.50489,30.07937],[-98.50701,30.07525],[-98.51202,30.07572],[-98.51283,30.07109],[-98.50979,30.07177],[-98.50907,30.06902],[-98.51312,30.0645],[-98.50857,30.06512],[-98.50982,30.06238],[-98.50753,30.05859],[-98.51267,30.057],[-98.51057,30.05533],[-98.51255,30.05322],[-98.51644,30.05454],[-98.51554,30.04853],[-98.52049,30.04797],[-98.52375,30.03801],[-98.52744,30.03773],[-98.52637,30.04197],[-98.5286,30.04329],[-98.52616,30.04546],[-98.53077,30.04747],[-98.53112,30.04186],[-98.53533,30.04084],[-98.53028,30.03533],[-98.53759,30.03518],[-98.53345,30.03305],[-98.53794,30.03243],[-98.53544,30.02784],[-98.53684,30.02458],[-98.53941,30.02447],[-98.54209,30.03043],[-98.54723,30.03377],[-98.54974,30.03143],[-98.54369,30.02523],[-98.54626,30.02678],[-98.54659,30.02472],[-98.551,30.0253],[-98.54968,30.02828],[-98.55343,30.03051],[-98.55489,30.02651],[-98.55972,30.02435],[-98.55964,30.02806],[-98.55355,30.03372],[-98.56251,30.03581],[-98.55375,30.0375],[-98.55427,30.04083],[-98.55032,30.03795],[-98.54754,30.04122],[-98.54273,30.03977],[-98.54205,30.04475],[-98.54588,30.04367],[-98.54989,30.04614],[-98.55215,30.04346],[-98.55233,30.04821],[-98.54282,30.05117],[-98.54328,30.05415],[-98.53838,30.05843],[-98.54478,30.05902],[-98.54916,30.05336],[-98.54855,30.0565],[-98.55224,30.05823],[-98.55212,30.05216],[-98.55595,30.04976],[-98.5555,30.04484],[-98.55781,30.04656],[-98.56263,30.0444],[-98.56387,30.04652],[-98.55944,30.04943],[-98.56254,30.05144],[-98.55819,30.05252],[-98.55692,30.05801],[-98.56113,30.05687],[-98.56274,30.05367],[-98.5651,30.05494],[-98.56676,30.05196],[-98.56768,30.05494],[-98.56358,30.05791],[-98.56832,30.05964],[-98.56594,30.06301],[-98.56014,30.0602],[-98.5629,30.06467],[-98.55405,30.06688],[-98.55491,30.07003],[-98.54818,30.06887],[-98.55035,30.07312],[-98.54769,30.07781],[-98.55245,30.07507],[-98.5541,30.07736],[-98.55682,30.07388],[-98.55601,30.07863],[-98.56016,30.07674],[-98.56062,30.08144],[-98.56733,30.08449],[-98.55984,30.07342],[-98.56065,30.07096],[-98.56387,30.07343],[-98.56777,30.06737],[-98.56649,30.07762],[-98.57316,30.07425],[-98.57064,30.08043],[-98.57453,30.07849],[-98.57726,30.06905],[-98.57304,30.06973],[-98.57049,30.06525],[-98.57241,30.06211],[-98.56875,30.04882],[-98.56962,30.04372],[-98.57377,30.04482],[-98.57066,30.04888],[-98.57223,30.05163],[-98.57507,30.04952],[-98.57731,30.05095],[-98.58457,30.04919],[-98.58396,30.05182],[-98.57618,30.05249],[-98.57433,30.05467],[-98.57565,30.05753],[-98.58567,30.05744],[-98.57703,30.05925],[-98.57847,30.06401],[-98.58059,30.06121],[-98.5815,30.06333],[-98.58428,30.06007],[-98.59022,30.06014],[-98.59049,30.0563],[-98.59405,30.05791],[-98.59589,30.05488],[-98.59406,30.05018],[-98.59847,30.05299],[-98.60006,30.0475],[-98.60496,30.04447],[-98.60157,30.05288],[-98.60737,30.0545],[-98.60072,30.05535],[-98.59475,30.0629],[-98.58518,30.06626],[-98.58558,30.06803],[-98.59165,30.06736],[-98.58385,30.07004],[-98.58556,30.07238],[-98.58292,30.07639],[-98.58569,30.07811],[-98.5882,30.07577],[-98.59011,30.07772],[-98.58283,30.08738],[-98.58468,30.08785],[-98.59379,30.08397],[-98.59248,30.08036],[-98.59623,30.08151],[-98.59724,30.07453],[-98.59861,30.07653],[-98.60113,30.07482],[-98.59727,30.08655],[-98.59919,30.08833],[-98.59534,30.09153],[-98.60029,30.094],[-98.60328,30.08799],[-98.60183,30.08398],[-98.60343,30.07917],[-98.60362,30.08376],[-98.60578,30.08445],[-98.61201,30.07661],[-98.60903,30.07638],[-98.60911,30.07357],[-98.61366,30.07352],[-98.61347,30.07043],[-98.60847,30.06681],[-98.6142,30.06218],[-98.61065,30.05983],[-98.61488,30.05972],[-98.61626,30.05692],[-98.61245,30.05182],[-98.61753,30.05412],[-98.62222,30.04685],[-98.62247,30.0508],[-98.61916,30.05572],[-98.62444,30.05499],[-98.61982,30.05899],[-98.62476,30.0598],[-98.61942,30.06299],[-98.61868,30.06975],[-98.62324,30.0693],[-98.62415,30.06655],[-98.62858,30.06696],[-98.63387,30.05981],[-98.63624,30.0609],[-98.6359,30.06542],[-98.63253,30.07103],[-98.63503,30.07287],[-98.6293,30.07143],[-98.6289,30.07355],[-98.62421,30.07474],[-98.62612,30.07686],[-98.61965,30.07829],[-98.62261,30.08299],[-98.6199,30.08533],[-98.61713,30.08418],[-98.61739,30.08664],[-98.61231,30.08967],[-98.61337,30.09173],[-98.61785,30.08939],[-98.61962,30.09071],[-98.61692,30.09294],[-98.61929,30.09587],[-98.61401,30.09706],[-98.61466,30.09953],[-98.62225,30.09828],[-98.62583,30.08471],[-98.62788,30.0878],[-98.63349,30.08243],[-98.63647,30.08152],[-98.63764,30.08335],[-98.64347,30.07242],[-98.64907,30.07306],[-98.64187,30.08141],[-98.6428,30.08382],[-98.64014,30.08691],[-98.63381,30.08759],[-98.62925,30.09256],[-98.62692,30.1043],[-98.63412,30.10408],[-98.63636,30.10191],[-98.63827,30.10471],[-98.6396,30.10225],[-98.64216,30.1034],[-98.64323,30.10151],[-98.64079,30.10088],[-98.64263,30.09825],[-98.64487,30.09917],[-98.64521,30.09413],[-98.64692,30.09671],[-98.65081,30.09626],[-98.64817,30.09877],[-98.64684,30.1065],[-98.66064,30.10446],[-98.65986,30.09615],[-98.65624,30.09008],[-98.66,30.08648],[-98.6598,30.09255],[-98.66401,30.10057],[-98.66573,30.09485],[-98.66744,30.09702],[-98.67062,30.09245],[-98.6697,30.08924],[-98.67616,30.08867],[-98.67649,30.08609],[-98.67794,30.08873],[-98.67628,30.09417],[-98.67852,30.09629],[-98.67225,30.09823],[-98.67608,30.10282],[-98.6702,30.10167],[-98.67052,30.10448],[-98.66757,30.10441],[-98.66697,30.10699],[-98.67342,30.10877],[-98.68426,30.10265],[-98.68404,30.10786],[-98.68873,30.10942],[-98.68873,30.11171],[-98.68543,30.1101],[-98.67519,30.1137],[-98.67545,30.11919],[-98.67309,30.11495],[-98.6717,30.11678],[-98.66576,30.11546],[-98.66215,30.1099],[-98.66262,30.11357],[-98.65943,30.11345],[-98.65975,30.11585],[-98.66846,30.11987],[-98.66067,30.11883],[-98.66331,30.12388],[-98.65789,30.12255],[-98.65829,30.12765],[-98.65408,30.11607],[-98.64597,30.11486],[-98.65136,30.12289],[-98.65154,30.13113],[-98.64825,30.13182],[-98.64581,30.12878],[-98.64799,30.12552],[-98.64384,30.12608],[-98.64635,30.12196],[-98.64318,30.1199],[-98.63949,30.12247],[-98.63758,30.12018],[-98.63863,30.1164],[-98.63468,30.11851],[-98.63486,30.12424],[-98.63282,30.12618],[-98.63453,30.13134],[-98.63043,30.13168],[-98.63195,30.1291],[-98.63018,30.12664],[-98.6247,30.12777],[-98.62893,30.12469],[-98.62736,30.12033],[-98.622,30.1241],[-98.62061,30.12038],[-98.62327,30.1154],[-98.61634,30.11384],[-98.61483,30.11596],[-98.61785,30.11871],[-98.60876,30.1163],[-98.6168,30.1214],[-98.61659,30.12427],[-98.60966,30.12156],[-98.61724,30.12799],[-98.61236,30.12833],[-98.60418,30.12339],[-98.60636,30.12574],[-98.60213,30.12533],[-98.60194,30.12791],[-98.60879,30.1321],[-98.60331,30.13117],[-98.60502,30.13461],[-98.60165,30.13701],[-98.59501,30.12246],[-98.59271,30.12325],[-98.59196,30.12869],[-98.58987,30.12342],[-98.58729,30.12416],[-98.58299,30.1316],[-98.58028,30.12781],[-98.5826,30.12621],[-98.58215,30.12335],[-98.57351,30.1195],[-98.57304,30.12316],[-98.57806,30.12386],[-98.57645,30.127],[-98.57922,30.13451],[-98.56974,30.12544],[-98.56709,30.12733],[-98.57479,30.13358],[-98.57735,30.14046],[-98.5736,30.13771],[-98.57049,30.14056],[-98.5676,30.13512],[-98.56277,30.14261],[-98.56171,30.1386],[-98.55792,30.13997],[-98.56173,30.13373],[-98.55499,30.13595],[-98.55546,30.13246],[-98.55097,30.13142],[-98.54839,30.1333],[-98.54644,30.1286],[-98.54823,30.12505],[-98.54533,30.12368],[-98.5415,30.12665],[-98.54005,30.12412],[-98.53674,30.12772],[-98.54549,30.13175],[-98.54199,30.13799],[-98.55209,30.13846],[-98.54711,30.1428],[-98.55154,30.14453],[-98.55299,30.14305],[-98.55344,30.14603],[-98.55747,30.14741],[-98.5535,30.1486],[-98.55343,30.15072],[-98.55212,30.14792],[-98.54757,30.14945],[-98.54084,30.14497],[-98.54505,30.153],[-98.53898,30.14903],[-98.53693,30.15155],[-98.53159,30.14959],[-98.53437,30.14862],[-98.5332,30.1426],[-98.52982,30.14494],[-98.5223,30.14378],[-98.5279,30.14746],[-98.52538,30.14814],[-98.5205,30.14796],[-98.51617,30.14411],[-98.51383,30.14811],[-98.51891,30.14933],[-98.51923,30.15248],[-98.52195,30.14996],[-98.52221,30.15157],[-98.52677,30.15083],[-98.52406,30.15341],[-98.52735,30.15553],[-98.52313,30.15581],[-98.52648,30.1592],[-98.52479,30.16078],[-98.51844,30.15585],[-98.51717,30.15992],[-98.51171,30.15355],[-98.51499,30.15991],[-98.51267,30.16111],[-98.51458,30.16318],[-98.5122,30.16369],[-98.50726,30.16224],[-98.51057,30.1599],[-98.50562,30.15611],[-98.50112,30.1632],[-98.49868,30.16331],[-98.50074,30.15673],[-98.49897,30.15495],[-98.50101,30.15284],[-98.49746,30.15054],[-98.50182,30.14728],[-98.49972,30.14573],[-98.49535,30.14784],[-98.49444,30.15133],[-98.49192,30.15018],[-98.49145,30.15333],[-98.48901,30.15355],[-98.48698,30.14988],[-98.48347,30.15228],[-98.48563,30.15486],[-98.49532,30.15689],[-98.49407,30.15923],[-98.48873,30.15802],[-98.49168,30.16404],[-98.48713,30.16225],[-98.48556,30.15835],[-98.48183,30.16418],[-98.48074,30.16052],[-98.47822,30.16245],[-98.47637,30.16039],[-98.47764,30.15759],[-98.46992,30.15906],[-98.46999,30.15539],[-98.46543,30.15572],[-98.46572,30.15057],[-98.45852,30.15009],[-98.45734,30.14819],[-98.45522,30.15031],[-98.44917,30.14548],[-98.44889,30.14863],[-98.44323,30.14575],[-98.44704,30.15063],[-98.44544,30.15423],[-98.43885,30.14951],[-98.43595,30.15019],[-98.4342,30.14486],[-98.43134,30.14732],[-98.42864,30.14479],[-98.42364,30.14472],[-98.41897,30.1388],[-98.42023,30.13612],[-98.41628,30.13393],[-98.4108,30.13557],[-98.41567,30.13833],[-98.41566,30.1408],[-98.40575,30.14151],[-98.40951,30.1441],[-98.40806,30.14587],[-98.41142,30.14668],[-98.41479,30.14326],[-98.4163,30.1463],[-98.41842,30.14293],[-98.41967,30.14533],[-98.4269,30.14737],[-98.41795,30.14854],[-98.41938,30.15215],[-98.41503,30.15053],[-98.41686,30.15283],[-98.41534,30.15569],[-98.41245,30.15155],[-98.41024,30.15444],[-98.40749,30.15286],[-98.40708,30.15623],[-98.40279,30.15656],[-98.40496,30.15937],[-98.41196,30.15745],[-98.40806,30.16105],[-98.41314,30.16123],[-98.41233,30.16358],[-98.40229,30.16601],[-98.40598,30.16688],[-98.39736,30.17653],[-98.40357,30.17334],[-98.40607,30.17553],[-98.40933,30.17233],[-98.41209,30.17641],[-98.41454,30.17149],[-98.41138,30.16993],[-98.41239,30.16679],[-98.41555,30.16754],[-98.41648,30.16445],[-98.4192,30.16543],[-98.41879,30.16835],[-98.42091,30.16647],[-98.42013,30.16183],[-98.41656,30.1621],[-98.41592,30.15872],[-98.42109,30.1537],[-98.42895,30.15258],[-98.4212,30.15839],[-98.42648,30.15853],[-98.42483,30.16024],[-98.4264,30.16225],[-98.42944,30.1614],[-98.42945,30.15722],[-98.43176,30.15889],[-98.43137,30.15522],[-98.43447,30.15666],[-98.43508,30.15277],[-98.43713,30.15283],[-98.43804,30.15724],[-98.44108,30.15605],[-98.43856,30.15994],[-98.43585,30.15993],[-98.43809,30.162],[-98.43615,30.16646],[-98.44318,30.15646],[-98.44959,30.15367],[-98.45181,30.15387],[-98.44614,30.1583],[-98.44422,30.16305],[-98.45995,30.15742],[-98.45306,30.16301],[-98.45927,30.16309],[-98.4576,30.16612],[-98.44758,30.16552],[-98.44685,30.16741],[-98.45185,30.17011],[-98.44082,30.17146],[-98.44991,30.17486],[-98.46864,30.16461],[-98.47219,30.16765],[-98.46644,30.16941],[-98.46728,30.17325],[-98.45361,30.17762],[-98.4577,30.17866],[-98.46847,30.17583],[-98.46648,30.17725],[-98.46859,30.17932],[-98.4643,30.17834],[-98.45893,30.18165],[-98.45905,30.18382],[-98.45609,30.18123],[-98.4522,30.18317],[-98.44686,30.18052],[-98.44921,30.18465],[-98.44769,30.18648],[-98.43934,30.1797],[-98.43879,30.18388],[-98.44228,30.18435],[-98.44314,30.18692],[-98.43852,30.18725],[-98.43937,30.18909],[-98.4342,30.19222],[-98.43896,30.19178],[-98.43525,30.19526],[-98.43623,30.19664],[-98.44465,30.18997],[-98.44375,30.19769],[-98.44755,30.19054],[-98.44706,30.19472],[-98.45069,30.19571],[-98.45231,30.18873],[-98.45481,30.18999],[-98.45562,30.1873],[-98.45818,30.18852],[-98.45779,30.19069],[-98.46088,30.19093],[-98.46513,30.18464],[-98.46491,30.19042],[-98.47007,30.18952],[-98.4708,30.18597],[-98.47198,30.18833],[-98.47489,30.18816],[-98.47422,30.19182],[-98.47263,30.1901],[-98.46906,30.19169],[-98.47103,30.19469],[-98.46662,30.19283],[-98.45696,30.19635],[-98.46667,30.19782],[-98.46488,30.19987],[-98.46911,30.19977],[-98.46606,30.20194],[-98.4686,30.2027],[-98.46507,30.20365],[-98.45939,30.20106],[-98.46162,30.20536],[-98.45562,30.20237],[-98.45199,30.20413],[-98.45799,30.20655],[-98.45197,30.20842],[-98.45295,30.21066],[-98.4589,30.20799],[-98.4616,30.20914],[-98.45763,30.2117],[-98.45928,30.21211],[-98.46577,30.20766],[-98.47396,30.20688],[-98.46795,30.20841],[-98.46735,30.21087],[-98.47044,30.21335],[-98.4649,30.21385],[-98.46587,30.2178],[-98.46185,30.21573],[-98.46191,30.21784],[-98.45742,30.21749],[-98.45622,30.21955],[-98.45042,30.21644],[-98.45278,30.2212],[-98.44683,30.22141],[-98.45039,30.22457],[-98.45931,30.22082],[-98.4685,30.2217],[-98.47036,30.2169],[-98.48483,30.21445],[-98.48823,30.20938],[-98.48255,30.20799],[-98.47913,30.20203],[-98.48231,30.20049],[-98.48252,30.19591],[-98.48008,30.19528],[-98.48174,30.19259],[-98.479,30.18531],[-98.48232,30.18307],[-98.48164,30.18572],[-98.48487,30.18607],[-98.48679,30.18218],[-98.48569,30.17651],[-98.48774,30.17737],[-98.49046,30.17457],[-98.48698,30.16832],[-98.49345,30.16856],[-98.49395,30.17355],[-98.49714,30.16961],[-98.49888,30.17952],[-98.5037,30.18136],[-98.50517,30.17919],[-98.50179,30.17821],[-98.50558,30.17449],[-98.50295,30.16893],[-98.50603,30.17175],[-98.50986,30.17107],[-98.51075,30.16695],[-98.5126,30.16689],[-98.51403,30.17068],[-98.51655,30.17069],[-98.51972,30.1676],[-98.51722,30.1653],[-98.52,30.16336],[-98.52343,30.16463],[-98.5248,30.16864],[-98.52613,30.16366],[-98.53214,30.1615],[-98.53111,30.15731],[-98.53355,30.15858],[-98.53422,30.15452],[-98.53678,30.15613],[-98.53904,30.15367],[-98.53968,30.15699],[-98.54226,30.15516],[-98.54649,30.15804],[-98.54365,30.15866],[-98.54536,30.16039],[-98.53999,30.16518],[-98.54626,30.168],[-98.55082,30.16561],[-98.55245,30.17185],[-98.55839,30.17232],[-98.56094,30.18161],[-98.56365,30.18064],[-98.56168,30.17262],[-98.56617,30.1744],[-98.5704,30.17842],[-98.56971,30.18351],[-98.57241,30.18644],[-98.57499,30.18501],[-98.57455,30.18083],[-98.57185,30.17659],[-98.56861,30.17664],[-98.56843,30.17166],[-98.56335,30.16907],[-98.56487,30.16495],[-98.55531,30.16556],[-98.55618,30.16298],[-98.55209,30.1616],[-98.55705,30.15915],[-98.55613,30.15565],[-98.55982,30.1556],[-98.56089,30.15286],[-98.5647,30.15601],[-98.56445,30.15326],[-98.56782,30.15167],[-98.56419,30.15046],[-98.56406,30.14782],[-98.5691,30.1436],[-98.57351,30.14618],[-98.58395,30.14448],[-98.58738,30.14122],[-98.59113,30.14713],[-98.58669,30.15027],[-98.58808,30.15228],[-98.59568,30.14766],[-98.59589,30.14135],[-98.60236,30.14297],[-98.60508,30.13862],[-98.60824,30.14018],[-98.6157,30.13641],[-98.61689,30.13898],[-98.61298,30.14093],[-98.61318,30.14304],[-98.61806,30.1438],[-98.62168,30.14781],[-98.62032,30.13361],[-98.62362,30.14088],[-98.6258,30.13986],[-98.62882,30.14336],[-98.63418,30.13827],[-98.63892,30.14056],[-98.63258,30.14537],[-98.63508,30.14967],[-98.63541,30.14486],[-98.63792,30.14692],[-98.64315,30.1432],[-98.64486,30.14602],[-98.6475,30.14327],[-98.6477,30.14619],[-98.65264,30.14299],[-98.65389,30.14545],[-98.65092,30.14848],[-98.64452,30.14916],[-98.64365,30.15283],[-98.64715,30.15426],[-98.64114,30.15746],[-98.64034,30.16021],[-98.64588,30.16211],[-98.64416,30.16737],[-98.64693,30.16806],[-98.64883,30.17265],[-98.65128,30.17214],[-98.65083,30.16893],[-98.65637,30.16922],[-98.64957,30.16406],[-98.64761,30.15919],[-98.64919,30.15518],[-98.65196,30.16166],[-98.6573,30.16247],[-98.66015,30.15674],[-98.661,30.16201],[-98.66338,30.15795],[-98.66654,30.16242],[-98.66846,30.15584],[-98.6661,30.15412],[-98.66985,30.15172],[-98.66822,30.14645],[-98.67223,30.1508],[-98.67634,30.14777],[-98.67257,30.15355],[-98.67454,30.15516],[-98.67289,30.15951],[-98.67962,30.15465],[-98.67625,30.16272],[-98.67307,30.16375],[-98.67413,30.16621],[-98.67776,30.16318],[-98.6845,30.16261],[-98.68575,30.16622],[-98.6901,30.16354],[-98.69367,30.16909],[-98.69961,30.16297],[-98.70205,30.16429],[-98.7049,30.16121],[-98.69869,30.15679],[-98.69474,30.15936],[-98.69256,30.15718],[-98.69381,30.15506],[-98.69158,30.15065],[-98.69601,30.14768],[-98.69442,30.14476],[-98.69,30.14418],[-98.69759,30.14212],[-98.68922,30.13948],[-98.68475,30.12928],[-98.68745,30.12849],[-98.68995,30.13336],[-98.69299,30.13256],[-98.6937,30.13571],[-98.70063,30.13738],[-98.69973,30.12552],[-98.70243,30.13022],[-98.70618,30.13097],[-98.70428,30.13211],[-98.70664,30.13532],[-98.7118,30.13492],[-98.7075,30.13939],[-98.71528,30.14117],[-98.71629,30.13332],[-98.7112,30.13034],[-98.71253,30.12679],[-98.70864,30.1265],[-98.71049,30.12456],[-98.70799,30.12112],[-98.71233,30.11763],[-98.7114,30.1233],[-98.71662,30.12256],[-98.71972,30.12863],[-98.7227,30.12795],[-98.72224,30.12445],[-98.7248,30.12548],[-98.72672,30.12354],[-98.72204,30.11168],[-98.7322,30.12165],[-98.74111,30.11078],[-98.74316,30.11296],[-98.73998,30.11393],[-98.73722,30.11931],[-98.73893,30.12263],[-98.73556,30.1224],[-98.73695,30.12613],[-98.7306,30.13271],[-98.7333,30.13397],[-98.73125,30.13632],[-98.73429,30.14021],[-98.73727,30.14096],[-98.73634,30.13815],[-98.73872,30.13535],[-98.73653,30.13368],[-98.74203,30.1287],[-98.74354,30.13443],[-98.74842,30.13455],[-98.74731,30.13083],[-98.74928,30.12922],[-98.74737,30.12716],[-98.74947,30.12711],[-98.74671,30.12155],[-98.74949,30.11749],[-98.7508,30.12705],[-98.75304,30.12791],[-98.75185,30.13077],[-98.75543,30.12677],[-98.75938,30.12711],[-98.76255,30.11795],[-98.76551,30.127],[-98.76315,30.12837],[-98.76366,30.13084],[-98.75964,30.13175],[-98.76194,30.13433],[-98.75858,30.13433],[-98.75614,30.13725],[-98.76228,30.13874],[-98.75132,30.14412],[-98.75726,30.14945],[-98.75686,30.14509],[-98.76135,30.1451],[-98.7624,30.14739],[-98.76347,30.1412],[-98.76722,30.14212],[-98.76782,30.13777],[-98.77125,30.14018],[-98.77468,30.13943],[-98.76807,30.1475],[-98.77197,30.14842],[-98.77329,30.14418],[-98.77639,30.14304],[-98.77811,30.14676],[-98.78101,30.14728],[-98.7795,30.14344],[-98.78359,30.14373],[-98.7857,30.14098],[-98.78095,30.13926],[-98.7832,30.13783],[-98.77831,30.13125],[-98.78155,30.13273],[-98.7828,30.13062],[-98.78703,30.13491],[-98.78893,30.13411],[-98.78802,30.1364],[-98.79203,30.14081],[-98.79177,30.13789],[-98.79369,30.13743],[-98.79145,30.1344],[-98.79415,30.13417],[-98.79739,30.14035],[-98.79969,30.13967],[-98.79765,30.13222],[-98.78867,30.12753],[-98.79165,30.12466],[-98.80386,30.13039],[-98.80386,30.13692],[-98.80821,30.14093],[-98.80676,30.13589],[-98.81243,30.13263],[-98.80959,30.13177],[-98.80993,30.12679],[-98.80471,30.12197],[-98.81098,30.12524],[-98.81541,30.12106],[-98.80848,30.11189],[-98.81533,30.11711],[-98.81831,30.11654],[-98.81956,30.10457],[-98.82081,30.11006],[-98.82543,30.10915],[-98.8222,30.11213],[-98.8218,30.1159],[-98.82365,30.11631],[-98.82206,30.1198],[-98.82926,30.11905],[-98.83183,30.11453],[-98.83369,30.11522],[-98.83262,30.11751],[-98.8381,30.1186],[-98.84522,30.11424],[-98.84741,30.1155],[-98.83889,30.12386],[-98.82833,30.12364],[-98.82418,30.12621],[-98.82378,30.12914],[-98.83389,30.13297],[-98.83654,30.13047],[-98.84054,30.13383],[-98.83653,30.13526],[-98.83619,30.13813],[-98.83032,30.13652],[-98.82734,30.1387],[-98.82722,30.1407],[-98.83242,30.14013],[-98.83216,30.14288],[-98.83389,30.14042],[-98.83843,30.14173],[-98.84536,30.13709],[-98.84615,30.13961],[-98.85143,30.14042],[-98.83633,30.14941],[-98.8449,30.15204],[-98.84927,30.14837],[-98.85072,30.15078],[-98.848,30.15513],[-98.84042,30.15725],[-98.843,30.16264],[-98.83778,30.16052],[-98.83176,30.16533],[-98.82813,30.1659],[-98.82668,30.16321],[-98.82214,30.16642],[-98.81876,30.1659],[-98.81606,30.16893],[-98.81686,30.17249],[-98.80424,30.17741],[-98.80926,30.18474],[-98.80866,30.18073],[-98.81348,30.18302],[-98.81599,30.18176],[-98.81652,30.17804],[-98.81942,30.17672],[-98.81803,30.17363],[-98.82807,30.17157],[-98.82372,30.17495],[-98.82385,30.18228],[-98.82061,30.18554],[-98.82589,30.18726],[-98.82478,30.18371],[-98.83025,30.18016],[-98.83454,30.1734],[-98.83863,30.17478],[-98.84194,30.17077],[-98.84155,30.17758],[-98.84353,30.17311],[-98.84617,30.17272],[-98.84444,30.16916],[-98.84861,30.16905],[-98.8496,30.17186],[-98.85395,30.17088],[-98.85224,30.16853],[-98.86056,30.16452],[-98.85818,30.1588],[-98.85307,30.16161],[-98.85796,30.14826],[-98.86094,30.1478],[-98.85745,30.15484],[-98.86173,30.15662],[-98.86431,30.15513],[-98.86424,30.15181],[-98.87078,30.15249],[-98.87112,30.15862],[-98.86868,30.16137],[-98.87064,30.16251],[-98.87441,30.16005],[-98.87487,30.15604],[-98.87223,30.14791],[-98.87394,30.14688],[-98.87685,30.15009],[-98.87942,30.14768],[-98.87916,30.15587],[-98.88549,30.15111],[-98.88635,30.14687],[-98.8894,30.15048],[-98.88438,30.15478],[-98.88616,30.15747],[-98.88187,30.1585],[-98.88207,30.16074],[-98.8857,30.16068],[-98.88306,30.16468],[-98.89553,30.16061],[-98.89658,30.15838],[-98.89884,30.16044],[-98.89837,30.16457],[-98.89251,30.16629],[-98.89838,30.16817],[-98.89527,30.16886],[-98.89733,30.1731],[-98.89237,30.17064],[-98.88485,30.17144],[-98.88683,30.17614],[-98.89668,30.17843],[-98.88638,30.18107],[-98.89159,30.18696],[-98.88644,30.18868],[-98.88558,30.19132],[-98.88981,30.19189],[-98.89548,30.18776],[-98.89634,30.18444],[-98.90057,30.18661],[-98.90162,30.18398],[-98.90565,30.18329],[-98.90209,30.19199],[-98.90725,30.1905],[-98.90876,30.18575],[-98.91049,30.18815],[-98.91438,30.18792],[-98.91648,30.185],[-98.91226,30.18036],[-98.92077,30.1815],[-98.92329,30.18728],[-98.92698,30.18688],[-98.9244,30.18293],[-98.92553,30.17915],[-98.91866,30.17858],[-98.91793,30.17532],[-98.91303,30.174],[-98.91694,30.17034],[-98.92248,30.16971],[-98.92393,30.1626],[-98.9199,30.16289],[-98.91818,30.16553],[-98.91395,30.16438],[-98.91172,30.16748],[-98.90986,30.16456],[-98.91705,30.15814],[-98.91428,30.1574],[-98.91335,30.15385],[-98.90728,30.15511],[-98.90865,30.14795],[-98.90272,30.14515],[-98.89921,30.13742],[-98.90225,30.1365],[-98.90548,30.12762],[-98.90575,30.13896],[-98.90891,30.14051],[-98.91229,30.13862],[-98.91117,30.14234],[-98.91526,30.14285],[-98.92014,30.14846],[-98.9231,30.14313],[-98.92132,30.13884],[-98.9235,30.13477],[-98.92602,30.1405],[-98.93156,30.13511],[-98.92971,30.13975],[-98.93235,30.14186],[-98.92985,30.14284],[-98.9311,30.14799],[-98.92872,30.14845],[-98.9288,30.15218],[-98.92992,30.15418],[-98.93441,30.15274],[-98.93626,30.15727],[-98.93473,30.15005],[-98.93902,30.14948],[-98.93789,30.14547],[-98.94654,30.14861],[-98.94389,30.1375],[-98.95017,30.14145],[-98.95373,30.13606],[-98.95187,30.13234],[-98.95695,30.13308],[-98.95536,30.12512],[-98.95911,30.11824],[-98.96354,30.12511],[-98.96217,30.1301],[-98.96594,30.13267],[-98.98162,30.12744],[-98.97933,30.13277],[-98.96685,30.13576],[-98.96395,30.13932],[-98.96369,30.14126],[-98.97064,30.14532],[-98.96641,30.1443],[-98.96166,30.14802],[-98.96986,30.15271],[-98.96214,30.153],[-98.9595,30.15822],[-98.95705,30.1553],[-98.95112,30.16292],[-98.95666,30.16217],[-98.95687,30.17048],[-98.96227,30.16354],[-98.96374,30.16869],[-98.97172,30.16445],[-98.9718,30.16829],[-98.96493,30.17505],[-98.97662,30.17481],[-98.97431,30.17802],[-98.97718,30.17953],[-98.96923,30.18043],[-98.97399,30.18609],[-98.97973,30.1846],[-98.98106,30.18173],[-98.98574,30.1843],[-98.98455,30.18104],[-98.98699,30.17858],[-98.98283,30.1768],[-98.98422,30.17411],[-98.98156,30.17183],[-98.98982,30.17388],[-98.9914,30.16958],[-98.98902,30.16941],[-98.98537,30.1622],[-98.99152,30.16483],[-98.99456,30.16316],[-98.99502,30.16797],[-98.99859,30.16808],[-99.00051,30.17346],[-99.00248,30.16699],[-99.00968,30.16738],[-99.00961,30.16475],[-99.00727,30.16459],[-99.00881,30.16211],[-99.00439,30.16149],[-99.00768,30.15753],[-98.99902,30.14958],[-99.00059,30.1442],[-99.00372,30.15084],[-99.00622,30.15163],[-99.00793,30.14877],[-99.01084,30.15587],[-99.01429,30.15873],[-99.01858,30.15815],[-99.01969,30.15322],[-99.01354,30.14767],[-99.01728,30.13788],[-99.01034,30.13353],[-99.0149,30.13433],[-99.02049,30.12665],[-99.01879,30.13593],[-99.02311,30.14479],[-99.02647,30.14147],[-99.02718,30.13597],[-99.03272,30.13533],[-99.03489,30.13258],[-99.03022,30.14009],[-99.03063,30.1461],[-99.02859,30.14845],[-99.03044,30.14988],[-99.04086,30.14706],[-99.03974,30.14523],[-99.04296,30.14396],[-99.04217,30.13955],[-99.04528,30.14505],[-99.04943,30.14069],[-99.05161,30.14423],[-99.0582,30.14342],[-99.06374,30.13894],[-99.06492,30.1343],[-99.06664,30.13854],[-99.06007,30.14788],[-99.06852,30.14936],[-99.07465,30.14523],[-99.07533,30.15009],[-99.07124,30.15004],[-99.07104,30.15348],[-99.05579,30.15116],[-99.06123,30.15951],[-99.05561,30.15814],[-99.05282,30.15231],[-99.03976,30.15668],[-99.03884,30.1588],[-99.04815,30.1624],[-99.05094,30.16869],[-99.04261,30.16149],[-99.04136,30.16344],[-99.03079,30.16025],[-99.03054,30.16374],[-99.03661,30.16946],[-99.02776,30.16615],[-99.02738,30.17194],[-99.0297,30.17371],[-99.02139,30.17721],[-99.0301,30.17789],[-99.03808,30.17507],[-99.03902,30.18005],[-99.03004,30.18207],[-99.0286,30.18602],[-99.04307,30.18898],[-99.03449,30.19094],[-99.02373,30.1976],[-99.02274,30.1933],[-99.01917,30.19142],[-99.01766,30.19566],[-99.02355,30.20287],[-99.0339,30.19512],[-99.04929,30.1959],[-99.04453,30.19877],[-99.04475,30.20215],[-99.04058,30.20324],[-99.04681,30.20667],[-99.04093,30.21097],[-99.04952,30.21142],[-99.05141,30.20271],[-99.05888,30.20121],[-99.05705,30.20671],[-99.05865,30.21758],[-99.06484,30.21105],[-99.06431,30.20812],[-99.0733,30.21298],[-99.076,30.20736],[-99.07401,30.20702],[-99.07513,30.20209],[-99.07188,30.1982],[-99.07591,30.19837],[-99.0771,30.19631],[-99.07134,30.19397],[-99.07583,30.19264],[-99.07331,30.18887],[-99.07841,30.19321],[-99.08329,30.1916],[-99.08231,30.19836],[-99.08649,30.20459],[-99.0868,30.20035],[-99.09109,30.19811],[-99.0928,30.19375],[-99.09525,30.19913],[-99.0973,30.19873],[-99.09847,30.18996],[-99.10157,30.19082],[-99.10284,30.19442],[-99.10712,30.19321],[-99.10697,30.18725],[-99.11001,30.1837],[-99.104,30.18296],[-99.10616,30.17884],[-99.09969,30.17805],[-99.09849,30.17547],[-99.10793,30.17523],[-99.11193,30.1664],[-99.11367,30.1708],[-99.1119,30.17642],[-99.11553,30.18008],[-99.11489,30.18214],[-99.12009,30.18075],[-99.11733,30.18511],[-99.11926,30.18814],[-99.13374,30.19183],[-99.13886,30.18426],[-99.13854,30.1897],[-99.141,30.19193],[-99.13499,30.19206],[-99.12959,30.19602],[-99.11756,30.19576],[-99.11706,30.20006],[-99.12295,30.20572],[-99.11164,30.20328],[-99.10491,30.20638],[-99.10896,30.20964],[-99.10731,30.21233],[-99.11121,30.21599],[-99.10619,30.21652],[-99.1031,30.21406],[-99.10331,30.22036],[-99.09638,30.22227],[-99.09455,30.23006],[-99.10009,30.22558],[-99.10273,30.22804],[-99.10577,30.22597],[-99.11033,30.22756],[-99.11514,30.224],[-99.11713,30.22709],[-99.12247,30.22387],[-99.12051,30.23046],[-99.12698,30.22896],[-99.11953,30.23487],[-99.13064,30.23731],[-99.13828,30.23254],[-99.13586,30.23707],[-99.14056,30.24147],[-99.14207,30.23677],[-99.14657,30.24059],[-99.14875,30.23956],[-99.14593,30.22685],[-99.14758,30.22605],[-99.15183,30.23382],[-99.15676,30.22797],[-99.15467,30.23411],[-99.15647,30.23857],[-99.15312,30.24436],[-99.15815,30.24692],[-99.16494,30.2429],[-99.16499,30.2366],[-99.16934,30.23172],[-99.17211,30.23166],[-99.17361,30.22655],[-99.17831,30.22918],[-99.1851,30.22406],[-99.18603,30.22749],[-99.19448,30.22713],[-99.18174,30.23037],[-99.18388,30.23689],[-99.19062,30.23676],[-99.18461,30.23849],[-99.17596,30.23594],[-99.17339,30.24093],[-99.17396,30.25284],[-99.17153,30.25479],[-99.17358,30.25696],[-99.17899,30.25689],[-99.17848,30.26038],[-99.18607,30.25762],[-99.18688,30.26317],[-99.20493,30.26747],[-99.18874,30.2658],[-99.17527,30.26721],[-99.16369,30.26146],[-99.16264,30.26318],[-99.16642,30.26953],[-99.16427,30.27886],[-99.16039,30.26645],[-99.15339,30.26326],[-99.15072,30.25742],[-99.14179,30.25744],[-99.14346,30.26093],[-99.14103,30.26638],[-99.14253,30.27989],[-99.14033,30.27451],[-99.13512,30.27744],[-99.13781,30.2724],[-99.1349,30.26937],[-99.13641,30.26479],[-99.13189,30.25552],[-99.12647,30.25645],[-99.12362,30.25336],[-99.12682,30.26297],[-99.12284,30.26104],[-99.12022,30.26333],[-99.11981,30.25892],[-99.11657,30.25916],[-99.11239,30.25562],[-99.11051,30.27097],[-99.10684,30.27544],[-99.10786,30.26462],[-99.10493,30.25861],[-99.10235,30.2585],[-99.09933,30.26401],[-99.09832,30.25857],[-99.09384,30.26007],[-99.09141,30.2642],[-99.09267,30.27227],[-99.08918,30.2744],[-99.08936,30.26844],[-99.08363,30.27057],[-99.08572,30.2657],[-99.08044,30.26519],[-99.08373,30.26221],[-99.08175,30.25969],[-99.08306,30.2562],[-99.07652,30.25695],[-99.07499,30.25129],[-99.07307,30.25186],[-99.07249,30.25959],[-99.06596,30.26081],[-99.06426,30.2589],[-99.06753,30.25439],[-99.06191,30.25623],[-99.05946,30.24891],[-99.06117,30.24553],[-99.05672,30.24525],[-99.05569,30.25275],[-99.04664,30.25139],[-99.04316,30.25873],[-99.04389,30.26199],[-99.05253,30.25894],[-99.05512,30.2602],[-99.04984,30.26479],[-99.04873,30.27006],[-99.05177,30.27131],[-99.05435,30.26959],[-99.06057,30.27531],[-99.04775,30.27653],[-99.04842,30.27991],[-99.05265,30.28128],[-99.04929,30.283],[-99.05015,30.28518],[-99.05927,30.28711],[-99.053,30.28918],[-99.05566,30.29484],[-99.06042,30.29724],[-99.07298,30.29195],[-99.06722,30.29517],[-99.065,30.29958],[-99.05819,30.30246],[-99.06184,30.30783],[-99.0592,30.31001],[-99.0602,30.31574],[-99.05596,30.31386],[-99.05464,30.30693],[-99.04813,30.30024],[-99.04972,30.29732],[-99.04806,30.29406],[-99.04131,30.29424],[-99.03677,30.30135],[-99.03635,30.29602],[-99.03094,30.29466],[-99.03371,30.29213],[-99.03754,30.29298],[-99.04051,30.288],[-99.0366,30.28153],[-99.03283,30.28199],[-99.03217,30.28463],[-99.02219,30.28493],[-99.02543,30.28121],[-99.02325,30.27984],[-99.02966,30.27977],[-99.03452,30.27317],[-99.03135,30.26894],[-99.02363,30.2752],[-99.01833,30.27234],[-99.01516,30.27498],[-99.01449,30.26891],[-99.02084,30.26741],[-99.02064,30.26443],[-99.016,30.26215],[-99.02076,30.25928],[-99.01856,30.25699],[-99.01237,30.25889],[-99.01003,30.25151],[-98.99754,30.24688],[-98.99726,30.24104],[-98.99622,30.24729],[-98.99186,30.24844],[-98.99688,30.24832],[-98.99682,30.25158],[-98.99253,30.25456],[-98.99854,30.25507],[-98.99769,30.25857],[-99.00318,30.25925],[-98.9987,30.26275],[-99.00114,30.26475],[-98.99612,30.26395],[-98.99461,30.26664],[-98.99136,30.26178],[-98.98826,30.26975],[-98.98693,30.26093],[-98.98316,30.26185],[-98.97977,30.25464],[-98.97793,30.25779],[-98.98284,30.2662],[-98.97848,30.26598],[-98.97352,30.27045],[-98.96784,30.26691],[-98.95892,30.26926],[-98.95158,30.26474],[-98.95019,30.26772],[-98.9537,30.27093],[-98.9508,30.27396],[-98.95562,30.27442],[-98.95773,30.2715],[-98.96566,30.27046],[-98.96272,30.28925],[-98.96555,30.28844],[-98.96871,30.28111],[-98.97407,30.27669],[-98.97639,30.27881],[-98.97413,30.28024],[-98.97349,30.28677],[-98.98194,30.28321],[-98.98512,30.28452],[-98.98162,30.28716],[-98.98763,30.28698],[-98.99081,30.29082],[-98.99099,30.28584],[-98.99561,30.28314],[-98.9945,30.28783],[-99.00071,30.28788],[-98.99676,30.29087],[-98.99841,30.2927],[-98.99644,30.29368],[-98.99854,30.29459],[-98.99703,30.29574],[-99.00114,30.29905],[-99.0059,30.29824],[-99.00443,30.29962],[-99.00629,30.30128],[-99.01012,30.30018],[-99.00834,30.3034],[-99.01232,30.30579],[-99.01286,30.31003],[-99.01106,30.30654],[-99.00272,30.30329],[-98.99799,30.30595],[-98.99505,30.30032],[-98.99322,30.3049],[-98.99227,30.30044],[-98.98753,30.30147],[-98.98361,30.29655],[-98.97971,30.29747],[-98.98197,30.30234],[-98.97959,30.30698],[-98.97595,30.30154],[-98.97392,30.30705],[-98.96916,30.30705],[-98.96505,30.30379],[-98.96757,30.30716],[-98.96651,30.30957],[-98.97405,30.31088],[-98.97326,30.31535],[-98.96989,30.31816],[-98.97399,30.31804],[-98.9763,30.31472],[-98.97776,30.3166],[-98.98145,30.31568],[-98.97472,30.32405],[-98.97752,30.32576],[-98.98325,30.32364],[-98.98115,30.32685],[-98.98525,30.32816],[-98.9844,30.32965],[-98.98968,30.33108],[-98.99213,30.32913],[-99.00193,30.33805],[-98.9985,30.33943],[-98.99538,30.33451],[-98.98771,30.33549],[-98.9746,30.33104],[-98.97463,30.34278],[-98.97883,30.34486],[-98.97569,30.34638],[-98.97517,30.34988],[-98.97251,30.34398],[-98.96842,30.35046],[-98.96729,30.34473],[-98.96966,30.34118],[-98.96694,30.32978],[-98.96415,30.32744],[-98.95947,30.33415],[-98.95538,30.33501],[-98.95774,30.33237],[-98.95544,30.33043],[-98.95847,30.32899],[-98.9557,30.32728],[-98.95933,30.32625],[-98.95741,30.3243],[-98.96018,30.32166],[-98.95594,30.31909],[-98.94947,30.32557],[-98.94425,30.3234],[-98.94854,30.3179],[-98.94364,30.31589],[-98.95217,30.31216],[-98.93993,30.31131],[-98.94509,30.3089],[-98.94608,30.30507],[-98.94152,30.30393],[-98.94204,30.30742],[-98.9363,30.31075],[-98.93827,30.30662],[-98.93603,30.30679],[-98.93716,30.3041],[-98.93345,30.30285],[-98.93345,30.30714],[-98.93087,30.30834],[-98.92776,30.3013],[-98.92367,30.2997],[-98.92881,30.29804],[-98.9228,30.29667],[-98.91102,30.2882],[-98.92127,30.29673],[-98.91718,30.29902],[-98.9195,30.30097],[-98.9156,30.3024],[-98.92486,30.30388],[-98.92671,30.30697],[-98.91805,30.30853],[-98.91752,30.31099],[-98.92837,30.31086],[-98.91904,30.3158],[-98.92295,30.31809],[-98.92884,30.31579],[-98.93102,30.31762],[-98.92646,30.31894],[-98.92825,30.32123],[-98.92156,30.32307],[-98.91753,30.32164],[-98.92158,30.32593],[-98.93122,30.32615],[-98.92349,30.32982],[-98.92727,30.33395],[-98.93673,30.3352],[-98.93044,30.33709],[-98.93342,30.34362],[-98.9378,30.34562],[-98.93191,30.34723],[-98.92999,30.34551],[-98.92384,30.34964],[-98.92919,30.34517],[-98.92953,30.34168],[-98.92614,30.33847],[-98.92358,30.34059],[-98.91602,30.32794],[-98.91351,30.3292],[-98.91154,30.33802],[-98.90934,30.33046],[-98.90478,30.3323],[-98.90373,30.33637],[-98.90089,30.33385],[-98.90755,30.32514],[-98.89738,30.32875],[-98.89321,30.32744],[-98.90041,30.32354],[-98.89677,30.32234],[-98.89809,30.32039],[-98.90331,30.32188],[-98.90643,30.31976],[-98.90272,30.32068],[-98.90041,30.3181],[-98.90331,30.31619],[-98.8977,30.31581],[-98.90167,30.31117],[-98.90026,30.30773],[-98.89809,30.31249],[-98.89399,30.31175],[-98.89591,30.31759],[-98.89135,30.3181],[-98.88574,30.32372],[-98.88262,30.322],[-98.8854,30.32108],[-98.88606,30.31839],[-98.88407,30.31731],[-98.88725,30.31467],[-98.88368,30.31381],[-98.88612,30.30511],[-98.88149,30.31799],[-98.878,30.31513],[-98.87667,30.31656],[-98.87415,30.30906],[-98.87183,30.31089],[-98.87124,30.30666],[-98.86688,30.30523],[-98.86497,30.30065],[-98.86073,30.30156],[-98.85828,30.29853],[-98.8559,30.29905],[-98.85525,30.30076],[-98.86192,30.30391],[-98.85803,30.30626],[-98.86463,30.30826],[-98.85868,30.31268],[-98.85241,30.30752],[-98.85082,30.31015],[-98.85307,30.3121],[-98.85035,30.31583],[-98.86927,30.31233],[-98.87344,30.31611],[-98.86868,30.3149],[-98.86378,30.31857],[-98.87211,30.31817],[-98.8684,30.32046],[-98.8733,30.32103],[-98.87046,30.32269],[-98.87264,30.32355],[-98.87139,30.32562],[-98.85955,30.32688],[-98.86028,30.3286],[-98.8663,30.32934],[-98.87568,30.32584],[-98.87264,30.32871],[-98.87496,30.33249],[-98.87014,30.3365],[-98.87199,30.3373],[-98.87629,30.33546],[-98.87806,30.32555],[-98.8821,30.32498],[-98.87945,30.33025],[-98.87992,30.33288],[-98.88415,30.33248],[-98.88105,30.33558],[-98.88233,30.33756],[-98.89063,30.33276],[-98.88998,30.3366],[-98.89407,30.3374],[-98.89103,30.34071],[-98.88925,30.33884],[-98.88515,30.34084],[-98.88607,30.34279],[-98.87762,30.34371],[-98.87853,30.34628],[-98.88337,30.34508],[-98.88264,30.34897],[-98.88879,30.34737],[-98.88615,30.35006],[-98.88747,30.35098],[-98.89442,30.34616],[-98.89289,30.3508],[-98.90051,30.35252],[-98.88992,30.35424],[-98.89462,30.35762],[-98.89051,30.35825],[-98.89295,30.36196],[-98.88357,30.35653],[-98.88549,30.36295],[-98.8796,30.36049],[-98.87974,30.35545],[-98.87768,30.35734],[-98.8747,30.35241],[-98.87199,30.35144],[-98.8706,30.35362],[-98.86453,30.34961],[-98.87418,30.35957],[-98.86903,30.35986],[-98.87205,30.36735],[-98.86855,30.36765],[-98.86988,30.37544],[-98.86427,30.3641],[-98.8597,30.36811],[-98.85719,30.36616],[-98.86095,30.35832],[-98.85758,30.36084],[-98.85381,30.35775],[-98.85526,30.36223],[-98.85268,30.36164],[-98.85348,30.36485],[-98.84965,30.36966],[-98.84885,30.36697],[-98.84428,30.368],[-98.84925,30.36393],[-98.84824,30.35758],[-98.84475,30.36004],[-98.84322,30.35757],[-98.84824,30.35214],[-98.84507,30.35242],[-98.84388,30.34961],[-98.84753,30.34463],[-98.8417,30.34847],[-98.83859,30.34584],[-98.83926,30.35053],[-98.84277,30.35185],[-98.83952,30.35551],[-98.83263,30.35334],[-98.83204,30.35002],[-98.83019,30.35385],[-98.83311,30.35506],[-98.82874,30.35758],[-98.83529,30.357],[-98.839,30.35975],[-98.83045,30.36124],[-98.83582,30.36279],[-98.83033,30.36364],[-98.83485,30.36642],[-98.83144,30.3664],[-98.83283,30.37063],[-98.82807,30.37012],[-98.82827,30.36508],[-98.82609,30.36359],[-98.8251,30.3684],[-98.82107,30.36353],[-98.81908,30.36456],[-98.82014,30.368],[-98.81776,30.36582],[-98.81504,30.36674],[-98.81637,30.36118],[-98.8218,30.36044],[-98.82192,30.35723],[-98.81821,30.3582],[-98.81617,30.35431],[-98.81809,30.34486],[-98.81345,30.34893],[-98.80758,30.3487],[-98.81115,30.34961],[-98.80956,30.35305],[-98.81452,30.35311],[-98.812,30.3558],[-98.81464,30.35803],[-98.81042,30.35832],[-98.81452,30.36033],[-98.81306,30.36353],[-98.81056,30.36164],[-98.80917,30.36427],[-98.80718,30.36004],[-98.80407,30.36027],[-98.80605,30.36462],[-98.80241,30.36817],[-98.79983,30.36032],[-98.79719,30.3653],[-98.79487,30.3633],[-98.79614,30.36101],[-98.79304,30.35977],[-98.79586,30.35368],[-98.79435,30.35007],[-98.7917,30.34944],[-98.79197,30.35356],[-98.78721,30.35156],[-98.79025,30.35889],[-98.78561,30.35728],[-98.78404,30.35362],[-98.77778,30.35754],[-98.77549,30.3559],[-98.77906,30.35212],[-98.77319,30.35281],[-98.78072,30.34863],[-98.7786,30.34651],[-98.7837,30.34543],[-98.7761,30.34525],[-98.77682,30.34227],[-98.77451,30.33981],[-98.78191,30.3409],[-98.7814,30.33603],[-98.78687,30.34068],[-98.78919,30.3373],[-98.78536,30.3365],[-98.78596,30.33329],[-98.78166,30.3342],[-98.77981,30.33271],[-98.78133,30.33019],[-98.7757,30.32773],[-98.77081,30.33025],[-98.77088,30.33311],[-98.76604,30.33231],[-98.77425,30.32338],[-98.77116,30.32074],[-98.76995,30.32251],[-98.76652,30.31822],[-98.76751,30.32143],[-98.76136,30.32125],[-98.76473,30.32492],[-98.76003,30.32543],[-98.76388,30.32698],[-98.75892,30.32686],[-98.76076,30.33133],[-98.75838,30.33104],[-98.75515,30.32531],[-98.75753,30.32239],[-98.7568,30.31907],[-98.75501,30.32325],[-98.75112,30.32073],[-98.75317,30.31941],[-98.75144,30.31638],[-98.74847,30.31832],[-98.74531,30.31363],[-98.74769,30.30693],[-98.74438,30.30727],[-98.74432,30.3016],[-98.74168,30.3028],[-98.74015,30.30956],[-98.73698,30.30835],[-98.742,30.31374],[-98.7371,30.3123],[-98.73988,30.31471],[-98.7338,30.31762],[-98.73129,30.31396],[-98.72765,30.3155],[-98.72891,30.31865],[-98.72176,30.32054],[-98.72407,30.32776],[-98.72863,30.32289],[-98.73835,30.32335],[-98.73583,30.32473],[-98.73815,30.32759],[-98.732,30.32633],[-98.72935,30.33246],[-98.7384,30.34741],[-98.7232,30.33543],[-98.72372,30.34282],[-98.71487,30.34063],[-98.71729,30.3486],[-98.7208,30.34923],[-98.7245,30.3573],[-98.70705,30.34635],[-98.71563,30.35781],[-98.71597,30.36239],[-98.71087,30.35832],[-98.70605,30.36164],[-98.70419,30.35906],[-98.6981,30.3606],[-98.69633,30.35476],[-98.6909,30.3579],[-98.69413,30.36002],[-98.69347,30.36501],[-98.70022,30.36501],[-98.7057,30.36817],[-98.70948,30.36496],[-98.71377,30.36571],[-98.71575,30.37259],[-98.72236,30.37362],[-98.72244,30.3762],[-98.71627,30.38009],[-98.72732,30.37781],[-98.72984,30.37225],[-98.73202,30.37638],[-98.72912,30.38655],[-98.73284,30.38666],[-98.73324,30.38935],[-98.73873,30.38678],[-98.74059,30.38271],[-98.7509,30.38761],[-98.75104,30.39178],[-98.76886,30.38299],[-98.7691,30.39028],[-98.77162,30.39335],[-98.76942,30.39966],[-98.7527,30.40529],[-98.74894,30.41166],[-98.74889,30.41783],[-98.75358,30.42402],[-98.75021,30.42745],[-98.75028,30.42379],[-98.74856,30.42115],[-98.74564,30.42189],[-98.74584,30.41926],[-98.73861,30.42145],[-98.73484,30.43208],[-98.72418,30.44708],[-98.72178,30.44725],[-98.72172,30.44341],[-98.71638,30.44292],[-98.72039,30.45005],[-98.72993,30.44926],[-98.73153,30.44354],[-98.73597,30.43907],[-98.73377,30.43792],[-98.73637,30.4358],[-98.7396,30.43747],[-98.74509,30.43593],[-98.74922,30.43284],[-98.74802,30.42957],[-98.75405,30.42734],[-98.75491,30.42367],[-98.76186,30.41932],[-98.76424,30.42385],[-98.77073,30.42013],[-98.7698,30.42265],[-98.77351,30.42483],[-98.78172,30.42621],[-98.7878,30.42438],[-98.78761,30.42105],[-98.7927,30.42048],[-98.79588,30.41613],[-98.79066,30.4246],[-98.79873,30.43188],[-98.79502,30.4348],[-98.79395,30.44093],[-98.79586,30.45845],[-98.79897,30.46315],[-98.80758,30.4588],[-98.81712,30.46911],[-98.82215,30.4702],[-98.82102,30.46533],[-98.82334,30.4651],[-98.83367,30.47037],[-98.84089,30.46837],[-98.84394,30.47175],[-98.84777,30.46676],[-98.85175,30.46871],[-98.85969,30.46624],[-98.86228,30.46709],[-98.86189,30.47329],[-98.86553,30.47552],[-98.88809,30.47577],[-98.89149,30.48697],[-98.89539,30.48662],[-98.90176,30.48037],[-98.90693,30.48873],[-98.91486,30.48306],[-98.9195,30.48723],[-98.92288,30.48345],[-98.92851,30.48356],[-98.92777,30.47955],[-98.93003,30.47818],[-98.94116,30.47519],[-98.94213,30.4768],[-98.9454,30.47519],[-98.94248,30.48132],[-98.9499,30.48354],[-98.95208,30.47924],[-98.9497,30.47953],[-98.954,30.4777],[-98.95452,30.47289],[-98.95777,30.47162],[-98.96255,30.475],[-98.96618,30.46892],[-98.96481,30.48049],[-98.96891,30.47757],[-98.97024,30.48261],[-98.96851,30.48748],[-98.97149,30.48203],[-98.97665,30.47888],[-98.98116,30.48076],[-98.97878,30.48787],[-98.99403,30.48768],[-98.9956,30.48378],[-98.99734,30.48922],[-99.0015,30.48921],[-99.00354,30.4957],[-99.00841,30.4966],[-99.01343,30.50168],[-99.01355,30.5048],[-99.01709,30.50262],[-99.01594,30.50623],[-99.01896,30.50665],[-99.01632,30.50998],[-99.01824,30.51227],[-99.02049,30.5098],[-99.03222,30.51013],[-99.0321,30.51941],[-99.03773,30.51711],[-99.04096,30.51223],[-99.04127,30.49734],[-99.05377,30.49148],[-99.05257,30.48839],[-99.04455,30.48726],[-99.0458,30.48261],[-99.04289,30.48233],[-99.04633,30.48015],[-99.05203,30.48318],[-99.0548,30.48071],[-99.05453,30.47693],[-99.05109,30.47791],[-99.05108,30.47442],[-99.04771,30.47488],[-99.05167,30.47115],[-99.05277,30.46336],[-99.05392,30.46639],[-99.05703,30.4661],[-99.05392,30.46971],[-99.06002,30.47114],[-99.0649,30.46912],[-99.06182,30.47663],[-99.07374,30.47626],[-99.07195,30.48137],[-99.07633,30.47975],[-99.07548,30.48273],[-99.07958,30.48204],[-99.07833,30.48393],[-99.08117,30.48513],[-99.078,30.48507],[-99.07734,30.48909],[-99.08477,30.4905],[-99.08939,30.48712],[-99.08906,30.48339],[-99.09655,30.48658],[-99.09667,30.4828],[-99.10322,30.48222],[-99.10124,30.48085],[-99.10114,30.47414],[-99.10618,30.47534],[-99.10346,30.47357],[-99.11007,30.46966],[-99.11198,30.46192],[-99.11509,30.46404],[-99.11926,30.46305],[-99.12031,30.45932],[-99.12463,30.46396],[-99.12972,30.46423],[-99.12748,30.46853],[-99.1247,30.46859],[-99.12605,30.47157],[-99.12295,30.47805],[-99.12713,30.48045],[-99.12542,30.48784],[-99.13146,30.49],[-99.13174,30.49464],[-99.13082,30.49619],[-99.12789,30.49442],[-99.12711,30.49935],[-99.11877,30.49937],[-99.11395,30.50339],[-99.11089,30.50105],[-99.11038,30.50443],[-99.11721,30.50888],[-99.11819,30.50258],[-99.11997,30.50177],[-99.11918,30.50492],[-99.1237,30.50617],[-99.12539,30.50027],[-99.12933,30.50616],[-99.12364,30.50886],[-99.13252,30.51067],[-99.13726,30.50397],[-99.14079,30.50848],[-99.14462,30.5056],[-99.14886,30.50605],[-99.1496,30.508],[-99.1459,30.51202],[-99.14764,30.51648],[-99.15261,30.51693],[-99.15618,30.51451],[-99.15971,30.51983],[-99.16493,30.51632],[-99.16775,30.52599],[-99.17245,30.52764],[-99.17231,30.54328],[-99.1755,30.54396],[-99.17944,30.53696],[-99.19111,30.5387],[-99.19465,30.54522],[-99.19968,30.54498],[-99.19759,30.55134],[-99.20866,30.54999],[-99.20824,30.54742],[-99.21088,30.54638],[-99.21633,30.54751],[-99.21787,30.55335],[-99.22105,30.55282],[-99.22353,30.54422],[-99.23002,30.54111],[-99.2309,30.53188],[-99.23324,30.53383],[-99.23155,30.53933],[-99.23321,30.54391],[-99.23777,30.54114],[-99.23728,30.53513],[-99.24206,30.53368],[-99.24326,30.53711],[-99.24903,30.54076],[-99.25486,30.5384],[-99.258,30.54623],[-99.27174,30.54785],[-99.27125,30.54166],[-99.28017,30.54009],[-99.27534,30.53804],[-99.27479,30.535],[-99.27029,30.53513],[-99.2745,30.52945],[-99.27735,30.52899],[-99.27819,30.52514],[-99.27163,30.52333],[-99.27625,30.52074],[-99.27247,30.51829],[-99.27511,30.51627],[-99.27528,30.51135],[-99.27163,30.50879],[-99.27187,30.50632],[-99.27779,30.51025],[-99.28162,30.50783],[-99.28085,30.51064],[-99.28423,30.51447],[-99.29066,30.5137],[-99.29174,30.51696],[-99.29472,30.51621],[-99.29275,30.52154],[-99.29621,30.52359],[-99.30131,30.52242],[-99.30238,30.52546],[-99.30608,30.52355],[-99.30848,30.52727],[-99.3103,30.51764],[-99.31832,30.5195],[-99.31663,30.51223],[-99.31788,30.51045],[-99.32034,30.51187],[-99.32032,30.50947],[-99.32377,30.51037],[-99.32531,30.51449],[-99.32849,30.51321],[-99.33117,30.51893],[-99.33552,30.51325],[-99.33903,30.51312],[-99.33933,30.50836],[-99.34344,30.508],[-99.34309,30.50583],[-99.34643,30.50937],[-99.34972,30.50832],[-99.35114,30.51146],[-99.35198,30.50757],[-99.35535,30.50664],[-99.35235,30.50333],[-99.36117,30.50392],[-99.36486,30.4999],[-99.36706,30.50189],[-99.37022,30.50073],[-99.37379,30.49825],[-99.37443,30.4939],[-99.37894,30.49537],[-99.38123,30.49026],[-99.38418,30.49563],[-99.38935,30.49664],[-99.38706,30.49104],[-99.38897,30.48965],[-99.38557,30.48538],[-99.38233,30.48665],[-99.38404,30.48366],[-99.37997,30.47887],[-99.38288,30.478],[-99.37926,30.47194],[-99.3841,30.47049],[-99.38627,30.47884],[-99.39256,30.4779],[-99.38928,30.48507],[-99.3922,30.48592],[-99.39342,30.49078],[-99.39646,30.48911],[-99.39661,30.49289],[-99.3998,30.49539],[-99.40163,30.49218],[-99.4035,30.49372],[-99.4082,30.49209],[-99.40484,30.49595],[-99.40975,30.49885],[-99.42344,30.49483],[-99.42042,30.49822],[-99.42162,30.50091],[-99.41824,30.49932],[-99.40411,30.50563],[-99.40112,30.50392],[-99.39652,30.51144],[-99.39109,30.51296],[-99.38239,30.52061],[-99.37821,30.52092],[-99.38154,30.52182],[-99.37832,30.52705],[-99.38578,30.52129],[-99.3955,30.51884],[-99.39396,30.52755],[-99.39787,30.52668],[-99.39755,30.52908],[-99.39147,30.53329],[-99.39143,30.53558],[-99.3944,30.53551],[-99.39349,30.53781],[-99.38845,30.53846],[-99.38993,30.54114],[-99.39562,30.53986],[-99.39477,30.54215],[-99.39893,30.5399],[-99.39745,30.54724],[-99.39925,30.55044],[-99.39492,30.5571],[-99.39312,30.55505],[-99.39579,30.5465],[-99.38929,30.5455],[-99.38645,30.54872],[-99.38998,30.54956],[-99.38842,30.5569],[-99.37904,30.54961],[-99.37762,30.54337],[-99.374,30.54843],[-99.37061,30.5481],[-99.36874,30.54467],[-99.36922,30.54839],[-99.36611,30.54978],[-99.36515,30.55385],[-99.36707,30.55481],[-99.36732,30.55195],[-99.36944,30.55189],[-99.3706,30.55715],[-99.37556,30.55644],[-99.37466,30.56126],[-99.37824,30.56009],[-99.3827,30.56328],[-99.38186,30.56747],[-99.37696,30.56984],[-99.38409,30.57467],[-99.37908,30.58066],[-99.37063,30.57531],[-99.36907,30.58156],[-99.37273,30.58395],[-99.37029,30.58585],[-99.38381,30.58481],[-99.38932,30.58668],[-99.39201,30.59257],[-99.39913,30.58635],[-99.40214,30.59018],[-99.40618,30.58936],[-99.40568,30.59537],[-99.40914,30.5965],[-99.41009,30.60034],[-99.41233,30.59752],[-99.41233,30.59952],[-99.41433,30.59888],[-99.41209,30.6017],[-99.41686,30.60179],[-99.41587,30.60386],[-99.41874,30.60591],[-99.41244,30.60628],[-99.41432,30.60816],[-99.41445,30.62122],[-99.41256,30.62644],[-99.40833,30.62835],[-99.40948,30.63236],[-99.41644,30.63038],[-99.41468,30.62597],[-99.41839,30.62481],[-99.42718,30.62975],[-99.43542,30.64386],[-99.4315,30.63122],[-99.42448,30.62358],[-99.43153,30.62664],[-99.43324,30.6224],[-99.4394,30.63399],[-99.44077,30.63072],[-99.44529,30.63099],[-99.44897,30.63578],[-99.44733,30.62846],[-99.45025,30.62787],[-99.44314,30.62538],[-99.44232,30.62298],[-99.44915,30.62215],[-99.4521,30.62574],[-99.45127,30.62231],[-99.45438,30.62206],[-99.44228,30.61674],[-99.4517,30.6175],[-99.44503,30.61129],[-99.452,30.61297],[-99.45359,30.61107],[-99.4578,30.61661],[-99.45738,30.61323],[-99.4607,30.6127],[-99.46272,30.6179],[-99.46503,30.6172],[-99.46342,30.61343],[-99.46507,30.6109],[-99.46653,30.61376],[-99.47231,30.61516],[-99.47195,30.60875],[-99.46823,30.60705],[-99.47086,30.60687],[-99.46913,30.6047],[-99.47056,30.60068],[-99.46763,30.59874],[-99.46935,30.59736],[-99.4734,30.59883],[-99.47691,30.5963],[-99.47311,30.60365],[-99.47445,30.60782],[-99.4777,30.60689],[-99.47579,30.61033],[-99.47762,30.61542],[-99.48243,30.61116],[-99.48202,30.61752],[-99.48618,30.61526],[-99.47913,30.6326],[-99.48264,30.63252],[-99.48414,30.62856],[-99.48661,30.63118],[-99.48847,30.6302],[-99.49015,30.62481],[-99.49307,30.62445],[-99.49667,30.62684],[-99.49743,30.6313],[-99.50146,30.62876],[-99.49818,30.62483],[-99.50689,30.62793],[-99.50819,30.62299],[-99.50677,30.61986],[-99.50118,30.61879],[-99.50297,30.61621],[-99.49964,30.61594],[-99.49969,30.61233],[-99.49758,30.61435],[-99.49603,30.61097],[-99.50172,30.60797],[-99.49758,30.60541],[-99.50593,30.60371],[-99.50861,30.60799],[-99.50732,30.61218],[-99.5099,30.61285],[-99.50927,30.61692],[-99.51151,30.61599],[-99.51182,30.62052],[-99.51353,30.6185],[-99.51707,30.62203],[-99.51898,30.61962],[-99.51574,30.61362],[-99.5182,30.61303],[-99.51775,30.60656],[-99.52033,30.60535],[-99.51899,30.60335],[-99.52285,30.60539],[-99.52528,30.60229],[-99.5214,30.59767],[-99.5221,30.59423],[-99.51754,30.59574],[-99.51727,30.59345],[-99.52428,30.59198],[-99.52903,30.59883],[-99.53332,30.59474],[-99.53362,30.60155],[-99.53152,30.60403],[-99.5332,30.60694],[-99.54212,30.61084],[-99.54203,30.60838],[-99.53771,30.60646],[-99.54075,30.60541],[-99.54006,30.60232],[-99.54386,30.60476],[-99.5451,30.60985],[-99.55012,30.60833],[-99.55103,30.60592],[-99.5541,30.6078],[-99.55531,30.60115],[-99.55282,30.59693],[-99.55666,30.5961],[-99.55386,30.59354],[-99.56049,30.58531],[-99.55904,30.59551],[-99.5678,30.60508],[-99.56156,30.60478],[-99.55967,30.61596],[-99.55419,30.62074],[-99.56037,30.62128],[-99.55673,30.62256],[-99.55946,30.62341],[-99.55682,30.62634],[-99.55758,30.63109],[-99.55448,30.63237],[-99.55511,30.62841],[-99.55154,30.62998],[-99.55132,30.62654],[-99.54601,30.62703],[-99.54699,30.62388],[-99.54035,30.62311],[-99.54066,30.61967],[-99.53288,30.62556],[-99.53898,30.62535],[-99.53886,30.62822],[-99.53527,30.62772],[-99.53582,30.63012],[-99.53251,30.63117],[-99.53445,30.63254],[-99.53361,30.63563],[-99.54182,30.63358],[-99.54232,30.63805],[-99.55151,30.64315],[-99.54688,30.64581],[-99.54687,30.64335],[-99.54328,30.64434],[-99.54374,30.64188],[-99.54168,30.64143],[-99.53814,30.64792],[-99.53429,30.64771],[-99.53434,30.64468],[-99.53175,30.64418],[-99.53339,30.64251],[-99.52723,30.64311],[-99.52938,30.6376],[-99.52575,30.64095],[-99.52076,30.63885],[-99.51954,30.64361],[-99.51258,30.6456],[-99.51327,30.64909],[-99.50941,30.64802],[-99.5042,30.65297],[-99.50791,30.66189],[-99.52041,30.66469],[-99.51643,30.66488],[-99.51804,30.66739],[-99.51479,30.66855],[-99.51699,30.66883],[-99.51801,30.67243],[-99.5127,30.67183],[-99.51418,30.67543],[-99.51917,30.67695],[-99.52364,30.6724],[-99.52706,30.6761],[-99.53037,30.6762],[-99.53072,30.67786],[-99.52603,30.67857],[-99.52445,30.68311],[-99.52976,30.6833],[-99.53068,30.68915],[-99.52688,30.68693],[-99.52509,30.68871],[-99.53025,30.6959],[-99.5258,30.69335],[-99.52427,30.69508],[-99.52,30.69035],[-99.51954,30.68221],[-99.51571,30.69547],[-99.5131,30.69239],[-99.51113,30.69463],[-99.50852,30.6927],[-99.51144,30.69022],[-99.50863,30.68886],[-99.51333,30.6854],[-99.50852,30.68142],[-99.50355,30.68219],[-99.50219,30.67824],[-99.5052,30.67021],[-99.50062,30.67183],[-99.49635,30.66762],[-99.49592,30.67421],[-99.49082,30.67406],[-99.48803,30.66434],[-99.49329,30.65859],[-99.49174,30.65344],[-99.48902,30.65362],[-99.49082,30.65636],[-99.48933,30.65918],[-99.48458,30.65514],[-99.47592,30.65879],[-99.47607,30.66085],[-99.48431,30.66401],[-99.47904,30.66885],[-99.47631,30.66847],[-99.47476,30.67437],[-99.48293,30.67645],[-99.48103,30.67921],[-99.48402,30.67936],[-99.48377,30.68355],[-99.49055,30.68323],[-99.49151,30.68729],[-99.49362,30.6847],[-99.49854,30.68743],[-99.49619,30.69316],[-99.49181,30.69381],[-99.4923,30.69697],[-99.48986,30.69938],[-99.48646,30.69803],[-99.48798,30.69681],[-99.48617,30.69362],[-99.48286,30.69415],[-99.48135,30.69765],[-99.47955,30.69686],[-99.47985,30.6913],[-99.47537,30.69528],[-99.47367,30.69036],[-99.47317,30.69431],[-99.46758,30.69268],[-99.46623,30.68793],[-99.46297,30.68881],[-99.46197,30.69446],[-99.45875,30.6918],[-99.46237,30.69706],[-99.47285,30.6966],[-99.47524,30.70667],[-99.47207,30.70875],[-99.47518,30.70942],[-99.47422,30.71327],[-99.47872,30.71112],[-99.47891,30.71903],[-99.48493,30.71802],[-99.48547,30.72684],[-99.47903,30.72733],[-99.48019,30.73167],[-99.47768,30.73587],[-99.48425,30.73291],[-99.48359,30.73475],[-99.48705,30.7376],[-99.48255,30.73871],[-99.48882,30.7436],[-99.48473,30.74797],[-99.47768,30.74475],[-99.47956,30.74812],[-99.47805,30.75013],[-99.48686,30.75655],[-99.49551,30.75834],[-99.49902,30.76658],[-99.48995,30.7633],[-99.48434,30.76837],[-99.48425,30.76413],[-99.47941,30.7649],[-99.4799,30.75905],[-99.47198,30.76665],[-99.47643,30.75649],[-99.4743,30.75576],[-99.47114,30.76082],[-99.47012,30.75601],[-99.46867,30.75854],[-99.46726,30.75665],[-99.4651,30.75947],[-99.45753,30.7602],[-99.46336,30.75753],[-99.46339,30.75209],[-99.46783,30.75178],[-99.46874,30.74972],[-99.46595,30.74847],[-99.4674,30.74669],[-99.46493,30.74572],[-99.46143,30.74958],[-99.45924,30.7485],[-99.45521,30.75104],[-99.46238,30.74064],[-99.4546,30.73982],[-99.45397,30.74458],[-99.45091,30.74408],[-99.45084,30.73428],[-99.44772,30.73332],[-99.45042,30.72782],[-99.44848,30.72685],[-99.44564,30.7299],[-99.44561,30.73494],[-99.44363,30.73592],[-99.4378,30.72885],[-99.44187,30.72047],[-99.43847,30.71842],[-99.43751,30.71458],[-99.43446,30.71518],[-99.43339,30.71317],[-99.43432,30.72474],[-99.42783,30.72649],[-99.42991,30.73014],[-99.42699,30.73216],[-99.43618,30.7347],[-99.43707,30.73922],[-99.43473,30.73751],[-99.4327,30.74256],[-99.43688,30.74174],[-99.44352,30.75173],[-99.43772,30.75789],[-99.4342,30.76775],[-99.42893,30.7656],[-99.42025,30.76868],[-99.42417,30.76917],[-99.425,30.77404],[-99.43006,30.77608],[-99.43468,30.77279],[-99.43768,30.78286],[-99.43459,30.78064],[-99.43415,30.78299],[-99.42423,30.78046],[-99.42379,30.78321],[-99.43195,30.78328],[-99.43395,30.79404],[-99.42941,30.80019],[-99.41798,30.78856],[-99.41961,30.79463],[-99.40763,30.80361],[-99.40502,30.80065],[-99.39446,30.80058],[-99.39455,30.80499],[-99.39694,30.80383],[-99.40188,30.80799],[-99.39085,30.8093],[-99.39611,30.81203],[-99.395,30.81421],[-99.39288,30.81347],[-99.39608,30.81798],[-99.39394,30.8263],[-99.39166,30.8211],[-99.38714,30.82197],[-99.38131,30.81702],[-99.37783,30.82614],[-99.37095,30.8304],[-99.36372,30.83158],[-99.36434,30.82436],[-99.35993,30.82169],[-99.36297,30.81703],[-99.3541,30.81272],[-99.35546,30.80533],[-99.35186,30.80196],[-99.35157,30.79658],[-99.34811,30.79545],[-99.34519,30.79884],[-99.34589,30.80594],[-99.3381,30.81484],[-99.33344,30.81274],[-99.33082,30.82008],[-99.33224,30.82512],[-99.3108,30.82629],[-99.31005,30.82286],[-99.30506,30.82288],[-99.30444,30.81583],[-99.30714,30.81267],[-99.30094,30.81006],[-99.29606,30.81541],[-99.29365,30.81232],[-99.28933,30.81314],[-99.29092,30.82579],[-99.28814,30.82878],[-99.25991,30.83277],[-99.25297,30.84076],[-99.24352,30.84067],[-99.245,30.84434],[-99.24302,30.84554],[-99.23405,30.84689],[-99.23364,30.84408],[-99.22579,30.84233],[-99.21975,30.8459],[-99.21807,30.84047],[-99.20948,30.83769],[-99.20425,30.84263],[-99.19282,30.84208],[-99.18945,30.84713],[-99.19618,30.85238],[-99.19714,30.86017],[-99.20246,30.8609],[-99.20303,30.87052],[-99.20934,30.87285],[-99.21691,30.86934],[-99.21914,30.877],[-99.2272,30.87789],[-99.23107,30.88384],[-99.23626,30.8821],[-99.24001,30.87613],[-99.23733,30.86681],[-99.2542,30.86509],[-99.2664,30.85772],[-99.2635,30.8484],[-99.2748,30.84738],[-99.27786,30.84503],[-99.28611,30.84906],[-99.29021,30.84521],[-99.29972,30.84769],[-99.30193,30.85175],[-99.29777,30.85589],[-99.30192,30.86314],[-99.30349,30.8735],[-99.29653,30.87576],[-99.30265,30.87843],[-99.30776,30.87698],[-99.31266,30.88475],[-99.31852,30.8861],[-99.32496,30.88156],[-99.329,30.88979],[-99.32443,30.89308],[-99.32777,30.89673],[-99.32226,30.89915],[-99.32075,30.90334],[-99.3251,30.90883],[-99.32963,30.90944],[-99.33119,30.91356],[-99.33576,30.91359],[-99.33892,30.90665],[-99.34478,30.90766],[-99.3473,30.90593],[-99.34652,30.897],[-99.34257,30.89026],[-99.34779,30.88434],[-99.34332,30.88006],[-99.34626,30.87283],[-99.34313,30.87038],[-99.34556,30.8639],[-99.34843,30.8663],[-99.35607,30.8666],[-99.36477,30.87522],[-99.36981,30.87233],[-99.3691,30.86638],[-99.37754,30.86485],[-99.38455,30.86769],[-99.38851,30.87689],[-99.39451,30.87842],[-99.39816,30.87588],[-99.39825,30.86935],[-99.40247,30.86412],[-99.40933,30.8756],[-99.40345,30.8841],[-99.41009,30.88201],[-99.41044,30.8863],[-99.41265,30.8871],[-99.41596,30.88445],[-99.41726,30.87928],[-99.42376,30.87714],[-99.42411,30.86883],[-99.42655,30.86733],[-99.42527,30.86316],[-99.43597,30.87341],[-99.44175,30.8735],[-99.44228,30.87904],[-99.4475,30.8788],[-99.44967,30.88285],[-99.45211,30.88096],[-99.45022,30.87695],[-99.45265,30.87785],[-99.45321,30.87597],[-99.4512,30.87288],[-99.45731,30.87222],[-99.45773,30.87457],[-99.46557,30.87539],[-99.46667,30.88088],[-99.46278,30.88411],[-99.45738,30.88362],[-99.46014,30.88813],[-99.4557,30.89165],[-99.45463,30.9011],[-99.4591,30.89318],[-99.46755,30.8944],[-99.46421,30.88977],[-99.46883,30.88608],[-99.47251,30.88796],[-99.47282,30.89505],[-99.47973,30.89496],[-99.47665,30.89],[-99.47717,30.88776],[-99.48187,30.88625],[-99.47859,30.88226],[-99.47929,30.87807],[-99.48728,30.87924],[-99.48751,30.88404],[-99.49024,30.88472],[-99.49281,30.87949],[-99.49342,30.89117],[-99.48884,30.89309],[-99.48896,30.90271],[-99.49151,30.90533],[-99.49177,30.90366],[-99.49258,30.90561],[-99.50329,30.90538],[-99.50529,30.90732],[-99.51101,30.90695],[-99.51365,30.90269],[-99.52212,30.89789],[-99.52262,30.89342],[-99.52541,30.89369],[-99.5272,30.89111],[-99.52749,30.8859],[-99.52525,30.88762],[-99.52102,30.88289],[-99.52094,30.8723],[-99.53021,30.87563],[-99.5259,30.87794],[-99.5274,30.88292],[-99.53486,30.88322],[-99.52955,30.89556],[-99.53394,30.8952],[-99.53639,30.89186],[-99.5382,30.89534],[-99.54423,30.8925],[-99.54614,30.89771],[-99.54913,30.897],[-99.54736,30.89237],[-99.54993,30.89058],[-99.54698,30.88653],[-99.54975,30.88417],[-99.55091,30.88765],[-99.55576,30.88711],[-99.55726,30.89031],[-99.56051,30.89075],[-99.56056,30.8872],[-99.56321,30.8861],[-99.56516,30.88969],[-99.57002,30.88159],[-99.57301,30.88054],[-99.5745,30.8846],[-99.58915,30.87879],[-99.59376,30.88042],[-99.58923,30.88022],[-99.58175,30.88496],[-99.58405,30.89119],[-99.57758,30.88842],[-99.56956,30.89013],[-99.58328,30.90104],[-99.58489,30.90493],[-99.57882,30.90256],[-99.57159,30.89567],[-99.56379,30.89366],[-99.55735,30.89564],[-99.56289,30.89801],[-99.56652,30.90229],[-99.56474,30.90447],[-99.56796,30.90646],[-99.56051,30.90736],[-99.5624,30.90294],[-99.5604,30.90198],[-99.55921,30.9045],[-99.55787,30.90107],[-99.55555,30.90332],[-99.55169,30.90249],[-99.55291,30.90597],[-99.548,30.90617],[-99.55845,30.91665],[-99.55708,30.92004],[-99.55972,30.92552],[-99.56803,30.92633],[-99.56599,30.92858],[-99.55047,30.9258],[-99.54423,30.91965],[-99.53751,30.9198],[-99.53561,30.92302],[-99.53974,30.93285],[-99.53494,30.93144],[-99.52731,30.93521],[-99.51934,30.92826],[-99.5075,30.93686],[-99.50221,30.93299],[-99.49409,30.93258],[-99.49339,30.92668],[-99.48777,30.93158],[-99.48864,30.93375],[-99.48504,30.93165],[-99.47773,30.93438],[-99.481,30.94392],[-99.47427,30.94276],[-99.47355,30.94631],[-99.48043,30.95052],[-99.4806,30.94582],[-99.48293,30.94466],[-99.48515,30.94728],[-99.48411,30.9521],[-99.49065,30.94657],[-99.49653,30.949],[-99.49375,30.95033],[-99.49296,30.95194],[-99.49654,30.95146],[-99.49245,30.95509],[-99.497,30.95822],[-99.4871,30.962],[-99.49192,30.96563],[-99.49302,30.96958],[-99.50199,30.96908],[-99.5106,30.96302],[-99.51247,30.96438],[-99.5221,30.96066],[-99.53451,30.96352],[-99.52317,30.96198],[-99.5154,30.96425],[-99.51231,30.96856],[-99.51406,30.9709],[-99.50932,30.96892],[-99.50587,30.97186],[-99.5104,30.97264],[-99.5091,30.97648],[-99.50227,30.9799],[-99.5039,30.97582],[-99.50005,30.97664],[-99.49851,30.98485],[-99.4934,30.97834],[-99.48855,30.97917],[-99.48893,30.97579],[-99.48461,30.97862],[-99.48936,30.97126],[-99.48185,30.97256],[-99.48083,30.96993],[-99.48315,30.96711],[-99.48042,30.96707],[-99.48013,30.96357],[-99.47471,30.9691],[-99.47552,30.96079],[-99.47048,30.96574],[-99.46429,30.96474],[-99.46948,30.96254],[-99.47079,30.95939],[-99.46253,30.95971],[-99.46908,30.95349],[-99.45982,30.95182],[-99.45962,30.94146],[-99.45432,30.9456],[-99.44944,30.94305],[-99.44824,30.95044],[-99.44164,30.95208],[-99.43984,30.9404],[-99.43234,30.94101],[-99.42825,30.94659],[-99.43523,30.94776],[-99.4414,30.95506],[-99.43897,30.96034],[-99.44232,30.96296],[-99.4408,30.96474],[-99.43826,30.96344],[-99.43934,30.96635],[-99.43511,30.97055],[-99.42799,30.97036],[-99.42622,30.97386],[-99.42143,30.97548],[-99.42489,30.97667],[-99.4246,30.98303],[-99.41969,30.98494],[-99.41448,30.98319],[-99.41847,30.99205],[-99.41656,30.99572],[-99.42103,30.99656],[-99.42385,31.00136],[-99.42632,31.00052],[-99.42945,31.00854],[-99.42573,31.00851],[-99.4241,31.00485],[-99.41976,31.00545],[-99.4177,31.01396],[-99.41398,31.0063],[-99.41003,31.00552],[-99.4072,31.0018],[-99.40388,31.00338],[-99.39962,31.01139],[-99.40359,31.01526],[-99.40005,31.02218],[-99.40592,31.02977],[-99.39953,31.03033],[-99.39797,31.03556],[-99.39506,31.03714],[-99.38642,31.03398],[-99.38691,31.02852],[-99.38101,31.02437],[-99.38252,31.02195],[-99.3778,31.02325],[-99.38143,31.02012],[-99.37827,31.01767],[-99.37537,31.01999],[-99.36361,31.01726],[-99.36289,31.01887],[-99.36706,31.02223],[-99.35865,31.02912],[-99.35909,31.0341],[-99.35709,31.03498],[-99.35915,31.04151],[-99.36906,31.03863],[-99.37229,31.04113],[-99.36858,31.0457],[-99.36251,31.04493],[-99.35894,31.04857],[-99.35369,31.04993],[-99.34774,31.0479],[-99.34437,31.05],[-100.35,31.05],[-100.35,29.95],[-99.1937,29.95001]],[[-98.84562,30.12495],[-98.85288,30.12638],[-98.84602,30.12936],[-98.84121,30.12587],[-98.8448,30.12352],[-98.84562,30.12495]]]]},"properties":{"layer":"aquifer","aquifer":"Edwards-Trinity (Plateau)","rank":"major","code":"1","extent":"outcrop","source":"twdb-major-aquifers-bbox"}},{"type":"Feature","geometry":{"type":"MultiPolygon","coordinates":[[[[-99.14607,31.05],[-99.13862,31.03944],[-99.03422,30.94277],[-99.09406,31.05],[-99.14607,31.05]]]]},"properties":{"layer":"aquifer","aquifer":"Hickory","rank":"minor","code":"2","extent":"subsurface","source":"twdb-minor-aquifers-bbox"}},{"type":"Feature","geometry":{"type":"MultiPolygon","coordinates":[[[[-99.09406,31.05],[-99.03422,30.94277],[-98.9947,30.9284],[-99.04631,31.05],[-99.09406,31.05]]]]},"properties":{"layer":"aquifer","aquifer":"Hickory","rank":"minor","code":"2","extent":"subsurface","source":"twdb-minor-aquifers-bbox"}},{"type":"Feature","geometry":{"type":"MultiPolygon","coordinates":[[[[-99.27339,31.05],[-99.2022,30.98294],[-99.18452,31.02648],[-99.20501,31.05],[-99.27339,31.05]]]]},"properties":{"layer":"aquifer","aquifer":"Hickory","rank":"minor","code":"2","extent":"subsurface","source":"twdb-minor-aquifers-bbox"}},{"type":"Feature","geometry":{"type":"MultiPolygon","coordinates":[[[[-99.04631,31.05],[-98.9947,30.9284],[-98.96709,30.93442],[-99.00177,31.05],[-99.04631,31.05]]]]},"properties":{"layer":"aquifer","aquifer":"Hickory","rank":"minor","code":"2","extent":"subsurface","source":"twdb-minor-aquifers-bbox"}},{"type":"Feature","geometry":{"type":"MultiPolygon","coordinates":[[[[-99.00177,31.05],[-98.96709,30.93442],[-98.93884,30.93679],[-98.95944,31.05],[-99.00177,31.05]]]]},"properties":{"layer":"aquifer","aquifer":"Hickory","rank":"minor","code":"2","extent":"subsurface","source":"twdb-minor-aquifers-bbox"}},{"type":"Feature","geometry":{"type":"MultiPolygon","coordinates":[[[[-99.3548,31.05],[-99.2483,30.96737],[-99.2022,30.98294],[-99.27339,31.05],[-99.3548,31.05]]]]},"properties":{"layer":"aquifer","aquifer":"Hickory","rank":"minor","code":"2","extent":"subsurface","source":"twdb-minor-aquifers-bbox"}},{"type":"Feature","geometry":{"type":"MultiPolygon","coordinates":[[[[-98.95944,31.05],[-98.93884,30.93679],[-98.91142,30.94674],[-98.91838,31.05],[-98.95944,31.05]]]]},"properties":{"layer":"aquifer","aquifer":"Hickory","rank":"minor","code":"2","extent":"subsurface","source":"twdb-minor-aquifers-bbox"}},{"type":"Feature","geometry":{"type":"MultiPolygon","coordinates":[[[[-98.91838,31.05],[-98.91142,30.94674],[-98.88241,30.94921],[-98.8778,31.05],[-98.91838,31.05]]]]},"properties":{"layer":"aquifer","aquifer":"Hickory","rank":"minor","code":"2","extent":"subsurface","source":"twdb-minor-aquifers-bbox"}},{"type":"Feature","geometry":{"type":"MultiPolygon","coordinates":[[[[-99.45584,31.05],[-99.27249,30.93318],[-99.2483,30.96737],[-99.3548,31.05],[-99.45584,31.05]]]]},"properties":{"layer":"aquifer","aquifer":"Hickory","rank":"minor","code":"2","extent":"subsurface","source":"twdb-minor-aquifers-bbox"}},{"type":"Feature","geometry":{"type":"MultiPolygon","coordinates":[[[[-98.83688,31.05],[-98.8633,30.88442],[-98.8383,30.89296],[-98.79487,31.05],[-98.83688,31.05]]]]},"properties":{"layer":"aquifer","aquifer":"Hickory","rank":"minor","code":"2","extent":"subsurface","source":"twdb-minor-aquifers-bbox"}},{"type":"Feature","geometry":{"type":"MultiPolygon","coordinates":[[[[-98.79487,31.05],[-98.8383,30.89296],[-98.80735,30.90856],[-98.7509,31.05],[-98.79487,31.05]]]]},"properties":{"layer":"aquifer","aquifer":"Hickory","rank":"minor","code":"2","extent":"subsurface","source":"twdb-minor-aquifers-bbox"}},{"type":"Feature","geometry":{"type":"MultiPolygon","coordinates":[[[[-98.8778,31.05],[-98.88241,30.94921],[-98.8633,30.88442],[-98.83688,31.05],[-98.8778,31.05]]]]},"properties":{"layer":"aquifer","aquifer":"Hickory","rank":"minor","code":"2","extent":"subsurface","source":"twdb-minor-aquifers-bbox"}},{"type":"Feature","geometry":{"type":"MultiPolygon","coordinates":[[[[-98.7509,31.05],[-98.80735,30.90856],[-98.7661,30.93275],[-98.70393,31.05],[-98.7509,31.05]]]]},"properties":{"layer":"aquifer","aquifer":"Hickory","rank":"minor","code":"2","extent":"subsurface","source":"twdb-minor-aquifers-bbox"}},{"type":"Feature","geometry":{"type":"MultiPolygon","coordinates":[[[[-98.70393,31.05],[-98.7661,30.93275],[-98.71527,30.957],[-98.65263,31.05],[-98.70393,31.05]]]]},"properties":{"layer":"aquifer","aquifer":"Hickory","rank":"minor","code":"2","extent":"subsurface","source":"twdb-minor-aquifers-bbox"}},{"type":"Feature","geometry":{"type":"MultiPolygon","coordinates":[[[[-98.65263,31.05],[-98.71527,30.957],[-98.66377,30.96778],[-98.5952,31.05],[-98.65263,31.05]]]]},"properties":{"layer":"aquifer","aquifer":"Hickory","rank":"minor","code":"2","extent":"subsurface","source":"twdb-minor-aquifers-bbox"}},{"type":"Feature","geometry":{"type":"MultiPolygon","coordinates":[[[[-98.5952,31.05],[-98.66377,30.96778],[-98.63698,30.94402],[-98.52908,31.05],[-98.5952,31.05]]]]},"properties":{"layer":"aquifer","aquifer":"Hickory","rank":"minor","code":"2","extent":"subsurface","source":"twdb-minor-aquifers-bbox"}},{"type":"Feature","geometry":{"type":"MultiPolygon","coordinates":[[[[-99.58717,31.05],[-99.30157,30.90237],[-99.27249,30.93318],[-99.45584,31.05],[-99.58717,31.05]]]]},"properties":{"layer":"aquifer","aquifer":"Hickory","rank":"minor","code":"2","extent":"subsurface","source":"twdb-minor-aquifers-bbox"}},{"type":"Feature","geometry":{"type":"MultiPolygon","coordinates":[[[[-98.52908,31.05],[-98.63698,30.94402],[-98.61466,30.91733],[-98.45066,31.05],[-98.52908,31.05]]]]},"properties":{"layer":"aquifer","aquifer":"Hickory","rank":"minor","code":"2","extent":"subsurface","source":"twdb-minor-aquifers-bbox"}},{"type":"Feature","geometry":{"type":"MultiPolygon","coordinates":[[[[-98.45066,31.05],[-98.61466,30.91733],[-98.60454,30.88356],[-98.35413,31.05],[-98.45066,31.05]]]]},"properties":{"layer":"aquifer","aquifer":"Hickory","rank":"minor","code":"2","extent":"subsurface","source":"twdb-minor-aquifers-bbox"}},{"type":"Feature","geometry":{"type":"MultiPolygon","coordinates":[[[[-98.35413,31.05],[-98.60454,30.88356],[-98.57653,30.86266],[-98.22987,31.05],[-98.35413,31.05]]]]},"properties":{"layer":"aquifer","aquifer":"Hickory","rank":"minor","code":"2","extent":"subsurface","source":"twdb-minor-aquifers-bbox"}},{"type":"Feature","geometry":{"type":"MultiPolygon","coordinates":[[[[-99.76913,31.05],[-99.29951,30.85753],[-99.30157,30.90237],[-99.58717,31.05],[-99.76913,31.05]]]]},"properties":{"layer":"aquifer","aquifer":"Hickory","rank":"minor","code":"2","extent":"subsurface","source":"twdb-minor-aquifers-bbox"}},{"type":"Feature","geometry":{"type":"MultiPolygon","coordinates":[[[[-98.22987,31.05],[-98.57653,30.86266],[-98.47278,30.87254],[-98.06002,31.05],[-98.22987,31.05]]]]},"properties":{"layer":"aquifer","aquifer":"Hickory","rank":"minor","code":"2","extent":"subsurface","source":"twdb-minor-aquifers-bbox"}},{"type":"Feature","geometry":{"type":"MultiPolygon","coordinates":[[[[-99.81636,31.05],[-99.82537,30.98174],[-99.31489,30.82247],[-99.29951,30.85753],[-99.76913,31.05],[-99.81636,31.05]]]]},"properties":{"layer":"aquifer","aquifer":"Hickory","rank":"minor","code":"2","extent":"subsurface","source":"twdb-minor-aquifers-bbox"}},{"type":"Feature","geometry":{"type":"MultiPolygon","coordinates":[[[[-98.01061,30.99793],[-98.01269,31.00881],[-98.02483,31.02372],[-98.0545,31.05],[-98.06002,31.05],[-98.42904,30.89144],[-98.39592,30.85594],[-98.0063,30.98451],[-98.01061,30.99793]]]]},"properties":{"layer":"aquifer","aquifer":"Hickory","rank":"minor","code":"2","extent":"subsurface","source":"twdb-minor-aquifers-bbox"}},{"type":"Feature","geometry":{"type":"MultiPolygon","coordinates":[[[[-97.99239,30.92173],[-98.00259,30.95808],[-98.0063,30.98451],[-98.39592,30.85594],[-98.31644,30.82874],[-97.98636,30.90706],[-97.99239,30.92173]]]]},"properties":{"layer":"aquifer","aquifer":"Hickory","rank":"minor","code":"2","extent":"subsurface","source":"twdb-minor-aquifers-bbox"}},{"type":"Feature","geometry":{"type":"MultiPolygon","coordinates":[[[[-99.38705,30.79997],[-99.31489,30.82247],[-99.82537,30.98174],[-99.82955,30.89752],[-99.38705,30.79997]]]]},"properties":{"layer":"aquifer","aquifer":"Hickory","rank":"minor","code":"2","extent":"subsurface","source":"twdb-minor-aquifers-bbox"}},{"type":"Feature","geometry":{"type":"MultiPolygon","coordinates":[[[[-97.962,30.84748],[-97.97018,30.87176],[-97.98636,30.90706],[-98.31644,30.82874],[-98.29093,30.78183],[-97.95727,30.83172],[-97.962,30.84748]]]]},"properties":{"layer":"aquifer","aquifer":"Hickory","rank":"minor","code":"2","extent":"subsurface","source":"twdb-minor-aquifers-bbox"}},{"type":"Feature","geometry":{"type":"MultiPolygon","coordinates":[[[[-99.82983,30.88277],[-99.82708,30.86405],[-99.81264,30.81388],[-99.39793,30.75848],[-99.38705,30.79997],[-99.82955,30.89752],[-99.82983,30.88277]]]]},"properties":{"layer":"aquifer","aquifer":"Hickory","rank":"minor","code":"2","extent":"subsurface","source":"twdb-minor-aquifers-bbox"}},{"type":"Feature","geometry":{"type":"MultiPolygon","coordinates":[[[[-97.94939,30.7581],[-97.94851,30.7821],[-97.95727,30.83172],[-98.29093,30.78183],[-98.3492,30.72674],[-97.94996,30.75268],[-97.94939,30.7581]]]]},"properties":{"layer":"aquifer","aquifer":"Hickory","rank":"minor","code":"2","extent":"subsurface","source":"twdb-minor-aquifers-bbox"}},{"type":"Feature","geometry":{"type":"MultiPolygon","coordinates":[[[[-99.81267,30.80153],[-99.81383,30.78486],[-99.80427,30.73587],[-99.21914,30.70667],[-99.39793,30.75848],[-99.81264,30.81388],[-99.81267,30.80153]]]]},"properties":{"layer":"aquifer","aquifer":"Hickory","rank":"minor","code":"2","extent":"subsurface","source":"twdb-minor-aquifers-bbox"}},{"type":"Feature","geometry":{"type":"MultiPolygon","coordinates":[[[[-97.95966,30.67504],[-97.95238,30.72006],[-97.94996,30.75268],[-98.3492,30.72674],[-98.38545,30.68175],[-97.95966,30.67504]]]]},"properties":{"layer":"aquifer","aquifer":"Hickory","rank":"minor","code":"2","extent":"subsurface","source":"twdb-minor-aquifers-bbox"}},{"type":"Feature","geometry":{"type":"MultiPolygon","coordinates":[[[[-99.80241,30.72502],[-99.80508,30.69993],[-99.80074,30.68333],[-99.80527,30.65975],[-99.24581,30.67866],[-99.21914,30.70667],[-99.80427,30.73587],[-99.80241,30.72502]]]]},"properties":{"layer":"aquifer","aquifer":"Hickory","rank":"minor","code":"2","extent":"subsurface","source":"twdb-minor-aquifers-bbox"}},{"type":"Feature","geometry":{"type":"MultiPolygon","coordinates":[[[[-97.97378,30.60291],[-97.9599,30.67389],[-98.38545,30.68175],[-98.28356,30.6287],[-97.97431,30.59688],[-97.97378,30.60291]]]]},"properties":{"layer":"aquifer","aquifer":"Hickory","rank":"minor","code":"2","extent":"subsurface","source":"twdb-minor-aquifers-bbox"}},{"type":"Feature","geometry":{"type":"MultiPolygon","coordinates":[[[[-99.80659,30.64942],[-99.81312,30.58183],[-99.17622,30.65703],[-99.24581,30.67866],[-99.80527,30.65975],[-99.80659,30.64942]]]]},"properties":{"layer":"aquifer","aquifer":"Hickory","rank":"minor","code":"2","extent":"subsurface","source":"twdb-minor-aquifers-bbox"}},{"type":"Feature","geometry":{"type":"MultiPolygon","coordinates":[[[[-98.65653,30.64587],[-98.56065,30.62837],[-98.55062,30.6558],[-98.62008,30.66309],[-98.65653,30.64587]]]]},"properties":{"layer":"aquifer","aquifer":"Hickory","rank":"minor","code":"2","extent":"subsurface","source":"twdb-minor-aquifers-bbox"}},{"type":"Feature","geometry":{"type":"MultiPolygon","coordinates":[[[[-99.81361,30.57094],[-99.8183,30.50118],[-99.21409,30.62501],[-99.17622,30.65703],[-99.81312,30.58183],[-99.81361,30.57094]]]]},"properties":{"layer":"aquifer","aquifer":"Hickory","rank":"minor","code":"2","extent":"subsurface","source":"twdb-minor-aquifers-bbox"}},{"type":"Feature","geometry":{"type":"MultiPolygon","coordinates":[[[[-98.56065,30.62837],[-98.65653,30.64587],[-98.66696,30.62797],[-98.55941,30.59812],[-98.56065,30.62837]]]]},"properties":{"layer":"aquifer","aquifer":"Hickory","rank":"minor","code":"2","extent":"subsurface","source":"twdb-minor-aquifers-bbox"}},{"type":"Feature","geometry":{"type":"MultiPolygon","coordinates":[[[[-97.99007,30.5238],[-97.97431,30.59688],[-98.28356,30.6287],[-98.29662,30.57868],[-97.9905,30.52084],[-97.99007,30.5238]]]]},"properties":{"layer":"aquifer","aquifer":"Hickory","rank":"minor","code":"2","extent":"subsurface","source":"twdb-minor-aquifers-bbox"}},{"type":"Feature","geometry":{"type":"MultiPolygon","coordinates":[[[[-98.94587,30.63238],[-98.96694,30.62477],[-98.98375,30.60945],[-98.98182,30.59282],[-98.94587,30.63238]]]]},"properties":{"layer":"aquifer","aquifer":"Hickory","rank":"minor","code":"2","extent":"subsurface","source":"twdb-minor-aquifers-bbox"}},{"type":"Feature","geometry":{"type":"MultiPolygon","coordinates":[[[[-98.98182,30.59282],[-98.94704,30.61712],[-98.93723,30.63048],[-98.94587,30.63238],[-98.98182,30.59282]]]]},"properties":{"layer":"aquifer","aquifer":"Hickory","rank":"minor","code":"2","extent":"subsurface","source":"twdb-minor-aquifers-bbox"}},{"type":"Feature","geometry":{"type":"MultiPolygon","coordinates":[[[[-98.55941,30.59812],[-98.66696,30.62797],[-98.66239,30.6038],[-98.60354,30.58198],[-98.55941,30.59812]]]]},"properties":{"layer":"aquifer","aquifer":"Hickory","rank":"minor","code":"2","extent":"subsurface","source":"twdb-minor-aquifers-bbox"}},{"type":"Feature","geometry":{"type":"MultiPolygon","coordinates":[[[[-99.81799,30.49499],[-99.81832,30.45702],[-99.81082,30.41957],[-99.14369,30.61667],[-99.21409,30.62501],[-99.8183,30.50118],[-99.81799,30.49499]]]]},"properties":{"layer":"aquifer","aquifer":"Hickory","rank":"minor","code":"2","extent":"subsurface","source":"twdb-minor-aquifers-bbox"}},{"type":"Feature","geometry":{"type":"MultiPolygon","coordinates":[[[[-99.8095,30.41299],[-99.79738,30.37097],[-99.78188,30.34213],[-99.16533,30.58417],[-99.14369,30.61667],[-99.81082,30.41957],[-99.8095,30.41299]]]]},"properties":{"layer":"aquifer","aquifer":"Hickory","rank":"minor","code":"2","extent":"subsurface","source":"twdb-minor-aquifers-bbox"}},{"type":"Feature","geometry":{"type":"MultiPolygon","coordinates":[[[[-99.01105,30.5841],[-98.9885,30.60448],[-98.9899,30.6056],[-99.0131,30.58456],[-99.01105,30.5841]]]]},"properties":{"layer":"aquifer","aquifer":"Hickory","rank":"minor","code":"2","extent":"subsurface","source":"twdb-minor-aquifers-bbox"}},{"type":"Feature","geometry":{"type":"MultiPolygon","coordinates":[[[[-99.63577,30.21695],[-99.57609,30.17799],[-99.02523,30.59173],[-99.13393,30.54293],[-99.64739,30.22643],[-99.63577,30.21695]]]]},"properties":{"layer":"aquifer","aquifer":"Hickory","rank":"minor","code":"2","extent":"subsurface","source":"twdb-minor-aquifers-bbox"}},{"type":"Feature","geometry":{"type":"MultiPolygon","coordinates":[[[[-99.56793,30.17254],[-99.54412,30.15728],[-99.50237,30.13597],[-99.09873,30.50423],[-99.02523,30.59173],[-99.57609,30.17799],[-99.56793,30.17254]]]]},"properties":{"layer":"aquifer","aquifer":"Hickory","rank":"minor","code":"2","extent":"subsurface","source":"twdb-minor-aquifers-bbox"}},{"type":"Feature","geometry":{"type":"MultiPolygon","coordinates":[[[[-98.00123,30.45706],[-97.9905,30.52084],[-98.29662,30.57868],[-98.35204,30.54049],[-98.00207,30.44297],[-98.00123,30.45706]]]]},"properties":{"layer":"aquifer","aquifer":"Hickory","rank":"minor","code":"2","extent":"subsurface","source":"twdb-minor-aquifers-bbox"}},{"type":"Feature","geometry":{"type":"MultiPolygon","coordinates":[[[[-99.12438,30.54887],[-99.08589,30.57113],[-99.0868,30.57248],[-99.12438,30.54887]]]]},"properties":{"layer":"aquifer","aquifer":"Hickory","rank":"minor","code":"2","extent":"subsurface","source":"twdb-minor-aquifers-bbox"}},{"type":"Feature","geometry":{"type":"MultiPolygon","coordinates":[[[[-99.49552,30.13168],[-99.44926,30.11342],[-99.42092,30.10684],[-99.01509,30.55641],[-99.09873,30.50423],[-99.50237,30.13597],[-99.49552,30.13168]]]]},"properties":{"layer":"aquifer","aquifer":"Hickory","rank":"minor","code":"2","extent":"subsurface","source":"twdb-minor-aquifers-bbox"}},{"type":"Feature","geometry":{"type":"MultiPolygon","coordinates":[[[[-99.41354,30.10619],[-99.36379,30.10231],[-99.33345,30.09335],[-99.01609,30.52481],[-99.01509,30.55641],[-99.42092,30.10684],[-99.41354,30.10619]]]]},"properties":{"layer":"aquifer","aquifer":"Hickory","rank":"minor","code":"2","extent":"subsurface","source":"twdb-minor-aquifers-bbox"}},{"type":"Feature","geometry":{"type":"MultiPolygon","coordinates":[[[[-98.01387,30.37468],[-98.00207,30.44297],[-98.35204,30.54049],[-98.408,30.50964],[-98.01518,30.36265],[-98.01387,30.37468]]]]},"properties":{"layer":"aquifer","aquifer":"Hickory","rank":"minor","code":"2","extent":"subsurface","source":"twdb-minor-aquifers-bbox"}},{"type":"Feature","geometry":{"type":"MultiPolygon","coordinates":[[[[-99.32376,30.08924],[-99.28769,30.06787],[-99.26856,30.05377],[-99.00931,30.49488],[-99.01609,30.52481],[-99.33345,30.09335],[-99.32376,30.08924]]]]},"properties":{"layer":"aquifer","aquifer":"Hickory","rank":"minor","code":"2","extent":"subsurface","source":"twdb-minor-aquifers-bbox"}},{"type":"Feature","geometry":{"type":"MultiPolygon","coordinates":[[[[-98.03275,30.28915],[-98.02523,30.31264],[-98.01518,30.36265],[-98.408,30.50964],[-98.48804,30.49734],[-98.0353,30.28095],[-98.03275,30.28915]]]]},"properties":{"layer":"aquifer","aquifer":"Hickory","rank":"minor","code":"2","extent":"subsurface","source":"twdb-minor-aquifers-bbox"}},{"type":"Feature","geometry":{"type":"MultiPolygon","coordinates":[[[[-98.06773,30.2143],[-98.0594,30.22273],[-98.04842,30.24067],[-98.0353,30.28095],[-98.48804,30.49734],[-98.53031,30.47553],[-98.07635,30.20607],[-98.06773,30.2143]]]]},"properties":{"layer":"aquifer","aquifer":"Hickory","rank":"minor","code":"2","extent":"subsurface","source":"twdb-minor-aquifers-bbox"}},{"type":"Feature","geometry":{"type":"MultiPolygon","coordinates":[[[[-98.93577,30.49573],[-98.96072,30.48936],[-99.13876,29.95],[-99.05206,29.95],[-98.93577,30.49573]]]]},"properties":{"layer":"aquifer","aquifer":"Hickory","rank":"minor","code":"2","extent":"subsurface","source":"twdb-minor-aquifers-bbox"}},{"type":"Feature","geometry":{"type":"MultiPolygon","coordinates":[[[[-98.91399,30.49339],[-98.93577,30.49573],[-99.05206,29.95],[-98.96845,29.95],[-98.91399,30.49339]]]]},"properties":{"layer":"aquifer","aquifer":"Hickory","rank":"minor","code":"2","extent":"subsurface","source":"twdb-minor-aquifers-bbox"}},{"type":"Feature","geometry":{"type":"MultiPolygon","coordinates":[[[[-99.25937,30.04695],[-99.24014,30.03352],[-99.20623,30.00346],[-98.98608,30.48842],[-99.00931,30.49488],[-99.26856,30.05377],[-99.25937,30.04695]]]]},"properties":{"layer":"aquifer","aquifer":"Hickory","rank":"minor","code":"2","extent":"subsurface","source":"twdb-minor-aquifers-bbox"}},{"type":"Feature","geometry":{"type":"MultiPolygon","coordinates":[[[[-98.89182,30.47004],[-98.91399,30.49339],[-98.96845,29.95],[-98.88623,29.95],[-98.89182,30.47004]]]]},"properties":{"layer":"aquifer","aquifer":"Hickory","rank":"minor","code":"2","extent":"subsurface","source":"twdb-minor-aquifers-bbox"}},{"type":"Feature","geometry":{"type":"MultiPolygon","coordinates":[[[[-99.20159,29.99892],[-99.15509,29.95522],[-99.14755,29.95],[-99.13876,29.95],[-98.96072,30.48936],[-98.98608,30.48842],[-99.20623,30.00346],[-99.20159,29.99892]]]]},"properties":{"layer":"aquifer","aquifer":"Hickory","rank":"minor","code":"2","extent":"subsurface","source":"twdb-minor-aquifers-bbox"}},{"type":"Feature","geometry":{"type":"MultiPolygon","coordinates":[[[[-98.13646,30.15831],[-98.07635,30.20607],[-98.53031,30.47553],[-98.43961,30.36223],[-98.14648,30.14915],[-98.13646,30.15831]]]]},"properties":{"layer":"aquifer","aquifer":"Hickory","rank":"minor","code":"2","extent":"subsurface","source":"twdb-minor-aquifers-bbox"}},{"type":"Feature","geometry":{"type":"MultiPolygon","coordinates":[[[[-98.86643,30.46336],[-98.89182,30.47004],[-98.88623,29.95],[-98.80384,29.95],[-98.86643,30.46336]]]]},"properties":{"layer":"aquifer","aquifer":"Hickory","rank":"minor","code":"2","extent":"subsurface","source":"twdb-minor-aquifers-bbox"}},{"type":"Feature","geometry":{"type":"MultiPolygon","coordinates":[[[[-98.83965,30.45936],[-98.86643,30.46336],[-98.80384,29.95],[-98.71975,29.95],[-98.83965,30.45936]]]]},"properties":{"layer":"aquifer","aquifer":"Hickory","rank":"minor","code":"2","extent":"subsurface","source":"twdb-minor-aquifers-bbox"}},{"type":"Feature","geometry":{"type":"MultiPolygon","coordinates":[[[[-98.70577,29.95039],[-98.63568,29.95964],[-98.81046,30.45422],[-98.83965,30.45936],[-98.71975,29.95],[-98.70577,29.95039]]]]},"properties":{"layer":"aquifer","aquifer":"Hickory","rank":"minor","code":"2","extent":"subsurface","source":"twdb-minor-aquifers-bbox"}},{"type":"Feature","geometry":{"type":"MultiPolygon","coordinates":[[[[-98.62683,29.96143],[-98.58088,29.96991],[-98.55265,29.97763],[-98.74628,30.38248],[-98.81046,30.45422],[-98.63568,29.95964],[-98.62683,29.96143]]]]},"properties":{"layer":"aquifer","aquifer":"Hickory","rank":"minor","code":"2","extent":"subsurface","source":"twdb-minor-aquifers-bbox"}},{"type":"Feature","geometry":{"type":"MultiPolygon","coordinates":[[[[-98.46854,30.016],[-98.44631,30.02508],[-98.39426,30.0377],[-98.68515,30.41814],[-98.7264,30.41829],[-98.47683,30.01197],[-98.46854,30.016]]]]},"properties":{"layer":"aquifer","aquifer":"Hickory","rank":"minor","code":"2","extent":"subsurface","source":"twdb-minor-aquifers-bbox"}},{"type":"Feature","geometry":{"type":"MultiPolygon","coordinates":[[[[-98.38532,30.03925],[-98.29956,30.05601],[-98.62052,30.39921],[-98.68515,30.41814],[-98.39426,30.0377],[-98.38532,30.03925]]]]},"properties":{"layer":"aquifer","aquifer":"Hickory","rank":"minor","code":"2","extent":"subsurface","source":"twdb-minor-aquifers-bbox"}},{"type":"Feature","geometry":{"type":"MultiPolygon","coordinates":[[[[-98.54598,29.9801],[-98.47683,30.01197],[-98.7264,30.41829],[-98.74628,30.38248],[-98.55265,29.97763],[-98.54598,29.9801]]]]},"properties":{"layer":"aquifer","aquifer":"Hickory","rank":"minor","code":"2","extent":"subsurface","source":"twdb-minor-aquifers-bbox"}},{"type":"Feature","geometry":{"type":"MultiPolygon","coordinates":[[[[-98.29956,30.05601],[-98.28341,30.06057],[-98.22016,30.09818],[-98.5431,30.38274],[-98.62052,30.39921],[-98.29956,30.05601]]]]},"properties":{"layer":"aquifer","aquifer":"Hickory","rank":"minor","code":"2","extent":"subsurface","source":"twdb-minor-aquifers-bbox"}},{"type":"Feature","geometry":{"type":"MultiPolygon","coordinates":[[[[-98.21194,30.10374],[-98.14648,30.14915],[-98.43961,30.36223],[-98.48929,30.3355],[-98.22016,30.09818],[-98.21194,30.10374]]]]},"properties":{"layer":"aquifer","aquifer":"Hickory","rank":"minor","code":"2","extent":"subsurface","source":"twdb-minor-aquifers-bbox"}},{"type":"Feature","geometry":{"type":"MultiPolygon","coordinates":[[[[-98.64596,30.57258],[-98.64658,30.57072],[-98.634,30.56496],[-98.63334,30.56646],[-98.64596,30.57258]]]]},"properties":{"layer":"aquifer","aquifer":"Hickory","rank":"minor","code":"2","extent":"subsurface","source":"twdb-minor-aquifers-bbox"}},{"type":"Feature","geometry":{"type":"MultiPolygon","coordinates":[[[[-98.61719,30.55869],[-98.61837,30.55739],[-98.60988,30.55345],[-98.6092,30.55521],[-98.61719,30.55869]]]]},"properties":{"layer":"aquifer","aquifer":"Hickory","rank":"minor","code":"2","extent":"subsurface","source":"twdb-minor-aquifers-bbox"}},{"type":"Feature","geometry":{"type":"MultiPolygon","coordinates":[[[[-98.60289,30.55206],[-98.59289,30.54527],[-98.59232,30.54693],[-98.60289,30.55206]]]]},"properties":{"layer":"aquifer","aquifer":"Hickory","rank":"minor","code":"2","extent":"subsurface","source":"twdb-minor-aquifers-bbox"}},{"type":"Feature","geometry":{"type":"MultiPolygon","coordinates":[[[[-98.64339,30.54296],[-98.60864,30.52087],[-98.60781,30.5222],[-98.64339,30.54296]]]]},"properties":{"layer":"aquifer","aquifer":"Hickory","rank":"minor","code":"2","extent":"subsurface","source":"twdb-minor-aquifers-bbox"}},{"type":"Feature","geometry":{"type":"MultiPolygon","coordinates":[[[[-98.56749,30.68577],[-98.56653,30.68384],[-98.56138,30.68437],[-98.56749,30.68577]]]]},"properties":{"layer":"aquifer","aquifer":"Hickory","rank":"minor","code":"2","extent":"subsurface","source":"twdb-minor-aquifers-bbox"}},{"type":"Feature","geometry":{"type":"MultiPolygon","coordinates":[[[[-99.70401,30.26302],[-99.64739,30.22546],[-99.13394,30.54195],[-99.15959,30.55764],[-99.72289,30.27675],[-99.70401,30.26302]]]]},"properties":{"layer":"aquifer","aquifer":"Hickory","rank":"minor","code":"2","extent":"subsurface","source":"twdb-minor-aquifers-bbox"}},{"type":"Feature","geometry":{"type":"MultiPolygon","coordinates":[[[[-98.56091,31.05],[-98.57032,31.0389],[-98.57769,31.03449],[-98.58466,31.02428],[-98.59491,31.02319],[-98.59673,31.02107],[-98.61047,31.00267],[-98.60879,31.00037],[-98.60116,30.99905],[-98.59058,31.00094],[-98.5824,31.00828],[-98.57643,31.02032],[-98.56249,31.02674],[-98.56397,31.03437],[-98.55198,31.03391],[-98.55244,31.03678],[-98.54863,31.0354],[-98.54648,31.04079],[-98.54153,31.03746],[-98.53841,31.05],[-98.5296,31.05],[-98.53141,31.04629],[-98.52602,31.05],[-98.41124,31.05],[-98.41467,31.04547],[-98.41193,31.04547],[-98.40737,31.04828],[-98.40784,31.04587],[-98.40583,31.04576],[-98.4032,31.05],[-98.56091,31.05]]]]},"properties":{"layer":"aquifer","aquifer":"Marble Falls","rank":"minor","code":"1","extent":"outcrop","source":"twdb-minor-aquifers-bbox"}},{"type":"Feature","geometry":{"type":"MultiPolygon","coordinates":[[[[-99.07013,31.00944],[-99.08167,30.99807],[-99.07914,30.99455],[-99.06707,31.00569],[-99.0644,31.01408],[-99.07013,31.00944]]]]},"properties":{"layer":"aquifer","aquifer":"Marble Falls","rank":"minor","code":"1","extent":"outcrop","source":"twdb-minor-aquifers-bbox"}},{"type":"Feature","geometry":{"type":"MultiPolygon","coordinates":[[[[-99.40019,30.99241],[-99.4013,30.99052],[-99.39751,30.99047],[-99.38542,30.9982],[-99.38006,31.00382],[-99.37691,31.01013],[-99.37778,31.01334],[-99.38267,31.01242],[-99.38508,31.00629],[-99.39224,31.00577],[-99.40019,30.99241]]]]},"properties":{"layer":"aquifer","aquifer":"Marble Falls","rank":"minor","code":"1","extent":"outcrop","source":"twdb-minor-aquifers-bbox"}},{"type":"Feature","geometry":{"type":"MultiPolygon","coordinates":[[[[-98.61896,30.97639],[-98.62043,30.97868],[-98.62672,30.97466],[-98.62763,30.9695],[-98.62432,30.9683],[-98.6189,30.97163],[-98.61896,30.97639]]]]},"properties":{"layer":"aquifer","aquifer":"Marble Falls","rank":"minor","code":"1","extent":"outcrop","source":"twdb-minor-aquifers-bbox"}},{"type":"Feature","geometry":{"type":"MultiPolygon","coordinates":[[[[-98.50882,30.94372],[-98.51591,30.94268],[-98.51769,30.93924],[-98.51365,30.93753],[-98.50861,30.93931],[-98.50624,30.94418],[-98.50882,30.94372]]]]},"properties":{"layer":"aquifer","aquifer":"Marble Falls","rank":"minor","code":"1","extent":"outcrop","source":"twdb-minor-aquifers-bbox"}},{"type":"Feature","geometry":{"type":"MultiPolygon","coordinates":[[[[-98.35645,30.89627],[-98.35717,30.88865],[-98.3508,30.88265],[-98.34452,30.89113],[-98.34738,30.89783],[-98.35082,30.8976],[-98.3511,30.90178],[-98.35645,30.89627]]]]},"properties":{"layer":"aquifer","aquifer":"Marble Falls","rank":"minor","code":"1","extent":"outcrop","source":"twdb-minor-aquifers-bbox"}},{"type":"Feature","geometry":{"type":"MultiPolygon","coordinates":[[[[-99.25911,30.71629],[-99.26361,30.71445],[-99.26448,30.71703],[-99.26699,30.71691],[-99.28314,30.70761],[-99.28658,30.70234],[-99.29585,30.70147],[-99.30518,30.6916],[-99.30589,30.67957],[-99.27533,30.70957],[-99.26427,30.71205],[-99.26353,30.70987],[-99.25819,30.71316],[-99.25911,30.71629]]]]},"properties":{"layer":"aquifer","aquifer":"Marble Falls","rank":"minor","code":"1","extent":"outcrop","source":"twdb-minor-aquifers-bbox"}},{"type":"Feature","geometry":{"type":"MultiPolygon","coordinates":[[[[-99.40601,30.69742],[-99.41177,30.69656],[-99.41776,30.68757],[-99.41222,30.68796],[-99.40931,30.69272],[-99.40553,30.6937],[-99.40824,30.689],[-99.40618,30.68551],[-99.40923,30.68115],[-99.40186,30.67801],[-99.39944,30.68122],[-99.39404,30.70956],[-99.39729,30.71107],[-99.39959,30.70253],[-99.40568,30.70046],[-99.40601,30.69742]]]]},"properties":{"layer":"aquifer","aquifer":"Marble Falls","rank":"minor","code":"1","extent":"outcrop","source":"twdb-minor-aquifers-bbox"}},{"type":"Feature","geometry":{"type":"MultiPolygon","coordinates":[[[[-99.46756,30.70016],[-99.4622,30.70487],[-99.46313,30.70682],[-99.46815,30.70268],[-99.46756,30.70016]]]]},"properties":{"layer":"aquifer","aquifer":"Marble Falls","rank":"minor","code":"1","extent":"outcrop","source":"twdb-minor-aquifers-bbox"}},{"type":"Feature","geometry":{"type":"MultiPolygon","coordinates":[[[[-99.46901,30.69845],[-99.47162,30.69465],[-99.46768,30.69644],[-99.46901,30.69845]]]]},"properties":{"layer":"aquifer","aquifer":"Marble Falls","rank":"minor","code":"1","extent":"outcrop","source":"twdb-minor-aquifers-bbox"}},{"type":"Feature","geometry":{"type":"MultiPolygon","coordinates":[[[[-99.31099,30.67637],[-99.31284,30.67391],[-99.31695,30.67384],[-99.31568,30.67001],[-99.32084,30.66452],[-99.32057,30.6557],[-99.31697,30.65572],[-99.31957,30.65901],[-99.3166,30.66445],[-99.31826,30.66577],[-99.30769,30.67781],[-99.31099,30.67637]]]]},"properties":{"layer":"aquifer","aquifer":"Marble Falls","rank":"minor","code":"1","extent":"outcrop","source":"twdb-minor-aquifers-bbox"}},{"type":"Feature","geometry":{"type":"MultiPolygon","coordinates":[[[[-99.40364,30.66982],[-99.40537,30.66999],[-99.40405,30.67188],[-99.40801,30.67102],[-99.4158,30.6619],[-99.41679,30.65199],[-99.41361,30.65176],[-99.41605,30.63985],[-99.41016,30.64238],[-99.41228,30.64312],[-99.41155,30.64741],[-99.40474,30.65401],[-99.39739,30.65602],[-99.39501,30.65293],[-99.39719,30.65018],[-99.39155,30.65429],[-99.39439,30.66247],[-99.39906,30.65923],[-99.40112,30.66306],[-99.39668,30.66731],[-99.40483,30.6665],[-99.40185,30.67025],[-99.40364,30.66982]]]]},"properties":{"layer":"aquifer","aquifer":"Marble Falls","rank":"minor","code":"1","extent":"outcrop","source":"twdb-minor-aquifers-bbox"}},{"type":"Feature","geometry":{"type":"MultiPolygon","coordinates":[[[[-99.50365,30.65576],[-99.50263,30.64632],[-99.49814,30.64959],[-99.50021,30.65755],[-99.49539,30.66597],[-99.49973,30.67022],[-99.50598,30.66842],[-99.50915,30.66217],[-99.51333,30.66245],[-99.51307,30.6652],[-99.51959,30.66355],[-99.51389,30.66046],[-99.50707,30.6603],[-99.50365,30.65576]]]]},"properties":{"layer":"aquifer","aquifer":"Marble Falls","rank":"minor","code":"1","extent":"outcrop","source":"twdb-minor-aquifers-bbox"}},{"type":"Feature","geometry":{"type":"MultiPolygon","coordinates":[[[[-98.56,30.63677],[-98.5655,30.64095],[-98.56651,30.64713],[-98.5771,30.64494],[-98.57583,30.63824],[-98.56947,30.64025],[-98.56085,30.63442],[-98.55893,30.63437],[-98.56,30.63677]]]]},"properties":{"layer":"aquifer","aquifer":"Marble Falls","rank":"minor","code":"1","extent":"outcrop","source":"twdb-minor-aquifers-bbox"}},{"type":"Feature","geometry":{"type":"MultiPolygon","coordinates":[[[[-99.5332,30.64463],[-99.53764,30.64628],[-99.54121,30.63986],[-99.54313,30.64061],[-99.54215,30.64284],[-99.54632,30.64215],[-99.54605,30.64438],[-99.55029,30.64037],[-99.54134,30.63649],[-99.54352,30.63471],[-99.54028,30.63528],[-99.54107,30.63213],[-99.53378,30.63495],[-99.53311,30.63077],[-99.52004,30.63031],[-99.52332,30.6384],[-99.52532,30.63943],[-99.52815,30.63582],[-99.52905,30.63901],[-99.53442,30.64026],[-99.5332,30.64463]]]]},"properties":{"layer":"aquifer","aquifer":"Marble Falls","rank":"minor","code":"1","extent":"outcrop","source":"twdb-minor-aquifers-bbox"}},{"type":"Feature","geometry":{"type":"MultiPolygon","coordinates":[[[[-99.34379,30.64145],[-99.35246,30.63703],[-99.35393,30.6431],[-99.36021,30.63662],[-99.37007,30.63363],[-99.36854,30.63179],[-99.35523,30.63342],[-99.34097,30.63835],[-99.34471,30.63864],[-99.34055,30.64151],[-99.33719,30.63978],[-99.33531,30.64389],[-99.34379,30.64145]],[[-99.36066,30.63352],[-99.36028,30.63639],[-99.35736,30.63748],[-99.35431,30.63462],[-99.36066,30.63352]]]]},"properties":{"layer":"aquifer","aquifer":"Marble Falls","rank":"minor","code":"1","extent":"outcrop","source":"twdb-minor-aquifers-bbox"}},{"type":"Feature","geometry":{"type":"MultiPolygon","coordinates":[[[[-98.57964,30.61716],[-98.57653,30.62163],[-98.57852,30.62363],[-98.57576,30.63606],[-98.58384,30.63577],[-98.58483,30.63256],[-98.5939,30.63037],[-98.59483,30.62728],[-98.58488,30.62494],[-98.59064,30.62167],[-98.58455,30.62208],[-98.58686,30.61852],[-98.58354,30.61343],[-98.57964,30.61716]]]]},"properties":{"layer":"aquifer","aquifer":"Marble Falls","rank":"minor","code":"1","extent":"outcrop","source":"twdb-minor-aquifers-bbox"}},{"type":"Feature","geometry":{"type":"MultiPolygon","coordinates":[[[[-98.57048,30.60995],[-98.56651,30.60813],[-98.55823,30.60963],[-98.55679,30.61662],[-98.55785,30.6181],[-98.56056,30.61552],[-98.55872,30.62303],[-98.56024,30.62469],[-98.56428,30.62422],[-98.56229,30.62148],[-98.56274,30.61472],[-98.57254,30.61104],[-98.57048,30.60995]]]]},"properties":{"layer":"aquifer","aquifer":"Marble Falls","rank":"minor","code":"1","extent":"outcrop","source":"twdb-minor-aquifers-bbox"}},{"type":"Feature","geometry":{"type":"MultiPolygon","coordinates":[[[[-99.52386,30.61845],[-99.52749,30.59446],[-99.52377,30.59046],[-99.51885,30.59251],[-99.52289,30.59251],[-99.52554,30.59726],[-99.52134,30.62195],[-99.51592,30.62894],[-99.51857,30.6282],[-99.52386,30.61845]]]]},"properties":{"layer":"aquifer","aquifer":"Marble Falls","rank":"minor","code":"1","extent":"outcrop","source":"twdb-minor-aquifers-bbox"}},{"type":"Feature","geometry":{"type":"MultiPolygon","coordinates":[[[[-99.54153,30.61608],[-99.54883,30.61939],[-99.55016,30.62266],[-99.55228,30.62082],[-99.54836,30.61367],[-99.5416,30.61362],[-99.54153,30.61608]]]]},"properties":{"layer":"aquifer","aquifer":"Marble Falls","rank":"minor","code":"1","extent":"outcrop","source":"twdb-minor-aquifers-bbox"}},{"type":"Feature","geometry":{"type":"MultiPolygon","coordinates":[[[[-98.23026,30.60629],[-98.23199,30.61053],[-98.2367,30.61115],[-98.23669,30.60686],[-98.23993,30.60399],[-98.24721,30.60587],[-98.26562,30.60195],[-98.27784,30.57897],[-98.27663,30.56963],[-98.28509,30.55496],[-98.29534,30.54618],[-98.30991,30.54175],[-98.32753,30.54041],[-98.3323,30.54172],[-98.33118,30.54819],[-98.33654,30.54435],[-98.3345,30.54224],[-98.35373,30.5302],[-98.34434,30.53077],[-98.34163,30.53398],[-98.32632,30.53228],[-98.32248,30.52988],[-98.31142,30.53448],[-98.31029,30.53104],[-98.31394,30.53104],[-98.31207,30.5276],[-98.30069,30.53455],[-98.27855,30.55391],[-98.2668,30.55201],[-98.26614,30.55556],[-98.26171,30.55705],[-98.26497,30.56501],[-98.25477,30.56428],[-98.2582,30.56101],[-98.24793,30.55759],[-98.2439,30.56183],[-98.24371,30.56962],[-98.23254,30.58739],[-98.23236,30.59386],[-98.22853,30.60137],[-98.23085,30.60205],[-98.23026,30.60629]]]]},"properties":{"layer":"aquifer","aquifer":"Marble Falls","rank":"minor","code":"1","extent":"outcrop","source":"twdb-minor-aquifers-bbox"}},{"type":"Feature","geometry":{"type":"MultiPolygon","coordinates":[[[[-98.58172,30.61081],[-98.57711,30.61121],[-98.58122,30.61423],[-98.58357,30.61098],[-98.58172,30.61081]]]]},"properties":{"layer":"aquifer","aquifer":"Marble Falls","rank":"minor","code":"1","extent":"outcrop","source":"twdb-minor-aquifers-bbox"}},{"type":"Feature","geometry":{"type":"MultiPolygon","coordinates":[[[[-98.25636,30.52224],[-98.25039,30.51944],[-98.24946,30.51606],[-98.25131,30.51337],[-98.26567,30.50853],[-98.26637,30.50433],[-98.26268,30.50264],[-98.25904,30.50299],[-98.25362,30.5121],[-98.24667,30.51309],[-98.23965,30.51888],[-98.23476,30.51998],[-98.222,30.53975],[-98.21471,30.53862],[-98.20565,30.54619],[-98.20645,30.54951],[-98.2089,30.54951],[-98.20482,30.56395],[-98.21461,30.55597],[-98.21916,30.54588],[-98.22797,30.5457],[-98.23691,30.5403],[-98.25775,30.52578],[-98.25934,30.52401],[-98.2561,30.52424],[-98.25636,30.52224]]]]},"properties":{"layer":"aquifer","aquifer":"Marble Falls","rank":"minor","code":"1","extent":"outcrop","source":"twdb-minor-aquifers-bbox"}},{"type":"Feature","geometry":{"type":"MultiPolygon","coordinates":[[[[-98.2538,30.53799],[-98.25478,30.53472],[-98.24988,30.53347],[-98.24764,30.54052],[-98.25248,30.54091],[-98.2538,30.53799]]]]},"properties":{"layer":"aquifer","aquifer":"Marble Falls","rank":"minor","code":"1","extent":"outcrop","source":"twdb-minor-aquifers-bbox"}},{"type":"Feature","geometry":{"type":"MultiPolygon","coordinates":[[[[-98.16383,30.52914],[-98.16793,30.53728],[-98.17706,30.52005],[-98.18449,30.52646],[-98.18636,30.53436],[-98.18966,30.52731],[-98.19369,30.52467],[-98.19543,30.53022],[-98.20171,30.52695],[-98.19981,30.53451],[-98.20564,30.53519],[-98.20524,30.53771],[-98.21212,30.53175],[-98.21528,30.51691],[-98.20837,30.50277],[-98.20625,30.50632],[-98.20306,30.50473],[-98.19943,30.50765],[-98.20062,30.50438],[-98.1973,30.50021],[-98.191,30.49924],[-98.18822,30.49581],[-98.19343,30.48504],[-98.19189,30.47393],[-98.20995,30.4584],[-98.19457,30.46112],[-98.19895,30.46472],[-98.18897,30.4743],[-98.19115,30.47664],[-98.18838,30.48043],[-98.1913,30.48208],[-98.18853,30.49051],[-98.18556,30.492],[-98.18302,30.48433],[-98.1804,30.49888],[-98.16948,30.50668],[-98.1695,30.51522],[-98.16109,30.51592],[-98.15731,30.51856],[-98.15804,30.51529],[-98.15334,30.51507],[-98.15479,30.51736],[-98.15274,30.51931],[-98.1438,30.51943],[-98.14056,30.52316],[-98.1509,30.52658],[-98.16289,30.52508],[-98.1621,30.52846],[-98.16383,30.52914]]]]},"properties":{"layer":"aquifer","aquifer":"Marble Falls","rank":"minor","code":"1","extent":"outcrop","source":"twdb-minor-aquifers-bbox"}},{"type":"Feature","geometry":{"type":"MultiPolygon","coordinates":[[[[-98.14967,30.50543],[-98.15318,30.49895],[-98.15053,30.49867],[-98.1414,30.50573],[-98.13775,30.5035],[-98.13894,30.50212],[-98.13615,30.49852],[-98.13636,30.5043],[-98.13954,30.50699],[-98.13497,30.50522],[-98.13585,30.51484],[-98.13487,30.52023],[-98.13208,30.52132],[-98.13493,30.52137],[-98.13534,30.52509],[-98.13785,30.52056],[-98.14136,30.52084],[-98.13883,30.51821],[-98.14021,30.51289],[-98.14611,30.51179],[-98.14538,30.50956],[-98.14967,30.50543]]]]},"properties":{"layer":"aquifer","aquifer":"Marble Falls","rank":"minor","code":"1","extent":"outcrop","source":"twdb-minor-aquifers-bbox"}},{"type":"Feature","geometry":{"type":"MultiPolygon","coordinates":[[[[-98.23639,30.5052],[-98.23634,30.51298],[-98.24077,30.50931],[-98.24677,30.49802],[-98.25623,30.48741],[-98.24564,30.49109],[-98.24087,30.49036],[-98.23718,30.49884],[-98.23274,30.50108],[-98.23253,30.49426],[-98.22829,30.49765],[-98.22759,30.49101],[-98.21548,30.51697],[-98.21925,30.51908],[-98.22455,30.51655],[-98.22588,30.51941],[-98.23116,30.51213],[-98.23528,30.51379],[-98.23473,30.5056],[-98.23639,30.5052]]]]},"properties":{"layer":"aquifer","aquifer":"Marble Falls","rank":"minor","code":"1","extent":"outcrop","source":"twdb-minor-aquifers-bbox"}},{"type":"Feature","geometry":{"type":"MultiPolygon","coordinates":[[[[-98.25559,30.38077],[-98.26109,30.37601],[-98.25485,30.37344],[-98.25241,30.37734],[-98.24268,30.38222],[-98.2291,30.38344],[-98.24315,30.38394],[-98.25137,30.38725],[-98.25559,30.38077]]]]},"properties":{"layer":"aquifer","aquifer":"Marble Falls","rank":"minor","code":"1","extent":"outcrop","source":"twdb-minor-aquifers-bbox"}},{"type":"Feature","geometry":{"type":"MultiPolygon","coordinates":[[[[-98.26369,30.34536],[-98.26044,30.34296],[-98.26077,30.3405],[-98.26798,30.33957],[-98.26816,30.34158],[-98.27988,30.32782],[-98.27492,30.32713],[-98.27153,30.3221],[-98.25917,30.33672],[-98.24883,30.33737],[-98.26091,30.35041],[-98.26502,30.35109],[-98.26369,30.34536]]]]},"properties":{"layer":"aquifer","aquifer":"Marble Falls","rank":"minor","code":"1","extent":"outcrop","source":"twdb-minor-aquifers-bbox"}},{"type":"Feature","geometry":{"type":"MultiPolygon","coordinates":[[[[-98.31136,30.29438],[-98.32169,30.28486],[-98.32167,30.2773],[-98.31717,30.27839],[-98.30667,30.29868],[-98.30137,30.29806],[-98.29932,30.30012],[-98.29759,30.29652],[-98.29826,30.30162],[-98.28072,30.31264],[-98.28431,30.31601],[-98.27953,30.31579],[-98.28173,30.32168],[-98.28413,30.32338],[-98.28577,30.31876],[-98.29225,30.31342],[-98.2957,30.31382],[-98.31136,30.29438]]]]},"properties":{"layer":"aquifer","aquifer":"Marble Falls","rank":"minor","code":"1","extent":"outcrop","source":"twdb-minor-aquifers-bbox"}},{"type":"Feature","geometry":{"type":"MultiPolygon","coordinates":[[[[-98.50042,30.87926],[-98.49353,30.88128],[-98.49763,30.87881],[-98.49934,30.87085],[-98.48883,30.87479],[-98.4908,30.87338],[-98.48371,30.87218],[-98.48404,30.868],[-98.47987,30.86812],[-98.47874,30.86601],[-98.49601,30.86014],[-98.48336,30.85993],[-98.47878,30.8565],[-98.45293,30.86858],[-98.45371,30.87045],[-98.4576,30.86752],[-98.46622,30.86654],[-98.46702,30.87032],[-98.4753,30.87517],[-98.47199,30.87621],[-98.47208,30.88337],[-98.46227,30.88418],[-98.46235,30.88882],[-98.45812,30.89295],[-98.46275,30.89277],[-98.45515,30.89874],[-98.46204,30.90297],[-98.47773,30.89945],[-98.48077,30.89584],[-98.48713,30.89417],[-98.48746,30.89005],[-98.49169,30.89056],[-98.50023,30.88396],[-98.50274,30.88017],[-98.50042,30.87926]]]]},"properties":{"layer":"aquifer","aquifer":"Hickory","rank":"minor","code":"1","extent":"outcrop","source":"twdb-minor-aquifers-bbox"}},{"type":"Feature","geometry":{"type":"MultiPolygon","coordinates":[[[[-98.43837,30.89137],[-98.44764,30.88707],[-98.45273,30.8807],[-98.44988,30.88065],[-98.44822,30.87693],[-98.44829,30.88048],[-98.44411,30.88123],[-98.44446,30.87844],[-98.43362,30.88289],[-98.42724,30.88772],[-98.42864,30.89225],[-98.43758,30.89389],[-98.43959,30.89281],[-98.43837,30.89137]]]]},"properties":{"layer":"aquifer","aquifer":"Hickory","rank":"minor","code":"1","extent":"outcrop","source":"twdb-minor-aquifers-bbox"}},{"type":"Feature","geometry":{"type":"MultiPolygon","coordinates":[[[[-98.59843,30.86195],[-98.58901,30.86081],[-98.58251,30.85344],[-98.56714,30.8487],[-98.56607,30.84602],[-98.55739,30.84448],[-98.55594,30.84734],[-98.55536,30.85576],[-98.55841,30.85828],[-98.57298,30.86049],[-98.57763,30.86347],[-98.58147,30.8638],[-98.58312,30.86168],[-98.5873,30.86523],[-98.60135,30.86904],[-98.60021,30.86212],[-98.59843,30.86195]]]]},"properties":{"layer":"aquifer","aquifer":"Hickory","rank":"minor","code":"1","extent":"outcrop","source":"twdb-minor-aquifers-bbox"}},{"type":"Feature","geometry":{"type":"MultiPolygon","coordinates":[[[[-98.42679,30.8568],[-98.43309,30.86195],[-98.44024,30.86199],[-98.44217,30.86417],[-98.44356,30.8621],[-98.44806,30.86221],[-98.44135,30.85443],[-98.43924,30.85512],[-98.4419,30.85838],[-98.43998,30.86136],[-98.43341,30.85776],[-98.43314,30.85318],[-98.42679,30.8568]]]]},"properties":{"layer":"aquifer","aquifer":"Hickory","rank":"minor","code":"1","extent":"outcrop","source":"twdb-minor-aquifers-bbox"}},{"type":"Feature","geometry":{"type":"MultiPolygon","coordinates":[[[[-98.40334,30.85941],[-98.40301,30.85529],[-98.39293,30.85232],[-98.39066,30.84562],[-98.39114,30.85381],[-98.39539,30.85467],[-98.39745,30.86194],[-98.40235,30.86233],[-98.40334,30.85941]]]]},"properties":{"layer":"aquifer","aquifer":"Hickory","rank":"minor","code":"1","extent":"outcrop","source":"twdb-minor-aquifers-bbox"}},{"type":"Feature","geometry":{"type":"MultiPolygon","coordinates":[[[[-98.52269,30.85111],[-98.51931,30.85083],[-98.51825,30.8474],[-98.51533,30.84998],[-98.51558,30.84593],[-98.49734,30.85911],[-98.53336,30.84984],[-98.53944,30.84588],[-98.53398,30.84644],[-98.53479,30.83878],[-98.53148,30.83736],[-98.52759,30.84658],[-98.52839,30.85053],[-98.52269,30.85111]]]]},"properties":{"layer":"aquifer","aquifer":"Hickory","rank":"minor","code":"1","extent":"outcrop","source":"twdb-minor-aquifers-bbox"}},{"type":"Feature","geometry":{"type":"MultiPolygon","coordinates":[[[[-98.43843,30.84997],[-98.43758,30.85346],[-98.44056,30.85191],[-98.43843,30.84997]]]]},"properties":{"layer":"aquifer","aquifer":"Hickory","rank":"minor","code":"1","extent":"outcrop","source":"twdb-minor-aquifers-bbox"}},{"type":"Feature","geometry":{"type":"MultiPolygon","coordinates":[[[[-98.38715,30.84334],[-98.37814,30.84158],[-98.37675,30.83843],[-98.37376,30.83958],[-98.37071,30.83683],[-98.367,30.83919],[-98.36349,30.83358],[-98.36761,30.84205],[-98.38715,30.84334]]]]},"properties":{"layer":"aquifer","aquifer":"Hickory","rank":"minor","code":"1","extent":"outcrop","source":"twdb-minor-aquifers-bbox"}},{"type":"Feature","geometry":{"type":"MultiPolygon","coordinates":[[[[-98.54911,30.84375],[-98.55289,30.84426],[-98.56809,30.82809],[-98.56246,30.8281],[-98.55658,30.83337],[-98.5567,30.82896],[-98.55492,30.82873],[-98.54427,30.84215],[-98.54474,30.84455],[-98.54911,30.84375]]]]},"properties":{"layer":"aquifer","aquifer":"Hickory","rank":"minor","code":"1","extent":"outcrop","source":"twdb-minor-aquifers-bbox"}},{"type":"Feature","geometry":{"type":"MultiPolygon","coordinates":[[[[-98.32241,30.83003],[-98.33115,30.82961],[-98.34098,30.82031],[-98.34525,30.82227],[-98.34756,30.81316],[-98.34253,30.81849],[-98.34801,30.81035],[-98.33207,30.82068],[-98.32995,30.81874],[-98.31265,30.81819],[-98.31271,30.8159],[-98.30622,30.81362],[-98.30682,30.81184],[-98.31006,30.81103],[-98.31689,30.81417],[-98.32033,30.81119],[-98.31258,30.80891],[-98.30614,30.80377],[-98.30124,30.80475],[-98.29308,30.79777],[-98.2989,30.79725],[-98.29638,30.79169],[-98.30081,30.78843],[-98.2963,30.7858],[-98.2967,30.78287],[-98.291,30.78191],[-98.29021,30.78529],[-98.29524,30.78425],[-98.29054,30.78855],[-98.29069,30.79216],[-98.28797,30.79194],[-98.28876,30.79468],[-98.28381,30.79652],[-98.28368,30.79859],[-98.28448,30.80248],[-98.28799,30.80276],[-98.28681,30.81158],[-98.29449,30.81168],[-98.2945,30.81838],[-98.29087,30.822],[-98.29353,30.82474],[-98.30122,30.8236],[-98.30531,30.82616],[-98.312,30.82586],[-98.31665,30.83032],[-98.32241,30.83003]]]]},"properties":{"layer":"aquifer","aquifer":"Hickory","rank":"minor","code":"1","extent":"outcrop","source":"twdb-minor-aquifers-bbox"}},{"type":"Feature","geometry":{"type":"MultiPolygon","coordinates":[[[[-98.3745,30.8055],[-98.38289,30.78929],[-98.37573,30.78592],[-98.37242,30.78804],[-98.37062,30.78232],[-98.36311,30.78267],[-98.35846,30.79779],[-98.36626,30.78771],[-98.36838,30.78793],[-98.37475,30.7968],[-98.37291,30.80568],[-98.37364,30.80808],[-98.3745,30.8055]]]]},"properties":{"layer":"aquifer","aquifer":"Hickory","rank":"minor","code":"1","extent":"outcrop","source":"twdb-minor-aquifers-bbox"}},{"type":"Feature","geometry":{"type":"MultiPolygon","coordinates":[[[[-98.28637,30.76543],[-98.28618,30.76881],[-98.28843,30.76847],[-98.30171,30.75184],[-98.29847,30.75127],[-98.29026,30.75592],[-98.28478,30.76492],[-98.28637,30.76543]]]]},"properties":{"layer":"aquifer","aquifer":"Hickory","rank":"minor","code":"1","extent":"outcrop","source":"twdb-minor-aquifers-bbox"}},{"type":"Feature","geometry":{"type":"MultiPolygon","coordinates":[[[[-98.32887,30.75335],[-98.33285,30.7538],[-98.33834,30.74795],[-98.32735,30.7518],[-98.32887,30.75335]]]]},"properties":{"layer":"aquifer","aquifer":"Hickory","rank":"minor","code":"1","extent":"outcrop","source":"twdb-minor-aquifers-bbox"}},{"type":"Feature","geometry":{"type":"MultiPolygon","coordinates":[[[[-98.34668,30.74588],[-98.35006,30.74324],[-98.34785,30.73442],[-98.34654,30.74072],[-98.34072,30.74669],[-98.34668,30.74588]]]]},"properties":{"layer":"aquifer","aquifer":"Hickory","rank":"minor","code":"1","extent":"outcrop","source":"twdb-minor-aquifers-bbox"}},{"type":"Feature","geometry":{"type":"MultiPolygon","coordinates":[[[[-98.34488,30.73494],[-98.34428,30.7366],[-98.346,30.73603],[-98.34912,30.72966],[-98.34488,30.73494]]]]},"properties":{"layer":"aquifer","aquifer":"Hickory","rank":"minor","code":"1","extent":"outcrop","source":"twdb-minor-aquifers-bbox"}},{"type":"Feature","geometry":{"type":"MultiPolygon","coordinates":[[[[-98.57493,30.69574],[-98.57641,30.70743],[-98.5736,30.70748],[-98.57261,30.72071],[-98.57561,30.73038],[-98.58215,30.72207],[-98.57922,30.72426],[-98.5761,30.719],[-98.57999,30.71097],[-98.58999,30.71113],[-98.59128,30.71432],[-98.60511,30.70829],[-98.62608,30.69292],[-98.63508,30.68225],[-98.61591,30.68744],[-98.607,30.69965],[-98.59866,30.70322],[-98.58839,30.70392],[-98.59143,30.70048],[-98.58051,30.70559],[-98.57652,30.69299],[-98.57493,30.69574]]]]},"properties":{"layer":"aquifer","aquifer":"Hickory","rank":"minor","code":"1","extent":"outcrop","source":"twdb-minor-aquifers-bbox"}},{"type":"Feature","geometry":{"type":"MultiPolygon","coordinates":[[[[-98.5752,30.68279],[-98.57466,30.67873],[-98.59047,30.66565],[-98.59934,30.66254],[-98.60299,30.6658],[-98.59526,30.67824],[-98.59711,30.67841],[-98.59705,30.6815],[-98.60149,30.68132],[-98.6087,30.67307],[-98.62074,30.66652],[-98.61948,30.66463],[-98.62278,30.65925],[-98.62006,30.65873],[-98.62344,30.65489],[-98.62675,30.65472],[-98.63557,30.64303],[-98.63832,30.64342],[-98.63483,30.65224],[-98.64164,30.64874],[-98.64158,30.65109],[-98.6441,30.6504],[-98.64914,30.6552],[-98.65892,30.64368],[-98.66377,30.64642],[-98.6699,30.63336],[-98.66599,30.63073],[-98.67087,30.62058],[-98.66736,30.61818],[-98.66224,30.60579],[-98.66467,30.58915],[-98.66377,30.57444],[-98.65655,30.57347],[-98.65649,30.57783],[-98.65343,30.57485],[-98.64609,30.57801],[-98.64105,30.57664],[-98.64661,30.57142],[-98.64672,30.56175],[-98.65214,30.55344],[-98.62839,30.57076],[-98.62236,30.57077],[-98.62019,30.57638],[-98.61403,30.57783],[-98.60938,30.57234],[-98.61083,30.56873],[-98.60613,30.56753],[-98.60329,30.57429],[-98.60574,30.57549],[-98.60496,30.57778],[-98.61291,30.57817],[-98.58437,30.58732],[-98.58284,30.58314],[-98.57873,30.58188],[-98.56444,30.58849],[-98.5578,30.60076],[-98.56219,30.61337],[-98.56094,30.64181],[-98.5582,30.64677],[-98.55137,30.65031],[-98.55025,30.65643],[-98.55254,30.66032],[-98.55156,30.6637],[-98.55408,30.66536],[-98.55269,30.6668],[-98.55747,30.6724],[-98.55992,30.67366],[-98.56416,30.6689],[-98.56173,30.68654],[-98.56904,30.6851],[-98.57506,30.69489],[-98.5752,30.68279]]]]},"properties":{"layer":"aquifer","aquifer":"Hickory","rank":"minor","code":"2","extent":"subsurface","source":"twdb-minor-aquifers-bbox"}},{"type":"Feature","geometry":{"type":"MultiPolygon","coordinates":[[[[-98.45257,30.68738],[-98.45191,30.69179],[-98.45628,30.69041],[-98.45892,30.68015],[-98.45395,30.67918],[-98.45058,30.68772],[-98.45257,30.68738]]]]},"properties":{"layer":"aquifer","aquifer":"Hickory","rank":"minor","code":"1","extent":"outcrop","source":"twdb-minor-aquifers-bbox"}},{"type":"Feature","geometry":{"type":"MultiPolygon","coordinates":[[[[-98.59711,30.67841],[-98.59526,30.67824],[-98.59308,30.68305],[-98.59567,30.68219],[-98.59614,30.68763],[-98.6124,30.67152],[-98.60149,30.68132],[-98.59705,30.6815],[-98.59711,30.67841]]]]},"properties":{"layer":"aquifer","aquifer":"Hickory","rank":"minor","code":"1","extent":"outcrop","source":"twdb-minor-aquifers-bbox"}},{"type":"Feature","geometry":{"type":"MultiPolygon","coordinates":[[[[-98.56186,30.68253],[-98.56416,30.6689],[-98.55992,30.67366],[-98.55747,30.6724],[-98.55269,30.6668],[-98.55408,30.66536],[-98.55156,30.6637],[-98.55254,30.66032],[-98.55025,30.65643],[-98.54515,30.66136],[-98.54789,30.66219],[-98.54417,30.66445],[-98.54555,30.66697],[-98.53947,30.67127],[-98.54443,30.67454],[-98.54727,30.67299],[-98.54483,30.67998],[-98.55119,30.67647],[-98.55662,30.67968],[-98.55853,30.67612],[-98.56007,30.68465],[-98.56173,30.68654],[-98.56186,30.68253]]]]},"properties":{"layer":"aquifer","aquifer":"Hickory","rank":"minor","code":"1","extent":"outcrop","source":"twdb-minor-aquifers-bbox"}},{"type":"Feature","geometry":{"type":"MultiPolygon","coordinates":[[[[-98.57493,30.68136],[-98.57546,30.6852],[-98.57751,30.67918],[-98.59551,30.67091],[-98.59724,30.67245],[-98.60272,30.6646],[-98.59934,30.66254],[-98.59047,30.66565],[-98.57466,30.67873],[-98.57493,30.68136]]]]},"properties":{"layer":"aquifer","aquifer":"Hickory","rank":"minor","code":"1","extent":"outcrop","source":"twdb-minor-aquifers-bbox"}},{"type":"Feature","geometry":{"type":"MultiPolygon","coordinates":[[[[-98.58817,30.67819],[-98.59565,30.67704],[-98.59744,30.67257],[-98.58817,30.67819]]]]},"properties":{"layer":"aquifer","aquifer":"Hickory","rank":"minor","code":"1","extent":"outcrop","source":"twdb-minor-aquifers-bbox"}},{"type":"Feature","geometry":{"type":"MultiPolygon","coordinates":[[[[-98.28891,30.663],[-98.28971,30.66592],[-98.29495,30.66751],[-98.30534,30.6679],[-98.31197,30.66428],[-98.32104,30.66507],[-98.3264,30.66163],[-98.32971,30.6638],[-98.33806,30.66075],[-98.34455,30.66172],[-98.34838,30.65868],[-98.36441,30.65769],[-98.37298,30.65278],[-98.36334,30.65127],[-98.35957,30.65294],[-98.35261,30.64808],[-98.34353,30.64678],[-98.33592,30.6481],[-98.32831,30.65401],[-98.31685,30.65271],[-98.29254,30.6556],[-98.29042,30.65532],[-98.29572,30.65319],[-98.29491,30.64833],[-98.2771,30.6468],[-98.27226,30.64515],[-98.27046,30.64189],[-98.26531,30.64568],[-98.26319,30.65135],[-98.27432,30.65397],[-98.2838,30.65252],[-98.28851,30.65538],[-98.28686,30.66048],[-98.28891,30.663]]]]},"properties":{"layer":"aquifer","aquifer":"Hickory","rank":"minor","code":"1","extent":"outcrop","source":"twdb-minor-aquifers-bbox"}},{"type":"Feature","geometry":{"type":"MultiPolygon","coordinates":[[[[-98.62246,30.66349],[-98.62543,30.65913],[-98.64068,30.66552],[-98.64503,30.65521],[-98.65154,30.667],[-98.66377,30.64642],[-98.65892,30.64368],[-98.64914,30.6552],[-98.6441,30.6504],[-98.64158,30.65109],[-98.64164,30.64874],[-98.63483,30.65224],[-98.63832,30.64342],[-98.63557,30.64303],[-98.62675,30.65472],[-98.62344,30.65489],[-98.62006,30.65873],[-98.62278,30.65925],[-98.61948,30.66463],[-98.62074,30.66652],[-98.62246,30.66349]]]]},"properties":{"layer":"aquifer","aquifer":"Hickory","rank":"minor","code":"1","extent":"outcrop","source":"twdb-minor-aquifers-bbox"}},{"type":"Feature","geometry":{"type":"MultiPolygon","coordinates":[[[[-98.5015,30.62259],[-98.49908,30.64132],[-98.50802,30.64062],[-98.50664,30.64372],[-98.51325,30.63872],[-98.51866,30.62577],[-98.51693,30.62205],[-98.51998,30.62239],[-98.5213,30.6197],[-98.51195,30.61261],[-98.50817,30.61216],[-98.5052,30.61526],[-98.51242,30.61645],[-98.51475,30.62343],[-98.51383,30.63179],[-98.5092,30.63518],[-98.50317,30.63456],[-98.5094,30.63197],[-98.50356,30.62975],[-98.5025,30.62597],[-98.50472,30.61176],[-98.49553,30.61693],[-98.50189,30.61852],[-98.5015,30.62259]]]]},"properties":{"layer":"aquifer","aquifer":"Hickory","rank":"minor","code":"1","extent":"outcrop","source":"twdb-minor-aquifers-bbox"}},{"type":"Feature","geometry":{"type":"MultiPolygon","coordinates":[[[[-98.28773,30.62806],[-98.29244,30.63539],[-98.29576,30.63676],[-98.30508,30.62678],[-98.28647,30.62543],[-98.28639,30.6224],[-98.29427,30.61718],[-98.28764,30.61741],[-98.29141,30.60899],[-98.2877,30.60716],[-98.28558,30.61066],[-98.28471,30.60573],[-98.2757,30.60191],[-98.26672,30.61566],[-98.26983,30.6195],[-98.27348,30.62007],[-98.27375,30.62602],[-98.28223,30.6279],[-98.27831,30.62275],[-98.2799,30.62143],[-98.28389,30.62956],[-98.28773,30.62806]]]]},"properties":{"layer":"aquifer","aquifer":"Hickory","rank":"minor","code":"1","extent":"outcrop","source":"twdb-minor-aquifers-bbox"}},{"type":"Feature","geometry":{"type":"MultiPolygon","coordinates":[[[[-98.66698,30.6313],[-98.67261,30.63375],[-98.67638,30.63123],[-98.68035,30.62475],[-98.67638,30.62739],[-98.67558,30.6247],[-98.67954,30.61822],[-98.68365,30.61627],[-98.68742,30.61712],[-98.68723,30.62211],[-98.68988,30.62188],[-98.6901,30.61969],[-98.69544,30.61981],[-98.69577,30.61746],[-98.68948,30.61901],[-98.68888,30.61569],[-98.69047,30.61357],[-98.69947,30.61247],[-98.70059,30.60972],[-98.69384,30.61139],[-98.69,30.60905],[-98.68835,30.61294],[-98.68562,30.61123],[-98.67973,30.61399],[-98.67066,30.61297],[-98.66323,30.6092],[-98.66736,30.61818],[-98.67081,30.62013],[-98.66698,30.6313]]]]},"properties":{"layer":"aquifer","aquifer":"Hickory","rank":"minor","code":"1","extent":"outcrop","source":"twdb-minor-aquifers-bbox"}},{"type":"Feature","geometry":{"type":"MultiPolygon","coordinates":[[[[-98.49239,30.61456],[-98.48492,30.61624],[-98.49136,30.62114],[-98.4942,30.61999],[-98.49239,30.61456]]]]},"properties":{"layer":"aquifer","aquifer":"Hickory","rank":"minor","code":"1","extent":"outcrop","source":"twdb-minor-aquifers-bbox"}},{"type":"Feature","geometry":{"type":"MultiPolygon","coordinates":[[[[-98.70319,30.61493],[-98.70762,30.61383],[-98.69947,30.61247],[-98.69716,30.6166],[-98.69809,30.61837],[-98.70319,30.61493]]]]},"properties":{"layer":"aquifer","aquifer":"Hickory","rank":"minor","code":"1","extent":"outcrop","source":"twdb-minor-aquifers-bbox"}},{"type":"Feature","geometry":{"type":"MultiPolygon","coordinates":[[[[-98.73556,30.60509],[-98.71749,30.6121],[-98.72571,30.61518],[-98.73174,30.61397],[-98.74073,30.60737],[-98.74795,30.60542],[-98.74033,30.60354],[-98.73556,30.60509]]]]},"properties":{"layer":"aquifer","aquifer":"Hickory","rank":"minor","code":"1","extent":"outcrop","source":"twdb-minor-aquifers-bbox"}},{"type":"Feature","geometry":{"type":"MultiPolygon","coordinates":[[[[-98.61837,30.55795],[-98.6224,30.55182],[-98.63491,30.54928],[-98.63313,30.55352],[-98.64047,30.5483],[-98.6445,30.54085],[-98.64475,30.53398],[-98.6488,30.53219],[-98.65572,30.51758],[-98.6561,30.50332],[-98.65251,30.49874],[-98.6499,30.48323],[-98.64446,30.48032],[-98.63149,30.48326],[-98.59219,30.54796],[-98.59697,30.55672],[-98.60868,30.54737],[-98.60663,30.55149],[-98.60922,30.5547],[-98.61592,30.56036],[-98.61837,30.55795]],[[-98.64329,30.52837],[-98.64606,30.52384],[-98.64402,30.53123],[-98.64058,30.53415],[-98.64329,30.52837]]]]},"properties":{"layer":"aquifer","aquifer":"Hickory","rank":"minor","code":"2","extent":"subsurface","source":"twdb-minor-aquifers-bbox"}},{"type":"Feature","geometry":{"type":"MultiPolygon","coordinates":[[[[-99.14269,30.54174],[-99.13163,30.54353],[-99.12898,30.54193],[-99.11874,30.55563],[-99.14494,30.54265],[-99.14269,30.54174]]]]},"properties":{"layer":"aquifer","aquifer":"Hickory","rank":"minor","code":"1","extent":"outcrop","source":"twdb-minor-aquifers-bbox"}},{"type":"Feature","geometry":{"type":"MultiPolygon","coordinates":[[[[-98.64091,30.53301],[-98.64402,30.53123],[-98.64606,30.52384],[-98.64091,30.53301]]]]},"properties":{"layer":"aquifer","aquifer":"Hickory","rank":"minor","code":"1","extent":"outcrop","source":"twdb-minor-aquifers-bbox"}},{"type":"Feature","geometry":{"type":"MultiPolygon","coordinates":[[[[-98.53059,30.47727],[-98.54768,30.47398],[-98.54356,30.46969],[-98.53602,30.47228],[-98.53529,30.46987],[-98.52815,30.47813],[-98.53059,30.47727]]]]},"properties":{"layer":"aquifer","aquifer":"Hickory","rank":"minor","code":"1","extent":"outcrop","source":"twdb-minor-aquifers-bbox"}},{"type":"Feature","geometry":{"type":"MultiPolygon","coordinates":[[[[-98.71783,30.43978],[-98.74957,30.40681],[-98.76889,30.39728],[-98.77219,30.39144],[-98.76888,30.38783],[-98.7692,30.38079],[-98.75013,30.38906],[-98.74926,30.38357],[-98.7431,30.3818],[-98.7261,30.39843],[-98.72154,30.40376],[-98.72194,30.40628],[-98.73036,30.40821],[-98.73189,30.41199],[-98.72231,30.42329],[-98.71722,30.43469],[-98.70587,30.43928],[-98.71405,30.43882],[-98.714,30.44128],[-98.71783,30.43978]],[[-98.76476,30.38681],[-98.76688,30.38755],[-98.76723,30.39179],[-98.76227,30.39712],[-98.75459,30.40062],[-98.75496,30.39595],[-98.76476,30.38681]]]]},"properties":{"layer":"aquifer","aquifer":"Hickory","rank":"minor","code":"1","extent":"outcrop","source":"twdb-minor-aquifers-bbox"}},{"type":"Feature","geometry":{"type":"MultiPolygon","coordinates":[[[[-98.635,30.41578],[-98.63566,30.42076],[-98.63957,30.42225],[-98.64104,30.42666],[-98.65078,30.42968],[-98.65368,30.42389],[-98.65984,30.42148],[-98.65691,30.41713],[-98.66049,30.41529],[-98.65757,30.4114],[-98.65876,30.40848],[-98.66274,30.40847],[-98.66419,30.40469],[-98.66073,30.39794],[-98.65822,30.40178],[-98.64822,30.40574],[-98.64484,30.40621],[-98.64439,30.40414],[-98.63406,30.41395],[-98.635,30.41578]]]]},"properties":{"layer":"aquifer","aquifer":"Hickory","rank":"minor","code":"1","extent":"outcrop","source":"twdb-minor-aquifers-bbox"}},{"type":"Feature","geometry":{"type":"MultiPolygon","coordinates":[[[[-98.5934,30.41767],[-98.59486,30.41195],[-98.57321,30.41479],[-98.57209,30.41759],[-98.58057,30.42188],[-98.58501,30.42055],[-98.59071,30.42267],[-98.5934,30.41767]]]]},"properties":{"layer":"aquifer","aquifer":"Hickory","rank":"minor","code":"1","extent":"outcrop","source":"twdb-minor-aquifers-bbox"}},{"type":"Feature","geometry":{"type":"MultiPolygon","coordinates":[[[[-98.54076,30.41661],[-98.54459,30.41288],[-98.54877,30.41305],[-98.54783,30.41047],[-98.53676,30.41076],[-98.53838,30.41781],[-98.54076,30.41661]]]]},"properties":{"layer":"aquifer","aquifer":"Hickory","rank":"minor","code":"1","extent":"outcrop","source":"twdb-minor-aquifers-bbox"}},{"type":"Feature","geometry":{"type":"MultiPolygon","coordinates":[[[[-98.64205,30.40014],[-98.649,30.39658],[-98.64349,30.39212],[-98.64019,30.39441],[-98.63747,30.3907],[-98.63072,30.39586],[-98.63403,30.39723],[-98.6298,30.40107],[-98.63345,30.40301],[-98.64205,30.40014]]]]},"properties":{"layer":"aquifer","aquifer":"Hickory","rank":"minor","code":"1","extent":"outcrop","source":"twdb-minor-aquifers-bbox"}},{"type":"Feature","geometry":{"type":"MultiPolygon","coordinates":[[[[-98.52812,30.39886],[-98.53402,30.39656],[-98.53619,30.393],[-98.52812,30.39886]]]]},"properties":{"layer":"aquifer","aquifer":"Hickory","rank":"minor","code":"1","extent":"outcrop","source":"twdb-minor-aquifers-bbox"}},{"type":"Feature","geometry":{"type":"MultiPolygon","coordinates":[[[[-98.53779,30.39306],[-98.54526,30.38354],[-98.54194,30.37902],[-98.53982,30.38006],[-98.54096,30.38664],[-98.53666,30.39169],[-98.53779,30.39306]]]]},"properties":{"layer":"aquifer","aquifer":"Hickory","rank":"minor","code":"1","extent":"outcrop","source":"twdb-minor-aquifers-bbox"}},{"type":"Feature","geometry":{"type":"MultiPolygon","coordinates":[[[[-98.53293,30.38007],[-98.52697,30.37899],[-98.52657,30.38076],[-98.52843,30.38316],[-98.53293,30.38007]]]]},"properties":{"layer":"aquifer","aquifer":"Hickory","rank":"minor","code":"1","extent":"outcrop","source":"twdb-minor-aquifers-bbox"}},{"type":"Feature","geometry":{"type":"MultiPolygon","coordinates":[[[[-98.62965,30.94344],[-98.64311,30.94468],[-98.65232,30.94971],[-98.66855,30.94859],[-98.66287,30.95777],[-98.67306,30.95185],[-98.66322,30.97014],[-98.68108,30.95786],[-98.68275,30.9606],[-98.68004,30.9653],[-98.68117,30.96788],[-98.68632,30.96306],[-98.69745,30.96053],[-98.70097,30.96258],[-98.71606,30.95672],[-98.72988,30.94553],[-98.73286,30.94484],[-98.73336,30.94811],[-98.73934,30.93997],[-98.74133,30.94174],[-98.72937,30.95733],[-98.73487,30.95715],[-98.75063,30.95043],[-98.75221,30.94631],[-98.75167,30.94459],[-98.74902,30.947],[-98.75187,30.94218],[-98.74988,30.94253],[-98.75027,30.94093],[-98.75954,30.9349],[-98.75795,30.93324],[-98.77583,30.93081],[-98.79713,30.91767],[-98.79528,30.91612],[-98.80514,30.90918],[-98.81718,30.90487],[-98.83518,30.89385],[-98.89695,30.87063],[-98.89987,30.87515],[-98.89928,30.88202],[-98.90324,30.87119],[-98.89953,30.87097],[-98.90002,30.84388],[-98.908,30.82725],[-98.9072,30.8225],[-98.90464,30.83511],[-98.90079,30.8346],[-98.90169,30.81604],[-98.90698,30.81225],[-98.90559,30.80612],[-98.89467,30.81507],[-98.8959,30.80241],[-98.89209,30.81783],[-98.88601,30.82648],[-98.88602,30.83146],[-98.88027,30.84235],[-98.88079,30.84774],[-98.87605,30.84963],[-98.87479,30.85387],[-98.85732,30.86272],[-98.84898,30.86972],[-98.8139,30.8842],[-98.77802,30.8953],[-98.75775,30.89733],[-98.75729,30.89939],[-98.75206,30.90077],[-98.75744,30.90552],[-98.76134,30.90391],[-98.76273,30.9062],[-98.76202,30.90941],[-98.75659,30.91302],[-98.74155,30.91648],[-98.74998,30.92105],[-98.75236,30.91612],[-98.75898,30.91623],[-98.75747,30.92419],[-98.74184,30.92605],[-98.74409,30.92908],[-98.74628,30.92655],[-98.74919,30.92758],[-98.75159,30.93222],[-98.74126,30.93389],[-98.71131,30.93061],[-98.70325,30.94471],[-98.69736,30.94775],[-98.68676,30.94674],[-98.69038,30.93052],[-98.67867,30.94131],[-98.68924,30.9256],[-98.68309,30.92836],[-98.67846,30.93426],[-98.66759,30.93027],[-98.66269,30.93148],[-98.6576,30.93836],[-98.62557,30.93907],[-98.62965,30.94344]],[[-98.88822,30.84097],[-98.89086,30.83719],[-98.89246,30.84062],[-98.88928,30.84251],[-98.88822,30.84097]]]]},"properties":{"layer":"aquifer","aquifer":"Hickory","rank":"minor","code":"1","extent":"outcrop","source":"twdb-minor-aquifers-bbox"}},{"type":"Feature","geometry":{"type":"MultiPolygon","coordinates":[[[[-99.08435,30.96326],[-99.07991,30.96287],[-99.08662,30.9546],[-99.07851,30.95554],[-99.07236,30.96156],[-99.07143,30.95537],[-99.06112,30.97297],[-99.07397,30.96963],[-99.08435,30.96326]]]]},"properties":{"layer":"aquifer","aquifer":"Hickory","rank":"minor","code":"1","extent":"outcrop","source":"twdb-minor-aquifers-bbox"}},{"type":"Feature","geometry":{"type":"MultiPolygon","coordinates":[[[[-99.08754,30.96818],[-99.08476,30.96532],[-99.078,30.96985],[-99.08424,30.9707],[-99.0847,30.97277],[-99.08754,30.96818]]]]},"properties":{"layer":"aquifer","aquifer":"Hickory","rank":"minor","code":"1","extent":"outcrop","source":"twdb-minor-aquifers-bbox"}},{"type":"Feature","geometry":{"type":"MultiPolygon","coordinates":[[[[-98.79886,30.88032],[-98.8074,30.87985],[-98.82826,30.87152],[-98.83109,30.86539],[-98.82798,30.8623],[-98.825,30.86311],[-98.82498,30.861],[-98.8352,30.86068],[-98.85783,30.85235],[-98.86882,30.84586],[-98.86782,30.84266],[-98.85683,30.84451],[-98.83392,30.85496],[-98.82942,30.8556],[-98.8267,30.85239],[-98.82862,30.85044],[-98.80916,30.8574],[-98.78896,30.86063],[-98.79095,30.8655],[-98.78917,30.86802],[-98.79136,30.86899],[-98.79018,30.87644],[-98.79303,30.87976],[-98.79886,30.88032]]]]},"properties":{"layer":"aquifer","aquifer":"Hickory","rank":"minor","code":"1","extent":"outcrop","source":"twdb-minor-aquifers-bbox"}},{"type":"Feature","geometry":{"type":"MultiPolygon","coordinates":[[[[-99.07873,30.85142],[-99.08243,30.84792],[-99.07726,30.84541],[-99.06349,30.84572],[-99.05335,30.84321],[-99.04792,30.84528],[-99.07065,30.85281],[-99.07508,30.8508],[-99.07298,30.85481],[-99.07417,30.85956],[-99.07133,30.86186],[-99.07385,30.8642],[-99.07809,30.86271],[-99.07926,30.85566],[-99.077,30.85194],[-99.07873,30.85142]]]]},"properties":{"layer":"aquifer","aquifer":"Hickory","rank":"minor","code":"1","extent":"outcrop","source":"twdb-minor-aquifers-bbox"}},{"type":"Feature","geometry":{"type":"MultiPolygon","coordinates":[[[[-99.12479,30.83275],[-99.10725,30.83386],[-99.10545,30.82951],[-99.06657,30.83048],[-99.06784,30.83855],[-99.07301,30.84141],[-99.0807,30.83928],[-99.08823,30.83165],[-99.09149,30.83743],[-99.09137,30.84373],[-99.10136,30.83547],[-99.10223,30.84326],[-99.10792,30.8389],[-99.10839,30.84417],[-99.12711,30.83298],[-99.12479,30.83275]]]]},"properties":{"layer":"aquifer","aquifer":"Hickory","rank":"minor","code":"1","extent":"outcrop","source":"twdb-minor-aquifers-bbox"}},{"type":"Feature","geometry":{"type":"MultiPolygon","coordinates":[[[[-98.82632,30.8233],[-98.8168,30.82898],[-98.81673,30.83133],[-98.8213,30.83304],[-98.82905,30.83149],[-98.83824,30.82013],[-98.8307,30.82472],[-98.83222,30.821],[-98.82632,30.8233]]]]},"properties":{"layer":"aquifer","aquifer":"Hickory","rank":"minor","code":"1","extent":"outcrop","source":"twdb-minor-aquifers-bbox"}},{"type":"Feature","geometry":{"type":"MultiPolygon","coordinates":[[[[-99.12254,30.73596],[-99.15297,30.71129],[-99.15435,30.7078],[-99.15183,30.70723],[-99.15486,30.70414],[-99.12106,30.72526],[-99.12239,30.72874],[-99.12584,30.72902],[-99.11857,30.73711],[-99.1199,30.73831],[-99.12254,30.73596]]]]},"properties":{"layer":"aquifer","aquifer":"Hickory","rank":"minor","code":"1","extent":"outcrop","source":"twdb-minor-aquifers-bbox"}},{"type":"Feature","geometry":{"type":"MultiPolygon","coordinates":[[[[-99.09379,30.6935],[-99.09832,30.6949],[-99.10226,30.69206],[-99.10896,30.69257],[-99.1143,30.68242],[-99.12749,30.68395],[-99.13278,30.67954],[-99.13099,30.67673],[-99.12881,30.67994],[-99.12384,30.67932],[-99.1227,30.67142],[-99.11594,30.66684],[-99.11474,30.66352],[-99.09785,30.6667],[-99.0943,30.68027],[-99.10661,30.67327],[-99.10892,30.67464],[-99.10854,30.67733],[-99.10013,30.68141],[-99.0941,30.68159],[-99.09174,30.69127],[-99.09379,30.6935]]]]},"properties":{"layer":"aquifer","aquifer":"Hickory","rank":"minor","code":"1","extent":"outcrop","source":"twdb-minor-aquifers-bbox"}},{"type":"Feature","geometry":{"type":"MultiPolygon","coordinates":[[[[-98.93296,30.63222],[-98.93211,30.63537],[-98.93648,30.63817],[-98.94582,30.63867],[-98.94801,30.63982],[-98.94722,30.64279],[-98.96986,30.63818],[-98.98561,30.62619],[-98.98759,30.6223],[-98.99037,30.62367],[-99.00068,30.60848],[-98.99831,30.61535],[-99.00658,30.61059],[-99.00104,30.62132],[-99.00448,30.62044],[-99.01135,30.61156],[-99.03037,30.61789],[-99.02956,30.61006],[-99.03121,30.60861],[-99.03639,30.6082],[-99.03738,30.61256],[-99.04023,30.61244],[-99.04618,30.60653],[-99.04903,30.60796],[-99.06373,30.60238],[-99.07042,30.60249],[-99.07147,30.59871],[-99.07578,30.5979],[-99.08106,30.59268],[-99.08053,30.59057],[-99.08874,30.58569],[-99.09119,30.58643],[-99.08831,30.59945],[-99.09029,30.60504],[-99.09447,30.60555],[-99.10333,30.59523],[-99.11153,30.5915],[-99.10967,30.58595],[-99.11112,30.58446],[-99.12457,30.5849],[-99.1259,30.58793],[-99.13569,30.58357],[-99.13498,30.5917],[-99.14888,30.58578],[-99.14321,30.59618],[-99.15459,30.59173],[-99.16589,30.5837],[-99.16741,30.57889],[-99.16488,30.56996],[-99.16791,30.56107],[-99.15856,30.55799],[-99.15652,30.56206],[-99.15116,30.56505],[-99.14904,30.56385],[-99.14553,30.56792],[-99.13256,30.57149],[-99.12157,30.57757],[-99.11613,30.5742],[-99.1086,30.58091],[-99.09587,30.57686],[-99.09441,30.57371],[-99.0799,30.57247],[-99.06106,30.59133],[-99.0592,30.58807],[-99.04173,30.59382],[-99.03715,30.5936],[-99.03999,30.59045],[-99.03462,30.58713],[-99.03079,30.59103],[-99.02549,30.59195],[-99.01574,30.58349],[-99.01666,30.5808],[-99.01281,30.57662],[-99.00382,30.58196],[-99.01097,30.58258],[-99.00814,30.59438],[-99.00023,30.59855],[-98.99815,30.60218],[-98.98485,30.60798],[-98.97335,30.62214],[-98.95634,30.62663],[-98.94972,30.63351],[-98.93455,30.62964],[-98.93296,30.63222]],[[-99.02652,30.61188],[-99.02772,30.61434],[-99.02414,30.61481],[-99.02443,30.61212],[-99.01982,30.60966],[-99.02537,30.59831],[-99.02443,30.61212],[-99.02652,30.61188]]]]},"properties":{"layer":"aquifer","aquifer":"Hickory","rank":"minor","code":"1","extent":"outcrop","source":"twdb-minor-aquifers-bbox"}},{"type":"Feature","geometry":{"type":"MultiPolygon","coordinates":[[[[-99.12637,30.611],[-99.11613,30.62],[-99.08157,30.62995],[-99.09249,30.60863],[-99.07692,30.62337],[-99.05872,30.63307],[-99.05389,30.63995],[-99.07271,30.64182],[-99.07311,30.63924],[-99.079,30.6362],[-99.0882,30.63779],[-99.08833,30.6359],[-99.09383,30.63457],[-99.10211,30.63571],[-99.10066,30.64069],[-99.1043,30.63994],[-99.10799,30.62625],[-99.11077,30.62648],[-99.11123,30.62333],[-99.12016,30.62102],[-99.13115,30.61334],[-99.13127,30.60629],[-99.12637,30.611]]]]},"properties":{"layer":"aquifer","aquifer":"Hickory","rank":"minor","code":"1","extent":"outcrop","source":"twdb-minor-aquifers-bbox"}},{"type":"Feature","geometry":{"type":"MultiPolygon","coordinates":[[[[-98.93773,30.6309],[-98.94972,30.63351],[-98.95634,30.62663],[-98.97335,30.62214],[-98.98485,30.60798],[-98.99815,30.60218],[-99.00023,30.59855],[-99.00814,30.59438],[-99.0107,30.58201],[-98.99688,30.58462],[-98.97209,30.59904],[-98.94491,30.61843],[-98.93455,30.62964],[-98.93773,30.6309]]]]},"properties":{"layer":"aquifer","aquifer":"Hickory","rank":"minor","code":"2","extent":"subsurface","source":"twdb-minor-aquifers-bbox"}},{"type":"Feature","geometry":{"type":"MultiPolygon","coordinates":[[[[-98.93706,30.6262],[-98.94228,30.62167],[-98.9346,30.62408],[-98.9307,30.62541],[-98.93276,30.62695],[-98.92892,30.6289],[-98.93436,30.62989],[-98.93706,30.6262]]]]},"properties":{"layer":"aquifer","aquifer":"Hickory","rank":"minor","code":"1","extent":"outcrop","source":"twdb-minor-aquifers-bbox"}},{"type":"Feature","geometry":{"type":"MultiPolygon","coordinates":[[[[-99.11269,30.60914],[-99.11308,30.60639],[-99.10355,30.60984],[-99.10389,30.61459],[-99.11269,30.60914]]]]},"properties":{"layer":"aquifer","aquifer":"Hickory","rank":"minor","code":"1","extent":"outcrop","source":"twdb-minor-aquifers-bbox"}},{"type":"Feature","geometry":{"type":"MultiPolygon","coordinates":[[[[-99.13499,30.60327],[-99.14232,30.59706],[-99.13466,30.59989],[-99.13136,30.6051],[-99.13499,30.60327]]]]},"properties":{"layer":"aquifer","aquifer":"Hickory","rank":"minor","code":"1","extent":"outcrop","source":"twdb-minor-aquifers-bbox"}},{"type":"Feature","geometry":{"type":"MultiPolygon","coordinates":[[[[-98.87049,30.60171],[-98.87784,30.59809],[-98.88307,30.59854],[-98.88308,30.60221],[-98.88751,30.60151],[-98.90286,30.58718],[-98.90457,30.58105],[-98.91263,30.57271],[-98.88014,30.58961],[-98.87914,30.58686],[-98.87292,30.58521],[-98.87716,30.58481],[-98.87959,30.57713],[-98.89422,30.56869],[-98.89805,30.56267],[-98.89626,30.56165],[-98.8993,30.55792],[-98.89804,30.55511],[-98.90207,30.55127],[-98.91505,30.54725],[-98.91425,30.54324],[-98.91695,30.53894],[-98.91145,30.53774],[-98.91027,30.54124],[-98.89208,30.55197],[-98.88294,30.55376],[-98.87538,30.55239],[-98.86658,30.55527],[-98.85124,30.56938],[-98.85542,30.57304],[-98.8608,30.58832],[-98.86081,30.59284],[-98.85605,30.596],[-98.85559,30.59967],[-98.86386,30.59685],[-98.86692,30.60188],[-98.87049,30.60171]]]]},"properties":{"layer":"aquifer","aquifer":"Hickory","rank":"minor","code":"1","extent":"outcrop","source":"twdb-minor-aquifers-bbox"}},{"type":"Feature","geometry":{"type":"MultiPolygon","coordinates":[[[[-99.01032,30.56201],[-99.01305,30.57426],[-99.01755,30.5663],[-99.04058,30.55756],[-99.06076,30.5423],[-99.07565,30.5353],[-99.08743,30.52549],[-99.09833,30.51173],[-99.10143,30.50675],[-99.0972,30.50629],[-99.10017,30.50429],[-99.09812,30.50406],[-99.09878,30.50159],[-99.08177,30.51118],[-99.0722,30.53015],[-99.06432,30.5281],[-99.06014,30.53045],[-99.06466,30.53577],[-99.05644,30.53601],[-99.05976,30.53778],[-99.0593,30.53984],[-99.0499,30.54587],[-99.04832,30.55005],[-99.04157,30.55521],[-99.0229,30.56068],[-99.01203,30.5556],[-99.00991,30.55682],[-99.01032,30.56201]]]]},"properties":{"layer":"aquifer","aquifer":"Hickory","rank":"minor","code":"1","extent":"outcrop","source":"twdb-minor-aquifers-bbox"}},{"type":"Feature","geometry":{"type":"MultiPolygon","coordinates":[[[[-98.89723,30.53697],[-98.89698,30.54413],[-98.90346,30.53834],[-98.89742,30.53267],[-98.89723,30.53697]]]]},"properties":{"layer":"aquifer","aquifer":"Hickory","rank":"minor","code":"1","extent":"outcrop","source":"twdb-minor-aquifers-bbox"}},{"type":"Feature","geometry":{"type":"MultiPolygon","coordinates":[[[[-98.87571,30.53912],[-98.88776,30.53486],[-98.88657,30.5379],[-98.89247,30.54093],[-98.89437,30.53256],[-98.9137,30.52618],[-98.91297,30.52281],[-98.91615,30.52355],[-98.92097,30.51867],[-98.91666,30.51581],[-98.91798,30.51089],[-98.91527,30.51312],[-98.91348,30.51198],[-98.91626,30.51032],[-98.91268,30.51089],[-98.91666,30.50974],[-98.91903,30.50275],[-98.92923,30.50177],[-98.93268,30.50371],[-98.93155,30.50554],[-98.93395,30.50886],[-98.93439,30.5005],[-98.94141,30.50141],[-98.94334,30.50473],[-98.94196,30.50879],[-98.93501,30.51178],[-98.93852,30.51275],[-98.93999,30.5171],[-98.94349,30.51475],[-98.94276,30.5116],[-98.94621,30.5124],[-98.96381,30.50401],[-98.9717,30.50738],[-98.97897,30.50548],[-98.9825,30.50994],[-99.00714,30.51501],[-99.01495,30.5142],[-99.01785,30.49948],[-99.01328,30.50275],[-99.01361,30.49983],[-99.00876,30.49382],[-99.00293,30.49274],[-99.00193,30.48833],[-98.99505,30.49097],[-98.99478,30.49309],[-98.98935,30.49201],[-98.99133,30.48874],[-98.97464,30.4871],[-98.94709,30.49126],[-98.93061,30.4985],[-98.9314,30.49644],[-98.92047,30.49496],[-98.91927,30.4917],[-98.91385,30.49343],[-98.91152,30.48913],[-98.91146,30.49429],[-98.90769,30.49595],[-98.91776,30.49646],[-98.9128,30.49795],[-98.91618,30.50035],[-98.91148,30.50803],[-98.91499,30.50711],[-98.9101,30.5109],[-98.91104,30.50405],[-98.90043,30.51217],[-98.9038,30.50764],[-98.89976,30.5049],[-98.88229,30.51654],[-98.87403,30.52526],[-98.87053,30.53311],[-98.88547,30.51832],[-98.89569,30.52706],[-98.88921,30.53274],[-98.88185,30.53132],[-98.88153,30.53436],[-98.8759,30.53419],[-98.87324,30.5315],[-98.86769,30.53827],[-98.87292,30.53906],[-98.87243,30.54057],[-98.87571,30.53912]]]]},"properties":{"layer":"aquifer","aquifer":"Hickory","rank":"minor","code":"1","extent":"outcrop","source":"twdb-minor-aquifers-bbox"}},{"type":"Feature","geometry":{"type":"MultiPolygon","coordinates":[[[[-98.90889,30.50214],[-98.90776,30.50036],[-98.90471,30.50194],[-98.90724,30.50437],[-98.90889,30.50214]]]]},"properties":{"layer":"aquifer","aquifer":"Hickory","rank":"minor","code":"1","extent":"outcrop","source":"twdb-minor-aquifers-bbox"}},{"type":"Feature","geometry":{"type":"MultiPolygon","coordinates":[[[[-98.60503,30.58133],[-98.61291,30.57817],[-98.60496,30.57778],[-98.60574,30.57549],[-98.60329,30.57429],[-98.60587,30.57165],[-98.60487,30.56799],[-98.61083,30.56873],[-98.60938,30.57234],[-98.61403,30.57783],[-98.62019,30.57638],[-98.62236,30.57077],[-98.62839,30.57076],[-98.65214,30.55344],[-98.64672,30.56175],[-98.64661,30.57142],[-98.64119,30.57727],[-98.64609,30.57801],[-98.65343,30.57485],[-98.65649,30.57783],[-98.65655,30.57347],[-98.66377,30.57444],[-98.66129,30.55548],[-98.65505,30.54879],[-98.65662,30.53722],[-98.65376,30.53133],[-98.6591,30.51523],[-98.65981,30.50492],[-98.6685,30.48967],[-98.69225,30.4783],[-98.69422,30.46896],[-98.68674,30.46926],[-98.688,30.47103],[-98.68444,30.47808],[-98.68239,30.47872],[-98.68152,30.47625],[-98.68172,30.48209],[-98.67802,30.48181],[-98.67683,30.48416],[-98.67418,30.48428],[-98.67549,30.47695],[-98.67337,30.47575],[-98.66921,30.48085],[-98.67008,30.48268],[-98.66782,30.4824],[-98.67385,30.48508],[-98.67061,30.48732],[-98.66399,30.48618],[-98.66444,30.48343],[-98.67257,30.47323],[-98.67953,30.47265],[-98.68237,30.46927],[-98.67038,30.47025],[-98.66702,30.47576],[-98.65471,30.48562],[-98.65073,30.48259],[-98.65297,30.47646],[-98.64854,30.47887],[-98.64591,30.47499],[-98.64307,30.47745],[-98.6347,30.47839],[-98.63939,30.47402],[-98.64628,30.47304],[-98.64779,30.46519],[-98.65997,30.45767],[-98.6699,30.45726],[-98.67075,30.45325],[-98.67506,30.45364],[-98.67222,30.45737],[-98.67904,30.4561],[-98.68592,30.45128],[-98.68691,30.453],[-98.70312,30.43625],[-98.70204,30.4291],[-98.70575,30.42565],[-98.70335,30.42251],[-98.69721,30.42819],[-98.69753,30.42343],[-98.69462,30.42378],[-98.6882,30.43203],[-98.69138,30.43272],[-98.69437,30.43724],[-98.69305,30.44182],[-98.66499,30.45188],[-98.6503,30.46129],[-98.63085,30.47964],[-98.63373,30.47901],[-98.63149,30.48326],[-98.64407,30.48026],[-98.6499,30.48323],[-98.65137,30.49497],[-98.6561,30.50332],[-98.65571,30.50893],[-98.65697,30.50727],[-98.65506,30.51947],[-98.6488,30.53219],[-98.64475,30.53398],[-98.6445,30.54085],[-98.64114,30.54755],[-98.63313,30.55352],[-98.63491,30.54928],[-98.6224,30.55182],[-98.61592,30.56036],[-98.60677,30.55184],[-98.60868,30.54737],[-98.59816,30.55689],[-98.59219,30.54796],[-98.58169,30.56779],[-98.5686,30.58384],[-98.56469,30.58437],[-98.56444,30.58849],[-98.58052,30.58188],[-98.58437,30.58732],[-98.5943,30.58261],[-98.59635,30.58449],[-98.60503,30.58133]],[[-98.60547,30.56684],[-98.59878,30.5688],[-98.59725,30.56737],[-98.59744,30.55769],[-98.60042,30.55711],[-98.60036,30.56135],[-98.60466,30.56043],[-98.60658,30.55665],[-98.61069,30.55853],[-98.60547,30.56684]],[[-98.64803,30.54754],[-98.6535,30.53574],[-98.65497,30.53866],[-98.65279,30.54599],[-98.64975,30.54937],[-98.64803,30.54754]],[[-98.65362,30.56672],[-98.6564,30.56631],[-98.65608,30.57032],[-98.65158,30.574],[-98.65006,30.57268],[-98.65362,30.56672]]]]},"properties":{"layer":"aquifer","aquifer":"Hickory","rank":"minor","code":"1","extent":"outcrop","source":"twdb-minor-aquifers-bbox"}},{"type":"Feature","geometry":{"type":"MultiPolygon","coordinates":[[[[-99.12888,31.03659],[-99.13063,31.03727],[-99.12955,31.04043],[-99.13746,31.03905],[-99.14449,31.04112],[-99.16512,31.03516],[-99.16365,31.02782],[-99.17195,31.03207],[-99.17959,31.03195],[-99.19413,31.02095],[-99.19809,31.00971],[-99.19836,30.99979],[-99.19582,30.9966],[-99.20268,30.97969],[-99.22529,30.95464],[-99.23149,30.93945],[-99.23844,30.93481],[-99.23931,30.93962],[-99.24429,30.9431],[-99.23988,30.96023],[-99.24267,30.96658],[-99.24803,30.9683],[-99.24789,30.96131],[-99.25086,30.95684],[-99.25576,30.95448],[-99.25714,30.9507],[-99.26952,30.94605],[-99.27004,30.93992],[-99.26713,30.93992],[-99.27295,30.9366],[-99.27255,30.93305],[-99.28049,30.92668],[-99.28894,30.91355],[-99.29636,30.90902],[-99.31824,30.88408],[-99.31142,30.88254],[-99.3069,30.87487],[-99.30147,30.8762],[-99.29544,30.8738],[-99.30232,30.87127],[-99.30078,30.86091],[-99.29666,30.85364],[-99.30076,30.84797],[-99.29709,30.84511],[-99.28501,30.85612],[-99.28403,30.86213],[-99.28727,30.86276],[-99.28066,30.86895],[-99.27776,30.87961],[-99.26526,30.88965],[-99.25211,30.91114],[-99.24039,30.91047],[-99.2412,30.92409],[-99.23948,30.92003],[-99.23743,30.92198],[-99.23762,30.91917],[-99.23537,30.91878],[-99.23523,30.9083],[-99.2261,30.92171],[-99.22657,30.92543],[-99.21996,30.93638],[-99.21433,30.9345],[-99.20846,30.95019],[-99.20264,30.95215],[-99.19206,30.96562],[-99.17677,30.9677],[-99.16545,30.97888],[-99.13387,30.98666],[-99.12692,30.9842],[-99.12046,30.96806],[-99.11794,30.96354],[-99.11688,30.96523],[-99.11685,30.96044],[-99.11417,30.96549],[-99.10925,30.95742],[-99.11955,30.93891],[-99.12152,30.92849],[-99.11913,30.92551],[-99.11839,30.91612],[-99.12524,30.89023],[-99.12604,30.89939],[-99.12769,30.89063],[-99.13357,30.88031],[-99.13653,30.87813],[-99.13055,30.89509],[-99.14323,30.87749],[-99.15448,30.86671],[-99.15547,30.86494],[-99.15281,30.86685],[-99.15035,30.86536],[-99.15709,30.85281],[-99.14797,30.86456],[-99.15971,30.83941],[-99.1758,30.83412],[-99.18761,30.80896],[-99.18562,30.80484],[-99.19528,30.79515],[-99.19845,30.79457],[-99.19092,30.80432],[-99.19423,30.80363],[-99.20262,30.79423],[-99.20745,30.79307],[-99.18136,30.83125],[-99.19333,30.82075],[-99.19709,30.8137],[-99.20906,30.80263],[-99.22399,30.77868],[-99.21803,30.78269],[-99.24249,30.75225],[-99.24329,30.75569],[-99.25647,30.75619],[-99.25569,30.76283],[-99.26092,30.75945],[-99.28078,30.7569],[-99.28251,30.75873],[-99.27449,30.76375],[-99.27702,30.76739],[-99.28279,30.76761],[-99.2869,30.77121],[-99.29147,30.76989],[-99.29935,30.77177],[-99.31225,30.76087],[-99.32668,30.75352],[-99.32689,30.75077],[-99.32105,30.75158],[-99.31787,30.75594],[-99.30232,30.76168],[-99.29451,30.76788],[-99.29775,30.75946],[-99.29324,30.75843],[-99.29787,30.75316],[-99.29072,30.7566],[-99.29956,30.73947],[-99.27573,30.75032],[-99.25813,30.75475],[-99.26057,30.74736],[-99.24295,30.74916],[-99.24188,30.74567],[-99.235,30.75049],[-99.2301,30.75061],[-99.19949,30.77888],[-99.17811,30.79008],[-99.1377,30.82747],[-99.14033,30.82756],[-99.13818,30.83233],[-99.14612,30.83032],[-99.15117,30.83223],[-99.13758,30.86244],[-99.10464,30.8598],[-99.10357,30.85397],[-99.1002,30.85827],[-99.09648,30.85358],[-99.09132,30.85679],[-99.08621,30.8517],[-99.08543,30.86029],[-99.08961,30.85977],[-99.08557,30.86459],[-99.08414,30.88039],[-99.0762,30.88418],[-99.07559,30.8776],[-99.07147,30.87079],[-99.06909,30.87343],[-99.06519,30.87211],[-99.06321,30.87733],[-99.06493,30.87922],[-99.05972,30.88959],[-99.0578,30.89177],[-99.05296,30.89154],[-99.06158,30.8964],[-99.05722,30.89979],[-99.05192,30.90025],[-99.05007,30.90546],[-99.03775,30.90336],[-99.03438,30.90503],[-99.0302,30.90331],[-99.02966,30.89976],[-99.02145,30.89651],[-99.02026,30.90109],[-99.01774,30.89938],[-99.01656,30.90236],[-99.01079,30.89956],[-98.99794,30.89935],[-98.99603,30.90628],[-98.99047,30.90921],[-98.97456,30.9047],[-98.9745,30.90717],[-98.96861,30.90809],[-98.95776,30.91497],[-98.95778,30.92517],[-98.94273,30.91917],[-98.94108,30.92267],[-98.94365,30.92519],[-98.93857,30.92496],[-98.93771,30.92886],[-98.93101,30.92011],[-98.93485,30.91947],[-98.92703,30.91627],[-98.92457,30.91152],[-98.92027,30.91233],[-98.92113,30.91479],[-98.91782,30.91623],[-98.91398,30.91497],[-98.91431,30.91795],[-98.90736,30.92105],[-98.89671,30.92192],[-98.89545,30.92502],[-98.88823,30.92411],[-98.87993,30.94898],[-98.8831,30.94903],[-98.88322,30.95126],[-98.89715,30.94833],[-98.89702,30.95296],[-98.90165,30.94906],[-98.90589,30.95003],[-98.90661,30.94562],[-98.91542,30.94739],[-98.91376,30.94166],[-98.92343,30.94256],[-98.9213,30.93999],[-98.92283,30.93712],[-98.91958,30.93782],[-98.9219,30.93541],[-98.93097,30.93751],[-98.93184,30.94055],[-98.9354,30.93373],[-98.93826,30.93859],[-98.9423,30.93613],[-98.94064,30.93155],[-98.94334,30.93063],[-98.95144,30.93732],[-98.95448,30.93565],[-98.95348,30.93199],[-98.9556,30.93204],[-98.96701,30.93879],[-98.96865,30.93277],[-98.97481,30.93145],[-98.98164,30.93499],[-98.98183,30.93092],[-98.996,30.92941],[-99.00467,30.92207],[-99.00581,30.92826],[-99.0103,30.92607],[-99.01468,30.92968],[-99.02275,30.92566],[-99.02268,30.92176],[-99.02441,30.9217],[-99.02487,30.92548],[-99.02679,30.92159],[-99.02607,30.92726],[-99.02852,30.9268],[-99.02872,30.92943],[-99.02416,30.93413],[-99.03874,30.93949],[-99.03113,30.94197],[-99.03735,30.94265],[-99.03868,30.94517],[-99.04379,30.94384],[-99.04347,30.95071],[-99.04042,30.95158],[-99.04678,30.95306],[-99.04658,30.95707],[-99.05381,30.9578],[-99.07822,30.93627],[-99.07556,30.92924],[-99.08066,30.92889],[-99.08615,30.92424],[-99.09003,30.90591],[-99.08432,30.90111],[-99.09531,30.89909],[-99.10027,30.8953],[-99.10201,30.89862],[-99.10411,30.89129],[-99.1106,30.88779],[-99.10862,30.89386],[-99.11111,30.91682],[-99.11283,30.91791],[-99.11594,30.91544],[-99.1116,30.93469],[-99.11286,30.93635],[-99.11517,30.93308],[-99.11551,30.93772],[-99.11381,30.947],[-99.10548,30.95897],[-99.10451,30.97249],[-99.11092,30.96992],[-99.11374,30.99046],[-99.11572,30.98782],[-99.11593,30.98989],[-99.12077,30.99097],[-99.12162,30.98862],[-99.12349,30.99858],[-99.12844,31.00275],[-99.13292,31.01216],[-99.13123,31.02804],[-99.12601,31.03515],[-99.12888,31.03659]],[[-99.11625,30.90147],[-99.12342,30.87191],[-99.12732,30.86801],[-99.12238,30.88256],[-99.12061,30.89842],[-99.11824,30.90427],[-99.11625,30.90147]],[[-99.14556,30.85351],[-99.14734,30.84618],[-99.1574,30.84002],[-99.14553,30.86375],[-99.14116,30.86461],[-99.14556,30.85351]],[[-99.05365,30.94205],[-99.06101,30.94393],[-99.06121,30.94685],[-99.05081,30.94933],[-99.0526,30.94572],[-99.0508,30.94263],[-99.05365,30.94205]],[[-99.11488,30.87364],[-99.12327,30.86183],[-99.12222,30.86761],[-99.11555,30.87524],[-99.11488,30.87364]],[[-99.10059,30.88133],[-99.1021,30.87216],[-99.1037,30.88161],[-99.10098,30.88425],[-99.10059,30.88133]],[[-99.16267,30.82423],[-99.16915,30.81958],[-99.1638,30.82543],[-99.16267,30.82423]]]]},"properties":{"layer":"aquifer","aquifer":"Hickory","rank":"minor","code":"1","extent":"outcrop","source":"twdb-minor-aquifers-bbox"}},{"type":"Feature","geometry":{"type":"MultiPolygon","coordinates":[[[[-99.23747,30.90663],[-99.24025,30.90634],[-99.23865,30.90016],[-99.23528,30.90463],[-99.23523,30.9083],[-99.23747,30.90663]]]]},"properties":{"layer":"aquifer","aquifer":"Hickory","rank":"minor","code":"1","extent":"outcrop","source":"twdb-minor-aquifers-bbox"}},{"type":"Feature","geometry":{"type":"MultiPolygon","coordinates":[[[[-99.3292,30.8229],[-99.33138,30.8225],[-99.32972,30.81792],[-99.33236,30.81059],[-99.337,30.8127],[-99.3448,30.80382],[-99.34413,30.79671],[-99.34704,30.79333],[-99.35049,30.79447],[-99.35075,30.79986],[-99.35434,30.80323],[-99.35296,30.81062],[-99.36178,30.81496],[-99.35873,30.8196],[-99.36311,30.82229],[-99.3622,30.82939],[-99.36968,30.82835],[-99.37656,30.8241],[-99.37893,30.81534],[-99.38603,30.81768],[-99.38873,30.81532],[-99.38627,30.80725],[-99.38744,30.79425],[-99.38518,30.79202],[-99.3871,30.78944],[-99.38505,30.78727],[-99.38768,30.77719],[-99.39079,30.77277],[-99.39615,30.77076],[-99.39902,30.78593],[-99.4061,30.77756],[-99.40171,30.77007],[-99.40389,30.7668],[-99.40237,30.76468],[-99.40534,30.76245],[-99.39778,30.75885],[-99.39944,30.75707],[-99.40381,30.75855],[-99.40765,30.75574],[-99.40572,30.75162],[-99.4087,30.74916],[-99.40126,30.73943],[-99.40245,30.73384],[-99.39548,30.72736],[-99.38773,30.72633],[-99.37463,30.73225],[-99.37496,30.73677],[-99.37212,30.73987],[-99.38391,30.74117],[-99.3773,30.74576],[-99.37711,30.75149],[-99.36625,30.75374],[-99.36492,30.7511],[-99.37359,30.74851],[-99.36816,30.74732],[-99.3632,30.75065],[-99.35836,30.74911],[-99.36035,30.755],[-99.36413,30.75597],[-99.35976,30.75913],[-99.36123,30.76239],[-99.34879,30.77031],[-99.34292,30.78406],[-99.33505,30.79134],[-99.33287,30.79925],[-99.32956,30.79874],[-99.32864,30.80389],[-99.33936,30.79701],[-99.32965,30.81243],[-99.32685,30.82241],[-99.3292,30.8229]]]]},"properties":{"layer":"aquifer","aquifer":"Hickory","rank":"minor","code":"1","extent":"outcrop","source":"twdb-minor-aquifers-bbox"}},{"type":"Feature","geometry":{"type":"MultiPolygon","coordinates":[[[[-99.20972,30.76014],[-99.21859,30.75858],[-99.22123,30.75114],[-99.21751,30.75005],[-99.21658,30.74587],[-99.20128,30.74578],[-99.19639,30.75271],[-99.2031,30.75866],[-99.20879,30.75791],[-99.20799,30.75997],[-99.20972,30.76014]]]]},"properties":{"layer":"aquifer","aquifer":"Hickory","rank":"minor","code":"1","extent":"outcrop","source":"twdb-minor-aquifers-bbox"}},{"type":"Feature","geometry":{"type":"MultiPolygon","coordinates":[[[[-99.24955,30.73466],[-99.2553,30.72441],[-99.2486,30.72367],[-99.22669,30.72897],[-99.22449,30.72765],[-99.22626,30.71471],[-99.2147,30.71564],[-99.2123,30.7228],[-99.21714,30.72468],[-99.21126,30.73254],[-99.22371,30.73029],[-99.22081,30.73848],[-99.23293,30.74316],[-99.24029,30.74143],[-99.24955,30.73466]]]]},"properties":{"layer":"aquifer","aquifer":"Hickory","rank":"minor","code":"1","extent":"outcrop","source":"twdb-minor-aquifers-bbox"}},{"type":"Feature","geometry":{"type":"MultiPolygon","coordinates":[[[[-99.1676,30.64875],[-99.16258,30.65746],[-99.15616,30.66223],[-99.15564,30.66463],[-99.16074,30.66634],[-99.16161,30.66926],[-99.15208,30.67237],[-99.14941,30.66653],[-99.14465,30.66888],[-99.14544,30.66659],[-99.13935,30.66815],[-99.13567,30.68499],[-99.13197,30.69141],[-99.13701,30.69289],[-99.14587,30.68314],[-99.14773,30.68612],[-99.14243,30.69151],[-99.14761,30.69333],[-99.15839,30.68335],[-99.16963,30.67733],[-99.17375,30.68207],[-99.18294,30.68585],[-99.19481,30.68033],[-99.20441,30.68181],[-99.2072,30.68438],[-99.20191,30.68948],[-99.20411,30.69509],[-99.21185,30.69274],[-99.21371,30.69365],[-99.20875,30.69835],[-99.22511,30.69867],[-99.24097,30.6821],[-99.24931,30.67654],[-99.24917,30.66944],[-99.24094,30.66338],[-99.23803,30.66206],[-99.23373,30.66413],[-99.23511,30.66184],[-99.23253,30.66218],[-99.22698,30.67112],[-99.2205,30.67342],[-99.21797,30.66976],[-99.19646,30.67895],[-99.18897,30.67724],[-99.19009,30.67484],[-99.18214,30.67445],[-99.17837,30.67113],[-99.1787,30.66792],[-99.1734,30.67068],[-99.17359,30.66684],[-99.16963,30.66982],[-99.16882,30.66696],[-99.16458,30.668],[-99.17107,30.66146],[-99.18113,30.65893],[-99.17622,30.65704],[-99.17535,30.65367],[-99.17098,30.6535],[-99.17091,30.64886],[-99.176,30.64445],[-99.17494,30.64233],[-99.18124,30.64347],[-99.18263,30.64679],[-99.19096,30.64019],[-99.19243,30.64282],[-99.20859,30.64234],[-99.2044,30.63525],[-99.20698,30.63261],[-99.19618,30.63062],[-99.19584,30.62633],[-99.21307,30.62745],[-99.21279,30.62178],[-99.22238,30.61432],[-99.22834,30.61168],[-99.23914,30.61149],[-99.24813,30.60444],[-99.25658,30.58702],[-99.24546,30.59156],[-99.23956,30.58916],[-99.2403,30.59179],[-99.23765,30.593],[-99.23917,30.59592],[-99.23415,30.604],[-99.23091,30.60389],[-99.22865,30.59805],[-99.22342,30.60138],[-99.22083,30.60001],[-99.22269,30.60516],[-99.21919,30.609],[-99.21528,30.60706],[-99.20728,30.61159],[-99.20356,30.60679],[-99.20583,30.61554],[-99.19099,30.61912],[-99.18822,30.62336],[-99.1861,30.61986],[-99.18146,30.62119],[-99.17821,30.61747],[-99.17232,30.62183],[-99.17153,30.6259],[-99.16604,30.62699],[-99.14835,30.62255],[-99.14978,30.62151],[-99.14384,30.61992],[-99.14356,30.61603],[-99.13774,30.62113],[-99.13363,30.61684],[-99.13224,30.61925],[-99.13404,30.62303],[-99.13027,30.62801],[-99.13285,30.62595],[-99.14352,30.62548],[-99.14803,30.63246],[-99.14751,30.63744],[-99.15308,30.6407],[-99.15672,30.63794],[-99.15931,30.64269],[-99.16933,30.64735],[-99.1676,30.64875]]]]},"properties":{"layer":"aquifer","aquifer":"Hickory","rank":"minor","code":"1","extent":"outcrop","source":"twdb-minor-aquifers-bbox"}},{"type":"Feature","geometry":{"type":"MultiPolygon","coordinates":[[[[-98.49139,30.5009],[-98.4953,30.49763],[-98.46933,30.49486],[-98.45295,30.48279],[-98.44396,30.48985],[-98.45104,30.49127],[-98.4537,30.49528],[-98.459,30.49498],[-98.46245,30.49859],[-98.46775,30.49978],[-98.47047,30.50407],[-98.48153,30.5016],[-98.48312,30.50669],[-98.49139,30.5009]]]]},"properties":{"layer":"aquifer","aquifer":"Hickory","rank":"minor","code":"1","extent":"outcrop","source":"twdb-minor-aquifers-bbox"}},{"type":"Feature","geometry":{"type":"MultiPolygon","coordinates":[[[[-98.42856,30.46303],[-98.43407,30.47035],[-98.43949,30.46348],[-98.44477,30.45247],[-98.4436,30.44302],[-98.44149,30.44623],[-98.4397,30.44537],[-98.44143,30.44915],[-98.43848,30.45729],[-98.43172,30.45627],[-98.43238,30.45157],[-98.42873,30.45083],[-98.43131,30.44722],[-98.42152,30.45686],[-98.42796,30.4604],[-98.42651,30.46223],[-98.42856,30.46303]]]]},"properties":{"layer":"aquifer","aquifer":"Hickory","rank":"minor","code":"1","extent":"outcrop","source":"twdb-minor-aquifers-bbox"}},{"type":"Feature","geometry":{"type":"MultiPolygon","coordinates":[[[[-98.50433,30.45726],[-98.51148,30.45725],[-98.51884,30.46056],[-98.54129,30.45635],[-98.54472,30.44901],[-98.54351,30.439],[-98.53022,30.45207],[-98.52034,30.44859],[-98.51346,30.45272],[-98.50518,30.45107],[-98.50168,30.45789],[-98.50433,30.45726]]]]},"properties":{"layer":"aquifer","aquifer":"Hickory","rank":"minor","code":"1","extent":"outcrop","source":"twdb-minor-aquifers-bbox"}},{"type":"Feature","geometry":{"type":"MultiPolygon","coordinates":[[[[-98.5092,30.44105],[-98.51012,30.43675],[-98.5043,30.43785],[-98.49928,30.44873],[-98.50517,30.4493],[-98.5092,30.44105]]]]},"properties":{"layer":"aquifer","aquifer":"Hickory","rank":"minor","code":"1","extent":"outcrop","source":"twdb-minor-aquifers-bbox"}},{"type":"Feature","geometry":{"type":"MultiPolygon","coordinates":[[[[-98.50641,30.43435],[-98.50945,30.42913],[-98.50626,30.42599],[-98.50441,30.42822],[-98.50301,30.42599],[-98.49898,30.42634],[-98.49514,30.43293],[-98.49574,30.43625],[-98.49873,30.43757],[-98.50641,30.43435]]]]},"properties":{"layer":"aquifer","aquifer":"Hickory","rank":"minor","code":"1","extent":"outcrop","source":"twdb-minor-aquifers-bbox"}},{"type":"Feature","geometry":{"type":"MultiPolygon","coordinates":[[[[-98.48237,30.40848],[-98.49522,30.40457],[-98.49136,30.39386],[-98.48711,30.3902],[-98.48341,30.39067],[-98.47402,30.40402],[-98.47726,30.40471],[-98.47674,30.40769],[-98.48158,30.41077],[-98.48237,30.40848]]]]},"properties":{"layer":"aquifer","aquifer":"Hickory","rank":"minor","code":"1","extent":"outcrop","source":"twdb-minor-aquifers-bbox"}},{"type":"Feature","geometry":{"type":"MultiPolygon","coordinates":[[[[-98.46465,30.39425],[-98.46816,30.39637],[-98.47185,30.39193],[-98.46465,30.39425]]]]},"properties":{"layer":"aquifer","aquifer":"Hickory","rank":"minor","code":"1","extent":"outcrop","source":"twdb-minor-aquifers-bbox"}},{"type":"Feature","geometry":{"type":"MultiPolygon","coordinates":[[[[-98.51896,30.38965],[-98.52134,30.38748],[-98.51981,30.38633],[-98.51147,30.39012],[-98.51425,30.38577],[-98.51186,30.38537],[-98.50314,30.39197],[-98.51254,30.39132],[-98.51909,30.38759],[-98.51896,30.38965]]]]},"properties":{"layer":"aquifer","aquifer":"Hickory","rank":"minor","code":"1","extent":"outcrop","source":"twdb-minor-aquifers-bbox"}},{"type":"Feature","geometry":{"type":"MultiPolygon","coordinates":[[[[-98.4916,30.38241],[-98.49571,30.38372],[-98.49725,30.39288],[-98.50662,30.37019],[-98.50867,30.36727],[-98.51476,30.3664],[-98.51416,30.36205],[-98.51733,30.35489],[-98.52269,30.35471],[-98.52415,30.35912],[-98.51682,30.36726],[-98.52278,30.36908],[-98.52219,30.3716],[-98.5267,30.3767],[-98.53406,30.37961],[-98.53962,30.37765],[-98.53309,30.35624],[-98.5311,30.35338],[-98.52706,30.35356],[-98.53042,30.34365],[-98.51672,30.35065],[-98.50442,30.36224],[-98.48948,30.38273],[-98.4916,30.38241]]]]},"properties":{"layer":"aquifer","aquifer":"Hickory","rank":"minor","code":"1","extent":"outcrop","source":"twdb-minor-aquifers-bbox"}},{"type":"Feature","geometry":{"type":"MultiPolygon","coordinates":[[[[-98.46928,30.37998],[-98.46345,30.38222],[-98.45987,30.3785],[-98.46377,30.37386],[-98.46781,30.37483],[-98.46801,30.37288],[-98.46384,30.37174],[-98.46714,30.3695],[-98.47808,30.37435],[-98.47325,30.37957],[-98.48649,30.37366],[-98.47683,30.38111],[-98.47783,30.38432],[-98.49165,30.37308],[-98.50111,30.36012],[-98.50627,30.35983],[-98.50256,30.35955],[-98.50477,30.35608],[-98.51308,30.35283],[-98.51485,30.34976],[-98.49553,30.35034],[-98.50391,30.33372],[-98.51239,30.33405],[-98.5194,30.32854],[-98.52232,30.32865],[-98.5251,30.33277],[-98.53179,30.33093],[-98.53706,30.3255],[-98.53575,30.32102],[-98.5301,30.31885],[-98.52886,30.32355],[-98.53404,30.32663],[-98.5296,30.3283],[-98.52596,30.32756],[-98.52734,30.32435],[-98.52225,30.32619],[-98.52158,30.3235],[-98.5049,30.33166],[-98.48756,30.33563],[-98.47392,30.34343],[-98.47235,30.35312],[-98.46719,30.35621],[-98.46235,30.35496],[-98.44587,30.36432],[-98.44164,30.37045],[-98.4425,30.37354],[-98.44595,30.37022],[-98.44946,30.37451],[-98.45556,30.37358],[-98.451,30.38103],[-98.45345,30.38395],[-98.45974,30.38182],[-98.46683,30.38358],[-98.47212,30.37986],[-98.46928,30.37998]],[[-98.48264,30.36725],[-98.48051,30.36765],[-98.48144,30.36479],[-98.49427,30.35435],[-98.48344,30.36879],[-98.48264,30.36725]]]]},"properties":{"layer":"aquifer","aquifer":"Hickory","rank":"minor","code":"1","extent":"outcrop","source":"twdb-minor-aquifers-bbox"}},{"type":"Feature","geometry":{"type":"MultiPolygon","coordinates":[[[[-98.46709,30.33657],[-98.46033,30.33864],[-98.44103,30.35791],[-98.44025,30.36564],[-98.46644,30.34568],[-98.47034,30.33725],[-98.46709,30.33657]]]]},"properties":{"layer":"aquifer","aquifer":"Hickory","rank":"minor","code":"1","extent":"outcrop","source":"twdb-minor-aquifers-bbox"}},{"type":"Feature","geometry":{"type":"MultiPolygon","coordinates":[[[[-99.31151,31.05],[-99.32076,31.04299],[-99.32171,31.03892],[-99.32539,31.04007],[-99.32492,31.04248],[-99.33195,31.04122],[-99.3375,31.04407],[-99.33875,31.05],[-99.34206,31.04665],[-99.34467,31.04808],[-99.34985,31.04579],[-99.35536,31.04783],[-99.36112,31.04632],[-99.3625,31.04327],[-99.37035,31.04365],[-99.37407,31.03778],[-99.36489,31.03741],[-99.36128,31.03966],[-99.35884,31.0329],[-99.36085,31.03203],[-99.36042,31.02704],[-99.36923,31.02017],[-99.36472,31.0168],[-99.36572,31.01513],[-99.37726,31.01796],[-99.3802,31.01566],[-99.38342,31.01788],[-99.37968,31.02122],[-99.38444,31.01994],[-99.38291,31.02276],[-99.38883,31.02653],[-99.38831,31.03198],[-99.39382,31.03512],[-99.39905,31.03464],[-99.4015,31.02837],[-99.40792,31.02784],[-99.40206,31.02022],[-99.40564,31.01332],[-99.40167,31.00943],[-99.40599,31.00144],[-99.40913,30.99976],[-99.41216,31.0036],[-99.41612,31.00438],[-99.41964,31.01206],[-99.42194,31.00356],[-99.42629,31.00297],[-99.42812,31.00692],[-99.43167,31.00668],[-99.42944,31.00078],[-99.42165,30.99947],[-99.41886,30.99466],[-99.41442,30.99381],[-99.41653,30.9898],[-99.41241,30.98127],[-99.41758,30.98304],[-99.42248,30.98114],[-99.4228,30.97479],[-99.42015,30.97531],[-99.41955,30.9733],[-99.42412,30.97198],[-99.4259,30.96848],[-99.43299,30.9687],[-99.43723,30.96452],[-99.43636,30.96137],[-99.43867,30.96291],[-99.4402,30.96113],[-99.43688,30.9585],[-99.439,30.9573],[-99.43913,30.95289],[-99.43289,30.94562],[-99.42626,30.94431],[-99.43036,30.93915],[-99.4342,30.94029],[-99.43758,30.93823],[-99.44005,30.95025],[-99.44614,30.94864],[-99.44739,30.94125],[-99.45249,30.94382],[-99.45752,30.93969],[-99.45905,30.94266],[-99.45713,30.9485],[-99.46529,30.94534],[-99.46948,30.94894],[-99.47444,30.94916],[-99.47013,30.94797],[-99.46834,30.94156],[-99.47196,30.93221],[-99.46613,30.93005],[-99.47057,30.92723],[-99.46857,30.92466],[-99.46248,30.92587],[-99.45711,30.92141],[-99.46021,30.9178],[-99.46731,30.91916],[-99.46638,30.91705],[-99.47551,30.91256],[-99.47869,30.91279],[-99.48022,30.91565],[-99.48545,30.91381],[-99.4875,30.91696],[-99.4989,30.91666],[-99.49426,30.91311],[-99.49551,30.91128],[-99.49319,30.90824],[-99.49007,30.9071],[-99.49004,30.90236],[-99.48919,30.90368],[-99.48693,30.90105],[-99.48665,30.89194],[-99.49135,30.88999],[-99.49253,30.88305],[-99.49087,30.87785],[-99.48829,30.88306],[-99.48557,30.88238],[-99.48537,30.87757],[-99.47742,30.87637],[-99.47649,30.88038],[-99.47995,30.88456],[-99.47525,30.88606],[-99.47472,30.88829],[-99.47778,30.89327],[-99.47089,30.89333],[-99.47061,30.88623],[-99.46697,30.88435],[-99.46233,30.88802],[-99.46546,30.89294],[-99.45724,30.89141],[-99.45315,30.89955],[-99.45386,30.88987],[-99.45836,30.88608],[-99.45557,30.88185],[-99.4612,30.88229],[-99.46484,30.87914],[-99.46357,30.87342],[-99.45728,30.87159],[-99.45313,30.87313],[-99.45181,30.87623],[-99.4486,30.87498],[-99.45033,30.87916],[-99.44814,30.881],[-99.44383,30.87625],[-99.43909,30.87985],[-99.42107,30.88062],[-99.411,30.88517],[-99.40868,30.88414],[-99.40827,30.87996],[-99.40211,30.88249],[-99.40396,30.87754],[-99.40037,30.8781],[-99.40053,30.87383],[-99.38775,30.87889],[-99.3843,30.87466],[-99.37723,30.88578],[-99.36928,30.88636],[-99.36729,30.88923],[-99.35935,30.88964],[-99.36002,30.89176],[-99.34637,30.89418],[-99.34438,30.89757],[-99.34551,30.90439],[-99.3375,30.90451],[-99.32925,30.91843],[-99.32781,30.92502],[-99.32463,30.92468],[-99.31622,30.92973],[-99.31273,30.9381],[-99.30266,30.93943],[-99.29585,30.94826],[-99.29447,30.95491],[-99.27481,30.96101],[-99.27422,30.96295],[-99.2776,30.96295],[-99.2753,30.9795],[-99.26803,30.98639],[-99.26836,30.99108],[-99.26354,30.99424],[-99.26904,30.99813],[-99.2707,31.00227],[-99.2441,31.01201],[-99.2378,31.0205],[-99.2378,31.0166],[-99.23312,31.01487],[-99.21972,31.01768],[-99.2155,31.01556],[-99.22877,31.00989],[-99.23666,31.00977],[-99.237,31.01316],[-99.24223,31.00519],[-99.24135,30.99811],[-99.24485,30.99432],[-99.2459,30.98493],[-99.23988,30.96023],[-99.24132,30.95084],[-99.23378,30.94852],[-99.22454,30.96812],[-99.21685,30.9979],[-99.21444,31.00168],[-99.21022,31.00231],[-99.2066,31.00845],[-99.2076,31.01223],[-99.22455,31.00633],[-99.22153,31.00954],[-99.20633,31.01507],[-99.20952,31.0393],[-99.20182,31.0436],[-99.19927,31.04274],[-99.19556,31.05],[-99.31151,31.05]],[[-99.36088,30.9993],[-99.35867,31.0055],[-99.35321,31.00417],[-99.35337,30.99988],[-99.35683,30.99875],[-99.35832,30.99234],[-99.36166,30.99269],[-99.36088,30.9993]],[[-99.39783,30.98909],[-99.40394,30.99088],[-99.40366,30.98822],[-99.40653,30.98808],[-99.40934,30.991],[-99.40334,30.99514],[-99.39766,30.99206],[-99.39783,30.98909]],[[-99.30535,31.03751],[-99.30406,31.04411],[-99.30258,31.03824],[-99.30535,31.03751]]]]},"properties":{"layer":"aquifer","aquifer":"Ellenburger-San Saba","rank":"minor","code":"1","extent":"outcrop","source":"twdb-minor-aquifers-bbox"}},{"type":"Feature","geometry":{"type":"MultiPolygon","coordinates":[[[[-99.09432,31.05],[-99.10021,31.04478],[-99.11361,31.04512],[-99.12319,31.04054],[-99.1301,31.02477],[-99.12434,31.01835],[-99.12328,31.01353],[-99.11973,31.01273],[-99.12007,30.99794],[-99.11807,30.99925],[-99.11799,31.01365],[-99.11638,31.01342],[-99.11465,31.00252],[-99.10786,30.99273],[-99.10485,30.97338],[-99.09763,30.97786],[-99.0971,30.97144],[-99.10551,30.92739],[-99.10261,30.89732],[-99.08798,30.94219],[-99.08614,30.95204],[-99.08729,30.96893],[-99.07936,30.99485],[-99.08167,30.99807],[-99.06078,31.0205],[-99.05685,31.02103],[-99.06129,31.01541],[-99.05609,31.01536],[-99.05884,31.01314],[-99.05764,31.01036],[-99.06509,31.00979],[-99.06647,31.00701],[-99.05888,30.99829],[-99.05999,30.99536],[-99.06208,30.99672],[-99.06365,30.99472],[-99.06164,30.99089],[-99.06386,30.98602],[-99.05485,30.98909],[-99.05123,30.99269],[-99.0531,30.99504],[-99.05009,30.99778],[-99.05014,31.00245],[-99.04643,31.00229],[-99.04442,30.99892],[-99.03732,30.9981],[-99.0395,30.99288],[-99.03578,30.98516],[-99.03187,30.98304],[-99.02723,30.98408],[-99.02636,30.9791],[-99.00887,30.97477],[-99.00256,30.96882],[-99.00462,30.96607],[-99.00329,30.96487],[-98.98304,30.97858],[-98.97588,30.97063],[-98.96806,30.9723],[-98.95447,30.96448],[-98.94428,30.97531],[-98.93926,30.97756],[-98.93931,30.97303],[-98.93639,30.97097],[-98.93182,30.97436],[-98.92745,30.9715],[-98.92289,30.97586],[-98.91659,30.97329],[-98.91724,30.97043],[-98.90837,30.97238],[-98.90274,30.97004],[-98.90002,30.97217],[-98.89552,30.9716],[-98.88745,30.97831],[-98.87692,30.98079],[-98.86957,30.97839],[-98.86507,30.97955],[-98.87836,30.96704],[-98.87888,30.96355],[-98.87575,30.96319],[-98.87563,30.96052],[-98.88635,30.93229],[-98.87923,30.93084],[-98.88008,30.92729],[-98.86922,30.93332],[-98.86626,30.94054],[-98.86607,30.94953],[-98.86323,30.95275],[-98.85906,30.95304],[-98.85635,30.961],[-98.85245,30.96295],[-98.84921,30.96886],[-98.84663,30.96806],[-98.84828,30.96073],[-98.83576,30.95971],[-98.83727,30.95667],[-98.84574,30.953],[-98.8522,30.93495],[-98.8632,30.93047],[-98.86801,30.92003],[-98.8747,30.91836],[-98.88158,30.91171],[-98.88828,30.91852],[-98.89555,30.90253],[-98.89434,30.89703],[-98.89711,30.88655],[-98.88928,30.88175],[-98.89398,30.88134],[-98.89597,30.87853],[-98.89431,30.87618],[-98.89179,30.87894],[-98.89001,30.87682],[-98.88425,30.87969],[-98.88273,30.8845],[-98.88054,30.88176],[-98.87696,30.88279],[-98.88147,30.88468],[-98.8828,30.88788],[-98.87929,30.88863],[-98.86098,30.9138],[-98.85159,30.91989],[-98.84734,30.92018],[-98.85661,30.91083],[-98.84786,30.91181],[-98.84964,30.9058],[-98.84646,30.90357],[-98.84672,30.89795],[-98.84295,30.90254],[-98.84287,30.8975],[-98.83949,30.89539],[-98.82765,30.89866],[-98.8019,30.91314],[-98.80263,30.91652],[-98.79885,30.91704],[-98.80038,30.91881],[-98.7976,30.91984],[-98.79972,30.9231],[-98.79634,30.92047],[-98.79661,30.92259],[-98.78529,30.9257],[-98.79542,30.92403],[-98.79881,30.92998],[-98.79478,30.94052],[-98.78724,30.94666],[-98.78725,30.94832],[-98.79221,30.94832],[-98.79129,30.95015],[-98.79527,30.95633],[-98.76838,30.95734],[-98.77282,30.9598],[-98.78163,30.95956],[-98.77687,30.96655],[-98.77217,30.96616],[-98.77211,30.97085],[-98.76734,30.97011],[-98.76994,30.97658],[-98.76709,30.98037],[-98.75311,30.97861],[-98.74319,30.98653],[-98.73631,30.99662],[-98.72867,31.00066],[-98.71487,30.99733],[-98.71568,31.00192],[-98.7124,31.00553],[-98.71373,31.01063],[-98.70342,31.008],[-98.70046,31.01425],[-98.69484,31.01682],[-98.69476,31.02365],[-98.68893,31.02663],[-98.68726,31.03162],[-98.67788,31.0358],[-98.67841,31.04039],[-98.67513,31.0401],[-98.67252,31.0362],[-98.67205,31.04022],[-98.66924,31.04291],[-98.66415,31.04262],[-98.66052,31.04973],[-98.65391,31.05],[-99.09432,31.05]],[[-98.87112,30.99914],[-98.87005,31.00298],[-98.87561,31.00803],[-98.87005,31.01107],[-98.87178,31.01818],[-98.86181,31.01451],[-98.85517,31.0156],[-98.85531,31.01032],[-98.86013,31.01124],[-98.86054,31.00837],[-98.86462,31.00614],[-98.86028,31.0043],[-98.85793,30.99713],[-98.86259,30.99706],[-98.86287,30.99231],[-98.86664,30.9907],[-98.86614,30.98823],[-98.85947,30.98632],[-98.86308,30.98203],[-98.87665,30.98496],[-98.88095,30.98907],[-98.87734,30.99336],[-98.87113,30.99204],[-98.86934,30.99531],[-98.87253,30.99645],[-98.87112,30.99914]]]]},"properties":{"layer":"aquifer","aquifer":"Ellenburger-San Saba","rank":"minor","code":"1","extent":"outcrop","source":"twdb-minor-aquifers-bbox"}},{"type":"Feature","geometry":{"type":"MultiPolygon","coordinates":[[[[-98.52328,31.05],[-98.53194,31.04403],[-98.53421,31.0446],[-98.5326,31.04953],[-98.53617,31.05],[-98.53703,31.03984],[-98.54024,31.03657],[-98.54666,31.03198],[-98.56081,31.03245],[-98.56088,31.02591],[-98.56618,31.02138],[-98.57187,31.02007],[-98.58541,31.00247],[-98.5901,30.99834],[-98.60005,30.99666],[-98.61045,30.99774],[-98.61047,31.00267],[-98.57578,31.05],[-98.5966,31.05],[-98.59844,31.04203],[-98.61151,31.03384],[-98.6207,31.01646],[-98.62773,31.0109],[-98.63135,31.00242],[-98.63625,30.99886],[-98.64006,31.00196],[-98.63852,31.00832],[-98.64695,31.01154],[-98.64306,31.02507],[-98.64641,31.0294],[-98.647,31.03551],[-98.65668,31.04075],[-98.65859,31.03889],[-98.66086,31.04314],[-98.66361,31.03889],[-98.66409,31.02708],[-98.66684,31.02181],[-98.68594,30.99733],[-98.67871,30.99667],[-98.67015,30.99131],[-98.66136,30.99508],[-98.64198,30.99331],[-98.63307,30.9715],[-98.63239,30.96417],[-98.64378,30.96158],[-98.64451,30.95865],[-98.63409,30.94973],[-98.62913,30.94877],[-98.6242,30.93543],[-98.61531,30.92479],[-98.61681,30.90497],[-98.60638,30.89708],[-98.60663,30.89351],[-98.60287,30.89044],[-98.60265,30.8803],[-98.59966,30.87676],[-98.58979,30.87591],[-98.58408,30.86773],[-98.58044,30.86682],[-98.56139,30.88196],[-98.55829,30.87426],[-98.55601,30.87544],[-98.56017,30.86913],[-98.55289,30.86851],[-98.5495,30.86411],[-98.54646,30.86526],[-98.54479,30.86108],[-98.53816,30.86017],[-98.54082,30.8628],[-98.53857,30.86441],[-98.54043,30.86693],[-98.52932,30.86329],[-98.50732,30.87264],[-98.50023,30.88396],[-98.48715,30.89564],[-98.4714,30.90333],[-98.47385,30.90402],[-98.472,30.90757],[-98.46862,30.90655],[-98.46207,30.90902],[-98.46426,30.91113],[-98.46287,30.91308],[-98.45776,30.91263],[-98.4493,30.92192],[-98.43659,30.92532],[-98.42194,30.92156],[-98.43513,30.92223],[-98.43744,30.92005],[-98.42703,30.91508],[-98.43611,30.91638],[-98.42762,30.90906],[-98.42754,30.90557],[-98.43112,30.90528],[-98.42655,30.90368],[-98.42437,30.90798],[-98.42,30.9061],[-98.40927,30.90789],[-98.4222,30.88981],[-98.42686,30.88741],[-98.4238,30.88083],[-98.43153,30.87309],[-98.4304,30.87028],[-98.42484,30.8688],[-98.42053,30.87064],[-98.42059,30.86612],[-98.41775,30.86526],[-98.40868,30.8865],[-98.39693,30.89685],[-98.39785,30.89141],[-98.39254,30.88798],[-98.39751,30.88494],[-98.39326,30.88357],[-98.3922,30.8775],[-98.38848,30.87664],[-98.38808,30.87441],[-98.38914,30.86902],[-98.39271,30.8673],[-98.39523,30.86884],[-98.39555,30.86644],[-98.39887,30.86546],[-98.39297,30.86512],[-98.38647,30.86112],[-98.38985,30.85814],[-98.38487,30.86064],[-98.38222,30.85294],[-98.38466,30.84715],[-98.38148,30.84532],[-98.37457,30.84559],[-98.3729,30.84359],[-98.35914,30.85054],[-98.35708,30.84676],[-98.35721,30.84946],[-98.35416,30.8498],[-98.35675,30.85238],[-98.35417,30.85462],[-98.34999,30.84912],[-98.35093,30.85451],[-98.34655,30.85165],[-98.34602,30.85382],[-98.34245,30.85274],[-98.33299,30.86186],[-98.33358,30.85951],[-98.33027,30.859],[-98.33344,30.8535],[-98.328,30.85379],[-98.33469,30.84754],[-98.33774,30.84942],[-98.34032,30.84644],[-98.32958,30.84617],[-98.3288,30.8503],[-98.32257,30.85065],[-98.3196,30.8542],[-98.32005,30.84887],[-98.31515,30.85037],[-98.31647,30.84613],[-98.31342,30.84447],[-98.30257,30.85102],[-98.30441,30.84609],[-98.29971,30.84781],[-98.29825,30.84455],[-98.29793,30.84994],[-98.29607,30.85022],[-98.29341,30.84599],[-98.29024,30.8464],[-98.29156,30.84404],[-98.28777,30.83695],[-98.29226,30.83093],[-98.2869,30.83277],[-98.28445,30.83005],[-98.28159,30.83094],[-98.27542,30.82362],[-98.27085,30.82465],[-98.27194,30.84075],[-98.26433,30.84311],[-98.26598,30.83784],[-98.25948,30.83773],[-98.26159,30.83206],[-98.25999,30.82942],[-98.25166,30.83648],[-98.25154,30.84106],[-98.25977,30.84896],[-98.26083,30.85354],[-98.25845,30.85589],[-98.26124,30.85846],[-98.25773,30.86024],[-98.26131,30.86362],[-98.26647,30.85823],[-98.27197,30.8612],[-98.26696,30.87266],[-98.26782,30.87592],[-98.26518,30.8777],[-98.26659,30.88521],[-98.25639,30.88631],[-98.25573,30.8906],[-98.26632,30.88744],[-98.26739,30.89168],[-98.27024,30.89248],[-98.26488,30.89432],[-98.26508,30.89695],[-98.27303,30.89327],[-98.28277,30.8979],[-98.28457,30.90426],[-98.2802,30.90787],[-98.28087,30.91022],[-98.28518,30.91199],[-98.29305,30.90614],[-98.29584,30.9106],[-98.29022,30.92051],[-98.28571,30.91657],[-98.28114,30.91801],[-98.28837,30.92058],[-98.28268,30.92792],[-98.2901,30.92326],[-98.29289,30.9259],[-98.29123,30.92916],[-98.29905,30.93087],[-98.30607,30.92765],[-98.30732,30.92204],[-98.31612,30.92123],[-98.31791,30.91595],[-98.32572,30.9168],[-98.32718,30.91308],[-98.33069,30.91513],[-98.33206,30.9011],[-98.33723,30.9],[-98.33404,30.89583],[-98.33728,30.89347],[-98.33595,30.89015],[-98.34085,30.88975],[-98.34503,30.89329],[-98.3457,30.89993],[-98.34769,30.8981],[-98.34432,30.89028],[-98.34769,30.88878],[-98.3508,30.88265],[-98.35717,30.88865],[-98.35632,30.89633],[-98.35094,30.9021],[-98.3538,30.90794],[-98.34578,30.90601],[-98.34393,30.90864],[-98.34015,30.90813],[-98.34242,30.91815],[-98.33952,30.92188],[-98.34104,30.92531],[-98.33887,30.93265],[-98.34278,30.93717],[-98.33877,30.95018],[-98.34155,30.95544],[-98.33791,30.95831],[-98.3348,30.95534],[-98.33322,30.96113],[-98.32845,30.95729],[-98.32764,30.95231],[-98.32367,30.95381],[-98.32752,30.96342],[-98.32435,30.96475],[-98.32508,30.96681],[-98.34312,30.97812],[-98.34055,30.98386],[-98.34658,30.99038],[-98.34507,30.99531],[-98.34149,30.99491],[-98.34136,30.99886],[-98.3337,30.99759],[-98.33926,31.00212],[-98.33341,31.01926],[-98.33495,31.02087],[-98.33656,31.01777],[-98.34032,31.01691],[-98.35504,31.02454],[-98.35477,31.03136],[-98.34372,31.0305],[-98.34479,31.03508],[-98.35108,31.03617],[-98.35697,31.04093],[-98.35355,31.0477],[-98.3557,31.05],[-98.40211,31.05],[-98.40756,31.04469],[-98.41019,31.04742],[-98.41467,31.04547],[-98.41124,31.05],[-98.52328,31.05]],[[-98.44555,30.99042],[-98.4401,30.97817],[-98.45399,30.96646],[-98.46896,30.96535],[-98.4591,30.96938],[-98.44626,30.97993],[-98.44694,30.98629],[-98.45032,30.98886],[-98.44642,30.99236],[-98.44555,30.99042]],[[-98.61897,30.97335],[-98.62392,30.96842],[-98.62777,30.96979],[-98.62672,30.97466],[-98.62043,30.97868],[-98.61851,30.9777],[-98.61897,30.97335]],[[-98.4912,30.95152],[-98.49431,30.95026],[-98.49571,30.95518],[-98.4924,30.95919],[-98.48458,30.95645],[-98.48915,30.95106],[-98.4912,30.95152]],[[-98.51544,30.94291],[-98.50624,30.94389],[-98.50802,30.93977],[-98.51365,30.93753],[-98.51769,30.93924],[-98.51544,30.94291]]]]},"properties":{"layer":"aquifer","aquifer":"Ellenburger-San Saba","rank":"minor","code":"1","extent":"outcrop","source":"twdb-minor-aquifers-bbox"}},{"type":"Feature","geometry":{"type":"MultiPolygon","coordinates":[[[[-98.25509,31.0013],[-98.25509,31.00572],[-98.24732,31.00618],[-98.24718,31.00354],[-98.25154,31.00079],[-98.24773,31.00125],[-98.24679,30.99805],[-98.2518,30.99338],[-98.24493,30.99391],[-98.2443,31.00801],[-98.24229,31.01088],[-98.24062,31.00881],[-98.24068,31.01575],[-98.23793,31.01982],[-98.23599,31.01902],[-98.23405,31.02567],[-98.2532,31.02894],[-98.2522,31.0243],[-98.26124,31.02212],[-98.25494,31.02166],[-98.25822,31.01828],[-98.25026,31.01627],[-98.25106,31.01352],[-98.25803,31.01232],[-98.25549,31.00973],[-98.26038,31.00933],[-98.26653,31.01398],[-98.2646,31.0118],[-98.26714,31.01077],[-98.26573,31.00761],[-98.2717,31.00951],[-98.27478,31.00779],[-98.27103,31.00681],[-98.27391,31.00326],[-98.26969,31.00389],[-98.27833,30.99647],[-98.27716,30.99262],[-98.27168,30.997],[-98.27178,30.99433],[-98.26869,30.99494],[-98.27344,30.98612],[-98.26611,30.98754],[-98.26637,30.991],[-98.26007,30.99212],[-98.26102,30.99706],[-98.25803,30.99648],[-98.25509,31.0013]]]]},"properties":{"layer":"aquifer","aquifer":"Ellenburger-San Saba","rank":"minor","code":"1","extent":"outcrop","source":"twdb-minor-aquifers-bbox"}},{"type":"Feature","geometry":{"type":"MultiPolygon","coordinates":[[[[-99.06919,30.99949],[-99.06645,31.0024],[-99.0675,31.00503],[-99.07639,30.9979],[-99.06919,30.99949]]]]},"properties":{"layer":"aquifer","aquifer":"Ellenburger-San Saba","rank":"minor","code":"1","extent":"outcrop","source":"twdb-minor-aquifers-bbox"}},{"type":"Feature","geometry":{"type":"MultiPolygon","coordinates":[[[[-99.0496,30.97601],[-99.05849,30.96503],[-99.05395,30.96024],[-99.05492,30.95628],[-99.04737,30.96477],[-99.02965,30.96842],[-99.02933,30.97801],[-99.03391,30.97717],[-99.03949,30.98235],[-99.04226,30.97619],[-99.0438,30.97894],[-99.04573,30.97822],[-99.04214,30.98321],[-99.04451,30.98792],[-99.04967,30.98045],[-99.0496,30.97601]]]]},"properties":{"layer":"aquifer","aquifer":"Ellenburger-San Saba","rank":"minor","code":"1","extent":"outcrop","source":"twdb-minor-aquifers-bbox"}},{"type":"Feature","geometry":{"type":"MultiPolygon","coordinates":[[[[-98.22985,30.92784],[-98.2352,30.92307],[-98.22993,30.92221],[-98.22548,30.92589],[-98.22256,30.9342],[-98.21683,30.93472],[-98.2113,30.94878],[-98.22064,30.93974],[-98.21902,30.93669],[-98.22496,30.93429],[-98.22647,30.93705],[-98.23024,30.93515],[-98.22906,30.93031],[-98.23146,30.92862],[-98.22985,30.92784]]]]},"properties":{"layer":"aquifer","aquifer":"Ellenburger-San Saba","rank":"minor","code":"1","extent":"outcrop","source":"twdb-minor-aquifers-bbox"}},{"type":"Feature","geometry":{"type":"MultiPolygon","coordinates":[[[[-98.49028,30.86402],[-98.493,30.86814],[-98.4987,30.86905],[-98.51134,30.86307],[-98.54299,30.85604],[-98.54703,30.8542],[-98.54795,30.8483],[-98.54219,30.85324],[-98.53941,30.85032],[-98.53336,30.84984],[-98.49734,30.85911],[-98.49001,30.86207],[-98.49028,30.86402]]]]},"properties":{"layer":"aquifer","aquifer":"Ellenburger-San Saba","rank":"minor","code":"1","extent":"outcrop","source":"twdb-minor-aquifers-bbox"}},{"type":"Feature","geometry":{"type":"MultiPolygon","coordinates":[[[[-98.23216,30.74776],[-98.22865,30.74782],[-98.22952,30.75149],[-98.22753,30.75292],[-98.23511,30.76471],[-98.23934,30.76144],[-98.24583,30.7612],[-98.24523,30.75799],[-98.2398,30.75806],[-98.24435,30.7494],[-98.24707,30.74974],[-98.24747,30.75375],[-98.25715,30.75443],[-98.25835,30.75941],[-98.26144,30.74858],[-98.26627,30.74342],[-98.27177,30.74473],[-98.27695,30.74936],[-98.2755,30.75388],[-98.28478,30.76492],[-98.29026,30.75592],[-98.29847,30.75127],[-98.31824,30.75396],[-98.33807,30.7481],[-98.34061,30.74483],[-98.33676,30.74329],[-98.3359,30.74031],[-98.34946,30.72929],[-98.35857,30.71296],[-98.36646,30.71025],[-98.37994,30.69821],[-98.37517,30.69409],[-98.37867,30.68841],[-98.38688,30.68147],[-98.41365,30.64884],[-98.41424,30.64546],[-98.40701,30.64066],[-98.31995,30.67251],[-98.31361,30.67819],[-98.3158,30.68157],[-98.31475,30.68901],[-98.30357,30.69831],[-98.3039,30.70083],[-98.29761,30.70124],[-98.29325,30.7064],[-98.27794,30.7043],[-98.26722,30.70958],[-98.26855,30.71199],[-98.26325,30.71486],[-98.25729,30.71166],[-98.2398,30.71529],[-98.2484,30.70531],[-98.23905,30.70384],[-98.24719,30.69598],[-98.26341,30.69052],[-98.2889,30.68487],[-98.2962,30.68652],[-98.30103,30.68382],[-98.30115,30.67781],[-98.2991,30.67626],[-98.27929,30.67835],[-98.2816,30.67405],[-98.27888,30.67486],[-98.27999,30.67249],[-98.27676,30.67314],[-98.27345,30.67034],[-98.26968,30.67447],[-98.26597,30.67281],[-98.2563,30.67724],[-98.25153,30.67587],[-98.26202,30.65002],[-98.27438,30.63666],[-98.27246,30.63317],[-98.26093,30.63536],[-98.2541,30.63187],[-98.25953,30.62843],[-98.27482,30.60328],[-98.26982,30.60069],[-98.2638,30.60775],[-98.24374,30.61722],[-98.23729,30.63556],[-98.22857,30.64972],[-98.21979,30.65827],[-98.22141,30.66101],[-98.21658,30.66388],[-98.21262,30.67225],[-98.21263,30.67574],[-98.21674,30.67734],[-98.21766,30.6735],[-98.2221,30.67384],[-98.22384,30.68277],[-98.23304,30.67955],[-98.23397,30.6815],[-98.24198,30.68183],[-98.24312,30.68566],[-98.23617,30.68934],[-98.23764,30.69673],[-98.23274,30.69496],[-98.22009,30.70059],[-98.22382,30.71347],[-98.23032,30.71449],[-98.24192,30.72312],[-98.23439,30.73241],[-98.23664,30.73338],[-98.23745,30.74277],[-98.23574,30.74707],[-98.23216,30.74776]],[[-98.32805,30.71798],[-98.32448,30.72469],[-98.32196,30.7236],[-98.32089,30.71965],[-98.33055,30.71351],[-98.32805,30.71798]],[[-98.29738,30.67947],[-98.29726,30.68606],[-98.29486,30.68159],[-98.29526,30.67907],[-98.29738,30.67947]],[[-98.33846,30.72186],[-98.33912,30.72473],[-98.33607,30.72415],[-98.33534,30.72261],[-98.33846,30.72186]],[[-98.32376,30.72956],[-98.32124,30.72813],[-98.32408,30.72658],[-98.32376,30.72956]]]]},"properties":{"layer":"aquifer","aquifer":"Ellenburger-San Saba","rank":"minor","code":"1","extent":"outcrop","source":"twdb-minor-aquifers-bbox"}},{"type":"Feature","geometry":{"type":"MultiPolygon","coordinates":[[[[-99.4651,30.7552],[-99.46768,30.75674],[-99.46927,30.75422],[-99.4696,30.75926],[-99.47258,30.7541],[-99.47516,30.75478],[-99.47067,30.76493],[-99.47861,30.75736],[-99.47809,30.7632],[-99.48293,30.76245],[-99.48299,30.76669],[-99.48803,30.76428],[-99.48862,30.76164],[-99.49764,30.76495],[-99.49418,30.75671],[-99.48556,30.75489],[-99.47681,30.74843],[-99.47833,30.74642],[-99.47646,30.74304],[-99.48349,30.7463],[-99.48759,30.74194],[-99.48136,30.73702],[-99.48586,30.73593],[-99.48242,30.73307],[-99.48307,30.73124],[-99.47652,30.73417],[-99.47903,30.72998],[-99.4781,30.72534],[-99.48227,30.72677],[-99.48432,30.72516],[-99.48384,30.71634],[-99.47781,30.71733],[-99.47767,30.70942],[-99.47317,30.71155],[-99.47416,30.70771],[-99.47104,30.70703],[-99.47422,30.70496],[-99.47189,30.69488],[-99.46142,30.6953],[-99.4577,30.69055],[-99.45969,30.6906],[-99.46011,30.68626],[-99.46487,30.68087],[-99.46653,30.68109],[-99.46608,30.68688],[-99.46925,30.67994],[-99.46933,30.68922],[-99.47167,30.69085],[-99.47313,30.68852],[-99.4734,30.69362],[-99.4789,30.6896],[-99.47858,30.69516],[-99.48546,30.692],[-99.48698,30.69515],[-99.48547,30.69635],[-99.48864,30.69601],[-99.48885,30.69772],[-99.4913,30.69531],[-99.49082,30.69216],[-99.49519,30.69153],[-99.49757,30.6858],[-99.49306,30.683],[-99.49082,30.68586],[-99.48961,30.68157],[-99.48286,30.68187],[-99.48312,30.67769],[-99.48013,30.67752],[-99.48205,30.67477],[-99.47397,30.67312],[-99.47548,30.66676],[-99.4782,30.66715],[-99.48349,30.66234],[-99.4744,30.65817],[-99.484,30.6534],[-99.48851,30.65752],[-99.49003,30.65471],[-99.48824,30.65196],[-99.49135,30.65179],[-99.49249,30.65694],[-99.4872,30.66267],[-99.4884,30.67064],[-99.49503,30.67257],[-99.49489,30.66719],[-99.50034,30.65669],[-99.49834,30.64902],[-99.51857,30.6282],[-99.51592,30.62877],[-99.52134,30.62195],[-99.52488,30.60079],[-99.5225,30.60366],[-99.51842,30.60181],[-99.51759,30.61149],[-99.51513,30.61206],[-99.51832,30.61807],[-99.5164,30.62048],[-99.51289,30.61694],[-99.51117,30.61894],[-99.51077,30.61396],[-99.50865,30.61534],[-99.50944,30.61184],[-99.50672,30.61059],[-99.50803,30.6064],[-99.50565,30.60228],[-99.4973,30.6035],[-99.50115,30.60635],[-99.49552,30.60906],[-99.49672,30.61278],[-99.49903,30.6106],[-99.49904,30.61432],[-99.50242,30.61426],[-99.5003,30.61695],[-99.50601,30.61809],[-99.50753,30.62141],[-99.50595,30.6264],[-99.49753,30.6232],[-99.50079,30.62715],[-99.49675,30.62967],[-99.49601,30.62521],[-99.49243,30.62281],[-99.48952,30.62315],[-99.48747,30.62877],[-99.48376,30.62671],[-99.48198,30.63084],[-99.47847,30.63078],[-99.48599,30.61566],[-99.48519,30.61319],[-99.48222,30.61606],[-99.48049,30.61486],[-99.48214,30.60947],[-99.47791,30.61395],[-99.47572,30.61206],[-99.47717,30.60519],[-99.47359,30.60588],[-99.47259,30.60193],[-99.47575,30.59459],[-99.47292,30.59712],[-99.46695,30.59678],[-99.47007,30.59895],[-99.46862,30.60296],[-99.47035,30.60514],[-99.46769,30.60531],[-99.47141,30.60703],[-99.46982,30.60875],[-99.47201,30.6096],[-99.47175,30.61344],[-99.46598,30.61202],[-99.46472,30.60898],[-99.46287,30.61168],[-99.46446,30.61563],[-99.46215,30.61615],[-99.46015,30.61094],[-99.45684,30.61146],[-99.4575,30.61489],[-99.4528,30.60911],[-99.45187,30.61123],[-99.44425,30.60918],[-99.45115,30.6157],[-99.44174,30.61491],[-99.4538,30.62028],[-99.45083,30.62028],[-99.45149,30.62395],[-99.44884,30.6204],[-99.44176,30.62115],[-99.44255,30.62356],[-99.44951,30.62578],[-99.44673,30.62665],[-99.4482,30.6342],[-99.44468,30.62917],[-99.44031,30.62872],[-99.43846,30.63187],[-99.43806,30.62769],[-99.43268,30.62054],[-99.43096,30.62478],[-99.424,30.62147],[-99.42944,30.62667],[-99.4353,30.64201],[-99.4266,30.62788],[-99.41785,30.62291],[-99.4142,30.62371],[-99.41586,30.62846],[-99.40891,30.63042],[-99.40778,30.62641],[-99.41202,30.62452],[-99.41393,30.6193],[-99.41384,30.60624],[-99.41199,30.60436],[-99.41808,30.60423],[-99.41522,30.60155],[-99.41641,30.59988],[-99.41164,30.59977],[-99.41416,30.59771],[-99.41171,30.59754],[-99.41223,30.59554],[-99.40933,30.5984],[-99.40852,30.59422],[-99.40527,30.59343],[-99.40579,30.58741],[-99.40209,30.58839],[-99.39877,30.58439],[-99.39162,30.59058],[-99.38897,30.58469],[-99.38346,30.5828],[-99.37009,30.58402],[-99.3724,30.5819],[-99.36875,30.5795],[-99.37033,30.57326],[-99.37836,30.57863],[-99.38345,30.57352],[-99.37669,30.56781],[-99.38158,30.56545],[-99.3827,30.56161],[-99.37833,30.55813],[-99.37442,30.55922],[-99.37553,30.55458],[-99.36977,30.55493],[-99.37116,30.55229],[-99.36923,30.54983],[-99.36712,30.54989],[-99.36719,30.5527],[-99.36487,30.55121],[-99.36903,30.54634],[-99.36856,30.54262],[-99.37042,30.54605],[-99.3738,30.54639],[-99.37724,30.54123],[-99.37884,30.54759],[-99.38819,30.5549],[-99.38976,30.54757],[-99.38625,30.54672],[-99.3891,30.54351],[-99.39559,30.54453],[-99.39289,30.55307],[-99.39468,30.55513],[-99.39904,30.54847],[-99.39725,30.54527],[-99.39903,30.53834],[-99.39413,30.54018],[-99.39518,30.53771],[-99.38975,30.53915],[-99.38829,30.53646],[-99.39333,30.53583],[-99.39425,30.53353],[-99.39127,30.5336],[-99.39133,30.5313],[-99.39742,30.52711],[-99.39774,30.52471],[-99.39384,30.52557],[-99.39541,30.51687],[-99.38568,30.51928],[-99.3782,30.52502],[-99.38164,30.51998],[-99.37813,30.51889],[-99.3823,30.5186],[-99.39103,30.51097],[-99.39646,30.50947],[-99.40109,30.50197],[-99.40367,30.50374],[-99.41823,30.49742],[-99.42162,30.49902],[-99.42042,30.49633],[-99.42339,30.49243],[-99.42088,30.49484],[-99.40975,30.49692],[-99.40485,30.494],[-99.40822,30.49016],[-99.40352,30.49177],[-99.40166,30.49022],[-99.39941,30.49332],[-99.39649,30.48714],[-99.39344,30.48881],[-99.39224,30.48394],[-99.38906,30.48263],[-99.39262,30.47592],[-99.38634,30.47684],[-99.38387,30.46837],[-99.37937,30.46992],[-99.38296,30.47599],[-99.38004,30.47685],[-99.3841,30.48166],[-99.38224,30.48458],[-99.38562,30.48337],[-99.389,30.48766],[-99.38702,30.48921],[-99.38888,30.48973],[-99.38915,30.49488],[-99.38431,30.49374],[-99.38126,30.48825],[-99.37868,30.49358],[-99.37444,30.49186],[-99.37405,30.49605],[-99.37041,30.49863],[-99.36704,30.49984],[-99.36485,30.49783],[-99.36114,30.50185],[-99.35239,30.501],[-99.35538,30.50426],[-99.35194,30.50547],[-99.35082,30.5096],[-99.34969,30.50622],[-99.34638,30.50725],[-99.34319,30.50359],[-99.34339,30.50588],[-99.33929,30.50635],[-99.33897,30.51099],[-99.33546,30.5111],[-99.33136,30.51684],[-99.3287,30.51123],[-99.32526,30.51232],[-99.32359,30.50791],[-99.32028,30.50729],[-99.32048,30.50975],[-99.31783,30.50826],[-99.31657,30.51004],[-99.31798,30.51766],[-99.30996,30.51561],[-99.30879,30.52494],[-99.30599,30.52134],[-99.30229,30.52323],[-99.30162,30.52026],[-99.29652,30.52147],[-99.29268,30.51929],[-99.29492,30.51402],[-99.29168,30.51471],[-99.29061,30.51145],[-99.28419,30.5122],[-99.2808,30.50837],[-99.2812,30.50533],[-99.27776,30.50797],[-99.27185,30.50403],[-99.27159,30.50649],[-99.27531,30.50941],[-99.27505,30.51399],[-99.2724,30.516],[-99.27618,30.51846],[-99.27155,30.52104],[-99.27811,30.52286],[-99.27725,30.5267],[-99.26971,30.53227],[-99.27468,30.53272],[-99.27522,30.53575],[-99.28026,30.5385],[-99.27112,30.53937],[-99.27159,30.54555],[-99.25787,30.54391],[-99.25495,30.53618],[-99.25137,30.53596],[-99.24925,30.5386],[-99.24142,30.53122],[-99.23692,30.53294],[-99.23766,30.53878],[-99.2331,30.54154],[-99.23144,30.53696],[-99.23315,30.53146],[-99.23036,30.52946],[-99.22965,30.53925],[-99.22356,30.54161],[-99.22056,30.54831],[-99.22823,30.54189],[-99.22659,30.54848],[-99.23528,30.55396],[-99.23844,30.54777],[-99.24407,30.54863],[-99.24784,30.54455],[-99.2507,30.55033],[-99.24905,30.55257],[-99.25488,30.55428],[-99.25535,30.55663],[-99.25654,30.55388],[-99.25461,30.55222],[-99.25785,30.54792],[-99.26251,30.56143],[-99.27177,30.55609],[-99.2737,30.55821],[-99.2776,30.5562],[-99.27146,30.56663],[-99.27987,30.5653],[-99.27722,30.56685],[-99.27962,30.57023],[-99.27367,30.57648],[-99.2783,30.57653],[-99.27523,30.58446],[-99.2766,30.58902],[-99.26999,30.5959],[-99.27416,30.594],[-99.27436,30.59647],[-99.26861,30.60163],[-99.27443,30.59939],[-99.27159,30.60603],[-99.27788,30.60139],[-99.28077,30.60347],[-99.29058,30.59433],[-99.30117,30.58847],[-99.29938,30.58647],[-99.30083,30.58509],[-99.3066,30.58382],[-99.30904,30.57672],[-99.30109,30.57455],[-99.30234,30.57014],[-99.29968,30.56929],[-99.29941,30.56528],[-99.31074,30.5656],[-99.30741,30.55828],[-99.31555,30.55237],[-99.31522,30.54888],[-99.3105,30.54441],[-99.31289,30.54206],[-99.32096,30.53764],[-99.3232,30.53369],[-99.33572,30.52823],[-99.33439,30.52691],[-99.34166,30.519],[-99.34134,30.52244],[-99.34339,30.52243],[-99.34781,30.51281],[-99.35232,30.51492],[-99.35279,30.51904],[-99.35862,30.51949],[-99.35881,30.51617],[-99.36768,30.5149],[-99.35583,30.51417],[-99.35947,30.51107],[-99.3704,30.51157],[-99.36675,30.50619],[-99.37682,30.50647],[-99.37511,30.52067],[-99.33497,30.55824],[-99.2852,30.62417],[-99.26199,30.64866],[-99.25369,30.6729],[-99.2341,30.68853],[-99.22029,30.70593],[-99.21944,30.7096],[-99.23453,30.7054],[-99.22852,30.71491],[-99.23038,30.71611],[-99.2521,30.71122],[-99.26612,30.70118],[-99.27142,30.69997],[-99.27209,30.70174],[-99.30066,30.6749],[-99.30072,30.67192],[-99.30554,30.66785],[-99.30349,30.66556],[-99.30918,30.66229],[-99.30579,30.65147],[-99.30261,30.65811],[-99.3018,30.64723],[-99.29254,30.65383],[-99.28677,30.65378],[-99.28718,30.65813],[-99.28413,30.65338],[-99.27757,30.65144],[-99.29689,30.641],[-99.30126,30.64196],[-99.29967,30.63893],[-99.30398,30.63955],[-99.3045,30.63532],[-99.30596,30.63841],[-99.30927,30.63909],[-99.30953,30.63542],[-99.31536,30.6353],[-99.31529,30.62871],[-99.32044,30.62607],[-99.32508,30.62721],[-99.31847,30.62974],[-99.32357,30.63122],[-99.32033,30.63667],[-99.32603,30.63821],[-99.31007,30.64598],[-99.31618,30.64653],[-99.31862,30.64377],[-99.32041,30.64412],[-99.31876,30.64584],[-99.32293,30.64583],[-99.31843,30.64853],[-99.32135,30.65007],[-99.31751,30.65512],[-99.32315,30.65791],[-99.32223,30.66278],[-99.31568,30.67001],[-99.32258,30.6747],[-99.3196,30.67774],[-99.31358,30.67465],[-99.31378,30.68015],[-99.30695,30.67815],[-99.30895,30.68554],[-99.30637,30.68743],[-99.30705,30.69287],[-99.30467,30.69562],[-99.29819,30.70222],[-99.27846,30.70992],[-99.25529,30.72537],[-99.24579,30.74307],[-99.26162,30.74047],[-99.26164,30.74826],[-99.30041,30.72882],[-99.29852,30.74214],[-99.3007,30.74179],[-99.30052,30.75079],[-99.29768,30.76013],[-99.30629,30.75399],[-99.31287,30.74549],[-99.31124,30.74854],[-99.31661,30.74756],[-99.32238,30.74244],[-99.32336,30.7456],[-99.33006,30.74491],[-99.32906,30.74794],[-99.34528,30.73956],[-99.35859,30.73845],[-99.3991,30.72082],[-99.40502,30.73484],[-99.4119,30.73323],[-99.41184,30.73615],[-99.41688,30.7346],[-99.41596,30.73775],[-99.42038,30.7356],[-99.42509,30.73899],[-99.42332,30.74249],[-99.43066,30.74128],[-99.43664,30.74666],[-99.43189,30.75657],[-99.43331,30.76487],[-99.44256,30.74761],[-99.43679,30.74367],[-99.43579,30.73989],[-99.43162,30.7407],[-99.43366,30.73565],[-99.43625,30.7372],[-99.43512,30.73285],[-99.42597,30.73028],[-99.42888,30.72856],[-99.42682,30.72461],[-99.43331,30.72288],[-99.43303,30.7112],[-99.44086,30.71864],[-99.43676,30.727],[-99.44254,30.7341],[-99.44452,30.73312],[-99.44458,30.72808],[-99.44762,30.72493],[-99.44935,30.72601],[-99.44664,30.73151],[-99.44975,30.73248],[-99.44951,30.7421],[-99.45282,30.74279],[-99.4538,30.73786],[-99.46123,30.73888],[-99.45403,30.74926],[-99.45806,30.74673],[-99.46024,30.74782],[-99.46375,30.74398],[-99.4664,30.74512],[-99.46475,30.74672],[-99.4674,30.74758],[-99.46655,30.75022],[-99.46217,30.75034],[-99.46211,30.75578],[-99.45629,30.75842],[-99.46384,30.75772],[-99.4651,30.7552]],[[-99.40271,30.66913],[-99.39378,30.6683],[-99.39376,30.6596],[-99.38985,30.658],[-99.38998,30.65565],[-99.40368,30.64521],[-99.41817,30.63877],[-99.41913,30.65893],[-99.40961,30.67155],[-99.40187,30.6731],[-99.40271,30.66913]],[[-99.41547,30.69105],[-99.41177,30.69656],[-99.40456,30.70086],[-99.40391,30.70661],[-99.4008,30.70638],[-99.39523,30.71158],[-99.39383,30.70563],[-99.40009,30.67786],[-99.40498,30.67677],[-99.40968,30.68051],[-99.40618,30.68551],[-99.40824,30.68763],[-99.40674,30.69269],[-99.40932,30.69125],[-99.41136,30.68426],[-99.41858,30.68597],[-99.41547,30.69105]],[[-99.3569,30.63874],[-99.35942,30.64126],[-99.35294,30.64442],[-99.35128,30.64408],[-99.35153,30.63789],[-99.34584,30.63933],[-99.33856,30.64552],[-99.33505,30.6453],[-99.33782,30.63934],[-99.35523,30.63342],[-99.37065,30.63118],[-99.37729,30.63339],[-99.37485,30.63568],[-99.36148,30.63622],[-99.3569,30.63874]],[[-99.46715,30.73344],[-99.47177,30.72576],[-99.47978,30.72031],[-99.47582,30.72633],[-99.47576,30.73498],[-99.47114,30.74123],[-99.46715,30.73344]],[[-99.28777,30.57073],[-99.28597,30.57182],[-99.28597,30.56873],[-99.28365,30.56833],[-99.28716,30.56243],[-99.29041,30.56449],[-99.29576,30.55995],[-99.29464,30.56345],[-99.30041,30.56125],[-99.29293,30.57244],[-99.29101,30.56855],[-99.28777,30.57073]],[[-99.27858,30.58546],[-99.28116,30.58357],[-99.27884,30.58134],[-99.28115,30.57876],[-99.28381,30.58122],[-99.28566,30.57916],[-99.29189,30.58167],[-99.27846,30.59251],[-99.2815,30.58833],[-99.27858,30.58546]],[[-99.29581,30.58745],[-99.28918,30.58448],[-99.29613,30.58361],[-99.29447,30.58018],[-99.29698,30.57754],[-99.29746,30.58114],[-99.30169,30.58045],[-99.30116,30.58383],[-99.29581,30.58745]],[[-99.41361,30.63924],[-99.40611,30.6361],[-99.41524,30.63133],[-99.41598,30.63855],[-99.41361,30.63924]],[[-99.27507,30.66651],[-99.27631,30.65506],[-99.28526,30.65963],[-99.28308,30.66186],[-99.27725,30.65895],[-99.27957,30.66364],[-99.27507,30.66651]],[[-99.32876,30.64342],[-99.32545,30.64491],[-99.32683,30.64205],[-99.33127,30.6394],[-99.33226,30.64112],[-99.32876,30.64342]],[[-99.3076,30.74476],[-99.3037,30.74775],[-99.30693,30.7419],[-99.30998,30.74127],[-99.3076,30.74476]]]]},"properties":{"layer":"aquifer","aquifer":"Ellenburger-San Saba","rank":"minor","code":"1","extent":"outcrop","source":"twdb-minor-aquifers-bbox"}},{"type":"Feature","geometry":{"type":"MultiPolygon","coordinates":[[[[-98.39983,30.74498],[-98.41605,30.73665],[-98.4183,30.73791],[-98.42108,30.7347],[-98.42187,30.7371],[-98.42525,30.73572],[-98.42692,30.73772],[-98.43619,30.73616],[-98.45577,30.7193],[-98.45474,30.70068],[-98.45771,30.69346],[-98.45116,30.69886],[-98.44263,30.7121],[-98.43034,30.72305],[-98.43067,30.72592],[-98.4265,30.7273],[-98.42039,30.72336],[-98.41,30.72807],[-98.41836,30.72931],[-98.40742,30.73116],[-98.3975,30.73771],[-98.39486,30.74172],[-98.39983,30.74498]]]]},"properties":{"layer":"aquifer","aquifer":"Ellenburger-San Saba","rank":"minor","code":"1","extent":"outcrop","source":"twdb-minor-aquifers-bbox"}},{"type":"Feature","geometry":{"type":"MultiPolygon","coordinates":[[[[-99.50357,30.67033],[-99.50127,30.67663],[-99.50259,30.68058],[-99.50756,30.67983],[-99.51234,30.68383],[-99.50764,30.68727],[-99.51042,30.68865],[-99.50752,30.69111],[-99.5101,30.69306],[-99.51241,30.69093],[-99.51467,30.69391],[-99.51856,30.68067],[-99.51897,30.68881],[-99.52322,30.69355],[-99.52474,30.69183],[-99.52918,30.6944],[-99.52406,30.68719],[-99.52586,30.68542],[-99.52963,30.68765],[-99.52876,30.6818],[-99.52346,30.68158],[-99.52505,30.67706],[-99.52975,30.67636],[-99.52941,30.6747],[-99.5259,30.67454],[-99.52318,30.67082],[-99.51822,30.67541],[-99.51324,30.67387],[-99.51152,30.67037],[-99.51708,30.67088],[-99.51635,30.6675],[-99.5139,30.66699],[-99.51727,30.66567],[-99.51307,30.6652],[-99.51334,30.66249],[-99.50876,30.66235],[-99.50357,30.67033]]]]},"properties":{"layer":"aquifer","aquifer":"Ellenburger-San Saba","rank":"minor","code":"1","extent":"outcrop","source":"twdb-minor-aquifers-bbox"}},{"type":"Feature","geometry":{"type":"MultiPolygon","coordinates":[[[[-98.5713,30.68443],[-98.57524,30.68316],[-98.57225,30.67035],[-98.57506,30.67005],[-98.58245,30.65583],[-98.59713,30.63983],[-98.60713,30.63615],[-98.60905,30.63787],[-98.60878,30.63501],[-98.61427,30.63179],[-98.61706,30.63219],[-98.61674,30.63826],[-98.61992,30.6382],[-98.62408,30.63349],[-98.63111,30.63692],[-98.63348,30.62312],[-98.6379,30.61899],[-98.63983,30.62039],[-98.63026,30.64723],[-98.6425,30.63691],[-98.65079,30.63793],[-98.657,30.62646],[-98.66374,30.62221],[-98.66347,30.61924],[-98.65287,30.61387],[-98.65134,30.60969],[-98.64889,30.61021],[-98.64677,30.61227],[-98.64744,30.61754],[-98.65083,30.62349],[-98.64626,30.62654],[-98.64919,30.62991],[-98.64726,30.63192],[-98.64183,30.62986],[-98.64571,30.61285],[-98.63459,30.61687],[-98.63168,30.62031],[-98.62345,30.61374],[-98.5835,30.61115],[-98.58122,30.61423],[-98.58354,30.61343],[-98.58677,30.61839],[-98.58455,30.62219],[-98.59064,30.62167],[-98.58488,30.62494],[-98.59502,30.62756],[-98.5939,30.63037],[-98.58483,30.63256],[-98.58431,30.6356],[-98.57812,30.63631],[-98.58455,30.64111],[-98.576,30.63803],[-98.5771,30.64494],[-98.56802,30.64759],[-98.5655,30.64095],[-98.55885,30.63651],[-98.55521,30.65008],[-98.55144,30.64797],[-98.54727,30.65113],[-98.56305,30.6613],[-98.56914,30.65957],[-98.56368,30.67997],[-98.56673,30.68656],[-98.5713,30.68443]]]]},"properties":{"layer":"aquifer","aquifer":"Ellenburger-San Saba","rank":"minor","code":"1","extent":"outcrop","source":"twdb-minor-aquifers-bbox"}},{"type":"Feature","geometry":{"type":"MultiPolygon","coordinates":[[[[-98.30897,30.67677],[-98.3034,30.67677],[-98.30493,30.6825],[-98.31023,30.6786],[-98.30897,30.67677]]]]},"properties":{"layer":"aquifer","aquifer":"Ellenburger-San Saba","rank":"minor","code":"1","extent":"outcrop","source":"twdb-minor-aquifers-bbox"}},{"type":"Feature","geometry":{"type":"MultiPolygon","coordinates":[[[[-98.57861,30.61402],[-98.57417,30.61615],[-98.57092,30.61329],[-98.56941,30.61787],[-98.56767,30.61375],[-98.56869,30.62229],[-98.57074,30.6228],[-98.56967,30.61896],[-98.57226,30.62182],[-98.57653,30.62163],[-98.5811,30.61439],[-98.57861,30.61402]]]]},"properties":{"layer":"aquifer","aquifer":"Ellenburger-San Saba","rank":"minor","code":"1","extent":"outcrop","source":"twdb-minor-aquifers-bbox"}},{"type":"Feature","geometry":{"type":"MultiPolygon","coordinates":[[[[-98.57721,30.60847],[-98.58341,30.5934],[-98.57625,30.59112],[-98.5697,30.59502],[-98.56148,30.5928],[-98.55679,30.60265],[-98.55609,30.61973],[-98.55843,30.60951],[-98.56651,30.60813],[-98.57642,30.61088],[-98.57721,30.60847]]]]},"properties":{"layer":"aquifer","aquifer":"Ellenburger-San Saba","rank":"minor","code":"1","extent":"outcrop","source":"twdb-minor-aquifers-bbox"}},{"type":"Feature","geometry":{"type":"MultiPolygon","coordinates":[[[[-99.15135,30.59525],[-99.14473,30.59692],[-99.14685,30.59847],[-99.14341,30.60139],[-99.14494,30.60483],[-99.14911,30.60327],[-99.15144,30.60757],[-99.15859,30.6091],[-99.16025,30.60853],[-99.1578,30.60727],[-99.15859,30.60355],[-99.15242,30.6031],[-99.1601,30.59982],[-99.16647,30.60239],[-99.16665,30.59558],[-99.17036,30.59105],[-99.17267,30.59087],[-99.17394,30.59396],[-99.17176,30.6001],[-99.17673,30.59871],[-99.17892,30.60031],[-99.17349,30.6037],[-99.17409,30.60645],[-99.1858,30.59647],[-99.18806,30.5995],[-99.18574,30.60151],[-99.18932,30.60093],[-99.1901,30.59709],[-99.18512,30.58702],[-99.18795,30.57768],[-99.1841,30.57402],[-99.18423,30.57064],[-99.18185,30.57058],[-99.18283,30.56766],[-99.18058,30.56709],[-99.18309,30.56348],[-99.1813,30.562],[-99.18242,30.55724],[-99.17389,30.5675],[-99.17747,30.57357],[-99.17484,30.57649],[-99.17775,30.5762],[-99.15135,30.59525]]]]},"properties":{"layer":"aquifer","aquifer":"Ellenburger-San Saba","rank":"minor","code":"1","extent":"outcrop","source":"twdb-minor-aquifers-bbox"}},{"type":"Feature","geometry":{"type":"MultiPolygon","coordinates":[[[[-98.62087,30.59137],[-98.63527,30.58137],[-98.64337,30.56994],[-98.62996,30.57667],[-98.63037,30.5824],[-98.62703,30.57986],[-98.61937,30.59],[-98.61219,30.59183],[-98.61588,30.59437],[-98.62087,30.59137]]]]},"properties":{"layer":"aquifer","aquifer":"Ellenburger-San Saba","rank":"minor","code":"1","extent":"outcrop","source":"twdb-minor-aquifers-bbox"}},{"type":"Feature","geometry":{"type":"MultiPolygon","coordinates":[[[[-99.52534,30.59817],[-99.52289,30.59251],[-99.51675,30.5919],[-99.51742,30.59431],[-99.52159,30.5927],[-99.52087,30.59614],[-99.52445,30.59957],[-99.52534,30.59817]]]]},"properties":{"layer":"aquifer","aquifer":"Ellenburger-San Saba","rank":"minor","code":"1","extent":"outcrop","source":"twdb-minor-aquifers-bbox"}},{"type":"Feature","geometry":{"type":"MultiPolygon","coordinates":[[[[-98.24575,30.5612],[-98.24793,30.55759],[-98.25224,30.55993],[-98.25469,30.55849],[-98.2582,30.56101],[-98.25477,30.56428],[-98.26497,30.56501],[-98.26171,30.55705],[-98.26614,30.55556],[-98.2668,30.55201],[-98.27855,30.55391],[-98.30069,30.53455],[-98.31207,30.5276],[-98.31394,30.53104],[-98.31029,30.53104],[-98.31142,30.53448],[-98.32248,30.52988],[-98.33102,30.53325],[-98.34249,30.53398],[-98.34434,30.53077],[-98.35288,30.52938],[-98.35017,30.53322],[-98.3345,30.54224],[-98.34068,30.54481],[-98.35372,30.54084],[-98.37007,30.53343],[-98.41222,30.50702],[-98.43407,30.49931],[-98.46436,30.47178],[-98.48693,30.45754],[-98.47973,30.45798],[-98.47749,30.46376],[-98.47263,30.45882],[-98.46356,30.46703],[-98.45741,30.46744],[-98.45859,30.46446],[-98.45203,30.46395],[-98.44197,30.47181],[-98.43654,30.47176],[-98.437,30.46964],[-98.42986,30.4744],[-98.41654,30.47694],[-98.41051,30.47105],[-98.40932,30.47747],[-98.4017,30.47656],[-98.3966,30.4733],[-98.41546,30.45993],[-98.40687,30.45708],[-98.40658,30.4608],[-98.40183,30.45815],[-98.39925,30.46106],[-98.39681,30.4645],[-98.3992,30.46668],[-98.39602,30.46863],[-98.3955,30.47247],[-98.3912,30.47339],[-98.389,30.46921],[-98.38,30.47077],[-98.37648,30.46929],[-98.3778,30.46625],[-98.37614,30.46488],[-98.37509,30.4678],[-98.36708,30.47039],[-98.35748,30.47756],[-98.34496,30.47597],[-98.33814,30.47192],[-98.33675,30.47398],[-98.33336,30.46843],[-98.34209,30.46412],[-98.33759,30.46081],[-98.33235,30.46219],[-98.32433,30.45876],[-98.31415,30.46754],[-98.31262,30.466],[-98.31414,30.46198],[-98.30798,30.46354],[-98.30951,30.466],[-98.30415,30.46715],[-98.29793,30.47495],[-98.28886,30.48098],[-98.28438,30.49072],[-98.27869,30.49605],[-98.28174,30.49496],[-98.28227,30.49668],[-98.27657,30.49766],[-98.28288,30.50189],[-98.28487,30.50773],[-98.27983,30.50315],[-98.27535,30.51221],[-98.27249,30.50923],[-98.26752,30.51039],[-98.2705,30.50861],[-98.26891,30.50706],[-98.25131,30.51337],[-98.25054,30.51812],[-98.25657,30.52103],[-98.25638,30.52338],[-98.25989,30.52349],[-98.25043,30.53273],[-98.25514,30.53375],[-98.25009,30.54461],[-98.24874,30.55416],[-98.24409,30.5612],[-98.24575,30.5612]]]]},"properties":{"layer":"aquifer","aquifer":"Ellenburger-San Saba","rank":"minor","code":"1","extent":"outcrop","source":"twdb-minor-aquifers-bbox"}},{"type":"Feature","geometry":{"type":"MultiPolygon","coordinates":[[[[-99.05909,30.56399],[-99.06445,30.56014],[-99.07552,30.56024],[-99.07187,30.55899],[-99.0761,30.55727],[-99.07841,30.55228],[-99.0714,30.55538],[-99.08164,30.54391],[-99.07826,30.54266],[-99.07985,30.54042],[-99.06841,30.54708],[-99.07117,30.53986],[-99.05961,30.54331],[-99.05329,30.5487],[-99.04201,30.56808],[-99.04744,30.56836],[-99.05909,30.56399]]]]},"properties":{"layer":"aquifer","aquifer":"Ellenburger-San Saba","rank":"minor","code":"1","extent":"outcrop","source":"twdb-minor-aquifers-bbox"}},{"type":"Feature","geometry":{"type":"MultiPolygon","coordinates":[[[[-98.2165,30.53861],[-98.222,30.53975],[-98.23286,30.51975],[-98.23762,30.51877],[-98.25012,30.50838],[-98.24403,30.51097],[-98.24136,30.50874],[-98.23311,30.51545],[-98.23078,30.51277],[-98.22607,30.51936],[-98.22784,30.52019],[-98.21928,30.51956],[-98.21458,30.53859],[-98.2165,30.53861]]]]},"properties":{"layer":"aquifer","aquifer":"Ellenburger-San Saba","rank":"minor","code":"1","extent":"outcrop","source":"twdb-minor-aquifers-bbox"}},{"type":"Feature","geometry":{"type":"MultiPolygon","coordinates":[[[[-99.21635,30.54563],[-99.21078,30.54398],[-99.208,30.54518],[-99.20853,30.54759],[-99.20525,30.54742],[-99.20791,30.54953],[-99.21665,30.54855],[-99.21635,30.54563]]]]},"properties":{"layer":"aquifer","aquifer":"Ellenburger-San Saba","rank":"minor","code":"1","extent":"outcrop","source":"twdb-minor-aquifers-bbox"}},{"type":"Feature","geometry":{"type":"MultiPolygon","coordinates":[[[[-99.1822,30.5455],[-99.1861,30.54045],[-99.19041,30.54085],[-99.19373,30.54571],[-99.19992,30.54315],[-99.19475,30.54308],[-99.19176,30.53673],[-99.18347,30.53473],[-99.17883,30.53468],[-99.1754,30.5415],[-99.17268,30.54122],[-99.17122,30.53544],[-99.1738,30.53045],[-99.17239,30.52518],[-99.16882,30.5243],[-99.16809,30.54357],[-99.1822,30.5455]]]]},"properties":{"layer":"aquifer","aquifer":"Ellenburger-San Saba","rank":"minor","code":"1","extent":"outcrop","source":"twdb-minor-aquifers-bbox"}},{"type":"Feature","geometry":{"type":"MultiPolygon","coordinates":[[[[-99.08197,30.54002],[-99.08389,30.54156],[-99.08746,30.53852],[-99.09104,30.53983],[-99.09244,30.54212],[-99.08893,30.54178],[-99.08794,30.54494],[-99.09628,30.54372],[-99.10608,30.53867],[-99.10397,30.54171],[-99.10681,30.54256],[-99.11072,30.53912],[-99.10999,30.53614],[-99.11276,30.53219],[-99.1158,30.53058],[-99.11568,30.53299],[-99.12137,30.53355],[-99.12817,30.5222],[-99.11607,30.52909],[-99.08302,30.53715],[-99.08012,30.53944],[-99.08197,30.54002]]]]},"properties":{"layer":"aquifer","aquifer":"Ellenburger-San Saba","rank":"minor","code":"1","extent":"outcrop","source":"twdb-minor-aquifers-bbox"}},{"type":"Feature","geometry":{"type":"MultiPolygon","coordinates":[[[[-98.61812,30.53417],[-98.62243,30.53377],[-98.62018,30.53772],[-98.62237,30.53909],[-98.62747,30.53937],[-98.62998,30.53599],[-98.62825,30.53181],[-98.61944,30.52781],[-98.61812,30.53417]]]]},"properties":{"layer":"aquifer","aquifer":"Ellenburger-San Saba","rank":"minor","code":"1","extent":"outcrop","source":"twdb-minor-aquifers-bbox"}},{"type":"Feature","geometry":{"type":"MultiPolygon","coordinates":[[[[-98.60818,30.528],[-98.61024,30.53241],[-98.61514,30.53103],[-98.61513,30.52765],[-98.61983,30.52306],[-98.62666,30.52517],[-98.63374,30.5235],[-98.63466,30.5196],[-98.63995,30.51811],[-98.64332,30.5098],[-98.6347,30.50334],[-98.62628,30.50197],[-98.6198,30.50656],[-98.61524,30.51447],[-98.61419,30.51854],[-98.6173,30.51808],[-98.61704,30.52026],[-98.61147,30.52067],[-98.60658,30.52714],[-98.60818,30.528]]]]},"properties":{"layer":"aquifer","aquifer":"Ellenburger-San Saba","rank":"minor","code":"1","extent":"outcrop","source":"twdb-minor-aquifers-bbox"}},{"type":"Feature","geometry":{"type":"MultiPolygon","coordinates":[[[[-98.24607,30.50071],[-98.24819,30.50054],[-98.24621,30.50358],[-98.25581,30.50127],[-98.25727,30.50345],[-98.26118,30.50155],[-98.26917,30.50265],[-98.26823,30.4991],[-98.27035,30.49623],[-98.27822,30.49273],[-98.27497,30.48941],[-98.2814,30.48774],[-98.27795,30.48563],[-98.2786,30.48111],[-98.27085,30.48043],[-98.27931,30.47286],[-98.27242,30.47086],[-98.27951,30.46942],[-98.28685,30.46448],[-98.28646,30.46809],[-98.28282,30.4689],[-98.28401,30.47085],[-98.28977,30.46666],[-98.29521,30.46648],[-98.29281,30.4631],[-98.28884,30.46402],[-98.29273,30.45778],[-98.29691,30.45611],[-98.29392,30.44981],[-98.29662,30.44597],[-98.29582,30.44162],[-98.29172,30.44363],[-98.29105,30.43836],[-98.28833,30.43774],[-98.28629,30.44141],[-98.29006,30.443],[-98.29027,30.44799],[-98.27287,30.45694],[-98.27252,30.45402],[-98.27894,30.44858],[-98.27583,30.44703],[-98.2692,30.44865],[-98.26154,30.45919],[-98.25948,30.46011],[-98.25816,30.45782],[-98.25837,30.46332],[-98.25181,30.46413],[-98.26129,30.46841],[-98.26136,30.47053],[-98.25368,30.46951],[-98.25076,30.47295],[-98.24593,30.47181],[-98.22747,30.4869],[-98.23155,30.47046],[-98.22494,30.47642],[-98.21957,30.47254],[-98.20711,30.47061],[-98.20909,30.46831],[-98.21876,30.46676],[-98.20557,30.46551],[-98.21259,30.45783],[-98.20287,30.46332],[-98.20441,30.46835],[-98.19343,30.47369],[-98.19497,30.48549],[-98.1908,30.49008],[-98.19075,30.49684],[-98.1991,30.49963],[-98.20494,30.50501],[-98.2052,30.50123],[-98.20878,30.50071],[-98.21535,30.51565],[-98.22817,30.48791],[-98.23016,30.48876],[-98.22871,30.4973],[-98.23705,30.49059],[-98.23274,30.50108],[-98.23718,30.49884],[-98.24087,30.49036],[-98.24564,30.49109],[-98.25623,30.48741],[-98.24607,30.50071]]]]},"properties":{"layer":"aquifer","aquifer":"Ellenburger-San Saba","rank":"minor","code":"1","extent":"outcrop","source":"twdb-minor-aquifers-bbox"}},{"type":"Feature","geometry":{"type":"MultiPolygon","coordinates":[[[[-99.10061,30.51726],[-99.11445,30.51409],[-99.1293,30.50365],[-99.12804,30.49976],[-99.12539,30.49776],[-99.12295,30.50372],[-99.11936,30.50269],[-99.11897,30.49943],[-99.11719,30.50636],[-99.11027,30.50146],[-99.10185,30.50878],[-99.11075,30.50676],[-99.09737,30.51726],[-99.10061,30.51726]]]]},"properties":{"layer":"aquifer","aquifer":"Ellenburger-San Saba","rank":"minor","code":"1","extent":"outcrop","source":"twdb-minor-aquifers-bbox"}},{"type":"Feature","geometry":{"type":"MultiPolygon","coordinates":[[[[-99.12376,30.47634],[-99.12607,30.46906],[-99.1246,30.46631],[-99.12739,30.46614],[-99.12996,30.46195],[-99.12493,30.46162],[-99.12035,30.45681],[-99.11929,30.46054],[-99.11513,30.46151],[-99.11201,30.4594],[-99.1101,30.46714],[-99.10349,30.47104],[-99.10587,30.4731],[-99.10117,30.47161],[-99.10044,30.47545],[-99.10323,30.47969],[-99.09667,30.48027],[-99.09602,30.48411],[-99.08906,30.48085],[-99.09032,30.48263],[-99.08781,30.48687],[-99.07847,30.48745],[-99.07701,30.48522],[-99.078,30.48253],[-99.08105,30.4831],[-99.07833,30.48138],[-99.08018,30.47978],[-99.07548,30.48018],[-99.07574,30.47703],[-99.07197,30.47881],[-99.07315,30.47337],[-99.06182,30.47407],[-99.06479,30.46616],[-99.06002,30.46858],[-99.05392,30.46715],[-99.05724,30.4636],[-99.05392,30.46383],[-99.05279,30.4608],[-99.05161,30.46887],[-99.04771,30.47232],[-99.05135,30.47197],[-99.05083,30.47529],[-99.05454,30.47437],[-99.05481,30.47815],[-99.05137,30.48073],[-99.04633,30.47759],[-99.04288,30.47977],[-99.0458,30.48005],[-99.04455,30.48469],[-99.04839,30.48675],[-99.0525,30.4856],[-99.05376,30.48892],[-99.04092,30.49512],[-99.04132,30.50464],[-99.04773,30.50341],[-99.04726,30.49968],[-99.05547,30.49979],[-99.05526,30.49251],[-99.06149,30.49256],[-99.06155,30.48747],[-99.06538,30.48735],[-99.06996,30.49118],[-99.07924,30.48996],[-99.08507,30.49196],[-99.0942,30.4884],[-99.09447,30.48634],[-99.11552,30.48132],[-99.1175,30.47691],[-99.12376,30.47634]]]]},"properties":{"layer":"aquifer","aquifer":"Ellenburger-San Saba","rank":"minor","code":"1","extent":"outcrop","source":"twdb-minor-aquifers-bbox"}},{"type":"Feature","geometry":{"type":"MultiPolygon","coordinates":[[[[-99.1279,30.49609],[-99.12802,30.49151],[-99.13154,30.49288],[-99.13153,30.48772],[-99.12543,30.48533],[-99.12522,30.47966],[-99.12734,30.47834],[-99.12589,30.47748],[-99.12221,30.48126],[-99.12499,30.48074],[-99.12012,30.49489],[-99.11284,30.49943],[-99.11393,30.50086],[-99.11876,30.49685],[-99.1279,30.49609]]]]},"properties":{"layer":"aquifer","aquifer":"Ellenburger-San Saba","rank":"minor","code":"1","extent":"outcrop","source":"twdb-minor-aquifers-bbox"}},{"type":"Feature","geometry":{"type":"MultiPolygon","coordinates":[[[[-98.52499,30.47914],[-98.52445,30.47439],[-98.52187,30.47818],[-98.50994,30.47252],[-98.49915,30.4715],[-98.48782,30.47771],[-98.48572,30.48355],[-98.49851,30.49001],[-98.51334,30.48076],[-98.52264,30.48124],[-98.52499,30.47914]]]]},"properties":{"layer":"aquifer","aquifer":"Ellenburger-San Saba","rank":"minor","code":"1","extent":"outcrop","source":"twdb-minor-aquifers-bbox"}},{"type":"Feature","geometry":{"type":"MultiPolygon","coordinates":[[[[-98.47371,30.47612],[-98.48119,30.47244],[-98.48939,30.46184],[-98.47173,30.47498],[-98.47073,30.4767],[-98.47371,30.47612]]]]},"properties":{"layer":"aquifer","aquifer":"Ellenburger-San Saba","rank":"minor","code":"1","extent":"outcrop","source":"twdb-minor-aquifers-bbox"}},{"type":"Feature","geometry":{"type":"MultiPolygon","coordinates":[[[[-98.49489,30.46383],[-98.48783,30.473],[-98.49126,30.4726],[-98.49641,30.46486],[-98.49489,30.46383]]]]},"properties":{"layer":"aquifer","aquifer":"Ellenburger-San Saba","rank":"minor","code":"1","extent":"outcrop","source":"twdb-minor-aquifers-bbox"}},{"type":"Feature","geometry":{"type":"MultiPolygon","coordinates":[[[[-98.54447,30.46039],[-98.54395,30.46423],[-98.55138,30.46657],[-98.54966,30.47189],[-98.55218,30.47327],[-98.57301,30.44855],[-98.57148,30.44644],[-98.56783,30.44713],[-98.56426,30.45137],[-98.56214,30.44943],[-98.56247,30.44501],[-98.55956,30.44748],[-98.55048,30.44629],[-98.54473,30.45455],[-98.54447,30.46039]]]]},"properties":{"layer":"aquifer","aquifer":"Ellenburger-San Saba","rank":"minor","code":"1","extent":"outcrop","source":"twdb-minor-aquifers-bbox"}},{"type":"Feature","geometry":{"type":"MultiPolygon","coordinates":[[[[-98.3577,30.43344],[-98.34444,30.43134],[-98.35186,30.42921],[-98.35556,30.42508],[-98.34509,30.41959],[-98.35548,30.41231],[-98.34962,30.39994],[-98.33414,30.41119],[-98.3336,30.40735],[-98.32731,30.40616],[-98.33055,30.40283],[-98.32445,30.40078],[-98.32504,30.39751],[-98.31862,30.39735],[-98.32066,30.39231],[-98.32656,30.39167],[-98.31992,30.38635],[-98.31563,30.39128],[-98.31106,30.39232],[-98.30688,30.38528],[-98.308,30.38219],[-98.3019,30.37876],[-98.29495,30.38226],[-98.29209,30.37877],[-98.28567,30.37827],[-98.28302,30.38182],[-98.27082,30.37628],[-98.25904,30.37933],[-98.25137,30.38725],[-98.25927,30.39806],[-98.2639,30.39742],[-98.26935,30.404],[-98.26804,30.41598],[-98.27215,30.41717],[-98.27433,30.41362],[-98.28096,30.41602],[-98.28169,30.42031],[-98.28626,30.42088],[-98.29473,30.41262],[-98.30222,30.41295],[-98.30618,30.41043],[-98.3099,30.413],[-98.30779,30.42222],[-98.31229,30.41752],[-98.3129,30.42451],[-98.31873,30.4229],[-98.32516,30.42764],[-98.32502,30.42392],[-98.32866,30.42162],[-98.33025,30.42483],[-98.33456,30.42236],[-98.34093,30.4326],[-98.3577,30.43344]]]]},"properties":{"layer":"aquifer","aquifer":"Ellenburger-San Saba","rank":"minor","code":"1","extent":"outcrop","source":"twdb-minor-aquifers-bbox"}},{"type":"Feature","geometry":{"type":"MultiPolygon","coordinates":[[[[-98.63461,30.35187],[-98.63659,30.34608],[-98.63447,30.34437],[-98.63982,30.33731],[-98.6373,30.33234],[-98.63187,30.33899],[-98.63081,30.33401],[-98.62896,30.33624],[-98.62604,30.33476],[-98.6283,30.34174],[-98.62373,30.33957],[-98.62082,30.34232],[-98.61896,30.34118],[-98.62286,30.33367],[-98.62862,30.33366],[-98.62637,30.32931],[-98.63027,30.32444],[-98.61861,30.33041],[-98.62213,30.33259],[-98.6167,30.33339],[-98.61702,30.3287],[-98.61146,30.32865],[-98.6106,30.32624],[-98.61483,30.32309],[-98.6133,30.31948],[-98.61694,30.31518],[-98.61401,30.31347],[-98.60872,30.31703],[-98.60269,30.3164],[-98.59871,30.31194],[-98.59681,30.32329],[-98.59177,30.31883],[-98.58157,30.32229],[-98.57072,30.33692],[-98.55194,30.35189],[-98.55534,30.36197],[-98.55785,30.36093],[-98.55654,30.37285],[-98.56595,30.37083],[-98.56755,30.37627],[-98.57458,30.38079],[-98.57941,30.37854],[-98.58452,30.37954],[-98.59186,30.37163],[-98.60596,30.37207],[-98.60558,30.3747],[-98.61121,30.37572],[-98.61967,30.3691],[-98.62985,30.35568],[-98.63687,30.3543],[-98.63461,30.35187]],[[-98.56982,30.35353],[-98.56797,30.35393],[-98.57174,30.34854],[-98.5742,30.34934],[-98.56982,30.35353]]]]},"properties":{"layer":"aquifer","aquifer":"Ellenburger-San Saba","rank":"minor","code":"1","extent":"outcrop","source":"twdb-minor-aquifers-bbox"}},{"type":"Feature","geometry":{"type":"MultiPolygon","coordinates":[[[[-98.65049,30.37727],[-98.6624,30.37082],[-98.66418,30.36864],[-98.6608,30.36821],[-98.66211,30.36485],[-98.65597,30.36593],[-98.65371,30.36261],[-98.64338,30.36614],[-98.63993,30.37055],[-98.64406,30.37379],[-98.6448,30.38083],[-98.65049,30.37727]]]]},"properties":{"layer":"aquifer","aquifer":"Ellenburger-San Saba","rank":"minor","code":"1","extent":"outcrop","source":"twdb-minor-aquifers-bbox"}},{"type":"Feature","geometry":{"type":"MultiPolygon","coordinates":[[[[-98.41165,30.33376],[-98.40156,30.31763],[-98.3952,30.3154],[-98.39129,30.31707],[-98.38009,30.31181],[-98.39194,30.31248],[-98.39281,30.3142],[-98.39883,30.31225],[-98.39419,30.30933],[-98.3969,30.30744],[-98.39531,30.30389],[-98.39087,30.30407],[-98.3904,30.3012],[-98.38424,30.29972],[-98.39126,30.29851],[-98.38973,30.29347],[-98.37907,30.29601],[-98.37667,30.29109],[-98.36469,30.29545],[-98.36401,30.28801],[-98.36131,30.29626],[-98.36157,30.2871],[-98.35892,30.2879],[-98.35553,30.2835],[-98.36021,30.27192],[-98.35643,30.26637],[-98.35987,30.26493],[-98.35748,30.26442],[-98.35027,30.26873],[-98.34737,30.27492],[-98.33278,30.26629],[-98.33041,30.27271],[-98.32279,30.27644],[-98.32069,30.28715],[-98.30389,30.3019],[-98.2957,30.31382],[-98.29225,30.31342],[-98.28544,30.31904],[-98.28399,30.32328],[-98.28697,30.32786],[-98.27988,30.32782],[-98.26971,30.34043],[-98.27237,30.34713],[-98.28046,30.35164],[-98.28053,30.35491],[-98.29098,30.35174],[-98.29747,30.3444],[-98.30409,30.34273],[-98.30435,30.33941],[-98.31203,30.33464],[-98.32201,30.3214],[-98.32598,30.32283],[-98.32462,30.33549],[-98.32852,30.33794],[-98.33033,30.34579],[-98.33324,30.34435],[-98.33072,30.34075],[-98.33224,30.33748],[-98.33615,30.34257],[-98.33734,30.34068],[-98.3437,30.34176],[-98.34647,30.33328],[-98.34912,30.33551],[-98.3475,30.35453],[-98.34968,30.35],[-98.35259,30.3512],[-98.35458,30.34667],[-98.35862,30.35222],[-98.36227,30.3525],[-98.3594,30.34334],[-98.36005,30.33853],[-98.36284,30.33698],[-98.36874,30.3439],[-98.36882,30.34814],[-98.36478,30.34941],[-98.37207,30.35358],[-98.37405,30.35254],[-98.37015,30.3506],[-98.37359,30.35031],[-98.37239,30.34802],[-98.37424,30.34624],[-98.37225,30.33851],[-98.3735,30.33347],[-98.37582,30.33273],[-98.37196,30.32941],[-98.37461,30.32528],[-98.37693,30.32694],[-98.37944,30.32379],[-98.37746,30.32894],[-98.37946,30.33375],[-98.38615,30.33901],[-98.38761,30.33626],[-98.3945,30.3386],[-98.39945,30.32685],[-98.40224,30.33],[-98.39921,30.33853],[-98.41165,30.33376]],[[-98.35483,30.30803],[-98.35881,30.29239],[-98.36069,30.2996],[-98.36424,30.30303],[-98.37166,30.30437],[-98.37065,30.30705],[-98.36564,30.30629],[-98.35896,30.31107],[-98.35337,30.31091],[-98.35483,30.30803]]]]},"properties":{"layer":"aquifer","aquifer":"Ellenburger-San Saba","rank":"minor","code":"1","extent":"outcrop","source":"twdb-minor-aquifers-bbox"}},{"type":"Feature","geometry":{"type":"MultiPolygon","coordinates":[[[[-98.26197,30.35081],[-98.26515,30.3508],[-98.26332,30.34689],[-98.26051,30.34961],[-98.26197,30.35081]]]]},"properties":{"layer":"aquifer","aquifer":"Ellenburger-San Saba","rank":"minor","code":"1","extent":"outcrop","source":"twdb-minor-aquifers-bbox"}},{"type":"Feature","geometry":{"type":"MultiPolygon","coordinates":[[[[-98.54186,30.34749],[-98.5529,30.33573],[-98.54451,30.33899],[-98.53993,30.33373],[-98.54642,30.33258],[-98.54508,30.32845],[-98.54151,30.32915],[-98.53753,30.32405],[-98.53507,30.32957],[-98.54259,30.34411],[-98.54001,30.34704],[-98.54186,30.34749]]]]},"properties":{"layer":"aquifer","aquifer":"Ellenburger-San Saba","rank":"minor","code":"1","extent":"outcrop","source":"twdb-minor-aquifers-bbox"}},{"type":"Feature","geometry":{"type":"MultiPolygon","coordinates":[[[[-98.43619,30.31483],[-98.45448,30.31498],[-98.46202,30.3101],[-98.4746,30.30682],[-98.47619,30.30412],[-98.47215,30.30195],[-98.48012,30.29636],[-98.47482,30.29705],[-98.47176,30.29236],[-98.46832,30.29615],[-98.47263,30.29832],[-98.47086,30.30307],[-98.46734,30.30342],[-98.46695,30.30743],[-98.46317,30.30658],[-98.4602,30.30939],[-98.45821,30.30807],[-98.46085,30.30308],[-98.4472,30.30064],[-98.44984,30.29422],[-98.44811,30.2936],[-98.44508,30.29572],[-98.4433,30.30322],[-98.43568,30.30587],[-98.43594,30.30054],[-98.43852,30.29894],[-98.43594,30.29751],[-98.42852,30.29946],[-98.4301,30.29574],[-98.42831,30.29425],[-98.43123,30.29442],[-98.42698,30.29036],[-98.42129,30.29083],[-98.42049,30.28768],[-98.42233,30.28441],[-98.42664,30.28441],[-98.43128,30.28761],[-98.42903,30.29013],[-98.43414,30.29218],[-98.43229,30.29534],[-98.44315,30.29572],[-98.44711,30.28976],[-98.45288,30.2909],[-98.44644,30.28489],[-98.44782,30.27916],[-98.43505,30.28623],[-98.4318,30.28285],[-98.43192,30.27501],[-98.42655,30.27295],[-98.41974,30.27766],[-98.4222,30.28063],[-98.41922,30.2831],[-98.4022,30.28799],[-98.40047,30.28547],[-98.40259,30.28215],[-98.39716,30.27906],[-98.39549,30.27506],[-98.39793,30.2711],[-98.39488,30.26836],[-98.38641,30.2702],[-98.38522,30.27347],[-98.37933,30.27313],[-98.37887,30.27623],[-98.37608,30.27714],[-98.38059,30.27645],[-98.37874,30.27909],[-98.38451,30.28131],[-98.37391,30.28522],[-98.37822,30.28711],[-98.38261,30.29346],[-98.38724,30.29128],[-98.38146,30.2855],[-98.38902,30.28394],[-98.39439,30.28938],[-98.39619,30.29745],[-98.3989,30.29544],[-98.40182,30.29756],[-98.40549,30.30975],[-98.41225,30.31197],[-98.41378,30.31735],[-98.40913,30.31421],[-98.40868,30.31793],[-98.40629,30.31404],[-98.40556,30.31765],[-98.40895,30.3236],[-98.41565,30.32629],[-98.41678,30.33041],[-98.4183,30.33098],[-98.41803,30.32588],[-98.4149,30.3181],[-98.41642,30.31449],[-98.423,30.32524],[-98.42547,30.3258],[-98.42753,30.3208],[-98.43619,30.31483]]]]},"properties":{"layer":"aquifer","aquifer":"Ellenburger-San Saba","rank":"minor","code":"1","extent":"outcrop","source":"twdb-minor-aquifers-bbox"}},{"type":"Feature","geometry":{"type":"MultiPolygon","coordinates":[[[[-98.5768,30.32018],[-98.58397,30.31516],[-98.58169,30.31414],[-98.57957,30.31615],[-98.57745,30.31449],[-98.57388,30.31833],[-98.56329,30.31886],[-98.56177,30.32104],[-98.56673,30.32035],[-98.56879,30.32346],[-98.5768,30.32018]]]]},"properties":{"layer":"aquifer","aquifer":"Ellenburger-San Saba","rank":"minor","code":"1","extent":"outcrop","source":"twdb-minor-aquifers-bbox"}},{"type":"Feature","geometry":{"type":"MultiPolygon","coordinates":[[[[-98.59653,30.27873],[-98.59381,30.27696],[-98.55372,30.27698],[-98.55087,30.27865],[-98.54305,30.27705],[-98.53738,30.28183],[-98.54109,30.28058],[-98.54216,30.28436],[-98.5462,30.28195],[-98.5543,30.29173],[-98.56582,30.29194],[-98.56721,30.28982],[-98.56072,30.28622],[-98.55793,30.28657],[-98.56065,30.28863],[-98.55873,30.29006],[-98.55456,30.28944],[-98.55203,30.28578],[-98.55891,30.27918],[-98.56533,30.27837],[-98.56799,30.28335],[-98.57348,30.27888],[-98.58051,30.28076],[-98.58389,30.27915],[-98.58548,30.28161],[-98.58965,30.28143],[-98.58926,30.28412],[-98.59695,30.28606],[-98.6035,30.28571],[-98.59753,30.28211],[-98.59653,30.27873]]]]},"properties":{"layer":"aquifer","aquifer":"Ellenburger-San Saba","rank":"minor","code":"1","extent":"outcrop","source":"twdb-minor-aquifers-bbox"}},{"type":"Feature","geometry":{"type":"MultiPolygon","coordinates":[[[[-98.58822,30.25881],[-98.58345,30.2587],[-98.5794,30.25121],[-98.57795,30.25579],[-98.57609,30.25465],[-98.58097,30.24416],[-98.56979,30.25071],[-98.57059,30.25511],[-98.56656,30.25764],[-98.56696,30.26073],[-98.56033,30.25879],[-98.54855,30.26156],[-98.54179,30.25824],[-98.53529,30.2606],[-98.52853,30.25403],[-98.53058,30.25196],[-98.52806,30.24956],[-98.52543,30.25953],[-98.52172,30.26417],[-98.51146,30.26401],[-98.51046,30.26218],[-98.50748,30.26253],[-98.50517,30.26677],[-98.49874,30.26644],[-98.49949,30.27526],[-98.48764,30.281],[-98.49033,30.28366],[-98.50079,30.28015],[-98.50749,30.28151],[-98.50571,30.28638],[-98.50776,30.28821],[-98.50974,30.28397],[-98.52195,30.27883],[-98.51728,30.27468],[-98.51879,30.26924],[-98.52283,30.2658],[-98.53548,30.26911],[-98.54932,30.26645],[-98.55422,30.26238],[-98.58822,30.25881]]]]},"properties":{"layer":"aquifer","aquifer":"Ellenburger-San Saba","rank":"minor","code":"1","extent":"outcrop","source":"twdb-minor-aquifers-bbox"}},{"type":"Feature","geometry":{"type":"MultiPolygon","coordinates":[[[[-98.61605,30.27558],[-98.60419,30.27823],[-98.60394,30.28035],[-98.59844,30.2783],[-98.59751,30.28122],[-98.61507,30.28206],[-98.62077,30.2872],[-98.62653,30.28221],[-98.63374,30.28266],[-98.63831,30.27584],[-98.63698,30.27418],[-98.62301,30.27689],[-98.6248,30.28107],[-98.6201,30.27396],[-98.61605,30.27558]]]]},"properties":{"layer":"aquifer","aquifer":"Ellenburger-San Saba","rank":"minor","code":"1","extent":"outcrop","source":"twdb-minor-aquifers-bbox"}},{"type":"Feature","geometry":{"type":"MultiPolygon","coordinates":[[[[-98.72002,30.25368],[-98.71446,30.25855],[-98.70888,30.27041],[-98.71455,30.27195],[-98.716,30.26674],[-98.72189,30.26759],[-98.71983,30.26399],[-98.72121,30.25665],[-98.72506,30.25928],[-98.72962,30.25613],[-98.72921,30.24782],[-98.72002,30.25368]]]]},"properties":{"layer":"aquifer","aquifer":"Ellenburger-San Saba","rank":"minor","code":"1","extent":"outcrop","source":"twdb-minor-aquifers-bbox"}},{"type":"Feature","geometry":{"type":"MultiPolygon","coordinates":[[[[-98.70387,30.26195],[-98.70863,30.25993],[-98.71338,30.24738],[-98.71014,30.2514],[-98.70451,30.24768],[-98.70438,30.25244],[-98.70021,30.25479],[-98.70438,30.25794],[-98.70122,30.26224],[-98.70387,30.26195]]]]},"properties":{"layer":"aquifer","aquifer":"Ellenburger-San Saba","rank":"minor","code":"1","extent":"outcrop","source":"twdb-minor-aquifers-bbox"}},{"type":"Feature","geometry":{"type":"MultiPolygon","coordinates":[[[[-98.74279,30.25232],[-98.7415,30.25935],[-98.74437,30.2611],[-98.74868,30.25978],[-98.74996,30.25275],[-98.74279,30.25232]]]]},"properties":{"layer":"aquifer","aquifer":"Ellenburger-San Saba","rank":"minor","code":"1","extent":"outcrop","source":"twdb-minor-aquifers-bbox"}},{"type":"Feature","geometry":{"type":"MultiPolygon","coordinates":[[[[-98.73705,30.2582],[-98.73979,30.25897],[-98.73962,30.25433],[-98.73646,30.25613],[-98.73705,30.2582]]]]},"properties":{"layer":"aquifer","aquifer":"Ellenburger-San Saba","rank":"minor","code":"1","extent":"outcrop","source":"twdb-minor-aquifers-bbox"}},{"type":"Feature","geometry":{"type":"MultiPolygon","coordinates":[[[[-98.76167,30.24187],[-98.76703,30.24261],[-98.7694,30.2504],[-98.77019,30.2409],[-98.77574,30.23808],[-98.76165,30.24009],[-98.75972,30.2411],[-98.76167,30.24187]]]]},"properties":{"layer":"aquifer","aquifer":"Ellenburger-San Saba","rank":"minor","code":"1","extent":"outcrop","source":"twdb-minor-aquifers-bbox"}},{"type":"Feature","geometry":{"type":"MultiPolygon","coordinates":[[[[-98.59286,31.05],[-98.59974,31.04103],[-98.59922,30.99674],[-98.55235,31.05],[-98.59286,31.05]]]]},"properties":{"layer":"aquifer","aquifer":"Ellenburger-San Saba","rank":"minor","code":"2","extent":"subsurface","source":"twdb-minor-aquifers-bbox"}},{"type":"Feature","geometry":{"type":"MultiPolygon","coordinates":[[[[-98.55235,31.05],[-98.59922,30.99674],[-98.51971,31.05],[-98.55235,31.05]]]]},"properties":{"layer":"aquifer","aquifer":"Ellenburger-San Saba","rank":"minor","code":"2","extent":"subsurface","source":"twdb-minor-aquifers-bbox"}},{"type":"Feature","geometry":{"type":"MultiPolygon","coordinates":[[[[-99.57689,31.05],[-99.42206,30.97248],[-99.40316,31.00489],[-99.4812,31.05],[-99.57689,31.05]]]]},"properties":{"layer":"aquifer","aquifer":"Ellenburger-San Saba","rank":"minor","code":"2","extent":"subsurface","source":"twdb-minor-aquifers-bbox"}},{"type":"Feature","geometry":{"type":"MultiPolygon","coordinates":[[[[-98.25793,31.05],[-98.33918,31.00244],[-98.32589,30.96784],[-98.16387,31.05],[-98.25793,31.05]]]]},"properties":{"layer":"aquifer","aquifer":"Ellenburger-San Saba","rank":"minor","code":"2","extent":"subsurface","source":"twdb-minor-aquifers-bbox"}},{"type":"Feature","geometry":{"type":"MultiPolygon","coordinates":[[[[-98.12708,31.0284],[-98.12681,31.04027],[-98.13033,31.05],[-98.16387,31.05],[-98.32589,30.96784],[-98.33994,30.92243],[-98.12767,31.01476],[-98.12708,31.0284]]]]},"properties":{"layer":"aquifer","aquifer":"Ellenburger-San Saba","rank":"minor","code":"2","extent":"subsurface","source":"twdb-minor-aquifers-bbox"}},{"type":"Feature","geometry":{"type":"MultiPolygon","coordinates":[[[[-99.58151,31.03365],[-99.58031,31.00015],[-99.43699,30.9387],[-99.42206,30.97248],[-99.57689,31.05],[-99.58314,31.05],[-99.58151,31.03365]]]]},"properties":{"layer":"aquifer","aquifer":"Ellenburger-San Saba","rank":"minor","code":"2","extent":"subsurface","source":"twdb-minor-aquifers-bbox"}},{"type":"Feature","geometry":{"type":"MultiPolygon","coordinates":[[[[-98.33994,30.92243],[-98.28046,30.9085],[-98.14553,30.95802],[-98.14565,30.96168],[-98.1275,30.99933],[-98.12767,31.01476],[-98.33994,30.92243]]]]},"properties":{"layer":"aquifer","aquifer":"Ellenburger-San Saba","rank":"minor","code":"2","extent":"subsurface","source":"twdb-minor-aquifers-bbox"}},{"type":"Feature","geometry":{"type":"MultiPolygon","coordinates":[[[[-99.57948,30.97457],[-99.58138,30.96265],[-99.5856,30.95372],[-99.47316,30.9131],[-99.43699,30.9387],[-99.58031,31.00015],[-99.57948,30.97457]]]]},"properties":{"layer":"aquifer","aquifer":"Ellenburger-San Saba","rank":"minor","code":"2","extent":"subsurface","source":"twdb-minor-aquifers-bbox"}},{"type":"Feature","geometry":{"type":"MultiPolygon","coordinates":[[[[-98.14666,30.9351],[-98.14553,30.95802],[-98.28046,30.9085],[-98.26764,30.87467],[-98.14677,30.91127],[-98.14666,30.9351]]]]},"properties":{"layer":"aquifer","aquifer":"Ellenburger-San Saba","rank":"minor","code":"2","extent":"subsurface","source":"twdb-minor-aquifers-bbox"}},{"type":"Feature","geometry":{"type":"MultiPolygon","coordinates":[[[[-99.59578,30.93777],[-99.61463,30.9162],[-99.40027,30.8524],[-99.47316,30.9131],[-99.5856,30.95372],[-99.59578,30.93777]]]]},"properties":{"layer":"aquifer","aquifer":"Ellenburger-San Saba","rank":"minor","code":"2","extent":"subsurface","source":"twdb-minor-aquifers-bbox"}},{"type":"Feature","geometry":{"type":"MultiPolygon","coordinates":[[[[-98.14385,30.87474],[-98.14677,30.91127],[-98.26764,30.87467],[-98.25209,30.84161],[-98.14252,30.86807],[-98.14385,30.87474]]]]},"properties":{"layer":"aquifer","aquifer":"Ellenburger-San Saba","rank":"minor","code":"2","extent":"subsurface","source":"twdb-minor-aquifers-bbox"}},{"type":"Feature","geometry":{"type":"MultiPolygon","coordinates":[[[[-99.62698,30.89764],[-99.6381,30.87584],[-99.42262,30.82491],[-99.40027,30.8524],[-99.61463,30.9162],[-99.62698,30.89764]]]]},"properties":{"layer":"aquifer","aquifer":"Ellenburger-San Saba","rank":"minor","code":"2","extent":"subsurface","source":"twdb-minor-aquifers-bbox"}},{"type":"Feature","geometry":{"type":"MultiPolygon","coordinates":[[[[-98.13664,30.83632],[-98.14252,30.86807],[-98.25209,30.84161],[-98.27711,30.80061],[-98.13496,30.82654],[-98.13664,30.83632]]]]},"properties":{"layer":"aquifer","aquifer":"Ellenburger-San Saba","rank":"minor","code":"2","extent":"subsurface","source":"twdb-minor-aquifers-bbox"}},{"type":"Feature","geometry":{"type":"MultiPolygon","coordinates":[[[[-99.64692,30.8546],[-99.65292,30.83278],[-99.44074,30.79518],[-99.42262,30.82491],[-99.6381,30.87584],[-99.64692,30.8546]]]]},"properties":{"layer":"aquifer","aquifer":"Ellenburger-San Saba","rank":"minor","code":"2","extent":"subsurface","source":"twdb-minor-aquifers-bbox"}},{"type":"Feature","geometry":{"type":"MultiPolygon","coordinates":[[[[-98.12795,30.79401],[-98.13496,30.82654],[-98.27711,30.80061],[-98.28431,30.76571],[-98.12531,30.78555],[-98.12795,30.79401]]]]},"properties":{"layer":"aquifer","aquifer":"Ellenburger-San Saba","rank":"minor","code":"2","extent":"subsurface","source":"twdb-minor-aquifers-bbox"}},{"type":"Feature","geometry":{"type":"MultiPolygon","coordinates":[[[[-99.6554,30.81707],[-99.65928,30.78821],[-99.43262,30.76107],[-99.44074,30.79518],[-99.65292,30.83278],[-99.6554,30.81707]]]]},"properties":{"layer":"aquifer","aquifer":"Ellenburger-San Saba","rank":"minor","code":"2","extent":"subsurface","source":"twdb-minor-aquifers-bbox"}},{"type":"Feature","geometry":{"type":"MultiPolygon","coordinates":[[[[-98.11861,30.75467],[-98.12531,30.78555],[-98.28431,30.76571],[-98.23644,30.73604],[-98.11816,30.74408],[-98.11861,30.75467]]]]},"properties":{"layer":"aquifer","aquifer":"Ellenburger-San Saba","rank":"minor","code":"2","extent":"subsurface","source":"twdb-minor-aquifers-bbox"}},{"type":"Feature","geometry":{"type":"MultiPolygon","coordinates":[[[[-99.65951,30.77801],[-99.66058,30.7434],[-99.46866,30.7313],[-99.43262,30.76107],[-99.65928,30.78821],[-99.65951,30.77801]]]]},"properties":{"layer":"aquifer","aquifer":"Ellenburger-San Saba","rank":"minor","code":"2","extent":"subsurface","source":"twdb-minor-aquifers-bbox"}},{"type":"Feature","geometry":{"type":"MultiPolygon","coordinates":[[[[-98.11618,30.72466],[-98.11816,30.74408],[-98.23644,30.73604],[-98.22009,30.70094],[-98.11598,30.70218],[-98.11618,30.72466]]]]},"properties":{"layer":"aquifer","aquifer":"Ellenburger-San Saba","rank":"minor","code":"2","extent":"subsurface","source":"twdb-minor-aquifers-bbox"}},{"type":"Feature","geometry":{"type":"MultiPolygon","coordinates":[[[[-99.66109,30.7319],[-99.65664,30.69883],[-99.47109,30.69753],[-99.46866,30.7313],[-99.66058,30.7434],[-99.66109,30.7319]]]]},"properties":{"layer":"aquifer","aquifer":"Ellenburger-San Saba","rank":"minor","code":"2","extent":"subsurface","source":"twdb-minor-aquifers-bbox"}},{"type":"Feature","geometry":{"type":"MultiPolygon","coordinates":[[[[-98.11629,30.67065],[-98.11598,30.70218],[-98.22009,30.70094],[-98.21615,30.66462],[-98.11719,30.66025],[-98.11629,30.67065]]]]},"properties":{"layer":"aquifer","aquifer":"Ellenburger-San Saba","rank":"minor","code":"2","extent":"subsurface","source":"twdb-minor-aquifers-bbox"}},{"type":"Feature","geometry":{"type":"MultiPolygon","coordinates":[[[[-99.65625,30.68861],[-99.65417,30.6518],[-99.48175,30.66088],[-99.47109,30.69753],[-99.65664,30.69883],[-99.65625,30.68861]]]]},"properties":{"layer":"aquifer","aquifer":"Ellenburger-San Saba","rank":"minor","code":"2","extent":"subsurface","source":"twdb-minor-aquifers-bbox"}},{"type":"Feature","geometry":{"type":"MultiPolygon","coordinates":[[[[-98.12033,30.62683],[-98.11719,30.66025],[-98.21615,30.66462],[-98.23921,30.63032],[-98.12076,30.61842],[-98.12033,30.62683]]]]},"properties":{"layer":"aquifer","aquifer":"Ellenburger-San Saba","rank":"minor","code":"2","extent":"subsurface","source":"twdb-minor-aquifers-bbox"}},{"type":"Feature","geometry":{"type":"MultiPolygon","coordinates":[[[[-99.65386,30.64205],[-99.65482,30.60723],[-99.48032,30.62628],[-99.48175,30.66088],[-99.65417,30.6518],[-99.65386,30.64205]]]]},"properties":{"layer":"aquifer","aquifer":"Ellenburger-San Saba","rank":"minor","code":"2","extent":"subsurface","source":"twdb-minor-aquifers-bbox"}},{"type":"Feature","geometry":{"type":"MultiPolygon","coordinates":[[[[-98.12476,30.58553],[-98.12076,30.61842],[-98.23921,30.63032],[-98.27758,30.6005],[-98.12664,30.57672],[-98.12476,30.58553]]]]},"properties":{"layer":"aquifer","aquifer":"Ellenburger-San Saba","rank":"minor","code":"2","extent":"subsurface","source":"twdb-minor-aquifers-bbox"}},{"type":"Feature","geometry":{"type":"MultiPolygon","coordinates":[[[[-99.65424,30.59319],[-99.65302,30.57549],[-99.64947,30.56284],[-99.41534,30.60179],[-99.48032,30.62628],[-99.65482,30.60723],[-99.65424,30.59319]]]]},"properties":{"layer":"aquifer","aquifer":"Ellenburger-San Saba","rank":"minor","code":"2","extent":"subsurface","source":"twdb-minor-aquifers-bbox"}},{"type":"Feature","geometry":{"type":"MultiPolygon","coordinates":[[[[-98.13324,30.54291],[-98.12664,30.57672],[-98.27758,30.6005],[-98.30379,30.57171],[-98.13531,30.53529],[-98.13324,30.54291]]]]},"properties":{"layer":"aquifer","aquifer":"Ellenburger-San Saba","rank":"minor","code":"2","extent":"subsurface","source":"twdb-minor-aquifers-bbox"}},{"type":"Feature","geometry":{"type":"MultiPolygon","coordinates":[[[[-99.64623,30.55191],[-99.6306,30.52099],[-99.36889,30.57989],[-99.41534,30.60179],[-99.64947,30.56284],[-99.64623,30.55191]]]]},"properties":{"layer":"aquifer","aquifer":"Ellenburger-San Saba","rank":"minor","code":"2","extent":"subsurface","source":"twdb-minor-aquifers-bbox"}},{"type":"Feature","geometry":{"type":"MultiPolygon","coordinates":[[[[-98.1367,30.50516],[-98.13531,30.53529],[-98.30379,30.57171],[-98.25833,30.52516],[-98.14026,30.49245],[-98.1367,30.50516]]]]},"properties":{"layer":"aquifer","aquifer":"Ellenburger-San Saba","rank":"minor","code":"2","extent":"subsurface","source":"twdb-minor-aquifers-bbox"}},{"type":"Feature","geometry":{"type":"MultiPolygon","coordinates":[[[[-99.62225,30.50961],[-99.60289,30.4824],[-99.36496,30.55043],[-99.36889,30.57989],[-99.6306,30.52099],[-99.62225,30.50961]]]]},"properties":{"layer":"aquifer","aquifer":"Ellenburger-San Saba","rank":"minor","code":"2","extent":"subsurface","source":"twdb-minor-aquifers-bbox"}},{"type":"Feature","geometry":{"type":"MultiPolygon","coordinates":[[[[-99.45347,30.34873],[-99.42215,30.33311],[-99.07001,30.5605],[-99.16717,30.52299],[-99.46427,30.35564],[-99.45347,30.34873]]]]},"properties":{"layer":"aquifer","aquifer":"Ellenburger-San Saba","rank":"minor","code":"2","extent":"subsurface","source":"twdb-minor-aquifers-bbox"}},{"type":"Feature","geometry":{"type":"MultiPolygon","coordinates":[[[[-99.41183,30.3261],[-99.38853,30.30695],[-99.04841,30.55772],[-99.07001,30.5605],[-99.42215,30.33311],[-99.41183,30.3261]]]]},"properties":{"layer":"aquifer","aquifer":"Ellenburger-San Saba","rank":"minor","code":"2","extent":"subsurface","source":"twdb-minor-aquifers-bbox"}},{"type":"Feature","geometry":{"type":"MultiPolygon","coordinates":[[[[-99.37973,30.30009],[-99.3581,30.27905],[-99.12217,30.47737],[-99.04841,30.55772],[-99.38853,30.30695],[-99.37973,30.30009]]]]},"properties":{"layer":"aquifer","aquifer":"Ellenburger-San Saba","rank":"minor","code":"2","extent":"subsurface","source":"twdb-minor-aquifers-bbox"}},{"type":"Feature","geometry":{"type":"MultiPolygon","coordinates":[[[[-99.58607,30.46258],[-99.5746,30.44883],[-99.37829,30.51861],[-99.36496,30.55043],[-99.60289,30.4824],[-99.58607,30.46258]]]]},"properties":{"layer":"aquifer","aquifer":"Ellenburger-San Saba","rank":"minor","code":"2","extent":"subsurface","source":"twdb-minor-aquifers-bbox"}},{"type":"Feature","geometry":{"type":"MultiPolygon","coordinates":[[[[-99.53291,30.40446],[-99.50735,30.38043],[-99.17187,30.54371],[-99.38218,30.48219],[-99.54183,30.41452],[-99.53291,30.40446]]]]},"properties":{"layer":"aquifer","aquifer":"Ellenburger-San Saba","rank":"minor","code":"2","extent":"subsurface","source":"twdb-minor-aquifers-bbox"}},{"type":"Feature","geometry":{"type":"MultiPolygon","coordinates":[[[[-99.49909,30.37627],[-99.46427,30.35564],[-99.16717,30.52299],[-99.17187,30.54371],[-99.50735,30.38043],[-99.49909,30.37627]]]]},"properties":{"layer":"aquifer","aquifer":"Ellenburger-San Saba","rank":"minor","code":"2","extent":"subsurface","source":"twdb-minor-aquifers-bbox"}},{"type":"Feature","geometry":{"type":"MultiPolygon","coordinates":[[[[-98.14883,30.47164],[-98.14026,30.49245],[-98.25833,30.52516],[-98.28038,30.49435],[-98.1587,30.45296],[-98.14883,30.47164]]]]},"properties":{"layer":"aquifer","aquifer":"Ellenburger-San Saba","rank":"minor","code":"2","extent":"subsurface","source":"twdb-minor-aquifers-bbox"}},{"type":"Feature","geometry":{"type":"MultiPolygon","coordinates":[[[[-99.56371,30.43627],[-99.54183,30.41452],[-99.38218,30.48219],[-99.37829,30.51861],[-99.5746,30.44883],[-99.56371,30.43627]]]]},"properties":{"layer":"aquifer","aquifer":"Ellenburger-San Saba","rank":"minor","code":"2","extent":"subsurface","source":"twdb-minor-aquifers-bbox"}},{"type":"Feature","geometry":{"type":"MultiPolygon","coordinates":[[[[-99.32147,30.24398],[-99.29683,30.2229],[-99.03983,30.503],[-99.07695,30.49084],[-99.32843,30.25033],[-99.32147,30.24398]]]]},"properties":{"layer":"aquifer","aquifer":"Ellenburger-San Saba","rank":"minor","code":"2","extent":"subsurface","source":"twdb-minor-aquifers-bbox"}},{"type":"Feature","geometry":{"type":"MultiPolygon","coordinates":[[[[-99.02629,30.49255],[-99.03983,30.503],[-99.29683,30.2229],[-99.26308,30.19716],[-99.02629,30.49255]]]]},"properties":{"layer":"aquifer","aquifer":"Ellenburger-San Saba","rank":"minor","code":"2","extent":"subsurface","source":"twdb-minor-aquifers-bbox"}},{"type":"Feature","geometry":{"type":"MultiPolygon","coordinates":[[[[-98.1656,30.44052],[-98.1587,30.45296],[-98.28038,30.49435],[-98.30664,30.46618],[-98.18167,30.41537],[-98.1656,30.44052]]]]},"properties":{"layer":"aquifer","aquifer":"Ellenburger-San Saba","rank":"minor","code":"2","extent":"subsurface","source":"twdb-minor-aquifers-bbox"}},{"type":"Feature","geometry":{"type":"MultiPolygon","coordinates":[[[[-99.23864,30.1827],[-99.22561,30.17571],[-99.01158,30.4833],[-99.02629,30.49255],[-99.26308,30.19716],[-99.23864,30.1827]]]]},"properties":{"layer":"aquifer","aquifer":"Ellenburger-San Saba","rank":"minor","code":"2","extent":"subsurface","source":"twdb-minor-aquifers-bbox"}},{"type":"Feature","geometry":{"type":"MultiPolygon","coordinates":[[[[-99.3494,30.27018],[-99.32843,30.25033],[-99.07695,30.49084],[-99.12217,30.47737],[-99.3581,30.27905],[-99.3494,30.27018]]]]},"properties":{"layer":"aquifer","aquifer":"Ellenburger-San Saba","rank":"minor","code":"2","extent":"subsurface","source":"twdb-minor-aquifers-bbox"}},{"type":"Feature","geometry":{"type":"MultiPolygon","coordinates":[[[[-99.20038,30.1599],[-99.18865,30.15295],[-98.99771,30.47229],[-99.01158,30.4833],[-99.22561,30.17571],[-99.20038,30.1599]]]]},"properties":{"layer":"aquifer","aquifer":"Ellenburger-San Saba","rank":"minor","code":"2","extent":"subsurface","source":"twdb-minor-aquifers-bbox"}},{"type":"Feature","geometry":{"type":"MultiPolygon","coordinates":[[[[-98.19817,30.38245],[-98.18167,30.41537],[-98.30664,30.46618],[-98.26829,30.40849],[-98.20133,30.37651],[-98.19817,30.38245]]]]},"properties":{"layer":"aquifer","aquifer":"Ellenburger-San Saba","rank":"minor","code":"2","extent":"subsurface","source":"twdb-minor-aquifers-bbox"}},{"type":"Feature","geometry":{"type":"MultiPolygon","coordinates":[[[[-99.17181,30.14436],[-99.15045,30.13094],[-98.98338,30.46084],[-98.99771,30.47229],[-99.18865,30.15295],[-99.17181,30.14436]]]]},"properties":{"layer":"aquifer","aquifer":"Ellenburger-San Saba","rank":"minor","code":"2","extent":"subsurface","source":"twdb-minor-aquifers-bbox"}},{"type":"Feature","geometry":{"type":"MultiPolygon","coordinates":[[[[-99.13918,30.12344],[-99.11425,30.10158],[-98.9654,30.45597],[-98.98338,30.46084],[-99.15045,30.13094],[-99.13918,30.12344]]]]},"properties":{"layer":"aquifer","aquifer":"Ellenburger-San Saba","rank":"minor","code":"2","extent":"subsurface","source":"twdb-minor-aquifers-bbox"}},{"type":"Feature","geometry":{"type":"MultiPolygon","coordinates":[[[[-99.09898,30.08707],[-99.07888,30.06205],[-98.94874,30.44757],[-98.9654,30.45597],[-99.11425,30.10158],[-99.09898,30.08707]]]]},"properties":{"layer":"aquifer","aquifer":"Ellenburger-San Saba","rank":"minor","code":"2","extent":"subsurface","source":"twdb-minor-aquifers-bbox"}},{"type":"Feature","geometry":{"type":"MultiPolygon","coordinates":[[[[-99.06102,30.04565],[-99.03687,30.03107],[-98.93022,30.444],[-98.94874,30.44757],[-99.07888,30.06205],[-99.06102,30.04565]]]]},"properties":{"layer":"aquifer","aquifer":"Ellenburger-San Saba","rank":"minor","code":"2","extent":"subsurface","source":"twdb-minor-aquifers-bbox"}},{"type":"Feature","geometry":{"type":"MultiPolygon","coordinates":[[[[-99.01872,30.02417],[-99.0001,30.0179],[-99.0503,29.9788],[-99.0532,29.96751],[-99.02961,29.95686],[-99.00035,29.95125],[-98.91099,30.44432],[-98.93022,30.444],[-99.03687,30.03107],[-99.01872,30.02417]]]]},"properties":{"layer":"aquifer","aquifer":"Ellenburger-San Saba","rank":"minor","code":"2","extent":"subsurface","source":"twdb-minor-aquifers-bbox"}},{"type":"Feature","geometry":{"type":"MultiPolygon","coordinates":[[[[-98.94459,29.95],[-98.89232,30.44356],[-98.91099,30.44432],[-99.00035,29.95125],[-98.94459,29.95]]]]},"properties":{"layer":"aquifer","aquifer":"Ellenburger-San Saba","rank":"minor","code":"2","extent":"subsurface","source":"twdb-minor-aquifers-bbox"}},{"type":"Feature","geometry":{"type":"MultiPolygon","coordinates":[[[[-98.92865,29.95127],[-98.90276,29.96179],[-98.88857,29.97245],[-98.87422,30.42801],[-98.89232,30.44356],[-98.94459,29.95],[-98.92865,29.95127]]]]},"properties":{"layer":"aquifer","aquifer":"Ellenburger-San Saba","rank":"minor","code":"2","extent":"subsurface","source":"twdb-minor-aquifers-bbox"}},{"type":"Feature","geometry":{"type":"MultiPolygon","coordinates":[[[[-98.87875,29.98164],[-98.85249,30.00487],[-98.83688,30.01439],[-98.85429,30.42227],[-98.87422,30.42801],[-98.88857,29.97245],[-98.87875,29.98164]]]]},"properties":{"layer":"aquifer","aquifer":"Ellenburger-San Saba","rank":"minor","code":"2","extent":"subsurface","source":"twdb-minor-aquifers-bbox"}},{"type":"Feature","geometry":{"type":"MultiPolygon","coordinates":[[[[-98.81748,30.02439],[-98.7888,30.03609],[-98.83311,30.41393],[-98.85429,30.42227],[-98.83688,30.01439],[-98.81748,30.02439]]]]},"properties":{"layer":"aquifer","aquifer":"Ellenburger-San Saba","rank":"minor","code":"2","extent":"subsurface","source":"twdb-minor-aquifers-bbox"}},{"type":"Feature","geometry":{"type":"MultiPolygon","coordinates":[[[[-98.21149,30.3503],[-98.20133,30.37651],[-98.26829,30.40849],[-98.29773,30.37954],[-98.21776,30.33528],[-98.21149,30.3503]]]]},"properties":{"layer":"aquifer","aquifer":"Ellenburger-San Saba","rank":"minor","code":"2","extent":"subsurface","source":"twdb-minor-aquifers-bbox"}},{"type":"Feature","geometry":{"type":"MultiPolygon","coordinates":[[[[-98.77068,30.04089],[-98.74151,30.04841],[-98.80997,30.40347],[-98.83311,30.41393],[-98.7888,30.03609],[-98.77068,30.04089]]]]},"properties":{"layer":"aquifer","aquifer":"Ellenburger-San Saba","rank":"minor","code":"2","extent":"subsurface","source":"twdb-minor-aquifers-bbox"}},{"type":"Feature","geometry":{"type":"MultiPolygon","coordinates":[[[[-98.71492,30.05385],[-98.6927,30.05204],[-98.78426,30.39118],[-98.80997,30.40347],[-98.74151,30.04841],[-98.71492,30.05385]]]]},"properties":{"layer":"aquifer","aquifer":"Ellenburger-San Saba","rank":"minor","code":"2","extent":"subsurface","source":"twdb-minor-aquifers-bbox"}},{"type":"Feature","geometry":{"type":"MultiPolygon","coordinates":[[[[-98.55913,30.0193],[-98.50517,29.99833],[-98.7117,30.39651],[-98.73248,30.38493],[-98.57637,30.02361],[-98.55913,30.0193]]]]},"properties":{"layer":"aquifer","aquifer":"Ellenburger-San Saba","rank":"minor","code":"2","extent":"subsurface","source":"twdb-minor-aquifers-bbox"}},{"type":"Feature","geometry":{"type":"MultiPolygon","coordinates":[[[[-98.48801,29.99339],[-98.47045,29.98969],[-98.4361,29.98989],[-98.66944,30.37221],[-98.7117,30.39651],[-98.50517,29.99833],[-98.48801,29.99339]]]]},"properties":{"layer":"aquifer","aquifer":"Ellenburger-San Saba","rank":"minor","code":"2","extent":"subsurface","source":"twdb-minor-aquifers-bbox"}},{"type":"Feature","geometry":{"type":"MultiPolygon","coordinates":[[[[-98.6694,30.04939],[-98.63789,30.04117],[-98.75623,30.37984],[-98.78426,30.39118],[-98.6927,30.05204],[-98.6694,30.04939]]]]},"properties":{"layer":"aquifer","aquifer":"Ellenburger-San Saba","rank":"minor","code":"2","extent":"subsurface","source":"twdb-minor-aquifers-bbox"}},{"type":"Feature","geometry":{"type":"MultiPolygon","coordinates":[[[[-98.61845,30.03623],[-98.57637,30.02361],[-98.73248,30.38493],[-98.75623,30.37984],[-98.63789,30.04117],[-98.61845,30.03623]]]]},"properties":{"layer":"aquifer","aquifer":"Ellenburger-San Saba","rank":"minor","code":"2","extent":"subsurface","source":"twdb-minor-aquifers-bbox"}},{"type":"Feature","geometry":{"type":"MultiPolygon","coordinates":[[[[-98.23427,30.30193],[-98.21776,30.33528],[-98.29773,30.37954],[-98.28558,30.32511],[-98.23754,30.29455],[-98.23427,30.30193]]]]},"properties":{"layer":"aquifer","aquifer":"Ellenburger-San Saba","rank":"minor","code":"2","extent":"subsurface","source":"twdb-minor-aquifers-bbox"}},{"type":"Feature","geometry":{"type":"MultiPolygon","coordinates":[[[[-98.36198,30.37365],[-98.36494,30.36923],[-98.30875,30.3347],[-98.30657,30.33846],[-98.36198,30.37365]]]]},"properties":{"layer":"aquifer","aquifer":"Ellenburger-San Saba","rank":"minor","code":"2","extent":"subsurface","source":"twdb-minor-aquifers-bbox"}},{"type":"Feature","geometry":{"type":"MultiPolygon","coordinates":[[[[-98.41601,29.99406],[-98.40641,29.99786],[-98.38487,30.01547],[-98.59817,30.31661],[-98.66944,30.37221],[-98.4361,29.98989],[-98.41601,29.99406]]]]},"properties":{"layer":"aquifer","aquifer":"Ellenburger-San Saba","rank":"minor","code":"2","extent":"subsurface","source":"twdb-minor-aquifers-bbox"}},{"type":"Feature","geometry":{"type":"MultiPolygon","coordinates":[[[[-98.25163,30.2601],[-98.23754,30.29455],[-98.28558,30.32511],[-98.3131,30.29265],[-98.25585,30.25102],[-98.25163,30.2601]]]]},"properties":{"layer":"aquifer","aquifer":"Ellenburger-San Saba","rank":"minor","code":"2","extent":"subsurface","source":"twdb-minor-aquifers-bbox"}},{"type":"Feature","geometry":{"type":"MultiPolygon","coordinates":[[[[-98.37578,30.02344],[-98.3433,30.05331],[-98.51896,30.26899],[-98.59817,30.31661],[-98.38487,30.01547],[-98.37578,30.02344]]]]},"properties":{"layer":"aquifer","aquifer":"Ellenburger-San Saba","rank":"minor","code":"2","extent":"subsurface","source":"twdb-minor-aquifers-bbox"}},{"type":"Feature","geometry":{"type":"MultiPolygon","coordinates":[[[[-98.31107,30.11488],[-98.29404,30.15594],[-98.46008,30.3123],[-98.48425,30.28508],[-98.31477,30.10314],[-98.31107,30.11488]]]]},"properties":{"layer":"aquifer","aquifer":"Ellenburger-San Saba","rank":"minor","code":"2","extent":"subsurface","source":"twdb-minor-aquifers-bbox"}},{"type":"Feature","geometry":{"type":"MultiPolygon","coordinates":[[[[-98.28765,30.17082],[-98.27372,30.20432],[-98.35127,30.26855],[-98.46008,30.3123],[-98.29404,30.15594],[-98.28765,30.17082]]]]},"properties":{"layer":"aquifer","aquifer":"Ellenburger-San Saba","rank":"minor","code":"2","extent":"subsurface","source":"twdb-minor-aquifers-bbox"}},{"type":"Feature","geometry":{"type":"MultiPolygon","coordinates":[[[[-98.267,30.22417],[-98.25585,30.25102],[-98.3131,30.29265],[-98.35127,30.26855],[-98.27372,30.20432],[-98.267,30.22417]]]]},"properties":{"layer":"aquifer","aquifer":"Ellenburger-San Saba","rank":"minor","code":"2","extent":"subsurface","source":"twdb-minor-aquifers-bbox"}},{"type":"Feature","geometry":{"type":"MultiPolygon","coordinates":[[[[-98.33431,30.06577],[-98.32143,30.08497],[-98.31477,30.10314],[-98.48425,30.28508],[-98.51896,30.26899],[-98.3433,30.05331],[-98.33431,30.06577]]]]},"properties":{"layer":"aquifer","aquifer":"Ellenburger-San Saba","rank":"minor","code":"2","extent":"subsurface","source":"twdb-minor-aquifers-bbox"}},{"type":"Feature","geometry":{"type":"MultiPolygon","coordinates":[[[[-99.76809,30.32404],[-99.75064,30.30316],[-99.72289,30.27675],[-99.15959,30.55764],[-99.16533,30.5832],[-99.78189,30.34116],[-99.76809,30.32404]]]]},"properties":{"layer":"aquifer","aquifer":"Hickory","rank":"minor","code":"2","extent":"subsurface","source":"twdb-minor-aquifers-bbox"}},{"type":"Feature","geometry":{"type":"MultiPolygon","coordinates":[[[[-98.84258,30.1277],[-98.84965,30.1289],[-98.85288,30.12638],[-98.84681,30.12661],[-98.8448,30.12352],[-98.84121,30.12587],[-98.84258,30.1277]]]]},"properties":{"layer":"aquifer","aquifer":"Lipan","rank":"minor","code":"2","extent":"subsurface","source":"twdb-minor-aquifers-bbox"}}]}
