{"type":"FeatureCollection","features":[{"type":"Feature","geometry":{"type":"MultiLineString","coordinates":[[[-98.67361,30.97582],[-98.70218,30.94712],[-98.71254,30.9264]]]},"properties":{"layer":"fault","fault_type":"Normal"}},{"type":"Feature","geometry":{"type":"MultiLineString","coordinates":[[[-98.65985,30.9637],[-98.65234,30.97298]]]},"properties":{"layer":"fault","fault_type":"Normal"}},{"type":"Feature","geometry":{"type":"MultiLineString","coordinates":[[[-98.31068,30.7452],[-98.32211,30.7303],[-98.32282,30.72359],[-98.3307,30.71311]]]},"properties":{"layer":"fault","fault_type":"Normal"}},{"type":"Feature","geometry":{"type":"MultiLineString","coordinates":[[[-98.3307,30.71311],[-98.33541,30.70064]]]},"properties":{"layer":"fault","fault_type":"Normal"}},{"type":"Feature","geometry":{"type":"MultiLineString","coordinates":[[[-98.45334,30.7019],[-98.45646,30.69476]]]},"properties":{"layer":"fault","fault_type":"Unspecified"}},{"type":"Feature","geometry":{"type":"MultiLineString","coordinates":[[[-98.55028,30.65817],[-98.5524,30.66211]]]},"properties":{"layer":"fault","fault_type":"Unspecified"}},{"type":"Feature","geometry":{"type":"MultiLineString","coordinates":[[[-98.5524,30.66211],[-98.54481,30.67623]]]},"properties":{"layer":"fault","fault_type":"Normal"}},{"type":"Feature","geometry":{"type":"MultiLineString","coordinates":[[[-98.58179,30.64298],[-98.56844,30.65609]]]},"properties":{"layer":"fault","fault_type":"Unspecified"}},{"type":"Feature","geometry":{"type":"MultiLineString","coordinates":[[[-98.59625,30.63248],[-98.58313,30.64087]]]},"properties":{"layer":"fault","fault_type":"Unspecified"}},{"type":"Feature","geometry":{"type":"MultiLineString","coordinates":[[[-98.66518,30.63742],[-98.66473,30.64706],[-98.65118,30.66934]]]},"properties":{"layer":"fault","fault_type":"Normal"}},{"type":"Feature","geometry":{"type":"MultiLineString","coordinates":[[[-98.87162,30.53752],[-98.86563,30.54193]]]},"properties":{"layer":"fault","fault_type":"Unspecified"}},{"type":"Feature","geometry":{"type":"MultiLineString","coordinates":[[[-98.65234,30.97298],[-98.65608,30.96043]]]},"properties":{"layer":"fault","fault_type":"Normal"}},{"type":"Feature","geometry":{"type":"MultiLineString","coordinates":[[[-98.683,30.96222],[-98.6754,30.97083]]]},"properties":{"layer":"fault","fault_type":"Normal"}},{"type":"Feature","geometry":{"type":"MultiLineString","coordinates":[[[-98.68779,30.92733],[-98.68599,30.93252],[-98.6807,30.93666],[-98.67845,30.94241]]]},"properties":{"layer":"fault","fault_type":"Normal"}},{"type":"Feature","geometry":{"type":"MultiLineString","coordinates":[[[-98.63679,30.941],[-98.64449,30.94095]]]},"properties":{"layer":"fault","fault_type":"Normal"}},{"type":"Feature","geometry":{"type":"MultiLineString","coordinates":[[[-98.65024,30.9419],[-98.65567,30.93896]]]},"properties":{"layer":"fault","fault_type":"Normal"}},{"type":"Feature","geometry":{"type":"MultiLineString","coordinates":[[[-98.58397913425524,30.79803814483042],[-98.58146622211373,30.801504763479414]]]},"properties":{"layer":"fault","fault_type":"Normal"}},{"type":"Feature","geometry":{"type":"MultiLineString","coordinates":[[[-98.58185161643861,30.80246684867351],[-98.58385683671415,30.799876032540254]]]},"properties":{"layer":"fault","fault_type":"Normal"}},{"type":"Feature","geometry":{"type":"MultiLineString","coordinates":[[[-98.5986,30.86057],[-98.60322,30.87934]]]},"properties":{"layer":"fault","fault_type":"Normal"}},{"type":"Feature","geometry":{"type":"MultiLineString","coordinates":[[[-97.87938,29.97555],[-97.86269,30.00144]]]},"properties":{"layer":"fault","fault_type":"Normal"}},{"type":"Feature","geometry":{"type":"MultiLineString","coordinates":[[[-97.92965,29.99846],[-97.91855,30.00795],[-97.9047,30.0224],[-97.90212,30.03282]]]},"properties":{"layer":"fault","fault_type":"Normal"}},{"type":"Feature","geometry":{"type":"MultiLineString","coordinates":[[[-97.98369,29.96314],[-97.97996,29.96488],[-97.95545,29.98749],[-97.94784,29.9899],[-97.93511,29.99627],[-97.91674,30.01733],[-97.91012,30.02969]]]},"properties":{"layer":"fault","fault_type":"Normal"}},{"type":"Feature","geometry":{"type":"MultiLineString","coordinates":[[[-97.92846,29.99588],[-97.91903,30.00091]]]},"properties":{"layer":"fault","fault_type":"Normal"}},{"type":"Feature","geometry":{"type":"MultiLineString","coordinates":[[[-97.88813,30.1173],[-97.89195,30.12033],[-97.89177,30.12227]]]},"properties":{"layer":"fault","fault_type":"Normal"}},{"type":"Feature","geometry":{"type":"MultiLineString","coordinates":[[[-97.88668,30.12],[-97.89262,30.12321]]]},"properties":{"layer":"fault","fault_type":"Normal"}},{"type":"Feature","geometry":{"type":"MultiLineString","coordinates":[[[-97.89262297235075,30.12320572538427],[-97.88689966464013,30.128627620054477]]]},"properties":{"layer":"fault","fault_type":"Normal"}},{"type":"Feature","geometry":{"type":"MultiLineString","coordinates":[[[-97.88499,30.12316],[-97.88815,30.12505],[-97.88142,30.13057]]]},"properties":{"layer":"fault","fault_type":"Normal"}},{"type":"Feature","geometry":{"type":"MultiLineString","coordinates":[[[-97.86269,30.00144],[-97.84347,30.02589]]]},"properties":{"layer":"fault","fault_type":"Unspecified"}},{"type":"Feature","geometry":{"type":"MultiLineString","coordinates":[[[-97.8528,30.01428],[-97.85321,30.04666],[-97.85172,30.06725]]]},"properties":{"layer":"fault","fault_type":"Normal"}},{"type":"Feature","geometry":{"type":"MultiLineString","coordinates":[[[-97.81128,30.00297],[-97.78225,30.03486],[-97.7716,30.05372],[-97.75147,30.08399]]]},"properties":{"layer":"fault","fault_type":"Normal"}},{"type":"Feature","geometry":{"type":"MultiLineString","coordinates":[[[-97.90604,30.10352],[-97.89177,30.11379],[-97.88813,30.1173],[-97.88387,30.12554],[-97.87158,30.13637]]]},"properties":{"layer":"fault","fault_type":"Normal"}},{"type":"Feature","geometry":{"type":"MultiLineString","coordinates":[[[-97.93729,30.01185],[-97.92356,30.02055],[-97.90521,30.03995],[-97.89047,30.05781]]]},"properties":{"layer":"fault","fault_type":"Normal"}},{"type":"Feature","geometry":{"type":"MultiLineString","coordinates":[[[-97.91014,30.0207],[-97.9065,30.02478],[-97.90374,30.0311],[-97.8764,30.05754]]]},"properties":{"layer":"fault","fault_type":"Normal"}},{"type":"Feature","geometry":{"type":"MultiLineString","coordinates":[[[-97.75147,30.08399],[-97.74567,30.09035]]]},"properties":{"layer":"fault","fault_type":"Inferred Normal"}},{"type":"Feature","geometry":{"type":"MultiLineString","coordinates":[[[-97.80048,29.98824],[-97.77629,30.0239]]]},"properties":{"layer":"fault","fault_type":"Normal"}},{"type":"Feature","geometry":{"type":"MultiLineString","coordinates":[[[-97.7681,30.03076],[-97.75203,30.04699]],[[-97.77192530831857,30.026947749107244],[-97.76809738477199,30.030755900726657]],[[-97.76810606070102,30.03074876667662],[-97.76809738477199,30.030755900726657]]]},"properties":{"layer":"fault","fault_type":"Normal"}},{"type":"Feature","geometry":{"type":"MultiLineString","coordinates":[[[-97.68306,30.17109],[-97.71621,30.11928],[-97.72151,30.10624]],[[-97.72150529687221,30.10623882233738],[-97.7215050731917,30.106239279289607]],[[-97.74518,30.0566],[-97.72973,30.09323],[-97.72151,30.10624]]]},"properties":{"layer":"fault","fault_type":"Normal"}},{"type":"Feature","geometry":{"type":"MultiLineString","coordinates":[[[-97.93129,30.05677],[-97.92224,30.0662]]]},"properties":{"layer":"fault","fault_type":"Inferred Normal"}},{"type":"Feature","geometry":{"type":"MultiLineString","coordinates":[[[-97.92224,30.06619],[-97.90299,30.08794]]]},"properties":{"layer":"fault","fault_type":"Normal"}},{"type":"Feature","geometry":{"type":"MultiLineString","coordinates":[[[-97.90460776396714,30.09125596309627],[-97.90345683883187,30.087901955828315]]]},"properties":{"layer":"fault","fault_type":"Normal"}},{"type":"Feature","geometry":{"type":"MultiLineString","coordinates":[[[-97.90346,30.0879],[-97.89205,30.08878]]]},"properties":{"layer":"fault","fault_type":"Normal"}},{"type":"Feature","geometry":{"type":"MultiLineString","coordinates":[[[-97.8962,30.0853],[-97.85548,30.10997],[-97.84024,30.12172],[-97.83541,30.1269]]]},"properties":{"layer":"fault","fault_type":"Normal"}},{"type":"Feature","geometry":{"type":"MultiLineString","coordinates":[[[-97.89329,30.08726],[-97.87959,30.10405]]]},"properties":{"layer":"fault","fault_type":"Normal"}},{"type":"Feature","geometry":{"type":"MultiLineString","coordinates":[[[-97.89305740211373,30.08741179639433],[-97.88394259577775,30.086549053241217]]]},"properties":{"layer":"fault","fault_type":"Normal"}},{"type":"Feature","geometry":{"type":"MultiLineString","coordinates":[[[-97.88612,30.09598],[-97.88606,30.10576]]]},"properties":{"layer":"fault","fault_type":"Normal"}},{"type":"Feature","geometry":{"type":"MultiLineString","coordinates":[[[-97.8806928261514,30.069387522611105],[-97.8808926653695,30.07482917930181]]]},"properties":{"layer":"fault","fault_type":"Normal"}},{"type":"Feature","geometry":{"type":"MultiLineString","coordinates":[[[-97.88239,30.06814],[-97.87354,30.07465]]]},"properties":{"layer":"fault","fault_type":"Normal"}},{"type":"Feature","geometry":{"type":"MultiLineString","coordinates":[[[-97.90414,30.06849],[-97.91125,30.0583]]]},"properties":{"layer":"fault","fault_type":"Inferred Normal"}},{"type":"Feature","geometry":{"type":"MultiLineString","coordinates":[[[-97.90917,30.04389],[-97.89232,30.06467],[-97.87445,30.08037],[-97.85297,30.10508],[-97.84982,30.11106]]]},"properties":{"layer":"fault","fault_type":"Normal"}},{"type":"Feature","geometry":{"type":"MultiLineString","coordinates":[[[-97.85827,30.09909],[-97.88942,30.08333],[-97.89685,30.07701],[-97.90414,30.06849]]]},"properties":{"layer":"fault","fault_type":"Normal"}},{"type":"Feature","geometry":{"type":"MultiLineString","coordinates":[[[-97.8473,30.11281],[-97.84387,30.11898]]]},"properties":{"layer":"fault","fault_type":"Normal"}},{"type":"Feature","geometry":{"type":"MultiLineString","coordinates":[[[-97.8473,30.11281],[-97.83515,30.10758]],[[-97.83106,30.10575],[-97.83472,30.10745]]]},"properties":{"layer":"fault","fault_type":"Normal"}},{"type":"Feature","geometry":{"type":"MultiLineString","coordinates":[[[-97.83264,30.10197],[-97.8262,30.11678]]]},"properties":{"layer":"fault","fault_type":"Normal"}},{"type":"Feature","geometry":{"type":"MultiLineString","coordinates":[[[-97.83670679939988,30.0937072539256],[-97.83603599234293,30.09520913034816]]]},"properties":{"layer":"fault","fault_type":"Normal"}},{"type":"Feature","geometry":{"type":"MultiLineString","coordinates":[[[-97.88339,30.1095],[-97.87756,30.11795],[-97.86341,30.12477]]]},"properties":{"layer":"fault","fault_type":"Normal"}},{"type":"Feature","geometry":{"type":"MultiLineString","coordinates":[[[-97.86923,30.10465],[-97.86544,30.11045],[-97.85333,30.12243],[-97.85085,30.12775]],[[-97.86925947166037,30.10461676607446],[-97.869234953043,30.104651804312283]],[[-97.87289,30.09988],[-97.86923,30.10465]]]},"properties":{"layer":"fault","fault_type":"Normal"}},{"type":"Feature","geometry":{"type":"MultiLineString","coordinates":[[[-97.88331,30.08839],[-97.87881,30.09388],[-97.8624,30.10601]]]},"properties":{"layer":"fault","fault_type":"Normal"}},{"type":"Feature","geometry":{"type":"MultiLineString","coordinates":[[[-97.86908,30.10051],[-97.8473,30.11281]]]},"properties":{"layer":"fault","fault_type":"Normal"}},{"type":"Feature","geometry":{"type":"MultiLineString","coordinates":[[[-97.80019,30.12336],[-97.79415,30.12909]]]},"properties":{"layer":"fault","fault_type":"Normal"}},{"type":"Feature","geometry":{"type":"MultiLineString","coordinates":[[[-97.81245,30.11195],[-97.80379,30.11976]]]},"properties":{"layer":"fault","fault_type":"Normal"}},{"type":"Feature","geometry":{"type":"MultiLineString","coordinates":[[[-97.81102,30.10981],[-97.80898,30.11518]]]},"properties":{"layer":"fault","fault_type":"Normal"}},{"type":"Feature","geometry":{"type":"MultiLineString","coordinates":[[[-97.78934,30.07701],[-97.78633,30.09983]]]},"properties":{"layer":"fault","fault_type":"Normal"}},{"type":"Feature","geometry":{"type":"MultiLineString","coordinates":[[[-97.78515,30.10465],[-97.77999,30.11624]]]},"properties":{"layer":"fault","fault_type":"Normal"}},{"type":"Feature","geometry":{"type":"MultiLineString","coordinates":[[[-97.76738,30.13928],[-97.77728,30.12214]]]},"properties":{"layer":"fault","fault_type":"Normal"}},{"type":"Feature","geometry":{"type":"MultiLineString","coordinates":[[[-97.76199103811918,30.14707760223915],[-97.76436966380379,30.144601234433733]]]},"properties":{"layer":"fault","fault_type":"Normal"}},{"type":"Feature","geometry":{"type":"MultiLineString","coordinates":[[[-97.76496,30.17162],[-97.76345,30.18043]]]},"properties":{"layer":"fault","fault_type":"Normal"}},{"type":"Feature","geometry":{"type":"MultiLineString","coordinates":[[[-97.8615,30.1467],[-97.8477,30.163]]]},"properties":{"layer":"fault","fault_type":"Normal"}},{"type":"Feature","geometry":{"type":"MultiLineString","coordinates":[[[-97.86331,30.14797],[-97.856,30.16907]]]},"properties":{"layer":"fault","fault_type":"Normal"}},{"type":"Feature","geometry":{"type":"MultiLineString","coordinates":[[[-97.85851,30.16009],[-97.84382,30.17962],[-97.83965,30.18848]]]},"properties":{"layer":"fault","fault_type":"Normal"}},{"type":"Feature","geometry":{"type":"MultiLineString","coordinates":[[[-97.84288202168217,30.141942011354214],[-97.84117016333066,30.146400261906003]]]},"properties":{"layer":"fault","fault_type":"Normal"}},{"type":"Feature","geometry":{"type":"MultiLineString","coordinates":[[[-97.84438,30.14306],[-97.83804,30.15019],[-97.83288,30.15884]]]},"properties":{"layer":"fault","fault_type":"Normal"}},{"type":"Feature","geometry":{"type":"MultiLineString","coordinates":[[[-97.8461,30.14478],[-97.82937,30.16301]]]},"properties":{"layer":"fault","fault_type":"Normal"}},{"type":"Feature","geometry":{"type":"MultiLineString","coordinates":[[[-97.82755,30.16636],[-97.81254,30.18451]]]},"properties":{"layer":"fault","fault_type":"Normal"}},{"type":"Feature","geometry":{"type":"MultiLineString","coordinates":[[[-97.86247,30.17075],[-97.83209,30.19355],[-97.82323,30.20128],[-97.81405,30.2122]]]},"properties":{"layer":"fault","fault_type":"Normal"}},{"type":"Feature","geometry":{"type":"MultiLineString","coordinates":[[[-97.85175,30.18936],[-97.84539,30.19238],[-97.82681,30.20814],[-97.81334,30.22057],[-97.80857,30.22737]]]},"properties":{"layer":"fault","fault_type":"Normal"}},{"type":"Feature","geometry":{"type":"MultiLineString","coordinates":[[[-97.85043,30.18996],[-97.84459,30.20205]]]},"properties":{"layer":"fault","fault_type":"Normal"}},{"type":"Feature","geometry":{"type":"MultiLineString","coordinates":[[[-97.81465317624273,30.223969664743915],[-97.81155266888737,30.227155537220444]],[[-97.85312,30.17811],[-97.8417,30.2015],[-97.8166,30.22227]]]},"properties":{"layer":"fault","fault_type":"Normal"}},{"type":"Feature","geometry":{"type":"MultiLineString","coordinates":[[[-97.8255,30.21519],[-97.81729,30.21696]]]},"properties":{"layer":"fault","fault_type":"Normal"}},{"type":"Feature","geometry":{"type":"MultiLineString","coordinates":[[[-97.83737,30.18364],[-97.83142,30.19099],[-97.80585,30.21621]]]},"properties":{"layer":"fault","fault_type":"Normal"}},{"type":"Feature","geometry":{"type":"MultiLineString","coordinates":[[[-97.81669,30.20507],[-97.79632,30.21517]]]},"properties":{"layer":"fault","fault_type":"Normal"}},{"type":"Feature","geometry":{"type":"MultiLineString","coordinates":[[[-97.8151,30.19721],[-97.80411,30.20692],[-97.7935,30.21356]]]},"properties":{"layer":"fault","fault_type":"Normal"}},{"type":"Feature","geometry":{"type":"MultiLineString","coordinates":[[[-97.81773341041877,30.20773681909308],[-97.81592251819708,30.205791435063713]]]},"properties":{"layer":"fault","fault_type":"Normal"}},{"type":"Feature","geometry":{"type":"MultiLineString","coordinates":[[[-97.94646,30.11601],[-97.93659,30.12341]]]},"properties":{"layer":"fault","fault_type":"Normal"}},{"type":"Feature","geometry":{"type":"MultiLineString","coordinates":[[[-97.95581,30.1529],[-97.93674,30.16711],[-97.91687,30.18804]]]},"properties":{"layer":"fault","fault_type":"Normal"}},{"type":"Feature","geometry":{"type":"MultiLineString","coordinates":[[[-97.92724,30.16042],[-97.91571,30.1776]]]},"properties":{"layer":"fault","fault_type":"Normal"}},{"type":"Feature","geometry":{"type":"MultiLineString","coordinates":[[[-97.89825,30.18918],[-97.89186,30.19691]]]},"properties":{"layer":"fault","fault_type":"Inferred Normal"}},{"type":"Feature","geometry":{"type":"MultiLineString","coordinates":[[[-97.89186,30.19691],[-97.88602,30.20396],[-97.88095,30.21328],[-97.86432,30.23237]]]},"properties":{"layer":"fault","fault_type":"Normal"}},{"type":"Feature","geometry":{"type":"MultiLineString","coordinates":[[[-97.85915,30.23628],[-97.84704,30.24692],[-97.83408,30.26098],[-97.82456,30.26478],[-97.80727,30.28263],[-97.78598,30.30074]]]},"properties":{"layer":"fault","fault_type":"Normal"}},{"type":"Feature","geometry":{"type":"MultiLineString","coordinates":[[[-97.73869502336453,30.235709557111257],[-97.7298762262877,30.244448897916357]]]},"properties":{"layer":"fault","fault_type":"Normal"}},{"type":"Feature","geometry":{"type":"MultiLineString","coordinates":[[[-97.75271,30.22189],[-97.74402,30.23086]]]},"properties":{"layer":"fault","fault_type":"Normal"}},{"type":"Feature","geometry":{"type":"MultiLineString","coordinates":[[[-97.77671,30.2351],[-97.76582,30.24249],[-97.74962,30.2576]]]},"properties":{"layer":"fault","fault_type":"Normal"}},{"type":"Feature","geometry":{"type":"MultiLineString","coordinates":[[[-97.78166,30.23873],[-97.77063,30.24551],[-97.75721,30.26036]]]},"properties":{"layer":"fault","fault_type":"Normal"}},{"type":"Feature","geometry":{"type":"MultiLineString","coordinates":[[[-97.7612826967547,30.255914719740062],[-97.75197627617537,30.258750678746786]]]},"properties":{"layer":"fault","fault_type":"Normal"}},{"type":"Feature","geometry":{"type":"MultiLineString","coordinates":[[[-97.80395,30.23505],[-97.79753,30.24217],[-97.78199,30.25321],[-97.77459,30.26205]]]},"properties":{"layer":"fault","fault_type":"Normal"}},{"type":"Feature","geometry":{"type":"MultiLineString","coordinates":[[[-97.7776,30.24956],[-97.76871,30.26137]],[[-97.77763072518201,30.249526754213502],[-97.77760131972947,30.24956344117636]],[[-97.7789006052272,30.247475956267014],[-97.77760131972947,30.24956344117636]]]},"properties":{"layer":"fault","fault_type":"Normal"}},{"type":"Feature","geometry":{"type":"MultiLineString","coordinates":[[[-97.79113,30.2555],[-97.78415,30.26666]]]},"properties":{"layer":"fault","fault_type":"Normal"}},{"type":"Feature","geometry":{"type":"MultiLineString","coordinates":[[[-97.78816,30.25804],[-97.77768,30.26647]]]},"properties":{"layer":"fault","fault_type":"Normal"}},{"type":"Feature","geometry":{"type":"MultiLineString","coordinates":[[[-97.78816279096532,30.2580375165262],[-97.78120008125045,30.266622496232763]]]},"properties":{"layer":"fault","fault_type":"Normal"}},{"type":"Feature","geometry":{"type":"MultiLineString","coordinates":[[[-97.8024,30.24448],[-97.80102,30.24966],[-97.79678,30.25565]]]},"properties":{"layer":"fault","fault_type":"Normal"}},{"type":"Feature","geometry":{"type":"MultiLineString","coordinates":[[[-97.81968,30.25874],[-97.81299,30.26659],[-97.8025,30.27484],[-97.78799,30.29321]]]},"properties":{"layer":"fault","fault_type":"Normal"}},{"type":"Feature","geometry":{"type":"MultiLineString","coordinates":[[[-97.81192,30.24892],[-97.81005,30.25864],[-97.79359,30.27352],[-97.78463,30.28394]]]},"properties":{"layer":"fault","fault_type":"Normal"}},{"type":"Feature","geometry":{"type":"MultiLineString","coordinates":[[[-97.81292,30.24839],[-97.78952,30.26625],[-97.78001,30.27915]]]},"properties":{"layer":"fault","fault_type":"Normal"}},{"type":"Feature","geometry":{"type":"MultiLineString","coordinates":[[[-97.82131,30.23788],[-97.82112,30.24824],[-97.82252,30.2557]]]},"properties":{"layer":"fault","fault_type":"Normal"}},{"type":"Feature","geometry":{"type":"MultiLineString","coordinates":[[[-97.82252,30.2557],[-97.8241,30.25833]]]},"properties":{"layer":"fault","fault_type":"Inferred Normal"}},{"type":"Feature","geometry":{"type":"MultiLineString","coordinates":[[[-97.82128,30.24576],[-97.81393,30.2507]]]},"properties":{"layer":"fault","fault_type":"Normal"}},{"type":"Feature","geometry":{"type":"MultiLineString","coordinates":[[[-97.81862956705126,30.260060196670015],[-97.8106714593229,30.26086209757907]]]},"properties":{"layer":"fault","fault_type":"Normal"}},{"type":"Feature","geometry":{"type":"MultiLineString","coordinates":[[[-97.81077017159619,30.256569089315633],[-97.8106714593229,30.26086209757907]]]},"properties":{"layer":"fault","fault_type":"Normal"}},{"type":"Feature","geometry":{"type":"MultiLineString","coordinates":[[[-97.64105,30.27258],[-97.63732,30.27615]]]},"properties":{"layer":"fault","fault_type":"Normal"}},{"type":"Feature","geometry":{"type":"MultiLineString","coordinates":[[[-97.6569,30.34343],[-97.63824,30.33092],[-97.60887,30.30838]]]},"properties":{"layer":"fault","fault_type":"Concealed Normal"}},{"type":"Feature","geometry":{"type":"MultiLineString","coordinates":[[[-97.70948,30.27556],[-97.70576,30.27797]]]},"properties":{"layer":"fault","fault_type":"Normal"}},{"type":"Feature","geometry":{"type":"MultiLineString","coordinates":[[[-97.74926,30.2731],[-97.74366,30.27758],[-97.73757,30.29509]]]},"properties":{"layer":"fault","fault_type":"Normal"}},{"type":"Feature","geometry":{"type":"MultiLineString","coordinates":[[[-97.73883,30.27573],[-97.73396,30.29453]]]},"properties":{"layer":"fault","fault_type":"Normal"}},{"type":"Feature","geometry":{"type":"MultiLineString","coordinates":[[[-97.74232,30.26538],[-97.73982,30.27371]]]},"properties":{"layer":"fault","fault_type":"Normal"}},{"type":"Feature","geometry":{"type":"MultiLineString","coordinates":[[[-97.77567,30.31297],[-97.76933,30.31881],[-97.75151,30.34278]]]},"properties":{"layer":"fault","fault_type":"Normal"}},{"type":"Feature","geometry":{"type":"MultiLineString","coordinates":[[[-97.76582,30.32394],[-97.75586,30.32803],[-97.74871,30.33337]]]},"properties":{"layer":"fault","fault_type":"Normal"}},{"type":"Feature","geometry":{"type":"MultiLineString","coordinates":[[[-97.75755,30.3061],[-97.75691,30.32754]]]},"properties":{"layer":"fault","fault_type":"Normal"}},{"type":"Feature","geometry":{"type":"MultiLineString","coordinates":[[[-97.74932,30.3273],[-97.74835,30.3387]]]},"properties":{"layer":"fault","fault_type":"Normal"}},{"type":"Feature","geometry":{"type":"MultiLineString","coordinates":[[[-97.74474,30.35635],[-97.76247,30.3751]]]},"properties":{"layer":"fault","fault_type":"Concealed Normal"}},{"type":"Feature","geometry":{"type":"MultiLineString","coordinates":[[[-97.68753,30.43959],[-97.68675,30.4521],[-97.68248,30.46321],[-97.67381,30.48177],[-97.66708,30.49015],[-97.66034,30.50558]]]},"properties":{"layer":"fault","fault_type":"Normal"}},{"type":"Feature","geometry":{"type":"MultiLineString","coordinates":[[[-97.71016,30.42185],[-97.69297,30.42958],[-97.67007,30.47094]]]},"properties":{"layer":"fault","fault_type":"Normal"}},{"type":"Feature","geometry":{"type":"MultiLineString","coordinates":[[[-97.67007,30.47094],[-97.66797,30.47418]]]},"properties":{"layer":"fault","fault_type":"Inferred Normal"}},{"type":"Feature","geometry":{"type":"MultiLineString","coordinates":[[[-97.72697,30.43353],[-97.72337,30.44433],[-97.71691,30.45623],[-97.69971,30.47195],[-97.69035,30.48923],[-97.67823,30.50455]]]},"properties":{"layer":"fault","fault_type":"Normal"}},{"type":"Feature","geometry":{"type":"MultiLineString","coordinates":[[[-97.65291,30.51761],[-97.64405,30.53054]]]},"properties":{"layer":"fault","fault_type":"Normal"}},{"type":"Feature","geometry":{"type":"MultiLineString","coordinates":[[[-97.74305,30.36115],[-97.73949,30.37258],[-97.73802,30.38261],[-97.73152,30.39591],[-97.71938,30.41301],[-97.70702,30.42474],[-97.70291,30.43047],[-97.69318,30.46526],[-97.68219,30.4856],[-97.67789,30.50566]]]},"properties":{"layer":"fault","fault_type":"Normal"}},{"type":"Feature","geometry":{"type":"MultiLineString","coordinates":[[[-97.70558,30.30912],[-97.70307,30.31349]]]},"properties":{"layer":"fault","fault_type":"Normal"}},{"type":"Feature","geometry":{"type":"MultiLineString","coordinates":[[[-97.6955,30.31428],[-97.69149,30.31542]]]},"properties":{"layer":"fault","fault_type":"Normal"}},{"type":"Feature","geometry":{"type":"MultiLineString","coordinates":[[[-97.68803,30.31624],[-97.68454,30.31733]]]},"properties":{"layer":"fault","fault_type":"Normal"}},{"type":"Feature","geometry":{"type":"MultiLineString","coordinates":[[[-99.46442,30.92745],[-99.45689,30.9361]]]},"properties":{"layer":"fault","fault_type":"Normal"}},{"type":"Feature","geometry":{"type":"MultiLineString","coordinates":[[[-99.4561110089895,30.93686948504457],[-99.45014137514313,30.943128307128607]]]},"properties":{"layer":"fault","fault_type":"Normal"}},{"type":"Feature","geometry":{"type":"MultiLineString","coordinates":[[[-99.44937,30.94403],[-99.44517,30.95015]]]},"properties":{"layer":"fault","fault_type":"Normal"}},{"type":"Feature","geometry":{"type":"MultiLineString","coordinates":[[[-99.43235,30.97033],[-99.43921,30.96129]]]},"properties":{"layer":"fault","fault_type":"Normal"}},{"type":"Feature","geometry":{"type":"MultiLineString","coordinates":[[[-99.41973,30.98514],[-99.42394,30.98071]]]},"properties":{"layer":"fault","fault_type":"Unspecified"}},{"type":"Feature","geometry":{"type":"MultiLineString","coordinates":[[[-99.35174,30.86748],[-99.34609,30.87181]]]},"properties":{"layer":"fault","fault_type":"Normal"}},{"type":"Feature","geometry":{"type":"MultiLineString","coordinates":[[[-99.36233,30.87465],[-99.34843,30.87857],[-99.34457,30.88237]]]},"properties":{"layer":"fault","fault_type":"Normal"}},{"type":"Feature","geometry":{"type":"MultiLineString","coordinates":[[[-99.37882591507923,30.868087233620145],[-99.37099292021206,30.872704096255738]]]},"properties":{"layer":"fault","fault_type":"Normal"}},{"type":"Feature","geometry":{"type":"MultiLineString","coordinates":[[[-99.27668,30.92163],[-99.29191,30.91408],[-99.3111,30.89688],[-99.31662,30.89131],[-99.31912,30.88675]]]},"properties":{"layer":"fault","fault_type":"Normal"}},{"type":"Feature","geometry":{"type":"MultiLineString","coordinates":[[[-99.28699,30.93153],[-99.28739,30.92991],[-99.29585,30.92286],[-99.30128,30.91391],[-99.30774,30.90835],[-99.32613,30.88702]]]},"properties":{"layer":"fault","fault_type":"Normal"}},{"type":"Feature","geometry":{"type":"MultiLineString","coordinates":[[[-98.07887,30.05504],[-98.0826,30.05169],[-98.09664,30.04392]]]},"properties":{"layer":"fault","fault_type":"Normal"}},{"type":"Feature","geometry":{"type":"MultiLineString","coordinates":[[[-98.17922,29.96714],[-98.16193,29.98139],[-98.15104,29.98748],[-98.14287,29.99907],[-98.12144,30.02299]]]},"properties":{"layer":"fault","fault_type":"Normal"}},{"type":"Feature","geometry":{"type":"MultiLineString","coordinates":[[[-98.24873,29.97228],[-98.23527,29.9737],[-98.21634,29.98293],[-98.20444,29.98619],[-98.1948,29.99392],[-98.1653,30.0041],[-98.15422,30.01395],[-98.13677,30.02127],[-98.12766,30.02946]]]},"properties":{"layer":"fault","fault_type":"Normal"}},{"type":"Feature","geometry":{"type":"MultiLineString","coordinates":[[[-98.16111,30.01584],[-98.14253,30.02904],[-98.13886,30.03471]]]},"properties":{"layer":"fault","fault_type":"Normal"}},{"type":"Feature","geometry":{"type":"MultiLineString","coordinates":[[[-98.06671,30.01791],[-98.06925,30.01249],[-98.07892,30.00299]]]},"properties":{"layer":"fault","fault_type":"Normal"}},{"type":"Feature","geometry":{"type":"MultiLineString","coordinates":[[[-98.37855,30.07509],[-98.39109,30.0557],[-98.40003,30.04738]]]},"properties":{"layer":"fault","fault_type":"Normal"}},{"type":"Feature","geometry":{"type":"MultiLineString","coordinates":[[[-98.37410569130726,30.08082756013896],[-98.37466367265947,30.07977523779866]]]},"properties":{"layer":"fault","fault_type":"Normal"}},{"type":"Feature","geometry":{"type":"MultiLineString","coordinates":[[[-98.01539708497565,30.38803041032327],[-98.01530946330284,30.393484641851625]]]},"properties":{"layer":"fault","fault_type":"Normal"}},{"type":"Feature","geometry":{"type":"MultiLineString","coordinates":[[[-98.01964,30.38806],[-98.0147,30.4006]]]},"properties":{"layer":"fault","fault_type":"Normal"}},{"type":"Feature","geometry":{"type":"MultiLineString","coordinates":[[[-98.02844,30.37588],[-98.02163,30.38569]]]},"properties":{"layer":"fault","fault_type":"Normal"}},{"type":"Feature","geometry":{"type":"MultiLineString","coordinates":[[[-98.01668,30.40185],[-98.01426,30.41037]]]},"properties":{"layer":"fault","fault_type":"Normal"}},{"type":"Feature","geometry":{"type":"MultiLineString","coordinates":[[[-98.01116,30.41684],[-98.0078,30.42065],[-98.00689,30.42371],[-98.00676,30.44596]]]},"properties":{"layer":"fault","fault_type":"Normal"}},{"type":"Feature","geometry":{"type":"MultiLineString","coordinates":[[[-98.06455,30.28064],[-98.06433,30.28769],[-98.05776,30.30016],[-98.0502,30.32227],[-98.03874,30.34053],[-98.03711,30.35441],[-98.03459,30.36277]]]},"properties":{"layer":"fault","fault_type":"Normal"}},{"type":"Feature","geometry":{"type":"MultiLineString","coordinates":[[[-98.85579,30.11414],[-98.84745,30.11988],[-98.83772,30.13027],[-98.82744,30.13628]]]},"properties":{"layer":"fault","fault_type":"Normal"}},{"type":"Feature","geometry":{"type":"MultiLineString","coordinates":[[[-99.79537,30.26817],[-99.77357,30.27061]]]},"properties":{"layer":"fault","fault_type":"Normal"}},{"type":"Feature","geometry":{"type":"MultiLineString","coordinates":[[[-98.74645,30.22766],[-98.74723,30.22661]]]},"properties":{"layer":"fault","fault_type":"Normal"}},{"type":"Feature","geometry":{"type":"MultiLineString","coordinates":[[[-98.73747,30.24059],[-98.73825,30.24011]]]},"properties":{"layer":"fault","fault_type":"Unspecified"}},{"type":"Feature","geometry":{"type":"MultiLineString","coordinates":[[[-98.73327,30.24442],[-98.73548,30.24327]]]},"properties":{"layer":"fault","fault_type":"Unspecified"}},{"type":"Feature","geometry":{"type":"MultiLineString","coordinates":[[[-98.72573,30.25265],[-98.72972,30.24997]]]},"properties":{"layer":"fault","fault_type":"Normal"}},{"type":"Feature","geometry":{"type":"MultiLineString","coordinates":[[[-98.71076,30.2719],[-98.71397,30.26213],[-98.72352,30.25437]]]},"properties":{"layer":"fault","fault_type":"Normal"}},{"type":"Feature","geometry":{"type":"MultiLineString","coordinates":[[[-99.32582,30.89479],[-99.31862,30.90241],[-99.31587,30.90896],[-99.301,30.92093],[-99.29341,30.92532]]]},"properties":{"layer":"fault","fault_type":"Normal"}},{"type":"Feature","geometry":{"type":"MultiLineString","coordinates":[[[-99.27445,30.94196],[-99.26434,30.9424]]]},"properties":{"layer":"fault","fault_type":"Unspecified"}},{"type":"Feature","geometry":{"type":"MultiLineString","coordinates":[[[-99.30039011522264,30.90510855860753],[-99.30260399976561,30.901842908989696]]]},"properties":{"layer":"fault","fault_type":"Normal"}},{"type":"Feature","geometry":{"type":"MultiLineString","coordinates":[[[-99.30659694113494,30.96860584227767],[-99.3107582564329,30.970864513311223]]]},"properties":{"layer":"fault","fault_type":"Unspecified"}},{"type":"Feature","geometry":{"type":"MultiLineString","coordinates":[[[-99.31751149249824,30.962884172747703],[-99.29451822526569,30.967649574481225]]]},"properties":{"layer":"fault","fault_type":"Normal"}},{"type":"Feature","geometry":{"type":"MultiLineString","coordinates":[[[-99.31639,30.96951],[-99.32063,30.96857]]]},"properties":{"layer":"fault","fault_type":"Normal"}},{"type":"Feature","geometry":{"type":"MultiLineString","coordinates":[[[-99.3191,30.97308],[-99.31595,30.97124]]]},"properties":{"layer":"fault","fault_type":"Normal"}},{"type":"Feature","geometry":{"type":"MultiLineString","coordinates":[[[-99.28072,30.9709],[-99.26476,30.97135],[-99.25095,30.97577]]]},"properties":{"layer":"fault","fault_type":"Normal"}},{"type":"Feature","geometry":{"type":"MultiLineString","coordinates":[[[-99.23661,30.92651],[-99.23753,30.91486],[-99.23635,30.91176],[-99.23648,30.90566]]]},"properties":{"layer":"fault","fault_type":"Normal"}},{"type":"Feature","geometry":{"type":"MultiLineString","coordinates":[[[-99.22528,30.95852],[-99.23247,30.94335],[-99.2373,30.93765],[-99.23936,30.91751]]]},"properties":{"layer":"fault","fault_type":"Normal"}},{"type":"Feature","geometry":{"type":"MultiLineString","coordinates":[[[-99.24065,30.89829],[-99.24239,30.92633],[-99.24021,30.94091],[-99.23178,30.95466],[-99.22528,30.95852]]]},"properties":{"layer":"fault","fault_type":"Normal"}},{"type":"Feature","geometry":{"type":"MultiLineString","coordinates":[[[-99.19664,30.9921],[-99.2092,30.97471],[-99.22528,30.95852]]]},"properties":{"layer":"fault","fault_type":"Normal"}},{"type":"Feature","geometry":{"type":"MultiLineString","coordinates":[[[-99.20629,31.01423],[-99.21503,31.00049],[-99.22833,30.96994]]]},"properties":{"layer":"fault","fault_type":"Normal"}},{"type":"Feature","geometry":{"type":"MultiLineString","coordinates":[[[-99.08157,31.00069],[-99.07983,30.99807]]]},"properties":{"layer":"fault","fault_type":"Unspecified"}},{"type":"Feature","geometry":{"type":"MultiLineString","coordinates":[[[-98.94563,30.92328],[-98.96931,30.94525]]]},"properties":{"layer":"fault","fault_type":"Normal"}},{"type":"Feature","geometry":{"type":"MultiLineString","coordinates":[[[-99.10551,30.86284],[-99.11907,30.86244],[-99.13807,30.86517]]]},"properties":{"layer":"fault","fault_type":"Normal"}},{"type":"Feature","geometry":{"type":"MultiLineString","coordinates":[[[-99.34315,30.79664],[-99.3283,30.80723]]]},"properties":{"layer":"fault","fault_type":"Normal"}},{"type":"Feature","geometry":{"type":"MultiLineString","coordinates":[[[-99.08832,30.93467],[-99.08589,30.93799]]]},"properties":{"layer":"fault","fault_type":"Unspecified"}},{"type":"Feature","geometry":{"type":"MultiLineString","coordinates":[[[-99.26499,30.82046],[-99.25727,30.83251],[-99.25529,30.83904]]]},"properties":{"layer":"fault","fault_type":"Normal"}},{"type":"Feature","geometry":{"type":"MultiLineString","coordinates":[[[-99.2424693085961,30.868213777631965],[-99.24047937495178,30.872628777144616]]]},"properties":{"layer":"fault","fault_type":"Normal"}},{"type":"Feature","geometry":{"type":"MultiLineString","coordinates":[[[-99.2381746312077,30.87885390710018],[-99.23789917180898,30.883368268726894]]]},"properties":{"layer":"fault","fault_type":"Unspecified"}},{"type":"Feature","geometry":{"type":"MultiLineString","coordinates":[[[-99.12191,31.00091],[-99.12057,30.99267],[-99.12122,30.98193]]]},"properties":{"layer":"fault","fault_type":"Normal"}},{"type":"Feature","geometry":{"type":"MultiLineString","coordinates":[[[-99.12179,30.9943],[-99.11901,30.99267]]]},"properties":{"layer":"fault","fault_type":"Unspecified"}},{"type":"Feature","geometry":{"type":"MultiLineString","coordinates":[[[-99.11901,30.99267],[-99.11767,30.9944],[-99.11753,31.00037]]]},"properties":{"layer":"fault","fault_type":"Unspecified"}},{"type":"Feature","geometry":{"type":"MultiLineString","coordinates":[[[-99.09562,30.9831],[-99.11666,30.96926],[-99.11959,30.96378],[-99.13084,30.95336]]]},"properties":{"layer":"fault","fault_type":"Normal"}},{"type":"Feature","geometry":{"type":"MultiLineString","coordinates":[[[-99.11367,30.97102],[-99.11849,30.96036]]]},"properties":{"layer":"fault","fault_type":"Normal"}},{"type":"Feature","geometry":{"type":"MultiLineString","coordinates":[[[-99.10741,30.97177],[-99.11321,30.96324]]]},"properties":{"layer":"fault","fault_type":"Normal"}},{"type":"Feature","geometry":{"type":"MultiLineString","coordinates":[[[-99.12204,30.92995],[-99.11961,30.94184],[-99.11706,30.94782],[-99.10718,30.96353]]]},"properties":{"layer":"fault","fault_type":"Normal"}},{"type":"Feature","geometry":{"type":"MultiLineString","coordinates":[[[-99.11416,30.93772],[-99.10494,30.95221],[-99.10169,30.95521]]]},"properties":{"layer":"fault","fault_type":"Normal"}},{"type":"Feature","geometry":{"type":"MultiLineString","coordinates":[[[-99.10959354358323,30.936481534174096],[-99.10871313082443,30.944921184753486]]]},"properties":{"layer":"fault","fault_type":"Normal"}},{"type":"Feature","geometry":{"type":"MultiLineString","coordinates":[[[-99.11744,30.91151],[-99.11602,30.91921],[-99.11037,30.93428]]]},"properties":{"layer":"fault","fault_type":"Normal"}},{"type":"Feature","geometry":{"type":"MultiLineString","coordinates":[[[-99.12268,30.90425],[-99.12091,30.9148],[-99.11869,30.91864],[-99.11904,30.92947],[-99.1156,30.9359]]]},"properties":{"layer":"fault","fault_type":"Normal"}},{"type":"Feature","geometry":{"type":"MultiLineString","coordinates":[[[-99.12568,30.90815],[-99.12513,30.90482]]]},"properties":{"layer":"fault","fault_type":"Normal"}},{"type":"Feature","geometry":{"type":"MultiLineString","coordinates":[[[-99.12535,30.9031],[-99.12666,30.89082]]]},"properties":{"layer":"fault","fault_type":"Normal"}},{"type":"Feature","geometry":{"type":"MultiLineString","coordinates":[[[-99.15785532740668,30.863853604590158],[-99.15945856147403,30.861497253134385]]]},"properties":{"layer":"fault","fault_type":"Unspecified"}},{"type":"Feature","geometry":{"type":"MultiLineString","coordinates":[[[-99.15849,30.86116],[-99.16033,30.85477],[-99.16598,30.84582],[-99.16595,30.84339]]]},"properties":{"layer":"fault","fault_type":"Unspecified"}},{"type":"Feature","geometry":{"type":"MultiLineString","coordinates":[[[-99.15973,30.85127],[-99.14953,30.86759],[-99.13954,30.87619],[-99.13267,30.89091],[-99.13096,30.89793]]]},"properties":{"layer":"fault","fault_type":"Unspecified"}},{"type":"Feature","geometry":{"type":"MultiLineString","coordinates":[[[-98.70117,30.26526],[-98.70584,30.26374]]]},"properties":{"layer":"fault","fault_type":"Unspecified"}},{"type":"Feature","geometry":{"type":"MultiLineString","coordinates":[[[-98.69896,30.26468],[-98.70627,30.25752]]]},"properties":{"layer":"fault","fault_type":"Normal"}},{"type":"Feature","geometry":{"type":"MultiLineString","coordinates":[[[-98.67108,30.27804],[-98.66732,30.27841]]]},"properties":{"layer":"fault","fault_type":"Normal"}},{"type":"Feature","geometry":{"type":"MultiLineString","coordinates":[[[-98.65738,30.27666],[-98.67263,30.27574]]]},"properties":{"layer":"fault","fault_type":"Normal"}},{"type":"Feature","geometry":{"type":"MultiLineString","coordinates":[[[-98.65073,30.23699],[-98.64735,30.23904]]]},"properties":{"layer":"fault","fault_type":"Unspecified"}},{"type":"Feature","geometry":{"type":"MultiLineString","coordinates":[[[-98.63005949595511,30.284544829789404],[-98.63416042560137,30.281199655370386]]]},"properties":{"layer":"fault","fault_type":"Normal"}},{"type":"Feature","geometry":{"type":"MultiLineString","coordinates":[[[-98.63615,30.28005],[-98.63958,30.27685]]]},"properties":{"layer":"fault","fault_type":"Normal"}},{"type":"Feature","geometry":{"type":"MultiLineString","coordinates":[[[-98.63020199660696,30.276009638293413],[-98.62604995371936,30.27595754390582]]]},"properties":{"layer":"fault","fault_type":"Unspecified"}},{"type":"Feature","geometry":{"type":"MultiLineString","coordinates":[[[-98.62158675328196,30.275217762603205],[-98.61937324513308,30.27509288474676]]]},"properties":{"layer":"fault","fault_type":"Unspecified"}},{"type":"Feature","geometry":{"type":"MultiLineString","coordinates":[[[-98.55038,30.28554],[-98.5517,30.2825],[-98.55737,30.27991]]]},"properties":{"layer":"fault","fault_type":"Normal"}},{"type":"Feature","geometry":{"type":"MultiLineString","coordinates":[[[-98.53802,30.28301],[-98.54958,30.26904],[-98.55711,30.26332]]]},"properties":{"layer":"fault","fault_type":"Normal"}},{"type":"Feature","geometry":{"type":"MultiLineString","coordinates":[[[-98.53263,30.2781],[-98.52897,30.28106]]]},"properties":{"layer":"fault","fault_type":"Normal"}},{"type":"Feature","geometry":{"type":"MultiLineString","coordinates":[[[-98.53384,30.27935],[-98.53094,30.28123],[-98.52897,30.28106]]]},"properties":{"layer":"fault","fault_type":"Unspecified"}},{"type":"Feature","geometry":{"type":"MultiLineString","coordinates":[[[-98.52457,30.27663],[-98.52569,30.27461]]]},"properties":{"layer":"fault","fault_type":"Unspecified"}},{"type":"Feature","geometry":{"type":"MultiLineString","coordinates":[[[-98.52735384289717,30.272130249155886],[-98.525692020707,30.274609388169566]]]},"properties":{"layer":"fault","fault_type":"Unspecified"}},{"type":"Feature","geometry":{"type":"MultiLineString","coordinates":[[[-98.5352,30.27072],[-98.53235,30.27384]]]},"properties":{"layer":"fault","fault_type":"Unspecified"}},{"type":"Feature","geometry":{"type":"MultiLineString","coordinates":[[[-98.53076,30.27627],[-98.52943,30.27373]]]},"properties":{"layer":"fault","fault_type":"Unspecified"}},{"type":"Feature","geometry":{"type":"MultiLineString","coordinates":[[[-98.27419296694299,30.33762387702412],[-98.27107190793055,30.34105898792025]]]},"properties":{"layer":"fault","fault_type":"Normal"}},{"type":"Feature","geometry":{"type":"MultiLineString","coordinates":[[[-98.2506,30.38276],[-98.25456,30.38543]]]},"properties":{"layer":"fault","fault_type":"Unspecified"}},{"type":"Feature","geometry":{"type":"MultiLineString","coordinates":[[[-98.25771,30.38241],[-98.25259,30.38737]]]},"properties":{"layer":"fault","fault_type":"Normal"}},{"type":"Feature","geometry":{"type":"MultiLineString","coordinates":[[[-98.27901,30.38741],[-98.28228,30.38121]]]},"properties":{"layer":"fault","fault_type":"Normal"}},{"type":"Feature","geometry":{"type":"MultiLineString","coordinates":[[[-98.27671,30.38597],[-98.28117,30.38159]]]},"properties":{"layer":"fault","fault_type":"Normal"}},{"type":"Feature","geometry":{"type":"MultiLineString","coordinates":[[[-98.26335,30.39741],[-98.27537,30.3875]]]},"properties":{"layer":"fault","fault_type":"Normal"}},{"type":"Feature","geometry":{"type":"MultiLineString","coordinates":[[[-98.26535815919287,30.395499034708354],[-98.26447752634678,30.39491867568916]]]},"properties":{"layer":"fault","fault_type":"Unspecified"}},{"type":"Feature","geometry":{"type":"MultiLineString","coordinates":[[[-98.27645,30.39828],[-98.2778,30.38905]]]},"properties":{"layer":"fault","fault_type":"Normal"}},{"type":"Feature","geometry":{"type":"MultiLineString","coordinates":[[[-98.29888,30.38577],[-98.29842,30.38906],[-98.29229,30.39513]]]},"properties":{"layer":"fault","fault_type":"Normal"}},{"type":"Feature","geometry":{"type":"MultiLineString","coordinates":[[[-98.29213,30.39563],[-98.29045,30.39879]]]},"properties":{"layer":"fault","fault_type":"Normal"}},{"type":"Feature","geometry":{"type":"MultiLineString","coordinates":[[[-98.30806,30.41098],[-98.3222,30.39849]]]},"properties":{"layer":"fault","fault_type":"Normal"}},{"type":"Feature","geometry":{"type":"MultiLineString","coordinates":[[[-98.30439315718858,30.413166799209517],[-98.312637592134,30.400680389076488]]]},"properties":{"layer":"fault","fault_type":"Normal"}},{"type":"Feature","geometry":{"type":"MultiLineString","coordinates":[[[-98.33884902985442,30.422744146353963],[-98.33696086455201,30.423789487468717]]]},"properties":{"layer":"fault","fault_type":"Normal"}},{"type":"Feature","geometry":{"type":"MultiLineString","coordinates":[[[-98.35616,30.41477],[-98.34918,30.41733]]]},"properties":{"layer":"fault","fault_type":"Normal"}},{"type":"Feature","geometry":{"type":"MultiLineString","coordinates":[[[-98.65574,30.42934],[-98.66262,30.42437]]]},"properties":{"layer":"fault","fault_type":"Normal"}},{"type":"Feature","geometry":{"type":"MultiLineString","coordinates":[[[-98.67261,30.42895],[-98.677,30.42651],[-98.67938,30.42326]]]},"properties":{"layer":"fault","fault_type":"Normal"}},{"type":"Feature","geometry":{"type":"MultiLineString","coordinates":[[[-98.68153,30.4235],[-98.67921,30.42633],[-98.67311,30.43008]]]},"properties":{"layer":"fault","fault_type":"Normal"}},{"type":"Feature","geometry":{"type":"MultiLineString","coordinates":[[[-98.6509,30.42223],[-98.65844,30.4163]]]},"properties":{"layer":"fault","fault_type":"Normal"}},{"type":"Feature","geometry":{"type":"MultiLineString","coordinates":[[[-98.63773,30.41752],[-98.63509,30.41951]]]},"properties":{"layer":"fault","fault_type":"Normal"}},{"type":"Feature","geometry":{"type":"MultiLineString","coordinates":[[[-98.65285604381853,30.397980156582175],[-98.65270143208005,30.39965577151612]]]},"properties":{"layer":"fault","fault_type":"Unspecified"}},{"type":"Feature","geometry":{"type":"MultiLineString","coordinates":[[[-98.65051,30.39782],[-98.65499,30.3927]]]},"properties":{"layer":"fault","fault_type":"Normal"}},{"type":"Feature","geometry":{"type":"MultiLineString","coordinates":[[[-98.66365956431103,30.379293768867246],[-98.66964776543601,30.374705637065837]]]},"properties":{"layer":"fault","fault_type":"Normal"}},{"type":"Feature","geometry":{"type":"MultiLineString","coordinates":[[[-98.65525886652365,30.37773741451145],[-98.65370703944673,30.37869234655231]]]},"properties":{"layer":"fault","fault_type":"Normal"}},{"type":"Feature","geometry":{"type":"MultiLineString","coordinates":[[[-98.66546,30.37086],[-98.65836,30.3764]]]},"properties":{"layer":"fault","fault_type":"Normal"}},{"type":"Feature","geometry":{"type":"MultiLineString","coordinates":[[[-98.64772,30.38405],[-98.65074,30.3818]]]},"properties":{"layer":"fault","fault_type":"Unspecified"}},{"type":"Feature","geometry":{"type":"MultiLineString","coordinates":[[[-98.6506,30.38079],[-98.64769,30.38325]]]},"properties":{"layer":"fault","fault_type":"Normal"}},{"type":"Feature","geometry":{"type":"MultiLineString","coordinates":[[[-98.53525,30.26055],[-98.52259,30.26883]]]},"properties":{"layer":"fault","fault_type":"Unspecified"}},{"type":"Feature","geometry":{"type":"MultiLineString","coordinates":[[[-98.52169,30.27777],[-98.52048,30.27786]]]},"properties":{"layer":"fault","fault_type":"Unspecified"}},{"type":"Feature","geometry":{"type":"MultiLineString","coordinates":[[[-98.52106,30.27201],[-98.52092,30.2759]]]},"properties":{"layer":"fault","fault_type":"Unspecified"}},{"type":"Feature","geometry":{"type":"MultiLineString","coordinates":[[[-98.48927,30.30795],[-98.50728,30.28826],[-98.51107,30.28003],[-98.52026,30.27613]]]},"properties":{"layer":"fault","fault_type":"Normal"}},{"type":"Feature","geometry":{"type":"MultiLineString","coordinates":[[[-98.50322,30.29929],[-98.49749,30.29974]]]},"properties":{"layer":"fault","fault_type":"Unspecified"}},{"type":"Feature","geometry":{"type":"MultiLineString","coordinates":[[[-98.47484,30.31921],[-98.4791,30.30868]]]},"properties":{"layer":"fault","fault_type":"Normal"}},{"type":"Feature","geometry":{"type":"MultiLineString","coordinates":[[[-98.48547,30.31561],[-98.48882,30.30987]]]},"properties":{"layer":"fault","fault_type":"Normal"}},{"type":"Feature","geometry":{"type":"MultiLineString","coordinates":[[[-98.44318,30.3678],[-98.46739,30.34757],[-98.47054,30.33895],[-98.47478,30.33168],[-98.47878,30.32786],[-98.47946,30.32441],[-98.48381,30.31762]]]},"properties":{"layer":"fault","fault_type":"Normal"}},{"type":"Feature","geometry":{"type":"MultiLineString","coordinates":[[[-98.45473,30.32316],[-98.45894,30.31834]]]},"properties":{"layer":"fault","fault_type":"Normal"}},{"type":"Feature","geometry":{"type":"MultiLineString","coordinates":[[[-98.46023,30.32356],[-98.46447,30.31572]]]},"properties":{"layer":"fault","fault_type":"Normal"}},{"type":"Feature","geometry":{"type":"MultiLineString","coordinates":[[[-98.43943,30.31493],[-98.43639,30.31732]]]},"properties":{"layer":"fault","fault_type":"Normal"}},{"type":"Feature","geometry":{"type":"MultiLineString","coordinates":[[[-99.10145,30.83732],[-99.14993,30.8346]]]},"properties":{"layer":"fault","fault_type":"Normal"}},{"type":"Feature","geometry":{"type":"MultiLineString","coordinates":[[[-99.17149,30.83917],[-99.17761,30.83582]]]},"properties":{"layer":"fault","fault_type":"Unspecified"}},{"type":"Feature","geometry":{"type":"MultiLineString","coordinates":[[[-98.39602,31.02927],[-98.42123,31.00837],[-98.42779,30.99717]]]},"properties":{"layer":"fault","fault_type":"Normal"}},{"type":"Feature","geometry":{"type":"MultiLineString","coordinates":[[[-99.04754,30.99994],[-99.02473,31.01768],[-98.99593,31.03629],[-98.96704,31.05341],[-98.94691,31.06374]]]},"properties":{"layer":"fault","fault_type":"Normal"}},{"type":"Feature","geometry":{"type":"MultiLineString","coordinates":[[[-98.2885,30.75686],[-98.28333,30.76567]]]},"properties":{"layer":"fault","fault_type":"Normal"}},{"type":"Feature","geometry":{"type":"MultiLineString","coordinates":[[[-98.28023,30.76393],[-98.28572,30.75696],[-98.2885,30.75686]]]},"properties":{"layer":"fault","fault_type":"Normal"}},{"type":"Feature","geometry":{"type":"MultiLineString","coordinates":[[[-98.70211,30.68186],[-98.71015,30.665],[-98.73105,30.64874]]]},"properties":{"layer":"fault","fault_type":"Unspecified"}},{"type":"Feature","geometry":{"type":"MultiLineString","coordinates":[[[-98.72121,30.68801],[-98.71031,30.68761]]]},"properties":{"layer":"fault","fault_type":"Unspecified"}},{"type":"Feature","geometry":{"type":"MultiLineString","coordinates":[[[-98.73815,30.65049],[-98.72734,30.65998],[-98.71723,30.6725],[-98.71017,30.68795],[-98.70451,30.6951]]]},"properties":{"layer":"fault","fault_type":"Unspecified"}},{"type":"Feature","geometry":{"type":"MultiLineString","coordinates":[[[-98.70889,30.61703],[-98.69731,30.61828]]]},"properties":{"layer":"fault","fault_type":"Normal"}},{"type":"Feature","geometry":{"type":"MultiLineString","coordinates":[[[-98.74182,30.60561],[-98.72228,30.61343]]]},"properties":{"layer":"fault","fault_type":"Unspecified"}},{"type":"Feature","geometry":{"type":"MultiLineString","coordinates":[[[-98.65883,30.62172],[-98.63635,30.64397]]]},"properties":{"layer":"fault","fault_type":"Normal"}},{"type":"Feature","geometry":{"type":"MultiLineString","coordinates":[[[-98.6342,30.65532],[-98.62918,30.66345]]]},"properties":{"layer":"fault","fault_type":"Normal"}},{"type":"Feature","geometry":{"type":"MultiLineString","coordinates":[[[-98.63518,30.65944],[-98.63454,30.6535],[-98.63986,30.64117]]]},"properties":{"layer":"fault","fault_type":"Normal"}},{"type":"Feature","geometry":{"type":"MultiLineString","coordinates":[[[-98.62812,30.65862],[-98.62414,30.66177],[-98.61961,30.67014]]]},"properties":{"layer":"fault","fault_type":"Normal"}},{"type":"Feature","geometry":{"type":"MultiLineString","coordinates":[[[-98.63242,30.62573],[-98.6333,30.63965]]]},"properties":{"layer":"fault","fault_type":"Normal"}},{"type":"Feature","geometry":{"type":"MultiLineString","coordinates":[[[-98.61608,30.63773],[-98.61017,30.64518],[-98.60439,30.64938]]]},"properties":{"layer":"fault","fault_type":"Normal"}},{"type":"Feature","geometry":{"type":"MultiLineString","coordinates":[[[-98.60328,30.64938],[-98.58618,30.6545],[-98.58194,30.65818]]]},"properties":{"layer":"fault","fault_type":"Normal"}},{"type":"Feature","geometry":{"type":"MultiLineString","coordinates":[[[-98.59443,30.64417],[-98.59042,30.6478],[-98.58618,30.6545]]]},"properties":{"layer":"fault","fault_type":"Normal"}},{"type":"Feature","geometry":{"type":"MultiLineString","coordinates":[[[-98.59203,30.68655],[-98.59728,30.6749]]]},"properties":{"layer":"fault","fault_type":"Unspecified"}},{"type":"Feature","geometry":{"type":"MultiLineString","coordinates":[[[-98.61371,30.64711],[-98.60612,30.66518]]]},"properties":{"layer":"fault","fault_type":"Unspecified"}},{"type":"Feature","geometry":{"type":"MultiLineString","coordinates":[[[-98.56187,30.69434],[-98.56235,30.68925]]]},"properties":{"layer":"fault","fault_type":"Unspecified"}},{"type":"Feature","geometry":{"type":"MultiLineString","coordinates":[[[-98.53886,30.6693],[-98.55135,30.65745]]]},"properties":{"layer":"fault","fault_type":"Normal"}},{"type":"Feature","geometry":{"type":"MultiLineString","coordinates":[[[-98.58089,30.69112],[-98.57472,30.68751]]]},"properties":{"layer":"fault","fault_type":"Unspecified"}},{"type":"Feature","geometry":{"type":"MultiLineString","coordinates":[[[-98.56192,30.63873],[-98.5582,30.64027]]]},"properties":{"layer":"fault","fault_type":"Unspecified"}},{"type":"Feature","geometry":{"type":"MultiLineString","coordinates":[[[-98.56129003478127,30.638980145223822],[-98.55825395819133,30.638337157583894]]]},"properties":{"layer":"fault","fault_type":"Unspecified"}},{"type":"Feature","geometry":{"type":"MultiLineString","coordinates":[[[-98.56147037067625,30.6405144079841],[-98.5580675811261,30.64120255959675]]]},"properties":{"layer":"fault","fault_type":"Unspecified"}},{"type":"Feature","geometry":{"type":"MultiLineString","coordinates":[[[-98.5637,30.64133],[-98.55797,30.64195]]]},"properties":{"layer":"fault","fault_type":"Unspecified"}},{"type":"Feature","geometry":{"type":"MultiLineString","coordinates":[[[-98.53347,30.64211],[-98.5351,30.63711]]]},"properties":{"layer":"fault","fault_type":"Normal"}},{"type":"Feature","geometry":{"type":"MultiLineString","coordinates":[[[-98.5636,30.6693],[-98.56183,30.66651]]]},"properties":{"layer":"fault","fault_type":"Unspecified"}},{"type":"Feature","geometry":{"type":"MultiLineString","coordinates":[[[-98.5619,30.67033],[-98.56017,30.66631]]]},"properties":{"layer":"fault","fault_type":"Unspecified"}},{"type":"Feature","geometry":{"type":"MultiLineString","coordinates":[[[-98.45649,30.69152],[-98.45229,30.69405]]]},"properties":{"layer":"fault","fault_type":"Unspecified"}},{"type":"Feature","geometry":{"type":"MultiLineString","coordinates":[[[-98.45781,30.67992],[-98.45537,30.6922]]]},"properties":{"layer":"fault","fault_type":"Normal"}},{"type":"Feature","geometry":{"type":"MultiLineString","coordinates":[[[-98.44932,30.69101],[-98.4536,30.67895]]]},"properties":{"layer":"fault","fault_type":"Normal"}},{"type":"Feature","geometry":{"type":"MultiLineString","coordinates":[[[-98.43054,30.71433],[-98.42618,30.71554]]]},"properties":{"layer":"fault","fault_type":"Unspecified"}},{"type":"Feature","geometry":{"type":"MultiLineString","coordinates":[[[-98.45816,30.69757],[-98.45853,30.7108],[-98.45672,30.71751],[-98.45448,30.72095],[-98.4344,30.73832],[-98.42029,30.73931]]]},"properties":{"layer":"fault","fault_type":"Normal"}},{"type":"Feature","geometry":{"type":"MultiLineString","coordinates":[[[-98.45699,30.70754],[-98.45523,30.7123]]]},"properties":{"layer":"fault","fault_type":"Unspecified"}},{"type":"Feature","geometry":{"type":"MultiLineString","coordinates":[[[-98.39704,30.74678],[-98.40927,30.74492],[-98.42441,30.73751],[-98.44137,30.72301],[-98.44562,30.71612]]]},"properties":{"layer":"fault","fault_type":"Normal"}},{"type":"Feature","geometry":{"type":"MultiLineString","coordinates":[[[-98.39294,30.73543],[-98.3971,30.73489],[-98.40779,30.73015],[-98.41444,30.72535]],[[-98.412371603859,30.72719407919494],[-98.40780252349064,30.73014614944153]],[[-98.41449,30.72532],[-98.42253,30.71832]]]},"properties":{"layer":"fault","fault_type":"Unspecified"}},{"type":"Feature","geometry":{"type":"MultiLineString","coordinates":[[[-98.39244,30.73756],[-98.39466,30.73776]]]},"properties":{"layer":"fault","fault_type":"Unspecified"}},{"type":"Feature","geometry":{"type":"MultiLineString","coordinates":[[[-98.39712,30.73489],[-98.39308,30.74159],[-98.39272,30.74494]]]},"properties":{"layer":"fault","fault_type":"Unspecified"}},{"type":"Feature","geometry":{"type":"MultiLineString","coordinates":[[[-98.40644,30.88794],[-98.4154,30.87991],[-98.42427,30.86961]]]},"properties":{"layer":"fault","fault_type":"Normal"}},{"type":"Feature","geometry":{"type":"MultiLineString","coordinates":[[[-98.44269,30.87875],[-98.41915,30.89217],[-98.41164,30.90426]]]},"properties":{"layer":"fault","fault_type":"Normal"}},{"type":"Feature","geometry":{"type":"MultiLineString","coordinates":[[[-98.38365,30.87456],[-98.37192,30.89072]]]},"properties":{"layer":"fault","fault_type":"Normal"}},{"type":"Feature","geometry":{"type":"MultiLineString","coordinates":[[[-98.37002,30.87222],[-98.39289,30.85395]]]},"properties":{"layer":"fault","fault_type":"Normal"}},{"type":"Feature","geometry":{"type":"MultiLineString","coordinates":[[[-98.33677,30.89052],[-98.33619,30.87866]]]},"properties":{"layer":"fault","fault_type":"Normal"}},{"type":"Feature","geometry":{"type":"MultiLineString","coordinates":[[[-98.35297,30.85718],[-98.35475,30.86185],[-98.35436,30.87095],[-98.34982,30.88493],[-98.34966,30.89136]]]},"properties":{"layer":"fault","fault_type":"Normal"}},{"type":"Feature","geometry":{"type":"MultiLineString","coordinates":[[[-98.31131,30.87447],[-98.33697,30.86156]]]},"properties":{"layer":"fault","fault_type":"Normal"}},{"type":"Feature","geometry":{"type":"MultiLineString","coordinates":[[[-98.30737,30.8664],[-98.32049,30.86531]]]},"properties":{"layer":"fault","fault_type":"Normal"}},{"type":"Feature","geometry":{"type":"MultiLineString","coordinates":[[[-98.26223,30.88139],[-98.27265,30.87062],[-98.29188,30.85672],[-98.29749,30.84851],[-98.30642,30.84338],[-98.31628,30.83211],[-98.32542,30.82584],[-98.33375,30.81798],[-98.33972,30.81479]]]},"properties":{"layer":"fault","fault_type":"Normal"}},{"type":"Feature","geometry":{"type":"MultiLineString","coordinates":[[[-98.2615169405801,30.844278742512117],[-98.25723053128554,30.852501151789866]]]},"properties":{"layer":"fault","fault_type":"Unspecified"}},{"type":"Feature","geometry":{"type":"MultiLineString","coordinates":[[[-98.28785,30.80031],[-98.28481,30.80596],[-98.28526,30.81927],[-98.28239,30.83578]]]},"properties":{"layer":"fault","fault_type":"Normal"}},{"type":"Feature","geometry":{"type":"MultiLineString","coordinates":[[[-98.36335,30.77213],[-98.35831,30.79455],[-98.34396,30.81454]]]},"properties":{"layer":"fault","fault_type":"Unspecified"}},{"type":"Feature","geometry":{"type":"MultiLineString","coordinates":[[[-98.34261,30.84894],[-98.33278,30.85636]]]},"properties":{"layer":"fault","fault_type":"Unspecified"}},{"type":"Feature","geometry":{"type":"MultiLineString","coordinates":[[[-98.36151,30.84884],[-98.35682,30.8515]]]},"properties":{"layer":"fault","fault_type":"Unspecified"}},{"type":"Feature","geometry":{"type":"MultiLineString","coordinates":[[[-99.15856834899377,30.52020364671142],[-99.14790379518077,30.52791040209925]]]},"properties":{"layer":"fault","fault_type":"Normal"}},{"type":"Feature","geometry":{"type":"MultiLineString","coordinates":[[[-99.1419,30.51507],[-99.13416,30.52351],[-99.12333,30.54117]]]},"properties":{"layer":"fault","fault_type":"Normal"}},{"type":"Feature","geometry":{"type":"MultiLineString","coordinates":[[[-99.056,30.59895],[-99.06486,30.58456]]]},"properties":{"layer":"fault","fault_type":"Normal"}},{"type":"Feature","geometry":{"type":"MultiLineString","coordinates":[[[-98.36063,30.84768],[-98.35705,30.84997]]]},"properties":{"layer":"fault","fault_type":"Unspecified"}},{"type":"Feature","geometry":{"type":"MultiLineString","coordinates":[[[-98.37109,30.84486],[-98.36976,30.84466]]]},"properties":{"layer":"fault","fault_type":"Unspecified"}},{"type":"Feature","geometry":{"type":"MultiLineString","coordinates":[[[-98.43909667220778,30.92284493870874],[-98.43796872957073,30.925525108120564]]]},"properties":{"layer":"fault","fault_type":"Unspecified"}},{"type":"Feature","geometry":{"type":"MultiLineString","coordinates":[[[-98.4397673543989,30.922272478459032],[-98.4426824899038,30.918257495738608]]]},"properties":{"layer":"fault","fault_type":"Unspecified"}},{"type":"Feature","geometry":{"type":"MultiLineString","coordinates":[[[-98.43549696835407,30.92973370228704],[-98.43459583774987,30.93164765624197]]]},"properties":{"layer":"fault","fault_type":"Unspecified"}},{"type":"Feature","geometry":{"type":"MultiLineString","coordinates":[[[-98.54514,30.84194],[-98.55633,30.82683]]]},"properties":{"layer":"fault","fault_type":"Normal"}},{"type":"Feature","geometry":{"type":"MultiLineString","coordinates":[[[-98.4948,30.86177],[-98.5092,30.85226],[-98.51958,30.84262]]]},"properties":{"layer":"fault","fault_type":"Normal"}},{"type":"Feature","geometry":{"type":"MultiLineString","coordinates":[[[-98.45057,30.86075],[-98.4321,30.86489]]]},"properties":{"layer":"fault","fault_type":"Unspecified"}},{"type":"Feature","geometry":{"type":"MultiLineString","coordinates":[[[-98.5204,30.85566],[-98.52872,30.8516],[-98.53713,30.8446]]]},"properties":{"layer":"fault","fault_type":"Normal"}},{"type":"Feature","geometry":{"type":"MultiLineString","coordinates":[[[-98.52682,30.8624],[-98.54353,30.85517]]]},"properties":{"layer":"fault","fault_type":"Normal"}},{"type":"Feature","geometry":{"type":"MultiLineString","coordinates":[[[-98.56541,30.83338],[-98.55882,30.83921],[-98.55265,30.85271],[-98.54796,30.85825]]]},"properties":{"layer":"fault","fault_type":"Normal"}},{"type":"Feature","geometry":{"type":"MultiLineString","coordinates":[[[-98.5372,30.87644],[-98.55202,30.86853]]]},"properties":{"layer":"fault","fault_type":"Normal"}},{"type":"Feature","geometry":{"type":"MultiLineString","coordinates":[[[-98.5472,30.87762],[-98.56685,30.86004]]]},"properties":{"layer":"fault","fault_type":"Normal"}},{"type":"Feature","geometry":{"type":"MultiLineString","coordinates":[[[-98.57326,30.8662],[-98.55967,30.87383],[-98.55342,30.87879],[-98.53018,30.90154]]]},"properties":{"layer":"fault","fault_type":"Normal"}},{"type":"Feature","geometry":{"type":"MultiLineString","coordinates":[[[-98.55431,30.87803],[-98.55544,30.87477],[-98.55991,30.8698]]]},"properties":{"layer":"fault","fault_type":"Normal"}},{"type":"Feature","geometry":{"type":"MultiLineString","coordinates":[[[-98.56078,30.88407],[-98.57211,30.87579],[-98.57982,30.86766],[-98.5813,30.85971]]]},"properties":{"layer":"fault","fault_type":"Normal"}},{"type":"Feature","geometry":{"type":"MultiLineString","coordinates":[[[-98.46964,30.95038],[-98.45525,30.96731]]]},"properties":{"layer":"fault","fault_type":"Normal"}},{"type":"Feature","geometry":{"type":"MultiLineString","coordinates":[[[-98.43637,30.95208],[-98.43311,30.95753],[-98.41922,30.9732]]]},"properties":{"layer":"fault","fault_type":"Normal"}},{"type":"Feature","geometry":{"type":"MultiLineString","coordinates":[[[-98.44493,30.95298],[-98.44032,30.95495],[-98.43446,30.95485]]]},"properties":{"layer":"fault","fault_type":"Unspecified"}},{"type":"Feature","geometry":{"type":"MultiLineString","coordinates":[[[-98.39609,31.02921],[-98.38446,30.99672]]]},"properties":{"layer":"fault","fault_type":"Normal"}},{"type":"Feature","geometry":{"type":"MultiLineString","coordinates":[[[-98.43743,30.97999],[-98.4296,30.98686],[-98.42779,30.99184],[-98.42779,30.99717]]]},"properties":{"layer":"fault","fault_type":"Normal"}},{"type":"Feature","geometry":{"type":"MultiLineString","coordinates":[[[-98.44324,30.99411],[-98.4382,30.99994]]]},"properties":{"layer":"fault","fault_type":"Unspecified"}},{"type":"Feature","geometry":{"type":"MultiLineString","coordinates":[[[-98.4623,31.02431],[-98.49564,30.99999],[-98.50507,30.98468],[-98.54171,30.95624]]]},"properties":{"layer":"fault","fault_type":"Normal"}},{"type":"Feature","geometry":{"type":"MultiLineString","coordinates":[[[-98.61323,30.99061],[-98.6128,30.99985]]]},"properties":{"layer":"fault","fault_type":"Normal"}},{"type":"Feature","geometry":{"type":"MultiLineString","coordinates":[[[-98.63242,30.97782],[-98.64301,31.00162]]]},"properties":{"layer":"fault","fault_type":"Normal"}},{"type":"Feature","geometry":{"type":"MultiLineString","coordinates":[[[-97.99546,30.06834],[-97.98712,30.07683],[-97.97214,30.08874],[-97.96242,30.09947]]]},"properties":{"layer":"fault","fault_type":"Normal"}},{"type":"Feature","geometry":{"type":"MultiLineString","coordinates":[[[-97.99835,30.10092],[-97.97839,30.12101]]]},"properties":{"layer":"fault","fault_type":"Normal"}},{"type":"Feature","geometry":{"type":"MultiLineString","coordinates":[[[-97.98739,30.08759],[-97.98105,30.09703],[-97.96293,30.11327],[-97.93905,30.13819],[-97.9173,30.16748],[-97.9013,30.1927],[-97.89687,30.20243]]]},"properties":{"layer":"fault","fault_type":"Normal"}},{"type":"Feature","geometry":{"type":"MultiLineString","coordinates":[[[-98.22316,29.87955],[-98.20525,29.90369],[-98.19279,29.91345],[-98.18694,29.92192],[-98.18152,29.92652],[-98.1743,29.92916],[-98.14871,29.93409],[-98.1265,29.93474],[-98.11944,29.93334],[-98.08353,29.94292],[-98.07696,29.94855],[-98.06774,29.95244],[-98.057,29.95952],[-98.03062,29.97124],[-98.0137,29.98286],[-98.00066,29.99472],[-97.99077,30.00061]],[[-97.99077132914022,30.000606639545868],[-97.99073334926831,30.000626625313192]],[[-97.99077,30.00061],[-97.97221,30.01127]]]},"properties":{"layer":"fault","fault_type":"Normal"}},{"type":"Feature","geometry":{"type":"MultiLineString","coordinates":[[[-98.6128,30.99985],[-98.61109,31.0072],[-98.60229,31.01635],[-98.59267,31.03371],[-98.58655,31.03783],[-98.5796,31.04858],[-98.57553,31.05849],[-98.57305,31.08584]]]},"properties":{"layer":"fault","fault_type":"Normal"}},{"type":"Feature","geometry":{"type":"MultiLineString","coordinates":[[[-98.66122,31.04221],[-98.66975,31.02235],[-98.68379,31.0063],[-98.68753,31.00124],[-98.68755,30.99887]]]},"properties":{"layer":"fault","fault_type":"Normal"}},{"type":"Feature","geometry":{"type":"MultiLineString","coordinates":[[[-98.52896,31.05394],[-98.54006,31.04103],[-98.56252,31.0229],[-98.57451,31.01505],[-98.58965,30.99997]]]},"properties":{"layer":"fault","fault_type":"Normal"}},{"type":"Feature","geometry":{"type":"MultiLineString","coordinates":[[[-98.35848,31.02515],[-98.37647,31.00769],[-98.3895,30.99109],[-98.392,30.98305],[-98.39447,30.98018],[-98.40363,30.97409],[-98.41505,30.96321],[-98.42488,30.95596],[-98.43113,30.95369],[-98.43446,30.95485]]]},"properties":{"layer":"fault","fault_type":"Normal"}},{"type":"Feature","geometry":{"type":"MultiLineString","coordinates":[[[-98.42359358386537,31.016244287666197],[-98.43820067188214,30.99994006741614]]]},"properties":{"layer":"fault","fault_type":"Normal"}},{"type":"Feature","geometry":{"type":"MultiLineString","coordinates":[[[-99.20393,31.01414],[-99.20476,31.00666],[-99.21218,31.00035],[-99.21565,30.99904]]]},"properties":{"layer":"fault","fault_type":"Unspecified"}},{"type":"Feature","geometry":{"type":"MultiLineString","coordinates":[[[-99.11875,31.01611],[-99.11913,31.00132],[-99.11746,30.99881]]]},"properties":{"layer":"fault","fault_type":"Unspecified"}},{"type":"Feature","geometry":{"type":"MultiLineString","coordinates":[[[-99.17639,30.82403],[-99.18424,30.80935]]]},"properties":{"layer":"fault","fault_type":"Normal"}},{"type":"Feature","geometry":{"type":"MultiLineString","coordinates":[[[-99.18386,30.81891],[-99.18935,30.80986]]]},"properties":{"layer":"fault","fault_type":"Normal"}},{"type":"Feature","geometry":{"type":"MultiLineString","coordinates":[[[-99.20143,30.80346],[-99.19189,30.81038]]]},"properties":{"layer":"fault","fault_type":"Unspecified"}},{"type":"Feature","geometry":{"type":"MultiLineString","coordinates":[[[-99.18016,30.83744],[-99.18348,30.83053],[-99.19589,30.81401],[-99.19744,30.80922],[-99.20157,30.80333],[-99.22935,30.77349],[-99.24328,30.75503]]]},"properties":{"layer":"fault","fault_type":"Normal"}},{"type":"Feature","geometry":{"type":"MultiLineString","coordinates":[[[-99.21472,30.80011],[-99.2097,30.80696]]]},"properties":{"layer":"fault","fault_type":"Unspecified"}},{"type":"Feature","geometry":{"type":"MultiLineString","coordinates":[[[-99.21033,30.81227],[-99.21507,30.80386],[-99.22392,30.79751]],[[-99.20867549249803,30.81489293892031],[-99.20952745381518,30.813634836284752]]]},"properties":{"layer":"fault","fault_type":"Normal"}},{"type":"Feature","geometry":{"type":"MultiLineString","coordinates":[[[-99.18451,30.83818],[-99.18076,30.8423],[-99.17587,30.84459]]]},"properties":{"layer":"fault","fault_type":"Normal"}},{"type":"Feature","geometry":{"type":"MultiLineString","coordinates":[[[-99.20379,30.76586],[-99.21199,30.75894],[-99.22353,30.75317]]]},"properties":{"layer":"fault","fault_type":"Normal"}},{"type":"Feature","geometry":{"type":"MultiLineString","coordinates":[[[-99.01758,30.8367],[-99.03801,30.83386],[-99.10792,30.83234]]]},"properties":{"layer":"fault","fault_type":"Normal"}},{"type":"Feature","geometry":{"type":"MultiLineString","coordinates":[[[-99.10578,30.85744],[-99.10462,30.86034],[-99.10529,30.86264]]]},"properties":{"layer":"fault","fault_type":"Unspecified"}},{"type":"Feature","geometry":{"type":"MultiLineString","coordinates":[[[-99.0304,30.96664],[-99.04419,30.96318]]]},"properties":{"layer":"fault","fault_type":"Normal"}},{"type":"Feature","geometry":{"type":"MultiLineString","coordinates":[[[-99.24143,30.95751],[-99.24385,30.97446]]]},"properties":{"layer":"fault","fault_type":"Normal"}},{"type":"Feature","geometry":{"type":"MultiLineString","coordinates":[[[-99.12578,30.86343],[-99.12596,30.85879],[-99.13173,30.85226]]]},"properties":{"layer":"fault","fault_type":"Normal"}},{"type":"Feature","geometry":{"type":"MultiLineString","coordinates":[[[-99.1071,30.89352],[-99.11042,30.8847],[-99.11968,30.8742],[-99.12578,30.86343]]]},"properties":{"layer":"fault","fault_type":"Normal"}},{"type":"Feature","geometry":{"type":"MultiLineString","coordinates":[[[-98.99957,30.94947],[-99.0324,30.95685]]]},"properties":{"layer":"fault","fault_type":"Normal"}},{"type":"Feature","geometry":{"type":"MultiLineString","coordinates":[[[-98.9781,30.9417],[-98.99256,30.94612]]]},"properties":{"layer":"fault","fault_type":"Normal"}},{"type":"Feature","geometry":{"type":"MultiLineString","coordinates":[[[-98.96431,30.93576],[-98.96876,30.93863]]]},"properties":{"layer":"fault","fault_type":"Normal"}},{"type":"Feature","geometry":{"type":"MultiLineString","coordinates":[[[-99.11178,30.99987],[-99.11678,30.98826]]]},"properties":{"layer":"fault","fault_type":"Unspecified"}},{"type":"Feature","geometry":{"type":"MultiLineString","coordinates":[[[-98.98256,30.90814],[-98.99212,30.91332]]]},"properties":{"layer":"fault","fault_type":"Normal"}},{"type":"Feature","geometry":{"type":"MultiLineString","coordinates":[[[-98.87426,30.97243],[-98.87281,30.97521],[-98.86501,30.98191],[-98.83816,30.99924]]]},"properties":{"layer":"fault","fault_type":"Normal"}},{"type":"Feature","geometry":{"type":"MultiLineString","coordinates":[[[-98.85591,30.96886],[-98.82895,30.98436]]]},"properties":{"layer":"fault","fault_type":"Normal"}},{"type":"Feature","geometry":{"type":"MultiLineString","coordinates":[[[-98.86173,30.94125],[-98.88754,30.92282]]]},"properties":{"layer":"fault","fault_type":"Normal"}},{"type":"Feature","geometry":{"type":"MultiLineString","coordinates":[[[-98.88166,30.9159],[-98.8818,30.90694],[-98.88649,30.89524],[-98.89194,30.89074]]]},"properties":{"layer":"fault","fault_type":"Normal"}},{"type":"Feature","geometry":{"type":"MultiLineString","coordinates":[[[-98.84425,30.88561],[-98.85516,30.87488],[-98.86295,30.86914]]]},"properties":{"layer":"fault","fault_type":"Normal"}},{"type":"Feature","geometry":{"type":"MultiLineString","coordinates":[[[-98.88383,30.84683],[-98.89433,30.84231],[-98.897,30.83867]]]},"properties":{"layer":"fault","fault_type":"Normal"}},{"type":"Feature","geometry":{"type":"MultiLineString","coordinates":[[[-98.89467,30.8357],[-98.87464,30.85741]]]},"properties":{"layer":"fault","fault_type":"Normal"}},{"type":"Feature","geometry":{"type":"MultiLineString","coordinates":[[[-98.90259,30.80588],[-98.90436,30.80837],[-98.90636,30.81694],[-98.90734,30.82919],[-98.90344,30.83906]]]},"properties":{"layer":"fault","fault_type":"Normal"}},{"type":"Feature","geometry":{"type":"MultiLineString","coordinates":[[[-98.89481,30.81145],[-98.89503,30.80992]]]},"properties":{"layer":"fault","fault_type":"Unspecified"}},{"type":"Feature","geometry":{"type":"MultiLineString","coordinates":[[[-98.89548,30.80549],[-98.89646,30.80637]]]},"properties":{"layer":"fault","fault_type":"Unspecified"}},{"type":"Feature","geometry":{"type":"MultiLineString","coordinates":[[[-98.8963330684335,30.808371587984603],[-98.89503007828355,30.809916004127345]]]},"properties":{"layer":"fault","fault_type":"Unspecified"}},{"type":"Feature","geometry":{"type":"MultiLineString","coordinates":[[[-98.88654,30.83006],[-98.89169,30.81952],[-98.89303,30.81086],[-98.89602,30.80458]]]},"properties":{"layer":"fault","fault_type":"Normal"}},{"type":"Feature","geometry":{"type":"MultiLineString","coordinates":[[[-98.89740545655843,30.805304463538782],[-98.89645921435728,30.806368913715545]]]},"properties":{"layer":"fault","fault_type":"Unspecified"}},{"type":"Feature","geometry":{"type":"MultiLineString","coordinates":[[[-98.88027,30.88258],[-98.88317,30.88258],[-98.88984,30.87856],[-98.89785,30.87128]]]},"properties":{"layer":"fault","fault_type":"Normal"}},{"type":"Feature","geometry":{"type":"MultiLineString","coordinates":[[[-98.89369,30.81815],[-98.89594,30.81716],[-98.90205,30.80973]]]},"properties":{"layer":"fault","fault_type":"Normal"}},{"type":"Feature","geometry":{"type":"MultiLineString","coordinates":[[[-98.90539939089697,30.885284274145178],[-98.8998407434796,30.88470470475863]]]},"properties":{"layer":"fault","fault_type":"Unspecified"}},{"type":"Feature","geometry":{"type":"MultiLineString","coordinates":[[[-98.91262,30.87703],[-98.90919,30.87953]]]},"properties":{"layer":"fault","fault_type":"Unspecified"}},{"type":"Feature","geometry":{"type":"MultiLineString","coordinates":[[[-98.90896,30.88394],[-98.91608,30.87474]]]},"properties":{"layer":"fault","fault_type":"Unspecified"}},{"type":"Feature","geometry":{"type":"MultiLineString","coordinates":[[[-98.90484,30.88864],[-98.89693,30.90254]]]},"properties":{"layer":"fault","fault_type":"Normal"}},{"type":"Feature","geometry":{"type":"MultiLineString","coordinates":[[[-98.88266,30.93245],[-98.88514,30.92469]]]},"properties":{"layer":"fault","fault_type":"Unspecified"}},{"type":"Feature","geometry":{"type":"MultiLineString","coordinates":[[[-98.86357,30.90289],[-98.85978,30.90538]]]},"properties":{"layer":"fault","fault_type":"Normal"}},{"type":"Feature","geometry":{"type":"MultiLineString","coordinates":[[[-98.85733342722907,30.908255570740454],[-98.8562192961895,30.909596896593243]]]},"properties":{"layer":"fault","fault_type":"Normal"}},{"type":"Feature","geometry":{"type":"MultiLineString","coordinates":[[[-98.73828,30.92782],[-98.7681,30.92462],[-98.7897,30.91794]]]},"properties":{"layer":"fault","fault_type":"Normal"}},{"type":"Feature","geometry":{"type":"MultiLineString","coordinates":[[[-98.73742,30.91938],[-98.73163,30.92186]]]},"properties":{"layer":"fault","fault_type":"Normal"}},{"type":"Feature","geometry":{"type":"MultiLineString","coordinates":[[[-98.80242,30.89399],[-98.81756,30.88481],[-98.83659,30.87706]]]},"properties":{"layer":"fault","fault_type":"Normal"}},{"type":"Feature","geometry":{"type":"MultiLineString","coordinates":[[[-98.75225,30.94588],[-98.7411,30.95564]]]},"properties":{"layer":"fault","fault_type":"Normal"}},{"type":"Feature","geometry":{"type":"MultiLineString","coordinates":[[[-98.75199,30.94193],[-98.74624,30.9474]]]},"properties":{"layer":"fault","fault_type":"Normal"}},{"type":"Feature","geometry":{"type":"MultiLineString","coordinates":[[[-98.76671,30.94898],[-98.78473,30.95093],[-98.80765,30.94962],[-98.83102,30.9439]]]},"properties":{"layer":"fault","fault_type":"Normal"}},{"type":"Feature","geometry":{"type":"MultiLineString","coordinates":[[[-98.76488,31.00012],[-98.77899,30.99107],[-98.81649,30.95792],[-98.83324,30.94697],[-98.84395,30.93183]]]},"properties":{"layer":"fault","fault_type":"Normal"}},{"type":"Feature","geometry":{"type":"MultiLineString","coordinates":[[[-98.80557,30.98721],[-98.81298,30.97223]]]},"properties":{"layer":"fault","fault_type":"Normal"}},{"type":"Feature","geometry":{"type":"MultiLineString","coordinates":[[[-98.81095,30.97091],[-98.83501,30.95311]]]},"properties":{"layer":"fault","fault_type":"Normal"}},{"type":"Feature","geometry":{"type":"MultiLineString","coordinates":[[[-98.80522,30.93926],[-98.7921,30.95073]]]},"properties":{"layer":"fault","fault_type":"Normal"}},{"type":"Feature","geometry":{"type":"MultiLineString","coordinates":[[[-98.82826,30.87446],[-98.80322,30.88354],[-98.78933,30.88227]]]},"properties":{"layer":"fault","fault_type":"Normal"}},{"type":"Feature","geometry":{"type":"MultiLineString","coordinates":[[[-98.79246,30.8723],[-98.78718,30.87009]]]},"properties":{"layer":"fault","fault_type":"Normal"}},{"type":"Feature","geometry":{"type":"MultiLineString","coordinates":[[[-98.87076,30.84728],[-98.8583,30.85513],[-98.83517,30.86392],[-98.82516,30.86372],[-98.78736,30.86807]]]},"properties":{"layer":"fault","fault_type":"Normal"}},{"type":"Feature","geometry":{"type":"MultiLineString","coordinates":[[[-98.78804,30.86366],[-98.80494,30.86081],[-98.82851,30.85471]]]},"properties":{"layer":"fault","fault_type":"Normal"}},{"type":"Feature","geometry":{"type":"MultiLineString","coordinates":[[[-98.83376,30.8565],[-98.86587,30.8444]]]},"properties":{"layer":"fault","fault_type":"Normal"}},{"type":"Feature","geometry":{"type":"MultiLineString","coordinates":[[[-98.8588,30.85018],[-98.86035,30.84616]]]},"properties":{"layer":"fault","fault_type":"Normal"}},{"type":"Feature","geometry":{"type":"MultiLineString","coordinates":[[[-98.83052,30.85433],[-98.83763,30.85242]]]},"properties":{"layer":"fault","fault_type":"Normal"}},{"type":"Feature","geometry":{"type":"MultiLineString","coordinates":[[[-98.838522734824,30.820789311153174],[-98.83427918684659,30.82392664308852]]]},"properties":{"layer":"fault","fault_type":"Unspecified"}},{"type":"Feature","geometry":{"type":"MultiLineString","coordinates":[[[-98.82978,30.82717],[-98.83257,30.82326],[-98.82745,30.82805]]]},"properties":{"layer":"fault","fault_type":"Unspecified"}},{"type":"Feature","geometry":{"type":"MultiLineString","coordinates":[[[-98.43736,30.30256],[-98.41408,30.31301]]]},"properties":{"layer":"fault","fault_type":"Normal"}},{"type":"Feature","geometry":{"type":"MultiLineString","coordinates":[[[-98.41469,30.28616],[-98.40943,30.29598]]]},"properties":{"layer":"fault","fault_type":"Normal"}},{"type":"Feature","geometry":{"type":"MultiLineString","coordinates":[[[-98.40919,30.29657],[-98.40597,30.30223]]]},"properties":{"layer":"fault","fault_type":"Normal"}},{"type":"Feature","geometry":{"type":"MultiLineString","coordinates":[[[-98.40305410166232,30.29099516399192],[-98.40450281651766,30.28898779651468]]]},"properties":{"layer":"fault","fault_type":"Unspecified"}},{"type":"Feature","geometry":{"type":"MultiLineString","coordinates":[[[-98.39631754192193,30.290292955120695],[-98.39742959246328,30.28914721821568]]]},"properties":{"layer":"fault","fault_type":"Normal"}},{"type":"Feature","geometry":{"type":"MultiLineString","coordinates":[[[-98.39891,30.28659],[-98.39968,30.2825],[-98.40234,30.28073]]]},"properties":{"layer":"fault","fault_type":"Normal"}},{"type":"Feature","geometry":{"type":"MultiLineString","coordinates":[[[-98.39759,30.31686],[-98.39102,30.32435]]]},"properties":{"layer":"fault","fault_type":"Normal"}},{"type":"Feature","geometry":{"type":"MultiLineString","coordinates":[[[-98.40013,30.31736],[-98.39698,30.31819]]]},"properties":{"layer":"fault","fault_type":"Unspecified"}},{"type":"Feature","geometry":{"type":"MultiLineString","coordinates":[[[-98.38569,30.3288],[-98.38103,30.33184]]]},"properties":{"layer":"fault","fault_type":"Normal"}},{"type":"Feature","geometry":{"type":"MultiLineString","coordinates":[[[-98.37445,30.34016],[-98.37088,30.3457]]]},"properties":{"layer":"fault","fault_type":"Normal"}},{"type":"Feature","geometry":{"type":"MultiLineString","coordinates":[[[-98.36853195758302,30.34962180979521],[-98.36786114154292,30.350769402507204]]]},"properties":{"layer":"fault","fault_type":"Normal"}},{"type":"Feature","geometry":{"type":"MultiLineString","coordinates":[[[-98.35581,30.33441],[-98.36868,30.32661],[-98.37525,30.31829],[-98.37785,30.30958],[-98.38341,30.30385],[-98.38721,30.29716]]]},"properties":{"layer":"fault","fault_type":"Normal"}},{"type":"Feature","geometry":{"type":"MultiLineString","coordinates":[[[-98.3723,30.31301],[-98.3772,30.30766],[-98.37874,30.30824]]]},"properties":{"layer":"fault","fault_type":"Unspecified"}},{"type":"Feature","geometry":{"type":"MultiLineString","coordinates":[[[-98.39374,30.3133],[-98.3939,30.30534]]]},"properties":{"layer":"fault","fault_type":"Unspecified"}},{"type":"Feature","geometry":{"type":"MultiLineString","coordinates":[[[-98.35048116534816,30.33706603051233],[-98.35269855871063,30.33611800326746]]]},"properties":{"layer":"fault","fault_type":"Normal"}},{"type":"Feature","geometry":{"type":"MultiLineString","coordinates":[[[-98.36411,30.31584],[-98.36198,30.32342],[-98.35637,30.33138]]]},"properties":{"layer":"fault","fault_type":"Normal"}},{"type":"Feature","geometry":{"type":"MultiLineString","coordinates":[[[-98.3676,30.30502],[-98.365,30.31412]]]},"properties":{"layer":"fault","fault_type":"Normal"}},{"type":"Feature","geometry":{"type":"MultiLineString","coordinates":[[[-98.37296814208656,30.295457866298758],[-98.36994704400568,30.30129347170432]]]},"properties":{"layer":"fault","fault_type":"Normal"}},{"type":"Feature","geometry":{"type":"MultiLineString","coordinates":[[[-98.3438,30.32549],[-98.35271,30.31667]]]},"properties":{"layer":"fault","fault_type":"Normal"}},{"type":"Feature","geometry":{"type":"MultiLineString","coordinates":[[[-98.34785,30.31495],[-98.34234,30.32395],[-98.3438,30.32549]]]},"properties":{"layer":"fault","fault_type":"Normal"}},{"type":"Feature","geometry":{"type":"MultiLineString","coordinates":[[[-98.35327014864109,30.31599196097126],[-98.35713700696871,30.311427728205288]]]},"properties":{"layer":"fault","fault_type":"Normal"}},{"type":"Feature","geometry":{"type":"MultiLineString","coordinates":[[[-98.35243,30.30926],[-98.34842,30.3146]]]},"properties":{"layer":"fault","fault_type":"Normal"}},{"type":"Feature","geometry":{"type":"MultiLineString","coordinates":[[[-98.33077529816921,30.340994573281364],[-98.33902098626443,30.331446258911132]]]},"properties":{"layer":"fault","fault_type":"Normal"}},{"type":"Feature","geometry":{"type":"MultiLineString","coordinates":[[[-98.33021986354083,30.328270736308916],[-98.32841896597499,30.329857795206674]]]},"properties":{"layer":"fault","fault_type":"Normal"}},{"type":"Feature","geometry":{"type":"MultiLineString","coordinates":[[[-98.34092,30.31228],[-98.34145,30.31583],[-98.34002,30.319],[-98.33554,30.32298]]]},"properties":{"layer":"fault","fault_type":"Normal"}},{"type":"Feature","geometry":{"type":"MultiLineString","coordinates":[[[-98.30743,30.32783],[-98.32176,30.3185],[-98.3245,30.31279],[-98.32721,30.29867],[-98.33245,30.29017],[-98.33968,30.28457]]]},"properties":{"layer":"fault","fault_type":"Normal"}},{"type":"Feature","geometry":{"type":"MultiLineString","coordinates":[[[-98.34203,30.31094],[-98.34455,30.30724],[-98.35166,30.30274],[-98.3556,30.29758],[-98.35741,30.29164]]]},"properties":{"layer":"fault","fault_type":"Unspecified"}},{"type":"Feature","geometry":{"type":"MultiLineString","coordinates":[[[-98.35830754232663,30.289728507988798],[-98.35810901824212,30.286275003291188]]]},"properties":{"layer":"fault","fault_type":"Normal"}},{"type":"Feature","geometry":{"type":"MultiLineString","coordinates":[[[-98.32758,30.32256],[-98.3285,30.32026],[-98.33541,30.31422]]]},"properties":{"layer":"fault","fault_type":"Normal"}},{"type":"Feature","geometry":{"type":"MultiLineString","coordinates":[[[-98.27598,30.33998],[-98.28267,30.3398],[-98.29544,30.33429]]]},"properties":{"layer":"fault","fault_type":"Normal"}},{"type":"Feature","geometry":{"type":"MultiLineString","coordinates":[[[-98.28586,30.32954],[-98.27326,30.34356]]]},"properties":{"layer":"fault","fault_type":"Normal"}},{"type":"Feature","geometry":{"type":"MultiLineString","coordinates":[[[-98.2848715039317,30.328667907996127],[-98.28069898215055,30.33332620176227]]]},"properties":{"layer":"fault","fault_type":"Normal"}},{"type":"Feature","geometry":{"type":"MultiLineString","coordinates":[[[-98.28821,30.32619],[-98.29466,30.3199]]]},"properties":{"layer":"fault","fault_type":"Unspecified"}},{"type":"Feature","geometry":{"type":"MultiLineString","coordinates":[[[-98.3438,30.28284],[-98.33849,30.28351],[-98.32798,30.28976],[-98.31717,30.30076],[-98.30995,30.30401],[-98.29756,30.31665]]]},"properties":{"layer":"fault","fault_type":"Normal"}},{"type":"Feature","geometry":{"type":"MultiLineString","coordinates":[[[-98.34028,30.28432],[-98.3483,30.28083],[-98.3603,30.2718]]]},"properties":{"layer":"fault","fault_type":"Normal"}},{"type":"Feature","geometry":{"type":"MultiLineString","coordinates":[[[-98.34719,30.27816],[-98.34168,30.28267]]]},"properties":{"layer":"fault","fault_type":"Unspecified"}},{"type":"Feature","geometry":{"type":"MultiLineString","coordinates":[[[-98.26505317396739,30.347546617143454],[-98.26215982530307,30.350023756182775]]]},"properties":{"layer":"fault","fault_type":"Normal"}},{"type":"Feature","geometry":{"type":"MultiLineString","coordinates":[[[-98.6828,30.99985],[-98.68066,30.99751],[-98.67492,30.98119]]]},"properties":{"layer":"fault","fault_type":"Normal"}},{"type":"Feature","geometry":{"type":"MultiLineString","coordinates":[[[-98.6828,30.99985],[-98.68263,30.99581],[-98.68401,30.9944],[-98.68328,30.97666]]]},"properties":{"layer":"fault","fault_type":"Normal"}},{"type":"Feature","geometry":{"type":"MultiLineString","coordinates":[[[-98.58959,31.00013],[-98.59946,30.98251],[-98.60107,30.9689]]]},"properties":{"layer":"fault","fault_type":"Normal"}},{"type":"Feature","geometry":{"type":"MultiLineString","coordinates":[[[-98.61522,30.91489],[-98.61397,30.91658],[-98.61279,30.93288],[-98.60895,30.94821],[-98.60107,30.9689]]]},"properties":{"layer":"fault","fault_type":"Normal"}},{"type":"Feature","geometry":{"type":"MultiLineString","coordinates":[[[-98.61397,30.91658],[-98.61065,30.91158]]]},"properties":{"layer":"fault","fault_type":"Unspecified"}},{"type":"Feature","geometry":{"type":"MultiLineString","coordinates":[[[-98.4404,30.94769],[-98.44967,30.9413],[-98.46221,30.92697],[-98.46846,30.92316],[-98.47493,30.91993],[-98.49078,30.92122]]]},"properties":{"layer":"fault","fault_type":"Normal"}},{"type":"Feature","geometry":{"type":"MultiLineString","coordinates":[[[-98.49078,30.92122],[-98.49895,30.91964],[-98.51032,30.9147],[-98.53018,30.90154]]]},"properties":{"layer":"fault","fault_type":"Normal"}},{"type":"Feature","geometry":{"type":"MultiLineString","coordinates":[[[-98.45818,31.00032],[-98.46182,30.99563],[-98.48419,30.97577],[-98.48936,30.96895]]]},"properties":{"layer":"fault","fault_type":"Normal"}},{"type":"Feature","geometry":{"type":"MultiLineString","coordinates":[[[-98.56078,30.88407],[-98.56404,30.88957],[-98.56402,30.89532],[-98.57022,30.90072],[-98.56931,30.90493],[-98.56283,30.91181],[-98.56038,30.912],[-98.54541,30.92614],[-98.53775,30.92903]]]},"properties":{"layer":"fault","fault_type":"Normal"}},{"type":"Feature","geometry":{"type":"MultiLineString","coordinates":[[[-98.53775,30.92903],[-98.52914,30.93318],[-98.50346,30.95188],[-98.49586,30.95875],[-98.48936,30.96895]]]},"properties":{"layer":"fault","fault_type":"Normal"}},{"type":"Feature","geometry":{"type":"MultiLineString","coordinates":[[[-98.44469,30.99305],[-98.47529,30.96333]]]},"properties":{"layer":"fault","fault_type":"Normal"}},{"type":"Feature","geometry":{"type":"MultiLineString","coordinates":[[[-98.48807,30.9508],[-98.47529,30.96333]]]},"properties":{"layer":"fault","fault_type":"Normal"}},{"type":"Feature","geometry":{"type":"MultiLineString","coordinates":[[[-98.47748,30.94913],[-98.46516,30.95208]]]},"properties":{"layer":"fault","fault_type":"Unspecified"}},{"type":"Feature","geometry":{"type":"MultiLineString","coordinates":[[[-98.46516,30.95208],[-98.45781,30.95706]]]},"properties":{"layer":"fault","fault_type":"Normal"}},{"type":"Feature","geometry":{"type":"MultiLineString","coordinates":[[[-98.44287,30.98126],[-98.44969,30.97697],[-98.45674,30.97]]]},"properties":{"layer":"fault","fault_type":"Normal"}},{"type":"Feature","geometry":{"type":"MultiLineString","coordinates":[[[-98.42375,30.92182],[-98.41039,30.92444],[-98.40307,30.92861]]]},"properties":{"layer":"fault","fault_type":"Normal"}},{"type":"Feature","geometry":{"type":"MultiLineString","coordinates":[[[-98.40307,30.92861],[-98.39119,30.9349],[-98.37815,30.94411],[-98.36323,30.95797]]]},"properties":{"layer":"fault","fault_type":"Normal"}},{"type":"Feature","geometry":{"type":"MultiLineString","coordinates":[[[-98.42232,30.88202],[-98.41571,30.89186],[-98.4141,30.89974]]]},"properties":{"layer":"fault","fault_type":"Normal"}},{"type":"Feature","geometry":{"type":"MultiLineString","coordinates":[[[-98.39623,30.91249],[-98.40611,30.89719],[-98.42825,30.87562]]]},"properties":{"layer":"fault","fault_type":"Normal"}},{"type":"Feature","geometry":{"type":"MultiLineString","coordinates":[[[-98.86563,30.54193],[-98.86984,30.53733],[-98.87517,30.52659],[-98.88316,30.51874],[-98.89824,30.50762],[-98.90998,30.50169],[-98.91951,30.49881]]]},"properties":{"layer":"fault","fault_type":"Unspecified"}},{"type":"Feature","geometry":{"type":"MultiLineString","coordinates":[[[-99.11848,30.67601],[-99.1091,30.69347],[-99.10844,30.69923]]]},"properties":{"layer":"fault","fault_type":"Normal"}},{"type":"Feature","geometry":{"type":"MultiLineString","coordinates":[[[-99.09444,30.68351],[-99.10575,30.67641],[-99.11848,30.67601]]]},"properties":{"layer":"fault","fault_type":"Normal"}},{"type":"Feature","geometry":{"type":"MultiLineString","coordinates":[[[-99.09201,30.6979],[-99.0982,30.66989]]]},"properties":{"layer":"fault","fault_type":"Normal"}},{"type":"Feature","geometry":{"type":"MultiLineString","coordinates":[[[-99.0982,30.66989],[-99.11217,30.66739],[-99.11705,30.66527]]]},"properties":{"layer":"fault","fault_type":"Normal"}},{"type":"Feature","geometry":{"type":"MultiLineString","coordinates":[[[-99.08222,30.63297],[-99.11589,30.62289],[-99.14424,30.59811],[-99.15277,30.59553]]]},"properties":{"layer":"fault","fault_type":"Normal"}},{"type":"Feature","geometry":{"type":"MultiLineString","coordinates":[[[-99.09326,30.61025],[-99.08222,30.63297]]]},"properties":{"layer":"fault","fault_type":"Normal"}},{"type":"Feature","geometry":{"type":"MultiLineString","coordinates":[[[-98.84101,30.85398],[-98.83474,30.85453]]]},"properties":{"layer":"fault","fault_type":"Unspecified"}},{"type":"Feature","geometry":{"type":"MultiLineString","coordinates":[[[-98.84213,30.8204],[-98.83657,30.82461],[-98.82766,30.83553],[-98.82188,30.83456]]]},"properties":{"layer":"fault","fault_type":"Normal"}},{"type":"Feature","geometry":{"type":"MultiLineString","coordinates":[[[-98.83903,30.82284],[-98.8378,30.82246],[-98.83045,30.82784]]]},"properties":{"layer":"fault","fault_type":"Unspecified"}},{"type":"Feature","geometry":{"type":"MultiLineString","coordinates":[[[-98.83704792750292,30.855425074538122],[-98.83473853138399,30.854526084877552]]]},"properties":{"layer":"fault","fault_type":"Unspecified"}},{"type":"Feature","geometry":{"type":"MultiLineString","coordinates":[[[-98.83481,30.94371],[-98.8337,30.94352]]]},"properties":{"layer":"fault","fault_type":"Unspecified"}},{"type":"Feature","geometry":{"type":"MultiLineString","coordinates":[[[-98.83473853138399,30.854526084877552],[-98.83289860112075,30.85347893414433]]]},"properties":{"layer":"fault","fault_type":"Unspecified"}},{"type":"Feature","geometry":{"type":"MultiLineString","coordinates":[[[-98.80468,30.96035],[-98.81848,30.95642]]]},"properties":{"layer":"fault","fault_type":"Normal"}},{"type":"Feature","geometry":{"type":"MultiLineString","coordinates":[[[-98.82644,30.95933],[-98.79845,30.98509]]]},"properties":{"layer":"fault","fault_type":"Normal"}},{"type":"Feature","geometry":{"type":"MultiLineString","coordinates":[[[-98.80468,30.96035],[-98.76868,30.96317]]]},"properties":{"layer":"fault","fault_type":"Normal"}},{"type":"Feature","geometry":{"type":"MultiLineString","coordinates":[[[-98.74444,30.95565],[-98.76468,30.95952],[-98.79428,30.959],[-98.80468,30.96035]]]},"properties":{"layer":"fault","fault_type":"Normal"}},{"type":"Feature","geometry":{"type":"MultiLineString","coordinates":[[[-98.71696,30.91761],[-98.73742,30.91938],[-98.75433,30.91654],[-98.76725,30.90736],[-98.77205,30.8989]]]},"properties":{"layer":"fault","fault_type":"Normal"}},{"type":"Feature","geometry":{"type":"MultiLineString","coordinates":[[[-98.74815,30.89927],[-98.7629,30.89987],[-98.77795,30.89798],[-98.81543,30.88484]]]},"properties":{"layer":"fault","fault_type":"Normal"}},{"type":"Feature","geometry":{"type":"MultiLineString","coordinates":[[[-98.74494,30.93647],[-98.72505,30.96424]]]},"properties":{"layer":"fault","fault_type":"Normal"}},{"type":"Feature","geometry":{"type":"MultiLineString","coordinates":[[[-98.72283,30.96289],[-98.73042,30.95389],[-98.74223,30.93613]]]},"properties":{"layer":"fault","fault_type":"Normal"}},{"type":"Feature","geometry":{"type":"MultiLineString","coordinates":[[[-98.72831,30.4337],[-98.72411,30.43813],[-98.71391,30.44424]]]},"properties":{"layer":"fault","fault_type":"Normal"}},{"type":"Feature","geometry":{"type":"MultiLineString","coordinates":[[[-98.71922,30.441],[-98.70683,30.44135]]]},"properties":{"layer":"fault","fault_type":"Normal"}},{"type":"Feature","geometry":{"type":"MultiLineString","coordinates":[[[-98.71551,30.26074],[-98.71494,30.26406],[-98.71246,30.2666]]]},"properties":{"layer":"fault","fault_type":"Unspecified"}},{"type":"Feature","geometry":{"type":"MultiLineString","coordinates":[[[-98.71436,30.24965],[-98.70966,30.26272],[-98.70304,30.26708]]]},"properties":{"layer":"fault","fault_type":"Normal"}},{"type":"Feature","geometry":{"type":"MultiLineString","coordinates":[[[-98.71015,30.26152],[-98.70584,30.26374]]]},"properties":{"layer":"fault","fault_type":"Unspecified"}},{"type":"Feature","geometry":{"type":"MultiLineString","coordinates":[[[-98.70966,30.26272],[-98.70584,30.26374]]]},"properties":{"layer":"fault","fault_type":"Unspecified"}},{"type":"Feature","geometry":{"type":"MultiLineString","coordinates":[[[-98.70129,30.26911],[-98.70687,30.26742],[-98.70771,30.26423]]]},"properties":{"layer":"fault","fault_type":"Normal"}},{"type":"Feature","geometry":{"type":"MultiLineString","coordinates":[[[-98.70683,30.44135],[-98.7043,30.44405],[-98.69837,30.44515]]]},"properties":{"layer":"fault","fault_type":"Unspecified"}},{"type":"Feature","geometry":{"type":"MultiLineString","coordinates":[[[-98.67503,30.6185],[-98.69866,30.61493]]]},"properties":{"layer":"fault","fault_type":"Normal"}},{"type":"Feature","geometry":{"type":"MultiLineString","coordinates":[[[-98.701,30.61089],[-98.69641,30.61924],[-98.68223,30.62685],[-98.6723,30.63883]]]},"properties":{"layer":"fault","fault_type":"Normal"}},{"type":"Feature","geometry":{"type":"MultiLineString","coordinates":[[[-98.69558,30.47139],[-98.66887,30.47291]]]},"properties":{"layer":"fault","fault_type":"Unspecified"}},{"type":"Feature","geometry":{"type":"MultiLineString","coordinates":[[[-98.68299,30.47167],[-98.67082,30.48634],[-98.66901,30.49274]]]},"properties":{"layer":"fault","fault_type":"Unspecified"}},{"type":"Feature","geometry":{"type":"MultiLineString","coordinates":[[[-98.65742,30.95871],[-98.6891,30.93309]]]},"properties":{"layer":"fault","fault_type":"Normal"}},{"type":"Feature","geometry":{"type":"MultiLineString","coordinates":[[[-98.64079,30.5364],[-98.6471,30.52986],[-98.65167,30.5166],[-98.65969,30.50396],[-98.66858,30.49305],[-98.69617,30.47855]]]},"properties":{"layer":"fault","fault_type":"Normal"}},{"type":"Feature","geometry":{"type":"MultiLineString","coordinates":[[[-98.66544,30.56995],[-98.66185,30.58375],[-98.65935,30.60043],[-98.65934,30.60465],[-98.66726,30.6204],[-98.66769,30.6269],[-98.66518,30.63742]]]},"properties":{"layer":"fault","fault_type":"Normal"}},{"type":"Feature","geometry":{"type":"MultiLineString","coordinates":[[[-98.66759,30.62465],[-98.65947,30.62997],[-98.65101,30.63954],[-98.64765,30.64893],[-98.64405,30.65453],[-98.64271,30.66368],[-98.63892,30.66962]]]},"properties":{"layer":"fault","fault_type":"Normal"}},{"type":"Feature","geometry":{"type":"MultiLineString","coordinates":[[[-98.66518,30.63742],[-98.65899,30.64014],[-98.65587,30.64339],[-98.65385,30.65106],[-98.6485,30.6586],[-98.64937,30.66178]]]},"properties":{"layer":"fault","fault_type":"Normal"}},{"type":"Feature","geometry":{"type":"MultiLineString","coordinates":[[[-98.64059,30.99472],[-98.64733,30.97901],[-98.65234,30.97298]]]},"properties":{"layer":"fault","fault_type":"Normal"}},{"type":"Feature","geometry":{"type":"MultiLineString","coordinates":[[[-98.65475,30.39788],[-98.63276,30.41834]]]},"properties":{"layer":"fault","fault_type":"Normal"}},{"type":"Feature","geometry":{"type":"MultiLineString","coordinates":[[[-98.65227,30.40003],[-98.63675,30.40433]]]},"properties":{"layer":"fault","fault_type":"Normal"}},{"type":"Feature","geometry":{"type":"MultiLineString","coordinates":[[[-98.64697,30.475],[-98.64062,30.47849]]]},"properties":{"layer":"fault","fault_type":"Unspecified"}},{"type":"Feature","geometry":{"type":"MultiLineString","coordinates":[[[-98.64562,30.61536],[-98.64283,30.6305],[-98.63259,30.64179]]]},"properties":{"layer":"fault","fault_type":"Normal"}},{"type":"Feature","geometry":{"type":"MultiLineString","coordinates":[[[-98.64246,30.64774],[-98.64536,30.64359],[-98.64588,30.6452],[-98.64322,30.65029]]]},"properties":{"layer":"fault","fault_type":"Unspecified"}},{"type":"Feature","geometry":{"type":"MultiLineString","coordinates":[[[-98.64405,30.65453],[-98.64104,30.64023]]]},"properties":{"layer":"fault","fault_type":"Unspecified"}},{"type":"Feature","geometry":{"type":"MultiLineString","coordinates":[[[-98.64033,30.47612],[-98.63349,30.48315]]]},"properties":{"layer":"fault","fault_type":"Unspecified"}},{"type":"Feature","geometry":{"type":"MultiLineString","coordinates":[[[-98.63242,30.97782],[-98.62461,30.98412],[-98.61323,30.99061]]]},"properties":{"layer":"fault","fault_type":"Normal"}},{"type":"Feature","geometry":{"type":"MultiLineString","coordinates":[[[-98.61532,30.90755],[-98.6153,30.91754],[-98.61683,30.92522],[-98.62654,30.94712],[-98.62982,30.9594],[-98.63242,30.97782]]]},"properties":{"layer":"fault","fault_type":"Normal"}},{"type":"Feature","geometry":{"type":"MultiLineString","coordinates":[[[-98.64009,30.4828],[-98.63316,30.48317]]]},"properties":{"layer":"fault","fault_type":"Unspecified"}},{"type":"Feature","geometry":{"type":"MultiLineString","coordinates":[[[-98.62995,30.64979],[-98.64043,30.62187],[-98.64562,30.61536]]]},"properties":{"layer":"fault","fault_type":"Normal"}},{"type":"Feature","geometry":{"type":"MultiLineString","coordinates":[[[-98.6321,30.65426],[-98.62709,30.66313]]]},"properties":{"layer":"fault","fault_type":"Unspecified"}},{"type":"Feature","geometry":{"type":"MultiLineString","coordinates":[[[-98.61323,30.99061],[-98.61442,30.97163],[-98.61935,30.96301],[-98.62806,30.95402]]]},"properties":{"layer":"fault","fault_type":"Normal"}},{"type":"Feature","geometry":{"type":"MultiLineString","coordinates":[[[-98.62944,30.58572],[-98.62874,30.60284],[-98.62117,30.6126],[-98.61672,30.61624]]]},"properties":{"layer":"fault","fault_type":"Normal"}},{"type":"Feature","geometry":{"type":"MultiLineString","coordinates":[[[-98.62944,30.58572],[-98.61503,30.59494],[-98.60831,30.59756]]]},"properties":{"layer":"fault","fault_type":"Normal"}},{"type":"Feature","geometry":{"type":"MultiLineString","coordinates":[[[-98.62812,30.65862],[-98.62246,30.6685]]]},"properties":{"layer":"fault","fault_type":"Unspecified"}},{"type":"Feature","geometry":{"type":"MultiLineString","coordinates":[[[-98.61829,30.66841],[-98.62294,30.66106],[-98.63019,30.65765]]]},"properties":{"layer":"fault","fault_type":"Normal"}},{"type":"Feature","geometry":{"type":"MultiLineString","coordinates":[[[-98.63073,30.48719],[-98.62417,30.49667]]]},"properties":{"layer":"fault","fault_type":"Unspecified"}},{"type":"Feature","geometry":{"type":"MultiLineString","coordinates":[[[-98.63285,30.39628],[-98.62784,30.40109]]]},"properties":{"layer":"fault","fault_type":"Normal"}},{"type":"Feature","geometry":{"type":"MultiLineString","coordinates":[[[-98.6275,30.49182],[-98.62729,30.49035]]]},"properties":{"layer":"fault","fault_type":"Unspecified"}},{"type":"Feature","geometry":{"type":"MultiLineString","coordinates":[[[-98.6266,30.40059],[-98.62442,30.40105],[-98.62487,30.39933]]]},"properties":{"layer":"fault","fault_type":"Unspecified"}},{"type":"Feature","geometry":{"type":"MultiLineString","coordinates":[[[-98.61841,30.35443],[-98.6264,30.34697]]]},"properties":{"layer":"fault","fault_type":"Normal"}},{"type":"Feature","geometry":{"type":"MultiLineString","coordinates":[[[-98.60982,30.35636],[-98.6264,30.34697]]]},"properties":{"layer":"fault","fault_type":"Normal"}},{"type":"Feature","geometry":{"type":"MultiLineString","coordinates":[[[-98.59558,30.61513],[-98.60409,30.61485],[-98.61586,30.60933],[-98.6251,30.60694]]]},"properties":{"layer":"fault","fault_type":"Normal"}},{"type":"Feature","geometry":{"type":"MultiLineString","coordinates":[[[-98.60746,30.67577],[-98.61298,30.66417],[-98.62992,30.6484]]]},"properties":{"layer":"fault","fault_type":"Normal"}},{"type":"Feature","geometry":{"type":"MultiLineString","coordinates":[[[-98.60998,30.66919],[-98.61099,30.66244],[-98.61568,30.65536],[-98.61724,30.65364],[-98.62389,30.65347]]]},"properties":{"layer":"fault","fault_type":"Normal"}},{"type":"Feature","geometry":{"type":"MultiLineString","coordinates":[[[-98.6244,30.3649],[-98.61998,30.36898],[-98.61267,30.37134]]]},"properties":{"layer":"fault","fault_type":"Normal"}},{"type":"Feature","geometry":{"type":"MultiLineString","coordinates":[[[-98.62137,30.93558],[-98.6137,30.92751]]]},"properties":{"layer":"fault","fault_type":"Unspecified"}},{"type":"Feature","geometry":{"type":"MultiLineString","coordinates":[[[-98.61713,30.62506],[-98.63067,30.62088],[-98.64678,30.61287]]]},"properties":{"layer":"fault","fault_type":"Normal"}},{"type":"Feature","geometry":{"type":"MultiLineString","coordinates":[[[-98.60831,30.59756],[-98.61997,30.57846]]]},"properties":{"layer":"fault","fault_type":"Normal"}},{"type":"Feature","geometry":{"type":"MultiLineString","coordinates":[[[-98.61997,30.57846],[-98.6115,30.58409],[-98.59154,30.59257],[-98.58268,30.59809]]]},"properties":{"layer":"fault","fault_type":"Normal"}},{"type":"Feature","geometry":{"type":"MultiLineString","coordinates":[[[-98.60021,30.58588],[-98.61997,30.57846]]]},"properties":{"layer":"fault","fault_type":"Normal"}},{"type":"Feature","geometry":{"type":"MultiLineString","coordinates":[[[-98.61744,30.66484],[-98.61195,30.66645]]]},"properties":{"layer":"fault","fault_type":"Normal"}},{"type":"Feature","geometry":{"type":"MultiLineString","coordinates":[[[-98.61505,30.645],[-98.61713,30.62506]]]},"properties":{"layer":"fault","fault_type":"Normal"}},{"type":"Feature","geometry":{"type":"MultiLineString","coordinates":[[[-98.59876,30.61522],[-98.61162,30.6166],[-98.62315,30.61606],[-98.62759,30.61454],[-98.63493,30.60842],[-98.6425,30.59962],[-98.65166,30.58219]]]},"properties":{"layer":"fault","fault_type":"Normal"}},{"type":"Feature","geometry":{"type":"MultiLineString","coordinates":[[[-98.61532,30.90755],[-98.60848,30.90007],[-98.60573,30.89249]]]},"properties":{"layer":"fault","fault_type":"Unspecified"}},{"type":"Feature","geometry":{"type":"MultiLineString","coordinates":[[[-98.61206,30.67376],[-98.60746,30.67577]]]},"properties":{"layer":"fault","fault_type":"Unspecified"}},{"type":"Feature","geometry":{"type":"MultiLineString","coordinates":[[[-98.59773,30.54176],[-98.61245,30.52244],[-98.61256,30.51965],[-98.62582,30.5009],[-98.62828,30.49102]]]},"properties":{"layer":"fault","fault_type":"Normal"}},{"type":"Feature","geometry":{"type":"MultiLineString","coordinates":[[[-99.27515,30.63127],[-99.27956,30.62302]]]},"properties":{"layer":"fault","fault_type":"Normal"}},{"type":"Feature","geometry":{"type":"MultiLineString","coordinates":[[[-99.26764,30.64338],[-99.27316,30.63397]]]},"properties":{"layer":"fault","fault_type":"Normal"}},{"type":"Feature","geometry":{"type":"MultiLineString","coordinates":[[[-99.11891,30.72952],[-99.15439,30.70801],[-99.1586,30.70436]]]},"properties":{"layer":"fault","fault_type":"Normal"}},{"type":"Feature","geometry":{"type":"MultiLineString","coordinates":[[[-99.11737,30.74391],[-99.13178,30.7297]]]},"properties":{"layer":"fault","fault_type":"Normal"}},{"type":"Feature","geometry":{"type":"MultiLineString","coordinates":[[[-99.11714,30.74199],[-99.12402,30.73278],[-99.13178,30.7297]]]},"properties":{"layer":"fault","fault_type":"Normal"}},{"type":"Feature","geometry":{"type":"MultiLineString","coordinates":[[[-99.15795,30.71145],[-99.14819,30.71703],[-99.14221,30.72317],[-99.13178,30.7297]]]},"properties":{"layer":"fault","fault_type":"Normal"}},{"type":"Feature","geometry":{"type":"MultiLineString","coordinates":[[[-99.10998,30.68599],[-99.10377,30.69444],[-99.0949,30.70077]]]},"properties":{"layer":"fault","fault_type":"Normal"}},{"type":"Feature","geometry":{"type":"MultiLineString","coordinates":[[[-99.13636,30.67197],[-99.15477,30.66619],[-99.16341,30.65966],[-99.16562,30.65371],[-99.17935,30.64104]]]},"properties":{"layer":"fault","fault_type":"Normal"}},{"type":"Feature","geometry":{"type":"MultiLineString","coordinates":[[[-99.17959,30.65158],[-99.19244,30.64217],[-99.2115,30.63293]]]},"properties":{"layer":"fault","fault_type":"Normal"}},{"type":"Feature","geometry":{"type":"MultiLineString","coordinates":[[[-99.14442,30.67598],[-99.15337,30.67521],[-99.16017,30.67276]]]},"properties":{"layer":"fault","fault_type":"Normal"}},{"type":"Feature","geometry":{"type":"MultiLineString","coordinates":[[[-99.18316,30.66083],[-99.18602,30.65812],[-99.19092,30.65655],[-99.21905,30.64059]]]},"properties":{"layer":"fault","fault_type":"Normal"}},{"type":"Feature","geometry":{"type":"MultiLineString","coordinates":[[[-99.17385,30.66789],[-99.16077,30.67443]]]},"properties":{"layer":"fault","fault_type":"Unspecified"}},{"type":"Feature","geometry":{"type":"MultiLineString","coordinates":[[[-99.21768,30.67277],[-99.20183,30.67802],[-99.19075,30.68609],[-99.18144,30.68956]]]},"properties":{"layer":"fault","fault_type":"Normal"}},{"type":"Feature","geometry":{"type":"MultiLineString","coordinates":[[[-99.19787,30.69625],[-99.2085,30.68626],[-99.21768,30.67277]]]},"properties":{"layer":"fault","fault_type":"Normal"}},{"type":"Feature","geometry":{"type":"MultiLineString","coordinates":[[[-99.20499,30.70506],[-99.22005,30.69103]]]},"properties":{"layer":"fault","fault_type":"Normal"}},{"type":"Feature","geometry":{"type":"MultiLineString","coordinates":[[[-99.07544,30.95638],[-99.06712,30.96106],[-99.05221,30.97353],[-99.04954,30.97929],[-99.04977,30.98408]]]},"properties":{"layer":"fault","fault_type":"Normal"}},{"type":"Feature","geometry":{"type":"MultiLineString","coordinates":[[[-99.04977,30.98408],[-99.03885,31.00013]]]},"properties":{"layer":"fault","fault_type":"Unspecified"}},{"type":"Feature","geometry":{"type":"MultiLineString","coordinates":[[[-99.04978,30.99828],[-99.05211,30.98897],[-99.05711,30.98427],[-99.06201,30.97545]]]},"properties":{"layer":"fault","fault_type":"Normal"}},{"type":"Feature","geometry":{"type":"MultiLineString","coordinates":[[[-99.08748,30.96249],[-99.08292,30.96489],[-99.07284,30.9674]]]},"properties":{"layer":"fault","fault_type":"Normal"}},{"type":"Feature","geometry":{"type":"MultiLineString","coordinates":[[[-99.07284,30.9674],[-99.07446,30.96547],[-99.08703,30.95942]]]},"properties":{"layer":"fault","fault_type":"Normal"}},{"type":"Feature","geometry":{"type":"MultiLineString","coordinates":[[[-99.24571,30.74258],[-99.25522,30.73105],[-99.25874,30.71666]]]},"properties":{"layer":"fault","fault_type":"Normal"}},{"type":"Feature","geometry":{"type":"MultiLineString","coordinates":[[[-99.25874,30.71666],[-99.2947,30.68389],[-99.3134,30.6638]]]},"properties":{"layer":"fault","fault_type":"Normal"}},{"type":"Feature","geometry":{"type":"MultiLineString","coordinates":[[[-99.3866,30.66176],[-99.40319,30.64859],[-99.422,30.63932],[-99.4222,30.63453],[-99.42539,30.62886]]]},"properties":{"layer":"fault","fault_type":"Normal"}},{"type":"Feature","geometry":{"type":"MultiLineString","coordinates":[[[-99.47782,30.73666],[-99.47357,30.75269],[-99.47103,30.75606]]]},"properties":{"layer":"fault","fault_type":"Normal"}},{"type":"Feature","geometry":{"type":"MultiLineString","coordinates":[[[-98.54698,30.35401],[-98.5559,30.33754]]]},"properties":{"layer":"fault","fault_type":"Unspecified"}},{"type":"Feature","geometry":{"type":"MultiLineString","coordinates":[[[-99.22978,30.67625],[-99.23726,30.66115]]]},"properties":{"layer":"fault","fault_type":"Normal"}},{"type":"Feature","geometry":{"type":"MultiLineString","coordinates":[[[-99.25684,30.66948],[-99.25705,30.66546],[-99.2609,30.65461]]]},"properties":{"layer":"fault","fault_type":"Normal"}},{"type":"Feature","geometry":{"type":"MultiLineString","coordinates":[[[-99.25684,30.66948],[-99.26681,30.66121],[-99.27166,30.65449]]]},"properties":{"layer":"fault","fault_type":"Normal"}},{"type":"Feature","geometry":{"type":"MultiLineString","coordinates":[[[-99.21128,30.73574],[-99.22725,30.72331]]]},"properties":{"layer":"fault","fault_type":"Normal"}},{"type":"Feature","geometry":{"type":"MultiLineString","coordinates":[[[-99.32513,30.65744],[-99.32727,30.6575],[-99.33194,30.65364],[-99.33486,30.64763]]]},"properties":{"layer":"fault","fault_type":"Normal"}},{"type":"Feature","geometry":{"type":"MultiLineString","coordinates":[[[-99.34703,30.63916],[-99.35165,30.62888],[-99.35601,30.60787],[-99.36966,30.58213]]]},"properties":{"layer":"fault","fault_type":"Normal"}},{"type":"Feature","geometry":{"type":"MultiLineString","coordinates":[[[-99.38071,30.63024],[-99.37008,30.63411],[-99.35711,30.63567]]]},"properties":{"layer":"fault","fault_type":"Unspecified"}},{"type":"Feature","geometry":{"type":"MultiLineString","coordinates":[[[-99.36199,30.63841],[-99.35594,30.64251]]]},"properties":{"layer":"fault","fault_type":"Normal"}},{"type":"Feature","geometry":{"type":"MultiLineString","coordinates":[[[-99.32024,30.654],[-99.3307,30.6449],[-99.33329,30.64323],[-99.33684,30.64302]]]},"properties":{"layer":"fault","fault_type":"Normal"}},{"type":"Feature","geometry":{"type":"MultiLineString","coordinates":[[[-99.38382,30.63196],[-99.3719,30.64734]]]},"properties":{"layer":"fault","fault_type":"Normal"}},{"type":"Feature","geometry":{"type":"MultiLineString","coordinates":[[[-99.40726436622055,30.61597046675749],[-99.41400601491704,30.61086646399773]]]},"properties":{"layer":"fault","fault_type":"Unspecified"}},{"type":"Feature","geometry":{"type":"MultiLineString","coordinates":[[[-99.40549677908376,30.617510403085667],[-99.4041694616576,30.61828174006505]]]},"properties":{"layer":"fault","fault_type":"Unspecified"}},{"type":"Feature","geometry":{"type":"MultiLineString","coordinates":[[[-99.39719641323214,30.621276141651332],[-99.39251308961752,30.6229924728034]]]},"properties":{"layer":"fault","fault_type":"Unspecified"}},{"type":"Feature","geometry":{"type":"MultiLineString","coordinates":[[[-99.35014,30.64069],[-99.34217,30.6457]]]},"properties":{"layer":"fault","fault_type":"Normal"}},{"type":"Feature","geometry":{"type":"MultiLineString","coordinates":[[[-99.31605,30.65995],[-99.31759,30.65842]]]},"properties":{"layer":"fault","fault_type":"Normal"}},{"type":"Feature","geometry":{"type":"MultiLineString","coordinates":[[[-99.31526,30.65833],[-99.31681,30.65717]]]},"properties":{"layer":"fault","fault_type":"Normal"}},{"type":"Feature","geometry":{"type":"MultiLineString","coordinates":[[[-99.48411,30.61753],[-99.47279,30.63934],[-99.468,30.64405]]]},"properties":{"layer":"fault","fault_type":"Unspecified"}},{"type":"Feature","geometry":{"type":"MultiLineString","coordinates":[[[-99.52516,30.62216],[-99.51184,30.64053],[-99.49834,30.65157]]]},"properties":{"layer":"fault","fault_type":"Unspecified"}},{"type":"Feature","geometry":{"type":"MultiLineString","coordinates":[[[-99.4679,30.64599],[-99.46974,30.64989],[-99.46941,30.67445]]]},"properties":{"layer":"fault","fault_type":"Normal"}},{"type":"Feature","geometry":{"type":"MultiLineString","coordinates":[[[-99.47305,30.69285],[-99.47082,30.69064],[-99.47123,30.68193]]]},"properties":{"layer":"fault","fault_type":"Unspecified"}},{"type":"Feature","geometry":{"type":"MultiLineString","coordinates":[[[-99.45772,30.65605],[-99.42757,30.67451],[-99.42442,30.68439]]]},"properties":{"layer":"fault","fault_type":"Normal"}},{"type":"Feature","geometry":{"type":"MultiLineString","coordinates":[[[-99.41064,30.68133],[-99.40738,30.68623]]]},"properties":{"layer":"fault","fault_type":"Unspecified"}},{"type":"Feature","geometry":{"type":"MultiLineString","coordinates":[[[-99.40862,30.67979],[-99.40585,30.6817]]]},"properties":{"layer":"fault","fault_type":"Unspecified"}},{"type":"Feature","geometry":{"type":"MultiLineString","coordinates":[[[-99.42044,30.68815],[-99.40829,30.70361]]]},"properties":{"layer":"fault","fault_type":"Normal"}},{"type":"Feature","geometry":{"type":"MultiLineString","coordinates":[[[-99.40613,30.7059],[-99.401,30.7104]]]},"properties":{"layer":"fault","fault_type":"Unspecified"}},{"type":"Feature","geometry":{"type":"MultiLineString","coordinates":[[[-99.48151,30.69742],[-99.4848,30.68916]]]},"properties":{"layer":"fault","fault_type":"Normal"}},{"type":"Feature","geometry":{"type":"MultiLineString","coordinates":[[[-99.49061,30.69777],[-99.49633,30.68726]]]},"properties":{"layer":"fault","fault_type":"Normal"}},{"type":"Feature","geometry":{"type":"MultiLineString","coordinates":[[[-99.3949,30.66825],[-99.39666,30.66193]]]},"properties":{"layer":"fault","fault_type":"Unspecified"}},{"type":"Feature","geometry":{"type":"MultiLineString","coordinates":[[[-99.39918,30.6762],[-99.40704,30.66776]]]},"properties":{"layer":"fault","fault_type":"Unspecified"}},{"type":"Feature","geometry":{"type":"MultiLineString","coordinates":[[[-99.38844,30.67702],[-99.38603,30.68489]]]},"properties":{"layer":"fault","fault_type":"Normal"}},{"type":"Feature","geometry":{"type":"MultiLineString","coordinates":[[[-99.27247,30.70455],[-99.27289,30.6963],[-99.27514,30.6932],[-99.29413,30.67631]]]},"properties":{"layer":"fault","fault_type":"Normal"}},{"type":"Feature","geometry":{"type":"MultiLineString","coordinates":[[[-99.30386,30.66612],[-99.31228,30.66016]]]},"properties":{"layer":"fault","fault_type":"Normal"}},{"type":"Feature","geometry":{"type":"MultiLineString","coordinates":[[[-99.25576,30.76577],[-99.25774,30.7579],[-99.26083,30.75252],[-99.26258,30.74236],[-99.26965,30.72872],[-99.27007,30.7222]]]},"properties":{"layer":"fault","fault_type":"Normal"}},{"type":"Feature","geometry":{"type":"MultiLineString","coordinates":[[[-99.28388,30.77348],[-99.30121,30.74035]]]},"properties":{"layer":"fault","fault_type":"Normal"}},{"type":"Feature","geometry":{"type":"MultiLineString","coordinates":[[[-99.30102,30.73437],[-99.31753,30.7056]]]},"properties":{"layer":"fault","fault_type":"Normal"}},{"type":"Feature","geometry":{"type":"MultiLineString","coordinates":[[[-99.25718,30.71647],[-99.2532,30.72108]]]},"properties":{"layer":"fault","fault_type":"Normal"}},{"type":"Feature","geometry":{"type":"MultiLineString","coordinates":[[[-99.27472,30.76643],[-99.28231,30.76234],[-99.29683,30.74932]]]},"properties":{"layer":"fault","fault_type":"Normal"}},{"type":"Feature","geometry":{"type":"MultiLineString","coordinates":[[[-99.32135,30.72074],[-99.30133,30.74187]]]},"properties":{"layer":"fault","fault_type":"Normal"}},{"type":"Feature","geometry":{"type":"MultiLineString","coordinates":[[[-99.34165,30.74417],[-99.34866,30.72336]]]},"properties":{"layer":"fault","fault_type":"Normal"}},{"type":"Feature","geometry":{"type":"MultiLineString","coordinates":[[[-99.32834,30.75141],[-99.33381,30.74021]]]},"properties":{"layer":"fault","fault_type":"Normal"}},{"type":"Feature","geometry":{"type":"MultiLineString","coordinates":[[[-99.34948,30.70456],[-99.34265,30.71858],[-99.32764,30.74221],[-99.32656,30.75027]]]},"properties":{"layer":"fault","fault_type":"Normal"}},{"type":"Feature","geometry":{"type":"MultiLineString","coordinates":[[[-99.3296,30.7305],[-99.32509,30.73638]]]},"properties":{"layer":"fault","fault_type":"Unspecified"}},{"type":"Feature","geometry":{"type":"MultiLineString","coordinates":[[[-99.32154,30.75866],[-99.31305,30.76373],[-99.29732,30.77661]]]},"properties":{"layer":"fault","fault_type":"Normal"}},{"type":"Feature","geometry":{"type":"MultiLineString","coordinates":[[[-99.32388,30.74835],[-99.32233,30.74338]]]},"properties":{"layer":"fault","fault_type":"Normal"}},{"type":"Feature","geometry":{"type":"MultiLineString","coordinates":[[[-99.32934,30.75285],[-99.33714,30.75067]]]},"properties":{"layer":"fault","fault_type":"Unspecified"}},{"type":"Feature","geometry":{"type":"MultiLineString","coordinates":[[[-99.33528,30.75343],[-99.33012,30.75486]]]},"properties":{"layer":"fault","fault_type":"Normal"}},{"type":"Feature","geometry":{"type":"MultiLineString","coordinates":[[[-99.32712,30.75324],[-99.32216,30.75368]]]},"properties":{"layer":"fault","fault_type":"Unspecified"}},{"type":"Feature","geometry":{"type":"MultiLineString","coordinates":[[[-99.42807,30.75899],[-99.42367,30.76706]]]},"properties":{"layer":"fault","fault_type":"Normal"}},{"type":"Feature","geometry":{"type":"MultiLineString","coordinates":[[[-99.42213,30.76994],[-99.41464,30.78588],[-99.41469,30.79739]]]},"properties":{"layer":"fault","fault_type":"Normal"}},{"type":"Feature","geometry":{"type":"MultiLineString","coordinates":[[[-99.42013,30.77148],[-99.42037,30.77501]]]},"properties":{"layer":"fault","fault_type":"Unspecified"}},{"type":"Feature","geometry":{"type":"MultiLineString","coordinates":[[[-99.38225,30.77606],[-99.39432,30.76419],[-99.40141,30.75485]]]},"properties":{"layer":"fault","fault_type":"Normal"}},{"type":"Feature","geometry":{"type":"MultiLineString","coordinates":[[[-99.38807,30.75048],[-99.39469,30.74042]]]},"properties":{"layer":"fault","fault_type":"Normal"}},{"type":"Feature","geometry":{"type":"MultiLineString","coordinates":[[[-99.39767,30.77249],[-99.39462,30.7777]]]},"properties":{"layer":"fault","fault_type":"Normal"}},{"type":"Feature","geometry":{"type":"MultiLineString","coordinates":[[[-99.39948,30.7725],[-99.39772,30.7757],[-99.39954,30.78574],[-99.39926,30.8006]]]},"properties":{"layer":"fault","fault_type":"Normal"}},{"type":"Feature","geometry":{"type":"MultiLineString","coordinates":[[[-99.40163,30.75466],[-99.40071,30.76417]]]},"properties":{"layer":"fault","fault_type":"Normal"}},{"type":"Feature","geometry":{"type":"MultiLineString","coordinates":[[[-99.39668,30.73833],[-99.40319,30.73078]]]},"properties":{"layer":"fault","fault_type":"Normal"}},{"type":"Feature","geometry":{"type":"MultiLineString","coordinates":[[[-99.41797,30.73428],[-99.41218,30.73951]]]},"properties":{"layer":"fault","fault_type":"Unspecified"}},{"type":"Feature","geometry":{"type":"MultiLineString","coordinates":[[[-99.41642,30.73447],[-99.41307,30.73719],[-99.4121,30.74125]]]},"properties":{"layer":"fault","fault_type":"Unspecified"}},{"type":"Feature","geometry":{"type":"MultiLineString","coordinates":[[[-99.41294,30.74113],[-99.42086,30.73446]]]},"properties":{"layer":"fault","fault_type":"Normal"}},{"type":"Feature","geometry":{"type":"MultiLineString","coordinates":[[[-99.41829,30.75595],[-99.4152,30.76075]]]},"properties":{"layer":"fault","fault_type":"Unspecified"}},{"type":"Feature","geometry":{"type":"MultiLineString","coordinates":[[[-99.41784,30.75518],[-99.41453,30.75884]]]},"properties":{"layer":"fault","fault_type":"Unspecified"}},{"type":"Feature","geometry":{"type":"MultiLineString","coordinates":[[[-99.43332,30.74056],[-99.42512,30.7448]]]},"properties":{"layer":"fault","fault_type":"Normal"}},{"type":"Feature","geometry":{"type":"MultiLineString","coordinates":[[[-99.42446,30.74423],[-99.43108,30.73538]]]},"properties":{"layer":"fault","fault_type":"Normal"}},{"type":"Feature","geometry":{"type":"MultiLineString","coordinates":[[[-99.42756,30.74211],[-99.43264,30.73806]]]},"properties":{"layer":"fault","fault_type":"Normal"}},{"type":"Feature","geometry":{"type":"MultiLineString","coordinates":[[[-99.42258,30.72045],[-99.42477,30.71546],[-99.43559,30.70142],[-99.44024,30.69853],[-99.4406,30.69711]]]},"properties":{"layer":"fault","fault_type":"Normal"}},{"type":"Feature","geometry":{"type":"MultiLineString","coordinates":[[[-99.35476,30.75153],[-99.34747,30.76057]]]},"properties":{"layer":"fault","fault_type":"Normal"}},{"type":"Feature","geometry":{"type":"MultiLineString","coordinates":[[[-99.39438,30.71704],[-99.38884,30.72267],[-99.38686,30.72728],[-99.37989,30.73257]]]},"properties":{"layer":"fault","fault_type":"Normal"}},{"type":"Feature","geometry":{"type":"MultiLineString","coordinates":[[[-99.37622,30.73134],[-99.37266,30.73529]]]},"properties":{"layer":"fault","fault_type":"Normal"}},{"type":"Feature","geometry":{"type":"MultiLineString","coordinates":[[[-99.34984348732101,30.74253357917467],[-99.35505610728417,30.741080947150778]]]},"properties":{"layer":"fault","fault_type":"Unspecified"}},{"type":"Feature","geometry":{"type":"MultiLineString","coordinates":[[[-99.36205,30.74001],[-99.35683,30.74165],[-99.35506,30.74108]]]},"properties":{"layer":"fault","fault_type":"Unspecified"}},{"type":"Feature","geometry":{"type":"MultiLineString","coordinates":[[[-99.37926,30.71272],[-99.37285,30.72041],[-99.37209,30.72464]]]},"properties":{"layer":"fault","fault_type":"Normal"}},{"type":"Feature","geometry":{"type":"MultiLineString","coordinates":[[[-99.45943,30.72109],[-99.45346,30.72687]]]},"properties":{"layer":"fault","fault_type":"Unspecified"}},{"type":"Feature","geometry":{"type":"MultiLineString","coordinates":[[[-99.47343,30.70215],[-99.47223,30.70235]]]},"properties":{"layer":"fault","fault_type":"Unspecified"}},{"type":"Feature","geometry":{"type":"MultiLineString","coordinates":[[[-99.45926,30.71344],[-99.46058,30.70567],[-99.46731,30.69805]]]},"properties":{"layer":"fault","fault_type":"Normal"}},{"type":"Feature","geometry":{"type":"MultiLineString","coordinates":[[[-99.46023,30.70268],[-99.44884,30.71202]]]},"properties":{"layer":"fault","fault_type":"Normal"}},{"type":"Feature","geometry":{"type":"MultiLineString","coordinates":[[[-99.44096,30.71118],[-99.44945,30.70172]]]},"properties":{"layer":"fault","fault_type":"Normal"}},{"type":"Feature","geometry":{"type":"MultiLineString","coordinates":[[[-99.44179,30.69813],[-99.44003,30.7033],[-99.4343,30.71102],[-99.4259,30.7191],[-99.42258,30.72045]]]},"properties":{"layer":"fault","fault_type":"Normal"}},{"type":"Feature","geometry":{"type":"MultiLineString","coordinates":[[[-99.43886366455484,30.714164744098465],[-99.4415298508434,30.713090371456158]]]},"properties":{"layer":"fault","fault_type":"Normal"}},{"type":"Feature","geometry":{"type":"MultiLineString","coordinates":[[[-99.43344,30.71677],[-99.4259,30.7191]]]},"properties":{"layer":"fault","fault_type":"Normal"}},{"type":"Feature","geometry":{"type":"MultiLineString","coordinates":[[[-99.46776,30.69901],[-99.46171,30.70601]]]},"properties":{"layer":"fault","fault_type":"Unspecified"}},{"type":"Feature","geometry":{"type":"MultiLineString","coordinates":[[[-99.46909,30.69862],[-99.46914,30.7084],[-99.46717,30.71601],[-99.45879,30.72627]]]},"properties":{"layer":"fault","fault_type":"Unspecified"}},{"type":"Feature","geometry":{"type":"MultiLineString","coordinates":[[[-99.13541,30.78053],[-99.14029,30.77688]]]},"properties":{"layer":"fault","fault_type":"Normal"}},{"type":"Feature","geometry":{"type":"MultiLineString","coordinates":[[[-99.40033,30.70901],[-99.39748,30.71804]]]},"properties":{"layer":"fault","fault_type":"Unspecified"}},{"type":"Feature","geometry":{"type":"MultiLineString","coordinates":[[[-99.49109,30.68367],[-99.48038,30.69225]]]},"properties":{"layer":"fault","fault_type":"Normal"}},{"type":"Feature","geometry":{"type":"MultiLineString","coordinates":[[[-99.48419,30.7198],[-99.48387,30.71637]]]},"properties":{"layer":"fault","fault_type":"Unspecified"}},{"type":"Feature","geometry":{"type":"MultiLineString","coordinates":[[[-98.61744,30.66484],[-98.60975,30.67775]]]},"properties":{"layer":"fault","fault_type":"Normal"}},{"type":"Feature","geometry":{"type":"MultiLineString","coordinates":[[[-98.64562,30.61536],[-98.65,30.6123],[-98.66125,30.60824]]]},"properties":{"layer":"fault","fault_type":"Normal"}},{"type":"Feature","geometry":{"type":"MultiLineString","coordinates":[[[-98.6225,30.62332],[-98.61975,30.63542],[-98.61505,30.645]]]},"properties":{"layer":"fault","fault_type":"Normal"}},{"type":"Feature","geometry":{"type":"MultiLineString","coordinates":[[[-98.60352,30.63574],[-98.59822,30.639],[-98.59632,30.64259]]]},"properties":{"layer":"fault","fault_type":"Unspecified"}},{"type":"Feature","geometry":{"type":"MultiLineString","coordinates":[[[-98.56017,30.6174],[-98.55814,30.62474],[-98.55833,30.63063]]]},"properties":{"layer":"fault","fault_type":"Unspecified"}},{"type":"Feature","geometry":{"type":"MultiLineString","coordinates":[[[-98.41766,30.4937],[-98.41835,30.48853],[-98.42983,30.47602]]]},"properties":{"layer":"fault","fault_type":"Normal"}},{"type":"Feature","geometry":{"type":"MultiLineString","coordinates":[[[-98.44034,30.46482],[-98.43436,30.47348],[-98.42983,30.47602]]]},"properties":{"layer":"fault","fault_type":"Normal"}},{"type":"Feature","geometry":{"type":"MultiLineString","coordinates":[[[-98.42324,30.5038],[-98.42026,30.50273],[-98.41294,30.50366]]]},"properties":{"layer":"fault","fault_type":"Unspecified"}},{"type":"Feature","geometry":{"type":"MultiLineString","coordinates":[[[-98.41294,30.50366],[-98.40981,30.5094]]]},"properties":{"layer":"fault","fault_type":"Normal"}},{"type":"Feature","geometry":{"type":"MultiLineString","coordinates":[[[-98.27377,30.60416],[-98.2702,30.60136]]]},"properties":{"layer":"fault","fault_type":"Unspecified"}},{"type":"Feature","geometry":{"type":"MultiLineString","coordinates":[[[-98.26359,30.60877],[-98.25753,30.61104]]]},"properties":{"layer":"fault","fault_type":"Unspecified"}},{"type":"Feature","geometry":{"type":"MultiLineString","coordinates":[[[-98.25753,30.61104],[-98.25178,30.61582]]]},"properties":{"layer":"fault","fault_type":"Unspecified"}},{"type":"Feature","geometry":{"type":"MultiLineString","coordinates":[[[-98.25801,30.51802],[-98.25588,30.52175],[-98.25636,30.52736]]]},"properties":{"layer":"fault","fault_type":"Normal"}},{"type":"Feature","geometry":{"type":"MultiLineString","coordinates":[[[-98.25178,30.61582],[-98.24509,30.61891],[-98.24261,30.61862]]]},"properties":{"layer":"fault","fault_type":"Unspecified"}},{"type":"Feature","geometry":{"type":"MultiLineString","coordinates":[[[-98.25178,30.61582],[-98.24261,30.61862]]]},"properties":{"layer":"fault","fault_type":"Unspecified"}},{"type":"Feature","geometry":{"type":"MultiLineString","coordinates":[[[-98.22162,30.67882],[-98.23186,30.66037],[-98.23904,30.65025],[-98.23999,30.64201],[-98.23892,30.63682],[-98.23683,30.6346]]]},"properties":{"layer":"fault","fault_type":"Normal"}},{"type":"Feature","geometry":{"type":"MultiLineString","coordinates":[[[-98.23617,30.70528],[-98.23481,30.70891],[-98.23205,30.71102]]]},"properties":{"layer":"fault","fault_type":"Unspecified"}},{"type":"Feature","geometry":{"type":"MultiLineString","coordinates":[[[-98.37635,29.90421],[-98.36523,29.90365],[-98.35034,29.90897],[-98.33443,29.92459],[-98.32256,29.93141],[-98.30111,29.94714],[-98.28553,29.96112],[-98.27915,29.96848],[-98.26972,29.97471],[-98.25728,29.9869],[-98.24561,29.99605],[-98.2191,30.01021],[-98.20115,30.025],[-98.18897,30.03067],[-98.17126,30.036]]]},"properties":{"layer":"fault","fault_type":"Normal"}},{"type":"Feature","geometry":{"type":"MultiLineString","coordinates":[[[-98.2191,30.01021],[-98.20598,30.00927],[-98.17804,30.01444],[-98.16496,30.02433],[-98.15068,30.02815],[-98.14333,30.02845]]]},"properties":{"layer":"fault","fault_type":"Normal"}},{"type":"Feature","geometry":{"type":"MultiLineString","coordinates":[[[-98.11687,30.02862],[-98.10488,30.04307]]]},"properties":{"layer":"fault","fault_type":"Unspecified"}},{"type":"Feature","geometry":{"type":"MultiLineString","coordinates":[[[-98.10616492740824,30.04051781370069],[-98.10600880021185,30.036009533787794]]]},"properties":{"layer":"fault","fault_type":"Unspecified"}},{"type":"Feature","geometry":{"type":"MultiLineString","coordinates":[[[-98.09442,30.04937],[-98.08311,30.05585]]]},"properties":{"layer":"fault","fault_type":"Unspecified"}},{"type":"Feature","geometry":{"type":"MultiLineString","coordinates":[[[-98.09152,30.05242],[-98.07072,30.07187]]]},"properties":{"layer":"fault","fault_type":"Normal"}},{"type":"Feature","geometry":{"type":"MultiLineString","coordinates":[[[-98.09152,30.05242],[-98.06485,30.06913],[-98.03466,30.09087],[-98.00119,30.11257],[-97.98061,30.13297],[-97.96009,30.14721],[-97.93469,30.1786],[-97.91075,30.19163],[-97.88938,30.207],[-97.88465,30.21461],[-97.87171,30.22946]]]},"properties":{"layer":"fault","fault_type":"Normal"}},{"type":"Feature","geometry":{"type":"MultiLineString","coordinates":[[[-98.07463814916849,30.06846233796444],[-98.07103532007594,30.065274599650852]]]},"properties":{"layer":"fault","fault_type":"Normal"}},{"type":"Feature","geometry":{"type":"MultiLineString","coordinates":[[[-98.05638,30.02377],[-98.04824,30.0329]]]},"properties":{"layer":"fault","fault_type":"Normal"}},{"type":"Feature","geometry":{"type":"MultiLineString","coordinates":[[[-99.38483,30.49774],[-99.38119,30.50376]]]},"properties":{"layer":"fault","fault_type":"Normal"}},{"type":"Feature","geometry":{"type":"MultiLineString","coordinates":[[[-99.38617,30.50487],[-99.38466,30.51342]]]},"properties":{"layer":"fault","fault_type":"Unspecified"}},{"type":"Feature","geometry":{"type":"MultiLineString","coordinates":[[[-99.22725,30.72331],[-99.22878,30.71883],[-99.24117,30.70346],[-99.24935,30.68983],[-99.26675,30.67971],[-99.30204,30.64982]]]},"properties":{"layer":"fault","fault_type":"Normal"}},{"type":"Feature","geometry":{"type":"MultiLineString","coordinates":[[[-99.22062,30.74263],[-99.22725,30.72331]]]},"properties":{"layer":"fault","fault_type":"Normal"}},{"type":"Feature","geometry":{"type":"MultiLineString","coordinates":[[[-99.40543,30.73441],[-99.41346,30.72512],[-99.4201,30.71317],[-99.42938,30.70278],[-99.4415,30.68318],[-99.4522,30.66962]]]},"properties":{"layer":"fault","fault_type":"Unspecified"}},{"type":"Feature","geometry":{"type":"MultiLineString","coordinates":[[[-99.4522,30.66962],[-99.45914,30.6601],[-99.46766,30.65295]]]},"properties":{"layer":"fault","fault_type":"Normal"}},{"type":"Feature","geometry":{"type":"MultiLineString","coordinates":[[[-99.28729,30.76754],[-99.3009,30.75386]]]},"properties":{"layer":"fault","fault_type":"Normal"}},{"type":"Feature","geometry":{"type":"MultiLineString","coordinates":[[[-99.30098,30.75341],[-99.30745,30.74782],[-99.31886,30.73384]]]},"properties":{"layer":"fault","fault_type":"Unspecified"}},{"type":"Feature","geometry":{"type":"MultiLineString","coordinates":[[[-99.32233,30.74338],[-99.33093,30.73146],[-99.33445,30.72148],[-99.33983,30.71323]]]},"properties":{"layer":"fault","fault_type":"Normal"}},{"type":"Feature","geometry":{"type":"MultiLineString","coordinates":[[[-99.33983,30.71323],[-99.34482,30.70304],[-99.34744,30.69095],[-99.34676,30.68865]]]},"properties":{"layer":"fault","fault_type":"Normal"}},{"type":"Feature","geometry":{"type":"MultiLineString","coordinates":[[[-99.36293,30.73924],[-99.36403,30.73578],[-99.37104,30.72968],[-99.38883,30.72017],[-99.39457,30.71229]]]},"properties":{"layer":"fault","fault_type":"Normal"}},{"type":"Feature","geometry":{"type":"MultiLineString","coordinates":[[[-99.39457,30.71229],[-99.39873,30.69667],[-99.3987,30.69022],[-99.40068,30.68677],[-99.39997,30.67526]]]},"properties":{"layer":"fault","fault_type":"Normal"}},{"type":"Feature","geometry":{"type":"MultiLineString","coordinates":[[[-99.3919,30.71038],[-99.38489,30.7136],[-99.37209,30.72464]]]},"properties":{"layer":"fault","fault_type":"Unspecified"}},{"type":"Feature","geometry":{"type":"MultiLineString","coordinates":[[[-99.37209,30.72464],[-99.36866,30.72848],[-99.36708,30.73285]]]},"properties":{"layer":"fault","fault_type":"Normal"}},{"type":"Feature","geometry":{"type":"MultiLineString","coordinates":[[[-98.57909,30.80562],[-98.57791,30.79535],[-98.5813,30.78607]]]},"properties":{"layer":"fault","fault_type":"Normal"}},{"type":"Feature","geometry":{"type":"MultiLineString","coordinates":[[[-98.22285,29.91734],[-98.18359,29.93048],[-98.16712,29.94271],[-98.14147,29.96816],[-98.10008,29.99562],[-98.09046,30.00043],[-98.07801,30.01147],[-98.06671,30.01791]]]},"properties":{"layer":"fault","fault_type":"Normal"}},{"type":"Feature","geometry":{"type":"MultiLineString","coordinates":[[[-98.06671,30.01791],[-98.04965,30.02738],[-97.99986,30.06728],[-97.99172,30.07869]]]},"properties":{"layer":"fault","fault_type":"Normal"}},{"type":"Feature","geometry":{"type":"MultiLineString","coordinates":[[[-98.12344,30.03346],[-98.10488,30.04307]]]},"properties":{"layer":"fault","fault_type":"Normal"}},{"type":"Feature","geometry":{"type":"MultiLineString","coordinates":[[[-98.10488,30.04307],[-98.09152,30.05242]]]},"properties":{"layer":"fault","fault_type":"Normal"}},{"type":"Feature","geometry":{"type":"MultiLineString","coordinates":[[[-98.11268,30.02582],[-98.11927,30.01532]]]},"properties":{"layer":"fault","fault_type":"Normal"}},{"type":"Feature","geometry":{"type":"MultiLineString","coordinates":[[[-98.11268,30.02582],[-98.10384,30.03949],[-98.09152,30.05242]]]},"properties":{"layer":"fault","fault_type":"Normal"}},{"type":"Feature","geometry":{"type":"MultiLineString","coordinates":[[[-98.33167,30.12365],[-98.34234,30.11462],[-98.3544,30.10922],[-98.36061,30.10388],[-98.37188,30.08465]]]},"properties":{"layer":"fault","fault_type":"Normal"}},{"type":"Feature","geometry":{"type":"MultiLineString","coordinates":[[[-98.6458,30.47192],[-98.65089,30.48752],[-98.652,30.4965],[-98.64079,30.5364]]]},"properties":{"layer":"fault","fault_type":"Normal"}},{"type":"Feature","geometry":{"type":"MultiLineString","coordinates":[[[-98.64079,30.5364],[-98.6338,30.55491],[-98.63158,30.55797]]]},"properties":{"layer":"fault","fault_type":"Normal"}},{"type":"Feature","geometry":{"type":"MultiLineString","coordinates":[[[-98.66384,30.45583],[-98.65053,30.46365],[-98.64097,30.4736],[-98.63731,30.47465]]]},"properties":{"layer":"fault","fault_type":"Unspecified"}},{"type":"Feature","geometry":{"type":"MultiLineString","coordinates":[[[-98.63731,30.47465],[-98.64263,30.47724]]]},"properties":{"layer":"fault","fault_type":"Unspecified"}},{"type":"Feature","geometry":{"type":"MultiLineString","coordinates":[[[-98.67281,30.4614],[-98.66958,30.46619],[-98.66202,30.47326],[-98.64908,30.48139]]]},"properties":{"layer":"fault","fault_type":"Unspecified"}},{"type":"Feature","geometry":{"type":"MultiLineString","coordinates":[[[-98.67281,30.4614],[-98.64206,30.47898]]]},"properties":{"layer":"fault","fault_type":"Unspecified"}},{"type":"Feature","geometry":{"type":"MultiLineString","coordinates":[[[-98.66467,30.47098],[-98.68276,30.45983],[-98.69508,30.4467],[-98.72831,30.4337]]]},"properties":{"layer":"fault","fault_type":"Normal"}},{"type":"Feature","geometry":{"type":"MultiLineString","coordinates":[[[-98.92599024505617,30.566430284809588],[-98.92743181201676,30.565184366465186]]]},"properties":{"layer":"fault","fault_type":"Normal"}},{"type":"Feature","geometry":{"type":"MultiLineString","coordinates":[[[-98.94756,30.64594],[-98.95009,30.63582]]]},"properties":{"layer":"fault","fault_type":"Normal"}},{"type":"Feature","geometry":{"type":"MultiLineString","coordinates":[[[-98.94789,30.61945],[-98.95067,30.63022],[-98.95009,30.63582]]]},"properties":{"layer":"fault","fault_type":"Normal"}},{"type":"Feature","geometry":{"type":"MultiLineString","coordinates":[[[-99.32257,30.55195],[-99.32369,30.55607],[-99.32086,30.57133],[-99.31468,30.57922]]]},"properties":{"layer":"fault","fault_type":"Normal"}},{"type":"Feature","geometry":{"type":"MultiLineString","coordinates":[[[-99.31468,30.57922],[-99.30102,30.59128],[-99.2907,30.597]]]},"properties":{"layer":"fault","fault_type":"Normal"}},{"type":"Feature","geometry":{"type":"MultiLineString","coordinates":[[[-99.23048,30.6144],[-99.21803,30.62784]]]},"properties":{"layer":"fault","fault_type":"Normal"}},{"type":"Feature","geometry":{"type":"MultiLineString","coordinates":[[[-99.23047563353988,30.614402474780675],[-99.23991102883782,30.614186816756025]]]},"properties":{"layer":"fault","fault_type":"Normal"}},{"type":"Feature","geometry":{"type":"MultiLineString","coordinates":[[[-98.29506,30.19189],[-98.30079,30.18518],[-98.30587,30.17639],[-98.30921,30.1737],[-98.31319,30.16465],[-98.31185,30.15856],[-98.31314,30.1484],[-98.31415,30.14247],[-98.31697,30.13667],[-98.33014,30.12511]]]},"properties":{"layer":"fault","fault_type":"Normal"}},{"type":"Feature","geometry":{"type":"MultiLineString","coordinates":[[[-98.39102,30.32435],[-98.39173,30.31751]]]},"properties":{"layer":"fault","fault_type":"Unspecified"}},{"type":"Feature","geometry":{"type":"MultiLineString","coordinates":[[[-98.55482,30.27882],[-98.57649,30.27987],[-98.59483,30.27878]]]},"properties":{"layer":"fault","fault_type":"Normal"}},{"type":"Feature","geometry":{"type":"MultiLineString","coordinates":[[[-98.5473,30.28361],[-98.55482,30.27882]]]},"properties":{"layer":"fault","fault_type":"Normal"}},{"type":"Feature","geometry":{"type":"MultiLineString","coordinates":[[[-98.59469,30.34992],[-98.59169,30.36005]]]},"properties":{"layer":"fault","fault_type":"Unspecified"}},{"type":"Feature","geometry":{"type":"MultiLineString","coordinates":[[[-98.59011,30.36194],[-98.59583,30.35663],[-98.59974,30.34857]]]},"properties":{"layer":"fault","fault_type":"Normal"}},{"type":"Feature","geometry":{"type":"MultiLineString","coordinates":[[[-98.59974,30.34857],[-98.59469,30.34992]]]},"properties":{"layer":"fault","fault_type":"Normal"}},{"type":"Feature","geometry":{"type":"MultiLineString","coordinates":[[[-99.35189,30.88493],[-99.35106,30.882]]]},"properties":{"layer":"fault","fault_type":"Normal"}},{"type":"Feature","geometry":{"type":"MultiLineString","coordinates":[[[-99.15736933254976,30.489921692469938],[-99.15681621647313,30.49040169046002]]]},"properties":{"layer":"fault","fault_type":"Unspecified"}},{"type":"Feature","geometry":{"type":"MultiLineString","coordinates":[[[-99.15692578398834,30.489538609988738],[-99.15626231167568,30.490114839001514]]]},"properties":{"layer":"fault","fault_type":"Unspecified"}},{"type":"Feature","geometry":{"type":"MultiLineString","coordinates":[[[-99.1454,30.48572],[-99.14739,30.48418]]]},"properties":{"layer":"fault","fault_type":"Unspecified"}},{"type":"Feature","geometry":{"type":"MultiLineString","coordinates":[[[-99.14607,30.48629],[-99.14854,30.48519]]]},"properties":{"layer":"fault","fault_type":"Unspecified"}},{"type":"Feature","geometry":{"type":"MultiLineString","coordinates":[[[-99.08272868479985,30.53473969683646],[-99.07983392039064,30.534732766464384]]]},"properties":{"layer":"fault","fault_type":"Unspecified"}},{"type":"Feature","geometry":{"type":"MultiLineString","coordinates":[[[-98.66797,30.4777],[-98.6562,30.48765]]]},"properties":{"layer":"fault","fault_type":"Unspecified"}},{"type":"Feature","geometry":{"type":"MultiLineString","coordinates":[[[-98.65587576747703,30.485630532443565],[-98.66049695821671,30.484016683121926]]]},"properties":{"layer":"fault","fault_type":"Unspecified"}},{"type":"Feature","geometry":{"type":"MultiLineString","coordinates":[[[-98.64819,30.47861],[-98.65077,30.47442]]]},"properties":{"layer":"fault","fault_type":"Unspecified"}},{"type":"Feature","geometry":{"type":"MultiLineString","coordinates":[[[-98.65468,30.47805],[-98.65073,30.47748]]]},"properties":{"layer":"fault","fault_type":"Unspecified"}},{"type":"Feature","geometry":{"type":"MultiLineString","coordinates":[[[-98.56589,30.66898],[-98.55723,30.67857]]]},"properties":{"layer":"fault","fault_type":"Normal"}},{"type":"Feature","geometry":{"type":"MultiLineString","coordinates":[[[-98.56978274879984,30.3373241527075],[-98.5733920367793,30.334148166339382]]]},"properties":{"layer":"fault","fault_type":"Unspecified"}},{"type":"Feature","geometry":{"type":"MultiLineString","coordinates":[[[-98.57271739122115,30.332798031788947],[-98.57161853154142,30.335708777678132]]]},"properties":{"layer":"fault","fault_type":"Unspecified"}},{"type":"Feature","geometry":{"type":"MultiLineString","coordinates":[[[-98.42779,30.99717],[-98.43671,30.98804],[-98.43976,30.98324]]]},"properties":{"layer":"fault","fault_type":"Normal"}},{"type":"Feature","geometry":{"type":"MultiLineString","coordinates":[[[-98.83313,31.01091],[-98.83603,31.00134],[-98.83816,30.99924]]]},"properties":{"layer":"fault","fault_type":"Inferred Normal"}},{"type":"Feature","geometry":{"type":"MultiLineString","coordinates":[[[-98.6828,30.99985],[-98.68334,31.00672]]]},"properties":{"layer":"fault","fault_type":"Unspecified"}},{"type":"Feature","geometry":{"type":"MultiLineString","coordinates":[[[-99.13597,30.86933],[-99.14749,30.84246],[-99.16102,30.81962],[-99.16989,30.81002]]]},"properties":{"layer":"fault","fault_type":"Normal"}},{"type":"Feature","geometry":{"type":"MultiLineString","coordinates":[[[-98.53886,30.6693],[-98.55142,30.66067]]]},"properties":{"layer":"fault","fault_type":"Normal"}},{"type":"Feature","geometry":{"type":"MultiLineString","coordinates":[[[-98.54446,30.46683],[-98.54469,30.47682]]]},"properties":{"layer":"fault","fault_type":"Normal"}},{"type":"Feature","geometry":{"type":"MultiLineString","coordinates":[[[-98.59603777098125,30.416121045270433],[-98.59230830997633,30.418710980357094]]]},"properties":{"layer":"fault","fault_type":"Normal"}},{"type":"Feature","geometry":{"type":"MultiLineString","coordinates":[[[-99.48081,30.91454],[-99.47452,30.9026]]]},"properties":{"layer":"fault","fault_type":"Normal"}},{"type":"Feature","geometry":{"type":"MultiLineString","coordinates":[[[-99.47452,30.9026],[-99.48154,30.90973]]]},"properties":{"layer":"fault","fault_type":"Unspecified"}},{"type":"Feature","geometry":{"type":"MultiLineString","coordinates":[[[-99.48154,30.90973],[-99.46998,30.89504]]]},"properties":{"layer":"fault","fault_type":"Normal"}},{"type":"Feature","geometry":{"type":"MultiLineString","coordinates":[[[-99.40214,30.87626],[-99.40266,30.89486],[-99.40062,30.90344],[-99.40102,30.92862]]]},"properties":{"layer":"fault","fault_type":"Normal"}},{"type":"Feature","geometry":{"type":"MultiLineString","coordinates":[[[-99.4018648284063,30.864748390692526],[-99.40213517728938,30.87625515869127]]]},"properties":{"layer":"fault","fault_type":"Normal"}},{"type":"Feature","geometry":{"type":"MultiLineString","coordinates":[[[-99.12116,30.93129],[-99.11904,30.92947]]]},"properties":{"layer":"fault","fault_type":"Unspecified"}},{"type":"Feature","geometry":{"type":"MultiLineString","coordinates":[[[-99.15747,30.86556],[-99.15488,30.87045],[-99.14244,30.88217],[-99.13096,30.89793]]]},"properties":{"layer":"fault","fault_type":"Normal"}},{"type":"Feature","geometry":{"type":"MultiLineString","coordinates":[[[-98.60573,30.89249],[-98.60466,30.91679]]]},"properties":{"layer":"fault","fault_type":"Normal"}},{"type":"Feature","geometry":{"type":"MultiLineString","coordinates":[[[-99.40677804707181,30.929352376387953],[-99.40368006488072,30.934511825556587]]]},"properties":{"layer":"fault","fault_type":"Unspecified"}},{"type":"Feature","geometry":{"type":"MultiLineString","coordinates":[[[-99.4930207529231,30.909120814379108],[-99.49236135357195,30.9106576679089]]]},"properties":{"layer":"fault","fault_type":"Normal"}},{"type":"Feature","geometry":{"type":"MultiLineString","coordinates":[[[-99.49259359951394,30.912574694146695],[-99.49295426950725,30.91784757002604]]]},"properties":{"layer":"fault","fault_type":"Normal"}},{"type":"Feature","geometry":{"type":"MultiLineString","coordinates":[[[-99.48482707997778,30.916248076905795],[-99.49021658540693,30.90443259022406]]]},"properties":{"layer":"fault","fault_type":"Normal"}},{"type":"Feature","geometry":{"type":"MultiLineString","coordinates":[[[-99.38861,30.88608],[-99.38019,30.89435]]]},"properties":{"layer":"fault","fault_type":"Normal"}},{"type":"Feature","geometry":{"type":"MultiLineString","coordinates":[[[-99.4007,30.93282],[-99.40138,30.95671],[-99.40371,30.96009],[-99.40274,30.98441]]]},"properties":{"layer":"fault","fault_type":"Normal"}},{"type":"Feature","geometry":{"type":"MultiLineString","coordinates":[[[-98.64132306346755,30.39067439946044],[-98.63706056013935,30.39371683484285]]]},"properties":{"layer":"fault","fault_type":"Normal"}},{"type":"Feature","geometry":{"type":"MultiLineString","coordinates":[[[-98.63329,30.39647],[-98.62954,30.40062]]]},"properties":{"layer":"fault","fault_type":"Normal"}},{"type":"Feature","geometry":{"type":"MultiLineString","coordinates":[[[-98.63951,30.38893],[-98.63618,30.39207]]]},"properties":{"layer":"fault","fault_type":"Normal"}},{"type":"Feature","geometry":{"type":"MultiLineString","coordinates":[[[-98.64112045474343,30.372520503461395],[-98.6431195709666,30.37022428188316]]]},"properties":{"layer":"fault","fault_type":"Normal"}},{"type":"Feature","geometry":{"type":"MultiLineString","coordinates":[[[-98.64223759963075,30.369454630925613],[-98.64056010812709,30.371368113462875]]]},"properties":{"layer":"fault","fault_type":"Unspecified"}},{"type":"Feature","geometry":{"type":"MultiLineString","coordinates":[[[-98.64500767428527,30.368023619719718],[-98.64644986288006,30.366780774614167]]]},"properties":{"layer":"fault","fault_type":"Normal"}},{"type":"Feature","geometry":{"type":"MultiLineString","coordinates":[[[-98.63603648790196,30.37154741251591],[-98.63937025629559,30.3672355234004]]]},"properties":{"layer":"fault","fault_type":"Normal"}},{"type":"Feature","geometry":{"type":"MultiLineString","coordinates":[[[-98.64564,30.35884],[-98.63763,30.36043]]]},"properties":{"layer":"fault","fault_type":"Normal"}},{"type":"Feature","geometry":{"type":"MultiLineString","coordinates":[[[-98.65112127752897,30.35931276381963],[-98.64769285455218,30.359399474677822]]]},"properties":{"layer":"fault","fault_type":"Normal"}},{"type":"Feature","geometry":{"type":"MultiLineString","coordinates":[[[-98.61734,30.37408],[-98.61268,30.37733]]]},"properties":{"layer":"fault","fault_type":"Normal"}},{"type":"Feature","geometry":{"type":"MultiLineString","coordinates":[[[-98.6244,30.3649],[-98.61811,30.37341]]]},"properties":{"layer":"fault","fault_type":"Normal"}},{"type":"Feature","geometry":{"type":"MultiLineString","coordinates":[[[-98.63654,30.3562],[-98.63122,30.35792],[-98.6244,30.3649]]]},"properties":{"layer":"fault","fault_type":"Normal"}},{"type":"Feature","geometry":{"type":"MultiLineString","coordinates":[[[-98.61435,30.36936],[-98.61223,30.37002]]]},"properties":{"layer":"fault","fault_type":"Unspecified"}},{"type":"Feature","geometry":{"type":"MultiLineString","coordinates":[[[-98.60991351716902,30.377034485154947],[-98.61124590019506,30.37135931525065]]]},"properties":{"layer":"fault","fault_type":"Normal"}},{"type":"Feature","geometry":{"type":"MultiLineString","coordinates":[[[-98.61496,30.36004],[-98.61527,30.35688]]]},"properties":{"layer":"fault","fault_type":"Unspecified"}},{"type":"Feature","geometry":{"type":"MultiLineString","coordinates":[[[-98.6264,30.34697],[-98.6397,30.33857]]]},"properties":{"layer":"fault","fault_type":"Normal"}},{"type":"Feature","geometry":{"type":"MultiLineString","coordinates":[[[-98.6009,30.36243],[-98.60248,30.3561]]]},"properties":{"layer":"fault","fault_type":"Normal"}},{"type":"Feature","geometry":{"type":"MultiLineString","coordinates":[[[-98.6038,30.35688],[-98.60312,30.36224]]]},"properties":{"layer":"fault","fault_type":"Normal"}},{"type":"Feature","geometry":{"type":"MultiLineString","coordinates":[[[-98.61464,30.35595],[-98.60998,30.36054]]]},"properties":{"layer":"fault","fault_type":"Unspecified"}},{"type":"Feature","geometry":{"type":"MultiLineString","coordinates":[[[-98.60854,30.36197],[-98.60153,30.37183]]]},"properties":{"layer":"fault","fault_type":"Unspecified"}},{"type":"Feature","geometry":{"type":"MultiLineString","coordinates":[[[-98.58261,30.38118],[-98.57582,30.38492]]]},"properties":{"layer":"fault","fault_type":"Unspecified"}},{"type":"Feature","geometry":{"type":"MultiLineString","coordinates":[[[-98.57529,30.38288],[-98.58123,30.37991]]]},"properties":{"layer":"fault","fault_type":"Unspecified"}},{"type":"Feature","geometry":{"type":"MultiLineString","coordinates":[[[-98.59684,30.34507],[-98.58857,30.34743],[-98.58003,30.35224]]]},"properties":{"layer":"fault","fault_type":"Normal"}},{"type":"Feature","geometry":{"type":"MultiLineString","coordinates":[[[-98.58637,30.34685],[-98.59152,30.34172]]]},"properties":{"layer":"fault","fault_type":"Normal"}},{"type":"Feature","geometry":{"type":"MultiLineString","coordinates":[[[-98.57877,30.34885],[-98.56946,30.35645]]]},"properties":{"layer":"fault","fault_type":"Unspecified"}},{"type":"Feature","geometry":{"type":"MultiLineString","coordinates":[[[-98.49189,30.39945],[-98.48702,30.40059],[-98.47702,30.40899]]]},"properties":{"layer":"fault","fault_type":"Normal"}},{"type":"Feature","geometry":{"type":"MultiLineString","coordinates":[[[-98.48062,30.39768],[-98.48397,30.39233]]]},"properties":{"layer":"fault","fault_type":"Normal"}},{"type":"Feature","geometry":{"type":"MultiLineString","coordinates":[[[-98.47767,30.3893],[-98.4646,30.39311]]]},"properties":{"layer":"fault","fault_type":"Unspecified"}},{"type":"Feature","geometry":{"type":"MultiLineString","coordinates":[[[-98.46805,30.39073],[-98.4762,30.38756]]]},"properties":{"layer":"fault","fault_type":"Unspecified"}},{"type":"Feature","geometry":{"type":"MultiLineString","coordinates":[[[-98.47146,30.39333],[-98.4647,30.39513]]]},"properties":{"layer":"fault","fault_type":"Unspecified"}},{"type":"Feature","geometry":{"type":"MultiLineString","coordinates":[[[-98.50022,30.37929],[-98.50531,30.3715]]]},"properties":{"layer":"fault","fault_type":"Normal"}},{"type":"Feature","geometry":{"type":"MultiLineString","coordinates":[[[-98.57291,30.34067],[-98.58049,30.32669],[-98.58836,30.32125]]]},"properties":{"layer":"fault","fault_type":"Normal"}},{"type":"Feature","geometry":{"type":"MultiLineString","coordinates":[[[-98.57982,30.32784],[-98.58025,30.33002],[-98.57596,30.33404]]]},"properties":{"layer":"fault","fault_type":"Unspecified"}},{"type":"Feature","geometry":{"type":"MultiLineString","coordinates":[[[-98.57768,30.3437],[-98.58421,30.33572],[-98.59286,30.32961]]]},"properties":{"layer":"fault","fault_type":"Normal"}},{"type":"Feature","geometry":{"type":"MultiLineString","coordinates":[[[-99.24381,30.97475],[-99.24711,30.98513],[-99.24754,30.99217]]]},"properties":{"layer":"fault","fault_type":"Normal"}},{"type":"Feature","geometry":{"type":"MultiLineString","coordinates":[[[-99.24724,30.94155],[-99.24143,30.95751]]]},"properties":{"layer":"fault","fault_type":"Normal"}},{"type":"Feature","geometry":{"type":"MultiLineString","coordinates":[[[-99.11900771438597,30.992668461903264],[-99.1212203206263,30.981926046846354]]]},"properties":{"layer":"fault","fault_type":"Unspecified"}},{"type":"Feature","geometry":{"type":"MultiLineString","coordinates":[[[-98.45005,30.91369],[-98.48261,30.89848]]]},"properties":{"layer":"fault","fault_type":"Normal"}},{"type":"Feature","geometry":{"type":"MultiLineString","coordinates":[[[-98.58029,30.3496],[-98.54935,30.36744],[-98.5408,30.37726]]]},"properties":{"layer":"fault","fault_type":"Normal"}},{"type":"Feature","geometry":{"type":"MultiLineString","coordinates":[[[-98.5408,30.37726],[-98.52847,30.38597]]]},"properties":{"layer":"fault","fault_type":"Normal"}},{"type":"Feature","geometry":{"type":"MultiLineString","coordinates":[[[-98.60812,30.36247],[-98.6009,30.36243],[-98.58828,30.36604],[-98.58207,30.36947],[-98.57388,30.37078]]]},"properties":{"layer":"fault","fault_type":"Normal"}},{"type":"Feature","geometry":{"type":"MultiLineString","coordinates":[[[-98.57388,30.37078],[-98.55263,30.3757],[-98.54126,30.38193]]]},"properties":{"layer":"fault","fault_type":"Normal"}},{"type":"Feature","geometry":{"type":"MultiLineString","coordinates":[[[-98.5819468881644,30.347217704883455],[-98.58373872801722,30.341852761556073]]]},"properties":{"layer":"fault","fault_type":"Unspecified"}},{"type":"Feature","geometry":{"type":"MultiLineString","coordinates":[[[-98.58187,30.34417],[-98.59373,30.33268]]]},"properties":{"layer":"fault","fault_type":"Normal"}},{"type":"Feature","geometry":{"type":"MultiLineString","coordinates":[[[-98.55401,30.33821],[-98.55122,30.34405],[-98.53654,30.36318]]]},"properties":{"layer":"fault","fault_type":"Unspecified"}},{"type":"Feature","geometry":{"type":"MultiLineString","coordinates":[[[-98.5424,30.33845],[-98.53134,30.34846]]]},"properties":{"layer":"fault","fault_type":"Unspecified"}},{"type":"Feature","geometry":{"type":"MultiLineString","coordinates":[[[-98.54016,30.39311],[-98.53882,30.39426]]]},"properties":{"layer":"fault","fault_type":"Unspecified"}},{"type":"Feature","geometry":{"type":"MultiLineString","coordinates":[[[-98.49112,30.35735],[-98.48167,30.36681],[-98.47963,30.37505],[-98.47629,30.37964],[-98.46807,30.38632]]]},"properties":{"layer":"fault","fault_type":"Unspecified"}},{"type":"Feature","geometry":{"type":"MultiLineString","coordinates":[[[-98.49254,30.35975],[-98.48587,30.36701],[-98.48117,30.37735]]]},"properties":{"layer":"fault","fault_type":"Unspecified"}},{"type":"Feature","geometry":{"type":"MultiLineString","coordinates":[[[-98.50954,30.35234],[-98.49919,30.35652],[-98.48829,30.36837],[-98.48383,30.37525],[-98.47523,30.38195]]]},"properties":{"layer":"fault","fault_type":"Unspecified"}},{"type":"Feature","geometry":{"type":"MultiLineString","coordinates":[[[-98.50916,30.35154],[-98.50072,30.353]]]},"properties":{"layer":"fault","fault_type":"Unspecified"}},{"type":"Feature","geometry":{"type":"MultiLineString","coordinates":[[[-98.49521,30.35727],[-98.49904,30.34328],[-98.5055,30.33391],[-98.51349,30.32857],[-98.51891,30.3287]]]},"properties":{"layer":"fault","fault_type":"Unspecified"}},{"type":"Feature","geometry":{"type":"MultiLineString","coordinates":[[[-98.50791,30.33756],[-98.51612,30.33184],[-98.52168,30.32591],[-98.53165,30.32077]]]},"properties":{"layer":"fault","fault_type":"Unspecified"}},{"type":"Feature","geometry":{"type":"MultiLineString","coordinates":[[[-98.17087,30.52823],[-98.17983,30.51621]]]},"properties":{"layer":"fault","fault_type":"Normal"}},{"type":"Feature","geometry":{"type":"MultiLineString","coordinates":[[[-98.16652,30.54106],[-98.16927,30.53398]]]},"properties":{"layer":"fault","fault_type":"Normal"}},{"type":"Feature","geometry":{"type":"MultiLineString","coordinates":[[[-98.18655,30.5337],[-98.18926,30.52835],[-98.1902,30.52183]]]},"properties":{"layer":"fault","fault_type":"Normal"}},{"type":"Feature","geometry":{"type":"MultiLineString","coordinates":[[[-98.20276,30.52997],[-98.19827,30.53646]]]},"properties":{"layer":"fault","fault_type":"Normal"}},{"type":"Feature","geometry":{"type":"MultiLineString","coordinates":[[[-98.20502,30.55204],[-98.20751,30.54553]]]},"properties":{"layer":"fault","fault_type":"Unspecified"}},{"type":"Feature","geometry":{"type":"MultiLineString","coordinates":[[[-98.2138,30.53444],[-98.21043,30.54056],[-98.20271,30.54963]]]},"properties":{"layer":"fault","fault_type":"Normal"}},{"type":"Feature","geometry":{"type":"MultiLineString","coordinates":[[[-98.20904,30.54823],[-98.20475,30.55741],[-98.2047,30.56393]]]},"properties":{"layer":"fault","fault_type":"Normal"}},{"type":"Feature","geometry":{"type":"MultiLineString","coordinates":[[[-98.22391,30.51591],[-98.2157,30.53206]]]},"properties":{"layer":"fault","fault_type":"Normal"}},{"type":"Feature","geometry":{"type":"MultiLineString","coordinates":[[[-98.22495,30.51662],[-98.22325,30.52047],[-98.21897,30.5245]]]},"properties":{"layer":"fault","fault_type":"Unspecified"}},{"type":"Feature","geometry":{"type":"MultiLineString","coordinates":[[[-98.21165,30.52676],[-98.21976,30.50974],[-98.22317,30.49883]]]},"properties":{"layer":"fault","fault_type":"Normal"}},{"type":"Feature","geometry":{"type":"MultiLineString","coordinates":[[[-98.22041,30.51166],[-98.22265,30.50841],[-98.23801,30.49834],[-98.23983,30.4926],[-98.24987,30.48249]]]},"properties":{"layer":"fault","fault_type":"Normal"}},{"type":"Feature","geometry":{"type":"MultiLineString","coordinates":[[[-98.22173,30.50425],[-98.22714,30.50038]]]},"properties":{"layer":"fault","fault_type":"Normal"}},{"type":"Feature","geometry":{"type":"MultiLineString","coordinates":[[[-98.22805,30.49751],[-98.24097,30.48742]]]},"properties":{"layer":"fault","fault_type":"Normal"}},{"type":"Feature","geometry":{"type":"MultiLineString","coordinates":[[[-98.23135,30.48631],[-98.24014,30.48013],[-98.24372,30.47555]]]},"properties":{"layer":"fault","fault_type":"Normal"}},{"type":"Feature","geometry":{"type":"MultiLineString","coordinates":[[[-98.26518,30.47778],[-98.27342,30.47188]]]},"properties":{"layer":"fault","fault_type":"Normal"}},{"type":"Feature","geometry":{"type":"MultiLineString","coordinates":[[[-98.25669,30.4879],[-98.25313,30.49037],[-98.25134,30.49247],[-98.2511,30.49515],[-98.24709,30.49839],[-98.24236,30.50872],[-98.22628,30.52151]]]},"properties":{"layer":"fault","fault_type":"Normal"}},{"type":"Feature","geometry":{"type":"MultiLineString","coordinates":[[[-98.27853,30.46903],[-98.29299,30.46029]]]},"properties":{"layer":"fault","fault_type":"Normal"}},{"type":"Feature","geometry":{"type":"MultiLineString","coordinates":[[[-98.29033,30.44599],[-98.2931,30.44437]]]},"properties":{"layer":"fault","fault_type":"Normal"}},{"type":"Feature","geometry":{"type":"MultiLineString","coordinates":[[[-98.22253,30.52261],[-98.22968,30.51536],[-98.2353,30.50542]]]},"properties":{"layer":"fault","fault_type":"Normal"}},{"type":"Feature","geometry":{"type":"MultiLineString","coordinates":[[[-98.22387,30.53633],[-98.23351,30.52123],[-98.23809,30.51618]]]},"properties":{"layer":"fault","fault_type":"Normal"}},{"type":"Feature","geometry":{"type":"MultiLineString","coordinates":[[[-98.21813,30.54655],[-98.22263,30.53872]]]},"properties":{"layer":"fault","fault_type":"Normal"}},{"type":"Feature","geometry":{"type":"MultiLineString","coordinates":[[[-98.25584,30.51815],[-98.25289,30.52163]]]},"properties":{"layer":"fault","fault_type":"Normal"}},{"type":"Feature","geometry":{"type":"MultiLineString","coordinates":[[[-98.25984,30.51112],[-98.25207,30.51352],[-98.24783,30.51777]]]},"properties":{"layer":"fault","fault_type":"Normal"}},{"type":"Feature","geometry":{"type":"MultiLineString","coordinates":[[[-98.26650662384257,30.50809236929246],[-98.26494755634448,30.509234381891947]]]},"properties":{"layer":"fault","fault_type":"Normal"}},{"type":"Feature","geometry":{"type":"MultiLineString","coordinates":[[[-98.25636,30.52736],[-98.24801,30.53724],[-98.24764,30.54232]]]},"properties":{"layer":"fault","fault_type":"Normal"}},{"type":"Feature","geometry":{"type":"MultiLineString","coordinates":[[[-98.26781,30.51117],[-98.26376,30.51997],[-98.25636,30.52736]]]},"properties":{"layer":"fault","fault_type":"Normal"}},{"type":"Feature","geometry":{"type":"MultiLineString","coordinates":[[[-98.24994,30.53082],[-98.24633,30.53924]]]},"properties":{"layer":"fault","fault_type":"Normal"}},{"type":"Feature","geometry":{"type":"MultiLineString","coordinates":[[[-98.25636,30.53163],[-98.2532,30.53986],[-98.24872,30.54616],[-98.24755,30.55306]]]},"properties":{"layer":"fault","fault_type":"Normal"}},{"type":"Feature","geometry":{"type":"MultiLineString","coordinates":[[[-98.24732,30.55478],[-98.24314,30.56559]]]},"properties":{"layer":"fault","fault_type":"Normal"}},{"type":"Feature","geometry":{"type":"MultiLineString","coordinates":[[[-98.24725,30.56399],[-98.24457,30.56647],[-98.24209,30.5722],[-98.23064,30.58978]]]},"properties":{"layer":"fault","fault_type":"Normal"}},{"type":"Feature","geometry":{"type":"MultiLineString","coordinates":[[[-98.23689,30.58445],[-98.23397,30.59019],[-98.2328,30.59766],[-98.22897,30.6055],[-98.23337,30.61472]]]},"properties":{"layer":"fault","fault_type":"Unspecified"}},{"type":"Feature","geometry":{"type":"MultiLineString","coordinates":[[[-98.22632,30.60395],[-98.2333,30.59057]]]},"properties":{"layer":"fault","fault_type":"Unspecified"}},{"type":"Feature","geometry":{"type":"MultiLineString","coordinates":[[[-98.36437,30.53459],[-98.36192,30.53555]]]},"properties":{"layer":"fault","fault_type":"Unspecified"}},{"type":"Feature","geometry":{"type":"MultiLineString","coordinates":[[[-98.35783,30.53533],[-98.36463,30.53229],[-98.36041,30.53235],[-98.35369,30.53571]]]},"properties":{"layer":"fault","fault_type":"Unspecified"}},{"type":"Feature","geometry":{"type":"MultiLineString","coordinates":[[[-98.3578,30.53472],[-98.35436,30.53636]]]},"properties":{"layer":"fault","fault_type":"Unspecified"}},{"type":"Feature","geometry":{"type":"MultiLineString","coordinates":[[[-98.36015,30.53353],[-98.35841,30.5344]]]},"properties":{"layer":"fault","fault_type":"Unspecified"}},{"type":"Feature","geometry":{"type":"MultiLineString","coordinates":[[[-98.35404,30.53448],[-98.35201,30.53542]]]},"properties":{"layer":"fault","fault_type":"Unspecified"}},{"type":"Feature","geometry":{"type":"MultiLineString","coordinates":[[[-98.35472,30.53003],[-98.3505,30.53443],[-98.33138,30.54412]]]},"properties":{"layer":"fault","fault_type":"Normal"}},{"type":"Feature","geometry":{"type":"MultiLineString","coordinates":[[[-98.35213,30.52892],[-98.34896,30.53327]]]},"properties":{"layer":"fault","fault_type":"Unspecified"}},{"type":"Feature","geometry":{"type":"MultiLineString","coordinates":[[[-98.36008,30.53024],[-98.34482,30.53815],[-98.33135,30.54834]]]},"properties":{"layer":"fault","fault_type":"Normal"}},{"type":"Feature","geometry":{"type":"MultiLineString","coordinates":[[[-98.34477,30.52999],[-98.3414,30.5365]]]},"properties":{"layer":"fault","fault_type":"Unspecified"}},{"type":"Feature","geometry":{"type":"MultiLineString","coordinates":[[[-98.26508,30.56476],[-98.30331,30.53438],[-98.31269,30.5233]]]},"properties":{"layer":"fault","fault_type":"Normal"}},{"type":"Feature","geometry":{"type":"MultiLineString","coordinates":[[[-98.26092,30.5725],[-98.26274,30.56676]]]},"properties":{"layer":"fault","fault_type":"Normal"}},{"type":"Feature","geometry":{"type":"MultiLineString","coordinates":[[[-98.42388,30.48913],[-98.42568,30.48492]]]},"properties":{"layer":"fault","fault_type":"Unspecified"}},{"type":"Feature","geometry":{"type":"MultiLineString","coordinates":[[[-98.34001,30.54569],[-98.33045,30.55025]],[[-98.3919,30.52149],[-98.3849,30.52578],[-98.38002,30.52709],[-98.37022,30.53434],[-98.35022,30.54287],[-98.34023,30.5455]]]},"properties":{"layer":"fault","fault_type":"Normal"}},{"type":"Feature","geometry":{"type":"MultiLineString","coordinates":[[[-98.46606,30.48404],[-98.47643,30.47803]]]},"properties":{"layer":"fault","fault_type":"Normal"}},{"type":"Feature","geometry":{"type":"MultiLineString","coordinates":[[[-98.46599,30.47607],[-98.46303,30.47783]]]},"properties":{"layer":"fault","fault_type":"Unspecified"}},{"type":"Feature","geometry":{"type":"MultiLineString","coordinates":[[[-98.45405,30.47986],[-98.45359,30.48408]]]},"properties":{"layer":"fault","fault_type":"Unspecified"}},{"type":"Feature","geometry":{"type":"MultiLineString","coordinates":[[[-98.4523,30.4806],[-98.44893,30.48401]]]},"properties":{"layer":"fault","fault_type":"Unspecified"}},{"type":"Feature","geometry":{"type":"MultiLineString","coordinates":[[[-98.49463,30.46986],[-98.49226,30.47373],[-98.48098,30.47661],[-98.47663,30.48206]]]},"properties":{"layer":"fault","fault_type":"Normal"}},{"type":"Feature","geometry":{"type":"MultiLineString","coordinates":[[[-98.511,30.44172],[-98.50359,30.44879],[-98.50072,30.44859]]]},"properties":{"layer":"fault","fault_type":"Normal"}},{"type":"Feature","geometry":{"type":"MultiLineString","coordinates":[[[-98.50255,30.44417],[-98.4994,30.44648],[-98.49605,30.45164]]]},"properties":{"layer":"fault","fault_type":"Normal"}},{"type":"Feature","geometry":{"type":"MultiLineString","coordinates":[[[-98.4927,30.45661],[-98.47271,30.46919]]]},"properties":{"layer":"fault","fault_type":"Normal"}},{"type":"Feature","geometry":{"type":"MultiLineString","coordinates":[[[-98.4692,30.46323],[-98.47144,30.45787]]]},"properties":{"layer":"fault","fault_type":"Unspecified"}},{"type":"Feature","geometry":{"type":"MultiLineString","coordinates":[[[-98.46435,30.46034],[-98.45142,30.47601]]]},"properties":{"layer":"fault","fault_type":"Normal"}},{"type":"Feature","geometry":{"type":"MultiLineString","coordinates":[[[-98.46489328589632,30.461586616289654],[-98.46318070440101,30.4616337886357]]]},"properties":{"layer":"fault","fault_type":"Unspecified"}},{"type":"Feature","geometry":{"type":"MultiLineString","coordinates":[[[-98.51046,30.43309],[-98.50519,30.43825],[-98.50255,30.44417]]]},"properties":{"layer":"fault","fault_type":"Normal"}},{"type":"Feature","geometry":{"type":"MultiLineString","coordinates":[[[-98.42566,30.48894],[-98.42651,30.48612]]]},"properties":{"layer":"fault","fault_type":"Unspecified"}},{"type":"Feature","geometry":{"type":"MultiLineString","coordinates":[[[-98.44034,30.46482],[-98.44495,30.45586]]]},"properties":{"layer":"fault","fault_type":"Normal"}},{"type":"Feature","geometry":{"type":"MultiLineString","coordinates":[[[-98.44618731639214,30.461220848448203],[-98.44686792406884,30.4594974990497]]]},"properties":{"layer":"fault","fault_type":"Unspecified"}},{"type":"Feature","geometry":{"type":"MultiLineString","coordinates":[[[-98.43771,30.47203],[-98.44384,30.46972],[-98.45105,30.46297]]]},"properties":{"layer":"fault","fault_type":"Normal"}},{"type":"Feature","geometry":{"type":"MultiLineString","coordinates":[[[-98.42772333775413,30.47629359233878],[-98.42550908759684,30.47628385286175]]]},"properties":{"layer":"fault","fault_type":"Normal"}},{"type":"Feature","geometry":{"type":"MultiLineString","coordinates":[[[-98.42288,30.47167],[-98.41851,30.47394]]]},"properties":{"layer":"fault","fault_type":"Unspecified"}},{"type":"Feature","geometry":{"type":"MultiLineString","coordinates":[[[-98.4111,30.47967],[-98.42019,30.4776]]]},"properties":{"layer":"fault","fault_type":"Normal"}},{"type":"Feature","geometry":{"type":"MultiLineString","coordinates":[[[-98.43248,30.4579],[-98.42724,30.46354],[-98.42247,30.46572],[-98.41029,30.46663]]]},"properties":{"layer":"fault","fault_type":"Normal"}},{"type":"Feature","geometry":{"type":"MultiLineString","coordinates":[[[-98.41652,30.46128],[-98.41341,30.46319]]]},"properties":{"layer":"fault","fault_type":"Unspecified"}},{"type":"Feature","geometry":{"type":"MultiLineString","coordinates":[[[-98.41996,30.45986],[-98.42653,30.45404],[-98.43344,30.44505]]]},"properties":{"layer":"fault","fault_type":"Unspecified"}},{"type":"Feature","geometry":{"type":"MultiLineString","coordinates":[[[-98.40946,30.47574],[-98.40303,30.47024]]]},"properties":{"layer":"fault","fault_type":"Normal"}},{"type":"Feature","geometry":{"type":"MultiLineString","coordinates":[[[-98.40526,30.47557],[-98.40163,30.47193]]]},"properties":{"layer":"fault","fault_type":"Unspecified"}},{"type":"Feature","geometry":{"type":"MultiLineString","coordinates":[[[-98.39076,30.47344],[-98.37634,30.47817],[-98.3678,30.48707],[-98.35766,30.49035]]]},"properties":{"layer":"fault","fault_type":"Normal"}},{"type":"Feature","geometry":{"type":"MultiLineString","coordinates":[[[-98.34413,30.47638],[-98.33489,30.48448],[-98.32132,30.49266]]]},"properties":{"layer":"fault","fault_type":"Normal"}},{"type":"Feature","geometry":{"type":"MultiLineString","coordinates":[[[-98.31999,30.49323],[-98.31676,30.4958]]]},"properties":{"layer":"fault","fault_type":"Normal"}},{"type":"Feature","geometry":{"type":"MultiLineString","coordinates":[[[-98.30907,30.50276],[-98.30406,30.50648]]]},"properties":{"layer":"fault","fault_type":"Normal"}},{"type":"Feature","geometry":{"type":"MultiLineString","coordinates":[[[-98.29894,30.51067],[-98.29369,30.51611]]]},"properties":{"layer":"fault","fault_type":"Normal"}},{"type":"Feature","geometry":{"type":"MultiLineString","coordinates":[[[-98.3919,30.52149],[-98.39333,30.52294],[-98.39484,30.52966],[-98.39883,30.53252],[-98.40716,30.54391],[-98.40868,30.54986]]]},"properties":{"layer":"fault","fault_type":"Thrust"}},{"type":"Feature","geometry":{"type":"MultiLineString","coordinates":[[[-98.41276,30.53434],[-98.41804,30.54427],[-98.41744,30.54846],[-98.41908,30.55125]]]},"properties":{"layer":"fault","fault_type":"Thrust"}},{"type":"Feature","geometry":{"type":"MultiLineString","coordinates":[[[-98.47232,30.54227],[-98.48435,30.52947]]]},"properties":{"layer":"fault","fault_type":"Unspecified"}},{"type":"Feature","geometry":{"type":"MultiLineString","coordinates":[[[-98.45133200126195,30.570186109213584],[-98.44847783441539,30.565379038828826]]]},"properties":{"layer":"fault","fault_type":"Thrust"}},{"type":"Feature","geometry":{"type":"MultiLineString","coordinates":[[[-98.49306,30.62289],[-98.49334,30.61717]]]},"properties":{"layer":"fault","fault_type":"Unspecified"}},{"type":"Feature","geometry":{"type":"MultiLineString","coordinates":[[[-98.5038,30.61784],[-98.50852,30.61319]]]},"properties":{"layer":"fault","fault_type":"Normal"}},{"type":"Feature","geometry":{"type":"MultiLineString","coordinates":[[[-98.52081,30.5952],[-98.50667,30.5846],[-98.5033,30.5847]]]},"properties":{"layer":"fault","fault_type":"Thrust"}},{"type":"Feature","geometry":{"type":"MultiLineString","coordinates":[[[-98.50867,30.57022],[-98.49271,30.58397]]]},"properties":{"layer":"fault","fault_type":"Unspecified"}},{"type":"Feature","geometry":{"type":"MultiLineString","coordinates":[[[-98.54776,30.57876],[-98.52859,30.59063]]]},"properties":{"layer":"fault","fault_type":"Unspecified"}},{"type":"Feature","geometry":{"type":"MultiLineString","coordinates":[[[-98.53743,30.59641],[-98.54569,30.58321],[-98.54969,30.57969]]]},"properties":{"layer":"fault","fault_type":"Unspecified"}},{"type":"Feature","geometry":{"type":"MultiLineString","coordinates":[[[-98.55328,30.58254],[-98.54938,30.58557]]]},"properties":{"layer":"fault","fault_type":"Normal"}},{"type":"Feature","geometry":{"type":"MultiLineString","coordinates":[[[-98.54183,30.57926],[-98.5484,30.57344]]]},"properties":{"layer":"fault","fault_type":"Unspecified"}},{"type":"Feature","geometry":{"type":"MultiLineString","coordinates":[[[-98.54018,30.57724],[-98.54593,30.57201]]]},"properties":{"layer":"fault","fault_type":"Unspecified"}},{"type":"Feature","geometry":{"type":"MultiLineString","coordinates":[[[-98.47592,30.61325],[-98.47363,30.62688],[-98.4687,30.63739]]]},"properties":{"layer":"fault","fault_type":"Normal"}},{"type":"Feature","geometry":{"type":"MultiLineString","coordinates":[[[-98.56178,30.55584],[-98.5607,30.54912]]]},"properties":{"layer":"fault","fault_type":"Unspecified"}},{"type":"Feature","geometry":{"type":"MultiLineString","coordinates":[[[-98.5798,30.54654],[-98.57749,30.55999]]]},"properties":{"layer":"fault","fault_type":"Normal"}},{"type":"Feature","geometry":{"type":"MultiLineString","coordinates":[[[-98.55078466692821,30.54452409356642],[-98.55171709124366,30.541898129534317]]]},"properties":{"layer":"fault","fault_type":"Normal"}},{"type":"Feature","geometry":{"type":"MultiLineString","coordinates":[[[-98.55276,30.54046],[-98.55669,30.52849]]]},"properties":{"layer":"fault","fault_type":"Normal"}},{"type":"Feature","geometry":{"type":"MultiLineString","coordinates":[[[-98.5409028763077,30.51740353548094],[-98.53733765877776,30.521802390029126]]]},"properties":{"layer":"fault","fault_type":"Normal"}},{"type":"Feature","geometry":{"type":"MultiLineString","coordinates":[[[-98.5396,30.51241],[-98.53115,30.51794]]]},"properties":{"layer":"fault","fault_type":"Normal"}},{"type":"Feature","geometry":{"type":"MultiLineString","coordinates":[[[-98.54122013341828,30.511712547027198],[-98.53981966707686,30.512221015943854]]]},"properties":{"layer":"fault","fault_type":"Normal"}},{"type":"Feature","geometry":{"type":"MultiLineString","coordinates":[[[-98.5442,30.51445],[-98.54068,30.51721]]]},"properties":{"layer":"fault","fault_type":"Normal"}},{"type":"Feature","geometry":{"type":"MultiLineString","coordinates":[[[-98.53923,30.54272],[-98.54705,30.52989],[-98.55221,30.51629]]]},"properties":{"layer":"fault","fault_type":"Normal"}},{"type":"Feature","geometry":{"type":"MultiLineString","coordinates":[[[-98.44651,30.63921],[-98.44987,30.63407]]]},"properties":{"layer":"fault","fault_type":"Unspecified"}},{"type":"Feature","geometry":{"type":"MultiLineString","coordinates":[[[-98.42167021897683,30.64272774986085],[-98.41869834857354,30.643434067514544]]]},"properties":{"layer":"fault","fault_type":"Unspecified"}},{"type":"Feature","geometry":{"type":"MultiLineString","coordinates":[[[-98.42175977292584,30.643986708780847],[-98.4201671605384,30.64518340234892]]]},"properties":{"layer":"fault","fault_type":"Unspecified"}},{"type":"Feature","geometry":{"type":"MultiLineString","coordinates":[[[-98.42461,30.648],[-98.42434,30.64484]]]},"properties":{"layer":"fault","fault_type":"Unspecified"}},{"type":"Feature","geometry":{"type":"MultiLineString","coordinates":[[[-98.42287,30.64726],[-98.42318,30.6448]]]},"properties":{"layer":"fault","fault_type":"Unspecified"}},{"type":"Feature","geometry":{"type":"MultiLineString","coordinates":[[[-98.63896,30.47916],[-98.63231,30.48125]]]},"properties":{"layer":"fault","fault_type":"Unspecified"}},{"type":"Feature","geometry":{"type":"MultiLineString","coordinates":[[[-98.63448,30.48569],[-98.63527,30.48305]]]},"properties":{"layer":"fault","fault_type":"Unspecified"}},{"type":"Feature","geometry":{"type":"MultiLineString","coordinates":[[[-98.63246,30.48561],[-98.63316,30.48317]]]},"properties":{"layer":"fault","fault_type":"Unspecified"}},{"type":"Feature","geometry":{"type":"MultiLineString","coordinates":[[[-98.67605,30.46028],[-98.67155,30.46639]]]},"properties":{"layer":"fault","fault_type":"Unspecified"}},{"type":"Feature","geometry":{"type":"MultiLineString","coordinates":[[[-98.69478,30.47336],[-98.69255,30.48102]]]},"properties":{"layer":"fault","fault_type":"Unspecified"}},{"type":"Feature","geometry":{"type":"MultiLineString","coordinates":[[[-98.63982,30.54457],[-98.63457,30.55293]]]},"properties":{"layer":"fault","fault_type":"Unspecified"}},{"type":"Feature","geometry":{"type":"MultiLineString","coordinates":[[[-98.69675,30.47918],[-98.69255,30.48102]]]},"properties":{"layer":"fault","fault_type":"Unspecified"}},{"type":"Feature","geometry":{"type":"MultiLineString","coordinates":[[[-98.68668,30.44601],[-98.66743,30.45325],[-98.66384,30.45583]]]},"properties":{"layer":"fault","fault_type":"Unspecified"}},{"type":"Feature","geometry":{"type":"MultiLineString","coordinates":[[[-98.68439,30.44831],[-98.66384,30.45583]]]},"properties":{"layer":"fault","fault_type":"Unspecified"}},{"type":"Feature","geometry":{"type":"MultiLineString","coordinates":[[[-98.74874,30.41209],[-98.72831,30.4337]]]},"properties":{"layer":"fault","fault_type":"Normal"}},{"type":"Feature","geometry":{"type":"MultiLineString","coordinates":[[[-98.72287,30.40571],[-98.69823,30.43021],[-98.68988,30.4327]]]},"properties":{"layer":"fault","fault_type":"Normal"}},{"type":"Feature","geometry":{"type":"MultiLineString","coordinates":[[[-98.68759,30.43594],[-98.70426,30.41411]]]},"properties":{"layer":"fault","fault_type":"Normal"}},{"type":"Feature","geometry":{"type":"MultiLineString","coordinates":[[[-98.70493,30.41238],[-98.71094,30.40373]]]},"properties":{"layer":"fault","fault_type":"Normal"}},{"type":"Feature","geometry":{"type":"MultiLineString","coordinates":[[[-98.70646,30.4124],[-98.71958,30.39611]]]},"properties":{"layer":"fault","fault_type":"Normal"}},{"type":"Feature","geometry":{"type":"MultiLineString","coordinates":[[[-98.72622,30.39498],[-98.71046,30.4124]]]},"properties":{"layer":"fault","fault_type":"Normal"}},{"type":"Feature","geometry":{"type":"MultiLineString","coordinates":[[[-98.74395,30.38408],[-98.72398,30.40399]]]},"properties":{"layer":"fault","fault_type":"Normal"}},{"type":"Feature","geometry":{"type":"MultiLineString","coordinates":[[[-98.74767,30.3977],[-98.7259,30.42204],[-98.72281,30.42623],[-98.71816,30.4371]]]},"properties":{"layer":"fault","fault_type":"Normal"}},{"type":"Feature","geometry":{"type":"MultiLineString","coordinates":[[[-98.76097,30.38833],[-98.74167,30.40997]]]},"properties":{"layer":"fault","fault_type":"Normal"}},{"type":"Feature","geometry":{"type":"MultiLineString","coordinates":[[[-98.76385,30.3891],[-98.75209,30.40136]]]},"properties":{"layer":"fault","fault_type":"Normal"}},{"type":"Feature","geometry":{"type":"MultiLineString","coordinates":[[[-98.76537,30.39793],[-98.75005,30.40773]]]},"properties":{"layer":"fault","fault_type":"Unspecified"}},{"type":"Feature","geometry":{"type":"MultiLineString","coordinates":[[[-99.11959,30.96378],[-99.12258,30.95566],[-99.12517,30.95279]]]},"properties":{"layer":"fault","fault_type":"Normal"}},{"type":"Feature","geometry":{"type":"MultiLineString","coordinates":[[[-99.14657,30.86628],[-99.15168,30.85359],[-99.16382,30.8318],[-99.16436,30.82844],[-99.17223,30.81899]]]},"properties":{"layer":"fault","fault_type":"Normal"}},{"type":"Feature","geometry":{"type":"MultiLineString","coordinates":[[[-99.14163,30.86749],[-99.14657,30.86628]]]},"properties":{"layer":"fault","fault_type":"Normal"}},{"type":"Feature","geometry":{"type":"MultiLineString","coordinates":[[[-99.21338,30.81958],[-99.20825,30.82368],[-99.20526,30.82992],[-99.19627,30.83578],[-99.18884,30.84356]]]},"properties":{"layer":"fault","fault_type":"Normal"}},{"type":"Feature","geometry":{"type":"MultiLineString","coordinates":[[[-99.19659,30.82859],[-99.21338,30.81958]]]},"properties":{"layer":"fault","fault_type":"Normal"}},{"type":"Feature","geometry":{"type":"MultiLineString","coordinates":[[[-99.20028,30.79563],[-99.19523,30.80109],[-99.19147,30.80867]]]},"properties":{"layer":"fault","fault_type":"Normal"}},{"type":"Feature","geometry":{"type":"MultiLineString","coordinates":[[[-98.76194,30.39859],[-98.77014,30.39247]]]},"properties":{"layer":"fault","fault_type":"Normal"}},{"type":"Feature","geometry":{"type":"MultiLineString","coordinates":[[[-98.58961,30.56405],[-98.58608,30.57356],[-98.58628,30.58107]]]},"properties":{"layer":"fault","fault_type":"Normal"}},{"type":"Feature","geometry":{"type":"MultiLineString","coordinates":[[[-98.59014,30.5565],[-98.59261,30.54884],[-98.5964,30.54367]]]},"properties":{"layer":"fault","fault_type":"Normal"}},{"type":"Feature","geometry":{"type":"MultiLineString","coordinates":[[[-98.57653,30.57756],[-98.58757,30.56081]]]},"properties":{"layer":"fault","fault_type":"Normal"}},{"type":"Feature","geometry":{"type":"MultiLineString","coordinates":[[[-98.64907,30.5607],[-98.65165,30.55781],[-98.65175,30.55553],[-98.64612,30.55885]]]},"properties":{"layer":"fault","fault_type":"Unspecified"}},{"type":"Feature","geometry":{"type":"MultiLineString","coordinates":[[[-98.64774,30.56262],[-98.6417,30.57584],[-98.62944,30.58572]]]},"properties":{"layer":"fault","fault_type":"Normal"}},{"type":"Feature","geometry":{"type":"MultiLineString","coordinates":[[[-98.61997,30.57846],[-98.63001,30.57193],[-98.64509,30.55954]]]},"properties":{"layer":"fault","fault_type":"Normal"}},{"type":"Feature","geometry":{"type":"MultiLineString","coordinates":[[[-98.58268,30.59024],[-98.58156,30.59426]]]},"properties":{"layer":"fault","fault_type":"Normal"}},{"type":"Feature","geometry":{"type":"MultiLineString","coordinates":[[[-98.63946,30.58331],[-98.63544,30.59135],[-98.63099,30.59575]]]},"properties":{"layer":"fault","fault_type":"Normal"}},{"type":"Feature","geometry":{"type":"MultiLineString","coordinates":[[[-98.65698,30.5824],[-98.65266,30.59319],[-98.63779,30.61438],[-98.63675,30.61827]]]},"properties":{"layer":"fault","fault_type":"Normal"}},{"type":"Feature","geometry":{"type":"MultiLineString","coordinates":[[[-98.64513,30.61384],[-98.65568,30.60378]]]},"properties":{"layer":"fault","fault_type":"Normal"}},{"type":"Feature","geometry":{"type":"MultiLineString","coordinates":[[[-98.61713,30.62506],[-98.60779,30.63155],[-98.59532,30.64341]]]},"properties":{"layer":"fault","fault_type":"Normal"}},{"type":"Feature","geometry":{"type":"MultiLineString","coordinates":[[[-98.56248,30.59727],[-98.56381,30.59574],[-98.56443,30.58432]]]},"properties":{"layer":"fault","fault_type":"Normal"}},{"type":"Feature","geometry":{"type":"MultiLineString","coordinates":[[[-98.55619,30.60878],[-98.55693,30.60326],[-98.55937,30.59764],[-98.56405,30.59124]]]},"properties":{"layer":"fault","fault_type":"Normal"}},{"type":"Feature","geometry":{"type":"MultiLineString","coordinates":[[[-98.56993,30.60573],[-98.56339,30.60505]]]},"properties":{"layer":"fault","fault_type":"Unspecified"}},{"type":"Feature","geometry":{"type":"MultiLineString","coordinates":[[[-98.56688,30.6038],[-98.56339,30.60505]]]},"properties":{"layer":"fault","fault_type":"Unspecified"}},{"type":"Feature","geometry":{"type":"MultiLineString","coordinates":[[[-98.55833,30.63063],[-98.55593,30.62333],[-98.55738,30.61998],[-98.56017,30.6174],[-98.56863,30.61396],[-98.57581,30.61304]]]},"properties":{"layer":"fault","fault_type":"Normal"}},{"type":"Feature","geometry":{"type":"MultiLineString","coordinates":[[[-98.66139,30.5572],[-98.66145,30.57033],[-98.66328,30.57945]]]},"properties":{"layer":"fault","fault_type":"Normal"}},{"type":"Feature","geometry":{"type":"MultiLineString","coordinates":[[[-98.63435,30.46706],[-98.63626,30.47212],[-98.63411,30.47739]]]},"properties":{"layer":"fault","fault_type":"Unspecified"}},{"type":"Feature","geometry":{"type":"MultiLineString","coordinates":[[[-98.69586,30.47109],[-98.69278,30.47431]]]},"properties":{"layer":"fault","fault_type":"Unspecified"}},{"type":"Feature","geometry":{"type":"MultiLineString","coordinates":[[[-98.29169,30.60854],[-98.28657,30.61718]]]},"properties":{"layer":"fault","fault_type":"Normal"}},{"type":"Feature","geometry":{"type":"MultiLineString","coordinates":[[[-98.24361,30.63359],[-98.24336,30.63646],[-98.23999,30.64201]]]},"properties":{"layer":"fault","fault_type":"Normal"}},{"type":"Feature","geometry":{"type":"MultiLineString","coordinates":[[[-98.21917,30.65871],[-98.23234,30.6438],[-98.24261,30.61862]]]},"properties":{"layer":"fault","fault_type":"Unspecified"}},{"type":"Feature","geometry":{"type":"MultiLineString","coordinates":[[[-98.25895317570867,30.60848710717177],[-98.25753166723003,30.61104182308821]]]},"properties":{"layer":"fault","fault_type":"Unspecified"}},{"type":"Feature","geometry":{"type":"MultiLineString","coordinates":[[[-98.25429,30.62195],[-98.26305,30.61016],[-98.26484,30.60536],[-98.27403,30.59905]]]},"properties":{"layer":"fault","fault_type":"Normal"}},{"type":"Feature","geometry":{"type":"MultiLineString","coordinates":[[[-98.24658626592324,30.620947039157127],[-98.2458585766442,30.628998226116966]]]},"properties":{"layer":"fault","fault_type":"Normal"}},{"type":"Feature","geometry":{"type":"MultiLineString","coordinates":[[[-98.29630379841069,30.653871143595442],[-98.28771083869462,30.657340552231826]]]},"properties":{"layer":"fault","fault_type":"Normal"}},{"type":"Feature","geometry":{"type":"MultiLineString","coordinates":[[[-98.28981,30.65248],[-98.28634,30.65874],[-98.28377,30.66923],[-98.27854,30.67847],[-98.27726,30.68324]]]},"properties":{"layer":"fault","fault_type":"Normal"}},{"type":"Feature","geometry":{"type":"MultiLineString","coordinates":[[[-98.27846,30.68864],[-98.2598,30.6916],[-98.24578,30.69651],[-98.24429,30.69946]]]},"properties":{"layer":"fault","fault_type":"Normal"}},{"type":"Feature","geometry":{"type":"MultiLineString","coordinates":[[[-98.27023,30.69109],[-98.25821,30.6962],[-98.24331,30.69976],[-98.23332,30.7082],[-98.22921,30.71521]]]},"properties":{"layer":"fault","fault_type":"Normal"}},{"type":"Feature","geometry":{"type":"MultiLineString","coordinates":[[[-98.23835,30.7097],[-98.24395,30.70264]]]},"properties":{"layer":"fault","fault_type":"Unspecified"}},{"type":"Feature","geometry":{"type":"MultiLineString","coordinates":[[[-98.25877,30.7007],[-98.24592,30.70668],[-98.23429,30.7185]]]},"properties":{"layer":"fault","fault_type":"Normal"}},{"type":"Feature","geometry":{"type":"MultiLineString","coordinates":[[[-98.27811,30.69104],[-98.26996,30.69703],[-98.24702,30.70783],[-98.24447,30.70791]]]},"properties":{"layer":"fault","fault_type":"Unspecified"}},{"type":"Feature","geometry":{"type":"MultiLineString","coordinates":[[[-98.37706,30.67783],[-98.38419,30.67252],[-98.39226,30.65892]]]},"properties":{"layer":"fault","fault_type":"Normal"}},{"type":"Feature","geometry":{"type":"MultiLineString","coordinates":[[[-98.41211,30.65463],[-98.40764,30.65582]]]},"properties":{"layer":"fault","fault_type":"Unspecified"}},{"type":"Feature","geometry":{"type":"MultiLineString","coordinates":[[[-98.41762,30.64868],[-98.41678,30.65239],[-98.41446,30.65358]]]},"properties":{"layer":"fault","fault_type":"Unspecified"}},{"type":"Feature","geometry":{"type":"MultiLineString","coordinates":[[[-98.40172,30.65704],[-98.39667,30.65862]]]},"properties":{"layer":"fault","fault_type":"Unspecified"}},{"type":"Feature","geometry":{"type":"MultiLineString","coordinates":[[[-98.3307,30.71311],[-98.3316,30.67358]]]},"properties":{"layer":"fault","fault_type":"Normal"}},{"type":"Feature","geometry":{"type":"MultiLineString","coordinates":[[[-98.29954,30.75291],[-98.2937,30.75892],[-98.28674,30.76943]]]},"properties":{"layer":"fault","fault_type":"Normal"}},{"type":"Feature","geometry":{"type":"MultiLineString","coordinates":[[[-98.74205,30.72731],[-98.71617,30.73253]]]},"properties":{"layer":"fault","fault_type":"Unspecified"}},{"type":"Feature","geometry":{"type":"MultiLineString","coordinates":[[[-98.74038,30.72779],[-98.73171,30.7318],[-98.71661,30.73387]]]},"properties":{"layer":"fault","fault_type":"Unspecified"}},{"type":"Feature","geometry":{"type":"MultiLineString","coordinates":[[[-98.7371,30.7109],[-98.71243,30.72101]]]},"properties":{"layer":"fault","fault_type":"Unspecified"}},{"type":"Feature","geometry":{"type":"MultiLineString","coordinates":[[[-98.63364,30.71506],[-98.60939,30.72938],[-98.60516,30.73301]]]},"properties":{"layer":"fault","fault_type":"Normal"}},{"type":"Feature","geometry":{"type":"MultiLineString","coordinates":[[[-98.85083,30.65642],[-98.83839,30.66465]]]},"properties":{"layer":"fault","fault_type":"Unspecified"}},{"type":"Feature","geometry":{"type":"MultiLineString","coordinates":[[[-98.81962,30.7116],[-98.79166,30.72093]]]},"properties":{"layer":"fault","fault_type":"Unspecified"}},{"type":"Feature","geometry":{"type":"MultiLineString","coordinates":[[[-98.81971,30.71243],[-98.79256,30.72328]]]},"properties":{"layer":"fault","fault_type":"Unspecified"}},{"type":"Feature","geometry":{"type":"MultiLineString","coordinates":[[[-98.90035,30.5825],[-98.91901,30.57074]]]},"properties":{"layer":"fault","fault_type":"Normal"}},{"type":"Feature","geometry":{"type":"MultiLineString","coordinates":[[[-98.93319818047055,30.559625115580594],[-98.94273252160377,30.55195744790278]]]},"properties":{"layer":"fault","fault_type":"Normal"}},{"type":"Feature","geometry":{"type":"MultiLineString","coordinates":[[[-98.92976072942515,30.56278809208697],[-98.93131295804898,30.56163808727453]]]},"properties":{"layer":"fault","fault_type":"Normal"}},{"type":"Feature","geometry":{"type":"MultiLineString","coordinates":[[[-98.83186,30.59156],[-98.85724,30.56641],[-98.87448,30.55191]]]},"properties":{"layer":"fault","fault_type":"Normal"}},{"type":"Feature","geometry":{"type":"MultiLineString","coordinates":[[[-99.00146,30.59704],[-98.99436,30.61833],[-98.98979,30.62754]]]},"properties":{"layer":"fault","fault_type":"Normal"}},{"type":"Feature","geometry":{"type":"MultiLineString","coordinates":[[[-98.99674,30.62058],[-99.00811,30.60069],[-99.01144,30.59186]]]},"properties":{"layer":"fault","fault_type":"Normal"}},{"type":"Feature","geometry":{"type":"MultiLineString","coordinates":[[[-98.99991,30.62581],[-99.00922,30.60913]]]},"properties":{"layer":"fault","fault_type":"Normal"}},{"type":"Feature","geometry":{"type":"MultiLineString","coordinates":[[[-99.01299,30.61009],[-99.01077,30.61527],[-99.00168,30.62601]]]},"properties":{"layer":"fault","fault_type":"Normal"}},{"type":"Feature","geometry":{"type":"MultiLineString","coordinates":[[[-99.02718,30.60606],[-99.0294,30.60088],[-99.04801,30.58725]]]},"properties":{"layer":"fault","fault_type":"Normal"}},{"type":"Feature","geometry":{"type":"MultiLineString","coordinates":[[[-99.02073,30.52109],[-99.03203,30.51188]]]},"properties":{"layer":"fault","fault_type":"Normal"}},{"type":"Feature","geometry":{"type":"MultiLineString","coordinates":[[[-99.02848,30.50939],[-99.01497,30.51604]]]},"properties":{"layer":"fault","fault_type":"Normal"}},{"type":"Feature","geometry":{"type":"MultiLineString","coordinates":[[[-98.98307,30.50478],[-98.97643,30.50977],[-98.97288,30.50996]]]},"properties":{"layer":"fault","fault_type":"Unspecified"}},{"type":"Feature","geometry":{"type":"MultiLineString","coordinates":[[[-98.96768,30.5043],[-98.95826,30.50996],[-98.9463,30.5136]]]},"properties":{"layer":"fault","fault_type":"Normal"}},{"type":"Feature","geometry":{"type":"MultiLineString","coordinates":[[[-98.87782,30.53849],[-98.86651,30.54423]]]},"properties":{"layer":"fault","fault_type":"Unspecified"}},{"type":"Feature","geometry":{"type":"MultiLineString","coordinates":[[[-98.86806,30.54634],[-98.87305,30.54241],[-98.89887,30.53371],[-98.91173,30.52796]]]},"properties":{"layer":"fault","fault_type":"Normal"}},{"type":"Feature","geometry":{"type":"MultiLineString","coordinates":[[[-98.87063,30.53551],[-98.88892,30.51797],[-98.90137,30.5127]]]},"properties":{"layer":"fault","fault_type":"Normal"}},{"type":"Feature","geometry":{"type":"MultiLineString","coordinates":[[[-98.91064,30.50399],[-98.90322,30.51002],[-98.89934,30.51568],[-98.91153,30.50571]]]},"properties":{"layer":"fault","fault_type":"Unspecified"}},{"type":"Feature","geometry":{"type":"MultiLineString","coordinates":[[[-98.88626,30.5243],[-98.91773,30.50725]]]},"properties":{"layer":"fault","fault_type":"Unspecified"}},{"type":"Feature","geometry":{"type":"MultiLineString","coordinates":[[[-98.91266,30.50644],[-98.90786,30.51263]]]},"properties":{"layer":"fault","fault_type":"Unspecified"}},{"type":"Feature","geometry":{"type":"MultiLineString","coordinates":[[[-98.90265,30.51952],[-98.89046,30.52622],[-98.88891,30.52852]]]},"properties":{"layer":"fault","fault_type":"Unspecified"}},{"type":"Feature","geometry":{"type":"MultiLineString","coordinates":[[[-98.91041105593446,30.515879780804],[-98.90697551470736,30.517891326948583]]]},"properties":{"layer":"fault","fault_type":"Unspecified"}},{"type":"Feature","geometry":{"type":"MultiLineString","coordinates":[[[-98.91306,30.52873],[-98.90331,30.53314],[-98.88848,30.53731]]]},"properties":{"layer":"fault","fault_type":"Unspecified"}},{"type":"Feature","geometry":{"type":"MultiLineString","coordinates":[[[-98.92127,30.51224],[-98.91384,30.51675]]]},"properties":{"layer":"fault","fault_type":"Unspecified"}},{"type":"Feature","geometry":{"type":"MultiLineString","coordinates":[[[-98.95252,30.48234],[-98.94506,30.49109],[-98.93235,30.49901],[-98.93089,30.5014]]]},"properties":{"layer":"fault","fault_type":"Normal"}},{"type":"Feature","geometry":{"type":"MultiLineString","coordinates":[[[-98.96086,30.47799],[-98.95495,30.48483],[-98.9441,30.49422]]]},"properties":{"layer":"fault","fault_type":"Normal"}},{"type":"Feature","geometry":{"type":"MultiLineString","coordinates":[[[-98.95497,30.48967],[-98.95151,30.49337]]]},"properties":{"layer":"fault","fault_type":"Unspecified"}},{"type":"Feature","geometry":{"type":"MultiLineString","coordinates":[[[-98.95622,30.4902],[-98.95159,30.49336]]]},"properties":{"layer":"fault","fault_type":"Unspecified"}},{"type":"Feature","geometry":{"type":"MultiLineString","coordinates":[[[-98.96913,30.48177],[-98.96514,30.48579]]]},"properties":{"layer":"fault","fault_type":"Unspecified"}},{"type":"Feature","geometry":{"type":"MultiLineString","coordinates":[[[-98.96336589661861,30.488093452960808],[-98.96173919136952,30.49059131160942]]]},"properties":{"layer":"fault","fault_type":"Unspecified"}},{"type":"Feature","geometry":{"type":"MultiLineString","coordinates":[[[-98.97045,30.48829],[-98.96248,30.49135]]]},"properties":{"layer":"fault","fault_type":"Unspecified"}},{"type":"Feature","geometry":{"type":"MultiLineString","coordinates":[[[-98.93059,30.49268],[-98.92593,30.4946]]]},"properties":{"layer":"fault","fault_type":"Unspecified"}},{"type":"Feature","geometry":{"type":"MultiLineString","coordinates":[[[-98.91996,30.48711],[-98.91511,30.49565]]]},"properties":{"layer":"fault","fault_type":"Normal"}},{"type":"Feature","geometry":{"type":"MultiLineString","coordinates":[[[-98.91597,30.49363],[-98.92483,30.4898],[-98.93812,30.48099]]]},"properties":{"layer":"fault","fault_type":"Normal"}},{"type":"Feature","geometry":{"type":"MultiLineString","coordinates":[[[-98.90954,30.49612],[-98.9162,30.48385]]]},"properties":{"layer":"fault","fault_type":"Normal"}},{"type":"Feature","geometry":{"type":"MultiLineString","coordinates":[[[-98.94032,30.51379],[-98.93677,30.51839]]]},"properties":{"layer":"fault","fault_type":"Normal"}},{"type":"Feature","geometry":{"type":"MultiLineString","coordinates":[[[-98.93388,30.49988],[-98.93702,30.50894]]]},"properties":{"layer":"fault","fault_type":"Normal"}},{"type":"Feature","geometry":{"type":"MultiLineString","coordinates":[[[-98.9411,30.5057],[-98.93484,30.50308]]]},"properties":{"layer":"fault","fault_type":"Unspecified"}},{"type":"Feature","geometry":{"type":"MultiLineString","coordinates":[[[-98.9658,30.49634],[-98.96292,30.50018]]]},"properties":{"layer":"fault","fault_type":"Unspecified"}},{"type":"Feature","geometry":{"type":"MultiLineString","coordinates":[[[-98.86975664072153,30.602349424772903],[-98.86709284754492,30.604648369311736]]]},"properties":{"layer":"fault","fault_type":"Unspecified"}},{"type":"Feature","geometry":{"type":"MultiLineString","coordinates":[[[-99.05527,30.47811],[-99.06036,30.47121]]]},"properties":{"layer":"fault","fault_type":"Normal"}},{"type":"Feature","geometry":{"type":"MultiLineString","coordinates":[[[-99.05836,30.47082],[-99.05438,30.47677]]]},"properties":{"layer":"fault","fault_type":"Normal"}},{"type":"Feature","geometry":{"type":"MultiLineString","coordinates":[[[-99.04874,30.48876],[-99.05173,30.48368]]]},"properties":{"layer":"fault","fault_type":"Normal"}},{"type":"Feature","geometry":{"type":"MultiLineString","coordinates":[[[-99.05029,30.48301],[-99.04774,30.48751]]]},"properties":{"layer":"fault","fault_type":"Normal"}},{"type":"Feature","geometry":{"type":"MultiLineString","coordinates":[[[-99.07254,30.47887],[-99.06413,30.48271],[-99.05461,30.48943]]]},"properties":{"layer":"fault","fault_type":"Normal"}},{"type":"Feature","geometry":{"type":"MultiLineString","coordinates":[[[-99.1094,30.49888],[-99.11906,30.49188],[-99.11912,30.4859],[-99.12558,30.48008]]]},"properties":{"layer":"fault","fault_type":"Unspecified"}},{"type":"Feature","geometry":{"type":"MultiLineString","coordinates":[[[-99.11508,30.50071],[-99.13079,30.48995]]]},"properties":{"layer":"fault","fault_type":"Normal"}},{"type":"Feature","geometry":{"type":"MultiLineString","coordinates":[[[-99.1225,30.49869],[-99.13102,30.49072]]]},"properties":{"layer":"fault","fault_type":"Normal"}},{"type":"Feature","geometry":{"type":"MultiLineString","coordinates":[[[-99.11275785378166,30.501955819860683],[-99.11375358507014,30.501091824843893]]]},"properties":{"layer":"fault","fault_type":"Normal"}},{"type":"Feature","geometry":{"type":"MultiLineString","coordinates":[[[-99.08805,30.52757],[-99.09427,30.51815],[-99.10933,30.50455]]]},"properties":{"layer":"fault","fault_type":"Normal"}},{"type":"Feature","geometry":{"type":"MultiLineString","coordinates":[[[-99.09741,30.51505],[-99.10434,30.50637]]]},"properties":{"layer":"fault","fault_type":"Normal"}},{"type":"Feature","geometry":{"type":"MultiLineString","coordinates":[[[-99.1190745023307,30.5053068151425],[-99.11774641504834,30.506075247519796]]]},"properties":{"layer":"fault","fault_type":"Normal"}},{"type":"Feature","geometry":{"type":"MultiLineString","coordinates":[[[-99.11531171652369,30.507611878898707],[-99.11066422490912,30.511260236111]]]},"properties":{"layer":"fault","fault_type":"Normal"}},{"type":"Feature","geometry":{"type":"MultiLineString","coordinates":[[[-99.08783,30.53186],[-99.10735,30.51567]]]},"properties":{"layer":"fault","fault_type":"Normal"}},{"type":"Feature","geometry":{"type":"MultiLineString","coordinates":[[[-99.08258,30.53997],[-99.11844,30.53082],[-99.14876,30.50585]]]},"properties":{"layer":"fault","fault_type":"Normal"}},{"type":"Feature","geometry":{"type":"MultiLineString","coordinates":[[[-99.12329,30.51125],[-99.11126,30.52111],[-99.10659,30.52839],[-99.10518,30.53309]]]},"properties":{"layer":"fault","fault_type":"Normal"}},{"type":"Feature","geometry":{"type":"MultiLineString","coordinates":[[[-99.03316,30.5817],[-99.04158,30.57153]]]},"properties":{"layer":"fault","fault_type":"Normal"}},{"type":"Feature","geometry":{"type":"MultiLineString","coordinates":[[[-98.75189,30.76158],[-98.74974,30.76353]]]},"properties":{"layer":"fault","fault_type":"Unspecified"}},{"type":"Feature","geometry":{"type":"MultiLineString","coordinates":[[[-98.4012,30.88045],[-98.41045,30.86724]]]},"properties":{"layer":"fault","fault_type":"Normal"}},{"type":"Feature","geometry":{"type":"MultiLineString","coordinates":[[[-98.40644,30.88794],[-98.41647,30.86534]]]},"properties":{"layer":"fault","fault_type":"Normal"}},{"type":"Feature","geometry":{"type":"MultiLineString","coordinates":[[[-99.08836,30.58685],[-99.07595,30.59721]]]},"properties":{"layer":"fault","fault_type":"Normal"}},{"type":"Feature","geometry":{"type":"MultiLineString","coordinates":[[[-99.08727,30.60641],[-99.09081,30.59605],[-99.09323,30.58205]]]},"properties":{"layer":"fault","fault_type":"Normal"}},{"type":"Feature","geometry":{"type":"MultiLineString","coordinates":[[[-99.10521,30.59278],[-99.10212,30.59892],[-99.09326,30.61025]]]},"properties":{"layer":"fault","fault_type":"Normal"}},{"type":"Feature","geometry":{"type":"MultiLineString","coordinates":[[[-99.09326,30.61025],[-99.09614,30.60112]]]},"properties":{"layer":"fault","fault_type":"Normal"}},{"type":"Feature","geometry":{"type":"MultiLineString","coordinates":[[[-99.15571,30.56166],[-99.16655,30.54841],[-99.16895,30.52673]]]},"properties":{"layer":"fault","fault_type":"Unspecified"}},{"type":"Feature","geometry":{"type":"MultiLineString","coordinates":[[[-99.16704,30.58632],[-99.16772,30.58236],[-99.16571,30.57493],[-99.16946,30.56414],[-99.1783,30.54974],[-99.18803,30.53956]]]},"properties":{"layer":"fault","fault_type":"Normal"}},{"type":"Feature","geometry":{"type":"MultiLineString","coordinates":[[[-99.12051,30.60962],[-99.11743,30.61127]]]},"properties":{"layer":"fault","fault_type":"Unspecified"}},{"type":"Feature","geometry":{"type":"MultiLineString","coordinates":[[[-99.11765,30.60716],[-99.1106,30.6102]]]},"properties":{"layer":"fault","fault_type":"Unspecified"}},{"type":"Feature","geometry":{"type":"MultiLineString","coordinates":[[[-99.1088,30.61115],[-99.11104,30.60705]]]},"properties":{"layer":"fault","fault_type":"Unspecified"}},{"type":"Feature","geometry":{"type":"MultiLineString","coordinates":[[[-99.11412,30.61166],[-99.10378,30.61741]]]},"properties":{"layer":"fault","fault_type":"Unspecified"}},{"type":"Feature","geometry":{"type":"MultiLineString","coordinates":[[[-99.10821,30.6102],[-99.10304,30.6129]]]},"properties":{"layer":"fault","fault_type":"Unspecified"}},{"type":"Feature","geometry":{"type":"MultiLineString","coordinates":[[[-99.15291,30.6146],[-99.14367,30.61916],[-99.13017,30.63067],[-99.12012,30.63708],[-99.10793,30.64207],[-99.09462,30.64496]]]},"properties":{"layer":"fault","fault_type":"Normal"}},{"type":"Feature","geometry":{"type":"MultiLineString","coordinates":[[[-99.20388,30.59938],[-99.18439,30.60574],[-99.15869,30.6215],[-99.14805,30.62611]]]},"properties":{"layer":"fault","fault_type":"Normal"}},{"type":"Feature","geometry":{"type":"MultiLineString","coordinates":[[[-99.27088,30.53462],[-99.292,30.52067]]]},"properties":{"layer":"fault","fault_type":"Normal"}},{"type":"Feature","geometry":{"type":"MultiLineString","coordinates":[[[-99.28726,30.52729],[-99.27515,30.53562]]]},"properties":{"layer":"fault","fault_type":"Normal"}},{"type":"Feature","geometry":{"type":"MultiLineString","coordinates":[[[-99.36102234819371,30.50409402067376],[-99.3584087429937,30.506306998293606]]]},"properties":{"layer":"fault","fault_type":"Normal"}},{"type":"Feature","geometry":{"type":"MultiLineString","coordinates":[[[-99.38374,30.50534],[-99.38623,30.49798]]]},"properties":{"layer":"fault","fault_type":"Normal"}},{"type":"Feature","geometry":{"type":"MultiLineString","coordinates":[[[-99.38581,30.51707],[-99.38589,30.50835],[-99.38791,30.503]]]},"properties":{"layer":"fault","fault_type":"Normal"}},{"type":"Feature","geometry":{"type":"MultiLineString","coordinates":[[[-99.3781466333159,30.517958751317675],[-99.37919159587521,30.512075152530493]]]},"properties":{"layer":"fault","fault_type":"Normal"}},{"type":"Feature","geometry":{"type":"MultiLineString","coordinates":[[[-99.38434,30.53721],[-99.3855,30.52368]]]},"properties":{"layer":"fault","fault_type":"Normal"}},{"type":"Feature","geometry":{"type":"MultiLineString","coordinates":[[[-99.38989440893614,30.51446419345462],[-99.38571708835478,30.516119610025026]]]},"properties":{"layer":"fault","fault_type":"Unspecified"}},{"type":"Feature","geometry":{"type":"MultiLineString","coordinates":[[[-99.37595,30.52141],[-99.37538,30.51268]]]},"properties":{"layer":"fault","fault_type":"Normal"}},{"type":"Feature","geometry":{"type":"MultiLineString","coordinates":[[[-99.27981,30.63299],[-99.286,30.62627],[-99.33567,30.55998],[-99.3467,30.54864],[-99.36243,30.53513]]]},"properties":{"layer":"fault","fault_type":"Normal"}},{"type":"Feature","geometry":{"type":"MultiLineString","coordinates":[[[-99.37117,30.53502],[-99.36949,30.53802],[-99.34674,30.5565],[-99.33493,30.5688]]]},"properties":{"layer":"fault","fault_type":"Normal"}},{"type":"Feature","geometry":{"type":"MultiLineString","coordinates":[[[-99.22014,30.62908],[-99.22497,30.62431],[-99.23813,30.61653],[-99.24116,30.61236],[-99.24957,30.60582]]]},"properties":{"layer":"fault","fault_type":"Normal"}},{"type":"Feature","geometry":{"type":"MultiLineString","coordinates":[[[-99.28941,30.57984],[-99.30309,30.55986]]]},"properties":{"layer":"fault","fault_type":"Normal"}},{"type":"Feature","geometry":{"type":"MultiLineString","coordinates":[[[-99.26528,30.59217],[-99.27146,30.58218],[-99.2915,30.5615]]]},"properties":{"layer":"fault","fault_type":"Normal"}},{"type":"Feature","geometry":{"type":"MultiLineString","coordinates":[[[-99.35631,30.50852],[-99.34725,30.51526],[-99.33279,30.53016],[-99.32044,30.53784],[-99.3039,30.55262],[-99.2915,30.5615]]]},"properties":{"layer":"fault","fault_type":"Normal"}},{"type":"Feature","geometry":{"type":"MultiLineString","coordinates":[[[-99.3067,30.58172],[-99.26691,30.62017]]]},"properties":{"layer":"fault","fault_type":"Normal"}},{"type":"Feature","geometry":{"type":"MultiLineString","coordinates":[[[-99.25842,30.61222],[-99.29407,30.58271]]]},"properties":{"layer":"fault","fault_type":"Normal"}},{"type":"Feature","geometry":{"type":"MultiLineString","coordinates":[[[-99.25668,30.60907],[-99.26929,30.60022],[-99.27415,30.59369],[-99.283,30.58753]]]},"properties":{"layer":"fault","fault_type":"Normal"}},{"type":"Feature","geometry":{"type":"MultiLineString","coordinates":[[[-99.2776,30.58464],[-99.28808,30.57523],[-99.298,30.56141]]]},"properties":{"layer":"fault","fault_type":"Normal"}},{"type":"Feature","geometry":{"type":"MultiLineString","coordinates":[[[-99.25943,30.5613],[-99.26384,30.55343]]]},"properties":{"layer":"fault","fault_type":"Normal"}},{"type":"Feature","geometry":{"type":"MultiLineString","coordinates":[[[-99.25943,30.5613],[-99.26295,30.54883]]]},"properties":{"layer":"fault","fault_type":"Normal"}},{"type":"Feature","geometry":{"type":"MultiLineString","coordinates":[[[-99.2921,30.63174],[-99.28446,30.62826]]]},"properties":{"layer":"fault","fault_type":"Unspecified"}},{"type":"Feature","geometry":{"type":"MultiLineString","coordinates":[[[-99.27823,30.5603],[-99.27825,30.55263]]]},"properties":{"layer":"fault","fault_type":"Normal"}},{"type":"Feature","geometry":{"type":"MultiLineString","coordinates":[[[-99.25335,30.60946],[-99.26241,30.59755]]]},"properties":{"layer":"fault","fault_type":"Normal"}},{"type":"Feature","geometry":{"type":"MultiLineString","coordinates":[[[-99.48245708979799,30.719717041932903],[-99.482445923739,30.723487436977585]]]},"properties":{"layer":"fault","fault_type":"Unspecified"}},{"type":"Feature","geometry":{"type":"MultiLineString","coordinates":[[[-99.48246,30.71972],[-99.47988,30.72697]]]},"properties":{"layer":"fault","fault_type":"Unspecified"}},{"type":"Feature","geometry":{"type":"MultiLineString","coordinates":[[[-99.48564,30.71769],[-99.4808,30.72718]]]},"properties":{"layer":"fault","fault_type":"Unspecified"}},{"type":"Feature","geometry":{"type":"MultiLineString","coordinates":[[[-99.48187,30.72116],[-99.475,30.7266],[-99.4685,30.73492]]]},"properties":{"layer":"fault","fault_type":"Normal"}},{"type":"Feature","geometry":{"type":"MultiLineString","coordinates":[[[-99.48395,30.72014],[-99.48029,30.71948],[-99.47519,30.72065],[-99.47298,30.72239],[-99.46813,30.73104]]]},"properties":{"layer":"fault","fault_type":"Normal"}},{"type":"Feature","geometry":{"type":"MultiLineString","coordinates":[[[-99.47734,30.72002],[-99.47585,30.71893],[-99.47043,30.71981]]]},"properties":{"layer":"fault","fault_type":"Unspecified"}},{"type":"Feature","geometry":{"type":"MultiLineString","coordinates":[[[-99.47353,30.70033],[-99.46717,30.71601]]]},"properties":{"layer":"fault","fault_type":"Unspecified"}},{"type":"Feature","geometry":{"type":"MultiLineString","coordinates":[[[-99.47223,30.70235],[-99.45409,30.71766]]]},"properties":{"layer":"fault","fault_type":"Unspecified"}},{"type":"Feature","geometry":{"type":"MultiLineString","coordinates":[[[-99.47197,30.65948],[-99.46976,30.6549]]]},"properties":{"layer":"fault","fault_type":"Unspecified"}},{"type":"Feature","geometry":{"type":"MultiLineString","coordinates":[[[-99.47197,30.65948],[-99.47123,30.68193]]]},"properties":{"layer":"fault","fault_type":"Unspecified"}},{"type":"Feature","geometry":{"type":"MultiLineString","coordinates":[[[-99.46982,30.75711],[-99.47136,30.75519],[-99.47244,30.74817],[-99.46929,30.74043],[-99.46792,30.72522]]]},"properties":{"layer":"fault","fault_type":"Normal"}},{"type":"Feature","geometry":{"type":"MultiLineString","coordinates":[[[-99.46757,30.61443],[-99.468,30.64405]]]},"properties":{"layer":"fault","fault_type":"Normal"}},{"type":"Feature","geometry":{"type":"MultiLineString","coordinates":[[[-99.468,30.64405],[-99.46741,30.66272]]]},"properties":{"layer":"fault","fault_type":"Normal"}},{"type":"Feature","geometry":{"type":"MultiLineString","coordinates":[[[-99.46967,30.66169],[-99.45385,30.66799]]]},"properties":{"layer":"fault","fault_type":"Normal"}},{"type":"Feature","geometry":{"type":"MultiLineString","coordinates":[[[-99.46761,30.71357],[-99.46208,30.71859]]]},"properties":{"layer":"fault","fault_type":"Unspecified"}},{"type":"Feature","geometry":{"type":"MultiLineString","coordinates":[[[-99.45914,30.6601],[-99.45465,30.64957],[-99.44415,30.63158]]]},"properties":{"layer":"fault","fault_type":"Normal"}},{"type":"Feature","geometry":{"type":"MultiLineString","coordinates":[[[-99.45426,30.70788],[-99.45286,30.70667]]]},"properties":{"layer":"fault","fault_type":"Unspecified"}},{"type":"Feature","geometry":{"type":"MultiLineString","coordinates":[[[-99.44518,30.71194],[-99.44883,30.70856],[-99.45802,30.7046]]]},"properties":{"layer":"fault","fault_type":"Normal"}},{"type":"Feature","geometry":{"type":"MultiLineString","coordinates":[[[-99.45219636837359,30.669621813538715],[-99.44470158112605,30.66375018585286]]]},"properties":{"layer":"fault","fault_type":"Normal"}},{"type":"Feature","geometry":{"type":"MultiLineString","coordinates":[[[-99.44039,30.63428],[-99.44132,30.6431],[-99.444,30.64922],[-99.44668,30.6625]]]},"properties":{"layer":"fault","fault_type":"Normal"}},{"type":"Feature","geometry":{"type":"MultiLineString","coordinates":[[[-99.44635,30.67626],[-99.44574,30.68988],[-99.44315,30.70542]]]},"properties":{"layer":"fault","fault_type":"Normal"}},{"type":"Feature","geometry":{"type":"MultiLineString","coordinates":[[[-99.44199,30.64489],[-99.41811,30.66274],[-99.41502,30.66601],[-99.41128,30.67522]]]},"properties":{"layer":"fault","fault_type":"Normal"}},{"type":"Feature","geometry":{"type":"MultiLineString","coordinates":[[[-99.43806,30.9628],[-99.40274,30.98441]]]},"properties":{"layer":"fault","fault_type":"Normal"}},{"type":"Feature","geometry":{"type":"MultiLineString","coordinates":[[[-99.42258,30.72045],[-99.41993,30.7243],[-99.40799,30.73508]]]},"properties":{"layer":"fault","fault_type":"Unspecified"}},{"type":"Feature","geometry":{"type":"MultiLineString","coordinates":[[[-99.41842,30.71619],[-99.39529,30.72457],[-99.39197,30.72726]]]},"properties":{"layer":"fault","fault_type":"Normal"}},{"type":"Feature","geometry":{"type":"MultiLineString","coordinates":[[[-99.41815432350799,30.736158173918668],[-99.41648228926967,30.740287105490257]]]},"properties":{"layer":"fault","fault_type":"Unspecified"}},{"type":"Feature","geometry":{"type":"MultiLineString","coordinates":[[[-99.41573,30.72815],[-99.41179,30.72732]]]},"properties":{"layer":"fault","fault_type":"Normal"}},{"type":"Feature","geometry":{"type":"MultiLineString","coordinates":[[[-99.47175,30.74483],[-99.47782,30.73666]]]},"properties":{"layer":"fault","fault_type":"Normal"}},{"type":"Feature","geometry":{"type":"MultiLineString","coordinates":[[[-98.58484,30.31721],[-98.57741,30.32284],[-98.57026,30.33188]]]},"properties":{"layer":"fault","fault_type":"Normal"}},{"type":"Feature","geometry":{"type":"MultiLineString","coordinates":[[[-98.57026,30.33188],[-98.55867,30.34586],[-98.54698,30.35401]]]},"properties":{"layer":"fault","fault_type":"Normal"}},{"type":"Feature","geometry":{"type":"MultiLineString","coordinates":[[[-98.53655,30.35972],[-98.54612,30.34691],[-98.5488,30.34097]]]},"properties":{"layer":"fault","fault_type":"Unspecified"}},{"type":"Feature","geometry":{"type":"MultiLineString","coordinates":[[[-98.5488,30.34097],[-98.54069,30.34967],[-98.53679,30.35589],[-98.53655,30.35972]]]},"properties":{"layer":"fault","fault_type":"Unspecified"}},{"type":"Feature","geometry":{"type":"MultiLineString","coordinates":[[[-98.49552,30.35604],[-98.493,30.3563]]]},"properties":{"layer":"fault","fault_type":"Unspecified"}},{"type":"Feature","geometry":{"type":"MultiLineString","coordinates":[[[-98.66335,30.40634],[-98.65048,30.41647]]]},"properties":{"layer":"fault","fault_type":"Normal"}},{"type":"Feature","geometry":{"type":"MultiLineString","coordinates":[[[-98.65805,30.40191],[-98.65048,30.41647]]]},"properties":{"layer":"fault","fault_type":"Normal"}},{"type":"Feature","geometry":{"type":"MultiLineString","coordinates":[[[-99.40799,30.73508],[-99.40456,30.74135]]]},"properties":{"layer":"fault","fault_type":"Unspecified"}},{"type":"Feature","geometry":{"type":"MultiLineString","coordinates":[[[-99.40799,30.73508],[-99.40574,30.73407]]]},"properties":{"layer":"fault","fault_type":"Normal"}},{"type":"Feature","geometry":{"type":"MultiLineString","coordinates":[[[-99.33486,30.64763],[-99.33596,30.64365],[-99.33857,30.6419],[-99.35808,30.63532],[-99.3798,30.62488],[-99.40063,30.60924],[-99.41524,30.60156]]]},"properties":{"layer":"fault","fault_type":"Normal"}},{"type":"Feature","geometry":{"type":"MultiLineString","coordinates":[[[-99.40114,30.74469],[-99.40378,30.7372],[-99.40369,30.73219],[-99.39994,30.72302]]]},"properties":{"layer":"fault","fault_type":"Normal"}},{"type":"Feature","geometry":{"type":"MultiLineString","coordinates":[[[-99.40274,30.98441],[-99.39266,30.99492],[-99.38182,31.00098],[-99.37858,31.00403],[-99.37269,31.01428]]]},"properties":{"layer":"fault","fault_type":"Normal"}},{"type":"Feature","geometry":{"type":"MultiLineString","coordinates":[[[-99.37403,30.68147],[-99.38172,30.66055],[-99.39982,30.64174]]]},"properties":{"layer":"fault","fault_type":"Normal"}},{"type":"Feature","geometry":{"type":"MultiLineString","coordinates":[[[-99.37193,30.65405],[-99.39562,30.64382],[-99.42539,30.62886]]]},"properties":{"layer":"fault","fault_type":"Normal"}},{"type":"Feature","geometry":{"type":"MultiLineString","coordinates":[[[-99.39622,30.99189],[-99.39856,30.99511],[-99.39416,30.99992]]]},"properties":{"layer":"fault","fault_type":"Normal"}},{"type":"Feature","geometry":{"type":"MultiLineString","coordinates":[[[-99.40382,30.60758],[-99.40325,30.61061],[-99.3942,30.62138],[-99.3847,30.62985]]]},"properties":{"layer":"fault","fault_type":"Normal"}},{"type":"Feature","geometry":{"type":"MultiLineString","coordinates":[[[-99.38239,30.71034],[-99.383,30.70561],[-99.38184,30.70415],[-99.38363,30.69656],[-99.38268,30.68061],[-99.38663,30.66864],[-99.38656,30.65543]]]},"properties":{"layer":"fault","fault_type":"Normal"}},{"type":"Feature","geometry":{"type":"MultiLineString","coordinates":[[[-99.39145,30.70789],[-99.38169,30.71041],[-99.37217,30.71658]]]},"properties":{"layer":"fault","fault_type":"Unspecified"}},{"type":"Feature","geometry":{"type":"MultiLineString","coordinates":[[[-99.38632,30.73025],[-99.3759,30.73469],[-99.36885,30.73601]]]},"properties":{"layer":"fault","fault_type":"Unspecified"}},{"type":"Feature","geometry":{"type":"MultiLineString","coordinates":[[[-99.37122,30.52593],[-99.37531,30.52333],[-99.37722,30.51844],[-99.38466,30.51342]]]},"properties":{"layer":"fault","fault_type":"Normal"}},{"type":"Feature","geometry":{"type":"MultiLineString","coordinates":[[[-99.37417730596046,30.73349926520254],[-99.36885037986893,30.736014845849507]]]},"properties":{"layer":"fault","fault_type":"Normal"}},{"type":"Feature","geometry":{"type":"MultiLineString","coordinates":[[[-99.35506,30.74108],[-99.36422,30.72677],[-99.37278,30.71797],[-99.37378,30.71518]]]},"properties":{"layer":"fault","fault_type":"Normal"}},{"type":"Feature","geometry":{"type":"MultiLineString","coordinates":[[[-99.36885,30.73601],[-99.36293,30.73924]]]},"properties":{"layer":"fault","fault_type":"Unspecified"}},{"type":"Feature","geometry":{"type":"MultiLineString","coordinates":[[[-99.36293,30.73924],[-99.36006,30.74193]]]},"properties":{"layer":"fault","fault_type":"Unspecified"}},{"type":"Feature","geometry":{"type":"MultiLineString","coordinates":[[[-99.35803,30.73561],[-99.33537,30.74684]]]},"properties":{"layer":"fault","fault_type":"Normal"}},{"type":"Feature","geometry":{"type":"MultiLineString","coordinates":[[[-99.34482,30.89138],[-99.35669,30.87887]]]},"properties":{"layer":"fault","fault_type":"Normal"}},{"type":"Feature","geometry":{"type":"MultiLineString","coordinates":[[[-99.36433,30.8756],[-99.34591,30.88294]]]},"properties":{"layer":"fault","fault_type":"Normal"}},{"type":"Feature","geometry":{"type":"MultiLineString","coordinates":[[[-99.35067,30.74104],[-99.34572,30.74222]]]},"properties":{"layer":"fault","fault_type":"Unspecified"}},{"type":"Feature","geometry":{"type":"MultiLineString","coordinates":[[[-99.35506,30.74108],[-99.3488,30.74074]]]},"properties":{"layer":"fault","fault_type":"Unspecified"}},{"type":"Feature","geometry":{"type":"MultiLineString","coordinates":[[[-99.33369,30.75152],[-99.34027,30.73689]]]},"properties":{"layer":"fault","fault_type":"Normal"}},{"type":"Feature","geometry":{"type":"MultiLineString","coordinates":[[[-99.30815,30.61854],[-99.30791,30.61126],[-99.32187,30.59392],[-99.33088,30.58607],[-99.33482,30.57035],[-99.33515,30.56087]]]},"properties":{"layer":"fault","fault_type":"Normal"}},{"type":"Feature","geometry":{"type":"MultiLineString","coordinates":[[[-99.33486,30.64763],[-99.32557,30.65494],[-99.32491,30.65725]]]},"properties":{"layer":"fault","fault_type":"Unspecified"}},{"type":"Feature","geometry":{"type":"MultiLineString","coordinates":[[[-99.33339,30.56377],[-99.33259,30.56727],[-99.3273,30.57592],[-99.32123,30.58332],[-99.31313,30.59013]]]},"properties":{"layer":"fault","fault_type":"Normal"}},{"type":"Feature","geometry":{"type":"MultiLineString","coordinates":[[[-99.34463,30.73438],[-99.3273,30.74393]]]},"properties":{"layer":"fault","fault_type":"Normal"}},{"type":"Feature","geometry":{"type":"MultiLineString","coordinates":[[[-99.32009,30.73139],[-99.32233,30.74338]]]},"properties":{"layer":"fault","fault_type":"Normal"}},{"type":"Feature","geometry":{"type":"MultiLineString","coordinates":[[[-99.32478,30.75085],[-99.31992,30.75719],[-99.30374,30.76797],[-99.28599,30.77453]]]},"properties":{"layer":"fault","fault_type":"Normal"}},{"type":"Feature","geometry":{"type":"MultiLineString","coordinates":[[[-99.31159,30.75147],[-99.32182,30.7288],[-99.33495,30.71546],[-99.33983,30.71323]]]},"properties":{"layer":"fault","fault_type":"Normal"}},{"type":"Feature","geometry":{"type":"MultiLineString","coordinates":[[[-99.313,30.74838],[-99.30703,30.75607],[-99.30173,30.76878]]]},"properties":{"layer":"fault","fault_type":"Unspecified"}},{"type":"Feature","geometry":{"type":"MultiLineString","coordinates":[[[-99.31439,30.97048],[-99.29274,30.97279]]]},"properties":{"layer":"fault","fault_type":"Normal"}},{"type":"Feature","geometry":{"type":"MultiLineString","coordinates":[[[-99.30685,30.69987],[-99.3014,30.72961],[-99.30168,30.74938],[-99.30059,30.75565],[-99.29795,30.76357],[-99.29289,30.77204]]]},"properties":{"layer":"fault","fault_type":"Normal"}},{"type":"Feature","geometry":{"type":"MultiLineString","coordinates":[[[-99.29329,30.7655],[-99.29971,30.75865]]]},"properties":{"layer":"fault","fault_type":"Normal"}},{"type":"Feature","geometry":{"type":"MultiLineString","coordinates":[[[-99.2915,30.5615],[-99.27194,30.56924]]]},"properties":{"layer":"fault","fault_type":"Normal"}},{"type":"Feature","geometry":{"type":"MultiLineString","coordinates":[[[-99.2776,30.58464],[-99.28023,30.57253]]]},"properties":{"layer":"fault","fault_type":"Normal"}},{"type":"Feature","geometry":{"type":"MultiLineString","coordinates":[[[-99.27194,30.56924],[-99.28246,30.55397]]]},"properties":{"layer":"fault","fault_type":"Normal"}},{"type":"Feature","geometry":{"type":"MultiLineString","coordinates":[[[-99.24957,30.60582],[-99.26945,30.59258],[-99.2776,30.58464]]]},"properties":{"layer":"fault","fault_type":"Normal"}},{"type":"Feature","geometry":{"type":"MultiLineString","coordinates":[[[-99.24957,30.60582],[-99.2606,30.58432],[-99.27194,30.56924]]]},"properties":{"layer":"fault","fault_type":"Normal"}},{"type":"Feature","geometry":{"type":"MultiLineString","coordinates":[[[-99.26388,30.64974],[-99.27804,30.63568]]]},"properties":{"layer":"fault","fault_type":"Normal"}},{"type":"Feature","geometry":{"type":"MultiLineString","coordinates":[[[-99.25545,30.64743],[-99.27187,30.64179]]]},"properties":{"layer":"fault","fault_type":"Normal"}},{"type":"Feature","geometry":{"type":"MultiLineString","coordinates":[[[-99.26289,30.82387],[-99.24817,30.8356],[-99.24041,30.84559]]]},"properties":{"layer":"fault","fault_type":"Normal"}},{"type":"Feature","geometry":{"type":"MultiLineString","coordinates":[[[-99.25126,30.57283],[-99.25943,30.5613]]]},"properties":{"layer":"fault","fault_type":"Normal"}},{"type":"Feature","geometry":{"type":"MultiLineString","coordinates":[[[-99.25842,30.61222],[-99.25426,30.61789]]]},"properties":{"layer":"fault","fault_type":"Unspecified"}},{"type":"Feature","geometry":{"type":"MultiLineString","coordinates":[[[-99.25842,30.61222],[-99.24096,30.62137],[-99.23086,30.63028]]]},"properties":{"layer":"fault","fault_type":"Normal"}},{"type":"Feature","geometry":{"type":"MultiLineString","coordinates":[[[-99.25742,30.56398],[-99.24393,30.56498]]]},"properties":{"layer":"fault","fault_type":"Normal"}},{"type":"Feature","geometry":{"type":"MultiLineString","coordinates":[[[-99.21214,30.7271],[-99.217,30.7152],[-99.22651,30.70023],[-99.23663,30.68914],[-99.25397,30.6762],[-99.25684,30.66948]]]},"properties":{"layer":"fault","fault_type":"Normal"}},{"type":"Feature","geometry":{"type":"MultiLineString","coordinates":[[[-99.25074,30.97504],[-99.2493,30.98721],[-99.24658,30.99632]]]},"properties":{"layer":"fault","fault_type":"Normal"}},{"type":"Feature","geometry":{"type":"MultiLineString","coordinates":[[[-99.24801,30.8267],[-99.24679,30.82968],[-99.24429,30.83084]]]},"properties":{"layer":"fault","fault_type":"Unspecified"}},{"type":"Feature","geometry":{"type":"MultiLineString","coordinates":[[[-99.23686,30.84617],[-99.2395,30.83657],[-99.25323,30.81986]]]},"properties":{"layer":"fault","fault_type":"Normal"}},{"type":"Feature","geometry":{"type":"MultiLineString","coordinates":[[[-99.24275,30.74839],[-99.24486,30.76061]]]},"properties":{"layer":"fault","fault_type":"Normal"}},{"type":"Feature","geometry":{"type":"MultiLineString","coordinates":[[[-99.23508,30.75353],[-99.24706,30.74506],[-99.24925,30.73837]]]},"properties":{"layer":"fault","fault_type":"Normal"}},{"type":"Feature","geometry":{"type":"MultiLineString","coordinates":[[[-99.25014,30.65223],[-99.21768,30.67277]]]},"properties":{"layer":"fault","fault_type":"Normal"}},{"type":"Feature","geometry":{"type":"MultiLineString","coordinates":[[[-99.2252,30.70809],[-99.21944,30.71539],[-99.21589,30.71748]]]},"properties":{"layer":"fault","fault_type":"Normal"}},{"type":"Feature","geometry":{"type":"MultiLineString","coordinates":[[[-99.22029,30.71447],[-99.21803,30.71329]]]},"properties":{"layer":"fault","fault_type":"Unspecified"}},{"type":"Feature","geometry":{"type":"MultiLineString","coordinates":[[[-99.18639,30.84203],[-99.19149,30.83704],[-99.19437,30.8307],[-99.19868,30.82664],[-99.20114,30.82229]]]},"properties":{"layer":"fault","fault_type":"Normal"}},{"type":"Feature","geometry":{"type":"MultiLineString","coordinates":[[[-99.18871,30.83652],[-99.19413,30.82574],[-99.20087,30.81842]]]},"properties":{"layer":"fault","fault_type":"Normal"}},{"type":"Feature","geometry":{"type":"MultiLineString","coordinates":[[[-99.1926,30.82856],[-99.18575,30.83834],[-99.18551,30.84458]]]},"properties":{"layer":"fault","fault_type":"Normal"}},{"type":"Feature","geometry":{"type":"MultiLineString","coordinates":[[[-99.18325,30.82458],[-99.19189,30.81038],[-99.19813,30.8029]]]},"properties":{"layer":"fault","fault_type":"Normal"}},{"type":"Feature","geometry":{"type":"MultiLineString","coordinates":[[[-99.20028,30.79563],[-99.19529,30.79847],[-99.17223,30.81899]]]},"properties":{"layer":"fault","fault_type":"Normal"}},{"type":"Feature","geometry":{"type":"MultiLineString","coordinates":[[[-99.17631,30.67633],[-99.18316,30.66083]]]},"properties":{"layer":"fault","fault_type":"Normal"}},{"type":"Feature","geometry":{"type":"MultiLineString","coordinates":[[[-99.16017,30.67276],[-99.18316,30.66083]]]},"properties":{"layer":"fault","fault_type":"Normal"}},{"type":"Feature","geometry":{"type":"MultiLineString","coordinates":[[[-99.17223,30.81899],[-99.18047,30.80524]]]},"properties":{"layer":"fault","fault_type":"Normal"}},{"type":"Feature","geometry":{"type":"MultiLineString","coordinates":[[[-99.16919,30.81231],[-99.18682,30.80146]]]},"properties":{"layer":"fault","fault_type":"Normal"}},{"type":"Feature","geometry":{"type":"MultiLineString","coordinates":[[[-99.16989,30.81002],[-99.16737,30.81727],[-99.1515,30.84419],[-99.14242,30.86606],[-99.12666,30.89082],[-99.12346,30.90281]]]},"properties":{"layer":"fault","fault_type":"Normal"}},{"type":"Feature","geometry":{"type":"MultiLineString","coordinates":[[[-99.16798,30.5359],[-99.13508,30.54845],[-99.11028,30.56324]]]},"properties":{"layer":"fault","fault_type":"Normal"}},{"type":"Feature","geometry":{"type":"MultiLineString","coordinates":[[[-99.15277,30.59553],[-99.17282,30.58293],[-99.18012,30.5764]]]},"properties":{"layer":"fault","fault_type":"Normal"}},{"type":"Feature","geometry":{"type":"MultiLineString","coordinates":[[[-99.16137,30.81918],[-99.15102,30.82002]]]},"properties":{"layer":"fault","fault_type":"Normal"}},{"type":"Feature","geometry":{"type":"MultiLineString","coordinates":[[[-99.14128,30.69575],[-99.16017,30.67276]]]},"properties":{"layer":"fault","fault_type":"Normal"}},{"type":"Feature","geometry":{"type":"MultiLineString","coordinates":[[[-99.15277,30.59553],[-99.14802,30.60195]]]},"properties":{"layer":"fault","fault_type":"Unspecified"}},{"type":"Feature","geometry":{"type":"MultiLineString","coordinates":[[[-99.14192,30.82694],[-99.15102,30.82002],[-99.15612,30.81292],[-99.17566,30.79542],[-99.19838,30.78208],[-99.23008,30.75402]]]},"properties":{"layer":"fault","fault_type":"Normal"}},{"type":"Feature","geometry":{"type":"MultiLineString","coordinates":[[[-99.14598,30.66937],[-99.13659,30.67734]]]},"properties":{"layer":"fault","fault_type":"Normal"}},{"type":"Feature","geometry":{"type":"MultiLineString","coordinates":[[[-99.13832,30.83538],[-99.14192,30.82694]]]},"properties":{"layer":"fault","fault_type":"Normal"}},{"type":"Feature","geometry":{"type":"MultiLineString","coordinates":[[[-99.13176,30.83571],[-99.14192,30.82694]]]},"properties":{"layer":"fault","fault_type":"Normal"}},{"type":"Feature","geometry":{"type":"MultiLineString","coordinates":[[[-99.12971,30.69806],[-99.13594,30.6871],[-99.13638,30.68235],[-99.13903,30.67562]]]},"properties":{"layer":"fault","fault_type":"Normal"}},{"type":"Feature","geometry":{"type":"MultiLineString","coordinates":[[[-99.11744,30.91151],[-99.1218,30.89846],[-99.12133,30.8914],[-99.12354,30.88027],[-99.12864,30.87145],[-99.13757,30.86616]]]},"properties":{"layer":"fault","fault_type":"Normal"}},{"type":"Feature","geometry":{"type":"MultiLineString","coordinates":[[[-99.13686,30.8565],[-99.12416,30.84479]]]},"properties":{"layer":"fault","fault_type":"Unspecified"}},{"type":"Feature","geometry":{"type":"MultiLineString","coordinates":[[[-99.1165,30.49955],[-99.12238,30.49303],[-99.12924,30.4888]]]},"properties":{"layer":"fault","fault_type":"Normal"}},{"type":"Feature","geometry":{"type":"MultiLineString","coordinates":[[[-99.12238,30.49303],[-99.12271,30.48852],[-99.12525,30.48305]]]},"properties":{"layer":"fault","fault_type":"Normal"}},{"type":"Feature","geometry":{"type":"MultiLineString","coordinates":[[[-99.1221,30.492],[-99.11385,30.49892]]]},"properties":{"layer":"fault","fault_type":"Normal"}},{"type":"Feature","geometry":{"type":"MultiLineString","coordinates":[[[-99.10192,30.93171],[-99.10869,30.92613],[-99.11744,30.91151]]]},"properties":{"layer":"fault","fault_type":"Normal"}},{"type":"Feature","geometry":{"type":"MultiLineString","coordinates":[[[-99.11706,30.94782],[-99.10539,30.95375]]]},"properties":{"layer":"fault","fault_type":"Normal"}},{"type":"Feature","geometry":{"type":"MultiLineString","coordinates":[[[-99.10953,30.95938],[-99.09709,30.96875]]]},"properties":{"layer":"fault","fault_type":"Normal"}},{"type":"Feature","geometry":{"type":"MultiLineString","coordinates":[[[-99.10691,30.94942],[-99.10135,30.95374]]]},"properties":{"layer":"fault","fault_type":"Unspecified"}},{"type":"Feature","geometry":{"type":"MultiLineString","coordinates":[[[-99.1011,30.89832],[-99.10214,30.87582],[-99.10654,30.85891]]]},"properties":{"layer":"fault","fault_type":"Normal"}},{"type":"Feature","geometry":{"type":"MultiLineString","coordinates":[[[-99.10378,30.89484],[-99.11788,30.88676]]]},"properties":{"layer":"fault","fault_type":"Normal"}},{"type":"Feature","geometry":{"type":"MultiLineString","coordinates":[[[-99.07653,31.00031],[-99.07983,30.99807],[-99.08116,30.99538],[-99.0876,30.97351],[-99.08804,30.96453],[-99.08669,30.95395],[-99.0906,30.93611],[-99.10511,30.89431]]]},"properties":{"layer":"fault","fault_type":"Normal"}},{"type":"Feature","geometry":{"type":"MultiLineString","coordinates":[[[-99.09737,30.89165],[-99.1029,30.90147]]]},"properties":{"layer":"fault","fault_type":"Normal"}},{"type":"Feature","geometry":{"type":"MultiLineString","coordinates":[[[-99.13434110108973,30.493591045652472],[-99.13545753810462,30.493023006762552]]]},"properties":{"layer":"fault","fault_type":"Unspecified"}},{"type":"Feature","geometry":{"type":"MultiLineString","coordinates":[[[-98.8787,30.89332],[-98.87047,30.89887]]]},"properties":{"layer":"fault","fault_type":"Normal"}},{"type":"Feature","geometry":{"type":"MultiLineString","coordinates":[[[-98.83727,30.9347],[-98.84151,30.92914],[-98.85821,30.91861],[-98.8787,30.89332]]]},"properties":{"layer":"fault","fault_type":"Normal"}},{"type":"Feature","geometry":{"type":"MultiLineString","coordinates":[[[-98.90233,30.84117],[-98.89899,30.84743],[-98.89874,30.87845],[-98.89605,30.89352],[-98.89333,30.9004],[-98.89442,30.90522],[-98.88946,30.91625]]]},"properties":{"layer":"fault","fault_type":"Normal"}},{"type":"Feature","geometry":{"type":"MultiLineString","coordinates":[[[-98.88851,30.88493],[-98.8956,30.89467]]]},"properties":{"layer":"fault","fault_type":"Normal"}},{"type":"Feature","geometry":{"type":"MultiLineString","coordinates":[[[-98.48261,30.89848],[-98.49712,30.88664],[-98.50519,30.87498],[-98.51366,30.8704]]]},"properties":{"layer":"fault","fault_type":"Normal"}},{"type":"Feature","geometry":{"type":"MultiLineString","coordinates":[[[-99.3835,30.49406],[-99.38119,30.50376]]]},"properties":{"layer":"fault","fault_type":"Normal"}},{"type":"Feature","geometry":{"type":"MultiLineString","coordinates":[[[-99.16833,30.68018],[-99.15533,30.68799],[-99.14484,30.69977]]]},"properties":{"layer":"fault","fault_type":"Normal"}},{"type":"Feature","geometry":{"type":"MultiLineString","coordinates":[[[-99.1967,30.6817],[-99.18845,30.67977],[-99.16833,30.68018]]]},"properties":{"layer":"fault","fault_type":"Normal"}},{"type":"Feature","geometry":{"type":"MultiLineString","coordinates":[[[-99.47378,30.71506],[-99.46792,30.72522]]]},"properties":{"layer":"fault","fault_type":"Normal"}},{"type":"Feature","geometry":{"type":"MultiLineString","coordinates":[[[-99.4499,30.69422],[-99.45614,30.68294],[-99.46211,30.66484]]]},"properties":{"layer":"fault","fault_type":"Normal"}},{"type":"Feature","geometry":{"type":"MultiLineString","coordinates":[[[-99.44117,30.70831],[-99.4499,30.69422]]]},"properties":{"layer":"fault","fault_type":"Normal"}},{"type":"Feature","geometry":{"type":"MultiLineString","coordinates":[[[-99.47197,30.65948],[-99.47691,30.66464]]]},"properties":{"layer":"fault","fault_type":"Unspecified"}},{"type":"Feature","geometry":{"type":"MultiLineString","coordinates":[[[-99.47123,30.68193],[-99.47691,30.66464]]]},"properties":{"layer":"fault","fault_type":"Normal"}},{"type":"Feature","geometry":{"type":"MultiLineString","coordinates":[[[-99.42331,30.73656],[-99.41648,30.74029]]]},"properties":{"layer":"fault","fault_type":"Normal"}},{"type":"Feature","geometry":{"type":"MultiLineString","coordinates":[[[-99.41648,30.74029],[-99.4024,30.74139]]]},"properties":{"layer":"fault","fault_type":"Normal"}},{"type":"Feature","geometry":{"type":"MultiLineString","coordinates":[[[-99.39535759777816,30.739583051180023],[-99.39569775294532,30.73920784313771]]]},"properties":{"layer":"fault","fault_type":"Normal"}},{"type":"Feature","geometry":{"type":"MultiLineString","coordinates":[[[-98.62488,30.39703],[-98.63733,30.38167]]]},"properties":{"layer":"fault","fault_type":"Normal"}},{"type":"Feature","geometry":{"type":"MultiLineString","coordinates":[[[-98.62858,30.40038],[-98.62542,30.40058],[-98.62488,30.39703]]]},"properties":{"layer":"fault","fault_type":"Normal"}},{"type":"Feature","geometry":{"type":"MultiLineString","coordinates":[[[-98.65087,30.40025],[-98.64922,30.39184]]]},"properties":{"layer":"fault","fault_type":"Normal"}},{"type":"Feature","geometry":{"type":"MultiLineString","coordinates":[[[-98.64093,30.40283],[-98.64922,30.39184]]]},"properties":{"layer":"fault","fault_type":"Normal"}},{"type":"Feature","geometry":{"type":"MultiLineString","coordinates":[[[-98.58356,30.43661],[-98.58689,30.43355],[-98.59118,30.42534]]]},"properties":{"layer":"fault","fault_type":"Unspecified"}},{"type":"Feature","geometry":{"type":"MultiLineString","coordinates":[[[-98.59604,30.41612],[-98.59118,30.42534]]]},"properties":{"layer":"fault","fault_type":"Normal"}},{"type":"Feature","geometry":{"type":"MultiLineString","coordinates":[[[-98.58862,30.4285],[-98.58112,30.43736],[-98.57977,30.44216],[-98.57666,30.44464],[-98.57376,30.45]]]},"properties":{"layer":"fault","fault_type":"Unspecified"}},{"type":"Feature","geometry":{"type":"MultiLineString","coordinates":[[[-98.57376,30.45],[-98.55952,30.46645],[-98.55728,30.47162],[-98.5535,30.47506],[-98.54469,30.47682]]]},"properties":{"layer":"fault","fault_type":"Normal"}},{"type":"Feature","geometry":{"type":"MultiLineString","coordinates":[[[-98.54446,30.46683],[-98.5454,30.45585]]]},"properties":{"layer":"fault","fault_type":"Unspecified"}},{"type":"Feature","geometry":{"type":"MultiLineString","coordinates":[[[-98.5454,30.45585],[-98.54545,30.44434],[-98.54427,30.43854],[-98.54289,30.43719],[-98.54155,30.42572],[-98.53807,30.41286]]]},"properties":{"layer":"fault","fault_type":"Normal"}},{"type":"Feature","geometry":{"type":"MultiLineString","coordinates":[[[-98.54484,30.45709],[-98.5378,30.46983],[-98.52778,30.48149],[-98.52423,30.48301],[-98.51927,30.4825]]]},"properties":{"layer":"fault","fault_type":"Normal"}},{"type":"Feature","geometry":{"type":"MultiLineString","coordinates":[[[-98.51927,30.4825],[-98.5136,30.48316],[-98.5085,30.48621],[-98.48795,30.50711]]]},"properties":{"layer":"fault","fault_type":"Normal"}},{"type":"Feature","geometry":{"type":"MultiLineString","coordinates":[[[-98.50288,30.45742],[-98.48967,30.46514]]]},"properties":{"layer":"fault","fault_type":"Unspecified"}},{"type":"Feature","geometry":{"type":"MultiLineString","coordinates":[[[-99.05447,30.64211],[-99.05891,30.63597],[-99.06711,30.63098],[-99.07132,30.63001],[-99.08371,30.62159],[-99.09326,30.61025]]]},"properties":{"layer":"fault","fault_type":"Normal"}},{"type":"Feature","geometry":{"type":"MultiLineString","coordinates":[[[-99.05989,30.54608],[-99.09075,30.53525]]]},"properties":{"layer":"fault","fault_type":"Normal"}},{"type":"Feature","geometry":{"type":"MultiLineString","coordinates":[[[-99.09006,30.92947],[-99.09039,30.93771]]]},"properties":{"layer":"fault","fault_type":"Unspecified"}},{"type":"Feature","geometry":{"type":"MultiLineString","coordinates":[[[-99.04961,30.96585],[-99.05656,30.95848],[-99.08361,30.93863],[-99.09689,30.9176]]]},"properties":{"layer":"fault","fault_type":"Normal"}},{"type":"Feature","geometry":{"type":"MultiLineString","coordinates":[[[-99.08991,30.93224],[-99.08917,30.93565],[-99.0786,30.95447],[-99.07544,30.95638]]]},"properties":{"layer":"fault","fault_type":"Normal"}},{"type":"Feature","geometry":{"type":"MultiLineString","coordinates":[[[-99.09169,30.53176],[-99.0841,30.53219]]]},"properties":{"layer":"fault","fault_type":"Normal"}},{"type":"Feature","geometry":{"type":"MultiLineString","coordinates":[[[-99.08714,30.95184],[-99.08158,30.95549],[-99.06612,30.96998],[-99.06201,30.97545]]]},"properties":{"layer":"fault","fault_type":"Normal"}},{"type":"Feature","geometry":{"type":"MultiLineString","coordinates":[[[-99.08453,30.53723],[-99.08186,30.53355]]]},"properties":{"layer":"fault","fault_type":"Unspecified"}},{"type":"Feature","geometry":{"type":"MultiLineString","coordinates":[[[-99.08338660372742,30.537608863210597],[-99.07696646476606,30.536875179579415]]]},"properties":{"layer":"fault","fault_type":"Unspecified"}},{"type":"Feature","geometry":{"type":"MultiLineString","coordinates":[[[-99.06838,30.55003],[-99.09429,30.53295],[-99.1059,30.53045]]]},"properties":{"layer":"fault","fault_type":"Normal"}},{"type":"Feature","geometry":{"type":"MultiLineString","coordinates":[[[-99.08158,30.95549],[-99.0805,30.9508]]]},"properties":{"layer":"fault","fault_type":"Normal"}},{"type":"Feature","geometry":{"type":"MultiLineString","coordinates":[[[-99.0781120161793,30.539631592115914],[-99.07588222157433,30.537775876457644]]]},"properties":{"layer":"fault","fault_type":"Unspecified"}},{"type":"Feature","geometry":{"type":"MultiLineString","coordinates":[[[-99.11276,30.50675],[-99.10562,30.5143],[-99.09384,30.5224],[-99.08255,30.53315],[-99.07467,30.53861]]]},"properties":{"layer":"fault","fault_type":"Normal"}},{"type":"Feature","geometry":{"type":"MultiLineString","coordinates":[[[-99.07543566006345,30.956376820843854],[-99.07077828159086,30.948687489783495]]]},"properties":{"layer":"fault","fault_type":"Normal"}},{"type":"Feature","geometry":{"type":"MultiLineString","coordinates":[[[-99.06223,30.97564],[-99.06868,30.97429],[-99.08737,30.9668]]]},"properties":{"layer":"fault","fault_type":"Normal"}},{"type":"Feature","geometry":{"type":"MultiLineString","coordinates":[[[-99.07467,30.53861],[-99.07015,30.54543],[-99.06661,30.55387],[-99.05554,30.57037]]]},"properties":{"layer":"fault","fault_type":"Normal"}},{"type":"Feature","geometry":{"type":"MultiLineString","coordinates":[[[-99.0122,30.57844],[-99.04423,30.5581],[-99.06417,30.54275],[-99.07467,30.53861]]]},"properties":{"layer":"fault","fault_type":"Normal"}},{"type":"Feature","geometry":{"type":"MultiLineString","coordinates":[[[-99.07848,30.97024],[-99.07069,30.98465],[-99.06135,30.99443],[-99.05345,31.00067]]]},"properties":{"layer":"fault","fault_type":"Normal"}},{"type":"Feature","geometry":{"type":"MultiLineString","coordinates":[[[-99.0649,30.98613],[-99.07196,30.98221]]]},"properties":{"layer":"fault","fault_type":"Normal"}},{"type":"Feature","geometry":{"type":"MultiLineString","coordinates":[[[-99.05045,31.00077],[-99.0649,30.98613]]]},"properties":{"layer":"fault","fault_type":"Normal"}},{"type":"Feature","geometry":{"type":"MultiLineString","coordinates":[[[-99.0649,30.98613],[-99.05834,30.99108],[-99.05512,30.99194]]]},"properties":{"layer":"fault","fault_type":"Unspecified"}},{"type":"Feature","geometry":{"type":"MultiLineString","coordinates":[[[-99.07524,30.97159],[-99.04754,30.99994]]]},"properties":{"layer":"fault","fault_type":"Unspecified"}},{"type":"Feature","geometry":{"type":"MultiLineString","coordinates":[[[-99.04435,30.56798],[-99.05329,30.55132]]]},"properties":{"layer":"fault","fault_type":"Normal"}},{"type":"Feature","geometry":{"type":"MultiLineString","coordinates":[[[-99.04107,30.97141],[-99.04961,30.96585]]]},"properties":{"layer":"fault","fault_type":"Normal"}},{"type":"Feature","geometry":{"type":"MultiLineString","coordinates":[[[-98.97231,30.94765],[-98.99012,30.95686],[-99.00547,30.96261],[-99.01014,30.96261],[-99.02439,30.96932],[-99.04219,30.96606],[-99.04961,30.96585]]]},"properties":{"layer":"fault","fault_type":"Normal"}},{"type":"Feature","geometry":{"type":"MultiLineString","coordinates":[[[-99.02653,30.6045],[-99.02408,30.61828]]]},"properties":{"layer":"fault","fault_type":"Normal"}},{"type":"Feature","geometry":{"type":"MultiLineString","coordinates":[[[-99.03051,30.62006],[-99.02984,30.61277],[-99.02518,30.60126],[-99.02274,30.5909],[-99.01232,30.57959]]]},"properties":{"layer":"fault","fault_type":"Normal"}},{"type":"Feature","geometry":{"type":"MultiLineString","coordinates":[[[-99.03051,30.62006],[-99.01136,30.61362]]]},"properties":{"layer":"fault","fault_type":"Normal"}},{"type":"Feature","geometry":{"type":"MultiLineString","coordinates":[[[-99.01497,30.51604],[-99.005,30.51725],[-98.97975,30.51207]]]},"properties":{"layer":"fault","fault_type":"Normal"}},{"type":"Feature","geometry":{"type":"MultiLineString","coordinates":[[[-98.93217,30.64014],[-98.9327,30.63596],[-98.93603,30.6304],[-98.94846,30.6189],[-98.95644,30.61564],[-98.98616,30.59397],[-99.01232,30.57959]]]},"properties":{"layer":"fault","fault_type":"Normal"}},{"type":"Feature","geometry":{"type":"MultiLineString","coordinates":[[[-99.01232,30.57959],[-99.00966,30.55496],[-99.01608,30.50632]]]},"properties":{"layer":"fault","fault_type":"Unspecified"}},{"type":"Feature","geometry":{"type":"MultiLineString","coordinates":[[[-98.96846,30.48752],[-98.95783,30.49238]]]},"properties":{"layer":"fault","fault_type":"Unspecified"}},{"type":"Feature","geometry":{"type":"MultiLineString","coordinates":[[[-98.95475627944224,30.49093695356997],[-98.95432777945845,30.49291375056882]]]},"properties":{"layer":"fault","fault_type":"Unspecified"}},{"type":"Feature","geometry":{"type":"MultiLineString","coordinates":[[[-98.9699,30.49068],[-98.9441,30.49422],[-98.92138,30.50658]]]},"properties":{"layer":"fault","fault_type":"Unspecified"}},{"type":"Feature","geometry":{"type":"MultiLineString","coordinates":[[[-98.94269,30.62465],[-98.94867,30.63117],[-98.95009,30.63582]]]},"properties":{"layer":"fault","fault_type":"Normal"}},{"type":"Feature","geometry":{"type":"MultiLineString","coordinates":[[[-98.94837,30.4938],[-98.94476,30.49576],[-98.93903,30.4965]]]},"properties":{"layer":"fault","fault_type":"Unspecified"}},{"type":"Feature","geometry":{"type":"MultiLineString","coordinates":[[[-98.87903,30.63573],[-98.9072,30.63307],[-98.93082,30.62839],[-98.94269,30.62465]]]},"properties":{"layer":"fault","fault_type":"Normal"}},{"type":"Feature","geometry":{"type":"MultiLineString","coordinates":[[[-98.94096,30.48585],[-98.93302,30.49345]]]},"properties":{"layer":"fault","fault_type":"Unspecified"}},{"type":"Feature","geometry":{"type":"MultiLineString","coordinates":[[[-98.92483,30.4898],[-98.93946,30.48729]]]},"properties":{"layer":"fault","fault_type":"Normal"}},{"type":"Feature","geometry":{"type":"MultiLineString","coordinates":[[[-98.88011,30.65491],[-98.93226,30.63002],[-98.93759,30.62868]]]},"properties":{"layer":"fault","fault_type":"Normal"}},{"type":"Feature","geometry":{"type":"MultiLineString","coordinates":[[[-98.93564,30.49281],[-98.92593,30.4946],[-98.91885,30.4944]]]},"properties":{"layer":"fault","fault_type":"Unspecified"}},{"type":"Feature","geometry":{"type":"MultiLineString","coordinates":[[[-98.92151228170538,30.49123754028102],[-98.92148445189787,30.49382034220192]]]},"properties":{"layer":"fault","fault_type":"Unspecified"}},{"type":"Feature","geometry":{"type":"MultiLineString","coordinates":[[[-98.92837,30.4923],[-98.90988,30.49747]]]},"properties":{"layer":"fault","fault_type":"Unspecified"}},{"type":"Feature","geometry":{"type":"MultiLineString","coordinates":[[[-98.90378,30.52867],[-98.90284,30.53163]]]},"properties":{"layer":"fault","fault_type":"Unspecified"}},{"type":"Feature","geometry":{"type":"MultiLineString","coordinates":[[[-98.91081,30.5283],[-98.90493,30.52803],[-98.89727,30.53386]]]},"properties":{"layer":"fault","fault_type":"Unspecified"}},{"type":"Feature","geometry":{"type":"MultiLineString","coordinates":[[[-98.90534,30.5848],[-98.90104,30.57898]]]},"properties":{"layer":"fault","fault_type":"Unspecified"}},{"type":"Feature","geometry":{"type":"MultiLineString","coordinates":[[[-98.90259,30.58531],[-98.89816,30.57974]]]},"properties":{"layer":"fault","fault_type":"Unspecified"}},{"type":"Feature","geometry":{"type":"MultiLineString","coordinates":[[[-98.84624,30.6098],[-98.86533,30.59832],[-98.87731,30.59373],[-98.89967,30.58165]]]},"properties":{"layer":"fault","fault_type":"Normal"}},{"type":"Feature","geometry":{"type":"MultiLineString","coordinates":[[[-98.89646,30.80637],[-98.89503,30.80992]]]},"properties":{"layer":"fault","fault_type":"Unspecified"}},{"type":"Feature","geometry":{"type":"MultiLineString","coordinates":[[[-98.89678,30.83119],[-98.89369,30.81894],[-98.89582,30.81217]]]},"properties":{"layer":"fault","fault_type":"Normal"}},{"type":"Feature","geometry":{"type":"MultiLineString","coordinates":[[[-98.8948,30.81354],[-98.89436,30.81203]]]},"properties":{"layer":"fault","fault_type":"Unspecified"}},{"type":"Feature","geometry":{"type":"MultiLineString","coordinates":[[[-98.89337,30.90829],[-98.88166,30.9159]]]},"properties":{"layer":"fault","fault_type":"Normal"}},{"type":"Feature","geometry":{"type":"MultiLineString","coordinates":[[[-98.84691,30.88715],[-98.84803,30.88485],[-98.85827,30.87719],[-98.88175,30.85602],[-98.8902,30.84472]]]},"properties":{"layer":"fault","fault_type":"Normal"}},{"type":"Feature","geometry":{"type":"MultiLineString","coordinates":[[[-98.88891,30.91768],[-98.88735,30.92075],[-98.88689,30.92919],[-98.88331,30.9428],[-98.87259,30.96761]]]},"properties":{"layer":"fault","fault_type":"Normal"}},{"type":"Feature","geometry":{"type":"MultiLineString","coordinates":[[[-98.88735,30.92075],[-98.88166,30.9159]]]},"properties":{"layer":"fault","fault_type":"Normal"}},{"type":"Feature","geometry":{"type":"MultiLineString","coordinates":[[[-98.87052,30.85783],[-98.87475,30.85304],[-98.88343,30.84959]]]},"properties":{"layer":"fault","fault_type":"Normal"}},{"type":"Feature","geometry":{"type":"MultiLineString","coordinates":[[[-98.88186,30.9461],[-98.88198,30.96235],[-98.87928,30.96812],[-98.87426,30.97243]]]},"properties":{"layer":"fault","fault_type":"Normal"}},{"type":"Feature","geometry":{"type":"MultiLineString","coordinates":[[[-98.84004,30.87582],[-98.84983,30.87161],[-98.86007,30.86376],[-98.87586,30.85591]]]},"properties":{"layer":"fault","fault_type":"Normal"}},{"type":"Feature","geometry":{"type":"MultiLineString","coordinates":[[[-98.87483,30.96351],[-98.87426,30.97243]]]},"properties":{"layer":"fault","fault_type":"Normal"}},{"type":"Feature","geometry":{"type":"MultiLineString","coordinates":[[[-98.8669,30.87608],[-98.85827,30.87968],[-98.85522,30.87966]]]},"properties":{"layer":"fault","fault_type":"Normal"}},{"type":"Feature","geometry":{"type":"MultiLineString","coordinates":[[[-98.86709284754492,30.604648369311736],[-98.86664703972055,30.606374151836874]]]},"properties":{"layer":"fault","fault_type":"Unspecified"}},{"type":"Feature","geometry":{"type":"MultiLineString","coordinates":[[[-98.86709,30.60465],[-98.86392,30.59953]]]},"properties":{"layer":"fault","fault_type":"Unspecified"}},{"type":"Feature","geometry":{"type":"MultiLineString","coordinates":[[[-98.85939,30.56455],[-98.88444,30.55748],[-98.91349,30.54216]]]},"properties":{"layer":"fault","fault_type":"Normal"}},{"type":"Feature","geometry":{"type":"MultiLineString","coordinates":[[[-98.8651153923982,30.909536896354233],[-98.85888502343893,30.91190136656424]]]},"properties":{"layer":"fault","fault_type":"Unspecified"}},{"type":"Feature","geometry":{"type":"MultiLineString","coordinates":[[[-98.71009,30.93296],[-98.72391,30.93585],[-98.74223,30.93613]]]},"properties":{"layer":"fault","fault_type":"Normal"}},{"type":"Feature","geometry":{"type":"MultiLineString","coordinates":[[[-98.74223,30.93613],[-98.75651,30.93611],[-98.77342,30.93384],[-98.79376,30.9223],[-98.80106,30.91642]]]},"properties":{"layer":"fault","fault_type":"Normal"}},{"type":"Feature","geometry":{"type":"MultiLineString","coordinates":[[[-98.80106,30.91642],[-98.83355,30.89806],[-98.83946,30.89222]]]},"properties":{"layer":"fault","fault_type":"Normal"}},{"type":"Feature","geometry":{"type":"MultiLineString","coordinates":[[[-98.8423530460926,30.888003852894634],[-98.84357815320571,30.88675868120397]]]},"properties":{"layer":"fault","fault_type":"Normal"}},{"type":"Feature","geometry":{"type":"MultiLineString","coordinates":[[[-98.88407,30.86743],[-98.87429,30.87011],[-98.87095,30.8726],[-98.85692,30.88869]]]},"properties":{"layer":"fault","fault_type":"Normal"}},{"type":"Feature","geometry":{"type":"MultiLineString","coordinates":[[[-98.85235496212783,30.891276175530074],[-98.8569176716442,30.888692059737018]]]},"properties":{"layer":"fault","fault_type":"Normal"}},{"type":"Feature","geometry":{"type":"MultiLineString","coordinates":[[[-98.83578,30.89634],[-98.84891,30.89271]]]},"properties":{"layer":"fault","fault_type":"Normal"}},{"type":"Feature","geometry":{"type":"MultiLineString","coordinates":[[[-98.82869,30.90087],[-98.83755,30.89883],[-98.84891,30.89271]]]},"properties":{"layer":"fault","fault_type":"Normal"}},{"type":"Feature","geometry":{"type":"MultiLineString","coordinates":[[[-98.88032,30.84493],[-98.88255,30.84134],[-98.883,30.83713],[-98.88712,30.83205]]]},"properties":{"layer":"fault","fault_type":"Normal"}},{"type":"Feature","geometry":{"type":"MultiLineString","coordinates":[[[-98.6891,30.93309],[-98.68507,30.94247],[-98.68436,30.9536]]]},"properties":{"layer":"fault","fault_type":"Normal"}},{"type":"Feature","geometry":{"type":"MultiLineString","coordinates":[[[-98.23773,29.98779],[-98.2344,29.99473],[-98.23373,30.00199]]]},"properties":{"layer":"fault","fault_type":"Unspecified"}},{"type":"Feature","geometry":{"type":"MultiLineString","coordinates":[[[-98.60105,30.53706],[-98.60289,30.52643],[-98.61256,30.51965]]]},"properties":{"layer":"fault","fault_type":"Normal"}},{"type":"Feature","geometry":{"type":"MultiLineString","coordinates":[[[-98.61074,30.90327],[-98.61065,30.91158]]]},"properties":{"layer":"fault","fault_type":"Normal"}},{"type":"Feature","geometry":{"type":"MultiLineString","coordinates":[[[-98.60781,30.37655],[-98.61594,30.36382],[-98.61862,30.35692]]]},"properties":{"layer":"fault","fault_type":"Normal"}},{"type":"Feature","geometry":{"type":"MultiLineString","coordinates":[[[-98.61173,30.3707],[-98.60691,30.36392]]]},"properties":{"layer":"fault","fault_type":"Normal"}},{"type":"Feature","geometry":{"type":"MultiLineString","coordinates":[[[-98.61125,30.37136],[-98.60661,30.37376]]]},"properties":{"layer":"fault","fault_type":"Normal"}},{"type":"Feature","geometry":{"type":"MultiLineString","coordinates":[[[-98.60831,30.59756],[-98.60257,30.60699],[-98.59558,30.61513]]]},"properties":{"layer":"fault","fault_type":"Normal"}},{"type":"Feature","geometry":{"type":"MultiLineString","coordinates":[[[-98.60746,30.67577],[-98.59539,30.69052],[-98.59705,30.67842]]]},"properties":{"layer":"fault","fault_type":"Unspecified"}},{"type":"Feature","geometry":{"type":"MultiLineString","coordinates":[[[-98.60612,30.66518],[-98.60341,30.67182],[-98.59705,30.67842]]]},"properties":{"layer":"fault","fault_type":"Unspecified"}},{"type":"Feature","geometry":{"type":"MultiLineString","coordinates":[[[-98.60612,30.66518],[-98.60031,30.67027],[-98.59728,30.6749]]]},"properties":{"layer":"fault","fault_type":"Unspecified"}},{"type":"Feature","geometry":{"type":"MultiLineString","coordinates":[[[-98.61065,30.91158],[-98.58551,30.93445],[-98.57069,30.94598],[-98.54971,30.95972]]]},"properties":{"layer":"fault","fault_type":"Normal"}},{"type":"Feature","geometry":{"type":"MultiLineString","coordinates":[[[-98.59728,30.6749],[-98.59705,30.67842]]]},"properties":{"layer":"fault","fault_type":"Unspecified"}},{"type":"Feature","geometry":{"type":"MultiLineString","coordinates":[[[-98.59728,30.6749],[-98.58544,30.68121]]]},"properties":{"layer":"fault","fault_type":"Unspecified"}},{"type":"Feature","geometry":{"type":"MultiLineString","coordinates":[[[-98.57581,30.61304],[-98.58757,30.61329],[-98.59558,30.61513]]]},"properties":{"layer":"fault","fault_type":"Normal"}},{"type":"Feature","geometry":{"type":"MultiLineString","coordinates":[[[-98.59366,30.70606],[-98.59304,30.7111],[-98.59051,30.71679]]]},"properties":{"layer":"fault","fault_type":"Normal"}},{"type":"Feature","geometry":{"type":"MultiLineString","coordinates":[[[-98.58366,30.70906],[-98.59506,30.70497]]]},"properties":{"layer":"fault","fault_type":"Normal"}},{"type":"Feature","geometry":{"type":"MultiLineString","coordinates":[[[-98.59316,30.63437],[-98.58194,30.65818]]]},"properties":{"layer":"fault","fault_type":"Normal"}},{"type":"Feature","geometry":{"type":"MultiLineString","coordinates":[[[-98.59014,30.5565],[-98.58967,30.56341]]]},"properties":{"layer":"fault","fault_type":"Normal"}},{"type":"Feature","geometry":{"type":"MultiLineString","coordinates":[[[-98.59013885880225,30.55650374968139],[-98.58857786441787,30.558800469186007]]]},"properties":{"layer":"fault","fault_type":"Unspecified"}},{"type":"Feature","geometry":{"type":"MultiLineString","coordinates":[[[-98.58924,30.71773],[-98.58528,30.71893],[-98.58196,30.72405]]]},"properties":{"layer":"fault","fault_type":"Unspecified"}},{"type":"Feature","geometry":{"type":"MultiLineString","coordinates":[[[-98.412,30.85924],[-98.40295,30.86203],[-98.38462,30.87127],[-98.37396,30.88265],[-98.36019,30.89192],[-98.34825,30.90266]]]},"properties":{"layer":"fault","fault_type":"Normal"}},{"type":"Feature","geometry":{"type":"MultiLineString","coordinates":[[[-98.37022,30.88574],[-98.36009,30.89668]]]},"properties":{"layer":"fault","fault_type":"Normal"}},{"type":"Feature","geometry":{"type":"MultiLineString","coordinates":[[[-98.35442,30.85592],[-98.35948,30.85247],[-98.37561,30.84691]]]},"properties":{"layer":"fault","fault_type":"Normal"}},{"type":"Feature","geometry":{"type":"MultiLineString","coordinates":[[[-98.3063,30.92201],[-98.3162,30.90595],[-98.32005,30.896],[-98.32779,30.88597],[-98.33574,30.8792]]]},"properties":{"layer":"fault","fault_type":"Normal"}},{"type":"Feature","geometry":{"type":"MultiLineString","coordinates":[[[-98.33574,30.8792],[-98.34512,30.86477],[-98.35442,30.85592]]]},"properties":{"layer":"fault","fault_type":"Normal"}},{"type":"Feature","geometry":{"type":"MultiLineString","coordinates":[[[-98.60072,30.56958],[-98.61802,30.56637],[-98.62734,30.56333],[-98.62957,30.56084]]]},"properties":{"layer":"fault","fault_type":"Normal"}},{"type":"Feature","geometry":{"type":"MultiLineString","coordinates":[[[-98.60072,30.56958],[-98.58582,30.58142],[-98.58359,30.58621]]]},"properties":{"layer":"fault","fault_type":"Normal"}},{"type":"Feature","geometry":{"type":"MultiLineString","coordinates":[[[-98.91373,30.51684],[-98.92381,30.52231]]]},"properties":{"layer":"fault","fault_type":"Normal"}},{"type":"Feature","geometry":{"type":"MultiLineString","coordinates":[[[-98.92381,30.52231],[-98.9145,30.52768]]]},"properties":{"layer":"fault","fault_type":"Unspecified"}},{"type":"Feature","geometry":{"type":"MultiLineString","coordinates":[[[-98.90721,30.50913],[-98.90786,30.51263]]]},"properties":{"layer":"fault","fault_type":"Unspecified"}},{"type":"Feature","geometry":{"type":"MultiLineString","coordinates":[[[-98.90557893537618,30.510474446734516],[-98.90734481301897,30.510629832663316]]]},"properties":{"layer":"fault","fault_type":"Unspecified"}},{"type":"Feature","geometry":{"type":"MultiLineString","coordinates":[[[-98.91241,30.51492],[-98.91624,30.51155]]]},"properties":{"layer":"fault","fault_type":"Unspecified"}},{"type":"Feature","geometry":{"type":"MultiLineString","coordinates":[[[-98.91624,30.51155],[-98.91873,30.50524],[-98.91951,30.49881]]]},"properties":{"layer":"fault","fault_type":"Normal"}},{"type":"Feature","geometry":{"type":"MultiLineString","coordinates":[[[-98.90671345098615,30.500174463241045],[-98.90863500576937,30.49792006468432]]]},"properties":{"layer":"fault","fault_type":"Normal"}},{"type":"Feature","geometry":{"type":"MultiLineString","coordinates":[[[-98.90864,30.49792],[-98.91574,30.50265]]]},"properties":{"layer":"fault","fault_type":"Unspecified"}},{"type":"Feature","geometry":{"type":"MultiLineString","coordinates":[[[-98.94632,30.48272],[-98.93564,30.49281]]]},"properties":{"layer":"fault","fault_type":"Normal"}},{"type":"Feature","geometry":{"type":"MultiLineString","coordinates":[[[-98.93564,30.49281],[-98.9285,30.50244]]]},"properties":{"layer":"fault","fault_type":"Normal"}},{"type":"Feature","geometry":{"type":"MultiLineString","coordinates":[[[-98.48967,30.46514],[-98.48043,30.4746],[-98.46994,30.4787]]]},"properties":{"layer":"fault","fault_type":"Normal"}},{"type":"Feature","geometry":{"type":"MultiLineString","coordinates":[[[-98.4938,30.4595],[-98.48967,30.46514]]]},"properties":{"layer":"fault","fault_type":"Normal"}},{"type":"Feature","geometry":{"type":"MultiLineString","coordinates":[[[-98.58845,30.42746],[-98.58483,30.4286],[-98.58319,30.43116]]]},"properties":{"layer":"fault","fault_type":"Unspecified"}},{"type":"Feature","geometry":{"type":"MultiLineString","coordinates":[[[-98.58814,30.71377],[-98.57677,30.7262]]]},"properties":{"layer":"fault","fault_type":"Normal"}},{"type":"Feature","geometry":{"type":"MultiLineString","coordinates":[[[-98.58529,30.71686],[-98.58369,30.71036],[-98.58173,30.70819]]]},"properties":{"layer":"fault","fault_type":"Unspecified"}},{"type":"Feature","geometry":{"type":"MultiLineString","coordinates":[[[-98.5813,30.78607],[-98.58401,30.79758],[-98.58309,30.80371]]]},"properties":{"layer":"fault","fault_type":"Normal"}},{"type":"Feature","geometry":{"type":"MultiLineString","coordinates":[[[-98.59462,30.70325],[-98.58818,30.70476],[-98.58307,30.70974]]]},"properties":{"layer":"fault","fault_type":"Normal"}},{"type":"Feature","geometry":{"type":"MultiLineString","coordinates":[[[-98.596,30.58702],[-98.58178,30.59445]]]},"properties":{"layer":"fault","fault_type":"Unspecified"}},{"type":"Feature","geometry":{"type":"MultiLineString","coordinates":[[[-98.57959,30.43352],[-98.59118,30.42534]]]},"properties":{"layer":"fault","fault_type":"Normal"}},{"type":"Feature","geometry":{"type":"MultiLineString","coordinates":[[[-98.58194,30.65818],[-98.5726,30.67674]]]},"properties":{"layer":"fault","fault_type":"Normal"}},{"type":"Feature","geometry":{"type":"MultiLineString","coordinates":[[[-98.58355,30.5935],[-98.57928,30.60788]]]},"properties":{"layer":"fault","fault_type":"Normal"}},{"type":"Feature","geometry":{"type":"MultiLineString","coordinates":[[[-98.57977,30.44216],[-98.57184,30.44624]]]},"properties":{"layer":"fault","fault_type":"Unspecified"}},{"type":"Feature","geometry":{"type":"MultiLineString","coordinates":[[[-98.57281,30.71814],[-98.57782,30.72873]]]},"properties":{"layer":"fault","fault_type":"Normal"}},{"type":"Feature","geometry":{"type":"MultiLineString","coordinates":[[[-98.57838,30.33008],[-98.57446,30.33213]]]},"properties":{"layer":"fault","fault_type":"Unspecified"}},{"type":"Feature","geometry":{"type":"MultiLineString","coordinates":[[[-98.57581,30.61304],[-98.5759,30.60962],[-98.57928,30.60699]]]},"properties":{"layer":"fault","fault_type":"Unspecified"}},{"type":"Feature","geometry":{"type":"MultiLineString","coordinates":[[[-98.57574410826412,30.611828445995386],[-98.5733133605301,30.611271327104877]]]},"properties":{"layer":"fault","fault_type":"Unspecified"}},{"type":"Feature","geometry":{"type":"MultiLineString","coordinates":[[[-98.57581974371611,30.447275326889983],[-98.5718425956278,30.44623703167337]]]},"properties":{"layer":"fault","fault_type":"Unspecified"}},{"type":"Feature","geometry":{"type":"MultiLineString","coordinates":[[[-98.54294,30.36473],[-98.55904,30.34745],[-98.56931,30.34128],[-98.57596,30.33404]]]},"properties":{"layer":"fault","fault_type":"Normal"}},{"type":"Feature","geometry":{"type":"MultiLineString","coordinates":[[[-98.57145,30.72504],[-98.57328,30.71157],[-98.56716,30.6905]]]},"properties":{"layer":"fault","fault_type":"Normal"}},{"type":"Feature","geometry":{"type":"MultiLineString","coordinates":[[[-98.57365,30.60887],[-98.57331,30.61127]]]},"properties":{"layer":"fault","fault_type":"Unspecified"}},{"type":"Feature","geometry":{"type":"MultiLineString","coordinates":[[[-98.57365447150474,30.608865465154985],[-98.57153034752324,30.610570774964607]]]},"properties":{"layer":"fault","fault_type":"Unspecified"}},{"type":"Feature","geometry":{"type":"MultiLineString","coordinates":[[[-98.57331,30.61127],[-98.57153,30.61057]]]},"properties":{"layer":"fault","fault_type":"Unspecified"}},{"type":"Feature","geometry":{"type":"MultiLineString","coordinates":[[[-98.57376,30.45],[-98.57184,30.44624]]]},"properties":{"layer":"fault","fault_type":"Unspecified"}},{"type":"Feature","geometry":{"type":"MultiLineString","coordinates":[[[-98.57351,30.70932],[-98.57423,30.69723],[-98.57557,30.69463],[-98.57452,30.68323],[-98.5693,30.65872],[-98.5647,30.64465]]]},"properties":{"layer":"fault","fault_type":"Normal"}},{"type":"Feature","geometry":{"type":"MultiLineString","coordinates":[[[-98.57174,30.67904],[-98.56716,30.6905]]]},"properties":{"layer":"fault","fault_type":"Normal"}},{"type":"Feature","geometry":{"type":"MultiLineString","coordinates":[[[-98.5605,30.69009],[-98.56652,30.68741],[-98.57273,30.67771]]]},"properties":{"layer":"fault","fault_type":"Normal"}},{"type":"Feature","geometry":{"type":"MultiLineString","coordinates":[[[-98.57153,30.61057],[-98.56582,30.60879]]]},"properties":{"layer":"fault","fault_type":"Unspecified"}},{"type":"Feature","geometry":{"type":"MultiLineString","coordinates":[[[-98.57027,30.66383],[-98.56481,30.67369]]]},"properties":{"layer":"fault","fault_type":"Unspecified"}},{"type":"Feature","geometry":{"type":"MultiLineString","coordinates":[[[-98.56733,30.65271],[-98.56428,30.64849]]]},"properties":{"layer":"fault","fault_type":"Unspecified"}},{"type":"Feature","geometry":{"type":"MultiLineString","coordinates":[[[-98.56716003647949,30.690497900065008],[-98.56428917264671,30.688375359290237]]]},"properties":{"layer":"fault","fault_type":"Unspecified"}},{"type":"Feature","geometry":{"type":"MultiLineString","coordinates":[[[-98.55619,30.60878],[-98.57365,30.60887]]]},"properties":{"layer":"fault","fault_type":"Normal"}},{"type":"Feature","geometry":{"type":"MultiLineString","coordinates":[[[-98.53605,30.92975],[-98.53785,30.92554],[-98.54725,30.91464],[-98.5579,30.89865],[-98.56402,30.89398]]]},"properties":{"layer":"fault","fault_type":"Normal"}},{"type":"Feature","geometry":{"type":"MultiLineString","coordinates":[[[-98.55915,30.69469],[-98.56523,30.67072],[-98.57,30.66208]]]},"properties":{"layer":"fault","fault_type":"Normal"}},{"type":"Feature","geometry":{"type":"MultiLineString","coordinates":[[[-98.56339,30.60505],[-98.55825,30.60646]]]},"properties":{"layer":"fault","fault_type":"Unspecified"}},{"type":"Feature","geometry":{"type":"MultiLineString","coordinates":[[[-98.56248,30.59727],[-98.56156,30.60287]]]},"properties":{"layer":"fault","fault_type":"Unspecified"}},{"type":"Feature","geometry":{"type":"MultiLineString","coordinates":[[[-98.56247573729446,30.597267512409967],[-98.55957971614217,30.60032657288709]]]},"properties":{"layer":"fault","fault_type":"Unspecified"}},{"type":"Feature","geometry":{"type":"MultiLineString","coordinates":[[[-98.53018,30.90154],[-98.54065,30.8985],[-98.56078,30.88407]]]},"properties":{"layer":"fault","fault_type":"Normal"}},{"type":"Feature","geometry":{"type":"MultiLineString","coordinates":[[[-98.55831,30.63657],[-98.55714,30.65019]]]},"properties":{"layer":"fault","fault_type":"Unspecified"}},{"type":"Feature","geometry":{"type":"MultiLineString","coordinates":[[[-98.55616,30.6216],[-98.55462,30.61853],[-98.55619,30.60878]]]},"properties":{"layer":"fault","fault_type":"Normal"}},{"type":"Feature","geometry":{"type":"MultiLineString","coordinates":[[[-98.55019,30.84888],[-98.55918,30.83451]]]},"properties":{"layer":"fault","fault_type":"Normal"}},{"type":"Feature","geometry":{"type":"MultiLineString","coordinates":[[[-98.55134,30.86898],[-98.54033,30.87242]]]},"properties":{"layer":"fault","fault_type":"Normal"}},{"type":"Feature","geometry":{"type":"MultiLineString","coordinates":[[[-98.55019,30.84888],[-98.5462,30.85364],[-98.54541,30.85661]]]},"properties":{"layer":"fault","fault_type":"Unspecified"}},{"type":"Feature","geometry":{"type":"MultiLineString","coordinates":[[[-98.55222,30.2671],[-98.5471,30.27214]]]},"properties":{"layer":"fault","fault_type":"Unspecified"}},{"type":"Feature","geometry":{"type":"MultiLineString","coordinates":[[[-98.54924,30.85667],[-98.55019,30.84888]]]},"properties":{"layer":"fault","fault_type":"Unspecified"}},{"type":"Feature","geometry":{"type":"MultiLineString","coordinates":[[[-98.51366,30.8704],[-98.54893,30.85574]]]},"properties":{"layer":"fault","fault_type":"Normal"}},{"type":"Feature","geometry":{"type":"MultiLineString","coordinates":[[[-98.54724,30.84614],[-98.5462,30.85364]]]},"properties":{"layer":"fault","fault_type":"Unspecified"}},{"type":"Feature","geometry":{"type":"MultiLineString","coordinates":[[[-98.54982,30.26881],[-98.5379,30.27049]]]},"properties":{"layer":"fault","fault_type":"Unspecified"}},{"type":"Feature","geometry":{"type":"MultiLineString","coordinates":[[[-98.54954,30.27967],[-98.54586,30.2837]]]},"properties":{"layer":"fault","fault_type":"Normal"}},{"type":"Feature","geometry":{"type":"MultiLineString","coordinates":[[[-98.55244,30.28037],[-98.54539,30.27867],[-98.5389,30.28282]]]},"properties":{"layer":"fault","fault_type":"Unspecified"}},{"type":"Feature","geometry":{"type":"MultiLineString","coordinates":[[[-98.54662,30.85019],[-98.53974,30.85592],[-98.52682,30.8624]]]},"properties":{"layer":"fault","fault_type":"Unspecified"}},{"type":"Feature","geometry":{"type":"MultiLineString","coordinates":[[[-98.54818393458622,30.475807517697877],[-98.54423376470251,30.471693202187648]]]},"properties":{"layer":"fault","fault_type":"Normal"}},{"type":"Feature","geometry":{"type":"MultiLineString","coordinates":[[[-98.54514,30.84194],[-98.53843,30.85189]]]},"properties":{"layer":"fault","fault_type":"Unspecified"}},{"type":"Feature","geometry":{"type":"MultiLineString","coordinates":[[[-98.5454,30.45585],[-98.54404,30.46179],[-98.54446,30.46683]]]},"properties":{"layer":"fault","fault_type":"Unspecified"}},{"type":"Feature","geometry":{"type":"MultiLineString","coordinates":[[[-98.54435,30.46837],[-98.53856,30.47434],[-98.53555,30.47946]]]},"properties":{"layer":"fault","fault_type":"Normal"}},{"type":"Feature","geometry":{"type":"MultiLineString","coordinates":[[[-98.54383,30.39068],[-98.54083,30.39235]]]},"properties":{"layer":"fault","fault_type":"Unspecified"}},{"type":"Feature","geometry":{"type":"MultiLineString","coordinates":[[[-98.54342,30.3894],[-98.52817,30.40055]]]},"properties":{"layer":"fault","fault_type":"Normal"}},{"type":"Feature","geometry":{"type":"MultiLineString","coordinates":[[[-98.54567,30.39639],[-98.54153,30.38353],[-98.5408,30.37726]]]},"properties":{"layer":"fault","fault_type":"Normal"}},{"type":"Feature","geometry":{"type":"MultiLineString","coordinates":[[[-98.55359,30.84274],[-98.53377,30.85435],[-98.5308,30.8603]]]},"properties":{"layer":"fault","fault_type":"Unspecified"}},{"type":"Feature","geometry":{"type":"MultiLineString","coordinates":[[[-98.54025,30.27975],[-98.53525,30.27665]]]},"properties":{"layer":"fault","fault_type":"Unspecified"}},{"type":"Feature","geometry":{"type":"MultiLineString","coordinates":[[[-98.53966835305377,30.355898846190104],[-98.53934240653945,30.3593885895107]]]},"properties":{"layer":"fault","fault_type":"Unspecified"}},{"type":"Feature","geometry":{"type":"MultiLineString","coordinates":[[[-98.53532,30.338],[-98.53255,30.34529]]]},"properties":{"layer":"fault","fault_type":"Unspecified"}},{"type":"Feature","geometry":{"type":"MultiLineString","coordinates":[[[-98.54227,30.27247],[-98.53451,30.27705]]]},"properties":{"layer":"fault","fault_type":"Normal"}},{"type":"Feature","geometry":{"type":"MultiLineString","coordinates":[[[-98.53505102956139,30.273792662895374],[-98.53296900243075,30.27627432312714]]]},"properties":{"layer":"fault","fault_type":"Unspecified"}},{"type":"Feature","geometry":{"type":"MultiLineString","coordinates":[[[-98.53505102956139,30.273792662895374],[-98.53487109611166,30.271064703355492]]]},"properties":{"layer":"fault","fault_type":"Unspecified"}},{"type":"Feature","geometry":{"type":"MultiLineString","coordinates":[[[-98.53255,30.34529],[-98.5294,30.35112],[-98.52928,30.35452]]]},"properties":{"layer":"fault","fault_type":"Unspecified"}},{"type":"Feature","geometry":{"type":"MultiLineString","coordinates":[[[-98.53255,30.34529],[-98.52009,30.35097],[-98.50429,30.36512],[-98.49685,30.37667],[-98.48842,30.38601]]]},"properties":{"layer":"fault","fault_type":"Normal"}},{"type":"Feature","geometry":{"type":"MultiLineString","coordinates":[[[-98.53235,30.27384],[-98.53079,30.27566]]]},"properties":{"layer":"fault","fault_type":"Unspecified"}},{"type":"Feature","geometry":{"type":"MultiLineString","coordinates":[[[-98.53892,30.32617],[-98.53614,30.33175],[-98.53444,30.34135],[-98.52705,30.35796],[-98.52641,30.3631],[-98.51756,30.36941],[-98.51187,30.3762]]]},"properties":{"layer":"fault","fault_type":"Normal"}},{"type":"Feature","geometry":{"type":"MultiLineString","coordinates":[[[-98.52682,30.8624],[-98.51169,30.86483],[-98.50278,30.86768],[-98.49364,30.87167],[-98.46699,30.88752]]]},"properties":{"layer":"fault","fault_type":"Normal"}},{"type":"Feature","geometry":{"type":"MultiLineString","coordinates":[[[-98.52672,30.27433],[-98.52897,30.28106]]]},"properties":{"layer":"fault","fault_type":"Normal"}},{"type":"Feature","geometry":{"type":"MultiLineString","coordinates":[[[-98.52766278160823,30.276830708908168],[-98.52456736500558,30.277175610512344]]]},"properties":{"layer":"fault","fault_type":"Unspecified"}},{"type":"Feature","geometry":{"type":"MultiLineString","coordinates":[[[-98.479,30.91986],[-98.49233,30.90926],[-98.52404,30.90648]]]},"properties":{"layer":"fault","fault_type":"Normal"}},{"type":"Feature","geometry":{"type":"MultiLineString","coordinates":[[[-98.52201447244403,30.27550495228809],[-98.5219766605571,30.27551849379081]],[[-98.53505,30.27379],[-98.5308,30.27351],[-98.52198,30.27552]],[[-98.5219766605571,30.27551849379081],[-98.52026328135781,30.276132480861673]],[[-98.5219766605571,30.27551849379081],[-98.52193182114968,30.275528524043864]]]},"properties":{"layer":"fault","fault_type":"Unspecified"}},{"type":"Feature","geometry":{"type":"MultiLineString","coordinates":[[[-98.52009,30.35097],[-98.52088,30.35468],[-98.51509,30.36129],[-98.50366,30.37913]]]},"properties":{"layer":"fault","fault_type":"Normal"}},{"type":"Feature","geometry":{"type":"MultiLineString","coordinates":[[[-98.51536,30.28551],[-98.52048,30.27786],[-98.52026,30.27613]]]},"properties":{"layer":"fault","fault_type":"Normal"}},{"type":"Feature","geometry":{"type":"MultiLineString","coordinates":[[[-98.52009,30.35097],[-98.51292,30.35273],[-98.50934,30.35524],[-98.50068,30.36326],[-98.49156,30.3753],[-98.48049,30.3808]]]},"properties":{"layer":"fault","fault_type":"Unspecified"}},{"type":"Feature","geometry":{"type":"MultiLineString","coordinates":[[[-98.51927314387862,30.48249662989235],[-98.51568490612122,30.484702876898574]]]},"properties":{"layer":"fault","fault_type":"Unspecified"}},{"type":"Feature","geometry":{"type":"MultiLineString","coordinates":[[[-98.51777,30.48239],[-98.50967,30.48551]]]},"properties":{"layer":"fault","fault_type":"Unspecified"}},{"type":"Feature","geometry":{"type":"MultiLineString","coordinates":[[[-98.51306,30.94493],[-98.49436,30.94781],[-98.479,30.95501],[-98.45674,30.97]]]},"properties":{"layer":"fault","fault_type":"Normal"}},{"type":"Feature","geometry":{"type":"MultiLineString","coordinates":[[[-98.50403,30.61211],[-98.5036,30.62065]]]},"properties":{"layer":"fault","fault_type":"Normal"}},{"type":"Feature","geometry":{"type":"MultiLineString","coordinates":[[[-98.50971,30.44513],[-98.50535,30.45168],[-98.50243,30.45915],[-98.49463,30.46986]]]},"properties":{"layer":"fault","fault_type":"Normal"}},{"type":"Feature","geometry":{"type":"MultiLineString","coordinates":[[[-98.50440026772546,30.454107359110864],[-98.49823110008818,30.458170727493492]]]},"properties":{"layer":"fault","fault_type":"Normal"}},{"type":"Feature","geometry":{"type":"MultiLineString","coordinates":[[[-98.50366,30.37913],[-98.4979,30.39391]]]},"properties":{"layer":"fault","fault_type":"Normal"}},{"type":"Feature","geometry":{"type":"MultiLineString","coordinates":[[[-98.50366,30.37913],[-98.494,30.37986]]]},"properties":{"layer":"fault","fault_type":"Unspecified"}},{"type":"Feature","geometry":{"type":"MultiLineString","coordinates":[[[-98.49705,30.6414],[-98.50065,30.63445],[-98.50094,30.62052],[-98.50386,30.617]]]},"properties":{"layer":"fault","fault_type":"Normal"}},{"type":"Feature","geometry":{"type":"MultiLineString","coordinates":[[[-98.50223,30.61853],[-98.49363,30.62023]]]},"properties":{"layer":"fault","fault_type":"Normal"}},{"type":"Feature","geometry":{"type":"MultiLineString","coordinates":[[[-98.50113,30.58779],[-98.49289,30.58685],[-98.47966,30.57759],[-98.4759,30.57681]]]},"properties":{"layer":"fault","fault_type":"Thrust"}},{"type":"Feature","geometry":{"type":"MultiLineString","coordinates":[[[-98.5044,30.35061],[-98.49622,30.35412]]]},"properties":{"layer":"fault","fault_type":"Unspecified"}},{"type":"Feature","geometry":{"type":"MultiLineString","coordinates":[[[-98.27978,30.86951],[-98.28557,30.86743],[-98.29273,30.86171],[-98.30136,30.85169]]]},"properties":{"layer":"fault","fault_type":"Normal"}},{"type":"Feature","geometry":{"type":"MultiLineString","coordinates":[[[-98.30136,30.85169],[-98.30584,30.84673],[-98.30997,30.84512],[-98.33566,30.82512],[-98.34083,30.81728],[-98.35785,30.79761]]]},"properties":{"layer":"fault","fault_type":"Normal"}},{"type":"Feature","geometry":{"type":"MultiLineString","coordinates":[[[-98.28239,30.83578],[-98.29833,30.82473],[-98.30547,30.8217]]]},"properties":{"layer":"fault","fault_type":"Normal"}},{"type":"Feature","geometry":{"type":"MultiLineString","coordinates":[[[-98.31068,30.7452],[-98.29039,30.75679],[-98.2885,30.75686]]]},"properties":{"layer":"fault","fault_type":"Normal"}},{"type":"Feature","geometry":{"type":"MultiLineString","coordinates":[[[-98.38084,30.69406],[-98.37892,30.69913],[-98.37149,30.70616]]]},"properties":{"layer":"fault","fault_type":"Normal"}},{"type":"Feature","geometry":{"type":"MultiLineString","coordinates":[[[-98.37149,30.70616],[-98.36374,30.71248],[-98.3444,30.71718],[-98.33679,30.72101],[-98.33325,30.72384],[-98.32241,30.73791],[-98.3171,30.74254],[-98.31068,30.7452]]]},"properties":{"layer":"fault","fault_type":"Normal"}},{"type":"Feature","geometry":{"type":"MultiLineString","coordinates":[[[-98.44389,30.70882],[-98.42833,30.71851],[-98.42002,30.72848],[-98.41868,30.73223]]]},"properties":{"layer":"fault","fault_type":"Normal"}},{"type":"Feature","geometry":{"type":"MultiLineString","coordinates":[[[-98.41868,30.73223],[-98.41344,30.74339]]]},"properties":{"layer":"fault","fault_type":"Unspecified"}},{"type":"Feature","geometry":{"type":"MultiLineString","coordinates":[[[-98.373,30.65403],[-98.40078,30.64515],[-98.41383,30.63966]]]},"properties":{"layer":"fault","fault_type":"Normal"}},{"type":"Feature","geometry":{"type":"MultiLineString","coordinates":[[[-98.30926,30.67931],[-98.31829,30.67389],[-98.34386,30.66559]]]},"properties":{"layer":"fault","fault_type":"Normal"}},{"type":"Feature","geometry":{"type":"MultiLineString","coordinates":[[[-98.34386,30.66559],[-98.36365,30.65897],[-98.373,30.65403]]]},"properties":{"layer":"fault","fault_type":"Normal"}},{"type":"Feature","geometry":{"type":"MultiLineString","coordinates":[[[-98.65736,30.53713],[-98.65496,30.54494],[-98.64668,30.5559]]]},"properties":{"layer":"fault","fault_type":"Normal"}},{"type":"Feature","geometry":{"type":"MultiLineString","coordinates":[[[-98.64668,30.5559],[-98.64733,30.55149],[-98.65091,30.54402],[-98.65339,30.53099],[-98.66009,30.51547]]]},"properties":{"layer":"fault","fault_type":"Normal"}},{"type":"Feature","geometry":{"type":"MultiLineString","coordinates":[[[-98.44034013998699,30.464816792527802],[-98.44353591277991,30.463671362695887]]]},"properties":{"layer":"fault","fault_type":"Unspecified"}},{"type":"Feature","geometry":{"type":"MultiLineString","coordinates":[[[-98.44354,30.46367],[-98.43806,30.4701],[-98.43516,30.47737]]]},"properties":{"layer":"fault","fault_type":"Unspecified"}},{"type":"Feature","geometry":{"type":"MultiLineString","coordinates":[[[-98.50255,30.44417],[-98.49647,30.45586]]]},"properties":{"layer":"fault","fault_type":"Unspecified"}},{"type":"Feature","geometry":{"type":"MultiLineString","coordinates":[[[-98.50217,30.35169],[-98.49576,30.35737]]]},"properties":{"layer":"fault","fault_type":"Unspecified"}},{"type":"Feature","geometry":{"type":"MultiLineString","coordinates":[[[-98.47365,30.86852],[-98.51173,30.85697],[-98.52583,30.85511],[-98.53644,30.84939],[-98.54514,30.84194]]]},"properties":{"layer":"fault","fault_type":"Normal"}},{"type":"Feature","geometry":{"type":"MultiLineString","coordinates":[[[-98.45096,30.87035],[-98.47013,30.8616],[-98.4937,30.86211]]]},"properties":{"layer":"fault","fault_type":"Normal"}},{"type":"Feature","geometry":{"type":"MultiLineString","coordinates":[[[-98.45954,30.96647],[-98.48058,30.94488],[-98.48664,30.93493],[-98.49078,30.92122]]]},"properties":{"layer":"fault","fault_type":"Normal"}},{"type":"Feature","geometry":{"type":"MultiLineString","coordinates":[[[-98.49216,30.30451],[-98.47823,30.30599],[-98.47249,30.30386]]]},"properties":{"layer":"fault","fault_type":"Unspecified"}},{"type":"Feature","geometry":{"type":"MultiLineString","coordinates":[[[-98.48042,30.46436],[-98.47734,30.47421]]]},"properties":{"layer":"fault","fault_type":"Normal"}},{"type":"Feature","geometry":{"type":"MultiLineString","coordinates":[[[-98.49003,30.36687],[-98.48571,30.3767],[-98.4774,30.38307]]]},"properties":{"layer":"fault","fault_type":"Unspecified"}},{"type":"Feature","geometry":{"type":"MultiLineString","coordinates":[[[-98.47629,30.37964],[-98.46399,30.38429]]]},"properties":{"layer":"fault","fault_type":"Unspecified"}},{"type":"Feature","geometry":{"type":"MultiLineString","coordinates":[[[-98.48631,30.87107],[-98.47532,30.86959],[-98.47163,30.86811],[-98.46634,30.86331]]]},"properties":{"layer":"fault","fault_type":"Normal"}},{"type":"Feature","geometry":{"type":"MultiLineString","coordinates":[[[-98.47403,30.58835],[-98.46139,30.58159],[-98.45386,30.57375]]]},"properties":{"layer":"fault","fault_type":"Thrust"}},{"type":"Feature","geometry":{"type":"MultiLineString","coordinates":[[[-98.47008122285044,30.461132042071394],[-98.46850878123439,30.461156448753115]]]},"properties":{"layer":"fault","fault_type":"Unspecified"}},{"type":"Feature","geometry":{"type":"MultiLineString","coordinates":[[[-98.46994,30.4787],[-98.46498,30.48393]]]},"properties":{"layer":"fault","fault_type":"Unspecified"}},{"type":"Feature","geometry":{"type":"MultiLineString","coordinates":[[[-98.46407,30.48103],[-98.46994,30.4787]]]},"properties":{"layer":"fault","fault_type":"Normal"}},{"type":"Feature","geometry":{"type":"MultiLineString","coordinates":[[[-98.46516,30.95208],[-98.45695,30.9515],[-98.44649,30.9528]]]},"properties":{"layer":"fault","fault_type":"Normal"}},{"type":"Feature","geometry":{"type":"MultiLineString","coordinates":[[[-98.46881,30.47426],[-98.46757,30.47761],[-98.4609,30.48392]]]},"properties":{"layer":"fault","fault_type":"Normal"}},{"type":"Feature","geometry":{"type":"MultiLineString","coordinates":[[[-98.46618,30.47401],[-98.46207,30.47793]]]},"properties":{"layer":"fault","fault_type":"Unspecified"}},{"type":"Feature","geometry":{"type":"MultiLineString","coordinates":[[[-98.46994,30.4787],[-98.46432,30.4777],[-98.45901,30.47881]]]},"properties":{"layer":"fault","fault_type":"Unspecified"}},{"type":"Feature","geometry":{"type":"MultiLineString","coordinates":[[[-98.46827,30.47167],[-98.46383,30.47415],[-98.45359,30.48408]]]},"properties":{"layer":"fault","fault_type":"Normal"}},{"type":"Feature","geometry":{"type":"MultiLineString","coordinates":[[[-98.45578,30.71895],[-98.45521,30.70906],[-98.45176,30.6992]]]},"properties":{"layer":"fault","fault_type":"Unspecified"}},{"type":"Feature","geometry":{"type":"MultiLineString","coordinates":[[[-98.45359,30.48408],[-98.43033,30.50325]]]},"properties":{"layer":"fault","fault_type":"Normal"}},{"type":"Feature","geometry":{"type":"MultiLineString","coordinates":[[[-98.42618,30.71554],[-98.43661,30.70913],[-98.44591,30.70122],[-98.45214,30.69887]]]},"properties":{"layer":"fault","fault_type":"Normal"}},{"type":"Feature","geometry":{"type":"MultiLineString","coordinates":[[[-98.41884,30.73144],[-98.42957,30.72813],[-98.44363,30.71496],[-98.45012,30.70674],[-98.44881,30.70215]]]},"properties":{"layer":"fault","fault_type":"Normal"}},{"type":"Feature","geometry":{"type":"MultiLineString","coordinates":[[[-98.42827,30.72353],[-98.44137,30.71452],[-98.44714,30.70395],[-98.45646,30.69476]]]},"properties":{"layer":"fault","fault_type":"Normal"}},{"type":"Feature","geometry":{"type":"MultiLineString","coordinates":[[[-98.44206,30.50078],[-98.40981,30.5094],[-98.3938,30.5191],[-98.3919,30.52149]]]},"properties":{"layer":"fault","fault_type":"Normal"}},{"type":"Feature","geometry":{"type":"MultiLineString","coordinates":[[[-98.42618,30.71554],[-98.42253,30.71832]]]},"properties":{"layer":"fault","fault_type":"Unspecified"}},{"type":"Feature","geometry":{"type":"MultiLineString","coordinates":[[[-98.42577390555269,30.73945871266119],[-98.42440936283948,30.737509077229422]]]},"properties":{"layer":"fault","fault_type":"Unspecified"}},{"type":"Feature","geometry":{"type":"MultiLineString","coordinates":[[[-98.42253,30.71832],[-98.41205,30.72537]]]},"properties":{"layer":"fault","fault_type":"Unspecified"}},{"type":"Feature","geometry":{"type":"MultiLineString","coordinates":[[[-98.4289,30.50219],[-98.41583,30.50725]]]},"properties":{"layer":"fault","fault_type":"Normal"}},{"type":"Feature","geometry":{"type":"MultiLineString","coordinates":[[[-98.39996,30.74219],[-98.41868,30.73223]]]},"properties":{"layer":"fault","fault_type":"Normal"}},{"type":"Feature","geometry":{"type":"MultiLineString","coordinates":[[[-98.41522,30.73801],[-98.40042,30.7464]]]},"properties":{"layer":"fault","fault_type":"Normal"}},{"type":"Feature","geometry":{"type":"MultiLineString","coordinates":[[[-98.41164,30.90426],[-98.40108,30.91235],[-98.39372,30.92206],[-98.3823,30.93371]]]},"properties":{"layer":"fault","fault_type":"Normal"}},{"type":"Feature","geometry":{"type":"MultiLineString","coordinates":[[[-98.41341,30.46319],[-98.41029,30.46663]]]},"properties":{"layer":"fault","fault_type":"Unspecified"}},{"type":"Feature","geometry":{"type":"MultiLineString","coordinates":[[[-98.41341,30.46319],[-98.40301,30.46161]]]},"properties":{"layer":"fault","fault_type":"Unspecified"}},{"type":"Feature","geometry":{"type":"MultiLineString","coordinates":[[[-98.41029,30.46663],[-98.39775,30.47165]]]},"properties":{"layer":"fault","fault_type":"Normal"}},{"type":"Feature","geometry":{"type":"MultiLineString","coordinates":[[[-98.37996,30.9174],[-98.38912,30.90329],[-98.40644,30.88794]]]},"properties":{"layer":"fault","fault_type":"Normal"}},{"type":"Feature","geometry":{"type":"MultiLineString","coordinates":[[[-98.3706,30.68145],[-98.37711,30.67016],[-98.39761,30.6553],[-98.40787,30.64614]]]},"properties":{"layer":"fault","fault_type":"Normal"}},{"type":"Feature","geometry":{"type":"MultiLineString","coordinates":[[[-98.40623,30.73083],[-98.40556,30.73397],[-98.39428,30.73948]]]},"properties":{"layer":"fault","fault_type":"Normal"}},{"type":"Feature","geometry":{"type":"MultiLineString","coordinates":[[[-98.3956,30.88442],[-98.39955,30.87896],[-98.40515,30.87551]]]},"properties":{"layer":"fault","fault_type":"Normal"}},{"type":"Feature","geometry":{"type":"MultiLineString","coordinates":[[[-98.40734,30.51145],[-98.40402,30.51202],[-98.40208,30.51462]]]},"properties":{"layer":"fault","fault_type":"Unspecified"}},{"type":"Feature","geometry":{"type":"MultiLineString","coordinates":[[[-98.41729,30.64839],[-98.41373,30.64952],[-98.4038,30.65916],[-98.3926,30.67313]]]},"properties":{"layer":"fault","fault_type":"Normal"}},{"type":"Feature","geometry":{"type":"MultiLineString","coordinates":[[[-98.40107,30.65253],[-98.40516,30.65788]]]},"properties":{"layer":"fault","fault_type":"Normal"}},{"type":"Feature","geometry":{"type":"MultiLineString","coordinates":[[[-98.38562,30.88886],[-98.3949,30.88094],[-98.39677,30.87347],[-98.40295,30.86203]]]},"properties":{"layer":"fault","fault_type":"Normal"}},{"type":"Feature","geometry":{"type":"MultiLineString","coordinates":[[[-98.4023,30.4838],[-98.40425,30.47715],[-98.40141,30.4708]]]},"properties":{"layer":"fault","fault_type":"Normal"}},{"type":"Feature","geometry":{"type":"MultiLineString","coordinates":[[[-98.39339,30.65643],[-98.39609,30.64992]]]},"properties":{"layer":"fault","fault_type":"Normal"}},{"type":"Feature","geometry":{"type":"MultiLineString","coordinates":[[[-98.41565,30.64445],[-98.40565,30.64651],[-98.39298,30.65106],[-98.3903,30.65392]]]},"properties":{"layer":"fault","fault_type":"Unspecified"}},{"type":"Feature","geometry":{"type":"MultiLineString","coordinates":[[[-98.3926,30.67313],[-98.38678,30.68173],[-98.37742,30.69011],[-98.37204,30.69833],[-98.37149,30.70616]]]},"properties":{"layer":"fault","fault_type":"Unspecified"}},{"type":"Feature","geometry":{"type":"MultiLineString","coordinates":[[[-98.3926,30.67313],[-98.38794,30.67578]]]},"properties":{"layer":"fault","fault_type":"Unspecified"}},{"type":"Feature","geometry":{"type":"MultiLineString","coordinates":[[[-98.39015,30.47694],[-98.38607,30.48071]]]},"properties":{"layer":"fault","fault_type":"Normal"}},{"type":"Feature","geometry":{"type":"MultiLineString","coordinates":[[[-98.39908,30.47166],[-98.39694,30.47467],[-98.38053,30.48068]]]},"properties":{"layer":"fault","fault_type":"Normal"}},{"type":"Feature","geometry":{"type":"MultiLineString","coordinates":[[[-98.38424,30.66518],[-98.38239,30.67409]]]},"properties":{"layer":"fault","fault_type":"Normal"}},{"type":"Feature","geometry":{"type":"MultiLineString","coordinates":[[[-98.38553,30.84608],[-98.37357,30.84447]]]},"properties":{"layer":"fault","fault_type":"Unspecified"}},{"type":"Feature","geometry":{"type":"MultiLineString","coordinates":[[[-98.37566,30.84457],[-98.37481,30.85485],[-98.37029,30.8658],[-98.36959,30.87041],[-98.37154,30.87809],[-98.36837,30.88723]]]},"properties":{"layer":"fault","fault_type":"Normal"}},{"type":"Feature","geometry":{"type":"MultiLineString","coordinates":[[[-98.37192,30.89072],[-98.37412,30.88246]]]},"properties":{"layer":"fault","fault_type":"Normal"}},{"type":"Feature","geometry":{"type":"MultiLineString","coordinates":[[[-98.36518,30.8991],[-98.37192,30.89072]]]},"properties":{"layer":"fault","fault_type":"Normal"}},{"type":"Feature","geometry":{"type":"MultiLineString","coordinates":[[[-98.36237,30.65944],[-98.35823,30.66338],[-98.35399,30.66514],[-98.34319,30.66583]]]},"properties":{"layer":"fault","fault_type":"Unspecified"}},{"type":"Feature","geometry":{"type":"MultiLineString","coordinates":[[[-98.36044,30.66015],[-98.35342,30.66396],[-98.34706,30.66459]]]},"properties":{"layer":"fault","fault_type":"Unspecified"}},{"type":"Feature","geometry":{"type":"MultiLineString","coordinates":[[[-98.35705420116413,30.849966653816416],[-98.35682168482924,30.851499811556593]]]},"properties":{"layer":"fault","fault_type":"Unspecified"}},{"type":"Feature","geometry":{"type":"MultiLineString","coordinates":[[[-98.35705,30.84997],[-98.35639,30.849]]]},"properties":{"layer":"fault","fault_type":"Unspecified"}},{"type":"Feature","geometry":{"type":"MultiLineString","coordinates":[[[-98.35682,30.8515],[-98.35594,30.85459]]]},"properties":{"layer":"fault","fault_type":"Unspecified"}},{"type":"Feature","geometry":{"type":"MultiLineString","coordinates":[[[-98.3574,30.71409],[-98.34503,30.73454],[-98.33336,30.743],[-98.32754,30.74556]]]},"properties":{"layer":"fault","fault_type":"Normal"}},{"type":"Feature","geometry":{"type":"MultiLineString","coordinates":[[[-98.34651,30.73452],[-98.3451,30.74286]]]},"properties":{"layer":"fault","fault_type":"Unspecified"}},{"type":"Feature","geometry":{"type":"MultiLineString","coordinates":[[[-98.34796,30.73119],[-98.34451,30.73793]]]},"properties":{"layer":"fault","fault_type":"Unspecified"}},{"type":"Feature","geometry":{"type":"MultiLineString","coordinates":[[[-98.30851,30.89287],[-98.33313,30.87552],[-98.34026,30.86791],[-98.34512,30.86477]]]},"properties":{"layer":"fault","fault_type":"Normal"}},{"type":"Feature","geometry":{"type":"MultiLineString","coordinates":[[[-98.34510479328847,30.742861594309083],[-98.34360564252151,30.746719223664414]]]},"properties":{"layer":"fault","fault_type":"Unspecified"}},{"type":"Feature","geometry":{"type":"MultiLineString","coordinates":[[[-98.3451,30.74286],[-98.34158,30.74514],[-98.34451,30.73793]]]},"properties":{"layer":"fault","fault_type":"Unspecified"}},{"type":"Feature","geometry":{"type":"MultiLineString","coordinates":[[[-98.33113,30.74801],[-98.34451,30.73793]]]},"properties":{"layer":"fault","fault_type":"Normal"}},{"type":"Feature","geometry":{"type":"MultiLineString","coordinates":[[[-98.35087,30.74526],[-98.31727,30.75483],[-98.29664,30.75241]]]},"properties":{"layer":"fault","fault_type":"Normal"}},{"type":"Feature","geometry":{"type":"MultiLineString","coordinates":[[[-98.34102,30.32973],[-98.3438,30.32549]]]},"properties":{"layer":"fault","fault_type":"Normal"}},{"type":"Feature","geometry":{"type":"MultiLineString","coordinates":[[[-98.32176,30.3185],[-98.32569,30.31852],[-98.34116,30.31185]]]},"properties":{"layer":"fault","fault_type":"Normal"}},{"type":"Feature","geometry":{"type":"MultiLineString","coordinates":[[[-98.30926,30.67931],[-98.30067,30.68608],[-98.294,30.68777],[-98.28813,30.68572]]]},"properties":{"layer":"fault","fault_type":"Unspecified"}},{"type":"Feature","geometry":{"type":"MultiLineString","coordinates":[[[-98.31331,30.56205],[-98.29713,30.57664],[-98.29701,30.57865]]]},"properties":{"layer":"fault","fault_type":"Normal"}},{"type":"Feature","geometry":{"type":"MultiLineString","coordinates":[[[-98.30014,30.57426],[-98.29822,30.57773],[-98.27399,30.60384],[-98.25783,30.62964],[-98.24914,30.63515]]]},"properties":{"layer":"fault","fault_type":"Normal"}},{"type":"Feature","geometry":{"type":"MultiLineString","coordinates":[[[-98.29908,30.67619],[-98.29094,30.682],[-98.28813,30.68572],[-98.28201,30.68808]]]},"properties":{"layer":"fault","fault_type":"Normal"}},{"type":"Feature","geometry":{"type":"MultiLineString","coordinates":[[[-98.28512,30.82056],[-98.28199,30.81102]]]},"properties":{"layer":"fault","fault_type":"Normal"}},{"type":"Feature","geometry":{"type":"MultiLineString","coordinates":[[[-98.28536,30.66485],[-98.27386,30.68192]]]},"properties":{"layer":"fault","fault_type":"Normal"}},{"type":"Feature","geometry":{"type":"MultiLineString","coordinates":[[[-98.28096,30.67446],[-98.27769,30.6761]]]},"properties":{"layer":"fault","fault_type":"Unspecified"}},{"type":"Feature","geometry":{"type":"MultiLineString","coordinates":[[[-98.29741,30.67589],[-98.27288,30.68464]]]},"properties":{"layer":"fault","fault_type":"Normal"}},{"type":"Feature","geometry":{"type":"MultiLineString","coordinates":[[[-98.30926,30.67931],[-98.29741,30.67589]]]},"properties":{"layer":"fault","fault_type":"Unspecified"}},{"type":"Feature","geometry":{"type":"MultiLineString","coordinates":[[[-98.29396,30.61697],[-98.28583,30.62194],[-98.28311,30.63055],[-98.26915,30.64304]]]},"properties":{"layer":"fault","fault_type":"Normal"}},{"type":"Feature","geometry":{"type":"MultiLineString","coordinates":[[[-98.26915,30.64304],[-98.26078,30.65056],[-98.25285,30.67219],[-98.24632,30.68366],[-98.24578,30.69651]]]},"properties":{"layer":"fault","fault_type":"Normal"}},{"type":"Feature","geometry":{"type":"MultiLineString","coordinates":[[[-98.26039,30.6427],[-98.27119,30.63424],[-98.27614,30.62754]]]},"properties":{"layer":"fault","fault_type":"Normal"}},{"type":"Feature","geometry":{"type":"MultiLineString","coordinates":[[[-98.27614,30.62754],[-98.2774,30.62266],[-98.28456,30.61349],[-98.28594,30.60698]]]},"properties":{"layer":"fault","fault_type":"Normal"}},{"type":"Feature","geometry":{"type":"MultiLineString","coordinates":[[[-98.47618,30.56549],[-98.47684,30.5674],[-98.47403,30.58835]]]},"properties":{"layer":"fault","fault_type":"Normal"}},{"type":"Feature","geometry":{"type":"MultiLineString","coordinates":[[[-98.47403,30.58835],[-98.4659,30.62107],[-98.46289,30.62518],[-98.44812,30.63512]]]},"properties":{"layer":"fault","fault_type":"Normal"}},{"type":"Feature","geometry":{"type":"MultiLineString","coordinates":[[[-98.44812,30.63512],[-98.44296,30.63824],[-98.43961,30.63823],[-98.43194,30.64538],[-98.42555,30.64823]]]},"properties":{"layer":"fault","fault_type":"Normal"}},{"type":"Feature","geometry":{"type":"MultiLineString","coordinates":[[[-98.44606,30.56268],[-98.42771,30.54009],[-98.42626,30.5367],[-98.43072,30.53289],[-98.43493,30.53271],[-98.4376,30.53042],[-98.44206,30.50078]]]},"properties":{"layer":"fault","fault_type":"Thrust"}},{"type":"Feature","geometry":{"type":"MultiLineString","coordinates":[[[-98.50737,30.57789],[-98.50113,30.58779]]]},"properties":{"layer":"fault","fault_type":"Normal"}},{"type":"Feature","geometry":{"type":"MultiLineString","coordinates":[[[-98.50113,30.58779],[-98.49597,30.59607],[-98.49253,30.61761],[-98.48894,30.62519]]]},"properties":{"layer":"fault","fault_type":"Normal"}},{"type":"Feature","geometry":{"type":"MultiLineString","coordinates":[[[-98.53769,30.67425],[-98.55082,30.66592]]]},"properties":{"layer":"fault","fault_type":"Normal"}},{"type":"Feature","geometry":{"type":"MultiLineString","coordinates":[[[-98.5373,30.6684],[-98.53769,30.67425]]]},"properties":{"layer":"fault","fault_type":"Normal"}},{"type":"Feature","geometry":{"type":"MultiLineString","coordinates":[[[-98.58196,30.72405],[-98.57363,30.73425]]]},"properties":{"layer":"fault","fault_type":"Normal"}},{"type":"Feature","geometry":{"type":"MultiLineString","coordinates":[[[-98.65118,30.66934],[-98.64377,30.67846],[-98.635,30.68426]]]},"properties":{"layer":"fault","fault_type":"Normal"}},{"type":"Feature","geometry":{"type":"MultiLineString","coordinates":[[[-98.635,30.68426],[-98.63197,30.68859],[-98.62113,30.69847],[-98.60325,30.71094],[-98.59015,30.71702],[-98.58196,30.72405]]]},"properties":{"layer":"fault","fault_type":"Normal"}},{"type":"Feature","geometry":{"type":"MultiLineString","coordinates":[[[-98.63881,30.63874],[-98.63546,30.64525],[-98.62727,30.6521],[-98.61744,30.66484]]]},"properties":{"layer":"fault","fault_type":"Normal"}},{"type":"Feature","geometry":{"type":"MultiLineString","coordinates":[[[-97.6877,29.9752],[-97.67203,30.00155]]]},"properties":{"layer":"fault","fault_type":"Normal"}},{"type":"Feature","geometry":{"type":"MultiLineString","coordinates":[[[-97.66723,29.96911],[-97.66809,30.00072]]]},"properties":{"layer":"fault","fault_type":"Normal"}},{"type":"Feature","geometry":{"type":"MultiLineString","coordinates":[[[-97.96351227703373,30.05959638244612],[-97.9538025524177,30.067227433964565]]]},"properties":{"layer":"fault","fault_type":"Inferred Normal"}},{"type":"Feature","geometry":{"type":"MultiLineString","coordinates":[[[-97.9538,30.06723],[-97.92191,30.09183],[-97.91491,30.09854],[-97.90166,30.11825],[-97.87158,30.13984]]]},"properties":{"layer":"fault","fault_type":"Normal"}},{"type":"Feature","geometry":{"type":"MultiLineString","coordinates":[[[-97.91636,30.07956],[-97.88339,30.1095]]]},"properties":{"layer":"fault","fault_type":"Normal"}},{"type":"Feature","geometry":{"type":"MultiLineString","coordinates":[[[-97.89359,30.10107],[-97.88494,30.10652],[-97.88311,30.10904]]]},"properties":{"layer":"fault","fault_type":"Normal"}},{"type":"Feature","geometry":{"type":"MultiLineString","coordinates":[[[-97.88609,30.10202],[-97.88378,30.10545],[-97.88307,30.11004]]]},"properties":{"layer":"fault","fault_type":"Normal"}},{"type":"Feature","geometry":{"type":"MultiLineString","coordinates":[[[-97.90603640506913,30.103523173730302],[-97.89661483035184,30.114929099280424]]]},"properties":{"layer":"fault","fault_type":"Normal"}},{"type":"Feature","geometry":{"type":"MultiLineString","coordinates":[[[-97.90451,30.11296],[-97.89578,30.11546]]]},"properties":{"layer":"fault","fault_type":"Normal"}},{"type":"Feature","geometry":{"type":"MultiLineString","coordinates":[[[-97.90823742034735,30.108907926003344],[-97.90324974841279,30.110877440172438]]]},"properties":{"layer":"fault","fault_type":"Normal"}},{"type":"Feature","geometry":{"type":"MultiLineString","coordinates":[[[-97.90324974841279,30.110877440172438],[-97.90450507215712,30.11296433300662]]]},"properties":{"layer":"fault","fault_type":"Normal"}},{"type":"Feature","geometry":{"type":"MultiLineString","coordinates":[[[-97.89992254939885,30.114241480755],[-97.90268827980064,30.116950278842253]]]},"properties":{"layer":"fault","fault_type":"Normal"}},{"type":"Feature","geometry":{"type":"MultiLineString","coordinates":[[[-97.89992,30.11424],[-97.89772,30.11825],[-97.89885,30.12027]]]},"properties":{"layer":"fault","fault_type":"Normal"}},{"type":"Feature","geometry":{"type":"MultiLineString","coordinates":[[[-97.67994,30.31927],[-97.66653,30.3264],[-97.64302,30.36623],[-97.63259,30.38083],[-97.61655,30.41373],[-97.60179,30.43578],[-97.59571,30.44717],[-97.59103,30.46032]]]},"properties":{"layer":"fault","fault_type":"Normal"}},{"type":"Feature","geometry":{"type":"MultiLineString","coordinates":[[[-97.6972,30.31915],[-97.68691,30.32626],[-97.66996,30.34111],[-97.66084,30.351],[-97.65437,30.36038]]]},"properties":{"layer":"fault","fault_type":"Normal"}},{"type":"Feature","geometry":{"type":"MultiLineString","coordinates":[[[-97.70037,30.33399],[-97.69433,30.34345]]]},"properties":{"layer":"fault","fault_type":"Inferred Normal"}},{"type":"Feature","geometry":{"type":"MultiLineString","coordinates":[[[-97.69433,30.34345],[-97.66105,30.40616],[-97.63623,30.4359]]]},"properties":{"layer":"fault","fault_type":"Normal"}},{"type":"Feature","geometry":{"type":"MultiLineString","coordinates":[[[-97.63623,30.4359],[-97.63036,30.44343]]]},"properties":{"layer":"fault","fault_type":"Inferred Normal"}},{"type":"Feature","geometry":{"type":"MultiLineString","coordinates":[[[-97.84599,30.43134],[-97.83191,30.42931]]]},"properties":{"layer":"fault","fault_type":"Concealed Normal"}},{"type":"Feature","geometry":{"type":"MultiLineString","coordinates":[[[-97.87771,30.45309],[-97.86885,30.46873],[-97.85654,30.48007],[-97.84056,30.49194]]]},"properties":{"layer":"fault","fault_type":"Normal"}},{"type":"Feature","geometry":{"type":"MultiLineString","coordinates":[[[-97.84056,30.49194],[-97.83351,30.49933]]]},"properties":{"layer":"fault","fault_type":"Inferred Normal"}},{"type":"Feature","geometry":{"type":"MultiLineString","coordinates":[[[-97.83227,30.47399],[-97.82863,30.48925],[-97.81953,30.50841],[-97.8109,30.52081],[-97.7881,30.54851]]]},"properties":{"layer":"fault","fault_type":"Normal"}},{"type":"Feature","geometry":{"type":"MultiLineString","coordinates":[[[-97.81565,30.51381],[-97.8382,30.52461]]]},"properties":{"layer":"fault","fault_type":"Concealed Normal"}},{"type":"Feature","geometry":{"type":"MultiLineString","coordinates":[[[-97.78364,30.55454],[-97.76357,30.5768]]]},"properties":{"layer":"fault","fault_type":"Normal"}},{"type":"Feature","geometry":{"type":"MultiLineString","coordinates":[[[-97.7635665528718,30.576799964393434],[-97.7574800976143,30.584091900390476]]]},"properties":{"layer":"fault","fault_type":"Inferred Normal"}},{"type":"Feature","geometry":{"type":"MultiLineString","coordinates":[[[-97.92032229955774,30.565332556475937],[-97.9322495603684,30.57313572763413]]]},"properties":{"layer":"fault","fault_type":"Concealed Normal"}},{"type":"Feature","geometry":{"type":"MultiLineString","coordinates":[[[-97.87014,30.59977],[-97.87001,30.61816]]]},"properties":{"layer":"fault","fault_type":"Normal"}},{"type":"Feature","geometry":{"type":"MultiLineString","coordinates":[[[-97.8666,30.62948],[-97.86076,30.64685]]]},"properties":{"layer":"fault","fault_type":"Normal"}},{"type":"Feature","geometry":{"type":"MultiLineString","coordinates":[[[-97.85818,30.65215],[-97.85144,30.66448],[-97.838,30.68048],[-97.83587,30.68656]]]},"properties":{"layer":"fault","fault_type":"Normal"}},{"type":"Feature","geometry":{"type":"MultiLineString","coordinates":[[[-97.83056,30.6948],[-97.82389,30.70756],[-97.80049,30.73406],[-97.78924,30.74969],[-97.78189,30.75644],[-97.77611,30.76732]]]},"properties":{"layer":"fault","fault_type":"Normal"}},{"type":"Feature","geometry":{"type":"MultiLineString","coordinates":[[[-97.79425,30.73431],[-97.78226,30.75117],[-97.77055,30.75919],[-97.76329,30.76764]]]},"properties":{"layer":"fault","fault_type":"Normal"}},{"type":"Feature","geometry":{"type":"MultiLineString","coordinates":[[[-97.82319,30.70838],[-97.81502,30.72494],[-97.81267,30.73294]]]},"properties":{"layer":"fault","fault_type":"Normal"}},{"type":"Feature","geometry":{"type":"MultiLineString","coordinates":[[[-97.82275,30.69762],[-97.82147,30.7104]]]},"properties":{"layer":"fault","fault_type":"Normal"}},{"type":"Feature","geometry":{"type":"MultiLineString","coordinates":[[[-97.77448,30.77015],[-97.76514,30.78628],[-97.76067,30.79819]]]},"properties":{"layer":"fault","fault_type":"Normal"}},{"type":"Feature","geometry":{"type":"MultiLineString","coordinates":[[[-97.76067,30.79819],[-97.75707,30.80593]]]},"properties":{"layer":"fault","fault_type":"Inferred Normal"}},{"type":"Feature","geometry":{"type":"MultiLineString","coordinates":[[[-97.78223,30.69986],[-97.78143,30.70882]]]},"properties":{"layer":"fault","fault_type":"Inferred Normal"}},{"type":"Feature","geometry":{"type":"MultiLineString","coordinates":[[[-97.78143,30.70882],[-97.77915,30.72042],[-97.77568,30.72773]]]},"properties":{"layer":"fault","fault_type":"Normal"}},{"type":"Feature","geometry":{"type":"MultiLineString","coordinates":[[[-97.76733,30.73739],[-97.75569,30.75485]]]},"properties":{"layer":"fault","fault_type":"Normal"}},{"type":"Feature","geometry":{"type":"MultiLineString","coordinates":[[[-97.7592,30.74008],[-97.75647,30.74718],[-97.74724,30.75488]]]},"properties":{"layer":"fault","fault_type":"Normal"}},{"type":"Feature","geometry":{"type":"MultiLineString","coordinates":[[[-97.73283,30.73153],[-97.72812,30.74037]]]},"properties":{"layer":"fault","fault_type":"Inferred Normal"}},{"type":"Feature","geometry":{"type":"MultiLineString","coordinates":[[[-97.72812,30.74037],[-97.7208,30.75263],[-97.70369,30.77029],[-97.69461,30.78973],[-97.69003,30.80503],[-97.68934,30.81136]]]},"properties":{"layer":"fault","fault_type":"Normal"}},{"type":"Feature","geometry":{"type":"MultiLineString","coordinates":[[[-97.75345,30.76629],[-97.72897,30.78659]]]},"properties":{"layer":"fault","fault_type":"Normal"}},{"type":"Feature","geometry":{"type":"MultiLineString","coordinates":[[[-97.71708,30.78206],[-97.72113,30.77362]]]},"properties":{"layer":"fault","fault_type":"Inferred Normal"}},{"type":"Feature","geometry":{"type":"MultiLineString","coordinates":[[[-97.68397,30.82709],[-97.657,30.85148]],[[-97.68814,30.82284],[-97.72652,30.78336],[-97.74375,30.75903]]]},"properties":{"layer":"fault","fault_type":"Normal"}},{"type":"Feature","geometry":{"type":"MultiLineString","coordinates":[[[-97.65873,30.84997],[-97.66115,30.8455],[-97.66725,30.83972],[-97.68088,30.81905],[-97.69096,30.80983],[-97.70066,30.79652],[-97.71497,30.78518],[-97.71708,30.78206]]]},"properties":{"layer":"fault","fault_type":"Normal"}},{"type":"Feature","geometry":{"type":"MultiLineString","coordinates":[[[-97.67131,30.52709],[-97.66962,30.5319],[-97.66441,30.53837],[-97.64897,30.55285],[-97.64085,30.59508],[-97.63116,30.62428]]]},"properties":{"layer":"fault","fault_type":"Normal"}},{"type":"Feature","geometry":{"type":"MultiLineString","coordinates":[[[-97.62351,30.63957],[-97.61981,30.65341],[-97.61364,30.66628]]]},"properties":{"layer":"fault","fault_type":"Normal"}},{"type":"Feature","geometry":{"type":"MultiLineString","coordinates":[[[-97.61374,30.68533],[-97.61428,30.68732]]]},"properties":{"layer":"fault","fault_type":"Normal"}},{"type":"Feature","geometry":{"type":"MultiLineString","coordinates":[[[-97.60902,30.68994],[-97.60405,30.70177]]]},"properties":{"layer":"fault","fault_type":"Normal"}},{"type":"Feature","geometry":{"type":"MultiLineString","coordinates":[[[-97.71044,30.52375],[-97.69129,30.55085],[-97.68303,30.56578],[-97.6805,30.57652],[-97.67211,30.59425]]]},"properties":{"layer":"fault","fault_type":"Normal"}},{"type":"Feature","geometry":{"type":"MultiLineString","coordinates":[[[-97.70699,30.54474],[-97.6934,30.57109],[-97.68973,30.5915],[-97.68267,30.61096],[-97.6823,30.61998],[-97.67825,30.64484],[-97.67226,30.66124]]]},"properties":{"layer":"fault","fault_type":"Normal"}},{"type":"Feature","geometry":{"type":"MultiLineString","coordinates":[[[-97.70737,30.55376],[-97.69945,30.57016],[-97.69776,30.58687],[-97.69448,30.59891],[-97.68232,30.61912]]]},"properties":{"layer":"fault","fault_type":"Normal"}},{"type":"Feature","geometry":{"type":"MultiLineString","coordinates":[[[-97.64287,30.70671],[-97.63473,30.74101]]]},"properties":{"layer":"fault","fault_type":"Normal"}},{"type":"Feature","geometry":{"type":"MultiLineString","coordinates":[[[-97.64801,30.72374],[-97.63235,30.74432],[-97.61951,30.76474]]]},"properties":{"layer":"fault","fault_type":"Normal"}},{"type":"Feature","geometry":{"type":"MultiLineString","coordinates":[[[-97.63288,30.79218],[-97.63811,30.78852],[-97.65108,30.77197]],[[-97.67554,30.72939],[-97.66965,30.74014],[-97.65984,30.75197],[-97.65124,30.77101]]]},"properties":{"layer":"fault","fault_type":"Normal"}},{"type":"Feature","geometry":{"type":"MultiLineString","coordinates":[[[-97.65391,30.75157],[-97.64202,30.75982]]]},"properties":{"layer":"fault","fault_type":"Normal"}},{"type":"Feature","geometry":{"type":"MultiLineString","coordinates":[[[-97.65618,30.74341],[-97.64982,30.77854],[-97.64435,30.79373],[-97.6176,30.8374],[-97.59651,30.85764],[-97.56922,30.89025]]]},"properties":{"layer":"fault","fault_type":"Normal"}},{"type":"Feature","geometry":{"type":"MultiLineString","coordinates":[[[-97.6518,30.76543],[-97.62662,30.80098],[-97.61573,30.81922],[-97.60027,30.83578],[-97.5913,30.85306]]]},"properties":{"layer":"fault","fault_type":"Normal"}},{"type":"Feature","geometry":{"type":"MultiLineString","coordinates":[[[-97.67202734776598,30.001550777888895],[-97.66962083837493,30.006358676747908]]]},"properties":{"layer":"fault","fault_type":"Inferred Normal"}},{"type":"Feature","geometry":{"type":"MultiLineString","coordinates":[[[-97.66808691561995,30.000717886857],[-97.66764110240571,30.006922046693706]]]},"properties":{"layer":"fault","fault_type":"Inferred Normal"}}]}
