{"features":[{"geometry":{"coordinates":[-102.508611,36.124167],"type":"Point"},"properties":{"aquifer":"Ogallala","aquifer_type":"Unconfined","county":"Dallam","entity":"Texas Water Development Board","status":"Active","well_number":"0260303"},"type":"Feature"},{"geometry":{"coordinates":[-101.740636,36.326294],"type":"Point"},"properties":{"aquifer":"Ogallala","aquifer_type":"Unconfined","county":"Sherman","entity":"Texas Water Development Board","status":"Active","well_number":"0343406"},"type":"Feature"},{"geometry":{"coordinates":[-101.262,36.243219],"type":"Point"},"properties":{"aquifer":"Ogallala","aquifer_type":"Unconfined","county":"Hansford","entity":"Texas Water Development Board","status":"Active","well_number":"0354301"},"type":"Feature"},{"geometry":{"coordinates":[-101.261906,36.242819],"type":"Point"},"properties":{"aquifer":"Ogallala","aquifer_type":"Unconfined","county":"Hansford","entity":"Texas Water Development Board","status":"Active","well_number":"0354304"},"type":"Feature"},{"geometry":{"coordinates":[-100.399167,36.039444],"type":"Point"},"properties":{"aquifer":"Ogallala","aquifer_type":"Unconfined","county":"Hemphill","entity":"Texas Water Development Board","status":"Active","well_number":"0461902"},"type":"Feature"},{"geometry":{"coordinates":[-100.74,35.889167],"type":"Point"},"properties":{"aquifer":"Ogallala","aquifer_type":"Unconfined","county":"Roberts","entity":"Panhandle GCD","status":"Active","well_number":"0503709"},"type":"Feature"},{"geometry":{"coordinates":[-100.928333,35.822778],"type":"Point"},"properties":{"aquifer":"Ogallala","aquifer_type":"Unconfined","county":"Roberts","entity":"Texas Water Development Board","status":"Active","well_number":"0509553"},"type":"Feature"},{"geometry":{"coordinates":[-100.775833,35.769167],"type":"Point"},"properties":{"aquifer":"Ogallala","aquifer_type":"Unconfined","county":"Roberts","entity":"Panhandle GCD","status":"Active","well_number":"0510953"},"type":"Feature"},{"geometry":{"coordinates":[-100.935,35.723333],"type":"Point"},"properties":{"aquifer":"Ogallala","aquifer_type":"Unconfined","county":"Roberts","entity":"Texas Water Development Board","status":"Active","well_number":"0517203"},"type":"Feature"},{"geometry":{"coordinates":[-100.539739,35.65],"type":"Point"},"properties":{"aquifer":"Ogallala","aquifer_type":"Unconfined","county":"Hemphill","entity":"Texas Water Development Board","status":"Active","well_number":"0520903"},"type":"Feature"},{"geometry":{"coordinates":[-100.83,35.570556],"type":"Point"},"properties":{"aquifer":"Ogallala","aquifer_type":"Unconfined","county":"Gray","entity":"Panhandle GCD","status":"Active","well_number":"0526501"},"type":"Feature"},{"geometry":{"coordinates":[-100.434167,35.574444],"type":"Point"},"properties":{"aquifer":"Ogallala","aquifer_type":"Unconfined","county":"Wheeler","entity":"Panhandle GCD","status":"Active","well_number":"0529505"},"type":"Feature"},{"geometry":{"coordinates":[-100.464478,35.539169],"type":"Point"},"properties":{"aquifer":"Ogallala","aquifer_type":"Unconfined","county":"Wheeler","entity":"Texas Water Development Board","status":"Inactive","well_number":"0529711"},"type":"Feature"},{"geometry":{"coordinates":[-100.126911,35.379889],"type":"Point"},"properties":{"aquifer":"Other","aquifer_type":"Unconfined","county":"Wheeler","entity":"Panhandle GCD","status":"Inactive","well_number":"0539904"},"type":"Feature"},{"geometry":{"coordinates":[-100.1151,35.373169],"type":"Point"},"properties":{"aquifer":"Ogallala","aquifer_type":"Unconfined","county":"Wheeler","entity":"Panhandle GCD","status":"Active","well_number":"0548121"},"type":"Feature"},{"geometry":{"coordinates":[-101.721667,35.9075],"type":"Point"},"properties":{"aquifer":"Ogallala","aquifer_type":"Unconfined","county":"Moore","entity":"Texas Water Development Board","status":"Active","well_number":"0603701"},"type":"Feature"},{"geometry":{"coordinates":[-101.091944,35.781111],"type":"Point"},"properties":{"aquifer":"Ogallala","aquifer_type":"Unconfined","county":"Hutchinson","entity":"Panhandle GCD","status":"Active","well_number":"0616702"},"type":"Feature"},{"geometry":{"coordinates":[-101.64,35.413611],"type":"Point"},"properties":{"aquifer":"Ogallala/Dockum","aquifer_type":"Unconfined","county":"Potter","entity":"Panhandle GCD","status":"Active","well_number":"0635912"},"type":"Feature"},{"geometry":{"coordinates":[-101.530278,35.426389],"type":"Point"},"properties":{"aquifer":"Ogallala","aquifer_type":"Unconfined","county":"Carson","entity":"Texas Water Development Board","status":"Inactive","well_number":"0636602"},"type":"Feature"},{"geometry":{"coordinates":[-101.486944,35.383333],"type":"Point"},"properties":{"aquifer":"Ogallala","aquifer_type":"Unconfined","county":"Carson","entity":"U.S. Geological Survey","status":"Active","well_number":"0637710"},"type":"Feature"},{"geometry":{"coordinates":[-101.612222,35.367778],"type":"Point"},"properties":{"aquifer":"Ogallala","aquifer_type":"Unconfined","county":"Carson","entity":"Texas Water Development Board","status":"Inactive","well_number":"0644102"},"type":"Feature"},{"geometry":{"coordinates":[-101.394722,35.366667],"type":"Point"},"properties":{"aquifer":"Ogallala","aquifer_type":"Unconfined","county":"Carson","entity":"Panhandle GCD","status":"Inactive","well_number":"0645305"},"type":"Feature"},{"geometry":{"coordinates":[-101.301944,35.268611],"type":"Point"},"properties":{"aquifer":"Ogallala","aquifer_type":"Unconfined","county":"Carson","entity":"Panhandle GCD","status":"Active","well_number":"0646805"},"type":"Feature"},{"geometry":{"coordinates":[-101.507501,35.176944],"type":"Point"},"properties":{"aquifer":"Ogallala","aquifer_type":"Unconfined","county":"Armstrong","entity":"Panhandle GCD","status":"Inactive","well_number":"0652603"},"type":"Feature"},{"geometry":{"coordinates":[-101.496667,35.174444],"type":"Point"},"properties":{"aquifer":"Ogallala","aquifer_type":"Unconfined","county":"Armstrong","entity":"Panhandle GCD","status":"Active","well_number":"0653401"},"type":"Feature"},{"geometry":{"coordinates":[-101.169167,35.181111],"type":"Point"},"properties":{"aquifer":"Ogallala","aquifer_type":"Unconfined","county":"Armstrong","entity":"Panhandle GCD","status":"Active","well_number":"0655504"},"type":"Feature"},{"geometry":{"coordinates":[-102.613789,35.805897],"type":"Point"},"properties":{"aquifer":"Ogallala","aquifer_type":"Unconfined","county":"Hartley","entity":"Texas Water Development Board","status":"Active","well_number":"0712401"},"type":"Feature"},{"geometry":{"coordinates":[-102.528047,34.895467],"type":"Point"},"properties":{"aquifer":"Ogallala","aquifer_type":"Unconfined","county":"Deaf Smith","entity":"Texas Water Development Board","status":"Active","well_number":"1004901"},"type":"Feature"},{"geometry":{"coordinates":[-102.658419,34.146536],"type":"Point"},"properties":{"aquifer":"Ogallala","aquifer_type":"Unconfined","county":"Bailey","entity":"Texas Water Development Board","status":"Active","well_number":"1051909"},"type":"Feature"},{"geometry":{"coordinates":[-102.404044,34.169522],"type":"Point"},"properties":{"aquifer":"Ogallala","aquifer_type":"Unconfined","county":"Lamb","entity":"Texas Water Development Board","status":"Active","well_number":"1053602"},"type":"Feature"},{"geometry":{"coordinates":[-101.758494,34.354583],"type":"Point"},"properties":{"aquifer":"Ogallala","aquifer_type":"Unconfined","county":"Swisher","entity":"Texas Water Development Board","status":"Active","well_number":"1142315"},"type":"Feature"},{"geometry":{"coordinates":[-101.727222,34.192222],"type":"Point"},"properties":{"aquifer":"Ogallala","aquifer_type":"Unconfined","county":"Hale","entity":"Texas Water Development Board","status":"Active","well_number":"1151403"},"type":"Feature"},{"geometry":{"coordinates":[-100.781111,34.910001],"type":"Point"},"properties":{"aquifer":"Ogallala","aquifer_type":"Unconfined","county":"Donley","entity":"Panhandle GCD","status":"Inactive","well_number":"1202959"},"type":"Feature"},{"geometry":{"coordinates":[-100.729167,34.977778],"type":"Point"},"properties":{"aquifer":"Ogallala","aquifer_type":"Unconfined","county":"Donley","entity":"Panhandle GCD","status":"Inactive","well_number":"1203112"},"type":"Feature"},{"geometry":{"coordinates":[-100.605556,34.939444],"type":"Point"},"properties":{"aquifer":"Ogallala","aquifer_type":"Unconfined","county":"Donley","entity":"Panhandle GCD","status":"Active","well_number":"1204452"},"type":"Feature"},{"geometry":{"coordinates":[-100.720833,34.873333],"type":"Point"},"properties":{"aquifer":"Ogallala","aquifer_type":"Unconfined","county":"Donley","entity":"Panhandle GCD","status":"Inactive","well_number":"1211118"},"type":"Feature"},{"geometry":{"coordinates":[-100.711111,34.87],"type":"Point"},"properties":{"aquifer":"Ogallala","aquifer_type":"Unconfined","county":"Donley","entity":"Panhandle GCD","status":"Active","well_number":"1211128"},"type":"Feature"},{"geometry":{"coordinates":[-95.788175,33.833747],"type":"Point"},"properties":{"aquifer":"Other","aquifer_type":"Unconfined","county":"Lamar","entity":"U.S. Geological Survey","status":"Inactive","well_number":"1710301"},"type":"Feature"},{"geometry":{"coordinates":[-95.409536,33.841583],"type":"Point"},"properties":{"aquifer":"Other","aquifer_type":"Unconfined","county":"Lamar","entity":"U.S. Geological Survey","status":"Inactive","well_number":"1713303"},"type":"Feature"},{"geometry":{"coordinates":[-96.657778,33.710556],"type":"Point"},"properties":{"aquifer":"Woodbine","aquifer_type":"Confined","county":"Grayson","entity":"Texas Water Development Board","status":"Active","well_number":"1819301"},"type":"Feature"},{"geometry":{"coordinates":[-97.948228,33.602672],"type":"Point"},"properties":{"aquifer":"Cross Timbers","aquifer_type":"Unconfined","county":"Montague","entity":"Texas Water Development Board","status":"Active","well_number":"1925206"},"type":"Feature"},{"geometry":{"coordinates":[-97.501333,33.220278],"type":"Point"},"properties":{"aquifer":"Trinity","aquifer_type":"Confined","county":"Wise","entity":"Texas Water Development Board","status":"Active","well_number":"1952309"},"type":"Feature"},{"geometry":{"coordinates":[-99.296667,33.631944],"type":"Point"},"properties":{"aquifer":"Seymour","aquifer_type":"Unconfined","county":"Baylor","entity":"Texas Water Development Board","status":"Active","well_number":"2122850"},"type":"Feature"},{"geometry":{"coordinates":[-99.864722,33.444444],"type":"Point"},"properties":{"aquifer":"Seymour","aquifer_type":"Unknown","county":"Knox","entity":"Texas Water Development Board","status":"Active","well_number":"2134448"},"type":"Feature"},{"geometry":{"coordinates":[-99.749167,33.391389],"type":"Point"},"properties":{"aquifer":"Seymour","aquifer_type":"Unconfined","county":"Haskell","entity":"Texas Water Development Board","status":"Active","well_number":"2135748"},"type":"Feature"},{"geometry":{"coordinates":[-101.848333,33.829167],"type":"Point"},"properties":{"aquifer":"Edwards-Trinity (High Plains)","aquifer_type":"Unconfined","county":"Hale","entity":"Texas Water Development Board","status":"Active","well_number":"2310401"},"type":"Feature"},{"geometry":{"coordinates":[-101.6125,33.795556],"type":"Point"},"properties":{"aquifer":"Ogallala","aquifer_type":"Unconfined","county":"Lubbock","entity":"Texas Water Development Board","status":"Active","well_number":"2312401"},"type":"Feature"},{"geometry":{"coordinates":[-101.341742,33.587675],"type":"Point"},"properties":{"aquifer":"Ogallala","aquifer_type":"Unconfined","county":"Crosby","entity":"Texas Water Development Board","status":"Inactive","well_number":"2330103"},"type":"Feature"},{"geometry":{"coordinates":[-102.291069,33.065978],"type":"Point"},"properties":{"aquifer":"Ogallala","aquifer_type":"Unconfined","county":"Terry","entity":"Texas Water Development Board","status":"Inactive","well_number":"2462601"},"type":"Feature"},{"geometry":{"coordinates":[-102.291478,33.064317],"type":"Point"},"properties":{"aquifer":"Ogallala","aquifer_type":"Unconfined","county":"Terry","entity":"Texas Water Development Board","status":"Active","well_number":"2462603"},"type":"Feature"},{"geometry":{"coordinates":[-102.147778,32.386667],"type":"Point"},"properties":{"aquifer":"Ogallala","aquifer_type":"Unconfined","county":"Martin","entity":"Texas Water Development Board","status":"Active","well_number":"2739903"},"type":"Feature"},{"geometry":{"coordinates":[-101.636606,32.929556],"type":"Point"},"properties":{"aquifer":"Ogallala","aquifer_type":"Unconfined","county":"Borden","entity":"Texas Water Development Board","status":"Active","well_number":"2803601"},"type":"Feature"},{"geometry":{"coordinates":[-101.984445,32.725278],"type":"Point"},"properties":{"aquifer":"Ogallala","aquifer_type":"Unconfined","county":"Dawson","entity":"Texas Water Development Board","status":"Inactive","well_number":"2817119"},"type":"Feature"},{"geometry":{"coordinates":[-101.881389,32.575],"type":"Point"},"properties":{"aquifer":"Ogallala","aquifer_type":"Unconfined","county":"Dawson","entity":"Texas Water Development Board","status":"Active","well_number":"2825604"},"type":"Feature"},{"geometry":{"coordinates":[-98.180578,32.19845],"type":"Point"},"properties":{"aquifer":"Trinity","aquifer_type":"Unconfined","county":"Erath","entity":"Texas Water Development Board","status":"Active","well_number":"3155504"},"type":"Feature"},{"geometry":{"coordinates":[-97.715944,32.970417],"type":"Point"},"properties":{"aquifer":"Trinity","aquifer_type":"Unknown","county":"Parker","entity":"Texas Water Development Board","status":"Active","well_number":"3203103"},"type":"Feature"},{"geometry":{"coordinates":[-97.715889,32.970417],"type":"Point"},"properties":{"aquifer":"Trinity","aquifer_type":"Unconfined","county":"Parker","entity":"Texas Water Development Board","status":"Active","well_number":"3203104"},"type":"Feature"},{"geometry":{"coordinates":[-97.174722,32.812223],"type":"Point"},"properties":{"aquifer":"Trinity","aquifer_type":"Confined","county":"Tarrant","entity":"Texas Water Development Board","status":"Inactive","well_number":"3215504"},"type":"Feature"},{"geometry":{"coordinates":[-97.615464,32.528417],"type":"Point"},"properties":{"aquifer":"Trinity","aquifer_type":"Confined","county":"Johnson","entity":"Prairielands GCD","status":"Active","well_number":"3228703"},"type":"Feature"},{"geometry":{"coordinates":[-97.160694,32.514111],"type":"Point"},"properties":{"aquifer":"Woodbine","aquifer_type":"Confined","county":"Johnson","entity":"Prairielands GCD","status":"Active","well_number":"3231906"},"type":"Feature"},{"geometry":{"coordinates":[-97.388056,32.471667],"type":"Point"},"properties":{"aquifer":"Trinity","aquifer_type":"Unconfined","county":"Johnson","entity":"Prairielands GCD","status":"Active","well_number":"3237315"},"type":"Feature"},{"geometry":{"coordinates":[-97.100017,32.407278],"type":"Point"},"properties":{"aquifer":"Trinity","aquifer_type":"Unknown","county":"Johnson","entity":"Prairielands GCD","status":"Active","well_number":"3240703"},"type":"Feature"},{"geometry":{"coordinates":[-97.100278,32.407222],"type":"Point"},"properties":{"aquifer":"Woodbine","aquifer_type":"Unknown","county":"Johnson","entity":"Prairielands GCD","status":"Active","well_number":"3240704"},"type":"Feature"},{"geometry":{"coordinates":[-97.7834,32.318217],"type":"Point"},"properties":{"aquifer":"Trinity","aquifer_type":"Unconfined","county":"Hood","entity":"Texas Water Development Board","status":"Active","well_number":"3242604"},"type":"Feature"},{"geometry":{"coordinates":[-97.809583,32.286444],"type":"Point"},"properties":{"aquifer":"Trinity","aquifer_type":"Unconfined","county":"Somervell","entity":"Prairielands GCD","status":"Active","well_number":"3242805"},"type":"Feature"},{"geometry":{"coordinates":[-97.764194,32.253222],"type":"Point"},"properties":{"aquifer":"Trinity","aquifer_type":"Unconfined","county":"Somervell","entity":"Prairielands GCD","status":"Active","well_number":"3242906"},"type":"Feature"},{"geometry":{"coordinates":[-97.772417,32.265222],"type":"Point"},"properties":{"aquifer":"Trinity","aquifer_type":"Unconfined","county":"Somervell","entity":"Prairielands GCD","status":"Active","well_number":"3242907"},"type":"Feature"},{"geometry":{"coordinates":[-97.344167,32.316389],"type":"Point"},"properties":{"aquifer":"Trinity","aquifer_type":"Unconfined","county":"Johnson","entity":"Prairielands GCD","status":"Active","well_number":"3246403"},"type":"Feature"},{"geometry":{"coordinates":[-97.032117,32.318233],"type":"Point"},"properties":{"aquifer":"Trinity","aquifer_type":"Confined","county":"Ellis","entity":"Prairielands GCD","status":"Active","well_number":"3248607"},"type":"Feature"},{"geometry":{"coordinates":[-97.8285,32.239278],"type":"Point"},"properties":{"aquifer":"Trinity","aquifer_type":"Unconfined","county":"Somervell","entity":"Prairielands GCD","status":"Active","well_number":"3250201"},"type":"Feature"},{"geometry":{"coordinates":[-97.747011,32.227917],"type":"Point"},"properties":{"aquifer":"Trinity","aquifer_type":"Unconfined","county":"Somervell","entity":"Prairielands GCD","status":"Active","well_number":"3251105"},"type":"Feature"},{"geometry":{"coordinates":[-96.750278,32.746389],"type":"Point"},"properties":{"aquifer":"Trinity","aquifer_type":"Confined","county":"Dallas","entity":"Texas Water Development Board","status":"Active","well_number":"3319101"},"type":"Feature"},{"geometry":{"coordinates":[-96.956944,32.588333],"type":"Point"},"properties":{"aquifer":"Trinity","aquifer_type":"Confined","county":"Dallas","entity":"Texas Water Development Board","status":"Active","well_number":"3325202"},"type":"Feature"},{"geometry":{"coordinates":[-96.955375,32.538792],"type":"Point"},"properties":{"aquifer":"Woodbine","aquifer_type":"Confined","county":"Ellis","entity":"Prairielands GCD","status":"Inactive","well_number":"3325803"},"type":"Feature"},{"geometry":{"coordinates":[-96.813278,32.536511],"type":"Point"},"properties":{"aquifer":"Woodbine","aquifer_type":"Confined","county":"Ellis","entity":"Prairielands GCD","status":"Active","well_number":"3326822"},"type":"Feature"},{"geometry":{"coordinates":[-96.954528,32.496697],"type":"Point"},"properties":{"aquifer":"Trinity","aquifer_type":"Confined","county":"Ellis","entity":"Prairielands GCD","status":"Active","well_number":"3333203"},"type":"Feature"},{"geometry":{"coordinates":[-96.890278,32.478056],"type":"Point"},"properties":{"aquifer":"Trinity","aquifer_type":"Confined","county":"Ellis","entity":"Prairielands GCD","status":"Active","well_number":"3333304"},"type":"Feature"},{"geometry":{"coordinates":[-96.829778,32.466486],"type":"Point"},"properties":{"aquifer":"Trinity","aquifer_type":"Confined","county":"Ellis","entity":"Prairielands GCD","status":"Active","well_number":"3334207"},"type":"Feature"},{"geometry":{"coordinates":[-96.829875,32.466431],"type":"Point"},"properties":{"aquifer":"Woodbine","aquifer_type":"Confined","county":"Ellis","entity":"Prairielands GCD","status":"Active","well_number":"3334209"},"type":"Feature"},{"geometry":{"coordinates":[-95.262778,32.531667],"type":"Point"},"properties":{"aquifer":"Carrizo-Wilcox","aquifer_type":"Confined","county":"Smith","entity":"Texas Water Development Board","status":"Active","well_number":"3430907"},"type":"Feature"},{"geometry":{"coordinates":[-94.875278,32.298056],"type":"Point"},"properties":{"aquifer":"Carrizo-Wilcox","aquifer_type":"Confined","county":"Rusk","entity":"Texas Water Development Board","status":"Active","well_number":"3541604"},"type":"Feature"},{"geometry":{"coordinates":[-94.646944,32.271111],"type":"Point"},"properties":{"aquifer":"Carrizo-Wilcox","aquifer_type":"Unconfined","county":"Rusk","entity":"Rusk County GCD","status":"Active","well_number":"3543906"},"type":"Feature"},{"geometry":{"coordinates":[-94.520833,32.166894],"type":"Point"},"properties":{"aquifer":"Carrizo-Wilcox","aquifer_type":"Unconfined","county":"Panola","entity":"Texas Water Development Board","status":"Active","well_number":"3552602"},"type":"Feature"},{"geometry":{"coordinates":[-94.874167,32.078611],"type":"Point"},"properties":{"aquifer":"Carrizo-Wilcox","aquifer_type":"Unconfined","county":"Rusk","entity":"Rusk County GCD","status":"Active","well_number":"3558405"},"type":"Feature"},{"geometry":{"coordinates":[-94.770278,31.893889],"type":"Point"},"properties":{"aquifer":"Carrizo-Wilcox","aquifer_type":"Confined","county":"Rusk","entity":"Rusk County GCD","status":"Active","well_number":"3702905"},"type":"Feature"},{"geometry":{"coordinates":[-94.765469,31.779544],"type":"Point"},"properties":{"aquifer":"Carrizo-Wilcox","aquifer_type":"Confined","county":"Nacogdoches","entity":"Texas Water Development Board","status":"Active","well_number":"3710905"},"type":"Feature"},{"geometry":{"coordinates":[-94.867711,31.372769],"type":"Point"},"properties":{"aquifer":"Carrizo-Wilcox","aquifer_type":"Confined","county":"Angelina","entity":"Texas Water Development Board","status":"Active","well_number":"3742102"},"type":"Feature"},{"geometry":{"coordinates":[-95.496389,31.865833],"type":"Point"},"properties":{"aquifer":"Carrizo-Wilcox","aquifer_type":"Confined","county":"Anderson","entity":"Texas Water Development Board","status":"Active","well_number":"3813106"},"type":"Feature"},{"geometry":{"coordinates":[-97.179539,31.920822],"type":"Point"},"properties":{"aquifer":"Trinity","aquifer_type":"Confined","county":"Hill","entity":"Prairielands GCD","status":"Active","well_number":"4007502"},"type":"Feature"},{"geometry":{"coordinates":[-97.277806,31.818],"type":"Point"},"properties":{"aquifer":"Trinity","aquifer_type":"Confined","county":"Hill","entity":"Prairielands GCD","status":"Active","well_number":"4014602"},"type":"Feature"},{"geometry":{"coordinates":[-97.218028,31.853667],"type":"Point"},"properties":{"aquifer":"Trinity","aquifer_type":"Confined","county":"Hill","entity":"Prairielands GCD","status":"Active","well_number":"4015102"},"type":"Feature"},{"geometry":{"coordinates":[-97.799167,31.618889],"type":"Point"},"properties":{"aquifer":"Trinity","aquifer_type":"Confined","county":"Coryell","entity":"Texas Water Development Board","status":"Active","well_number":"4026201"},"type":"Feature"},{"geometry":{"coordinates":[-97.730833,31.432222],"type":"Point"},"properties":{"aquifer":"Trinity","aquifer_type":"Confined","county":"Coryell","entity":"Texas Water Development Board","status":"Active","well_number":"4035404"},"type":"Feature"},{"geometry":{"coordinates":[-97.198611,31.461944],"type":"Point"},"properties":{"aquifer":"Trinity","aquifer_type":"Confined","county":"McLennan","entity":"Texas Water Development Board","status":"Active","well_number":"4039204"},"type":"Feature"},{"geometry":{"coordinates":[-97.91,31.198056],"type":"Point"},"properties":{"aquifer":"Trinity","aquifer_type":"Unconfined","county":"Coryell","entity":"Texas Water Development Board","status":"Active","well_number":"4049601"},"type":"Feature"},{"geometry":{"coordinates":[-97.373517,31.131644],"type":"Point"},"properties":{"aquifer":"Trinity","aquifer_type":"Confined","county":"Bell","entity":"Clearwater UWCD","status":"Inactive","well_number":"4054701"},"type":"Feature"},{"geometry":{"coordinates":[-97.904167,31.066944],"type":"Point"},"properties":{"aquifer":"Trinity","aquifer_type":"Confined","county":"Bell","entity":"Texas Water Development Board","status":"Active","well_number":"4057601"},"type":"Feature"},{"geometry":{"coordinates":[-97.904167,31.066667],"type":"Point"},"properties":{"aquifer":"Trinity","aquifer_type":"Confined","county":"Bell","entity":"Texas Water Development Board","status":"Active","well_number":"4057602"},"type":"Feature"},{"geometry":{"coordinates":[-97.818056,31.111111],"type":"Point"},"properties":{"aquifer":"Trinity","aquifer_type":"Confined","county":"Bell","entity":"Clearwater UWCD","status":"Active","well_number":"4058201"},"type":"Feature"},{"geometry":{"coordinates":[-97.436417,31.079778],"type":"Point"},"properties":{"aquifer":"Trinity","aquifer_type":"Confined","county":"Bell","entity":"Clearwater UWCD","status":"Active","well_number":"4061509"},"type":"Feature"},{"geometry":{"coordinates":[-97.329642,31.051122],"type":"Point"},"properties":{"aquifer":"Trinity","aquifer_type":"Confined","county":"Bell","entity":"Clearwater UWCD","status":"Active","well_number":"4062501"},"type":"Feature"},{"geometry":{"coordinates":[-98.759558,31.862397],"type":"Point"},"properties":{"aquifer":"Trinity","aquifer_type":"Unknown","county":"Comanche","entity":"Texas Water Development Board","status":"Active","well_number":"4110321"},"type":"Feature"},{"geometry":{"coordinates":[-100.466444,31.499222],"type":"Point"},"properties":{"aquifer":"Lipan","aquifer_type":"Unconfined","county":"Tom Green","entity":"Texas Water Development Board","status":"Active","well_number":"4337101"},"type":"Feature"},{"geometry":{"coordinates":[-100.405653,31.374292],"type":"Point"},"properties":{"aquifer":"Lipan","aquifer_type":"Unconfined","county":"Tom Green","entity":"Texas Water Development Board","status":"Inactive","well_number":"4345306"},"type":"Feature"},{"geometry":{"coordinates":[-100.314444,31.350833],"type":"Point"},"properties":{"aquifer":"Lipan","aquifer_type":"Unconfined","county":"Tom Green","entity":"Texas Water Development Board","status":"Active","well_number":"4346217"},"type":"Feature"},{"geometry":{"coordinates":[-100.915278,31.014014],"type":"Point"},"properties":{"aquifer":"Edwards-Trinity Plateau","aquifer_type":"Unconfined","county":"Schleicher","entity":"Plateau UWC & SD","status":"Active","well_number":"4357905"},"type":"Feature"},{"geometry":{"coordinates":[-100.496111,31.007222],"type":"Point"},"properties":{"aquifer":"Edwards-Trinity Plateau","aquifer_type":"Unconfined","county":"Schleicher","entity":"Plateau UWC & SD","status":"Inactive","well_number":"4361706"},"type":"Feature"},{"geometry":{"coordinates":[-100.275,31.064444],"type":"Point"},"properties":{"aquifer":"Edwards-Trinity Plateau","aquifer_type":"Unconfined","county":"Schleicher","entity":"Plateau UWC & SD","status":"Active","well_number":"4362607"},"type":"Feature"},{"geometry":{"coordinates":[-101.535833,31.795278],"type":"Point"},"properties":{"aquifer":"Edwards-Trinity Plateau","aquifer_type":"Unconfined","county":"Glasscock","entity":"Texas Water Development Board","status":"Active","well_number":"4412611"},"type":"Feature"},{"geometry":{"coordinates":[-101.545603,31.639167],"type":"Point"},"properties":{"aquifer":"Edwards-Trinity Plateau","aquifer_type":"Unconfined","county":"Reagan","entity":"Texas Water Development Board","status":"Active","well_number":"4420854"},"type":"Feature"},{"geometry":{"coordinates":[-102.992375,31.539658],"type":"Point"},"properties":{"aquifer":"Dockum","aquifer_type":"Confined","county":"Ward","entity":"Texas Water Development Board","status":"Active","well_number":"4525713"},"type":"Feature"},{"geometry":{"coordinates":[-102.995011,31.541353],"type":"Point"},"properties":{"aquifer":"Pecos Valley","aquifer_type":"Unconfined","county":"Ward","entity":"Texas Water Development Board","status":"Inactive","well_number":"4525715"},"type":"Feature"},{"geometry":{"coordinates":[-102.810439,31.620033],"type":"Point"},"properties":{"aquifer":"Pecos Valley","aquifer_type":"Unconfined","county":"Ward","entity":"Texas Water Development Board","status":"Active","well_number":"4526203"},"type":"Feature"},{"geometry":{"coordinates":[-102.907222,31.056667],"type":"Point"},"properties":{"aquifer":"Edwards-Trinity Plateau","aquifer_type":"Unconfined","county":"Pecos","entity":"Middle Pecos GCD","status":"Inactive","well_number":"4557603"},"type":"Feature"},{"geometry":{"coordinates":[-102.235556,31.017222],"type":"Point"},"properties":{"aquifer":"Pecos Valley","aquifer_type":"Unconfined","county":"Pecos","entity":"Middle Pecos GCD","status":"Inactive","well_number":"4563705"},"type":"Feature"},{"geometry":{"coordinates":[-103.159722,31.758058],"type":"Point"},"properties":{"aquifer":"Pecos Valley","aquifer_type":"Unconfined","county":"Winkler","entity":"City of Wink","status":"Active","well_number":"4615924"},"type":"Feature"},{"geometry":{"coordinates":[-103.543889,31.324167],"type":"Point"},"properties":{"aquifer":"Pecos Valley","aquifer_type":"Unconfined","county":"Reeves","entity":"Texas Water Development Board","status":"Active","well_number":"4644501"},"type":"Feature"},{"geometry":{"coordinates":[-103.050089,31.290414],"type":"Point"},"properties":{"aquifer":"Pecos Valley","aquifer_type":"Unconfined","county":"Pecos","entity":"Texas Water Development Board","status":"Active","well_number":"4648806"},"type":"Feature"},{"geometry":{"coordinates":[-103.134722,31.183611],"type":"Point"},"properties":{"aquifer":"Pecos Valley/Dockum","aquifer_type":"Unconfined","county":"Pecos","entity":"Middle Pecos GCD","status":"Inactive","well_number":"4655603"},"type":"Feature"},{"geometry":{"coordinates":[-103.002628,31.209769],"type":"Point"},"properties":{"aquifer":"Pecos Valley","aquifer_type":"Unconfined","county":"Pecos","entity":"Middle Pecos GCD","status":"Inactive","well_number":"4656309"},"type":"Feature"},{"geometry":{"coordinates":[-103.926667,31.042222],"type":"Point"},"properties":{"aquifer":"Edwards-Trinity Plateau","aquifer_type":"Unconfined","county":"Reeves","entity":"Texas Water Development Board","status":"Active","well_number":"4657503"},"type":"Feature"},{"geometry":{"coordinates":[-103.321111,31.043611],"type":"Point"},"properties":{"aquifer":"Pecos Valley","aquifer_type":"Unconfined","county":"Pecos","entity":"Middle Pecos GCD","status":"Inactive","well_number":"4662501"},"type":"Feature"},{"geometry":{"coordinates":[-104.737694,31.124144],"type":"Point"},"properties":{"aquifer":"Other","aquifer_type":"Unconfined","county":"Culberson","entity":"Texas Water Development Board","status":"Active","well_number":"4759123"},"type":"Feature"},{"geometry":{"coordinates":[-104.683889,31.118333],"type":"Point"},"properties":{"aquifer":"West Texas Bolson/Other","aquifer_type":"Unconfined","county":"Culberson","entity":"Sul Ross State University","status":"Inactive","well_number":"4759212"},"type":"Feature"},{"geometry":{"coordinates":[-105.201961,31.943531],"type":"Point"},"properties":{"aquifer":"Bone Spring-Victorio Peak","aquifer_type":"Unconfined","county":"Hudspeth","entity":"Texas Water Development Board","status":"Active","well_number":"4807516"},"type":"Feature"},{"geometry":{"coordinates":[-105.130278,31.750001],"type":"Point"},"properties":{"aquifer":"Bone Spring-Victorio Peak","aquifer_type":"Unconfined","county":"Hudspeth","entity":"Sul Ross State University","status":"Inactive","well_number":"4815903"},"type":"Feature"},{"geometry":{"coordinates":[-106.605278,31.953611],"type":"Point"},"properties":{"aquifer":"Other","aquifer_type":"Unconfined","county":"El Paso","entity":"U.S. Geological Survey","status":"Inactive","well_number":"4904474"},"type":"Feature"},{"geometry":{"coordinates":[-106.605278,31.953611],"type":"Point"},"properties":{"aquifer":"Other","aquifer_type":"Unconfined","county":"El Paso","entity":"U.S. Geological Survey","status":"Inactive","well_number":"4904475"},"type":"Feature"},{"geometry":{"coordinates":[-106.605833,31.953889],"type":"Point"},"properties":{"aquifer":"Hueco-Mesilla Bolson","aquifer_type":"Unconfined","county":"El Paso","entity":"U.S. Geological Survey","status":"Active","well_number":"4904476"},"type":"Feature"},{"geometry":{"coordinates":[-106.605833,31.953889],"type":"Point"},"properties":{"aquifer":"Hueco-Mesilla Bolson","aquifer_type":"Unconfined","county":"El Paso","entity":"U.S. Geological Survey","status":"Inactive","well_number":"4904477"},"type":"Feature"},{"geometry":{"coordinates":[-106.414722,31.87],"type":"Point"},"properties":{"aquifer":"Hueco-Mesilla Bolson","aquifer_type":"Unconfined","county":"El Paso","entity":"Texas Water Development Board","status":"Active","well_number":"4913301"},"type":"Feature"},{"geometry":{"coordinates":[-106.191111,31.595833],"type":"Point"},"properties":{"aquifer":"Hueco-Mesilla Bolson","aquifer_type":"Unconfined","county":"El Paso","entity":"Texas Water Development Board","status":"Active","well_number":"4931201"},"type":"Feature"},{"geometry":{"coordinates":[-106.089847,31.489317],"type":"Point"},"properties":{"aquifer":"Hueco-Mesilla Bolson","aquifer_type":"Unconfined","county":"El Paso","entity":"Texas Water Development Board","status":"Active","well_number":"4940104"},"type":"Feature"},{"geometry":{"coordinates":[-104.760556,30.839445],"type":"Point"},"properties":{"aquifer":"West Texas Bolson","aquifer_type":"Unconfined","county":"Culberson","entity":"Sul Ross State University","status":"Inactive","well_number":"5110305"},"type":"Feature"},{"geometry":{"coordinates":[-104.028056,30.637222],"type":"Point"},"properties":{"aquifer":"Igneous","aquifer_type":"Unconfined","county":"Jeff Davis","entity":"Sul Ross State University","status":"Inactive","well_number":"5124901"},"type":"Feature"},{"geometry":{"coordinates":[-104.429783,30.518575],"type":"Point"},"properties":{"aquifer":"West Texas Bolson","aquifer_type":"Unconfined","county":"Presidio","entity":"Texas Water Development Board","status":"Active","well_number":"5129805"},"type":"Feature"},{"geometry":{"coordinates":[-104.016922,30.315475],"type":"Point"},"properties":{"aquifer":"Igneous","aquifer_type":"Unconfined","county":"Presidio","entity":"Sul Ross State University","status":"Inactive","well_number":"5148604"},"type":"Feature"},{"geometry":{"coordinates":[-104.037222,30.148056],"type":"Point"},"properties":{"aquifer":"Igneous","aquifer_type":"Unconfined","county":"Presidio","entity":"Texas Water Development Board","status":"Active","well_number":"5156902"},"type":"Feature"},{"geometry":{"coordinates":[-104.097222,30.063333],"type":"Point"},"properties":{"aquifer":"Igneous","aquifer_type":"Unconfined","county":"Presidio","entity":"Texas Water Development Board","status":"Active","well_number":"5164401"},"type":"Feature"},{"geometry":{"coordinates":[-103.270556,30.930278],"type":"Point"},"properties":{"aquifer":"Edwards-Trinity Plateau","aquifer_type":"Confined","county":"Pecos","entity":"Middle Pecos GCD","status":"Inactive","well_number":"5206604"},"type":"Feature"},{"geometry":{"coordinates":[-103.161111,30.983056],"type":"Point"},"properties":{"aquifer":"Edwards-Trinity Plateau","aquifer_type":"Confined","county":"Pecos","entity":"Middle Pecos GCD","status":"Inactive","well_number":"5207304"},"type":"Feature"},{"geometry":{"coordinates":[-103.135,30.915556],"type":"Point"},"properties":{"aquifer":"Edwards-Trinity Plateau","aquifer_type":"Confined","county":"Pecos","entity":"Middle Pecos GCD","status":"Inactive","well_number":"5207905"},"type":"Feature"},{"geometry":{"coordinates":[-103.046667,30.901111],"type":"Point"},"properties":{"aquifer":"Other","aquifer_type":"Unconfined","county":"Pecos","entity":"Middle Pecos GCD","status":"Inactive","well_number":"5208802"},"type":"Feature"},{"geometry":{"coordinates":[-103.015834,30.867778],"type":"Point"},"properties":{"aquifer":"Edwards-Trinity Plateau","aquifer_type":"Unconfined","county":"Pecos","entity":"Middle Pecos GCD","status":"Inactive","well_number":"5216311"},"type":"Feature"},{"geometry":{"coordinates":[-103.042925,30.791081],"type":"Point"},"properties":{"aquifer":"Edwards-Trinity Plateau","aquifer_type":"Unconfined","county":"Pecos","entity":"Texas Water Development Board","status":"Active","well_number":"5216802"},"type":"Feature"},{"geometry":{"coordinates":[-103.009167,30.786389],"type":"Point"},"properties":{"aquifer":"Edwards-Trinity Plateau","aquifer_type":"Unconfined","county":"Pecos","entity":"Middle Pecos GCD","status":"Inactive","well_number":"5216909"},"type":"Feature"},{"geometry":{"coordinates":[-103.031667,30.786667],"type":"Point"},"properties":{"aquifer":"Edwards-Trinity Plateau","aquifer_type":"Unconfined","county":"Pecos","entity":"Middle Pecos GCD","status":"Inactive","well_number":"5216911"},"type":"Feature"},{"geometry":{"coordinates":[-103.151667,30.7025],"type":"Point"},"properties":{"aquifer":"Edwards-Trinity Plateau","aquifer_type":"Unconfined","county":"Pecos","entity":"Middle Pecos GCD","status":"Inactive","well_number":"5223603"},"type":"Feature"},{"geometry":{"coordinates":[-103.943608,30.590633],"type":"Point"},"properties":{"aquifer":"Igneous","aquifer_type":"Unconfined","county":"Jeff Davis","entity":"Texas Water Development Board","status":"Active","well_number":"5225209"},"type":"Feature"},{"geometry":{"coordinates":[-103.928055,30.547778],"type":"Point"},"properties":{"aquifer":"Igneous","aquifer_type":"Unconfined","county":"Jeff Davis","entity":"Sul Ross State University","status":"Inactive","well_number":"5225509"},"type":"Feature"},{"geometry":{"coordinates":[-103.363928,30.621381],"type":"Point"},"properties":{"aquifer":"Edwards-Trinity Plateau","aquifer_type":"Unconfined","county":"Pecos","entity":"Middle Pecos GCD","status":"Active","well_number":"5230107"},"type":"Feature"},{"geometry":{"coordinates":[-103.753334,30.494445],"type":"Point"},"properties":{"aquifer":"Igneous/Other","aquifer_type":"Unconfined","county":"Jeff Davis","entity":"Sul Ross State University","status":"Inactive","well_number":"5234302"},"type":"Feature"},{"geometry":{"coordinates":[-103.72095,30.382003],"type":"Point"},"properties":{"aquifer":"Igneous/Other","aquifer_type":"Unconfined","county":"Brewster","entity":"Sul Ross State University","status":"Inactive","well_number":"5235710"},"type":"Feature"},{"geometry":{"coordinates":[-103.041111,30.356944],"type":"Point"},"properties":{"aquifer":"Other","aquifer_type":"Unconfined","county":"Brewster","entity":"Middle Pecos GCD","status":"Inactive","well_number":"5248301"},"type":"Feature"},{"geometry":{"coordinates":[-103.992114,30.189328],"type":"Point"},"properties":{"aquifer":"Igneous","aquifer_type":"Unconfined","county":"Presidio","entity":"Texas Water Development Board","status":"Active","well_number":"5249402"},"type":"Feature"},{"geometry":{"coordinates":[-102.923889,30.990278],"type":"Point"},"properties":{"aquifer":"Edwards-Trinity Plateau","aquifer_type":"Unconfined","county":"Pecos","entity":"Middle Pecos GCD","status":"Inactive","well_number":"5301209"},"type":"Feature"},{"geometry":{"coordinates":[-102.289167,30.899167],"type":"Point"},"properties":{"aquifer":"Edwards-Trinity Plateau","aquifer_type":"Unconfined","county":"Pecos","entity":"Middle Pecos GCD","status":"Inactive","well_number":"5306901"},"type":"Feature"},{"geometry":{"coordinates":[-102.892792,30.857878],"type":"Point"},"properties":{"aquifer":"Edwards-Trinity Plateau","aquifer_type":"Unconfined","county":"Pecos","entity":"U.S. Geological Survey","status":"Active","well_number":"5309301"},"type":"Feature"},{"geometry":{"coordinates":[-102.521847,30.843997],"type":"Point"},"properties":{"aquifer":"Edwards-Trinity Plateau","aquifer_type":"Unconfined","county":"Pecos","entity":"Middle Pecos GCD","status":"Active","well_number":"5312301"},"type":"Feature"},{"geometry":{"coordinates":[-102.582222,30.7725],"type":"Point"},"properties":{"aquifer":"Edwards-Trinity Plateau","aquifer_type":"Unconfined","county":"Pecos","entity":"Middle Pecos GCD","status":"Inactive","well_number":"5312802"},"type":"Feature"},{"geometry":{"coordinates":[-102.581619,30.7725],"type":"Point"},"properties":{"aquifer":"Edwards-Trinity Plateau","aquifer_type":"Unconfined","county":"Pecos","entity":"Middle Pecos GCD","status":"Active","well_number":"5312803"},"type":"Feature"},{"geometry":{"coordinates":[-102.036111,30.828889],"type":"Point"},"properties":{"aquifer":"Edwards-Trinity Plateau","aquifer_type":"Unconfined","county":"Pecos","entity":"Middle Pecos GCD","status":"Inactive","well_number":"5316601"},"type":"Feature"},{"geometry":{"coordinates":[-102.724694,30.647908],"type":"Point"},"properties":{"aquifer":"Edwards-Trinity Plateau","aquifer_type":"Unconfined","county":"Pecos","entity":"Middle Pecos GCD","status":"Active","well_number":"5319701"},"type":"Feature"},{"geometry":{"coordinates":[-102.523953,30.692708],"type":"Point"},"properties":{"aquifer":"Edwards-Trinity Plateau","aquifer_type":"Unconfined","county":"Pecos","entity":"Middle Pecos GCD","status":"Active","well_number":"5320603"},"type":"Feature"},{"geometry":{"coordinates":[-102.528994,30.642719],"type":"Point"},"properties":{"aquifer":"Edwards-Trinity Plateau","aquifer_type":"Unconfined","county":"Pecos","entity":"Middle Pecos GCD","status":"Active","well_number":"5320903"},"type":"Feature"},{"geometry":{"coordinates":[-102.489233,30.628731],"type":"Point"},"properties":{"aquifer":"Edwards-Trinity Plateau","aquifer_type":"Unconfined","county":"Pecos","entity":"Middle Pecos GCD","status":"Active","well_number":"5321704"},"type":"Feature"},{"geometry":{"coordinates":[-102.510111,30.584292],"type":"Point"},"properties":{"aquifer":"Edwards-Trinity Plateau","aquifer_type":"Unconfined","county":"Pecos","entity":"Middle Pecos GCD","status":"Active","well_number":"5328303"},"type":"Feature"},{"geometry":{"coordinates":[-102.843889,30.441667],"type":"Point"},"properties":{"aquifer":"Other","aquifer_type":"Confined","county":"Pecos","entity":"Middle Pecos GCD","status":"Inactive","well_number":"5334401"},"type":"Feature"},{"geometry":{"coordinates":[-102.846389,30.356112],"type":"Point"},"properties":{"aquifer":"Other","aquifer_type":"Unconfined","county":"Pecos","entity":"Middle Pecos GCD","status":"Inactive","well_number":"5342101"},"type":"Feature"},{"geometry":{"coordinates":[-101.816667,30.678056],"type":"Point"},"properties":{"aquifer":"Edwards-Trinity Plateau","aquifer_type":"Unconfined","county":"Pecos","entity":"Middle Pecos GCD","status":"Inactive","well_number":"5418510"},"type":"Feature"},{"geometry":{"coordinates":[-101.213056,30.713056],"type":"Point"},"properties":{"aquifer":"Edwards-Trinity Plateau","aquifer_type":"Unconfined","county":"Crockett","entity":"Texas Water Development Board","status":"Active","well_number":"5423106"},"type":"Feature"},{"geometry":{"coordinates":[-101.977728,30.579692],"type":"Point"},"properties":{"aquifer":"Edwards-Trinity Plateau","aquifer_type":"Unconfined","county":"Terrell","entity":"Texas Water Development Board","status":"Active","well_number":"5425401"},"type":"Feature"},{"geometry":{"coordinates":[-101.815706,30.419167],"type":"Point"},"properties":{"aquifer":"Edwards-Trinity Plateau","aquifer_type":"Unconfined","county":"Terrell","entity":"Texas Water Development Board","status":"Active","well_number":"5434501"},"type":"Feature"},{"geometry":{"coordinates":[-101.222889,30.057528],"type":"Point"},"properties":{"aquifer":"Edwards-Trinity Plateau","aquifer_type":"Unconfined","county":"Val Verde","entity":"Texas Water Development Board","status":"Active","well_number":"5463401"},"type":"Feature"},{"geometry":{"coordinates":[-100.833417,30.907667],"type":"Point"},"properties":{"aquifer":"Edwards-Trinity Plateau","aquifer_type":"Unconfined","county":"Schleicher","entity":"Plateau UWC & SD","status":"Active","well_number":"5502807"},"type":"Feature"},{"geometry":{"coordinates":[-100.736361,30.97425],"type":"Point"},"properties":{"aquifer":"Edwards-Trinity Plateau","aquifer_type":"Unconfined","county":"Schleicher","entity":"Plateau UWC & SD","status":"Active","well_number":"5503109"},"type":"Feature"},{"geometry":{"coordinates":[-100.765833,30.795278],"type":"Point"},"properties":{"aquifer":"Edwards-Trinity Plateau","aquifer_type":"Unconfined","county":"Schleicher","entity":"Plateau UWC & SD","status":"Inactive","well_number":"5510611"},"type":"Feature"},{"geometry":{"coordinates":[-100.597583,30.862278],"type":"Point"},"properties":{"aquifer":"Edwards-Trinity Plateau","aquifer_type":"Unconfined","county":"Schleicher","entity":"Texas Water Development Board","status":"Active","well_number":"5512134"},"type":"Feature"},{"geometry":{"coordinates":[-100.506389,30.820181],"type":"Point"},"properties":{"aquifer":"Edwards-Trinity Plateau","aquifer_type":"Unconfined","county":"Schleicher","entity":"Plateau UWC & SD","status":"Active","well_number":"5512606"},"type":"Feature"},{"geometry":{"coordinates":[-100.259417,30.782403],"type":"Point"},"properties":{"aquifer":"Edwards-Trinity Plateau","aquifer_type":"Unconfined","county":"Schleicher","entity":"Plateau UWC & SD","status":"Active","well_number":"5514909"},"type":"Feature"},{"geometry":{"coordinates":[-100.378992,30.359561],"type":"Point"},"properties":{"aquifer":"Edwards-Trinity Plateau","aquifer_type":"Unconfined","county":"Sutton","entity":"Texas Water Development Board","status":"Active","well_number":"5545308"},"type":"Feature"},{"geometry":{"coordinates":[-100.384914,30.2797],"type":"Point"},"properties":{"aquifer":"Edwards-Trinity Plateau","aquifer_type":"Unconfined","county":"Edwards","entity":"Texas Water Development Board","status":"Active","well_number":"5545902"},"type":"Feature"},{"geometry":{"coordinates":[-100.052222,30.049722],"type":"Point"},"properties":{"aquifer":"Edwards-Trinity Plateau","aquifer_type":"Unconfined","county":"Edwards","entity":"U.S. Geological Survey","status":"Inactive","well_number":"5564503"},"type":"Feature"},{"geometry":{"coordinates":[-99.264028,30.929333],"type":"Point"},"properties":{"aquifer":"Hickory","aquifer_type":"Unconfined","county":"Mason","entity":"Texas Water Development Board","status":"Active","well_number":"5606613"},"type":"Feature"},{"geometry":{"coordinates":[-99.280722,30.950083],"type":"Point"},"properties":{"aquifer":"Hickory","aquifer_type":"Confined","county":"McCulloch","entity":"Texas Water Development Board","status":"Active","well_number":"5606614"},"type":"Feature"},{"geometry":{"coordinates":[-99.459081,30.690633],"type":"Point"},"properties":{"aquifer":"Ellenburger-San Saba","aquifer_type":"Unconfined","county":"Mason","entity":"Texas Water Development Board","status":"Active","well_number":"5621401"},"type":"Feature"},{"geometry":{"coordinates":[-99.365106,30.614022],"type":"Point"},"properties":{"aquifer":"Ellenburger-San Saba","aquifer_type":"Unconfined","county":"Mason","entity":"Texas Water Development Board","status":"Active","well_number":"5630102"},"type":"Feature"},{"geometry":{"coordinates":[-99.800192,30.436225],"type":"Point"},"properties":{"aquifer":"Edwards-Trinity Plateau","aquifer_type":"Unconfined","county":"Kimble","entity":"Texas Water Development Board","status":"Inactive","well_number":"5634504"},"type":"Feature"},{"geometry":{"coordinates":[-99.811386,30.440128],"type":"Point"},"properties":{"aquifer":"Edwards-Trinity Plateau","aquifer_type":"Unconfined","county":"Kimble","entity":"Texas Water Development Board","status":"Active","well_number":"5634505"},"type":"Feature"},{"geometry":{"coordinates":[-99.855453,30.303228],"type":"Point"},"properties":{"aquifer":"Edwards-Trinity Plateau","aquifer_type":"Unconfined","county":"Kimble","entity":"Texas Water Development Board","status":"Active","well_number":"5642403"},"type":"Feature"},{"geometry":{"coordinates":[-99.654306,30.265056],"type":"Point"},"properties":{"aquifer":"Edwards-Trinity Plateau","aquifer_type":"Confined","county":"Kerr","entity":"Headwaters GCD","status":"Inactive","well_number":"5643901"},"type":"Feature"},{"geometry":{"coordinates":[-99.500278,30.272847],"type":"Point"},"properties":{"aquifer":"Edwards-Trinity Plateau","aquifer_type":"Confined","county":"Kerr","entity":"Headwaters GCD","status":"Active","well_number":"5644901"},"type":"Feature"},{"geometry":{"coordinates":[-99.586667,30.128],"type":"Point"},"properties":{"aquifer":"Edwards-Trinity Plateau","aquifer_type":"Confined","county":"Kerr","entity":"Headwaters GCD","status":"Inactive","well_number":"5652704"},"type":"Feature"},{"geometry":{"coordinates":[-99.343389,30.242583],"type":"Point"},"properties":{"aquifer":"Edwards-Trinity Plateau","aquifer_type":"Confined","county":"Kerr","entity":"Headwaters GCD","status":"Inactive","well_number":"5654106"},"type":"Feature"},{"geometry":{"coordinates":[-99.347389,30.169653],"type":"Point"},"properties":{"aquifer":"Trinity","aquifer_type":"Confined","county":"Kerr","entity":"Texas Water Development Board","status":"Active","well_number":"5654405"},"type":"Feature"},{"geometry":{"coordinates":[-99.193333,30.128889],"type":"Point"},"properties":{"aquifer":"Trinity","aquifer_type":"Confined","county":"Kerr","entity":"Headwaters GCD","status":"Inactive","well_number":"5655805"},"type":"Feature"},{"geometry":{"coordinates":[-99.695694,30.106306],"type":"Point"},"properties":{"aquifer":"Edwards-Trinity Plateau","aquifer_type":"Confined","county":"Kerr","entity":"Headwaters GCD","status":"Active","well_number":"5659201"},"type":"Feature"},{"geometry":{"coordinates":[-99.494083,30.107028],"type":"Point"},"properties":{"aquifer":"Edwards-Trinity Plateau","aquifer_type":"Confined","county":"Kerr","entity":"Headwaters GCD","status":"Inactive","well_number":"5661101"},"type":"Feature"},{"geometry":{"coordinates":[-99.492222,30.1175],"type":"Point"},"properties":{"aquifer":"Edwards-Trinity Plateau","aquifer_type":"Unconfined","county":"Kerr","entity":"Headwaters GCD","status":"Inactive","well_number":"5661102"},"type":"Feature"},{"geometry":{"coordinates":[-99.380453,30.009458],"type":"Point"},"properties":{"aquifer":"Edwards-Trinity Plateau","aquifer_type":"Confined","county":"Kerr","entity":"Headwaters GCD","status":"Inactive","well_number":"5661907"},"type":"Feature"},{"geometry":{"coordinates":[-99.132806,30.005556],"type":"Point"},"properties":{"aquifer":"Trinity","aquifer_type":"Confined","county":"Kerr","entity":"Texas Water Development Board","status":"Active","well_number":"5663922"},"type":"Feature"},{"geometry":{"coordinates":[-99.157694,30.013528],"type":"Point"},"properties":{"aquifer":"Trinity","aquifer_type":"Confined","county":"Kerr","entity":"Headwaters GCD","status":"Active","well_number":"5663923"},"type":"Feature"},{"geometry":{"coordinates":[-99.157694,30.013528],"type":"Point"},"properties":{"aquifer":"Trinity","aquifer_type":"Confined","county":"Kerr","entity":"Headwaters GCD","status":"Active","well_number":"5663924"},"type":"Feature"},{"geometry":{"coordinates":[-99.035611,30.114417],"type":"Point"},"properties":{"aquifer":"Edwards-Trinity Plateau","aquifer_type":"Confined","county":"Kerr","entity":"Headwaters GCD","status":"Inactive","well_number":"5664301"},"type":"Feature"},{"geometry":{"coordinates":[-99.035611,30.114417],"type":"Point"},"properties":{"aquifer":"Edwards-Trinity Plateau","aquifer_type":"Unconfined","county":"Kerr","entity":"Headwaters GCD","status":"Inactive","well_number":"5664302"},"type":"Feature"},{"geometry":{"coordinates":[-98.277889,30.825861],"type":"Point"},"properties":{"aquifer":"Hickory","aquifer_type":"Confined","county":"Burnet","entity":"Central Texas GCD","status":"Active","well_number":"5714604"},"type":"Feature"},{"geometry":{"coordinates":[-98.153722,30.762722],"type":"Point"},"properties":{"aquifer":"Trinity","aquifer_type":"Confined","county":"Burnet","entity":"Central Texas GCD","status":"Active","well_number":"5715901"},"type":"Feature"},{"geometry":{"coordinates":[-98.153667,30.762833],"type":"Point"},"properties":{"aquifer":"Ellenburger-San Saba","aquifer_type":"Confined","county":"Burnet","entity":"Central Texas GCD","status":"Active","well_number":"5715902"},"type":"Feature"},{"geometry":{"coordinates":[-98.296583,30.672],"type":"Point"},"properties":{"aquifer":"Hickory","aquifer_type":"Confined","county":"Burnet","entity":"Central Texas GCD","status":"Active","well_number":"5722505"},"type":"Feature"},{"geometry":{"coordinates":[-98.226944,30.690278],"type":"Point"},"properties":{"aquifer":"Ellenburger-San Saba","aquifer_type":"Confined","county":"Burnet","entity":"Central Texas GCD","status":"Inactive","well_number":"5723406"},"type":"Feature"},{"geometry":{"coordinates":[-98.085861,30.747861],"type":"Point"},"properties":{"aquifer":"Trinity","aquifer_type":"Confined","county":"Burnet","entity":"Central Texas GCD","status":"Active","well_number":"5724101"},"type":"Feature"},{"geometry":{"coordinates":[-98.418611,30.275278],"type":"Point"},"properties":{"aquifer":"Ellenburger-San Saba","aquifer_type":"Unconfined","county":"Blanco","entity":"Texas Water Development Board","status":"Active","well_number":"5745822"},"type":"Feature"},{"geometry":{"coordinates":[-98.128111,30.341361],"type":"Point"},"properties":{"aquifer":"Trinity","aquifer_type":"Unconfined","county":"Travis","entity":"Travis County","status":"Inactive","well_number":"5747310"},"type":"Feature"},{"geometry":{"coordinates":[-98.128233,30.339656],"type":"Point"},"properties":{"aquifer":"Trinity","aquifer_type":"Unconfined","county":"Travis","entity":"Travis County","status":"Active","well_number":"5747312"},"type":"Feature"},{"geometry":{"coordinates":[-98.132469,30.335003],"type":"Point"},"properties":{"aquifer":"Trinity","aquifer_type":"Confined","county":"Travis","entity":"Travis County","status":"Active","well_number":"5747314"},"type":"Feature"},{"geometry":{"coordinates":[-98.115511,30.358136],"type":"Point"},"properties":{"aquifer":"Trinity","aquifer_type":"Unconfined","county":"Travis","entity":"Travis County","status":"Active","well_number":"5748109"},"type":"Feature"},{"geometry":{"coordinates":[-98.072075,30.296472],"type":"Point"},"properties":{"aquifer":"Trinity","aquifer_type":"Unconfined","county":"Travis","entity":"Travis County","status":"Active","well_number":"5748505"},"type":"Feature"},{"geometry":{"coordinates":[-98.057778,30.255278],"type":"Point"},"properties":{"aquifer":"Trinity","aquifer_type":"Confined","county":"Hays","entity":"Hays Trinity GCD: W&L Water Services Inc.","status":"Active","well_number":"5748811"},"type":"Feature"},{"geometry":{"coordinates":[-98.842,30.215528],"type":"Point"},"properties":{"aquifer":"Ellenburger-San Saba","aquifer_type":"Confined","county":"Gillespie","entity":"Texas Water Development Board","status":"Active","well_number":"5750108"},"type":"Feature"},{"geometry":{"coordinates":[-98.790889,30.230889],"type":"Point"},"properties":{"aquifer":"Ellenburger-San Saba","aquifer_type":"Confined","county":"Gillespie","entity":"Texas Water Development Board","status":"Active","well_number":"5750324"},"type":"Feature"},{"geometry":{"coordinates":[-98.727861,30.205861],"type":"Point"},"properties":{"aquifer":"Ellenburger-San Saba","aquifer_type":"Confined","county":"Gillespie","entity":"Texas Water Development Board","status":"Active","well_number":"5751407"},"type":"Feature"},{"geometry":{"coordinates":[-98.224306,30.196444],"type":"Point"},"properties":{"aquifer":"Trinity","aquifer_type":"Unconfined","county":"Hays","entity":"Hays Trinity GCD","status":"Active","well_number":"5755405"},"type":"Feature"},{"geometry":{"coordinates":[-98.139278,30.184472],"type":"Point"},"properties":{"aquifer":"Trinity","aquifer_type":"Unconfined","county":"Hays","entity":"Texas Water Development Board","status":"Active","well_number":"5755607"},"type":"Feature"},{"geometry":{"coordinates":[-98.184444,30.158889],"type":"Point"},"properties":{"aquifer":"Trinity","aquifer_type":"Unconfined","county":"Hays","entity":"Hays Trinity GCD","status":"Inactive","well_number":"5755803"},"type":"Feature"},{"geometry":{"coordinates":[-98.086,30.15425],"type":"Point"},"properties":{"aquifer":"Trinity","aquifer_type":"Unconfined","county":"Hays","entity":"Hays Trinity GCD","status":"Inactive","well_number":"5756702"},"type":"Feature"},{"geometry":{"coordinates":[-98.093331,30.144539],"type":"Point"},"properties":{"aquifer":"Trinity","aquifer_type":"Unconfined","county":"Hays","entity":"Hays Trinity GCD","status":"Active","well_number":"5756716"},"type":"Feature"},{"geometry":{"coordinates":[-98.920972,30.039306],"type":"Point"},"properties":{"aquifer":"Trinity","aquifer_type":"Confined","county":"Kerr","entity":"Headwaters GCD","status":"Inactive","well_number":"5757805"},"type":"Feature"},{"geometry":{"coordinates":[-98.801222,30.109083],"type":"Point"},"properties":{"aquifer":"Edwards-Trinity Plateau","aquifer_type":"Unconfined","county":"Kendall","entity":"Cow Creek GCD","status":"Active","well_number":"5758203"},"type":"Feature"},{"geometry":{"coordinates":[-98.8425,30.076944],"type":"Point"},"properties":{"aquifer":"Trinity","aquifer_type":"Unknown","county":"Kendall","entity":"Cow Creek GCD","status":"Active","well_number":"5758402"},"type":"Feature"},{"geometry":{"coordinates":[-98.417917,30.089028],"type":"Point"},"properties":{"aquifer":"Trinity","aquifer_type":"Unknown","county":"Blanco","entity":"Texas Water Development Board","status":"Active","well_number":"5761229"},"type":"Feature"},{"geometry":{"coordinates":[-98.202294,30.046131],"type":"Point"},"properties":{"aquifer":"Trinity","aquifer_type":"Unconfined","county":"Hays","entity":"Hays Trinity GCD","status":"Active","well_number":"5763504"},"type":"Feature"},{"geometry":{"coordinates":[-98.241139,30.034861],"type":"Point"},"properties":{"aquifer":"Trinity","aquifer_type":"Confined","county":"Hays","entity":"Texas Water Development Board","status":"Active","well_number":"5763705"},"type":"Feature"},{"geometry":{"coordinates":[-98.093889,30.055556],"type":"Point"},"properties":{"aquifer":"Trinity","aquifer_type":"Unconfined","county":"Hays","entity":"Texas Water Development Board","status":"Active","well_number":"5764405"},"type":"Feature"},{"geometry":{"coordinates":[-98.078333,30.0775],"type":"Point"},"properties":{"aquifer":"Trinity","aquifer_type":"Unconfined","county":"Hays","entity":"Hays Trinity GCD","status":"Active","well_number":"5764502"},"type":"Feature"},{"geometry":{"coordinates":[-98.116917,30.016028],"type":"Point"},"properties":{"aquifer":"Trinity","aquifer_type":"Unconfined","county":"Hays","entity":"Texas Water Development Board","status":"Active","well_number":"5764705"},"type":"Feature"},{"geometry":{"coordinates":[-98.102539,30.009419],"type":"Point"},"properties":{"aquifer":"Trinity","aquifer_type":"Unconfined","county":"Hays","entity":"Hays Trinity GCD","status":"Active","well_number":"5764721"},"type":"Feature"},{"geometry":{"coordinates":[-97.934722,30.981111],"type":"Point"},"properties":{"aquifer":"Trinity","aquifer_type":"Unconfined","county":"Burnet","entity":"Central Texas GCD","status":"Active","well_number":"5801202"},"type":"Feature"},{"geometry":{"coordinates":[-97.804756,30.967564],"type":"Point"},"properties":{"aquifer":"Trinity","aquifer_type":"Unconfined","county":"Bell","entity":"Clearwater UWCD","status":"Inactive","well_number":"5802202"},"type":"Feature"},{"geometry":{"coordinates":[-97.788417,30.965208],"type":"Point"},"properties":{"aquifer":"Trinity","aquifer_type":"Unconfined","county":"Bell","entity":"Clearwater UWCD","status":"Inactive","well_number":"5802302"},"type":"Feature"},{"geometry":{"coordinates":[-97.788678,30.965003],"type":"Point"},"properties":{"aquifer":"Trinity","aquifer_type":"Unconfined","county":"Bell","entity":"Clearwater UWCD","status":"Active","well_number":"5802303"},"type":"Feature"},{"geometry":{"coordinates":[-97.788392,30.965058],"type":"Point"},"properties":{"aquifer":"Trinity","aquifer_type":"Unconfined","county":"Bell","entity":"Clearwater UWCD","status":"Active","well_number":"5802304"},"type":"Feature"},{"geometry":{"coordinates":[-97.710278,30.885],"type":"Point"},"properties":{"aquifer":"Trinity","aquifer_type":"Confined","county":"Williamson","entity":"Clearwater UWCD","status":"Active","well_number":"5803701"},"type":"Feature"},{"geometry":{"coordinates":[-97.710278,30.885556],"type":"Point"},"properties":{"aquifer":"Edwards (Balcones Fault Zone)","aquifer_type":"Unconfined","county":"Williamson","entity":"Clearwater UWCD","status":"Active","well_number":"5803702"},"type":"Feature"},{"geometry":{"coordinates":[-97.531111,30.933889],"type":"Point"},"properties":{"aquifer":"Edwards (Balcones Fault Zone)","aquifer_type":"Confined","county":"Bell","entity":"Clearwater UWCD","status":"Active","well_number":"5804628"},"type":"Feature"},{"geometry":{"coordinates":[-97.591944,30.916944],"type":"Point"},"properties":{"aquifer":"Edwards (Balcones Fault Zone)","aquifer_type":"Unconfined","county":"Bell","entity":"Texas Water Development Board","status":"Active","well_number":"5804702"},"type":"Feature"},{"geometry":{"coordinates":[-97.555,30.91],"type":"Point"},"properties":{"aquifer":"Edwards (Balcones Fault Zone)","aquifer_type":"Confined","county":"Bell","entity":"Clearwater UWCD","status":"Active","well_number":"5804816"},"type":"Feature"},{"geometry":{"coordinates":[-97.906889,30.861444],"type":"Point"},"properties":{"aquifer":"Trinity","aquifer_type":"Confined","county":"Burnet","entity":"Central Texas GCD","status":"Active","well_number":"5809303"},"type":"Feature"},{"geometry":{"coordinates":[-97.753425,30.584292],"type":"Point"},"properties":{"aquifer":"Trinity","aquifer_type":"Unconfined","county":"Williamson","entity":"Texas Water Development Board","status":"Active","well_number":"5826312"},"type":"Feature"},{"geometry":{"coordinates":[-97.661111,30.596111],"type":"Point"},"properties":{"aquifer":"Edwards (Balcones Fault Zone)","aquifer_type":"Confined","county":"Williamson","entity":"Texas Water Development Board","status":"Inactive","well_number":"5827305"},"type":"Feature"},{"geometry":{"coordinates":[-97.410767,30.578953],"type":"Point"},"properties":{"aquifer":"Trinity","aquifer_type":"Confined","county":"Williamson","entity":"Texas Water Development Board","status":"Active","well_number":"5829603"},"type":"Feature"},{"geometry":{"coordinates":[-97.705556,30.403889],"type":"Point"},"properties":{"aquifer":"Edwards (Balcones Fault Zone)","aquifer_type":"Unconfined","county":"Travis","entity":"Texas Water Development Board","status":"Active","well_number":"5835811"},"type":"Feature"},{"geometry":{"coordinates":[-97.072167,30.46285],"type":"Point"},"properties":{"aquifer":"Carrizo-Wilcox","aquifer_type":"Unconfined","county":"Lee","entity":"Texas Water Development Board","status":"Active","well_number":"5840206"},"type":"Feature"},{"geometry":{"coordinates":[-97.072142,30.462828],"type":"Point"},"properties":{"aquifer":"Carrizo-Wilcox","aquifer_type":"Confined","county":"Lee","entity":"Texas Water Development Board","status":"Active","well_number":"5840207"},"type":"Feature"},{"geometry":{"coordinates":[-97.010306,30.415111],"type":"Point"},"properties":{"aquifer":"Carrizo-Wilcox","aquifer_type":"Confined","county":"Lee","entity":"Texas Water Development Board","status":"Active","well_number":"5840903"},"type":"Feature"},{"geometry":{"coordinates":[-97.9725,30.3075],"type":"Point"},"properties":{"aquifer":"Trinity","aquifer_type":"Confined","county":"Travis","entity":"Texas Water Development Board","status":"Inactive","well_number":"5841406"},"type":"Feature"},{"geometry":{"coordinates":[-97.916667,30.227583],"type":"Point"},"properties":{"aquifer":"Trinity","aquifer_type":"Unconfined","county":"Travis","entity":"Travis County","status":"Inactive","well_number":"5849326"},"type":"Feature"},{"geometry":{"coordinates":[-97.873056,30.235],"type":"Point"},"properties":{"aquifer":"Trinity","aquifer_type":"Confined","county":"Travis","entity":"Texas Water Development Board","status":"Active","well_number":"5850120"},"type":"Feature"},{"geometry":{"coordinates":[-97.781667,30.210278],"type":"Point"},"properties":{"aquifer":"Edwards (Balcones Fault Zone)","aquifer_type":"Confined","county":"Travis","entity":"U.S. Geological Survey","status":"Active","well_number":"5850301"},"type":"Feature"},{"geometry":{"coordinates":[-97.944472,30.066361],"type":"Point"},"properties":{"aquifer":"Edwards (Balcones Fault Zone)","aquifer_type":"Unconfined","county":"Hays","entity":"Barton Springs/Edwards Aquifer CD","status":"Active","well_number":"5857502"},"type":"Feature"},{"geometry":{"coordinates":[-97.294722,30.109444],"type":"Point"},"properties":{"aquifer":"Carrizo-Wilcox","aquifer_type":"Unconfined","county":"Bastrop","entity":"Texas Water Development Board","status":"Active","well_number":"5862208"},"type":"Feature"},{"geometry":{"coordinates":[-96.653611,30.825278],"type":"Point"},"properties":{"aquifer":"Carrizo-Wilcox","aquifer_type":"Confined","county":"Milam","entity":"Texas Water Development Board","status":"Inactive","well_number":"5911621"},"type":"Feature"},{"geometry":{"coordinates":[-96.384061,30.166414],"type":"Point"},"properties":{"aquifer":"Gulf Coast","aquifer_type":"Unconfined","county":"Washington","entity":"Texas Water Development Board","status":"Inactive","well_number":"5953915"},"type":"Feature"},{"geometry":{"coordinates":[-95.716731,30.575361],"type":"Point"},"properties":{"aquifer":"Gulf Coast","aquifer_type":"Unconfined","county":"Walker","entity":"U.S. Geological Survey","status":"Inactive","well_number":"6027401"},"type":"Feature"},{"geometry":{"coordinates":[-95.563889,30.528056],"type":"Point"},"properties":{"aquifer":"Gulf Coast","aquifer_type":"Unconfined","county":"Walker","entity":"U.S. Geological Survey","status":"Inactive","well_number":"6028802"},"type":"Feature"},{"geometry":{"coordinates":[-95.07855,30.594664],"type":"Point"},"properties":{"aquifer":"Gulf Coast","aquifer_type":"Unconfined","county":"San Jacinto","entity":"Lower Trinity GCD","status":"Active","well_number":"6032219"},"type":"Feature"},{"geometry":{"coordinates":[-95.710611,30.498833],"type":"Point"},"properties":{"aquifer":"Gulf Coast","aquifer_type":"Unconfined","county":"Montgomery","entity":"U.S. Geological Survey","status":"Active","well_number":"6035202"},"type":"Feature"},{"geometry":{"coordinates":[-95.708056,30.443611],"type":"Point"},"properties":{"aquifer":"Gulf Coast","aquifer_type":"Unconfined","county":"Montgomery","entity":"U.S. Geological Survey","status":"Inactive","well_number":"6035503"},"type":"Feature"},{"geometry":{"coordinates":[-95.708056,30.443611],"type":"Point"},"properties":{"aquifer":"Gulf Coast","aquifer_type":"Unconfined","county":"Montgomery","entity":"U.S. Geological Survey","status":"Inactive","well_number":"6035505"},"type":"Feature"},{"geometry":{"coordinates":[-95.576944,30.251389],"type":"Point"},"properties":{"aquifer":"Gulf Coast","aquifer_type":"Unconfined","county":"Montgomery","entity":"U.S. Geological Survey","status":"Inactive","well_number":"6044805"},"type":"Feature"},{"geometry":{"coordinates":[-95.483333,30.33],"type":"Point"},"properties":{"aquifer":"Gulf Coast","aquifer_type":"Unconfined","county":"Montgomery","entity":"U.S. Geological Survey","status":"Inactive","well_number":"6045412"},"type":"Feature"},{"geometry":{"coordinates":[-95.483333,30.33],"type":"Point"},"properties":{"aquifer":"Gulf Coast","aquifer_type":"Unconfined","county":"Montgomery","entity":"U.S. Geological Survey","status":"Inactive","well_number":"6045414"},"type":"Feature"},{"geometry":{"coordinates":[-95.4575,30.207778],"type":"Point"},"properties":{"aquifer":"Gulf Coast","aquifer_type":"Unconfined","county":"Montgomery","entity":"U.S. Geological Survey","status":"Active","well_number":"6053516"},"type":"Feature"},{"geometry":{"coordinates":[-95.463056,30.14],"type":"Point"},"properties":{"aquifer":"Gulf Coast","aquifer_type":"Unconfined","county":"Montgomery","entity":"U.S. Geological Survey","status":"Inactive","well_number":"6053718"},"type":"Feature"},{"geometry":{"coordinates":[-95.242222,30.146944],"type":"Point"},"properties":{"aquifer":"Gulf Coast","aquifer_type":"Unconfined","county":"Montgomery","entity":"U.S. Geological Survey","status":"Active","well_number":"6055710"},"type":"Feature"},{"geometry":{"coordinates":[-94.421667,30.782222],"type":"Point"},"properties":{"aquifer":"Gulf Coast","aquifer_type":"Confined","county":"Tyler","entity":"Texas Water Development Board","status":"Active","well_number":"6113802"},"type":"Feature"},{"geometry":{"coordinates":[-94.746267,30.692942],"type":"Point"},"properties":{"aquifer":"Gulf Coast","aquifer_type":"Unconfined","county":"Polk","entity":"Texas Water Development Board","status":"Active","well_number":"6119417"},"type":"Feature"},{"geometry":{"coordinates":[-94.980555,30.471667],"type":"Point"},"properties":{"aquifer":"Gulf Coast","aquifer_type":"Unconfined","county":"San Jacinto","entity":"Texas Water Development Board","status":"Inactive","well_number":"6133114"},"type":"Feature"},{"geometry":{"coordinates":[-94.070556,30.347778],"type":"Point"},"properties":{"aquifer":"Gulf Coast","aquifer_type":"Unconfined","county":"Jasper","entity":"Texas Water Development Board","status":"Active","well_number":"6148209"},"type":"Feature"},{"geometry":{"coordinates":[-94.321944,30.152222],"type":"Point"},"properties":{"aquifer":"Gulf Coast","aquifer_type":"Confined","county":"Hardin","entity":"Texas Water Development Board","status":"Active","well_number":"6154805"},"type":"Feature"},{"geometry":{"coordinates":[-93.715278,30.909722],"type":"Point"},"properties":{"aquifer":"Gulf Coast","aquifer_type":"Confined","county":"Newton","entity":"Texas Water Development Board","status":"Active","well_number":"6203704"},"type":"Feature"},{"geometry":{"coordinates":[-94.895003,29.416325],"type":"Point"},"properties":{"aquifer":"Gulf Coast","aquifer_type":"Unconfined","county":"Galveston","entity":"U.S. Geological Survey","status":"Active","well_number":"6433920"},"type":"Feature"},{"geometry":{"coordinates":[-95.145,29.913889],"type":"Point"},"properties":{"aquifer":"Gulf Coast","aquifer_type":"Unconfined","county":"Harris","entity":"U.S. Geological Survey","status":"Active","well_number":"6507905"},"type":"Feature"},{"geometry":{"coordinates":[-95.145528,29.913219],"type":"Point"},"properties":{"aquifer":"Gulf Coast","aquifer_type":"Confined","county":"Harris","entity":"U.S. Geological Survey","status":"Active","well_number":"6507909"},"type":"Feature"},{"geometry":{"coordinates":[-95.586667,29.790833],"type":"Point"},"properties":{"aquifer":"Gulf Coast","aquifer_type":"Unconfined","county":"Harris","entity":"U.S. Geological Survey","status":"Active","well_number":"6512725"},"type":"Feature"},{"geometry":{"coordinates":[-95.586111,29.790833],"type":"Point"},"properties":{"aquifer":"Gulf Coast","aquifer_type":"Unconfined","county":"Harris","entity":"U.S. Geological Survey","status":"Active","well_number":"6512726"},"type":"Feature"},{"geometry":{"coordinates":[-95.586667,29.790833],"type":"Point"},"properties":{"aquifer":"Gulf Coast","aquifer_type":"Unconfined","county":"Harris","entity":"U.S. Geological Survey","status":"Active","well_number":"6512729"},"type":"Feature"},{"geometry":{"coordinates":[-95.369444,29.817222],"type":"Point"},"properties":{"aquifer":"Gulf Coast","aquifer_type":"Unconfined","county":"Harris","entity":"Texas Water Development Board","status":"Active","well_number":"6514409"},"type":"Feature"},{"geometry":{"coordinates":[-95.333889,29.791389],"type":"Point"},"properties":{"aquifer":"Gulf Coast","aquifer_type":"Unconfined","county":"Harris","entity":"U.S. Geological Survey","status":"Active","well_number":"6514738"},"type":"Feature"},{"geometry":{"coordinates":[-95.333889,29.791389],"type":"Point"},"properties":{"aquifer":"Gulf Coast","aquifer_type":"Unconfined","county":"Harris","entity":"U.S. Geological Survey","status":"Active","well_number":"6514746"},"type":"Feature"},{"geometry":{"coordinates":[-95.030556,29.757778],"type":"Point"},"properties":{"aquifer":"Gulf Coast","aquifer_type":"Unconfined","county":"Harris","entity":"U.S. Geological Survey","status":"Active","well_number":"6516930"},"type":"Feature"},{"geometry":{"coordinates":[-95.030556,29.757778],"type":"Point"},"properties":{"aquifer":"Gulf Coast","aquifer_type":"Unconfined","county":"Harris","entity":"U.S. Geological Survey","status":"Active","well_number":"6516931"},"type":"Feature"},{"geometry":{"coordinates":[-95.747833,29.724222],"type":"Point"},"properties":{"aquifer":"Gulf Coast","aquifer_type":"Unconfined","county":"Fort Bend","entity":"U.S. Geological Survey","status":"Active","well_number":"6519106"},"type":"Feature"},{"geometry":{"coordinates":[-95.450833,29.726944],"type":"Point"},"properties":{"aquifer":"Gulf Coast","aquifer_type":"Unconfined","county":"Harris","entity":"U.S. Geological Survey","status":"Active","well_number":"6521226"},"type":"Feature"},{"geometry":{"coordinates":[-95.451389,29.7275],"type":"Point"},"properties":{"aquifer":"Gulf Coast","aquifer_type":"Unconfined","county":"Harris","entity":"U.S. Geological Survey","status":"Active","well_number":"6521230"},"type":"Feature"},{"geometry":{"coordinates":[-95.274167,29.701944],"type":"Point"},"properties":{"aquifer":"Gulf Coast","aquifer_type":"Unconfined","county":"Harris","entity":"U.S. Geological Survey","status":"Active","well_number":"6522622"},"type":"Feature"},{"geometry":{"coordinates":[-95.159275,29.710158],"type":"Point"},"properties":{"aquifer":"Gulf Coast","aquifer_type":"Confined","county":"Harris","entity":"U.S. Geological Survey","status":"Active","well_number":"6523322"},"type":"Feature"},{"geometry":{"coordinates":[-95.096028,29.551861],"type":"Point"},"properties":{"aquifer":"Gulf Coast","aquifer_type":"Unconfined","county":"Harris","entity":"U.S. Geological Survey","status":"Inactive","well_number":"6532401"},"type":"Feature"},{"geometry":{"coordinates":[-95.118889,29.563333],"type":"Point"},"properties":{"aquifer":"Gulf Coast","aquifer_type":"Unconfined","county":"Harris","entity":"U.S. Geological Survey","status":"Active","well_number":"6532428"},"type":"Feature"},{"geometry":{"coordinates":[-95.021456,29.564794],"type":"Point"},"properties":{"aquifer":"Gulf Coast","aquifer_type":"Unconfined","county":"Harris","entity":"U.S. Geological Survey","status":"Active","well_number":"6532625"},"type":"Feature"},{"geometry":{"coordinates":[-95.110278,29.394167],"type":"Point"},"properties":{"aquifer":"Gulf Coast","aquifer_type":"Unconfined","county":"Galveston","entity":"U.S. Geological Survey","status":"Inactive","well_number":"6540707"},"type":"Feature"},{"geometry":{"coordinates":[-96.660328,29.657781],"type":"Point"},"properties":{"aquifer":"Gulf Coast","aquifer_type":"Confined","county":"Colorado","entity":"Texas Water Development Board","status":"Active","well_number":"6619904"},"type":"Feature"},{"geometry":{"coordinates":[-96.21425,29.598556],"type":"Point"},"properties":{"aquifer":"Gulf Coast","aquifer_type":"Unconfined","county":"Wharton","entity":"Coastal Bend GCD","status":"Active","well_number":"6631107"},"type":"Feature"},{"geometry":{"coordinates":[-96.499672,29.185942],"type":"Point"},"properties":{"aquifer":"Gulf Coast","aquifer_type":"Unconfined","county":"Wharton","entity":"Texas Water Development Board","status":"Inactive","well_number":"6653406"},"type":"Feature"},{"geometry":{"coordinates":[-96.409444,29.108889],"type":"Point"},"properties":{"aquifer":"Gulf Coast","aquifer_type":"Unconfined","county":"Wharton","entity":"Coastal Bend GCD","status":"Active","well_number":"6661302"},"type":"Feature"},{"geometry":{"coordinates":[-97.674806,29.799556],"type":"Point"},"properties":{"aquifer":"Carrizo-Wilcox","aquifer_type":"Unknown","county":"Caldwell","entity":"Texas Water Development Board","status":"Active","well_number":"6711501"},"type":"Feature"},{"geometry":{"coordinates":[-97.476244,29.766725],"type":"Point"},"properties":{"aquifer":"Carrizo-Wilcox","aquifer_type":"Unknown","county":"Caldwell","entity":"Texas Water Development Board","status":"Active","well_number":"6713707"},"type":"Feature"},{"geometry":{"coordinates":[-97.668256,29.578322],"type":"Point"},"properties":{"aquifer":"Carrizo-Wilcox","aquifer_type":"Unknown","county":"Gonzales","entity":"Texas Water Development Board","status":"Active","well_number":"6727507"},"type":"Feature"},{"geometry":{"coordinates":[-97.693333,29.514472],"type":"Point"},"properties":{"aquifer":"Carrizo-Wilcox","aquifer_type":"Confined","county":"Gonzales","entity":"Gonzales County UWCD","status":"Active","well_number":"6727805"},"type":"Feature"},{"geometry":{"coordinates":[-97.250278,29.505833],"type":"Point"},"properties":{"aquifer":"Yegua-Jackson","aquifer_type":"Unknown","county":"Gonzales","entity":"Texas Water Development Board","status":"Active","well_number":"6730902"},"type":"Feature"},{"geometry":{"coordinates":[-97.954306,29.4003],"type":"Point"},"properties":{"aquifer":"Carrizo-Wilcox","aquifer_type":"Unconfined","county":"Guadalupe","entity":"Texas Water Development Board","status":"Active","well_number":"6733805"},"type":"Feature"},{"geometry":{"coordinates":[-97.887333,29.413783],"type":"Point"},"properties":{"aquifer":"Carrizo-Wilcox","aquifer_type":"Confined","county":"Guadalupe","entity":"Texas Water Development Board","status":"Active","well_number":"6733907"},"type":"Feature"},{"geometry":{"coordinates":[-97.488733,29.349453],"type":"Point"},"properties":{"aquifer":"Yegua-Jackson","aquifer_type":"Unknown","county":"Gonzales","entity":"Texas Water Development Board","status":"Active","well_number":"6745104"},"type":"Feature"},{"geometry":{"coordinates":[-98.89475,29.971944],"type":"Point"},"properties":{"aquifer":"Trinity","aquifer_type":"Unconfined","county":"Kendall","entity":"Texas Water Development Board","status":"Active","well_number":"6801314"},"type":"Feature"},{"geometry":{"coordinates":[-98.972917,29.906917],"type":"Point"},"properties":{"aquifer":"Trinity","aquifer_type":"Confined","county":"Kerr","entity":"Headwaters GCD","status":"Active","well_number":"6801703"},"type":"Feature"},{"geometry":{"coordinates":[-98.972917,29.906917],"type":"Point"},"properties":{"aquifer":"Trinity","aquifer_type":"Confined","county":"Kerr","entity":"Headwaters GCD","status":"Active","well_number":"6801704"},"type":"Feature"},{"geometry":{"coordinates":[-98.760861,29.977556],"type":"Point"},"properties":{"aquifer":"Trinity","aquifer_type":"Confined","county":"Kendall","entity":"Cow Creek GCD","status":"Active","well_number":"6802302"},"type":"Feature"},{"geometry":{"coordinates":[-98.7975,29.936389],"type":"Point"},"properties":{"aquifer":"Trinity","aquifer_type":"Unconfined","county":"Kendall","entity":"Cow Creek GCD","status":"Active","well_number":"6802509"},"type":"Feature"},{"geometry":{"coordinates":[-98.788167,29.930194],"type":"Point"},"properties":{"aquifer":"Trinity","aquifer_type":"Unconfined","county":"Kendall","entity":"Texas Water Development Board","status":"Active","well_number":"6802609"},"type":"Feature"},{"geometry":{"coordinates":[-98.82325,29.909722],"type":"Point"},"properties":{"aquifer":"Trinity","aquifer_type":"Confined","county":"Kendall","entity":"Cow Creek GCD","status":"Active","well_number":"6802807"},"type":"Feature"},{"geometry":{"coordinates":[-98.721111,29.975556],"type":"Point"},"properties":{"aquifer":"Trinity","aquifer_type":"Unknown","county":"Kendall","entity":"Cow Creek GCD","status":"Active","well_number":"6803109"},"type":"Feature"},{"geometry":{"coordinates":[-98.691389,29.952222],"type":"Point"},"properties":{"aquifer":"Trinity","aquifer_type":"Unconfined","county":"Kendall","entity":"Cow Creek GCD","status":"Active","well_number":"6803503"},"type":"Feature"},{"geometry":{"coordinates":[-98.543889,29.996111],"type":"Point"},"properties":{"aquifer":"Trinity","aquifer_type":"Unconfined","county":"Kendall","entity":"Cow Creek GCD","status":"Active","well_number":"6804214"},"type":"Feature"},{"geometry":{"coordinates":[-98.525333,29.970417],"type":"Point"},"properties":{"aquifer":"Trinity","aquifer_type":"Unconfined","county":"Kendall","entity":"Texas Water Development Board","status":"Active","well_number":"6804312"},"type":"Feature"},{"geometry":{"coordinates":[-98.86,29.958889],"type":"Point"},"properties":{"aquifer":"Trinity","aquifer_type":"Unconfined","county":"Kendall","entity":"Cow Creek GCD","status":"Active","well_number":"6806105"},"type":"Feature"},{"geometry":{"coordinates":[-98.209528,29.937639],"type":"Point"},"properties":{"aquifer":"Trinity","aquifer_type":"Unconfined","county":"Comal","entity":"Texas Water Development Board","status":"Active","well_number":"6807407"},"type":"Feature"},{"geometry":{"coordinates":[-98.886833,29.836833],"type":"Point"},"properties":{"aquifer":"Trinity","aquifer_type":"Unconfined","county":"Kendall","entity":"Cow Creek GCD","status":"Active","well_number":"6809303"},"type":"Feature"},{"geometry":{"coordinates":[-98.760139,29.809889],"type":"Point"},"properties":{"aquifer":"Trinity","aquifer_type":"Unconfined","county":"Kendall","entity":"Cow Creek GCD","status":"Active","well_number":"6810616"},"type":"Feature"},{"geometry":{"coordinates":[-98.750556,29.828611],"type":"Point"},"properties":{"aquifer":"Trinity","aquifer_type":"Unknown","county":"Kendall","entity":"Cow Creek GCD","status":"Active","well_number":"6810626"},"type":"Feature"},{"geometry":{"coordinates":[-98.625083,29.858639],"type":"Point"},"properties":{"aquifer":"Trinity","aquifer_type":"Unconfined","county":"Kendall","entity":"Cow Creek GCD","status":"Active","well_number":"6811302"},"type":"Feature"},{"geometry":{"coordinates":[-98.744472,29.798222],"type":"Point"},"properties":{"aquifer":"Trinity","aquifer_type":"Unconfined","county":"Kendall","entity":"Texas Water Development Board","status":"Active","well_number":"6811417"},"type":"Feature"},{"geometry":{"coordinates":[-98.728528,29.830694],"type":"Point"},"properties":{"aquifer":"Trinity","aquifer_type":"Unconfined","county":"Kendall","entity":"Cow Creek GCD","status":"Active","well_number":"6811418"},"type":"Feature"},{"geometry":{"coordinates":[-98.695056,29.819333],"type":"Point"},"properties":{"aquifer":"Trinity","aquifer_type":"Unconfined","county":"Kendall","entity":"Cow Creek GCD","status":"Active","well_number":"6811509"},"type":"Feature"},{"geometry":{"coordinates":[-98.718222,29.791472],"type":"Point"},"properties":{"aquifer":"Trinity","aquifer_type":"Unconfined","county":"Kendall","entity":"Cow Creek GCD","status":"Active","well_number":"6811708"},"type":"Feature"},{"geometry":{"coordinates":[-98.68758,29.771723],"type":"Point"},"properties":{"aquifer":"Trinity","aquifer_type":"Unconfined","county":"Kendall","entity":"Cow Creek GCD","status":"Active","well_number":"6811817"},"type":"Feature"},{"geometry":{"coordinates":[-98.598611,29.854611],"type":"Point"},"properties":{"aquifer":"Trinity","aquifer_type":"Unconfined","county":"Kendall","entity":"Cow Creek GCD","status":"Active","well_number":"6812106"},"type":"Feature"},{"geometry":{"coordinates":[-98.583361,29.796556],"type":"Point"},"properties":{"aquifer":"Trinity","aquifer_type":"Confined","county":"Kendall","entity":"Cow Creek GCD","status":"Active","well_number":"6812414"},"type":"Feature"},{"geometry":{"coordinates":[-98.175222,29.855417],"type":"Point"},"properties":{"aquifer":"Trinity","aquifer_type":"Unconfined","county":"Comal","entity":"Texas Water Development Board","status":"Active","well_number":"6815211"},"type":"Feature"},{"geometry":{"coordinates":[-98.667083,29.72175],"type":"Point"},"properties":{"aquifer":"Trinity","aquifer_type":"Unconfined","county":"Bexar","entity":"Texas Water Development Board","status":"Active","well_number":"6819208"},"type":"Feature"},{"geometry":{"coordinates":[-98.654306,29.673139],"type":"Point"},"properties":{"aquifer":"Trinity","aquifer_type":"Unconfined","county":"Bexar","entity":"Trinity Glen Rose GCD","status":"Active","well_number":"6819618"},"type":"Feature"},{"geometry":{"coordinates":[-98.686222,29.632111],"type":"Point"},"properties":{"aquifer":"Trinity","aquifer_type":"Unconfined","county":"Bexar","entity":"Trinity Glen Rose GCD","status":"Active","well_number":"6819806"},"type":"Feature"},{"geometry":{"coordinates":[-98.623806,29.73275],"type":"Point"},"properties":{"aquifer":"Trinity","aquifer_type":"Unconfined","county":"Bexar","entity":"Texas Water Development Board","status":"Active","well_number":"6820110"},"type":"Feature"},{"geometry":{"coordinates":[-98.521972,29.681],"type":"Point"},"properties":{"aquifer":"Trinity","aquifer_type":"Unconfined","county":"Bexar","entity":"Trinity Glen Rose GCD","status":"Active","well_number":"6820602"},"type":"Feature"},{"geometry":{"coordinates":[-98.521972,29.681],"type":"Point"},"properties":{"aquifer":"Trinity","aquifer_type":"Unconfined","county":"Bexar","entity":"Trinity Glen Rose GCD","status":"Active","well_number":"6820603"},"type":"Feature"},{"geometry":{"coordinates":[-98.494445,29.698611],"type":"Point"},"properties":{"aquifer":"Trinity","aquifer_type":"Unconfined","county":"Bexar","entity":"Trinity Glen Rose GCD","status":"Inactive","well_number":"6821410"},"type":"Feature"},{"geometry":{"coordinates":[-98.436833,29.678056],"type":"Point"},"properties":{"aquifer":"Trinity","aquifer_type":"Unconfined","county":"Bexar","entity":"Trinity Glen Rose GCD","status":"Inactive","well_number":"6821519"},"type":"Feature"},{"geometry":{"coordinates":[-98.735472,29.616111],"type":"Point"},"properties":{"aquifer":"Trinity","aquifer_type":"Unconfined","county":"Bexar","entity":"Trinity Glen Rose GCD","status":"Active","well_number":"6827112"},"type":"Feature"},{"geometry":{"coordinates":[-98.661667,29.568056],"type":"Point"},"properties":{"aquifer":"Edwards (Balcones Fault Zone)","aquifer_type":"Unconfined","county":"Bexar","entity":"U.S. Geological Survey","status":"Active","well_number":"6827609"},"type":"Feature"},{"geometry":{"coordinates":[-98.635556,29.547778],"type":"Point"},"properties":{"aquifer":"Edwards (Balcones Fault Zone)","aquifer_type":"Unconfined","county":"Bexar","entity":"U.S. Geological Survey","status":"Active","well_number":"6827610"},"type":"Feature"},{"geometry":{"coordinates":[-98.548611,29.587778],"type":"Point"},"properties":{"aquifer":"Edwards (Balcones Fault Zone)","aquifer_type":"Unconfined","county":"Bexar","entity":"U.S. Geological Survey","status":"Active","well_number":"6828211"},"type":"Feature"},{"geometry":{"coordinates":[-98.48,29.599722],"type":"Point"},"properties":{"aquifer":"Edwards (Balcones Fault Zone)","aquifer_type":"Unconfined","county":"Bexar","entity":"U.S. Geological Survey","status":"Active","well_number":"6829112"},"type":"Feature"},{"geometry":{"coordinates":[-98.595556,29.495278],"type":"Point"},"properties":{"aquifer":"Edwards (Balcones Fault Zone)","aquifer_type":"Unconfined","county":"Bexar","entity":"U.S. Geological Survey","status":"Active","well_number":"6836132"},"type":"Feature"},{"geometry":{"coordinates":[-98.432611,29.479139],"type":"Point"},"properties":{"aquifer":"Edwards (Balcones Fault Zone)","aquifer_type":"Confined","county":"Bexar","entity":"Edwards Aquifer Authority","status":"Active","well_number":"6837203"},"type":"Feature"},{"geometry":{"coordinates":[-98.391389,29.133889],"type":"Point"},"properties":{"aquifer":"Carrizo-Wilcox","aquifer_type":"Confined","county":"Bexar","entity":"U.S. Geological Survey","status":"Inactive","well_number":"6853928"},"type":"Feature"},{"geometry":{"coordinates":[-98.414058,29.057131],"type":"Point"},"properties":{"aquifer":"Carrizo-Wilcox","aquifer_type":"Unconfined","county":"Atascosa","entity":"Texas Water Development Board","status":"Active","well_number":"6861302"},"type":"Feature"},{"geometry":{"coordinates":[-98.362778,29.121389],"type":"Point"},"properties":{"aquifer":"Carrizo-Wilcox","aquifer_type":"Confined","county":"Wilson","entity":"Texas Water Development Board","status":"Inactive","well_number":"6862104"},"type":"Feature"},{"geometry":{"coordinates":[-99.573194,29.940861],"type":"Point"},"properties":{"aquifer":"Trinity","aquifer_type":"Confined","county":"Kerr","entity":"Headwaters GCD","status":"Active","well_number":"6904503"},"type":"Feature"},{"geometry":{"coordinates":[-99.212472,29.969611],"type":"Point"},"properties":{"aquifer":"Trinity","aquifer_type":"Confined","county":"Kerr","entity":"Headwaters GCD","status":"Inactive","well_number":"6907107"},"type":"Feature"},{"geometry":{"coordinates":[-99.024306,29.988611],"type":"Point"},"properties":{"aquifer":"Trinity","aquifer_type":"Confined","county":"Kerr","entity":"Headwaters GCD","status":"Inactive","well_number":"6908304"},"type":"Feature"},{"geometry":{"coordinates":[-99.024306,29.988611],"type":"Point"},"properties":{"aquifer":"Trinity","aquifer_type":"Confined","county":"Kerr","entity":"Headwaters GCD","status":"Inactive","well_number":"6908305"},"type":"Feature"},{"geometry":{"coordinates":[-99.045389,29.942083],"type":"Point"},"properties":{"aquifer":"Trinity","aquifer_type":"Confined","county":"Kerr","entity":"Headwaters GCD","status":"Inactive","well_number":"6908513"},"type":"Feature"},{"geometry":{"coordinates":[-99.567164,29.867806],"type":"Point"},"properties":{"aquifer":"Edwards-Trinity Plateau","aquifer_type":"Unconfined","county":"Bandera","entity":"U.S. Geological Survey","status":"Active","well_number":"6912206"},"type":"Feature"},{"geometry":{"coordinates":[-99.454389,29.786972],"type":"Point"},"properties":{"aquifer":"Edwards-Trinity Plateau","aquifer_type":"Unconfined","county":"Bandera","entity":"Texas Water Development Board","status":"Active","well_number":"6913802"},"type":"Feature"},{"geometry":{"coordinates":[-99.715611,29.680361],"type":"Point"},"properties":{"aquifer":"Trinity","aquifer_type":"Confined","county":"Real","entity":"Texas Water Development Board","status":"Active","well_number":"6919401"},"type":"Feature"},{"geometry":{"coordinates":[-99.236653,29.667744],"type":"Point"},"properties":{"aquifer":"Trinity","aquifer_type":"Confined","county":"Bandera","entity":"U.S. Geological Survey","status":"Active","well_number":"6923402"},"type":"Feature"},{"geometry":{"coordinates":[-99.074664,29.734675],"type":"Point"},"properties":{"aquifer":"Trinity","aquifer_type":"Confined","county":"Bandera","entity":"Texas Water Development Board","status":"Active","well_number":"6924225"},"type":"Feature"},{"geometry":{"coordinates":[-99.11,29.534167],"type":"Point"},"properties":{"aquifer":"Edwards (Balcones Fault Zone)","aquifer_type":"Unconfined","county":"Medina","entity":"U.S. Geological Survey","status":"Inactive","well_number":"6932703"},"type":"Feature"},{"geometry":{"coordinates":[-99.665261,29.445878],"type":"Point"},"properties":{"aquifer":"Edwards (Balcones Fault Zone)","aquifer_type":"Unknown","county":"Uvalde","entity":"U.S. Geological Survey","status":"Active","well_number":"6935602"},"type":"Feature"},{"geometry":{"coordinates":[-99.284444,29.439444],"type":"Point"},"properties":{"aquifer":"Edwards (Balcones Fault Zone)","aquifer_type":"Unconfined","county":"Medina","entity":"U.S. Geological Survey","status":"Active","well_number":"6938601"},"type":"Feature"},{"geometry":{"coordinates":[-99.784361,29.20875],"type":"Point"},"properties":{"aquifer":"Edwards (Balcones Fault Zone)","aquifer_type":"Confined","county":"Uvalde","entity":"Edwards Aquifer Authority","status":"Active","well_number":"6950302"},"type":"Feature"},{"geometry":{"coordinates":[-99.236386,29.6679],"type":"Point"},"properties":{"aquifer":"Trinity","aquifer_type":"Confined","county":"Bandera","entity":"U.S. Geological Survey","status":"Active","well_number":"6953404"},"type":"Feature"},{"geometry":{"coordinates":[-100.963833,29.937944],"type":"Point"},"properties":{"aquifer":"Edwards-Trinity Plateau","aquifer_type":"Unconfined","county":"Val Verde","entity":"Texas Water Development Board","status":"Inactive","well_number":"7001402"},"type":"Feature"},{"geometry":{"coordinates":[-100.964444,29.958333],"type":"Point"},"properties":{"aquifer":"Edwards-Trinity Plateau","aquifer_type":"Unconfined","county":"Val Verde","entity":"Texas Water Development Board","status":"Active","well_number":"7001405"},"type":"Feature"},{"geometry":{"coordinates":[-100.988889,29.883889],"type":"Point"},"properties":{"aquifer":"Edwards-Trinity Plateau","aquifer_type":"Unconfined","county":"Val Verde","entity":"Texas Water Development Board","status":"Inactive","well_number":"7001707"},"type":"Feature"},{"geometry":{"coordinates":[-100.948681,29.914331],"type":"Point"},"properties":{"aquifer":"Edwards-Trinity Plateau","aquifer_type":"Unconfined","county":"Val Verde","entity":"Texas Water Development Board","status":"Active","well_number":"7001804"},"type":"Feature"},{"geometry":{"coordinates":[-100.397039,29.756778],"type":"Point"},"properties":{"aquifer":"Edwards-Trinity Plateau","aquifer_type":"Unconfined","county":"Edwards","entity":"Texas Water Development Board","status":"Active","well_number":"7013906"},"type":"Feature"},{"geometry":{"coordinates":[-100.261231,29.413606],"type":"Point"},"properties":{"aquifer":"Edwards (Balcones Fault Zone)","aquifer_type":"Unconfined","county":"Kinney","entity":"Texas Water Development Board","status":"Active","well_number":"7038902"},"type":"Feature"},{"geometry":{"coordinates":[-100.124444,29.251389],"type":"Point"},"properties":{"aquifer":"Edwards (Balcones Fault Zone)","aquifer_type":"Unconfined","county":"Kinney","entity":"Texas Water Development Board","status":"Active","well_number":"7048703"},"type":"Feature"},{"geometry":{"coordinates":[-103.946833,29.433272],"type":"Point"},"properties":{"aquifer":"Igneous","aquifer_type":"Unconfined","county":"Presidio","entity":"Presidio County GCD","status":"Active","well_number":"7333501"},"type":"Feature"},{"geometry":{"coordinates":[-103.953425,29.405097],"type":"Point"},"properties":{"aquifer":"Igneous","aquifer_type":"Unconfined","county":"Presidio","entity":"Presidio County GCD","status":"Active","well_number":"7333801"},"type":"Feature"},{"geometry":{"coordinates":[-103.333333,29.282389],"type":"Point"},"properties":{"aquifer":"Igneous","aquifer_type":"Unconfined","county":"Brewster","entity":"Texas Water Development Board","status":"Active","well_number":"7346703"},"type":"Feature"},{"geometry":{"coordinates":[-103.212208,29.319786],"type":"Point"},"properties":{"aquifer":"Other","aquifer_type":"Unconfined","county":"Brewster","entity":"Texas Water Development Board","status":"Active","well_number":"7347404"},"type":"Feature"},{"geometry":{"coordinates":[-104.551599,29.880928],"type":"Point"},"properties":{"aquifer":"West Texas Bolson","aquifer_type":"Unconfined","county":"Presidio","entity":"Presidio County GCD","status":"Active","well_number":"7404801"},"type":"Feature"},{"geometry":{"coordinates":[-104.497778,29.859167],"type":"Point"},"properties":{"aquifer":"West Texas Bolson","aquifer_type":"Unconfined","county":"Presidio","entity":"Presidio County GCD","status":"Active","well_number":"7413101"},"type":"Feature"},{"geometry":{"coordinates":[-104.465833,29.823056],"type":"Point"},"properties":{"aquifer":"West Texas Bolson","aquifer_type":"Unconfined","county":"Presidio","entity":"Presidio County GCD","status":"Active","well_number":"7413402"},"type":"Feature"},{"geometry":{"coordinates":[-104.438889,29.814444],"type":"Point"},"properties":{"aquifer":"West Texas Bolson","aquifer_type":"Unconfined","county":"Presidio","entity":"Presidio County GCD","status":"Active","well_number":"7413502"},"type":"Feature"},{"geometry":{"coordinates":[-104.31,29.540278],"type":"Point"},"properties":{"aquifer":"West Texas Bolson","aquifer_type":"Unconfined","county":"Presidio","entity":"Sul Ross State University","status":"Inactive","well_number":"7430813"},"type":"Feature"},{"geometry":{"coordinates":[-104.136306,29.552222],"type":"Point"},"properties":{"aquifer":"West Texas Bolson","aquifer_type":"Unconfined","county":"Presidio","entity":"Texas Water Development Board","status":"Active","well_number":"7431602"},"type":"Feature"},{"geometry":{"coordinates":[-104.102778,29.371944],"type":"Point"},"properties":{"aquifer":"Igneous","aquifer_type":"Unconfined","county":"Presidio","entity":"Presidio County GCD","status":"Active","well_number":"7448101"},"type":"Feature"},{"geometry":{"coordinates":[-99.826092,28.924469],"type":"Point"},"properties":{"aquifer":"Carrizo-Wilcox","aquifer_type":"Confined","county":"Zavala","entity":"Texas Water Development Board","status":"Inactive","well_number":"7702509"},"type":"Feature"},{"geometry":{"coordinates":[-99.073333,28.925556],"type":"Point"},"properties":{"aquifer":"Carrizo-Wilcox","aquifer_type":"Confined","county":"Frio","entity":"Texas Water Development Board","status":"Inactive","well_number":"7708511"},"type":"Feature"},{"geometry":{"coordinates":[-99.765,28.8475],"type":"Point"},"properties":{"aquifer":"Carrizo-Wilcox","aquifer_type":"Confined","county":"Zavala","entity":"Texas Water Development Board","status":"Active","well_number":"7710301"},"type":"Feature"},{"geometry":{"coordinates":[-99.777258,28.846522],"type":"Point"},"properties":{"aquifer":"Other","aquifer_type":"Unconfined","county":"Zavala","entity":"Texas Water Development Board","status":"Inactive","well_number":"7710304"},"type":"Feature"},{"geometry":{"coordinates":[-99.3575,28.476944],"type":"Point"},"properties":{"aquifer":"Carrizo-Wilcox","aquifer_type":"Confined","county":"La Salle","entity":"Texas Water Development Board","status":"Active","well_number":"7738103"},"type":"Feature"},{"geometry":{"coordinates":[-98.549167,28.93],"type":"Point"},"properties":{"aquifer":"Carrizo-Wilcox","aquifer_type":"Confined","county":"Atascosa","entity":"Texas Water Development Board","status":"Active","well_number":"7804508"},"type":"Feature"},{"geometry":{"coordinates":[-97.850092,28.812217],"type":"Point"},"properties":{"aquifer":"Gulf Coast","aquifer_type":"Unconfined","county":"Karnes","entity":"Texas Water Development Board","status":"Active","well_number":"7910406"},"type":"Feature"},{"geometry":{"coordinates":[-97.418333,28.795833],"type":"Point"},"properties":{"aquifer":"Gulf Coast","aquifer_type":"Unconfined","county":"Goliad","entity":"Texas Water Development Board","status":"Active","well_number":"7913510"},"type":"Feature"},{"geometry":{"coordinates":[-97.849125,28.436347],"type":"Point"},"properties":{"aquifer":"Gulf Coast","aquifer_type":"Unconfined","county":"Bee","entity":"Bee GCD","status":"Active","well_number":"7934409"},"type":"Feature"},{"geometry":{"coordinates":[-97.265519,28.495081],"type":"Point"},"properties":{"aquifer":"Gulf Coast","aquifer_type":"Unconfined","county":"Goliad","entity":"Texas Water Development Board","status":"Active","well_number":"7938303"},"type":"Feature"},{"geometry":{"coordinates":[-97.838689,28.217269],"type":"Point"},"properties":{"aquifer":"Gulf Coast","aquifer_type":"Unconfined","county":"Live Oak","entity":"Texas Water Development Board","status":"Active","well_number":"7950106"},"type":"Feature"},{"geometry":{"coordinates":[-97.588472,28.113056],"type":"Point"},"properties":{"aquifer":"Gulf Coast","aquifer_type":"Unconfined","county":"San Patricio","entity":"Texas Water Development Board","status":"Active","well_number":"7960104"},"type":"Feature"},{"geometry":{"coordinates":[-96.169444,28.995],"type":"Point"},"properties":{"aquifer":"Gulf Coast","aquifer_type":"Unconfined","county":"Matagorda","entity":"Texas Water Development Board","status":"Active","well_number":"8007203"},"type":"Feature"},{"geometry":{"coordinates":[-96.948936,28.684231],"type":"Point"},"properties":{"aquifer":"Gulf Coast","aquifer_type":"Unconfined","county":"Victoria","entity":"Texas Water Development Board","status":"Active","well_number":"8017502"},"type":"Feature"},{"geometry":{"coordinates":[-97.846944,27.538889],"type":"Point"},"properties":{"aquifer":"Gulf Coast","aquifer_type":"Unconfined","county":"Kleberg","entity":"Texas Water Development Board","status":"Active","well_number":"8326701"},"type":"Feature"},{"geometry":{"coordinates":[-98.241389,27.758333],"type":"Point"},"properties":{"aquifer":"Gulf Coast","aquifer_type":"Unconfined","county":"Duval","entity":"Texas Water Development Board","status":"Active","well_number":"8415702"},"type":"Feature"},{"geometry":{"coordinates":[-98.266944,27.387222],"type":"Point"},"properties":{"aquifer":"Gulf Coast","aquifer_type":"Unconfined","county":"Duval","entity":"U.S. Geological Survey","status":"Active","well_number":"8438902"},"type":"Feature"},{"geometry":{"coordinates":[-98.169444,27.216667],"type":"Point"},"properties":{"aquifer":"Gulf Coast","aquifer_type":"Unconfined","county":"Brooks","entity":"Texas Water Development Board","status":"Active","well_number":"8455216"},"type":"Feature"},{"geometry":{"coordinates":[-98.6545,26.886278],"type":"Point"},"properties":{"aquifer":"Gulf Coast","aquifer_type":"Unconfined","county":"Jim Hogg","entity":"Brush Country GCD","status":"Active","well_number":"8703901"},"type":"Feature"},{"geometry":{"coordinates":[-98.148056,26.49],"type":"Point"},"properties":{"aquifer":"Gulf Coast","aquifer_type":"Unconfined","county":"Hidalgo","entity":"Texas Water Development Board","status":"Active","well_number":"8739308"},"type":"Feature"},{"geometry":{"coordinates":[-97.587778,26.044722],"type":"Point"},"properties":{"aquifer":"Gulf Coast","aquifer_type":"Unconfined","county":"Cameron","entity":"Texas Water Development Board","status":"Active","well_number":"8860415"},"type":"Feature"}],"type":"FeatureCollection"}
